# Logfile created on 2026-08-14 15:03:52 +0200 by logger.rb/v1.5.3
2026-08-14 15:03:52 +0200: Memory Usage (457632K) : Starting running SG13CMOS5L Klayout LVS runset on /foss/designs/CHIP-PLL/layout/CP/charge_pump/charge_pump_cell_next.gds
2026-08-14 15:03:52 +0200: Memory Usage (457632K) : Ruby Version for klayout: 3.2.3
2026-08-14 15:03:52 +0200: Memory Usage (459124K) : Loading database to memory is complete.
2026-08-14 15:03:52 +0200: Memory Usage (459124K) : SG13CMOS5L Klayout LVS runset output at: /foss/designs/CHIP-PLL/layout/CP/lvs/charge_pump_cell_next.lvsdb
2026-08-14 15:03:52 +0200: Memory Usage (459124K) : Evaluate switches.
2026-08-14 15:03:52 +0200: Memory Usage (459124K) : Extracted netlist with net names: true
2026-08-14 15:03:52 +0200: Memory Usage (459124K) : Extracted netlist with comments in details: false
2026-08-14 15:03:52 +0200: Memory Usage (459124K) : Selected NET_ONLY option: false
2026-08-14 15:03:52 +0200: Memory Usage (459124K) : Selected LAYOUT_NETLIST option: (none)
2026-08-14 15:03:52 +0200: Memory Usage (459124K) : Selected IGNORE_TOP_PORTS_MISMATCH option: 
2026-08-14 15:03:52 +0200: Memory Usage (459124K) : Selected IMPLICIT_NETS option: (none)
2026-08-14 15:03:52 +0200: Memory Usage (459124K) : Selected TOP_LVL_PINS option: false
2026-08-14 15:03:52 +0200: Memory Usage (459124K) : Selected COMBINE DEVICES option: false
2026-08-14 15:03:52 +0200: Memory Usage (459124K) : Selected PURGE option: false
2026-08-14 15:03:52 +0200: Memory Usage (459124K) : Selected PURGE_NETS option: false
2026-08-14 15:03:52 +0200: Memory Usage (459124K) : Selected SIMPLIFY option: true
2026-08-14 15:03:52 +0200: Memory Usage (459124K) : Selected SERIES_RES option: true
2026-08-14 15:03:52 +0200: Memory Usage (459124K) : Selected PARALLEL_RES option: true
2026-08-14 15:03:52 +0200: Memory Usage (459124K) : Selected DISABLE_TAP_EXTRACTION option: true
2026-08-14 15:03:52 +0200: Memory Usage (459124K) : deep  mode is enabled.
2026-08-14 15:03:52 +0200: Memory Usage (459380K) : Netlist file: /foss/designs/CHIP-PLL/layout/CP/netlists/charge_pump_cell.spice
2026-08-14 15:03:52 +0200: Memory Usage (459380K) : LVS extracted netlist at: /foss/designs/CHIP-PLL/layout/CP/lvs/charge_pump_cell_next_extracted.cir
2026-08-14 15:03:52 +0200: Memory Usage (459380K) : Applying SRAM integration support.
2026-08-14 15:03:52 +0200: Memory Usage (459380K) : Starting SG13CMOS5L LVS runset
2026-08-14 15:03:52 +0200: Memory Usage (459380K) : Read in polygons from layers.
2026-08-14 15:03:52 +0200: Memory Usage (460264K) : activ_drw has 123 polygons
2026-08-14 15:03:52 +0200: Memory Usage (460264K) : activ_filler has 0 polygons
2026-08-14 15:03:52 +0200: Memory Usage (460440K) : activ has 123 polygons
2026-08-14 15:03:52 +0200: Memory Usage (460440K) : activ_pin has 0 polygons
2026-08-14 15:03:52 +0200: Memory Usage (460440K) : activ_mask has 0 polygons
2026-08-14 15:03:52 +0200: Memory Usage (460440K) : activ_nofill has 0 polygons
2026-08-14 15:03:52 +0200: Memory Usage (460440K) : activ_OPC has 0 polygons
2026-08-14 15:03:52 +0200: Memory Usage (460568K) : activ_iOPC has 0 polygons
2026-08-14 15:03:52 +0200: Memory Usage (460568K) : activ_noqrc has 0 polygons
2026-08-14 15:03:52 +0200: Memory Usage (460568K) : biwind_drw has 0 polygons
2026-08-14 15:03:52 +0200: Memory Usage (460568K) : biwind_OPC has 0 polygons
2026-08-14 15:03:52 +0200: Memory Usage (460712K) : gatpoly_drw has 129 polygons
2026-08-14 15:03:52 +0200: Memory Usage (460712K) : gatpoly_filler has 0 polygons
2026-08-14 15:03:52 +0200: Memory Usage (460712K) : gatpoly has 129 polygons
2026-08-14 15:03:52 +0200: Memory Usage (460712K) : gatpoly_pin has 29 polygons
2026-08-14 15:03:52 +0200: Memory Usage (460712K) : gatpoly_nofill has 0 polygons
2026-08-14 15:03:52 +0200: Memory Usage (460712K) : gatpoly_OPC has 0 polygons
2026-08-14 15:03:52 +0200: Memory Usage (460840K) : gatpoly_iOPC has 0 polygons
2026-08-14 15:03:52 +0200: Memory Usage (460840K) : gatpoly_noqrc has 0 polygons
2026-08-14 15:03:52 +0200: Memory Usage (460968K) : cont_drw has 577 polygons
2026-08-14 15:03:52 +0200: Memory Usage (460968K) : cont_OPC has 0 polygons
2026-08-14 15:03:52 +0200: Memory Usage (461096K) : nsd_drw has 0 polygons
2026-08-14 15:03:52 +0200: Memory Usage (461096K) : nsd_block has 0 polygons
2026-08-14 15:03:52 +0200: Memory Usage (461400K) : metal1_drw has 381 polygons
2026-08-14 15:03:52 +0200: Memory Usage (461784K) : metal1_filler has 0 polygons
2026-08-14 15:03:52 +0200: Memory Usage (461784K) : metal1_slit has 0 polygons
2026-08-14 15:03:52 +0200: Memory Usage (462040K) : metal1 has 381 polygons
2026-08-14 15:03:52 +0200: Memory Usage (462040K) : metal1_pin has 74 polygons
2026-08-14 15:03:52 +0200: Memory Usage (462040K) : metal1_mask has 0 polygons
2026-08-14 15:03:52 +0200: Memory Usage (462040K) : metal1_nofill has 0 polygons
2026-08-14 15:03:52 +0200: Memory Usage (462296K) : metal1_text has 8 polygons
2026-08-14 15:03:52 +0200: Memory Usage (462296K) : metal1_OPC has 0 polygons
2026-08-14 15:03:52 +0200: Memory Usage (462424K) : metal1_noqrc has 0 polygons
2026-08-14 15:03:52 +0200: Memory Usage (462424K) : metal1_res has 0 polygons
2026-08-14 15:03:52 +0200: Memory Usage (462552K) : metal1_iprobe has 0 polygons
2026-08-14 15:03:52 +0200: Memory Usage (462552K) : metal1_diffprb has 0 polygons
2026-08-14 15:03:52 +0200: Memory Usage (462680K) : passiv_drw has 0 polygons
2026-08-14 15:03:52 +0200: Memory Usage (462680K) : passiv_pin has 0 polygons
2026-08-14 15:03:52 +0200: Memory Usage (462808K) : passiv_sbump has 0 polygons
2026-08-14 15:03:52 +0200: Memory Usage (462808K) : passiv_pillar has 0 polygons
2026-08-14 15:03:52 +0200: Memory Usage (462936K) : passiv_pdl has 0 polygons
2026-08-14 15:03:52 +0200: Memory Usage (463064K) : metal2_drw has 146 polygons
2026-08-14 15:03:52 +0200: Memory Usage (463192K) : metal2_filler has 0 polygons
2026-08-14 15:03:52 +0200: Memory Usage (463192K) : metal2_slit has 0 polygons
2026-08-14 15:03:52 +0200: Memory Usage (463320K) : metal2 has 146 polygons
2026-08-14 15:03:52 +0200: Memory Usage (463448K) : metal2_pin has 6 polygons
2026-08-14 15:03:52 +0200: Memory Usage (463448K) : metal2_mask has 0 polygons
2026-08-14 15:03:52 +0200: Memory Usage (463576K) : metal2_nofill has 0 polygons
2026-08-14 15:03:52 +0200: Memory Usage (463576K) : metal2_text has 6 polygons
2026-08-14 15:03:52 +0200: Memory Usage (463704K) : metal2_OPC has 0 polygons
2026-08-14 15:03:52 +0200: Memory Usage (463704K) : metal2_noqrc has 0 polygons
2026-08-14 15:03:52 +0200: Memory Usage (463832K) : metal2_res has 0 polygons
2026-08-14 15:03:52 +0200: Memory Usage (463960K) : metal2_iprobe has 0 polygons
2026-08-14 15:03:52 +0200: Memory Usage (463960K) : metal2_diffprb has 0 polygons
2026-08-14 15:03:52 +0200: Memory Usage (464088K) : baspoly_drw has 0 polygons
2026-08-14 15:03:52 +0200: Memory Usage (464088K) : baspoly_pin has 0 polygons
2026-08-14 15:03:52 +0200: Memory Usage (464216K) : psd_drw has 26 polygons
2026-08-14 15:03:52 +0200: Memory Usage (464216K) : nldb_drw has 0 polygons
2026-08-14 15:03:52 +0200: Memory Usage (464344K) : digibnd_drw has 0 polygons
2026-08-14 15:03:52 +0200: Memory Usage (464344K) : via1_drw has 66 polygons
2026-08-14 15:03:52 +0200: Memory Usage (464472K) : backmetal1_drw has 0 polygons
2026-08-14 15:03:52 +0200: Memory Usage (464472K) : backmetal1_pin has 0 polygons
2026-08-14 15:03:52 +0200: Memory Usage (464728K) : backmetal1_mask has 0 polygons
2026-08-14 15:03:52 +0200: Memory Usage (464728K) : backmetal1_filler has 0 polygons
2026-08-14 15:03:52 +0200: Memory Usage (464856K) : backmetal1_nofill has 0 polygons
2026-08-14 15:03:52 +0200: Memory Usage (464984K) : backmetal1_slit has 0 polygons
2026-08-14 15:03:52 +0200: Memory Usage (464984K) : backmetal1_text has 0 polygons
2026-08-14 15:03:52 +0200: Memory Usage (465112K) : backmetal1_OPC has 0 polygons
2026-08-14 15:03:52 +0200: Memory Usage (465112K) : backmetal1_noqrc has 0 polygons
2026-08-14 15:03:52 +0200: Memory Usage (465240K) : backmetal1_res has 0 polygons
2026-08-14 15:03:52 +0200: Memory Usage (465240K) : backmetal1_iprobe has 0 polygons
2026-08-14 15:03:52 +0200: Memory Usage (465368K) : backmetal1_diffprb has 0 polygons
2026-08-14 15:03:52 +0200: Memory Usage (465368K) : backpassiv_drw has 0 polygons
2026-08-14 15:03:52 +0200: Memory Usage (465496K) : res_drw has 0 polygons
2026-08-14 15:03:52 +0200: Memory Usage (465624K) : sram_drw has 0 polygons
2026-08-14 15:03:52 +0200: Memory Usage (465624K) : trans_drw has 0 polygons
2026-08-14 15:03:52 +0200: Memory Usage (465752K) : ind_drw has 0 polygons
2026-08-14 15:03:52 +0200: Memory Usage (465752K) : ind_pin has 0 polygons
2026-08-14 15:03:52 +0200: Memory Usage (465880K) : ind_text has 0 polygons
2026-08-14 15:03:52 +0200: Memory Usage (465880K) : salblock_drw has 3 polygons
2026-08-14 15:03:52 +0200: Memory Usage (466008K) : via2_drw has 24 polygons
2026-08-14 15:03:52 +0200: Memory Usage (466136K) : metal3_drw has 48 polygons
2026-08-14 15:03:52 +0200: Memory Usage (466136K) : metal3_filler has 0 polygons
2026-08-14 15:03:52 +0200: Memory Usage (466264K) : metal3_slit has 0 polygons
2026-08-14 15:03:52 +0200: Memory Usage (466392K) : metal3 has 48 polygons
2026-08-14 15:03:52 +0200: Memory Usage (466392K) : metal3_pin has 0 polygons
2026-08-14 15:03:52 +0200: Memory Usage (466392K) : metal3_mask has 0 polygons
2026-08-14 15:03:52 +0200: Memory Usage (466392K) : metal3_nofill has 0 polygons
2026-08-14 15:03:52 +0200: Memory Usage (466520K) : metal3_text has 0 polygons
2026-08-14 15:03:52 +0200: Memory Usage (466520K) : metal3_OPC has 0 polygons
2026-08-14 15:03:52 +0200: Memory Usage (466520K) : metal3_noqrc has 0 polygons
2026-08-14 15:03:52 +0200: Memory Usage (466648K) : metal3_res has 0 polygons
2026-08-14 15:03:52 +0200: Memory Usage (466648K) : metal3_iprobe has 0 polygons
2026-08-14 15:03:52 +0200: Memory Usage (466648K) : metal3_diffprb has 0 polygons
2026-08-14 15:03:52 +0200: Memory Usage (466648K) : nwell_drw has 27 polygons
2026-08-14 15:03:52 +0200: Memory Usage (466776K) : nwell_pin has 4 polygons
2026-08-14 15:03:52 +0200: Memory Usage (466776K) : nwell_text has 0 polygons
2026-08-14 15:03:52 +0200: Memory Usage (466776K) : nbulay_drw has 0 polygons
2026-08-14 15:03:52 +0200: Memory Usage (466904K) : nbulay_pin has 0 polygons
2026-08-14 15:03:52 +0200: Memory Usage (466904K) : nbulay_block has 0 polygons
2026-08-14 15:03:52 +0200: Memory Usage (467032K) : emwind_drw has 0 polygons
2026-08-14 15:03:52 +0200: Memory Usage (467032K) : emwind_OPC has 0 polygons
2026-08-14 15:03:52 +0200: Memory Usage (467160K) : deepco_drw has 0 polygons
2026-08-14 15:03:52 +0200: Memory Usage (467160K) : mim_drw has 0 polygons
2026-08-14 15:03:52 +0200: Memory Usage (467288K) : edgeseal_drw has 0 polygons
2026-08-14 15:03:52 +0200: Memory Usage (467288K) : substrate_drw has 17 polygons
2026-08-14 15:03:52 +0200: Memory Usage (467416K) : substrate_text has 0 polygons
2026-08-14 15:03:52 +0200: Memory Usage (467544K) : dfpad_drw has 0 polygons
2026-08-14 15:03:52 +0200: Memory Usage (467544K) : dfpad_pillar has 0 polygons
2026-08-14 15:03:52 +0200: Memory Usage (467672K) : dfpad_sbump has 0 polygons
2026-08-14 15:03:52 +0200: Memory Usage (467672K) : thickgateox_drw has 0 polygons
2026-08-14 15:03:52 +0200: Memory Usage (467800K) : pldb_drw has 0 polygons
2026-08-14 15:03:52 +0200: Memory Usage (467800K) : pwell_drw has 0 polygons
2026-08-14 15:03:52 +0200: Memory Usage (467928K) : pwell_pin has 0 polygons
2026-08-14 15:03:52 +0200: Memory Usage (467928K) : pwell_block has 0 polygons
2026-08-14 15:03:52 +0200: Memory Usage (468056K) : ic_drw has 0 polygons
2026-08-14 15:03:52 +0200: Memory Usage (468056K) : via3_drw has 0 polygons
2026-08-14 15:03:52 +0200: Memory Usage (468184K) : metal4_drw has 0 polygons
2026-08-14 15:03:52 +0200: Memory Usage (468312K) : metal4_filler has 0 polygons
2026-08-14 15:03:52 +0200: Memory Usage (468312K) : metal4_slit has 0 polygons
2026-08-14 15:03:52 +0200: Memory Usage (468440K) : metal4 has 0 polygons
2026-08-14 15:03:52 +0200: Memory Usage (468568K) : metal4_pin has 0 polygons
2026-08-14 15:03:52 +0200: Memory Usage (468568K) : metal4_mask has 0 polygons
2026-08-14 15:03:52 +0200: Memory Usage (468696K) : metal4_nofill has 0 polygons
2026-08-14 15:03:52 +0200: Memory Usage (468696K) : metal4_text has 0 polygons
2026-08-14 15:03:52 +0200: Memory Usage (468824K) : metal4_OPC has 0 polygons
2026-08-14 15:03:52 +0200: Memory Usage (468824K) : metal4_noqrc has 0 polygons
2026-08-14 15:03:52 +0200: Memory Usage (468824K) : metal4_res has 0 polygons
2026-08-14 15:03:52 +0200: Memory Usage (468952K) : metal4_iprobe has 0 polygons
2026-08-14 15:03:52 +0200: Memory Usage (468952K) : metal4_diffprb has 0 polygons
2026-08-14 15:03:52 +0200: Memory Usage (468952K) : heattrans_drw has 41 polygons
2026-08-14 15:03:52 +0200: Memory Usage (469080K) : heatres_drw has 3 polygons
2026-08-14 15:03:52 +0200: Memory Usage (469080K) : fbe_drw has 0 polygons
2026-08-14 15:03:52 +0200: Memory Usage (469208K) : empoly_drw has 0 polygons
2026-08-14 15:03:52 +0200: Memory Usage (469208K) : digisub_drw has 0 polygons
2026-08-14 15:03:52 +0200: Memory Usage (469336K) : text_drw has 48 polygons
2026-08-14 15:03:52 +0200: Memory Usage (469336K) : via4_drw has 0 polygons
2026-08-14 15:03:52 +0200: Memory Usage (469464K) : metal5_drw has 0 polygons
2026-08-14 15:03:52 +0200: Memory Usage (469464K) : metal5_filler has 0 polygons
2026-08-14 15:03:52 +0200: Memory Usage (469592K) : metal5_slit has 0 polygons
2026-08-14 15:03:52 +0200: Memory Usage (469720K) : metal5 has 0 polygons
2026-08-14 15:03:52 +0200: Memory Usage (469848K) : metal5_pin has 0 polygons
2026-08-14 15:03:52 +0200: Memory Usage (469848K) : metal5_mask has 0 polygons
2026-08-14 15:03:52 +0200: Memory Usage (469976K) : metal5_nofill has 0 polygons
2026-08-14 15:03:52 +0200: Memory Usage (469976K) : metal5_text has 0 polygons
2026-08-14 15:03:52 +0200: Memory Usage (470104K) : metal5_OPC has 0 polygons
2026-08-14 15:03:52 +0200: Memory Usage (470104K) : metal5_noqrc has 0 polygons
2026-08-14 15:03:52 +0200: Memory Usage (470232K) : metal5_res has 0 polygons
2026-08-14 15:03:52 +0200: Memory Usage (470232K) : metal5_iprobe has 0 polygons
2026-08-14 15:03:52 +0200: Memory Usage (470360K) : metal5_diffprb has 0 polygons
2026-08-14 15:03:52 +0200: Memory Usage (470360K) : radhard_drw has 0 polygons
2026-08-14 15:03:52 +0200: Memory Usage (470488K) : memcap_drw has 0 polygons
2026-08-14 15:03:52 +0200: Memory Usage (470616K) : varicap_drw has 0 polygons
2026-08-14 15:03:52 +0200: Memory Usage (470616K) : intbondvia_drw has 0 polygons
2026-08-14 15:03:52 +0200: Memory Usage (470744K) : intbondmet_drw has 0 polygons
2026-08-14 15:03:52 +0200: Memory Usage (470744K) : devbondvia_drw has 0 polygons
2026-08-14 15:03:52 +0200: Memory Usage (470872K) : devbondmet_drw has 0 polygons
2026-08-14 15:03:52 +0200: Memory Usage (470872K) : devtrench_drw has 0 polygons
2026-08-14 15:03:52 +0200: Memory Usage (471000K) : redist_drw has 0 polygons
2026-08-14 15:03:52 +0200: Memory Usage (471000K) : graphbot_drw has 0 polygons
2026-08-14 15:03:52 +0200: Memory Usage (471000K) : graphtop_drw has 0 polygons
2026-08-14 15:03:52 +0200: Memory Usage (471128K) : antvia1_drw has 0 polygons
2026-08-14 15:03:52 +0200: Memory Usage (471128K) : antmetal2_drw has 0 polygons
2026-08-14 15:03:52 +0200: Memory Usage (471128K) : graphcont_drw has 0 polygons
2026-08-14 15:03:52 +0200: Memory Usage (471256K) : siwg_drw has 0 polygons
2026-08-14 15:03:52 +0200: Memory Usage (471256K) : siwg_filler has 0 polygons
2026-08-14 15:03:52 +0200: Memory Usage (471256K) : siwg_nofill has 0 polygons
2026-08-14 15:03:52 +0200: Memory Usage (471384K) : sigrating_drw has 0 polygons
2026-08-14 15:03:52 +0200: Memory Usage (471384K) : singrating_drw has 0 polygons
2026-08-14 15:03:52 +0200: Memory Usage (471512K) : graphpas_drw has 0 polygons
2026-08-14 15:03:52 +0200: Memory Usage (471512K) : emwind3_drw has 0 polygons
2026-08-14 15:03:52 +0200: Memory Usage (471640K) : emwihv3_drw has 0 polygons
2026-08-14 15:03:52 +0200: Memory Usage (471768K) : redbulay_drw has 0 polygons
2026-08-14 15:03:52 +0200: Memory Usage (471768K) : smos_drw has 0 polygons
2026-08-14 15:03:52 +0200: Memory Usage (471896K) : graphpad_drw has 0 polygons
2026-08-14 15:03:52 +0200: Memory Usage (471896K) : polimide_drw has 0 polygons
2026-08-14 15:03:52 +0200: Memory Usage (472024K) : polimide_pin has 0 polygons
2026-08-14 15:03:52 +0200: Memory Usage (472024K) : recog_drw has 0 polygons
2026-08-14 15:03:52 +0200: Memory Usage (472152K) : recog_pin has 0 polygons
2026-08-14 15:03:52 +0200: Memory Usage (472152K) : recog_esd has 0 polygons
2026-08-14 15:03:52 +0200: Memory Usage (472280K) : recog_diode has 0 polygons
2026-08-14 15:03:52 +0200: Memory Usage (472280K) : recog_tsv has 0 polygons
2026-08-14 15:03:52 +0200: Memory Usage (472408K) : recog_iprobe has 0 polygons
2026-08-14 15:03:52 +0200: Memory Usage (472536K) : recog_diffprb has 0 polygons
2026-08-14 15:03:52 +0200: Memory Usage (472536K) : recog_pillar has 0 polygons
2026-08-14 15:03:52 +0200: Memory Usage (472664K) : recog_sbump has 0 polygons
2026-08-14 15:03:52 +0200: Memory Usage (472664K) : recog_otp has 0 polygons
2026-08-14 15:03:52 +0200: Memory Usage (472792K) : recog_pdiode has 0 polygons
2026-08-14 15:03:52 +0200: Memory Usage (472792K) : recog_mom has 0 polygons
2026-08-14 15:03:52 +0200: Memory Usage (472920K) : recog_pcm has 0 polygons
2026-08-14 15:03:52 +0200: Memory Usage (472920K) : colopen_drw has 0 polygons
2026-08-14 15:03:52 +0200: Memory Usage (473048K) : graphmetal1_drw has 0 polygons
2026-08-14 15:03:52 +0200: Memory Usage (473176K) : graphmetal1_filler has 0 polygons
2026-08-14 15:03:52 +0200: Memory Usage (473176K) : graphmetal1_nofill has 0 polygons
2026-08-14 15:03:52 +0200: Memory Usage (473304K) : graphmetal1_slit has 0 polygons
2026-08-14 15:03:52 +0200: Memory Usage (473304K) : graphmetal1_OPC has 0 polygons
2026-08-14 15:03:52 +0200: Memory Usage (473432K) : graphmet1l_drw has 0 polygons
2026-08-14 15:03:52 +0200: Memory Usage (473432K) : graphmet1l_filler has 0 polygons
2026-08-14 15:03:52 +0200: Memory Usage (473560K) : graphmet1l_nofill has 0 polygons
2026-08-14 15:03:52 +0200: Memory Usage (473560K) : graphmet1l_slit has 0 polygons
2026-08-14 15:03:52 +0200: Memory Usage (473560K) : graphmet1l_OPC has 0 polygons
2026-08-14 15:03:52 +0200: Memory Usage (473560K) : extblock_drw has 9 polygons
2026-08-14 15:03:52 +0200: Memory Usage (473560K) : nldd_drw has 0 polygons
2026-08-14 15:03:52 +0200: Memory Usage (473560K) : pldd_drw has 0 polygons
2026-08-14 15:03:52 +0200: Memory Usage (473560K) : next_drw has 0 polygons
2026-08-14 15:03:52 +0200: Memory Usage (473688K) : pext_drw has 0 polygons
2026-08-14 15:03:52 +0200: Memory Usage (473816K) : nexthv_drw has 0 polygons
2026-08-14 15:03:52 +0200: Memory Usage (473816K) : pexthv_drw has 0 polygons
2026-08-14 15:03:52 +0200: Memory Usage (473944K) : graphgate_drw has 0 polygons
2026-08-14 15:03:52 +0200: Memory Usage (473944K) : sinwg_drw has 0 polygons
2026-08-14 15:03:52 +0200: Memory Usage (474072K) : sinwg_filler has 0 polygons
2026-08-14 15:03:52 +0200: Memory Usage (474072K) : sinwg_nofill has 0 polygons
2026-08-14 15:03:52 +0200: Memory Usage (474200K) : mempad_drw has 0 polygons
2026-08-14 15:03:52 +0200: Memory Usage (474200K) : topvia1_drw has 0 polygons
2026-08-14 15:03:52 +0200: Memory Usage (474328K) : topmetal1_drw has 0 polygons
2026-08-14 15:03:52 +0200: Memory Usage (474328K) : topmetal1_filler has 0 polygons
2026-08-14 15:03:52 +0200: Memory Usage (474456K) : topmetal1_slit has 0 polygons
2026-08-14 15:03:52 +0200: Memory Usage (474584K) : topmetal1 has 0 polygons
2026-08-14 15:03:52 +0200: Memory Usage (474712K) : topmetal1_pin has 0 polygons
2026-08-14 15:03:52 +0200: Memory Usage (474712K) : topmetal1_mask has 0 polygons
2026-08-14 15:03:52 +0200: Memory Usage (474840K) : topmetal1_nofill has 0 polygons
2026-08-14 15:03:52 +0200: Memory Usage (474840K) : topmetal1_text has 0 polygons
2026-08-14 15:03:52 +0200: Memory Usage (474968K) : topmetal1_noqrc has 0 polygons
2026-08-14 15:03:52 +0200: Memory Usage (474968K) : topmetal1_res has 0 polygons
2026-08-14 15:03:52 +0200: Memory Usage (475096K) : topmetal1_iprobe has 0 polygons
2026-08-14 15:03:52 +0200: Memory Usage (475096K) : topmetal1_diffprb has 0 polygons
2026-08-14 15:03:52 +0200: Memory Usage (475224K) : inldpwl_drw has 0 polygons
2026-08-14 15:03:52 +0200: Memory Usage (475224K) : polyres_drw has 3 polygons
2026-08-14 15:03:52 +0200: Memory Usage (475352K) : polyres_pin has 0 polygons
2026-08-14 15:03:52 +0200: Memory Usage (475480K) : vmim_drw has 0 polygons
2026-08-14 15:03:52 +0200: Memory Usage (475480K) : nbulaycut_drw has 0 polygons
2026-08-14 15:03:52 +0200: Memory Usage (475608K) : antmetal1_drw has 0 polygons
2026-08-14 15:03:52 +0200: Memory Usage (475608K) : topvia2_drw has 0 polygons
2026-08-14 15:03:52 +0200: Memory Usage (475736K) : topmetal2_drw has 0 polygons
2026-08-14 15:03:52 +0200: Memory Usage (475736K) : topmetal2_filler has 0 polygons
2026-08-14 15:03:52 +0200: Memory Usage (475864K) : topmetal2_slit has 0 polygons
2026-08-14 15:03:52 +0200: Memory Usage (475992K) : topmetal2 has 0 polygons
2026-08-14 15:03:52 +0200: Memory Usage (475992K) : topmetal2_pin has 0 polygons
2026-08-14 15:03:52 +0200: Memory Usage (476120K) : topmetal2_mask has 0 polygons
2026-08-14 15:03:52 +0200: Memory Usage (476120K) : topmetal2_nofill has 0 polygons
2026-08-14 15:03:52 +0200: Memory Usage (476248K) : topmetal2_text has 0 polygons
2026-08-14 15:03:52 +0200: Memory Usage (476248K) : topmetal2_noqrc has 0 polygons
2026-08-14 15:03:52 +0200: Memory Usage (476376K) : topmetal2_res has 0 polygons
2026-08-14 15:03:52 +0200: Memory Usage (476504K) : topmetal2_iprobe has 0 polygons
2026-08-14 15:03:52 +0200: Memory Usage (476504K) : topmetal2_diffprb has 0 polygons
2026-08-14 15:03:52 +0200: Memory Usage (476632K) : snsring_drw has 0 polygons
2026-08-14 15:03:52 +0200: Memory Usage (476632K) : sensor_drw has 0 polygons
2026-08-14 15:03:52 +0200: Memory Usage (476760K) : snsarms_drw has 0 polygons
2026-08-14 15:03:52 +0200: Memory Usage (476760K) : snscmosvia_drw has 0 polygons
2026-08-14 15:03:52 +0200: Memory Usage (476888K) : colwind_drw has 0 polygons
2026-08-14 15:03:52 +0200: Memory Usage (476888K) : flm_drw has 0 polygons
2026-08-14 15:03:52 +0200: Memory Usage (477016K) : hafniumox_drw has 0 polygons
2026-08-14 15:03:52 +0200: Memory Usage (477144K) : memvia_drw has 0 polygons
2026-08-14 15:03:52 +0200: Memory Usage (477144K) : thinfilmres_drw has 0 polygons
2026-08-14 15:03:52 +0200: Memory Usage (477272K) : rfmem_drw has 0 polygons
2026-08-14 15:03:52 +0200: Memory Usage (477272K) : norcx_drw has 0 polygons
2026-08-14 15:03:52 +0200: Memory Usage (477400K) : norcx_m2m3 has 0 polygons
2026-08-14 15:03:52 +0200: Memory Usage (477400K) : norcx_m2m4 has 0 polygons
2026-08-14 15:03:52 +0200: Memory Usage (477528K) : norcx_m2m5 has 0 polygons
2026-08-14 15:03:52 +0200: Memory Usage (477528K) : norcx_m2tm1 has 0 polygons
2026-08-14 15:03:52 +0200: Memory Usage (477656K) : norcx_m2tm2 has 0 polygons
2026-08-14 15:03:52 +0200: Memory Usage (477656K) : norcx_m3m4 has 0 polygons
2026-08-14 15:03:52 +0200: Memory Usage (477784K) : norcx_m3m5 has 0 polygons
2026-08-14 15:03:52 +0200: Memory Usage (477912K) : norcx_m3tm1 has 0 polygons
2026-08-14 15:03:52 +0200: Memory Usage (477912K) : norcx_m3tm2 has 0 polygons
2026-08-14 15:03:52 +0200: Memory Usage (478040K) : norcx_m4m5 has 0 polygons
2026-08-14 15:03:52 +0200: Memory Usage (478040K) : norcx_m4tm1 has 0 polygons
2026-08-14 15:03:52 +0200: Memory Usage (478168K) : norcx_m4tm2 has 0 polygons
2026-08-14 15:03:52 +0200: Memory Usage (478168K) : norcx_m5tm1 has 0 polygons
2026-08-14 15:03:52 +0200: Memory Usage (478296K) : norcx_m5tm2 has 0 polygons
2026-08-14 15:03:52 +0200: Memory Usage (478296K) : norcx_tm1tm2 has 0 polygons
2026-08-14 15:03:52 +0200: Memory Usage (478424K) : norcx_m1sub has 0 polygons
2026-08-14 15:03:52 +0200: Memory Usage (478424K) : norcx_m2sub has 0 polygons
2026-08-14 15:03:52 +0200: Memory Usage (478552K) : norcx_m3sub has 0 polygons
2026-08-14 15:03:52 +0200: Memory Usage (478680K) : norcx_m4sub has 0 polygons
2026-08-14 15:03:52 +0200: Memory Usage (478680K) : norcx_m5sub has 0 polygons
2026-08-14 15:03:52 +0200: Memory Usage (478808K) : norcx_tm1sub has 0 polygons
2026-08-14 15:03:52 +0200: Memory Usage (478808K) : norcx_tm2sub has 0 polygons
2026-08-14 15:03:52 +0200: Memory Usage (478936K) : snsbotvia_drw has 0 polygons
2026-08-14 15:03:52 +0200: Memory Usage (478936K) : snstopvia_drw has 0 polygons
2026-08-14 15:03:52 +0200: Memory Usage (479064K) : deepvia_drw has 0 polygons
2026-08-14 15:03:52 +0200: Memory Usage (479064K) : fgetch_drw has 0 polygons
2026-08-14 15:03:52 +0200: Memory Usage (479192K) : ctrgat_drw has 0 polygons
2026-08-14 15:03:52 +0200: Memory Usage (479320K) : fgimp_drw has 0 polygons
2026-08-14 15:03:52 +0200: Memory Usage (479320K) : emwihv_drw has 0 polygons
2026-08-14 15:03:52 +0200: Memory Usage (479448K) : lbe_drw has 0 polygons
2026-08-14 15:03:52 +0200: Memory Usage (479448K) : alcustop_drw has 0 polygons
2026-08-14 15:03:52 +0200: Memory Usage (479576K) : nometfiller_drw has 0 polygons
2026-08-14 15:03:52 +0200: Memory Usage (479576K) : prboundary_drw has 0 polygons
2026-08-14 15:03:52 +0200: Memory Usage (479704K) : exchange0_drw has 0 polygons
2026-08-14 15:03:52 +0200: Memory Usage (479704K) : exchange0_pin has 0 polygons
2026-08-14 15:03:52 +0200: Memory Usage (479832K) : exchange0_text has 0 polygons
2026-08-14 15:03:52 +0200: Memory Usage (479832K) : exchange1_drw has 0 polygons
2026-08-14 15:03:52 +0200: Memory Usage (479960K) : exchange1_pin has 0 polygons
2026-08-14 15:03:52 +0200: Memory Usage (479960K) : exchange1_text has 0 polygons
2026-08-14 15:03:52 +0200: Memory Usage (480088K) : exchange2_drw has 0 polygons
2026-08-14 15:03:52 +0200: Memory Usage (480088K) : exchange2_pin has 0 polygons
2026-08-14 15:03:52 +0200: Memory Usage (480088K) : exchange2_text has 0 polygons
2026-08-14 15:03:52 +0200: Memory Usage (480088K) : exchange3_drw has 0 polygons
2026-08-14 15:03:52 +0200: Memory Usage (480088K) : exchange3_pin has 0 polygons
2026-08-14 15:03:52 +0200: Memory Usage (480088K) : exchange3_text has 0 polygons
2026-08-14 15:03:52 +0200: Memory Usage (480088K) : exchange4_drw has 0 polygons
2026-08-14 15:03:52 +0200: Memory Usage (480088K) : exchange4_pin has 0 polygons
2026-08-14 15:03:52 +0200: Memory Usage (480088K) : exchange4_text has 0 polygons
2026-08-14 15:03:52 +0200: Memory Usage (480088K) : isonwell_drw has 0 polygons
2026-08-14 15:03:52 +0200: Memory Usage (480088K) : Total no. of polygons in the design is 1798
2026-08-14 15:03:52 +0200: Memory Usage (480088K) : Starting CMOS5L Forbidden Layer Check
2026-08-14 15:03:52 +0200: Memory Usage (480216K) : CMOS5L Forbidden Layer Check: PASSED - No forbidden layers found
2026-08-14 15:03:52 +0200: Memory Usage (480216K) : CMOS5L Forbidden Layer Check: PASSED
2026-08-14 15:03:52 +0200: Memory Usage (480216K) : Starting base layers derivations
2026-08-14 15:03:52 +0200: Memory Usage (480216K) : Starting general LVS derivations
2026-08-14 15:03:52 +0200: Memory Usage (485868K) : Starting MOSFET DERIVATIONS
2026-08-14 15:03:52 +0200: Memory Usage (488044K) : Starting NMOS DERIVATIONS
2026-08-14 15:03:52 +0200: Memory Usage (488300K) : Starting PMOS DERIVATIONS
2026-08-14 15:03:52 +0200: Memory Usage (488300K) : Starting RF-MOSFET DERIVATIONS
2026-08-14 15:03:52 +0200: Memory Usage (488300K) : Starting RF-NMOS DERIVATIONS
2026-08-14 15:03:52 +0200: Memory Usage (488300K) : Starting RF-PMOS DERIVATIONS
2026-08-14 15:03:52 +0200: Memory Usage (488300K) : Starting BJT DERIVATIONS
2026-08-14 15:03:52 +0200: Memory Usage (488300K) : Starting NPN-BJT DERIVATIONS
2026-08-14 15:03:52 +0200: Memory Usage (488300K) : Starting PNP-BJT DERIVATIONS
2026-08-14 15:03:52 +0200: Memory Usage (488300K) : Starting DIODE DERIVATIONS
2026-08-14 15:03:52 +0200: Memory Usage (488300K) : Starting RESISTOR DERIVATIONS
2026-08-14 15:03:53 +0200: Memory Usage (488556K) : Starting CAP DERIVATIONS
2026-08-14 15:03:53 +0200: Memory Usage (488556K) : Starting CAP_MFRINGE DERIVATIONS
2026-08-14 15:03:53 +0200: Memory Usage (488556K) : Starting ESD DERIVATIONS
2026-08-14 15:03:53 +0200: Memory Usage (491372K) : Starting Inductor DERIVATIONS
2026-08-14 15:03:53 +0200: Memory Usage (491372K) : Starting Taps DERIVATIONS
2026-08-14 15:03:53 +0200: Memory Usage (491372K) : Starting SG13G2 LVS connectivity setup
2026-08-14 15:03:53 +0200: Memory Usage (491372K) : Starting SG13G2 LVS connectivity setup (Inter-layer)
2026-08-14 15:03:53 +0200: Memory Usage (491500K) : Starting SG13G2 LVS connectivity setup (Global)
2026-08-14 15:03:53 +0200: Memory Usage (491500K) : Starting LVS MOSFET CONNECTIONS
2026-08-14 15:03:53 +0200: Memory Usage (491500K) : Starting LVS RF-MOSFET CONNECTIONS
2026-08-14 15:03:53 +0200: Memory Usage (491500K) : Starting LVS BJT CONNECTIONS
2026-08-14 15:03:53 +0200: Memory Usage (491500K) : Starting LVS DIODE CONNECTIONS
2026-08-14 15:03:53 +0200: Memory Usage (491500K) : Starting RESISTOR CONNECTIONS
2026-08-14 15:03:53 +0200: Memory Usage (491500K) : Starting LVS CAP CONNECTIONS
2026-08-14 15:03:53 +0200: Memory Usage (491500K) : Starting ESD CONNECTIONS
2026-08-14 15:03:53 +0200: Memory Usage (491500K) : Starting Inductor CONNECTIONS
2026-08-14 15:03:53 +0200: Memory Usage (491500K) : Starting LVS Taps CONNECTIONS
2026-08-14 15:03:53 +0200: Memory Usage (491500K) : Starting CAP_MFRINGE CONNECTIONS
2026-08-14 15:03:53 +0200: Memory Usage (491500K) : Starting SG13CMOS5L LVS DEVICES EXTRACTION
2026-08-14 15:03:53 +0200: Memory Usage (491500K) : Starting MOSFET EXTRACTION
2026-08-14 15:03:53 +0200: Memory Usage (491500K) : Starting NMOS EXTRACTION
2026-08-14 15:03:53 +0200: Memory Usage (491500K) : Extraction of NMOS-LV transistor
2026-08-14 15:03:53 +0200: Memory Usage (491628K) : Extraction of NMOS-HV transistor
2026-08-14 15:03:53 +0200: Memory Usage (491628K) : Starting PMOS EXTRACTION
2026-08-14 15:03:53 +0200: Memory Usage (491628K) : Extraction of PMOS-LV transistor
2026-08-14 15:03:53 +0200: Memory Usage (491628K) : Extraction of PMOS-HV transistor
2026-08-14 15:03:53 +0200: Memory Usage (491628K) : Starting RF-MOSFET EXTRACTION
2026-08-14 15:03:53 +0200: Memory Usage (491628K) : Extraction of RF-NMOS-LV transistor
2026-08-14 15:03:53 +0200: Memory Usage (491628K) : Extraction of RF-NMOS-HV transistor
2026-08-14 15:03:53 +0200: Memory Usage (491628K) : Extraction of RF-PMOS-LV transistor
2026-08-14 15:03:53 +0200: Memory Usage (491628K) : Extraction of RF-PMOS-HV transistor
2026-08-14 15:03:53 +0200: Memory Usage (491628K) : Starting BJT EXTRACTION
2026-08-14 15:03:53 +0200: Memory Usage (491628K) : Starting NPN-BJT EXTRACTION
2026-08-14 15:03:53 +0200: Memory Usage (491628K) : Extraction of npn13G2 BJT transistor
2026-08-14 15:03:53 +0200: Memory Usage (491628K) : Extraction of npn13G2L BJT transistor
2026-08-14 15:03:53 +0200: Memory Usage (491628K) : Extraction of npn13G2V BJT transistor
2026-08-14 15:03:53 +0200: Memory Usage (491628K) : Starting PNP-BJT EXTRACTION
2026-08-14 15:03:53 +0200: Memory Usage (491628K) : Extracting pnpMPA BJT
2026-08-14 15:03:53 +0200: Memory Usage (491628K) : Starting DIODE EXTRACTION
2026-08-14 15:03:53 +0200: Memory Usage (491628K) : Extracting dantenna diode
2026-08-14 15:03:53 +0200: Memory Usage (491628K) : Extracting dpantenna diode
2026-08-14 15:03:53 +0200: Memory Usage (491628K) : Extracting schottky_nbl1 diode
2026-08-14 15:03:53 +0200: Memory Usage (491628K) : Extracting isolbox diode
2026-08-14 15:03:53 +0200: Memory Usage (491628K) : Starting RESISTOR EXTRACTION
2026-08-14 15:03:53 +0200: Memory Usage (491628K) : Extracting rsil resistor
2026-08-14 15:03:53 +0200: Memory Usage (491628K) : Extracting rppd resistor
2026-08-14 15:03:53 +0200: Memory Usage (491756K) : Extracting rhigh resistor
2026-08-14 15:03:53 +0200: Memory Usage (491756K) : Extracting res_metal1 resistor
2026-08-14 15:03:53 +0200: Memory Usage (491756K) : Extracting res_metal2 resistor
2026-08-14 15:03:53 +0200: Memory Usage (491756K) : Extracting res_metal3 resistor
2026-08-14 15:03:53 +0200: Memory Usage (491756K) : Extracting res_metal4 resistor
2026-08-14 15:03:53 +0200: Memory Usage (491756K) : Extracting res_metal5 resistor
2026-08-14 15:03:53 +0200: Memory Usage (491756K) : Extracting res_topmetal1 resistor
2026-08-14 15:03:53 +0200: Memory Usage (491756K) : Extracting res_topmetal2 resistor
2026-08-14 15:03:53 +0200: Memory Usage (491756K) : Starting CAP EXTRACTION
2026-08-14 15:03:53 +0200: Memory Usage (491756K) : Extracting cap_cmim device
2026-08-14 15:03:53 +0200: Memory Usage (491756K) : Extracting rfcmim device
2026-08-14 15:03:53 +0200: Memory Usage (491756K) : Extracting sg13_hv_svaricap varactor
2026-08-14 15:03:53 +0200: Memory Usage (491756K) : Extracting cap_mfringe device
2026-08-14 15:03:53 +0200: Memory Usage (491756K) : Starting ESD EXTRACTION
2026-08-14 15:03:53 +0200: Memory Usage (491756K) : Extracting diodevdd_2kv ESD device
2026-08-14 15:03:53 +0200: Memory Usage (491756K) : Extracting diodevdd_4kv ESD device
2026-08-14 15:03:53 +0200: Memory Usage (491756K) : Extracting diodevss_2kv ESD device
2026-08-14 15:03:53 +0200: Memory Usage (491756K) : Extracting diodevss_4kv ESD device
2026-08-14 15:03:53 +0200: Memory Usage (491756K) : Extracting idiodevdd_2kv ESD device
2026-08-14 15:03:53 +0200: Memory Usage (491756K) : Extracting idiodevdd_4kv ESD device
2026-08-14 15:03:53 +0200: Memory Usage (491756K) : Extracting idiodevss_2kv ESD device
2026-08-14 15:03:53 +0200: Memory Usage (491756K) : Extracting idiodevss_4kv ESD device
2026-08-14 15:03:53 +0200: Memory Usage (491756K) : Extracting nmoscl_2 ESD device
2026-08-14 15:03:53 +0200: Memory Usage (491756K) : Extracting nmoscl_4 ESD device
2026-08-14 15:03:53 +0200: Memory Usage (491756K) : Starting Inductor EXTRACTION
2026-08-14 15:03:53 +0200: Memory Usage (491756K) : Extracting Inductor2 device
2026-08-14 15:03:53 +0200: Memory Usage (491756K) : Extracting Inductor3 device
2026-08-14 15:03:53 +0200: Memory Usage (491756K) : Starting Taps EXTRACTION
2026-08-14 15:03:53 +0200: Memory Usage (491756K) : DISABLE_TAP_EXTRACTION is enabled: skipping ntap1/ptap1 device extraction.
2026-08-14 15:03:53 +0200: Memory Usage (491756K) : Starting SG13CMOS5L LVS RF MOS Model Mapping
2026-08-14 15:03:53 +0200: Memory Usage (491756K) : [layout_netlist] Apply RF MOS model mapping and rfmode parameter.
2026-08-14 15:03:53 +0200: Memory Usage (491756K) : Starting SG13CMOS5L LVS Options Preparations
2026-08-14 15:03:53 +0200: Memory Usage (491756K) : SG13CMOS5L LVS flow: extraction -> alignment -> option preparation -> comparison.
2026-08-14 15:03:53 +0200: Memory Usage (491756K) : Starting SG13CMOS5L LVS Alignment
2026-08-14 15:03:53 +0200: Memory Usage (491884K) : Starting SG13CMOS5L LVS Simplification
2026-08-14 15:03:53 +0200: Memory Usage (491884K) : [layout_netlist] simplify: ENABLED
2026-08-14 15:03:53 +0200: Memory Usage (491884K) : [layout_netlist] make_top_level_pins: SKIPPED
2026-08-14 15:03:53 +0200: Memory Usage (491884K) : [layout_netlist] combine_devices: SKIPPED
2026-08-14 15:03:53 +0200: Memory Usage (491884K) : [layout_netlist] purge: SKIPPED
2026-08-14 15:03:53 +0200: Memory Usage (491884K) : [layout_netlist] purge_nets: SKIPPED
2026-08-14 15:03:53 +0200: Memory Usage (491884K) : [schematic_netlist] simplify: ENABLED
2026-08-14 15:03:53 +0200: Memory Usage (491884K) : [schematic_netlist] make_top_level_pins: SKIPPED
2026-08-14 15:03:53 +0200: Memory Usage (491884K) : [schematic_netlist] combine_devices: SKIPPED
2026-08-14 15:03:53 +0200: Memory Usage (491884K) : [schematic_netlist] purge: SKIPPED
2026-08-14 15:03:53 +0200: Memory Usage (491884K) : [schematic_netlist] purge_nets: SKIPPED
2026-08-14 15:03:53 +0200: Memory Usage (491884K) : Starting SG13CMOS5L LVS Comparison in strict port mode.
2026-08-14 15:03:53 +0200: Memory Usage (491884K) : flag_missing_ports enabled: missing/mislabeled top-level ports are treated as errors.
2026-08-14 15:03:53 +0200: Memory Usage (492012K) : ==========================================
2026-08-14 15:03:53 +0200: Memory Usage (492012K) : INFO : Congratulations! Netlists match.
2026-08-14 15:03:53 +0200: Memory Usage (492012K) : ==========================================
2026-08-14 15:03:53 +0200: Memory Usage (492012K) : LVS Total Run time 1.321176 seconds
2026-08-14 15:08:38 +0200: Memory Usage (457136K) : Starting running SG13CMOS5L Klayout LVS runset on /foss/designs/CHIP-PLL/layout/CP/charge_pump/charge_pump_cell_next.gds
2026-08-14 15:08:38 +0200: Memory Usage (457136K) : Ruby Version for klayout: 3.2.3
2026-08-14 15:08:38 +0200: Memory Usage (458748K) : Loading database to memory is complete.
2026-08-14 15:08:38 +0200: Memory Usage (458748K) : SG13CMOS5L Klayout LVS runset output at: /foss/designs/CHIP-PLL/layout/CP/lvs/charge_pump_cell_next.lvsdb
2026-08-14 15:08:38 +0200: Memory Usage (458748K) : Evaluate switches.
2026-08-14 15:08:38 +0200: Memory Usage (458748K) : Extracted netlist with net names: true
2026-08-14 15:08:38 +0200: Memory Usage (458748K) : Extracted netlist with comments in details: false
2026-08-14 15:08:38 +0200: Memory Usage (458748K) : Selected NET_ONLY option: false
2026-08-14 15:08:38 +0200: Memory Usage (458748K) : Selected LAYOUT_NETLIST option: (none)
2026-08-14 15:08:38 +0200: Memory Usage (458748K) : Selected IGNORE_TOP_PORTS_MISMATCH option: 
2026-08-14 15:08:38 +0200: Memory Usage (458748K) : Selected IMPLICIT_NETS option: (none)
2026-08-14 15:08:38 +0200: Memory Usage (458748K) : Selected TOP_LVL_PINS option: false
2026-08-14 15:08:38 +0200: Memory Usage (458748K) : Selected COMBINE DEVICES option: false
2026-08-14 15:08:38 +0200: Memory Usage (458748K) : Selected PURGE option: false
2026-08-14 15:08:38 +0200: Memory Usage (458748K) : Selected PURGE_NETS option: false
2026-08-14 15:08:38 +0200: Memory Usage (458748K) : Selected SIMPLIFY option: true
2026-08-14 15:08:38 +0200: Memory Usage (458748K) : Selected SERIES_RES option: true
2026-08-14 15:08:38 +0200: Memory Usage (458748K) : Selected PARALLEL_RES option: true
2026-08-14 15:08:38 +0200: Memory Usage (458748K) : Selected DISABLE_TAP_EXTRACTION option: true
2026-08-14 15:08:38 +0200: Memory Usage (458748K) : deep  mode is enabled.
2026-08-14 15:08:38 +0200: Memory Usage (459004K) : Netlist file: /foss/designs/CHIP-PLL/layout/CP/netlists/charge_pump_cell.spice
2026-08-14 15:08:38 +0200: Memory Usage (459004K) : LVS extracted netlist at: /foss/designs/CHIP-PLL/layout/CP/lvs/charge_pump_cell_next_extracted.cir
2026-08-14 15:08:38 +0200: Memory Usage (459004K) : Applying SRAM integration support.
2026-08-14 15:08:38 +0200: Memory Usage (459004K) : Starting SG13CMOS5L LVS runset
2026-08-14 15:08:38 +0200: Memory Usage (459004K) : Read in polygons from layers.
2026-08-14 15:08:38 +0200: Memory Usage (459960K) : activ_drw has 123 polygons
2026-08-14 15:08:38 +0200: Memory Usage (459960K) : activ_filler has 0 polygons
2026-08-14 15:08:38 +0200: Memory Usage (460088K) : activ has 123 polygons
2026-08-14 15:08:38 +0200: Memory Usage (460088K) : activ_pin has 0 polygons
2026-08-14 15:08:38 +0200: Memory Usage (460088K) : activ_mask has 0 polygons
2026-08-14 15:08:38 +0200: Memory Usage (460088K) : activ_nofill has 0 polygons
2026-08-14 15:08:38 +0200: Memory Usage (460088K) : activ_OPC has 0 polygons
2026-08-14 15:08:38 +0200: Memory Usage (460088K) : activ_iOPC has 0 polygons
2026-08-14 15:08:38 +0200: Memory Usage (460088K) : activ_noqrc has 0 polygons
2026-08-14 15:08:38 +0200: Memory Usage (460216K) : biwind_drw has 0 polygons
2026-08-14 15:08:38 +0200: Memory Usage (460216K) : biwind_OPC has 0 polygons
2026-08-14 15:08:38 +0200: Memory Usage (460488K) : gatpoly_drw has 128 polygons
2026-08-14 15:08:38 +0200: Memory Usage (460488K) : gatpoly_filler has 0 polygons
2026-08-14 15:08:38 +0200: Memory Usage (460488K) : gatpoly has 128 polygons
2026-08-14 15:08:38 +0200: Memory Usage (460488K) : gatpoly_pin has 29 polygons
2026-08-14 15:08:38 +0200: Memory Usage (460488K) : gatpoly_nofill has 0 polygons
2026-08-14 15:08:38 +0200: Memory Usage (460488K) : gatpoly_OPC has 0 polygons
2026-08-14 15:08:38 +0200: Memory Usage (460488K) : gatpoly_iOPC has 0 polygons
2026-08-14 15:08:38 +0200: Memory Usage (460616K) : gatpoly_noqrc has 0 polygons
2026-08-14 15:08:38 +0200: Memory Usage (460744K) : cont_drw has 576 polygons
2026-08-14 15:08:38 +0200: Memory Usage (460744K) : cont_OPC has 0 polygons
2026-08-14 15:08:38 +0200: Memory Usage (460872K) : nsd_drw has 0 polygons
2026-08-14 15:08:38 +0200: Memory Usage (460872K) : nsd_block has 0 polygons
2026-08-14 15:08:38 +0200: Memory Usage (461128K) : metal1_drw has 380 polygons
2026-08-14 15:08:38 +0200: Memory Usage (461512K) : metal1_filler has 0 polygons
2026-08-14 15:08:38 +0200: Memory Usage (461512K) : metal1_slit has 0 polygons
2026-08-14 15:08:38 +0200: Memory Usage (461640K) : metal1 has 380 polygons
2026-08-14 15:08:38 +0200: Memory Usage (461640K) : metal1_pin has 74 polygons
2026-08-14 15:08:38 +0200: Memory Usage (461640K) : metal1_mask has 0 polygons
2026-08-14 15:08:38 +0200: Memory Usage (461640K) : metal1_nofill has 0 polygons
2026-08-14 15:08:38 +0200: Memory Usage (461768K) : metal1_text has 8 polygons
2026-08-14 15:08:38 +0200: Memory Usage (461896K) : metal1_OPC has 0 polygons
2026-08-14 15:08:38 +0200: Memory Usage (461896K) : metal1_noqrc has 0 polygons
2026-08-14 15:08:38 +0200: Memory Usage (462024K) : metal1_res has 0 polygons
2026-08-14 15:08:38 +0200: Memory Usage (462024K) : metal1_iprobe has 0 polygons
2026-08-14 15:08:38 +0200: Memory Usage (462152K) : metal1_diffprb has 0 polygons
2026-08-14 15:08:38 +0200: Memory Usage (462280K) : passiv_drw has 0 polygons
2026-08-14 15:08:38 +0200: Memory Usage (462280K) : passiv_pin has 0 polygons
2026-08-14 15:08:38 +0200: Memory Usage (462408K) : passiv_sbump has 0 polygons
2026-08-14 15:08:38 +0200: Memory Usage (462408K) : passiv_pillar has 0 polygons
2026-08-14 15:08:38 +0200: Memory Usage (462536K) : passiv_pdl has 0 polygons
2026-08-14 15:08:38 +0200: Memory Usage (462664K) : metal2_drw has 146 polygons
2026-08-14 15:08:38 +0200: Memory Usage (462664K) : metal2_filler has 0 polygons
2026-08-14 15:08:38 +0200: Memory Usage (462792K) : metal2_slit has 0 polygons
2026-08-14 15:08:38 +0200: Memory Usage (462920K) : metal2 has 146 polygons
2026-08-14 15:08:38 +0200: Memory Usage (463048K) : metal2_pin has 6 polygons
2026-08-14 15:08:38 +0200: Memory Usage (463048K) : metal2_mask has 0 polygons
2026-08-14 15:08:38 +0200: Memory Usage (463176K) : metal2_nofill has 0 polygons
2026-08-14 15:08:38 +0200: Memory Usage (463176K) : metal2_text has 6 polygons
2026-08-14 15:08:38 +0200: Memory Usage (463304K) : metal2_OPC has 0 polygons
2026-08-14 15:08:38 +0200: Memory Usage (463304K) : metal2_noqrc has 0 polygons
2026-08-14 15:08:38 +0200: Memory Usage (463432K) : metal2_res has 0 polygons
2026-08-14 15:08:38 +0200: Memory Usage (463432K) : metal2_iprobe has 0 polygons
2026-08-14 15:08:38 +0200: Memory Usage (463560K) : metal2_diffprb has 0 polygons
2026-08-14 15:08:38 +0200: Memory Usage (463688K) : baspoly_drw has 0 polygons
2026-08-14 15:08:38 +0200: Memory Usage (463688K) : baspoly_pin has 0 polygons
2026-08-14 15:08:38 +0200: Memory Usage (463816K) : psd_drw has 26 polygons
2026-08-14 15:08:38 +0200: Memory Usage (463816K) : nldb_drw has 0 polygons
2026-08-14 15:08:38 +0200: Memory Usage (463944K) : digibnd_drw has 0 polygons
2026-08-14 15:08:38 +0200: Memory Usage (463944K) : via1_drw has 66 polygons
2026-08-14 15:08:38 +0200: Memory Usage (464072K) : backmetal1_drw has 0 polygons
2026-08-14 15:08:38 +0200: Memory Usage (464072K) : backmetal1_pin has 0 polygons
2026-08-14 15:08:38 +0200: Memory Usage (464200K) : backmetal1_mask has 0 polygons
2026-08-14 15:08:38 +0200: Memory Usage (464328K) : backmetal1_filler has 0 polygons
2026-08-14 15:08:38 +0200: Memory Usage (464456K) : backmetal1_nofill has 0 polygons
2026-08-14 15:08:38 +0200: Memory Usage (464456K) : backmetal1_slit has 0 polygons
2026-08-14 15:08:38 +0200: Memory Usage (464584K) : backmetal1_text has 0 polygons
2026-08-14 15:08:38 +0200: Memory Usage (464712K) : backmetal1_OPC has 0 polygons
2026-08-14 15:08:38 +0200: Memory Usage (464712K) : backmetal1_noqrc has 0 polygons
2026-08-14 15:08:38 +0200: Memory Usage (464840K) : backmetal1_res has 0 polygons
2026-08-14 15:08:38 +0200: Memory Usage (464840K) : backmetal1_iprobe has 0 polygons
2026-08-14 15:08:38 +0200: Memory Usage (464968K) : backmetal1_diffprb has 0 polygons
2026-08-14 15:08:38 +0200: Memory Usage (464968K) : backpassiv_drw has 0 polygons
2026-08-14 15:08:38 +0200: Memory Usage (465096K) : res_drw has 0 polygons
2026-08-14 15:08:38 +0200: Memory Usage (465224K) : sram_drw has 0 polygons
2026-08-14 15:08:38 +0200: Memory Usage (465224K) : trans_drw has 0 polygons
2026-08-14 15:08:38 +0200: Memory Usage (465352K) : ind_drw has 0 polygons
2026-08-14 15:08:38 +0200: Memory Usage (465352K) : ind_pin has 0 polygons
2026-08-14 15:08:38 +0200: Memory Usage (465480K) : ind_text has 0 polygons
2026-08-14 15:08:38 +0200: Memory Usage (465480K) : salblock_drw has 3 polygons
2026-08-14 15:08:38 +0200: Memory Usage (465608K) : via2_drw has 24 polygons
2026-08-14 15:08:38 +0200: Memory Usage (465736K) : metal3_drw has 47 polygons
2026-08-14 15:08:38 +0200: Memory Usage (465736K) : metal3_filler has 0 polygons
2026-08-14 15:08:38 +0200: Memory Usage (465864K) : metal3_slit has 0 polygons
2026-08-14 15:08:38 +0200: Memory Usage (465992K) : metal3 has 47 polygons
2026-08-14 15:08:38 +0200: Memory Usage (465992K) : metal3_pin has 0 polygons
2026-08-14 15:08:38 +0200: Memory Usage (465992K) : metal3_mask has 0 polygons
2026-08-14 15:08:38 +0200: Memory Usage (466120K) : metal3_nofill has 0 polygons
2026-08-14 15:08:38 +0200: Memory Usage (466120K) : metal3_text has 0 polygons
2026-08-14 15:08:38 +0200: Memory Usage (466120K) : metal3_OPC has 0 polygons
2026-08-14 15:08:38 +0200: Memory Usage (466248K) : metal3_noqrc has 0 polygons
2026-08-14 15:08:38 +0200: Memory Usage (466248K) : metal3_res has 0 polygons
2026-08-14 15:08:38 +0200: Memory Usage (466248K) : metal3_iprobe has 0 polygons
2026-08-14 15:08:38 +0200: Memory Usage (466248K) : metal3_diffprb has 0 polygons
2026-08-14 15:08:38 +0200: Memory Usage (466376K) : nwell_drw has 27 polygons
2026-08-14 15:08:38 +0200: Memory Usage (466376K) : nwell_pin has 4 polygons
2026-08-14 15:08:38 +0200: Memory Usage (466376K) : nwell_text has 0 polygons
2026-08-14 15:08:38 +0200: Memory Usage (466504K) : nbulay_drw has 0 polygons
2026-08-14 15:08:38 +0200: Memory Usage (466504K) : nbulay_pin has 0 polygons
2026-08-14 15:08:38 +0200: Memory Usage (466504K) : nbulay_block has 0 polygons
2026-08-14 15:08:38 +0200: Memory Usage (466632K) : emwind_drw has 0 polygons
2026-08-14 15:08:38 +0200: Memory Usage (466632K) : emwind_OPC has 0 polygons
2026-08-14 15:08:38 +0200: Memory Usage (466760K) : deepco_drw has 0 polygons
2026-08-14 15:08:38 +0200: Memory Usage (466760K) : mim_drw has 0 polygons
2026-08-14 15:08:38 +0200: Memory Usage (466888K) : edgeseal_drw has 0 polygons
2026-08-14 15:08:38 +0200: Memory Usage (467016K) : substrate_drw has 17 polygons
2026-08-14 15:08:38 +0200: Memory Usage (467016K) : substrate_text has 0 polygons
2026-08-14 15:08:38 +0200: Memory Usage (467144K) : dfpad_drw has 0 polygons
2026-08-14 15:08:38 +0200: Memory Usage (467144K) : dfpad_pillar has 0 polygons
2026-08-14 15:08:38 +0200: Memory Usage (467272K) : dfpad_sbump has 0 polygons
2026-08-14 15:08:38 +0200: Memory Usage (467272K) : thickgateox_drw has 0 polygons
2026-08-14 15:08:38 +0200: Memory Usage (467400K) : pldb_drw has 0 polygons
2026-08-14 15:08:38 +0200: Memory Usage (467400K) : pwell_drw has 0 polygons
2026-08-14 15:08:38 +0200: Memory Usage (467528K) : pwell_pin has 0 polygons
2026-08-14 15:08:38 +0200: Memory Usage (467528K) : pwell_block has 0 polygons
2026-08-14 15:08:38 +0200: Memory Usage (467656K) : ic_drw has 0 polygons
2026-08-14 15:08:38 +0200: Memory Usage (467784K) : via3_drw has 0 polygons
2026-08-14 15:08:38 +0200: Memory Usage (467784K) : metal4_drw has 0 polygons
2026-08-14 15:08:38 +0200: Memory Usage (467912K) : metal4_filler has 0 polygons
2026-08-14 15:08:38 +0200: Memory Usage (467912K) : metal4_slit has 0 polygons
2026-08-14 15:08:38 +0200: Memory Usage (468040K) : metal4 has 0 polygons
2026-08-14 15:08:38 +0200: Memory Usage (468168K) : metal4_pin has 0 polygons
2026-08-14 15:08:38 +0200: Memory Usage (468168K) : metal4_mask has 0 polygons
2026-08-14 15:08:38 +0200: Memory Usage (468296K) : metal4_nofill has 0 polygons
2026-08-14 15:08:38 +0200: Memory Usage (468296K) : metal4_text has 0 polygons
2026-08-14 15:08:38 +0200: Memory Usage (468424K) : metal4_OPC has 0 polygons
2026-08-14 15:08:38 +0200: Memory Usage (468424K) : metal4_noqrc has 0 polygons
2026-08-14 15:08:38 +0200: Memory Usage (468552K) : metal4_res has 0 polygons
2026-08-14 15:08:38 +0200: Memory Usage (468552K) : metal4_iprobe has 0 polygons
2026-08-14 15:08:38 +0200: Memory Usage (468552K) : metal4_diffprb has 0 polygons
2026-08-14 15:08:38 +0200: Memory Usage (468680K) : heattrans_drw has 41 polygons
2026-08-14 15:08:38 +0200: Memory Usage (468680K) : heatres_drw has 3 polygons
2026-08-14 15:08:38 +0200: Memory Usage (468680K) : fbe_drw has 0 polygons
2026-08-14 15:08:38 +0200: Memory Usage (468808K) : empoly_drw has 0 polygons
2026-08-14 15:08:38 +0200: Memory Usage (468808K) : digisub_drw has 0 polygons
2026-08-14 15:08:38 +0200: Memory Usage (468936K) : text_drw has 48 polygons
2026-08-14 15:08:38 +0200: Memory Usage (468936K) : via4_drw has 0 polygons
2026-08-14 15:08:38 +0200: Memory Usage (469064K) : metal5_drw has 0 polygons
2026-08-14 15:08:38 +0200: Memory Usage (469064K) : metal5_filler has 0 polygons
2026-08-14 15:08:38 +0200: Memory Usage (469192K) : metal5_slit has 0 polygons
2026-08-14 15:08:38 +0200: Memory Usage (469320K) : metal5 has 0 polygons
2026-08-14 15:08:38 +0200: Memory Usage (469320K) : metal5_pin has 0 polygons
2026-08-14 15:08:38 +0200: Memory Usage (469448K) : metal5_mask has 0 polygons
2026-08-14 15:08:38 +0200: Memory Usage (469576K) : metal5_nofill has 0 polygons
2026-08-14 15:08:38 +0200: Memory Usage (469576K) : metal5_text has 0 polygons
2026-08-14 15:08:38 +0200: Memory Usage (469704K) : metal5_OPC has 0 polygons
2026-08-14 15:08:38 +0200: Memory Usage (469704K) : metal5_noqrc has 0 polygons
2026-08-14 15:08:38 +0200: Memory Usage (469832K) : metal5_res has 0 polygons
2026-08-14 15:08:38 +0200: Memory Usage (469832K) : metal5_iprobe has 0 polygons
2026-08-14 15:08:38 +0200: Memory Usage (469960K) : metal5_diffprb has 0 polygons
2026-08-14 15:08:38 +0200: Memory Usage (469960K) : radhard_drw has 0 polygons
2026-08-14 15:08:38 +0200: Memory Usage (470088K) : memcap_drw has 0 polygons
2026-08-14 15:08:38 +0200: Memory Usage (470088K) : varicap_drw has 0 polygons
2026-08-14 15:08:38 +0200: Memory Usage (470216K) : intbondvia_drw has 0 polygons
2026-08-14 15:08:38 +0200: Memory Usage (470344K) : intbondmet_drw has 0 polygons
2026-08-14 15:08:38 +0200: Memory Usage (470344K) : devbondvia_drw has 0 polygons
2026-08-14 15:08:38 +0200: Memory Usage (470472K) : devbondmet_drw has 0 polygons
2026-08-14 15:08:38 +0200: Memory Usage (470472K) : devtrench_drw has 0 polygons
2026-08-14 15:08:38 +0200: Memory Usage (470600K) : redist_drw has 0 polygons
2026-08-14 15:08:38 +0200: Memory Usage (470600K) : graphbot_drw has 0 polygons
2026-08-14 15:08:38 +0200: Memory Usage (470728K) : graphtop_drw has 0 polygons
2026-08-14 15:08:38 +0200: Memory Usage (470728K) : antvia1_drw has 0 polygons
2026-08-14 15:08:38 +0200: Memory Usage (470728K) : antmetal2_drw has 0 polygons
2026-08-14 15:08:38 +0200: Memory Usage (470856K) : graphcont_drw has 0 polygons
2026-08-14 15:08:38 +0200: Memory Usage (470856K) : siwg_drw has 0 polygons
2026-08-14 15:08:38 +0200: Memory Usage (470856K) : siwg_filler has 0 polygons
2026-08-14 15:08:38 +0200: Memory Usage (470856K) : siwg_nofill has 0 polygons
2026-08-14 15:08:38 +0200: Memory Usage (470984K) : sigrating_drw has 0 polygons
2026-08-14 15:08:38 +0200: Memory Usage (470984K) : singrating_drw has 0 polygons
2026-08-14 15:08:38 +0200: Memory Usage (471112K) : graphpas_drw has 0 polygons
2026-08-14 15:08:38 +0200: Memory Usage (471112K) : emwind3_drw has 0 polygons
2026-08-14 15:08:38 +0200: Memory Usage (471240K) : emwihv3_drw has 0 polygons
2026-08-14 15:08:38 +0200: Memory Usage (471368K) : redbulay_drw has 0 polygons
2026-08-14 15:08:38 +0200: Memory Usage (471368K) : smos_drw has 0 polygons
2026-08-14 15:08:38 +0200: Memory Usage (471496K) : graphpad_drw has 0 polygons
2026-08-14 15:08:38 +0200: Memory Usage (471496K) : polimide_drw has 0 polygons
2026-08-14 15:08:38 +0200: Memory Usage (471624K) : polimide_pin has 0 polygons
2026-08-14 15:08:38 +0200: Memory Usage (471624K) : recog_drw has 0 polygons
2026-08-14 15:08:38 +0200: Memory Usage (471752K) : recog_pin has 0 polygons
2026-08-14 15:08:38 +0200: Memory Usage (471752K) : recog_esd has 0 polygons
2026-08-14 15:08:38 +0200: Memory Usage (471880K) : recog_diode has 0 polygons
2026-08-14 15:08:38 +0200: Memory Usage (471880K) : recog_tsv has 0 polygons
2026-08-14 15:08:38 +0200: Memory Usage (472008K) : recog_iprobe has 0 polygons
2026-08-14 15:08:38 +0200: Memory Usage (472136K) : recog_diffprb has 0 polygons
2026-08-14 15:08:38 +0200: Memory Usage (472136K) : recog_pillar has 0 polygons
2026-08-14 15:08:38 +0200: Memory Usage (472264K) : recog_sbump has 0 polygons
2026-08-14 15:08:38 +0200: Memory Usage (472264K) : recog_otp has 0 polygons
2026-08-14 15:08:38 +0200: Memory Usage (472392K) : recog_pdiode has 0 polygons
2026-08-14 15:08:38 +0200: Memory Usage (472392K) : recog_mom has 0 polygons
2026-08-14 15:08:38 +0200: Memory Usage (472520K) : recog_pcm has 0 polygons
2026-08-14 15:08:38 +0200: Memory Usage (472520K) : colopen_drw has 0 polygons
2026-08-14 15:08:38 +0200: Memory Usage (472648K) : graphmetal1_drw has 0 polygons
2026-08-14 15:08:38 +0200: Memory Usage (472776K) : graphmetal1_filler has 0 polygons
2026-08-14 15:08:38 +0200: Memory Usage (472776K) : graphmetal1_nofill has 0 polygons
2026-08-14 15:08:38 +0200: Memory Usage (472904K) : graphmetal1_slit has 0 polygons
2026-08-14 15:08:38 +0200: Memory Usage (472904K) : graphmetal1_OPC has 0 polygons
2026-08-14 15:08:38 +0200: Memory Usage (473032K) : graphmet1l_drw has 0 polygons
2026-08-14 15:08:38 +0200: Memory Usage (473032K) : graphmet1l_filler has 0 polygons
2026-08-14 15:08:38 +0200: Memory Usage (473160K) : graphmet1l_nofill has 0 polygons
2026-08-14 15:08:38 +0200: Memory Usage (473160K) : graphmet1l_slit has 0 polygons
2026-08-14 15:08:38 +0200: Memory Usage (473288K) : graphmet1l_OPC has 0 polygons
2026-08-14 15:08:38 +0200: Memory Usage (473288K) : extblock_drw has 9 polygons
2026-08-14 15:08:38 +0200: Memory Usage (473288K) : nldd_drw has 0 polygons
2026-08-14 15:08:38 +0200: Memory Usage (473288K) : pldd_drw has 0 polygons
2026-08-14 15:08:38 +0200: Memory Usage (473288K) : next_drw has 0 polygons
2026-08-14 15:08:38 +0200: Memory Usage (473288K) : pext_drw has 0 polygons
2026-08-14 15:08:38 +0200: Memory Usage (473288K) : nexthv_drw has 0 polygons
2026-08-14 15:08:38 +0200: Memory Usage (473416K) : pexthv_drw has 0 polygons
2026-08-14 15:08:38 +0200: Memory Usage (473544K) : graphgate_drw has 0 polygons
2026-08-14 15:08:38 +0200: Memory Usage (473544K) : sinwg_drw has 0 polygons
2026-08-14 15:08:38 +0200: Memory Usage (473672K) : sinwg_filler has 0 polygons
2026-08-14 15:08:38 +0200: Memory Usage (473672K) : sinwg_nofill has 0 polygons
2026-08-14 15:08:38 +0200: Memory Usage (473800K) : mempad_drw has 0 polygons
2026-08-14 15:08:38 +0200: Memory Usage (473800K) : topvia1_drw has 0 polygons
2026-08-14 15:08:38 +0200: Memory Usage (473928K) : topmetal1_drw has 0 polygons
2026-08-14 15:08:38 +0200: Memory Usage (473928K) : topmetal1_filler has 0 polygons
2026-08-14 15:08:38 +0200: Memory Usage (474056K) : topmetal1_slit has 0 polygons
2026-08-14 15:08:38 +0200: Memory Usage (474184K) : topmetal1 has 0 polygons
2026-08-14 15:08:38 +0200: Memory Usage (474184K) : topmetal1_pin has 0 polygons
2026-08-14 15:08:38 +0200: Memory Usage (474312K) : topmetal1_mask has 0 polygons
2026-08-14 15:08:38 +0200: Memory Usage (474440K) : topmetal1_nofill has 0 polygons
2026-08-14 15:08:38 +0200: Memory Usage (474440K) : topmetal1_text has 0 polygons
2026-08-14 15:08:38 +0200: Memory Usage (474568K) : topmetal1_noqrc has 0 polygons
2026-08-14 15:08:38 +0200: Memory Usage (474568K) : topmetal1_res has 0 polygons
2026-08-14 15:08:38 +0200: Memory Usage (474696K) : topmetal1_iprobe has 0 polygons
2026-08-14 15:08:38 +0200: Memory Usage (474696K) : topmetal1_diffprb has 0 polygons
2026-08-14 15:08:38 +0200: Memory Usage (474824K) : inldpwl_drw has 0 polygons
2026-08-14 15:08:38 +0200: Memory Usage (474824K) : polyres_drw has 3 polygons
2026-08-14 15:08:38 +0200: Memory Usage (474952K) : polyres_pin has 0 polygons
2026-08-14 15:08:38 +0200: Memory Usage (474952K) : vmim_drw has 0 polygons
2026-08-14 15:08:38 +0200: Memory Usage (475080K) : nbulaycut_drw has 0 polygons
2026-08-14 15:08:38 +0200: Memory Usage (475208K) : antmetal1_drw has 0 polygons
2026-08-14 15:08:38 +0200: Memory Usage (475208K) : topvia2_drw has 0 polygons
2026-08-14 15:08:38 +0200: Memory Usage (475336K) : topmetal2_drw has 0 polygons
2026-08-14 15:08:38 +0200: Memory Usage (475336K) : topmetal2_filler has 0 polygons
2026-08-14 15:08:38 +0200: Memory Usage (475464K) : topmetal2_slit has 0 polygons
2026-08-14 15:08:38 +0200: Memory Usage (475592K) : topmetal2 has 0 polygons
2026-08-14 15:08:38 +0200: Memory Usage (475592K) : topmetal2_pin has 0 polygons
2026-08-14 15:08:38 +0200: Memory Usage (475720K) : topmetal2_mask has 0 polygons
2026-08-14 15:08:38 +0200: Memory Usage (475720K) : topmetal2_nofill has 0 polygons
2026-08-14 15:08:38 +0200: Memory Usage (475848K) : topmetal2_text has 0 polygons
2026-08-14 15:08:38 +0200: Memory Usage (475848K) : topmetal2_noqrc has 0 polygons
2026-08-14 15:08:38 +0200: Memory Usage (475976K) : topmetal2_res has 0 polygons
2026-08-14 15:08:38 +0200: Memory Usage (476104K) : topmetal2_iprobe has 0 polygons
2026-08-14 15:08:38 +0200: Memory Usage (476104K) : topmetal2_diffprb has 0 polygons
2026-08-14 15:08:38 +0200: Memory Usage (476232K) : snsring_drw has 0 polygons
2026-08-14 15:08:38 +0200: Memory Usage (476232K) : sensor_drw has 0 polygons
2026-08-14 15:08:38 +0200: Memory Usage (476360K) : snsarms_drw has 0 polygons
2026-08-14 15:08:38 +0200: Memory Usage (476360K) : snscmosvia_drw has 0 polygons
2026-08-14 15:08:38 +0200: Memory Usage (476488K) : colwind_drw has 0 polygons
2026-08-14 15:08:38 +0200: Memory Usage (476488K) : flm_drw has 0 polygons
2026-08-14 15:08:38 +0200: Memory Usage (476616K) : hafniumox_drw has 0 polygons
2026-08-14 15:08:38 +0200: Memory Usage (476616K) : memvia_drw has 0 polygons
2026-08-14 15:08:38 +0200: Memory Usage (476744K) : thinfilmres_drw has 0 polygons
2026-08-14 15:08:38 +0200: Memory Usage (476872K) : rfmem_drw has 0 polygons
2026-08-14 15:08:38 +0200: Memory Usage (476872K) : norcx_drw has 0 polygons
2026-08-14 15:08:38 +0200: Memory Usage (477000K) : norcx_m2m3 has 0 polygons
2026-08-14 15:08:38 +0200: Memory Usage (477000K) : norcx_m2m4 has 0 polygons
2026-08-14 15:08:38 +0200: Memory Usage (477128K) : norcx_m2m5 has 0 polygons
2026-08-14 15:08:38 +0200: Memory Usage (477128K) : norcx_m2tm1 has 0 polygons
2026-08-14 15:08:38 +0200: Memory Usage (477256K) : norcx_m2tm2 has 0 polygons
2026-08-14 15:08:38 +0200: Memory Usage (477256K) : norcx_m3m4 has 0 polygons
2026-08-14 15:08:38 +0200: Memory Usage (477384K) : norcx_m3m5 has 0 polygons
2026-08-14 15:08:38 +0200: Memory Usage (477512K) : norcx_m3tm1 has 0 polygons
2026-08-14 15:08:38 +0200: Memory Usage (477512K) : norcx_m3tm2 has 0 polygons
2026-08-14 15:08:38 +0200: Memory Usage (477640K) : norcx_m4m5 has 0 polygons
2026-08-14 15:08:38 +0200: Memory Usage (477640K) : norcx_m4tm1 has 0 polygons
2026-08-14 15:08:38 +0200: Memory Usage (477768K) : norcx_m4tm2 has 0 polygons
2026-08-14 15:08:38 +0200: Memory Usage (477768K) : norcx_m5tm1 has 0 polygons
2026-08-14 15:08:38 +0200: Memory Usage (477896K) : norcx_m5tm2 has 0 polygons
2026-08-14 15:08:38 +0200: Memory Usage (477896K) : norcx_tm1tm2 has 0 polygons
2026-08-14 15:08:38 +0200: Memory Usage (478024K) : norcx_m1sub has 0 polygons
2026-08-14 15:08:38 +0200: Memory Usage (478024K) : norcx_m2sub has 0 polygons
2026-08-14 15:08:38 +0200: Memory Usage (478152K) : norcx_m3sub has 0 polygons
2026-08-14 15:08:38 +0200: Memory Usage (478280K) : norcx_m4sub has 0 polygons
2026-08-14 15:08:38 +0200: Memory Usage (478280K) : norcx_m5sub has 0 polygons
2026-08-14 15:08:38 +0200: Memory Usage (478408K) : norcx_tm1sub has 0 polygons
2026-08-14 15:08:38 +0200: Memory Usage (478408K) : norcx_tm2sub has 0 polygons
2026-08-14 15:08:38 +0200: Memory Usage (478536K) : snsbotvia_drw has 0 polygons
2026-08-14 15:08:38 +0200: Memory Usage (478536K) : snstopvia_drw has 0 polygons
2026-08-14 15:08:38 +0200: Memory Usage (478664K) : deepvia_drw has 0 polygons
2026-08-14 15:08:38 +0200: Memory Usage (478664K) : fgetch_drw has 0 polygons
2026-08-14 15:08:38 +0200: Memory Usage (478792K) : ctrgat_drw has 0 polygons
2026-08-14 15:08:38 +0200: Memory Usage (478920K) : fgimp_drw has 0 polygons
2026-08-14 15:08:38 +0200: Memory Usage (478920K) : emwihv_drw has 0 polygons
2026-08-14 15:08:38 +0200: Memory Usage (479048K) : lbe_drw has 0 polygons
2026-08-14 15:08:38 +0200: Memory Usage (479048K) : alcustop_drw has 0 polygons
2026-08-14 15:08:38 +0200: Memory Usage (479176K) : nometfiller_drw has 0 polygons
2026-08-14 15:08:38 +0200: Memory Usage (479176K) : prboundary_drw has 0 polygons
2026-08-14 15:08:38 +0200: Memory Usage (479304K) : exchange0_drw has 0 polygons
2026-08-14 15:08:38 +0200: Memory Usage (479304K) : exchange0_pin has 0 polygons
2026-08-14 15:08:38 +0200: Memory Usage (479432K) : exchange0_text has 0 polygons
2026-08-14 15:08:38 +0200: Memory Usage (479432K) : exchange1_drw has 0 polygons
2026-08-14 15:08:38 +0200: Memory Usage (479560K) : exchange1_pin has 0 polygons
2026-08-14 15:08:38 +0200: Memory Usage (479560K) : exchange1_text has 0 polygons
2026-08-14 15:08:38 +0200: Memory Usage (479688K) : exchange2_drw has 0 polygons
2026-08-14 15:08:38 +0200: Memory Usage (479816K) : exchange2_pin has 0 polygons
2026-08-14 15:08:38 +0200: Memory Usage (479816K) : exchange2_text has 0 polygons
2026-08-14 15:08:38 +0200: Memory Usage (479816K) : exchange3_drw has 0 polygons
2026-08-14 15:08:38 +0200: Memory Usage (479816K) : exchange3_pin has 0 polygons
2026-08-14 15:08:38 +0200: Memory Usage (479816K) : exchange3_text has 0 polygons
2026-08-14 15:08:38 +0200: Memory Usage (479816K) : exchange4_drw has 0 polygons
2026-08-14 15:08:38 +0200: Memory Usage (479816K) : exchange4_pin has 0 polygons
2026-08-14 15:08:38 +0200: Memory Usage (479816K) : exchange4_text has 0 polygons
2026-08-14 15:08:38 +0200: Memory Usage (479816K) : isonwell_drw has 0 polygons
2026-08-14 15:08:38 +0200: Memory Usage (479816K) : Total no. of polygons in the design is 1794
2026-08-14 15:08:38 +0200: Memory Usage (479816K) : Starting CMOS5L Forbidden Layer Check
2026-08-14 15:08:38 +0200: Memory Usage (479816K) : CMOS5L Forbidden Layer Check: PASSED - No forbidden layers found
2026-08-14 15:08:38 +0200: Memory Usage (479816K) : CMOS5L Forbidden Layer Check: PASSED
2026-08-14 15:08:38 +0200: Memory Usage (479816K) : Starting base layers derivations
2026-08-14 15:08:38 +0200: Memory Usage (479816K) : Starting general LVS derivations
2026-08-14 15:08:38 +0200: Memory Usage (486060K) : Starting MOSFET DERIVATIONS
2026-08-14 15:08:38 +0200: Memory Usage (488236K) : Starting NMOS DERIVATIONS
2026-08-14 15:08:38 +0200: Memory Usage (488492K) : Starting PMOS DERIVATIONS
2026-08-14 15:08:38 +0200: Memory Usage (488748K) : Starting RF-MOSFET DERIVATIONS
2026-08-14 15:08:38 +0200: Memory Usage (488748K) : Starting RF-NMOS DERIVATIONS
2026-08-14 15:08:38 +0200: Memory Usage (488876K) : Starting RF-PMOS DERIVATIONS
2026-08-14 15:08:38 +0200: Memory Usage (488876K) : Starting BJT DERIVATIONS
2026-08-14 15:08:38 +0200: Memory Usage (488876K) : Starting NPN-BJT DERIVATIONS
2026-08-14 15:08:38 +0200: Memory Usage (488876K) : Starting PNP-BJT DERIVATIONS
2026-08-14 15:08:38 +0200: Memory Usage (488876K) : Starting DIODE DERIVATIONS
2026-08-14 15:08:38 +0200: Memory Usage (488876K) : Starting RESISTOR DERIVATIONS
2026-08-14 15:08:38 +0200: Memory Usage (489132K) : Starting CAP DERIVATIONS
2026-08-14 15:08:39 +0200: Memory Usage (489132K) : Starting CAP_MFRINGE DERIVATIONS
2026-08-14 15:08:39 +0200: Memory Usage (489132K) : Starting ESD DERIVATIONS
2026-08-14 15:08:39 +0200: Memory Usage (491308K) : Starting Inductor DERIVATIONS
2026-08-14 15:08:39 +0200: Memory Usage (491308K) : Starting Taps DERIVATIONS
2026-08-14 15:08:39 +0200: Memory Usage (491308K) : Starting SG13G2 LVS connectivity setup
2026-08-14 15:08:39 +0200: Memory Usage (491308K) : Starting SG13G2 LVS connectivity setup (Inter-layer)
2026-08-14 15:08:39 +0200: Memory Usage (491436K) : Starting SG13G2 LVS connectivity setup (Global)
2026-08-14 15:08:39 +0200: Memory Usage (491436K) : Starting LVS MOSFET CONNECTIONS
2026-08-14 15:08:39 +0200: Memory Usage (491436K) : Starting LVS RF-MOSFET CONNECTIONS
2026-08-14 15:08:39 +0200: Memory Usage (491436K) : Starting LVS BJT CONNECTIONS
2026-08-14 15:08:39 +0200: Memory Usage (491436K) : Starting LVS DIODE CONNECTIONS
2026-08-14 15:08:39 +0200: Memory Usage (491436K) : Starting RESISTOR CONNECTIONS
2026-08-14 15:08:39 +0200: Memory Usage (491436K) : Starting LVS CAP CONNECTIONS
2026-08-14 15:08:39 +0200: Memory Usage (491436K) : Starting ESD CONNECTIONS
2026-08-14 15:08:39 +0200: Memory Usage (491436K) : Starting Inductor CONNECTIONS
2026-08-14 15:08:39 +0200: Memory Usage (491436K) : Starting LVS Taps CONNECTIONS
2026-08-14 15:08:39 +0200: Memory Usage (491436K) : Starting CAP_MFRINGE CONNECTIONS
2026-08-14 15:08:39 +0200: Memory Usage (491436K) : Starting SG13CMOS5L LVS DEVICES EXTRACTION
2026-08-14 15:08:39 +0200: Memory Usage (491436K) : Starting MOSFET EXTRACTION
2026-08-14 15:08:39 +0200: Memory Usage (491436K) : Starting NMOS EXTRACTION
2026-08-14 15:08:39 +0200: Memory Usage (491436K) : Extraction of NMOS-LV transistor
2026-08-14 15:08:39 +0200: Memory Usage (491436K) : Extraction of NMOS-HV transistor
2026-08-14 15:08:39 +0200: Memory Usage (491436K) : Starting PMOS EXTRACTION
2026-08-14 15:08:39 +0200: Memory Usage (491436K) : Extraction of PMOS-LV transistor
2026-08-14 15:08:39 +0200: Memory Usage (491436K) : Extraction of PMOS-HV transistor
2026-08-14 15:08:39 +0200: Memory Usage (491436K) : Starting RF-MOSFET EXTRACTION
2026-08-14 15:08:39 +0200: Memory Usage (491436K) : Extraction of RF-NMOS-LV transistor
2026-08-14 15:08:39 +0200: Memory Usage (491436K) : Extraction of RF-NMOS-HV transistor
2026-08-14 15:08:39 +0200: Memory Usage (491436K) : Extraction of RF-PMOS-LV transistor
2026-08-14 15:08:39 +0200: Memory Usage (491436K) : Extraction of RF-PMOS-HV transistor
2026-08-14 15:08:39 +0200: Memory Usage (491436K) : Starting BJT EXTRACTION
2026-08-14 15:08:39 +0200: Memory Usage (491436K) : Starting NPN-BJT EXTRACTION
2026-08-14 15:08:39 +0200: Memory Usage (491436K) : Extraction of npn13G2 BJT transistor
2026-08-14 15:08:39 +0200: Memory Usage (491436K) : Extraction of npn13G2L BJT transistor
2026-08-14 15:08:39 +0200: Memory Usage (491436K) : Extraction of npn13G2V BJT transistor
2026-08-14 15:08:39 +0200: Memory Usage (491436K) : Starting PNP-BJT EXTRACTION
2026-08-14 15:08:39 +0200: Memory Usage (491436K) : Extracting pnpMPA BJT
2026-08-14 15:08:39 +0200: Memory Usage (491436K) : Starting DIODE EXTRACTION
2026-08-14 15:08:39 +0200: Memory Usage (491436K) : Extracting dantenna diode
2026-08-14 15:08:39 +0200: Memory Usage (491436K) : Extracting dpantenna diode
2026-08-14 15:08:39 +0200: Memory Usage (491436K) : Extracting schottky_nbl1 diode
2026-08-14 15:08:39 +0200: Memory Usage (491436K) : Extracting isolbox diode
2026-08-14 15:08:39 +0200: Memory Usage (491436K) : Starting RESISTOR EXTRACTION
2026-08-14 15:08:39 +0200: Memory Usage (491436K) : Extracting rsil resistor
2026-08-14 15:08:39 +0200: Memory Usage (491436K) : Extracting rppd resistor
2026-08-14 15:08:39 +0200: Memory Usage (491564K) : Extracting rhigh resistor
2026-08-14 15:08:39 +0200: Memory Usage (491564K) : Extracting res_metal1 resistor
2026-08-14 15:08:39 +0200: Memory Usage (491564K) : Extracting res_metal2 resistor
2026-08-14 15:08:39 +0200: Memory Usage (491564K) : Extracting res_metal3 resistor
2026-08-14 15:08:39 +0200: Memory Usage (491564K) : Extracting res_metal4 resistor
2026-08-14 15:08:39 +0200: Memory Usage (491564K) : Extracting res_metal5 resistor
2026-08-14 15:08:39 +0200: Memory Usage (491564K) : Extracting res_topmetal1 resistor
2026-08-14 15:08:39 +0200: Memory Usage (491564K) : Extracting res_topmetal2 resistor
2026-08-14 15:08:39 +0200: Memory Usage (491564K) : Starting CAP EXTRACTION
2026-08-14 15:08:39 +0200: Memory Usage (491564K) : Extracting cap_cmim device
2026-08-14 15:08:39 +0200: Memory Usage (491564K) : Extracting rfcmim device
2026-08-14 15:08:39 +0200: Memory Usage (491564K) : Extracting sg13_hv_svaricap varactor
2026-08-14 15:08:39 +0200: Memory Usage (491564K) : Extracting cap_mfringe device
2026-08-14 15:08:39 +0200: Memory Usage (491564K) : Starting ESD EXTRACTION
2026-08-14 15:08:39 +0200: Memory Usage (491564K) : Extracting diodevdd_2kv ESD device
2026-08-14 15:08:39 +0200: Memory Usage (491564K) : Extracting diodevdd_4kv ESD device
2026-08-14 15:08:39 +0200: Memory Usage (491564K) : Extracting diodevss_2kv ESD device
2026-08-14 15:08:39 +0200: Memory Usage (491564K) : Extracting diodevss_4kv ESD device
2026-08-14 15:08:39 +0200: Memory Usage (491564K) : Extracting idiodevdd_2kv ESD device
2026-08-14 15:08:39 +0200: Memory Usage (491564K) : Extracting idiodevdd_4kv ESD device
2026-08-14 15:08:39 +0200: Memory Usage (491564K) : Extracting idiodevss_2kv ESD device
2026-08-14 15:08:39 +0200: Memory Usage (491564K) : Extracting idiodevss_4kv ESD device
2026-08-14 15:08:39 +0200: Memory Usage (491564K) : Extracting nmoscl_2 ESD device
2026-08-14 15:08:39 +0200: Memory Usage (491564K) : Extracting nmoscl_4 ESD device
2026-08-14 15:08:39 +0200: Memory Usage (491564K) : Starting Inductor EXTRACTION
2026-08-14 15:08:39 +0200: Memory Usage (491564K) : Extracting Inductor2 device
2026-08-14 15:08:39 +0200: Memory Usage (491564K) : Extracting Inductor3 device
2026-08-14 15:08:39 +0200: Memory Usage (491564K) : Starting Taps EXTRACTION
2026-08-14 15:08:39 +0200: Memory Usage (491564K) : DISABLE_TAP_EXTRACTION is enabled: skipping ntap1/ptap1 device extraction.
2026-08-14 15:08:39 +0200: Memory Usage (491564K) : Starting SG13CMOS5L LVS RF MOS Model Mapping
2026-08-14 15:08:39 +0200: Memory Usage (491564K) : [layout_netlist] Apply RF MOS model mapping and rfmode parameter.
2026-08-14 15:08:39 +0200: Memory Usage (491564K) : Starting SG13CMOS5L LVS Options Preparations
2026-08-14 15:08:39 +0200: Memory Usage (491564K) : SG13CMOS5L LVS flow: extraction -> alignment -> option preparation -> comparison.
2026-08-14 15:08:39 +0200: Memory Usage (491564K) : Starting SG13CMOS5L LVS Alignment
2026-08-14 15:08:39 +0200: Memory Usage (491744K) : Starting SG13CMOS5L LVS Simplification
2026-08-14 15:08:39 +0200: Memory Usage (491744K) : [layout_netlist] simplify: ENABLED
2026-08-14 15:08:39 +0200: Memory Usage (491744K) : [layout_netlist] make_top_level_pins: SKIPPED
2026-08-14 15:08:39 +0200: Memory Usage (491744K) : [layout_netlist] combine_devices: SKIPPED
2026-08-14 15:08:39 +0200: Memory Usage (491744K) : [layout_netlist] purge: SKIPPED
2026-08-14 15:08:39 +0200: Memory Usage (491744K) : [layout_netlist] purge_nets: SKIPPED
2026-08-14 15:08:39 +0200: Memory Usage (491744K) : [schematic_netlist] simplify: ENABLED
2026-08-14 15:08:39 +0200: Memory Usage (491744K) : [schematic_netlist] make_top_level_pins: SKIPPED
2026-08-14 15:08:39 +0200: Memory Usage (491744K) : [schematic_netlist] combine_devices: SKIPPED
2026-08-14 15:08:39 +0200: Memory Usage (491744K) : [schematic_netlist] purge: SKIPPED
2026-08-14 15:08:39 +0200: Memory Usage (491744K) : [schematic_netlist] purge_nets: SKIPPED
2026-08-14 15:08:39 +0200: Memory Usage (491744K) : Starting SG13CMOS5L LVS Comparison in strict port mode.
2026-08-14 15:08:39 +0200: Memory Usage (491744K) : flag_missing_ports enabled: missing/mislabeled top-level ports are treated as errors.
2026-08-14 15:08:39 +0200: Memory Usage (491872K) : ==========================================
2026-08-14 15:08:39 +0200: Memory Usage (491872K) : INFO : Congratulations! Netlists match.
2026-08-14 15:08:39 +0200: Memory Usage (491872K) : ==========================================
2026-08-14 15:08:39 +0200: Memory Usage (491872K) : LVS Total Run time 1.328077 seconds
2026-08-14 15:14:06 +0200: Memory Usage (457448K) : Starting running SG13CMOS5L Klayout LVS runset on /foss/designs/CHIP-PLL/layout/CP/charge_pump/charge_pump_cell_next.gds
2026-08-14 15:14:06 +0200: Memory Usage (457448K) : Ruby Version for klayout: 3.2.3
2026-08-14 15:14:06 +0200: Memory Usage (459044K) : Loading database to memory is complete.
2026-08-14 15:14:06 +0200: Memory Usage (459044K) : SG13CMOS5L Klayout LVS runset output at: /foss/designs/CHIP-PLL/layout/CP/lvs/charge_pump_cell_next.lvsdb
2026-08-14 15:14:06 +0200: Memory Usage (459044K) : Evaluate switches.
2026-08-14 15:14:06 +0200: Memory Usage (459044K) : Extracted netlist with net names: true
2026-08-14 15:14:06 +0200: Memory Usage (459044K) : Extracted netlist with comments in details: false
2026-08-14 15:14:06 +0200: Memory Usage (459044K) : Selected NET_ONLY option: false
2026-08-14 15:14:06 +0200: Memory Usage (459044K) : Selected LAYOUT_NETLIST option: (none)
2026-08-14 15:14:06 +0200: Memory Usage (459044K) : Selected IGNORE_TOP_PORTS_MISMATCH option: 
2026-08-14 15:14:06 +0200: Memory Usage (459044K) : Selected IMPLICIT_NETS option: (none)
2026-08-14 15:14:06 +0200: Memory Usage (459044K) : Selected TOP_LVL_PINS option: false
2026-08-14 15:14:06 +0200: Memory Usage (459044K) : Selected COMBINE DEVICES option: false
2026-08-14 15:14:06 +0200: Memory Usage (459044K) : Selected PURGE option: false
2026-08-14 15:14:06 +0200: Memory Usage (459044K) : Selected PURGE_NETS option: false
2026-08-14 15:14:06 +0200: Memory Usage (459044K) : Selected SIMPLIFY option: true
2026-08-14 15:14:06 +0200: Memory Usage (459044K) : Selected SERIES_RES option: true
2026-08-14 15:14:06 +0200: Memory Usage (459044K) : Selected PARALLEL_RES option: true
2026-08-14 15:14:06 +0200: Memory Usage (459044K) : Selected DISABLE_TAP_EXTRACTION option: true
2026-08-14 15:14:06 +0200: Memory Usage (459044K) : deep  mode is enabled.
2026-08-14 15:14:06 +0200: Memory Usage (459428K) : Netlist file: /foss/designs/CHIP-PLL/layout/CP/netlists/charge_pump_cell.spice
2026-08-14 15:14:06 +0200: Memory Usage (459428K) : LVS extracted netlist at: /foss/designs/CHIP-PLL/layout/CP/lvs/charge_pump_cell_next_extracted.cir
2026-08-14 15:14:06 +0200: Memory Usage (459428K) : Applying SRAM integration support.
2026-08-14 15:14:06 +0200: Memory Usage (459428K) : Starting SG13CMOS5L LVS runset
2026-08-14 15:14:06 +0200: Memory Usage (459428K) : Read in polygons from layers.
2026-08-14 15:14:06 +0200: Memory Usage (460256K) : activ_drw has 123 polygons
2026-08-14 15:14:06 +0200: Memory Usage (460256K) : activ_filler has 0 polygons
2026-08-14 15:14:06 +0200: Memory Usage (460256K) : activ has 123 polygons
2026-08-14 15:14:06 +0200: Memory Usage (460256K) : activ_pin has 0 polygons
2026-08-14 15:14:06 +0200: Memory Usage (460256K) : activ_mask has 0 polygons
2026-08-14 15:14:06 +0200: Memory Usage (460256K) : activ_nofill has 0 polygons
2026-08-14 15:14:06 +0200: Memory Usage (460256K) : activ_OPC has 0 polygons
2026-08-14 15:14:06 +0200: Memory Usage (460256K) : activ_iOPC has 0 polygons
2026-08-14 15:14:06 +0200: Memory Usage (460384K) : activ_noqrc has 0 polygons
2026-08-14 15:14:06 +0200: Memory Usage (460384K) : biwind_drw has 0 polygons
2026-08-14 15:14:06 +0200: Memory Usage (460384K) : biwind_OPC has 0 polygons
2026-08-14 15:14:06 +0200: Memory Usage (460640K) : gatpoly_drw has 128 polygons
2026-08-14 15:14:06 +0200: Memory Usage (460640K) : gatpoly_filler has 0 polygons
2026-08-14 15:14:06 +0200: Memory Usage (460640K) : gatpoly has 128 polygons
2026-08-14 15:14:06 +0200: Memory Usage (460640K) : gatpoly_pin has 29 polygons
2026-08-14 15:14:06 +0200: Memory Usage (460640K) : gatpoly_nofill has 0 polygons
2026-08-14 15:14:06 +0200: Memory Usage (460640K) : gatpoly_OPC has 0 polygons
2026-08-14 15:14:06 +0200: Memory Usage (460768K) : gatpoly_iOPC has 0 polygons
2026-08-14 15:14:06 +0200: Memory Usage (460768K) : gatpoly_noqrc has 0 polygons
2026-08-14 15:14:06 +0200: Memory Usage (460896K) : cont_drw has 576 polygons
2026-08-14 15:14:06 +0200: Memory Usage (460896K) : cont_OPC has 0 polygons
2026-08-14 15:14:06 +0200: Memory Usage (461024K) : nsd_drw has 0 polygons
2026-08-14 15:14:06 +0200: Memory Usage (461024K) : nsd_block has 0 polygons
2026-08-14 15:14:06 +0200: Memory Usage (461280K) : metal1_drw has 380 polygons
2026-08-14 15:14:06 +0200: Memory Usage (461664K) : metal1_filler has 0 polygons
2026-08-14 15:14:06 +0200: Memory Usage (461664K) : metal1_slit has 0 polygons
2026-08-14 15:14:06 +0200: Memory Usage (461920K) : metal1 has 380 polygons
2026-08-14 15:14:06 +0200: Memory Usage (461920K) : metal1_pin has 74 polygons
2026-08-14 15:14:06 +0200: Memory Usage (461920K) : metal1_mask has 0 polygons
2026-08-14 15:14:06 +0200: Memory Usage (461920K) : metal1_nofill has 0 polygons
2026-08-14 15:14:06 +0200: Memory Usage (462176K) : metal1_text has 8 polygons
2026-08-14 15:14:06 +0200: Memory Usage (462304K) : metal1_OPC has 0 polygons
2026-08-14 15:14:06 +0200: Memory Usage (462432K) : metal1_noqrc has 0 polygons
2026-08-14 15:14:06 +0200: Memory Usage (462432K) : metal1_res has 0 polygons
2026-08-14 15:14:06 +0200: Memory Usage (462560K) : metal1_iprobe has 0 polygons
2026-08-14 15:14:06 +0200: Memory Usage (462560K) : metal1_diffprb has 0 polygons
2026-08-14 15:14:06 +0200: Memory Usage (462688K) : passiv_drw has 0 polygons
2026-08-14 15:14:06 +0200: Memory Usage (462688K) : passiv_pin has 0 polygons
2026-08-14 15:14:06 +0200: Memory Usage (462816K) : passiv_sbump has 0 polygons
2026-08-14 15:14:06 +0200: Memory Usage (462816K) : passiv_pillar has 0 polygons
2026-08-14 15:14:06 +0200: Memory Usage (462944K) : passiv_pdl has 0 polygons
2026-08-14 15:14:06 +0200: Memory Usage (463072K) : metal2_drw has 147 polygons
2026-08-14 15:14:06 +0200: Memory Usage (463072K) : metal2_filler has 0 polygons
2026-08-14 15:14:06 +0200: Memory Usage (463200K) : metal2_slit has 0 polygons
2026-08-14 15:14:06 +0200: Memory Usage (463328K) : metal2 has 147 polygons
2026-08-14 15:14:06 +0200: Memory Usage (463456K) : metal2_pin has 6 polygons
2026-08-14 15:14:06 +0200: Memory Usage (463456K) : metal2_mask has 0 polygons
2026-08-14 15:14:06 +0200: Memory Usage (463584K) : metal2_nofill has 0 polygons
2026-08-14 15:14:06 +0200: Memory Usage (463584K) : metal2_text has 6 polygons
2026-08-14 15:14:06 +0200: Memory Usage (463712K) : metal2_OPC has 0 polygons
2026-08-14 15:14:06 +0200: Memory Usage (463712K) : metal2_noqrc has 0 polygons
2026-08-14 15:14:06 +0200: Memory Usage (463840K) : metal2_res has 0 polygons
2026-08-14 15:14:06 +0200: Memory Usage (463968K) : metal2_iprobe has 0 polygons
2026-08-14 15:14:06 +0200: Memory Usage (463968K) : metal2_diffprb has 0 polygons
2026-08-14 15:14:06 +0200: Memory Usage (464096K) : baspoly_drw has 0 polygons
2026-08-14 15:14:06 +0200: Memory Usage (464096K) : baspoly_pin has 0 polygons
2026-08-14 15:14:06 +0200: Memory Usage (464224K) : psd_drw has 26 polygons
2026-08-14 15:14:06 +0200: Memory Usage (464224K) : nldb_drw has 0 polygons
2026-08-14 15:14:06 +0200: Memory Usage (464352K) : digibnd_drw has 0 polygons
2026-08-14 15:14:06 +0200: Memory Usage (464352K) : via1_drw has 66 polygons
2026-08-14 15:14:06 +0200: Memory Usage (464480K) : backmetal1_drw has 0 polygons
2026-08-14 15:14:06 +0200: Memory Usage (464608K) : backmetal1_pin has 0 polygons
2026-08-14 15:14:06 +0200: Memory Usage (464608K) : backmetal1_mask has 0 polygons
2026-08-14 15:14:06 +0200: Memory Usage (464736K) : backmetal1_filler has 0 polygons
2026-08-14 15:14:06 +0200: Memory Usage (464864K) : backmetal1_nofill has 0 polygons
2026-08-14 15:14:06 +0200: Memory Usage (464864K) : backmetal1_slit has 0 polygons
2026-08-14 15:14:06 +0200: Memory Usage (464992K) : backmetal1_text has 0 polygons
2026-08-14 15:14:06 +0200: Memory Usage (465120K) : backmetal1_OPC has 0 polygons
2026-08-14 15:14:06 +0200: Memory Usage (465120K) : backmetal1_noqrc has 0 polygons
2026-08-14 15:14:06 +0200: Memory Usage (465248K) : backmetal1_res has 0 polygons
2026-08-14 15:14:06 +0200: Memory Usage (465248K) : backmetal1_iprobe has 0 polygons
2026-08-14 15:14:06 +0200: Memory Usage (465376K) : backmetal1_diffprb has 0 polygons
2026-08-14 15:14:06 +0200: Memory Usage (465504K) : backpassiv_drw has 0 polygons
2026-08-14 15:14:06 +0200: Memory Usage (465504K) : res_drw has 0 polygons
2026-08-14 15:14:06 +0200: Memory Usage (465632K) : sram_drw has 0 polygons
2026-08-14 15:14:06 +0200: Memory Usage (465632K) : trans_drw has 0 polygons
2026-08-14 15:14:06 +0200: Memory Usage (465760K) : ind_drw has 0 polygons
2026-08-14 15:14:06 +0200: Memory Usage (465760K) : ind_pin has 0 polygons
2026-08-14 15:14:06 +0200: Memory Usage (465888K) : ind_text has 0 polygons
2026-08-14 15:14:06 +0200: Memory Usage (465888K) : salblock_drw has 3 polygons
2026-08-14 15:14:06 +0200: Memory Usage (466016K) : via2_drw has 24 polygons
2026-08-14 15:14:06 +0200: Memory Usage (466144K) : metal3_drw has 47 polygons
2026-08-14 15:14:06 +0200: Memory Usage (466144K) : metal3_filler has 0 polygons
2026-08-14 15:14:06 +0200: Memory Usage (466272K) : metal3_slit has 0 polygons
2026-08-14 15:14:06 +0200: Memory Usage (466400K) : metal3 has 47 polygons
2026-08-14 15:14:06 +0200: Memory Usage (466400K) : metal3_pin has 0 polygons
2026-08-14 15:14:06 +0200: Memory Usage (466400K) : metal3_mask has 0 polygons
2026-08-14 15:14:06 +0200: Memory Usage (466400K) : metal3_nofill has 0 polygons
2026-08-14 15:14:06 +0200: Memory Usage (466528K) : metal3_text has 0 polygons
2026-08-14 15:14:06 +0200: Memory Usage (466528K) : metal3_OPC has 0 polygons
2026-08-14 15:14:06 +0200: Memory Usage (466528K) : metal3_noqrc has 0 polygons
2026-08-14 15:14:06 +0200: Memory Usage (466656K) : metal3_res has 0 polygons
2026-08-14 15:14:06 +0200: Memory Usage (466656K) : metal3_iprobe has 0 polygons
2026-08-14 15:14:06 +0200: Memory Usage (466656K) : metal3_diffprb has 0 polygons
2026-08-14 15:14:06 +0200: Memory Usage (466784K) : nwell_drw has 27 polygons
2026-08-14 15:14:06 +0200: Memory Usage (466784K) : nwell_pin has 4 polygons
2026-08-14 15:14:06 +0200: Memory Usage (466784K) : nwell_text has 0 polygons
2026-08-14 15:14:06 +0200: Memory Usage (466784K) : nbulay_drw has 0 polygons
2026-08-14 15:14:06 +0200: Memory Usage (466912K) : nbulay_pin has 0 polygons
2026-08-14 15:14:06 +0200: Memory Usage (466912K) : nbulay_block has 0 polygons
2026-08-14 15:14:06 +0200: Memory Usage (467040K) : emwind_drw has 0 polygons
2026-08-14 15:14:06 +0200: Memory Usage (467040K) : emwind_OPC has 0 polygons
2026-08-14 15:14:06 +0200: Memory Usage (467168K) : deepco_drw has 0 polygons
2026-08-14 15:14:06 +0200: Memory Usage (467296K) : mim_drw has 0 polygons
2026-08-14 15:14:06 +0200: Memory Usage (467296K) : edgeseal_drw has 0 polygons
2026-08-14 15:14:06 +0200: Memory Usage (467424K) : substrate_drw has 17 polygons
2026-08-14 15:14:06 +0200: Memory Usage (467424K) : substrate_text has 0 polygons
2026-08-14 15:14:06 +0200: Memory Usage (467552K) : dfpad_drw has 0 polygons
2026-08-14 15:14:06 +0200: Memory Usage (467552K) : dfpad_pillar has 0 polygons
2026-08-14 15:14:06 +0200: Memory Usage (467680K) : dfpad_sbump has 0 polygons
2026-08-14 15:14:06 +0200: Memory Usage (467680K) : thickgateox_drw has 0 polygons
2026-08-14 15:14:06 +0200: Memory Usage (467808K) : pldb_drw has 0 polygons
2026-08-14 15:14:06 +0200: Memory Usage (467808K) : pwell_drw has 0 polygons
2026-08-14 15:14:06 +0200: Memory Usage (467936K) : pwell_pin has 0 polygons
2026-08-14 15:14:06 +0200: Memory Usage (468064K) : pwell_block has 0 polygons
2026-08-14 15:14:06 +0200: Memory Usage (468064K) : ic_drw has 0 polygons
2026-08-14 15:14:06 +0200: Memory Usage (468192K) : via3_drw has 0 polygons
2026-08-14 15:14:06 +0200: Memory Usage (468192K) : metal4_drw has 0 polygons
2026-08-14 15:14:06 +0200: Memory Usage (468320K) : metal4_filler has 0 polygons
2026-08-14 15:14:06 +0200: Memory Usage (468320K) : metal4_slit has 0 polygons
2026-08-14 15:14:06 +0200: Memory Usage (468448K) : metal4 has 0 polygons
2026-08-14 15:14:06 +0200: Memory Usage (468576K) : metal4_pin has 0 polygons
2026-08-14 15:14:06 +0200: Memory Usage (468576K) : metal4_mask has 0 polygons
2026-08-14 15:14:06 +0200: Memory Usage (468704K) : metal4_nofill has 0 polygons
2026-08-14 15:14:06 +0200: Memory Usage (468704K) : metal4_text has 0 polygons
2026-08-14 15:14:06 +0200: Memory Usage (468832K) : metal4_OPC has 0 polygons
2026-08-14 15:14:06 +0200: Memory Usage (468832K) : metal4_noqrc has 0 polygons
2026-08-14 15:14:06 +0200: Memory Usage (468960K) : metal4_res has 0 polygons
2026-08-14 15:14:06 +0200: Memory Usage (468960K) : metal4_iprobe has 0 polygons
2026-08-14 15:14:06 +0200: Memory Usage (468960K) : metal4_diffprb has 0 polygons
2026-08-14 15:14:06 +0200: Memory Usage (468960K) : heattrans_drw has 41 polygons
2026-08-14 15:14:06 +0200: Memory Usage (469088K) : heatres_drw has 3 polygons
2026-08-14 15:14:06 +0200: Memory Usage (469088K) : fbe_drw has 0 polygons
2026-08-14 15:14:06 +0200: Memory Usage (469216K) : empoly_drw has 0 polygons
2026-08-14 15:14:06 +0200: Memory Usage (469216K) : digisub_drw has 0 polygons
2026-08-14 15:14:06 +0200: Memory Usage (469344K) : text_drw has 48 polygons
2026-08-14 15:14:06 +0200: Memory Usage (469344K) : via4_drw has 0 polygons
2026-08-14 15:14:06 +0200: Memory Usage (469472K) : metal5_drw has 0 polygons
2026-08-14 15:14:06 +0200: Memory Usage (469600K) : metal5_filler has 0 polygons
2026-08-14 15:14:06 +0200: Memory Usage (469600K) : metal5_slit has 0 polygons
2026-08-14 15:14:06 +0200: Memory Usage (469728K) : metal5 has 0 polygons
2026-08-14 15:14:06 +0200: Memory Usage (469856K) : metal5_pin has 0 polygons
2026-08-14 15:14:06 +0200: Memory Usage (469856K) : metal5_mask has 0 polygons
2026-08-14 15:14:06 +0200: Memory Usage (469984K) : metal5_nofill has 0 polygons
2026-08-14 15:14:06 +0200: Memory Usage (469984K) : metal5_text has 0 polygons
2026-08-14 15:14:06 +0200: Memory Usage (470112K) : metal5_OPC has 0 polygons
2026-08-14 15:14:06 +0200: Memory Usage (470112K) : metal5_noqrc has 0 polygons
2026-08-14 15:14:06 +0200: Memory Usage (470240K) : metal5_res has 0 polygons
2026-08-14 15:14:06 +0200: Memory Usage (470240K) : metal5_iprobe has 0 polygons
2026-08-14 15:14:06 +0200: Memory Usage (470368K) : metal5_diffprb has 0 polygons
2026-08-14 15:14:06 +0200: Memory Usage (470368K) : radhard_drw has 0 polygons
2026-08-14 15:14:06 +0200: Memory Usage (470496K) : memcap_drw has 0 polygons
2026-08-14 15:14:06 +0200: Memory Usage (470624K) : varicap_drw has 0 polygons
2026-08-14 15:14:06 +0200: Memory Usage (470624K) : intbondvia_drw has 0 polygons
2026-08-14 15:14:06 +0200: Memory Usage (470752K) : intbondmet_drw has 0 polygons
2026-08-14 15:14:06 +0200: Memory Usage (470752K) : devbondvia_drw has 0 polygons
2026-08-14 15:14:06 +0200: Memory Usage (470880K) : devbondmet_drw has 0 polygons
2026-08-14 15:14:06 +0200: Memory Usage (470880K) : devtrench_drw has 0 polygons
2026-08-14 15:14:06 +0200: Memory Usage (471008K) : redist_drw has 0 polygons
2026-08-14 15:14:06 +0200: Memory Usage (471008K) : graphbot_drw has 0 polygons
2026-08-14 15:14:06 +0200: Memory Usage (471008K) : graphtop_drw has 0 polygons
2026-08-14 15:14:06 +0200: Memory Usage (471136K) : antvia1_drw has 0 polygons
2026-08-14 15:14:06 +0200: Memory Usage (471136K) : antmetal2_drw has 0 polygons
2026-08-14 15:14:06 +0200: Memory Usage (471136K) : graphcont_drw has 0 polygons
2026-08-14 15:14:06 +0200: Memory Usage (471264K) : siwg_drw has 0 polygons
2026-08-14 15:14:06 +0200: Memory Usage (471264K) : siwg_filler has 0 polygons
2026-08-14 15:14:06 +0200: Memory Usage (471264K) : siwg_nofill has 0 polygons
2026-08-14 15:14:06 +0200: Memory Usage (471392K) : sigrating_drw has 0 polygons
2026-08-14 15:14:06 +0200: Memory Usage (471392K) : singrating_drw has 0 polygons
2026-08-14 15:14:06 +0200: Memory Usage (471520K) : graphpas_drw has 0 polygons
2026-08-14 15:14:06 +0200: Memory Usage (471648K) : emwind3_drw has 0 polygons
2026-08-14 15:14:06 +0200: Memory Usage (471648K) : emwihv3_drw has 0 polygons
2026-08-14 15:14:06 +0200: Memory Usage (471776K) : redbulay_drw has 0 polygons
2026-08-14 15:14:06 +0200: Memory Usage (471776K) : smos_drw has 0 polygons
2026-08-14 15:14:06 +0200: Memory Usage (471904K) : graphpad_drw has 0 polygons
2026-08-14 15:14:06 +0200: Memory Usage (471904K) : polimide_drw has 0 polygons
2026-08-14 15:14:06 +0200: Memory Usage (472032K) : polimide_pin has 0 polygons
2026-08-14 15:14:06 +0200: Memory Usage (472032K) : recog_drw has 0 polygons
2026-08-14 15:14:06 +0200: Memory Usage (472160K) : recog_pin has 0 polygons
2026-08-14 15:14:06 +0200: Memory Usage (472160K) : recog_esd has 0 polygons
2026-08-14 15:14:06 +0200: Memory Usage (472288K) : recog_diode has 0 polygons
2026-08-14 15:14:06 +0200: Memory Usage (472416K) : recog_tsv has 0 polygons
2026-08-14 15:14:06 +0200: Memory Usage (472416K) : recog_iprobe has 0 polygons
2026-08-14 15:14:06 +0200: Memory Usage (472544K) : recog_diffprb has 0 polygons
2026-08-14 15:14:06 +0200: Memory Usage (472544K) : recog_pillar has 0 polygons
2026-08-14 15:14:06 +0200: Memory Usage (472672K) : recog_sbump has 0 polygons
2026-08-14 15:14:06 +0200: Memory Usage (472672K) : recog_otp has 0 polygons
2026-08-14 15:14:06 +0200: Memory Usage (472800K) : recog_pdiode has 0 polygons
2026-08-14 15:14:06 +0200: Memory Usage (472800K) : recog_mom has 0 polygons
2026-08-14 15:14:06 +0200: Memory Usage (472928K) : recog_pcm has 0 polygons
2026-08-14 15:14:06 +0200: Memory Usage (473056K) : colopen_drw has 0 polygons
2026-08-14 15:14:06 +0200: Memory Usage (473056K) : graphmetal1_drw has 0 polygons
2026-08-14 15:14:06 +0200: Memory Usage (473184K) : graphmetal1_filler has 0 polygons
2026-08-14 15:14:06 +0200: Memory Usage (473184K) : graphmetal1_nofill has 0 polygons
2026-08-14 15:14:06 +0200: Memory Usage (473312K) : graphmetal1_slit has 0 polygons
2026-08-14 15:14:06 +0200: Memory Usage (473312K) : graphmetal1_OPC has 0 polygons
2026-08-14 15:14:06 +0200: Memory Usage (473440K) : graphmet1l_drw has 0 polygons
2026-08-14 15:14:07 +0200: Memory Usage (473440K) : graphmet1l_filler has 0 polygons
2026-08-14 15:14:07 +0200: Memory Usage (473568K) : graphmet1l_nofill has 0 polygons
2026-08-14 15:14:07 +0200: Memory Usage (473568K) : graphmet1l_slit has 0 polygons
2026-08-14 15:14:07 +0200: Memory Usage (473568K) : graphmet1l_OPC has 0 polygons
2026-08-14 15:14:07 +0200: Memory Usage (473568K) : extblock_drw has 9 polygons
2026-08-14 15:14:07 +0200: Memory Usage (473568K) : nldd_drw has 0 polygons
2026-08-14 15:14:07 +0200: Memory Usage (473568K) : pldd_drw has 0 polygons
2026-08-14 15:14:07 +0200: Memory Usage (473568K) : next_drw has 0 polygons
2026-08-14 15:14:07 +0200: Memory Usage (473696K) : pext_drw has 0 polygons
2026-08-14 15:14:07 +0200: Memory Usage (473824K) : nexthv_drw has 0 polygons
2026-08-14 15:14:07 +0200: Memory Usage (473824K) : pexthv_drw has 0 polygons
2026-08-14 15:14:07 +0200: Memory Usage (473952K) : graphgate_drw has 0 polygons
2026-08-14 15:14:07 +0200: Memory Usage (473952K) : sinwg_drw has 0 polygons
2026-08-14 15:14:07 +0200: Memory Usage (474080K) : sinwg_filler has 0 polygons
2026-08-14 15:14:07 +0200: Memory Usage (474080K) : sinwg_nofill has 0 polygons
2026-08-14 15:14:07 +0200: Memory Usage (474208K) : mempad_drw has 0 polygons
2026-08-14 15:14:07 +0200: Memory Usage (474208K) : topvia1_drw has 0 polygons
2026-08-14 15:14:07 +0200: Memory Usage (474336K) : topmetal1_drw has 0 polygons
2026-08-14 15:14:07 +0200: Memory Usage (474464K) : topmetal1_filler has 0 polygons
2026-08-14 15:14:07 +0200: Memory Usage (474464K) : topmetal1_slit has 0 polygons
2026-08-14 15:14:07 +0200: Memory Usage (474592K) : topmetal1 has 0 polygons
2026-08-14 15:14:07 +0200: Memory Usage (474720K) : topmetal1_pin has 0 polygons
2026-08-14 15:14:07 +0200: Memory Usage (474720K) : topmetal1_mask has 0 polygons
2026-08-14 15:14:07 +0200: Memory Usage (474848K) : topmetal1_nofill has 0 polygons
2026-08-14 15:14:07 +0200: Memory Usage (474848K) : topmetal1_text has 0 polygons
2026-08-14 15:14:07 +0200: Memory Usage (474976K) : topmetal1_noqrc has 0 polygons
2026-08-14 15:14:07 +0200: Memory Usage (474976K) : topmetal1_res has 0 polygons
2026-08-14 15:14:07 +0200: Memory Usage (475104K) : topmetal1_iprobe has 0 polygons
2026-08-14 15:14:07 +0200: Memory Usage (475104K) : topmetal1_diffprb has 0 polygons
2026-08-14 15:14:07 +0200: Memory Usage (475232K) : inldpwl_drw has 0 polygons
2026-08-14 15:14:07 +0200: Memory Usage (475232K) : polyres_drw has 3 polygons
2026-08-14 15:14:07 +0200: Memory Usage (475360K) : polyres_pin has 0 polygons
2026-08-14 15:14:07 +0200: Memory Usage (475488K) : vmim_drw has 0 polygons
2026-08-14 15:14:07 +0200: Memory Usage (475488K) : nbulaycut_drw has 0 polygons
2026-08-14 15:14:07 +0200: Memory Usage (475616K) : antmetal1_drw has 0 polygons
2026-08-14 15:14:07 +0200: Memory Usage (475616K) : topvia2_drw has 0 polygons
2026-08-14 15:14:07 +0200: Memory Usage (475744K) : topmetal2_drw has 0 polygons
2026-08-14 15:14:07 +0200: Memory Usage (475744K) : topmetal2_filler has 0 polygons
2026-08-14 15:14:07 +0200: Memory Usage (475872K) : topmetal2_slit has 0 polygons
2026-08-14 15:14:07 +0200: Memory Usage (476000K) : topmetal2 has 0 polygons
2026-08-14 15:14:07 +0200: Memory Usage (476000K) : topmetal2_pin has 0 polygons
2026-08-14 15:14:07 +0200: Memory Usage (476128K) : topmetal2_mask has 0 polygons
2026-08-14 15:14:07 +0200: Memory Usage (476128K) : topmetal2_nofill has 0 polygons
2026-08-14 15:14:07 +0200: Memory Usage (476256K) : topmetal2_text has 0 polygons
2026-08-14 15:14:07 +0200: Memory Usage (476384K) : topmetal2_noqrc has 0 polygons
2026-08-14 15:14:07 +0200: Memory Usage (476384K) : topmetal2_res has 0 polygons
2026-08-14 15:14:07 +0200: Memory Usage (476512K) : topmetal2_iprobe has 0 polygons
2026-08-14 15:14:07 +0200: Memory Usage (476512K) : topmetal2_diffprb has 0 polygons
2026-08-14 15:14:07 +0200: Memory Usage (476640K) : snsring_drw has 0 polygons
2026-08-14 15:14:07 +0200: Memory Usage (476640K) : sensor_drw has 0 polygons
2026-08-14 15:14:07 +0200: Memory Usage (476768K) : snsarms_drw has 0 polygons
2026-08-14 15:14:07 +0200: Memory Usage (476768K) : snscmosvia_drw has 0 polygons
2026-08-14 15:14:07 +0200: Memory Usage (476896K) : colwind_drw has 0 polygons
2026-08-14 15:14:07 +0200: Memory Usage (477024K) : flm_drw has 0 polygons
2026-08-14 15:14:07 +0200: Memory Usage (477024K) : hafniumox_drw has 0 polygons
2026-08-14 15:14:07 +0200: Memory Usage (477152K) : memvia_drw has 0 polygons
2026-08-14 15:14:07 +0200: Memory Usage (477152K) : thinfilmres_drw has 0 polygons
2026-08-14 15:14:07 +0200: Memory Usage (477280K) : rfmem_drw has 0 polygons
2026-08-14 15:14:07 +0200: Memory Usage (477280K) : norcx_drw has 0 polygons
2026-08-14 15:14:07 +0200: Memory Usage (477408K) : norcx_m2m3 has 0 polygons
2026-08-14 15:14:07 +0200: Memory Usage (477408K) : norcx_m2m4 has 0 polygons
2026-08-14 15:14:07 +0200: Memory Usage (477536K) : norcx_m2m5 has 0 polygons
2026-08-14 15:14:07 +0200: Memory Usage (477536K) : norcx_m2tm1 has 0 polygons
2026-08-14 15:14:07 +0200: Memory Usage (477664K) : norcx_m2tm2 has 0 polygons
2026-08-14 15:14:07 +0200: Memory Usage (477792K) : norcx_m3m4 has 0 polygons
2026-08-14 15:14:07 +0200: Memory Usage (477792K) : norcx_m3m5 has 0 polygons
2026-08-14 15:14:07 +0200: Memory Usage (477920K) : norcx_m3tm1 has 0 polygons
2026-08-14 15:14:07 +0200: Memory Usage (477920K) : norcx_m3tm2 has 0 polygons
2026-08-14 15:14:07 +0200: Memory Usage (478048K) : norcx_m4m5 has 0 polygons
2026-08-14 15:14:07 +0200: Memory Usage (478048K) : norcx_m4tm1 has 0 polygons
2026-08-14 15:14:07 +0200: Memory Usage (478176K) : norcx_m4tm2 has 0 polygons
2026-08-14 15:14:07 +0200: Memory Usage (478176K) : norcx_m5tm1 has 0 polygons
2026-08-14 15:14:07 +0200: Memory Usage (478304K) : norcx_m5tm2 has 0 polygons
2026-08-14 15:14:07 +0200: Memory Usage (478304K) : norcx_tm1tm2 has 0 polygons
2026-08-14 15:14:07 +0200: Memory Usage (478432K) : norcx_m1sub has 0 polygons
2026-08-14 15:14:07 +0200: Memory Usage (478560K) : norcx_m2sub has 0 polygons
2026-08-14 15:14:07 +0200: Memory Usage (478560K) : norcx_m3sub has 0 polygons
2026-08-14 15:14:07 +0200: Memory Usage (478688K) : norcx_m4sub has 0 polygons
2026-08-14 15:14:07 +0200: Memory Usage (478688K) : norcx_m5sub has 0 polygons
2026-08-14 15:14:07 +0200: Memory Usage (478816K) : norcx_tm1sub has 0 polygons
2026-08-14 15:14:07 +0200: Memory Usage (478816K) : norcx_tm2sub has 0 polygons
2026-08-14 15:14:07 +0200: Memory Usage (478944K) : snsbotvia_drw has 0 polygons
2026-08-14 15:14:07 +0200: Memory Usage (478944K) : snstopvia_drw has 0 polygons
2026-08-14 15:14:07 +0200: Memory Usage (479072K) : deepvia_drw has 0 polygons
2026-08-14 15:14:07 +0200: Memory Usage (479200K) : fgetch_drw has 0 polygons
2026-08-14 15:14:07 +0200: Memory Usage (479200K) : ctrgat_drw has 0 polygons
2026-08-14 15:14:07 +0200: Memory Usage (479328K) : fgimp_drw has 0 polygons
2026-08-14 15:14:07 +0200: Memory Usage (479328K) : emwihv_drw has 0 polygons
2026-08-14 15:14:07 +0200: Memory Usage (479456K) : lbe_drw has 0 polygons
2026-08-14 15:14:07 +0200: Memory Usage (479456K) : alcustop_drw has 0 polygons
2026-08-14 15:14:07 +0200: Memory Usage (479584K) : nometfiller_drw has 0 polygons
2026-08-14 15:14:07 +0200: Memory Usage (479584K) : prboundary_drw has 0 polygons
2026-08-14 15:14:07 +0200: Memory Usage (479712K) : exchange0_drw has 0 polygons
2026-08-14 15:14:07 +0200: Memory Usage (479712K) : exchange0_pin has 0 polygons
2026-08-14 15:14:07 +0200: Memory Usage (479840K) : exchange0_text has 0 polygons
2026-08-14 15:14:07 +0200: Memory Usage (479968K) : exchange1_drw has 0 polygons
2026-08-14 15:14:07 +0200: Memory Usage (479968K) : exchange1_pin has 0 polygons
2026-08-14 15:14:07 +0200: Memory Usage (479968K) : exchange1_text has 0 polygons
2026-08-14 15:14:07 +0200: Memory Usage (480096K) : exchange2_drw has 0 polygons
2026-08-14 15:14:07 +0200: Memory Usage (480096K) : exchange2_pin has 0 polygons
2026-08-14 15:14:07 +0200: Memory Usage (480096K) : exchange2_text has 0 polygons
2026-08-14 15:14:07 +0200: Memory Usage (480096K) : exchange3_drw has 0 polygons
2026-08-14 15:14:07 +0200: Memory Usage (480096K) : exchange3_pin has 0 polygons
2026-08-14 15:14:07 +0200: Memory Usage (480096K) : exchange3_text has 0 polygons
2026-08-14 15:14:07 +0200: Memory Usage (480096K) : exchange4_drw has 0 polygons
2026-08-14 15:14:07 +0200: Memory Usage (480096K) : exchange4_pin has 0 polygons
2026-08-14 15:14:07 +0200: Memory Usage (480096K) : exchange4_text has 0 polygons
2026-08-14 15:14:07 +0200: Memory Usage (480096K) : isonwell_drw has 0 polygons
2026-08-14 15:14:07 +0200: Memory Usage (480096K) : Total no. of polygons in the design is 1795
2026-08-14 15:14:07 +0200: Memory Usage (480096K) : Starting CMOS5L Forbidden Layer Check
2026-08-14 15:14:07 +0200: Memory Usage (480224K) : CMOS5L Forbidden Layer Check: PASSED - No forbidden layers found
2026-08-14 15:14:07 +0200: Memory Usage (480224K) : CMOS5L Forbidden Layer Check: PASSED
2026-08-14 15:14:07 +0200: Memory Usage (480224K) : Starting base layers derivations
2026-08-14 15:14:07 +0200: Memory Usage (480224K) : Starting general LVS derivations
2026-08-14 15:14:07 +0200: Memory Usage (485940K) : Starting MOSFET DERIVATIONS
2026-08-14 15:14:07 +0200: Memory Usage (488244K) : Starting NMOS DERIVATIONS
2026-08-14 15:14:07 +0200: Memory Usage (488500K) : Starting PMOS DERIVATIONS
2026-08-14 15:14:07 +0200: Memory Usage (488500K) : Starting RF-MOSFET DERIVATIONS
2026-08-14 15:14:07 +0200: Memory Usage (488500K) : Starting RF-NMOS DERIVATIONS
2026-08-14 15:14:07 +0200: Memory Usage (488500K) : Starting RF-PMOS DERIVATIONS
2026-08-14 15:14:07 +0200: Memory Usage (488500K) : Starting BJT DERIVATIONS
2026-08-14 15:14:07 +0200: Memory Usage (488500K) : Starting NPN-BJT DERIVATIONS
2026-08-14 15:14:07 +0200: Memory Usage (488500K) : Starting PNP-BJT DERIVATIONS
2026-08-14 15:14:07 +0200: Memory Usage (488500K) : Starting DIODE DERIVATIONS
2026-08-14 15:14:07 +0200: Memory Usage (488500K) : Starting RESISTOR DERIVATIONS
2026-08-14 15:14:07 +0200: Memory Usage (489012K) : Starting CAP DERIVATIONS
2026-08-14 15:14:07 +0200: Memory Usage (489012K) : Starting CAP_MFRINGE DERIVATIONS
2026-08-14 15:14:07 +0200: Memory Usage (489012K) : Starting ESD DERIVATIONS
2026-08-14 15:14:07 +0200: Memory Usage (491188K) : Starting Inductor DERIVATIONS
2026-08-14 15:14:07 +0200: Memory Usage (491188K) : Starting Taps DERIVATIONS
2026-08-14 15:14:08 +0200: Memory Usage (491188K) : Starting SG13G2 LVS connectivity setup
2026-08-14 15:14:08 +0200: Memory Usage (491188K) : Starting SG13G2 LVS connectivity setup (Inter-layer)
2026-08-14 15:14:08 +0200: Memory Usage (491188K) : Starting SG13G2 LVS connectivity setup (Global)
2026-08-14 15:14:08 +0200: Memory Usage (491188K) : Starting LVS MOSFET CONNECTIONS
2026-08-14 15:14:08 +0200: Memory Usage (491188K) : Starting LVS RF-MOSFET CONNECTIONS
2026-08-14 15:14:08 +0200: Memory Usage (491188K) : Starting LVS BJT CONNECTIONS
2026-08-14 15:14:08 +0200: Memory Usage (491188K) : Starting LVS DIODE CONNECTIONS
2026-08-14 15:14:08 +0200: Memory Usage (491188K) : Starting RESISTOR CONNECTIONS
2026-08-14 15:14:08 +0200: Memory Usage (491188K) : Starting LVS CAP CONNECTIONS
2026-08-14 15:14:08 +0200: Memory Usage (491188K) : Starting ESD CONNECTIONS
2026-08-14 15:14:08 +0200: Memory Usage (491188K) : Starting Inductor CONNECTIONS
2026-08-14 15:14:08 +0200: Memory Usage (491188K) : Starting LVS Taps CONNECTIONS
2026-08-14 15:14:08 +0200: Memory Usage (491188K) : Starting CAP_MFRINGE CONNECTIONS
2026-08-14 15:14:08 +0200: Memory Usage (491188K) : Starting SG13CMOS5L LVS DEVICES EXTRACTION
2026-08-14 15:14:08 +0200: Memory Usage (491188K) : Starting MOSFET EXTRACTION
2026-08-14 15:14:08 +0200: Memory Usage (491188K) : Starting NMOS EXTRACTION
2026-08-14 15:14:08 +0200: Memory Usage (491188K) : Extraction of NMOS-LV transistor
2026-08-14 15:14:08 +0200: Memory Usage (491316K) : Extraction of NMOS-HV transistor
2026-08-14 15:14:08 +0200: Memory Usage (491316K) : Starting PMOS EXTRACTION
2026-08-14 15:14:08 +0200: Memory Usage (491316K) : Extraction of PMOS-LV transistor
2026-08-14 15:14:08 +0200: Memory Usage (491316K) : Extraction of PMOS-HV transistor
2026-08-14 15:14:08 +0200: Memory Usage (491316K) : Starting RF-MOSFET EXTRACTION
2026-08-14 15:14:08 +0200: Memory Usage (491316K) : Extraction of RF-NMOS-LV transistor
2026-08-14 15:14:08 +0200: Memory Usage (491316K) : Extraction of RF-NMOS-HV transistor
2026-08-14 15:14:08 +0200: Memory Usage (491316K) : Extraction of RF-PMOS-LV transistor
2026-08-14 15:14:08 +0200: Memory Usage (491316K) : Extraction of RF-PMOS-HV transistor
2026-08-14 15:14:08 +0200: Memory Usage (491316K) : Starting BJT EXTRACTION
2026-08-14 15:14:08 +0200: Memory Usage (491316K) : Starting NPN-BJT EXTRACTION
2026-08-14 15:14:08 +0200: Memory Usage (491316K) : Extraction of npn13G2 BJT transistor
2026-08-14 15:14:08 +0200: Memory Usage (491316K) : Extraction of npn13G2L BJT transistor
2026-08-14 15:14:08 +0200: Memory Usage (491316K) : Extraction of npn13G2V BJT transistor
2026-08-14 15:14:08 +0200: Memory Usage (491316K) : Starting PNP-BJT EXTRACTION
2026-08-14 15:14:08 +0200: Memory Usage (491316K) : Extracting pnpMPA BJT
2026-08-14 15:14:08 +0200: Memory Usage (491316K) : Starting DIODE EXTRACTION
2026-08-14 15:14:08 +0200: Memory Usage (491316K) : Extracting dantenna diode
2026-08-14 15:14:08 +0200: Memory Usage (491316K) : Extracting dpantenna diode
2026-08-14 15:14:08 +0200: Memory Usage (491316K) : Extracting schottky_nbl1 diode
2026-08-14 15:14:08 +0200: Memory Usage (491316K) : Extracting isolbox diode
2026-08-14 15:14:08 +0200: Memory Usage (491316K) : Starting RESISTOR EXTRACTION
2026-08-14 15:14:08 +0200: Memory Usage (491316K) : Extracting rsil resistor
2026-08-14 15:14:08 +0200: Memory Usage (491316K) : Extracting rppd resistor
2026-08-14 15:14:08 +0200: Memory Usage (491444K) : Extracting rhigh resistor
2026-08-14 15:14:08 +0200: Memory Usage (491444K) : Extracting res_metal1 resistor
2026-08-14 15:14:08 +0200: Memory Usage (491572K) : Extracting res_metal2 resistor
2026-08-14 15:14:08 +0200: Memory Usage (491572K) : Extracting res_metal3 resistor
2026-08-14 15:14:08 +0200: Memory Usage (491572K) : Extracting res_metal4 resistor
2026-08-14 15:14:08 +0200: Memory Usage (491572K) : Extracting res_metal5 resistor
2026-08-14 15:14:08 +0200: Memory Usage (491572K) : Extracting res_topmetal1 resistor
2026-08-14 15:14:08 +0200: Memory Usage (491572K) : Extracting res_topmetal2 resistor
2026-08-14 15:14:08 +0200: Memory Usage (491572K) : Starting CAP EXTRACTION
2026-08-14 15:14:08 +0200: Memory Usage (491572K) : Extracting cap_cmim device
2026-08-14 15:14:08 +0200: Memory Usage (491572K) : Extracting rfcmim device
2026-08-14 15:14:08 +0200: Memory Usage (491572K) : Extracting sg13_hv_svaricap varactor
2026-08-14 15:14:08 +0200: Memory Usage (491572K) : Extracting cap_mfringe device
2026-08-14 15:14:08 +0200: Memory Usage (491572K) : Starting ESD EXTRACTION
2026-08-14 15:14:08 +0200: Memory Usage (491572K) : Extracting diodevdd_2kv ESD device
2026-08-14 15:14:08 +0200: Memory Usage (491572K) : Extracting diodevdd_4kv ESD device
2026-08-14 15:14:08 +0200: Memory Usage (491572K) : Extracting diodevss_2kv ESD device
2026-08-14 15:14:08 +0200: Memory Usage (491572K) : Extracting diodevss_4kv ESD device
2026-08-14 15:14:08 +0200: Memory Usage (491572K) : Extracting idiodevdd_2kv ESD device
2026-08-14 15:14:08 +0200: Memory Usage (491572K) : Extracting idiodevdd_4kv ESD device
2026-08-14 15:14:08 +0200: Memory Usage (491572K) : Extracting idiodevss_2kv ESD device
2026-08-14 15:14:08 +0200: Memory Usage (491572K) : Extracting idiodevss_4kv ESD device
2026-08-14 15:14:08 +0200: Memory Usage (491572K) : Extracting nmoscl_2 ESD device
2026-08-14 15:14:08 +0200: Memory Usage (491572K) : Extracting nmoscl_4 ESD device
2026-08-14 15:14:08 +0200: Memory Usage (491572K) : Starting Inductor EXTRACTION
2026-08-14 15:14:08 +0200: Memory Usage (491572K) : Extracting Inductor2 device
2026-08-14 15:14:08 +0200: Memory Usage (491572K) : Extracting Inductor3 device
2026-08-14 15:14:08 +0200: Memory Usage (491572K) : Starting Taps EXTRACTION
2026-08-14 15:14:08 +0200: Memory Usage (491572K) : DISABLE_TAP_EXTRACTION is enabled: skipping ntap1/ptap1 device extraction.
2026-08-14 15:14:08 +0200: Memory Usage (491572K) : Starting SG13CMOS5L LVS RF MOS Model Mapping
2026-08-14 15:14:08 +0200: Memory Usage (491572K) : [layout_netlist] Apply RF MOS model mapping and rfmode parameter.
2026-08-14 15:14:08 +0200: Memory Usage (491572K) : Starting SG13CMOS5L LVS Options Preparations
2026-08-14 15:14:08 +0200: Memory Usage (491572K) : SG13CMOS5L LVS flow: extraction -> alignment -> option preparation -> comparison.
2026-08-14 15:14:08 +0200: Memory Usage (491572K) : Starting SG13CMOS5L LVS Alignment
2026-08-14 15:14:08 +0200: Memory Usage (491700K) : Starting SG13CMOS5L LVS Simplification
2026-08-14 15:14:08 +0200: Memory Usage (491700K) : [layout_netlist] simplify: ENABLED
2026-08-14 15:14:08 +0200: Memory Usage (491700K) : [layout_netlist] make_top_level_pins: SKIPPED
2026-08-14 15:14:08 +0200: Memory Usage (491700K) : [layout_netlist] combine_devices: SKIPPED
2026-08-14 15:14:08 +0200: Memory Usage (491700K) : [layout_netlist] purge: SKIPPED
2026-08-14 15:14:08 +0200: Memory Usage (491700K) : [layout_netlist] purge_nets: SKIPPED
2026-08-14 15:14:08 +0200: Memory Usage (491700K) : [schematic_netlist] simplify: ENABLED
2026-08-14 15:14:08 +0200: Memory Usage (491700K) : [schematic_netlist] make_top_level_pins: SKIPPED
2026-08-14 15:14:08 +0200: Memory Usage (491700K) : [schematic_netlist] combine_devices: SKIPPED
2026-08-14 15:14:08 +0200: Memory Usage (491700K) : [schematic_netlist] purge: SKIPPED
2026-08-14 15:14:08 +0200: Memory Usage (491700K) : [schematic_netlist] purge_nets: SKIPPED
2026-08-14 15:14:08 +0200: Memory Usage (491700K) : Starting SG13CMOS5L LVS Comparison in strict port mode.
2026-08-14 15:14:08 +0200: Memory Usage (491700K) : flag_missing_ports enabled: missing/mislabeled top-level ports are treated as errors.
2026-08-14 15:14:08 +0200: Memory Usage (491828K) : xxxxxxxxxxxxxxxxxxxxxxxxxxxxxxxxxxxxxxxxxx
2026-08-14 15:14:08 +0200: Memory Usage (491828K) : ERROR : Netlists don't match
2026-08-14 15:14:08 +0200: Memory Usage (491828K) : xxxxxxxxxxxxxxxxxxxxxxxxxxxxxxxxxxxxxxxxxx
2026-08-14 15:14:08 +0200: Memory Usage (491828K) : LVS Total Run time 1.335056 seconds
2026-08-14 15:14:39 +0200: Memory Usage (457536K) : Starting running SG13CMOS5L Klayout LVS runset on /foss/designs/CHIP-PLL/layout/CP/charge_pump/charge_pump_cell_next.gds
2026-08-14 15:14:39 +0200: Memory Usage (457536K) : Ruby Version for klayout: 3.2.3
2026-08-14 15:14:39 +0200: Memory Usage (459016K) : Loading database to memory is complete.
2026-08-14 15:14:39 +0200: Memory Usage (459016K) : SG13CMOS5L Klayout LVS runset output at: /foss/designs/CHIP-PLL/layout/CP/lvs/charge_pump_cell_next.lvsdb
2026-08-14 15:14:39 +0200: Memory Usage (459016K) : Evaluate switches.
2026-08-14 15:14:39 +0200: Memory Usage (459016K) : Extracted netlist with net names: true
2026-08-14 15:14:39 +0200: Memory Usage (459016K) : Extracted netlist with comments in details: false
2026-08-14 15:14:39 +0200: Memory Usage (459016K) : Selected NET_ONLY option: false
2026-08-14 15:14:39 +0200: Memory Usage (459016K) : Selected LAYOUT_NETLIST option: (none)
2026-08-14 15:14:39 +0200: Memory Usage (459016K) : Selected IGNORE_TOP_PORTS_MISMATCH option: 
2026-08-14 15:14:39 +0200: Memory Usage (459016K) : Selected IMPLICIT_NETS option: (none)
2026-08-14 15:14:39 +0200: Memory Usage (459016K) : Selected TOP_LVL_PINS option: false
2026-08-14 15:14:39 +0200: Memory Usage (459016K) : Selected COMBINE DEVICES option: false
2026-08-14 15:14:39 +0200: Memory Usage (459016K) : Selected PURGE option: false
2026-08-14 15:14:39 +0200: Memory Usage (459016K) : Selected PURGE_NETS option: false
2026-08-14 15:14:39 +0200: Memory Usage (459016K) : Selected SIMPLIFY option: true
2026-08-14 15:14:39 +0200: Memory Usage (459016K) : Selected SERIES_RES option: true
2026-08-14 15:14:39 +0200: Memory Usage (459016K) : Selected PARALLEL_RES option: true
2026-08-14 15:14:39 +0200: Memory Usage (459016K) : Selected DISABLE_TAP_EXTRACTION option: true
2026-08-14 15:14:39 +0200: Memory Usage (459016K) : deep  mode is enabled.
2026-08-14 15:14:39 +0200: Memory Usage (459272K) : Netlist file: /foss/designs/CHIP-PLL/layout/CP/netlists/charge_pump_cell.spice
2026-08-14 15:14:39 +0200: Memory Usage (459272K) : LVS extracted netlist at: /foss/designs/CHIP-PLL/layout/CP/lvs/charge_pump_cell_next_extracted.cir
2026-08-14 15:14:39 +0200: Memory Usage (459272K) : Applying SRAM integration support.
2026-08-14 15:14:39 +0200: Memory Usage (459272K) : Starting SG13CMOS5L LVS runset
2026-08-14 15:14:39 +0200: Memory Usage (459272K) : Read in polygons from layers.
2026-08-14 15:14:39 +0200: Memory Usage (460156K) : activ_drw has 123 polygons
2026-08-14 15:14:39 +0200: Memory Usage (460156K) : activ_filler has 0 polygons
2026-08-14 15:14:39 +0200: Memory Usage (460332K) : activ has 123 polygons
2026-08-14 15:14:39 +0200: Memory Usage (460332K) : activ_pin has 0 polygons
2026-08-14 15:14:39 +0200: Memory Usage (460332K) : activ_mask has 0 polygons
2026-08-14 15:14:39 +0200: Memory Usage (460332K) : activ_nofill has 0 polygons
2026-08-14 15:14:39 +0200: Memory Usage (460332K) : activ_OPC has 0 polygons
2026-08-14 15:14:39 +0200: Memory Usage (460332K) : activ_iOPC has 0 polygons
2026-08-14 15:14:39 +0200: Memory Usage (460332K) : activ_noqrc has 0 polygons
2026-08-14 15:14:39 +0200: Memory Usage (460332K) : biwind_drw has 0 polygons
2026-08-14 15:14:39 +0200: Memory Usage (460332K) : biwind_OPC has 0 polygons
2026-08-14 15:14:39 +0200: Memory Usage (460464K) : gatpoly_drw has 129 polygons
2026-08-14 15:14:39 +0200: Memory Usage (460464K) : gatpoly_filler has 0 polygons
2026-08-14 15:14:39 +0200: Memory Usage (460464K) : gatpoly has 129 polygons
2026-08-14 15:14:39 +0200: Memory Usage (460464K) : gatpoly_pin has 29 polygons
2026-08-14 15:14:39 +0200: Memory Usage (460464K) : gatpoly_nofill has 0 polygons
2026-08-14 15:14:39 +0200: Memory Usage (460592K) : gatpoly_OPC has 0 polygons
2026-08-14 15:14:39 +0200: Memory Usage (460592K) : gatpoly_iOPC has 0 polygons
2026-08-14 15:14:39 +0200: Memory Usage (460592K) : gatpoly_noqrc has 0 polygons
2026-08-14 15:14:39 +0200: Memory Usage (460720K) : cont_drw has 577 polygons
2026-08-14 15:14:39 +0200: Memory Usage (460848K) : cont_OPC has 0 polygons
2026-08-14 15:14:39 +0200: Memory Usage (460848K) : nsd_drw has 0 polygons
2026-08-14 15:14:39 +0200: Memory Usage (460976K) : nsd_block has 0 polygons
2026-08-14 15:14:39 +0200: Memory Usage (461152K) : metal1_drw has 381 polygons
2026-08-14 15:14:39 +0200: Memory Usage (461536K) : metal1_filler has 0 polygons
2026-08-14 15:14:39 +0200: Memory Usage (461536K) : metal1_slit has 0 polygons
2026-08-14 15:14:39 +0200: Memory Usage (461792K) : metal1 has 381 polygons
2026-08-14 15:14:39 +0200: Memory Usage (461792K) : metal1_pin has 74 polygons
2026-08-14 15:14:39 +0200: Memory Usage (461792K) : metal1_mask has 0 polygons
2026-08-14 15:14:39 +0200: Memory Usage (461920K) : metal1_nofill has 0 polygons
2026-08-14 15:14:39 +0200: Memory Usage (462048K) : metal1_text has 8 polygons
2026-08-14 15:14:39 +0200: Memory Usage (462176K) : metal1_OPC has 0 polygons
2026-08-14 15:14:39 +0200: Memory Usage (462176K) : metal1_noqrc has 0 polygons
2026-08-14 15:14:39 +0200: Memory Usage (462304K) : metal1_res has 0 polygons
2026-08-14 15:14:39 +0200: Memory Usage (462304K) : metal1_iprobe has 0 polygons
2026-08-14 15:14:39 +0200: Memory Usage (462432K) : metal1_diffprb has 0 polygons
2026-08-14 15:14:39 +0200: Memory Usage (462432K) : passiv_drw has 0 polygons
2026-08-14 15:14:39 +0200: Memory Usage (462560K) : passiv_pin has 0 polygons
2026-08-14 15:14:39 +0200: Memory Usage (462560K) : passiv_sbump has 0 polygons
2026-08-14 15:14:39 +0200: Memory Usage (462688K) : passiv_pillar has 0 polygons
2026-08-14 15:14:39 +0200: Memory Usage (462688K) : passiv_pdl has 0 polygons
2026-08-14 15:14:39 +0200: Memory Usage (462944K) : metal2_drw has 146 polygons
2026-08-14 15:14:39 +0200: Memory Usage (462944K) : metal2_filler has 0 polygons
2026-08-14 15:14:39 +0200: Memory Usage (463072K) : metal2_slit has 0 polygons
2026-08-14 15:14:39 +0200: Memory Usage (463200K) : metal2 has 146 polygons
2026-08-14 15:14:39 +0200: Memory Usage (463200K) : metal2_pin has 6 polygons
2026-08-14 15:14:39 +0200: Memory Usage (463328K) : metal2_mask has 0 polygons
2026-08-14 15:14:39 +0200: Memory Usage (463328K) : metal2_nofill has 0 polygons
2026-08-14 15:14:39 +0200: Memory Usage (463456K) : metal2_text has 6 polygons
2026-08-14 15:14:39 +0200: Memory Usage (463456K) : metal2_OPC has 0 polygons
2026-08-14 15:14:39 +0200: Memory Usage (463584K) : metal2_noqrc has 0 polygons
2026-08-14 15:14:39 +0200: Memory Usage (463584K) : metal2_res has 0 polygons
2026-08-14 15:14:39 +0200: Memory Usage (463712K) : metal2_iprobe has 0 polygons
2026-08-14 15:14:39 +0200: Memory Usage (463712K) : metal2_diffprb has 0 polygons
2026-08-14 15:14:39 +0200: Memory Usage (463840K) : baspoly_drw has 0 polygons
2026-08-14 15:14:39 +0200: Memory Usage (463968K) : baspoly_pin has 0 polygons
2026-08-14 15:14:39 +0200: Memory Usage (463968K) : psd_drw has 26 polygons
2026-08-14 15:14:39 +0200: Memory Usage (464096K) : nldb_drw has 0 polygons
2026-08-14 15:14:39 +0200: Memory Usage (464096K) : digibnd_drw has 0 polygons
2026-08-14 15:14:39 +0200: Memory Usage (464224K) : via1_drw has 66 polygons
2026-08-14 15:14:39 +0200: Memory Usage (464224K) : backmetal1_drw has 0 polygons
2026-08-14 15:14:39 +0200: Memory Usage (464352K) : backmetal1_pin has 0 polygons
2026-08-14 15:14:39 +0200: Memory Usage (464352K) : backmetal1_mask has 0 polygons
2026-08-14 15:14:39 +0200: Memory Usage (464480K) : backmetal1_filler has 0 polygons
2026-08-14 15:14:39 +0200: Memory Usage (464608K) : backmetal1_nofill has 0 polygons
2026-08-14 15:14:39 +0200: Memory Usage (464736K) : backmetal1_slit has 0 polygons
2026-08-14 15:14:39 +0200: Memory Usage (464864K) : backmetal1_text has 0 polygons
2026-08-14 15:14:39 +0200: Memory Usage (464864K) : backmetal1_OPC has 0 polygons
2026-08-14 15:14:39 +0200: Memory Usage (464992K) : backmetal1_noqrc has 0 polygons
2026-08-14 15:14:39 +0200: Memory Usage (464992K) : backmetal1_res has 0 polygons
2026-08-14 15:14:39 +0200: Memory Usage (465120K) : backmetal1_iprobe has 0 polygons
2026-08-14 15:14:39 +0200: Memory Usage (465120K) : backmetal1_diffprb has 0 polygons
2026-08-14 15:14:39 +0200: Memory Usage (465248K) : backpassiv_drw has 0 polygons
2026-08-14 15:14:39 +0200: Memory Usage (465248K) : res_drw has 0 polygons
2026-08-14 15:14:39 +0200: Memory Usage (465376K) : sram_drw has 0 polygons
2026-08-14 15:14:39 +0200: Memory Usage (465504K) : trans_drw has 0 polygons
2026-08-14 15:14:39 +0200: Memory Usage (465504K) : ind_drw has 0 polygons
2026-08-14 15:14:39 +0200: Memory Usage (465632K) : ind_pin has 0 polygons
2026-08-14 15:14:39 +0200: Memory Usage (465632K) : ind_text has 0 polygons
2026-08-14 15:14:39 +0200: Memory Usage (465760K) : salblock_drw has 3 polygons
2026-08-14 15:14:39 +0200: Memory Usage (465760K) : via2_drw has 24 polygons
2026-08-14 15:14:39 +0200: Memory Usage (465888K) : metal3_drw has 47 polygons
2026-08-14 15:14:39 +0200: Memory Usage (466016K) : metal3_filler has 0 polygons
2026-08-14 15:14:39 +0200: Memory Usage (466016K) : metal3_slit has 0 polygons
2026-08-14 15:14:39 +0200: Memory Usage (466144K) : metal3 has 47 polygons
2026-08-14 15:14:39 +0200: Memory Usage (466272K) : metal3_pin has 0 polygons
2026-08-14 15:14:39 +0200: Memory Usage (466272K) : metal3_mask has 0 polygons
2026-08-14 15:14:39 +0200: Memory Usage (466272K) : metal3_nofill has 0 polygons
2026-08-14 15:14:39 +0200: Memory Usage (466272K) : metal3_text has 0 polygons
2026-08-14 15:14:39 +0200: Memory Usage (466400K) : metal3_OPC has 0 polygons
2026-08-14 15:14:39 +0200: Memory Usage (466400K) : metal3_noqrc has 0 polygons
2026-08-14 15:14:39 +0200: Memory Usage (466400K) : metal3_res has 0 polygons
2026-08-14 15:14:39 +0200: Memory Usage (466528K) : metal3_iprobe has 0 polygons
2026-08-14 15:14:39 +0200: Memory Usage (466528K) : metal3_diffprb has 0 polygons
2026-08-14 15:14:39 +0200: Memory Usage (466528K) : nwell_drw has 27 polygons
2026-08-14 15:14:39 +0200: Memory Usage (466656K) : nwell_pin has 4 polygons
2026-08-14 15:14:39 +0200: Memory Usage (466656K) : nwell_text has 0 polygons
2026-08-14 15:14:39 +0200: Memory Usage (466656K) : nbulay_drw has 0 polygons
2026-08-14 15:14:39 +0200: Memory Usage (466656K) : nbulay_pin has 0 polygons
2026-08-14 15:14:39 +0200: Memory Usage (466784K) : nbulay_block has 0 polygons
2026-08-14 15:14:39 +0200: Memory Usage (466784K) : emwind_drw has 0 polygons
2026-08-14 15:14:39 +0200: Memory Usage (466912K) : emwind_OPC has 0 polygons
2026-08-14 15:14:39 +0200: Memory Usage (466912K) : deepco_drw has 0 polygons
2026-08-14 15:14:39 +0200: Memory Usage (467040K) : mim_drw has 0 polygons
2026-08-14 15:14:39 +0200: Memory Usage (467040K) : edgeseal_drw has 0 polygons
2026-08-14 15:14:39 +0200: Memory Usage (467168K) : substrate_drw has 17 polygons
2026-08-14 15:14:39 +0200: Memory Usage (467296K) : substrate_text has 0 polygons
2026-08-14 15:14:39 +0200: Memory Usage (467296K) : dfpad_drw has 0 polygons
2026-08-14 15:14:39 +0200: Memory Usage (467424K) : dfpad_pillar has 0 polygons
2026-08-14 15:14:39 +0200: Memory Usage (467424K) : dfpad_sbump has 0 polygons
2026-08-14 15:14:39 +0200: Memory Usage (467552K) : thickgateox_drw has 0 polygons
2026-08-14 15:14:39 +0200: Memory Usage (467552K) : pldb_drw has 0 polygons
2026-08-14 15:14:39 +0200: Memory Usage (467680K) : pwell_drw has 0 polygons
2026-08-14 15:14:39 +0200: Memory Usage (467680K) : pwell_pin has 0 polygons
2026-08-14 15:14:39 +0200: Memory Usage (467808K) : pwell_block has 0 polygons
2026-08-14 15:14:39 +0200: Memory Usage (467808K) : ic_drw has 0 polygons
2026-08-14 15:14:39 +0200: Memory Usage (467936K) : via3_drw has 0 polygons
2026-08-14 15:14:39 +0200: Memory Usage (468064K) : metal4_drw has 0 polygons
2026-08-14 15:14:39 +0200: Memory Usage (468064K) : metal4_filler has 0 polygons
2026-08-14 15:14:39 +0200: Memory Usage (468192K) : metal4_slit has 0 polygons
2026-08-14 15:14:39 +0200: Memory Usage (468320K) : metal4 has 0 polygons
2026-08-14 15:14:39 +0200: Memory Usage (468320K) : metal4_pin has 0 polygons
2026-08-14 15:14:39 +0200: Memory Usage (468448K) : metal4_mask has 0 polygons
2026-08-14 15:14:39 +0200: Memory Usage (468448K) : metal4_nofill has 0 polygons
2026-08-14 15:14:39 +0200: Memory Usage (468576K) : metal4_text has 0 polygons
2026-08-14 15:14:39 +0200: Memory Usage (468576K) : metal4_OPC has 0 polygons
2026-08-14 15:14:39 +0200: Memory Usage (468704K) : metal4_noqrc has 0 polygons
2026-08-14 15:14:39 +0200: Memory Usage (468704K) : metal4_res has 0 polygons
2026-08-14 15:14:39 +0200: Memory Usage (468832K) : metal4_iprobe has 0 polygons
2026-08-14 15:14:39 +0200: Memory Usage (468832K) : metal4_diffprb has 0 polygons
2026-08-14 15:14:39 +0200: Memory Usage (468832K) : heattrans_drw has 41 polygons
2026-08-14 15:14:39 +0200: Memory Usage (468832K) : heatres_drw has 3 polygons
2026-08-14 15:14:39 +0200: Memory Usage (468960K) : fbe_drw has 0 polygons
2026-08-14 15:14:39 +0200: Memory Usage (468960K) : empoly_drw has 0 polygons
2026-08-14 15:14:39 +0200: Memory Usage (469088K) : digisub_drw has 0 polygons
2026-08-14 15:14:39 +0200: Memory Usage (469088K) : text_drw has 48 polygons
2026-08-14 15:14:39 +0200: Memory Usage (469216K) : via4_drw has 0 polygons
2026-08-14 15:14:39 +0200: Memory Usage (469216K) : metal5_drw has 0 polygons
2026-08-14 15:14:39 +0200: Memory Usage (469344K) : metal5_filler has 0 polygons
2026-08-14 15:14:39 +0200: Memory Usage (469344K) : metal5_slit has 0 polygons
2026-08-14 15:14:39 +0200: Memory Usage (469472K) : metal5 has 0 polygons
2026-08-14 15:14:39 +0200: Memory Usage (469600K) : metal5_pin has 0 polygons
2026-08-14 15:14:39 +0200: Memory Usage (469600K) : metal5_mask has 0 polygons
2026-08-14 15:14:39 +0200: Memory Usage (469728K) : metal5_nofill has 0 polygons
2026-08-14 15:14:39 +0200: Memory Usage (469856K) : metal5_text has 0 polygons
2026-08-14 15:14:39 +0200: Memory Usage (469856K) : metal5_OPC has 0 polygons
2026-08-14 15:14:39 +0200: Memory Usage (469984K) : metal5_noqrc has 0 polygons
2026-08-14 15:14:39 +0200: Memory Usage (469984K) : metal5_res has 0 polygons
2026-08-14 15:14:39 +0200: Memory Usage (470112K) : metal5_iprobe has 0 polygons
2026-08-14 15:14:39 +0200: Memory Usage (470112K) : metal5_diffprb has 0 polygons
2026-08-14 15:14:39 +0200: Memory Usage (470240K) : radhard_drw has 0 polygons
2026-08-14 15:14:39 +0200: Memory Usage (470240K) : memcap_drw has 0 polygons
2026-08-14 15:14:39 +0200: Memory Usage (470368K) : varicap_drw has 0 polygons
2026-08-14 15:14:39 +0200: Memory Usage (470368K) : intbondvia_drw has 0 polygons
2026-08-14 15:14:39 +0200: Memory Usage (470496K) : intbondmet_drw has 0 polygons
2026-08-14 15:14:39 +0200: Memory Usage (470624K) : devbondvia_drw has 0 polygons
2026-08-14 15:14:39 +0200: Memory Usage (470624K) : devbondmet_drw has 0 polygons
2026-08-14 15:14:39 +0200: Memory Usage (470752K) : devtrench_drw has 0 polygons
2026-08-14 15:14:39 +0200: Memory Usage (470752K) : redist_drw has 0 polygons
2026-08-14 15:14:39 +0200: Memory Usage (470880K) : graphbot_drw has 0 polygons
2026-08-14 15:14:39 +0200: Memory Usage (470880K) : graphtop_drw has 0 polygons
2026-08-14 15:14:39 +0200: Memory Usage (470880K) : antvia1_drw has 0 polygons
2026-08-14 15:14:39 +0200: Memory Usage (471008K) : antmetal2_drw has 0 polygons
2026-08-14 15:14:39 +0200: Memory Usage (471008K) : graphcont_drw has 0 polygons
2026-08-14 15:14:39 +0200: Memory Usage (471008K) : siwg_drw has 0 polygons
2026-08-14 15:14:39 +0200: Memory Usage (471136K) : siwg_filler has 0 polygons
2026-08-14 15:14:39 +0200: Memory Usage (471136K) : siwg_nofill has 0 polygons
2026-08-14 15:14:39 +0200: Memory Usage (471136K) : sigrating_drw has 0 polygons
2026-08-14 15:14:40 +0200: Memory Usage (471264K) : singrating_drw has 0 polygons
2026-08-14 15:14:40 +0200: Memory Usage (471264K) : graphpas_drw has 0 polygons
2026-08-14 15:14:40 +0200: Memory Usage (471392K) : emwind3_drw has 0 polygons
2026-08-14 15:14:40 +0200: Memory Usage (471392K) : emwihv3_drw has 0 polygons
2026-08-14 15:14:40 +0200: Memory Usage (471520K) : redbulay_drw has 0 polygons
2026-08-14 15:14:40 +0200: Memory Usage (471648K) : smos_drw has 0 polygons
2026-08-14 15:14:40 +0200: Memory Usage (471648K) : graphpad_drw has 0 polygons
2026-08-14 15:14:40 +0200: Memory Usage (471776K) : polimide_drw has 0 polygons
2026-08-14 15:14:40 +0200: Memory Usage (471776K) : polimide_pin has 0 polygons
2026-08-14 15:14:40 +0200: Memory Usage (471904K) : recog_drw has 0 polygons
2026-08-14 15:14:40 +0200: Memory Usage (471904K) : recog_pin has 0 polygons
2026-08-14 15:14:40 +0200: Memory Usage (472032K) : recog_esd has 0 polygons
2026-08-14 15:14:40 +0200: Memory Usage (472032K) : recog_diode has 0 polygons
2026-08-14 15:14:40 +0200: Memory Usage (472160K) : recog_tsv has 0 polygons
2026-08-14 15:14:40 +0200: Memory Usage (472160K) : recog_iprobe has 0 polygons
2026-08-14 15:14:40 +0200: Memory Usage (472288K) : recog_diffprb has 0 polygons
2026-08-14 15:14:40 +0200: Memory Usage (472416K) : recog_pillar has 0 polygons
2026-08-14 15:14:40 +0200: Memory Usage (472416K) : recog_sbump has 0 polygons
2026-08-14 15:14:40 +0200: Memory Usage (472544K) : recog_otp has 0 polygons
2026-08-14 15:14:40 +0200: Memory Usage (472544K) : recog_pdiode has 0 polygons
2026-08-14 15:14:40 +0200: Memory Usage (472672K) : recog_mom has 0 polygons
2026-08-14 15:14:40 +0200: Memory Usage (472672K) : recog_pcm has 0 polygons
2026-08-14 15:14:40 +0200: Memory Usage (472800K) : colopen_drw has 0 polygons
2026-08-14 15:14:40 +0200: Memory Usage (472800K) : graphmetal1_drw has 0 polygons
2026-08-14 15:14:40 +0200: Memory Usage (472928K) : graphmetal1_filler has 0 polygons
2026-08-14 15:14:40 +0200: Memory Usage (473056K) : graphmetal1_nofill has 0 polygons
2026-08-14 15:14:40 +0200: Memory Usage (473056K) : graphmetal1_slit has 0 polygons
2026-08-14 15:14:40 +0200: Memory Usage (473184K) : graphmetal1_OPC has 0 polygons
2026-08-14 15:14:40 +0200: Memory Usage (473184K) : graphmet1l_drw has 0 polygons
2026-08-14 15:14:40 +0200: Memory Usage (473312K) : graphmet1l_filler has 0 polygons
2026-08-14 15:14:40 +0200: Memory Usage (473312K) : graphmet1l_nofill has 0 polygons
2026-08-14 15:14:40 +0200: Memory Usage (473440K) : graphmet1l_slit has 0 polygons
2026-08-14 15:14:40 +0200: Memory Usage (473440K) : graphmet1l_OPC has 0 polygons
2026-08-14 15:14:40 +0200: Memory Usage (473568K) : extblock_drw has 9 polygons
2026-08-14 15:14:40 +0200: Memory Usage (473568K) : nldd_drw has 0 polygons
2026-08-14 15:14:40 +0200: Memory Usage (473568K) : pldd_drw has 0 polygons
2026-08-14 15:14:40 +0200: Memory Usage (473568K) : next_drw has 0 polygons
2026-08-14 15:14:40 +0200: Memory Usage (473568K) : pext_drw has 0 polygons
2026-08-14 15:14:40 +0200: Memory Usage (473568K) : nexthv_drw has 0 polygons
2026-08-14 15:14:40 +0200: Memory Usage (473568K) : pexthv_drw has 0 polygons
2026-08-14 15:14:40 +0200: Memory Usage (473696K) : graphgate_drw has 0 polygons
2026-08-14 15:14:40 +0200: Memory Usage (473824K) : sinwg_drw has 0 polygons
2026-08-14 15:14:40 +0200: Memory Usage (473824K) : sinwg_filler has 0 polygons
2026-08-14 15:14:40 +0200: Memory Usage (473952K) : sinwg_nofill has 0 polygons
2026-08-14 15:14:40 +0200: Memory Usage (473952K) : mempad_drw has 0 polygons
2026-08-14 15:14:40 +0200: Memory Usage (474080K) : topvia1_drw has 0 polygons
2026-08-14 15:14:40 +0200: Memory Usage (474080K) : topmetal1_drw has 0 polygons
2026-08-14 15:14:40 +0200: Memory Usage (474208K) : topmetal1_filler has 0 polygons
2026-08-14 15:14:40 +0200: Memory Usage (474208K) : topmetal1_slit has 0 polygons
2026-08-14 15:14:40 +0200: Memory Usage (474336K) : topmetal1 has 0 polygons
2026-08-14 15:14:40 +0200: Memory Usage (474464K) : topmetal1_pin has 0 polygons
2026-08-14 15:14:40 +0200: Memory Usage (474464K) : topmetal1_mask has 0 polygons
2026-08-14 15:14:40 +0200: Memory Usage (474592K) : topmetal1_nofill has 0 polygons
2026-08-14 15:14:40 +0200: Memory Usage (474720K) : topmetal1_text has 0 polygons
2026-08-14 15:14:40 +0200: Memory Usage (474720K) : topmetal1_noqrc has 0 polygons
2026-08-14 15:14:40 +0200: Memory Usage (474848K) : topmetal1_res has 0 polygons
2026-08-14 15:14:40 +0200: Memory Usage (474848K) : topmetal1_iprobe has 0 polygons
2026-08-14 15:14:40 +0200: Memory Usage (474976K) : topmetal1_diffprb has 0 polygons
2026-08-14 15:14:40 +0200: Memory Usage (474976K) : inldpwl_drw has 0 polygons
2026-08-14 15:14:40 +0200: Memory Usage (475104K) : polyres_drw has 3 polygons
2026-08-14 15:14:40 +0200: Memory Usage (475104K) : polyres_pin has 0 polygons
2026-08-14 15:14:40 +0200: Memory Usage (475232K) : vmim_drw has 0 polygons
2026-08-14 15:14:40 +0200: Memory Usage (475232K) : nbulaycut_drw has 0 polygons
2026-08-14 15:14:40 +0200: Memory Usage (475360K) : antmetal1_drw has 0 polygons
2026-08-14 15:14:40 +0200: Memory Usage (475488K) : topvia2_drw has 0 polygons
2026-08-14 15:14:40 +0200: Memory Usage (475488K) : topmetal2_drw has 0 polygons
2026-08-14 15:14:40 +0200: Memory Usage (475616K) : topmetal2_filler has 0 polygons
2026-08-14 15:14:40 +0200: Memory Usage (475616K) : topmetal2_slit has 0 polygons
2026-08-14 15:14:40 +0200: Memory Usage (475744K) : topmetal2 has 0 polygons
2026-08-14 15:14:40 +0200: Memory Usage (475872K) : topmetal2_pin has 0 polygons
2026-08-14 15:14:40 +0200: Memory Usage (475872K) : topmetal2_mask has 0 polygons
2026-08-14 15:14:40 +0200: Memory Usage (476000K) : topmetal2_nofill has 0 polygons
2026-08-14 15:14:40 +0200: Memory Usage (476000K) : topmetal2_text has 0 polygons
2026-08-14 15:14:40 +0200: Memory Usage (476128K) : topmetal2_noqrc has 0 polygons
2026-08-14 15:14:40 +0200: Memory Usage (476128K) : topmetal2_res has 0 polygons
2026-08-14 15:14:40 +0200: Memory Usage (476256K) : topmetal2_iprobe has 0 polygons
2026-08-14 15:14:40 +0200: Memory Usage (476384K) : topmetal2_diffprb has 0 polygons
2026-08-14 15:14:40 +0200: Memory Usage (476384K) : snsring_drw has 0 polygons
2026-08-14 15:14:40 +0200: Memory Usage (476512K) : sensor_drw has 0 polygons
2026-08-14 15:14:40 +0200: Memory Usage (476512K) : snsarms_drw has 0 polygons
2026-08-14 15:14:40 +0200: Memory Usage (476640K) : snscmosvia_drw has 0 polygons
2026-08-14 15:14:40 +0200: Memory Usage (476640K) : colwind_drw has 0 polygons
2026-08-14 15:14:40 +0200: Memory Usage (476768K) : flm_drw has 0 polygons
2026-08-14 15:14:40 +0200: Memory Usage (476768K) : hafniumox_drw has 0 polygons
2026-08-14 15:14:40 +0200: Memory Usage (476896K) : memvia_drw has 0 polygons
2026-08-14 15:14:40 +0200: Memory Usage (477024K) : thinfilmres_drw has 0 polygons
2026-08-14 15:14:40 +0200: Memory Usage (477024K) : rfmem_drw has 0 polygons
2026-08-14 15:14:40 +0200: Memory Usage (477152K) : norcx_drw has 0 polygons
2026-08-14 15:14:40 +0200: Memory Usage (477152K) : norcx_m2m3 has 0 polygons
2026-08-14 15:14:40 +0200: Memory Usage (477280K) : norcx_m2m4 has 0 polygons
2026-08-14 15:14:40 +0200: Memory Usage (477280K) : norcx_m2m5 has 0 polygons
2026-08-14 15:14:40 +0200: Memory Usage (477408K) : norcx_m2tm1 has 0 polygons
2026-08-14 15:14:40 +0200: Memory Usage (477408K) : norcx_m2tm2 has 0 polygons
2026-08-14 15:14:40 +0200: Memory Usage (477536K) : norcx_m3m4 has 0 polygons
2026-08-14 15:14:40 +0200: Memory Usage (477536K) : norcx_m3m5 has 0 polygons
2026-08-14 15:14:40 +0200: Memory Usage (477664K) : norcx_m3tm1 has 0 polygons
2026-08-14 15:14:40 +0200: Memory Usage (477664K) : norcx_m3tm2 has 0 polygons
2026-08-14 15:14:40 +0200: Memory Usage (477792K) : norcx_m4m5 has 0 polygons
2026-08-14 15:14:40 +0200: Memory Usage (477920K) : norcx_m4tm1 has 0 polygons
2026-08-14 15:14:40 +0200: Memory Usage (477920K) : norcx_m4tm2 has 0 polygons
2026-08-14 15:14:40 +0200: Memory Usage (478048K) : norcx_m5tm1 has 0 polygons
2026-08-14 15:14:40 +0200: Memory Usage (478048K) : norcx_m5tm2 has 0 polygons
2026-08-14 15:14:40 +0200: Memory Usage (478176K) : norcx_tm1tm2 has 0 polygons
2026-08-14 15:14:40 +0200: Memory Usage (478176K) : norcx_m1sub has 0 polygons
2026-08-14 15:14:40 +0200: Memory Usage (478304K) : norcx_m2sub has 0 polygons
2026-08-14 15:14:40 +0200: Memory Usage (478304K) : norcx_m3sub has 0 polygons
2026-08-14 15:14:40 +0200: Memory Usage (478432K) : norcx_m4sub has 0 polygons
2026-08-14 15:14:40 +0200: Memory Usage (478560K) : norcx_m5sub has 0 polygons
2026-08-14 15:14:40 +0200: Memory Usage (478560K) : norcx_tm1sub has 0 polygons
2026-08-14 15:14:40 +0200: Memory Usage (478688K) : norcx_tm2sub has 0 polygons
2026-08-14 15:14:40 +0200: Memory Usage (478688K) : snsbotvia_drw has 0 polygons
2026-08-14 15:14:40 +0200: Memory Usage (478816K) : snstopvia_drw has 0 polygons
2026-08-14 15:14:40 +0200: Memory Usage (478816K) : deepvia_drw has 0 polygons
2026-08-14 15:14:40 +0200: Memory Usage (478944K) : fgetch_drw has 0 polygons
2026-08-14 15:14:40 +0200: Memory Usage (478944K) : ctrgat_drw has 0 polygons
2026-08-14 15:14:40 +0200: Memory Usage (479072K) : fgimp_drw has 0 polygons
2026-08-14 15:14:40 +0200: Memory Usage (479200K) : emwihv_drw has 0 polygons
2026-08-14 15:14:40 +0200: Memory Usage (479200K) : lbe_drw has 0 polygons
2026-08-14 15:14:40 +0200: Memory Usage (479328K) : alcustop_drw has 0 polygons
2026-08-14 15:14:40 +0200: Memory Usage (479328K) : nometfiller_drw has 0 polygons
2026-08-14 15:14:40 +0200: Memory Usage (479456K) : prboundary_drw has 0 polygons
2026-08-14 15:14:40 +0200: Memory Usage (479456K) : exchange0_drw has 0 polygons
2026-08-14 15:14:40 +0200: Memory Usage (479584K) : exchange0_pin has 0 polygons
2026-08-14 15:14:40 +0200: Memory Usage (479584K) : exchange0_text has 0 polygons
2026-08-14 15:14:40 +0200: Memory Usage (479712K) : exchange1_drw has 0 polygons
2026-08-14 15:14:40 +0200: Memory Usage (479712K) : exchange1_pin has 0 polygons
2026-08-14 15:14:40 +0200: Memory Usage (479840K) : exchange1_text has 0 polygons
2026-08-14 15:14:40 +0200: Memory Usage (479840K) : exchange2_drw has 0 polygons
2026-08-14 15:14:40 +0200: Memory Usage (479968K) : exchange2_pin has 0 polygons
2026-08-14 15:14:40 +0200: Memory Usage (479968K) : exchange2_text has 0 polygons
2026-08-14 15:14:40 +0200: Memory Usage (479968K) : exchange3_drw has 0 polygons
2026-08-14 15:14:40 +0200: Memory Usage (479968K) : exchange3_pin has 0 polygons
2026-08-14 15:14:40 +0200: Memory Usage (479968K) : exchange3_text has 0 polygons
2026-08-14 15:14:40 +0200: Memory Usage (479968K) : exchange4_drw has 0 polygons
2026-08-14 15:14:40 +0200: Memory Usage (479968K) : exchange4_pin has 0 polygons
2026-08-14 15:14:40 +0200: Memory Usage (479968K) : exchange4_text has 0 polygons
2026-08-14 15:14:40 +0200: Memory Usage (479968K) : isonwell_drw has 0 polygons
2026-08-14 15:14:40 +0200: Memory Usage (479968K) : Total no. of polygons in the design is 1797
2026-08-14 15:14:40 +0200: Memory Usage (479968K) : Starting CMOS5L Forbidden Layer Check
2026-08-14 15:14:40 +0200: Memory Usage (480096K) : CMOS5L Forbidden Layer Check: PASSED - No forbidden layers found
2026-08-14 15:14:40 +0200: Memory Usage (480096K) : CMOS5L Forbidden Layer Check: PASSED
2026-08-14 15:14:40 +0200: Memory Usage (480096K) : Starting base layers derivations
2026-08-14 15:14:40 +0200: Memory Usage (480096K) : Starting general LVS derivations
2026-08-14 15:14:40 +0200: Memory Usage (485376K) : Starting MOSFET DERIVATIONS
2026-08-14 15:14:40 +0200: Memory Usage (487552K) : Starting NMOS DERIVATIONS
2026-08-14 15:14:40 +0200: Memory Usage (487808K) : Starting PMOS DERIVATIONS
2026-08-14 15:14:40 +0200: Memory Usage (488064K) : Starting RF-MOSFET DERIVATIONS
2026-08-14 15:14:40 +0200: Memory Usage (488064K) : Starting RF-NMOS DERIVATIONS
2026-08-14 15:14:40 +0200: Memory Usage (488192K) : Starting RF-PMOS DERIVATIONS
2026-08-14 15:14:40 +0200: Memory Usage (488192K) : Starting BJT DERIVATIONS
2026-08-14 15:14:40 +0200: Memory Usage (488192K) : Starting NPN-BJT DERIVATIONS
2026-08-14 15:14:40 +0200: Memory Usage (488192K) : Starting PNP-BJT DERIVATIONS
2026-08-14 15:14:40 +0200: Memory Usage (488192K) : Starting DIODE DERIVATIONS
2026-08-14 15:14:40 +0200: Memory Usage (488192K) : Starting RESISTOR DERIVATIONS
2026-08-14 15:14:40 +0200: Memory Usage (488576K) : Starting CAP DERIVATIONS
2026-08-14 15:14:40 +0200: Memory Usage (488576K) : Starting CAP_MFRINGE DERIVATIONS
2026-08-14 15:14:40 +0200: Memory Usage (488576K) : Starting ESD DERIVATIONS
2026-08-14 15:14:40 +0200: Memory Usage (491392K) : Starting Inductor DERIVATIONS
2026-08-14 15:14:40 +0200: Memory Usage (491392K) : Starting Taps DERIVATIONS
2026-08-14 15:14:41 +0200: Memory Usage (491392K) : Starting SG13G2 LVS connectivity setup
2026-08-14 15:14:41 +0200: Memory Usage (491392K) : Starting SG13G2 LVS connectivity setup (Inter-layer)
2026-08-14 15:14:41 +0200: Memory Usage (491520K) : Starting SG13G2 LVS connectivity setup (Global)
2026-08-14 15:14:41 +0200: Memory Usage (491520K) : Starting LVS MOSFET CONNECTIONS
2026-08-14 15:14:41 +0200: Memory Usage (491520K) : Starting LVS RF-MOSFET CONNECTIONS
2026-08-14 15:14:41 +0200: Memory Usage (491520K) : Starting LVS BJT CONNECTIONS
2026-08-14 15:14:41 +0200: Memory Usage (491520K) : Starting LVS DIODE CONNECTIONS
2026-08-14 15:14:41 +0200: Memory Usage (491520K) : Starting RESISTOR CONNECTIONS
2026-08-14 15:14:41 +0200: Memory Usage (491520K) : Starting LVS CAP CONNECTIONS
2026-08-14 15:14:41 +0200: Memory Usage (491520K) : Starting ESD CONNECTIONS
2026-08-14 15:14:41 +0200: Memory Usage (491520K) : Starting Inductor CONNECTIONS
2026-08-14 15:14:41 +0200: Memory Usage (491520K) : Starting LVS Taps CONNECTIONS
2026-08-14 15:14:41 +0200: Memory Usage (491520K) : Starting CAP_MFRINGE CONNECTIONS
2026-08-14 15:14:41 +0200: Memory Usage (491520K) : Starting SG13CMOS5L LVS DEVICES EXTRACTION
2026-08-14 15:14:41 +0200: Memory Usage (491520K) : Starting MOSFET EXTRACTION
2026-08-14 15:14:41 +0200: Memory Usage (491520K) : Starting NMOS EXTRACTION
2026-08-14 15:14:41 +0200: Memory Usage (491520K) : Extraction of NMOS-LV transistor
2026-08-14 15:14:41 +0200: Memory Usage (491648K) : Extraction of NMOS-HV transistor
2026-08-14 15:14:41 +0200: Memory Usage (491648K) : Starting PMOS EXTRACTION
2026-08-14 15:14:41 +0200: Memory Usage (491648K) : Extraction of PMOS-LV transistor
2026-08-14 15:14:41 +0200: Memory Usage (491648K) : Extraction of PMOS-HV transistor
2026-08-14 15:14:41 +0200: Memory Usage (491648K) : Starting RF-MOSFET EXTRACTION
2026-08-14 15:14:41 +0200: Memory Usage (491648K) : Extraction of RF-NMOS-LV transistor
2026-08-14 15:14:41 +0200: Memory Usage (491648K) : Extraction of RF-NMOS-HV transistor
2026-08-14 15:14:41 +0200: Memory Usage (491648K) : Extraction of RF-PMOS-LV transistor
2026-08-14 15:14:41 +0200: Memory Usage (491648K) : Extraction of RF-PMOS-HV transistor
2026-08-14 15:14:41 +0200: Memory Usage (491648K) : Starting BJT EXTRACTION
2026-08-14 15:14:41 +0200: Memory Usage (491648K) : Starting NPN-BJT EXTRACTION
2026-08-14 15:14:41 +0200: Memory Usage (491648K) : Extraction of npn13G2 BJT transistor
2026-08-14 15:14:41 +0200: Memory Usage (491648K) : Extraction of npn13G2L BJT transistor
2026-08-14 15:14:41 +0200: Memory Usage (491648K) : Extraction of npn13G2V BJT transistor
2026-08-14 15:14:41 +0200: Memory Usage (491648K) : Starting PNP-BJT EXTRACTION
2026-08-14 15:14:41 +0200: Memory Usage (491648K) : Extracting pnpMPA BJT
2026-08-14 15:14:41 +0200: Memory Usage (491648K) : Starting DIODE EXTRACTION
2026-08-14 15:14:41 +0200: Memory Usage (491648K) : Extracting dantenna diode
2026-08-14 15:14:41 +0200: Memory Usage (491648K) : Extracting dpantenna diode
2026-08-14 15:14:41 +0200: Memory Usage (491648K) : Extracting schottky_nbl1 diode
2026-08-14 15:14:41 +0200: Memory Usage (491648K) : Extracting isolbox diode
2026-08-14 15:14:41 +0200: Memory Usage (491648K) : Starting RESISTOR EXTRACTION
2026-08-14 15:14:41 +0200: Memory Usage (491648K) : Extracting rsil resistor
2026-08-14 15:14:41 +0200: Memory Usage (491648K) : Extracting rppd resistor
2026-08-14 15:14:41 +0200: Memory Usage (491776K) : Extracting rhigh resistor
2026-08-14 15:14:41 +0200: Memory Usage (491776K) : Extracting res_metal1 resistor
2026-08-14 15:14:41 +0200: Memory Usage (491776K) : Extracting res_metal2 resistor
2026-08-14 15:14:41 +0200: Memory Usage (491776K) : Extracting res_metal3 resistor
2026-08-14 15:14:41 +0200: Memory Usage (491776K) : Extracting res_metal4 resistor
2026-08-14 15:14:41 +0200: Memory Usage (491776K) : Extracting res_metal5 resistor
2026-08-14 15:14:41 +0200: Memory Usage (491776K) : Extracting res_topmetal1 resistor
2026-08-14 15:14:41 +0200: Memory Usage (491776K) : Extracting res_topmetal2 resistor
2026-08-14 15:14:41 +0200: Memory Usage (491776K) : Starting CAP EXTRACTION
2026-08-14 15:14:41 +0200: Memory Usage (491776K) : Extracting cap_cmim device
2026-08-14 15:14:41 +0200: Memory Usage (491776K) : Extracting rfcmim device
2026-08-14 15:14:41 +0200: Memory Usage (491776K) : Extracting sg13_hv_svaricap varactor
2026-08-14 15:14:41 +0200: Memory Usage (491776K) : Extracting cap_mfringe device
2026-08-14 15:14:41 +0200: Memory Usage (491776K) : Starting ESD EXTRACTION
2026-08-14 15:14:41 +0200: Memory Usage (491776K) : Extracting diodevdd_2kv ESD device
2026-08-14 15:14:41 +0200: Memory Usage (491776K) : Extracting diodevdd_4kv ESD device
2026-08-14 15:14:41 +0200: Memory Usage (491776K) : Extracting diodevss_2kv ESD device
2026-08-14 15:14:41 +0200: Memory Usage (491776K) : Extracting diodevss_4kv ESD device
2026-08-14 15:14:41 +0200: Memory Usage (491776K) : Extracting idiodevdd_2kv ESD device
2026-08-14 15:14:41 +0200: Memory Usage (491776K) : Extracting idiodevdd_4kv ESD device
2026-08-14 15:14:41 +0200: Memory Usage (491776K) : Extracting idiodevss_2kv ESD device
2026-08-14 15:14:41 +0200: Memory Usage (491776K) : Extracting idiodevss_4kv ESD device
2026-08-14 15:14:41 +0200: Memory Usage (491776K) : Extracting nmoscl_2 ESD device
2026-08-14 15:14:41 +0200: Memory Usage (491776K) : Extracting nmoscl_4 ESD device
2026-08-14 15:14:41 +0200: Memory Usage (491776K) : Starting Inductor EXTRACTION
2026-08-14 15:14:41 +0200: Memory Usage (491776K) : Extracting Inductor2 device
2026-08-14 15:14:41 +0200: Memory Usage (491776K) : Extracting Inductor3 device
2026-08-14 15:14:41 +0200: Memory Usage (491776K) : Starting Taps EXTRACTION
2026-08-14 15:14:41 +0200: Memory Usage (491776K) : DISABLE_TAP_EXTRACTION is enabled: skipping ntap1/ptap1 device extraction.
2026-08-14 15:14:41 +0200: Memory Usage (491776K) : Starting SG13CMOS5L LVS RF MOS Model Mapping
2026-08-14 15:14:41 +0200: Memory Usage (491776K) : [layout_netlist] Apply RF MOS model mapping and rfmode parameter.
2026-08-14 15:14:41 +0200: Memory Usage (491776K) : Starting SG13CMOS5L LVS Options Preparations
2026-08-14 15:14:41 +0200: Memory Usage (491776K) : SG13CMOS5L LVS flow: extraction -> alignment -> option preparation -> comparison.
2026-08-14 15:14:41 +0200: Memory Usage (491776K) : Starting SG13CMOS5L LVS Alignment
2026-08-14 15:14:41 +0200: Memory Usage (491904K) : Starting SG13CMOS5L LVS Simplification
2026-08-14 15:14:41 +0200: Memory Usage (491904K) : [layout_netlist] simplify: ENABLED
2026-08-14 15:14:41 +0200: Memory Usage (491904K) : [layout_netlist] make_top_level_pins: SKIPPED
2026-08-14 15:14:41 +0200: Memory Usage (491904K) : [layout_netlist] combine_devices: SKIPPED
2026-08-14 15:14:41 +0200: Memory Usage (491904K) : [layout_netlist] purge: SKIPPED
2026-08-14 15:14:41 +0200: Memory Usage (491904K) : [layout_netlist] purge_nets: SKIPPED
2026-08-14 15:14:41 +0200: Memory Usage (491904K) : [schematic_netlist] simplify: ENABLED
2026-08-14 15:14:41 +0200: Memory Usage (491904K) : [schematic_netlist] make_top_level_pins: SKIPPED
2026-08-14 15:14:41 +0200: Memory Usage (491904K) : [schematic_netlist] combine_devices: SKIPPED
2026-08-14 15:14:41 +0200: Memory Usage (491904K) : [schematic_netlist] purge: SKIPPED
2026-08-14 15:14:41 +0200: Memory Usage (491904K) : [schematic_netlist] purge_nets: SKIPPED
2026-08-14 15:14:41 +0200: Memory Usage (491904K) : Starting SG13CMOS5L LVS Comparison in strict port mode.
2026-08-14 15:14:41 +0200: Memory Usage (491904K) : flag_missing_ports enabled: missing/mislabeled top-level ports are treated as errors.
2026-08-14 15:14:41 +0200: Memory Usage (492032K) : ==========================================
2026-08-14 15:14:41 +0200: Memory Usage (492032K) : INFO : Congratulations! Netlists match.
2026-08-14 15:14:41 +0200: Memory Usage (492032K) : ==========================================
2026-08-14 15:14:41 +0200: Memory Usage (492032K) : LVS Total Run time 1.330740 seconds
2026-08-14 15:15:15 +0200: Memory Usage (456932K) : Starting running SG13CMOS5L Klayout LVS runset on /foss/designs/CHIP-PLL/layout/CP/charge_pump/charge_pump_cell_next.gds
2026-08-14 15:15:15 +0200: Memory Usage (456932K) : Ruby Version for klayout: 3.2.3
2026-08-14 15:15:15 +0200: Memory Usage (458472K) : Loading database to memory is complete.
2026-08-14 15:15:15 +0200: Memory Usage (458472K) : SG13CMOS5L Klayout LVS runset output at: /foss/designs/CHIP-PLL/layout/CP/lvs/charge_pump_cell_next.lvsdb
2026-08-14 15:15:15 +0200: Memory Usage (458472K) : Evaluate switches.
2026-08-14 15:15:15 +0200: Memory Usage (458472K) : Extracted netlist with net names: true
2026-08-14 15:15:15 +0200: Memory Usage (458472K) : Extracted netlist with comments in details: false
2026-08-14 15:15:15 +0200: Memory Usage (458472K) : Selected NET_ONLY option: false
2026-08-14 15:15:15 +0200: Memory Usage (458472K) : Selected LAYOUT_NETLIST option: (none)
2026-08-14 15:15:15 +0200: Memory Usage (458472K) : Selected IGNORE_TOP_PORTS_MISMATCH option: 
2026-08-14 15:15:15 +0200: Memory Usage (458472K) : Selected IMPLICIT_NETS option: (none)
2026-08-14 15:15:15 +0200: Memory Usage (458472K) : Selected TOP_LVL_PINS option: false
2026-08-14 15:15:15 +0200: Memory Usage (458472K) : Selected COMBINE DEVICES option: false
2026-08-14 15:15:15 +0200: Memory Usage (458472K) : Selected PURGE option: false
2026-08-14 15:15:15 +0200: Memory Usage (458472K) : Selected PURGE_NETS option: false
2026-08-14 15:15:15 +0200: Memory Usage (458472K) : Selected SIMPLIFY option: true
2026-08-14 15:15:15 +0200: Memory Usage (458472K) : Selected SERIES_RES option: true
2026-08-14 15:15:15 +0200: Memory Usage (458472K) : Selected PARALLEL_RES option: true
2026-08-14 15:15:15 +0200: Memory Usage (458472K) : Selected DISABLE_TAP_EXTRACTION option: true
2026-08-14 15:15:15 +0200: Memory Usage (458472K) : deep  mode is enabled.
2026-08-14 15:15:15 +0200: Memory Usage (458856K) : Netlist file: /foss/designs/CHIP-PLL/layout/CP/netlists/charge_pump_cell.spice
2026-08-14 15:15:15 +0200: Memory Usage (458856K) : LVS extracted netlist at: /foss/designs/CHIP-PLL/layout/CP/lvs/charge_pump_cell_next_extracted.cir
2026-08-14 15:15:15 +0200: Memory Usage (458856K) : Applying SRAM integration support.
2026-08-14 15:15:15 +0200: Memory Usage (458856K) : Starting SG13CMOS5L LVS runset
2026-08-14 15:15:15 +0200: Memory Usage (458856K) : Read in polygons from layers.
2026-08-14 15:15:15 +0200: Memory Usage (459808K) : activ_drw has 123 polygons
2026-08-14 15:15:15 +0200: Memory Usage (459808K) : activ_filler has 0 polygons
2026-08-14 15:15:15 +0200: Memory Usage (459936K) : activ has 123 polygons
2026-08-14 15:15:15 +0200: Memory Usage (459936K) : activ_pin has 0 polygons
2026-08-14 15:15:15 +0200: Memory Usage (459936K) : activ_mask has 0 polygons
2026-08-14 15:15:15 +0200: Memory Usage (459936K) : activ_nofill has 0 polygons
2026-08-14 15:15:15 +0200: Memory Usage (459936K) : activ_OPC has 0 polygons
2026-08-14 15:15:15 +0200: Memory Usage (460064K) : activ_iOPC has 0 polygons
2026-08-14 15:15:15 +0200: Memory Usage (460064K) : activ_noqrc has 0 polygons
2026-08-14 15:15:15 +0200: Memory Usage (460064K) : biwind_drw has 0 polygons
2026-08-14 15:15:15 +0200: Memory Usage (460064K) : biwind_OPC has 0 polygons
2026-08-14 15:15:15 +0200: Memory Usage (460208K) : gatpoly_drw has 128 polygons
2026-08-14 15:15:15 +0200: Memory Usage (460208K) : gatpoly_filler has 0 polygons
2026-08-14 15:15:15 +0200: Memory Usage (460208K) : gatpoly has 128 polygons
2026-08-14 15:15:15 +0200: Memory Usage (460208K) : gatpoly_pin has 29 polygons
2026-08-14 15:15:15 +0200: Memory Usage (460208K) : gatpoly_nofill has 0 polygons
2026-08-14 15:15:15 +0200: Memory Usage (460336K) : gatpoly_OPC has 0 polygons
2026-08-14 15:15:15 +0200: Memory Usage (460336K) : gatpoly_iOPC has 0 polygons
2026-08-14 15:15:15 +0200: Memory Usage (460336K) : gatpoly_noqrc has 0 polygons
2026-08-14 15:15:15 +0200: Memory Usage (460464K) : cont_drw has 576 polygons
2026-08-14 15:15:15 +0200: Memory Usage (460464K) : cont_OPC has 0 polygons
2026-08-14 15:15:15 +0200: Memory Usage (460592K) : nsd_drw has 0 polygons
2026-08-14 15:15:15 +0200: Memory Usage (460592K) : nsd_block has 0 polygons
2026-08-14 15:15:15 +0200: Memory Usage (460848K) : metal1_drw has 380 polygons
2026-08-14 15:15:15 +0200: Memory Usage (461232K) : metal1_filler has 0 polygons
2026-08-14 15:15:15 +0200: Memory Usage (461232K) : metal1_slit has 0 polygons
2026-08-14 15:15:15 +0200: Memory Usage (461360K) : metal1 has 380 polygons
2026-08-14 15:15:15 +0200: Memory Usage (461360K) : metal1_pin has 74 polygons
2026-08-14 15:15:15 +0200: Memory Usage (461360K) : metal1_mask has 0 polygons
2026-08-14 15:15:15 +0200: Memory Usage (461360K) : metal1_nofill has 0 polygons
2026-08-14 15:15:15 +0200: Memory Usage (461792K) : metal1_text has 8 polygons
2026-08-14 15:15:15 +0200: Memory Usage (461792K) : metal1_OPC has 0 polygons
2026-08-14 15:15:15 +0200: Memory Usage (461920K) : metal1_noqrc has 0 polygons
2026-08-14 15:15:15 +0200: Memory Usage (461920K) : metal1_res has 0 polygons
2026-08-14 15:15:15 +0200: Memory Usage (462048K) : metal1_iprobe has 0 polygons
2026-08-14 15:15:15 +0200: Memory Usage (462048K) : metal1_diffprb has 0 polygons
2026-08-14 15:15:15 +0200: Memory Usage (462176K) : passiv_drw has 0 polygons
2026-08-14 15:15:15 +0200: Memory Usage (462176K) : passiv_pin has 0 polygons
2026-08-14 15:15:15 +0200: Memory Usage (462304K) : passiv_sbump has 0 polygons
2026-08-14 15:15:15 +0200: Memory Usage (462304K) : passiv_pillar has 0 polygons
2026-08-14 15:15:15 +0200: Memory Usage (462432K) : passiv_pdl has 0 polygons
2026-08-14 15:15:15 +0200: Memory Usage (462560K) : metal2_drw has 146 polygons
2026-08-14 15:15:15 +0200: Memory Usage (462560K) : metal2_filler has 0 polygons
2026-08-14 15:15:15 +0200: Memory Usage (462688K) : metal2_slit has 0 polygons
2026-08-14 15:15:15 +0200: Memory Usage (462816K) : metal2 has 146 polygons
2026-08-14 15:15:15 +0200: Memory Usage (462944K) : metal2_pin has 6 polygons
2026-08-14 15:15:15 +0200: Memory Usage (462944K) : metal2_mask has 0 polygons
2026-08-14 15:15:15 +0200: Memory Usage (463072K) : metal2_nofill has 0 polygons
2026-08-14 15:15:15 +0200: Memory Usage (463200K) : metal2_text has 6 polygons
2026-08-14 15:15:15 +0200: Memory Usage (463200K) : metal2_OPC has 0 polygons
2026-08-14 15:15:15 +0200: Memory Usage (463328K) : metal2_noqrc has 0 polygons
2026-08-14 15:15:15 +0200: Memory Usage (463328K) : metal2_res has 0 polygons
2026-08-14 15:15:15 +0200: Memory Usage (463456K) : metal2_iprobe has 0 polygons
2026-08-14 15:15:15 +0200: Memory Usage (463456K) : metal2_diffprb has 0 polygons
2026-08-14 15:15:15 +0200: Memory Usage (463584K) : baspoly_drw has 0 polygons
2026-08-14 15:15:15 +0200: Memory Usage (463584K) : baspoly_pin has 0 polygons
2026-08-14 15:15:15 +0200: Memory Usage (463712K) : psd_drw has 26 polygons
2026-08-14 15:15:15 +0200: Memory Usage (463712K) : nldb_drw has 0 polygons
2026-08-14 15:15:15 +0200: Memory Usage (463840K) : digibnd_drw has 0 polygons
2026-08-14 15:15:15 +0200: Memory Usage (463840K) : via1_drw has 66 polygons
2026-08-14 15:15:15 +0200: Memory Usage (463968K) : backmetal1_drw has 0 polygons
2026-08-14 15:15:15 +0200: Memory Usage (464096K) : backmetal1_pin has 0 polygons
2026-08-14 15:15:15 +0200: Memory Usage (464096K) : backmetal1_mask has 0 polygons
2026-08-14 15:15:15 +0200: Memory Usage (464224K) : backmetal1_filler has 0 polygons
2026-08-14 15:15:15 +0200: Memory Usage (464352K) : backmetal1_nofill has 0 polygons
2026-08-14 15:15:15 +0200: Memory Usage (464480K) : backmetal1_slit has 0 polygons
2026-08-14 15:15:15 +0200: Memory Usage (464480K) : backmetal1_text has 0 polygons
2026-08-14 15:15:15 +0200: Memory Usage (464608K) : backmetal1_OPC has 0 polygons
2026-08-14 15:15:15 +0200: Memory Usage (464608K) : backmetal1_noqrc has 0 polygons
2026-08-14 15:15:15 +0200: Memory Usage (464736K) : backmetal1_res has 0 polygons
2026-08-14 15:15:15 +0200: Memory Usage (464736K) : backmetal1_iprobe has 0 polygons
2026-08-14 15:15:15 +0200: Memory Usage (464864K) : backmetal1_diffprb has 0 polygons
2026-08-14 15:15:15 +0200: Memory Usage (464992K) : backpassiv_drw has 0 polygons
2026-08-14 15:15:15 +0200: Memory Usage (464992K) : res_drw has 0 polygons
2026-08-14 15:15:15 +0200: Memory Usage (465120K) : sram_drw has 0 polygons
2026-08-14 15:15:15 +0200: Memory Usage (465120K) : trans_drw has 0 polygons
2026-08-14 15:15:15 +0200: Memory Usage (465248K) : ind_drw has 0 polygons
2026-08-14 15:15:15 +0200: Memory Usage (465248K) : ind_pin has 0 polygons
2026-08-14 15:15:15 +0200: Memory Usage (465376K) : ind_text has 0 polygons
2026-08-14 15:15:15 +0200: Memory Usage (465376K) : salblock_drw has 3 polygons
2026-08-14 15:15:15 +0200: Memory Usage (465504K) : via2_drw has 24 polygons
2026-08-14 15:15:15 +0200: Memory Usage (465632K) : metal3_drw has 47 polygons
2026-08-14 15:15:15 +0200: Memory Usage (465760K) : metal3_filler has 0 polygons
2026-08-14 15:15:15 +0200: Memory Usage (465760K) : metal3_slit has 0 polygons
2026-08-14 15:15:15 +0200: Memory Usage (465888K) : metal3 has 47 polygons
2026-08-14 15:15:15 +0200: Memory Usage (465888K) : metal3_pin has 0 polygons
2026-08-14 15:15:15 +0200: Memory Usage (465888K) : metal3_mask has 0 polygons
2026-08-14 15:15:15 +0200: Memory Usage (465888K) : metal3_nofill has 0 polygons
2026-08-14 15:15:15 +0200: Memory Usage (466016K) : metal3_text has 0 polygons
2026-08-14 15:15:15 +0200: Memory Usage (466016K) : metal3_OPC has 0 polygons
2026-08-14 15:15:15 +0200: Memory Usage (466016K) : metal3_noqrc has 0 polygons
2026-08-14 15:15:15 +0200: Memory Usage (466144K) : metal3_res has 0 polygons
2026-08-14 15:15:15 +0200: Memory Usage (466144K) : metal3_iprobe has 0 polygons
2026-08-14 15:15:15 +0200: Memory Usage (466144K) : metal3_diffprb has 0 polygons
2026-08-14 15:15:15 +0200: Memory Usage (466272K) : nwell_drw has 27 polygons
2026-08-14 15:15:15 +0200: Memory Usage (466272K) : nwell_pin has 4 polygons
2026-08-14 15:15:15 +0200: Memory Usage (466272K) : nwell_text has 0 polygons
2026-08-14 15:15:15 +0200: Memory Usage (466272K) : nbulay_drw has 0 polygons
2026-08-14 15:15:15 +0200: Memory Usage (466400K) : nbulay_pin has 0 polygons
2026-08-14 15:15:15 +0200: Memory Usage (466400K) : nbulay_block has 0 polygons
2026-08-14 15:15:15 +0200: Memory Usage (466528K) : emwind_drw has 0 polygons
2026-08-14 15:15:15 +0200: Memory Usage (466656K) : emwind_OPC has 0 polygons
2026-08-14 15:15:15 +0200: Memory Usage (466656K) : deepco_drw has 0 polygons
2026-08-14 15:15:15 +0200: Memory Usage (466784K) : mim_drw has 0 polygons
2026-08-14 15:15:15 +0200: Memory Usage (466784K) : edgeseal_drw has 0 polygons
2026-08-14 15:15:15 +0200: Memory Usage (466912K) : substrate_drw has 17 polygons
2026-08-14 15:15:15 +0200: Memory Usage (466912K) : substrate_text has 0 polygons
2026-08-14 15:15:15 +0200: Memory Usage (467040K) : dfpad_drw has 0 polygons
2026-08-14 15:15:15 +0200: Memory Usage (467040K) : dfpad_pillar has 0 polygons
2026-08-14 15:15:15 +0200: Memory Usage (467168K) : dfpad_sbump has 0 polygons
2026-08-14 15:15:15 +0200: Memory Usage (467168K) : thickgateox_drw has 0 polygons
2026-08-14 15:15:15 +0200: Memory Usage (467296K) : pldb_drw has 0 polygons
2026-08-14 15:15:15 +0200: Memory Usage (467296K) : pwell_drw has 0 polygons
2026-08-14 15:15:15 +0200: Memory Usage (467424K) : pwell_pin has 0 polygons
2026-08-14 15:15:15 +0200: Memory Usage (467552K) : pwell_block has 0 polygons
2026-08-14 15:15:15 +0200: Memory Usage (467552K) : ic_drw has 0 polygons
2026-08-14 15:15:15 +0200: Memory Usage (467680K) : via3_drw has 0 polygons
2026-08-14 15:15:15 +0200: Memory Usage (467680K) : metal4_drw has 0 polygons
2026-08-14 15:15:15 +0200: Memory Usage (467808K) : metal4_filler has 0 polygons
2026-08-14 15:15:15 +0200: Memory Usage (467808K) : metal4_slit has 0 polygons
2026-08-14 15:15:15 +0200: Memory Usage (467936K) : metal4 has 0 polygons
2026-08-14 15:15:15 +0200: Memory Usage (468064K) : metal4_pin has 0 polygons
2026-08-14 15:15:15 +0200: Memory Usage (468064K) : metal4_mask has 0 polygons
2026-08-14 15:15:15 +0200: Memory Usage (468192K) : metal4_nofill has 0 polygons
2026-08-14 15:15:15 +0200: Memory Usage (468320K) : metal4_text has 0 polygons
2026-08-14 15:15:15 +0200: Memory Usage (468320K) : metal4_OPC has 0 polygons
2026-08-14 15:15:15 +0200: Memory Usage (468320K) : metal4_noqrc has 0 polygons
2026-08-14 15:15:15 +0200: Memory Usage (468320K) : metal4_res has 0 polygons
2026-08-14 15:15:15 +0200: Memory Usage (468448K) : metal4_iprobe has 0 polygons
2026-08-14 15:15:15 +0200: Memory Usage (468448K) : metal4_diffprb has 0 polygons
2026-08-14 15:15:15 +0200: Memory Usage (468448K) : heattrans_drw has 41 polygons
2026-08-14 15:15:15 +0200: Memory Usage (468576K) : heatres_drw has 3 polygons
2026-08-14 15:15:15 +0200: Memory Usage (468576K) : fbe_drw has 0 polygons
2026-08-14 15:15:15 +0200: Memory Usage (468704K) : empoly_drw has 0 polygons
2026-08-14 15:15:15 +0200: Memory Usage (468704K) : digisub_drw has 0 polygons
2026-08-14 15:15:15 +0200: Memory Usage (468832K) : text_drw has 48 polygons
2026-08-14 15:15:15 +0200: Memory Usage (468960K) : via4_drw has 0 polygons
2026-08-14 15:15:15 +0200: Memory Usage (468960K) : metal5_drw has 0 polygons
2026-08-14 15:15:15 +0200: Memory Usage (469088K) : metal5_filler has 0 polygons
2026-08-14 15:15:15 +0200: Memory Usage (469088K) : metal5_slit has 0 polygons
2026-08-14 15:15:15 +0200: Memory Usage (469216K) : metal5 has 0 polygons
2026-08-14 15:15:15 +0200: Memory Usage (469344K) : metal5_pin has 0 polygons
2026-08-14 15:15:15 +0200: Memory Usage (469344K) : metal5_mask has 0 polygons
2026-08-14 15:15:15 +0200: Memory Usage (469472K) : metal5_nofill has 0 polygons
2026-08-14 15:15:15 +0200: Memory Usage (469472K) : metal5_text has 0 polygons
2026-08-14 15:15:15 +0200: Memory Usage (469600K) : metal5_OPC has 0 polygons
2026-08-14 15:15:15 +0200: Memory Usage (469600K) : metal5_noqrc has 0 polygons
2026-08-14 15:15:15 +0200: Memory Usage (469728K) : metal5_res has 0 polygons
2026-08-14 15:15:15 +0200: Memory Usage (469728K) : metal5_iprobe has 0 polygons
2026-08-14 15:15:15 +0200: Memory Usage (469856K) : metal5_diffprb has 0 polygons
2026-08-14 15:15:15 +0200: Memory Usage (469984K) : radhard_drw has 0 polygons
2026-08-14 15:15:15 +0200: Memory Usage (469984K) : memcap_drw has 0 polygons
2026-08-14 15:15:15 +0200: Memory Usage (470112K) : varicap_drw has 0 polygons
2026-08-14 15:15:15 +0200: Memory Usage (470112K) : intbondvia_drw has 0 polygons
2026-08-14 15:15:15 +0200: Memory Usage (470240K) : intbondmet_drw has 0 polygons
2026-08-14 15:15:15 +0200: Memory Usage (470240K) : devbondvia_drw has 0 polygons
2026-08-14 15:15:15 +0200: Memory Usage (470368K) : devbondmet_drw has 0 polygons
2026-08-14 15:15:15 +0200: Memory Usage (470368K) : devtrench_drw has 0 polygons
2026-08-14 15:15:15 +0200: Memory Usage (470496K) : redist_drw has 0 polygons
2026-08-14 15:15:15 +0200: Memory Usage (470496K) : graphbot_drw has 0 polygons
2026-08-14 15:15:15 +0200: Memory Usage (470496K) : graphtop_drw has 0 polygons
2026-08-14 15:15:15 +0200: Memory Usage (470624K) : antvia1_drw has 0 polygons
2026-08-14 15:15:15 +0200: Memory Usage (470624K) : antmetal2_drw has 0 polygons
2026-08-14 15:15:15 +0200: Memory Usage (470624K) : graphcont_drw has 0 polygons
2026-08-14 15:15:15 +0200: Memory Usage (470752K) : siwg_drw has 0 polygons
2026-08-14 15:15:15 +0200: Memory Usage (470752K) : siwg_filler has 0 polygons
2026-08-14 15:15:15 +0200: Memory Usage (470880K) : siwg_nofill has 0 polygons
2026-08-14 15:15:15 +0200: Memory Usage (470880K) : sigrating_drw has 0 polygons
2026-08-14 15:15:15 +0200: Memory Usage (471008K) : singrating_drw has 0 polygons
2026-08-14 15:15:15 +0200: Memory Usage (471008K) : graphpas_drw has 0 polygons
2026-08-14 15:15:15 +0200: Memory Usage (471136K) : emwind3_drw has 0 polygons
2026-08-14 15:15:15 +0200: Memory Usage (471136K) : emwihv3_drw has 0 polygons
2026-08-14 15:15:15 +0200: Memory Usage (471264K) : redbulay_drw has 0 polygons
2026-08-14 15:15:15 +0200: Memory Usage (471264K) : smos_drw has 0 polygons
2026-08-14 15:15:15 +0200: Memory Usage (471392K) : graphpad_drw has 0 polygons
2026-08-14 15:15:15 +0200: Memory Usage (471520K) : polimide_drw has 0 polygons
2026-08-14 15:15:15 +0200: Memory Usage (471520K) : polimide_pin has 0 polygons
2026-08-14 15:15:15 +0200: Memory Usage (471648K) : recog_drw has 0 polygons
2026-08-14 15:15:15 +0200: Memory Usage (471648K) : recog_pin has 0 polygons
2026-08-14 15:15:15 +0200: Memory Usage (471776K) : recog_esd has 0 polygons
2026-08-14 15:15:15 +0200: Memory Usage (471776K) : recog_diode has 0 polygons
2026-08-14 15:15:15 +0200: Memory Usage (471904K) : recog_tsv has 0 polygons
2026-08-14 15:15:15 +0200: Memory Usage (471904K) : recog_iprobe has 0 polygons
2026-08-14 15:15:15 +0200: Memory Usage (472032K) : recog_diffprb has 0 polygons
2026-08-14 15:15:15 +0200: Memory Usage (472032K) : recog_pillar has 0 polygons
2026-08-14 15:15:15 +0200: Memory Usage (472160K) : recog_sbump has 0 polygons
2026-08-14 15:15:15 +0200: Memory Usage (472288K) : recog_otp has 0 polygons
2026-08-14 15:15:15 +0200: Memory Usage (472288K) : recog_pdiode has 0 polygons
2026-08-14 15:15:15 +0200: Memory Usage (472416K) : recog_mom has 0 polygons
2026-08-14 15:15:15 +0200: Memory Usage (472416K) : recog_pcm has 0 polygons
2026-08-14 15:15:15 +0200: Memory Usage (472544K) : colopen_drw has 0 polygons
2026-08-14 15:15:15 +0200: Memory Usage (472544K) : graphmetal1_drw has 0 polygons
2026-08-14 15:15:15 +0200: Memory Usage (472672K) : graphmetal1_filler has 0 polygons
2026-08-14 15:15:15 +0200: Memory Usage (472672K) : graphmetal1_nofill has 0 polygons
2026-08-14 15:15:15 +0200: Memory Usage (472800K) : graphmetal1_slit has 0 polygons
2026-08-14 15:15:15 +0200: Memory Usage (472928K) : graphmetal1_OPC has 0 polygons
2026-08-14 15:15:15 +0200: Memory Usage (472928K) : graphmet1l_drw has 0 polygons
2026-08-14 15:15:15 +0200: Memory Usage (473056K) : graphmet1l_filler has 0 polygons
2026-08-14 15:15:15 +0200: Memory Usage (473056K) : graphmet1l_nofill has 0 polygons
2026-08-14 15:15:15 +0200: Memory Usage (473184K) : graphmet1l_slit has 0 polygons
2026-08-14 15:15:15 +0200: Memory Usage (473184K) : graphmet1l_OPC has 0 polygons
2026-08-14 15:15:15 +0200: Memory Usage (473184K) : extblock_drw has 9 polygons
2026-08-14 15:15:15 +0200: Memory Usage (473184K) : nldd_drw has 0 polygons
2026-08-14 15:15:15 +0200: Memory Usage (473184K) : pldd_drw has 0 polygons
2026-08-14 15:15:15 +0200: Memory Usage (473184K) : next_drw has 0 polygons
2026-08-14 15:15:15 +0200: Memory Usage (473184K) : pext_drw has 0 polygons
2026-08-14 15:15:15 +0200: Memory Usage (473312K) : nexthv_drw has 0 polygons
2026-08-14 15:15:15 +0200: Memory Usage (473312K) : pexthv_drw has 0 polygons
2026-08-14 15:15:15 +0200: Memory Usage (473440K) : graphgate_drw has 0 polygons
2026-08-14 15:15:15 +0200: Memory Usage (473440K) : sinwg_drw has 0 polygons
2026-08-14 15:15:15 +0200: Memory Usage (473568K) : sinwg_filler has 0 polygons
2026-08-14 15:15:15 +0200: Memory Usage (473696K) : sinwg_nofill has 0 polygons
2026-08-14 15:15:15 +0200: Memory Usage (473696K) : mempad_drw has 0 polygons
2026-08-14 15:15:15 +0200: Memory Usage (473824K) : topvia1_drw has 0 polygons
2026-08-14 15:15:15 +0200: Memory Usage (473824K) : topmetal1_drw has 0 polygons
2026-08-14 15:15:15 +0200: Memory Usage (473952K) : topmetal1_filler has 0 polygons
2026-08-14 15:15:15 +0200: Memory Usage (473952K) : topmetal1_slit has 0 polygons
2026-08-14 15:15:15 +0200: Memory Usage (474080K) : topmetal1 has 0 polygons
2026-08-14 15:15:15 +0200: Memory Usage (474208K) : topmetal1_pin has 0 polygons
2026-08-14 15:15:15 +0200: Memory Usage (474208K) : topmetal1_mask has 0 polygons
2026-08-14 15:15:15 +0200: Memory Usage (474336K) : topmetal1_nofill has 0 polygons
2026-08-14 15:15:15 +0200: Memory Usage (474336K) : topmetal1_text has 0 polygons
2026-08-14 15:15:15 +0200: Memory Usage (474464K) : topmetal1_noqrc has 0 polygons
2026-08-14 15:15:15 +0200: Memory Usage (474592K) : topmetal1_res has 0 polygons
2026-08-14 15:15:15 +0200: Memory Usage (474592K) : topmetal1_iprobe has 0 polygons
2026-08-14 15:15:15 +0200: Memory Usage (474720K) : topmetal1_diffprb has 0 polygons
2026-08-14 15:15:15 +0200: Memory Usage (474720K) : inldpwl_drw has 0 polygons
2026-08-14 15:15:15 +0200: Memory Usage (474848K) : polyres_drw has 3 polygons
2026-08-14 15:15:15 +0200: Memory Usage (474848K) : polyres_pin has 0 polygons
2026-08-14 15:15:15 +0200: Memory Usage (474976K) : vmim_drw has 0 polygons
2026-08-14 15:15:15 +0200: Memory Usage (474976K) : nbulaycut_drw has 0 polygons
2026-08-14 15:15:15 +0200: Memory Usage (475104K) : antmetal1_drw has 0 polygons
2026-08-14 15:15:15 +0200: Memory Usage (475104K) : topvia2_drw has 0 polygons
2026-08-14 15:15:15 +0200: Memory Usage (475232K) : topmetal2_drw has 0 polygons
2026-08-14 15:15:15 +0200: Memory Usage (475360K) : topmetal2_filler has 0 polygons
2026-08-14 15:15:15 +0200: Memory Usage (475360K) : topmetal2_slit has 0 polygons
2026-08-14 15:15:15 +0200: Memory Usage (475488K) : topmetal2 has 0 polygons
2026-08-14 15:15:15 +0200: Memory Usage (475616K) : topmetal2_pin has 0 polygons
2026-08-14 15:15:15 +0200: Memory Usage (475616K) : topmetal2_mask has 0 polygons
2026-08-14 15:15:15 +0200: Memory Usage (475744K) : topmetal2_nofill has 0 polygons
2026-08-14 15:15:15 +0200: Memory Usage (475744K) : topmetal2_text has 0 polygons
2026-08-14 15:15:15 +0200: Memory Usage (475872K) : topmetal2_noqrc has 0 polygons
2026-08-14 15:15:15 +0200: Memory Usage (475872K) : topmetal2_res has 0 polygons
2026-08-14 15:15:15 +0200: Memory Usage (476000K) : topmetal2_iprobe has 0 polygons
2026-08-14 15:15:15 +0200: Memory Usage (476000K) : topmetal2_diffprb has 0 polygons
2026-08-14 15:15:15 +0200: Memory Usage (476128K) : snsring_drw has 0 polygons
2026-08-14 15:15:15 +0200: Memory Usage (476256K) : sensor_drw has 0 polygons
2026-08-14 15:15:15 +0200: Memory Usage (476256K) : snsarms_drw has 0 polygons
2026-08-14 15:15:15 +0200: Memory Usage (476384K) : snscmosvia_drw has 0 polygons
2026-08-14 15:15:15 +0200: Memory Usage (476384K) : colwind_drw has 0 polygons
2026-08-14 15:15:15 +0200: Memory Usage (476512K) : flm_drw has 0 polygons
2026-08-14 15:15:15 +0200: Memory Usage (476512K) : hafniumox_drw has 0 polygons
2026-08-14 15:15:15 +0200: Memory Usage (476640K) : memvia_drw has 0 polygons
2026-08-14 15:15:15 +0200: Memory Usage (476640K) : thinfilmres_drw has 0 polygons
2026-08-14 15:15:15 +0200: Memory Usage (476768K) : rfmem_drw has 0 polygons
2026-08-14 15:15:15 +0200: Memory Usage (476768K) : norcx_drw has 0 polygons
2026-08-14 15:15:15 +0200: Memory Usage (476896K) : norcx_m2m3 has 0 polygons
2026-08-14 15:15:15 +0200: Memory Usage (477024K) : norcx_m2m4 has 0 polygons
2026-08-14 15:15:15 +0200: Memory Usage (477024K) : norcx_m2m5 has 0 polygons
2026-08-14 15:15:15 +0200: Memory Usage (477152K) : norcx_m2tm1 has 0 polygons
2026-08-14 15:15:15 +0200: Memory Usage (477152K) : norcx_m2tm2 has 0 polygons
2026-08-14 15:15:15 +0200: Memory Usage (477280K) : norcx_m3m4 has 0 polygons
2026-08-14 15:15:15 +0200: Memory Usage (477280K) : norcx_m3m5 has 0 polygons
2026-08-14 15:15:15 +0200: Memory Usage (477408K) : norcx_m3tm1 has 0 polygons
2026-08-14 15:15:15 +0200: Memory Usage (477408K) : norcx_m3tm2 has 0 polygons
2026-08-14 15:15:15 +0200: Memory Usage (477536K) : norcx_m4m5 has 0 polygons
2026-08-14 15:15:15 +0200: Memory Usage (477536K) : norcx_m4tm1 has 0 polygons
2026-08-14 15:15:15 +0200: Memory Usage (477664K) : norcx_m4tm2 has 0 polygons
2026-08-14 15:15:15 +0200: Memory Usage (477792K) : norcx_m5tm1 has 0 polygons
2026-08-14 15:15:15 +0200: Memory Usage (477792K) : norcx_m5tm2 has 0 polygons
2026-08-14 15:15:15 +0200: Memory Usage (477920K) : norcx_tm1tm2 has 0 polygons
2026-08-14 15:15:15 +0200: Memory Usage (477920K) : norcx_m1sub has 0 polygons
2026-08-14 15:15:15 +0200: Memory Usage (478048K) : norcx_m2sub has 0 polygons
2026-08-14 15:15:15 +0200: Memory Usage (478048K) : norcx_m3sub has 0 polygons
2026-08-14 15:15:15 +0200: Memory Usage (478176K) : norcx_m4sub has 0 polygons
2026-08-14 15:15:15 +0200: Memory Usage (478176K) : norcx_m5sub has 0 polygons
2026-08-14 15:15:15 +0200: Memory Usage (478304K) : norcx_tm1sub has 0 polygons
2026-08-14 15:15:15 +0200: Memory Usage (478432K) : norcx_tm2sub has 0 polygons
2026-08-14 15:15:15 +0200: Memory Usage (478432K) : snsbotvia_drw has 0 polygons
2026-08-14 15:15:15 +0200: Memory Usage (478560K) : snstopvia_drw has 0 polygons
2026-08-14 15:15:15 +0200: Memory Usage (478560K) : deepvia_drw has 0 polygons
2026-08-14 15:15:15 +0200: Memory Usage (478688K) : fgetch_drw has 0 polygons
2026-08-14 15:15:15 +0200: Memory Usage (478688K) : ctrgat_drw has 0 polygons
2026-08-14 15:15:15 +0200: Memory Usage (478816K) : fgimp_drw has 0 polygons
2026-08-14 15:15:15 +0200: Memory Usage (478816K) : emwihv_drw has 0 polygons
2026-08-14 15:15:15 +0200: Memory Usage (478944K) : lbe_drw has 0 polygons
2026-08-14 15:15:15 +0200: Memory Usage (478944K) : alcustop_drw has 0 polygons
2026-08-14 15:15:15 +0200: Memory Usage (479072K) : nometfiller_drw has 0 polygons
2026-08-14 15:15:15 +0200: Memory Usage (479200K) : prboundary_drw has 0 polygons
2026-08-14 15:15:15 +0200: Memory Usage (479200K) : exchange0_drw has 0 polygons
2026-08-14 15:15:15 +0200: Memory Usage (479328K) : exchange0_pin has 0 polygons
2026-08-14 15:15:15 +0200: Memory Usage (479328K) : exchange0_text has 0 polygons
2026-08-14 15:15:15 +0200: Memory Usage (479456K) : exchange1_drw has 0 polygons
2026-08-14 15:15:15 +0200: Memory Usage (479456K) : exchange1_pin has 0 polygons
2026-08-14 15:15:15 +0200: Memory Usage (479584K) : exchange1_text has 0 polygons
2026-08-14 15:15:15 +0200: Memory Usage (479584K) : exchange2_drw has 0 polygons
2026-08-14 15:15:15 +0200: Memory Usage (479584K) : exchange2_pin has 0 polygons
2026-08-14 15:15:15 +0200: Memory Usage (479584K) : exchange2_text has 0 polygons
2026-08-14 15:15:15 +0200: Memory Usage (479584K) : exchange3_drw has 0 polygons
2026-08-14 15:15:15 +0200: Memory Usage (479584K) : exchange3_pin has 0 polygons
2026-08-14 15:15:15 +0200: Memory Usage (479584K) : exchange3_text has 0 polygons
2026-08-14 15:15:15 +0200: Memory Usage (479584K) : exchange4_drw has 0 polygons
2026-08-14 15:15:15 +0200: Memory Usage (479584K) : exchange4_pin has 0 polygons
2026-08-14 15:15:15 +0200: Memory Usage (479584K) : exchange4_text has 0 polygons
2026-08-14 15:15:15 +0200: Memory Usage (479584K) : isonwell_drw has 0 polygons
2026-08-14 15:15:15 +0200: Memory Usage (479584K) : Total no. of polygons in the design is 1794
2026-08-14 15:15:15 +0200: Memory Usage (479584K) : Starting CMOS5L Forbidden Layer Check
2026-08-14 15:15:15 +0200: Memory Usage (479712K) : CMOS5L Forbidden Layer Check: PASSED - No forbidden layers found
2026-08-14 15:15:15 +0200: Memory Usage (479712K) : CMOS5L Forbidden Layer Check: PASSED
2026-08-14 15:15:15 +0200: Memory Usage (479712K) : Starting base layers derivations
2026-08-14 15:15:15 +0200: Memory Usage (479712K) : Starting general LVS derivations
2026-08-14 15:15:16 +0200: Memory Usage (485820K) : Starting MOSFET DERIVATIONS
2026-08-14 15:15:16 +0200: Memory Usage (487996K) : Starting NMOS DERIVATIONS
2026-08-14 15:15:16 +0200: Memory Usage (488252K) : Starting PMOS DERIVATIONS
2026-08-14 15:15:16 +0200: Memory Usage (488380K) : Starting RF-MOSFET DERIVATIONS
2026-08-14 15:15:16 +0200: Memory Usage (488380K) : Starting RF-NMOS DERIVATIONS
2026-08-14 15:15:16 +0200: Memory Usage (488380K) : Starting RF-PMOS DERIVATIONS
2026-08-14 15:15:16 +0200: Memory Usage (488380K) : Starting BJT DERIVATIONS
2026-08-14 15:15:16 +0200: Memory Usage (488380K) : Starting NPN-BJT DERIVATIONS
2026-08-14 15:15:16 +0200: Memory Usage (488380K) : Starting PNP-BJT DERIVATIONS
2026-08-14 15:15:16 +0200: Memory Usage (488380K) : Starting DIODE DERIVATIONS
2026-08-14 15:15:16 +0200: Memory Usage (488380K) : Starting RESISTOR DERIVATIONS
2026-08-14 15:15:16 +0200: Memory Usage (488764K) : Starting CAP DERIVATIONS
2026-08-14 15:15:16 +0200: Memory Usage (488764K) : Starting CAP_MFRINGE DERIVATIONS
2026-08-14 15:15:16 +0200: Memory Usage (488764K) : Starting ESD DERIVATIONS
2026-08-14 15:15:16 +0200: Memory Usage (491452K) : Starting Inductor DERIVATIONS
2026-08-14 15:15:16 +0200: Memory Usage (491708K) : Starting Taps DERIVATIONS
2026-08-14 15:15:16 +0200: Memory Usage (491708K) : Starting SG13G2 LVS connectivity setup
2026-08-14 15:15:16 +0200: Memory Usage (491708K) : Starting SG13G2 LVS connectivity setup (Inter-layer)
2026-08-14 15:15:16 +0200: Memory Usage (491964K) : Starting SG13G2 LVS connectivity setup (Global)
2026-08-14 15:15:16 +0200: Memory Usage (491964K) : Starting LVS MOSFET CONNECTIONS
2026-08-14 15:15:16 +0200: Memory Usage (491964K) : Starting LVS RF-MOSFET CONNECTIONS
2026-08-14 15:15:16 +0200: Memory Usage (491964K) : Starting LVS BJT CONNECTIONS
2026-08-14 15:15:16 +0200: Memory Usage (491964K) : Starting LVS DIODE CONNECTIONS
2026-08-14 15:15:16 +0200: Memory Usage (491964K) : Starting RESISTOR CONNECTIONS
2026-08-14 15:15:16 +0200: Memory Usage (491964K) : Starting LVS CAP CONNECTIONS
2026-08-14 15:15:16 +0200: Memory Usage (491964K) : Starting ESD CONNECTIONS
2026-08-14 15:15:16 +0200: Memory Usage (491964K) : Starting Inductor CONNECTIONS
2026-08-14 15:15:16 +0200: Memory Usage (491964K) : Starting LVS Taps CONNECTIONS
2026-08-14 15:15:16 +0200: Memory Usage (491964K) : Starting CAP_MFRINGE CONNECTIONS
2026-08-14 15:15:16 +0200: Memory Usage (491964K) : Starting SG13CMOS5L LVS DEVICES EXTRACTION
2026-08-14 15:15:16 +0200: Memory Usage (491964K) : Starting MOSFET EXTRACTION
2026-08-14 15:15:16 +0200: Memory Usage (491964K) : Starting NMOS EXTRACTION
2026-08-14 15:15:16 +0200: Memory Usage (491964K) : Extraction of NMOS-LV transistor
2026-08-14 15:15:16 +0200: Memory Usage (492092K) : Extraction of NMOS-HV transistor
2026-08-14 15:15:16 +0200: Memory Usage (492092K) : Starting PMOS EXTRACTION
2026-08-14 15:15:16 +0200: Memory Usage (492092K) : Extraction of PMOS-LV transistor
2026-08-14 15:15:16 +0200: Memory Usage (492092K) : Extraction of PMOS-HV transistor
2026-08-14 15:15:16 +0200: Memory Usage (492092K) : Starting RF-MOSFET EXTRACTION
2026-08-14 15:15:16 +0200: Memory Usage (492092K) : Extraction of RF-NMOS-LV transistor
2026-08-14 15:15:16 +0200: Memory Usage (492092K) : Extraction of RF-NMOS-HV transistor
2026-08-14 15:15:16 +0200: Memory Usage (492092K) : Extraction of RF-PMOS-LV transistor
2026-08-14 15:15:16 +0200: Memory Usage (492092K) : Extraction of RF-PMOS-HV transistor
2026-08-14 15:15:16 +0200: Memory Usage (492092K) : Starting BJT EXTRACTION
2026-08-14 15:15:16 +0200: Memory Usage (492092K) : Starting NPN-BJT EXTRACTION
2026-08-14 15:15:16 +0200: Memory Usage (492092K) : Extraction of npn13G2 BJT transistor
2026-08-14 15:15:16 +0200: Memory Usage (492092K) : Extraction of npn13G2L BJT transistor
2026-08-14 15:15:16 +0200: Memory Usage (492092K) : Extraction of npn13G2V BJT transistor
2026-08-14 15:15:16 +0200: Memory Usage (492092K) : Starting PNP-BJT EXTRACTION
2026-08-14 15:15:16 +0200: Memory Usage (492092K) : Extracting pnpMPA BJT
2026-08-14 15:15:16 +0200: Memory Usage (492092K) : Starting DIODE EXTRACTION
2026-08-14 15:15:16 +0200: Memory Usage (492092K) : Extracting dantenna diode
2026-08-14 15:15:16 +0200: Memory Usage (492092K) : Extracting dpantenna diode
2026-08-14 15:15:16 +0200: Memory Usage (492092K) : Extracting schottky_nbl1 diode
2026-08-14 15:15:16 +0200: Memory Usage (492092K) : Extracting isolbox diode
2026-08-14 15:15:16 +0200: Memory Usage (492092K) : Starting RESISTOR EXTRACTION
2026-08-14 15:15:16 +0200: Memory Usage (492092K) : Extracting rsil resistor
2026-08-14 15:15:16 +0200: Memory Usage (492092K) : Extracting rppd resistor
2026-08-14 15:15:16 +0200: Memory Usage (492092K) : Extracting rhigh resistor
2026-08-14 15:15:16 +0200: Memory Usage (492092K) : Extracting res_metal1 resistor
2026-08-14 15:15:16 +0200: Memory Usage (492276K) : Extracting res_metal2 resistor
2026-08-14 15:15:16 +0200: Memory Usage (492276K) : Extracting res_metal3 resistor
2026-08-14 15:15:16 +0200: Memory Usage (492276K) : Extracting res_metal4 resistor
2026-08-14 15:15:16 +0200: Memory Usage (492276K) : Extracting res_metal5 resistor
2026-08-14 15:15:16 +0200: Memory Usage (492276K) : Extracting res_topmetal1 resistor
2026-08-14 15:15:16 +0200: Memory Usage (492276K) : Extracting res_topmetal2 resistor
2026-08-14 15:15:16 +0200: Memory Usage (492276K) : Starting CAP EXTRACTION
2026-08-14 15:15:16 +0200: Memory Usage (492276K) : Extracting cap_cmim device
2026-08-14 15:15:16 +0200: Memory Usage (492276K) : Extracting rfcmim device
2026-08-14 15:15:17 +0200: Memory Usage (492276K) : Extracting sg13_hv_svaricap varactor
2026-08-14 15:15:17 +0200: Memory Usage (492276K) : Extracting cap_mfringe device
2026-08-14 15:15:17 +0200: Memory Usage (492276K) : Starting ESD EXTRACTION
2026-08-14 15:15:17 +0200: Memory Usage (492276K) : Extracting diodevdd_2kv ESD device
2026-08-14 15:15:17 +0200: Memory Usage (492276K) : Extracting diodevdd_4kv ESD device
2026-08-14 15:15:17 +0200: Memory Usage (492276K) : Extracting diodevss_2kv ESD device
2026-08-14 15:15:17 +0200: Memory Usage (492276K) : Extracting diodevss_4kv ESD device
2026-08-14 15:15:17 +0200: Memory Usage (492276K) : Extracting idiodevdd_2kv ESD device
2026-08-14 15:15:17 +0200: Memory Usage (492276K) : Extracting idiodevdd_4kv ESD device
2026-08-14 15:15:17 +0200: Memory Usage (492276K) : Extracting idiodevss_2kv ESD device
2026-08-14 15:15:17 +0200: Memory Usage (492276K) : Extracting idiodevss_4kv ESD device
2026-08-14 15:15:17 +0200: Memory Usage (492276K) : Extracting nmoscl_2 ESD device
2026-08-14 15:15:17 +0200: Memory Usage (492276K) : Extracting nmoscl_4 ESD device
2026-08-14 15:15:17 +0200: Memory Usage (492276K) : Starting Inductor EXTRACTION
2026-08-14 15:15:17 +0200: Memory Usage (492276K) : Extracting Inductor2 device
2026-08-14 15:15:17 +0200: Memory Usage (492276K) : Extracting Inductor3 device
2026-08-14 15:15:17 +0200: Memory Usage (492276K) : Starting Taps EXTRACTION
2026-08-14 15:15:17 +0200: Memory Usage (492276K) : DISABLE_TAP_EXTRACTION is enabled: skipping ntap1/ptap1 device extraction.
2026-08-14 15:15:17 +0200: Memory Usage (492276K) : Starting SG13CMOS5L LVS RF MOS Model Mapping
2026-08-14 15:15:17 +0200: Memory Usage (492276K) : [layout_netlist] Apply RF MOS model mapping and rfmode parameter.
2026-08-14 15:15:17 +0200: Memory Usage (492276K) : Starting SG13CMOS5L LVS Options Preparations
2026-08-14 15:15:17 +0200: Memory Usage (492276K) : SG13CMOS5L LVS flow: extraction -> alignment -> option preparation -> comparison.
2026-08-14 15:15:17 +0200: Memory Usage (492276K) : Starting SG13CMOS5L LVS Alignment
2026-08-14 15:15:17 +0200: Memory Usage (492404K) : Starting SG13CMOS5L LVS Simplification
2026-08-14 15:15:17 +0200: Memory Usage (492404K) : [layout_netlist] simplify: ENABLED
2026-08-14 15:15:17 +0200: Memory Usage (492404K) : [layout_netlist] make_top_level_pins: SKIPPED
2026-08-14 15:15:17 +0200: Memory Usage (492404K) : [layout_netlist] combine_devices: SKIPPED
2026-08-14 15:15:17 +0200: Memory Usage (492404K) : [layout_netlist] purge: SKIPPED
2026-08-14 15:15:17 +0200: Memory Usage (492404K) : [layout_netlist] purge_nets: SKIPPED
2026-08-14 15:15:17 +0200: Memory Usage (492404K) : [schematic_netlist] simplify: ENABLED
2026-08-14 15:15:17 +0200: Memory Usage (492404K) : [schematic_netlist] make_top_level_pins: SKIPPED
2026-08-14 15:15:17 +0200: Memory Usage (492404K) : [schematic_netlist] combine_devices: SKIPPED
2026-08-14 15:15:17 +0200: Memory Usage (492404K) : [schematic_netlist] purge: SKIPPED
2026-08-14 15:15:17 +0200: Memory Usage (492404K) : [schematic_netlist] purge_nets: SKIPPED
2026-08-14 15:15:17 +0200: Memory Usage (492404K) : Starting SG13CMOS5L LVS Comparison in strict port mode.
2026-08-14 15:15:17 +0200: Memory Usage (492404K) : flag_missing_ports enabled: missing/mislabeled top-level ports are treated as errors.
2026-08-14 15:15:17 +0200: Memory Usage (492404K) : ==========================================
2026-08-14 15:15:17 +0200: Memory Usage (492404K) : INFO : Congratulations! Netlists match.
2026-08-14 15:15:17 +0200: Memory Usage (492404K) : ==========================================
2026-08-14 15:15:17 +0200: Memory Usage (492404K) : LVS Total Run time 1.318721 seconds
2026-08-14 15:16:12 +0200: Memory Usage (457356K) : Starting running SG13CMOS5L Klayout LVS runset on /foss/designs/CHIP-PLL/layout/CP/charge_pump/charge_pump_cell_next.gds
2026-08-14 15:16:12 +0200: Memory Usage (457356K) : Ruby Version for klayout: 3.2.3
2026-08-14 15:16:12 +0200: Memory Usage (458912K) : Loading database to memory is complete.
2026-08-14 15:16:12 +0200: Memory Usage (458912K) : SG13CMOS5L Klayout LVS runset output at: /foss/designs/CHIP-PLL/layout/CP/lvs/charge_pump_cell_next.lvsdb
2026-08-14 15:16:12 +0200: Memory Usage (458912K) : Evaluate switches.
2026-08-14 15:16:12 +0200: Memory Usage (458912K) : Extracted netlist with net names: true
2026-08-14 15:16:12 +0200: Memory Usage (458912K) : Extracted netlist with comments in details: false
2026-08-14 15:16:12 +0200: Memory Usage (458912K) : Selected NET_ONLY option: false
2026-08-14 15:16:12 +0200: Memory Usage (458912K) : Selected LAYOUT_NETLIST option: (none)
2026-08-14 15:16:12 +0200: Memory Usage (458912K) : Selected IGNORE_TOP_PORTS_MISMATCH option: 
2026-08-14 15:16:12 +0200: Memory Usage (458912K) : Selected IMPLICIT_NETS option: (none)
2026-08-14 15:16:12 +0200: Memory Usage (458912K) : Selected TOP_LVL_PINS option: false
2026-08-14 15:16:12 +0200: Memory Usage (458912K) : Selected COMBINE DEVICES option: false
2026-08-14 15:16:12 +0200: Memory Usage (458912K) : Selected PURGE option: false
2026-08-14 15:16:12 +0200: Memory Usage (458912K) : Selected PURGE_NETS option: false
2026-08-14 15:16:12 +0200: Memory Usage (458912K) : Selected SIMPLIFY option: true
2026-08-14 15:16:12 +0200: Memory Usage (458912K) : Selected SERIES_RES option: true
2026-08-14 15:16:12 +0200: Memory Usage (458912K) : Selected PARALLEL_RES option: true
2026-08-14 15:16:12 +0200: Memory Usage (458912K) : Selected DISABLE_TAP_EXTRACTION option: true
2026-08-14 15:16:12 +0200: Memory Usage (458912K) : deep  mode is enabled.
2026-08-14 15:16:12 +0200: Memory Usage (459216K) : Netlist file: /foss/designs/CHIP-PLL/layout/CP/netlists/charge_pump_cell.spice
2026-08-14 15:16:12 +0200: Memory Usage (459216K) : LVS extracted netlist at: /foss/designs/CHIP-PLL/layout/CP/lvs/charge_pump_cell_next_extracted.cir
2026-08-14 15:16:12 +0200: Memory Usage (459216K) : Applying SRAM integration support.
2026-08-14 15:16:12 +0200: Memory Usage (459216K) : Starting SG13CMOS5L LVS runset
2026-08-14 15:16:12 +0200: Memory Usage (459216K) : Read in polygons from layers.
2026-08-14 15:16:12 +0200: Memory Usage (460120K) : activ_drw has 123 polygons
2026-08-14 15:16:12 +0200: Memory Usage (460120K) : activ_filler has 0 polygons
2026-08-14 15:16:12 +0200: Memory Usage (460296K) : activ has 123 polygons
2026-08-14 15:16:12 +0200: Memory Usage (460296K) : activ_pin has 0 polygons
2026-08-14 15:16:12 +0200: Memory Usage (460296K) : activ_mask has 0 polygons
2026-08-14 15:16:12 +0200: Memory Usage (460296K) : activ_nofill has 0 polygons
2026-08-14 15:16:12 +0200: Memory Usage (460296K) : activ_OPC has 0 polygons
2026-08-14 15:16:12 +0200: Memory Usage (460296K) : activ_iOPC has 0 polygons
2026-08-14 15:16:12 +0200: Memory Usage (460296K) : activ_noqrc has 0 polygons
2026-08-14 15:16:12 +0200: Memory Usage (460296K) : biwind_drw has 0 polygons
2026-08-14 15:16:12 +0200: Memory Usage (460296K) : biwind_OPC has 0 polygons
2026-08-14 15:16:12 +0200: Memory Usage (460440K) : gatpoly_drw has 128 polygons
2026-08-14 15:16:12 +0200: Memory Usage (460440K) : gatpoly_filler has 0 polygons
2026-08-14 15:16:12 +0200: Memory Usage (460440K) : gatpoly has 128 polygons
2026-08-14 15:16:12 +0200: Memory Usage (460440K) : gatpoly_pin has 29 polygons
2026-08-14 15:16:12 +0200: Memory Usage (460568K) : gatpoly_nofill has 0 polygons
2026-08-14 15:16:12 +0200: Memory Usage (460568K) : gatpoly_OPC has 0 polygons
2026-08-14 15:16:12 +0200: Memory Usage (460568K) : gatpoly_iOPC has 0 polygons
2026-08-14 15:16:12 +0200: Memory Usage (460568K) : gatpoly_noqrc has 0 polygons
2026-08-14 15:16:12 +0200: Memory Usage (460696K) : cont_drw has 576 polygons
2026-08-14 15:16:12 +0200: Memory Usage (460824K) : cont_OPC has 0 polygons
2026-08-14 15:16:12 +0200: Memory Usage (460824K) : nsd_drw has 0 polygons
2026-08-14 15:16:12 +0200: Memory Usage (460952K) : nsd_block has 0 polygons
2026-08-14 15:16:12 +0200: Memory Usage (461128K) : metal1_drw has 380 polygons
2026-08-14 15:16:12 +0200: Memory Usage (461512K) : metal1_filler has 0 polygons
2026-08-14 15:16:12 +0200: Memory Usage (461512K) : metal1_slit has 0 polygons
2026-08-14 15:16:12 +0200: Memory Usage (461768K) : metal1 has 380 polygons
2026-08-14 15:16:12 +0200: Memory Usage (461768K) : metal1_pin has 74 polygons
2026-08-14 15:16:12 +0200: Memory Usage (461768K) : metal1_mask has 0 polygons
2026-08-14 15:16:12 +0200: Memory Usage (461896K) : metal1_nofill has 0 polygons
2026-08-14 15:16:12 +0200: Memory Usage (462024K) : metal1_text has 8 polygons
2026-08-14 15:16:12 +0200: Memory Usage (462024K) : metal1_OPC has 0 polygons
2026-08-14 15:16:12 +0200: Memory Usage (462152K) : metal1_noqrc has 0 polygons
2026-08-14 15:16:12 +0200: Memory Usage (462280K) : metal1_res has 0 polygons
2026-08-14 15:16:12 +0200: Memory Usage (462280K) : metal1_iprobe has 0 polygons
2026-08-14 15:16:12 +0200: Memory Usage (462408K) : metal1_diffprb has 0 polygons
2026-08-14 15:16:12 +0200: Memory Usage (462408K) : passiv_drw has 0 polygons
2026-08-14 15:16:12 +0200: Memory Usage (462536K) : passiv_pin has 0 polygons
2026-08-14 15:16:12 +0200: Memory Usage (462536K) : passiv_sbump has 0 polygons
2026-08-14 15:16:12 +0200: Memory Usage (462664K) : passiv_pillar has 0 polygons
2026-08-14 15:16:12 +0200: Memory Usage (462792K) : passiv_pdl has 0 polygons
2026-08-14 15:16:12 +0200: Memory Usage (462792K) : metal2_drw has 147 polygons
2026-08-14 15:16:12 +0200: Memory Usage (462920K) : metal2_filler has 0 polygons
2026-08-14 15:16:12 +0200: Memory Usage (463048K) : metal2_slit has 0 polygons
2026-08-14 15:16:12 +0200: Memory Usage (463176K) : metal2 has 147 polygons
2026-08-14 15:16:12 +0200: Memory Usage (463176K) : metal2_pin has 6 polygons
2026-08-14 15:16:12 +0200: Memory Usage (463304K) : metal2_mask has 0 polygons
2026-08-14 15:16:12 +0200: Memory Usage (463304K) : metal2_nofill has 0 polygons
2026-08-14 15:16:12 +0200: Memory Usage (463432K) : metal2_text has 6 polygons
2026-08-14 15:16:12 +0200: Memory Usage (463432K) : metal2_OPC has 0 polygons
2026-08-14 15:16:12 +0200: Memory Usage (463560K) : metal2_noqrc has 0 polygons
2026-08-14 15:16:12 +0200: Memory Usage (463560K) : metal2_res has 0 polygons
2026-08-14 15:16:12 +0200: Memory Usage (463688K) : metal2_iprobe has 0 polygons
2026-08-14 15:16:12 +0200: Memory Usage (463816K) : metal2_diffprb has 0 polygons
2026-08-14 15:16:12 +0200: Memory Usage (463816K) : baspoly_drw has 0 polygons
2026-08-14 15:16:12 +0200: Memory Usage (463944K) : baspoly_pin has 0 polygons
2026-08-14 15:16:12 +0200: Memory Usage (463944K) : psd_drw has 26 polygons
2026-08-14 15:16:12 +0200: Memory Usage (464072K) : nldb_drw has 0 polygons
2026-08-14 15:16:12 +0200: Memory Usage (464072K) : digibnd_drw has 0 polygons
2026-08-14 15:16:12 +0200: Memory Usage (464200K) : via1_drw has 66 polygons
2026-08-14 15:16:12 +0200: Memory Usage (464200K) : backmetal1_drw has 0 polygons
2026-08-14 15:16:12 +0200: Memory Usage (464328K) : backmetal1_pin has 0 polygons
2026-08-14 15:16:12 +0200: Memory Usage (464456K) : backmetal1_mask has 0 polygons
2026-08-14 15:16:12 +0200: Memory Usage (464584K) : backmetal1_filler has 0 polygons
2026-08-14 15:16:12 +0200: Memory Usage (464584K) : backmetal1_nofill has 0 polygons
2026-08-14 15:16:12 +0200: Memory Usage (464712K) : backmetal1_slit has 0 polygons
2026-08-14 15:16:12 +0200: Memory Usage (464840K) : backmetal1_text has 0 polygons
2026-08-14 15:16:12 +0200: Memory Usage (464840K) : backmetal1_OPC has 0 polygons
2026-08-14 15:16:12 +0200: Memory Usage (464968K) : backmetal1_noqrc has 0 polygons
2026-08-14 15:16:12 +0200: Memory Usage (464968K) : backmetal1_res has 0 polygons
2026-08-14 15:16:12 +0200: Memory Usage (465096K) : backmetal1_iprobe has 0 polygons
2026-08-14 15:16:12 +0200: Memory Usage (465096K) : backmetal1_diffprb has 0 polygons
2026-08-14 15:16:12 +0200: Memory Usage (465224K) : backpassiv_drw has 0 polygons
2026-08-14 15:16:12 +0200: Memory Usage (465352K) : res_drw has 0 polygons
2026-08-14 15:16:12 +0200: Memory Usage (465352K) : sram_drw has 0 polygons
2026-08-14 15:16:12 +0200: Memory Usage (465480K) : trans_drw has 0 polygons
2026-08-14 15:16:12 +0200: Memory Usage (465480K) : ind_drw has 0 polygons
2026-08-14 15:16:12 +0200: Memory Usage (465608K) : ind_pin has 0 polygons
2026-08-14 15:16:12 +0200: Memory Usage (465608K) : ind_text has 0 polygons
2026-08-14 15:16:12 +0200: Memory Usage (465736K) : salblock_drw has 3 polygons
2026-08-14 15:16:12 +0200: Memory Usage (465736K) : via2_drw has 24 polygons
2026-08-14 15:16:12 +0200: Memory Usage (465864K) : metal3_drw has 47 polygons
2026-08-14 15:16:12 +0200: Memory Usage (465992K) : metal3_filler has 0 polygons
2026-08-14 15:16:12 +0200: Memory Usage (465992K) : metal3_slit has 0 polygons
2026-08-14 15:16:12 +0200: Memory Usage (466120K) : metal3 has 47 polygons
2026-08-14 15:16:12 +0200: Memory Usage (466120K) : metal3_pin has 0 polygons
2026-08-14 15:16:12 +0200: Memory Usage (466248K) : metal3_mask has 0 polygons
2026-08-14 15:16:12 +0200: Memory Usage (466248K) : metal3_nofill has 0 polygons
2026-08-14 15:16:12 +0200: Memory Usage (466248K) : metal3_text has 0 polygons
2026-08-14 15:16:12 +0200: Memory Usage (466248K) : metal3_OPC has 0 polygons
2026-08-14 15:16:12 +0200: Memory Usage (466376K) : metal3_noqrc has 0 polygons
2026-08-14 15:16:12 +0200: Memory Usage (466376K) : metal3_res has 0 polygons
2026-08-14 15:16:12 +0200: Memory Usage (466376K) : metal3_iprobe has 0 polygons
2026-08-14 15:16:12 +0200: Memory Usage (466504K) : metal3_diffprb has 0 polygons
2026-08-14 15:16:12 +0200: Memory Usage (466504K) : nwell_drw has 27 polygons
2026-08-14 15:16:12 +0200: Memory Usage (466504K) : nwell_pin has 4 polygons
2026-08-14 15:16:12 +0200: Memory Usage (466632K) : nwell_text has 0 polygons
2026-08-14 15:16:12 +0200: Memory Usage (466632K) : nbulay_drw has 0 polygons
2026-08-14 15:16:12 +0200: Memory Usage (466632K) : nbulay_pin has 0 polygons
2026-08-14 15:16:12 +0200: Memory Usage (466760K) : nbulay_block has 0 polygons
2026-08-14 15:16:12 +0200: Memory Usage (466760K) : emwind_drw has 0 polygons
2026-08-14 15:16:12 +0200: Memory Usage (466888K) : emwind_OPC has 0 polygons
2026-08-14 15:16:12 +0200: Memory Usage (466888K) : deepco_drw has 0 polygons
2026-08-14 15:16:12 +0200: Memory Usage (467016K) : mim_drw has 0 polygons
2026-08-14 15:16:12 +0200: Memory Usage (467016K) : edgeseal_drw has 0 polygons
2026-08-14 15:16:12 +0200: Memory Usage (467144K) : substrate_drw has 17 polygons
2026-08-14 15:16:12 +0200: Memory Usage (467144K) : substrate_text has 0 polygons
2026-08-14 15:16:12 +0200: Memory Usage (467272K) : dfpad_drw has 0 polygons
2026-08-14 15:16:12 +0200: Memory Usage (467400K) : dfpad_pillar has 0 polygons
2026-08-14 15:16:12 +0200: Memory Usage (467400K) : dfpad_sbump has 0 polygons
2026-08-14 15:16:12 +0200: Memory Usage (467528K) : thickgateox_drw has 0 polygons
2026-08-14 15:16:12 +0200: Memory Usage (467528K) : pldb_drw has 0 polygons
2026-08-14 15:16:12 +0200: Memory Usage (467656K) : pwell_drw has 0 polygons
2026-08-14 15:16:12 +0200: Memory Usage (467656K) : pwell_pin has 0 polygons
2026-08-14 15:16:12 +0200: Memory Usage (467784K) : pwell_block has 0 polygons
2026-08-14 15:16:12 +0200: Memory Usage (467784K) : ic_drw has 0 polygons
2026-08-14 15:16:12 +0200: Memory Usage (467912K) : via3_drw has 0 polygons
2026-08-14 15:16:12 +0200: Memory Usage (467912K) : metal4_drw has 0 polygons
2026-08-14 15:16:12 +0200: Memory Usage (468040K) : metal4_filler has 0 polygons
2026-08-14 15:16:12 +0200: Memory Usage (468168K) : metal4_slit has 0 polygons
2026-08-14 15:16:12 +0200: Memory Usage (468296K) : metal4 has 0 polygons
2026-08-14 15:16:12 +0200: Memory Usage (468296K) : metal4_pin has 0 polygons
2026-08-14 15:16:12 +0200: Memory Usage (468424K) : metal4_mask has 0 polygons
2026-08-14 15:16:12 +0200: Memory Usage (468424K) : metal4_nofill has 0 polygons
2026-08-14 15:16:12 +0200: Memory Usage (468552K) : metal4_text has 0 polygons
2026-08-14 15:16:12 +0200: Memory Usage (468552K) : metal4_OPC has 0 polygons
2026-08-14 15:16:12 +0200: Memory Usage (468680K) : metal4_noqrc has 0 polygons
2026-08-14 15:16:12 +0200: Memory Usage (468680K) : metal4_res has 0 polygons
2026-08-14 15:16:12 +0200: Memory Usage (468680K) : metal4_iprobe has 0 polygons
2026-08-14 15:16:12 +0200: Memory Usage (468680K) : metal4_diffprb has 0 polygons
2026-08-14 15:16:12 +0200: Memory Usage (468808K) : heattrans_drw has 41 polygons
2026-08-14 15:16:12 +0200: Memory Usage (468808K) : heatres_drw has 3 polygons
2026-08-14 15:16:12 +0200: Memory Usage (468936K) : fbe_drw has 0 polygons
2026-08-14 15:16:12 +0200: Memory Usage (468936K) : empoly_drw has 0 polygons
2026-08-14 15:16:12 +0200: Memory Usage (469064K) : digisub_drw has 0 polygons
2026-08-14 15:16:12 +0200: Memory Usage (469064K) : text_drw has 48 polygons
2026-08-14 15:16:12 +0200: Memory Usage (469192K) : via4_drw has 0 polygons
2026-08-14 15:16:12 +0200: Memory Usage (469192K) : metal5_drw has 0 polygons
2026-08-14 15:16:12 +0200: Memory Usage (469320K) : metal5_filler has 0 polygons
2026-08-14 15:16:12 +0200: Memory Usage (469320K) : metal5_slit has 0 polygons
2026-08-14 15:16:12 +0200: Memory Usage (469448K) : metal5 has 0 polygons
2026-08-14 15:16:12 +0200: Memory Usage (469576K) : metal5_pin has 0 polygons
2026-08-14 15:16:12 +0200: Memory Usage (469576K) : metal5_mask has 0 polygons
2026-08-14 15:16:12 +0200: Memory Usage (469704K) : metal5_nofill has 0 polygons
2026-08-14 15:16:12 +0200: Memory Usage (469832K) : metal5_text has 0 polygons
2026-08-14 15:16:12 +0200: Memory Usage (469832K) : metal5_OPC has 0 polygons
2026-08-14 15:16:12 +0200: Memory Usage (469960K) : metal5_noqrc has 0 polygons
2026-08-14 15:16:12 +0200: Memory Usage (469960K) : metal5_res has 0 polygons
2026-08-14 15:16:12 +0200: Memory Usage (470088K) : metal5_iprobe has 0 polygons
2026-08-14 15:16:12 +0200: Memory Usage (470088K) : metal5_diffprb has 0 polygons
2026-08-14 15:16:12 +0200: Memory Usage (470216K) : radhard_drw has 0 polygons
2026-08-14 15:16:12 +0200: Memory Usage (470216K) : memcap_drw has 0 polygons
2026-08-14 15:16:12 +0200: Memory Usage (470344K) : varicap_drw has 0 polygons
2026-08-14 15:16:12 +0200: Memory Usage (470344K) : intbondvia_drw has 0 polygons
2026-08-14 15:16:12 +0200: Memory Usage (470472K) : intbondmet_drw has 0 polygons
2026-08-14 15:16:12 +0200: Memory Usage (470600K) : devbondvia_drw has 0 polygons
2026-08-14 15:16:12 +0200: Memory Usage (470600K) : devbondmet_drw has 0 polygons
2026-08-14 15:16:12 +0200: Memory Usage (470728K) : devtrench_drw has 0 polygons
2026-08-14 15:16:12 +0200: Memory Usage (470728K) : redist_drw has 0 polygons
2026-08-14 15:16:12 +0200: Memory Usage (470856K) : graphbot_drw has 0 polygons
2026-08-14 15:16:12 +0200: Memory Usage (470856K) : graphtop_drw has 0 polygons
2026-08-14 15:16:12 +0200: Memory Usage (470856K) : antvia1_drw has 0 polygons
2026-08-14 15:16:12 +0200: Memory Usage (470856K) : antmetal2_drw has 0 polygons
2026-08-14 15:16:12 +0200: Memory Usage (470984K) : graphcont_drw has 0 polygons
2026-08-14 15:16:12 +0200: Memory Usage (470984K) : siwg_drw has 0 polygons
2026-08-14 15:16:12 +0200: Memory Usage (470984K) : siwg_filler has 0 polygons
2026-08-14 15:16:12 +0200: Memory Usage (471112K) : siwg_nofill has 0 polygons
2026-08-14 15:16:12 +0200: Memory Usage (471112K) : sigrating_drw has 0 polygons
2026-08-14 15:16:12 +0200: Memory Usage (471240K) : singrating_drw has 0 polygons
2026-08-14 15:16:12 +0200: Memory Usage (471240K) : graphpas_drw has 0 polygons
2026-08-14 15:16:12 +0200: Memory Usage (471368K) : emwind3_drw has 0 polygons
2026-08-14 15:16:12 +0200: Memory Usage (471368K) : emwihv3_drw has 0 polygons
2026-08-14 15:16:12 +0200: Memory Usage (471496K) : redbulay_drw has 0 polygons
2026-08-14 15:16:12 +0200: Memory Usage (471496K) : smos_drw has 0 polygons
2026-08-14 15:16:12 +0200: Memory Usage (471624K) : graphpad_drw has 0 polygons
2026-08-14 15:16:12 +0200: Memory Usage (471752K) : polimide_drw has 0 polygons
2026-08-14 15:16:12 +0200: Memory Usage (471752K) : polimide_pin has 0 polygons
2026-08-14 15:16:12 +0200: Memory Usage (471880K) : recog_drw has 0 polygons
2026-08-14 15:16:12 +0200: Memory Usage (471880K) : recog_pin has 0 polygons
2026-08-14 15:16:12 +0200: Memory Usage (472008K) : recog_esd has 0 polygons
2026-08-14 15:16:12 +0200: Memory Usage (472008K) : recog_diode has 0 polygons
2026-08-14 15:16:12 +0200: Memory Usage (472136K) : recog_tsv has 0 polygons
2026-08-14 15:16:12 +0200: Memory Usage (472136K) : recog_iprobe has 0 polygons
2026-08-14 15:16:12 +0200: Memory Usage (472264K) : recog_diffprb has 0 polygons
2026-08-14 15:16:12 +0200: Memory Usage (472392K) : recog_pillar has 0 polygons
2026-08-14 15:16:12 +0200: Memory Usage (472392K) : recog_sbump has 0 polygons
2026-08-14 15:16:12 +0200: Memory Usage (472520K) : recog_otp has 0 polygons
2026-08-14 15:16:12 +0200: Memory Usage (472520K) : recog_pdiode has 0 polygons
2026-08-14 15:16:12 +0200: Memory Usage (472648K) : recog_mom has 0 polygons
2026-08-14 15:16:12 +0200: Memory Usage (472648K) : recog_pcm has 0 polygons
2026-08-14 15:16:12 +0200: Memory Usage (472776K) : colopen_drw has 0 polygons
2026-08-14 15:16:12 +0200: Memory Usage (472776K) : graphmetal1_drw has 0 polygons
2026-08-14 15:16:12 +0200: Memory Usage (472904K) : graphmetal1_filler has 0 polygons
2026-08-14 15:16:12 +0200: Memory Usage (472904K) : graphmetal1_nofill has 0 polygons
2026-08-14 15:16:12 +0200: Memory Usage (473032K) : graphmetal1_slit has 0 polygons
2026-08-14 15:16:12 +0200: Memory Usage (473160K) : graphmetal1_OPC has 0 polygons
2026-08-14 15:16:12 +0200: Memory Usage (473160K) : graphmet1l_drw has 0 polygons
2026-08-14 15:16:12 +0200: Memory Usage (473288K) : graphmet1l_filler has 0 polygons
2026-08-14 15:16:12 +0200: Memory Usage (473288K) : graphmet1l_nofill has 0 polygons
2026-08-14 15:16:12 +0200: Memory Usage (473416K) : graphmet1l_slit has 0 polygons
2026-08-14 15:16:12 +0200: Memory Usage (473416K) : graphmet1l_OPC has 0 polygons
2026-08-14 15:16:12 +0200: Memory Usage (473416K) : extblock_drw has 9 polygons
2026-08-14 15:16:12 +0200: Memory Usage (473416K) : nldd_drw has 0 polygons
2026-08-14 15:16:12 +0200: Memory Usage (473416K) : pldd_drw has 0 polygons
2026-08-14 15:16:12 +0200: Memory Usage (473416K) : next_drw has 0 polygons
2026-08-14 15:16:12 +0200: Memory Usage (473416K) : pext_drw has 0 polygons
2026-08-14 15:16:12 +0200: Memory Usage (473544K) : nexthv_drw has 0 polygons
2026-08-14 15:16:12 +0200: Memory Usage (473544K) : pexthv_drw has 0 polygons
2026-08-14 15:16:12 +0200: Memory Usage (473672K) : graphgate_drw has 0 polygons
2026-08-14 15:16:12 +0200: Memory Usage (473800K) : sinwg_drw has 0 polygons
2026-08-14 15:16:12 +0200: Memory Usage (473800K) : sinwg_filler has 0 polygons
2026-08-14 15:16:12 +0200: Memory Usage (473928K) : sinwg_nofill has 0 polygons
2026-08-14 15:16:12 +0200: Memory Usage (473928K) : mempad_drw has 0 polygons
2026-08-14 15:16:12 +0200: Memory Usage (474056K) : topvia1_drw has 0 polygons
2026-08-14 15:16:12 +0200: Memory Usage (474056K) : topmetal1_drw has 0 polygons
2026-08-14 15:16:12 +0200: Memory Usage (474184K) : topmetal1_filler has 0 polygons
2026-08-14 15:16:12 +0200: Memory Usage (474184K) : topmetal1_slit has 0 polygons
2026-08-14 15:16:12 +0200: Memory Usage (474312K) : topmetal1 has 0 polygons
2026-08-14 15:16:12 +0200: Memory Usage (474440K) : topmetal1_pin has 0 polygons
2026-08-14 15:16:12 +0200: Memory Usage (474440K) : topmetal1_mask has 0 polygons
2026-08-14 15:16:12 +0200: Memory Usage (474568K) : topmetal1_nofill has 0 polygons
2026-08-14 15:16:12 +0200: Memory Usage (474696K) : topmetal1_text has 0 polygons
2026-08-14 15:16:12 +0200: Memory Usage (474696K) : topmetal1_noqrc has 0 polygons
2026-08-14 15:16:12 +0200: Memory Usage (474824K) : topmetal1_res has 0 polygons
2026-08-14 15:16:12 +0200: Memory Usage (474824K) : topmetal1_iprobe has 0 polygons
2026-08-14 15:16:12 +0200: Memory Usage (474952K) : topmetal1_diffprb has 0 polygons
2026-08-14 15:16:12 +0200: Memory Usage (474952K) : inldpwl_drw has 0 polygons
2026-08-14 15:16:12 +0200: Memory Usage (475080K) : polyres_drw has 3 polygons
2026-08-14 15:16:12 +0200: Memory Usage (475080K) : polyres_pin has 0 polygons
2026-08-14 15:16:12 +0200: Memory Usage (475208K) : vmim_drw has 0 polygons
2026-08-14 15:16:12 +0200: Memory Usage (475208K) : nbulaycut_drw has 0 polygons
2026-08-14 15:16:12 +0200: Memory Usage (475336K) : antmetal1_drw has 0 polygons
2026-08-14 15:16:12 +0200: Memory Usage (475464K) : topvia2_drw has 0 polygons
2026-08-14 15:16:12 +0200: Memory Usage (475464K) : topmetal2_drw has 0 polygons
2026-08-14 15:16:12 +0200: Memory Usage (475592K) : topmetal2_filler has 0 polygons
2026-08-14 15:16:12 +0200: Memory Usage (475592K) : topmetal2_slit has 0 polygons
2026-08-14 15:16:12 +0200: Memory Usage (475720K) : topmetal2 has 0 polygons
2026-08-14 15:16:12 +0200: Memory Usage (475848K) : topmetal2_pin has 0 polygons
2026-08-14 15:16:12 +0200: Memory Usage (475848K) : topmetal2_mask has 0 polygons
2026-08-14 15:16:12 +0200: Memory Usage (475976K) : topmetal2_nofill has 0 polygons
2026-08-14 15:16:12 +0200: Memory Usage (475976K) : topmetal2_text has 0 polygons
2026-08-14 15:16:12 +0200: Memory Usage (476104K) : topmetal2_noqrc has 0 polygons
2026-08-14 15:16:12 +0200: Memory Usage (476104K) : topmetal2_res has 0 polygons
2026-08-14 15:16:12 +0200: Memory Usage (476232K) : topmetal2_iprobe has 0 polygons
2026-08-14 15:16:12 +0200: Memory Usage (476232K) : topmetal2_diffprb has 0 polygons
2026-08-14 15:16:12 +0200: Memory Usage (476360K) : snsring_drw has 0 polygons
2026-08-14 15:16:12 +0200: Memory Usage (476488K) : sensor_drw has 0 polygons
2026-08-14 15:16:12 +0200: Memory Usage (476488K) : snsarms_drw has 0 polygons
2026-08-14 15:16:12 +0200: Memory Usage (476616K) : snscmosvia_drw has 0 polygons
2026-08-14 15:16:12 +0200: Memory Usage (476616K) : colwind_drw has 0 polygons
2026-08-14 15:16:12 +0200: Memory Usage (476744K) : flm_drw has 0 polygons
2026-08-14 15:16:12 +0200: Memory Usage (476744K) : hafniumox_drw has 0 polygons
2026-08-14 15:16:12 +0200: Memory Usage (476872K) : memvia_drw has 0 polygons
2026-08-14 15:16:12 +0200: Memory Usage (477000K) : thinfilmres_drw has 0 polygons
2026-08-14 15:16:12 +0200: Memory Usage (477000K) : rfmem_drw has 0 polygons
2026-08-14 15:16:12 +0200: Memory Usage (477128K) : norcx_drw has 0 polygons
2026-08-14 15:16:12 +0200: Memory Usage (477128K) : norcx_m2m3 has 0 polygons
2026-08-14 15:16:12 +0200: Memory Usage (477256K) : norcx_m2m4 has 0 polygons
2026-08-14 15:16:12 +0200: Memory Usage (477256K) : norcx_m2m5 has 0 polygons
2026-08-14 15:16:12 +0200: Memory Usage (477384K) : norcx_m2tm1 has 0 polygons
2026-08-14 15:16:12 +0200: Memory Usage (477384K) : norcx_m2tm2 has 0 polygons
2026-08-14 15:16:12 +0200: Memory Usage (477512K) : norcx_m3m4 has 0 polygons
2026-08-14 15:16:12 +0200: Memory Usage (477512K) : norcx_m3m5 has 0 polygons
2026-08-14 15:16:12 +0200: Memory Usage (477640K) : norcx_m3tm1 has 0 polygons
2026-08-14 15:16:12 +0200: Memory Usage (477640K) : norcx_m3tm2 has 0 polygons
2026-08-14 15:16:12 +0200: Memory Usage (477768K) : norcx_m4m5 has 0 polygons
2026-08-14 15:16:12 +0200: Memory Usage (477896K) : norcx_m4tm1 has 0 polygons
2026-08-14 15:16:12 +0200: Memory Usage (477896K) : norcx_m4tm2 has 0 polygons
2026-08-14 15:16:12 +0200: Memory Usage (478024K) : norcx_m5tm1 has 0 polygons
2026-08-14 15:16:12 +0200: Memory Usage (478024K) : norcx_m5tm2 has 0 polygons
2026-08-14 15:16:12 +0200: Memory Usage (478152K) : norcx_tm1tm2 has 0 polygons
2026-08-14 15:16:12 +0200: Memory Usage (478152K) : norcx_m1sub has 0 polygons
2026-08-14 15:16:12 +0200: Memory Usage (478280K) : norcx_m2sub has 0 polygons
2026-08-14 15:16:12 +0200: Memory Usage (478280K) : norcx_m3sub has 0 polygons
2026-08-14 15:16:12 +0200: Memory Usage (478408K) : norcx_m4sub has 0 polygons
2026-08-14 15:16:12 +0200: Memory Usage (478536K) : norcx_m5sub has 0 polygons
2026-08-14 15:16:12 +0200: Memory Usage (478536K) : norcx_tm1sub has 0 polygons
2026-08-14 15:16:12 +0200: Memory Usage (478664K) : norcx_tm2sub has 0 polygons
2026-08-14 15:16:12 +0200: Memory Usage (478664K) : snsbotvia_drw has 0 polygons
2026-08-14 15:16:12 +0200: Memory Usage (478792K) : snstopvia_drw has 0 polygons
2026-08-14 15:16:12 +0200: Memory Usage (478792K) : deepvia_drw has 0 polygons
2026-08-14 15:16:12 +0200: Memory Usage (478920K) : fgetch_drw has 0 polygons
2026-08-14 15:16:12 +0200: Memory Usage (478920K) : ctrgat_drw has 0 polygons
2026-08-14 15:16:12 +0200: Memory Usage (479048K) : fgimp_drw has 0 polygons
2026-08-14 15:16:12 +0200: Memory Usage (479048K) : emwihv_drw has 0 polygons
2026-08-14 15:16:12 +0200: Memory Usage (479176K) : lbe_drw has 0 polygons
2026-08-14 15:16:12 +0200: Memory Usage (479304K) : alcustop_drw has 0 polygons
2026-08-14 15:16:12 +0200: Memory Usage (479304K) : nometfiller_drw has 0 polygons
2026-08-14 15:16:12 +0200: Memory Usage (479432K) : prboundary_drw has 0 polygons
2026-08-14 15:16:12 +0200: Memory Usage (479432K) : exchange0_drw has 0 polygons
2026-08-14 15:16:12 +0200: Memory Usage (479560K) : exchange0_pin has 0 polygons
2026-08-14 15:16:12 +0200: Memory Usage (479560K) : exchange0_text has 0 polygons
2026-08-14 15:16:12 +0200: Memory Usage (479688K) : exchange1_drw has 0 polygons
2026-08-14 15:16:12 +0200: Memory Usage (479688K) : exchange1_pin has 0 polygons
2026-08-14 15:16:12 +0200: Memory Usage (479816K) : exchange1_text has 0 polygons
2026-08-14 15:16:12 +0200: Memory Usage (479944K) : exchange2_drw has 0 polygons
2026-08-14 15:16:12 +0200: Memory Usage (479944K) : exchange2_pin has 0 polygons
2026-08-14 15:16:12 +0200: Memory Usage (479944K) : exchange2_text has 0 polygons
2026-08-14 15:16:12 +0200: Memory Usage (479944K) : exchange3_drw has 0 polygons
2026-08-14 15:16:12 +0200: Memory Usage (479944K) : exchange3_pin has 0 polygons
2026-08-14 15:16:12 +0200: Memory Usage (479944K) : exchange3_text has 0 polygons
2026-08-14 15:16:12 +0200: Memory Usage (479944K) : exchange4_drw has 0 polygons
2026-08-14 15:16:12 +0200: Memory Usage (479944K) : exchange4_pin has 0 polygons
2026-08-14 15:16:12 +0200: Memory Usage (479944K) : exchange4_text has 0 polygons
2026-08-14 15:16:12 +0200: Memory Usage (479944K) : isonwell_drw has 0 polygons
2026-08-14 15:16:12 +0200: Memory Usage (479944K) : Total no. of polygons in the design is 1795
2026-08-14 15:16:12 +0200: Memory Usage (479944K) : Starting CMOS5L Forbidden Layer Check
2026-08-14 15:16:12 +0200: Memory Usage (479944K) : CMOS5L Forbidden Layer Check: PASSED - No forbidden layers found
2026-08-14 15:16:12 +0200: Memory Usage (479944K) : CMOS5L Forbidden Layer Check: PASSED
2026-08-14 15:16:12 +0200: Memory Usage (479944K) : Starting base layers derivations
2026-08-14 15:16:12 +0200: Memory Usage (479944K) : Starting general LVS derivations
2026-08-14 15:16:12 +0200: Memory Usage (485876K) : Starting MOSFET DERIVATIONS
2026-08-14 15:16:12 +0200: Memory Usage (488356K) : Starting NMOS DERIVATIONS
2026-08-14 15:16:12 +0200: Memory Usage (488612K) : Starting PMOS DERIVATIONS
2026-08-14 15:16:12 +0200: Memory Usage (488612K) : Starting RF-MOSFET DERIVATIONS
2026-08-14 15:16:12 +0200: Memory Usage (488612K) : Starting RF-NMOS DERIVATIONS
2026-08-14 15:16:12 +0200: Memory Usage (488612K) : Starting RF-PMOS DERIVATIONS
2026-08-14 15:16:12 +0200: Memory Usage (488612K) : Starting BJT DERIVATIONS
2026-08-14 15:16:12 +0200: Memory Usage (488612K) : Starting NPN-BJT DERIVATIONS
2026-08-14 15:16:12 +0200: Memory Usage (488612K) : Starting PNP-BJT DERIVATIONS
2026-08-14 15:16:12 +0200: Memory Usage (488612K) : Starting DIODE DERIVATIONS
2026-08-14 15:16:12 +0200: Memory Usage (488740K) : Starting RESISTOR DERIVATIONS
2026-08-14 15:16:12 +0200: Memory Usage (489188K) : Starting CAP DERIVATIONS
2026-08-14 15:16:12 +0200: Memory Usage (489188K) : Starting CAP_MFRINGE DERIVATIONS
2026-08-14 15:16:12 +0200: Memory Usage (489188K) : Starting ESD DERIVATIONS
2026-08-14 15:16:12 +0200: Memory Usage (491620K) : Starting Inductor DERIVATIONS
2026-08-14 15:16:13 +0200: Memory Usage (491876K) : Starting Taps DERIVATIONS
2026-08-14 15:16:13 +0200: Memory Usage (491876K) : Starting SG13G2 LVS connectivity setup
2026-08-14 15:16:13 +0200: Memory Usage (491876K) : Starting SG13G2 LVS connectivity setup (Inter-layer)
2026-08-14 15:16:13 +0200: Memory Usage (492004K) : Starting SG13G2 LVS connectivity setup (Global)
2026-08-14 15:16:13 +0200: Memory Usage (492004K) : Starting LVS MOSFET CONNECTIONS
2026-08-14 15:16:13 +0200: Memory Usage (492004K) : Starting LVS RF-MOSFET CONNECTIONS
2026-08-14 15:16:13 +0200: Memory Usage (492004K) : Starting LVS BJT CONNECTIONS
2026-08-14 15:16:13 +0200: Memory Usage (492004K) : Starting LVS DIODE CONNECTIONS
2026-08-14 15:16:13 +0200: Memory Usage (492004K) : Starting RESISTOR CONNECTIONS
2026-08-14 15:16:13 +0200: Memory Usage (492004K) : Starting LVS CAP CONNECTIONS
2026-08-14 15:16:13 +0200: Memory Usage (492004K) : Starting ESD CONNECTIONS
2026-08-14 15:16:13 +0200: Memory Usage (492004K) : Starting Inductor CONNECTIONS
2026-08-14 15:16:13 +0200: Memory Usage (492004K) : Starting LVS Taps CONNECTIONS
2026-08-14 15:16:13 +0200: Memory Usage (492004K) : Starting CAP_MFRINGE CONNECTIONS
2026-08-14 15:16:13 +0200: Memory Usage (492004K) : Starting SG13CMOS5L LVS DEVICES EXTRACTION
2026-08-14 15:16:13 +0200: Memory Usage (492004K) : Starting MOSFET EXTRACTION
2026-08-14 15:16:13 +0200: Memory Usage (492004K) : Starting NMOS EXTRACTION
2026-08-14 15:16:13 +0200: Memory Usage (492004K) : Extraction of NMOS-LV transistor
2026-08-14 15:16:13 +0200: Memory Usage (492132K) : Extraction of NMOS-HV transistor
2026-08-14 15:16:13 +0200: Memory Usage (492132K) : Starting PMOS EXTRACTION
2026-08-14 15:16:13 +0200: Memory Usage (492132K) : Extraction of PMOS-LV transistor
2026-08-14 15:16:13 +0200: Memory Usage (492132K) : Extraction of PMOS-HV transistor
2026-08-14 15:16:13 +0200: Memory Usage (492132K) : Starting RF-MOSFET EXTRACTION
2026-08-14 15:16:13 +0200: Memory Usage (492132K) : Extraction of RF-NMOS-LV transistor
2026-08-14 15:16:13 +0200: Memory Usage (492132K) : Extraction of RF-NMOS-HV transistor
2026-08-14 15:16:13 +0200: Memory Usage (492132K) : Extraction of RF-PMOS-LV transistor
2026-08-14 15:16:13 +0200: Memory Usage (492132K) : Extraction of RF-PMOS-HV transistor
2026-08-14 15:16:13 +0200: Memory Usage (492132K) : Starting BJT EXTRACTION
2026-08-14 15:16:13 +0200: Memory Usage (492132K) : Starting NPN-BJT EXTRACTION
2026-08-14 15:16:13 +0200: Memory Usage (492132K) : Extraction of npn13G2 BJT transistor
2026-08-14 15:16:13 +0200: Memory Usage (492132K) : Extraction of npn13G2L BJT transistor
2026-08-14 15:16:13 +0200: Memory Usage (492132K) : Extraction of npn13G2V BJT transistor
2026-08-14 15:16:13 +0200: Memory Usage (492132K) : Starting PNP-BJT EXTRACTION
2026-08-14 15:16:13 +0200: Memory Usage (492132K) : Extracting pnpMPA BJT
2026-08-14 15:16:13 +0200: Memory Usage (492132K) : Starting DIODE EXTRACTION
2026-08-14 15:16:13 +0200: Memory Usage (492132K) : Extracting dantenna diode
2026-08-14 15:16:13 +0200: Memory Usage (492132K) : Extracting dpantenna diode
2026-08-14 15:16:13 +0200: Memory Usage (492132K) : Extracting schottky_nbl1 diode
2026-08-14 15:16:13 +0200: Memory Usage (492132K) : Extracting isolbox diode
2026-08-14 15:16:13 +0200: Memory Usage (492132K) : Starting RESISTOR EXTRACTION
2026-08-14 15:16:13 +0200: Memory Usage (492132K) : Extracting rsil resistor
2026-08-14 15:16:13 +0200: Memory Usage (492132K) : Extracting rppd resistor
2026-08-14 15:16:13 +0200: Memory Usage (492260K) : Extracting rhigh resistor
2026-08-14 15:16:13 +0200: Memory Usage (492260K) : Extracting res_metal1 resistor
2026-08-14 15:16:13 +0200: Memory Usage (492260K) : Extracting res_metal2 resistor
2026-08-14 15:16:13 +0200: Memory Usage (492260K) : Extracting res_metal3 resistor
2026-08-14 15:16:13 +0200: Memory Usage (492260K) : Extracting res_metal4 resistor
2026-08-14 15:16:13 +0200: Memory Usage (492260K) : Extracting res_metal5 resistor
2026-08-14 15:16:13 +0200: Memory Usage (492260K) : Extracting res_topmetal1 resistor
2026-08-14 15:16:13 +0200: Memory Usage (492260K) : Extracting res_topmetal2 resistor
2026-08-14 15:16:13 +0200: Memory Usage (492260K) : Starting CAP EXTRACTION
2026-08-14 15:16:13 +0200: Memory Usage (492260K) : Extracting cap_cmim device
2026-08-14 15:16:13 +0200: Memory Usage (492260K) : Extracting rfcmim device
2026-08-14 15:16:13 +0200: Memory Usage (492260K) : Extracting sg13_hv_svaricap varactor
2026-08-14 15:16:13 +0200: Memory Usage (492260K) : Extracting cap_mfringe device
2026-08-14 15:16:13 +0200: Memory Usage (492260K) : Starting ESD EXTRACTION
2026-08-14 15:16:13 +0200: Memory Usage (492260K) : Extracting diodevdd_2kv ESD device
2026-08-14 15:16:13 +0200: Memory Usage (492260K) : Extracting diodevdd_4kv ESD device
2026-08-14 15:16:13 +0200: Memory Usage (492260K) : Extracting diodevss_2kv ESD device
2026-08-14 15:16:13 +0200: Memory Usage (492260K) : Extracting diodevss_4kv ESD device
2026-08-14 15:16:13 +0200: Memory Usage (492260K) : Extracting idiodevdd_2kv ESD device
2026-08-14 15:16:13 +0200: Memory Usage (492260K) : Extracting idiodevdd_4kv ESD device
2026-08-14 15:16:13 +0200: Memory Usage (492260K) : Extracting idiodevss_2kv ESD device
2026-08-14 15:16:13 +0200: Memory Usage (492260K) : Extracting idiodevss_4kv ESD device
2026-08-14 15:16:13 +0200: Memory Usage (492260K) : Extracting nmoscl_2 ESD device
2026-08-14 15:16:13 +0200: Memory Usage (492260K) : Extracting nmoscl_4 ESD device
2026-08-14 15:16:13 +0200: Memory Usage (492260K) : Starting Inductor EXTRACTION
2026-08-14 15:16:13 +0200: Memory Usage (492260K) : Extracting Inductor2 device
2026-08-14 15:16:13 +0200: Memory Usage (492260K) : Extracting Inductor3 device
2026-08-14 15:16:13 +0200: Memory Usage (492260K) : Starting Taps EXTRACTION
2026-08-14 15:16:13 +0200: Memory Usage (492260K) : DISABLE_TAP_EXTRACTION is enabled: skipping ntap1/ptap1 device extraction.
2026-08-14 15:16:13 +0200: Memory Usage (492260K) : Starting SG13CMOS5L LVS RF MOS Model Mapping
2026-08-14 15:16:13 +0200: Memory Usage (492260K) : [layout_netlist] Apply RF MOS model mapping and rfmode parameter.
2026-08-14 15:16:13 +0200: Memory Usage (492260K) : Starting SG13CMOS5L LVS Options Preparations
2026-08-14 15:16:13 +0200: Memory Usage (492260K) : SG13CMOS5L LVS flow: extraction -> alignment -> option preparation -> comparison.
2026-08-14 15:16:13 +0200: Memory Usage (492260K) : Starting SG13CMOS5L LVS Alignment
2026-08-14 15:16:13 +0200: Memory Usage (492388K) : Starting SG13CMOS5L LVS Simplification
2026-08-14 15:16:13 +0200: Memory Usage (492388K) : [layout_netlist] simplify: ENABLED
2026-08-14 15:16:13 +0200: Memory Usage (492388K) : [layout_netlist] make_top_level_pins: SKIPPED
2026-08-14 15:16:13 +0200: Memory Usage (492388K) : [layout_netlist] combine_devices: SKIPPED
2026-08-14 15:16:13 +0200: Memory Usage (492388K) : [layout_netlist] purge: SKIPPED
2026-08-14 15:16:13 +0200: Memory Usage (492388K) : [layout_netlist] purge_nets: SKIPPED
2026-08-14 15:16:13 +0200: Memory Usage (492388K) : [schematic_netlist] simplify: ENABLED
2026-08-14 15:16:13 +0200: Memory Usage (492388K) : [schematic_netlist] make_top_level_pins: SKIPPED
2026-08-14 15:16:13 +0200: Memory Usage (492388K) : [schematic_netlist] combine_devices: SKIPPED
2026-08-14 15:16:13 +0200: Memory Usage (492388K) : [schematic_netlist] purge: SKIPPED
2026-08-14 15:16:13 +0200: Memory Usage (492388K) : [schematic_netlist] purge_nets: SKIPPED
2026-08-14 15:16:13 +0200: Memory Usage (492388K) : Starting SG13CMOS5L LVS Comparison in strict port mode.
2026-08-14 15:16:13 +0200: Memory Usage (492388K) : flag_missing_ports enabled: missing/mislabeled top-level ports are treated as errors.
2026-08-14 15:16:13 +0200: Memory Usage (492516K) : xxxxxxxxxxxxxxxxxxxxxxxxxxxxxxxxxxxxxxxxxx
2026-08-14 15:16:13 +0200: Memory Usage (492516K) : ERROR : Netlists don't match
2026-08-14 15:16:13 +0200: Memory Usage (492516K) : xxxxxxxxxxxxxxxxxxxxxxxxxxxxxxxxxxxxxxxxxx
2026-08-14 15:16:13 +0200: Memory Usage (492516K) : LVS Total Run time 1.313971 seconds
2026-08-14 15:17:18 +0200: Memory Usage (457140K) : Starting running SG13CMOS5L Klayout LVS runset on /foss/designs/CHIP-PLL/layout/CP/charge_pump/charge_pump_cell_next.gds
2026-08-14 15:17:18 +0200: Memory Usage (457140K) : Ruby Version for klayout: 3.2.3
2026-08-14 15:17:18 +0200: Memory Usage (458692K) : Loading database to memory is complete.
2026-08-14 15:17:18 +0200: Memory Usage (458692K) : SG13CMOS5L Klayout LVS runset output at: /foss/designs/CHIP-PLL/layout/CP/lvs/charge_pump_cell_next.lvsdb
2026-08-14 15:17:18 +0200: Memory Usage (458692K) : Evaluate switches.
2026-08-14 15:17:18 +0200: Memory Usage (458692K) : Extracted netlist with net names: true
2026-08-14 15:17:18 +0200: Memory Usage (458692K) : Extracted netlist with comments in details: false
2026-08-14 15:17:18 +0200: Memory Usage (458692K) : Selected NET_ONLY option: false
2026-08-14 15:17:18 +0200: Memory Usage (458692K) : Selected LAYOUT_NETLIST option: (none)
2026-08-14 15:17:18 +0200: Memory Usage (458692K) : Selected IGNORE_TOP_PORTS_MISMATCH option: 
2026-08-14 15:17:18 +0200: Memory Usage (458692K) : Selected IMPLICIT_NETS option: (none)
2026-08-14 15:17:18 +0200: Memory Usage (458692K) : Selected TOP_LVL_PINS option: false
2026-08-14 15:17:18 +0200: Memory Usage (458692K) : Selected COMBINE DEVICES option: false
2026-08-14 15:17:18 +0200: Memory Usage (458692K) : Selected PURGE option: false
2026-08-14 15:17:18 +0200: Memory Usage (458692K) : Selected PURGE_NETS option: false
2026-08-14 15:17:18 +0200: Memory Usage (458692K) : Selected SIMPLIFY option: true
2026-08-14 15:17:18 +0200: Memory Usage (458692K) : Selected SERIES_RES option: true
2026-08-14 15:17:18 +0200: Memory Usage (458692K) : Selected PARALLEL_RES option: true
2026-08-14 15:17:18 +0200: Memory Usage (458692K) : Selected DISABLE_TAP_EXTRACTION option: true
2026-08-14 15:17:18 +0200: Memory Usage (458692K) : deep  mode is enabled.
2026-08-14 15:17:18 +0200: Memory Usage (459124K) : Netlist file: /foss/designs/CHIP-PLL/layout/CP/netlists/charge_pump_cell.spice
2026-08-14 15:17:18 +0200: Memory Usage (459124K) : LVS extracted netlist at: /foss/designs/CHIP-PLL/layout/CP/lvs/charge_pump_cell_next_extracted.cir
2026-08-14 15:17:18 +0200: Memory Usage (459124K) : Applying SRAM integration support.
2026-08-14 15:17:18 +0200: Memory Usage (459124K) : Starting SG13CMOS5L LVS runset
2026-08-14 15:17:18 +0200: Memory Usage (459124K) : Read in polygons from layers.
2026-08-14 15:17:18 +0200: Memory Usage (460088K) : activ_drw has 123 polygons
2026-08-14 15:17:18 +0200: Memory Usage (460088K) : activ_filler has 0 polygons
2026-08-14 15:17:18 +0200: Memory Usage (460088K) : activ has 123 polygons
2026-08-14 15:17:18 +0200: Memory Usage (460088K) : activ_pin has 0 polygons
2026-08-14 15:17:18 +0200: Memory Usage (460088K) : activ_mask has 0 polygons
2026-08-14 15:17:18 +0200: Memory Usage (460088K) : activ_nofill has 0 polygons
2026-08-14 15:17:18 +0200: Memory Usage (460088K) : activ_OPC has 0 polygons
2026-08-14 15:17:18 +0200: Memory Usage (460216K) : activ_iOPC has 0 polygons
2026-08-14 15:17:18 +0200: Memory Usage (460216K) : activ_noqrc has 0 polygons
2026-08-14 15:17:18 +0200: Memory Usage (460216K) : biwind_drw has 0 polygons
2026-08-14 15:17:18 +0200: Memory Usage (460216K) : biwind_OPC has 0 polygons
2026-08-14 15:17:18 +0200: Memory Usage (460536K) : gatpoly_drw has 128 polygons
2026-08-14 15:17:18 +0200: Memory Usage (460536K) : gatpoly_filler has 0 polygons
2026-08-14 15:17:18 +0200: Memory Usage (460536K) : gatpoly has 128 polygons
2026-08-14 15:17:18 +0200: Memory Usage (460536K) : gatpoly_pin has 29 polygons
2026-08-14 15:17:18 +0200: Memory Usage (460536K) : gatpoly_nofill has 0 polygons
2026-08-14 15:17:18 +0200: Memory Usage (460536K) : gatpoly_OPC has 0 polygons
2026-08-14 15:17:18 +0200: Memory Usage (460664K) : gatpoly_iOPC has 0 polygons
2026-08-14 15:17:18 +0200: Memory Usage (460664K) : gatpoly_noqrc has 0 polygons
2026-08-14 15:17:18 +0200: Memory Usage (460792K) : cont_drw has 576 polygons
2026-08-14 15:17:18 +0200: Memory Usage (460792K) : cont_OPC has 0 polygons
2026-08-14 15:17:18 +0200: Memory Usage (460920K) : nsd_drw has 0 polygons
2026-08-14 15:17:18 +0200: Memory Usage (460920K) : nsd_block has 0 polygons
2026-08-14 15:17:18 +0200: Memory Usage (461224K) : metal1_drw has 380 polygons
2026-08-14 15:17:18 +0200: Memory Usage (461608K) : metal1_filler has 0 polygons
2026-08-14 15:17:18 +0200: Memory Usage (461608K) : metal1_slit has 0 polygons
2026-08-14 15:17:18 +0200: Memory Usage (461864K) : metal1 has 380 polygons
2026-08-14 15:17:18 +0200: Memory Usage (461864K) : metal1_pin has 74 polygons
2026-08-14 15:17:18 +0200: Memory Usage (461864K) : metal1_mask has 0 polygons
2026-08-14 15:17:18 +0200: Memory Usage (461864K) : metal1_nofill has 0 polygons
2026-08-14 15:17:18 +0200: Memory Usage (461992K) : metal1_text has 8 polygons
2026-08-14 15:17:18 +0200: Memory Usage (462120K) : metal1_OPC has 0 polygons
2026-08-14 15:17:18 +0200: Memory Usage (462248K) : metal1_noqrc has 0 polygons
2026-08-14 15:17:18 +0200: Memory Usage (462248K) : metal1_res has 0 polygons
2026-08-14 15:17:18 +0200: Memory Usage (462376K) : metal1_iprobe has 0 polygons
2026-08-14 15:17:18 +0200: Memory Usage (462376K) : metal1_diffprb has 0 polygons
2026-08-14 15:17:18 +0200: Memory Usage (462504K) : passiv_drw has 0 polygons
2026-08-14 15:17:18 +0200: Memory Usage (462504K) : passiv_pin has 0 polygons
2026-08-14 15:17:18 +0200: Memory Usage (462632K) : passiv_sbump has 0 polygons
2026-08-14 15:17:18 +0200: Memory Usage (462632K) : passiv_pillar has 0 polygons
2026-08-14 15:17:18 +0200: Memory Usage (462760K) : passiv_pdl has 0 polygons
2026-08-14 15:17:18 +0200: Memory Usage (462888K) : metal2_drw has 147 polygons
2026-08-14 15:17:18 +0200: Memory Usage (462888K) : metal2_filler has 0 polygons
2026-08-14 15:17:18 +0200: Memory Usage (463016K) : metal2_slit has 0 polygons
2026-08-14 15:17:18 +0200: Memory Usage (463144K) : metal2 has 147 polygons
2026-08-14 15:17:18 +0200: Memory Usage (463272K) : metal2_pin has 6 polygons
2026-08-14 15:17:18 +0200: Memory Usage (463272K) : metal2_mask has 0 polygons
2026-08-14 15:17:18 +0200: Memory Usage (463400K) : metal2_nofill has 0 polygons
2026-08-14 15:17:18 +0200: Memory Usage (463400K) : metal2_text has 6 polygons
2026-08-14 15:17:18 +0200: Memory Usage (463528K) : metal2_OPC has 0 polygons
2026-08-14 15:17:18 +0200: Memory Usage (463656K) : metal2_noqrc has 0 polygons
2026-08-14 15:17:18 +0200: Memory Usage (463656K) : metal2_res has 0 polygons
2026-08-14 15:17:18 +0200: Memory Usage (463784K) : metal2_iprobe has 0 polygons
2026-08-14 15:17:18 +0200: Memory Usage (463784K) : metal2_diffprb has 0 polygons
2026-08-14 15:17:18 +0200: Memory Usage (463912K) : baspoly_drw has 0 polygons
2026-08-14 15:17:18 +0200: Memory Usage (463912K) : baspoly_pin has 0 polygons
2026-08-14 15:17:18 +0200: Memory Usage (464040K) : psd_drw has 26 polygons
2026-08-14 15:17:18 +0200: Memory Usage (464040K) : nldb_drw has 0 polygons
2026-08-14 15:17:18 +0200: Memory Usage (464168K) : digibnd_drw has 0 polygons
2026-08-14 15:17:18 +0200: Memory Usage (464168K) : via1_drw has 66 polygons
2026-08-14 15:17:18 +0200: Memory Usage (464296K) : backmetal1_drw has 0 polygons
2026-08-14 15:17:18 +0200: Memory Usage (464424K) : backmetal1_pin has 0 polygons
2026-08-14 15:17:18 +0200: Memory Usage (464424K) : backmetal1_mask has 0 polygons
2026-08-14 15:17:18 +0200: Memory Usage (464552K) : backmetal1_filler has 0 polygons
2026-08-14 15:17:18 +0200: Memory Usage (464680K) : backmetal1_nofill has 0 polygons
2026-08-14 15:17:18 +0200: Memory Usage (464680K) : backmetal1_slit has 0 polygons
2026-08-14 15:17:18 +0200: Memory Usage (464808K) : backmetal1_text has 0 polygons
2026-08-14 15:17:18 +0200: Memory Usage (464936K) : backmetal1_OPC has 0 polygons
2026-08-14 15:17:18 +0200: Memory Usage (464936K) : backmetal1_noqrc has 0 polygons
2026-08-14 15:17:18 +0200: Memory Usage (465064K) : backmetal1_res has 0 polygons
2026-08-14 15:17:18 +0200: Memory Usage (465064K) : backmetal1_iprobe has 0 polygons
2026-08-14 15:17:18 +0200: Memory Usage (465192K) : backmetal1_diffprb has 0 polygons
2026-08-14 15:17:18 +0200: Memory Usage (465320K) : backpassiv_drw has 0 polygons
2026-08-14 15:17:18 +0200: Memory Usage (465320K) : res_drw has 0 polygons
2026-08-14 15:17:18 +0200: Memory Usage (465448K) : sram_drw has 0 polygons
2026-08-14 15:17:18 +0200: Memory Usage (465448K) : trans_drw has 0 polygons
2026-08-14 15:17:18 +0200: Memory Usage (465576K) : ind_drw has 0 polygons
2026-08-14 15:17:18 +0200: Memory Usage (465576K) : ind_pin has 0 polygons
2026-08-14 15:17:18 +0200: Memory Usage (465704K) : ind_text has 0 polygons
2026-08-14 15:17:18 +0200: Memory Usage (465704K) : salblock_drw has 3 polygons
2026-08-14 15:17:18 +0200: Memory Usage (465832K) : via2_drw has 24 polygons
2026-08-14 15:17:18 +0200: Memory Usage (465960K) : metal3_drw has 47 polygons
2026-08-14 15:17:18 +0200: Memory Usage (465960K) : metal3_filler has 0 polygons
2026-08-14 15:17:18 +0200: Memory Usage (466088K) : metal3_slit has 0 polygons
2026-08-14 15:17:18 +0200: Memory Usage (466088K) : metal3 has 47 polygons
2026-08-14 15:17:18 +0200: Memory Usage (466216K) : metal3_pin has 0 polygons
2026-08-14 15:17:18 +0200: Memory Usage (466216K) : metal3_mask has 0 polygons
2026-08-14 15:17:18 +0200: Memory Usage (466216K) : metal3_nofill has 0 polygons
2026-08-14 15:17:18 +0200: Memory Usage (466344K) : metal3_text has 0 polygons
2026-08-14 15:17:18 +0200: Memory Usage (466344K) : metal3_OPC has 0 polygons
2026-08-14 15:17:18 +0200: Memory Usage (466344K) : metal3_noqrc has 0 polygons
2026-08-14 15:17:18 +0200: Memory Usage (466472K) : metal3_res has 0 polygons
2026-08-14 15:17:18 +0200: Memory Usage (466472K) : metal3_iprobe has 0 polygons
2026-08-14 15:17:18 +0200: Memory Usage (466472K) : metal3_diffprb has 0 polygons
2026-08-14 15:17:18 +0200: Memory Usage (466472K) : nwell_drw has 27 polygons
2026-08-14 15:17:18 +0200: Memory Usage (466600K) : nwell_pin has 4 polygons
2026-08-14 15:17:18 +0200: Memory Usage (466600K) : nwell_text has 0 polygons
2026-08-14 15:17:18 +0200: Memory Usage (466600K) : nbulay_drw has 0 polygons
2026-08-14 15:17:18 +0200: Memory Usage (466728K) : nbulay_pin has 0 polygons
2026-08-14 15:17:18 +0200: Memory Usage (466728K) : nbulay_block has 0 polygons
2026-08-14 15:17:18 +0200: Memory Usage (466856K) : emwind_drw has 0 polygons
2026-08-14 15:17:18 +0200: Memory Usage (466856K) : emwind_OPC has 0 polygons
2026-08-14 15:17:18 +0200: Memory Usage (466984K) : deepco_drw has 0 polygons
2026-08-14 15:17:18 +0200: Memory Usage (467112K) : mim_drw has 0 polygons
2026-08-14 15:17:18 +0200: Memory Usage (467112K) : edgeseal_drw has 0 polygons
2026-08-14 15:17:18 +0200: Memory Usage (467240K) : substrate_drw has 17 polygons
2026-08-14 15:17:18 +0200: Memory Usage (467240K) : substrate_text has 0 polygons
2026-08-14 15:17:18 +0200: Memory Usage (467368K) : dfpad_drw has 0 polygons
2026-08-14 15:17:18 +0200: Memory Usage (467368K) : dfpad_pillar has 0 polygons
2026-08-14 15:17:18 +0200: Memory Usage (467496K) : dfpad_sbump has 0 polygons
2026-08-14 15:17:18 +0200: Memory Usage (467496K) : thickgateox_drw has 0 polygons
2026-08-14 15:17:18 +0200: Memory Usage (467624K) : pldb_drw has 0 polygons
2026-08-14 15:17:18 +0200: Memory Usage (467624K) : pwell_drw has 0 polygons
2026-08-14 15:17:18 +0200: Memory Usage (467752K) : pwell_pin has 0 polygons
2026-08-14 15:17:18 +0200: Memory Usage (467880K) : pwell_block has 0 polygons
2026-08-14 15:17:18 +0200: Memory Usage (467880K) : ic_drw has 0 polygons
2026-08-14 15:17:18 +0200: Memory Usage (468008K) : via3_drw has 0 polygons
2026-08-14 15:17:18 +0200: Memory Usage (468008K) : metal4_drw has 0 polygons
2026-08-14 15:17:18 +0200: Memory Usage (468136K) : metal4_filler has 0 polygons
2026-08-14 15:17:18 +0200: Memory Usage (468136K) : metal4_slit has 0 polygons
2026-08-14 15:17:18 +0200: Memory Usage (468264K) : metal4 has 0 polygons
2026-08-14 15:17:18 +0200: Memory Usage (468392K) : metal4_pin has 0 polygons
2026-08-14 15:17:18 +0200: Memory Usage (468392K) : metal4_mask has 0 polygons
2026-08-14 15:17:18 +0200: Memory Usage (468520K) : metal4_nofill has 0 polygons
2026-08-14 15:17:18 +0200: Memory Usage (468520K) : metal4_text has 0 polygons
2026-08-14 15:17:18 +0200: Memory Usage (468648K) : metal4_OPC has 0 polygons
2026-08-14 15:17:18 +0200: Memory Usage (468648K) : metal4_noqrc has 0 polygons
2026-08-14 15:17:18 +0200: Memory Usage (468648K) : metal4_res has 0 polygons
2026-08-14 15:17:18 +0200: Memory Usage (468776K) : metal4_iprobe has 0 polygons
2026-08-14 15:17:18 +0200: Memory Usage (468776K) : metal4_diffprb has 0 polygons
2026-08-14 15:17:18 +0200: Memory Usage (468776K) : heattrans_drw has 41 polygons
2026-08-14 15:17:18 +0200: Memory Usage (468904K) : heatres_drw has 3 polygons
2026-08-14 15:17:18 +0200: Memory Usage (468904K) : fbe_drw has 0 polygons
2026-08-14 15:17:18 +0200: Memory Usage (469032K) : empoly_drw has 0 polygons
2026-08-14 15:17:18 +0200: Memory Usage (469032K) : digisub_drw has 0 polygons
2026-08-14 15:17:18 +0200: Memory Usage (469160K) : text_drw has 48 polygons
2026-08-14 15:17:18 +0200: Memory Usage (469160K) : via4_drw has 0 polygons
2026-08-14 15:17:18 +0200: Memory Usage (469288K) : metal5_drw has 0 polygons
2026-08-14 15:17:18 +0200: Memory Usage (469416K) : metal5_filler has 0 polygons
2026-08-14 15:17:18 +0200: Memory Usage (469416K) : metal5_slit has 0 polygons
2026-08-14 15:17:19 +0200: Memory Usage (469544K) : metal5 has 0 polygons
2026-08-14 15:17:19 +0200: Memory Usage (469672K) : metal5_pin has 0 polygons
2026-08-14 15:17:19 +0200: Memory Usage (469672K) : metal5_mask has 0 polygons
2026-08-14 15:17:19 +0200: Memory Usage (469800K) : metal5_nofill has 0 polygons
2026-08-14 15:17:19 +0200: Memory Usage (469800K) : metal5_text has 0 polygons
2026-08-14 15:17:19 +0200: Memory Usage (469928K) : metal5_OPC has 0 polygons
2026-08-14 15:17:19 +0200: Memory Usage (469928K) : metal5_noqrc has 0 polygons
2026-08-14 15:17:19 +0200: Memory Usage (470056K) : metal5_res has 0 polygons
2026-08-14 15:17:19 +0200: Memory Usage (470056K) : metal5_iprobe has 0 polygons
2026-08-14 15:17:19 +0200: Memory Usage (470184K) : metal5_diffprb has 0 polygons
2026-08-14 15:17:19 +0200: Memory Usage (470312K) : radhard_drw has 0 polygons
2026-08-14 15:17:19 +0200: Memory Usage (470312K) : memcap_drw has 0 polygons
2026-08-14 15:17:19 +0200: Memory Usage (470440K) : varicap_drw has 0 polygons
2026-08-14 15:17:19 +0200: Memory Usage (470440K) : intbondvia_drw has 0 polygons
2026-08-14 15:17:19 +0200: Memory Usage (470568K) : intbondmet_drw has 0 polygons
2026-08-14 15:17:19 +0200: Memory Usage (470568K) : devbondvia_drw has 0 polygons
2026-08-14 15:17:19 +0200: Memory Usage (470696K) : devbondmet_drw has 0 polygons
2026-08-14 15:17:19 +0200: Memory Usage (470696K) : devtrench_drw has 0 polygons
2026-08-14 15:17:19 +0200: Memory Usage (470824K) : redist_drw has 0 polygons
2026-08-14 15:17:19 +0200: Memory Usage (470824K) : graphbot_drw has 0 polygons
2026-08-14 15:17:19 +0200: Memory Usage (470824K) : graphtop_drw has 0 polygons
2026-08-14 15:17:19 +0200: Memory Usage (470952K) : antvia1_drw has 0 polygons
2026-08-14 15:17:19 +0200: Memory Usage (470952K) : antmetal2_drw has 0 polygons
2026-08-14 15:17:19 +0200: Memory Usage (470952K) : graphcont_drw has 0 polygons
2026-08-14 15:17:19 +0200: Memory Usage (471080K) : siwg_drw has 0 polygons
2026-08-14 15:17:19 +0200: Memory Usage (471080K) : siwg_filler has 0 polygons
2026-08-14 15:17:19 +0200: Memory Usage (471208K) : siwg_nofill has 0 polygons
2026-08-14 15:17:19 +0200: Memory Usage (471208K) : sigrating_drw has 0 polygons
2026-08-14 15:17:19 +0200: Memory Usage (471336K) : singrating_drw has 0 polygons
2026-08-14 15:17:19 +0200: Memory Usage (471336K) : graphpas_drw has 0 polygons
2026-08-14 15:17:19 +0200: Memory Usage (471464K) : emwind3_drw has 0 polygons
2026-08-14 15:17:19 +0200: Memory Usage (471464K) : emwihv3_drw has 0 polygons
2026-08-14 15:17:19 +0200: Memory Usage (471592K) : redbulay_drw has 0 polygons
2026-08-14 15:17:19 +0200: Memory Usage (471592K) : smos_drw has 0 polygons
2026-08-14 15:17:19 +0200: Memory Usage (471720K) : graphpad_drw has 0 polygons
2026-08-14 15:17:19 +0200: Memory Usage (471720K) : polimide_drw has 0 polygons
2026-08-14 15:17:19 +0200: Memory Usage (471848K) : polimide_pin has 0 polygons
2026-08-14 15:17:19 +0200: Memory Usage (471976K) : recog_drw has 0 polygons
2026-08-14 15:17:19 +0200: Memory Usage (471976K) : recog_pin has 0 polygons
2026-08-14 15:17:19 +0200: Memory Usage (472104K) : recog_esd has 0 polygons
2026-08-14 15:17:19 +0200: Memory Usage (472104K) : recog_diode has 0 polygons
2026-08-14 15:17:19 +0200: Memory Usage (472232K) : recog_tsv has 0 polygons
2026-08-14 15:17:19 +0200: Memory Usage (472232K) : recog_iprobe has 0 polygons
2026-08-14 15:17:19 +0200: Memory Usage (472360K) : recog_diffprb has 0 polygons
2026-08-14 15:17:19 +0200: Memory Usage (472360K) : recog_pillar has 0 polygons
2026-08-14 15:17:19 +0200: Memory Usage (472488K) : recog_sbump has 0 polygons
2026-08-14 15:17:19 +0200: Memory Usage (472616K) : recog_otp has 0 polygons
2026-08-14 15:17:19 +0200: Memory Usage (472616K) : recog_pdiode has 0 polygons
2026-08-14 15:17:19 +0200: Memory Usage (472744K) : recog_mom has 0 polygons
2026-08-14 15:17:19 +0200: Memory Usage (472744K) : recog_pcm has 0 polygons
2026-08-14 15:17:19 +0200: Memory Usage (472872K) : colopen_drw has 0 polygons
2026-08-14 15:17:19 +0200: Memory Usage (472872K) : graphmetal1_drw has 0 polygons
2026-08-14 15:17:19 +0200: Memory Usage (473000K) : graphmetal1_filler has 0 polygons
2026-08-14 15:17:19 +0200: Memory Usage (473000K) : graphmetal1_nofill has 0 polygons
2026-08-14 15:17:19 +0200: Memory Usage (473128K) : graphmetal1_slit has 0 polygons
2026-08-14 15:17:19 +0200: Memory Usage (473128K) : graphmetal1_OPC has 0 polygons
2026-08-14 15:17:19 +0200: Memory Usage (473256K) : graphmet1l_drw has 0 polygons
2026-08-14 15:17:19 +0200: Memory Usage (473384K) : graphmet1l_filler has 0 polygons
2026-08-14 15:17:19 +0200: Memory Usage (473384K) : graphmet1l_nofill has 0 polygons
2026-08-14 15:17:19 +0200: Memory Usage (473512K) : graphmet1l_slit has 0 polygons
2026-08-14 15:17:19 +0200: Memory Usage (473512K) : graphmet1l_OPC has 0 polygons
2026-08-14 15:17:19 +0200: Memory Usage (473512K) : extblock_drw has 9 polygons
2026-08-14 15:17:19 +0200: Memory Usage (473512K) : nldd_drw has 0 polygons
2026-08-14 15:17:19 +0200: Memory Usage (473512K) : pldd_drw has 0 polygons
2026-08-14 15:17:19 +0200: Memory Usage (473512K) : next_drw has 0 polygons
2026-08-14 15:17:19 +0200: Memory Usage (473512K) : pext_drw has 0 polygons
2026-08-14 15:17:19 +0200: Memory Usage (473640K) : nexthv_drw has 0 polygons
2026-08-14 15:17:19 +0200: Memory Usage (473640K) : pexthv_drw has 0 polygons
2026-08-14 15:17:19 +0200: Memory Usage (473768K) : graphgate_drw has 0 polygons
2026-08-14 15:17:19 +0200: Memory Usage (473768K) : sinwg_drw has 0 polygons
2026-08-14 15:17:19 +0200: Memory Usage (473896K) : sinwg_filler has 0 polygons
2026-08-14 15:17:19 +0200: Memory Usage (473896K) : sinwg_nofill has 0 polygons
2026-08-14 15:17:19 +0200: Memory Usage (474024K) : mempad_drw has 0 polygons
2026-08-14 15:17:19 +0200: Memory Usage (474152K) : topvia1_drw has 0 polygons
2026-08-14 15:17:19 +0200: Memory Usage (474152K) : topmetal1_drw has 0 polygons
2026-08-14 15:17:19 +0200: Memory Usage (474280K) : topmetal1_filler has 0 polygons
2026-08-14 15:17:19 +0200: Memory Usage (474280K) : topmetal1_slit has 0 polygons
2026-08-14 15:17:19 +0200: Memory Usage (474408K) : topmetal1 has 0 polygons
2026-08-14 15:17:19 +0200: Memory Usage (474536K) : topmetal1_pin has 0 polygons
2026-08-14 15:17:19 +0200: Memory Usage (474536K) : topmetal1_mask has 0 polygons
2026-08-14 15:17:19 +0200: Memory Usage (474664K) : topmetal1_nofill has 0 polygons
2026-08-14 15:17:19 +0200: Memory Usage (474664K) : topmetal1_text has 0 polygons
2026-08-14 15:17:19 +0200: Memory Usage (474792K) : topmetal1_noqrc has 0 polygons
2026-08-14 15:17:19 +0200: Memory Usage (474792K) : topmetal1_res has 0 polygons
2026-08-14 15:17:19 +0200: Memory Usage (474920K) : topmetal1_iprobe has 0 polygons
2026-08-14 15:17:19 +0200: Memory Usage (475048K) : topmetal1_diffprb has 0 polygons
2026-08-14 15:17:19 +0200: Memory Usage (475048K) : inldpwl_drw has 0 polygons
2026-08-14 15:17:19 +0200: Memory Usage (475176K) : polyres_drw has 3 polygons
2026-08-14 15:17:19 +0200: Memory Usage (475176K) : polyres_pin has 0 polygons
2026-08-14 15:17:19 +0200: Memory Usage (475304K) : vmim_drw has 0 polygons
2026-08-14 15:17:19 +0200: Memory Usage (475304K) : nbulaycut_drw has 0 polygons
2026-08-14 15:17:19 +0200: Memory Usage (475432K) : antmetal1_drw has 0 polygons
2026-08-14 15:17:19 +0200: Memory Usage (475432K) : topvia2_drw has 0 polygons
2026-08-14 15:17:19 +0200: Memory Usage (475560K) : topmetal2_drw has 0 polygons
2026-08-14 15:17:19 +0200: Memory Usage (475560K) : topmetal2_filler has 0 polygons
2026-08-14 15:17:19 +0200: Memory Usage (475688K) : topmetal2_slit has 0 polygons
2026-08-14 15:17:19 +0200: Memory Usage (475816K) : topmetal2 has 0 polygons
2026-08-14 15:17:19 +0200: Memory Usage (475944K) : topmetal2_pin has 0 polygons
2026-08-14 15:17:19 +0200: Memory Usage (475944K) : topmetal2_mask has 0 polygons
2026-08-14 15:17:19 +0200: Memory Usage (476072K) : topmetal2_nofill has 0 polygons
2026-08-14 15:17:19 +0200: Memory Usage (476072K) : topmetal2_text has 0 polygons
2026-08-14 15:17:19 +0200: Memory Usage (476200K) : topmetal2_noqrc has 0 polygons
2026-08-14 15:17:19 +0200: Memory Usage (476200K) : topmetal2_res has 0 polygons
2026-08-14 15:17:19 +0200: Memory Usage (476328K) : topmetal2_iprobe has 0 polygons
2026-08-14 15:17:19 +0200: Memory Usage (476328K) : topmetal2_diffprb has 0 polygons
2026-08-14 15:17:19 +0200: Memory Usage (476456K) : snsring_drw has 0 polygons
2026-08-14 15:17:19 +0200: Memory Usage (476456K) : sensor_drw has 0 polygons
2026-08-14 15:17:19 +0200: Memory Usage (476584K) : snsarms_drw has 0 polygons
2026-08-14 15:17:19 +0200: Memory Usage (476712K) : snscmosvia_drw has 0 polygons
2026-08-14 15:17:19 +0200: Memory Usage (476712K) : colwind_drw has 0 polygons
2026-08-14 15:17:19 +0200: Memory Usage (476840K) : flm_drw has 0 polygons
2026-08-14 15:17:19 +0200: Memory Usage (476840K) : hafniumox_drw has 0 polygons
2026-08-14 15:17:19 +0200: Memory Usage (476968K) : memvia_drw has 0 polygons
2026-08-14 15:17:19 +0200: Memory Usage (476968K) : thinfilmres_drw has 0 polygons
2026-08-14 15:17:19 +0200: Memory Usage (477096K) : rfmem_drw has 0 polygons
2026-08-14 15:17:19 +0200: Memory Usage (477096K) : norcx_drw has 0 polygons
2026-08-14 15:17:19 +0200: Memory Usage (477224K) : norcx_m2m3 has 0 polygons
2026-08-14 15:17:19 +0200: Memory Usage (477224K) : norcx_m2m4 has 0 polygons
2026-08-14 15:17:19 +0200: Memory Usage (477352K) : norcx_m2m5 has 0 polygons
2026-08-14 15:17:19 +0200: Memory Usage (477480K) : norcx_m2tm1 has 0 polygons
2026-08-14 15:17:19 +0200: Memory Usage (477480K) : norcx_m2tm2 has 0 polygons
2026-08-14 15:17:19 +0200: Memory Usage (477608K) : norcx_m3m4 has 0 polygons
2026-08-14 15:17:19 +0200: Memory Usage (477608K) : norcx_m3m5 has 0 polygons
2026-08-14 15:17:19 +0200: Memory Usage (477736K) : norcx_m3tm1 has 0 polygons
2026-08-14 15:17:19 +0200: Memory Usage (477736K) : norcx_m3tm2 has 0 polygons
2026-08-14 15:17:19 +0200: Memory Usage (477864K) : norcx_m4m5 has 0 polygons
2026-08-14 15:17:19 +0200: Memory Usage (477864K) : norcx_m4tm1 has 0 polygons
2026-08-14 15:17:19 +0200: Memory Usage (477992K) : norcx_m4tm2 has 0 polygons
2026-08-14 15:17:19 +0200: Memory Usage (478120K) : norcx_m5tm1 has 0 polygons
2026-08-14 15:17:19 +0200: Memory Usage (478120K) : norcx_m5tm2 has 0 polygons
2026-08-14 15:17:19 +0200: Memory Usage (478248K) : norcx_tm1tm2 has 0 polygons
2026-08-14 15:17:19 +0200: Memory Usage (478248K) : norcx_m1sub has 0 polygons
2026-08-14 15:17:19 +0200: Memory Usage (478376K) : norcx_m2sub has 0 polygons
2026-08-14 15:17:19 +0200: Memory Usage (478376K) : norcx_m3sub has 0 polygons
2026-08-14 15:17:19 +0200: Memory Usage (478504K) : norcx_m4sub has 0 polygons
2026-08-14 15:17:19 +0200: Memory Usage (478504K) : norcx_m5sub has 0 polygons
2026-08-14 15:17:19 +0200: Memory Usage (478632K) : norcx_tm1sub has 0 polygons
2026-08-14 15:17:19 +0200: Memory Usage (478760K) : norcx_tm2sub has 0 polygons
2026-08-14 15:17:19 +0200: Memory Usage (478760K) : snsbotvia_drw has 0 polygons
2026-08-14 15:17:19 +0200: Memory Usage (478888K) : snstopvia_drw has 0 polygons
2026-08-14 15:17:19 +0200: Memory Usage (478888K) : deepvia_drw has 0 polygons
2026-08-14 15:17:19 +0200: Memory Usage (479016K) : fgetch_drw has 0 polygons
2026-08-14 15:17:19 +0200: Memory Usage (479016K) : ctrgat_drw has 0 polygons
2026-08-14 15:17:19 +0200: Memory Usage (479144K) : fgimp_drw has 0 polygons
2026-08-14 15:17:19 +0200: Memory Usage (479144K) : emwihv_drw has 0 polygons
2026-08-14 15:17:19 +0200: Memory Usage (479272K) : lbe_drw has 0 polygons
2026-08-14 15:17:19 +0200: Memory Usage (479272K) : alcustop_drw has 0 polygons
2026-08-14 15:17:19 +0200: Memory Usage (479400K) : nometfiller_drw has 0 polygons
2026-08-14 15:17:19 +0200: Memory Usage (479528K) : prboundary_drw has 0 polygons
2026-08-14 15:17:19 +0200: Memory Usage (479528K) : exchange0_drw has 0 polygons
2026-08-14 15:17:19 +0200: Memory Usage (479656K) : exchange0_pin has 0 polygons
2026-08-14 15:17:19 +0200: Memory Usage (479656K) : exchange0_text has 0 polygons
2026-08-14 15:17:19 +0200: Memory Usage (479784K) : exchange1_drw has 0 polygons
2026-08-14 15:17:19 +0200: Memory Usage (479784K) : exchange1_pin has 0 polygons
2026-08-14 15:17:19 +0200: Memory Usage (479912K) : exchange1_text has 0 polygons
2026-08-14 15:17:19 +0200: Memory Usage (479912K) : exchange2_drw has 0 polygons
2026-08-14 15:17:19 +0200: Memory Usage (479912K) : exchange2_pin has 0 polygons
2026-08-14 15:17:19 +0200: Memory Usage (479912K) : exchange2_text has 0 polygons
2026-08-14 15:17:19 +0200: Memory Usage (479912K) : exchange3_drw has 0 polygons
2026-08-14 15:17:19 +0200: Memory Usage (479912K) : exchange3_pin has 0 polygons
2026-08-14 15:17:19 +0200: Memory Usage (479912K) : exchange3_text has 0 polygons
2026-08-14 15:17:19 +0200: Memory Usage (479912K) : exchange4_drw has 0 polygons
2026-08-14 15:17:19 +0200: Memory Usage (479912K) : exchange4_pin has 0 polygons
2026-08-14 15:17:19 +0200: Memory Usage (479912K) : exchange4_text has 0 polygons
2026-08-14 15:17:19 +0200: Memory Usage (479912K) : isonwell_drw has 0 polygons
2026-08-14 15:17:19 +0200: Memory Usage (479912K) : Total no. of polygons in the design is 1795
2026-08-14 15:17:19 +0200: Memory Usage (479912K) : Starting CMOS5L Forbidden Layer Check
2026-08-14 15:17:19 +0200: Memory Usage (479912K) : CMOS5L Forbidden Layer Check: PASSED - No forbidden layers found
2026-08-14 15:17:19 +0200: Memory Usage (479912K) : CMOS5L Forbidden Layer Check: PASSED
2026-08-14 15:17:19 +0200: Memory Usage (479912K) : Starting base layers derivations
2026-08-14 15:17:19 +0200: Memory Usage (479912K) : Starting general LVS derivations
2026-08-14 15:17:19 +0200: Memory Usage (485900K) : Starting MOSFET DERIVATIONS
2026-08-14 15:17:19 +0200: Memory Usage (488076K) : Starting NMOS DERIVATIONS
2026-08-14 15:17:19 +0200: Memory Usage (488332K) : Starting PMOS DERIVATIONS
2026-08-14 15:17:19 +0200: Memory Usage (488460K) : Starting RF-MOSFET DERIVATIONS
2026-08-14 15:17:19 +0200: Memory Usage (488460K) : Starting RF-NMOS DERIVATIONS
2026-08-14 15:17:19 +0200: Memory Usage (488460K) : Starting RF-PMOS DERIVATIONS
2026-08-14 15:17:19 +0200: Memory Usage (488460K) : Starting BJT DERIVATIONS
2026-08-14 15:17:19 +0200: Memory Usage (488460K) : Starting NPN-BJT DERIVATIONS
2026-08-14 15:17:19 +0200: Memory Usage (488460K) : Starting PNP-BJT DERIVATIONS
2026-08-14 15:17:19 +0200: Memory Usage (488460K) : Starting DIODE DERIVATIONS
2026-08-14 15:17:19 +0200: Memory Usage (488460K) : Starting RESISTOR DERIVATIONS
2026-08-14 15:17:19 +0200: Memory Usage (488724K) : Starting CAP DERIVATIONS
2026-08-14 15:17:19 +0200: Memory Usage (488724K) : Starting CAP_MFRINGE DERIVATIONS
2026-08-14 15:17:19 +0200: Memory Usage (488724K) : Starting ESD DERIVATIONS
2026-08-14 15:17:19 +0200: Memory Usage (488724K) : Starting Inductor DERIVATIONS
2026-08-14 15:17:20 +0200: Memory Usage (488724K) : Starting Taps DERIVATIONS
2026-08-14 15:17:20 +0200: Memory Usage (488724K) : Starting SG13G2 LVS connectivity setup
2026-08-14 15:17:20 +0200: Memory Usage (488724K) : Starting SG13G2 LVS connectivity setup (Inter-layer)
2026-08-14 15:17:20 +0200: Memory Usage (488852K) : Starting SG13G2 LVS connectivity setup (Global)
2026-08-14 15:17:20 +0200: Memory Usage (488852K) : Starting LVS MOSFET CONNECTIONS
2026-08-14 15:17:20 +0200: Memory Usage (488852K) : Starting LVS RF-MOSFET CONNECTIONS
2026-08-14 15:17:20 +0200: Memory Usage (488852K) : Starting LVS BJT CONNECTIONS
2026-08-14 15:17:20 +0200: Memory Usage (488852K) : Starting LVS DIODE CONNECTIONS
2026-08-14 15:17:20 +0200: Memory Usage (488852K) : Starting RESISTOR CONNECTIONS
2026-08-14 15:17:20 +0200: Memory Usage (488852K) : Starting LVS CAP CONNECTIONS
2026-08-14 15:17:20 +0200: Memory Usage (488852K) : Starting ESD CONNECTIONS
2026-08-14 15:17:20 +0200: Memory Usage (488852K) : Starting Inductor CONNECTIONS
2026-08-14 15:17:20 +0200: Memory Usage (488852K) : Starting LVS Taps CONNECTIONS
2026-08-14 15:17:20 +0200: Memory Usage (488852K) : Starting CAP_MFRINGE CONNECTIONS
2026-08-14 15:17:20 +0200: Memory Usage (488852K) : Starting SG13CMOS5L LVS DEVICES EXTRACTION
2026-08-14 15:17:20 +0200: Memory Usage (488852K) : Starting MOSFET EXTRACTION
2026-08-14 15:17:20 +0200: Memory Usage (488852K) : Starting NMOS EXTRACTION
2026-08-14 15:17:20 +0200: Memory Usage (488852K) : Extraction of NMOS-LV transistor
2026-08-14 15:17:20 +0200: Memory Usage (488980K) : Extraction of NMOS-HV transistor
2026-08-14 15:17:20 +0200: Memory Usage (488980K) : Starting PMOS EXTRACTION
2026-08-14 15:17:20 +0200: Memory Usage (488980K) : Extraction of PMOS-LV transistor
2026-08-14 15:17:20 +0200: Memory Usage (488980K) : Extraction of PMOS-HV transistor
2026-08-14 15:17:20 +0200: Memory Usage (488980K) : Starting RF-MOSFET EXTRACTION
2026-08-14 15:17:20 +0200: Memory Usage (488980K) : Extraction of RF-NMOS-LV transistor
2026-08-14 15:17:20 +0200: Memory Usage (488980K) : Extraction of RF-NMOS-HV transistor
2026-08-14 15:17:20 +0200: Memory Usage (488980K) : Extraction of RF-PMOS-LV transistor
2026-08-14 15:17:20 +0200: Memory Usage (488980K) : Extraction of RF-PMOS-HV transistor
2026-08-14 15:17:20 +0200: Memory Usage (488980K) : Starting BJT EXTRACTION
2026-08-14 15:17:20 +0200: Memory Usage (488980K) : Starting NPN-BJT EXTRACTION
2026-08-14 15:17:20 +0200: Memory Usage (488980K) : Extraction of npn13G2 BJT transistor
2026-08-14 15:17:20 +0200: Memory Usage (488980K) : Extraction of npn13G2L BJT transistor
2026-08-14 15:17:20 +0200: Memory Usage (488980K) : Extraction of npn13G2V BJT transistor
2026-08-14 15:17:20 +0200: Memory Usage (488980K) : Starting PNP-BJT EXTRACTION
2026-08-14 15:17:20 +0200: Memory Usage (488980K) : Extracting pnpMPA BJT
2026-08-14 15:17:20 +0200: Memory Usage (488980K) : Starting DIODE EXTRACTION
2026-08-14 15:17:20 +0200: Memory Usage (488980K) : Extracting dantenna diode
2026-08-14 15:17:20 +0200: Memory Usage (488980K) : Extracting dpantenna diode
2026-08-14 15:17:20 +0200: Memory Usage (488980K) : Extracting schottky_nbl1 diode
2026-08-14 15:17:20 +0200: Memory Usage (488980K) : Extracting isolbox diode
2026-08-14 15:17:20 +0200: Memory Usage (488980K) : Starting RESISTOR EXTRACTION
2026-08-14 15:17:20 +0200: Memory Usage (488980K) : Extracting rsil resistor
2026-08-14 15:17:20 +0200: Memory Usage (488980K) : Extracting rppd resistor
2026-08-14 15:17:20 +0200: Memory Usage (489108K) : Extracting rhigh resistor
2026-08-14 15:17:20 +0200: Memory Usage (489108K) : Extracting res_metal1 resistor
2026-08-14 15:17:20 +0200: Memory Usage (489236K) : Extracting res_metal2 resistor
2026-08-14 15:17:20 +0200: Memory Usage (489236K) : Extracting res_metal3 resistor
2026-08-14 15:17:20 +0200: Memory Usage (489236K) : Extracting res_metal4 resistor
2026-08-14 15:17:20 +0200: Memory Usage (489236K) : Extracting res_metal5 resistor
2026-08-14 15:17:20 +0200: Memory Usage (489236K) : Extracting res_topmetal1 resistor
2026-08-14 15:17:20 +0200: Memory Usage (489236K) : Extracting res_topmetal2 resistor
2026-08-14 15:17:20 +0200: Memory Usage (489236K) : Starting CAP EXTRACTION
2026-08-14 15:17:20 +0200: Memory Usage (489236K) : Extracting cap_cmim device
2026-08-14 15:17:20 +0200: Memory Usage (489236K) : Extracting rfcmim device
2026-08-14 15:17:20 +0200: Memory Usage (489236K) : Extracting sg13_hv_svaricap varactor
2026-08-14 15:17:20 +0200: Memory Usage (489236K) : Extracting cap_mfringe device
2026-08-14 15:17:20 +0200: Memory Usage (489236K) : Starting ESD EXTRACTION
2026-08-14 15:17:20 +0200: Memory Usage (489236K) : Extracting diodevdd_2kv ESD device
2026-08-14 15:17:20 +0200: Memory Usage (489236K) : Extracting diodevdd_4kv ESD device
2026-08-14 15:17:20 +0200: Memory Usage (489236K) : Extracting diodevss_2kv ESD device
2026-08-14 15:17:20 +0200: Memory Usage (489236K) : Extracting diodevss_4kv ESD device
2026-08-14 15:17:20 +0200: Memory Usage (489236K) : Extracting idiodevdd_2kv ESD device
2026-08-14 15:17:20 +0200: Memory Usage (489236K) : Extracting idiodevdd_4kv ESD device
2026-08-14 15:17:20 +0200: Memory Usage (489236K) : Extracting idiodevss_2kv ESD device
2026-08-14 15:17:20 +0200: Memory Usage (489236K) : Extracting idiodevss_4kv ESD device
2026-08-14 15:17:20 +0200: Memory Usage (489236K) : Extracting nmoscl_2 ESD device
2026-08-14 15:17:20 +0200: Memory Usage (489236K) : Extracting nmoscl_4 ESD device
2026-08-14 15:17:20 +0200: Memory Usage (489236K) : Starting Inductor EXTRACTION
2026-08-14 15:17:20 +0200: Memory Usage (489236K) : Extracting Inductor2 device
2026-08-14 15:17:20 +0200: Memory Usage (489236K) : Extracting Inductor3 device
2026-08-14 15:17:20 +0200: Memory Usage (489236K) : Starting Taps EXTRACTION
2026-08-14 15:17:20 +0200: Memory Usage (489236K) : DISABLE_TAP_EXTRACTION is enabled: skipping ntap1/ptap1 device extraction.
2026-08-14 15:17:20 +0200: Memory Usage (489236K) : Starting SG13CMOS5L LVS RF MOS Model Mapping
2026-08-14 15:17:20 +0200: Memory Usage (489236K) : [layout_netlist] Apply RF MOS model mapping and rfmode parameter.
2026-08-14 15:17:20 +0200: Memory Usage (489236K) : Starting SG13CMOS5L LVS Options Preparations
2026-08-14 15:17:20 +0200: Memory Usage (489236K) : SG13CMOS5L LVS flow: extraction -> alignment -> option preparation -> comparison.
2026-08-14 15:17:20 +0200: Memory Usage (489236K) : Starting SG13CMOS5L LVS Alignment
2026-08-14 15:17:20 +0200: Memory Usage (489236K) : Starting SG13CMOS5L LVS Simplification
2026-08-14 15:17:20 +0200: Memory Usage (489236K) : [layout_netlist] simplify: ENABLED
2026-08-14 15:17:20 +0200: Memory Usage (489236K) : [layout_netlist] make_top_level_pins: SKIPPED
2026-08-14 15:17:20 +0200: Memory Usage (489236K) : [layout_netlist] combine_devices: SKIPPED
2026-08-14 15:17:20 +0200: Memory Usage (489236K) : [layout_netlist] purge: SKIPPED
2026-08-14 15:17:20 +0200: Memory Usage (489236K) : [layout_netlist] purge_nets: SKIPPED
2026-08-14 15:17:20 +0200: Memory Usage (489236K) : [schematic_netlist] simplify: ENABLED
2026-08-14 15:17:20 +0200: Memory Usage (489236K) : [schematic_netlist] make_top_level_pins: SKIPPED
2026-08-14 15:17:20 +0200: Memory Usage (489236K) : [schematic_netlist] combine_devices: SKIPPED
2026-08-14 15:17:20 +0200: Memory Usage (489236K) : [schematic_netlist] purge: SKIPPED
2026-08-14 15:17:20 +0200: Memory Usage (489236K) : [schematic_netlist] purge_nets: SKIPPED
2026-08-14 15:17:20 +0200: Memory Usage (489236K) : Starting SG13CMOS5L LVS Comparison in strict port mode.
2026-08-14 15:17:20 +0200: Memory Usage (489236K) : flag_missing_ports enabled: missing/mislabeled top-level ports are treated as errors.
2026-08-14 15:17:20 +0200: Memory Usage (489364K) : ==========================================
2026-08-14 15:17:20 +0200: Memory Usage (489364K) : INFO : Congratulations! Netlists match.
2026-08-14 15:17:20 +0200: Memory Usage (489364K) : ==========================================
2026-08-14 15:17:20 +0200: Memory Usage (489364K) : LVS Total Run time 1.359089 seconds
2026-08-14 15:22:21 +0200: Memory Usage (457156K) : Starting running SG13CMOS5L Klayout LVS runset on /foss/designs/CHIP-PLL/layout/CP/charge_pump/charge_pump_cell_next.gds
2026-08-14 15:22:21 +0200: Memory Usage (457156K) : Ruby Version for klayout: 3.2.3
2026-08-14 15:22:21 +0200: Memory Usage (458572K) : Loading database to memory is complete.
2026-08-14 15:22:21 +0200: Memory Usage (458572K) : SG13CMOS5L Klayout LVS runset output at: /foss/designs/CHIP-PLL/layout/CP/lvs/charge_pump_cell_next.lvsdb
2026-08-14 15:22:21 +0200: Memory Usage (458572K) : Evaluate switches.
2026-08-14 15:22:21 +0200: Memory Usage (458572K) : Extracted netlist with net names: true
2026-08-14 15:22:21 +0200: Memory Usage (458572K) : Extracted netlist with comments in details: false
2026-08-14 15:22:21 +0200: Memory Usage (458572K) : Selected NET_ONLY option: false
2026-08-14 15:22:21 +0200: Memory Usage (458572K) : Selected LAYOUT_NETLIST option: (none)
2026-08-14 15:22:21 +0200: Memory Usage (458572K) : Selected IGNORE_TOP_PORTS_MISMATCH option: 
2026-08-14 15:22:21 +0200: Memory Usage (458572K) : Selected IMPLICIT_NETS option: (none)
2026-08-14 15:22:21 +0200: Memory Usage (458572K) : Selected TOP_LVL_PINS option: false
2026-08-14 15:22:21 +0200: Memory Usage (458572K) : Selected COMBINE DEVICES option: false
2026-08-14 15:22:21 +0200: Memory Usage (458572K) : Selected PURGE option: false
2026-08-14 15:22:21 +0200: Memory Usage (458572K) : Selected PURGE_NETS option: false
2026-08-14 15:22:21 +0200: Memory Usage (458572K) : Selected SIMPLIFY option: true
2026-08-14 15:22:21 +0200: Memory Usage (458572K) : Selected SERIES_RES option: true
2026-08-14 15:22:21 +0200: Memory Usage (458572K) : Selected PARALLEL_RES option: true
2026-08-14 15:22:21 +0200: Memory Usage (458572K) : Selected DISABLE_TAP_EXTRACTION option: true
2026-08-14 15:22:21 +0200: Memory Usage (458572K) : deep  mode is enabled.
2026-08-14 15:22:21 +0200: Memory Usage (459004K) : Netlist file: /foss/designs/CHIP-PLL/layout/CP/netlists/charge_pump_cell.spice
2026-08-14 15:22:21 +0200: Memory Usage (459004K) : LVS extracted netlist at: /foss/designs/CHIP-PLL/layout/CP/lvs/charge_pump_cell_next_extracted.cir
2026-08-14 15:22:21 +0200: Memory Usage (459004K) : Applying SRAM integration support.
2026-08-14 15:22:21 +0200: Memory Usage (459004K) : Starting SG13CMOS5L LVS runset
2026-08-14 15:22:21 +0200: Memory Usage (459004K) : Read in polygons from layers.
2026-08-14 15:22:21 +0200: Memory Usage (459836K) : activ_drw has 123 polygons
2026-08-14 15:22:21 +0200: Memory Usage (459836K) : activ_filler has 0 polygons
2026-08-14 15:22:21 +0200: Memory Usage (459836K) : activ has 123 polygons
2026-08-14 15:22:21 +0200: Memory Usage (459836K) : activ_pin has 0 polygons
2026-08-14 15:22:21 +0200: Memory Usage (459836K) : activ_mask has 0 polygons
2026-08-14 15:22:21 +0200: Memory Usage (459836K) : activ_nofill has 0 polygons
2026-08-14 15:22:21 +0200: Memory Usage (459836K) : activ_OPC has 0 polygons
2026-08-14 15:22:21 +0200: Memory Usage (459836K) : activ_iOPC has 0 polygons
2026-08-14 15:22:21 +0200: Memory Usage (459836K) : activ_noqrc has 0 polygons
2026-08-14 15:22:21 +0200: Memory Usage (459836K) : biwind_drw has 0 polygons
2026-08-14 15:22:21 +0200: Memory Usage (459836K) : biwind_OPC has 0 polygons
2026-08-14 15:22:21 +0200: Memory Usage (460028K) : gatpoly_drw has 127 polygons
2026-08-14 15:22:21 +0200: Memory Usage (460156K) : gatpoly_filler has 0 polygons
2026-08-14 15:22:21 +0200: Memory Usage (460156K) : gatpoly has 127 polygons
2026-08-14 15:22:21 +0200: Memory Usage (460156K) : gatpoly_pin has 29 polygons
2026-08-14 15:22:21 +0200: Memory Usage (460156K) : gatpoly_nofill has 0 polygons
2026-08-14 15:22:21 +0200: Memory Usage (460156K) : gatpoly_OPC has 0 polygons
2026-08-14 15:22:21 +0200: Memory Usage (460156K) : gatpoly_iOPC has 0 polygons
2026-08-14 15:22:21 +0200: Memory Usage (460284K) : gatpoly_noqrc has 0 polygons
2026-08-14 15:22:21 +0200: Memory Usage (460284K) : cont_drw has 576 polygons
2026-08-14 15:22:21 +0200: Memory Usage (460412K) : cont_OPC has 0 polygons
2026-08-14 15:22:21 +0200: Memory Usage (460412K) : nsd_drw has 0 polygons
2026-08-14 15:22:21 +0200: Memory Usage (460540K) : nsd_block has 0 polygons
2026-08-14 15:22:21 +0200: Memory Usage (460844K) : metal1_drw has 381 polygons
2026-08-14 15:22:21 +0200: Memory Usage (461356K) : metal1_filler has 0 polygons
2026-08-14 15:22:21 +0200: Memory Usage (461356K) : metal1_slit has 0 polygons
2026-08-14 15:22:21 +0200: Memory Usage (461356K) : metal1 has 381 polygons
2026-08-14 15:22:21 +0200: Memory Usage (461484K) : metal1_pin has 74 polygons
2026-08-14 15:22:21 +0200: Memory Usage (461484K) : metal1_mask has 0 polygons
2026-08-14 15:22:21 +0200: Memory Usage (461484K) : metal1_nofill has 0 polygons
2026-08-14 15:22:21 +0200: Memory Usage (461740K) : metal1_text has 8 polygons
2026-08-14 15:22:21 +0200: Memory Usage (461868K) : metal1_OPC has 0 polygons
2026-08-14 15:22:21 +0200: Memory Usage (461868K) : metal1_noqrc has 0 polygons
2026-08-14 15:22:21 +0200: Memory Usage (461996K) : metal1_res has 0 polygons
2026-08-14 15:22:21 +0200: Memory Usage (462124K) : metal1_iprobe has 0 polygons
2026-08-14 15:22:21 +0200: Memory Usage (462124K) : metal1_diffprb has 0 polygons
2026-08-14 15:22:21 +0200: Memory Usage (462252K) : passiv_drw has 0 polygons
2026-08-14 15:22:21 +0200: Memory Usage (462252K) : passiv_pin has 0 polygons
2026-08-14 15:22:21 +0200: Memory Usage (462380K) : passiv_sbump has 0 polygons
2026-08-14 15:22:21 +0200: Memory Usage (462380K) : passiv_pillar has 0 polygons
2026-08-14 15:22:21 +0200: Memory Usage (462508K) : passiv_pdl has 0 polygons
2026-08-14 15:22:21 +0200: Memory Usage (462636K) : metal2_drw has 147 polygons
2026-08-14 15:22:21 +0200: Memory Usage (462636K) : metal2_filler has 0 polygons
2026-08-14 15:22:21 +0200: Memory Usage (462764K) : metal2_slit has 0 polygons
2026-08-14 15:22:21 +0200: Memory Usage (462892K) : metal2 has 147 polygons
2026-08-14 15:22:21 +0200: Memory Usage (463020K) : metal2_pin has 6 polygons
2026-08-14 15:22:22 +0200: Memory Usage (463020K) : metal2_mask has 0 polygons
2026-08-14 15:22:22 +0200: Memory Usage (463148K) : metal2_nofill has 0 polygons
2026-08-14 15:22:22 +0200: Memory Usage (463148K) : metal2_text has 6 polygons
2026-08-14 15:22:22 +0200: Memory Usage (463276K) : metal2_OPC has 0 polygons
2026-08-14 15:22:22 +0200: Memory Usage (463276K) : metal2_noqrc has 0 polygons
2026-08-14 15:22:22 +0200: Memory Usage (463404K) : metal2_res has 0 polygons
2026-08-14 15:22:22 +0200: Memory Usage (463404K) : metal2_iprobe has 0 polygons
2026-08-14 15:22:22 +0200: Memory Usage (463532K) : metal2_diffprb has 0 polygons
2026-08-14 15:22:22 +0200: Memory Usage (463660K) : baspoly_drw has 0 polygons
2026-08-14 15:22:22 +0200: Memory Usage (463660K) : baspoly_pin has 0 polygons
2026-08-14 15:22:22 +0200: Memory Usage (463788K) : psd_drw has 26 polygons
2026-08-14 15:22:22 +0200: Memory Usage (463788K) : nldb_drw has 0 polygons
2026-08-14 15:22:22 +0200: Memory Usage (463916K) : digibnd_drw has 0 polygons
2026-08-14 15:22:22 +0200: Memory Usage (463916K) : via1_drw has 66 polygons
2026-08-14 15:22:22 +0200: Memory Usage (464044K) : backmetal1_drw has 0 polygons
2026-08-14 15:22:22 +0200: Memory Usage (464044K) : backmetal1_pin has 0 polygons
2026-08-14 15:22:22 +0200: Memory Usage (464172K) : backmetal1_mask has 0 polygons
2026-08-14 15:22:22 +0200: Memory Usage (464300K) : backmetal1_filler has 0 polygons
2026-08-14 15:22:22 +0200: Memory Usage (464428K) : backmetal1_nofill has 0 polygons
2026-08-14 15:22:22 +0200: Memory Usage (464428K) : backmetal1_slit has 0 polygons
2026-08-14 15:22:22 +0200: Memory Usage (464556K) : backmetal1_text has 0 polygons
2026-08-14 15:22:22 +0200: Memory Usage (464684K) : backmetal1_OPC has 0 polygons
2026-08-14 15:22:22 +0200: Memory Usage (464684K) : backmetal1_noqrc has 0 polygons
2026-08-14 15:22:22 +0200: Memory Usage (464812K) : backmetal1_res has 0 polygons
2026-08-14 15:22:22 +0200: Memory Usage (464812K) : backmetal1_iprobe has 0 polygons
2026-08-14 15:22:22 +0200: Memory Usage (464940K) : backmetal1_diffprb has 0 polygons
2026-08-14 15:22:22 +0200: Memory Usage (464940K) : backpassiv_drw has 0 polygons
2026-08-14 15:22:22 +0200: Memory Usage (465068K) : res_drw has 0 polygons
2026-08-14 15:22:22 +0200: Memory Usage (465068K) : sram_drw has 0 polygons
2026-08-14 15:22:22 +0200: Memory Usage (465196K) : trans_drw has 0 polygons
2026-08-14 15:22:22 +0200: Memory Usage (465324K) : ind_drw has 0 polygons
2026-08-14 15:22:22 +0200: Memory Usage (465324K) : ind_pin has 0 polygons
2026-08-14 15:22:22 +0200: Memory Usage (465452K) : ind_text has 0 polygons
2026-08-14 15:22:22 +0200: Memory Usage (465452K) : salblock_drw has 3 polygons
2026-08-14 15:22:22 +0200: Memory Usage (465580K) : via2_drw has 24 polygons
2026-08-14 15:22:22 +0200: Memory Usage (465708K) : metal3_drw has 45 polygons
2026-08-14 15:22:22 +0200: Memory Usage (465708K) : metal3_filler has 0 polygons
2026-08-14 15:22:22 +0200: Memory Usage (465836K) : metal3_slit has 0 polygons
2026-08-14 15:22:22 +0200: Memory Usage (465836K) : metal3 has 45 polygons
2026-08-14 15:22:22 +0200: Memory Usage (465964K) : metal3_pin has 0 polygons
2026-08-14 15:22:22 +0200: Memory Usage (465964K) : metal3_mask has 0 polygons
2026-08-14 15:22:22 +0200: Memory Usage (465964K) : metal3_nofill has 0 polygons
2026-08-14 15:22:22 +0200: Memory Usage (466092K) : metal3_text has 0 polygons
2026-08-14 15:22:22 +0200: Memory Usage (466092K) : metal3_OPC has 0 polygons
2026-08-14 15:22:22 +0200: Memory Usage (466092K) : metal3_noqrc has 0 polygons
2026-08-14 15:22:22 +0200: Memory Usage (466092K) : metal3_res has 0 polygons
2026-08-14 15:22:22 +0200: Memory Usage (466220K) : metal3_iprobe has 0 polygons
2026-08-14 15:22:22 +0200: Memory Usage (466220K) : metal3_diffprb has 0 polygons
2026-08-14 15:22:22 +0200: Memory Usage (466220K) : nwell_drw has 27 polygons
2026-08-14 15:22:22 +0200: Memory Usage (466348K) : nwell_pin has 4 polygons
2026-08-14 15:22:22 +0200: Memory Usage (466348K) : nwell_text has 0 polygons
2026-08-14 15:22:22 +0200: Memory Usage (466348K) : nbulay_drw has 0 polygons
2026-08-14 15:22:22 +0200: Memory Usage (466476K) : nbulay_pin has 0 polygons
2026-08-14 15:22:22 +0200: Memory Usage (466476K) : nbulay_block has 0 polygons
2026-08-14 15:22:22 +0200: Memory Usage (466604K) : emwind_drw has 0 polygons
2026-08-14 15:22:22 +0200: Memory Usage (466604K) : emwind_OPC has 0 polygons
2026-08-14 15:22:22 +0200: Memory Usage (466732K) : deepco_drw has 0 polygons
2026-08-14 15:22:22 +0200: Memory Usage (466732K) : mim_drw has 0 polygons
2026-08-14 15:22:22 +0200: Memory Usage (466860K) : edgeseal_drw has 0 polygons
2026-08-14 15:22:22 +0200: Memory Usage (466860K) : substrate_drw has 17 polygons
2026-08-14 15:22:22 +0200: Memory Usage (466988K) : substrate_text has 0 polygons
2026-08-14 15:22:22 +0200: Memory Usage (466988K) : dfpad_drw has 0 polygons
2026-08-14 15:22:22 +0200: Memory Usage (467116K) : dfpad_pillar has 0 polygons
2026-08-14 15:22:22 +0200: Memory Usage (467244K) : dfpad_sbump has 0 polygons
2026-08-14 15:22:22 +0200: Memory Usage (467244K) : thickgateox_drw has 0 polygons
2026-08-14 15:22:22 +0200: Memory Usage (467372K) : pldb_drw has 0 polygons
2026-08-14 15:22:22 +0200: Memory Usage (467372K) : pwell_drw has 0 polygons
2026-08-14 15:22:22 +0200: Memory Usage (467500K) : pwell_pin has 0 polygons
2026-08-14 15:22:22 +0200: Memory Usage (467500K) : pwell_block has 0 polygons
2026-08-14 15:22:22 +0200: Memory Usage (467628K) : ic_drw has 0 polygons
2026-08-14 15:22:22 +0200: Memory Usage (467628K) : via3_drw has 0 polygons
2026-08-14 15:22:22 +0200: Memory Usage (467756K) : metal4_drw has 0 polygons
2026-08-14 15:22:22 +0200: Memory Usage (467884K) : metal4_filler has 0 polygons
2026-08-14 15:22:22 +0200: Memory Usage (467884K) : metal4_slit has 0 polygons
2026-08-14 15:22:22 +0200: Memory Usage (468012K) : metal4 has 0 polygons
2026-08-14 15:22:22 +0200: Memory Usage (468140K) : metal4_pin has 0 polygons
2026-08-14 15:22:22 +0200: Memory Usage (468140K) : metal4_mask has 0 polygons
2026-08-14 15:22:22 +0200: Memory Usage (468268K) : metal4_nofill has 0 polygons
2026-08-14 15:22:22 +0200: Memory Usage (468268K) : metal4_text has 0 polygons
2026-08-14 15:22:22 +0200: Memory Usage (468396K) : metal4_OPC has 0 polygons
2026-08-14 15:22:22 +0200: Memory Usage (468396K) : metal4_noqrc has 0 polygons
2026-08-14 15:22:22 +0200: Memory Usage (468396K) : metal4_res has 0 polygons
2026-08-14 15:22:22 +0200: Memory Usage (468524K) : metal4_iprobe has 0 polygons
2026-08-14 15:22:22 +0200: Memory Usage (468524K) : metal4_diffprb has 0 polygons
2026-08-14 15:22:22 +0200: Memory Usage (468524K) : heattrans_drw has 41 polygons
2026-08-14 15:22:22 +0200: Memory Usage (468652K) : heatres_drw has 3 polygons
2026-08-14 15:22:22 +0200: Memory Usage (468652K) : fbe_drw has 0 polygons
2026-08-14 15:22:22 +0200: Memory Usage (468780K) : empoly_drw has 0 polygons
2026-08-14 15:22:22 +0200: Memory Usage (468780K) : digisub_drw has 0 polygons
2026-08-14 15:22:22 +0200: Memory Usage (468908K) : text_drw has 48 polygons
2026-08-14 15:22:22 +0200: Memory Usage (468908K) : via4_drw has 0 polygons
2026-08-14 15:22:22 +0200: Memory Usage (469036K) : metal5_drw has 0 polygons
2026-08-14 15:22:22 +0200: Memory Usage (469036K) : metal5_filler has 0 polygons
2026-08-14 15:22:22 +0200: Memory Usage (469164K) : metal5_slit has 0 polygons
2026-08-14 15:22:22 +0200: Memory Usage (469292K) : metal5 has 0 polygons
2026-08-14 15:22:22 +0200: Memory Usage (469292K) : metal5_pin has 0 polygons
2026-08-14 15:22:22 +0200: Memory Usage (469420K) : metal5_mask has 0 polygons
2026-08-14 15:22:22 +0200: Memory Usage (469420K) : metal5_nofill has 0 polygons
2026-08-14 15:22:22 +0200: Memory Usage (469548K) : metal5_text has 0 polygons
2026-08-14 15:22:22 +0200: Memory Usage (469676K) : metal5_OPC has 0 polygons
2026-08-14 15:22:22 +0200: Memory Usage (469676K) : metal5_noqrc has 0 polygons
2026-08-14 15:22:22 +0200: Memory Usage (469804K) : metal5_res has 0 polygons
2026-08-14 15:22:22 +0200: Memory Usage (469804K) : metal5_iprobe has 0 polygons
2026-08-14 15:22:22 +0200: Memory Usage (469932K) : metal5_diffprb has 0 polygons
2026-08-14 15:22:22 +0200: Memory Usage (469932K) : radhard_drw has 0 polygons
2026-08-14 15:22:22 +0200: Memory Usage (470060K) : memcap_drw has 0 polygons
2026-08-14 15:22:22 +0200: Memory Usage (470060K) : varicap_drw has 0 polygons
2026-08-14 15:22:22 +0200: Memory Usage (470188K) : intbondvia_drw has 0 polygons
2026-08-14 15:22:22 +0200: Memory Usage (470188K) : intbondmet_drw has 0 polygons
2026-08-14 15:22:22 +0200: Memory Usage (470316K) : devbondvia_drw has 0 polygons
2026-08-14 15:22:22 +0200: Memory Usage (470444K) : devbondmet_drw has 0 polygons
2026-08-14 15:22:22 +0200: Memory Usage (470444K) : devtrench_drw has 0 polygons
2026-08-14 15:22:22 +0200: Memory Usage (470572K) : redist_drw has 0 polygons
2026-08-14 15:22:22 +0200: Memory Usage (470572K) : graphbot_drw has 0 polygons
2026-08-14 15:22:22 +0200: Memory Usage (470572K) : graphtop_drw has 0 polygons
2026-08-14 15:22:22 +0200: Memory Usage (470572K) : antvia1_drw has 0 polygons
2026-08-14 15:22:22 +0200: Memory Usage (470700K) : antmetal2_drw has 0 polygons
2026-08-14 15:22:22 +0200: Memory Usage (470700K) : graphcont_drw has 0 polygons
2026-08-14 15:22:22 +0200: Memory Usage (470700K) : siwg_drw has 0 polygons
2026-08-14 15:22:22 +0200: Memory Usage (470828K) : siwg_filler has 0 polygons
2026-08-14 15:22:22 +0200: Memory Usage (470828K) : siwg_nofill has 0 polygons
2026-08-14 15:22:22 +0200: Memory Usage (470956K) : sigrating_drw has 0 polygons
2026-08-14 15:22:22 +0200: Memory Usage (470956K) : singrating_drw has 0 polygons
2026-08-14 15:22:22 +0200: Memory Usage (471084K) : graphpas_drw has 0 polygons
2026-08-14 15:22:22 +0200: Memory Usage (471084K) : emwind3_drw has 0 polygons
2026-08-14 15:22:22 +0200: Memory Usage (471212K) : emwihv3_drw has 0 polygons
2026-08-14 15:22:22 +0200: Memory Usage (471212K) : redbulay_drw has 0 polygons
2026-08-14 15:22:22 +0200: Memory Usage (471340K) : smos_drw has 0 polygons
2026-08-14 15:22:22 +0200: Memory Usage (471468K) : graphpad_drw has 0 polygons
2026-08-14 15:22:22 +0200: Memory Usage (471468K) : polimide_drw has 0 polygons
2026-08-14 15:22:22 +0200: Memory Usage (471596K) : polimide_pin has 0 polygons
2026-08-14 15:22:22 +0200: Memory Usage (471596K) : recog_drw has 0 polygons
2026-08-14 15:22:22 +0200: Memory Usage (471724K) : recog_pin has 0 polygons
2026-08-14 15:22:22 +0200: Memory Usage (471724K) : recog_esd has 0 polygons
2026-08-14 15:22:22 +0200: Memory Usage (471852K) : recog_diode has 0 polygons
2026-08-14 15:22:22 +0200: Memory Usage (471852K) : recog_tsv has 0 polygons
2026-08-14 15:22:22 +0200: Memory Usage (471980K) : recog_iprobe has 0 polygons
2026-08-14 15:22:22 +0200: Memory Usage (472108K) : recog_diffprb has 0 polygons
2026-08-14 15:22:22 +0200: Memory Usage (472108K) : recog_pillar has 0 polygons
2026-08-14 15:22:22 +0200: Memory Usage (472236K) : recog_sbump has 0 polygons
2026-08-14 15:22:22 +0200: Memory Usage (472236K) : recog_otp has 0 polygons
2026-08-14 15:22:22 +0200: Memory Usage (472364K) : recog_pdiode has 0 polygons
2026-08-14 15:22:22 +0200: Memory Usage (472364K) : recog_mom has 0 polygons
2026-08-14 15:22:22 +0200: Memory Usage (472492K) : recog_pcm has 0 polygons
2026-08-14 15:22:22 +0200: Memory Usage (472492K) : colopen_drw has 0 polygons
2026-08-14 15:22:22 +0200: Memory Usage (472620K) : graphmetal1_drw has 0 polygons
2026-08-14 15:22:22 +0200: Memory Usage (472620K) : graphmetal1_filler has 0 polygons
2026-08-14 15:22:22 +0200: Memory Usage (472748K) : graphmetal1_nofill has 0 polygons
2026-08-14 15:22:22 +0200: Memory Usage (472876K) : graphmetal1_slit has 0 polygons
2026-08-14 15:22:22 +0200: Memory Usage (472876K) : graphmetal1_OPC has 0 polygons
2026-08-14 15:22:22 +0200: Memory Usage (473004K) : graphmet1l_drw has 0 polygons
2026-08-14 15:22:22 +0200: Memory Usage (473004K) : graphmet1l_filler has 0 polygons
2026-08-14 15:22:22 +0200: Memory Usage (473132K) : graphmet1l_nofill has 0 polygons
2026-08-14 15:22:22 +0200: Memory Usage (473132K) : graphmet1l_slit has 0 polygons
2026-08-14 15:22:22 +0200: Memory Usage (473132K) : graphmet1l_OPC has 0 polygons
2026-08-14 15:22:22 +0200: Memory Usage (473132K) : extblock_drw has 9 polygons
2026-08-14 15:22:22 +0200: Memory Usage (473132K) : nldd_drw has 0 polygons
2026-08-14 15:22:22 +0200: Memory Usage (473132K) : pldd_drw has 0 polygons
2026-08-14 15:22:22 +0200: Memory Usage (473132K) : next_drw has 0 polygons
2026-08-14 15:22:22 +0200: Memory Usage (473260K) : pext_drw has 0 polygons
2026-08-14 15:22:22 +0200: Memory Usage (473260K) : nexthv_drw has 0 polygons
2026-08-14 15:22:22 +0200: Memory Usage (473388K) : pexthv_drw has 0 polygons
2026-08-14 15:22:22 +0200: Memory Usage (473516K) : graphgate_drw has 0 polygons
2026-08-14 15:22:22 +0200: Memory Usage (473516K) : sinwg_drw has 0 polygons
2026-08-14 15:22:22 +0200: Memory Usage (473644K) : sinwg_filler has 0 polygons
2026-08-14 15:22:22 +0200: Memory Usage (473644K) : sinwg_nofill has 0 polygons
2026-08-14 15:22:22 +0200: Memory Usage (473772K) : mempad_drw has 0 polygons
2026-08-14 15:22:22 +0200: Memory Usage (473772K) : topvia1_drw has 0 polygons
2026-08-14 15:22:22 +0200: Memory Usage (473900K) : topmetal1_drw has 0 polygons
2026-08-14 15:22:22 +0200: Memory Usage (473900K) : topmetal1_filler has 0 polygons
2026-08-14 15:22:22 +0200: Memory Usage (474028K) : topmetal1_slit has 0 polygons
2026-08-14 15:22:22 +0200: Memory Usage (474156K) : topmetal1 has 0 polygons
2026-08-14 15:22:22 +0200: Memory Usage (474156K) : topmetal1_pin has 0 polygons
2026-08-14 15:22:22 +0200: Memory Usage (474284K) : topmetal1_mask has 0 polygons
2026-08-14 15:22:22 +0200: Memory Usage (474412K) : topmetal1_nofill has 0 polygons
2026-08-14 15:22:22 +0200: Memory Usage (474412K) : topmetal1_text has 0 polygons
2026-08-14 15:22:22 +0200: Memory Usage (474540K) : topmetal1_noqrc has 0 polygons
2026-08-14 15:22:22 +0200: Memory Usage (474540K) : topmetal1_res has 0 polygons
2026-08-14 15:22:22 +0200: Memory Usage (474668K) : topmetal1_iprobe has 0 polygons
2026-08-14 15:22:22 +0200: Memory Usage (474668K) : topmetal1_diffprb has 0 polygons
2026-08-14 15:22:22 +0200: Memory Usage (474796K) : inldpwl_drw has 0 polygons
2026-08-14 15:22:22 +0200: Memory Usage (474796K) : polyres_drw has 3 polygons
2026-08-14 15:22:22 +0200: Memory Usage (474924K) : polyres_pin has 0 polygons
2026-08-14 15:22:22 +0200: Memory Usage (474924K) : vmim_drw has 0 polygons
2026-08-14 15:22:22 +0200: Memory Usage (475052K) : nbulaycut_drw has 0 polygons
2026-08-14 15:22:22 +0200: Memory Usage (475180K) : antmetal1_drw has 0 polygons
2026-08-14 15:22:22 +0200: Memory Usage (475180K) : topvia2_drw has 0 polygons
2026-08-14 15:22:22 +0200: Memory Usage (475308K) : topmetal2_drw has 0 polygons
2026-08-14 15:22:22 +0200: Memory Usage (475308K) : topmetal2_filler has 0 polygons
2026-08-14 15:22:22 +0200: Memory Usage (475436K) : topmetal2_slit has 0 polygons
2026-08-14 15:22:22 +0200: Memory Usage (475564K) : topmetal2 has 0 polygons
2026-08-14 15:22:22 +0200: Memory Usage (475564K) : topmetal2_pin has 0 polygons
2026-08-14 15:22:22 +0200: Memory Usage (475692K) : topmetal2_mask has 0 polygons
2026-08-14 15:22:22 +0200: Memory Usage (475692K) : topmetal2_nofill has 0 polygons
2026-08-14 15:22:22 +0200: Memory Usage (475820K) : topmetal2_text has 0 polygons
2026-08-14 15:22:22 +0200: Memory Usage (475820K) : topmetal2_noqrc has 0 polygons
2026-08-14 15:22:22 +0200: Memory Usage (475948K) : topmetal2_res has 0 polygons
2026-08-14 15:22:22 +0200: Memory Usage (475948K) : topmetal2_iprobe has 0 polygons
2026-08-14 15:22:22 +0200: Memory Usage (476076K) : topmetal2_diffprb has 0 polygons
2026-08-14 15:22:22 +0200: Memory Usage (476204K) : snsring_drw has 0 polygons
2026-08-14 15:22:22 +0200: Memory Usage (476204K) : sensor_drw has 0 polygons
2026-08-14 15:22:22 +0200: Memory Usage (476332K) : snsarms_drw has 0 polygons
2026-08-14 15:22:22 +0200: Memory Usage (476332K) : snscmosvia_drw has 0 polygons
2026-08-14 15:22:22 +0200: Memory Usage (476460K) : colwind_drw has 0 polygons
2026-08-14 15:22:22 +0200: Memory Usage (476460K) : flm_drw has 0 polygons
2026-08-14 15:22:22 +0200: Memory Usage (476588K) : hafniumox_drw has 0 polygons
2026-08-14 15:22:22 +0200: Memory Usage (476588K) : memvia_drw has 0 polygons
2026-08-14 15:22:22 +0200: Memory Usage (476716K) : thinfilmres_drw has 0 polygons
2026-08-14 15:22:22 +0200: Memory Usage (476844K) : rfmem_drw has 0 polygons
2026-08-14 15:22:22 +0200: Memory Usage (476844K) : norcx_drw has 0 polygons
2026-08-14 15:22:22 +0200: Memory Usage (476972K) : norcx_m2m3 has 0 polygons
2026-08-14 15:22:22 +0200: Memory Usage (476972K) : norcx_m2m4 has 0 polygons
2026-08-14 15:22:22 +0200: Memory Usage (477100K) : norcx_m2m5 has 0 polygons
2026-08-14 15:22:22 +0200: Memory Usage (477100K) : norcx_m2tm1 has 0 polygons
2026-08-14 15:22:22 +0200: Memory Usage (477228K) : norcx_m2tm2 has 0 polygons
2026-08-14 15:22:22 +0200: Memory Usage (477228K) : norcx_m3m4 has 0 polygons
2026-08-14 15:22:22 +0200: Memory Usage (477356K) : norcx_m3m5 has 0 polygons
2026-08-14 15:22:22 +0200: Memory Usage (477356K) : norcx_m3tm1 has 0 polygons
2026-08-14 15:22:22 +0200: Memory Usage (477484K) : norcx_m3tm2 has 0 polygons
2026-08-14 15:22:22 +0200: Memory Usage (477612K) : norcx_m4m5 has 0 polygons
2026-08-14 15:22:22 +0200: Memory Usage (477612K) : norcx_m4tm1 has 0 polygons
2026-08-14 15:22:22 +0200: Memory Usage (477740K) : norcx_m4tm2 has 0 polygons
2026-08-14 15:22:22 +0200: Memory Usage (477740K) : norcx_m5tm1 has 0 polygons
2026-08-14 15:22:22 +0200: Memory Usage (477868K) : norcx_m5tm2 has 0 polygons
2026-08-14 15:22:22 +0200: Memory Usage (477868K) : norcx_tm1tm2 has 0 polygons
2026-08-14 15:22:22 +0200: Memory Usage (477996K) : norcx_m1sub has 0 polygons
2026-08-14 15:22:22 +0200: Memory Usage (477996K) : norcx_m2sub has 0 polygons
2026-08-14 15:22:22 +0200: Memory Usage (478124K) : norcx_m3sub has 0 polygons
2026-08-14 15:22:22 +0200: Memory Usage (478252K) : norcx_m4sub has 0 polygons
2026-08-14 15:22:22 +0200: Memory Usage (478252K) : norcx_m5sub has 0 polygons
2026-08-14 15:22:22 +0200: Memory Usage (478380K) : norcx_tm1sub has 0 polygons
2026-08-14 15:22:22 +0200: Memory Usage (478380K) : norcx_tm2sub has 0 polygons
2026-08-14 15:22:22 +0200: Memory Usage (478508K) : snsbotvia_drw has 0 polygons
2026-08-14 15:22:22 +0200: Memory Usage (478508K) : snstopvia_drw has 0 polygons
2026-08-14 15:22:22 +0200: Memory Usage (478636K) : deepvia_drw has 0 polygons
2026-08-14 15:22:22 +0200: Memory Usage (478636K) : fgetch_drw has 0 polygons
2026-08-14 15:22:22 +0200: Memory Usage (478764K) : ctrgat_drw has 0 polygons
2026-08-14 15:22:22 +0200: Memory Usage (478764K) : fgimp_drw has 0 polygons
2026-08-14 15:22:22 +0200: Memory Usage (478892K) : emwihv_drw has 0 polygons
2026-08-14 15:22:22 +0200: Memory Usage (479020K) : lbe_drw has 0 polygons
2026-08-14 15:22:22 +0200: Memory Usage (479020K) : alcustop_drw has 0 polygons
2026-08-14 15:22:22 +0200: Memory Usage (479148K) : nometfiller_drw has 0 polygons
2026-08-14 15:22:22 +0200: Memory Usage (479148K) : prboundary_drw has 0 polygons
2026-08-14 15:22:22 +0200: Memory Usage (479276K) : exchange0_drw has 0 polygons
2026-08-14 15:22:22 +0200: Memory Usage (479276K) : exchange0_pin has 0 polygons
2026-08-14 15:22:22 +0200: Memory Usage (479404K) : exchange0_text has 0 polygons
2026-08-14 15:22:22 +0200: Memory Usage (479404K) : exchange1_drw has 0 polygons
2026-08-14 15:22:22 +0200: Memory Usage (479532K) : exchange1_pin has 0 polygons
2026-08-14 15:22:22 +0200: Memory Usage (479532K) : exchange1_text has 0 polygons
2026-08-14 15:22:22 +0200: Memory Usage (479660K) : exchange2_drw has 0 polygons
2026-08-14 15:22:22 +0200: Memory Usage (479660K) : exchange2_pin has 0 polygons
2026-08-14 15:22:22 +0200: Memory Usage (479660K) : exchange2_text has 0 polygons
2026-08-14 15:22:22 +0200: Memory Usage (479660K) : exchange3_drw has 0 polygons
2026-08-14 15:22:22 +0200: Memory Usage (479660K) : exchange3_pin has 0 polygons
2026-08-14 15:22:22 +0200: Memory Usage (479660K) : exchange3_text has 0 polygons
2026-08-14 15:22:22 +0200: Memory Usage (479660K) : exchange4_drw has 0 polygons
2026-08-14 15:22:22 +0200: Memory Usage (479660K) : exchange4_pin has 0 polygons
2026-08-14 15:22:22 +0200: Memory Usage (479660K) : exchange4_text has 0 polygons
2026-08-14 15:22:22 +0200: Memory Usage (479660K) : isonwell_drw has 0 polygons
2026-08-14 15:22:22 +0200: Memory Usage (479660K) : Total no. of polygons in the design is 1793
2026-08-14 15:22:22 +0200: Memory Usage (479660K) : Starting CMOS5L Forbidden Layer Check
2026-08-14 15:22:22 +0200: Memory Usage (479788K) : CMOS5L Forbidden Layer Check: PASSED - No forbidden layers found
2026-08-14 15:22:22 +0200: Memory Usage (479788K) : CMOS5L Forbidden Layer Check: PASSED
2026-08-14 15:22:22 +0200: Memory Usage (479788K) : Starting base layers derivations
2026-08-14 15:22:22 +0200: Memory Usage (479788K) : Starting general LVS derivations
2026-08-14 15:22:22 +0200: Memory Usage (485524K) : Starting MOSFET DERIVATIONS
2026-08-14 15:22:22 +0200: Memory Usage (487700K) : Starting NMOS DERIVATIONS
2026-08-14 15:22:22 +0200: Memory Usage (487956K) : Starting PMOS DERIVATIONS
2026-08-14 15:22:22 +0200: Memory Usage (488084K) : Starting RF-MOSFET DERIVATIONS
2026-08-14 15:22:22 +0200: Memory Usage (488084K) : Starting RF-NMOS DERIVATIONS
2026-08-14 15:22:22 +0200: Memory Usage (488084K) : Starting RF-PMOS DERIVATIONS
2026-08-14 15:22:22 +0200: Memory Usage (488084K) : Starting BJT DERIVATIONS
2026-08-14 15:22:22 +0200: Memory Usage (488084K) : Starting NPN-BJT DERIVATIONS
2026-08-14 15:22:22 +0200: Memory Usage (488084K) : Starting PNP-BJT DERIVATIONS
2026-08-14 15:22:22 +0200: Memory Usage (488084K) : Starting DIODE DERIVATIONS
2026-08-14 15:22:22 +0200: Memory Usage (488084K) : Starting RESISTOR DERIVATIONS
2026-08-14 15:22:22 +0200: Memory Usage (488472K) : Starting CAP DERIVATIONS
2026-08-14 15:22:22 +0200: Memory Usage (488472K) : Starting CAP_MFRINGE DERIVATIONS
2026-08-14 15:22:22 +0200: Memory Usage (488472K) : Starting ESD DERIVATIONS
2026-08-14 15:22:22 +0200: Memory Usage (491544K) : Starting Inductor DERIVATIONS
2026-08-14 15:22:23 +0200: Memory Usage (491544K) : Starting Taps DERIVATIONS
2026-08-14 15:22:23 +0200: Memory Usage (491544K) : Starting SG13G2 LVS connectivity setup
2026-08-14 15:22:23 +0200: Memory Usage (491544K) : Starting SG13G2 LVS connectivity setup (Inter-layer)
2026-08-14 15:22:23 +0200: Memory Usage (491672K) : Starting SG13G2 LVS connectivity setup (Global)
2026-08-14 15:22:23 +0200: Memory Usage (491672K) : Starting LVS MOSFET CONNECTIONS
2026-08-14 15:22:23 +0200: Memory Usage (491672K) : Starting LVS RF-MOSFET CONNECTIONS
2026-08-14 15:22:23 +0200: Memory Usage (491672K) : Starting LVS BJT CONNECTIONS
2026-08-14 15:22:23 +0200: Memory Usage (491672K) : Starting LVS DIODE CONNECTIONS
2026-08-14 15:22:23 +0200: Memory Usage (491672K) : Starting RESISTOR CONNECTIONS
2026-08-14 15:22:23 +0200: Memory Usage (491672K) : Starting LVS CAP CONNECTIONS
2026-08-14 15:22:23 +0200: Memory Usage (491672K) : Starting ESD CONNECTIONS
2026-08-14 15:22:23 +0200: Memory Usage (491672K) : Starting Inductor CONNECTIONS
2026-08-14 15:22:23 +0200: Memory Usage (491672K) : Starting LVS Taps CONNECTIONS
2026-08-14 15:22:23 +0200: Memory Usage (491672K) : Starting CAP_MFRINGE CONNECTIONS
2026-08-14 15:22:23 +0200: Memory Usage (491672K) : Starting SG13CMOS5L LVS DEVICES EXTRACTION
2026-08-14 15:22:23 +0200: Memory Usage (491672K) : Starting MOSFET EXTRACTION
2026-08-14 15:22:23 +0200: Memory Usage (491672K) : Starting NMOS EXTRACTION
2026-08-14 15:22:23 +0200: Memory Usage (491672K) : Extraction of NMOS-LV transistor
2026-08-14 15:22:23 +0200: Memory Usage (491800K) : Extraction of NMOS-HV transistor
2026-08-14 15:22:23 +0200: Memory Usage (491800K) : Starting PMOS EXTRACTION
2026-08-14 15:22:23 +0200: Memory Usage (491800K) : Extraction of PMOS-LV transistor
2026-08-14 15:22:23 +0200: Memory Usage (491800K) : Extraction of PMOS-HV transistor
2026-08-14 15:22:23 +0200: Memory Usage (491800K) : Starting RF-MOSFET EXTRACTION
2026-08-14 15:22:23 +0200: Memory Usage (491800K) : Extraction of RF-NMOS-LV transistor
2026-08-14 15:22:23 +0200: Memory Usage (491800K) : Extraction of RF-NMOS-HV transistor
2026-08-14 15:22:23 +0200: Memory Usage (491800K) : Extraction of RF-PMOS-LV transistor
2026-08-14 15:22:23 +0200: Memory Usage (491800K) : Extraction of RF-PMOS-HV transistor
2026-08-14 15:22:23 +0200: Memory Usage (491800K) : Starting BJT EXTRACTION
2026-08-14 15:22:23 +0200: Memory Usage (491800K) : Starting NPN-BJT EXTRACTION
2026-08-14 15:22:23 +0200: Memory Usage (491800K) : Extraction of npn13G2 BJT transistor
2026-08-14 15:22:23 +0200: Memory Usage (491800K) : Extraction of npn13G2L BJT transistor
2026-08-14 15:22:23 +0200: Memory Usage (491800K) : Extraction of npn13G2V BJT transistor
2026-08-14 15:22:23 +0200: Memory Usage (491800K) : Starting PNP-BJT EXTRACTION
2026-08-14 15:22:23 +0200: Memory Usage (491800K) : Extracting pnpMPA BJT
2026-08-14 15:22:23 +0200: Memory Usage (491800K) : Starting DIODE EXTRACTION
2026-08-14 15:22:23 +0200: Memory Usage (491800K) : Extracting dantenna diode
2026-08-14 15:22:23 +0200: Memory Usage (491800K) : Extracting dpantenna diode
2026-08-14 15:22:23 +0200: Memory Usage (491800K) : Extracting schottky_nbl1 diode
2026-08-14 15:22:23 +0200: Memory Usage (491800K) : Extracting isolbox diode
2026-08-14 15:22:23 +0200: Memory Usage (491800K) : Starting RESISTOR EXTRACTION
2026-08-14 15:22:23 +0200: Memory Usage (491800K) : Extracting rsil resistor
2026-08-14 15:22:23 +0200: Memory Usage (491800K) : Extracting rppd resistor
2026-08-14 15:22:23 +0200: Memory Usage (491928K) : Extracting rhigh resistor
2026-08-14 15:22:23 +0200: Memory Usage (491928K) : Extracting res_metal1 resistor
2026-08-14 15:22:23 +0200: Memory Usage (492056K) : Extracting res_metal2 resistor
2026-08-14 15:22:23 +0200: Memory Usage (492056K) : Extracting res_metal3 resistor
2026-08-14 15:22:23 +0200: Memory Usage (492056K) : Extracting res_metal4 resistor
2026-08-14 15:22:23 +0200: Memory Usage (492056K) : Extracting res_metal5 resistor
2026-08-14 15:22:23 +0200: Memory Usage (492056K) : Extracting res_topmetal1 resistor
2026-08-14 15:22:23 +0200: Memory Usage (492056K) : Extracting res_topmetal2 resistor
2026-08-14 15:22:23 +0200: Memory Usage (492056K) : Starting CAP EXTRACTION
2026-08-14 15:22:23 +0200: Memory Usage (492056K) : Extracting cap_cmim device
2026-08-14 15:22:23 +0200: Memory Usage (492056K) : Extracting rfcmim device
2026-08-14 15:22:23 +0200: Memory Usage (492056K) : Extracting sg13_hv_svaricap varactor
2026-08-14 15:22:23 +0200: Memory Usage (492056K) : Extracting cap_mfringe device
2026-08-14 15:22:23 +0200: Memory Usage (492056K) : Starting ESD EXTRACTION
2026-08-14 15:22:23 +0200: Memory Usage (492056K) : Extracting diodevdd_2kv ESD device
2026-08-14 15:22:23 +0200: Memory Usage (492056K) : Extracting diodevdd_4kv ESD device
2026-08-14 15:22:23 +0200: Memory Usage (492056K) : Extracting diodevss_2kv ESD device
2026-08-14 15:22:23 +0200: Memory Usage (492056K) : Extracting diodevss_4kv ESD device
2026-08-14 15:22:23 +0200: Memory Usage (492056K) : Extracting idiodevdd_2kv ESD device
2026-08-14 15:22:23 +0200: Memory Usage (492056K) : Extracting idiodevdd_4kv ESD device
2026-08-14 15:22:23 +0200: Memory Usage (492056K) : Extracting idiodevss_2kv ESD device
2026-08-14 15:22:23 +0200: Memory Usage (492056K) : Extracting idiodevss_4kv ESD device
2026-08-14 15:22:23 +0200: Memory Usage (492056K) : Extracting nmoscl_2 ESD device
2026-08-14 15:22:23 +0200: Memory Usage (492056K) : Extracting nmoscl_4 ESD device
2026-08-14 15:22:23 +0200: Memory Usage (492056K) : Starting Inductor EXTRACTION
2026-08-14 15:22:23 +0200: Memory Usage (492056K) : Extracting Inductor2 device
2026-08-14 15:22:23 +0200: Memory Usage (492056K) : Extracting Inductor3 device
2026-08-14 15:22:23 +0200: Memory Usage (492056K) : Starting Taps EXTRACTION
2026-08-14 15:22:23 +0200: Memory Usage (492056K) : DISABLE_TAP_EXTRACTION is enabled: skipping ntap1/ptap1 device extraction.
2026-08-14 15:22:23 +0200: Memory Usage (492056K) : Starting SG13CMOS5L LVS RF MOS Model Mapping
2026-08-14 15:22:23 +0200: Memory Usage (492056K) : [layout_netlist] Apply RF MOS model mapping and rfmode parameter.
2026-08-14 15:22:23 +0200: Memory Usage (492056K) : Starting SG13CMOS5L LVS Options Preparations
2026-08-14 15:22:23 +0200: Memory Usage (492056K) : SG13CMOS5L LVS flow: extraction -> alignment -> option preparation -> comparison.
2026-08-14 15:22:23 +0200: Memory Usage (492056K) : Starting SG13CMOS5L LVS Alignment
2026-08-14 15:22:23 +0200: Memory Usage (492056K) : Starting SG13CMOS5L LVS Simplification
2026-08-14 15:22:23 +0200: Memory Usage (492056K) : [layout_netlist] simplify: ENABLED
2026-08-14 15:22:23 +0200: Memory Usage (492056K) : [layout_netlist] make_top_level_pins: SKIPPED
2026-08-14 15:22:23 +0200: Memory Usage (492056K) : [layout_netlist] combine_devices: SKIPPED
2026-08-14 15:22:23 +0200: Memory Usage (492056K) : [layout_netlist] purge: SKIPPED
2026-08-14 15:22:23 +0200: Memory Usage (492056K) : [layout_netlist] purge_nets: SKIPPED
2026-08-14 15:22:23 +0200: Memory Usage (492056K) : [schematic_netlist] simplify: ENABLED
2026-08-14 15:22:23 +0200: Memory Usage (492056K) : [schematic_netlist] make_top_level_pins: SKIPPED
2026-08-14 15:22:23 +0200: Memory Usage (492056K) : [schematic_netlist] combine_devices: SKIPPED
2026-08-14 15:22:23 +0200: Memory Usage (492056K) : [schematic_netlist] purge: SKIPPED
2026-08-14 15:22:23 +0200: Memory Usage (492056K) : [schematic_netlist] purge_nets: SKIPPED
2026-08-14 15:22:23 +0200: Memory Usage (492056K) : Starting SG13CMOS5L LVS Comparison in strict port mode.
2026-08-14 15:22:23 +0200: Memory Usage (492056K) : flag_missing_ports enabled: missing/mislabeled top-level ports are treated as errors.
2026-08-14 15:22:23 +0200: Memory Usage (492184K) : xxxxxxxxxxxxxxxxxxxxxxxxxxxxxxxxxxxxxxxxxx
2026-08-14 15:22:23 +0200: Memory Usage (492184K) : ERROR : Netlists don't match
2026-08-14 15:22:23 +0200: Memory Usage (492184K) : xxxxxxxxxxxxxxxxxxxxxxxxxxxxxxxxxxxxxxxxxx
2026-08-14 15:22:23 +0200: Memory Usage (492184K) : LVS Total Run time 1.323556 seconds
2026-08-14 15:23:03 +0200: Memory Usage (457548K) : Starting running SG13CMOS5L Klayout LVS runset on /foss/designs/CHIP-PLL/layout/CP/charge_pump/charge_pump_cell_next.gds
2026-08-14 15:23:03 +0200: Memory Usage (457548K) : Ruby Version for klayout: 3.2.3
2026-08-14 15:23:03 +0200: Memory Usage (458896K) : Loading database to memory is complete.
2026-08-14 15:23:03 +0200: Memory Usage (458896K) : SG13CMOS5L Klayout LVS runset output at: /foss/designs/CHIP-PLL/layout/CP/lvs/charge_pump_cell_next.lvsdb
2026-08-14 15:23:03 +0200: Memory Usage (458896K) : Evaluate switches.
2026-08-14 15:23:03 +0200: Memory Usage (458896K) : Extracted netlist with net names: true
2026-08-14 15:23:03 +0200: Memory Usage (458896K) : Extracted netlist with comments in details: false
2026-08-14 15:23:03 +0200: Memory Usage (458896K) : Selected NET_ONLY option: false
2026-08-14 15:23:03 +0200: Memory Usage (458896K) : Selected LAYOUT_NETLIST option: (none)
2026-08-14 15:23:03 +0200: Memory Usage (458896K) : Selected IGNORE_TOP_PORTS_MISMATCH option: 
2026-08-14 15:23:03 +0200: Memory Usage (458896K) : Selected IMPLICIT_NETS option: (none)
2026-08-14 15:23:03 +0200: Memory Usage (458896K) : Selected TOP_LVL_PINS option: false
2026-08-14 15:23:03 +0200: Memory Usage (458896K) : Selected COMBINE DEVICES option: false
2026-08-14 15:23:03 +0200: Memory Usage (458896K) : Selected PURGE option: false
2026-08-14 15:23:03 +0200: Memory Usage (458896K) : Selected PURGE_NETS option: false
2026-08-14 15:23:03 +0200: Memory Usage (458896K) : Selected SIMPLIFY option: true
2026-08-14 15:23:03 +0200: Memory Usage (458896K) : Selected SERIES_RES option: true
2026-08-14 15:23:03 +0200: Memory Usage (458896K) : Selected PARALLEL_RES option: true
2026-08-14 15:23:03 +0200: Memory Usage (458896K) : Selected DISABLE_TAP_EXTRACTION option: true
2026-08-14 15:23:03 +0200: Memory Usage (458896K) : deep  mode is enabled.
2026-08-14 15:23:03 +0200: Memory Usage (459280K) : Netlist file: /foss/designs/CHIP-PLL/layout/CP/netlists/charge_pump_cell.spice
2026-08-14 15:23:03 +0200: Memory Usage (459280K) : LVS extracted netlist at: /foss/designs/CHIP-PLL/layout/CP/lvs/charge_pump_cell_next_extracted.cir
2026-08-14 15:23:03 +0200: Memory Usage (459280K) : Applying SRAM integration support.
2026-08-14 15:23:03 +0200: Memory Usage (459280K) : Starting SG13CMOS5L LVS runset
2026-08-14 15:23:03 +0200: Memory Usage (459280K) : Read in polygons from layers.
2026-08-14 15:23:03 +0200: Memory Usage (460284K) : activ_drw has 123 polygons
2026-08-14 15:23:03 +0200: Memory Usage (460284K) : activ_filler has 0 polygons
2026-08-14 15:23:03 +0200: Memory Usage (460460K) : activ has 123 polygons
2026-08-14 15:23:03 +0200: Memory Usage (460460K) : activ_pin has 0 polygons
2026-08-14 15:23:03 +0200: Memory Usage (460460K) : activ_mask has 0 polygons
2026-08-14 15:23:03 +0200: Memory Usage (460460K) : activ_nofill has 0 polygons
2026-08-14 15:23:03 +0200: Memory Usage (460588K) : activ_OPC has 0 polygons
2026-08-14 15:23:03 +0200: Memory Usage (460588K) : activ_iOPC has 0 polygons
2026-08-14 15:23:03 +0200: Memory Usage (460588K) : activ_noqrc has 0 polygons
2026-08-14 15:23:03 +0200: Memory Usage (460588K) : biwind_drw has 0 polygons
2026-08-14 15:23:03 +0200: Memory Usage (460588K) : biwind_OPC has 0 polygons
2026-08-14 15:23:03 +0200: Memory Usage (460732K) : gatpoly_drw has 127 polygons
2026-08-14 15:23:03 +0200: Memory Usage (460732K) : gatpoly_filler has 0 polygons
2026-08-14 15:23:03 +0200: Memory Usage (460732K) : gatpoly has 127 polygons
2026-08-14 15:23:03 +0200: Memory Usage (460732K) : gatpoly_pin has 29 polygons
2026-08-14 15:23:03 +0200: Memory Usage (460732K) : gatpoly_nofill has 0 polygons
2026-08-14 15:23:03 +0200: Memory Usage (460732K) : gatpoly_OPC has 0 polygons
2026-08-14 15:23:03 +0200: Memory Usage (460732K) : gatpoly_iOPC has 0 polygons
2026-08-14 15:23:03 +0200: Memory Usage (460860K) : gatpoly_noqrc has 0 polygons
2026-08-14 15:23:03 +0200: Memory Usage (460988K) : cont_drw has 576 polygons
2026-08-14 15:23:03 +0200: Memory Usage (460988K) : cont_OPC has 0 polygons
2026-08-14 15:23:03 +0200: Memory Usage (461116K) : nsd_drw has 0 polygons
2026-08-14 15:23:03 +0200: Memory Usage (461116K) : nsd_block has 0 polygons
2026-08-14 15:23:03 +0200: Memory Usage (461420K) : metal1_drw has 382 polygons
2026-08-14 15:23:03 +0200: Memory Usage (461804K) : metal1_filler has 0 polygons
2026-08-14 15:23:03 +0200: Memory Usage (461804K) : metal1_slit has 0 polygons
2026-08-14 15:23:03 +0200: Memory Usage (462060K) : metal1 has 382 polygons
2026-08-14 15:23:03 +0200: Memory Usage (462060K) : metal1_pin has 74 polygons
2026-08-14 15:23:03 +0200: Memory Usage (462060K) : metal1_mask has 0 polygons
2026-08-14 15:23:03 +0200: Memory Usage (462060K) : metal1_nofill has 0 polygons
2026-08-14 15:23:03 +0200: Memory Usage (462372K) : metal1_text has 8 polygons
2026-08-14 15:23:03 +0200: Memory Usage (462372K) : metal1_OPC has 0 polygons
2026-08-14 15:23:03 +0200: Memory Usage (462500K) : metal1_noqrc has 0 polygons
2026-08-14 15:23:03 +0200: Memory Usage (462500K) : metal1_res has 0 polygons
2026-08-14 15:23:03 +0200: Memory Usage (462628K) : metal1_iprobe has 0 polygons
2026-08-14 15:23:03 +0200: Memory Usage (462628K) : metal1_diffprb has 0 polygons
2026-08-14 15:23:03 +0200: Memory Usage (462756K) : passiv_drw has 0 polygons
2026-08-14 15:23:03 +0200: Memory Usage (462756K) : passiv_pin has 0 polygons
2026-08-14 15:23:03 +0200: Memory Usage (462884K) : passiv_sbump has 0 polygons
2026-08-14 15:23:03 +0200: Memory Usage (462884K) : passiv_pillar has 0 polygons
2026-08-14 15:23:03 +0200: Memory Usage (463012K) : passiv_pdl has 0 polygons
2026-08-14 15:23:03 +0200: Memory Usage (463140K) : metal2_drw has 147 polygons
2026-08-14 15:23:03 +0200: Memory Usage (463268K) : metal2_filler has 0 polygons
2026-08-14 15:23:03 +0200: Memory Usage (463268K) : metal2_slit has 0 polygons
2026-08-14 15:23:03 +0200: Memory Usage (463396K) : metal2 has 147 polygons
2026-08-14 15:23:03 +0200: Memory Usage (463524K) : metal2_pin has 6 polygons
2026-08-14 15:23:03 +0200: Memory Usage (463524K) : metal2_mask has 0 polygons
2026-08-14 15:23:03 +0200: Memory Usage (463652K) : metal2_nofill has 0 polygons
2026-08-14 15:23:03 +0200: Memory Usage (463652K) : metal2_text has 6 polygons
2026-08-14 15:23:03 +0200: Memory Usage (463780K) : metal2_OPC has 0 polygons
2026-08-14 15:23:03 +0200: Memory Usage (463780K) : metal2_noqrc has 0 polygons
2026-08-14 15:23:03 +0200: Memory Usage (463908K) : metal2_res has 0 polygons
2026-08-14 15:23:03 +0200: Memory Usage (463908K) : metal2_iprobe has 0 polygons
2026-08-14 15:23:03 +0200: Memory Usage (464036K) : metal2_diffprb has 0 polygons
2026-08-14 15:23:03 +0200: Memory Usage (464164K) : baspoly_drw has 0 polygons
2026-08-14 15:23:03 +0200: Memory Usage (464164K) : baspoly_pin has 0 polygons
2026-08-14 15:23:03 +0200: Memory Usage (464292K) : psd_drw has 26 polygons
2026-08-14 15:23:03 +0200: Memory Usage (464292K) : nldb_drw has 0 polygons
2026-08-14 15:23:03 +0200: Memory Usage (464420K) : digibnd_drw has 0 polygons
2026-08-14 15:23:03 +0200: Memory Usage (464420K) : via1_drw has 66 polygons
2026-08-14 15:23:03 +0200: Memory Usage (464548K) : backmetal1_drw has 0 polygons
2026-08-14 15:23:03 +0200: Memory Usage (464548K) : backmetal1_pin has 0 polygons
2026-08-14 15:23:03 +0200: Memory Usage (464676K) : backmetal1_mask has 0 polygons
2026-08-14 15:23:03 +0200: Memory Usage (464804K) : backmetal1_filler has 0 polygons
2026-08-14 15:23:03 +0200: Memory Usage (464932K) : backmetal1_nofill has 0 polygons
2026-08-14 15:23:03 +0200: Memory Usage (465060K) : backmetal1_slit has 0 polygons
2026-08-14 15:23:03 +0200: Memory Usage (465060K) : backmetal1_text has 0 polygons
2026-08-14 15:23:03 +0200: Memory Usage (465188K) : backmetal1_OPC has 0 polygons
2026-08-14 15:23:03 +0200: Memory Usage (465188K) : backmetal1_noqrc has 0 polygons
2026-08-14 15:23:03 +0200: Memory Usage (465316K) : backmetal1_res has 0 polygons
2026-08-14 15:23:03 +0200: Memory Usage (465316K) : backmetal1_iprobe has 0 polygons
2026-08-14 15:23:03 +0200: Memory Usage (465444K) : backmetal1_diffprb has 0 polygons
2026-08-14 15:23:03 +0200: Memory Usage (465444K) : backpassiv_drw has 0 polygons
2026-08-14 15:23:03 +0200: Memory Usage (465572K) : res_drw has 0 polygons
2026-08-14 15:23:03 +0200: Memory Usage (465700K) : sram_drw has 0 polygons
2026-08-14 15:23:03 +0200: Memory Usage (465700K) : trans_drw has 0 polygons
2026-08-14 15:23:03 +0200: Memory Usage (465828K) : ind_drw has 0 polygons
2026-08-14 15:23:03 +0200: Memory Usage (465828K) : ind_pin has 0 polygons
2026-08-14 15:23:03 +0200: Memory Usage (465956K) : ind_text has 0 polygons
2026-08-14 15:23:03 +0200: Memory Usage (465956K) : salblock_drw has 3 polygons
2026-08-14 15:23:03 +0200: Memory Usage (466084K) : via2_drw has 24 polygons
2026-08-14 15:23:03 +0200: Memory Usage (466212K) : metal3_drw has 45 polygons
2026-08-14 15:23:03 +0200: Memory Usage (466212K) : metal3_filler has 0 polygons
2026-08-14 15:23:03 +0200: Memory Usage (466340K) : metal3_slit has 0 polygons
2026-08-14 15:23:03 +0200: Memory Usage (466340K) : metal3 has 45 polygons
2026-08-14 15:23:03 +0200: Memory Usage (466340K) : metal3_pin has 0 polygons
2026-08-14 15:23:03 +0200: Memory Usage (466468K) : metal3_mask has 0 polygons
2026-08-14 15:23:03 +0200: Memory Usage (466468K) : metal3_nofill has 0 polygons
2026-08-14 15:23:03 +0200: Memory Usage (466468K) : metal3_text has 0 polygons
2026-08-14 15:23:03 +0200: Memory Usage (466596K) : metal3_OPC has 0 polygons
2026-08-14 15:23:03 +0200: Memory Usage (466596K) : metal3_noqrc has 0 polygons
2026-08-14 15:23:03 +0200: Memory Usage (466596K) : metal3_res has 0 polygons
2026-08-14 15:23:03 +0200: Memory Usage (466724K) : metal3_iprobe has 0 polygons
2026-08-14 15:23:03 +0200: Memory Usage (466724K) : metal3_diffprb has 0 polygons
2026-08-14 15:23:03 +0200: Memory Usage (466724K) : nwell_drw has 27 polygons
2026-08-14 15:23:03 +0200: Memory Usage (466724K) : nwell_pin has 4 polygons
2026-08-14 15:23:03 +0200: Memory Usage (466852K) : nwell_text has 0 polygons
2026-08-14 15:23:03 +0200: Memory Usage (466852K) : nbulay_drw has 0 polygons
2026-08-14 15:23:03 +0200: Memory Usage (466980K) : nbulay_pin has 0 polygons
2026-08-14 15:23:03 +0200: Memory Usage (466980K) : nbulay_block has 0 polygons
2026-08-14 15:23:03 +0200: Memory Usage (467108K) : emwind_drw has 0 polygons
2026-08-14 15:23:03 +0200: Memory Usage (467108K) : emwind_OPC has 0 polygons
2026-08-14 15:23:03 +0200: Memory Usage (467236K) : deepco_drw has 0 polygons
2026-08-14 15:23:03 +0200: Memory Usage (467236K) : mim_drw has 0 polygons
2026-08-14 15:23:03 +0200: Memory Usage (467364K) : edgeseal_drw has 0 polygons
2026-08-14 15:23:03 +0200: Memory Usage (467492K) : substrate_drw has 17 polygons
2026-08-14 15:23:03 +0200: Memory Usage (467492K) : substrate_text has 0 polygons
2026-08-14 15:23:03 +0200: Memory Usage (467620K) : dfpad_drw has 0 polygons
2026-08-14 15:23:03 +0200: Memory Usage (467620K) : dfpad_pillar has 0 polygons
2026-08-14 15:23:03 +0200: Memory Usage (467748K) : dfpad_sbump has 0 polygons
2026-08-14 15:23:03 +0200: Memory Usage (467748K) : thickgateox_drw has 0 polygons
2026-08-14 15:23:03 +0200: Memory Usage (467876K) : pldb_drw has 0 polygons
2026-08-14 15:23:03 +0200: Memory Usage (467876K) : pwell_drw has 0 polygons
2026-08-14 15:23:03 +0200: Memory Usage (468004K) : pwell_pin has 0 polygons
2026-08-14 15:23:03 +0200: Memory Usage (468004K) : pwell_block has 0 polygons
2026-08-14 15:23:03 +0200: Memory Usage (468132K) : ic_drw has 0 polygons
2026-08-14 15:23:03 +0200: Memory Usage (468260K) : via3_drw has 0 polygons
2026-08-14 15:23:03 +0200: Memory Usage (468260K) : metal4_drw has 0 polygons
2026-08-14 15:23:03 +0200: Memory Usage (468388K) : metal4_filler has 0 polygons
2026-08-14 15:23:03 +0200: Memory Usage (468388K) : metal4_slit has 0 polygons
2026-08-14 15:23:03 +0200: Memory Usage (468516K) : metal4 has 0 polygons
2026-08-14 15:23:03 +0200: Memory Usage (468644K) : metal4_pin has 0 polygons
2026-08-14 15:23:03 +0200: Memory Usage (468644K) : metal4_mask has 0 polygons
2026-08-14 15:23:03 +0200: Memory Usage (468772K) : metal4_nofill has 0 polygons
2026-08-14 15:23:03 +0200: Memory Usage (468772K) : metal4_text has 0 polygons
2026-08-14 15:23:03 +0200: Memory Usage (468900K) : metal4_OPC has 0 polygons
2026-08-14 15:23:03 +0200: Memory Usage (468900K) : metal4_noqrc has 0 polygons
2026-08-14 15:23:03 +0200: Memory Usage (468900K) : metal4_res has 0 polygons
2026-08-14 15:23:03 +0200: Memory Usage (468900K) : metal4_iprobe has 0 polygons
2026-08-14 15:23:03 +0200: Memory Usage (469028K) : metal4_diffprb has 0 polygons
2026-08-14 15:23:03 +0200: Memory Usage (469028K) : heattrans_drw has 41 polygons
2026-08-14 15:23:03 +0200: Memory Usage (469156K) : heatres_drw has 3 polygons
2026-08-14 15:23:03 +0200: Memory Usage (469156K) : fbe_drw has 0 polygons
2026-08-14 15:23:03 +0200: Memory Usage (469284K) : empoly_drw has 0 polygons
2026-08-14 15:23:03 +0200: Memory Usage (469284K) : digisub_drw has 0 polygons
2026-08-14 15:23:03 +0200: Memory Usage (469412K) : text_drw has 48 polygons
2026-08-14 15:23:03 +0200: Memory Usage (469412K) : via4_drw has 0 polygons
2026-08-14 15:23:03 +0200: Memory Usage (469540K) : metal5_drw has 0 polygons
2026-08-14 15:23:03 +0200: Memory Usage (469540K) : metal5_filler has 0 polygons
2026-08-14 15:23:03 +0200: Memory Usage (469668K) : metal5_slit has 0 polygons
2026-08-14 15:23:03 +0200: Memory Usage (469796K) : metal5 has 0 polygons
2026-08-14 15:23:03 +0200: Memory Usage (469924K) : metal5_pin has 0 polygons
2026-08-14 15:23:03 +0200: Memory Usage (469924K) : metal5_mask has 0 polygons
2026-08-14 15:23:03 +0200: Memory Usage (470052K) : metal5_nofill has 0 polygons
2026-08-14 15:23:03 +0200: Memory Usage (470052K) : metal5_text has 0 polygons
2026-08-14 15:23:03 +0200: Memory Usage (470180K) : metal5_OPC has 0 polygons
2026-08-14 15:23:03 +0200: Memory Usage (470180K) : metal5_noqrc has 0 polygons
2026-08-14 15:23:03 +0200: Memory Usage (470308K) : metal5_res has 0 polygons
2026-08-14 15:23:03 +0200: Memory Usage (470308K) : metal5_iprobe has 0 polygons
2026-08-14 15:23:03 +0200: Memory Usage (470436K) : metal5_diffprb has 0 polygons
2026-08-14 15:23:03 +0200: Memory Usage (470436K) : radhard_drw has 0 polygons
2026-08-14 15:23:03 +0200: Memory Usage (470564K) : memcap_drw has 0 polygons
2026-08-14 15:23:03 +0200: Memory Usage (470564K) : varicap_drw has 0 polygons
2026-08-14 15:23:03 +0200: Memory Usage (470692K) : intbondvia_drw has 0 polygons
2026-08-14 15:23:03 +0200: Memory Usage (470820K) : intbondmet_drw has 0 polygons
2026-08-14 15:23:03 +0200: Memory Usage (470820K) : devbondvia_drw has 0 polygons
2026-08-14 15:23:03 +0200: Memory Usage (470948K) : devbondmet_drw has 0 polygons
2026-08-14 15:23:03 +0200: Memory Usage (470948K) : devtrench_drw has 0 polygons
2026-08-14 15:23:03 +0200: Memory Usage (470948K) : redist_drw has 0 polygons
2026-08-14 15:23:03 +0200: Memory Usage (471076K) : graphbot_drw has 0 polygons
2026-08-14 15:23:03 +0200: Memory Usage (471076K) : graphtop_drw has 0 polygons
2026-08-14 15:23:03 +0200: Memory Usage (471076K) : antvia1_drw has 0 polygons
2026-08-14 15:23:03 +0200: Memory Usage (471204K) : antmetal2_drw has 0 polygons
2026-08-14 15:23:03 +0200: Memory Usage (471204K) : graphcont_drw has 0 polygons
2026-08-14 15:23:03 +0200: Memory Usage (471204K) : siwg_drw has 0 polygons
2026-08-14 15:23:03 +0200: Memory Usage (471332K) : siwg_filler has 0 polygons
2026-08-14 15:23:03 +0200: Memory Usage (471332K) : siwg_nofill has 0 polygons
2026-08-14 15:23:03 +0200: Memory Usage (471460K) : sigrating_drw has 0 polygons
2026-08-14 15:23:03 +0200: Memory Usage (471460K) : singrating_drw has 0 polygons
2026-08-14 15:23:03 +0200: Memory Usage (471588K) : graphpas_drw has 0 polygons
2026-08-14 15:23:03 +0200: Memory Usage (471716K) : emwind3_drw has 0 polygons
2026-08-14 15:23:03 +0200: Memory Usage (471716K) : emwihv3_drw has 0 polygons
2026-08-14 15:23:03 +0200: Memory Usage (471844K) : redbulay_drw has 0 polygons
2026-08-14 15:23:03 +0200: Memory Usage (471844K) : smos_drw has 0 polygons
2026-08-14 15:23:03 +0200: Memory Usage (471972K) : graphpad_drw has 0 polygons
2026-08-14 15:23:03 +0200: Memory Usage (471972K) : polimide_drw has 0 polygons
2026-08-14 15:23:03 +0200: Memory Usage (472100K) : polimide_pin has 0 polygons
2026-08-14 15:23:03 +0200: Memory Usage (472100K) : recog_drw has 0 polygons
2026-08-14 15:23:03 +0200: Memory Usage (472228K) : recog_pin has 0 polygons
2026-08-14 15:23:03 +0200: Memory Usage (472228K) : recog_esd has 0 polygons
2026-08-14 15:23:03 +0200: Memory Usage (472356K) : recog_diode has 0 polygons
2026-08-14 15:23:03 +0200: Memory Usage (472484K) : recog_tsv has 0 polygons
2026-08-14 15:23:03 +0200: Memory Usage (472484K) : recog_iprobe has 0 polygons
2026-08-14 15:23:03 +0200: Memory Usage (472612K) : recog_diffprb has 0 polygons
2026-08-14 15:23:03 +0200: Memory Usage (472612K) : recog_pillar has 0 polygons
2026-08-14 15:23:03 +0200: Memory Usage (472740K) : recog_sbump has 0 polygons
2026-08-14 15:23:03 +0200: Memory Usage (472740K) : recog_otp has 0 polygons
2026-08-14 15:23:03 +0200: Memory Usage (472868K) : recog_pdiode has 0 polygons
2026-08-14 15:23:03 +0200: Memory Usage (472868K) : recog_mom has 0 polygons
2026-08-14 15:23:03 +0200: Memory Usage (472996K) : recog_pcm has 0 polygons
2026-08-14 15:23:03 +0200: Memory Usage (473124K) : colopen_drw has 0 polygons
2026-08-14 15:23:03 +0200: Memory Usage (473124K) : graphmetal1_drw has 0 polygons
2026-08-14 15:23:03 +0200: Memory Usage (473252K) : graphmetal1_filler has 0 polygons
2026-08-14 15:23:03 +0200: Memory Usage (473252K) : graphmetal1_nofill has 0 polygons
2026-08-14 15:23:03 +0200: Memory Usage (473380K) : graphmetal1_slit has 0 polygons
2026-08-14 15:23:03 +0200: Memory Usage (473380K) : graphmetal1_OPC has 0 polygons
2026-08-14 15:23:03 +0200: Memory Usage (473508K) : graphmet1l_drw has 0 polygons
2026-08-14 15:23:03 +0200: Memory Usage (473508K) : graphmet1l_filler has 0 polygons
2026-08-14 15:23:03 +0200: Memory Usage (473636K) : graphmet1l_nofill has 0 polygons
2026-08-14 15:23:03 +0200: Memory Usage (473636K) : graphmet1l_slit has 0 polygons
2026-08-14 15:23:03 +0200: Memory Usage (473636K) : graphmet1l_OPC has 0 polygons
2026-08-14 15:23:03 +0200: Memory Usage (473636K) : extblock_drw has 9 polygons
2026-08-14 15:23:03 +0200: Memory Usage (473636K) : nldd_drw has 0 polygons
2026-08-14 15:23:03 +0200: Memory Usage (473764K) : pldd_drw has 0 polygons
2026-08-14 15:23:03 +0200: Memory Usage (473764K) : next_drw has 0 polygons
2026-08-14 15:23:03 +0200: Memory Usage (473764K) : pext_drw has 0 polygons
2026-08-14 15:23:03 +0200: Memory Usage (473892K) : nexthv_drw has 0 polygons
2026-08-14 15:23:03 +0200: Memory Usage (473892K) : pexthv_drw has 0 polygons
2026-08-14 15:23:03 +0200: Memory Usage (474020K) : graphgate_drw has 0 polygons
2026-08-14 15:23:03 +0200: Memory Usage (474020K) : sinwg_drw has 0 polygons
2026-08-14 15:23:03 +0200: Memory Usage (474148K) : sinwg_filler has 0 polygons
2026-08-14 15:23:03 +0200: Memory Usage (474148K) : sinwg_nofill has 0 polygons
2026-08-14 15:23:03 +0200: Memory Usage (474276K) : mempad_drw has 0 polygons
2026-08-14 15:23:03 +0200: Memory Usage (474276K) : topvia1_drw has 0 polygons
2026-08-14 15:23:03 +0200: Memory Usage (474404K) : topmetal1_drw has 0 polygons
2026-08-14 15:23:03 +0200: Memory Usage (474532K) : topmetal1_filler has 0 polygons
2026-08-14 15:23:03 +0200: Memory Usage (474532K) : topmetal1_slit has 0 polygons
2026-08-14 15:23:03 +0200: Memory Usage (474660K) : topmetal1 has 0 polygons
2026-08-14 15:23:03 +0200: Memory Usage (474788K) : topmetal1_pin has 0 polygons
2026-08-14 15:23:03 +0200: Memory Usage (474788K) : topmetal1_mask has 0 polygons
2026-08-14 15:23:03 +0200: Memory Usage (474916K) : topmetal1_nofill has 0 polygons
2026-08-14 15:23:03 +0200: Memory Usage (474916K) : topmetal1_text has 0 polygons
2026-08-14 15:23:03 +0200: Memory Usage (475044K) : topmetal1_noqrc has 0 polygons
2026-08-14 15:23:03 +0200: Memory Usage (475044K) : topmetal1_res has 0 polygons
2026-08-14 15:23:03 +0200: Memory Usage (475172K) : topmetal1_iprobe has 0 polygons
2026-08-14 15:23:03 +0200: Memory Usage (475172K) : topmetal1_diffprb has 0 polygons
2026-08-14 15:23:03 +0200: Memory Usage (475300K) : inldpwl_drw has 0 polygons
2026-08-14 15:23:03 +0200: Memory Usage (475300K) : polyres_drw has 3 polygons
2026-08-14 15:23:03 +0200: Memory Usage (475428K) : polyres_pin has 0 polygons
2026-08-14 15:23:03 +0200: Memory Usage (475556K) : vmim_drw has 0 polygons
2026-08-14 15:23:03 +0200: Memory Usage (475556K) : nbulaycut_drw has 0 polygons
2026-08-14 15:23:03 +0200: Memory Usage (475684K) : antmetal1_drw has 0 polygons
2026-08-14 15:23:03 +0200: Memory Usage (475684K) : topvia2_drw has 0 polygons
2026-08-14 15:23:03 +0200: Memory Usage (475812K) : topmetal2_drw has 0 polygons
2026-08-14 15:23:03 +0200: Memory Usage (475812K) : topmetal2_filler has 0 polygons
2026-08-14 15:23:03 +0200: Memory Usage (475940K) : topmetal2_slit has 0 polygons
2026-08-14 15:23:03 +0200: Memory Usage (476068K) : topmetal2 has 0 polygons
2026-08-14 15:23:03 +0200: Memory Usage (476068K) : topmetal2_pin has 0 polygons
2026-08-14 15:23:03 +0200: Memory Usage (476196K) : topmetal2_mask has 0 polygons
2026-08-14 15:23:03 +0200: Memory Usage (476196K) : topmetal2_nofill has 0 polygons
2026-08-14 15:23:03 +0200: Memory Usage (476324K) : topmetal2_text has 0 polygons
2026-08-14 15:23:03 +0200: Memory Usage (476452K) : topmetal2_noqrc has 0 polygons
2026-08-14 15:23:03 +0200: Memory Usage (476452K) : topmetal2_res has 0 polygons
2026-08-14 15:23:03 +0200: Memory Usage (476580K) : topmetal2_iprobe has 0 polygons
2026-08-14 15:23:03 +0200: Memory Usage (476580K) : topmetal2_diffprb has 0 polygons
2026-08-14 15:23:03 +0200: Memory Usage (476708K) : snsring_drw has 0 polygons
2026-08-14 15:23:03 +0200: Memory Usage (476708K) : sensor_drw has 0 polygons
2026-08-14 15:23:03 +0200: Memory Usage (476836K) : snsarms_drw has 0 polygons
2026-08-14 15:23:03 +0200: Memory Usage (476836K) : snscmosvia_drw has 0 polygons
2026-08-14 15:23:03 +0200: Memory Usage (476964K) : colwind_drw has 0 polygons
2026-08-14 15:23:03 +0200: Memory Usage (477092K) : flm_drw has 0 polygons
2026-08-14 15:23:03 +0200: Memory Usage (477092K) : hafniumox_drw has 0 polygons
2026-08-14 15:23:03 +0200: Memory Usage (477220K) : memvia_drw has 0 polygons
2026-08-14 15:23:03 +0200: Memory Usage (477220K) : thinfilmres_drw has 0 polygons
2026-08-14 15:23:03 +0200: Memory Usage (477348K) : rfmem_drw has 0 polygons
2026-08-14 15:23:03 +0200: Memory Usage (477348K) : norcx_drw has 0 polygons
2026-08-14 15:23:03 +0200: Memory Usage (477476K) : norcx_m2m3 has 0 polygons
2026-08-14 15:23:03 +0200: Memory Usage (477476K) : norcx_m2m4 has 0 polygons
2026-08-14 15:23:03 +0200: Memory Usage (477604K) : norcx_m2m5 has 0 polygons
2026-08-14 15:23:03 +0200: Memory Usage (477604K) : norcx_m2tm1 has 0 polygons
2026-08-14 15:23:03 +0200: Memory Usage (477732K) : norcx_m2tm2 has 0 polygons
2026-08-14 15:23:03 +0200: Memory Usage (477860K) : norcx_m3m4 has 0 polygons
2026-08-14 15:23:03 +0200: Memory Usage (477860K) : norcx_m3m5 has 0 polygons
2026-08-14 15:23:03 +0200: Memory Usage (477988K) : norcx_m3tm1 has 0 polygons
2026-08-14 15:23:03 +0200: Memory Usage (477988K) : norcx_m3tm2 has 0 polygons
2026-08-14 15:23:03 +0200: Memory Usage (478116K) : norcx_m4m5 has 0 polygons
2026-08-14 15:23:03 +0200: Memory Usage (478116K) : norcx_m4tm1 has 0 polygons
2026-08-14 15:23:03 +0200: Memory Usage (478244K) : norcx_m4tm2 has 0 polygons
2026-08-14 15:23:03 +0200: Memory Usage (478244K) : norcx_m5tm1 has 0 polygons
2026-08-14 15:23:03 +0200: Memory Usage (478372K) : norcx_m5tm2 has 0 polygons
2026-08-14 15:23:03 +0200: Memory Usage (478372K) : norcx_tm1tm2 has 0 polygons
2026-08-14 15:23:03 +0200: Memory Usage (478500K) : norcx_m1sub has 0 polygons
2026-08-14 15:23:03 +0200: Memory Usage (478628K) : norcx_m2sub has 0 polygons
2026-08-14 15:23:03 +0200: Memory Usage (478628K) : norcx_m3sub has 0 polygons
2026-08-14 15:23:03 +0200: Memory Usage (478756K) : norcx_m4sub has 0 polygons
2026-08-14 15:23:03 +0200: Memory Usage (478756K) : norcx_m5sub has 0 polygons
2026-08-14 15:23:03 +0200: Memory Usage (478884K) : norcx_tm1sub has 0 polygons
2026-08-14 15:23:03 +0200: Memory Usage (478884K) : norcx_tm2sub has 0 polygons
2026-08-14 15:23:03 +0200: Memory Usage (479012K) : snsbotvia_drw has 0 polygons
2026-08-14 15:23:03 +0200: Memory Usage (479012K) : snstopvia_drw has 0 polygons
2026-08-14 15:23:03 +0200: Memory Usage (479140K) : deepvia_drw has 0 polygons
2026-08-14 15:23:03 +0200: Memory Usage (479140K) : fgetch_drw has 0 polygons
2026-08-14 15:23:03 +0200: Memory Usage (479268K) : ctrgat_drw has 0 polygons
2026-08-14 15:23:03 +0200: Memory Usage (479396K) : fgimp_drw has 0 polygons
2026-08-14 15:23:03 +0200: Memory Usage (479396K) : emwihv_drw has 0 polygons
2026-08-14 15:23:03 +0200: Memory Usage (479524K) : lbe_drw has 0 polygons
2026-08-14 15:23:03 +0200: Memory Usage (479524K) : alcustop_drw has 0 polygons
2026-08-14 15:23:03 +0200: Memory Usage (479652K) : nometfiller_drw has 0 polygons
2026-08-14 15:23:03 +0200: Memory Usage (479652K) : prboundary_drw has 0 polygons
2026-08-14 15:23:03 +0200: Memory Usage (479780K) : exchange0_drw has 0 polygons
2026-08-14 15:23:03 +0200: Memory Usage (479780K) : exchange0_pin has 0 polygons
2026-08-14 15:23:03 +0200: Memory Usage (479908K) : exchange0_text has 0 polygons
2026-08-14 15:23:03 +0200: Memory Usage (480036K) : exchange1_drw has 0 polygons
2026-08-14 15:23:03 +0200: Memory Usage (480036K) : exchange1_pin has 0 polygons
2026-08-14 15:23:03 +0200: Memory Usage (480164K) : exchange1_text has 0 polygons
2026-08-14 15:23:03 +0200: Memory Usage (480164K) : exchange2_drw has 0 polygons
2026-08-14 15:23:03 +0200: Memory Usage (480164K) : exchange2_pin has 0 polygons
2026-08-14 15:23:03 +0200: Memory Usage (480164K) : exchange2_text has 0 polygons
2026-08-14 15:23:03 +0200: Memory Usage (480164K) : exchange3_drw has 0 polygons
2026-08-14 15:23:03 +0200: Memory Usage (480164K) : exchange3_pin has 0 polygons
2026-08-14 15:23:03 +0200: Memory Usage (480164K) : exchange3_text has 0 polygons
2026-08-14 15:23:03 +0200: Memory Usage (480164K) : exchange4_drw has 0 polygons
2026-08-14 15:23:03 +0200: Memory Usage (480164K) : exchange4_pin has 0 polygons
2026-08-14 15:23:03 +0200: Memory Usage (480164K) : exchange4_text has 0 polygons
2026-08-14 15:23:03 +0200: Memory Usage (480164K) : isonwell_drw has 0 polygons
2026-08-14 15:23:03 +0200: Memory Usage (480164K) : Total no. of polygons in the design is 1794
2026-08-14 15:23:03 +0200: Memory Usage (480164K) : Starting CMOS5L Forbidden Layer Check
2026-08-14 15:23:03 +0200: Memory Usage (480164K) : CMOS5L Forbidden Layer Check: PASSED - No forbidden layers found
2026-08-14 15:23:03 +0200: Memory Usage (480164K) : CMOS5L Forbidden Layer Check: PASSED
2026-08-14 15:23:03 +0200: Memory Usage (480164K) : Starting base layers derivations
2026-08-14 15:23:03 +0200: Memory Usage (480164K) : Starting general LVS derivations
2026-08-14 15:23:03 +0200: Memory Usage (486012K) : Starting MOSFET DERIVATIONS
2026-08-14 15:23:03 +0200: Memory Usage (488188K) : Starting NMOS DERIVATIONS
2026-08-14 15:23:03 +0200: Memory Usage (488316K) : Starting PMOS DERIVATIONS
2026-08-14 15:23:03 +0200: Memory Usage (488316K) : Starting RF-MOSFET DERIVATIONS
2026-08-14 15:23:03 +0200: Memory Usage (488316K) : Starting RF-NMOS DERIVATIONS
2026-08-14 15:23:03 +0200: Memory Usage (488316K) : Starting RF-PMOS DERIVATIONS
2026-08-14 15:23:03 +0200: Memory Usage (488316K) : Starting BJT DERIVATIONS
2026-08-14 15:23:03 +0200: Memory Usage (488316K) : Starting NPN-BJT DERIVATIONS
2026-08-14 15:23:03 +0200: Memory Usage (488316K) : Starting PNP-BJT DERIVATIONS
2026-08-14 15:23:03 +0200: Memory Usage (488316K) : Starting DIODE DERIVATIONS
2026-08-14 15:23:03 +0200: Memory Usage (488316K) : Starting RESISTOR DERIVATIONS
2026-08-14 15:23:03 +0200: Memory Usage (488572K) : Starting CAP DERIVATIONS
2026-08-14 15:23:03 +0200: Memory Usage (488572K) : Starting CAP_MFRINGE DERIVATIONS
2026-08-14 15:23:03 +0200: Memory Usage (488572K) : Starting ESD DERIVATIONS
2026-08-14 15:23:04 +0200: Memory Usage (491004K) : Starting Inductor DERIVATIONS
2026-08-14 15:23:04 +0200: Memory Usage (491004K) : Starting Taps DERIVATIONS
2026-08-14 15:23:04 +0200: Memory Usage (491004K) : Starting SG13G2 LVS connectivity setup
2026-08-14 15:23:04 +0200: Memory Usage (491004K) : Starting SG13G2 LVS connectivity setup (Inter-layer)
2026-08-14 15:23:04 +0200: Memory Usage (491132K) : Starting SG13G2 LVS connectivity setup (Global)
2026-08-14 15:23:04 +0200: Memory Usage (491132K) : Starting LVS MOSFET CONNECTIONS
2026-08-14 15:23:04 +0200: Memory Usage (491132K) : Starting LVS RF-MOSFET CONNECTIONS
2026-08-14 15:23:04 +0200: Memory Usage (491132K) : Starting LVS BJT CONNECTIONS
2026-08-14 15:23:04 +0200: Memory Usage (491132K) : Starting LVS DIODE CONNECTIONS
2026-08-14 15:23:04 +0200: Memory Usage (491132K) : Starting RESISTOR CONNECTIONS
2026-08-14 15:23:04 +0200: Memory Usage (491132K) : Starting LVS CAP CONNECTIONS
2026-08-14 15:23:04 +0200: Memory Usage (491132K) : Starting ESD CONNECTIONS
2026-08-14 15:23:04 +0200: Memory Usage (491132K) : Starting Inductor CONNECTIONS
2026-08-14 15:23:04 +0200: Memory Usage (491132K) : Starting LVS Taps CONNECTIONS
2026-08-14 15:23:04 +0200: Memory Usage (491132K) : Starting CAP_MFRINGE CONNECTIONS
2026-08-14 15:23:04 +0200: Memory Usage (491132K) : Starting SG13CMOS5L LVS DEVICES EXTRACTION
2026-08-14 15:23:04 +0200: Memory Usage (491132K) : Starting MOSFET EXTRACTION
2026-08-14 15:23:04 +0200: Memory Usage (491132K) : Starting NMOS EXTRACTION
2026-08-14 15:23:04 +0200: Memory Usage (491132K) : Extraction of NMOS-LV transistor
2026-08-14 15:23:04 +0200: Memory Usage (491132K) : Extraction of NMOS-HV transistor
2026-08-14 15:23:04 +0200: Memory Usage (491132K) : Starting PMOS EXTRACTION
2026-08-14 15:23:04 +0200: Memory Usage (491132K) : Extraction of PMOS-LV transistor
2026-08-14 15:23:04 +0200: Memory Usage (491132K) : Extraction of PMOS-HV transistor
2026-08-14 15:23:04 +0200: Memory Usage (491132K) : Starting RF-MOSFET EXTRACTION
2026-08-14 15:23:04 +0200: Memory Usage (491132K) : Extraction of RF-NMOS-LV transistor
2026-08-14 15:23:04 +0200: Memory Usage (491132K) : Extraction of RF-NMOS-HV transistor
2026-08-14 15:23:04 +0200: Memory Usage (491132K) : Extraction of RF-PMOS-LV transistor
2026-08-14 15:23:04 +0200: Memory Usage (491132K) : Extraction of RF-PMOS-HV transistor
2026-08-14 15:23:04 +0200: Memory Usage (491132K) : Starting BJT EXTRACTION
2026-08-14 15:23:04 +0200: Memory Usage (491132K) : Starting NPN-BJT EXTRACTION
2026-08-14 15:23:04 +0200: Memory Usage (491132K) : Extraction of npn13G2 BJT transistor
2026-08-14 15:23:04 +0200: Memory Usage (491132K) : Extraction of npn13G2L BJT transistor
2026-08-14 15:23:04 +0200: Memory Usage (491132K) : Extraction of npn13G2V BJT transistor
2026-08-14 15:23:04 +0200: Memory Usage (491132K) : Starting PNP-BJT EXTRACTION
2026-08-14 15:23:04 +0200: Memory Usage (491132K) : Extracting pnpMPA BJT
2026-08-14 15:23:04 +0200: Memory Usage (491132K) : Starting DIODE EXTRACTION
2026-08-14 15:23:04 +0200: Memory Usage (491132K) : Extracting dantenna diode
2026-08-14 15:23:04 +0200: Memory Usage (491132K) : Extracting dpantenna diode
2026-08-14 15:23:04 +0200: Memory Usage (491132K) : Extracting schottky_nbl1 diode
2026-08-14 15:23:04 +0200: Memory Usage (491132K) : Extracting isolbox diode
2026-08-14 15:23:04 +0200: Memory Usage (491132K) : Starting RESISTOR EXTRACTION
2026-08-14 15:23:04 +0200: Memory Usage (491132K) : Extracting rsil resistor
2026-08-14 15:23:04 +0200: Memory Usage (491132K) : Extracting rppd resistor
2026-08-14 15:23:04 +0200: Memory Usage (491260K) : Extracting rhigh resistor
2026-08-14 15:23:04 +0200: Memory Usage (491260K) : Extracting res_metal1 resistor
2026-08-14 15:23:04 +0200: Memory Usage (491260K) : Extracting res_metal2 resistor
2026-08-14 15:23:04 +0200: Memory Usage (491260K) : Extracting res_metal3 resistor
2026-08-14 15:23:04 +0200: Memory Usage (491260K) : Extracting res_metal4 resistor
2026-08-14 15:23:04 +0200: Memory Usage (491260K) : Extracting res_metal5 resistor
2026-08-14 15:23:04 +0200: Memory Usage (491260K) : Extracting res_topmetal1 resistor
2026-08-14 15:23:04 +0200: Memory Usage (491260K) : Extracting res_topmetal2 resistor
2026-08-14 15:23:04 +0200: Memory Usage (491260K) : Starting CAP EXTRACTION
2026-08-14 15:23:04 +0200: Memory Usage (491260K) : Extracting cap_cmim device
2026-08-14 15:23:04 +0200: Memory Usage (491260K) : Extracting rfcmim device
2026-08-14 15:23:04 +0200: Memory Usage (491260K) : Extracting sg13_hv_svaricap varactor
2026-08-14 15:23:04 +0200: Memory Usage (491260K) : Extracting cap_mfringe device
2026-08-14 15:23:04 +0200: Memory Usage (491260K) : Starting ESD EXTRACTION
2026-08-14 15:23:04 +0200: Memory Usage (491260K) : Extracting diodevdd_2kv ESD device
2026-08-14 15:23:04 +0200: Memory Usage (491260K) : Extracting diodevdd_4kv ESD device
2026-08-14 15:23:04 +0200: Memory Usage (491260K) : Extracting diodevss_2kv ESD device
2026-08-14 15:23:04 +0200: Memory Usage (491260K) : Extracting diodevss_4kv ESD device
2026-08-14 15:23:04 +0200: Memory Usage (491260K) : Extracting idiodevdd_2kv ESD device
2026-08-14 15:23:04 +0200: Memory Usage (491260K) : Extracting idiodevdd_4kv ESD device
2026-08-14 15:23:04 +0200: Memory Usage (491260K) : Extracting idiodevss_2kv ESD device
2026-08-14 15:23:04 +0200: Memory Usage (491260K) : Extracting idiodevss_4kv ESD device
2026-08-14 15:23:04 +0200: Memory Usage (491260K) : Extracting nmoscl_2 ESD device
2026-08-14 15:23:04 +0200: Memory Usage (491260K) : Extracting nmoscl_4 ESD device
2026-08-14 15:23:04 +0200: Memory Usage (491260K) : Starting Inductor EXTRACTION
2026-08-14 15:23:04 +0200: Memory Usage (491260K) : Extracting Inductor2 device
2026-08-14 15:23:04 +0200: Memory Usage (491260K) : Extracting Inductor3 device
2026-08-14 15:23:04 +0200: Memory Usage (491260K) : Starting Taps EXTRACTION
2026-08-14 15:23:04 +0200: Memory Usage (491260K) : DISABLE_TAP_EXTRACTION is enabled: skipping ntap1/ptap1 device extraction.
2026-08-14 15:23:04 +0200: Memory Usage (491260K) : Starting SG13CMOS5L LVS RF MOS Model Mapping
2026-08-14 15:23:04 +0200: Memory Usage (491388K) : [layout_netlist] Apply RF MOS model mapping and rfmode parameter.
2026-08-14 15:23:04 +0200: Memory Usage (491388K) : Starting SG13CMOS5L LVS Options Preparations
2026-08-14 15:23:04 +0200: Memory Usage (491388K) : SG13CMOS5L LVS flow: extraction -> alignment -> option preparation -> comparison.
2026-08-14 15:23:04 +0200: Memory Usage (491388K) : Starting SG13CMOS5L LVS Alignment
2026-08-14 15:23:04 +0200: Memory Usage (491516K) : Starting SG13CMOS5L LVS Simplification
2026-08-14 15:23:04 +0200: Memory Usage (491516K) : [layout_netlist] simplify: ENABLED
2026-08-14 15:23:04 +0200: Memory Usage (491516K) : [layout_netlist] make_top_level_pins: SKIPPED
2026-08-14 15:23:04 +0200: Memory Usage (491516K) : [layout_netlist] combine_devices: SKIPPED
2026-08-14 15:23:04 +0200: Memory Usage (491516K) : [layout_netlist] purge: SKIPPED
2026-08-14 15:23:04 +0200: Memory Usage (491516K) : [layout_netlist] purge_nets: SKIPPED
2026-08-14 15:23:04 +0200: Memory Usage (491516K) : [schematic_netlist] simplify: ENABLED
2026-08-14 15:23:04 +0200: Memory Usage (491516K) : [schematic_netlist] make_top_level_pins: SKIPPED
2026-08-14 15:23:04 +0200: Memory Usage (491516K) : [schematic_netlist] combine_devices: SKIPPED
2026-08-14 15:23:04 +0200: Memory Usage (491516K) : [schematic_netlist] purge: SKIPPED
2026-08-14 15:23:04 +0200: Memory Usage (491516K) : [schematic_netlist] purge_nets: SKIPPED
2026-08-14 15:23:04 +0200: Memory Usage (491516K) : Starting SG13CMOS5L LVS Comparison in strict port mode.
2026-08-14 15:23:04 +0200: Memory Usage (491516K) : flag_missing_ports enabled: missing/mislabeled top-level ports are treated as errors.
2026-08-14 15:23:04 +0200: Memory Usage (491644K) : ==========================================
2026-08-14 15:23:04 +0200: Memory Usage (491644K) : INFO : Congratulations! Netlists match.
2026-08-14 15:23:04 +0200: Memory Usage (491644K) : ==========================================
2026-08-14 15:23:04 +0200: Memory Usage (491644K) : LVS Total Run time 1.324687 seconds
2026-08-14 15:26:00 +0200: Memory Usage (456932K) : Starting running SG13CMOS5L Klayout LVS runset on /foss/designs/CHIP-PLL/layout/CP/charge_pump/charge_pump_cell_next.gds
2026-08-14 15:26:00 +0200: Memory Usage (456932K) : Ruby Version for klayout: 3.2.3
2026-08-14 15:26:00 +0200: Memory Usage (458408K) : Loading database to memory is complete.
2026-08-14 15:26:00 +0200: Memory Usage (458408K) : SG13CMOS5L Klayout LVS runset output at: /foss/designs/CHIP-PLL/layout/CP/lvs/charge_pump_cell_next.lvsdb
2026-08-14 15:26:00 +0200: Memory Usage (458408K) : Evaluate switches.
2026-08-14 15:26:00 +0200: Memory Usage (458408K) : Extracted netlist with net names: true
2026-08-14 15:26:00 +0200: Memory Usage (458408K) : Extracted netlist with comments in details: false
2026-08-14 15:26:00 +0200: Memory Usage (458408K) : Selected NET_ONLY option: false
2026-08-14 15:26:00 +0200: Memory Usage (458408K) : Selected LAYOUT_NETLIST option: (none)
2026-08-14 15:26:00 +0200: Memory Usage (458408K) : Selected IGNORE_TOP_PORTS_MISMATCH option: 
2026-08-14 15:26:00 +0200: Memory Usage (458408K) : Selected IMPLICIT_NETS option: (none)
2026-08-14 15:26:00 +0200: Memory Usage (458408K) : Selected TOP_LVL_PINS option: false
2026-08-14 15:26:00 +0200: Memory Usage (458408K) : Selected COMBINE DEVICES option: false
2026-08-14 15:26:00 +0200: Memory Usage (458408K) : Selected PURGE option: false
2026-08-14 15:26:00 +0200: Memory Usage (458408K) : Selected PURGE_NETS option: false
2026-08-14 15:26:00 +0200: Memory Usage (458408K) : Selected SIMPLIFY option: true
2026-08-14 15:26:00 +0200: Memory Usage (458408K) : Selected SERIES_RES option: true
2026-08-14 15:26:00 +0200: Memory Usage (458408K) : Selected PARALLEL_RES option: true
2026-08-14 15:26:00 +0200: Memory Usage (458408K) : Selected DISABLE_TAP_EXTRACTION option: true
2026-08-14 15:26:00 +0200: Memory Usage (458408K) : deep  mode is enabled.
2026-08-14 15:26:00 +0200: Memory Usage (458792K) : Netlist file: /foss/designs/CHIP-PLL/layout/CP/netlists/charge_pump_cell.spice
2026-08-14 15:26:00 +0200: Memory Usage (458792K) : LVS extracted netlist at: /foss/designs/CHIP-PLL/layout/CP/lvs/charge_pump_cell_next_extracted.cir
2026-08-14 15:26:00 +0200: Memory Usage (458792K) : Applying SRAM integration support.
2026-08-14 15:26:00 +0200: Memory Usage (458792K) : Starting SG13CMOS5L LVS runset
2026-08-14 15:26:00 +0200: Memory Usage (458792K) : Read in polygons from layers.
2026-08-14 15:26:00 +0200: Memory Usage (459884K) : activ_drw has 123 polygons
2026-08-14 15:26:00 +0200: Memory Usage (459884K) : activ_filler has 0 polygons
2026-08-14 15:26:00 +0200: Memory Usage (460012K) : activ has 123 polygons
2026-08-14 15:26:00 +0200: Memory Usage (460012K) : activ_pin has 0 polygons
2026-08-14 15:26:00 +0200: Memory Usage (460012K) : activ_mask has 0 polygons
2026-08-14 15:26:00 +0200: Memory Usage (460012K) : activ_nofill has 0 polygons
2026-08-14 15:26:00 +0200: Memory Usage (460140K) : activ_OPC has 0 polygons
2026-08-14 15:26:00 +0200: Memory Usage (460140K) : activ_iOPC has 0 polygons
2026-08-14 15:26:00 +0200: Memory Usage (460140K) : activ_noqrc has 0 polygons
2026-08-14 15:26:00 +0200: Memory Usage (460140K) : biwind_drw has 0 polygons
2026-08-14 15:26:00 +0200: Memory Usage (460140K) : biwind_OPC has 0 polygons
2026-08-14 15:26:00 +0200: Memory Usage (460284K) : gatpoly_drw has 127 polygons
2026-08-14 15:26:00 +0200: Memory Usage (460284K) : gatpoly_filler has 0 polygons
2026-08-14 15:26:00 +0200: Memory Usage (460284K) : gatpoly has 127 polygons
2026-08-14 15:26:00 +0200: Memory Usage (460412K) : gatpoly_pin has 29 polygons
2026-08-14 15:26:00 +0200: Memory Usage (460412K) : gatpoly_nofill has 0 polygons
2026-08-14 15:26:00 +0200: Memory Usage (460412K) : gatpoly_OPC has 0 polygons
2026-08-14 15:26:00 +0200: Memory Usage (460412K) : gatpoly_iOPC has 0 polygons
2026-08-14 15:26:00 +0200: Memory Usage (460412K) : gatpoly_noqrc has 0 polygons
2026-08-14 15:26:00 +0200: Memory Usage (460540K) : cont_drw has 576 polygons
2026-08-14 15:26:00 +0200: Memory Usage (460540K) : cont_OPC has 0 polygons
2026-08-14 15:26:00 +0200: Memory Usage (460668K) : nsd_drw has 0 polygons
2026-08-14 15:26:00 +0200: Memory Usage (460668K) : nsd_block has 0 polygons
2026-08-14 15:26:00 +0200: Memory Usage (460924K) : metal1_drw has 382 polygons
2026-08-14 15:26:00 +0200: Memory Usage (461308K) : metal1_filler has 0 polygons
2026-08-14 15:26:00 +0200: Memory Usage (461308K) : metal1_slit has 0 polygons
2026-08-14 15:26:00 +0200: Memory Usage (461436K) : metal1 has 382 polygons
2026-08-14 15:26:00 +0200: Memory Usage (461436K) : metal1_pin has 74 polygons
2026-08-14 15:26:00 +0200: Memory Usage (461436K) : metal1_mask has 0 polygons
2026-08-14 15:26:00 +0200: Memory Usage (461436K) : metal1_nofill has 0 polygons
2026-08-14 15:26:00 +0200: Memory Usage (461868K) : metal1_text has 8 polygons
2026-08-14 15:26:00 +0200: Memory Usage (461868K) : metal1_OPC has 0 polygons
2026-08-14 15:26:00 +0200: Memory Usage (461996K) : metal1_noqrc has 0 polygons
2026-08-14 15:26:00 +0200: Memory Usage (461996K) : metal1_res has 0 polygons
2026-08-14 15:26:00 +0200: Memory Usage (462124K) : metal1_iprobe has 0 polygons
2026-08-14 15:26:00 +0200: Memory Usage (462124K) : metal1_diffprb has 0 polygons
2026-08-14 15:26:00 +0200: Memory Usage (462252K) : passiv_drw has 0 polygons
2026-08-14 15:26:00 +0200: Memory Usage (462252K) : passiv_pin has 0 polygons
2026-08-14 15:26:00 +0200: Memory Usage (462380K) : passiv_sbump has 0 polygons
2026-08-14 15:26:00 +0200: Memory Usage (462508K) : passiv_pillar has 0 polygons
2026-08-14 15:26:00 +0200: Memory Usage (462508K) : passiv_pdl has 0 polygons
2026-08-14 15:26:00 +0200: Memory Usage (462636K) : metal2_drw has 147 polygons
2026-08-14 15:26:00 +0200: Memory Usage (462764K) : metal2_filler has 0 polygons
2026-08-14 15:26:00 +0200: Memory Usage (462764K) : metal2_slit has 0 polygons
2026-08-14 15:26:00 +0200: Memory Usage (462892K) : metal2 has 147 polygons
2026-08-14 15:26:00 +0200: Memory Usage (463020K) : metal2_pin has 6 polygons
2026-08-14 15:26:00 +0200: Memory Usage (463020K) : metal2_mask has 0 polygons
2026-08-14 15:26:00 +0200: Memory Usage (463148K) : metal2_nofill has 0 polygons
2026-08-14 15:26:00 +0200: Memory Usage (463148K) : metal2_text has 6 polygons
2026-08-14 15:26:00 +0200: Memory Usage (463276K) : metal2_OPC has 0 polygons
2026-08-14 15:26:00 +0200: Memory Usage (463276K) : metal2_noqrc has 0 polygons
2026-08-14 15:26:00 +0200: Memory Usage (463404K) : metal2_res has 0 polygons
2026-08-14 15:26:00 +0200: Memory Usage (463404K) : metal2_iprobe has 0 polygons
2026-08-14 15:26:00 +0200: Memory Usage (463532K) : metal2_diffprb has 0 polygons
2026-08-14 15:26:00 +0200: Memory Usage (463532K) : baspoly_drw has 0 polygons
2026-08-14 15:26:00 +0200: Memory Usage (463660K) : baspoly_pin has 0 polygons
2026-08-14 15:26:00 +0200: Memory Usage (463788K) : psd_drw has 26 polygons
2026-08-14 15:26:00 +0200: Memory Usage (463788K) : nldb_drw has 0 polygons
2026-08-14 15:26:00 +0200: Memory Usage (463916K) : digibnd_drw has 0 polygons
2026-08-14 15:26:00 +0200: Memory Usage (463916K) : via1_drw has 66 polygons
2026-08-14 15:26:00 +0200: Memory Usage (464044K) : backmetal1_drw has 0 polygons
2026-08-14 15:26:00 +0200: Memory Usage (464044K) : backmetal1_pin has 0 polygons
2026-08-14 15:26:00 +0200: Memory Usage (464300K) : backmetal1_mask has 0 polygons
2026-08-14 15:26:00 +0200: Memory Usage (464300K) : backmetal1_filler has 0 polygons
2026-08-14 15:26:00 +0200: Memory Usage (464428K) : backmetal1_nofill has 0 polygons
2026-08-14 15:26:00 +0200: Memory Usage (464556K) : backmetal1_slit has 0 polygons
2026-08-14 15:26:00 +0200: Memory Usage (464556K) : backmetal1_text has 0 polygons
2026-08-14 15:26:00 +0200: Memory Usage (464684K) : backmetal1_OPC has 0 polygons
2026-08-14 15:26:00 +0200: Memory Usage (464684K) : backmetal1_noqrc has 0 polygons
2026-08-14 15:26:00 +0200: Memory Usage (464812K) : backmetal1_res has 0 polygons
2026-08-14 15:26:00 +0200: Memory Usage (464812K) : backmetal1_iprobe has 0 polygons
2026-08-14 15:26:00 +0200: Memory Usage (464940K) : backmetal1_diffprb has 0 polygons
2026-08-14 15:26:00 +0200: Memory Usage (464940K) : backpassiv_drw has 0 polygons
2026-08-14 15:26:00 +0200: Memory Usage (465068K) : res_drw has 0 polygons
2026-08-14 15:26:00 +0200: Memory Usage (465196K) : sram_drw has 0 polygons
2026-08-14 15:26:00 +0200: Memory Usage (465196K) : trans_drw has 0 polygons
2026-08-14 15:26:00 +0200: Memory Usage (465324K) : ind_drw has 0 polygons
2026-08-14 15:26:00 +0200: Memory Usage (465324K) : ind_pin has 0 polygons
2026-08-14 15:26:00 +0200: Memory Usage (465452K) : ind_text has 0 polygons
2026-08-14 15:26:00 +0200: Memory Usage (465452K) : salblock_drw has 3 polygons
2026-08-14 15:26:00 +0200: Memory Usage (465580K) : via2_drw has 24 polygons
2026-08-14 15:26:00 +0200: Memory Usage (465708K) : metal3_drw has 45 polygons
2026-08-14 15:26:00 +0200: Memory Usage (465708K) : metal3_filler has 0 polygons
2026-08-14 15:26:00 +0200: Memory Usage (465836K) : metal3_slit has 0 polygons
2026-08-14 15:26:00 +0200: Memory Usage (465836K) : metal3 has 45 polygons
2026-08-14 15:26:00 +0200: Memory Usage (465836K) : metal3_pin has 0 polygons
2026-08-14 15:26:00 +0200: Memory Usage (465964K) : metal3_mask has 0 polygons
2026-08-14 15:26:00 +0200: Memory Usage (465964K) : metal3_nofill has 0 polygons
2026-08-14 15:26:00 +0200: Memory Usage (465964K) : metal3_text has 0 polygons
2026-08-14 15:26:00 +0200: Memory Usage (466092K) : metal3_OPC has 0 polygons
2026-08-14 15:26:00 +0200: Memory Usage (466092K) : metal3_noqrc has 0 polygons
2026-08-14 15:26:00 +0200: Memory Usage (466092K) : metal3_res has 0 polygons
2026-08-14 15:26:00 +0200: Memory Usage (466220K) : metal3_iprobe has 0 polygons
2026-08-14 15:26:00 +0200: Memory Usage (466220K) : metal3_diffprb has 0 polygons
2026-08-14 15:26:00 +0200: Memory Usage (466220K) : nwell_drw has 27 polygons
2026-08-14 15:26:00 +0200: Memory Usage (466220K) : nwell_pin has 4 polygons
2026-08-14 15:26:00 +0200: Memory Usage (466348K) : nwell_text has 0 polygons
2026-08-14 15:26:00 +0200: Memory Usage (466348K) : nbulay_drw has 0 polygons
2026-08-14 15:26:00 +0200: Memory Usage (466476K) : nbulay_pin has 0 polygons
2026-08-14 15:26:00 +0200: Memory Usage (466476K) : nbulay_block has 0 polygons
2026-08-14 15:26:00 +0200: Memory Usage (466604K) : emwind_drw has 0 polygons
2026-08-14 15:26:00 +0200: Memory Usage (466604K) : emwind_OPC has 0 polygons
2026-08-14 15:26:00 +0200: Memory Usage (466732K) : deepco_drw has 0 polygons
2026-08-14 15:26:00 +0200: Memory Usage (466732K) : mim_drw has 0 polygons
2026-08-14 15:26:00 +0200: Memory Usage (466860K) : edgeseal_drw has 0 polygons
2026-08-14 15:26:00 +0200: Memory Usage (466988K) : substrate_drw has 17 polygons
2026-08-14 15:26:00 +0200: Memory Usage (466988K) : substrate_text has 0 polygons
2026-08-14 15:26:00 +0200: Memory Usage (467116K) : dfpad_drw has 0 polygons
2026-08-14 15:26:00 +0200: Memory Usage (467116K) : dfpad_pillar has 0 polygons
2026-08-14 15:26:00 +0200: Memory Usage (467244K) : dfpad_sbump has 0 polygons
2026-08-14 15:26:00 +0200: Memory Usage (467244K) : thickgateox_drw has 0 polygons
2026-08-14 15:26:00 +0200: Memory Usage (467372K) : pldb_drw has 0 polygons
2026-08-14 15:26:00 +0200: Memory Usage (467372K) : pwell_drw has 0 polygons
2026-08-14 15:26:00 +0200: Memory Usage (467500K) : pwell_pin has 0 polygons
2026-08-14 15:26:00 +0200: Memory Usage (467500K) : pwell_block has 0 polygons
2026-08-14 15:26:00 +0200: Memory Usage (467628K) : ic_drw has 0 polygons
2026-08-14 15:26:00 +0200: Memory Usage (467628K) : via3_drw has 0 polygons
2026-08-14 15:26:00 +0200: Memory Usage (467756K) : metal4_drw has 0 polygons
2026-08-14 15:26:00 +0200: Memory Usage (467884K) : metal4_filler has 0 polygons
2026-08-14 15:26:00 +0200: Memory Usage (467884K) : metal4_slit has 0 polygons
2026-08-14 15:26:00 +0200: Memory Usage (468012K) : metal4 has 0 polygons
2026-08-14 15:26:00 +0200: Memory Usage (468140K) : metal4_pin has 0 polygons
2026-08-14 15:26:00 +0200: Memory Usage (468140K) : metal4_mask has 0 polygons
2026-08-14 15:26:00 +0200: Memory Usage (468268K) : metal4_nofill has 0 polygons
2026-08-14 15:26:00 +0200: Memory Usage (468268K) : metal4_text has 0 polygons
2026-08-14 15:26:00 +0200: Memory Usage (468268K) : metal4_OPC has 0 polygons
2026-08-14 15:26:00 +0200: Memory Usage (468396K) : metal4_noqrc has 0 polygons
2026-08-14 15:26:00 +0200: Memory Usage (468396K) : metal4_res has 0 polygons
2026-08-14 15:26:00 +0200: Memory Usage (468396K) : metal4_iprobe has 0 polygons
2026-08-14 15:26:00 +0200: Memory Usage (468524K) : metal4_diffprb has 0 polygons
2026-08-14 15:26:00 +0200: Memory Usage (468524K) : heattrans_drw has 41 polygons
2026-08-14 15:26:00 +0200: Memory Usage (468652K) : heatres_drw has 3 polygons
2026-08-14 15:26:00 +0200: Memory Usage (468652K) : fbe_drw has 0 polygons
2026-08-14 15:26:00 +0200: Memory Usage (468780K) : empoly_drw has 0 polygons
2026-08-14 15:26:00 +0200: Memory Usage (468780K) : digisub_drw has 0 polygons
2026-08-14 15:26:00 +0200: Memory Usage (468908K) : text_drw has 48 polygons
2026-08-14 15:26:00 +0200: Memory Usage (468908K) : via4_drw has 0 polygons
2026-08-14 15:26:00 +0200: Memory Usage (469036K) : metal5_drw has 0 polygons
2026-08-14 15:26:00 +0200: Memory Usage (469036K) : metal5_filler has 0 polygons
2026-08-14 15:26:00 +0200: Memory Usage (469164K) : metal5_slit has 0 polygons
2026-08-14 15:26:00 +0200: Memory Usage (469292K) : metal5 has 0 polygons
2026-08-14 15:26:00 +0200: Memory Usage (469420K) : metal5_pin has 0 polygons
2026-08-14 15:26:00 +0200: Memory Usage (469420K) : metal5_mask has 0 polygons
2026-08-14 15:26:00 +0200: Memory Usage (469548K) : metal5_nofill has 0 polygons
2026-08-14 15:26:00 +0200: Memory Usage (469548K) : metal5_text has 0 polygons
2026-08-14 15:26:00 +0200: Memory Usage (469676K) : metal5_OPC has 0 polygons
2026-08-14 15:26:00 +0200: Memory Usage (469676K) : metal5_noqrc has 0 polygons
2026-08-14 15:26:00 +0200: Memory Usage (469804K) : metal5_res has 0 polygons
2026-08-14 15:26:00 +0200: Memory Usage (469804K) : metal5_iprobe has 0 polygons
2026-08-14 15:26:00 +0200: Memory Usage (469932K) : metal5_diffprb has 0 polygons
2026-08-14 15:26:00 +0200: Memory Usage (469932K) : radhard_drw has 0 polygons
2026-08-14 15:26:00 +0200: Memory Usage (470060K) : memcap_drw has 0 polygons
2026-08-14 15:26:00 +0200: Memory Usage (470188K) : varicap_drw has 0 polygons
2026-08-14 15:26:00 +0200: Memory Usage (470188K) : intbondvia_drw has 0 polygons
2026-08-14 15:26:00 +0200: Memory Usage (470316K) : intbondmet_drw has 0 polygons
2026-08-14 15:26:00 +0200: Memory Usage (470316K) : devbondvia_drw has 0 polygons
2026-08-14 15:26:00 +0200: Memory Usage (470444K) : devbondmet_drw has 0 polygons
2026-08-14 15:26:00 +0200: Memory Usage (470444K) : devtrench_drw has 0 polygons
2026-08-14 15:26:00 +0200: Memory Usage (470444K) : redist_drw has 0 polygons
2026-08-14 15:26:00 +0200: Memory Usage (470572K) : graphbot_drw has 0 polygons
2026-08-14 15:26:00 +0200: Memory Usage (470572K) : graphtop_drw has 0 polygons
2026-08-14 15:26:00 +0200: Memory Usage (470572K) : antvia1_drw has 0 polygons
2026-08-14 15:26:00 +0200: Memory Usage (470700K) : antmetal2_drw has 0 polygons
2026-08-14 15:26:00 +0200: Memory Usage (470700K) : graphcont_drw has 0 polygons
2026-08-14 15:26:00 +0200: Memory Usage (470700K) : siwg_drw has 0 polygons
2026-08-14 15:26:00 +0200: Memory Usage (470828K) : siwg_filler has 0 polygons
2026-08-14 15:26:00 +0200: Memory Usage (470828K) : siwg_nofill has 0 polygons
2026-08-14 15:26:00 +0200: Memory Usage (470956K) : sigrating_drw has 0 polygons
2026-08-14 15:26:00 +0200: Memory Usage (470956K) : singrating_drw has 0 polygons
2026-08-14 15:26:00 +0200: Memory Usage (471084K) : graphpas_drw has 0 polygons
2026-08-14 15:26:00 +0200: Memory Usage (471212K) : emwind3_drw has 0 polygons
2026-08-14 15:26:00 +0200: Memory Usage (471212K) : emwihv3_drw has 0 polygons
2026-08-14 15:26:00 +0200: Memory Usage (471340K) : redbulay_drw has 0 polygons
2026-08-14 15:26:00 +0200: Memory Usage (471340K) : smos_drw has 0 polygons
2026-08-14 15:26:00 +0200: Memory Usage (471468K) : graphpad_drw has 0 polygons
2026-08-14 15:26:00 +0200: Memory Usage (471468K) : polimide_drw has 0 polygons
2026-08-14 15:26:00 +0200: Memory Usage (471596K) : polimide_pin has 0 polygons
2026-08-14 15:26:00 +0200: Memory Usage (471596K) : recog_drw has 0 polygons
2026-08-14 15:26:00 +0200: Memory Usage (471724K) : recog_pin has 0 polygons
2026-08-14 15:26:00 +0200: Memory Usage (471852K) : recog_esd has 0 polygons
2026-08-14 15:26:00 +0200: Memory Usage (471852K) : recog_diode has 0 polygons
2026-08-14 15:26:00 +0200: Memory Usage (471980K) : recog_tsv has 0 polygons
2026-08-14 15:26:00 +0200: Memory Usage (471980K) : recog_iprobe has 0 polygons
2026-08-14 15:26:00 +0200: Memory Usage (472108K) : recog_diffprb has 0 polygons
2026-08-14 15:26:00 +0200: Memory Usage (472108K) : recog_pillar has 0 polygons
2026-08-14 15:26:00 +0200: Memory Usage (472236K) : recog_sbump has 0 polygons
2026-08-14 15:26:00 +0200: Memory Usage (472236K) : recog_otp has 0 polygons
2026-08-14 15:26:00 +0200: Memory Usage (472364K) : recog_pdiode has 0 polygons
2026-08-14 15:26:00 +0200: Memory Usage (472364K) : recog_mom has 0 polygons
2026-08-14 15:26:00 +0200: Memory Usage (472492K) : recog_pcm has 0 polygons
2026-08-14 15:26:00 +0200: Memory Usage (472620K) : colopen_drw has 0 polygons
2026-08-14 15:26:00 +0200: Memory Usage (472620K) : graphmetal1_drw has 0 polygons
2026-08-14 15:26:00 +0200: Memory Usage (472748K) : graphmetal1_filler has 0 polygons
2026-08-14 15:26:00 +0200: Memory Usage (472748K) : graphmetal1_nofill has 0 polygons
2026-08-14 15:26:00 +0200: Memory Usage (472876K) : graphmetal1_slit has 0 polygons
2026-08-14 15:26:00 +0200: Memory Usage (472876K) : graphmetal1_OPC has 0 polygons
2026-08-14 15:26:00 +0200: Memory Usage (473004K) : graphmet1l_drw has 0 polygons
2026-08-14 15:26:00 +0200: Memory Usage (473004K) : graphmet1l_filler has 0 polygons
2026-08-14 15:26:00 +0200: Memory Usage (473132K) : graphmet1l_nofill has 0 polygons
2026-08-14 15:26:00 +0200: Memory Usage (473132K) : graphmet1l_slit has 0 polygons
2026-08-14 15:26:00 +0200: Memory Usage (473132K) : graphmet1l_OPC has 0 polygons
2026-08-14 15:26:00 +0200: Memory Usage (473132K) : extblock_drw has 9 polygons
2026-08-14 15:26:00 +0200: Memory Usage (473132K) : nldd_drw has 0 polygons
2026-08-14 15:26:00 +0200: Memory Usage (473260K) : pldd_drw has 0 polygons
2026-08-14 15:26:00 +0200: Memory Usage (473260K) : next_drw has 0 polygons
2026-08-14 15:26:00 +0200: Memory Usage (473260K) : pext_drw has 0 polygons
2026-08-14 15:26:00 +0200: Memory Usage (473388K) : nexthv_drw has 0 polygons
2026-08-14 15:26:00 +0200: Memory Usage (473388K) : pexthv_drw has 0 polygons
2026-08-14 15:26:00 +0200: Memory Usage (473516K) : graphgate_drw has 0 polygons
2026-08-14 15:26:00 +0200: Memory Usage (473516K) : sinwg_drw has 0 polygons
2026-08-14 15:26:00 +0200: Memory Usage (473644K) : sinwg_filler has 0 polygons
2026-08-14 15:26:00 +0200: Memory Usage (473644K) : sinwg_nofill has 0 polygons
2026-08-14 15:26:00 +0200: Memory Usage (473772K) : mempad_drw has 0 polygons
2026-08-14 15:26:00 +0200: Memory Usage (473772K) : topvia1_drw has 0 polygons
2026-08-14 15:26:00 +0200: Memory Usage (473900K) : topmetal1_drw has 0 polygons
2026-08-14 15:26:00 +0200: Memory Usage (474028K) : topmetal1_filler has 0 polygons
2026-08-14 15:26:00 +0200: Memory Usage (474028K) : topmetal1_slit has 0 polygons
2026-08-14 15:26:00 +0200: Memory Usage (474156K) : topmetal1 has 0 polygons
2026-08-14 15:26:00 +0200: Memory Usage (474284K) : topmetal1_pin has 0 polygons
2026-08-14 15:26:00 +0200: Memory Usage (474284K) : topmetal1_mask has 0 polygons
2026-08-14 15:26:00 +0200: Memory Usage (474412K) : topmetal1_nofill has 0 polygons
2026-08-14 15:26:00 +0200: Memory Usage (474412K) : topmetal1_text has 0 polygons
2026-08-14 15:26:00 +0200: Memory Usage (474540K) : topmetal1_noqrc has 0 polygons
2026-08-14 15:26:00 +0200: Memory Usage (474540K) : topmetal1_res has 0 polygons
2026-08-14 15:26:00 +0200: Memory Usage (474668K) : topmetal1_iprobe has 0 polygons
2026-08-14 15:26:00 +0200: Memory Usage (474668K) : topmetal1_diffprb has 0 polygons
2026-08-14 15:26:00 +0200: Memory Usage (474796K) : inldpwl_drw has 0 polygons
2026-08-14 15:26:00 +0200: Memory Usage (474924K) : polyres_drw has 3 polygons
2026-08-14 15:26:00 +0200: Memory Usage (474924K) : polyres_pin has 0 polygons
2026-08-14 15:26:00 +0200: Memory Usage (475052K) : vmim_drw has 0 polygons
2026-08-14 15:26:00 +0200: Memory Usage (475052K) : nbulaycut_drw has 0 polygons
2026-08-14 15:26:00 +0200: Memory Usage (475180K) : antmetal1_drw has 0 polygons
2026-08-14 15:26:00 +0200: Memory Usage (475180K) : topvia2_drw has 0 polygons
2026-08-14 15:26:00 +0200: Memory Usage (475308K) : topmetal2_drw has 0 polygons
2026-08-14 15:26:00 +0200: Memory Usage (475308K) : topmetal2_filler has 0 polygons
2026-08-14 15:26:00 +0200: Memory Usage (475436K) : topmetal2_slit has 0 polygons
2026-08-14 15:26:00 +0200: Memory Usage (475564K) : topmetal2 has 0 polygons
2026-08-14 15:26:00 +0200: Memory Usage (475564K) : topmetal2_pin has 0 polygons
2026-08-14 15:26:00 +0200: Memory Usage (475692K) : topmetal2_mask has 0 polygons
2026-08-14 15:26:00 +0200: Memory Usage (475692K) : topmetal2_nofill has 0 polygons
2026-08-14 15:26:00 +0200: Memory Usage (475820K) : topmetal2_text has 0 polygons
2026-08-14 15:26:00 +0200: Memory Usage (475820K) : topmetal2_noqrc has 0 polygons
2026-08-14 15:26:00 +0200: Memory Usage (475948K) : topmetal2_res has 0 polygons
2026-08-14 15:26:00 +0200: Memory Usage (476076K) : topmetal2_iprobe has 0 polygons
2026-08-14 15:26:00 +0200: Memory Usage (476076K) : topmetal2_diffprb has 0 polygons
2026-08-14 15:26:00 +0200: Memory Usage (476204K) : snsring_drw has 0 polygons
2026-08-14 15:26:00 +0200: Memory Usage (476204K) : sensor_drw has 0 polygons
2026-08-14 15:26:00 +0200: Memory Usage (476332K) : snsarms_drw has 0 polygons
2026-08-14 15:26:00 +0200: Memory Usage (476332K) : snscmosvia_drw has 0 polygons
2026-08-14 15:26:00 +0200: Memory Usage (476460K) : colwind_drw has 0 polygons
2026-08-14 15:26:00 +0200: Memory Usage (476460K) : flm_drw has 0 polygons
2026-08-14 15:26:00 +0200: Memory Usage (476588K) : hafniumox_drw has 0 polygons
2026-08-14 15:26:00 +0200: Memory Usage (476716K) : memvia_drw has 0 polygons
2026-08-14 15:26:00 +0200: Memory Usage (476716K) : thinfilmres_drw has 0 polygons
2026-08-14 15:26:00 +0200: Memory Usage (476844K) : rfmem_drw has 0 polygons
2026-08-14 15:26:00 +0200: Memory Usage (476844K) : norcx_drw has 0 polygons
2026-08-14 15:26:00 +0200: Memory Usage (476972K) : norcx_m2m3 has 0 polygons
2026-08-14 15:26:00 +0200: Memory Usage (476972K) : norcx_m2m4 has 0 polygons
2026-08-14 15:26:00 +0200: Memory Usage (477100K) : norcx_m2m5 has 0 polygons
2026-08-14 15:26:00 +0200: Memory Usage (477100K) : norcx_m2tm1 has 0 polygons
2026-08-14 15:26:00 +0200: Memory Usage (477228K) : norcx_m2tm2 has 0 polygons
2026-08-14 15:26:00 +0200: Memory Usage (477356K) : norcx_m3m4 has 0 polygons
2026-08-14 15:26:00 +0200: Memory Usage (477356K) : norcx_m3m5 has 0 polygons
2026-08-14 15:26:00 +0200: Memory Usage (477484K) : norcx_m3tm1 has 0 polygons
2026-08-14 15:26:00 +0200: Memory Usage (477484K) : norcx_m3tm2 has 0 polygons
2026-08-14 15:26:00 +0200: Memory Usage (477612K) : norcx_m4m5 has 0 polygons
2026-08-14 15:26:00 +0200: Memory Usage (477612K) : norcx_m4tm1 has 0 polygons
2026-08-14 15:26:00 +0200: Memory Usage (477740K) : norcx_m4tm2 has 0 polygons
2026-08-14 15:26:00 +0200: Memory Usage (477740K) : norcx_m5tm1 has 0 polygons
2026-08-14 15:26:00 +0200: Memory Usage (477868K) : norcx_m5tm2 has 0 polygons
2026-08-14 15:26:00 +0200: Memory Usage (477996K) : norcx_tm1tm2 has 0 polygons
2026-08-14 15:26:00 +0200: Memory Usage (477996K) : norcx_m1sub has 0 polygons
2026-08-14 15:26:00 +0200: Memory Usage (478124K) : norcx_m2sub has 0 polygons
2026-08-14 15:26:00 +0200: Memory Usage (478124K) : norcx_m3sub has 0 polygons
2026-08-14 15:26:00 +0200: Memory Usage (478252K) : norcx_m4sub has 0 polygons
2026-08-14 15:26:00 +0200: Memory Usage (478252K) : norcx_m5sub has 0 polygons
2026-08-14 15:26:00 +0200: Memory Usage (478380K) : norcx_tm1sub has 0 polygons
2026-08-14 15:26:00 +0200: Memory Usage (478380K) : norcx_tm2sub has 0 polygons
2026-08-14 15:26:00 +0200: Memory Usage (478508K) : snsbotvia_drw has 0 polygons
2026-08-14 15:26:00 +0200: Memory Usage (478508K) : snstopvia_drw has 0 polygons
2026-08-14 15:26:00 +0200: Memory Usage (478636K) : deepvia_drw has 0 polygons
2026-08-14 15:26:00 +0200: Memory Usage (478764K) : fgetch_drw has 0 polygons
2026-08-14 15:26:00 +0200: Memory Usage (478764K) : ctrgat_drw has 0 polygons
2026-08-14 15:26:00 +0200: Memory Usage (478892K) : fgimp_drw has 0 polygons
2026-08-14 15:26:00 +0200: Memory Usage (478892K) : emwihv_drw has 0 polygons
2026-08-14 15:26:00 +0200: Memory Usage (479020K) : lbe_drw has 0 polygons
2026-08-14 15:26:00 +0200: Memory Usage (479020K) : alcustop_drw has 0 polygons
2026-08-14 15:26:00 +0200: Memory Usage (479148K) : nometfiller_drw has 0 polygons
2026-08-14 15:26:00 +0200: Memory Usage (479148K) : prboundary_drw has 0 polygons
2026-08-14 15:26:00 +0200: Memory Usage (479276K) : exchange0_drw has 0 polygons
2026-08-14 15:26:00 +0200: Memory Usage (479404K) : exchange0_pin has 0 polygons
2026-08-14 15:26:00 +0200: Memory Usage (479404K) : exchange0_text has 0 polygons
2026-08-14 15:26:00 +0200: Memory Usage (479532K) : exchange1_drw has 0 polygons
2026-08-14 15:26:00 +0200: Memory Usage (479660K) : exchange1_pin has 0 polygons
2026-08-14 15:26:00 +0200: Memory Usage (479660K) : exchange1_text has 0 polygons
2026-08-14 15:26:00 +0200: Memory Usage (479660K) : exchange2_drw has 0 polygons
2026-08-14 15:26:00 +0200: Memory Usage (479660K) : exchange2_pin has 0 polygons
2026-08-14 15:26:00 +0200: Memory Usage (479660K) : exchange2_text has 0 polygons
2026-08-14 15:26:00 +0200: Memory Usage (479660K) : exchange3_drw has 0 polygons
2026-08-14 15:26:00 +0200: Memory Usage (479660K) : exchange3_pin has 0 polygons
2026-08-14 15:26:00 +0200: Memory Usage (479660K) : exchange3_text has 0 polygons
2026-08-14 15:26:00 +0200: Memory Usage (479660K) : exchange4_drw has 0 polygons
2026-08-14 15:26:00 +0200: Memory Usage (479660K) : exchange4_pin has 0 polygons
2026-08-14 15:26:00 +0200: Memory Usage (479660K) : exchange4_text has 0 polygons
2026-08-14 15:26:00 +0200: Memory Usage (479660K) : isonwell_drw has 0 polygons
2026-08-14 15:26:00 +0200: Memory Usage (479660K) : Total no. of polygons in the design is 1794
2026-08-14 15:26:00 +0200: Memory Usage (479660K) : Starting CMOS5L Forbidden Layer Check
2026-08-14 15:26:00 +0200: Memory Usage (480172K) : CMOS5L Forbidden Layer Check: PASSED - No forbidden layers found
2026-08-14 15:26:00 +0200: Memory Usage (480172K) : CMOS5L Forbidden Layer Check: PASSED
2026-08-14 15:26:00 +0200: Memory Usage (480172K) : Starting base layers derivations
2026-08-14 15:26:00 +0200: Memory Usage (480172K) : Starting general LVS derivations
2026-08-14 15:26:01 +0200: Memory Usage (485748K) : Starting MOSFET DERIVATIONS
2026-08-14 15:26:01 +0200: Memory Usage (487924K) : Starting NMOS DERIVATIONS
2026-08-14 15:26:01 +0200: Memory Usage (488052K) : Starting PMOS DERIVATIONS
2026-08-14 15:26:01 +0200: Memory Usage (488052K) : Starting RF-MOSFET DERIVATIONS
2026-08-14 15:26:01 +0200: Memory Usage (488052K) : Starting RF-NMOS DERIVATIONS
2026-08-14 15:26:01 +0200: Memory Usage (488052K) : Starting RF-PMOS DERIVATIONS
2026-08-14 15:26:01 +0200: Memory Usage (488052K) : Starting BJT DERIVATIONS
2026-08-14 15:26:01 +0200: Memory Usage (488052K) : Starting NPN-BJT DERIVATIONS
2026-08-14 15:26:01 +0200: Memory Usage (488180K) : Starting PNP-BJT DERIVATIONS
2026-08-14 15:26:01 +0200: Memory Usage (488180K) : Starting DIODE DERIVATIONS
2026-08-14 15:26:01 +0200: Memory Usage (488180K) : Starting RESISTOR DERIVATIONS
2026-08-14 15:26:01 +0200: Memory Usage (488564K) : Starting CAP DERIVATIONS
2026-08-14 15:26:01 +0200: Memory Usage (488564K) : Starting CAP_MFRINGE DERIVATIONS
2026-08-14 15:26:01 +0200: Memory Usage (488564K) : Starting ESD DERIVATIONS
2026-08-14 15:26:01 +0200: Memory Usage (492020K) : Starting Inductor DERIVATIONS
2026-08-14 15:26:01 +0200: Memory Usage (492276K) : Starting Taps DERIVATIONS
2026-08-14 15:26:01 +0200: Memory Usage (492276K) : Starting SG13G2 LVS connectivity setup
2026-08-14 15:26:01 +0200: Memory Usage (492276K) : Starting SG13G2 LVS connectivity setup (Inter-layer)
2026-08-14 15:26:01 +0200: Memory Usage (492404K) : Starting SG13G2 LVS connectivity setup (Global)
2026-08-14 15:26:01 +0200: Memory Usage (492404K) : Starting LVS MOSFET CONNECTIONS
2026-08-14 15:26:01 +0200: Memory Usage (492404K) : Starting LVS RF-MOSFET CONNECTIONS
2026-08-14 15:26:01 +0200: Memory Usage (492404K) : Starting LVS BJT CONNECTIONS
2026-08-14 15:26:01 +0200: Memory Usage (492404K) : Starting LVS DIODE CONNECTIONS
2026-08-14 15:26:01 +0200: Memory Usage (492404K) : Starting RESISTOR CONNECTIONS
2026-08-14 15:26:01 +0200: Memory Usage (492404K) : Starting LVS CAP CONNECTIONS
2026-08-14 15:26:01 +0200: Memory Usage (492404K) : Starting ESD CONNECTIONS
2026-08-14 15:26:01 +0200: Memory Usage (492404K) : Starting Inductor CONNECTIONS
2026-08-14 15:26:01 +0200: Memory Usage (492404K) : Starting LVS Taps CONNECTIONS
2026-08-14 15:26:01 +0200: Memory Usage (492404K) : Starting CAP_MFRINGE CONNECTIONS
2026-08-14 15:26:01 +0200: Memory Usage (492404K) : Starting SG13CMOS5L LVS DEVICES EXTRACTION
2026-08-14 15:26:01 +0200: Memory Usage (492404K) : Starting MOSFET EXTRACTION
2026-08-14 15:26:01 +0200: Memory Usage (492404K) : Starting NMOS EXTRACTION
2026-08-14 15:26:01 +0200: Memory Usage (492404K) : Extraction of NMOS-LV transistor
2026-08-14 15:26:01 +0200: Memory Usage (492404K) : Extraction of NMOS-HV transistor
2026-08-14 15:26:01 +0200: Memory Usage (492404K) : Starting PMOS EXTRACTION
2026-08-14 15:26:01 +0200: Memory Usage (492404K) : Extraction of PMOS-LV transistor
2026-08-14 15:26:01 +0200: Memory Usage (492404K) : Extraction of PMOS-HV transistor
2026-08-14 15:26:01 +0200: Memory Usage (492404K) : Starting RF-MOSFET EXTRACTION
2026-08-14 15:26:01 +0200: Memory Usage (492404K) : Extraction of RF-NMOS-LV transistor
2026-08-14 15:26:01 +0200: Memory Usage (492404K) : Extraction of RF-NMOS-HV transistor
2026-08-14 15:26:01 +0200: Memory Usage (492404K) : Extraction of RF-PMOS-LV transistor
2026-08-14 15:26:01 +0200: Memory Usage (492404K) : Extraction of RF-PMOS-HV transistor
2026-08-14 15:26:01 +0200: Memory Usage (492404K) : Starting BJT EXTRACTION
2026-08-14 15:26:01 +0200: Memory Usage (492404K) : Starting NPN-BJT EXTRACTION
2026-08-14 15:26:01 +0200: Memory Usage (492404K) : Extraction of npn13G2 BJT transistor
2026-08-14 15:26:01 +0200: Memory Usage (492404K) : Extraction of npn13G2L BJT transistor
2026-08-14 15:26:01 +0200: Memory Usage (492404K) : Extraction of npn13G2V BJT transistor
2026-08-14 15:26:01 +0200: Memory Usage (492404K) : Starting PNP-BJT EXTRACTION
2026-08-14 15:26:01 +0200: Memory Usage (492404K) : Extracting pnpMPA BJT
2026-08-14 15:26:01 +0200: Memory Usage (492404K) : Starting DIODE EXTRACTION
2026-08-14 15:26:01 +0200: Memory Usage (492404K) : Extracting dantenna diode
2026-08-14 15:26:01 +0200: Memory Usage (492404K) : Extracting dpantenna diode
2026-08-14 15:26:01 +0200: Memory Usage (492404K) : Extracting schottky_nbl1 diode
2026-08-14 15:26:01 +0200: Memory Usage (492404K) : Extracting isolbox diode
2026-08-14 15:26:01 +0200: Memory Usage (492404K) : Starting RESISTOR EXTRACTION
2026-08-14 15:26:01 +0200: Memory Usage (492404K) : Extracting rsil resistor
2026-08-14 15:26:01 +0200: Memory Usage (492404K) : Extracting rppd resistor
2026-08-14 15:26:01 +0200: Memory Usage (492720K) : Extracting rhigh resistor
2026-08-14 15:26:01 +0200: Memory Usage (492720K) : Extracting res_metal1 resistor
2026-08-14 15:26:01 +0200: Memory Usage (492720K) : Extracting res_metal2 resistor
2026-08-14 15:26:01 +0200: Memory Usage (492720K) : Extracting res_metal3 resistor
2026-08-14 15:26:01 +0200: Memory Usage (492720K) : Extracting res_metal4 resistor
2026-08-14 15:26:01 +0200: Memory Usage (492720K) : Extracting res_metal5 resistor
2026-08-14 15:26:01 +0200: Memory Usage (492720K) : Extracting res_topmetal1 resistor
2026-08-14 15:26:01 +0200: Memory Usage (492720K) : Extracting res_topmetal2 resistor
2026-08-14 15:26:01 +0200: Memory Usage (492720K) : Starting CAP EXTRACTION
2026-08-14 15:26:01 +0200: Memory Usage (492720K) : Extracting cap_cmim device
2026-08-14 15:26:01 +0200: Memory Usage (492720K) : Extracting rfcmim device
2026-08-14 15:26:01 +0200: Memory Usage (492720K) : Extracting sg13_hv_svaricap varactor
2026-08-14 15:26:01 +0200: Memory Usage (492720K) : Extracting cap_mfringe device
2026-08-14 15:26:01 +0200: Memory Usage (492720K) : Starting ESD EXTRACTION
2026-08-14 15:26:01 +0200: Memory Usage (492720K) : Extracting diodevdd_2kv ESD device
2026-08-14 15:26:01 +0200: Memory Usage (492720K) : Extracting diodevdd_4kv ESD device
2026-08-14 15:26:01 +0200: Memory Usage (492720K) : Extracting diodevss_2kv ESD device
2026-08-14 15:26:01 +0200: Memory Usage (492720K) : Extracting diodevss_4kv ESD device
2026-08-14 15:26:02 +0200: Memory Usage (492720K) : Extracting idiodevdd_2kv ESD device
2026-08-14 15:26:02 +0200: Memory Usage (492720K) : Extracting idiodevdd_4kv ESD device
2026-08-14 15:26:02 +0200: Memory Usage (492720K) : Extracting idiodevss_2kv ESD device
2026-08-14 15:26:02 +0200: Memory Usage (492720K) : Extracting idiodevss_4kv ESD device
2026-08-14 15:26:02 +0200: Memory Usage (492720K) : Extracting nmoscl_2 ESD device
2026-08-14 15:26:02 +0200: Memory Usage (492720K) : Extracting nmoscl_4 ESD device
2026-08-14 15:26:02 +0200: Memory Usage (492720K) : Starting Inductor EXTRACTION
2026-08-14 15:26:02 +0200: Memory Usage (492720K) : Extracting Inductor2 device
2026-08-14 15:26:02 +0200: Memory Usage (492720K) : Extracting Inductor3 device
2026-08-14 15:26:02 +0200: Memory Usage (492720K) : Starting Taps EXTRACTION
2026-08-14 15:26:02 +0200: Memory Usage (492720K) : DISABLE_TAP_EXTRACTION is enabled: skipping ntap1/ptap1 device extraction.
2026-08-14 15:26:02 +0200: Memory Usage (492720K) : Starting SG13CMOS5L LVS RF MOS Model Mapping
2026-08-14 15:26:02 +0200: Memory Usage (492720K) : [layout_netlist] Apply RF MOS model mapping and rfmode parameter.
2026-08-14 15:26:02 +0200: Memory Usage (492720K) : Starting SG13CMOS5L LVS Options Preparations
2026-08-14 15:26:02 +0200: Memory Usage (492720K) : SG13CMOS5L LVS flow: extraction -> alignment -> option preparation -> comparison.
2026-08-14 15:26:02 +0200: Memory Usage (492720K) : Starting SG13CMOS5L LVS Alignment
2026-08-14 15:26:02 +0200: Memory Usage (492848K) : Starting SG13CMOS5L LVS Simplification
2026-08-14 15:26:02 +0200: Memory Usage (492848K) : [layout_netlist] simplify: ENABLED
2026-08-14 15:26:02 +0200: Memory Usage (492848K) : [layout_netlist] make_top_level_pins: SKIPPED
2026-08-14 15:26:02 +0200: Memory Usage (492848K) : [layout_netlist] combine_devices: SKIPPED
2026-08-14 15:26:02 +0200: Memory Usage (492848K) : [layout_netlist] purge: SKIPPED
2026-08-14 15:26:02 +0200: Memory Usage (492848K) : [layout_netlist] purge_nets: SKIPPED
2026-08-14 15:26:02 +0200: Memory Usage (492848K) : [schematic_netlist] simplify: ENABLED
2026-08-14 15:26:02 +0200: Memory Usage (492848K) : [schematic_netlist] make_top_level_pins: SKIPPED
2026-08-14 15:26:02 +0200: Memory Usage (492848K) : [schematic_netlist] combine_devices: SKIPPED
2026-08-14 15:26:02 +0200: Memory Usage (492848K) : [schematic_netlist] purge: SKIPPED
2026-08-14 15:26:02 +0200: Memory Usage (492848K) : [schematic_netlist] purge_nets: SKIPPED
2026-08-14 15:26:02 +0200: Memory Usage (492848K) : Starting SG13CMOS5L LVS Comparison in strict port mode.
2026-08-14 15:26:02 +0200: Memory Usage (492848K) : flag_missing_ports enabled: missing/mislabeled top-level ports are treated as errors.
2026-08-14 15:26:02 +0200: Memory Usage (492848K) : ==========================================
2026-08-14 15:26:02 +0200: Memory Usage (492848K) : INFO : Congratulations! Netlists match.
2026-08-14 15:26:02 +0200: Memory Usage (492848K) : ==========================================
2026-08-14 15:26:02 +0200: Memory Usage (492848K) : LVS Total Run time 1.324603 seconds
2026-08-14 15:27:16 +0200: Memory Usage (457684K) : Starting running SG13CMOS5L Klayout LVS runset on /foss/designs/CHIP-PLL/layout/CP/charge_pump/charge_pump_cell_next.gds
2026-08-14 15:27:16 +0200: Memory Usage (457684K) : Ruby Version for klayout: 3.2.3
2026-08-14 15:27:16 +0200: Memory Usage (459176K) : Loading database to memory is complete.
2026-08-14 15:27:16 +0200: Memory Usage (459176K) : SG13CMOS5L Klayout LVS runset output at: /foss/designs/CHIP-PLL/layout/CP/lvs/charge_pump_cell_next.lvsdb
2026-08-14 15:27:16 +0200: Memory Usage (459176K) : Evaluate switches.
2026-08-14 15:27:16 +0200: Memory Usage (459176K) : Extracted netlist with net names: true
2026-08-14 15:27:16 +0200: Memory Usage (459176K) : Extracted netlist with comments in details: false
2026-08-14 15:27:16 +0200: Memory Usage (459176K) : Selected NET_ONLY option: false
2026-08-14 15:27:16 +0200: Memory Usage (459176K) : Selected LAYOUT_NETLIST option: (none)
2026-08-14 15:27:16 +0200: Memory Usage (459176K) : Selected IGNORE_TOP_PORTS_MISMATCH option: 
2026-08-14 15:27:16 +0200: Memory Usage (459176K) : Selected IMPLICIT_NETS option: (none)
2026-08-14 15:27:16 +0200: Memory Usage (459176K) : Selected TOP_LVL_PINS option: false
2026-08-14 15:27:16 +0200: Memory Usage (459176K) : Selected COMBINE DEVICES option: false
2026-08-14 15:27:16 +0200: Memory Usage (459176K) : Selected PURGE option: false
2026-08-14 15:27:16 +0200: Memory Usage (459176K) : Selected PURGE_NETS option: false
2026-08-14 15:27:16 +0200: Memory Usage (459176K) : Selected SIMPLIFY option: true
2026-08-14 15:27:16 +0200: Memory Usage (459176K) : Selected SERIES_RES option: true
2026-08-14 15:27:16 +0200: Memory Usage (459176K) : Selected PARALLEL_RES option: true
2026-08-14 15:27:16 +0200: Memory Usage (459176K) : Selected DISABLE_TAP_EXTRACTION option: true
2026-08-14 15:27:16 +0200: Memory Usage (459176K) : deep  mode is enabled.
2026-08-14 15:27:16 +0200: Memory Usage (459432K) : Netlist file: /foss/designs/CHIP-PLL/layout/CP/netlists/charge_pump_cell.spice
2026-08-14 15:27:16 +0200: Memory Usage (459432K) : LVS extracted netlist at: /foss/designs/CHIP-PLL/layout/CP/lvs/charge_pump_cell_next_extracted.cir
2026-08-14 15:27:16 +0200: Memory Usage (459432K) : Applying SRAM integration support.
2026-08-14 15:27:16 +0200: Memory Usage (459432K) : Starting SG13CMOS5L LVS runset
2026-08-14 15:27:16 +0200: Memory Usage (459432K) : Read in polygons from layers.
2026-08-14 15:27:16 +0200: Memory Usage (460316K) : activ_drw has 123 polygons
2026-08-14 15:27:16 +0200: Memory Usage (460316K) : activ_filler has 0 polygons
2026-08-14 15:27:16 +0200: Memory Usage (460492K) : activ has 123 polygons
2026-08-14 15:27:16 +0200: Memory Usage (460492K) : activ_pin has 0 polygons
2026-08-14 15:27:16 +0200: Memory Usage (460492K) : activ_mask has 0 polygons
2026-08-14 15:27:16 +0200: Memory Usage (460492K) : activ_nofill has 0 polygons
2026-08-14 15:27:16 +0200: Memory Usage (460492K) : activ_OPC has 0 polygons
2026-08-14 15:27:16 +0200: Memory Usage (460492K) : activ_iOPC has 0 polygons
2026-08-14 15:27:16 +0200: Memory Usage (460492K) : activ_noqrc has 0 polygons
2026-08-14 15:27:16 +0200: Memory Usage (460492K) : biwind_drw has 0 polygons
2026-08-14 15:27:16 +0200: Memory Usage (460492K) : biwind_OPC has 0 polygons
2026-08-14 15:27:16 +0200: Memory Usage (460636K) : gatpoly_drw has 127 polygons
2026-08-14 15:27:16 +0200: Memory Usage (460636K) : gatpoly_filler has 0 polygons
2026-08-14 15:27:16 +0200: Memory Usage (460764K) : gatpoly has 127 polygons
2026-08-14 15:27:16 +0200: Memory Usage (460764K) : gatpoly_pin has 29 polygons
2026-08-14 15:27:16 +0200: Memory Usage (460764K) : gatpoly_nofill has 0 polygons
2026-08-14 15:27:16 +0200: Memory Usage (460764K) : gatpoly_OPC has 0 polygons
2026-08-14 15:27:16 +0200: Memory Usage (460764K) : gatpoly_iOPC has 0 polygons
2026-08-14 15:27:16 +0200: Memory Usage (460892K) : gatpoly_noqrc has 0 polygons
2026-08-14 15:27:16 +0200: Memory Usage (460892K) : cont_drw has 576 polygons
2026-08-14 15:27:16 +0200: Memory Usage (461020K) : cont_OPC has 0 polygons
2026-08-14 15:27:16 +0200: Memory Usage (461020K) : nsd_drw has 0 polygons
2026-08-14 15:27:16 +0200: Memory Usage (461148K) : nsd_block has 0 polygons
2026-08-14 15:27:16 +0200: Memory Usage (461324K) : metal1_drw has 382 polygons
2026-08-14 15:27:16 +0200: Memory Usage (461708K) : metal1_filler has 0 polygons
2026-08-14 15:27:16 +0200: Memory Usage (461836K) : metal1_slit has 0 polygons
2026-08-14 15:27:16 +0200: Memory Usage (461964K) : metal1 has 382 polygons
2026-08-14 15:27:16 +0200: Memory Usage (462092K) : metal1_pin has 74 polygons
2026-08-14 15:27:16 +0200: Memory Usage (462092K) : metal1_mask has 0 polygons
2026-08-14 15:27:16 +0200: Memory Usage (462092K) : metal1_nofill has 0 polygons
2026-08-14 15:27:16 +0200: Memory Usage (462220K) : metal1_text has 8 polygons
2026-08-14 15:27:16 +0200: Memory Usage (462348K) : metal1_OPC has 0 polygons
2026-08-14 15:27:16 +0200: Memory Usage (462348K) : metal1_noqrc has 0 polygons
2026-08-14 15:27:16 +0200: Memory Usage (462476K) : metal1_res has 0 polygons
2026-08-14 15:27:16 +0200: Memory Usage (462476K) : metal1_iprobe has 0 polygons
2026-08-14 15:27:16 +0200: Memory Usage (462604K) : metal1_diffprb has 0 polygons
2026-08-14 15:27:16 +0200: Memory Usage (462604K) : passiv_drw has 0 polygons
2026-08-14 15:27:16 +0200: Memory Usage (462732K) : passiv_pin has 0 polygons
2026-08-14 15:27:16 +0200: Memory Usage (462732K) : passiv_sbump has 0 polygons
2026-08-14 15:27:16 +0200: Memory Usage (462860K) : passiv_pillar has 0 polygons
2026-08-14 15:27:16 +0200: Memory Usage (462988K) : passiv_pdl has 0 polygons
2026-08-14 15:27:16 +0200: Memory Usage (462988K) : metal2_drw has 147 polygons
2026-08-14 15:27:16 +0200: Memory Usage (463116K) : metal2_filler has 0 polygons
2026-08-14 15:27:16 +0200: Memory Usage (463244K) : metal2_slit has 0 polygons
2026-08-14 15:27:16 +0200: Memory Usage (463372K) : metal2 has 147 polygons
2026-08-14 15:27:16 +0200: Memory Usage (463372K) : metal2_pin has 6 polygons
2026-08-14 15:27:16 +0200: Memory Usage (463500K) : metal2_mask has 0 polygons
2026-08-14 15:27:16 +0200: Memory Usage (463628K) : metal2_nofill has 0 polygons
2026-08-14 15:27:16 +0200: Memory Usage (463628K) : metal2_text has 6 polygons
2026-08-14 15:27:16 +0200: Memory Usage (463756K) : metal2_OPC has 0 polygons
2026-08-14 15:27:16 +0200: Memory Usage (463756K) : metal2_noqrc has 0 polygons
2026-08-14 15:27:16 +0200: Memory Usage (463884K) : metal2_res has 0 polygons
2026-08-14 15:27:16 +0200: Memory Usage (463884K) : metal2_iprobe has 0 polygons
2026-08-14 15:27:16 +0200: Memory Usage (464012K) : metal2_diffprb has 0 polygons
2026-08-14 15:27:16 +0200: Memory Usage (464012K) : baspoly_drw has 0 polygons
2026-08-14 15:27:16 +0200: Memory Usage (464140K) : baspoly_pin has 0 polygons
2026-08-14 15:27:16 +0200: Memory Usage (464140K) : psd_drw has 26 polygons
2026-08-14 15:27:16 +0200: Memory Usage (464268K) : nldb_drw has 0 polygons
2026-08-14 15:27:16 +0200: Memory Usage (464396K) : digibnd_drw has 0 polygons
2026-08-14 15:27:16 +0200: Memory Usage (464396K) : via1_drw has 66 polygons
2026-08-14 15:27:16 +0200: Memory Usage (464524K) : backmetal1_drw has 0 polygons
2026-08-14 15:27:16 +0200: Memory Usage (464524K) : backmetal1_pin has 0 polygons
2026-08-14 15:27:16 +0200: Memory Usage (464652K) : backmetal1_mask has 0 polygons
2026-08-14 15:27:16 +0200: Memory Usage (464780K) : backmetal1_filler has 0 polygons
2026-08-14 15:27:16 +0200: Memory Usage (464780K) : backmetal1_nofill has 0 polygons
2026-08-14 15:27:16 +0200: Memory Usage (464908K) : backmetal1_slit has 0 polygons
2026-08-14 15:27:16 +0200: Memory Usage (465036K) : backmetal1_text has 0 polygons
2026-08-14 15:27:16 +0200: Memory Usage (465036K) : backmetal1_OPC has 0 polygons
2026-08-14 15:27:16 +0200: Memory Usage (465164K) : backmetal1_noqrc has 0 polygons
2026-08-14 15:27:16 +0200: Memory Usage (465292K) : backmetal1_res has 0 polygons
2026-08-14 15:27:16 +0200: Memory Usage (465292K) : backmetal1_iprobe has 0 polygons
2026-08-14 15:27:16 +0200: Memory Usage (465420K) : backmetal1_diffprb has 0 polygons
2026-08-14 15:27:16 +0200: Memory Usage (465420K) : backpassiv_drw has 0 polygons
2026-08-14 15:27:16 +0200: Memory Usage (465548K) : res_drw has 0 polygons
2026-08-14 15:27:16 +0200: Memory Usage (465548K) : sram_drw has 0 polygons
2026-08-14 15:27:16 +0200: Memory Usage (465676K) : trans_drw has 0 polygons
2026-08-14 15:27:16 +0200: Memory Usage (465676K) : ind_drw has 0 polygons
2026-08-14 15:27:16 +0200: Memory Usage (465804K) : ind_pin has 0 polygons
2026-08-14 15:27:16 +0200: Memory Usage (465804K) : ind_text has 0 polygons
2026-08-14 15:27:16 +0200: Memory Usage (465932K) : salblock_drw has 3 polygons
2026-08-14 15:27:16 +0200: Memory Usage (466060K) : via2_drw has 24 polygons
2026-08-14 15:27:16 +0200: Memory Usage (466188K) : metal3_drw has 44 polygons
2026-08-14 15:27:16 +0200: Memory Usage (466188K) : metal3_filler has 0 polygons
2026-08-14 15:27:16 +0200: Memory Usage (466316K) : metal3_slit has 0 polygons
2026-08-14 15:27:16 +0200: Memory Usage (466316K) : metal3 has 44 polygons
2026-08-14 15:27:16 +0200: Memory Usage (466316K) : metal3_pin has 0 polygons
2026-08-14 15:27:16 +0200: Memory Usage (466444K) : metal3_mask has 0 polygons
2026-08-14 15:27:16 +0200: Memory Usage (466444K) : metal3_nofill has 0 polygons
2026-08-14 15:27:16 +0200: Memory Usage (466444K) : metal3_text has 0 polygons
2026-08-14 15:27:16 +0200: Memory Usage (466572K) : metal3_OPC has 0 polygons
2026-08-14 15:27:16 +0200: Memory Usage (466572K) : metal3_noqrc has 0 polygons
2026-08-14 15:27:16 +0200: Memory Usage (466572K) : metal3_res has 0 polygons
2026-08-14 15:27:16 +0200: Memory Usage (466700K) : metal3_iprobe has 0 polygons
2026-08-14 15:27:16 +0200: Memory Usage (466700K) : metal3_diffprb has 0 polygons
2026-08-14 15:27:16 +0200: Memory Usage (466700K) : nwell_drw has 27 polygons
2026-08-14 15:27:16 +0200: Memory Usage (466700K) : nwell_pin has 4 polygons
2026-08-14 15:27:16 +0200: Memory Usage (466828K) : nwell_text has 0 polygons
2026-08-14 15:27:16 +0200: Memory Usage (466828K) : nbulay_drw has 0 polygons
2026-08-14 15:27:16 +0200: Memory Usage (466828K) : nbulay_pin has 0 polygons
2026-08-14 15:27:16 +0200: Memory Usage (466956K) : nbulay_block has 0 polygons
2026-08-14 15:27:16 +0200: Memory Usage (467084K) : emwind_drw has 0 polygons
2026-08-14 15:27:16 +0200: Memory Usage (467084K) : emwind_OPC has 0 polygons
2026-08-14 15:27:16 +0200: Memory Usage (467212K) : deepco_drw has 0 polygons
2026-08-14 15:27:16 +0200: Memory Usage (467212K) : mim_drw has 0 polygons
2026-08-14 15:27:16 +0200: Memory Usage (467340K) : edgeseal_drw has 0 polygons
2026-08-14 15:27:16 +0200: Memory Usage (467340K) : substrate_drw has 17 polygons
2026-08-14 15:27:16 +0200: Memory Usage (467468K) : substrate_text has 0 polygons
2026-08-14 15:27:16 +0200: Memory Usage (467468K) : dfpad_drw has 0 polygons
2026-08-14 15:27:16 +0200: Memory Usage (467596K) : dfpad_pillar has 0 polygons
2026-08-14 15:27:16 +0200: Memory Usage (467596K) : dfpad_sbump has 0 polygons
2026-08-14 15:27:16 +0200: Memory Usage (467724K) : thickgateox_drw has 0 polygons
2026-08-14 15:27:16 +0200: Memory Usage (467852K) : pldb_drw has 0 polygons
2026-08-14 15:27:16 +0200: Memory Usage (467852K) : pwell_drw has 0 polygons
2026-08-14 15:27:16 +0200: Memory Usage (467980K) : pwell_pin has 0 polygons
2026-08-14 15:27:16 +0200: Memory Usage (467980K) : pwell_block has 0 polygons
2026-08-14 15:27:16 +0200: Memory Usage (468108K) : ic_drw has 0 polygons
2026-08-14 15:27:16 +0200: Memory Usage (468108K) : via3_drw has 0 polygons
2026-08-14 15:27:16 +0200: Memory Usage (468236K) : metal4_drw has 0 polygons
2026-08-14 15:27:16 +0200: Memory Usage (468236K) : metal4_filler has 0 polygons
2026-08-14 15:27:16 +0200: Memory Usage (468364K) : metal4_slit has 0 polygons
2026-08-14 15:27:16 +0200: Memory Usage (468492K) : metal4 has 0 polygons
2026-08-14 15:27:16 +0200: Memory Usage (468492K) : metal4_pin has 0 polygons
2026-08-14 15:27:16 +0200: Memory Usage (468620K) : metal4_mask has 0 polygons
2026-08-14 15:27:16 +0200: Memory Usage (468748K) : metal4_nofill has 0 polygons
2026-08-14 15:27:16 +0200: Memory Usage (468748K) : metal4_text has 0 polygons
2026-08-14 15:27:16 +0200: Memory Usage (468748K) : metal4_OPC has 0 polygons
2026-08-14 15:27:16 +0200: Memory Usage (468876K) : metal4_noqrc has 0 polygons
2026-08-14 15:27:16 +0200: Memory Usage (468876K) : metal4_res has 0 polygons
2026-08-14 15:27:16 +0200: Memory Usage (468876K) : metal4_iprobe has 0 polygons
2026-08-14 15:27:16 +0200: Memory Usage (469004K) : metal4_diffprb has 0 polygons
2026-08-14 15:27:16 +0200: Memory Usage (469004K) : heattrans_drw has 41 polygons
2026-08-14 15:27:16 +0200: Memory Usage (469004K) : heatres_drw has 3 polygons
2026-08-14 15:27:16 +0200: Memory Usage (469132K) : fbe_drw has 0 polygons
2026-08-14 15:27:16 +0200: Memory Usage (469132K) : empoly_drw has 0 polygons
2026-08-14 15:27:16 +0200: Memory Usage (469260K) : digisub_drw has 0 polygons
2026-08-14 15:27:16 +0200: Memory Usage (469388K) : text_drw has 48 polygons
2026-08-14 15:27:16 +0200: Memory Usage (469388K) : via4_drw has 0 polygons
2026-08-14 15:27:16 +0200: Memory Usage (469516K) : metal5_drw has 0 polygons
2026-08-14 15:27:16 +0200: Memory Usage (469516K) : metal5_filler has 0 polygons
2026-08-14 15:27:16 +0200: Memory Usage (469644K) : metal5_slit has 0 polygons
2026-08-14 15:27:16 +0200: Memory Usage (469772K) : metal5 has 0 polygons
2026-08-14 15:27:16 +0200: Memory Usage (469772K) : metal5_pin has 0 polygons
2026-08-14 15:27:16 +0200: Memory Usage (469900K) : metal5_mask has 0 polygons
2026-08-14 15:27:16 +0200: Memory Usage (469900K) : metal5_nofill has 0 polygons
2026-08-14 15:27:16 +0200: Memory Usage (470028K) : metal5_text has 0 polygons
2026-08-14 15:27:16 +0200: Memory Usage (470028K) : metal5_OPC has 0 polygons
2026-08-14 15:27:16 +0200: Memory Usage (470156K) : metal5_noqrc has 0 polygons
2026-08-14 15:27:16 +0200: Memory Usage (470156K) : metal5_res has 0 polygons
2026-08-14 15:27:16 +0200: Memory Usage (470284K) : metal5_iprobe has 0 polygons
2026-08-14 15:27:16 +0200: Memory Usage (470412K) : metal5_diffprb has 0 polygons
2026-08-14 15:27:16 +0200: Memory Usage (470412K) : radhard_drw has 0 polygons
2026-08-14 15:27:16 +0200: Memory Usage (470540K) : memcap_drw has 0 polygons
2026-08-14 15:27:16 +0200: Memory Usage (470540K) : varicap_drw has 0 polygons
2026-08-14 15:27:16 +0200: Memory Usage (470668K) : intbondvia_drw has 0 polygons
2026-08-14 15:27:16 +0200: Memory Usage (470668K) : intbondmet_drw has 0 polygons
2026-08-14 15:27:16 +0200: Memory Usage (470796K) : devbondvia_drw has 0 polygons
2026-08-14 15:27:16 +0200: Memory Usage (470796K) : devbondmet_drw has 0 polygons
2026-08-14 15:27:16 +0200: Memory Usage (470924K) : devtrench_drw has 0 polygons
2026-08-14 15:27:16 +0200: Memory Usage (471052K) : redist_drw has 0 polygons
2026-08-14 15:27:16 +0200: Memory Usage (471052K) : graphbot_drw has 0 polygons
2026-08-14 15:27:16 +0200: Memory Usage (471052K) : graphtop_drw has 0 polygons
2026-08-14 15:27:16 +0200: Memory Usage (471052K) : antvia1_drw has 0 polygons
2026-08-14 15:27:16 +0200: Memory Usage (471180K) : antmetal2_drw has 0 polygons
2026-08-14 15:27:16 +0200: Memory Usage (471180K) : graphcont_drw has 0 polygons
2026-08-14 15:27:16 +0200: Memory Usage (471180K) : siwg_drw has 0 polygons
2026-08-14 15:27:16 +0200: Memory Usage (471308K) : siwg_filler has 0 polygons
2026-08-14 15:27:16 +0200: Memory Usage (471308K) : siwg_nofill has 0 polygons
2026-08-14 15:27:16 +0200: Memory Usage (471436K) : sigrating_drw has 0 polygons
2026-08-14 15:27:16 +0200: Memory Usage (471436K) : singrating_drw has 0 polygons
2026-08-14 15:27:16 +0200: Memory Usage (471564K) : graphpas_drw has 0 polygons
2026-08-14 15:27:16 +0200: Memory Usage (471564K) : emwind3_drw has 0 polygons
2026-08-14 15:27:16 +0200: Memory Usage (471692K) : emwihv3_drw has 0 polygons
2026-08-14 15:27:16 +0200: Memory Usage (471692K) : redbulay_drw has 0 polygons
2026-08-14 15:27:16 +0200: Memory Usage (471820K) : smos_drw has 0 polygons
2026-08-14 15:27:16 +0200: Memory Usage (471948K) : graphpad_drw has 0 polygons
2026-08-14 15:27:16 +0200: Memory Usage (471948K) : polimide_drw has 0 polygons
2026-08-14 15:27:16 +0200: Memory Usage (472076K) : polimide_pin has 0 polygons
2026-08-14 15:27:16 +0200: Memory Usage (472076K) : recog_drw has 0 polygons
2026-08-14 15:27:16 +0200: Memory Usage (472204K) : recog_pin has 0 polygons
2026-08-14 15:27:16 +0200: Memory Usage (472204K) : recog_esd has 0 polygons
2026-08-14 15:27:16 +0200: Memory Usage (472332K) : recog_diode has 0 polygons
2026-08-14 15:27:16 +0200: Memory Usage (472332K) : recog_tsv has 0 polygons
2026-08-14 15:27:16 +0200: Memory Usage (472460K) : recog_iprobe has 0 polygons
2026-08-14 15:27:16 +0200: Memory Usage (472460K) : recog_diffprb has 0 polygons
2026-08-14 15:27:16 +0200: Memory Usage (472588K) : recog_pillar has 0 polygons
2026-08-14 15:27:16 +0200: Memory Usage (472716K) : recog_sbump has 0 polygons
2026-08-14 15:27:16 +0200: Memory Usage (472716K) : recog_otp has 0 polygons
2026-08-14 15:27:16 +0200: Memory Usage (472844K) : recog_pdiode has 0 polygons
2026-08-14 15:27:16 +0200: Memory Usage (472844K) : recog_mom has 0 polygons
2026-08-14 15:27:16 +0200: Memory Usage (472972K) : recog_pcm has 0 polygons
2026-08-14 15:27:16 +0200: Memory Usage (472972K) : colopen_drw has 0 polygons
2026-08-14 15:27:16 +0200: Memory Usage (473100K) : graphmetal1_drw has 0 polygons
2026-08-14 15:27:16 +0200: Memory Usage (473100K) : graphmetal1_filler has 0 polygons
2026-08-14 15:27:16 +0200: Memory Usage (473228K) : graphmetal1_nofill has 0 polygons
2026-08-14 15:27:16 +0200: Memory Usage (473228K) : graphmetal1_slit has 0 polygons
2026-08-14 15:27:16 +0200: Memory Usage (473356K) : graphmetal1_OPC has 0 polygons
2026-08-14 15:27:16 +0200: Memory Usage (473484K) : graphmet1l_drw has 0 polygons
2026-08-14 15:27:16 +0200: Memory Usage (473484K) : graphmet1l_filler has 0 polygons
2026-08-14 15:27:16 +0200: Memory Usage (473612K) : graphmet1l_nofill has 0 polygons
2026-08-14 15:27:16 +0200: Memory Usage (473612K) : graphmet1l_slit has 0 polygons
2026-08-14 15:27:16 +0200: Memory Usage (473612K) : graphmet1l_OPC has 0 polygons
2026-08-14 15:27:16 +0200: Memory Usage (473612K) : extblock_drw has 9 polygons
2026-08-14 15:27:16 +0200: Memory Usage (473612K) : nldd_drw has 0 polygons
2026-08-14 15:27:16 +0200: Memory Usage (473612K) : pldd_drw has 0 polygons
2026-08-14 15:27:16 +0200: Memory Usage (473612K) : next_drw has 0 polygons
2026-08-14 15:27:16 +0200: Memory Usage (473740K) : pext_drw has 0 polygons
2026-08-14 15:27:16 +0200: Memory Usage (473740K) : nexthv_drw has 0 polygons
2026-08-14 15:27:16 +0200: Memory Usage (473868K) : pexthv_drw has 0 polygons
2026-08-14 15:27:16 +0200: Memory Usage (473868K) : graphgate_drw has 0 polygons
2026-08-14 15:27:16 +0200: Memory Usage (473996K) : sinwg_drw has 0 polygons
2026-08-14 15:27:16 +0200: Memory Usage (474124K) : sinwg_filler has 0 polygons
2026-08-14 15:27:16 +0200: Memory Usage (474124K) : sinwg_nofill has 0 polygons
2026-08-14 15:27:16 +0200: Memory Usage (474252K) : mempad_drw has 0 polygons
2026-08-14 15:27:16 +0200: Memory Usage (474252K) : topvia1_drw has 0 polygons
2026-08-14 15:27:16 +0200: Memory Usage (474380K) : topmetal1_drw has 0 polygons
2026-08-14 15:27:16 +0200: Memory Usage (474380K) : topmetal1_filler has 0 polygons
2026-08-14 15:27:16 +0200: Memory Usage (474508K) : topmetal1_slit has 0 polygons
2026-08-14 15:27:16 +0200: Memory Usage (474636K) : topmetal1 has 0 polygons
2026-08-14 15:27:16 +0200: Memory Usage (474636K) : topmetal1_pin has 0 polygons
2026-08-14 15:27:16 +0200: Memory Usage (474764K) : topmetal1_mask has 0 polygons
2026-08-14 15:27:16 +0200: Memory Usage (474764K) : topmetal1_nofill has 0 polygons
2026-08-14 15:27:16 +0200: Memory Usage (474892K) : topmetal1_text has 0 polygons
2026-08-14 15:27:16 +0200: Memory Usage (474892K) : topmetal1_noqrc has 0 polygons
2026-08-14 15:27:16 +0200: Memory Usage (475020K) : topmetal1_res has 0 polygons
2026-08-14 15:27:16 +0200: Memory Usage (475148K) : topmetal1_iprobe has 0 polygons
2026-08-14 15:27:16 +0200: Memory Usage (475148K) : topmetal1_diffprb has 0 polygons
2026-08-14 15:27:16 +0200: Memory Usage (475276K) : inldpwl_drw has 0 polygons
2026-08-14 15:27:16 +0200: Memory Usage (475276K) : polyres_drw has 3 polygons
2026-08-14 15:27:16 +0200: Memory Usage (475404K) : polyres_pin has 0 polygons
2026-08-14 15:27:16 +0200: Memory Usage (475404K) : vmim_drw has 0 polygons
2026-08-14 15:27:16 +0200: Memory Usage (475532K) : nbulaycut_drw has 0 polygons
2026-08-14 15:27:16 +0200: Memory Usage (475532K) : antmetal1_drw has 0 polygons
2026-08-14 15:27:16 +0200: Memory Usage (475660K) : topvia2_drw has 0 polygons
2026-08-14 15:27:16 +0200: Memory Usage (475788K) : topmetal2_drw has 0 polygons
2026-08-14 15:27:16 +0200: Memory Usage (475788K) : topmetal2_filler has 0 polygons
2026-08-14 15:27:16 +0200: Memory Usage (475916K) : topmetal2_slit has 0 polygons
2026-08-14 15:27:16 +0200: Memory Usage (476044K) : topmetal2 has 0 polygons
2026-08-14 15:27:16 +0200: Memory Usage (476044K) : topmetal2_pin has 0 polygons
2026-08-14 15:27:16 +0200: Memory Usage (476172K) : topmetal2_mask has 0 polygons
2026-08-14 15:27:16 +0200: Memory Usage (476172K) : topmetal2_nofill has 0 polygons
2026-08-14 15:27:16 +0200: Memory Usage (476300K) : topmetal2_text has 0 polygons
2026-08-14 15:27:16 +0200: Memory Usage (476300K) : topmetal2_noqrc has 0 polygons
2026-08-14 15:27:16 +0200: Memory Usage (476428K) : topmetal2_res has 0 polygons
2026-08-14 15:27:16 +0200: Memory Usage (476428K) : topmetal2_iprobe has 0 polygons
2026-08-14 15:27:16 +0200: Memory Usage (476556K) : topmetal2_diffprb has 0 polygons
2026-08-14 15:27:16 +0200: Memory Usage (476556K) : snsring_drw has 0 polygons
2026-08-14 15:27:16 +0200: Memory Usage (476684K) : sensor_drw has 0 polygons
2026-08-14 15:27:16 +0200: Memory Usage (476812K) : snsarms_drw has 0 polygons
2026-08-14 15:27:16 +0200: Memory Usage (476812K) : snscmosvia_drw has 0 polygons
2026-08-14 15:27:16 +0200: Memory Usage (476940K) : colwind_drw has 0 polygons
2026-08-14 15:27:16 +0200: Memory Usage (476940K) : flm_drw has 0 polygons
2026-08-14 15:27:16 +0200: Memory Usage (477068K) : hafniumox_drw has 0 polygons
2026-08-14 15:27:16 +0200: Memory Usage (477068K) : memvia_drw has 0 polygons
2026-08-14 15:27:16 +0200: Memory Usage (477196K) : thinfilmres_drw has 0 polygons
2026-08-14 15:27:16 +0200: Memory Usage (477324K) : rfmem_drw has 0 polygons
2026-08-14 15:27:16 +0200: Memory Usage (477324K) : norcx_drw has 0 polygons
2026-08-14 15:27:16 +0200: Memory Usage (477452K) : norcx_m2m3 has 0 polygons
2026-08-14 15:27:16 +0200: Memory Usage (477452K) : norcx_m2m4 has 0 polygons
2026-08-14 15:27:16 +0200: Memory Usage (477580K) : norcx_m2m5 has 0 polygons
2026-08-14 15:27:16 +0200: Memory Usage (477580K) : norcx_m2tm1 has 0 polygons
2026-08-14 15:27:16 +0200: Memory Usage (477708K) : norcx_m2tm2 has 0 polygons
2026-08-14 15:27:16 +0200: Memory Usage (477708K) : norcx_m3m4 has 0 polygons
2026-08-14 15:27:16 +0200: Memory Usage (477836K) : norcx_m3m5 has 0 polygons
2026-08-14 15:27:16 +0200: Memory Usage (477836K) : norcx_m3tm1 has 0 polygons
2026-08-14 15:27:16 +0200: Memory Usage (477964K) : norcx_m3tm2 has 0 polygons
2026-08-14 15:27:16 +0200: Memory Usage (478092K) : norcx_m4m5 has 0 polygons
2026-08-14 15:27:16 +0200: Memory Usage (478092K) : norcx_m4tm1 has 0 polygons
2026-08-14 15:27:16 +0200: Memory Usage (478220K) : norcx_m4tm2 has 0 polygons
2026-08-14 15:27:16 +0200: Memory Usage (478220K) : norcx_m5tm1 has 0 polygons
2026-08-14 15:27:16 +0200: Memory Usage (478348K) : norcx_m5tm2 has 0 polygons
2026-08-14 15:27:16 +0200: Memory Usage (478348K) : norcx_tm1tm2 has 0 polygons
2026-08-14 15:27:16 +0200: Memory Usage (478476K) : norcx_m1sub has 0 polygons
2026-08-14 15:27:16 +0200: Memory Usage (478476K) : norcx_m2sub has 0 polygons
2026-08-14 15:27:16 +0200: Memory Usage (478604K) : norcx_m3sub has 0 polygons
2026-08-14 15:27:16 +0200: Memory Usage (478604K) : norcx_m4sub has 0 polygons
2026-08-14 15:27:16 +0200: Memory Usage (478732K) : norcx_m5sub has 0 polygons
2026-08-14 15:27:16 +0200: Memory Usage (478860K) : norcx_tm1sub has 0 polygons
2026-08-14 15:27:16 +0200: Memory Usage (478860K) : norcx_tm2sub has 0 polygons
2026-08-14 15:27:16 +0200: Memory Usage (478988K) : snsbotvia_drw has 0 polygons
2026-08-14 15:27:16 +0200: Memory Usage (478988K) : snstopvia_drw has 0 polygons
2026-08-14 15:27:16 +0200: Memory Usage (479116K) : deepvia_drw has 0 polygons
2026-08-14 15:27:16 +0200: Memory Usage (479116K) : fgetch_drw has 0 polygons
2026-08-14 15:27:16 +0200: Memory Usage (479244K) : ctrgat_drw has 0 polygons
2026-08-14 15:27:16 +0200: Memory Usage (479244K) : fgimp_drw has 0 polygons
2026-08-14 15:27:16 +0200: Memory Usage (479372K) : emwihv_drw has 0 polygons
2026-08-14 15:27:16 +0200: Memory Usage (479500K) : lbe_drw has 0 polygons
2026-08-14 15:27:16 +0200: Memory Usage (479500K) : alcustop_drw has 0 polygons
2026-08-14 15:27:16 +0200: Memory Usage (479628K) : nometfiller_drw has 0 polygons
2026-08-14 15:27:16 +0200: Memory Usage (479628K) : prboundary_drw has 0 polygons
2026-08-14 15:27:16 +0200: Memory Usage (479756K) : exchange0_drw has 0 polygons
2026-08-14 15:27:16 +0200: Memory Usage (479756K) : exchange0_pin has 0 polygons
2026-08-14 15:27:16 +0200: Memory Usage (479884K) : exchange0_text has 0 polygons
2026-08-14 15:27:16 +0200: Memory Usage (479884K) : exchange1_drw has 0 polygons
2026-08-14 15:27:16 +0200: Memory Usage (480012K) : exchange1_pin has 0 polygons
2026-08-14 15:27:16 +0200: Memory Usage (480140K) : exchange1_text has 0 polygons
2026-08-14 15:27:16 +0200: Memory Usage (480140K) : exchange2_drw has 0 polygons
2026-08-14 15:27:16 +0200: Memory Usage (480140K) : exchange2_pin has 0 polygons
2026-08-14 15:27:16 +0200: Memory Usage (480140K) : exchange2_text has 0 polygons
2026-08-14 15:27:16 +0200: Memory Usage (480140K) : exchange3_drw has 0 polygons
2026-08-14 15:27:16 +0200: Memory Usage (480140K) : exchange3_pin has 0 polygons
2026-08-14 15:27:16 +0200: Memory Usage (480140K) : exchange3_text has 0 polygons
2026-08-14 15:27:16 +0200: Memory Usage (480140K) : exchange4_drw has 0 polygons
2026-08-14 15:27:16 +0200: Memory Usage (480140K) : exchange4_pin has 0 polygons
2026-08-14 15:27:16 +0200: Memory Usage (480140K) : exchange4_text has 0 polygons
2026-08-14 15:27:16 +0200: Memory Usage (480140K) : isonwell_drw has 0 polygons
2026-08-14 15:27:16 +0200: Memory Usage (480140K) : Total no. of polygons in the design is 1793
2026-08-14 15:27:16 +0200: Memory Usage (480140K) : Starting CMOS5L Forbidden Layer Check
2026-08-14 15:27:16 +0200: Memory Usage (480140K) : CMOS5L Forbidden Layer Check: PASSED - No forbidden layers found
2026-08-14 15:27:16 +0200: Memory Usage (480140K) : CMOS5L Forbidden Layer Check: PASSED
2026-08-14 15:27:16 +0200: Memory Usage (480140K) : Starting base layers derivations
2026-08-14 15:27:16 +0200: Memory Usage (480140K) : Starting general LVS derivations
2026-08-14 15:27:16 +0200: Memory Usage (485760K) : Starting MOSFET DERIVATIONS
2026-08-14 15:27:16 +0200: Memory Usage (488192K) : Starting NMOS DERIVATIONS
2026-08-14 15:27:16 +0200: Memory Usage (488448K) : Starting PMOS DERIVATIONS
2026-08-14 15:27:16 +0200: Memory Usage (488448K) : Starting RF-MOSFET DERIVATIONS
2026-08-14 15:27:16 +0200: Memory Usage (488448K) : Starting RF-NMOS DERIVATIONS
2026-08-14 15:27:16 +0200: Memory Usage (488448K) : Starting RF-PMOS DERIVATIONS
2026-08-14 15:27:16 +0200: Memory Usage (488448K) : Starting BJT DERIVATIONS
2026-08-14 15:27:16 +0200: Memory Usage (488448K) : Starting NPN-BJT DERIVATIONS
2026-08-14 15:27:16 +0200: Memory Usage (488448K) : Starting PNP-BJT DERIVATIONS
2026-08-14 15:27:16 +0200: Memory Usage (488448K) : Starting DIODE DERIVATIONS
2026-08-14 15:27:16 +0200: Memory Usage (488448K) : Starting RESISTOR DERIVATIONS
2026-08-14 15:27:17 +0200: Memory Usage (488704K) : Starting CAP DERIVATIONS
2026-08-14 15:27:17 +0200: Memory Usage (488704K) : Starting CAP_MFRINGE DERIVATIONS
2026-08-14 15:27:17 +0200: Memory Usage (488704K) : Starting ESD DERIVATIONS
2026-08-14 15:27:17 +0200: Memory Usage (491264K) : Starting Inductor DERIVATIONS
2026-08-14 15:27:17 +0200: Memory Usage (491392K) : Starting Taps DERIVATIONS
2026-08-14 15:27:17 +0200: Memory Usage (491392K) : Starting SG13G2 LVS connectivity setup
2026-08-14 15:27:17 +0200: Memory Usage (491392K) : Starting SG13G2 LVS connectivity setup (Inter-layer)
2026-08-14 15:27:17 +0200: Memory Usage (491520K) : Starting SG13G2 LVS connectivity setup (Global)
2026-08-14 15:27:17 +0200: Memory Usage (491520K) : Starting LVS MOSFET CONNECTIONS
2026-08-14 15:27:17 +0200: Memory Usage (491520K) : Starting LVS RF-MOSFET CONNECTIONS
2026-08-14 15:27:17 +0200: Memory Usage (491520K) : Starting LVS BJT CONNECTIONS
2026-08-14 15:27:17 +0200: Memory Usage (491520K) : Starting LVS DIODE CONNECTIONS
2026-08-14 15:27:17 +0200: Memory Usage (491520K) : Starting RESISTOR CONNECTIONS
2026-08-14 15:27:17 +0200: Memory Usage (491520K) : Starting LVS CAP CONNECTIONS
2026-08-14 15:27:17 +0200: Memory Usage (491520K) : Starting ESD CONNECTIONS
2026-08-14 15:27:17 +0200: Memory Usage (491520K) : Starting Inductor CONNECTIONS
2026-08-14 15:27:17 +0200: Memory Usage (491520K) : Starting LVS Taps CONNECTIONS
2026-08-14 15:27:17 +0200: Memory Usage (491520K) : Starting CAP_MFRINGE CONNECTIONS
2026-08-14 15:27:17 +0200: Memory Usage (491520K) : Starting SG13CMOS5L LVS DEVICES EXTRACTION
2026-08-14 15:27:17 +0200: Memory Usage (491520K) : Starting MOSFET EXTRACTION
2026-08-14 15:27:17 +0200: Memory Usage (491520K) : Starting NMOS EXTRACTION
2026-08-14 15:27:17 +0200: Memory Usage (491520K) : Extraction of NMOS-LV transistor
2026-08-14 15:27:17 +0200: Memory Usage (491648K) : Extraction of NMOS-HV transistor
2026-08-14 15:27:17 +0200: Memory Usage (491648K) : Starting PMOS EXTRACTION
2026-08-14 15:27:17 +0200: Memory Usage (491648K) : Extraction of PMOS-LV transistor
2026-08-14 15:27:17 +0200: Memory Usage (491648K) : Extraction of PMOS-HV transistor
2026-08-14 15:27:17 +0200: Memory Usage (491648K) : Starting RF-MOSFET EXTRACTION
2026-08-14 15:27:17 +0200: Memory Usage (491648K) : Extraction of RF-NMOS-LV transistor
2026-08-14 15:27:17 +0200: Memory Usage (491648K) : Extraction of RF-NMOS-HV transistor
2026-08-14 15:27:17 +0200: Memory Usage (491648K) : Extraction of RF-PMOS-LV transistor
2026-08-14 15:27:17 +0200: Memory Usage (491648K) : Extraction of RF-PMOS-HV transistor
2026-08-14 15:27:17 +0200: Memory Usage (491648K) : Starting BJT EXTRACTION
2026-08-14 15:27:17 +0200: Memory Usage (491648K) : Starting NPN-BJT EXTRACTION
2026-08-14 15:27:17 +0200: Memory Usage (491648K) : Extraction of npn13G2 BJT transistor
2026-08-14 15:27:17 +0200: Memory Usage (491648K) : Extraction of npn13G2L BJT transistor
2026-08-14 15:27:17 +0200: Memory Usage (491648K) : Extraction of npn13G2V BJT transistor
2026-08-14 15:27:17 +0200: Memory Usage (491648K) : Starting PNP-BJT EXTRACTION
2026-08-14 15:27:17 +0200: Memory Usage (491648K) : Extracting pnpMPA BJT
2026-08-14 15:27:17 +0200: Memory Usage (491648K) : Starting DIODE EXTRACTION
2026-08-14 15:27:17 +0200: Memory Usage (491648K) : Extracting dantenna diode
2026-08-14 15:27:17 +0200: Memory Usage (491648K) : Extracting dpantenna diode
2026-08-14 15:27:17 +0200: Memory Usage (491648K) : Extracting schottky_nbl1 diode
2026-08-14 15:27:17 +0200: Memory Usage (491648K) : Extracting isolbox diode
2026-08-14 15:27:17 +0200: Memory Usage (491648K) : Starting RESISTOR EXTRACTION
2026-08-14 15:27:17 +0200: Memory Usage (491648K) : Extracting rsil resistor
2026-08-14 15:27:17 +0200: Memory Usage (491648K) : Extracting rppd resistor
2026-08-14 15:27:17 +0200: Memory Usage (491776K) : Extracting rhigh resistor
2026-08-14 15:27:17 +0200: Memory Usage (491776K) : Extracting res_metal1 resistor
2026-08-14 15:27:17 +0200: Memory Usage (491776K) : Extracting res_metal2 resistor
2026-08-14 15:27:17 +0200: Memory Usage (491776K) : Extracting res_metal3 resistor
2026-08-14 15:27:17 +0200: Memory Usage (491776K) : Extracting res_metal4 resistor
2026-08-14 15:27:17 +0200: Memory Usage (491776K) : Extracting res_metal5 resistor
2026-08-14 15:27:17 +0200: Memory Usage (491776K) : Extracting res_topmetal1 resistor
2026-08-14 15:27:17 +0200: Memory Usage (491776K) : Extracting res_topmetal2 resistor
2026-08-14 15:27:17 +0200: Memory Usage (491776K) : Starting CAP EXTRACTION
2026-08-14 15:27:17 +0200: Memory Usage (491776K) : Extracting cap_cmim device
2026-08-14 15:27:17 +0200: Memory Usage (491776K) : Extracting rfcmim device
2026-08-14 15:27:17 +0200: Memory Usage (491776K) : Extracting sg13_hv_svaricap varactor
2026-08-14 15:27:17 +0200: Memory Usage (491776K) : Extracting cap_mfringe device
2026-08-14 15:27:17 +0200: Memory Usage (491776K) : Starting ESD EXTRACTION
2026-08-14 15:27:17 +0200: Memory Usage (491776K) : Extracting diodevdd_2kv ESD device
2026-08-14 15:27:17 +0200: Memory Usage (491776K) : Extracting diodevdd_4kv ESD device
2026-08-14 15:27:17 +0200: Memory Usage (491776K) : Extracting diodevss_2kv ESD device
2026-08-14 15:27:17 +0200: Memory Usage (491776K) : Extracting diodevss_4kv ESD device
2026-08-14 15:27:17 +0200: Memory Usage (491776K) : Extracting idiodevdd_2kv ESD device
2026-08-14 15:27:17 +0200: Memory Usage (491776K) : Extracting idiodevdd_4kv ESD device
2026-08-14 15:27:17 +0200: Memory Usage (491776K) : Extracting idiodevss_2kv ESD device
2026-08-14 15:27:17 +0200: Memory Usage (491776K) : Extracting idiodevss_4kv ESD device
2026-08-14 15:27:17 +0200: Memory Usage (491776K) : Extracting nmoscl_2 ESD device
2026-08-14 15:27:17 +0200: Memory Usage (491776K) : Extracting nmoscl_4 ESD device
2026-08-14 15:27:17 +0200: Memory Usage (491776K) : Starting Inductor EXTRACTION
2026-08-14 15:27:17 +0200: Memory Usage (491776K) : Extracting Inductor2 device
2026-08-14 15:27:17 +0200: Memory Usage (491776K) : Extracting Inductor3 device
2026-08-14 15:27:17 +0200: Memory Usage (491776K) : Starting Taps EXTRACTION
2026-08-14 15:27:17 +0200: Memory Usage (491776K) : DISABLE_TAP_EXTRACTION is enabled: skipping ntap1/ptap1 device extraction.
2026-08-14 15:27:17 +0200: Memory Usage (491776K) : Starting SG13CMOS5L LVS RF MOS Model Mapping
2026-08-14 15:27:17 +0200: Memory Usage (491776K) : [layout_netlist] Apply RF MOS model mapping and rfmode parameter.
2026-08-14 15:27:17 +0200: Memory Usage (491776K) : Starting SG13CMOS5L LVS Options Preparations
2026-08-14 15:27:17 +0200: Memory Usage (491776K) : SG13CMOS5L LVS flow: extraction -> alignment -> option preparation -> comparison.
2026-08-14 15:27:17 +0200: Memory Usage (491776K) : Starting SG13CMOS5L LVS Alignment
2026-08-14 15:27:17 +0200: Memory Usage (491904K) : Starting SG13CMOS5L LVS Simplification
2026-08-14 15:27:17 +0200: Memory Usage (491904K) : [layout_netlist] simplify: ENABLED
2026-08-14 15:27:17 +0200: Memory Usage (491904K) : [layout_netlist] make_top_level_pins: SKIPPED
2026-08-14 15:27:17 +0200: Memory Usage (491904K) : [layout_netlist] combine_devices: SKIPPED
2026-08-14 15:27:17 +0200: Memory Usage (491904K) : [layout_netlist] purge: SKIPPED
2026-08-14 15:27:17 +0200: Memory Usage (491904K) : [layout_netlist] purge_nets: SKIPPED
2026-08-14 15:27:17 +0200: Memory Usage (491904K) : [schematic_netlist] simplify: ENABLED
2026-08-14 15:27:17 +0200: Memory Usage (491904K) : [schematic_netlist] make_top_level_pins: SKIPPED
2026-08-14 15:27:17 +0200: Memory Usage (491904K) : [schematic_netlist] combine_devices: SKIPPED
2026-08-14 15:27:17 +0200: Memory Usage (491904K) : [schematic_netlist] purge: SKIPPED
2026-08-14 15:27:17 +0200: Memory Usage (491904K) : [schematic_netlist] purge_nets: SKIPPED
2026-08-14 15:27:17 +0200: Memory Usage (491904K) : Starting SG13CMOS5L LVS Comparison in strict port mode.
2026-08-14 15:27:17 +0200: Memory Usage (491904K) : flag_missing_ports enabled: missing/mislabeled top-level ports are treated as errors.
2026-08-14 15:27:17 +0200: Memory Usage (492032K) : ==========================================
2026-08-14 15:27:17 +0200: Memory Usage (492032K) : INFO : Congratulations! Netlists match.
2026-08-14 15:27:17 +0200: Memory Usage (492032K) : ==========================================
2026-08-14 15:27:17 +0200: Memory Usage (492032K) : LVS Total Run time 1.306282 seconds
2026-08-14 15:33:02 +0200: Memory Usage (457576K) : Starting running SG13CMOS5L Klayout LVS runset on /foss/designs/CHIP-PLL/layout/CP/charge_pump/charge_pump_cell_next.gds
2026-08-14 15:33:02 +0200: Memory Usage (457576K) : Ruby Version for klayout: 3.2.3
2026-08-14 15:33:02 +0200: Memory Usage (459172K) : Loading database to memory is complete.
2026-08-14 15:33:02 +0200: Memory Usage (459172K) : SG13CMOS5L Klayout LVS runset output at: /foss/designs/CHIP-PLL/layout/CP/lvs/charge_pump_cell_next.lvsdb
2026-08-14 15:33:02 +0200: Memory Usage (459172K) : Evaluate switches.
2026-08-14 15:33:02 +0200: Memory Usage (459172K) : Extracted netlist with net names: true
2026-08-14 15:33:02 +0200: Memory Usage (459172K) : Extracted netlist with comments in details: false
2026-08-14 15:33:02 +0200: Memory Usage (459172K) : Selected NET_ONLY option: false
2026-08-14 15:33:02 +0200: Memory Usage (459172K) : Selected LAYOUT_NETLIST option: (none)
2026-08-14 15:33:02 +0200: Memory Usage (459172K) : Selected IGNORE_TOP_PORTS_MISMATCH option: 
2026-08-14 15:33:02 +0200: Memory Usage (459172K) : Selected IMPLICIT_NETS option: (none)
2026-08-14 15:33:02 +0200: Memory Usage (459172K) : Selected TOP_LVL_PINS option: false
2026-08-14 15:33:02 +0200: Memory Usage (459172K) : Selected COMBINE DEVICES option: false
2026-08-14 15:33:02 +0200: Memory Usage (459172K) : Selected PURGE option: false
2026-08-14 15:33:02 +0200: Memory Usage (459172K) : Selected PURGE_NETS option: false
2026-08-14 15:33:02 +0200: Memory Usage (459172K) : Selected SIMPLIFY option: true
2026-08-14 15:33:02 +0200: Memory Usage (459172K) : Selected SERIES_RES option: true
2026-08-14 15:33:02 +0200: Memory Usage (459172K) : Selected PARALLEL_RES option: true
2026-08-14 15:33:02 +0200: Memory Usage (459172K) : Selected DISABLE_TAP_EXTRACTION option: true
2026-08-14 15:33:02 +0200: Memory Usage (459172K) : deep  mode is enabled.
2026-08-14 15:33:02 +0200: Memory Usage (459556K) : Netlist file: /foss/designs/CHIP-PLL/layout/CP/netlists/charge_pump_cell.spice
2026-08-14 15:33:02 +0200: Memory Usage (459556K) : LVS extracted netlist at: /foss/designs/CHIP-PLL/layout/CP/lvs/charge_pump_cell_next_extracted.cir
2026-08-14 15:33:02 +0200: Memory Usage (459556K) : Applying SRAM integration support.
2026-08-14 15:33:02 +0200: Memory Usage (459556K) : Starting SG13CMOS5L LVS runset
2026-08-14 15:33:02 +0200: Memory Usage (459556K) : Read in polygons from layers.
2026-08-14 15:33:02 +0200: Memory Usage (460384K) : activ_drw has 123 polygons
2026-08-14 15:33:02 +0200: Memory Usage (460384K) : activ_filler has 0 polygons
2026-08-14 15:33:02 +0200: Memory Usage (460384K) : activ has 123 polygons
2026-08-14 15:33:02 +0200: Memory Usage (460384K) : activ_pin has 0 polygons
2026-08-14 15:33:02 +0200: Memory Usage (460384K) : activ_mask has 0 polygons
2026-08-14 15:33:02 +0200: Memory Usage (460384K) : activ_nofill has 0 polygons
2026-08-14 15:33:02 +0200: Memory Usage (460384K) : activ_OPC has 0 polygons
2026-08-14 15:33:02 +0200: Memory Usage (460512K) : activ_iOPC has 0 polygons
2026-08-14 15:33:02 +0200: Memory Usage (460512K) : activ_noqrc has 0 polygons
2026-08-14 15:33:02 +0200: Memory Usage (460512K) : biwind_drw has 0 polygons
2026-08-14 15:33:02 +0200: Memory Usage (460512K) : biwind_OPC has 0 polygons
2026-08-14 15:33:02 +0200: Memory Usage (460768K) : gatpoly_drw has 127 polygons
2026-08-14 15:33:02 +0200: Memory Usage (460768K) : gatpoly_filler has 0 polygons
2026-08-14 15:33:02 +0200: Memory Usage (460768K) : gatpoly has 127 polygons
2026-08-14 15:33:02 +0200: Memory Usage (460768K) : gatpoly_pin has 29 polygons
2026-08-14 15:33:02 +0200: Memory Usage (460768K) : gatpoly_nofill has 0 polygons
2026-08-14 15:33:02 +0200: Memory Usage (460768K) : gatpoly_OPC has 0 polygons
2026-08-14 15:33:02 +0200: Memory Usage (460768K) : gatpoly_iOPC has 0 polygons
2026-08-14 15:33:02 +0200: Memory Usage (460896K) : gatpoly_noqrc has 0 polygons
2026-08-14 15:33:02 +0200: Memory Usage (461024K) : cont_drw has 576 polygons
2026-08-14 15:33:02 +0200: Memory Usage (461024K) : cont_OPC has 0 polygons
2026-08-14 15:33:02 +0200: Memory Usage (461152K) : nsd_drw has 0 polygons
2026-08-14 15:33:02 +0200: Memory Usage (461152K) : nsd_block has 0 polygons
2026-08-14 15:33:02 +0200: Memory Usage (461408K) : metal1_drw has 381 polygons
2026-08-14 15:33:02 +0200: Memory Usage (461792K) : metal1_filler has 0 polygons
2026-08-14 15:33:02 +0200: Memory Usage (461792K) : metal1_slit has 0 polygons
2026-08-14 15:33:02 +0200: Memory Usage (462048K) : metal1 has 381 polygons
2026-08-14 15:33:02 +0200: Memory Usage (462048K) : metal1_pin has 74 polygons
2026-08-14 15:33:02 +0200: Memory Usage (462048K) : metal1_mask has 0 polygons
2026-08-14 15:33:02 +0200: Memory Usage (462048K) : metal1_nofill has 0 polygons
2026-08-14 15:33:02 +0200: Memory Usage (462432K) : metal1_text has 8 polygons
2026-08-14 15:33:02 +0200: Memory Usage (462432K) : metal1_OPC has 0 polygons
2026-08-14 15:33:02 +0200: Memory Usage (462560K) : metal1_noqrc has 0 polygons
2026-08-14 15:33:02 +0200: Memory Usage (462560K) : metal1_res has 0 polygons
2026-08-14 15:33:02 +0200: Memory Usage (462688K) : metal1_iprobe has 0 polygons
2026-08-14 15:33:02 +0200: Memory Usage (462688K) : metal1_diffprb has 0 polygons
2026-08-14 15:33:02 +0200: Memory Usage (462816K) : passiv_drw has 0 polygons
2026-08-14 15:33:02 +0200: Memory Usage (462816K) : passiv_pin has 0 polygons
2026-08-14 15:33:02 +0200: Memory Usage (462944K) : passiv_sbump has 0 polygons
2026-08-14 15:33:02 +0200: Memory Usage (462944K) : passiv_pillar has 0 polygons
2026-08-14 15:33:02 +0200: Memory Usage (463200K) : passiv_pdl has 0 polygons
2026-08-14 15:33:02 +0200: Memory Usage (463200K) : metal2_drw has 147 polygons
2026-08-14 15:33:02 +0200: Memory Usage (463328K) : metal2_filler has 0 polygons
2026-08-14 15:33:02 +0200: Memory Usage (463328K) : metal2_slit has 0 polygons
2026-08-14 15:33:02 +0200: Memory Usage (463456K) : metal2 has 147 polygons
2026-08-14 15:33:02 +0200: Memory Usage (463584K) : metal2_pin has 6 polygons
2026-08-14 15:33:02 +0200: Memory Usage (463584K) : metal2_mask has 0 polygons
2026-08-14 15:33:02 +0200: Memory Usage (463712K) : metal2_nofill has 0 polygons
2026-08-14 15:33:02 +0200: Memory Usage (463712K) : metal2_text has 6 polygons
2026-08-14 15:33:02 +0200: Memory Usage (463840K) : metal2_OPC has 0 polygons
2026-08-14 15:33:02 +0200: Memory Usage (463840K) : metal2_noqrc has 0 polygons
2026-08-14 15:33:02 +0200: Memory Usage (463968K) : metal2_res has 0 polygons
2026-08-14 15:33:02 +0200: Memory Usage (464096K) : metal2_iprobe has 0 polygons
2026-08-14 15:33:02 +0200: Memory Usage (464096K) : metal2_diffprb has 0 polygons
2026-08-14 15:33:02 +0200: Memory Usage (464224K) : baspoly_drw has 0 polygons
2026-08-14 15:33:02 +0200: Memory Usage (464224K) : baspoly_pin has 0 polygons
2026-08-14 15:33:02 +0200: Memory Usage (464352K) : psd_drw has 26 polygons
2026-08-14 15:33:02 +0200: Memory Usage (464352K) : nldb_drw has 0 polygons
2026-08-14 15:33:02 +0200: Memory Usage (464480K) : digibnd_drw has 0 polygons
2026-08-14 15:33:02 +0200: Memory Usage (464480K) : via1_drw has 66 polygons
2026-08-14 15:33:02 +0200: Memory Usage (464608K) : backmetal1_drw has 0 polygons
2026-08-14 15:33:02 +0200: Memory Usage (464608K) : backmetal1_pin has 0 polygons
2026-08-14 15:33:02 +0200: Memory Usage (464736K) : backmetal1_mask has 0 polygons
2026-08-14 15:33:02 +0200: Memory Usage (464864K) : backmetal1_filler has 0 polygons
2026-08-14 15:33:02 +0200: Memory Usage (464992K) : backmetal1_nofill has 0 polygons
2026-08-14 15:33:02 +0200: Memory Usage (464992K) : backmetal1_slit has 0 polygons
2026-08-14 15:33:02 +0200: Memory Usage (465120K) : backmetal1_text has 0 polygons
2026-08-14 15:33:02 +0200: Memory Usage (465248K) : backmetal1_OPC has 0 polygons
2026-08-14 15:33:02 +0200: Memory Usage (465248K) : backmetal1_noqrc has 0 polygons
2026-08-14 15:33:02 +0200: Memory Usage (465376K) : backmetal1_res has 0 polygons
2026-08-14 15:33:02 +0200: Memory Usage (465376K) : backmetal1_iprobe has 0 polygons
2026-08-14 15:33:02 +0200: Memory Usage (465504K) : backmetal1_diffprb has 0 polygons
2026-08-14 15:33:02 +0200: Memory Usage (465504K) : backpassiv_drw has 0 polygons
2026-08-14 15:33:02 +0200: Memory Usage (465632K) : res_drw has 0 polygons
2026-08-14 15:33:02 +0200: Memory Usage (465760K) : sram_drw has 0 polygons
2026-08-14 15:33:02 +0200: Memory Usage (465760K) : trans_drw has 0 polygons
2026-08-14 15:33:02 +0200: Memory Usage (465888K) : ind_drw has 0 polygons
2026-08-14 15:33:02 +0200: Memory Usage (465888K) : ind_pin has 0 polygons
2026-08-14 15:33:02 +0200: Memory Usage (466016K) : ind_text has 0 polygons
2026-08-14 15:33:02 +0200: Memory Usage (466016K) : salblock_drw has 3 polygons
2026-08-14 15:33:02 +0200: Memory Usage (466144K) : via2_drw has 24 polygons
2026-08-14 15:33:02 +0200: Memory Usage (466272K) : metal3_drw has 44 polygons
2026-08-14 15:33:02 +0200: Memory Usage (466272K) : metal3_filler has 0 polygons
2026-08-14 15:33:02 +0200: Memory Usage (466400K) : metal3_slit has 0 polygons
2026-08-14 15:33:02 +0200: Memory Usage (466400K) : metal3 has 44 polygons
2026-08-14 15:33:02 +0200: Memory Usage (466528K) : metal3_pin has 0 polygons
2026-08-14 15:33:02 +0200: Memory Usage (466528K) : metal3_mask has 0 polygons
2026-08-14 15:33:02 +0200: Memory Usage (466528K) : metal3_nofill has 0 polygons
2026-08-14 15:33:02 +0200: Memory Usage (466656K) : metal3_text has 0 polygons
2026-08-14 15:33:02 +0200: Memory Usage (466656K) : metal3_OPC has 0 polygons
2026-08-14 15:33:02 +0200: Memory Usage (466656K) : metal3_noqrc has 0 polygons
2026-08-14 15:33:02 +0200: Memory Usage (466784K) : metal3_res has 0 polygons
2026-08-14 15:33:02 +0200: Memory Usage (466784K) : metal3_iprobe has 0 polygons
2026-08-14 15:33:02 +0200: Memory Usage (466784K) : metal3_diffprb has 0 polygons
2026-08-14 15:33:02 +0200: Memory Usage (466784K) : nwell_drw has 27 polygons
2026-08-14 15:33:02 +0200: Memory Usage (466912K) : nwell_pin has 4 polygons
2026-08-14 15:33:02 +0200: Memory Usage (466912K) : nwell_text has 0 polygons
2026-08-14 15:33:02 +0200: Memory Usage (466912K) : nbulay_drw has 0 polygons
2026-08-14 15:33:02 +0200: Memory Usage (467040K) : nbulay_pin has 0 polygons
2026-08-14 15:33:02 +0200: Memory Usage (467040K) : nbulay_block has 0 polygons
2026-08-14 15:33:02 +0200: Memory Usage (467168K) : emwind_drw has 0 polygons
2026-08-14 15:33:02 +0200: Memory Usage (467168K) : emwind_OPC has 0 polygons
2026-08-14 15:33:02 +0200: Memory Usage (467296K) : deepco_drw has 0 polygons
2026-08-14 15:33:02 +0200: Memory Usage (467296K) : mim_drw has 0 polygons
2026-08-14 15:33:02 +0200: Memory Usage (467424K) : edgeseal_drw has 0 polygons
2026-08-14 15:33:02 +0200: Memory Usage (467552K) : substrate_drw has 17 polygons
2026-08-14 15:33:02 +0200: Memory Usage (467552K) : substrate_text has 0 polygons
2026-08-14 15:33:02 +0200: Memory Usage (467680K) : dfpad_drw has 0 polygons
2026-08-14 15:33:02 +0200: Memory Usage (467680K) : dfpad_pillar has 0 polygons
2026-08-14 15:33:02 +0200: Memory Usage (467808K) : dfpad_sbump has 0 polygons
2026-08-14 15:33:02 +0200: Memory Usage (467808K) : thickgateox_drw has 0 polygons
2026-08-14 15:33:02 +0200: Memory Usage (467936K) : pldb_drw has 0 polygons
2026-08-14 15:33:02 +0200: Memory Usage (467936K) : pwell_drw has 0 polygons
2026-08-14 15:33:02 +0200: Memory Usage (468064K) : pwell_pin has 0 polygons
2026-08-14 15:33:02 +0200: Memory Usage (468064K) : pwell_block has 0 polygons
2026-08-14 15:33:02 +0200: Memory Usage (468192K) : ic_drw has 0 polygons
2026-08-14 15:33:02 +0200: Memory Usage (468320K) : via3_drw has 0 polygons
2026-08-14 15:33:02 +0200: Memory Usage (468320K) : metal4_drw has 0 polygons
2026-08-14 15:33:02 +0200: Memory Usage (468448K) : metal4_filler has 0 polygons
2026-08-14 15:33:02 +0200: Memory Usage (468448K) : metal4_slit has 0 polygons
2026-08-14 15:33:02 +0200: Memory Usage (468576K) : metal4 has 0 polygons
2026-08-14 15:33:02 +0200: Memory Usage (468704K) : metal4_pin has 0 polygons
2026-08-14 15:33:02 +0200: Memory Usage (468704K) : metal4_mask has 0 polygons
2026-08-14 15:33:02 +0200: Memory Usage (468832K) : metal4_nofill has 0 polygons
2026-08-14 15:33:02 +0200: Memory Usage (468832K) : metal4_text has 0 polygons
2026-08-14 15:33:02 +0200: Memory Usage (468960K) : metal4_OPC has 0 polygons
2026-08-14 15:33:02 +0200: Memory Usage (468960K) : metal4_noqrc has 0 polygons
2026-08-14 15:33:02 +0200: Memory Usage (468960K) : metal4_res has 0 polygons
2026-08-14 15:33:02 +0200: Memory Usage (469088K) : metal4_iprobe has 0 polygons
2026-08-14 15:33:02 +0200: Memory Usage (469088K) : metal4_diffprb has 0 polygons
2026-08-14 15:33:02 +0200: Memory Usage (469088K) : heattrans_drw has 41 polygons
2026-08-14 15:33:02 +0200: Memory Usage (469216K) : heatres_drw has 3 polygons
2026-08-14 15:33:02 +0200: Memory Usage (469216K) : fbe_drw has 0 polygons
2026-08-14 15:33:02 +0200: Memory Usage (469344K) : empoly_drw has 0 polygons
2026-08-14 15:33:02 +0200: Memory Usage (469344K) : digisub_drw has 0 polygons
2026-08-14 15:33:02 +0200: Memory Usage (469472K) : text_drw has 48 polygons
2026-08-14 15:33:02 +0200: Memory Usage (469472K) : via4_drw has 0 polygons
2026-08-14 15:33:02 +0200: Memory Usage (469600K) : metal5_drw has 0 polygons
2026-08-14 15:33:02 +0200: Memory Usage (469600K) : metal5_filler has 0 polygons
2026-08-14 15:33:02 +0200: Memory Usage (469728K) : metal5_slit has 0 polygons
2026-08-14 15:33:02 +0200: Memory Usage (469856K) : metal5 has 0 polygons
2026-08-14 15:33:02 +0200: Memory Usage (469984K) : metal5_pin has 0 polygons
2026-08-14 15:33:02 +0200: Memory Usage (469984K) : metal5_mask has 0 polygons
2026-08-14 15:33:02 +0200: Memory Usage (470112K) : metal5_nofill has 0 polygons
2026-08-14 15:33:02 +0200: Memory Usage (470112K) : metal5_text has 0 polygons
2026-08-14 15:33:02 +0200: Memory Usage (470240K) : metal5_OPC has 0 polygons
2026-08-14 15:33:02 +0200: Memory Usage (470240K) : metal5_noqrc has 0 polygons
2026-08-14 15:33:02 +0200: Memory Usage (470368K) : metal5_res has 0 polygons
2026-08-14 15:33:02 +0200: Memory Usage (470368K) : metal5_iprobe has 0 polygons
2026-08-14 15:33:02 +0200: Memory Usage (470496K) : metal5_diffprb has 0 polygons
2026-08-14 15:33:02 +0200: Memory Usage (470496K) : radhard_drw has 0 polygons
2026-08-14 15:33:02 +0200: Memory Usage (470624K) : memcap_drw has 0 polygons
2026-08-14 15:33:02 +0200: Memory Usage (470752K) : varicap_drw has 0 polygons
2026-08-14 15:33:02 +0200: Memory Usage (470752K) : intbondvia_drw has 0 polygons
2026-08-14 15:33:02 +0200: Memory Usage (470880K) : intbondmet_drw has 0 polygons
2026-08-14 15:33:02 +0200: Memory Usage (470880K) : devbondvia_drw has 0 polygons
2026-08-14 15:33:02 +0200: Memory Usage (471008K) : devbondmet_drw has 0 polygons
2026-08-14 15:33:02 +0200: Memory Usage (471008K) : devtrench_drw has 0 polygons
2026-08-14 15:33:02 +0200: Memory Usage (471136K) : redist_drw has 0 polygons
2026-08-14 15:33:02 +0200: Memory Usage (471136K) : graphbot_drw has 0 polygons
2026-08-14 15:33:02 +0200: Memory Usage (471136K) : graphtop_drw has 0 polygons
2026-08-14 15:33:02 +0200: Memory Usage (471264K) : antvia1_drw has 0 polygons
2026-08-14 15:33:02 +0200: Memory Usage (471264K) : antmetal2_drw has 0 polygons
2026-08-14 15:33:02 +0200: Memory Usage (471264K) : graphcont_drw has 0 polygons
2026-08-14 15:33:02 +0200: Memory Usage (471264K) : siwg_drw has 0 polygons
2026-08-14 15:33:02 +0200: Memory Usage (471392K) : siwg_filler has 0 polygons
2026-08-14 15:33:02 +0200: Memory Usage (471392K) : siwg_nofill has 0 polygons
2026-08-14 15:33:02 +0200: Memory Usage (471520K) : sigrating_drw has 0 polygons
2026-08-14 15:33:02 +0200: Memory Usage (471648K) : singrating_drw has 0 polygons
2026-08-14 15:33:02 +0200: Memory Usage (471648K) : graphpas_drw has 0 polygons
2026-08-14 15:33:02 +0200: Memory Usage (471776K) : emwind3_drw has 0 polygons
2026-08-14 15:33:02 +0200: Memory Usage (471776K) : emwihv3_drw has 0 polygons
2026-08-14 15:33:02 +0200: Memory Usage (471904K) : redbulay_drw has 0 polygons
2026-08-14 15:33:02 +0200: Memory Usage (471904K) : smos_drw has 0 polygons
2026-08-14 15:33:02 +0200: Memory Usage (472032K) : graphpad_drw has 0 polygons
2026-08-14 15:33:02 +0200: Memory Usage (472032K) : polimide_drw has 0 polygons
2026-08-14 15:33:02 +0200: Memory Usage (472160K) : polimide_pin has 0 polygons
2026-08-14 15:33:02 +0200: Memory Usage (472160K) : recog_drw has 0 polygons
2026-08-14 15:33:02 +0200: Memory Usage (472288K) : recog_pin has 0 polygons
2026-08-14 15:33:02 +0200: Memory Usage (472416K) : recog_esd has 0 polygons
2026-08-14 15:33:02 +0200: Memory Usage (472416K) : recog_diode has 0 polygons
2026-08-14 15:33:02 +0200: Memory Usage (472544K) : recog_tsv has 0 polygons
2026-08-14 15:33:02 +0200: Memory Usage (472544K) : recog_iprobe has 0 polygons
2026-08-14 15:33:02 +0200: Memory Usage (472672K) : recog_diffprb has 0 polygons
2026-08-14 15:33:02 +0200: Memory Usage (472672K) : recog_pillar has 0 polygons
2026-08-14 15:33:02 +0200: Memory Usage (472800K) : recog_sbump has 0 polygons
2026-08-14 15:33:02 +0200: Memory Usage (472800K) : recog_otp has 0 polygons
2026-08-14 15:33:02 +0200: Memory Usage (472928K) : recog_pdiode has 0 polygons
2026-08-14 15:33:02 +0200: Memory Usage (473056K) : recog_mom has 0 polygons
2026-08-14 15:33:02 +0200: Memory Usage (473056K) : recog_pcm has 0 polygons
2026-08-14 15:33:02 +0200: Memory Usage (473184K) : colopen_drw has 0 polygons
2026-08-14 15:33:02 +0200: Memory Usage (473184K) : graphmetal1_drw has 0 polygons
2026-08-14 15:33:02 +0200: Memory Usage (473312K) : graphmetal1_filler has 0 polygons
2026-08-14 15:33:02 +0200: Memory Usage (473312K) : graphmetal1_nofill has 0 polygons
2026-08-14 15:33:02 +0200: Memory Usage (473440K) : graphmetal1_slit has 0 polygons
2026-08-14 15:33:02 +0200: Memory Usage (473440K) : graphmetal1_OPC has 0 polygons
2026-08-14 15:33:02 +0200: Memory Usage (473568K) : graphmet1l_drw has 0 polygons
2026-08-14 15:33:02 +0200: Memory Usage (473568K) : graphmet1l_filler has 0 polygons
2026-08-14 15:33:02 +0200: Memory Usage (473696K) : graphmet1l_nofill has 0 polygons
2026-08-14 15:33:02 +0200: Memory Usage (473824K) : graphmet1l_slit has 0 polygons
2026-08-14 15:33:02 +0200: Memory Usage (473824K) : graphmet1l_OPC has 0 polygons
2026-08-14 15:33:02 +0200: Memory Usage (473824K) : extblock_drw has 9 polygons
2026-08-14 15:33:02 +0200: Memory Usage (473824K) : nldd_drw has 0 polygons
2026-08-14 15:33:02 +0200: Memory Usage (473824K) : pldd_drw has 0 polygons
2026-08-14 15:33:02 +0200: Memory Usage (473824K) : next_drw has 0 polygons
2026-08-14 15:33:02 +0200: Memory Usage (473824K) : pext_drw has 0 polygons
2026-08-14 15:33:02 +0200: Memory Usage (473952K) : nexthv_drw has 0 polygons
2026-08-14 15:33:02 +0200: Memory Usage (473952K) : pexthv_drw has 0 polygons
2026-08-14 15:33:02 +0200: Memory Usage (474080K) : graphgate_drw has 0 polygons
2026-08-14 15:33:02 +0200: Memory Usage (474080K) : sinwg_drw has 0 polygons
2026-08-14 15:33:02 +0200: Memory Usage (474208K) : sinwg_filler has 0 polygons
2026-08-14 15:33:02 +0200: Memory Usage (474208K) : sinwg_nofill has 0 polygons
2026-08-14 15:33:02 +0200: Memory Usage (474336K) : mempad_drw has 0 polygons
2026-08-14 15:33:02 +0200: Memory Usage (474464K) : topvia1_drw has 0 polygons
2026-08-14 15:33:02 +0200: Memory Usage (474464K) : topmetal1_drw has 0 polygons
2026-08-14 15:33:02 +0200: Memory Usage (474592K) : topmetal1_filler has 0 polygons
2026-08-14 15:33:02 +0200: Memory Usage (474592K) : topmetal1_slit has 0 polygons
2026-08-14 15:33:02 +0200: Memory Usage (474720K) : topmetal1 has 0 polygons
2026-08-14 15:33:02 +0200: Memory Usage (474848K) : topmetal1_pin has 0 polygons
2026-08-14 15:33:02 +0200: Memory Usage (474848K) : topmetal1_mask has 0 polygons
2026-08-14 15:33:02 +0200: Memory Usage (474976K) : topmetal1_nofill has 0 polygons
2026-08-14 15:33:02 +0200: Memory Usage (474976K) : topmetal1_text has 0 polygons
2026-08-14 15:33:02 +0200: Memory Usage (475104K) : topmetal1_noqrc has 0 polygons
2026-08-14 15:33:02 +0200: Memory Usage (475104K) : topmetal1_res has 0 polygons
2026-08-14 15:33:02 +0200: Memory Usage (475232K) : topmetal1_iprobe has 0 polygons
2026-08-14 15:33:02 +0200: Memory Usage (475232K) : topmetal1_diffprb has 0 polygons
2026-08-14 15:33:02 +0200: Memory Usage (475360K) : inldpwl_drw has 0 polygons
2026-08-14 15:33:02 +0200: Memory Usage (475488K) : polyres_drw has 3 polygons
2026-08-14 15:33:02 +0200: Memory Usage (475488K) : polyres_pin has 0 polygons
2026-08-14 15:33:02 +0200: Memory Usage (475616K) : vmim_drw has 0 polygons
2026-08-14 15:33:02 +0200: Memory Usage (475616K) : nbulaycut_drw has 0 polygons
2026-08-14 15:33:02 +0200: Memory Usage (475744K) : antmetal1_drw has 0 polygons
2026-08-14 15:33:02 +0200: Memory Usage (475744K) : topvia2_drw has 0 polygons
2026-08-14 15:33:02 +0200: Memory Usage (475872K) : topmetal2_drw has 0 polygons
2026-08-14 15:33:02 +0200: Memory Usage (475872K) : topmetal2_filler has 0 polygons
2026-08-14 15:33:02 +0200: Memory Usage (476000K) : topmetal2_slit has 0 polygons
2026-08-14 15:33:02 +0200: Memory Usage (476128K) : topmetal2 has 0 polygons
2026-08-14 15:33:02 +0200: Memory Usage (476128K) : topmetal2_pin has 0 polygons
2026-08-14 15:33:02 +0200: Memory Usage (476256K) : topmetal2_mask has 0 polygons
2026-08-14 15:33:02 +0200: Memory Usage (476384K) : topmetal2_nofill has 0 polygons
2026-08-14 15:33:02 +0200: Memory Usage (476384K) : topmetal2_text has 0 polygons
2026-08-14 15:33:02 +0200: Memory Usage (476512K) : topmetal2_noqrc has 0 polygons
2026-08-14 15:33:02 +0200: Memory Usage (476512K) : topmetal2_res has 0 polygons
2026-08-14 15:33:02 +0200: Memory Usage (476640K) : topmetal2_iprobe has 0 polygons
2026-08-14 15:33:02 +0200: Memory Usage (476640K) : topmetal2_diffprb has 0 polygons
2026-08-14 15:33:02 +0200: Memory Usage (476768K) : snsring_drw has 0 polygons
2026-08-14 15:33:02 +0200: Memory Usage (476768K) : sensor_drw has 0 polygons
2026-08-14 15:33:02 +0200: Memory Usage (476896K) : snsarms_drw has 0 polygons
2026-08-14 15:33:02 +0200: Memory Usage (476896K) : snscmosvia_drw has 0 polygons
2026-08-14 15:33:02 +0200: Memory Usage (477024K) : colwind_drw has 0 polygons
2026-08-14 15:33:02 +0200: Memory Usage (477152K) : flm_drw has 0 polygons
2026-08-14 15:33:02 +0200: Memory Usage (477152K) : hafniumox_drw has 0 polygons
2026-08-14 15:33:02 +0200: Memory Usage (477280K) : memvia_drw has 0 polygons
2026-08-14 15:33:02 +0200: Memory Usage (477280K) : thinfilmres_drw has 0 polygons
2026-08-14 15:33:02 +0200: Memory Usage (477408K) : rfmem_drw has 0 polygons
2026-08-14 15:33:02 +0200: Memory Usage (477408K) : norcx_drw has 0 polygons
2026-08-14 15:33:02 +0200: Memory Usage (477536K) : norcx_m2m3 has 0 polygons
2026-08-14 15:33:02 +0200: Memory Usage (477536K) : norcx_m2m4 has 0 polygons
2026-08-14 15:33:02 +0200: Memory Usage (477664K) : norcx_m2m5 has 0 polygons
2026-08-14 15:33:02 +0200: Memory Usage (477792K) : norcx_m2tm1 has 0 polygons
2026-08-14 15:33:02 +0200: Memory Usage (477792K) : norcx_m2tm2 has 0 polygons
2026-08-14 15:33:02 +0200: Memory Usage (477920K) : norcx_m3m4 has 0 polygons
2026-08-14 15:33:02 +0200: Memory Usage (477920K) : norcx_m3m5 has 0 polygons
2026-08-14 15:33:02 +0200: Memory Usage (478048K) : norcx_m3tm1 has 0 polygons
2026-08-14 15:33:02 +0200: Memory Usage (478048K) : norcx_m3tm2 has 0 polygons
2026-08-14 15:33:02 +0200: Memory Usage (478176K) : norcx_m4m5 has 0 polygons
2026-08-14 15:33:02 +0200: Memory Usage (478176K) : norcx_m4tm1 has 0 polygons
2026-08-14 15:33:02 +0200: Memory Usage (478304K) : norcx_m4tm2 has 0 polygons
2026-08-14 15:33:02 +0200: Memory Usage (478304K) : norcx_m5tm1 has 0 polygons
2026-08-14 15:33:02 +0200: Memory Usage (478432K) : norcx_m5tm2 has 0 polygons
2026-08-14 15:33:02 +0200: Memory Usage (478560K) : norcx_tm1tm2 has 0 polygons
2026-08-14 15:33:02 +0200: Memory Usage (478560K) : norcx_m1sub has 0 polygons
2026-08-14 15:33:02 +0200: Memory Usage (478688K) : norcx_m2sub has 0 polygons
2026-08-14 15:33:02 +0200: Memory Usage (478688K) : norcx_m3sub has 0 polygons
2026-08-14 15:33:02 +0200: Memory Usage (478816K) : norcx_m4sub has 0 polygons
2026-08-14 15:33:02 +0200: Memory Usage (478816K) : norcx_m5sub has 0 polygons
2026-08-14 15:33:02 +0200: Memory Usage (478944K) : norcx_tm1sub has 0 polygons
2026-08-14 15:33:02 +0200: Memory Usage (478944K) : norcx_tm2sub has 0 polygons
2026-08-14 15:33:02 +0200: Memory Usage (479072K) : snsbotvia_drw has 0 polygons
2026-08-14 15:33:02 +0200: Memory Usage (479200K) : snstopvia_drw has 0 polygons
2026-08-14 15:33:02 +0200: Memory Usage (479200K) : deepvia_drw has 0 polygons
2026-08-14 15:33:02 +0200: Memory Usage (479328K) : fgetch_drw has 0 polygons
2026-08-14 15:33:02 +0200: Memory Usage (479328K) : ctrgat_drw has 0 polygons
2026-08-14 15:33:02 +0200: Memory Usage (479456K) : fgimp_drw has 0 polygons
2026-08-14 15:33:02 +0200: Memory Usage (479456K) : emwihv_drw has 0 polygons
2026-08-14 15:33:02 +0200: Memory Usage (479584K) : lbe_drw has 0 polygons
2026-08-14 15:33:02 +0200: Memory Usage (479584K) : alcustop_drw has 0 polygons
2026-08-14 15:33:02 +0200: Memory Usage (479712K) : nometfiller_drw has 0 polygons
2026-08-14 15:33:02 +0200: Memory Usage (479712K) : prboundary_drw has 0 polygons
2026-08-14 15:33:02 +0200: Memory Usage (479840K) : exchange0_drw has 0 polygons
2026-08-14 15:33:02 +0200: Memory Usage (479968K) : exchange0_pin has 0 polygons
2026-08-14 15:33:02 +0200: Memory Usage (479968K) : exchange0_text has 0 polygons
2026-08-14 15:33:02 +0200: Memory Usage (480096K) : exchange1_drw has 0 polygons
2026-08-14 15:33:02 +0200: Memory Usage (480096K) : exchange1_pin has 0 polygons
2026-08-14 15:33:02 +0200: Memory Usage (480224K) : exchange1_text has 0 polygons
2026-08-14 15:33:02 +0200: Memory Usage (480224K) : exchange2_drw has 0 polygons
2026-08-14 15:33:02 +0200: Memory Usage (480224K) : exchange2_pin has 0 polygons
2026-08-14 15:33:02 +0200: Memory Usage (480224K) : exchange2_text has 0 polygons
2026-08-14 15:33:02 +0200: Memory Usage (480224K) : exchange3_drw has 0 polygons
2026-08-14 15:33:02 +0200: Memory Usage (480224K) : exchange3_pin has 0 polygons
2026-08-14 15:33:02 +0200: Memory Usage (480224K) : exchange3_text has 0 polygons
2026-08-14 15:33:02 +0200: Memory Usage (480224K) : exchange4_drw has 0 polygons
2026-08-14 15:33:02 +0200: Memory Usage (480224K) : exchange4_pin has 0 polygons
2026-08-14 15:33:02 +0200: Memory Usage (480224K) : exchange4_text has 0 polygons
2026-08-14 15:33:02 +0200: Memory Usage (480224K) : isonwell_drw has 0 polygons
2026-08-14 15:33:02 +0200: Memory Usage (480224K) : Total no. of polygons in the design is 1792
2026-08-14 15:33:02 +0200: Memory Usage (480224K) : Starting CMOS5L Forbidden Layer Check
2026-08-14 15:33:02 +0200: Memory Usage (480352K) : CMOS5L Forbidden Layer Check: PASSED - No forbidden layers found
2026-08-14 15:33:02 +0200: Memory Usage (480352K) : CMOS5L Forbidden Layer Check: PASSED
2026-08-14 15:33:02 +0200: Memory Usage (480352K) : Starting base layers derivations
2026-08-14 15:33:02 +0200: Memory Usage (480352K) : Starting general LVS derivations
2026-08-14 15:33:02 +0200: Memory Usage (486196K) : Starting MOSFET DERIVATIONS
2026-08-14 15:33:02 +0200: Memory Usage (488500K) : Starting NMOS DERIVATIONS
2026-08-14 15:33:02 +0200: Memory Usage (488756K) : Starting PMOS DERIVATIONS
2026-08-14 15:33:02 +0200: Memory Usage (488756K) : Starting RF-MOSFET DERIVATIONS
2026-08-14 15:33:02 +0200: Memory Usage (488756K) : Starting RF-NMOS DERIVATIONS
2026-08-14 15:33:02 +0200: Memory Usage (488756K) : Starting RF-PMOS DERIVATIONS
2026-08-14 15:33:02 +0200: Memory Usage (488756K) : Starting BJT DERIVATIONS
2026-08-14 15:33:02 +0200: Memory Usage (488756K) : Starting NPN-BJT DERIVATIONS
2026-08-14 15:33:02 +0200: Memory Usage (488756K) : Starting PNP-BJT DERIVATIONS
2026-08-14 15:33:02 +0200: Memory Usage (488756K) : Starting DIODE DERIVATIONS
2026-08-14 15:33:02 +0200: Memory Usage (488756K) : Starting RESISTOR DERIVATIONS
2026-08-14 15:33:02 +0200: Memory Usage (489140K) : Starting CAP DERIVATIONS
2026-08-14 15:33:02 +0200: Memory Usage (489140K) : Starting CAP_MFRINGE DERIVATIONS
2026-08-14 15:33:02 +0200: Memory Usage (489140K) : Starting ESD DERIVATIONS
2026-08-14 15:33:03 +0200: Memory Usage (492084K) : Starting Inductor DERIVATIONS
2026-08-14 15:33:03 +0200: Memory Usage (492340K) : Starting Taps DERIVATIONS
2026-08-14 15:33:03 +0200: Memory Usage (492340K) : Starting SG13G2 LVS connectivity setup
2026-08-14 15:33:03 +0200: Memory Usage (492340K) : Starting SG13G2 LVS connectivity setup (Inter-layer)
2026-08-14 15:33:03 +0200: Memory Usage (492340K) : Starting SG13G2 LVS connectivity setup (Global)
2026-08-14 15:33:03 +0200: Memory Usage (492340K) : Starting LVS MOSFET CONNECTIONS
2026-08-14 15:33:03 +0200: Memory Usage (492340K) : Starting LVS RF-MOSFET CONNECTIONS
2026-08-14 15:33:03 +0200: Memory Usage (492340K) : Starting LVS BJT CONNECTIONS
2026-08-14 15:33:03 +0200: Memory Usage (492340K) : Starting LVS DIODE CONNECTIONS
2026-08-14 15:33:03 +0200: Memory Usage (492340K) : Starting RESISTOR CONNECTIONS
2026-08-14 15:33:03 +0200: Memory Usage (492340K) : Starting LVS CAP CONNECTIONS
2026-08-14 15:33:03 +0200: Memory Usage (492340K) : Starting ESD CONNECTIONS
2026-08-14 15:33:03 +0200: Memory Usage (492340K) : Starting Inductor CONNECTIONS
2026-08-14 15:33:03 +0200: Memory Usage (492340K) : Starting LVS Taps CONNECTIONS
2026-08-14 15:33:03 +0200: Memory Usage (492340K) : Starting CAP_MFRINGE CONNECTIONS
2026-08-14 15:33:03 +0200: Memory Usage (492340K) : Starting SG13CMOS5L LVS DEVICES EXTRACTION
2026-08-14 15:33:03 +0200: Memory Usage (492340K) : Starting MOSFET EXTRACTION
2026-08-14 15:33:03 +0200: Memory Usage (492340K) : Starting NMOS EXTRACTION
2026-08-14 15:33:03 +0200: Memory Usage (492340K) : Extraction of NMOS-LV transistor
2026-08-14 15:33:03 +0200: Memory Usage (492468K) : Extraction of NMOS-HV transistor
2026-08-14 15:33:03 +0200: Memory Usage (492468K) : Starting PMOS EXTRACTION
2026-08-14 15:33:03 +0200: Memory Usage (492468K) : Extraction of PMOS-LV transistor
2026-08-14 15:33:03 +0200: Memory Usage (492468K) : Extraction of PMOS-HV transistor
2026-08-14 15:33:03 +0200: Memory Usage (492468K) : Starting RF-MOSFET EXTRACTION
2026-08-14 15:33:03 +0200: Memory Usage (492468K) : Extraction of RF-NMOS-LV transistor
2026-08-14 15:33:03 +0200: Memory Usage (492468K) : Extraction of RF-NMOS-HV transistor
2026-08-14 15:33:03 +0200: Memory Usage (492468K) : Extraction of RF-PMOS-LV transistor
2026-08-14 15:33:03 +0200: Memory Usage (492468K) : Extraction of RF-PMOS-HV transistor
2026-08-14 15:33:03 +0200: Memory Usage (492468K) : Starting BJT EXTRACTION
2026-08-14 15:33:03 +0200: Memory Usage (492468K) : Starting NPN-BJT EXTRACTION
2026-08-14 15:33:03 +0200: Memory Usage (492468K) : Extraction of npn13G2 BJT transistor
2026-08-14 15:33:03 +0200: Memory Usage (492468K) : Extraction of npn13G2L BJT transistor
2026-08-14 15:33:03 +0200: Memory Usage (492468K) : Extraction of npn13G2V BJT transistor
2026-08-14 15:33:03 +0200: Memory Usage (492468K) : Starting PNP-BJT EXTRACTION
2026-08-14 15:33:03 +0200: Memory Usage (492468K) : Extracting pnpMPA BJT
2026-08-14 15:33:03 +0200: Memory Usage (492468K) : Starting DIODE EXTRACTION
2026-08-14 15:33:03 +0200: Memory Usage (492468K) : Extracting dantenna diode
2026-08-14 15:33:03 +0200: Memory Usage (492468K) : Extracting dpantenna diode
2026-08-14 15:33:03 +0200: Memory Usage (492468K) : Extracting schottky_nbl1 diode
2026-08-14 15:33:03 +0200: Memory Usage (492468K) : Extracting isolbox diode
2026-08-14 15:33:03 +0200: Memory Usage (492468K) : Starting RESISTOR EXTRACTION
2026-08-14 15:33:03 +0200: Memory Usage (492468K) : Extracting rsil resistor
2026-08-14 15:33:03 +0200: Memory Usage (492468K) : Extracting rppd resistor
2026-08-14 15:33:03 +0200: Memory Usage (492596K) : Extracting rhigh resistor
2026-08-14 15:33:03 +0200: Memory Usage (492596K) : Extracting res_metal1 resistor
2026-08-14 15:33:03 +0200: Memory Usage (492724K) : Extracting res_metal2 resistor
2026-08-14 15:33:03 +0200: Memory Usage (492724K) : Extracting res_metal3 resistor
2026-08-14 15:33:03 +0200: Memory Usage (492724K) : Extracting res_metal4 resistor
2026-08-14 15:33:03 +0200: Memory Usage (492724K) : Extracting res_metal5 resistor
2026-08-14 15:33:03 +0200: Memory Usage (492724K) : Extracting res_topmetal1 resistor
2026-08-14 15:33:03 +0200: Memory Usage (492724K) : Extracting res_topmetal2 resistor
2026-08-14 15:33:03 +0200: Memory Usage (492724K) : Starting CAP EXTRACTION
2026-08-14 15:33:03 +0200: Memory Usage (492724K) : Extracting cap_cmim device
2026-08-14 15:33:03 +0200: Memory Usage (492724K) : Extracting rfcmim device
2026-08-14 15:33:03 +0200: Memory Usage (492724K) : Extracting sg13_hv_svaricap varactor
2026-08-14 15:33:03 +0200: Memory Usage (492724K) : Extracting cap_mfringe device
2026-08-14 15:33:03 +0200: Memory Usage (492724K) : Starting ESD EXTRACTION
2026-08-14 15:33:03 +0200: Memory Usage (492724K) : Extracting diodevdd_2kv ESD device
2026-08-14 15:33:03 +0200: Memory Usage (492724K) : Extracting diodevdd_4kv ESD device
2026-08-14 15:33:03 +0200: Memory Usage (492724K) : Extracting diodevss_2kv ESD device
2026-08-14 15:33:03 +0200: Memory Usage (492724K) : Extracting diodevss_4kv ESD device
2026-08-14 15:33:03 +0200: Memory Usage (492724K) : Extracting idiodevdd_2kv ESD device
2026-08-14 15:33:03 +0200: Memory Usage (492724K) : Extracting idiodevdd_4kv ESD device
2026-08-14 15:33:03 +0200: Memory Usage (492724K) : Extracting idiodevss_2kv ESD device
2026-08-14 15:33:03 +0200: Memory Usage (492724K) : Extracting idiodevss_4kv ESD device
2026-08-14 15:33:03 +0200: Memory Usage (492724K) : Extracting nmoscl_2 ESD device
2026-08-14 15:33:03 +0200: Memory Usage (492724K) : Extracting nmoscl_4 ESD device
2026-08-14 15:33:03 +0200: Memory Usage (492724K) : Starting Inductor EXTRACTION
2026-08-14 15:33:03 +0200: Memory Usage (492724K) : Extracting Inductor2 device
2026-08-14 15:33:03 +0200: Memory Usage (492724K) : Extracting Inductor3 device
2026-08-14 15:33:03 +0200: Memory Usage (492724K) : Starting Taps EXTRACTION
2026-08-14 15:33:03 +0200: Memory Usage (492724K) : DISABLE_TAP_EXTRACTION is enabled: skipping ntap1/ptap1 device extraction.
2026-08-14 15:33:03 +0200: Memory Usage (492724K) : Starting SG13CMOS5L LVS RF MOS Model Mapping
2026-08-14 15:33:03 +0200: Memory Usage (492724K) : [layout_netlist] Apply RF MOS model mapping and rfmode parameter.
2026-08-14 15:33:03 +0200: Memory Usage (492724K) : Starting SG13CMOS5L LVS Options Preparations
2026-08-14 15:33:03 +0200: Memory Usage (492724K) : SG13CMOS5L LVS flow: extraction -> alignment -> option preparation -> comparison.
2026-08-14 15:33:03 +0200: Memory Usage (492724K) : Starting SG13CMOS5L LVS Alignment
2026-08-14 15:33:03 +0200: Memory Usage (492852K) : Starting SG13CMOS5L LVS Simplification
2026-08-14 15:33:03 +0200: Memory Usage (492852K) : [layout_netlist] simplify: ENABLED
2026-08-14 15:33:03 +0200: Memory Usage (492852K) : [layout_netlist] make_top_level_pins: SKIPPED
2026-08-14 15:33:03 +0200: Memory Usage (492852K) : [layout_netlist] combine_devices: SKIPPED
2026-08-14 15:33:03 +0200: Memory Usage (492852K) : [layout_netlist] purge: SKIPPED
2026-08-14 15:33:03 +0200: Memory Usage (492852K) : [layout_netlist] purge_nets: SKIPPED
2026-08-14 15:33:03 +0200: Memory Usage (492852K) : [schematic_netlist] simplify: ENABLED
2026-08-14 15:33:03 +0200: Memory Usage (492852K) : [schematic_netlist] make_top_level_pins: SKIPPED
2026-08-14 15:33:03 +0200: Memory Usage (492852K) : [schematic_netlist] combine_devices: SKIPPED
2026-08-14 15:33:03 +0200: Memory Usage (492852K) : [schematic_netlist] purge: SKIPPED
2026-08-14 15:33:03 +0200: Memory Usage (492852K) : [schematic_netlist] purge_nets: SKIPPED
2026-08-14 15:33:03 +0200: Memory Usage (492852K) : Starting SG13CMOS5L LVS Comparison in strict port mode.
2026-08-14 15:33:03 +0200: Memory Usage (492852K) : flag_missing_ports enabled: missing/mislabeled top-level ports are treated as errors.
2026-08-14 15:33:03 +0200: Memory Usage (492980K) : ==========================================
2026-08-14 15:33:03 +0200: Memory Usage (492980K) : INFO : Congratulations! Netlists match.
2026-08-14 15:33:03 +0200: Memory Usage (492980K) : ==========================================
2026-08-14 15:33:03 +0200: Memory Usage (492980K) : LVS Total Run time 1.309754 seconds
2026-08-14 15:36:46 +0200: Memory Usage (456752K) : Starting running SG13CMOS5L Klayout LVS runset on /foss/designs/CHIP-PLL/layout/CP/charge_pump/charge_pump_cell_next.gds
2026-08-14 15:36:46 +0200: Memory Usage (456752K) : Ruby Version for klayout: 3.2.3
2026-08-14 15:36:46 +0200: Memory Usage (458300K) : Loading database to memory is complete.
2026-08-14 15:36:46 +0200: Memory Usage (458300K) : SG13CMOS5L Klayout LVS runset output at: /foss/designs/CHIP-PLL/layout/CP/lvs/charge_pump_cell_next.lvsdb
2026-08-14 15:36:46 +0200: Memory Usage (458300K) : Evaluate switches.
2026-08-14 15:36:46 +0200: Memory Usage (458300K) : Extracted netlist with net names: true
2026-08-14 15:36:46 +0200: Memory Usage (458300K) : Extracted netlist with comments in details: false
2026-08-14 15:36:46 +0200: Memory Usage (458300K) : Selected NET_ONLY option: false
2026-08-14 15:36:46 +0200: Memory Usage (458300K) : Selected LAYOUT_NETLIST option: (none)
2026-08-14 15:36:46 +0200: Memory Usage (458300K) : Selected IGNORE_TOP_PORTS_MISMATCH option: 
2026-08-14 15:36:46 +0200: Memory Usage (458300K) : Selected IMPLICIT_NETS option: (none)
2026-08-14 15:36:46 +0200: Memory Usage (458300K) : Selected TOP_LVL_PINS option: false
2026-08-14 15:36:46 +0200: Memory Usage (458300K) : Selected COMBINE DEVICES option: false
2026-08-14 15:36:46 +0200: Memory Usage (458300K) : Selected PURGE option: false
2026-08-14 15:36:46 +0200: Memory Usage (458300K) : Selected PURGE_NETS option: false
2026-08-14 15:36:46 +0200: Memory Usage (458300K) : Selected SIMPLIFY option: true
2026-08-14 15:36:46 +0200: Memory Usage (458300K) : Selected SERIES_RES option: true
2026-08-14 15:36:46 +0200: Memory Usage (458300K) : Selected PARALLEL_RES option: true
2026-08-14 15:36:46 +0200: Memory Usage (458300K) : Selected DISABLE_TAP_EXTRACTION option: true
2026-08-14 15:36:46 +0200: Memory Usage (458300K) : deep  mode is enabled.
2026-08-14 15:36:46 +0200: Memory Usage (458684K) : Netlist file: /foss/designs/CHIP-PLL/layout/CP/netlists/charge_pump_cell.spice
2026-08-14 15:36:46 +0200: Memory Usage (458684K) : LVS extracted netlist at: /foss/designs/CHIP-PLL/layout/CP/lvs/charge_pump_cell_next_extracted.cir
2026-08-14 15:36:46 +0200: Memory Usage (458684K) : Applying SRAM integration support.
2026-08-14 15:36:46 +0200: Memory Usage (458684K) : Starting SG13CMOS5L LVS runset
2026-08-14 15:36:46 +0200: Memory Usage (458684K) : Read in polygons from layers.
2026-08-14 15:36:46 +0200: Memory Usage (459636K) : activ_drw has 123 polygons
2026-08-14 15:36:46 +0200: Memory Usage (459636K) : activ_filler has 0 polygons
2026-08-14 15:36:46 +0200: Memory Usage (459764K) : activ has 123 polygons
2026-08-14 15:36:46 +0200: Memory Usage (459764K) : activ_pin has 0 polygons
2026-08-14 15:36:46 +0200: Memory Usage (459764K) : activ_mask has 0 polygons
2026-08-14 15:36:46 +0200: Memory Usage (459764K) : activ_nofill has 0 polygons
2026-08-14 15:36:46 +0200: Memory Usage (459764K) : activ_OPC has 0 polygons
2026-08-14 15:36:46 +0200: Memory Usage (459892K) : activ_iOPC has 0 polygons
2026-08-14 15:36:46 +0200: Memory Usage (459892K) : activ_noqrc has 0 polygons
2026-08-14 15:36:46 +0200: Memory Usage (459892K) : biwind_drw has 0 polygons
2026-08-14 15:36:46 +0200: Memory Usage (459892K) : biwind_OPC has 0 polygons
2026-08-14 15:36:46 +0200: Memory Usage (460036K) : gatpoly_drw has 126 polygons
2026-08-14 15:36:46 +0200: Memory Usage (460036K) : gatpoly_filler has 0 polygons
2026-08-14 15:36:46 +0200: Memory Usage (460036K) : gatpoly has 126 polygons
2026-08-14 15:36:46 +0200: Memory Usage (460036K) : gatpoly_pin has 29 polygons
2026-08-14 15:36:46 +0200: Memory Usage (460036K) : gatpoly_nofill has 0 polygons
2026-08-14 15:36:46 +0200: Memory Usage (460036K) : gatpoly_OPC has 0 polygons
2026-08-14 15:36:46 +0200: Memory Usage (460036K) : gatpoly_iOPC has 0 polygons
2026-08-14 15:36:46 +0200: Memory Usage (460164K) : gatpoly_noqrc has 0 polygons
2026-08-14 15:36:46 +0200: Memory Usage (460292K) : cont_drw has 576 polygons
2026-08-14 15:36:46 +0200: Memory Usage (460292K) : cont_OPC has 0 polygons
2026-08-14 15:36:46 +0200: Memory Usage (460420K) : nsd_drw has 0 polygons
2026-08-14 15:36:46 +0200: Memory Usage (460420K) : nsd_block has 0 polygons
2026-08-14 15:36:46 +0200: Memory Usage (460676K) : metal1_drw has 389 polygons
2026-08-14 15:36:46 +0200: Memory Usage (461060K) : metal1_filler has 0 polygons
2026-08-14 15:36:46 +0200: Memory Usage (461060K) : metal1_slit has 0 polygons
2026-08-14 15:36:46 +0200: Memory Usage (461188K) : metal1 has 389 polygons
2026-08-14 15:36:46 +0200: Memory Usage (461188K) : metal1_pin has 74 polygons
2026-08-14 15:36:46 +0200: Memory Usage (461188K) : metal1_mask has 0 polygons
2026-08-14 15:36:46 +0200: Memory Usage (461188K) : metal1_nofill has 0 polygons
2026-08-14 15:36:46 +0200: Memory Usage (461620K) : metal1_text has 8 polygons
2026-08-14 15:36:46 +0200: Memory Usage (461620K) : metal1_OPC has 0 polygons
2026-08-14 15:36:46 +0200: Memory Usage (461748K) : metal1_noqrc has 0 polygons
2026-08-14 15:36:46 +0200: Memory Usage (461748K) : metal1_res has 0 polygons
2026-08-14 15:36:46 +0200: Memory Usage (461876K) : metal1_iprobe has 0 polygons
2026-08-14 15:36:46 +0200: Memory Usage (461876K) : metal1_diffprb has 0 polygons
2026-08-14 15:36:46 +0200: Memory Usage (462004K) : passiv_drw has 0 polygons
2026-08-14 15:36:46 +0200: Memory Usage (462004K) : passiv_pin has 0 polygons
2026-08-14 15:36:46 +0200: Memory Usage (462132K) : passiv_sbump has 0 polygons
2026-08-14 15:36:46 +0200: Memory Usage (462132K) : passiv_pillar has 0 polygons
2026-08-14 15:36:46 +0200: Memory Usage (462388K) : passiv_pdl has 0 polygons
2026-08-14 15:36:46 +0200: Memory Usage (462388K) : metal2_drw has 147 polygons
2026-08-14 15:36:46 +0200: Memory Usage (462516K) : metal2_filler has 0 polygons
2026-08-14 15:36:46 +0200: Memory Usage (462516K) : metal2_slit has 0 polygons
2026-08-14 15:36:46 +0200: Memory Usage (462644K) : metal2 has 147 polygons
2026-08-14 15:36:46 +0200: Memory Usage (462772K) : metal2_pin has 6 polygons
2026-08-14 15:36:46 +0200: Memory Usage (462772K) : metal2_mask has 0 polygons
2026-08-14 15:36:46 +0200: Memory Usage (462900K) : metal2_nofill has 0 polygons
2026-08-14 15:36:46 +0200: Memory Usage (462900K) : metal2_text has 6 polygons
2026-08-14 15:36:46 +0200: Memory Usage (463028K) : metal2_OPC has 0 polygons
2026-08-14 15:36:46 +0200: Memory Usage (463028K) : metal2_noqrc has 0 polygons
2026-08-14 15:36:46 +0200: Memory Usage (463156K) : metal2_res has 0 polygons
2026-08-14 15:36:46 +0200: Memory Usage (463284K) : metal2_iprobe has 0 polygons
2026-08-14 15:36:46 +0200: Memory Usage (463284K) : metal2_diffprb has 0 polygons
2026-08-14 15:36:46 +0200: Memory Usage (463412K) : baspoly_drw has 0 polygons
2026-08-14 15:36:46 +0200: Memory Usage (463412K) : baspoly_pin has 0 polygons
2026-08-14 15:36:46 +0200: Memory Usage (463540K) : psd_drw has 26 polygons
2026-08-14 15:36:46 +0200: Memory Usage (463540K) : nldb_drw has 0 polygons
2026-08-14 15:36:46 +0200: Memory Usage (463668K) : digibnd_drw has 0 polygons
2026-08-14 15:36:46 +0200: Memory Usage (463668K) : via1_drw has 66 polygons
2026-08-14 15:36:46 +0200: Memory Usage (463796K) : backmetal1_drw has 0 polygons
2026-08-14 15:36:46 +0200: Memory Usage (463796K) : backmetal1_pin has 0 polygons
2026-08-14 15:36:46 +0200: Memory Usage (463924K) : backmetal1_mask has 0 polygons
2026-08-14 15:36:46 +0200: Memory Usage (464052K) : backmetal1_filler has 0 polygons
2026-08-14 15:36:46 +0200: Memory Usage (464180K) : backmetal1_nofill has 0 polygons
2026-08-14 15:36:46 +0200: Memory Usage (464308K) : backmetal1_slit has 0 polygons
2026-08-14 15:36:46 +0200: Memory Usage (464308K) : backmetal1_text has 0 polygons
2026-08-14 15:36:46 +0200: Memory Usage (464436K) : backmetal1_OPC has 0 polygons
2026-08-14 15:36:46 +0200: Memory Usage (464436K) : backmetal1_noqrc has 0 polygons
2026-08-14 15:36:46 +0200: Memory Usage (464564K) : backmetal1_res has 0 polygons
2026-08-14 15:36:46 +0200: Memory Usage (464564K) : backmetal1_iprobe has 0 polygons
2026-08-14 15:36:46 +0200: Memory Usage (464692K) : backmetal1_diffprb has 0 polygons
2026-08-14 15:36:46 +0200: Memory Usage (464692K) : backpassiv_drw has 0 polygons
2026-08-14 15:36:46 +0200: Memory Usage (464820K) : res_drw has 0 polygons
2026-08-14 15:36:46 +0200: Memory Usage (464948K) : sram_drw has 0 polygons
2026-08-14 15:36:46 +0200: Memory Usage (464948K) : trans_drw has 0 polygons
2026-08-14 15:36:46 +0200: Memory Usage (465076K) : ind_drw has 0 polygons
2026-08-14 15:36:46 +0200: Memory Usage (465076K) : ind_pin has 0 polygons
2026-08-14 15:36:46 +0200: Memory Usage (465204K) : ind_text has 0 polygons
2026-08-14 15:36:46 +0200: Memory Usage (465204K) : salblock_drw has 3 polygons
2026-08-14 15:36:46 +0200: Memory Usage (465332K) : via2_drw has 24 polygons
2026-08-14 15:36:46 +0200: Memory Usage (465460K) : metal3_drw has 44 polygons
2026-08-14 15:36:46 +0200: Memory Usage (465460K) : metal3_filler has 0 polygons
2026-08-14 15:36:46 +0200: Memory Usage (465588K) : metal3_slit has 0 polygons
2026-08-14 15:36:46 +0200: Memory Usage (465588K) : metal3 has 44 polygons
2026-08-14 15:36:46 +0200: Memory Usage (465716K) : metal3_pin has 0 polygons
2026-08-14 15:36:46 +0200: Memory Usage (465716K) : metal3_mask has 0 polygons
2026-08-14 15:36:46 +0200: Memory Usage (465716K) : metal3_nofill has 0 polygons
2026-08-14 15:36:46 +0200: Memory Usage (465844K) : metal3_text has 0 polygons
2026-08-14 15:36:46 +0200: Memory Usage (465844K) : metal3_OPC has 0 polygons
2026-08-14 15:36:46 +0200: Memory Usage (465844K) : metal3_noqrc has 0 polygons
2026-08-14 15:36:46 +0200: Memory Usage (465844K) : metal3_res has 0 polygons
2026-08-14 15:36:46 +0200: Memory Usage (465972K) : metal3_iprobe has 0 polygons
2026-08-14 15:36:46 +0200: Memory Usage (465972K) : metal3_diffprb has 0 polygons
2026-08-14 15:36:46 +0200: Memory Usage (465972K) : nwell_drw has 27 polygons
2026-08-14 15:36:46 +0200: Memory Usage (466100K) : nwell_pin has 4 polygons
2026-08-14 15:36:46 +0200: Memory Usage (466100K) : nwell_text has 0 polygons
2026-08-14 15:36:46 +0200: Memory Usage (466100K) : nbulay_drw has 0 polygons
2026-08-14 15:36:46 +0200: Memory Usage (466228K) : nbulay_pin has 0 polygons
2026-08-14 15:36:46 +0200: Memory Usage (466228K) : nbulay_block has 0 polygons
2026-08-14 15:36:46 +0200: Memory Usage (466356K) : emwind_drw has 0 polygons
2026-08-14 15:36:46 +0200: Memory Usage (466356K) : emwind_OPC has 0 polygons
2026-08-14 15:36:46 +0200: Memory Usage (466484K) : deepco_drw has 0 polygons
2026-08-14 15:36:46 +0200: Memory Usage (466484K) : mim_drw has 0 polygons
2026-08-14 15:36:46 +0200: Memory Usage (466612K) : edgeseal_drw has 0 polygons
2026-08-14 15:36:46 +0200: Memory Usage (466740K) : substrate_drw has 17 polygons
2026-08-14 15:36:46 +0200: Memory Usage (466740K) : substrate_text has 0 polygons
2026-08-14 15:36:46 +0200: Memory Usage (466868K) : dfpad_drw has 0 polygons
2026-08-14 15:36:46 +0200: Memory Usage (466868K) : dfpad_pillar has 0 polygons
2026-08-14 15:36:46 +0200: Memory Usage (466996K) : dfpad_sbump has 0 polygons
2026-08-14 15:36:46 +0200: Memory Usage (466996K) : thickgateox_drw has 0 polygons
2026-08-14 15:36:46 +0200: Memory Usage (467124K) : pldb_drw has 0 polygons
2026-08-14 15:36:46 +0200: Memory Usage (467124K) : pwell_drw has 0 polygons
2026-08-14 15:36:46 +0200: Memory Usage (467252K) : pwell_pin has 0 polygons
2026-08-14 15:36:46 +0200: Memory Usage (467252K) : pwell_block has 0 polygons
2026-08-14 15:36:46 +0200: Memory Usage (467380K) : ic_drw has 0 polygons
2026-08-14 15:36:46 +0200: Memory Usage (467508K) : via3_drw has 0 polygons
2026-08-14 15:36:46 +0200: Memory Usage (467508K) : metal4_drw has 0 polygons
2026-08-14 15:36:46 +0200: Memory Usage (467636K) : metal4_filler has 0 polygons
2026-08-14 15:36:46 +0200: Memory Usage (467636K) : metal4_slit has 0 polygons
2026-08-14 15:36:46 +0200: Memory Usage (467764K) : metal4 has 0 polygons
2026-08-14 15:36:46 +0200: Memory Usage (467892K) : metal4_pin has 0 polygons
2026-08-14 15:36:46 +0200: Memory Usage (467892K) : metal4_mask has 0 polygons
2026-08-14 15:36:46 +0200: Memory Usage (468020K) : metal4_nofill has 0 polygons
2026-08-14 15:36:46 +0200: Memory Usage (468020K) : metal4_text has 0 polygons
2026-08-14 15:36:46 +0200: Memory Usage (468148K) : metal4_OPC has 0 polygons
2026-08-14 15:36:46 +0200: Memory Usage (468148K) : metal4_noqrc has 0 polygons
2026-08-14 15:36:46 +0200: Memory Usage (468148K) : metal4_res has 0 polygons
2026-08-14 15:36:46 +0200: Memory Usage (468276K) : metal4_iprobe has 0 polygons
2026-08-14 15:36:46 +0200: Memory Usage (468276K) : metal4_diffprb has 0 polygons
2026-08-14 15:36:46 +0200: Memory Usage (468276K) : heattrans_drw has 41 polygons
2026-08-14 15:36:46 +0200: Memory Usage (468404K) : heatres_drw has 3 polygons
2026-08-14 15:36:46 +0200: Memory Usage (468404K) : fbe_drw has 0 polygons
2026-08-14 15:36:46 +0200: Memory Usage (468532K) : empoly_drw has 0 polygons
2026-08-14 15:36:46 +0200: Memory Usage (468532K) : digisub_drw has 0 polygons
2026-08-14 15:36:46 +0200: Memory Usage (468660K) : text_drw has 48 polygons
2026-08-14 15:36:46 +0200: Memory Usage (468660K) : via4_drw has 0 polygons
2026-08-14 15:36:46 +0200: Memory Usage (468788K) : metal5_drw has 0 polygons
2026-08-14 15:36:46 +0200: Memory Usage (468788K) : metal5_filler has 0 polygons
2026-08-14 15:36:46 +0200: Memory Usage (468916K) : metal5_slit has 0 polygons
2026-08-14 15:36:46 +0200: Memory Usage (469044K) : metal5 has 0 polygons
2026-08-14 15:36:46 +0200: Memory Usage (469172K) : metal5_pin has 0 polygons
2026-08-14 15:36:46 +0200: Memory Usage (469172K) : metal5_mask has 0 polygons
2026-08-14 15:36:46 +0200: Memory Usage (469300K) : metal5_nofill has 0 polygons
2026-08-14 15:36:46 +0200: Memory Usage (469300K) : metal5_text has 0 polygons
2026-08-14 15:36:46 +0200: Memory Usage (469428K) : metal5_OPC has 0 polygons
2026-08-14 15:36:46 +0200: Memory Usage (469428K) : metal5_noqrc has 0 polygons
2026-08-14 15:36:46 +0200: Memory Usage (469556K) : metal5_res has 0 polygons
2026-08-14 15:36:46 +0200: Memory Usage (469556K) : metal5_iprobe has 0 polygons
2026-08-14 15:36:46 +0200: Memory Usage (469684K) : metal5_diffprb has 0 polygons
2026-08-14 15:36:46 +0200: Memory Usage (469684K) : radhard_drw has 0 polygons
2026-08-14 15:36:46 +0200: Memory Usage (469812K) : memcap_drw has 0 polygons
2026-08-14 15:36:46 +0200: Memory Usage (469940K) : varicap_drw has 0 polygons
2026-08-14 15:36:46 +0200: Memory Usage (469940K) : intbondvia_drw has 0 polygons
2026-08-14 15:36:46 +0200: Memory Usage (470068K) : intbondmet_drw has 0 polygons
2026-08-14 15:36:46 +0200: Memory Usage (470068K) : devbondvia_drw has 0 polygons
2026-08-14 15:36:46 +0200: Memory Usage (470196K) : devbondmet_drw has 0 polygons
2026-08-14 15:36:46 +0200: Memory Usage (470196K) : devtrench_drw has 0 polygons
2026-08-14 15:36:46 +0200: Memory Usage (470324K) : redist_drw has 0 polygons
2026-08-14 15:36:46 +0200: Memory Usage (470324K) : graphbot_drw has 0 polygons
2026-08-14 15:36:46 +0200: Memory Usage (470324K) : graphtop_drw has 0 polygons
2026-08-14 15:36:46 +0200: Memory Usage (470452K) : antvia1_drw has 0 polygons
2026-08-14 15:36:46 +0200: Memory Usage (470452K) : antmetal2_drw has 0 polygons
2026-08-14 15:36:46 +0200: Memory Usage (470452K) : graphcont_drw has 0 polygons
2026-08-14 15:36:46 +0200: Memory Usage (470452K) : siwg_drw has 0 polygons
2026-08-14 15:36:46 +0200: Memory Usage (470580K) : siwg_filler has 0 polygons
2026-08-14 15:36:46 +0200: Memory Usage (470580K) : siwg_nofill has 0 polygons
2026-08-14 15:36:46 +0200: Memory Usage (470708K) : sigrating_drw has 0 polygons
2026-08-14 15:36:46 +0200: Memory Usage (470836K) : singrating_drw has 0 polygons
2026-08-14 15:36:46 +0200: Memory Usage (470836K) : graphpas_drw has 0 polygons
2026-08-14 15:36:46 +0200: Memory Usage (470964K) : emwind3_drw has 0 polygons
2026-08-14 15:36:46 +0200: Memory Usage (470964K) : emwihv3_drw has 0 polygons
2026-08-14 15:36:46 +0200: Memory Usage (471092K) : redbulay_drw has 0 polygons
2026-08-14 15:36:46 +0200: Memory Usage (471092K) : smos_drw has 0 polygons
2026-08-14 15:36:46 +0200: Memory Usage (471220K) : graphpad_drw has 0 polygons
2026-08-14 15:36:46 +0200: Memory Usage (471220K) : polimide_drw has 0 polygons
2026-08-14 15:36:46 +0200: Memory Usage (471348K) : polimide_pin has 0 polygons
2026-08-14 15:36:46 +0200: Memory Usage (471348K) : recog_drw has 0 polygons
2026-08-14 15:36:46 +0200: Memory Usage (471476K) : recog_pin has 0 polygons
2026-08-14 15:36:46 +0200: Memory Usage (471604K) : recog_esd has 0 polygons
2026-08-14 15:36:46 +0200: Memory Usage (471604K) : recog_diode has 0 polygons
2026-08-14 15:36:46 +0200: Memory Usage (471732K) : recog_tsv has 0 polygons
2026-08-14 15:36:46 +0200: Memory Usage (471732K) : recog_iprobe has 0 polygons
2026-08-14 15:36:46 +0200: Memory Usage (471860K) : recog_diffprb has 0 polygons
2026-08-14 15:36:46 +0200: Memory Usage (471860K) : recog_pillar has 0 polygons
2026-08-14 15:36:46 +0200: Memory Usage (471988K) : recog_sbump has 0 polygons
2026-08-14 15:36:46 +0200: Memory Usage (471988K) : recog_otp has 0 polygons
2026-08-14 15:36:46 +0200: Memory Usage (472116K) : recog_pdiode has 0 polygons
2026-08-14 15:36:46 +0200: Memory Usage (472116K) : recog_mom has 0 polygons
2026-08-14 15:36:46 +0200: Memory Usage (472244K) : recog_pcm has 0 polygons
2026-08-14 15:36:46 +0200: Memory Usage (472372K) : colopen_drw has 0 polygons
2026-08-14 15:36:46 +0200: Memory Usage (472372K) : graphmetal1_drw has 0 polygons
2026-08-14 15:36:46 +0200: Memory Usage (472500K) : graphmetal1_filler has 0 polygons
2026-08-14 15:36:46 +0200: Memory Usage (472500K) : graphmetal1_nofill has 0 polygons
2026-08-14 15:36:46 +0200: Memory Usage (472628K) : graphmetal1_slit has 0 polygons
2026-08-14 15:36:46 +0200: Memory Usage (472628K) : graphmetal1_OPC has 0 polygons
2026-08-14 15:36:46 +0200: Memory Usage (472756K) : graphmet1l_drw has 0 polygons
2026-08-14 15:36:46 +0200: Memory Usage (472756K) : graphmet1l_filler has 0 polygons
2026-08-14 15:36:46 +0200: Memory Usage (472884K) : graphmet1l_nofill has 0 polygons
2026-08-14 15:36:46 +0200: Memory Usage (473012K) : graphmet1l_slit has 0 polygons
2026-08-14 15:36:46 +0200: Memory Usage (473012K) : graphmet1l_OPC has 0 polygons
2026-08-14 15:36:46 +0200: Memory Usage (473012K) : extblock_drw has 9 polygons
2026-08-14 15:36:46 +0200: Memory Usage (473012K) : nldd_drw has 0 polygons
2026-08-14 15:36:46 +0200: Memory Usage (473012K) : pldd_drw has 0 polygons
2026-08-14 15:36:46 +0200: Memory Usage (473012K) : next_drw has 0 polygons
2026-08-14 15:36:46 +0200: Memory Usage (473012K) : pext_drw has 0 polygons
2026-08-14 15:36:46 +0200: Memory Usage (473140K) : nexthv_drw has 0 polygons
2026-08-14 15:36:46 +0200: Memory Usage (473140K) : pexthv_drw has 0 polygons
2026-08-14 15:36:46 +0200: Memory Usage (473268K) : graphgate_drw has 0 polygons
2026-08-14 15:36:46 +0200: Memory Usage (473268K) : sinwg_drw has 0 polygons
2026-08-14 15:36:46 +0200: Memory Usage (473396K) : sinwg_filler has 0 polygons
2026-08-14 15:36:46 +0200: Memory Usage (473396K) : sinwg_nofill has 0 polygons
2026-08-14 15:36:46 +0200: Memory Usage (473524K) : mempad_drw has 0 polygons
2026-08-14 15:36:46 +0200: Memory Usage (473652K) : topvia1_drw has 0 polygons
2026-08-14 15:36:46 +0200: Memory Usage (473652K) : topmetal1_drw has 0 polygons
2026-08-14 15:36:46 +0200: Memory Usage (473780K) : topmetal1_filler has 0 polygons
2026-08-14 15:36:46 +0200: Memory Usage (473780K) : topmetal1_slit has 0 polygons
2026-08-14 15:36:46 +0200: Memory Usage (473908K) : topmetal1 has 0 polygons
2026-08-14 15:36:46 +0200: Memory Usage (474036K) : topmetal1_pin has 0 polygons
2026-08-14 15:36:46 +0200: Memory Usage (474036K) : topmetal1_mask has 0 polygons
2026-08-14 15:36:46 +0200: Memory Usage (474164K) : topmetal1_nofill has 0 polygons
2026-08-14 15:36:46 +0200: Memory Usage (474164K) : topmetal1_text has 0 polygons
2026-08-14 15:36:46 +0200: Memory Usage (474292K) : topmetal1_noqrc has 0 polygons
2026-08-14 15:36:46 +0200: Memory Usage (474292K) : topmetal1_res has 0 polygons
2026-08-14 15:36:46 +0200: Memory Usage (474420K) : topmetal1_iprobe has 0 polygons
2026-08-14 15:36:46 +0200: Memory Usage (474420K) : topmetal1_diffprb has 0 polygons
2026-08-14 15:36:46 +0200: Memory Usage (474548K) : inldpwl_drw has 0 polygons
2026-08-14 15:36:46 +0200: Memory Usage (474676K) : polyres_drw has 3 polygons
2026-08-14 15:36:46 +0200: Memory Usage (474676K) : polyres_pin has 0 polygons
2026-08-14 15:36:46 +0200: Memory Usage (474804K) : vmim_drw has 0 polygons
2026-08-14 15:36:46 +0200: Memory Usage (474804K) : nbulaycut_drw has 0 polygons
2026-08-14 15:36:46 +0200: Memory Usage (474932K) : antmetal1_drw has 0 polygons
2026-08-14 15:36:46 +0200: Memory Usage (474932K) : topvia2_drw has 0 polygons
2026-08-14 15:36:46 +0200: Memory Usage (475060K) : topmetal2_drw has 0 polygons
2026-08-14 15:36:46 +0200: Memory Usage (475060K) : topmetal2_filler has 0 polygons
2026-08-14 15:36:46 +0200: Memory Usage (475188K) : topmetal2_slit has 0 polygons
2026-08-14 15:36:46 +0200: Memory Usage (475316K) : topmetal2 has 0 polygons
2026-08-14 15:36:46 +0200: Memory Usage (475316K) : topmetal2_pin has 0 polygons
2026-08-14 15:36:46 +0200: Memory Usage (475444K) : topmetal2_mask has 0 polygons
2026-08-14 15:36:46 +0200: Memory Usage (475572K) : topmetal2_nofill has 0 polygons
2026-08-14 15:36:46 +0200: Memory Usage (475572K) : topmetal2_text has 0 polygons
2026-08-14 15:36:46 +0200: Memory Usage (475700K) : topmetal2_noqrc has 0 polygons
2026-08-14 15:36:46 +0200: Memory Usage (475700K) : topmetal2_res has 0 polygons
2026-08-14 15:36:46 +0200: Memory Usage (475828K) : topmetal2_iprobe has 0 polygons
2026-08-14 15:36:46 +0200: Memory Usage (475828K) : topmetal2_diffprb has 0 polygons
2026-08-14 15:36:46 +0200: Memory Usage (475956K) : snsring_drw has 0 polygons
2026-08-14 15:36:46 +0200: Memory Usage (475956K) : sensor_drw has 0 polygons
2026-08-14 15:36:46 +0200: Memory Usage (476084K) : snsarms_drw has 0 polygons
2026-08-14 15:36:46 +0200: Memory Usage (476084K) : snscmosvia_drw has 0 polygons
2026-08-14 15:36:46 +0200: Memory Usage (476212K) : colwind_drw has 0 polygons
2026-08-14 15:36:46 +0200: Memory Usage (476340K) : flm_drw has 0 polygons
2026-08-14 15:36:46 +0200: Memory Usage (476340K) : hafniumox_drw has 0 polygons
2026-08-14 15:36:46 +0200: Memory Usage (476468K) : memvia_drw has 0 polygons
2026-08-14 15:36:46 +0200: Memory Usage (476468K) : thinfilmres_drw has 0 polygons
2026-08-14 15:36:46 +0200: Memory Usage (476596K) : rfmem_drw has 0 polygons
2026-08-14 15:36:46 +0200: Memory Usage (476596K) : norcx_drw has 0 polygons
2026-08-14 15:36:46 +0200: Memory Usage (476724K) : norcx_m2m3 has 0 polygons
2026-08-14 15:36:46 +0200: Memory Usage (476724K) : norcx_m2m4 has 0 polygons
2026-08-14 15:36:46 +0200: Memory Usage (476852K) : norcx_m2m5 has 0 polygons
2026-08-14 15:36:46 +0200: Memory Usage (476980K) : norcx_m2tm1 has 0 polygons
2026-08-14 15:36:46 +0200: Memory Usage (476980K) : norcx_m2tm2 has 0 polygons
2026-08-14 15:36:46 +0200: Memory Usage (477108K) : norcx_m3m4 has 0 polygons
2026-08-14 15:36:46 +0200: Memory Usage (477108K) : norcx_m3m5 has 0 polygons
2026-08-14 15:36:46 +0200: Memory Usage (477236K) : norcx_m3tm1 has 0 polygons
2026-08-14 15:36:46 +0200: Memory Usage (477236K) : norcx_m3tm2 has 0 polygons
2026-08-14 15:36:46 +0200: Memory Usage (477364K) : norcx_m4m5 has 0 polygons
2026-08-14 15:36:46 +0200: Memory Usage (477364K) : norcx_m4tm1 has 0 polygons
2026-08-14 15:36:46 +0200: Memory Usage (477492K) : norcx_m4tm2 has 0 polygons
2026-08-14 15:36:46 +0200: Memory Usage (477492K) : norcx_m5tm1 has 0 polygons
2026-08-14 15:36:46 +0200: Memory Usage (477620K) : norcx_m5tm2 has 0 polygons
2026-08-14 15:36:46 +0200: Memory Usage (477748K) : norcx_tm1tm2 has 0 polygons
2026-08-14 15:36:46 +0200: Memory Usage (477748K) : norcx_m1sub has 0 polygons
2026-08-14 15:36:46 +0200: Memory Usage (477876K) : norcx_m2sub has 0 polygons
2026-08-14 15:36:46 +0200: Memory Usage (477876K) : norcx_m3sub has 0 polygons
2026-08-14 15:36:46 +0200: Memory Usage (478004K) : norcx_m4sub has 0 polygons
2026-08-14 15:36:46 +0200: Memory Usage (478004K) : norcx_m5sub has 0 polygons
2026-08-14 15:36:46 +0200: Memory Usage (478132K) : norcx_tm1sub has 0 polygons
2026-08-14 15:36:46 +0200: Memory Usage (478132K) : norcx_tm2sub has 0 polygons
2026-08-14 15:36:46 +0200: Memory Usage (478260K) : snsbotvia_drw has 0 polygons
2026-08-14 15:36:46 +0200: Memory Usage (478388K) : snstopvia_drw has 0 polygons
2026-08-14 15:36:46 +0200: Memory Usage (478388K) : deepvia_drw has 0 polygons
2026-08-14 15:36:46 +0200: Memory Usage (478516K) : fgetch_drw has 0 polygons
2026-08-14 15:36:46 +0200: Memory Usage (478516K) : ctrgat_drw has 0 polygons
2026-08-14 15:36:46 +0200: Memory Usage (478644K) : fgimp_drw has 0 polygons
2026-08-14 15:36:46 +0200: Memory Usage (478644K) : emwihv_drw has 0 polygons
2026-08-14 15:36:46 +0200: Memory Usage (478772K) : lbe_drw has 0 polygons
2026-08-14 15:36:46 +0200: Memory Usage (478772K) : alcustop_drw has 0 polygons
2026-08-14 15:36:46 +0200: Memory Usage (478900K) : nometfiller_drw has 0 polygons
2026-08-14 15:36:46 +0200: Memory Usage (478900K) : prboundary_drw has 0 polygons
2026-08-14 15:36:46 +0200: Memory Usage (479028K) : exchange0_drw has 0 polygons
2026-08-14 15:36:46 +0200: Memory Usage (479156K) : exchange0_pin has 0 polygons
2026-08-14 15:36:46 +0200: Memory Usage (479156K) : exchange0_text has 0 polygons
2026-08-14 15:36:46 +0200: Memory Usage (479284K) : exchange1_drw has 0 polygons
2026-08-14 15:36:46 +0200: Memory Usage (479284K) : exchange1_pin has 0 polygons
2026-08-14 15:36:46 +0200: Memory Usage (479412K) : exchange1_text has 0 polygons
2026-08-14 15:36:46 +0200: Memory Usage (479412K) : exchange2_drw has 0 polygons
2026-08-14 15:36:46 +0200: Memory Usage (479412K) : exchange2_pin has 0 polygons
2026-08-14 15:36:46 +0200: Memory Usage (479412K) : exchange2_text has 0 polygons
2026-08-14 15:36:46 +0200: Memory Usage (479412K) : exchange3_drw has 0 polygons
2026-08-14 15:36:46 +0200: Memory Usage (479412K) : exchange3_pin has 0 polygons
2026-08-14 15:36:46 +0200: Memory Usage (479412K) : exchange3_text has 0 polygons
2026-08-14 15:36:46 +0200: Memory Usage (479412K) : exchange4_drw has 0 polygons
2026-08-14 15:36:46 +0200: Memory Usage (479412K) : exchange4_pin has 0 polygons
2026-08-14 15:36:46 +0200: Memory Usage (479412K) : exchange4_text has 0 polygons
2026-08-14 15:36:46 +0200: Memory Usage (479412K) : isonwell_drw has 0 polygons
2026-08-14 15:36:46 +0200: Memory Usage (479412K) : Total no. of polygons in the design is 1799
2026-08-14 15:36:46 +0200: Memory Usage (479412K) : Starting CMOS5L Forbidden Layer Check
2026-08-14 15:36:46 +0200: Memory Usage (479412K) : CMOS5L Forbidden Layer Check: PASSED - No forbidden layers found
2026-08-14 15:36:46 +0200: Memory Usage (479412K) : CMOS5L Forbidden Layer Check: PASSED
2026-08-14 15:36:46 +0200: Memory Usage (479412K) : Starting base layers derivations
2026-08-14 15:36:46 +0200: Memory Usage (479412K) : Starting general LVS derivations
2026-08-14 15:36:46 +0200: Memory Usage (485264K) : Starting MOSFET DERIVATIONS
2026-08-14 15:36:46 +0200: Memory Usage (487568K) : Starting NMOS DERIVATIONS
2026-08-14 15:36:46 +0200: Memory Usage (487824K) : Starting PMOS DERIVATIONS
2026-08-14 15:36:46 +0200: Memory Usage (487824K) : Starting RF-MOSFET DERIVATIONS
2026-08-14 15:36:46 +0200: Memory Usage (487824K) : Starting RF-NMOS DERIVATIONS
2026-08-14 15:36:46 +0200: Memory Usage (487824K) : Starting RF-PMOS DERIVATIONS
2026-08-14 15:36:46 +0200: Memory Usage (487824K) : Starting BJT DERIVATIONS
2026-08-14 15:36:46 +0200: Memory Usage (487824K) : Starting NPN-BJT DERIVATIONS
2026-08-14 15:36:46 +0200: Memory Usage (487824K) : Starting PNP-BJT DERIVATIONS
2026-08-14 15:36:46 +0200: Memory Usage (487824K) : Starting DIODE DERIVATIONS
2026-08-14 15:36:46 +0200: Memory Usage (487824K) : Starting RESISTOR DERIVATIONS
2026-08-14 15:36:47 +0200: Memory Usage (488208K) : Starting CAP DERIVATIONS
2026-08-14 15:36:47 +0200: Memory Usage (488208K) : Starting CAP_MFRINGE DERIVATIONS
2026-08-14 15:36:47 +0200: Memory Usage (488208K) : Starting ESD DERIVATIONS
2026-08-14 15:36:47 +0200: Memory Usage (491152K) : Starting Inductor DERIVATIONS
2026-08-14 15:36:47 +0200: Memory Usage (491152K) : Starting Taps DERIVATIONS
2026-08-14 15:36:47 +0200: Memory Usage (491152K) : Starting SG13G2 LVS connectivity setup
2026-08-14 15:36:47 +0200: Memory Usage (491152K) : Starting SG13G2 LVS connectivity setup (Inter-layer)
2026-08-14 15:36:47 +0200: Memory Usage (491280K) : Starting SG13G2 LVS connectivity setup (Global)
2026-08-14 15:36:47 +0200: Memory Usage (491280K) : Starting LVS MOSFET CONNECTIONS
2026-08-14 15:36:47 +0200: Memory Usage (491280K) : Starting LVS RF-MOSFET CONNECTIONS
2026-08-14 15:36:47 +0200: Memory Usage (491280K) : Starting LVS BJT CONNECTIONS
2026-08-14 15:36:47 +0200: Memory Usage (491280K) : Starting LVS DIODE CONNECTIONS
2026-08-14 15:36:47 +0200: Memory Usage (491280K) : Starting RESISTOR CONNECTIONS
2026-08-14 15:36:47 +0200: Memory Usage (491280K) : Starting LVS CAP CONNECTIONS
2026-08-14 15:36:47 +0200: Memory Usage (491280K) : Starting ESD CONNECTIONS
2026-08-14 15:36:47 +0200: Memory Usage (491280K) : Starting Inductor CONNECTIONS
2026-08-14 15:36:47 +0200: Memory Usage (491280K) : Starting LVS Taps CONNECTIONS
2026-08-14 15:36:47 +0200: Memory Usage (491280K) : Starting CAP_MFRINGE CONNECTIONS
2026-08-14 15:36:47 +0200: Memory Usage (491280K) : Starting SG13CMOS5L LVS DEVICES EXTRACTION
2026-08-14 15:36:47 +0200: Memory Usage (491280K) : Starting MOSFET EXTRACTION
2026-08-14 15:36:47 +0200: Memory Usage (491280K) : Starting NMOS EXTRACTION
2026-08-14 15:36:47 +0200: Memory Usage (491280K) : Extraction of NMOS-LV transistor
2026-08-14 15:36:47 +0200: Memory Usage (491408K) : Extraction of NMOS-HV transistor
2026-08-14 15:36:47 +0200: Memory Usage (491408K) : Starting PMOS EXTRACTION
2026-08-14 15:36:47 +0200: Memory Usage (491408K) : Extraction of PMOS-LV transistor
2026-08-14 15:36:47 +0200: Memory Usage (491408K) : Extraction of PMOS-HV transistor
2026-08-14 15:36:47 +0200: Memory Usage (491408K) : Starting RF-MOSFET EXTRACTION
2026-08-14 15:36:47 +0200: Memory Usage (491408K) : Extraction of RF-NMOS-LV transistor
2026-08-14 15:36:47 +0200: Memory Usage (491408K) : Extraction of RF-NMOS-HV transistor
2026-08-14 15:36:47 +0200: Memory Usage (491408K) : Extraction of RF-PMOS-LV transistor
2026-08-14 15:36:47 +0200: Memory Usage (491408K) : Extraction of RF-PMOS-HV transistor
2026-08-14 15:36:47 +0200: Memory Usage (491408K) : Starting BJT EXTRACTION
2026-08-14 15:36:47 +0200: Memory Usage (491408K) : Starting NPN-BJT EXTRACTION
2026-08-14 15:36:47 +0200: Memory Usage (491408K) : Extraction of npn13G2 BJT transistor
2026-08-14 15:36:47 +0200: Memory Usage (491408K) : Extraction of npn13G2L BJT transistor
2026-08-14 15:36:47 +0200: Memory Usage (491408K) : Extraction of npn13G2V BJT transistor
2026-08-14 15:36:47 +0200: Memory Usage (491408K) : Starting PNP-BJT EXTRACTION
2026-08-14 15:36:47 +0200: Memory Usage (491408K) : Extracting pnpMPA BJT
2026-08-14 15:36:47 +0200: Memory Usage (491408K) : Starting DIODE EXTRACTION
2026-08-14 15:36:47 +0200: Memory Usage (491408K) : Extracting dantenna diode
2026-08-14 15:36:47 +0200: Memory Usage (491408K) : Extracting dpantenna diode
2026-08-14 15:36:47 +0200: Memory Usage (491408K) : Extracting schottky_nbl1 diode
2026-08-14 15:36:47 +0200: Memory Usage (491408K) : Extracting isolbox diode
2026-08-14 15:36:47 +0200: Memory Usage (491408K) : Starting RESISTOR EXTRACTION
2026-08-14 15:36:47 +0200: Memory Usage (491408K) : Extracting rsil resistor
2026-08-14 15:36:47 +0200: Memory Usage (491408K) : Extracting rppd resistor
2026-08-14 15:36:47 +0200: Memory Usage (491592K) : Extracting rhigh resistor
2026-08-14 15:36:47 +0200: Memory Usage (491592K) : Extracting res_metal1 resistor
2026-08-14 15:36:47 +0200: Memory Usage (491592K) : Extracting res_metal2 resistor
2026-08-14 15:36:47 +0200: Memory Usage (491592K) : Extracting res_metal3 resistor
2026-08-14 15:36:47 +0200: Memory Usage (491592K) : Extracting res_metal4 resistor
2026-08-14 15:36:47 +0200: Memory Usage (491592K) : Extracting res_metal5 resistor
2026-08-14 15:36:47 +0200: Memory Usage (491592K) : Extracting res_topmetal1 resistor
2026-08-14 15:36:47 +0200: Memory Usage (491592K) : Extracting res_topmetal2 resistor
2026-08-14 15:36:47 +0200: Memory Usage (491592K) : Starting CAP EXTRACTION
2026-08-14 15:36:47 +0200: Memory Usage (491592K) : Extracting cap_cmim device
2026-08-14 15:36:47 +0200: Memory Usage (491592K) : Extracting rfcmim device
2026-08-14 15:36:47 +0200: Memory Usage (491592K) : Extracting sg13_hv_svaricap varactor
2026-08-14 15:36:47 +0200: Memory Usage (491592K) : Extracting cap_mfringe device
2026-08-14 15:36:47 +0200: Memory Usage (491592K) : Starting ESD EXTRACTION
2026-08-14 15:36:47 +0200: Memory Usage (491592K) : Extracting diodevdd_2kv ESD device
2026-08-14 15:36:47 +0200: Memory Usage (491592K) : Extracting diodevdd_4kv ESD device
2026-08-14 15:36:47 +0200: Memory Usage (491592K) : Extracting diodevss_2kv ESD device
2026-08-14 15:36:47 +0200: Memory Usage (491592K) : Extracting diodevss_4kv ESD device
2026-08-14 15:36:47 +0200: Memory Usage (491592K) : Extracting idiodevdd_2kv ESD device
2026-08-14 15:36:47 +0200: Memory Usage (491592K) : Extracting idiodevdd_4kv ESD device
2026-08-14 15:36:47 +0200: Memory Usage (491592K) : Extracting idiodevss_2kv ESD device
2026-08-14 15:36:47 +0200: Memory Usage (491592K) : Extracting idiodevss_4kv ESD device
2026-08-14 15:36:47 +0200: Memory Usage (491592K) : Extracting nmoscl_2 ESD device
2026-08-14 15:36:47 +0200: Memory Usage (491592K) : Extracting nmoscl_4 ESD device
2026-08-14 15:36:47 +0200: Memory Usage (491592K) : Starting Inductor EXTRACTION
2026-08-14 15:36:47 +0200: Memory Usage (491592K) : Extracting Inductor2 device
2026-08-14 15:36:47 +0200: Memory Usage (491592K) : Extracting Inductor3 device
2026-08-14 15:36:47 +0200: Memory Usage (491592K) : Starting Taps EXTRACTION
2026-08-14 15:36:47 +0200: Memory Usage (491592K) : DISABLE_TAP_EXTRACTION is enabled: skipping ntap1/ptap1 device extraction.
2026-08-14 15:36:47 +0200: Memory Usage (491592K) : Starting SG13CMOS5L LVS RF MOS Model Mapping
2026-08-14 15:36:47 +0200: Memory Usage (491720K) : [layout_netlist] Apply RF MOS model mapping and rfmode parameter.
2026-08-14 15:36:47 +0200: Memory Usage (491720K) : Starting SG13CMOS5L LVS Options Preparations
2026-08-14 15:36:47 +0200: Memory Usage (491720K) : SG13CMOS5L LVS flow: extraction -> alignment -> option preparation -> comparison.
2026-08-14 15:36:47 +0200: Memory Usage (491720K) : Starting SG13CMOS5L LVS Alignment
2026-08-14 15:36:47 +0200: Memory Usage (491720K) : Starting SG13CMOS5L LVS Simplification
2026-08-14 15:36:47 +0200: Memory Usage (491720K) : [layout_netlist] simplify: ENABLED
2026-08-14 15:36:47 +0200: Memory Usage (491720K) : [layout_netlist] make_top_level_pins: SKIPPED
2026-08-14 15:36:47 +0200: Memory Usage (491720K) : [layout_netlist] combine_devices: SKIPPED
2026-08-14 15:36:47 +0200: Memory Usage (491720K) : [layout_netlist] purge: SKIPPED
2026-08-14 15:36:47 +0200: Memory Usage (491720K) : [layout_netlist] purge_nets: SKIPPED
2026-08-14 15:36:47 +0200: Memory Usage (491720K) : [schematic_netlist] simplify: ENABLED
2026-08-14 15:36:47 +0200: Memory Usage (491720K) : [schematic_netlist] make_top_level_pins: SKIPPED
2026-08-14 15:36:47 +0200: Memory Usage (491720K) : [schematic_netlist] combine_devices: SKIPPED
2026-08-14 15:36:47 +0200: Memory Usage (491720K) : [schematic_netlist] purge: SKIPPED
2026-08-14 15:36:47 +0200: Memory Usage (491720K) : [schematic_netlist] purge_nets: SKIPPED
2026-08-14 15:36:47 +0200: Memory Usage (491720K) : Starting SG13CMOS5L LVS Comparison in strict port mode.
2026-08-14 15:36:47 +0200: Memory Usage (491720K) : flag_missing_ports enabled: missing/mislabeled top-level ports are treated as errors.
2026-08-14 15:36:47 +0200: Memory Usage (491848K) : ==========================================
2026-08-14 15:36:47 +0200: Memory Usage (491848K) : INFO : Congratulations! Netlists match.
2026-08-14 15:36:47 +0200: Memory Usage (491848K) : ==========================================
2026-08-14 15:36:47 +0200: Memory Usage (491848K) : LVS Total Run time 1.344366 seconds
2026-08-14 15:43:34 +0200: Memory Usage (457816K) : Starting running SG13CMOS5L Klayout LVS runset on /foss/designs/CHIP-PLL/layout/CP/charge_pump/charge_pump_cell_next.gds
2026-08-14 15:43:34 +0200: Memory Usage (457816K) : Ruby Version for klayout: 3.2.3
2026-08-14 15:43:34 +0200: Memory Usage (459168K) : Loading database to memory is complete.
2026-08-14 15:43:34 +0200: Memory Usage (459168K) : SG13CMOS5L Klayout LVS runset output at: /foss/designs/CHIP-PLL/layout/CP/lvs/charge_pump_cell_next.lvsdb
2026-08-14 15:43:34 +0200: Memory Usage (459168K) : Evaluate switches.
2026-08-14 15:43:34 +0200: Memory Usage (459168K) : Extracted netlist with net names: true
2026-08-14 15:43:34 +0200: Memory Usage (459168K) : Extracted netlist with comments in details: false
2026-08-14 15:43:34 +0200: Memory Usage (459168K) : Selected NET_ONLY option: false
2026-08-14 15:43:34 +0200: Memory Usage (459168K) : Selected LAYOUT_NETLIST option: (none)
2026-08-14 15:43:34 +0200: Memory Usage (459168K) : Selected IGNORE_TOP_PORTS_MISMATCH option: 
2026-08-14 15:43:34 +0200: Memory Usage (459168K) : Selected IMPLICIT_NETS option: (none)
2026-08-14 15:43:34 +0200: Memory Usage (459168K) : Selected TOP_LVL_PINS option: false
2026-08-14 15:43:34 +0200: Memory Usage (459168K) : Selected COMBINE DEVICES option: false
2026-08-14 15:43:34 +0200: Memory Usage (459168K) : Selected PURGE option: false
2026-08-14 15:43:34 +0200: Memory Usage (459168K) : Selected PURGE_NETS option: false
2026-08-14 15:43:34 +0200: Memory Usage (459168K) : Selected SIMPLIFY option: true
2026-08-14 15:43:34 +0200: Memory Usage (459168K) : Selected SERIES_RES option: true
2026-08-14 15:43:34 +0200: Memory Usage (459168K) : Selected PARALLEL_RES option: true
2026-08-14 15:43:34 +0200: Memory Usage (459168K) : Selected DISABLE_TAP_EXTRACTION option: true
2026-08-14 15:43:34 +0200: Memory Usage (459168K) : deep  mode is enabled.
2026-08-14 15:43:34 +0200: Memory Usage (459424K) : Netlist file: /foss/designs/CHIP-PLL/layout/CP/netlists/charge_pump_cell.spice
2026-08-14 15:43:34 +0200: Memory Usage (459424K) : LVS extracted netlist at: /foss/designs/CHIP-PLL/layout/CP/lvs/charge_pump_cell_next_extracted.cir
2026-08-14 15:43:34 +0200: Memory Usage (459424K) : Applying SRAM integration support.
2026-08-14 15:43:34 +0200: Memory Usage (459424K) : Starting SG13CMOS5L LVS runset
2026-08-14 15:43:34 +0200: Memory Usage (459424K) : Read in polygons from layers.
2026-08-14 15:43:34 +0200: Memory Usage (460420K) : activ_drw has 123 polygons
2026-08-14 15:43:34 +0200: Memory Usage (460420K) : activ_filler has 0 polygons
2026-08-14 15:43:34 +0200: Memory Usage (460548K) : activ has 123 polygons
2026-08-14 15:43:34 +0200: Memory Usage (460548K) : activ_pin has 0 polygons
2026-08-14 15:43:34 +0200: Memory Usage (460548K) : activ_mask has 0 polygons
2026-08-14 15:43:34 +0200: Memory Usage (460548K) : activ_nofill has 0 polygons
2026-08-14 15:43:34 +0200: Memory Usage (460548K) : activ_OPC has 0 polygons
2026-08-14 15:43:34 +0200: Memory Usage (460676K) : activ_iOPC has 0 polygons
2026-08-14 15:43:34 +0200: Memory Usage (460676K) : activ_noqrc has 0 polygons
2026-08-14 15:43:34 +0200: Memory Usage (460676K) : biwind_drw has 0 polygons
2026-08-14 15:43:34 +0200: Memory Usage (460676K) : biwind_OPC has 0 polygons
2026-08-14 15:43:34 +0200: Memory Usage (460820K) : gatpoly_drw has 126 polygons
2026-08-14 15:43:34 +0200: Memory Usage (460820K) : gatpoly_filler has 0 polygons
2026-08-14 15:43:34 +0200: Memory Usage (460820K) : gatpoly has 126 polygons
2026-08-14 15:43:34 +0200: Memory Usage (460820K) : gatpoly_pin has 29 polygons
2026-08-14 15:43:34 +0200: Memory Usage (460820K) : gatpoly_nofill has 0 polygons
2026-08-14 15:43:34 +0200: Memory Usage (460948K) : gatpoly_OPC has 0 polygons
2026-08-14 15:43:34 +0200: Memory Usage (460948K) : gatpoly_iOPC has 0 polygons
2026-08-14 15:43:34 +0200: Memory Usage (460948K) : gatpoly_noqrc has 0 polygons
2026-08-14 15:43:34 +0200: Memory Usage (461076K) : cont_drw has 576 polygons
2026-08-14 15:43:34 +0200: Memory Usage (461076K) : cont_OPC has 0 polygons
2026-08-14 15:43:34 +0200: Memory Usage (461204K) : nsd_drw has 0 polygons
2026-08-14 15:43:34 +0200: Memory Usage (461204K) : nsd_block has 0 polygons
2026-08-14 15:43:34 +0200: Memory Usage (461508K) : metal1_drw has 383 polygons
2026-08-14 15:43:34 +0200: Memory Usage (461892K) : metal1_filler has 0 polygons
2026-08-14 15:43:34 +0200: Memory Usage (461892K) : metal1_slit has 0 polygons
2026-08-14 15:43:34 +0200: Memory Usage (462148K) : metal1 has 383 polygons
2026-08-14 15:43:34 +0200: Memory Usage (462148K) : metal1_pin has 74 polygons
2026-08-14 15:43:34 +0200: Memory Usage (462148K) : metal1_mask has 0 polygons
2026-08-14 15:43:34 +0200: Memory Usage (462148K) : metal1_nofill has 0 polygons
2026-08-14 15:43:34 +0200: Memory Usage (462404K) : metal1_text has 8 polygons
2026-08-14 15:43:34 +0200: Memory Usage (462404K) : metal1_OPC has 0 polygons
2026-08-14 15:43:34 +0200: Memory Usage (462532K) : metal1_noqrc has 0 polygons
2026-08-14 15:43:34 +0200: Memory Usage (462532K) : metal1_res has 0 polygons
2026-08-14 15:43:34 +0200: Memory Usage (462660K) : metal1_iprobe has 0 polygons
2026-08-14 15:43:34 +0200: Memory Usage (462788K) : metal1_diffprb has 0 polygons
2026-08-14 15:43:34 +0200: Memory Usage (462788K) : passiv_drw has 0 polygons
2026-08-14 15:43:34 +0200: Memory Usage (462916K) : passiv_pin has 0 polygons
2026-08-14 15:43:34 +0200: Memory Usage (462916K) : passiv_sbump has 0 polygons
2026-08-14 15:43:34 +0200: Memory Usage (463044K) : passiv_pillar has 0 polygons
2026-08-14 15:43:34 +0200: Memory Usage (463172K) : passiv_pdl has 0 polygons
2026-08-14 15:43:34 +0200: Memory Usage (463172K) : metal2_drw has 147 polygons
2026-08-14 15:43:34 +0200: Memory Usage (463300K) : metal2_filler has 0 polygons
2026-08-14 15:43:34 +0200: Memory Usage (463300K) : metal2_slit has 0 polygons
2026-08-14 15:43:34 +0200: Memory Usage (463428K) : metal2 has 147 polygons
2026-08-14 15:43:34 +0200: Memory Usage (463556K) : metal2_pin has 6 polygons
2026-08-14 15:43:34 +0200: Memory Usage (463684K) : metal2_mask has 0 polygons
2026-08-14 15:43:34 +0200: Memory Usage (463684K) : metal2_nofill has 0 polygons
2026-08-14 15:43:34 +0200: Memory Usage (463812K) : metal2_text has 6 polygons
2026-08-14 15:43:34 +0200: Memory Usage (463812K) : metal2_OPC has 0 polygons
2026-08-14 15:43:34 +0200: Memory Usage (463940K) : metal2_noqrc has 0 polygons
2026-08-14 15:43:34 +0200: Memory Usage (463940K) : metal2_res has 0 polygons
2026-08-14 15:43:34 +0200: Memory Usage (464068K) : metal2_iprobe has 0 polygons
2026-08-14 15:43:34 +0200: Memory Usage (464068K) : metal2_diffprb has 0 polygons
2026-08-14 15:43:34 +0200: Memory Usage (464196K) : baspoly_drw has 0 polygons
2026-08-14 15:43:34 +0200: Memory Usage (464196K) : baspoly_pin has 0 polygons
2026-08-14 15:43:34 +0200: Memory Usage (464324K) : psd_drw has 26 polygons
2026-08-14 15:43:34 +0200: Memory Usage (464452K) : nldb_drw has 0 polygons
2026-08-14 15:43:34 +0200: Memory Usage (464452K) : digibnd_drw has 0 polygons
2026-08-14 15:43:34 +0200: Memory Usage (464580K) : via1_drw has 66 polygons
2026-08-14 15:43:34 +0200: Memory Usage (464580K) : backmetal1_drw has 0 polygons
2026-08-14 15:43:34 +0200: Memory Usage (464708K) : backmetal1_pin has 0 polygons
2026-08-14 15:43:34 +0200: Memory Usage (464708K) : backmetal1_mask has 0 polygons
2026-08-14 15:43:34 +0200: Memory Usage (464836K) : backmetal1_filler has 0 polygons
2026-08-14 15:43:34 +0200: Memory Usage (464964K) : backmetal1_nofill has 0 polygons
2026-08-14 15:43:34 +0200: Memory Usage (464964K) : backmetal1_slit has 0 polygons
2026-08-14 15:43:34 +0200: Memory Usage (465092K) : backmetal1_text has 0 polygons
2026-08-14 15:43:34 +0200: Memory Usage (465220K) : backmetal1_OPC has 0 polygons
2026-08-14 15:43:34 +0200: Memory Usage (465348K) : backmetal1_noqrc has 0 polygons
2026-08-14 15:43:34 +0200: Memory Usage (465348K) : backmetal1_res has 0 polygons
2026-08-14 15:43:34 +0200: Memory Usage (465476K) : backmetal1_iprobe has 0 polygons
2026-08-14 15:43:34 +0200: Memory Usage (465476K) : backmetal1_diffprb has 0 polygons
2026-08-14 15:43:34 +0200: Memory Usage (465604K) : backpassiv_drw has 0 polygons
2026-08-14 15:43:34 +0200: Memory Usage (465604K) : res_drw has 0 polygons
2026-08-14 15:43:34 +0200: Memory Usage (465732K) : sram_drw has 0 polygons
2026-08-14 15:43:34 +0200: Memory Usage (465732K) : trans_drw has 0 polygons
2026-08-14 15:43:34 +0200: Memory Usage (465860K) : ind_drw has 0 polygons
2026-08-14 15:43:34 +0200: Memory Usage (465860K) : ind_pin has 0 polygons
2026-08-14 15:43:34 +0200: Memory Usage (465988K) : ind_text has 0 polygons
2026-08-14 15:43:34 +0200: Memory Usage (465988K) : salblock_drw has 3 polygons
2026-08-14 15:43:34 +0200: Memory Usage (466116K) : via2_drw has 24 polygons
2026-08-14 15:43:34 +0200: Memory Usage (466244K) : metal3_drw has 44 polygons
2026-08-14 15:43:34 +0200: Memory Usage (466372K) : metal3_filler has 0 polygons
2026-08-14 15:43:34 +0200: Memory Usage (466372K) : metal3_slit has 0 polygons
2026-08-14 15:43:34 +0200: Memory Usage (466500K) : metal3 has 44 polygons
2026-08-14 15:43:34 +0200: Memory Usage (466500K) : metal3_pin has 0 polygons
2026-08-14 15:43:34 +0200: Memory Usage (466500K) : metal3_mask has 0 polygons
2026-08-14 15:43:34 +0200: Memory Usage (466628K) : metal3_nofill has 0 polygons
2026-08-14 15:43:34 +0200: Memory Usage (466628K) : metal3_text has 0 polygons
2026-08-14 15:43:34 +0200: Memory Usage (466628K) : metal3_OPC has 0 polygons
2026-08-14 15:43:34 +0200: Memory Usage (466756K) : metal3_noqrc has 0 polygons
2026-08-14 15:43:34 +0200: Memory Usage (466756K) : metal3_res has 0 polygons
2026-08-14 15:43:34 +0200: Memory Usage (466756K) : metal3_iprobe has 0 polygons
2026-08-14 15:43:34 +0200: Memory Usage (466756K) : metal3_diffprb has 0 polygons
2026-08-14 15:43:34 +0200: Memory Usage (466884K) : nwell_drw has 27 polygons
2026-08-14 15:43:34 +0200: Memory Usage (466884K) : nwell_pin has 4 polygons
2026-08-14 15:43:34 +0200: Memory Usage (466884K) : nwell_text has 0 polygons
2026-08-14 15:43:34 +0200: Memory Usage (467012K) : nbulay_drw has 0 polygons
2026-08-14 15:43:34 +0200: Memory Usage (467012K) : nbulay_pin has 0 polygons
2026-08-14 15:43:34 +0200: Memory Usage (467140K) : nbulay_block has 0 polygons
2026-08-14 15:43:34 +0200: Memory Usage (467140K) : emwind_drw has 0 polygons
2026-08-14 15:43:34 +0200: Memory Usage (467268K) : emwind_OPC has 0 polygons
2026-08-14 15:43:34 +0200: Memory Usage (467268K) : deepco_drw has 0 polygons
2026-08-14 15:43:34 +0200: Memory Usage (467396K) : mim_drw has 0 polygons
2026-08-14 15:43:34 +0200: Memory Usage (467396K) : edgeseal_drw has 0 polygons
2026-08-14 15:43:34 +0200: Memory Usage (467524K) : substrate_drw has 17 polygons
2026-08-14 15:43:34 +0200: Memory Usage (467524K) : substrate_text has 0 polygons
2026-08-14 15:43:34 +0200: Memory Usage (467652K) : dfpad_drw has 0 polygons
2026-08-14 15:43:34 +0200: Memory Usage (467652K) : dfpad_pillar has 0 polygons
2026-08-14 15:43:34 +0200: Memory Usage (467780K) : dfpad_sbump has 0 polygons
2026-08-14 15:43:34 +0200: Memory Usage (467908K) : thickgateox_drw has 0 polygons
2026-08-14 15:43:34 +0200: Memory Usage (467908K) : pldb_drw has 0 polygons
2026-08-14 15:43:34 +0200: Memory Usage (468036K) : pwell_drw has 0 polygons
2026-08-14 15:43:34 +0200: Memory Usage (468036K) : pwell_pin has 0 polygons
2026-08-14 15:43:34 +0200: Memory Usage (468164K) : pwell_block has 0 polygons
2026-08-14 15:43:34 +0200: Memory Usage (468164K) : ic_drw has 0 polygons
2026-08-14 15:43:34 +0200: Memory Usage (468292K) : via3_drw has 0 polygons
2026-08-14 15:43:34 +0200: Memory Usage (468292K) : metal4_drw has 0 polygons
2026-08-14 15:43:34 +0200: Memory Usage (468420K) : metal4_filler has 0 polygons
2026-08-14 15:43:34 +0200: Memory Usage (468420K) : metal4_slit has 0 polygons
2026-08-14 15:43:34 +0200: Memory Usage (468548K) : metal4 has 0 polygons
2026-08-14 15:43:34 +0200: Memory Usage (468676K) : metal4_pin has 0 polygons
2026-08-14 15:43:34 +0200: Memory Usage (468804K) : metal4_mask has 0 polygons
2026-08-14 15:43:34 +0200: Memory Usage (468804K) : metal4_nofill has 0 polygons
2026-08-14 15:43:34 +0200: Memory Usage (468932K) : metal4_text has 0 polygons
2026-08-14 15:43:34 +0200: Memory Usage (468932K) : metal4_OPC has 0 polygons
2026-08-14 15:43:34 +0200: Memory Usage (468932K) : metal4_noqrc has 0 polygons
2026-08-14 15:43:34 +0200: Memory Usage (469060K) : metal4_res has 0 polygons
2026-08-14 15:43:34 +0200: Memory Usage (469060K) : metal4_iprobe has 0 polygons
2026-08-14 15:43:34 +0200: Memory Usage (469060K) : metal4_diffprb has 0 polygons
2026-08-14 15:43:34 +0200: Memory Usage (469188K) : heattrans_drw has 41 polygons
2026-08-14 15:43:34 +0200: Memory Usage (469188K) : heatres_drw has 3 polygons
2026-08-14 15:43:34 +0200: Memory Usage (469188K) : fbe_drw has 0 polygons
2026-08-14 15:43:34 +0200: Memory Usage (469316K) : empoly_drw has 0 polygons
2026-08-14 15:43:34 +0200: Memory Usage (469444K) : digisub_drw has 0 polygons
2026-08-14 15:43:34 +0200: Memory Usage (469444K) : text_drw has 48 polygons
2026-08-14 15:43:34 +0200: Memory Usage (469572K) : via4_drw has 0 polygons
2026-08-14 15:43:34 +0200: Memory Usage (469572K) : metal5_drw has 0 polygons
2026-08-14 15:43:34 +0200: Memory Usage (469700K) : metal5_filler has 0 polygons
2026-08-14 15:43:34 +0200: Memory Usage (469700K) : metal5_slit has 0 polygons
2026-08-14 15:43:34 +0200: Memory Usage (469828K) : metal5 has 0 polygons
2026-08-14 15:43:34 +0200: Memory Usage (469956K) : metal5_pin has 0 polygons
2026-08-14 15:43:34 +0200: Memory Usage (469956K) : metal5_mask has 0 polygons
2026-08-14 15:43:34 +0200: Memory Usage (470084K) : metal5_nofill has 0 polygons
2026-08-14 15:43:34 +0200: Memory Usage (470084K) : metal5_text has 0 polygons
2026-08-14 15:43:34 +0200: Memory Usage (470212K) : metal5_OPC has 0 polygons
2026-08-14 15:43:34 +0200: Memory Usage (470212K) : metal5_noqrc has 0 polygons
2026-08-14 15:43:34 +0200: Memory Usage (470340K) : metal5_res has 0 polygons
2026-08-14 15:43:34 +0200: Memory Usage (470468K) : metal5_iprobe has 0 polygons
2026-08-14 15:43:34 +0200: Memory Usage (470468K) : metal5_diffprb has 0 polygons
2026-08-14 15:43:34 +0200: Memory Usage (470596K) : radhard_drw has 0 polygons
2026-08-14 15:43:34 +0200: Memory Usage (470596K) : memcap_drw has 0 polygons
2026-08-14 15:43:34 +0200: Memory Usage (470724K) : varicap_drw has 0 polygons
2026-08-14 15:43:34 +0200: Memory Usage (470724K) : intbondvia_drw has 0 polygons
2026-08-14 15:43:34 +0200: Memory Usage (470852K) : intbondmet_drw has 0 polygons
2026-08-14 15:43:34 +0200: Memory Usage (470852K) : devbondvia_drw has 0 polygons
2026-08-14 15:43:34 +0200: Memory Usage (470980K) : devbondmet_drw has 0 polygons
2026-08-14 15:43:34 +0200: Memory Usage (471108K) : devtrench_drw has 0 polygons
2026-08-14 15:43:34 +0200: Memory Usage (471108K) : redist_drw has 0 polygons
2026-08-14 15:43:34 +0200: Memory Usage (471108K) : graphbot_drw has 0 polygons
2026-08-14 15:43:34 +0200: Memory Usage (471236K) : graphtop_drw has 0 polygons
2026-08-14 15:43:34 +0200: Memory Usage (471236K) : antvia1_drw has 0 polygons
2026-08-14 15:43:34 +0200: Memory Usage (471236K) : antmetal2_drw has 0 polygons
2026-08-14 15:43:34 +0200: Memory Usage (471364K) : graphcont_drw has 0 polygons
2026-08-14 15:43:34 +0200: Memory Usage (471364K) : siwg_drw has 0 polygons
2026-08-14 15:43:34 +0200: Memory Usage (471364K) : siwg_filler has 0 polygons
2026-08-14 15:43:34 +0200: Memory Usage (471492K) : siwg_nofill has 0 polygons
2026-08-14 15:43:34 +0200: Memory Usage (471492K) : sigrating_drw has 0 polygons
2026-08-14 15:43:34 +0200: Memory Usage (471620K) : singrating_drw has 0 polygons
2026-08-14 15:43:34 +0200: Memory Usage (471620K) : graphpas_drw has 0 polygons
2026-08-14 15:43:34 +0200: Memory Usage (471748K) : emwind3_drw has 0 polygons
2026-08-14 15:43:34 +0200: Memory Usage (471748K) : emwihv3_drw has 0 polygons
2026-08-14 15:43:34 +0200: Memory Usage (471876K) : redbulay_drw has 0 polygons
2026-08-14 15:43:34 +0200: Memory Usage (471876K) : smos_drw has 0 polygons
2026-08-14 15:43:34 +0200: Memory Usage (472004K) : graphpad_drw has 0 polygons
2026-08-14 15:43:34 +0200: Memory Usage (472004K) : polimide_drw has 0 polygons
2026-08-14 15:43:34 +0200: Memory Usage (472132K) : polimide_pin has 0 polygons
2026-08-14 15:43:34 +0200: Memory Usage (472260K) : recog_drw has 0 polygons
2026-08-14 15:43:34 +0200: Memory Usage (472260K) : recog_pin has 0 polygons
2026-08-14 15:43:34 +0200: Memory Usage (472388K) : recog_esd has 0 polygons
2026-08-14 15:43:34 +0200: Memory Usage (472388K) : recog_diode has 0 polygons
2026-08-14 15:43:34 +0200: Memory Usage (472516K) : recog_tsv has 0 polygons
2026-08-14 15:43:34 +0200: Memory Usage (472516K) : recog_iprobe has 0 polygons
2026-08-14 15:43:34 +0200: Memory Usage (472644K) : recog_diffprb has 0 polygons
2026-08-14 15:43:34 +0200: Memory Usage (472644K) : recog_pillar has 0 polygons
2026-08-14 15:43:34 +0200: Memory Usage (472772K) : recog_sbump has 0 polygons
2026-08-14 15:43:34 +0200: Memory Usage (472900K) : recog_otp has 0 polygons
2026-08-14 15:43:34 +0200: Memory Usage (472900K) : recog_pdiode has 0 polygons
2026-08-14 15:43:34 +0200: Memory Usage (473028K) : recog_mom has 0 polygons
2026-08-14 15:43:34 +0200: Memory Usage (473028K) : recog_pcm has 0 polygons
2026-08-14 15:43:34 +0200: Memory Usage (473156K) : colopen_drw has 0 polygons
2026-08-14 15:43:34 +0200: Memory Usage (473156K) : graphmetal1_drw has 0 polygons
2026-08-14 15:43:34 +0200: Memory Usage (473284K) : graphmetal1_filler has 0 polygons
2026-08-14 15:43:34 +0200: Memory Usage (473284K) : graphmetal1_nofill has 0 polygons
2026-08-14 15:43:34 +0200: Memory Usage (473412K) : graphmetal1_slit has 0 polygons
2026-08-14 15:43:34 +0200: Memory Usage (473412K) : graphmetal1_OPC has 0 polygons
2026-08-14 15:43:34 +0200: Memory Usage (473540K) : graphmet1l_drw has 0 polygons
2026-08-14 15:43:34 +0200: Memory Usage (473668K) : graphmet1l_filler has 0 polygons
2026-08-14 15:43:34 +0200: Memory Usage (473668K) : graphmet1l_nofill has 0 polygons
2026-08-14 15:43:34 +0200: Memory Usage (473796K) : graphmet1l_slit has 0 polygons
2026-08-14 15:43:34 +0200: Memory Usage (473796K) : graphmet1l_OPC has 0 polygons
2026-08-14 15:43:34 +0200: Memory Usage (473796K) : extblock_drw has 9 polygons
2026-08-14 15:43:34 +0200: Memory Usage (473796K) : nldd_drw has 0 polygons
2026-08-14 15:43:34 +0200: Memory Usage (473796K) : pldd_drw has 0 polygons
2026-08-14 15:43:34 +0200: Memory Usage (473796K) : next_drw has 0 polygons
2026-08-14 15:43:34 +0200: Memory Usage (473796K) : pext_drw has 0 polygons
2026-08-14 15:43:34 +0200: Memory Usage (473924K) : nexthv_drw has 0 polygons
2026-08-14 15:43:34 +0200: Memory Usage (473924K) : pexthv_drw has 0 polygons
2026-08-14 15:43:34 +0200: Memory Usage (474052K) : graphgate_drw has 0 polygons
2026-08-14 15:43:34 +0200: Memory Usage (474052K) : sinwg_drw has 0 polygons
2026-08-14 15:43:34 +0200: Memory Usage (474180K) : sinwg_filler has 0 polygons
2026-08-14 15:43:34 +0200: Memory Usage (474180K) : sinwg_nofill has 0 polygons
2026-08-14 15:43:34 +0200: Memory Usage (474308K) : mempad_drw has 0 polygons
2026-08-14 15:43:34 +0200: Memory Usage (474436K) : topvia1_drw has 0 polygons
2026-08-14 15:43:34 +0200: Memory Usage (474436K) : topmetal1_drw has 0 polygons
2026-08-14 15:43:34 +0200: Memory Usage (474564K) : topmetal1_filler has 0 polygons
2026-08-14 15:43:34 +0200: Memory Usage (474564K) : topmetal1_slit has 0 polygons
2026-08-14 15:43:34 +0200: Memory Usage (474692K) : topmetal1 has 0 polygons
2026-08-14 15:43:34 +0200: Memory Usage (474820K) : topmetal1_pin has 0 polygons
2026-08-14 15:43:34 +0200: Memory Usage (474820K) : topmetal1_mask has 0 polygons
2026-08-14 15:43:34 +0200: Memory Usage (474948K) : topmetal1_nofill has 0 polygons
2026-08-14 15:43:34 +0200: Memory Usage (474948K) : topmetal1_text has 0 polygons
2026-08-14 15:43:34 +0200: Memory Usage (475076K) : topmetal1_noqrc has 0 polygons
2026-08-14 15:43:34 +0200: Memory Usage (475076K) : topmetal1_res has 0 polygons
2026-08-14 15:43:34 +0200: Memory Usage (475204K) : topmetal1_iprobe has 0 polygons
2026-08-14 15:43:34 +0200: Memory Usage (475332K) : topmetal1_diffprb has 0 polygons
2026-08-14 15:43:34 +0200: Memory Usage (475332K) : inldpwl_drw has 0 polygons
2026-08-14 15:43:34 +0200: Memory Usage (475460K) : polyres_drw has 3 polygons
2026-08-14 15:43:34 +0200: Memory Usage (475460K) : polyres_pin has 0 polygons
2026-08-14 15:43:34 +0200: Memory Usage (475588K) : vmim_drw has 0 polygons
2026-08-14 15:43:34 +0200: Memory Usage (475588K) : nbulaycut_drw has 0 polygons
2026-08-14 15:43:34 +0200: Memory Usage (475716K) : antmetal1_drw has 0 polygons
2026-08-14 15:43:34 +0200: Memory Usage (475716K) : topvia2_drw has 0 polygons
2026-08-14 15:43:34 +0200: Memory Usage (475844K) : topmetal2_drw has 0 polygons
2026-08-14 15:43:34 +0200: Memory Usage (475844K) : topmetal2_filler has 0 polygons
2026-08-14 15:43:34 +0200: Memory Usage (475972K) : topmetal2_slit has 0 polygons
2026-08-14 15:43:34 +0200: Memory Usage (476100K) : topmetal2 has 0 polygons
2026-08-14 15:43:34 +0200: Memory Usage (476228K) : topmetal2_pin has 0 polygons
2026-08-14 15:43:34 +0200: Memory Usage (476228K) : topmetal2_mask has 0 polygons
2026-08-14 15:43:34 +0200: Memory Usage (476356K) : topmetal2_nofill has 0 polygons
2026-08-14 15:43:34 +0200: Memory Usage (476356K) : topmetal2_text has 0 polygons
2026-08-14 15:43:34 +0200: Memory Usage (476484K) : topmetal2_noqrc has 0 polygons
2026-08-14 15:43:34 +0200: Memory Usage (476484K) : topmetal2_res has 0 polygons
2026-08-14 15:43:34 +0200: Memory Usage (476612K) : topmetal2_iprobe has 0 polygons
2026-08-14 15:43:34 +0200: Memory Usage (476612K) : topmetal2_diffprb has 0 polygons
2026-08-14 15:43:34 +0200: Memory Usage (476740K) : snsring_drw has 0 polygons
2026-08-14 15:43:34 +0200: Memory Usage (476740K) : sensor_drw has 0 polygons
2026-08-14 15:43:34 +0200: Memory Usage (476868K) : snsarms_drw has 0 polygons
2026-08-14 15:43:34 +0200: Memory Usage (476996K) : snscmosvia_drw has 0 polygons
2026-08-14 15:43:34 +0200: Memory Usage (476996K) : colwind_drw has 0 polygons
2026-08-14 15:43:34 +0200: Memory Usage (477124K) : flm_drw has 0 polygons
2026-08-14 15:43:34 +0200: Memory Usage (477124K) : hafniumox_drw has 0 polygons
2026-08-14 15:43:34 +0200: Memory Usage (477252K) : memvia_drw has 0 polygons
2026-08-14 15:43:34 +0200: Memory Usage (477252K) : thinfilmres_drw has 0 polygons
2026-08-14 15:43:34 +0200: Memory Usage (477380K) : rfmem_drw has 0 polygons
2026-08-14 15:43:34 +0200: Memory Usage (477380K) : norcx_drw has 0 polygons
2026-08-14 15:43:34 +0200: Memory Usage (477508K) : norcx_m2m3 has 0 polygons
2026-08-14 15:43:34 +0200: Memory Usage (477508K) : norcx_m2m4 has 0 polygons
2026-08-14 15:43:34 +0200: Memory Usage (477636K) : norcx_m2m5 has 0 polygons
2026-08-14 15:43:34 +0200: Memory Usage (477764K) : norcx_m2tm1 has 0 polygons
2026-08-14 15:43:34 +0200: Memory Usage (477764K) : norcx_m2tm2 has 0 polygons
2026-08-14 15:43:35 +0200: Memory Usage (477892K) : norcx_m3m4 has 0 polygons
2026-08-14 15:43:35 +0200: Memory Usage (477892K) : norcx_m3m5 has 0 polygons
2026-08-14 15:43:35 +0200: Memory Usage (478020K) : norcx_m3tm1 has 0 polygons
2026-08-14 15:43:35 +0200: Memory Usage (478020K) : norcx_m3tm2 has 0 polygons
2026-08-14 15:43:35 +0200: Memory Usage (478148K) : norcx_m4m5 has 0 polygons
2026-08-14 15:43:35 +0200: Memory Usage (478148K) : norcx_m4tm1 has 0 polygons
2026-08-14 15:43:35 +0200: Memory Usage (478276K) : norcx_m4tm2 has 0 polygons
2026-08-14 15:43:35 +0200: Memory Usage (478404K) : norcx_m5tm1 has 0 polygons
2026-08-14 15:43:35 +0200: Memory Usage (478404K) : norcx_m5tm2 has 0 polygons
2026-08-14 15:43:35 +0200: Memory Usage (478532K) : norcx_tm1tm2 has 0 polygons
2026-08-14 15:43:35 +0200: Memory Usage (478532K) : norcx_m1sub has 0 polygons
2026-08-14 15:43:35 +0200: Memory Usage (478660K) : norcx_m2sub has 0 polygons
2026-08-14 15:43:35 +0200: Memory Usage (478660K) : norcx_m3sub has 0 polygons
2026-08-14 15:43:35 +0200: Memory Usage (478788K) : norcx_m4sub has 0 polygons
2026-08-14 15:43:35 +0200: Memory Usage (478788K) : norcx_m5sub has 0 polygons
2026-08-14 15:43:35 +0200: Memory Usage (478916K) : norcx_tm1sub has 0 polygons
2026-08-14 15:43:35 +0200: Memory Usage (479044K) : norcx_tm2sub has 0 polygons
2026-08-14 15:43:35 +0200: Memory Usage (479044K) : snsbotvia_drw has 0 polygons
2026-08-14 15:43:35 +0200: Memory Usage (479172K) : snstopvia_drw has 0 polygons
2026-08-14 15:43:35 +0200: Memory Usage (479172K) : deepvia_drw has 0 polygons
2026-08-14 15:43:35 +0200: Memory Usage (479300K) : fgetch_drw has 0 polygons
2026-08-14 15:43:35 +0200: Memory Usage (479300K) : ctrgat_drw has 0 polygons
2026-08-14 15:43:35 +0200: Memory Usage (479428K) : fgimp_drw has 0 polygons
2026-08-14 15:43:35 +0200: Memory Usage (479428K) : emwihv_drw has 0 polygons
2026-08-14 15:43:35 +0200: Memory Usage (479556K) : lbe_drw has 0 polygons
2026-08-14 15:43:35 +0200: Memory Usage (479556K) : alcustop_drw has 0 polygons
2026-08-14 15:43:35 +0200: Memory Usage (479684K) : nometfiller_drw has 0 polygons
2026-08-14 15:43:35 +0200: Memory Usage (479812K) : prboundary_drw has 0 polygons
2026-08-14 15:43:35 +0200: Memory Usage (479812K) : exchange0_drw has 0 polygons
2026-08-14 15:43:35 +0200: Memory Usage (479940K) : exchange0_pin has 0 polygons
2026-08-14 15:43:35 +0200: Memory Usage (479940K) : exchange0_text has 0 polygons
2026-08-14 15:43:35 +0200: Memory Usage (480068K) : exchange1_drw has 0 polygons
2026-08-14 15:43:35 +0200: Memory Usage (480068K) : exchange1_pin has 0 polygons
2026-08-14 15:43:35 +0200: Memory Usage (480068K) : exchange1_text has 0 polygons
2026-08-14 15:43:35 +0200: Memory Usage (480196K) : exchange2_drw has 0 polygons
2026-08-14 15:43:35 +0200: Memory Usage (480196K) : exchange2_pin has 0 polygons
2026-08-14 15:43:35 +0200: Memory Usage (480196K) : exchange2_text has 0 polygons
2026-08-14 15:43:35 +0200: Memory Usage (480196K) : exchange3_drw has 0 polygons
2026-08-14 15:43:35 +0200: Memory Usage (480196K) : exchange3_pin has 0 polygons
2026-08-14 15:43:35 +0200: Memory Usage (480196K) : exchange3_text has 0 polygons
2026-08-14 15:43:35 +0200: Memory Usage (480196K) : exchange4_drw has 0 polygons
2026-08-14 15:43:35 +0200: Memory Usage (480196K) : exchange4_pin has 0 polygons
2026-08-14 15:43:35 +0200: Memory Usage (480196K) : exchange4_text has 0 polygons
2026-08-14 15:43:35 +0200: Memory Usage (480196K) : isonwell_drw has 0 polygons
2026-08-14 15:43:35 +0200: Memory Usage (480196K) : Total no. of polygons in the design is 1793
2026-08-14 15:43:35 +0200: Memory Usage (480196K) : Starting CMOS5L Forbidden Layer Check
2026-08-14 15:43:35 +0200: Memory Usage (480324K) : CMOS5L Forbidden Layer Check: PASSED - No forbidden layers found
2026-08-14 15:43:35 +0200: Memory Usage (480324K) : CMOS5L Forbidden Layer Check: PASSED
2026-08-14 15:43:35 +0200: Memory Usage (480324K) : Starting base layers derivations
2026-08-14 15:43:35 +0200: Memory Usage (480324K) : Starting general LVS derivations
2026-08-14 15:43:35 +0200: Memory Usage (486104K) : Starting MOSFET DERIVATIONS
2026-08-14 15:43:35 +0200: Memory Usage (488280K) : Starting NMOS DERIVATIONS
2026-08-14 15:43:35 +0200: Memory Usage (488408K) : Starting PMOS DERIVATIONS
2026-08-14 15:43:35 +0200: Memory Usage (488536K) : Starting RF-MOSFET DERIVATIONS
2026-08-14 15:43:35 +0200: Memory Usage (488536K) : Starting RF-NMOS DERIVATIONS
2026-08-14 15:43:35 +0200: Memory Usage (488536K) : Starting RF-PMOS DERIVATIONS
2026-08-14 15:43:35 +0200: Memory Usage (488536K) : Starting BJT DERIVATIONS
2026-08-14 15:43:35 +0200: Memory Usage (488536K) : Starting NPN-BJT DERIVATIONS
2026-08-14 15:43:35 +0200: Memory Usage (488536K) : Starting PNP-BJT DERIVATIONS
2026-08-14 15:43:35 +0200: Memory Usage (488536K) : Starting DIODE DERIVATIONS
2026-08-14 15:43:35 +0200: Memory Usage (488536K) : Starting RESISTOR DERIVATIONS
2026-08-14 15:43:35 +0200: Memory Usage (488920K) : Starting CAP DERIVATIONS
2026-08-14 15:43:35 +0200: Memory Usage (488920K) : Starting CAP_MFRINGE DERIVATIONS
2026-08-14 15:43:35 +0200: Memory Usage (488920K) : Starting ESD DERIVATIONS
2026-08-14 15:43:35 +0200: Memory Usage (491608K) : Starting Inductor DERIVATIONS
2026-08-14 15:43:35 +0200: Memory Usage (492120K) : Starting Taps DERIVATIONS
2026-08-14 15:43:35 +0200: Memory Usage (492120K) : Starting SG13G2 LVS connectivity setup
2026-08-14 15:43:35 +0200: Memory Usage (492120K) : Starting SG13G2 LVS connectivity setup (Inter-layer)
2026-08-14 15:43:35 +0200: Memory Usage (492248K) : Starting SG13G2 LVS connectivity setup (Global)
2026-08-14 15:43:35 +0200: Memory Usage (492248K) : Starting LVS MOSFET CONNECTIONS
2026-08-14 15:43:35 +0200: Memory Usage (492248K) : Starting LVS RF-MOSFET CONNECTIONS
2026-08-14 15:43:35 +0200: Memory Usage (492248K) : Starting LVS BJT CONNECTIONS
2026-08-14 15:43:35 +0200: Memory Usage (492248K) : Starting LVS DIODE CONNECTIONS
2026-08-14 15:43:35 +0200: Memory Usage (492248K) : Starting RESISTOR CONNECTIONS
2026-08-14 15:43:35 +0200: Memory Usage (492248K) : Starting LVS CAP CONNECTIONS
2026-08-14 15:43:35 +0200: Memory Usage (492248K) : Starting ESD CONNECTIONS
2026-08-14 15:43:35 +0200: Memory Usage (492248K) : Starting Inductor CONNECTIONS
2026-08-14 15:43:35 +0200: Memory Usage (492248K) : Starting LVS Taps CONNECTIONS
2026-08-14 15:43:35 +0200: Memory Usage (492248K) : Starting CAP_MFRINGE CONNECTIONS
2026-08-14 15:43:35 +0200: Memory Usage (492248K) : Starting SG13CMOS5L LVS DEVICES EXTRACTION
2026-08-14 15:43:35 +0200: Memory Usage (492248K) : Starting MOSFET EXTRACTION
2026-08-14 15:43:35 +0200: Memory Usage (492248K) : Starting NMOS EXTRACTION
2026-08-14 15:43:35 +0200: Memory Usage (492248K) : Extraction of NMOS-LV transistor
2026-08-14 15:43:36 +0200: Memory Usage (492376K) : Extraction of NMOS-HV transistor
2026-08-14 15:43:36 +0200: Memory Usage (492376K) : Starting PMOS EXTRACTION
2026-08-14 15:43:36 +0200: Memory Usage (492376K) : Extraction of PMOS-LV transistor
2026-08-14 15:43:36 +0200: Memory Usage (492376K) : Extraction of PMOS-HV transistor
2026-08-14 15:43:36 +0200: Memory Usage (492376K) : Starting RF-MOSFET EXTRACTION
2026-08-14 15:43:36 +0200: Memory Usage (492376K) : Extraction of RF-NMOS-LV transistor
2026-08-14 15:43:36 +0200: Memory Usage (492376K) : Extraction of RF-NMOS-HV transistor
2026-08-14 15:43:36 +0200: Memory Usage (492376K) : Extraction of RF-PMOS-LV transistor
2026-08-14 15:43:36 +0200: Memory Usage (492376K) : Extraction of RF-PMOS-HV transistor
2026-08-14 15:43:36 +0200: Memory Usage (492376K) : Starting BJT EXTRACTION
2026-08-14 15:43:36 +0200: Memory Usage (492376K) : Starting NPN-BJT EXTRACTION
2026-08-14 15:43:36 +0200: Memory Usage (492376K) : Extraction of npn13G2 BJT transistor
2026-08-14 15:43:36 +0200: Memory Usage (492376K) : Extraction of npn13G2L BJT transistor
2026-08-14 15:43:36 +0200: Memory Usage (492376K) : Extraction of npn13G2V BJT transistor
2026-08-14 15:43:36 +0200: Memory Usage (492376K) : Starting PNP-BJT EXTRACTION
2026-08-14 15:43:36 +0200: Memory Usage (492376K) : Extracting pnpMPA BJT
2026-08-14 15:43:36 +0200: Memory Usage (492376K) : Starting DIODE EXTRACTION
2026-08-14 15:43:36 +0200: Memory Usage (492376K) : Extracting dantenna diode
2026-08-14 15:43:36 +0200: Memory Usage (492376K) : Extracting dpantenna diode
2026-08-14 15:43:36 +0200: Memory Usage (492376K) : Extracting schottky_nbl1 diode
2026-08-14 15:43:36 +0200: Memory Usage (492376K) : Extracting isolbox diode
2026-08-14 15:43:36 +0200: Memory Usage (492376K) : Starting RESISTOR EXTRACTION
2026-08-14 15:43:36 +0200: Memory Usage (492376K) : Extracting rsil resistor
2026-08-14 15:43:36 +0200: Memory Usage (492376K) : Extracting rppd resistor
2026-08-14 15:43:36 +0200: Memory Usage (492504K) : Extracting rhigh resistor
2026-08-14 15:43:36 +0200: Memory Usage (492504K) : Extracting res_metal1 resistor
2026-08-14 15:43:36 +0200: Memory Usage (492504K) : Extracting res_metal2 resistor
2026-08-14 15:43:36 +0200: Memory Usage (492504K) : Extracting res_metal3 resistor
2026-08-14 15:43:36 +0200: Memory Usage (492504K) : Extracting res_metal4 resistor
2026-08-14 15:43:36 +0200: Memory Usage (492504K) : Extracting res_metal5 resistor
2026-08-14 15:43:36 +0200: Memory Usage (492504K) : Extracting res_topmetal1 resistor
2026-08-14 15:43:36 +0200: Memory Usage (492504K) : Extracting res_topmetal2 resistor
2026-08-14 15:43:36 +0200: Memory Usage (492504K) : Starting CAP EXTRACTION
2026-08-14 15:43:36 +0200: Memory Usage (492504K) : Extracting cap_cmim device
2026-08-14 15:43:36 +0200: Memory Usage (492504K) : Extracting rfcmim device
2026-08-14 15:43:36 +0200: Memory Usage (492504K) : Extracting sg13_hv_svaricap varactor
2026-08-14 15:43:36 +0200: Memory Usage (492504K) : Extracting cap_mfringe device
2026-08-14 15:43:36 +0200: Memory Usage (492504K) : Starting ESD EXTRACTION
2026-08-14 15:43:36 +0200: Memory Usage (492504K) : Extracting diodevdd_2kv ESD device
2026-08-14 15:43:36 +0200: Memory Usage (492504K) : Extracting diodevdd_4kv ESD device
2026-08-14 15:43:36 +0200: Memory Usage (492504K) : Extracting diodevss_2kv ESD device
2026-08-14 15:43:36 +0200: Memory Usage (492504K) : Extracting diodevss_4kv ESD device
2026-08-14 15:43:36 +0200: Memory Usage (492504K) : Extracting idiodevdd_2kv ESD device
2026-08-14 15:43:36 +0200: Memory Usage (492504K) : Extracting idiodevdd_4kv ESD device
2026-08-14 15:43:36 +0200: Memory Usage (492504K) : Extracting idiodevss_2kv ESD device
2026-08-14 15:43:36 +0200: Memory Usage (492504K) : Extracting idiodevss_4kv ESD device
2026-08-14 15:43:36 +0200: Memory Usage (492504K) : Extracting nmoscl_2 ESD device
2026-08-14 15:43:36 +0200: Memory Usage (492504K) : Extracting nmoscl_4 ESD device
2026-08-14 15:43:36 +0200: Memory Usage (492504K) : Starting Inductor EXTRACTION
2026-08-14 15:43:36 +0200: Memory Usage (492504K) : Extracting Inductor2 device
2026-08-14 15:43:36 +0200: Memory Usage (492504K) : Extracting Inductor3 device
2026-08-14 15:43:36 +0200: Memory Usage (492504K) : Starting Taps EXTRACTION
2026-08-14 15:43:36 +0200: Memory Usage (492504K) : DISABLE_TAP_EXTRACTION is enabled: skipping ntap1/ptap1 device extraction.
2026-08-14 15:43:36 +0200: Memory Usage (492504K) : Starting SG13CMOS5L LVS RF MOS Model Mapping
2026-08-14 15:43:36 +0200: Memory Usage (492504K) : [layout_netlist] Apply RF MOS model mapping and rfmode parameter.
2026-08-14 15:43:36 +0200: Memory Usage (492504K) : Starting SG13CMOS5L LVS Options Preparations
2026-08-14 15:43:36 +0200: Memory Usage (492504K) : SG13CMOS5L LVS flow: extraction -> alignment -> option preparation -> comparison.
2026-08-14 15:43:36 +0200: Memory Usage (492504K) : Starting SG13CMOS5L LVS Alignment
2026-08-14 15:43:36 +0200: Memory Usage (492632K) : Starting SG13CMOS5L LVS Simplification
2026-08-14 15:43:36 +0200: Memory Usage (492632K) : [layout_netlist] simplify: ENABLED
2026-08-14 15:43:36 +0200: Memory Usage (492632K) : [layout_netlist] make_top_level_pins: SKIPPED
2026-08-14 15:43:36 +0200: Memory Usage (492632K) : [layout_netlist] combine_devices: SKIPPED
2026-08-14 15:43:36 +0200: Memory Usage (492632K) : [layout_netlist] purge: SKIPPED
2026-08-14 15:43:36 +0200: Memory Usage (492632K) : [layout_netlist] purge_nets: SKIPPED
2026-08-14 15:43:36 +0200: Memory Usage (492632K) : [schematic_netlist] simplify: ENABLED
2026-08-14 15:43:36 +0200: Memory Usage (492632K) : [schematic_netlist] make_top_level_pins: SKIPPED
2026-08-14 15:43:36 +0200: Memory Usage (492632K) : [schematic_netlist] combine_devices: SKIPPED
2026-08-14 15:43:36 +0200: Memory Usage (492632K) : [schematic_netlist] purge: SKIPPED
2026-08-14 15:43:36 +0200: Memory Usage (492632K) : [schematic_netlist] purge_nets: SKIPPED
2026-08-14 15:43:36 +0200: Memory Usage (492632K) : Starting SG13CMOS5L LVS Comparison in strict port mode.
2026-08-14 15:43:36 +0200: Memory Usage (492632K) : flag_missing_ports enabled: missing/mislabeled top-level ports are treated as errors.
2026-08-14 15:43:36 +0200: Memory Usage (492760K) : ==========================================
2026-08-14 15:43:36 +0200: Memory Usage (492760K) : INFO : Congratulations! Netlists match.
2026-08-14 15:43:36 +0200: Memory Usage (492760K) : ==========================================
2026-08-14 15:43:36 +0200: Memory Usage (492760K) : LVS Total Run time 1.307560 seconds
