# Logfile created on 2026-08-19 22:42:58 +0200 by logger.rb/v1.5.3
2026-08-19 22:42:58 +0200: Memory Usage (457784K) : Starting running SG13CMOS5L Klayout LVS runset on /foss/designs/CHIP-PLL/layout/CP/curr_source/curr_source.gds
2026-08-19 22:42:58 +0200: Memory Usage (457784K) : Ruby Version for klayout: 3.2.3
2026-08-19 22:42:58 +0200: Memory Usage (459124K) : Loading database to memory is complete.
2026-08-19 22:42:58 +0200: Memory Usage (459124K) : SG13CMOS5L Klayout LVS runset output at: /foss/designs/CHIP-PLL/layout/CP/lvs/curr_source.lvsdb
2026-08-19 22:42:58 +0200: Memory Usage (459124K) : Evaluate switches.
2026-08-19 22:42:58 +0200: Memory Usage (459124K) : Extracted netlist with net names: true
2026-08-19 22:42:58 +0200: Memory Usage (459124K) : Extracted netlist with comments in details: false
2026-08-19 22:42:58 +0200: Memory Usage (459124K) : Selected NET_ONLY option: false
2026-08-19 22:42:58 +0200: Memory Usage (459124K) : Selected LAYOUT_NETLIST option: (none)
2026-08-19 22:42:58 +0200: Memory Usage (459124K) : Selected IGNORE_TOP_PORTS_MISMATCH option: 
2026-08-19 22:42:58 +0200: Memory Usage (459124K) : Selected IMPLICIT_NETS option: (none)
2026-08-19 22:42:58 +0200: Memory Usage (459124K) : Selected TOP_LVL_PINS option: false
2026-08-19 22:42:58 +0200: Memory Usage (459124K) : Selected COMBINE DEVICES option: false
2026-08-19 22:42:58 +0200: Memory Usage (459124K) : Selected PURGE option: false
2026-08-19 22:42:58 +0200: Memory Usage (459124K) : Selected PURGE_NETS option: false
2026-08-19 22:42:58 +0200: Memory Usage (459124K) : Selected SIMPLIFY option: true
2026-08-19 22:42:58 +0200: Memory Usage (459124K) : Selected SERIES_RES option: true
2026-08-19 22:42:58 +0200: Memory Usage (459124K) : Selected PARALLEL_RES option: true
2026-08-19 22:42:58 +0200: Memory Usage (459124K) : Selected DISABLE_TAP_EXTRACTION option: true
2026-08-19 22:42:58 +0200: Memory Usage (459124K) : deep  mode is enabled.
2026-08-19 22:42:58 +0200: Memory Usage (459380K) : Netlist file: /foss/designs/CHIP-PLL/layout/CP/netlists/charge_pump_cell.spice
2026-08-19 22:42:58 +0200: Memory Usage (459380K) : LVS extracted netlist at: /foss/designs/CHIP-PLL/layout/CP/lvs/curr_source_extracted.cir
2026-08-19 22:42:58 +0200: Memory Usage (459380K) : Applying SRAM integration support.
2026-08-19 22:42:58 +0200: Memory Usage (459380K) : Starting SG13CMOS5L LVS runset
2026-08-19 22:42:58 +0200: Memory Usage (459380K) : Read in polygons from layers.
2026-08-19 22:42:58 +0200: Memory Usage (460192K) : activ_drw has 26 polygons
2026-08-19 22:42:58 +0200: Memory Usage (460192K) : activ_filler has 0 polygons
2026-08-19 22:42:58 +0200: Memory Usage (460320K) : activ has 26 polygons
2026-08-19 22:42:58 +0200: Memory Usage (460320K) : activ_pin has 0 polygons
2026-08-19 22:42:58 +0200: Memory Usage (460320K) : activ_mask has 0 polygons
2026-08-19 22:42:58 +0200: Memory Usage (460320K) : activ_nofill has 0 polygons
2026-08-19 22:42:58 +0200: Memory Usage (460320K) : activ_OPC has 0 polygons
2026-08-19 22:42:58 +0200: Memory Usage (460448K) : activ_iOPC has 0 polygons
2026-08-19 22:42:58 +0200: Memory Usage (460448K) : activ_noqrc has 0 polygons
2026-08-19 22:42:58 +0200: Memory Usage (460448K) : biwind_drw has 0 polygons
2026-08-19 22:42:58 +0200: Memory Usage (460448K) : biwind_OPC has 0 polygons
2026-08-19 22:42:58 +0200: Memory Usage (460448K) : gatpoly_drw has 21 polygons
2026-08-19 22:42:58 +0200: Memory Usage (460448K) : gatpoly_filler has 0 polygons
2026-08-19 22:42:58 +0200: Memory Usage (460448K) : gatpoly has 21 polygons
2026-08-19 22:42:58 +0200: Memory Usage (460448K) : gatpoly_pin has 6 polygons
2026-08-19 22:42:58 +0200: Memory Usage (460448K) : gatpoly_nofill has 0 polygons
2026-08-19 22:42:58 +0200: Memory Usage (460448K) : gatpoly_OPC has 0 polygons
2026-08-19 22:42:58 +0200: Memory Usage (460448K) : gatpoly_iOPC has 0 polygons
2026-08-19 22:42:58 +0200: Memory Usage (460448K) : gatpoly_noqrc has 0 polygons
2026-08-19 22:42:58 +0200: Memory Usage (460448K) : cont_drw has 92 polygons
2026-08-19 22:42:58 +0200: Memory Usage (460448K) : cont_OPC has 0 polygons
2026-08-19 22:42:58 +0200: Memory Usage (460576K) : nsd_drw has 0 polygons
2026-08-19 22:42:58 +0200: Memory Usage (460576K) : nsd_block has 0 polygons
2026-08-19 22:42:58 +0200: Memory Usage (460960K) : metal1_drw has 66 polygons
2026-08-19 22:42:58 +0200: Memory Usage (461088K) : metal1_filler has 0 polygons
2026-08-19 22:42:58 +0200: Memory Usage (461088K) : metal1_slit has 0 polygons
2026-08-19 22:42:58 +0200: Memory Usage (461600K) : metal1 has 66 polygons
2026-08-19 22:42:58 +0200: Memory Usage (461600K) : metal1_pin has 19 polygons
2026-08-19 22:42:58 +0200: Memory Usage (461600K) : metal1_mask has 0 polygons
2026-08-19 22:42:58 +0200: Memory Usage (461728K) : metal1_nofill has 0 polygons
2026-08-19 22:42:58 +0200: Memory Usage (461984K) : metal1_text has 2 polygons
2026-08-19 22:42:58 +0200: Memory Usage (461984K) : metal1_OPC has 0 polygons
2026-08-19 22:42:58 +0200: Memory Usage (462112K) : metal1_noqrc has 0 polygons
2026-08-19 22:42:58 +0200: Memory Usage (462112K) : metal1_res has 0 polygons
2026-08-19 22:42:58 +0200: Memory Usage (462112K) : metal1_iprobe has 0 polygons
2026-08-19 22:42:58 +0200: Memory Usage (462240K) : metal1_diffprb has 0 polygons
2026-08-19 22:42:58 +0200: Memory Usage (462240K) : passiv_drw has 0 polygons
2026-08-19 22:42:58 +0200: Memory Usage (462368K) : passiv_pin has 0 polygons
2026-08-19 22:42:58 +0200: Memory Usage (462496K) : passiv_sbump has 0 polygons
2026-08-19 22:42:58 +0200: Memory Usage (462496K) : passiv_pillar has 0 polygons
2026-08-19 22:42:58 +0200: Memory Usage (462624K) : passiv_pdl has 0 polygons
2026-08-19 22:42:58 +0200: Memory Usage (462624K) : metal2_drw has 22 polygons
2026-08-19 22:42:58 +0200: Memory Usage (462752K) : metal2_filler has 0 polygons
2026-08-19 22:42:58 +0200: Memory Usage (462752K) : metal2_slit has 0 polygons
2026-08-19 22:42:58 +0200: Memory Usage (462880K) : metal2 has 22 polygons
2026-08-19 22:42:58 +0200: Memory Usage (463008K) : metal2_pin has 1 polygons
2026-08-19 22:42:58 +0200: Memory Usage (463008K) : metal2_mask has 0 polygons
2026-08-19 22:42:58 +0200: Memory Usage (463136K) : metal2_nofill has 0 polygons
2026-08-19 22:42:58 +0200: Memory Usage (463136K) : metal2_text has 1 polygons
2026-08-19 22:42:58 +0200: Memory Usage (463264K) : metal2_OPC has 0 polygons
2026-08-19 22:42:58 +0200: Memory Usage (463392K) : metal2_noqrc has 0 polygons
2026-08-19 22:42:58 +0200: Memory Usage (463392K) : metal2_res has 0 polygons
2026-08-19 22:42:58 +0200: Memory Usage (463520K) : metal2_iprobe has 0 polygons
2026-08-19 22:42:58 +0200: Memory Usage (463520K) : metal2_diffprb has 0 polygons
2026-08-19 22:42:58 +0200: Memory Usage (463648K) : baspoly_drw has 0 polygons
2026-08-19 22:42:58 +0200: Memory Usage (463648K) : baspoly_pin has 0 polygons
2026-08-19 22:42:58 +0200: Memory Usage (463776K) : psd_drw has 6 polygons
2026-08-19 22:42:58 +0200: Memory Usage (463904K) : nldb_drw has 0 polygons
2026-08-19 22:42:58 +0200: Memory Usage (463904K) : digibnd_drw has 0 polygons
2026-08-19 22:42:58 +0200: Memory Usage (464032K) : via1_drw has 13 polygons
2026-08-19 22:42:58 +0200: Memory Usage (464160K) : backmetal1_drw has 0 polygons
2026-08-19 22:42:58 +0200: Memory Usage (464288K) : backmetal1_pin has 0 polygons
2026-08-19 22:42:58 +0200: Memory Usage (464288K) : backmetal1_mask has 0 polygons
2026-08-19 22:42:58 +0200: Memory Usage (464416K) : backmetal1_filler has 0 polygons
2026-08-19 22:42:58 +0200: Memory Usage (464416K) : backmetal1_nofill has 0 polygons
2026-08-19 22:42:58 +0200: Memory Usage (464544K) : backmetal1_slit has 0 polygons
2026-08-19 22:42:58 +0200: Memory Usage (464544K) : backmetal1_text has 0 polygons
2026-08-19 22:42:58 +0200: Memory Usage (464672K) : backmetal1_OPC has 0 polygons
2026-08-19 22:42:58 +0200: Memory Usage (464672K) : backmetal1_noqrc has 0 polygons
2026-08-19 22:42:58 +0200: Memory Usage (464800K) : backmetal1_res has 0 polygons
2026-08-19 22:42:58 +0200: Memory Usage (464928K) : backmetal1_iprobe has 0 polygons
2026-08-19 22:42:58 +0200: Memory Usage (464928K) : backmetal1_diffprb has 0 polygons
2026-08-19 22:42:58 +0200: Memory Usage (465056K) : backpassiv_drw has 0 polygons
2026-08-19 22:42:58 +0200: Memory Usage (465056K) : res_drw has 0 polygons
2026-08-19 22:42:58 +0200: Memory Usage (465184K) : sram_drw has 0 polygons
2026-08-19 22:42:58 +0200: Memory Usage (465184K) : trans_drw has 0 polygons
2026-08-19 22:42:58 +0200: Memory Usage (465312K) : ind_drw has 0 polygons
2026-08-19 22:42:58 +0200: Memory Usage (465440K) : ind_pin has 0 polygons
2026-08-19 22:42:58 +0200: Memory Usage (465440K) : ind_text has 0 polygons
2026-08-19 22:42:58 +0200: Memory Usage (465568K) : salblock_drw has 1 polygons
2026-08-19 22:42:58 +0200: Memory Usage (465568K) : via2_drw has 7 polygons
2026-08-19 22:42:58 +0200: Memory Usage (465696K) : metal3_drw has 12 polygons
2026-08-19 22:42:58 +0200: Memory Usage (465824K) : metal3_filler has 0 polygons
2026-08-19 22:42:58 +0200: Memory Usage (465952K) : metal3_slit has 0 polygons
2026-08-19 22:42:58 +0200: Memory Usage (466080K) : metal3 has 12 polygons
2026-08-19 22:42:58 +0200: Memory Usage (466080K) : metal3_pin has 0 polygons
2026-08-19 22:42:58 +0200: Memory Usage (466208K) : metal3_mask has 0 polygons
2026-08-19 22:42:58 +0200: Memory Usage (466208K) : metal3_nofill has 0 polygons
2026-08-19 22:42:58 +0200: Memory Usage (466336K) : metal3_text has 0 polygons
2026-08-19 22:42:58 +0200: Memory Usage (466336K) : metal3_OPC has 0 polygons
2026-08-19 22:42:58 +0200: Memory Usage (466464K) : metal3_noqrc has 0 polygons
2026-08-19 22:42:58 +0200: Memory Usage (466464K) : metal3_res has 0 polygons
2026-08-19 22:42:58 +0200: Memory Usage (466592K) : metal3_iprobe has 0 polygons
2026-08-19 22:42:58 +0200: Memory Usage (466720K) : metal3_diffprb has 0 polygons
2026-08-19 22:42:58 +0200: Memory Usage (466720K) : nwell_drw has 5 polygons
2026-08-19 22:42:58 +0200: Memory Usage (466848K) : nwell_pin has 1 polygons
2026-08-19 22:42:58 +0200: Memory Usage (466976K) : nwell_text has 0 polygons
2026-08-19 22:42:58 +0200: Memory Usage (466976K) : nbulay_drw has 0 polygons
2026-08-19 22:42:58 +0200: Memory Usage (467104K) : nbulay_pin has 0 polygons
2026-08-19 22:42:58 +0200: Memory Usage (467104K) : nbulay_block has 0 polygons
2026-08-19 22:42:58 +0200: Memory Usage (467104K) : emwind_drw has 0 polygons
2026-08-19 22:42:58 +0200: Memory Usage (467104K) : emwind_OPC has 0 polygons
2026-08-19 22:42:58 +0200: Memory Usage (467232K) : deepco_drw has 0 polygons
2026-08-19 22:42:58 +0200: Memory Usage (467232K) : mim_drw has 0 polygons
2026-08-19 22:42:58 +0200: Memory Usage (467232K) : edgeseal_drw has 0 polygons
2026-08-19 22:42:58 +0200: Memory Usage (467360K) : substrate_drw has 3 polygons
2026-08-19 22:42:58 +0200: Memory Usage (467360K) : substrate_text has 0 polygons
2026-08-19 22:42:58 +0200: Memory Usage (467360K) : dfpad_drw has 0 polygons
2026-08-19 22:42:58 +0200: Memory Usage (467360K) : dfpad_pillar has 0 polygons
2026-08-19 22:42:58 +0200: Memory Usage (467488K) : dfpad_sbump has 0 polygons
2026-08-19 22:42:58 +0200: Memory Usage (467488K) : thickgateox_drw has 0 polygons
2026-08-19 22:42:58 +0200: Memory Usage (467488K) : pldb_drw has 0 polygons
2026-08-19 22:42:58 +0200: Memory Usage (467616K) : pwell_drw has 0 polygons
2026-08-19 22:42:58 +0200: Memory Usage (467616K) : pwell_pin has 0 polygons
2026-08-19 22:42:58 +0200: Memory Usage (467744K) : pwell_block has 0 polygons
2026-08-19 22:42:58 +0200: Memory Usage (467744K) : ic_drw has 0 polygons
2026-08-19 22:42:58 +0200: Memory Usage (467872K) : via3_drw has 0 polygons
2026-08-19 22:42:58 +0200: Memory Usage (468000K) : metal4_drw has 0 polygons
2026-08-19 22:42:58 +0200: Memory Usage (468000K) : metal4_filler has 0 polygons
2026-08-19 22:42:58 +0200: Memory Usage (468128K) : metal4_slit has 0 polygons
2026-08-19 22:42:58 +0200: Memory Usage (468256K) : metal4 has 0 polygons
2026-08-19 22:42:58 +0200: Memory Usage (468256K) : metal4_pin has 0 polygons
2026-08-19 22:42:58 +0200: Memory Usage (468384K) : metal4_mask has 0 polygons
2026-08-19 22:42:58 +0200: Memory Usage (468384K) : metal4_nofill has 0 polygons
2026-08-19 22:42:58 +0200: Memory Usage (468512K) : metal4_text has 0 polygons
2026-08-19 22:42:58 +0200: Memory Usage (468512K) : metal4_OPC has 0 polygons
2026-08-19 22:42:58 +0200: Memory Usage (468640K) : metal4_noqrc has 0 polygons
2026-08-19 22:42:58 +0200: Memory Usage (468640K) : metal4_res has 0 polygons
2026-08-19 22:42:58 +0200: Memory Usage (468768K) : metal4_iprobe has 0 polygons
2026-08-19 22:42:58 +0200: Memory Usage (468896K) : metal4_diffprb has 0 polygons
2026-08-19 22:42:58 +0200: Memory Usage (468896K) : heattrans_drw has 8 polygons
2026-08-19 22:42:58 +0200: Memory Usage (469024K) : heatres_drw has 1 polygons
2026-08-19 22:42:58 +0200: Memory Usage (469024K) : fbe_drw has 0 polygons
2026-08-19 22:42:58 +0200: Memory Usage (469152K) : empoly_drw has 0 polygons
2026-08-19 22:42:58 +0200: Memory Usage (469152K) : digisub_drw has 0 polygons
2026-08-19 22:42:58 +0200: Memory Usage (469280K) : text_drw has 11 polygons
2026-08-19 22:42:58 +0200: Memory Usage (469280K) : via4_drw has 0 polygons
2026-08-19 22:42:58 +0200: Memory Usage (469408K) : metal5_drw has 0 polygons
2026-08-19 22:42:58 +0200: Memory Usage (469408K) : metal5_filler has 0 polygons
2026-08-19 22:42:58 +0200: Memory Usage (469536K) : metal5_slit has 0 polygons
2026-08-19 22:42:58 +0200: Memory Usage (469664K) : metal5 has 0 polygons
2026-08-19 22:42:58 +0200: Memory Usage (469664K) : metal5_pin has 0 polygons
2026-08-19 22:42:58 +0200: Memory Usage (469792K) : metal5_mask has 0 polygons
2026-08-19 22:42:58 +0200: Memory Usage (469792K) : metal5_nofill has 0 polygons
2026-08-19 22:42:58 +0200: Memory Usage (469792K) : metal5_text has 0 polygons
2026-08-19 22:42:58 +0200: Memory Usage (469792K) : metal5_OPC has 0 polygons
2026-08-19 22:42:58 +0200: Memory Usage (469920K) : metal5_noqrc has 0 polygons
2026-08-19 22:42:58 +0200: Memory Usage (469920K) : metal5_res has 0 polygons
2026-08-19 22:42:58 +0200: Memory Usage (470048K) : metal5_iprobe has 0 polygons
2026-08-19 22:42:58 +0200: Memory Usage (470048K) : metal5_diffprb has 0 polygons
2026-08-19 22:42:58 +0200: Memory Usage (470176K) : radhard_drw has 0 polygons
2026-08-19 22:42:58 +0200: Memory Usage (470304K) : memcap_drw has 0 polygons
2026-08-19 22:42:58 +0200: Memory Usage (470304K) : varicap_drw has 0 polygons
2026-08-19 22:42:58 +0200: Memory Usage (470432K) : intbondvia_drw has 0 polygons
2026-08-19 22:42:58 +0200: Memory Usage (470432K) : intbondmet_drw has 0 polygons
2026-08-19 22:42:58 +0200: Memory Usage (470560K) : devbondvia_drw has 0 polygons
2026-08-19 22:42:58 +0200: Memory Usage (470560K) : devbondmet_drw has 0 polygons
2026-08-19 22:42:58 +0200: Memory Usage (470688K) : devtrench_drw has 0 polygons
2026-08-19 22:42:58 +0200: Memory Usage (470688K) : redist_drw has 0 polygons
2026-08-19 22:42:58 +0200: Memory Usage (470816K) : graphbot_drw has 0 polygons
2026-08-19 22:42:58 +0200: Memory Usage (470816K) : graphtop_drw has 0 polygons
2026-08-19 22:42:58 +0200: Memory Usage (470944K) : antvia1_drw has 0 polygons
2026-08-19 22:42:58 +0200: Memory Usage (471072K) : antmetal2_drw has 0 polygons
2026-08-19 22:42:58 +0200: Memory Usage (471072K) : graphcont_drw has 0 polygons
2026-08-19 22:42:58 +0200: Memory Usage (471200K) : siwg_drw has 0 polygons
2026-08-19 22:42:58 +0200: Memory Usage (471200K) : siwg_filler has 0 polygons
2026-08-19 22:42:58 +0200: Memory Usage (471328K) : siwg_nofill has 0 polygons
2026-08-19 22:42:58 +0200: Memory Usage (471328K) : sigrating_drw has 0 polygons
2026-08-19 22:42:58 +0200: Memory Usage (471456K) : singrating_drw has 0 polygons
2026-08-19 22:42:58 +0200: Memory Usage (471456K) : graphpas_drw has 0 polygons
2026-08-19 22:42:58 +0200: Memory Usage (471584K) : emwind3_drw has 0 polygons
2026-08-19 22:42:58 +0200: Memory Usage (471712K) : emwihv3_drw has 0 polygons
2026-08-19 22:42:58 +0200: Memory Usage (471712K) : redbulay_drw has 0 polygons
2026-08-19 22:42:58 +0200: Memory Usage (471840K) : smos_drw has 0 polygons
2026-08-19 22:42:58 +0200: Memory Usage (471840K) : graphpad_drw has 0 polygons
2026-08-19 22:42:58 +0200: Memory Usage (471968K) : polimide_drw has 0 polygons
2026-08-19 22:42:58 +0200: Memory Usage (471968K) : polimide_pin has 0 polygons
2026-08-19 22:42:58 +0200: Memory Usage (471968K) : recog_drw has 0 polygons
2026-08-19 22:42:58 +0200: Memory Usage (471968K) : recog_pin has 0 polygons
2026-08-19 22:42:58 +0200: Memory Usage (472096K) : recog_esd has 0 polygons
2026-08-19 22:42:58 +0200: Memory Usage (472096K) : recog_diode has 0 polygons
2026-08-19 22:42:58 +0200: Memory Usage (472096K) : recog_tsv has 0 polygons
2026-08-19 22:42:58 +0200: Memory Usage (472224K) : recog_iprobe has 0 polygons
2026-08-19 22:42:58 +0200: Memory Usage (472224K) : recog_diffprb has 0 polygons
2026-08-19 22:42:58 +0200: Memory Usage (472224K) : recog_pillar has 0 polygons
2026-08-19 22:42:58 +0200: Memory Usage (472352K) : recog_sbump has 0 polygons
2026-08-19 22:42:58 +0200: Memory Usage (472352K) : recog_otp has 0 polygons
2026-08-19 22:42:58 +0200: Memory Usage (472352K) : recog_pdiode has 0 polygons
2026-08-19 22:42:58 +0200: Memory Usage (472480K) : recog_mom has 0 polygons
2026-08-19 22:42:58 +0200: Memory Usage (472480K) : recog_pcm has 0 polygons
2026-08-19 22:42:58 +0200: Memory Usage (472608K) : colopen_drw has 0 polygons
2026-08-19 22:42:58 +0200: Memory Usage (472608K) : graphmetal1_drw has 0 polygons
2026-08-19 22:42:58 +0200: Memory Usage (472736K) : graphmetal1_filler has 0 polygons
2026-08-19 22:42:58 +0200: Memory Usage (472736K) : graphmetal1_nofill has 0 polygons
2026-08-19 22:42:58 +0200: Memory Usage (472864K) : graphmetal1_slit has 0 polygons
2026-08-19 22:42:58 +0200: Memory Usage (472992K) : graphmetal1_OPC has 0 polygons
2026-08-19 22:42:58 +0200: Memory Usage (472992K) : graphmet1l_drw has 0 polygons
2026-08-19 22:42:58 +0200: Memory Usage (473120K) : graphmet1l_filler has 0 polygons
2026-08-19 22:42:58 +0200: Memory Usage (473120K) : graphmet1l_nofill has 0 polygons
2026-08-19 22:42:58 +0200: Memory Usage (473248K) : graphmet1l_slit has 0 polygons
2026-08-19 22:42:58 +0200: Memory Usage (473248K) : graphmet1l_OPC has 0 polygons
2026-08-19 22:42:58 +0200: Memory Usage (473376K) : extblock_drw has 3 polygons
2026-08-19 22:42:58 +0200: Memory Usage (473376K) : nldd_drw has 0 polygons
2026-08-19 22:42:58 +0200: Memory Usage (473504K) : pldd_drw has 0 polygons
2026-08-19 22:42:58 +0200: Memory Usage (473632K) : next_drw has 0 polygons
2026-08-19 22:42:58 +0200: Memory Usage (473632K) : pext_drw has 0 polygons
2026-08-19 22:42:58 +0200: Memory Usage (473760K) : nexthv_drw has 0 polygons
2026-08-19 22:42:58 +0200: Memory Usage (473760K) : pexthv_drw has 0 polygons
2026-08-19 22:42:58 +0200: Memory Usage (473888K) : graphgate_drw has 0 polygons
2026-08-19 22:42:58 +0200: Memory Usage (473888K) : sinwg_drw has 0 polygons
2026-08-19 22:42:58 +0200: Memory Usage (474016K) : sinwg_filler has 0 polygons
2026-08-19 22:42:58 +0200: Memory Usage (474016K) : sinwg_nofill has 0 polygons
2026-08-19 22:42:58 +0200: Memory Usage (474144K) : mempad_drw has 0 polygons
2026-08-19 22:42:58 +0200: Memory Usage (474272K) : topvia1_drw has 0 polygons
2026-08-19 22:42:58 +0200: Memory Usage (474272K) : topmetal1_drw has 0 polygons
2026-08-19 22:42:58 +0200: Memory Usage (474400K) : topmetal1_filler has 0 polygons
2026-08-19 22:42:58 +0200: Memory Usage (474400K) : topmetal1_slit has 0 polygons
2026-08-19 22:42:58 +0200: Memory Usage (474400K) : topmetal1 has 0 polygons
2026-08-19 22:42:58 +0200: Memory Usage (474400K) : topmetal1_pin has 0 polygons
2026-08-19 22:42:58 +0200: Memory Usage (474400K) : topmetal1_mask has 0 polygons
2026-08-19 22:42:58 +0200: Memory Usage (474400K) : topmetal1_nofill has 0 polygons
2026-08-19 22:42:58 +0200: Memory Usage (474400K) : topmetal1_text has 0 polygons
2026-08-19 22:42:58 +0200: Memory Usage (474528K) : topmetal1_noqrc has 0 polygons
2026-08-19 22:42:58 +0200: Memory Usage (474656K) : topmetal1_res has 0 polygons
2026-08-19 22:42:58 +0200: Memory Usage (474656K) : topmetal1_iprobe has 0 polygons
2026-08-19 22:42:58 +0200: Memory Usage (474784K) : topmetal1_diffprb has 0 polygons
2026-08-19 22:42:58 +0200: Memory Usage (474784K) : inldpwl_drw has 0 polygons
2026-08-19 22:42:58 +0200: Memory Usage (474912K) : polyres_drw has 1 polygons
2026-08-19 22:42:58 +0200: Memory Usage (474912K) : polyres_pin has 0 polygons
2026-08-19 22:42:58 +0200: Memory Usage (475040K) : vmim_drw has 0 polygons
2026-08-19 22:42:58 +0200: Memory Usage (475040K) : nbulaycut_drw has 0 polygons
2026-08-19 22:42:58 +0200: Memory Usage (475168K) : antmetal1_drw has 0 polygons
2026-08-19 22:42:58 +0200: Memory Usage (475296K) : topvia2_drw has 0 polygons
2026-08-19 22:42:58 +0200: Memory Usage (475296K) : topmetal2_drw has 0 polygons
2026-08-19 22:42:58 +0200: Memory Usage (475424K) : topmetal2_filler has 0 polygons
2026-08-19 22:42:58 +0200: Memory Usage (475424K) : topmetal2_slit has 0 polygons
2026-08-19 22:42:58 +0200: Memory Usage (475552K) : topmetal2 has 0 polygons
2026-08-19 22:42:58 +0200: Memory Usage (475680K) : topmetal2_pin has 0 polygons
2026-08-19 22:42:58 +0200: Memory Usage (475680K) : topmetal2_mask has 0 polygons
2026-08-19 22:42:58 +0200: Memory Usage (475808K) : topmetal2_nofill has 0 polygons
2026-08-19 22:42:58 +0200: Memory Usage (475808K) : topmetal2_text has 0 polygons
2026-08-19 22:42:58 +0200: Memory Usage (475936K) : topmetal2_noqrc has 0 polygons
2026-08-19 22:42:58 +0200: Memory Usage (475936K) : topmetal2_res has 0 polygons
2026-08-19 22:42:58 +0200: Memory Usage (476064K) : topmetal2_iprobe has 0 polygons
2026-08-19 22:42:58 +0200: Memory Usage (476192K) : topmetal2_diffprb has 0 polygons
2026-08-19 22:42:58 +0200: Memory Usage (476192K) : snsring_drw has 0 polygons
2026-08-19 22:42:58 +0200: Memory Usage (476320K) : sensor_drw has 0 polygons
2026-08-19 22:42:58 +0200: Memory Usage (476320K) : snsarms_drw has 0 polygons
2026-08-19 22:42:58 +0200: Memory Usage (476448K) : snscmosvia_drw has 0 polygons
2026-08-19 22:42:58 +0200: Memory Usage (476448K) : colwind_drw has 0 polygons
2026-08-19 22:42:58 +0200: Memory Usage (476576K) : flm_drw has 0 polygons
2026-08-19 22:42:58 +0200: Memory Usage (476704K) : hafniumox_drw has 0 polygons
2026-08-19 22:42:58 +0200: Memory Usage (476704K) : memvia_drw has 0 polygons
2026-08-19 22:42:58 +0200: Memory Usage (476832K) : thinfilmres_drw has 0 polygons
2026-08-19 22:42:58 +0200: Memory Usage (476832K) : rfmem_drw has 0 polygons
2026-08-19 22:42:58 +0200: Memory Usage (476960K) : norcx_drw has 0 polygons
2026-08-19 22:42:58 +0200: Memory Usage (476960K) : norcx_m2m3 has 0 polygons
2026-08-19 22:42:58 +0200: Memory Usage (477088K) : norcx_m2m4 has 0 polygons
2026-08-19 22:42:58 +0200: Memory Usage (477088K) : norcx_m2m5 has 0 polygons
2026-08-19 22:42:58 +0200: Memory Usage (477216K) : norcx_m2tm1 has 0 polygons
2026-08-19 22:42:58 +0200: Memory Usage (477344K) : norcx_m2tm2 has 0 polygons
2026-08-19 22:42:58 +0200: Memory Usage (477344K) : norcx_m3m4 has 0 polygons
2026-08-19 22:42:58 +0200: Memory Usage (477472K) : norcx_m3m5 has 0 polygons
2026-08-19 22:42:58 +0200: Memory Usage (477472K) : norcx_m3tm1 has 0 polygons
2026-08-19 22:42:58 +0200: Memory Usage (477600K) : norcx_m3tm2 has 0 polygons
2026-08-19 22:42:58 +0200: Memory Usage (477600K) : norcx_m4m5 has 0 polygons
2026-08-19 22:42:58 +0200: Memory Usage (477728K) : norcx_m4tm1 has 0 polygons
2026-08-19 22:42:58 +0200: Memory Usage (477728K) : norcx_m4tm2 has 0 polygons
2026-08-19 22:42:58 +0200: Memory Usage (477856K) : norcx_m5tm1 has 0 polygons
2026-08-19 22:42:58 +0200: Memory Usage (477856K) : norcx_m5tm2 has 0 polygons
2026-08-19 22:42:58 +0200: Memory Usage (477984K) : norcx_tm1tm2 has 0 polygons
2026-08-19 22:42:58 +0200: Memory Usage (478112K) : norcx_m1sub has 0 polygons
2026-08-19 22:42:58 +0200: Memory Usage (478112K) : norcx_m2sub has 0 polygons
2026-08-19 22:42:58 +0200: Memory Usage (478240K) : norcx_m3sub has 0 polygons
2026-08-19 22:42:58 +0200: Memory Usage (478240K) : norcx_m4sub has 0 polygons
2026-08-19 22:42:58 +0200: Memory Usage (478368K) : norcx_m5sub has 0 polygons
2026-08-19 22:42:58 +0200: Memory Usage (478368K) : norcx_tm1sub has 0 polygons
2026-08-19 22:42:58 +0200: Memory Usage (478496K) : norcx_tm2sub has 0 polygons
2026-08-19 22:42:58 +0200: Memory Usage (478496K) : snsbotvia_drw has 0 polygons
2026-08-19 22:42:58 +0200: Memory Usage (478624K) : snstopvia_drw has 0 polygons
2026-08-19 22:42:58 +0200: Memory Usage (478624K) : deepvia_drw has 0 polygons
2026-08-19 22:42:58 +0200: Memory Usage (478752K) : fgetch_drw has 0 polygons
2026-08-19 22:42:58 +0200: Memory Usage (478880K) : ctrgat_drw has 0 polygons
2026-08-19 22:42:58 +0200: Memory Usage (478880K) : fgimp_drw has 0 polygons
2026-08-19 22:42:58 +0200: Memory Usage (479008K) : emwihv_drw has 0 polygons
2026-08-19 22:42:58 +0200: Memory Usage (479008K) : lbe_drw has 0 polygons
2026-08-19 22:42:58 +0200: Memory Usage (479136K) : alcustop_drw has 0 polygons
2026-08-19 22:42:58 +0200: Memory Usage (479136K) : nometfiller_drw has 0 polygons
2026-08-19 22:42:58 +0200: Memory Usage (479264K) : prboundary_drw has 0 polygons
2026-08-19 22:42:58 +0200: Memory Usage (479264K) : exchange0_drw has 0 polygons
2026-08-19 22:42:58 +0200: Memory Usage (479392K) : exchange0_pin has 0 polygons
2026-08-19 22:42:58 +0200: Memory Usage (479520K) : exchange0_text has 0 polygons
2026-08-19 22:42:58 +0200: Memory Usage (479520K) : exchange1_drw has 0 polygons
2026-08-19 22:42:58 +0200: Memory Usage (479648K) : exchange1_pin has 0 polygons
2026-08-19 22:42:58 +0200: Memory Usage (479648K) : exchange1_text has 0 polygons
2026-08-19 22:42:58 +0200: Memory Usage (479776K) : exchange2_drw has 0 polygons
2026-08-19 22:42:58 +0200: Memory Usage (479776K) : exchange2_pin has 0 polygons
2026-08-19 22:42:58 +0200: Memory Usage (479904K) : exchange2_text has 0 polygons
2026-08-19 22:42:58 +0200: Memory Usage (479904K) : exchange3_drw has 0 polygons
2026-08-19 22:42:58 +0200: Memory Usage (480032K) : exchange3_pin has 0 polygons
2026-08-19 22:42:58 +0200: Memory Usage (480032K) : exchange3_text has 0 polygons
2026-08-19 22:42:58 +0200: Memory Usage (480160K) : exchange4_drw has 0 polygons
2026-08-19 22:42:58 +0200: Memory Usage (480160K) : exchange4_pin has 0 polygons
2026-08-19 22:42:58 +0200: Memory Usage (480288K) : exchange4_text has 0 polygons
2026-08-19 22:42:58 +0200: Memory Usage (480288K) : isonwell_drw has 0 polygons
2026-08-19 22:42:58 +0200: Memory Usage (480288K) : Total no. of polygons in the design is 328
2026-08-19 22:42:58 +0200: Memory Usage (480288K) : Starting CMOS5L Forbidden Layer Check
2026-08-19 22:42:58 +0200: Memory Usage (481952K) : CMOS5L Forbidden Layer Check: PASSED - No forbidden layers found
2026-08-19 22:42:58 +0200: Memory Usage (481952K) : CMOS5L Forbidden Layer Check: PASSED
2026-08-19 22:42:58 +0200: Memory Usage (481952K) : Starting base layers derivations
2026-08-19 22:42:58 +0200: Memory Usage (481952K) : Starting general LVS derivations
2026-08-19 22:42:58 +0200: Memory Usage (486356K) : Starting MOSFET DERIVATIONS
2026-08-19 22:42:58 +0200: Memory Usage (486356K) : Starting NMOS DERIVATIONS
2026-08-19 22:42:58 +0200: Memory Usage (486484K) : Starting PMOS DERIVATIONS
2026-08-19 22:42:58 +0200: Memory Usage (486740K) : Starting RF-MOSFET DERIVATIONS
2026-08-19 22:42:58 +0200: Memory Usage (486740K) : Starting RF-NMOS DERIVATIONS
2026-08-19 22:42:58 +0200: Memory Usage (486996K) : Starting RF-PMOS DERIVATIONS
2026-08-19 22:42:58 +0200: Memory Usage (487252K) : Starting BJT DERIVATIONS
2026-08-19 22:42:58 +0200: Memory Usage (487252K) : Starting NPN-BJT DERIVATIONS
2026-08-19 22:42:58 +0200: Memory Usage (488916K) : Starting PNP-BJT DERIVATIONS
2026-08-19 22:42:58 +0200: Memory Usage (488916K) : Starting DIODE DERIVATIONS
2026-08-19 22:42:58 +0200: Memory Usage (488916K) : Starting RESISTOR DERIVATIONS
2026-08-19 22:42:58 +0200: Memory Usage (489300K) : Starting CAP DERIVATIONS
2026-08-19 22:42:58 +0200: Memory Usage (489300K) : Starting CAP_MFRINGE DERIVATIONS
2026-08-19 22:42:58 +0200: Memory Usage (489300K) : Starting ESD DERIVATIONS
2026-08-19 22:42:59 +0200: Memory Usage (489300K) : Starting Inductor DERIVATIONS
2026-08-19 22:42:59 +0200: Memory Usage (489300K) : Starting Taps DERIVATIONS
2026-08-19 22:42:59 +0200: Memory Usage (489684K) : Starting SG13G2 LVS connectivity setup
2026-08-19 22:42:59 +0200: Memory Usage (489684K) : Starting SG13G2 LVS connectivity setup (Inter-layer)
2026-08-19 22:42:59 +0200: Memory Usage (489812K) : Starting SG13G2 LVS connectivity setup (Global)
2026-08-19 22:42:59 +0200: Memory Usage (489812K) : Starting LVS MOSFET CONNECTIONS
2026-08-19 22:42:59 +0200: Memory Usage (489812K) : Starting LVS RF-MOSFET CONNECTIONS
2026-08-19 22:42:59 +0200: Memory Usage (489812K) : Starting LVS BJT CONNECTIONS
2026-08-19 22:42:59 +0200: Memory Usage (489812K) : Starting LVS DIODE CONNECTIONS
2026-08-19 22:42:59 +0200: Memory Usage (489812K) : Starting RESISTOR CONNECTIONS
2026-08-19 22:42:59 +0200: Memory Usage (489812K) : Starting LVS CAP CONNECTIONS
2026-08-19 22:42:59 +0200: Memory Usage (489812K) : Starting ESD CONNECTIONS
2026-08-19 22:42:59 +0200: Memory Usage (489812K) : Starting Inductor CONNECTIONS
2026-08-19 22:42:59 +0200: Memory Usage (489812K) : Starting LVS Taps CONNECTIONS
2026-08-19 22:42:59 +0200: Memory Usage (489812K) : Starting CAP_MFRINGE CONNECTIONS
2026-08-19 22:42:59 +0200: Memory Usage (489812K) : Starting SG13CMOS5L LVS DEVICES EXTRACTION
2026-08-19 22:42:59 +0200: Memory Usage (489812K) : Starting MOSFET EXTRACTION
2026-08-19 22:42:59 +0200: Memory Usage (489812K) : Starting NMOS EXTRACTION
2026-08-19 22:42:59 +0200: Memory Usage (489812K) : Extraction of NMOS-LV transistor
2026-08-19 22:42:59 +0200: Memory Usage (489940K) : Extraction of NMOS-HV transistor
2026-08-19 22:42:59 +0200: Memory Usage (489940K) : Starting PMOS EXTRACTION
2026-08-19 22:42:59 +0200: Memory Usage (489940K) : Extraction of PMOS-LV transistor
2026-08-19 22:42:59 +0200: Memory Usage (489940K) : Extraction of PMOS-HV transistor
2026-08-19 22:42:59 +0200: Memory Usage (489940K) : Starting RF-MOSFET EXTRACTION
2026-08-19 22:42:59 +0200: Memory Usage (489940K) : Extraction of RF-NMOS-LV transistor
2026-08-19 22:42:59 +0200: Memory Usage (489940K) : Extraction of RF-NMOS-HV transistor
2026-08-19 22:42:59 +0200: Memory Usage (489940K) : Extraction of RF-PMOS-LV transistor
2026-08-19 22:42:59 +0200: Memory Usage (489940K) : Extraction of RF-PMOS-HV transistor
2026-08-19 22:42:59 +0200: Memory Usage (489940K) : Starting BJT EXTRACTION
2026-08-19 22:42:59 +0200: Memory Usage (489940K) : Starting NPN-BJT EXTRACTION
2026-08-19 22:42:59 +0200: Memory Usage (489940K) : Extraction of npn13G2 BJT transistor
2026-08-19 22:42:59 +0200: Memory Usage (489940K) : Extraction of npn13G2L BJT transistor
2026-08-19 22:42:59 +0200: Memory Usage (489940K) : Extraction of npn13G2V BJT transistor
2026-08-19 22:42:59 +0200: Memory Usage (489940K) : Starting PNP-BJT EXTRACTION
2026-08-19 22:42:59 +0200: Memory Usage (489940K) : Extracting pnpMPA BJT
2026-08-19 22:42:59 +0200: Memory Usage (489940K) : Starting DIODE EXTRACTION
2026-08-19 22:42:59 +0200: Memory Usage (489940K) : Extracting dantenna diode
2026-08-19 22:42:59 +0200: Memory Usage (489940K) : Extracting dpantenna diode
2026-08-19 22:42:59 +0200: Memory Usage (489940K) : Extracting schottky_nbl1 diode
2026-08-19 22:42:59 +0200: Memory Usage (489940K) : Extracting isolbox diode
2026-08-19 22:42:59 +0200: Memory Usage (489940K) : Starting RESISTOR EXTRACTION
2026-08-19 22:42:59 +0200: Memory Usage (489940K) : Extracting rsil resistor
2026-08-19 22:42:59 +0200: Memory Usage (489940K) : Extracting rppd resistor
2026-08-19 22:42:59 +0200: Memory Usage (490068K) : Extracting rhigh resistor
2026-08-19 22:42:59 +0200: Memory Usage (490068K) : Extracting res_metal1 resistor
2026-08-19 22:42:59 +0200: Memory Usage (490196K) : Extracting res_metal2 resistor
2026-08-19 22:42:59 +0200: Memory Usage (490196K) : Extracting res_metal3 resistor
2026-08-19 22:42:59 +0200: Memory Usage (490196K) : Extracting res_metal4 resistor
2026-08-19 22:42:59 +0200: Memory Usage (490196K) : Extracting res_metal5 resistor
2026-08-19 22:42:59 +0200: Memory Usage (490196K) : Extracting res_topmetal1 resistor
2026-08-19 22:42:59 +0200: Memory Usage (490196K) : Extracting res_topmetal2 resistor
2026-08-19 22:42:59 +0200: Memory Usage (490196K) : Starting CAP EXTRACTION
2026-08-19 22:42:59 +0200: Memory Usage (490196K) : Extracting cap_cmim device
2026-08-19 22:42:59 +0200: Memory Usage (490196K) : Extracting rfcmim device
2026-08-19 22:42:59 +0200: Memory Usage (490196K) : Extracting sg13_hv_svaricap varactor
2026-08-19 22:42:59 +0200: Memory Usage (490196K) : Extracting cap_mfringe device
2026-08-19 22:42:59 +0200: Memory Usage (490196K) : Starting ESD EXTRACTION
2026-08-19 22:42:59 +0200: Memory Usage (490196K) : Extracting diodevdd_2kv ESD device
2026-08-19 22:42:59 +0200: Memory Usage (490196K) : Extracting diodevdd_4kv ESD device
2026-08-19 22:42:59 +0200: Memory Usage (490196K) : Extracting diodevss_2kv ESD device
2026-08-19 22:42:59 +0200: Memory Usage (490196K) : Extracting diodevss_4kv ESD device
2026-08-19 22:42:59 +0200: Memory Usage (490196K) : Extracting idiodevdd_2kv ESD device
2026-08-19 22:42:59 +0200: Memory Usage (490196K) : Extracting idiodevdd_4kv ESD device
2026-08-19 22:42:59 +0200: Memory Usage (490196K) : Extracting idiodevss_2kv ESD device
2026-08-19 22:42:59 +0200: Memory Usage (490196K) : Extracting idiodevss_4kv ESD device
2026-08-19 22:42:59 +0200: Memory Usage (490196K) : Extracting nmoscl_2 ESD device
2026-08-19 22:42:59 +0200: Memory Usage (490196K) : Extracting nmoscl_4 ESD device
2026-08-19 22:42:59 +0200: Memory Usage (490196K) : Starting Inductor EXTRACTION
2026-08-19 22:42:59 +0200: Memory Usage (490196K) : Extracting Inductor2 device
2026-08-19 22:42:59 +0200: Memory Usage (490196K) : Extracting Inductor3 device
2026-08-19 22:42:59 +0200: Memory Usage (490196K) : Starting Taps EXTRACTION
2026-08-19 22:42:59 +0200: Memory Usage (490196K) : DISABLE_TAP_EXTRACTION is enabled: skipping ntap1/ptap1 device extraction.
2026-08-19 22:42:59 +0200: Memory Usage (490196K) : Starting SG13CMOS5L LVS RF MOS Model Mapping
2026-08-19 22:42:59 +0200: Memory Usage (490196K) : [layout_netlist] Apply RF MOS model mapping and rfmode parameter.
2026-08-19 22:42:59 +0200: Memory Usage (490324K) : Starting SG13CMOS5L LVS Options Preparations
2026-08-19 22:42:59 +0200: Memory Usage (490324K) : SG13CMOS5L LVS flow: extraction -> alignment -> option preparation -> comparison.
2026-08-19 22:42:59 +0200: Memory Usage (490324K) : Starting SG13CMOS5L LVS Alignment
2026-08-19 22:42:59 +0200: Memory Usage (490324K) : Starting SG13CMOS5L LVS Simplification
2026-08-19 22:42:59 +0200: Memory Usage (490324K) : [layout_netlist] simplify: ENABLED
2026-08-19 22:42:59 +0200: Memory Usage (490324K) : [layout_netlist] make_top_level_pins: SKIPPED
2026-08-19 22:42:59 +0200: Memory Usage (490324K) : [layout_netlist] combine_devices: SKIPPED
2026-08-19 22:42:59 +0200: Memory Usage (490324K) : [layout_netlist] purge: SKIPPED
2026-08-19 22:42:59 +0200: Memory Usage (490324K) : [layout_netlist] purge_nets: SKIPPED
2026-08-19 22:42:59 +0200: Memory Usage (490324K) : [schematic_netlist] simplify: ENABLED
2026-08-19 22:42:59 +0200: Memory Usage (490324K) : [schematic_netlist] make_top_level_pins: SKIPPED
2026-08-19 22:42:59 +0200: Memory Usage (490324K) : [schematic_netlist] combine_devices: SKIPPED
2026-08-19 22:42:59 +0200: Memory Usage (490324K) : [schematic_netlist] purge: SKIPPED
2026-08-19 22:42:59 +0200: Memory Usage (490324K) : [schematic_netlist] purge_nets: SKIPPED
2026-08-19 22:42:59 +0200: Memory Usage (490324K) : Starting SG13CMOS5L LVS Comparison in strict port mode.
2026-08-19 22:42:59 +0200: Memory Usage (490324K) : flag_missing_ports enabled: missing/mislabeled top-level ports are treated as errors.
2026-08-19 22:42:59 +0200: Memory Usage (490452K) : xxxxxxxxxxxxxxxxxxxxxxxxxxxxxxxxxxxxxxxxxx
2026-08-19 22:42:59 +0200: Memory Usage (490452K) : ERROR : Netlists don't match
2026-08-19 22:42:59 +0200: Memory Usage (490452K) : xxxxxxxxxxxxxxxxxxxxxxxxxxxxxxxxxxxxxxxxxx
2026-08-19 22:42:59 +0200: Memory Usage (490452K) : LVS Total Run time 0.943790 seconds
2026-08-19 22:43:24 +0200: Memory Usage (457044K) : Starting running SG13CMOS5L Klayout LVS runset on /foss/designs/CHIP-PLL/layout/CP/curr_source/curr_source.gds
2026-08-19 22:43:24 +0200: Memory Usage (457044K) : Ruby Version for klayout: 3.2.3
2026-08-19 22:43:24 +0200: Memory Usage (458720K) : Loading database to memory is complete.
2026-08-19 22:43:24 +0200: Memory Usage (458720K) : SG13CMOS5L Klayout LVS runset output at: /foss/designs/CHIP-PLL/layout/CP/lvs/curr_source.lvsdb
2026-08-19 22:43:24 +0200: Memory Usage (458720K) : Evaluate switches.
2026-08-19 22:43:24 +0200: Memory Usage (458720K) : Extracted netlist with net names: true
2026-08-19 22:43:24 +0200: Memory Usage (458720K) : Extracted netlist with comments in details: false
2026-08-19 22:43:24 +0200: Memory Usage (458720K) : Selected NET_ONLY option: false
2026-08-19 22:43:24 +0200: Memory Usage (458720K) : Selected LAYOUT_NETLIST option: (none)
2026-08-19 22:43:24 +0200: Memory Usage (458720K) : Selected IGNORE_TOP_PORTS_MISMATCH option: 
2026-08-19 22:43:24 +0200: Memory Usage (458720K) : Selected IMPLICIT_NETS option: (none)
2026-08-19 22:43:24 +0200: Memory Usage (458720K) : Selected TOP_LVL_PINS option: false
2026-08-19 22:43:24 +0200: Memory Usage (458720K) : Selected COMBINE DEVICES option: false
2026-08-19 22:43:24 +0200: Memory Usage (458720K) : Selected PURGE option: false
2026-08-19 22:43:24 +0200: Memory Usage (458720K) : Selected PURGE_NETS option: false
2026-08-19 22:43:24 +0200: Memory Usage (458720K) : Selected SIMPLIFY option: true
2026-08-19 22:43:24 +0200: Memory Usage (458720K) : Selected SERIES_RES option: true
2026-08-19 22:43:24 +0200: Memory Usage (458720K) : Selected PARALLEL_RES option: true
2026-08-19 22:43:24 +0200: Memory Usage (458720K) : Selected DISABLE_TAP_EXTRACTION option: true
2026-08-19 22:43:24 +0200: Memory Usage (458720K) : deep  mode is enabled.
2026-08-19 22:43:24 +0200: Memory Usage (458984K) : Netlist file: /foss/designs/CHIP-PLL/layout/CP/netlists/curr_source.spice
2026-08-19 22:43:24 +0200: Memory Usage (458984K) : LVS extracted netlist at: /foss/designs/CHIP-PLL/layout/CP/lvs/curr_source_extracted.cir
2026-08-19 22:43:24 +0200: Memory Usage (458984K) : Applying SRAM integration support.
2026-08-19 22:43:24 +0200: Memory Usage (458984K) : Starting SG13CMOS5L LVS runset
2026-08-19 22:43:24 +0200: Memory Usage (458984K) : Read in polygons from layers.
2026-08-19 22:43:24 +0200: Memory Usage (459984K) : activ_drw has 26 polygons
2026-08-19 22:43:24 +0200: Memory Usage (459984K) : activ_filler has 0 polygons
2026-08-19 22:43:24 +0200: Memory Usage (460160K) : activ has 26 polygons
2026-08-19 22:43:24 +0200: Memory Usage (460160K) : activ_pin has 0 polygons
2026-08-19 22:43:24 +0200: Memory Usage (460160K) : activ_mask has 0 polygons
2026-08-19 22:43:24 +0200: Memory Usage (460160K) : activ_nofill has 0 polygons
2026-08-19 22:43:24 +0200: Memory Usage (460160K) : activ_OPC has 0 polygons
2026-08-19 22:43:24 +0200: Memory Usage (460160K) : activ_iOPC has 0 polygons
2026-08-19 22:43:24 +0200: Memory Usage (460160K) : activ_noqrc has 0 polygons
2026-08-19 22:43:24 +0200: Memory Usage (460160K) : biwind_drw has 0 polygons
2026-08-19 22:43:24 +0200: Memory Usage (460288K) : biwind_OPC has 0 polygons
2026-08-19 22:43:24 +0200: Memory Usage (460288K) : gatpoly_drw has 21 polygons
2026-08-19 22:43:24 +0200: Memory Usage (460288K) : gatpoly_filler has 0 polygons
2026-08-19 22:43:24 +0200: Memory Usage (460288K) : gatpoly has 21 polygons
2026-08-19 22:43:24 +0200: Memory Usage (460288K) : gatpoly_pin has 6 polygons
2026-08-19 22:43:24 +0200: Memory Usage (460288K) : gatpoly_nofill has 0 polygons
2026-08-19 22:43:24 +0200: Memory Usage (460288K) : gatpoly_OPC has 0 polygons
2026-08-19 22:43:24 +0200: Memory Usage (460288K) : gatpoly_iOPC has 0 polygons
2026-08-19 22:43:24 +0200: Memory Usage (460288K) : gatpoly_noqrc has 0 polygons
2026-08-19 22:43:24 +0200: Memory Usage (460288K) : cont_drw has 92 polygons
2026-08-19 22:43:24 +0200: Memory Usage (460288K) : cont_OPC has 0 polygons
2026-08-19 22:43:24 +0200: Memory Usage (460288K) : nsd_drw has 0 polygons
2026-08-19 22:43:24 +0200: Memory Usage (460416K) : nsd_block has 0 polygons
2026-08-19 22:43:24 +0200: Memory Usage (460680K) : metal1_drw has 66 polygons
2026-08-19 22:43:24 +0200: Memory Usage (460680K) : metal1_filler has 0 polygons
2026-08-19 22:43:24 +0200: Memory Usage (460808K) : metal1_slit has 0 polygons
2026-08-19 22:43:24 +0200: Memory Usage (460936K) : metal1 has 66 polygons
2026-08-19 22:43:24 +0200: Memory Usage (460936K) : metal1_pin has 19 polygons
2026-08-19 22:43:24 +0200: Memory Usage (461320K) : metal1_mask has 0 polygons
2026-08-19 22:43:24 +0200: Memory Usage (461320K) : metal1_nofill has 0 polygons
2026-08-19 22:43:24 +0200: Memory Usage (461704K) : metal1_text has 2 polygons
2026-08-19 22:43:24 +0200: Memory Usage (461704K) : metal1_OPC has 0 polygons
2026-08-19 22:43:24 +0200: Memory Usage (461704K) : metal1_noqrc has 0 polygons
2026-08-19 22:43:24 +0200: Memory Usage (461704K) : metal1_res has 0 polygons
2026-08-19 22:43:24 +0200: Memory Usage (461704K) : metal1_iprobe has 0 polygons
2026-08-19 22:43:24 +0200: Memory Usage (461832K) : metal1_diffprb has 0 polygons
2026-08-19 22:43:24 +0200: Memory Usage (461960K) : passiv_drw has 0 polygons
2026-08-19 22:43:24 +0200: Memory Usage (461960K) : passiv_pin has 0 polygons
2026-08-19 22:43:24 +0200: Memory Usage (462088K) : passiv_sbump has 0 polygons
2026-08-19 22:43:24 +0200: Memory Usage (462088K) : passiv_pillar has 0 polygons
2026-08-19 22:43:24 +0200: Memory Usage (462216K) : passiv_pdl has 0 polygons
2026-08-19 22:43:24 +0200: Memory Usage (462216K) : metal2_drw has 22 polygons
2026-08-19 22:43:24 +0200: Memory Usage (462344K) : metal2_filler has 0 polygons
2026-08-19 22:43:24 +0200: Memory Usage (462472K) : metal2_slit has 0 polygons
2026-08-19 22:43:24 +0200: Memory Usage (462600K) : metal2 has 22 polygons
2026-08-19 22:43:24 +0200: Memory Usage (462600K) : metal2_pin has 1 polygons
2026-08-19 22:43:24 +0200: Memory Usage (462728K) : metal2_mask has 0 polygons
2026-08-19 22:43:24 +0200: Memory Usage (462728K) : metal2_nofill has 0 polygons
2026-08-19 22:43:24 +0200: Memory Usage (462856K) : metal2_text has 1 polygons
2026-08-19 22:43:24 +0200: Memory Usage (462856K) : metal2_OPC has 0 polygons
2026-08-19 22:43:24 +0200: Memory Usage (462984K) : metal2_noqrc has 0 polygons
2026-08-19 22:43:24 +0200: Memory Usage (462984K) : metal2_res has 0 polygons
2026-08-19 22:43:24 +0200: Memory Usage (463112K) : metal2_iprobe has 0 polygons
2026-08-19 22:43:24 +0200: Memory Usage (463112K) : metal2_diffprb has 0 polygons
2026-08-19 22:43:24 +0200: Memory Usage (463240K) : baspoly_drw has 0 polygons
2026-08-19 22:43:24 +0200: Memory Usage (463240K) : baspoly_pin has 0 polygons
2026-08-19 22:43:24 +0200: Memory Usage (463368K) : psd_drw has 6 polygons
2026-08-19 22:43:24 +0200: Memory Usage (463496K) : nldb_drw has 0 polygons
2026-08-19 22:43:24 +0200: Memory Usage (463496K) : digibnd_drw has 0 polygons
2026-08-19 22:43:24 +0200: Memory Usage (463624K) : via1_drw has 13 polygons
2026-08-19 22:43:24 +0200: Memory Usage (463752K) : backmetal1_drw has 0 polygons
2026-08-19 22:43:24 +0200: Memory Usage (463752K) : backmetal1_pin has 0 polygons
2026-08-19 22:43:24 +0200: Memory Usage (463880K) : backmetal1_mask has 0 polygons
2026-08-19 22:43:24 +0200: Memory Usage (464008K) : backmetal1_filler has 0 polygons
2026-08-19 22:43:24 +0200: Memory Usage (464008K) : backmetal1_nofill has 0 polygons
2026-08-19 22:43:24 +0200: Memory Usage (464136K) : backmetal1_slit has 0 polygons
2026-08-19 22:43:24 +0200: Memory Usage (464264K) : backmetal1_text has 0 polygons
2026-08-19 22:43:24 +0200: Memory Usage (464264K) : backmetal1_OPC has 0 polygons
2026-08-19 22:43:24 +0200: Memory Usage (464392K) : backmetal1_noqrc has 0 polygons
2026-08-19 22:43:24 +0200: Memory Usage (464392K) : backmetal1_res has 0 polygons
2026-08-19 22:43:24 +0200: Memory Usage (464520K) : backmetal1_iprobe has 0 polygons
2026-08-19 22:43:24 +0200: Memory Usage (464520K) : backmetal1_diffprb has 0 polygons
2026-08-19 22:43:24 +0200: Memory Usage (464648K) : backpassiv_drw has 0 polygons
2026-08-19 22:43:24 +0200: Memory Usage (464648K) : res_drw has 0 polygons
2026-08-19 22:43:24 +0200: Memory Usage (464776K) : sram_drw has 0 polygons
2026-08-19 22:43:24 +0200: Memory Usage (464776K) : trans_drw has 0 polygons
2026-08-19 22:43:24 +0200: Memory Usage (464904K) : ind_drw has 0 polygons
2026-08-19 22:43:24 +0200: Memory Usage (464904K) : ind_pin has 0 polygons
2026-08-19 22:43:24 +0200: Memory Usage (465032K) : ind_text has 0 polygons
2026-08-19 22:43:24 +0200: Memory Usage (465160K) : salblock_drw has 1 polygons
2026-08-19 22:43:24 +0200: Memory Usage (465288K) : via2_drw has 7 polygons
2026-08-19 22:43:24 +0200: Memory Usage (465288K) : metal3_drw has 12 polygons
2026-08-19 22:43:24 +0200: Memory Usage (465416K) : metal3_filler has 0 polygons
2026-08-19 22:43:24 +0200: Memory Usage (465416K) : metal3_slit has 0 polygons
2026-08-19 22:43:24 +0200: Memory Usage (465544K) : metal3 has 12 polygons
2026-08-19 22:43:24 +0200: Memory Usage (465672K) : metal3_pin has 0 polygons
2026-08-19 22:43:24 +0200: Memory Usage (465800K) : metal3_mask has 0 polygons
2026-08-19 22:43:24 +0200: Memory Usage (465800K) : metal3_nofill has 0 polygons
2026-08-19 22:43:24 +0200: Memory Usage (465928K) : metal3_text has 0 polygons
2026-08-19 22:43:24 +0200: Memory Usage (465928K) : metal3_OPC has 0 polygons
2026-08-19 22:43:24 +0200: Memory Usage (466056K) : metal3_noqrc has 0 polygons
2026-08-19 22:43:24 +0200: Memory Usage (466056K) : metal3_res has 0 polygons
2026-08-19 22:43:24 +0200: Memory Usage (466184K) : metal3_iprobe has 0 polygons
2026-08-19 22:43:24 +0200: Memory Usage (466312K) : metal3_diffprb has 0 polygons
2026-08-19 22:43:24 +0200: Memory Usage (466312K) : nwell_drw has 5 polygons
2026-08-19 22:43:24 +0200: Memory Usage (466312K) : nwell_pin has 1 polygons
2026-08-19 22:43:24 +0200: Memory Usage (466312K) : nwell_text has 0 polygons
2026-08-19 22:43:24 +0200: Memory Usage (466312K) : nbulay_drw has 0 polygons
2026-08-19 22:43:24 +0200: Memory Usage (466440K) : nbulay_pin has 0 polygons
2026-08-19 22:43:24 +0200: Memory Usage (466440K) : nbulay_block has 0 polygons
2026-08-19 22:43:24 +0200: Memory Usage (466440K) : emwind_drw has 0 polygons
2026-08-19 22:43:24 +0200: Memory Usage (466568K) : emwind_OPC has 0 polygons
2026-08-19 22:43:24 +0200: Memory Usage (466568K) : deepco_drw has 0 polygons
2026-08-19 22:43:24 +0200: Memory Usage (466568K) : mim_drw has 0 polygons
2026-08-19 22:43:24 +0200: Memory Usage (466696K) : edgeseal_drw has 0 polygons
2026-08-19 22:43:24 +0200: Memory Usage (466696K) : substrate_drw has 3 polygons
2026-08-19 22:43:24 +0200: Memory Usage (466696K) : substrate_text has 0 polygons
2026-08-19 22:43:24 +0200: Memory Usage (466696K) : dfpad_drw has 0 polygons
2026-08-19 22:43:24 +0200: Memory Usage (466824K) : dfpad_pillar has 0 polygons
2026-08-19 22:43:24 +0200: Memory Usage (466824K) : dfpad_sbump has 0 polygons
2026-08-19 22:43:24 +0200: Memory Usage (466952K) : thickgateox_drw has 0 polygons
2026-08-19 22:43:24 +0200: Memory Usage (467080K) : pldb_drw has 0 polygons
2026-08-19 22:43:24 +0200: Memory Usage (467080K) : pwell_drw has 0 polygons
2026-08-19 22:43:24 +0200: Memory Usage (467208K) : pwell_pin has 0 polygons
2026-08-19 22:43:24 +0200: Memory Usage (467208K) : pwell_block has 0 polygons
2026-08-19 22:43:24 +0200: Memory Usage (467336K) : ic_drw has 0 polygons
2026-08-19 22:43:24 +0200: Memory Usage (467336K) : via3_drw has 0 polygons
2026-08-19 22:43:24 +0200: Memory Usage (467464K) : metal4_drw has 0 polygons
2026-08-19 22:43:24 +0200: Memory Usage (467464K) : metal4_filler has 0 polygons
2026-08-19 22:43:24 +0200: Memory Usage (467592K) : metal4_slit has 0 polygons
2026-08-19 22:43:24 +0200: Memory Usage (467720K) : metal4 has 0 polygons
2026-08-19 22:43:24 +0200: Memory Usage (467720K) : metal4_pin has 0 polygons
2026-08-19 22:43:24 +0200: Memory Usage (467848K) : metal4_mask has 0 polygons
2026-08-19 22:43:24 +0200: Memory Usage (467976K) : metal4_nofill has 0 polygons
2026-08-19 22:43:24 +0200: Memory Usage (467976K) : metal4_text has 0 polygons
2026-08-19 22:43:24 +0200: Memory Usage (468104K) : metal4_OPC has 0 polygons
2026-08-19 22:43:24 +0200: Memory Usage (468104K) : metal4_noqrc has 0 polygons
2026-08-19 22:43:24 +0200: Memory Usage (468232K) : metal4_res has 0 polygons
2026-08-19 22:43:24 +0200: Memory Usage (468232K) : metal4_iprobe has 0 polygons
2026-08-19 22:43:24 +0200: Memory Usage (468360K) : metal4_diffprb has 0 polygons
2026-08-19 22:43:24 +0200: Memory Usage (468360K) : heattrans_drw has 8 polygons
2026-08-19 22:43:24 +0200: Memory Usage (468488K) : heatres_drw has 1 polygons
2026-08-19 22:43:24 +0200: Memory Usage (468616K) : fbe_drw has 0 polygons
2026-08-19 22:43:24 +0200: Memory Usage (468616K) : empoly_drw has 0 polygons
2026-08-19 22:43:24 +0200: Memory Usage (468744K) : digisub_drw has 0 polygons
2026-08-19 22:43:24 +0200: Memory Usage (468744K) : text_drw has 11 polygons
2026-08-19 22:43:24 +0200: Memory Usage (468872K) : via4_drw has 0 polygons
2026-08-19 22:43:24 +0200: Memory Usage (468872K) : metal5_drw has 0 polygons
2026-08-19 22:43:24 +0200: Memory Usage (468872K) : metal5_filler has 0 polygons
2026-08-19 22:43:24 +0200: Memory Usage (468872K) : metal5_slit has 0 polygons
2026-08-19 22:43:24 +0200: Memory Usage (469000K) : metal5 has 0 polygons
2026-08-19 22:43:24 +0200: Memory Usage (469000K) : metal5_pin has 0 polygons
2026-08-19 22:43:24 +0200: Memory Usage (469128K) : metal5_mask has 0 polygons
2026-08-19 22:43:24 +0200: Memory Usage (469128K) : metal5_nofill has 0 polygons
2026-08-19 22:43:24 +0200: Memory Usage (469256K) : metal5_text has 0 polygons
2026-08-19 22:43:24 +0200: Memory Usage (469256K) : metal5_OPC has 0 polygons
2026-08-19 22:43:24 +0200: Memory Usage (469384K) : metal5_noqrc has 0 polygons
2026-08-19 22:43:24 +0200: Memory Usage (469384K) : metal5_res has 0 polygons
2026-08-19 22:43:24 +0200: Memory Usage (469512K) : metal5_iprobe has 0 polygons
2026-08-19 22:43:24 +0200: Memory Usage (469640K) : metal5_diffprb has 0 polygons
2026-08-19 22:43:24 +0200: Memory Usage (469640K) : radhard_drw has 0 polygons
2026-08-19 22:43:24 +0200: Memory Usage (469768K) : memcap_drw has 0 polygons
2026-08-19 22:43:24 +0200: Memory Usage (469768K) : varicap_drw has 0 polygons
2026-08-19 22:43:24 +0200: Memory Usage (469896K) : intbondvia_drw has 0 polygons
2026-08-19 22:43:24 +0200: Memory Usage (469896K) : intbondmet_drw has 0 polygons
2026-08-19 22:43:24 +0200: Memory Usage (470024K) : devbondvia_drw has 0 polygons
2026-08-19 22:43:24 +0200: Memory Usage (470024K) : devbondmet_drw has 0 polygons
2026-08-19 22:43:24 +0200: Memory Usage (470152K) : devtrench_drw has 0 polygons
2026-08-19 22:43:24 +0200: Memory Usage (470280K) : redist_drw has 0 polygons
2026-08-19 22:43:24 +0200: Memory Usage (470280K) : graphbot_drw has 0 polygons
2026-08-19 22:43:24 +0200: Memory Usage (470408K) : graphtop_drw has 0 polygons
2026-08-19 22:43:24 +0200: Memory Usage (470408K) : antvia1_drw has 0 polygons
2026-08-19 22:43:24 +0200: Memory Usage (470536K) : antmetal2_drw has 0 polygons
2026-08-19 22:43:24 +0200: Memory Usage (470536K) : graphcont_drw has 0 polygons
2026-08-19 22:43:24 +0200: Memory Usage (470664K) : siwg_drw has 0 polygons
2026-08-19 22:43:24 +0200: Memory Usage (470664K) : siwg_filler has 0 polygons
2026-08-19 22:43:24 +0200: Memory Usage (470792K) : siwg_nofill has 0 polygons
2026-08-19 22:43:24 +0200: Memory Usage (470792K) : sigrating_drw has 0 polygons
2026-08-19 22:43:24 +0200: Memory Usage (470920K) : singrating_drw has 0 polygons
2026-08-19 22:43:24 +0200: Memory Usage (471048K) : graphpas_drw has 0 polygons
2026-08-19 22:43:24 +0200: Memory Usage (471048K) : emwind3_drw has 0 polygons
2026-08-19 22:43:24 +0200: Memory Usage (471048K) : emwihv3_drw has 0 polygons
2026-08-19 22:43:24 +0200: Memory Usage (471048K) : redbulay_drw has 0 polygons
2026-08-19 22:43:24 +0200: Memory Usage (471176K) : smos_drw has 0 polygons
2026-08-19 22:43:24 +0200: Memory Usage (471176K) : graphpad_drw has 0 polygons
2026-08-19 22:43:24 +0200: Memory Usage (471176K) : polimide_drw has 0 polygons
2026-08-19 22:43:24 +0200: Memory Usage (471304K) : polimide_pin has 0 polygons
2026-08-19 22:43:24 +0200: Memory Usage (471304K) : recog_drw has 0 polygons
2026-08-19 22:43:24 +0200: Memory Usage (471304K) : recog_pin has 0 polygons
2026-08-19 22:43:24 +0200: Memory Usage (471432K) : recog_esd has 0 polygons
2026-08-19 22:43:24 +0200: Memory Usage (471432K) : recog_diode has 0 polygons
2026-08-19 22:43:24 +0200: Memory Usage (471560K) : recog_tsv has 0 polygons
2026-08-19 22:43:24 +0200: Memory Usage (471560K) : recog_iprobe has 0 polygons
2026-08-19 22:43:24 +0200: Memory Usage (471688K) : recog_diffprb has 0 polygons
2026-08-19 22:43:24 +0200: Memory Usage (471688K) : recog_pillar has 0 polygons
2026-08-19 22:43:24 +0200: Memory Usage (471816K) : recog_sbump has 0 polygons
2026-08-19 22:43:24 +0200: Memory Usage (471816K) : recog_otp has 0 polygons
2026-08-19 22:43:24 +0200: Memory Usage (471944K) : recog_pdiode has 0 polygons
2026-08-19 22:43:24 +0200: Memory Usage (471944K) : recog_mom has 0 polygons
2026-08-19 22:43:24 +0200: Memory Usage (472072K) : recog_pcm has 0 polygons
2026-08-19 22:43:24 +0200: Memory Usage (472200K) : colopen_drw has 0 polygons
2026-08-19 22:43:24 +0200: Memory Usage (472200K) : graphmetal1_drw has 0 polygons
2026-08-19 22:43:24 +0200: Memory Usage (472328K) : graphmetal1_filler has 0 polygons
2026-08-19 22:43:24 +0200: Memory Usage (472328K) : graphmetal1_nofill has 0 polygons
2026-08-19 22:43:24 +0200: Memory Usage (472456K) : graphmetal1_slit has 0 polygons
2026-08-19 22:43:24 +0200: Memory Usage (472456K) : graphmetal1_OPC has 0 polygons
2026-08-19 22:43:24 +0200: Memory Usage (472584K) : graphmet1l_drw has 0 polygons
2026-08-19 22:43:24 +0200: Memory Usage (472584K) : graphmet1l_filler has 0 polygons
2026-08-19 22:43:24 +0200: Memory Usage (472712K) : graphmet1l_nofill has 0 polygons
2026-08-19 22:43:24 +0200: Memory Usage (472840K) : graphmet1l_slit has 0 polygons
2026-08-19 22:43:24 +0200: Memory Usage (472840K) : graphmet1l_OPC has 0 polygons
2026-08-19 22:43:24 +0200: Memory Usage (472968K) : extblock_drw has 3 polygons
2026-08-19 22:43:24 +0200: Memory Usage (472968K) : nldd_drw has 0 polygons
2026-08-19 22:43:24 +0200: Memory Usage (473096K) : pldd_drw has 0 polygons
2026-08-19 22:43:24 +0200: Memory Usage (473096K) : next_drw has 0 polygons
2026-08-19 22:43:24 +0200: Memory Usage (473224K) : pext_drw has 0 polygons
2026-08-19 22:43:24 +0200: Memory Usage (473224K) : nexthv_drw has 0 polygons
2026-08-19 22:43:24 +0200: Memory Usage (473352K) : pexthv_drw has 0 polygons
2026-08-19 22:43:24 +0200: Memory Usage (473480K) : graphgate_drw has 0 polygons
2026-08-19 22:43:24 +0200: Memory Usage (473480K) : sinwg_drw has 0 polygons
2026-08-19 22:43:24 +0200: Memory Usage (473608K) : sinwg_filler has 0 polygons
2026-08-19 22:43:24 +0200: Memory Usage (473608K) : sinwg_nofill has 0 polygons
2026-08-19 22:43:24 +0200: Memory Usage (473608K) : mempad_drw has 0 polygons
2026-08-19 22:43:24 +0200: Memory Usage (473608K) : topvia1_drw has 0 polygons
2026-08-19 22:43:24 +0200: Memory Usage (473608K) : topmetal1_drw has 0 polygons
2026-08-19 22:43:24 +0200: Memory Usage (473608K) : topmetal1_filler has 0 polygons
2026-08-19 22:43:24 +0200: Memory Usage (473608K) : topmetal1_slit has 0 polygons
2026-08-19 22:43:24 +0200: Memory Usage (473736K) : topmetal1 has 0 polygons
2026-08-19 22:43:24 +0200: Memory Usage (473864K) : topmetal1_pin has 0 polygons
2026-08-19 22:43:24 +0200: Memory Usage (473864K) : topmetal1_mask has 0 polygons
2026-08-19 22:43:24 +0200: Memory Usage (473992K) : topmetal1_nofill has 0 polygons
2026-08-19 22:43:24 +0200: Memory Usage (473992K) : topmetal1_text has 0 polygons
2026-08-19 22:43:24 +0200: Memory Usage (474120K) : topmetal1_noqrc has 0 polygons
2026-08-19 22:43:24 +0200: Memory Usage (474120K) : topmetal1_res has 0 polygons
2026-08-19 22:43:24 +0200: Memory Usage (474248K) : topmetal1_iprobe has 0 polygons
2026-08-19 22:43:24 +0200: Memory Usage (474248K) : topmetal1_diffprb has 0 polygons
2026-08-19 22:43:24 +0200: Memory Usage (474376K) : inldpwl_drw has 0 polygons
2026-08-19 22:43:24 +0200: Memory Usage (474376K) : polyres_drw has 1 polygons
2026-08-19 22:43:24 +0200: Memory Usage (474504K) : polyres_pin has 0 polygons
2026-08-19 22:43:24 +0200: Memory Usage (474632K) : vmim_drw has 0 polygons
2026-08-19 22:43:24 +0200: Memory Usage (474632K) : nbulaycut_drw has 0 polygons
2026-08-19 22:43:24 +0200: Memory Usage (474760K) : antmetal1_drw has 0 polygons
2026-08-19 22:43:24 +0200: Memory Usage (474760K) : topvia2_drw has 0 polygons
2026-08-19 22:43:24 +0200: Memory Usage (474888K) : topmetal2_drw has 0 polygons
2026-08-19 22:43:24 +0200: Memory Usage (474888K) : topmetal2_filler has 0 polygons
2026-08-19 22:43:24 +0200: Memory Usage (475016K) : topmetal2_slit has 0 polygons
2026-08-19 22:43:24 +0200: Memory Usage (475144K) : topmetal2 has 0 polygons
2026-08-19 22:43:24 +0200: Memory Usage (475144K) : topmetal2_pin has 0 polygons
2026-08-19 22:43:24 +0200: Memory Usage (475272K) : topmetal2_mask has 0 polygons
2026-08-19 22:43:24 +0200: Memory Usage (475272K) : topmetal2_nofill has 0 polygons
2026-08-19 22:43:24 +0200: Memory Usage (475400K) : topmetal2_text has 0 polygons
2026-08-19 22:43:24 +0200: Memory Usage (475400K) : topmetal2_noqrc has 0 polygons
2026-08-19 22:43:24 +0200: Memory Usage (475528K) : topmetal2_res has 0 polygons
2026-08-19 22:43:24 +0200: Memory Usage (475656K) : topmetal2_iprobe has 0 polygons
2026-08-19 22:43:24 +0200: Memory Usage (475656K) : topmetal2_diffprb has 0 polygons
2026-08-19 22:43:24 +0200: Memory Usage (475784K) : snsring_drw has 0 polygons
2026-08-19 22:43:24 +0200: Memory Usage (475784K) : sensor_drw has 0 polygons
2026-08-19 22:43:24 +0200: Memory Usage (475912K) : snsarms_drw has 0 polygons
2026-08-19 22:43:24 +0200: Memory Usage (475912K) : snscmosvia_drw has 0 polygons
2026-08-19 22:43:24 +0200: Memory Usage (476040K) : colwind_drw has 0 polygons
2026-08-19 22:43:24 +0200: Memory Usage (476040K) : flm_drw has 0 polygons
2026-08-19 22:43:24 +0200: Memory Usage (476168K) : hafniumox_drw has 0 polygons
2026-08-19 22:43:24 +0200: Memory Usage (476296K) : memvia_drw has 0 polygons
2026-08-19 22:43:24 +0200: Memory Usage (476296K) : thinfilmres_drw has 0 polygons
2026-08-19 22:43:24 +0200: Memory Usage (476424K) : rfmem_drw has 0 polygons
2026-08-19 22:43:24 +0200: Memory Usage (476424K) : norcx_drw has 0 polygons
2026-08-19 22:43:24 +0200: Memory Usage (476552K) : norcx_m2m3 has 0 polygons
2026-08-19 22:43:24 +0200: Memory Usage (476552K) : norcx_m2m4 has 0 polygons
2026-08-19 22:43:24 +0200: Memory Usage (476680K) : norcx_m2m5 has 0 polygons
2026-08-19 22:43:24 +0200: Memory Usage (476680K) : norcx_m2tm1 has 0 polygons
2026-08-19 22:43:24 +0200: Memory Usage (476808K) : norcx_m2tm2 has 0 polygons
2026-08-19 22:43:24 +0200: Memory Usage (476808K) : norcx_m3m4 has 0 polygons
2026-08-19 22:43:24 +0200: Memory Usage (476936K) : norcx_m3m5 has 0 polygons
2026-08-19 22:43:24 +0200: Memory Usage (477064K) : norcx_m3tm1 has 0 polygons
2026-08-19 22:43:24 +0200: Memory Usage (477064K) : norcx_m3tm2 has 0 polygons
2026-08-19 22:43:24 +0200: Memory Usage (477192K) : norcx_m4m5 has 0 polygons
2026-08-19 22:43:24 +0200: Memory Usage (477192K) : norcx_m4tm1 has 0 polygons
2026-08-19 22:43:24 +0200: Memory Usage (477320K) : norcx_m4tm2 has 0 polygons
2026-08-19 22:43:24 +0200: Memory Usage (477320K) : norcx_m5tm1 has 0 polygons
2026-08-19 22:43:24 +0200: Memory Usage (477448K) : norcx_m5tm2 has 0 polygons
2026-08-19 22:43:24 +0200: Memory Usage (477448K) : norcx_tm1tm2 has 0 polygons
2026-08-19 22:43:24 +0200: Memory Usage (477576K) : norcx_m1sub has 0 polygons
2026-08-19 22:43:24 +0200: Memory Usage (477704K) : norcx_m2sub has 0 polygons
2026-08-19 22:43:24 +0200: Memory Usage (477704K) : norcx_m3sub has 0 polygons
2026-08-19 22:43:24 +0200: Memory Usage (477832K) : norcx_m4sub has 0 polygons
2026-08-19 22:43:24 +0200: Memory Usage (477832K) : norcx_m5sub has 0 polygons
2026-08-19 22:43:24 +0200: Memory Usage (477960K) : norcx_tm1sub has 0 polygons
2026-08-19 22:43:24 +0200: Memory Usage (477960K) : norcx_tm2sub has 0 polygons
2026-08-19 22:43:24 +0200: Memory Usage (478088K) : snsbotvia_drw has 0 polygons
2026-08-19 22:43:24 +0200: Memory Usage (478088K) : snstopvia_drw has 0 polygons
2026-08-19 22:43:24 +0200: Memory Usage (478216K) : deepvia_drw has 0 polygons
2026-08-19 22:43:24 +0200: Memory Usage (478216K) : fgetch_drw has 0 polygons
2026-08-19 22:43:24 +0200: Memory Usage (478344K) : ctrgat_drw has 0 polygons
2026-08-19 22:43:24 +0200: Memory Usage (478472K) : fgimp_drw has 0 polygons
2026-08-19 22:43:24 +0200: Memory Usage (478472K) : emwihv_drw has 0 polygons
2026-08-19 22:43:24 +0200: Memory Usage (478600K) : lbe_drw has 0 polygons
2026-08-19 22:43:24 +0200: Memory Usage (478600K) : alcustop_drw has 0 polygons
2026-08-19 22:43:24 +0200: Memory Usage (478728K) : nometfiller_drw has 0 polygons
2026-08-19 22:43:24 +0200: Memory Usage (478728K) : prboundary_drw has 0 polygons
2026-08-19 22:43:24 +0200: Memory Usage (478856K) : exchange0_drw has 0 polygons
2026-08-19 22:43:24 +0200: Memory Usage (478856K) : exchange0_pin has 0 polygons
2026-08-19 22:43:24 +0200: Memory Usage (478984K) : exchange0_text has 0 polygons
2026-08-19 22:43:24 +0200: Memory Usage (478984K) : exchange1_drw has 0 polygons
2026-08-19 22:43:24 +0200: Memory Usage (479112K) : exchange1_pin has 0 polygons
2026-08-19 22:43:24 +0200: Memory Usage (479240K) : exchange1_text has 0 polygons
2026-08-19 22:43:24 +0200: Memory Usage (479240K) : exchange2_drw has 0 polygons
2026-08-19 22:43:24 +0200: Memory Usage (479368K) : exchange2_pin has 0 polygons
2026-08-19 22:43:24 +0200: Memory Usage (479368K) : exchange2_text has 0 polygons
2026-08-19 22:43:24 +0200: Memory Usage (479496K) : exchange3_drw has 0 polygons
2026-08-19 22:43:24 +0200: Memory Usage (479496K) : exchange3_pin has 0 polygons
2026-08-19 22:43:24 +0200: Memory Usage (479624K) : exchange3_text has 0 polygons
2026-08-19 22:43:24 +0200: Memory Usage (479624K) : exchange4_drw has 0 polygons
2026-08-19 22:43:24 +0200: Memory Usage (479752K) : exchange4_pin has 0 polygons
2026-08-19 22:43:24 +0200: Memory Usage (479752K) : exchange4_text has 0 polygons
2026-08-19 22:43:24 +0200: Memory Usage (479880K) : isonwell_drw has 0 polygons
2026-08-19 22:43:24 +0200: Memory Usage (479880K) : Total no. of polygons in the design is 328
2026-08-19 22:43:24 +0200: Memory Usage (479880K) : Starting CMOS5L Forbidden Layer Check
2026-08-19 22:43:24 +0200: Memory Usage (480008K) : CMOS5L Forbidden Layer Check: PASSED - No forbidden layers found
2026-08-19 22:43:24 +0200: Memory Usage (480008K) : CMOS5L Forbidden Layer Check: PASSED
2026-08-19 22:43:24 +0200: Memory Usage (480008K) : Starting base layers derivations
2026-08-19 22:43:24 +0200: Memory Usage (480008K) : Starting general LVS derivations
2026-08-19 22:43:24 +0200: Memory Usage (484468K) : Starting MOSFET DERIVATIONS
2026-08-19 22:43:24 +0200: Memory Usage (486644K) : Starting NMOS DERIVATIONS
2026-08-19 22:43:24 +0200: Memory Usage (486900K) : Starting PMOS DERIVATIONS
2026-08-19 22:43:24 +0200: Memory Usage (487156K) : Starting RF-MOSFET DERIVATIONS
2026-08-19 22:43:24 +0200: Memory Usage (487156K) : Starting RF-NMOS DERIVATIONS
2026-08-19 22:43:24 +0200: Memory Usage (487412K) : Starting RF-PMOS DERIVATIONS
2026-08-19 22:43:24 +0200: Memory Usage (487668K) : Starting BJT DERIVATIONS
2026-08-19 22:43:24 +0200: Memory Usage (487668K) : Starting NPN-BJT DERIVATIONS
2026-08-19 22:43:24 +0200: Memory Usage (488564K) : Starting PNP-BJT DERIVATIONS
2026-08-19 22:43:24 +0200: Memory Usage (488564K) : Starting DIODE DERIVATIONS
2026-08-19 22:43:24 +0200: Memory Usage (488692K) : Starting RESISTOR DERIVATIONS
2026-08-19 22:43:25 +0200: Memory Usage (489092K) : Starting CAP DERIVATIONS
2026-08-19 22:43:25 +0200: Memory Usage (489092K) : Starting CAP_MFRINGE DERIVATIONS
2026-08-19 22:43:25 +0200: Memory Usage (489092K) : Starting ESD DERIVATIONS
2026-08-19 22:43:25 +0200: Memory Usage (489092K) : Starting Inductor DERIVATIONS
2026-08-19 22:43:25 +0200: Memory Usage (489732K) : Starting Taps DERIVATIONS
2026-08-19 22:43:25 +0200: Memory Usage (490244K) : Starting SG13G2 LVS connectivity setup
2026-08-19 22:43:25 +0200: Memory Usage (490244K) : Starting SG13G2 LVS connectivity setup (Inter-layer)
2026-08-19 22:43:25 +0200: Memory Usage (490372K) : Starting SG13G2 LVS connectivity setup (Global)
2026-08-19 22:43:25 +0200: Memory Usage (490372K) : Starting LVS MOSFET CONNECTIONS
2026-08-19 22:43:25 +0200: Memory Usage (490372K) : Starting LVS RF-MOSFET CONNECTIONS
2026-08-19 22:43:25 +0200: Memory Usage (490372K) : Starting LVS BJT CONNECTIONS
2026-08-19 22:43:25 +0200: Memory Usage (490372K) : Starting LVS DIODE CONNECTIONS
2026-08-19 22:43:25 +0200: Memory Usage (490372K) : Starting RESISTOR CONNECTIONS
2026-08-19 22:43:25 +0200: Memory Usage (490372K) : Starting LVS CAP CONNECTIONS
2026-08-19 22:43:25 +0200: Memory Usage (490372K) : Starting ESD CONNECTIONS
2026-08-19 22:43:25 +0200: Memory Usage (490372K) : Starting Inductor CONNECTIONS
2026-08-19 22:43:25 +0200: Memory Usage (490372K) : Starting LVS Taps CONNECTIONS
2026-08-19 22:43:25 +0200: Memory Usage (490372K) : Starting CAP_MFRINGE CONNECTIONS
2026-08-19 22:43:25 +0200: Memory Usage (490372K) : Starting SG13CMOS5L LVS DEVICES EXTRACTION
2026-08-19 22:43:25 +0200: Memory Usage (490372K) : Starting MOSFET EXTRACTION
2026-08-19 22:43:25 +0200: Memory Usage (490372K) : Starting NMOS EXTRACTION
2026-08-19 22:43:25 +0200: Memory Usage (490372K) : Extraction of NMOS-LV transistor
2026-08-19 22:43:25 +0200: Memory Usage (490500K) : Extraction of NMOS-HV transistor
2026-08-19 22:43:25 +0200: Memory Usage (490500K) : Starting PMOS EXTRACTION
2026-08-19 22:43:25 +0200: Memory Usage (490500K) : Extraction of PMOS-LV transistor
2026-08-19 22:43:25 +0200: Memory Usage (490500K) : Extraction of PMOS-HV transistor
2026-08-19 22:43:25 +0200: Memory Usage (490500K) : Starting RF-MOSFET EXTRACTION
2026-08-19 22:43:25 +0200: Memory Usage (490500K) : Extraction of RF-NMOS-LV transistor
2026-08-19 22:43:25 +0200: Memory Usage (490500K) : Extraction of RF-NMOS-HV transistor
2026-08-19 22:43:25 +0200: Memory Usage (490500K) : Extraction of RF-PMOS-LV transistor
2026-08-19 22:43:25 +0200: Memory Usage (490500K) : Extraction of RF-PMOS-HV transistor
2026-08-19 22:43:25 +0200: Memory Usage (490500K) : Starting BJT EXTRACTION
2026-08-19 22:43:25 +0200: Memory Usage (490500K) : Starting NPN-BJT EXTRACTION
2026-08-19 22:43:25 +0200: Memory Usage (490500K) : Extraction of npn13G2 BJT transistor
2026-08-19 22:43:25 +0200: Memory Usage (490500K) : Extraction of npn13G2L BJT transistor
2026-08-19 22:43:25 +0200: Memory Usage (490500K) : Extraction of npn13G2V BJT transistor
2026-08-19 22:43:25 +0200: Memory Usage (490500K) : Starting PNP-BJT EXTRACTION
2026-08-19 22:43:25 +0200: Memory Usage (490500K) : Extracting pnpMPA BJT
2026-08-19 22:43:25 +0200: Memory Usage (490500K) : Starting DIODE EXTRACTION
2026-08-19 22:43:25 +0200: Memory Usage (490500K) : Extracting dantenna diode
2026-08-19 22:43:25 +0200: Memory Usage (490500K) : Extracting dpantenna diode
2026-08-19 22:43:25 +0200: Memory Usage (490500K) : Extracting schottky_nbl1 diode
2026-08-19 22:43:25 +0200: Memory Usage (490500K) : Extracting isolbox diode
2026-08-19 22:43:25 +0200: Memory Usage (490500K) : Starting RESISTOR EXTRACTION
2026-08-19 22:43:25 +0200: Memory Usage (490500K) : Extracting rsil resistor
2026-08-19 22:43:25 +0200: Memory Usage (490500K) : Extracting rppd resistor
2026-08-19 22:43:25 +0200: Memory Usage (490500K) : Extracting rhigh resistor
2026-08-19 22:43:25 +0200: Memory Usage (490500K) : Extracting res_metal1 resistor
2026-08-19 22:43:25 +0200: Memory Usage (490676K) : Extracting res_metal2 resistor
2026-08-19 22:43:25 +0200: Memory Usage (490676K) : Extracting res_metal3 resistor
2026-08-19 22:43:25 +0200: Memory Usage (490676K) : Extracting res_metal4 resistor
2026-08-19 22:43:25 +0200: Memory Usage (490676K) : Extracting res_metal5 resistor
2026-08-19 22:43:25 +0200: Memory Usage (490676K) : Extracting res_topmetal1 resistor
2026-08-19 22:43:25 +0200: Memory Usage (490676K) : Extracting res_topmetal2 resistor
2026-08-19 22:43:25 +0200: Memory Usage (490676K) : Starting CAP EXTRACTION
2026-08-19 22:43:25 +0200: Memory Usage (490676K) : Extracting cap_cmim device
2026-08-19 22:43:25 +0200: Memory Usage (490676K) : Extracting rfcmim device
2026-08-19 22:43:25 +0200: Memory Usage (490676K) : Extracting sg13_hv_svaricap varactor
2026-08-19 22:43:25 +0200: Memory Usage (490676K) : Extracting cap_mfringe device
2026-08-19 22:43:25 +0200: Memory Usage (490676K) : Starting ESD EXTRACTION
2026-08-19 22:43:25 +0200: Memory Usage (490676K) : Extracting diodevdd_2kv ESD device
2026-08-19 22:43:25 +0200: Memory Usage (490676K) : Extracting diodevdd_4kv ESD device
2026-08-19 22:43:25 +0200: Memory Usage (490676K) : Extracting diodevss_2kv ESD device
2026-08-19 22:43:25 +0200: Memory Usage (490676K) : Extracting diodevss_4kv ESD device
2026-08-19 22:43:25 +0200: Memory Usage (490676K) : Extracting idiodevdd_2kv ESD device
2026-08-19 22:43:25 +0200: Memory Usage (490676K) : Extracting idiodevdd_4kv ESD device
2026-08-19 22:43:25 +0200: Memory Usage (490676K) : Extracting idiodevss_2kv ESD device
2026-08-19 22:43:25 +0200: Memory Usage (490676K) : Extracting idiodevss_4kv ESD device
2026-08-19 22:43:25 +0200: Memory Usage (490676K) : Extracting nmoscl_2 ESD device
2026-08-19 22:43:25 +0200: Memory Usage (490676K) : Extracting nmoscl_4 ESD device
2026-08-19 22:43:25 +0200: Memory Usage (490676K) : Starting Inductor EXTRACTION
2026-08-19 22:43:25 +0200: Memory Usage (490676K) : Extracting Inductor2 device
2026-08-19 22:43:25 +0200: Memory Usage (490676K) : Extracting Inductor3 device
2026-08-19 22:43:25 +0200: Memory Usage (490676K) : Starting Taps EXTRACTION
2026-08-19 22:43:25 +0200: Memory Usage (490676K) : DISABLE_TAP_EXTRACTION is enabled: skipping ntap1/ptap1 device extraction.
2026-08-19 22:43:25 +0200: Memory Usage (490676K) : Starting SG13CMOS5L LVS RF MOS Model Mapping
2026-08-19 22:43:25 +0200: Memory Usage (490676K) : [layout_netlist] Apply RF MOS model mapping and rfmode parameter.
2026-08-19 22:43:25 +0200: Memory Usage (490676K) : Starting SG13CMOS5L LVS Options Preparations
2026-08-19 22:43:25 +0200: Memory Usage (490676K) : SG13CMOS5L LVS flow: extraction -> alignment -> option preparation -> comparison.
2026-08-19 22:43:25 +0200: Memory Usage (490676K) : Starting SG13CMOS5L LVS Alignment
2026-08-19 22:43:25 +0200: Memory Usage (490804K) : Starting SG13CMOS5L LVS Simplification
2026-08-19 22:43:25 +0200: Memory Usage (490804K) : [layout_netlist] simplify: ENABLED
2026-08-19 22:43:25 +0200: Memory Usage (490804K) : [layout_netlist] make_top_level_pins: SKIPPED
2026-08-19 22:43:25 +0200: Memory Usage (490804K) : [layout_netlist] combine_devices: SKIPPED
2026-08-19 22:43:25 +0200: Memory Usage (490804K) : [layout_netlist] purge: SKIPPED
2026-08-19 22:43:25 +0200: Memory Usage (490804K) : [layout_netlist] purge_nets: SKIPPED
2026-08-19 22:43:25 +0200: Memory Usage (490804K) : [schematic_netlist] simplify: ENABLED
2026-08-19 22:43:25 +0200: Memory Usage (490804K) : [schematic_netlist] make_top_level_pins: SKIPPED
2026-08-19 22:43:25 +0200: Memory Usage (490804K) : [schematic_netlist] combine_devices: SKIPPED
2026-08-19 22:43:25 +0200: Memory Usage (490804K) : [schematic_netlist] purge: SKIPPED
2026-08-19 22:43:25 +0200: Memory Usage (490804K) : [schematic_netlist] purge_nets: SKIPPED
2026-08-19 22:43:25 +0200: Memory Usage (490804K) : Starting SG13CMOS5L LVS Comparison in strict port mode.
2026-08-19 22:43:25 +0200: Memory Usage (490804K) : flag_missing_ports enabled: missing/mislabeled top-level ports are treated as errors.
2026-08-19 22:43:25 +0200: Memory Usage (490804K) : ==========================================
2026-08-19 22:43:25 +0200: Memory Usage (490804K) : INFO : Congratulations! Netlists match.
2026-08-19 22:43:25 +0200: Memory Usage (490804K) : ==========================================
2026-08-19 22:43:25 +0200: Memory Usage (490804K) : LVS Total Run time 0.955146 seconds
2026-08-23 19:11:54 +0200: Memory Usage (457652K) : Starting running SG13CMOS5L Klayout LVS runset on /foss/designs/CHIP-PLL/layout/CP/curr_source/curr_source.gds
2026-08-23 19:11:54 +0200: Memory Usage (457652K) : Ruby Version for klayout: 3.2.3
2026-08-23 19:11:54 +0200: Memory Usage (459204K) : Loading database to memory is complete.
2026-08-23 19:11:54 +0200: Memory Usage (459204K) : SG13CMOS5L Klayout LVS runset output at: /foss/designs/CHIP-PLL/layout/CP/lvs/curr_source.lvsdb
2026-08-23 19:11:54 +0200: Memory Usage (459204K) : Evaluate switches.
2026-08-23 19:11:54 +0200: Memory Usage (459204K) : Extracted netlist with net names: true
2026-08-23 19:11:54 +0200: Memory Usage (459204K) : Extracted netlist with comments in details: false
2026-08-23 19:11:54 +0200: Memory Usage (459204K) : Selected NET_ONLY option: false
2026-08-23 19:11:54 +0200: Memory Usage (459204K) : Selected LAYOUT_NETLIST option: (none)
2026-08-23 19:11:54 +0200: Memory Usage (459204K) : Selected IGNORE_TOP_PORTS_MISMATCH option: 
2026-08-23 19:11:54 +0200: Memory Usage (459204K) : Selected IMPLICIT_NETS option: (none)
2026-08-23 19:11:54 +0200: Memory Usage (459204K) : Selected TOP_LVL_PINS option: false
2026-08-23 19:11:54 +0200: Memory Usage (459204K) : Selected COMBINE DEVICES option: false
2026-08-23 19:11:54 +0200: Memory Usage (459204K) : Selected PURGE option: false
2026-08-23 19:11:54 +0200: Memory Usage (459204K) : Selected PURGE_NETS option: false
2026-08-23 19:11:54 +0200: Memory Usage (459204K) : Selected SIMPLIFY option: true
2026-08-23 19:11:54 +0200: Memory Usage (459204K) : Selected SERIES_RES option: true
2026-08-23 19:11:54 +0200: Memory Usage (459204K) : Selected PARALLEL_RES option: true
2026-08-23 19:11:54 +0200: Memory Usage (459204K) : Selected DISABLE_TAP_EXTRACTION option: true
2026-08-23 19:11:54 +0200: Memory Usage (459204K) : deep  mode is enabled.
2026-08-23 19:11:54 +0200: Memory Usage (459380K) : Netlist file: /foss/designs/CHIP-PLL/layout/CP/netlists/curr_source.spice
2026-08-23 19:11:54 +0200: Memory Usage (459380K) : LVS extracted netlist at: /foss/designs/CHIP-PLL/layout/CP/lvs/curr_source_extracted.cir
2026-08-23 19:11:54 +0200: Memory Usage (459380K) : Applying SRAM integration support.
2026-08-23 19:11:54 +0200: Memory Usage (459380K) : Starting SG13CMOS5L LVS runset
2026-08-23 19:11:54 +0200: Memory Usage (459380K) : Read in polygons from layers.
2026-08-23 19:11:54 +0200: Memory Usage (460344K) : activ_drw has 26 polygons
2026-08-23 19:11:54 +0200: Memory Usage (460344K) : activ_filler has 0 polygons
2026-08-23 19:11:54 +0200: Memory Usage (460520K) : activ has 26 polygons
2026-08-23 19:11:54 +0200: Memory Usage (460520K) : activ_pin has 0 polygons
2026-08-23 19:11:54 +0200: Memory Usage (460520K) : activ_mask has 0 polygons
2026-08-23 19:11:54 +0200: Memory Usage (460520K) : activ_nofill has 0 polygons
2026-08-23 19:11:54 +0200: Memory Usage (460520K) : activ_OPC has 0 polygons
2026-08-23 19:11:54 +0200: Memory Usage (460520K) : activ_iOPC has 0 polygons
2026-08-23 19:11:54 +0200: Memory Usage (460520K) : activ_noqrc has 0 polygons
2026-08-23 19:11:54 +0200: Memory Usage (460520K) : biwind_drw has 0 polygons
2026-08-23 19:11:54 +0200: Memory Usage (460648K) : biwind_OPC has 0 polygons
2026-08-23 19:11:54 +0200: Memory Usage (460648K) : gatpoly_drw has 21 polygons
2026-08-23 19:11:54 +0200: Memory Usage (460648K) : gatpoly_filler has 0 polygons
2026-08-23 19:11:54 +0200: Memory Usage (460648K) : gatpoly has 21 polygons
2026-08-23 19:11:54 +0200: Memory Usage (460648K) : gatpoly_pin has 6 polygons
2026-08-23 19:11:54 +0200: Memory Usage (460648K) : gatpoly_nofill has 0 polygons
2026-08-23 19:11:54 +0200: Memory Usage (460648K) : gatpoly_OPC has 0 polygons
2026-08-23 19:11:54 +0200: Memory Usage (460648K) : gatpoly_iOPC has 0 polygons
2026-08-23 19:11:54 +0200: Memory Usage (460648K) : gatpoly_noqrc has 0 polygons
2026-08-23 19:11:54 +0200: Memory Usage (460648K) : cont_drw has 92 polygons
2026-08-23 19:11:54 +0200: Memory Usage (460648K) : cont_OPC has 0 polygons
2026-08-23 19:11:54 +0200: Memory Usage (460776K) : nsd_drw has 0 polygons
2026-08-23 19:11:54 +0200: Memory Usage (460776K) : nsd_block has 0 polygons
2026-08-23 19:11:54 +0200: Memory Usage (461176K) : metal1_drw has 72 polygons
2026-08-23 19:11:54 +0200: Memory Usage (461176K) : metal1_filler has 0 polygons
2026-08-23 19:11:54 +0200: Memory Usage (461304K) : metal1_slit has 0 polygons
2026-08-23 19:11:54 +0200: Memory Usage (461432K) : metal1 has 72 polygons
2026-08-23 19:11:54 +0200: Memory Usage (461816K) : metal1_pin has 19 polygons
2026-08-23 19:11:54 +0200: Memory Usage (461816K) : metal1_mask has 0 polygons
2026-08-23 19:11:54 +0200: Memory Usage (461816K) : metal1_nofill has 0 polygons
2026-08-23 19:11:54 +0200: Memory Usage (462248K) : metal1_text has 2 polygons
2026-08-23 19:11:54 +0200: Memory Usage (462248K) : metal1_OPC has 0 polygons
2026-08-23 19:11:54 +0200: Memory Usage (462248K) : metal1_noqrc has 0 polygons
2026-08-23 19:11:54 +0200: Memory Usage (462248K) : metal1_res has 0 polygons
2026-08-23 19:11:54 +0200: Memory Usage (462248K) : metal1_iprobe has 0 polygons
2026-08-23 19:11:54 +0200: Memory Usage (462376K) : metal1_diffprb has 0 polygons
2026-08-23 19:11:54 +0200: Memory Usage (462504K) : passiv_drw has 0 polygons
2026-08-23 19:11:54 +0200: Memory Usage (462504K) : passiv_pin has 0 polygons
2026-08-23 19:11:54 +0200: Memory Usage (462632K) : passiv_sbump has 0 polygons
2026-08-23 19:11:54 +0200: Memory Usage (462632K) : passiv_pillar has 0 polygons
2026-08-23 19:11:54 +0200: Memory Usage (462760K) : passiv_pdl has 0 polygons
2026-08-23 19:11:54 +0200: Memory Usage (462760K) : metal2_drw has 25 polygons
2026-08-23 19:11:54 +0200: Memory Usage (462888K) : metal2_filler has 0 polygons
2026-08-23 19:11:54 +0200: Memory Usage (463016K) : metal2_slit has 0 polygons
2026-08-23 19:11:54 +0200: Memory Usage (463144K) : metal2 has 25 polygons
2026-08-23 19:11:54 +0200: Memory Usage (463144K) : metal2_pin has 1 polygons
2026-08-23 19:11:54 +0200: Memory Usage (463272K) : metal2_mask has 0 polygons
2026-08-23 19:11:54 +0200: Memory Usage (463272K) : metal2_nofill has 0 polygons
2026-08-23 19:11:54 +0200: Memory Usage (463400K) : metal2_text has 1 polygons
2026-08-23 19:11:54 +0200: Memory Usage (463400K) : metal2_OPC has 0 polygons
2026-08-23 19:11:54 +0200: Memory Usage (463528K) : metal2_noqrc has 0 polygons
2026-08-23 19:11:54 +0200: Memory Usage (463528K) : metal2_res has 0 polygons
2026-08-23 19:11:54 +0200: Memory Usage (463656K) : metal2_iprobe has 0 polygons
2026-08-23 19:11:54 +0200: Memory Usage (463656K) : metal2_diffprb has 0 polygons
2026-08-23 19:11:54 +0200: Memory Usage (463784K) : baspoly_drw has 0 polygons
2026-08-23 19:11:54 +0200: Memory Usage (463912K) : baspoly_pin has 0 polygons
2026-08-23 19:11:54 +0200: Memory Usage (463912K) : psd_drw has 6 polygons
2026-08-23 19:11:54 +0200: Memory Usage (464040K) : nldb_drw has 0 polygons
2026-08-23 19:11:54 +0200: Memory Usage (464040K) : digibnd_drw has 0 polygons
2026-08-23 19:11:54 +0200: Memory Usage (464168K) : via1_drw has 15 polygons
2026-08-23 19:11:54 +0200: Memory Usage (464168K) : backmetal1_drw has 0 polygons
2026-08-23 19:11:54 +0200: Memory Usage (464296K) : backmetal1_pin has 0 polygons
2026-08-23 19:11:54 +0200: Memory Usage (464424K) : backmetal1_mask has 0 polygons
2026-08-23 19:11:54 +0200: Memory Usage (464552K) : backmetal1_filler has 0 polygons
2026-08-23 19:11:54 +0200: Memory Usage (464552K) : backmetal1_nofill has 0 polygons
2026-08-23 19:11:54 +0200: Memory Usage (464680K) : backmetal1_slit has 0 polygons
2026-08-23 19:11:54 +0200: Memory Usage (464808K) : backmetal1_text has 0 polygons
2026-08-23 19:11:54 +0200: Memory Usage (464808K) : backmetal1_OPC has 0 polygons
2026-08-23 19:11:54 +0200: Memory Usage (464936K) : backmetal1_noqrc has 0 polygons
2026-08-23 19:11:54 +0200: Memory Usage (464936K) : backmetal1_res has 0 polygons
2026-08-23 19:11:54 +0200: Memory Usage (465064K) : backmetal1_iprobe has 0 polygons
2026-08-23 19:11:54 +0200: Memory Usage (465064K) : backmetal1_diffprb has 0 polygons
2026-08-23 19:11:54 +0200: Memory Usage (465192K) : backpassiv_drw has 0 polygons
2026-08-23 19:11:54 +0200: Memory Usage (465192K) : res_drw has 0 polygons
2026-08-23 19:11:54 +0200: Memory Usage (465320K) : sram_drw has 0 polygons
2026-08-23 19:11:54 +0200: Memory Usage (465448K) : trans_drw has 0 polygons
2026-08-23 19:11:54 +0200: Memory Usage (465448K) : ind_drw has 0 polygons
2026-08-23 19:11:54 +0200: Memory Usage (465576K) : ind_pin has 0 polygons
2026-08-23 19:11:54 +0200: Memory Usage (465576K) : ind_text has 0 polygons
2026-08-23 19:11:54 +0200: Memory Usage (465704K) : salblock_drw has 1 polygons
2026-08-23 19:11:54 +0200: Memory Usage (465704K) : via2_drw has 9 polygons
2026-08-23 19:11:54 +0200: Memory Usage (465832K) : metal3_drw has 12 polygons
2026-08-23 19:11:54 +0200: Memory Usage (465960K) : metal3_filler has 0 polygons
2026-08-23 19:11:54 +0200: Memory Usage (465960K) : metal3_slit has 0 polygons
2026-08-23 19:11:54 +0200: Memory Usage (466088K) : metal3 has 12 polygons
2026-08-23 19:11:54 +0200: Memory Usage (466216K) : metal3_pin has 0 polygons
2026-08-23 19:11:54 +0200: Memory Usage (466344K) : metal3_mask has 0 polygons
2026-08-23 19:11:54 +0200: Memory Usage (466472K) : metal3_nofill has 0 polygons
2026-08-23 19:11:54 +0200: Memory Usage (466472K) : metal3_text has 0 polygons
2026-08-23 19:11:54 +0200: Memory Usage (466600K) : metal3_OPC has 0 polygons
2026-08-23 19:11:54 +0200: Memory Usage (466600K) : metal3_noqrc has 0 polygons
2026-08-23 19:11:54 +0200: Memory Usage (466728K) : metal3_res has 0 polygons
2026-08-23 19:11:54 +0200: Memory Usage (466728K) : metal3_iprobe has 0 polygons
2026-08-23 19:11:54 +0200: Memory Usage (466856K) : metal3_diffprb has 0 polygons
2026-08-23 19:11:54 +0200: Memory Usage (466856K) : nwell_drw has 5 polygons
2026-08-23 19:11:54 +0200: Memory Usage (466856K) : nwell_pin has 1 polygons
2026-08-23 19:11:54 +0200: Memory Usage (466984K) : nwell_text has 0 polygons
2026-08-23 19:11:54 +0200: Memory Usage (466984K) : nbulay_drw has 0 polygons
2026-08-23 19:11:54 +0200: Memory Usage (466984K) : nbulay_pin has 0 polygons
2026-08-23 19:11:54 +0200: Memory Usage (467112K) : nbulay_block has 0 polygons
2026-08-23 19:11:54 +0200: Memory Usage (467112K) : emwind_drw has 0 polygons
2026-08-23 19:11:54 +0200: Memory Usage (467112K) : emwind_OPC has 0 polygons
2026-08-23 19:11:54 +0200: Memory Usage (467240K) : deepco_drw has 0 polygons
2026-08-23 19:11:54 +0200: Memory Usage (467240K) : mim_drw has 0 polygons
2026-08-23 19:11:54 +0200: Memory Usage (467240K) : edgeseal_drw has 0 polygons
2026-08-23 19:11:54 +0200: Memory Usage (467240K) : substrate_drw has 3 polygons
2026-08-23 19:11:54 +0200: Memory Usage (467368K) : substrate_text has 0 polygons
2026-08-23 19:11:54 +0200: Memory Usage (467368K) : dfpad_drw has 0 polygons
2026-08-23 19:11:54 +0200: Memory Usage (467368K) : dfpad_pillar has 0 polygons
2026-08-23 19:11:54 +0200: Memory Usage (467496K) : dfpad_sbump has 0 polygons
2026-08-23 19:11:54 +0200: Memory Usage (467496K) : thickgateox_drw has 0 polygons
2026-08-23 19:11:54 +0200: Memory Usage (467624K) : pldb_drw has 0 polygons
2026-08-23 19:11:54 +0200: Memory Usage (467624K) : pwell_drw has 0 polygons
2026-08-23 19:11:54 +0200: Memory Usage (467752K) : pwell_pin has 0 polygons
2026-08-23 19:11:54 +0200: Memory Usage (467752K) : pwell_block has 0 polygons
2026-08-23 19:11:54 +0200: Memory Usage (467880K) : ic_drw has 0 polygons
2026-08-23 19:11:54 +0200: Memory Usage (468008K) : via3_drw has 0 polygons
2026-08-23 19:11:54 +0200: Memory Usage (468008K) : metal4_drw has 0 polygons
2026-08-23 19:11:54 +0200: Memory Usage (468136K) : metal4_filler has 0 polygons
2026-08-23 19:11:54 +0200: Memory Usage (468136K) : metal4_slit has 0 polygons
2026-08-23 19:11:54 +0200: Memory Usage (468264K) : metal4 has 0 polygons
2026-08-23 19:11:54 +0200: Memory Usage (468392K) : metal4_pin has 0 polygons
2026-08-23 19:11:54 +0200: Memory Usage (468392K) : metal4_mask has 0 polygons
2026-08-23 19:11:54 +0200: Memory Usage (468520K) : metal4_nofill has 0 polygons
2026-08-23 19:11:54 +0200: Memory Usage (468520K) : metal4_text has 0 polygons
2026-08-23 19:11:54 +0200: Memory Usage (468648K) : metal4_OPC has 0 polygons
2026-08-23 19:11:54 +0200: Memory Usage (468776K) : metal4_noqrc has 0 polygons
2026-08-23 19:11:54 +0200: Memory Usage (468776K) : metal4_res has 0 polygons
2026-08-23 19:11:54 +0200: Memory Usage (468904K) : metal4_iprobe has 0 polygons
2026-08-23 19:11:54 +0200: Memory Usage (468904K) : metal4_diffprb has 0 polygons
2026-08-23 19:11:54 +0200: Memory Usage (469032K) : heattrans_drw has 8 polygons
2026-08-23 19:11:54 +0200: Memory Usage (469032K) : heatres_drw has 1 polygons
2026-08-23 19:11:54 +0200: Memory Usage (469160K) : fbe_drw has 0 polygons
2026-08-23 19:11:54 +0200: Memory Usage (469160K) : empoly_drw has 0 polygons
2026-08-23 19:11:54 +0200: Memory Usage (469288K) : digisub_drw has 0 polygons
2026-08-23 19:11:54 +0200: Memory Usage (469288K) : text_drw has 11 polygons
2026-08-23 19:11:54 +0200: Memory Usage (469416K) : via4_drw has 0 polygons
2026-08-23 19:11:54 +0200: Memory Usage (469416K) : metal5_drw has 0 polygons
2026-08-23 19:11:54 +0200: Memory Usage (469544K) : metal5_filler has 0 polygons
2026-08-23 19:11:54 +0200: Memory Usage (469544K) : metal5_slit has 0 polygons
2026-08-23 19:11:54 +0200: Memory Usage (469672K) : metal5 has 0 polygons
2026-08-23 19:11:54 +0200: Memory Usage (469672K) : metal5_pin has 0 polygons
2026-08-23 19:11:54 +0200: Memory Usage (469672K) : metal5_mask has 0 polygons
2026-08-23 19:11:54 +0200: Memory Usage (469800K) : metal5_nofill has 0 polygons
2026-08-23 19:11:54 +0200: Memory Usage (469800K) : metal5_text has 0 polygons
2026-08-23 19:11:54 +0200: Memory Usage (469928K) : metal5_OPC has 0 polygons
2026-08-23 19:11:54 +0200: Memory Usage (469928K) : metal5_noqrc has 0 polygons
2026-08-23 19:11:54 +0200: Memory Usage (470056K) : metal5_res has 0 polygons
2026-08-23 19:11:54 +0200: Memory Usage (470056K) : metal5_iprobe has 0 polygons
2026-08-23 19:11:54 +0200: Memory Usage (470184K) : metal5_diffprb has 0 polygons
2026-08-23 19:11:54 +0200: Memory Usage (470184K) : radhard_drw has 0 polygons
2026-08-23 19:11:54 +0200: Memory Usage (470312K) : memcap_drw has 0 polygons
2026-08-23 19:11:54 +0200: Memory Usage (470440K) : varicap_drw has 0 polygons
2026-08-23 19:11:54 +0200: Memory Usage (470440K) : intbondvia_drw has 0 polygons
2026-08-23 19:11:54 +0200: Memory Usage (470568K) : intbondmet_drw has 0 polygons
2026-08-23 19:11:54 +0200: Memory Usage (470568K) : devbondvia_drw has 0 polygons
2026-08-23 19:11:54 +0200: Memory Usage (470696K) : devbondmet_drw has 0 polygons
2026-08-23 19:11:54 +0200: Memory Usage (470696K) : devtrench_drw has 0 polygons
2026-08-23 19:11:54 +0200: Memory Usage (470824K) : redist_drw has 0 polygons
2026-08-23 19:11:54 +0200: Memory Usage (470824K) : graphbot_drw has 0 polygons
2026-08-23 19:11:54 +0200: Memory Usage (470952K) : graphtop_drw has 0 polygons
2026-08-23 19:11:54 +0200: Memory Usage (471080K) : antvia1_drw has 0 polygons
2026-08-23 19:11:54 +0200: Memory Usage (471080K) : antmetal2_drw has 0 polygons
2026-08-23 19:11:54 +0200: Memory Usage (471208K) : graphcont_drw has 0 polygons
2026-08-23 19:11:54 +0200: Memory Usage (471208K) : siwg_drw has 0 polygons
2026-08-23 19:11:54 +0200: Memory Usage (471336K) : siwg_filler has 0 polygons
2026-08-23 19:11:54 +0200: Memory Usage (471336K) : siwg_nofill has 0 polygons
2026-08-23 19:11:54 +0200: Memory Usage (471464K) : sigrating_drw has 0 polygons
2026-08-23 19:11:54 +0200: Memory Usage (471464K) : singrating_drw has 0 polygons
2026-08-23 19:11:54 +0200: Memory Usage (471592K) : graphpas_drw has 0 polygons
2026-08-23 19:11:54 +0200: Memory Usage (471720K) : emwind3_drw has 0 polygons
2026-08-23 19:11:54 +0200: Memory Usage (471720K) : emwihv3_drw has 0 polygons
2026-08-23 19:11:54 +0200: Memory Usage (471720K) : redbulay_drw has 0 polygons
2026-08-23 19:11:54 +0200: Memory Usage (471720K) : smos_drw has 0 polygons
2026-08-23 19:11:54 +0200: Memory Usage (471848K) : graphpad_drw has 0 polygons
2026-08-23 19:11:54 +0200: Memory Usage (471848K) : polimide_drw has 0 polygons
2026-08-23 19:11:54 +0200: Memory Usage (471848K) : polimide_pin has 0 polygons
2026-08-23 19:11:54 +0200: Memory Usage (471848K) : recog_drw has 0 polygons
2026-08-23 19:11:54 +0200: Memory Usage (471976K) : recog_pin has 0 polygons
2026-08-23 19:11:54 +0200: Memory Usage (471976K) : recog_esd has 0 polygons
2026-08-23 19:11:54 +0200: Memory Usage (471976K) : recog_diode has 0 polygons
2026-08-23 19:11:54 +0200: Memory Usage (472104K) : recog_tsv has 0 polygons
2026-08-23 19:11:54 +0200: Memory Usage (472104K) : recog_iprobe has 0 polygons
2026-08-23 19:11:54 +0200: Memory Usage (472232K) : recog_diffprb has 0 polygons
2026-08-23 19:11:54 +0200: Memory Usage (472360K) : recog_pillar has 0 polygons
2026-08-23 19:11:54 +0200: Memory Usage (472360K) : recog_sbump has 0 polygons
2026-08-23 19:11:54 +0200: Memory Usage (472488K) : recog_otp has 0 polygons
2026-08-23 19:11:54 +0200: Memory Usage (472488K) : recog_pdiode has 0 polygons
2026-08-23 19:11:54 +0200: Memory Usage (472616K) : recog_mom has 0 polygons
2026-08-23 19:11:54 +0200: Memory Usage (472616K) : recog_pcm has 0 polygons
2026-08-23 19:11:54 +0200: Memory Usage (472744K) : colopen_drw has 0 polygons
2026-08-23 19:11:54 +0200: Memory Usage (472744K) : graphmetal1_drw has 0 polygons
2026-08-23 19:11:54 +0200: Memory Usage (472872K) : graphmetal1_filler has 0 polygons
2026-08-23 19:11:54 +0200: Memory Usage (473000K) : graphmetal1_nofill has 0 polygons
2026-08-23 19:11:54 +0200: Memory Usage (473000K) : graphmetal1_slit has 0 polygons
2026-08-23 19:11:54 +0200: Memory Usage (473128K) : graphmetal1_OPC has 0 polygons
2026-08-23 19:11:54 +0200: Memory Usage (473128K) : graphmet1l_drw has 0 polygons
2026-08-23 19:11:54 +0200: Memory Usage (473256K) : graphmet1l_filler has 0 polygons
2026-08-23 19:11:54 +0200: Memory Usage (473256K) : graphmet1l_nofill has 0 polygons
2026-08-23 19:11:54 +0200: Memory Usage (473384K) : graphmet1l_slit has 0 polygons
2026-08-23 19:11:54 +0200: Memory Usage (473384K) : graphmet1l_OPC has 0 polygons
2026-08-23 19:11:54 +0200: Memory Usage (473512K) : extblock_drw has 3 polygons
2026-08-23 19:11:54 +0200: Memory Usage (473640K) : nldd_drw has 0 polygons
2026-08-23 19:11:54 +0200: Memory Usage (473640K) : pldd_drw has 0 polygons
2026-08-23 19:11:54 +0200: Memory Usage (473768K) : next_drw has 0 polygons
2026-08-23 19:11:54 +0200: Memory Usage (473768K) : pext_drw has 0 polygons
2026-08-23 19:11:54 +0200: Memory Usage (473896K) : nexthv_drw has 0 polygons
2026-08-23 19:11:54 +0200: Memory Usage (473896K) : pexthv_drw has 0 polygons
2026-08-23 19:11:54 +0200: Memory Usage (474024K) : graphgate_drw has 0 polygons
2026-08-23 19:11:54 +0200: Memory Usage (474024K) : sinwg_drw has 0 polygons
2026-08-23 19:11:54 +0200: Memory Usage (474152K) : sinwg_filler has 0 polygons
2026-08-23 19:11:54 +0200: Memory Usage (474152K) : sinwg_nofill has 0 polygons
2026-08-23 19:11:54 +0200: Memory Usage (474152K) : mempad_drw has 0 polygons
2026-08-23 19:11:54 +0200: Memory Usage (474152K) : topvia1_drw has 0 polygons
2026-08-23 19:11:54 +0200: Memory Usage (474152K) : topmetal1_drw has 0 polygons
2026-08-23 19:11:54 +0200: Memory Usage (474152K) : topmetal1_filler has 0 polygons
2026-08-23 19:11:54 +0200: Memory Usage (474280K) : topmetal1_slit has 0 polygons
2026-08-23 19:11:54 +0200: Memory Usage (474408K) : topmetal1 has 0 polygons
2026-08-23 19:11:54 +0200: Memory Usage (474408K) : topmetal1_pin has 0 polygons
2026-08-23 19:11:54 +0200: Memory Usage (474536K) : topmetal1_mask has 0 polygons
2026-08-23 19:11:54 +0200: Memory Usage (474536K) : topmetal1_nofill has 0 polygons
2026-08-23 19:11:54 +0200: Memory Usage (474664K) : topmetal1_text has 0 polygons
2026-08-23 19:11:54 +0200: Memory Usage (474664K) : topmetal1_noqrc has 0 polygons
2026-08-23 19:11:54 +0200: Memory Usage (474792K) : topmetal1_res has 0 polygons
2026-08-23 19:11:54 +0200: Memory Usage (474792K) : topmetal1_iprobe has 0 polygons
2026-08-23 19:11:54 +0200: Memory Usage (474920K) : topmetal1_diffprb has 0 polygons
2026-08-23 19:11:54 +0200: Memory Usage (474920K) : inldpwl_drw has 0 polygons
2026-08-23 19:11:54 +0200: Memory Usage (475048K) : polyres_drw has 1 polygons
2026-08-23 19:11:54 +0200: Memory Usage (475176K) : polyres_pin has 0 polygons
2026-08-23 19:11:54 +0200: Memory Usage (475176K) : vmim_drw has 0 polygons
2026-08-23 19:11:54 +0200: Memory Usage (475304K) : nbulaycut_drw has 0 polygons
2026-08-23 19:11:54 +0200: Memory Usage (475304K) : antmetal1_drw has 0 polygons
2026-08-23 19:11:54 +0200: Memory Usage (475432K) : topvia2_drw has 0 polygons
2026-08-23 19:11:54 +0200: Memory Usage (475432K) : topmetal2_drw has 0 polygons
2026-08-23 19:11:54 +0200: Memory Usage (475560K) : topmetal2_filler has 0 polygons
2026-08-23 19:11:54 +0200: Memory Usage (475560K) : topmetal2_slit has 0 polygons
2026-08-23 19:11:54 +0200: Memory Usage (475688K) : topmetal2 has 0 polygons
2026-08-23 19:11:54 +0200: Memory Usage (475816K) : topmetal2_pin has 0 polygons
2026-08-23 19:11:54 +0200: Memory Usage (475944K) : topmetal2_mask has 0 polygons
2026-08-23 19:11:54 +0200: Memory Usage (475944K) : topmetal2_nofill has 0 polygons
2026-08-23 19:11:54 +0200: Memory Usage (476072K) : topmetal2_text has 0 polygons
2026-08-23 19:11:54 +0200: Memory Usage (476072K) : topmetal2_noqrc has 0 polygons
2026-08-23 19:11:54 +0200: Memory Usage (476200K) : topmetal2_res has 0 polygons
2026-08-23 19:11:54 +0200: Memory Usage (476200K) : topmetal2_iprobe has 0 polygons
2026-08-23 19:11:54 +0200: Memory Usage (476328K) : topmetal2_diffprb has 0 polygons
2026-08-23 19:11:54 +0200: Memory Usage (476328K) : snsring_drw has 0 polygons
2026-08-23 19:11:54 +0200: Memory Usage (476456K) : sensor_drw has 0 polygons
2026-08-23 19:11:54 +0200: Memory Usage (476456K) : snsarms_drw has 0 polygons
2026-08-23 19:11:54 +0200: Memory Usage (476584K) : snscmosvia_drw has 0 polygons
2026-08-23 19:11:54 +0200: Memory Usage (476712K) : colwind_drw has 0 polygons
2026-08-23 19:11:54 +0200: Memory Usage (476712K) : flm_drw has 0 polygons
2026-08-23 19:11:54 +0200: Memory Usage (476840K) : hafniumox_drw has 0 polygons
2026-08-23 19:11:54 +0200: Memory Usage (476840K) : memvia_drw has 0 polygons
2026-08-23 19:11:54 +0200: Memory Usage (476968K) : thinfilmres_drw has 0 polygons
2026-08-23 19:11:54 +0200: Memory Usage (476968K) : rfmem_drw has 0 polygons
2026-08-23 19:11:54 +0200: Memory Usage (477096K) : norcx_drw has 0 polygons
2026-08-23 19:11:54 +0200: Memory Usage (477096K) : norcx_m2m3 has 0 polygons
2026-08-23 19:11:54 +0200: Memory Usage (477224K) : norcx_m2m4 has 0 polygons
2026-08-23 19:11:54 +0200: Memory Usage (477352K) : norcx_m2m5 has 0 polygons
2026-08-23 19:11:54 +0200: Memory Usage (477352K) : norcx_m2tm1 has 0 polygons
2026-08-23 19:11:54 +0200: Memory Usage (477480K) : norcx_m2tm2 has 0 polygons
2026-08-23 19:11:54 +0200: Memory Usage (477480K) : norcx_m3m4 has 0 polygons
2026-08-23 19:11:54 +0200: Memory Usage (477608K) : norcx_m3m5 has 0 polygons
2026-08-23 19:11:54 +0200: Memory Usage (477608K) : norcx_m3tm1 has 0 polygons
2026-08-23 19:11:54 +0200: Memory Usage (477736K) : norcx_m3tm2 has 0 polygons
2026-08-23 19:11:54 +0200: Memory Usage (477736K) : norcx_m4m5 has 0 polygons
2026-08-23 19:11:54 +0200: Memory Usage (477864K) : norcx_m4tm1 has 0 polygons
2026-08-23 19:11:54 +0200: Memory Usage (477992K) : norcx_m4tm2 has 0 polygons
2026-08-23 19:11:54 +0200: Memory Usage (477992K) : norcx_m5tm1 has 0 polygons
2026-08-23 19:11:54 +0200: Memory Usage (478120K) : norcx_m5tm2 has 0 polygons
2026-08-23 19:11:54 +0200: Memory Usage (478120K) : norcx_tm1tm2 has 0 polygons
2026-08-23 19:11:54 +0200: Memory Usage (478248K) : norcx_m1sub has 0 polygons
2026-08-23 19:11:54 +0200: Memory Usage (478248K) : norcx_m2sub has 0 polygons
2026-08-23 19:11:54 +0200: Memory Usage (478376K) : norcx_m3sub has 0 polygons
2026-08-23 19:11:54 +0200: Memory Usage (478376K) : norcx_m4sub has 0 polygons
2026-08-23 19:11:54 +0200: Memory Usage (478504K) : norcx_m5sub has 0 polygons
2026-08-23 19:11:54 +0200: Memory Usage (478504K) : norcx_tm1sub has 0 polygons
2026-08-23 19:11:54 +0200: Memory Usage (478632K) : norcx_tm2sub has 0 polygons
2026-08-23 19:11:54 +0200: Memory Usage (478760K) : snsbotvia_drw has 0 polygons
2026-08-23 19:11:54 +0200: Memory Usage (478760K) : snstopvia_drw has 0 polygons
2026-08-23 19:11:54 +0200: Memory Usage (478888K) : deepvia_drw has 0 polygons
2026-08-23 19:11:54 +0200: Memory Usage (478888K) : fgetch_drw has 0 polygons
2026-08-23 19:11:54 +0200: Memory Usage (479016K) : ctrgat_drw has 0 polygons
2026-08-23 19:11:54 +0200: Memory Usage (479016K) : fgimp_drw has 0 polygons
2026-08-23 19:11:54 +0200: Memory Usage (479144K) : emwihv_drw has 0 polygons
2026-08-23 19:11:54 +0200: Memory Usage (479144K) : lbe_drw has 0 polygons
2026-08-23 19:11:54 +0200: Memory Usage (479272K) : alcustop_drw has 0 polygons
2026-08-23 19:11:54 +0200: Memory Usage (479400K) : nometfiller_drw has 0 polygons
2026-08-23 19:11:54 +0200: Memory Usage (479400K) : prboundary_drw has 0 polygons
2026-08-23 19:11:54 +0200: Memory Usage (479528K) : exchange0_drw has 0 polygons
2026-08-23 19:11:54 +0200: Memory Usage (479528K) : exchange0_pin has 0 polygons
2026-08-23 19:11:54 +0200: Memory Usage (479656K) : exchange0_text has 0 polygons
2026-08-23 19:11:54 +0200: Memory Usage (479656K) : exchange1_drw has 0 polygons
2026-08-23 19:11:54 +0200: Memory Usage (479784K) : exchange1_pin has 0 polygons
2026-08-23 19:11:54 +0200: Memory Usage (479784K) : exchange1_text has 0 polygons
2026-08-23 19:11:54 +0200: Memory Usage (479912K) : exchange2_drw has 0 polygons
2026-08-23 19:11:54 +0200: Memory Usage (479912K) : exchange2_pin has 0 polygons
2026-08-23 19:11:54 +0200: Memory Usage (480040K) : exchange2_text has 0 polygons
2026-08-23 19:11:54 +0200: Memory Usage (480040K) : exchange3_drw has 0 polygons
2026-08-23 19:11:54 +0200: Memory Usage (480168K) : exchange3_pin has 0 polygons
2026-08-23 19:11:54 +0200: Memory Usage (480168K) : exchange3_text has 0 polygons
2026-08-23 19:11:54 +0200: Memory Usage (480296K) : exchange4_drw has 0 polygons
2026-08-23 19:11:54 +0200: Memory Usage (480424K) : exchange4_pin has 0 polygons
2026-08-23 19:11:54 +0200: Memory Usage (480424K) : exchange4_text has 0 polygons
2026-08-23 19:11:54 +0200: Memory Usage (480552K) : isonwell_drw has 0 polygons
2026-08-23 19:11:54 +0200: Memory Usage (480552K) : Total no. of polygons in the design is 341
2026-08-23 19:11:54 +0200: Memory Usage (480552K) : Starting CMOS5L Forbidden Layer Check
2026-08-23 19:11:54 +0200: Memory Usage (480680K) : CMOS5L Forbidden Layer Check: PASSED - No forbidden layers found
2026-08-23 19:11:54 +0200: Memory Usage (480680K) : CMOS5L Forbidden Layer Check: PASSED
2026-08-23 19:11:54 +0200: Memory Usage (480680K) : Starting base layers derivations
2026-08-23 19:11:54 +0200: Memory Usage (480680K) : Starting general LVS derivations
2026-08-23 19:11:54 +0200: Memory Usage (485028K) : Starting MOSFET DERIVATIONS
2026-08-23 19:11:54 +0200: Memory Usage (487076K) : Starting NMOS DERIVATIONS
2026-08-23 19:11:54 +0200: Memory Usage (487332K) : Starting PMOS DERIVATIONS
2026-08-23 19:11:54 +0200: Memory Usage (487588K) : Starting RF-MOSFET DERIVATIONS
2026-08-23 19:11:54 +0200: Memory Usage (487588K) : Starting RF-NMOS DERIVATIONS
2026-08-23 19:11:54 +0200: Memory Usage (487844K) : Starting RF-PMOS DERIVATIONS
2026-08-23 19:11:54 +0200: Memory Usage (488100K) : Starting BJT DERIVATIONS
2026-08-23 19:11:54 +0200: Memory Usage (488100K) : Starting NPN-BJT DERIVATIONS
2026-08-23 19:11:54 +0200: Memory Usage (489124K) : Starting PNP-BJT DERIVATIONS
2026-08-23 19:11:54 +0200: Memory Usage (489124K) : Starting DIODE DERIVATIONS
2026-08-23 19:11:54 +0200: Memory Usage (489124K) : Starting RESISTOR DERIVATIONS
2026-08-23 19:11:55 +0200: Memory Usage (489508K) : Starting CAP DERIVATIONS
2026-08-23 19:11:55 +0200: Memory Usage (489508K) : Starting CAP_MFRINGE DERIVATIONS
2026-08-23 19:11:55 +0200: Memory Usage (489508K) : Starting ESD DERIVATIONS
2026-08-23 19:11:55 +0200: Memory Usage (489508K) : Starting Inductor DERIVATIONS
2026-08-23 19:11:55 +0200: Memory Usage (489892K) : Starting Taps DERIVATIONS
2026-08-23 19:11:55 +0200: Memory Usage (490404K) : Starting SG13G2 LVS connectivity setup
2026-08-23 19:11:55 +0200: Memory Usage (490404K) : Starting SG13G2 LVS connectivity setup (Inter-layer)
2026-08-23 19:11:55 +0200: Memory Usage (490532K) : Starting SG13G2 LVS connectivity setup (Global)
2026-08-23 19:11:55 +0200: Memory Usage (490532K) : Starting LVS MOSFET CONNECTIONS
2026-08-23 19:11:55 +0200: Memory Usage (490532K) : Starting LVS RF-MOSFET CONNECTIONS
2026-08-23 19:11:55 +0200: Memory Usage (490532K) : Starting LVS BJT CONNECTIONS
2026-08-23 19:11:55 +0200: Memory Usage (490532K) : Starting LVS DIODE CONNECTIONS
2026-08-23 19:11:55 +0200: Memory Usage (490532K) : Starting RESISTOR CONNECTIONS
2026-08-23 19:11:55 +0200: Memory Usage (490532K) : Starting LVS CAP CONNECTIONS
2026-08-23 19:11:55 +0200: Memory Usage (490532K) : Starting ESD CONNECTIONS
2026-08-23 19:11:55 +0200: Memory Usage (490532K) : Starting Inductor CONNECTIONS
2026-08-23 19:11:55 +0200: Memory Usage (490532K) : Starting LVS Taps CONNECTIONS
2026-08-23 19:11:55 +0200: Memory Usage (490532K) : Starting CAP_MFRINGE CONNECTIONS
2026-08-23 19:11:55 +0200: Memory Usage (490532K) : Starting SG13CMOS5L LVS DEVICES EXTRACTION
2026-08-23 19:11:55 +0200: Memory Usage (490532K) : Starting MOSFET EXTRACTION
2026-08-23 19:11:55 +0200: Memory Usage (490532K) : Starting NMOS EXTRACTION
2026-08-23 19:11:55 +0200: Memory Usage (490532K) : Extraction of NMOS-LV transistor
2026-08-23 19:11:55 +0200: Memory Usage (490660K) : Extraction of NMOS-HV transistor
2026-08-23 19:11:55 +0200: Memory Usage (490660K) : Starting PMOS EXTRACTION
2026-08-23 19:11:55 +0200: Memory Usage (490660K) : Extraction of PMOS-LV transistor
2026-08-23 19:11:55 +0200: Memory Usage (490660K) : Extraction of PMOS-HV transistor
2026-08-23 19:11:55 +0200: Memory Usage (490660K) : Starting RF-MOSFET EXTRACTION
2026-08-23 19:11:55 +0200: Memory Usage (490660K) : Extraction of RF-NMOS-LV transistor
2026-08-23 19:11:55 +0200: Memory Usage (490660K) : Extraction of RF-NMOS-HV transistor
2026-08-23 19:11:55 +0200: Memory Usage (490660K) : Extraction of RF-PMOS-LV transistor
2026-08-23 19:11:55 +0200: Memory Usage (490660K) : Extraction of RF-PMOS-HV transistor
2026-08-23 19:11:55 +0200: Memory Usage (490660K) : Starting BJT EXTRACTION
2026-08-23 19:11:55 +0200: Memory Usage (490660K) : Starting NPN-BJT EXTRACTION
2026-08-23 19:11:55 +0200: Memory Usage (490660K) : Extraction of npn13G2 BJT transistor
2026-08-23 19:11:55 +0200: Memory Usage (490660K) : Extraction of npn13G2L BJT transistor
2026-08-23 19:11:55 +0200: Memory Usage (490660K) : Extraction of npn13G2V BJT transistor
2026-08-23 19:11:55 +0200: Memory Usage (490660K) : Starting PNP-BJT EXTRACTION
2026-08-23 19:11:55 +0200: Memory Usage (490660K) : Extracting pnpMPA BJT
2026-08-23 19:11:55 +0200: Memory Usage (490660K) : Starting DIODE EXTRACTION
2026-08-23 19:11:55 +0200: Memory Usage (490660K) : Extracting dantenna diode
2026-08-23 19:11:55 +0200: Memory Usage (490660K) : Extracting dpantenna diode
2026-08-23 19:11:55 +0200: Memory Usage (490660K) : Extracting schottky_nbl1 diode
2026-08-23 19:11:55 +0200: Memory Usage (490660K) : Extracting isolbox diode
2026-08-23 19:11:55 +0200: Memory Usage (490660K) : Starting RESISTOR EXTRACTION
2026-08-23 19:11:55 +0200: Memory Usage (490660K) : Extracting rsil resistor
2026-08-23 19:11:55 +0200: Memory Usage (490660K) : Extracting rppd resistor
2026-08-23 19:11:55 +0200: Memory Usage (490788K) : Extracting rhigh resistor
2026-08-23 19:11:55 +0200: Memory Usage (490788K) : Extracting res_metal1 resistor
2026-08-23 19:11:55 +0200: Memory Usage (490916K) : Extracting res_metal2 resistor
2026-08-23 19:11:55 +0200: Memory Usage (490916K) : Extracting res_metal3 resistor
2026-08-23 19:11:55 +0200: Memory Usage (490916K) : Extracting res_metal4 resistor
2026-08-23 19:11:55 +0200: Memory Usage (490916K) : Extracting res_metal5 resistor
2026-08-23 19:11:55 +0200: Memory Usage (490916K) : Extracting res_topmetal1 resistor
2026-08-23 19:11:55 +0200: Memory Usage (490916K) : Extracting res_topmetal2 resistor
2026-08-23 19:11:55 +0200: Memory Usage (490916K) : Starting CAP EXTRACTION
2026-08-23 19:11:55 +0200: Memory Usage (490916K) : Extracting cap_cmim device
2026-08-23 19:11:55 +0200: Memory Usage (490916K) : Extracting rfcmim device
2026-08-23 19:11:55 +0200: Memory Usage (490916K) : Extracting sg13_hv_svaricap varactor
2026-08-23 19:11:55 +0200: Memory Usage (490916K) : Extracting cap_mfringe device
2026-08-23 19:11:55 +0200: Memory Usage (490916K) : Starting ESD EXTRACTION
2026-08-23 19:11:55 +0200: Memory Usage (490916K) : Extracting diodevdd_2kv ESD device
2026-08-23 19:11:55 +0200: Memory Usage (490916K) : Extracting diodevdd_4kv ESD device
2026-08-23 19:11:55 +0200: Memory Usage (490916K) : Extracting diodevss_2kv ESD device
2026-08-23 19:11:55 +0200: Memory Usage (490916K) : Extracting diodevss_4kv ESD device
2026-08-23 19:11:55 +0200: Memory Usage (490916K) : Extracting idiodevdd_2kv ESD device
2026-08-23 19:11:55 +0200: Memory Usage (490916K) : Extracting idiodevdd_4kv ESD device
2026-08-23 19:11:55 +0200: Memory Usage (490916K) : Extracting idiodevss_2kv ESD device
2026-08-23 19:11:55 +0200: Memory Usage (490916K) : Extracting idiodevss_4kv ESD device
2026-08-23 19:11:55 +0200: Memory Usage (490916K) : Extracting nmoscl_2 ESD device
2026-08-23 19:11:55 +0200: Memory Usage (490916K) : Extracting nmoscl_4 ESD device
2026-08-23 19:11:55 +0200: Memory Usage (490916K) : Starting Inductor EXTRACTION
2026-08-23 19:11:55 +0200: Memory Usage (490916K) : Extracting Inductor2 device
2026-08-23 19:11:55 +0200: Memory Usage (490916K) : Extracting Inductor3 device
2026-08-23 19:11:55 +0200: Memory Usage (490916K) : Starting Taps EXTRACTION
2026-08-23 19:11:55 +0200: Memory Usage (490916K) : DISABLE_TAP_EXTRACTION is enabled: skipping ntap1/ptap1 device extraction.
2026-08-23 19:11:55 +0200: Memory Usage (490916K) : Starting SG13CMOS5L LVS RF MOS Model Mapping
2026-08-23 19:11:55 +0200: Memory Usage (490916K) : [layout_netlist] Apply RF MOS model mapping and rfmode parameter.
2026-08-23 19:11:55 +0200: Memory Usage (490916K) : Starting SG13CMOS5L LVS Options Preparations
2026-08-23 19:11:55 +0200: Memory Usage (490916K) : SG13CMOS5L LVS flow: extraction -> alignment -> option preparation -> comparison.
2026-08-23 19:11:55 +0200: Memory Usage (490916K) : Starting SG13CMOS5L LVS Alignment
2026-08-23 19:11:55 +0200: Memory Usage (490916K) : Starting SG13CMOS5L LVS Simplification
2026-08-23 19:11:55 +0200: Memory Usage (490916K) : [layout_netlist] simplify: ENABLED
2026-08-23 19:11:55 +0200: Memory Usage (490916K) : [layout_netlist] make_top_level_pins: SKIPPED
2026-08-23 19:11:55 +0200: Memory Usage (490916K) : [layout_netlist] combine_devices: SKIPPED
2026-08-23 19:11:55 +0200: Memory Usage (490916K) : [layout_netlist] purge: SKIPPED
2026-08-23 19:11:55 +0200: Memory Usage (490916K) : [layout_netlist] purge_nets: SKIPPED
2026-08-23 19:11:55 +0200: Memory Usage (490916K) : [schematic_netlist] simplify: ENABLED
2026-08-23 19:11:55 +0200: Memory Usage (490916K) : [schematic_netlist] make_top_level_pins: SKIPPED
2026-08-23 19:11:55 +0200: Memory Usage (490916K) : [schematic_netlist] combine_devices: SKIPPED
2026-08-23 19:11:55 +0200: Memory Usage (490916K) : [schematic_netlist] purge: SKIPPED
2026-08-23 19:11:55 +0200: Memory Usage (490916K) : [schematic_netlist] purge_nets: SKIPPED
2026-08-23 19:11:55 +0200: Memory Usage (490916K) : Starting SG13CMOS5L LVS Comparison in strict port mode.
2026-08-23 19:11:55 +0200: Memory Usage (490916K) : flag_missing_ports enabled: missing/mislabeled top-level ports are treated as errors.
2026-08-23 19:11:55 +0200: Memory Usage (491044K) : ==========================================
2026-08-23 19:11:55 +0200: Memory Usage (491044K) : INFO : Congratulations! Netlists match.
2026-08-23 19:11:55 +0200: Memory Usage (491044K) : ==========================================
2026-08-23 19:11:55 +0200: Memory Usage (491044K) : LVS Total Run time 0.975101 seconds
2026-08-23 19:13:22 +0200: Memory Usage (457684K) : Starting running SG13CMOS5L Klayout LVS runset on /foss/designs/CHIP-PLL/layout/CP/curr_source/curr_source.gds
2026-08-23 19:13:22 +0200: Memory Usage (457684K) : Ruby Version for klayout: 3.2.3
2026-08-23 19:13:22 +0200: Memory Usage (459160K) : Loading database to memory is complete.
2026-08-23 19:13:22 +0200: Memory Usage (459160K) : SG13CMOS5L Klayout LVS runset output at: /foss/designs/CHIP-PLL/layout/CP/lvs/curr_source.lvsdb
2026-08-23 19:13:22 +0200: Memory Usage (459160K) : Evaluate switches.
2026-08-23 19:13:22 +0200: Memory Usage (459160K) : Extracted netlist with net names: true
2026-08-23 19:13:22 +0200: Memory Usage (459160K) : Extracted netlist with comments in details: false
2026-08-23 19:13:22 +0200: Memory Usage (459160K) : Selected NET_ONLY option: false
2026-08-23 19:13:22 +0200: Memory Usage (459160K) : Selected LAYOUT_NETLIST option: (none)
2026-08-23 19:13:22 +0200: Memory Usage (459160K) : Selected IGNORE_TOP_PORTS_MISMATCH option: 
2026-08-23 19:13:22 +0200: Memory Usage (459160K) : Selected IMPLICIT_NETS option: (none)
2026-08-23 19:13:22 +0200: Memory Usage (459160K) : Selected TOP_LVL_PINS option: false
2026-08-23 19:13:22 +0200: Memory Usage (459160K) : Selected COMBINE DEVICES option: false
2026-08-23 19:13:22 +0200: Memory Usage (459160K) : Selected PURGE option: false
2026-08-23 19:13:22 +0200: Memory Usage (459160K) : Selected PURGE_NETS option: false
2026-08-23 19:13:22 +0200: Memory Usage (459160K) : Selected SIMPLIFY option: true
2026-08-23 19:13:22 +0200: Memory Usage (459160K) : Selected SERIES_RES option: true
2026-08-23 19:13:22 +0200: Memory Usage (459160K) : Selected PARALLEL_RES option: true
2026-08-23 19:13:22 +0200: Memory Usage (459160K) : Selected DISABLE_TAP_EXTRACTION option: true
2026-08-23 19:13:22 +0200: Memory Usage (459160K) : deep  mode is enabled.
2026-08-23 19:13:22 +0200: Memory Usage (459464K) : Netlist file: /foss/designs/CHIP-PLL/layout/CP/netlists/curr_source.spice
2026-08-23 19:13:22 +0200: Memory Usage (459464K) : LVS extracted netlist at: /foss/designs/CHIP-PLL/layout/CP/lvs/curr_source_extracted.cir
2026-08-23 19:13:22 +0200: Memory Usage (459464K) : Applying SRAM integration support.
2026-08-23 19:13:22 +0200: Memory Usage (459464K) : Starting SG13CMOS5L LVS runset
2026-08-23 19:13:22 +0200: Memory Usage (459464K) : Read in polygons from layers.
2026-08-23 19:13:22 +0200: Memory Usage (460368K) : activ_drw has 26 polygons
2026-08-23 19:13:22 +0200: Memory Usage (460368K) : activ_filler has 0 polygons
2026-08-23 19:13:22 +0200: Memory Usage (460544K) : activ has 26 polygons
2026-08-23 19:13:22 +0200: Memory Usage (460544K) : activ_pin has 0 polygons
2026-08-23 19:13:22 +0200: Memory Usage (460544K) : activ_mask has 0 polygons
2026-08-23 19:13:22 +0200: Memory Usage (460544K) : activ_nofill has 0 polygons
2026-08-23 19:13:22 +0200: Memory Usage (460544K) : activ_OPC has 0 polygons
2026-08-23 19:13:22 +0200: Memory Usage (460544K) : activ_iOPC has 0 polygons
2026-08-23 19:13:22 +0200: Memory Usage (460544K) : activ_noqrc has 0 polygons
2026-08-23 19:13:22 +0200: Memory Usage (460544K) : biwind_drw has 0 polygons
2026-08-23 19:13:22 +0200: Memory Usage (460544K) : biwind_OPC has 0 polygons
2026-08-23 19:13:22 +0200: Memory Usage (460544K) : gatpoly_drw has 21 polygons
2026-08-23 19:13:22 +0200: Memory Usage (460544K) : gatpoly_filler has 0 polygons
2026-08-23 19:13:22 +0200: Memory Usage (460544K) : gatpoly has 21 polygons
2026-08-23 19:13:22 +0200: Memory Usage (460544K) : gatpoly_pin has 6 polygons
2026-08-23 19:13:22 +0200: Memory Usage (460544K) : gatpoly_nofill has 0 polygons
2026-08-23 19:13:22 +0200: Memory Usage (460672K) : gatpoly_OPC has 0 polygons
2026-08-23 19:13:22 +0200: Memory Usage (460672K) : gatpoly_iOPC has 0 polygons
2026-08-23 19:13:22 +0200: Memory Usage (460672K) : gatpoly_noqrc has 0 polygons
2026-08-23 19:13:22 +0200: Memory Usage (460672K) : cont_drw has 92 polygons
2026-08-23 19:13:22 +0200: Memory Usage (460672K) : cont_OPC has 0 polygons
2026-08-23 19:13:22 +0200: Memory Usage (460672K) : nsd_drw has 0 polygons
2026-08-23 19:13:22 +0200: Memory Usage (460800K) : nsd_block has 0 polygons
2026-08-23 19:13:22 +0200: Memory Usage (461200K) : metal1_drw has 72 polygons
2026-08-23 19:13:22 +0200: Memory Usage (461200K) : metal1_filler has 0 polygons
2026-08-23 19:13:22 +0200: Memory Usage (461328K) : metal1_slit has 0 polygons
2026-08-23 19:13:22 +0200: Memory Usage (461456K) : metal1 has 72 polygons
2026-08-23 19:13:22 +0200: Memory Usage (461840K) : metal1_pin has 19 polygons
2026-08-23 19:13:22 +0200: Memory Usage (461840K) : metal1_mask has 0 polygons
2026-08-23 19:13:22 +0200: Memory Usage (461840K) : metal1_nofill has 0 polygons
2026-08-23 19:13:22 +0200: Memory Usage (462272K) : metal1_text has 2 polygons
2026-08-23 19:13:22 +0200: Memory Usage (462272K) : metal1_OPC has 0 polygons
2026-08-23 19:13:22 +0200: Memory Usage (462272K) : metal1_noqrc has 0 polygons
2026-08-23 19:13:22 +0200: Memory Usage (462272K) : metal1_res has 0 polygons
2026-08-23 19:13:22 +0200: Memory Usage (462272K) : metal1_iprobe has 0 polygons
2026-08-23 19:13:22 +0200: Memory Usage (462400K) : metal1_diffprb has 0 polygons
2026-08-23 19:13:22 +0200: Memory Usage (462528K) : passiv_drw has 0 polygons
2026-08-23 19:13:22 +0200: Memory Usage (462528K) : passiv_pin has 0 polygons
2026-08-23 19:13:22 +0200: Memory Usage (462656K) : passiv_sbump has 0 polygons
2026-08-23 19:13:22 +0200: Memory Usage (462656K) : passiv_pillar has 0 polygons
2026-08-23 19:13:22 +0200: Memory Usage (462784K) : passiv_pdl has 0 polygons
2026-08-23 19:13:22 +0200: Memory Usage (462784K) : metal2_drw has 25 polygons
2026-08-23 19:13:22 +0200: Memory Usage (462912K) : metal2_filler has 0 polygons
2026-08-23 19:13:22 +0200: Memory Usage (462912K) : metal2_slit has 0 polygons
2026-08-23 19:13:22 +0200: Memory Usage (463040K) : metal2 has 25 polygons
2026-08-23 19:13:22 +0200: Memory Usage (463168K) : metal2_pin has 1 polygons
2026-08-23 19:13:22 +0200: Memory Usage (463168K) : metal2_mask has 0 polygons
2026-08-23 19:13:22 +0200: Memory Usage (463296K) : metal2_nofill has 0 polygons
2026-08-23 19:13:22 +0200: Memory Usage (463424K) : metal2_text has 1 polygons
2026-08-23 19:13:22 +0200: Memory Usage (463424K) : metal2_OPC has 0 polygons
2026-08-23 19:13:22 +0200: Memory Usage (463552K) : metal2_noqrc has 0 polygons
2026-08-23 19:13:22 +0200: Memory Usage (463552K) : metal2_res has 0 polygons
2026-08-23 19:13:22 +0200: Memory Usage (463680K) : metal2_iprobe has 0 polygons
2026-08-23 19:13:22 +0200: Memory Usage (463680K) : metal2_diffprb has 0 polygons
2026-08-23 19:13:22 +0200: Memory Usage (463808K) : baspoly_drw has 0 polygons
2026-08-23 19:13:22 +0200: Memory Usage (463808K) : baspoly_pin has 0 polygons
2026-08-23 19:13:22 +0200: Memory Usage (463936K) : psd_drw has 6 polygons
2026-08-23 19:13:22 +0200: Memory Usage (464064K) : nldb_drw has 0 polygons
2026-08-23 19:13:22 +0200: Memory Usage (464064K) : digibnd_drw has 0 polygons
2026-08-23 19:13:22 +0200: Memory Usage (464192K) : via1_drw has 16 polygons
2026-08-23 19:13:22 +0200: Memory Usage (464192K) : backmetal1_drw has 0 polygons
2026-08-23 19:13:22 +0200: Memory Usage (464320K) : backmetal1_pin has 0 polygons
2026-08-23 19:13:22 +0200: Memory Usage (464448K) : backmetal1_mask has 0 polygons
2026-08-23 19:13:22 +0200: Memory Usage (464576K) : backmetal1_filler has 0 polygons
2026-08-23 19:13:22 +0200: Memory Usage (464576K) : backmetal1_nofill has 0 polygons
2026-08-23 19:13:22 +0200: Memory Usage (464704K) : backmetal1_slit has 0 polygons
2026-08-23 19:13:22 +0200: Memory Usage (464704K) : backmetal1_text has 0 polygons
2026-08-23 19:13:22 +0200: Memory Usage (464832K) : backmetal1_OPC has 0 polygons
2026-08-23 19:13:22 +0200: Memory Usage (464960K) : backmetal1_noqrc has 0 polygons
2026-08-23 19:13:22 +0200: Memory Usage (464960K) : backmetal1_res has 0 polygons
2026-08-23 19:13:22 +0200: Memory Usage (465088K) : backmetal1_iprobe has 0 polygons
2026-08-23 19:13:22 +0200: Memory Usage (465088K) : backmetal1_diffprb has 0 polygons
2026-08-23 19:13:22 +0200: Memory Usage (465216K) : backpassiv_drw has 0 polygons
2026-08-23 19:13:22 +0200: Memory Usage (465216K) : res_drw has 0 polygons
2026-08-23 19:13:22 +0200: Memory Usage (465344K) : sram_drw has 0 polygons
2026-08-23 19:13:22 +0200: Memory Usage (465344K) : trans_drw has 0 polygons
2026-08-23 19:13:22 +0200: Memory Usage (465472K) : ind_drw has 0 polygons
2026-08-23 19:13:22 +0200: Memory Usage (465600K) : ind_pin has 0 polygons
2026-08-23 19:13:22 +0200: Memory Usage (465600K) : ind_text has 0 polygons
2026-08-23 19:13:22 +0200: Memory Usage (465728K) : salblock_drw has 1 polygons
2026-08-23 19:13:22 +0200: Memory Usage (465728K) : via2_drw has 10 polygons
2026-08-23 19:13:22 +0200: Memory Usage (465856K) : metal3_drw has 12 polygons
2026-08-23 19:13:22 +0200: Memory Usage (465984K) : metal3_filler has 0 polygons
2026-08-23 19:13:22 +0200: Memory Usage (465984K) : metal3_slit has 0 polygons
2026-08-23 19:13:22 +0200: Memory Usage (466112K) : metal3 has 12 polygons
2026-08-23 19:13:22 +0200: Memory Usage (466240K) : metal3_pin has 0 polygons
2026-08-23 19:13:22 +0200: Memory Usage (466368K) : metal3_mask has 0 polygons
2026-08-23 19:13:22 +0200: Memory Usage (466368K) : metal3_nofill has 0 polygons
2026-08-23 19:13:22 +0200: Memory Usage (466496K) : metal3_text has 0 polygons
2026-08-23 19:13:22 +0200: Memory Usage (466496K) : metal3_OPC has 0 polygons
2026-08-23 19:13:22 +0200: Memory Usage (466624K) : metal3_noqrc has 0 polygons
2026-08-23 19:13:22 +0200: Memory Usage (466752K) : metal3_res has 0 polygons
2026-08-23 19:13:22 +0200: Memory Usage (466752K) : metal3_iprobe has 0 polygons
2026-08-23 19:13:22 +0200: Memory Usage (466880K) : metal3_diffprb has 0 polygons
2026-08-23 19:13:22 +0200: Memory Usage (466880K) : nwell_drw has 5 polygons
2026-08-23 19:13:22 +0200: Memory Usage (466880K) : nwell_pin has 1 polygons
2026-08-23 19:13:22 +0200: Memory Usage (467008K) : nwell_text has 0 polygons
2026-08-23 19:13:22 +0200: Memory Usage (467008K) : nbulay_drw has 0 polygons
2026-08-23 19:13:22 +0200: Memory Usage (467008K) : nbulay_pin has 0 polygons
2026-08-23 19:13:22 +0200: Memory Usage (467136K) : nbulay_block has 0 polygons
2026-08-23 19:13:22 +0200: Memory Usage (467136K) : emwind_drw has 0 polygons
2026-08-23 19:13:22 +0200: Memory Usage (467136K) : emwind_OPC has 0 polygons
2026-08-23 19:13:22 +0200: Memory Usage (467136K) : deepco_drw has 0 polygons
2026-08-23 19:13:22 +0200: Memory Usage (467264K) : mim_drw has 0 polygons
2026-08-23 19:13:22 +0200: Memory Usage (467264K) : edgeseal_drw has 0 polygons
2026-08-23 19:13:22 +0200: Memory Usage (467264K) : substrate_drw has 3 polygons
2026-08-23 19:13:22 +0200: Memory Usage (467392K) : substrate_text has 0 polygons
2026-08-23 19:13:22 +0200: Memory Usage (467392K) : dfpad_drw has 0 polygons
2026-08-23 19:13:22 +0200: Memory Usage (467392K) : dfpad_pillar has 0 polygons
2026-08-23 19:13:22 +0200: Memory Usage (467520K) : dfpad_sbump has 0 polygons
2026-08-23 19:13:22 +0200: Memory Usage (467520K) : thickgateox_drw has 0 polygons
2026-08-23 19:13:22 +0200: Memory Usage (467648K) : pldb_drw has 0 polygons
2026-08-23 19:13:22 +0200: Memory Usage (467648K) : pwell_drw has 0 polygons
2026-08-23 19:13:22 +0200: Memory Usage (467776K) : pwell_pin has 0 polygons
2026-08-23 19:13:22 +0200: Memory Usage (467776K) : pwell_block has 0 polygons
2026-08-23 19:13:22 +0200: Memory Usage (467904K) : ic_drw has 0 polygons
2026-08-23 19:13:22 +0200: Memory Usage (467904K) : via3_drw has 0 polygons
2026-08-23 19:13:22 +0200: Memory Usage (468032K) : metal4_drw has 0 polygons
2026-08-23 19:13:22 +0200: Memory Usage (468160K) : metal4_filler has 0 polygons
2026-08-23 19:13:22 +0200: Memory Usage (468160K) : metal4_slit has 0 polygons
2026-08-23 19:13:22 +0200: Memory Usage (468288K) : metal4 has 0 polygons
2026-08-23 19:13:22 +0200: Memory Usage (468416K) : metal4_pin has 0 polygons
2026-08-23 19:13:22 +0200: Memory Usage (468416K) : metal4_mask has 0 polygons
2026-08-23 19:13:22 +0200: Memory Usage (468544K) : metal4_nofill has 0 polygons
2026-08-23 19:13:22 +0200: Memory Usage (468544K) : metal4_text has 0 polygons
2026-08-23 19:13:22 +0200: Memory Usage (468672K) : metal4_OPC has 0 polygons
2026-08-23 19:13:22 +0200: Memory Usage (468672K) : metal4_noqrc has 0 polygons
2026-08-23 19:13:22 +0200: Memory Usage (468800K) : metal4_res has 0 polygons
2026-08-23 19:13:22 +0200: Memory Usage (468800K) : metal4_iprobe has 0 polygons
2026-08-23 19:13:22 +0200: Memory Usage (468928K) : metal4_diffprb has 0 polygons
2026-08-23 19:13:22 +0200: Memory Usage (469056K) : heattrans_drw has 8 polygons
2026-08-23 19:13:22 +0200: Memory Usage (469056K) : heatres_drw has 1 polygons
2026-08-23 19:13:22 +0200: Memory Usage (469184K) : fbe_drw has 0 polygons
2026-08-23 19:13:22 +0200: Memory Usage (469184K) : empoly_drw has 0 polygons
2026-08-23 19:13:22 +0200: Memory Usage (469312K) : digisub_drw has 0 polygons
2026-08-23 19:13:22 +0200: Memory Usage (469312K) : text_drw has 11 polygons
2026-08-23 19:13:22 +0200: Memory Usage (469440K) : via4_drw has 0 polygons
2026-08-23 19:13:22 +0200: Memory Usage (469440K) : metal5_drw has 0 polygons
2026-08-23 19:13:22 +0200: Memory Usage (469568K) : metal5_filler has 0 polygons
2026-08-23 19:13:22 +0200: Memory Usage (469568K) : metal5_slit has 0 polygons
2026-08-23 19:13:22 +0200: Memory Usage (469568K) : metal5 has 0 polygons
2026-08-23 19:13:22 +0200: Memory Usage (469696K) : metal5_pin has 0 polygons
2026-08-23 19:13:22 +0200: Memory Usage (469696K) : metal5_mask has 0 polygons
2026-08-23 19:13:22 +0200: Memory Usage (469824K) : metal5_nofill has 0 polygons
2026-08-23 19:13:22 +0200: Memory Usage (469824K) : metal5_text has 0 polygons
2026-08-23 19:13:22 +0200: Memory Usage (469952K) : metal5_OPC has 0 polygons
2026-08-23 19:13:22 +0200: Memory Usage (469952K) : metal5_noqrc has 0 polygons
2026-08-23 19:13:22 +0200: Memory Usage (470080K) : metal5_res has 0 polygons
2026-08-23 19:13:22 +0200: Memory Usage (470080K) : metal5_iprobe has 0 polygons
2026-08-23 19:13:22 +0200: Memory Usage (470208K) : metal5_diffprb has 0 polygons
2026-08-23 19:13:22 +0200: Memory Usage (470208K) : radhard_drw has 0 polygons
2026-08-23 19:13:22 +0200: Memory Usage (470336K) : memcap_drw has 0 polygons
2026-08-23 19:13:22 +0200: Memory Usage (470336K) : varicap_drw has 0 polygons
2026-08-23 19:13:22 +0200: Memory Usage (470464K) : intbondvia_drw has 0 polygons
2026-08-23 19:13:22 +0200: Memory Usage (470592K) : intbondmet_drw has 0 polygons
2026-08-23 19:13:22 +0200: Memory Usage (470592K) : devbondvia_drw has 0 polygons
2026-08-23 19:13:22 +0200: Memory Usage (470720K) : devbondmet_drw has 0 polygons
2026-08-23 19:13:22 +0200: Memory Usage (470720K) : devtrench_drw has 0 polygons
2026-08-23 19:13:22 +0200: Memory Usage (470848K) : redist_drw has 0 polygons
2026-08-23 19:13:22 +0200: Memory Usage (470848K) : graphbot_drw has 0 polygons
2026-08-23 19:13:22 +0200: Memory Usage (470976K) : graphtop_drw has 0 polygons
2026-08-23 19:13:22 +0200: Memory Usage (470976K) : antvia1_drw has 0 polygons
2026-08-23 19:13:22 +0200: Memory Usage (471104K) : antmetal2_drw has 0 polygons
2026-08-23 19:13:22 +0200: Memory Usage (471232K) : graphcont_drw has 0 polygons
2026-08-23 19:13:22 +0200: Memory Usage (471232K) : siwg_drw has 0 polygons
2026-08-23 19:13:22 +0200: Memory Usage (471360K) : siwg_filler has 0 polygons
2026-08-23 19:13:22 +0200: Memory Usage (471360K) : siwg_nofill has 0 polygons
2026-08-23 19:13:22 +0200: Memory Usage (471488K) : sigrating_drw has 0 polygons
2026-08-23 19:13:22 +0200: Memory Usage (471488K) : singrating_drw has 0 polygons
2026-08-23 19:13:22 +0200: Memory Usage (471616K) : graphpas_drw has 0 polygons
2026-08-23 19:13:22 +0200: Memory Usage (471616K) : emwind3_drw has 0 polygons
2026-08-23 19:13:22 +0200: Memory Usage (471616K) : emwihv3_drw has 0 polygons
2026-08-23 19:13:22 +0200: Memory Usage (471744K) : redbulay_drw has 0 polygons
2026-08-23 19:13:22 +0200: Memory Usage (471744K) : smos_drw has 0 polygons
2026-08-23 19:13:22 +0200: Memory Usage (471744K) : graphpad_drw has 0 polygons
2026-08-23 19:13:22 +0200: Memory Usage (471872K) : polimide_drw has 0 polygons
2026-08-23 19:13:22 +0200: Memory Usage (471872K) : polimide_pin has 0 polygons
2026-08-23 19:13:22 +0200: Memory Usage (471872K) : recog_drw has 0 polygons
2026-08-23 19:13:22 +0200: Memory Usage (472000K) : recog_pin has 0 polygons
2026-08-23 19:13:22 +0200: Memory Usage (472000K) : recog_esd has 0 polygons
2026-08-23 19:13:22 +0200: Memory Usage (472000K) : recog_diode has 0 polygons
2026-08-23 19:13:23 +0200: Memory Usage (472128K) : recog_tsv has 0 polygons
2026-08-23 19:13:23 +0200: Memory Usage (472128K) : recog_iprobe has 0 polygons
2026-08-23 19:13:23 +0200: Memory Usage (472256K) : recog_diffprb has 0 polygons
2026-08-23 19:13:23 +0200: Memory Usage (472256K) : recog_pillar has 0 polygons
2026-08-23 19:13:23 +0200: Memory Usage (472384K) : recog_sbump has 0 polygons
2026-08-23 19:13:23 +0200: Memory Usage (472512K) : recog_otp has 0 polygons
2026-08-23 19:13:23 +0200: Memory Usage (472512K) : recog_pdiode has 0 polygons
2026-08-23 19:13:23 +0200: Memory Usage (472640K) : recog_mom has 0 polygons
2026-08-23 19:13:23 +0200: Memory Usage (472640K) : recog_pcm has 0 polygons
2026-08-23 19:13:23 +0200: Memory Usage (472768K) : colopen_drw has 0 polygons
2026-08-23 19:13:23 +0200: Memory Usage (472768K) : graphmetal1_drw has 0 polygons
2026-08-23 19:13:23 +0200: Memory Usage (472896K) : graphmetal1_filler has 0 polygons
2026-08-23 19:13:23 +0200: Memory Usage (472896K) : graphmetal1_nofill has 0 polygons
2026-08-23 19:13:23 +0200: Memory Usage (473024K) : graphmetal1_slit has 0 polygons
2026-08-23 19:13:23 +0200: Memory Usage (473152K) : graphmetal1_OPC has 0 polygons
2026-08-23 19:13:23 +0200: Memory Usage (473152K) : graphmet1l_drw has 0 polygons
2026-08-23 19:13:23 +0200: Memory Usage (473280K) : graphmet1l_filler has 0 polygons
2026-08-23 19:13:23 +0200: Memory Usage (473280K) : graphmet1l_nofill has 0 polygons
2026-08-23 19:13:23 +0200: Memory Usage (473408K) : graphmet1l_slit has 0 polygons
2026-08-23 19:13:23 +0200: Memory Usage (473408K) : graphmet1l_OPC has 0 polygons
2026-08-23 19:13:23 +0200: Memory Usage (473536K) : extblock_drw has 3 polygons
2026-08-23 19:13:23 +0200: Memory Usage (473536K) : nldd_drw has 0 polygons
2026-08-23 19:13:23 +0200: Memory Usage (473664K) : pldd_drw has 0 polygons
2026-08-23 19:13:23 +0200: Memory Usage (473792K) : next_drw has 0 polygons
2026-08-23 19:13:23 +0200: Memory Usage (473792K) : pext_drw has 0 polygons
2026-08-23 19:13:23 +0200: Memory Usage (473920K) : nexthv_drw has 0 polygons
2026-08-23 19:13:23 +0200: Memory Usage (473920K) : pexthv_drw has 0 polygons
2026-08-23 19:13:23 +0200: Memory Usage (474048K) : graphgate_drw has 0 polygons
2026-08-23 19:13:23 +0200: Memory Usage (474048K) : sinwg_drw has 0 polygons
2026-08-23 19:13:23 +0200: Memory Usage (474176K) : sinwg_filler has 0 polygons
2026-08-23 19:13:23 +0200: Memory Usage (474176K) : sinwg_nofill has 0 polygons
2026-08-23 19:13:23 +0200: Memory Usage (474176K) : mempad_drw has 0 polygons
2026-08-23 19:13:23 +0200: Memory Usage (474176K) : topvia1_drw has 0 polygons
2026-08-23 19:13:23 +0200: Memory Usage (474176K) : topmetal1_drw has 0 polygons
2026-08-23 19:13:23 +0200: Memory Usage (474176K) : topmetal1_filler has 0 polygons
2026-08-23 19:13:23 +0200: Memory Usage (474304K) : topmetal1_slit has 0 polygons
2026-08-23 19:13:23 +0200: Memory Usage (474304K) : topmetal1 has 0 polygons
2026-08-23 19:13:23 +0200: Memory Usage (474432K) : topmetal1_pin has 0 polygons
2026-08-23 19:13:23 +0200: Memory Usage (474560K) : topmetal1_mask has 0 polygons
2026-08-23 19:13:23 +0200: Memory Usage (474560K) : topmetal1_nofill has 0 polygons
2026-08-23 19:13:23 +0200: Memory Usage (474688K) : topmetal1_text has 0 polygons
2026-08-23 19:13:23 +0200: Memory Usage (474688K) : topmetal1_noqrc has 0 polygons
2026-08-23 19:13:23 +0200: Memory Usage (474816K) : topmetal1_res has 0 polygons
2026-08-23 19:13:23 +0200: Memory Usage (474816K) : topmetal1_iprobe has 0 polygons
2026-08-23 19:13:23 +0200: Memory Usage (474944K) : topmetal1_diffprb has 0 polygons
2026-08-23 19:13:23 +0200: Memory Usage (474944K) : inldpwl_drw has 0 polygons
2026-08-23 19:13:23 +0200: Memory Usage (475072K) : polyres_drw has 1 polygons
2026-08-23 19:13:23 +0200: Memory Usage (475072K) : polyres_pin has 0 polygons
2026-08-23 19:13:23 +0200: Memory Usage (475200K) : vmim_drw has 0 polygons
2026-08-23 19:13:23 +0200: Memory Usage (475328K) : nbulaycut_drw has 0 polygons
2026-08-23 19:13:23 +0200: Memory Usage (475328K) : antmetal1_drw has 0 polygons
2026-08-23 19:13:23 +0200: Memory Usage (475456K) : topvia2_drw has 0 polygons
2026-08-23 19:13:23 +0200: Memory Usage (475456K) : topmetal2_drw has 0 polygons
2026-08-23 19:13:23 +0200: Memory Usage (475584K) : topmetal2_filler has 0 polygons
2026-08-23 19:13:23 +0200: Memory Usage (475584K) : topmetal2_slit has 0 polygons
2026-08-23 19:13:23 +0200: Memory Usage (475712K) : topmetal2 has 0 polygons
2026-08-23 19:13:23 +0200: Memory Usage (475840K) : topmetal2_pin has 0 polygons
2026-08-23 19:13:23 +0200: Memory Usage (475840K) : topmetal2_mask has 0 polygons
2026-08-23 19:13:23 +0200: Memory Usage (475968K) : topmetal2_nofill has 0 polygons
2026-08-23 19:13:23 +0200: Memory Usage (475968K) : topmetal2_text has 0 polygons
2026-08-23 19:13:23 +0200: Memory Usage (476096K) : topmetal2_noqrc has 0 polygons
2026-08-23 19:13:23 +0200: Memory Usage (476224K) : topmetal2_res has 0 polygons
2026-08-23 19:13:23 +0200: Memory Usage (476224K) : topmetal2_iprobe has 0 polygons
2026-08-23 19:13:23 +0200: Memory Usage (476352K) : topmetal2_diffprb has 0 polygons
2026-08-23 19:13:23 +0200: Memory Usage (476352K) : snsring_drw has 0 polygons
2026-08-23 19:13:23 +0200: Memory Usage (476480K) : sensor_drw has 0 polygons
2026-08-23 19:13:23 +0200: Memory Usage (476480K) : snsarms_drw has 0 polygons
2026-08-23 19:13:23 +0200: Memory Usage (476608K) : snscmosvia_drw has 0 polygons
2026-08-23 19:13:23 +0200: Memory Usage (476608K) : colwind_drw has 0 polygons
2026-08-23 19:13:23 +0200: Memory Usage (476736K) : flm_drw has 0 polygons
2026-08-23 19:13:23 +0200: Memory Usage (476864K) : hafniumox_drw has 0 polygons
2026-08-23 19:13:23 +0200: Memory Usage (476864K) : memvia_drw has 0 polygons
2026-08-23 19:13:23 +0200: Memory Usage (476992K) : thinfilmres_drw has 0 polygons
2026-08-23 19:13:23 +0200: Memory Usage (476992K) : rfmem_drw has 0 polygons
2026-08-23 19:13:23 +0200: Memory Usage (477120K) : norcx_drw has 0 polygons
2026-08-23 19:13:23 +0200: Memory Usage (477120K) : norcx_m2m3 has 0 polygons
2026-08-23 19:13:23 +0200: Memory Usage (477248K) : norcx_m2m4 has 0 polygons
2026-08-23 19:13:23 +0200: Memory Usage (477248K) : norcx_m2m5 has 0 polygons
2026-08-23 19:13:23 +0200: Memory Usage (477376K) : norcx_m2tm1 has 0 polygons
2026-08-23 19:13:23 +0200: Memory Usage (477504K) : norcx_m2tm2 has 0 polygons
2026-08-23 19:13:23 +0200: Memory Usage (477504K) : norcx_m3m4 has 0 polygons
2026-08-23 19:13:23 +0200: Memory Usage (477632K) : norcx_m3m5 has 0 polygons
2026-08-23 19:13:23 +0200: Memory Usage (477632K) : norcx_m3tm1 has 0 polygons
2026-08-23 19:13:23 +0200: Memory Usage (477760K) : norcx_m3tm2 has 0 polygons
2026-08-23 19:13:23 +0200: Memory Usage (477760K) : norcx_m4m5 has 0 polygons
2026-08-23 19:13:23 +0200: Memory Usage (477888K) : norcx_m4tm1 has 0 polygons
2026-08-23 19:13:23 +0200: Memory Usage (477888K) : norcx_m4tm2 has 0 polygons
2026-08-23 19:13:23 +0200: Memory Usage (478016K) : norcx_m5tm1 has 0 polygons
2026-08-23 19:13:23 +0200: Memory Usage (478016K) : norcx_m5tm2 has 0 polygons
2026-08-23 19:13:23 +0200: Memory Usage (478144K) : norcx_tm1tm2 has 0 polygons
2026-08-23 19:13:23 +0200: Memory Usage (478272K) : norcx_m1sub has 0 polygons
2026-08-23 19:13:23 +0200: Memory Usage (478272K) : norcx_m2sub has 0 polygons
2026-08-23 19:13:23 +0200: Memory Usage (478400K) : norcx_m3sub has 0 polygons
2026-08-23 19:13:23 +0200: Memory Usage (478400K) : norcx_m4sub has 0 polygons
2026-08-23 19:13:23 +0200: Memory Usage (478528K) : norcx_m5sub has 0 polygons
2026-08-23 19:13:23 +0200: Memory Usage (478528K) : norcx_tm1sub has 0 polygons
2026-08-23 19:13:23 +0200: Memory Usage (478656K) : norcx_tm2sub has 0 polygons
2026-08-23 19:13:23 +0200: Memory Usage (478656K) : snsbotvia_drw has 0 polygons
2026-08-23 19:13:23 +0200: Memory Usage (478784K) : snstopvia_drw has 0 polygons
2026-08-23 19:13:23 +0200: Memory Usage (478912K) : deepvia_drw has 0 polygons
2026-08-23 19:13:23 +0200: Memory Usage (478912K) : fgetch_drw has 0 polygons
2026-08-23 19:13:23 +0200: Memory Usage (479040K) : ctrgat_drw has 0 polygons
2026-08-23 19:13:23 +0200: Memory Usage (479040K) : fgimp_drw has 0 polygons
2026-08-23 19:13:23 +0200: Memory Usage (479168K) : emwihv_drw has 0 polygons
2026-08-23 19:13:23 +0200: Memory Usage (479168K) : lbe_drw has 0 polygons
2026-08-23 19:13:23 +0200: Memory Usage (479296K) : alcustop_drw has 0 polygons
2026-08-23 19:13:23 +0200: Memory Usage (479296K) : nometfiller_drw has 0 polygons
2026-08-23 19:13:23 +0200: Memory Usage (479424K) : prboundary_drw has 0 polygons
2026-08-23 19:13:23 +0200: Memory Usage (479552K) : exchange0_drw has 0 polygons
2026-08-23 19:13:23 +0200: Memory Usage (479552K) : exchange0_pin has 0 polygons
2026-08-23 19:13:23 +0200: Memory Usage (479680K) : exchange0_text has 0 polygons
2026-08-23 19:13:23 +0200: Memory Usage (479680K) : exchange1_drw has 0 polygons
2026-08-23 19:13:23 +0200: Memory Usage (479808K) : exchange1_pin has 0 polygons
2026-08-23 19:13:23 +0200: Memory Usage (479808K) : exchange1_text has 0 polygons
2026-08-23 19:13:23 +0200: Memory Usage (479936K) : exchange2_drw has 0 polygons
2026-08-23 19:13:23 +0200: Memory Usage (479936K) : exchange2_pin has 0 polygons
2026-08-23 19:13:23 +0200: Memory Usage (480064K) : exchange2_text has 0 polygons
2026-08-23 19:13:23 +0200: Memory Usage (480064K) : exchange3_drw has 0 polygons
2026-08-23 19:13:23 +0200: Memory Usage (480192K) : exchange3_pin has 0 polygons
2026-08-23 19:13:23 +0200: Memory Usage (480192K) : exchange3_text has 0 polygons
2026-08-23 19:13:23 +0200: Memory Usage (480320K) : exchange4_drw has 0 polygons
2026-08-23 19:13:23 +0200: Memory Usage (480320K) : exchange4_pin has 0 polygons
2026-08-23 19:13:23 +0200: Memory Usage (480448K) : exchange4_text has 0 polygons
2026-08-23 19:13:23 +0200: Memory Usage (480576K) : isonwell_drw has 0 polygons
2026-08-23 19:13:23 +0200: Memory Usage (480576K) : Total no. of polygons in the design is 343
2026-08-23 19:13:23 +0200: Memory Usage (480576K) : Starting CMOS5L Forbidden Layer Check
2026-08-23 19:13:23 +0200: Memory Usage (480704K) : CMOS5L Forbidden Layer Check: PASSED - No forbidden layers found
2026-08-23 19:13:23 +0200: Memory Usage (480704K) : CMOS5L Forbidden Layer Check: PASSED
2026-08-23 19:13:23 +0200: Memory Usage (480704K) : Starting base layers derivations
2026-08-23 19:13:23 +0200: Memory Usage (480704K) : Starting general LVS derivations
2026-08-23 19:13:23 +0200: Memory Usage (485056K) : Starting MOSFET DERIVATIONS
2026-08-23 19:13:23 +0200: Memory Usage (487360K) : Starting NMOS DERIVATIONS
2026-08-23 19:13:23 +0200: Memory Usage (487616K) : Starting PMOS DERIVATIONS
2026-08-23 19:13:23 +0200: Memory Usage (487872K) : Starting RF-MOSFET DERIVATIONS
2026-08-23 19:13:23 +0200: Memory Usage (487872K) : Starting RF-NMOS DERIVATIONS
2026-08-23 19:13:23 +0200: Memory Usage (488128K) : Starting RF-PMOS DERIVATIONS
2026-08-23 19:13:23 +0200: Memory Usage (488384K) : Starting BJT DERIVATIONS
2026-08-23 19:13:23 +0200: Memory Usage (488384K) : Starting NPN-BJT DERIVATIONS
2026-08-23 19:13:23 +0200: Memory Usage (489408K) : Starting PNP-BJT DERIVATIONS
2026-08-23 19:13:23 +0200: Memory Usage (489408K) : Starting DIODE DERIVATIONS
2026-08-23 19:13:23 +0200: Memory Usage (489408K) : Starting RESISTOR DERIVATIONS
2026-08-23 19:13:23 +0200: Memory Usage (489792K) : Starting CAP DERIVATIONS
2026-08-23 19:13:23 +0200: Memory Usage (489792K) : Starting CAP_MFRINGE DERIVATIONS
2026-08-23 19:13:23 +0200: Memory Usage (489792K) : Starting ESD DERIVATIONS
2026-08-23 19:13:23 +0200: Memory Usage (489792K) : Starting Inductor DERIVATIONS
2026-08-23 19:13:23 +0200: Memory Usage (490048K) : Starting Taps DERIVATIONS
2026-08-23 19:13:23 +0200: Memory Usage (490816K) : Starting SG13G2 LVS connectivity setup
2026-08-23 19:13:23 +0200: Memory Usage (490816K) : Starting SG13G2 LVS connectivity setup (Inter-layer)
2026-08-23 19:13:23 +0200: Memory Usage (490944K) : Starting SG13G2 LVS connectivity setup (Global)
2026-08-23 19:13:23 +0200: Memory Usage (490944K) : Starting LVS MOSFET CONNECTIONS
2026-08-23 19:13:23 +0200: Memory Usage (490944K) : Starting LVS RF-MOSFET CONNECTIONS
2026-08-23 19:13:23 +0200: Memory Usage (490944K) : Starting LVS BJT CONNECTIONS
2026-08-23 19:13:23 +0200: Memory Usage (490944K) : Starting LVS DIODE CONNECTIONS
2026-08-23 19:13:23 +0200: Memory Usage (490944K) : Starting RESISTOR CONNECTIONS
2026-08-23 19:13:23 +0200: Memory Usage (490944K) : Starting LVS CAP CONNECTIONS
2026-08-23 19:13:23 +0200: Memory Usage (490944K) : Starting ESD CONNECTIONS
2026-08-23 19:13:23 +0200: Memory Usage (490944K) : Starting Inductor CONNECTIONS
2026-08-23 19:13:23 +0200: Memory Usage (490944K) : Starting LVS Taps CONNECTIONS
2026-08-23 19:13:23 +0200: Memory Usage (490944K) : Starting CAP_MFRINGE CONNECTIONS
2026-08-23 19:13:23 +0200: Memory Usage (490944K) : Starting SG13CMOS5L LVS DEVICES EXTRACTION
2026-08-23 19:13:23 +0200: Memory Usage (490944K) : Starting MOSFET EXTRACTION
2026-08-23 19:13:23 +0200: Memory Usage (490944K) : Starting NMOS EXTRACTION
2026-08-23 19:13:23 +0200: Memory Usage (490944K) : Extraction of NMOS-LV transistor
2026-08-23 19:13:23 +0200: Memory Usage (491072K) : Extraction of NMOS-HV transistor
2026-08-23 19:13:23 +0200: Memory Usage (491072K) : Starting PMOS EXTRACTION
2026-08-23 19:13:23 +0200: Memory Usage (491072K) : Extraction of PMOS-LV transistor
2026-08-23 19:13:23 +0200: Memory Usage (491072K) : Extraction of PMOS-HV transistor
2026-08-23 19:13:23 +0200: Memory Usage (491072K) : Starting RF-MOSFET EXTRACTION
2026-08-23 19:13:23 +0200: Memory Usage (491072K) : Extraction of RF-NMOS-LV transistor
2026-08-23 19:13:23 +0200: Memory Usage (491072K) : Extraction of RF-NMOS-HV transistor
2026-08-23 19:13:23 +0200: Memory Usage (491072K) : Extraction of RF-PMOS-LV transistor
2026-08-23 19:13:23 +0200: Memory Usage (491072K) : Extraction of RF-PMOS-HV transistor
2026-08-23 19:13:23 +0200: Memory Usage (491072K) : Starting BJT EXTRACTION
2026-08-23 19:13:23 +0200: Memory Usage (491072K) : Starting NPN-BJT EXTRACTION
2026-08-23 19:13:23 +0200: Memory Usage (491072K) : Extraction of npn13G2 BJT transistor
2026-08-23 19:13:23 +0200: Memory Usage (491072K) : Extraction of npn13G2L BJT transistor
2026-08-23 19:13:23 +0200: Memory Usage (491072K) : Extraction of npn13G2V BJT transistor
2026-08-23 19:13:23 +0200: Memory Usage (491072K) : Starting PNP-BJT EXTRACTION
2026-08-23 19:13:23 +0200: Memory Usage (491072K) : Extracting pnpMPA BJT
2026-08-23 19:13:23 +0200: Memory Usage (491072K) : Starting DIODE EXTRACTION
2026-08-23 19:13:23 +0200: Memory Usage (491072K) : Extracting dantenna diode
2026-08-23 19:13:23 +0200: Memory Usage (491072K) : Extracting dpantenna diode
2026-08-23 19:13:23 +0200: Memory Usage (491072K) : Extracting schottky_nbl1 diode
2026-08-23 19:13:23 +0200: Memory Usage (491072K) : Extracting isolbox diode
2026-08-23 19:13:23 +0200: Memory Usage (491072K) : Starting RESISTOR EXTRACTION
2026-08-23 19:13:23 +0200: Memory Usage (491072K) : Extracting rsil resistor
2026-08-23 19:13:23 +0200: Memory Usage (491072K) : Extracting rppd resistor
2026-08-23 19:13:23 +0200: Memory Usage (491200K) : Extracting rhigh resistor
2026-08-23 19:13:23 +0200: Memory Usage (491200K) : Extracting res_metal1 resistor
2026-08-23 19:13:23 +0200: Memory Usage (491200K) : Extracting res_metal2 resistor
2026-08-23 19:13:23 +0200: Memory Usage (491200K) : Extracting res_metal3 resistor
2026-08-23 19:13:23 +0200: Memory Usage (491200K) : Extracting res_metal4 resistor
2026-08-23 19:13:23 +0200: Memory Usage (491200K) : Extracting res_metal5 resistor
2026-08-23 19:13:23 +0200: Memory Usage (491200K) : Extracting res_topmetal1 resistor
2026-08-23 19:13:23 +0200: Memory Usage (491200K) : Extracting res_topmetal2 resistor
2026-08-23 19:13:23 +0200: Memory Usage (491200K) : Starting CAP EXTRACTION
2026-08-23 19:13:23 +0200: Memory Usage (491200K) : Extracting cap_cmim device
2026-08-23 19:13:23 +0200: Memory Usage (491200K) : Extracting rfcmim device
2026-08-23 19:13:23 +0200: Memory Usage (491200K) : Extracting sg13_hv_svaricap varactor
2026-08-23 19:13:23 +0200: Memory Usage (491200K) : Extracting cap_mfringe device
2026-08-23 19:13:23 +0200: Memory Usage (491200K) : Starting ESD EXTRACTION
2026-08-23 19:13:23 +0200: Memory Usage (491200K) : Extracting diodevdd_2kv ESD device
2026-08-23 19:13:23 +0200: Memory Usage (491200K) : Extracting diodevdd_4kv ESD device
2026-08-23 19:13:23 +0200: Memory Usage (491200K) : Extracting diodevss_2kv ESD device
2026-08-23 19:13:23 +0200: Memory Usage (491200K) : Extracting diodevss_4kv ESD device
2026-08-23 19:13:23 +0200: Memory Usage (491200K) : Extracting idiodevdd_2kv ESD device
2026-08-23 19:13:23 +0200: Memory Usage (491200K) : Extracting idiodevdd_4kv ESD device
2026-08-23 19:13:23 +0200: Memory Usage (491200K) : Extracting idiodevss_2kv ESD device
2026-08-23 19:13:23 +0200: Memory Usage (491200K) : Extracting idiodevss_4kv ESD device
2026-08-23 19:13:23 +0200: Memory Usage (491200K) : Extracting nmoscl_2 ESD device
2026-08-23 19:13:23 +0200: Memory Usage (491200K) : Extracting nmoscl_4 ESD device
2026-08-23 19:13:23 +0200: Memory Usage (491200K) : Starting Inductor EXTRACTION
2026-08-23 19:13:23 +0200: Memory Usage (491200K) : Extracting Inductor2 device
2026-08-23 19:13:23 +0200: Memory Usage (491200K) : Extracting Inductor3 device
2026-08-23 19:13:23 +0200: Memory Usage (491200K) : Starting Taps EXTRACTION
2026-08-23 19:13:23 +0200: Memory Usage (491200K) : DISABLE_TAP_EXTRACTION is enabled: skipping ntap1/ptap1 device extraction.
2026-08-23 19:13:23 +0200: Memory Usage (491200K) : Starting SG13CMOS5L LVS RF MOS Model Mapping
2026-08-23 19:13:23 +0200: Memory Usage (491200K) : [layout_netlist] Apply RF MOS model mapping and rfmode parameter.
2026-08-23 19:13:23 +0200: Memory Usage (491200K) : Starting SG13CMOS5L LVS Options Preparations
2026-08-23 19:13:23 +0200: Memory Usage (491200K) : SG13CMOS5L LVS flow: extraction -> alignment -> option preparation -> comparison.
2026-08-23 19:13:23 +0200: Memory Usage (491200K) : Starting SG13CMOS5L LVS Alignment
2026-08-23 19:13:23 +0200: Memory Usage (491328K) : Starting SG13CMOS5L LVS Simplification
2026-08-23 19:13:23 +0200: Memory Usage (491328K) : [layout_netlist] simplify: ENABLED
2026-08-23 19:13:23 +0200: Memory Usage (491328K) : [layout_netlist] make_top_level_pins: SKIPPED
2026-08-23 19:13:23 +0200: Memory Usage (491328K) : [layout_netlist] combine_devices: SKIPPED
2026-08-23 19:13:23 +0200: Memory Usage (491328K) : [layout_netlist] purge: SKIPPED
2026-08-23 19:13:23 +0200: Memory Usage (491328K) : [layout_netlist] purge_nets: SKIPPED
2026-08-23 19:13:23 +0200: Memory Usage (491328K) : [schematic_netlist] simplify: ENABLED
2026-08-23 19:13:23 +0200: Memory Usage (491328K) : [schematic_netlist] make_top_level_pins: SKIPPED
2026-08-23 19:13:23 +0200: Memory Usage (491328K) : [schematic_netlist] combine_devices: SKIPPED
2026-08-23 19:13:23 +0200: Memory Usage (491328K) : [schematic_netlist] purge: SKIPPED
2026-08-23 19:13:23 +0200: Memory Usage (491328K) : [schematic_netlist] purge_nets: SKIPPED
2026-08-23 19:13:23 +0200: Memory Usage (491328K) : Starting SG13CMOS5L LVS Comparison in strict port mode.
2026-08-23 19:13:23 +0200: Memory Usage (491328K) : flag_missing_ports enabled: missing/mislabeled top-level ports are treated as errors.
2026-08-23 19:13:23 +0200: Memory Usage (491456K) : ==========================================
2026-08-23 19:13:23 +0200: Memory Usage (491456K) : INFO : Congratulations! Netlists match.
2026-08-23 19:13:23 +0200: Memory Usage (491456K) : ==========================================
2026-08-23 19:13:23 +0200: Memory Usage (491456K) : LVS Total Run time 0.967264 seconds
2026-08-23 19:22:53 +0200: Memory Usage (457440K) : Starting running SG13CMOS5L Klayout LVS runset on /foss/designs/CHIP-PLL/layout/CP/curr_source/curr_source.gds
2026-08-23 19:22:53 +0200: Memory Usage (457440K) : Ruby Version for klayout: 3.2.3
2026-08-23 19:22:53 +0200: Memory Usage (459164K) : Loading database to memory is complete.
2026-08-23 19:22:53 +0200: Memory Usage (459164K) : SG13CMOS5L Klayout LVS runset output at: /foss/designs/CHIP-PLL/layout/CP/lvs/curr_source.lvsdb
2026-08-23 19:22:53 +0200: Memory Usage (459164K) : Evaluate switches.
2026-08-23 19:22:53 +0200: Memory Usage (459164K) : Extracted netlist with net names: true
2026-08-23 19:22:53 +0200: Memory Usage (459164K) : Extracted netlist with comments in details: false
2026-08-23 19:22:53 +0200: Memory Usage (459164K) : Selected NET_ONLY option: false
2026-08-23 19:22:53 +0200: Memory Usage (459164K) : Selected LAYOUT_NETLIST option: (none)
2026-08-23 19:22:53 +0200: Memory Usage (459164K) : Selected IGNORE_TOP_PORTS_MISMATCH option: 
2026-08-23 19:22:53 +0200: Memory Usage (459164K) : Selected IMPLICIT_NETS option: (none)
2026-08-23 19:22:53 +0200: Memory Usage (459164K) : Selected TOP_LVL_PINS option: false
2026-08-23 19:22:53 +0200: Memory Usage (459164K) : Selected COMBINE DEVICES option: false
2026-08-23 19:22:53 +0200: Memory Usage (459164K) : Selected PURGE option: false
2026-08-23 19:22:53 +0200: Memory Usage (459164K) : Selected PURGE_NETS option: false
2026-08-23 19:22:53 +0200: Memory Usage (459164K) : Selected SIMPLIFY option: true
2026-08-23 19:22:53 +0200: Memory Usage (459164K) : Selected SERIES_RES option: true
2026-08-23 19:22:53 +0200: Memory Usage (459164K) : Selected PARALLEL_RES option: true
2026-08-23 19:22:53 +0200: Memory Usage (459164K) : Selected DISABLE_TAP_EXTRACTION option: true
2026-08-23 19:22:53 +0200: Memory Usage (459164K) : deep  mode is enabled.
2026-08-23 19:22:53 +0200: Memory Usage (459420K) : Netlist file: /foss/designs/CHIP-PLL/layout/CP/netlists/curr_source.spice
2026-08-23 19:22:53 +0200: Memory Usage (459420K) : LVS extracted netlist at: /foss/designs/CHIP-PLL/layout/CP/lvs/curr_source_extracted.cir
2026-08-23 19:22:53 +0200: Memory Usage (459420K) : Applying SRAM integration support.
2026-08-23 19:22:53 +0200: Memory Usage (459420K) : Starting SG13CMOS5L LVS runset
2026-08-23 19:22:53 +0200: Memory Usage (459420K) : Read in polygons from layers.
2026-08-23 19:22:53 +0200: Memory Usage (460472K) : activ_drw has 26 polygons
2026-08-23 19:22:53 +0200: Memory Usage (460472K) : activ_filler has 0 polygons
2026-08-23 19:22:53 +0200: Memory Usage (460600K) : activ has 26 polygons
2026-08-23 19:22:53 +0200: Memory Usage (460600K) : activ_pin has 0 polygons
2026-08-23 19:22:53 +0200: Memory Usage (460600K) : activ_mask has 0 polygons
2026-08-23 19:22:53 +0200: Memory Usage (460600K) : activ_nofill has 0 polygons
2026-08-23 19:22:53 +0200: Memory Usage (460600K) : activ_OPC has 0 polygons
2026-08-23 19:22:53 +0200: Memory Usage (460600K) : activ_iOPC has 0 polygons
2026-08-23 19:22:53 +0200: Memory Usage (460600K) : activ_noqrc has 0 polygons
2026-08-23 19:22:53 +0200: Memory Usage (460600K) : biwind_drw has 0 polygons
2026-08-23 19:22:53 +0200: Memory Usage (460600K) : biwind_OPC has 0 polygons
2026-08-23 19:22:53 +0200: Memory Usage (460600K) : gatpoly_drw has 21 polygons
2026-08-23 19:22:53 +0200: Memory Usage (460600K) : gatpoly_filler has 0 polygons
2026-08-23 19:22:53 +0200: Memory Usage (460600K) : gatpoly has 21 polygons
2026-08-23 19:22:53 +0200: Memory Usage (460600K) : gatpoly_pin has 6 polygons
2026-08-23 19:22:53 +0200: Memory Usage (460600K) : gatpoly_nofill has 0 polygons
2026-08-23 19:22:53 +0200: Memory Usage (460600K) : gatpoly_OPC has 0 polygons
2026-08-23 19:22:53 +0200: Memory Usage (460728K) : gatpoly_iOPC has 0 polygons
2026-08-23 19:22:53 +0200: Memory Usage (460728K) : gatpoly_noqrc has 0 polygons
2026-08-23 19:22:53 +0200: Memory Usage (460728K) : cont_drw has 92 polygons
2026-08-23 19:22:53 +0200: Memory Usage (460728K) : cont_OPC has 0 polygons
2026-08-23 19:22:53 +0200: Memory Usage (460728K) : nsd_drw has 0 polygons
2026-08-23 19:22:53 +0200: Memory Usage (460856K) : nsd_block has 0 polygons
2026-08-23 19:22:53 +0200: Memory Usage (460984K) : metal1_drw has 70 polygons
2026-08-23 19:22:53 +0200: Memory Usage (461112K) : metal1_filler has 0 polygons
2026-08-23 19:22:53 +0200: Memory Usage (461112K) : metal1_slit has 0 polygons
2026-08-23 19:22:53 +0200: Memory Usage (461368K) : metal1 has 70 polygons
2026-08-23 19:22:53 +0200: Memory Usage (461496K) : metal1_pin has 19 polygons
2026-08-23 19:22:53 +0200: Memory Usage (461880K) : metal1_mask has 0 polygons
2026-08-23 19:22:53 +0200: Memory Usage (461880K) : metal1_nofill has 0 polygons
2026-08-23 19:22:53 +0200: Memory Usage (462008K) : metal1_text has 2 polygons
2026-08-23 19:22:53 +0200: Memory Usage (462136K) : metal1_OPC has 0 polygons
2026-08-23 19:22:53 +0200: Memory Usage (462136K) : metal1_noqrc has 0 polygons
2026-08-23 19:22:53 +0200: Memory Usage (462136K) : metal1_res has 0 polygons
2026-08-23 19:22:53 +0200: Memory Usage (462136K) : metal1_iprobe has 0 polygons
2026-08-23 19:22:53 +0200: Memory Usage (462264K) : metal1_diffprb has 0 polygons
2026-08-23 19:22:53 +0200: Memory Usage (462264K) : passiv_drw has 0 polygons
2026-08-23 19:22:53 +0200: Memory Usage (462392K) : passiv_pin has 0 polygons
2026-08-23 19:22:53 +0200: Memory Usage (462392K) : passiv_sbump has 0 polygons
2026-08-23 19:22:53 +0200: Memory Usage (462520K) : passiv_pillar has 0 polygons
2026-08-23 19:22:53 +0200: Memory Usage (462520K) : passiv_pdl has 0 polygons
2026-08-23 19:22:53 +0200: Memory Usage (462648K) : metal2_drw has 25 polygons
2026-08-23 19:22:53 +0200: Memory Usage (462648K) : metal2_filler has 0 polygons
2026-08-23 19:22:53 +0200: Memory Usage (462776K) : metal2_slit has 0 polygons
2026-08-23 19:22:53 +0200: Memory Usage (462904K) : metal2 has 25 polygons
2026-08-23 19:22:53 +0200: Memory Usage (462904K) : metal2_pin has 1 polygons
2026-08-23 19:22:53 +0200: Memory Usage (463032K) : metal2_mask has 0 polygons
2026-08-23 19:22:53 +0200: Memory Usage (463160K) : metal2_nofill has 0 polygons
2026-08-23 19:22:53 +0200: Memory Usage (463160K) : metal2_text has 1 polygons
2026-08-23 19:22:53 +0200: Memory Usage (463288K) : metal2_OPC has 0 polygons
2026-08-23 19:22:53 +0200: Memory Usage (463288K) : metal2_noqrc has 0 polygons
2026-08-23 19:22:53 +0200: Memory Usage (463416K) : metal2_res has 0 polygons
2026-08-23 19:22:53 +0200: Memory Usage (463416K) : metal2_iprobe has 0 polygons
2026-08-23 19:22:53 +0200: Memory Usage (463544K) : metal2_diffprb has 0 polygons
2026-08-23 19:22:53 +0200: Memory Usage (463544K) : baspoly_drw has 0 polygons
2026-08-23 19:22:53 +0200: Memory Usage (463672K) : baspoly_pin has 0 polygons
2026-08-23 19:22:53 +0200: Memory Usage (463672K) : psd_drw has 6 polygons
2026-08-23 19:22:53 +0200: Memory Usage (463800K) : nldb_drw has 0 polygons
2026-08-23 19:22:53 +0200: Memory Usage (463928K) : digibnd_drw has 0 polygons
2026-08-23 19:22:53 +0200: Memory Usage (463928K) : via1_drw has 18 polygons
2026-08-23 19:22:53 +0200: Memory Usage (464056K) : backmetal1_drw has 0 polygons
2026-08-23 19:22:53 +0200: Memory Usage (464184K) : backmetal1_pin has 0 polygons
2026-08-23 19:22:53 +0200: Memory Usage (464184K) : backmetal1_mask has 0 polygons
2026-08-23 19:22:53 +0200: Memory Usage (464312K) : backmetal1_filler has 0 polygons
2026-08-23 19:22:53 +0200: Memory Usage (464440K) : backmetal1_nofill has 0 polygons
2026-08-23 19:22:53 +0200: Memory Usage (464440K) : backmetal1_slit has 0 polygons
2026-08-23 19:22:53 +0200: Memory Usage (464568K) : backmetal1_text has 0 polygons
2026-08-23 19:22:53 +0200: Memory Usage (464568K) : backmetal1_OPC has 0 polygons
2026-08-23 19:22:53 +0200: Memory Usage (464696K) : backmetal1_noqrc has 0 polygons
2026-08-23 19:22:53 +0200: Memory Usage (464824K) : backmetal1_res has 0 polygons
2026-08-23 19:22:53 +0200: Memory Usage (464824K) : backmetal1_iprobe has 0 polygons
2026-08-23 19:22:53 +0200: Memory Usage (464952K) : backmetal1_diffprb has 0 polygons
2026-08-23 19:22:53 +0200: Memory Usage (464952K) : backpassiv_drw has 0 polygons
2026-08-23 19:22:53 +0200: Memory Usage (465080K) : res_drw has 0 polygons
2026-08-23 19:22:53 +0200: Memory Usage (465080K) : sram_drw has 0 polygons
2026-08-23 19:22:53 +0200: Memory Usage (465208K) : trans_drw has 0 polygons
2026-08-23 19:22:53 +0200: Memory Usage (465208K) : ind_drw has 0 polygons
2026-08-23 19:22:53 +0200: Memory Usage (465336K) : ind_pin has 0 polygons
2026-08-23 19:22:53 +0200: Memory Usage (465336K) : ind_text has 0 polygons
2026-08-23 19:22:53 +0200: Memory Usage (465464K) : salblock_drw has 1 polygons
2026-08-23 19:22:53 +0200: Memory Usage (465464K) : via2_drw has 12 polygons
2026-08-23 19:22:53 +0200: Memory Usage (465720K) : metal3_drw has 11 polygons
2026-08-23 19:22:53 +0200: Memory Usage (465720K) : metal3_filler has 0 polygons
2026-08-23 19:22:53 +0200: Memory Usage (465848K) : metal3_slit has 0 polygons
2026-08-23 19:22:53 +0200: Memory Usage (465976K) : metal3 has 11 polygons
2026-08-23 19:22:53 +0200: Memory Usage (465976K) : metal3_pin has 0 polygons
2026-08-23 19:22:53 +0200: Memory Usage (466104K) : metal3_mask has 0 polygons
2026-08-23 19:22:53 +0200: Memory Usage (466232K) : metal3_nofill has 0 polygons
2026-08-23 19:22:53 +0200: Memory Usage (466232K) : metal3_text has 0 polygons
2026-08-23 19:22:53 +0200: Memory Usage (466360K) : metal3_OPC has 0 polygons
2026-08-23 19:22:53 +0200: Memory Usage (466360K) : metal3_noqrc has 0 polygons
2026-08-23 19:22:53 +0200: Memory Usage (466488K) : metal3_res has 0 polygons
2026-08-23 19:22:53 +0200: Memory Usage (466488K) : metal3_iprobe has 0 polygons
2026-08-23 19:22:53 +0200: Memory Usage (466616K) : metal3_diffprb has 0 polygons
2026-08-23 19:22:53 +0200: Memory Usage (466616K) : nwell_drw has 5 polygons
2026-08-23 19:22:53 +0200: Memory Usage (466616K) : nwell_pin has 1 polygons
2026-08-23 19:22:53 +0200: Memory Usage (466744K) : nwell_text has 0 polygons
2026-08-23 19:22:53 +0200: Memory Usage (466744K) : nbulay_drw has 0 polygons
2026-08-23 19:22:53 +0200: Memory Usage (466744K) : nbulay_pin has 0 polygons
2026-08-23 19:22:53 +0200: Memory Usage (466872K) : nbulay_block has 0 polygons
2026-08-23 19:22:53 +0200: Memory Usage (466872K) : emwind_drw has 0 polygons
2026-08-23 19:22:53 +0200: Memory Usage (466872K) : emwind_OPC has 0 polygons
2026-08-23 19:22:53 +0200: Memory Usage (466872K) : deepco_drw has 0 polygons
2026-08-23 19:22:53 +0200: Memory Usage (467000K) : mim_drw has 0 polygons
2026-08-23 19:22:53 +0200: Memory Usage (467000K) : edgeseal_drw has 0 polygons
2026-08-23 19:22:53 +0200: Memory Usage (467000K) : substrate_drw has 3 polygons
2026-08-23 19:22:53 +0200: Memory Usage (467128K) : substrate_text has 0 polygons
2026-08-23 19:22:53 +0200: Memory Usage (467128K) : dfpad_drw has 0 polygons
2026-08-23 19:22:53 +0200: Memory Usage (467128K) : dfpad_pillar has 0 polygons
2026-08-23 19:22:53 +0200: Memory Usage (467256K) : dfpad_sbump has 0 polygons
2026-08-23 19:22:53 +0200: Memory Usage (467256K) : thickgateox_drw has 0 polygons
2026-08-23 19:22:53 +0200: Memory Usage (467384K) : pldb_drw has 0 polygons
2026-08-23 19:22:53 +0200: Memory Usage (467512K) : pwell_drw has 0 polygons
2026-08-23 19:22:53 +0200: Memory Usage (467512K) : pwell_pin has 0 polygons
2026-08-23 19:22:53 +0200: Memory Usage (467640K) : pwell_block has 0 polygons
2026-08-23 19:22:53 +0200: Memory Usage (467640K) : ic_drw has 0 polygons
2026-08-23 19:22:53 +0200: Memory Usage (467768K) : via3_drw has 0 polygons
2026-08-23 19:22:53 +0200: Memory Usage (467768K) : metal4_drw has 0 polygons
2026-08-23 19:22:53 +0200: Memory Usage (467896K) : metal4_filler has 0 polygons
2026-08-23 19:22:53 +0200: Memory Usage (467896K) : metal4_slit has 0 polygons
2026-08-23 19:22:53 +0200: Memory Usage (468024K) : metal4 has 0 polygons
2026-08-23 19:22:53 +0200: Memory Usage (468152K) : metal4_pin has 0 polygons
2026-08-23 19:22:53 +0200: Memory Usage (468152K) : metal4_mask has 0 polygons
2026-08-23 19:22:53 +0200: Memory Usage (468280K) : metal4_nofill has 0 polygons
2026-08-23 19:22:53 +0200: Memory Usage (468408K) : metal4_text has 0 polygons
2026-08-23 19:22:53 +0200: Memory Usage (468408K) : metal4_OPC has 0 polygons
2026-08-23 19:22:53 +0200: Memory Usage (468536K) : metal4_noqrc has 0 polygons
2026-08-23 19:22:53 +0200: Memory Usage (468536K) : metal4_res has 0 polygons
2026-08-23 19:22:53 +0200: Memory Usage (468664K) : metal4_iprobe has 0 polygons
2026-08-23 19:22:53 +0200: Memory Usage (468664K) : metal4_diffprb has 0 polygons
2026-08-23 19:22:53 +0200: Memory Usage (468792K) : heattrans_drw has 8 polygons
2026-08-23 19:22:53 +0200: Memory Usage (468792K) : heatres_drw has 1 polygons
2026-08-23 19:22:53 +0200: Memory Usage (468920K) : fbe_drw has 0 polygons
2026-08-23 19:22:53 +0200: Memory Usage (469048K) : empoly_drw has 0 polygons
2026-08-23 19:22:53 +0200: Memory Usage (469048K) : digisub_drw has 0 polygons
2026-08-23 19:22:53 +0200: Memory Usage (469176K) : text_drw has 11 polygons
2026-08-23 19:22:53 +0200: Memory Usage (469176K) : via4_drw has 0 polygons
2026-08-23 19:22:53 +0200: Memory Usage (469176K) : metal5_drw has 0 polygons
2026-08-23 19:22:53 +0200: Memory Usage (469304K) : metal5_filler has 0 polygons
2026-08-23 19:22:53 +0200: Memory Usage (469304K) : metal5_slit has 0 polygons
2026-08-23 19:22:53 +0200: Memory Usage (469304K) : metal5 has 0 polygons
2026-08-23 19:22:53 +0200: Memory Usage (469432K) : metal5_pin has 0 polygons
2026-08-23 19:22:53 +0200: Memory Usage (469432K) : metal5_mask has 0 polygons
2026-08-23 19:22:53 +0200: Memory Usage (469560K) : metal5_nofill has 0 polygons
2026-08-23 19:22:53 +0200: Memory Usage (469560K) : metal5_text has 0 polygons
2026-08-23 19:22:53 +0200: Memory Usage (469688K) : metal5_OPC has 0 polygons
2026-08-23 19:22:53 +0200: Memory Usage (469688K) : metal5_noqrc has 0 polygons
2026-08-23 19:22:53 +0200: Memory Usage (469816K) : metal5_res has 0 polygons
2026-08-23 19:22:53 +0200: Memory Usage (469816K) : metal5_iprobe has 0 polygons
2026-08-23 19:22:53 +0200: Memory Usage (469944K) : metal5_diffprb has 0 polygons
2026-08-23 19:22:53 +0200: Memory Usage (470072K) : radhard_drw has 0 polygons
2026-08-23 19:22:53 +0200: Memory Usage (470072K) : memcap_drw has 0 polygons
2026-08-23 19:22:53 +0200: Memory Usage (470200K) : varicap_drw has 0 polygons
2026-08-23 19:22:53 +0200: Memory Usage (470200K) : intbondvia_drw has 0 polygons
2026-08-23 19:22:53 +0200: Memory Usage (470328K) : intbondmet_drw has 0 polygons
2026-08-23 19:22:53 +0200: Memory Usage (470328K) : devbondvia_drw has 0 polygons
2026-08-23 19:22:53 +0200: Memory Usage (470456K) : devbondmet_drw has 0 polygons
2026-08-23 19:22:53 +0200: Memory Usage (470456K) : devtrench_drw has 0 polygons
2026-08-23 19:22:53 +0200: Memory Usage (470584K) : redist_drw has 0 polygons
2026-08-23 19:22:53 +0200: Memory Usage (470584K) : graphbot_drw has 0 polygons
2026-08-23 19:22:53 +0200: Memory Usage (470712K) : graphtop_drw has 0 polygons
2026-08-23 19:22:53 +0200: Memory Usage (470840K) : antvia1_drw has 0 polygons
2026-08-23 19:22:53 +0200: Memory Usage (470840K) : antmetal2_drw has 0 polygons
2026-08-23 19:22:53 +0200: Memory Usage (470968K) : graphcont_drw has 0 polygons
2026-08-23 19:22:53 +0200: Memory Usage (470968K) : siwg_drw has 0 polygons
2026-08-23 19:22:53 +0200: Memory Usage (471096K) : siwg_filler has 0 polygons
2026-08-23 19:22:53 +0200: Memory Usage (471096K) : siwg_nofill has 0 polygons
2026-08-23 19:22:53 +0200: Memory Usage (471224K) : sigrating_drw has 0 polygons
2026-08-23 19:22:53 +0200: Memory Usage (471224K) : singrating_drw has 0 polygons
2026-08-23 19:22:53 +0200: Memory Usage (471352K) : graphpas_drw has 0 polygons
2026-08-23 19:22:53 +0200: Memory Usage (471352K) : emwind3_drw has 0 polygons
2026-08-23 19:22:53 +0200: Memory Usage (471480K) : emwihv3_drw has 0 polygons
2026-08-23 19:22:53 +0200: Memory Usage (471480K) : redbulay_drw has 0 polygons
2026-08-23 19:22:53 +0200: Memory Usage (471480K) : smos_drw has 0 polygons
2026-08-23 19:22:53 +0200: Memory Usage (471480K) : graphpad_drw has 0 polygons
2026-08-23 19:22:53 +0200: Memory Usage (471608K) : polimide_drw has 0 polygons
2026-08-23 19:22:53 +0200: Memory Usage (471608K) : polimide_pin has 0 polygons
2026-08-23 19:22:53 +0200: Memory Usage (471608K) : recog_drw has 0 polygons
2026-08-23 19:22:53 +0200: Memory Usage (471736K) : recog_pin has 0 polygons
2026-08-23 19:22:53 +0200: Memory Usage (471736K) : recog_esd has 0 polygons
2026-08-23 19:22:53 +0200: Memory Usage (471736K) : recog_diode has 0 polygons
2026-08-23 19:22:53 +0200: Memory Usage (471864K) : recog_tsv has 0 polygons
2026-08-23 19:22:53 +0200: Memory Usage (471992K) : recog_iprobe has 0 polygons
2026-08-23 19:22:53 +0200: Memory Usage (471992K) : recog_diffprb has 0 polygons
2026-08-23 19:22:53 +0200: Memory Usage (472120K) : recog_pillar has 0 polygons
2026-08-23 19:22:53 +0200: Memory Usage (472120K) : recog_sbump has 0 polygons
2026-08-23 19:22:53 +0200: Memory Usage (472248K) : recog_otp has 0 polygons
2026-08-23 19:22:53 +0200: Memory Usage (472248K) : recog_pdiode has 0 polygons
2026-08-23 19:22:53 +0200: Memory Usage (472376K) : recog_mom has 0 polygons
2026-08-23 19:22:53 +0200: Memory Usage (472376K) : recog_pcm has 0 polygons
2026-08-23 19:22:53 +0200: Memory Usage (472504K) : colopen_drw has 0 polygons
2026-08-23 19:22:53 +0200: Memory Usage (472504K) : graphmetal1_drw has 0 polygons
2026-08-23 19:22:53 +0200: Memory Usage (472632K) : graphmetal1_filler has 0 polygons
2026-08-23 19:22:53 +0200: Memory Usage (472760K) : graphmetal1_nofill has 0 polygons
2026-08-23 19:22:53 +0200: Memory Usage (472760K) : graphmetal1_slit has 0 polygons
2026-08-23 19:22:53 +0200: Memory Usage (472888K) : graphmetal1_OPC has 0 polygons
2026-08-23 19:22:53 +0200: Memory Usage (472888K) : graphmet1l_drw has 0 polygons
2026-08-23 19:22:53 +0200: Memory Usage (473016K) : graphmet1l_filler has 0 polygons
2026-08-23 19:22:53 +0200: Memory Usage (473016K) : graphmet1l_nofill has 0 polygons
2026-08-23 19:22:53 +0200: Memory Usage (473144K) : graphmet1l_slit has 0 polygons
2026-08-23 19:22:53 +0200: Memory Usage (473144K) : graphmet1l_OPC has 0 polygons
2026-08-23 19:22:53 +0200: Memory Usage (473272K) : extblock_drw has 3 polygons
2026-08-23 19:22:53 +0200: Memory Usage (473400K) : nldd_drw has 0 polygons
2026-08-23 19:22:53 +0200: Memory Usage (473400K) : pldd_drw has 0 polygons
2026-08-23 19:22:53 +0200: Memory Usage (473528K) : next_drw has 0 polygons
2026-08-23 19:22:53 +0200: Memory Usage (473528K) : pext_drw has 0 polygons
2026-08-23 19:22:53 +0200: Memory Usage (473656K) : nexthv_drw has 0 polygons
2026-08-23 19:22:53 +0200: Memory Usage (473656K) : pexthv_drw has 0 polygons
2026-08-23 19:22:53 +0200: Memory Usage (473784K) : graphgate_drw has 0 polygons
2026-08-23 19:22:53 +0200: Memory Usage (473784K) : sinwg_drw has 0 polygons
2026-08-23 19:22:53 +0200: Memory Usage (473912K) : sinwg_filler has 0 polygons
2026-08-23 19:22:53 +0200: Memory Usage (473912K) : sinwg_nofill has 0 polygons
2026-08-23 19:22:53 +0200: Memory Usage (473912K) : mempad_drw has 0 polygons
2026-08-23 19:22:53 +0200: Memory Usage (473912K) : topvia1_drw has 0 polygons
2026-08-23 19:22:53 +0200: Memory Usage (473912K) : topmetal1_drw has 0 polygons
2026-08-23 19:22:53 +0200: Memory Usage (473912K) : topmetal1_filler has 0 polygons
2026-08-23 19:22:53 +0200: Memory Usage (473912K) : topmetal1_slit has 0 polygons
2026-08-23 19:22:53 +0200: Memory Usage (474040K) : topmetal1 has 0 polygons
2026-08-23 19:22:53 +0200: Memory Usage (474168K) : topmetal1_pin has 0 polygons
2026-08-23 19:22:53 +0200: Memory Usage (474296K) : topmetal1_mask has 0 polygons
2026-08-23 19:22:53 +0200: Memory Usage (474296K) : topmetal1_nofill has 0 polygons
2026-08-23 19:22:53 +0200: Memory Usage (474424K) : topmetal1_text has 0 polygons
2026-08-23 19:22:53 +0200: Memory Usage (474424K) : topmetal1_noqrc has 0 polygons
2026-08-23 19:22:53 +0200: Memory Usage (474552K) : topmetal1_res has 0 polygons
2026-08-23 19:22:53 +0200: Memory Usage (474552K) : topmetal1_iprobe has 0 polygons
2026-08-23 19:22:53 +0200: Memory Usage (474680K) : topmetal1_diffprb has 0 polygons
2026-08-23 19:22:53 +0200: Memory Usage (474680K) : inldpwl_drw has 0 polygons
2026-08-23 19:22:53 +0200: Memory Usage (474808K) : polyres_drw has 1 polygons
2026-08-23 19:22:53 +0200: Memory Usage (474808K) : polyres_pin has 0 polygons
2026-08-23 19:22:53 +0200: Memory Usage (474936K) : vmim_drw has 0 polygons
2026-08-23 19:22:53 +0200: Memory Usage (475064K) : nbulaycut_drw has 0 polygons
2026-08-23 19:22:53 +0200: Memory Usage (475064K) : antmetal1_drw has 0 polygons
2026-08-23 19:22:53 +0200: Memory Usage (475192K) : topvia2_drw has 0 polygons
2026-08-23 19:22:53 +0200: Memory Usage (475192K) : topmetal2_drw has 0 polygons
2026-08-23 19:22:53 +0200: Memory Usage (475320K) : topmetal2_filler has 0 polygons
2026-08-23 19:22:53 +0200: Memory Usage (475320K) : topmetal2_slit has 0 polygons
2026-08-23 19:22:53 +0200: Memory Usage (475448K) : topmetal2 has 0 polygons
2026-08-23 19:22:53 +0200: Memory Usage (475576K) : topmetal2_pin has 0 polygons
2026-08-23 19:22:53 +0200: Memory Usage (475576K) : topmetal2_mask has 0 polygons
2026-08-23 19:22:53 +0200: Memory Usage (475704K) : topmetal2_nofill has 0 polygons
2026-08-23 19:22:53 +0200: Memory Usage (475704K) : topmetal2_text has 0 polygons
2026-08-23 19:22:53 +0200: Memory Usage (475832K) : topmetal2_noqrc has 0 polygons
2026-08-23 19:22:53 +0200: Memory Usage (475832K) : topmetal2_res has 0 polygons
2026-08-23 19:22:53 +0200: Memory Usage (475960K) : topmetal2_iprobe has 0 polygons
2026-08-23 19:22:53 +0200: Memory Usage (476088K) : topmetal2_diffprb has 0 polygons
2026-08-23 19:22:53 +0200: Memory Usage (476088K) : snsring_drw has 0 polygons
2026-08-23 19:22:53 +0200: Memory Usage (476216K) : sensor_drw has 0 polygons
2026-08-23 19:22:53 +0200: Memory Usage (476216K) : snsarms_drw has 0 polygons
2026-08-23 19:22:53 +0200: Memory Usage (476344K) : snscmosvia_drw has 0 polygons
2026-08-23 19:22:53 +0200: Memory Usage (476344K) : colwind_drw has 0 polygons
2026-08-23 19:22:53 +0200: Memory Usage (476472K) : flm_drw has 0 polygons
2026-08-23 19:22:53 +0200: Memory Usage (476472K) : hafniumox_drw has 0 polygons
2026-08-23 19:22:53 +0200: Memory Usage (476600K) : memvia_drw has 0 polygons
2026-08-23 19:22:53 +0200: Memory Usage (476728K) : thinfilmres_drw has 0 polygons
2026-08-23 19:22:53 +0200: Memory Usage (476728K) : rfmem_drw has 0 polygons
2026-08-23 19:22:53 +0200: Memory Usage (476856K) : norcx_drw has 0 polygons
2026-08-23 19:22:53 +0200: Memory Usage (476856K) : norcx_m2m3 has 0 polygons
2026-08-23 19:22:53 +0200: Memory Usage (476984K) : norcx_m2m4 has 0 polygons
2026-08-23 19:22:53 +0200: Memory Usage (476984K) : norcx_m2m5 has 0 polygons
2026-08-23 19:22:53 +0200: Memory Usage (477112K) : norcx_m2tm1 has 0 polygons
2026-08-23 19:22:53 +0200: Memory Usage (477112K) : norcx_m2tm2 has 0 polygons
2026-08-23 19:22:53 +0200: Memory Usage (477240K) : norcx_m3m4 has 0 polygons
2026-08-23 19:22:53 +0200: Memory Usage (477240K) : norcx_m3m5 has 0 polygons
2026-08-23 19:22:53 +0200: Memory Usage (477368K) : norcx_m3tm1 has 0 polygons
2026-08-23 19:22:53 +0200: Memory Usage (477496K) : norcx_m3tm2 has 0 polygons
2026-08-23 19:22:53 +0200: Memory Usage (477496K) : norcx_m4m5 has 0 polygons
2026-08-23 19:22:53 +0200: Memory Usage (477624K) : norcx_m4tm1 has 0 polygons
2026-08-23 19:22:53 +0200: Memory Usage (477624K) : norcx_m4tm2 has 0 polygons
2026-08-23 19:22:53 +0200: Memory Usage (477752K) : norcx_m5tm1 has 0 polygons
2026-08-23 19:22:53 +0200: Memory Usage (477752K) : norcx_m5tm2 has 0 polygons
2026-08-23 19:22:53 +0200: Memory Usage (477880K) : norcx_tm1tm2 has 0 polygons
2026-08-23 19:22:53 +0200: Memory Usage (477880K) : norcx_m1sub has 0 polygons
2026-08-23 19:22:53 +0200: Memory Usage (478008K) : norcx_m2sub has 0 polygons
2026-08-23 19:22:53 +0200: Memory Usage (478136K) : norcx_m3sub has 0 polygons
2026-08-23 19:22:53 +0200: Memory Usage (478136K) : norcx_m4sub has 0 polygons
2026-08-23 19:22:53 +0200: Memory Usage (478264K) : norcx_m5sub has 0 polygons
2026-08-23 19:22:53 +0200: Memory Usage (478264K) : norcx_tm1sub has 0 polygons
2026-08-23 19:22:53 +0200: Memory Usage (478392K) : norcx_tm2sub has 0 polygons
2026-08-23 19:22:53 +0200: Memory Usage (478392K) : snsbotvia_drw has 0 polygons
2026-08-23 19:22:53 +0200: Memory Usage (478520K) : snstopvia_drw has 0 polygons
2026-08-23 19:22:53 +0200: Memory Usage (478520K) : deepvia_drw has 0 polygons
2026-08-23 19:22:53 +0200: Memory Usage (478648K) : fgetch_drw has 0 polygons
2026-08-23 19:22:53 +0200: Memory Usage (478648K) : ctrgat_drw has 0 polygons
2026-08-23 19:22:53 +0200: Memory Usage (478776K) : fgimp_drw has 0 polygons
2026-08-23 19:22:53 +0200: Memory Usage (478904K) : emwihv_drw has 0 polygons
2026-08-23 19:22:53 +0200: Memory Usage (478904K) : lbe_drw has 0 polygons
2026-08-23 19:22:53 +0200: Memory Usage (479032K) : alcustop_drw has 0 polygons
2026-08-23 19:22:53 +0200: Memory Usage (479032K) : nometfiller_drw has 0 polygons
2026-08-23 19:22:53 +0200: Memory Usage (479160K) : prboundary_drw has 0 polygons
2026-08-23 19:22:53 +0200: Memory Usage (479160K) : exchange0_drw has 0 polygons
2026-08-23 19:22:53 +0200: Memory Usage (479288K) : exchange0_pin has 0 polygons
2026-08-23 19:22:53 +0200: Memory Usage (479288K) : exchange0_text has 0 polygons
2026-08-23 19:22:53 +0200: Memory Usage (479416K) : exchange1_drw has 0 polygons
2026-08-23 19:22:53 +0200: Memory Usage (479416K) : exchange1_pin has 0 polygons
2026-08-23 19:22:53 +0200: Memory Usage (479544K) : exchange1_text has 0 polygons
2026-08-23 19:22:53 +0200: Memory Usage (479544K) : exchange2_drw has 0 polygons
2026-08-23 19:22:53 +0200: Memory Usage (479672K) : exchange2_pin has 0 polygons
2026-08-23 19:22:53 +0200: Memory Usage (479800K) : exchange2_text has 0 polygons
2026-08-23 19:22:53 +0200: Memory Usage (479800K) : exchange3_drw has 0 polygons
2026-08-23 19:22:53 +0200: Memory Usage (479928K) : exchange3_pin has 0 polygons
2026-08-23 19:22:53 +0200: Memory Usage (479928K) : exchange3_text has 0 polygons
2026-08-23 19:22:53 +0200: Memory Usage (480056K) : exchange4_drw has 0 polygons
2026-08-23 19:22:53 +0200: Memory Usage (480056K) : exchange4_pin has 0 polygons
2026-08-23 19:22:53 +0200: Memory Usage (480184K) : exchange4_text has 0 polygons
2026-08-23 19:22:53 +0200: Memory Usage (480184K) : isonwell_drw has 0 polygons
2026-08-23 19:22:53 +0200: Memory Usage (480184K) : Total no. of polygons in the design is 344
2026-08-23 19:22:53 +0200: Memory Usage (480184K) : Starting CMOS5L Forbidden Layer Check
2026-08-23 19:22:53 +0200: Memory Usage (480312K) : CMOS5L Forbidden Layer Check: PASSED - No forbidden layers found
2026-08-23 19:22:53 +0200: Memory Usage (480440K) : CMOS5L Forbidden Layer Check: PASSED
2026-08-23 19:22:53 +0200: Memory Usage (480440K) : Starting base layers derivations
2026-08-23 19:22:53 +0200: Memory Usage (480440K) : Starting general LVS derivations
2026-08-23 19:22:53 +0200: Memory Usage (485068K) : Starting MOSFET DERIVATIONS
2026-08-23 19:22:53 +0200: Memory Usage (487116K) : Starting NMOS DERIVATIONS
2026-08-23 19:22:53 +0200: Memory Usage (487372K) : Starting PMOS DERIVATIONS
2026-08-23 19:22:53 +0200: Memory Usage (487628K) : Starting RF-MOSFET DERIVATIONS
2026-08-23 19:22:53 +0200: Memory Usage (487628K) : Starting RF-NMOS DERIVATIONS
2026-08-23 19:22:53 +0200: Memory Usage (487884K) : Starting RF-PMOS DERIVATIONS
2026-08-23 19:22:53 +0200: Memory Usage (488140K) : Starting BJT DERIVATIONS
2026-08-23 19:22:53 +0200: Memory Usage (488140K) : Starting NPN-BJT DERIVATIONS
2026-08-23 19:22:53 +0200: Memory Usage (489036K) : Starting PNP-BJT DERIVATIONS
2026-08-23 19:22:53 +0200: Memory Usage (489036K) : Starting DIODE DERIVATIONS
2026-08-23 19:22:53 +0200: Memory Usage (489164K) : Starting RESISTOR DERIVATIONS
2026-08-23 19:22:54 +0200: Memory Usage (489548K) : Starting CAP DERIVATIONS
2026-08-23 19:22:54 +0200: Memory Usage (489548K) : Starting CAP_MFRINGE DERIVATIONS
2026-08-23 19:22:54 +0200: Memory Usage (489548K) : Starting ESD DERIVATIONS
2026-08-23 19:22:54 +0200: Memory Usage (489548K) : Starting Inductor DERIVATIONS
2026-08-23 19:22:54 +0200: Memory Usage (490316K) : Starting Taps DERIVATIONS
2026-08-23 19:22:54 +0200: Memory Usage (491084K) : Starting SG13G2 LVS connectivity setup
2026-08-23 19:22:54 +0200: Memory Usage (491084K) : Starting SG13G2 LVS connectivity setup (Inter-layer)
2026-08-23 19:22:54 +0200: Memory Usage (491212K) : Starting SG13G2 LVS connectivity setup (Global)
2026-08-23 19:22:54 +0200: Memory Usage (491212K) : Starting LVS MOSFET CONNECTIONS
2026-08-23 19:22:54 +0200: Memory Usage (491212K) : Starting LVS RF-MOSFET CONNECTIONS
2026-08-23 19:22:54 +0200: Memory Usage (491212K) : Starting LVS BJT CONNECTIONS
2026-08-23 19:22:54 +0200: Memory Usage (491212K) : Starting LVS DIODE CONNECTIONS
2026-08-23 19:22:54 +0200: Memory Usage (491212K) : Starting RESISTOR CONNECTIONS
2026-08-23 19:22:54 +0200: Memory Usage (491212K) : Starting LVS CAP CONNECTIONS
2026-08-23 19:22:54 +0200: Memory Usage (491212K) : Starting ESD CONNECTIONS
2026-08-23 19:22:54 +0200: Memory Usage (491212K) : Starting Inductor CONNECTIONS
2026-08-23 19:22:54 +0200: Memory Usage (491212K) : Starting LVS Taps CONNECTIONS
2026-08-23 19:22:54 +0200: Memory Usage (491212K) : Starting CAP_MFRINGE CONNECTIONS
2026-08-23 19:22:54 +0200: Memory Usage (491212K) : Starting SG13CMOS5L LVS DEVICES EXTRACTION
2026-08-23 19:22:54 +0200: Memory Usage (491212K) : Starting MOSFET EXTRACTION
2026-08-23 19:22:54 +0200: Memory Usage (491212K) : Starting NMOS EXTRACTION
2026-08-23 19:22:54 +0200: Memory Usage (491212K) : Extraction of NMOS-LV transistor
2026-08-23 19:22:54 +0200: Memory Usage (491468K) : Extraction of NMOS-HV transistor
2026-08-23 19:22:54 +0200: Memory Usage (491468K) : Starting PMOS EXTRACTION
2026-08-23 19:22:54 +0200: Memory Usage (491468K) : Extraction of PMOS-LV transistor
2026-08-23 19:22:54 +0200: Memory Usage (491468K) : Extraction of PMOS-HV transistor
2026-08-23 19:22:54 +0200: Memory Usage (491468K) : Starting RF-MOSFET EXTRACTION
2026-08-23 19:22:54 +0200: Memory Usage (491468K) : Extraction of RF-NMOS-LV transistor
2026-08-23 19:22:54 +0200: Memory Usage (491468K) : Extraction of RF-NMOS-HV transistor
2026-08-23 19:22:54 +0200: Memory Usage (491468K) : Extraction of RF-PMOS-LV transistor
2026-08-23 19:22:54 +0200: Memory Usage (491468K) : Extraction of RF-PMOS-HV transistor
2026-08-23 19:22:54 +0200: Memory Usage (491468K) : Starting BJT EXTRACTION
2026-08-23 19:22:54 +0200: Memory Usage (491468K) : Starting NPN-BJT EXTRACTION
2026-08-23 19:22:54 +0200: Memory Usage (491468K) : Extraction of npn13G2 BJT transistor
2026-08-23 19:22:54 +0200: Memory Usage (491468K) : Extraction of npn13G2L BJT transistor
2026-08-23 19:22:54 +0200: Memory Usage (491468K) : Extraction of npn13G2V BJT transistor
2026-08-23 19:22:54 +0200: Memory Usage (491468K) : Starting PNP-BJT EXTRACTION
2026-08-23 19:22:54 +0200: Memory Usage (491468K) : Extracting pnpMPA BJT
2026-08-23 19:22:54 +0200: Memory Usage (491468K) : Starting DIODE EXTRACTION
2026-08-23 19:22:54 +0200: Memory Usage (491468K) : Extracting dantenna diode
2026-08-23 19:22:54 +0200: Memory Usage (491468K) : Extracting dpantenna diode
2026-08-23 19:22:54 +0200: Memory Usage (491468K) : Extracting schottky_nbl1 diode
2026-08-23 19:22:54 +0200: Memory Usage (491468K) : Extracting isolbox diode
2026-08-23 19:22:54 +0200: Memory Usage (491468K) : Starting RESISTOR EXTRACTION
2026-08-23 19:22:54 +0200: Memory Usage (491468K) : Extracting rsil resistor
2026-08-23 19:22:54 +0200: Memory Usage (491468K) : Extracting rppd resistor
2026-08-23 19:22:54 +0200: Memory Usage (491596K) : Extracting rhigh resistor
2026-08-23 19:22:54 +0200: Memory Usage (491596K) : Extracting res_metal1 resistor
2026-08-23 19:22:54 +0200: Memory Usage (491596K) : Extracting res_metal2 resistor
2026-08-23 19:22:54 +0200: Memory Usage (491596K) : Extracting res_metal3 resistor
2026-08-23 19:22:54 +0200: Memory Usage (491596K) : Extracting res_metal4 resistor
2026-08-23 19:22:54 +0200: Memory Usage (491596K) : Extracting res_metal5 resistor
2026-08-23 19:22:54 +0200: Memory Usage (491596K) : Extracting res_topmetal1 resistor
2026-08-23 19:22:54 +0200: Memory Usage (491596K) : Extracting res_topmetal2 resistor
2026-08-23 19:22:54 +0200: Memory Usage (491596K) : Starting CAP EXTRACTION
2026-08-23 19:22:54 +0200: Memory Usage (491596K) : Extracting cap_cmim device
2026-08-23 19:22:54 +0200: Memory Usage (491596K) : Extracting rfcmim device
2026-08-23 19:22:54 +0200: Memory Usage (491596K) : Extracting sg13_hv_svaricap varactor
2026-08-23 19:22:54 +0200: Memory Usage (491596K) : Extracting cap_mfringe device
2026-08-23 19:22:54 +0200: Memory Usage (491596K) : Starting ESD EXTRACTION
2026-08-23 19:22:54 +0200: Memory Usage (491596K) : Extracting diodevdd_2kv ESD device
2026-08-23 19:22:54 +0200: Memory Usage (491596K) : Extracting diodevdd_4kv ESD device
2026-08-23 19:22:54 +0200: Memory Usage (491596K) : Extracting diodevss_2kv ESD device
2026-08-23 19:22:54 +0200: Memory Usage (491596K) : Extracting diodevss_4kv ESD device
2026-08-23 19:22:54 +0200: Memory Usage (491596K) : Extracting idiodevdd_2kv ESD device
2026-08-23 19:22:54 +0200: Memory Usage (491596K) : Extracting idiodevdd_4kv ESD device
2026-08-23 19:22:54 +0200: Memory Usage (491596K) : Extracting idiodevss_2kv ESD device
2026-08-23 19:22:54 +0200: Memory Usage (491596K) : Extracting idiodevss_4kv ESD device
2026-08-23 19:22:54 +0200: Memory Usage (491596K) : Extracting nmoscl_2 ESD device
2026-08-23 19:22:54 +0200: Memory Usage (491596K) : Extracting nmoscl_4 ESD device
2026-08-23 19:22:54 +0200: Memory Usage (491596K) : Starting Inductor EXTRACTION
2026-08-23 19:22:54 +0200: Memory Usage (491596K) : Extracting Inductor2 device
2026-08-23 19:22:54 +0200: Memory Usage (491596K) : Extracting Inductor3 device
2026-08-23 19:22:54 +0200: Memory Usage (491596K) : Starting Taps EXTRACTION
2026-08-23 19:22:54 +0200: Memory Usage (491596K) : DISABLE_TAP_EXTRACTION is enabled: skipping ntap1/ptap1 device extraction.
2026-08-23 19:22:54 +0200: Memory Usage (491596K) : Starting SG13CMOS5L LVS RF MOS Model Mapping
2026-08-23 19:22:54 +0200: Memory Usage (491724K) : [layout_netlist] Apply RF MOS model mapping and rfmode parameter.
2026-08-23 19:22:54 +0200: Memory Usage (491724K) : Starting SG13CMOS5L LVS Options Preparations
2026-08-23 19:22:54 +0200: Memory Usage (491724K) : SG13CMOS5L LVS flow: extraction -> alignment -> option preparation -> comparison.
2026-08-23 19:22:54 +0200: Memory Usage (491724K) : Starting SG13CMOS5L LVS Alignment
2026-08-23 19:22:54 +0200: Memory Usage (491852K) : Starting SG13CMOS5L LVS Simplification
2026-08-23 19:22:54 +0200: Memory Usage (491852K) : [layout_netlist] simplify: ENABLED
2026-08-23 19:22:54 +0200: Memory Usage (491852K) : [layout_netlist] make_top_level_pins: SKIPPED
2026-08-23 19:22:54 +0200: Memory Usage (491852K) : [layout_netlist] combine_devices: SKIPPED
2026-08-23 19:22:54 +0200: Memory Usage (491852K) : [layout_netlist] purge: SKIPPED
2026-08-23 19:22:54 +0200: Memory Usage (491852K) : [layout_netlist] purge_nets: SKIPPED
2026-08-23 19:22:54 +0200: Memory Usage (491852K) : [schematic_netlist] simplify: ENABLED
2026-08-23 19:22:54 +0200: Memory Usage (491852K) : [schematic_netlist] make_top_level_pins: SKIPPED
2026-08-23 19:22:54 +0200: Memory Usage (491852K) : [schematic_netlist] combine_devices: SKIPPED
2026-08-23 19:22:54 +0200: Memory Usage (491852K) : [schematic_netlist] purge: SKIPPED
2026-08-23 19:22:54 +0200: Memory Usage (491852K) : [schematic_netlist] purge_nets: SKIPPED
2026-08-23 19:22:54 +0200: Memory Usage (491852K) : Starting SG13CMOS5L LVS Comparison in strict port mode.
2026-08-23 19:22:54 +0200: Memory Usage (491852K) : flag_missing_ports enabled: missing/mislabeled top-level ports are treated as errors.
2026-08-23 19:22:54 +0200: Memory Usage (491980K) : ==========================================
2026-08-23 19:22:54 +0200: Memory Usage (491980K) : INFO : Congratulations! Netlists match.
2026-08-23 19:22:54 +0200: Memory Usage (491980K) : ==========================================
2026-08-23 19:22:54 +0200: Memory Usage (491980K) : LVS Total Run time 0.958479 seconds
2026-08-23 19:44:39 +0200: Memory Usage (457508K) : Starting running SG13CMOS5L Klayout LVS runset on /foss/designs/CHIP-PLL/layout/CP/curr_source/curr_source.gds
2026-08-23 19:44:39 +0200: Memory Usage (457508K) : Ruby Version for klayout: 3.2.3
2026-08-23 19:44:39 +0200: Memory Usage (458976K) : Loading database to memory is complete.
2026-08-23 19:44:39 +0200: Memory Usage (458976K) : SG13CMOS5L Klayout LVS runset output at: /foss/designs/CHIP-PLL/layout/CP/lvs/curr_source.lvsdb
2026-08-23 19:44:39 +0200: Memory Usage (458976K) : Evaluate switches.
2026-08-23 19:44:39 +0200: Memory Usage (458976K) : Extracted netlist with net names: true
2026-08-23 19:44:39 +0200: Memory Usage (458976K) : Extracted netlist with comments in details: false
2026-08-23 19:44:39 +0200: Memory Usage (458976K) : Selected NET_ONLY option: false
2026-08-23 19:44:39 +0200: Memory Usage (458976K) : Selected LAYOUT_NETLIST option: (none)
2026-08-23 19:44:39 +0200: Memory Usage (458976K) : Selected IGNORE_TOP_PORTS_MISMATCH option: 
2026-08-23 19:44:39 +0200: Memory Usage (458976K) : Selected IMPLICIT_NETS option: (none)
2026-08-23 19:44:39 +0200: Memory Usage (458976K) : Selected TOP_LVL_PINS option: false
2026-08-23 19:44:39 +0200: Memory Usage (458976K) : Selected COMBINE DEVICES option: false
2026-08-23 19:44:39 +0200: Memory Usage (458976K) : Selected PURGE option: false
2026-08-23 19:44:39 +0200: Memory Usage (458976K) : Selected PURGE_NETS option: false
2026-08-23 19:44:39 +0200: Memory Usage (458976K) : Selected SIMPLIFY option: true
2026-08-23 19:44:39 +0200: Memory Usage (458976K) : Selected SERIES_RES option: true
2026-08-23 19:44:39 +0200: Memory Usage (458976K) : Selected PARALLEL_RES option: true
2026-08-23 19:44:39 +0200: Memory Usage (458976K) : Selected DISABLE_TAP_EXTRACTION option: true
2026-08-23 19:44:39 +0200: Memory Usage (458976K) : deep  mode is enabled.
2026-08-23 19:44:39 +0200: Memory Usage (459232K) : Netlist file: /foss/designs/CHIP-PLL/layout/CP/netlists/charge_pump_cell.spice
2026-08-23 19:44:39 +0200: Memory Usage (459232K) : LVS extracted netlist at: /foss/designs/CHIP-PLL/layout/CP/lvs/curr_source_extracted.cir
2026-08-23 19:44:39 +0200: Memory Usage (459232K) : Applying SRAM integration support.
2026-08-23 19:44:39 +0200: Memory Usage (459232K) : Starting SG13CMOS5L LVS runset
2026-08-23 19:44:39 +0200: Memory Usage (459232K) : Read in polygons from layers.
2026-08-23 19:44:39 +0200: Memory Usage (460144K) : activ_drw has 26 polygons
2026-08-23 19:44:39 +0200: Memory Usage (460144K) : activ_filler has 0 polygons
2026-08-23 19:44:39 +0200: Memory Usage (460320K) : activ has 26 polygons
2026-08-23 19:44:39 +0200: Memory Usage (460320K) : activ_pin has 0 polygons
2026-08-23 19:44:39 +0200: Memory Usage (460320K) : activ_mask has 0 polygons
2026-08-23 19:44:39 +0200: Memory Usage (460320K) : activ_nofill has 0 polygons
2026-08-23 19:44:39 +0200: Memory Usage (460448K) : activ_OPC has 0 polygons
2026-08-23 19:44:39 +0200: Memory Usage (460448K) : activ_iOPC has 0 polygons
2026-08-23 19:44:39 +0200: Memory Usage (460448K) : activ_noqrc has 0 polygons
2026-08-23 19:44:39 +0200: Memory Usage (460448K) : biwind_drw has 0 polygons
2026-08-23 19:44:39 +0200: Memory Usage (460448K) : biwind_OPC has 0 polygons
2026-08-23 19:44:39 +0200: Memory Usage (460448K) : gatpoly_drw has 21 polygons
2026-08-23 19:44:39 +0200: Memory Usage (460448K) : gatpoly_filler has 0 polygons
2026-08-23 19:44:39 +0200: Memory Usage (460448K) : gatpoly has 21 polygons
2026-08-23 19:44:39 +0200: Memory Usage (460448K) : gatpoly_pin has 6 polygons
2026-08-23 19:44:39 +0200: Memory Usage (460448K) : gatpoly_nofill has 0 polygons
2026-08-23 19:44:39 +0200: Memory Usage (460448K) : gatpoly_OPC has 0 polygons
2026-08-23 19:44:39 +0200: Memory Usage (460448K) : gatpoly_iOPC has 0 polygons
2026-08-23 19:44:39 +0200: Memory Usage (460448K) : gatpoly_noqrc has 0 polygons
2026-08-23 19:44:39 +0200: Memory Usage (460448K) : cont_drw has 92 polygons
2026-08-23 19:44:39 +0200: Memory Usage (460448K) : cont_OPC has 0 polygons
2026-08-23 19:44:39 +0200: Memory Usage (460576K) : nsd_drw has 0 polygons
2026-08-23 19:44:39 +0200: Memory Usage (460704K) : nsd_block has 0 polygons
2026-08-23 19:44:39 +0200: Memory Usage (460976K) : metal1_drw has 68 polygons
2026-08-23 19:44:39 +0200: Memory Usage (461104K) : metal1_filler has 0 polygons
2026-08-23 19:44:39 +0200: Memory Usage (461104K) : metal1_slit has 0 polygons
2026-08-23 19:44:39 +0200: Memory Usage (461232K) : metal1 has 68 polygons
2026-08-23 19:44:39 +0200: Memory Usage (461744K) : metal1_pin has 19 polygons
2026-08-23 19:44:39 +0200: Memory Usage (461744K) : metal1_mask has 0 polygons
2026-08-23 19:44:39 +0200: Memory Usage (461744K) : metal1_nofill has 0 polygons
2026-08-23 19:44:39 +0200: Memory Usage (462008K) : metal1_text has 2 polygons
2026-08-23 19:44:39 +0200: Memory Usage (462136K) : metal1_OPC has 0 polygons
2026-08-23 19:44:39 +0200: Memory Usage (462136K) : metal1_noqrc has 0 polygons
2026-08-23 19:44:39 +0200: Memory Usage (462136K) : metal1_res has 0 polygons
2026-08-23 19:44:39 +0200: Memory Usage (462136K) : metal1_iprobe has 0 polygons
2026-08-23 19:44:39 +0200: Memory Usage (462264K) : metal1_diffprb has 0 polygons
2026-08-23 19:44:39 +0200: Memory Usage (462264K) : passiv_drw has 0 polygons
2026-08-23 19:44:39 +0200: Memory Usage (462392K) : passiv_pin has 0 polygons
2026-08-23 19:44:39 +0200: Memory Usage (462520K) : passiv_sbump has 0 polygons
2026-08-23 19:44:39 +0200: Memory Usage (462520K) : passiv_pillar has 0 polygons
2026-08-23 19:44:39 +0200: Memory Usage (462648K) : passiv_pdl has 0 polygons
2026-08-23 19:44:39 +0200: Memory Usage (462648K) : metal2_drw has 25 polygons
2026-08-23 19:44:39 +0200: Memory Usage (462776K) : metal2_filler has 0 polygons
2026-08-23 19:44:39 +0200: Memory Usage (462776K) : metal2_slit has 0 polygons
2026-08-23 19:44:39 +0200: Memory Usage (462904K) : metal2 has 25 polygons
2026-08-23 19:44:39 +0200: Memory Usage (463032K) : metal2_pin has 1 polygons
2026-08-23 19:44:39 +0200: Memory Usage (463032K) : metal2_mask has 0 polygons
2026-08-23 19:44:39 +0200: Memory Usage (463160K) : metal2_nofill has 0 polygons
2026-08-23 19:44:39 +0200: Memory Usage (463160K) : metal2_text has 1 polygons
2026-08-23 19:44:39 +0200: Memory Usage (463288K) : metal2_OPC has 0 polygons
2026-08-23 19:44:39 +0200: Memory Usage (463416K) : metal2_noqrc has 0 polygons
2026-08-23 19:44:39 +0200: Memory Usage (463416K) : metal2_res has 0 polygons
2026-08-23 19:44:39 +0200: Memory Usage (463544K) : metal2_iprobe has 0 polygons
2026-08-23 19:44:39 +0200: Memory Usage (463544K) : metal2_diffprb has 0 polygons
2026-08-23 19:44:39 +0200: Memory Usage (463672K) : baspoly_drw has 0 polygons
2026-08-23 19:44:39 +0200: Memory Usage (463672K) : baspoly_pin has 0 polygons
2026-08-23 19:44:39 +0200: Memory Usage (463800K) : psd_drw has 6 polygons
2026-08-23 19:44:39 +0200: Memory Usage (463928K) : nldb_drw has 0 polygons
2026-08-23 19:44:39 +0200: Memory Usage (463928K) : digibnd_drw has 0 polygons
2026-08-23 19:44:39 +0200: Memory Usage (464056K) : via1_drw has 18 polygons
2026-08-23 19:44:39 +0200: Memory Usage (464184K) : backmetal1_drw has 0 polygons
2026-08-23 19:44:39 +0200: Memory Usage (464312K) : backmetal1_pin has 0 polygons
2026-08-23 19:44:39 +0200: Memory Usage (464312K) : backmetal1_mask has 0 polygons
2026-08-23 19:44:39 +0200: Memory Usage (464440K) : backmetal1_filler has 0 polygons
2026-08-23 19:44:39 +0200: Memory Usage (464440K) : backmetal1_nofill has 0 polygons
2026-08-23 19:44:39 +0200: Memory Usage (464568K) : backmetal1_slit has 0 polygons
2026-08-23 19:44:39 +0200: Memory Usage (464568K) : backmetal1_text has 0 polygons
2026-08-23 19:44:39 +0200: Memory Usage (464696K) : backmetal1_OPC has 0 polygons
2026-08-23 19:44:39 +0200: Memory Usage (464696K) : backmetal1_noqrc has 0 polygons
2026-08-23 19:44:39 +0200: Memory Usage (464824K) : backmetal1_res has 0 polygons
2026-08-23 19:44:39 +0200: Memory Usage (464824K) : backmetal1_iprobe has 0 polygons
2026-08-23 19:44:39 +0200: Memory Usage (464952K) : backmetal1_diffprb has 0 polygons
2026-08-23 19:44:39 +0200: Memory Usage (465080K) : backpassiv_drw has 0 polygons
2026-08-23 19:44:39 +0200: Memory Usage (465080K) : res_drw has 0 polygons
2026-08-23 19:44:39 +0200: Memory Usage (465208K) : sram_drw has 0 polygons
2026-08-23 19:44:39 +0200: Memory Usage (465208K) : trans_drw has 0 polygons
2026-08-23 19:44:39 +0200: Memory Usage (465336K) : ind_drw has 0 polygons
2026-08-23 19:44:39 +0200: Memory Usage (465464K) : ind_pin has 0 polygons
2026-08-23 19:44:39 +0200: Memory Usage (465464K) : ind_text has 0 polygons
2026-08-23 19:44:39 +0200: Memory Usage (465592K) : salblock_drw has 1 polygons
2026-08-23 19:44:39 +0200: Memory Usage (465592K) : via2_drw has 12 polygons
2026-08-23 19:44:39 +0200: Memory Usage (465720K) : metal3_drw has 10 polygons
2026-08-23 19:44:39 +0200: Memory Usage (465720K) : metal3_filler has 0 polygons
2026-08-23 19:44:39 +0200: Memory Usage (465976K) : metal3_slit has 0 polygons
2026-08-23 19:44:39 +0200: Memory Usage (466104K) : metal3 has 10 polygons
2026-08-23 19:44:39 +0200: Memory Usage (466104K) : metal3_pin has 0 polygons
2026-08-23 19:44:39 +0200: Memory Usage (466232K) : metal3_mask has 0 polygons
2026-08-23 19:44:39 +0200: Memory Usage (466232K) : metal3_nofill has 0 polygons
2026-08-23 19:44:39 +0200: Memory Usage (466360K) : metal3_text has 0 polygons
2026-08-23 19:44:39 +0200: Memory Usage (466360K) : metal3_OPC has 0 polygons
2026-08-23 19:44:39 +0200: Memory Usage (466488K) : metal3_noqrc has 0 polygons
2026-08-23 19:44:39 +0200: Memory Usage (466488K) : metal3_res has 0 polygons
2026-08-23 19:44:39 +0200: Memory Usage (466616K) : metal3_iprobe has 0 polygons
2026-08-23 19:44:39 +0200: Memory Usage (466616K) : metal3_diffprb has 0 polygons
2026-08-23 19:44:39 +0200: Memory Usage (466744K) : nwell_drw has 5 polygons
2026-08-23 19:44:39 +0200: Memory Usage (466872K) : nwell_pin has 1 polygons
2026-08-23 19:44:39 +0200: Memory Usage (467000K) : nwell_text has 0 polygons
2026-08-23 19:44:39 +0200: Memory Usage (467000K) : nbulay_drw has 0 polygons
2026-08-23 19:44:39 +0200: Memory Usage (467000K) : nbulay_pin has 0 polygons
2026-08-23 19:44:39 +0200: Memory Usage (467000K) : nbulay_block has 0 polygons
2026-08-23 19:44:39 +0200: Memory Usage (467128K) : emwind_drw has 0 polygons
2026-08-23 19:44:39 +0200: Memory Usage (467128K) : emwind_OPC has 0 polygons
2026-08-23 19:44:39 +0200: Memory Usage (467128K) : deepco_drw has 0 polygons
2026-08-23 19:44:39 +0200: Memory Usage (467128K) : mim_drw has 0 polygons
2026-08-23 19:44:39 +0200: Memory Usage (467256K) : edgeseal_drw has 0 polygons
2026-08-23 19:44:39 +0200: Memory Usage (467256K) : substrate_drw has 3 polygons
2026-08-23 19:44:39 +0200: Memory Usage (467256K) : substrate_text has 0 polygons
2026-08-23 19:44:39 +0200: Memory Usage (467384K) : dfpad_drw has 0 polygons
2026-08-23 19:44:39 +0200: Memory Usage (467384K) : dfpad_pillar has 0 polygons
2026-08-23 19:44:39 +0200: Memory Usage (467384K) : dfpad_sbump has 0 polygons
2026-08-23 19:44:39 +0200: Memory Usage (467512K) : thickgateox_drw has 0 polygons
2026-08-23 19:44:39 +0200: Memory Usage (467512K) : pldb_drw has 0 polygons
2026-08-23 19:44:39 +0200: Memory Usage (467640K) : pwell_drw has 0 polygons
2026-08-23 19:44:39 +0200: Memory Usage (467640K) : pwell_pin has 0 polygons
2026-08-23 19:44:39 +0200: Memory Usage (467768K) : pwell_block has 0 polygons
2026-08-23 19:44:39 +0200: Memory Usage (467768K) : ic_drw has 0 polygons
2026-08-23 19:44:39 +0200: Memory Usage (467896K) : via3_drw has 0 polygons
2026-08-23 19:44:39 +0200: Memory Usage (467896K) : metal4_drw has 0 polygons
2026-08-23 19:44:39 +0200: Memory Usage (468024K) : metal4_filler has 0 polygons
2026-08-23 19:44:39 +0200: Memory Usage (468024K) : metal4_slit has 0 polygons
2026-08-23 19:44:39 +0200: Memory Usage (468280K) : metal4 has 0 polygons
2026-08-23 19:44:39 +0200: Memory Usage (468280K) : metal4_pin has 0 polygons
2026-08-23 19:44:39 +0200: Memory Usage (468408K) : metal4_mask has 0 polygons
2026-08-23 19:44:39 +0200: Memory Usage (468408K) : metal4_nofill has 0 polygons
2026-08-23 19:44:39 +0200: Memory Usage (468536K) : metal4_text has 0 polygons
2026-08-23 19:44:39 +0200: Memory Usage (468536K) : metal4_OPC has 0 polygons
2026-08-23 19:44:39 +0200: Memory Usage (468664K) : metal4_noqrc has 0 polygons
2026-08-23 19:44:39 +0200: Memory Usage (468664K) : metal4_res has 0 polygons
2026-08-23 19:44:39 +0200: Memory Usage (468792K) : metal4_iprobe has 0 polygons
2026-08-23 19:44:39 +0200: Memory Usage (468792K) : metal4_diffprb has 0 polygons
2026-08-23 19:44:39 +0200: Memory Usage (468920K) : heattrans_drw has 8 polygons
2026-08-23 19:44:39 +0200: Memory Usage (469048K) : heatres_drw has 1 polygons
2026-08-23 19:44:39 +0200: Memory Usage (469048K) : fbe_drw has 0 polygons
2026-08-23 19:44:39 +0200: Memory Usage (469176K) : empoly_drw has 0 polygons
2026-08-23 19:44:39 +0200: Memory Usage (469176K) : digisub_drw has 0 polygons
2026-08-23 19:44:39 +0200: Memory Usage (469304K) : text_drw has 11 polygons
2026-08-23 19:44:39 +0200: Memory Usage (469304K) : via4_drw has 0 polygons
2026-08-23 19:44:39 +0200: Memory Usage (469432K) : metal5_drw has 0 polygons
2026-08-23 19:44:39 +0200: Memory Usage (469432K) : metal5_filler has 0 polygons
2026-08-23 19:44:39 +0200: Memory Usage (469560K) : metal5_slit has 0 polygons
2026-08-23 19:44:39 +0200: Memory Usage (469560K) : metal5 has 0 polygons
2026-08-23 19:44:39 +0200: Memory Usage (469688K) : metal5_pin has 0 polygons
2026-08-23 19:44:39 +0200: Memory Usage (469688K) : metal5_mask has 0 polygons
2026-08-23 19:44:39 +0200: Memory Usage (469688K) : metal5_nofill has 0 polygons
2026-08-23 19:44:39 +0200: Memory Usage (469816K) : metal5_text has 0 polygons
2026-08-23 19:44:39 +0200: Memory Usage (469816K) : metal5_OPC has 0 polygons
2026-08-23 19:44:39 +0200: Memory Usage (469944K) : metal5_noqrc has 0 polygons
2026-08-23 19:44:39 +0200: Memory Usage (469944K) : metal5_res has 0 polygons
2026-08-23 19:44:39 +0200: Memory Usage (470072K) : metal5_iprobe has 0 polygons
2026-08-23 19:44:39 +0200: Memory Usage (470072K) : metal5_diffprb has 0 polygons
2026-08-23 19:44:39 +0200: Memory Usage (470200K) : radhard_drw has 0 polygons
2026-08-23 19:44:39 +0200: Memory Usage (470200K) : memcap_drw has 0 polygons
2026-08-23 19:44:39 +0200: Memory Usage (470328K) : varicap_drw has 0 polygons
2026-08-23 19:44:39 +0200: Memory Usage (470328K) : intbondvia_drw has 0 polygons
2026-08-23 19:44:39 +0200: Memory Usage (470456K) : intbondmet_drw has 0 polygons
2026-08-23 19:44:39 +0200: Memory Usage (470456K) : devbondvia_drw has 0 polygons
2026-08-23 19:44:39 +0200: Memory Usage (470584K) : devbondmet_drw has 0 polygons
2026-08-23 19:44:39 +0200: Memory Usage (470712K) : devtrench_drw has 0 polygons
2026-08-23 19:44:39 +0200: Memory Usage (470712K) : redist_drw has 0 polygons
2026-08-23 19:44:39 +0200: Memory Usage (470840K) : graphbot_drw has 0 polygons
2026-08-23 19:44:39 +0200: Memory Usage (470840K) : graphtop_drw has 0 polygons
2026-08-23 19:44:39 +0200: Memory Usage (470968K) : antvia1_drw has 0 polygons
2026-08-23 19:44:39 +0200: Memory Usage (470968K) : antmetal2_drw has 0 polygons
2026-08-23 19:44:39 +0200: Memory Usage (471096K) : graphcont_drw has 0 polygons
2026-08-23 19:44:39 +0200: Memory Usage (471096K) : siwg_drw has 0 polygons
2026-08-23 19:44:39 +0200: Memory Usage (471224K) : siwg_filler has 0 polygons
2026-08-23 19:44:39 +0200: Memory Usage (471352K) : siwg_nofill has 0 polygons
2026-08-23 19:44:39 +0200: Memory Usage (471352K) : sigrating_drw has 0 polygons
2026-08-23 19:44:39 +0200: Memory Usage (471480K) : singrating_drw has 0 polygons
2026-08-23 19:44:39 +0200: Memory Usage (471480K) : graphpas_drw has 0 polygons
2026-08-23 19:44:39 +0200: Memory Usage (471608K) : emwind3_drw has 0 polygons
2026-08-23 19:44:39 +0200: Memory Usage (471608K) : emwihv3_drw has 0 polygons
2026-08-23 19:44:39 +0200: Memory Usage (471736K) : redbulay_drw has 0 polygons
2026-08-23 19:44:39 +0200: Memory Usage (471736K) : smos_drw has 0 polygons
2026-08-23 19:44:39 +0200: Memory Usage (471736K) : graphpad_drw has 0 polygons
2026-08-23 19:44:39 +0200: Memory Usage (471864K) : polimide_drw has 0 polygons
2026-08-23 19:44:39 +0200: Memory Usage (471864K) : polimide_pin has 0 polygons
2026-08-23 19:44:39 +0200: Memory Usage (471864K) : recog_drw has 0 polygons
2026-08-23 19:44:39 +0200: Memory Usage (471864K) : recog_pin has 0 polygons
2026-08-23 19:44:39 +0200: Memory Usage (471992K) : recog_esd has 0 polygons
2026-08-23 19:44:39 +0200: Memory Usage (471992K) : recog_diode has 0 polygons
2026-08-23 19:44:39 +0200: Memory Usage (471992K) : recog_tsv has 0 polygons
2026-08-23 19:44:39 +0200: Memory Usage (472120K) : recog_iprobe has 0 polygons
2026-08-23 19:44:39 +0200: Memory Usage (472120K) : recog_diffprb has 0 polygons
2026-08-23 19:44:39 +0200: Memory Usage (472120K) : recog_pillar has 0 polygons
2026-08-23 19:44:39 +0200: Memory Usage (472248K) : recog_sbump has 0 polygons
2026-08-23 19:44:39 +0200: Memory Usage (472376K) : recog_otp has 0 polygons
2026-08-23 19:44:39 +0200: Memory Usage (472376K) : recog_pdiode has 0 polygons
2026-08-23 19:44:39 +0200: Memory Usage (472504K) : recog_mom has 0 polygons
2026-08-23 19:44:39 +0200: Memory Usage (472504K) : recog_pcm has 0 polygons
2026-08-23 19:44:39 +0200: Memory Usage (472632K) : colopen_drw has 0 polygons
2026-08-23 19:44:39 +0200: Memory Usage (472632K) : graphmetal1_drw has 0 polygons
2026-08-23 19:44:39 +0200: Memory Usage (472760K) : graphmetal1_filler has 0 polygons
2026-08-23 19:44:39 +0200: Memory Usage (472760K) : graphmetal1_nofill has 0 polygons
2026-08-23 19:44:39 +0200: Memory Usage (472888K) : graphmetal1_slit has 0 polygons
2026-08-23 19:44:39 +0200: Memory Usage (472888K) : graphmetal1_OPC has 0 polygons
2026-08-23 19:44:39 +0200: Memory Usage (473016K) : graphmet1l_drw has 0 polygons
2026-08-23 19:44:39 +0200: Memory Usage (473144K) : graphmet1l_filler has 0 polygons
2026-08-23 19:44:39 +0200: Memory Usage (473144K) : graphmet1l_nofill has 0 polygons
2026-08-23 19:44:39 +0200: Memory Usage (473272K) : graphmet1l_slit has 0 polygons
2026-08-23 19:44:39 +0200: Memory Usage (473272K) : graphmet1l_OPC has 0 polygons
2026-08-23 19:44:39 +0200: Memory Usage (473400K) : extblock_drw has 3 polygons
2026-08-23 19:44:39 +0200: Memory Usage (473400K) : nldd_drw has 0 polygons
2026-08-23 19:44:39 +0200: Memory Usage (473528K) : pldd_drw has 0 polygons
2026-08-23 19:44:39 +0200: Memory Usage (473528K) : next_drw has 0 polygons
2026-08-23 19:44:39 +0200: Memory Usage (473656K) : pext_drw has 0 polygons
2026-08-23 19:44:39 +0200: Memory Usage (473784K) : nexthv_drw has 0 polygons
2026-08-23 19:44:39 +0200: Memory Usage (473784K) : pexthv_drw has 0 polygons
2026-08-23 19:44:39 +0200: Memory Usage (473912K) : graphgate_drw has 0 polygons
2026-08-23 19:44:39 +0200: Memory Usage (473912K) : sinwg_drw has 0 polygons
2026-08-23 19:44:39 +0200: Memory Usage (474040K) : sinwg_filler has 0 polygons
2026-08-23 19:44:39 +0200: Memory Usage (474040K) : sinwg_nofill has 0 polygons
2026-08-23 19:44:39 +0200: Memory Usage (474168K) : mempad_drw has 0 polygons
2026-08-23 19:44:39 +0200: Memory Usage (474168K) : topvia1_drw has 0 polygons
2026-08-23 19:44:39 +0200: Memory Usage (474168K) : topmetal1_drw has 0 polygons
2026-08-23 19:44:39 +0200: Memory Usage (474168K) : topmetal1_filler has 0 polygons
2026-08-23 19:44:39 +0200: Memory Usage (474168K) : topmetal1_slit has 0 polygons
2026-08-23 19:44:39 +0200: Memory Usage (474296K) : topmetal1 has 0 polygons
2026-08-23 19:44:39 +0200: Memory Usage (474296K) : topmetal1_pin has 0 polygons
2026-08-23 19:44:39 +0200: Memory Usage (474296K) : topmetal1_mask has 0 polygons
2026-08-23 19:44:39 +0200: Memory Usage (474424K) : topmetal1_nofill has 0 polygons
2026-08-23 19:44:39 +0200: Memory Usage (474424K) : topmetal1_text has 0 polygons
2026-08-23 19:44:39 +0200: Memory Usage (474552K) : topmetal1_noqrc has 0 polygons
2026-08-23 19:44:39 +0200: Memory Usage (474552K) : topmetal1_res has 0 polygons
2026-08-23 19:44:39 +0200: Memory Usage (474680K) : topmetal1_iprobe has 0 polygons
2026-08-23 19:44:39 +0200: Memory Usage (474680K) : topmetal1_diffprb has 0 polygons
2026-08-23 19:44:39 +0200: Memory Usage (474808K) : inldpwl_drw has 0 polygons
2026-08-23 19:44:39 +0200: Memory Usage (474936K) : polyres_drw has 1 polygons
2026-08-23 19:44:39 +0200: Memory Usage (474936K) : polyres_pin has 0 polygons
2026-08-23 19:44:39 +0200: Memory Usage (475064K) : vmim_drw has 0 polygons
2026-08-23 19:44:39 +0200: Memory Usage (475064K) : nbulaycut_drw has 0 polygons
2026-08-23 19:44:39 +0200: Memory Usage (475192K) : antmetal1_drw has 0 polygons
2026-08-23 19:44:39 +0200: Memory Usage (475192K) : topvia2_drw has 0 polygons
2026-08-23 19:44:39 +0200: Memory Usage (475320K) : topmetal2_drw has 0 polygons
2026-08-23 19:44:39 +0200: Memory Usage (475320K) : topmetal2_filler has 0 polygons
2026-08-23 19:44:39 +0200: Memory Usage (475448K) : topmetal2_slit has 0 polygons
2026-08-23 19:44:39 +0200: Memory Usage (475576K) : topmetal2 has 0 polygons
2026-08-23 19:44:39 +0200: Memory Usage (475576K) : topmetal2_pin has 0 polygons
2026-08-23 19:44:39 +0200: Memory Usage (475704K) : topmetal2_mask has 0 polygons
2026-08-23 19:44:39 +0200: Memory Usage (475832K) : topmetal2_nofill has 0 polygons
2026-08-23 19:44:39 +0200: Memory Usage (475832K) : topmetal2_text has 0 polygons
2026-08-23 19:44:39 +0200: Memory Usage (475960K) : topmetal2_noqrc has 0 polygons
2026-08-23 19:44:39 +0200: Memory Usage (475960K) : topmetal2_res has 0 polygons
2026-08-23 19:44:39 +0200: Memory Usage (476088K) : topmetal2_iprobe has 0 polygons
2026-08-23 19:44:39 +0200: Memory Usage (476088K) : topmetal2_diffprb has 0 polygons
2026-08-23 19:44:39 +0200: Memory Usage (476216K) : snsring_drw has 0 polygons
2026-08-23 19:44:39 +0200: Memory Usage (476216K) : sensor_drw has 0 polygons
2026-08-23 19:44:39 +0200: Memory Usage (476344K) : snsarms_drw has 0 polygons
2026-08-23 19:44:39 +0200: Memory Usage (476344K) : snscmosvia_drw has 0 polygons
2026-08-23 19:44:39 +0200: Memory Usage (476472K) : colwind_drw has 0 polygons
2026-08-23 19:44:39 +0200: Memory Usage (476600K) : flm_drw has 0 polygons
2026-08-23 19:44:39 +0200: Memory Usage (476600K) : hafniumox_drw has 0 polygons
2026-08-23 19:44:39 +0200: Memory Usage (476728K) : memvia_drw has 0 polygons
2026-08-23 19:44:39 +0200: Memory Usage (476728K) : thinfilmres_drw has 0 polygons
2026-08-23 19:44:39 +0200: Memory Usage (476856K) : rfmem_drw has 0 polygons
2026-08-23 19:44:39 +0200: Memory Usage (476856K) : norcx_drw has 0 polygons
2026-08-23 19:44:39 +0200: Memory Usage (476984K) : norcx_m2m3 has 0 polygons
2026-08-23 19:44:39 +0200: Memory Usage (476984K) : norcx_m2m4 has 0 polygons
2026-08-23 19:44:39 +0200: Memory Usage (477112K) : norcx_m2m5 has 0 polygons
2026-08-23 19:44:39 +0200: Memory Usage (477240K) : norcx_m2tm1 has 0 polygons
2026-08-23 19:44:39 +0200: Memory Usage (477240K) : norcx_m2tm2 has 0 polygons
2026-08-23 19:44:39 +0200: Memory Usage (477368K) : norcx_m3m4 has 0 polygons
2026-08-23 19:44:39 +0200: Memory Usage (477368K) : norcx_m3m5 has 0 polygons
2026-08-23 19:44:39 +0200: Memory Usage (477496K) : norcx_m3tm1 has 0 polygons
2026-08-23 19:44:39 +0200: Memory Usage (477496K) : norcx_m3tm2 has 0 polygons
2026-08-23 19:44:39 +0200: Memory Usage (477624K) : norcx_m4m5 has 0 polygons
2026-08-23 19:44:39 +0200: Memory Usage (477624K) : norcx_m4tm1 has 0 polygons
2026-08-23 19:44:39 +0200: Memory Usage (477752K) : norcx_m4tm2 has 0 polygons
2026-08-23 19:44:39 +0200: Memory Usage (477752K) : norcx_m5tm1 has 0 polygons
2026-08-23 19:44:39 +0200: Memory Usage (477880K) : norcx_m5tm2 has 0 polygons
2026-08-23 19:44:39 +0200: Memory Usage (478008K) : norcx_tm1tm2 has 0 polygons
2026-08-23 19:44:39 +0200: Memory Usage (478008K) : norcx_m1sub has 0 polygons
2026-08-23 19:44:39 +0200: Memory Usage (478136K) : norcx_m2sub has 0 polygons
2026-08-23 19:44:39 +0200: Memory Usage (478136K) : norcx_m3sub has 0 polygons
2026-08-23 19:44:39 +0200: Memory Usage (478264K) : norcx_m4sub has 0 polygons
2026-08-23 19:44:39 +0200: Memory Usage (478264K) : norcx_m5sub has 0 polygons
2026-08-23 19:44:39 +0200: Memory Usage (478392K) : norcx_tm1sub has 0 polygons
2026-08-23 19:44:39 +0200: Memory Usage (478392K) : norcx_tm2sub has 0 polygons
2026-08-23 19:44:39 +0200: Memory Usage (478520K) : snsbotvia_drw has 0 polygons
2026-08-23 19:44:39 +0200: Memory Usage (478648K) : snstopvia_drw has 0 polygons
2026-08-23 19:44:39 +0200: Memory Usage (478648K) : deepvia_drw has 0 polygons
2026-08-23 19:44:39 +0200: Memory Usage (478776K) : fgetch_drw has 0 polygons
2026-08-23 19:44:39 +0200: Memory Usage (478776K) : ctrgat_drw has 0 polygons
2026-08-23 19:44:39 +0200: Memory Usage (478904K) : fgimp_drw has 0 polygons
2026-08-23 19:44:39 +0200: Memory Usage (478904K) : emwihv_drw has 0 polygons
2026-08-23 19:44:39 +0200: Memory Usage (479032K) : lbe_drw has 0 polygons
2026-08-23 19:44:39 +0200: Memory Usage (479032K) : alcustop_drw has 0 polygons
2026-08-23 19:44:39 +0200: Memory Usage (479160K) : nometfiller_drw has 0 polygons
2026-08-23 19:44:39 +0200: Memory Usage (479160K) : prboundary_drw has 0 polygons
2026-08-23 19:44:39 +0200: Memory Usage (479288K) : exchange0_drw has 0 polygons
2026-08-23 19:44:39 +0200: Memory Usage (479416K) : exchange0_pin has 0 polygons
2026-08-23 19:44:39 +0200: Memory Usage (479416K) : exchange0_text has 0 polygons
2026-08-23 19:44:39 +0200: Memory Usage (479544K) : exchange1_drw has 0 polygons
2026-08-23 19:44:39 +0200: Memory Usage (479544K) : exchange1_pin has 0 polygons
2026-08-23 19:44:39 +0200: Memory Usage (479672K) : exchange1_text has 0 polygons
2026-08-23 19:44:39 +0200: Memory Usage (479672K) : exchange2_drw has 0 polygons
2026-08-23 19:44:39 +0200: Memory Usage (479800K) : exchange2_pin has 0 polygons
2026-08-23 19:44:39 +0200: Memory Usage (479800K) : exchange2_text has 0 polygons
2026-08-23 19:44:39 +0200: Memory Usage (479928K) : exchange3_drw has 0 polygons
2026-08-23 19:44:39 +0200: Memory Usage (479928K) : exchange3_pin has 0 polygons
2026-08-23 19:44:39 +0200: Memory Usage (480056K) : exchange3_text has 0 polygons
2026-08-23 19:44:39 +0200: Memory Usage (480056K) : exchange4_drw has 0 polygons
2026-08-23 19:44:39 +0200: Memory Usage (480184K) : exchange4_pin has 0 polygons
2026-08-23 19:44:39 +0200: Memory Usage (480184K) : exchange4_text has 0 polygons
2026-08-23 19:44:39 +0200: Memory Usage (480312K) : isonwell_drw has 0 polygons
2026-08-23 19:44:39 +0200: Memory Usage (480312K) : Total no. of polygons in the design is 341
2026-08-23 19:44:39 +0200: Memory Usage (480312K) : Starting CMOS5L Forbidden Layer Check
2026-08-23 19:44:39 +0200: Memory Usage (481976K) : CMOS5L Forbidden Layer Check: PASSED - No forbidden layers found
2026-08-23 19:44:39 +0200: Memory Usage (481976K) : CMOS5L Forbidden Layer Check: PASSED
2026-08-23 19:44:39 +0200: Memory Usage (481976K) : Starting base layers derivations
2026-08-23 19:44:39 +0200: Memory Usage (481976K) : Starting general LVS derivations
2026-08-23 19:44:39 +0200: Memory Usage (486412K) : Starting MOSFET DERIVATIONS
2026-08-23 19:44:39 +0200: Memory Usage (487052K) : Starting NMOS DERIVATIONS
2026-08-23 19:44:39 +0200: Memory Usage (487308K) : Starting PMOS DERIVATIONS
2026-08-23 19:44:39 +0200: Memory Usage (487564K) : Starting RF-MOSFET DERIVATIONS
2026-08-23 19:44:39 +0200: Memory Usage (487564K) : Starting RF-NMOS DERIVATIONS
2026-08-23 19:44:39 +0200: Memory Usage (487692K) : Starting RF-PMOS DERIVATIONS
2026-08-23 19:44:39 +0200: Memory Usage (487948K) : Starting BJT DERIVATIONS
2026-08-23 19:44:39 +0200: Memory Usage (487948K) : Starting NPN-BJT DERIVATIONS
2026-08-23 19:44:39 +0200: Memory Usage (489356K) : Starting PNP-BJT DERIVATIONS
2026-08-23 19:44:39 +0200: Memory Usage (489356K) : Starting DIODE DERIVATIONS
2026-08-23 19:44:39 +0200: Memory Usage (489356K) : Starting RESISTOR DERIVATIONS
2026-08-23 19:44:40 +0200: Memory Usage (489876K) : Starting CAP DERIVATIONS
2026-08-23 19:44:40 +0200: Memory Usage (489876K) : Starting CAP_MFRINGE DERIVATIONS
2026-08-23 19:44:40 +0200: Memory Usage (489876K) : Starting ESD DERIVATIONS
2026-08-23 19:44:40 +0200: Memory Usage (490516K) : Starting Inductor DERIVATIONS
2026-08-23 19:44:40 +0200: Memory Usage (493076K) : Starting Taps DERIVATIONS
2026-08-23 19:44:40 +0200: Memory Usage (493076K) : Starting SG13G2 LVS connectivity setup
2026-08-23 19:44:40 +0200: Memory Usage (493076K) : Starting SG13G2 LVS connectivity setup (Inter-layer)
2026-08-23 19:44:40 +0200: Memory Usage (493204K) : Starting SG13G2 LVS connectivity setup (Global)
2026-08-23 19:44:40 +0200: Memory Usage (493204K) : Starting LVS MOSFET CONNECTIONS
2026-08-23 19:44:40 +0200: Memory Usage (493204K) : Starting LVS RF-MOSFET CONNECTIONS
2026-08-23 19:44:40 +0200: Memory Usage (493204K) : Starting LVS BJT CONNECTIONS
2026-08-23 19:44:40 +0200: Memory Usage (493204K) : Starting LVS DIODE CONNECTIONS
2026-08-23 19:44:40 +0200: Memory Usage (493204K) : Starting RESISTOR CONNECTIONS
2026-08-23 19:44:40 +0200: Memory Usage (493204K) : Starting LVS CAP CONNECTIONS
2026-08-23 19:44:40 +0200: Memory Usage (493204K) : Starting ESD CONNECTIONS
2026-08-23 19:44:40 +0200: Memory Usage (493204K) : Starting Inductor CONNECTIONS
2026-08-23 19:44:40 +0200: Memory Usage (493204K) : Starting LVS Taps CONNECTIONS
2026-08-23 19:44:40 +0200: Memory Usage (493204K) : Starting CAP_MFRINGE CONNECTIONS
2026-08-23 19:44:40 +0200: Memory Usage (493204K) : Starting SG13CMOS5L LVS DEVICES EXTRACTION
2026-08-23 19:44:40 +0200: Memory Usage (493204K) : Starting MOSFET EXTRACTION
2026-08-23 19:44:40 +0200: Memory Usage (493204K) : Starting NMOS EXTRACTION
2026-08-23 19:44:40 +0200: Memory Usage (493204K) : Extraction of NMOS-LV transistor
2026-08-23 19:44:40 +0200: Memory Usage (493204K) : Extraction of NMOS-HV transistor
2026-08-23 19:44:40 +0200: Memory Usage (493204K) : Starting PMOS EXTRACTION
2026-08-23 19:44:40 +0200: Memory Usage (493204K) : Extraction of PMOS-LV transistor
2026-08-23 19:44:40 +0200: Memory Usage (493204K) : Extraction of PMOS-HV transistor
2026-08-23 19:44:40 +0200: Memory Usage (493204K) : Starting RF-MOSFET EXTRACTION
2026-08-23 19:44:40 +0200: Memory Usage (493204K) : Extraction of RF-NMOS-LV transistor
2026-08-23 19:44:40 +0200: Memory Usage (493204K) : Extraction of RF-NMOS-HV transistor
2026-08-23 19:44:40 +0200: Memory Usage (493204K) : Extraction of RF-PMOS-LV transistor
2026-08-23 19:44:40 +0200: Memory Usage (493204K) : Extraction of RF-PMOS-HV transistor
2026-08-23 19:44:40 +0200: Memory Usage (493204K) : Starting BJT EXTRACTION
2026-08-23 19:44:40 +0200: Memory Usage (493204K) : Starting NPN-BJT EXTRACTION
2026-08-23 19:44:40 +0200: Memory Usage (493204K) : Extraction of npn13G2 BJT transistor
2026-08-23 19:44:40 +0200: Memory Usage (493204K) : Extraction of npn13G2L BJT transistor
2026-08-23 19:44:40 +0200: Memory Usage (493204K) : Extraction of npn13G2V BJT transistor
2026-08-23 19:44:40 +0200: Memory Usage (493204K) : Starting PNP-BJT EXTRACTION
2026-08-23 19:44:40 +0200: Memory Usage (493204K) : Extracting pnpMPA BJT
2026-08-23 19:44:40 +0200: Memory Usage (493204K) : Starting DIODE EXTRACTION
2026-08-23 19:44:40 +0200: Memory Usage (493204K) : Extracting dantenna diode
2026-08-23 19:44:40 +0200: Memory Usage (493204K) : Extracting dpantenna diode
2026-08-23 19:44:40 +0200: Memory Usage (493204K) : Extracting schottky_nbl1 diode
2026-08-23 19:44:40 +0200: Memory Usage (493204K) : Extracting isolbox diode
2026-08-23 19:44:40 +0200: Memory Usage (493204K) : Starting RESISTOR EXTRACTION
2026-08-23 19:44:40 +0200: Memory Usage (493204K) : Extracting rsil resistor
2026-08-23 19:44:40 +0200: Memory Usage (493204K) : Extracting rppd resistor
2026-08-23 19:44:40 +0200: Memory Usage (493332K) : Extracting rhigh resistor
2026-08-23 19:44:40 +0200: Memory Usage (493332K) : Extracting res_metal1 resistor
2026-08-23 19:44:40 +0200: Memory Usage (493332K) : Extracting res_metal2 resistor
2026-08-23 19:44:40 +0200: Memory Usage (493332K) : Extracting res_metal3 resistor
2026-08-23 19:44:40 +0200: Memory Usage (493332K) : Extracting res_metal4 resistor
2026-08-23 19:44:40 +0200: Memory Usage (493332K) : Extracting res_metal5 resistor
2026-08-23 19:44:40 +0200: Memory Usage (493332K) : Extracting res_topmetal1 resistor
2026-08-23 19:44:40 +0200: Memory Usage (493332K) : Extracting res_topmetal2 resistor
2026-08-23 19:44:40 +0200: Memory Usage (493332K) : Starting CAP EXTRACTION
2026-08-23 19:44:40 +0200: Memory Usage (493332K) : Extracting cap_cmim device
2026-08-23 19:44:40 +0200: Memory Usage (493332K) : Extracting rfcmim device
2026-08-23 19:44:40 +0200: Memory Usage (493332K) : Extracting sg13_hv_svaricap varactor
2026-08-23 19:44:40 +0200: Memory Usage (493332K) : Extracting cap_mfringe device
2026-08-23 19:44:40 +0200: Memory Usage (493332K) : Starting ESD EXTRACTION
2026-08-23 19:44:40 +0200: Memory Usage (493332K) : Extracting diodevdd_2kv ESD device
2026-08-23 19:44:40 +0200: Memory Usage (493332K) : Extracting diodevdd_4kv ESD device
2026-08-23 19:44:40 +0200: Memory Usage (493332K) : Extracting diodevss_2kv ESD device
2026-08-23 19:44:40 +0200: Memory Usage (493332K) : Extracting diodevss_4kv ESD device
2026-08-23 19:44:40 +0200: Memory Usage (493332K) : Extracting idiodevdd_2kv ESD device
2026-08-23 19:44:40 +0200: Memory Usage (493332K) : Extracting idiodevdd_4kv ESD device
2026-08-23 19:44:40 +0200: Memory Usage (493332K) : Extracting idiodevss_2kv ESD device
2026-08-23 19:44:40 +0200: Memory Usage (493332K) : Extracting idiodevss_4kv ESD device
2026-08-23 19:44:40 +0200: Memory Usage (493332K) : Extracting nmoscl_2 ESD device
2026-08-23 19:44:40 +0200: Memory Usage (493332K) : Extracting nmoscl_4 ESD device
2026-08-23 19:44:40 +0200: Memory Usage (493332K) : Starting Inductor EXTRACTION
2026-08-23 19:44:40 +0200: Memory Usage (493332K) : Extracting Inductor2 device
2026-08-23 19:44:40 +0200: Memory Usage (493332K) : Extracting Inductor3 device
2026-08-23 19:44:40 +0200: Memory Usage (493332K) : Starting Taps EXTRACTION
2026-08-23 19:44:40 +0200: Memory Usage (493332K) : DISABLE_TAP_EXTRACTION is enabled: skipping ntap1/ptap1 device extraction.
2026-08-23 19:44:40 +0200: Memory Usage (493332K) : Starting SG13CMOS5L LVS RF MOS Model Mapping
2026-08-23 19:44:40 +0200: Memory Usage (493332K) : [layout_netlist] Apply RF MOS model mapping and rfmode parameter.
2026-08-23 19:44:40 +0200: Memory Usage (493332K) : Starting SG13CMOS5L LVS Options Preparations
2026-08-23 19:44:40 +0200: Memory Usage (493332K) : SG13CMOS5L LVS flow: extraction -> alignment -> option preparation -> comparison.
2026-08-23 19:44:40 +0200: Memory Usage (493332K) : Starting SG13CMOS5L LVS Alignment
2026-08-23 19:44:40 +0200: Memory Usage (493508K) : Starting SG13CMOS5L LVS Simplification
2026-08-23 19:44:40 +0200: Memory Usage (493508K) : [layout_netlist] simplify: ENABLED
2026-08-23 19:44:40 +0200: Memory Usage (493508K) : [layout_netlist] make_top_level_pins: SKIPPED
2026-08-23 19:44:40 +0200: Memory Usage (493508K) : [layout_netlist] combine_devices: SKIPPED
2026-08-23 19:44:40 +0200: Memory Usage (493508K) : [layout_netlist] purge: SKIPPED
2026-08-23 19:44:40 +0200: Memory Usage (493508K) : [layout_netlist] purge_nets: SKIPPED
2026-08-23 19:44:40 +0200: Memory Usage (493508K) : [schematic_netlist] simplify: ENABLED
2026-08-23 19:44:40 +0200: Memory Usage (493508K) : [schematic_netlist] make_top_level_pins: SKIPPED
2026-08-23 19:44:40 +0200: Memory Usage (493508K) : [schematic_netlist] combine_devices: SKIPPED
2026-08-23 19:44:40 +0200: Memory Usage (493508K) : [schematic_netlist] purge: SKIPPED
2026-08-23 19:44:40 +0200: Memory Usage (493508K) : [schematic_netlist] purge_nets: SKIPPED
2026-08-23 19:44:40 +0200: Memory Usage (493508K) : Starting SG13CMOS5L LVS Comparison in strict port mode.
2026-08-23 19:44:40 +0200: Memory Usage (493508K) : flag_missing_ports enabled: missing/mislabeled top-level ports are treated as errors.
2026-08-23 19:44:40 +0200: Memory Usage (493508K) : xxxxxxxxxxxxxxxxxxxxxxxxxxxxxxxxxxxxxxxxxx
2026-08-23 19:44:40 +0200: Memory Usage (493508K) : ERROR : Netlists don't match
2026-08-23 19:44:40 +0200: Memory Usage (493508K) : xxxxxxxxxxxxxxxxxxxxxxxxxxxxxxxxxxxxxxxxxx
2026-08-23 19:44:40 +0200: Memory Usage (493508K) : LVS Total Run time 1.026520 seconds
2026-08-23 19:45:00 +0200: Memory Usage (457588K) : Starting running SG13CMOS5L Klayout LVS runset on /foss/designs/CHIP-PLL/layout/CP/curr_source/curr_source.gds
2026-08-23 19:45:00 +0200: Memory Usage (457588K) : Ruby Version for klayout: 3.2.3
2026-08-23 19:45:00 +0200: Memory Usage (458976K) : Loading database to memory is complete.
2026-08-23 19:45:00 +0200: Memory Usage (458976K) : SG13CMOS5L Klayout LVS runset output at: /foss/designs/CHIP-PLL/layout/CP/lvs/curr_source.lvsdb
2026-08-23 19:45:00 +0200: Memory Usage (458976K) : Evaluate switches.
2026-08-23 19:45:00 +0200: Memory Usage (458976K) : Extracted netlist with net names: true
2026-08-23 19:45:00 +0200: Memory Usage (458976K) : Extracted netlist with comments in details: false
2026-08-23 19:45:00 +0200: Memory Usage (458976K) : Selected NET_ONLY option: false
2026-08-23 19:45:00 +0200: Memory Usage (458976K) : Selected LAYOUT_NETLIST option: (none)
2026-08-23 19:45:00 +0200: Memory Usage (458976K) : Selected IGNORE_TOP_PORTS_MISMATCH option: 
2026-08-23 19:45:00 +0200: Memory Usage (458976K) : Selected IMPLICIT_NETS option: (none)
2026-08-23 19:45:00 +0200: Memory Usage (458976K) : Selected TOP_LVL_PINS option: false
2026-08-23 19:45:00 +0200: Memory Usage (458976K) : Selected COMBINE DEVICES option: false
2026-08-23 19:45:00 +0200: Memory Usage (458976K) : Selected PURGE option: false
2026-08-23 19:45:00 +0200: Memory Usage (458976K) : Selected PURGE_NETS option: false
2026-08-23 19:45:00 +0200: Memory Usage (458976K) : Selected SIMPLIFY option: true
2026-08-23 19:45:00 +0200: Memory Usage (458976K) : Selected SERIES_RES option: true
2026-08-23 19:45:00 +0200: Memory Usage (458976K) : Selected PARALLEL_RES option: true
2026-08-23 19:45:00 +0200: Memory Usage (458976K) : Selected DISABLE_TAP_EXTRACTION option: true
2026-08-23 19:45:00 +0200: Memory Usage (458976K) : deep  mode is enabled.
2026-08-23 19:45:00 +0200: Memory Usage (459232K) : Netlist file: /foss/designs/CHIP-PLL/layout/CP/netlists/curr_source.spice
2026-08-23 19:45:00 +0200: Memory Usage (459232K) : LVS extracted netlist at: /foss/designs/CHIP-PLL/layout/CP/lvs/curr_source_extracted.cir
2026-08-23 19:45:00 +0200: Memory Usage (459232K) : Applying SRAM integration support.
2026-08-23 19:45:00 +0200: Memory Usage (459232K) : Starting SG13CMOS5L LVS runset
2026-08-23 19:45:00 +0200: Memory Usage (459232K) : Read in polygons from layers.
2026-08-23 19:45:00 +0200: Memory Usage (460236K) : activ_drw has 26 polygons
2026-08-23 19:45:00 +0200: Memory Usage (460236K) : activ_filler has 0 polygons
2026-08-23 19:45:00 +0200: Memory Usage (460412K) : activ has 26 polygons
2026-08-23 19:45:00 +0200: Memory Usage (460412K) : activ_pin has 0 polygons
2026-08-23 19:45:00 +0200: Memory Usage (460412K) : activ_mask has 0 polygons
2026-08-23 19:45:00 +0200: Memory Usage (460412K) : activ_nofill has 0 polygons
2026-08-23 19:45:00 +0200: Memory Usage (460412K) : activ_OPC has 0 polygons
2026-08-23 19:45:00 +0200: Memory Usage (460412K) : activ_iOPC has 0 polygons
2026-08-23 19:45:00 +0200: Memory Usage (460412K) : activ_noqrc has 0 polygons
2026-08-23 19:45:00 +0200: Memory Usage (460412K) : biwind_drw has 0 polygons
2026-08-23 19:45:00 +0200: Memory Usage (460540K) : biwind_OPC has 0 polygons
2026-08-23 19:45:00 +0200: Memory Usage (460540K) : gatpoly_drw has 21 polygons
2026-08-23 19:45:00 +0200: Memory Usage (460540K) : gatpoly_filler has 0 polygons
2026-08-23 19:45:00 +0200: Memory Usage (460540K) : gatpoly has 21 polygons
2026-08-23 19:45:00 +0200: Memory Usage (460540K) : gatpoly_pin has 6 polygons
2026-08-23 19:45:00 +0200: Memory Usage (460540K) : gatpoly_nofill has 0 polygons
2026-08-23 19:45:00 +0200: Memory Usage (460540K) : gatpoly_OPC has 0 polygons
2026-08-23 19:45:00 +0200: Memory Usage (460540K) : gatpoly_iOPC has 0 polygons
2026-08-23 19:45:00 +0200: Memory Usage (460668K) : gatpoly_noqrc has 0 polygons
2026-08-23 19:45:00 +0200: Memory Usage (460668K) : cont_drw has 92 polygons
2026-08-23 19:45:00 +0200: Memory Usage (460668K) : cont_OPC has 0 polygons
2026-08-23 19:45:00 +0200: Memory Usage (460668K) : nsd_drw has 0 polygons
2026-08-23 19:45:00 +0200: Memory Usage (460668K) : nsd_block has 0 polygons
2026-08-23 19:45:00 +0200: Memory Usage (460940K) : metal1_drw has 68 polygons
2026-08-23 19:45:00 +0200: Memory Usage (461068K) : metal1_filler has 0 polygons
2026-08-23 19:45:00 +0200: Memory Usage (461068K) : metal1_slit has 0 polygons
2026-08-23 19:45:00 +0200: Memory Usage (461196K) : metal1 has 68 polygons
2026-08-23 19:45:00 +0200: Memory Usage (461324K) : metal1_pin has 19 polygons
2026-08-23 19:45:00 +0200: Memory Usage (461708K) : metal1_mask has 0 polygons
2026-08-23 19:45:00 +0200: Memory Usage (461708K) : metal1_nofill has 0 polygons
2026-08-23 19:45:00 +0200: Memory Usage (462012K) : metal1_text has 2 polygons
2026-08-23 19:45:00 +0200: Memory Usage (462012K) : metal1_OPC has 0 polygons
2026-08-23 19:45:00 +0200: Memory Usage (462012K) : metal1_noqrc has 0 polygons
2026-08-23 19:45:00 +0200: Memory Usage (462012K) : metal1_res has 0 polygons
2026-08-23 19:45:00 +0200: Memory Usage (462140K) : metal1_iprobe has 0 polygons
2026-08-23 19:45:00 +0200: Memory Usage (462140K) : metal1_diffprb has 0 polygons
2026-08-23 19:45:00 +0200: Memory Usage (462268K) : passiv_drw has 0 polygons
2026-08-23 19:45:00 +0200: Memory Usage (462396K) : passiv_pin has 0 polygons
2026-08-23 19:45:00 +0200: Memory Usage (462396K) : passiv_sbump has 0 polygons
2026-08-23 19:45:00 +0200: Memory Usage (462524K) : passiv_pillar has 0 polygons
2026-08-23 19:45:00 +0200: Memory Usage (462524K) : passiv_pdl has 0 polygons
2026-08-23 19:45:00 +0200: Memory Usage (462652K) : metal2_drw has 25 polygons
2026-08-23 19:45:00 +0200: Memory Usage (462652K) : metal2_filler has 0 polygons
2026-08-23 19:45:00 +0200: Memory Usage (462780K) : metal2_slit has 0 polygons
2026-08-23 19:45:00 +0200: Memory Usage (462908K) : metal2 has 25 polygons
2026-08-23 19:45:00 +0200: Memory Usage (462908K) : metal2_pin has 1 polygons
2026-08-23 19:45:00 +0200: Memory Usage (463036K) : metal2_mask has 0 polygons
2026-08-23 19:45:00 +0200: Memory Usage (463164K) : metal2_nofill has 0 polygons
2026-08-23 19:45:00 +0200: Memory Usage (463164K) : metal2_text has 1 polygons
2026-08-23 19:45:00 +0200: Memory Usage (463292K) : metal2_OPC has 0 polygons
2026-08-23 19:45:00 +0200: Memory Usage (463292K) : metal2_noqrc has 0 polygons
2026-08-23 19:45:00 +0200: Memory Usage (463420K) : metal2_res has 0 polygons
2026-08-23 19:45:00 +0200: Memory Usage (463420K) : metal2_iprobe has 0 polygons
2026-08-23 19:45:00 +0200: Memory Usage (463548K) : metal2_diffprb has 0 polygons
2026-08-23 19:45:00 +0200: Memory Usage (463548K) : baspoly_drw has 0 polygons
2026-08-23 19:45:00 +0200: Memory Usage (463676K) : baspoly_pin has 0 polygons
2026-08-23 19:45:00 +0200: Memory Usage (463676K) : psd_drw has 6 polygons
2026-08-23 19:45:00 +0200: Memory Usage (463804K) : nldb_drw has 0 polygons
2026-08-23 19:45:00 +0200: Memory Usage (463932K) : digibnd_drw has 0 polygons
2026-08-23 19:45:00 +0200: Memory Usage (463932K) : via1_drw has 18 polygons
2026-08-23 19:45:00 +0200: Memory Usage (464060K) : backmetal1_drw has 0 polygons
2026-08-23 19:45:00 +0200: Memory Usage (464188K) : backmetal1_pin has 0 polygons
2026-08-23 19:45:00 +0200: Memory Usage (464188K) : backmetal1_mask has 0 polygons
2026-08-23 19:45:00 +0200: Memory Usage (464316K) : backmetal1_filler has 0 polygons
2026-08-23 19:45:00 +0200: Memory Usage (464444K) : backmetal1_nofill has 0 polygons
2026-08-23 19:45:00 +0200: Memory Usage (464444K) : backmetal1_slit has 0 polygons
2026-08-23 19:45:00 +0200: Memory Usage (464572K) : backmetal1_text has 0 polygons
2026-08-23 19:45:00 +0200: Memory Usage (464700K) : backmetal1_OPC has 0 polygons
2026-08-23 19:45:00 +0200: Memory Usage (464700K) : backmetal1_noqrc has 0 polygons
2026-08-23 19:45:00 +0200: Memory Usage (464828K) : backmetal1_res has 0 polygons
2026-08-23 19:45:00 +0200: Memory Usage (464828K) : backmetal1_iprobe has 0 polygons
2026-08-23 19:45:00 +0200: Memory Usage (464956K) : backmetal1_diffprb has 0 polygons
2026-08-23 19:45:00 +0200: Memory Usage (464956K) : backpassiv_drw has 0 polygons
2026-08-23 19:45:00 +0200: Memory Usage (465084K) : res_drw has 0 polygons
2026-08-23 19:45:00 +0200: Memory Usage (465084K) : sram_drw has 0 polygons
2026-08-23 19:45:00 +0200: Memory Usage (465212K) : trans_drw has 0 polygons
2026-08-23 19:45:00 +0200: Memory Usage (465212K) : ind_drw has 0 polygons
2026-08-23 19:45:00 +0200: Memory Usage (465340K) : ind_pin has 0 polygons
2026-08-23 19:45:00 +0200: Memory Usage (465468K) : ind_text has 0 polygons
2026-08-23 19:45:00 +0200: Memory Usage (465468K) : salblock_drw has 1 polygons
2026-08-23 19:45:00 +0200: Memory Usage (465596K) : via2_drw has 12 polygons
2026-08-23 19:45:00 +0200: Memory Usage (465724K) : metal3_drw has 10 polygons
2026-08-23 19:45:00 +0200: Memory Usage (465724K) : metal3_filler has 0 polygons
2026-08-23 19:45:00 +0200: Memory Usage (465852K) : metal3_slit has 0 polygons
2026-08-23 19:45:00 +0200: Memory Usage (465980K) : metal3 has 10 polygons
2026-08-23 19:45:00 +0200: Memory Usage (465980K) : metal3_pin has 0 polygons
2026-08-23 19:45:00 +0200: Memory Usage (466108K) : metal3_mask has 0 polygons
2026-08-23 19:45:00 +0200: Memory Usage (466236K) : metal3_nofill has 0 polygons
2026-08-23 19:45:00 +0200: Memory Usage (466236K) : metal3_text has 0 polygons
2026-08-23 19:45:00 +0200: Memory Usage (466364K) : metal3_OPC has 0 polygons
2026-08-23 19:45:00 +0200: Memory Usage (466492K) : metal3_noqrc has 0 polygons
2026-08-23 19:45:00 +0200: Memory Usage (466492K) : metal3_res has 0 polygons
2026-08-23 19:45:00 +0200: Memory Usage (466620K) : metal3_iprobe has 0 polygons
2026-08-23 19:45:00 +0200: Memory Usage (466620K) : metal3_diffprb has 0 polygons
2026-08-23 19:45:00 +0200: Memory Usage (466748K) : nwell_drw has 5 polygons
2026-08-23 19:45:00 +0200: Memory Usage (466748K) : nwell_pin has 1 polygons
2026-08-23 19:45:00 +0200: Memory Usage (466748K) : nwell_text has 0 polygons
2026-08-23 19:45:00 +0200: Memory Usage (466748K) : nbulay_drw has 0 polygons
2026-08-23 19:45:00 +0200: Memory Usage (466876K) : nbulay_pin has 0 polygons
2026-08-23 19:45:00 +0200: Memory Usage (466876K) : nbulay_block has 0 polygons
2026-08-23 19:45:00 +0200: Memory Usage (466876K) : emwind_drw has 0 polygons
2026-08-23 19:45:00 +0200: Memory Usage (466876K) : emwind_OPC has 0 polygons
2026-08-23 19:45:00 +0200: Memory Usage (467004K) : deepco_drw has 0 polygons
2026-08-23 19:45:00 +0200: Memory Usage (467004K) : mim_drw has 0 polygons
2026-08-23 19:45:00 +0200: Memory Usage (467004K) : edgeseal_drw has 0 polygons
2026-08-23 19:45:00 +0200: Memory Usage (467132K) : substrate_drw has 3 polygons
2026-08-23 19:45:00 +0200: Memory Usage (467132K) : substrate_text has 0 polygons
2026-08-23 19:45:00 +0200: Memory Usage (467132K) : dfpad_drw has 0 polygons
2026-08-23 19:45:00 +0200: Memory Usage (467260K) : dfpad_pillar has 0 polygons
2026-08-23 19:45:00 +0200: Memory Usage (467260K) : dfpad_sbump has 0 polygons
2026-08-23 19:45:00 +0200: Memory Usage (467388K) : thickgateox_drw has 0 polygons
2026-08-23 19:45:00 +0200: Memory Usage (467388K) : pldb_drw has 0 polygons
2026-08-23 19:45:00 +0200: Memory Usage (467516K) : pwell_drw has 0 polygons
2026-08-23 19:45:00 +0200: Memory Usage (467516K) : pwell_pin has 0 polygons
2026-08-23 19:45:00 +0200: Memory Usage (467644K) : pwell_block has 0 polygons
2026-08-23 19:45:00 +0200: Memory Usage (467644K) : ic_drw has 0 polygons
2026-08-23 19:45:00 +0200: Memory Usage (467772K) : via3_drw has 0 polygons
2026-08-23 19:45:00 +0200: Memory Usage (467772K) : metal4_drw has 0 polygons
2026-08-23 19:45:00 +0200: Memory Usage (467900K) : metal4_filler has 0 polygons
2026-08-23 19:45:00 +0200: Memory Usage (468028K) : metal4_slit has 0 polygons
2026-08-23 19:45:00 +0200: Memory Usage (468156K) : metal4 has 0 polygons
2026-08-23 19:45:00 +0200: Memory Usage (468156K) : metal4_pin has 0 polygons
2026-08-23 19:45:00 +0200: Memory Usage (468284K) : metal4_mask has 0 polygons
2026-08-23 19:45:00 +0200: Memory Usage (468284K) : metal4_nofill has 0 polygons
2026-08-23 19:45:00 +0200: Memory Usage (468412K) : metal4_text has 0 polygons
2026-08-23 19:45:00 +0200: Memory Usage (468412K) : metal4_OPC has 0 polygons
2026-08-23 19:45:00 +0200: Memory Usage (468540K) : metal4_noqrc has 0 polygons
2026-08-23 19:45:00 +0200: Memory Usage (468540K) : metal4_res has 0 polygons
2026-08-23 19:45:00 +0200: Memory Usage (468668K) : metal4_iprobe has 0 polygons
2026-08-23 19:45:00 +0200: Memory Usage (468796K) : metal4_diffprb has 0 polygons
2026-08-23 19:45:00 +0200: Memory Usage (468796K) : heattrans_drw has 8 polygons
2026-08-23 19:45:00 +0200: Memory Usage (468924K) : heatres_drw has 1 polygons
2026-08-23 19:45:00 +0200: Memory Usage (468924K) : fbe_drw has 0 polygons
2026-08-23 19:45:00 +0200: Memory Usage (469052K) : empoly_drw has 0 polygons
2026-08-23 19:45:00 +0200: Memory Usage (469052K) : digisub_drw has 0 polygons
2026-08-23 19:45:00 +0200: Memory Usage (469180K) : text_drw has 11 polygons
2026-08-23 19:45:00 +0200: Memory Usage (469180K) : via4_drw has 0 polygons
2026-08-23 19:45:00 +0200: Memory Usage (469180K) : metal5_drw has 0 polygons
2026-08-23 19:45:00 +0200: Memory Usage (469308K) : metal5_filler has 0 polygons
2026-08-23 19:45:00 +0200: Memory Usage (469308K) : metal5_slit has 0 polygons
2026-08-23 19:45:00 +0200: Memory Usage (469436K) : metal5 has 0 polygons
2026-08-23 19:45:00 +0200: Memory Usage (469436K) : metal5_pin has 0 polygons
2026-08-23 19:45:00 +0200: Memory Usage (469436K) : metal5_mask has 0 polygons
2026-08-23 19:45:00 +0200: Memory Usage (469564K) : metal5_nofill has 0 polygons
2026-08-23 19:45:00 +0200: Memory Usage (469692K) : metal5_text has 0 polygons
2026-08-23 19:45:00 +0200: Memory Usage (469692K) : metal5_OPC has 0 polygons
2026-08-23 19:45:00 +0200: Memory Usage (469820K) : metal5_noqrc has 0 polygons
2026-08-23 19:45:00 +0200: Memory Usage (469820K) : metal5_res has 0 polygons
2026-08-23 19:45:00 +0200: Memory Usage (469948K) : metal5_iprobe has 0 polygons
2026-08-23 19:45:00 +0200: Memory Usage (469948K) : metal5_diffprb has 0 polygons
2026-08-23 19:45:00 +0200: Memory Usage (470076K) : radhard_drw has 0 polygons
2026-08-23 19:45:00 +0200: Memory Usage (470076K) : memcap_drw has 0 polygons
2026-08-23 19:45:00 +0200: Memory Usage (470204K) : varicap_drw has 0 polygons
2026-08-23 19:45:00 +0200: Memory Usage (470332K) : intbondvia_drw has 0 polygons
2026-08-23 19:45:00 +0200: Memory Usage (470332K) : intbondmet_drw has 0 polygons
2026-08-23 19:45:00 +0200: Memory Usage (470460K) : devbondvia_drw has 0 polygons
2026-08-23 19:45:00 +0200: Memory Usage (470460K) : devbondmet_drw has 0 polygons
2026-08-23 19:45:00 +0200: Memory Usage (470588K) : devtrench_drw has 0 polygons
2026-08-23 19:45:00 +0200: Memory Usage (470588K) : redist_drw has 0 polygons
2026-08-23 19:45:00 +0200: Memory Usage (470716K) : graphbot_drw has 0 polygons
2026-08-23 19:45:00 +0200: Memory Usage (470716K) : graphtop_drw has 0 polygons
2026-08-23 19:45:00 +0200: Memory Usage (470844K) : antvia1_drw has 0 polygons
2026-08-23 19:45:00 +0200: Memory Usage (470972K) : antmetal2_drw has 0 polygons
2026-08-23 19:45:00 +0200: Memory Usage (470972K) : graphcont_drw has 0 polygons
2026-08-23 19:45:00 +0200: Memory Usage (471100K) : siwg_drw has 0 polygons
2026-08-23 19:45:00 +0200: Memory Usage (471100K) : siwg_filler has 0 polygons
2026-08-23 19:45:00 +0200: Memory Usage (471228K) : siwg_nofill has 0 polygons
2026-08-23 19:45:00 +0200: Memory Usage (471228K) : sigrating_drw has 0 polygons
2026-08-23 19:45:00 +0200: Memory Usage (471356K) : singrating_drw has 0 polygons
2026-08-23 19:45:00 +0200: Memory Usage (471356K) : graphpas_drw has 0 polygons
2026-08-23 19:45:00 +0200: Memory Usage (471484K) : emwind3_drw has 0 polygons
2026-08-23 19:45:00 +0200: Memory Usage (471484K) : emwihv3_drw has 0 polygons
2026-08-23 19:45:00 +0200: Memory Usage (471484K) : redbulay_drw has 0 polygons
2026-08-23 19:45:00 +0200: Memory Usage (471484K) : smos_drw has 0 polygons
2026-08-23 19:45:00 +0200: Memory Usage (471612K) : graphpad_drw has 0 polygons
2026-08-23 19:45:00 +0200: Memory Usage (471612K) : polimide_drw has 0 polygons
2026-08-23 19:45:00 +0200: Memory Usage (471612K) : polimide_pin has 0 polygons
2026-08-23 19:45:00 +0200: Memory Usage (471740K) : recog_drw has 0 polygons
2026-08-23 19:45:00 +0200: Memory Usage (471740K) : recog_pin has 0 polygons
2026-08-23 19:45:00 +0200: Memory Usage (471740K) : recog_esd has 0 polygons
2026-08-23 19:45:00 +0200: Memory Usage (471868K) : recog_diode has 0 polygons
2026-08-23 19:45:00 +0200: Memory Usage (471868K) : recog_tsv has 0 polygons
2026-08-23 19:45:00 +0200: Memory Usage (471996K) : recog_iprobe has 0 polygons
2026-08-23 19:45:00 +0200: Memory Usage (472124K) : recog_diffprb has 0 polygons
2026-08-23 19:45:00 +0200: Memory Usage (472124K) : recog_pillar has 0 polygons
2026-08-23 19:45:00 +0200: Memory Usage (472252K) : recog_sbump has 0 polygons
2026-08-23 19:45:00 +0200: Memory Usage (472252K) : recog_otp has 0 polygons
2026-08-23 19:45:00 +0200: Memory Usage (472380K) : recog_pdiode has 0 polygons
2026-08-23 19:45:00 +0200: Memory Usage (472380K) : recog_mom has 0 polygons
2026-08-23 19:45:00 +0200: Memory Usage (472508K) : recog_pcm has 0 polygons
2026-08-23 19:45:00 +0200: Memory Usage (472508K) : colopen_drw has 0 polygons
2026-08-23 19:45:00 +0200: Memory Usage (472636K) : graphmetal1_drw has 0 polygons
2026-08-23 19:45:00 +0200: Memory Usage (472636K) : graphmetal1_filler has 0 polygons
2026-08-23 19:45:00 +0200: Memory Usage (472764K) : graphmetal1_nofill has 0 polygons
2026-08-23 19:45:00 +0200: Memory Usage (472892K) : graphmetal1_slit has 0 polygons
2026-08-23 19:45:00 +0200: Memory Usage (472892K) : graphmetal1_OPC has 0 polygons
2026-08-23 19:45:00 +0200: Memory Usage (473020K) : graphmet1l_drw has 0 polygons
2026-08-23 19:45:00 +0200: Memory Usage (473020K) : graphmet1l_filler has 0 polygons
2026-08-23 19:45:00 +0200: Memory Usage (473148K) : graphmet1l_nofill has 0 polygons
2026-08-23 19:45:00 +0200: Memory Usage (473148K) : graphmet1l_slit has 0 polygons
2026-08-23 19:45:00 +0200: Memory Usage (473276K) : graphmet1l_OPC has 0 polygons
2026-08-23 19:45:00 +0200: Memory Usage (473276K) : extblock_drw has 3 polygons
2026-08-23 19:45:00 +0200: Memory Usage (473404K) : nldd_drw has 0 polygons
2026-08-23 19:45:00 +0200: Memory Usage (473532K) : pldd_drw has 0 polygons
2026-08-23 19:45:00 +0200: Memory Usage (473532K) : next_drw has 0 polygons
2026-08-23 19:45:00 +0200: Memory Usage (473660K) : pext_drw has 0 polygons
2026-08-23 19:45:00 +0200: Memory Usage (473660K) : nexthv_drw has 0 polygons
2026-08-23 19:45:00 +0200: Memory Usage (473788K) : pexthv_drw has 0 polygons
2026-08-23 19:45:00 +0200: Memory Usage (473788K) : graphgate_drw has 0 polygons
2026-08-23 19:45:00 +0200: Memory Usage (473916K) : sinwg_drw has 0 polygons
2026-08-23 19:45:00 +0200: Memory Usage (473916K) : sinwg_filler has 0 polygons
2026-08-23 19:45:00 +0200: Memory Usage (474044K) : sinwg_nofill has 0 polygons
2026-08-23 19:45:00 +0200: Memory Usage (474044K) : mempad_drw has 0 polygons
2026-08-23 19:45:00 +0200: Memory Usage (474044K) : topvia1_drw has 0 polygons
2026-08-23 19:45:00 +0200: Memory Usage (474044K) : topmetal1_drw has 0 polygons
2026-08-23 19:45:00 +0200: Memory Usage (474044K) : topmetal1_filler has 0 polygons
2026-08-23 19:45:00 +0200: Memory Usage (474044K) : topmetal1_slit has 0 polygons
2026-08-23 19:45:00 +0200: Memory Usage (474172K) : topmetal1 has 0 polygons
2026-08-23 19:45:00 +0200: Memory Usage (474300K) : topmetal1_pin has 0 polygons
2026-08-23 19:45:00 +0200: Memory Usage (474300K) : topmetal1_mask has 0 polygons
2026-08-23 19:45:00 +0200: Memory Usage (474428K) : topmetal1_nofill has 0 polygons
2026-08-23 19:45:00 +0200: Memory Usage (474428K) : topmetal1_text has 0 polygons
2026-08-23 19:45:00 +0200: Memory Usage (474556K) : topmetal1_noqrc has 0 polygons
2026-08-23 19:45:00 +0200: Memory Usage (474556K) : topmetal1_res has 0 polygons
2026-08-23 19:45:00 +0200: Memory Usage (474684K) : topmetal1_iprobe has 0 polygons
2026-08-23 19:45:00 +0200: Memory Usage (474684K) : topmetal1_diffprb has 0 polygons
2026-08-23 19:45:00 +0200: Memory Usage (474812K) : inldpwl_drw has 0 polygons
2026-08-23 19:45:00 +0200: Memory Usage (474812K) : polyres_drw has 1 polygons
2026-08-23 19:45:00 +0200: Memory Usage (474940K) : polyres_pin has 0 polygons
2026-08-23 19:45:00 +0200: Memory Usage (475068K) : vmim_drw has 0 polygons
2026-08-23 19:45:00 +0200: Memory Usage (475068K) : nbulaycut_drw has 0 polygons
2026-08-23 19:45:00 +0200: Memory Usage (475196K) : antmetal1_drw has 0 polygons
2026-08-23 19:45:00 +0200: Memory Usage (475196K) : topvia2_drw has 0 polygons
2026-08-23 19:45:00 +0200: Memory Usage (475324K) : topmetal2_drw has 0 polygons
2026-08-23 19:45:00 +0200: Memory Usage (475324K) : topmetal2_filler has 0 polygons
2026-08-23 19:45:00 +0200: Memory Usage (475452K) : topmetal2_slit has 0 polygons
2026-08-23 19:45:00 +0200: Memory Usage (475580K) : topmetal2 has 0 polygons
2026-08-23 19:45:00 +0200: Memory Usage (475580K) : topmetal2_pin has 0 polygons
2026-08-23 19:45:00 +0200: Memory Usage (475708K) : topmetal2_mask has 0 polygons
2026-08-23 19:45:00 +0200: Memory Usage (475708K) : topmetal2_nofill has 0 polygons
2026-08-23 19:45:00 +0200: Memory Usage (475836K) : topmetal2_text has 0 polygons
2026-08-23 19:45:00 +0200: Memory Usage (475964K) : topmetal2_noqrc has 0 polygons
2026-08-23 19:45:00 +0200: Memory Usage (475964K) : topmetal2_res has 0 polygons
2026-08-23 19:45:00 +0200: Memory Usage (476092K) : topmetal2_iprobe has 0 polygons
2026-08-23 19:45:00 +0200: Memory Usage (476092K) : topmetal2_diffprb has 0 polygons
2026-08-23 19:45:00 +0200: Memory Usage (476220K) : snsring_drw has 0 polygons
2026-08-23 19:45:00 +0200: Memory Usage (476220K) : sensor_drw has 0 polygons
2026-08-23 19:45:00 +0200: Memory Usage (476348K) : snsarms_drw has 0 polygons
2026-08-23 19:45:00 +0200: Memory Usage (476348K) : snscmosvia_drw has 0 polygons
2026-08-23 19:45:00 +0200: Memory Usage (476476K) : colwind_drw has 0 polygons
2026-08-23 19:45:00 +0200: Memory Usage (476604K) : flm_drw has 0 polygons
2026-08-23 19:45:00 +0200: Memory Usage (476604K) : hafniumox_drw has 0 polygons
2026-08-23 19:45:00 +0200: Memory Usage (476732K) : memvia_drw has 0 polygons
2026-08-23 19:45:00 +0200: Memory Usage (476732K) : thinfilmres_drw has 0 polygons
2026-08-23 19:45:00 +0200: Memory Usage (476860K) : rfmem_drw has 0 polygons
2026-08-23 19:45:00 +0200: Memory Usage (476860K) : norcx_drw has 0 polygons
2026-08-23 19:45:00 +0200: Memory Usage (476988K) : norcx_m2m3 has 0 polygons
2026-08-23 19:45:00 +0200: Memory Usage (476988K) : norcx_m2m4 has 0 polygons
2026-08-23 19:45:00 +0200: Memory Usage (477116K) : norcx_m2m5 has 0 polygons
2026-08-23 19:45:00 +0200: Memory Usage (477244K) : norcx_m2tm1 has 0 polygons
2026-08-23 19:45:00 +0200: Memory Usage (477244K) : norcx_m2tm2 has 0 polygons
2026-08-23 19:45:00 +0200: Memory Usage (477372K) : norcx_m3m4 has 0 polygons
2026-08-23 19:45:00 +0200: Memory Usage (477372K) : norcx_m3m5 has 0 polygons
2026-08-23 19:45:00 +0200: Memory Usage (477500K) : norcx_m3tm1 has 0 polygons
2026-08-23 19:45:00 +0200: Memory Usage (477500K) : norcx_m3tm2 has 0 polygons
2026-08-23 19:45:00 +0200: Memory Usage (477628K) : norcx_m4m5 has 0 polygons
2026-08-23 19:45:00 +0200: Memory Usage (477628K) : norcx_m4tm1 has 0 polygons
2026-08-23 19:45:00 +0200: Memory Usage (477756K) : norcx_m4tm2 has 0 polygons
2026-08-23 19:45:00 +0200: Memory Usage (477884K) : norcx_m5tm1 has 0 polygons
2026-08-23 19:45:00 +0200: Memory Usage (477884K) : norcx_m5tm2 has 0 polygons
2026-08-23 19:45:00 +0200: Memory Usage (478012K) : norcx_tm1tm2 has 0 polygons
2026-08-23 19:45:00 +0200: Memory Usage (478012K) : norcx_m1sub has 0 polygons
2026-08-23 19:45:00 +0200: Memory Usage (478140K) : norcx_m2sub has 0 polygons
2026-08-23 19:45:00 +0200: Memory Usage (478140K) : norcx_m3sub has 0 polygons
2026-08-23 19:45:00 +0200: Memory Usage (478268K) : norcx_m4sub has 0 polygons
2026-08-23 19:45:00 +0200: Memory Usage (478268K) : norcx_m5sub has 0 polygons
2026-08-23 19:45:00 +0200: Memory Usage (478396K) : norcx_tm1sub has 0 polygons
2026-08-23 19:45:00 +0200: Memory Usage (478524K) : norcx_tm2sub has 0 polygons
2026-08-23 19:45:00 +0200: Memory Usage (478524K) : snsbotvia_drw has 0 polygons
2026-08-23 19:45:00 +0200: Memory Usage (478652K) : snstopvia_drw has 0 polygons
2026-08-23 19:45:00 +0200: Memory Usage (478652K) : deepvia_drw has 0 polygons
2026-08-23 19:45:00 +0200: Memory Usage (478780K) : fgetch_drw has 0 polygons
2026-08-23 19:45:00 +0200: Memory Usage (478780K) : ctrgat_drw has 0 polygons
2026-08-23 19:45:00 +0200: Memory Usage (478908K) : fgimp_drw has 0 polygons
2026-08-23 19:45:00 +0200: Memory Usage (478908K) : emwihv_drw has 0 polygons
2026-08-23 19:45:00 +0200: Memory Usage (479036K) : lbe_drw has 0 polygons
2026-08-23 19:45:00 +0200: Memory Usage (479036K) : alcustop_drw has 0 polygons
2026-08-23 19:45:00 +0200: Memory Usage (479164K) : nometfiller_drw has 0 polygons
2026-08-23 19:45:00 +0200: Memory Usage (479292K) : prboundary_drw has 0 polygons
2026-08-23 19:45:00 +0200: Memory Usage (479292K) : exchange0_drw has 0 polygons
2026-08-23 19:45:00 +0200: Memory Usage (479420K) : exchange0_pin has 0 polygons
2026-08-23 19:45:00 +0200: Memory Usage (479420K) : exchange0_text has 0 polygons
2026-08-23 19:45:00 +0200: Memory Usage (479548K) : exchange1_drw has 0 polygons
2026-08-23 19:45:00 +0200: Memory Usage (479548K) : exchange1_pin has 0 polygons
2026-08-23 19:45:00 +0200: Memory Usage (479676K) : exchange1_text has 0 polygons
2026-08-23 19:45:00 +0200: Memory Usage (479676K) : exchange2_drw has 0 polygons
2026-08-23 19:45:00 +0200: Memory Usage (479804K) : exchange2_pin has 0 polygons
2026-08-23 19:45:00 +0200: Memory Usage (479804K) : exchange2_text has 0 polygons
2026-08-23 19:45:00 +0200: Memory Usage (479932K) : exchange3_drw has 0 polygons
2026-08-23 19:45:00 +0200: Memory Usage (479932K) : exchange3_pin has 0 polygons
2026-08-23 19:45:00 +0200: Memory Usage (480060K) : exchange3_text has 0 polygons
2026-08-23 19:45:00 +0200: Memory Usage (480188K) : exchange4_drw has 0 polygons
2026-08-23 19:45:00 +0200: Memory Usage (480188K) : exchange4_pin has 0 polygons
2026-08-23 19:45:00 +0200: Memory Usage (480316K) : exchange4_text has 0 polygons
2026-08-23 19:45:00 +0200: Memory Usage (480316K) : isonwell_drw has 0 polygons
2026-08-23 19:45:00 +0200: Memory Usage (480316K) : Total no. of polygons in the design is 341
2026-08-23 19:45:00 +0200: Memory Usage (480316K) : Starting CMOS5L Forbidden Layer Check
2026-08-23 19:45:00 +0200: Memory Usage (480572K) : CMOS5L Forbidden Layer Check: PASSED - No forbidden layers found
2026-08-23 19:45:00 +0200: Memory Usage (480572K) : CMOS5L Forbidden Layer Check: PASSED
2026-08-23 19:45:00 +0200: Memory Usage (480572K) : Starting base layers derivations
2026-08-23 19:45:00 +0200: Memory Usage (480572K) : Starting general LVS derivations
2026-08-23 19:45:00 +0200: Memory Usage (484444K) : Starting MOSFET DERIVATIONS
2026-08-23 19:45:00 +0200: Memory Usage (486620K) : Starting NMOS DERIVATIONS
2026-08-23 19:45:00 +0200: Memory Usage (486876K) : Starting PMOS DERIVATIONS
2026-08-23 19:45:00 +0200: Memory Usage (487132K) : Starting RF-MOSFET DERIVATIONS
2026-08-23 19:45:00 +0200: Memory Usage (487132K) : Starting RF-NMOS DERIVATIONS
2026-08-23 19:45:00 +0200: Memory Usage (487388K) : Starting RF-PMOS DERIVATIONS
2026-08-23 19:45:00 +0200: Memory Usage (487644K) : Starting BJT DERIVATIONS
2026-08-23 19:45:00 +0200: Memory Usage (487644K) : Starting NPN-BJT DERIVATIONS
2026-08-23 19:45:00 +0200: Memory Usage (488668K) : Starting PNP-BJT DERIVATIONS
2026-08-23 19:45:00 +0200: Memory Usage (488668K) : Starting DIODE DERIVATIONS
2026-08-23 19:45:00 +0200: Memory Usage (488796K) : Starting RESISTOR DERIVATIONS
2026-08-23 19:45:00 +0200: Memory Usage (489052K) : Starting CAP DERIVATIONS
2026-08-23 19:45:00 +0200: Memory Usage (489052K) : Starting CAP_MFRINGE DERIVATIONS
2026-08-23 19:45:00 +0200: Memory Usage (489052K) : Starting ESD DERIVATIONS
2026-08-23 19:45:00 +0200: Memory Usage (489052K) : Starting Inductor DERIVATIONS
2026-08-23 19:45:00 +0200: Memory Usage (489692K) : Starting Taps DERIVATIONS
2026-08-23 19:45:00 +0200: Memory Usage (490716K) : Starting SG13G2 LVS connectivity setup
2026-08-23 19:45:00 +0200: Memory Usage (490716K) : Starting SG13G2 LVS connectivity setup (Inter-layer)
2026-08-23 19:45:00 +0200: Memory Usage (490716K) : Starting SG13G2 LVS connectivity setup (Global)
2026-08-23 19:45:00 +0200: Memory Usage (490716K) : Starting LVS MOSFET CONNECTIONS
2026-08-23 19:45:00 +0200: Memory Usage (490716K) : Starting LVS RF-MOSFET CONNECTIONS
2026-08-23 19:45:00 +0200: Memory Usage (490716K) : Starting LVS BJT CONNECTIONS
2026-08-23 19:45:00 +0200: Memory Usage (490716K) : Starting LVS DIODE CONNECTIONS
2026-08-23 19:45:00 +0200: Memory Usage (490716K) : Starting RESISTOR CONNECTIONS
2026-08-23 19:45:00 +0200: Memory Usage (490716K) : Starting LVS CAP CONNECTIONS
2026-08-23 19:45:00 +0200: Memory Usage (490716K) : Starting ESD CONNECTIONS
2026-08-23 19:45:00 +0200: Memory Usage (490716K) : Starting Inductor CONNECTIONS
2026-08-23 19:45:00 +0200: Memory Usage (490716K) : Starting LVS Taps CONNECTIONS
2026-08-23 19:45:00 +0200: Memory Usage (490716K) : Starting CAP_MFRINGE CONNECTIONS
2026-08-23 19:45:00 +0200: Memory Usage (490716K) : Starting SG13CMOS5L LVS DEVICES EXTRACTION
2026-08-23 19:45:00 +0200: Memory Usage (490716K) : Starting MOSFET EXTRACTION
2026-08-23 19:45:00 +0200: Memory Usage (490716K) : Starting NMOS EXTRACTION
2026-08-23 19:45:00 +0200: Memory Usage (490716K) : Extraction of NMOS-LV transistor
2026-08-23 19:45:00 +0200: Memory Usage (490844K) : Extraction of NMOS-HV transistor
2026-08-23 19:45:00 +0200: Memory Usage (490844K) : Starting PMOS EXTRACTION
2026-08-23 19:45:00 +0200: Memory Usage (490844K) : Extraction of PMOS-LV transistor
2026-08-23 19:45:00 +0200: Memory Usage (490844K) : Extraction of PMOS-HV transistor
2026-08-23 19:45:00 +0200: Memory Usage (490844K) : Starting RF-MOSFET EXTRACTION
2026-08-23 19:45:00 +0200: Memory Usage (490844K) : Extraction of RF-NMOS-LV transistor
2026-08-23 19:45:00 +0200: Memory Usage (490844K) : Extraction of RF-NMOS-HV transistor
2026-08-23 19:45:00 +0200: Memory Usage (490844K) : Extraction of RF-PMOS-LV transistor
2026-08-23 19:45:00 +0200: Memory Usage (490844K) : Extraction of RF-PMOS-HV transistor
2026-08-23 19:45:00 +0200: Memory Usage (490844K) : Starting BJT EXTRACTION
2026-08-23 19:45:00 +0200: Memory Usage (490844K) : Starting NPN-BJT EXTRACTION
2026-08-23 19:45:00 +0200: Memory Usage (490844K) : Extraction of npn13G2 BJT transistor
2026-08-23 19:45:00 +0200: Memory Usage (490844K) : Extraction of npn13G2L BJT transistor
2026-08-23 19:45:00 +0200: Memory Usage (490844K) : Extraction of npn13G2V BJT transistor
2026-08-23 19:45:00 +0200: Memory Usage (490844K) : Starting PNP-BJT EXTRACTION
2026-08-23 19:45:00 +0200: Memory Usage (490844K) : Extracting pnpMPA BJT
2026-08-23 19:45:00 +0200: Memory Usage (490844K) : Starting DIODE EXTRACTION
2026-08-23 19:45:00 +0200: Memory Usage (490844K) : Extracting dantenna diode
2026-08-23 19:45:00 +0200: Memory Usage (490844K) : Extracting dpantenna diode
2026-08-23 19:45:00 +0200: Memory Usage (490844K) : Extracting schottky_nbl1 diode
2026-08-23 19:45:00 +0200: Memory Usage (490844K) : Extracting isolbox diode
2026-08-23 19:45:00 +0200: Memory Usage (490844K) : Starting RESISTOR EXTRACTION
2026-08-23 19:45:00 +0200: Memory Usage (490844K) : Extracting rsil resistor
2026-08-23 19:45:00 +0200: Memory Usage (490844K) : Extracting rppd resistor
2026-08-23 19:45:01 +0200: Memory Usage (490972K) : Extracting rhigh resistor
2026-08-23 19:45:01 +0200: Memory Usage (490972K) : Extracting res_metal1 resistor
2026-08-23 19:45:01 +0200: Memory Usage (490972K) : Extracting res_metal2 resistor
2026-08-23 19:45:01 +0200: Memory Usage (490972K) : Extracting res_metal3 resistor
2026-08-23 19:45:01 +0200: Memory Usage (490972K) : Extracting res_metal4 resistor
2026-08-23 19:45:01 +0200: Memory Usage (490972K) : Extracting res_metal5 resistor
2026-08-23 19:45:01 +0200: Memory Usage (490972K) : Extracting res_topmetal1 resistor
2026-08-23 19:45:01 +0200: Memory Usage (490972K) : Extracting res_topmetal2 resistor
2026-08-23 19:45:01 +0200: Memory Usage (490972K) : Starting CAP EXTRACTION
2026-08-23 19:45:01 +0200: Memory Usage (490972K) : Extracting cap_cmim device
2026-08-23 19:45:01 +0200: Memory Usage (490972K) : Extracting rfcmim device
2026-08-23 19:45:01 +0200: Memory Usage (490972K) : Extracting sg13_hv_svaricap varactor
2026-08-23 19:45:01 +0200: Memory Usage (490972K) : Extracting cap_mfringe device
2026-08-23 19:45:01 +0200: Memory Usage (490972K) : Starting ESD EXTRACTION
2026-08-23 19:45:01 +0200: Memory Usage (490972K) : Extracting diodevdd_2kv ESD device
2026-08-23 19:45:01 +0200: Memory Usage (490972K) : Extracting diodevdd_4kv ESD device
2026-08-23 19:45:01 +0200: Memory Usage (490972K) : Extracting diodevss_2kv ESD device
2026-08-23 19:45:01 +0200: Memory Usage (490972K) : Extracting diodevss_4kv ESD device
2026-08-23 19:45:01 +0200: Memory Usage (490972K) : Extracting idiodevdd_2kv ESD device
2026-08-23 19:45:01 +0200: Memory Usage (490972K) : Extracting idiodevdd_4kv ESD device
2026-08-23 19:45:01 +0200: Memory Usage (490972K) : Extracting idiodevss_2kv ESD device
2026-08-23 19:45:01 +0200: Memory Usage (490972K) : Extracting idiodevss_4kv ESD device
2026-08-23 19:45:01 +0200: Memory Usage (490972K) : Extracting nmoscl_2 ESD device
2026-08-23 19:45:01 +0200: Memory Usage (490972K) : Extracting nmoscl_4 ESD device
2026-08-23 19:45:01 +0200: Memory Usage (490972K) : Starting Inductor EXTRACTION
2026-08-23 19:45:01 +0200: Memory Usage (490972K) : Extracting Inductor2 device
2026-08-23 19:45:01 +0200: Memory Usage (490972K) : Extracting Inductor3 device
2026-08-23 19:45:01 +0200: Memory Usage (490972K) : Starting Taps EXTRACTION
2026-08-23 19:45:01 +0200: Memory Usage (490972K) : DISABLE_TAP_EXTRACTION is enabled: skipping ntap1/ptap1 device extraction.
2026-08-23 19:45:01 +0200: Memory Usage (490972K) : Starting SG13CMOS5L LVS RF MOS Model Mapping
2026-08-23 19:45:01 +0200: Memory Usage (490972K) : [layout_netlist] Apply RF MOS model mapping and rfmode parameter.
2026-08-23 19:45:01 +0200: Memory Usage (491100K) : Starting SG13CMOS5L LVS Options Preparations
2026-08-23 19:45:01 +0200: Memory Usage (491100K) : SG13CMOS5L LVS flow: extraction -> alignment -> option preparation -> comparison.
2026-08-23 19:45:01 +0200: Memory Usage (491100K) : Starting SG13CMOS5L LVS Alignment
2026-08-23 19:45:01 +0200: Memory Usage (491228K) : Starting SG13CMOS5L LVS Simplification
2026-08-23 19:45:01 +0200: Memory Usage (491228K) : [layout_netlist] simplify: ENABLED
2026-08-23 19:45:01 +0200: Memory Usage (491228K) : [layout_netlist] make_top_level_pins: SKIPPED
2026-08-23 19:45:01 +0200: Memory Usage (491228K) : [layout_netlist] combine_devices: SKIPPED
2026-08-23 19:45:01 +0200: Memory Usage (491228K) : [layout_netlist] purge: SKIPPED
2026-08-23 19:45:01 +0200: Memory Usage (491228K) : [layout_netlist] purge_nets: SKIPPED
2026-08-23 19:45:01 +0200: Memory Usage (491228K) : [schematic_netlist] simplify: ENABLED
2026-08-23 19:45:01 +0200: Memory Usage (491228K) : [schematic_netlist] make_top_level_pins: SKIPPED
2026-08-23 19:45:01 +0200: Memory Usage (491228K) : [schematic_netlist] combine_devices: SKIPPED
2026-08-23 19:45:01 +0200: Memory Usage (491228K) : [schematic_netlist] purge: SKIPPED
2026-08-23 19:45:01 +0200: Memory Usage (491228K) : [schematic_netlist] purge_nets: SKIPPED
2026-08-23 19:45:01 +0200: Memory Usage (491228K) : Starting SG13CMOS5L LVS Comparison in strict port mode.
2026-08-23 19:45:01 +0200: Memory Usage (491228K) : flag_missing_ports enabled: missing/mislabeled top-level ports are treated as errors.
2026-08-23 19:45:01 +0200: Memory Usage (491356K) : ==========================================
2026-08-23 19:45:01 +0200: Memory Usage (491356K) : INFO : Congratulations! Netlists match.
2026-08-23 19:45:01 +0200: Memory Usage (491356K) : ==========================================
2026-08-23 19:45:01 +0200: Memory Usage (491356K) : LVS Total Run time 0.978130 seconds
