# Logfile created on 2026-08-13 22:30:32 +0200 by logger.rb/v1.5.3
2026-08-13 22:30:32 +0200: Memory Usage (457512K) : Starting running SG13CMOS5L Klayout LVS runset on /foss/designs/CHIP-PLL/layout/CP/vbias/vbias.gds
2026-08-13 22:30:32 +0200: Memory Usage (457512K) : Ruby Version for klayout: 3.2.3
2026-08-13 22:30:32 +0200: Memory Usage (458932K) : Loading database to memory is complete.
2026-08-13 22:30:32 +0200: Memory Usage (458932K) : SG13CMOS5L Klayout LVS runset output at: /foss/designs/CHIP-PLL/layout/CP/lvs/vbias.lvsdb
2026-08-13 22:30:32 +0200: Memory Usage (458932K) : Evaluate switches.
2026-08-13 22:30:32 +0200: Memory Usage (458932K) : Extracted netlist with net names: true
2026-08-13 22:30:32 +0200: Memory Usage (458932K) : Extracted netlist with comments in details: false
2026-08-13 22:30:32 +0200: Memory Usage (458932K) : Selected NET_ONLY option: false
2026-08-13 22:30:32 +0200: Memory Usage (458932K) : Selected LAYOUT_NETLIST option: (none)
2026-08-13 22:30:32 +0200: Memory Usage (458932K) : Selected IGNORE_TOP_PORTS_MISMATCH option: 
2026-08-13 22:30:32 +0200: Memory Usage (458932K) : Selected IMPLICIT_NETS option: (none)
2026-08-13 22:30:32 +0200: Memory Usage (458932K) : Selected TOP_LVL_PINS option: false
2026-08-13 22:30:32 +0200: Memory Usage (458932K) : Selected COMBINE DEVICES option: false
2026-08-13 22:30:32 +0200: Memory Usage (458932K) : Selected PURGE option: false
2026-08-13 22:30:32 +0200: Memory Usage (458932K) : Selected PURGE_NETS option: false
2026-08-13 22:30:32 +0200: Memory Usage (458932K) : Selected SIMPLIFY option: true
2026-08-13 22:30:32 +0200: Memory Usage (458932K) : Selected SERIES_RES option: true
2026-08-13 22:30:32 +0200: Memory Usage (458932K) : Selected PARALLEL_RES option: true
2026-08-13 22:30:32 +0200: Memory Usage (458932K) : Selected DISABLE_TAP_EXTRACTION option: true
2026-08-13 22:30:32 +0200: Memory Usage (458932K) : deep  mode is enabled.
2026-08-13 22:30:32 +0200: Memory Usage (459372K) : Netlist file: /foss/designs/CHIP-PLL/layout/CP/netlists/vbias.spice
2026-08-13 22:30:32 +0200: Memory Usage (459372K) : LVS extracted netlist at: /foss/designs/CHIP-PLL/layout/CP/lvs/vbias_extracted.cir
2026-08-13 22:30:32 +0200: Memory Usage (459372K) : Applying SRAM integration support.
2026-08-13 22:30:32 +0200: Memory Usage (459372K) : Starting SG13CMOS5L LVS runset
2026-08-13 22:30:32 +0200: Memory Usage (459372K) : Read in polygons from layers.
2026-08-13 22:30:32 +0200: Memory Usage (460220K) : activ_drw has 43 polygons
2026-08-13 22:30:32 +0200: Memory Usage (460220K) : activ_filler has 0 polygons
2026-08-13 22:30:32 +0200: Memory Usage (460388K) : activ has 43 polygons
2026-08-13 22:30:32 +0200: Memory Usage (460388K) : activ_pin has 0 polygons
2026-08-13 22:30:32 +0200: Memory Usage (460388K) : activ_mask has 0 polygons
2026-08-13 22:30:32 +0200: Memory Usage (460388K) : activ_nofill has 0 polygons
2026-08-13 22:30:32 +0200: Memory Usage (460388K) : activ_OPC has 0 polygons
2026-08-13 22:30:32 +0200: Memory Usage (460388K) : activ_iOPC has 0 polygons
2026-08-13 22:30:32 +0200: Memory Usage (460388K) : activ_noqrc has 0 polygons
2026-08-13 22:30:32 +0200: Memory Usage (460388K) : biwind_drw has 0 polygons
2026-08-13 22:30:32 +0200: Memory Usage (460388K) : biwind_OPC has 0 polygons
2026-08-13 22:30:32 +0200: Memory Usage (460388K) : gatpoly_drw has 39 polygons
2026-08-13 22:30:32 +0200: Memory Usage (460388K) : gatpoly_filler has 0 polygons
2026-08-13 22:30:32 +0200: Memory Usage (460388K) : gatpoly has 39 polygons
2026-08-13 22:30:32 +0200: Memory Usage (460388K) : gatpoly_pin has 9 polygons
2026-08-13 22:30:32 +0200: Memory Usage (460516K) : gatpoly_nofill has 0 polygons
2026-08-13 22:30:32 +0200: Memory Usage (460516K) : gatpoly_OPC has 0 polygons
2026-08-13 22:30:32 +0200: Memory Usage (460516K) : gatpoly_iOPC has 0 polygons
2026-08-13 22:30:32 +0200: Memory Usage (460516K) : gatpoly_noqrc has 0 polygons
2026-08-13 22:30:32 +0200: Memory Usage (460516K) : cont_drw has 182 polygons
2026-08-13 22:30:32 +0200: Memory Usage (460516K) : cont_OPC has 0 polygons
2026-08-13 22:30:32 +0200: Memory Usage (460644K) : nsd_drw has 0 polygons
2026-08-13 22:30:32 +0200: Memory Usage (460644K) : nsd_block has 0 polygons
2026-08-13 22:30:32 +0200: Memory Usage (461084K) : metal1_drw has 131 polygons
2026-08-13 22:30:32 +0200: Memory Usage (461084K) : metal1_filler has 0 polygons
2026-08-13 22:30:32 +0200: Memory Usage (461212K) : metal1_slit has 0 polygons
2026-08-13 22:30:32 +0200: Memory Usage (461724K) : metal1 has 131 polygons
2026-08-13 22:30:32 +0200: Memory Usage (461724K) : metal1_pin has 32 polygons
2026-08-13 22:30:32 +0200: Memory Usage (461724K) : metal1_mask has 0 polygons
2026-08-13 22:30:32 +0200: Memory Usage (461852K) : metal1_nofill has 0 polygons
2026-08-13 22:30:32 +0200: Memory Usage (462164K) : metal1_text has 4 polygons
2026-08-13 22:30:32 +0200: Memory Usage (462164K) : metal1_OPC has 0 polygons
2026-08-13 22:30:32 +0200: Memory Usage (462164K) : metal1_noqrc has 0 polygons
2026-08-13 22:30:32 +0200: Memory Usage (462164K) : metal1_res has 0 polygons
2026-08-13 22:30:32 +0200: Memory Usage (462292K) : metal1_iprobe has 0 polygons
2026-08-13 22:30:32 +0200: Memory Usage (462292K) : metal1_diffprb has 0 polygons
2026-08-13 22:30:32 +0200: Memory Usage (462420K) : passiv_drw has 0 polygons
2026-08-13 22:30:32 +0200: Memory Usage (462420K) : passiv_pin has 0 polygons
2026-08-13 22:30:32 +0200: Memory Usage (462548K) : passiv_sbump has 0 polygons
2026-08-13 22:30:32 +0200: Memory Usage (462548K) : passiv_pillar has 0 polygons
2026-08-13 22:30:32 +0200: Memory Usage (462676K) : passiv_pdl has 0 polygons
2026-08-13 22:30:32 +0200: Memory Usage (462804K) : metal2_drw has 41 polygons
2026-08-13 22:30:32 +0200: Memory Usage (462804K) : metal2_filler has 0 polygons
2026-08-13 22:30:32 +0200: Memory Usage (462932K) : metal2_slit has 0 polygons
2026-08-13 22:30:32 +0200: Memory Usage (463060K) : metal2 has 41 polygons
2026-08-13 22:30:32 +0200: Memory Usage (463060K) : metal2_pin has 2 polygons
2026-08-13 22:30:32 +0200: Memory Usage (463188K) : metal2_mask has 0 polygons
2026-08-13 22:30:32 +0200: Memory Usage (463188K) : metal2_nofill has 0 polygons
2026-08-13 22:30:32 +0200: Memory Usage (463316K) : metal2_text has 2 polygons
2026-08-13 22:30:32 +0200: Memory Usage (463316K) : metal2_OPC has 0 polygons
2026-08-13 22:30:32 +0200: Memory Usage (463444K) : metal2_noqrc has 0 polygons
2026-08-13 22:30:32 +0200: Memory Usage (463444K) : metal2_res has 0 polygons
2026-08-13 22:30:32 +0200: Memory Usage (463572K) : metal2_iprobe has 0 polygons
2026-08-13 22:30:32 +0200: Memory Usage (463572K) : metal2_diffprb has 0 polygons
2026-08-13 22:30:32 +0200: Memory Usage (463828K) : baspoly_drw has 0 polygons
2026-08-13 22:30:32 +0200: Memory Usage (463828K) : baspoly_pin has 0 polygons
2026-08-13 22:30:32 +0200: Memory Usage (463956K) : psd_drw has 12 polygons
2026-08-13 22:30:32 +0200: Memory Usage (463956K) : nldb_drw has 0 polygons
2026-08-13 22:30:32 +0200: Memory Usage (464084K) : digibnd_drw has 0 polygons
2026-08-13 22:30:32 +0200: Memory Usage (464084K) : via1_drw has 17 polygons
2026-08-13 22:30:32 +0200: Memory Usage (464212K) : backmetal1_drw has 0 polygons
2026-08-13 22:30:32 +0200: Memory Usage (464212K) : backmetal1_pin has 0 polygons
2026-08-13 22:30:32 +0200: Memory Usage (464340K) : backmetal1_mask has 0 polygons
2026-08-13 22:30:32 +0200: Memory Usage (464468K) : backmetal1_filler has 0 polygons
2026-08-13 22:30:32 +0200: Memory Usage (464596K) : backmetal1_nofill has 0 polygons
2026-08-13 22:30:32 +0200: Memory Usage (464596K) : backmetal1_slit has 0 polygons
2026-08-13 22:30:32 +0200: Memory Usage (464724K) : backmetal1_text has 0 polygons
2026-08-13 22:30:32 +0200: Memory Usage (464724K) : backmetal1_OPC has 0 polygons
2026-08-13 22:30:32 +0200: Memory Usage (464852K) : backmetal1_noqrc has 0 polygons
2026-08-13 22:30:32 +0200: Memory Usage (464852K) : backmetal1_res has 0 polygons
2026-08-13 22:30:32 +0200: Memory Usage (464980K) : backmetal1_iprobe has 0 polygons
2026-08-13 22:30:32 +0200: Memory Usage (464980K) : backmetal1_diffprb has 0 polygons
2026-08-13 22:30:32 +0200: Memory Usage (465108K) : backpassiv_drw has 0 polygons
2026-08-13 22:30:32 +0200: Memory Usage (465108K) : res_drw has 0 polygons
2026-08-13 22:30:32 +0200: Memory Usage (465236K) : sram_drw has 0 polygons
2026-08-13 22:30:32 +0200: Memory Usage (465236K) : trans_drw has 0 polygons
2026-08-13 22:30:32 +0200: Memory Usage (465364K) : ind_drw has 0 polygons
2026-08-13 22:30:32 +0200: Memory Usage (465492K) : ind_pin has 0 polygons
2026-08-13 22:30:32 +0200: Memory Usage (465492K) : ind_text has 0 polygons
2026-08-13 22:30:32 +0200: Memory Usage (465620K) : salblock_drw has 2 polygons
2026-08-13 22:30:32 +0200: Memory Usage (465748K) : via2_drw has 8 polygons
2026-08-13 22:30:32 +0200: Memory Usage (465876K) : metal3_drw has 15 polygons
2026-08-13 22:30:32 +0200: Memory Usage (465876K) : metal3_filler has 0 polygons
2026-08-13 22:30:32 +0200: Memory Usage (466004K) : metal3_slit has 0 polygons
2026-08-13 22:30:32 +0200: Memory Usage (466132K) : metal3 has 15 polygons
2026-08-13 22:30:32 +0200: Memory Usage (466132K) : metal3_pin has 0 polygons
2026-08-13 22:30:32 +0200: Memory Usage (466260K) : metal3_mask has 0 polygons
2026-08-13 22:30:32 +0200: Memory Usage (466260K) : metal3_nofill has 0 polygons
2026-08-13 22:30:32 +0200: Memory Usage (466388K) : metal3_text has 0 polygons
2026-08-13 22:30:32 +0200: Memory Usage (466388K) : metal3_OPC has 0 polygons
2026-08-13 22:30:32 +0200: Memory Usage (466516K) : metal3_noqrc has 0 polygons
2026-08-13 22:30:32 +0200: Memory Usage (466516K) : metal3_res has 0 polygons
2026-08-13 22:30:32 +0200: Memory Usage (466516K) : metal3_iprobe has 0 polygons
2026-08-13 22:30:32 +0200: Memory Usage (466644K) : metal3_diffprb has 0 polygons
2026-08-13 22:30:32 +0200: Memory Usage (466644K) : nwell_drw has 11 polygons
2026-08-13 22:30:32 +0200: Memory Usage (466644K) : nwell_pin has 2 polygons
2026-08-13 22:30:32 +0200: Memory Usage (466772K) : nwell_text has 0 polygons
2026-08-13 22:30:32 +0200: Memory Usage (466772K) : nbulay_drw has 0 polygons
2026-08-13 22:30:32 +0200: Memory Usage (466772K) : nbulay_pin has 0 polygons
2026-08-13 22:30:32 +0200: Memory Usage (466772K) : nbulay_block has 0 polygons
2026-08-13 22:30:32 +0200: Memory Usage (466900K) : emwind_drw has 0 polygons
2026-08-13 22:30:32 +0200: Memory Usage (466900K) : emwind_OPC has 0 polygons
2026-08-13 22:30:32 +0200: Memory Usage (466900K) : deepco_drw has 0 polygons
2026-08-13 22:30:32 +0200: Memory Usage (467028K) : mim_drw has 0 polygons
2026-08-13 22:30:32 +0200: Memory Usage (467028K) : edgeseal_drw has 0 polygons
2026-08-13 22:30:32 +0200: Memory Usage (467028K) : substrate_drw has 6 polygons
2026-08-13 22:30:32 +0200: Memory Usage (467156K) : substrate_text has 0 polygons
2026-08-13 22:30:32 +0200: Memory Usage (467284K) : dfpad_drw has 0 polygons
2026-08-13 22:30:32 +0200: Memory Usage (467284K) : dfpad_pillar has 0 polygons
2026-08-13 22:30:32 +0200: Memory Usage (467412K) : dfpad_sbump has 0 polygons
2026-08-13 22:30:32 +0200: Memory Usage (467412K) : thickgateox_drw has 0 polygons
2026-08-13 22:30:32 +0200: Memory Usage (467540K) : pldb_drw has 0 polygons
2026-08-13 22:30:32 +0200: Memory Usage (467540K) : pwell_drw has 0 polygons
2026-08-13 22:30:32 +0200: Memory Usage (467668K) : pwell_pin has 0 polygons
2026-08-13 22:30:32 +0200: Memory Usage (467668K) : pwell_block has 0 polygons
2026-08-13 22:30:32 +0200: Memory Usage (467796K) : ic_drw has 0 polygons
2026-08-13 22:30:32 +0200: Memory Usage (467796K) : via3_drw has 0 polygons
2026-08-13 22:30:32 +0200: Memory Usage (467924K) : metal4_drw has 0 polygons
2026-08-13 22:30:32 +0200: Memory Usage (468052K) : metal4_filler has 0 polygons
2026-08-13 22:30:32 +0200: Memory Usage (468052K) : metal4_slit has 0 polygons
2026-08-13 22:30:32 +0200: Memory Usage (468180K) : metal4 has 0 polygons
2026-08-13 22:30:32 +0200: Memory Usage (468308K) : metal4_pin has 0 polygons
2026-08-13 22:30:32 +0200: Memory Usage (468308K) : metal4_mask has 0 polygons
2026-08-13 22:30:32 +0200: Memory Usage (468436K) : metal4_nofill has 0 polygons
2026-08-13 22:30:32 +0200: Memory Usage (468436K) : metal4_text has 0 polygons
2026-08-13 22:30:32 +0200: Memory Usage (468564K) : metal4_OPC has 0 polygons
2026-08-13 22:30:32 +0200: Memory Usage (468564K) : metal4_noqrc has 0 polygons
2026-08-13 22:30:32 +0200: Memory Usage (468692K) : metal4_res has 0 polygons
2026-08-13 22:30:32 +0200: Memory Usage (468692K) : metal4_iprobe has 0 polygons
2026-08-13 22:30:32 +0200: Memory Usage (468820K) : metal4_diffprb has 0 polygons
2026-08-13 22:30:32 +0200: Memory Usage (468948K) : heattrans_drw has 13 polygons
2026-08-13 22:30:32 +0200: Memory Usage (468948K) : heatres_drw has 2 polygons
2026-08-13 22:30:32 +0200: Memory Usage (469076K) : fbe_drw has 0 polygons
2026-08-13 22:30:32 +0200: Memory Usage (469076K) : empoly_drw has 0 polygons
2026-08-13 22:30:32 +0200: Memory Usage (469076K) : digisub_drw has 0 polygons
2026-08-13 22:30:32 +0200: Memory Usage (469204K) : text_drw has 19 polygons
2026-08-13 22:30:32 +0200: Memory Usage (469204K) : via4_drw has 0 polygons
2026-08-13 22:30:32 +0200: Memory Usage (469204K) : metal5_drw has 0 polygons
2026-08-13 22:30:32 +0200: Memory Usage (469332K) : metal5_filler has 0 polygons
2026-08-13 22:30:32 +0200: Memory Usage (469332K) : metal5_slit has 0 polygons
2026-08-13 22:30:32 +0200: Memory Usage (469460K) : metal5 has 0 polygons
2026-08-13 22:30:32 +0200: Memory Usage (469460K) : metal5_pin has 0 polygons
2026-08-13 22:30:32 +0200: Memory Usage (469588K) : metal5_mask has 0 polygons
2026-08-13 22:30:32 +0200: Memory Usage (469588K) : metal5_nofill has 0 polygons
2026-08-13 22:30:32 +0200: Memory Usage (469716K) : metal5_text has 0 polygons
2026-08-13 22:30:32 +0200: Memory Usage (469844K) : metal5_OPC has 0 polygons
2026-08-13 22:30:32 +0200: Memory Usage (469844K) : metal5_noqrc has 0 polygons
2026-08-13 22:30:32 +0200: Memory Usage (469972K) : metal5_res has 0 polygons
2026-08-13 22:30:32 +0200: Memory Usage (469972K) : metal5_iprobe has 0 polygons
2026-08-13 22:30:32 +0200: Memory Usage (470100K) : metal5_diffprb has 0 polygons
2026-08-13 22:30:32 +0200: Memory Usage (470100K) : radhard_drw has 0 polygons
2026-08-13 22:30:32 +0200: Memory Usage (470228K) : memcap_drw has 0 polygons
2026-08-13 22:30:32 +0200: Memory Usage (470228K) : varicap_drw has 0 polygons
2026-08-13 22:30:32 +0200: Memory Usage (470356K) : intbondvia_drw has 0 polygons
2026-08-13 22:30:32 +0200: Memory Usage (470356K) : intbondmet_drw has 0 polygons
2026-08-13 22:30:32 +0200: Memory Usage (470484K) : devbondvia_drw has 0 polygons
2026-08-13 22:30:32 +0200: Memory Usage (470612K) : devbondmet_drw has 0 polygons
2026-08-13 22:30:32 +0200: Memory Usage (470612K) : devtrench_drw has 0 polygons
2026-08-13 22:30:32 +0200: Memory Usage (470740K) : redist_drw has 0 polygons
2026-08-13 22:30:32 +0200: Memory Usage (470740K) : graphbot_drw has 0 polygons
2026-08-13 22:30:32 +0200: Memory Usage (470868K) : graphtop_drw has 0 polygons
2026-08-13 22:30:32 +0200: Memory Usage (470868K) : antvia1_drw has 0 polygons
2026-08-13 22:30:32 +0200: Memory Usage (470996K) : antmetal2_drw has 0 polygons
2026-08-13 22:30:32 +0200: Memory Usage (470996K) : graphcont_drw has 0 polygons
2026-08-13 22:30:32 +0200: Memory Usage (471124K) : siwg_drw has 0 polygons
2026-08-13 22:30:32 +0200: Memory Usage (471124K) : siwg_filler has 0 polygons
2026-08-13 22:30:32 +0200: Memory Usage (471252K) : siwg_nofill has 0 polygons
2026-08-13 22:30:32 +0200: Memory Usage (471252K) : sigrating_drw has 0 polygons
2026-08-13 22:30:32 +0200: Memory Usage (471252K) : singrating_drw has 0 polygons
2026-08-13 22:30:32 +0200: Memory Usage (471380K) : graphpas_drw has 0 polygons
2026-08-13 22:30:32 +0200: Memory Usage (471380K) : emwind3_drw has 0 polygons
2026-08-13 22:30:32 +0200: Memory Usage (471380K) : emwihv3_drw has 0 polygons
2026-08-13 22:30:32 +0200: Memory Usage (471508K) : redbulay_drw has 0 polygons
2026-08-13 22:30:32 +0200: Memory Usage (471508K) : smos_drw has 0 polygons
2026-08-13 22:30:32 +0200: Memory Usage (471508K) : graphpad_drw has 0 polygons
2026-08-13 22:30:32 +0200: Memory Usage (471636K) : polimide_drw has 0 polygons
2026-08-13 22:30:32 +0200: Memory Usage (471636K) : polimide_pin has 0 polygons
2026-08-13 22:30:32 +0200: Memory Usage (471764K) : recog_drw has 0 polygons
2026-08-13 22:30:32 +0200: Memory Usage (471764K) : recog_pin has 0 polygons
2026-08-13 22:30:32 +0200: Memory Usage (471892K) : recog_esd has 0 polygons
2026-08-13 22:30:32 +0200: Memory Usage (472020K) : recog_diode has 0 polygons
2026-08-13 22:30:32 +0200: Memory Usage (472020K) : recog_tsv has 0 polygons
2026-08-13 22:30:32 +0200: Memory Usage (472148K) : recog_iprobe has 0 polygons
2026-08-13 22:30:32 +0200: Memory Usage (472148K) : recog_diffprb has 0 polygons
2026-08-13 22:30:32 +0200: Memory Usage (472276K) : recog_pillar has 0 polygons
2026-08-13 22:30:32 +0200: Memory Usage (472276K) : recog_sbump has 0 polygons
2026-08-13 22:30:32 +0200: Memory Usage (472404K) : recog_otp has 0 polygons
2026-08-13 22:30:32 +0200: Memory Usage (472404K) : recog_pdiode has 0 polygons
2026-08-13 22:30:32 +0200: Memory Usage (472532K) : recog_mom has 0 polygons
2026-08-13 22:30:32 +0200: Memory Usage (472532K) : recog_pcm has 0 polygons
2026-08-13 22:30:32 +0200: Memory Usage (472660K) : colopen_drw has 0 polygons
2026-08-13 22:30:32 +0200: Memory Usage (472788K) : graphmetal1_drw has 0 polygons
2026-08-13 22:30:32 +0200: Memory Usage (472788K) : graphmetal1_filler has 0 polygons
2026-08-13 22:30:32 +0200: Memory Usage (472916K) : graphmetal1_nofill has 0 polygons
2026-08-13 22:30:32 +0200: Memory Usage (472916K) : graphmetal1_slit has 0 polygons
2026-08-13 22:30:32 +0200: Memory Usage (473044K) : graphmetal1_OPC has 0 polygons
2026-08-13 22:30:32 +0200: Memory Usage (473044K) : graphmet1l_drw has 0 polygons
2026-08-13 22:30:32 +0200: Memory Usage (473172K) : graphmet1l_filler has 0 polygons
2026-08-13 22:30:32 +0200: Memory Usage (473172K) : graphmet1l_nofill has 0 polygons
2026-08-13 22:30:32 +0200: Memory Usage (473300K) : graphmet1l_slit has 0 polygons
2026-08-13 22:30:32 +0200: Memory Usage (473300K) : graphmet1l_OPC has 0 polygons
2026-08-13 22:30:32 +0200: Memory Usage (473428K) : extblock_drw has 6 polygons
2026-08-13 22:30:32 +0200: Memory Usage (473556K) : nldd_drw has 0 polygons
2026-08-13 22:30:32 +0200: Memory Usage (473556K) : pldd_drw has 0 polygons
2026-08-13 22:30:32 +0200: Memory Usage (473684K) : next_drw has 0 polygons
2026-08-13 22:30:32 +0200: Memory Usage (473684K) : pext_drw has 0 polygons
2026-08-13 22:30:32 +0200: Memory Usage (473812K) : nexthv_drw has 0 polygons
2026-08-13 22:30:32 +0200: Memory Usage (473812K) : pexthv_drw has 0 polygons
2026-08-13 22:30:32 +0200: Memory Usage (473812K) : graphgate_drw has 0 polygons
2026-08-13 22:30:32 +0200: Memory Usage (473812K) : sinwg_drw has 0 polygons
2026-08-13 22:30:32 +0200: Memory Usage (473812K) : sinwg_filler has 0 polygons
2026-08-13 22:30:32 +0200: Memory Usage (473812K) : sinwg_nofill has 0 polygons
2026-08-13 22:30:32 +0200: Memory Usage (473812K) : mempad_drw has 0 polygons
2026-08-13 22:30:32 +0200: Memory Usage (473940K) : topvia1_drw has 0 polygons
2026-08-13 22:30:32 +0200: Memory Usage (473940K) : topmetal1_drw has 0 polygons
2026-08-13 22:30:32 +0200: Memory Usage (474068K) : topmetal1_filler has 0 polygons
2026-08-13 22:30:32 +0200: Memory Usage (474196K) : topmetal1_slit has 0 polygons
2026-08-13 22:30:32 +0200: Memory Usage (474324K) : topmetal1 has 0 polygons
2026-08-13 22:30:32 +0200: Memory Usage (474324K) : topmetal1_pin has 0 polygons
2026-08-13 22:30:32 +0200: Memory Usage (474452K) : topmetal1_mask has 0 polygons
2026-08-13 22:30:32 +0200: Memory Usage (474452K) : topmetal1_nofill has 0 polygons
2026-08-13 22:30:32 +0200: Memory Usage (474580K) : topmetal1_text has 0 polygons
2026-08-13 22:30:32 +0200: Memory Usage (474580K) : topmetal1_noqrc has 0 polygons
2026-08-13 22:30:32 +0200: Memory Usage (474708K) : topmetal1_res has 0 polygons
2026-08-13 22:30:32 +0200: Memory Usage (474708K) : topmetal1_iprobe has 0 polygons
2026-08-13 22:30:32 +0200: Memory Usage (474836K) : topmetal1_diffprb has 0 polygons
2026-08-13 22:30:32 +0200: Memory Usage (474836K) : inldpwl_drw has 0 polygons
2026-08-13 22:30:32 +0200: Memory Usage (474964K) : polyres_drw has 2 polygons
2026-08-13 22:30:32 +0200: Memory Usage (474964K) : polyres_pin has 0 polygons
2026-08-13 22:30:32 +0200: Memory Usage (475092K) : vmim_drw has 0 polygons
2026-08-13 22:30:32 +0200: Memory Usage (475220K) : nbulaycut_drw has 0 polygons
2026-08-13 22:30:32 +0200: Memory Usage (475220K) : antmetal1_drw has 0 polygons
2026-08-13 22:30:32 +0200: Memory Usage (475348K) : topvia2_drw has 0 polygons
2026-08-13 22:30:32 +0200: Memory Usage (475348K) : topmetal2_drw has 0 polygons
2026-08-13 22:30:32 +0200: Memory Usage (475476K) : topmetal2_filler has 0 polygons
2026-08-13 22:30:32 +0200: Memory Usage (475476K) : topmetal2_slit has 0 polygons
2026-08-13 22:30:32 +0200: Memory Usage (475604K) : topmetal2 has 0 polygons
2026-08-13 22:30:32 +0200: Memory Usage (475732K) : topmetal2_pin has 0 polygons
2026-08-13 22:30:32 +0200: Memory Usage (475732K) : topmetal2_mask has 0 polygons
2026-08-13 22:30:32 +0200: Memory Usage (475860K) : topmetal2_nofill has 0 polygons
2026-08-13 22:30:32 +0200: Memory Usage (475988K) : topmetal2_text has 0 polygons
2026-08-13 22:30:32 +0200: Memory Usage (475988K) : topmetal2_noqrc has 0 polygons
2026-08-13 22:30:32 +0200: Memory Usage (476116K) : topmetal2_res has 0 polygons
2026-08-13 22:30:32 +0200: Memory Usage (476116K) : topmetal2_iprobe has 0 polygons
2026-08-13 22:30:32 +0200: Memory Usage (476244K) : topmetal2_diffprb has 0 polygons
2026-08-13 22:30:32 +0200: Memory Usage (476244K) : snsring_drw has 0 polygons
2026-08-13 22:30:32 +0200: Memory Usage (476372K) : sensor_drw has 0 polygons
2026-08-13 22:30:32 +0200: Memory Usage (476372K) : snsarms_drw has 0 polygons
2026-08-13 22:30:32 +0200: Memory Usage (476500K) : snscmosvia_drw has 0 polygons
2026-08-13 22:30:32 +0200: Memory Usage (476500K) : colwind_drw has 0 polygons
2026-08-13 22:30:32 +0200: Memory Usage (476628K) : flm_drw has 0 polygons
2026-08-13 22:30:32 +0200: Memory Usage (476756K) : hafniumox_drw has 0 polygons
2026-08-13 22:30:32 +0200: Memory Usage (476756K) : memvia_drw has 0 polygons
2026-08-13 22:30:32 +0200: Memory Usage (476884K) : thinfilmres_drw has 0 polygons
2026-08-13 22:30:32 +0200: Memory Usage (476884K) : rfmem_drw has 0 polygons
2026-08-13 22:30:32 +0200: Memory Usage (477012K) : norcx_drw has 0 polygons
2026-08-13 22:30:32 +0200: Memory Usage (477012K) : norcx_m2m3 has 0 polygons
2026-08-13 22:30:32 +0200: Memory Usage (477140K) : norcx_m2m4 has 0 polygons
2026-08-13 22:30:32 +0200: Memory Usage (477140K) : norcx_m2m5 has 0 polygons
2026-08-13 22:30:32 +0200: Memory Usage (477268K) : norcx_m2tm1 has 0 polygons
2026-08-13 22:30:32 +0200: Memory Usage (477396K) : norcx_m2tm2 has 0 polygons
2026-08-13 22:30:32 +0200: Memory Usage (477396K) : norcx_m3m4 has 0 polygons
2026-08-13 22:30:32 +0200: Memory Usage (477524K) : norcx_m3m5 has 0 polygons
2026-08-13 22:30:32 +0200: Memory Usage (477524K) : norcx_m3tm1 has 0 polygons
2026-08-13 22:30:32 +0200: Memory Usage (477652K) : norcx_m3tm2 has 0 polygons
2026-08-13 22:30:32 +0200: Memory Usage (477652K) : norcx_m4m5 has 0 polygons
2026-08-13 22:30:32 +0200: Memory Usage (477780K) : norcx_m4tm1 has 0 polygons
2026-08-13 22:30:32 +0200: Memory Usage (477780K) : norcx_m4tm2 has 0 polygons
2026-08-13 22:30:32 +0200: Memory Usage (477908K) : norcx_m5tm1 has 0 polygons
2026-08-13 22:30:32 +0200: Memory Usage (477908K) : norcx_m5tm2 has 0 polygons
2026-08-13 22:30:32 +0200: Memory Usage (478036K) : norcx_tm1tm2 has 0 polygons
2026-08-13 22:30:32 +0200: Memory Usage (478036K) : norcx_m1sub has 0 polygons
2026-08-13 22:30:32 +0200: Memory Usage (478164K) : norcx_m2sub has 0 polygons
2026-08-13 22:30:32 +0200: Memory Usage (478292K) : norcx_m3sub has 0 polygons
2026-08-13 22:30:32 +0200: Memory Usage (478292K) : norcx_m4sub has 0 polygons
2026-08-13 22:30:32 +0200: Memory Usage (478420K) : norcx_m5sub has 0 polygons
2026-08-13 22:30:32 +0200: Memory Usage (478420K) : norcx_tm1sub has 0 polygons
2026-08-13 22:30:32 +0200: Memory Usage (478548K) : norcx_tm2sub has 0 polygons
2026-08-13 22:30:32 +0200: Memory Usage (478548K) : snsbotvia_drw has 0 polygons
2026-08-13 22:30:32 +0200: Memory Usage (478676K) : snstopvia_drw has 0 polygons
2026-08-13 22:30:32 +0200: Memory Usage (478676K) : deepvia_drw has 0 polygons
2026-08-13 22:30:32 +0200: Memory Usage (478804K) : fgetch_drw has 0 polygons
2026-08-13 22:30:32 +0200: Memory Usage (478932K) : ctrgat_drw has 0 polygons
2026-08-13 22:30:32 +0200: Memory Usage (478932K) : fgimp_drw has 0 polygons
2026-08-13 22:30:32 +0200: Memory Usage (479060K) : emwihv_drw has 0 polygons
2026-08-13 22:30:32 +0200: Memory Usage (479060K) : lbe_drw has 0 polygons
2026-08-13 22:30:32 +0200: Memory Usage (479188K) : alcustop_drw has 0 polygons
2026-08-13 22:30:32 +0200: Memory Usage (479188K) : nometfiller_drw has 0 polygons
2026-08-13 22:30:32 +0200: Memory Usage (479316K) : prboundary_drw has 0 polygons
2026-08-13 22:30:32 +0200: Memory Usage (479316K) : exchange0_drw has 0 polygons
2026-08-13 22:30:32 +0200: Memory Usage (479444K) : exchange0_pin has 0 polygons
2026-08-13 22:30:32 +0200: Memory Usage (479444K) : exchange0_text has 0 polygons
2026-08-13 22:30:32 +0200: Memory Usage (479572K) : exchange1_drw has 0 polygons
2026-08-13 22:30:32 +0200: Memory Usage (479700K) : exchange1_pin has 0 polygons
2026-08-13 22:30:32 +0200: Memory Usage (479700K) : exchange1_text has 0 polygons
2026-08-13 22:30:32 +0200: Memory Usage (479828K) : exchange2_drw has 0 polygons
2026-08-13 22:30:32 +0200: Memory Usage (479828K) : exchange2_pin has 0 polygons
2026-08-13 22:30:32 +0200: Memory Usage (479956K) : exchange2_text has 0 polygons
2026-08-13 22:30:32 +0200: Memory Usage (479956K) : exchange3_drw has 0 polygons
2026-08-13 22:30:32 +0200: Memory Usage (480084K) : exchange3_pin has 0 polygons
2026-08-13 22:30:32 +0200: Memory Usage (480084K) : exchange3_text has 0 polygons
2026-08-13 22:30:32 +0200: Memory Usage (480212K) : exchange4_drw has 0 polygons
2026-08-13 22:30:32 +0200: Memory Usage (480340K) : exchange4_pin has 0 polygons
2026-08-13 22:30:32 +0200: Memory Usage (480340K) : exchange4_text has 0 polygons
2026-08-13 22:30:32 +0200: Memory Usage (480340K) : isonwell_drw has 0 polygons
2026-08-13 22:30:32 +0200: Memory Usage (480340K) : Total no. of polygons in the design is 600
2026-08-13 22:30:32 +0200: Memory Usage (480340K) : Starting CMOS5L Forbidden Layer Check
2026-08-13 22:30:32 +0200: Memory Usage (480340K) : CMOS5L Forbidden Layer Check: PASSED - No forbidden layers found
2026-08-13 22:30:32 +0200: Memory Usage (480340K) : CMOS5L Forbidden Layer Check: PASSED
2026-08-13 22:30:32 +0200: Memory Usage (480340K) : Starting base layers derivations
2026-08-13 22:30:32 +0200: Memory Usage (480340K) : Starting general LVS derivations
2026-08-13 22:30:32 +0200: Memory Usage (485488K) : Starting MOSFET DERIVATIONS
2026-08-13 22:30:32 +0200: Memory Usage (487664K) : Starting NMOS DERIVATIONS
2026-08-13 22:30:32 +0200: Memory Usage (487920K) : Starting PMOS DERIVATIONS
2026-08-13 22:30:32 +0200: Memory Usage (488176K) : Starting RF-MOSFET DERIVATIONS
2026-08-13 22:30:32 +0200: Memory Usage (488176K) : Starting RF-NMOS DERIVATIONS
2026-08-13 22:30:32 +0200: Memory Usage (488432K) : Starting RF-PMOS DERIVATIONS
2026-08-13 22:30:32 +0200: Memory Usage (488560K) : Starting BJT DERIVATIONS
2026-08-13 22:30:32 +0200: Memory Usage (488560K) : Starting NPN-BJT DERIVATIONS
2026-08-13 22:30:32 +0200: Memory Usage (489072K) : Starting PNP-BJT DERIVATIONS
2026-08-13 22:30:32 +0200: Memory Usage (489072K) : Starting DIODE DERIVATIONS
2026-08-13 22:30:32 +0200: Memory Usage (489072K) : Starting RESISTOR DERIVATIONS
2026-08-13 22:30:32 +0200: Memory Usage (489456K) : Starting CAP DERIVATIONS
2026-08-13 22:30:32 +0200: Memory Usage (489456K) : Starting CAP_MFRINGE DERIVATIONS
2026-08-13 22:30:32 +0200: Memory Usage (489456K) : Starting ESD DERIVATIONS
2026-08-13 22:30:32 +0200: Memory Usage (489840K) : Starting Inductor DERIVATIONS
2026-08-13 22:30:33 +0200: Memory Usage (493040K) : Starting Taps DERIVATIONS
2026-08-13 22:30:33 +0200: Memory Usage (493168K) : Starting SG13G2 LVS connectivity setup
2026-08-13 22:30:33 +0200: Memory Usage (493168K) : Starting SG13G2 LVS connectivity setup (Inter-layer)
2026-08-13 22:30:33 +0200: Memory Usage (493352K) : Starting SG13G2 LVS connectivity setup (Global)
2026-08-13 22:30:33 +0200: Memory Usage (493352K) : Starting LVS MOSFET CONNECTIONS
2026-08-13 22:30:33 +0200: Memory Usage (493352K) : Starting LVS RF-MOSFET CONNECTIONS
2026-08-13 22:30:33 +0200: Memory Usage (493352K) : Starting LVS BJT CONNECTIONS
2026-08-13 22:30:33 +0200: Memory Usage (493352K) : Starting LVS DIODE CONNECTIONS
2026-08-13 22:30:33 +0200: Memory Usage (493352K) : Starting RESISTOR CONNECTIONS
2026-08-13 22:30:33 +0200: Memory Usage (493352K) : Starting LVS CAP CONNECTIONS
2026-08-13 22:30:33 +0200: Memory Usage (493352K) : Starting ESD CONNECTIONS
2026-08-13 22:30:33 +0200: Memory Usage (493352K) : Starting Inductor CONNECTIONS
2026-08-13 22:30:33 +0200: Memory Usage (493352K) : Starting LVS Taps CONNECTIONS
2026-08-13 22:30:33 +0200: Memory Usage (493352K) : Starting CAP_MFRINGE CONNECTIONS
2026-08-13 22:30:33 +0200: Memory Usage (493352K) : Starting SG13CMOS5L LVS DEVICES EXTRACTION
2026-08-13 22:30:33 +0200: Memory Usage (493352K) : Starting MOSFET EXTRACTION
2026-08-13 22:30:33 +0200: Memory Usage (493352K) : Starting NMOS EXTRACTION
2026-08-13 22:30:33 +0200: Memory Usage (493352K) : Extraction of NMOS-LV transistor
2026-08-13 22:30:33 +0200: Memory Usage (493352K) : Extraction of NMOS-HV transistor
2026-08-13 22:30:33 +0200: Memory Usage (493352K) : Starting PMOS EXTRACTION
2026-08-13 22:30:33 +0200: Memory Usage (493352K) : Extraction of PMOS-LV transistor
2026-08-13 22:30:33 +0200: Memory Usage (493352K) : Extraction of PMOS-HV transistor
2026-08-13 22:30:33 +0200: Memory Usage (493352K) : Starting RF-MOSFET EXTRACTION
2026-08-13 22:30:33 +0200: Memory Usage (493352K) : Extraction of RF-NMOS-LV transistor
2026-08-13 22:30:33 +0200: Memory Usage (493352K) : Extraction of RF-NMOS-HV transistor
2026-08-13 22:30:33 +0200: Memory Usage (493352K) : Extraction of RF-PMOS-LV transistor
2026-08-13 22:30:33 +0200: Memory Usage (493352K) : Extraction of RF-PMOS-HV transistor
2026-08-13 22:30:33 +0200: Memory Usage (493352K) : Starting BJT EXTRACTION
2026-08-13 22:30:33 +0200: Memory Usage (493352K) : Starting NPN-BJT EXTRACTION
2026-08-13 22:30:33 +0200: Memory Usage (493352K) : Extraction of npn13G2 BJT transistor
2026-08-13 22:30:33 +0200: Memory Usage (493352K) : Extraction of npn13G2L BJT transistor
2026-08-13 22:30:33 +0200: Memory Usage (493352K) : Extraction of npn13G2V BJT transistor
2026-08-13 22:30:33 +0200: Memory Usage (493352K) : Starting PNP-BJT EXTRACTION
2026-08-13 22:30:33 +0200: Memory Usage (493352K) : Extracting pnpMPA BJT
2026-08-13 22:30:33 +0200: Memory Usage (493352K) : Starting DIODE EXTRACTION
2026-08-13 22:30:33 +0200: Memory Usage (493352K) : Extracting dantenna diode
2026-08-13 22:30:33 +0200: Memory Usage (493352K) : Extracting dpantenna diode
2026-08-13 22:30:33 +0200: Memory Usage (493352K) : Extracting schottky_nbl1 diode
2026-08-13 22:30:33 +0200: Memory Usage (493352K) : Extracting isolbox diode
2026-08-13 22:30:33 +0200: Memory Usage (493352K) : Starting RESISTOR EXTRACTION
2026-08-13 22:30:33 +0200: Memory Usage (493352K) : Extracting rsil resistor
2026-08-13 22:30:33 +0200: Memory Usage (493352K) : Extracting rppd resistor
2026-08-13 22:30:33 +0200: Memory Usage (493480K) : Extracting rhigh resistor
2026-08-13 22:30:33 +0200: Memory Usage (493480K) : Extracting res_metal1 resistor
2026-08-13 22:30:33 +0200: Memory Usage (493608K) : Extracting res_metal2 resistor
2026-08-13 22:30:33 +0200: Memory Usage (493608K) : Extracting res_metal3 resistor
2026-08-13 22:30:33 +0200: Memory Usage (493608K) : Extracting res_metal4 resistor
2026-08-13 22:30:33 +0200: Memory Usage (493608K) : Extracting res_metal5 resistor
2026-08-13 22:30:33 +0200: Memory Usage (493608K) : Extracting res_topmetal1 resistor
2026-08-13 22:30:33 +0200: Memory Usage (493608K) : Extracting res_topmetal2 resistor
2026-08-13 22:30:33 +0200: Memory Usage (493608K) : Starting CAP EXTRACTION
2026-08-13 22:30:33 +0200: Memory Usage (493608K) : Extracting cap_cmim device
2026-08-13 22:30:33 +0200: Memory Usage (493608K) : Extracting rfcmim device
2026-08-13 22:30:33 +0200: Memory Usage (493608K) : Extracting sg13_hv_svaricap varactor
2026-08-13 22:30:33 +0200: Memory Usage (493608K) : Extracting cap_mfringe device
2026-08-13 22:30:33 +0200: Memory Usage (493608K) : Starting ESD EXTRACTION
2026-08-13 22:30:33 +0200: Memory Usage (493608K) : Extracting diodevdd_2kv ESD device
2026-08-13 22:30:33 +0200: Memory Usage (493608K) : Extracting diodevdd_4kv ESD device
2026-08-13 22:30:33 +0200: Memory Usage (493608K) : Extracting diodevss_2kv ESD device
2026-08-13 22:30:33 +0200: Memory Usage (493608K) : Extracting diodevss_4kv ESD device
2026-08-13 22:30:33 +0200: Memory Usage (493608K) : Extracting idiodevdd_2kv ESD device
2026-08-13 22:30:33 +0200: Memory Usage (493608K) : Extracting idiodevdd_4kv ESD device
2026-08-13 22:30:33 +0200: Memory Usage (493608K) : Extracting idiodevss_2kv ESD device
2026-08-13 22:30:33 +0200: Memory Usage (493608K) : Extracting idiodevss_4kv ESD device
2026-08-13 22:30:33 +0200: Memory Usage (493608K) : Extracting nmoscl_2 ESD device
2026-08-13 22:30:33 +0200: Memory Usage (493608K) : Extracting nmoscl_4 ESD device
2026-08-13 22:30:33 +0200: Memory Usage (493608K) : Starting Inductor EXTRACTION
2026-08-13 22:30:33 +0200: Memory Usage (493608K) : Extracting Inductor2 device
2026-08-13 22:30:33 +0200: Memory Usage (493608K) : Extracting Inductor3 device
2026-08-13 22:30:33 +0200: Memory Usage (493608K) : Starting Taps EXTRACTION
2026-08-13 22:30:33 +0200: Memory Usage (493608K) : DISABLE_TAP_EXTRACTION is enabled: skipping ntap1/ptap1 device extraction.
2026-08-13 22:30:33 +0200: Memory Usage (493608K) : Starting SG13CMOS5L LVS RF MOS Model Mapping
2026-08-13 22:30:33 +0200: Memory Usage (493608K) : [layout_netlist] Apply RF MOS model mapping and rfmode parameter.
2026-08-13 22:30:33 +0200: Memory Usage (493608K) : Starting SG13CMOS5L LVS Options Preparations
2026-08-13 22:30:33 +0200: Memory Usage (493608K) : SG13CMOS5L LVS flow: extraction -> alignment -> option preparation -> comparison.
2026-08-13 22:30:33 +0200: Memory Usage (493608K) : Starting SG13CMOS5L LVS Alignment
2026-08-13 22:30:33 +0200: Memory Usage (493608K) : Starting SG13CMOS5L LVS Simplification
2026-08-13 22:30:33 +0200: Memory Usage (493608K) : [layout_netlist] simplify: ENABLED
2026-08-13 22:30:33 +0200: Memory Usage (493608K) : [layout_netlist] make_top_level_pins: SKIPPED
2026-08-13 22:30:33 +0200: Memory Usage (493608K) : [layout_netlist] combine_devices: SKIPPED
2026-08-13 22:30:33 +0200: Memory Usage (493608K) : [layout_netlist] purge: SKIPPED
2026-08-13 22:30:33 +0200: Memory Usage (493608K) : [layout_netlist] purge_nets: SKIPPED
2026-08-13 22:30:33 +0200: Memory Usage (493608K) : [schematic_netlist] simplify: ENABLED
2026-08-13 22:30:33 +0200: Memory Usage (493608K) : [schematic_netlist] make_top_level_pins: SKIPPED
2026-08-13 22:30:33 +0200: Memory Usage (493608K) : [schematic_netlist] combine_devices: SKIPPED
2026-08-13 22:30:33 +0200: Memory Usage (493608K) : [schematic_netlist] purge: SKIPPED
2026-08-13 22:30:33 +0200: Memory Usage (493608K) : [schematic_netlist] purge_nets: SKIPPED
2026-08-13 22:30:33 +0200: Memory Usage (493608K) : Starting SG13CMOS5L LVS Comparison in strict port mode.
2026-08-13 22:30:33 +0200: Memory Usage (493608K) : flag_missing_ports enabled: missing/mislabeled top-level ports are treated as errors.
2026-08-13 22:30:33 +0200: Memory Usage (493736K) : ==========================================
2026-08-13 22:30:33 +0200: Memory Usage (493736K) : INFO : Congratulations! Netlists match.
2026-08-13 22:30:33 +0200: Memory Usage (493736K) : ==========================================
2026-08-13 22:30:33 +0200: Memory Usage (493736K) : LVS Total Run time 1.145630 seconds
2026-08-13 22:30:50 +0200: Memory Usage (457764K) : Starting running SG13CMOS5L Klayout LVS runset on /foss/designs/CHIP-PLL/layout/CP/vbias/vbias.gds
2026-08-13 22:30:50 +0200: Memory Usage (457764K) : Ruby Version for klayout: 3.2.3
2026-08-13 22:30:50 +0200: Memory Usage (459360K) : Loading database to memory is complete.
2026-08-13 22:30:50 +0200: Memory Usage (459360K) : SG13CMOS5L Klayout LVS runset output at: /foss/designs/CHIP-PLL/layout/CP/lvs/vbias.lvsdb
2026-08-13 22:30:50 +0200: Memory Usage (459360K) : Evaluate switches.
2026-08-13 22:30:50 +0200: Memory Usage (459360K) : Extracted netlist with net names: true
2026-08-13 22:30:50 +0200: Memory Usage (459360K) : Extracted netlist with comments in details: false
2026-08-13 22:30:50 +0200: Memory Usage (459360K) : Selected NET_ONLY option: false
2026-08-13 22:30:50 +0200: Memory Usage (459360K) : Selected LAYOUT_NETLIST option: (none)
2026-08-13 22:30:50 +0200: Memory Usage (459360K) : Selected IGNORE_TOP_PORTS_MISMATCH option: 
2026-08-13 22:30:50 +0200: Memory Usage (459360K) : Selected IMPLICIT_NETS option: (none)
2026-08-13 22:30:50 +0200: Memory Usage (459360K) : Selected TOP_LVL_PINS option: false
2026-08-13 22:30:50 +0200: Memory Usage (459360K) : Selected COMBINE DEVICES option: false
2026-08-13 22:30:50 +0200: Memory Usage (459360K) : Selected PURGE option: false
2026-08-13 22:30:50 +0200: Memory Usage (459360K) : Selected PURGE_NETS option: false
2026-08-13 22:30:50 +0200: Memory Usage (459360K) : Selected SIMPLIFY option: true
2026-08-13 22:30:50 +0200: Memory Usage (459360K) : Selected SERIES_RES option: true
2026-08-13 22:30:50 +0200: Memory Usage (459360K) : Selected PARALLEL_RES option: true
2026-08-13 22:30:50 +0200: Memory Usage (459360K) : Selected DISABLE_TAP_EXTRACTION option: true
2026-08-13 22:30:50 +0200: Memory Usage (459360K) : deep  mode is enabled.
2026-08-13 22:30:50 +0200: Memory Usage (459744K) : Netlist file: /foss/designs/CHIP-PLL/layout/CP/netlists/vbias.spice
2026-08-13 22:30:50 +0200: Memory Usage (459744K) : LVS extracted netlist at: /foss/designs/CHIP-PLL/layout/CP/lvs/vbias_extracted.cir
2026-08-13 22:30:50 +0200: Memory Usage (459744K) : Applying SRAM integration support.
2026-08-13 22:30:50 +0200: Memory Usage (459744K) : Starting SG13CMOS5L LVS runset
2026-08-13 22:30:50 +0200: Memory Usage (459744K) : Read in polygons from layers.
2026-08-13 22:30:50 +0200: Memory Usage (460572K) : activ_drw has 43 polygons
2026-08-13 22:30:50 +0200: Memory Usage (460572K) : activ_filler has 0 polygons
2026-08-13 22:30:50 +0200: Memory Usage (460572K) : activ has 43 polygons
2026-08-13 22:30:50 +0200: Memory Usage (460572K) : activ_pin has 0 polygons
2026-08-13 22:30:50 +0200: Memory Usage (460572K) : activ_mask has 0 polygons
2026-08-13 22:30:50 +0200: Memory Usage (460572K) : activ_nofill has 0 polygons
2026-08-13 22:30:50 +0200: Memory Usage (460572K) : activ_OPC has 0 polygons
2026-08-13 22:30:50 +0200: Memory Usage (460572K) : activ_iOPC has 0 polygons
2026-08-13 22:30:50 +0200: Memory Usage (460572K) : activ_noqrc has 0 polygons
2026-08-13 22:30:50 +0200: Memory Usage (460572K) : biwind_drw has 0 polygons
2026-08-13 22:30:50 +0200: Memory Usage (460572K) : biwind_OPC has 0 polygons
2026-08-13 22:30:50 +0200: Memory Usage (460572K) : gatpoly_drw has 39 polygons
2026-08-13 22:30:50 +0200: Memory Usage (460572K) : gatpoly_filler has 0 polygons
2026-08-13 22:30:50 +0200: Memory Usage (460572K) : gatpoly has 39 polygons
2026-08-13 22:30:50 +0200: Memory Usage (460572K) : gatpoly_pin has 9 polygons
2026-08-13 22:30:50 +0200: Memory Usage (460572K) : gatpoly_nofill has 0 polygons
2026-08-13 22:30:50 +0200: Memory Usage (460700K) : gatpoly_OPC has 0 polygons
2026-08-13 22:30:50 +0200: Memory Usage (460700K) : gatpoly_iOPC has 0 polygons
2026-08-13 22:30:50 +0200: Memory Usage (460700K) : gatpoly_noqrc has 0 polygons
2026-08-13 22:30:50 +0200: Memory Usage (460700K) : cont_drw has 182 polygons
2026-08-13 22:30:50 +0200: Memory Usage (460700K) : cont_OPC has 0 polygons
2026-08-13 22:30:50 +0200: Memory Usage (460700K) : nsd_drw has 0 polygons
2026-08-13 22:30:50 +0200: Memory Usage (460828K) : nsd_block has 0 polygons
2026-08-13 22:30:50 +0200: Memory Usage (461340K) : metal1_drw has 131 polygons
2026-08-13 22:30:50 +0200: Memory Usage (461340K) : metal1_filler has 0 polygons
2026-08-13 22:30:50 +0200: Memory Usage (461468K) : metal1_slit has 0 polygons
2026-08-13 22:30:50 +0200: Memory Usage (461980K) : metal1 has 131 polygons
2026-08-13 22:30:50 +0200: Memory Usage (461980K) : metal1_pin has 32 polygons
2026-08-13 22:30:50 +0200: Memory Usage (462108K) : metal1_mask has 0 polygons
2026-08-13 22:30:50 +0200: Memory Usage (462236K) : metal1_nofill has 0 polygons
2026-08-13 22:30:50 +0200: Memory Usage (462492K) : metal1_text has 4 polygons
2026-08-13 22:30:50 +0200: Memory Usage (462492K) : metal1_OPC has 0 polygons
2026-08-13 22:30:50 +0200: Memory Usage (462492K) : metal1_noqrc has 0 polygons
2026-08-13 22:30:50 +0200: Memory Usage (462492K) : metal1_res has 0 polygons
2026-08-13 22:30:50 +0200: Memory Usage (462620K) : metal1_iprobe has 0 polygons
2026-08-13 22:30:50 +0200: Memory Usage (462620K) : metal1_diffprb has 0 polygons
2026-08-13 22:30:50 +0200: Memory Usage (462748K) : passiv_drw has 0 polygons
2026-08-13 22:30:50 +0200: Memory Usage (462748K) : passiv_pin has 0 polygons
2026-08-13 22:30:50 +0200: Memory Usage (462876K) : passiv_sbump has 0 polygons
2026-08-13 22:30:50 +0200: Memory Usage (462876K) : passiv_pillar has 0 polygons
2026-08-13 22:30:50 +0200: Memory Usage (463004K) : passiv_pdl has 0 polygons
2026-08-13 22:30:50 +0200: Memory Usage (463132K) : metal2_drw has 41 polygons
2026-08-13 22:30:50 +0200: Memory Usage (463132K) : metal2_filler has 0 polygons
2026-08-13 22:30:50 +0200: Memory Usage (463260K) : metal2_slit has 0 polygons
2026-08-13 22:30:50 +0200: Memory Usage (463388K) : metal2 has 41 polygons
2026-08-13 22:30:50 +0200: Memory Usage (463388K) : metal2_pin has 2 polygons
2026-08-13 22:30:50 +0200: Memory Usage (463516K) : metal2_mask has 0 polygons
2026-08-13 22:30:50 +0200: Memory Usage (463516K) : metal2_nofill has 0 polygons
2026-08-13 22:30:50 +0200: Memory Usage (463644K) : metal2_text has 2 polygons
2026-08-13 22:30:50 +0200: Memory Usage (463644K) : metal2_OPC has 0 polygons
2026-08-13 22:30:50 +0200: Memory Usage (463772K) : metal2_noqrc has 0 polygons
2026-08-13 22:30:50 +0200: Memory Usage (463772K) : metal2_res has 0 polygons
2026-08-13 22:30:50 +0200: Memory Usage (463900K) : metal2_iprobe has 0 polygons
2026-08-13 22:30:50 +0200: Memory Usage (464028K) : metal2_diffprb has 0 polygons
2026-08-13 22:30:50 +0200: Memory Usage (464156K) : baspoly_drw has 0 polygons
2026-08-13 22:30:50 +0200: Memory Usage (464156K) : baspoly_pin has 0 polygons
2026-08-13 22:30:50 +0200: Memory Usage (464284K) : psd_drw has 12 polygons
2026-08-13 22:30:50 +0200: Memory Usage (464284K) : nldb_drw has 0 polygons
2026-08-13 22:30:50 +0200: Memory Usage (464412K) : digibnd_drw has 0 polygons
2026-08-13 22:30:50 +0200: Memory Usage (464412K) : via1_drw has 17 polygons
2026-08-13 22:30:50 +0200: Memory Usage (464540K) : backmetal1_drw has 0 polygons
2026-08-13 22:30:50 +0200: Memory Usage (464540K) : backmetal1_pin has 0 polygons
2026-08-13 22:30:50 +0200: Memory Usage (464668K) : backmetal1_mask has 0 polygons
2026-08-13 22:30:50 +0200: Memory Usage (464796K) : backmetal1_filler has 0 polygons
2026-08-13 22:30:50 +0200: Memory Usage (464924K) : backmetal1_nofill has 0 polygons
2026-08-13 22:30:50 +0200: Memory Usage (464924K) : backmetal1_slit has 0 polygons
2026-08-13 22:30:50 +0200: Memory Usage (465052K) : backmetal1_text has 0 polygons
2026-08-13 22:30:50 +0200: Memory Usage (465052K) : backmetal1_OPC has 0 polygons
2026-08-13 22:30:50 +0200: Memory Usage (465180K) : backmetal1_noqrc has 0 polygons
2026-08-13 22:30:50 +0200: Memory Usage (465180K) : backmetal1_res has 0 polygons
2026-08-13 22:30:50 +0200: Memory Usage (465308K) : backmetal1_iprobe has 0 polygons
2026-08-13 22:30:50 +0200: Memory Usage (465308K) : backmetal1_diffprb has 0 polygons
2026-08-13 22:30:50 +0200: Memory Usage (465436K) : backpassiv_drw has 0 polygons
2026-08-13 22:30:50 +0200: Memory Usage (465564K) : res_drw has 0 polygons
2026-08-13 22:30:50 +0200: Memory Usage (465564K) : sram_drw has 0 polygons
2026-08-13 22:30:50 +0200: Memory Usage (465692K) : trans_drw has 0 polygons
2026-08-13 22:30:50 +0200: Memory Usage (465692K) : ind_drw has 0 polygons
2026-08-13 22:30:50 +0200: Memory Usage (465820K) : ind_pin has 0 polygons
2026-08-13 22:30:50 +0200: Memory Usage (465820K) : ind_text has 0 polygons
2026-08-13 22:30:50 +0200: Memory Usage (465948K) : salblock_drw has 2 polygons
2026-08-13 22:30:50 +0200: Memory Usage (465948K) : via2_drw has 8 polygons
2026-08-13 22:30:50 +0200: Memory Usage (466204K) : metal3_drw has 15 polygons
2026-08-13 22:30:50 +0200: Memory Usage (466204K) : metal3_filler has 0 polygons
2026-08-13 22:30:50 +0200: Memory Usage (466332K) : metal3_slit has 0 polygons
2026-08-13 22:30:50 +0200: Memory Usage (466460K) : metal3 has 15 polygons
2026-08-13 22:30:50 +0200: Memory Usage (466588K) : metal3_pin has 0 polygons
2026-08-13 22:30:50 +0200: Memory Usage (466588K) : metal3_mask has 0 polygons
2026-08-13 22:30:50 +0200: Memory Usage (466716K) : metal3_nofill has 0 polygons
2026-08-13 22:30:50 +0200: Memory Usage (466716K) : metal3_text has 0 polygons
2026-08-13 22:30:50 +0200: Memory Usage (466844K) : metal3_OPC has 0 polygons
2026-08-13 22:30:50 +0200: Memory Usage (466844K) : metal3_noqrc has 0 polygons
2026-08-13 22:30:50 +0200: Memory Usage (466972K) : metal3_res has 0 polygons
2026-08-13 22:30:50 +0200: Memory Usage (466972K) : metal3_iprobe has 0 polygons
2026-08-13 22:30:50 +0200: Memory Usage (466972K) : metal3_diffprb has 0 polygons
2026-08-13 22:30:50 +0200: Memory Usage (466972K) : nwell_drw has 11 polygons
2026-08-13 22:30:50 +0200: Memory Usage (467100K) : nwell_pin has 2 polygons
2026-08-13 22:30:50 +0200: Memory Usage (467100K) : nwell_text has 0 polygons
2026-08-13 22:30:50 +0200: Memory Usage (467100K) : nbulay_drw has 0 polygons
2026-08-13 22:30:50 +0200: Memory Usage (467228K) : nbulay_pin has 0 polygons
2026-08-13 22:30:50 +0200: Memory Usage (467228K) : nbulay_block has 0 polygons
2026-08-13 22:30:50 +0200: Memory Usage (467228K) : emwind_drw has 0 polygons
2026-08-13 22:30:50 +0200: Memory Usage (467356K) : emwind_OPC has 0 polygons
2026-08-13 22:30:50 +0200: Memory Usage (467356K) : deepco_drw has 0 polygons
2026-08-13 22:30:50 +0200: Memory Usage (467356K) : mim_drw has 0 polygons
2026-08-13 22:30:50 +0200: Memory Usage (467356K) : edgeseal_drw has 0 polygons
2026-08-13 22:30:50 +0200: Memory Usage (467484K) : substrate_drw has 6 polygons
2026-08-13 22:30:50 +0200: Memory Usage (467484K) : substrate_text has 0 polygons
2026-08-13 22:30:50 +0200: Memory Usage (467484K) : dfpad_drw has 0 polygons
2026-08-13 22:30:50 +0200: Memory Usage (467612K) : dfpad_pillar has 0 polygons
2026-08-13 22:30:50 +0200: Memory Usage (467740K) : dfpad_sbump has 0 polygons
2026-08-13 22:30:50 +0200: Memory Usage (467740K) : thickgateox_drw has 0 polygons
2026-08-13 22:30:50 +0200: Memory Usage (467868K) : pldb_drw has 0 polygons
2026-08-13 22:30:50 +0200: Memory Usage (467868K) : pwell_drw has 0 polygons
2026-08-13 22:30:50 +0200: Memory Usage (467996K) : pwell_pin has 0 polygons
2026-08-13 22:30:50 +0200: Memory Usage (467996K) : pwell_block has 0 polygons
2026-08-13 22:30:50 +0200: Memory Usage (468124K) : ic_drw has 0 polygons
2026-08-13 22:30:50 +0200: Memory Usage (468124K) : via3_drw has 0 polygons
2026-08-13 22:30:50 +0200: Memory Usage (468252K) : metal4_drw has 0 polygons
2026-08-13 22:30:50 +0200: Memory Usage (468380K) : metal4_filler has 0 polygons
2026-08-13 22:30:50 +0200: Memory Usage (468380K) : metal4_slit has 0 polygons
2026-08-13 22:30:50 +0200: Memory Usage (468508K) : metal4 has 0 polygons
2026-08-13 22:30:50 +0200: Memory Usage (468636K) : metal4_pin has 0 polygons
2026-08-13 22:30:50 +0200: Memory Usage (468636K) : metal4_mask has 0 polygons
2026-08-13 22:30:50 +0200: Memory Usage (468764K) : metal4_nofill has 0 polygons
2026-08-13 22:30:50 +0200: Memory Usage (468764K) : metal4_text has 0 polygons
2026-08-13 22:30:50 +0200: Memory Usage (468892K) : metal4_OPC has 0 polygons
2026-08-13 22:30:50 +0200: Memory Usage (468892K) : metal4_noqrc has 0 polygons
2026-08-13 22:30:50 +0200: Memory Usage (469020K) : metal4_res has 0 polygons
2026-08-13 22:30:50 +0200: Memory Usage (469148K) : metal4_iprobe has 0 polygons
2026-08-13 22:30:50 +0200: Memory Usage (469148K) : metal4_diffprb has 0 polygons
2026-08-13 22:30:50 +0200: Memory Usage (469276K) : heattrans_drw has 13 polygons
2026-08-13 22:30:50 +0200: Memory Usage (469276K) : heatres_drw has 2 polygons
2026-08-13 22:30:50 +0200: Memory Usage (469404K) : fbe_drw has 0 polygons
2026-08-13 22:30:50 +0200: Memory Usage (469404K) : empoly_drw has 0 polygons
2026-08-13 22:30:50 +0200: Memory Usage (469532K) : digisub_drw has 0 polygons
2026-08-13 22:30:50 +0200: Memory Usage (469532K) : text_drw has 19 polygons
2026-08-13 22:30:50 +0200: Memory Usage (469532K) : via4_drw has 0 polygons
2026-08-13 22:30:50 +0200: Memory Usage (469660K) : metal5_drw has 0 polygons
2026-08-13 22:30:50 +0200: Memory Usage (469660K) : metal5_filler has 0 polygons
2026-08-13 22:30:50 +0200: Memory Usage (469660K) : metal5_slit has 0 polygons
2026-08-13 22:30:50 +0200: Memory Usage (469788K) : metal5 has 0 polygons
2026-08-13 22:30:50 +0200: Memory Usage (469916K) : metal5_pin has 0 polygons
2026-08-13 22:30:50 +0200: Memory Usage (469916K) : metal5_mask has 0 polygons
2026-08-13 22:30:50 +0200: Memory Usage (470044K) : metal5_nofill has 0 polygons
2026-08-13 22:30:50 +0200: Memory Usage (470044K) : metal5_text has 0 polygons
2026-08-13 22:30:50 +0200: Memory Usage (470172K) : metal5_OPC has 0 polygons
2026-08-13 22:30:50 +0200: Memory Usage (470172K) : metal5_noqrc has 0 polygons
2026-08-13 22:30:50 +0200: Memory Usage (470300K) : metal5_res has 0 polygons
2026-08-13 22:30:50 +0200: Memory Usage (470300K) : metal5_iprobe has 0 polygons
2026-08-13 22:30:50 +0200: Memory Usage (470428K) : metal5_diffprb has 0 polygons
2026-08-13 22:30:50 +0200: Memory Usage (470428K) : radhard_drw has 0 polygons
2026-08-13 22:30:50 +0200: Memory Usage (470556K) : memcap_drw has 0 polygons
2026-08-13 22:30:50 +0200: Memory Usage (470684K) : varicap_drw has 0 polygons
2026-08-13 22:30:50 +0200: Memory Usage (470684K) : intbondvia_drw has 0 polygons
2026-08-13 22:30:50 +0200: Memory Usage (470812K) : intbondmet_drw has 0 polygons
2026-08-13 22:30:50 +0200: Memory Usage (470812K) : devbondvia_drw has 0 polygons
2026-08-13 22:30:50 +0200: Memory Usage (470940K) : devbondmet_drw has 0 polygons
2026-08-13 22:30:50 +0200: Memory Usage (470940K) : devtrench_drw has 0 polygons
2026-08-13 22:30:50 +0200: Memory Usage (471068K) : redist_drw has 0 polygons
2026-08-13 22:30:50 +0200: Memory Usage (471068K) : graphbot_drw has 0 polygons
2026-08-13 22:30:50 +0200: Memory Usage (471196K) : graphtop_drw has 0 polygons
2026-08-13 22:30:50 +0200: Memory Usage (471324K) : antvia1_drw has 0 polygons
2026-08-13 22:30:50 +0200: Memory Usage (471324K) : antmetal2_drw has 0 polygons
2026-08-13 22:30:50 +0200: Memory Usage (471452K) : graphcont_drw has 0 polygons
2026-08-13 22:30:50 +0200: Memory Usage (471452K) : siwg_drw has 0 polygons
2026-08-13 22:30:50 +0200: Memory Usage (471580K) : siwg_filler has 0 polygons
2026-08-13 22:30:50 +0200: Memory Usage (471580K) : siwg_nofill has 0 polygons
2026-08-13 22:30:50 +0200: Memory Usage (471708K) : sigrating_drw has 0 polygons
2026-08-13 22:30:50 +0200: Memory Usage (471708K) : singrating_drw has 0 polygons
2026-08-13 22:30:50 +0200: Memory Usage (471708K) : graphpas_drw has 0 polygons
2026-08-13 22:30:50 +0200: Memory Usage (471836K) : emwind3_drw has 0 polygons
2026-08-13 22:30:50 +0200: Memory Usage (471836K) : emwihv3_drw has 0 polygons
2026-08-13 22:30:50 +0200: Memory Usage (471836K) : redbulay_drw has 0 polygons
2026-08-13 22:30:50 +0200: Memory Usage (471964K) : smos_drw has 0 polygons
2026-08-13 22:30:50 +0200: Memory Usage (471964K) : graphpad_drw has 0 polygons
2026-08-13 22:30:50 +0200: Memory Usage (471964K) : polimide_drw has 0 polygons
2026-08-13 22:30:50 +0200: Memory Usage (472092K) : polimide_pin has 0 polygons
2026-08-13 22:30:50 +0200: Memory Usage (472092K) : recog_drw has 0 polygons
2026-08-13 22:30:50 +0200: Memory Usage (472220K) : recog_pin has 0 polygons
2026-08-13 22:30:50 +0200: Memory Usage (472220K) : recog_esd has 0 polygons
2026-08-13 22:30:50 +0200: Memory Usage (472348K) : recog_diode has 0 polygons
2026-08-13 22:30:50 +0200: Memory Usage (472348K) : recog_tsv has 0 polygons
2026-08-13 22:30:50 +0200: Memory Usage (472476K) : recog_iprobe has 0 polygons
2026-08-13 22:30:50 +0200: Memory Usage (472476K) : recog_diffprb has 0 polygons
2026-08-13 22:30:50 +0200: Memory Usage (472604K) : recog_pillar has 0 polygons
2026-08-13 22:30:50 +0200: Memory Usage (472604K) : recog_sbump has 0 polygons
2026-08-13 22:30:50 +0200: Memory Usage (472732K) : recog_otp has 0 polygons
2026-08-13 22:30:50 +0200: Memory Usage (472860K) : recog_pdiode has 0 polygons
2026-08-13 22:30:50 +0200: Memory Usage (472860K) : recog_mom has 0 polygons
2026-08-13 22:30:50 +0200: Memory Usage (472988K) : recog_pcm has 0 polygons
2026-08-13 22:30:50 +0200: Memory Usage (472988K) : colopen_drw has 0 polygons
2026-08-13 22:30:50 +0200: Memory Usage (473116K) : graphmetal1_drw has 0 polygons
2026-08-13 22:30:50 +0200: Memory Usage (473116K) : graphmetal1_filler has 0 polygons
2026-08-13 22:30:50 +0200: Memory Usage (473244K) : graphmetal1_nofill has 0 polygons
2026-08-13 22:30:50 +0200: Memory Usage (473244K) : graphmetal1_slit has 0 polygons
2026-08-13 22:30:50 +0200: Memory Usage (473372K) : graphmetal1_OPC has 0 polygons
2026-08-13 22:30:50 +0200: Memory Usage (473372K) : graphmet1l_drw has 0 polygons
2026-08-13 22:30:50 +0200: Memory Usage (473500K) : graphmet1l_filler has 0 polygons
2026-08-13 22:30:50 +0200: Memory Usage (473628K) : graphmet1l_nofill has 0 polygons
2026-08-13 22:30:50 +0200: Memory Usage (473628K) : graphmet1l_slit has 0 polygons
2026-08-13 22:30:50 +0200: Memory Usage (473756K) : graphmet1l_OPC has 0 polygons
2026-08-13 22:30:50 +0200: Memory Usage (473756K) : extblock_drw has 6 polygons
2026-08-13 22:30:50 +0200: Memory Usage (473884K) : nldd_drw has 0 polygons
2026-08-13 22:30:50 +0200: Memory Usage (473884K) : pldd_drw has 0 polygons
2026-08-13 22:30:50 +0200: Memory Usage (474012K) : next_drw has 0 polygons
2026-08-13 22:30:50 +0200: Memory Usage (474012K) : pext_drw has 0 polygons
2026-08-13 22:30:50 +0200: Memory Usage (474140K) : nexthv_drw has 0 polygons
2026-08-13 22:30:50 +0200: Memory Usage (474268K) : pexthv_drw has 0 polygons
2026-08-13 22:30:50 +0200: Memory Usage (474268K) : graphgate_drw has 0 polygons
2026-08-13 22:30:50 +0200: Memory Usage (474268K) : sinwg_drw has 0 polygons
2026-08-13 22:30:50 +0200: Memory Usage (474268K) : sinwg_filler has 0 polygons
2026-08-13 22:30:50 +0200: Memory Usage (474268K) : sinwg_nofill has 0 polygons
2026-08-13 22:30:50 +0200: Memory Usage (474268K) : mempad_drw has 0 polygons
2026-08-13 22:30:50 +0200: Memory Usage (474268K) : topvia1_drw has 0 polygons
2026-08-13 22:30:50 +0200: Memory Usage (474396K) : topmetal1_drw has 0 polygons
2026-08-13 22:30:50 +0200: Memory Usage (474396K) : topmetal1_filler has 0 polygons
2026-08-13 22:30:50 +0200: Memory Usage (474524K) : topmetal1_slit has 0 polygons
2026-08-13 22:30:50 +0200: Memory Usage (474652K) : topmetal1 has 0 polygons
2026-08-13 22:30:50 +0200: Memory Usage (474652K) : topmetal1_pin has 0 polygons
2026-08-13 22:30:50 +0200: Memory Usage (474780K) : topmetal1_mask has 0 polygons
2026-08-13 22:30:50 +0200: Memory Usage (474780K) : topmetal1_nofill has 0 polygons
2026-08-13 22:30:50 +0200: Memory Usage (474908K) : topmetal1_text has 0 polygons
2026-08-13 22:30:50 +0200: Memory Usage (474908K) : topmetal1_noqrc has 0 polygons
2026-08-13 22:30:50 +0200: Memory Usage (475036K) : topmetal1_res has 0 polygons
2026-08-13 22:30:50 +0200: Memory Usage (475164K) : topmetal1_iprobe has 0 polygons
2026-08-13 22:30:50 +0200: Memory Usage (475164K) : topmetal1_diffprb has 0 polygons
2026-08-13 22:30:50 +0200: Memory Usage (475292K) : inldpwl_drw has 0 polygons
2026-08-13 22:30:50 +0200: Memory Usage (475292K) : polyres_drw has 2 polygons
2026-08-13 22:30:50 +0200: Memory Usage (475420K) : polyres_pin has 0 polygons
2026-08-13 22:30:50 +0200: Memory Usage (475420K) : vmim_drw has 0 polygons
2026-08-13 22:30:50 +0200: Memory Usage (475548K) : nbulaycut_drw has 0 polygons
2026-08-13 22:30:50 +0200: Memory Usage (475548K) : antmetal1_drw has 0 polygons
2026-08-13 22:30:50 +0200: Memory Usage (475676K) : topvia2_drw has 0 polygons
2026-08-13 22:30:50 +0200: Memory Usage (475804K) : topmetal2_drw has 0 polygons
2026-08-13 22:30:50 +0200: Memory Usage (475804K) : topmetal2_filler has 0 polygons
2026-08-13 22:30:50 +0200: Memory Usage (475932K) : topmetal2_slit has 0 polygons
2026-08-13 22:30:50 +0200: Memory Usage (476060K) : topmetal2 has 0 polygons
2026-08-13 22:30:50 +0200: Memory Usage (476060K) : topmetal2_pin has 0 polygons
2026-08-13 22:30:50 +0200: Memory Usage (476188K) : topmetal2_mask has 0 polygons
2026-08-13 22:30:50 +0200: Memory Usage (476188K) : topmetal2_nofill has 0 polygons
2026-08-13 22:30:50 +0200: Memory Usage (476316K) : topmetal2_text has 0 polygons
2026-08-13 22:30:50 +0200: Memory Usage (476316K) : topmetal2_noqrc has 0 polygons
2026-08-13 22:30:50 +0200: Memory Usage (476444K) : topmetal2_res has 0 polygons
2026-08-13 22:30:50 +0200: Memory Usage (476444K) : topmetal2_iprobe has 0 polygons
2026-08-13 22:30:50 +0200: Memory Usage (476572K) : topmetal2_diffprb has 0 polygons
2026-08-13 22:30:50 +0200: Memory Usage (476700K) : snsring_drw has 0 polygons
2026-08-13 22:30:50 +0200: Memory Usage (476700K) : sensor_drw has 0 polygons
2026-08-13 22:30:50 +0200: Memory Usage (476828K) : snsarms_drw has 0 polygons
2026-08-13 22:30:50 +0200: Memory Usage (476828K) : snscmosvia_drw has 0 polygons
2026-08-13 22:30:50 +0200: Memory Usage (476956K) : colwind_drw has 0 polygons
2026-08-13 22:30:50 +0200: Memory Usage (476956K) : flm_drw has 0 polygons
2026-08-13 22:30:50 +0200: Memory Usage (477084K) : hafniumox_drw has 0 polygons
2026-08-13 22:30:50 +0200: Memory Usage (477212K) : memvia_drw has 0 polygons
2026-08-13 22:30:50 +0200: Memory Usage (477212K) : thinfilmres_drw has 0 polygons
2026-08-13 22:30:50 +0200: Memory Usage (477340K) : rfmem_drw has 0 polygons
2026-08-13 22:30:50 +0200: Memory Usage (477340K) : norcx_drw has 0 polygons
2026-08-13 22:30:50 +0200: Memory Usage (477468K) : norcx_m2m3 has 0 polygons
2026-08-13 22:30:50 +0200: Memory Usage (477468K) : norcx_m2m4 has 0 polygons
2026-08-13 22:30:50 +0200: Memory Usage (477596K) : norcx_m2m5 has 0 polygons
2026-08-13 22:30:50 +0200: Memory Usage (477596K) : norcx_m2tm1 has 0 polygons
2026-08-13 22:30:50 +0200: Memory Usage (477724K) : norcx_m2tm2 has 0 polygons
2026-08-13 22:30:50 +0200: Memory Usage (477724K) : norcx_m3m4 has 0 polygons
2026-08-13 22:30:50 +0200: Memory Usage (477852K) : norcx_m3m5 has 0 polygons
2026-08-13 22:30:50 +0200: Memory Usage (477980K) : norcx_m3tm1 has 0 polygons
2026-08-13 22:30:50 +0200: Memory Usage (477980K) : norcx_m3tm2 has 0 polygons
2026-08-13 22:30:50 +0200: Memory Usage (478108K) : norcx_m4m5 has 0 polygons
2026-08-13 22:30:50 +0200: Memory Usage (478108K) : norcx_m4tm1 has 0 polygons
2026-08-13 22:30:50 +0200: Memory Usage (478236K) : norcx_m4tm2 has 0 polygons
2026-08-13 22:30:50 +0200: Memory Usage (478236K) : norcx_m5tm1 has 0 polygons
2026-08-13 22:30:50 +0200: Memory Usage (478364K) : norcx_m5tm2 has 0 polygons
2026-08-13 22:30:50 +0200: Memory Usage (478364K) : norcx_tm1tm2 has 0 polygons
2026-08-13 22:30:50 +0200: Memory Usage (478492K) : norcx_m1sub has 0 polygons
2026-08-13 22:30:50 +0200: Memory Usage (478620K) : norcx_m2sub has 0 polygons
2026-08-13 22:30:50 +0200: Memory Usage (478620K) : norcx_m3sub has 0 polygons
2026-08-13 22:30:50 +0200: Memory Usage (478748K) : norcx_m4sub has 0 polygons
2026-08-13 22:30:50 +0200: Memory Usage (478748K) : norcx_m5sub has 0 polygons
2026-08-13 22:30:50 +0200: Memory Usage (478876K) : norcx_tm1sub has 0 polygons
2026-08-13 22:30:50 +0200: Memory Usage (478876K) : norcx_tm2sub has 0 polygons
2026-08-13 22:30:50 +0200: Memory Usage (479004K) : snsbotvia_drw has 0 polygons
2026-08-13 22:30:50 +0200: Memory Usage (479004K) : snstopvia_drw has 0 polygons
2026-08-13 22:30:50 +0200: Memory Usage (479132K) : deepvia_drw has 0 polygons
2026-08-13 22:30:50 +0200: Memory Usage (479132K) : fgetch_drw has 0 polygons
2026-08-13 22:30:50 +0200: Memory Usage (479260K) : ctrgat_drw has 0 polygons
2026-08-13 22:30:50 +0200: Memory Usage (479388K) : fgimp_drw has 0 polygons
2026-08-13 22:30:50 +0200: Memory Usage (479388K) : emwihv_drw has 0 polygons
2026-08-13 22:30:50 +0200: Memory Usage (479516K) : lbe_drw has 0 polygons
2026-08-13 22:30:50 +0200: Memory Usage (479516K) : alcustop_drw has 0 polygons
2026-08-13 22:30:50 +0200: Memory Usage (479644K) : nometfiller_drw has 0 polygons
2026-08-13 22:30:50 +0200: Memory Usage (479644K) : prboundary_drw has 0 polygons
2026-08-13 22:30:50 +0200: Memory Usage (479772K) : exchange0_drw has 0 polygons
2026-08-13 22:30:50 +0200: Memory Usage (479772K) : exchange0_pin has 0 polygons
2026-08-13 22:30:50 +0200: Memory Usage (479900K) : exchange0_text has 0 polygons
2026-08-13 22:30:50 +0200: Memory Usage (480028K) : exchange1_drw has 0 polygons
2026-08-13 22:30:50 +0200: Memory Usage (480028K) : exchange1_pin has 0 polygons
2026-08-13 22:30:50 +0200: Memory Usage (480156K) : exchange1_text has 0 polygons
2026-08-13 22:30:50 +0200: Memory Usage (480156K) : exchange2_drw has 0 polygons
2026-08-13 22:30:50 +0200: Memory Usage (480284K) : exchange2_pin has 0 polygons
2026-08-13 22:30:50 +0200: Memory Usage (480284K) : exchange2_text has 0 polygons
2026-08-13 22:30:50 +0200: Memory Usage (480412K) : exchange3_drw has 0 polygons
2026-08-13 22:30:50 +0200: Memory Usage (480412K) : exchange3_pin has 0 polygons
2026-08-13 22:30:50 +0200: Memory Usage (480540K) : exchange3_text has 0 polygons
2026-08-13 22:30:50 +0200: Memory Usage (480540K) : exchange4_drw has 0 polygons
2026-08-13 22:30:50 +0200: Memory Usage (480668K) : exchange4_pin has 0 polygons
2026-08-13 22:30:50 +0200: Memory Usage (480668K) : exchange4_text has 0 polygons
2026-08-13 22:30:50 +0200: Memory Usage (480796K) : isonwell_drw has 0 polygons
2026-08-13 22:30:50 +0200: Memory Usage (480796K) : Total no. of polygons in the design is 600
2026-08-13 22:30:50 +0200: Memory Usage (480796K) : Starting CMOS5L Forbidden Layer Check
2026-08-13 22:30:50 +0200: Memory Usage (480796K) : CMOS5L Forbidden Layer Check: PASSED - No forbidden layers found
2026-08-13 22:30:50 +0200: Memory Usage (480796K) : CMOS5L Forbidden Layer Check: PASSED
2026-08-13 22:30:50 +0200: Memory Usage (480796K) : Starting base layers derivations
2026-08-13 22:30:50 +0200: Memory Usage (480796K) : Starting general LVS derivations
2026-08-13 22:30:50 +0200: Memory Usage (485104K) : Starting MOSFET DERIVATIONS
2026-08-13 22:30:50 +0200: Memory Usage (487280K) : Starting NMOS DERIVATIONS
2026-08-13 22:30:50 +0200: Memory Usage (487536K) : Starting PMOS DERIVATIONS
2026-08-13 22:30:50 +0200: Memory Usage (487792K) : Starting RF-MOSFET DERIVATIONS
2026-08-13 22:30:50 +0200: Memory Usage (487792K) : Starting RF-NMOS DERIVATIONS
2026-08-13 22:30:50 +0200: Memory Usage (488048K) : Starting RF-PMOS DERIVATIONS
2026-08-13 22:30:50 +0200: Memory Usage (488304K) : Starting BJT DERIVATIONS
2026-08-13 22:30:50 +0200: Memory Usage (488304K) : Starting NPN-BJT DERIVATIONS
2026-08-13 22:30:50 +0200: Memory Usage (488944K) : Starting PNP-BJT DERIVATIONS
2026-08-13 22:30:50 +0200: Memory Usage (488944K) : Starting DIODE DERIVATIONS
2026-08-13 22:30:50 +0200: Memory Usage (488944K) : Starting RESISTOR DERIVATIONS
2026-08-13 22:30:50 +0200: Memory Usage (489328K) : Starting CAP DERIVATIONS
2026-08-13 22:30:51 +0200: Memory Usage (489328K) : Starting CAP_MFRINGE DERIVATIONS
2026-08-13 22:30:51 +0200: Memory Usage (489328K) : Starting ESD DERIVATIONS
2026-08-13 22:30:51 +0200: Memory Usage (492400K) : Starting Inductor DERIVATIONS
2026-08-13 22:30:51 +0200: Memory Usage (493296K) : Starting Taps DERIVATIONS
2026-08-13 22:30:51 +0200: Memory Usage (493296K) : Starting SG13G2 LVS connectivity setup
2026-08-13 22:30:51 +0200: Memory Usage (493296K) : Starting SG13G2 LVS connectivity setup (Inter-layer)
2026-08-13 22:30:51 +0200: Memory Usage (493424K) : Starting SG13G2 LVS connectivity setup (Global)
2026-08-13 22:30:51 +0200: Memory Usage (493424K) : Starting LVS MOSFET CONNECTIONS
2026-08-13 22:30:51 +0200: Memory Usage (493424K) : Starting LVS RF-MOSFET CONNECTIONS
2026-08-13 22:30:51 +0200: Memory Usage (493424K) : Starting LVS BJT CONNECTIONS
2026-08-13 22:30:51 +0200: Memory Usage (493424K) : Starting LVS DIODE CONNECTIONS
2026-08-13 22:30:51 +0200: Memory Usage (493424K) : Starting RESISTOR CONNECTIONS
2026-08-13 22:30:51 +0200: Memory Usage (493424K) : Starting LVS CAP CONNECTIONS
2026-08-13 22:30:51 +0200: Memory Usage (493424K) : Starting ESD CONNECTIONS
2026-08-13 22:30:51 +0200: Memory Usage (493424K) : Starting Inductor CONNECTIONS
2026-08-13 22:30:51 +0200: Memory Usage (493424K) : Starting LVS Taps CONNECTIONS
2026-08-13 22:30:51 +0200: Memory Usage (493424K) : Starting CAP_MFRINGE CONNECTIONS
2026-08-13 22:30:51 +0200: Memory Usage (493424K) : Starting SG13CMOS5L LVS DEVICES EXTRACTION
2026-08-13 22:30:51 +0200: Memory Usage (493424K) : Starting MOSFET EXTRACTION
2026-08-13 22:30:51 +0200: Memory Usage (493424K) : Starting NMOS EXTRACTION
2026-08-13 22:30:51 +0200: Memory Usage (493424K) : Extraction of NMOS-LV transistor
2026-08-13 22:30:51 +0200: Memory Usage (493552K) : Extraction of NMOS-HV transistor
2026-08-13 22:30:51 +0200: Memory Usage (493552K) : Starting PMOS EXTRACTION
2026-08-13 22:30:51 +0200: Memory Usage (493552K) : Extraction of PMOS-LV transistor
2026-08-13 22:30:51 +0200: Memory Usage (493552K) : Extraction of PMOS-HV transistor
2026-08-13 22:30:51 +0200: Memory Usage (493552K) : Starting RF-MOSFET EXTRACTION
2026-08-13 22:30:51 +0200: Memory Usage (493552K) : Extraction of RF-NMOS-LV transistor
2026-08-13 22:30:51 +0200: Memory Usage (493552K) : Extraction of RF-NMOS-HV transistor
2026-08-13 22:30:51 +0200: Memory Usage (493552K) : Extraction of RF-PMOS-LV transistor
2026-08-13 22:30:51 +0200: Memory Usage (493552K) : Extraction of RF-PMOS-HV transistor
2026-08-13 22:30:51 +0200: Memory Usage (493552K) : Starting BJT EXTRACTION
2026-08-13 22:30:51 +0200: Memory Usage (493552K) : Starting NPN-BJT EXTRACTION
2026-08-13 22:30:51 +0200: Memory Usage (493552K) : Extraction of npn13G2 BJT transistor
2026-08-13 22:30:51 +0200: Memory Usage (493552K) : Extraction of npn13G2L BJT transistor
2026-08-13 22:30:51 +0200: Memory Usage (493552K) : Extraction of npn13G2V BJT transistor
2026-08-13 22:30:51 +0200: Memory Usage (493552K) : Starting PNP-BJT EXTRACTION
2026-08-13 22:30:51 +0200: Memory Usage (493552K) : Extracting pnpMPA BJT
2026-08-13 22:30:51 +0200: Memory Usage (493552K) : Starting DIODE EXTRACTION
2026-08-13 22:30:51 +0200: Memory Usage (493552K) : Extracting dantenna diode
2026-08-13 22:30:51 +0200: Memory Usage (493552K) : Extracting dpantenna diode
2026-08-13 22:30:51 +0200: Memory Usage (493552K) : Extracting schottky_nbl1 diode
2026-08-13 22:30:51 +0200: Memory Usage (493552K) : Extracting isolbox diode
2026-08-13 22:30:51 +0200: Memory Usage (493552K) : Starting RESISTOR EXTRACTION
2026-08-13 22:30:51 +0200: Memory Usage (493552K) : Extracting rsil resistor
2026-08-13 22:30:51 +0200: Memory Usage (493552K) : Extracting rppd resistor
2026-08-13 22:30:51 +0200: Memory Usage (493680K) : Extracting rhigh resistor
2026-08-13 22:30:51 +0200: Memory Usage (493680K) : Extracting res_metal1 resistor
2026-08-13 22:30:51 +0200: Memory Usage (493680K) : Extracting res_metal2 resistor
2026-08-13 22:30:51 +0200: Memory Usage (493680K) : Extracting res_metal3 resistor
2026-08-13 22:30:51 +0200: Memory Usage (493680K) : Extracting res_metal4 resistor
2026-08-13 22:30:51 +0200: Memory Usage (493680K) : Extracting res_metal5 resistor
2026-08-13 22:30:51 +0200: Memory Usage (493680K) : Extracting res_topmetal1 resistor
2026-08-13 22:30:51 +0200: Memory Usage (493680K) : Extracting res_topmetal2 resistor
2026-08-13 22:30:51 +0200: Memory Usage (493680K) : Starting CAP EXTRACTION
2026-08-13 22:30:51 +0200: Memory Usage (493680K) : Extracting cap_cmim device
2026-08-13 22:30:51 +0200: Memory Usage (493680K) : Extracting rfcmim device
2026-08-13 22:30:51 +0200: Memory Usage (493680K) : Extracting sg13_hv_svaricap varactor
2026-08-13 22:30:51 +0200: Memory Usage (493680K) : Extracting cap_mfringe device
2026-08-13 22:30:51 +0200: Memory Usage (493680K) : Starting ESD EXTRACTION
2026-08-13 22:30:51 +0200: Memory Usage (493680K) : Extracting diodevdd_2kv ESD device
2026-08-13 22:30:51 +0200: Memory Usage (493680K) : Extracting diodevdd_4kv ESD device
2026-08-13 22:30:51 +0200: Memory Usage (493680K) : Extracting diodevss_2kv ESD device
2026-08-13 22:30:51 +0200: Memory Usage (493680K) : Extracting diodevss_4kv ESD device
2026-08-13 22:30:51 +0200: Memory Usage (493680K) : Extracting idiodevdd_2kv ESD device
2026-08-13 22:30:51 +0200: Memory Usage (493680K) : Extracting idiodevdd_4kv ESD device
2026-08-13 22:30:51 +0200: Memory Usage (493680K) : Extracting idiodevss_2kv ESD device
2026-08-13 22:30:51 +0200: Memory Usage (493680K) : Extracting idiodevss_4kv ESD device
2026-08-13 22:30:51 +0200: Memory Usage (493680K) : Extracting nmoscl_2 ESD device
2026-08-13 22:30:51 +0200: Memory Usage (493680K) : Extracting nmoscl_4 ESD device
2026-08-13 22:30:51 +0200: Memory Usage (493680K) : Starting Inductor EXTRACTION
2026-08-13 22:30:51 +0200: Memory Usage (493680K) : Extracting Inductor2 device
2026-08-13 22:30:51 +0200: Memory Usage (493680K) : Extracting Inductor3 device
2026-08-13 22:30:51 +0200: Memory Usage (493680K) : Starting Taps EXTRACTION
2026-08-13 22:30:51 +0200: Memory Usage (493680K) : DISABLE_TAP_EXTRACTION is enabled: skipping ntap1/ptap1 device extraction.
2026-08-13 22:30:51 +0200: Memory Usage (493680K) : Starting SG13CMOS5L LVS RF MOS Model Mapping
2026-08-13 22:30:51 +0200: Memory Usage (493864K) : [layout_netlist] Apply RF MOS model mapping and rfmode parameter.
2026-08-13 22:30:51 +0200: Memory Usage (493864K) : Starting SG13CMOS5L LVS Options Preparations
2026-08-13 22:30:51 +0200: Memory Usage (493864K) : SG13CMOS5L LVS flow: extraction -> alignment -> option preparation -> comparison.
2026-08-13 22:30:51 +0200: Memory Usage (493864K) : Starting SG13CMOS5L LVS Alignment
2026-08-13 22:30:51 +0200: Memory Usage (493864K) : Starting SG13CMOS5L LVS Simplification
2026-08-13 22:30:51 +0200: Memory Usage (493864K) : [layout_netlist] simplify: ENABLED
2026-08-13 22:30:51 +0200: Memory Usage (493864K) : [layout_netlist] make_top_level_pins: SKIPPED
2026-08-13 22:30:51 +0200: Memory Usage (493864K) : [layout_netlist] combine_devices: SKIPPED
2026-08-13 22:30:51 +0200: Memory Usage (493864K) : [layout_netlist] purge: SKIPPED
2026-08-13 22:30:51 +0200: Memory Usage (493864K) : [layout_netlist] purge_nets: SKIPPED
2026-08-13 22:30:51 +0200: Memory Usage (493864K) : [schematic_netlist] simplify: ENABLED
2026-08-13 22:30:51 +0200: Memory Usage (493864K) : [schematic_netlist] make_top_level_pins: SKIPPED
2026-08-13 22:30:51 +0200: Memory Usage (493864K) : [schematic_netlist] combine_devices: SKIPPED
2026-08-13 22:30:51 +0200: Memory Usage (493864K) : [schematic_netlist] purge: SKIPPED
2026-08-13 22:30:51 +0200: Memory Usage (493864K) : [schematic_netlist] purge_nets: SKIPPED
2026-08-13 22:30:51 +0200: Memory Usage (493864K) : Starting SG13CMOS5L LVS Comparison in strict port mode.
2026-08-13 22:30:51 +0200: Memory Usage (493864K) : flag_missing_ports enabled: missing/mislabeled top-level ports are treated as errors.
2026-08-13 22:30:51 +0200: Memory Usage (493992K) : ==========================================
2026-08-13 22:30:51 +0200: Memory Usage (493992K) : INFO : Congratulations! Netlists match.
2026-08-13 22:30:51 +0200: Memory Usage (493992K) : ==========================================
2026-08-13 22:30:51 +0200: Memory Usage (493992K) : LVS Total Run time 1.180211 seconds
2026-08-13 22:31:13 +0200: Memory Usage (456764K) : Starting running SG13CMOS5L Klayout LVS runset on /foss/designs/CHIP-PLL/layout/CP/vbias/vbias.gds
2026-08-13 22:31:13 +0200: Memory Usage (456764K) : Ruby Version for klayout: 3.2.3
2026-08-13 22:31:13 +0200: Memory Usage (458312K) : Loading database to memory is complete.
2026-08-13 22:31:13 +0200: Memory Usage (458312K) : SG13CMOS5L Klayout LVS runset output at: /foss/designs/CHIP-PLL/layout/CP/lvs/vbias.lvsdb
2026-08-13 22:31:13 +0200: Memory Usage (458312K) : Evaluate switches.
2026-08-13 22:31:13 +0200: Memory Usage (458312K) : Extracted netlist with net names: true
2026-08-13 22:31:13 +0200: Memory Usage (458312K) : Extracted netlist with comments in details: false
2026-08-13 22:31:13 +0200: Memory Usage (458312K) : Selected NET_ONLY option: false
2026-08-13 22:31:13 +0200: Memory Usage (458312K) : Selected LAYOUT_NETLIST option: (none)
2026-08-13 22:31:13 +0200: Memory Usage (458312K) : Selected IGNORE_TOP_PORTS_MISMATCH option: 
2026-08-13 22:31:13 +0200: Memory Usage (458312K) : Selected IMPLICIT_NETS option: (none)
2026-08-13 22:31:13 +0200: Memory Usage (458312K) : Selected TOP_LVL_PINS option: false
2026-08-13 22:31:13 +0200: Memory Usage (458312K) : Selected COMBINE DEVICES option: false
2026-08-13 22:31:13 +0200: Memory Usage (458312K) : Selected PURGE option: false
2026-08-13 22:31:13 +0200: Memory Usage (458312K) : Selected PURGE_NETS option: false
2026-08-13 22:31:13 +0200: Memory Usage (458312K) : Selected SIMPLIFY option: true
2026-08-13 22:31:13 +0200: Memory Usage (458312K) : Selected SERIES_RES option: true
2026-08-13 22:31:13 +0200: Memory Usage (458312K) : Selected PARALLEL_RES option: true
2026-08-13 22:31:13 +0200: Memory Usage (458312K) : Selected DISABLE_TAP_EXTRACTION option: true
2026-08-13 22:31:13 +0200: Memory Usage (458312K) : deep  mode is enabled.
2026-08-13 22:31:13 +0200: Memory Usage (458696K) : Netlist file: /foss/designs/CHIP-PLL/layout/CP/netlists/vbias.spice
2026-08-13 22:31:13 +0200: Memory Usage (458696K) : LVS extracted netlist at: /foss/designs/CHIP-PLL/layout/CP/lvs/vbias_extracted.cir
2026-08-13 22:31:13 +0200: Memory Usage (458696K) : Applying SRAM integration support.
2026-08-13 22:31:13 +0200: Memory Usage (458696K) : Starting SG13CMOS5L LVS runset
2026-08-13 22:31:13 +0200: Memory Usage (458696K) : Read in polygons from layers.
2026-08-13 22:31:13 +0200: Memory Usage (459764K) : activ_drw has 43 polygons
2026-08-13 22:31:13 +0200: Memory Usage (459764K) : activ_filler has 0 polygons
2026-08-13 22:31:13 +0200: Memory Usage (459764K) : activ has 43 polygons
2026-08-13 22:31:13 +0200: Memory Usage (459764K) : activ_pin has 0 polygons
2026-08-13 22:31:13 +0200: Memory Usage (459764K) : activ_mask has 0 polygons
2026-08-13 22:31:13 +0200: Memory Usage (459764K) : activ_nofill has 0 polygons
2026-08-13 22:31:13 +0200: Memory Usage (459764K) : activ_OPC has 0 polygons
2026-08-13 22:31:13 +0200: Memory Usage (459764K) : activ_iOPC has 0 polygons
2026-08-13 22:31:13 +0200: Memory Usage (459764K) : activ_noqrc has 0 polygons
2026-08-13 22:31:13 +0200: Memory Usage (459764K) : biwind_drw has 0 polygons
2026-08-13 22:31:13 +0200: Memory Usage (459764K) : biwind_OPC has 0 polygons
2026-08-13 22:31:13 +0200: Memory Usage (459764K) : gatpoly_drw has 39 polygons
2026-08-13 22:31:13 +0200: Memory Usage (459764K) : gatpoly_filler has 0 polygons
2026-08-13 22:31:13 +0200: Memory Usage (459764K) : gatpoly has 39 polygons
2026-08-13 22:31:13 +0200: Memory Usage (459892K) : gatpoly_pin has 9 polygons
2026-08-13 22:31:13 +0200: Memory Usage (459892K) : gatpoly_nofill has 0 polygons
2026-08-13 22:31:13 +0200: Memory Usage (459892K) : gatpoly_OPC has 0 polygons
2026-08-13 22:31:13 +0200: Memory Usage (459892K) : gatpoly_iOPC has 0 polygons
2026-08-13 22:31:13 +0200: Memory Usage (459892K) : gatpoly_noqrc has 0 polygons
2026-08-13 22:31:13 +0200: Memory Usage (459892K) : cont_drw has 182 polygons
2026-08-13 22:31:13 +0200: Memory Usage (459892K) : cont_OPC has 0 polygons
2026-08-13 22:31:13 +0200: Memory Usage (460020K) : nsd_drw has 0 polygons
2026-08-13 22:31:13 +0200: Memory Usage (460020K) : nsd_block has 0 polygons
2026-08-13 22:31:13 +0200: Memory Usage (460592K) : metal1_drw has 131 polygons
2026-08-13 22:31:13 +0200: Memory Usage (460592K) : metal1_filler has 0 polygons
2026-08-13 22:31:13 +0200: Memory Usage (460720K) : metal1_slit has 0 polygons
2026-08-13 22:31:13 +0200: Memory Usage (461104K) : metal1 has 131 polygons
2026-08-13 22:31:13 +0200: Memory Usage (461104K) : metal1_pin has 32 polygons
2026-08-13 22:31:13 +0200: Memory Usage (461232K) : metal1_mask has 0 polygons
2026-08-13 22:31:13 +0200: Memory Usage (461360K) : metal1_nofill has 0 polygons
2026-08-13 22:31:13 +0200: Memory Usage (461488K) : metal1_text has 4 polygons
2026-08-13 22:31:13 +0200: Memory Usage (461488K) : metal1_OPC has 0 polygons
2026-08-13 22:31:13 +0200: Memory Usage (461488K) : metal1_noqrc has 0 polygons
2026-08-13 22:31:13 +0200: Memory Usage (461488K) : metal1_res has 0 polygons
2026-08-13 22:31:13 +0200: Memory Usage (461616K) : metal1_iprobe has 0 polygons
2026-08-13 22:31:13 +0200: Memory Usage (461616K) : metal1_diffprb has 0 polygons
2026-08-13 22:31:13 +0200: Memory Usage (461744K) : passiv_drw has 0 polygons
2026-08-13 22:31:13 +0200: Memory Usage (461744K) : passiv_pin has 0 polygons
2026-08-13 22:31:13 +0200: Memory Usage (461872K) : passiv_sbump has 0 polygons
2026-08-13 22:31:13 +0200: Memory Usage (462000K) : passiv_pillar has 0 polygons
2026-08-13 22:31:13 +0200: Memory Usage (462000K) : passiv_pdl has 0 polygons
2026-08-13 22:31:13 +0200: Memory Usage (462128K) : metal2_drw has 41 polygons
2026-08-13 22:31:13 +0200: Memory Usage (462128K) : metal2_filler has 0 polygons
2026-08-13 22:31:13 +0200: Memory Usage (462256K) : metal2_slit has 0 polygons
2026-08-13 22:31:13 +0200: Memory Usage (462384K) : metal2 has 41 polygons
2026-08-13 22:31:13 +0200: Memory Usage (462384K) : metal2_pin has 2 polygons
2026-08-13 22:31:13 +0200: Memory Usage (462512K) : metal2_mask has 0 polygons
2026-08-13 22:31:13 +0200: Memory Usage (462512K) : metal2_nofill has 0 polygons
2026-08-13 22:31:13 +0200: Memory Usage (462640K) : metal2_text has 2 polygons
2026-08-13 22:31:13 +0200: Memory Usage (462640K) : metal2_OPC has 0 polygons
2026-08-13 22:31:13 +0200: Memory Usage (462768K) : metal2_noqrc has 0 polygons
2026-08-13 22:31:13 +0200: Memory Usage (462768K) : metal2_res has 0 polygons
2026-08-13 22:31:13 +0200: Memory Usage (462896K) : metal2_iprobe has 0 polygons
2026-08-13 22:31:13 +0200: Memory Usage (463024K) : metal2_diffprb has 0 polygons
2026-08-13 22:31:13 +0200: Memory Usage (463152K) : baspoly_drw has 0 polygons
2026-08-13 22:31:13 +0200: Memory Usage (463152K) : baspoly_pin has 0 polygons
2026-08-13 22:31:13 +0200: Memory Usage (463280K) : psd_drw has 12 polygons
2026-08-13 22:31:13 +0200: Memory Usage (463280K) : nldb_drw has 0 polygons
2026-08-13 22:31:13 +0200: Memory Usage (463408K) : digibnd_drw has 0 polygons
2026-08-13 22:31:13 +0200: Memory Usage (463408K) : via1_drw has 17 polygons
2026-08-13 22:31:13 +0200: Memory Usage (463536K) : backmetal1_drw has 0 polygons
2026-08-13 22:31:13 +0200: Memory Usage (463536K) : backmetal1_pin has 0 polygons
2026-08-13 22:31:13 +0200: Memory Usage (463664K) : backmetal1_mask has 0 polygons
2026-08-13 22:31:13 +0200: Memory Usage (463792K) : backmetal1_filler has 0 polygons
2026-08-13 22:31:13 +0200: Memory Usage (463920K) : backmetal1_nofill has 0 polygons
2026-08-13 22:31:13 +0200: Memory Usage (463920K) : backmetal1_slit has 0 polygons
2026-08-13 22:31:13 +0200: Memory Usage (464048K) : backmetal1_text has 0 polygons
2026-08-13 22:31:13 +0200: Memory Usage (464048K) : backmetal1_OPC has 0 polygons
2026-08-13 22:31:13 +0200: Memory Usage (464176K) : backmetal1_noqrc has 0 polygons
2026-08-13 22:31:13 +0200: Memory Usage (464176K) : backmetal1_res has 0 polygons
2026-08-13 22:31:13 +0200: Memory Usage (464304K) : backmetal1_iprobe has 0 polygons
2026-08-13 22:31:13 +0200: Memory Usage (464304K) : backmetal1_diffprb has 0 polygons
2026-08-13 22:31:13 +0200: Memory Usage (464432K) : backpassiv_drw has 0 polygons
2026-08-13 22:31:13 +0200: Memory Usage (464560K) : res_drw has 0 polygons
2026-08-13 22:31:13 +0200: Memory Usage (464560K) : sram_drw has 0 polygons
2026-08-13 22:31:13 +0200: Memory Usage (464688K) : trans_drw has 0 polygons
2026-08-13 22:31:13 +0200: Memory Usage (464688K) : ind_drw has 0 polygons
2026-08-13 22:31:13 +0200: Memory Usage (464816K) : ind_pin has 0 polygons
2026-08-13 22:31:13 +0200: Memory Usage (464816K) : ind_text has 0 polygons
2026-08-13 22:31:13 +0200: Memory Usage (464944K) : salblock_drw has 2 polygons
2026-08-13 22:31:13 +0200: Memory Usage (465072K) : via2_drw has 8 polygons
2026-08-13 22:31:13 +0200: Memory Usage (465200K) : metal3_drw has 15 polygons
2026-08-13 22:31:13 +0200: Memory Usage (465200K) : metal3_filler has 0 polygons
2026-08-13 22:31:13 +0200: Memory Usage (465328K) : metal3_slit has 0 polygons
2026-08-13 22:31:13 +0200: Memory Usage (465456K) : metal3 has 15 polygons
2026-08-13 22:31:13 +0200: Memory Usage (465456K) : metal3_pin has 0 polygons
2026-08-13 22:31:13 +0200: Memory Usage (465584K) : metal3_mask has 0 polygons
2026-08-13 22:31:13 +0200: Memory Usage (465712K) : metal3_nofill has 0 polygons
2026-08-13 22:31:13 +0200: Memory Usage (465712K) : metal3_text has 0 polygons
2026-08-13 22:31:13 +0200: Memory Usage (465840K) : metal3_OPC has 0 polygons
2026-08-13 22:31:13 +0200: Memory Usage (465840K) : metal3_noqrc has 0 polygons
2026-08-13 22:31:13 +0200: Memory Usage (465840K) : metal3_res has 0 polygons
2026-08-13 22:31:13 +0200: Memory Usage (465840K) : metal3_iprobe has 0 polygons
2026-08-13 22:31:13 +0200: Memory Usage (465968K) : metal3_diffprb has 0 polygons
2026-08-13 22:31:13 +0200: Memory Usage (465968K) : nwell_drw has 11 polygons
2026-08-13 22:31:13 +0200: Memory Usage (465968K) : nwell_pin has 2 polygons
2026-08-13 22:31:13 +0200: Memory Usage (465968K) : nwell_text has 0 polygons
2026-08-13 22:31:13 +0200: Memory Usage (466096K) : nbulay_drw has 0 polygons
2026-08-13 22:31:13 +0200: Memory Usage (466096K) : nbulay_pin has 0 polygons
2026-08-13 22:31:13 +0200: Memory Usage (466096K) : nbulay_block has 0 polygons
2026-08-13 22:31:13 +0200: Memory Usage (466224K) : emwind_drw has 0 polygons
2026-08-13 22:31:13 +0200: Memory Usage (466224K) : emwind_OPC has 0 polygons
2026-08-13 22:31:13 +0200: Memory Usage (466224K) : deepco_drw has 0 polygons
2026-08-13 22:31:13 +0200: Memory Usage (466352K) : mim_drw has 0 polygons
2026-08-13 22:31:13 +0200: Memory Usage (466352K) : edgeseal_drw has 0 polygons
2026-08-13 22:31:13 +0200: Memory Usage (466480K) : substrate_drw has 6 polygons
2026-08-13 22:31:13 +0200: Memory Usage (466480K) : substrate_text has 0 polygons
2026-08-13 22:31:13 +0200: Memory Usage (466608K) : dfpad_drw has 0 polygons
2026-08-13 22:31:13 +0200: Memory Usage (466608K) : dfpad_pillar has 0 polygons
2026-08-13 22:31:13 +0200: Memory Usage (466736K) : dfpad_sbump has 0 polygons
2026-08-13 22:31:13 +0200: Memory Usage (466736K) : thickgateox_drw has 0 polygons
2026-08-13 22:31:13 +0200: Memory Usage (466864K) : pldb_drw has 0 polygons
2026-08-13 22:31:13 +0200: Memory Usage (466864K) : pwell_drw has 0 polygons
2026-08-13 22:31:13 +0200: Memory Usage (466992K) : pwell_pin has 0 polygons
2026-08-13 22:31:13 +0200: Memory Usage (466992K) : pwell_block has 0 polygons
2026-08-13 22:31:13 +0200: Memory Usage (467120K) : ic_drw has 0 polygons
2026-08-13 22:31:13 +0200: Memory Usage (467248K) : via3_drw has 0 polygons
2026-08-13 22:31:13 +0200: Memory Usage (467248K) : metal4_drw has 0 polygons
2026-08-13 22:31:13 +0200: Memory Usage (467376K) : metal4_filler has 0 polygons
2026-08-13 22:31:13 +0200: Memory Usage (467376K) : metal4_slit has 0 polygons
2026-08-13 22:31:13 +0200: Memory Usage (467504K) : metal4 has 0 polygons
2026-08-13 22:31:13 +0200: Memory Usage (467632K) : metal4_pin has 0 polygons
2026-08-13 22:31:13 +0200: Memory Usage (467632K) : metal4_mask has 0 polygons
2026-08-13 22:31:13 +0200: Memory Usage (467760K) : metal4_nofill has 0 polygons
2026-08-13 22:31:13 +0200: Memory Usage (467760K) : metal4_text has 0 polygons
2026-08-13 22:31:13 +0200: Memory Usage (467888K) : metal4_OPC has 0 polygons
2026-08-13 22:31:13 +0200: Memory Usage (467888K) : metal4_noqrc has 0 polygons
2026-08-13 22:31:13 +0200: Memory Usage (468016K) : metal4_res has 0 polygons
2026-08-13 22:31:13 +0200: Memory Usage (468144K) : metal4_iprobe has 0 polygons
2026-08-13 22:31:13 +0200: Memory Usage (468144K) : metal4_diffprb has 0 polygons
2026-08-13 22:31:13 +0200: Memory Usage (468272K) : heattrans_drw has 13 polygons
2026-08-13 22:31:13 +0200: Memory Usage (468272K) : heatres_drw has 2 polygons
2026-08-13 22:31:13 +0200: Memory Usage (468400K) : fbe_drw has 0 polygons
2026-08-13 22:31:13 +0200: Memory Usage (468400K) : empoly_drw has 0 polygons
2026-08-13 22:31:13 +0200: Memory Usage (468400K) : digisub_drw has 0 polygons
2026-08-13 22:31:13 +0200: Memory Usage (468528K) : text_drw has 19 polygons
2026-08-13 22:31:13 +0200: Memory Usage (468528K) : via4_drw has 0 polygons
2026-08-13 22:31:13 +0200: Memory Usage (468528K) : metal5_drw has 0 polygons
2026-08-13 22:31:13 +0200: Memory Usage (468528K) : metal5_filler has 0 polygons
2026-08-13 22:31:13 +0200: Memory Usage (468656K) : metal5_slit has 0 polygons
2026-08-13 22:31:13 +0200: Memory Usage (468784K) : metal5 has 0 polygons
2026-08-13 22:31:13 +0200: Memory Usage (468784K) : metal5_pin has 0 polygons
2026-08-13 22:31:13 +0200: Memory Usage (468912K) : metal5_mask has 0 polygons
2026-08-13 22:31:13 +0200: Memory Usage (469040K) : metal5_nofill has 0 polygons
2026-08-13 22:31:13 +0200: Memory Usage (469040K) : metal5_text has 0 polygons
2026-08-13 22:31:13 +0200: Memory Usage (469168K) : metal5_OPC has 0 polygons
2026-08-13 22:31:13 +0200: Memory Usage (469168K) : metal5_noqrc has 0 polygons
2026-08-13 22:31:13 +0200: Memory Usage (469296K) : metal5_res has 0 polygons
2026-08-13 22:31:13 +0200: Memory Usage (469296K) : metal5_iprobe has 0 polygons
2026-08-13 22:31:13 +0200: Memory Usage (469424K) : metal5_diffprb has 0 polygons
2026-08-13 22:31:13 +0200: Memory Usage (469424K) : radhard_drw has 0 polygons
2026-08-13 22:31:13 +0200: Memory Usage (469552K) : memcap_drw has 0 polygons
2026-08-13 22:31:13 +0200: Memory Usage (469552K) : varicap_drw has 0 polygons
2026-08-13 22:31:13 +0200: Memory Usage (469680K) : intbondvia_drw has 0 polygons
2026-08-13 22:31:13 +0200: Memory Usage (469808K) : intbondmet_drw has 0 polygons
2026-08-13 22:31:13 +0200: Memory Usage (469808K) : devbondvia_drw has 0 polygons
2026-08-13 22:31:13 +0200: Memory Usage (469936K) : devbondmet_drw has 0 polygons
2026-08-13 22:31:13 +0200: Memory Usage (469936K) : devtrench_drw has 0 polygons
2026-08-13 22:31:13 +0200: Memory Usage (470064K) : redist_drw has 0 polygons
2026-08-13 22:31:13 +0200: Memory Usage (470064K) : graphbot_drw has 0 polygons
2026-08-13 22:31:13 +0200: Memory Usage (470192K) : graphtop_drw has 0 polygons
2026-08-13 22:31:13 +0200: Memory Usage (470192K) : antvia1_drw has 0 polygons
2026-08-13 22:31:13 +0200: Memory Usage (470320K) : antmetal2_drw has 0 polygons
2026-08-13 22:31:13 +0200: Memory Usage (470448K) : graphcont_drw has 0 polygons
2026-08-13 22:31:13 +0200: Memory Usage (470448K) : siwg_drw has 0 polygons
2026-08-13 22:31:13 +0200: Memory Usage (470576K) : siwg_filler has 0 polygons
2026-08-13 22:31:13 +0200: Memory Usage (470576K) : siwg_nofill has 0 polygons
2026-08-13 22:31:13 +0200: Memory Usage (470576K) : sigrating_drw has 0 polygons
2026-08-13 22:31:13 +0200: Memory Usage (470576K) : singrating_drw has 0 polygons
2026-08-13 22:31:13 +0200: Memory Usage (470704K) : graphpas_drw has 0 polygons
2026-08-13 22:31:13 +0200: Memory Usage (470704K) : emwind3_drw has 0 polygons
2026-08-13 22:31:13 +0200: Memory Usage (470704K) : emwihv3_drw has 0 polygons
2026-08-13 22:31:13 +0200: Memory Usage (470832K) : redbulay_drw has 0 polygons
2026-08-13 22:31:13 +0200: Memory Usage (470832K) : smos_drw has 0 polygons
2026-08-13 22:31:13 +0200: Memory Usage (470832K) : graphpad_drw has 0 polygons
2026-08-13 22:31:13 +0200: Memory Usage (470960K) : polimide_drw has 0 polygons
2026-08-13 22:31:13 +0200: Memory Usage (470960K) : polimide_pin has 0 polygons
2026-08-13 22:31:13 +0200: Memory Usage (471088K) : recog_drw has 0 polygons
2026-08-13 22:31:13 +0200: Memory Usage (471216K) : recog_pin has 0 polygons
2026-08-13 22:31:13 +0200: Memory Usage (471216K) : recog_esd has 0 polygons
2026-08-13 22:31:13 +0200: Memory Usage (471344K) : recog_diode has 0 polygons
2026-08-13 22:31:13 +0200: Memory Usage (471344K) : recog_tsv has 0 polygons
2026-08-13 22:31:13 +0200: Memory Usage (471472K) : recog_iprobe has 0 polygons
2026-08-13 22:31:13 +0200: Memory Usage (471472K) : recog_diffprb has 0 polygons
2026-08-13 22:31:13 +0200: Memory Usage (471600K) : recog_pillar has 0 polygons
2026-08-13 22:31:13 +0200: Memory Usage (471600K) : recog_sbump has 0 polygons
2026-08-13 22:31:13 +0200: Memory Usage (471728K) : recog_otp has 0 polygons
2026-08-13 22:31:13 +0200: Memory Usage (471728K) : recog_pdiode has 0 polygons
2026-08-13 22:31:13 +0200: Memory Usage (471856K) : recog_mom has 0 polygons
2026-08-13 22:31:13 +0200: Memory Usage (471984K) : recog_pcm has 0 polygons
2026-08-13 22:31:13 +0200: Memory Usage (471984K) : colopen_drw has 0 polygons
2026-08-13 22:31:13 +0200: Memory Usage (472112K) : graphmetal1_drw has 0 polygons
2026-08-13 22:31:13 +0200: Memory Usage (472112K) : graphmetal1_filler has 0 polygons
2026-08-13 22:31:13 +0200: Memory Usage (472240K) : graphmetal1_nofill has 0 polygons
2026-08-13 22:31:13 +0200: Memory Usage (472240K) : graphmetal1_slit has 0 polygons
2026-08-13 22:31:13 +0200: Memory Usage (472368K) : graphmetal1_OPC has 0 polygons
2026-08-13 22:31:13 +0200: Memory Usage (472368K) : graphmet1l_drw has 0 polygons
2026-08-13 22:31:13 +0200: Memory Usage (472496K) : graphmet1l_filler has 0 polygons
2026-08-13 22:31:13 +0200: Memory Usage (472624K) : graphmet1l_nofill has 0 polygons
2026-08-13 22:31:13 +0200: Memory Usage (472624K) : graphmet1l_slit has 0 polygons
2026-08-13 22:31:13 +0200: Memory Usage (472752K) : graphmet1l_OPC has 0 polygons
2026-08-13 22:31:13 +0200: Memory Usage (472752K) : extblock_drw has 6 polygons
2026-08-13 22:31:13 +0200: Memory Usage (472880K) : nldd_drw has 0 polygons
2026-08-13 22:31:13 +0200: Memory Usage (472880K) : pldd_drw has 0 polygons
2026-08-13 22:31:13 +0200: Memory Usage (473008K) : next_drw has 0 polygons
2026-08-13 22:31:13 +0200: Memory Usage (473008K) : pext_drw has 0 polygons
2026-08-13 22:31:13 +0200: Memory Usage (473136K) : nexthv_drw has 0 polygons
2026-08-13 22:31:13 +0200: Memory Usage (473136K) : pexthv_drw has 0 polygons
2026-08-13 22:31:13 +0200: Memory Usage (473136K) : graphgate_drw has 0 polygons
2026-08-13 22:31:13 +0200: Memory Usage (473136K) : sinwg_drw has 0 polygons
2026-08-13 22:31:13 +0200: Memory Usage (473136K) : sinwg_filler has 0 polygons
2026-08-13 22:31:13 +0200: Memory Usage (473136K) : sinwg_nofill has 0 polygons
2026-08-13 22:31:13 +0200: Memory Usage (473136K) : mempad_drw has 0 polygons
2026-08-13 22:31:13 +0200: Memory Usage (473264K) : topvia1_drw has 0 polygons
2026-08-13 22:31:13 +0200: Memory Usage (473264K) : topmetal1_drw has 0 polygons
2026-08-13 22:31:13 +0200: Memory Usage (473392K) : topmetal1_filler has 0 polygons
2026-08-13 22:31:13 +0200: Memory Usage (473520K) : topmetal1_slit has 0 polygons
2026-08-13 22:31:13 +0200: Memory Usage (473648K) : topmetal1 has 0 polygons
2026-08-13 22:31:13 +0200: Memory Usage (473648K) : topmetal1_pin has 0 polygons
2026-08-13 22:31:13 +0200: Memory Usage (473776K) : topmetal1_mask has 0 polygons
2026-08-13 22:31:13 +0200: Memory Usage (473776K) : topmetal1_nofill has 0 polygons
2026-08-13 22:31:13 +0200: Memory Usage (473904K) : topmetal1_text has 0 polygons
2026-08-13 22:31:13 +0200: Memory Usage (473904K) : topmetal1_noqrc has 0 polygons
2026-08-13 22:31:13 +0200: Memory Usage (474032K) : topmetal1_res has 0 polygons
2026-08-13 22:31:13 +0200: Memory Usage (474032K) : topmetal1_iprobe has 0 polygons
2026-08-13 22:31:13 +0200: Memory Usage (474160K) : topmetal1_diffprb has 0 polygons
2026-08-13 22:31:13 +0200: Memory Usage (474160K) : inldpwl_drw has 0 polygons
2026-08-13 22:31:13 +0200: Memory Usage (474288K) : polyres_drw has 2 polygons
2026-08-13 22:31:13 +0200: Memory Usage (474416K) : polyres_pin has 0 polygons
2026-08-13 22:31:13 +0200: Memory Usage (474416K) : vmim_drw has 0 polygons
2026-08-13 22:31:13 +0200: Memory Usage (474544K) : nbulaycut_drw has 0 polygons
2026-08-13 22:31:13 +0200: Memory Usage (474544K) : antmetal1_drw has 0 polygons
2026-08-13 22:31:13 +0200: Memory Usage (474672K) : topvia2_drw has 0 polygons
2026-08-13 22:31:13 +0200: Memory Usage (474672K) : topmetal2_drw has 0 polygons
2026-08-13 22:31:13 +0200: Memory Usage (474800K) : topmetal2_filler has 0 polygons
2026-08-13 22:31:13 +0200: Memory Usage (474800K) : topmetal2_slit has 0 polygons
2026-08-13 22:31:13 +0200: Memory Usage (474928K) : topmetal2 has 0 polygons
2026-08-13 22:31:13 +0200: Memory Usage (475056K) : topmetal2_pin has 0 polygons
2026-08-13 22:31:13 +0200: Memory Usage (475184K) : topmetal2_mask has 0 polygons
2026-08-13 22:31:13 +0200: Memory Usage (475184K) : topmetal2_nofill has 0 polygons
2026-08-13 22:31:13 +0200: Memory Usage (475312K) : topmetal2_text has 0 polygons
2026-08-13 22:31:13 +0200: Memory Usage (475312K) : topmetal2_noqrc has 0 polygons
2026-08-13 22:31:13 +0200: Memory Usage (475440K) : topmetal2_res has 0 polygons
2026-08-13 22:31:13 +0200: Memory Usage (475440K) : topmetal2_iprobe has 0 polygons
2026-08-13 22:31:13 +0200: Memory Usage (475568K) : topmetal2_diffprb has 0 polygons
2026-08-13 22:31:13 +0200: Memory Usage (475568K) : snsring_drw has 0 polygons
2026-08-13 22:31:13 +0200: Memory Usage (475696K) : sensor_drw has 0 polygons
2026-08-13 22:31:13 +0200: Memory Usage (475696K) : snsarms_drw has 0 polygons
2026-08-13 22:31:13 +0200: Memory Usage (475824K) : snscmosvia_drw has 0 polygons
2026-08-13 22:31:13 +0200: Memory Usage (475952K) : colwind_drw has 0 polygons
2026-08-13 22:31:13 +0200: Memory Usage (475952K) : flm_drw has 0 polygons
2026-08-13 22:31:13 +0200: Memory Usage (476080K) : hafniumox_drw has 0 polygons
2026-08-13 22:31:13 +0200: Memory Usage (476080K) : memvia_drw has 0 polygons
2026-08-13 22:31:13 +0200: Memory Usage (476208K) : thinfilmres_drw has 0 polygons
2026-08-13 22:31:13 +0200: Memory Usage (476208K) : rfmem_drw has 0 polygons
2026-08-13 22:31:13 +0200: Memory Usage (476336K) : norcx_drw has 0 polygons
2026-08-13 22:31:13 +0200: Memory Usage (476464K) : norcx_m2m3 has 0 polygons
2026-08-13 22:31:13 +0200: Memory Usage (476464K) : norcx_m2m4 has 0 polygons
2026-08-13 22:31:13 +0200: Memory Usage (476592K) : norcx_m2m5 has 0 polygons
2026-08-13 22:31:13 +0200: Memory Usage (476592K) : norcx_m2tm1 has 0 polygons
2026-08-13 22:31:13 +0200: Memory Usage (476720K) : norcx_m2tm2 has 0 polygons
2026-08-13 22:31:13 +0200: Memory Usage (476720K) : norcx_m3m4 has 0 polygons
2026-08-13 22:31:13 +0200: Memory Usage (476848K) : norcx_m3m5 has 0 polygons
2026-08-13 22:31:13 +0200: Memory Usage (476848K) : norcx_m3tm1 has 0 polygons
2026-08-13 22:31:13 +0200: Memory Usage (476976K) : norcx_m3tm2 has 0 polygons
2026-08-13 22:31:13 +0200: Memory Usage (476976K) : norcx_m4m5 has 0 polygons
2026-08-13 22:31:13 +0200: Memory Usage (477104K) : norcx_m4tm1 has 0 polygons
2026-08-13 22:31:13 +0200: Memory Usage (477232K) : norcx_m4tm2 has 0 polygons
2026-08-13 22:31:13 +0200: Memory Usage (477232K) : norcx_m5tm1 has 0 polygons
2026-08-13 22:31:13 +0200: Memory Usage (477360K) : norcx_m5tm2 has 0 polygons
2026-08-13 22:31:13 +0200: Memory Usage (477360K) : norcx_tm1tm2 has 0 polygons
2026-08-13 22:31:13 +0200: Memory Usage (477488K) : norcx_m1sub has 0 polygons
2026-08-13 22:31:13 +0200: Memory Usage (477488K) : norcx_m2sub has 0 polygons
2026-08-13 22:31:13 +0200: Memory Usage (477616K) : norcx_m3sub has 0 polygons
2026-08-13 22:31:13 +0200: Memory Usage (477616K) : norcx_m4sub has 0 polygons
2026-08-13 22:31:13 +0200: Memory Usage (477744K) : norcx_m5sub has 0 polygons
2026-08-13 22:31:13 +0200: Memory Usage (477872K) : norcx_tm1sub has 0 polygons
2026-08-13 22:31:13 +0200: Memory Usage (477872K) : norcx_tm2sub has 0 polygons
2026-08-13 22:31:13 +0200: Memory Usage (478000K) : snsbotvia_drw has 0 polygons
2026-08-13 22:31:13 +0200: Memory Usage (478000K) : snstopvia_drw has 0 polygons
2026-08-13 22:31:13 +0200: Memory Usage (478128K) : deepvia_drw has 0 polygons
2026-08-13 22:31:13 +0200: Memory Usage (478128K) : fgetch_drw has 0 polygons
2026-08-13 22:31:13 +0200: Memory Usage (478256K) : ctrgat_drw has 0 polygons
2026-08-13 22:31:13 +0200: Memory Usage (478256K) : fgimp_drw has 0 polygons
2026-08-13 22:31:13 +0200: Memory Usage (478384K) : emwihv_drw has 0 polygons
2026-08-13 22:31:13 +0200: Memory Usage (478384K) : lbe_drw has 0 polygons
2026-08-13 22:31:13 +0200: Memory Usage (478512K) : alcustop_drw has 0 polygons
2026-08-13 22:31:13 +0200: Memory Usage (478640K) : nometfiller_drw has 0 polygons
2026-08-13 22:31:13 +0200: Memory Usage (478640K) : prboundary_drw has 0 polygons
2026-08-13 22:31:13 +0200: Memory Usage (478768K) : exchange0_drw has 0 polygons
2026-08-13 22:31:13 +0200: Memory Usage (478768K) : exchange0_pin has 0 polygons
2026-08-13 22:31:13 +0200: Memory Usage (478896K) : exchange0_text has 0 polygons
2026-08-13 22:31:13 +0200: Memory Usage (478896K) : exchange1_drw has 0 polygons
2026-08-13 22:31:13 +0200: Memory Usage (479024K) : exchange1_pin has 0 polygons
2026-08-13 22:31:13 +0200: Memory Usage (479024K) : exchange1_text has 0 polygons
2026-08-13 22:31:13 +0200: Memory Usage (479152K) : exchange2_drw has 0 polygons
2026-08-13 22:31:13 +0200: Memory Usage (479152K) : exchange2_pin has 0 polygons
2026-08-13 22:31:13 +0200: Memory Usage (479280K) : exchange2_text has 0 polygons
2026-08-13 22:31:13 +0200: Memory Usage (479280K) : exchange3_drw has 0 polygons
2026-08-13 22:31:13 +0200: Memory Usage (479408K) : exchange3_pin has 0 polygons
2026-08-13 22:31:13 +0200: Memory Usage (479408K) : exchange3_text has 0 polygons
2026-08-13 22:31:13 +0200: Memory Usage (479536K) : exchange4_drw has 0 polygons
2026-08-13 22:31:13 +0200: Memory Usage (479664K) : exchange4_pin has 0 polygons
2026-08-13 22:31:13 +0200: Memory Usage (479664K) : exchange4_text has 0 polygons
2026-08-13 22:31:13 +0200: Memory Usage (479664K) : isonwell_drw has 0 polygons
2026-08-13 22:31:13 +0200: Memory Usage (479664K) : Total no. of polygons in the design is 600
2026-08-13 22:31:13 +0200: Memory Usage (479664K) : Starting CMOS5L Forbidden Layer Check
2026-08-13 22:31:13 +0200: Memory Usage (479664K) : CMOS5L Forbidden Layer Check: PASSED - No forbidden layers found
2026-08-13 22:31:13 +0200: Memory Usage (479664K) : CMOS5L Forbidden Layer Check: PASSED
2026-08-13 22:31:13 +0200: Memory Usage (479664K) : Starting base layers derivations
2026-08-13 22:31:13 +0200: Memory Usage (479664K) : Starting general LVS derivations
2026-08-13 22:31:13 +0200: Memory Usage (484632K) : Starting MOSFET DERIVATIONS
2026-08-13 22:31:13 +0200: Memory Usage (486808K) : Starting NMOS DERIVATIONS
2026-08-13 22:31:13 +0200: Memory Usage (487064K) : Starting PMOS DERIVATIONS
2026-08-13 22:31:13 +0200: Memory Usage (487320K) : Starting RF-MOSFET DERIVATIONS
2026-08-13 22:31:13 +0200: Memory Usage (487320K) : Starting RF-NMOS DERIVATIONS
2026-08-13 22:31:13 +0200: Memory Usage (487576K) : Starting RF-PMOS DERIVATIONS
2026-08-13 22:31:13 +0200: Memory Usage (487832K) : Starting BJT DERIVATIONS
2026-08-13 22:31:13 +0200: Memory Usage (487832K) : Starting NPN-BJT DERIVATIONS
2026-08-13 22:31:13 +0200: Memory Usage (488216K) : Starting PNP-BJT DERIVATIONS
2026-08-13 22:31:13 +0200: Memory Usage (488216K) : Starting DIODE DERIVATIONS
2026-08-13 22:31:13 +0200: Memory Usage (488216K) : Starting RESISTOR DERIVATIONS
2026-08-13 22:31:13 +0200: Memory Usage (488472K) : Starting CAP DERIVATIONS
2026-08-13 22:31:13 +0200: Memory Usage (488472K) : Starting CAP_MFRINGE DERIVATIONS
2026-08-13 22:31:13 +0200: Memory Usage (488472K) : Starting ESD DERIVATIONS
2026-08-13 22:31:13 +0200: Memory Usage (488472K) : Starting Inductor DERIVATIONS
2026-08-13 22:31:14 +0200: Memory Usage (491672K) : Starting Taps DERIVATIONS
2026-08-13 22:31:14 +0200: Memory Usage (492056K) : Starting SG13G2 LVS connectivity setup
2026-08-13 22:31:14 +0200: Memory Usage (492056K) : Starting SG13G2 LVS connectivity setup (Inter-layer)
2026-08-13 22:31:14 +0200: Memory Usage (492232K) : Starting SG13G2 LVS connectivity setup (Global)
2026-08-13 22:31:14 +0200: Memory Usage (492232K) : Starting LVS MOSFET CONNECTIONS
2026-08-13 22:31:14 +0200: Memory Usage (492232K) : Starting LVS RF-MOSFET CONNECTIONS
2026-08-13 22:31:14 +0200: Memory Usage (492232K) : Starting LVS BJT CONNECTIONS
2026-08-13 22:31:14 +0200: Memory Usage (492232K) : Starting LVS DIODE CONNECTIONS
2026-08-13 22:31:14 +0200: Memory Usage (492232K) : Starting RESISTOR CONNECTIONS
2026-08-13 22:31:14 +0200: Memory Usage (492232K) : Starting LVS CAP CONNECTIONS
2026-08-13 22:31:14 +0200: Memory Usage (492232K) : Starting ESD CONNECTIONS
2026-08-13 22:31:14 +0200: Memory Usage (492232K) : Starting Inductor CONNECTIONS
2026-08-13 22:31:14 +0200: Memory Usage (492232K) : Starting LVS Taps CONNECTIONS
2026-08-13 22:31:14 +0200: Memory Usage (492232K) : Starting CAP_MFRINGE CONNECTIONS
2026-08-13 22:31:14 +0200: Memory Usage (492232K) : Starting SG13CMOS5L LVS DEVICES EXTRACTION
2026-08-13 22:31:14 +0200: Memory Usage (492232K) : Starting MOSFET EXTRACTION
2026-08-13 22:31:14 +0200: Memory Usage (492232K) : Starting NMOS EXTRACTION
2026-08-13 22:31:14 +0200: Memory Usage (492232K) : Extraction of NMOS-LV transistor
2026-08-13 22:31:14 +0200: Memory Usage (492360K) : Extraction of NMOS-HV transistor
2026-08-13 22:31:14 +0200: Memory Usage (492360K) : Starting PMOS EXTRACTION
2026-08-13 22:31:14 +0200: Memory Usage (492360K) : Extraction of PMOS-LV transistor
2026-08-13 22:31:14 +0200: Memory Usage (492360K) : Extraction of PMOS-HV transistor
2026-08-13 22:31:14 +0200: Memory Usage (492360K) : Starting RF-MOSFET EXTRACTION
2026-08-13 22:31:14 +0200: Memory Usage (492360K) : Extraction of RF-NMOS-LV transistor
2026-08-13 22:31:14 +0200: Memory Usage (492360K) : Extraction of RF-NMOS-HV transistor
2026-08-13 22:31:14 +0200: Memory Usage (492360K) : Extraction of RF-PMOS-LV transistor
2026-08-13 22:31:14 +0200: Memory Usage (492360K) : Extraction of RF-PMOS-HV transistor
2026-08-13 22:31:14 +0200: Memory Usage (492360K) : Starting BJT EXTRACTION
2026-08-13 22:31:14 +0200: Memory Usage (492360K) : Starting NPN-BJT EXTRACTION
2026-08-13 22:31:14 +0200: Memory Usage (492360K) : Extraction of npn13G2 BJT transistor
2026-08-13 22:31:14 +0200: Memory Usage (492360K) : Extraction of npn13G2L BJT transistor
2026-08-13 22:31:14 +0200: Memory Usage (492360K) : Extraction of npn13G2V BJT transistor
2026-08-13 22:31:14 +0200: Memory Usage (492360K) : Starting PNP-BJT EXTRACTION
2026-08-13 22:31:14 +0200: Memory Usage (492360K) : Extracting pnpMPA BJT
2026-08-13 22:31:14 +0200: Memory Usage (492360K) : Starting DIODE EXTRACTION
2026-08-13 22:31:14 +0200: Memory Usage (492360K) : Extracting dantenna diode
2026-08-13 22:31:14 +0200: Memory Usage (492360K) : Extracting dpantenna diode
2026-08-13 22:31:14 +0200: Memory Usage (492360K) : Extracting schottky_nbl1 diode
2026-08-13 22:31:14 +0200: Memory Usage (492360K) : Extracting isolbox diode
2026-08-13 22:31:14 +0200: Memory Usage (492360K) : Starting RESISTOR EXTRACTION
2026-08-13 22:31:14 +0200: Memory Usage (492360K) : Extracting rsil resistor
2026-08-13 22:31:14 +0200: Memory Usage (492360K) : Extracting rppd resistor
2026-08-13 22:31:14 +0200: Memory Usage (492616K) : Extracting rhigh resistor
2026-08-13 22:31:14 +0200: Memory Usage (492616K) : Extracting res_metal1 resistor
2026-08-13 22:31:14 +0200: Memory Usage (492616K) : Extracting res_metal2 resistor
2026-08-13 22:31:14 +0200: Memory Usage (492616K) : Extracting res_metal3 resistor
2026-08-13 22:31:14 +0200: Memory Usage (492616K) : Extracting res_metal4 resistor
2026-08-13 22:31:14 +0200: Memory Usage (492616K) : Extracting res_metal5 resistor
2026-08-13 22:31:14 +0200: Memory Usage (492616K) : Extracting res_topmetal1 resistor
2026-08-13 22:31:14 +0200: Memory Usage (492616K) : Extracting res_topmetal2 resistor
2026-08-13 22:31:14 +0200: Memory Usage (492616K) : Starting CAP EXTRACTION
2026-08-13 22:31:14 +0200: Memory Usage (492616K) : Extracting cap_cmim device
2026-08-13 22:31:14 +0200: Memory Usage (492616K) : Extracting rfcmim device
2026-08-13 22:31:14 +0200: Memory Usage (492616K) : Extracting sg13_hv_svaricap varactor
2026-08-13 22:31:14 +0200: Memory Usage (492616K) : Extracting cap_mfringe device
2026-08-13 22:31:14 +0200: Memory Usage (492616K) : Starting ESD EXTRACTION
2026-08-13 22:31:14 +0200: Memory Usage (492616K) : Extracting diodevdd_2kv ESD device
2026-08-13 22:31:14 +0200: Memory Usage (492616K) : Extracting diodevdd_4kv ESD device
2026-08-13 22:31:14 +0200: Memory Usage (492616K) : Extracting diodevss_2kv ESD device
2026-08-13 22:31:14 +0200: Memory Usage (492616K) : Extracting diodevss_4kv ESD device
2026-08-13 22:31:14 +0200: Memory Usage (492616K) : Extracting idiodevdd_2kv ESD device
2026-08-13 22:31:14 +0200: Memory Usage (492616K) : Extracting idiodevdd_4kv ESD device
2026-08-13 22:31:14 +0200: Memory Usage (492616K) : Extracting idiodevss_2kv ESD device
2026-08-13 22:31:14 +0200: Memory Usage (492616K) : Extracting idiodevss_4kv ESD device
2026-08-13 22:31:14 +0200: Memory Usage (492616K) : Extracting nmoscl_2 ESD device
2026-08-13 22:31:14 +0200: Memory Usage (492616K) : Extracting nmoscl_4 ESD device
2026-08-13 22:31:14 +0200: Memory Usage (492616K) : Starting Inductor EXTRACTION
2026-08-13 22:31:14 +0200: Memory Usage (492616K) : Extracting Inductor2 device
2026-08-13 22:31:14 +0200: Memory Usage (492616K) : Extracting Inductor3 device
2026-08-13 22:31:14 +0200: Memory Usage (492616K) : Starting Taps EXTRACTION
2026-08-13 22:31:14 +0200: Memory Usage (492616K) : DISABLE_TAP_EXTRACTION is enabled: skipping ntap1/ptap1 device extraction.
2026-08-13 22:31:14 +0200: Memory Usage (492616K) : Starting SG13CMOS5L LVS RF MOS Model Mapping
2026-08-13 22:31:14 +0200: Memory Usage (492616K) : [layout_netlist] Apply RF MOS model mapping and rfmode parameter.
2026-08-13 22:31:14 +0200: Memory Usage (492616K) : Starting SG13CMOS5L LVS Options Preparations
2026-08-13 22:31:14 +0200: Memory Usage (492616K) : SG13CMOS5L LVS flow: extraction -> alignment -> option preparation -> comparison.
2026-08-13 22:31:14 +0200: Memory Usage (492616K) : Starting SG13CMOS5L LVS Alignment
2026-08-13 22:31:14 +0200: Memory Usage (492744K) : Starting SG13CMOS5L LVS Simplification
2026-08-13 22:31:14 +0200: Memory Usage (492744K) : [layout_netlist] simplify: ENABLED
2026-08-13 22:31:14 +0200: Memory Usage (492744K) : [layout_netlist] make_top_level_pins: SKIPPED
2026-08-13 22:31:14 +0200: Memory Usage (492744K) : [layout_netlist] combine_devices: SKIPPED
2026-08-13 22:31:14 +0200: Memory Usage (492744K) : [layout_netlist] purge: SKIPPED
2026-08-13 22:31:14 +0200: Memory Usage (492744K) : [layout_netlist] purge_nets: SKIPPED
2026-08-13 22:31:14 +0200: Memory Usage (492744K) : [schematic_netlist] simplify: ENABLED
2026-08-13 22:31:14 +0200: Memory Usage (492744K) : [schematic_netlist] make_top_level_pins: SKIPPED
2026-08-13 22:31:14 +0200: Memory Usage (492744K) : [schematic_netlist] combine_devices: SKIPPED
2026-08-13 22:31:14 +0200: Memory Usage (492744K) : [schematic_netlist] purge: SKIPPED
2026-08-13 22:31:14 +0200: Memory Usage (492744K) : [schematic_netlist] purge_nets: SKIPPED
2026-08-13 22:31:14 +0200: Memory Usage (492744K) : Starting SG13CMOS5L LVS Comparison in strict port mode.
2026-08-13 22:31:14 +0200: Memory Usage (492744K) : flag_missing_ports enabled: missing/mislabeled top-level ports are treated as errors.
2026-08-13 22:31:14 +0200: Memory Usage (492744K) : ==========================================
2026-08-13 22:31:14 +0200: Memory Usage (492744K) : INFO : Congratulations! Netlists match.
2026-08-13 22:31:14 +0200: Memory Usage (492744K) : ==========================================
2026-08-13 22:31:14 +0200: Memory Usage (492744K) : LVS Total Run time 1.138301 seconds
2026-08-13 22:31:21 +0200: Memory Usage (457204K) : Starting running SG13CMOS5L Klayout LVS runset on /foss/designs/CHIP-PLL/layout/CP/vbias/vbias.gds
2026-08-13 22:31:21 +0200: Memory Usage (457204K) : Ruby Version for klayout: 3.2.3
2026-08-13 22:31:21 +0200: Memory Usage (458740K) : Loading database to memory is complete.
2026-08-13 22:31:21 +0200: Memory Usage (458740K) : SG13CMOS5L Klayout LVS runset output at: /foss/designs/CHIP-PLL/layout/CP/lvs/vbias.lvsdb
2026-08-13 22:31:21 +0200: Memory Usage (458740K) : Evaluate switches.
2026-08-13 22:31:21 +0200: Memory Usage (458740K) : Extracted netlist with net names: true
2026-08-13 22:31:21 +0200: Memory Usage (458740K) : Extracted netlist with comments in details: false
2026-08-13 22:31:21 +0200: Memory Usage (458740K) : Selected NET_ONLY option: false
2026-08-13 22:31:21 +0200: Memory Usage (458740K) : Selected LAYOUT_NETLIST option: (none)
2026-08-13 22:31:21 +0200: Memory Usage (458740K) : Selected IGNORE_TOP_PORTS_MISMATCH option: 
2026-08-13 22:31:21 +0200: Memory Usage (458740K) : Selected IMPLICIT_NETS option: (none)
2026-08-13 22:31:21 +0200: Memory Usage (458740K) : Selected TOP_LVL_PINS option: false
2026-08-13 22:31:21 +0200: Memory Usage (458740K) : Selected COMBINE DEVICES option: false
2026-08-13 22:31:21 +0200: Memory Usage (458740K) : Selected PURGE option: false
2026-08-13 22:31:21 +0200: Memory Usage (458740K) : Selected PURGE_NETS option: false
2026-08-13 22:31:21 +0200: Memory Usage (458740K) : Selected SIMPLIFY option: true
2026-08-13 22:31:21 +0200: Memory Usage (458740K) : Selected SERIES_RES option: true
2026-08-13 22:31:21 +0200: Memory Usage (458740K) : Selected PARALLEL_RES option: true
2026-08-13 22:31:21 +0200: Memory Usage (458740K) : Selected DISABLE_TAP_EXTRACTION option: true
2026-08-13 22:31:21 +0200: Memory Usage (458740K) : deep  mode is enabled.
2026-08-13 22:31:21 +0200: Memory Usage (459176K) : Netlist file: /foss/designs/CHIP-PLL/layout/CP/netlists/vbias.spice
2026-08-13 22:31:21 +0200: Memory Usage (459176K) : LVS extracted netlist at: /foss/designs/CHIP-PLL/layout/CP/lvs/vbias_extracted.cir
2026-08-13 22:31:21 +0200: Memory Usage (459176K) : Applying SRAM integration support.
2026-08-13 22:31:21 +0200: Memory Usage (459176K) : Starting SG13CMOS5L LVS runset
2026-08-13 22:31:21 +0200: Memory Usage (459176K) : Read in polygons from layers.
2026-08-13 22:31:21 +0200: Memory Usage (460088K) : activ_drw has 43 polygons
2026-08-13 22:31:21 +0200: Memory Usage (460088K) : activ_filler has 0 polygons
2026-08-13 22:31:21 +0200: Memory Usage (460260K) : activ has 43 polygons
2026-08-13 22:31:21 +0200: Memory Usage (460260K) : activ_pin has 0 polygons
2026-08-13 22:31:21 +0200: Memory Usage (460260K) : activ_mask has 0 polygons
2026-08-13 22:31:21 +0200: Memory Usage (460260K) : activ_nofill has 0 polygons
2026-08-13 22:31:21 +0200: Memory Usage (460260K) : activ_OPC has 0 polygons
2026-08-13 22:31:21 +0200: Memory Usage (460260K) : activ_iOPC has 0 polygons
2026-08-13 22:31:21 +0200: Memory Usage (460260K) : activ_noqrc has 0 polygons
2026-08-13 22:31:21 +0200: Memory Usage (460260K) : biwind_drw has 0 polygons
2026-08-13 22:31:21 +0200: Memory Usage (460260K) : biwind_OPC has 0 polygons
2026-08-13 22:31:21 +0200: Memory Usage (460260K) : gatpoly_drw has 39 polygons
2026-08-13 22:31:21 +0200: Memory Usage (460260K) : gatpoly_filler has 0 polygons
2026-08-13 22:31:21 +0200: Memory Usage (460260K) : gatpoly has 39 polygons
2026-08-13 22:31:21 +0200: Memory Usage (460388K) : gatpoly_pin has 9 polygons
2026-08-13 22:31:21 +0200: Memory Usage (460388K) : gatpoly_nofill has 0 polygons
2026-08-13 22:31:21 +0200: Memory Usage (460388K) : gatpoly_OPC has 0 polygons
2026-08-13 22:31:21 +0200: Memory Usage (460388K) : gatpoly_iOPC has 0 polygons
2026-08-13 22:31:21 +0200: Memory Usage (460388K) : gatpoly_noqrc has 0 polygons
2026-08-13 22:31:21 +0200: Memory Usage (460388K) : cont_drw has 182 polygons
2026-08-13 22:31:21 +0200: Memory Usage (460388K) : cont_OPC has 0 polygons
2026-08-13 22:31:21 +0200: Memory Usage (460516K) : nsd_drw has 0 polygons
2026-08-13 22:31:21 +0200: Memory Usage (460516K) : nsd_block has 0 polygons
2026-08-13 22:31:21 +0200: Memory Usage (460952K) : metal1_drw has 131 polygons
2026-08-13 22:31:21 +0200: Memory Usage (460952K) : metal1_filler has 0 polygons
2026-08-13 22:31:21 +0200: Memory Usage (461080K) : metal1_slit has 0 polygons
2026-08-13 22:31:21 +0200: Memory Usage (461592K) : metal1 has 131 polygons
2026-08-13 22:31:21 +0200: Memory Usage (461592K) : metal1_pin has 32 polygons
2026-08-13 22:31:21 +0200: Memory Usage (461592K) : metal1_mask has 0 polygons
2026-08-13 22:31:21 +0200: Memory Usage (461720K) : metal1_nofill has 0 polygons
2026-08-13 22:31:21 +0200: Memory Usage (462036K) : metal1_text has 4 polygons
2026-08-13 22:31:21 +0200: Memory Usage (462036K) : metal1_OPC has 0 polygons
2026-08-13 22:31:21 +0200: Memory Usage (462036K) : metal1_noqrc has 0 polygons
2026-08-13 22:31:21 +0200: Memory Usage (462036K) : metal1_res has 0 polygons
2026-08-13 22:31:21 +0200: Memory Usage (462164K) : metal1_iprobe has 0 polygons
2026-08-13 22:31:21 +0200: Memory Usage (462164K) : metal1_diffprb has 0 polygons
2026-08-13 22:31:21 +0200: Memory Usage (462292K) : passiv_drw has 0 polygons
2026-08-13 22:31:21 +0200: Memory Usage (462292K) : passiv_pin has 0 polygons
2026-08-13 22:31:21 +0200: Memory Usage (462420K) : passiv_sbump has 0 polygons
2026-08-13 22:31:21 +0200: Memory Usage (462548K) : passiv_pillar has 0 polygons
2026-08-13 22:31:21 +0200: Memory Usage (462548K) : passiv_pdl has 0 polygons
2026-08-13 22:31:21 +0200: Memory Usage (462676K) : metal2_drw has 41 polygons
2026-08-13 22:31:21 +0200: Memory Usage (462676K) : metal2_filler has 0 polygons
2026-08-13 22:31:21 +0200: Memory Usage (462804K) : metal2_slit has 0 polygons
2026-08-13 22:31:21 +0200: Memory Usage (462932K) : metal2 has 41 polygons
2026-08-13 22:31:21 +0200: Memory Usage (462932K) : metal2_pin has 2 polygons
2026-08-13 22:31:21 +0200: Memory Usage (463060K) : metal2_mask has 0 polygons
2026-08-13 22:31:21 +0200: Memory Usage (463060K) : metal2_nofill has 0 polygons
2026-08-13 22:31:21 +0200: Memory Usage (463188K) : metal2_text has 2 polygons
2026-08-13 22:31:21 +0200: Memory Usage (463188K) : metal2_OPC has 0 polygons
2026-08-13 22:31:21 +0200: Memory Usage (463316K) : metal2_noqrc has 0 polygons
2026-08-13 22:31:21 +0200: Memory Usage (463316K) : metal2_res has 0 polygons
2026-08-13 22:31:21 +0200: Memory Usage (463444K) : metal2_iprobe has 0 polygons
2026-08-13 22:31:21 +0200: Memory Usage (463572K) : metal2_diffprb has 0 polygons
2026-08-13 22:31:21 +0200: Memory Usage (463700K) : baspoly_drw has 0 polygons
2026-08-13 22:31:21 +0200: Memory Usage (463700K) : baspoly_pin has 0 polygons
2026-08-13 22:31:21 +0200: Memory Usage (463828K) : psd_drw has 12 polygons
2026-08-13 22:31:21 +0200: Memory Usage (463828K) : nldb_drw has 0 polygons
2026-08-13 22:31:21 +0200: Memory Usage (463956K) : digibnd_drw has 0 polygons
2026-08-13 22:31:21 +0200: Memory Usage (463956K) : via1_drw has 17 polygons
2026-08-13 22:31:21 +0200: Memory Usage (464084K) : backmetal1_drw has 0 polygons
2026-08-13 22:31:21 +0200: Memory Usage (464084K) : backmetal1_pin has 0 polygons
2026-08-13 22:31:21 +0200: Memory Usage (464212K) : backmetal1_mask has 0 polygons
2026-08-13 22:31:21 +0200: Memory Usage (464340K) : backmetal1_filler has 0 polygons
2026-08-13 22:31:21 +0200: Memory Usage (464468K) : backmetal1_nofill has 0 polygons
2026-08-13 22:31:21 +0200: Memory Usage (464468K) : backmetal1_slit has 0 polygons
2026-08-13 22:31:21 +0200: Memory Usage (464596K) : backmetal1_text has 0 polygons
2026-08-13 22:31:21 +0200: Memory Usage (464596K) : backmetal1_OPC has 0 polygons
2026-08-13 22:31:21 +0200: Memory Usage (464724K) : backmetal1_noqrc has 0 polygons
2026-08-13 22:31:21 +0200: Memory Usage (464724K) : backmetal1_res has 0 polygons
2026-08-13 22:31:21 +0200: Memory Usage (464852K) : backmetal1_iprobe has 0 polygons
2026-08-13 22:31:21 +0200: Memory Usage (464852K) : backmetal1_diffprb has 0 polygons
2026-08-13 22:31:21 +0200: Memory Usage (464980K) : backpassiv_drw has 0 polygons
2026-08-13 22:31:21 +0200: Memory Usage (465108K) : res_drw has 0 polygons
2026-08-13 22:31:21 +0200: Memory Usage (465108K) : sram_drw has 0 polygons
2026-08-13 22:31:21 +0200: Memory Usage (465236K) : trans_drw has 0 polygons
2026-08-13 22:31:21 +0200: Memory Usage (465236K) : ind_drw has 0 polygons
2026-08-13 22:31:21 +0200: Memory Usage (465364K) : ind_pin has 0 polygons
2026-08-13 22:31:21 +0200: Memory Usage (465364K) : ind_text has 0 polygons
2026-08-13 22:31:21 +0200: Memory Usage (465492K) : salblock_drw has 2 polygons
2026-08-13 22:31:21 +0200: Memory Usage (465620K) : via2_drw has 8 polygons
2026-08-13 22:31:21 +0200: Memory Usage (465748K) : metal3_drw has 15 polygons
2026-08-13 22:31:21 +0200: Memory Usage (465748K) : metal3_filler has 0 polygons
2026-08-13 22:31:21 +0200: Memory Usage (465876K) : metal3_slit has 0 polygons
2026-08-13 22:31:21 +0200: Memory Usage (466004K) : metal3 has 15 polygons
2026-08-13 22:31:21 +0200: Memory Usage (466004K) : metal3_pin has 0 polygons
2026-08-13 22:31:21 +0200: Memory Usage (466132K) : metal3_mask has 0 polygons
2026-08-13 22:31:21 +0200: Memory Usage (466260K) : metal3_nofill has 0 polygons
2026-08-13 22:31:21 +0200: Memory Usage (466260K) : metal3_text has 0 polygons
2026-08-13 22:31:21 +0200: Memory Usage (466388K) : metal3_OPC has 0 polygons
2026-08-13 22:31:21 +0200: Memory Usage (466388K) : metal3_noqrc has 0 polygons
2026-08-13 22:31:21 +0200: Memory Usage (466388K) : metal3_res has 0 polygons
2026-08-13 22:31:21 +0200: Memory Usage (466388K) : metal3_iprobe has 0 polygons
2026-08-13 22:31:21 +0200: Memory Usage (466516K) : metal3_diffprb has 0 polygons
2026-08-13 22:31:21 +0200: Memory Usage (466516K) : nwell_drw has 11 polygons
2026-08-13 22:31:21 +0200: Memory Usage (466516K) : nwell_pin has 2 polygons
2026-08-13 22:31:21 +0200: Memory Usage (466644K) : nwell_text has 0 polygons
2026-08-13 22:31:21 +0200: Memory Usage (466644K) : nbulay_drw has 0 polygons
2026-08-13 22:31:21 +0200: Memory Usage (466644K) : nbulay_pin has 0 polygons
2026-08-13 22:31:21 +0200: Memory Usage (466644K) : nbulay_block has 0 polygons
2026-08-13 22:31:21 +0200: Memory Usage (466772K) : emwind_drw has 0 polygons
2026-08-13 22:31:21 +0200: Memory Usage (466772K) : emwind_OPC has 0 polygons
2026-08-13 22:31:21 +0200: Memory Usage (466772K) : deepco_drw has 0 polygons
2026-08-13 22:31:21 +0200: Memory Usage (466900K) : mim_drw has 0 polygons
2026-08-13 22:31:21 +0200: Memory Usage (466900K) : edgeseal_drw has 0 polygons
2026-08-13 22:31:21 +0200: Memory Usage (467028K) : substrate_drw has 6 polygons
2026-08-13 22:31:21 +0200: Memory Usage (467028K) : substrate_text has 0 polygons
2026-08-13 22:31:21 +0200: Memory Usage (467156K) : dfpad_drw has 0 polygons
2026-08-13 22:31:21 +0200: Memory Usage (467156K) : dfpad_pillar has 0 polygons
2026-08-13 22:31:21 +0200: Memory Usage (467284K) : dfpad_sbump has 0 polygons
2026-08-13 22:31:21 +0200: Memory Usage (467284K) : thickgateox_drw has 0 polygons
2026-08-13 22:31:21 +0200: Memory Usage (467412K) : pldb_drw has 0 polygons
2026-08-13 22:31:21 +0200: Memory Usage (467412K) : pwell_drw has 0 polygons
2026-08-13 22:31:21 +0200: Memory Usage (467540K) : pwell_pin has 0 polygons
2026-08-13 22:31:21 +0200: Memory Usage (467668K) : pwell_block has 0 polygons
2026-08-13 22:31:21 +0200: Memory Usage (467668K) : ic_drw has 0 polygons
2026-08-13 22:31:21 +0200: Memory Usage (467796K) : via3_drw has 0 polygons
2026-08-13 22:31:21 +0200: Memory Usage (467796K) : metal4_drw has 0 polygons
2026-08-13 22:31:21 +0200: Memory Usage (467924K) : metal4_filler has 0 polygons
2026-08-13 22:31:21 +0200: Memory Usage (467924K) : metal4_slit has 0 polygons
2026-08-13 22:31:21 +0200: Memory Usage (468052K) : metal4 has 0 polygons
2026-08-13 22:31:21 +0200: Memory Usage (468180K) : metal4_pin has 0 polygons
2026-08-13 22:31:21 +0200: Memory Usage (468180K) : metal4_mask has 0 polygons
2026-08-13 22:31:21 +0200: Memory Usage (468308K) : metal4_nofill has 0 polygons
2026-08-13 22:31:21 +0200: Memory Usage (468308K) : metal4_text has 0 polygons
2026-08-13 22:31:21 +0200: Memory Usage (468436K) : metal4_OPC has 0 polygons
2026-08-13 22:31:21 +0200: Memory Usage (468564K) : metal4_noqrc has 0 polygons
2026-08-13 22:31:21 +0200: Memory Usage (468564K) : metal4_res has 0 polygons
2026-08-13 22:31:21 +0200: Memory Usage (468692K) : metal4_iprobe has 0 polygons
2026-08-13 22:31:21 +0200: Memory Usage (468692K) : metal4_diffprb has 0 polygons
2026-08-13 22:31:21 +0200: Memory Usage (468820K) : heattrans_drw has 13 polygons
2026-08-13 22:31:21 +0200: Memory Usage (468820K) : heatres_drw has 2 polygons
2026-08-13 22:31:21 +0200: Memory Usage (468948K) : fbe_drw has 0 polygons
2026-08-13 22:31:21 +0200: Memory Usage (468948K) : empoly_drw has 0 polygons
2026-08-13 22:31:21 +0200: Memory Usage (468948K) : digisub_drw has 0 polygons
2026-08-13 22:31:21 +0200: Memory Usage (469076K) : text_drw has 19 polygons
2026-08-13 22:31:21 +0200: Memory Usage (469076K) : via4_drw has 0 polygons
2026-08-13 22:31:21 +0200: Memory Usage (469076K) : metal5_drw has 0 polygons
2026-08-13 22:31:21 +0200: Memory Usage (469076K) : metal5_filler has 0 polygons
2026-08-13 22:31:21 +0200: Memory Usage (469204K) : metal5_slit has 0 polygons
2026-08-13 22:31:21 +0200: Memory Usage (469332K) : metal5 has 0 polygons
2026-08-13 22:31:21 +0200: Memory Usage (469460K) : metal5_pin has 0 polygons
2026-08-13 22:31:21 +0200: Memory Usage (469460K) : metal5_mask has 0 polygons
2026-08-13 22:31:21 +0200: Memory Usage (469588K) : metal5_nofill has 0 polygons
2026-08-13 22:31:21 +0200: Memory Usage (469588K) : metal5_text has 0 polygons
2026-08-13 22:31:21 +0200: Memory Usage (469716K) : metal5_OPC has 0 polygons
2026-08-13 22:31:21 +0200: Memory Usage (469716K) : metal5_noqrc has 0 polygons
2026-08-13 22:31:21 +0200: Memory Usage (469844K) : metal5_res has 0 polygons
2026-08-13 22:31:21 +0200: Memory Usage (469844K) : metal5_iprobe has 0 polygons
2026-08-13 22:31:21 +0200: Memory Usage (469972K) : metal5_diffprb has 0 polygons
2026-08-13 22:31:21 +0200: Memory Usage (469972K) : radhard_drw has 0 polygons
2026-08-13 22:31:21 +0200: Memory Usage (470100K) : memcap_drw has 0 polygons
2026-08-13 22:31:21 +0200: Memory Usage (470228K) : varicap_drw has 0 polygons
2026-08-13 22:31:21 +0200: Memory Usage (470228K) : intbondvia_drw has 0 polygons
2026-08-13 22:31:21 +0200: Memory Usage (470356K) : intbondmet_drw has 0 polygons
2026-08-13 22:31:21 +0200: Memory Usage (470356K) : devbondvia_drw has 0 polygons
2026-08-13 22:31:21 +0200: Memory Usage (470484K) : devbondmet_drw has 0 polygons
2026-08-13 22:31:21 +0200: Memory Usage (470484K) : devtrench_drw has 0 polygons
2026-08-13 22:31:21 +0200: Memory Usage (470612K) : redist_drw has 0 polygons
2026-08-13 22:31:21 +0200: Memory Usage (470612K) : graphbot_drw has 0 polygons
2026-08-13 22:31:21 +0200: Memory Usage (470740K) : graphtop_drw has 0 polygons
2026-08-13 22:31:21 +0200: Memory Usage (470740K) : antvia1_drw has 0 polygons
2026-08-13 22:31:21 +0200: Memory Usage (470868K) : antmetal2_drw has 0 polygons
2026-08-13 22:31:21 +0200: Memory Usage (470996K) : graphcont_drw has 0 polygons
2026-08-13 22:31:21 +0200: Memory Usage (470996K) : siwg_drw has 0 polygons
2026-08-13 22:31:21 +0200: Memory Usage (471124K) : siwg_filler has 0 polygons
2026-08-13 22:31:21 +0200: Memory Usage (471124K) : siwg_nofill has 0 polygons
2026-08-13 22:31:21 +0200: Memory Usage (471124K) : sigrating_drw has 0 polygons
2026-08-13 22:31:21 +0200: Memory Usage (471124K) : singrating_drw has 0 polygons
2026-08-13 22:31:21 +0200: Memory Usage (471252K) : graphpas_drw has 0 polygons
2026-08-13 22:31:21 +0200: Memory Usage (471252K) : emwind3_drw has 0 polygons
2026-08-13 22:31:21 +0200: Memory Usage (471252K) : emwihv3_drw has 0 polygons
2026-08-13 22:31:21 +0200: Memory Usage (471380K) : redbulay_drw has 0 polygons
2026-08-13 22:31:21 +0200: Memory Usage (471380K) : smos_drw has 0 polygons
2026-08-13 22:31:21 +0200: Memory Usage (471380K) : graphpad_drw has 0 polygons
2026-08-13 22:31:21 +0200: Memory Usage (471508K) : polimide_drw has 0 polygons
2026-08-13 22:31:21 +0200: Memory Usage (471636K) : polimide_pin has 0 polygons
2026-08-13 22:31:21 +0200: Memory Usage (471636K) : recog_drw has 0 polygons
2026-08-13 22:31:21 +0200: Memory Usage (471764K) : recog_pin has 0 polygons
2026-08-13 22:31:21 +0200: Memory Usage (471764K) : recog_esd has 0 polygons
2026-08-13 22:31:21 +0200: Memory Usage (471892K) : recog_diode has 0 polygons
2026-08-13 22:31:21 +0200: Memory Usage (471892K) : recog_tsv has 0 polygons
2026-08-13 22:31:21 +0200: Memory Usage (472020K) : recog_iprobe has 0 polygons
2026-08-13 22:31:21 +0200: Memory Usage (472020K) : recog_diffprb has 0 polygons
2026-08-13 22:31:21 +0200: Memory Usage (472148K) : recog_pillar has 0 polygons
2026-08-13 22:31:21 +0200: Memory Usage (472276K) : recog_sbump has 0 polygons
2026-08-13 22:31:21 +0200: Memory Usage (472276K) : recog_otp has 0 polygons
2026-08-13 22:31:21 +0200: Memory Usage (472404K) : recog_pdiode has 0 polygons
2026-08-13 22:31:21 +0200: Memory Usage (472404K) : recog_mom has 0 polygons
2026-08-13 22:31:21 +0200: Memory Usage (472532K) : recog_pcm has 0 polygons
2026-08-13 22:31:21 +0200: Memory Usage (472532K) : colopen_drw has 0 polygons
2026-08-13 22:31:21 +0200: Memory Usage (472660K) : graphmetal1_drw has 0 polygons
2026-08-13 22:31:21 +0200: Memory Usage (472660K) : graphmetal1_filler has 0 polygons
2026-08-13 22:31:21 +0200: Memory Usage (472788K) : graphmetal1_nofill has 0 polygons
2026-08-13 22:31:21 +0200: Memory Usage (472788K) : graphmetal1_slit has 0 polygons
2026-08-13 22:31:21 +0200: Memory Usage (472916K) : graphmetal1_OPC has 0 polygons
2026-08-13 22:31:21 +0200: Memory Usage (473044K) : graphmet1l_drw has 0 polygons
2026-08-13 22:31:21 +0200: Memory Usage (473044K) : graphmet1l_filler has 0 polygons
2026-08-13 22:31:21 +0200: Memory Usage (473172K) : graphmet1l_nofill has 0 polygons
2026-08-13 22:31:21 +0200: Memory Usage (473172K) : graphmet1l_slit has 0 polygons
2026-08-13 22:31:21 +0200: Memory Usage (473300K) : graphmet1l_OPC has 0 polygons
2026-08-13 22:31:21 +0200: Memory Usage (473300K) : extblock_drw has 6 polygons
2026-08-13 22:31:21 +0200: Memory Usage (473428K) : nldd_drw has 0 polygons
2026-08-13 22:31:21 +0200: Memory Usage (473428K) : pldd_drw has 0 polygons
2026-08-13 22:31:21 +0200: Memory Usage (473556K) : next_drw has 0 polygons
2026-08-13 22:31:21 +0200: Memory Usage (473556K) : pext_drw has 0 polygons
2026-08-13 22:31:21 +0200: Memory Usage (473684K) : nexthv_drw has 0 polygons
2026-08-13 22:31:21 +0200: Memory Usage (473684K) : pexthv_drw has 0 polygons
2026-08-13 22:31:21 +0200: Memory Usage (473684K) : graphgate_drw has 0 polygons
2026-08-13 22:31:21 +0200: Memory Usage (473684K) : sinwg_drw has 0 polygons
2026-08-13 22:31:21 +0200: Memory Usage (473684K) : sinwg_filler has 0 polygons
2026-08-13 22:31:21 +0200: Memory Usage (473684K) : sinwg_nofill has 0 polygons
2026-08-13 22:31:21 +0200: Memory Usage (473812K) : mempad_drw has 0 polygons
2026-08-13 22:31:21 +0200: Memory Usage (473812K) : topvia1_drw has 0 polygons
2026-08-13 22:31:21 +0200: Memory Usage (473940K) : topmetal1_drw has 0 polygons
2026-08-13 22:31:21 +0200: Memory Usage (473940K) : topmetal1_filler has 0 polygons
2026-08-13 22:31:21 +0200: Memory Usage (474068K) : topmetal1_slit has 0 polygons
2026-08-13 22:31:21 +0200: Memory Usage (474196K) : topmetal1 has 0 polygons
2026-08-13 22:31:21 +0200: Memory Usage (474196K) : topmetal1_pin has 0 polygons
2026-08-13 22:31:21 +0200: Memory Usage (474324K) : topmetal1_mask has 0 polygons
2026-08-13 22:31:21 +0200: Memory Usage (474324K) : topmetal1_nofill has 0 polygons
2026-08-13 22:31:21 +0200: Memory Usage (474452K) : topmetal1_text has 0 polygons
2026-08-13 22:31:21 +0200: Memory Usage (474452K) : topmetal1_noqrc has 0 polygons
2026-08-13 22:31:21 +0200: Memory Usage (474580K) : topmetal1_res has 0 polygons
2026-08-13 22:31:21 +0200: Memory Usage (474708K) : topmetal1_iprobe has 0 polygons
2026-08-13 22:31:21 +0200: Memory Usage (474708K) : topmetal1_diffprb has 0 polygons
2026-08-13 22:31:21 +0200: Memory Usage (474836K) : inldpwl_drw has 0 polygons
2026-08-13 22:31:21 +0200: Memory Usage (474836K) : polyres_drw has 2 polygons
2026-08-13 22:31:21 +0200: Memory Usage (474964K) : polyres_pin has 0 polygons
2026-08-13 22:31:21 +0200: Memory Usage (474964K) : vmim_drw has 0 polygons
2026-08-13 22:31:21 +0200: Memory Usage (475092K) : nbulaycut_drw has 0 polygons
2026-08-13 22:31:21 +0200: Memory Usage (475092K) : antmetal1_drw has 0 polygons
2026-08-13 22:31:21 +0200: Memory Usage (475220K) : topvia2_drw has 0 polygons
2026-08-13 22:31:21 +0200: Memory Usage (475220K) : topmetal2_drw has 0 polygons
2026-08-13 22:31:21 +0200: Memory Usage (475348K) : topmetal2_filler has 0 polygons
2026-08-13 22:31:21 +0200: Memory Usage (475476K) : topmetal2_slit has 0 polygons
2026-08-13 22:31:21 +0200: Memory Usage (475604K) : topmetal2 has 0 polygons
2026-08-13 22:31:21 +0200: Memory Usage (475604K) : topmetal2_pin has 0 polygons
2026-08-13 22:31:21 +0200: Memory Usage (475732K) : topmetal2_mask has 0 polygons
2026-08-13 22:31:21 +0200: Memory Usage (475732K) : topmetal2_nofill has 0 polygons
2026-08-13 22:31:21 +0200: Memory Usage (475860K) : topmetal2_text has 0 polygons
2026-08-13 22:31:21 +0200: Memory Usage (475860K) : topmetal2_noqrc has 0 polygons
2026-08-13 22:31:21 +0200: Memory Usage (475988K) : topmetal2_res has 0 polygons
2026-08-13 22:31:21 +0200: Memory Usage (475988K) : topmetal2_iprobe has 0 polygons
2026-08-13 22:31:21 +0200: Memory Usage (476116K) : topmetal2_diffprb has 0 polygons
2026-08-13 22:31:21 +0200: Memory Usage (476116K) : snsring_drw has 0 polygons
2026-08-13 22:31:21 +0200: Memory Usage (476244K) : sensor_drw has 0 polygons
2026-08-13 22:31:21 +0200: Memory Usage (476244K) : snsarms_drw has 0 polygons
2026-08-13 22:31:21 +0200: Memory Usage (476372K) : snscmosvia_drw has 0 polygons
2026-08-13 22:31:21 +0200: Memory Usage (476500K) : colwind_drw has 0 polygons
2026-08-13 22:31:21 +0200: Memory Usage (476500K) : flm_drw has 0 polygons
2026-08-13 22:31:21 +0200: Memory Usage (476628K) : hafniumox_drw has 0 polygons
2026-08-13 22:31:21 +0200: Memory Usage (476628K) : memvia_drw has 0 polygons
2026-08-13 22:31:21 +0200: Memory Usage (476756K) : thinfilmres_drw has 0 polygons
2026-08-13 22:31:21 +0200: Memory Usage (476756K) : rfmem_drw has 0 polygons
2026-08-13 22:31:21 +0200: Memory Usage (476884K) : norcx_drw has 0 polygons
2026-08-13 22:31:21 +0200: Memory Usage (476884K) : norcx_m2m3 has 0 polygons
2026-08-13 22:31:21 +0200: Memory Usage (477012K) : norcx_m2m4 has 0 polygons
2026-08-13 22:31:21 +0200: Memory Usage (477140K) : norcx_m2m5 has 0 polygons
2026-08-13 22:31:21 +0200: Memory Usage (477140K) : norcx_m2tm1 has 0 polygons
2026-08-13 22:31:21 +0200: Memory Usage (477268K) : norcx_m2tm2 has 0 polygons
2026-08-13 22:31:21 +0200: Memory Usage (477268K) : norcx_m3m4 has 0 polygons
2026-08-13 22:31:21 +0200: Memory Usage (477396K) : norcx_m3m5 has 0 polygons
2026-08-13 22:31:21 +0200: Memory Usage (477396K) : norcx_m3tm1 has 0 polygons
2026-08-13 22:31:21 +0200: Memory Usage (477524K) : norcx_m3tm2 has 0 polygons
2026-08-13 22:31:21 +0200: Memory Usage (477524K) : norcx_m4m5 has 0 polygons
2026-08-13 22:31:21 +0200: Memory Usage (477652K) : norcx_m4tm1 has 0 polygons
2026-08-13 22:31:21 +0200: Memory Usage (477652K) : norcx_m4tm2 has 0 polygons
2026-08-13 22:31:21 +0200: Memory Usage (477780K) : norcx_m5tm1 has 0 polygons
2026-08-13 22:31:21 +0200: Memory Usage (477908K) : norcx_m5tm2 has 0 polygons
2026-08-13 22:31:21 +0200: Memory Usage (477908K) : norcx_tm1tm2 has 0 polygons
2026-08-13 22:31:21 +0200: Memory Usage (478036K) : norcx_m1sub has 0 polygons
2026-08-13 22:31:21 +0200: Memory Usage (478036K) : norcx_m2sub has 0 polygons
2026-08-13 22:31:21 +0200: Memory Usage (478164K) : norcx_m3sub has 0 polygons
2026-08-13 22:31:21 +0200: Memory Usage (478164K) : norcx_m4sub has 0 polygons
2026-08-13 22:31:21 +0200: Memory Usage (478292K) : norcx_m5sub has 0 polygons
2026-08-13 22:31:21 +0200: Memory Usage (478292K) : norcx_tm1sub has 0 polygons
2026-08-13 22:31:21 +0200: Memory Usage (478420K) : norcx_tm2sub has 0 polygons
2026-08-13 22:31:21 +0200: Memory Usage (478548K) : snsbotvia_drw has 0 polygons
2026-08-13 22:31:21 +0200: Memory Usage (478548K) : snstopvia_drw has 0 polygons
2026-08-13 22:31:21 +0200: Memory Usage (478676K) : deepvia_drw has 0 polygons
2026-08-13 22:31:21 +0200: Memory Usage (478676K) : fgetch_drw has 0 polygons
2026-08-13 22:31:21 +0200: Memory Usage (478804K) : ctrgat_drw has 0 polygons
2026-08-13 22:31:21 +0200: Memory Usage (478804K) : fgimp_drw has 0 polygons
2026-08-13 22:31:21 +0200: Memory Usage (478932K) : emwihv_drw has 0 polygons
2026-08-13 22:31:21 +0200: Memory Usage (478932K) : lbe_drw has 0 polygons
2026-08-13 22:31:21 +0200: Memory Usage (479060K) : alcustop_drw has 0 polygons
2026-08-13 22:31:21 +0200: Memory Usage (479188K) : nometfiller_drw has 0 polygons
2026-08-13 22:31:21 +0200: Memory Usage (479188K) : prboundary_drw has 0 polygons
2026-08-13 22:31:21 +0200: Memory Usage (479316K) : exchange0_drw has 0 polygons
2026-08-13 22:31:21 +0200: Memory Usage (479316K) : exchange0_pin has 0 polygons
2026-08-13 22:31:21 +0200: Memory Usage (479444K) : exchange0_text has 0 polygons
2026-08-13 22:31:21 +0200: Memory Usage (479444K) : exchange1_drw has 0 polygons
2026-08-13 22:31:21 +0200: Memory Usage (479572K) : exchange1_pin has 0 polygons
2026-08-13 22:31:21 +0200: Memory Usage (479572K) : exchange1_text has 0 polygons
2026-08-13 22:31:21 +0200: Memory Usage (479700K) : exchange2_drw has 0 polygons
2026-08-13 22:31:21 +0200: Memory Usage (479700K) : exchange2_pin has 0 polygons
2026-08-13 22:31:21 +0200: Memory Usage (479828K) : exchange2_text has 0 polygons
2026-08-13 22:31:21 +0200: Memory Usage (479828K) : exchange3_drw has 0 polygons
2026-08-13 22:31:21 +0200: Memory Usage (479956K) : exchange3_pin has 0 polygons
2026-08-13 22:31:21 +0200: Memory Usage (479956K) : exchange3_text has 0 polygons
2026-08-13 22:31:21 +0200: Memory Usage (480084K) : exchange4_drw has 0 polygons
2026-08-13 22:31:21 +0200: Memory Usage (480084K) : exchange4_pin has 0 polygons
2026-08-13 22:31:21 +0200: Memory Usage (480084K) : exchange4_text has 0 polygons
2026-08-13 22:31:21 +0200: Memory Usage (480084K) : isonwell_drw has 0 polygons
2026-08-13 22:31:21 +0200: Memory Usage (480084K) : Total no. of polygons in the design is 600
2026-08-13 22:31:21 +0200: Memory Usage (480084K) : Starting CMOS5L Forbidden Layer Check
2026-08-13 22:31:21 +0200: Memory Usage (480212K) : CMOS5L Forbidden Layer Check: PASSED - No forbidden layers found
2026-08-13 22:31:21 +0200: Memory Usage (480212K) : CMOS5L Forbidden Layer Check: PASSED
2026-08-13 22:31:21 +0200: Memory Usage (480212K) : Starting base layers derivations
2026-08-13 22:31:21 +0200: Memory Usage (480212K) : Starting general LVS derivations
2026-08-13 22:31:21 +0200: Memory Usage (485368K) : Starting MOSFET DERIVATIONS
2026-08-13 22:31:21 +0200: Memory Usage (487416K) : Starting NMOS DERIVATIONS
2026-08-13 22:31:21 +0200: Memory Usage (487672K) : Starting PMOS DERIVATIONS
2026-08-13 22:31:21 +0200: Memory Usage (487928K) : Starting RF-MOSFET DERIVATIONS
2026-08-13 22:31:21 +0200: Memory Usage (487928K) : Starting RF-NMOS DERIVATIONS
2026-08-13 22:31:21 +0200: Memory Usage (488184K) : Starting RF-PMOS DERIVATIONS
2026-08-13 22:31:21 +0200: Memory Usage (488440K) : Starting BJT DERIVATIONS
2026-08-13 22:31:21 +0200: Memory Usage (488568K) : Starting NPN-BJT DERIVATIONS
2026-08-13 22:31:21 +0200: Memory Usage (488824K) : Starting PNP-BJT DERIVATIONS
2026-08-13 22:31:21 +0200: Memory Usage (488824K) : Starting DIODE DERIVATIONS
2026-08-13 22:31:21 +0200: Memory Usage (488824K) : Starting RESISTOR DERIVATIONS
2026-08-13 22:31:21 +0200: Memory Usage (489080K) : Starting CAP DERIVATIONS
2026-08-13 22:31:21 +0200: Memory Usage (489080K) : Starting CAP_MFRINGE DERIVATIONS
2026-08-13 22:31:21 +0200: Memory Usage (489080K) : Starting ESD DERIVATIONS
2026-08-13 22:31:21 +0200: Memory Usage (489080K) : Starting Inductor DERIVATIONS
2026-08-13 22:31:22 +0200: Memory Usage (492152K) : Starting Taps DERIVATIONS
2026-08-13 22:31:22 +0200: Memory Usage (493176K) : Starting SG13G2 LVS connectivity setup
2026-08-13 22:31:22 +0200: Memory Usage (493176K) : Starting SG13G2 LVS connectivity setup (Inter-layer)
2026-08-13 22:31:22 +0200: Memory Usage (493356K) : Starting SG13G2 LVS connectivity setup (Global)
2026-08-13 22:31:22 +0200: Memory Usage (493356K) : Starting LVS MOSFET CONNECTIONS
2026-08-13 22:31:22 +0200: Memory Usage (493356K) : Starting LVS RF-MOSFET CONNECTIONS
2026-08-13 22:31:22 +0200: Memory Usage (493356K) : Starting LVS BJT CONNECTIONS
2026-08-13 22:31:22 +0200: Memory Usage (493356K) : Starting LVS DIODE CONNECTIONS
2026-08-13 22:31:22 +0200: Memory Usage (493356K) : Starting RESISTOR CONNECTIONS
2026-08-13 22:31:22 +0200: Memory Usage (493356K) : Starting LVS CAP CONNECTIONS
2026-08-13 22:31:22 +0200: Memory Usage (493356K) : Starting ESD CONNECTIONS
2026-08-13 22:31:22 +0200: Memory Usage (493356K) : Starting Inductor CONNECTIONS
2026-08-13 22:31:22 +0200: Memory Usage (493356K) : Starting LVS Taps CONNECTIONS
2026-08-13 22:31:22 +0200: Memory Usage (493356K) : Starting CAP_MFRINGE CONNECTIONS
2026-08-13 22:31:22 +0200: Memory Usage (493356K) : Starting SG13CMOS5L LVS DEVICES EXTRACTION
2026-08-13 22:31:22 +0200: Memory Usage (493356K) : Starting MOSFET EXTRACTION
2026-08-13 22:31:22 +0200: Memory Usage (493356K) : Starting NMOS EXTRACTION
2026-08-13 22:31:22 +0200: Memory Usage (493356K) : Extraction of NMOS-LV transistor
2026-08-13 22:31:22 +0200: Memory Usage (493356K) : Extraction of NMOS-HV transistor
2026-08-13 22:31:22 +0200: Memory Usage (493356K) : Starting PMOS EXTRACTION
2026-08-13 22:31:22 +0200: Memory Usage (493356K) : Extraction of PMOS-LV transistor
2026-08-13 22:31:22 +0200: Memory Usage (493356K) : Extraction of PMOS-HV transistor
2026-08-13 22:31:22 +0200: Memory Usage (493356K) : Starting RF-MOSFET EXTRACTION
2026-08-13 22:31:22 +0200: Memory Usage (493356K) : Extraction of RF-NMOS-LV transistor
2026-08-13 22:31:22 +0200: Memory Usage (493356K) : Extraction of RF-NMOS-HV transistor
2026-08-13 22:31:22 +0200: Memory Usage (493356K) : Extraction of RF-PMOS-LV transistor
2026-08-13 22:31:22 +0200: Memory Usage (493356K) : Extraction of RF-PMOS-HV transistor
2026-08-13 22:31:22 +0200: Memory Usage (493356K) : Starting BJT EXTRACTION
2026-08-13 22:31:22 +0200: Memory Usage (493356K) : Starting NPN-BJT EXTRACTION
2026-08-13 22:31:22 +0200: Memory Usage (493356K) : Extraction of npn13G2 BJT transistor
2026-08-13 22:31:22 +0200: Memory Usage (493356K) : Extraction of npn13G2L BJT transistor
2026-08-13 22:31:22 +0200: Memory Usage (493356K) : Extraction of npn13G2V BJT transistor
2026-08-13 22:31:22 +0200: Memory Usage (493356K) : Starting PNP-BJT EXTRACTION
2026-08-13 22:31:22 +0200: Memory Usage (493356K) : Extracting pnpMPA BJT
2026-08-13 22:31:22 +0200: Memory Usage (493356K) : Starting DIODE EXTRACTION
2026-08-13 22:31:22 +0200: Memory Usage (493356K) : Extracting dantenna diode
2026-08-13 22:31:22 +0200: Memory Usage (493356K) : Extracting dpantenna diode
2026-08-13 22:31:22 +0200: Memory Usage (493356K) : Extracting schottky_nbl1 diode
2026-08-13 22:31:22 +0200: Memory Usage (493356K) : Extracting isolbox diode
2026-08-13 22:31:22 +0200: Memory Usage (493356K) : Starting RESISTOR EXTRACTION
2026-08-13 22:31:22 +0200: Memory Usage (493356K) : Extracting rsil resistor
2026-08-13 22:31:22 +0200: Memory Usage (493356K) : Extracting rppd resistor
2026-08-13 22:31:22 +0200: Memory Usage (493484K) : Extracting rhigh resistor
2026-08-13 22:31:22 +0200: Memory Usage (493484K) : Extracting res_metal1 resistor
2026-08-13 22:31:22 +0200: Memory Usage (493612K) : Extracting res_metal2 resistor
2026-08-13 22:31:22 +0200: Memory Usage (493612K) : Extracting res_metal3 resistor
2026-08-13 22:31:22 +0200: Memory Usage (493612K) : Extracting res_metal4 resistor
2026-08-13 22:31:22 +0200: Memory Usage (493612K) : Extracting res_metal5 resistor
2026-08-13 22:31:22 +0200: Memory Usage (493612K) : Extracting res_topmetal1 resistor
2026-08-13 22:31:22 +0200: Memory Usage (493612K) : Extracting res_topmetal2 resistor
2026-08-13 22:31:22 +0200: Memory Usage (493612K) : Starting CAP EXTRACTION
2026-08-13 22:31:22 +0200: Memory Usage (493612K) : Extracting cap_cmim device
2026-08-13 22:31:22 +0200: Memory Usage (493612K) : Extracting rfcmim device
2026-08-13 22:31:22 +0200: Memory Usage (493612K) : Extracting sg13_hv_svaricap varactor
2026-08-13 22:31:22 +0200: Memory Usage (493612K) : Extracting cap_mfringe device
2026-08-13 22:31:22 +0200: Memory Usage (493612K) : Starting ESD EXTRACTION
2026-08-13 22:31:22 +0200: Memory Usage (493612K) : Extracting diodevdd_2kv ESD device
2026-08-13 22:31:22 +0200: Memory Usage (493612K) : Extracting diodevdd_4kv ESD device
2026-08-13 22:31:22 +0200: Memory Usage (493612K) : Extracting diodevss_2kv ESD device
2026-08-13 22:31:22 +0200: Memory Usage (493612K) : Extracting diodevss_4kv ESD device
2026-08-13 22:31:22 +0200: Memory Usage (493612K) : Extracting idiodevdd_2kv ESD device
2026-08-13 22:31:22 +0200: Memory Usage (493612K) : Extracting idiodevdd_4kv ESD device
2026-08-13 22:31:22 +0200: Memory Usage (493612K) : Extracting idiodevss_2kv ESD device
2026-08-13 22:31:22 +0200: Memory Usage (493612K) : Extracting idiodevss_4kv ESD device
2026-08-13 22:31:22 +0200: Memory Usage (493612K) : Extracting nmoscl_2 ESD device
2026-08-13 22:31:22 +0200: Memory Usage (493612K) : Extracting nmoscl_4 ESD device
2026-08-13 22:31:22 +0200: Memory Usage (493612K) : Starting Inductor EXTRACTION
2026-08-13 22:31:22 +0200: Memory Usage (493612K) : Extracting Inductor2 device
2026-08-13 22:31:22 +0200: Memory Usage (493612K) : Extracting Inductor3 device
2026-08-13 22:31:22 +0200: Memory Usage (493612K) : Starting Taps EXTRACTION
2026-08-13 22:31:22 +0200: Memory Usage (493612K) : DISABLE_TAP_EXTRACTION is enabled: skipping ntap1/ptap1 device extraction.
2026-08-13 22:31:22 +0200: Memory Usage (493612K) : Starting SG13CMOS5L LVS RF MOS Model Mapping
2026-08-13 22:31:22 +0200: Memory Usage (493612K) : [layout_netlist] Apply RF MOS model mapping and rfmode parameter.
2026-08-13 22:31:22 +0200: Memory Usage (493612K) : Starting SG13CMOS5L LVS Options Preparations
2026-08-13 22:31:22 +0200: Memory Usage (493612K) : SG13CMOS5L LVS flow: extraction -> alignment -> option preparation -> comparison.
2026-08-13 22:31:22 +0200: Memory Usage (493612K) : Starting SG13CMOS5L LVS Alignment
2026-08-13 22:31:22 +0200: Memory Usage (493612K) : Starting SG13CMOS5L LVS Simplification
2026-08-13 22:31:22 +0200: Memory Usage (493612K) : [layout_netlist] simplify: ENABLED
2026-08-13 22:31:22 +0200: Memory Usage (493612K) : [layout_netlist] make_top_level_pins: SKIPPED
2026-08-13 22:31:22 +0200: Memory Usage (493612K) : [layout_netlist] combine_devices: SKIPPED
2026-08-13 22:31:22 +0200: Memory Usage (493612K) : [layout_netlist] purge: SKIPPED
2026-08-13 22:31:22 +0200: Memory Usage (493612K) : [layout_netlist] purge_nets: SKIPPED
2026-08-13 22:31:22 +0200: Memory Usage (493612K) : [schematic_netlist] simplify: ENABLED
2026-08-13 22:31:22 +0200: Memory Usage (493612K) : [schematic_netlist] make_top_level_pins: SKIPPED
2026-08-13 22:31:22 +0200: Memory Usage (493612K) : [schematic_netlist] combine_devices: SKIPPED
2026-08-13 22:31:22 +0200: Memory Usage (493612K) : [schematic_netlist] purge: SKIPPED
2026-08-13 22:31:22 +0200: Memory Usage (493612K) : [schematic_netlist] purge_nets: SKIPPED
2026-08-13 22:31:22 +0200: Memory Usage (493612K) : Starting SG13CMOS5L LVS Comparison in strict port mode.
2026-08-13 22:31:22 +0200: Memory Usage (493612K) : flag_missing_ports enabled: missing/mislabeled top-level ports are treated as errors.
2026-08-13 22:31:22 +0200: Memory Usage (493740K) : ==========================================
2026-08-13 22:31:22 +0200: Memory Usage (493740K) : INFO : Congratulations! Netlists match.
2026-08-13 22:31:22 +0200: Memory Usage (493740K) : ==========================================
2026-08-13 22:31:22 +0200: Memory Usage (493740K) : LVS Total Run time 1.132508 seconds
2026-08-23 19:26:10 +0200: Memory Usage (457608K) : Starting running SG13CMOS5L Klayout LVS runset on /foss/designs/CHIP-PLL/layout/CP/vbias/vbias.gds
2026-08-23 19:26:10 +0200: Memory Usage (457608K) : Ruby Version for klayout: 3.2.3
2026-08-23 19:26:10 +0200: Memory Usage (458996K) : Loading database to memory is complete.
2026-08-23 19:26:10 +0200: Memory Usage (458996K) : SG13CMOS5L Klayout LVS runset output at: /foss/designs/CHIP-PLL/layout/CP/lvs/vbias.lvsdb
2026-08-23 19:26:10 +0200: Memory Usage (458996K) : Evaluate switches.
2026-08-23 19:26:10 +0200: Memory Usage (458996K) : Extracted netlist with net names: true
2026-08-23 19:26:10 +0200: Memory Usage (458996K) : Extracted netlist with comments in details: false
2026-08-23 19:26:10 +0200: Memory Usage (458996K) : Selected NET_ONLY option: false
2026-08-23 19:26:10 +0200: Memory Usage (458996K) : Selected LAYOUT_NETLIST option: (none)
2026-08-23 19:26:10 +0200: Memory Usage (458996K) : Selected IGNORE_TOP_PORTS_MISMATCH option: 
2026-08-23 19:26:10 +0200: Memory Usage (458996K) : Selected IMPLICIT_NETS option: (none)
2026-08-23 19:26:10 +0200: Memory Usage (458996K) : Selected TOP_LVL_PINS option: false
2026-08-23 19:26:10 +0200: Memory Usage (458996K) : Selected COMBINE DEVICES option: false
2026-08-23 19:26:10 +0200: Memory Usage (458996K) : Selected PURGE option: false
2026-08-23 19:26:10 +0200: Memory Usage (458996K) : Selected PURGE_NETS option: false
2026-08-23 19:26:10 +0200: Memory Usage (458996K) : Selected SIMPLIFY option: true
2026-08-23 19:26:10 +0200: Memory Usage (458996K) : Selected SERIES_RES option: true
2026-08-23 19:26:10 +0200: Memory Usage (458996K) : Selected PARALLEL_RES option: true
2026-08-23 19:26:10 +0200: Memory Usage (458996K) : Selected DISABLE_TAP_EXTRACTION option: true
2026-08-23 19:26:10 +0200: Memory Usage (458996K) : deep  mode is enabled.
2026-08-23 19:26:10 +0200: Memory Usage (459380K) : Netlist file: /foss/designs/CHIP-PLL/layout/CP/netlists/curr_source.spice
2026-08-23 19:26:10 +0200: Memory Usage (459380K) : LVS extracted netlist at: /foss/designs/CHIP-PLL/layout/CP/lvs/vbias_extracted.cir
2026-08-23 19:26:10 +0200: Memory Usage (459380K) : Applying SRAM integration support.
2026-08-23 19:26:10 +0200: Memory Usage (459380K) : Starting SG13CMOS5L LVS runset
2026-08-23 19:26:10 +0200: Memory Usage (459380K) : Read in polygons from layers.
2026-08-23 19:26:10 +0200: Memory Usage (460384K) : activ_drw has 26 polygons
2026-08-23 19:26:10 +0200: Memory Usage (460384K) : activ_filler has 0 polygons
2026-08-23 19:26:10 +0200: Memory Usage (460560K) : activ has 26 polygons
2026-08-23 19:26:10 +0200: Memory Usage (460560K) : activ_pin has 0 polygons
2026-08-23 19:26:10 +0200: Memory Usage (460560K) : activ_mask has 0 polygons
2026-08-23 19:26:10 +0200: Memory Usage (460560K) : activ_nofill has 0 polygons
2026-08-23 19:26:10 +0200: Memory Usage (460560K) : activ_OPC has 0 polygons
2026-08-23 19:26:10 +0200: Memory Usage (460560K) : activ_iOPC has 0 polygons
2026-08-23 19:26:10 +0200: Memory Usage (460560K) : activ_noqrc has 0 polygons
2026-08-23 19:26:10 +0200: Memory Usage (460560K) : biwind_drw has 0 polygons
2026-08-23 19:26:10 +0200: Memory Usage (460560K) : biwind_OPC has 0 polygons
2026-08-23 19:26:10 +0200: Memory Usage (460560K) : gatpoly_drw has 21 polygons
2026-08-23 19:26:10 +0200: Memory Usage (460560K) : gatpoly_filler has 0 polygons
2026-08-23 19:26:10 +0200: Memory Usage (460560K) : gatpoly has 21 polygons
2026-08-23 19:26:10 +0200: Memory Usage (460560K) : gatpoly_pin has 6 polygons
2026-08-23 19:26:10 +0200: Memory Usage (460560K) : gatpoly_nofill has 0 polygons
2026-08-23 19:26:10 +0200: Memory Usage (460560K) : gatpoly_OPC has 0 polygons
2026-08-23 19:26:10 +0200: Memory Usage (460560K) : gatpoly_iOPC has 0 polygons
2026-08-23 19:26:10 +0200: Memory Usage (460688K) : gatpoly_noqrc has 0 polygons
2026-08-23 19:26:10 +0200: Memory Usage (460688K) : cont_drw has 92 polygons
2026-08-23 19:26:10 +0200: Memory Usage (460688K) : cont_OPC has 0 polygons
2026-08-23 19:26:10 +0200: Memory Usage (460688K) : nsd_drw has 0 polygons
2026-08-23 19:26:10 +0200: Memory Usage (460816K) : nsd_block has 0 polygons
2026-08-23 19:26:10 +0200: Memory Usage (460952K) : metal1_drw has 68 polygons
2026-08-23 19:26:10 +0200: Memory Usage (461080K) : metal1_filler has 0 polygons
2026-08-23 19:26:10 +0200: Memory Usage (461080K) : metal1_slit has 0 polygons
2026-08-23 19:26:10 +0200: Memory Usage (461208K) : metal1 has 68 polygons
2026-08-23 19:26:10 +0200: Memory Usage (461720K) : metal1_pin has 19 polygons
2026-08-23 19:26:10 +0200: Memory Usage (461720K) : metal1_mask has 0 polygons
2026-08-23 19:26:10 +0200: Memory Usage (461720K) : metal1_nofill has 0 polygons
2026-08-23 19:26:10 +0200: Memory Usage (462032K) : metal1_text has 2 polygons
2026-08-23 19:26:10 +0200: Memory Usage (462160K) : metal1_OPC has 0 polygons
2026-08-23 19:26:10 +0200: Memory Usage (462160K) : metal1_noqrc has 0 polygons
2026-08-23 19:26:10 +0200: Memory Usage (462160K) : metal1_res has 0 polygons
2026-08-23 19:26:10 +0200: Memory Usage (462160K) : metal1_iprobe has 0 polygons
2026-08-23 19:26:10 +0200: Memory Usage (462288K) : metal1_diffprb has 0 polygons
2026-08-23 19:26:10 +0200: Memory Usage (462288K) : passiv_drw has 0 polygons
2026-08-23 19:26:10 +0200: Memory Usage (462416K) : passiv_pin has 0 polygons
2026-08-23 19:26:10 +0200: Memory Usage (462416K) : passiv_sbump has 0 polygons
2026-08-23 19:26:10 +0200: Memory Usage (462544K) : passiv_pillar has 0 polygons
2026-08-23 19:26:10 +0200: Memory Usage (462672K) : passiv_pdl has 0 polygons
2026-08-23 19:26:10 +0200: Memory Usage (462672K) : metal2_drw has 25 polygons
2026-08-23 19:26:10 +0200: Memory Usage (462800K) : metal2_filler has 0 polygons
2026-08-23 19:26:10 +0200: Memory Usage (462800K) : metal2_slit has 0 polygons
2026-08-23 19:26:10 +0200: Memory Usage (462928K) : metal2 has 25 polygons
2026-08-23 19:26:10 +0200: Memory Usage (463056K) : metal2_pin has 1 polygons
2026-08-23 19:26:10 +0200: Memory Usage (463056K) : metal2_mask has 0 polygons
2026-08-23 19:26:10 +0200: Memory Usage (463184K) : metal2_nofill has 0 polygons
2026-08-23 19:26:10 +0200: Memory Usage (463184K) : metal2_text has 1 polygons
2026-08-23 19:26:10 +0200: Memory Usage (463312K) : metal2_OPC has 0 polygons
2026-08-23 19:26:10 +0200: Memory Usage (463312K) : metal2_noqrc has 0 polygons
2026-08-23 19:26:10 +0200: Memory Usage (463440K) : metal2_res has 0 polygons
2026-08-23 19:26:10 +0200: Memory Usage (463440K) : metal2_iprobe has 0 polygons
2026-08-23 19:26:10 +0200: Memory Usage (463568K) : metal2_diffprb has 0 polygons
2026-08-23 19:26:10 +0200: Memory Usage (463696K) : baspoly_drw has 0 polygons
2026-08-23 19:26:10 +0200: Memory Usage (463696K) : baspoly_pin has 0 polygons
2026-08-23 19:26:10 +0200: Memory Usage (463824K) : psd_drw has 6 polygons
2026-08-23 19:26:10 +0200: Memory Usage (463824K) : nldb_drw has 0 polygons
2026-08-23 19:26:10 +0200: Memory Usage (463952K) : digibnd_drw has 0 polygons
2026-08-23 19:26:10 +0200: Memory Usage (463952K) : via1_drw has 18 polygons
2026-08-23 19:26:10 +0200: Memory Usage (464080K) : backmetal1_drw has 0 polygons
2026-08-23 19:26:10 +0200: Memory Usage (464208K) : backmetal1_pin has 0 polygons
2026-08-23 19:26:10 +0200: Memory Usage (464208K) : backmetal1_mask has 0 polygons
2026-08-23 19:26:10 +0200: Memory Usage (464464K) : backmetal1_filler has 0 polygons
2026-08-23 19:26:10 +0200: Memory Usage (464464K) : backmetal1_nofill has 0 polygons
2026-08-23 19:26:10 +0200: Memory Usage (464592K) : backmetal1_slit has 0 polygons
2026-08-23 19:26:10 +0200: Memory Usage (464592K) : backmetal1_text has 0 polygons
2026-08-23 19:26:10 +0200: Memory Usage (464720K) : backmetal1_OPC has 0 polygons
2026-08-23 19:26:10 +0200: Memory Usage (464720K) : backmetal1_noqrc has 0 polygons
2026-08-23 19:26:10 +0200: Memory Usage (464848K) : backmetal1_res has 0 polygons
2026-08-23 19:26:10 +0200: Memory Usage (464848K) : backmetal1_iprobe has 0 polygons
2026-08-23 19:26:10 +0200: Memory Usage (464976K) : backmetal1_diffprb has 0 polygons
2026-08-23 19:26:10 +0200: Memory Usage (464976K) : backpassiv_drw has 0 polygons
2026-08-23 19:26:10 +0200: Memory Usage (465104K) : res_drw has 0 polygons
2026-08-23 19:26:10 +0200: Memory Usage (465232K) : sram_drw has 0 polygons
2026-08-23 19:26:10 +0200: Memory Usage (465232K) : trans_drw has 0 polygons
2026-08-23 19:26:10 +0200: Memory Usage (465360K) : ind_drw has 0 polygons
2026-08-23 19:26:10 +0200: Memory Usage (465360K) : ind_pin has 0 polygons
2026-08-23 19:26:10 +0200: Memory Usage (465488K) : ind_text has 0 polygons
2026-08-23 19:26:10 +0200: Memory Usage (465488K) : salblock_drw has 1 polygons
2026-08-23 19:26:10 +0200: Memory Usage (465616K) : via2_drw has 12 polygons
2026-08-23 19:26:10 +0200: Memory Usage (465744K) : metal3_drw has 10 polygons
2026-08-23 19:26:10 +0200: Memory Usage (465744K) : metal3_filler has 0 polygons
2026-08-23 19:26:10 +0200: Memory Usage (465872K) : metal3_slit has 0 polygons
2026-08-23 19:26:10 +0200: Memory Usage (466000K) : metal3 has 10 polygons
2026-08-23 19:26:10 +0200: Memory Usage (466000K) : metal3_pin has 0 polygons
2026-08-23 19:26:10 +0200: Memory Usage (466128K) : metal3_mask has 0 polygons
2026-08-23 19:26:10 +0200: Memory Usage (466256K) : metal3_nofill has 0 polygons
2026-08-23 19:26:10 +0200: Memory Usage (466384K) : metal3_text has 0 polygons
2026-08-23 19:26:10 +0200: Memory Usage (466384K) : metal3_OPC has 0 polygons
2026-08-23 19:26:10 +0200: Memory Usage (466512K) : metal3_noqrc has 0 polygons
2026-08-23 19:26:11 +0200: Memory Usage (466512K) : metal3_res has 0 polygons
2026-08-23 19:26:11 +0200: Memory Usage (466640K) : metal3_iprobe has 0 polygons
2026-08-23 19:26:11 +0200: Memory Usage (466640K) : metal3_diffprb has 0 polygons
2026-08-23 19:26:11 +0200: Memory Usage (466768K) : nwell_drw has 5 polygons
2026-08-23 19:26:11 +0200: Memory Usage (466768K) : nwell_pin has 1 polygons
2026-08-23 19:26:11 +0200: Memory Usage (466768K) : nwell_text has 0 polygons
2026-08-23 19:26:11 +0200: Memory Usage (466896K) : nbulay_drw has 0 polygons
2026-08-23 19:26:11 +0200: Memory Usage (466896K) : nbulay_pin has 0 polygons
2026-08-23 19:26:11 +0200: Memory Usage (466896K) : nbulay_block has 0 polygons
2026-08-23 19:26:11 +0200: Memory Usage (466896K) : emwind_drw has 0 polygons
2026-08-23 19:26:11 +0200: Memory Usage (467024K) : emwind_OPC has 0 polygons
2026-08-23 19:26:11 +0200: Memory Usage (467024K) : deepco_drw has 0 polygons
2026-08-23 19:26:11 +0200: Memory Usage (467024K) : mim_drw has 0 polygons
2026-08-23 19:26:11 +0200: Memory Usage (467152K) : edgeseal_drw has 0 polygons
2026-08-23 19:26:11 +0200: Memory Usage (467152K) : substrate_drw has 3 polygons
2026-08-23 19:26:11 +0200: Memory Usage (467152K) : substrate_text has 0 polygons
2026-08-23 19:26:11 +0200: Memory Usage (467280K) : dfpad_drw has 0 polygons
2026-08-23 19:26:11 +0200: Memory Usage (467280K) : dfpad_pillar has 0 polygons
2026-08-23 19:26:11 +0200: Memory Usage (467280K) : dfpad_sbump has 0 polygons
2026-08-23 19:26:11 +0200: Memory Usage (467408K) : thickgateox_drw has 0 polygons
2026-08-23 19:26:11 +0200: Memory Usage (467408K) : pldb_drw has 0 polygons
2026-08-23 19:26:11 +0200: Memory Usage (467536K) : pwell_drw has 0 polygons
2026-08-23 19:26:11 +0200: Memory Usage (467536K) : pwell_pin has 0 polygons
2026-08-23 19:26:11 +0200: Memory Usage (467664K) : pwell_block has 0 polygons
2026-08-23 19:26:11 +0200: Memory Usage (467792K) : ic_drw has 0 polygons
2026-08-23 19:26:11 +0200: Memory Usage (467792K) : via3_drw has 0 polygons
2026-08-23 19:26:11 +0200: Memory Usage (467920K) : metal4_drw has 0 polygons
2026-08-23 19:26:11 +0200: Memory Usage (467920K) : metal4_filler has 0 polygons
2026-08-23 19:26:11 +0200: Memory Usage (468048K) : metal4_slit has 0 polygons
2026-08-23 19:26:11 +0200: Memory Usage (468176K) : metal4 has 0 polygons
2026-08-23 19:26:11 +0200: Memory Usage (468176K) : metal4_pin has 0 polygons
2026-08-23 19:26:11 +0200: Memory Usage (468304K) : metal4_mask has 0 polygons
2026-08-23 19:26:11 +0200: Memory Usage (468304K) : metal4_nofill has 0 polygons
2026-08-23 19:26:11 +0200: Memory Usage (468432K) : metal4_text has 0 polygons
2026-08-23 19:26:11 +0200: Memory Usage (468432K) : metal4_OPC has 0 polygons
2026-08-23 19:26:11 +0200: Memory Usage (468560K) : metal4_noqrc has 0 polygons
2026-08-23 19:26:11 +0200: Memory Usage (468688K) : metal4_res has 0 polygons
2026-08-23 19:26:11 +0200: Memory Usage (468688K) : metal4_iprobe has 0 polygons
2026-08-23 19:26:11 +0200: Memory Usage (468816K) : metal4_diffprb has 0 polygons
2026-08-23 19:26:11 +0200: Memory Usage (468816K) : heattrans_drw has 8 polygons
2026-08-23 19:26:11 +0200: Memory Usage (468944K) : heatres_drw has 1 polygons
2026-08-23 19:26:11 +0200: Memory Usage (468944K) : fbe_drw has 0 polygons
2026-08-23 19:26:11 +0200: Memory Usage (469072K) : empoly_drw has 0 polygons
2026-08-23 19:26:11 +0200: Memory Usage (469072K) : digisub_drw has 0 polygons
2026-08-23 19:26:11 +0200: Memory Usage (469200K) : text_drw has 11 polygons
2026-08-23 19:26:11 +0200: Memory Usage (469200K) : via4_drw has 0 polygons
2026-08-23 19:26:11 +0200: Memory Usage (469328K) : metal5_drw has 0 polygons
2026-08-23 19:26:11 +0200: Memory Usage (469328K) : metal5_filler has 0 polygons
2026-08-23 19:26:11 +0200: Memory Usage (469328K) : metal5_slit has 0 polygons
2026-08-23 19:26:11 +0200: Memory Usage (469456K) : metal5 has 0 polygons
2026-08-23 19:26:11 +0200: Memory Usage (469456K) : metal5_pin has 0 polygons
2026-08-23 19:26:11 +0200: Memory Usage (469584K) : metal5_mask has 0 polygons
2026-08-23 19:26:11 +0200: Memory Usage (469584K) : metal5_nofill has 0 polygons
2026-08-23 19:26:11 +0200: Memory Usage (469712K) : metal5_text has 0 polygons
2026-08-23 19:26:11 +0200: Memory Usage (469712K) : metal5_OPC has 0 polygons
2026-08-23 19:26:11 +0200: Memory Usage (469840K) : metal5_noqrc has 0 polygons
2026-08-23 19:26:11 +0200: Memory Usage (469840K) : metal5_res has 0 polygons
2026-08-23 19:26:11 +0200: Memory Usage (469968K) : metal5_iprobe has 0 polygons
2026-08-23 19:26:11 +0200: Memory Usage (469968K) : metal5_diffprb has 0 polygons
2026-08-23 19:26:11 +0200: Memory Usage (470096K) : radhard_drw has 0 polygons
2026-08-23 19:26:11 +0200: Memory Usage (470096K) : memcap_drw has 0 polygons
2026-08-23 19:26:11 +0200: Memory Usage (470224K) : varicap_drw has 0 polygons
2026-08-23 19:26:11 +0200: Memory Usage (470352K) : intbondvia_drw has 0 polygons
2026-08-23 19:26:11 +0200: Memory Usage (470352K) : intbondmet_drw has 0 polygons
2026-08-23 19:26:11 +0200: Memory Usage (470480K) : devbondvia_drw has 0 polygons
2026-08-23 19:26:11 +0200: Memory Usage (470480K) : devbondmet_drw has 0 polygons
2026-08-23 19:26:11 +0200: Memory Usage (470608K) : devtrench_drw has 0 polygons
2026-08-23 19:26:11 +0200: Memory Usage (470608K) : redist_drw has 0 polygons
2026-08-23 19:26:11 +0200: Memory Usage (470736K) : graphbot_drw has 0 polygons
2026-08-23 19:26:11 +0200: Memory Usage (470736K) : graphtop_drw has 0 polygons
2026-08-23 19:26:11 +0200: Memory Usage (470864K) : antvia1_drw has 0 polygons
2026-08-23 19:26:11 +0200: Memory Usage (470864K) : antmetal2_drw has 0 polygons
2026-08-23 19:26:11 +0200: Memory Usage (470992K) : graphcont_drw has 0 polygons
2026-08-23 19:26:11 +0200: Memory Usage (471120K) : siwg_drw has 0 polygons
2026-08-23 19:26:11 +0200: Memory Usage (471120K) : siwg_filler has 0 polygons
2026-08-23 19:26:11 +0200: Memory Usage (471248K) : siwg_nofill has 0 polygons
2026-08-23 19:26:11 +0200: Memory Usage (471248K) : sigrating_drw has 0 polygons
2026-08-23 19:26:11 +0200: Memory Usage (471376K) : singrating_drw has 0 polygons
2026-08-23 19:26:11 +0200: Memory Usage (471376K) : graphpas_drw has 0 polygons
2026-08-23 19:26:11 +0200: Memory Usage (471504K) : emwind3_drw has 0 polygons
2026-08-23 19:26:11 +0200: Memory Usage (471504K) : emwihv3_drw has 0 polygons
2026-08-23 19:26:11 +0200: Memory Usage (471504K) : redbulay_drw has 0 polygons
2026-08-23 19:26:11 +0200: Memory Usage (471632K) : smos_drw has 0 polygons
2026-08-23 19:26:11 +0200: Memory Usage (471632K) : graphpad_drw has 0 polygons
2026-08-23 19:26:11 +0200: Memory Usage (471632K) : polimide_drw has 0 polygons
2026-08-23 19:26:11 +0200: Memory Usage (471760K) : polimide_pin has 0 polygons
2026-08-23 19:26:11 +0200: Memory Usage (471760K) : recog_drw has 0 polygons
2026-08-23 19:26:11 +0200: Memory Usage (471760K) : recog_pin has 0 polygons
2026-08-23 19:26:11 +0200: Memory Usage (471760K) : recog_esd has 0 polygons
2026-08-23 19:26:11 +0200: Memory Usage (471888K) : recog_diode has 0 polygons
2026-08-23 19:26:11 +0200: Memory Usage (471888K) : recog_tsv has 0 polygons
2026-08-23 19:26:11 +0200: Memory Usage (472016K) : recog_iprobe has 0 polygons
2026-08-23 19:26:11 +0200: Memory Usage (472016K) : recog_diffprb has 0 polygons
2026-08-23 19:26:11 +0200: Memory Usage (472144K) : recog_pillar has 0 polygons
2026-08-23 19:26:11 +0200: Memory Usage (472272K) : recog_sbump has 0 polygons
2026-08-23 19:26:11 +0200: Memory Usage (472272K) : recog_otp has 0 polygons
2026-08-23 19:26:11 +0200: Memory Usage (472400K) : recog_pdiode has 0 polygons
2026-08-23 19:26:11 +0200: Memory Usage (472400K) : recog_mom has 0 polygons
2026-08-23 19:26:11 +0200: Memory Usage (472528K) : recog_pcm has 0 polygons
2026-08-23 19:26:11 +0200: Memory Usage (472528K) : colopen_drw has 0 polygons
2026-08-23 19:26:11 +0200: Memory Usage (472656K) : graphmetal1_drw has 0 polygons
2026-08-23 19:26:11 +0200: Memory Usage (472656K) : graphmetal1_filler has 0 polygons
2026-08-23 19:26:11 +0200: Memory Usage (472784K) : graphmetal1_nofill has 0 polygons
2026-08-23 19:26:11 +0200: Memory Usage (472784K) : graphmetal1_slit has 0 polygons
2026-08-23 19:26:11 +0200: Memory Usage (472912K) : graphmetal1_OPC has 0 polygons
2026-08-23 19:26:11 +0200: Memory Usage (473040K) : graphmet1l_drw has 0 polygons
2026-08-23 19:26:11 +0200: Memory Usage (473040K) : graphmet1l_filler has 0 polygons
2026-08-23 19:26:11 +0200: Memory Usage (473168K) : graphmet1l_nofill has 0 polygons
2026-08-23 19:26:11 +0200: Memory Usage (473168K) : graphmet1l_slit has 0 polygons
2026-08-23 19:26:11 +0200: Memory Usage (473296K) : graphmet1l_OPC has 0 polygons
2026-08-23 19:26:11 +0200: Memory Usage (473296K) : extblock_drw has 3 polygons
2026-08-23 19:26:11 +0200: Memory Usage (473424K) : nldd_drw has 0 polygons
2026-08-23 19:26:11 +0200: Memory Usage (473424K) : pldd_drw has 0 polygons
2026-08-23 19:26:11 +0200: Memory Usage (473552K) : next_drw has 0 polygons
2026-08-23 19:26:11 +0200: Memory Usage (473680K) : pext_drw has 0 polygons
2026-08-23 19:26:11 +0200: Memory Usage (473680K) : nexthv_drw has 0 polygons
2026-08-23 19:26:11 +0200: Memory Usage (473808K) : pexthv_drw has 0 polygons
2026-08-23 19:26:11 +0200: Memory Usage (473808K) : graphgate_drw has 0 polygons
2026-08-23 19:26:11 +0200: Memory Usage (473936K) : sinwg_drw has 0 polygons
2026-08-23 19:26:11 +0200: Memory Usage (473936K) : sinwg_filler has 0 polygons
2026-08-23 19:26:11 +0200: Memory Usage (474064K) : sinwg_nofill has 0 polygons
2026-08-23 19:26:11 +0200: Memory Usage (474064K) : mempad_drw has 0 polygons
2026-08-23 19:26:11 +0200: Memory Usage (474064K) : topvia1_drw has 0 polygons
2026-08-23 19:26:11 +0200: Memory Usage (474064K) : topmetal1_drw has 0 polygons
2026-08-23 19:26:11 +0200: Memory Usage (474064K) : topmetal1_filler has 0 polygons
2026-08-23 19:26:11 +0200: Memory Usage (474064K) : topmetal1_slit has 0 polygons
2026-08-23 19:26:11 +0200: Memory Usage (474192K) : topmetal1 has 0 polygons
2026-08-23 19:26:11 +0200: Memory Usage (474192K) : topmetal1_pin has 0 polygons
2026-08-23 19:26:11 +0200: Memory Usage (474320K) : topmetal1_mask has 0 polygons
2026-08-23 19:26:11 +0200: Memory Usage (474320K) : topmetal1_nofill has 0 polygons
2026-08-23 19:26:11 +0200: Memory Usage (474448K) : topmetal1_text has 0 polygons
2026-08-23 19:26:11 +0200: Memory Usage (474448K) : topmetal1_noqrc has 0 polygons
2026-08-23 19:26:11 +0200: Memory Usage (474576K) : topmetal1_res has 0 polygons
2026-08-23 19:26:11 +0200: Memory Usage (474704K) : topmetal1_iprobe has 0 polygons
2026-08-23 19:26:11 +0200: Memory Usage (474704K) : topmetal1_diffprb has 0 polygons
2026-08-23 19:26:11 +0200: Memory Usage (474832K) : inldpwl_drw has 0 polygons
2026-08-23 19:26:11 +0200: Memory Usage (474832K) : polyres_drw has 1 polygons
2026-08-23 19:26:11 +0200: Memory Usage (474960K) : polyres_pin has 0 polygons
2026-08-23 19:26:11 +0200: Memory Usage (474960K) : vmim_drw has 0 polygons
2026-08-23 19:26:11 +0200: Memory Usage (475088K) : nbulaycut_drw has 0 polygons
2026-08-23 19:26:11 +0200: Memory Usage (475088K) : antmetal1_drw has 0 polygons
2026-08-23 19:26:11 +0200: Memory Usage (475216K) : topvia2_drw has 0 polygons
2026-08-23 19:26:11 +0200: Memory Usage (475344K) : topmetal2_drw has 0 polygons
2026-08-23 19:26:11 +0200: Memory Usage (475344K) : topmetal2_filler has 0 polygons
2026-08-23 19:26:11 +0200: Memory Usage (475472K) : topmetal2_slit has 0 polygons
2026-08-23 19:26:11 +0200: Memory Usage (475600K) : topmetal2 has 0 polygons
2026-08-23 19:26:11 +0200: Memory Usage (475600K) : topmetal2_pin has 0 polygons
2026-08-23 19:26:11 +0200: Memory Usage (475728K) : topmetal2_mask has 0 polygons
2026-08-23 19:26:11 +0200: Memory Usage (475728K) : topmetal2_nofill has 0 polygons
2026-08-23 19:26:11 +0200: Memory Usage (475856K) : topmetal2_text has 0 polygons
2026-08-23 19:26:11 +0200: Memory Usage (475856K) : topmetal2_noqrc has 0 polygons
2026-08-23 19:26:11 +0200: Memory Usage (475984K) : topmetal2_res has 0 polygons
2026-08-23 19:26:11 +0200: Memory Usage (475984K) : topmetal2_iprobe has 0 polygons
2026-08-23 19:26:11 +0200: Memory Usage (476112K) : topmetal2_diffprb has 0 polygons
2026-08-23 19:26:11 +0200: Memory Usage (476112K) : snsring_drw has 0 polygons
2026-08-23 19:26:11 +0200: Memory Usage (476240K) : sensor_drw has 0 polygons
2026-08-23 19:26:11 +0200: Memory Usage (476368K) : snsarms_drw has 0 polygons
2026-08-23 19:26:11 +0200: Memory Usage (476368K) : snscmosvia_drw has 0 polygons
2026-08-23 19:26:11 +0200: Memory Usage (476496K) : colwind_drw has 0 polygons
2026-08-23 19:26:11 +0200: Memory Usage (476496K) : flm_drw has 0 polygons
2026-08-23 19:26:11 +0200: Memory Usage (476624K) : hafniumox_drw has 0 polygons
2026-08-23 19:26:11 +0200: Memory Usage (476624K) : memvia_drw has 0 polygons
2026-08-23 19:26:11 +0200: Memory Usage (476752K) : thinfilmres_drw has 0 polygons
2026-08-23 19:26:11 +0200: Memory Usage (476880K) : rfmem_drw has 0 polygons
2026-08-23 19:26:11 +0200: Memory Usage (476880K) : norcx_drw has 0 polygons
2026-08-23 19:26:11 +0200: Memory Usage (477008K) : norcx_m2m3 has 0 polygons
2026-08-23 19:26:11 +0200: Memory Usage (477008K) : norcx_m2m4 has 0 polygons
2026-08-23 19:26:11 +0200: Memory Usage (477136K) : norcx_m2m5 has 0 polygons
2026-08-23 19:26:11 +0200: Memory Usage (477136K) : norcx_m2tm1 has 0 polygons
2026-08-23 19:26:11 +0200: Memory Usage (477264K) : norcx_m2tm2 has 0 polygons
2026-08-23 19:26:11 +0200: Memory Usage (477264K) : norcx_m3m4 has 0 polygons
2026-08-23 19:26:11 +0200: Memory Usage (477392K) : norcx_m3m5 has 0 polygons
2026-08-23 19:26:11 +0200: Memory Usage (477392K) : norcx_m3tm1 has 0 polygons
2026-08-23 19:26:11 +0200: Memory Usage (477520K) : norcx_m3tm2 has 0 polygons
2026-08-23 19:26:11 +0200: Memory Usage (477648K) : norcx_m4m5 has 0 polygons
2026-08-23 19:26:11 +0200: Memory Usage (477648K) : norcx_m4tm1 has 0 polygons
2026-08-23 19:26:11 +0200: Memory Usage (477776K) : norcx_m4tm2 has 0 polygons
2026-08-23 19:26:11 +0200: Memory Usage (477776K) : norcx_m5tm1 has 0 polygons
2026-08-23 19:26:11 +0200: Memory Usage (477904K) : norcx_m5tm2 has 0 polygons
2026-08-23 19:26:11 +0200: Memory Usage (477904K) : norcx_tm1tm2 has 0 polygons
2026-08-23 19:26:11 +0200: Memory Usage (478032K) : norcx_m1sub has 0 polygons
2026-08-23 19:26:11 +0200: Memory Usage (478032K) : norcx_m2sub has 0 polygons
2026-08-23 19:26:11 +0200: Memory Usage (478160K) : norcx_m3sub has 0 polygons
2026-08-23 19:26:11 +0200: Memory Usage (478160K) : norcx_m4sub has 0 polygons
2026-08-23 19:26:11 +0200: Memory Usage (478288K) : norcx_m5sub has 0 polygons
2026-08-23 19:26:11 +0200: Memory Usage (478416K) : norcx_tm1sub has 0 polygons
2026-08-23 19:26:11 +0200: Memory Usage (478416K) : norcx_tm2sub has 0 polygons
2026-08-23 19:26:11 +0200: Memory Usage (478544K) : snsbotvia_drw has 0 polygons
2026-08-23 19:26:11 +0200: Memory Usage (478544K) : snstopvia_drw has 0 polygons
2026-08-23 19:26:11 +0200: Memory Usage (478672K) : deepvia_drw has 0 polygons
2026-08-23 19:26:11 +0200: Memory Usage (478672K) : fgetch_drw has 0 polygons
2026-08-23 19:26:11 +0200: Memory Usage (478800K) : ctrgat_drw has 0 polygons
2026-08-23 19:26:11 +0200: Memory Usage (478800K) : fgimp_drw has 0 polygons
2026-08-23 19:26:11 +0200: Memory Usage (478928K) : emwihv_drw has 0 polygons
2026-08-23 19:26:11 +0200: Memory Usage (478928K) : lbe_drw has 0 polygons
2026-08-23 19:26:11 +0200: Memory Usage (479056K) : alcustop_drw has 0 polygons
2026-08-23 19:26:11 +0200: Memory Usage (479184K) : nometfiller_drw has 0 polygons
2026-08-23 19:26:11 +0200: Memory Usage (479184K) : prboundary_drw has 0 polygons
2026-08-23 19:26:11 +0200: Memory Usage (479312K) : exchange0_drw has 0 polygons
2026-08-23 19:26:11 +0200: Memory Usage (479312K) : exchange0_pin has 0 polygons
2026-08-23 19:26:11 +0200: Memory Usage (479440K) : exchange0_text has 0 polygons
2026-08-23 19:26:11 +0200: Memory Usage (479440K) : exchange1_drw has 0 polygons
2026-08-23 19:26:11 +0200: Memory Usage (479568K) : exchange1_pin has 0 polygons
2026-08-23 19:26:11 +0200: Memory Usage (479568K) : exchange1_text has 0 polygons
2026-08-23 19:26:11 +0200: Memory Usage (479696K) : exchange2_drw has 0 polygons
2026-08-23 19:26:11 +0200: Memory Usage (479696K) : exchange2_pin has 0 polygons
2026-08-23 19:26:11 +0200: Memory Usage (479824K) : exchange2_text has 0 polygons
2026-08-23 19:26:11 +0200: Memory Usage (479824K) : exchange3_drw has 0 polygons
2026-08-23 19:26:11 +0200: Memory Usage (479952K) : exchange3_pin has 0 polygons
2026-08-23 19:26:11 +0200: Memory Usage (480080K) : exchange3_text has 0 polygons
2026-08-23 19:26:11 +0200: Memory Usage (480080K) : exchange4_drw has 0 polygons
2026-08-23 19:26:11 +0200: Memory Usage (480208K) : exchange4_pin has 0 polygons
2026-08-23 19:26:11 +0200: Memory Usage (480208K) : exchange4_text has 0 polygons
2026-08-23 19:26:11 +0200: Memory Usage (480336K) : isonwell_drw has 0 polygons
2026-08-23 19:26:11 +0200: Memory Usage (480336K) : Total no. of polygons in the design is 341
2026-08-23 19:26:11 +0200: Memory Usage (480336K) : Starting CMOS5L Forbidden Layer Check
2026-08-23 19:26:11 +0200: Memory Usage (480464K) : CMOS5L Forbidden Layer Check: PASSED - No forbidden layers found
2026-08-23 19:26:11 +0200: Memory Usage (480464K) : CMOS5L Forbidden Layer Check: PASSED
2026-08-23 19:26:11 +0200: Memory Usage (480464K) : Starting base layers derivations
2026-08-23 19:26:11 +0200: Memory Usage (480464K) : Starting general LVS derivations
2026-08-23 19:26:11 +0200: Memory Usage (484592K) : Starting MOSFET DERIVATIONS
2026-08-23 19:26:11 +0200: Memory Usage (486896K) : Starting NMOS DERIVATIONS
2026-08-23 19:26:11 +0200: Memory Usage (487152K) : Starting PMOS DERIVATIONS
2026-08-23 19:26:11 +0200: Memory Usage (487408K) : Starting RF-MOSFET DERIVATIONS
2026-08-23 19:26:11 +0200: Memory Usage (487408K) : Starting RF-NMOS DERIVATIONS
2026-08-23 19:26:11 +0200: Memory Usage (487664K) : Starting RF-PMOS DERIVATIONS
2026-08-23 19:26:11 +0200: Memory Usage (487920K) : Starting BJT DERIVATIONS
2026-08-23 19:26:11 +0200: Memory Usage (487920K) : Starting NPN-BJT DERIVATIONS
2026-08-23 19:26:11 +0200: Memory Usage (488944K) : Starting PNP-BJT DERIVATIONS
2026-08-23 19:26:11 +0200: Memory Usage (488944K) : Starting DIODE DERIVATIONS
2026-08-23 19:26:11 +0200: Memory Usage (488944K) : Starting RESISTOR DERIVATIONS
2026-08-23 19:26:11 +0200: Memory Usage (489200K) : Starting CAP DERIVATIONS
2026-08-23 19:26:11 +0200: Memory Usage (489200K) : Starting CAP_MFRINGE DERIVATIONS
2026-08-23 19:26:11 +0200: Memory Usage (489200K) : Starting ESD DERIVATIONS
2026-08-23 19:26:11 +0200: Memory Usage (489200K) : Starting Inductor DERIVATIONS
2026-08-23 19:26:11 +0200: Memory Usage (491248K) : Starting Taps DERIVATIONS
2026-08-23 19:26:11 +0200: Memory Usage (492528K) : Starting SG13G2 LVS connectivity setup
2026-08-23 19:26:11 +0200: Memory Usage (492528K) : Starting SG13G2 LVS connectivity setup (Inter-layer)
2026-08-23 19:26:11 +0200: Memory Usage (492528K) : Starting SG13G2 LVS connectivity setup (Global)
2026-08-23 19:26:11 +0200: Memory Usage (492528K) : Starting LVS MOSFET CONNECTIONS
2026-08-23 19:26:11 +0200: Memory Usage (492528K) : Starting LVS RF-MOSFET CONNECTIONS
2026-08-23 19:26:11 +0200: Memory Usage (492528K) : Starting LVS BJT CONNECTIONS
2026-08-23 19:26:11 +0200: Memory Usage (492528K) : Starting LVS DIODE CONNECTIONS
2026-08-23 19:26:11 +0200: Memory Usage (492528K) : Starting RESISTOR CONNECTIONS
2026-08-23 19:26:11 +0200: Memory Usage (492528K) : Starting LVS CAP CONNECTIONS
2026-08-23 19:26:11 +0200: Memory Usage (492528K) : Starting ESD CONNECTIONS
2026-08-23 19:26:11 +0200: Memory Usage (492528K) : Starting Inductor CONNECTIONS
2026-08-23 19:26:11 +0200: Memory Usage (492528K) : Starting LVS Taps CONNECTIONS
2026-08-23 19:26:11 +0200: Memory Usage (492528K) : Starting CAP_MFRINGE CONNECTIONS
2026-08-23 19:26:11 +0200: Memory Usage (492528K) : Starting SG13CMOS5L LVS DEVICES EXTRACTION
2026-08-23 19:26:11 +0200: Memory Usage (492528K) : Starting MOSFET EXTRACTION
2026-08-23 19:26:11 +0200: Memory Usage (492528K) : Starting NMOS EXTRACTION
2026-08-23 19:26:11 +0200: Memory Usage (492528K) : Extraction of NMOS-LV transistor
2026-08-23 19:26:11 +0200: Memory Usage (492656K) : Extraction of NMOS-HV transistor
2026-08-23 19:26:11 +0200: Memory Usage (492656K) : Starting PMOS EXTRACTION
2026-08-23 19:26:11 +0200: Memory Usage (492656K) : Extraction of PMOS-LV transistor
2026-08-23 19:26:11 +0200: Memory Usage (492656K) : Extraction of PMOS-HV transistor
2026-08-23 19:26:11 +0200: Memory Usage (492656K) : Starting RF-MOSFET EXTRACTION
2026-08-23 19:26:11 +0200: Memory Usage (492656K) : Extraction of RF-NMOS-LV transistor
2026-08-23 19:26:11 +0200: Memory Usage (492656K) : Extraction of RF-NMOS-HV transistor
2026-08-23 19:26:11 +0200: Memory Usage (492656K) : Extraction of RF-PMOS-LV transistor
2026-08-23 19:26:11 +0200: Memory Usage (492656K) : Extraction of RF-PMOS-HV transistor
2026-08-23 19:26:11 +0200: Memory Usage (492656K) : Starting BJT EXTRACTION
2026-08-23 19:26:11 +0200: Memory Usage (492656K) : Starting NPN-BJT EXTRACTION
2026-08-23 19:26:11 +0200: Memory Usage (492656K) : Extraction of npn13G2 BJT transistor
2026-08-23 19:26:11 +0200: Memory Usage (492656K) : Extraction of npn13G2L BJT transistor
2026-08-23 19:26:11 +0200: Memory Usage (492656K) : Extraction of npn13G2V BJT transistor
2026-08-23 19:26:11 +0200: Memory Usage (492656K) : Starting PNP-BJT EXTRACTION
2026-08-23 19:26:11 +0200: Memory Usage (492656K) : Extracting pnpMPA BJT
2026-08-23 19:26:11 +0200: Memory Usage (492656K) : Starting DIODE EXTRACTION
2026-08-23 19:26:11 +0200: Memory Usage (492656K) : Extracting dantenna diode
2026-08-23 19:26:11 +0200: Memory Usage (492656K) : Extracting dpantenna diode
2026-08-23 19:26:11 +0200: Memory Usage (492656K) : Extracting schottky_nbl1 diode
2026-08-23 19:26:11 +0200: Memory Usage (492656K) : Extracting isolbox diode
2026-08-23 19:26:11 +0200: Memory Usage (492656K) : Starting RESISTOR EXTRACTION
2026-08-23 19:26:11 +0200: Memory Usage (492656K) : Extracting rsil resistor
2026-08-23 19:26:11 +0200: Memory Usage (492656K) : Extracting rppd resistor
2026-08-23 19:26:11 +0200: Memory Usage (492784K) : Extracting rhigh resistor
2026-08-23 19:26:11 +0200: Memory Usage (492784K) : Extracting res_metal1 resistor
2026-08-23 19:26:11 +0200: Memory Usage (492784K) : Extracting res_metal2 resistor
2026-08-23 19:26:11 +0200: Memory Usage (492784K) : Extracting res_metal3 resistor
2026-08-23 19:26:11 +0200: Memory Usage (492784K) : Extracting res_metal4 resistor
2026-08-23 19:26:11 +0200: Memory Usage (492784K) : Extracting res_metal5 resistor
2026-08-23 19:26:11 +0200: Memory Usage (492784K) : Extracting res_topmetal1 resistor
2026-08-23 19:26:11 +0200: Memory Usage (492784K) : Extracting res_topmetal2 resistor
2026-08-23 19:26:11 +0200: Memory Usage (492784K) : Starting CAP EXTRACTION
2026-08-23 19:26:11 +0200: Memory Usage (492784K) : Extracting cap_cmim device
2026-08-23 19:26:11 +0200: Memory Usage (492784K) : Extracting rfcmim device
2026-08-23 19:26:11 +0200: Memory Usage (492784K) : Extracting sg13_hv_svaricap varactor
2026-08-23 19:26:11 +0200: Memory Usage (492784K) : Extracting cap_mfringe device
2026-08-23 19:26:11 +0200: Memory Usage (492784K) : Starting ESD EXTRACTION
2026-08-23 19:26:11 +0200: Memory Usage (492784K) : Extracting diodevdd_2kv ESD device
2026-08-23 19:26:11 +0200: Memory Usage (492784K) : Extracting diodevdd_4kv ESD device
2026-08-23 19:26:11 +0200: Memory Usage (492784K) : Extracting diodevss_2kv ESD device
2026-08-23 19:26:11 +0200: Memory Usage (492784K) : Extracting diodevss_4kv ESD device
2026-08-23 19:26:11 +0200: Memory Usage (492784K) : Extracting idiodevdd_2kv ESD device
2026-08-23 19:26:11 +0200: Memory Usage (492784K) : Extracting idiodevdd_4kv ESD device
2026-08-23 19:26:11 +0200: Memory Usage (492784K) : Extracting idiodevss_2kv ESD device
2026-08-23 19:26:11 +0200: Memory Usage (492784K) : Extracting idiodevss_4kv ESD device
2026-08-23 19:26:11 +0200: Memory Usage (492784K) : Extracting nmoscl_2 ESD device
2026-08-23 19:26:11 +0200: Memory Usage (492784K) : Extracting nmoscl_4 ESD device
2026-08-23 19:26:11 +0200: Memory Usage (492784K) : Starting Inductor EXTRACTION
2026-08-23 19:26:11 +0200: Memory Usage (492784K) : Extracting Inductor2 device
2026-08-23 19:26:11 +0200: Memory Usage (492784K) : Extracting Inductor3 device
2026-08-23 19:26:11 +0200: Memory Usage (492784K) : Starting Taps EXTRACTION
2026-08-23 19:26:11 +0200: Memory Usage (492784K) : DISABLE_TAP_EXTRACTION is enabled: skipping ntap1/ptap1 device extraction.
2026-08-23 19:26:11 +0200: Memory Usage (492784K) : Starting SG13CMOS5L LVS RF MOS Model Mapping
2026-08-23 19:26:11 +0200: Memory Usage (492784K) : [layout_netlist] Apply RF MOS model mapping and rfmode parameter.
2026-08-23 19:26:11 +0200: Memory Usage (492912K) : Starting SG13CMOS5L LVS Options Preparations
2026-08-23 19:26:11 +0200: Memory Usage (492912K) : SG13CMOS5L LVS flow: extraction -> alignment -> option preparation -> comparison.
2026-08-23 19:26:11 +0200: Memory Usage (492912K) : Starting SG13CMOS5L LVS Alignment
2026-08-23 19:26:11 +0200: Memory Usage (493040K) : Starting SG13CMOS5L LVS Simplification
2026-08-23 19:26:11 +0200: Memory Usage (493040K) : [layout_netlist] simplify: ENABLED
2026-08-23 19:26:11 +0200: Memory Usage (493040K) : [layout_netlist] make_top_level_pins: SKIPPED
2026-08-23 19:26:11 +0200: Memory Usage (493040K) : [layout_netlist] combine_devices: SKIPPED
2026-08-23 19:26:11 +0200: Memory Usage (493040K) : [layout_netlist] purge: SKIPPED
2026-08-23 19:26:11 +0200: Memory Usage (493040K) : [layout_netlist] purge_nets: SKIPPED
2026-08-23 19:26:11 +0200: Memory Usage (493040K) : [schematic_netlist] simplify: ENABLED
2026-08-23 19:26:11 +0200: Memory Usage (493040K) : [schematic_netlist] make_top_level_pins: SKIPPED
2026-08-23 19:26:11 +0200: Memory Usage (493040K) : [schematic_netlist] combine_devices: SKIPPED
2026-08-23 19:26:11 +0200: Memory Usage (493040K) : [schematic_netlist] purge: SKIPPED
2026-08-23 19:26:11 +0200: Memory Usage (493040K) : [schematic_netlist] purge_nets: SKIPPED
2026-08-23 19:26:11 +0200: Memory Usage (493040K) : Starting SG13CMOS5L LVS Comparison in strict port mode.
2026-08-23 19:26:11 +0200: Memory Usage (493040K) : flag_missing_ports enabled: missing/mislabeled top-level ports are treated as errors.
2026-08-23 19:26:11 +0200: Memory Usage (493168K) : ==========================================
2026-08-23 19:26:11 +0200: Memory Usage (493168K) : INFO : Congratulations! Netlists match.
2026-08-23 19:26:11 +0200: Memory Usage (493168K) : ==========================================
2026-08-23 19:26:11 +0200: Memory Usage (493168K) : LVS Total Run time 1.048324 seconds
2026-08-23 19:26:36 +0200: Memory Usage (457532K) : Starting running SG13CMOS5L Klayout LVS runset on /foss/designs/CHIP-PLL/layout/CP/vbias/vbias.gds
2026-08-23 19:26:36 +0200: Memory Usage (457532K) : Ruby Version for klayout: 3.2.3
2026-08-23 19:26:36 +0200: Memory Usage (459000K) : Loading database to memory is complete.
2026-08-23 19:26:36 +0200: Memory Usage (459000K) : SG13CMOS5L Klayout LVS runset output at: /foss/designs/CHIP-PLL/layout/CP/lvs/vbias.lvsdb
2026-08-23 19:26:36 +0200: Memory Usage (459000K) : Evaluate switches.
2026-08-23 19:26:36 +0200: Memory Usage (459000K) : Extracted netlist with net names: true
2026-08-23 19:26:36 +0200: Memory Usage (459000K) : Extracted netlist with comments in details: false
2026-08-23 19:26:36 +0200: Memory Usage (459000K) : Selected NET_ONLY option: false
2026-08-23 19:26:36 +0200: Memory Usage (459000K) : Selected LAYOUT_NETLIST option: (none)
2026-08-23 19:26:36 +0200: Memory Usage (459000K) : Selected IGNORE_TOP_PORTS_MISMATCH option: 
2026-08-23 19:26:36 +0200: Memory Usage (459000K) : Selected IMPLICIT_NETS option: (none)
2026-08-23 19:26:36 +0200: Memory Usage (459000K) : Selected TOP_LVL_PINS option: false
2026-08-23 19:26:36 +0200: Memory Usage (459000K) : Selected COMBINE DEVICES option: false
2026-08-23 19:26:36 +0200: Memory Usage (459000K) : Selected PURGE option: false
2026-08-23 19:26:36 +0200: Memory Usage (459000K) : Selected PURGE_NETS option: false
2026-08-23 19:26:36 +0200: Memory Usage (459000K) : Selected SIMPLIFY option: true
2026-08-23 19:26:36 +0200: Memory Usage (459000K) : Selected SERIES_RES option: true
2026-08-23 19:26:36 +0200: Memory Usage (459000K) : Selected PARALLEL_RES option: true
2026-08-23 19:26:36 +0200: Memory Usage (459000K) : Selected DISABLE_TAP_EXTRACTION option: true
2026-08-23 19:26:36 +0200: Memory Usage (459000K) : deep  mode is enabled.
2026-08-23 19:26:36 +0200: Memory Usage (459256K) : Netlist file: /foss/designs/CHIP-PLL/layout/CP/netlists/vbias.spice
2026-08-23 19:26:36 +0200: Memory Usage (459256K) : LVS extracted netlist at: /foss/designs/CHIP-PLL/layout/CP/lvs/vbias_extracted.cir
2026-08-23 19:26:36 +0200: Memory Usage (459256K) : Applying SRAM integration support.
2026-08-23 19:26:36 +0200: Memory Usage (459256K) : Starting SG13CMOS5L LVS runset
2026-08-23 19:26:36 +0200: Memory Usage (459256K) : Read in polygons from layers.
2026-08-23 19:26:36 +0200: Memory Usage (460168K) : activ_drw has 43 polygons
2026-08-23 19:26:36 +0200: Memory Usage (460168K) : activ_filler has 0 polygons
2026-08-23 19:26:36 +0200: Memory Usage (460344K) : activ has 43 polygons
2026-08-23 19:26:36 +0200: Memory Usage (460472K) : activ_pin has 0 polygons
2026-08-23 19:26:36 +0200: Memory Usage (460472K) : activ_mask has 0 polygons
2026-08-23 19:26:36 +0200: Memory Usage (460472K) : activ_nofill has 0 polygons
2026-08-23 19:26:36 +0200: Memory Usage (460472K) : activ_OPC has 0 polygons
2026-08-23 19:26:36 +0200: Memory Usage (460472K) : activ_iOPC has 0 polygons
2026-08-23 19:26:36 +0200: Memory Usage (460472K) : activ_noqrc has 0 polygons
2026-08-23 19:26:36 +0200: Memory Usage (460472K) : biwind_drw has 0 polygons
2026-08-23 19:26:36 +0200: Memory Usage (460472K) : biwind_OPC has 0 polygons
2026-08-23 19:26:36 +0200: Memory Usage (460472K) : gatpoly_drw has 39 polygons
2026-08-23 19:26:36 +0200: Memory Usage (460472K) : gatpoly_filler has 0 polygons
2026-08-23 19:26:36 +0200: Memory Usage (460472K) : gatpoly has 39 polygons
2026-08-23 19:26:36 +0200: Memory Usage (460600K) : gatpoly_pin has 9 polygons
2026-08-23 19:26:36 +0200: Memory Usage (460600K) : gatpoly_nofill has 0 polygons
2026-08-23 19:26:36 +0200: Memory Usage (460600K) : gatpoly_OPC has 0 polygons
2026-08-23 19:26:36 +0200: Memory Usage (460600K) : gatpoly_iOPC has 0 polygons
2026-08-23 19:26:36 +0200: Memory Usage (460600K) : gatpoly_noqrc has 0 polygons
2026-08-23 19:26:36 +0200: Memory Usage (460600K) : cont_drw has 182 polygons
2026-08-23 19:26:36 +0200: Memory Usage (460600K) : cont_OPC has 0 polygons
2026-08-23 19:26:36 +0200: Memory Usage (460600K) : nsd_drw has 0 polygons
2026-08-23 19:26:36 +0200: Memory Usage (460728K) : nsd_block has 0 polygons
2026-08-23 19:26:36 +0200: Memory Usage (461128K) : metal1_drw has 126 polygons
2026-08-23 19:26:36 +0200: Memory Usage (461256K) : metal1_filler has 0 polygons
2026-08-23 19:26:36 +0200: Memory Usage (461384K) : metal1_slit has 0 polygons
2026-08-23 19:26:36 +0200: Memory Usage (461768K) : metal1 has 126 polygons
2026-08-23 19:26:36 +0200: Memory Usage (461768K) : metal1_pin has 32 polygons
2026-08-23 19:26:36 +0200: Memory Usage (461896K) : metal1_mask has 0 polygons
2026-08-23 19:26:36 +0200: Memory Usage (462024K) : metal1_nofill has 0 polygons
2026-08-23 19:26:36 +0200: Memory Usage (462288K) : metal1_text has 4 polygons
2026-08-23 19:26:36 +0200: Memory Usage (462288K) : metal1_OPC has 0 polygons
2026-08-23 19:26:36 +0200: Memory Usage (462288K) : metal1_noqrc has 0 polygons
2026-08-23 19:26:36 +0200: Memory Usage (462288K) : metal1_res has 0 polygons
2026-08-23 19:26:36 +0200: Memory Usage (462288K) : metal1_iprobe has 0 polygons
2026-08-23 19:26:36 +0200: Memory Usage (462416K) : metal1_diffprb has 0 polygons
2026-08-23 19:26:36 +0200: Memory Usage (462544K) : passiv_drw has 0 polygons
2026-08-23 19:26:36 +0200: Memory Usage (462544K) : passiv_pin has 0 polygons
2026-08-23 19:26:36 +0200: Memory Usage (462672K) : passiv_sbump has 0 polygons
2026-08-23 19:26:36 +0200: Memory Usage (462672K) : passiv_pillar has 0 polygons
2026-08-23 19:26:36 +0200: Memory Usage (462800K) : passiv_pdl has 0 polygons
2026-08-23 19:26:36 +0200: Memory Usage (462800K) : metal2_drw has 39 polygons
2026-08-23 19:26:36 +0200: Memory Usage (462928K) : metal2_filler has 0 polygons
2026-08-23 19:26:36 +0200: Memory Usage (462928K) : metal2_slit has 0 polygons
2026-08-23 19:26:36 +0200: Memory Usage (463056K) : metal2 has 39 polygons
2026-08-23 19:26:36 +0200: Memory Usage (463184K) : metal2_pin has 2 polygons
2026-08-23 19:26:36 +0200: Memory Usage (463184K) : metal2_mask has 0 polygons
2026-08-23 19:26:36 +0200: Memory Usage (463312K) : metal2_nofill has 0 polygons
2026-08-23 19:26:36 +0200: Memory Usage (463440K) : metal2_text has 2 polygons
2026-08-23 19:26:36 +0200: Memory Usage (463440K) : metal2_OPC has 0 polygons
2026-08-23 19:26:36 +0200: Memory Usage (463568K) : metal2_noqrc has 0 polygons
2026-08-23 19:26:36 +0200: Memory Usage (463568K) : metal2_res has 0 polygons
2026-08-23 19:26:36 +0200: Memory Usage (463696K) : metal2_iprobe has 0 polygons
2026-08-23 19:26:36 +0200: Memory Usage (463824K) : metal2_diffprb has 0 polygons
2026-08-23 19:26:36 +0200: Memory Usage (463824K) : baspoly_drw has 0 polygons
2026-08-23 19:26:36 +0200: Memory Usage (463952K) : baspoly_pin has 0 polygons
2026-08-23 19:26:36 +0200: Memory Usage (463952K) : psd_drw has 12 polygons
2026-08-23 19:26:36 +0200: Memory Usage (464080K) : nldb_drw has 0 polygons
2026-08-23 19:26:36 +0200: Memory Usage (464080K) : digibnd_drw has 0 polygons
2026-08-23 19:26:36 +0200: Memory Usage (464208K) : via1_drw has 24 polygons
2026-08-23 19:26:36 +0200: Memory Usage (464336K) : backmetal1_drw has 0 polygons
2026-08-23 19:26:36 +0200: Memory Usage (464336K) : backmetal1_pin has 0 polygons
2026-08-23 19:26:36 +0200: Memory Usage (464464K) : backmetal1_mask has 0 polygons
2026-08-23 19:26:36 +0200: Memory Usage (464592K) : backmetal1_filler has 0 polygons
2026-08-23 19:26:36 +0200: Memory Usage (464592K) : backmetal1_nofill has 0 polygons
2026-08-23 19:26:36 +0200: Memory Usage (464720K) : backmetal1_slit has 0 polygons
2026-08-23 19:26:36 +0200: Memory Usage (464720K) : backmetal1_text has 0 polygons
2026-08-23 19:26:36 +0200: Memory Usage (464848K) : backmetal1_OPC has 0 polygons
2026-08-23 19:26:36 +0200: Memory Usage (464848K) : backmetal1_noqrc has 0 polygons
2026-08-23 19:26:36 +0200: Memory Usage (464976K) : backmetal1_res has 0 polygons
2026-08-23 19:26:36 +0200: Memory Usage (465104K) : backmetal1_iprobe has 0 polygons
2026-08-23 19:26:36 +0200: Memory Usage (465104K) : backmetal1_diffprb has 0 polygons
2026-08-23 19:26:36 +0200: Memory Usage (465232K) : backpassiv_drw has 0 polygons
2026-08-23 19:26:36 +0200: Memory Usage (465232K) : res_drw has 0 polygons
2026-08-23 19:26:36 +0200: Memory Usage (465360K) : sram_drw has 0 polygons
2026-08-23 19:26:36 +0200: Memory Usage (465360K) : trans_drw has 0 polygons
2026-08-23 19:26:36 +0200: Memory Usage (465488K) : ind_drw has 0 polygons
2026-08-23 19:26:36 +0200: Memory Usage (465488K) : ind_pin has 0 polygons
2026-08-23 19:26:36 +0200: Memory Usage (465616K) : ind_text has 0 polygons
2026-08-23 19:26:36 +0200: Memory Usage (465616K) : salblock_drw has 2 polygons
2026-08-23 19:26:36 +0200: Memory Usage (465744K) : via2_drw has 14 polygons
2026-08-23 19:26:36 +0200: Memory Usage (465872K) : metal3_drw has 13 polygons
2026-08-23 19:26:36 +0200: Memory Usage (466000K) : metal3_filler has 0 polygons
2026-08-23 19:26:36 +0200: Memory Usage (466128K) : metal3_slit has 0 polygons
2026-08-23 19:26:36 +0200: Memory Usage (466256K) : metal3 has 13 polygons
2026-08-23 19:26:36 +0200: Memory Usage (466256K) : metal3_pin has 0 polygons
2026-08-23 19:26:36 +0200: Memory Usage (466384K) : metal3_mask has 0 polygons
2026-08-23 19:26:36 +0200: Memory Usage (466384K) : metal3_nofill has 0 polygons
2026-08-23 19:26:36 +0200: Memory Usage (466512K) : metal3_text has 0 polygons
2026-08-23 19:26:36 +0200: Memory Usage (466512K) : metal3_OPC has 0 polygons
2026-08-23 19:26:36 +0200: Memory Usage (466512K) : metal3_noqrc has 0 polygons
2026-08-23 19:26:36 +0200: Memory Usage (466640K) : metal3_res has 0 polygons
2026-08-23 19:26:36 +0200: Memory Usage (466640K) : metal3_iprobe has 0 polygons
2026-08-23 19:26:36 +0200: Memory Usage (466640K) : metal3_diffprb has 0 polygons
2026-08-23 19:26:36 +0200: Memory Usage (466768K) : nwell_drw has 11 polygons
2026-08-23 19:26:36 +0200: Memory Usage (466768K) : nwell_pin has 2 polygons
2026-08-23 19:26:36 +0200: Memory Usage (466768K) : nwell_text has 0 polygons
2026-08-23 19:26:36 +0200: Memory Usage (466768K) : nbulay_drw has 0 polygons
2026-08-23 19:26:36 +0200: Memory Usage (466896K) : nbulay_pin has 0 polygons
2026-08-23 19:26:36 +0200: Memory Usage (466896K) : nbulay_block has 0 polygons
2026-08-23 19:26:36 +0200: Memory Usage (466896K) : emwind_drw has 0 polygons
2026-08-23 19:26:36 +0200: Memory Usage (467024K) : emwind_OPC has 0 polygons
2026-08-23 19:26:36 +0200: Memory Usage (467024K) : deepco_drw has 0 polygons
2026-08-23 19:26:36 +0200: Memory Usage (467024K) : mim_drw has 0 polygons
2026-08-23 19:26:36 +0200: Memory Usage (467152K) : edgeseal_drw has 0 polygons
2026-08-23 19:26:36 +0200: Memory Usage (467152K) : substrate_drw has 6 polygons
2026-08-23 19:26:36 +0200: Memory Usage (467280K) : substrate_text has 0 polygons
2026-08-23 19:26:36 +0200: Memory Usage (467280K) : dfpad_drw has 0 polygons
2026-08-23 19:26:36 +0200: Memory Usage (467408K) : dfpad_pillar has 0 polygons
2026-08-23 19:26:36 +0200: Memory Usage (467408K) : dfpad_sbump has 0 polygons
2026-08-23 19:26:36 +0200: Memory Usage (467536K) : thickgateox_drw has 0 polygons
2026-08-23 19:26:36 +0200: Memory Usage (467536K) : pldb_drw has 0 polygons
2026-08-23 19:26:36 +0200: Memory Usage (467664K) : pwell_drw has 0 polygons
2026-08-23 19:26:36 +0200: Memory Usage (467792K) : pwell_pin has 0 polygons
2026-08-23 19:26:36 +0200: Memory Usage (467792K) : pwell_block has 0 polygons
2026-08-23 19:26:36 +0200: Memory Usage (467920K) : ic_drw has 0 polygons
2026-08-23 19:26:36 +0200: Memory Usage (467920K) : via3_drw has 0 polygons
2026-08-23 19:26:36 +0200: Memory Usage (468048K) : metal4_drw has 0 polygons
2026-08-23 19:26:36 +0200: Memory Usage (468048K) : metal4_filler has 0 polygons
2026-08-23 19:26:36 +0200: Memory Usage (468176K) : metal4_slit has 0 polygons
2026-08-23 19:26:36 +0200: Memory Usage (468304K) : metal4 has 0 polygons
2026-08-23 19:26:36 +0200: Memory Usage (468304K) : metal4_pin has 0 polygons
2026-08-23 19:26:36 +0200: Memory Usage (468432K) : metal4_mask has 0 polygons
2026-08-23 19:26:36 +0200: Memory Usage (468432K) : metal4_nofill has 0 polygons
2026-08-23 19:26:36 +0200: Memory Usage (468560K) : metal4_text has 0 polygons
2026-08-23 19:26:36 +0200: Memory Usage (468688K) : metal4_OPC has 0 polygons
2026-08-23 19:26:36 +0200: Memory Usage (468688K) : metal4_noqrc has 0 polygons
2026-08-23 19:26:36 +0200: Memory Usage (468816K) : metal4_res has 0 polygons
2026-08-23 19:26:36 +0200: Memory Usage (468816K) : metal4_iprobe has 0 polygons
2026-08-23 19:26:36 +0200: Memory Usage (468944K) : metal4_diffprb has 0 polygons
2026-08-23 19:26:36 +0200: Memory Usage (468944K) : heattrans_drw has 13 polygons
2026-08-23 19:26:36 +0200: Memory Usage (469072K) : heatres_drw has 2 polygons
2026-08-23 19:26:36 +0200: Memory Usage (469072K) : fbe_drw has 0 polygons
2026-08-23 19:26:36 +0200: Memory Usage (469200K) : empoly_drw has 0 polygons
2026-08-23 19:26:36 +0200: Memory Usage (469200K) : digisub_drw has 0 polygons
2026-08-23 19:26:36 +0200: Memory Usage (469200K) : text_drw has 19 polygons
2026-08-23 19:26:36 +0200: Memory Usage (469200K) : via4_drw has 0 polygons
2026-08-23 19:26:36 +0200: Memory Usage (469328K) : metal5_drw has 0 polygons
2026-08-23 19:26:36 +0200: Memory Usage (469328K) : metal5_filler has 0 polygons
2026-08-23 19:26:36 +0200: Memory Usage (469456K) : metal5_slit has 0 polygons
2026-08-23 19:26:36 +0200: Memory Usage (469584K) : metal5 has 0 polygons
2026-08-23 19:26:36 +0200: Memory Usage (469584K) : metal5_pin has 0 polygons
2026-08-23 19:26:36 +0200: Memory Usage (469712K) : metal5_mask has 0 polygons
2026-08-23 19:26:36 +0200: Memory Usage (469712K) : metal5_nofill has 0 polygons
2026-08-23 19:26:36 +0200: Memory Usage (469840K) : metal5_text has 0 polygons
2026-08-23 19:26:36 +0200: Memory Usage (469840K) : metal5_OPC has 0 polygons
2026-08-23 19:26:36 +0200: Memory Usage (469968K) : metal5_noqrc has 0 polygons
2026-08-23 19:26:36 +0200: Memory Usage (469968K) : metal5_res has 0 polygons
2026-08-23 19:26:36 +0200: Memory Usage (470096K) : metal5_iprobe has 0 polygons
2026-08-23 19:26:36 +0200: Memory Usage (470096K) : metal5_diffprb has 0 polygons
2026-08-23 19:26:36 +0200: Memory Usage (470224K) : radhard_drw has 0 polygons
2026-08-23 19:26:36 +0200: Memory Usage (470352K) : memcap_drw has 0 polygons
2026-08-23 19:26:36 +0200: Memory Usage (470352K) : varicap_drw has 0 polygons
2026-08-23 19:26:36 +0200: Memory Usage (470480K) : intbondvia_drw has 0 polygons
2026-08-23 19:26:36 +0200: Memory Usage (470480K) : intbondmet_drw has 0 polygons
2026-08-23 19:26:36 +0200: Memory Usage (470608K) : devbondvia_drw has 0 polygons
2026-08-23 19:26:36 +0200: Memory Usage (470608K) : devbondmet_drw has 0 polygons
2026-08-23 19:26:36 +0200: Memory Usage (470736K) : devtrench_drw has 0 polygons
2026-08-23 19:26:36 +0200: Memory Usage (470736K) : redist_drw has 0 polygons
2026-08-23 19:26:36 +0200: Memory Usage (470864K) : graphbot_drw has 0 polygons
2026-08-23 19:26:36 +0200: Memory Usage (470992K) : graphtop_drw has 0 polygons
2026-08-23 19:26:36 +0200: Memory Usage (470992K) : antvia1_drw has 0 polygons
2026-08-23 19:26:36 +0200: Memory Usage (471120K) : antmetal2_drw has 0 polygons
2026-08-23 19:26:36 +0200: Memory Usage (471120K) : graphcont_drw has 0 polygons
2026-08-23 19:26:36 +0200: Memory Usage (471248K) : siwg_drw has 0 polygons
2026-08-23 19:26:36 +0200: Memory Usage (471248K) : siwg_filler has 0 polygons
2026-08-23 19:26:36 +0200: Memory Usage (471248K) : siwg_nofill has 0 polygons
2026-08-23 19:26:36 +0200: Memory Usage (471376K) : sigrating_drw has 0 polygons
2026-08-23 19:26:36 +0200: Memory Usage (471376K) : singrating_drw has 0 polygons
2026-08-23 19:26:36 +0200: Memory Usage (471376K) : graphpas_drw has 0 polygons
2026-08-23 19:26:36 +0200: Memory Usage (471504K) : emwind3_drw has 0 polygons
2026-08-23 19:26:36 +0200: Memory Usage (471504K) : emwihv3_drw has 0 polygons
2026-08-23 19:26:36 +0200: Memory Usage (471504K) : redbulay_drw has 0 polygons
2026-08-23 19:26:36 +0200: Memory Usage (471632K) : smos_drw has 0 polygons
2026-08-23 19:26:36 +0200: Memory Usage (471632K) : graphpad_drw has 0 polygons
2026-08-23 19:26:36 +0200: Memory Usage (471632K) : polimide_drw has 0 polygons
2026-08-23 19:26:36 +0200: Memory Usage (471760K) : polimide_pin has 0 polygons
2026-08-23 19:26:36 +0200: Memory Usage (471888K) : recog_drw has 0 polygons
2026-08-23 19:26:36 +0200: Memory Usage (471888K) : recog_pin has 0 polygons
2026-08-23 19:26:36 +0200: Memory Usage (472016K) : recog_esd has 0 polygons
2026-08-23 19:26:36 +0200: Memory Usage (472016K) : recog_diode has 0 polygons
2026-08-23 19:26:36 +0200: Memory Usage (472144K) : recog_tsv has 0 polygons
2026-08-23 19:26:36 +0200: Memory Usage (472144K) : recog_iprobe has 0 polygons
2026-08-23 19:26:36 +0200: Memory Usage (472272K) : recog_diffprb has 0 polygons
2026-08-23 19:26:36 +0200: Memory Usage (472272K) : recog_pillar has 0 polygons
2026-08-23 19:26:36 +0200: Memory Usage (472400K) : recog_sbump has 0 polygons
2026-08-23 19:26:36 +0200: Memory Usage (472528K) : recog_otp has 0 polygons
2026-08-23 19:26:36 +0200: Memory Usage (472528K) : recog_pdiode has 0 polygons
2026-08-23 19:26:36 +0200: Memory Usage (472656K) : recog_mom has 0 polygons
2026-08-23 19:26:36 +0200: Memory Usage (472656K) : recog_pcm has 0 polygons
2026-08-23 19:26:36 +0200: Memory Usage (472784K) : colopen_drw has 0 polygons
2026-08-23 19:26:36 +0200: Memory Usage (472784K) : graphmetal1_drw has 0 polygons
2026-08-23 19:26:36 +0200: Memory Usage (472912K) : graphmetal1_filler has 0 polygons
2026-08-23 19:26:36 +0200: Memory Usage (472912K) : graphmetal1_nofill has 0 polygons
2026-08-23 19:26:36 +0200: Memory Usage (473040K) : graphmetal1_slit has 0 polygons
2026-08-23 19:26:36 +0200: Memory Usage (473168K) : graphmetal1_OPC has 0 polygons
2026-08-23 19:26:36 +0200: Memory Usage (473168K) : graphmet1l_drw has 0 polygons
2026-08-23 19:26:36 +0200: Memory Usage (473296K) : graphmet1l_filler has 0 polygons
2026-08-23 19:26:36 +0200: Memory Usage (473296K) : graphmet1l_nofill has 0 polygons
2026-08-23 19:26:36 +0200: Memory Usage (473424K) : graphmet1l_slit has 0 polygons
2026-08-23 19:26:36 +0200: Memory Usage (473424K) : graphmet1l_OPC has 0 polygons
2026-08-23 19:26:36 +0200: Memory Usage (473552K) : extblock_drw has 6 polygons
2026-08-23 19:26:36 +0200: Memory Usage (473552K) : nldd_drw has 0 polygons
2026-08-23 19:26:36 +0200: Memory Usage (473680K) : pldd_drw has 0 polygons
2026-08-23 19:26:36 +0200: Memory Usage (473680K) : next_drw has 0 polygons
2026-08-23 19:26:36 +0200: Memory Usage (473808K) : pext_drw has 0 polygons
2026-08-23 19:26:36 +0200: Memory Usage (473936K) : nexthv_drw has 0 polygons
2026-08-23 19:26:36 +0200: Memory Usage (473936K) : pexthv_drw has 0 polygons
2026-08-23 19:26:36 +0200: Memory Usage (473936K) : graphgate_drw has 0 polygons
2026-08-23 19:26:36 +0200: Memory Usage (473936K) : sinwg_drw has 0 polygons
2026-08-23 19:26:36 +0200: Memory Usage (473936K) : sinwg_filler has 0 polygons
2026-08-23 19:26:36 +0200: Memory Usage (473936K) : sinwg_nofill has 0 polygons
2026-08-23 19:26:36 +0200: Memory Usage (473936K) : mempad_drw has 0 polygons
2026-08-23 19:26:36 +0200: Memory Usage (474064K) : topvia1_drw has 0 polygons
2026-08-23 19:26:36 +0200: Memory Usage (474064K) : topmetal1_drw has 0 polygons
2026-08-23 19:26:36 +0200: Memory Usage (474192K) : topmetal1_filler has 0 polygons
2026-08-23 19:26:36 +0200: Memory Usage (474192K) : topmetal1_slit has 0 polygons
2026-08-23 19:26:36 +0200: Memory Usage (474320K) : topmetal1 has 0 polygons
2026-08-23 19:26:36 +0200: Memory Usage (474448K) : topmetal1_pin has 0 polygons
2026-08-23 19:26:36 +0200: Memory Usage (474448K) : topmetal1_mask has 0 polygons
2026-08-23 19:26:36 +0200: Memory Usage (474576K) : topmetal1_nofill has 0 polygons
2026-08-23 19:26:36 +0200: Memory Usage (474576K) : topmetal1_text has 0 polygons
2026-08-23 19:26:36 +0200: Memory Usage (474704K) : topmetal1_noqrc has 0 polygons
2026-08-23 19:26:36 +0200: Memory Usage (474704K) : topmetal1_res has 0 polygons
2026-08-23 19:26:36 +0200: Memory Usage (474832K) : topmetal1_iprobe has 0 polygons
2026-08-23 19:26:36 +0200: Memory Usage (474832K) : topmetal1_diffprb has 0 polygons
2026-08-23 19:26:36 +0200: Memory Usage (474960K) : inldpwl_drw has 0 polygons
2026-08-23 19:26:36 +0200: Memory Usage (475088K) : polyres_drw has 2 polygons
2026-08-23 19:26:36 +0200: Memory Usage (475088K) : polyres_pin has 0 polygons
2026-08-23 19:26:36 +0200: Memory Usage (475216K) : vmim_drw has 0 polygons
2026-08-23 19:26:36 +0200: Memory Usage (475216K) : nbulaycut_drw has 0 polygons
2026-08-23 19:26:36 +0200: Memory Usage (475344K) : antmetal1_drw has 0 polygons
2026-08-23 19:26:36 +0200: Memory Usage (475344K) : topvia2_drw has 0 polygons
2026-08-23 19:26:36 +0200: Memory Usage (475472K) : topmetal2_drw has 0 polygons
2026-08-23 19:26:36 +0200: Memory Usage (475472K) : topmetal2_filler has 0 polygons
2026-08-23 19:26:36 +0200: Memory Usage (475600K) : topmetal2_slit has 0 polygons
2026-08-23 19:26:36 +0200: Memory Usage (475728K) : topmetal2 has 0 polygons
2026-08-23 19:26:36 +0200: Memory Usage (475728K) : topmetal2_pin has 0 polygons
2026-08-23 19:26:36 +0200: Memory Usage (475856K) : topmetal2_mask has 0 polygons
2026-08-23 19:26:36 +0200: Memory Usage (475984K) : topmetal2_nofill has 0 polygons
2026-08-23 19:26:36 +0200: Memory Usage (475984K) : topmetal2_text has 0 polygons
2026-08-23 19:26:36 +0200: Memory Usage (476112K) : topmetal2_noqrc has 0 polygons
2026-08-23 19:26:36 +0200: Memory Usage (476112K) : topmetal2_res has 0 polygons
2026-08-23 19:26:36 +0200: Memory Usage (476240K) : topmetal2_iprobe has 0 polygons
2026-08-23 19:26:36 +0200: Memory Usage (476240K) : topmetal2_diffprb has 0 polygons
2026-08-23 19:26:36 +0200: Memory Usage (476368K) : snsring_drw has 0 polygons
2026-08-23 19:26:36 +0200: Memory Usage (476368K) : sensor_drw has 0 polygons
2026-08-23 19:26:36 +0200: Memory Usage (476496K) : snsarms_drw has 0 polygons
2026-08-23 19:26:36 +0200: Memory Usage (476496K) : snscmosvia_drw has 0 polygons
2026-08-23 19:26:36 +0200: Memory Usage (476624K) : colwind_drw has 0 polygons
2026-08-23 19:26:36 +0200: Memory Usage (476752K) : flm_drw has 0 polygons
2026-08-23 19:26:36 +0200: Memory Usage (476752K) : hafniumox_drw has 0 polygons
2026-08-23 19:26:36 +0200: Memory Usage (476880K) : memvia_drw has 0 polygons
2026-08-23 19:26:36 +0200: Memory Usage (476880K) : thinfilmres_drw has 0 polygons
2026-08-23 19:26:36 +0200: Memory Usage (477008K) : rfmem_drw has 0 polygons
2026-08-23 19:26:36 +0200: Memory Usage (477008K) : norcx_drw has 0 polygons
2026-08-23 19:26:36 +0200: Memory Usage (477136K) : norcx_m2m3 has 0 polygons
2026-08-23 19:26:36 +0200: Memory Usage (477136K) : norcx_m2m4 has 0 polygons
2026-08-23 19:26:36 +0200: Memory Usage (477264K) : norcx_m2m5 has 0 polygons
2026-08-23 19:26:36 +0200: Memory Usage (477392K) : norcx_m2tm1 has 0 polygons
2026-08-23 19:26:36 +0200: Memory Usage (477392K) : norcx_m2tm2 has 0 polygons
2026-08-23 19:26:36 +0200: Memory Usage (477520K) : norcx_m3m4 has 0 polygons
2026-08-23 19:26:36 +0200: Memory Usage (477520K) : norcx_m3m5 has 0 polygons
2026-08-23 19:26:36 +0200: Memory Usage (477648K) : norcx_m3tm1 has 0 polygons
2026-08-23 19:26:36 +0200: Memory Usage (477648K) : norcx_m3tm2 has 0 polygons
2026-08-23 19:26:36 +0200: Memory Usage (477776K) : norcx_m4m5 has 0 polygons
2026-08-23 19:26:36 +0200: Memory Usage (477776K) : norcx_m4tm1 has 0 polygons
2026-08-23 19:26:36 +0200: Memory Usage (477904K) : norcx_m4tm2 has 0 polygons
2026-08-23 19:26:36 +0200: Memory Usage (477904K) : norcx_m5tm1 has 0 polygons
2026-08-23 19:26:36 +0200: Memory Usage (478032K) : norcx_m5tm2 has 0 polygons
2026-08-23 19:26:36 +0200: Memory Usage (478160K) : norcx_tm1tm2 has 0 polygons
2026-08-23 19:26:36 +0200: Memory Usage (478160K) : norcx_m1sub has 0 polygons
2026-08-23 19:26:36 +0200: Memory Usage (478288K) : norcx_m2sub has 0 polygons
2026-08-23 19:26:36 +0200: Memory Usage (478288K) : norcx_m3sub has 0 polygons
2026-08-23 19:26:36 +0200: Memory Usage (478416K) : norcx_m4sub has 0 polygons
2026-08-23 19:26:36 +0200: Memory Usage (478416K) : norcx_m5sub has 0 polygons
2026-08-23 19:26:36 +0200: Memory Usage (478544K) : norcx_tm1sub has 0 polygons
2026-08-23 19:26:36 +0200: Memory Usage (478544K) : norcx_tm2sub has 0 polygons
2026-08-23 19:26:36 +0200: Memory Usage (478672K) : snsbotvia_drw has 0 polygons
2026-08-23 19:26:36 +0200: Memory Usage (478800K) : snstopvia_drw has 0 polygons
2026-08-23 19:26:36 +0200: Memory Usage (478800K) : deepvia_drw has 0 polygons
2026-08-23 19:26:36 +0200: Memory Usage (478928K) : fgetch_drw has 0 polygons
2026-08-23 19:26:36 +0200: Memory Usage (478928K) : ctrgat_drw has 0 polygons
2026-08-23 19:26:36 +0200: Memory Usage (479056K) : fgimp_drw has 0 polygons
2026-08-23 19:26:36 +0200: Memory Usage (479056K) : emwihv_drw has 0 polygons
2026-08-23 19:26:36 +0200: Memory Usage (479184K) : lbe_drw has 0 polygons
2026-08-23 19:26:36 +0200: Memory Usage (479184K) : alcustop_drw has 0 polygons
2026-08-23 19:26:36 +0200: Memory Usage (479312K) : nometfiller_drw has 0 polygons
2026-08-23 19:26:36 +0200: Memory Usage (479440K) : prboundary_drw has 0 polygons
2026-08-23 19:26:36 +0200: Memory Usage (479440K) : exchange0_drw has 0 polygons
2026-08-23 19:26:36 +0200: Memory Usage (479568K) : exchange0_pin has 0 polygons
2026-08-23 19:26:36 +0200: Memory Usage (479568K) : exchange0_text has 0 polygons
2026-08-23 19:26:36 +0200: Memory Usage (479696K) : exchange1_drw has 0 polygons
2026-08-23 19:26:36 +0200: Memory Usage (479696K) : exchange1_pin has 0 polygons
2026-08-23 19:26:36 +0200: Memory Usage (479824K) : exchange1_text has 0 polygons
2026-08-23 19:26:36 +0200: Memory Usage (479824K) : exchange2_drw has 0 polygons
2026-08-23 19:26:36 +0200: Memory Usage (479952K) : exchange2_pin has 0 polygons
2026-08-23 19:26:36 +0200: Memory Usage (479952K) : exchange2_text has 0 polygons
2026-08-23 19:26:36 +0200: Memory Usage (480080K) : exchange3_drw has 0 polygons
2026-08-23 19:26:36 +0200: Memory Usage (480080K) : exchange3_pin has 0 polygons
2026-08-23 19:26:36 +0200: Memory Usage (480208K) : exchange3_text has 0 polygons
2026-08-23 19:26:36 +0200: Memory Usage (480208K) : exchange4_drw has 0 polygons
2026-08-23 19:26:36 +0200: Memory Usage (480336K) : exchange4_pin has 0 polygons
2026-08-23 19:26:36 +0200: Memory Usage (480336K) : exchange4_text has 0 polygons
2026-08-23 19:26:36 +0200: Memory Usage (480336K) : isonwell_drw has 0 polygons
2026-08-23 19:26:36 +0200: Memory Usage (480336K) : Total no. of polygons in the design is 604
2026-08-23 19:26:36 +0200: Memory Usage (480336K) : Starting CMOS5L Forbidden Layer Check
2026-08-23 19:26:36 +0200: Memory Usage (480464K) : CMOS5L Forbidden Layer Check: PASSED - No forbidden layers found
2026-08-23 19:26:36 +0200: Memory Usage (480464K) : CMOS5L Forbidden Layer Check: PASSED
2026-08-23 19:26:36 +0200: Memory Usage (480464K) : Starting base layers derivations
2026-08-23 19:26:36 +0200: Memory Usage (480464K) : Starting general LVS derivations
2026-08-23 19:26:36 +0200: Memory Usage (485816K) : Starting MOSFET DERIVATIONS
2026-08-23 19:26:36 +0200: Memory Usage (487992K) : Starting NMOS DERIVATIONS
2026-08-23 19:26:36 +0200: Memory Usage (488120K) : Starting PMOS DERIVATIONS
2026-08-23 19:26:36 +0200: Memory Usage (488376K) : Starting RF-MOSFET DERIVATIONS
2026-08-23 19:26:36 +0200: Memory Usage (488376K) : Starting RF-NMOS DERIVATIONS
2026-08-23 19:26:36 +0200: Memory Usage (488632K) : Starting RF-PMOS DERIVATIONS
2026-08-23 19:26:36 +0200: Memory Usage (488888K) : Starting BJT DERIVATIONS
2026-08-23 19:26:36 +0200: Memory Usage (488888K) : Starting NPN-BJT DERIVATIONS
2026-08-23 19:26:36 +0200: Memory Usage (489272K) : Starting PNP-BJT DERIVATIONS
2026-08-23 19:26:36 +0200: Memory Usage (489272K) : Starting DIODE DERIVATIONS
2026-08-23 19:26:36 +0200: Memory Usage (489272K) : Starting RESISTOR DERIVATIONS
2026-08-23 19:26:36 +0200: Memory Usage (489656K) : Starting CAP DERIVATIONS
2026-08-23 19:26:36 +0200: Memory Usage (489656K) : Starting CAP_MFRINGE DERIVATIONS
2026-08-23 19:26:36 +0200: Memory Usage (489656K) : Starting ESD DERIVATIONS
2026-08-23 19:26:36 +0200: Memory Usage (489784K) : Starting Inductor DERIVATIONS
2026-08-23 19:26:36 +0200: Memory Usage (493112K) : Starting Taps DERIVATIONS
2026-08-23 19:26:37 +0200: Memory Usage (493624K) : Starting SG13G2 LVS connectivity setup
2026-08-23 19:26:37 +0200: Memory Usage (493624K) : Starting SG13G2 LVS connectivity setup (Inter-layer)
2026-08-23 19:26:37 +0200: Memory Usage (493752K) : Starting SG13G2 LVS connectivity setup (Global)
2026-08-23 19:26:37 +0200: Memory Usage (493752K) : Starting LVS MOSFET CONNECTIONS
2026-08-23 19:26:37 +0200: Memory Usage (493752K) : Starting LVS RF-MOSFET CONNECTIONS
2026-08-23 19:26:37 +0200: Memory Usage (493752K) : Starting LVS BJT CONNECTIONS
2026-08-23 19:26:37 +0200: Memory Usage (493752K) : Starting LVS DIODE CONNECTIONS
2026-08-23 19:26:37 +0200: Memory Usage (493752K) : Starting RESISTOR CONNECTIONS
2026-08-23 19:26:37 +0200: Memory Usage (493752K) : Starting LVS CAP CONNECTIONS
2026-08-23 19:26:37 +0200: Memory Usage (493752K) : Starting ESD CONNECTIONS
2026-08-23 19:26:37 +0200: Memory Usage (493752K) : Starting Inductor CONNECTIONS
2026-08-23 19:26:37 +0200: Memory Usage (493752K) : Starting LVS Taps CONNECTIONS
2026-08-23 19:26:37 +0200: Memory Usage (493752K) : Starting CAP_MFRINGE CONNECTIONS
2026-08-23 19:26:37 +0200: Memory Usage (493752K) : Starting SG13CMOS5L LVS DEVICES EXTRACTION
2026-08-23 19:26:37 +0200: Memory Usage (493752K) : Starting MOSFET EXTRACTION
2026-08-23 19:26:37 +0200: Memory Usage (493752K) : Starting NMOS EXTRACTION
2026-08-23 19:26:37 +0200: Memory Usage (493752K) : Extraction of NMOS-LV transistor
2026-08-23 19:26:37 +0200: Memory Usage (493880K) : Extraction of NMOS-HV transistor
2026-08-23 19:26:37 +0200: Memory Usage (493880K) : Starting PMOS EXTRACTION
2026-08-23 19:26:37 +0200: Memory Usage (493880K) : Extraction of PMOS-LV transistor
2026-08-23 19:26:37 +0200: Memory Usage (493880K) : Extraction of PMOS-HV transistor
2026-08-23 19:26:37 +0200: Memory Usage (493880K) : Starting RF-MOSFET EXTRACTION
2026-08-23 19:26:37 +0200: Memory Usage (493880K) : Extraction of RF-NMOS-LV transistor
2026-08-23 19:26:37 +0200: Memory Usage (493880K) : Extraction of RF-NMOS-HV transistor
2026-08-23 19:26:37 +0200: Memory Usage (493880K) : Extraction of RF-PMOS-LV transistor
2026-08-23 19:26:37 +0200: Memory Usage (493880K) : Extraction of RF-PMOS-HV transistor
2026-08-23 19:26:37 +0200: Memory Usage (493880K) : Starting BJT EXTRACTION
2026-08-23 19:26:37 +0200: Memory Usage (493880K) : Starting NPN-BJT EXTRACTION
2026-08-23 19:26:37 +0200: Memory Usage (493880K) : Extraction of npn13G2 BJT transistor
2026-08-23 19:26:37 +0200: Memory Usage (493880K) : Extraction of npn13G2L BJT transistor
2026-08-23 19:26:37 +0200: Memory Usage (493880K) : Extraction of npn13G2V BJT transistor
2026-08-23 19:26:37 +0200: Memory Usage (493880K) : Starting PNP-BJT EXTRACTION
2026-08-23 19:26:37 +0200: Memory Usage (493880K) : Extracting pnpMPA BJT
2026-08-23 19:26:37 +0200: Memory Usage (493880K) : Starting DIODE EXTRACTION
2026-08-23 19:26:37 +0200: Memory Usage (493880K) : Extracting dantenna diode
2026-08-23 19:26:37 +0200: Memory Usage (493880K) : Extracting dpantenna diode
2026-08-23 19:26:37 +0200: Memory Usage (493880K) : Extracting schottky_nbl1 diode
2026-08-23 19:26:37 +0200: Memory Usage (493880K) : Extracting isolbox diode
2026-08-23 19:26:37 +0200: Memory Usage (493880K) : Starting RESISTOR EXTRACTION
2026-08-23 19:26:37 +0200: Memory Usage (493880K) : Extracting rsil resistor
2026-08-23 19:26:37 +0200: Memory Usage (493880K) : Extracting rppd resistor
2026-08-23 19:26:37 +0200: Memory Usage (493880K) : Extracting rhigh resistor
2026-08-23 19:26:37 +0200: Memory Usage (493880K) : Extracting res_metal1 resistor
2026-08-23 19:26:37 +0200: Memory Usage (494056K) : Extracting res_metal2 resistor
2026-08-23 19:26:37 +0200: Memory Usage (494056K) : Extracting res_metal3 resistor
2026-08-23 19:26:37 +0200: Memory Usage (494056K) : Extracting res_metal4 resistor
2026-08-23 19:26:37 +0200: Memory Usage (494056K) : Extracting res_metal5 resistor
2026-08-23 19:26:37 +0200: Memory Usage (494056K) : Extracting res_topmetal1 resistor
2026-08-23 19:26:37 +0200: Memory Usage (494056K) : Extracting res_topmetal2 resistor
2026-08-23 19:26:37 +0200: Memory Usage (494056K) : Starting CAP EXTRACTION
2026-08-23 19:26:37 +0200: Memory Usage (494056K) : Extracting cap_cmim device
2026-08-23 19:26:37 +0200: Memory Usage (494056K) : Extracting rfcmim device
2026-08-23 19:26:37 +0200: Memory Usage (494056K) : Extracting sg13_hv_svaricap varactor
2026-08-23 19:26:37 +0200: Memory Usage (494056K) : Extracting cap_mfringe device
2026-08-23 19:26:37 +0200: Memory Usage (494056K) : Starting ESD EXTRACTION
2026-08-23 19:26:37 +0200: Memory Usage (494056K) : Extracting diodevdd_2kv ESD device
2026-08-23 19:26:37 +0200: Memory Usage (494056K) : Extracting diodevdd_4kv ESD device
2026-08-23 19:26:37 +0200: Memory Usage (494056K) : Extracting diodevss_2kv ESD device
2026-08-23 19:26:37 +0200: Memory Usage (494056K) : Extracting diodevss_4kv ESD device
2026-08-23 19:26:37 +0200: Memory Usage (494056K) : Extracting idiodevdd_2kv ESD device
2026-08-23 19:26:37 +0200: Memory Usage (494056K) : Extracting idiodevdd_4kv ESD device
2026-08-23 19:26:37 +0200: Memory Usage (494056K) : Extracting idiodevss_2kv ESD device
2026-08-23 19:26:37 +0200: Memory Usage (494056K) : Extracting idiodevss_4kv ESD device
2026-08-23 19:26:37 +0200: Memory Usage (494056K) : Extracting nmoscl_2 ESD device
2026-08-23 19:26:37 +0200: Memory Usage (494056K) : Extracting nmoscl_4 ESD device
2026-08-23 19:26:37 +0200: Memory Usage (494056K) : Starting Inductor EXTRACTION
2026-08-23 19:26:37 +0200: Memory Usage (494056K) : Extracting Inductor2 device
2026-08-23 19:26:37 +0200: Memory Usage (494056K) : Extracting Inductor3 device
2026-08-23 19:26:37 +0200: Memory Usage (494056K) : Starting Taps EXTRACTION
2026-08-23 19:26:37 +0200: Memory Usage (494056K) : DISABLE_TAP_EXTRACTION is enabled: skipping ntap1/ptap1 device extraction.
2026-08-23 19:26:37 +0200: Memory Usage (494056K) : Starting SG13CMOS5L LVS RF MOS Model Mapping
2026-08-23 19:26:37 +0200: Memory Usage (494056K) : [layout_netlist] Apply RF MOS model mapping and rfmode parameter.
2026-08-23 19:26:37 +0200: Memory Usage (494056K) : Starting SG13CMOS5L LVS Options Preparations
2026-08-23 19:26:37 +0200: Memory Usage (494056K) : SG13CMOS5L LVS flow: extraction -> alignment -> option preparation -> comparison.
2026-08-23 19:26:37 +0200: Memory Usage (494056K) : Starting SG13CMOS5L LVS Alignment
2026-08-23 19:26:37 +0200: Memory Usage (494056K) : Starting SG13CMOS5L LVS Simplification
2026-08-23 19:26:37 +0200: Memory Usage (494056K) : [layout_netlist] simplify: ENABLED
2026-08-23 19:26:37 +0200: Memory Usage (494056K) : [layout_netlist] make_top_level_pins: SKIPPED
2026-08-23 19:26:37 +0200: Memory Usage (494056K) : [layout_netlist] combine_devices: SKIPPED
2026-08-23 19:26:37 +0200: Memory Usage (494056K) : [layout_netlist] purge: SKIPPED
2026-08-23 19:26:37 +0200: Memory Usage (494056K) : [layout_netlist] purge_nets: SKIPPED
2026-08-23 19:26:37 +0200: Memory Usage (494056K) : [schematic_netlist] simplify: ENABLED
2026-08-23 19:26:37 +0200: Memory Usage (494056K) : [schematic_netlist] make_top_level_pins: SKIPPED
2026-08-23 19:26:37 +0200: Memory Usage (494056K) : [schematic_netlist] combine_devices: SKIPPED
2026-08-23 19:26:37 +0200: Memory Usage (494056K) : [schematic_netlist] purge: SKIPPED
2026-08-23 19:26:37 +0200: Memory Usage (494056K) : [schematic_netlist] purge_nets: SKIPPED
2026-08-23 19:26:37 +0200: Memory Usage (494056K) : Starting SG13CMOS5L LVS Comparison in strict port mode.
2026-08-23 19:26:37 +0200: Memory Usage (494056K) : flag_missing_ports enabled: missing/mislabeled top-level ports are treated as errors.
2026-08-23 19:26:37 +0200: Memory Usage (494184K) : ==========================================
2026-08-23 19:26:37 +0200: Memory Usage (494184K) : INFO : Congratulations! Netlists match.
2026-08-23 19:26:37 +0200: Memory Usage (494184K) : ==========================================
2026-08-23 19:26:37 +0200: Memory Usage (494184K) : LVS Total Run time 1.130232 seconds
2026-08-23 19:30:34 +0200: Memory Usage (457840K) : Starting running SG13CMOS5L Klayout LVS runset on /foss/designs/CHIP-PLL/layout/CP/vbias/vbias.gds
2026-08-23 19:30:34 +0200: Memory Usage (457840K) : Ruby Version for klayout: 3.2.3
2026-08-23 19:30:34 +0200: Memory Usage (459316K) : Loading database to memory is complete.
2026-08-23 19:30:34 +0200: Memory Usage (459316K) : SG13CMOS5L Klayout LVS runset output at: /foss/designs/CHIP-PLL/layout/CP/lvs/vbias.lvsdb
2026-08-23 19:30:34 +0200: Memory Usage (459316K) : Evaluate switches.
2026-08-23 19:30:34 +0200: Memory Usage (459316K) : Extracted netlist with net names: true
2026-08-23 19:30:34 +0200: Memory Usage (459316K) : Extracted netlist with comments in details: false
2026-08-23 19:30:34 +0200: Memory Usage (459316K) : Selected NET_ONLY option: false
2026-08-23 19:30:34 +0200: Memory Usage (459316K) : Selected LAYOUT_NETLIST option: (none)
2026-08-23 19:30:34 +0200: Memory Usage (459316K) : Selected IGNORE_TOP_PORTS_MISMATCH option: 
2026-08-23 19:30:34 +0200: Memory Usage (459316K) : Selected IMPLICIT_NETS option: (none)
2026-08-23 19:30:34 +0200: Memory Usage (459316K) : Selected TOP_LVL_PINS option: false
2026-08-23 19:30:34 +0200: Memory Usage (459316K) : Selected COMBINE DEVICES option: false
2026-08-23 19:30:34 +0200: Memory Usage (459316K) : Selected PURGE option: false
2026-08-23 19:30:34 +0200: Memory Usage (459316K) : Selected PURGE_NETS option: false
2026-08-23 19:30:34 +0200: Memory Usage (459316K) : Selected SIMPLIFY option: true
2026-08-23 19:30:34 +0200: Memory Usage (459316K) : Selected SERIES_RES option: true
2026-08-23 19:30:34 +0200: Memory Usage (459316K) : Selected PARALLEL_RES option: true
2026-08-23 19:30:34 +0200: Memory Usage (459316K) : Selected DISABLE_TAP_EXTRACTION option: true
2026-08-23 19:30:34 +0200: Memory Usage (459316K) : deep  mode is enabled.
2026-08-23 19:30:34 +0200: Memory Usage (459620K) : Netlist file: /foss/designs/CHIP-PLL/layout/CP/netlists/vbias.spice
2026-08-23 19:30:34 +0200: Memory Usage (459620K) : LVS extracted netlist at: /foss/designs/CHIP-PLL/layout/CP/lvs/vbias_extracted.cir
2026-08-23 19:30:34 +0200: Memory Usage (459620K) : Applying SRAM integration support.
2026-08-23 19:30:34 +0200: Memory Usage (459620K) : Starting SG13CMOS5L LVS runset
2026-08-23 19:30:34 +0200: Memory Usage (459620K) : Read in polygons from layers.
2026-08-23 19:30:34 +0200: Memory Usage (460460K) : activ_drw has 43 polygons
2026-08-23 19:30:34 +0200: Memory Usage (460460K) : activ_filler has 0 polygons
2026-08-23 19:30:34 +0200: Memory Usage (460636K) : activ has 43 polygons
2026-08-23 19:30:34 +0200: Memory Usage (460636K) : activ_pin has 0 polygons
2026-08-23 19:30:34 +0200: Memory Usage (460764K) : activ_mask has 0 polygons
2026-08-23 19:30:34 +0200: Memory Usage (460764K) : activ_nofill has 0 polygons
2026-08-23 19:30:34 +0200: Memory Usage (460764K) : activ_OPC has 0 polygons
2026-08-23 19:30:34 +0200: Memory Usage (460764K) : activ_iOPC has 0 polygons
2026-08-23 19:30:34 +0200: Memory Usage (460764K) : activ_noqrc has 0 polygons
2026-08-23 19:30:34 +0200: Memory Usage (460764K) : biwind_drw has 0 polygons
2026-08-23 19:30:34 +0200: Memory Usage (460764K) : biwind_OPC has 0 polygons
2026-08-23 19:30:34 +0200: Memory Usage (460764K) : gatpoly_drw has 39 polygons
2026-08-23 19:30:34 +0200: Memory Usage (460764K) : gatpoly_filler has 0 polygons
2026-08-23 19:30:34 +0200: Memory Usage (460764K) : gatpoly has 39 polygons
2026-08-23 19:30:34 +0200: Memory Usage (460764K) : gatpoly_pin has 9 polygons
2026-08-23 19:30:34 +0200: Memory Usage (460764K) : gatpoly_nofill has 0 polygons
2026-08-23 19:30:34 +0200: Memory Usage (460764K) : gatpoly_OPC has 0 polygons
2026-08-23 19:30:34 +0200: Memory Usage (460764K) : gatpoly_iOPC has 0 polygons
2026-08-23 19:30:34 +0200: Memory Usage (460764K) : gatpoly_noqrc has 0 polygons
2026-08-23 19:30:34 +0200: Memory Usage (460764K) : cont_drw has 182 polygons
2026-08-23 19:30:34 +0200: Memory Usage (460892K) : cont_OPC has 0 polygons
2026-08-23 19:30:34 +0200: Memory Usage (460892K) : nsd_drw has 0 polygons
2026-08-23 19:30:34 +0200: Memory Usage (461020K) : nsd_block has 0 polygons
2026-08-23 19:30:34 +0200: Memory Usage (461340K) : metal1_drw has 125 polygons
2026-08-23 19:30:34 +0200: Memory Usage (461468K) : metal1_filler has 0 polygons
2026-08-23 19:30:34 +0200: Memory Usage (461468K) : metal1_slit has 0 polygons
2026-08-23 19:30:34 +0200: Memory Usage (462108K) : metal1 has 125 polygons
2026-08-23 19:30:34 +0200: Memory Usage (462108K) : metal1_pin has 32 polygons
2026-08-23 19:30:34 +0200: Memory Usage (462108K) : metal1_mask has 0 polygons
2026-08-23 19:30:34 +0200: Memory Usage (462236K) : metal1_nofill has 0 polygons
2026-08-23 19:30:34 +0200: Memory Usage (462364K) : metal1_text has 4 polygons
2026-08-23 19:30:34 +0200: Memory Usage (462364K) : metal1_OPC has 0 polygons
2026-08-23 19:30:34 +0200: Memory Usage (462364K) : metal1_noqrc has 0 polygons
2026-08-23 19:30:34 +0200: Memory Usage (462492K) : metal1_res has 0 polygons
2026-08-23 19:30:34 +0200: Memory Usage (462492K) : metal1_iprobe has 0 polygons
2026-08-23 19:30:34 +0200: Memory Usage (462620K) : metal1_diffprb has 0 polygons
2026-08-23 19:30:34 +0200: Memory Usage (462620K) : passiv_drw has 0 polygons
2026-08-23 19:30:34 +0200: Memory Usage (462748K) : passiv_pin has 0 polygons
2026-08-23 19:30:34 +0200: Memory Usage (462748K) : passiv_sbump has 0 polygons
2026-08-23 19:30:34 +0200: Memory Usage (462876K) : passiv_pillar has 0 polygons
2026-08-23 19:30:34 +0200: Memory Usage (462876K) : passiv_pdl has 0 polygons
2026-08-23 19:30:34 +0200: Memory Usage (463004K) : metal2_drw has 39 polygons
2026-08-23 19:30:34 +0200: Memory Usage (463132K) : metal2_filler has 0 polygons
2026-08-23 19:30:34 +0200: Memory Usage (463132K) : metal2_slit has 0 polygons
2026-08-23 19:30:34 +0200: Memory Usage (463260K) : metal2 has 39 polygons
2026-08-23 19:30:34 +0200: Memory Usage (463388K) : metal2_pin has 2 polygons
2026-08-23 19:30:34 +0200: Memory Usage (463388K) : metal2_mask has 0 polygons
2026-08-23 19:30:34 +0200: Memory Usage (463516K) : metal2_nofill has 0 polygons
2026-08-23 19:30:34 +0200: Memory Usage (463516K) : metal2_text has 2 polygons
2026-08-23 19:30:34 +0200: Memory Usage (463644K) : metal2_OPC has 0 polygons
2026-08-23 19:30:34 +0200: Memory Usage (463644K) : metal2_noqrc has 0 polygons
2026-08-23 19:30:34 +0200: Memory Usage (463772K) : metal2_res has 0 polygons
2026-08-23 19:30:34 +0200: Memory Usage (463772K) : metal2_iprobe has 0 polygons
2026-08-23 19:30:34 +0200: Memory Usage (463900K) : metal2_diffprb has 0 polygons
2026-08-23 19:30:34 +0200: Memory Usage (464028K) : baspoly_drw has 0 polygons
2026-08-23 19:30:34 +0200: Memory Usage (464156K) : baspoly_pin has 0 polygons
2026-08-23 19:30:34 +0200: Memory Usage (464156K) : psd_drw has 12 polygons
2026-08-23 19:30:34 +0200: Memory Usage (464284K) : nldb_drw has 0 polygons
2026-08-23 19:30:34 +0200: Memory Usage (464284K) : digibnd_drw has 0 polygons
2026-08-23 19:30:34 +0200: Memory Usage (464412K) : via1_drw has 28 polygons
2026-08-23 19:30:34 +0200: Memory Usage (464412K) : backmetal1_drw has 0 polygons
2026-08-23 19:30:34 +0200: Memory Usage (464540K) : backmetal1_pin has 0 polygons
2026-08-23 19:30:34 +0200: Memory Usage (464540K) : backmetal1_mask has 0 polygons
2026-08-23 19:30:34 +0200: Memory Usage (464668K) : backmetal1_filler has 0 polygons
2026-08-23 19:30:34 +0200: Memory Usage (464796K) : backmetal1_nofill has 0 polygons
2026-08-23 19:30:34 +0200: Memory Usage (464924K) : backmetal1_slit has 0 polygons
2026-08-23 19:30:34 +0200: Memory Usage (464924K) : backmetal1_text has 0 polygons
2026-08-23 19:30:34 +0200: Memory Usage (465052K) : backmetal1_OPC has 0 polygons
2026-08-23 19:30:34 +0200: Memory Usage (465052K) : backmetal1_noqrc has 0 polygons
2026-08-23 19:30:34 +0200: Memory Usage (465180K) : backmetal1_res has 0 polygons
2026-08-23 19:30:34 +0200: Memory Usage (465180K) : backmetal1_iprobe has 0 polygons
2026-08-23 19:30:34 +0200: Memory Usage (465308K) : backmetal1_diffprb has 0 polygons
2026-08-23 19:30:34 +0200: Memory Usage (465308K) : backpassiv_drw has 0 polygons
2026-08-23 19:30:34 +0200: Memory Usage (465436K) : res_drw has 0 polygons
2026-08-23 19:30:34 +0200: Memory Usage (465436K) : sram_drw has 0 polygons
2026-08-23 19:30:34 +0200: Memory Usage (465564K) : trans_drw has 0 polygons
2026-08-23 19:30:34 +0200: Memory Usage (465692K) : ind_drw has 0 polygons
2026-08-23 19:30:34 +0200: Memory Usage (465692K) : ind_pin has 0 polygons
2026-08-23 19:30:34 +0200: Memory Usage (465820K) : ind_text has 0 polygons
2026-08-23 19:30:34 +0200: Memory Usage (465820K) : salblock_drw has 2 polygons
2026-08-23 19:30:34 +0200: Memory Usage (465948K) : via2_drw has 16 polygons
2026-08-23 19:30:34 +0200: Memory Usage (466076K) : metal3_drw has 14 polygons
2026-08-23 19:30:34 +0200: Memory Usage (466204K) : metal3_filler has 0 polygons
2026-08-23 19:30:34 +0200: Memory Usage (466204K) : metal3_slit has 0 polygons
2026-08-23 19:30:34 +0200: Memory Usage (466332K) : metal3 has 14 polygons
2026-08-23 19:30:34 +0200: Memory Usage (466460K) : metal3_pin has 0 polygons
2026-08-23 19:30:34 +0200: Memory Usage (466460K) : metal3_mask has 0 polygons
2026-08-23 19:30:34 +0200: Memory Usage (466588K) : metal3_nofill has 0 polygons
2026-08-23 19:30:34 +0200: Memory Usage (466588K) : metal3_text has 0 polygons
2026-08-23 19:30:34 +0200: Memory Usage (466716K) : metal3_OPC has 0 polygons
2026-08-23 19:30:34 +0200: Memory Usage (466844K) : metal3_noqrc has 0 polygons
2026-08-23 19:30:34 +0200: Memory Usage (466844K) : metal3_res has 0 polygons
2026-08-23 19:30:34 +0200: Memory Usage (466844K) : metal3_iprobe has 0 polygons
2026-08-23 19:30:34 +0200: Memory Usage (466844K) : metal3_diffprb has 0 polygons
2026-08-23 19:30:34 +0200: Memory Usage (466972K) : nwell_drw has 11 polygons
2026-08-23 19:30:34 +0200: Memory Usage (466972K) : nwell_pin has 2 polygons
2026-08-23 19:30:34 +0200: Memory Usage (466972K) : nwell_text has 0 polygons
2026-08-23 19:30:34 +0200: Memory Usage (467100K) : nbulay_drw has 0 polygons
2026-08-23 19:30:34 +0200: Memory Usage (467100K) : nbulay_pin has 0 polygons
2026-08-23 19:30:34 +0200: Memory Usage (467100K) : nbulay_block has 0 polygons
2026-08-23 19:30:34 +0200: Memory Usage (467100K) : emwind_drw has 0 polygons
2026-08-23 19:30:34 +0200: Memory Usage (467228K) : emwind_OPC has 0 polygons
2026-08-23 19:30:34 +0200: Memory Usage (467228K) : deepco_drw has 0 polygons
2026-08-23 19:30:34 +0200: Memory Usage (467228K) : mim_drw has 0 polygons
2026-08-23 19:30:34 +0200: Memory Usage (467356K) : edgeseal_drw has 0 polygons
2026-08-23 19:30:34 +0200: Memory Usage (467356K) : substrate_drw has 6 polygons
2026-08-23 19:30:34 +0200: Memory Usage (467484K) : substrate_text has 0 polygons
2026-08-23 19:30:34 +0200: Memory Usage (467484K) : dfpad_drw has 0 polygons
2026-08-23 19:30:34 +0200: Memory Usage (467612K) : dfpad_pillar has 0 polygons
2026-08-23 19:30:34 +0200: Memory Usage (467612K) : dfpad_sbump has 0 polygons
2026-08-23 19:30:34 +0200: Memory Usage (467740K) : thickgateox_drw has 0 polygons
2026-08-23 19:30:34 +0200: Memory Usage (467740K) : pldb_drw has 0 polygons
2026-08-23 19:30:34 +0200: Memory Usage (467868K) : pwell_drw has 0 polygons
2026-08-23 19:30:34 +0200: Memory Usage (467868K) : pwell_pin has 0 polygons
2026-08-23 19:30:34 +0200: Memory Usage (467996K) : pwell_block has 0 polygons
2026-08-23 19:30:34 +0200: Memory Usage (467996K) : ic_drw has 0 polygons
2026-08-23 19:30:34 +0200: Memory Usage (468124K) : via3_drw has 0 polygons
2026-08-23 19:30:34 +0200: Memory Usage (468252K) : metal4_drw has 0 polygons
2026-08-23 19:30:34 +0200: Memory Usage (468252K) : metal4_filler has 0 polygons
2026-08-23 19:30:34 +0200: Memory Usage (468380K) : metal4_slit has 0 polygons
2026-08-23 19:30:34 +0200: Memory Usage (468508K) : metal4 has 0 polygons
2026-08-23 19:30:34 +0200: Memory Usage (468508K) : metal4_pin has 0 polygons
2026-08-23 19:30:34 +0200: Memory Usage (468636K) : metal4_mask has 0 polygons
2026-08-23 19:30:34 +0200: Memory Usage (468636K) : metal4_nofill has 0 polygons
2026-08-23 19:30:34 +0200: Memory Usage (468764K) : metal4_text has 0 polygons
2026-08-23 19:30:34 +0200: Memory Usage (468764K) : metal4_OPC has 0 polygons
2026-08-23 19:30:34 +0200: Memory Usage (468892K) : metal4_noqrc has 0 polygons
2026-08-23 19:30:34 +0200: Memory Usage (468892K) : metal4_res has 0 polygons
2026-08-23 19:30:34 +0200: Memory Usage (469020K) : metal4_iprobe has 0 polygons
2026-08-23 19:30:34 +0200: Memory Usage (469148K) : metal4_diffprb has 0 polygons
2026-08-23 19:30:34 +0200: Memory Usage (469148K) : heattrans_drw has 13 polygons
2026-08-23 19:30:34 +0200: Memory Usage (469276K) : heatres_drw has 2 polygons
2026-08-23 19:30:34 +0200: Memory Usage (469276K) : fbe_drw has 0 polygons
2026-08-23 19:30:34 +0200: Memory Usage (469404K) : empoly_drw has 0 polygons
2026-08-23 19:30:34 +0200: Memory Usage (469404K) : digisub_drw has 0 polygons
2026-08-23 19:30:34 +0200: Memory Usage (469404K) : text_drw has 19 polygons
2026-08-23 19:30:34 +0200: Memory Usage (469404K) : via4_drw has 0 polygons
2026-08-23 19:30:34 +0200: Memory Usage (469532K) : metal5_drw has 0 polygons
2026-08-23 19:30:34 +0200: Memory Usage (469532K) : metal5_filler has 0 polygons
2026-08-23 19:30:34 +0200: Memory Usage (469532K) : metal5_slit has 0 polygons
2026-08-23 19:30:34 +0200: Memory Usage (469660K) : metal5 has 0 polygons
2026-08-23 19:30:34 +0200: Memory Usage (469788K) : metal5_pin has 0 polygons
2026-08-23 19:30:34 +0200: Memory Usage (469788K) : metal5_mask has 0 polygons
2026-08-23 19:30:34 +0200: Memory Usage (469916K) : metal5_nofill has 0 polygons
2026-08-23 19:30:34 +0200: Memory Usage (470044K) : metal5_text has 0 polygons
2026-08-23 19:30:34 +0200: Memory Usage (470044K) : metal5_OPC has 0 polygons
2026-08-23 19:30:34 +0200: Memory Usage (470172K) : metal5_noqrc has 0 polygons
2026-08-23 19:30:34 +0200: Memory Usage (470172K) : metal5_res has 0 polygons
2026-08-23 19:30:34 +0200: Memory Usage (470300K) : metal5_iprobe has 0 polygons
2026-08-23 19:30:34 +0200: Memory Usage (470300K) : metal5_diffprb has 0 polygons
2026-08-23 19:30:34 +0200: Memory Usage (470428K) : radhard_drw has 0 polygons
2026-08-23 19:30:34 +0200: Memory Usage (470428K) : memcap_drw has 0 polygons
2026-08-23 19:30:34 +0200: Memory Usage (470556K) : varicap_drw has 0 polygons
2026-08-23 19:30:34 +0200: Memory Usage (470556K) : intbondvia_drw has 0 polygons
2026-08-23 19:30:34 +0200: Memory Usage (470684K) : intbondmet_drw has 0 polygons
2026-08-23 19:30:34 +0200: Memory Usage (470812K) : devbondvia_drw has 0 polygons
2026-08-23 19:30:34 +0200: Memory Usage (470812K) : devbondmet_drw has 0 polygons
2026-08-23 19:30:34 +0200: Memory Usage (470940K) : devtrench_drw has 0 polygons
2026-08-23 19:30:34 +0200: Memory Usage (470940K) : redist_drw has 0 polygons
2026-08-23 19:30:34 +0200: Memory Usage (471068K) : graphbot_drw has 0 polygons
2026-08-23 19:30:34 +0200: Memory Usage (471068K) : graphtop_drw has 0 polygons
2026-08-23 19:30:34 +0200: Memory Usage (471196K) : antvia1_drw has 0 polygons
2026-08-23 19:30:34 +0200: Memory Usage (471196K) : antmetal2_drw has 0 polygons
2026-08-23 19:30:34 +0200: Memory Usage (471324K) : graphcont_drw has 0 polygons
2026-08-23 19:30:34 +0200: Memory Usage (471324K) : siwg_drw has 0 polygons
2026-08-23 19:30:34 +0200: Memory Usage (471452K) : siwg_filler has 0 polygons
2026-08-23 19:30:34 +0200: Memory Usage (471580K) : siwg_nofill has 0 polygons
2026-08-23 19:30:34 +0200: Memory Usage (471580K) : sigrating_drw has 0 polygons
2026-08-23 19:30:34 +0200: Memory Usage (471580K) : singrating_drw has 0 polygons
2026-08-23 19:30:34 +0200: Memory Usage (471580K) : graphpas_drw has 0 polygons
2026-08-23 19:30:34 +0200: Memory Usage (471708K) : emwind3_drw has 0 polygons
2026-08-23 19:30:34 +0200: Memory Usage (471708K) : emwihv3_drw has 0 polygons
2026-08-23 19:30:34 +0200: Memory Usage (471708K) : redbulay_drw has 0 polygons
2026-08-23 19:30:34 +0200: Memory Usage (471836K) : smos_drw has 0 polygons
2026-08-23 19:30:34 +0200: Memory Usage (471836K) : graphpad_drw has 0 polygons
2026-08-23 19:30:34 +0200: Memory Usage (471836K) : polimide_drw has 0 polygons
2026-08-23 19:30:34 +0200: Memory Usage (471964K) : polimide_pin has 0 polygons
2026-08-23 19:30:34 +0200: Memory Usage (471964K) : recog_drw has 0 polygons
2026-08-23 19:30:34 +0200: Memory Usage (472092K) : recog_pin has 0 polygons
2026-08-23 19:30:34 +0200: Memory Usage (472092K) : recog_esd has 0 polygons
2026-08-23 19:30:34 +0200: Memory Usage (472220K) : recog_diode has 0 polygons
2026-08-23 19:30:34 +0200: Memory Usage (472220K) : recog_tsv has 0 polygons
2026-08-23 19:30:34 +0200: Memory Usage (472348K) : recog_iprobe has 0 polygons
2026-08-23 19:30:34 +0200: Memory Usage (472476K) : recog_diffprb has 0 polygons
2026-08-23 19:30:34 +0200: Memory Usage (472476K) : recog_pillar has 0 polygons
2026-08-23 19:30:34 +0200: Memory Usage (472604K) : recog_sbump has 0 polygons
2026-08-23 19:30:34 +0200: Memory Usage (472604K) : recog_otp has 0 polygons
2026-08-23 19:30:34 +0200: Memory Usage (472732K) : recog_pdiode has 0 polygons
2026-08-23 19:30:34 +0200: Memory Usage (472732K) : recog_mom has 0 polygons
2026-08-23 19:30:34 +0200: Memory Usage (472860K) : recog_pcm has 0 polygons
2026-08-23 19:30:34 +0200: Memory Usage (472860K) : colopen_drw has 0 polygons
2026-08-23 19:30:34 +0200: Memory Usage (472988K) : graphmetal1_drw has 0 polygons
2026-08-23 19:30:34 +0200: Memory Usage (472988K) : graphmetal1_filler has 0 polygons
2026-08-23 19:30:34 +0200: Memory Usage (473116K) : graphmetal1_nofill has 0 polygons
2026-08-23 19:30:34 +0200: Memory Usage (473244K) : graphmetal1_slit has 0 polygons
2026-08-23 19:30:34 +0200: Memory Usage (473244K) : graphmetal1_OPC has 0 polygons
2026-08-23 19:30:34 +0200: Memory Usage (473372K) : graphmet1l_drw has 0 polygons
2026-08-23 19:30:34 +0200: Memory Usage (473372K) : graphmet1l_filler has 0 polygons
2026-08-23 19:30:34 +0200: Memory Usage (473500K) : graphmet1l_nofill has 0 polygons
2026-08-23 19:30:34 +0200: Memory Usage (473500K) : graphmet1l_slit has 0 polygons
2026-08-23 19:30:34 +0200: Memory Usage (473628K) : graphmet1l_OPC has 0 polygons
2026-08-23 19:30:34 +0200: Memory Usage (473628K) : extblock_drw has 6 polygons
2026-08-23 19:30:34 +0200: Memory Usage (473756K) : nldd_drw has 0 polygons
2026-08-23 19:30:34 +0200: Memory Usage (473884K) : pldd_drw has 0 polygons
2026-08-23 19:30:34 +0200: Memory Usage (473884K) : next_drw has 0 polygons
2026-08-23 19:30:34 +0200: Memory Usage (474012K) : pext_drw has 0 polygons
2026-08-23 19:30:34 +0200: Memory Usage (474012K) : nexthv_drw has 0 polygons
2026-08-23 19:30:34 +0200: Memory Usage (474140K) : pexthv_drw has 0 polygons
2026-08-23 19:30:34 +0200: Memory Usage (474140K) : graphgate_drw has 0 polygons
2026-08-23 19:30:34 +0200: Memory Usage (474140K) : sinwg_drw has 0 polygons
2026-08-23 19:30:34 +0200: Memory Usage (474140K) : sinwg_filler has 0 polygons
2026-08-23 19:30:34 +0200: Memory Usage (474140K) : sinwg_nofill has 0 polygons
2026-08-23 19:30:34 +0200: Memory Usage (474140K) : mempad_drw has 0 polygons
2026-08-23 19:30:34 +0200: Memory Usage (474140K) : topvia1_drw has 0 polygons
2026-08-23 19:30:34 +0200: Memory Usage (474268K) : topmetal1_drw has 0 polygons
2026-08-23 19:30:34 +0200: Memory Usage (474268K) : topmetal1_filler has 0 polygons
2026-08-23 19:30:34 +0200: Memory Usage (474396K) : topmetal1_slit has 0 polygons
2026-08-23 19:30:34 +0200: Memory Usage (474524K) : topmetal1 has 0 polygons
2026-08-23 19:30:34 +0200: Memory Usage (474524K) : topmetal1_pin has 0 polygons
2026-08-23 19:30:34 +0200: Memory Usage (474652K) : topmetal1_mask has 0 polygons
2026-08-23 19:30:34 +0200: Memory Usage (474780K) : topmetal1_nofill has 0 polygons
2026-08-23 19:30:34 +0200: Memory Usage (474780K) : topmetal1_text has 0 polygons
2026-08-23 19:30:34 +0200: Memory Usage (474908K) : topmetal1_noqrc has 0 polygons
2026-08-23 19:30:34 +0200: Memory Usage (474908K) : topmetal1_res has 0 polygons
2026-08-23 19:30:34 +0200: Memory Usage (475036K) : topmetal1_iprobe has 0 polygons
2026-08-23 19:30:34 +0200: Memory Usage (475036K) : topmetal1_diffprb has 0 polygons
2026-08-23 19:30:34 +0200: Memory Usage (475164K) : inldpwl_drw has 0 polygons
2026-08-23 19:30:34 +0200: Memory Usage (475164K) : polyres_drw has 2 polygons
2026-08-23 19:30:34 +0200: Memory Usage (475292K) : polyres_pin has 0 polygons
2026-08-23 19:30:34 +0200: Memory Usage (475292K) : vmim_drw has 0 polygons
2026-08-23 19:30:34 +0200: Memory Usage (475420K) : nbulaycut_drw has 0 polygons
2026-08-23 19:30:34 +0200: Memory Usage (475548K) : antmetal1_drw has 0 polygons
2026-08-23 19:30:34 +0200: Memory Usage (475548K) : topvia2_drw has 0 polygons
2026-08-23 19:30:34 +0200: Memory Usage (475676K) : topmetal2_drw has 0 polygons
2026-08-23 19:30:34 +0200: Memory Usage (475676K) : topmetal2_filler has 0 polygons
2026-08-23 19:30:34 +0200: Memory Usage (475804K) : topmetal2_slit has 0 polygons
2026-08-23 19:30:34 +0200: Memory Usage (475932K) : topmetal2 has 0 polygons
2026-08-23 19:30:34 +0200: Memory Usage (475932K) : topmetal2_pin has 0 polygons
2026-08-23 19:30:34 +0200: Memory Usage (476060K) : topmetal2_mask has 0 polygons
2026-08-23 19:30:34 +0200: Memory Usage (476060K) : topmetal2_nofill has 0 polygons
2026-08-23 19:30:34 +0200: Memory Usage (476188K) : topmetal2_text has 0 polygons
2026-08-23 19:30:34 +0200: Memory Usage (476188K) : topmetal2_noqrc has 0 polygons
2026-08-23 19:30:34 +0200: Memory Usage (476316K) : topmetal2_res has 0 polygons
2026-08-23 19:30:34 +0200: Memory Usage (476316K) : topmetal2_iprobe has 0 polygons
2026-08-23 19:30:34 +0200: Memory Usage (476444K) : topmetal2_diffprb has 0 polygons
2026-08-23 19:30:34 +0200: Memory Usage (476572K) : snsring_drw has 0 polygons
2026-08-23 19:30:34 +0200: Memory Usage (476572K) : sensor_drw has 0 polygons
2026-08-23 19:30:34 +0200: Memory Usage (476700K) : snsarms_drw has 0 polygons
2026-08-23 19:30:34 +0200: Memory Usage (476700K) : snscmosvia_drw has 0 polygons
2026-08-23 19:30:34 +0200: Memory Usage (476828K) : colwind_drw has 0 polygons
2026-08-23 19:30:34 +0200: Memory Usage (476828K) : flm_drw has 0 polygons
2026-08-23 19:30:34 +0200: Memory Usage (476956K) : hafniumox_drw has 0 polygons
2026-08-23 19:30:34 +0200: Memory Usage (477084K) : memvia_drw has 0 polygons
2026-08-23 19:30:34 +0200: Memory Usage (477084K) : thinfilmres_drw has 0 polygons
2026-08-23 19:30:34 +0200: Memory Usage (477212K) : rfmem_drw has 0 polygons
2026-08-23 19:30:34 +0200: Memory Usage (477212K) : norcx_drw has 0 polygons
2026-08-23 19:30:34 +0200: Memory Usage (477340K) : norcx_m2m3 has 0 polygons
2026-08-23 19:30:34 +0200: Memory Usage (477340K) : norcx_m2m4 has 0 polygons
2026-08-23 19:30:34 +0200: Memory Usage (477468K) : norcx_m2m5 has 0 polygons
2026-08-23 19:30:34 +0200: Memory Usage (477468K) : norcx_m2tm1 has 0 polygons
2026-08-23 19:30:34 +0200: Memory Usage (477596K) : norcx_m2tm2 has 0 polygons
2026-08-23 19:30:34 +0200: Memory Usage (477596K) : norcx_m3m4 has 0 polygons
2026-08-23 19:30:34 +0200: Memory Usage (477724K) : norcx_m3m5 has 0 polygons
2026-08-23 19:30:34 +0200: Memory Usage (477852K) : norcx_m3tm1 has 0 polygons
2026-08-23 19:30:34 +0200: Memory Usage (477852K) : norcx_m3tm2 has 0 polygons
2026-08-23 19:30:34 +0200: Memory Usage (477980K) : norcx_m4m5 has 0 polygons
2026-08-23 19:30:34 +0200: Memory Usage (477980K) : norcx_m4tm1 has 0 polygons
2026-08-23 19:30:34 +0200: Memory Usage (478108K) : norcx_m4tm2 has 0 polygons
2026-08-23 19:30:34 +0200: Memory Usage (478108K) : norcx_m5tm1 has 0 polygons
2026-08-23 19:30:34 +0200: Memory Usage (478236K) : norcx_m5tm2 has 0 polygons
2026-08-23 19:30:34 +0200: Memory Usage (478236K) : norcx_tm1tm2 has 0 polygons
2026-08-23 19:30:34 +0200: Memory Usage (478364K) : norcx_m1sub has 0 polygons
2026-08-23 19:30:34 +0200: Memory Usage (478364K) : norcx_m2sub has 0 polygons
2026-08-23 19:30:34 +0200: Memory Usage (478492K) : norcx_m3sub has 0 polygons
2026-08-23 19:30:34 +0200: Memory Usage (478620K) : norcx_m4sub has 0 polygons
2026-08-23 19:30:34 +0200: Memory Usage (478620K) : norcx_m5sub has 0 polygons
2026-08-23 19:30:34 +0200: Memory Usage (478748K) : norcx_tm1sub has 0 polygons
2026-08-23 19:30:34 +0200: Memory Usage (478748K) : norcx_tm2sub has 0 polygons
2026-08-23 19:30:34 +0200: Memory Usage (478876K) : snsbotvia_drw has 0 polygons
2026-08-23 19:30:34 +0200: Memory Usage (478876K) : snstopvia_drw has 0 polygons
2026-08-23 19:30:34 +0200: Memory Usage (479004K) : deepvia_drw has 0 polygons
2026-08-23 19:30:34 +0200: Memory Usage (479004K) : fgetch_drw has 0 polygons
2026-08-23 19:30:34 +0200: Memory Usage (479132K) : ctrgat_drw has 0 polygons
2026-08-23 19:30:34 +0200: Memory Usage (479260K) : fgimp_drw has 0 polygons
2026-08-23 19:30:34 +0200: Memory Usage (479260K) : emwihv_drw has 0 polygons
2026-08-23 19:30:34 +0200: Memory Usage (479388K) : lbe_drw has 0 polygons
2026-08-23 19:30:34 +0200: Memory Usage (479388K) : alcustop_drw has 0 polygons
2026-08-23 19:30:34 +0200: Memory Usage (479516K) : nometfiller_drw has 0 polygons
2026-08-23 19:30:34 +0200: Memory Usage (479516K) : prboundary_drw has 0 polygons
2026-08-23 19:30:34 +0200: Memory Usage (479644K) : exchange0_drw has 0 polygons
2026-08-23 19:30:34 +0200: Memory Usage (479644K) : exchange0_pin has 0 polygons
2026-08-23 19:30:34 +0200: Memory Usage (479772K) : exchange0_text has 0 polygons
2026-08-23 19:30:34 +0200: Memory Usage (479772K) : exchange1_drw has 0 polygons
2026-08-23 19:30:34 +0200: Memory Usage (479900K) : exchange1_pin has 0 polygons
2026-08-23 19:30:34 +0200: Memory Usage (479900K) : exchange1_text has 0 polygons
2026-08-23 19:30:34 +0200: Memory Usage (480028K) : exchange2_drw has 0 polygons
2026-08-23 19:30:34 +0200: Memory Usage (480156K) : exchange2_pin has 0 polygons
2026-08-23 19:30:34 +0200: Memory Usage (480156K) : exchange2_text has 0 polygons
2026-08-23 19:30:34 +0200: Memory Usage (480284K) : exchange3_drw has 0 polygons
2026-08-23 19:30:34 +0200: Memory Usage (480284K) : exchange3_pin has 0 polygons
2026-08-23 19:30:34 +0200: Memory Usage (480412K) : exchange3_text has 0 polygons
2026-08-23 19:30:34 +0200: Memory Usage (480412K) : exchange4_drw has 0 polygons
2026-08-23 19:30:34 +0200: Memory Usage (480412K) : exchange4_pin has 0 polygons
2026-08-23 19:30:34 +0200: Memory Usage (480540K) : exchange4_text has 0 polygons
2026-08-23 19:30:34 +0200: Memory Usage (480540K) : isonwell_drw has 0 polygons
2026-08-23 19:30:34 +0200: Memory Usage (480540K) : Total no. of polygons in the design is 610
2026-08-23 19:30:34 +0200: Memory Usage (480540K) : Starting CMOS5L Forbidden Layer Check
2026-08-23 19:30:34 +0200: Memory Usage (480668K) : CMOS5L Forbidden Layer Check: PASSED - No forbidden layers found
2026-08-23 19:30:34 +0200: Memory Usage (480668K) : CMOS5L Forbidden Layer Check: PASSED
2026-08-23 19:30:34 +0200: Memory Usage (480668K) : Starting base layers derivations
2026-08-23 19:30:34 +0200: Memory Usage (480668K) : Starting general LVS derivations
2026-08-23 19:30:34 +0200: Memory Usage (485788K) : Starting MOSFET DERIVATIONS
2026-08-23 19:30:34 +0200: Memory Usage (487964K) : Starting NMOS DERIVATIONS
2026-08-23 19:30:34 +0200: Memory Usage (488220K) : Starting PMOS DERIVATIONS
2026-08-23 19:30:34 +0200: Memory Usage (488476K) : Starting RF-MOSFET DERIVATIONS
2026-08-23 19:30:34 +0200: Memory Usage (488476K) : Starting RF-NMOS DERIVATIONS
2026-08-23 19:30:34 +0200: Memory Usage (488732K) : Starting RF-PMOS DERIVATIONS
2026-08-23 19:30:34 +0200: Memory Usage (488988K) : Starting BJT DERIVATIONS
2026-08-23 19:30:34 +0200: Memory Usage (488988K) : Starting NPN-BJT DERIVATIONS
2026-08-23 19:30:34 +0200: Memory Usage (489628K) : Starting PNP-BJT DERIVATIONS
2026-08-23 19:30:34 +0200: Memory Usage (489628K) : Starting DIODE DERIVATIONS
2026-08-23 19:30:34 +0200: Memory Usage (489628K) : Starting RESISTOR DERIVATIONS
2026-08-23 19:30:35 +0200: Memory Usage (490012K) : Starting CAP DERIVATIONS
2026-08-23 19:30:35 +0200: Memory Usage (490012K) : Starting CAP_MFRINGE DERIVATIONS
2026-08-23 19:30:35 +0200: Memory Usage (490012K) : Starting ESD DERIVATIONS
2026-08-23 19:30:35 +0200: Memory Usage (490524K) : Starting Inductor DERIVATIONS
2026-08-23 19:30:35 +0200: Memory Usage (493596K) : Starting Taps DERIVATIONS
2026-08-23 19:30:35 +0200: Memory Usage (493596K) : Starting SG13G2 LVS connectivity setup
2026-08-23 19:30:35 +0200: Memory Usage (493596K) : Starting SG13G2 LVS connectivity setup (Inter-layer)
2026-08-23 19:30:35 +0200: Memory Usage (493724K) : Starting SG13G2 LVS connectivity setup (Global)
2026-08-23 19:30:35 +0200: Memory Usage (493724K) : Starting LVS MOSFET CONNECTIONS
2026-08-23 19:30:35 +0200: Memory Usage (493724K) : Starting LVS RF-MOSFET CONNECTIONS
2026-08-23 19:30:35 +0200: Memory Usage (493724K) : Starting LVS BJT CONNECTIONS
2026-08-23 19:30:35 +0200: Memory Usage (493724K) : Starting LVS DIODE CONNECTIONS
2026-08-23 19:30:35 +0200: Memory Usage (493724K) : Starting RESISTOR CONNECTIONS
2026-08-23 19:30:35 +0200: Memory Usage (493724K) : Starting LVS CAP CONNECTIONS
2026-08-23 19:30:35 +0200: Memory Usage (493724K) : Starting ESD CONNECTIONS
2026-08-23 19:30:35 +0200: Memory Usage (493724K) : Starting Inductor CONNECTIONS
2026-08-23 19:30:35 +0200: Memory Usage (493724K) : Starting LVS Taps CONNECTIONS
2026-08-23 19:30:35 +0200: Memory Usage (493724K) : Starting CAP_MFRINGE CONNECTIONS
2026-08-23 19:30:35 +0200: Memory Usage (493724K) : Starting SG13CMOS5L LVS DEVICES EXTRACTION
2026-08-23 19:30:35 +0200: Memory Usage (493724K) : Starting MOSFET EXTRACTION
2026-08-23 19:30:35 +0200: Memory Usage (493724K) : Starting NMOS EXTRACTION
2026-08-23 19:30:35 +0200: Memory Usage (493724K) : Extraction of NMOS-LV transistor
2026-08-23 19:30:35 +0200: Memory Usage (493852K) : Extraction of NMOS-HV transistor
2026-08-23 19:30:35 +0200: Memory Usage (493852K) : Starting PMOS EXTRACTION
2026-08-23 19:30:35 +0200: Memory Usage (493852K) : Extraction of PMOS-LV transistor
2026-08-23 19:30:35 +0200: Memory Usage (493852K) : Extraction of PMOS-HV transistor
2026-08-23 19:30:35 +0200: Memory Usage (493852K) : Starting RF-MOSFET EXTRACTION
2026-08-23 19:30:35 +0200: Memory Usage (493852K) : Extraction of RF-NMOS-LV transistor
2026-08-23 19:30:35 +0200: Memory Usage (493852K) : Extraction of RF-NMOS-HV transistor
2026-08-23 19:30:35 +0200: Memory Usage (493852K) : Extraction of RF-PMOS-LV transistor
2026-08-23 19:30:35 +0200: Memory Usage (493852K) : Extraction of RF-PMOS-HV transistor
2026-08-23 19:30:35 +0200: Memory Usage (493852K) : Starting BJT EXTRACTION
2026-08-23 19:30:35 +0200: Memory Usage (493852K) : Starting NPN-BJT EXTRACTION
2026-08-23 19:30:35 +0200: Memory Usage (493852K) : Extraction of npn13G2 BJT transistor
2026-08-23 19:30:35 +0200: Memory Usage (493852K) : Extraction of npn13G2L BJT transistor
2026-08-23 19:30:35 +0200: Memory Usage (493852K) : Extraction of npn13G2V BJT transistor
2026-08-23 19:30:35 +0200: Memory Usage (493852K) : Starting PNP-BJT EXTRACTION
2026-08-23 19:30:35 +0200: Memory Usage (493852K) : Extracting pnpMPA BJT
2026-08-23 19:30:35 +0200: Memory Usage (493852K) : Starting DIODE EXTRACTION
2026-08-23 19:30:35 +0200: Memory Usage (493852K) : Extracting dantenna diode
2026-08-23 19:30:35 +0200: Memory Usage (493852K) : Extracting dpantenna diode
2026-08-23 19:30:35 +0200: Memory Usage (493852K) : Extracting schottky_nbl1 diode
2026-08-23 19:30:35 +0200: Memory Usage (493852K) : Extracting isolbox diode
2026-08-23 19:30:35 +0200: Memory Usage (493852K) : Starting RESISTOR EXTRACTION
2026-08-23 19:30:35 +0200: Memory Usage (493852K) : Extracting rsil resistor
2026-08-23 19:30:35 +0200: Memory Usage (493852K) : Extracting rppd resistor
2026-08-23 19:30:35 +0200: Memory Usage (493980K) : Extracting rhigh resistor
2026-08-23 19:30:35 +0200: Memory Usage (493980K) : Extracting res_metal1 resistor
2026-08-23 19:30:35 +0200: Memory Usage (493980K) : Extracting res_metal2 resistor
2026-08-23 19:30:35 +0200: Memory Usage (493980K) : Extracting res_metal3 resistor
2026-08-23 19:30:35 +0200: Memory Usage (493980K) : Extracting res_metal4 resistor
2026-08-23 19:30:35 +0200: Memory Usage (493980K) : Extracting res_metal5 resistor
2026-08-23 19:30:35 +0200: Memory Usage (493980K) : Extracting res_topmetal1 resistor
2026-08-23 19:30:35 +0200: Memory Usage (493980K) : Extracting res_topmetal2 resistor
2026-08-23 19:30:35 +0200: Memory Usage (493980K) : Starting CAP EXTRACTION
2026-08-23 19:30:35 +0200: Memory Usage (493980K) : Extracting cap_cmim device
2026-08-23 19:30:35 +0200: Memory Usage (493980K) : Extracting rfcmim device
2026-08-23 19:30:35 +0200: Memory Usage (493980K) : Extracting sg13_hv_svaricap varactor
2026-08-23 19:30:35 +0200: Memory Usage (493980K) : Extracting cap_mfringe device
2026-08-23 19:30:35 +0200: Memory Usage (493980K) : Starting ESD EXTRACTION
2026-08-23 19:30:35 +0200: Memory Usage (493980K) : Extracting diodevdd_2kv ESD device
2026-08-23 19:30:35 +0200: Memory Usage (493980K) : Extracting diodevdd_4kv ESD device
2026-08-23 19:30:35 +0200: Memory Usage (493980K) : Extracting diodevss_2kv ESD device
2026-08-23 19:30:35 +0200: Memory Usage (493980K) : Extracting diodevss_4kv ESD device
2026-08-23 19:30:35 +0200: Memory Usage (493980K) : Extracting idiodevdd_2kv ESD device
2026-08-23 19:30:35 +0200: Memory Usage (493980K) : Extracting idiodevdd_4kv ESD device
2026-08-23 19:30:35 +0200: Memory Usage (493980K) : Extracting idiodevss_2kv ESD device
2026-08-23 19:30:35 +0200: Memory Usage (493980K) : Extracting idiodevss_4kv ESD device
2026-08-23 19:30:35 +0200: Memory Usage (493980K) : Extracting nmoscl_2 ESD device
2026-08-23 19:30:35 +0200: Memory Usage (493980K) : Extracting nmoscl_4 ESD device
2026-08-23 19:30:35 +0200: Memory Usage (493980K) : Starting Inductor EXTRACTION
2026-08-23 19:30:35 +0200: Memory Usage (493980K) : Extracting Inductor2 device
2026-08-23 19:30:35 +0200: Memory Usage (493980K) : Extracting Inductor3 device
2026-08-23 19:30:35 +0200: Memory Usage (493980K) : Starting Taps EXTRACTION
2026-08-23 19:30:35 +0200: Memory Usage (493980K) : DISABLE_TAP_EXTRACTION is enabled: skipping ntap1/ptap1 device extraction.
2026-08-23 19:30:35 +0200: Memory Usage (493980K) : Starting SG13CMOS5L LVS RF MOS Model Mapping
2026-08-23 19:30:35 +0200: Memory Usage (493980K) : [layout_netlist] Apply RF MOS model mapping and rfmode parameter.
2026-08-23 19:30:35 +0200: Memory Usage (493980K) : Starting SG13CMOS5L LVS Options Preparations
2026-08-23 19:30:35 +0200: Memory Usage (493980K) : SG13CMOS5L LVS flow: extraction -> alignment -> option preparation -> comparison.
2026-08-23 19:30:35 +0200: Memory Usage (493980K) : Starting SG13CMOS5L LVS Alignment
2026-08-23 19:30:35 +0200: Memory Usage (494108K) : Starting SG13CMOS5L LVS Simplification
2026-08-23 19:30:35 +0200: Memory Usage (494108K) : [layout_netlist] simplify: ENABLED
2026-08-23 19:30:35 +0200: Memory Usage (494108K) : [layout_netlist] make_top_level_pins: SKIPPED
2026-08-23 19:30:35 +0200: Memory Usage (494108K) : [layout_netlist] combine_devices: SKIPPED
2026-08-23 19:30:35 +0200: Memory Usage (494108K) : [layout_netlist] purge: SKIPPED
2026-08-23 19:30:35 +0200: Memory Usage (494108K) : [layout_netlist] purge_nets: SKIPPED
2026-08-23 19:30:35 +0200: Memory Usage (494108K) : [schematic_netlist] simplify: ENABLED
2026-08-23 19:30:35 +0200: Memory Usage (494108K) : [schematic_netlist] make_top_level_pins: SKIPPED
2026-08-23 19:30:35 +0200: Memory Usage (494108K) : [schematic_netlist] combine_devices: SKIPPED
2026-08-23 19:30:35 +0200: Memory Usage (494108K) : [schematic_netlist] purge: SKIPPED
2026-08-23 19:30:35 +0200: Memory Usage (494108K) : [schematic_netlist] purge_nets: SKIPPED
2026-08-23 19:30:35 +0200: Memory Usage (494108K) : Starting SG13CMOS5L LVS Comparison in strict port mode.
2026-08-23 19:30:35 +0200: Memory Usage (494108K) : flag_missing_ports enabled: missing/mislabeled top-level ports are treated as errors.
2026-08-23 19:30:35 +0200: Memory Usage (494236K) : ==========================================
2026-08-23 19:30:35 +0200: Memory Usage (494236K) : INFO : Congratulations! Netlists match.
2026-08-23 19:30:35 +0200: Memory Usage (494236K) : ==========================================
2026-08-23 19:30:35 +0200: Memory Usage (494236K) : LVS Total Run time 1.143257 seconds
2026-08-23 19:32:29 +0200: Memory Usage (457396K) : Starting running SG13CMOS5L Klayout LVS runset on /foss/designs/CHIP-PLL/layout/CP/vbias/vbias.gds
2026-08-23 19:32:29 +0200: Memory Usage (457396K) : Ruby Version for klayout: 3.2.3
2026-08-23 19:32:29 +0200: Memory Usage (458912K) : Loading database to memory is complete.
2026-08-23 19:32:29 +0200: Memory Usage (458912K) : SG13CMOS5L Klayout LVS runset output at: /foss/designs/CHIP-PLL/layout/CP/lvs/vbias.lvsdb
2026-08-23 19:32:29 +0200: Memory Usage (458912K) : Evaluate switches.
2026-08-23 19:32:29 +0200: Memory Usage (458912K) : Extracted netlist with net names: true
2026-08-23 19:32:29 +0200: Memory Usage (458912K) : Extracted netlist with comments in details: false
2026-08-23 19:32:29 +0200: Memory Usage (458912K) : Selected NET_ONLY option: false
2026-08-23 19:32:29 +0200: Memory Usage (458912K) : Selected LAYOUT_NETLIST option: (none)
2026-08-23 19:32:29 +0200: Memory Usage (458912K) : Selected IGNORE_TOP_PORTS_MISMATCH option: 
2026-08-23 19:32:29 +0200: Memory Usage (458912K) : Selected IMPLICIT_NETS option: (none)
2026-08-23 19:32:29 +0200: Memory Usage (458912K) : Selected TOP_LVL_PINS option: false
2026-08-23 19:32:29 +0200: Memory Usage (458912K) : Selected COMBINE DEVICES option: false
2026-08-23 19:32:29 +0200: Memory Usage (458912K) : Selected PURGE option: false
2026-08-23 19:32:29 +0200: Memory Usage (458912K) : Selected PURGE_NETS option: false
2026-08-23 19:32:29 +0200: Memory Usage (458912K) : Selected SIMPLIFY option: true
2026-08-23 19:32:29 +0200: Memory Usage (458912K) : Selected SERIES_RES option: true
2026-08-23 19:32:29 +0200: Memory Usage (458912K) : Selected PARALLEL_RES option: true
2026-08-23 19:32:29 +0200: Memory Usage (458912K) : Selected DISABLE_TAP_EXTRACTION option: true
2026-08-23 19:32:29 +0200: Memory Usage (458912K) : deep  mode is enabled.
2026-08-23 19:32:29 +0200: Memory Usage (459296K) : Netlist file: /foss/designs/CHIP-PLL/layout/CP/netlists/vbias.spice
2026-08-23 19:32:29 +0200: Memory Usage (459296K) : LVS extracted netlist at: /foss/designs/CHIP-PLL/layout/CP/lvs/vbias_extracted.cir
2026-08-23 19:32:29 +0200: Memory Usage (459296K) : Applying SRAM integration support.
2026-08-23 19:32:29 +0200: Memory Usage (459296K) : Starting SG13CMOS5L LVS runset
2026-08-23 19:32:29 +0200: Memory Usage (459296K) : Read in polygons from layers.
2026-08-23 19:32:29 +0200: Memory Usage (460432K) : activ_drw has 43 polygons
2026-08-23 19:32:29 +0200: Memory Usage (460432K) : activ_filler has 0 polygons
2026-08-23 19:32:29 +0200: Memory Usage (460560K) : activ has 43 polygons
2026-08-23 19:32:29 +0200: Memory Usage (460560K) : activ_pin has 0 polygons
2026-08-23 19:32:29 +0200: Memory Usage (460560K) : activ_mask has 0 polygons
2026-08-23 19:32:29 +0200: Memory Usage (460560K) : activ_nofill has 0 polygons
2026-08-23 19:32:29 +0200: Memory Usage (460560K) : activ_OPC has 0 polygons
2026-08-23 19:32:29 +0200: Memory Usage (460560K) : activ_iOPC has 0 polygons
2026-08-23 19:32:29 +0200: Memory Usage (460560K) : activ_noqrc has 0 polygons
2026-08-23 19:32:29 +0200: Memory Usage (460560K) : biwind_drw has 0 polygons
2026-08-23 19:32:29 +0200: Memory Usage (460560K) : biwind_OPC has 0 polygons
2026-08-23 19:32:29 +0200: Memory Usage (460560K) : gatpoly_drw has 39 polygons
2026-08-23 19:32:29 +0200: Memory Usage (460560K) : gatpoly_filler has 0 polygons
2026-08-23 19:32:29 +0200: Memory Usage (460560K) : gatpoly has 39 polygons
2026-08-23 19:32:29 +0200: Memory Usage (460560K) : gatpoly_pin has 9 polygons
2026-08-23 19:32:29 +0200: Memory Usage (460688K) : gatpoly_nofill has 0 polygons
2026-08-23 19:32:29 +0200: Memory Usage (460688K) : gatpoly_OPC has 0 polygons
2026-08-23 19:32:29 +0200: Memory Usage (460688K) : gatpoly_iOPC has 0 polygons
2026-08-23 19:32:29 +0200: Memory Usage (460688K) : gatpoly_noqrc has 0 polygons
2026-08-23 19:32:29 +0200: Memory Usage (460688K) : cont_drw has 182 polygons
2026-08-23 19:32:29 +0200: Memory Usage (460688K) : cont_OPC has 0 polygons
2026-08-23 19:32:29 +0200: Memory Usage (460816K) : nsd_drw has 0 polygons
2026-08-23 19:32:29 +0200: Memory Usage (460816K) : nsd_block has 0 polygons
2026-08-23 19:32:29 +0200: Memory Usage (461212K) : metal1_drw has 125 polygons
2026-08-23 19:32:29 +0200: Memory Usage (461212K) : metal1_filler has 0 polygons
2026-08-23 19:32:29 +0200: Memory Usage (461340K) : metal1_slit has 0 polygons
2026-08-23 19:32:29 +0200: Memory Usage (461852K) : metal1 has 125 polygons
2026-08-23 19:32:29 +0200: Memory Usage (461852K) : metal1_pin has 32 polygons
2026-08-23 19:32:29 +0200: Memory Usage (461852K) : metal1_mask has 0 polygons
2026-08-23 19:32:29 +0200: Memory Usage (461980K) : metal1_nofill has 0 polygons
2026-08-23 19:32:29 +0200: Memory Usage (462240K) : metal1_text has 4 polygons
2026-08-23 19:32:29 +0200: Memory Usage (462240K) : metal1_OPC has 0 polygons
2026-08-23 19:32:29 +0200: Memory Usage (462240K) : metal1_noqrc has 0 polygons
2026-08-23 19:32:29 +0200: Memory Usage (462240K) : metal1_res has 0 polygons
2026-08-23 19:32:29 +0200: Memory Usage (462368K) : metal1_iprobe has 0 polygons
2026-08-23 19:32:29 +0200: Memory Usage (462368K) : metal1_diffprb has 0 polygons
2026-08-23 19:32:29 +0200: Memory Usage (462496K) : passiv_drw has 0 polygons
2026-08-23 19:32:29 +0200: Memory Usage (462624K) : passiv_pin has 0 polygons
2026-08-23 19:32:29 +0200: Memory Usage (462624K) : passiv_sbump has 0 polygons
2026-08-23 19:32:29 +0200: Memory Usage (462752K) : passiv_pillar has 0 polygons
2026-08-23 19:32:29 +0200: Memory Usage (462752K) : passiv_pdl has 0 polygons
2026-08-23 19:32:29 +0200: Memory Usage (462880K) : metal2_drw has 39 polygons
2026-08-23 19:32:29 +0200: Memory Usage (462880K) : metal2_filler has 0 polygons
2026-08-23 19:32:29 +0200: Memory Usage (463008K) : metal2_slit has 0 polygons
2026-08-23 19:32:29 +0200: Memory Usage (463136K) : metal2 has 39 polygons
2026-08-23 19:32:29 +0200: Memory Usage (463136K) : metal2_pin has 2 polygons
2026-08-23 19:32:29 +0200: Memory Usage (463264K) : metal2_mask has 0 polygons
2026-08-23 19:32:29 +0200: Memory Usage (463264K) : metal2_nofill has 0 polygons
2026-08-23 19:32:29 +0200: Memory Usage (463392K) : metal2_text has 2 polygons
2026-08-23 19:32:29 +0200: Memory Usage (463392K) : metal2_OPC has 0 polygons
2026-08-23 19:32:29 +0200: Memory Usage (463520K) : metal2_noqrc has 0 polygons
2026-08-23 19:32:29 +0200: Memory Usage (463648K) : metal2_res has 0 polygons
2026-08-23 19:32:29 +0200: Memory Usage (463648K) : metal2_iprobe has 0 polygons
2026-08-23 19:32:29 +0200: Memory Usage (463776K) : metal2_diffprb has 0 polygons
2026-08-23 19:32:29 +0200: Memory Usage (463904K) : baspoly_drw has 0 polygons
2026-08-23 19:32:29 +0200: Memory Usage (463904K) : baspoly_pin has 0 polygons
2026-08-23 19:32:29 +0200: Memory Usage (464032K) : psd_drw has 12 polygons
2026-08-23 19:32:29 +0200: Memory Usage (464032K) : nldb_drw has 0 polygons
2026-08-23 19:32:29 +0200: Memory Usage (464160K) : digibnd_drw has 0 polygons
2026-08-23 19:32:29 +0200: Memory Usage (464160K) : via1_drw has 29 polygons
2026-08-23 19:32:29 +0200: Memory Usage (464288K) : backmetal1_drw has 0 polygons
2026-08-23 19:32:29 +0200: Memory Usage (464416K) : backmetal1_pin has 0 polygons
2026-08-23 19:32:29 +0200: Memory Usage (464416K) : backmetal1_mask has 0 polygons
2026-08-23 19:32:29 +0200: Memory Usage (464544K) : backmetal1_filler has 0 polygons
2026-08-23 19:32:29 +0200: Memory Usage (464672K) : backmetal1_nofill has 0 polygons
2026-08-23 19:32:29 +0200: Memory Usage (464672K) : backmetal1_slit has 0 polygons
2026-08-23 19:32:29 +0200: Memory Usage (464800K) : backmetal1_text has 0 polygons
2026-08-23 19:32:29 +0200: Memory Usage (464800K) : backmetal1_OPC has 0 polygons
2026-08-23 19:32:29 +0200: Memory Usage (464928K) : backmetal1_noqrc has 0 polygons
2026-08-23 19:32:29 +0200: Memory Usage (464928K) : backmetal1_res has 0 polygons
2026-08-23 19:32:29 +0200: Memory Usage (465056K) : backmetal1_iprobe has 0 polygons
2026-08-23 19:32:29 +0200: Memory Usage (465184K) : backmetal1_diffprb has 0 polygons
2026-08-23 19:32:29 +0200: Memory Usage (465184K) : backpassiv_drw has 0 polygons
2026-08-23 19:32:29 +0200: Memory Usage (465312K) : res_drw has 0 polygons
2026-08-23 19:32:29 +0200: Memory Usage (465312K) : sram_drw has 0 polygons
2026-08-23 19:32:29 +0200: Memory Usage (465440K) : trans_drw has 0 polygons
2026-08-23 19:32:29 +0200: Memory Usage (465440K) : ind_drw has 0 polygons
2026-08-23 19:32:29 +0200: Memory Usage (465568K) : ind_pin has 0 polygons
2026-08-23 19:32:29 +0200: Memory Usage (465568K) : ind_text has 0 polygons
2026-08-23 19:32:29 +0200: Memory Usage (465696K) : salblock_drw has 2 polygons
2026-08-23 19:32:29 +0200: Memory Usage (465824K) : via2_drw has 16 polygons
2026-08-23 19:32:29 +0200: Memory Usage (465952K) : metal3_drw has 14 polygons
2026-08-23 19:32:29 +0200: Memory Usage (465952K) : metal3_filler has 0 polygons
2026-08-23 19:32:29 +0200: Memory Usage (466080K) : metal3_slit has 0 polygons
2026-08-23 19:32:29 +0200: Memory Usage (466208K) : metal3 has 14 polygons
2026-08-23 19:32:29 +0200: Memory Usage (466336K) : metal3_pin has 0 polygons
2026-08-23 19:32:29 +0200: Memory Usage (466336K) : metal3_mask has 0 polygons
2026-08-23 19:32:29 +0200: Memory Usage (466464K) : metal3_nofill has 0 polygons
2026-08-23 19:32:29 +0200: Memory Usage (466464K) : metal3_text has 0 polygons
2026-08-23 19:32:29 +0200: Memory Usage (466592K) : metal3_OPC has 0 polygons
2026-08-23 19:32:29 +0200: Memory Usage (466592K) : metal3_noqrc has 0 polygons
2026-08-23 19:32:29 +0200: Memory Usage (466592K) : metal3_res has 0 polygons
2026-08-23 19:32:29 +0200: Memory Usage (466720K) : metal3_iprobe has 0 polygons
2026-08-23 19:32:29 +0200: Memory Usage (466720K) : metal3_diffprb has 0 polygons
2026-08-23 19:32:29 +0200: Memory Usage (466720K) : nwell_drw has 11 polygons
2026-08-23 19:32:29 +0200: Memory Usage (466720K) : nwell_pin has 2 polygons
2026-08-23 19:32:29 +0200: Memory Usage (466848K) : nwell_text has 0 polygons
2026-08-23 19:32:29 +0200: Memory Usage (466848K) : nbulay_drw has 0 polygons
2026-08-23 19:32:29 +0200: Memory Usage (466848K) : nbulay_pin has 0 polygons
2026-08-23 19:32:29 +0200: Memory Usage (466976K) : nbulay_block has 0 polygons
2026-08-23 19:32:29 +0200: Memory Usage (466976K) : emwind_drw has 0 polygons
2026-08-23 19:32:29 +0200: Memory Usage (466976K) : emwind_OPC has 0 polygons
2026-08-23 19:32:29 +0200: Memory Usage (467104K) : deepco_drw has 0 polygons
2026-08-23 19:32:29 +0200: Memory Usage (467104K) : mim_drw has 0 polygons
2026-08-23 19:32:29 +0200: Memory Usage (467104K) : edgeseal_drw has 0 polygons
2026-08-23 19:32:29 +0200: Memory Usage (467232K) : substrate_drw has 6 polygons
2026-08-23 19:32:29 +0200: Memory Usage (467232K) : substrate_text has 0 polygons
2026-08-23 19:32:29 +0200: Memory Usage (467360K) : dfpad_drw has 0 polygons
2026-08-23 19:32:29 +0200: Memory Usage (467360K) : dfpad_pillar has 0 polygons
2026-08-23 19:32:29 +0200: Memory Usage (467488K) : dfpad_sbump has 0 polygons
2026-08-23 19:32:29 +0200: Memory Usage (467488K) : thickgateox_drw has 0 polygons
2026-08-23 19:32:29 +0200: Memory Usage (467616K) : pldb_drw has 0 polygons
2026-08-23 19:32:29 +0200: Memory Usage (467616K) : pwell_drw has 0 polygons
2026-08-23 19:32:29 +0200: Memory Usage (467744K) : pwell_pin has 0 polygons
2026-08-23 19:32:29 +0200: Memory Usage (467744K) : pwell_block has 0 polygons
2026-08-23 19:32:29 +0200: Memory Usage (467872K) : ic_drw has 0 polygons
2026-08-23 19:32:29 +0200: Memory Usage (468000K) : via3_drw has 0 polygons
2026-08-23 19:32:29 +0200: Memory Usage (468000K) : metal4_drw has 0 polygons
2026-08-23 19:32:29 +0200: Memory Usage (468128K) : metal4_filler has 0 polygons
2026-08-23 19:32:29 +0200: Memory Usage (468128K) : metal4_slit has 0 polygons
2026-08-23 19:32:29 +0200: Memory Usage (468256K) : metal4 has 0 polygons
2026-08-23 19:32:29 +0200: Memory Usage (468384K) : metal4_pin has 0 polygons
2026-08-23 19:32:29 +0200: Memory Usage (468384K) : metal4_mask has 0 polygons
2026-08-23 19:32:29 +0200: Memory Usage (468512K) : metal4_nofill has 0 polygons
2026-08-23 19:32:29 +0200: Memory Usage (468512K) : metal4_text has 0 polygons
2026-08-23 19:32:29 +0200: Memory Usage (468640K) : metal4_OPC has 0 polygons
2026-08-23 19:32:29 +0200: Memory Usage (468640K) : metal4_noqrc has 0 polygons
2026-08-23 19:32:29 +0200: Memory Usage (468768K) : metal4_res has 0 polygons
2026-08-23 19:32:29 +0200: Memory Usage (468896K) : metal4_iprobe has 0 polygons
2026-08-23 19:32:29 +0200: Memory Usage (468896K) : metal4_diffprb has 0 polygons
2026-08-23 19:32:29 +0200: Memory Usage (469024K) : heattrans_drw has 13 polygons
2026-08-23 19:32:29 +0200: Memory Usage (469024K) : heatres_drw has 2 polygons
2026-08-23 19:32:29 +0200: Memory Usage (469152K) : fbe_drw has 0 polygons
2026-08-23 19:32:29 +0200: Memory Usage (469152K) : empoly_drw has 0 polygons
2026-08-23 19:32:29 +0200: Memory Usage (469152K) : digisub_drw has 0 polygons
2026-08-23 19:32:29 +0200: Memory Usage (469280K) : text_drw has 19 polygons
2026-08-23 19:32:29 +0200: Memory Usage (469280K) : via4_drw has 0 polygons
2026-08-23 19:32:29 +0200: Memory Usage (469280K) : metal5_drw has 0 polygons
2026-08-23 19:32:29 +0200: Memory Usage (469408K) : metal5_filler has 0 polygons
2026-08-23 19:32:29 +0200: Memory Usage (469408K) : metal5_slit has 0 polygons
2026-08-23 19:32:29 +0200: Memory Usage (469536K) : metal5 has 0 polygons
2026-08-23 19:32:29 +0200: Memory Usage (469664K) : metal5_pin has 0 polygons
2026-08-23 19:32:29 +0200: Memory Usage (469664K) : metal5_mask has 0 polygons
2026-08-23 19:32:29 +0200: Memory Usage (469792K) : metal5_nofill has 0 polygons
2026-08-23 19:32:29 +0200: Memory Usage (469792K) : metal5_text has 0 polygons
2026-08-23 19:32:29 +0200: Memory Usage (469920K) : metal5_OPC has 0 polygons
2026-08-23 19:32:29 +0200: Memory Usage (469920K) : metal5_noqrc has 0 polygons
2026-08-23 19:32:29 +0200: Memory Usage (470048K) : metal5_res has 0 polygons
2026-08-23 19:32:29 +0200: Memory Usage (470048K) : metal5_iprobe has 0 polygons
2026-08-23 19:32:29 +0200: Memory Usage (470176K) : metal5_diffprb has 0 polygons
2026-08-23 19:32:29 +0200: Memory Usage (470176K) : radhard_drw has 0 polygons
2026-08-23 19:32:29 +0200: Memory Usage (470304K) : memcap_drw has 0 polygons
2026-08-23 19:32:29 +0200: Memory Usage (470432K) : varicap_drw has 0 polygons
2026-08-23 19:32:29 +0200: Memory Usage (470432K) : intbondvia_drw has 0 polygons
2026-08-23 19:32:29 +0200: Memory Usage (470560K) : intbondmet_drw has 0 polygons
2026-08-23 19:32:29 +0200: Memory Usage (470560K) : devbondvia_drw has 0 polygons
2026-08-23 19:32:29 +0200: Memory Usage (470688K) : devbondmet_drw has 0 polygons
2026-08-23 19:32:29 +0200: Memory Usage (470688K) : devtrench_drw has 0 polygons
2026-08-23 19:32:29 +0200: Memory Usage (470816K) : redist_drw has 0 polygons
2026-08-23 19:32:29 +0200: Memory Usage (470816K) : graphbot_drw has 0 polygons
2026-08-23 19:32:29 +0200: Memory Usage (470944K) : graphtop_drw has 0 polygons
2026-08-23 19:32:29 +0200: Memory Usage (470944K) : antvia1_drw has 0 polygons
2026-08-23 19:32:29 +0200: Memory Usage (471072K) : antmetal2_drw has 0 polygons
2026-08-23 19:32:29 +0200: Memory Usage (471200K) : graphcont_drw has 0 polygons
2026-08-23 19:32:29 +0200: Memory Usage (471200K) : siwg_drw has 0 polygons
2026-08-23 19:32:29 +0200: Memory Usage (471328K) : siwg_filler has 0 polygons
2026-08-23 19:32:29 +0200: Memory Usage (471328K) : siwg_nofill has 0 polygons
2026-08-23 19:32:29 +0200: Memory Usage (471328K) : sigrating_drw has 0 polygons
2026-08-23 19:32:29 +0200: Memory Usage (471456K) : singrating_drw has 0 polygons
2026-08-23 19:32:29 +0200: Memory Usage (471456K) : graphpas_drw has 0 polygons
2026-08-23 19:32:29 +0200: Memory Usage (471456K) : emwind3_drw has 0 polygons
2026-08-23 19:32:29 +0200: Memory Usage (471584K) : emwihv3_drw has 0 polygons
2026-08-23 19:32:29 +0200: Memory Usage (471584K) : redbulay_drw has 0 polygons
2026-08-23 19:32:29 +0200: Memory Usage (471584K) : smos_drw has 0 polygons
2026-08-23 19:32:29 +0200: Memory Usage (471584K) : graphpad_drw has 0 polygons
2026-08-23 19:32:29 +0200: Memory Usage (471712K) : polimide_drw has 0 polygons
2026-08-23 19:32:29 +0200: Memory Usage (471712K) : polimide_pin has 0 polygons
2026-08-23 19:32:29 +0200: Memory Usage (471840K) : recog_drw has 0 polygons
2026-08-23 19:32:29 +0200: Memory Usage (471968K) : recog_pin has 0 polygons
2026-08-23 19:32:29 +0200: Memory Usage (471968K) : recog_esd has 0 polygons
2026-08-23 19:32:29 +0200: Memory Usage (472096K) : recog_diode has 0 polygons
2026-08-23 19:32:29 +0200: Memory Usage (472096K) : recog_tsv has 0 polygons
2026-08-23 19:32:29 +0200: Memory Usage (472224K) : recog_iprobe has 0 polygons
2026-08-23 19:32:29 +0200: Memory Usage (472224K) : recog_diffprb has 0 polygons
2026-08-23 19:32:29 +0200: Memory Usage (472352K) : recog_pillar has 0 polygons
2026-08-23 19:32:29 +0200: Memory Usage (472352K) : recog_sbump has 0 polygons
2026-08-23 19:32:29 +0200: Memory Usage (472480K) : recog_otp has 0 polygons
2026-08-23 19:32:29 +0200: Memory Usage (472480K) : recog_pdiode has 0 polygons
2026-08-23 19:32:29 +0200: Memory Usage (472608K) : recog_mom has 0 polygons
2026-08-23 19:32:29 +0200: Memory Usage (472736K) : recog_pcm has 0 polygons
2026-08-23 19:32:29 +0200: Memory Usage (472736K) : colopen_drw has 0 polygons
2026-08-23 19:32:29 +0200: Memory Usage (472864K) : graphmetal1_drw has 0 polygons
2026-08-23 19:32:29 +0200: Memory Usage (472864K) : graphmetal1_filler has 0 polygons
2026-08-23 19:32:29 +0200: Memory Usage (472992K) : graphmetal1_nofill has 0 polygons
2026-08-23 19:32:29 +0200: Memory Usage (472992K) : graphmetal1_slit has 0 polygons
2026-08-23 19:32:29 +0200: Memory Usage (473120K) : graphmetal1_OPC has 0 polygons
2026-08-23 19:32:29 +0200: Memory Usage (473120K) : graphmet1l_drw has 0 polygons
2026-08-23 19:32:29 +0200: Memory Usage (473248K) : graphmet1l_filler has 0 polygons
2026-08-23 19:32:29 +0200: Memory Usage (473376K) : graphmet1l_nofill has 0 polygons
2026-08-23 19:32:29 +0200: Memory Usage (473376K) : graphmet1l_slit has 0 polygons
2026-08-23 19:32:29 +0200: Memory Usage (473504K) : graphmet1l_OPC has 0 polygons
2026-08-23 19:32:29 +0200: Memory Usage (473504K) : extblock_drw has 6 polygons
2026-08-23 19:32:29 +0200: Memory Usage (473632K) : nldd_drw has 0 polygons
2026-08-23 19:32:29 +0200: Memory Usage (473632K) : pldd_drw has 0 polygons
2026-08-23 19:32:29 +0200: Memory Usage (473760K) : next_drw has 0 polygons
2026-08-23 19:32:29 +0200: Memory Usage (473760K) : pext_drw has 0 polygons
2026-08-23 19:32:29 +0200: Memory Usage (473888K) : nexthv_drw has 0 polygons
2026-08-23 19:32:29 +0200: Memory Usage (474016K) : pexthv_drw has 0 polygons
2026-08-23 19:32:29 +0200: Memory Usage (474016K) : graphgate_drw has 0 polygons
2026-08-23 19:32:29 +0200: Memory Usage (474016K) : sinwg_drw has 0 polygons
2026-08-23 19:32:29 +0200: Memory Usage (474016K) : sinwg_filler has 0 polygons
2026-08-23 19:32:29 +0200: Memory Usage (474016K) : sinwg_nofill has 0 polygons
2026-08-23 19:32:29 +0200: Memory Usage (474016K) : mempad_drw has 0 polygons
2026-08-23 19:32:29 +0200: Memory Usage (474016K) : topvia1_drw has 0 polygons
2026-08-23 19:32:29 +0200: Memory Usage (474144K) : topmetal1_drw has 0 polygons
2026-08-23 19:32:29 +0200: Memory Usage (474144K) : topmetal1_filler has 0 polygons
2026-08-23 19:32:29 +0200: Memory Usage (474272K) : topmetal1_slit has 0 polygons
2026-08-23 19:32:29 +0200: Memory Usage (474400K) : topmetal1 has 0 polygons
2026-08-23 19:32:29 +0200: Memory Usage (474400K) : topmetal1_pin has 0 polygons
2026-08-23 19:32:29 +0200: Memory Usage (474528K) : topmetal1_mask has 0 polygons
2026-08-23 19:32:29 +0200: Memory Usage (474528K) : topmetal1_nofill has 0 polygons
2026-08-23 19:32:29 +0200: Memory Usage (474656K) : topmetal1_text has 0 polygons
2026-08-23 19:32:29 +0200: Memory Usage (474656K) : topmetal1_noqrc has 0 polygons
2026-08-23 19:32:29 +0200: Memory Usage (474784K) : topmetal1_res has 0 polygons
2026-08-23 19:32:29 +0200: Memory Usage (474784K) : topmetal1_iprobe has 0 polygons
2026-08-23 19:32:29 +0200: Memory Usage (474912K) : topmetal1_diffprb has 0 polygons
2026-08-23 19:32:29 +0200: Memory Usage (475040K) : inldpwl_drw has 0 polygons
2026-08-23 19:32:29 +0200: Memory Usage (475040K) : polyres_drw has 2 polygons
2026-08-23 19:32:29 +0200: Memory Usage (475168K) : polyres_pin has 0 polygons
2026-08-23 19:32:29 +0200: Memory Usage (475168K) : vmim_drw has 0 polygons
2026-08-23 19:32:29 +0200: Memory Usage (475296K) : nbulaycut_drw has 0 polygons
2026-08-23 19:32:29 +0200: Memory Usage (475296K) : antmetal1_drw has 0 polygons
2026-08-23 19:32:29 +0200: Memory Usage (475424K) : topvia2_drw has 0 polygons
2026-08-23 19:32:29 +0200: Memory Usage (475424K) : topmetal2_drw has 0 polygons
2026-08-23 19:32:29 +0200: Memory Usage (475552K) : topmetal2_filler has 0 polygons
2026-08-23 19:32:29 +0200: Memory Usage (475680K) : topmetal2_slit has 0 polygons
2026-08-23 19:32:29 +0200: Memory Usage (475808K) : topmetal2 has 0 polygons
2026-08-23 19:32:29 +0200: Memory Usage (475808K) : topmetal2_pin has 0 polygons
2026-08-23 19:32:29 +0200: Memory Usage (475936K) : topmetal2_mask has 0 polygons
2026-08-23 19:32:29 +0200: Memory Usage (475936K) : topmetal2_nofill has 0 polygons
2026-08-23 19:32:29 +0200: Memory Usage (476064K) : topmetal2_text has 0 polygons
2026-08-23 19:32:29 +0200: Memory Usage (476064K) : topmetal2_noqrc has 0 polygons
2026-08-23 19:32:29 +0200: Memory Usage (476192K) : topmetal2_res has 0 polygons
2026-08-23 19:32:29 +0200: Memory Usage (476192K) : topmetal2_iprobe has 0 polygons
2026-08-23 19:32:29 +0200: Memory Usage (476320K) : topmetal2_diffprb has 0 polygons
2026-08-23 19:32:29 +0200: Memory Usage (476320K) : snsring_drw has 0 polygons
2026-08-23 19:32:29 +0200: Memory Usage (476448K) : sensor_drw has 0 polygons
2026-08-23 19:32:29 +0200: Memory Usage (476448K) : snsarms_drw has 0 polygons
2026-08-23 19:32:29 +0200: Memory Usage (476576K) : snscmosvia_drw has 0 polygons
2026-08-23 19:32:29 +0200: Memory Usage (476704K) : colwind_drw has 0 polygons
2026-08-23 19:32:29 +0200: Memory Usage (476704K) : flm_drw has 0 polygons
2026-08-23 19:32:29 +0200: Memory Usage (476832K) : hafniumox_drw has 0 polygons
2026-08-23 19:32:29 +0200: Memory Usage (476832K) : memvia_drw has 0 polygons
2026-08-23 19:32:29 +0200: Memory Usage (476960K) : thinfilmres_drw has 0 polygons
2026-08-23 19:32:29 +0200: Memory Usage (476960K) : rfmem_drw has 0 polygons
2026-08-23 19:32:29 +0200: Memory Usage (477088K) : norcx_drw has 0 polygons
2026-08-23 19:32:29 +0200: Memory Usage (477088K) : norcx_m2m3 has 0 polygons
2026-08-23 19:32:29 +0200: Memory Usage (477216K) : norcx_m2m4 has 0 polygons
2026-08-23 19:32:29 +0200: Memory Usage (477344K) : norcx_m2m5 has 0 polygons
2026-08-23 19:32:29 +0200: Memory Usage (477344K) : norcx_m2tm1 has 0 polygons
2026-08-23 19:32:29 +0200: Memory Usage (477472K) : norcx_m2tm2 has 0 polygons
2026-08-23 19:32:29 +0200: Memory Usage (477472K) : norcx_m3m4 has 0 polygons
2026-08-23 19:32:29 +0200: Memory Usage (477600K) : norcx_m3m5 has 0 polygons
2026-08-23 19:32:29 +0200: Memory Usage (477600K) : norcx_m3tm1 has 0 polygons
2026-08-23 19:32:29 +0200: Memory Usage (477728K) : norcx_m3tm2 has 0 polygons
2026-08-23 19:32:29 +0200: Memory Usage (477728K) : norcx_m4m5 has 0 polygons
2026-08-23 19:32:29 +0200: Memory Usage (477856K) : norcx_m4tm1 has 0 polygons
2026-08-23 19:32:29 +0200: Memory Usage (477856K) : norcx_m4tm2 has 0 polygons
2026-08-23 19:32:29 +0200: Memory Usage (477984K) : norcx_m5tm1 has 0 polygons
2026-08-23 19:32:29 +0200: Memory Usage (478112K) : norcx_m5tm2 has 0 polygons
2026-08-23 19:32:29 +0200: Memory Usage (478112K) : norcx_tm1tm2 has 0 polygons
2026-08-23 19:32:29 +0200: Memory Usage (478240K) : norcx_m1sub has 0 polygons
2026-08-23 19:32:29 +0200: Memory Usage (478240K) : norcx_m2sub has 0 polygons
2026-08-23 19:32:29 +0200: Memory Usage (478368K) : norcx_m3sub has 0 polygons
2026-08-23 19:32:29 +0200: Memory Usage (478368K) : norcx_m4sub has 0 polygons
2026-08-23 19:32:29 +0200: Memory Usage (478496K) : norcx_m5sub has 0 polygons
2026-08-23 19:32:29 +0200: Memory Usage (478496K) : norcx_tm1sub has 0 polygons
2026-08-23 19:32:29 +0200: Memory Usage (478624K) : norcx_tm2sub has 0 polygons
2026-08-23 19:32:29 +0200: Memory Usage (478752K) : snsbotvia_drw has 0 polygons
2026-08-23 19:32:29 +0200: Memory Usage (478752K) : snstopvia_drw has 0 polygons
2026-08-23 19:32:29 +0200: Memory Usage (478880K) : deepvia_drw has 0 polygons
2026-08-23 19:32:29 +0200: Memory Usage (478880K) : fgetch_drw has 0 polygons
2026-08-23 19:32:29 +0200: Memory Usage (479008K) : ctrgat_drw has 0 polygons
2026-08-23 19:32:29 +0200: Memory Usage (479008K) : fgimp_drw has 0 polygons
2026-08-23 19:32:29 +0200: Memory Usage (479136K) : emwihv_drw has 0 polygons
2026-08-23 19:32:29 +0200: Memory Usage (479136K) : lbe_drw has 0 polygons
2026-08-23 19:32:29 +0200: Memory Usage (479264K) : alcustop_drw has 0 polygons
2026-08-23 19:32:29 +0200: Memory Usage (479264K) : nometfiller_drw has 0 polygons
2026-08-23 19:32:29 +0200: Memory Usage (479392K) : prboundary_drw has 0 polygons
2026-08-23 19:32:29 +0200: Memory Usage (479520K) : exchange0_drw has 0 polygons
2026-08-23 19:32:29 +0200: Memory Usage (479520K) : exchange0_pin has 0 polygons
2026-08-23 19:32:29 +0200: Memory Usage (479648K) : exchange0_text has 0 polygons
2026-08-23 19:32:29 +0200: Memory Usage (479648K) : exchange1_drw has 0 polygons
2026-08-23 19:32:29 +0200: Memory Usage (479776K) : exchange1_pin has 0 polygons
2026-08-23 19:32:29 +0200: Memory Usage (479776K) : exchange1_text has 0 polygons
2026-08-23 19:32:29 +0200: Memory Usage (479904K) : exchange2_drw has 0 polygons
2026-08-23 19:32:29 +0200: Memory Usage (479904K) : exchange2_pin has 0 polygons
2026-08-23 19:32:29 +0200: Memory Usage (480032K) : exchange2_text has 0 polygons
2026-08-23 19:32:29 +0200: Memory Usage (480032K) : exchange3_drw has 0 polygons
2026-08-23 19:32:29 +0200: Memory Usage (480160K) : exchange3_pin has 0 polygons
2026-08-23 19:32:29 +0200: Memory Usage (480160K) : exchange3_text has 0 polygons
2026-08-23 19:32:29 +0200: Memory Usage (480288K) : exchange4_drw has 0 polygons
2026-08-23 19:32:29 +0200: Memory Usage (480416K) : exchange4_pin has 0 polygons
2026-08-23 19:32:29 +0200: Memory Usage (480416K) : exchange4_text has 0 polygons
2026-08-23 19:32:29 +0200: Memory Usage (480416K) : isonwell_drw has 0 polygons
2026-08-23 19:32:29 +0200: Memory Usage (480416K) : Total no. of polygons in the design is 611
2026-08-23 19:32:29 +0200: Memory Usage (480416K) : Starting CMOS5L Forbidden Layer Check
2026-08-23 19:32:29 +0200: Memory Usage (480416K) : CMOS5L Forbidden Layer Check: PASSED - No forbidden layers found
2026-08-23 19:32:29 +0200: Memory Usage (480416K) : CMOS5L Forbidden Layer Check: PASSED
2026-08-23 19:32:29 +0200: Memory Usage (480416K) : Starting base layers derivations
2026-08-23 19:32:29 +0200: Memory Usage (480416K) : Starting general LVS derivations
2026-08-23 19:32:29 +0200: Memory Usage (485512K) : Starting MOSFET DERIVATIONS
2026-08-23 19:32:29 +0200: Memory Usage (487688K) : Starting NMOS DERIVATIONS
2026-08-23 19:32:29 +0200: Memory Usage (487944K) : Starting PMOS DERIVATIONS
2026-08-23 19:32:29 +0200: Memory Usage (488200K) : Starting RF-MOSFET DERIVATIONS
2026-08-23 19:32:29 +0200: Memory Usage (488200K) : Starting RF-NMOS DERIVATIONS
2026-08-23 19:32:29 +0200: Memory Usage (488456K) : Starting RF-PMOS DERIVATIONS
2026-08-23 19:32:29 +0200: Memory Usage (488712K) : Starting BJT DERIVATIONS
2026-08-23 19:32:29 +0200: Memory Usage (488712K) : Starting NPN-BJT DERIVATIONS
2026-08-23 19:32:29 +0200: Memory Usage (489096K) : Starting PNP-BJT DERIVATIONS
2026-08-23 19:32:29 +0200: Memory Usage (489096K) : Starting DIODE DERIVATIONS
2026-08-23 19:32:29 +0200: Memory Usage (489096K) : Starting RESISTOR DERIVATIONS
2026-08-23 19:32:29 +0200: Memory Usage (489480K) : Starting CAP DERIVATIONS
2026-08-23 19:32:30 +0200: Memory Usage (489480K) : Starting CAP_MFRINGE DERIVATIONS
2026-08-23 19:32:30 +0200: Memory Usage (489480K) : Starting ESD DERIVATIONS
2026-08-23 19:32:30 +0200: Memory Usage (492680K) : Starting Inductor DERIVATIONS
2026-08-23 19:32:30 +0200: Memory Usage (493576K) : Starting Taps DERIVATIONS
2026-08-23 19:32:30 +0200: Memory Usage (493576K) : Starting SG13G2 LVS connectivity setup
2026-08-23 19:32:30 +0200: Memory Usage (493576K) : Starting SG13G2 LVS connectivity setup (Inter-layer)
2026-08-23 19:32:30 +0200: Memory Usage (493704K) : Starting SG13G2 LVS connectivity setup (Global)
2026-08-23 19:32:30 +0200: Memory Usage (493704K) : Starting LVS MOSFET CONNECTIONS
2026-08-23 19:32:30 +0200: Memory Usage (493704K) : Starting LVS RF-MOSFET CONNECTIONS
2026-08-23 19:32:30 +0200: Memory Usage (493704K) : Starting LVS BJT CONNECTIONS
2026-08-23 19:32:30 +0200: Memory Usage (493704K) : Starting LVS DIODE CONNECTIONS
2026-08-23 19:32:30 +0200: Memory Usage (493704K) : Starting RESISTOR CONNECTIONS
2026-08-23 19:32:30 +0200: Memory Usage (493704K) : Starting LVS CAP CONNECTIONS
2026-08-23 19:32:30 +0200: Memory Usage (493704K) : Starting ESD CONNECTIONS
2026-08-23 19:32:30 +0200: Memory Usage (493704K) : Starting Inductor CONNECTIONS
2026-08-23 19:32:30 +0200: Memory Usage (493704K) : Starting LVS Taps CONNECTIONS
2026-08-23 19:32:30 +0200: Memory Usage (493704K) : Starting CAP_MFRINGE CONNECTIONS
2026-08-23 19:32:30 +0200: Memory Usage (493704K) : Starting SG13CMOS5L LVS DEVICES EXTRACTION
2026-08-23 19:32:30 +0200: Memory Usage (493704K) : Starting MOSFET EXTRACTION
2026-08-23 19:32:30 +0200: Memory Usage (493704K) : Starting NMOS EXTRACTION
2026-08-23 19:32:30 +0200: Memory Usage (493704K) : Extraction of NMOS-LV transistor
2026-08-23 19:32:30 +0200: Memory Usage (493832K) : Extraction of NMOS-HV transistor
2026-08-23 19:32:30 +0200: Memory Usage (493832K) : Starting PMOS EXTRACTION
2026-08-23 19:32:30 +0200: Memory Usage (493832K) : Extraction of PMOS-LV transistor
2026-08-23 19:32:30 +0200: Memory Usage (493832K) : Extraction of PMOS-HV transistor
2026-08-23 19:32:30 +0200: Memory Usage (493832K) : Starting RF-MOSFET EXTRACTION
2026-08-23 19:32:30 +0200: Memory Usage (493832K) : Extraction of RF-NMOS-LV transistor
2026-08-23 19:32:30 +0200: Memory Usage (493832K) : Extraction of RF-NMOS-HV transistor
2026-08-23 19:32:30 +0200: Memory Usage (493832K) : Extraction of RF-PMOS-LV transistor
2026-08-23 19:32:30 +0200: Memory Usage (493832K) : Extraction of RF-PMOS-HV transistor
2026-08-23 19:32:30 +0200: Memory Usage (493832K) : Starting BJT EXTRACTION
2026-08-23 19:32:30 +0200: Memory Usage (493832K) : Starting NPN-BJT EXTRACTION
2026-08-23 19:32:30 +0200: Memory Usage (493832K) : Extraction of npn13G2 BJT transistor
2026-08-23 19:32:30 +0200: Memory Usage (493832K) : Extraction of npn13G2L BJT transistor
2026-08-23 19:32:30 +0200: Memory Usage (493832K) : Extraction of npn13G2V BJT transistor
2026-08-23 19:32:30 +0200: Memory Usage (493832K) : Starting PNP-BJT EXTRACTION
2026-08-23 19:32:30 +0200: Memory Usage (493832K) : Extracting pnpMPA BJT
2026-08-23 19:32:30 +0200: Memory Usage (493832K) : Starting DIODE EXTRACTION
2026-08-23 19:32:30 +0200: Memory Usage (493832K) : Extracting dantenna diode
2026-08-23 19:32:30 +0200: Memory Usage (493832K) : Extracting dpantenna diode
2026-08-23 19:32:30 +0200: Memory Usage (493832K) : Extracting schottky_nbl1 diode
2026-08-23 19:32:30 +0200: Memory Usage (493832K) : Extracting isolbox diode
2026-08-23 19:32:30 +0200: Memory Usage (493832K) : Starting RESISTOR EXTRACTION
2026-08-23 19:32:30 +0200: Memory Usage (493832K) : Extracting rsil resistor
2026-08-23 19:32:30 +0200: Memory Usage (493832K) : Extracting rppd resistor
2026-08-23 19:32:30 +0200: Memory Usage (493832K) : Extracting rhigh resistor
2026-08-23 19:32:30 +0200: Memory Usage (493832K) : Extracting res_metal1 resistor
2026-08-23 19:32:30 +0200: Memory Usage (494008K) : Extracting res_metal2 resistor
2026-08-23 19:32:30 +0200: Memory Usage (494008K) : Extracting res_metal3 resistor
2026-08-23 19:32:30 +0200: Memory Usage (494008K) : Extracting res_metal4 resistor
2026-08-23 19:32:30 +0200: Memory Usage (494008K) : Extracting res_metal5 resistor
2026-08-23 19:32:30 +0200: Memory Usage (494008K) : Extracting res_topmetal1 resistor
2026-08-23 19:32:30 +0200: Memory Usage (494008K) : Extracting res_topmetal2 resistor
2026-08-23 19:32:30 +0200: Memory Usage (494008K) : Starting CAP EXTRACTION
2026-08-23 19:32:30 +0200: Memory Usage (494008K) : Extracting cap_cmim device
2026-08-23 19:32:30 +0200: Memory Usage (494008K) : Extracting rfcmim device
2026-08-23 19:32:30 +0200: Memory Usage (494008K) : Extracting sg13_hv_svaricap varactor
2026-08-23 19:32:30 +0200: Memory Usage (494008K) : Extracting cap_mfringe device
2026-08-23 19:32:30 +0200: Memory Usage (494008K) : Starting ESD EXTRACTION
2026-08-23 19:32:30 +0200: Memory Usage (494008K) : Extracting diodevdd_2kv ESD device
2026-08-23 19:32:30 +0200: Memory Usage (494008K) : Extracting diodevdd_4kv ESD device
2026-08-23 19:32:30 +0200: Memory Usage (494008K) : Extracting diodevss_2kv ESD device
2026-08-23 19:32:30 +0200: Memory Usage (494008K) : Extracting diodevss_4kv ESD device
2026-08-23 19:32:30 +0200: Memory Usage (494008K) : Extracting idiodevdd_2kv ESD device
2026-08-23 19:32:30 +0200: Memory Usage (494008K) : Extracting idiodevdd_4kv ESD device
2026-08-23 19:32:30 +0200: Memory Usage (494008K) : Extracting idiodevss_2kv ESD device
2026-08-23 19:32:30 +0200: Memory Usage (494008K) : Extracting idiodevss_4kv ESD device
2026-08-23 19:32:30 +0200: Memory Usage (494008K) : Extracting nmoscl_2 ESD device
2026-08-23 19:32:30 +0200: Memory Usage (494008K) : Extracting nmoscl_4 ESD device
2026-08-23 19:32:30 +0200: Memory Usage (494008K) : Starting Inductor EXTRACTION
2026-08-23 19:32:30 +0200: Memory Usage (494008K) : Extracting Inductor2 device
2026-08-23 19:32:30 +0200: Memory Usage (494008K) : Extracting Inductor3 device
2026-08-23 19:32:30 +0200: Memory Usage (494008K) : Starting Taps EXTRACTION
2026-08-23 19:32:30 +0200: Memory Usage (494008K) : DISABLE_TAP_EXTRACTION is enabled: skipping ntap1/ptap1 device extraction.
2026-08-23 19:32:30 +0200: Memory Usage (494008K) : Starting SG13CMOS5L LVS RF MOS Model Mapping
2026-08-23 19:32:30 +0200: Memory Usage (494008K) : [layout_netlist] Apply RF MOS model mapping and rfmode parameter.
2026-08-23 19:32:30 +0200: Memory Usage (494008K) : Starting SG13CMOS5L LVS Options Preparations
2026-08-23 19:32:30 +0200: Memory Usage (494008K) : SG13CMOS5L LVS flow: extraction -> alignment -> option preparation -> comparison.
2026-08-23 19:32:30 +0200: Memory Usage (494008K) : Starting SG13CMOS5L LVS Alignment
2026-08-23 19:32:30 +0200: Memory Usage (494136K) : Starting SG13CMOS5L LVS Simplification
2026-08-23 19:32:30 +0200: Memory Usage (494136K) : [layout_netlist] simplify: ENABLED
2026-08-23 19:32:30 +0200: Memory Usage (494136K) : [layout_netlist] make_top_level_pins: SKIPPED
2026-08-23 19:32:30 +0200: Memory Usage (494136K) : [layout_netlist] combine_devices: SKIPPED
2026-08-23 19:32:30 +0200: Memory Usage (494136K) : [layout_netlist] purge: SKIPPED
2026-08-23 19:32:30 +0200: Memory Usage (494136K) : [layout_netlist] purge_nets: SKIPPED
2026-08-23 19:32:30 +0200: Memory Usage (494136K) : [schematic_netlist] simplify: ENABLED
2026-08-23 19:32:30 +0200: Memory Usage (494136K) : [schematic_netlist] make_top_level_pins: SKIPPED
2026-08-23 19:32:30 +0200: Memory Usage (494136K) : [schematic_netlist] combine_devices: SKIPPED
2026-08-23 19:32:30 +0200: Memory Usage (494136K) : [schematic_netlist] purge: SKIPPED
2026-08-23 19:32:30 +0200: Memory Usage (494136K) : [schematic_netlist] purge_nets: SKIPPED
2026-08-23 19:32:30 +0200: Memory Usage (494136K) : Starting SG13CMOS5L LVS Comparison in strict port mode.
2026-08-23 19:32:30 +0200: Memory Usage (494136K) : flag_missing_ports enabled: missing/mislabeled top-level ports are treated as errors.
2026-08-23 19:32:30 +0200: Memory Usage (494264K) : ==========================================
2026-08-23 19:32:30 +0200: Memory Usage (494264K) : INFO : Congratulations! Netlists match.
2026-08-23 19:32:30 +0200: Memory Usage (494264K) : ==========================================
2026-08-23 19:32:30 +0200: Memory Usage (494264K) : LVS Total Run time 1.176332 seconds
2026-08-23 19:34:10 +0200: Memory Usage (457532K) : Starting running SG13CMOS5L Klayout LVS runset on /foss/designs/CHIP-PLL/layout/CP/vbias/vbias.gds
2026-08-23 19:34:10 +0200: Memory Usage (457532K) : Ruby Version for klayout: 3.2.3
2026-08-23 19:34:10 +0200: Memory Usage (459000K) : Loading database to memory is complete.
2026-08-23 19:34:10 +0200: Memory Usage (459000K) : SG13CMOS5L Klayout LVS runset output at: /foss/designs/CHIP-PLL/layout/CP/lvs/vbias.lvsdb
2026-08-23 19:34:10 +0200: Memory Usage (459000K) : Evaluate switches.
2026-08-23 19:34:10 +0200: Memory Usage (459000K) : Extracted netlist with net names: true
2026-08-23 19:34:10 +0200: Memory Usage (459000K) : Extracted netlist with comments in details: false
2026-08-23 19:34:10 +0200: Memory Usage (459000K) : Selected NET_ONLY option: false
2026-08-23 19:34:10 +0200: Memory Usage (459000K) : Selected LAYOUT_NETLIST option: (none)
2026-08-23 19:34:10 +0200: Memory Usage (459000K) : Selected IGNORE_TOP_PORTS_MISMATCH option: 
2026-08-23 19:34:10 +0200: Memory Usage (459000K) : Selected IMPLICIT_NETS option: (none)
2026-08-23 19:34:10 +0200: Memory Usage (459000K) : Selected TOP_LVL_PINS option: false
2026-08-23 19:34:10 +0200: Memory Usage (459000K) : Selected COMBINE DEVICES option: false
2026-08-23 19:34:10 +0200: Memory Usage (459000K) : Selected PURGE option: false
2026-08-23 19:34:10 +0200: Memory Usage (459000K) : Selected PURGE_NETS option: false
2026-08-23 19:34:10 +0200: Memory Usage (459000K) : Selected SIMPLIFY option: true
2026-08-23 19:34:10 +0200: Memory Usage (459000K) : Selected SERIES_RES option: true
2026-08-23 19:34:10 +0200: Memory Usage (459000K) : Selected PARALLEL_RES option: true
2026-08-23 19:34:10 +0200: Memory Usage (459000K) : Selected DISABLE_TAP_EXTRACTION option: true
2026-08-23 19:34:10 +0200: Memory Usage (459000K) : deep  mode is enabled.
2026-08-23 19:34:10 +0200: Memory Usage (459256K) : Netlist file: /foss/designs/CHIP-PLL/layout/CP/netlists/vbias.spice
2026-08-23 19:34:10 +0200: Memory Usage (459256K) : LVS extracted netlist at: /foss/designs/CHIP-PLL/layout/CP/lvs/vbias_extracted.cir
2026-08-23 19:34:10 +0200: Memory Usage (459256K) : Applying SRAM integration support.
2026-08-23 19:34:10 +0200: Memory Usage (459256K) : Starting SG13CMOS5L LVS runset
2026-08-23 19:34:10 +0200: Memory Usage (459256K) : Read in polygons from layers.
2026-08-23 19:34:10 +0200: Memory Usage (460168K) : activ_drw has 43 polygons
2026-08-23 19:34:10 +0200: Memory Usage (460168K) : activ_filler has 0 polygons
2026-08-23 19:34:10 +0200: Memory Usage (460352K) : activ has 43 polygons
2026-08-23 19:34:10 +0200: Memory Usage (460352K) : activ_pin has 0 polygons
2026-08-23 19:34:10 +0200: Memory Usage (460480K) : activ_mask has 0 polygons
2026-08-23 19:34:10 +0200: Memory Usage (460480K) : activ_nofill has 0 polygons
2026-08-23 19:34:10 +0200: Memory Usage (460480K) : activ_OPC has 0 polygons
2026-08-23 19:34:10 +0200: Memory Usage (460480K) : activ_iOPC has 0 polygons
2026-08-23 19:34:10 +0200: Memory Usage (460480K) : activ_noqrc has 0 polygons
2026-08-23 19:34:10 +0200: Memory Usage (460480K) : biwind_drw has 0 polygons
2026-08-23 19:34:10 +0200: Memory Usage (460480K) : biwind_OPC has 0 polygons
2026-08-23 19:34:10 +0200: Memory Usage (460480K) : gatpoly_drw has 39 polygons
2026-08-23 19:34:10 +0200: Memory Usage (460480K) : gatpoly_filler has 0 polygons
2026-08-23 19:34:10 +0200: Memory Usage (460480K) : gatpoly has 39 polygons
2026-08-23 19:34:10 +0200: Memory Usage (460480K) : gatpoly_pin has 9 polygons
2026-08-23 19:34:10 +0200: Memory Usage (460608K) : gatpoly_nofill has 0 polygons
2026-08-23 19:34:10 +0200: Memory Usage (460608K) : gatpoly_OPC has 0 polygons
2026-08-23 19:34:10 +0200: Memory Usage (460608K) : gatpoly_iOPC has 0 polygons
2026-08-23 19:34:10 +0200: Memory Usage (460608K) : gatpoly_noqrc has 0 polygons
2026-08-23 19:34:10 +0200: Memory Usage (460608K) : cont_drw has 182 polygons
2026-08-23 19:34:10 +0200: Memory Usage (460608K) : cont_OPC has 0 polygons
2026-08-23 19:34:10 +0200: Memory Usage (460608K) : nsd_drw has 0 polygons
2026-08-23 19:34:10 +0200: Memory Usage (460736K) : nsd_block has 0 polygons
2026-08-23 19:34:10 +0200: Memory Usage (461264K) : metal1_drw has 125 polygons
2026-08-23 19:34:10 +0200: Memory Usage (461264K) : metal1_filler has 0 polygons
2026-08-23 19:34:10 +0200: Memory Usage (461392K) : metal1_slit has 0 polygons
2026-08-23 19:34:10 +0200: Memory Usage (461776K) : metal1 has 125 polygons
2026-08-23 19:34:10 +0200: Memory Usage (461776K) : metal1_pin has 32 polygons
2026-08-23 19:34:10 +0200: Memory Usage (461904K) : metal1_mask has 0 polygons
2026-08-23 19:34:10 +0200: Memory Usage (462032K) : metal1_nofill has 0 polygons
2026-08-23 19:34:10 +0200: Memory Usage (462296K) : metal1_text has 4 polygons
2026-08-23 19:34:10 +0200: Memory Usage (462296K) : metal1_OPC has 0 polygons
2026-08-23 19:34:10 +0200: Memory Usage (462296K) : metal1_noqrc has 0 polygons
2026-08-23 19:34:10 +0200: Memory Usage (462296K) : metal1_res has 0 polygons
2026-08-23 19:34:10 +0200: Memory Usage (462424K) : metal1_iprobe has 0 polygons
2026-08-23 19:34:10 +0200: Memory Usage (462424K) : metal1_diffprb has 0 polygons
2026-08-23 19:34:10 +0200: Memory Usage (462552K) : passiv_drw has 0 polygons
2026-08-23 19:34:10 +0200: Memory Usage (462552K) : passiv_pin has 0 polygons
2026-08-23 19:34:10 +0200: Memory Usage (462680K) : passiv_sbump has 0 polygons
2026-08-23 19:34:10 +0200: Memory Usage (462680K) : passiv_pillar has 0 polygons
2026-08-23 19:34:10 +0200: Memory Usage (462808K) : passiv_pdl has 0 polygons
2026-08-23 19:34:10 +0200: Memory Usage (462936K) : metal2_drw has 39 polygons
2026-08-23 19:34:10 +0200: Memory Usage (462936K) : metal2_filler has 0 polygons
2026-08-23 19:34:10 +0200: Memory Usage (463064K) : metal2_slit has 0 polygons
2026-08-23 19:34:10 +0200: Memory Usage (463192K) : metal2 has 39 polygons
2026-08-23 19:34:10 +0200: Memory Usage (463192K) : metal2_pin has 2 polygons
2026-08-23 19:34:10 +0200: Memory Usage (463320K) : metal2_mask has 0 polygons
2026-08-23 19:34:10 +0200: Memory Usage (463320K) : metal2_nofill has 0 polygons
2026-08-23 19:34:10 +0200: Memory Usage (463448K) : metal2_text has 2 polygons
2026-08-23 19:34:10 +0200: Memory Usage (463448K) : metal2_OPC has 0 polygons
2026-08-23 19:34:10 +0200: Memory Usage (463576K) : metal2_noqrc has 0 polygons
2026-08-23 19:34:10 +0200: Memory Usage (463576K) : metal2_res has 0 polygons
2026-08-23 19:34:10 +0200: Memory Usage (463704K) : metal2_iprobe has 0 polygons
2026-08-23 19:34:10 +0200: Memory Usage (463832K) : metal2_diffprb has 0 polygons
2026-08-23 19:34:10 +0200: Memory Usage (463960K) : baspoly_drw has 0 polygons
2026-08-23 19:34:10 +0200: Memory Usage (463960K) : baspoly_pin has 0 polygons
2026-08-23 19:34:10 +0200: Memory Usage (464088K) : psd_drw has 12 polygons
2026-08-23 19:34:10 +0200: Memory Usage (464088K) : nldb_drw has 0 polygons
2026-08-23 19:34:10 +0200: Memory Usage (464216K) : digibnd_drw has 0 polygons
2026-08-23 19:34:10 +0200: Memory Usage (464216K) : via1_drw has 30 polygons
2026-08-23 19:34:10 +0200: Memory Usage (464344K) : backmetal1_drw has 0 polygons
2026-08-23 19:34:10 +0200: Memory Usage (464344K) : backmetal1_pin has 0 polygons
2026-08-23 19:34:10 +0200: Memory Usage (464472K) : backmetal1_mask has 0 polygons
2026-08-23 19:34:10 +0200: Memory Usage (464600K) : backmetal1_filler has 0 polygons
2026-08-23 19:34:10 +0200: Memory Usage (464728K) : backmetal1_nofill has 0 polygons
2026-08-23 19:34:10 +0200: Memory Usage (464728K) : backmetal1_slit has 0 polygons
2026-08-23 19:34:10 +0200: Memory Usage (464856K) : backmetal1_text has 0 polygons
2026-08-23 19:34:10 +0200: Memory Usage (464856K) : backmetal1_OPC has 0 polygons
2026-08-23 19:34:10 +0200: Memory Usage (464984K) : backmetal1_noqrc has 0 polygons
2026-08-23 19:34:10 +0200: Memory Usage (464984K) : backmetal1_res has 0 polygons
2026-08-23 19:34:10 +0200: Memory Usage (465112K) : backmetal1_iprobe has 0 polygons
2026-08-23 19:34:10 +0200: Memory Usage (465112K) : backmetal1_diffprb has 0 polygons
2026-08-23 19:34:10 +0200: Memory Usage (465240K) : backpassiv_drw has 0 polygons
2026-08-23 19:34:10 +0200: Memory Usage (465368K) : res_drw has 0 polygons
2026-08-23 19:34:10 +0200: Memory Usage (465368K) : sram_drw has 0 polygons
2026-08-23 19:34:10 +0200: Memory Usage (465496K) : trans_drw has 0 polygons
2026-08-23 19:34:10 +0200: Memory Usage (465496K) : ind_drw has 0 polygons
2026-08-23 19:34:10 +0200: Memory Usage (465624K) : ind_pin has 0 polygons
2026-08-23 19:34:10 +0200: Memory Usage (465624K) : ind_text has 0 polygons
2026-08-23 19:34:10 +0200: Memory Usage (465752K) : salblock_drw has 2 polygons
2026-08-23 19:34:10 +0200: Memory Usage (465880K) : via2_drw has 16 polygons
2026-08-23 19:34:10 +0200: Memory Usage (466008K) : metal3_drw has 14 polygons
2026-08-23 19:34:10 +0200: Memory Usage (466008K) : metal3_filler has 0 polygons
2026-08-23 19:34:10 +0200: Memory Usage (466136K) : metal3_slit has 0 polygons
2026-08-23 19:34:10 +0200: Memory Usage (466264K) : metal3 has 14 polygons
2026-08-23 19:34:10 +0200: Memory Usage (466392K) : metal3_pin has 0 polygons
2026-08-23 19:34:10 +0200: Memory Usage (466392K) : metal3_mask has 0 polygons
2026-08-23 19:34:10 +0200: Memory Usage (466520K) : metal3_nofill has 0 polygons
2026-08-23 19:34:10 +0200: Memory Usage (466520K) : metal3_text has 0 polygons
2026-08-23 19:34:10 +0200: Memory Usage (466648K) : metal3_OPC has 0 polygons
2026-08-23 19:34:10 +0200: Memory Usage (466648K) : metal3_noqrc has 0 polygons
2026-08-23 19:34:10 +0200: Memory Usage (466648K) : metal3_res has 0 polygons
2026-08-23 19:34:10 +0200: Memory Usage (466776K) : metal3_iprobe has 0 polygons
2026-08-23 19:34:10 +0200: Memory Usage (466776K) : metal3_diffprb has 0 polygons
2026-08-23 19:34:10 +0200: Memory Usage (466776K) : nwell_drw has 11 polygons
2026-08-23 19:34:10 +0200: Memory Usage (466904K) : nwell_pin has 2 polygons
2026-08-23 19:34:10 +0200: Memory Usage (466904K) : nwell_text has 0 polygons
2026-08-23 19:34:10 +0200: Memory Usage (466904K) : nbulay_drw has 0 polygons
2026-08-23 19:34:10 +0200: Memory Usage (466904K) : nbulay_pin has 0 polygons
2026-08-23 19:34:10 +0200: Memory Usage (467032K) : nbulay_block has 0 polygons
2026-08-23 19:34:10 +0200: Memory Usage (467032K) : emwind_drw has 0 polygons
2026-08-23 19:34:10 +0200: Memory Usage (467032K) : emwind_OPC has 0 polygons
2026-08-23 19:34:10 +0200: Memory Usage (467160K) : deepco_drw has 0 polygons
2026-08-23 19:34:10 +0200: Memory Usage (467160K) : mim_drw has 0 polygons
2026-08-23 19:34:10 +0200: Memory Usage (467160K) : edgeseal_drw has 0 polygons
2026-08-23 19:34:10 +0200: Memory Usage (467288K) : substrate_drw has 6 polygons
2026-08-23 19:34:10 +0200: Memory Usage (467288K) : substrate_text has 0 polygons
2026-08-23 19:34:10 +0200: Memory Usage (467416K) : dfpad_drw has 0 polygons
2026-08-23 19:34:10 +0200: Memory Usage (467416K) : dfpad_pillar has 0 polygons
2026-08-23 19:34:10 +0200: Memory Usage (467544K) : dfpad_sbump has 0 polygons
2026-08-23 19:34:10 +0200: Memory Usage (467544K) : thickgateox_drw has 0 polygons
2026-08-23 19:34:10 +0200: Memory Usage (467672K) : pldb_drw has 0 polygons
2026-08-23 19:34:10 +0200: Memory Usage (467800K) : pwell_drw has 0 polygons
2026-08-23 19:34:10 +0200: Memory Usage (467800K) : pwell_pin has 0 polygons
2026-08-23 19:34:10 +0200: Memory Usage (467928K) : pwell_block has 0 polygons
2026-08-23 19:34:10 +0200: Memory Usage (467928K) : ic_drw has 0 polygons
2026-08-23 19:34:10 +0200: Memory Usage (468056K) : via3_drw has 0 polygons
2026-08-23 19:34:10 +0200: Memory Usage (468056K) : metal4_drw has 0 polygons
2026-08-23 19:34:10 +0200: Memory Usage (468184K) : metal4_filler has 0 polygons
2026-08-23 19:34:10 +0200: Memory Usage (468184K) : metal4_slit has 0 polygons
2026-08-23 19:34:10 +0200: Memory Usage (468312K) : metal4 has 0 polygons
2026-08-23 19:34:10 +0200: Memory Usage (468440K) : metal4_pin has 0 polygons
2026-08-23 19:34:10 +0200: Memory Usage (468440K) : metal4_mask has 0 polygons
2026-08-23 19:34:10 +0200: Memory Usage (468568K) : metal4_nofill has 0 polygons
2026-08-23 19:34:10 +0200: Memory Usage (468696K) : metal4_text has 0 polygons
2026-08-23 19:34:10 +0200: Memory Usage (468696K) : metal4_OPC has 0 polygons
2026-08-23 19:34:10 +0200: Memory Usage (468824K) : metal4_noqrc has 0 polygons
2026-08-23 19:34:10 +0200: Memory Usage (468824K) : metal4_res has 0 polygons
2026-08-23 19:34:10 +0200: Memory Usage (468952K) : metal4_iprobe has 0 polygons
2026-08-23 19:34:10 +0200: Memory Usage (468952K) : metal4_diffprb has 0 polygons
2026-08-23 19:34:10 +0200: Memory Usage (469080K) : heattrans_drw has 13 polygons
2026-08-23 19:34:10 +0200: Memory Usage (469080K) : heatres_drw has 2 polygons
2026-08-23 19:34:10 +0200: Memory Usage (469208K) : fbe_drw has 0 polygons
2026-08-23 19:34:10 +0200: Memory Usage (469208K) : empoly_drw has 0 polygons
2026-08-23 19:34:10 +0200: Memory Usage (469336K) : digisub_drw has 0 polygons
2026-08-23 19:34:10 +0200: Memory Usage (469336K) : text_drw has 19 polygons
2026-08-23 19:34:10 +0200: Memory Usage (469336K) : via4_drw has 0 polygons
2026-08-23 19:34:10 +0200: Memory Usage (469464K) : metal5_drw has 0 polygons
2026-08-23 19:34:10 +0200: Memory Usage (469464K) : metal5_filler has 0 polygons
2026-08-23 19:34:10 +0200: Memory Usage (469464K) : metal5_slit has 0 polygons
2026-08-23 19:34:10 +0200: Memory Usage (469592K) : metal5 has 0 polygons
2026-08-23 19:34:10 +0200: Memory Usage (469720K) : metal5_pin has 0 polygons
2026-08-23 19:34:10 +0200: Memory Usage (469720K) : metal5_mask has 0 polygons
2026-08-23 19:34:10 +0200: Memory Usage (469848K) : metal5_nofill has 0 polygons
2026-08-23 19:34:10 +0200: Memory Usage (469848K) : metal5_text has 0 polygons
2026-08-23 19:34:10 +0200: Memory Usage (469976K) : metal5_OPC has 0 polygons
2026-08-23 19:34:10 +0200: Memory Usage (469976K) : metal5_noqrc has 0 polygons
2026-08-23 19:34:10 +0200: Memory Usage (470104K) : metal5_res has 0 polygons
2026-08-23 19:34:10 +0200: Memory Usage (470232K) : metal5_iprobe has 0 polygons
2026-08-23 19:34:10 +0200: Memory Usage (470232K) : metal5_diffprb has 0 polygons
2026-08-23 19:34:10 +0200: Memory Usage (470360K) : radhard_drw has 0 polygons
2026-08-23 19:34:10 +0200: Memory Usage (470360K) : memcap_drw has 0 polygons
2026-08-23 19:34:10 +0200: Memory Usage (470488K) : varicap_drw has 0 polygons
2026-08-23 19:34:10 +0200: Memory Usage (470488K) : intbondvia_drw has 0 polygons
2026-08-23 19:34:10 +0200: Memory Usage (470616K) : intbondmet_drw has 0 polygons
2026-08-23 19:34:10 +0200: Memory Usage (470616K) : devbondvia_drw has 0 polygons
2026-08-23 19:34:10 +0200: Memory Usage (470744K) : devbondmet_drw has 0 polygons
2026-08-23 19:34:10 +0200: Memory Usage (470872K) : devtrench_drw has 0 polygons
2026-08-23 19:34:10 +0200: Memory Usage (470872K) : redist_drw has 0 polygons
2026-08-23 19:34:10 +0200: Memory Usage (471000K) : graphbot_drw has 0 polygons
2026-08-23 19:34:10 +0200: Memory Usage (471000K) : graphtop_drw has 0 polygons
2026-08-23 19:34:10 +0200: Memory Usage (471128K) : antvia1_drw has 0 polygons
2026-08-23 19:34:10 +0200: Memory Usage (471128K) : antmetal2_drw has 0 polygons
2026-08-23 19:34:10 +0200: Memory Usage (471256K) : graphcont_drw has 0 polygons
2026-08-23 19:34:10 +0200: Memory Usage (471256K) : siwg_drw has 0 polygons
2026-08-23 19:34:10 +0200: Memory Usage (471384K) : siwg_filler has 0 polygons
2026-08-23 19:34:10 +0200: Memory Usage (471384K) : siwg_nofill has 0 polygons
2026-08-23 19:34:10 +0200: Memory Usage (471512K) : sigrating_drw has 0 polygons
2026-08-23 19:34:10 +0200: Memory Usage (471512K) : singrating_drw has 0 polygons
2026-08-23 19:34:10 +0200: Memory Usage (471512K) : graphpas_drw has 0 polygons
2026-08-23 19:34:10 +0200: Memory Usage (471640K) : emwind3_drw has 0 polygons
2026-08-23 19:34:10 +0200: Memory Usage (471640K) : emwihv3_drw has 0 polygons
2026-08-23 19:34:10 +0200: Memory Usage (471640K) : redbulay_drw has 0 polygons
2026-08-23 19:34:10 +0200: Memory Usage (471640K) : smos_drw has 0 polygons
2026-08-23 19:34:10 +0200: Memory Usage (471768K) : graphpad_drw has 0 polygons
2026-08-23 19:34:10 +0200: Memory Usage (471768K) : polimide_drw has 0 polygons
2026-08-23 19:34:10 +0200: Memory Usage (471896K) : polimide_pin has 0 polygons
2026-08-23 19:34:10 +0200: Memory Usage (471896K) : recog_drw has 0 polygons
2026-08-23 19:34:10 +0200: Memory Usage (472024K) : recog_pin has 0 polygons
2026-08-23 19:34:10 +0200: Memory Usage (472024K) : recog_esd has 0 polygons
2026-08-23 19:34:10 +0200: Memory Usage (472152K) : recog_diode has 0 polygons
2026-08-23 19:34:10 +0200: Memory Usage (472152K) : recog_tsv has 0 polygons
2026-08-23 19:34:10 +0200: Memory Usage (472280K) : recog_iprobe has 0 polygons
2026-08-23 19:34:10 +0200: Memory Usage (472408K) : recog_diffprb has 0 polygons
2026-08-23 19:34:10 +0200: Memory Usage (472408K) : recog_pillar has 0 polygons
2026-08-23 19:34:10 +0200: Memory Usage (472536K) : recog_sbump has 0 polygons
2026-08-23 19:34:10 +0200: Memory Usage (472536K) : recog_otp has 0 polygons
2026-08-23 19:34:10 +0200: Memory Usage (472664K) : recog_pdiode has 0 polygons
2026-08-23 19:34:10 +0200: Memory Usage (472664K) : recog_mom has 0 polygons
2026-08-23 19:34:10 +0200: Memory Usage (472792K) : recog_pcm has 0 polygons
2026-08-23 19:34:10 +0200: Memory Usage (472920K) : colopen_drw has 0 polygons
2026-08-23 19:34:10 +0200: Memory Usage (472920K) : graphmetal1_drw has 0 polygons
2026-08-23 19:34:10 +0200: Memory Usage (473048K) : graphmetal1_filler has 0 polygons
2026-08-23 19:34:10 +0200: Memory Usage (473048K) : graphmetal1_nofill has 0 polygons
2026-08-23 19:34:10 +0200: Memory Usage (473176K) : graphmetal1_slit has 0 polygons
2026-08-23 19:34:10 +0200: Memory Usage (473176K) : graphmetal1_OPC has 0 polygons
2026-08-23 19:34:10 +0200: Memory Usage (473304K) : graphmet1l_drw has 0 polygons
2026-08-23 19:34:10 +0200: Memory Usage (473304K) : graphmet1l_filler has 0 polygons
2026-08-23 19:34:10 +0200: Memory Usage (473432K) : graphmet1l_nofill has 0 polygons
2026-08-23 19:34:10 +0200: Memory Usage (473432K) : graphmet1l_slit has 0 polygons
2026-08-23 19:34:10 +0200: Memory Usage (473560K) : graphmet1l_OPC has 0 polygons
2026-08-23 19:34:10 +0200: Memory Usage (473688K) : extblock_drw has 6 polygons
2026-08-23 19:34:10 +0200: Memory Usage (473688K) : nldd_drw has 0 polygons
2026-08-23 19:34:10 +0200: Memory Usage (473816K) : pldd_drw has 0 polygons
2026-08-23 19:34:10 +0200: Memory Usage (473816K) : next_drw has 0 polygons
2026-08-23 19:34:10 +0200: Memory Usage (473944K) : pext_drw has 0 polygons
2026-08-23 19:34:10 +0200: Memory Usage (473944K) : nexthv_drw has 0 polygons
2026-08-23 19:34:10 +0200: Memory Usage (474072K) : pexthv_drw has 0 polygons
2026-08-23 19:34:10 +0200: Memory Usage (474072K) : graphgate_drw has 0 polygons
2026-08-23 19:34:10 +0200: Memory Usage (474072K) : sinwg_drw has 0 polygons
2026-08-23 19:34:10 +0200: Memory Usage (474072K) : sinwg_filler has 0 polygons
2026-08-23 19:34:10 +0200: Memory Usage (474072K) : sinwg_nofill has 0 polygons
2026-08-23 19:34:10 +0200: Memory Usage (474072K) : mempad_drw has 0 polygons
2026-08-23 19:34:10 +0200: Memory Usage (474072K) : topvia1_drw has 0 polygons
2026-08-23 19:34:10 +0200: Memory Usage (474200K) : topmetal1_drw has 0 polygons
2026-08-23 19:34:10 +0200: Memory Usage (474328K) : topmetal1_filler has 0 polygons
2026-08-23 19:34:10 +0200: Memory Usage (474328K) : topmetal1_slit has 0 polygons
2026-08-23 19:34:10 +0200: Memory Usage (474456K) : topmetal1 has 0 polygons
2026-08-23 19:34:10 +0200: Memory Usage (474584K) : topmetal1_pin has 0 polygons
2026-08-23 19:34:10 +0200: Memory Usage (474584K) : topmetal1_mask has 0 polygons
2026-08-23 19:34:10 +0200: Memory Usage (474712K) : topmetal1_nofill has 0 polygons
2026-08-23 19:34:10 +0200: Memory Usage (474712K) : topmetal1_text has 0 polygons
2026-08-23 19:34:10 +0200: Memory Usage (474840K) : topmetal1_noqrc has 0 polygons
2026-08-23 19:34:10 +0200: Memory Usage (474840K) : topmetal1_res has 0 polygons
2026-08-23 19:34:10 +0200: Memory Usage (474968K) : topmetal1_iprobe has 0 polygons
2026-08-23 19:34:10 +0200: Memory Usage (474968K) : topmetal1_diffprb has 0 polygons
2026-08-23 19:34:10 +0200: Memory Usage (475096K) : inldpwl_drw has 0 polygons
2026-08-23 19:34:10 +0200: Memory Usage (475224K) : polyres_drw has 2 polygons
2026-08-23 19:34:10 +0200: Memory Usage (475224K) : polyres_pin has 0 polygons
2026-08-23 19:34:10 +0200: Memory Usage (475352K) : vmim_drw has 0 polygons
2026-08-23 19:34:10 +0200: Memory Usage (475352K) : nbulaycut_drw has 0 polygons
2026-08-23 19:34:10 +0200: Memory Usage (475480K) : antmetal1_drw has 0 polygons
2026-08-23 19:34:10 +0200: Memory Usage (475480K) : topvia2_drw has 0 polygons
2026-08-23 19:34:10 +0200: Memory Usage (475608K) : topmetal2_drw has 0 polygons
2026-08-23 19:34:10 +0200: Memory Usage (475608K) : topmetal2_filler has 0 polygons
2026-08-23 19:34:10 +0200: Memory Usage (475736K) : topmetal2_slit has 0 polygons
2026-08-23 19:34:10 +0200: Memory Usage (475864K) : topmetal2 has 0 polygons
2026-08-23 19:34:10 +0200: Memory Usage (475992K) : topmetal2_pin has 0 polygons
2026-08-23 19:34:10 +0200: Memory Usage (475992K) : topmetal2_mask has 0 polygons
2026-08-23 19:34:10 +0200: Memory Usage (476120K) : topmetal2_nofill has 0 polygons
2026-08-23 19:34:10 +0200: Memory Usage (476120K) : topmetal2_text has 0 polygons
2026-08-23 19:34:10 +0200: Memory Usage (476248K) : topmetal2_noqrc has 0 polygons
2026-08-23 19:34:10 +0200: Memory Usage (476248K) : topmetal2_res has 0 polygons
2026-08-23 19:34:10 +0200: Memory Usage (476376K) : topmetal2_iprobe has 0 polygons
2026-08-23 19:34:10 +0200: Memory Usage (476376K) : topmetal2_diffprb has 0 polygons
2026-08-23 19:34:10 +0200: Memory Usage (476504K) : snsring_drw has 0 polygons
2026-08-23 19:34:10 +0200: Memory Usage (476504K) : sensor_drw has 0 polygons
2026-08-23 19:34:10 +0200: Memory Usage (476632K) : snsarms_drw has 0 polygons
2026-08-23 19:34:10 +0200: Memory Usage (476760K) : snscmosvia_drw has 0 polygons
2026-08-23 19:34:10 +0200: Memory Usage (476760K) : colwind_drw has 0 polygons
2026-08-23 19:34:10 +0200: Memory Usage (476888K) : flm_drw has 0 polygons
2026-08-23 19:34:10 +0200: Memory Usage (476888K) : hafniumox_drw has 0 polygons
2026-08-23 19:34:10 +0200: Memory Usage (477016K) : memvia_drw has 0 polygons
2026-08-23 19:34:10 +0200: Memory Usage (477016K) : thinfilmres_drw has 0 polygons
2026-08-23 19:34:10 +0200: Memory Usage (477144K) : rfmem_drw has 0 polygons
2026-08-23 19:34:10 +0200: Memory Usage (477272K) : norcx_drw has 0 polygons
2026-08-23 19:34:10 +0200: Memory Usage (477272K) : norcx_m2m3 has 0 polygons
2026-08-23 19:34:10 +0200: Memory Usage (477400K) : norcx_m2m4 has 0 polygons
2026-08-23 19:34:10 +0200: Memory Usage (477400K) : norcx_m2m5 has 0 polygons
2026-08-23 19:34:10 +0200: Memory Usage (477528K) : norcx_m2tm1 has 0 polygons
2026-08-23 19:34:10 +0200: Memory Usage (477528K) : norcx_m2tm2 has 0 polygons
2026-08-23 19:34:10 +0200: Memory Usage (477656K) : norcx_m3m4 has 0 polygons
2026-08-23 19:34:10 +0200: Memory Usage (477656K) : norcx_m3m5 has 0 polygons
2026-08-23 19:34:10 +0200: Memory Usage (477784K) : norcx_m3tm1 has 0 polygons
2026-08-23 19:34:10 +0200: Memory Usage (477784K) : norcx_m3tm2 has 0 polygons
2026-08-23 19:34:10 +0200: Memory Usage (477912K) : norcx_m4m5 has 0 polygons
2026-08-23 19:34:10 +0200: Memory Usage (478040K) : norcx_m4tm1 has 0 polygons
2026-08-23 19:34:10 +0200: Memory Usage (478040K) : norcx_m4tm2 has 0 polygons
2026-08-23 19:34:10 +0200: Memory Usage (478168K) : norcx_m5tm1 has 0 polygons
2026-08-23 19:34:10 +0200: Memory Usage (478168K) : norcx_m5tm2 has 0 polygons
2026-08-23 19:34:10 +0200: Memory Usage (478296K) : norcx_tm1tm2 has 0 polygons
2026-08-23 19:34:10 +0200: Memory Usage (478296K) : norcx_m1sub has 0 polygons
2026-08-23 19:34:10 +0200: Memory Usage (478424K) : norcx_m2sub has 0 polygons
2026-08-23 19:34:10 +0200: Memory Usage (478424K) : norcx_m3sub has 0 polygons
2026-08-23 19:34:10 +0200: Memory Usage (478552K) : norcx_m4sub has 0 polygons
2026-08-23 19:34:10 +0200: Memory Usage (478680K) : norcx_m5sub has 0 polygons
2026-08-23 19:34:10 +0200: Memory Usage (478680K) : norcx_tm1sub has 0 polygons
2026-08-23 19:34:10 +0200: Memory Usage (478808K) : norcx_tm2sub has 0 polygons
2026-08-23 19:34:10 +0200: Memory Usage (478808K) : snsbotvia_drw has 0 polygons
2026-08-23 19:34:10 +0200: Memory Usage (478936K) : snstopvia_drw has 0 polygons
2026-08-23 19:34:10 +0200: Memory Usage (478936K) : deepvia_drw has 0 polygons
2026-08-23 19:34:10 +0200: Memory Usage (479064K) : fgetch_drw has 0 polygons
2026-08-23 19:34:10 +0200: Memory Usage (479064K) : ctrgat_drw has 0 polygons
2026-08-23 19:34:10 +0200: Memory Usage (479192K) : fgimp_drw has 0 polygons
2026-08-23 19:34:10 +0200: Memory Usage (479192K) : emwihv_drw has 0 polygons
2026-08-23 19:34:10 +0200: Memory Usage (479320K) : lbe_drw has 0 polygons
2026-08-23 19:34:10 +0200: Memory Usage (479448K) : alcustop_drw has 0 polygons
2026-08-23 19:34:10 +0200: Memory Usage (479448K) : nometfiller_drw has 0 polygons
2026-08-23 19:34:10 +0200: Memory Usage (479576K) : prboundary_drw has 0 polygons
2026-08-23 19:34:10 +0200: Memory Usage (479576K) : exchange0_drw has 0 polygons
2026-08-23 19:34:10 +0200: Memory Usage (479704K) : exchange0_pin has 0 polygons
2026-08-23 19:34:10 +0200: Memory Usage (479704K) : exchange0_text has 0 polygons
2026-08-23 19:34:10 +0200: Memory Usage (479832K) : exchange1_drw has 0 polygons
2026-08-23 19:34:10 +0200: Memory Usage (479832K) : exchange1_pin has 0 polygons
2026-08-23 19:34:10 +0200: Memory Usage (479960K) : exchange1_text has 0 polygons
2026-08-23 19:34:10 +0200: Memory Usage (479960K) : exchange2_drw has 0 polygons
2026-08-23 19:34:10 +0200: Memory Usage (480088K) : exchange2_pin has 0 polygons
2026-08-23 19:34:10 +0200: Memory Usage (480088K) : exchange2_text has 0 polygons
2026-08-23 19:34:10 +0200: Memory Usage (480216K) : exchange3_drw has 0 polygons
2026-08-23 19:34:10 +0200: Memory Usage (480344K) : exchange3_pin has 0 polygons
2026-08-23 19:34:10 +0200: Memory Usage (480344K) : exchange3_text has 0 polygons
2026-08-23 19:34:10 +0200: Memory Usage (480344K) : exchange4_drw has 0 polygons
2026-08-23 19:34:10 +0200: Memory Usage (480472K) : exchange4_pin has 0 polygons
2026-08-23 19:34:10 +0200: Memory Usage (480472K) : exchange4_text has 0 polygons
2026-08-23 19:34:10 +0200: Memory Usage (480472K) : isonwell_drw has 0 polygons
2026-08-23 19:34:10 +0200: Memory Usage (480472K) : Total no. of polygons in the design is 612
2026-08-23 19:34:10 +0200: Memory Usage (480472K) : Starting CMOS5L Forbidden Layer Check
2026-08-23 19:34:10 +0200: Memory Usage (480600K) : CMOS5L Forbidden Layer Check: PASSED - No forbidden layers found
2026-08-23 19:34:10 +0200: Memory Usage (480600K) : CMOS5L Forbidden Layer Check: PASSED
2026-08-23 19:34:10 +0200: Memory Usage (480600K) : Starting base layers derivations
2026-08-23 19:34:10 +0200: Memory Usage (480600K) : Starting general LVS derivations
2026-08-23 19:34:10 +0200: Memory Usage (485556K) : Starting MOSFET DERIVATIONS
2026-08-23 19:34:10 +0200: Memory Usage (487604K) : Starting NMOS DERIVATIONS
2026-08-23 19:34:10 +0200: Memory Usage (487860K) : Starting PMOS DERIVATIONS
2026-08-23 19:34:10 +0200: Memory Usage (488116K) : Starting RF-MOSFET DERIVATIONS
2026-08-23 19:34:10 +0200: Memory Usage (488116K) : Starting RF-NMOS DERIVATIONS
2026-08-23 19:34:10 +0200: Memory Usage (488372K) : Starting RF-PMOS DERIVATIONS
2026-08-23 19:34:10 +0200: Memory Usage (488628K) : Starting BJT DERIVATIONS
2026-08-23 19:34:10 +0200: Memory Usage (488628K) : Starting NPN-BJT DERIVATIONS
2026-08-23 19:34:10 +0200: Memory Usage (489140K) : Starting PNP-BJT DERIVATIONS
2026-08-23 19:34:10 +0200: Memory Usage (489140K) : Starting DIODE DERIVATIONS
2026-08-23 19:34:10 +0200: Memory Usage (489140K) : Starting RESISTOR DERIVATIONS
2026-08-23 19:34:10 +0200: Memory Usage (489524K) : Starting CAP DERIVATIONS
2026-08-23 19:34:11 +0200: Memory Usage (489524K) : Starting CAP_MFRINGE DERIVATIONS
2026-08-23 19:34:11 +0200: Memory Usage (489524K) : Starting ESD DERIVATIONS
2026-08-23 19:34:11 +0200: Memory Usage (489524K) : Starting Inductor DERIVATIONS
2026-08-23 19:34:11 +0200: Memory Usage (492340K) : Starting Taps DERIVATIONS
2026-08-23 19:34:11 +0200: Memory Usage (493108K) : Starting SG13G2 LVS connectivity setup
2026-08-23 19:34:11 +0200: Memory Usage (493108K) : Starting SG13G2 LVS connectivity setup (Inter-layer)
2026-08-23 19:34:11 +0200: Memory Usage (493236K) : Starting SG13G2 LVS connectivity setup (Global)
2026-08-23 19:34:11 +0200: Memory Usage (493236K) : Starting LVS MOSFET CONNECTIONS
2026-08-23 19:34:11 +0200: Memory Usage (493236K) : Starting LVS RF-MOSFET CONNECTIONS
2026-08-23 19:34:11 +0200: Memory Usage (493236K) : Starting LVS BJT CONNECTIONS
2026-08-23 19:34:11 +0200: Memory Usage (493236K) : Starting LVS DIODE CONNECTIONS
2026-08-23 19:34:11 +0200: Memory Usage (493236K) : Starting RESISTOR CONNECTIONS
2026-08-23 19:34:11 +0200: Memory Usage (493236K) : Starting LVS CAP CONNECTIONS
2026-08-23 19:34:11 +0200: Memory Usage (493236K) : Starting ESD CONNECTIONS
2026-08-23 19:34:11 +0200: Memory Usage (493236K) : Starting Inductor CONNECTIONS
2026-08-23 19:34:11 +0200: Memory Usage (493236K) : Starting LVS Taps CONNECTIONS
2026-08-23 19:34:11 +0200: Memory Usage (493236K) : Starting CAP_MFRINGE CONNECTIONS
2026-08-23 19:34:11 +0200: Memory Usage (493236K) : Starting SG13CMOS5L LVS DEVICES EXTRACTION
2026-08-23 19:34:11 +0200: Memory Usage (493236K) : Starting MOSFET EXTRACTION
2026-08-23 19:34:11 +0200: Memory Usage (493236K) : Starting NMOS EXTRACTION
2026-08-23 19:34:11 +0200: Memory Usage (493236K) : Extraction of NMOS-LV transistor
2026-08-23 19:34:11 +0200: Memory Usage (493364K) : Extraction of NMOS-HV transistor
2026-08-23 19:34:11 +0200: Memory Usage (493364K) : Starting PMOS EXTRACTION
2026-08-23 19:34:11 +0200: Memory Usage (493364K) : Extraction of PMOS-LV transistor
2026-08-23 19:34:11 +0200: Memory Usage (493364K) : Extraction of PMOS-HV transistor
2026-08-23 19:34:11 +0200: Memory Usage (493364K) : Starting RF-MOSFET EXTRACTION
2026-08-23 19:34:11 +0200: Memory Usage (493364K) : Extraction of RF-NMOS-LV transistor
2026-08-23 19:34:11 +0200: Memory Usage (493364K) : Extraction of RF-NMOS-HV transistor
2026-08-23 19:34:11 +0200: Memory Usage (493364K) : Extraction of RF-PMOS-LV transistor
2026-08-23 19:34:11 +0200: Memory Usage (493364K) : Extraction of RF-PMOS-HV transistor
2026-08-23 19:34:11 +0200: Memory Usage (493364K) : Starting BJT EXTRACTION
2026-08-23 19:34:11 +0200: Memory Usage (493364K) : Starting NPN-BJT EXTRACTION
2026-08-23 19:34:11 +0200: Memory Usage (493364K) : Extraction of npn13G2 BJT transistor
2026-08-23 19:34:11 +0200: Memory Usage (493364K) : Extraction of npn13G2L BJT transistor
2026-08-23 19:34:11 +0200: Memory Usage (493364K) : Extraction of npn13G2V BJT transistor
2026-08-23 19:34:11 +0200: Memory Usage (493364K) : Starting PNP-BJT EXTRACTION
2026-08-23 19:34:11 +0200: Memory Usage (493364K) : Extracting pnpMPA BJT
2026-08-23 19:34:11 +0200: Memory Usage (493364K) : Starting DIODE EXTRACTION
2026-08-23 19:34:11 +0200: Memory Usage (493364K) : Extracting dantenna diode
2026-08-23 19:34:11 +0200: Memory Usage (493364K) : Extracting dpantenna diode
2026-08-23 19:34:11 +0200: Memory Usage (493364K) : Extracting schottky_nbl1 diode
2026-08-23 19:34:11 +0200: Memory Usage (493364K) : Extracting isolbox diode
2026-08-23 19:34:11 +0200: Memory Usage (493364K) : Starting RESISTOR EXTRACTION
2026-08-23 19:34:11 +0200: Memory Usage (493364K) : Extracting rsil resistor
2026-08-23 19:34:11 +0200: Memory Usage (493364K) : Extracting rppd resistor
2026-08-23 19:34:11 +0200: Memory Usage (493364K) : Extracting rhigh resistor
2026-08-23 19:34:11 +0200: Memory Usage (493364K) : Extracting res_metal1 resistor
2026-08-23 19:34:11 +0200: Memory Usage (493540K) : Extracting res_metal2 resistor
2026-08-23 19:34:11 +0200: Memory Usage (493540K) : Extracting res_metal3 resistor
2026-08-23 19:34:11 +0200: Memory Usage (493540K) : Extracting res_metal4 resistor
2026-08-23 19:34:11 +0200: Memory Usage (493540K) : Extracting res_metal5 resistor
2026-08-23 19:34:11 +0200: Memory Usage (493540K) : Extracting res_topmetal1 resistor
2026-08-23 19:34:11 +0200: Memory Usage (493540K) : Extracting res_topmetal2 resistor
2026-08-23 19:34:11 +0200: Memory Usage (493540K) : Starting CAP EXTRACTION
2026-08-23 19:34:11 +0200: Memory Usage (493540K) : Extracting cap_cmim device
2026-08-23 19:34:11 +0200: Memory Usage (493540K) : Extracting rfcmim device
2026-08-23 19:34:11 +0200: Memory Usage (493540K) : Extracting sg13_hv_svaricap varactor
2026-08-23 19:34:11 +0200: Memory Usage (493540K) : Extracting cap_mfringe device
2026-08-23 19:34:11 +0200: Memory Usage (493540K) : Starting ESD EXTRACTION
2026-08-23 19:34:11 +0200: Memory Usage (493540K) : Extracting diodevdd_2kv ESD device
2026-08-23 19:34:11 +0200: Memory Usage (493540K) : Extracting diodevdd_4kv ESD device
2026-08-23 19:34:11 +0200: Memory Usage (493540K) : Extracting diodevss_2kv ESD device
2026-08-23 19:34:11 +0200: Memory Usage (493540K) : Extracting diodevss_4kv ESD device
2026-08-23 19:34:11 +0200: Memory Usage (493540K) : Extracting idiodevdd_2kv ESD device
2026-08-23 19:34:11 +0200: Memory Usage (493540K) : Extracting idiodevdd_4kv ESD device
2026-08-23 19:34:11 +0200: Memory Usage (493540K) : Extracting idiodevss_2kv ESD device
2026-08-23 19:34:11 +0200: Memory Usage (493540K) : Extracting idiodevss_4kv ESD device
2026-08-23 19:34:11 +0200: Memory Usage (493540K) : Extracting nmoscl_2 ESD device
2026-08-23 19:34:11 +0200: Memory Usage (493540K) : Extracting nmoscl_4 ESD device
2026-08-23 19:34:11 +0200: Memory Usage (493540K) : Starting Inductor EXTRACTION
2026-08-23 19:34:11 +0200: Memory Usage (493540K) : Extracting Inductor2 device
2026-08-23 19:34:11 +0200: Memory Usage (493540K) : Extracting Inductor3 device
2026-08-23 19:34:11 +0200: Memory Usage (493540K) : Starting Taps EXTRACTION
2026-08-23 19:34:11 +0200: Memory Usage (493540K) : DISABLE_TAP_EXTRACTION is enabled: skipping ntap1/ptap1 device extraction.
2026-08-23 19:34:11 +0200: Memory Usage (493540K) : Starting SG13CMOS5L LVS RF MOS Model Mapping
2026-08-23 19:34:11 +0200: Memory Usage (493540K) : [layout_netlist] Apply RF MOS model mapping and rfmode parameter.
2026-08-23 19:34:11 +0200: Memory Usage (493540K) : Starting SG13CMOS5L LVS Options Preparations
2026-08-23 19:34:11 +0200: Memory Usage (493540K) : SG13CMOS5L LVS flow: extraction -> alignment -> option preparation -> comparison.
2026-08-23 19:34:11 +0200: Memory Usage (493540K) : Starting SG13CMOS5L LVS Alignment
2026-08-23 19:34:11 +0200: Memory Usage (493540K) : Starting SG13CMOS5L LVS Simplification
2026-08-23 19:34:11 +0200: Memory Usage (493540K) : [layout_netlist] simplify: ENABLED
2026-08-23 19:34:11 +0200: Memory Usage (493540K) : [layout_netlist] make_top_level_pins: SKIPPED
2026-08-23 19:34:11 +0200: Memory Usage (493540K) : [layout_netlist] combine_devices: SKIPPED
2026-08-23 19:34:11 +0200: Memory Usage (493540K) : [layout_netlist] purge: SKIPPED
2026-08-23 19:34:11 +0200: Memory Usage (493540K) : [layout_netlist] purge_nets: SKIPPED
2026-08-23 19:34:11 +0200: Memory Usage (493540K) : [schematic_netlist] simplify: ENABLED
2026-08-23 19:34:11 +0200: Memory Usage (493540K) : [schematic_netlist] make_top_level_pins: SKIPPED
2026-08-23 19:34:11 +0200: Memory Usage (493540K) : [schematic_netlist] combine_devices: SKIPPED
2026-08-23 19:34:11 +0200: Memory Usage (493540K) : [schematic_netlist] purge: SKIPPED
2026-08-23 19:34:11 +0200: Memory Usage (493540K) : [schematic_netlist] purge_nets: SKIPPED
2026-08-23 19:34:11 +0200: Memory Usage (493540K) : Starting SG13CMOS5L LVS Comparison in strict port mode.
2026-08-23 19:34:11 +0200: Memory Usage (493540K) : flag_missing_ports enabled: missing/mislabeled top-level ports are treated as errors.
2026-08-23 19:34:11 +0200: Memory Usage (493668K) : ==========================================
2026-08-23 19:34:11 +0200: Memory Usage (493668K) : INFO : Congratulations! Netlists match.
2026-08-23 19:34:11 +0200: Memory Usage (493668K) : ==========================================
2026-08-23 19:34:11 +0200: Memory Usage (493668K) : LVS Total Run time 1.124638 seconds
2026-08-23 19:46:53 +0200: Memory Usage (457360K) : Starting running SG13CMOS5L Klayout LVS runset on /foss/designs/CHIP-PLL/layout/CP/vbias/vbias.gds
2026-08-23 19:46:53 +0200: Memory Usage (457360K) : Ruby Version for klayout: 3.2.3
2026-08-23 19:46:53 +0200: Memory Usage (458876K) : Loading database to memory is complete.
2026-08-23 19:46:53 +0200: Memory Usage (458876K) : SG13CMOS5L Klayout LVS runset output at: /foss/designs/CHIP-PLL/layout/CP/lvs/vbias.lvsdb
2026-08-23 19:46:53 +0200: Memory Usage (458876K) : Evaluate switches.
2026-08-23 19:46:53 +0200: Memory Usage (458876K) : Extracted netlist with net names: true
2026-08-23 19:46:53 +0200: Memory Usage (458876K) : Extracted netlist with comments in details: false
2026-08-23 19:46:53 +0200: Memory Usage (458876K) : Selected NET_ONLY option: false
2026-08-23 19:46:53 +0200: Memory Usage (458876K) : Selected LAYOUT_NETLIST option: (none)
2026-08-23 19:46:53 +0200: Memory Usage (458876K) : Selected IGNORE_TOP_PORTS_MISMATCH option: 
2026-08-23 19:46:53 +0200: Memory Usage (458876K) : Selected IMPLICIT_NETS option: (none)
2026-08-23 19:46:53 +0200: Memory Usage (458876K) : Selected TOP_LVL_PINS option: false
2026-08-23 19:46:53 +0200: Memory Usage (458876K) : Selected COMBINE DEVICES option: false
2026-08-23 19:46:53 +0200: Memory Usage (458876K) : Selected PURGE option: false
2026-08-23 19:46:53 +0200: Memory Usage (458876K) : Selected PURGE_NETS option: false
2026-08-23 19:46:53 +0200: Memory Usage (458876K) : Selected SIMPLIFY option: true
2026-08-23 19:46:53 +0200: Memory Usage (458876K) : Selected SERIES_RES option: true
2026-08-23 19:46:53 +0200: Memory Usage (458876K) : Selected PARALLEL_RES option: true
2026-08-23 19:46:53 +0200: Memory Usage (458876K) : Selected DISABLE_TAP_EXTRACTION option: true
2026-08-23 19:46:53 +0200: Memory Usage (458876K) : deep  mode is enabled.
2026-08-23 19:46:53 +0200: Memory Usage (459004K) : Netlist file: /foss/designs/CHIP-PLL/layout/CP/netlists/vbias.spice
2026-08-23 19:46:53 +0200: Memory Usage (459004K) : LVS extracted netlist at: /foss/designs/CHIP-PLL/layout/CP/lvs/vbias_extracted.cir
2026-08-23 19:46:53 +0200: Memory Usage (459004K) : Applying SRAM integration support.
2026-08-23 19:46:53 +0200: Memory Usage (459004K) : Starting SG13CMOS5L LVS runset
2026-08-23 19:46:53 +0200: Memory Usage (459004K) : Read in polygons from layers.
2026-08-23 19:46:53 +0200: Memory Usage (460104K) : activ_drw has 43 polygons
2026-08-23 19:46:53 +0200: Memory Usage (460104K) : activ_filler has 0 polygons
2026-08-23 19:46:53 +0200: Memory Usage (460280K) : activ has 43 polygons
2026-08-23 19:46:53 +0200: Memory Usage (460280K) : activ_pin has 0 polygons
2026-08-23 19:46:53 +0200: Memory Usage (460408K) : activ_mask has 0 polygons
2026-08-23 19:46:53 +0200: Memory Usage (460408K) : activ_nofill has 0 polygons
2026-08-23 19:46:53 +0200: Memory Usage (460408K) : activ_OPC has 0 polygons
2026-08-23 19:46:53 +0200: Memory Usage (460408K) : activ_iOPC has 0 polygons
2026-08-23 19:46:53 +0200: Memory Usage (460408K) : activ_noqrc has 0 polygons
2026-08-23 19:46:53 +0200: Memory Usage (460408K) : biwind_drw has 0 polygons
2026-08-23 19:46:53 +0200: Memory Usage (460408K) : biwind_OPC has 0 polygons
2026-08-23 19:46:53 +0200: Memory Usage (460408K) : gatpoly_drw has 39 polygons
2026-08-23 19:46:53 +0200: Memory Usage (460408K) : gatpoly_filler has 0 polygons
2026-08-23 19:46:53 +0200: Memory Usage (460408K) : gatpoly has 39 polygons
2026-08-23 19:46:53 +0200: Memory Usage (460408K) : gatpoly_pin has 9 polygons
2026-08-23 19:46:53 +0200: Memory Usage (460536K) : gatpoly_nofill has 0 polygons
2026-08-23 19:46:53 +0200: Memory Usage (460536K) : gatpoly_OPC has 0 polygons
2026-08-23 19:46:53 +0200: Memory Usage (460536K) : gatpoly_iOPC has 0 polygons
2026-08-23 19:46:53 +0200: Memory Usage (460536K) : gatpoly_noqrc has 0 polygons
2026-08-23 19:46:53 +0200: Memory Usage (460536K) : cont_drw has 182 polygons
2026-08-23 19:46:53 +0200: Memory Usage (460536K) : cont_OPC has 0 polygons
2026-08-23 19:46:53 +0200: Memory Usage (460536K) : nsd_drw has 0 polygons
2026-08-23 19:46:53 +0200: Memory Usage (460664K) : nsd_block has 0 polygons
2026-08-23 19:46:53 +0200: Memory Usage (460920K) : metal1_drw has 125 polygons
2026-08-23 19:46:53 +0200: Memory Usage (461048K) : metal1_filler has 0 polygons
2026-08-23 19:46:53 +0200: Memory Usage (461048K) : metal1_slit has 0 polygons
2026-08-23 19:46:53 +0200: Memory Usage (461688K) : metal1 has 125 polygons
2026-08-23 19:46:53 +0200: Memory Usage (461688K) : metal1_pin has 32 polygons
2026-08-23 19:46:53 +0200: Memory Usage (461688K) : metal1_mask has 0 polygons
2026-08-23 19:46:53 +0200: Memory Usage (461944K) : metal1_nofill has 0 polygons
2026-08-23 19:46:53 +0200: Memory Usage (462072K) : metal1_text has 4 polygons
2026-08-23 19:46:53 +0200: Memory Usage (462072K) : metal1_OPC has 0 polygons
2026-08-23 19:46:53 +0200: Memory Usage (462072K) : metal1_noqrc has 0 polygons
2026-08-23 19:46:53 +0200: Memory Usage (462072K) : metal1_res has 0 polygons
2026-08-23 19:46:53 +0200: Memory Usage (462072K) : metal1_iprobe has 0 polygons
2026-08-23 19:46:53 +0200: Memory Usage (462200K) : metal1_diffprb has 0 polygons
2026-08-23 19:46:53 +0200: Memory Usage (462328K) : passiv_drw has 0 polygons
2026-08-23 19:46:53 +0200: Memory Usage (462328K) : passiv_pin has 0 polygons
2026-08-23 19:46:53 +0200: Memory Usage (462456K) : passiv_sbump has 0 polygons
2026-08-23 19:46:53 +0200: Memory Usage (462456K) : passiv_pillar has 0 polygons
2026-08-23 19:46:53 +0200: Memory Usage (462584K) : passiv_pdl has 0 polygons
2026-08-23 19:46:53 +0200: Memory Usage (462584K) : metal2_drw has 39 polygons
2026-08-23 19:46:53 +0200: Memory Usage (462712K) : metal2_filler has 0 polygons
2026-08-23 19:46:53 +0200: Memory Usage (462712K) : metal2_slit has 0 polygons
2026-08-23 19:46:53 +0200: Memory Usage (462840K) : metal2 has 39 polygons
2026-08-23 19:46:53 +0200: Memory Usage (462968K) : metal2_pin has 2 polygons
2026-08-23 19:46:53 +0200: Memory Usage (462968K) : metal2_mask has 0 polygons
2026-08-23 19:46:53 +0200: Memory Usage (463096K) : metal2_nofill has 0 polygons
2026-08-23 19:46:53 +0200: Memory Usage (463224K) : metal2_text has 2 polygons
2026-08-23 19:46:53 +0200: Memory Usage (463224K) : metal2_OPC has 0 polygons
2026-08-23 19:46:53 +0200: Memory Usage (463352K) : metal2_noqrc has 0 polygons
2026-08-23 19:46:53 +0200: Memory Usage (463352K) : metal2_res has 0 polygons
2026-08-23 19:46:53 +0200: Memory Usage (463480K) : metal2_iprobe has 0 polygons
2026-08-23 19:46:53 +0200: Memory Usage (463480K) : metal2_diffprb has 0 polygons
2026-08-23 19:46:53 +0200: Memory Usage (463608K) : baspoly_drw has 0 polygons
2026-08-23 19:46:53 +0200: Memory Usage (463736K) : baspoly_pin has 0 polygons
2026-08-23 19:46:53 +0200: Memory Usage (463736K) : psd_drw has 12 polygons
2026-08-23 19:46:53 +0200: Memory Usage (463864K) : nldb_drw has 0 polygons
2026-08-23 19:46:53 +0200: Memory Usage (463992K) : digibnd_drw has 0 polygons
2026-08-23 19:46:53 +0200: Memory Usage (463992K) : via1_drw has 30 polygons
2026-08-23 19:46:53 +0200: Memory Usage (464120K) : backmetal1_drw has 0 polygons
2026-08-23 19:46:53 +0200: Memory Usage (464120K) : backmetal1_pin has 0 polygons
2026-08-23 19:46:53 +0200: Memory Usage (464248K) : backmetal1_mask has 0 polygons
2026-08-23 19:46:53 +0200: Memory Usage (464376K) : backmetal1_filler has 0 polygons
2026-08-23 19:46:53 +0200: Memory Usage (464376K) : backmetal1_nofill has 0 polygons
2026-08-23 19:46:53 +0200: Memory Usage (464504K) : backmetal1_slit has 0 polygons
2026-08-23 19:46:53 +0200: Memory Usage (464504K) : backmetal1_text has 0 polygons
2026-08-23 19:46:53 +0200: Memory Usage (464632K) : backmetal1_OPC has 0 polygons
2026-08-23 19:46:53 +0200: Memory Usage (464632K) : backmetal1_noqrc has 0 polygons
2026-08-23 19:46:53 +0200: Memory Usage (464760K) : backmetal1_res has 0 polygons
2026-08-23 19:46:53 +0200: Memory Usage (464888K) : backmetal1_iprobe has 0 polygons
2026-08-23 19:46:53 +0200: Memory Usage (464888K) : backmetal1_diffprb has 0 polygons
2026-08-23 19:46:53 +0200: Memory Usage (465016K) : backpassiv_drw has 0 polygons
2026-08-23 19:46:53 +0200: Memory Usage (465016K) : res_drw has 0 polygons
2026-08-23 19:46:53 +0200: Memory Usage (465144K) : sram_drw has 0 polygons
2026-08-23 19:46:53 +0200: Memory Usage (465144K) : trans_drw has 0 polygons
2026-08-23 19:46:53 +0200: Memory Usage (465272K) : ind_drw has 0 polygons
2026-08-23 19:46:53 +0200: Memory Usage (465272K) : ind_pin has 0 polygons
2026-08-23 19:46:53 +0200: Memory Usage (465400K) : ind_text has 0 polygons
2026-08-23 19:46:53 +0200: Memory Usage (465400K) : salblock_drw has 2 polygons
2026-08-23 19:46:53 +0200: Memory Usage (465528K) : via2_drw has 16 polygons
2026-08-23 19:46:53 +0200: Memory Usage (465784K) : metal3_drw has 14 polygons
2026-08-23 19:46:53 +0200: Memory Usage (465784K) : metal3_filler has 0 polygons
2026-08-23 19:46:53 +0200: Memory Usage (465912K) : metal3_slit has 0 polygons
2026-08-23 19:46:53 +0200: Memory Usage (466040K) : metal3 has 14 polygons
2026-08-23 19:46:53 +0200: Memory Usage (466040K) : metal3_pin has 0 polygons
2026-08-23 19:46:53 +0200: Memory Usage (466168K) : metal3_mask has 0 polygons
2026-08-23 19:46:53 +0200: Memory Usage (466168K) : metal3_nofill has 0 polygons
2026-08-23 19:46:53 +0200: Memory Usage (466296K) : metal3_text has 0 polygons
2026-08-23 19:46:53 +0200: Memory Usage (466296K) : metal3_OPC has 0 polygons
2026-08-23 19:46:53 +0200: Memory Usage (466424K) : metal3_noqrc has 0 polygons
2026-08-23 19:46:53 +0200: Memory Usage (466424K) : metal3_res has 0 polygons
2026-08-23 19:46:53 +0200: Memory Usage (466424K) : metal3_iprobe has 0 polygons
2026-08-23 19:46:53 +0200: Memory Usage (466552K) : metal3_diffprb has 0 polygons
2026-08-23 19:46:53 +0200: Memory Usage (466552K) : nwell_drw has 11 polygons
2026-08-23 19:46:53 +0200: Memory Usage (466552K) : nwell_pin has 2 polygons
2026-08-23 19:46:53 +0200: Memory Usage (466552K) : nwell_text has 0 polygons
2026-08-23 19:46:53 +0200: Memory Usage (466680K) : nbulay_drw has 0 polygons
2026-08-23 19:46:53 +0200: Memory Usage (466680K) : nbulay_pin has 0 polygons
2026-08-23 19:46:53 +0200: Memory Usage (466680K) : nbulay_block has 0 polygons
2026-08-23 19:46:53 +0200: Memory Usage (466808K) : emwind_drw has 0 polygons
2026-08-23 19:46:53 +0200: Memory Usage (466808K) : emwind_OPC has 0 polygons
2026-08-23 19:46:53 +0200: Memory Usage (466808K) : deepco_drw has 0 polygons
2026-08-23 19:46:53 +0200: Memory Usage (466808K) : mim_drw has 0 polygons
2026-08-23 19:46:53 +0200: Memory Usage (466936K) : edgeseal_drw has 0 polygons
2026-08-23 19:46:53 +0200: Memory Usage (466936K) : substrate_drw has 6 polygons
2026-08-23 19:46:53 +0200: Memory Usage (467064K) : substrate_text has 0 polygons
2026-08-23 19:46:53 +0200: Memory Usage (467064K) : dfpad_drw has 0 polygons
2026-08-23 19:46:53 +0200: Memory Usage (467192K) : dfpad_pillar has 0 polygons
2026-08-23 19:46:53 +0200: Memory Usage (467192K) : dfpad_sbump has 0 polygons
2026-08-23 19:46:53 +0200: Memory Usage (467320K) : thickgateox_drw has 0 polygons
2026-08-23 19:46:53 +0200: Memory Usage (467320K) : pldb_drw has 0 polygons
2026-08-23 19:46:53 +0200: Memory Usage (467448K) : pwell_drw has 0 polygons
2026-08-23 19:46:53 +0200: Memory Usage (467576K) : pwell_pin has 0 polygons
2026-08-23 19:46:53 +0200: Memory Usage (467576K) : pwell_block has 0 polygons
2026-08-23 19:46:53 +0200: Memory Usage (467704K) : ic_drw has 0 polygons
2026-08-23 19:46:53 +0200: Memory Usage (467704K) : via3_drw has 0 polygons
2026-08-23 19:46:53 +0200: Memory Usage (467832K) : metal4_drw has 0 polygons
2026-08-23 19:46:53 +0200: Memory Usage (467832K) : metal4_filler has 0 polygons
2026-08-23 19:46:53 +0200: Memory Usage (467960K) : metal4_slit has 0 polygons
2026-08-23 19:46:53 +0200: Memory Usage (468088K) : metal4 has 0 polygons
2026-08-23 19:46:53 +0200: Memory Usage (468088K) : metal4_pin has 0 polygons
2026-08-23 19:46:53 +0200: Memory Usage (468216K) : metal4_mask has 0 polygons
2026-08-23 19:46:53 +0200: Memory Usage (468216K) : metal4_nofill has 0 polygons
2026-08-23 19:46:53 +0200: Memory Usage (468344K) : metal4_text has 0 polygons
2026-08-23 19:46:53 +0200: Memory Usage (468472K) : metal4_OPC has 0 polygons
2026-08-23 19:46:53 +0200: Memory Usage (468472K) : metal4_noqrc has 0 polygons
2026-08-23 19:46:53 +0200: Memory Usage (468600K) : metal4_res has 0 polygons
2026-08-23 19:46:53 +0200: Memory Usage (468600K) : metal4_iprobe has 0 polygons
2026-08-23 19:46:53 +0200: Memory Usage (468728K) : metal4_diffprb has 0 polygons
2026-08-23 19:46:53 +0200: Memory Usage (468728K) : heattrans_drw has 13 polygons
2026-08-23 19:46:53 +0200: Memory Usage (468856K) : heatres_drw has 2 polygons
2026-08-23 19:46:53 +0200: Memory Usage (468856K) : fbe_drw has 0 polygons
2026-08-23 19:46:53 +0200: Memory Usage (468984K) : empoly_drw has 0 polygons
2026-08-23 19:46:53 +0200: Memory Usage (468984K) : digisub_drw has 0 polygons
2026-08-23 19:46:53 +0200: Memory Usage (468984K) : text_drw has 19 polygons
2026-08-23 19:46:53 +0200: Memory Usage (469112K) : via4_drw has 0 polygons
2026-08-23 19:46:53 +0200: Memory Usage (469112K) : metal5_drw has 0 polygons
2026-08-23 19:46:53 +0200: Memory Usage (469112K) : metal5_filler has 0 polygons
2026-08-23 19:46:53 +0200: Memory Usage (469240K) : metal5_slit has 0 polygons
2026-08-23 19:46:53 +0200: Memory Usage (469368K) : metal5 has 0 polygons
2026-08-23 19:46:53 +0200: Memory Usage (469368K) : metal5_pin has 0 polygons
2026-08-23 19:46:53 +0200: Memory Usage (469496K) : metal5_mask has 0 polygons
2026-08-23 19:46:53 +0200: Memory Usage (469496K) : metal5_nofill has 0 polygons
2026-08-23 19:46:53 +0200: Memory Usage (469624K) : metal5_text has 0 polygons
2026-08-23 19:46:53 +0200: Memory Usage (469624K) : metal5_OPC has 0 polygons
2026-08-23 19:46:53 +0200: Memory Usage (469752K) : metal5_noqrc has 0 polygons
2026-08-23 19:46:53 +0200: Memory Usage (469752K) : metal5_res has 0 polygons
2026-08-23 19:46:53 +0200: Memory Usage (469880K) : metal5_iprobe has 0 polygons
2026-08-23 19:46:53 +0200: Memory Usage (470008K) : metal5_diffprb has 0 polygons
2026-08-23 19:46:53 +0200: Memory Usage (470008K) : radhard_drw has 0 polygons
2026-08-23 19:46:53 +0200: Memory Usage (470136K) : memcap_drw has 0 polygons
2026-08-23 19:46:53 +0200: Memory Usage (470136K) : varicap_drw has 0 polygons
2026-08-23 19:46:53 +0200: Memory Usage (470264K) : intbondvia_drw has 0 polygons
2026-08-23 19:46:53 +0200: Memory Usage (470264K) : intbondmet_drw has 0 polygons
2026-08-23 19:46:53 +0200: Memory Usage (470392K) : devbondvia_drw has 0 polygons
2026-08-23 19:46:53 +0200: Memory Usage (470392K) : devbondmet_drw has 0 polygons
2026-08-23 19:46:53 +0200: Memory Usage (470520K) : devtrench_drw has 0 polygons
2026-08-23 19:46:53 +0200: Memory Usage (470520K) : redist_drw has 0 polygons
2026-08-23 19:46:53 +0200: Memory Usage (470648K) : graphbot_drw has 0 polygons
2026-08-23 19:46:53 +0200: Memory Usage (470776K) : graphtop_drw has 0 polygons
2026-08-23 19:46:53 +0200: Memory Usage (470776K) : antvia1_drw has 0 polygons
2026-08-23 19:46:53 +0200: Memory Usage (470904K) : antmetal2_drw has 0 polygons
2026-08-23 19:46:53 +0200: Memory Usage (470904K) : graphcont_drw has 0 polygons
2026-08-23 19:46:53 +0200: Memory Usage (471032K) : siwg_drw has 0 polygons
2026-08-23 19:46:53 +0200: Memory Usage (471032K) : siwg_filler has 0 polygons
2026-08-23 19:46:53 +0200: Memory Usage (471160K) : siwg_nofill has 0 polygons
2026-08-23 19:46:53 +0200: Memory Usage (471160K) : sigrating_drw has 0 polygons
2026-08-23 19:46:53 +0200: Memory Usage (471160K) : singrating_drw has 0 polygons
2026-08-23 19:46:53 +0200: Memory Usage (471288K) : graphpas_drw has 0 polygons
2026-08-23 19:46:53 +0200: Memory Usage (471288K) : emwind3_drw has 0 polygons
2026-08-23 19:46:53 +0200: Memory Usage (471288K) : emwihv3_drw has 0 polygons
2026-08-23 19:46:53 +0200: Memory Usage (471416K) : redbulay_drw has 0 polygons
2026-08-23 19:46:53 +0200: Memory Usage (471416K) : smos_drw has 0 polygons
2026-08-23 19:46:53 +0200: Memory Usage (471416K) : graphpad_drw has 0 polygons
2026-08-23 19:46:53 +0200: Memory Usage (471416K) : polimide_drw has 0 polygons
2026-08-23 19:46:53 +0200: Memory Usage (471544K) : polimide_pin has 0 polygons
2026-08-23 19:46:53 +0200: Memory Usage (471672K) : recog_drw has 0 polygons
2026-08-23 19:46:53 +0200: Memory Usage (471672K) : recog_pin has 0 polygons
2026-08-23 19:46:53 +0200: Memory Usage (471800K) : recog_esd has 0 polygons
2026-08-23 19:46:53 +0200: Memory Usage (471800K) : recog_diode has 0 polygons
2026-08-23 19:46:53 +0200: Memory Usage (471928K) : recog_tsv has 0 polygons
2026-08-23 19:46:53 +0200: Memory Usage (471928K) : recog_iprobe has 0 polygons
2026-08-23 19:46:53 +0200: Memory Usage (472056K) : recog_diffprb has 0 polygons
2026-08-23 19:46:53 +0200: Memory Usage (472056K) : recog_pillar has 0 polygons
2026-08-23 19:46:53 +0200: Memory Usage (472184K) : recog_sbump has 0 polygons
2026-08-23 19:46:53 +0200: Memory Usage (472312K) : recog_otp has 0 polygons
2026-08-23 19:46:53 +0200: Memory Usage (472312K) : recog_pdiode has 0 polygons
2026-08-23 19:46:53 +0200: Memory Usage (472440K) : recog_mom has 0 polygons
2026-08-23 19:46:53 +0200: Memory Usage (472440K) : recog_pcm has 0 polygons
2026-08-23 19:46:53 +0200: Memory Usage (472568K) : colopen_drw has 0 polygons
2026-08-23 19:46:53 +0200: Memory Usage (472568K) : graphmetal1_drw has 0 polygons
2026-08-23 19:46:53 +0200: Memory Usage (472696K) : graphmetal1_filler has 0 polygons
2026-08-23 19:46:53 +0200: Memory Usage (472696K) : graphmetal1_nofill has 0 polygons
2026-08-23 19:46:53 +0200: Memory Usage (472824K) : graphmetal1_slit has 0 polygons
2026-08-23 19:46:53 +0200: Memory Usage (472824K) : graphmetal1_OPC has 0 polygons
2026-08-23 19:46:53 +0200: Memory Usage (472952K) : graphmet1l_drw has 0 polygons
2026-08-23 19:46:53 +0200: Memory Usage (473080K) : graphmet1l_filler has 0 polygons
2026-08-23 19:46:53 +0200: Memory Usage (473080K) : graphmet1l_nofill has 0 polygons
2026-08-23 19:46:53 +0200: Memory Usage (473208K) : graphmet1l_slit has 0 polygons
2026-08-23 19:46:53 +0200: Memory Usage (473208K) : graphmet1l_OPC has 0 polygons
2026-08-23 19:46:53 +0200: Memory Usage (473336K) : extblock_drw has 6 polygons
2026-08-23 19:46:53 +0200: Memory Usage (473336K) : nldd_drw has 0 polygons
2026-08-23 19:46:53 +0200: Memory Usage (473464K) : pldd_drw has 0 polygons
2026-08-23 19:46:53 +0200: Memory Usage (473464K) : next_drw has 0 polygons
2026-08-23 19:46:53 +0200: Memory Usage (473592K) : pext_drw has 0 polygons
2026-08-23 19:46:53 +0200: Memory Usage (473720K) : nexthv_drw has 0 polygons
2026-08-23 19:46:53 +0200: Memory Usage (473720K) : pexthv_drw has 0 polygons
2026-08-23 19:46:53 +0200: Memory Usage (473720K) : graphgate_drw has 0 polygons
2026-08-23 19:46:53 +0200: Memory Usage (473720K) : sinwg_drw has 0 polygons
2026-08-23 19:46:53 +0200: Memory Usage (473720K) : sinwg_filler has 0 polygons
2026-08-23 19:46:53 +0200: Memory Usage (473720K) : sinwg_nofill has 0 polygons
2026-08-23 19:46:53 +0200: Memory Usage (473720K) : mempad_drw has 0 polygons
2026-08-23 19:46:53 +0200: Memory Usage (473848K) : topvia1_drw has 0 polygons
2026-08-23 19:46:53 +0200: Memory Usage (473848K) : topmetal1_drw has 0 polygons
2026-08-23 19:46:53 +0200: Memory Usage (473976K) : topmetal1_filler has 0 polygons
2026-08-23 19:46:53 +0200: Memory Usage (473976K) : topmetal1_slit has 0 polygons
2026-08-23 19:46:53 +0200: Memory Usage (474104K) : topmetal1 has 0 polygons
2026-08-23 19:46:53 +0200: Memory Usage (474232K) : topmetal1_pin has 0 polygons
2026-08-23 19:46:53 +0200: Memory Usage (474232K) : topmetal1_mask has 0 polygons
2026-08-23 19:46:53 +0200: Memory Usage (474360K) : topmetal1_nofill has 0 polygons
2026-08-23 19:46:53 +0200: Memory Usage (474360K) : topmetal1_text has 0 polygons
2026-08-23 19:46:53 +0200: Memory Usage (474488K) : topmetal1_noqrc has 0 polygons
2026-08-23 19:46:53 +0200: Memory Usage (474488K) : topmetal1_res has 0 polygons
2026-08-23 19:46:53 +0200: Memory Usage (474616K) : topmetal1_iprobe has 0 polygons
2026-08-23 19:46:53 +0200: Memory Usage (474744K) : topmetal1_diffprb has 0 polygons
2026-08-23 19:46:53 +0200: Memory Usage (474744K) : inldpwl_drw has 0 polygons
2026-08-23 19:46:53 +0200: Memory Usage (474872K) : polyres_drw has 2 polygons
2026-08-23 19:46:53 +0200: Memory Usage (474872K) : polyres_pin has 0 polygons
2026-08-23 19:46:53 +0200: Memory Usage (475000K) : vmim_drw has 0 polygons
2026-08-23 19:46:53 +0200: Memory Usage (475000K) : nbulaycut_drw has 0 polygons
2026-08-23 19:46:53 +0200: Memory Usage (475128K) : antmetal1_drw has 0 polygons
2026-08-23 19:46:53 +0200: Memory Usage (475128K) : topvia2_drw has 0 polygons
2026-08-23 19:46:53 +0200: Memory Usage (475256K) : topmetal2_drw has 0 polygons
2026-08-23 19:46:53 +0200: Memory Usage (475384K) : topmetal2_filler has 0 polygons
2026-08-23 19:46:53 +0200: Memory Usage (475384K) : topmetal2_slit has 0 polygons
2026-08-23 19:46:53 +0200: Memory Usage (475512K) : topmetal2 has 0 polygons
2026-08-23 19:46:53 +0200: Memory Usage (475640K) : topmetal2_pin has 0 polygons
2026-08-23 19:46:53 +0200: Memory Usage (475640K) : topmetal2_mask has 0 polygons
2026-08-23 19:46:53 +0200: Memory Usage (475768K) : topmetal2_nofill has 0 polygons
2026-08-23 19:46:53 +0200: Memory Usage (475768K) : topmetal2_text has 0 polygons
2026-08-23 19:46:53 +0200: Memory Usage (475896K) : topmetal2_noqrc has 0 polygons
2026-08-23 19:46:53 +0200: Memory Usage (475896K) : topmetal2_res has 0 polygons
2026-08-23 19:46:53 +0200: Memory Usage (476024K) : topmetal2_iprobe has 0 polygons
2026-08-23 19:46:53 +0200: Memory Usage (476024K) : topmetal2_diffprb has 0 polygons
2026-08-23 19:46:53 +0200: Memory Usage (476152K) : snsring_drw has 0 polygons
2026-08-23 19:46:53 +0200: Memory Usage (476152K) : sensor_drw has 0 polygons
2026-08-23 19:46:53 +0200: Memory Usage (476280K) : snsarms_drw has 0 polygons
2026-08-23 19:46:53 +0200: Memory Usage (476408K) : snscmosvia_drw has 0 polygons
2026-08-23 19:46:53 +0200: Memory Usage (476408K) : colwind_drw has 0 polygons
2026-08-23 19:46:53 +0200: Memory Usage (476536K) : flm_drw has 0 polygons
2026-08-23 19:46:53 +0200: Memory Usage (476536K) : hafniumox_drw has 0 polygons
2026-08-23 19:46:53 +0200: Memory Usage (476664K) : memvia_drw has 0 polygons
2026-08-23 19:46:53 +0200: Memory Usage (476664K) : thinfilmres_drw has 0 polygons
2026-08-23 19:46:53 +0200: Memory Usage (476792K) : rfmem_drw has 0 polygons
2026-08-23 19:46:53 +0200: Memory Usage (476792K) : norcx_drw has 0 polygons
2026-08-23 19:46:53 +0200: Memory Usage (476920K) : norcx_m2m3 has 0 polygons
2026-08-23 19:46:53 +0200: Memory Usage (477048K) : norcx_m2m4 has 0 polygons
2026-08-23 19:46:53 +0200: Memory Usage (477048K) : norcx_m2m5 has 0 polygons
2026-08-23 19:46:53 +0200: Memory Usage (477176K) : norcx_m2tm1 has 0 polygons
2026-08-23 19:46:53 +0200: Memory Usage (477176K) : norcx_m2tm2 has 0 polygons
2026-08-23 19:46:53 +0200: Memory Usage (477304K) : norcx_m3m4 has 0 polygons
2026-08-23 19:46:53 +0200: Memory Usage (477304K) : norcx_m3m5 has 0 polygons
2026-08-23 19:46:53 +0200: Memory Usage (477432K) : norcx_m3tm1 has 0 polygons
2026-08-23 19:46:53 +0200: Memory Usage (477432K) : norcx_m3tm2 has 0 polygons
2026-08-23 19:46:53 +0200: Memory Usage (477560K) : norcx_m4m5 has 0 polygons
2026-08-23 19:46:53 +0200: Memory Usage (477560K) : norcx_m4tm1 has 0 polygons
2026-08-23 19:46:53 +0200: Memory Usage (477688K) : norcx_m4tm2 has 0 polygons
2026-08-23 19:46:53 +0200: Memory Usage (477816K) : norcx_m5tm1 has 0 polygons
2026-08-23 19:46:53 +0200: Memory Usage (477816K) : norcx_m5tm2 has 0 polygons
2026-08-23 19:46:53 +0200: Memory Usage (477944K) : norcx_tm1tm2 has 0 polygons
2026-08-23 19:46:53 +0200: Memory Usage (477944K) : norcx_m1sub has 0 polygons
2026-08-23 19:46:53 +0200: Memory Usage (478072K) : norcx_m2sub has 0 polygons
2026-08-23 19:46:53 +0200: Memory Usage (478072K) : norcx_m3sub has 0 polygons
2026-08-23 19:46:53 +0200: Memory Usage (478200K) : norcx_m4sub has 0 polygons
2026-08-23 19:46:53 +0200: Memory Usage (478200K) : norcx_m5sub has 0 polygons
2026-08-23 19:46:53 +0200: Memory Usage (478328K) : norcx_tm1sub has 0 polygons
2026-08-23 19:46:53 +0200: Memory Usage (478328K) : norcx_tm2sub has 0 polygons
2026-08-23 19:46:53 +0200: Memory Usage (478456K) : snsbotvia_drw has 0 polygons
2026-08-23 19:46:53 +0200: Memory Usage (478584K) : snstopvia_drw has 0 polygons
2026-08-23 19:46:53 +0200: Memory Usage (478584K) : deepvia_drw has 0 polygons
2026-08-23 19:46:53 +0200: Memory Usage (478712K) : fgetch_drw has 0 polygons
2026-08-23 19:46:53 +0200: Memory Usage (478712K) : ctrgat_drw has 0 polygons
2026-08-23 19:46:53 +0200: Memory Usage (478840K) : fgimp_drw has 0 polygons
2026-08-23 19:46:53 +0200: Memory Usage (478840K) : emwihv_drw has 0 polygons
2026-08-23 19:46:53 +0200: Memory Usage (478968K) : lbe_drw has 0 polygons
2026-08-23 19:46:53 +0200: Memory Usage (478968K) : alcustop_drw has 0 polygons
2026-08-23 19:46:53 +0200: Memory Usage (479096K) : nometfiller_drw has 0 polygons
2026-08-23 19:46:53 +0200: Memory Usage (479224K) : prboundary_drw has 0 polygons
2026-08-23 19:46:53 +0200: Memory Usage (479224K) : exchange0_drw has 0 polygons
2026-08-23 19:46:53 +0200: Memory Usage (479352K) : exchange0_pin has 0 polygons
2026-08-23 19:46:53 +0200: Memory Usage (479352K) : exchange0_text has 0 polygons
2026-08-23 19:46:53 +0200: Memory Usage (479480K) : exchange1_drw has 0 polygons
2026-08-23 19:46:53 +0200: Memory Usage (479480K) : exchange1_pin has 0 polygons
2026-08-23 19:46:53 +0200: Memory Usage (479608K) : exchange1_text has 0 polygons
2026-08-23 19:46:53 +0200: Memory Usage (479608K) : exchange2_drw has 0 polygons
2026-08-23 19:46:53 +0200: Memory Usage (479736K) : exchange2_pin has 0 polygons
2026-08-23 19:46:53 +0200: Memory Usage (479736K) : exchange2_text has 0 polygons
2026-08-23 19:46:53 +0200: Memory Usage (479864K) : exchange3_drw has 0 polygons
2026-08-23 19:46:53 +0200: Memory Usage (479864K) : exchange3_pin has 0 polygons
2026-08-23 19:46:53 +0200: Memory Usage (479992K) : exchange3_text has 0 polygons
2026-08-23 19:46:53 +0200: Memory Usage (479992K) : exchange4_drw has 0 polygons
2026-08-23 19:46:53 +0200: Memory Usage (480120K) : exchange4_pin has 0 polygons
2026-08-23 19:46:53 +0200: Memory Usage (480248K) : exchange4_text has 0 polygons
2026-08-23 19:46:53 +0200: Memory Usage (480248K) : isonwell_drw has 0 polygons
2026-08-23 19:46:53 +0200: Memory Usage (480248K) : Total no. of polygons in the design is 612
2026-08-23 19:46:53 +0200: Memory Usage (480248K) : Starting CMOS5L Forbidden Layer Check
2026-08-23 19:46:53 +0200: Memory Usage (480248K) : CMOS5L Forbidden Layer Check: PASSED - No forbidden layers found
2026-08-23 19:46:53 +0200: Memory Usage (480248K) : CMOS5L Forbidden Layer Check: PASSED
2026-08-23 19:46:53 +0200: Memory Usage (480248K) : Starting base layers derivations
2026-08-23 19:46:53 +0200: Memory Usage (480248K) : Starting general LVS derivations
2026-08-23 19:46:53 +0200: Memory Usage (485284K) : Starting MOSFET DERIVATIONS
2026-08-23 19:46:53 +0200: Memory Usage (487332K) : Starting NMOS DERIVATIONS
2026-08-23 19:46:53 +0200: Memory Usage (487588K) : Starting PMOS DERIVATIONS
2026-08-23 19:46:53 +0200: Memory Usage (487844K) : Starting RF-MOSFET DERIVATIONS
2026-08-23 19:46:53 +0200: Memory Usage (487844K) : Starting RF-NMOS DERIVATIONS
2026-08-23 19:46:53 +0200: Memory Usage (488100K) : Starting RF-PMOS DERIVATIONS
2026-08-23 19:46:53 +0200: Memory Usage (488356K) : Starting BJT DERIVATIONS
2026-08-23 19:46:53 +0200: Memory Usage (488356K) : Starting NPN-BJT DERIVATIONS
2026-08-23 19:46:53 +0200: Memory Usage (488868K) : Starting PNP-BJT DERIVATIONS
2026-08-23 19:46:53 +0200: Memory Usage (488868K) : Starting DIODE DERIVATIONS
2026-08-23 19:46:53 +0200: Memory Usage (488868K) : Starting RESISTOR DERIVATIONS
2026-08-23 19:46:53 +0200: Memory Usage (489252K) : Starting CAP DERIVATIONS
2026-08-23 19:46:53 +0200: Memory Usage (489252K) : Starting CAP_MFRINGE DERIVATIONS
2026-08-23 19:46:53 +0200: Memory Usage (489252K) : Starting ESD DERIVATIONS
2026-08-23 19:46:54 +0200: Memory Usage (489892K) : Starting Inductor DERIVATIONS
2026-08-23 19:46:54 +0200: Memory Usage (492964K) : Starting Taps DERIVATIONS
2026-08-23 19:46:54 +0200: Memory Usage (492964K) : Starting SG13G2 LVS connectivity setup
2026-08-23 19:46:54 +0200: Memory Usage (492964K) : Starting SG13G2 LVS connectivity setup (Inter-layer)
2026-08-23 19:46:54 +0200: Memory Usage (493092K) : Starting SG13G2 LVS connectivity setup (Global)
2026-08-23 19:46:54 +0200: Memory Usage (493092K) : Starting LVS MOSFET CONNECTIONS
2026-08-23 19:46:54 +0200: Memory Usage (493092K) : Starting LVS RF-MOSFET CONNECTIONS
2026-08-23 19:46:54 +0200: Memory Usage (493092K) : Starting LVS BJT CONNECTIONS
2026-08-23 19:46:54 +0200: Memory Usage (493092K) : Starting LVS DIODE CONNECTIONS
2026-08-23 19:46:54 +0200: Memory Usage (493092K) : Starting RESISTOR CONNECTIONS
2026-08-23 19:46:54 +0200: Memory Usage (493092K) : Starting LVS CAP CONNECTIONS
2026-08-23 19:46:54 +0200: Memory Usage (493092K) : Starting ESD CONNECTIONS
2026-08-23 19:46:54 +0200: Memory Usage (493092K) : Starting Inductor CONNECTIONS
2026-08-23 19:46:54 +0200: Memory Usage (493092K) : Starting LVS Taps CONNECTIONS
2026-08-23 19:46:54 +0200: Memory Usage (493092K) : Starting CAP_MFRINGE CONNECTIONS
2026-08-23 19:46:54 +0200: Memory Usage (493092K) : Starting SG13CMOS5L LVS DEVICES EXTRACTION
2026-08-23 19:46:54 +0200: Memory Usage (493092K) : Starting MOSFET EXTRACTION
2026-08-23 19:46:54 +0200: Memory Usage (493092K) : Starting NMOS EXTRACTION
2026-08-23 19:46:54 +0200: Memory Usage (493092K) : Extraction of NMOS-LV transistor
2026-08-23 19:46:54 +0200: Memory Usage (493220K) : Extraction of NMOS-HV transistor
2026-08-23 19:46:54 +0200: Memory Usage (493220K) : Starting PMOS EXTRACTION
2026-08-23 19:46:54 +0200: Memory Usage (493220K) : Extraction of PMOS-LV transistor
2026-08-23 19:46:54 +0200: Memory Usage (493220K) : Extraction of PMOS-HV transistor
2026-08-23 19:46:54 +0200: Memory Usage (493220K) : Starting RF-MOSFET EXTRACTION
2026-08-23 19:46:54 +0200: Memory Usage (493220K) : Extraction of RF-NMOS-LV transistor
2026-08-23 19:46:54 +0200: Memory Usage (493220K) : Extraction of RF-NMOS-HV transistor
2026-08-23 19:46:54 +0200: Memory Usage (493220K) : Extraction of RF-PMOS-LV transistor
2026-08-23 19:46:54 +0200: Memory Usage (493220K) : Extraction of RF-PMOS-HV transistor
2026-08-23 19:46:54 +0200: Memory Usage (493220K) : Starting BJT EXTRACTION
2026-08-23 19:46:54 +0200: Memory Usage (493220K) : Starting NPN-BJT EXTRACTION
2026-08-23 19:46:54 +0200: Memory Usage (493220K) : Extraction of npn13G2 BJT transistor
2026-08-23 19:46:54 +0200: Memory Usage (493220K) : Extraction of npn13G2L BJT transistor
2026-08-23 19:46:54 +0200: Memory Usage (493220K) : Extraction of npn13G2V BJT transistor
2026-08-23 19:46:54 +0200: Memory Usage (493220K) : Starting PNP-BJT EXTRACTION
2026-08-23 19:46:54 +0200: Memory Usage (493220K) : Extracting pnpMPA BJT
2026-08-23 19:46:54 +0200: Memory Usage (493220K) : Starting DIODE EXTRACTION
2026-08-23 19:46:54 +0200: Memory Usage (493220K) : Extracting dantenna diode
2026-08-23 19:46:54 +0200: Memory Usage (493220K) : Extracting dpantenna diode
2026-08-23 19:46:54 +0200: Memory Usage (493220K) : Extracting schottky_nbl1 diode
2026-08-23 19:46:54 +0200: Memory Usage (493220K) : Extracting isolbox diode
2026-08-23 19:46:54 +0200: Memory Usage (493220K) : Starting RESISTOR EXTRACTION
2026-08-23 19:46:54 +0200: Memory Usage (493220K) : Extracting rsil resistor
2026-08-23 19:46:54 +0200: Memory Usage (493220K) : Extracting rppd resistor
2026-08-23 19:46:54 +0200: Memory Usage (493220K) : Extracting rhigh resistor
2026-08-23 19:46:54 +0200: Memory Usage (493220K) : Extracting res_metal1 resistor
2026-08-23 19:46:54 +0200: Memory Usage (493396K) : Extracting res_metal2 resistor
2026-08-23 19:46:54 +0200: Memory Usage (493396K) : Extracting res_metal3 resistor
2026-08-23 19:46:54 +0200: Memory Usage (493396K) : Extracting res_metal4 resistor
2026-08-23 19:46:54 +0200: Memory Usage (493396K) : Extracting res_metal5 resistor
2026-08-23 19:46:54 +0200: Memory Usage (493396K) : Extracting res_topmetal1 resistor
2026-08-23 19:46:54 +0200: Memory Usage (493396K) : Extracting res_topmetal2 resistor
2026-08-23 19:46:54 +0200: Memory Usage (493396K) : Starting CAP EXTRACTION
2026-08-23 19:46:54 +0200: Memory Usage (493396K) : Extracting cap_cmim device
2026-08-23 19:46:54 +0200: Memory Usage (493396K) : Extracting rfcmim device
2026-08-23 19:46:54 +0200: Memory Usage (493396K) : Extracting sg13_hv_svaricap varactor
2026-08-23 19:46:54 +0200: Memory Usage (493396K) : Extracting cap_mfringe device
2026-08-23 19:46:54 +0200: Memory Usage (493396K) : Starting ESD EXTRACTION
2026-08-23 19:46:54 +0200: Memory Usage (493396K) : Extracting diodevdd_2kv ESD device
2026-08-23 19:46:54 +0200: Memory Usage (493396K) : Extracting diodevdd_4kv ESD device
2026-08-23 19:46:54 +0200: Memory Usage (493396K) : Extracting diodevss_2kv ESD device
2026-08-23 19:46:54 +0200: Memory Usage (493396K) : Extracting diodevss_4kv ESD device
2026-08-23 19:46:54 +0200: Memory Usage (493396K) : Extracting idiodevdd_2kv ESD device
2026-08-23 19:46:54 +0200: Memory Usage (493396K) : Extracting idiodevdd_4kv ESD device
2026-08-23 19:46:54 +0200: Memory Usage (493396K) : Extracting idiodevss_2kv ESD device
2026-08-23 19:46:54 +0200: Memory Usage (493396K) : Extracting idiodevss_4kv ESD device
2026-08-23 19:46:54 +0200: Memory Usage (493396K) : Extracting nmoscl_2 ESD device
2026-08-23 19:46:54 +0200: Memory Usage (493396K) : Extracting nmoscl_4 ESD device
2026-08-23 19:46:54 +0200: Memory Usage (493396K) : Starting Inductor EXTRACTION
2026-08-23 19:46:54 +0200: Memory Usage (493396K) : Extracting Inductor2 device
2026-08-23 19:46:54 +0200: Memory Usage (493396K) : Extracting Inductor3 device
2026-08-23 19:46:54 +0200: Memory Usage (493396K) : Starting Taps EXTRACTION
2026-08-23 19:46:54 +0200: Memory Usage (493396K) : DISABLE_TAP_EXTRACTION is enabled: skipping ntap1/ptap1 device extraction.
2026-08-23 19:46:54 +0200: Memory Usage (493396K) : Starting SG13CMOS5L LVS RF MOS Model Mapping
2026-08-23 19:46:54 +0200: Memory Usage (493396K) : [layout_netlist] Apply RF MOS model mapping and rfmode parameter.
2026-08-23 19:46:54 +0200: Memory Usage (493396K) : Starting SG13CMOS5L LVS Options Preparations
2026-08-23 19:46:54 +0200: Memory Usage (493396K) : SG13CMOS5L LVS flow: extraction -> alignment -> option preparation -> comparison.
2026-08-23 19:46:54 +0200: Memory Usage (493396K) : Starting SG13CMOS5L LVS Alignment
2026-08-23 19:46:54 +0200: Memory Usage (493524K) : Starting SG13CMOS5L LVS Simplification
2026-08-23 19:46:54 +0200: Memory Usage (493524K) : [layout_netlist] simplify: ENABLED
2026-08-23 19:46:54 +0200: Memory Usage (493524K) : [layout_netlist] make_top_level_pins: SKIPPED
2026-08-23 19:46:54 +0200: Memory Usage (493524K) : [layout_netlist] combine_devices: SKIPPED
2026-08-23 19:46:54 +0200: Memory Usage (493524K) : [layout_netlist] purge: SKIPPED
2026-08-23 19:46:54 +0200: Memory Usage (493524K) : [layout_netlist] purge_nets: SKIPPED
2026-08-23 19:46:54 +0200: Memory Usage (493524K) : [schematic_netlist] simplify: ENABLED
2026-08-23 19:46:54 +0200: Memory Usage (493524K) : [schematic_netlist] make_top_level_pins: SKIPPED
2026-08-23 19:46:54 +0200: Memory Usage (493524K) : [schematic_netlist] combine_devices: SKIPPED
2026-08-23 19:46:54 +0200: Memory Usage (493524K) : [schematic_netlist] purge: SKIPPED
2026-08-23 19:46:54 +0200: Memory Usage (493524K) : [schematic_netlist] purge_nets: SKIPPED
2026-08-23 19:46:54 +0200: Memory Usage (493524K) : Starting SG13CMOS5L LVS Comparison in strict port mode.
2026-08-23 19:46:54 +0200: Memory Usage (493524K) : flag_missing_ports enabled: missing/mislabeled top-level ports are treated as errors.
2026-08-23 19:46:54 +0200: Memory Usage (493652K) : ==========================================
2026-08-23 19:46:54 +0200: Memory Usage (493652K) : INFO : Congratulations! Netlists match.
2026-08-23 19:46:54 +0200: Memory Usage (493652K) : ==========================================
2026-08-23 19:46:54 +0200: Memory Usage (493652K) : LVS Total Run time 1.135710 seconds
