 0.00000000e+00  3.40802655e-03  0.00000000e+00  3.99529165e-01  0.00000000e+00  1.99742486e-06  0.00000000e+00  1.26791217e-09  0.00000000e+00  1.58464854e-09  0.00000000e+00  0.00000000e+00  0.00000000e+00  0.00000000e+00 
 1.00000000e-11  3.40718181e-03  1.00000000e-11  3.99529149e-01  1.00000000e-11  1.99742556e-06  1.00000000e-11  1.26170729e-09  1.00000000e-11  1.58760131e-09  1.00000000e-11  0.00000000e+00  1.00000000e-11  0.00000000e+00 
 2.00000000e-11  3.40633508e-03  2.00000000e-11  3.99529132e-01  2.00000000e-11  1.99742556e-06  2.00000000e-11  1.26147790e-09  2.00000000e-11  1.58739832e-09  2.00000000e-11  0.00000000e+00  2.00000000e-11  0.00000000e+00 
 4.00000000e-11  3.40463634e-03  4.00000000e-11  3.99529099e-01  4.00000000e-11  1.99742558e-06  4.00000000e-11  1.26132696e-09  4.00000000e-11  1.58681070e-09  4.00000000e-11  0.00000000e+00  4.00000000e-11  0.00000000e+00 
 8.00000000e-11  3.40121767e-03  8.00000000e-11  3.99529033e-01  8.00000000e-11  1.99742563e-06  8.00000000e-11  1.26188210e-09  8.00000000e-11  1.58544060e-09  8.00000000e-11  0.00000000e+00  8.00000000e-11  0.00000000e+00 
 1.60000000e-10  3.39429318e-03  1.60000000e-10  3.99528893e-01  1.60000000e-10  1.99742571e-06  1.60000000e-10  1.26392766e-09  1.60000000e-10  1.58253948e-09  1.60000000e-10  0.00000000e+00  1.60000000e-10  0.00000000e+00 
 3.20000000e-10  3.38007727e-03  3.20000000e-10  3.99528584e-01  3.20000000e-10  1.99742583e-06  3.20000000e-10  1.26867118e-09  3.20000000e-10  1.57656511e-09  3.20000000e-10  0.00000000e+00  3.20000000e-10  0.00000000e+00 
 6.40000000e-10  3.35004754e-03  6.40000000e-10  3.99527873e-01  6.40000000e-10  1.99742598e-06  6.40000000e-10  1.27717674e-09  6.40000000e-10  1.56380136e-09  6.40000000e-10  0.00000000e+00  6.40000000e-10  0.00000000e+00 
 1.00000000e-09  3.32461310e-03  1.00000000e-09  3.99527189e-01  1.00000000e-09  1.99742551e-06  1.00000000e-09  1.28709244e-09  1.00000000e-09  1.55024348e-09  1.00000000e-09  0.00000000e+00  1.00000000e-09  0.00000000e+00 
 1.06400000e-09  3.33918860e-03  1.06400000e-09  3.99527447e-01  1.06400000e-09  1.99742310e-06  1.06400000e-09  1.30565790e-09  1.06400000e-09  1.54498562e-09  1.06400000e-09  0.00000000e+00  1.06400000e-09  0.00000000e+00 
 1.19200000e-09  3.36833661e-03  1.19200000e-09  3.99527986e-01  1.19200000e-09  1.99742274e-06  1.19200000e-09  1.29703684e-09  1.19200000e-09  1.55679182e-09  1.19200000e-09  0.00000000e+00  1.19200000e-09  0.00000000e+00 
 1.44800000e-09  3.42658980e-03  1.44800000e-09  3.99529236e-01  1.44800000e-09  1.99742230e-06  1.44800000e-09  1.27123151e-09  1.44800000e-09  1.58205898e-09  1.44800000e-09  0.00000000e+00  1.44800000e-09  0.00000000e+00 
 1.96000000e-09  3.54292419e-03  1.96000000e-09  3.99532156e-01  1.96000000e-09  1.99742204e-06  1.96000000e-09  1.23492322e-09  1.96000000e-09  1.63245825e-09  1.96000000e-09  0.00000000e+00  1.96000000e-09  0.00000000e+00 
 2.98400000e-09  3.77490880e-03  2.98400000e-09  3.99538237e-01  2.98400000e-09  1.99742220e-06  2.98400000e-09  1.20089138e-09  2.98400000e-09  1.73519954e-09  2.98400000e-09  0.00000000e+00  2.98400000e-09  0.00000000e+00 
 5.03200000e-09  4.23624241e-03  5.03200000e-09  3.99548171e-01  5.03200000e-09  1.99742316e-06  5.03200000e-09  1.20671955e-09  5.03200000e-09  1.93862283e-09  5.03200000e-09  0.00000000e+00  5.03200000e-09  0.00000000e+00 
 9.12800000e-09  5.14937234e-03  9.12800000e-09  3.99559102e-01  9.12800000e-09  1.99742434e-06  9.12800000e-09  1.24456100e-09  9.12800000e-09  2.33121619e-09  9.12800000e-09  0.00000000e+00  9.12800000e-09  0.00000000e+00 
 1.73200000e-08  6.94462205e-03  1.73200000e-08  3.99565413e-01  1.73200000e-08  1.99742475e-06  1.73200000e-08  1.26615291e-09  1.73200000e-08  3.07587855e-09  1.73200000e-08  0.00000000e+00  1.73200000e-08  0.00000000e+00 
 3.37040000e-08  1.04514150e-02  3.37040000e-08  3.99564518e-01  3.37040000e-08  1.99742455e-06  3.37040000e-08  1.27033060e-09  3.37040000e-08  4.43246728e-09  3.37040000e-08  0.00000000e+00  3.37040000e-08  0.00000000e+00 
 6.64720000e-08  1.73008965e-02  6.64720000e-08  3.99560624e-01  6.64720000e-08  1.99742455e-06  6.64720000e-08  1.26818140e-09  6.64720000e-08  6.74574990e-09  6.64720000e-08  0.00000000e+00  6.64720000e-08  0.00000000e+00 
 1.07932050e-07  2.58518224e-02  1.07932050e-07  3.99557949e-01  1.07932050e-07  1.99742454e-06  1.07932050e-07  1.26854486e-09  1.07932050e-07  9.11187528e-09  1.07932050e-07  0.00000000e+00  1.07932050e-07  0.00000000e+00 
 1.85105975e-07  4.16944829e-02  1.85105975e-07  3.99553375e-01  1.85105975e-07  1.99742451e-06  1.85105975e-07  1.26758618e-09  1.85105975e-07  1.23422787e-08  1.85105975e-07  0.00000000e+00  1.85105975e-07  0.00000000e+00 
 2.85105975e-07  6.21460233e-02  2.85105975e-07  3.99549463e-01  2.85105975e-07  1.99742446e-06  2.85105975e-07  1.26728546e-09  2.85105975e-07  1.50357188e-08  2.85105975e-07  0.00000000e+00  2.85105975e-07  0.00000000e+00 
 3.85105975e-07  8.25204596e-02  3.85105975e-07  3.99546505e-01  3.85105975e-07  1.99742443e-06  3.85105975e-07  1.26650158e-09  3.85105975e-07  1.67278248e-08  3.85105975e-07  0.00000000e+00  3.85105975e-07  0.00000000e+00 
 4.85105975e-07  1.02820757e-01  4.85105975e-07  3.99544695e-01  4.85105975e-07  1.99742439e-06  4.85105975e-07  1.26613439e-09  4.85105975e-07  1.78529006e-08  4.85105975e-07  0.00000000e+00  4.85105975e-07  0.00000000e+00 
 5.85105975e-07  1.23046952e-01  5.85105975e-07  3.99543370e-01  5.85105975e-07  1.99742438e-06  5.85105975e-07  1.26551914e-09  5.85105975e-07  1.86632503e-08  5.85105975e-07  0.00000000e+00  5.85105975e-07  0.00000000e+00 
 6.85105975e-07  1.43196201e-01  6.85105975e-07  3.99542685e-01  6.85105975e-07  1.99742437e-06  6.85105975e-07  1.26510074e-09  6.85105975e-07  1.93090812e-08  6.85105975e-07  0.00000000e+00  6.85105975e-07  0.00000000e+00 
 7.85105975e-07  1.63263664e-01  7.85105975e-07  3.99542175e-01  7.85105975e-07  1.99742439e-06  7.85105975e-07  1.26460469e-09  7.85105975e-07  1.98721895e-08  7.85105975e-07  0.00000000e+00  7.85105975e-07  0.00000000e+00 
 8.85105975e-07  1.83242432e-01  8.85105975e-07  3.99541988e-01  8.85105975e-07  1.99742440e-06  8.85105975e-07  1.26413937e-09  8.85105975e-07  2.03955924e-08  8.85105975e-07  0.00000000e+00  8.85105975e-07  0.00000000e+00 
 9.85105975e-07  2.03123222e-01  9.85105975e-07  3.99541813e-01  9.85105975e-07  1.99742442e-06  9.85105975e-07  1.26372327e-09  9.85105975e-07  2.08977920e-08  9.85105975e-07  0.00000000e+00  9.85105975e-07  0.00000000e+00 
 1.08510598e-06  2.22893451e-01  1.08510598e-06  3.99541802e-01  1.08510598e-06  1.99742442e-06  1.08510598e-06  1.26321002e-09  1.08510598e-06  2.13883024e-08  1.08510598e-06  0.00000000e+00  1.08510598e-06  0.00000000e+00 
 1.18510598e-06  2.42535545e-01  1.18510598e-06  3.99541745e-01  1.18510598e-06  1.99742445e-06  1.18510598e-06  1.26284860e-09  1.18510598e-06  2.18694125e-08  1.18510598e-06  0.00000000e+00  1.18510598e-06  0.00000000e+00 
 1.28510598e-06  2.62023975e-01  1.28510598e-06  3.99541782e-01  1.28510598e-06  1.99742444e-06  1.28510598e-06  1.26229088e-09  1.28510598e-06  2.23430001e-08  1.28510598e-06  0.00000000e+00  1.28510598e-06  0.00000000e+00 
 1.38510598e-06  2.81320311e-01  1.38510598e-06  3.99541753e-01  1.38510598e-06  1.99742446e-06  1.38510598e-06  1.26197300e-09  1.38510598e-06  2.28076495e-08  1.38510598e-06  0.00000000e+00  1.38510598e-06  0.00000000e+00 
 1.48510598e-06  3.00365471e-01  1.48510598e-06  3.99541769e-01  1.48510598e-06  1.99742446e-06  1.48510598e-06  1.26138096e-09  1.48510598e-06  2.32630697e-08  1.48510598e-06  0.00000000e+00  1.48510598e-06  0.00000000e+00 
 1.58510598e-06  3.19069091e-01  1.58510598e-06  3.99541682e-01  1.58510598e-06  1.99742449e-06  1.58510598e-06  1.26110826e-09  1.58510598e-06  2.37061465e-08  1.58510598e-06  0.00000000e+00  1.58510598e-06  0.00000000e+00 
 1.68510598e-06  3.37298353e-01  1.68510598e-06  3.99541567e-01  1.68510598e-06  1.99742448e-06  1.68510598e-06  1.26050025e-09  1.68510598e-06  2.41347815e-08  1.68510598e-06  0.00000000e+00  1.68510598e-06  0.00000000e+00 
 1.78510598e-06  3.54872524e-01  1.78510598e-06  3.99541278e-01  1.78510598e-06  1.99742452e-06  1.78510598e-06  1.26028548e-09  1.78510598e-06  2.45439391e-08  1.78510598e-06  0.00000000e+00  1.78510598e-06  0.00000000e+00 
 1.88510598e-06  3.71571547e-01  1.88510598e-06  3.99540875e-01  1.88510598e-06  1.99742452e-06  1.88510598e-06  1.25968418e-09  1.88510598e-06  2.49298006e-08  1.88510598e-06  0.00000000e+00  1.88510598e-06  0.00000000e+00 
 1.98510598e-06  3.87162274e-01  1.98510598e-06  3.99540249e-01  1.98510598e-06  1.99742457e-06  1.98510598e-06  1.25954102e-09  1.98510598e-06  2.52865243e-08  1.98510598e-06  0.00000000e+00  1.98510598e-06  0.00000000e+00 
 2.08510598e-06  4.01435445e-01  2.08510598e-06  3.99539494e-01  2.08510598e-06  1.99742458e-06  2.08510598e-06  1.25896338e-09  2.08510598e-06  2.56109085e-08  2.08510598e-06  0.00000000e+00  2.08510598e-06  0.00000000e+00 
 2.18510598e-06  4.14239481e-01  2.18510598e-06  3.99538563e-01  2.18510598e-06  1.99742463e-06  2.18510598e-06  1.25889989e-09  2.18510598e-06  2.58992690e-08  2.18510598e-06  0.00000000e+00  2.18510598e-06  0.00000000e+00 
 2.28510598e-06  4.25499741e-01  2.28510598e-06  3.99537579e-01  2.28510598e-06  1.99742464e-06  2.28510598e-06  1.25835686e-09  2.28510598e-06  2.61515790e-08  2.28510598e-06  0.00000000e+00  2.28510598e-06  0.00000000e+00 
 2.38510598e-06  4.35220314e-01  2.38510598e-06  3.99536526e-01  2.38510598e-06  1.99742469e-06  2.38510598e-06  1.25837675e-09  2.38510598e-06  2.63676453e-08  2.38510598e-06  0.00000000e+00  2.38510598e-06  0.00000000e+00 
 2.48510598e-06  4.43472332e-01  2.48510598e-06  3.99535522e-01  2.48510598e-06  1.99742470e-06  2.48510598e-06  1.25787359e-09  2.48510598e-06  2.65505453e-08  2.48510598e-06  0.00000000e+00  2.48510598e-06  0.00000000e+00 
 2.58510598e-06  4.50375276e-01  2.58510598e-06  3.99534544e-01  2.58510598e-06  1.99742475e-06  2.58510598e-06  1.25797478e-09  2.58510598e-06  2.67024425e-08  2.58510598e-06  0.00000000e+00  2.58510598e-06  0.00000000e+00 
 2.68510598e-06  4.56077048e-01  2.68510598e-06  3.99533682e-01  2.68510598e-06  1.99742475e-06  2.68510598e-06  1.25750981e-09  2.68510598e-06  2.68278657e-08  2.68510598e-06  0.00000000e+00  2.68510598e-06  0.00000000e+00 
 2.78510598e-06  4.60736574e-01  2.78510598e-06  3.99532892e-01  2.78510598e-06  1.99742479e-06  2.78510598e-06  1.25768407e-09  2.78510598e-06  2.69296316e-08  2.78510598e-06  0.00000000e+00  2.78510598e-06  0.00000000e+00 
 2.88510598e-06  4.64510650e-01  2.88510598e-06  3.99532235e-01  2.88510598e-06  1.99742478e-06  2.88510598e-06  1.25724992e-09  2.88510598e-06  2.70122681e-08  2.88510598e-06  0.00000000e+00  2.88510598e-06  0.00000000e+00 
 2.98510598e-06  4.67545284e-01  2.98510598e-06  3.99531655e-01  2.98510598e-06  1.99742482e-06  2.98510598e-06  1.25748501e-09  2.98510598e-06  2.70781675e-08  2.98510598e-06  0.00000000e+00  2.98510598e-06  0.00000000e+00 
 3.08510598e-06  4.69970897e-01  3.08510598e-06  3.99531196e-01  3.08510598e-06  1.99742481e-06  3.08510598e-06  1.25707188e-09  3.08510598e-06  2.71311659e-08  3.08510598e-06  0.00000000e+00  3.08510598e-06  0.00000000e+00 
 3.18510598e-06  4.71900452e-01  3.18510598e-06  3.99530796e-01  3.18510598e-06  1.99742484e-06  3.18510598e-06  1.25735501e-09  3.18510598e-06  2.71728634e-08  3.18510598e-06  0.00000000e+00  3.18510598e-06  0.00000000e+00 
 3.28510598e-06  4.73429521e-01  3.28510598e-06  3.99530492e-01  3.28510598e-06  1.99742482e-06  3.28510598e-06  1.25695329e-09  3.28510598e-06  2.72062781e-08  3.28510598e-06  0.00000000e+00  3.28510598e-06  0.00000000e+00 
 3.38510598e-06  4.74638192e-01  3.38510598e-06  3.99530224e-01  3.38510598e-06  1.99742485e-06  3.38510598e-06  1.25727396e-09  3.38510598e-06  2.72322749e-08  3.38510598e-06  0.00000000e+00  3.38510598e-06  0.00000000e+00 
 3.48510598e-06  4.75591151e-01  3.48510598e-06  3.99530038e-01  3.48510598e-06  1.99742483e-06  3.48510598e-06  1.25687308e-09  3.48510598e-06  2.72531499e-08  3.48510598e-06  0.00000000e+00  3.48510598e-06  0.00000000e+00 
 3.58510598e-06  4.76340353e-01  3.58510598e-06  3.99529858e-01  3.58510598e-06  1.99742486e-06  3.58510598e-06  1.25722799e-09  3.58510598e-06  2.72691532e-08  3.58510598e-06  0.00000000e+00  3.58510598e-06  0.00000000e+00 
 3.68510598e-06  4.76928570e-01  3.68510598e-06  3.99529744e-01  3.68510598e-06  1.99742484e-06  3.68510598e-06  1.25681922e-09  3.68510598e-06  2.72821120e-08  3.68510598e-06  0.00000000e+00  3.68510598e-06  0.00000000e+00 
 3.78510598e-06  4.77389876e-01  3.78510598e-06  3.99529629e-01  3.78510598e-06  1.99742486e-06  3.78510598e-06  1.25720139e-09  3.78510598e-06  2.72918745e-08  3.78510598e-06  0.00000000e+00  3.78510598e-06  0.00000000e+00 
 3.88510598e-06  4.77751348e-01  3.88510598e-06  3.99529561e-01  3.88510598e-06  1.99742484e-06  3.88510598e-06  1.25678385e-09  3.88510598e-06  2.72999185e-08  3.88510598e-06  0.00000000e+00  3.88510598e-06  0.00000000e+00 
 3.98510598e-06  4.78034401e-01  3.98510598e-06  3.99529486e-01  3.98510598e-06  1.99742487e-06  3.98510598e-06  1.25718685e-09  3.98510598e-06  2.73058216e-08  3.98510598e-06  0.00000000e+00  3.98510598e-06  0.00000000e+00 
 4.08510598e-06  4.78255932e-01  4.08510598e-06  3.99529447e-01  4.08510598e-06  1.99742484e-06  4.08510598e-06  1.25676026e-09  4.08510598e-06  2.73108345e-08  4.08510598e-06  0.00000000e+00  4.08510598e-06  0.00000000e+00 
 4.18510598e-06  4.78429242e-01  4.18510598e-06  3.99529399e-01  4.18510598e-06  1.99742487e-06  4.18510598e-06  1.25717961e-09  4.18510598e-06  2.73143634e-08  4.18510598e-06  0.00000000e+00  4.18510598e-06  0.00000000e+00 
 4.28510598e-06  4.78564785e-01  4.28510598e-06  3.99529377e-01  4.28510598e-06  1.99742485e-06  4.28510598e-06  1.25674411e-09  4.28510598e-06  2.73175145e-08  4.28510598e-06  0.00000000e+00  4.28510598e-06  0.00000000e+00 
 4.38510598e-06  4.78670765e-01  4.38510598e-06  3.99529345e-01  4.38510598e-06  1.99742487e-06  4.38510598e-06  1.25717678e-09  4.38510598e-06  2.73195877e-08  4.38510598e-06  0.00000000e+00  4.38510598e-06  0.00000000e+00 
 4.48510598e-06  4.78753613e-01  4.48510598e-06  3.99529334e-01  4.48510598e-06  1.99742484e-06  4.48510598e-06  1.25673270e-09  4.48510598e-06  2.73215978e-08  4.48510598e-06  0.00000000e+00  4.48510598e-06  0.00000000e+00 
 4.58510598e-06  4.78818368e-01  4.58510598e-06  3.99529312e-01  4.58510598e-06  1.99742487e-06  4.58510598e-06  1.25717650e-09  4.58510598e-06  2.73227802e-08  4.58510598e-06  0.00000000e+00  4.58510598e-06  0.00000000e+00 
 4.68510598e-06  4.78868976e-01  4.68510598e-06  3.99529308e-01  4.68510598e-06  1.99742485e-06  4.68510598e-06  1.25672434e-09  4.68510598e-06  2.73240921e-08  4.68510598e-06  0.00000000e+00  4.68510598e-06  0.00000000e+00 
 4.78510598e-06  4.78908524e-01  4.78510598e-06  3.99529292e-01  4.78510598e-06  1.99742487e-06  4.78510598e-06  1.25717765e-09  4.78510598e-06  2.73247302e-08  4.78510598e-06  0.00000000e+00  4.78510598e-06  0.00000000e+00 
 4.88510598e-06  4.78939427e-01  4.88510598e-06  3.99529292e-01  4.88510598e-06  1.99742485e-06  4.88510598e-06  1.25671795e-09  4.88510598e-06  2.73256151e-08  4.88510598e-06  0.00000000e+00  4.88510598e-06  0.00000000e+00 
 4.94255299e-06  4.78953975e-01  4.94255299e-06  3.99529282e-01  4.94255299e-06  1.99742487e-06  4.94255299e-06  1.25718123e-09  4.94255299e-06  2.73257136e-08  4.94255299e-06  0.00000000e+00  4.94255299e-06  0.00000000e+00 
 5.00000000e-06  4.78966606e-01  5.00000000e-06  3.99529285e-01  5.00000000e-06  1.99742484e-06  5.00000000e-06  1.25671097e-09  5.00000000e-06  2.73262021e-08  5.00000000e-06  0.00000000e+00  5.00000000e-06  0.00000000e+00 
 5.00000100e-06  4.78970031e-01  5.00000100e-06  4.00478335e-01  5.00000100e-06  1.78237232e-06  5.00000100e-06  2.89315997e-06  5.00000100e-06 -6.58303761e-07  5.00000100e-06  1.20000000e-01  5.00000100e-06  0.00000000e+00 
 5.00000300e-06  4.78977303e-01  5.00000300e-06  4.02391542e-01  5.00000300e-06  1.76370105e-06  5.00000300e-06  2.89309267e-06  5.00000300e-06 -7.40150415e-07  5.00000300e-06  3.60000000e-01  5.00000300e-06  0.00000000e+00 
 5.00000650e-06  4.78988472e-01  5.00000650e-06  4.05126739e-01  5.00000650e-06  1.85469027e-06  5.00000650e-06  4.78682754e-07  5.00000650e-06 -3.99966265e-07  5.00000650e-06  7.80000000e-01  5.00000650e-06  0.00000000e+00 
 5.00001000e-06  4.78996373e-01  5.00001000e-06  4.06864323e-01  5.00001000e-06  1.89097942e-06  5.00001000e-06 -6.55987025e-07  5.00001000e-06 -2.93726602e-07  5.00001000e-06  1.20000000e+00  5.00001000e-06  0.00000000e+00 
 5.00001070e-06  4.78995908e-01  5.00001070e-06  4.06621286e-01  5.00001070e-06  2.06016254e-06  5.00001070e-06 -3.30487857e-06  5.00001070e-06  2.51624074e-07  5.00001070e-06  1.20000000e+00  5.00001070e-06  0.00000000e+00 
 5.00001210e-06  4.78994712e-01  5.00001210e-06  4.06127993e-01  5.00001210e-06  2.07744768e-06  5.00001210e-06 -3.64480118e-06  5.00001210e-06  3.40429850e-07  5.00001210e-06  1.20000000e+00  5.00001210e-06  0.00000000e+00 
 5.00001490e-06  4.78992279e-01  5.00001490e-06  4.05258870e-01  5.00001490e-06  2.04541983e-06  5.00001490e-06 -2.65274594e-06  5.00001490e-06  1.98509851e-07  5.00001490e-06  1.20000000e+00  5.00001490e-06  0.00000000e+00 
 5.00002050e-06  4.78987345e-01  5.00002050e-06  4.03744116e-01  5.00002050e-06  2.06251178e-06  5.00002050e-06 -2.31223369e-06  5.00002050e-06  2.68972993e-07  5.00002050e-06  1.20000000e+00  5.00002050e-06  0.00000000e+00 
 5.00003170e-06  4.78973677e-01  5.00003170e-06  4.00230610e-01  5.00003170e-06  2.07450341e-06  5.00003170e-06 -7.71061022e-07  5.00003170e-06  2.61681854e-07  5.00003170e-06  1.20000000e+00  5.00003170e-06  0.00000000e+00 
 5.00005410e-06  4.78923210e-01  5.00005410e-06  3.85919403e-01  5.00005410e-06  2.23781441e-06  5.00005410e-06  9.87969287e-07  5.00005410e-06  7.63493530e-07  5.00005410e-06  1.20000000e+00  5.00005410e-06  0.00000000e+00 
 5.00008496e-06  4.78878567e-01  5.00008496e-06  3.69379790e-01  5.00008496e-06  2.05895338e-06  5.00008496e-06  5.56108308e-06  5.00008496e-06  1.22158101e-07  5.00008496e-06  1.20000000e+00  5.00008496e-06  0.00000000e+00 
 5.00011894e-06  4.78886582e-01  5.00011894e-06  3.59349396e-01  5.00011894e-06  2.13504332e-06  5.00011894e-06  2.27702596e-06  5.00011894e-06  4.03996998e-07  5.00011894e-06  1.20000000e+00  5.00011894e-06  0.00000000e+00 
 5.00018690e-06  4.78959360e-01  5.00018690e-06  3.47178515e-01  5.00018690e-06  1.99505300e-06  5.00018690e-06  2.91726725e-06  5.00018690e-06 -4.09025161e-08  5.00018690e-06  1.20000000e+00  5.00018690e-06  0.00000000e+00 
 5.00025456e-06  4.79040306e-01  5.00025456e-06  3.39994274e-01  5.00025456e-06  2.08493133e-06  5.00025456e-06  6.38706250e-07  5.00025456e-06  2.95977627e-07  5.00025456e-06  1.20000000e+00  5.00025456e-06  0.00000000e+00 
 5.00038889e-06  4.79163366e-01  5.00038889e-06  3.32432027e-01  5.00038889e-06  1.95483148e-06  5.00038889e-06  2.25329940e-06  5.00038889e-06 -1.18091611e-07  5.00038889e-06  1.20000000e+00  5.00038889e-06  0.00000000e+00 
 5.00059750e-06  4.79286786e-01  5.00059750e-06  3.31037380e-01  5.00059750e-06  2.04432341e-06  5.00059750e-06  1.80292777e-07  5.00059750e-06  2.09701081e-07  5.00059750e-06  1.20000000e+00  5.00059750e-06  0.00000000e+00 
 5.00100000e-06  4.79409770e-01  5.00100000e-06  3.39042918e-01  5.00100000e-06  1.93143396e-06  5.00100000e-06  1.87618161e-06  5.00100000e-06 -1.74036669e-07  5.00100000e-06  1.20000000e+00  5.00100000e-06  0.00000000e+00 
 5.00104172e-06  4.79443025e-01  5.00104172e-06  3.40102237e-01  5.00104172e-06  1.98496674e-06  5.00104172e-06  9.21707864e-07  5.00104172e-06  8.43800998e-09  5.00104172e-06  1.20000000e+00  5.00104172e-06  0.00000000e+00 
 5.00112517e-06  4.79497184e-01  5.00112517e-06  3.42144588e-01  5.00112517e-06  1.98584284e-06  5.00112517e-06  8.99814537e-07  5.00112517e-06  9.80239750e-09  5.00112517e-06  1.20000000e+00  5.00112517e-06  0.00000000e+00 
 5.00129206e-06  4.79551244e-01  5.00129206e-06  3.45855717e-01  5.00129206e-06  1.98707374e-06  5.00129206e-06  8.60139445e-07  5.00129206e-06  1.05056586e-08  5.00129206e-06  1.20000000e+00  5.00129206e-06  0.00000000e+00 
 5.00157280e-06  4.79611843e-01  5.00157280e-06  3.51087361e-01  5.00157280e-06  1.98944601e-06  5.00157280e-06  8.04540682e-07  5.00157280e-06  1.44113975e-08  5.00157280e-06  1.20000000e+00  5.00157280e-06  0.00000000e+00 
 5.00178640e-06  4.79652597e-01  5.00178640e-06  3.54356330e-01  5.00178640e-06  1.99058883e-06  5.00178640e-06  7.70530058e-07  5.00178640e-06  1.55922682e-08  5.00178640e-06  1.20000000e+00  5.00178640e-06  0.00000000e+00 
 5.00200000e-06  4.79690320e-01  5.00200000e-06  3.57182208e-01  5.00200000e-06  1.99181612e-06  5.00200000e-06  7.43181226e-07  5.00200000e-06  1.80907216e-08  5.00200000e-06  1.20000000e+00  5.00200000e-06  0.00000000e+00 
 5.00204272e-06  4.79693620e-01  5.00204272e-06  3.57697131e-01  5.00204272e-06  1.99189139e-06  5.00204272e-06  7.38464871e-07  5.00204272e-06  1.79387075e-08  5.00204272e-06  1.20000000e+00  5.00204272e-06  0.00000000e+00 
 5.00212816e-06  4.79700135e-01  5.00212816e-06  3.58704189e-01  5.00212816e-06  1.99222039e-06  5.00212816e-06  7.29645130e-07  5.00212816e-06  1.84722605e-08  5.00212816e-06  1.20000000e+00  5.00212816e-06  0.00000000e+00 
 5.00229904e-06  4.79712706e-01  5.00229904e-06  3.60593675e-01  5.00229904e-06  1.99278557e-06  5.00229904e-06  7.14372615e-07  5.00229904e-06  1.93968584e-08  5.00229904e-06  1.20000000e+00  5.00229904e-06  0.00000000e+00 
 5.00264079e-06  4.79736494e-01  5.00264079e-06  3.63976241e-01  5.00264079e-06  1.99365439e-06  5.00264079e-06  6.91922099e-07  5.00264079e-06  2.08270074e-08  5.00264079e-06  1.20000000e+00  5.00264079e-06  0.00000000e+00 
 5.00332431e-06  4.79780916e-01  5.00332431e-06  3.69620489e-01  5.00332431e-06  1.99477266e-06  5.00332431e-06  6.67775535e-07  5.00332431e-06  2.26581573e-08  5.00332431e-06  1.20000000e+00  5.00332431e-06  0.00000000e+00 
 5.00469133e-06  4.79864742e-01  5.00469133e-06  3.78017990e-01  5.00469133e-06  1.99596733e-06  5.00469133e-06  6.53027542e-07  5.00469133e-06  2.44968977e-08  5.00469133e-06  1.20000000e+00  5.00469133e-06  0.00000000e+00 
 5.00742538e-06  4.80027516e-01  5.00742538e-06  3.88172897e-01  5.00742538e-06  1.99700886e-06  5.00742538e-06  6.48047113e-07  5.00742538e-06  2.59505758e-08  5.00742538e-06  1.20000000e+00  5.00742538e-06  0.00000000e+00 
 5.01289348e-06  4.80348025e-01  5.01289348e-06  3.96629382e-01  5.01289348e-06  1.99758014e-06  5.01289348e-06  6.47621945e-07  5.01289348e-06  2.69656030e-08  5.01289348e-06  1.20000000e+00  5.01289348e-06  0.00000000e+00 
 5.02382968e-06  4.80982289e-01  5.02382968e-06  3.99740770e-01  5.02382968e-06  1.99752146e-06  5.02382968e-06  6.52512423e-07  5.02382968e-06  2.74125530e-08  5.02382968e-06  1.20000000e+00  5.02382968e-06  0.00000000e+00 
 5.04286345e-06  4.82077409e-01  5.04286345e-06  3.99439160e-01  5.04286345e-06  1.99739014e-06  5.04286345e-06  6.52200689e-07  5.04286345e-06  2.73706942e-08  5.04286345e-06  1.20000000e+00  5.04286345e-06  0.00000000e+00 
 5.07224114e-06  4.83753160e-01  5.07224114e-06  3.99593127e-01  5.07224114e-06  1.99744430e-06  5.07224114e-06  6.52500987e-07  5.07224114e-06  2.74452750e-08  5.07224114e-06  1.20000000e+00  5.07224114e-06  0.00000000e+00 
 5.13099652e-06  4.87091545e-01  5.13099652e-06  3.99487821e-01  5.13099652e-06  1.99740971e-06  5.13099652e-06  6.52389960e-07  5.13099652e-06  2.74881063e-08  5.13099652e-06  1.20000000e+00  5.13099652e-06  0.00000000e+00 
 5.23099652e-06  4.92769123e-01  5.23099652e-06  3.99575286e-01  5.23099652e-06  1.99743770e-06  5.23099652e-06  6.52769571e-07  5.23099652e-06  2.76357474e-08  5.23099652e-06  1.20000000e+00  5.23099652e-06  0.00000000e+00 
 5.33099652e-06  4.98447698e-01  5.33099652e-06  3.99499040e-01  5.33099652e-06  1.99741355e-06  5.33099652e-06  6.52756960e-07  5.33099652e-06  2.77340962e-08  5.33099652e-06  1.20000000e+00  5.33099652e-06  0.00000000e+00 
 5.43099652e-06  5.04126481e-01  5.43099652e-06  3.99566343e-01  5.43099652e-06  1.99743446e-06  5.43099652e-06  6.53124775e-07  5.43099652e-06  2.78764125e-08  5.43099652e-06  1.20000000e+00  5.43099652e-06  0.00000000e+00 
 5.53099652e-06  5.09805863e-01  5.53099652e-06  3.99507399e-01  5.53099652e-06  1.99741629e-06  5.53099652e-06  6.53130219e-07  5.53099652e-06  2.79779066e-08  5.53099652e-06  1.20000000e+00  5.53099652e-06  0.00000000e+00 
 5.63099652e-06  5.15485667e-01  5.63099652e-06  3.99559837e-01  5.63099652e-06  1.99743213e-06  5.63099652e-06  6.53488544e-07  5.63099652e-06  2.81158686e-08  5.63099652e-06  1.20000000e+00  5.63099652e-06  0.00000000e+00 
 5.73099652e-06  5.21166057e-01  5.73099652e-06  3.99513737e-01  5.73099652e-06  1.99741827e-06  5.73099652e-06  6.53511760e-07  5.73099652e-06  2.82197502e-08  5.73099652e-06  1.20000000e+00  5.73099652e-06  0.00000000e+00 
 5.83099652e-06  5.26846946e-01  5.83099652e-06  3.99555140e-01  5.83099652e-06  1.99743044e-06  5.83099652e-06  6.53861980e-07  5.83099652e-06  2.83540319e-08  5.83099652e-06  1.20000000e+00  5.83099652e-06  0.00000000e+00 
 5.93099652e-06  5.32528465e-01  5.93099652e-06  3.99518611e-01  5.93099652e-06  1.99741972e-06  5.93099652e-06  6.53902802e-07  5.93099652e-06  2.84597197e-08  5.93099652e-06  1.20000000e+00  5.93099652e-06  0.00000000e+00 
 6.03099652e-06  5.38210543e-01  6.03099652e-06  3.99551793e-01  6.03099652e-06  1.99742919e-06  6.03099652e-06  6.54246221e-07  6.03099652e-06  2.85908421e-08  6.03099652e-06  1.20000000e+00  6.03099652e-06  0.00000000e+00 
 6.13099652e-06  5.43893307e-01  6.13099652e-06  3.99522433e-01  6.13099652e-06  1.99742080e-06  6.13099652e-06  6.54304543e-07  6.13099652e-06  2.86978893e-08  6.13099652e-06  1.20000000e+00  6.13099652e-06  0.00000000e+00 
 6.23099652e-06  5.49576692e-01  6.23099652e-06  3.99549464e-01  6.23099652e-06  1.99742826e-06  6.23099652e-06  6.54642421e-07  6.23099652e-06  2.88262580e-08  6.23099652e-06  1.20000000e+00  6.23099652e-06  0.00000000e+00 
 6.33099652e-06  5.55260823e-01  6.33099652e-06  3.99525514e-01  6.33099652e-06  1.99742161e-06  6.33099652e-06  6.54718115e-07  6.33099652e-06  2.89343191e-08  6.33099652e-06  1.20000000e+00  6.33099652e-06  0.00000000e+00 
 6.43099652e-06  5.60945642e-01  6.43099652e-06  3.99547915e-01  6.43099652e-06  1.99742755e-06  6.43099652e-06  6.55051658e-07  6.43099652e-06  2.90602530e-08  6.43099652e-06  1.20000000e+00  6.43099652e-06  0.00000000e+00 
 6.53099652e-06  5.66631269e-01  6.53099652e-06  3.99528092e-01  6.53099652e-06  1.99742223e-06  6.53099652e-06  6.55144504e-07  6.53099652e-06  2.91690586e-08  6.53099652e-06  1.20000000e+00  6.53099652e-06  0.00000000e+00 
 6.63099652e-06  5.72317652e-01  6.63099652e-06  3.99546982e-01  6.63099652e-06  1.99742701e-06  6.63099652e-06  6.55474822e-07  6.63099652e-06  2.92928111e-08  6.63099652e-06  1.20000000e+00  6.63099652e-06  0.00000000e+00 
 6.73099652e-06  5.78004905e-01  6.73099652e-06  3.99530347e-01  6.73099652e-06  1.99742272e-06  6.73099652e-06  6.55584442e-07  6.73099652e-06  2.94021499e-08  6.73099652e-06  1.20000000e+00  6.73099652e-06  0.00000000e+00 
 6.83099652e-06  5.83692984e-01  6.83099652e-06  3.99546556e-01  6.83099652e-06  1.99742657e-06  6.83099652e-06  6.55912480e-07  6.83099652e-06  2.95239248e-08  6.83099652e-06  1.20000000e+00  6.83099652e-06  0.00000000e+00 
 6.93099652e-06  5.89381996e-01  6.93099652e-06  3.99532426e-01  6.93099652e-06  1.99742311e-06  6.93099652e-06  6.56038261e-07  6.93099652e-06  2.96336289e-08  6.93099652e-06  1.20000000e+00  6.93099652e-06  0.00000000e+00 
 7.03099652e-06  5.95071899e-01  7.03099652e-06  3.99546570e-01  7.03099652e-06  1.99742622e-06  7.03099652e-06  6.56364719e-07  7.03099652e-06  2.97535926e-08  7.03099652e-06  1.20000000e+00  7.03099652e-06  0.00000000e+00 
 7.13099652e-06  6.00762793e-01  7.13099652e-06  3.99534447e-01  7.13099652e-06  1.99742342e-06  7.13099652e-06  6.56505750e-07  7.13099652e-06  2.98635272e-08  7.13099652e-06  1.20000000e+00  7.13099652e-06  0.00000000e+00 
 7.23099652e-06  6.06454640e-01  7.23099652e-06  3.99546989e-01  7.23099652e-06  1.99742594e-06  7.23099652e-06  6.56831011e-07  7.23099652e-06  2.99818172e-08  7.23099652e-06  1.20000000e+00  7.23099652e-06  0.00000000e+00 
 7.33099652e-06  6.12147527e-01  7.33099652e-06  3.99536512e-01  7.33099652e-06  1.99742369e-06  7.33099652e-06  6.56986046e-07  7.33099652e-06  3.00918727e-08  7.33099652e-06  1.20000000e+00  7.33099652e-06  0.00000000e+00 
 7.43099652e-06  6.17841419e-01  7.43099652e-06  3.99547797e-01  7.43099652e-06  1.99742570e-06  7.43099652e-06  6.57310164e-07  7.43099652e-06  3.02086043e-08  7.43099652e-06  1.20000000e+00  7.43099652e-06  0.00000000e+00 
 7.53099652e-06  6.23536391e-01  7.53099652e-06  3.99538701e-01  7.53099652e-06  1.99742391e-06  7.53099652e-06  6.57477650e-07  7.53099652e-06  3.03186903e-08  7.53099652e-06  1.20000000e+00  7.53099652e-06  0.00000000e+00 
 7.63099652e-06  6.29232410e-01  7.63099652e-06  3.99548991e-01  7.63099652e-06  1.99742550e-06  7.63099652e-06  6.57800394e-07  7.63099652e-06  3.04339615e-08  7.63099652e-06  1.20000000e+00  7.63099652e-06  0.00000000e+00 
 7.73099652e-06  6.34929537e-01  7.73099652e-06  3.99541077e-01  7.73099652e-06  1.99742410e-06  7.73099652e-06  6.57978589e-07  7.73099652e-06  3.05440022e-08  7.73099652e-06  1.20000000e+00  7.73099652e-06  0.00000000e+00 
 7.83099652e-06  6.40627739e-01  7.83099652e-06  3.99550564e-01  7.83099652e-06  1.99742533e-06  7.83099652e-06  6.58299626e-07  7.83099652e-06  3.06578974e-08  7.83099652e-06  1.20000000e+00  7.83099652e-06  0.00000000e+00 
 7.93099652e-06  6.46327065e-01  7.93099652e-06  3.99543680e-01  7.93099652e-06  1.99742426e-06  7.93099652e-06  6.58486843e-07  7.93099652e-06  3.07678285e-08  7.93099652e-06  1.20000000e+00  7.93099652e-06  0.00000000e+00 
 8.03099652e-06  6.52027486e-01  8.03099652e-06  3.99552503e-01  8.03099652e-06  1.99742518e-06  8.03099652e-06  6.58806007e-07  8.03099652e-06  3.08804215e-08  8.03099652e-06  1.20000000e+00  8.03099652e-06  0.00000000e+00 
 8.13099652e-06  6.57729041e-01  8.13099652e-06  3.99546520e-01  8.13099652e-06  1.99742441e-06  8.13099652e-06  6.59000948e-07  8.13099652e-06  3.09901879e-08  8.13099652e-06  1.20000000e+00  8.13099652e-06  0.00000000e+00 
 8.23099652e-06  6.63431707e-01  8.23099652e-06  3.99554775e-01  8.23099652e-06  1.99742504e-06  8.23099652e-06  6.59318603e-07  8.23099652e-06  3.11015440e-08  8.23099652e-06  1.20000000e+00  8.23099652e-06  0.00000000e+00 
 8.33099652e-06  6.69135518e-01  8.33099652e-06  3.99549584e-01  8.33099652e-06  1.99742454e-06  8.33099652e-06  6.59520753e-07  8.33099652e-06  3.12110979e-08  8.33099652e-06  1.20000000e+00  8.33099652e-06  0.00000000e+00 
 8.43099652e-06  6.74840461e-01  8.43099652e-06  3.99557334e-01  8.43099652e-06  1.99742493e-06  8.43099652e-06  6.59838177e-07  8.43099652e-06  3.13212759e-08  8.43099652e-06  1.20000000e+00  8.43099652e-06  0.00000000e+00 
 8.53099652e-06  6.80546571e-01  8.53099652e-06  3.99552832e-01  8.53099652e-06  1.99742465e-06  8.53099652e-06  6.60048186e-07  8.53099652e-06  3.14305762e-08  8.53099652e-06  1.20000000e+00  8.53099652e-06  0.00000000e+00 
 8.63099652e-06  6.86253854e-01  8.63099652e-06  3.99560116e-01  8.63099652e-06  1.99742482e-06  8.63099652e-06  6.60367914e-07  8.63099652e-06  3.15396300e-08  8.63099652e-06  1.20000000e+00  8.63099652e-06  0.00000000e+00 
 8.73099652e-06  6.91962351e-01  8.73099652e-06  3.99556210e-01  8.73099652e-06  1.99742476e-06  8.73099652e-06  6.60587938e-07  8.73099652e-06  3.16486414e-08  8.73099652e-06  1.20000000e+00  8.73099652e-06  0.00000000e+00 
 8.83099652e-06  6.97672094e-01  8.83099652e-06  3.99563051e-01  8.83099652e-06  1.99742473e-06  8.83099652e-06  6.60914045e-07  8.83099652e-06  3.17566213e-08  8.83099652e-06  1.20000000e+00  8.83099652e-06  0.00000000e+00 
 8.93099652e-06  7.03383140e-01  8.93099652e-06  3.99559655e-01  8.93099652e-06  1.99742486e-06  8.93099652e-06  6.61148000e-07  8.93099652e-06  3.18653145e-08  8.93099652e-06  1.20000000e+00  8.93099652e-06  0.00000000e+00 
 9.03099652e-06  7.09095554e-01  9.03099652e-06  3.99566068e-01  9.03099652e-06  1.99742464e-06  9.03099652e-06  6.61486320e-07  9.03099652e-06  3.19722682e-08  9.03099652e-06  1.20000000e+00  9.03099652e-06  0.00000000e+00 
 9.13099652e-06  7.14809419e-01  9.13099652e-06  3.99563102e-01  9.13099652e-06  1.99742494e-06  9.13099652e-06  6.61740100e-07  9.13099652e-06  3.20806197e-08  9.13099652e-06  1.20000000e+00  9.13099652e-06  0.00000000e+00 
 9.23099652e-06  7.20524841e-01  9.23099652e-06  3.99569099e-01  9.23099652e-06  1.99742456e-06  9.23099652e-06  6.62098412e-07  9.23099652e-06  3.21865936e-08  9.23099652e-06  1.20000000e+00  9.23099652e-06  0.00000000e+00 
 9.33099652e-06  7.26241937e-01  9.33099652e-06  3.99566491e-01  9.33099652e-06  1.99742502e-06  9.33099652e-06  6.62380097e-07  9.33099652e-06  3.22945859e-08  9.33099652e-06  1.20000000e+00  9.33099652e-06  0.00000000e+00 
 9.43099652e-06  7.31960864e-01  9.43099652e-06  3.99572083e-01  9.43099652e-06  1.99742449e-06  9.43099652e-06  6.62768362e-07  9.43099652e-06  3.23996260e-08  9.43099652e-06  1.20000000e+00  9.43099652e-06  0.00000000e+00 
 9.53099652e-06  7.37681788e-01  9.53099652e-06  3.99569772e-01  9.53099652e-06  1.99742510e-06  9.53099652e-06  6.63088523e-07  9.53099652e-06  3.25072480e-08  9.53099652e-06  1.20000000e+00  9.53099652e-06  0.00000000e+00 
 9.63099652e-06  7.43404923e-01  9.63099652e-06  3.99574972e-01  9.63099652e-06  1.99742443e-06  9.63099652e-06  6.63519263e-07  9.63099652e-06  3.26114008e-08  9.63099652e-06  1.20000000e+00  9.63099652e-06  0.00000000e+00 
 9.73099652e-06  7.49130499e-01  9.73099652e-06  3.99572905e-01  9.73099652e-06  1.99742516e-06  9.73099652e-06  6.63891442e-07  9.73099652e-06  3.27186481e-08  9.73099652e-06  1.20000000e+00  9.73099652e-06  0.00000000e+00 
 9.83099652e-06  7.54858802e-01  9.83099652e-06  3.99577727e-01  9.83099652e-06  1.99742437e-06  9.83099652e-06  6.64380350e-07  9.83099652e-06  3.28219616e-08  9.83099652e-06  1.20000000e+00  9.83099652e-06  0.00000000e+00 
 9.93099652e-06  7.60590140e-01  9.93099652e-06  3.99575861e-01  9.93099652e-06  1.99742522e-06  9.93099652e-06  6.64821830e-07  9.93099652e-06  3.29288374e-08  9.93099652e-06  1.20000000e+00  9.93099652e-06  0.00000000e+00 
 1.00309965e-05  7.66324892e-01  1.00309965e-05  3.99580324e-01  1.00309965e-05  1.99742432e-06  1.00309965e-05  6.65388741e-07  1.00309965e-05  3.30313628e-08  1.00309965e-05  1.20000000e+00  1.00309965e-05  0.00000000e+00 
 1.01309965e-05  7.72063465e-01  1.01309965e-05  3.99578625e-01  1.01309965e-05  1.99742528e-06  1.01309965e-05  6.65921721e-07  1.01309965e-05  3.31378784e-08  1.01309965e-05  1.20000000e+00  1.01309965e-05  0.00000000e+00 
 1.02309965e-05  7.77806355e-01  1.02309965e-05  3.99582749e-01  1.02309965e-05  1.99742427e-06  1.02309965e-05  6.66592027e-07  1.02309965e-05  3.32396714e-08  1.02309965e-05  1.20000000e+00  1.02309965e-05  0.00000000e+00 
 1.03309965e-05  7.83554099e-01  1.03309965e-05  3.99581194e-01  1.03309965e-05  1.99742533e-06  1.03309965e-05  6.67245305e-07  1.03309965e-05  3.33458479e-08  1.03309965e-05  1.20000000e+00  1.03309965e-05  0.00000000e+00 
 1.04309965e-05  7.89307343e-01  1.04309965e-05  3.99585002e-01  1.04309965e-05  1.99742423e-06  1.04309965e-05  6.68051963e-07  1.04309965e-05  3.34469709e-08  1.04309965e-05  1.20000000e+00  1.04309965e-05  0.00000000e+00 
 1.05309965e-05  7.95066795e-01  1.05309965e-05  3.99583576e-01  1.05309965e-05  1.99742537e-06  1.05309965e-05  6.68863270e-07  1.05309965e-05  3.35528411e-08  1.05309965e-05  1.20000000e+00  1.05309965e-05  0.00000000e+00 
 1.06309965e-05  8.00833299e-01  1.06309965e-05  3.99587095e-01  1.06309965e-05  1.99742419e-06  1.06309965e-05  6.69849547e-07  1.06309965e-05  3.36533662e-08  1.06309965e-05  1.20000000e+00  1.06309965e-05  0.00000000e+00 
 1.07309965e-05  8.06607788e-01  1.07309965e-05  3.99585793e-01  1.07309965e-05  1.99742542e-06  1.07309965e-05  6.70868739e-07  1.07309965e-05  3.37589772e-08  1.07309965e-05  1.20000000e+00  1.07309965e-05  0.00000000e+00 
 1.08309965e-05  8.12391365e-01  1.08309965e-05  3.99589049e-01  1.08309965e-05  1.99742415e-06  1.08309965e-05  6.72091939e-07  1.08309965e-05  3.38589899e-08  1.08309965e-05  1.20000000e+00  1.08309965e-05  0.00000000e+00 
 1.09309965e-05  8.18185264e-01  1.09309965e-05  3.99587873e-01  1.09309965e-05  1.99742546e-06  1.09309965e-05  6.73385281e-07  1.09309965e-05  3.39644072e-08  1.09309965e-05  1.20000000e+00  1.09309965e-05  0.00000000e+00 
 1.10309965e-05  8.23990935e-01  1.10309965e-05  3.99590897e-01  1.10309965e-05  1.99742411e-06  1.10309965e-05  6.74921741e-07  1.10309965e-05  3.40640111e-08  1.10309965e-05  1.20000000e+00  1.10309965e-05  0.00000000e+00 
 1.11309965e-05  8.29810013e-01  1.11309965e-05  3.99589854e-01  1.11309965e-05  1.99742549e-06  1.11309965e-05  6.76577689e-07  1.11309965e-05  3.41693238e-08  1.11309965e-05  1.20000000e+00  1.11309965e-05  0.00000000e+00 
 1.12309965e-05  8.35644412e-01  1.12309965e-05  3.99592678e-01  1.12309965e-05  1.99742408e-06  1.12309965e-05  6.78529498e-07  1.12309965e-05  3.42686477e-08  1.12309965e-05  1.20000000e+00  1.12309965e-05  0.00000000e+00 
 1.13309965e-05  8.41496303e-01  1.13309965e-05  3.99591785e-01  1.13309965e-05  1.99742552e-06  1.13309965e-05  6.80666491e-07  1.13309965e-05  3.43739756e-08  1.13309965e-05  1.20000000e+00  1.13309965e-05  0.00000000e+00 
 1.14309965e-05  8.47368221e-01  1.14309965e-05  3.99594442e-01  1.14309965e-05  1.99742405e-06  1.14309965e-05  6.83170623e-07  1.14309965e-05  3.44731820e-08  1.14309965e-05  1.20000000e+00  1.14309965e-05  0.00000000e+00 
 1.15309965e-05  8.53263060e-01  1.15309965e-05  3.99593721e-01  1.15309965e-05  1.99742555e-06  1.15309965e-05  6.85947754e-07  1.15309965e-05  3.45786856e-08  1.15309965e-05  1.20000000e+00  1.15309965e-05  0.00000000e+00 
 1.16309965e-05  8.59184193e-01  1.16309965e-05  3.99596250e-01  1.16309965e-05  1.99742403e-06  1.16309965e-05  6.89188636e-07  1.16309965e-05  3.46779826e-08  1.16309965e-05  1.20000000e+00  1.16309965e-05  0.00000000e+00 
 1.17309965e-05  8.65135486e-01  1.17309965e-05  3.99595730e-01  1.17309965e-05  1.99742558e-06  1.17309965e-05  6.92820509e-07  1.17309965e-05  3.47838767e-08  1.17309965e-05  1.20000000e+00  1.17309965e-05  0.00000000e+00 
 1.18309965e-05  8.71121445e-01  1.18309965e-05  3.99598176e-01  1.18309965e-05  1.99742400e-06  1.18309965e-05  6.97047709e-07  1.18309965e-05  3.48835335e-08  1.18309965e-05  1.20000000e+00  1.18309965e-05  0.00000000e+00 
 1.19309965e-05  8.77147260e-01  1.19309965e-05  3.99597894e-01  1.19309965e-05  1.99742560e-06  1.19309965e-05  7.01825572e-07  1.19309965e-05  3.49901055e-08  1.19309965e-05  1.20000000e+00  1.19309965e-05  0.00000000e+00 
 1.20309965e-05  8.83218978e-01  1.20309965e-05  3.99600310e-01  1.20309965e-05  1.99742398e-06  1.20309965e-05  7.07379229e-07  1.20309965e-05  3.50904748e-08  1.20309965e-05  1.20000000e+00  1.20309965e-05  0.00000000e+00 
 1.21309965e-05  8.89343599e-01  1.21309965e-05  3.99600317e-01  1.21309965e-05  1.99742562e-06  1.21309965e-05  7.13701730e-07  1.21309965e-05  3.51981100e-08  1.21309965e-05  1.20000000e+00  1.21309965e-05  0.00000000e+00 
 1.22309965e-05  8.95529297e-01  1.22309965e-05  3.99602769e-01  1.22309965e-05  1.99742396e-06  1.22309965e-05  7.21049907e-07  1.22309965e-05  3.52996580e-08  1.22309965e-05  1.20000000e+00  1.22309965e-05  0.00000000e+00 
 1.23309965e-05  9.01785575e-01  1.23309965e-05  3.99603131e-01  1.23309965e-05  1.99742564e-06  1.23309965e-05  7.29468588e-07  1.23309965e-05  3.54088755e-08  1.23309965e-05  1.20000000e+00  1.23309965e-05  0.00000000e+00 
 1.24309965e-05  9.08123565e-01  1.24309965e-05  3.99605703e-01  1.24309965e-05  1.99742394e-06  1.24309965e-05  7.39262755e-07  1.24309965e-05  3.55122247e-08  1.24309965e-05  1.20000000e+00  1.24309965e-05  0.00000000e+00 
 1.25309965e-05  9.14556277e-01  1.25309965e-05  3.99606509e-01  1.25309965e-05  1.99742565e-06  1.25309965e-05  7.50549619e-07  1.25309965e-05  3.56237289e-08  1.25309965e-05  1.20000000e+00  1.25309965e-05  0.00000000e+00 
 1.26309965e-05  9.21102549e-01  1.26309965e-05  3.99609647e-01  1.26309965e-05  1.99742393e-06  1.26309965e-05  7.64473046e-07  1.26309965e-05  3.57295718e-08  1.26309965e-05  1.20000000e+00  1.26309965e-05  0.00000000e+00 
 1.27309965e-05  9.27781907e-01  1.27309965e-05  3.99611212e-01  1.27309965e-05  1.99742567e-06  1.27309965e-05  7.80072440e-07  1.27309965e-05  3.58444876e-08  1.27309965e-05  1.20000000e+00  1.27309965e-05  0.00000000e+00 
 1.28309965e-05  9.34612009e-01  1.28309965e-05  3.99613930e-01  1.28309965e-05  1.99742391e-06  1.28309965e-05  7.97906322e-07  1.28309965e-05  3.59544135e-08  1.28309965e-05  1.20000000e+00  1.28309965e-05  0.00000000e+00 
 1.29309965e-05  9.41618013e-01  1.29309965e-05  3.99616639e-01  1.29309965e-05  1.99742568e-06  1.29309965e-05  8.19019205e-07  1.29309965e-05  3.60739240e-08  1.29309965e-05  1.20000000e+00  1.29309965e-05  0.00000000e+00 
 1.30309965e-05  9.48829857e-01  1.30309965e-05  3.99619628e-01  1.30309965e-05  1.99742390e-06  1.30309965e-05  8.43446120e-07  1.30309965e-05  3.61893110e-08  1.30309965e-05  1.20000000e+00  1.30309965e-05  0.00000000e+00 
 1.31309965e-05  9.56282185e-01  1.31309965e-05  3.99623242e-01  1.31309965e-05  1.99742568e-06  1.31309965e-05  8.72193424e-07  1.31309965e-05  3.63152405e-08  1.31309965e-05  1.20000000e+00  1.31309965e-05  0.00000000e+00 
 1.32309965e-05  9.64015838e-01  1.32309965e-05  3.99626813e-01  1.32309965e-05  1.99742390e-06  1.32309965e-05  9.05605572e-07  1.32309965e-05  3.64382549e-08  1.32309965e-05  1.20000000e+00  1.32309965e-05  0.00000000e+00 
 1.33309965e-05  9.72073084e-01  1.33309965e-05  3.99632068e-01  1.33309965e-05  1.99742568e-06  1.33309965e-05  9.43690938e-07  1.33309965e-05  3.65732678e-08  1.33309965e-05  1.20000000e+00  1.33309965e-05  0.00000000e+00 
 1.34309965e-05  9.80498346e-01  1.34309965e-05  3.99630761e-01  1.34309965e-05  1.99742390e-06  1.34309965e-05  9.86903348e-07  1.34309965e-05  3.67063091e-08  1.34309965e-05  1.20000000e+00  1.34309965e-05  0.00000000e+00 
 1.35309965e-05  9.89367979e-01  1.35309965e-05  3.99643492e-01  1.35309965e-05  1.99742565e-06  1.35309965e-05  1.04168534e-06  1.35309965e-05  3.68526452e-08  1.35309965e-05  1.20000000e+00  1.35309965e-05  0.00000000e+00 
 1.36309965e-05  9.98727763e-01  1.36309965e-05  3.99634693e-01  1.36309965e-05  1.99742395e-06  1.36309965e-05  1.09521304e-06  1.36309965e-05  3.70003350e-08  1.36309965e-05  1.20000000e+00  1.36309965e-05  0.00000000e+00 
 1.37309965e-05  1.00858656e+00  1.37309965e-05  3.99640712e-01  1.37309965e-05  1.99742559e-06  1.37309965e-05  1.15214762e-06  1.37309965e-05  3.71604472e-08  1.37309965e-05  1.20000000e+00  1.37309965e-05  0.00000000e+00 
 1.38309965e-05  1.01889818e+00  1.38309965e-05  3.99618579e-01  1.38309965e-05  1.99742404e-06  1.38309965e-05  1.19573069e-06  1.38309965e-05  3.73224898e-08  1.38309965e-05  1.20000000e+00  1.38309965e-05  0.00000000e+00 
 1.39309965e-05  1.02942469e+00  1.39309965e-05  3.99592120e-01  1.39309965e-05  1.99742555e-06  1.39309965e-05  1.20122219e-06  1.39309965e-05  3.74910386e-08  1.39309965e-05  1.20000000e+00  1.39309965e-05  0.00000000e+00 
 1.40309965e-05  1.03967045e+00  1.40309965e-05  3.99532387e-01  1.40309965e-05  1.99742419e-06  1.40309965e-05  1.13661155e-06  1.40309965e-05  3.76507556e-08  1.40309965e-05  1.20000000e+00  1.40309965e-05  0.00000000e+00 
 1.41309965e-05  1.04896747e+00  1.41309965e-05  3.99465744e-01  1.41309965e-05  1.99742565e-06  1.41309965e-05  9.95381164e-07  1.41309965e-05  3.77977692e-08  1.41309965e-05  1.20000000e+00  1.41309965e-05  0.00000000e+00 
 1.42309965e-05  1.05675080e+00  1.42309965e-05  3.99115113e-01  1.42309965e-05  1.99742738e-06  1.42309965e-05  8.05368828e-07  1.42309965e-05  3.79212560e-08  1.42309965e-05  1.20000000e+00  1.42309965e-05  0.00000000e+00 
 1.43309965e-05  1.06281199e+00  1.43309965e-05  3.99118958e-01  1.43309965e-05  1.99742478e-06  1.43309965e-05  6.16136200e-07  1.43309965e-05  3.80059200e-08  1.43309965e-05  1.20000000e+00  1.43309965e-05  0.00000000e+00 
 1.44309965e-05  1.06731289e+00  1.44309965e-05  3.99605708e-01  1.44309965e-05  1.99742479e-06  1.44309965e-05  4.60123935e-07  1.44309965e-05  3.80781419e-08  1.44309965e-05  1.20000000e+00  1.44309965e-05  0.00000000e+00 
 1.45309965e-05  1.07058241e+00  1.45309965e-05  3.99426424e-01  1.45309965e-05  1.99742583e-06  1.45309965e-05  3.43208053e-07  1.45309965e-05  3.81389638e-08  1.45309965e-05  1.20000000e+00  1.45309965e-05  0.00000000e+00 
 1.46309965e-05  1.07294179e+00  1.46309965e-05  3.99576734e-01  1.46309965e-05  1.99742332e-06  1.46309965e-05  2.57962821e-07  1.46309965e-05  3.81592746e-08  1.46309965e-05  1.20000000e+00  1.46309965e-05  0.00000000e+00 
 1.47309965e-05  1.07464026e+00  1.47309965e-05  3.99473587e-01  1.47309965e-05  1.99742716e-06  1.47309965e-05  1.96508709e-07  1.47309965e-05  3.82061559e-08  1.47309965e-05  1.20000000e+00  1.47309965e-05  0.00000000e+00 
 1.48309965e-05  1.07586122e+00  1.48309965e-05  3.99563364e-01  1.48309965e-05  1.99742197e-06  1.48309965e-05  1.51867477e-07  1.48309965e-05  3.82009529e-08  1.48309965e-05  1.20000000e+00  1.48309965e-05  0.00000000e+00 
 1.49309965e-05  1.07673771e+00  1.49309965e-05  3.99495079e-01  1.49309965e-05  1.99742838e-06  1.49309965e-05  1.20043322e-07  1.49309965e-05  3.82412239e-08  1.49309965e-05  1.20000000e+00  1.49309965e-05  0.00000000e+00 
 1.50309965e-05  1.07736620e+00  1.50309965e-05  3.99554862e-01  1.50309965e-05  1.99742080e-06  1.50309965e-05  9.67555581e-08  1.50309965e-05  3.82219595e-08  1.50309965e-05  1.20000000e+00  1.50309965e-05  0.00000000e+00 
 1.51309965e-05  1.07781654e+00  1.51309965e-05  3.99506542e-01  1.51309965e-05  1.99742942e-06  1.51309965e-05  8.04990108e-08  1.51309965e-05  3.82596558e-08  1.51309965e-05  1.20000000e+00  1.51309965e-05  0.00000000e+00 
 1.52309965e-05  1.07813921e+00  1.52309965e-05  3.99548676e-01  1.52309965e-05  1.99741985e-06  1.52309965e-05  6.83750922e-08  1.52309965e-05  3.82323744e-08  1.52309965e-05  1.20000000e+00  1.52309965e-05  0.00000000e+00 
 1.53309965e-05  1.07837028e+00  1.53309965e-05  3.99513745e-01  1.53309965e-05  1.99743028e-06  1.53309965e-05  6.01696280e-08  1.53309965e-05  3.82694264e-08  1.53309965e-05  1.20000000e+00  1.53309965e-05  0.00000000e+00 
 1.54309965e-05  1.07853577e+00  1.54309965e-05  3.99544300e-01  1.54309965e-05  1.99741908e-06  1.54309965e-05  5.37948245e-08  1.54309965e-05  3.82374477e-08  1.54309965e-05  1.20000000e+00  1.54309965e-05  0.00000000e+00 
 1.55309965e-05  1.07865424e+00  1.55309965e-05  3.99518384e-01  1.55309965e-05  1.99743095e-06  1.55309965e-05  4.97373814e-08  1.55309965e-05  3.82746670e-08  1.55309965e-05  1.20000000e+00  1.55309965e-05  0.00000000e+00 
 1.56309965e-05  1.07873907e+00  1.56309965e-05  3.99541234e-01  1.56309965e-05  1.99741847e-06  1.56309965e-05  4.63130024e-08  1.56309965e-05  3.82398489e-08  1.56309965e-05  1.20000000e+00  1.56309965e-05  0.00000000e+00 
 1.57309965e-05  1.07879980e+00  1.57309965e-05  3.99521444e-01  1.57309965e-05  1.99743149e-06  1.57309965e-05  4.43893143e-08  1.57309965e-05  3.82775273e-08  1.57309965e-05  1.20000000e+00  1.57309965e-05  0.00000000e+00 
 1.58309965e-05  1.07884327e+00  1.58309965e-05  3.99539073e-01  1.58309965e-05  1.99741799e-06  1.58309965e-05  4.24755914e-08  1.58309965e-05  3.82409276e-08  1.58309965e-05  1.20000000e+00  1.58309965e-05  0.00000000e+00 
 1.59309965e-05  1.07887439e+00  1.59309965e-05  3.99523514e-01  1.59309965e-05  1.99743191e-06  1.59309965e-05  4.16494188e-08  1.59309965e-05  3.82791273e-08  1.59309965e-05  1.20000000e+00  1.59309965e-05  0.00000000e+00 
 1.60309965e-05  1.07889667e+00  1.60309965e-05  3.99537530e-01  1.60309965e-05  1.99741762e-06  1.60309965e-05  4.05075265e-08  1.60309965e-05  3.82413622e-08  1.60309965e-05  1.20000000e+00  1.60309965e-05  0.00000000e+00 
 1.61309965e-05  1.07891261e+00  1.61309965e-05  3.99524953e-01  1.61309965e-05  1.99743225e-06  1.61309965e-05  4.02465262e-08  1.61309965e-05  3.82800528e-08  1.61309965e-05  1.20000000e+00  1.61309965e-05  0.00000000e+00 
 1.62309965e-05  1.07892403e+00  1.62309965e-05  3.99536407e-01  1.62309965e-05  1.99741732e-06  1.62309965e-05  3.94979049e-08  1.62309965e-05  3.82414911e-08  1.62309965e-05  1.20000000e+00  1.62309965e-05  0.00000000e+00 
 1.63309965e-05  1.07893219e+00  1.63309965e-05  3.99525984e-01  1.63309965e-05  1.99743251e-06  1.63309965e-05  3.95287129e-08  1.63309965e-05  3.82806116e-08  1.63309965e-05  1.20000000e+00  1.63309965e-05  0.00000000e+00 
 1.64309965e-05  1.07893804e+00  1.64309965e-05  3.99535570e-01  1.64309965e-05  1.99741708e-06  1.64309965e-05  3.89796208e-08  1.64309965e-05  3.82414816e-08  1.64309965e-05  1.20000000e+00  1.64309965e-05  0.00000000e+00 
 1.65309965e-05  1.07894223e+00  1.65309965e-05  3.99526746e-01  1.65309965e-05  1.99743273e-06  1.65309965e-05  3.91618226e-08  1.65309965e-05  3.82809667e-08  1.65309965e-05  1.20000000e+00  1.65309965e-05  0.00000000e+00 
 1.66309965e-05  1.07894522e+00  1.66309965e-05  3.99534930e-01  1.66309965e-05  1.99741689e-06  1.66309965e-05  3.87132289e-08  1.66309965e-05  3.82414149e-08  1.66309965e-05  1.20000000e+00  1.66309965e-05  0.00000000e+00 
 1.67309965e-05  1.07894737e+00  1.67309965e-05  3.99527329e-01  1.67309965e-05  1.99743290e-06  1.67309965e-05  3.89746296e-08  1.67309965e-05  3.82812052e-08  1.67309965e-05  1.20000000e+00  1.67309965e-05  0.00000000e+00 
 1.68309965e-05  1.07894890e+00  1.68309965e-05  3.99534426e-01  1.68309965e-05  1.99741674e-06  1.68309965e-05  3.85760042e-08  1.68309965e-05  3.82413296e-08  1.68309965e-05  1.20000000e+00  1.68309965e-05  0.00000000e+00 
 1.69309965e-05  1.07895000e+00  1.69309965e-05  3.99527789e-01  1.69309965e-05  1.99743304e-06  1.69309965e-05  3.88794136e-08  1.69309965e-05  3.82813743e-08  1.69309965e-05  1.20000000e+00  1.69309965e-05  0.00000000e+00 
 1.70309965e-05  1.07895079e+00  1.70309965e-05  3.99534018e-01  1.70309965e-05  1.99741661e-06  1.70309965e-05  3.85050467e-08  1.70309965e-05  3.82412435e-08  1.70309965e-05  1.20000000e+00  1.70309965e-05  0.00000000e+00 
 1.71309965e-05  1.07895135e+00  1.71309965e-05  3.99528164e-01  1.71309965e-05  1.99743315e-06  1.71309965e-05  3.88312419e-08  1.71309965e-05  3.82815000e-08  1.71309965e-05  1.20000000e+00  1.71309965e-05  0.00000000e+00 
 1.72309965e-05  1.07895176e+00  1.72309965e-05  3.99533680e-01  1.72309965e-05  1.99741651e-06  1.72309965e-05  3.84681169e-08  1.72309965e-05  3.82411640e-08  1.72309965e-05  1.20000000e+00  1.72309965e-05  0.00000000e+00 
 1.73309965e-05  1.07895204e+00  1.73309965e-05  3.99528478e-01  1.73309965e-05  1.99743325e-06  1.73309965e-05  3.88071028e-08  1.73309965e-05  3.82815971e-08  1.73309965e-05  1.20000000e+00  1.73309965e-05  0.00000000e+00 
 1.74309965e-05  1.07895225e+00  1.74309965e-05  3.99533392e-01  1.74309965e-05  1.99741642e-06  1.74309965e-05  3.84486871e-08  1.74309965e-05  3.82410938e-08  1.74309965e-05  1.20000000e+00  1.74309965e-05  0.00000000e+00 
 1.75309965e-05  1.07895240e+00  1.75309965e-05  3.99528747e-01  1.75309965e-05  1.99743333e-06  1.75309965e-05  3.87952142e-08  1.75309965e-05  3.82816739e-08  1.75309965e-05  1.20000000e+00  1.75309965e-05  0.00000000e+00 
 1.76309965e-05  1.07895250e+00  1.76309965e-05  3.99533142e-01  1.76309965e-05  1.99741635e-06  1.76309965e-05  3.84382823e-08  1.76309965e-05  3.82410334e-08  1.76309965e-05  1.20000000e+00  1.76309965e-05  0.00000000e+00 
 1.77309965e-05  1.07895258e+00  1.77309965e-05  3.99528982e-01  1.77309965e-05  1.99743340e-06  1.77309965e-05  3.87895464e-08  1.77309965e-05  3.82817357e-08  1.77309965e-05  1.20000000e+00  1.77309965e-05  0.00000000e+00 
 1.78309965e-05  1.07895263e+00  1.78309965e-05  3.99532921e-01  1.78309965e-05  1.99741629e-06  1.78309965e-05  3.84325546e-08  1.78309965e-05  3.82409824e-08  1.78309965e-05  1.20000000e+00  1.78309965e-05  0.00000000e+00 
 1.79309965e-05  1.07895267e+00  1.79309965e-05  3.99529190e-01  1.79309965e-05  1.99743345e-06  1.79309965e-05  3.87870151e-08  1.79309965e-05  3.82817857e-08  1.79309965e-05  1.20000000e+00  1.79309965e-05  0.00000000e+00 
 1.80309965e-05  1.07895270e+00  1.80309965e-05  3.99532724e-01  1.80309965e-05  1.99741623e-06  1.80309965e-05  3.84292711e-08  1.80309965e-05  3.82409399e-08  1.80309965e-05  1.20000000e+00  1.80309965e-05  0.00000000e+00 
 1.81309965e-05  1.07895272e+00  1.81309965e-05  3.99529377e-01  1.81309965e-05  1.99743350e-06  1.81309965e-05  3.87860446e-08  1.81309965e-05  3.82818260e-08  1.81309965e-05  1.20000000e+00  1.81309965e-05  0.00000000e+00 
 1.82309965e-05  1.07895274e+00  1.82309965e-05  3.99532547e-01  1.82309965e-05  1.99741619e-06  1.82309965e-05  3.84272840e-08  1.82309965e-05  3.82409053e-08  1.82309965e-05  1.20000000e+00  1.82309965e-05  0.00000000e+00 
 1.83309965e-05  1.07895275e+00  1.83309965e-05  3.99529546e-01  1.83309965e-05  1.99743353e-06  1.83309965e-05  3.87858321e-08  1.83309965e-05  3.82818582e-08  1.83309965e-05  1.20000000e+00  1.83309965e-05  0.00000000e+00 
 1.84309965e-05  1.07895275e+00  1.84309965e-05  3.99532385e-01  1.84309965e-05  1.99741616e-06  1.84309965e-05  3.84260012e-08  1.84309965e-05  3.82408776e-08  1.84309965e-05  1.20000000e+00  1.84309965e-05  0.00000000e+00 
 1.85309965e-05  1.07895276e+00  1.85309965e-05  3.99529700e-01  1.85309965e-05  1.99743357e-06  1.85309965e-05  3.87859692e-08  1.85309965e-05  3.82818833e-08  1.85309965e-05  1.20000000e+00  1.85309965e-05  0.00000000e+00 
 1.86309965e-05  1.07895276e+00  1.86309965e-05  3.99532238e-01  1.86309965e-05  1.99741613e-06  1.86309965e-05  3.84251163e-08  1.86309965e-05  3.82408561e-08  1.86309965e-05  1.20000000e+00  1.86309965e-05  0.00000000e+00 
 1.87309965e-05  1.07895276e+00  1.87309965e-05  3.99529842e-01  1.87309965e-05  1.99743359e-06  1.87309965e-05  3.87862497e-08  1.87309965e-05  3.82819023e-08  1.87309965e-05  1.20000000e+00  1.87309965e-05  0.00000000e+00 
 1.88309965e-05  1.07895277e+00  1.88309965e-05  3.99532102e-01  1.88309965e-05  1.99741611e-06  1.88309965e-05  3.84244693e-08  1.88309965e-05  3.82408404e-08  1.88309965e-05  1.20000000e+00  1.88309965e-05  0.00000000e+00 
 1.89309965e-05  1.07895277e+00  1.89309965e-05  3.99529972e-01  1.89309965e-05  1.99743361e-06  1.89309965e-05  3.87865711e-08  1.89309965e-05  3.82819158e-08  1.89309965e-05  1.20000000e+00  1.89309965e-05  0.00000000e+00 
 1.90309965e-05  1.07895277e+00  1.90309965e-05  3.99531978e-01  1.90309965e-05  1.99741610e-06  1.90309965e-05  3.84239756e-08  1.90309965e-05  3.82408296e-08  1.90309965e-05  1.20000000e+00  1.90309965e-05  0.00000000e+00 
 1.91309965e-05  1.07895277e+00  1.91309965e-05  3.99530091e-01  1.91309965e-05  1.99743362e-06  1.91309965e-05  3.87868832e-08  1.91309965e-05  3.82819244e-08  1.91309965e-05  1.20000000e+00  1.91309965e-05  0.00000000e+00 
 1.92309965e-05  1.07895277e+00  1.92309965e-05  3.99531863e-01  1.92309965e-05  1.99741608e-06  1.92309965e-05  3.84235896e-08  1.92309965e-05  3.82408235e-08  1.92309965e-05  1.20000000e+00  1.92309965e-05  0.00000000e+00 
 1.93309965e-05  1.07895277e+00  1.93309965e-05  3.99530202e-01  1.93309965e-05  1.99743363e-06  1.93309965e-05  3.87871626e-08  1.93309965e-05  3.82819286e-08  1.93309965e-05  1.20000000e+00  1.93309965e-05  0.00000000e+00 
 1.94309965e-05  1.07895277e+00  1.94309965e-05  3.99531756e-01  1.94309965e-05  1.99741608e-06  1.94309965e-05  3.84232857e-08  1.94309965e-05  3.82408216e-08  1.94309965e-05  1.20000000e+00  1.94309965e-05  0.00000000e+00 
 1.95309965e-05  1.07895277e+00  1.95309965e-05  3.99530304e-01  1.95309965e-05  1.99743363e-06  1.95309965e-05  3.87873995e-08  1.95309965e-05  3.82819288e-08  1.95309965e-05  1.20000000e+00  1.95309965e-05  0.00000000e+00 
 1.96309965e-05  1.07895277e+00  1.96309965e-05  3.99531658e-01  1.96309965e-05  1.99741608e-06  1.96309965e-05  3.84230485e-08  1.96309965e-05  3.82408234e-08  1.96309965e-05  1.20000000e+00  1.96309965e-05  0.00000000e+00 
 1.97309965e-05  1.07895277e+00  1.97309965e-05  3.99530399e-01  1.97309965e-05  1.99743363e-06  1.97309965e-05  3.87875906e-08  1.97309965e-05  3.82819253e-08  1.97309965e-05  1.20000000e+00  1.97309965e-05  0.00000000e+00 
 1.98309965e-05  1.07895277e+00  1.98309965e-05  3.99531567e-01  1.98309965e-05  1.99741608e-06  1.98309965e-05  3.84228686e-08  1.98309965e-05  3.82408286e-08  1.98309965e-05  1.20000000e+00  1.98309965e-05  0.00000000e+00 
 1.99309965e-05  1.07895277e+00  1.99309965e-05  3.99530487e-01  1.99309965e-05  1.99743363e-06  1.99309965e-05  3.87877360e-08  1.99309965e-05  3.82819186e-08  1.99309965e-05  1.20000000e+00  1.99309965e-05  0.00000000e+00 
 2.00309965e-05  1.07895277e+00  2.00309965e-05  3.99531482e-01  2.00309965e-05  1.99741608e-06  2.00309965e-05  3.84227393e-08  2.00309965e-05  3.82408370e-08  2.00309965e-05  1.20000000e+00  2.00309965e-05  0.00000000e+00 
 2.01309965e-05  1.07895277e+00  2.01309965e-05  3.99530568e-01  2.01309965e-05  1.99743362e-06  2.01309965e-05  3.87878377e-08  2.01309965e-05  3.82819088e-08  2.01309965e-05  1.20000000e+00  2.01309965e-05  0.00000000e+00 
 2.02309965e-05  1.07895277e+00  2.02309965e-05  3.99531404e-01  2.02309965e-05  1.99741609e-06  2.02309965e-05  3.84226557e-08  2.02309965e-05  3.82408483e-08  2.02309965e-05  1.20000000e+00  2.02309965e-05  0.00000000e+00 
 2.03309965e-05  1.07895277e+00  2.03309965e-05  3.99530644e-01  2.03309965e-05  1.99743361e-06  2.03309965e-05  3.87878978e-08  2.03309965e-05  3.82818963e-08  2.03309965e-05  1.20000000e+00  2.03309965e-05  0.00000000e+00 
 2.04309965e-05  1.07895277e+00  2.04309965e-05  3.99531331e-01  2.04309965e-05  1.99741610e-06  2.04309965e-05  3.84226137e-08  2.04309965e-05  3.82408621e-08  2.04309965e-05  1.20000000e+00  2.04309965e-05  0.00000000e+00 
 2.05309965e-05  1.07895277e+00  2.05309965e-05  3.99530714e-01  2.05309965e-05  1.99743360e-06  2.05309965e-05  3.87879193e-08  2.05309965e-05  3.82818812e-08  2.05309965e-05  1.20000000e+00  2.05309965e-05  0.00000000e+00 
 2.06309965e-05  1.07895277e+00  2.06309965e-05  3.99531264e-01  2.06309965e-05  1.99741612e-06  2.06309965e-05  3.84226100e-08  2.06309965e-05  3.82408784e-08  2.06309965e-05  1.20000000e+00  2.06309965e-05  0.00000000e+00 
 2.07309965e-05  1.07895277e+00  2.07309965e-05  3.99530779e-01  2.07309965e-05  1.99743358e-06  2.07309965e-05  3.87879046e-08  2.07309965e-05  3.82818639e-08  2.07309965e-05  1.20000000e+00  2.07309965e-05  0.00000000e+00 
 2.08309965e-05  1.07895277e+00  2.08309965e-05  3.99531201e-01  2.08309965e-05  1.99741613e-06  2.08309965e-05  3.84226415e-08  2.08309965e-05  3.82408968e-08  2.08309965e-05  1.20000000e+00  2.08309965e-05  0.00000000e+00 
 2.09309965e-05  1.07895277e+00  2.09309965e-05  3.99530839e-01  2.09309965e-05  1.99743357e-06  2.09309965e-05  3.87878562e-08  2.09309965e-05  3.82818445e-08  2.09309965e-05  1.20000000e+00  2.09309965e-05  0.00000000e+00 
 2.10309965e-05  1.07895277e+00  2.10309965e-05  3.99531143e-01  2.10309965e-05  1.99741615e-06  2.10309965e-05  3.84227055e-08  2.10309965e-05  3.82409173e-08  2.10309965e-05  1.20000000e+00  2.10309965e-05  0.00000000e+00 
 2.11309965e-05  1.07895277e+00  2.11309965e-05  3.99530895e-01  2.11309965e-05  1.99743355e-06  2.11309965e-05  3.87877768e-08  2.11309965e-05  3.82818231e-08  2.11309965e-05  1.20000000e+00  2.11309965e-05  0.00000000e+00 
 2.12309965e-05  1.07895277e+00  2.12309965e-05  3.99531089e-01  2.12309965e-05  1.99741617e-06  2.12309965e-05  3.84227995e-08  2.12309965e-05  3.82409396e-08  2.12309965e-05  1.20000000e+00  2.12309965e-05  0.00000000e+00 
 2.13309965e-05  1.07895277e+00  2.13309965e-05  3.99530947e-01  2.13309965e-05  1.99743352e-06  2.13309965e-05  3.87876685e-08  2.13309965e-05  3.82818000e-08  2.13309965e-05  1.20000000e+00  2.13309965e-05  0.00000000e+00 
 2.14309965e-05  1.07895277e+00  2.14309965e-05  3.99531039e-01  2.14309965e-05  1.99741620e-06  2.14309965e-05  3.84229214e-08  2.14309965e-05  3.82409635e-08  2.14309965e-05  1.20000000e+00  2.14309965e-05  0.00000000e+00 
 2.15309965e-05  1.07895277e+00  2.15309965e-05  3.99530995e-01  2.15309965e-05  1.99743350e-06  2.15309965e-05  3.87875334e-08  2.15309965e-05  3.82817753e-08  2.15309965e-05  1.20000000e+00  2.15309965e-05  0.00000000e+00 
 2.16309965e-05  1.07895277e+00  2.16309965e-05  3.99530992e-01  2.16309965e-05  1.99741622e-06  2.16309965e-05  3.84230691e-08  2.16309965e-05  3.82409890e-08  2.16309965e-05  1.20000000e+00  2.16309965e-05  0.00000000e+00 
 2.17309965e-05  1.07895277e+00  2.17309965e-05  3.99531040e-01  2.17309965e-05  1.99743347e-06  2.17309965e-05  3.87873738e-08  2.17309965e-05  3.82817491e-08  2.17309965e-05  1.20000000e+00  2.17309965e-05  0.00000000e+00 
 2.18309965e-05  1.07895277e+00  2.18309965e-05  3.99530949e-01  2.18309965e-05  1.99741625e-06  2.18309965e-05  3.84232405e-08  2.18309965e-05  3.82410160e-08  2.18309965e-05  1.20000000e+00  2.18309965e-05  0.00000000e+00 
 2.19309965e-05  1.07895277e+00  2.19309965e-05  3.99531081e-01  2.19309965e-05  1.99743345e-06  2.19309965e-05  3.87871910e-08  2.19309965e-05  3.82817215e-08  2.19309965e-05  1.20000000e+00  2.19309965e-05  0.00000000e+00 
 2.20309965e-05  1.07895277e+00  2.20309965e-05  3.99530909e-01  2.20309965e-05  1.99741628e-06  2.20309965e-05  3.84234338e-08  2.20309965e-05  3.82410442e-08  2.20309965e-05  1.20000000e+00  2.20309965e-05  0.00000000e+00 
 2.21309965e-05  1.07895277e+00  2.21309965e-05  3.99531120e-01  2.21309965e-05  1.99743342e-06  2.21309965e-05  3.87869872e-08  2.21309965e-05  3.82816927e-08  2.21309965e-05  1.20000000e+00  2.21309965e-05  0.00000000e+00 
 2.22309965e-05  1.07895277e+00  2.22309965e-05  3.99530872e-01  2.22309965e-05  1.99741631e-06  2.22309965e-05  3.84236476e-08  2.22309965e-05  3.82410736e-08  2.22309965e-05  1.20000000e+00  2.22309965e-05  0.00000000e+00 
 2.23309965e-05  1.07895277e+00  2.23309965e-05  3.99531156e-01  2.23309965e-05  1.99743339e-06  2.23309965e-05  3.87867638e-08  2.23309965e-05  3.82816627e-08  2.23309965e-05  1.20000000e+00  2.23309965e-05  0.00000000e+00 
 2.24309965e-05  1.07895277e+00  2.24309965e-05  3.99530837e-01  2.24309965e-05  1.99741634e-06  2.24309965e-05  3.84238802e-08  2.24309965e-05  3.82411041e-08  2.24309965e-05  1.20000000e+00  2.24309965e-05  0.00000000e+00 
 2.25309965e-05  1.07895277e+00  2.25309965e-05  3.99531189e-01  2.25309965e-05  1.99743336e-06  2.25309965e-05  3.87865223e-08  2.25309965e-05  3.82816317e-08  2.25309965e-05  1.20000000e+00  2.25309965e-05  0.00000000e+00 
 2.26309965e-05  1.07895277e+00  2.26309965e-05  3.99530805e-01  2.26309965e-05  1.99741637e-06  2.26309965e-05  3.84241303e-08  2.26309965e-05  3.82411356e-08  2.26309965e-05  1.20000000e+00  2.26309965e-05  0.00000000e+00 
 2.27309965e-05  1.07895277e+00  2.27309965e-05  3.99531220e-01  2.27309965e-05  1.99743333e-06  2.27309965e-05  3.87862642e-08  2.27309965e-05  3.82815997e-08  2.27309965e-05  1.20000000e+00  2.27309965e-05  0.00000000e+00 
 2.28309965e-05  1.07895277e+00  2.28309965e-05  3.99530775e-01  2.28309965e-05  1.99741640e-06  2.28309965e-05  3.84243963e-08  2.28309965e-05  3.82411681e-08  2.28309965e-05  1.20000000e+00  2.28309965e-05  0.00000000e+00 
 2.29309965e-05  1.07895277e+00  2.29309965e-05  3.99531249e-01  2.29309965e-05  1.99743329e-06  2.29309965e-05  3.87859905e-08  2.29309965e-05  3.82815668e-08  2.29309965e-05  1.20000000e+00  2.29309965e-05  0.00000000e+00 
 2.30309965e-05  1.07895277e+00  2.30309965e-05  3.99530748e-01  2.30309965e-05  1.99741643e-06  2.30309965e-05  3.84246771e-08  2.30309965e-05  3.82412014e-08  2.30309965e-05  1.20000000e+00  2.30309965e-05  0.00000000e+00 
 2.31309965e-05  1.07895277e+00  2.31309965e-05  3.99531276e-01  2.31309965e-05  1.99743326e-06  2.31309965e-05  3.87857026e-08  2.31309965e-05  3.82815332e-08  2.31309965e-05  1.20000000e+00  2.31309965e-05  0.00000000e+00 
 2.32309965e-05  1.07895277e+00  2.32309965e-05  3.99530722e-01  2.32309965e-05  1.99741647e-06  2.32309965e-05  3.84249717e-08  2.32309965e-05  3.82412354e-08  2.32309965e-05  1.20000000e+00  2.32309965e-05  0.00000000e+00 
 2.33309965e-05  1.07895277e+00  2.33309965e-05  3.99531300e-01  2.33309965e-05  1.99743322e-06  2.33309965e-05  3.87854017e-08  2.33309965e-05  3.82814987e-08  2.33309965e-05  1.20000000e+00  2.33309965e-05  0.00000000e+00 
 2.34309965e-05  1.07895277e+00  2.34309965e-05  3.99530698e-01  2.34309965e-05  1.99741650e-06  2.34309965e-05  3.84252789e-08  2.34309965e-05  3.82412702e-08  2.34309965e-05  1.20000000e+00  2.34309965e-05  0.00000000e+00 
 2.35309965e-05  1.07895277e+00  2.35309965e-05  3.99531323e-01  2.35309965e-05  1.99743319e-06  2.35309965e-05  3.87850885e-08  2.35309965e-05  3.82814636e-08  2.35309965e-05  1.20000000e+00  2.35309965e-05  0.00000000e+00 
 2.36309965e-05  1.07895277e+00  2.36309965e-05  3.99530676e-01  2.36309965e-05  1.99741654e-06  2.36309965e-05  3.84255976e-08  2.36309965e-05  3.82413056e-08  2.36309965e-05  1.20000000e+00  2.36309965e-05  0.00000000e+00 
 2.37309965e-05  1.07895277e+00  2.37309965e-05  3.99531344e-01  2.37309965e-05  1.99743315e-06  2.37309965e-05  3.87847643e-08  2.37309965e-05  3.82814279e-08  2.37309965e-05  1.20000000e+00  2.37309965e-05  0.00000000e+00 
 2.38309965e-05  1.07895277e+00  2.38309965e-05  3.99530656e-01  2.38309965e-05  1.99741658e-06  2.38309965e-05  3.84259272e-08  2.38309965e-05  3.82413416e-08  2.38309965e-05  1.20000000e+00  2.38309965e-05  0.00000000e+00 
 2.39309965e-05  1.07895277e+00  2.39309965e-05  3.99531364e-01  2.39309965e-05  1.99743311e-06  2.39309965e-05  3.87844297e-08  2.39309965e-05  3.82813916e-08  2.39309965e-05  1.20000000e+00  2.39309965e-05  0.00000000e+00 
 2.40309965e-05  1.07895277e+00  2.40309965e-05  3.99530637e-01  2.40309965e-05  1.99741662e-06  2.40309965e-05  3.84262666e-08  2.40309965e-05  3.82413782e-08  2.40309965e-05  1.20000000e+00  2.40309965e-05  0.00000000e+00 
 2.41309965e-05  1.07895277e+00  2.41309965e-05  3.99531382e-01  2.41309965e-05  1.99743308e-06  2.41309965e-05  3.87840857e-08  2.41309965e-05  3.82813548e-08  2.41309965e-05  1.20000000e+00  2.41309965e-05  0.00000000e+00 
 2.42309965e-05  1.07895277e+00  2.42309965e-05  3.99530619e-01  2.42309965e-05  1.99741665e-06  2.42309965e-05  3.84266151e-08  2.42309965e-05  3.82414153e-08  2.42309965e-05  1.20000000e+00  2.42309965e-05  0.00000000e+00 
 2.43309965e-05  1.07895277e+00  2.43309965e-05  3.99531399e-01  2.43309965e-05  1.99743304e-06  2.43309965e-05  3.87837329e-08  2.43309965e-05  3.82813175e-08  2.43309965e-05  1.20000000e+00  2.43309965e-05  0.00000000e+00 
 2.44309965e-05  1.07895277e+00  2.44309965e-05  3.99530603e-01  2.44309965e-05  1.99741669e-06  2.44309965e-05  3.84269719e-08  2.44309965e-05  3.82414528e-08  2.44309965e-05  1.20000000e+00  2.44309965e-05  0.00000000e+00 
 2.45309965e-05  1.07895277e+00  2.45309965e-05  3.99531415e-01  2.45309965e-05  1.99743300e-06  2.45309965e-05  3.87833721e-08  2.45309965e-05  3.82812797e-08  2.45309965e-05  1.20000000e+00  2.45309965e-05  0.00000000e+00 
 2.46309965e-05  1.07895277e+00  2.46309965e-05  3.99530588e-01  2.46309965e-05  1.99741673e-06  2.46309965e-05  3.84273364e-08  2.46309965e-05  3.82414908e-08  2.46309965e-05  1.20000000e+00  2.46309965e-05  0.00000000e+00 
 2.47309965e-05  1.07895277e+00  2.47309965e-05  3.99531430e-01  2.47309965e-05  1.99743296e-06  2.47309965e-05  3.87830040e-08  2.47309965e-05  3.82812416e-08  2.47309965e-05  1.20000000e+00  2.47309965e-05  0.00000000e+00 
 2.48309965e-05  1.07895277e+00  2.48309965e-05  3.99530574e-01  2.48309965e-05  1.99741677e-06  2.48309965e-05  3.84277079e-08  2.48309965e-05  3.82415291e-08  2.48309965e-05  1.20000000e+00  2.48309965e-05  0.00000000e+00 
 2.49155033e-05  1.07895277e+00  2.49155033e-05  3.99531444e-01  2.49155033e-05  1.99743292e-06  2.49155033e-05  3.87825945e-08  2.49155033e-05  3.82811995e-08  2.49155033e-05  1.20000000e+00  2.49155033e-05  0.00000000e+00 
 2.50000100e-05  1.07895277e+00  2.50000100e-05  3.99530558e-01  2.50000100e-05  1.99741682e-06  2.50000100e-05  3.84281559e-08  2.50000100e-05  3.82415749e-08  2.50000100e-05  1.20000000e+00  2.50000100e-05  0.00000000e+00 
 2.50000110e-05  1.07893836e+00  2.50000110e-05  3.96923443e-01  2.50000110e-05  2.60737920e-06  2.50000110e-05 -1.09468330e-05  2.50000110e-05  1.91931940e-06  2.50000110e-05  1.08000000e+00  2.50000110e-05  0.00000000e+00 
 2.50000130e-05  1.07890579e+00  2.50000130e-05  3.91552773e-01  2.50000130e-05  2.69153470e-06  2.50000130e-05 -1.04783888e-05  2.50000130e-05  2.24841736e-06  2.50000130e-05  8.40000000e-01  2.50000130e-05  0.00000000e+00 
 2.50000165e-05  1.07883622e+00  2.50000165e-05  3.81780994e-01  2.50000165e-05  2.68734058e-06  2.50000165e-05 -5.47754177e-06  2.50000165e-05  2.13395395e-06  2.50000165e-05  4.20000000e-01  2.50000165e-05  0.00000000e+00 
 2.50000200e-05  1.07876841e+00  2.50000200e-05  3.74634150e-01  2.50000200e-05  2.35768980e-06  2.50000200e-05  2.68060968e-06  2.50000200e-05  1.14609875e-06  2.50000200e-05  0.00000000e+00  2.50000200e-05  0.00000000e+00 
 2.50000206e-05  1.07876707e+00  2.50000206e-05  3.75210500e-01  2.50000206e-05  1.82526324e-06  2.50000206e-05  7.80997033e-06  2.50000206e-05 -5.45611733e-07  2.50000206e-05  0.00000000e+00  2.50000206e-05  0.00000000e+00 
 2.50000218e-05  1.07876598e+00  2.50000218e-05  3.76425091e-01  2.50000218e-05  1.74563113e-06  2.50000218e-05  9.94285029e-06  2.50000218e-05 -9.09526483e-07  2.50000218e-05  0.00000000e+00  2.50000218e-05  0.00000000e+00 
 2.50000243e-05  1.07876489e+00  2.50000243e-05  3.78629196e-01  2.50000243e-05  1.85473537e-06  2.50000243e-05  8.46741206e-06  2.50000243e-05 -4.49598903e-07  2.50000243e-05  0.00000000e+00  2.50000243e-05  0.00000000e+00 
 2.50000292e-05  1.07876379e+00  2.50000292e-05  3.82292134e-01  2.50000292e-05  1.81435869e-06  2.50000292e-05  9.37356493e-06  2.50000292e-05 -6.33186026e-07  2.50000292e-05  0.00000000e+00  2.50000292e-05  0.00000000e+00 
 2.50000390e-05  1.07876687e+00  2.50000390e-05  3.88032756e-01  2.50000390e-05  1.91777952e-06  2.50000390e-05  6.10583813e-06  2.50000390e-05 -1.92993581e-07  2.50000390e-05  0.00000000e+00  2.50000390e-05  0.00000000e+00 
 2.50000586e-05  1.07878472e+00  2.50000586e-05  3.95892788e-01  2.50000586e-05  1.88784978e-06  2.50000586e-05  3.61759134e-06  2.50000586e-05 -3.32023431e-07  2.50000586e-05  0.00000000e+00  2.50000586e-05  0.00000000e+00 
 2.50000979e-05  1.07884432e+00  2.50000979e-05  4.04413392e-01  2.50000979e-05  1.99015036e-06  2.50000979e-05 -1.63656689e-06  2.50000979e-05  8.42739883e-08  2.50000979e-05  0.00000000e+00  2.50000979e-05  0.00000000e+00 
 2.50001763e-05  1.07900251e+00  2.50001763e-05  4.11693385e-01  2.50001763e-05  1.94140517e-06  2.50001763e-05 -3.45205865e-06  2.50001763e-05 -1.49265138e-07  2.50001763e-05  0.00000000e+00  2.50001763e-05  0.00000000e+00 
 2.50002917e-05  1.07920760e+00  2.50002917e-05  4.13842806e-01  2.50002917e-05  2.03318277e-06  2.50002917e-05 -6.64223061e-06  2.50002917e-05  1.93667188e-07  2.50002917e-05  0.00000000e+00  2.50002917e-05  0.00000000e+00 
 2.50004463e-05  1.07932154e+00  2.50004463e-05  4.08713177e-01  2.50004463e-05  1.97966804e-06  2.50004463e-05 -4.20141929e-06  2.50004463e-05 -6.81899501e-08  2.50004463e-05  0.00000000e+00  2.50004463e-05  0.00000000e+00 
 2.50006900e-05  1.07933047e+00  2.50006900e-05  3.98207981e-01  2.50006900e-05  2.04458986e-06  2.50006900e-05 -1.51891473e-06  2.50006900e-05  2.11065773e-07  2.50006900e-05  0.00000000e+00  2.50006900e-05  0.00000000e+00 
 2.50009896e-05  1.07932832e+00  2.50009896e-05  3.97914599e-01  2.50009896e-05  1.95385242e-06  2.50009896e-05  7.33699454e-07  2.50009896e-05 -1.31210721e-07  2.50009896e-05  0.00000000e+00  2.50009896e-05  0.00000000e+00 
 2.50012672e-05  1.07932794e+00  2.50012672e-05  3.98365695e-01  2.50012672e-05  2.03874678e-06  2.50012672e-05 -8.08047030e-07  2.50012672e-05  2.05678001e-07  2.50012672e-05  0.00000000e+00  2.50012672e-05  0.00000000e+00 
 2.50018225e-05  1.07932457e+00  2.50018225e-05  3.98657989e-01  2.50018225e-05  1.95554141e-06  2.50018225e-05  7.78073894e-07  2.50018225e-05 -1.29487810e-07  2.50018225e-05  0.00000000e+00  2.50018225e-05  0.00000000e+00 
 2.50029046e-05  1.07931903e+00  2.50029046e-05  3.99072042e-01  2.50029046e-05  2.03883970e-06  2.50029046e-05 -7.86088424e-07  2.50029046e-05  2.05547439e-07  2.50029046e-05  0.00000000e+00  2.50029046e-05  0.00000000e+00 
 2.50050164e-05  1.07930793e+00  2.50050164e-05  3.99252652e-01  2.50050164e-05  1.95590990e-06  2.50050164e-05  7.82928079e-07  2.50050164e-05 -1.29139889e-07  2.50050164e-05  0.00000000e+00  2.50050164e-05  0.00000000e+00 
 2.50092399e-05  1.07928761e+00  2.50092399e-05  3.99427537e-01  2.50092399e-05  2.03889013e-06  2.50092399e-05 -7.83464263e-07  2.50092399e-05  2.05588128e-07  2.50092399e-05  0.00000000e+00  2.50092399e-05  0.00000000e+00 
 2.50176869e-05  1.07924897e+00  2.50176869e-05  3.99491632e-01  2.50176869e-05  1.95595874e-06  2.50176869e-05  7.83233765e-07  2.50176869e-05 -1.29067743e-07  2.50176869e-05  0.00000000e+00  2.50176869e-05  0.00000000e+00 
 2.50345810e-05  1.07917965e+00  2.50345810e-05  3.99550552e-01  2.50345810e-05  2.03888914e-06  2.50345810e-05 -7.83104781e-07  2.50345810e-05  2.05591128e-07  2.50345810e-05  0.00000000e+00  2.50345810e-05  0.00000000e+00 
 2.50683691e-05  1.07905395e+00  2.50683691e-05  3.99515141e-01  2.50683691e-05  1.95596208e-06  2.50683691e-05  7.83238783e-07  2.50683691e-05 -1.29060997e-07  2.50683691e-05  0.00000000e+00  2.50683691e-05  0.00000000e+00 
 2.51359454e-05  1.07881706e+00  2.51359454e-05  3.99552046e-01  2.51359454e-05  2.03888684e-06  2.51359454e-05 -7.83073216e-07  2.51359454e-05  2.05581975e-07  2.51359454e-05  0.00000000e+00  2.51359454e-05  0.00000000e+00 
 2.52359454e-05  1.07846879e+00  2.52359454e-05  3.99515683e-01  2.52359454e-05  1.95596338e-06  2.52359454e-05  7.83250261e-07  2.52359454e-05 -1.29067977e-07  2.52359454e-05  0.00000000e+00  2.52359454e-05  0.00000000e+00 
 2.53359454e-05  1.07812064e+00  2.53359454e-05  3.99551786e-01  2.53359454e-05  2.03888579e-06  2.53359454e-05 -7.83043601e-07  2.53359454e-05  2.05569645e-07  2.53359454e-05  0.00000000e+00  2.53359454e-05  0.00000000e+00 
 2.54359454e-05  1.07777239e+00  2.54359454e-05  3.99516053e-01  2.54359454e-05  1.95596442e-06  2.54359454e-05  7.83265675e-07  2.54359454e-05 -1.29077102e-07  2.54359454e-05  0.00000000e+00  2.54359454e-05  0.00000000e+00 
 2.55359454e-05  1.07742468e+00  2.55359454e-05  3.99551616e-01  2.55359454e-05  2.03888475e-06  2.55359454e-05 -7.83014136e-07  2.55359454e-05  2.05557345e-07  2.55359454e-05  0.00000000e+00  2.55359454e-05  0.00000000e+00 
 2.56359454e-05  1.07707671e+00  2.56359454e-05  3.99516315e-01  2.56359454e-05  1.95596546e-06  2.56359454e-05  7.83279822e-07  2.56359454e-05 -1.29086241e-07  2.56359454e-05  0.00000000e+00  2.56359454e-05  0.00000000e+00 
 2.57359454e-05  1.07672933e+00  2.57359454e-05  3.99551536e-01  2.57359454e-05  2.03888371e-06  2.57359454e-05 -7.82984305e-07  2.57359454e-05  2.05545070e-07  2.57359454e-05  0.00000000e+00  2.57359454e-05  0.00000000e+00 
 2.58359454e-05  1.07638168e+00  2.58359454e-05  3.99516511e-01  2.58359454e-05  1.95596650e-06  2.58359454e-05  7.83292781e-07  2.58359454e-05 -1.29095389e-07  2.58359454e-05  0.00000000e+00  2.58359454e-05  0.00000000e+00 
 2.59359454e-05  1.07603462e+00  2.59359454e-05  3.99551513e-01  2.59359454e-05  2.03888268e-06  2.59359454e-05 -7.82954166e-07  2.59359454e-05  2.05532813e-07  2.59359454e-05  0.00000000e+00  2.59359454e-05  0.00000000e+00 
 2.60359454e-05  1.07568728e+00  2.60359454e-05  3.99516667e-01  2.60359454e-05  1.95596753e-06  2.60359454e-05  7.83304608e-07  2.60359454e-05 -1.29104542e-07  2.60359454e-05  0.00000000e+00  2.60359454e-05  0.00000000e+00 
 2.61359454e-05  1.07534053e+00  2.61359454e-05  3.99551527e-01  2.61359454e-05  2.03888165e-06  2.61359454e-05 -7.82923747e-07  2.61359454e-05  2.05520572e-07  2.61359454e-05  0.00000000e+00  2.61359454e-05  0.00000000e+00 
 2.62359454e-05  1.07499351e+00  2.62359454e-05  3.99516799e-01  2.62359454e-05  1.95596855e-06  2.62359454e-05  7.83315335e-07  2.62359454e-05 -1.29113697e-07  2.62359454e-05  0.00000000e+00  2.62359454e-05  0.00000000e+00 
 2.63359454e-05  1.07464706e+00  2.63359454e-05  3.99551566e-01  2.63359454e-05  2.03888063e-06  2.63359454e-05 -7.82893060e-07  2.63359454e-05  2.05508343e-07  2.63359454e-05  0.00000000e+00  2.63359454e-05  0.00000000e+00 
 2.64359454e-05  1.07430034e+00  2.64359454e-05  3.99516918e-01  2.64359454e-05  1.95596957e-06  2.64359454e-05  7.83324981e-07  2.64359454e-05 -1.29122852e-07  2.64359454e-05  0.00000000e+00  2.64359454e-05  0.00000000e+00 
 2.65359454e-05  1.07395420e+00  2.65359454e-05  3.99551621e-01  2.65359454e-05  2.03887961e-06  2.65359454e-05 -7.82862103e-07  2.65359454e-05  2.05496125e-07  2.65359454e-05  0.00000000e+00  2.65359454e-05  0.00000000e+00 
 2.66359454e-05  1.07360778e+00  2.66359454e-05  3.99517029e-01  2.66359454e-05  1.95597058e-06  2.66359454e-05  7.83333559e-07  2.66359454e-05 -1.29132006e-07  2.66359454e-05  0.00000000e+00  2.66359454e-05  0.00000000e+00 
 2.67359454e-05  1.07326193e+00  2.67359454e-05  3.99551689e-01  2.67359454e-05  2.03887860e-06  2.67359454e-05 -7.82830868e-07  2.67359454e-05  2.05483917e-07  2.67359454e-05  0.00000000e+00  2.67359454e-05  0.00000000e+00 
 2.68359454e-05  1.07291582e+00  2.68359454e-05  3.99517136e-01  2.68359454e-05  1.95597159e-06  2.68359454e-05  7.83341072e-07  2.68359454e-05 -1.29141159e-07  2.68359454e-05  0.00000000e+00  2.68359454e-05  0.00000000e+00 
 2.69359454e-05  1.07257026e+00  2.69359454e-05  3.99551767e-01  2.69359454e-05  2.03887759e-06  2.69359454e-05 -7.82799344e-07  2.69359454e-05  2.05471718e-07  2.69359454e-05  0.00000000e+00  2.69359454e-05  0.00000000e+00 
 2.70359454e-05  1.07222444e+00  2.70359454e-05  3.99517243e-01  2.70359454e-05  1.95597260e-06  2.70359454e-05  7.83347521e-07  2.70359454e-05 -1.29150309e-07  2.70359454e-05  0.00000000e+00  2.70359454e-05  0.00000000e+00 
 2.71359454e-05  1.07187918e+00  2.71359454e-05  3.99551852e-01  2.71359454e-05  2.03887659e-06  2.71359454e-05 -7.82767514e-07  2.71359454e-05  2.05459527e-07  2.71359454e-05  0.00000000e+00  2.71359454e-05  0.00000000e+00 
 2.72359454e-05  1.07153365e+00  2.72359454e-05  3.99517350e-01  2.72359454e-05  1.95597360e-06  2.72359454e-05  7.83352904e-07  2.72359454e-05 -1.29159457e-07  2.72359454e-05  0.00000000e+00  2.72359454e-05  0.00000000e+00 
 2.73359454e-05  1.07118867e+00  2.73359454e-05  3.99551944e-01  2.73359454e-05  2.03887559e-06  2.73359454e-05 -7.82735359e-07  2.73359454e-05  2.05447345e-07  2.73359454e-05  0.00000000e+00  2.73359454e-05  0.00000000e+00 
 2.74359454e-05  1.07084343e+00  2.74359454e-05  3.99517460e-01  2.74359454e-05  1.95597460e-06  2.74359454e-05  7.83357217e-07  2.74359454e-05 -1.29168603e-07  2.74359454e-05  0.00000000e+00  2.74359454e-05  0.00000000e+00 
 2.75359454e-05  1.07049873e+00  2.75359454e-05  3.99552043e-01  2.75359454e-05  2.03887459e-06  2.75359454e-05 -7.82702858e-07  2.75359454e-05  2.05435169e-07  2.75359454e-05  0.00000000e+00  2.75359454e-05  0.00000000e+00 
 2.76359454e-05  1.07015377e+00  2.76359454e-05  3.99517572e-01  2.76359454e-05  1.95597559e-06  2.76359454e-05  7.83360453e-07  2.76359454e-05 -1.29177745e-07  2.76359454e-05  0.00000000e+00  2.76359454e-05  0.00000000e+00 
 2.77359454e-05  1.06980936e+00  2.77359454e-05  3.99552148e-01  2.77359454e-05  2.03887360e-06  2.77359454e-05 -7.82669991e-07  2.77359454e-05  2.05423001e-07  2.77359454e-05  0.00000000e+00  2.77359454e-05  0.00000000e+00 
 2.78359454e-05  1.06946468e+00  2.78359454e-05  3.99517688e-01  2.78359454e-05  1.95597658e-06  2.78359454e-05  7.83362603e-07  2.78359454e-05 -1.29186884e-07  2.78359454e-05  0.00000000e+00  2.78359454e-05  0.00000000e+00 
 2.79359454e-05  1.06912054e+00  2.79359454e-05  3.99552260e-01  2.79359454e-05  2.03887261e-06  2.79359454e-05 -7.82636732e-07  2.79359454e-05  2.05410839e-07  2.79359454e-05  0.00000000e+00  2.79359454e-05  0.00000000e+00 
 2.80359454e-05  1.06877613e+00  2.80359454e-05  3.99517807e-01  2.80359454e-05  1.95597757e-06  2.80359454e-05  7.83363658e-07  2.80359454e-05 -1.29196020e-07  2.80359454e-05  0.00000000e+00  2.80359454e-05  0.00000000e+00 
 2.81359454e-05  1.06843226e+00  2.81359454e-05  3.99552379e-01  2.81359454e-05  2.03887162e-06  2.81359454e-05 -7.82603058e-07  2.81359454e-05  2.05398684e-07  2.81359454e-05  0.00000000e+00  2.81359454e-05  0.00000000e+00 
 2.82359454e-05  1.06808813e+00  2.82359454e-05  3.99517931e-01  2.82359454e-05  1.95597855e-06  2.82359454e-05  7.83363604e-07  2.82359454e-05 -1.29205153e-07  2.82359454e-05  0.00000000e+00  2.82359454e-05  0.00000000e+00 
 2.83359454e-05  1.06774453e+00  2.83359454e-05  3.99552505e-01  2.83359454e-05  2.03887064e-06  2.83359454e-05 -7.82568940e-07  2.83359454e-05  2.05386534e-07  2.83359454e-05  0.00000000e+00  2.83359454e-05  0.00000000e+00 
 2.84359454e-05  1.06740066e+00  2.84359454e-05  3.99518059e-01  2.84359454e-05  1.95597953e-06  2.84359454e-05  7.83362430e-07  2.84359454e-05 -1.29214282e-07  2.84359454e-05  0.00000000e+00  2.84359454e-05  0.00000000e+00 
 2.85359454e-05  1.06705733e+00  2.85359454e-05  3.99552639e-01  2.85359454e-05  2.03886966e-06  2.85359454e-05 -7.82534352e-07  2.85359454e-05  2.05374391e-07  2.85359454e-05  0.00000000e+00  2.85359454e-05  0.00000000e+00 
 2.86359454e-05  1.06671373e+00  2.86359454e-05  3.99518191e-01  2.86359454e-05  1.95598051e-06  2.86359454e-05  7.83360120e-07  2.86359454e-05 -1.29223408e-07  2.86359454e-05  0.00000000e+00  2.86359454e-05  0.00000000e+00 
 2.87359454e-05  1.06637066e+00  2.87359454e-05  3.99552782e-01  2.87359454e-05  2.03886869e-06  2.87359454e-05 -7.82499263e-07  2.87359454e-05  2.05362253e-07  2.87359454e-05  0.00000000e+00  2.87359454e-05  0.00000000e+00 
 2.88359454e-05  1.06602732e+00  2.88359454e-05  3.99518329e-01  2.88359454e-05  1.95598148e-06  2.88359454e-05  7.83356655e-07  2.88359454e-05 -1.29232530e-07  2.88359454e-05  0.00000000e+00  2.88359454e-05  0.00000000e+00 
 2.89359454e-05  1.06568451e+00  2.89359454e-05  3.99552934e-01  2.89359454e-05  2.03886772e-06  2.89359454e-05 -7.82463642e-07  2.89359454e-05  2.05350119e-07  2.89359454e-05  0.00000000e+00  2.89359454e-05  0.00000000e+00 
 2.90359454e-05  1.06534143e+00  2.90359454e-05  3.99518472e-01  2.90359454e-05  1.95598245e-06  2.90359454e-05  7.83352017e-07  2.90359454e-05 -1.29241649e-07  2.90359454e-05  0.00000000e+00  2.90359454e-05  0.00000000e+00 
 2.91359454e-05  1.06499887e+00  2.91359454e-05  3.99553095e-01  2.91359454e-05  2.03886675e-06  2.91359454e-05 -7.82427456e-07  2.91359454e-05  2.05337991e-07  2.91359454e-05  0.00000000e+00  2.91359454e-05  0.00000000e+00 
 2.92359454e-05  1.06465605e+00  2.92359454e-05  3.99518620e-01  2.92359454e-05  1.95598341e-06  2.92359454e-05  7.83346185e-07  2.92359454e-05 -1.29250764e-07  2.92359454e-05  0.00000000e+00  2.92359454e-05  0.00000000e+00 
 2.93359454e-05  1.06431374e+00  2.93359454e-05  3.99553267e-01  2.93359454e-05  2.03886579e-06  2.93359454e-05 -7.82390669e-07  2.93359454e-05  2.05325868e-07  2.93359454e-05  0.00000000e+00  2.93359454e-05  0.00000000e+00 
 2.94359454e-05  1.06397117e+00  2.94359454e-05  3.99518775e-01  2.94359454e-05  1.95598437e-06  2.94359454e-05  7.83339134e-07  2.94359454e-05 -1.29259874e-07  2.94359454e-05  0.00000000e+00  2.94359454e-05  0.00000000e+00 
 2.95359454e-05  1.06362911e+00  2.95359454e-05  3.99553451e-01  2.95359454e-05  2.03886482e-06  2.95359454e-05 -7.82353244e-07  2.95359454e-05  2.05313748e-07  2.95359454e-05  0.00000000e+00  2.95359454e-05  0.00000000e+00 
 2.96359454e-05  1.06328679e+00  2.96359454e-05  3.99518936e-01  2.96359454e-05  1.95598533e-06  2.96359454e-05  7.83330837e-07  2.96359454e-05 -1.29268981e-07  2.96359454e-05  0.00000000e+00  2.96359454e-05  0.00000000e+00 
 2.97359454e-05  1.06294498e+00  2.97359454e-05  3.99553646e-01  2.97359454e-05  2.03886387e-06  2.97359454e-05 -7.82315141e-07  2.97359454e-05  2.05301633e-07  2.97359454e-05  0.00000000e+00  2.97359454e-05  0.00000000e+00 
 2.98359454e-05  1.06260291e+00  2.98359454e-05  3.99519104e-01  2.98359454e-05  1.95598629e-06  2.98359454e-05  7.83321267e-07  2.98359454e-05 -1.29278083e-07  2.98359454e-05  0.00000000e+00  2.98359454e-05  0.00000000e+00 
 2.99359454e-05  1.06226134e+00  2.99359454e-05  3.99553855e-01  2.99359454e-05  2.03886291e-06  2.99359454e-05 -7.82276318e-07  2.99359454e-05  2.05289521e-07  2.99359454e-05  0.00000000e+00  2.99359454e-05  0.00000000e+00 
 3.00359454e-05  1.06191951e+00  3.00359454e-05  3.99519278e-01  3.00359454e-05  1.95598724e-06  3.00359454e-05  7.83310389e-07  3.00359454e-05 -1.29287181e-07  3.00359454e-05  0.00000000e+00  3.00359454e-05  0.00000000e+00 
 3.01359454e-05  1.06157818e+00  3.01359454e-05  3.99554078e-01  3.01359454e-05  2.03886196e-06  3.01359454e-05 -7.82236728e-07  3.01359454e-05  2.05277412e-07  3.01359454e-05  0.00000000e+00  3.01359454e-05  0.00000000e+00 
 3.02359454e-05  1.06123659e+00  3.02359454e-05  3.99519460e-01  3.02359454e-05  1.95598819e-06  3.02359454e-05  7.83298168e-07  3.02359454e-05 -1.29296275e-07  3.02359454e-05  0.00000000e+00  3.02359454e-05  0.00000000e+00 
 3.03359454e-05  1.06089550e+00  3.03359454e-05  3.99554316e-01  3.03359454e-05  2.03886101e-06  3.03359454e-05 -7.82196324e-07  3.03359454e-05  2.05265307e-07  3.03359454e-05  0.00000000e+00  3.03359454e-05  0.00000000e+00 
 3.04359454e-05  1.06055415e+00  3.04359454e-05  3.99519650e-01  3.04359454e-05  1.95598914e-06  3.04359454e-05  7.83284566e-07  3.04359454e-05 -1.29305364e-07  3.04359454e-05  0.00000000e+00  3.04359454e-05  0.00000000e+00 
 3.05359454e-05  1.06021330e+00  3.05359454e-05  3.99554570e-01  3.05359454e-05  2.03886007e-06  3.05359454e-05 -7.82155052e-07  3.05359454e-05  2.05253204e-07  3.05359454e-05  0.00000000e+00  3.05359454e-05  0.00000000e+00 
 3.06359454e-05  1.05987218e+00  3.06359454e-05  3.99519849e-01  3.06359454e-05  1.95599008e-06  3.06359454e-05  7.83269539e-07  3.06359454e-05 -1.29314447e-07  3.06359454e-05  0.00000000e+00  3.06359454e-05  0.00000000e+00 
 3.07359454e-05  1.05953156e+00  3.07359454e-05  3.99554841e-01  3.07359454e-05  2.03885912e-06  3.07359454e-05 -7.82112857e-07  3.07359454e-05  2.05241103e-07  3.07359454e-05  0.00000000e+00  3.07359454e-05  0.00000000e+00 
 3.08359454e-05  1.05919067e+00  3.08359454e-05  3.99520056e-01  3.08359454e-05  1.95599102e-06  3.08359454e-05  7.83253038e-07  3.08359454e-05 -1.29323526e-07  3.08359454e-05  0.00000000e+00  3.08359454e-05  0.00000000e+00 
 3.09359454e-05  1.05885028e+00  3.09359454e-05  3.99555131e-01  3.09359454e-05  2.03885818e-06  3.09359454e-05 -7.82069678e-07  3.09359454e-05  2.05229004e-07  3.09359454e-05  0.00000000e+00  3.09359454e-05  0.00000000e+00 
 3.10359454e-05  1.05850962e+00  3.10359454e-05  3.99520272e-01  3.10359454e-05  1.95599196e-06  3.10359454e-05  7.83235012e-07  3.10359454e-05 -1.29332599e-07  3.10359454e-05  0.00000000e+00  3.10359454e-05  0.00000000e+00 
 3.11359454e-05  1.05816946e+00  3.11359454e-05  3.99555440e-01  3.11359454e-05  2.03885724e-06  3.11359454e-05 -7.82025450e-07  3.11359454e-05  2.05216906e-07  3.11359454e-05  0.00000000e+00  3.11359454e-05  0.00000000e+00 
 3.12359454e-05  1.05782903e+00  3.12359454e-05  3.99520498e-01  3.12359454e-05  1.95599289e-06  3.12359454e-05  7.83215404e-07  3.12359454e-05 -1.29341666e-07  3.12359454e-05  0.00000000e+00  3.12359454e-05  0.00000000e+00 
 3.13359454e-05  1.05748909e+00  3.13359454e-05  3.99555769e-01  3.13359454e-05  2.03885631e-06  3.13359454e-05 -7.81980101e-07  3.13359454e-05  2.05204809e-07  3.13359454e-05  0.00000000e+00  3.13359454e-05  0.00000000e+00 
 3.14359454e-05  1.05714888e+00  3.14359454e-05  3.99520733e-01  3.14359454e-05  1.95599382e-06  3.14359454e-05  7.83194149e-07  3.14359454e-05 -1.29350727e-07  3.14359454e-05  0.00000000e+00  3.14359454e-05  0.00000000e+00 
 3.15359454e-05  1.05680917e+00  3.15359454e-05  3.99556120e-01  3.15359454e-05  2.03885538e-06  3.15359454e-05 -7.81933557e-07  3.15359454e-05  2.05192713e-07  3.15359454e-05  0.00000000e+00  3.15359454e-05  0.00000000e+00 
 3.16359454e-05  1.05646918e+00  3.16359454e-05  3.99520977e-01  3.16359454e-05  1.95599475e-06  3.16359454e-05  7.83171179e-07  3.16359454e-05 -1.29359782e-07  3.16359454e-05  0.00000000e+00  3.16359454e-05  0.00000000e+00 
 3.17359454e-05  1.05612968e+00  3.17359454e-05  3.99556494e-01  3.17359454e-05  2.03885445e-06  3.17359454e-05 -7.81885734e-07  3.17359454e-05  2.05180616e-07  3.17359454e-05  0.00000000e+00  3.17359454e-05  0.00000000e+00 
 3.18359454e-05  1.05578992e+00  3.18359454e-05  3.99521230e-01  3.18359454e-05  1.95599568e-06  3.18359454e-05  7.83146417e-07  3.18359454e-05 -1.29368830e-07  3.18359454e-05  0.00000000e+00  3.18359454e-05  0.00000000e+00 
 3.19359454e-05  1.05545064e+00  3.19359454e-05  3.99556890e-01  3.19359454e-05  2.03885352e-06  3.19359454e-05 -7.81836542e-07  3.19359454e-05  2.05168519e-07  3.19359454e-05  0.00000000e+00  3.19359454e-05  0.00000000e+00 
 3.20359454e-05  1.05511109e+00  3.20359454e-05  3.99521492e-01  3.20359454e-05  1.95599660e-06  3.20359454e-05  7.83119779e-07  3.20359454e-05 -1.29377871e-07  3.20359454e-05  0.00000000e+00  3.20359454e-05  0.00000000e+00 
 3.21359454e-05  1.05477203e+00  3.21359454e-05  3.99557310e-01  3.21359454e-05  2.03885260e-06  3.21359454e-05 -7.81785886e-07  3.21359454e-05  2.05156421e-07  3.21359454e-05  0.00000000e+00  3.21359454e-05  0.00000000e+00 
 3.22359454e-05  1.05443270e+00  3.22359454e-05  3.99521762e-01  3.22359454e-05  1.95599753e-06  3.22359454e-05  7.83091175e-07  3.22359454e-05 -1.29386904e-07  3.22359454e-05  0.00000000e+00  3.22359454e-05  0.00000000e+00 
 3.23359454e-05  1.05409384e+00  3.23359454e-05  3.99557753e-01  3.23359454e-05  2.03885167e-06  3.23359454e-05 -7.81733660e-07  3.23359454e-05  2.05144321e-07  3.23359454e-05  0.00000000e+00  3.23359454e-05  0.00000000e+00 
 3.24359454e-05  1.05375473e+00  3.24359454e-05  3.99522037e-01  3.24359454e-05  1.95599844e-06  3.24359454e-05  7.83060503e-07  3.24359454e-05 -1.29395929e-07  3.24359454e-05  0.00000000e+00  3.24359454e-05  0.00000000e+00 
 3.25359454e-05  1.05341608e+00  3.25359454e-05  3.99558218e-01  3.25359454e-05  2.03885075e-06  3.25359454e-05 -7.81679750e-07  3.25359454e-05  2.05132219e-07  3.25359454e-05  0.00000000e+00  3.25359454e-05  0.00000000e+00 
 3.26359454e-05  1.05307717e+00  3.26359454e-05  3.99522316e-01  3.26359454e-05  1.95599936e-06  3.26359454e-05  7.83027654e-07  3.26359454e-05 -1.29404946e-07  3.26359454e-05  0.00000000e+00  3.26359454e-05  0.00000000e+00 
 3.27359454e-05  1.05273874e+00  3.27359454e-05  3.99558705e-01  3.27359454e-05  2.03884984e-06  3.27359454e-05 -7.81624033e-07  3.27359454e-05  2.05120114e-07  3.27359454e-05  0.00000000e+00  3.27359454e-05  0.00000000e+00 
 3.28359454e-05  1.05240004e+00  3.28359454e-05  3.99522596e-01  3.28359454e-05  1.95600028e-06  3.28359454e-05  7.82992510e-07  3.28359454e-05 -1.29413953e-07  3.28359454e-05  0.00000000e+00  3.28359454e-05  0.00000000e+00 
 3.29359454e-05  1.05206181e+00  3.29359454e-05  3.99559212e-01  3.29359454e-05  2.03884892e-06  3.29359454e-05 -7.81566377e-07  3.29359454e-05  2.05108005e-07  3.29359454e-05  0.00000000e+00  3.29359454e-05  0.00000000e+00 
 3.30359454e-05  1.05172332e+00  3.30359454e-05  3.99522873e-01  3.30359454e-05  1.95600119e-06  3.30359454e-05  7.82954940e-07  3.30359454e-05 -1.29422950e-07  3.30359454e-05  0.00000000e+00  3.30359454e-05  0.00000000e+00 
 3.31359454e-05  1.05138529e+00  3.31359454e-05  3.99559734e-01  3.31359454e-05  2.03884801e-06  3.31359454e-05 -7.81506637e-07  3.31359454e-05  2.05095891e-07  3.31359454e-05  0.00000000e+00  3.31359454e-05  0.00000000e+00 
 3.32359454e-05  1.05104700e+00  3.32359454e-05  3.99523142e-01  3.32359454e-05  1.95600210e-06  3.32359454e-05  7.82914804e-07  3.32359454e-05 -1.29431937e-07  3.32359454e-05  0.00000000e+00  3.32359454e-05  0.00000000e+00 
 3.33359454e-05  1.05070918e+00  3.33359454e-05  3.99560269e-01  3.33359454e-05  2.03884709e-06  3.33359454e-05 -7.81444659e-07  3.33359454e-05  2.05083772e-07  3.33359454e-05  0.00000000e+00  3.33359454e-05  0.00000000e+00 
 3.34359454e-05  1.05037109e+00  3.34359454e-05  3.99523396e-01  3.34359454e-05  1.95600301e-06  3.34359454e-05  7.82871950e-07  3.34359454e-05 -1.29440913e-07  3.34359454e-05  0.00000000e+00  3.34359454e-05  0.00000000e+00 
 3.35359454e-05  1.05003347e+00  3.35359454e-05  3.99560811e-01  3.35359454e-05  2.03884618e-06  3.35359454e-05 -7.81380279e-07  3.35359454e-05  2.05071648e-07  3.35359454e-05  0.00000000e+00  3.35359454e-05  0.00000000e+00 
 3.36359454e-05  1.04969558e+00  3.36359454e-05  3.99523630e-01  3.36359454e-05  1.95600391e-06  3.36359454e-05  7.82826216e-07  3.36359454e-05 -1.29449877e-07  3.36359454e-05  0.00000000e+00  3.36359454e-05  0.00000000e+00 
 3.37359454e-05  1.04935815e+00  3.37359454e-05  3.99561355e-01  3.37359454e-05  2.03884528e-06  3.37359454e-05 -7.81313319e-07  3.37359454e-05  2.05059516e-07  3.37359454e-05  0.00000000e+00  3.37359454e-05  0.00000000e+00 
 3.38359454e-05  1.04902046e+00  3.38359454e-05  3.99523835e-01  3.38359454e-05  1.95600482e-06  3.38359454e-05  7.82777428e-07  3.38359454e-05 -1.29458829e-07  3.38359454e-05  0.00000000e+00  3.38359454e-05  0.00000000e+00 
 3.39359454e-05  1.04868323e+00  3.39359454e-05  3.99561894e-01  3.39359454e-05  2.03884437e-06  3.39359454e-05 -7.81243593e-07  3.39359454e-05  2.05047376e-07  3.39359454e-05  0.00000000e+00  3.39359454e-05  0.00000000e+00 
 3.40359454e-05  1.04834574e+00  3.40359454e-05  3.99524004e-01  3.40359454e-05  1.95600572e-06  3.40359454e-05  7.82725399e-07  3.40359454e-05 -1.29467767e-07  3.40359454e-05  0.00000000e+00  3.40359454e-05  0.00000000e+00 
 3.41359454e-05  1.04800870e+00  3.41359454e-05  3.99562420e-01  3.41359454e-05  2.03884346e-06  3.41359454e-05 -7.81170901e-07  3.41359454e-05  2.05035227e-07  3.41359454e-05  0.00000000e+00  3.41359454e-05  0.00000000e+00 
 3.42359454e-05  1.04767140e+00  3.42359454e-05  3.99524128e-01  3.42359454e-05  1.95600662e-06  3.42359454e-05  7.82669935e-07  3.42359454e-05 -1.29476691e-07  3.42359454e-05  0.00000000e+00  3.42359454e-05  0.00000000e+00 
 3.43359454e-05  1.04733456e+00  3.43359454e-05  3.99562927e-01  3.43359454e-05  2.03884256e-06  3.43359454e-05 -7.81095035e-07  3.43359454e-05  2.05023069e-07  3.43359454e-05  0.00000000e+00  3.43359454e-05  0.00000000e+00 
 3.44359454e-05  1.04699745e+00  3.44359454e-05  3.99524200e-01  3.44359454e-05  1.95600752e-06  3.44359454e-05  7.82610827e-07  3.44359454e-05 -1.29485599e-07  3.44359454e-05  0.00000000e+00  3.44359454e-05  0.00000000e+00 
 3.45359454e-05  1.04666080e+00  3.45359454e-05  3.99563408e-01  3.45359454e-05  2.03884166e-06  3.45359454e-05 -7.81015776e-07  3.45359454e-05  2.05010899e-07  3.45359454e-05  0.00000000e+00  3.45359454e-05  0.00000000e+00 
 3.46359454e-05  1.04632388e+00  3.46359454e-05  3.99524213e-01  3.46359454e-05  1.95600842e-06  3.46359454e-05  7.82547860e-07  3.46359454e-05 -1.29494492e-07  3.46359454e-05  0.00000000e+00  3.46359454e-05  0.00000000e+00 
 3.47359454e-05  1.04598741e+00  3.47359454e-05  3.99563858e-01  3.47359454e-05  2.03884076e-06  3.47359454e-05 -7.80932896e-07  3.47359454e-05  2.04998718e-07  3.47359454e-05  0.00000000e+00  3.47359454e-05  0.00000000e+00 
 3.48359454e-05  1.04565068e+00  3.48359454e-05  3.99524162e-01  3.48359454e-05  1.95600932e-06  3.48359454e-05  7.82480805e-07  3.48359454e-05 -1.29503369e-07  3.48359454e-05  0.00000000e+00  3.48359454e-05  0.00000000e+00 
 3.49179727e-05  1.04537487e+00  3.49179727e-05  3.99564276e-01  3.49179727e-05  2.03883977e-06  3.49179727e-05 -7.80838254e-07  3.49179727e-05  2.04987287e-07  3.49179727e-05  0.00000000e+00  3.49179727e-05  0.00000000e+00 
 3.50000000e-05  1.04509876e+00  3.50000000e-05  3.99523982e-01  3.50000000e-05  1.95601040e-06  3.50000000e-05  7.82390109e-07  3.50000000e-05 -1.29509966e-07  3.50000000e-05  0.00000000e+00  3.50000000e-05  0.00000000e+00 
 3.50000010e-05  1.04510595e+00  3.50000010e-05  4.01315645e-01  3.50000010e-05  1.67321579e-06  3.50000010e-05 -3.00925824e-06  3.50000010e-05  6.87873867e-05  3.50000010e-05  0.00000000e+00  3.50000010e-05  1.20000000e-01 
 3.50000030e-05  1.04512873e+00  3.50000030e-05  4.07682026e-01  3.50000030e-05  1.12321531e-06  3.50000030e-05 -7.92162322e-06  3.50000030e-05  1.81714271e-04  3.50000030e-05  0.00000000e+00  3.50000030e-05  3.60000000e-01 
 3.50000065e-05  1.04517847e+00  3.50000065e-05  4.19927461e-01  3.50000065e-05  1.32237908e-06  3.50000065e-05 -4.95644280e-06  3.50000065e-05  1.33588430e-04  3.50000065e-05  0.00000000e+00  3.50000065e-05  7.80000000e-01 
 3.50000100e-05  1.04522098e+00  3.50000100e-05  4.28204488e-01  3.50000100e-05  1.34286939e-06  3.50000100e-05 -5.18320343e-06  3.50000100e-05  1.37648633e-04  3.50000100e-05  0.00000000e+00  3.50000100e-05  1.20000000e+00 
 3.50000107e-05  1.04521929e+00  3.50000107e-05  4.28471236e-01  3.50000107e-05  1.78724923e-06  3.50000107e-05 -2.03862096e-06  3.50000107e-05  3.76975177e-05  3.50000107e-05  0.00000000e+00  3.50000107e-05  1.20000000e+00 
 3.50000121e-05  1.04521420e+00  3.50000121e-05  4.28763771e-01  3.50000121e-05  1.86668711e-06  3.50000121e-05 -1.46496048e-06  3.50000121e-05  1.89059502e-05  3.50000121e-05  0.00000000e+00  3.50000121e-05  1.20000000e+00 
 3.50000149e-05  1.04520370e+00  3.50000149e-05  4.29439284e-01  3.50000149e-05  1.78480692e-06  3.50000149e-05 -2.18282874e-06  3.50000149e-05  3.31499281e-05  3.50000149e-05  0.00000000e+00  3.50000149e-05  1.20000000e+00 
 3.50000205e-05  1.04518383e+00  3.50000205e-05  4.31094339e-01  3.50000205e-05  1.86627718e-06  3.50000205e-05 -1.72693277e-06  3.50000205e-05  1.69485706e-05  3.50000205e-05  0.00000000e+00  3.50000205e-05  1.20000000e+00 
 3.50000317e-05  1.04514656e+00  3.50000317e-05  4.34174264e-01  3.50000317e-05  1.83145810e-06  3.50000317e-05 -2.25581689e-06  3.50000317e-05  2.71857842e-05  3.50000317e-05  0.00000000e+00  3.50000317e-05  1.20000000e+00 
 3.50000541e-05  1.04508328e+00  3.50000541e-05  4.38602279e-01  3.50000541e-05  1.94852659e-06  3.50000541e-05 -1.60146488e-06  3.50000541e-05  8.69457132e-06  3.50000541e-05  0.00000000e+00  3.50000541e-05  1.20000000e+00 
 3.50000989e-05  1.04499049e+00  3.50000989e-05  4.42633497e-01  3.50000989e-05  1.92858568e-06  3.50000989e-05 -1.79108451e-06  3.50000989e-05  1.58898888e-05  3.50000989e-05  0.00000000e+00  3.50000989e-05  1.20000000e+00 
 3.50001885e-05  1.04488349e+00  3.50001885e-05  4.43343026e-01  3.50001885e-05  2.03122201e-06  3.50001885e-05 -6.58537510e-07  3.50001885e-05 -2.15507264e-06  3.50001885e-05  0.00000000e+00  3.50001885e-05  1.20000000e+00 
 3.50003677e-05  1.04478882e+00  3.50003677e-05  4.39677440e-01  3.50003677e-05  1.97397929e-06  3.50003677e-05 -4.65887867e-07  3.50003677e-05  8.44668747e-06  3.50003677e-05  0.00000000e+00  3.50003677e-05  1.20000000e+00 
 3.50006570e-05  1.04472941e+00  3.50006570e-05  4.35160414e-01  3.50006570e-05  2.03743667e-06  3.50006570e-05  3.75347837e-07  3.50006570e-05 -5.47626306e-06  3.50006570e-05  0.00000000e+00  3.50006570e-05  1.20000000e+00 
 3.50011361e-05  1.04467921e+00  3.50011361e-05  4.30023133e-01  3.50011361e-05  1.96913966e-06  3.50011361e-05 -1.31265825e-07  3.50011361e-05  7.37436265e-06  3.50011361e-05  0.00000000e+00  3.50011361e-05  1.20000000e+00 
 3.50019992e-05  1.04461604e+00  3.50019992e-05  4.23139581e-01  3.50019992e-05  2.03400688e-06  3.50019992e-05  3.40875785e-07  3.50019992e-05 -5.87680044e-06  3.50019992e-05  0.00000000e+00  3.50019992e-05  1.20000000e+00 
 3.50037255e-05  1.04450779e+00  3.50037255e-05  4.14628257e-01  3.50037255e-05  1.96545900e-06  3.50037255e-05 -2.15133986e-07  3.50037255e-05  7.17823952e-06  3.50037255e-05  0.00000000e+00  3.50037255e-05  1.20000000e+00 
 3.50071780e-05  1.04430487e+00  3.50071780e-05  4.06339307e-01  3.50071780e-05  2.03116315e-06  3.50071780e-05  2.76237679e-07  3.50071780e-05 -5.94745151e-06  3.50071780e-05  0.00000000e+00  3.50071780e-05  1.20000000e+00 
 3.50140832e-05  1.04389702e+00  3.50140832e-05  4.00786066e-01  3.50140832e-05  1.96384913e-06  3.50140832e-05 -2.54931217e-07  3.50140832e-05  7.19516772e-06  3.50140832e-05  0.00000000e+00  3.50140832e-05  1.20000000e+00 
 3.50278934e-05  1.04308104e+00  3.50278934e-05  3.99495666e-01  3.50278934e-05  2.03085326e-06  3.50278934e-05  2.58901369e-07  3.50278934e-05 -5.92880195e-06  3.50278934e-05  0.00000000e+00  3.50278934e-05  1.20000000e+00 
 3.50555139e-05  1.04147299e+00  3.50555139e-05  3.99711655e-01  3.50555139e-05  1.96398878e-06  3.50555139e-05 -2.57426919e-07  3.50555139e-05  7.19635833e-06  3.50555139e-05  0.00000000e+00  3.50555139e-05  1.20000000e+00 
 3.51097291e-05  1.03834857e+00  3.51097291e-05  3.99640016e-01  3.51097291e-05  2.03086281e-06  3.51097291e-05  2.59207868e-07  3.51097291e-05 -5.92860237e-06  3.51097291e-05  0.00000000e+00  3.51097291e-05  1.20000000e+00 
 3.52097291e-05  1.03259980e+00  3.52097291e-05  3.99714136e-01  3.52097291e-05  1.96398456e-06  3.52097291e-05 -2.57402573e-07  3.52097291e-05  7.19625876e-06  3.52097291e-05  0.00000000e+00  3.52097291e-05  1.20000000e+00 
 3.53097291e-05  1.02685112e+00  3.53097291e-05  3.99570721e-01  3.53097291e-05  2.03086624e-06  3.53097291e-05  2.59380005e-07  3.53097291e-05 -5.92867214e-06  3.53097291e-05  0.00000000e+00  3.53097291e-05  1.20000000e+00 
 3.54097291e-05  1.02110396e+00  3.54097291e-05  3.99628777e-01  3.54097291e-05  1.96398225e-06  3.54097291e-05 -2.57372614e-07  3.54097291e-05  7.19606493e-06  3.54097291e-05  0.00000000e+00  3.54097291e-05  1.20000000e+00 
 3.55097291e-05  1.01535728e+00  3.55097291e-05  3.99551618e-01  3.55097291e-05  2.03086866e-06  3.55097291e-05  2.59500112e-07  3.55097291e-05 -5.92866229e-06  3.55097291e-05  0.00000000e+00  3.55097291e-05  1.20000000e+00 
 3.56097291e-05  1.00961149e+00  3.56097291e-05  3.99546370e-01  3.56097291e-05  1.96398017e-06  3.56097291e-05 -2.57364777e-07  3.56097291e-05  7.19590181e-06  3.56097291e-05  0.00000000e+00  3.56097291e-05  1.20000000e+00 
 3.57097291e-05  1.00386629e+00  3.57097291e-05  3.99501268e-01  3.57097291e-05  2.03087062e-06  3.57097291e-05  2.59583829e-07  3.57097291e-05 -5.92866805e-06  3.57097291e-05  0.00000000e+00  3.57097291e-05  1.20000000e+00 
 3.58097291e-05  9.98121710e-01  3.58097291e-05  3.99524583e-01  3.58097291e-05  1.96397839e-06  3.58097291e-05 -2.57361680e-07  3.58097291e-05  7.19576996e-06  3.58097291e-05  0.00000000e+00  3.58097291e-05  1.20000000e+00 
 3.59097291e-05  9.92377627e-01  3.59097291e-05  3.99501765e-01  3.59097291e-05  2.03087228e-06  3.59097291e-05  2.59669613e-07  3.59097291e-05 -5.92865611e-06  3.59097291e-05  0.00000000e+00  3.59097291e-05  1.20000000e+00 
 3.60097291e-05  9.86634079e-01  3.60097291e-05  3.99514085e-01  3.60097291e-05  1.96397687e-06  3.60097291e-05 -2.57378284e-07  3.60097291e-05  7.19563783e-06  3.60097291e-05  0.00000000e+00  3.60097291e-05  1.20000000e+00 
 3.61097291e-05  9.80891005e-01  3.61097291e-05  3.99506026e-01  3.61097291e-05  2.03087369e-06  3.61097291e-05  2.59742616e-07  3.61097291e-05 -5.92865010e-06  3.61097291e-05  0.00000000e+00  3.61097291e-05  1.20000000e+00 
 3.62097291e-05  9.75148465e-01  3.62097291e-05  3.99504278e-01  3.62097291e-05  1.96397557e-06  3.62097291e-05 -2.57398293e-07  3.62097291e-05  7.19549320e-06  3.62097291e-05  0.00000000e+00  3.62097291e-05  1.20000000e+00 
 3.63097291e-05  9.69406509e-01  3.63097291e-05  3.99508918e-01  3.63097291e-05  2.03087487e-06  3.63097291e-05  2.59800311e-07  3.63097291e-05 -5.92866145e-06  3.63097291e-05  0.00000000e+00  3.63097291e-05  1.20000000e+00 
 3.64097291e-05  9.63665058e-01  3.64097291e-05  3.99499541e-01  3.64097291e-05  1.96397449e-06  3.64097291e-05 -2.57421346e-07  3.64097291e-05  7.19534104e-06  3.64097291e-05  0.00000000e+00  3.64097291e-05  1.20000000e+00 
 3.65097291e-05  9.57924304e-01  3.65097291e-05  3.99510353e-01  3.65097291e-05  2.03087587e-06  3.65097291e-05  2.59849603e-07  3.65097291e-05 -5.92869176e-06  3.65097291e-05  0.00000000e+00  3.65097291e-05  1.20000000e+00 
 3.66097291e-05  9.52184043e-01  3.66097291e-05  3.99496365e-01  3.66097291e-05  1.96397357e-06  3.66097291e-05 -2.57446463e-07  3.66097291e-05  7.19517907e-06  3.66097291e-05  0.00000000e+00  3.66097291e-05  1.20000000e+00 
 3.67097291e-05  9.46444612e-01  3.67097291e-05  3.99511308e-01  3.67097291e-05  2.03087673e-06  3.67097291e-05  2.59893191e-07  3.67097291e-05 -5.92874254e-06  3.67097291e-05  0.00000000e+00  3.67097291e-05  1.20000000e+00 
 3.68097291e-05  9.40705665e-01  3.68097291e-05  3.99494050e-01  3.68097291e-05  1.96397277e-06  3.68097291e-05 -2.57472565e-07  3.68097291e-05  7.19500660e-06  3.68097291e-05  0.00000000e+00  3.68097291e-05  1.20000000e+00 
 3.69097291e-05  9.34967691e-01  3.69097291e-05  3.99511956e-01  3.69097291e-05  2.03087748e-06  3.69097291e-05  2.59932137e-07  3.69097291e-05 -5.92881452e-06  3.69097291e-05  0.00000000e+00  3.69097291e-05  1.20000000e+00 
 3.70097291e-05  9.29230192e-01  3.70097291e-05  3.99492342e-01  3.70097291e-05  1.96397207e-06  3.70097291e-05 -2.57498456e-07  3.70097291e-05  7.19482333e-06  3.70097291e-05  0.00000000e+00  3.70097291e-05  1.20000000e+00 
 3.71097291e-05  9.23493813e-01  3.71097291e-05  3.99512359e-01  3.71097291e-05  2.03087814e-06  3.71097291e-05  2.59966994e-07  3.71097291e-05 -5.92890767e-06  3.71097291e-05  0.00000000e+00  3.71097291e-05  1.20000000e+00 
 3.72097291e-05  9.17757897e-01  3.72097291e-05  3.99491112e-01  3.72097291e-05  1.96397144e-06  3.72097291e-05 -2.57523282e-07  3.72097291e-05  7.19462939e-06  3.72097291e-05  0.00000000e+00  3.72097291e-05  1.20000000e+00 
 3.73097291e-05  9.12023245e-01  3.73097291e-05  3.99512555e-01  3.73097291e-05  2.03087874e-06  3.73097291e-05  2.59998151e-07  3.73097291e-05 -5.92902130e-06  3.73097291e-05  0.00000000e+00  3.73097291e-05  1.20000000e+00 
 3.74097291e-05  9.06289042e-01  3.74097291e-05  3.99490277e-01  3.74097291e-05  1.96397086e-06  3.74097291e-05 -2.57546518e-07  3.74097291e-05  7.19442523e-06  3.74097291e-05  0.00000000e+00  3.74097291e-05  1.20000000e+00 
 3.75097291e-05  9.00556239e-01  3.75097291e-05  3.99512581e-01  3.75097291e-05  2.03087929e-06  3.75097291e-05  2.60025937e-07  3.75097291e-05 -5.92915422e-06  3.75097291e-05  0.00000000e+00  3.75097291e-05  1.20000000e+00 
 3.76097291e-05  8.94823866e-01  3.76097291e-05  3.99489776e-01  3.76097291e-05  1.96397034e-06  3.76097291e-05 -2.57567894e-07  3.76097291e-05  7.19421155e-06  3.76097291e-05  0.00000000e+00  3.76097291e-05  1.20000000e+00 
 3.77097291e-05  8.89093020e-01  3.77097291e-05  3.99512475e-01  3.77097291e-05  2.03087981e-06  3.77097291e-05  2.60050660e-07  3.77097291e-05 -5.92930494e-06  3.77097291e-05  0.00000000e+00  3.77097291e-05  1.20000000e+00 
 3.78097291e-05  8.83362583e-01  3.78097291e-05  3.99489558e-01  3.78097291e-05  1.96396984e-06  3.78097291e-05 -2.57587317e-07  3.78097291e-05  7.19398913e-06  3.78097291e-05  0.00000000e+00  3.78097291e-05  1.20000000e+00 
 3.79097291e-05  8.77633788e-01  3.79097291e-05  3.99512270e-01  3.79097291e-05  2.03088029e-06  3.79097291e-05  2.60072618e-07  3.79097291e-05 -5.92947185e-06  3.79097291e-05  0.00000000e+00  3.79097291e-05  1.20000000e+00 
 3.80097291e-05  8.71905379e-01  3.80097291e-05  3.99489580e-01  3.80097291e-05  1.96396936e-06  3.80097291e-05 -2.57604814e-07  3.80097291e-05  7.19375874e-06  3.80097291e-05  0.00000000e+00  3.80097291e-05  1.20000000e+00 
 3.81097291e-05  8.66178715e-01  3.81097291e-05  3.99512001e-01  3.81097291e-05  2.03088076e-06  3.81097291e-05  2.60092101e-07  3.81097291e-05 -5.92965336e-06  3.81097291e-05  0.00000000e+00  3.81097291e-05  1.20000000e+00 
 3.82097291e-05  8.60452415e-01  3.82097291e-05  3.99489807e-01  3.82097291e-05  1.96396890e-06  3.82097291e-05 -2.57620487e-07  3.82097291e-05  7.19352113e-06  3.82097291e-05  0.00000000e+00  3.82097291e-05  1.20000000e+00 
 3.83097291e-05  8.54727951e-01  3.83097291e-05  3.99511699e-01  3.83097291e-05  2.03088122e-06  3.83097291e-05  2.60109390e-07  3.83097291e-05 -5.92984796e-06  3.83097291e-05  0.00000000e+00  3.83097291e-05  1.20000000e+00 
 3.84097291e-05  8.49003829e-01  3.84097291e-05  3.99490211e-01  3.84097291e-05  1.96396845e-06  3.84097291e-05 -2.57634479e-07  3.84097291e-05  7.19327692e-06  3.84097291e-05  0.00000000e+00  3.84097291e-05  1.20000000e+00 
 3.85097291e-05  8.43281624e-01  3.85097291e-05  3.99511394e-01  3.85097291e-05  2.03088167e-06  3.85097291e-05  2.60124747e-07  3.85097291e-05 -5.93005429e-06  3.85097291e-05  0.00000000e+00  3.85097291e-05  1.20000000e+00 
 3.86097291e-05  8.37559741e-01  3.86097291e-05  3.99490769e-01  3.86097291e-05  1.96396800e-06  3.86097291e-05 -2.57646954e-07  3.86097291e-05  7.19302664e-06  3.86097291e-05  0.00000000e+00  3.86097291e-05  1.20000000e+00 
 3.87097291e-05  8.31839849e-01  3.87097291e-05  3.99511115e-01  3.87097291e-05  2.03088211e-06  3.87097291e-05  2.60138418e-07  3.87097291e-05 -5.93027118e-06  3.87097291e-05  0.00000000e+00  3.87097291e-05  1.20000000e+00 
 3.88097291e-05  8.26120259e-01  3.88097291e-05  3.99491465e-01  3.88097291e-05  1.96396756e-06  3.88097291e-05 -2.57658082e-07  3.88097291e-05  7.19277074e-06  3.88097291e-05  0.00000000e+00  3.88097291e-05  1.20000000e+00 
 3.89097291e-05  8.20402725e-01  3.89097291e-05  3.99510889e-01  3.89097291e-05  2.03088256e-06  3.89097291e-05  2.60150628e-07  3.89097291e-05 -5.93049761e-06  3.89097291e-05  0.00000000e+00  3.89097291e-05  1.20000000e+00 
 3.90097291e-05  8.14685477e-01  3.90097291e-05  3.99492284e-01  3.90097291e-05  1.96396711e-06  3.90097291e-05 -2.57668029e-07  3.90097291e-05  7.19250955e-06  3.90097291e-05  0.00000000e+00  3.90097291e-05  1.20000000e+00 
 3.91097291e-05  8.08970343e-01  3.91097291e-05  3.99510740e-01  3.91097291e-05  2.03088301e-06  3.91097291e-05  2.60161578e-07  3.91097291e-05 -5.93073270e-06  3.91097291e-05  0.00000000e+00  3.91097291e-05  1.20000000e+00 
 3.92097291e-05  8.03255482e-01  3.92097291e-05  3.99493217e-01  3.92097291e-05  1.96396666e-06  3.92097291e-05 -2.57676949e-07  3.92097291e-05  7.19224334e-06  3.92097291e-05  0.00000000e+00  3.92097291e-05  1.20000000e+00 
 3.93097291e-05  7.97542788e-01  3.93097291e-05  3.99510692e-01  3.93097291e-05  2.03088346e-06  3.93097291e-05  2.60171446e-07  3.93097291e-05 -5.93097572e-06  3.93097291e-05  0.00000000e+00  3.93097291e-05  1.20000000e+00 
 3.94097291e-05  7.91830357e-01  3.94097291e-05  3.99494253e-01  3.94097291e-05  1.96396621e-06  3.94097291e-05 -2.57684982e-07  3.94097291e-05  7.19197228e-06  3.94097291e-05  0.00000000e+00  3.94097291e-05  1.20000000e+00 
 3.95097291e-05  7.86120141e-01  3.95097291e-05  3.99510760e-01  3.95097291e-05  2.03088392e-06  3.95097291e-05  2.60180387e-07  3.95097291e-05 -5.93122605e-06  3.95097291e-05  0.00000000e+00  3.95097291e-05  1.20000000e+00 
 3.96097291e-05  7.80410180e-01  3.96097291e-05  3.99495381e-01  3.96097291e-05  1.96396575e-06  3.96097291e-05 -2.57692250e-07  3.96097291e-05  7.19169653e-06  3.96097291e-05  0.00000000e+00  3.96097291e-05  1.20000000e+00 
 3.97097291e-05  7.74702480e-01  3.97097291e-05  3.99510956e-01  3.97097291e-05  2.03088439e-06  3.97097291e-05  2.60188534e-07  3.97097291e-05 -5.93148319e-06  3.97097291e-05  0.00000000e+00  3.97097291e-05  1.20000000e+00 
 3.98097291e-05  7.68995029e-01  3.98097291e-05  3.99496588e-01  3.98097291e-05  1.96396528e-06  3.98097291e-05 -2.57698859e-07  3.98097291e-05  7.19141617e-06  3.98097291e-05  0.00000000e+00  3.98097291e-05  1.20000000e+00 
 3.99097291e-05  7.63289880e-01  3.99097291e-05  3.99511287e-01  3.99097291e-05  2.03088486e-06  3.99097291e-05  2.60195999e-07  3.99097291e-05 -5.93174669e-06  3.99097291e-05  0.00000000e+00  3.99097291e-05  1.20000000e+00 
 4.00097291e-05  7.57584979e-01  4.00097291e-05  3.99497857e-01  4.00097291e-05  1.96396481e-06  4.00097291e-05 -2.57704899e-07  4.00097291e-05  7.19113124e-06  4.00097291e-05  0.00000000e+00  4.00097291e-05  1.20000000e+00 
 4.01097291e-05  7.51882420e-01  4.01097291e-05  3.99511748e-01  4.01097291e-05  2.03088534e-06  4.01097291e-05  2.60202872e-07  4.01097291e-05 -5.93201622e-06  4.01097291e-05  0.00000000e+00  4.01097291e-05  1.20000000e+00 
 4.02097291e-05  7.46180107e-01  4.02097291e-05  3.99499169e-01  4.02097291e-05  1.96396433e-06  4.02097291e-05 -2.57710440e-07  4.02097291e-05  7.19084178e-06  4.02097291e-05  0.00000000e+00  4.02097291e-05  1.20000000e+00 
 4.03097291e-05  7.40480176e-01  4.03097291e-05  3.99512331e-01  4.03097291e-05  2.03088582e-06  4.03097291e-05  2.60209228e-07  4.03097291e-05 -5.93229146e-06  4.03097291e-05  0.00000000e+00  4.03097291e-05  1.20000000e+00 
 4.04097291e-05  7.34780494e-01  4.04097291e-05  3.99500501e-01  4.04097291e-05  1.96396384e-06  4.04097291e-05 -2.57715541e-07  4.04097291e-05  7.19054777e-06  4.04097291e-05  0.00000000e+00  4.04097291e-05  1.20000000e+00 
 4.05097291e-05  7.29083229e-01  4.05097291e-05  3.99513020e-01  4.05097291e-05  2.03088632e-06  4.05097291e-05  2.60215126e-07  4.05097291e-05 -5.93257219e-06  4.05097291e-05  0.00000000e+00  4.05097291e-05  1.20000000e+00 
 4.06097291e-05  7.23386218e-01  4.06097291e-05  3.99501831e-01  4.06097291e-05  1.96396335e-06  4.06097291e-05 -2.57720248e-07  4.06097291e-05  7.19024920e-06  4.06097291e-05  0.00000000e+00  4.06097291e-05  1.20000000e+00 
 4.07097291e-05  7.17691661e-01  4.07097291e-05  3.99513797e-01  4.07097291e-05  2.03088681e-06  4.07097291e-05  2.60220612e-07  4.07097291e-05 -5.93285820e-06  4.07097291e-05  0.00000000e+00  4.07097291e-05  1.20000000e+00 
 4.08097291e-05  7.11997366e-01  4.08097291e-05  3.99503136e-01  4.08097291e-05  1.96396286e-06  4.08097291e-05 -2.57724596e-07  4.08097291e-05  7.18994605e-06  4.08097291e-05  0.00000000e+00  4.08097291e-05  1.20000000e+00 
 4.09097291e-05  7.06305559e-01  4.09097291e-05  3.99514641e-01  4.09097291e-05  2.03088731e-06  4.09097291e-05  2.60225722e-07  4.09097291e-05 -5.93314934e-06  4.09097291e-05  0.00000000e+00  4.09097291e-05  1.20000000e+00 
 4.10097291e-05  7.00614023e-01  4.10097291e-05  3.99504398e-01  4.10097291e-05  1.96396236e-06  4.10097291e-05 -2.57728612e-07  4.10097291e-05  7.18963829e-06  4.10097291e-05  0.00000000e+00  4.10097291e-05  1.20000000e+00 
 4.11097291e-05  6.94925011e-01  4.11097291e-05  3.99515530e-01  4.11097291e-05  2.03088781e-06  4.11097291e-05  2.60230482e-07  4.11097291e-05 -5.93344548e-06  4.11097291e-05  0.00000000e+00  4.11097291e-05  1.20000000e+00 
 4.12097291e-05  6.89236283e-01  4.12097291e-05  3.99505601e-01  4.12097291e-05  1.96396186e-06  4.12097291e-05 -2.57732317e-07  4.12097291e-05  7.18932588e-06  4.12097291e-05  0.00000000e+00  4.12097291e-05  1.20000000e+00 
 4.13097291e-05  6.83550112e-01  4.13097291e-05  3.99516443e-01  4.13097291e-05  2.03088831e-06  4.13097291e-05  2.60234914e-07  4.13097291e-05 -5.93374652e-06  4.13097291e-05  0.00000000e+00  4.13097291e-05  1.20000000e+00 
 4.14097291e-05  6.77864237e-01  4.14097291e-05  3.99506733e-01  4.14097291e-05  1.96396136e-06  4.14097291e-05 -2.57735728e-07  4.14097291e-05  7.18900879e-06  4.14097291e-05  0.00000000e+00  4.14097291e-05  1.20000000e+00 
 4.15097291e-05  6.72180955e-01  4.15097291e-05  3.99517361e-01  4.15097291e-05  2.03088882e-06  4.15097291e-05  2.60239035e-07  4.15097291e-05 -5.93405239e-06  4.15097291e-05  0.00000000e+00  4.15097291e-05  1.20000000e+00 
 4.16097291e-05  6.66497984e-01  4.16097291e-05  3.99507786e-01  4.16097291e-05  1.96396086e-06  4.16097291e-05 -2.57738858e-07  4.16097291e-05  7.18868698e-06  4.16097291e-05  0.00000000e+00  4.16097291e-05  1.20000000e+00 
 4.17097291e-05  6.60817640e-01  4.17097291e-05  3.99518268e-01  4.17097291e-05  2.03088932e-06  4.17097291e-05  2.60242862e-07  4.17097291e-05 -5.93436302e-06  4.17097291e-05  0.00000000e+00  4.17097291e-05  1.20000000e+00 
 4.18097291e-05  6.55137622e-01  4.18097291e-05  3.99508755e-01  4.18097291e-05  1.96396036e-06  4.18097291e-05 -2.57741720e-07  4.18097291e-05  7.18836044e-06  4.18097291e-05  0.00000000e+00  4.18097291e-05  1.20000000e+00 
 4.19097291e-05  6.49460264e-01  4.19097291e-05  3.99519149e-01  4.19097291e-05  2.03088982e-06  4.19097291e-05  2.60246406e-07  4.19097291e-05 -5.93467838e-06  4.19097291e-05  0.00000000e+00  4.19097291e-05  1.20000000e+00 
 4.20097291e-05  6.43783248e-01  4.20097291e-05  3.99509640e-01  4.20097291e-05  1.96395986e-06  4.20097291e-05 -2.57744326e-07  4.20097291e-05  7.18802914e-06  4.20097291e-05  0.00000000e+00  4.20097291e-05  1.20000000e+00 
 4.21097291e-05  6.38108926e-01  4.21097291e-05  3.99519995e-01  4.21097291e-05  2.03089032e-06  4.21097291e-05  2.60249682e-07  4.21097291e-05 -5.93499843e-06  4.21097291e-05  0.00000000e+00  4.21097291e-05  1.20000000e+00 
 4.22097291e-05  6.32434962e-01  4.22097291e-05  3.99510441e-01  4.22097291e-05  1.96395937e-06  4.22097291e-05 -2.57746687e-07  4.22097291e-05  7.18769305e-06  4.22097291e-05  0.00000000e+00  4.22097291e-05  1.20000000e+00 
 4.23097291e-05  6.26763724e-01  4.23097291e-05  3.99520796e-01  4.23097291e-05  2.03089081e-06  4.23097291e-05  2.60252701e-07  4.23097291e-05 -5.93532315e-06  4.23097291e-05  0.00000000e+00  4.23097291e-05  1.20000000e+00 
 4.24097291e-05  6.21092860e-01  4.24097291e-05  3.99511162e-01  4.24097291e-05  1.96395888e-06  4.24097291e-05 -2.57748815e-07  4.24097291e-05  7.18735217e-06  4.24097291e-05  0.00000000e+00  4.24097291e-05  1.20000000e+00 
 4.25097291e-05  6.15424755e-01  4.25097291e-05  3.99521547e-01  4.25097291e-05  2.03089130e-06  4.25097291e-05  2.60255477e-07  4.25097291e-05 -5.93565254e-06  4.25097291e-05  0.00000000e+00  4.25097291e-05  1.20000000e+00 
 4.26097291e-05  6.09757040e-01  4.26097291e-05  3.99511807e-01  4.26097291e-05  1.96395839e-06  4.26097291e-05 -2.57750721e-07  4.26097291e-05  7.18700648e-06  4.26097291e-05  0.00000000e+00  4.26097291e-05  1.20000000e+00 
 4.27097291e-05  6.04092115e-01  4.27097291e-05  3.99522245e-01  4.27097291e-05  2.03089179e-06  4.27097291e-05  2.60258022e-07  4.27097291e-05 -5.93598659e-06  4.27097291e-05  0.00000000e+00  4.27097291e-05  1.20000000e+00 
 4.28097291e-05  5.98427596e-01  4.28097291e-05  3.99512381e-01  4.28097291e-05  1.96395791e-06  4.28097291e-05 -2.57752417e-07  4.28097291e-05  7.18665598e-06  4.28097291e-05  0.00000000e+00  4.28097291e-05  1.20000000e+00 
 4.29097291e-05  5.92765899e-01  4.29097291e-05  3.99522888e-01  4.29097291e-05  2.03089227e-06  4.29097291e-05  2.60260348e-07  4.29097291e-05 -5.93632529e-06  4.29097291e-05  0.00000000e+00  4.29097291e-05  1.20000000e+00 
 4.30097291e-05  5.87104625e-01  4.30097291e-05  3.99512890e-01  4.30097291e-05  1.96395743e-06  4.30097291e-05 -2.57753915e-07  4.30097291e-05  7.18630065e-06  4.30097291e-05  0.00000000e+00  4.30097291e-05  1.20000000e+00 
 4.31097291e-05  5.81446203e-01  4.31097291e-05  3.99523476e-01  4.31097291e-05  2.03089275e-06  4.31097291e-05  2.60262470e-07  4.31097291e-05 -5.93666865e-06  4.31097291e-05  0.00000000e+00  4.31097291e-05  1.20000000e+00 
 4.32097291e-05  5.75788221e-01  4.32097291e-05  3.99513341e-01  4.32097291e-05  1.96395696e-06  4.32097291e-05 -2.57755228e-07  4.32097291e-05  7.18594050e-06  4.32097291e-05  0.00000000e+00  4.32097291e-05  1.20000000e+00 
 4.33097291e-05  5.70133120e-01  4.33097291e-05  3.99524012e-01  4.33097291e-05  2.03089322e-06  4.33097291e-05  2.60264400e-07  4.33097291e-05 -5.93701666e-06  4.33097291e-05  0.00000000e+00  4.33097291e-05  1.20000000e+00 
 4.34097291e-05  5.64478477e-01  4.34097291e-05  3.99513738e-01  4.34097291e-05  1.96395649e-06  4.34097291e-05 -2.57756367e-07  4.34097291e-05  7.18557553e-06  4.34097291e-05  0.00000000e+00  4.34097291e-05  1.20000000e+00 
 4.35097291e-05  5.58826746e-01  4.35097291e-05  3.99524498e-01  4.35097291e-05  2.03089369e-06  4.35097291e-05  2.60266149e-07  4.35097291e-05 -5.93736934e-06  4.35097291e-05  0.00000000e+00  4.35097291e-05  1.20000000e+00 
 4.36097291e-05  5.53175490e-01  4.36097291e-05  3.99514088e-01  4.36097291e-05  1.96395603e-06  4.36097291e-05 -2.57757344e-07  4.36097291e-05  7.18520572e-06  4.36097291e-05  0.00000000e+00  4.36097291e-05  1.20000000e+00 
 4.37097291e-05  5.47527175e-01  4.37097291e-05  3.99524937e-01  4.37097291e-05  2.03089415e-06  4.37097291e-05  2.60267730e-07  4.37097291e-05 -5.93772669e-06  4.37097291e-05  0.00000000e+00  4.37097291e-05  1.20000000e+00 
 4.38097291e-05  5.41879353e-01  4.38097291e-05  3.99514395e-01  4.38097291e-05  1.96395557e-06  4.38097291e-05 -2.57758168e-07  4.38097291e-05  7.18483108e-06  4.38097291e-05  0.00000000e+00  4.38097291e-05  1.20000000e+00 
 4.39097291e-05  5.36234502e-01  4.39097291e-05  3.99525333e-01  4.39097291e-05  2.03089460e-06  4.39097291e-05  2.60269153e-07  4.39097291e-05 -5.93808871e-06  4.39097291e-05  0.00000000e+00  4.39097291e-05  1.20000000e+00 
 4.40097291e-05  5.30590162e-01  4.40097291e-05  3.99514664e-01  4.40097291e-05  1.96395512e-06  4.40097291e-05 -2.57758852e-07  4.40097291e-05  7.18445160e-06  4.40097291e-05  0.00000000e+00  4.40097291e-05  1.20000000e+00 
 4.41097291e-05  5.24948822e-01  4.41097291e-05  3.99525689e-01  4.41097291e-05  2.03089505e-06  4.41097291e-05  2.60270430e-07  4.41097291e-05 -5.93845543e-06  4.41097291e-05  0.00000000e+00  4.41097291e-05  1.20000000e+00 
 4.42097291e-05  5.19308012e-01  4.42097291e-05  3.99514899e-01  4.42097291e-05  1.96395468e-06  4.42097291e-05 -2.57759403e-07  4.42097291e-05  7.18406726e-06  4.42097291e-05  0.00000000e+00  4.42097291e-05  1.20000000e+00 
 4.43097291e-05  5.13670233e-01  4.43097291e-05  3.99526008e-01  4.43097291e-05  2.03089549e-06  4.43097291e-05  2.60271570e-07  4.43097291e-05 -5.93882687e-06  4.43097291e-05  0.00000000e+00  4.43097291e-05  1.20000000e+00 
 4.44097291e-05  5.08033002e-01  4.44097291e-05  3.99515105e-01  4.44097291e-05  1.96395423e-06  4.44097291e-05 -2.57759832e-07  4.44097291e-05  7.18367802e-06  4.44097291e-05  0.00000000e+00  4.44097291e-05  1.20000000e+00 
 4.45097291e-05  5.02398831e-01  4.45097291e-05  3.99526295e-01  4.45097291e-05  2.03089593e-06  4.45097291e-05  2.60272583e-07  4.45097291e-05 -5.93920308e-06  4.45097291e-05  0.00000000e+00  4.45097291e-05  1.20000000e+00 
 4.46097291e-05  4.96765229e-01  4.46097291e-05  3.99515283e-01  4.46097291e-05  1.96395380e-06  4.46097291e-05 -2.57760147e-07  4.46097291e-05  7.18328383e-06  4.46097291e-05  0.00000000e+00  4.46097291e-05  1.20000000e+00 
 4.47097291e-05  4.91134717e-01  4.47097291e-05  3.99526552e-01  4.47097291e-05  2.03089636e-06  4.47097291e-05  2.60273476e-07  4.47097291e-05 -5.93958415e-06  4.47097291e-05  0.00000000e+00  4.47097291e-05  1.20000000e+00 
 4.48097291e-05  4.85504795e-01  4.48097291e-05  3.99515437e-01  4.48097291e-05  1.96395337e-06  4.48097291e-05 -2.57760354e-07  4.48097291e-05  7.18288457e-06  4.48097291e-05  0.00000000e+00  4.48097291e-05  1.20000000e+00 
 4.49097291e-05  4.79877992e-01  4.49097291e-05  3.99526783e-01  4.49097291e-05  2.03089679e-06  4.49097291e-05  2.60274257e-07  4.49097291e-05 -5.93997020e-06  4.49097291e-05  0.00000000e+00  4.49097291e-05  1.20000000e+00 
 4.50097291e-05  4.74251802e-01  4.50097291e-05  3.99515570e-01  4.50097291e-05  1.96395295e-06  4.50097291e-05 -2.57760461e-07  4.50097291e-05  7.18248007e-06  4.50097291e-05  0.00000000e+00  4.50097291e-05  1.20000000e+00 
 4.51097291e-05  4.68628763e-01  4.51097291e-05  3.99526990e-01  4.51097291e-05  2.03089722e-06  4.51097291e-05  2.60274933e-07  4.51097291e-05 -5.94036146e-06  4.51097291e-05  0.00000000e+00  4.51097291e-05  1.20000000e+00 
 4.52097291e-05  4.63006361e-01  4.52097291e-05  3.99515683e-01  4.52097291e-05  1.96395253e-06  4.52097291e-05 -2.57760475e-07  4.52097291e-05  7.18207005e-06  4.52097291e-05  0.00000000e+00  4.52097291e-05  1.20000000e+00 
 4.53097291e-05  4.57387142e-01  4.53097291e-05  3.99527175e-01  4.53097291e-05  2.03089763e-06  4.53097291e-05  2.60275512e-07  4.53097291e-05 -5.94075830e-06  4.53097291e-05  0.00000000e+00  4.53097291e-05  1.20000000e+00 
 4.54097291e-05  4.51768586e-01  4.54097291e-05  3.99515778e-01  4.54097291e-05  1.96395211e-06  4.54097291e-05 -2.57760401e-07  4.54097291e-05  7.18165404e-06  4.54097291e-05  0.00000000e+00  4.54097291e-05  1.20000000e+00 
 4.55097291e-05  4.46153250e-01  4.55097291e-05  3.99527341e-01  4.55097291e-05  2.03089805e-06  4.55097291e-05  2.60275997e-07  4.55097291e-05 -5.94116127e-06  4.55097291e-05  0.00000000e+00  4.55097291e-05  1.20000000e+00 
 4.56097291e-05  4.40538606e-01  4.56097291e-05  3.99515855e-01  4.56097291e-05  1.96395170e-06  4.56097291e-05 -2.57760244e-07  4.56097291e-05  7.18123131e-06  4.56097291e-05  0.00000000e+00  4.56097291e-05  1.20000000e+00 
 4.57097291e-05  4.34927222e-01  4.57097291e-05  3.99527487e-01  4.57097291e-05  2.03089845e-06  4.57097291e-05  2.60276396e-07  4.57097291e-05 -5.94157129e-06  4.57097291e-05  0.00000000e+00  4.57097291e-05  1.20000000e+00 
 4.58097291e-05  4.29316567e-01  4.58097291e-05  3.99515916e-01  4.58097291e-05  1.96395130e-06  4.58097291e-05 -2.57760009e-07  4.58097291e-05  7.18080073e-06  4.58097291e-05  0.00000000e+00  4.58097291e-05  1.20000000e+00 
 4.59097291e-05  4.23709217e-01  4.59097291e-05  3.99527615e-01  4.59097291e-05  2.03089886e-06  4.59097291e-05  2.60276713e-07  4.59097291e-05 -5.94198976e-06  4.59097291e-05  0.00000000e+00  4.59097291e-05  1.20000000e+00 
 4.60097291e-05  4.18102640e-01  4.60097291e-05  3.99515959e-01  4.60097291e-05  1.96395090e-06  4.60097291e-05 -2.57759700e-07  4.60097291e-05  7.18036051e-06  4.60097291e-05  0.00000000e+00  4.60097291e-05  1.20000000e+00 
 4.61097291e-05  4.12499425e-01  4.61097291e-05  3.99527725e-01  4.61097291e-05  2.03089926e-06  4.61097291e-05  2.60276951e-07  4.61097291e-05 -5.94241888e-06  4.61097291e-05  0.00000000e+00  4.61097291e-05  1.20000000e+00 
 4.62097291e-05  4.06897040e-01  4.62097291e-05  3.99515982e-01  4.62097291e-05  1.96395050e-06  4.62097291e-05 -2.57759321e-07  4.62097291e-05  7.17990787e-06  4.62097291e-05  0.00000000e+00  4.62097291e-05  1.20000000e+00 
 4.63097291e-05  4.01298089e-01  4.63097291e-05  3.99527814e-01  4.63097291e-05  2.03089965e-06  4.63097291e-05  2.60277115e-07  4.63097291e-05 -5.94286205e-06  4.63097291e-05  0.00000000e+00  4.63097291e-05  1.20000000e+00 
 4.64097291e-05  3.95700045e-01  4.64097291e-05  3.99515983e-01  4.64097291e-05  1.96395011e-06  4.64097291e-05 -2.57758875e-07  4.64097291e-05  7.17943856e-06  4.64097291e-05  0.00000000e+00  4.64097291e-05  1.20000000e+00 
 4.65097291e-05  3.90105530e-01  4.65097291e-05  3.99527880e-01  4.65097291e-05  2.03090004e-06  4.65097291e-05  2.60277207e-07  4.65097291e-05 -5.94332446e-06  4.65097291e-05  0.00000000e+00  4.65097291e-05  1.20000000e+00 
 4.66097291e-05  3.84512031e-01  4.66097291e-05  3.99515955e-01  4.66097291e-05  1.96394973e-06  4.66097291e-05 -2.57758363e-07  4.66097291e-05  7.17894609e-06  4.66097291e-05  0.00000000e+00  4.66097291e-05  1.20000000e+00 
 4.67097291e-05  3.78922191e-01  4.67097291e-05  3.99527919e-01  4.67097291e-05  2.03090042e-06  4.67097291e-05  2.60277230e-07  4.67097291e-05 -5.94381393e-06  4.67097291e-05  0.00000000e+00  4.67097291e-05  1.20000000e+00 
 4.68097291e-05  3.73333518e-01  4.68097291e-05  3.99515890e-01  4.68097291e-05  1.96394934e-06  4.68097291e-05 -2.57757786e-07  4.68097291e-05  7.17842087e-06  4.68097291e-05  0.00000000e+00  4.68097291e-05  1.20000000e+00 
 4.69097291e-05  3.67748689e-01  4.69097291e-05  3.99527921e-01  4.69097291e-05  2.03090080e-06  4.69097291e-05  2.60277184e-07  4.69097291e-05 -5.94434189e-06  4.69097291e-05  0.00000000e+00  4.69097291e-05  1.20000000e+00 
 4.70097291e-05  3.62165241e-01  4.70097291e-05  3.99515776e-01  4.70097291e-05  1.96394897e-06  4.70097291e-05 -2.57757145e-07  4.70097291e-05  7.17784900e-06  4.70097291e-05  0.00000000e+00  4.70097291e-05  1.20000000e+00 
 4.71097291e-05  3.56585894e-01  4.71097291e-05  3.99527879e-01  4.71097291e-05  2.03090118e-06  4.71097291e-05  2.60277069e-07  4.71097291e-05 -5.94492463e-06  4.71097291e-05  0.00000000e+00  4.71097291e-05  1.20000000e+00 
 4.72097291e-05  3.51008233e-01  4.72097291e-05  3.99515597e-01  4.72097291e-05  1.96394860e-06  4.72097291e-05 -2.57756437e-07  4.72097291e-05  7.17721115e-06  4.72097291e-05  0.00000000e+00  4.72097291e-05  1.20000000e+00 
 4.73097291e-05  3.45435032e-01  4.73097291e-05  3.99527779e-01  4.73097291e-05  2.03090155e-06  4.73097291e-05  2.60276882e-07  4.73097291e-05 -5.94558432e-06  4.73097291e-05  0.00000000e+00  4.73097291e-05  1.20000000e+00 
 4.74097291e-05  3.39863937e-01  4.74097291e-05  3.99515333e-01  4.74097291e-05  1.96394824e-06  4.74097291e-05 -2.57755658e-07  4.74097291e-05  7.17648151e-06  4.74097291e-05  0.00000000e+00  4.74097291e-05  1.20000000e+00 
 4.75097291e-05  3.34297794e-01  4.75097291e-05  3.99527608e-01  4.75097291e-05  2.03090191e-06  4.75097291e-05  2.60276618e-07  4.75097291e-05 -5.94634988e-06  4.75097291e-05  0.00000000e+00  4.75097291e-05  1.20000000e+00 
 4.76097291e-05  3.28734329e-01  4.76097291e-05  3.99514962e-01  4.76097291e-05  1.96394788e-06  4.76097291e-05 -2.57754802e-07  4.76097291e-05  7.17562722e-06  4.76097291e-05  0.00000000e+00  4.76097291e-05  1.20000000e+00 
 4.77097291e-05  3.23176468e-01  4.77097291e-05  3.99527350e-01  4.77097291e-05  2.03090227e-06  4.77097291e-05  2.60276269e-07  4.77097291e-05 -5.94725729e-06  4.77097291e-05  0.00000000e+00  4.77097291e-05  1.20000000e+00 
 4.78097291e-05  3.17622041e-01  4.78097291e-05  3.99514459e-01  4.78097291e-05  1.96394752e-06  4.78097291e-05 -2.57753858e-07  4.78097291e-05  7.17460831e-06  4.78097291e-05  0.00000000e+00  4.78097291e-05  1.20000000e+00 
 4.79097291e-05  3.12074067e-01  4.79097291e-05  3.99526991e-01  4.79097291e-05  2.03090263e-06  4.79097291e-05  2.60275824e-07  4.79097291e-05 -5.94834931e-06  4.79097291e-05  0.00000000e+00  4.79097291e-05  1.20000000e+00 
 4.80097291e-05  3.06530491e-01  4.80097291e-05  3.99513799e-01  4.80097291e-05  1.96394718e-06  4.80097291e-05 -2.57752812e-07  4.80097291e-05  7.17337831e-06  4.80097291e-05  0.00000000e+00  4.80097291e-05  1.20000000e+00 
 4.81097291e-05  3.00994439e-01  4.81097291e-05  3.99526518e-01  4.81097291e-05  2.03090298e-06  4.81097291e-05  2.60275267e-07  4.81097291e-05 -5.94967458e-06  4.81097291e-05  0.00000000e+00  4.81097291e-05  1.20000000e+00 
 4.82097291e-05  2.95463986e-01  4.82097291e-05  3.99512956e-01  4.82097291e-05  1.96394684e-06  4.82097291e-05 -2.57751648e-07  4.82097291e-05  7.17188550e-06  4.82097291e-05  0.00000000e+00  4.82097291e-05  1.20000000e+00 
 4.83097291e-05  2.89942366e-01  4.83097291e-05  3.99525919e-01  4.83097291e-05  2.03090332e-06  4.83097291e-05  2.60274578e-07  4.83097291e-05 -5.95128594e-06  4.83097291e-05  0.00000000e+00  4.83097291e-05  1.20000000e+00 
 4.84097291e-05  2.84427796e-01  4.84097291e-05  3.99511909e-01  4.84097291e-05  1.96394651e-06  4.84097291e-05 -2.57750345e-07  4.84097291e-05  7.17007513e-06  4.84097291e-05  0.00000000e+00  4.84097291e-05  1.20000000e+00 
 4.85097291e-05  2.78923617e-01  4.85097291e-05  3.99525190e-01  4.85097291e-05  2.03090366e-06  4.85097291e-05  2.60273732e-07  4.85097291e-05 -5.95323765e-06  4.85097291e-05  0.00000000e+00  4.85097291e-05  1.20000000e+00 
 4.86097291e-05  2.73428183e-01  4.86097291e-05  3.99510643e-01  4.86097291e-05  1.96394619e-06  4.86097291e-05 -2.57748876e-07  4.86097291e-05  7.16789290e-06  4.86097291e-05  0.00000000e+00  4.86097291e-05  1.20000000e+00 
 4.87097291e-05  2.67944930e-01  4.87097291e-05  3.99524332e-01  4.87097291e-05  2.03090398e-06  4.87097291e-05  2.60272702e-07  4.87097291e-05 -5.95558127e-06  4.87097291e-05  0.00000000e+00  4.87097291e-05  1.20000000e+00 
 4.88097291e-05  2.62472344e-01  4.88097291e-05  3.99509154e-01  4.88097291e-05  1.96394589e-06  4.88097291e-05 -2.57747214e-07  4.88097291e-05  7.16528970e-06  4.88097291e-05  0.00000000e+00  4.88097291e-05  1.20000000e+00 
 4.89097291e-05  2.57013925e-01  4.89097291e-05  3.99523362e-01  4.89097291e-05  2.03090430e-06  4.89097291e-05  2.60271457e-07  4.89097291e-05 -5.95836049e-06  4.89097291e-05  0.00000000e+00  4.89097291e-05  1.20000000e+00 
 4.90097291e-05  2.51568268e-01  4.90097291e-05  3.99507455e-01  4.90097291e-05  1.96394559e-06  4.90097291e-05 -2.57745331e-07  4.90097291e-05  7.16222716e-06  4.90097291e-05  0.00000000e+00  4.90097291e-05  1.20000000e+00 
 4.91097291e-05  2.46138905e-01  4.91097291e-05  3.99522306e-01  4.91097291e-05  2.03090460e-06  4.91097291e-05  2.60269966e-07  4.91097291e-05 -5.96160584e-06  4.91097291e-05  0.00000000e+00  4.91097291e-05  1.20000000e+00 
 4.92097291e-05  2.40724500e-01  4.92097291e-05  3.99505579e-01  4.92097291e-05  1.96394531e-06  4.92097291e-05 -2.57743197e-07  4.92097291e-05  7.15868233e-06  4.92097291e-05  0.00000000e+00  4.92097291e-05  1.20000000e+00 
 4.93097291e-05  2.35328577e-01  4.93097291e-05  3.99521203e-01  4.93097291e-05  2.03090489e-06  4.93097291e-05  2.60268199e-07  4.93097291e-05 -5.96533108e-06  4.93097291e-05  0.00000000e+00  4.93097291e-05  1.20000000e+00 
 4.94097291e-05  2.29949835e-01  4.94097291e-05  3.99503570e-01  4.94097291e-05  1.96394504e-06  4.94097291e-05 -2.57740785e-07  4.94097291e-05  7.15464994e-06  4.94097291e-05  0.00000000e+00  4.94097291e-05  1.20000000e+00 
 4.95097291e-05  2.24591745e-01  4.95097291e-05  3.99520100e-01  4.95097291e-05  2.03090517e-06  4.95097291e-05  2.60266130e-07  4.95097291e-05 -5.96953284e-06  4.95097291e-05  0.00000000e+00  4.95097291e-05  1.20000000e+00 
 4.96097291e-05  2.19253007e-01  4.96097291e-05  3.99501487e-01  4.96097291e-05  1.96394479e-06  4.96097291e-05 -2.57738074e-07  4.96097291e-05  7.15014080e-06  4.96097291e-05  0.00000000e+00  4.96097291e-05  1.20000000e+00 
 4.97097291e-05  2.13937015e-01  4.97097291e-05  3.99519042e-01  4.97097291e-05  2.03090542e-06  4.97097291e-05  2.60263743e-07  4.97097291e-05 -5.97419423e-06  4.97097291e-05  0.00000000e+00  4.97097291e-05  1.20000000e+00 
 4.98097291e-05  2.08642451e-01  4.98097291e-05  3.99499389e-01  4.98097291e-05  1.96394455e-06  4.98097291e-05 -2.57735053e-07  4.98097291e-05  7.14517633e-06  4.98097291e-05  0.00000000e+00  4.98097291e-05  1.20000000e+00 
 4.99097291e-05  2.03372620e-01  4.99097291e-05  3.99518066e-01  4.99097291e-05  2.03090566e-06  4.99097291e-05  2.60261029e-07  4.99097291e-05 -5.97929172e-06  4.99097291e-05  0.00000000e+00  4.99097291e-05  1.20000000e+00 
 5.00097291e-05  1.98126180e-01  5.00097291e-05  3.99497333e-01  5.00097291e-05  1.96394433e-06  5.00097291e-05 -2.57731716e-07  5.00097291e-05  7.13978055e-06  5.00097291e-05  0.00000000e+00  5.00097291e-05  1.20000000e+00 
 5.01097291e-05  1.92906365e-01  5.01097291e-05  3.99517203e-01  5.01097291e-05  2.03090588e-06  5.01097291e-05  2.60257990e-07  5.01097291e-05 -5.98480386e-06  5.01097291e-05  0.00000000e+00  5.01097291e-05  1.20000000e+00 
 5.02097291e-05  1.87711829e-01  5.02097291e-05  3.99495364e-01  5.02097291e-05  1.96394413e-06  5.02097291e-05 -2.57728071e-07  5.02097291e-05  7.13397090e-06  5.02097291e-05  0.00000000e+00  5.02097291e-05  1.20000000e+00 
 5.03097291e-05  1.82545761e-01  5.03097291e-05  3.99516470e-01  5.03097291e-05  2.03090608e-06  5.03097291e-05  2.60254640e-07  5.03097291e-05 -5.99072053e-06  5.03097291e-05  0.00000000e+00  5.03097291e-05  1.20000000e+00 
 5.04097291e-05  1.77406851e-01  5.04097291e-05  3.99493520e-01  5.04097291e-05  1.96394395e-06  5.04097291e-05 -2.57724133e-07  5.04097291e-05  7.12774905e-06  5.04097291e-05  0.00000000e+00  5.04097291e-05  1.20000000e+00 
 5.05097291e-05  1.72298302e-01  5.05097291e-05  3.99515876e-01  5.05097291e-05  2.03090625e-06  5.05097291e-05  2.60250999e-07  5.05097291e-05 -5.99705175e-06  5.05097291e-05  0.00000000e+00  5.05097291e-05  1.20000000e+00 
 5.06097291e-05  1.67218895e-01  5.06097291e-05  3.99491824e-01  5.06097291e-05  1.96394379e-06  5.06097291e-05 -2.57719928e-07  5.06097291e-05  7.12109232e-06  5.06097291e-05  0.00000000e+00  5.06097291e-05  1.20000000e+00 
 5.07097291e-05  1.62171915e-01  5.07097291e-05  3.99515423e-01  5.07097291e-05  2.03090641e-06  5.07097291e-05  2.60247095e-07  5.07097291e-05 -6.00383591e-06  5.07097291e-05  0.00000000e+00  5.07097291e-05  1.20000000e+00 
 5.08097291e-05  1.57156312e-01  5.08097291e-05  3.99490293e-01  5.08097291e-05  1.96394364e-06  5.08097291e-05 -2.57715483e-07  5.08097291e-05  7.11394585e-06  5.08097291e-05  0.00000000e+00  5.08097291e-05  1.20000000e+00 
 5.09097291e-05  1.52175540e-01  5.09097291e-05  3.99515109e-01  5.09097291e-05  2.03090654e-06  5.09097291e-05  2.60242960e-07  5.09097291e-05 -6.01114709e-06  5.09097291e-05  0.00000000e+00  5.09097291e-05  1.20000000e+00 
 5.10097291e-05  1.47228807e-01  5.10097291e-05  3.99488938e-01  5.10097291e-05  1.96394352e-06  5.10097291e-05 -2.57710833e-07  5.10097291e-05  7.10621578e-06  5.10097291e-05  0.00000000e+00  5.10097291e-05  1.20000000e+00 
 5.11097291e-05  1.42319838e-01  5.11097291e-05  3.99514934e-01  5.11097291e-05  2.03090666e-06  5.11097291e-05  2.60238627e-07  5.11097291e-05 -6.01910105e-06  5.11097291e-05  0.00000000e+00  5.11097291e-05  1.20000000e+00 
 5.12097291e-05  1.37448195e-01  5.12097291e-05  3.99487765e-01  5.12097291e-05  1.96394341e-06  5.12097291e-05 -2.57706012e-07  5.12097291e-05  7.09776449e-06  5.12097291e-05  0.00000000e+00  5.12097291e-05  1.20000000e+00 
 5.13097291e-05  1.32617978e-01  5.13097291e-05  3.99514897e-01  5.13097291e-05  2.03090676e-06  5.13097291e-05  2.60234131e-07  5.13097291e-05 -6.02785834e-06  5.13097291e-05  0.00000000e+00  5.13097291e-05  1.20000000e+00 
 5.14097291e-05  1.27829206e-01  5.14097291e-05  3.99486782e-01  5.14097291e-05  1.96394332e-06  5.14097291e-05 -2.57701052e-07  5.14097291e-05  7.08840946e-06  5.14097291e-05  0.00000000e+00  5.14097291e-05  1.20000000e+00 
 5.15097291e-05  1.23086448e-01  5.15097291e-05  3.99515002e-01  5.15097291e-05  2.03090683e-06  5.15097291e-05  2.60229503e-07  5.15097291e-05 -6.03762298e-06  5.15097291e-05  0.00000000e+00  5.15097291e-05  1.20000000e+00 
 5.16097291e-05  1.18390266e-01  5.16097291e-05  3.99485994e-01  5.16097291e-05  1.96394325e-06  5.16097291e-05 -2.57695987e-07  5.16097291e-05  7.07792761e-06  5.16097291e-05  0.00000000e+00  5.16097291e-05  1.20000000e+00 
 5.17097291e-05  1.13746774e-01  5.17097291e-05  3.99514938e-01  5.17097291e-05  2.03090689e-06  5.17097291e-05  2.60224849e-07  5.17097291e-05 -6.04884619e-06  5.17097291e-05  0.00000000e+00  5.17097291e-05  1.20000000e+00 
 5.18097291e-05  1.09157186e-01  5.18097291e-05  3.99485129e-01  5.18097291e-05  1.96394320e-06  5.18097291e-05 -2.57690938e-07  5.18097291e-05  7.06583192e-06  5.18097291e-05  0.00000000e+00  5.18097291e-05  1.20000000e+00 
 5.19097291e-05  1.04626284e-01  5.19097291e-05  3.99515415e-01  5.19097291e-05  2.03090693e-06  5.19097291e-05  2.60220063e-07  5.19097291e-05 -6.06140068e-06  5.19097291e-05  0.00000000e+00  5.19097291e-05  1.20000000e+00 
 5.20097291e-05  1.00155876e-01  5.20097291e-05  3.99484763e-01  5.20097291e-05  1.96394317e-06  5.20097291e-05 -2.57685761e-07  5.20097291e-05  7.05229272e-06  5.20097291e-05  0.00000000e+00  5.20097291e-05  1.20000000e+00 
 5.21097291e-05  9.57522009e-02  5.21097291e-05  3.99516044e-01  5.21097291e-05  2.03090695e-06  5.21097291e-05  2.60215216e-07  5.21097291e-05 -6.07572033e-06  5.21097291e-05  0.00000000e+00  5.21097291e-05  1.20000000e+00 
 5.22097291e-05  9.14175874e-02  5.22097291e-05  3.99484636e-01  5.22097291e-05  1.96394315e-06  5.22097291e-05 -2.57680552e-07  5.22097291e-05  7.03686659e-06  5.22097291e-05  0.00000000e+00  5.22097291e-05  1.20000000e+00 
 5.23097291e-05  8.71587624e-02  5.23097291e-05  3.99516843e-01  5.23097291e-05  2.03090695e-06  5.23097291e-05  2.60210334e-07  5.23097291e-05 -6.09203215e-06  5.23097291e-05  0.00000000e+00  5.23097291e-05  1.20000000e+00 
 5.24097291e-05  8.29784808e-02  5.24097291e-05  3.99484751e-01  5.24097291e-05  1.96394314e-06  5.24097291e-05 -2.57675335e-07  5.24097291e-05  7.01935262e-06  5.24097291e-05  0.00000000e+00  5.24097291e-05  1.20000000e+00 
 5.25097291e-05  7.88837945e-02  5.25097291e-05  3.99517828e-01  5.25097291e-05  2.03090694e-06  5.25097291e-05  2.60205438e-07  5.25097291e-05 -6.11050356e-06  5.25097291e-05  0.00000000e+00  5.25097291e-05  1.20000000e+00 
 5.26097291e-05  7.48776985e-02  5.26097291e-05  3.99485111e-01  5.26097291e-05  1.96394315e-06  5.26097291e-05 -2.57670129e-07  5.26097291e-05  6.99962506e-06  5.26097291e-05  0.00000000e+00  5.26097291e-05  1.20000000e+00 
 5.27097291e-05  7.09673470e-02  5.27097291e-05  3.99519008e-01  5.27097291e-05  2.03090691e-06  5.27097291e-05  2.60200544e-07  5.27097291e-05 -6.13121178e-06  5.27097291e-05  0.00000000e+00  5.27097291e-05  1.20000000e+00 
 5.28097291e-05  6.71557208e-02  5.28097291e-05  3.99485714e-01  5.28097291e-05  1.96394317e-06  5.28097291e-05 -2.57664950e-07  5.28097291e-05  6.97766267e-06  5.28097291e-05  0.00000000e+00  5.28097291e-05  1.20000000e+00 
 5.29097291e-05  6.34497973e-02  5.29097291e-05  3.99520383e-01  5.29097291e-05  2.03090687e-06  5.29097291e-05  2.60195666e-07  5.29097291e-05 -6.15411669e-06  5.29097291e-05  0.00000000e+00  5.29097291e-05  1.20000000e+00 
 5.30097291e-05  5.98522398e-02  5.30097291e-05  3.99486552e-01  5.30097291e-05  1.96394320e-06  5.30097291e-05 -2.57659810e-07  5.30097291e-05  6.95357230e-06  5.30097291e-05  0.00000000e+00  5.30097291e-05  1.20000000e+00 
 5.31097291e-05  5.63695339e-02  5.31097291e-05  3.99521944e-01  5.31097291e-05  2.03090682e-06  5.31097291e-05  2.60190815e-07  5.31097291e-05 -6.17904217e-06  5.31097291e-05  0.00000000e+00  5.31097291e-05  1.20000000e+00 
 5.32097291e-05  5.30037014e-02  5.32097291e-05  3.99487608e-01  5.32097291e-05  1.96394325e-06  5.32097291e-05 -2.57654718e-07  5.32097291e-05  6.92760150e-06  5.32097291e-05  0.00000000e+00  5.32097291e-05  1.20000000e+00 
 5.33097291e-05  4.97604190e-02  5.33097291e-05  3.99523672e-01  5.33097291e-05  2.03090675e-06  5.33097291e-05  2.60185998e-07  5.33097291e-05 -6.20567078e-06  5.33097291e-05  0.00000000e+00  5.33097291e-05  1.20000000e+00 
 5.34097291e-05  4.66407601e-02  5.34097291e-05  3.99488853e-01  5.34097291e-05  1.96394331e-06  5.34097291e-05 -2.57649683e-07  5.34097291e-05  6.90013544e-06  5.34097291e-05  0.00000000e+00  5.34097291e-05  1.20000000e+00 
 5.35097291e-05  4.36493142e-02  5.35097291e-05  3.99525535e-01  5.35097291e-05  2.03090666e-06  5.35097291e-05  2.60181225e-07  5.35097291e-05 -6.23355582e-06  5.35097291e-05  0.00000000e+00  5.35097291e-05  1.20000000e+00 
 5.36097291e-05  4.07859584e-02  5.36097291e-05  3.99490251e-01  5.36097291e-05  1.96394338e-06  5.36097291e-05 -2.57644712e-07  5.36097291e-05  6.87167560e-06  5.36097291e-05  0.00000000e+00  5.36097291e-05  1.20000000e+00 
 5.37097291e-05  3.80539958e-02  5.37097291e-05  3.99527495e-01  5.37097291e-05  2.03090657e-06  5.37097291e-05  2.60176501e-07  5.37097291e-05 -6.26215164e-06  5.37097291e-05  0.00000000e+00  5.37097291e-05  1.20000000e+00 
 5.38097291e-05  3.54502912e-02  5.38097291e-05  3.99491822e-01  5.38097291e-05  1.96394346e-06  5.38097291e-05 -2.57639823e-07  5.38097291e-05  6.84315699e-06  5.38097291e-05  0.00000000e+00  5.38097291e-05  1.20000000e+00 
 5.39097291e-05  3.29770951e-02  5.39097291e-05  3.99529554e-01  5.39097291e-05  2.03090646e-06  5.39097291e-05  2.60171848e-07  5.39097291e-05 -6.29055759e-06  5.39097291e-05  0.00000000e+00  5.39097291e-05  1.20000000e+00 
 5.40097291e-05  3.06333038e-02  5.40097291e-05  3.99493375e-01  5.40097291e-05  1.96394355e-06  5.40097291e-05 -2.57634998e-07  5.40097291e-05  6.81439578e-06  5.40097291e-05  0.00000000e+00  5.40097291e-05  1.20000000e+00 
 5.41097291e-05  2.84194333e-02  5.41097291e-05  3.99531564e-01  5.41097291e-05  2.03090634e-06  5.41097291e-05  2.60167245e-07  5.41097291e-05 -6.31885427e-06  5.41097291e-05  0.00000000e+00  5.41097291e-05  1.20000000e+00 
 5.42097291e-05  2.63313583e-02  5.42097291e-05  3.99494943e-01  5.42097291e-05  1.96394365e-06  5.42097291e-05 -2.57630254e-07  5.42097291e-05  6.78641079e-06  5.42097291e-05  0.00000000e+00  5.42097291e-05  1.20000000e+00 
 5.43097291e-05  2.43684277e-02  5.43097291e-05  3.99533534e-01  5.43097291e-05  2.03090622e-06  5.43097291e-05  2.60162706e-07  5.43097291e-05 -6.34610550e-06  5.43097291e-05  0.00000000e+00  5.43097291e-05  1.20000000e+00 
 5.44097291e-05  2.25253740e-02  5.44097291e-05  3.99496482e-01  5.44097291e-05  1.96394376e-06  5.44097291e-05 -2.57625590e-07  5.44097291e-05  6.75971897e-06  5.44097291e-05  0.00000000e+00  5.44097291e-05  1.20000000e+00 
 5.45097291e-05  2.08005618e-02  5.45097291e-05  3.99535426e-01  5.45097291e-05  2.03090608e-06  5.45097291e-05  2.60158234e-07  5.45097291e-05 -6.37184430e-06  5.45097291e-05  0.00000000e+00  5.45097291e-05  1.20000000e+00 
 5.46097291e-05  1.91878531e-02  5.46097291e-05  3.99497954e-01  5.46097291e-05  1.96394388e-06  5.46097291e-05 -2.57621007e-07  5.46097291e-05  6.73473148e-06  5.46097291e-05  0.00000000e+00  5.46097291e-05  1.20000000e+00 
 5.47097291e-05  1.76848966e-02  5.47097291e-05  3.99537207e-01  5.47097291e-05  2.03090594e-06  5.47097291e-05  2.60153827e-07  5.47097291e-05 -6.39571996e-06  5.47097291e-05  0.00000000e+00  5.47097291e-05  1.20000000e+00 
 5.48097291e-05  1.62849677e-02  5.48097291e-05  3.99499329e-01  5.48097291e-05  1.96394401e-06  5.48097291e-05 -2.57616506e-07  5.48097291e-05  6.71173701e-06  5.48097291e-05  0.00000000e+00  5.48097291e-05  1.20000000e+00 
 5.49097291e-05  1.49852818e-02  5.49097291e-05  3.99538857e-01  5.49097291e-05  2.03090578e-06  5.49097291e-05  2.60149487e-07  5.49097291e-05 -6.41750615e-06  5.49097291e-05  0.00000000e+00  5.49097291e-05  1.20000000e+00 
 5.50000100e-05  1.38921681e-02  5.50000100e-05  3.99500515e-01  5.50000100e-05  1.96394415e-06  5.50000100e-05 -2.57611854e-07  5.50000100e-05  6.69183627e-06  5.50000100e-05  0.00000000e+00  5.50000100e-05  1.20000000e+00 
 5.50000110e-05  1.38543246e-02  5.50000110e-05  3.93365226e-01  5.50000110e-05  3.11120771e-06  5.50000110e-05  9.42884238e-06  5.50000110e-05 -2.18568274e-04  5.50000110e-05  0.00000000e+00  5.50000110e-05  1.08000000e+00 
 5.50000130e-05  1.37675951e-02  5.50000130e-05  3.79430001e-01  5.50000130e-05  3.42915655e-06  5.50000130e-05  1.19500652e-05  5.50000130e-05 -2.82108087e-04  5.50000130e-05  0.00000000e+00  5.50000130e-05  8.40000000e-01 
 5.50000165e-05  1.36150797e-02  5.50000165e-05  3.56134848e-01  5.50000165e-05  3.23227546e-06  5.50000165e-05  8.33545048e-06  5.50000165e-05 -2.29014310e-04  5.50000165e-05  0.00000000e+00  5.50000165e-05  4.20000000e-01 
 5.50000200e-05  1.35062804e-02  5.50000200e-05  3.36901505e-01  5.50000200e-05  3.43666275e-06  5.50000200e-05  8.26415476e-06  5.50000200e-05 -2.49094346e-04  5.50000200e-05  0.00000000e+00  5.50000200e-05  0.00000000e+00 
 5.50000207e-05  1.35021394e-02  5.50000207e-05  3.36916208e-01  5.50000207e-05  2.66776704e-06  5.50000207e-05  5.15725984e-07  5.50000207e-05 -5.95927067e-05  5.50000207e-05  0.00000000e+00  5.50000207e-05  0.00000000e+00 
 5.50000221e-05  1.34973386e-02  5.50000221e-05  3.37868686e-01  5.50000221e-05  2.54151395e-06  5.50000221e-05 -1.46443196e-06  5.50000221e-05 -7.00410497e-06  5.50000221e-05  0.00000000e+00  5.50000221e-05  0.00000000e+00 
 5.50000249e-05  1.34902606e-02  5.50000249e-05  3.39379817e-01  5.50000249e-05  2.76491196e-06  5.50000249e-05  7.99496306e-07  5.50000249e-05 -4.19110782e-05  5.50000249e-05  0.00000000e+00  5.50000249e-05  0.00000000e+00 
 5.50000305e-05  1.34787899e-02  5.50000305e-05  3.40525165e-01  5.50000305e-05  2.45599650e-06  5.50000305e-05 -6.17975285e-07  5.50000305e-05  6.04847537e-07  5.50000305e-05  0.00000000e+00  5.50000305e-05  0.00000000e+00 
 5.50000417e-05  1.34662586e-02  5.50000417e-05  3.42175786e-01  5.50000417e-05  2.26970621e-06  5.50000417e-05  8.39419493e-07  5.50000417e-05 -2.29657556e-05  5.50000417e-05  0.00000000e+00  5.50000417e-05  0.00000000e+00 
 5.50000641e-05  1.34557897e-02  5.50000641e-05  3.46137271e-01  5.50000641e-05  1.87018252e-06  5.50000641e-05 -8.36169806e-07  5.50000641e-05  1.56320632e-05  5.50000641e-05  0.00000000e+00  5.50000641e-05  0.00000000e+00 
 5.50001089e-05  1.34489153e-02  5.50001089e-05  3.54552394e-01  5.50001089e-05  2.00421870e-06  5.50001089e-05  6.79933553e-07  5.50001089e-05 -1.57323650e-05  5.50001089e-05  0.00000000e+00  5.50001089e-05  0.00000000e+00 
 5.50001755e-05  1.34429718e-02  5.50001755e-05  3.64081916e-01  5.50001755e-05  1.86932744e-06  5.50001755e-05 -7.69170737e-07  5.50001755e-05  1.58024714e-05  5.50001755e-05  0.00000000e+00  5.50001755e-05  0.00000000e+00 
 5.50003088e-05  1.34375572e-02  5.50003088e-05  3.77111711e-01  5.50003088e-05  2.03716581e-06  5.50003088e-05  7.55985765e-07  5.50003088e-05 -1.58539733e-05  5.50003088e-05  0.00000000e+00  5.50003088e-05  0.00000000e+00 
 5.50005754e-05  1.34338550e-02  5.50005754e-05  3.90526343e-01  5.50005754e-05  1.90489972e-06  5.50005754e-05 -7.54624340e-07  5.50005754e-05  1.57743761e-05  5.50005754e-05  0.00000000e+00  5.50005754e-05  0.00000000e+00 
 5.50011086e-05  1.34309682e-02  5.50011086e-05  3.99328003e-01  5.50011086e-05  2.07106305e-06  5.50011086e-05  7.07597409e-07  5.50011086e-05 -1.58125707e-05  5.50011086e-05  0.00000000e+00  5.50011086e-05  0.00000000e+00 
 5.50021749e-05  1.34283562e-02  5.50021749e-05  4.01140722e-01  5.50021749e-05  1.92153146e-06  5.50021749e-05 -7.81981389e-07  5.50021749e-05  1.58066264e-05  5.50021749e-05  0.00000000e+00  5.50021749e-05  0.00000000e+00 
 5.50042034e-05  1.34325985e-02  5.50042034e-05  4.00346244e-01  5.50042034e-05  2.07377333e-06  5.50042034e-05  7.45378661e-07  5.50042034e-05 -1.57977851e-05  5.50042034e-05  0.00000000e+00  5.50042034e-05  0.00000000e+00 
 5.50078636e-05  1.34410363e-02  5.50078636e-05  3.99992211e-01  5.50078636e-05  1.92115031e-06  5.50078636e-05 -7.44015646e-07  5.50078636e-05  1.58082749e-05  5.50078636e-05  0.00000000e+00  5.50078636e-05  0.00000000e+00 
 5.50151839e-05  1.34513246e-02  5.50151839e-05  3.99574234e-01  5.50151839e-05  2.07377392e-06  5.50151839e-05  7.48566801e-07  5.50151839e-05 -1.57970633e-05  5.50151839e-05  0.00000000e+00  5.50151839e-05  0.00000000e+00 
 5.50298245e-05  1.34636177e-02  5.50298245e-05  3.99537609e-01  5.50298245e-05  1.92106394e-06  5.50298245e-05 -7.45975368e-07  5.50298245e-05  1.58079933e-05  5.50298245e-05  0.00000000e+00  5.50298245e-05  0.00000000e+00 
 5.50591058e-05  1.34670473e-02  5.50591058e-05  3.99519365e-01  5.50591058e-05  2.07378949e-06  5.50591058e-05  7.48535753e-07  5.50591058e-05 -1.57969400e-05  5.50591058e-05  0.00000000e+00  5.50591058e-05  0.00000000e+00 
 5.51176683e-05  1.34508365e-02  5.51176683e-05  3.99538468e-01  5.51176683e-05  1.92105837e-06  5.51176683e-05 -7.46012514e-07  5.51176683e-05  1.58079298e-05  5.51176683e-05  0.00000000e+00  5.51176683e-05  0.00000000e+00 
 5.52176683e-05  1.34143504e-02  5.52176683e-05  3.99520167e-01  5.52176683e-05  2.07379244e-06  5.52176683e-05  7.48554679e-07  5.52176683e-05 -1.57969273e-05  5.52176683e-05  0.00000000e+00  5.52176683e-05  0.00000000e+00 
 5.53176683e-05  1.33793885e-02  5.53176683e-05  3.99537524e-01  5.53176683e-05  1.92105620e-06  5.53176683e-05 -7.46025604e-07  5.53176683e-05  1.58078830e-05  5.53176683e-05  0.00000000e+00  5.53176683e-05  0.00000000e+00 
 5.54176683e-05  1.33437247e-02  5.54176683e-05  3.99521284e-01  5.54176683e-05  2.07379459e-06  5.54176683e-05  7.48566987e-07  5.54176683e-05 -1.57969292e-05  5.54176683e-05  0.00000000e+00  5.54176683e-05  0.00000000e+00 
 5.55176683e-05  1.33087452e-02  5.55176683e-05  3.99536278e-01  5.55176683e-05  1.92105406e-06  5.55176683e-05 -7.46037072e-07  5.55176683e-05  1.58078366e-05  5.55176683e-05  0.00000000e+00  5.55176683e-05  0.00000000e+00 
 5.56176683e-05  1.32734011e-02  5.56176683e-05  3.99522629e-01  5.56176683e-05  2.07379671e-06  5.56176683e-05  7.48577590e-07  5.56176683e-05 -1.57969311e-05  5.56176683e-05  0.00000000e+00  5.56176683e-05  0.00000000e+00 
 5.57176683e-05  1.32385918e-02  5.57176683e-05  3.99534864e-01  5.57176683e-05  1.92105197e-06  5.57176683e-05 -7.46046789e-07  5.57176683e-05  1.58077905e-05  5.57176683e-05  0.00000000e+00  5.57176683e-05  0.00000000e+00 
 5.58176683e-05  1.32034950e-02  5.58176683e-05  3.99524094e-01  5.58176683e-05  2.07379878e-06  5.58176683e-05  7.48586422e-07  5.58176683e-05 -1.57969331e-05  5.58176683e-05  0.00000000e+00  5.58176683e-05  0.00000000e+00 
 5.59176683e-05  1.31688823e-02  5.59176683e-05  3.99533368e-01  5.59176683e-05  1.92104993e-06  5.59176683e-05 -7.46054738e-07  5.59176683e-05  1.58077447e-05  5.59176683e-05  0.00000000e+00  5.59176683e-05  0.00000000e+00 
 5.60176683e-05  1.31340210e-02  5.60176683e-05  3.99525610e-01  5.60176683e-05  2.07380079e-06  5.60176683e-05  7.48593507e-07  5.60176683e-05 -1.57969352e-05  5.60176683e-05  0.00000000e+00  5.60176683e-05  0.00000000e+00 
 5.61176683e-05  1.30996085e-02  5.61176683e-05  3.99531845e-01  5.61176683e-05  1.92104794e-06  5.61176683e-05 -7.46060971e-07  5.61176683e-05  1.58076991e-05  5.61176683e-05  0.00000000e+00  5.61176683e-05  0.00000000e+00 
 5.62176683e-05  1.30649794e-02  5.62176683e-05  3.99527134e-01  5.62176683e-05  2.07380275e-06  5.62176683e-05  7.48598917e-07  5.62176683e-05 -1.57969373e-05  5.62176683e-05  0.00000000e+00  5.62176683e-05  0.00000000e+00 
 5.63176683e-05  1.30307677e-02  5.63176683e-05  3.99530331e-01  5.63176683e-05  1.92104601e-06  5.63176683e-05 -7.46065579e-07  5.63176683e-05  1.58076538e-05  5.63176683e-05  0.00000000e+00  5.63176683e-05  0.00000000e+00 
 5.64176683e-05  1.29963687e-02  5.64176683e-05  3.99528637e-01  5.64176683e-05  2.07380465e-06  5.64176683e-05  7.48602755e-07  5.64176683e-05 -1.57969394e-05  5.64176683e-05  0.00000000e+00  5.64176683e-05  0.00000000e+00 
 5.65176683e-05  1.29623576e-02  5.65176683e-05  3.99528846e-01  5.65176683e-05  1.92104414e-06  5.65176683e-05 -7.46068671e-07  5.65176683e-05  1.58076087e-05  5.65176683e-05  0.00000000e+00  5.65176683e-05  0.00000000e+00 
 5.66176683e-05  1.29281869e-02  5.66176683e-05  3.99530102e-01  5.66176683e-05  2.07380649e-06  5.66176683e-05  7.48605137e-07  5.66176683e-05 -1.57969415e-05  5.66176683e-05  0.00000000e+00  5.66176683e-05  0.00000000e+00 
 5.67176683e-05  1.28943764e-02  5.67176683e-05  3.99527406e-01  5.67176683e-05  1.92104233e-06  5.67176683e-05 -7.46070368e-07  5.67176683e-05  1.58075639e-05  5.67176683e-05  0.00000000e+00  5.67176683e-05  0.00000000e+00 
 5.68176683e-05  1.28604322e-02  5.68176683e-05  3.99531518e-01  5.68176683e-05  2.07380827e-06  5.68176683e-05  7.48606183e-07  5.68176683e-05 -1.57969437e-05  5.68176683e-05  0.00000000e+00  5.68176683e-05  0.00000000e+00 
 5.69176683e-05  1.28268220e-02  5.69176683e-05  3.99526018e-01  5.69176683e-05  1.92104058e-06  5.69176683e-05 -7.46070788e-07  5.69176683e-05  1.58075192e-05  5.69176683e-05  0.00000000e+00  5.69176683e-05  0.00000000e+00 
 5.70176683e-05  1.27931027e-02  5.70176683e-05  3.99532880e-01  5.70176683e-05  2.07380999e-06  5.70176683e-05  7.48606012e-07  5.70176683e-05 -1.57969458e-05  5.70176683e-05  0.00000000e+00  5.70176683e-05  0.00000000e+00 
 5.71176683e-05  1.27596925e-02  5.71176683e-05  3.99524686e-01  5.71176683e-05  1.92103888e-06  5.71176683e-05 -7.46070048e-07  5.71176683e-05  1.58074748e-05  5.71176683e-05  0.00000000e+00  5.71176683e-05  0.00000000e+00 
 5.72176683e-05  1.27261964e-02  5.72176683e-05  3.99534183e-01  5.72176683e-05  2.07381166e-06  5.72176683e-05  7.48604737e-07  5.72176683e-05 -1.57969479e-05  5.72176683e-05  0.00000000e+00  5.72176683e-05  0.00000000e+00 
 5.73176683e-05  1.26929860e-02  5.73176683e-05  3.99523413e-01  5.73176683e-05  1.92103724e-06  5.73176683e-05 -7.46068260e-07  5.73176683e-05  1.58074305e-05  5.73176683e-05  0.00000000e+00  5.73176683e-05  0.00000000e+00 
 5.74176683e-05  1.26597115e-02  5.74176683e-05  3.99535428e-01  5.74176683e-05  2.07381328e-06  5.74176683e-05  7.48602467e-07  5.74176683e-05 -1.57969500e-05  5.74176683e-05  0.00000000e+00  5.74176683e-05  0.00000000e+00 
 5.75176683e-05  1.26267005e-02  5.75176683e-05  3.99522199e-01  5.75176683e-05  1.92103565e-06  5.75176683e-05 -7.46065527e-07  5.75176683e-05  1.58073864e-05  5.75176683e-05  0.00000000e+00  5.75176683e-05  0.00000000e+00 
 5.76176683e-05  1.25936459e-02  5.76176683e-05  3.99536614e-01  5.76176683e-05  2.07381484e-06  5.76176683e-05  7.48599301e-07  5.76176683e-05 -1.57969521e-05  5.76176683e-05  0.00000000e+00  5.76176683e-05  0.00000000e+00 
 5.77176683e-05  1.25608340e-02  5.77176683e-05  3.99521044e-01  5.77176683e-05  1.92103412e-06  5.77176683e-05 -7.46061947e-07  5.77176683e-05  1.58073426e-05  5.77176683e-05  0.00000000e+00  5.77176683e-05  0.00000000e+00 
 5.78176683e-05  1.25279978e-02  5.78176683e-05  3.99537742e-01  5.78176683e-05  2.07381635e-06  5.78176683e-05  7.48595334e-07  5.78176683e-05 -1.57969541e-05  5.78176683e-05  0.00000000e+00  5.78176683e-05  0.00000000e+00 
 5.79176683e-05  1.24953846e-02  5.79176683e-05  3.99519945e-01  5.79176683e-05  1.92103262e-06  5.79176683e-05 -7.46057609e-07  5.79176683e-05  1.58072988e-05  5.79176683e-05  0.00000000e+00  5.79176683e-05  0.00000000e+00 
 5.80176683e-05  1.24627652e-02  5.80176683e-05  3.99538813e-01  5.80176683e-05  2.07381782e-06  5.80176683e-05  7.48590650e-07  5.80176683e-05 -1.57969561e-05  5.80176683e-05  0.00000000e+00  5.80176683e-05  0.00000000e+00 
 5.81176683e-05  1.24303503e-02  5.81176683e-05  3.99518902e-01  5.81176683e-05  1.92103118e-06  5.81176683e-05 -7.46052594e-07  5.81176683e-05  1.58072553e-05  5.81176683e-05  0.00000000e+00  5.81176683e-05  0.00000000e+00 
 5.82176683e-05  1.23979463e-02  5.82176683e-05  3.99539831e-01  5.82176683e-05  2.07381924e-06  5.82176683e-05  7.48585328e-07  5.82176683e-05 -1.57969581e-05  5.82176683e-05  0.00000000e+00  5.82176683e-05  0.00000000e+00 
 5.83176683e-05  1.23657292e-02  5.83176683e-05  3.99517912e-01  5.83176683e-05  1.92102978e-06  5.83176683e-05 -7.46046977e-07  5.83176683e-05  1.58072119e-05  5.83176683e-05  0.00000000e+00  5.83176683e-05  0.00000000e+00 
 5.84176683e-05  1.23335391e-02  5.84176683e-05  3.99540795e-01  5.84176683e-05  2.07382062e-06  5.84176683e-05  7.48579439e-07  5.84176683e-05 -1.57969599e-05  5.84176683e-05  0.00000000e+00  5.84176683e-05  0.00000000e+00 
 5.85176683e-05  1.23015193e-02  5.85176683e-05  3.99516974e-01  5.85176683e-05  1.92102842e-06  5.85176683e-05 -7.46040827e-07  5.85176683e-05  1.58071687e-05  5.85176683e-05  0.00000000e+00  5.85176683e-05  0.00000000e+00 
 5.86176683e-05  1.22695418e-02  5.86176683e-05  3.99541710e-01  5.86176683e-05  2.07382196e-06  5.86176683e-05  7.48573048e-07  5.86176683e-05 -1.57969618e-05  5.86176683e-05  0.00000000e+00  5.86176683e-05  0.00000000e+00 
 5.87176683e-05  1.22377187e-02  5.87176683e-05  3.99516085e-01  5.87176683e-05  1.92102710e-06  5.87176683e-05 -7.46034205e-07  5.87176683e-05  1.58071256e-05  5.87176683e-05  0.00000000e+00  5.87176683e-05  0.00000000e+00 
 5.88176683e-05  1.22059522e-02  5.88176683e-05  3.99542576e-01  5.88176683e-05  2.07382326e-06  5.88176683e-05  7.48566214e-07  5.88176683e-05 -1.57969635e-05  5.88176683e-05  0.00000000e+00  5.88176683e-05  0.00000000e+00 
 5.89176683e-05  1.21743254e-02  5.89176683e-05  3.99515243e-01  5.89176683e-05  1.92102582e-06  5.89176683e-05 -7.46027167e-07  5.89176683e-05  1.58070827e-05  5.89176683e-05  0.00000000e+00  5.89176683e-05  0.00000000e+00 
 5.90176683e-05  1.21427687e-02  5.90176683e-05  3.99543396e-01  5.90176683e-05  2.07382453e-06  5.90176683e-05  7.48558990e-07  5.90176683e-05 -1.57969652e-05  5.90176683e-05  0.00000000e+00  5.90176683e-05  0.00000000e+00 
 5.91176683e-05  1.21113375e-02  5.91176683e-05  3.99514446e-01  5.91176683e-05  1.92102457e-06  5.91176683e-05 -7.46019765e-07  5.91176683e-05  1.58070399e-05  5.91176683e-05  0.00000000e+00  5.91176683e-05  0.00000000e+00 
 5.92176683e-05  1.20799891e-02  5.92176683e-05  3.99544172e-01  5.92176683e-05  2.07382576e-06  5.92176683e-05  7.48551426e-07  5.92176683e-05 -1.57969669e-05  5.92176683e-05  0.00000000e+00  5.92176683e-05  0.00000000e+00 
 5.93176683e-05  1.20487531e-02  5.93176683e-05  3.99513692e-01  5.93176683e-05  1.92102336e-06  5.93176683e-05 -7.46012044e-07  5.93176683e-05  1.58069973e-05  5.93176683e-05  0.00000000e+00  5.93176683e-05  0.00000000e+00 
 5.94176683e-05  1.20176117e-02  5.94176683e-05  3.99544906e-01  5.94176683e-05  2.07382696e-06  5.94176683e-05  7.48543565e-07  5.94176683e-05 -1.57969684e-05  5.94176683e-05  0.00000000e+00  5.94176683e-05  0.00000000e+00 
 5.95176683e-05  1.19865701e-02  5.95176683e-05  3.99512979e-01  5.95176683e-05  1.92102218e-06  5.95176683e-05 -7.46004048e-07  5.95176683e-05  1.58069547e-05  5.95176683e-05  0.00000000e+00  5.95176683e-05  0.00000000e+00 
 5.96176683e-05  1.19556345e-02  5.96176683e-05  3.99545600e-01  5.96176683e-05  2.07382812e-06  5.96176683e-05  7.48535447e-07  5.96176683e-05 -1.57969699e-05  5.96176683e-05  0.00000000e+00  5.96176683e-05  0.00000000e+00 
 5.97176683e-05  1.19247867e-02  5.97176683e-05  3.99512305e-01  5.97176683e-05  1.92102103e-06  5.97176683e-05 -7.45995813e-07  5.97176683e-05  1.58069124e-05  5.97176683e-05  0.00000000e+00  5.97176683e-05  0.00000000e+00 
 5.98176683e-05  1.18940556e-02  5.98176683e-05  3.99546256e-01  5.98176683e-05  2.07382925e-06  5.98176683e-05  7.48527108e-07  5.98176683e-05 -1.57969713e-05  5.98176683e-05  0.00000000e+00  5.98176683e-05  0.00000000e+00 
 5.99176683e-05  1.18634010e-02  5.99176683e-05  3.99511668e-01  5.99176683e-05  1.92101991e-06  5.99176683e-05 -7.45987373e-07  5.99176683e-05  1.58068701e-05  5.99176683e-05  0.00000000e+00  5.99176683e-05  0.00000000e+00 
 6.00176683e-05  1.18328730e-02  6.00176683e-05  3.99546876e-01  6.00176683e-05  2.07383036e-06  6.00176683e-05  7.48518581e-07  6.00176683e-05 -1.57969725e-05  6.00176683e-05  0.00000000e+00  6.00176683e-05  0.00000000e+00 
 6.01176683e-05  1.18024109e-02  6.01176683e-05  3.99511066e-01  6.01176683e-05  1.92101881e-06  6.01176683e-05 -7.45978761e-07  6.01176683e-05  1.58068279e-05  6.01176683e-05  0.00000000e+00  6.01176683e-05  0.00000000e+00 
 6.02176683e-05  1.17720848e-02  6.02176683e-05  3.99547462e-01  6.02176683e-05  2.07383144e-06  6.02176683e-05  7.48509895e-07  6.02176683e-05 -1.57969737e-05  6.02176683e-05  0.00000000e+00  6.02176683e-05  0.00000000e+00 
 6.03176683e-05  1.17418145e-02  6.03176683e-05  3.99510497e-01  6.03176683e-05  1.92101775e-06  6.03176683e-05 -7.45970003e-07  6.03176683e-05  1.58067859e-05  6.03176683e-05  0.00000000e+00  6.03176683e-05  0.00000000e+00 
 6.04176683e-05  1.17116892e-02  6.04176683e-05  3.99548015e-01  6.04176683e-05  2.07383249e-06  6.04176683e-05  7.48501076e-07  6.04176683e-05 -1.57969748e-05  6.04176683e-05  0.00000000e+00  6.04176683e-05  0.00000000e+00 
 6.05176683e-05  1.16816100e-02  6.05176683e-05  3.99509961e-01  6.05176683e-05  1.92101671e-06  6.05176683e-05 -7.45961125e-07  6.05176683e-05  1.58067440e-05  6.05176683e-05  0.00000000e+00  6.05176683e-05  0.00000000e+00 
 6.06176683e-05  1.16516842e-02  6.06176683e-05  3.99548537e-01  6.06176683e-05  2.07383352e-06  6.06176683e-05  7.48492149e-07  6.06176683e-05 -1.57969758e-05  6.06176683e-05  0.00000000e+00  6.06176683e-05  0.00000000e+00 
 6.07176683e-05  1.16217954e-02  6.07176683e-05  3.99509454e-01  6.07176683e-05  1.92101569e-06  6.07176683e-05 -7.45952150e-07  6.07176683e-05  1.58067022e-05  6.07176683e-05  0.00000000e+00  6.07176683e-05  0.00000000e+00 
 6.08176683e-05  1.15920679e-02  6.08176683e-05  3.99549030e-01  6.08176683e-05  2.07383453e-06  6.08176683e-05  7.48483136e-07  6.08176683e-05 -1.57969767e-05  6.08176683e-05  0.00000000e+00  6.08176683e-05  0.00000000e+00 
 6.09176683e-05  1.15623687e-02  6.09176683e-05  3.99508976e-01  6.09176683e-05  1.92101470e-06  6.09176683e-05 -7.45943098e-07  6.09176683e-05  1.58066605e-05  6.09176683e-05  0.00000000e+00  6.09176683e-05  0.00000000e+00 
 6.10176683e-05  1.15328383e-02  6.10176683e-05  3.99549495e-01  6.10176683e-05  2.07383551e-06  6.10176683e-05  7.48474055e-07  6.10176683e-05 -1.57969775e-05  6.10176683e-05  0.00000000e+00  6.10176683e-05  0.00000000e+00 
 6.11176683e-05  1.15033281e-02  6.11176683e-05  3.99508525e-01  6.11176683e-05  1.92101373e-06  6.11176683e-05 -7.45933988e-07  6.11176683e-05  1.58066189e-05  6.11176683e-05  0.00000000e+00  6.11176683e-05  0.00000000e+00 
 6.12176683e-05  1.14739937e-02  6.12176683e-05  3.99549933e-01  6.12176683e-05  2.07383647e-06  6.12176683e-05  7.48464924e-07  6.12176683e-05 -1.57969782e-05  6.12176683e-05  0.00000000e+00  6.12176683e-05  0.00000000e+00 
 6.13176683e-05  1.14446716e-02  6.13176683e-05  3.99508100e-01  6.13176683e-05  1.92101277e-06  6.13176683e-05 -7.45924836e-07  6.13176683e-05  1.58065774e-05  6.13176683e-05  0.00000000e+00  6.13176683e-05  0.00000000e+00 
 6.14176683e-05  1.14155320e-02  6.14176683e-05  3.99550347e-01  6.14176683e-05  2.07383741e-06  6.14176683e-05  7.48455760e-07  6.14176683e-05 -1.57969787e-05  6.14176683e-05  0.00000000e+00  6.14176683e-05  0.00000000e+00 
 6.15176683e-05  1.13863973e-02  6.15176683e-05  3.99507700e-01  6.15176683e-05  1.92101184e-06  6.15176683e-05 -7.45915657e-07  6.15176683e-05  1.58065360e-05  6.15176683e-05  0.00000000e+00  6.15176683e-05  0.00000000e+00 
 6.16176683e-05  1.13574513e-02  6.16176683e-05  3.99550736e-01  6.16176683e-05  2.07383833e-06  6.16176683e-05  7.48446575e-07  6.16176683e-05 -1.57969792e-05  6.16176683e-05  0.00000000e+00  6.16176683e-05  0.00000000e+00 
 6.17176683e-05  1.13285033e-02  6.17176683e-05  3.99507322e-01  6.17176683e-05  1.92101093e-06  6.17176683e-05 -7.45906465e-07  6.17176683e-05  1.58064947e-05  6.17176683e-05  0.00000000e+00  6.17176683e-05  0.00000000e+00 
 6.18176683e-05  1.12997498e-02  6.18176683e-05  3.99551103e-01  6.18176683e-05  2.07383923e-06  6.18176683e-05  7.48437382e-07  6.18176683e-05 -1.57969795e-05  6.18176683e-05  0.00000000e+00  6.18176683e-05  0.00000000e+00 
 6.19176683e-05  1.12709876e-02  6.19176683e-05  3.99506967e-01  6.19176683e-05  1.92101004e-06  6.19176683e-05 -7.45897271e-07  6.19176683e-05  1.58064535e-05  6.19176683e-05  0.00000000e+00  6.19176683e-05  0.00000000e+00 
 6.20176683e-05  1.12424256e-02  6.20176683e-05  3.99551448e-01  6.20176683e-05  2.07384012e-06  6.20176683e-05  7.48428194e-07  6.20176683e-05 -1.57969798e-05  6.20176683e-05  0.00000000e+00  6.20176683e-05  0.00000000e+00 
 6.21176683e-05  1.12138484e-02  6.21176683e-05  3.99506632e-01  6.21176683e-05  1.92100916e-06  6.21176683e-05 -7.45888086e-07  6.21176683e-05  1.58064124e-05  6.21176683e-05  0.00000000e+00  6.21176683e-05  0.00000000e+00 
 6.22176683e-05  1.11854767e-02  6.22176683e-05  3.99551774e-01  6.22176683e-05  2.07384099e-06  6.22176683e-05  7.48419019e-07  6.22176683e-05 -1.57969799e-05  6.22176683e-05  0.00000000e+00  6.22176683e-05  0.00000000e+00 
 6.23176683e-05  1.11570838e-02  6.23176683e-05  3.99506317e-01  6.23176683e-05  1.92100830e-06  6.23176683e-05 -7.45878919e-07  6.23176683e-05  1.58063713e-05  6.23176683e-05  0.00000000e+00  6.23176683e-05  0.00000000e+00 
 6.24176683e-05  1.11289012e-02  6.24176683e-05  3.99552080e-01  6.24176683e-05  2.07384184e-06  6.24176683e-05  7.48409867e-07  6.24176683e-05 -1.57969799e-05  6.24176683e-05  0.00000000e+00  6.24176683e-05  0.00000000e+00 
 6.25176683e-05  1.11006917e-02  6.25176683e-05  3.99506021e-01  6.25176683e-05  1.92100745e-06  6.25176683e-05 -7.45869780e-07  6.25176683e-05  1.58063304e-05  6.25176683e-05  0.00000000e+00  6.25176683e-05  0.00000000e+00 
 6.26176683e-05  1.10726973e-02  6.26176683e-05  3.99552368e-01  6.26176683e-05  2.07384268e-06  6.26176683e-05  7.48400746e-07  6.26176683e-05 -1.57969797e-05  6.26176683e-05  0.00000000e+00  6.26176683e-05  0.00000000e+00 
 6.27176683e-05  1.10446704e-02  6.27176683e-05  3.99505742e-01  6.27176683e-05  1.92100663e-06  6.27176683e-05 -7.45860675e-07  6.27176683e-05  1.58062895e-05  6.27176683e-05  0.00000000e+00  6.27176683e-05  0.00000000e+00 
 6.28176683e-05  1.10168630e-02  6.28176683e-05  3.99552638e-01  6.28176683e-05  2.07384350e-06  6.28176683e-05  7.48391663e-07  6.28176683e-05 -1.57969795e-05  6.28176683e-05  0.00000000e+00  6.28176683e-05  0.00000000e+00 
 6.29176683e-05  1.09890180e-02  6.29176683e-05  3.99505480e-01  6.29176683e-05  1.92100581e-06  6.29176683e-05 -7.45851611e-07  6.29176683e-05  1.58062488e-05  6.29176683e-05  0.00000000e+00  6.29176683e-05  0.00000000e+00 
 6.30176683e-05  1.09613965e-02  6.30176683e-05  3.99552893e-01  6.30176683e-05  2.07384431e-06  6.30176683e-05  7.48382624e-07  6.30176683e-05 -1.57969791e-05  6.30176683e-05  0.00000000e+00  6.30176683e-05  0.00000000e+00 
 6.31176683e-05  1.09337324e-02  6.31176683e-05  3.99505234e-01  6.31176683e-05  1.92100501e-06  6.31176683e-05 -7.45842594e-07  6.31176683e-05  1.58062081e-05  6.31176683e-05  0.00000000e+00  6.31176683e-05  0.00000000e+00 
 6.32176683e-05  1.09062958e-02  6.32176683e-05  3.99553132e-01  6.32176683e-05  2.07384511e-06  6.32176683e-05  7.48373635e-07  6.32176683e-05 -1.57969786e-05  6.32176683e-05  0.00000000e+00  6.32176683e-05  0.00000000e+00 
 6.33176683e-05  1.08788119e-02  6.33176683e-05  3.99505003e-01  6.33176683e-05  1.92100422e-06  6.33176683e-05 -7.45833629e-07  6.33176683e-05  1.58061675e-05  6.33176683e-05  0.00000000e+00  6.33176683e-05  0.00000000e+00 
 6.34176683e-05  1.08515592e-02  6.34176683e-05  3.99553356e-01  6.34176683e-05  2.07384589e-06  6.34176683e-05  7.48364700e-07  6.34176683e-05 -1.57969780e-05  6.34176683e-05  0.00000000e+00  6.34176683e-05  0.00000000e+00 
 6.35176683e-05  1.08242545e-02  6.35176683e-05  3.99504786e-01  6.35176683e-05  1.92100344e-06  6.35176683e-05 -7.45824720e-07  6.35176683e-05  1.58061270e-05  6.35176683e-05  0.00000000e+00  6.35176683e-05  0.00000000e+00 
 6.36176683e-05  1.07971846e-02  6.36176683e-05  3.99553567e-01  6.36176683e-05  2.07384666e-06  6.36176683e-05  7.48355823e-07  6.36176683e-05 -1.57969772e-05  6.36176683e-05  0.00000000e+00  6.36176683e-05  0.00000000e+00 
 6.37176683e-05  1.07700584e-02  6.37176683e-05  3.99504583e-01  6.37176683e-05  1.92100267e-06  6.37176683e-05 -7.45815872e-07  6.37176683e-05  1.58060866e-05  6.37176683e-05  0.00000000e+00  6.37176683e-05  0.00000000e+00 
 6.38176683e-05  1.07431702e-02  6.38176683e-05  3.99553764e-01  6.38176683e-05  2.07384742e-06  6.38176683e-05  7.48347008e-07  6.38176683e-05 -1.57969763e-05  6.38176683e-05  0.00000000e+00  6.38176683e-05  0.00000000e+00 
 6.39176683e-05  1.07162217e-02  6.39176683e-05  3.99504392e-01  6.39176683e-05  1.92100192e-06  6.39176683e-05 -7.45807087e-07  6.39176683e-05  1.58060462e-05  6.39176683e-05  0.00000000e+00  6.39176683e-05  0.00000000e+00 
 6.40176683e-05  1.06895142e-02  6.40176683e-05  3.99553950e-01  6.40176683e-05  2.07384817e-06  6.40176683e-05  7.48338259e-07  6.40176683e-05 -1.57969753e-05  6.40176683e-05  0.00000000e+00  6.40176683e-05  0.00000000e+00 
 6.41176683e-05  1.06627424e-02  6.41176683e-05  3.99504213e-01  6.41176683e-05  1.92100118e-06  6.41176683e-05 -7.45798369e-07  6.41176683e-05  1.58060059e-05  6.41176683e-05  0.00000000e+00  6.41176683e-05  0.00000000e+00 
 6.42176683e-05  1.06362147e-02  6.42176683e-05  3.99554123e-01  6.42176683e-05  2.07384891e-06  6.42176683e-05  7.48329577e-07  6.42176683e-05 -1.57969742e-05  6.42176683e-05  0.00000000e+00  6.42176683e-05  0.00000000e+00 
 6.43176683e-05  1.06096188e-02  6.43176683e-05  3.99504046e-01  6.43176683e-05  1.92100045e-06  6.43176683e-05 -7.45789720e-07  6.43176683e-05  1.58059657e-05  6.43176683e-05  0.00000000e+00  6.43176683e-05  0.00000000e+00 
 6.44176683e-05  1.05832697e-02  6.44176683e-05  3.99554286e-01  6.44176683e-05  2.07384963e-06  6.44176683e-05  7.48320965e-07  6.44176683e-05 -1.57969729e-05  6.44176683e-05  0.00000000e+00  6.44176683e-05  0.00000000e+00 
 6.45176683e-05  1.05568488e-02  6.45176683e-05  3.99503889e-01  6.45176683e-05  1.92099972e-06  6.45176683e-05 -7.45781142e-07  6.45176683e-05  1.58059256e-05  6.45176683e-05  0.00000000e+00  6.45176683e-05  0.00000000e+00 
 6.46176683e-05  1.05306774e-02  6.46176683e-05  3.99554438e-01  6.46176683e-05  2.07385035e-06  6.46176683e-05  7.48312425e-07  6.46176683e-05 -1.57969715e-05  6.46176683e-05  0.00000000e+00  6.46176683e-05  0.00000000e+00 
 6.47176683e-05  1.05044308e-02  6.47176683e-05  3.99503743e-01  6.47176683e-05  1.92099901e-06  6.47176683e-05 -7.45772636e-07  6.47176683e-05  1.58058855e-05  6.47176683e-05  0.00000000e+00  6.47176683e-05  0.00000000e+00 
 6.48176683e-05  1.04784360e-02  6.48176683e-05  3.99554580e-01  6.48176683e-05  2.07385106e-06  6.48176683e-05  7.48303958e-07  6.48176683e-05 -1.57969700e-05  6.48176683e-05  0.00000000e+00  6.48176683e-05  0.00000000e+00 
 6.49088342e-05  1.04546553e-02  6.49088342e-05  3.99503599e-01  6.49088342e-05  1.92099827e-06  6.49088342e-05 -7.45763798e-07  6.49088342e-05  1.58058453e-05  6.49088342e-05  0.00000000e+00  6.49088342e-05  0.00000000e+00 
 6.50000000e-05  1.04311140e-02  6.50000000e-05  3.99554725e-01  6.50000000e-05  2.07385183e-06  6.50000000e-05  7.48294756e-07  6.50000000e-05 -1.57969645e-05  6.50000000e-05  0.00000000e+00  6.50000000e-05  0.00000000e+00 
 6.50000010e-05  1.04342090e-02  6.50000010e-05  4.00480043e-01  6.50000010e-05  1.78549821e-06  6.50000010e-05  2.96212411e-06  6.50000010e-05 -1.24289834e-06  6.50000010e-05  1.20000000e-01  6.50000010e-05  0.00000000e+00 
 6.50000030e-05  1.04409011e-02  6.50000030e-05  4.02376717e-01  6.50000030e-05  1.76343021e-06  6.50000030e-05  2.90492370e-06  6.50000030e-05 -2.25626790e-07  6.50000030e-05  3.60000000e-01  6.50000030e-05  0.00000000e+00 
 6.50000065e-05  1.04512301e-02  6.50000065e-05  4.05085228e-01  6.50000065e-05  1.85806806e-06  6.50000065e-05  5.36654804e-07  6.50000065e-05 -8.87246775e-07  6.50000065e-05  7.80000000e-01  6.50000065e-05  0.00000000e+00 
 6.50000100e-05  1.04585663e-02  6.50000100e-05  4.06800828e-01  6.50000100e-05  1.88973908e-06  6.50000100e-05 -6.48337619e-07  6.50000100e-05  1.49571594e-07  6.50000100e-05  1.20000000e+00  6.50000100e-05  0.00000000e+00 
 6.50000107e-05  1.04581340e-02  6.50000107e-05  4.06558834e-01  6.50000107e-05  2.05972765e-06  6.50000107e-05 -3.29078267e-06  6.50000107e-05  2.75686386e-07  6.50000107e-05  1.20000000e+00  6.50000107e-05  0.00000000e+00 
 6.50000121e-05  1.04570173e-02  6.50000121e-05  4.06067666e-01  6.50000121e-05  2.07612131e-06  6.50000121e-05 -3.63510769e-06  6.50000121e-05  2.98770090e-07  6.50000121e-05  1.20000000e+00  6.50000121e-05  0.00000000e+00 
 6.50000149e-05  1.04547497e-02  6.50000149e-05  4.05203258e-01  6.50000149e-05  2.04470659e-06  6.50000149e-05 -2.64342626e-06  6.50000149e-05  2.11528583e-07  6.50000149e-05  1.20000000e+00  6.50000149e-05  0.00000000e+00 
 6.50000205e-05  1.04501675e-02  6.50000205e-05  4.03699896e-01  6.50000205e-05  2.06120707e-06  6.50000205e-05 -2.31227039e-06  6.50000205e-05  2.25970897e-07  6.50000205e-05  1.20000000e+00  6.50000205e-05  0.00000000e+00 
 6.50000317e-05  1.04375237e-02  6.50000317e-05  4.00214221e-01  6.50000317e-05  2.07384934e-06  6.50000317e-05 -7.91468801e-07  6.50000317e-05  2.66382496e-07  6.50000317e-05  1.20000000e+00  6.50000317e-05  0.00000000e+00 
 6.50000541e-05  1.03896954e-02  6.50000541e-05  3.85937450e-01  6.50000541e-05  2.23778479e-06  6.50000541e-05  9.17109919e-07  6.50000541e-05  7.15929054e-07  6.50000541e-05  1.20000000e+00  6.50000541e-05  0.00000000e+00 
 6.50000848e-05  1.03506535e-02  6.50000848e-05  3.69559385e-01  6.50000848e-05  2.05859560e-06  6.50000848e-05  5.53229090e-06  6.50000848e-05  1.14122004e-07  6.50000848e-05  1.20000000e+00  6.50000848e-05  0.00000000e+00 
 6.50001187e-05  1.03682378e-02  6.50001187e-05  3.59386630e-01  6.50001187e-05  2.13895854e-06  6.50001187e-05  2.20865067e-06  6.50001187e-05  3.60940491e-07  6.50001187e-05  1.20000000e+00  6.50001187e-05  0.00000000e+00 
 6.50001865e-05  1.04557266e-02  6.50001865e-05  3.46526610e-01  6.50001865e-05  1.99737042e-06  6.50001865e-05  2.95318246e-06  6.50001865e-05 -4.68618434e-08  6.50001865e-05  1.20000000e+00  6.50001865e-05  0.00000000e+00 
 6.50002524e-05  1.05430059e-02  6.50002524e-05  3.38889424e-01  6.50002524e-05  2.08882127e-06  6.50002524e-05  6.34361082e-07  6.50002524e-05  2.45912819e-07  6.50002524e-05  1.20000000e+00  6.50002524e-05  0.00000000e+00 
 6.50003842e-05  1.06743917e-02  6.50003842e-05  3.30979696e-01  6.50003842e-05  1.95416229e-06  6.50003842e-05  2.31311758e-06  6.50003842e-05 -1.36640508e-07  6.50003842e-05  1.20000000e+00  6.50003842e-05  0.00000000e+00 
 6.50006055e-05  1.08135174e-02  6.50006055e-05  3.29932770e-01  6.50006055e-05  2.04405852e-06  6.50006055e-05  1.64042357e-07  6.50006055e-05  1.51423420e-07  6.50006055e-05  1.20000000e+00  6.50006055e-05  0.00000000e+00 
 6.50010481e-05  1.09522163e-02  6.50010481e-05  3.39423011e-01  6.50010481e-05  1.93006567e-06  6.50010481e-05  1.90054391e-06  6.50010481e-05 -1.83081311e-07  6.50010481e-05  1.20000000e+00  6.50010481e-05  0.00000000e+00 
 6.50017026e-05  1.10418091e-02  6.50017026e-05  3.52725180e-01  6.50017026e-05  2.04451389e-06  6.50017026e-05 -1.99654206e-07  6.50017026e-05  1.54821283e-07  6.50017026e-05  1.20000000e+00  6.50017026e-05  0.00000000e+00 
 6.50027536e-05  1.11264121e-02  6.50027536e-05  3.64972378e-01  6.50027536e-05  1.93983900e-06  6.50027536e-05  1.63358146e-06  6.50027536e-05 -1.62788821e-07  6.50027536e-05  1.20000000e+00  6.50027536e-05  0.00000000e+00 
 6.50046851e-05  1.12508423e-02  6.50046851e-05  3.77565937e-01  6.50046851e-05  2.05054413e-06  6.50046851e-05 -3.51736301e-07  6.50046851e-05  1.66451060e-07  6.50046851e-05  1.20000000e+00  6.50046851e-05  0.00000000e+00 
 6.50085480e-05  1.14789157e-02  6.50085480e-05  3.90708003e-01  6.50085480e-05  1.94272001e-06  6.50085480e-05  1.59694797e-06  6.50085480e-05 -1.58902377e-07  6.50085480e-05  1.20000000e+00  6.50085480e-05  0.00000000e+00 
 6.50162739e-05  1.19311168e-02  6.50162739e-05  3.98647665e-01  6.50162739e-05  2.05215334e-06  6.50162739e-05 -3.45916217e-07  6.50162739e-05  1.68085059e-07  6.50162739e-05  1.20000000e+00  6.50162739e-05  0.00000000e+00 
 6.50317257e-05  1.28268213e-02  6.50317257e-05  3.99712482e-01  6.50317257e-05  1.94290811e-06  6.50317257e-05  1.60339226e-06  6.50317257e-05 -1.57871152e-07  6.50317257e-05  1.20000000e+00  6.50317257e-05  0.00000000e+00 
 6.50589953e-05  1.43902462e-02  6.50589953e-05  3.99452894e-01  6.50589953e-05  2.05192965e-06  6.50589953e-05 -3.42792173e-07  6.50589953e-05  1.68998599e-07  6.50589953e-05  1.20000000e+00  6.50589953e-05  0.00000000e+00 
 6.51135345e-05  1.74904927e-02  6.51135345e-05  3.99593537e-01  6.51135345e-05  1.94292199e-06  6.51135345e-05  1.60370689e-06  6.51135345e-05 -1.56362843e-07  6.51135345e-05  1.20000000e+00  6.51135345e-05  0.00000000e+00 
 6.52135345e-05  2.31607928e-02  6.52135345e-05  3.99486233e-01  6.52135345e-05  2.05192684e-06  6.52135345e-05 -3.41043402e-07  6.52135345e-05  1.71598993e-07  6.52135345e-05  1.20000000e+00  6.52135345e-05  0.00000000e+00 
 6.53135345e-05  2.88264060e-02  6.53135345e-05  3.99573888e-01  6.53135345e-05  1.94292322e-06  6.53135345e-05  1.60548516e-06  6.53135345e-05 -1.53349672e-07  6.53135345e-05  1.20000000e+00  6.53135345e-05  0.00000000e+00 
 6.54135345e-05  3.44883511e-02  6.54135345e-05  3.99500995e-01  6.54135345e-05  2.05192591e-06  6.54135345e-05 -3.39161335e-07  6.54135345e-05  1.74206844e-07  6.54135345e-05  1.20000000e+00  6.54135345e-05  0.00000000e+00 
 6.55135345e-05  4.01472872e-02  6.55135345e-05  3.99559813e-01  6.55135345e-05  1.94292392e-06  6.55135345e-05  1.60703127e-06  6.55135345e-05 -1.51092020e-07  6.55135345e-05  1.20000000e+00  6.55135345e-05  0.00000000e+00 
 6.56135345e-05  4.58045400e-02  6.56135345e-05  3.99511444e-01  6.56135345e-05  2.05192534e-06  6.56135345e-05 -3.37538913e-07  6.56135345e-05  1.76170184e-07  6.56135345e-05  1.20000000e+00  6.56135345e-05  0.00000000e+00 
 6.57135345e-05  5.14602321e-02  6.57135345e-05  3.99549573e-01  6.57135345e-05  1.94292439e-06  6.57135345e-05  1.60836764e-06  6.57135345e-05 -1.49383161e-07  6.57135345e-05  1.20000000e+00  6.57135345e-05  0.00000000e+00 
 6.58135345e-05  5.71153525e-02  6.58135345e-05  3.99518956e-01  6.58135345e-05  2.05192492e-06  6.58135345e-05 -3.36144953e-07  6.58135345e-05  1.77664200e-07  6.58135345e-05  1.20000000e+00  6.58135345e-05  0.00000000e+00 
 6.59135345e-05  6.27698798e-02  6.59135345e-05  3.99542011e-01  6.59135345e-05  1.94292477e-06  6.59135345e-05  1.60951829e-06  6.59135345e-05 -1.48074889e-07  6.59135345e-05  1.20000000e+00  6.59135345e-05  0.00000000e+00 
 6.60135345e-05  6.84244862e-02  6.60135345e-05  3.99524444e-01  6.60135345e-05  2.05192453e-06  6.60135345e-05 -3.34949506e-07  6.60135345e-05  1.78814790e-07  6.60135345e-05  1.20000000e+00  6.60135345e-05  0.00000000e+00 
 6.61135345e-05  7.40791019e-02  6.61135345e-05  3.99536344e-01  6.61135345e-05  1.94292515e-06  6.61135345e-05  1.61050754e-06  6.61135345e-05 -1.47060218e-07  6.61135345e-05  1.20000000e+00  6.61135345e-05  0.00000000e+00 
 6.62135345e-05  7.97341621e-02  6.62135345e-05  3.99528521e-01  6.62135345e-05  2.05192412e-06  6.62135345e-05 -3.33924195e-07  6.62135345e-05  1.79713347e-07  6.62135345e-05  1.20000000e+00  6.62135345e-05  0.00000000e+00 
 6.63135345e-05  8.53895860e-02  6.63135345e-05  3.99532042e-01  6.63135345e-05  1.94292557e-06  6.63135345e-05  1.61135904e-06  6.63135345e-05 -1.46260956e-07  6.63135345e-05  1.20000000e+00  6.63135345e-05  0.00000000e+00 
 6.64135345e-05  9.10456376e-02  6.64135345e-05  3.99531600e-01  6.64135345e-05  2.05192367e-06  6.64135345e-05 -3.33042590e-07  6.64135345e-05  1.80427184e-07  6.64135345e-05  1.20000000e+00  6.64135345e-05  0.00000000e+00 
 6.65135345e-05  9.67022433e-02  6.65135345e-05  3.99528736e-01  6.65135345e-05  1.94292604e-06  6.65135345e-05  1.61209512e-06  6.65135345e-05 -1.45619062e-07  6.65135345e-05  1.20000000e+00  6.65135345e-05  0.00000000e+00 
 6.66135345e-05  1.02359544e-01  6.66135345e-05  3.99533965e-01  6.66135345e-05  2.05192317e-06  6.66135345e-05 -3.32280500e-07  6.66135345e-05  1.81006633e-07  6.66135345e-05  1.20000000e+00  6.66135345e-05  0.00000000e+00 
 6.67135345e-05  1.08017482e-01  6.67135345e-05  3.99526170e-01  6.67135345e-05  1.94292655e-06  6.67135345e-05  1.61273629e-06  6.67135345e-05 -1.45090891e-07  6.67135345e-05  1.20000000e+00  6.67135345e-05  0.00000000e+00 
 6.68135345e-05  1.13676112e-01  6.68135345e-05  3.99535808e-01  6.68135345e-05  2.05192262e-06  6.68135345e-05 -3.31616193e-07  6.68135345e-05  1.81489674e-07  6.68135345e-05  1.20000000e+00  6.68135345e-05  0.00000000e+00 
 6.69135345e-05  1.19335394e-01  6.69135345e-05  3.99524162e-01  6.69135345e-05  1.94292711e-06  6.69135345e-05  1.61330092e-06  6.69135345e-05 -1.44643497e-07  6.69135345e-05  1.20000000e+00  6.69135345e-05  0.00000000e+00 
 6.70135345e-05  1.24995322e-01  6.70135345e-05  3.99537265e-01  6.70135345e-05  2.05192204e-06  6.70135345e-05 -3.31030522e-07  6.70135345e-05  1.81904887e-07  6.70135345e-05  1.20000000e+00  6.70135345e-05  0.00000000e+00 
 6.71135345e-05  1.30655879e-01  6.71135345e-05  3.99522581e-01  6.71135345e-05  1.94292771e-06  6.71135345e-05  1.61380506e-06  6.71135345e-05 -1.44252263e-07  6.71135345e-05  1.20000000e+00  6.71135345e-05  0.00000000e+00 
 6.72135345e-05  1.36317016e-01  6.72135345e-05  3.99538431e-01  6.72135345e-05  2.05192142e-06  6.72135345e-05 -3.30506969e-07  6.72135345e-05  1.82273409e-07  6.72135345e-05  1.20000000e+00  6.72135345e-05  0.00000000e+00 
 6.73135345e-05  1.41978798e-01  6.73135345e-05  3.99521382e-01  6.73135345e-05  1.94292834e-06  6.73135345e-05  1.61428099e-06  6.73135345e-05 -1.43895601e-07  6.73135345e-05  1.20000000e+00  6.73135345e-05  0.00000000e+00 
 6.74135345e-05  1.47641057e-01  6.74135345e-05  3.99539368e-01  6.74135345e-05  2.05192076e-06  6.74135345e-05 -3.30037618e-07  6.74135345e-05  1.82613406e-07  6.74135345e-05  1.20000000e+00  6.74135345e-05  0.00000000e+00 
 6.75135345e-05  1.53303827e-01  6.75135345e-05  3.99520395e-01  6.75135345e-05  1.94292901e-06  6.75135345e-05  1.61469743e-06  6.75135345e-05 -1.43569292e-07  6.75135345e-05  1.20000000e+00  6.75135345e-05  0.00000000e+00 
 6.76135345e-05  1.58967055e-01  6.76135345e-05  3.99540123e-01  6.76135345e-05  2.05192009e-06  6.76135345e-05 -3.29596965e-07  6.76135345e-05  1.82928525e-07  6.76135345e-05  1.20000000e+00  6.76135345e-05  0.00000000e+00 
 6.77135345e-05  1.64630745e-01  6.77135345e-05  3.99519606e-01  6.77135345e-05  1.94292969e-06  6.77135345e-05  1.61508900e-06  6.77135345e-05 -1.43259366e-07  6.77135345e-05  1.20000000e+00  6.77135345e-05  0.00000000e+00 
 6.78135345e-05  1.70294834e-01  6.78135345e-05  3.99540745e-01  6.78135345e-05  2.05191940e-06  6.78135345e-05 -3.29184691e-07  6.78135345e-05  1.83230216e-07  6.78135345e-05  1.20000000e+00  6.78135345e-05  0.00000000e+00 
 6.79135345e-05  1.75959341e-01  6.79135345e-05  3.99518975e-01  6.79135345e-05  1.94293039e-06  6.79135345e-05  1.61546256e-06  6.79135345e-05 -1.42960158e-07  6.79135345e-05  1.20000000e+00  6.79135345e-05  0.00000000e+00 
 6.80135345e-05  1.81624198e-01  6.80135345e-05  3.99541259e-01  6.80135345e-05  2.05191870e-06  6.80135345e-05 -3.28793431e-07  6.80135345e-05  1.83523068e-07  6.80135345e-05  1.20000000e+00  6.80135345e-05  0.00000000e+00 
 6.81135345e-05  1.87289436e-01  6.81135345e-05  3.99518474e-01  6.81135345e-05  1.94293111e-06  6.81135345e-05  1.61582330e-06  6.81135345e-05 -1.42667998e-07  6.81135345e-05  1.20000000e+00  6.81135345e-05  0.00000000e+00 
 6.82135345e-05  1.92954989e-01  6.82135345e-05  3.99541683e-01  6.82135345e-05  2.05191798e-06  6.82135345e-05 -3.28417591e-07  6.82135345e-05  1.83810034e-07  6.82135345e-05  1.20000000e+00  6.82135345e-05  0.00000000e+00 
 6.83135345e-05  1.98620891e-01  6.83135345e-05  3.99518079e-01  6.83135345e-05  1.94293183e-06  6.83135345e-05  1.61617506e-06  6.83135345e-05 -1.42380551e-07  6.83135345e-05  1.20000000e+00  6.83135345e-05  0.00000000e+00 
 6.84135345e-05  2.04287084e-01  6.84135345e-05  3.99542034e-01  6.84135345e-05  2.05191726e-06  6.84135345e-05 -3.28053022e-07  6.84135345e-05  1.84092981e-07  6.84135345e-05  1.20000000e+00  6.84135345e-05  0.00000000e+00 
 6.85135345e-05  2.09953598e-01  6.85135345e-05  3.99517772e-01  6.85135345e-05  1.94293255e-06  6.85135345e-05  1.61652062e-06  6.85135345e-05 -1.42096356e-07  6.85135345e-05  1.20000000e+00  6.85135345e-05  0.00000000e+00 
 6.86135345e-05  2.15620388e-01  6.86135345e-05  3.99542325e-01  6.86135345e-05  2.05191654e-06  6.86135345e-05 -3.27696705e-07  6.86135345e-05  1.84373074e-07  6.86135345e-05  1.20000000e+00  6.86135345e-05  0.00000000e+00 
 6.87135345e-05  2.21287475e-01  6.87135345e-05  3.99517538e-01  6.87135345e-05  1.94293329e-06  6.87135345e-05  1.61686191e-06  6.87135345e-05 -1.41814514e-07  6.87135345e-05  1.20000000e+00  6.87135345e-05  0.00000000e+00 
 6.88135345e-05  2.26954830e-01  6.88135345e-05  3.99542564e-01  6.88135345e-05  2.05191581e-06  6.88135345e-05 -3.27346498e-07  6.88135345e-05  1.84651027e-07  6.88135345e-05  1.20000000e+00  6.88135345e-05  0.00000000e+00 
 6.89135345e-05  2.32622458e-01  6.89135345e-05  3.99517367e-01  6.89135345e-05  1.94293402e-06  6.89135345e-05  1.61720021e-06  6.89135345e-05 -1.41534484e-07  6.89135345e-05  1.20000000e+00  6.89135345e-05  0.00000000e+00 
 6.90135345e-05  2.38290353e-01  6.90135345e-05  3.99542761e-01  6.90135345e-05  2.05191507e-06  6.90135345e-05 -3.27000912e-07  6.90135345e-05  1.84927265e-07  6.90135345e-05  1.20000000e+00  6.90135345e-05  0.00000000e+00 
 6.91135345e-05  2.43958497e-01  6.91135345e-05  3.99517251e-01  6.91135345e-05  1.94293476e-06  6.91135345e-05  1.61753637e-06  6.91135345e-05 -1.41255953e-07  6.91135345e-05  1.20000000e+00  6.91135345e-05  0.00000000e+00 
 6.92135345e-05  2.49626914e-01  6.92135345e-05  3.99542923e-01  6.92135345e-05  2.05191433e-06  6.92135345e-05 -3.26658928e-07  6.92135345e-05  1.85202032e-07  6.92135345e-05  1.20000000e+00  6.92135345e-05  0.00000000e+00 
 6.93135345e-05  2.55295551e-01  6.93135345e-05  3.99517187e-01  6.93135345e-05  1.94293550e-06  6.93135345e-05  1.61787090e-06  6.93135345e-05 -1.40978754e-07  6.93135345e-05  1.20000000e+00  6.93135345e-05  0.00000000e+00 
 6.94135345e-05  2.60964470e-01  6.94135345e-05  3.99543058e-01  6.94135345e-05  2.05191360e-06  6.94135345e-05 -3.26319855e-07  6.94135345e-05  1.85475456e-07  6.94135345e-05  1.20000000e+00  6.94135345e-05  0.00000000e+00 
 6.95135345e-05  2.66633579e-01  6.95135345e-05  3.99517172e-01  6.95135345e-05  1.94293624e-06  6.95135345e-05  1.61820412e-06  6.95135345e-05 -1.40702807e-07  6.95135345e-05  1.20000000e+00  6.95135345e-05  0.00000000e+00 
 6.96135345e-05  2.72302985e-01  6.96135345e-05  3.99543169e-01  6.96135345e-05  2.05191286e-06  6.96135345e-05 -3.25983210e-07  6.96135345e-05  1.85747594e-07  6.96135345e-05  1.20000000e+00  6.96135345e-05  0.00000000e+00 
 6.97135345e-05  2.77972541e-01  6.97135345e-05  3.99517206e-01  6.97135345e-05  1.94293698e-06  6.97135345e-05  1.61853621e-06  6.97135345e-05 -1.40428093e-07  6.97135345e-05  1.20000000e+00  6.97135345e-05  0.00000000e+00 
 6.98135345e-05  2.83642415e-01  6.98135345e-05  3.99543261e-01  6.98135345e-05  2.05191213e-06  6.98135345e-05 -3.25648638e-07  6.98135345e-05  1.86018456e-07  6.98135345e-05  1.20000000e+00  6.98135345e-05  0.00000000e+00 
 6.99135345e-05  2.89312392e-01  6.99135345e-05  3.99517293e-01  6.99135345e-05  1.94293771e-06  6.99135345e-05  1.61886731e-06  6.99135345e-05 -1.40154620e-07  6.99135345e-05  1.20000000e+00  6.99135345e-05  0.00000000e+00 
 7.00135345e-05  2.94982715e-01  7.00135345e-05  3.99543338e-01  7.00135345e-05  2.05191139e-06  7.00135345e-05 -3.25315858e-07  7.00135345e-05  1.86288029e-07  7.00135345e-05  1.20000000e+00  7.00135345e-05  0.00000000e+00 
 7.01135345e-05  3.00653084e-01  7.01135345e-05  3.99517437e-01  7.01135345e-05  1.94293845e-06  7.01135345e-05  1.61919750e-06  7.01135345e-05 -1.39882422e-07  7.01135345e-05  1.20000000e+00  7.01135345e-05  0.00000000e+00 
 7.02135345e-05  3.06323836e-01  7.02135345e-05  3.99543400e-01  7.02135345e-05  2.05191066e-06  7.02135345e-05 -3.24984625e-07  7.02135345e-05  1.86556285e-07  7.02135345e-05  1.20000000e+00  7.02135345e-05  0.00000000e+00 
 7.03135345e-05  3.11994563e-01  7.03135345e-05  3.99517644e-01  7.03135345e-05  1.94293918e-06  7.03135345e-05  1.61952687e-06  7.03135345e-05 -1.39611537e-07  7.03135345e-05  1.20000000e+00  7.03135345e-05  0.00000000e+00 
 7.04135345e-05  3.17665722e-01  7.04135345e-05  3.99543447e-01  7.04135345e-05  2.05190993e-06  7.04135345e-05 -3.24654716e-07  7.04135345e-05  1.86823186e-07  7.04135345e-05  1.20000000e+00  7.04135345e-05  0.00000000e+00 
 7.05135345e-05  3.23336773e-01  7.05135345e-05  3.99517918e-01  7.05135345e-05  1.94293990e-06  7.05135345e-05  1.61985551e-06  7.05135345e-05 -1.39342013e-07  7.05135345e-05  1.20000000e+00  7.05135345e-05  0.00000000e+00 
 7.06135345e-05  3.29008320e-01  7.06135345e-05  3.99543477e-01  7.06135345e-05  2.05190921e-06  7.06135345e-05 -3.24325911e-07  7.06135345e-05  1.87088696e-07  7.06135345e-05  1.20000000e+00  7.06135345e-05  0.00000000e+00 
 7.07135345e-05  3.34679664e-01  7.07135345e-05  3.99518263e-01  7.07135345e-05  1.94294062e-06  7.07135345e-05  1.62018351e-06  7.07135345e-05 -1.39073895e-07  7.07135345e-05  1.20000000e+00  7.07135345e-05  0.00000000e+00 
 7.08135345e-05  3.40351581e-01  7.08135345e-05  3.99543486e-01  7.08135345e-05  2.05190850e-06  7.08135345e-05 -3.23997980e-07  7.08135345e-05  1.87352776e-07  7.08135345e-05  1.20000000e+00  7.08135345e-05  0.00000000e+00 
 7.09135345e-05  3.46023192e-01  7.09135345e-05  3.99518677e-01  7.09135345e-05  1.94294133e-06  7.09135345e-05  1.62051101e-06  7.09135345e-05 -1.38807227e-07  7.09135345e-05  1.20000000e+00  7.09135345e-05  0.00000000e+00 
 7.10135345e-05  3.51695469e-01  7.10135345e-05  3.99543470e-01  7.10135345e-05  2.05190779e-06  7.10135345e-05 -3.23670673e-07  7.10135345e-05  1.87615391e-07  7.10135345e-05  1.20000000e+00  7.10135345e-05  0.00000000e+00 
 7.11135345e-05  3.57367331e-01  7.11135345e-05  3.99519155e-01  7.11135345e-05  1.94294204e-06  7.11135345e-05  1.62083814e-06  7.11135345e-05 -1.38542050e-07  7.11135345e-05  1.20000000e+00  7.11135345e-05  0.00000000e+00 
 7.12135345e-05  3.63039963e-01  7.12135345e-05  3.99543428e-01  7.12135345e-05  2.05190709e-06  7.12135345e-05 -3.23343715e-07  7.12135345e-05  1.87876511e-07  7.12135345e-05  1.20000000e+00  7.12135345e-05  0.00000000e+00 
 7.13135345e-05  3.68712071e-01  7.13135345e-05  3.99519691e-01  7.13135345e-05  1.94294274e-06  7.13135345e-05  1.62116511e-06  7.13135345e-05 -1.38278402e-07  7.13135345e-05  1.20000000e+00  7.13135345e-05  0.00000000e+00 
 7.14135345e-05  3.74385062e-01  7.14135345e-05  3.99543360e-01  7.14135345e-05  2.05190639e-06  7.14135345e-05 -3.23016798e-07  7.14135345e-05  1.88136108e-07  7.14135345e-05  1.20000000e+00  7.14135345e-05  0.00000000e+00 
 7.15135345e-05  3.80057423e-01  7.15135345e-05  3.99520272e-01  7.15135345e-05  1.94294343e-06  7.15135345e-05  1.62149216e-06  7.15135345e-05 -1.38016313e-07  7.15135345e-05  1.20000000e+00  7.15135345e-05  0.00000000e+00 
 7.16135345e-05  3.85730788e-01  7.16135345e-05  3.99543269e-01  7.16135345e-05  2.05190571e-06  7.16135345e-05 -3.22689573e-07  7.16135345e-05  1.88394158e-07  7.16135345e-05  1.20000000e+00  7.16135345e-05  0.00000000e+00 
 7.17135345e-05  3.91403420e-01  7.17135345e-05  3.99520886e-01  7.17135345e-05  1.94294411e-06  7.17135345e-05  1.62181958e-06  7.17135345e-05 -1.37755813e-07  7.17135345e-05  1.20000000e+00  7.17135345e-05  0.00000000e+00 
 7.18135345e-05  3.97077178e-01  7.18135345e-05  3.99543161e-01  7.18135345e-05  2.05190504e-06  7.18135345e-05 -3.22361649e-07  7.18135345e-05  1.88650642e-07  7.18135345e-05  1.20000000e+00  7.18135345e-05  0.00000000e+00 
 7.19135345e-05  4.02750110e-01  7.19135345e-05  3.99521521e-01  7.19135345e-05  1.94294477e-06  7.19135345e-05  1.62214772e-06  7.19135345e-05 -1.37496922e-07  7.19135345e-05  1.20000000e+00  7.19135345e-05  0.00000000e+00 
 7.20135345e-05  4.08424289e-01  7.20135345e-05  3.99543045e-01  7.20135345e-05  2.05190438e-06  7.20135345e-05 -3.22032589e-07  7.20135345e-05  1.88905545e-07  7.20135345e-05  1.20000000e+00  7.20135345e-05  0.00000000e+00 
 7.21135345e-05  4.14097558e-01  7.21135345e-05  3.99522166e-01  7.21135345e-05  1.94294543e-06  7.21135345e-05  1.62247701e-06  7.21135345e-05 -1.37239658e-07  7.21135345e-05  1.20000000e+00  7.21135345e-05  0.00000000e+00 
 7.22135345e-05  4.19772193e-01  7.22135345e-05  3.99542927e-01  7.22135345e-05  2.05190373e-06  7.22135345e-05 -3.21701909e-07  7.22135345e-05  1.89158854e-07  7.22135345e-05  1.20000000e+00  7.22135345e-05  0.00000000e+00 
 7.23135345e-05  4.25445844e-01  7.23135345e-05  3.99522811e-01  7.23135345e-05  1.94294607e-06  7.23135345e-05  1.62280790e-06  7.23135345e-05 -1.36984036e-07  7.23135345e-05  1.20000000e+00  7.23135345e-05  0.00000000e+00 
 7.24135345e-05  4.31120974e-01  7.24135345e-05  3.99542818e-01  7.24135345e-05  2.05190309e-06  7.24135345e-05 -3.21369070e-07  7.24135345e-05  1.89410559e-07  7.24135345e-05  1.20000000e+00  7.24135345e-05  0.00000000e+00 
 7.25135345e-05  4.36795059e-01  7.25135345e-05  3.99523449e-01  7.25135345e-05  1.94294670e-06  7.25135345e-05  1.62314095e-06  7.25135345e-05 -1.36730064e-07  7.25135345e-05  1.20000000e+00  7.25135345e-05  0.00000000e+00 
 7.26135345e-05  4.42470731e-01  7.26135345e-05  3.99542727e-01  7.26135345e-05  2.05190247e-06  7.26135345e-05 -3.21033479e-07  7.26135345e-05  1.89660653e-07  7.26135345e-05  1.20000000e+00  7.26135345e-05  0.00000000e+00 
 7.27135345e-05  4.48145306e-01  7.27135345e-05  3.99524075e-01  7.27135345e-05  1.94294732e-06  7.27135345e-05  1.62347674e-06  7.27135345e-05 -1.36477748e-07  7.27135345e-05  1.20000000e+00  7.27135345e-05  0.00000000e+00 
 7.28135345e-05  4.53821573e-01  7.28135345e-05  3.99542661e-01  7.28135345e-05  2.05190186e-06  7.28135345e-05 -3.20694476e-07  7.28135345e-05  1.89909133e-07  7.28135345e-05  1.20000000e+00  7.28135345e-05  0.00000000e+00 
 7.29135345e-05  4.59496701e-01  7.29135345e-05  3.99524687e-01  7.29135345e-05  1.94294793e-06  7.29135345e-05  1.62381597e-06  7.29135345e-05 -1.36227091e-07  7.29135345e-05  1.20000000e+00  7.29135345e-05  0.00000000e+00 
 7.30135345e-05  4.65173620e-01  7.30135345e-05  3.99542627e-01  7.30135345e-05  2.05190126e-06  7.30135345e-05 -3.20351331e-07  7.30135345e-05  1.90155996e-07  7.30135345e-05  1.20000000e+00  7.30135345e-05  0.00000000e+00 
 7.31135345e-05  4.70849370e-01  7.31135345e-05  3.99525285e-01  7.31135345e-05  1.94294852e-06  7.31135345e-05  1.62415939e-06  7.31135345e-05 -1.35978091e-07  7.31135345e-05  1.20000000e+00  7.31135345e-05  0.00000000e+00 
 7.32135345e-05  4.76527007e-01  7.32135345e-05  3.99542634e-01  7.32135345e-05  2.05190067e-06  7.32135345e-05 -3.20003243e-07  7.32135345e-05  1.90401243e-07  7.32135345e-05  1.20000000e+00  7.32135345e-05  0.00000000e+00 
 7.33135345e-05  4.82203454e-01  7.33135345e-05  3.99525870e-01  7.33135345e-05  1.94294910e-06  7.33135345e-05  1.62450782e-06  7.33135345e-05 -1.35730746e-07  7.33135345e-05  1.20000000e+00  7.33135345e-05  0.00000000e+00 
 7.34135345e-05  4.87881880e-01  7.34135345e-05  3.99542687e-01  7.34135345e-05  2.05190009e-06  7.34135345e-05 -3.19649327e-07  7.34135345e-05  1.90644877e-07  7.34135345e-05  1.20000000e+00  7.34135345e-05  0.00000000e+00 
 7.35135345e-05  4.93559106e-01  7.35135345e-05  3.99526446e-01  7.35135345e-05  1.94294968e-06  7.35135345e-05  1.62486219e-06  7.35135345e-05 -1.35485049e-07  7.35135345e-05  1.20000000e+00  7.35135345e-05  0.00000000e+00 
 7.36135345e-05  4.99238399e-01  7.36135345e-05  3.99542794e-01  7.36135345e-05  2.05189953e-06  7.36135345e-05 -3.19288614e-07  7.36135345e-05  1.90886901e-07  7.36135345e-05  1.20000000e+00  7.36135345e-05  0.00000000e+00 
 7.37135345e-05  5.04916492e-01  7.37135345e-05  3.99527018e-01  7.37135345e-05  1.94295024e-06  7.37135345e-05  1.62522351e-06  7.37135345e-05 -1.35240992e-07  7.37135345e-05  1.20000000e+00  7.37135345e-05  0.00000000e+00 
 7.38135345e-05  5.10596740e-01  7.38135345e-05  3.99542961e-01  7.38135345e-05  2.05189897e-06  7.38135345e-05 -3.18920052e-07  7.38135345e-05  1.91127322e-07  7.38135345e-05  1.20000000e+00  7.38135345e-05  0.00000000e+00 
 7.39135345e-05  5.16275796e-01  7.39135345e-05  3.99527593e-01  7.39135345e-05  1.94295079e-06  7.39135345e-05  1.62559285e-06  7.39135345e-05 -1.34998566e-07  7.39135345e-05  1.20000000e+00  7.39135345e-05  0.00000000e+00 
 7.40135345e-05  5.21957095e-01  7.40135345e-05  3.99543199e-01  7.40135345e-05  2.05189843e-06  7.40135345e-05 -3.18542518e-07  7.40135345e-05  1.91366147e-07  7.40135345e-05  1.20000000e+00  7.40135345e-05  0.00000000e+00 
 7.41135345e-05  5.27637219e-01  7.41135345e-05  3.99528178e-01  7.41135345e-05  1.94295133e-06  7.41135345e-05  1.62597135e-06  7.41135345e-05 -1.34757759e-07  7.41135345e-05  1.20000000e+00  7.41135345e-05  0.00000000e+00 
 7.42135345e-05  5.33319673e-01  7.42135345e-05  3.99543515e-01  7.42135345e-05  2.05189789e-06  7.42135345e-05 -3.18154845e-07  7.42135345e-05  1.91603386e-07  7.42135345e-05  1.20000000e+00  7.42135345e-05  0.00000000e+00 
 7.43135345e-05  5.39000978e-01  7.43135345e-05  3.99528784e-01  7.43135345e-05  1.94295187e-06  7.43135345e-05  1.62636020e-06  7.43135345e-05 -1.34518557e-07  7.43135345e-05  1.20000000e+00  7.43135345e-05  0.00000000e+00 
 7.44135345e-05  5.44684700e-01  7.44135345e-05  3.99543924e-01  7.44135345e-05  2.05189736e-06  7.44135345e-05 -3.17755852e-07  7.44135345e-05  1.91839048e-07  7.44135345e-05  1.20000000e+00  7.44135345e-05  0.00000000e+00 
 7.45135345e-05  5.50367307e-01  7.45135345e-05  3.99529424e-01  7.45135345e-05  1.94295240e-06  7.45135345e-05  1.62676056e-06  7.45135345e-05 -1.34280946e-07  7.45135345e-05  1.20000000e+00  7.45135345e-05  0.00000000e+00 
 7.46135345e-05  5.56052418e-01  7.46135345e-05  3.99544442e-01  7.46135345e-05  2.05189683e-06  7.46135345e-05 -3.17344417e-07  7.46135345e-05  1.92073146e-07  7.46135345e-05  1.20000000e+00  7.46135345e-05  0.00000000e+00 
 7.47135345e-05  5.61736455e-01  7.47135345e-05  3.99530113e-01  7.47135345e-05  1.94295292e-06  7.47135345e-05  1.62717347e-06  7.47135345e-05 -1.34044910e-07  7.47135345e-05  1.20000000e+00  7.47135345e-05  0.00000000e+00 
 7.48135345e-05  5.67423083e-01  7.48135345e-05  3.99545090e-01  7.48135345e-05  2.05189631e-06  7.48135345e-05 -3.16919562e-07  7.48135345e-05  1.92305691e-07  7.48135345e-05  1.20000000e+00  7.48135345e-05  0.00000000e+00 
 7.49135345e-05  5.73108681e-01  7.49135345e-05  3.99530871e-01  7.49135345e-05  1.94295344e-06  7.49135345e-05  1.62759983e-06  7.49135345e-05 -1.33810431e-07  7.49135345e-05  1.20000000e+00  7.49135345e-05  0.00000000e+00 
 7.50135345e-05  5.78796956e-01  7.50135345e-05  3.99545895e-01  7.50135345e-05  2.05189580e-06  7.50135345e-05 -3.16480579e-07  7.50135345e-05  1.92536697e-07  7.50135345e-05  1.20000000e+00  7.50135345e-05  0.00000000e+00 
 7.51135345e-05  5.84484250e-01  7.51135345e-05  3.99531720e-01  7.51135345e-05  1.94295395e-06  7.51135345e-05  1.62804016e-06  7.51135345e-05 -1.33577491e-07  7.51135345e-05  1.20000000e+00  7.51135345e-05  0.00000000e+00 
 7.52135345e-05  5.90174300e-01  7.52135345e-05  3.99546891e-01  7.52135345e-05  2.05189529e-06  7.52135345e-05 -3.16027179e-07  7.52135345e-05  1.92766177e-07  7.52135345e-05  1.20000000e+00  7.52135345e-05  0.00000000e+00 
 7.53135345e-05  5.95863419e-01  7.53135345e-05  3.99532690e-01  7.53135345e-05  1.94295446e-06  7.53135345e-05  1.62849454e-06  7.53135345e-05 -1.33346071e-07  7.53135345e-05  1.20000000e+00  7.53135345e-05  0.00000000e+00 
 7.54135345e-05  6.01555367e-01  7.54135345e-05  3.99548119e-01  7.54135345e-05  2.05189478e-06  7.54135345e-05 -3.15559643e-07  7.54135345e-05  1.92994144e-07  7.54135345e-05  1.20000000e+00  7.54135345e-05  0.00000000e+00 
 7.55135345e-05  6.07246431e-01  7.55135345e-05  3.99533810e-01  7.55135345e-05  1.94295497e-06  7.55135345e-05  1.62896243e-06  7.55135345e-05 -1.33116153e-07  7.55135345e-05  1.20000000e+00  7.55135345e-05  0.00000000e+00 
 7.56135345e-05  6.12940384e-01  7.56135345e-05  3.99549623e-01  7.56135345e-05  2.05189428e-06  7.56135345e-05 -3.15078924e-07  7.56135345e-05  1.93220612e-07  7.56135345e-05  1.20000000e+00  7.56135345e-05  0.00000000e+00 
 7.57135345e-05  6.18633496e-01  7.57135345e-05  3.99535113e-01  7.57135345e-05  1.94295547e-06  7.57135345e-05  1.62944264e-06  7.57135345e-05 -1.32887716e-07  7.57135345e-05  1.20000000e+00  7.57135345e-05  0.00000000e+00 
 7.58135345e-05  6.24329544e-01  7.58135345e-05  3.99551448e-01  7.58135345e-05  2.05189378e-06  7.58135345e-05 -3.14586636e-07  7.58135345e-05  1.93445592e-07  7.58135345e-05  1.20000000e+00  7.58135345e-05  0.00000000e+00 
 7.59135345e-05  6.30024783e-01  7.59135345e-05  3.99536623e-01  7.59135345e-05  1.94295598e-06  7.59135345e-05  1.62993345e-06  7.59135345e-05 -1.32660742e-07  7.59135345e-05  1.20000000e+00  7.59135345e-05  0.00000000e+00 
 7.60135345e-05  6.35722992e-01  7.60135345e-05  3.99553629e-01  7.60135345e-05  2.05189327e-06  7.60135345e-05 -3.14084862e-07  7.60135345e-05  1.93669095e-07  7.60135345e-05  1.20000000e+00  7.60135345e-05  0.00000000e+00 
 7.61135345e-05  6.41420416e-01  7.61135345e-05  3.99538357e-01  7.61135345e-05  1.94295649e-06  7.61135345e-05  1.63043287e-06  7.61135345e-05 -1.32435210e-07  7.61135345e-05  1.20000000e+00  7.61135345e-05  0.00000000e+00 
 7.62135345e-05  6.47120827e-01  7.62135345e-05  3.99556187e-01  7.62135345e-05  2.05189277e-06  7.62135345e-05 -3.13575728e-07  7.62135345e-05  1.93891131e-07  7.62135345e-05  1.20000000e+00  7.62135345e-05  0.00000000e+00 
 7.63135345e-05  6.52820474e-01  7.63135345e-05  3.99540313e-01  7.63135345e-05  1.94295700e-06  7.63135345e-05  1.63093924e-06  7.63135345e-05 -1.32211102e-07  7.63135345e-05  1.20000000e+00  7.63135345e-05  0.00000000e+00 
 7.64135345e-05  6.58523114e-01  7.64135345e-05  3.99559116e-01  7.64135345e-05  2.05189225e-06  7.64135345e-05 -3.13060775e-07  7.64135345e-05  1.94111709e-07  7.64135345e-05  1.20000000e+00  7.64135345e-05  0.00000000e+00 
 7.65135345e-05  6.64225010e-01  7.65135345e-05  3.99542473e-01  7.65135345e-05  1.94295752e-06  7.65135345e-05  1.63145187e-06  7.65135345e-05 -1.31988398e-07  7.65135345e-05  1.20000000e+00  7.65135345e-05  0.00000000e+00 
 7.66135345e-05  6.69929904e-01  7.66135345e-05  3.99562385e-01  7.66135345e-05  2.05189174e-06  7.66135345e-05 -3.12540193e-07  7.66135345e-05  1.94330839e-07  7.66135345e-05  1.20000000e+00  7.66135345e-05  0.00000000e+00 
 7.67135345e-05  6.75634084e-01  7.67135345e-05  3.99544803e-01  7.67135345e-05  1.94295805e-06  7.67135345e-05  1.63197181e-06  7.67135345e-05 -1.31767080e-07  7.67135345e-05  1.20000000e+00  7.67135345e-05  0.00000000e+00 
 7.68135345e-05  6.81341277e-01  7.68135345e-05  3.99565940e-01  7.68135345e-05  2.05189121e-06  7.68135345e-05 -3.12012059e-07  7.68135345e-05  1.94548529e-07  7.68135345e-05  1.20000000e+00  7.68135345e-05  0.00000000e+00 
 7.69135345e-05  6.87047808e-01  7.69135345e-05  3.99547258e-01  7.69135345e-05  1.94295858e-06  7.69135345e-05  1.63250265e-06  7.69135345e-05 -1.31547126e-07  7.69135345e-05  1.20000000e+00  7.69135345e-05  0.00000000e+00 
 7.70135345e-05  6.92757391e-01  7.70135345e-05  3.99569705e-01  7.70135345e-05  2.05189067e-06  7.70135345e-05 -3.11471654e-07  7.70135345e-05  1.94764792e-07  7.70135345e-05  1.20000000e+00  7.70135345e-05  0.00000000e+00 
 7.71135345e-05  6.98466400e-01  7.71135345e-05  3.99549787e-01  7.71135345e-05  1.94295913e-06  7.71135345e-05  1.63305103e-06  7.71135345e-05 -1.31328515e-07  7.71135345e-05  1.20000000e+00  7.71135345e-05  0.00000000e+00 
 7.72135345e-05  7.04178541e-01  7.72135345e-05  3.99573594e-01  7.72135345e-05  2.05189013e-06  7.72135345e-05 -3.10910929e-07  7.72135345e-05  1.94979644e-07  7.72135345e-05  1.20000000e+00  7.72135345e-05  0.00000000e+00 
 7.73135345e-05  7.09890247e-01  7.73135345e-05  3.99552342e-01  7.73135345e-05  1.94295969e-06  7.73135345e-05  1.63362715e-06  7.73135345e-05 -1.31111225e-07  7.73135345e-05  1.20000000e+00  7.73135345e-05  0.00000000e+00 
 7.74135345e-05  7.15605223e-01  7.74135345e-05  3.99577520e-01  7.74135345e-05  2.05188957e-06  7.74135345e-05 -3.10318081e-07  7.74135345e-05  1.95193105e-07  7.74135345e-05  1.20000000e+00  7.74135345e-05  0.00000000e+00 
 7.75135345e-05  7.21319973e-01  7.75135345e-05  3.99554880e-01  7.75135345e-05  1.94296026e-06  7.75135345e-05  1.63424518e-06  7.75135345e-05 -1.30895228e-07  7.75135345e-05  1.20000000e+00  7.75135345e-05  0.00000000e+00 
 7.76135345e-05  7.27038207e-01  7.76135345e-05  3.99581400e-01  7.76135345e-05  2.05188899e-06  7.76135345e-05 -3.09677145e-07  7.76135345e-05  1.95405202e-07  7.76135345e-05  1.20000000e+00  7.76135345e-05  0.00000000e+00 
 7.77135345e-05  7.32756512e-01  7.77135345e-05  3.99557364e-01  7.77135345e-05  1.94296085e-06  7.77135345e-05  1.63492367e-06  7.77135345e-05 -1.30680493e-07  7.77135345e-05  1.20000000e+00  7.77135345e-05  0.00000000e+00 
 7.78135345e-05  7.38478616e-01  7.78135345e-05  3.99585160e-01  7.78135345e-05  2.05188840e-06  7.78135345e-05 -3.08967426e-07  7.78135345e-05  1.95615969e-07  7.78135345e-05  1.20000000e+00  7.78135345e-05  0.00000000e+00 
 7.79135345e-05  7.44201195e-01  7.79135345e-05  3.99559770e-01  7.79135345e-05  1.94296146e-06  7.79135345e-05  1.63568629e-06  7.79135345e-05 -1.30466985e-07  7.79135345e-05  1.20000000e+00  7.79135345e-05  0.00000000e+00 
 7.80135345e-05  7.49928009e-01  7.80135345e-05  3.99588739e-01  7.80135345e-05  2.05188780e-06  7.80135345e-05 -3.08162617e-07  7.80135345e-05  1.95825449e-07  7.80135345e-05  1.20000000e+00  7.80135345e-05  0.00000000e+00 
 7.81135345e-05  7.55655842e-01  7.81135345e-05  3.99562078e-01  7.81135345e-05  1.94296207e-06  7.81135345e-05  1.63656294e-06  7.81135345e-05 -1.30254660e-07  7.81135345e-05  1.20000000e+00  7.81135345e-05  0.00000000e+00 
 7.82135345e-05  7.61388501e-01  7.82135345e-05  3.99592094e-01  7.82135345e-05  2.05188718e-06  7.82135345e-05 -3.07229351e-07  7.82135345e-05  1.96033695e-07  7.82135345e-05  1.20000000e+00  7.82135345e-05  0.00000000e+00 
 7.83135345e-05  7.67122892e-01  7.83135345e-05  3.99564281e-01  7.83135345e-05  1.94296270e-06  7.83135345e-05  1.63759151e-06  7.83135345e-05 -1.30043465e-07  7.83135345e-05  1.20000000e+00  7.83135345e-05  0.00000000e+00 
 7.84135345e-05  7.72862898e-01  7.84135345e-05  3.99595194e-01  7.84135345e-05  2.05188654e-06  7.84135345e-05 -3.06124985e-07  7.84135345e-05  1.96240775e-07  7.84135345e-05  1.20000000e+00  7.84135345e-05  0.00000000e+00 
 7.85135345e-05  7.78605570e-01  7.85135345e-05  3.99566378e-01  7.85135345e-05  1.94296335e-06  7.85135345e-05  1.63882055e-06  7.85135345e-05 -1.29833337e-07  7.85135345e-05  1.20000000e+00  7.85135345e-05  0.00000000e+00 
 7.86135345e-05  7.84354895e-01  7.86135345e-05  3.99598029e-01  7.86135345e-05  2.05188590e-06  7.86135345e-05 -3.04794420e-07  7.86135345e-05  1.96446770e-07  7.86135345e-05  1.20000000e+00  7.86135345e-05  0.00000000e+00 
 7.87135345e-05  7.90108106e-01  7.87135345e-05  3.99568378e-01  7.87135345e-05  1.94296401e-06  7.87135345e-05  1.64031303e-06  7.87135345e-05 -1.29624193e-07  7.87135345e-05  1.20000000e+00  7.87135345e-05  0.00000000e+00 
 7.88135345e-05  7.95869336e-01  7.88135345e-05  3.99600603e-01  7.88135345e-05  2.05188524e-06  7.88135345e-05 -3.03165647e-07  7.88135345e-05  1.96651781e-07  7.88135345e-05  1.20000000e+00  7.88135345e-05  0.00000000e+00 
 7.89135345e-05  8.01636047e-01  7.89135345e-05  3.99570296e-01  7.89135345e-05  1.94296467e-06  7.89135345e-05  1.64215150e-06  7.89135345e-05 -1.29415933e-07  7.89135345e-05  1.20000000e+00  7.89135345e-05  0.00000000e+00 
 7.90135345e-05  8.07412574e-01  7.90135345e-05  3.99602934e-01  7.90135345e-05  2.05188457e-06  7.90135345e-05 -3.01143669e-07  7.90135345e-05  1.96855933e-07  7.90135345e-05  1.20000000e+00  7.90135345e-05  0.00000000e+00 
 7.91135345e-05  8.13196669e-01  7.91135345e-05  3.99572154e-01  7.91135345e-05  1.94296535e-06  7.91135345e-05  1.64444521e-06  7.91135345e-05 -1.29208425e-07  7.91135345e-05  1.20000000e+00  7.91135345e-05  0.00000000e+00 
 7.92135345e-05  8.18992953e-01  7.92135345e-05  3.99605057e-01  7.92135345e-05  2.05188390e-06  7.92135345e-05 -2.98602339e-07  7.92135345e-05  1.97059386e-07  7.92135345e-05  1.20000000e+00  7.92135345e-05  0.00000000e+00 
 7.93135345e-05  8.24799552e-01  7.93135345e-05  3.99573980e-01  7.93135345e-05  1.94296603e-06  7.93135345e-05  1.64733950e-06  7.93135345e-05 -1.29001503e-07  7.93135345e-05  1.20000000e+00  7.93135345e-05  0.00000000e+00 
 7.94135345e-05  8.30621475e-01  7.94135345e-05  3.99607015e-01  7.94135345e-05  2.05188322e-06  7.94135345e-05 -2.95373362e-07  7.94135345e-05  1.97262339e-07  7.94135345e-05  1.20000000e+00  7.94135345e-05  0.00000000e+00 
 7.95135345e-05  8.36457340e-01  7.95135345e-05  3.99575808e-01  7.95135345e-05  1.94296671e-06  7.95135345e-05  1.65102869e-06  7.95135345e-05 -1.28794950e-07  7.95135345e-05  1.20000000e+00  7.95135345e-05  0.00000000e+00 
 7.96135345e-05  8.42312687e-01  7.96135345e-05  3.99608865e-01  7.96135345e-05  2.05188253e-06  7.96135345e-05 -2.91231497e-07  7.96135345e-05  1.97465051e-07  7.96135345e-05  1.20000000e+00  7.96135345e-05  0.00000000e+00 
 7.97135345e-05  8.48186785e-01  7.97135345e-05  3.99577679e-01  7.97135345e-05  1.94296740e-06  7.97135345e-05  1.65577329e-06  7.97135345e-05 -1.28588481e-07  7.97135345e-05  1.20000000e+00  7.97135345e-05  0.00000000e+00 
 7.98135345e-05  8.54085897e-01  7.98135345e-05  3.99610674e-01  7.98135345e-05  2.05188185e-06  7.98135345e-05 -2.85874346e-07  7.98135345e-05  1.97667853e-07  7.98135345e-05  1.20000000e+00  7.98135345e-05  0.00000000e+00 
 7.99135345e-05  8.60010159e-01  7.99135345e-05  3.99579645e-01  7.99135345e-05  1.94296809e-06  7.99135345e-05  1.66192392e-06  7.99135345e-05 -1.28381725e-07  7.99135345e-05  1.20000000e+00  7.99135345e-05  0.00000000e+00 
 8.00135345e-05  8.65966815e-01  8.00135345e-05  3.99612520e-01  8.00135345e-05  2.05188116e-06  8.00135345e-05 -2.78894328e-07  8.00135345e-05  1.97871181e-07  8.00135345e-05  1.20000000e+00  8.00135345e-05  0.00000000e+00 
 8.01135345e-05  8.71957172e-01  8.01135345e-05  3.99581769e-01  8.01135345e-05  1.94296877e-06  8.01135345e-05  1.66995461e-06  8.01135345e-05 -1.28174190e-07  8.01135345e-05  1.20000000e+00  8.01135345e-05  0.00000000e+00 
 8.02135345e-05  8.77991209e-01  8.02135345e-05  3.99614951e-01  8.02135345e-05  2.05188048e-06  8.02135345e-05 -2.69432779e-07  8.02135345e-05  1.98075372e-07  8.02135345e-05  1.20000000e+00  8.02135345e-05  0.00000000e+00 
 8.03135345e-05  8.84070643e-01  8.03135345e-05  3.99583944e-01  8.03135345e-05  1.94296946e-06  8.03135345e-05  1.68055785e-06  8.03135345e-05 -1.27965157e-07  8.03135345e-05  1.20000000e+00  8.03135345e-05  0.00000000e+00 
 8.04135345e-05  8.90205909e-01  8.04135345e-05  3.99617214e-01  8.04135345e-05  2.05187979e-06  8.04135345e-05 -2.57288584e-07  8.04135345e-05  1.98281675e-07  8.04135345e-05  1.20000000e+00  8.04135345e-05  0.00000000e+00 
 8.05135345e-05  8.96402216e-01  8.05135345e-05  3.99586766e-01  8.05135345e-05  1.94297014e-06  8.05135345e-05  1.69459490e-06  8.05135345e-05 -1.27753807e-07  8.05135345e-05  1.20000000e+00  8.05135345e-05  0.00000000e+00 
 8.06135345e-05  9.02672451e-01  8.06135345e-05  3.99619595e-01  8.06135345e-05  2.05187911e-06  8.06135345e-05 -2.41158651e-07  8.06135345e-05  1.98490857e-07  8.06135345e-05  1.20000000e+00  8.06135345e-05  0.00000000e+00 
 8.07135345e-05  9.09025001e-01  8.07135345e-05  3.99590351e-01  8.07135345e-05  1.94297082e-06  8.07135345e-05  1.71331416e-06  8.07135345e-05 -1.27538987e-07  8.07135345e-05  1.20000000e+00  8.07135345e-05  0.00000000e+00 
 8.08135345e-05  9.15476205e-01  8.08135345e-05  3.99622291e-01  8.08135345e-05  2.05187844e-06  8.08135345e-05 -2.19585349e-07  8.08135345e-05  1.98704298e-07  8.08135345e-05  1.20000000e+00  8.08135345e-05  0.00000000e+00 
 8.09135345e-05  9.22038967e-01  8.09135345e-05  3.99594905e-01  8.09135345e-05  1.94297149e-06  8.09135345e-05  1.73847050e-06  8.09135345e-05 -1.27319128e-07  8.09135345e-05  1.20000000e+00  8.09135345e-05  0.00000000e+00 
 8.10135345e-05  9.28734398e-01  8.10135345e-05  3.99625494e-01  8.10135345e-05  2.05187777e-06  8.10135345e-05 -1.90523039e-07  8.10135345e-05  1.98923868e-07  8.10135345e-05  1.20000000e+00  8.10135345e-05  0.00000000e+00 
 8.11135345e-05  9.35581970e-01  8.11135345e-05  3.99600760e-01  8.11135345e-05  1.94297214e-06  8.11135345e-05  1.77255936e-06  8.11135345e-05 -1.27092082e-07  8.11135345e-05  1.20000000e+00  8.11135345e-05  0.00000000e+00 
 8.12135345e-05  9.42609204e-01  8.12135345e-05  3.99629346e-01  8.12135345e-05  2.05187712e-06  8.12135345e-05 -1.51111990e-07  8.12135345e-05  1.99152126e-07  8.12135345e-05  1.20000000e+00  8.12135345e-05  0.00000000e+00 
 8.13135345e-05  9.49845238e-01  8.13135345e-05  3.99608418e-01  8.13135345e-05  1.94297277e-06  8.13135345e-05  1.81911692e-06  8.13135345e-05 -1.26854900e-07  8.13135345e-05  1.20000000e+00  8.13135345e-05  0.00000000e+00 
 8.14135345e-05  9.57325450e-01  8.14135345e-05  3.99633764e-01  8.14135345e-05  2.05187650e-06  8.14135345e-05 -9.74875850e-08  8.14135345e-05  1.99392594e-07  8.14135345e-05  1.20000000e+00  8.14135345e-05  0.00000000e+00 
 8.15135345e-05  9.65093134e-01  8.15135345e-05  3.99618580e-01  8.15135345e-05  1.94297337e-06  8.15135345e-05  1.88298365e-06  8.15135345e-05 -1.26603564e-07  8.15135345e-05  1.20000000e+00  8.15135345e-05  0.00000000e+00 
 8.16135345e-05  9.73190430e-01  8.16135345e-05  3.99637837e-01  8.16135345e-05  2.05187593e-06  8.16135345e-05 -2.50205528e-08  8.16135345e-05  1.99650046e-07  8.16135345e-05  1.20000000e+00  8.16135345e-05  0.00000000e+00 
 8.17135345e-05  9.81682579e-01  8.17135345e-05  3.99629851e-01  8.17135345e-05  1.94297391e-06  8.17135345e-05  1.97046447e-06  8.17135345e-05 -1.26332891e-07  8.17135345e-05  1.20000000e+00  8.17135345e-05  0.00000000e+00 
 8.18135345e-05  9.90623274e-01  8.18135345e-05  3.99644544e-01  8.18135345e-05  2.05187541e-06  8.18135345e-05  7.36665804e-08  8.18135345e-05  1.99930796e-07  8.18135345e-05  1.20000000e+00  8.18135345e-05  0.00000000e+00 
 8.19135345e-05  1.00004564e+00  8.19135345e-05  3.99632972e-01  8.19135345e-05  1.94297441e-06  8.19135345e-05  2.07733184e-06  8.19135345e-05 -1.26036016e-07  8.19135345e-05  1.20000000e+00  8.19135345e-05  0.00000000e+00 
 8.20135345e-05  1.00997596e+00  8.20135345e-05  3.99642803e-01  8.20135345e-05  2.05187493e-06  8.20135345e-05  1.85592520e-07  8.20135345e-05  2.00239607e-07  8.20135345e-05  1.20000000e+00  8.20135345e-05  0.00000000e+00 
 8.21135345e-05  1.02033481e+00  8.21135345e-05  3.99610598e-01  8.21135345e-05  1.94297490e-06  8.21135345e-05  2.17311244e-06  8.21135345e-05 -1.25711146e-07  8.21135345e-05  1.20000000e+00  8.21135345e-05  0.00000000e+00 
 8.22135345e-05  1.03086036e+00  8.22135345e-05  3.99592287e-01  8.22135345e-05  2.05187449e-06  8.22135345e-05  2.23715480e-07  8.22135345e-05  2.00569551e-07  8.22135345e-05  1.20000000e+00  8.22135345e-05  0.00000000e+00 
 8.23135345e-05  1.04101720e+00  8.23135345e-05  3.99516349e-01  8.23135345e-05  1.94297546e-06  8.23135345e-05  2.09517779e-06  8.23135345e-05 -1.25383304e-07  8.23135345e-05  1.20000000e+00  8.23135345e-05  0.00000000e+00 
 8.24135345e-05  1.05013312e+00  8.24135345e-05  3.99457281e-01  8.24135345e-05  2.05187428e-06  8.24135345e-05 -2.88216938e-09  8.24135345e-05  2.00870581e-07  8.24135345e-05  1.20000000e+00  8.24135345e-05  0.00000000e+00 
 8.25135345e-05  1.05768444e+00  8.25135345e-05  3.99026964e-01  8.25135345e-05  1.94297962e-06  8.25135345e-05  1.75286967e-06  8.25135345e-05 -1.25117346e-07  8.25135345e-05  1.20000000e+00  8.25135345e-05  0.00000000e+00 
 8.26135345e-05  1.06351619e+00  8.26135345e-05  3.99246416e-01  8.26135345e-05  2.05187132e-06  8.26135345e-05 -3.82263739e-07  8.26135345e-05  2.01065925e-07  8.26135345e-05  1.20000000e+00  8.26135345e-05  0.00000000e+00 
 8.27135345e-05  1.06782638e+00  8.27135345e-05  3.99553610e-01  8.27135345e-05  1.94297907e-06  8.27135345e-05  1.41650710e-06  8.27135345e-05 -1.24959198e-07  8.27135345e-05  1.20000000e+00  8.27135345e-05  0.00000000e+00 
 8.28135345e-05  1.07095434e+00  8.28135345e-05  3.99474153e-01  8.28135345e-05  2.05187067e-06  8.28135345e-05 -6.44832377e-07  8.28135345e-05  2.01187879e-07  8.28135345e-05  1.20000000e+00  8.28135345e-05  0.00000000e+00 
 8.29135345e-05  1.07320896e+00  8.29135345e-05  3.99539330e-01  8.29135345e-05  1.94297929e-06  8.29135345e-05  1.22297279e-06  8.29135345e-05 -1.24877886e-07  8.29135345e-05  1.20000000e+00  8.29135345e-05  0.00000000e+00 
 8.30135345e-05  1.07483362e+00  8.30135345e-05  3.99506170e-01  8.30135345e-05  2.05187044e-06  8.30135345e-05 -7.85123971e-07  8.30135345e-05  2.01248860e-07  8.30135345e-05  1.20000000e+00  8.30135345e-05  0.00000000e+00 
 8.31135345e-05  1.07599982e+00  8.31135345e-05  3.99536357e-01  8.31135345e-05  1.94297938e-06  8.31135345e-05  1.12156243e-06  8.31135345e-05 -1.24835259e-07  8.31135345e-05  1.20000000e+00  8.31135345e-05  0.00000000e+00 
 8.32135345e-05  1.07683790e+00  8.32135345e-05  3.99519800e-01  8.32135345e-05  2.05187033e-06  8.32135345e-05 -8.58400832e-07  8.32135345e-05  2.01279860e-07  8.32135345e-05  1.20000000e+00  8.32135345e-05  0.00000000e+00 
 8.33135345e-05  1.07743728e+00  8.33135345e-05  3.99533021e-01  8.33135345e-05  1.94297945e-06  8.33135345e-05  1.06895467e-06  8.33135345e-05 -1.24812905e-07  8.33135345e-05  1.20000000e+00  8.33135345e-05  0.00000000e+00 
 8.34135345e-05  1.07786825e+00  8.34135345e-05  3.99526369e-01  8.34135345e-05  2.05187023e-06  8.34135345e-05 -8.96223216e-07  8.34135345e-05  2.01295352e-07  8.34135345e-05  1.20000000e+00  8.34135345e-05  0.00000000e+00 
 8.35135345e-05  1.07817554e+00  8.35135345e-05  3.99530898e-01  8.35135345e-05  1.94297955e-06  8.35135345e-05  1.04189973e-06  8.35135345e-05 -1.24800997e-07  8.35135345e-05  1.20000000e+00  8.35135345e-05  0.00000000e+00 
 8.36135345e-05  1.07839705e+00  8.36135345e-05  3.99530045e-01  8.36135345e-05  2.05187011e-06  8.36135345e-05 -9.15693664e-07  8.36135345e-05  2.01302856e-07  8.36135345e-05  1.20000000e+00  8.36135345e-05  0.00000000e+00 
 8.37135345e-05  1.07855425e+00  8.37135345e-05  3.99529394e-01  8.37135345e-05  1.94297968e-06  8.37135345e-05  1.02803078e-06  8.37135345e-05 -1.24794434e-07  8.37135345e-05  1.20000000e+00  8.37135345e-05  0.00000000e+00 
 8.38135345e-05  1.07866822e+00  8.38135345e-05  3.99532244e-01  8.38135345e-05  2.05186995e-06  8.38135345e-05 -9.25712555e-07  8.38135345e-05  2.01306234e-07  8.38135345e-05  1.20000000e+00  8.38135345e-05  0.00000000e+00 
 8.39135345e-05  1.07874840e+00  8.39135345e-05  3.99528327e-01  8.39135345e-05  1.94297986e-06  8.39135345e-05  1.02094229e-06  8.39135345e-05 -1.24790589e-07  8.39135345e-05  1.20000000e+00  8.39135345e-05  0.00000000e+00 
 8.40135345e-05  1.07880721e+00  8.40135345e-05  3.99533611e-01  8.40135345e-05  2.05186975e-06  8.40135345e-05 -9.30876110e-07  8.40135345e-05  2.01307476e-07  8.40135345e-05  1.20000000e+00  8.40135345e-05  0.00000000e+00 
 8.41135345e-05  1.07884791e+00  8.41135345e-05  3.99527569e-01  8.41135345e-05  1.94298007e-06  8.41135345e-05  1.01733407e-06  8.41135345e-05 -1.24788121e-07  8.41135345e-05  1.20000000e+00  8.41135345e-05  0.00000000e+00 
 8.42135345e-05  1.07887844e+00  8.42135345e-05  3.99534487e-01  8.42135345e-05  2.05186952e-06  8.42135345e-05 -9.33548549e-07  8.42135345e-05  2.01307609e-07  8.42135345e-05  1.20000000e+00  8.42135345e-05  0.00000000e+00 
 8.43135345e-05  1.07889890e+00  8.43135345e-05  3.99527029e-01  8.43135345e-05  1.94298031e-06  8.43135345e-05  1.01551046e-06  8.43135345e-05 -1.24786348e-07  8.43135345e-05  1.20000000e+00  8.43135345e-05  0.00000000e+00 
 8.44135345e-05  1.07891494e+00  8.44135345e-05  3.99535066e-01  8.44135345e-05  2.05186927e-06  8.44135345e-05 -9.34943597e-07  8.44135345e-05  2.01307164e-07  8.44135345e-05  1.20000000e+00  8.44135345e-05  0.00000000e+00 
 8.45135345e-05  1.07892503e+00  8.45135345e-05  3.99526637e-01  8.45135345e-05  1.94298057e-06  8.45135345e-05  1.01460141e-06  8.45135345e-05 -1.24784921e-07  8.45135345e-05  1.20000000e+00  8.45135345e-05  0.00000000e+00 
 8.46135345e-05  1.07893364e+00  8.46135345e-05  3.99535465e-01  8.46135345e-05  2.05186900e-06  8.46135345e-05 -9.35683728e-07  8.46135345e-05  2.01306414e-07  8.46135345e-05  1.20000000e+00  8.46135345e-05  0.00000000e+00 
 8.47135345e-05  1.07893842e+00  8.47135345e-05  3.99526345e-01  8.47135345e-05  1.94298085e-06  8.47135345e-05  1.01416082e-06  8.47135345e-05 -1.24783666e-07  8.47135345e-05  1.20000000e+00  8.47135345e-05  0.00000000e+00 
 8.48135345e-05  1.07894322e+00  8.48135345e-05  3.99535751e-01  8.48135345e-05  2.05186871e-06  8.48135345e-05 -9.36088024e-07  8.48135345e-05  2.01305503e-07  8.48135345e-05  1.20000000e+00  8.48135345e-05  0.00000000e+00 
 8.49067722e-05  1.07894511e+00  8.49067722e-05  3.99526112e-01  8.49067722e-05  1.94298116e-06  8.49067722e-05  1.01396806e-06  8.49067722e-05 -1.24782458e-07  8.49067722e-05  1.20000000e+00  8.49067722e-05  0.00000000e+00 
 8.50000100e-05  1.07894789e+00  8.50000100e-05  3.99535982e-01  8.50000100e-05  2.05186839e-06  8.50000100e-05 -9.36314772e-07  8.50000100e-05  2.01304423e-07  8.50000100e-05  1.20000000e+00  8.50000100e-05  0.00000000e+00 
 8.50000110e-05  1.07893334e+00  8.50000110e-05  3.96910599e-01  8.50000110e-05  2.61344393e-06  8.50000110e-05 -1.10836930e-05  8.50000110e-05  1.94133162e-06  8.50000110e-05  1.08000000e+00  8.50000110e-05  0.00000000e+00 
 8.50000130e-05  1.07890073e+00  8.50000130e-05  3.91535884e-01  8.50000130e-05  2.68693731e-06  8.50000130e-05 -1.03561859e-05  8.50000130e-05  2.23174911e-06  8.50000130e-05  8.40000000e-01  8.50000130e-05  0.00000000e+00 
 8.50000165e-05  1.07883117e+00  8.50000165e-05  3.81767865e-01  8.50000165e-05  2.69130422e-06  8.50000165e-05 -5.56601205e-06  8.50000165e-05  2.14801139e-06  8.50000165e-05  4.20000000e-01  8.50000165e-05  0.00000000e+00 
 8.50000200e-05  1.07876333e+00  8.50000200e-05  3.74621117e-01  8.50000200e-05  2.35394662e-06  8.50000200e-05  2.77976534e-06  8.50000200e-05  1.13294967e-06  8.50000200e-05  0.00000000e+00  8.50000200e-05  0.00000000e+00 
 8.50000206e-05  1.07876199e+00  8.50000206e-05  3.75198042e-01  8.50000206e-05  1.82492293e-06  8.50000206e-05  7.81860060e-06  8.50000206e-05 -5.47260146e-07  8.50000206e-05  0.00000000e+00  8.50000206e-05  0.00000000e+00 
 8.50000218e-05  1.07876090e+00  8.50000218e-05  3.76412911e-01  8.50000218e-05  1.74602617e-06  8.50000218e-05  9.93696859e-06  8.50000218e-05 -9.08036911e-07  8.50000218e-05  0.00000000e+00  8.50000218e-05  0.00000000e+00 
 8.50000243e-05  1.07875980e+00  8.50000243e-05  3.78617218e-01  8.50000243e-05  1.85452687e-06  8.50000243e-05  8.47426971e-06  8.50000243e-05 -4.50631485e-07  8.50000243e-05  0.00000000e+00  8.50000243e-05  0.00000000e+00 
 8.50000292e-05  1.07875869e+00  8.50000292e-05  3.82281246e-01  8.50000292e-05  1.81462300e-06  8.50000292e-05  9.37150942e-06  8.50000292e-05 -6.32160693e-07  8.50000292e-05  0.00000000e+00  8.50000292e-05  0.00000000e+00 
 8.50000390e-05  1.07876176e+00  8.50000390e-05  3.88023987e-01  8.50000390e-05  1.91755239e-06  8.50000390e-05  6.11349903e-06  8.50000390e-05 -1.94015489e-07  8.50000390e-05  0.00000000e+00  8.50000390e-05  0.00000000e+00 
 8.50000586e-05  1.07877960e+00  8.50000586e-05  3.95887861e-01  8.50000586e-05  1.88807356e-06  8.50000586e-05  3.61537686e-06  8.50000586e-05 -3.31093585e-07  8.50000586e-05  0.00000000e+00  8.50000586e-05  0.00000000e+00 
 8.50000979e-05  1.07883921e+00  8.50000979e-05  4.04413467e-01  8.50000979e-05  1.98991306e-06  8.50000979e-05 -1.63164033e-06  8.50000979e-05  8.32765582e-08  8.50000979e-05  0.00000000e+00  8.50000979e-05  0.00000000e+00 
 8.50001764e-05  1.07899744e+00  8.50001764e-05  4.11696606e-01  8.50001764e-05  1.94163881e-06  8.50001764e-05 -3.45766058e-06  8.50001764e-05 -1.48281732e-07  8.50001764e-05  0.00000000e+00  8.50001764e-05  0.00000000e+00 
 8.50002918e-05  1.07920248e+00  8.50002918e-05  4.13842700e-01  8.50002918e-05  2.03296711e-06  8.50002918e-05 -6.63805936e-06  8.50002918e-05  1.92732719e-07  8.50002918e-05  0.00000000e+00  8.50002918e-05  0.00000000e+00 
 8.50004464e-05  1.07931630e+00  8.50004464e-05  4.08702838e-01  8.50004464e-05  1.97991814e-06  8.50004464e-05 -4.20216597e-06  8.50004464e-05 -6.71747652e-08  8.50004464e-05  0.00000000e+00  8.50004464e-05  0.00000000e+00 
 8.50006902e-05  1.07932519e+00  8.50006902e-05  3.98204001e-01  8.50006902e-05  2.04431835e-06  8.50006902e-05 -1.51172989e-06  8.50006902e-05  2.09988517e-07  8.50006902e-05  0.00000000e+00  8.50006902e-05  0.00000000e+00 
 8.50009898e-05  1.07932303e+00  8.50009898e-05  3.97915889e-01  8.50009898e-05  1.95410740e-06  8.50009898e-05  7.28873495e-07  8.50009898e-05 -1.30162570e-07  8.50009898e-05  0.00000000e+00  8.50009898e-05  0.00000000e+00 
 8.50012677e-05  1.07932266e+00  8.50012677e-05  3.98366365e-01  8.50012677e-05  2.03849368e-06  8.50012677e-05 -8.03046991e-07  8.50012677e-05  2.04634513e-07  8.50012677e-05  0.00000000e+00  8.50012677e-05  0.00000000e+00 
 8.50018233e-05  1.07931928e+00  8.50018233e-05  3.98658584e-01  8.50018233e-05  1.95579513e-06  8.50018233e-05  7.73131317e-07  8.50018233e-05 -1.28444426e-07  8.50018233e-05  0.00000000e+00  8.50018233e-05  0.00000000e+00 
 8.50029061e-05  1.07931374e+00  8.50029061e-05  3.99072472e-01  8.50029061e-05  2.03858636e-06  8.50029061e-05 -7.81134206e-07  8.50029061e-05  2.04504453e-07  8.50029061e-05  0.00000000e+00  8.50029061e-05  0.00000000e+00 
 8.50050193e-05  1.07930263e+00  8.50050193e-05  3.99252826e-01  8.50050193e-05  1.95616342e-06  8.50050193e-05  7.77979129e-07  8.50050193e-05 -1.28096898e-07  8.50050193e-05  0.00000000e+00  8.50050193e-05  0.00000000e+00 
 8.50092458e-05  1.07928229e+00  8.50092458e-05  3.99427715e-01  8.50092458e-05  2.03863662e-06  8.50092458e-05 -7.78513573e-07  8.50092458e-05  2.04545077e-07  8.50092458e-05  0.00000000e+00  8.50092458e-05  0.00000000e+00 
 8.50176988e-05  1.07924362e+00  8.50176988e-05  3.99491655e-01  8.50176988e-05  1.95621227e-06  8.50176988e-05  7.78283800e-07  8.50176988e-05 -1.28024833e-07  8.50176988e-05  0.00000000e+00  8.50176988e-05  0.00000000e+00 
 8.50346047e-05  1.07917424e+00  8.50346047e-05  3.99550583e-01  8.50346047e-05  2.03863561e-06  8.50346047e-05 -7.78154198e-07  8.50346047e-05  2.04548066e-07  8.50346047e-05  0.00000000e+00  8.50346047e-05  0.00000000e+00 
 8.50684166e-05  1.07904846e+00  8.50684166e-05  3.99515109e-01  8.50684166e-05  1.95621561e-06  8.50684166e-05  7.78288533e-07  8.50684166e-05 -1.28018106e-07  8.50684166e-05  0.00000000e+00  8.50684166e-05  0.00000000e+00 
 8.51360403e-05  1.07881141e+00  8.51360403e-05  3.99552081e-01  8.51360403e-05  2.03863331e-06  8.51360403e-05 -7.78122552e-07  8.51360403e-05  2.04538914e-07  8.51360403e-05  0.00000000e+00  8.51360403e-05  0.00000000e+00 
 8.52360403e-05  1.07846314e+00  8.52360403e-05  3.99515648e-01  8.52360403e-05  1.95621691e-06  8.52360403e-05  7.78299960e-07  8.52360403e-05 -1.28025091e-07  8.52360403e-05  0.00000000e+00  8.52360403e-05  0.00000000e+00 
 8.53360403e-05  1.07811499e+00  8.53360403e-05  3.99551823e-01  8.53360403e-05  2.03863226e-06  8.53360403e-05 -7.78092900e-07  8.53360403e-05  2.04526585e-07  8.53360403e-05  0.00000000e+00  8.53360403e-05  0.00000000e+00 
 8.54360403e-05  1.07776675e+00  8.54360403e-05  3.99516017e-01  8.54360403e-05  1.95621796e-06  8.54360403e-05  7.78315330e-07  8.54360403e-05 -1.28034216e-07  8.54360403e-05  0.00000000e+00  8.54360403e-05  0.00000000e+00 
 8.55360403e-05  1.07741904e+00  8.55360403e-05  3.99551653e-01  8.55360403e-05  2.03863121e-06  8.55360403e-05 -7.78063399e-07  8.55360403e-05  2.04514286e-07  8.55360403e-05  0.00000000e+00  8.55360403e-05  0.00000000e+00 
 8.56360403e-05  1.07707108e+00  8.56360403e-05  3.99516278e-01  8.56360403e-05  1.95621900e-06  8.56360403e-05  7.78329434e-07  8.56360403e-05 -1.28043355e-07  8.56360403e-05  0.00000000e+00  8.56360403e-05  0.00000000e+00 
 8.57360403e-05  1.07672370e+00  8.57360403e-05  3.99551574e-01  8.57360403e-05  2.03863017e-06  8.57360403e-05 -7.78033534e-07  8.57360403e-05  2.04502011e-07  8.57360403e-05  0.00000000e+00  8.57360403e-05  0.00000000e+00 
 8.58360403e-05  1.07637605e+00  8.58360403e-05  3.99516473e-01  8.58360403e-05  1.95622004e-06  8.58360403e-05  7.78342353e-07  8.58360403e-05 -1.28052504e-07  8.58360403e-05  0.00000000e+00  8.58360403e-05  0.00000000e+00 
 8.59360403e-05  1.07602899e+00  8.59360403e-05  3.99551552e-01  8.59360403e-05  2.03862913e-06  8.59360403e-05 -7.78003362e-07  8.59360403e-05  2.04489755e-07  8.59360403e-05  0.00000000e+00  8.59360403e-05  0.00000000e+00 
 8.60360403e-05  1.07568166e+00  8.60360403e-05  3.99516629e-01  8.60360403e-05  1.95622107e-06  8.60360403e-05  7.78354141e-07  8.60360403e-05 -1.28061657e-07  8.60360403e-05  0.00000000e+00  8.60360403e-05  0.00000000e+00 
 8.61360403e-05  1.07533491e+00  8.61360403e-05  3.99551566e-01  8.61360403e-05  2.03862811e-06  8.61360403e-05 -7.77972912e-07  8.61360403e-05  2.04477514e-07  8.61360403e-05  0.00000000e+00  8.61360403e-05  0.00000000e+00 
 8.62360403e-05  1.07498788e+00  8.62360403e-05  3.99516761e-01  8.62360403e-05  1.95622210e-06  8.62360403e-05  7.78364831e-07  8.62360403e-05 -1.28070813e-07  8.62360403e-05  0.00000000e+00  8.62360403e-05  0.00000000e+00 
 8.63360403e-05  1.07464144e+00  8.63360403e-05  3.99551605e-01  8.63360403e-05  2.03862708e-06  8.63360403e-05 -7.77942195e-07  8.63360403e-05  2.04465286e-07  8.63360403e-05  0.00000000e+00  8.63360403e-05  0.00000000e+00 
 8.64360403e-05  1.07429472e+00  8.64360403e-05  3.99516879e-01  8.64360403e-05  1.95622312e-06  8.64360403e-05  7.78374442e-07  8.64360403e-05 -1.28079968e-07  8.64360403e-05  0.00000000e+00  8.64360403e-05  0.00000000e+00 
 8.65360403e-05  1.07394858e+00  8.65360403e-05  3.99551661e-01  8.65360403e-05  2.03862606e-06  8.65360403e-05 -7.77911210e-07  8.65360403e-05  2.04453068e-07  8.65360403e-05  0.00000000e+00  8.65360403e-05  0.00000000e+00 
 8.66360403e-05  1.07360217e+00  8.66360403e-05  3.99516990e-01  8.66360403e-05  1.95622413e-06  8.66360403e-05  7.78382985e-07  8.66360403e-05 -1.28089123e-07  8.66360403e-05  0.00000000e+00  8.66360403e-05  0.00000000e+00 
 8.67360403e-05  1.07325632e+00  8.67360403e-05  3.99551729e-01  8.67360403e-05  2.03862505e-06  8.67360403e-05 -7.77879948e-07  8.67360403e-05  2.04440861e-07  8.67360403e-05  0.00000000e+00  8.67360403e-05  0.00000000e+00 
 8.68360403e-05  1.07291021e+00  8.68360403e-05  3.99517097e-01  8.68360403e-05  1.95622515e-06  8.68360403e-05  7.78390465e-07  8.68360403e-05 -1.28098276e-07  8.68360403e-05  0.00000000e+00  8.68360403e-05  0.00000000e+00 
 8.69360403e-05  1.07256466e+00  8.69360403e-05  3.99551807e-01  8.69360403e-05  2.03862404e-06  8.69360403e-05 -7.77848398e-07  8.69360403e-05  2.04428663e-07  8.69360403e-05  0.00000000e+00  8.69360403e-05  0.00000000e+00 
 8.70360403e-05  1.07221884e+00  8.70360403e-05  3.99517204e-01  8.70360403e-05  1.95622615e-06  8.70360403e-05  7.78396883e-07  8.70360403e-05 -1.28107427e-07  8.70360403e-05  0.00000000e+00  8.70360403e-05  0.00000000e+00 
 8.71360403e-05  1.07187358e+00  8.71360403e-05  3.99551892e-01  8.71360403e-05  2.03862303e-06  8.71360403e-05 -7.77816543e-07  8.71360403e-05  2.04416473e-07  8.71360403e-05  0.00000000e+00  8.71360403e-05  0.00000000e+00 
 8.72360403e-05  1.07152805e+00  8.72360403e-05  3.99517311e-01  8.72360403e-05  1.95622716e-06  8.72360403e-05  7.78402236e-07  8.72360403e-05 -1.28116576e-07  8.72360403e-05  0.00000000e+00  8.72360403e-05  0.00000000e+00 
 8.73360403e-05  1.07118308e+00  8.73360403e-05  3.99551985e-01  8.73360403e-05  2.03862203e-06  8.73360403e-05 -7.77784365e-07  8.73360403e-05  2.04404290e-07  8.73360403e-05  0.00000000e+00  8.73360403e-05  0.00000000e+00 
 8.74360403e-05  1.07083783e+00  8.74360403e-05  3.99517420e-01  8.74360403e-05  1.95622816e-06  8.74360403e-05  7.78406520e-07  8.74360403e-05 -1.28125721e-07  8.74360403e-05  0.00000000e+00  8.74360403e-05  0.00000000e+00 
 8.75360403e-05  1.07049314e+00  8.75360403e-05  3.99552084e-01  8.75360403e-05  2.03862103e-06  8.75360403e-05 -7.77751843e-07  8.75360403e-05  2.04392116e-07  8.75360403e-05  0.00000000e+00  8.75360403e-05  0.00000000e+00 
 8.76360403e-05  1.07014818e+00  8.76360403e-05  3.99517532e-01  8.76360403e-05  1.95622915e-06  8.76360403e-05  7.78409729e-07  8.76360403e-05 -1.28134864e-07  8.76360403e-05  0.00000000e+00  8.76360403e-05  0.00000000e+00 
 8.77360403e-05  1.06980377e+00  8.77360403e-05  3.99552189e-01  8.77360403e-05  2.03862004e-06  8.77360403e-05 -7.77718954e-07  8.77360403e-05  2.04379948e-07  8.77360403e-05  0.00000000e+00  8.77360403e-05  0.00000000e+00 
 8.78360403e-05  1.06945909e+00  8.78360403e-05  3.99517648e-01  8.78360403e-05  1.95623014e-06  8.78360403e-05  7.78411853e-07  8.78360403e-05 -1.28144004e-07  8.78360403e-05  0.00000000e+00  8.78360403e-05  0.00000000e+00 
 8.79360403e-05  1.06911496e+00  8.79360403e-05  3.99552301e-01  8.79360403e-05  2.03861905e-06  8.79360403e-05 -7.77685676e-07  8.79360403e-05  2.04367787e-07  8.79360403e-05  0.00000000e+00  8.79360403e-05  0.00000000e+00 
 8.80360403e-05  1.06877055e+00  8.80360403e-05  3.99517767e-01  8.80360403e-05  1.95623113e-06  8.80360403e-05  7.78412883e-07  8.80360403e-05 -1.28153141e-07  8.80360403e-05  0.00000000e+00  8.80360403e-05  0.00000000e+00 
 8.81360403e-05  1.06842669e+00  8.81360403e-05  3.99552420e-01  8.81360403e-05  2.03861806e-06  8.81360403e-05 -7.77651983e-07  8.81360403e-05  2.04355632e-07  8.81360403e-05  0.00000000e+00  8.81360403e-05  0.00000000e+00 
 8.82360403e-05  1.06808255e+00  8.82360403e-05  3.99517891e-01  8.82360403e-05  1.95623212e-06  8.82360403e-05  7.78412807e-07  8.82360403e-05 -1.28162274e-07  8.82360403e-05  0.00000000e+00  8.82360403e-05  0.00000000e+00 
 8.83360403e-05  1.06773896e+00  8.83360403e-05  3.99552547e-01  8.83360403e-05  2.03861708e-06  8.83360403e-05 -7.77617849e-07  8.83360403e-05  2.04343483e-07  8.83360403e-05  0.00000000e+00  8.83360403e-05  0.00000000e+00 
 8.84360403e-05  1.06739509e+00  8.84360403e-05  3.99518019e-01  8.84360403e-05  1.95623310e-06  8.84360403e-05  7.78411611e-07  8.84360403e-05 -1.28171404e-07  8.84360403e-05  0.00000000e+00  8.84360403e-05  0.00000000e+00 
 8.85360403e-05  1.06705176e+00  8.85360403e-05  3.99552681e-01  8.85360403e-05  2.03861610e-06  8.85360403e-05 -7.77583245e-07  8.85360403e-05  2.04331340e-07  8.85360403e-05  0.00000000e+00  8.85360403e-05  0.00000000e+00 
 8.86360403e-05  1.06670816e+00  8.86360403e-05  3.99518151e-01  8.86360403e-05  1.95623407e-06  8.86360403e-05  7.78409280e-07  8.86360403e-05 -1.28180530e-07  8.86360403e-05  0.00000000e+00  8.86360403e-05  0.00000000e+00 
 8.87360403e-05  1.06636510e+00  8.87360403e-05  3.99552824e-01  8.87360403e-05  2.03861512e-06  8.87360403e-05 -7.77548142e-07  8.87360403e-05  2.04319203e-07  8.87360403e-05  0.00000000e+00  8.87360403e-05  0.00000000e+00 
 8.88360403e-05  1.06602176e+00  8.88360403e-05  3.99518289e-01  8.88360403e-05  1.95623505e-06  8.88360403e-05  7.78405797e-07  8.88360403e-05 -1.28189653e-07  8.88360403e-05  0.00000000e+00  8.88360403e-05  0.00000000e+00 
 8.89360403e-05  1.06567895e+00  8.89360403e-05  3.99552976e-01  8.89360403e-05  2.03861415e-06  8.89360403e-05 -7.77512508e-07  8.89360403e-05  2.04307070e-07  8.89360403e-05  0.00000000e+00  8.89360403e-05  0.00000000e+00 
 8.90360403e-05  1.06533587e+00  8.90360403e-05  3.99518432e-01  8.90360403e-05  1.95623602e-06  8.90360403e-05  7.78401142e-07  8.90360403e-05 -1.28198772e-07  8.90360403e-05  0.00000000e+00  8.90360403e-05  0.00000000e+00 
 8.91360403e-05  1.06499332e+00  8.91360403e-05  3.99553137e-01  8.91360403e-05  2.03861318e-06  8.91360403e-05 -7.77476310e-07  8.91360403e-05  2.04294943e-07  8.91360403e-05  0.00000000e+00  8.91360403e-05  0.00000000e+00 
 8.92360403e-05  1.06465049e+00  8.92360403e-05  3.99518581e-01  8.92360403e-05  1.95623699e-06  8.92360403e-05  7.78395293e-07  8.92360403e-05 -1.28207887e-07  8.92360403e-05  0.00000000e+00  8.92360403e-05  0.00000000e+00 
 8.93360403e-05  1.06430819e+00  8.93360403e-05  3.99553309e-01  8.93360403e-05  2.03861221e-06  8.93360403e-05 -7.77439513e-07  8.93360403e-05  2.04282820e-07  8.93360403e-05  0.00000000e+00  8.93360403e-05  0.00000000e+00 
 8.94360403e-05  1.06396562e+00  8.94360403e-05  3.99518735e-01  8.94360403e-05  1.95623795e-06  8.94360403e-05  7.78388228e-07  8.94360403e-05 -1.28216999e-07  8.94360403e-05  0.00000000e+00  8.94360403e-05  0.00000000e+00 
 8.95360403e-05  1.06362357e+00  8.95360403e-05  3.99553493e-01  8.95360403e-05  2.03861125e-06  8.95360403e-05 -7.77402080e-07  8.95360403e-05  2.04270701e-07  8.95360403e-05  0.00000000e+00  8.95360403e-05  0.00000000e+00 
 8.96360403e-05  1.06328125e+00  8.96360403e-05  3.99518896e-01  8.96360403e-05  1.95623891e-06  8.96360403e-05  7.78379918e-07  8.96360403e-05 -1.28226106e-07  8.96360403e-05  0.00000000e+00  8.96360403e-05  0.00000000e+00 
 8.97360403e-05  1.06293944e+00  8.97360403e-05  3.99553688e-01  8.97360403e-05  2.03861029e-06  8.97360403e-05 -7.77363969e-07  8.97360403e-05  2.04258586e-07  8.97360403e-05  0.00000000e+00  8.97360403e-05  0.00000000e+00 
 8.98360403e-05  1.06259737e+00  8.98360403e-05  3.99519064e-01  8.98360403e-05  1.95623987e-06  8.98360403e-05  7.78370336e-07  8.98360403e-05 -1.28235209e-07  8.98360403e-05  0.00000000e+00  8.98360403e-05  0.00000000e+00 
 8.99360403e-05  1.06225580e+00  8.99360403e-05  3.99553897e-01  8.99360403e-05  2.03860933e-06  8.99360403e-05 -7.77325140e-07  8.99360403e-05  2.04246475e-07  8.99360403e-05  0.00000000e+00  8.99360403e-05  0.00000000e+00 
 9.00360403e-05  1.06191397e+00  9.00360403e-05  3.99519239e-01  9.00360403e-05  1.95624082e-06  9.00360403e-05  7.78359449e-07  9.00360403e-05 -1.28244308e-07  9.00360403e-05  0.00000000e+00  9.00360403e-05  0.00000000e+00 
 9.01360403e-05  1.06157265e+00  9.01360403e-05  3.99554120e-01  9.01360403e-05  2.03860838e-06  9.01360403e-05 -7.77285546e-07  9.01360403e-05  2.04234367e-07  9.01360403e-05  0.00000000e+00  9.01360403e-05  0.00000000e+00 
 9.02360403e-05  1.06123106e+00  9.02360403e-05  3.99519421e-01  9.02360403e-05  1.95624177e-06  9.02360403e-05  7.78347220e-07  9.02360403e-05 -1.28253402e-07  9.02360403e-05  0.00000000e+00  9.02360403e-05  0.00000000e+00 
 9.03360403e-05  1.06088997e+00  9.03360403e-05  3.99554358e-01  9.03360403e-05  2.03860743e-06  9.03360403e-05 -7.77245139e-07  9.03360403e-05  2.04222262e-07  9.03360403e-05  0.00000000e+00  9.03360403e-05  0.00000000e+00 
 9.04360403e-05  1.06054862e+00  9.04360403e-05  3.99519611e-01  9.04360403e-05  1.95624272e-06  9.04360403e-05  7.78333611e-07  9.04360403e-05 -1.28262491e-07  9.04360403e-05  0.00000000e+00  9.04360403e-05  0.00000000e+00 
 9.05360403e-05  1.06020777e+00  9.05360403e-05  3.99554612e-01  9.05360403e-05  2.03860648e-06  9.05360403e-05 -7.77203866e-07  9.05360403e-05  2.04210160e-07  9.05360403e-05  0.00000000e+00  9.05360403e-05  0.00000000e+00 
 9.06360403e-05  1.05986665e+00  9.06360403e-05  3.99519810e-01  9.06360403e-05  1.95624367e-06  9.06360403e-05  7.78318579e-07  9.06360403e-05 -1.28271575e-07  9.06360403e-05  0.00000000e+00  9.06360403e-05  0.00000000e+00 
 9.07360403e-05  1.05952603e+00  9.07360403e-05  3.99554883e-01  9.07360403e-05  2.03860553e-06  9.07360403e-05 -7.77161672e-07  9.07360403e-05  2.04198060e-07  9.07360403e-05  0.00000000e+00  9.07360403e-05  0.00000000e+00 
 9.08360403e-05  1.05918515e+00  9.08360403e-05  3.99520017e-01  9.08360403e-05  1.95624461e-06  9.08360403e-05  7.78302076e-07  9.08360403e-05 -1.28280655e-07  9.08360403e-05  0.00000000e+00  9.08360403e-05  0.00000000e+00 
 9.09360403e-05  1.05884476e+00  9.09360403e-05  3.99555172e-01  9.09360403e-05  2.03860459e-06  9.09360403e-05 -7.77118495e-07  9.09360403e-05  2.04185961e-07  9.09360403e-05  0.00000000e+00  9.09360403e-05  0.00000000e+00 
 9.10360403e-05  1.05850410e+00  9.10360403e-05  3.99520234e-01  9.10360403e-05  1.95624555e-06  9.10360403e-05  7.78284049e-07  9.10360403e-05 -1.28289728e-07  9.10360403e-05  0.00000000e+00  9.10360403e-05  0.00000000e+00 
 9.11360403e-05  1.05816394e+00  9.11360403e-05  3.99555482e-01  9.11360403e-05  2.03860365e-06  9.11360403e-05 -7.77074270e-07  9.11360403e-05  2.04173864e-07  9.11360403e-05  0.00000000e+00  9.11360403e-05  0.00000000e+00 
 9.12360403e-05  1.05782351e+00  9.12360403e-05  3.99520460e-01  9.12360403e-05  1.95624648e-06  9.12360403e-05  7.78264441e-07  9.12360403e-05 -1.28298796e-07  9.12360403e-05  0.00000000e+00  9.12360403e-05  0.00000000e+00 
 9.13360403e-05  1.05748358e+00  9.13360403e-05  3.99555811e-01  9.13360403e-05  2.03860272e-06  9.13360403e-05 -7.77028928e-07  9.13360403e-05  2.04161768e-07  9.13360403e-05  0.00000000e+00  9.13360403e-05  0.00000000e+00 
 9.14360403e-05  1.05714337e+00  9.14360403e-05  3.99520695e-01  9.14360403e-05  1.95624742e-06  9.14360403e-05  7.78243189e-07  9.14360403e-05 -1.28307858e-07  9.14360403e-05  0.00000000e+00  9.14360403e-05  0.00000000e+00 
 9.15360403e-05  1.05680366e+00  9.15360403e-05  3.99556162e-01  9.15360403e-05  2.03860178e-06  9.15360403e-05 -7.76982391e-07  9.15360403e-05  2.04149672e-07  9.15360403e-05  0.00000000e+00  9.15360403e-05  0.00000000e+00 
 9.16360403e-05  1.05646368e+00  9.16360403e-05  3.99520940e-01  9.16360403e-05  1.95624835e-06  9.16360403e-05  7.78220224e-07  9.16360403e-05 -1.28316914e-07  9.16360403e-05  0.00000000e+00  9.16360403e-05  0.00000000e+00 
 9.17360403e-05  1.05612418e+00  9.17360403e-05  3.99556535e-01  9.17360403e-05  2.03860085e-06  9.17360403e-05 -7.76934577e-07  9.17360403e-05  2.04137577e-07  9.17360403e-05  0.00000000e+00  9.17360403e-05  0.00000000e+00 
 9.18360403e-05  1.05578442e+00  9.18360403e-05  3.99521193e-01  9.18360403e-05  1.95624928e-06  9.18360403e-05  7.78195468e-07  9.18360403e-05 -1.28325963e-07  9.18360403e-05  0.00000000e+00  9.18360403e-05  0.00000000e+00 
 9.19360403e-05  1.05544514e+00  9.19360403e-05  3.99556932e-01  9.19360403e-05  2.03859992e-06  9.19360403e-05 -7.76885397e-07  9.19360403e-05  2.04125481e-07  9.19360403e-05  0.00000000e+00  9.19360403e-05  0.00000000e+00 
 9.20360403e-05  1.05510560e+00  9.20360403e-05  3.99521456e-01  9.20360403e-05  1.95625020e-06  9.20360403e-05  7.78168840e-07  9.20360403e-05 -1.28335004e-07  9.20360403e-05  0.00000000e+00  9.20360403e-05  0.00000000e+00 
 9.21360403e-05  1.05476653e+00  9.21360403e-05  3.99557351e-01  9.21360403e-05  2.03859900e-06  9.21360403e-05 -7.76834755e-07  9.21360403e-05  2.04113383e-07  9.21360403e-05  0.00000000e+00  9.21360403e-05  0.00000000e+00 
 9.22360403e-05  1.05442720e+00  9.22360403e-05  3.99521726e-01  9.22360403e-05  1.95625112e-06  9.22360403e-05  7.78140246e-07  9.22360403e-05 -1.28344038e-07  9.22360403e-05  0.00000000e+00  9.22360403e-05  0.00000000e+00 
 9.23360403e-05  1.05408835e+00  9.23360403e-05  3.99557794e-01  9.23360403e-05  2.03859807e-06  9.23360403e-05 -7.76782545e-07  9.23360403e-05  2.04101284e-07  9.23360403e-05  0.00000000e+00  9.23360403e-05  0.00000000e+00 
 9.24360403e-05  1.05374923e+00  9.24360403e-05  3.99522001e-01  9.24360403e-05  1.95625204e-06  9.24360403e-05  7.78109588e-07  9.24360403e-05 -1.28353064e-07  9.24360403e-05  0.00000000e+00  9.24360403e-05  0.00000000e+00 
 9.25360403e-05  1.05341059e+00  9.25360403e-05  3.99558260e-01  9.25360403e-05  2.03859715e-06  9.25360403e-05 -7.76728653e-07  9.25360403e-05  2.04089183e-07  9.25360403e-05  0.00000000e+00  9.25360403e-05  0.00000000e+00 
 9.26360403e-05  1.05307169e+00  9.26360403e-05  3.99522281e-01  9.26360403e-05  1.95625296e-06  9.26360403e-05  7.78076755e-07  9.26360403e-05 -1.28362081e-07  9.26360403e-05  0.00000000e+00  9.26360403e-05  0.00000000e+00 
 9.27360403e-05  1.05273325e+00  9.27360403e-05  3.99558746e-01  9.27360403e-05  2.03859623e-06  9.27360403e-05 -7.76672957e-07  9.27360403e-05  2.04077079e-07  9.27360403e-05  0.00000000e+00  9.27360403e-05  0.00000000e+00 
 9.28360403e-05  1.05239455e+00  9.28360403e-05  3.99522561e-01  9.28360403e-05  1.95625388e-06  9.28360403e-05  7.78041630e-07  9.28360403e-05 -1.28371089e-07  9.28360403e-05  0.00000000e+00  9.28360403e-05  0.00000000e+00 
 9.29360403e-05  1.05205633e+00  9.29360403e-05  3.99559252e-01  9.29360403e-05  2.03859532e-06  9.29360403e-05 -7.76615324e-07  9.29360403e-05  2.04064971e-07  9.29360403e-05  0.00000000e+00  9.29360403e-05  0.00000000e+00 
 9.30360403e-05  1.05171784e+00  9.30360403e-05  3.99522838e-01  9.30360403e-05  1.95625479e-06  9.30360403e-05  7.78004081e-07  9.30360403e-05 -1.28380088e-07  9.30360403e-05  0.00000000e+00  9.30360403e-05  0.00000000e+00 
 9.31360403e-05  1.05137981e+00  9.31360403e-05  3.99559775e-01  9.31360403e-05  2.03859440e-06  9.31360403e-05 -7.76555610e-07  9.31360403e-05  2.04052858e-07  9.31360403e-05  0.00000000e+00  9.31360403e-05  0.00000000e+00 
 9.32360403e-05  1.05104152e+00  9.32360403e-05  3.99523107e-01  9.32360403e-05  1.95625571e-06  9.32360403e-05  7.77963969e-07  9.32360403e-05 -1.28389076e-07  9.32360403e-05  0.00000000e+00  9.32360403e-05  0.00000000e+00 
 9.33360403e-05  1.05070370e+00  9.33360403e-05  3.99560309e-01  9.33360403e-05  2.03859349e-06  9.33360403e-05 -7.76493662e-07  9.33360403e-05  2.04040740e-07  9.33360403e-05  0.00000000e+00  9.33360403e-05  0.00000000e+00 
 9.34360403e-05  1.05036562e+00  9.34360403e-05  3.99523362e-01  9.34360403e-05  1.95625662e-06  9.34360403e-05  7.77921143e-07  9.34360403e-05 -1.28398053e-07  9.34360403e-05  0.00000000e+00  9.34360403e-05  0.00000000e+00 
 9.35360403e-05  1.05002799e+00  9.35360403e-05  3.99560851e-01  9.35360403e-05  2.03859257e-06  9.35360403e-05 -7.76429314e-07  9.35360403e-05  2.04028616e-07  9.35360403e-05  0.00000000e+00  9.35360403e-05  0.00000000e+00 
 9.36360403e-05  1.04969011e+00  9.36360403e-05  3.99523596e-01  9.36360403e-05  1.95625752e-06  9.36360403e-05  7.77875440e-07  9.36360403e-05 -1.28407018e-07  9.36360403e-05  0.00000000e+00  9.36360403e-05  0.00000000e+00 
 9.37360403e-05  1.04935268e+00  9.37360403e-05  3.99561394e-01  9.37360403e-05  2.03859166e-06  9.37360403e-05 -7.76362390e-07  9.37360403e-05  2.04016486e-07  9.37360403e-05  0.00000000e+00  9.37360403e-05  0.00000000e+00 
 9.38360403e-05  1.04901500e+00  9.38360403e-05  3.99523802e-01  9.38360403e-05  1.95625843e-06  9.38360403e-05  7.77826685e-07  9.38360403e-05 -1.28415970e-07  9.38360403e-05  0.00000000e+00  9.38360403e-05  0.00000000e+00 
 9.39360403e-05  1.04867777e+00  9.39360403e-05  3.99561932e-01  9.39360403e-05  2.03859076e-06  9.39360403e-05 -7.76292702e-07  9.39360403e-05  2.04004347e-07  9.39360403e-05  0.00000000e+00  9.39360403e-05  0.00000000e+00 
 9.40360403e-05  1.04834027e+00  9.40360403e-05  3.99523971e-01  9.40360403e-05  1.95625933e-06  9.40360403e-05  7.77774694e-07  9.40360403e-05 -1.28424909e-07  9.40360403e-05  0.00000000e+00  9.40360403e-05  0.00000000e+00 
 9.41360403e-05  1.04800324e+00  9.41360403e-05  3.99562457e-01  9.41360403e-05  2.03858985e-06  9.41360403e-05 -7.76220053e-07  9.41360403e-05  2.03992199e-07  9.41360403e-05  0.00000000e+00  9.41360403e-05  0.00000000e+00 
 9.42360403e-05  1.04766594e+00  9.42360403e-05  3.99524095e-01  9.42360403e-05  1.95626024e-06  9.42360403e-05  7.77719271e-07  9.42360403e-05 -1.28433834e-07  9.42360403e-05  0.00000000e+00  9.42360403e-05  0.00000000e+00 
 9.43360403e-05  1.04732910e+00  9.43360403e-05  3.99562963e-01  9.43360403e-05  2.03858895e-06  9.43360403e-05 -7.76144234e-07  9.43360403e-05  2.03980042e-07  9.43360403e-05  0.00000000e+00  9.43360403e-05  0.00000000e+00 
 9.44360403e-05  1.04699199e+00  9.44360403e-05  3.99524167e-01  9.44360403e-05  1.95626114e-06  9.44360403e-05  7.77660209e-07  9.44360403e-05 -1.28442744e-07  9.44360403e-05  0.00000000e+00  9.44360403e-05  0.00000000e+00 
 9.45360403e-05  1.04665534e+00  9.45360403e-05  3.99563444e-01  9.45360403e-05  2.03858804e-06  9.45360403e-05 -7.76065026e-07  9.45360403e-05  2.03967874e-07  9.45360403e-05  0.00000000e+00  9.45360403e-05  0.00000000e+00 
 9.46360403e-05  1.04631842e+00  9.46360403e-05  3.99524181e-01  9.46360403e-05  1.95626204e-06  9.46360403e-05  7.77597292e-07  9.46360403e-05 -1.28451638e-07  9.46360403e-05  0.00000000e+00  9.46360403e-05  0.00000000e+00 
 9.47360403e-05  1.04598196e+00  9.47360403e-05  3.99563893e-01  9.47360403e-05  2.03858714e-06  9.47360403e-05 -7.75982200e-07  9.47360403e-05  2.03955694e-07  9.47360403e-05  0.00000000e+00  9.47360403e-05  0.00000000e+00 
 9.48360403e-05  1.04564523e+00  9.48360403e-05  3.99524130e-01  9.48360403e-05  1.95626293e-06  9.48360403e-05  7.77530292e-07  9.48360403e-05 -1.28460516e-07  9.48360403e-05  0.00000000e+00  9.48360403e-05  0.00000000e+00 
 9.49180202e-05  1.04536958e+00  9.49180202e-05  3.99564309e-01  9.49180202e-05  2.03858615e-06  9.49180202e-05 -7.75887599e-07  9.49180202e-05  2.03944266e-07  9.49180202e-05  0.00000000e+00  9.49180202e-05  0.00000000e+00 
 9.50000000e-05  1.04509363e+00  9.50000000e-05  3.99523950e-01  9.50000000e-05  1.95626403e-06  9.50000000e-05  7.77439609e-07  9.50000000e-05 -1.28467109e-07  9.50000000e-05  0.00000000e+00  9.50000000e-05  0.00000000e+00 
 9.50000010e-05  1.04510082e+00  9.50000010e-05  4.01315672e-01  9.50000010e-05  1.67321312e-06  9.50000010e-05 -3.00946385e-06  9.50000010e-05  6.87874015e-05  9.50000010e-05  0.00000000e+00  9.50000010e-05  1.20000000e-01 
 9.50000030e-05  1.04512360e+00  9.50000030e-05  4.07682101e-01  9.50000030e-05  1.12320965e-06  9.50000030e-05 -7.92148431e-06  9.50000030e-05  1.81714202e-04  9.50000030e-05  0.00000000e+00  9.50000030e-05  3.60000000e-01 
 9.50000065e-05  1.04517334e+00  9.50000065e-05  4.19927620e-01  9.50000065e-05  1.32237548e-06  9.50000065e-05 -4.95664179e-06  9.50000065e-05  1.33588458e-04  9.50000065e-05  0.00000000e+00  9.50000065e-05  7.80000000e-01 
 9.50000100e-05  1.04521585e+00  9.50000100e-05  4.28204717e-01  9.50000100e-05  1.34286435e-06  9.50000100e-05 -5.18304225e-06  9.50000100e-05  1.37648594e-04  9.50000100e-05  0.00000000e+00  9.50000100e-05  1.20000000e+00 
 9.50000107e-05  1.04521416e+00  9.50000107e-05  4.28471472e-01  9.50000107e-05  1.78724606e-06  9.50000107e-05 -2.03860688e-06  9.50000107e-05  3.76975069e-05  9.50000107e-05  0.00000000e+00  9.50000107e-05  1.20000000e+00 
 9.50000121e-05  1.04520907e+00  9.50000121e-05  4.28764019e-01  9.50000121e-05  1.86668435e-06  9.50000121e-05 -1.46495043e-06  9.50000121e-05  1.89059316e-05  9.50000121e-05  0.00000000e+00  9.50000121e-05  1.20000000e+00 
 9.50000149e-05  1.04519857e+00  9.50000149e-05  4.29439557e-01  9.50000149e-05  1.78480383e-06  9.50000149e-05 -2.18281608e-06  9.50000149e-05  3.31499159e-05  9.50000149e-05  0.00000000e+00  9.50000149e-05  1.20000000e+00 
 9.50000205e-05  1.04517870e+00  9.50000205e-05  4.31094660e-01  9.50000205e-05  1.86627432e-06  9.50000205e-05 -1.72692849e-06  9.50000205e-05  1.69485571e-05  9.50000205e-05  0.00000000e+00  9.50000205e-05  1.20000000e+00 
 9.50000317e-05  1.04514143e+00  9.50000317e-05  4.34174675e-01  9.50000317e-05  1.83145508e-06  9.50000317e-05 -2.25581333e-06  9.50000317e-05  2.71857773e-05  9.50000317e-05  0.00000000e+00  9.50000317e-05  1.20000000e+00 
 9.50000541e-05  1.04507815e+00  9.50000541e-05  4.38602847e-01  9.50000541e-05  1.94852412e-06  9.50000541e-05 -1.60147569e-06  9.50000541e-05  8.69456561e-06  9.50000541e-05  0.00000000e+00  9.50000541e-05  1.20000000e+00 
 9.50000989e-05  1.04498536e+00  9.50000989e-05  4.42634279e-01  9.50000989e-05  1.92858401e-06  9.50000989e-05 -1.79109564e-06  9.50000989e-05  1.58898900e-05  9.50000989e-05  0.00000000e+00  9.50000989e-05  1.20000000e+00 
 9.50001885e-05  1.04487836e+00  9.50001885e-05  4.43343921e-01  9.50001885e-05  2.03122222e-06  9.50001885e-05 -6.58551061e-07  9.50001885e-05 -2.15506921e-06  9.50001885e-05  0.00000000e+00  9.50001885e-05  1.20000000e+00 
 9.50003677e-05  1.04478369e+00  9.50003677e-05  4.39678083e-01  9.50003677e-05  1.97398005e-06  9.50003677e-05 -4.65891750e-07  9.50003677e-05  8.44669408e-06  9.50003677e-05  0.00000000e+00  9.50003677e-05  1.20000000e+00 
 9.50006570e-05  1.04472428e+00  9.50006570e-05  4.35160734e-01  9.50006570e-05  2.03743691e-06  9.50006570e-05  3.75342573e-07  9.50006570e-05 -5.47626240e-06  9.50006570e-05  0.00000000e+00  9.50006570e-05  1.20000000e+00 
 9.50011361e-05  1.04467408e+00  9.50011361e-05  4.30023370e-01  9.50011361e-05  1.96913956e-06  9.50011361e-05 -1.31260365e-07  9.50011361e-05  7.37436370e-06  9.50011361e-05  0.00000000e+00  9.50011361e-05  1.20000000e+00 
 9.50019992e-05  1.04461091e+00  9.50019992e-05  4.23139717e-01  9.50019992e-05  2.03400705e-06  9.50019992e-05  3.40874328e-07  9.50019992e-05 -5.87680205e-06  9.50019992e-05  0.00000000e+00  9.50019992e-05  1.20000000e+00 
 9.50037255e-05  1.04450266e+00  9.50037255e-05  4.14628262e-01  9.50037255e-05  1.96545888e-06  9.50037255e-05 -2.15130233e-07  9.50037255e-05  7.17824001e-06  9.50037255e-05  0.00000000e+00  9.50037255e-05  1.20000000e+00 
 9.50071780e-05  1.04429974e+00  9.50071780e-05  4.06339220e-01  9.50071780e-05  2.03116328e-06  9.50071780e-05  2.76234826e-07  9.50071780e-05 -5.94745299e-06  9.50071780e-05  0.00000000e+00  9.50071780e-05  1.20000000e+00 
 9.50140832e-05  1.04389189e+00  9.50140832e-05  4.00785997e-01  9.50140832e-05  1.96384899e-06  9.50140832e-05 -2.54928287e-07  9.50140832e-05  7.19516893e-06  9.50140832e-05  0.00000000e+00  9.50140832e-05  1.20000000e+00 
 9.50278934e-05  1.04307590e+00  9.50278934e-05  3.99495658e-01  9.50278934e-05  2.03085339e-06  9.50278934e-05  2.58898466e-07  9.50278934e-05 -5.92880313e-06  9.50278934e-05  0.00000000e+00  9.50278934e-05  1.20000000e+00 
 9.50555140e-05  1.04146786e+00  9.50555140e-05  3.99711639e-01  9.50555140e-05  1.96398865e-06  9.50555140e-05 -2.57423888e-07  9.50555140e-05  7.19635946e-06  9.50555140e-05  0.00000000e+00  9.50555140e-05  1.20000000e+00 
 9.51097293e-05  1.03834343e+00  9.51097293e-05  3.99639989e-01  9.51097293e-05  2.03086294e-06  9.51097293e-05  2.59204959e-07  9.51097293e-05 -5.92860356e-06  9.51097293e-05  0.00000000e+00  9.51097293e-05  1.20000000e+00 
 9.52097293e-05  1.03259467e+00  9.52097293e-05  3.99714073e-01  9.52097293e-05  1.96398443e-06  9.52097293e-05 -2.57399553e-07  9.52097293e-05  7.19625983e-06  9.52097293e-05  0.00000000e+00  9.52097293e-05  1.20000000e+00 
 9.53097293e-05  1.02684598e+00  9.53097293e-05  3.99570673e-01  9.53097293e-05  2.03086638e-06  9.53097293e-05  2.59377073e-07  9.53097293e-05 -5.92867337e-06  9.53097293e-05  0.00000000e+00  9.53097293e-05  1.20000000e+00 
 9.54097293e-05  1.02109882e+00  9.54097293e-05  3.99628793e-01  9.54097293e-05  1.96398212e-06  9.54097293e-05 -2.57369626e-07  9.54097293e-05  7.19606610e-06  9.54097293e-05  0.00000000e+00  9.54097293e-05  1.20000000e+00 
 9.55097293e-05  1.01535214e+00  9.55097293e-05  3.99551555e-01  9.55097293e-05  2.03086879e-06  9.55097293e-05  2.59497199e-07  9.55097293e-05 -5.92866354e-06  9.55097293e-05  0.00000000e+00  9.55097293e-05  1.20000000e+00 
 9.56097293e-05  1.00960635e+00  9.56097293e-05  3.99546357e-01  9.56097293e-05  1.96398004e-06  9.56097293e-05 -2.57361847e-07  9.56097293e-05  7.19590299e-06  9.56097293e-05  0.00000000e+00  9.56097293e-05  1.20000000e+00 
 9.57097293e-05  1.00386115e+00  9.57097293e-05  3.99501256e-01  9.57097293e-05  2.03087075e-06  9.57097293e-05  2.59580952e-07  9.57097293e-05 -5.92866928e-06  9.57097293e-05  0.00000000e+00  9.57097293e-05  1.20000000e+00 
 9.58097293e-05  9.98116577e-01  9.58097293e-05  3.99524587e-01  9.58097293e-05  1.96397826e-06  9.58097293e-05 -2.57358769e-07  9.58097293e-05  7.19577114e-06  9.58097293e-05  0.00000000e+00  9.58097293e-05  1.20000000e+00 
 9.59097293e-05  9.92372495e-01  9.59097293e-05  3.99501757e-01  9.59097293e-05  2.03087241e-06  9.59097293e-05  2.59666737e-07  9.59097293e-05 -5.92865734e-06  9.59097293e-05  0.00000000e+00  9.59097293e-05  1.20000000e+00 
 9.60097293e-05  9.86628947e-01  9.60097293e-05  3.99514089e-01  9.60097293e-05  1.96397673e-06  9.60097293e-05 -2.57375388e-07  9.60097293e-05  7.19563899e-06  9.60097293e-05  0.00000000e+00  9.60097293e-05  1.20000000e+00 
 9.61097293e-05  9.80885873e-01  9.61097293e-05  3.99506020e-01  9.61097293e-05  2.03087382e-06  9.61097293e-05  2.59739745e-07  9.61097293e-05 -5.92865132e-06  9.61097293e-05  0.00000000e+00  9.61097293e-05  1.20000000e+00 
 9.62097293e-05  9.75143334e-01  9.62097293e-05  3.99504280e-01  9.62097293e-05  1.96397544e-06  9.62097293e-05 -2.57395408e-07  9.62097293e-05  7.19549436e-06  9.62097293e-05  0.00000000e+00  9.62097293e-05  1.20000000e+00 
 9.63097293e-05  9.69401378e-01  9.63097293e-05  3.99508915e-01  9.63097293e-05  2.03087501e-06  9.63097293e-05  2.59797444e-07  9.63097293e-05 -5.92866268e-06  9.63097293e-05  0.00000000e+00  9.63097293e-05  1.20000000e+00 
 9.64097293e-05  9.63659928e-01  9.64097293e-05  3.99499542e-01  9.64097293e-05  1.96397436e-06  9.64097293e-05 -2.57418470e-07  9.64097293e-05  7.19534218e-06  9.64097293e-05  0.00000000e+00  9.64097293e-05  1.20000000e+00 
 9.65097293e-05  9.57919174e-01  9.65097293e-05  3.99510351e-01  9.65097293e-05  2.03087601e-06  9.65097293e-05  2.59846740e-07  9.65097293e-05 -5.92869298e-06  9.65097293e-05  0.00000000e+00  9.65097293e-05  1.20000000e+00 
 9.66097293e-05  9.52178914e-01  9.66097293e-05  3.99496366e-01  9.66097293e-05  1.96397343e-06  9.66097293e-05 -2.57443593e-07  9.66097293e-05  7.19518020e-06  9.66097293e-05  0.00000000e+00  9.66097293e-05  1.20000000e+00 
 9.67097293e-05  9.46439483e-01  9.67097293e-05  3.99511307e-01  9.67097293e-05  2.03087686e-06  9.67097293e-05  2.59890331e-07  9.67097293e-05 -5.92874376e-06  9.67097293e-05  0.00000000e+00  9.67097293e-05  1.20000000e+00 
 9.68097293e-05  9.40700537e-01  9.68097293e-05  3.99494050e-01  9.68097293e-05  1.96397263e-06  9.68097293e-05 -2.57469699e-07  9.68097293e-05  7.19500772e-06  9.68097293e-05  0.00000000e+00  9.68097293e-05  1.20000000e+00 
 9.69097293e-05  9.34962563e-01  9.69097293e-05  3.99511956e-01  9.69097293e-05  2.03087761e-06  9.69097293e-05  2.59929278e-07  9.69097293e-05 -5.92881575e-06  9.69097293e-05  0.00000000e+00  9.69097293e-05  1.20000000e+00 
 9.70097293e-05  9.29225066e-01  9.70097293e-05  3.99492341e-01  9.70097293e-05  1.96397193e-06  9.70097293e-05 -2.57495594e-07  9.70097293e-05  7.19482443e-06  9.70097293e-05  0.00000000e+00  9.70097293e-05  1.20000000e+00 
 9.71097293e-05  9.23488687e-01  9.71097293e-05  3.99512359e-01  9.71097293e-05  2.03087828e-06  9.71097293e-05  2.59964137e-07  9.71097293e-05 -5.92890890e-06  9.71097293e-05  0.00000000e+00  9.71097293e-05  1.20000000e+00 
 9.72097293e-05  9.17752772e-01  9.72097293e-05  3.99491111e-01  9.72097293e-05  1.96397130e-06  9.72097293e-05 -2.57520423e-07  9.72097293e-05  7.19463048e-06  9.72097293e-05  0.00000000e+00  9.72097293e-05  1.20000000e+00 
 9.73097293e-05  9.12018121e-01  9.73097293e-05  3.99512556e-01  9.73097293e-05  2.03087887e-06  9.73097293e-05  2.59995296e-07  9.73097293e-05 -5.92902253e-06  9.73097293e-05  0.00000000e+00  9.73097293e-05  1.20000000e+00 
 9.74097293e-05  9.06283919e-01  9.74097293e-05  3.99490276e-01  9.74097293e-05  1.96397073e-06  9.74097293e-05 -2.57543661e-07  9.74097293e-05  7.19442631e-06  9.74097293e-05  0.00000000e+00  9.74097293e-05  1.20000000e+00 
 9.75097293e-05  9.00551117e-01  9.75097293e-05  3.99512582e-01  9.75097293e-05  2.03087943e-06  9.75097293e-05  2.60023083e-07  9.75097293e-05 -5.92915545e-06  9.75097293e-05  0.00000000e+00  9.75097293e-05  1.20000000e+00 
 9.76097293e-05  8.94818745e-01  9.76097293e-05  3.99489775e-01  9.76097293e-05  1.96397020e-06  9.76097293e-05 -2.57565038e-07  9.76097293e-05  7.19421262e-06  9.76097293e-05  0.00000000e+00  9.76097293e-05  1.20000000e+00 
 9.77097293e-05  8.89087900e-01  9.77097293e-05  3.99512476e-01  9.77097293e-05  2.03087994e-06  9.77097293e-05  2.60047807e-07  9.77097293e-05 -5.92930618e-06  9.77097293e-05  0.00000000e+00  9.77097293e-05  1.20000000e+00 
 9.78097293e-05  8.83357463e-01  9.78097293e-05  3.99489556e-01  9.78097293e-05  1.96396970e-06  9.78097293e-05 -2.57584463e-07  9.78097293e-05  7.19399019e-06  9.78097293e-05  0.00000000e+00  9.78097293e-05  1.20000000e+00 
 9.79097293e-05  8.77628669e-01  9.79097293e-05  3.99512271e-01  9.79097293e-05  2.03088043e-06  9.79097293e-05  2.60069766e-07  9.79097293e-05 -5.92947309e-06  9.79097293e-05  0.00000000e+00  9.79097293e-05  1.20000000e+00 
 9.80097293e-05  8.71900261e-01  9.80097293e-05  3.99489578e-01  9.80097293e-05  1.96396923e-06  9.80097293e-05 -2.57601962e-07  9.80097293e-05  7.19375980e-06  9.80097293e-05  0.00000000e+00  9.80097293e-05  1.20000000e+00 
 9.81097293e-05  8.66173598e-01  9.81097293e-05  3.99512002e-01  9.81097293e-05  2.03088090e-06  9.81097293e-05  2.60089251e-07  9.81097293e-05 -5.92965460e-06  9.81097293e-05  0.00000000e+00  9.81097293e-05  1.20000000e+00 
 9.82097293e-05  8.60447298e-01  9.82097293e-05  3.99489805e-01  9.82097293e-05  1.96396877e-06  9.82097293e-05 -2.57617636e-07  9.82097293e-05  7.19352218e-06  9.82097293e-05  0.00000000e+00  9.82097293e-05  1.20000000e+00 
 9.83097293e-05  8.54722836e-01  9.83097293e-05  3.99511700e-01  9.83097293e-05  2.03088135e-06  9.83097293e-05  2.60106540e-07  9.83097293e-05 -5.92984920e-06  9.83097293e-05  0.00000000e+00  9.83097293e-05  1.20000000e+00 
 9.84097293e-05  8.48998714e-01  9.84097293e-05  3.99490209e-01  9.84097293e-05  1.96396832e-06  9.84097293e-05 -2.57631629e-07  9.84097293e-05  7.19327796e-06  9.84097293e-05  0.00000000e+00  9.84097293e-05  1.20000000e+00 
 9.85097293e-05  8.43276511e-01  9.85097293e-05  3.99511396e-01  9.85097293e-05  2.03088180e-06  9.85097293e-05  2.60121899e-07  9.85097293e-05 -5.93005554e-06  9.85097293e-05  0.00000000e+00  9.85097293e-05  1.20000000e+00 
 9.86097293e-05  8.37554629e-01  9.86097293e-05  3.99490767e-01  9.86097293e-05  1.96396787e-06  9.86097293e-05 -2.57644106e-07  9.86097293e-05  7.19302768e-06  9.86097293e-05  0.00000000e+00  9.86097293e-05  1.20000000e+00 
 9.87097293e-05  8.31834738e-01  9.87097293e-05  3.99511117e-01  9.87097293e-05  2.03088225e-06  9.87097293e-05  2.60135572e-07  9.87097293e-05 -5.93027243e-06  9.87097293e-05  0.00000000e+00  9.87097293e-05  1.20000000e+00 
 9.88097293e-05  8.26115149e-01  9.88097293e-05  3.99491463e-01  9.88097293e-05  1.96396743e-06  9.88097293e-05 -2.57655236e-07  9.88097293e-05  7.19277177e-06  9.88097293e-05  0.00000000e+00  9.88097293e-05  1.20000000e+00 
 9.89097293e-05  8.20397616e-01  9.89097293e-05  3.99510891e-01  9.89097293e-05  2.03088269e-06  9.89097293e-05  2.60147783e-07  9.89097293e-05 -5.93049886e-06  9.89097293e-05  0.00000000e+00  9.89097293e-05  1.20000000e+00 
 9.90097293e-05  8.14680369e-01  9.90097293e-05  3.99492282e-01  9.90097293e-05  1.96396698e-06  9.90097293e-05 -2.57665184e-07  9.90097293e-05  7.19251058e-06  9.90097293e-05  0.00000000e+00  9.90097293e-05  1.20000000e+00 
 9.91097293e-05  8.08965236e-01  9.91097293e-05  3.99510743e-01  9.91097293e-05  2.03088314e-06  9.91097293e-05  2.60158734e-07  9.91097293e-05 -5.93073395e-06  9.91097293e-05  0.00000000e+00  9.91097293e-05  1.20000000e+00 
 9.92097293e-05  8.03250376e-01  9.92097293e-05  3.99493215e-01  9.92097293e-05  1.96396653e-06  9.92097293e-05 -2.57674105e-07  9.92097293e-05  7.19224436e-06  9.92097293e-05  0.00000000e+00  9.92097293e-05  1.20000000e+00 
 9.93097293e-05  7.97537684e-01  9.93097293e-05  3.99510694e-01  9.93097293e-05  2.03088360e-06  9.93097293e-05  2.60168602e-07  9.93097293e-05 -5.93097697e-06  9.93097293e-05  0.00000000e+00  9.93097293e-05  1.20000000e+00 
 9.94097293e-05  7.91825253e-01  9.94097293e-05  3.99494251e-01  9.94097293e-05  1.96396608e-06  9.94097293e-05 -2.57682138e-07  9.94097293e-05  7.19197330e-06  9.94097293e-05  0.00000000e+00  9.94097293e-05  1.20000000e+00 
 9.95097293e-05  7.86115039e-01  9.95097293e-05  3.99510763e-01  9.95097293e-05  2.03088406e-06  9.95097293e-05  2.60177544e-07  9.95097293e-05 -5.93122731e-06  9.95097293e-05  0.00000000e+00  9.95097293e-05  1.20000000e+00 
 9.96097293e-05  7.80405079e-01  9.96097293e-05  3.99495379e-01  9.96097293e-05  1.96396562e-06  9.96097293e-05 -2.57689407e-07  9.96097293e-05  7.19169755e-06  9.96097293e-05  0.00000000e+00  9.96097293e-05  1.20000000e+00 
 9.97097293e-05  7.74697380e-01  9.97097293e-05  3.99510960e-01  9.97097293e-05  2.03088452e-06  9.97097293e-05  2.60185692e-07  9.97097293e-05 -5.93148444e-06  9.97097293e-05  0.00000000e+00  9.97097293e-05  1.20000000e+00 
 9.98097293e-05  7.68989930e-01  9.98097293e-05  3.99496586e-01  9.98097293e-05  1.96396515e-06  9.98097293e-05 -2.57696017e-07  9.98097293e-05  7.19141718e-06  9.98097293e-05  0.00000000e+00  9.98097293e-05  1.20000000e+00 
 9.99097293e-05  7.63284782e-01  9.99097293e-05  3.99511290e-01  9.99097293e-05  2.03088499e-06  9.99097293e-05  2.60193157e-07  9.99097293e-05 -5.93174795e-06  9.99097293e-05  0.00000000e+00  9.99097293e-05  1.20000000e+00 
 1.00009729e-04  7.57579882e-01  1.00009729e-04  3.99497855e-01  1.00009729e-04  1.96396468e-06  1.00009729e-04 -2.57702057e-07  1.00009729e-04  7.19113225e-06  1.00009729e-04  0.00000000e+00  1.00009729e-04  1.20000000e+00 
 1.00109729e-04  7.51877324e-01  1.00109729e-04  3.99511751e-01  1.00109729e-04  2.03088547e-06  1.00109729e-04  2.60200031e-07  1.00109729e-04 -5.93201747e-06  1.00109729e-04  0.00000000e+00  1.00109729e-04  1.20000000e+00 
 1.00209729e-04  7.46175013e-01  1.00209729e-04  3.99499166e-01  1.00209729e-04  1.96396420e-06  1.00209729e-04 -2.57707598e-07  1.00209729e-04  7.19084278e-06  1.00209729e-04  0.00000000e+00  1.00209729e-04  1.20000000e+00 
 1.00309729e-04  7.40475083e-01  1.00309729e-04  3.99512334e-01  1.00309729e-04  2.03088596e-06  1.00309729e-04  2.60206387e-07  1.00309729e-04 -5.93229272e-06  1.00309729e-04  0.00000000e+00  1.00309729e-04  1.20000000e+00 
 1.00409729e-04  7.34775402e-01  1.00409729e-04  3.99500498e-01  1.00409729e-04  1.96396371e-06  1.00409729e-04 -2.57712700e-07  1.00409729e-04  7.19054877e-06  1.00409729e-04  0.00000000e+00  1.00409729e-04  1.20000000e+00 
 1.00509729e-04  7.29078138e-01  1.00509729e-04  3.99513024e-01  1.00509729e-04  2.03088645e-06  1.00509729e-04  2.60212286e-07  1.00509729e-04 -5.93257345e-06  1.00509729e-04  0.00000000e+00  1.00509729e-04  1.20000000e+00 
 1.00609729e-04  7.23381129e-01  1.00609729e-04  3.99501828e-01  1.00609729e-04  1.96396322e-06  1.00609729e-04 -2.57717407e-07  1.00609729e-04  7.19025020e-06  1.00609729e-04  0.00000000e+00  1.00609729e-04  1.20000000e+00 
 1.00709729e-04  7.17686572e-01  1.00709729e-04  3.99513801e-01  1.00709729e-04  2.03088694e-06  1.00709729e-04  2.60217772e-07  1.00709729e-04 -5.93285946e-06  1.00709729e-04  0.00000000e+00  1.00709729e-04  1.20000000e+00 
 1.00809729e-04  7.11992279e-01  1.00809729e-04  3.99503133e-01  1.00809729e-04  1.96396273e-06  1.00809729e-04 -2.57721755e-07  1.00809729e-04  7.18994705e-06  1.00809729e-04  0.00000000e+00  1.00809729e-04  1.20000000e+00 
 1.00909729e-04  7.06300473e-01  1.00909729e-04  3.99514645e-01  1.00909729e-04  2.03088744e-06  1.00909729e-04  2.60222881e-07  1.00909729e-04 -5.93315060e-06  1.00909729e-04  0.00000000e+00  1.00909729e-04  1.20000000e+00 
 1.01009729e-04  7.00608939e-01  1.01009729e-04  3.99504395e-01  1.01009729e-04  1.96396223e-06  1.01009729e-04 -2.57725771e-07  1.01009729e-04  7.18963929e-06  1.01009729e-04  0.00000000e+00  1.01009729e-04  1.20000000e+00 
 1.01109729e-04  6.94919928e-01  1.01109729e-04  3.99515534e-01  1.01109729e-04  2.03088794e-06  1.01109729e-04  2.60227641e-07  1.01109729e-04 -5.93344675e-06  1.01109729e-04  0.00000000e+00  1.01109729e-04  1.20000000e+00 
 1.01209729e-04  6.89231200e-01  1.01209729e-04  3.99505598e-01  1.01209729e-04  1.96396173e-06  1.01209729e-04 -2.57729476e-07  1.01209729e-04  7.18932687e-06  1.01209729e-04  0.00000000e+00  1.01209729e-04  1.20000000e+00 
 1.01309729e-04  6.83545031e-01  1.01309729e-04  3.99516446e-01  1.01309729e-04  2.03088844e-06  1.01309729e-04  2.60232072e-07  1.01309729e-04 -5.93374779e-06  1.01309729e-04  0.00000000e+00  1.01309729e-04  1.20000000e+00 
 1.01409729e-04  6.77859158e-01  1.01409729e-04  3.99506730e-01  1.01409729e-04  1.96396123e-06  1.01409729e-04 -2.57732886e-07  1.01409729e-04  7.18900978e-06  1.01409729e-04  0.00000000e+00  1.01409729e-04  1.20000000e+00 
 1.01509729e-04  6.72175877e-01  1.01509729e-04  3.99517364e-01  1.01509729e-04  2.03088895e-06  1.01509729e-04  2.60236194e-07  1.01509729e-04 -5.93405366e-06  1.01509729e-04  0.00000000e+00  1.01509729e-04  1.20000000e+00 
 1.01609729e-04  6.66492907e-01  1.01609729e-04  3.99507783e-01  1.01609729e-04  1.96396073e-06  1.01609729e-04 -2.57736016e-07  1.01609729e-04  7.18868797e-06  1.01609729e-04  0.00000000e+00  1.01609729e-04  1.20000000e+00 
 1.01709729e-04  6.60812564e-01  1.01709729e-04  3.99518271e-01  1.01709729e-04  2.03088945e-06  1.01709729e-04  2.60240020e-07  1.01709729e-04 -5.93436429e-06  1.01709729e-04  0.00000000e+00  1.01709729e-04  1.20000000e+00 
 1.01809729e-04  6.55132547e-01  1.01809729e-04  3.99508752e-01  1.01809729e-04  1.96396023e-06  1.01809729e-04 -2.57738878e-07  1.01809729e-04  7.18836143e-06  1.01809729e-04  0.00000000e+00  1.01809729e-04  1.20000000e+00 
 1.01909729e-04  6.49455191e-01  1.01909729e-04  3.99519153e-01  1.01909729e-04  2.03088995e-06  1.01909729e-04  2.60243564e-07  1.01909729e-04 -5.93467965e-06  1.01909729e-04  0.00000000e+00  1.01909729e-04  1.20000000e+00 
 1.02009729e-04  6.43778177e-01  1.02009729e-04  3.99509637e-01  1.02009729e-04  1.96395973e-06  1.02009729e-04 -2.57741483e-07  1.02009729e-04  7.18803012e-06  1.02009729e-04  0.00000000e+00  1.02009729e-04  1.20000000e+00 
 1.02109729e-04  6.38103856e-01  1.02109729e-04  3.99519998e-01  1.02109729e-04  2.03089045e-06  1.02109729e-04  2.60246839e-07  1.02109729e-04 -5.93499971e-06  1.02109729e-04  0.00000000e+00  1.02109729e-04  1.20000000e+00 
 1.02209729e-04  6.32429893e-01  1.02209729e-04  3.99510439e-01  1.02209729e-04  1.96395924e-06  1.02209729e-04 -2.57743844e-07  1.02209729e-04  7.18769404e-06  1.02209729e-04  0.00000000e+00  1.02209729e-04  1.20000000e+00 
 1.02309729e-04  6.26758657e-01  1.02309729e-04  3.99520799e-01  1.02309729e-04  2.03089094e-06  1.02309729e-04  2.60249858e-07  1.02309729e-04 -5.93532443e-06  1.02309729e-04  0.00000000e+00  1.02309729e-04  1.20000000e+00 
 1.02409729e-04  6.21087794e-01  1.02409729e-04  3.99511159e-01  1.02409729e-04  1.96395875e-06  1.02409729e-04 -2.57745971e-07  1.02409729e-04  7.18735315e-06  1.02409729e-04  0.00000000e+00  1.02409729e-04  1.20000000e+00 
 1.02509729e-04  6.15419690e-01  1.02509729e-04  3.99521550e-01  1.02509729e-04  2.03089143e-06  1.02509729e-04  2.60252633e-07  1.02509729e-04 -5.93565383e-06  1.02509729e-04  0.00000000e+00  1.02509729e-04  1.20000000e+00 
 1.02609729e-04  6.09751977e-01  1.02609729e-04  3.99511804e-01  1.02609729e-04  1.96395826e-06  1.02609729e-04 -2.57747877e-07  1.02609729e-04  7.18700747e-06  1.02609729e-04  0.00000000e+00  1.02609729e-04  1.20000000e+00 
 1.02709729e-04  6.04087053e-01  1.02709729e-04  3.99522248e-01  1.02709729e-04  2.03089192e-06  1.02709729e-04  2.60255178e-07  1.02709729e-04 -5.93598788e-06  1.02709729e-04  0.00000000e+00  1.02709729e-04  1.20000000e+00 
 1.02809729e-04  5.98422536e-01  1.02809729e-04  3.99512378e-01  1.02809729e-04  1.96395778e-06  1.02809729e-04 -2.57749572e-07  1.02809729e-04  7.18665696e-06  1.02809729e-04  0.00000000e+00  1.02809729e-04  1.20000000e+00 
 1.02909729e-04  5.92760840e-01  1.02909729e-04  3.99522890e-01  1.02909729e-04  2.03089240e-06  1.02909729e-04  2.60257504e-07  1.02909729e-04 -5.93632658e-06  1.02909729e-04  0.00000000e+00  1.02909729e-04  1.20000000e+00 
 1.03009729e-04  5.87099568e-01  1.03009729e-04  3.99512888e-01  1.03009729e-04  1.96395730e-06  1.03009729e-04 -2.57751071e-07  1.03009729e-04  7.18630163e-06  1.03009729e-04  0.00000000e+00  1.03009729e-04  1.20000000e+00 
 1.03109729e-04  5.81441147e-01  1.03109729e-04  3.99523479e-01  1.03109729e-04  2.03089288e-06  1.03109729e-04  2.60259626e-07  1.03109729e-04 -5.93666994e-06  1.03109729e-04  0.00000000e+00  1.03109729e-04  1.20000000e+00 
 1.03209729e-04  5.75783166e-01  1.03209729e-04  3.99513338e-01  1.03209729e-04  1.96395683e-06  1.03209729e-04 -2.57752383e-07  1.03209729e-04  7.18594148e-06  1.03209729e-04  0.00000000e+00  1.03209729e-04  1.20000000e+00 
 1.03309729e-04  5.70128067e-01  1.03309729e-04  3.99524015e-01  1.03309729e-04  2.03089335e-06  1.03309729e-04  2.60261555e-07  1.03309729e-04 -5.93701796e-06  1.03309729e-04  0.00000000e+00  1.03309729e-04  1.20000000e+00 
 1.03409729e-04  5.64473426e-01  1.03409729e-04  3.99513736e-01  1.03409729e-04  1.96395636e-06  1.03409729e-04 -2.57753522e-07  1.03409729e-04  7.18557650e-06  1.03409729e-04  0.00000000e+00  1.03409729e-04  1.20000000e+00 
 1.03509729e-04  5.58821696e-01  1.03509729e-04  3.99524501e-01  1.03509729e-04  2.03089381e-06  1.03509729e-04  2.60263303e-07  1.03509729e-04 -5.93737064e-06  1.03509729e-04  0.00000000e+00  1.03509729e-04  1.20000000e+00 
 1.03609729e-04  5.53170441e-01  1.03609729e-04  3.99514086e-01  1.03609729e-04  1.96395590e-06  1.03609729e-04 -2.57754498e-07  1.03609729e-04  7.18520670e-06  1.03609729e-04  0.00000000e+00  1.03609729e-04  1.20000000e+00 
 1.03709729e-04  5.47522128e-01  1.03709729e-04  3.99524940e-01  1.03709729e-04  2.03089427e-06  1.03709729e-04  2.60264884e-07  1.03709729e-04 -5.93772799e-06  1.03709729e-04  0.00000000e+00  1.03709729e-04  1.20000000e+00 
 1.03809729e-04  5.41874307e-01  1.03809729e-04  3.99514393e-01  1.03809729e-04  1.96395544e-06  1.03809729e-04 -2.57755322e-07  1.03809729e-04  7.18483206e-06  1.03809729e-04  0.00000000e+00  1.03809729e-04  1.20000000e+00 
 1.03909729e-04  5.36229458e-01  1.03909729e-04  3.99525335e-01  1.03909729e-04  2.03089473e-06  1.03909729e-04  2.60266307e-07  1.03909729e-04 -5.93809002e-06  1.03909729e-04  0.00000000e+00  1.03909729e-04  1.20000000e+00 
 1.04009729e-04  5.30585119e-01  1.04009729e-04  3.99514662e-01  1.04009729e-04  1.96395499e-06  1.04009729e-04 -2.57756005e-07  1.04009729e-04  7.18445257e-06  1.04009729e-04  0.00000000e+00  1.04009729e-04  1.20000000e+00 
 1.04109729e-04  5.24943782e-01  1.04109729e-04  3.99525691e-01  1.04109729e-04  2.03089518e-06  1.04109729e-04  2.60267584e-07  1.04109729e-04 -5.93845674e-06  1.04109729e-04  0.00000000e+00  1.04109729e-04  1.20000000e+00 
 1.04209729e-04  5.19302973e-01  1.04209729e-04  3.99514897e-01  1.04209729e-04  1.96395455e-06  1.04209729e-04 -2.57756556e-07  1.04209729e-04  7.18406823e-06  1.04209729e-04  0.00000000e+00  1.04209729e-04  1.20000000e+00 
 1.04309729e-04  5.13665195e-01  1.04309729e-04  3.99526010e-01  1.04309729e-04  2.03089562e-06  1.04309729e-04  2.60268724e-07  1.04309729e-04 -5.93882818e-06  1.04309729e-04  0.00000000e+00  1.04309729e-04  1.20000000e+00 
 1.04409729e-04  5.08027966e-01  1.04409729e-04  3.99515103e-01  1.04409729e-04  1.96395411e-06  1.04409729e-04 -2.57756985e-07  1.04409729e-04  7.18367899e-06  1.04409729e-04  0.00000000e+00  1.04409729e-04  1.20000000e+00 
 1.04509729e-04  5.02393797e-01  1.04509729e-04  3.99526297e-01  1.04509729e-04  2.03089606e-06  1.04509729e-04  2.60269736e-07  1.04509729e-04 -5.93920440e-06  1.04509729e-04  0.00000000e+00  1.04509729e-04  1.20000000e+00 
 1.04609729e-04  4.96760197e-01  1.04609729e-04  3.99515281e-01  1.04609729e-04  1.96395367e-06  1.04609729e-04 -2.57757299e-07  1.04609729e-04  7.18328480e-06  1.04609729e-04  0.00000000e+00  1.04609729e-04  1.20000000e+00 
 1.04709729e-04  4.91129686e-01  1.04709729e-04  3.99526554e-01  1.04709729e-04  2.03089649e-06  1.04709729e-04  2.60270628e-07  1.04709729e-04 -5.93958546e-06  1.04709729e-04  0.00000000e+00  1.04709729e-04  1.20000000e+00 
 1.04809729e-04  4.85499765e-01  1.04809729e-04  3.99515436e-01  1.04809729e-04  1.96395324e-06  1.04809729e-04 -2.57757506e-07  1.04809729e-04  7.18288554e-06  1.04809729e-04  0.00000000e+00  1.04809729e-04  1.20000000e+00 
 1.04909729e-04  4.79872965e-01  1.04909729e-04  3.99526785e-01  1.04909729e-04  2.03089692e-06  1.04909729e-04  2.60271409e-07  1.04909729e-04 -5.93997152e-06  1.04909729e-04  0.00000000e+00  1.04909729e-04  1.20000000e+00 
 1.05009729e-04  4.74246776e-01  1.05009729e-04  3.99515568e-01  1.05009729e-04  1.96395282e-06  1.05009729e-04 -2.57757613e-07  1.05009729e-04  7.18248104e-06  1.05009729e-04  0.00000000e+00  1.05009729e-04  1.20000000e+00 
 1.05109729e-04  4.68623739e-01  1.05109729e-04  3.99526992e-01  1.05109729e-04  2.03089734e-06  1.05109729e-04  2.60272085e-07  1.05109729e-04 -5.94036279e-06  1.05109729e-04  0.00000000e+00  1.05109729e-04  1.20000000e+00 
 1.05209729e-04  4.63001338e-01  1.05209729e-04  3.99515681e-01  1.05209729e-04  1.96395240e-06  1.05209729e-04 -2.57757626e-07  1.05209729e-04  7.18207101e-06  1.05209729e-04  0.00000000e+00  1.05209729e-04  1.20000000e+00 
 1.05309729e-04  4.57382121e-01  1.05309729e-04  3.99527177e-01  1.05309729e-04  2.03089776e-06  1.05309729e-04  2.60272663e-07  1.05309729e-04 -5.94075963e-06  1.05309729e-04  0.00000000e+00  1.05309729e-04  1.20000000e+00 
 1.05409729e-04  4.51763567e-01  1.05409729e-04  3.99515776e-01  1.05409729e-04  1.96395198e-06  1.05409729e-04 -2.57757552e-07  1.05409729e-04  7.18165500e-06  1.05409729e-04  0.00000000e+00  1.05409729e-04  1.20000000e+00 
 1.05509729e-04  4.46148232e-01  1.05509729e-04  3.99527343e-01  1.05509729e-04  2.03089817e-06  1.05509729e-04  2.60273149e-07  1.05509729e-04 -5.94116261e-06  1.05509729e-04  0.00000000e+00  1.05509729e-04  1.20000000e+00 
 1.05609729e-04  4.40533591e-01  1.05609729e-04  3.99515854e-01  1.05609729e-04  1.96395157e-06  1.05609729e-04 -2.57757395e-07  1.05609729e-04  7.18123227e-06  1.05609729e-04  0.00000000e+00  1.05609729e-04  1.20000000e+00 
 1.05709729e-04  4.34922208e-01  1.05709729e-04  3.99527489e-01  1.05709729e-04  2.03089858e-06  1.05709729e-04  2.60273548e-07  1.05709729e-04 -5.94157263e-06  1.05709729e-04  0.00000000e+00  1.05709729e-04  1.20000000e+00 
 1.05809729e-04  4.29311555e-01  1.05809729e-04  3.99515914e-01  1.05809729e-04  1.96395117e-06  1.05809729e-04 -2.57757160e-07  1.05809729e-04  7.18080169e-06  1.05809729e-04  0.00000000e+00  1.05809729e-04  1.20000000e+00 
 1.05909729e-04  4.23704207e-01  1.05909729e-04  3.99527617e-01  1.05909729e-04  2.03089898e-06  1.05909729e-04  2.60273864e-07  1.05909729e-04 -5.94199111e-06  1.05909729e-04  0.00000000e+00  1.05909729e-04  1.20000000e+00 
 1.06009729e-04  4.18097632e-01  1.06009729e-04  3.99515957e-01  1.06009729e-04  1.96395077e-06  1.06009729e-04 -2.57756851e-07  1.06009729e-04  7.18036147e-06  1.06009729e-04  0.00000000e+00  1.06009729e-04  1.20000000e+00 
 1.06109729e-04  4.12494418e-01  1.06109729e-04  3.99527726e-01  1.06109729e-04  2.03089938e-06  1.06109729e-04  2.60274102e-07  1.06109729e-04 -5.94242023e-06  1.06109729e-04  0.00000000e+00  1.06109729e-04  1.20000000e+00 
 1.06209729e-04  4.06892036e-01  1.06209729e-04  3.99515981e-01  1.06209729e-04  1.96395038e-06  1.06209729e-04 -2.57756472e-07  1.06209729e-04  7.17990882e-06  1.06209729e-04  0.00000000e+00  1.06209729e-04  1.20000000e+00 
 1.06309729e-04  4.01293086e-01  1.06309729e-04  3.99527816e-01  1.06309729e-04  2.03089977e-06  1.06309729e-04  2.60274266e-07  1.06309729e-04 -5.94286341e-06  1.06309729e-04  0.00000000e+00  1.06309729e-04  1.20000000e+00 
 1.06409729e-04  3.95695044e-01  1.06409729e-04  3.99515982e-01  1.06409729e-04  1.96394999e-06  1.06409729e-04 -2.57756025e-07  1.06409729e-04  7.17943950e-06  1.06409729e-04  0.00000000e+00  1.06409729e-04  1.20000000e+00 
 1.06509729e-04  3.90100532e-01  1.06509729e-04  3.99527882e-01  1.06509729e-04  2.03090016e-06  1.06509729e-04  2.60274358e-07  1.06509729e-04 -5.94332583e-06  1.06509729e-04  0.00000000e+00  1.06509729e-04  1.20000000e+00 
 1.06609729e-04  3.84507034e-01  1.06609729e-04  3.99515954e-01  1.06609729e-04  1.96394960e-06  1.06609729e-04 -2.57755513e-07  1.06609729e-04  7.17894702e-06  1.06609729e-04  0.00000000e+00  1.06609729e-04  1.20000000e+00 
 1.06709729e-04  3.78917197e-01  1.06709729e-04  3.99527920e-01  1.06709729e-04  2.03090055e-06  1.06709729e-04  2.60274381e-07  1.06709729e-04 -5.94381531e-06  1.06709729e-04  0.00000000e+00  1.06709729e-04  1.20000000e+00 
 1.06809729e-04  3.73328526e-01  1.06809729e-04  3.99515889e-01  1.06809729e-04  1.96394922e-06  1.06809729e-04 -2.57754937e-07  1.06809729e-04  7.17842178e-06  1.06809729e-04  0.00000000e+00  1.06809729e-04  1.20000000e+00 
 1.06909729e-04  3.67743699e-01  1.06909729e-04  3.99527923e-01  1.06909729e-04  2.03090093e-06  1.06909729e-04  2.60274335e-07  1.06909729e-04 -5.94434330e-06  1.06909729e-04  0.00000000e+00  1.06909729e-04  1.20000000e+00 
 1.07009729e-04  3.62160253e-01  1.07009729e-04  3.99515774e-01  1.07009729e-04  1.96394884e-06  1.07009729e-04 -2.57754296e-07  1.07009729e-04  7.17784989e-06  1.07009729e-04  0.00000000e+00  1.07009729e-04  1.20000000e+00 
 1.07109729e-04  3.56580909e-01  1.07109729e-04  3.99527880e-01  1.07109729e-04  2.03090130e-06  1.07109729e-04  2.60274220e-07  1.07109729e-04 -5.94492606e-06  1.07109729e-04  0.00000000e+00  1.07109729e-04  1.20000000e+00 
 1.07209729e-04  3.51003251e-01  1.07209729e-04  3.99515595e-01  1.07209729e-04  1.96394847e-06  1.07209729e-04 -2.57753587e-07  1.07209729e-04  7.17721201e-06  1.07209729e-04  0.00000000e+00  1.07209729e-04  1.20000000e+00 
 1.07309729e-04  3.45430052e-01  1.07309729e-04  3.99527780e-01  1.07309729e-04  2.03090167e-06  1.07309729e-04  2.60274033e-07  1.07309729e-04 -5.94558579e-06  1.07309729e-04  0.00000000e+00  1.07309729e-04  1.20000000e+00 
 1.07409729e-04  3.39858961e-01  1.07409729e-04  3.99515331e-01  1.07409729e-04  1.96394811e-06  1.07409729e-04 -2.57752809e-07  1.07409729e-04  7.17648232e-06  1.07409729e-04  0.00000000e+00  1.07409729e-04  1.20000000e+00 
 1.07509729e-04  3.34292821e-01  1.07509729e-04  3.99527609e-01  1.07509729e-04  2.03090204e-06  1.07509729e-04  2.60273769e-07  1.07509729e-04 -5.94635141e-06  1.07509729e-04  0.00000000e+00  1.07509729e-04  1.20000000e+00 
 1.07609729e-04  3.28729360e-01  1.07609729e-04  3.99514961e-01  1.07609729e-04  1.96394775e-06  1.07609729e-04 -2.57751952e-07  1.07609729e-04  7.17562796e-06  1.07609729e-04  0.00000000e+00  1.07609729e-04  1.20000000e+00 
 1.07709729e-04  3.23171504e-01  1.07709729e-04  3.99527351e-01  1.07709729e-04  2.03090240e-06  1.07709729e-04  2.60273420e-07  1.07709729e-04 -5.94725889e-06  1.07709729e-04  0.00000000e+00  1.07709729e-04  1.20000000e+00 
 1.07809729e-04  3.17617080e-01  1.07809729e-04  3.99514458e-01  1.07809729e-04  1.96394740e-06  1.07809729e-04 -2.57751008e-07  1.07809729e-04  7.17460897e-06  1.07809729e-04  0.00000000e+00  1.07809729e-04  1.20000000e+00 
 1.07909729e-04  3.12069111e-01  1.07909729e-04  3.99526992e-01  1.07909729e-04  2.03090276e-06  1.07909729e-04  2.60272975e-07  1.07909729e-04 -5.94835100e-06  1.07909729e-04  0.00000000e+00  1.07909729e-04  1.20000000e+00 
 1.08009729e-04  3.06525540e-01  1.08009729e-04  3.99513798e-01  1.08009729e-04  1.96394705e-06  1.08009729e-04 -2.57749963e-07  1.08009729e-04  7.17337887e-06  1.08009729e-04  0.00000000e+00  1.08009729e-04  1.20000000e+00 
 1.08109729e-04  3.00989494e-01  1.08109729e-04  3.99526519e-01  1.08109729e-04  2.03090310e-06  1.08109729e-04  2.60272418e-07  1.08109729e-04 -5.94967639e-06  1.08109729e-04  0.00000000e+00  1.08109729e-04  1.20000000e+00 
 1.08209729e-04  2.95459048e-01  1.08209729e-04  3.99512955e-01  1.08209729e-04  1.96394672e-06  1.08209729e-04 -2.57748799e-07  1.08209729e-04  7.17188593e-06  1.08209729e-04  0.00000000e+00  1.08209729e-04  1.20000000e+00 
 1.08309729e-04  2.89937435e-01  1.08309729e-04  3.99525920e-01  1.08309729e-04  2.03090345e-06  1.08309729e-04  2.60271729e-07  1.08309729e-04 -5.95128789e-06  1.08309729e-04  0.00000000e+00  1.08309729e-04  1.20000000e+00 
 1.08409729e-04  2.84422873e-01  1.08409729e-04  3.99511907e-01  1.08409729e-04  1.96394639e-06  1.08409729e-04 -2.57747495e-07  1.08409729e-04  7.17007541e-06  1.08409729e-04  0.00000000e+00  1.08409729e-04  1.20000000e+00 
 1.08509729e-04  2.78918702e-01  1.08509729e-04  3.99525190e-01  1.08509729e-04  2.03090378e-06  1.08509729e-04  2.60270883e-07  1.08509729e-04 -5.95323976e-06  1.08509729e-04  0.00000000e+00  1.08509729e-04  1.20000000e+00 
 1.08609729e-04  2.73423278e-01  1.08609729e-04  3.99510641e-01  1.08609729e-04  1.96394607e-06  1.08609729e-04 -2.57746027e-07  1.08609729e-04  7.16789300e-06  1.08609729e-04  0.00000000e+00  1.08609729e-04  1.20000000e+00 
 1.08709729e-04  2.67940035e-01  1.08709729e-04  3.99524333e-01  1.08709729e-04  2.03090411e-06  1.08709729e-04  2.60269853e-07  1.08709729e-04 -5.95558357e-06  1.08709729e-04  0.00000000e+00  1.08709729e-04  1.20000000e+00 
 1.08809729e-04  2.62467460e-01  1.08809729e-04  3.99509152e-01  1.08809729e-04  1.96394576e-06  1.08809729e-04 -2.57744365e-07  1.08809729e-04  7.16528960e-06  1.08809729e-04  0.00000000e+00  1.08809729e-04  1.20000000e+00 
 1.08909729e-04  2.57009053e-01  1.08909729e-04  3.99523362e-01  1.08909729e-04  2.03090442e-06  1.08909729e-04  2.60268608e-07  1.08909729e-04 -5.95836300e-06  1.08909729e-04  0.00000000e+00  1.08909729e-04  1.20000000e+00 
 1.09009729e-04  2.51563409e-01  1.09009729e-04  3.99507453e-01  1.09009729e-04  1.96394547e-06  1.09009729e-04 -2.57742482e-07  1.09009729e-04  7.16222685e-06  1.09009729e-04  0.00000000e+00  1.09009729e-04  1.20000000e+00 
 1.09109729e-04  2.46134060e-01  1.09109729e-04  3.99522306e-01  1.09109729e-04  2.03090473e-06  1.09109729e-04  2.60267117e-07  1.09109729e-04 -5.96160856e-06  1.09109729e-04  0.00000000e+00  1.09109729e-04  1.20000000e+00 
 1.09209729e-04  2.40719670e-01  1.09209729e-04  3.99505577e-01  1.09209729e-04  1.96394518e-06  1.09209729e-04 -2.57740347e-07  1.09209729e-04  7.15868180e-06  1.09209729e-04  0.00000000e+00  1.09209729e-04  1.20000000e+00 
 1.09309729e-04  2.35323763e-01  1.09309729e-04  3.99521204e-01  1.09309729e-04  2.03090502e-06  1.09309729e-04  2.60265350e-07  1.09309729e-04 -5.96533401e-06  1.09309729e-04  0.00000000e+00  1.09309729e-04  1.20000000e+00 
 1.09409729e-04  2.29945037e-01  1.09409729e-04  3.99503568e-01  1.09409729e-04  1.96394491e-06  1.09409729e-04 -2.57737936e-07  1.09409729e-04  7.15464920e-06  1.09409729e-04  0.00000000e+00  1.09409729e-04  1.20000000e+00 
 1.09509729e-04  2.24586965e-01  1.09509729e-04  3.99520101e-01  1.09509729e-04  2.03090529e-06  1.09509729e-04  2.60263281e-07  1.09509729e-04 -5.96953599e-06  1.09509729e-04  0.00000000e+00  1.09509729e-04  1.20000000e+00 
 1.09609729e-04  2.19248246e-01  1.09609729e-04  3.99501485e-01  1.09609729e-04  1.96394466e-06  1.09609729e-04 -2.57735225e-07  1.09609729e-04  7.15013984e-06  1.09609729e-04  0.00000000e+00  1.09609729e-04  1.20000000e+00 
 1.09709729e-04  2.13932275e-01  1.09709729e-04  3.99519042e-01  1.09709729e-04  2.03090555e-06  1.09709729e-04  2.60260894e-07  1.09709729e-04 -5.97419758e-06  1.09709729e-04  0.00000000e+00  1.09709729e-04  1.20000000e+00 
 1.09809729e-04  2.08637730e-01  1.09809729e-04  3.99499387e-01  1.09809729e-04  1.96394442e-06  1.09809729e-04 -2.57732204e-07  1.09809729e-04  7.14517518e-06  1.09809729e-04  0.00000000e+00  1.09809729e-04  1.20000000e+00 
 1.09909729e-04  2.03367921e-01  1.09909729e-04  3.99518067e-01  1.09909729e-04  2.03090578e-06  1.09909729e-04  2.60258180e-07  1.09909729e-04 -5.97929526e-06  1.09909729e-04  0.00000000e+00  1.09909729e-04  1.20000000e+00 
 1.10009729e-04  1.98121504e-01  1.10009729e-04  3.99497331e-01  1.10009729e-04  1.96394421e-06  1.10009729e-04 -2.57728867e-07  1.10009729e-04  7.13977922e-06  1.10009729e-04  0.00000000e+00  1.10009729e-04  1.20000000e+00 
 1.10109729e-04  1.92901712e-01  1.10109729e-04  3.99517204e-01  1.10109729e-04  2.03090600e-06  1.10109729e-04  2.60255141e-07  1.10109729e-04 -5.98480758e-06  1.10109729e-04  0.00000000e+00  1.10109729e-04  1.20000000e+00 
 1.10209729e-04  1.87707200e-01  1.10209729e-04  3.99495363e-01  1.10209729e-04  1.96394401e-06  1.10209729e-04 -2.57725222e-07  1.10209729e-04  7.13396939e-06  1.10209729e-04  0.00000000e+00  1.10209729e-04  1.20000000e+00 
 1.10309729e-04  1.82541156e-01  1.10309729e-04  3.99516471e-01  1.10309729e-04  2.03090620e-06  1.10309729e-04  2.60251791e-07  1.10309729e-04 -5.99072443e-06  1.10309729e-04  0.00000000e+00  1.10309729e-04  1.20000000e+00 
 1.10409729e-04  1.77402273e-01  1.10409729e-04  3.99493518e-01  1.10409729e-04  1.96394383e-06  1.10409729e-04 -2.57721285e-07  1.10409729e-04  7.12774734e-06  1.10409729e-04  0.00000000e+00  1.10409729e-04  1.20000000e+00 
 1.10509729e-04  1.72293750e-01  1.10509729e-04  3.99515877e-01  1.10509729e-04  2.03090638e-06  1.10509729e-04  2.60248150e-07  1.10509729e-04 -5.99705585e-06  1.10509729e-04  0.00000000e+00  1.10509729e-04  1.20000000e+00 
 1.10609729e-04  1.67214371e-01  1.10609729e-04  3.99491822e-01  1.10609729e-04  1.96394366e-06  1.10609729e-04 -2.57717079e-07  1.10609729e-04  7.12109041e-06  1.10609729e-04  0.00000000e+00  1.10609729e-04  1.20000000e+00 
 1.10709729e-04  1.62167419e-01  1.10709729e-04  3.99515423e-01  1.10709729e-04  2.03090653e-06  1.10709729e-04  2.60244247e-07  1.10709729e-04 -6.00384022e-06  1.10709729e-04  0.00000000e+00  1.10709729e-04  1.20000000e+00 
 1.10809729e-04  1.57151845e-01  1.10809729e-04  3.99490292e-01  1.10809729e-04  1.96394352e-06  1.10809729e-04 -2.57712635e-07  1.10809729e-04  7.11394371e-06  1.10809729e-04  0.00000000e+00  1.10809729e-04  1.20000000e+00 
 1.10909729e-04  1.52171105e-01  1.10909729e-04  3.99515110e-01  1.10909729e-04  2.03090667e-06  1.10909729e-04  2.60240112e-07  1.10909729e-04 -6.01115167e-06  1.10909729e-04  0.00000000e+00  1.10909729e-04  1.20000000e+00 
 1.11009729e-04  1.47224404e-01  1.11009729e-04  3.99488937e-01  1.11009729e-04  1.96394340e-06  1.11009729e-04 -2.57707985e-07  1.11009729e-04  7.10621335e-06  1.11009729e-04  0.00000000e+00  1.11009729e-04  1.20000000e+00 
 1.11109729e-04  1.42315468e-01  1.11109729e-04  3.99514935e-01  1.11109729e-04  2.03090678e-06  1.11109729e-04  2.60235779e-07  1.11109729e-04 -6.01910594e-06  1.11109729e-04  0.00000000e+00  1.11109729e-04  1.20000000e+00 
 1.11209729e-04  1.37443860e-01  1.11209729e-04  3.99487764e-01  1.11209729e-04  1.96394329e-06  1.11209729e-04 -2.57703164e-07  1.11209729e-04  7.09776170e-06  1.11209729e-04  0.00000000e+00  1.11209729e-04  1.20000000e+00 
 1.11309729e-04  1.32613680e-01  1.11309729e-04  3.99514898e-01  1.11309729e-04  2.03090688e-06  1.11309729e-04  2.60231283e-07  1.11309729e-04 -6.02786363e-06  1.11309729e-04  0.00000000e+00  1.11309729e-04  1.20000000e+00 
 1.11409729e-04  1.27824947e-01  1.11409729e-04  3.99486781e-01  1.11409729e-04  1.96394320e-06  1.11409729e-04 -2.57698204e-07  1.11409729e-04  7.08840623e-06  1.11409729e-04  0.00000000e+00  1.11409729e-04  1.20000000e+00 
 1.11509729e-04  1.23082230e-01  1.11509729e-04  3.99515002e-01  1.11509729e-04  2.03090695e-06  1.11509729e-04  2.60226655e-07  1.11509729e-04 -6.03762878e-06  1.11509729e-04  0.00000000e+00  1.11509729e-04  1.20000000e+00 
 1.11609729e-04  1.18386092e-01  1.11609729e-04  3.99485993e-01  1.11609729e-04  1.96394313e-06  1.11609729e-04 -2.57693140e-07  1.11609729e-04  7.07792382e-06  1.11609729e-04  0.00000000e+00  1.11609729e-04  1.20000000e+00 
 1.11709729e-04  1.13742647e-01  1.11709729e-04  3.99514938e-01  1.11709729e-04  2.03090701e-06  1.11709729e-04  2.60222002e-07  1.11709729e-04 -6.04885262e-06  1.11709729e-04  0.00000000e+00  1.11709729e-04  1.20000000e+00 
 1.11809729e-04  1.09153109e-01  1.11809729e-04  3.99485128e-01  1.11809729e-04  1.96394308e-06  1.11809729e-04 -2.57688091e-07  1.11809729e-04  7.06582743e-06  1.11809729e-04  0.00000000e+00  1.11809729e-04  1.20000000e+00 
 1.11909729e-04  1.04622260e-01  1.11909729e-04  3.99515416e-01  1.11909729e-04  2.03090705e-06  1.11909729e-04  2.60217216e-07  1.11909729e-04 -6.06140785e-06  1.11909729e-04  0.00000000e+00  1.11909729e-04  1.20000000e+00 
 1.12009729e-04  1.00151909e-01  1.12009729e-04  3.99484762e-01  1.12009729e-04  1.96394305e-06  1.12009729e-04 -2.57682914e-07  1.12009729e-04  7.05228744e-06  1.12009729e-04  0.00000000e+00  1.12009729e-04  1.20000000e+00 
 1.12109729e-04  9.57482945e-02  1.12109729e-04  3.99516045e-01  1.12109729e-04  2.03090707e-06  1.12109729e-04  2.60212369e-07  1.12109729e-04 -6.07572834e-06  1.12109729e-04  0.00000000e+00  1.12109729e-04  1.20000000e+00 
 1.12209729e-04  9.14137457e-02  1.12209729e-04  3.99484635e-01  1.12209729e-04  1.96394302e-06  1.12209729e-04 -2.57677705e-07  1.12209729e-04  7.03686042e-06  1.12209729e-04  0.00000000e+00  1.12209729e-04  1.20000000e+00 
 1.12309729e-04  8.71549897e-02  1.12309729e-04  3.99516844e-01  1.12309729e-04  2.03090707e-06  1.12309729e-04  2.60207487e-07  1.12309729e-04 -6.09204109e-06  1.12309729e-04  0.00000000e+00  1.12309729e-04  1.20000000e+00 
 1.12409729e-04  8.29747814e-02  1.12409729e-04  3.99484750e-01  1.12409729e-04  1.96394302e-06  1.12409729e-04 -2.57672488e-07  1.12409729e-04  7.01934549e-06  1.12409729e-04  0.00000000e+00  1.12409729e-04  1.20000000e+00 
 1.12509729e-04  7.88801730e-02  1.12509729e-04  3.99517829e-01  1.12509729e-04  2.03090706e-06  1.12509729e-04  2.60202592e-07  1.12509729e-04 -6.11051350e-06  1.12509729e-04  0.00000000e+00  1.12509729e-04  1.20000000e+00 
 1.12609729e-04  7.48741594e-02  1.12609729e-04  3.99485110e-01  1.12609729e-04  1.96394302e-06  1.12609729e-04 -2.57667283e-07  1.12609729e-04  6.99961692e-06  1.12609729e-04  0.00000000e+00  1.12609729e-04  1.20000000e+00 
 1.12709729e-04  7.09638948e-02  1.12709729e-04  3.99519009e-01  1.12709729e-04  2.03090704e-06  1.12709729e-04  2.60197699e-07  1.12709729e-04 -6.13122271e-06  1.12709729e-04  0.00000000e+00  1.12709729e-04  1.20000000e+00 
 1.12809729e-04  6.71523600e-02  1.12809729e-04  3.99485714e-01  1.12809729e-04  1.96394305e-06  1.12809729e-04 -2.57662104e-07  1.12809729e-04  6.97765355e-06  1.12809729e-04  0.00000000e+00  1.12809729e-04  1.20000000e+00 
 1.12909729e-04  6.34465323e-02  1.12909729e-04  3.99520384e-01  1.12909729e-04  2.03090699e-06  1.12909729e-04  2.60192821e-07  1.12909729e-04 -6.15412858e-06  1.12909729e-04  0.00000000e+00  1.12909729e-04  1.20000000e+00 
 1.13009729e-04  5.98490746e-02  1.13009729e-04  3.99486552e-01  1.13009729e-04  1.96394308e-06  1.13009729e-04 -2.57656965e-07  1.13009729e-04  6.95356227e-06  1.13009729e-04  0.00000000e+00  1.13009729e-04  1.20000000e+00 
 1.13109729e-04  5.63664723e-02  1.13109729e-04  3.99521945e-01  1.13109729e-04  2.03090694e-06  1.13109729e-04  2.60187970e-07  1.13109729e-04 -6.17905491e-06  1.13109729e-04  0.00000000e+00  1.13109729e-04  1.20000000e+00 
 1.13209729e-04  5.30007469e-02  1.13209729e-04  3.99487608e-01  1.13209729e-04  1.96394313e-06  1.13209729e-04 -2.57651874e-07  1.13209729e-04  6.92759071e-06  1.13209729e-04  0.00000000e+00  1.13209729e-04  1.20000000e+00 
 1.13309729e-04  4.97575747e-02  1.13309729e-04  3.99523673e-01  1.13309729e-04  2.03090687e-06  1.13309729e-04  2.60183154e-07  1.13309729e-04 -6.20568418e-06  1.13309729e-04  0.00000000e+00  1.13309729e-04  1.20000000e+00 
 1.13409729e-04  4.66380284e-02  1.13409729e-04  3.99488853e-01  1.13409729e-04  1.96394318e-06  1.13409729e-04 -2.57646840e-07  1.13409729e-04  6.90012409e-06  1.13409729e-04  0.00000000e+00  1.13409729e-04  1.20000000e+00 
 1.13509729e-04  4.36466971e-02  1.13509729e-04  3.99525536e-01  1.13509729e-04  2.03090679e-06  1.13509729e-04  2.60178381e-07  1.13509729e-04 -6.23356967e-06  1.13509729e-04  0.00000000e+00  1.13509729e-04  1.20000000e+00 
 1.13609729e-04  4.07834574e-02  1.13609729e-04  3.99490251e-01  1.13609729e-04  1.96394325e-06  1.13609729e-04 -2.57641869e-07  1.13609729e-04  6.87166393e-06  1.13609729e-04  0.00000000e+00  1.13609729e-04  1.20000000e+00 
 1.13709729e-04  3.80516117e-02  1.13709729e-04  3.99527496e-01  1.13709729e-04  2.03090669e-06  1.13709729e-04  2.60173658e-07  1.13709729e-04 -6.26216567e-06  1.13709729e-04  0.00000000e+00  1.13709729e-04  1.20000000e+00 
 1.13809729e-04  3.54480243e-02  1.13809729e-04  3.99491823e-01  1.13809729e-04  1.96394333e-06  1.13809729e-04 -2.57636980e-07  1.13809729e-04  6.84314525e-06  1.13809729e-04  0.00000000e+00  1.13809729e-04  1.20000000e+00 
 1.13909729e-04  3.29749451e-02  1.13909729e-04  3.99529556e-01  1.13909729e-04  2.03090658e-06  1.13909729e-04  2.60169006e-07  1.13909729e-04 -6.29057156e-06  1.13909729e-04  0.00000000e+00  1.13909729e-04  1.20000000e+00 
 1.14009729e-04  3.06312696e-02  1.14009729e-04  3.99493376e-01  1.14009729e-04  1.96394342e-06  1.14009729e-04 -2.57632156e-07  1.14009729e-04  6.81438426e-06  1.14009729e-04  0.00000000e+00  1.14009729e-04  1.20000000e+00 
 1.14109729e-04  2.84175133e-02  1.14109729e-04  3.99531565e-01  1.14109729e-04  2.03090647e-06  1.14109729e-04  2.60164403e-07  1.14109729e-04 -6.31886789e-06  1.14109729e-04  0.00000000e+00  1.14109729e-04  1.20000000e+00 
 1.14209729e-04  2.63295505e-02  1.14209729e-04  3.99494944e-01  1.14209729e-04  1.96394353e-06  1.14209729e-04 -2.57627412e-07  1.14209729e-04  6.78639973e-06  1.14209729e-04  0.00000000e+00  1.14209729e-04  1.20000000e+00 
 1.14309729e-04  2.43667293e-02  1.14309729e-04  3.99533535e-01  1.14309729e-04  2.03090634e-06  1.14309729e-04  2.60159865e-07  1.14309729e-04 -6.34611854e-06  1.14309729e-04  0.00000000e+00  1.14309729e-04  1.20000000e+00 
 1.14409729e-04  2.25237819e-02  1.14409729e-04  3.99496482e-01  1.14409729e-04  1.96394364e-06  1.14409729e-04 -2.57622749e-07  1.14409729e-04  6.75970860e-06  1.14409729e-04  0.00000000e+00  1.14409729e-04  1.20000000e+00 
 1.14509729e-04  2.07990727e-02  1.14509729e-04  3.99535427e-01  1.14509729e-04  2.03090620e-06  1.14509729e-04  2.60155393e-07  1.14509729e-04 -6.37185658e-06  1.14509729e-04  0.00000000e+00  1.14509729e-04  1.20000000e+00 
 1.14609729e-04  1.91864630e-02  1.14609729e-04  3.99497954e-01  1.14609729e-04  1.96394376e-06  1.14609729e-04 -2.57618167e-07  1.14609729e-04  6.73472194e-06  1.14609729e-04  0.00000000e+00  1.14609729e-04  1.20000000e+00 
 1.14709729e-04  1.76836016e-02  1.14709729e-04  3.99537208e-01  1.14709729e-04  2.03090606e-06  1.14709729e-04  2.60150988e-07  1.14709729e-04 -6.39573135e-06  1.14709729e-04  0.00000000e+00  1.14709729e-04  1.20000000e+00 
 1.14809729e-04  1.62837634e-02  1.14809729e-04  3.99499330e-01  1.14809729e-04  1.96394388e-06  1.14809729e-04 -2.57613666e-07  1.14809729e-04  6.71172841e-06  1.14809729e-04  0.00000000e+00  1.14809729e-04  1.20000000e+00 
 1.14909729e-04  1.49841639e-02  1.14909729e-04  3.99538858e-01  1.14909729e-04  2.03090590e-06  1.14909729e-04  2.60146648e-07  1.14909729e-04 -6.41751658e-06  1.14909729e-04  0.00000000e+00  1.14909729e-04  1.20000000e+00 
 1.15000010e-04  1.38911261e-02  1.15000010e-04  3.99500515e-01  1.15000010e-04  1.96394403e-06  1.15000010e-04 -2.57609015e-07  1.15000010e-04  6.69182862e-06  1.15000010e-04  0.00000000e+00  1.15000010e-04  1.20000000e+00 
 1.15000011e-04  1.38532826e-02  1.15000011e-04  3.93365225e-01  1.15000011e-04  3.11120685e-06  1.15000011e-04  9.42884360e-06  1.15000011e-04 -2.18568357e-04  1.15000011e-04  0.00000000e+00  1.15000011e-04  1.08000000e+00 
 1.15000013e-04  1.37665531e-02  1.15000013e-04  3.79430001e-01  1.15000013e-04  3.42915509e-06  1.15000013e-04  1.19500612e-05  1.15000013e-04 -2.82108163e-04  1.15000013e-04  0.00000000e+00  1.15000013e-04  8.40000000e-01 
 1.15000016e-04  1.36140376e-02  1.15000016e-04  3.56134858e-01  1.15000016e-04  3.23227652e-06  1.15000016e-04  8.33544551e-06  1.15000016e-04 -2.29014418e-04  1.15000016e-04  0.00000000e+00  1.15000016e-04  4.20000000e-01 
 1.15000020e-04  1.35052381e-02  1.15000020e-04  3.36901518e-01  1.15000020e-04  3.43666526e-06  1.15000020e-04  8.26415515e-06  1.15000020e-04 -2.49094536e-04  1.15000020e-04  0.00000000e+00  1.15000020e-04  0.00000000e+00 
 1.15000021e-04  1.35010971e-02  1.15000021e-04  3.36916220e-01  1.15000021e-04  2.66777257e-06  1.15000021e-04  5.15729427e-07  1.15000021e-04 -5.95928012e-05  1.15000021e-04  0.00000000e+00  1.15000021e-04  0.00000000e+00 
 1.15000022e-04  1.34962963e-02  1.15000022e-04  3.37868694e-01  1.15000022e-04  2.54152131e-06  1.15000022e-04 -1.46443130e-06  1.15000022e-04 -7.00411954e-06  1.15000022e-04  0.00000000e+00  1.15000022e-04  0.00000000e+00 
 1.15000025e-04  1.34892182e-02  1.15000025e-04  3.39379823e-01  1.15000025e-04  2.76491501e-06  1.15000025e-04  7.99496551e-07  1.15000025e-04 -4.19111158e-05  1.15000025e-04  0.00000000e+00  1.15000025e-04  0.00000000e+00 
 1.15000030e-04  1.34777475e-02  1.15000030e-04  3.40525171e-01  1.15000030e-04  2.45599796e-06  1.15000030e-04 -6.17976594e-07  1.15000030e-04  6.04863641e-07  1.15000030e-04  0.00000000e+00  1.15000030e-04  0.00000000e+00 
 1.15000042e-04  1.34652161e-02  1.15000042e-04  3.42175801e-01  1.15000042e-04  2.26970457e-06  1.15000042e-04  8.39417611e-07  1.15000042e-04 -2.29657556e-05  1.15000042e-04  0.00000000e+00  1.15000042e-04  0.00000000e+00 
 1.15000064e-04  1.34547472e-02  1.15000064e-04  3.46137312e-01  1.15000064e-04  1.87018230e-06  1.15000064e-04 -8.36171791e-07  1.15000064e-04  1.56320865e-05  1.15000064e-04  0.00000000e+00  1.15000064e-04  0.00000000e+00 
 1.15000109e-04  1.34478727e-02  1.15000109e-04  3.54552477e-01  1.15000109e-04  2.00421757e-06  1.15000109e-04  6.79931989e-07  1.15000109e-04 -1.57323773e-05  1.15000109e-04  0.00000000e+00  1.15000109e-04  0.00000000e+00 
 1.15000176e-04  1.34419291e-02  1.15000176e-04  3.64082025e-01  1.15000176e-04  1.86932784e-06  1.15000176e-04 -7.69172033e-07  1.15000176e-04  1.58024842e-05  1.15000176e-04  0.00000000e+00  1.15000176e-04  0.00000000e+00 
 1.15000309e-04  1.34365145e-02  1.15000309e-04  3.77111846e-01  1.15000309e-04  2.03716499e-06  1.15000309e-04  7.55984749e-07  1.15000309e-04 -1.58539865e-05  1.15000309e-04  0.00000000e+00  1.15000309e-04  0.00000000e+00 
 1.15000575e-04  1.34328122e-02  1.15000575e-04  3.90526487e-01  1.15000575e-04  1.90490039e-06  1.15000575e-04 -7.54624981e-07  1.15000575e-04  1.57743882e-05  1.15000575e-04  0.00000000e+00  1.15000575e-04  0.00000000e+00 
 1.15001109e-04  1.34299254e-02  1.15001109e-04  3.99328125e-01  1.15001109e-04  2.07106238e-06  1.15001109e-04  7.07597110e-07  1.15001109e-04 -1.58125837e-05  1.15001109e-04  0.00000000e+00  1.15001109e-04  0.00000000e+00 
 1.15002175e-04  1.34273133e-02  1.15002175e-04  4.01140804e-01  1.15002175e-04  1.92153217e-06  1.15002175e-04 -7.81981333e-07  1.15002175e-04  1.58066386e-05  1.15002175e-04  0.00000000e+00  1.15002175e-04  0.00000000e+00 
 1.15004203e-04  1.34315555e-02  1.15004203e-04  4.00346296e-01  1.15004203e-04  2.07377264e-06  1.15004203e-04  7.45378702e-07  1.15004203e-04 -1.57977980e-05  1.15004203e-04  0.00000000e+00  1.15004203e-04  0.00000000e+00 
 1.15007864e-04  1.34399933e-02  1.15007864e-04  3.99992239e-01  1.15007864e-04  1.92115101e-06  1.15007864e-04 -7.44015546e-07  1.15007864e-04  1.58082872e-05  1.15007864e-04  0.00000000e+00  1.15007864e-04  0.00000000e+00 
 1.15015184e-04  1.34502814e-02  1.15015184e-04  3.99574240e-01  1.15015184e-04  2.07377322e-06  1.15015184e-04  7.48566803e-07  1.15015184e-04 -1.57970762e-05  1.15015184e-04  0.00000000e+00  1.15015184e-04  0.00000000e+00 
 1.15029824e-04  1.34625746e-02  1.15029824e-04  3.99537609e-01  1.15029824e-04  1.92106464e-06  1.15029824e-04 -7.45975356e-07  1.15029824e-04  1.58080055e-05  1.15029824e-04  0.00000000e+00  1.15029824e-04  0.00000000e+00 
 1.15059106e-04  1.34660048e-02  1.15059106e-04  3.99519366e-01  1.15059106e-04  2.07378879e-06  1.15059106e-04  7.48535741e-07  1.15059106e-04 -1.57969530e-05  1.15059106e-04  0.00000000e+00  1.15059106e-04  0.00000000e+00 
 1.15117668e-04  1.34497959e-02  1.15117668e-04  3.99538468e-01  1.15117668e-04  1.92105906e-06  1.15117668e-04 -7.46012501e-07  1.15117668e-04  1.58079420e-05  1.15117668e-04  0.00000000e+00  1.15117668e-04  0.00000000e+00 
 1.15217668e-04  1.34133130e-02  1.15217668e-04  3.99520167e-01  1.15217668e-04  2.07379174e-06  1.15217668e-04  7.48554666e-07  1.15217668e-04 -1.57969403e-05  1.15217668e-04  0.00000000e+00  1.15217668e-04  0.00000000e+00 
 1.15317668e-04  1.33783543e-02  1.15317668e-04  3.99537524e-01  1.15317668e-04  1.92105689e-06  1.15317668e-04 -7.46025591e-07  1.15317668e-04  1.58078952e-05  1.15317668e-04  0.00000000e+00  1.15317668e-04  0.00000000e+00 
 1.15417668e-04  1.33426938e-02  1.15417668e-04  3.99521284e-01  1.15417668e-04  2.07379390e-06  1.15417668e-04  7.48566974e-07  1.15417668e-04 -1.57969421e-05  1.15417668e-04  0.00000000e+00  1.15417668e-04  0.00000000e+00 
 1.15517668e-04  1.33077175e-02  1.15517668e-04  3.99536278e-01  1.15517668e-04  1.92105476e-06  1.15517668e-04 -7.46037059e-07  1.15517668e-04  1.58078488e-05  1.15517668e-04  0.00000000e+00  1.15517668e-04  0.00000000e+00 
 1.15617668e-04  1.32723766e-02  1.15617668e-04  3.99522629e-01  1.15617668e-04  2.07379601e-06  1.15617668e-04  7.48577577e-07  1.15617668e-04 -1.57969441e-05  1.15617668e-04  0.00000000e+00  1.15617668e-04  0.00000000e+00 
 1.15717668e-04  1.32375705e-02  1.15717668e-04  3.99534864e-01  1.15717668e-04  1.92105266e-06  1.15717668e-04 -7.46046776e-07  1.15717668e-04  1.58078028e-05  1.15717668e-04  0.00000000e+00  1.15717668e-04  0.00000000e+00 
 1.15817668e-04  1.32024769e-02  1.15817668e-04  3.99524094e-01  1.15817668e-04  2.07379808e-06  1.15817668e-04  7.48586409e-07  1.15817668e-04 -1.57969461e-05  1.15817668e-04  0.00000000e+00  1.15817668e-04  0.00000000e+00 
 1.15917668e-04  1.31678673e-02  1.15917668e-04  3.99533368e-01  1.15917668e-04  1.92105062e-06  1.15917668e-04 -7.46054724e-07  1.15917668e-04  1.58077569e-05  1.15917668e-04  0.00000000e+00  1.15917668e-04  0.00000000e+00 
 1.16017668e-04  1.31330091e-02  1.16017668e-04  3.99525610e-01  1.16017668e-04  2.07380010e-06  1.16017668e-04  7.48593493e-07  1.16017668e-04 -1.57969481e-05  1.16017668e-04  0.00000000e+00  1.16017668e-04  0.00000000e+00 
 1.16117668e-04  1.30985999e-02  1.16117668e-04  3.99531845e-01  1.16117668e-04  1.92104864e-06  1.16117668e-04 -7.46060957e-07  1.16117668e-04  1.58077114e-05  1.16117668e-04  0.00000000e+00  1.16117668e-04  0.00000000e+00 
 1.16217668e-04  1.30639739e-02  1.16217668e-04  3.99527134e-01  1.16217668e-04  2.07380205e-06  1.16217668e-04  7.48598903e-07  1.16217668e-04 -1.57969502e-05  1.16217668e-04  0.00000000e+00  1.16217668e-04  0.00000000e+00 
 1.16317668e-04  1.30297653e-02  1.16317668e-04  3.99530330e-01  1.16317668e-04  1.92104671e-06  1.16317668e-04 -7.46065565e-07  1.16317668e-04  1.58076661e-05  1.16317668e-04  0.00000000e+00  1.16317668e-04  0.00000000e+00 
 1.16417668e-04  1.29953694e-02  1.16417668e-04  3.99528637e-01  1.16417668e-04  2.07380395e-06  1.16417668e-04  7.48602741e-07  1.16417668e-04 -1.57969523e-05  1.16417668e-04  0.00000000e+00  1.16417668e-04  0.00000000e+00 
 1.16517668e-04  1.29613615e-02  1.16517668e-04  3.99528846e-01  1.16517668e-04  1.92104484e-06  1.16517668e-04 -7.46068657e-07  1.16517668e-04  1.58076210e-05  1.16517668e-04  0.00000000e+00  1.16517668e-04  0.00000000e+00 
 1.16617668e-04  1.29271939e-02  1.16617668e-04  3.99530102e-01  1.16617668e-04  2.07380579e-06  1.16617668e-04  7.48605123e-07  1.16617668e-04 -1.57969545e-05  1.16617668e-04  0.00000000e+00  1.16617668e-04  0.00000000e+00 
 1.16717668e-04  1.28933865e-02  1.16717668e-04  3.99527406e-01  1.16717668e-04  1.92104303e-06  1.16717668e-04 -7.46070354e-07  1.16717668e-04  1.58075761e-05  1.16717668e-04  0.00000000e+00  1.16717668e-04  0.00000000e+00 
 1.16817668e-04  1.28594455e-02  1.16817668e-04  3.99531518e-01  1.16817668e-04  2.07380757e-06  1.16817668e-04  7.48606169e-07  1.16817668e-04 -1.57969566e-05  1.16817668e-04  0.00000000e+00  1.16817668e-04  0.00000000e+00 
 1.16917668e-04  1.28258383e-02  1.16917668e-04  3.99526018e-01  1.16917668e-04  1.92104128e-06  1.16917668e-04 -7.46070773e-07  1.16917668e-04  1.58075314e-05  1.16917668e-04  0.00000000e+00  1.16917668e-04  0.00000000e+00 
 1.17017668e-04  1.27921222e-02  1.17017668e-04  3.99532880e-01  1.17017668e-04  2.07380930e-06  1.17017668e-04  7.48605997e-07  1.17017668e-04 -1.57969587e-05  1.17017668e-04  0.00000000e+00  1.17017668e-04  0.00000000e+00 
 1.17117668e-04  1.27587151e-02  1.17117668e-04  3.99524686e-01  1.17117668e-04  1.92103958e-06  1.17117668e-04 -7.46070034e-07  1.17117668e-04  1.58074870e-05  1.17117668e-04  0.00000000e+00  1.17117668e-04  0.00000000e+00 
 1.17217668e-04  1.27252221e-02  1.17217668e-04  3.99534183e-01  1.17217668e-04  2.07381096e-06  1.17217668e-04  7.48604723e-07  1.17217668e-04 -1.57969608e-05  1.17217668e-04  0.00000000e+00  1.17217668e-04  0.00000000e+00 
 1.17317668e-04  1.26920147e-02  1.17317668e-04  3.99523413e-01  1.17317668e-04  1.92103794e-06  1.17317668e-04 -7.46068245e-07  1.17317668e-04  1.58074427e-05  1.17317668e-04  0.00000000e+00  1.17317668e-04  0.00000000e+00 
 1.17417668e-04  1.26587432e-02  1.17417668e-04  3.99535428e-01  1.17417668e-04  2.07381258e-06  1.17417668e-04  7.48602452e-07  1.17417668e-04 -1.57969629e-05  1.17417668e-04  0.00000000e+00  1.17417668e-04  0.00000000e+00 
 1.17517668e-04  1.26257353e-02  1.17517668e-04  3.99522199e-01  1.17517668e-04  1.92103635e-06  1.17517668e-04 -7.46065513e-07  1.17517668e-04  1.58073987e-05  1.17517668e-04  0.00000000e+00  1.17517668e-04  0.00000000e+00 
 1.17617668e-04  1.25926838e-02  1.17617668e-04  3.99536614e-01  1.17617668e-04  2.07381414e-06  1.17617668e-04  7.48599287e-07  1.17617668e-04 -1.57969650e-05  1.17617668e-04  0.00000000e+00  1.17617668e-04  0.00000000e+00 
 1.17717668e-04  1.25598750e-02  1.17717668e-04  3.99521044e-01  1.17717668e-04  1.92103481e-06  1.17717668e-04 -7.46061932e-07  1.17717668e-04  1.58073548e-05  1.17717668e-04  0.00000000e+00  1.17717668e-04  0.00000000e+00 
 1.17817668e-04  1.25270418e-02  1.17817668e-04  3.99537742e-01  1.17817668e-04  2.07381566e-06  1.17817668e-04  7.48595319e-07  1.17817668e-04 -1.57969670e-05  1.17817668e-04  0.00000000e+00  1.17817668e-04  0.00000000e+00 
 1.17917668e-04  1.24944316e-02  1.17917668e-04  3.99519945e-01  1.17917668e-04  1.92103332e-06  1.17917668e-04 -7.46057594e-07  1.17917668e-04  1.58073111e-05  1.17917668e-04  0.00000000e+00  1.17917668e-04  0.00000000e+00 
 1.18017668e-04  1.24618153e-02  1.18017668e-04  3.99538814e-01  1.18017668e-04  2.07381712e-06  1.18017668e-04  7.48590635e-07  1.18017668e-04 -1.57969690e-05  1.18017668e-04  0.00000000e+00  1.18017668e-04  0.00000000e+00 
 1.18117668e-04  1.24294034e-02  1.18117668e-04  3.99518902e-01  1.18117668e-04  1.92103188e-06  1.18117668e-04 -7.46052579e-07  1.18117668e-04  1.58072676e-05  1.18117668e-04  0.00000000e+00  1.18117668e-04  0.00000000e+00 
 1.18217668e-04  1.23970024e-02  1.18217668e-04  3.99539831e-01  1.18217668e-04  2.07381855e-06  1.18217668e-04  7.48585313e-07  1.18217668e-04 -1.57969710e-05  1.18217668e-04  0.00000000e+00  1.18217668e-04  0.00000000e+00 
 1.18317668e-04  1.23647883e-02  1.18317668e-04  3.99517912e-01  1.18317668e-04  1.92103048e-06  1.18317668e-04 -7.46046962e-07  1.18317668e-04  1.58072242e-05  1.18317668e-04  0.00000000e+00  1.18317668e-04  0.00000000e+00 
 1.18417668e-04  1.23326012e-02  1.18417668e-04  3.99540795e-01  1.18417668e-04  2.07381993e-06  1.18417668e-04  7.48579424e-07  1.18417668e-04 -1.57969729e-05  1.18417668e-04  0.00000000e+00  1.18417668e-04  0.00000000e+00 
 1.18517668e-04  1.23005844e-02  1.18517668e-04  3.99516974e-01  1.18517668e-04  1.92102912e-06  1.18517668e-04 -7.46040811e-07  1.18517668e-04  1.58071810e-05  1.18517668e-04  0.00000000e+00  1.18517668e-04  0.00000000e+00 
 1.18617668e-04  1.22686098e-02  1.18617668e-04  3.99541710e-01  1.18617668e-04  2.07382127e-06  1.18617668e-04  7.48573032e-07  1.18617668e-04 -1.57969747e-05  1.18617668e-04  0.00000000e+00  1.18617668e-04  0.00000000e+00 
 1.18717668e-04  1.22367897e-02  1.18717668e-04  3.99516085e-01  1.18717668e-04  1.92102780e-06  1.18717668e-04 -7.46034189e-07  1.18717668e-04  1.58071379e-05  1.18717668e-04  0.00000000e+00  1.18717668e-04  0.00000000e+00 
 1.18817668e-04  1.22050262e-02  1.18817668e-04  3.99542576e-01  1.18817668e-04  2.07382257e-06  1.18817668e-04  7.48566198e-07  1.18817668e-04 -1.57969765e-05  1.18817668e-04  0.00000000e+00  1.18817668e-04  0.00000000e+00 
 1.18917668e-04  1.21734024e-02  1.18917668e-04  3.99515243e-01  1.18917668e-04  1.92102651e-06  1.18917668e-04 -7.46027151e-07  1.18917668e-04  1.58070950e-05  1.18917668e-04  0.00000000e+00  1.18917668e-04  0.00000000e+00 
 1.19017668e-04  1.21418486e-02  1.19017668e-04  3.99543396e-01  1.19017668e-04  2.07382383e-06  1.19017668e-04  7.48558974e-07  1.19017668e-04 -1.57969781e-05  1.19017668e-04  0.00000000e+00  1.19017668e-04  0.00000000e+00 
 1.19117668e-04  1.21104204e-02  1.19117668e-04  3.99514446e-01  1.19117668e-04  1.92102527e-06  1.19117668e-04 -7.46019749e-07  1.19117668e-04  1.58070522e-05  1.19117668e-04  0.00000000e+00  1.19117668e-04  0.00000000e+00 
 1.19217668e-04  1.20790749e-02  1.19217668e-04  3.99544172e-01  1.19217668e-04  2.07382506e-06  1.19217668e-04  7.48551410e-07  1.19217668e-04 -1.57969798e-05  1.19217668e-04  0.00000000e+00  1.19217668e-04  0.00000000e+00 
 1.19317668e-04  1.20478418e-02  1.19317668e-04  3.99513692e-01  1.19317668e-04  1.92102405e-06  1.19317668e-04 -7.46012029e-07  1.19317668e-04  1.58070095e-05  1.19317668e-04  0.00000000e+00  1.19317668e-04  0.00000000e+00 
 1.19417668e-04  1.20167034e-02  1.19417668e-04  3.99544906e-01  1.19417668e-04  2.07382626e-06  1.19417668e-04  7.48543549e-07  1.19417668e-04 -1.57969813e-05  1.19417668e-04  0.00000000e+00  1.19417668e-04  0.00000000e+00 
 1.19517668e-04  1.19856647e-02  1.19517668e-04  3.99512979e-01  1.19517668e-04  1.92102287e-06  1.19517668e-04 -7.46004032e-07  1.19517668e-04  1.58069670e-05  1.19517668e-04  0.00000000e+00  1.19517668e-04  0.00000000e+00 
 1.19617668e-04  1.19547320e-02  1.19617668e-04  3.99545600e-01  1.19617668e-04  2.07382742e-06  1.19617668e-04  7.48535431e-07  1.19617668e-04 -1.57969828e-05  1.19617668e-04  0.00000000e+00  1.19617668e-04  0.00000000e+00 
 1.19717668e-04  1.19238871e-02  1.19717668e-04  3.99512305e-01  1.19717668e-04  1.92102172e-06  1.19717668e-04 -7.45995796e-07  1.19717668e-04  1.58069246e-05  1.19717668e-04  0.00000000e+00  1.19717668e-04  0.00000000e+00 
 1.19817668e-04  1.18931589e-02  1.19817668e-04  3.99546256e-01  1.19817668e-04  2.07382856e-06  1.19817668e-04  7.48527092e-07  1.19817668e-04 -1.57969841e-05  1.19817668e-04  0.00000000e+00  1.19817668e-04  0.00000000e+00 
 1.19917668e-04  1.18625072e-02  1.19917668e-04  3.99511668e-01  1.19917668e-04  1.92102060e-06  1.19917668e-04 -7.45987357e-07  1.19917668e-04  1.58068823e-05  1.19917668e-04  0.00000000e+00  1.19917668e-04  0.00000000e+00 
 1.20017668e-04  1.18319821e-02  1.20017668e-04  3.99546876e-01  1.20017668e-04  2.07382966e-06  1.20017668e-04  7.48518564e-07  1.20017668e-04 -1.57969854e-05  1.20017668e-04  0.00000000e+00  1.20017668e-04  0.00000000e+00 
 1.20117668e-04  1.18015228e-02  1.20117668e-04  3.99511066e-01  1.20117668e-04  1.92101951e-06  1.20117668e-04 -7.45978744e-07  1.20117668e-04  1.58068402e-05  1.20117668e-04  0.00000000e+00  1.20117668e-04  0.00000000e+00 
 1.20217668e-04  1.17711997e-02  1.20217668e-04  3.99547462e-01  1.20217668e-04  2.07383074e-06  1.20217668e-04  7.48509878e-07  1.20217668e-04 -1.57969866e-05  1.20217668e-04  0.00000000e+00  1.20217668e-04  0.00000000e+00 
 1.20317668e-04  1.17409322e-02  1.20317668e-04  3.99510497e-01  1.20317668e-04  1.92101845e-06  1.20317668e-04 -7.45969987e-07  1.20317668e-04  1.58067982e-05  1.20317668e-04  0.00000000e+00  1.20317668e-04  0.00000000e+00 
 1.20417668e-04  1.17108098e-02  1.20417668e-04  3.99548015e-01  1.20417668e-04  2.07383180e-06  1.20417668e-04  7.48501060e-07  1.20417668e-04 -1.57969877e-05  1.20417668e-04  0.00000000e+00  1.20417668e-04  0.00000000e+00 
 1.20517668e-04  1.16807334e-02  1.20517668e-04  3.99509960e-01  1.20517668e-04  1.92101740e-06  1.20517668e-04 -7.45961109e-07  1.20517668e-04  1.58067562e-05  1.20517668e-04  0.00000000e+00  1.20517668e-04  0.00000000e+00 
 1.20617668e-04  1.16508104e-02  1.20617668e-04  3.99548537e-01  1.20617668e-04  2.07383282e-06  1.20617668e-04  7.48492133e-07  1.20617668e-04 -1.57969887e-05  1.20617668e-04  0.00000000e+00  1.20617668e-04  0.00000000e+00 
 1.20717668e-04  1.16209245e-02  1.20717668e-04  3.99509454e-01  1.20717668e-04  1.92101639e-06  1.20717668e-04 -7.45952134e-07  1.20717668e-04  1.58067144e-05  1.20717668e-04  0.00000000e+00  1.20717668e-04  0.00000000e+00 
 1.20817668e-04  1.15911998e-02  1.20817668e-04  3.99549030e-01  1.20817668e-04  2.07383383e-06  1.20817668e-04  7.48483119e-07  1.20817668e-04 -1.57969896e-05  1.20817668e-04  0.00000000e+00  1.20817668e-04  0.00000000e+00 
 1.20917668e-04  1.15615035e-02  1.20917668e-04  3.99508976e-01  1.20917668e-04  1.92101540e-06  1.20917668e-04 -7.45943082e-07  1.20917668e-04  1.58066727e-05  1.20917668e-04  0.00000000e+00  1.20917668e-04  0.00000000e+00 
 1.21017668e-04  1.15319759e-02  1.21017668e-04  3.99549495e-01  1.21017668e-04  2.07383481e-06  1.21017668e-04  7.48474038e-07  1.21017668e-04 -1.57969904e-05  1.21017668e-04  0.00000000e+00  1.21017668e-04  0.00000000e+00 
 1.21117668e-04  1.15024685e-02  1.21117668e-04  3.99508525e-01  1.21117668e-04  1.92101442e-06  1.21117668e-04 -7.45933971e-07  1.21117668e-04  1.58066311e-05  1.21117668e-04  0.00000000e+00  1.21117668e-04  0.00000000e+00 
 1.21217668e-04  1.14731368e-02  1.21217668e-04  3.99549933e-01  1.21217668e-04  2.07383577e-06  1.21217668e-04  7.48464908e-07  1.21217668e-04 -1.57969911e-05  1.21217668e-04  0.00000000e+00  1.21217668e-04  0.00000000e+00 
 1.21317668e-04  1.14438176e-02  1.21317668e-04  3.99508100e-01  1.21317668e-04  1.92101347e-06  1.21317668e-04 -7.45924819e-07  1.21317668e-04  1.58065896e-05  1.21317668e-04  0.00000000e+00  1.21317668e-04  0.00000000e+00 
 1.21417668e-04  1.14146807e-02  1.21417668e-04  3.99550347e-01  1.21417668e-04  2.07383671e-06  1.21417668e-04  7.48455743e-07  1.21417668e-04 -1.57969916e-05  1.21417668e-04  0.00000000e+00  1.21417668e-04  0.00000000e+00 
 1.21517668e-04  1.13855488e-02  1.21517668e-04  3.99507700e-01  1.21517668e-04  1.92101254e-06  1.21517668e-04 -7.45915640e-07  1.21517668e-04  1.58065482e-05  1.21517668e-04  0.00000000e+00  1.21517668e-04  0.00000000e+00 
 1.21617668e-04  1.13566056e-02  1.21617668e-04  3.99550736e-01  1.21617668e-04  2.07383763e-06  1.21617668e-04  7.48446558e-07  1.21617668e-04 -1.57969921e-05  1.21617668e-04  0.00000000e+00  1.21617668e-04  0.00000000e+00 
 1.21717668e-04  1.13276604e-02  1.21717668e-04  3.99507322e-01  1.21717668e-04  1.92101163e-06  1.21717668e-04 -7.45906448e-07  1.21717668e-04  1.58065069e-05  1.21717668e-04  0.00000000e+00  1.21717668e-04  0.00000000e+00 
 1.21817668e-04  1.12989097e-02  1.21817668e-04  3.99551103e-01  1.21817668e-04  2.07383854e-06  1.21817668e-04  7.48437365e-07  1.21817668e-04 -1.57969924e-05  1.21817668e-04  0.00000000e+00  1.21817668e-04  0.00000000e+00 
 1.21917668e-04  1.12701502e-02  1.21917668e-04  3.99506967e-01  1.21917668e-04  1.92101073e-06  1.21917668e-04 -7.45897254e-07  1.21917668e-04  1.58064657e-05  1.21917668e-04  0.00000000e+00  1.21917668e-04  0.00000000e+00 
 1.22017668e-04  1.12415909e-02  1.22017668e-04  3.99551448e-01  1.22017668e-04  2.07383942e-06  1.22017668e-04  7.48428177e-07  1.22017668e-04 -1.57969926e-05  1.22017668e-04  0.00000000e+00  1.22017668e-04  0.00000000e+00 
 1.22117668e-04  1.12130165e-02  1.22117668e-04  3.99506632e-01  1.22117668e-04  1.92100986e-06  1.22117668e-04 -7.45888069e-07  1.22117668e-04  1.58064246e-05  1.22117668e-04  0.00000000e+00  1.22117668e-04  0.00000000e+00 
 1.22217668e-04  1.11846475e-02  1.22217668e-04  3.99551774e-01  1.22217668e-04  2.07384029e-06  1.22217668e-04  7.48419002e-07  1.22217668e-04 -1.57969928e-05  1.22217668e-04  0.00000000e+00  1.22217668e-04  0.00000000e+00 
 1.22317668e-04  1.11562573e-02  1.22317668e-04  3.99506317e-01  1.22317668e-04  1.92100900e-06  1.22317668e-04 -7.45878902e-07  1.22317668e-04  1.58063836e-05  1.22317668e-04  0.00000000e+00  1.22317668e-04  0.00000000e+00 
 1.22417668e-04  1.11280774e-02  1.22417668e-04  3.99552080e-01  1.22417668e-04  2.07384115e-06  1.22417668e-04  7.48409850e-07  1.22417668e-04 -1.57969927e-05  1.22417668e-04  0.00000000e+00  1.22417668e-04  0.00000000e+00 
 1.22517668e-04  1.10998707e-02  1.22517668e-04  3.99506021e-01  1.22517668e-04  1.92100815e-06  1.22517668e-04 -7.45869763e-07  1.22517668e-04  1.58063427e-05  1.22517668e-04  0.00000000e+00  1.22517668e-04  0.00000000e+00 
 1.22617668e-04  1.10718789e-02  1.22617668e-04  3.99552368e-01  1.22617668e-04  2.07384198e-06  1.22617668e-04  7.48400729e-07  1.22617668e-04 -1.57969926e-05  1.22617668e-04  0.00000000e+00  1.22617668e-04  0.00000000e+00 
 1.22717668e-04  1.10438548e-02  1.22717668e-04  3.99505742e-01  1.22717668e-04  1.92100732e-06  1.22717668e-04 -7.45860657e-07  1.22717668e-04  1.58063018e-05  1.22717668e-04  0.00000000e+00  1.22717668e-04  0.00000000e+00 
 1.22817668e-04  1.10160500e-02  1.22817668e-04  3.99552638e-01  1.22817668e-04  2.07384281e-06  1.22817668e-04  7.48391646e-07  1.22817668e-04 -1.57969924e-05  1.22817668e-04  0.00000000e+00  1.22817668e-04  0.00000000e+00 
 1.22917668e-04  1.09882077e-02  1.22917668e-04  3.99505480e-01  1.22917668e-04  1.92100650e-06  1.22917668e-04 -7.45851593e-07  1.22917668e-04  1.58062611e-05  1.22917668e-04  0.00000000e+00  1.22917668e-04  0.00000000e+00 
 1.23017668e-04  1.09605889e-02  1.23017668e-04  3.99552893e-01  1.23017668e-04  2.07384361e-06  1.23017668e-04  7.48382607e-07  1.23017668e-04 -1.57969920e-05  1.23017668e-04  0.00000000e+00  1.23017668e-04  0.00000000e+00 
 1.23117668e-04  1.09329275e-02  1.23117668e-04  3.99505234e-01  1.23117668e-04  1.92100570e-06  1.23117668e-04 -7.45842576e-07  1.23117668e-04  1.58062204e-05  1.23117668e-04  0.00000000e+00  1.23117668e-04  0.00000000e+00 
 1.23217668e-04  1.09054936e-02  1.23217668e-04  3.99553132e-01  1.23217668e-04  2.07384441e-06  1.23217668e-04  7.48373617e-07  1.23217668e-04 -1.57969915e-05  1.23217668e-04  0.00000000e+00  1.23217668e-04  0.00000000e+00 
 1.23317668e-04  1.08780123e-02  1.23317668e-04  3.99505003e-01  1.23317668e-04  1.92100491e-06  1.23317668e-04 -7.45833611e-07  1.23317668e-04  1.58061798e-05  1.23317668e-04  0.00000000e+00  1.23317668e-04  0.00000000e+00 
 1.23417668e-04  1.08507622e-02  1.23417668e-04  3.99553356e-01  1.23417668e-04  2.07384519e-06  1.23417668e-04  7.48364682e-07  1.23417668e-04 -1.57969908e-05  1.23417668e-04  0.00000000e+00  1.23417668e-04  0.00000000e+00 
 1.23517668e-04  1.08234602e-02  1.23517668e-04  3.99504786e-01  1.23517668e-04  1.92100414e-06  1.23517668e-04 -7.45824702e-07  1.23517668e-04  1.58061393e-05  1.23517668e-04  0.00000000e+00  1.23517668e-04  0.00000000e+00 
 1.23617668e-04  1.07963929e-02  1.23617668e-04  3.99553567e-01  1.23617668e-04  2.07384596e-06  1.23617668e-04  7.48355805e-07  1.23617668e-04 -1.57969901e-05  1.23617668e-04  0.00000000e+00  1.23617668e-04  0.00000000e+00 
 1.23717668e-04  1.07692694e-02  1.23717668e-04  3.99504583e-01  1.23717668e-04  1.92100337e-06  1.23717668e-04 -7.45815854e-07  1.23717668e-04  1.58060988e-05  1.23717668e-04  0.00000000e+00  1.23717668e-04  0.00000000e+00 
 1.23817668e-04  1.07423838e-02  1.23817668e-04  3.99553764e-01  1.23817668e-04  2.07384672e-06  1.23817668e-04  7.48346990e-07  1.23817668e-04 -1.57969892e-05  1.23817668e-04  0.00000000e+00  1.23817668e-04  0.00000000e+00 
 1.23917668e-04  1.07154379e-02  1.23917668e-04  3.99504392e-01  1.23917668e-04  1.92100262e-06  1.23917668e-04 -7.45807069e-07  1.23917668e-04  1.58060585e-05  1.23917668e-04  0.00000000e+00  1.23917668e-04  0.00000000e+00 
 1.24017668e-04  1.06887330e-02  1.24017668e-04  3.99553950e-01  1.24017668e-04  2.07384747e-06  1.24017668e-04  7.48338241e-07  1.24017668e-04 -1.57969882e-05  1.24017668e-04  0.00000000e+00  1.24017668e-04  0.00000000e+00 
 1.24117668e-04  1.06619638e-02  1.24117668e-04  3.99504213e-01  1.24117668e-04  1.92100188e-06  1.24117668e-04 -7.45798351e-07  1.24117668e-04  1.58060182e-05  1.24117668e-04  0.00000000e+00  1.24117668e-04  0.00000000e+00 
 1.24217668e-04  1.06354386e-02  1.24217668e-04  3.99554123e-01  1.24217668e-04  2.07384821e-06  1.24217668e-04  7.48329559e-07  1.24217668e-04 -1.57969870e-05  1.24217668e-04  0.00000000e+00  1.24217668e-04  0.00000000e+00 
 1.24317668e-04  1.06088453e-02  1.24317668e-04  3.99504046e-01  1.24317668e-04  1.92100114e-06  1.24317668e-04 -7.45789702e-07  1.24317668e-04  1.58059780e-05  1.24317668e-04  0.00000000e+00  1.24317668e-04  0.00000000e+00 
 1.24417668e-04  1.05824988e-02  1.24417668e-04  3.99554286e-01  1.24417668e-04  2.07384894e-06  1.24417668e-04  7.48320947e-07  1.24417668e-04 -1.57969858e-05  1.24417668e-04  0.00000000e+00  1.24417668e-04  0.00000000e+00 
 1.24517668e-04  1.05560806e-02  1.24517668e-04  3.99503889e-01  1.24517668e-04  1.92100042e-06  1.24517668e-04 -7.45781124e-07  1.24517668e-04  1.58059379e-05  1.24517668e-04  0.00000000e+00  1.24517668e-04  0.00000000e+00 
 1.24617668e-04  1.05299117e-02  1.24617668e-04  3.99554438e-01  1.24617668e-04  2.07384965e-06  1.24617668e-04  7.48312407e-07  1.24617668e-04 -1.57969843e-05  1.24617668e-04  0.00000000e+00  1.24617668e-04  0.00000000e+00 
 1.24717668e-04  1.05036676e-02  1.24717668e-04  3.99503743e-01  1.24717668e-04  1.92099971e-06  1.24717668e-04 -7.45772618e-07  1.24717668e-04  1.58058978e-05  1.24717668e-04  0.00000000e+00  1.24717668e-04  0.00000000e+00 
 1.24817668e-04  1.04776754e-02  1.24817668e-04  3.99554580e-01  1.24817668e-04  2.07385036e-06  1.24817668e-04  7.48303940e-07  1.24817668e-04 -1.57969828e-05  1.24817668e-04  0.00000000e+00  1.24817668e-04  0.00000000e+00 
 1.24908834e-04  1.04538970e-02  1.24908834e-04  3.99503599e-01  1.24908834e-04  1.92099897e-06  1.24908834e-04 -7.45763780e-07  1.24908834e-04  1.58058576e-05  1.24908834e-04  0.00000000e+00  1.24908834e-04  0.00000000e+00 
 1.25000000e-04  1.04303579e-02  1.25000000e-04  3.99554725e-01  1.25000000e-04  2.07385113e-06  1.25000000e-04  7.48294738e-07  1.25000000e-04 -1.57969774e-05  1.25000000e-04  1.62630326e-09  1.25000000e-04  0.00000000e+00 
 1.25000001e-04  1.04334529e-02  1.25000001e-04  4.00480042e-01  1.25000001e-04  1.78549821e-06  1.25000001e-04  2.96212422e-06  1.25000001e-04 -1.24289956e-06  1.25000001e-04  1.20000001e-01  1.25000001e-04  0.00000000e+00 
 1.25000003e-04  1.04401451e-02  1.25000003e-04  4.02376717e-01  1.25000003e-04  1.76343023e-06  1.25000003e-04  2.90492371e-06  1.25000003e-04 -2.25626385e-07  1.25000003e-04  3.60000000e-01  1.25000003e-04  0.00000000e+00 
 1.25000006e-04  1.04504740e-02  1.25000006e-04  4.05085227e-01  1.25000006e-04  1.85806806e-06  1.25000006e-04  5.36654909e-07  1.25000006e-04 -8.87247794e-07  1.25000006e-04  7.79999999e-01  1.25000006e-04  0.00000000e+00 
 1.25000010e-04  1.04578102e-02  1.25000010e-04  4.06800827e-01  1.25000010e-04  1.88973909e-06  1.25000010e-04 -6.48337571e-07  1.25000010e-04  1.49571889e-07  1.25000010e-04  1.20000000e+00  1.25000010e-04  0.00000000e+00 
 1.25000011e-04  1.04573780e-02  1.25000011e-04  4.06558834e-01  1.25000011e-04  2.05972765e-06  1.25000011e-04 -3.29078263e-06  1.25000011e-04  2.75686100e-07  1.25000011e-04  1.20000000e+00  1.25000011e-04  0.00000000e+00 
 1.25000012e-04  1.04562613e-02  1.25000012e-04  4.06067665e-01  1.25000012e-04  2.07612131e-06  1.25000012e-04 -3.63510765e-06  1.25000012e-04  2.98769698e-07  1.25000012e-04  1.20000000e+00  1.25000012e-04  0.00000000e+00 
 1.25000015e-04  1.04539936e-02  1.25000015e-04  4.05203257e-01  1.25000015e-04  2.04470658e-06  1.25000015e-04 -2.64342621e-06  1.25000015e-04  2.11528298e-07  1.25000015e-04  1.20000000e+00  1.25000015e-04  0.00000000e+00 
 1.25000021e-04  1.04494115e-02  1.25000021e-04  4.03699896e-01  1.25000021e-04  2.06120707e-06  1.25000021e-04 -2.31227036e-06  1.25000021e-04  2.25970535e-07  1.25000021e-04  1.20000000e+00  1.25000021e-04  0.00000000e+00 
 1.25000032e-04  1.04367676e-02  1.25000032e-04  4.00214221e-01  1.25000032e-04  2.07384933e-06  1.25000032e-04 -7.91468817e-07  1.25000032e-04  2.66382235e-07  1.25000032e-04  1.20000000e+00  1.25000032e-04  0.00000000e+00 
 1.25000054e-04  1.03889394e-02  1.25000054e-04  3.85937451e-01  1.25000054e-04  2.23778479e-06  1.25000054e-04  9.17109745e-07  1.25000054e-04  7.15928719e-07  1.25000054e-04  1.20000000e+00  1.25000054e-04  0.00000000e+00 
 1.25000085e-04  1.03498974e-02  1.25000085e-04  3.69559387e-01  1.25000085e-04  2.05859559e-06  1.25000085e-04  5.53229069e-06  1.25000085e-04  1.14121756e-07  1.25000085e-04  1.20000000e+00  1.25000085e-04  0.00000000e+00 
 1.25000119e-04  1.03674818e-02  1.25000119e-04  3.59386632e-01  1.25000119e-04  2.13895854e-06  1.25000119e-04  2.20865026e-06  1.25000119e-04  3.60940170e-07  1.25000119e-04  1.20000000e+00  1.25000119e-04  0.00000000e+00 
 1.25000186e-04  1.04549706e-02  1.25000186e-04  3.46526614e-01  1.25000186e-04  1.99737041e-06  1.25000186e-04  2.95318232e-06  1.25000186e-04 -4.68620959e-08  1.25000186e-04  1.20000000e+00  1.25000186e-04  0.00000000e+00 
 1.25000252e-04  1.05422499e-02  1.25000252e-04  3.38889429e-01  1.25000252e-04  2.08882126e-06  1.25000252e-04  6.34360796e-07  1.25000252e-04  2.45912489e-07  1.25000252e-04  1.20000000e+00  1.25000252e-04  0.00000000e+00 
 1.25000384e-04  1.06736357e-02  1.25000384e-04  3.30979703e-01  1.25000384e-04  1.95416228e-06  1.25000384e-04  2.31311751e-06  1.25000384e-04 -1.36640767e-07  1.25000384e-04  1.20000000e+00  1.25000384e-04  0.00000000e+00 
 1.25000606e-04  1.08127614e-02  1.25000606e-04  3.29932779e-01  1.25000606e-04  2.04405851e-06  1.25000606e-04  1.64042209e-07  1.25000606e-04  1.51423092e-07  1.25000606e-04  1.20000000e+00  1.25000606e-04  0.00000000e+00 
 1.25001048e-04  1.09514603e-02  1.25001048e-04  3.39423023e-01  1.25001048e-04  1.93006566e-06  1.25001048e-04  1.90054407e-06  1.25001048e-04 -1.83081551e-07  1.25001048e-04  1.20000000e+00  1.25001048e-04  0.00000000e+00 
 1.25001703e-04  1.10410531e-02  1.25001703e-04  3.52725191e-01  1.25001703e-04  2.04451389e-06  1.25001703e-04 -1.99654148e-07  1.25001703e-04  1.54820975e-07  1.25001703e-04  1.20000000e+00  1.25001703e-04  0.00000000e+00 
 1.25002754e-04  1.11256562e-02  1.25002754e-04  3.64972384e-01  1.25002754e-04  1.93983900e-06  1.25002754e-04  1.63358163e-06  1.25002754e-04 -1.62789053e-07  1.25002754e-04  1.20000000e+00  1.25002754e-04  0.00000000e+00 
 1.25004685e-04  1.12500864e-02  1.25004685e-04  3.77565935e-01  1.25004685e-04  2.05054414e-06  1.25004685e-04 -3.51736477e-07  1.25004685e-04  1.66450750e-07  1.25004685e-04  1.20000000e+00  1.25004685e-04  0.00000000e+00 
 1.25008548e-04  1.14781598e-02  1.25008548e-04  3.90708000e-01  1.25008548e-04  1.94272001e-06  1.25008548e-04  1.59694786e-06  1.25008548e-04 -1.58902613e-07  1.25008548e-04  1.20000000e+00  1.25008548e-04  0.00000000e+00 
 1.25016274e-04  1.19303610e-02  1.25016274e-04  3.98647664e-01  1.25016274e-04  2.05215334e-06  1.25016274e-04 -3.45916450e-07  1.25016274e-04  1.68084754e-07  1.25016274e-04  1.20000000e+00  1.25016274e-04  0.00000000e+00 
 1.25031726e-04  1.28260657e-02  1.25031726e-04  3.99712482e-01  1.25031726e-04  1.94290811e-06  1.25031726e-04  1.60339219e-06  1.25031726e-04 -1.57871377e-07  1.25031726e-04  1.20000000e+00  1.25031726e-04  0.00000000e+00 
 1.25058995e-04  1.43894913e-02  1.25058995e-04  3.99452895e-01  1.25058995e-04  2.05192965e-06  1.25058995e-04 -3.42792386e-07  1.25058995e-04  1.68998312e-07  1.25058995e-04  1.20000000e+00  1.25058995e-04  0.00000000e+00 
 1.25113535e-04  1.74897393e-02  1.25113535e-04  3.99593537e-01  1.25113535e-04  1.94292198e-06  1.25113535e-04  1.60370683e-06  1.25113535e-04 -1.56363038e-07  1.25113535e-04  1.20000000e+00  1.25113535e-04  0.00000000e+00 
 1.25213535e-04  2.31600402e-02  1.25213535e-04  3.99486234e-01  1.25213535e-04  2.05192684e-06  1.25213535e-04 -3.41043602e-07  1.25213535e-04  1.71598757e-07  1.25213535e-04  1.20000000e+00  1.25213535e-04  0.00000000e+00 
 1.25313535e-04  2.88256539e-02  1.25313535e-04  3.99573888e-01  1.25313535e-04  1.94292322e-06  1.25313535e-04  1.60548511e-06  1.25313535e-04 -1.53349808e-07  1.25313535e-04  1.20000000e+00  1.25313535e-04  0.00000000e+00 
 1.25413535e-04  3.44875994e-02  1.25413535e-04  3.99500995e-01  1.25413535e-04  2.05192591e-06  1.25413535e-04 -3.39161518e-07  1.25413535e-04  1.74206658e-07  1.25413535e-04  1.20000000e+00  1.25413535e-04  0.00000000e+00 
 1.25513535e-04  4.01465359e-02  1.25513535e-04  3.99559812e-01  1.25513535e-04  1.94292392e-06  1.25513535e-04  1.60703124e-06  1.25513535e-04 -1.51092114e-07  1.25513535e-04  1.20000000e+00  1.25513535e-04  0.00000000e+00 
 1.25613535e-04  4.58037889e-02  1.25613535e-04  3.99511444e-01  1.25613535e-04  2.05192534e-06  1.25613535e-04 -3.37539081e-07  1.25613535e-04  1.76170034e-07  1.25613535e-04  1.20000000e+00  1.25613535e-04  0.00000000e+00 
 1.25713535e-04  5.14594811e-02  1.25713535e-04  3.99549573e-01  1.25713535e-04  1.94292439e-06  1.25713535e-04  1.60836763e-06  1.25713535e-04 -1.49383223e-07  1.25713535e-04  1.20000000e+00  1.25713535e-04  0.00000000e+00 
 1.25813535e-04  5.71146016e-02  1.25813535e-04  3.99518956e-01  1.25813535e-04  2.05192492e-06  1.25813535e-04 -3.36145109e-07  1.25813535e-04  1.77664077e-07  1.25813535e-04  1.20000000e+00  1.25813535e-04  0.00000000e+00 
 1.25913535e-04  6.27691289e-02  1.25913535e-04  3.99542011e-01  1.25913535e-04  1.94292477e-06  1.25913535e-04  1.60951829e-06  1.25913535e-04 -1.48074929e-07  1.25913535e-04  1.20000000e+00  1.25913535e-04  0.00000000e+00 
 1.26013535e-04  6.84237353e-02  1.26013535e-04  3.99524444e-01  1.26013535e-04  2.05192453e-06  1.26013535e-04 -3.34949651e-07  1.26013535e-04  1.78814686e-07  1.26013535e-04  1.20000000e+00  1.26013535e-04  0.00000000e+00 
 1.26113535e-04  7.40783510e-02  1.26113535e-04  3.99536344e-01  1.26113535e-04  1.94292515e-06  1.26113535e-04  1.61050755e-06  1.26113535e-04 -1.47060241e-07  1.26113535e-04  1.20000000e+00  1.26113535e-04  0.00000000e+00 
 1.26213535e-04  7.97334112e-02  1.26213535e-04  3.99528521e-01  1.26213535e-04  2.05192412e-06  1.26213535e-04 -3.33924330e-07  1.26213535e-04  1.79713258e-07  1.26213535e-04  1.20000000e+00  1.26213535e-04  0.00000000e+00 
 1.26313535e-04  8.53888350e-02  1.26313535e-04  3.99532041e-01  1.26313535e-04  1.94292557e-06  1.26313535e-04  1.61135906e-06  1.26313535e-04 -1.46260966e-07  1.26313535e-04  1.20000000e+00  1.26313535e-04  0.00000000e+00 
 1.26413535e-04  9.10448865e-02  1.26413535e-04  3.99531601e-01  1.26413535e-04  2.05192367e-06  1.26413535e-04 -3.33042716e-07  1.26413535e-04  1.80427105e-07  1.26413535e-04  1.20000000e+00  1.26413535e-04  0.00000000e+00 
 1.26513535e-04  9.67014921e-02  1.26513535e-04  3.99528735e-01  1.26513535e-04  1.94292604e-06  1.26513535e-04  1.61209515e-06  1.26513535e-04 -1.45619064e-07  1.26513535e-04  1.20000000e+00  1.26513535e-04  0.00000000e+00 
 1.26613535e-04  1.02358793e-01  1.26613535e-04  3.99533965e-01  1.26613535e-04  2.05192317e-06  1.26613535e-04 -3.32280621e-07  1.26613535e-04  1.81006561e-07  1.26613535e-04  1.20000000e+00  1.26613535e-04  0.00000000e+00 
 1.26713535e-04  1.08016731e-01  1.26713535e-04  3.99526170e-01  1.26713535e-04  1.94292655e-06  1.26713535e-04  1.61273633e-06  1.26713535e-04 -1.45090887e-07  1.26713535e-04  1.20000000e+00  1.26713535e-04  0.00000000e+00 
 1.26813535e-04  1.13675360e-01  1.26813535e-04  3.99535808e-01  1.26813535e-04  2.05192262e-06  1.26813535e-04 -3.31616309e-07  1.26813535e-04  1.81489608e-07  1.26813535e-04  1.20000000e+00  1.26813535e-04  0.00000000e+00 
 1.26913535e-04  1.19334643e-01  1.26913535e-04  3.99524162e-01  1.26913535e-04  1.94292711e-06  1.26913535e-04  1.61330095e-06  1.26913535e-04 -1.44643488e-07  1.26913535e-04  1.20000000e+00  1.26913535e-04  0.00000000e+00 
 1.27013535e-04  1.24994571e-01  1.27013535e-04  3.99537266e-01  1.27013535e-04  2.05192204e-06  1.27013535e-04 -3.31030634e-07  1.27013535e-04  1.81904825e-07  1.27013535e-04  1.20000000e+00  1.27013535e-04  0.00000000e+00 
 1.27113535e-04  1.30655127e-01  1.27113535e-04  3.99522580e-01  1.27113535e-04  1.94292771e-06  1.27113535e-04  1.61380510e-06  1.27113535e-04 -1.44252251e-07  1.27113535e-04  1.20000000e+00  1.27113535e-04  0.00000000e+00 
 1.27213535e-04  1.36316264e-01  1.27213535e-04  3.99538431e-01  1.27213535e-04  2.05192142e-06  1.27213535e-04 -3.30507078e-07  1.27213535e-04  1.82273349e-07  1.27213535e-04  1.20000000e+00  1.27213535e-04  0.00000000e+00 
 1.27313535e-04  1.41978047e-01  1.27313535e-04  3.99521382e-01  1.27313535e-04  1.94292834e-06  1.27313535e-04  1.61428104e-06  1.27313535e-04 -1.43895586e-07  1.27313535e-04  1.20000000e+00  1.27313535e-04  0.00000000e+00 
 1.27413535e-04  1.47640305e-01  1.27413535e-04  3.99539369e-01  1.27413535e-04  2.05192076e-06  1.27413535e-04 -3.30037725e-07  1.27413535e-04  1.82613347e-07  1.27413535e-04  1.20000000e+00  1.27413535e-04  0.00000000e+00 
 1.27513535e-04  1.53303075e-01  1.27513535e-04  3.99520395e-01  1.27513535e-04  1.94292901e-06  1.27513535e-04  1.61469748e-06  1.27513535e-04 -1.43569276e-07  1.27513535e-04  1.20000000e+00  1.27513535e-04  0.00000000e+00 
 1.27613535e-04  1.58966303e-01  1.27613535e-04  3.99540123e-01  1.27613535e-04  2.05192009e-06  1.27613535e-04 -3.29597070e-07  1.27613535e-04  1.82928468e-07  1.27613535e-04  1.20000000e+00  1.27613535e-04  0.00000000e+00 
 1.27713535e-04  1.64629993e-01  1.27713535e-04  3.99519605e-01  1.27713535e-04  1.94292969e-06  1.27713535e-04  1.61508905e-06  1.27713535e-04 -1.43259349e-07  1.27713535e-04  1.20000000e+00  1.27713535e-04  0.00000000e+00 
 1.27813535e-04  1.70294082e-01  1.27813535e-04  3.99540745e-01  1.27813535e-04  2.05191940e-06  1.27813535e-04 -3.29184796e-07  1.27813535e-04  1.83230159e-07  1.27813535e-04  1.20000000e+00  1.27813535e-04  0.00000000e+00 
 1.27913535e-04  1.75958589e-01  1.27913535e-04  3.99518975e-01  1.27913535e-04  1.94293039e-06  1.27913535e-04  1.61546261e-06  1.27913535e-04 -1.42960140e-07  1.27913535e-04  1.20000000e+00  1.27913535e-04  0.00000000e+00 
 1.28013535e-04  1.81623446e-01  1.28013535e-04  3.99541259e-01  1.28013535e-04  2.05191870e-06  1.28013535e-04 -3.28793534e-07  1.28013535e-04  1.83523012e-07  1.28013535e-04  1.20000000e+00  1.28013535e-04  0.00000000e+00 
 1.28113535e-04  1.87288684e-01  1.28113535e-04  3.99518474e-01  1.28113535e-04  1.94293110e-06  1.28113535e-04  1.61582335e-06  1.28113535e-04 -1.42667980e-07  1.28113535e-04  1.20000000e+00  1.28113535e-04  0.00000000e+00 
 1.28213535e-04  1.92954237e-01  1.28213535e-04  3.99541684e-01  1.28213535e-04  2.05191798e-06  1.28213535e-04 -3.28417695e-07  1.28213535e-04  1.83809978e-07  1.28213535e-04  1.20000000e+00  1.28213535e-04  0.00000000e+00 
 1.28313535e-04  1.98620139e-01  1.28313535e-04  3.99518079e-01  1.28313535e-04  1.94293183e-06  1.28313535e-04  1.61617512e-06  1.28313535e-04 -1.42380533e-07  1.28313535e-04  1.20000000e+00  1.28313535e-04  0.00000000e+00 
 1.28413535e-04  2.04286332e-01  1.28413535e-04  3.99542035e-01  1.28413535e-04  2.05191726e-06  1.28413535e-04 -3.28053125e-07  1.28413535e-04  1.84092926e-07  1.28413535e-04  1.20000000e+00  1.28413535e-04  0.00000000e+00 
 1.28513535e-04  2.09952846e-01  1.28513535e-04  3.99517772e-01  1.28513535e-04  1.94293255e-06  1.28513535e-04  1.61652068e-06  1.28513535e-04 -1.42096338e-07  1.28513535e-04  1.20000000e+00  1.28513535e-04  0.00000000e+00 
 1.28613535e-04  2.15619635e-01  1.28613535e-04  3.99542325e-01  1.28613535e-04  2.05191654e-06  1.28613535e-04 -3.27696809e-07  1.28613535e-04  1.84373019e-07  1.28613535e-04  1.20000000e+00  1.28613535e-04  0.00000000e+00 
 1.28713535e-04  2.21286722e-01  1.28713535e-04  3.99517538e-01  1.28713535e-04  1.94293329e-06  1.28713535e-04  1.61686196e-06  1.28713535e-04 -1.41814496e-07  1.28713535e-04  1.20000000e+00  1.28713535e-04  0.00000000e+00 
 1.28813535e-04  2.26954077e-01  1.28813535e-04  3.99542564e-01  1.28813535e-04  2.05191581e-06  1.28813535e-04 -3.27346600e-07  1.28813535e-04  1.84650971e-07  1.28813535e-04  1.20000000e+00  1.28813535e-04  0.00000000e+00 
 1.28913535e-04  2.32621705e-01  1.28913535e-04  3.99517367e-01  1.28913535e-04  1.94293402e-06  1.28913535e-04  1.61720027e-06  1.28913535e-04 -1.41534465e-07  1.28913535e-04  1.20000000e+00  1.28913535e-04  0.00000000e+00 
 1.29013535e-04  2.38289600e-01  1.29013535e-04  3.99542761e-01  1.29013535e-04  2.05191507e-06  1.29013535e-04 -3.27001014e-07  1.29013535e-04  1.84927210e-07  1.29013535e-04  1.20000000e+00  1.29013535e-04  0.00000000e+00 
 1.29113535e-04  2.43957745e-01  1.29113535e-04  3.99517251e-01  1.29113535e-04  1.94293476e-06  1.29113535e-04  1.61753643e-06  1.29113535e-04 -1.41255934e-07  1.29113535e-04  1.20000000e+00  1.29113535e-04  0.00000000e+00 
 1.29213535e-04  2.49626161e-01  1.29213535e-04  3.99542924e-01  1.29213535e-04  2.05191434e-06  1.29213535e-04 -3.26659031e-07  1.29213535e-04  1.85201977e-07  1.29213535e-04  1.20000000e+00  1.29213535e-04  0.00000000e+00 
 1.29313535e-04  2.55294798e-01  1.29313535e-04  3.99517187e-01  1.29313535e-04  1.94293550e-06  1.29313535e-04  1.61787096e-06  1.29313535e-04 -1.40978735e-07  1.29313535e-04  1.20000000e+00  1.29313535e-04  0.00000000e+00 
 1.29413535e-04  2.60963718e-01  1.29413535e-04  3.99543058e-01  1.29413535e-04  2.05191360e-06  1.29413535e-04 -3.26319959e-07  1.29413535e-04  1.85475401e-07  1.29413535e-04  1.20000000e+00  1.29413535e-04  0.00000000e+00 
 1.29513535e-04  2.66632826e-01  1.29513535e-04  3.99517172e-01  1.29513535e-04  1.94293624e-06  1.29513535e-04  1.61820418e-06  1.29513535e-04 -1.40702789e-07  1.29513535e-04  1.20000000e+00  1.29513535e-04  0.00000000e+00 
 1.29613535e-04  2.72302232e-01  1.29613535e-04  3.99543169e-01  1.29613535e-04  2.05191286e-06  1.29613535e-04 -3.25983313e-07  1.29613535e-04  1.85747539e-07  1.29613535e-04  1.20000000e+00  1.29613535e-04  0.00000000e+00 
 1.29713535e-04  2.77971788e-01  1.29713535e-04  3.99517206e-01  1.29713535e-04  1.94293698e-06  1.29713535e-04  1.61853627e-06  1.29713535e-04 -1.40428074e-07  1.29713535e-04  1.20000000e+00  1.29713535e-04  0.00000000e+00 
 1.29813535e-04  2.83641662e-01  1.29813535e-04  3.99543261e-01  1.29813535e-04  2.05191213e-06  1.29813535e-04 -3.25648741e-07  1.29813535e-04  1.86018401e-07  1.29813535e-04  1.20000000e+00  1.29813535e-04  0.00000000e+00 
 1.29913535e-04  2.89311639e-01  1.29913535e-04  3.99517293e-01  1.29913535e-04  1.94293771e-06  1.29913535e-04  1.61886736e-06  1.29913535e-04 -1.40154601e-07  1.29913535e-04  1.20000000e+00  1.29913535e-04  0.00000000e+00 
 1.30013535e-04  2.94981962e-01  1.30013535e-04  3.99543338e-01  1.30013535e-04  2.05191139e-06  1.30013535e-04 -3.25315960e-07  1.30013535e-04  1.86287974e-07  1.30013535e-04  1.20000000e+00  1.30013535e-04  0.00000000e+00 
 1.30113535e-04  3.00652331e-01  1.30113535e-04  3.99517437e-01  1.30113535e-04  1.94293845e-06  1.30113535e-04  1.61919756e-06  1.30113535e-04 -1.39882403e-07  1.30113535e-04  1.20000000e+00  1.30113535e-04  0.00000000e+00 
 1.30213535e-04  3.06323083e-01  1.30213535e-04  3.99543400e-01  1.30213535e-04  2.05191066e-06  1.30213535e-04 -3.24984728e-07  1.30213535e-04  1.86556230e-07  1.30213535e-04  1.20000000e+00  1.30213535e-04  0.00000000e+00 
 1.30313535e-04  3.11993810e-01  1.30313535e-04  3.99517644e-01  1.30313535e-04  1.94293918e-06  1.30313535e-04  1.61952693e-06  1.30313535e-04 -1.39611518e-07  1.30313535e-04  1.20000000e+00  1.30313535e-04  0.00000000e+00 
 1.30413535e-04  3.17664969e-01  1.30413535e-04  3.99543447e-01  1.30413535e-04  2.05190994e-06  1.30413535e-04 -3.24654820e-07  1.30413535e-04  1.86823131e-07  1.30413535e-04  1.20000000e+00  1.30413535e-04  0.00000000e+00 
 1.30513535e-04  3.23336020e-01  1.30513535e-04  3.99517918e-01  1.30513535e-04  1.94293990e-06  1.30513535e-04  1.61985557e-06  1.30513535e-04 -1.39341994e-07  1.30513535e-04  1.20000000e+00  1.30513535e-04  0.00000000e+00 
 1.30613535e-04  3.29007567e-01  1.30613535e-04  3.99543477e-01  1.30613535e-04  2.05190921e-06  1.30613535e-04 -3.24326014e-07  1.30613535e-04  1.87088641e-07  1.30613535e-04  1.20000000e+00  1.30613535e-04  0.00000000e+00 
 1.30713535e-04  3.34678911e-01  1.30713535e-04  3.99518263e-01  1.30713535e-04  1.94294062e-06  1.30713535e-04  1.62018357e-06  1.30713535e-04 -1.39073876e-07  1.30713535e-04  1.20000000e+00  1.30713535e-04  0.00000000e+00 
 1.30813535e-04  3.40350828e-01  1.30813535e-04  3.99543486e-01  1.30813535e-04  2.05190850e-06  1.30813535e-04 -3.23998083e-07  1.30813535e-04  1.87352721e-07  1.30813535e-04  1.20000000e+00  1.30813535e-04  0.00000000e+00 
 1.30913535e-04  3.46022439e-01  1.30913535e-04  3.99518677e-01  1.30913535e-04  1.94294133e-06  1.30913535e-04  1.62051107e-06  1.30913535e-04 -1.38807207e-07  1.30913535e-04  1.20000000e+00  1.30913535e-04  0.00000000e+00 
 1.31013535e-04  3.51694715e-01  1.31013535e-04  3.99543470e-01  1.31013535e-04  2.05190779e-06  1.31013535e-04 -3.23670776e-07  1.31013535e-04  1.87615337e-07  1.31013535e-04  1.20000000e+00  1.31013535e-04  0.00000000e+00 
 1.31113535e-04  3.57366577e-01  1.31113535e-04  3.99519155e-01  1.31113535e-04  1.94294204e-06  1.31113535e-04  1.62083820e-06  1.31113535e-04 -1.38542031e-07  1.31113535e-04  1.20000000e+00  1.31113535e-04  0.00000000e+00 
 1.31213535e-04  3.63039209e-01  1.31213535e-04  3.99543428e-01  1.31213535e-04  2.05190709e-06  1.31213535e-04 -3.23343818e-07  1.31213535e-04  1.87876457e-07  1.31213535e-04  1.20000000e+00  1.31213535e-04  0.00000000e+00 
 1.31313535e-04  3.68711317e-01  1.31313535e-04  3.99519691e-01  1.31313535e-04  1.94294274e-06  1.31313535e-04  1.62116517e-06  1.31313535e-04 -1.38278382e-07  1.31313535e-04  1.20000000e+00  1.31313535e-04  0.00000000e+00 
 1.31413535e-04  3.74384309e-01  1.31413535e-04  3.99543360e-01  1.31413535e-04  2.05190639e-06  1.31413535e-04 -3.23016902e-07  1.31413535e-04  1.88136053e-07  1.31413535e-04  1.20000000e+00  1.31413535e-04  0.00000000e+00 
 1.31513535e-04  3.80056670e-01  1.31513535e-04  3.99520272e-01  1.31513535e-04  1.94294343e-06  1.31513535e-04  1.62149222e-06  1.31513535e-04 -1.38016294e-07  1.31513535e-04  1.20000000e+00  1.31513535e-04  0.00000000e+00 
 1.31613535e-04  3.85730034e-01  1.31613535e-04  3.99543269e-01  1.31613535e-04  2.05190571e-06  1.31613535e-04 -3.22689677e-07  1.31613535e-04  1.88394104e-07  1.31613535e-04  1.20000000e+00  1.31613535e-04  0.00000000e+00 
 1.31713535e-04  3.91402667e-01  1.31713535e-04  3.99520886e-01  1.31713535e-04  1.94294411e-06  1.31713535e-04  1.62181964e-06  1.31713535e-04 -1.37755793e-07  1.31713535e-04  1.20000000e+00  1.31713535e-04  0.00000000e+00 
 1.31813535e-04  3.97076425e-01  1.31813535e-04  3.99543161e-01  1.31813535e-04  2.05190504e-06  1.31813535e-04 -3.22361753e-07  1.31813535e-04  1.88650588e-07  1.31813535e-04  1.20000000e+00  1.31813535e-04  0.00000000e+00 
 1.31913535e-04  4.02749357e-01  1.31913535e-04  3.99521521e-01  1.31913535e-04  1.94294477e-06  1.31913535e-04  1.62214778e-06  1.31913535e-04 -1.37496902e-07  1.31913535e-04  1.20000000e+00  1.31913535e-04  0.00000000e+00 
 1.32013535e-04  4.08423536e-01  1.32013535e-04  3.99543045e-01  1.32013535e-04  2.05190438e-06  1.32013535e-04 -3.22032693e-07  1.32013535e-04  1.88905491e-07  1.32013535e-04  1.20000000e+00  1.32013535e-04  0.00000000e+00 
 1.32113535e-04  4.14096805e-01  1.32113535e-04  3.99522166e-01  1.32113535e-04  1.94294543e-06  1.32113535e-04  1.62247707e-06  1.32113535e-04 -1.37239638e-07  1.32113535e-04  1.20000000e+00  1.32113535e-04  0.00000000e+00 
 1.32213535e-04  4.19771439e-01  1.32213535e-04  3.99542927e-01  1.32213535e-04  2.05190373e-06  1.32213535e-04 -3.21702013e-07  1.32213535e-04  1.89158800e-07  1.32213535e-04  1.20000000e+00  1.32213535e-04  0.00000000e+00 
 1.32313535e-04  4.25445090e-01  1.32313535e-04  3.99522811e-01  1.32313535e-04  1.94294607e-06  1.32313535e-04  1.62280796e-06  1.32313535e-04 -1.36984016e-07  1.32313535e-04  1.20000000e+00  1.32313535e-04  0.00000000e+00 
 1.32413535e-04  4.31120221e-01  1.32413535e-04  3.99542818e-01  1.32413535e-04  2.05190309e-06  1.32413535e-04 -3.21369175e-07  1.32413535e-04  1.89410505e-07  1.32413535e-04  1.20000000e+00  1.32413535e-04  0.00000000e+00 
 1.32513535e-04  4.36794305e-01  1.32513535e-04  3.99523449e-01  1.32513535e-04  1.94294670e-06  1.32513535e-04  1.62314101e-06  1.32513535e-04 -1.36730044e-07  1.32513535e-04  1.20000000e+00  1.32513535e-04  0.00000000e+00 
 1.32613535e-04  4.42469977e-01  1.32613535e-04  3.99542727e-01  1.32613535e-04  2.05190247e-06  1.32613535e-04 -3.21033584e-07  1.32613535e-04  1.89660599e-07  1.32613535e-04  1.20000000e+00  1.32613535e-04  0.00000000e+00 
 1.32713535e-04  4.48144552e-01  1.32713535e-04  3.99524075e-01  1.32713535e-04  1.94294732e-06  1.32713535e-04  1.62347680e-06  1.32713535e-04 -1.36477728e-07  1.32713535e-04  1.20000000e+00  1.32713535e-04  0.00000000e+00 
 1.32813535e-04  4.53820819e-01  1.32813535e-04  3.99542661e-01  1.32813535e-04  2.05190186e-06  1.32813535e-04 -3.20694581e-07  1.32813535e-04  1.89909079e-07  1.32813535e-04  1.20000000e+00  1.32813535e-04  0.00000000e+00 
 1.32913535e-04  4.59495947e-01  1.32913535e-04  3.99524687e-01  1.32913535e-04  1.94294793e-06  1.32913535e-04  1.62381603e-06  1.32913535e-04 -1.36227070e-07  1.32913535e-04  1.20000000e+00  1.32913535e-04  0.00000000e+00 
 1.33013535e-04  4.65172867e-01  1.33013535e-04  3.99542627e-01  1.33013535e-04  2.05190126e-06  1.33013535e-04 -3.20351436e-07  1.33013535e-04  1.90155943e-07  1.33013535e-04  1.20000000e+00  1.33013535e-04  0.00000000e+00 
 1.33113535e-04  4.70848617e-01  1.33113535e-04  3.99525285e-01  1.33113535e-04  1.94294852e-06  1.33113535e-04  1.62415945e-06  1.33113535e-04 -1.35978070e-07  1.33113535e-04  1.20000000e+00  1.33113535e-04  0.00000000e+00 
 1.33213535e-04  4.76526253e-01  1.33213535e-04  3.99542634e-01  1.33213535e-04  2.05190067e-06  1.33213535e-04 -3.20003349e-07  1.33213535e-04  1.90401190e-07  1.33213535e-04  1.20000000e+00  1.33213535e-04  0.00000000e+00 
 1.33313535e-04  4.82202700e-01  1.33313535e-04  3.99525870e-01  1.33313535e-04  1.94294910e-06  1.33313535e-04  1.62450788e-06  1.33313535e-04 -1.35730725e-07  1.33313535e-04  1.20000000e+00  1.33313535e-04  0.00000000e+00 
 1.33413535e-04  4.87881126e-01  1.33413535e-04  3.99542687e-01  1.33413535e-04  2.05190010e-06  1.33413535e-04 -3.19649434e-07  1.33413535e-04  1.90644824e-07  1.33413535e-04  1.20000000e+00  1.33413535e-04  0.00000000e+00 
 1.33513535e-04  4.93558352e-01  1.33513535e-04  3.99526446e-01  1.33513535e-04  1.94294968e-06  1.33513535e-04  1.62486225e-06  1.33513535e-04 -1.35485028e-07  1.33513535e-04  1.20000000e+00  1.33513535e-04  0.00000000e+00 
 1.33613535e-04  4.99237645e-01  1.33613535e-04  3.99542794e-01  1.33613535e-04  2.05189953e-06  1.33613535e-04 -3.19288721e-07  1.33613535e-04  1.90886848e-07  1.33613535e-04  1.20000000e+00  1.33613535e-04  0.00000000e+00 
 1.33713535e-04  5.04915737e-01  1.33713535e-04  3.99527018e-01  1.33713535e-04  1.94295024e-06  1.33713535e-04  1.62522356e-06  1.33713535e-04 -1.35240971e-07  1.33713535e-04  1.20000000e+00  1.33713535e-04  0.00000000e+00 
 1.33813535e-04  5.10595986e-01  1.33813535e-04  3.99542961e-01  1.33813535e-04  2.05189897e-06  1.33813535e-04 -3.18920159e-07  1.33813535e-04  1.91127269e-07  1.33813535e-04  1.20000000e+00  1.33813535e-04  0.00000000e+00 
 1.33913535e-04  5.16275042e-01  1.33913535e-04  3.99527593e-01  1.33913535e-04  1.94295079e-06  1.33913535e-04  1.62559290e-06  1.33913535e-04 -1.34998545e-07  1.33913535e-04  1.20000000e+00  1.33913535e-04  0.00000000e+00 
 1.34013535e-04  5.21956341e-01  1.34013535e-04  3.99543199e-01  1.34013535e-04  2.05189843e-06  1.34013535e-04 -3.18542626e-07  1.34013535e-04  1.91366094e-07  1.34013535e-04  1.20000000e+00  1.34013535e-04  0.00000000e+00 
 1.34113535e-04  5.27636464e-01  1.34113535e-04  3.99528178e-01  1.34113535e-04  1.94295133e-06  1.34113535e-04  1.62597141e-06  1.34113535e-04 -1.34757738e-07  1.34113535e-04  1.20000000e+00  1.34113535e-04  0.00000000e+00 
 1.34213535e-04  5.33318918e-01  1.34213535e-04  3.99543515e-01  1.34213535e-04  2.05189789e-06  1.34213535e-04 -3.18154954e-07  1.34213535e-04  1.91603333e-07  1.34213535e-04  1.20000000e+00  1.34213535e-04  0.00000000e+00 
 1.34313535e-04  5.39000223e-01  1.34313535e-04  3.99528784e-01  1.34313535e-04  1.94295187e-06  1.34313535e-04  1.62636026e-06  1.34313535e-04 -1.34518536e-07  1.34313535e-04  1.20000000e+00  1.34313535e-04  0.00000000e+00 
 1.34413535e-04  5.44683945e-01  1.34413535e-04  3.99543924e-01  1.34413535e-04  2.05189736e-06  1.34413535e-04 -3.17755963e-07  1.34413535e-04  1.91838996e-07  1.34413535e-04  1.20000000e+00  1.34413535e-04  0.00000000e+00 
 1.34513535e-04  5.50366552e-01  1.34513535e-04  3.99529424e-01  1.34513535e-04  1.94295240e-06  1.34513535e-04  1.62676061e-06  1.34513535e-04 -1.34280925e-07  1.34513535e-04  1.20000000e+00  1.34513535e-04  0.00000000e+00 
 1.34613535e-04  5.56051663e-01  1.34613535e-04  3.99544442e-01  1.34613535e-04  2.05189683e-06  1.34613535e-04 -3.17344528e-07  1.34613535e-04  1.92073093e-07  1.34613535e-04  1.20000000e+00  1.34613535e-04  0.00000000e+00 
 1.34713535e-04  5.61735700e-01  1.34713535e-04  3.99530113e-01  1.34713535e-04  1.94295292e-06  1.34713535e-04  1.62717353e-06  1.34713535e-04 -1.34044888e-07  1.34713535e-04  1.20000000e+00  1.34713535e-04  0.00000000e+00 
 1.34813535e-04  5.67422328e-01  1.34813535e-04  3.99545090e-01  1.34813535e-04  2.05189631e-06  1.34813535e-04 -3.16919674e-07  1.34813535e-04  1.92305639e-07  1.34813535e-04  1.20000000e+00  1.34813535e-04  0.00000000e+00 
 1.34913535e-04  5.73107926e-01  1.34913535e-04  3.99530870e-01  1.34913535e-04  1.94295344e-06  1.34913535e-04  1.62759988e-06  1.34913535e-04 -1.33810409e-07  1.34913535e-04  1.20000000e+00  1.34913535e-04  0.00000000e+00 
 1.35013535e-04  5.78796200e-01  1.35013535e-04  3.99545895e-01  1.35013535e-04  2.05189580e-06  1.35013535e-04 -3.16480691e-07  1.35013535e-04  1.92536645e-07  1.35013535e-04  1.20000000e+00  1.35013535e-04  0.00000000e+00 
 1.35113535e-04  5.84483494e-01  1.35113535e-04  3.99531720e-01  1.35113535e-04  1.94295395e-06  1.35113535e-04  1.62804022e-06  1.35113535e-04 -1.33577469e-07  1.35113535e-04  1.20000000e+00  1.35113535e-04  0.00000000e+00 
 1.35213535e-04  5.90173544e-01  1.35213535e-04  3.99546891e-01  1.35213535e-04  2.05189529e-06  1.35213535e-04 -3.16027293e-07  1.35213535e-04  1.92766125e-07  1.35213535e-04  1.20000000e+00  1.35213535e-04  0.00000000e+00 
 1.35313535e-04  5.95862664e-01  1.35313535e-04  3.99532690e-01  1.35313535e-04  1.94295446e-06  1.35313535e-04  1.62849459e-06  1.35313535e-04 -1.33346049e-07  1.35313535e-04  1.20000000e+00  1.35313535e-04  0.00000000e+00 
 1.35413535e-04  6.01554611e-01  1.35413535e-04  3.99548119e-01  1.35413535e-04  2.05189478e-06  1.35413535e-04 -3.15559759e-07  1.35413535e-04  1.92994092e-07  1.35413535e-04  1.20000000e+00  1.35413535e-04  0.00000000e+00 
 1.35513535e-04  6.07245675e-01  1.35513535e-04  3.99533810e-01  1.35513535e-04  1.94295497e-06  1.35513535e-04  1.62896248e-06  1.35513535e-04 -1.33116131e-07  1.35513535e-04  1.20000000e+00  1.35513535e-04  0.00000000e+00 
 1.35613535e-04  6.12939628e-01  1.35613535e-04  3.99549623e-01  1.35613535e-04  2.05189428e-06  1.35613535e-04 -3.15079040e-07  1.35613535e-04  1.93220560e-07  1.35613535e-04  1.20000000e+00  1.35613535e-04  0.00000000e+00 
 1.35713535e-04  6.18632739e-01  1.35713535e-04  3.99535113e-01  1.35713535e-04  1.94295547e-06  1.35713535e-04  1.62944269e-06  1.35713535e-04 -1.32887694e-07  1.35713535e-04  1.20000000e+00  1.35713535e-04  0.00000000e+00 
 1.35813535e-04  6.24328788e-01  1.35813535e-04  3.99551448e-01  1.35813535e-04  2.05189378e-06  1.35813535e-04 -3.14586752e-07  1.35813535e-04  1.93445540e-07  1.35813535e-04  1.20000000e+00  1.35813535e-04  0.00000000e+00 
 1.35913535e-04  6.30024027e-01  1.35913535e-04  3.99536623e-01  1.35913535e-04  1.94295598e-06  1.35913535e-04  1.62993350e-06  1.35913535e-04 -1.32660720e-07  1.35913535e-04  1.20000000e+00  1.35913535e-04  0.00000000e+00 
 1.36013535e-04  6.35722235e-01  1.36013535e-04  3.99553629e-01  1.36013535e-04  2.05189327e-06  1.36013535e-04 -3.14084980e-07  1.36013535e-04  1.93669043e-07  1.36013535e-04  1.20000000e+00  1.36013535e-04  0.00000000e+00 
 1.36113535e-04  6.41419660e-01  1.36113535e-04  3.99538357e-01  1.36113535e-04  1.94295649e-06  1.36113535e-04  1.63043292e-06  1.36113535e-04 -1.32435188e-07  1.36113535e-04  1.20000000e+00  1.36113535e-04  0.00000000e+00 
 1.36213535e-04  6.47120070e-01  1.36213535e-04  3.99556187e-01  1.36213535e-04  2.05189277e-06  1.36213535e-04 -3.13575846e-07  1.36213535e-04  1.93891079e-07  1.36213535e-04  1.20000000e+00  1.36213535e-04  0.00000000e+00 
 1.36313535e-04  6.52819717e-01  1.36313535e-04  3.99540313e-01  1.36313535e-04  1.94295700e-06  1.36313535e-04  1.63093929e-06  1.36313535e-04 -1.32211080e-07  1.36313535e-04  1.20000000e+00  1.36313535e-04  0.00000000e+00 
 1.36413535e-04  6.58522356e-01  1.36413535e-04  3.99559116e-01  1.36413535e-04  2.05189225e-06  1.36413535e-04 -3.13060894e-07  1.36413535e-04  1.94111658e-07  1.36413535e-04  1.20000000e+00  1.36413535e-04  0.00000000e+00 
 1.36513535e-04  6.64224252e-01  1.36513535e-04  3.99542473e-01  1.36513535e-04  1.94295752e-06  1.36513535e-04  1.63145191e-06  1.36513535e-04 -1.31988376e-07  1.36513535e-04  1.20000000e+00  1.36513535e-04  0.00000000e+00 
 1.36613535e-04  6.69929146e-01  1.36613535e-04  3.99562385e-01  1.36613535e-04  2.05189174e-06  1.36613535e-04 -3.12540312e-07  1.36613535e-04  1.94330787e-07  1.36613535e-04  1.20000000e+00  1.36613535e-04  0.00000000e+00 
 1.36713535e-04  6.75633326e-01  1.36713535e-04  3.99544803e-01  1.36713535e-04  1.94295805e-06  1.36713535e-04  1.63197186e-06  1.36713535e-04 -1.31767057e-07  1.36713535e-04  1.20000000e+00  1.36713535e-04  0.00000000e+00 
 1.36813535e-04  6.81340519e-01  1.36813535e-04  3.99565940e-01  1.36813535e-04  2.05189121e-06  1.36813535e-04 -3.12012178e-07  1.36813535e-04  1.94548477e-07  1.36813535e-04  1.20000000e+00  1.36813535e-04  0.00000000e+00 
 1.36913535e-04  6.87047050e-01  1.36913535e-04  3.99547258e-01  1.36913535e-04  1.94295858e-06  1.36913535e-04  1.63250270e-06  1.36913535e-04 -1.31547103e-07  1.36913535e-04  1.20000000e+00  1.36913535e-04  0.00000000e+00 
 1.37013535e-04  6.92756633e-01  1.37013535e-04  3.99569705e-01  1.37013535e-04  2.05189067e-06  1.37013535e-04 -3.11471774e-07  1.37013535e-04  1.94764741e-07  1.37013535e-04  1.20000000e+00  1.37013535e-04  0.00000000e+00 
 1.37113535e-04  6.98465642e-01  1.37113535e-04  3.99549787e-01  1.37113535e-04  1.94295913e-06  1.37113535e-04  1.63305108e-06  1.37113535e-04 -1.31328493e-07  1.37113535e-04  1.20000000e+00  1.37113535e-04  0.00000000e+00 
 1.37213535e-04  7.04177782e-01  1.37213535e-04  3.99573594e-01  1.37213535e-04  2.05189013e-06  1.37213535e-04 -3.10911051e-07  1.37213535e-04  1.94979593e-07  1.37213535e-04  1.20000000e+00  1.37213535e-04  0.00000000e+00 
 1.37313535e-04  7.09889488e-01  1.37313535e-04  3.99552342e-01  1.37313535e-04  1.94295969e-06  1.37313535e-04  1.63362720e-06  1.37313535e-04 -1.31111202e-07  1.37313535e-04  1.20000000e+00  1.37313535e-04  0.00000000e+00 
 1.37413535e-04  7.15604464e-01  1.37413535e-04  3.99577520e-01  1.37413535e-04  2.05188957e-06  1.37413535e-04 -3.10318206e-07  1.37413535e-04  1.95193054e-07  1.37413535e-04  1.20000000e+00  1.37413535e-04  0.00000000e+00 
 1.37513535e-04  7.21319213e-01  1.37513535e-04  3.99554880e-01  1.37513535e-04  1.94296026e-06  1.37513535e-04  1.63424522e-06  1.37513535e-04 -1.30895205e-07  1.37513535e-04  1.20000000e+00  1.37513535e-04  0.00000000e+00 
 1.37613535e-04  7.27037448e-01  1.37613535e-04  3.99581400e-01  1.37613535e-04  2.05188899e-06  1.37613535e-04 -3.09677272e-07  1.37613535e-04  1.95405151e-07  1.37613535e-04  1.20000000e+00  1.37613535e-04  0.00000000e+00 
 1.37713535e-04  7.32755753e-01  1.37713535e-04  3.99557364e-01  1.37713535e-04  1.94296085e-06  1.37713535e-04  1.63492370e-06  1.37713535e-04 -1.30680470e-07  1.37713535e-04  1.20000000e+00  1.37713535e-04  0.00000000e+00 
 1.37813535e-04  7.38477856e-01  1.37813535e-04  3.99585160e-01  1.37813535e-04  2.05188840e-06  1.37813535e-04 -3.08967560e-07  1.37813535e-04  1.95615918e-07  1.37813535e-04  1.20000000e+00  1.37813535e-04  0.00000000e+00 
 1.37913535e-04  7.44200434e-01  1.37913535e-04  3.99559770e-01  1.37913535e-04  1.94296146e-06  1.37913535e-04  1.63568632e-06  1.37913535e-04 -1.30466962e-07  1.37913535e-04  1.20000000e+00  1.37913535e-04  0.00000000e+00 
 1.38013535e-04  7.49927249e-01  1.38013535e-04  3.99588739e-01  1.38013535e-04  2.05188780e-06  1.38013535e-04 -3.08162758e-07  1.38013535e-04  1.95825398e-07  1.38013535e-04  1.20000000e+00  1.38013535e-04  0.00000000e+00 
 1.38113535e-04  7.55655081e-01  1.38113535e-04  3.99562078e-01  1.38113535e-04  1.94296207e-06  1.38113535e-04  1.63656296e-06  1.38113535e-04 -1.30254637e-07  1.38113535e-04  1.20000000e+00  1.38113535e-04  0.00000000e+00 
 1.38213535e-04  7.61387739e-01  1.38213535e-04  3.99592093e-01  1.38213535e-04  2.05188718e-06  1.38213535e-04 -3.07229501e-07  1.38213535e-04  1.96033644e-07  1.38213535e-04  1.20000000e+00  1.38213535e-04  0.00000000e+00 
 1.38313535e-04  7.67122131e-01  1.38313535e-04  3.99564281e-01  1.38313535e-04  1.94296271e-06  1.38313535e-04  1.63759152e-06  1.38313535e-04 -1.30043442e-07  1.38313535e-04  1.20000000e+00  1.38313535e-04  0.00000000e+00 
 1.38413535e-04  7.72862135e-01  1.38413535e-04  3.99595194e-01  1.38413535e-04  2.05188654e-06  1.38413535e-04 -3.06125148e-07  1.38413535e-04  1.96240724e-07  1.38413535e-04  1.20000000e+00  1.38413535e-04  0.00000000e+00 
 1.38513535e-04  7.78604807e-01  1.38513535e-04  3.99566378e-01  1.38513535e-04  1.94296335e-06  1.38513535e-04  1.63882054e-06  1.38513535e-04 -1.29833313e-07  1.38513535e-04  1.20000000e+00  1.38513535e-04  0.00000000e+00 
 1.38613535e-04  7.84354131e-01  1.38613535e-04  3.99598029e-01  1.38613535e-04  2.05188590e-06  1.38613535e-04 -3.04794601e-07  1.38613535e-04  1.96446719e-07  1.38613535e-04  1.20000000e+00  1.38613535e-04  0.00000000e+00 
 1.38713535e-04  7.90107342e-01  1.38713535e-04  3.99568378e-01  1.38713535e-04  1.94296401e-06  1.38713535e-04  1.64031300e-06  1.38713535e-04 -1.29624170e-07  1.38713535e-04  1.20000000e+00  1.38713535e-04  0.00000000e+00 
 1.38813535e-04  7.95868571e-01  1.38813535e-04  3.99600602e-01  1.38813535e-04  2.05188524e-06  1.38813535e-04 -3.03165850e-07  1.38813535e-04  1.96651730e-07  1.38813535e-04  1.20000000e+00  1.38813535e-04  0.00000000e+00 
 1.38913535e-04  8.01635280e-01  1.38913535e-04  3.99570296e-01  1.38913535e-04  1.94296467e-06  1.38913535e-04  1.64215145e-06  1.38913535e-04 -1.29415909e-07  1.38913535e-04  1.20000000e+00  1.38913535e-04  0.00000000e+00 
 1.39013535e-04  8.07411806e-01  1.39013535e-04  3.99602934e-01  1.39013535e-04  2.05188457e-06  1.39013535e-04 -3.01143904e-07  1.39013535e-04  1.96855882e-07  1.39013535e-04  1.20000000e+00  1.39013535e-04  0.00000000e+00 
 1.39113535e-04  8.13195900e-01  1.39113535e-04  3.99572154e-01  1.39113535e-04  1.94296535e-06  1.39113535e-04  1.64444512e-06  1.39113535e-04 -1.29208402e-07  1.39113535e-04  1.20000000e+00  1.39113535e-04  0.00000000e+00 
 1.39213535e-04  8.18992183e-01  1.39213535e-04  3.99605057e-01  1.39213535e-04  2.05188390e-06  1.39213535e-04 -2.98602612e-07  1.39213535e-04  1.97059335e-07  1.39213535e-04  1.20000000e+00  1.39213535e-04  0.00000000e+00 
 1.39313535e-04  8.24798780e-01  1.39313535e-04  3.99573980e-01  1.39313535e-04  1.94296603e-06  1.39313535e-04  1.64733937e-06  1.39313535e-04 -1.29001480e-07  1.39313535e-04  1.20000000e+00  1.39313535e-04  0.00000000e+00 
 1.39413535e-04  8.30620701e-01  1.39413535e-04  3.99607015e-01  1.39413535e-04  2.05188322e-06  1.39413535e-04 -2.95373688e-07  1.39413535e-04  1.97262289e-07  1.39413535e-04  1.20000000e+00  1.39413535e-04  0.00000000e+00 
 1.39513535e-04  8.36456563e-01  1.39513535e-04  3.99575808e-01  1.39513535e-04  1.94296671e-06  1.39513535e-04  1.65102849e-06  1.39513535e-04 -1.28794926e-07  1.39513535e-04  1.20000000e+00  1.39513535e-04  0.00000000e+00 
 1.39613535e-04  8.42311908e-01  1.39613535e-04  3.99608865e-01  1.39613535e-04  2.05188253e-06  1.39613535e-04 -2.91231892e-07  1.39613535e-04  1.97465000e-07  1.39613535e-04  1.20000000e+00  1.39613535e-04  0.00000000e+00 
 1.39713535e-04  8.48186004e-01  1.39713535e-04  3.99577679e-01  1.39713535e-04  1.94296740e-06  1.39713535e-04  1.65577302e-06  1.39713535e-04 -1.28588458e-07  1.39713535e-04  1.20000000e+00  1.39713535e-04  0.00000000e+00 
 1.39813535e-04  8.54085112e-01  1.39813535e-04  3.99610674e-01  1.39813535e-04  2.05188185e-06  1.39813535e-04 -2.85874834e-07  1.39813535e-04  1.97667803e-07  1.39813535e-04  1.20000000e+00  1.39813535e-04  0.00000000e+00 
 1.39913535e-04  8.60009370e-01  1.39913535e-04  3.99579645e-01  1.39913535e-04  1.94296809e-06  1.39913535e-04  1.66192354e-06  1.39913535e-04 -1.28381701e-07  1.39913535e-04  1.20000000e+00  1.39913535e-04  0.00000000e+00 
 1.40013535e-04  8.65966022e-01  1.40013535e-04  3.99612519e-01  1.40013535e-04  2.05188116e-06  1.40013535e-04 -2.78894941e-07  1.40013535e-04  1.97871130e-07  1.40013535e-04  1.20000000e+00  1.40013535e-04  0.00000000e+00 
 1.40113535e-04  8.71956374e-01  1.40113535e-04  3.99581769e-01  1.40113535e-04  1.94296877e-06  1.40113535e-04  1.66995408e-06  1.40113535e-04 -1.28174167e-07  1.40113535e-04  1.20000000e+00  1.40113535e-04  0.00000000e+00 
 1.40213535e-04  8.77990405e-01  1.40213535e-04  3.99614951e-01  1.40213535e-04  2.05188048e-06  1.40213535e-04 -2.69433563e-07  1.40213535e-04  1.98075322e-07  1.40213535e-04  1.20000000e+00  1.40213535e-04  0.00000000e+00 
 1.40313535e-04  8.84069832e-01  1.40313535e-04  3.99583944e-01  1.40313535e-04  1.94296946e-06  1.40313535e-04  1.68055713e-06  1.40313535e-04 -1.27965134e-07  1.40313535e-04  1.20000000e+00  1.40313535e-04  0.00000000e+00 
 1.40413535e-04  8.90205091e-01  1.40413535e-04  3.99617214e-01  1.40413535e-04  2.05187979e-06  1.40413535e-04 -2.57289594e-07  1.40413535e-04  1.98281624e-07  1.40413535e-04  1.20000000e+00  1.40413535e-04  0.00000000e+00 
 1.40513535e-04  8.96401389e-01  1.40513535e-04  3.99586766e-01  1.40513535e-04  1.94297014e-06  1.40513535e-04  1.69459391e-06  1.40513535e-04 -1.27753784e-07  1.40513535e-04  1.20000000e+00  1.40513535e-04  0.00000000e+00 
 1.40613535e-04  9.02671613e-01  1.40613535e-04  3.99619595e-01  1.40613535e-04  2.05187911e-06  1.40613535e-04 -2.41159968e-07  1.40613535e-04  1.98490806e-07  1.40613535e-04  1.20000000e+00  1.40613535e-04  0.00000000e+00 
 1.40713535e-04  9.09024151e-01  1.40713535e-04  3.99590351e-01  1.40713535e-04  1.94297082e-06  1.40713535e-04  1.71331281e-06  1.40713535e-04 -1.27538965e-07  1.40713535e-04  1.20000000e+00  1.40713535e-04  0.00000000e+00 
 1.40813535e-04  9.15475342e-01  1.40813535e-04  3.99622291e-01  1.40813535e-04  2.05187844e-06  1.40813535e-04 -2.19587088e-07  1.40813535e-04  1.98704246e-07  1.40813535e-04  1.20000000e+00  1.40813535e-04  0.00000000e+00 
 1.40913535e-04  9.22038087e-01  1.40913535e-04  3.99594904e-01  1.40913535e-04  1.94297149e-06  1.40913535e-04  1.73846865e-06  1.40913535e-04 -1.27319106e-07  1.40913535e-04  1.20000000e+00  1.40913535e-04  0.00000000e+00 
 1.41013535e-04  9.28733500e-01  1.41013535e-04  3.99625494e-01  1.41013535e-04  2.05187777e-06  1.41013535e-04 -1.90525360e-07  1.41013535e-04  1.98923816e-07  1.41013535e-04  1.20000000e+00  1.41013535e-04  0.00000000e+00 
 1.41113535e-04  9.35581049e-01  1.41113535e-04  3.99600760e-01  1.41113535e-04  1.94297214e-06  1.41113535e-04  1.77255682e-06  1.41113535e-04 -1.27092061e-07  1.41113535e-04  1.20000000e+00  1.41113535e-04  0.00000000e+00 
 1.41213535e-04  9.42608258e-01  1.41213535e-04  3.99629345e-01  1.41213535e-04  2.05187712e-06  1.41213535e-04 -1.51115115e-07  1.41213535e-04  1.99152074e-07  1.41213535e-04  1.20000000e+00  1.41213535e-04  0.00000000e+00 
 1.41313535e-04  9.49844262e-01  1.41313535e-04  3.99608417e-01  1.41313535e-04  1.94297277e-06  1.41313535e-04  1.81911340e-06  1.41313535e-04 -1.26854879e-07  1.41313535e-04  1.20000000e+00  1.41313535e-04  0.00000000e+00 
 1.41413535e-04  9.57324439e-01  1.41413535e-04  3.99633764e-01  1.41413535e-04  2.05187650e-06  1.41413535e-04 -9.74918015e-08  1.41413535e-04  1.99392540e-07  1.41413535e-04  1.20000000e+00  1.41413535e-04  0.00000000e+00 
 1.41513535e-04  9.65092082e-01  1.41513535e-04  3.99618580e-01  1.41513535e-04  1.94297337e-06  1.41513535e-04  1.88297879e-06  1.41513535e-04 -1.26603544e-07  1.41513535e-04  1.20000000e+00  1.41513535e-04  0.00000000e+00 
 1.41613535e-04  9.73189330e-01  1.41613535e-04  3.99637837e-01  1.41613535e-04  2.05187593e-06  1.41613535e-04 -2.50261685e-08  1.41613535e-04  1.99649991e-07  1.41613535e-04  1.20000000e+00  1.41613535e-04  0.00000000e+00 
 1.41713535e-04  9.81681424e-01  1.41713535e-04  3.99629850e-01  1.41713535e-04  1.94297391e-06  1.41713535e-04  1.97045802e-06  1.41713535e-04 -1.26332872e-07  1.41713535e-04  1.20000000e+00  1.41713535e-04  0.00000000e+00 
 1.41813535e-04  9.90622058e-01  1.41813535e-04  3.99644544e-01  1.41813535e-04  2.05187541e-06  1.41813535e-04  7.36593181e-08  1.41813535e-04  1.99930739e-07  1.41813535e-04  1.20000000e+00  1.41813535e-04  0.00000000e+00 
 1.41913535e-04  1.00004435e+00  1.41913535e-04  3.99632972e-01  1.41913535e-04  1.94297441e-06  1.41913535e-04  2.07732434e-06  1.41913535e-04 -1.26036000e-07  1.41913535e-04  1.20000000e+00  1.41913535e-04  0.00000000e+00 
 1.42013535e-04  1.00997461e+00  1.42013535e-04  3.99642804e-01  1.42013535e-04  2.05187493e-06  1.42013535e-04  1.85585654e-07  1.42013535e-04  2.00239549e-07  1.42013535e-04  1.20000000e+00  1.42013535e-04  0.00000000e+00 
 1.42113535e-04  1.02033342e+00  1.42113535e-04  3.99610601e-01  1.42113535e-04  1.94297490e-06  1.42113535e-04  2.17310920e-06  1.42113535e-04 -1.25711131e-07  1.42113535e-04  1.20000000e+00  1.42113535e-04  0.00000000e+00 
 1.42213535e-04  1.03085898e+00  1.42213535e-04  3.99592293e-01  1.42213535e-04  2.05187449e-06  1.42213535e-04  2.23720068e-07  1.42213535e-04  2.00569492e-07  1.42213535e-04  1.20000000e+00  1.42213535e-04  0.00000000e+00 
 1.42313535e-04  1.04101591e+00  1.42313535e-04  3.99516357e-01  1.42313535e-04  1.94297546e-06  1.42313535e-04  2.09519325e-06  1.42313535e-04 -1.25383287e-07  1.42313535e-04  1.20000000e+00  1.42313535e-04  0.00000000e+00 
 1.42413535e-04  1.05013200e+00  1.42413535e-04  3.99457299e-01  1.42413535e-04  2.05187428e-06  1.42413535e-04 -2.85847604e-09  1.42413535e-04  2.00870526e-07  1.42413535e-04  1.20000000e+00  1.42413535e-04  0.00000000e+00 
 1.42513535e-04  1.05768355e+00  1.42513535e-04  3.99027038e-01  1.42513535e-04  1.94297962e-06  1.42513535e-04  1.75289570e-06  1.42513535e-04 -1.25117323e-07  1.42513535e-04  1.20000000e+00  1.42513535e-04  0.00000000e+00 
 1.42613535e-04  1.06351553e+00  1.42613535e-04  3.99246294e-01  1.42613535e-04  2.05187133e-06  1.42613535e-04 -3.82241091e-07  1.42613535e-04  2.01065881e-07  1.42613535e-04  1.20000000e+00  1.42613535e-04  0.00000000e+00 
 1.42713535e-04  1.06782589e+00  1.42713535e-04  3.99553659e-01  1.42713535e-04  1.94297907e-06  1.42713535e-04  1.41652440e-06  1.42713535e-04 -1.24959176e-07  1.42713535e-04  1.20000000e+00  1.42713535e-04  0.00000000e+00 
 1.42813535e-04  1.07095398e+00  1.42813535e-04  3.99474111e-01  1.42813535e-04  2.05187067e-06  1.42813535e-04 -6.44819689e-07  1.42813535e-04  2.01187845e-07  1.42813535e-04  1.20000000e+00  1.42813535e-04  0.00000000e+00 
 1.42913535e-04  1.07320871e+00  1.42913535e-04  3.99539362e-01  1.42913535e-04  1.94297929e-06  1.42913535e-04  1.22298190e-06  1.42913535e-04 -1.24877863e-07  1.42913535e-04  1.20000000e+00  1.42913535e-04  0.00000000e+00 
 1.43013535e-04  1.07483344e+00  1.43013535e-04  3.99506142e-01  1.43013535e-04  2.05187044e-06  1.43013535e-04 -7.85117274e-07  1.43013535e-04  2.01248831e-07  1.43013535e-04  1.20000000e+00  1.43013535e-04  0.00000000e+00 
 1.43113535e-04  1.07599969e+00  1.43113535e-04  3.99536380e-01  1.43113535e-04  1.94297937e-06  1.43113535e-04  1.12156713e-06  1.43113535e-04 -1.24835236e-07  1.43113535e-04  1.20000000e+00  1.43113535e-04  0.00000000e+00 
 1.43213535e-04  1.07683780e+00  1.43213535e-04  3.99519780e-01  1.43213535e-04  2.05187033e-06  1.43213535e-04 -8.58397331e-07  1.43213535e-04  2.01279835e-07  1.43213535e-04  1.20000000e+00  1.43213535e-04  0.00000000e+00 
 1.43313535e-04  1.07743722e+00  1.43313535e-04  3.99533037e-01  1.43313535e-04  1.94297945e-06  1.43313535e-04  1.06895705e-06  1.43313535e-04 -1.24812882e-07  1.43313535e-04  1.20000000e+00  1.43313535e-04  0.00000000e+00 
 1.43413535e-04  1.07786820e+00  1.43413535e-04  3.99526355e-01  1.43413535e-04  2.05187023e-06  1.43413535e-04 -8.96221372e-07  1.43413535e-04  2.01295328e-07  1.43413535e-04  1.20000000e+00  1.43413535e-04  0.00000000e+00 
 1.43513535e-04  1.07817551e+00  1.43513535e-04  3.99530910e-01  1.43513535e-04  1.94297954e-06  1.43513535e-04  1.04190091e-06  1.43513535e-04 -1.24800975e-07  1.43513535e-04  1.20000000e+00  1.43513535e-04  0.00000000e+00 
 1.43613535e-04  1.07839703e+00  1.43613535e-04  3.99530034e-01  1.43613535e-04  2.05187011e-06  1.43613535e-04 -9.15692673e-07  1.43613535e-04  2.01302834e-07  1.43613535e-04  1.20000000e+00  1.43613535e-04  0.00000000e+00 
 1.43713535e-04  1.07855423e+00  1.43713535e-04  3.99529404e-01  1.43713535e-04  1.94297968e-06  1.43713535e-04  1.02803134e-06  1.43713535e-04 -1.24794412e-07  1.43713535e-04  1.20000000e+00  1.43713535e-04  0.00000000e+00 
 1.43813535e-04  1.07866821e+00  1.43813535e-04  3.99532236e-01  1.43813535e-04  2.05186995e-06  1.43813535e-04 -9.25712001e-07  1.43813535e-04  2.01306212e-07  1.43813535e-04  1.20000000e+00  1.43813535e-04  0.00000000e+00 
 1.43913535e-04  1.07874839e+00  1.43913535e-04  3.99528334e-01  1.43913535e-04  1.94297985e-06  1.43913535e-04  1.02094253e-06  1.43913535e-04 -1.24790568e-07  1.43913535e-04  1.20000000e+00  1.43913535e-04  0.00000000e+00 
 1.44013535e-04  1.07880721e+00  1.44013535e-04  3.99533604e-01  1.44013535e-04  2.05186976e-06  1.44013535e-04 -9.30875780e-07  1.44013535e-04  2.01307455e-07  1.44013535e-04  1.20000000e+00  1.44013535e-04  0.00000000e+00 
 1.44113535e-04  1.07884791e+00  1.44113535e-04  3.99527575e-01  1.44113535e-04  1.94298006e-06  1.44113535e-04  1.01733415e-06  1.44113535e-04 -1.24788100e-07  1.44113535e-04  1.20000000e+00  1.44113535e-04  0.00000000e+00 
 1.44213535e-04  1.07887844e+00  1.44213535e-04  3.99534481e-01  1.44213535e-04  2.05186953e-06  1.44213535e-04 -9.33548332e-07  1.44213535e-04  2.01307588e-07  1.44213535e-04  1.20000000e+00  1.44213535e-04  0.00000000e+00 
 1.44313535e-04  1.07889890e+00  1.44313535e-04  3.99527034e-01  1.44313535e-04  1.94298030e-06  1.44313535e-04  1.01551045e-06  1.44313535e-04 -1.24786327e-07  1.44313535e-04  1.20000000e+00  1.44313535e-04  0.00000000e+00 
 1.44413535e-04  1.07891494e+00  1.44413535e-04  3.99535062e-01  1.44413535e-04  2.05186928e-06  1.44413535e-04 -9.34943437e-07  1.44413535e-04  2.01307143e-07  1.44413535e-04  1.20000000e+00  1.44413535e-04  0.00000000e+00 
 1.44513535e-04  1.07892503e+00  1.44513535e-04  3.99526641e-01  1.44513535e-04  1.94298057e-06  1.44513535e-04  1.01460136e-06  1.44513535e-04 -1.24784901e-07  1.44513535e-04  1.20000000e+00  1.44513535e-04  0.00000000e+00 
 1.44613535e-04  1.07893364e+00  1.44613535e-04  3.99535461e-01  1.44613535e-04  2.05186900e-06  1.44613535e-04 -9.35683598e-07  1.44613535e-04  2.01306394e-07  1.44613535e-04  1.20000000e+00  1.44613535e-04  0.00000000e+00 
 1.44713535e-04  1.07893842e+00  1.44713535e-04  3.99526349e-01  1.44713535e-04  1.94298085e-06  1.44713535e-04  1.01416074e-06  1.44713535e-04 -1.24783646e-07  1.44713535e-04  1.20000000e+00  1.44713535e-04  0.00000000e+00 
 1.44813535e-04  1.07894322e+00  1.44813535e-04  3.99535748e-01  1.44813535e-04  2.05186872e-06  1.44813535e-04 -9.36087907e-07  1.44813535e-04  2.01305483e-07  1.44813535e-04  1.20000000e+00  1.44813535e-04  0.00000000e+00 
 1.44906772e-04  1.07894511e+00  1.44906772e-04  3.99526115e-01  1.44906772e-04  1.94298115e-06  1.44906772e-04  1.01396797e-06  1.44906772e-04 -1.24782437e-07  1.44906772e-04  1.20000000e+00  1.44906772e-04  0.00000000e+00 
 1.45000010e-04  1.07894789e+00  1.45000010e-04  3.99535979e-01  1.45000010e-04  2.05186839e-06  1.45000010e-04 -9.36314662e-07  1.45000010e-04  2.01304403e-07  1.45000010e-04  1.20000000e+00  1.45000010e-04  0.00000000e+00 
 1.45000011e-04  1.07893334e+00  1.45000011e-04  3.96910596e-01  1.45000011e-04  2.61344394e-06  1.45000011e-04 -1.10836928e-05  1.45000011e-04  1.94133165e-06  1.45000011e-04  1.08000000e+00  1.45000011e-04  0.00000000e+00 
 1.45000013e-04  1.07890073e+00  1.45000013e-04  3.91535881e-01  1.45000013e-04  2.68693732e-06  1.45000013e-04 -1.03561856e-05  1.45000013e-04  2.23174913e-06  1.45000013e-04  8.40000000e-01  1.45000013e-04  0.00000000e+00 
 1.45000016e-04  1.07883117e+00  1.45000016e-04  3.81767862e-01  1.45000016e-04  2.69130424e-06  1.45000016e-04 -5.56601195e-06  1.45000016e-04  2.14801144e-06  1.45000016e-04  4.20000001e-01  1.45000016e-04  0.00000000e+00 
 1.45000020e-04  1.07876333e+00  1.45000020e-04  3.74621114e-01  1.45000020e-04  2.35394664e-06  1.45000020e-04  2.77976546e-06  1.45000020e-04  1.13294972e-06  1.45000020e-04  3.16866000e-09  1.45000020e-04  0.00000000e+00 
 1.45000021e-04  1.07876199e+00  1.45000021e-04  3.75198039e-01  1.45000021e-04  1.82492296e-06  1.45000021e-04  7.81860052e-06  1.45000021e-04 -5.47260057e-07  1.45000021e-04  0.00000000e+00  1.45000021e-04  0.00000000e+00 
 1.45000022e-04  1.07876090e+00  1.45000022e-04  3.76412908e-01  1.45000022e-04  1.74602615e-06  1.45000022e-04  9.93696897e-06  1.45000022e-04 -9.08036983e-07  1.45000022e-04  0.00000000e+00  1.45000022e-04  0.00000000e+00 
 1.45000024e-04  1.07875980e+00  1.45000024e-04  3.78617215e-01  1.45000024e-04  1.85452689e-06  1.45000024e-04  8.47426973e-06  1.45000024e-04 -4.50631422e-07  1.45000024e-04  0.00000000e+00  1.45000024e-04  0.00000000e+00 
 1.45000029e-04  1.07875869e+00  1.45000029e-04  3.82281243e-01  1.45000029e-04  1.81462299e-06  1.45000029e-04  9.37150972e-06  1.45000029e-04 -6.32160748e-07  1.45000029e-04  0.00000000e+00  1.45000029e-04  0.00000000e+00 
 1.45000039e-04  1.07876176e+00  1.45000039e-04  3.88023984e-01  1.45000039e-04  1.91755242e-06  1.45000039e-04  6.11349903e-06  1.45000039e-04 -1.94015430e-07  1.45000039e-04  0.00000000e+00  1.45000039e-04  0.00000000e+00 
 1.45000059e-04  1.07877960e+00  1.45000059e-04  3.95887857e-01  1.45000059e-04  1.88807354e-06  1.45000059e-04  3.61537707e-06  1.45000059e-04 -3.31093638e-07  1.45000059e-04  0.00000000e+00  1.45000059e-04  0.00000000e+00 
 1.45000098e-04  1.07883921e+00  1.45000098e-04  4.04413464e-01  1.45000098e-04  1.98991308e-06  1.45000098e-04 -1.63164041e-06  1.45000098e-04  8.32766123e-08  1.45000098e-04  0.00000000e+00  1.45000098e-04  0.00000000e+00 
 1.45000176e-04  1.07899744e+00  1.45000176e-04  4.11696603e-01  1.45000176e-04  1.94163879e-06  1.45000176e-04 -3.45766047e-06  1.45000176e-04 -1.48281790e-07  1.45000176e-04  0.00000000e+00  1.45000176e-04  0.00000000e+00 
 1.45000292e-04  1.07920248e+00  1.45000292e-04  4.13842697e-01  1.45000292e-04  2.03296713e-06  1.45000292e-04 -6.63805950e-06  1.45000292e-04  1.92732770e-07  1.45000292e-04  0.00000000e+00  1.45000292e-04  0.00000000e+00 
 1.45000446e-04  1.07931630e+00  1.45000446e-04  4.08702836e-01  1.45000446e-04  1.97991812e-06  1.45000446e-04 -4.20216589e-06  1.45000446e-04 -6.71748217e-08  1.45000446e-04  0.00000000e+00  1.45000446e-04  0.00000000e+00 
 1.45000690e-04  1.07932519e+00  1.45000690e-04  3.98203999e-01  1.45000690e-04  2.04431837e-06  1.45000690e-04 -1.51173004e-06  1.45000690e-04  2.09988572e-07  1.45000690e-04  0.00000000e+00  1.45000690e-04  0.00000000e+00 
 1.45000990e-04  1.07932303e+00  1.45000990e-04  3.97915888e-01  1.45000990e-04  1.95410738e-06  1.45000990e-04  7.28873595e-07  1.45000990e-04 -1.30162626e-07  1.45000990e-04  0.00000000e+00  1.45000990e-04  0.00000000e+00 
 1.45001268e-04  1.07932266e+00  1.45001268e-04  3.98366364e-01  1.45001268e-04  2.03849370e-06  1.45001268e-04 -8.03047122e-07  1.45001268e-04  2.04634568e-07  1.45001268e-04  0.00000000e+00  1.45001268e-04  0.00000000e+00 
 1.45001823e-04  1.07931928e+00  1.45001823e-04  3.98658583e-01  1.45001823e-04  1.95579511e-06  1.45001823e-04  7.73131428e-07  1.45001823e-04 -1.28444481e-07  1.45001823e-04  0.00000000e+00  1.45001823e-04  0.00000000e+00 
 1.45002906e-04  1.07931373e+00  1.45002906e-04  3.99072471e-01  1.45002906e-04  2.03858638e-06  1.45002906e-04 -7.81134326e-07  1.45002906e-04  2.04504508e-07  1.45002906e-04  0.00000000e+00  1.45002906e-04  0.00000000e+00 
 1.45005019e-04  1.07930263e+00  1.45005019e-04  3.99252826e-01  1.45005019e-04  1.95616340e-06  1.45005019e-04  7.77979247e-07  1.45005019e-04 -1.28096953e-07  1.45005019e-04  0.00000000e+00  1.45005019e-04  0.00000000e+00 
 1.45009246e-04  1.07928229e+00  1.45009246e-04  3.99427715e-01  1.45009246e-04  2.03863664e-06  1.45009246e-04 -7.78513691e-07  1.45009246e-04  2.04545132e-07  1.45009246e-04  0.00000000e+00  1.45009246e-04  0.00000000e+00 
 1.45017699e-04  1.07924362e+00  1.45017699e-04  3.99491655e-01  1.45017699e-04  1.95621225e-06  1.45017699e-04  7.78283918e-07  1.45017699e-04 -1.28024888e-07  1.45017699e-04  0.00000000e+00  1.45017699e-04  0.00000000e+00 
 1.45034605e-04  1.07917424e+00  1.45034605e-04  3.99550583e-01  1.45034605e-04  2.03863563e-06  1.45034605e-04 -7.78154316e-07  1.45034605e-04  2.04548121e-07  1.45034605e-04  0.00000000e+00  1.45034605e-04  0.00000000e+00 
 1.45068417e-04  1.07904846e+00  1.45068417e-04  3.99515109e-01  1.45068417e-04  1.95621559e-06  1.45068417e-04  7.78288651e-07  1.45068417e-04 -1.28018161e-07  1.45068417e-04  0.00000000e+00  1.45068417e-04  0.00000000e+00 
 1.45136040e-04  1.07881141e+00  1.45136040e-04  3.99552081e-01  1.45136040e-04  2.03863333e-06  1.45136040e-04 -7.78122670e-07  1.45136040e-04  2.04538969e-07  1.45136040e-04  0.00000000e+00  1.45136040e-04  0.00000000e+00 
 1.45236040e-04  1.07846314e+00  1.45236040e-04  3.99515648e-01  1.45236040e-04  1.95621689e-06  1.45236040e-04  7.78300078e-07  1.45236040e-04 -1.28025145e-07  1.45236040e-04  0.00000000e+00  1.45236040e-04  0.00000000e+00 
 1.45336040e-04  1.07811499e+00  1.45336040e-04  3.99551822e-01  1.45336040e-04  2.03863228e-06  1.45336040e-04 -7.78093018e-07  1.45336040e-04  2.04526639e-07  1.45336040e-04  0.00000000e+00  1.45336040e-04  0.00000000e+00 
 1.45436040e-04  1.07776675e+00  1.45436040e-04  3.99516016e-01  1.45436040e-04  1.95621794e-06  1.45436040e-04  7.78315448e-07  1.45436040e-04 -1.28034270e-07  1.45436040e-04  0.00000000e+00  1.45436040e-04  0.00000000e+00 
 1.45536040e-04  1.07741904e+00  1.45536040e-04  3.99551653e-01  1.45536040e-04  2.03863123e-06  1.45536040e-04 -7.78063517e-07  1.45536040e-04  2.04514340e-07  1.45536040e-04  0.00000000e+00  1.45536040e-04  0.00000000e+00 
 1.45636040e-04  1.07707108e+00  1.45636040e-04  3.99516278e-01  1.45636040e-04  1.95621898e-06  1.45636040e-04  7.78329552e-07  1.45636040e-04 -1.28043410e-07  1.45636040e-04  0.00000000e+00  1.45636040e-04  0.00000000e+00 
 1.45736040e-04  1.07672370e+00  1.45736040e-04  3.99551574e-01  1.45736040e-04  2.03863019e-06  1.45736040e-04 -7.78033652e-07  1.45736040e-04  2.04502066e-07  1.45736040e-04  0.00000000e+00  1.45736040e-04  0.00000000e+00 
 1.45836040e-04  1.07637605e+00  1.45836040e-04  3.99516473e-01  1.45836040e-04  1.95622002e-06  1.45836040e-04  7.78342471e-07  1.45836040e-04 -1.28052559e-07  1.45836040e-04  0.00000000e+00  1.45836040e-04  0.00000000e+00 
 1.45936040e-04  1.07602899e+00  1.45936040e-04  3.99551552e-01  1.45936040e-04  2.03862915e-06  1.45936040e-04 -7.78003480e-07  1.45936040e-04  2.04489809e-07  1.45936040e-04  0.00000000e+00  1.45936040e-04  0.00000000e+00 
 1.46036040e-04  1.07568166e+00  1.46036040e-04  3.99516629e-01  1.46036040e-04  1.95622105e-06  1.46036040e-04  7.78354259e-07  1.46036040e-04 -1.28061712e-07  1.46036040e-04  0.00000000e+00  1.46036040e-04  0.00000000e+00 
 1.46136040e-04  1.07533490e+00  1.46136040e-04  3.99551566e-01  1.46136040e-04  2.03862813e-06  1.46136040e-04 -7.77973030e-07  1.46136040e-04  2.04477569e-07  1.46136040e-04  0.00000000e+00  1.46136040e-04  0.00000000e+00 
 1.46236040e-04  1.07498788e+00  1.46236040e-04  3.99516761e-01  1.46236040e-04  1.95622208e-06  1.46236040e-04  7.78364949e-07  1.46236040e-04 -1.28070867e-07  1.46236040e-04  0.00000000e+00  1.46236040e-04  0.00000000e+00 
 1.46336040e-04  1.07464144e+00  1.46336040e-04  3.99551605e-01  1.46336040e-04  2.03862710e-06  1.46336040e-04 -7.77942313e-07  1.46336040e-04  2.04465340e-07  1.46336040e-04  0.00000000e+00  1.46336040e-04  0.00000000e+00 
 1.46436040e-04  1.07429472e+00  1.46436040e-04  3.99516879e-01  1.46436040e-04  1.95622310e-06  1.46436040e-04  7.78374560e-07  1.46436040e-04 -1.28080023e-07  1.46436040e-04  0.00000000e+00  1.46436040e-04  0.00000000e+00 
 1.46536040e-04  1.07394858e+00  1.46536040e-04  3.99551661e-01  1.46536040e-04  2.03862608e-06  1.46536040e-04 -7.77911328e-07  1.46536040e-04  2.04453123e-07  1.46536040e-04  0.00000000e+00  1.46536040e-04  0.00000000e+00 
 1.46636040e-04  1.07360217e+00  1.46636040e-04  3.99516990e-01  1.46636040e-04  1.95622411e-06  1.46636040e-04  7.78383103e-07  1.46636040e-04 -1.28089178e-07  1.46636040e-04  0.00000000e+00  1.46636040e-04  0.00000000e+00 
 1.46736040e-04  1.07325632e+00  1.46736040e-04  3.99551729e-01  1.46736040e-04  2.03862507e-06  1.46736040e-04 -7.77880066e-07  1.46736040e-04  2.04440916e-07  1.46736040e-04  0.00000000e+00  1.46736040e-04  0.00000000e+00 
 1.46836040e-04  1.07291021e+00  1.46836040e-04  3.99517097e-01  1.46836040e-04  1.95622513e-06  1.46836040e-04  7.78390583e-07  1.46836040e-04 -1.28098331e-07  1.46836040e-04  0.00000000e+00  1.46836040e-04  0.00000000e+00 
 1.46936040e-04  1.07256466e+00  1.46936040e-04  3.99551807e-01  1.46936040e-04  2.03862406e-06  1.46936040e-04 -7.77848516e-07  1.46936040e-04  2.04428717e-07  1.46936040e-04  0.00000000e+00  1.46936040e-04  0.00000000e+00 
 1.47036040e-04  1.07221884e+00  1.47036040e-04  3.99517204e-01  1.47036040e-04  1.95622613e-06  1.47036040e-04  7.78397001e-07  1.47036040e-04 -1.28107482e-07  1.47036040e-04  0.00000000e+00  1.47036040e-04  0.00000000e+00 
 1.47136040e-04  1.07187358e+00  1.47136040e-04  3.99551892e-01  1.47136040e-04  2.03862305e-06  1.47136040e-04 -7.77816661e-07  1.47136040e-04  2.04416527e-07  1.47136040e-04  0.00000000e+00  1.47136040e-04  0.00000000e+00 
 1.47236040e-04  1.07152805e+00  1.47236040e-04  3.99517311e-01  1.47236040e-04  1.95622713e-06  1.47236040e-04  7.78402354e-07  1.47236040e-04 -1.28116630e-07  1.47236040e-04  0.00000000e+00  1.47236040e-04  0.00000000e+00 
 1.47336040e-04  1.07118308e+00  1.47336040e-04  3.99551985e-01  1.47336040e-04  2.03862205e-06  1.47336040e-04 -7.77784483e-07  1.47336040e-04  2.04404345e-07  1.47336040e-04  0.00000000e+00  1.47336040e-04  0.00000000e+00 
 1.47436040e-04  1.07083783e+00  1.47436040e-04  3.99517420e-01  1.47436040e-04  1.95622813e-06  1.47436040e-04  7.78406638e-07  1.47436040e-04 -1.28125776e-07  1.47436040e-04  0.00000000e+00  1.47436040e-04  0.00000000e+00 
 1.47536040e-04  1.07049314e+00  1.47536040e-04  3.99552084e-01  1.47536040e-04  2.03862105e-06  1.47536040e-04 -7.77751961e-07  1.47536040e-04  2.04392170e-07  1.47536040e-04  0.00000000e+00  1.47536040e-04  0.00000000e+00 
 1.47636040e-04  1.07014818e+00  1.47636040e-04  3.99517532e-01  1.47636040e-04  1.95622913e-06  1.47636040e-04  7.78409847e-07  1.47636040e-04 -1.28134919e-07  1.47636040e-04  0.00000000e+00  1.47636040e-04  0.00000000e+00 
 1.47736040e-04  1.06980377e+00  1.47736040e-04  3.99552189e-01  1.47736040e-04  2.03862006e-06  1.47736040e-04 -7.77719072e-07  1.47736040e-04  2.04380003e-07  1.47736040e-04  0.00000000e+00  1.47736040e-04  0.00000000e+00 
 1.47836040e-04  1.06945909e+00  1.47836040e-04  3.99517648e-01  1.47836040e-04  1.95623012e-06  1.47836040e-04  7.78411971e-07  1.47836040e-04 -1.28144059e-07  1.47836040e-04  0.00000000e+00  1.47836040e-04  0.00000000e+00 
 1.47936040e-04  1.06911496e+00  1.47936040e-04  3.99552301e-01  1.47936040e-04  2.03861907e-06  1.47936040e-04 -7.77685794e-07  1.47936040e-04  2.04367841e-07  1.47936040e-04  0.00000000e+00  1.47936040e-04  0.00000000e+00 
 1.48036040e-04  1.06877055e+00  1.48036040e-04  3.99517767e-01  1.48036040e-04  1.95623111e-06  1.48036040e-04  7.78413001e-07  1.48036040e-04 -1.28153195e-07  1.48036040e-04  0.00000000e+00  1.48036040e-04  0.00000000e+00 
 1.48136040e-04  1.06842669e+00  1.48136040e-04  3.99552420e-01  1.48136040e-04  2.03861808e-06  1.48136040e-04 -7.77652101e-07  1.48136040e-04  2.04355687e-07  1.48136040e-04  0.00000000e+00  1.48136040e-04  0.00000000e+00 
 1.48236040e-04  1.06808255e+00  1.48236040e-04  3.99517891e-01  1.48236040e-04  1.95623209e-06  1.48236040e-04  7.78412925e-07  1.48236040e-04 -1.28162329e-07  1.48236040e-04  0.00000000e+00  1.48236040e-04  0.00000000e+00 
 1.48336040e-04  1.06773896e+00  1.48336040e-04  3.99552547e-01  1.48336040e-04  2.03861710e-06  1.48336040e-04 -7.77617967e-07  1.48336040e-04  2.04343538e-07  1.48336040e-04  0.00000000e+00  1.48336040e-04  0.00000000e+00 
 1.48436040e-04  1.06739509e+00  1.48436040e-04  3.99518019e-01  1.48436040e-04  1.95623308e-06  1.48436040e-04  7.78411729e-07  1.48436040e-04 -1.28171458e-07  1.48436040e-04  0.00000000e+00  1.48436040e-04  0.00000000e+00 
 1.48536040e-04  1.06705176e+00  1.48536040e-04  3.99552681e-01  1.48536040e-04  2.03861612e-06  1.48536040e-04 -7.77583363e-07  1.48536040e-04  2.04331395e-07  1.48536040e-04  0.00000000e+00  1.48536040e-04  0.00000000e+00 
 1.48636040e-04  1.06670816e+00  1.48636040e-04  3.99518151e-01  1.48636040e-04  1.95623405e-06  1.48636040e-04  7.78409398e-07  1.48636040e-04 -1.28180585e-07  1.48636040e-04  0.00000000e+00  1.48636040e-04  0.00000000e+00 
 1.48736040e-04  1.06636510e+00  1.48736040e-04  3.99552824e-01  1.48736040e-04  2.03861514e-06  1.48736040e-04 -7.77548260e-07  1.48736040e-04  2.04319257e-07  1.48736040e-04  0.00000000e+00  1.48736040e-04  0.00000000e+00 
 1.48836040e-04  1.06602176e+00  1.48836040e-04  3.99518289e-01  1.48836040e-04  1.95623503e-06  1.48836040e-04  7.78405915e-07  1.48836040e-04 -1.28189708e-07  1.48836040e-04  0.00000000e+00  1.48836040e-04  0.00000000e+00 
 1.48936040e-04  1.06567895e+00  1.48936040e-04  3.99552976e-01  1.48936040e-04  2.03861417e-06  1.48936040e-04 -7.77512626e-07  1.48936040e-04  2.04307125e-07  1.48936040e-04  0.00000000e+00  1.48936040e-04  0.00000000e+00 
 1.49036040e-04  1.06533587e+00  1.49036040e-04  3.99518432e-01  1.49036040e-04  1.95623600e-06  1.49036040e-04  7.78401260e-07  1.49036040e-04 -1.28198827e-07  1.49036040e-04  0.00000000e+00  1.49036040e-04  0.00000000e+00 
 1.49136040e-04  1.06499332e+00  1.49136040e-04  3.99553137e-01  1.49136040e-04  2.03861320e-06  1.49136040e-04 -7.77476428e-07  1.49136040e-04  2.04294997e-07  1.49136040e-04  0.00000000e+00  1.49136040e-04  0.00000000e+00 
 1.49236040e-04  1.06465049e+00  1.49236040e-04  3.99518581e-01  1.49236040e-04  1.95623696e-06  1.49236040e-04  7.78395411e-07  1.49236040e-04 -1.28207942e-07  1.49236040e-04  0.00000000e+00  1.49236040e-04  0.00000000e+00 
 1.49336040e-04  1.06430819e+00  1.49336040e-04  3.99553309e-01  1.49336040e-04  2.03861223e-06  1.49336040e-04 -7.77439631e-07  1.49336040e-04  2.04282874e-07  1.49336040e-04  0.00000000e+00  1.49336040e-04  0.00000000e+00 
 1.49436040e-04  1.06396562e+00  1.49436040e-04  3.99518735e-01  1.49436040e-04  1.95623793e-06  1.49436040e-04  7.78388346e-07  1.49436040e-04 -1.28217053e-07  1.49436040e-04  0.00000000e+00  1.49436040e-04  0.00000000e+00 
 1.49536040e-04  1.06362357e+00  1.49536040e-04  3.99553493e-01  1.49536040e-04  2.03861127e-06  1.49536040e-04 -7.77402197e-07  1.49536040e-04  2.04270756e-07  1.49536040e-04  0.00000000e+00  1.49536040e-04  0.00000000e+00 
 1.49636040e-04  1.06328125e+00  1.49636040e-04  3.99518896e-01  1.49636040e-04  1.95623889e-06  1.49636040e-04  7.78380036e-07  1.49636040e-04 -1.28226161e-07  1.49636040e-04  0.00000000e+00  1.49636040e-04  0.00000000e+00 
 1.49736040e-04  1.06293944e+00  1.49736040e-04  3.99553688e-01  1.49736040e-04  2.03861031e-06  1.49736040e-04 -7.77364087e-07  1.49736040e-04  2.04258641e-07  1.49736040e-04  0.00000000e+00  1.49736040e-04  0.00000000e+00 
 1.49836040e-04  1.06259736e+00  1.49836040e-04  3.99519064e-01  1.49836040e-04  1.95623985e-06  1.49836040e-04  7.78370454e-07  1.49836040e-04 -1.28235264e-07  1.49836040e-04  0.00000000e+00  1.49836040e-04  0.00000000e+00 
 1.49936040e-04  1.06225580e+00  1.49936040e-04  3.99553897e-01  1.49936040e-04  2.03860935e-06  1.49936040e-04 -7.77325258e-07  1.49936040e-04  2.04246530e-07  1.49936040e-04  0.00000000e+00  1.49936040e-04  0.00000000e+00 
 1.50036040e-04  1.06191397e+00  1.50036040e-04  3.99519239e-01  1.50036040e-04  1.95624080e-06  1.50036040e-04  7.78359567e-07  1.50036040e-04 -1.28244362e-07  1.50036040e-04  0.00000000e+00  1.50036040e-04  0.00000000e+00 
 1.50136040e-04  1.06157265e+00  1.50136040e-04  3.99554120e-01  1.50136040e-04  2.03860840e-06  1.50136040e-04 -7.77285664e-07  1.50136040e-04  2.04234422e-07  1.50136040e-04  0.00000000e+00  1.50136040e-04  0.00000000e+00 
 1.50236040e-04  1.06123106e+00  1.50236040e-04  3.99519421e-01  1.50236040e-04  1.95624175e-06  1.50236040e-04  7.78347338e-07  1.50236040e-04 -1.28253456e-07  1.50236040e-04  0.00000000e+00  1.50236040e-04  0.00000000e+00 
 1.50336040e-04  1.06088997e+00  1.50336040e-04  3.99554358e-01  1.50336040e-04  2.03860745e-06  1.50336040e-04 -7.77245257e-07  1.50336040e-04  2.04222317e-07  1.50336040e-04  0.00000000e+00  1.50336040e-04  0.00000000e+00 
 1.50436040e-04  1.06054862e+00  1.50436040e-04  3.99519612e-01  1.50436040e-04  1.95624270e-06  1.50436040e-04  7.78333729e-07  1.50436040e-04 -1.28262546e-07  1.50436040e-04  0.00000000e+00  1.50436040e-04  0.00000000e+00 
 1.50536040e-04  1.06020777e+00  1.50536040e-04  3.99554612e-01  1.50536040e-04  2.03860650e-06  1.50536040e-04 -7.77203984e-07  1.50536040e-04  2.04210214e-07  1.50536040e-04  0.00000000e+00  1.50536040e-04  0.00000000e+00 
 1.50636040e-04  1.05986665e+00  1.50636040e-04  3.99519810e-01  1.50636040e-04  1.95624364e-06  1.50636040e-04  7.78318697e-07  1.50636040e-04 -1.28271630e-07  1.50636040e-04  0.00000000e+00  1.50636040e-04  0.00000000e+00 
 1.50736040e-04  1.05952603e+00  1.50736040e-04  3.99554883e-01  1.50736040e-04  2.03860556e-06  1.50736040e-04 -7.77161790e-07  1.50736040e-04  2.04198114e-07  1.50736040e-04  0.00000000e+00  1.50736040e-04  0.00000000e+00 
 1.50836040e-04  1.05918515e+00  1.50836040e-04  3.99520017e-01  1.50836040e-04  1.95624459e-06  1.50836040e-04  7.78302194e-07  1.50836040e-04 -1.28280709e-07  1.50836040e-04  0.00000000e+00  1.50836040e-04  0.00000000e+00 
 1.50936040e-04  1.05884476e+00  1.50936040e-04  3.99555173e-01  1.50936040e-04  2.03860461e-06  1.50936040e-04 -7.77118613e-07  1.50936040e-04  2.04186016e-07  1.50936040e-04  0.00000000e+00  1.50936040e-04  0.00000000e+00 
 1.51036040e-04  1.05850410e+00  1.51036040e-04  3.99520234e-01  1.51036040e-04  1.95624553e-06  1.51036040e-04  7.78284167e-07  1.51036040e-04 -1.28289783e-07  1.51036040e-04  0.00000000e+00  1.51036040e-04  0.00000000e+00 
 1.51136040e-04  1.05816394e+00  1.51136040e-04  3.99555482e-01  1.51136040e-04  2.03860368e-06  1.51136040e-04 -7.77074388e-07  1.51136040e-04  2.04173919e-07  1.51136040e-04  0.00000000e+00  1.51136040e-04  0.00000000e+00 
 1.51236040e-04  1.05782351e+00  1.51236040e-04  3.99520460e-01  1.51236040e-04  1.95624646e-06  1.51236040e-04  7.78264559e-07  1.51236040e-04 -1.28298851e-07  1.51236040e-04  0.00000000e+00  1.51236040e-04  0.00000000e+00 
 1.51336040e-04  1.05748358e+00  1.51336040e-04  3.99555811e-01  1.51336040e-04  2.03860274e-06  1.51336040e-04 -7.77029045e-07  1.51336040e-04  2.04161823e-07  1.51336040e-04  0.00000000e+00  1.51336040e-04  0.00000000e+00 
 1.51436040e-04  1.05714337e+00  1.51436040e-04  3.99520695e-01  1.51436040e-04  1.95624740e-06  1.51436040e-04  7.78243307e-07  1.51436040e-04 -1.28307913e-07  1.51436040e-04  0.00000000e+00  1.51436040e-04  0.00000000e+00 
 1.51536040e-04  1.05680366e+00  1.51536040e-04  3.99556162e-01  1.51536040e-04  2.03860181e-06  1.51536040e-04 -7.76982509e-07  1.51536040e-04  2.04149727e-07  1.51536040e-04  0.00000000e+00  1.51536040e-04  0.00000000e+00 
 1.51636040e-04  1.05646368e+00  1.51636040e-04  3.99520940e-01  1.51636040e-04  1.95624833e-06  1.51636040e-04  7.78220342e-07  1.51636040e-04 -1.28316969e-07  1.51636040e-04  0.00000000e+00  1.51636040e-04  0.00000000e+00 
 1.51736040e-04  1.05612418e+00  1.51736040e-04  3.99556535e-01  1.51736040e-04  2.03860087e-06  1.51736040e-04 -7.76934695e-07  1.51736040e-04  2.04137632e-07  1.51736040e-04  0.00000000e+00  1.51736040e-04  0.00000000e+00 
 1.51836040e-04  1.05578442e+00  1.51836040e-04  3.99521193e-01  1.51836040e-04  1.95624926e-06  1.51836040e-04  7.78195586e-07  1.51836040e-04 -1.28326017e-07  1.51836040e-04  0.00000000e+00  1.51836040e-04  0.00000000e+00 
 1.51936040e-04  1.05544514e+00  1.51936040e-04  3.99556932e-01  1.51936040e-04  2.03859994e-06  1.51936040e-04 -7.76885515e-07  1.51936040e-04  2.04125535e-07  1.51936040e-04  0.00000000e+00  1.51936040e-04  0.00000000e+00 
 1.52036040e-04  1.05510559e+00  1.52036040e-04  3.99521456e-01  1.52036040e-04  1.95625018e-06  1.52036040e-04  7.78168958e-07  1.52036040e-04 -1.28335059e-07  1.52036040e-04  0.00000000e+00  1.52036040e-04  0.00000000e+00 
 1.52136040e-04  1.05476653e+00  1.52136040e-04  3.99557351e-01  1.52136040e-04  2.03859902e-06  1.52136040e-04 -7.76834873e-07  1.52136040e-04  2.04113438e-07  1.52136040e-04  0.00000000e+00  1.52136040e-04  0.00000000e+00 
 1.52236040e-04  1.05442720e+00  1.52236040e-04  3.99521726e-01  1.52236040e-04  1.95625110e-06  1.52236040e-04  7.78140364e-07  1.52236040e-04 -1.28344093e-07  1.52236040e-04  0.00000000e+00  1.52236040e-04  0.00000000e+00 
 1.52336040e-04  1.05408835e+00  1.52336040e-04  3.99557794e-01  1.52336040e-04  2.03859810e-06  1.52336040e-04 -7.76782663e-07  1.52336040e-04  2.04101339e-07  1.52336040e-04  0.00000000e+00  1.52336040e-04  0.00000000e+00 
 1.52436040e-04  1.05374923e+00  1.52436040e-04  3.99522001e-01  1.52436040e-04  1.95625202e-06  1.52436040e-04  7.78109706e-07  1.52436040e-04 -1.28353119e-07  1.52436040e-04  0.00000000e+00  1.52436040e-04  0.00000000e+00 
 1.52536040e-04  1.05341059e+00  1.52536040e-04  3.99558260e-01  1.52536040e-04  2.03859717e-06  1.52536040e-04 -7.76728771e-07  1.52536040e-04  2.04089238e-07  1.52536040e-04  0.00000000e+00  1.52536040e-04  0.00000000e+00 
 1.52636040e-04  1.05307169e+00  1.52636040e-04  3.99522281e-01  1.52636040e-04  1.95625294e-06  1.52636040e-04  7.78076873e-07  1.52636040e-04 -1.28362136e-07  1.52636040e-04  0.00000000e+00  1.52636040e-04  0.00000000e+00 
 1.52736040e-04  1.05273325e+00  1.52736040e-04  3.99558746e-01  1.52736040e-04  2.03859625e-06  1.52736040e-04 -7.76673075e-07  1.52736040e-04  2.04077133e-07  1.52736040e-04  0.00000000e+00  1.52736040e-04  0.00000000e+00 
 1.52836040e-04  1.05239455e+00  1.52836040e-04  3.99522561e-01  1.52836040e-04  1.95625386e-06  1.52836040e-04  7.78041748e-07  1.52836040e-04 -1.28371144e-07  1.52836040e-04  0.00000000e+00  1.52836040e-04  0.00000000e+00 
 1.52936040e-04  1.05205633e+00  1.52936040e-04  3.99559252e-01  1.52936040e-04  2.03859534e-06  1.52936040e-04 -7.76615442e-07  1.52936040e-04  2.04065025e-07  1.52936040e-04  0.00000000e+00  1.52936040e-04  0.00000000e+00 
 1.53036040e-04  1.05171784e+00  1.53036040e-04  3.99522838e-01  1.53036040e-04  1.95625477e-06  1.53036040e-04  7.78004199e-07  1.53036040e-04 -1.28380142e-07  1.53036040e-04  0.00000000e+00  1.53036040e-04  0.00000000e+00 
 1.53136040e-04  1.05137981e+00  1.53136040e-04  3.99559775e-01  1.53136040e-04  2.03859442e-06  1.53136040e-04 -7.76555728e-07  1.53136040e-04  2.04052913e-07  1.53136040e-04  0.00000000e+00  1.53136040e-04  0.00000000e+00 
 1.53236040e-04  1.05104152e+00  1.53236040e-04  3.99523107e-01  1.53236040e-04  1.95625568e-06  1.53236040e-04  7.77964087e-07  1.53236040e-04 -1.28389130e-07  1.53236040e-04  0.00000000e+00  1.53236040e-04  0.00000000e+00 
 1.53336040e-04  1.05070370e+00  1.53336040e-04  3.99560309e-01  1.53336040e-04  2.03859351e-06  1.53336040e-04 -7.76493780e-07  1.53336040e-04  2.04040795e-07  1.53336040e-04  0.00000000e+00  1.53336040e-04  0.00000000e+00 
 1.53436040e-04  1.05036562e+00  1.53436040e-04  3.99523362e-01  1.53436040e-04  1.95625660e-06  1.53436040e-04  7.77921261e-07  1.53436040e-04 -1.28398107e-07  1.53436040e-04  0.00000000e+00  1.53436040e-04  0.00000000e+00 
 1.53536040e-04  1.05002799e+00  1.53536040e-04  3.99560851e-01  1.53536040e-04  2.03859259e-06  1.53536040e-04 -7.76429432e-07  1.53536040e-04  2.04028671e-07  1.53536040e-04  0.00000000e+00  1.53536040e-04  0.00000000e+00 
 1.53636040e-04  1.04969011e+00  1.53636040e-04  3.99523596e-01  1.53636040e-04  1.95625750e-06  1.53636040e-04  7.77875558e-07  1.53636040e-04 -1.28407072e-07  1.53636040e-04  0.00000000e+00  1.53636040e-04  0.00000000e+00 
 1.53736040e-04  1.04935268e+00  1.53736040e-04  3.99561394e-01  1.53736040e-04  2.03859168e-06  1.53736040e-04 -7.76362508e-07  1.53736040e-04  2.04016540e-07  1.53736040e-04  0.00000000e+00  1.53736040e-04  0.00000000e+00 
 1.53836040e-04  1.04901499e+00  1.53836040e-04  3.99523802e-01  1.53836040e-04  1.95625841e-06  1.53836040e-04  7.77826803e-07  1.53836040e-04 -1.28416025e-07  1.53836040e-04  0.00000000e+00  1.53836040e-04  0.00000000e+00 
 1.53936040e-04  1.04867777e+00  1.53936040e-04  3.99561932e-01  1.53936040e-04  2.03859078e-06  1.53936040e-04 -7.76292820e-07  1.53936040e-04  2.04004402e-07  1.53936040e-04  0.00000000e+00  1.53936040e-04  0.00000000e+00 
 1.54036040e-04  1.04834027e+00  1.54036040e-04  3.99523971e-01  1.54036040e-04  1.95625931e-06  1.54036040e-04  7.77774812e-07  1.54036040e-04 -1.28424964e-07  1.54036040e-04  0.00000000e+00  1.54036040e-04  0.00000000e+00 
 1.54136040e-04  1.04800324e+00  1.54136040e-04  3.99562457e-01  1.54136040e-04  2.03858987e-06  1.54136040e-04 -7.76220171e-07  1.54136040e-04  2.03992254e-07  1.54136040e-04  0.00000000e+00  1.54136040e-04  0.00000000e+00 
 1.54236040e-04  1.04766594e+00  1.54236040e-04  3.99524095e-01  1.54236040e-04  1.95626022e-06  1.54236040e-04  7.77719389e-07  1.54236040e-04 -1.28433889e-07  1.54236040e-04  0.00000000e+00  1.54236040e-04  0.00000000e+00 
 1.54336040e-04  1.04732910e+00  1.54336040e-04  3.99562963e-01  1.54336040e-04  2.03858897e-06  1.54336040e-04 -7.76144352e-07  1.54336040e-04  2.03980097e-07  1.54336040e-04  0.00000000e+00  1.54336040e-04  0.00000000e+00 
 1.54436040e-04  1.04699199e+00  1.54436040e-04  3.99524168e-01  1.54436040e-04  1.95626112e-06  1.54436040e-04  7.77660327e-07  1.54436040e-04 -1.28442799e-07  1.54436040e-04  0.00000000e+00  1.54436040e-04  0.00000000e+00 
 1.54536040e-04  1.04665534e+00  1.54536040e-04  3.99563444e-01  1.54536040e-04  2.03858806e-06  1.54536040e-04 -7.76065144e-07  1.54536040e-04  2.03967928e-07  1.54536040e-04  0.00000000e+00  1.54536040e-04  0.00000000e+00 
 1.54636040e-04  1.04631842e+00  1.54636040e-04  3.99524181e-01  1.54636040e-04  1.95626202e-06  1.54636040e-04  7.77597410e-07  1.54636040e-04 -1.28451693e-07  1.54636040e-04  0.00000000e+00  1.54636040e-04  0.00000000e+00 
 1.54736040e-04  1.04598196e+00  1.54736040e-04  3.99563893e-01  1.54736040e-04  2.03858717e-06  1.54736040e-04 -7.75982318e-07  1.54736040e-04  2.03955748e-07  1.54736040e-04  0.00000000e+00  1.54736040e-04  0.00000000e+00 
 1.54836040e-04  1.04564523e+00  1.54836040e-04  3.99524130e-01  1.54836040e-04  1.95626291e-06  1.54836040e-04  7.77530410e-07  1.54836040e-04 -1.28460570e-07  1.54836040e-04  0.00000000e+00  1.54836040e-04  0.00000000e+00 
 1.54918020e-04  1.04536958e+00  1.54918020e-04  3.99564309e-01  1.54918020e-04  2.03858617e-06  1.54918020e-04 -7.75887717e-07  1.54918020e-04  2.03944321e-07  1.54918020e-04  0.00000000e+00  1.54918020e-04  0.00000000e+00 
 1.55000000e-04  1.04509363e+00  1.55000000e-04  3.99523950e-01  1.55000000e-04  1.95626400e-06  1.55000000e-04  7.77439727e-07  1.55000000e-04 -1.28467164e-07  1.55000000e-04  0.00000000e+00  1.55000000e-04  0.00000000e+00 
 1.55004806e-04  1.04447857e+00  1.55004806e-04  4.18172201e-01  1.55004806e-04  1.99622864e-06  1.55004806e-04 -4.32957594e-08  1.55004806e-04  1.47045588e-06  1.55004806e-04  0.00000000e+00  1.55004806e-04  1.20000000e+00 
 1.55014419e-04  1.04380749e+00  1.55014419e-04  3.99181833e-01  1.55014419e-04  2.00020978e-06  1.55014419e-04  8.71730352e-08  1.55014419e-04 -8.45603156e-08  1.55014419e-04  0.00000000e+00  1.55014419e-04  1.20000000e+00 
 1.55021581e-04  1.04346682e+00  1.55021581e-04  3.98801643e-01  1.55021581e-04  1.99424985e-06  1.55021581e-04 -7.67095089e-08  1.55021581e-04  1.20347857e-06  1.55021581e-04  0.00000000e+00  1.55021581e-04  1.20000000e+00 
 1.55030157e-04  1.04291851e+00  1.55030157e-04  3.99943741e-01  1.55030157e-04  2.00029997e-06  1.55030157e-04  6.96498161e-08  1.55030157e-04  1.29995126e-07  1.55030157e-04  0.00000000e+00  1.55030157e-04  1.20000000e+00 
 1.55047308e-04  1.04195262e+00  1.55047308e-04  3.99248817e-01  1.55047308e-04  1.99462015e-06  1.55047308e-04 -6.44780880e-08  1.55047308e-04  1.11426527e-06  1.55047308e-04  0.00000000e+00  1.55047308e-04  1.20000000e+00 
 1.55067146e-04  1.04077179e+00  1.55067146e-04  4.00048307e-01  1.55067146e-04  2.00016307e-06  1.55067146e-04  6.31552591e-08  1.55067146e-04  1.75083542e-07  1.55067146e-04  0.00000000e+00  1.55067146e-04  1.20000000e+00 
 1.55106820e-04  1.03851219e+00  1.55106820e-04  3.99286440e-01  1.55106820e-04  1.99471870e-06  1.55106820e-04 -5.99509141e-08  1.55106820e-04  1.08548154e-06  1.55106820e-04  0.00000000e+00  1.55106820e-04  1.20000000e+00 
 1.55171947e-04  1.03473419e+00  1.55171947e-04  4.00075750e-01  1.55171947e-04  2.00010993e-06  1.55171947e-04  6.08585462e-08  1.55171947e-04  1.89241353e-07  1.55171947e-04  0.00000000e+00  1.55171947e-04  1.20000000e+00 
 1.55271947e-04  1.02900461e+00  1.55271947e-04  3.99244611e-01  1.55271947e-04  1.99475224e-06  1.55271947e-04 -5.83449386e-08  1.55271947e-04  1.07675312e-06  1.55271947e-04  0.00000000e+00  1.55271947e-04  1.20000000e+00 
 1.55371947e-04  1.02322208e+00  1.55371947e-04  3.99969773e-01  1.55371947e-04  2.00008463e-06  1.55371947e-04  5.97049006e-08  1.55371947e-04  1.95791587e-07  1.55371947e-04  0.00000000e+00  1.55371947e-04  1.20000000e+00 
 1.55471947e-04  1.01749345e+00  1.55471947e-04  3.99233535e-01  1.55471947e-04  1.99477786e-06  1.55471947e-04 -5.68833730e-08  1.55471947e-04  1.07014015e-06  1.55471947e-04  0.00000000e+00  1.55471947e-04  1.20000000e+00 
 1.55571947e-04  1.01171404e+00  1.55571947e-04  3.99870403e-01  1.55571947e-04  2.00005947e-06  1.55571947e-04  5.81052146e-08  1.55571947e-04  2.02009325e-07  1.55571947e-04  0.00000000e+00  1.55571947e-04  1.20000000e+00 
 1.55671947e-04  1.00598602e+00  1.55671947e-04  3.99232425e-01  1.55671947e-04  1.99480271e-06  1.55671947e-04 -5.47634754e-08  1.55671947e-04  1.06383868e-06  1.55671947e-04  0.00000000e+00  1.55671947e-04  1.20000000e+00 
 1.55771947e-04  1.00021019e+00  1.55771947e-04  3.99742227e-01  1.55771947e-04  2.00003521e-06  1.55771947e-04  5.56533849e-08  1.55771947e-04  2.07790615e-07  1.55771947e-04  0.00000000e+00  1.55771947e-04  1.20000000e+00 
 1.55871947e-04  9.94483488e-01  1.55871947e-04  3.99341613e-01  1.55871947e-04  1.99482625e-06  1.55871947e-04 -5.19398808e-08  1.55871947e-04  1.05777280e-06  1.55871947e-04  0.00000000e+00  1.55871947e-04  1.20000000e+00 
 1.55971947e-04  9.88710551e-01  1.55971947e-04  3.99619943e-01  1.55971947e-04  2.00001260e-06  1.55971947e-04  5.27456741e-08  1.55971947e-04  2.13402790e-07  1.55971947e-04  0.00000000e+00  1.55971947e-04  1.20000000e+00 
 1.56071947e-04  9.82983861e-01  1.56071947e-04  3.99454895e-01  1.56071947e-04  1.99484778e-06  1.56071947e-04 -4.88635113e-08  1.56071947e-04  1.05214148e-06  1.56071947e-04  0.00000000e+00  1.56071947e-04  1.20000000e+00 
 1.56171947e-04  9.77213510e-01  1.56171947e-04  3.99503924e-01  1.56171947e-04  1.99999226e-06  1.56171947e-04  4.96532818e-08  1.56171947e-04  2.18692440e-07  1.56171947e-04  0.00000000e+00  1.56171947e-04  1.20000000e+00 
 1.56271947e-04  9.71486908e-01  1.56271947e-04  3.99561333e-01  1.56271947e-04  1.99486686e-06  1.56271947e-04 -4.56955692e-08  1.56271947e-04  1.04680157e-06  1.56271947e-04  0.00000000e+00  1.56271947e-04  1.20000000e+00 
 1.56371947e-04  9.65719136e-01  1.56371947e-04  3.99400219e-01  1.56371947e-04  1.99997449e-06  1.56371947e-04  4.65186935e-08  1.56371947e-04  2.23678784e-07  1.56371947e-04  0.00000000e+00  1.56371947e-04  1.20000000e+00 
 1.56471947e-04  9.59992754e-01  1.56471947e-04  3.99654781e-01  1.56471947e-04  1.99488331e-06  1.56471947e-04 -4.25541284e-08  1.56471947e-04  1.04172690e-06  1.56471947e-04  0.00000000e+00  1.56471947e-04  1.20000000e+00 
 1.56571947e-04  9.54227586e-01  1.56571947e-04  3.99312065e-01  1.56571947e-04  1.99995936e-06  1.56571947e-04  4.34468146e-08  1.56571947e-04  2.28384779e-07  1.56571947e-04  0.00000000e+00  1.56571947e-04  1.20000000e+00 
 1.56671947e-04  9.48501587e-01  1.56671947e-04  3.99732596e-01  1.56671947e-04  1.99489714e-06  1.56671947e-04 -3.95237140e-08  1.56671947e-04  1.03689206e-06  1.56671947e-04  0.00000000e+00  1.56671947e-04  1.20000000e+00 
 1.56771947e-04  9.42739068e-01  1.56771947e-04  3.99240563e-01  1.56771947e-04  1.99994677e-06  1.56771947e-04  4.05105324e-08  1.56771947e-04  2.32833567e-07  1.56771947e-04  0.00000000e+00  1.56771947e-04  1.20000000e+00 
 1.56871947e-04  9.37013635e-01  1.56871947e-04  3.99794211e-01  1.56871947e-04  1.99490852e-06  1.56871947e-04 -3.66607400e-08  1.56871947e-04  1.03227282e-06  1.56871947e-04  0.00000000e+00  1.56871947e-04  1.20000000e+00 
 1.56971947e-04  9.31253820e-01  1.56971947e-04  3.99185432e-01  1.56971947e-04  1.99993651e-06  1.56971947e-04  3.77564506e-08  1.56971947e-04  2.37048136e-07  1.56971947e-04  0.00000000e+00  1.56971947e-04  1.20000000e+00 
 1.57071947e-04  9.25529143e-01  1.57071947e-04  3.99840256e-01  1.57071947e-04  1.99491771e-06  1.57071947e-04 -3.39990072e-08  1.57071947e-04  1.02784634e-06  1.57071947e-04  0.00000000e+00  1.57071947e-04  1.20000000e+00 
 1.57171947e-04  9.19772082e-01  1.57171947e-04  3.99145594e-01  1.57171947e-04  1.99992830e-06  1.57171947e-04  3.52105680e-08  1.57171947e-04  2.41051109e-07  1.57171947e-04  0.00000000e+00  1.57171947e-04  1.20000000e+00 
 1.57271947e-04  9.14048357e-01  1.57271947e-04  3.99871990e-01  1.57271947e-04  1.99492502e-06  1.57271947e-04 -3.15549650e-08  1.57271947e-04  1.02359120e-06  1.57271947e-04  0.00000000e+00  1.57271947e-04  1.20000000e+00 
 1.57371947e-04  9.08294093e-01  1.57371947e-04  3.99119578e-01  1.57371947e-04  1.99992180e-06  1.57371947e-04  3.28834637e-08  1.57371947e-04  2.44864432e-07  1.57371947e-04  0.00000000e+00  1.57371947e-04  1.20000000e+00 
 1.57471947e-04  9.02571507e-01  1.57471947e-04  3.99890945e-01  1.57471947e-04  1.99493078e-06  1.57471947e-04 -2.93323569e-08  1.57471947e-04  1.01948759e-06  1.57471947e-04  0.00000000e+00  1.57471947e-04  1.20000000e+00 
 1.57571947e-04  8.96820070e-01  1.57571947e-04  3.99105773e-01  1.57571947e-04  1.99991669e-06  1.57571947e-04  3.07747041e-08  1.57571947e-04  2.48508920e-07  1.57571947e-04  0.00000000e+00  1.57571947e-04  1.20000000e+00 
 1.57671947e-04  8.91098800e-01  1.57671947e-04  3.99898721e-01  1.57671947e-04  1.99493532e-06  1.57671947e-04 -2.73260717e-08  1.57671947e-04  1.01551749e-06  1.57671947e-04  0.00000000e+00  1.57671947e-04  1.20000000e+00 
 1.57771947e-04  8.85350211e-01  1.57771947e-04  3.99102575e-01  1.57771947e-04  1.99991263e-06  1.57771947e-04  2.88763917e-08  1.57771947e-04  2.52003785e-07  1.57771947e-04  0.00000000e+00  1.57771947e-04  1.20000000e+00 
 1.57871947e-04  8.79630418e-01  1.57871947e-04  3.99896870e-01  1.57871947e-04  1.99493896e-06  1.57871947e-04 -2.55251834e-08  1.57871947e-04  1.01166489e-06  1.57871947e-04  0.00000000e+00  1.57871947e-04  1.20000000e+00 
 1.57971947e-04  8.73884691e-01  1.57971947e-04  3.99108462e-01  1.57971947e-04  1.99990934e-06  1.57971947e-04  2.71759000e-08  1.57971947e-04  2.55366251e-07  1.57971947e-04  0.00000000e+00  1.57971947e-04  1.20000000e+00 
 1.58071947e-04  8.68166519e-01  1.58071947e-04  3.99886847e-01  1.58071947e-04  1.99494197e-06  1.58071947e-04 -2.39152572e-08  1.58071947e-04  1.00791587e-06  1.58071947e-04  0.00000000e+00  1.58071947e-04  1.20000000e+00 
 1.58171947e-04  8.62423661e-01  1.58171947e-04  3.99122023e-01  1.58171947e-04  1.99990653e-06  1.58171947e-04  2.56579064e-08  1.58171947e-04  2.58611339e-07  1.58171947e-04  0.00000000e+00  1.58171947e-04  1.20000000e+00 
 1.58271947e-04  8.56707238e-01  1.58271947e-04  3.99869991e-01  1.58271947e-04  1.99494464e-06  1.58271947e-04 -2.24800374e-08  1.58271947e-04  1.00425863e-06  1.58271947e-04  0.00000000e+00  1.58271947e-04  1.20000000e+00 
 1.58371947e-04  8.50967252e-01  1.58371947e-04  3.99141971e-01  1.58371947e-04  1.99990396e-06  1.58371947e-04  2.43058519e-08  1.58371947e-04  2.61751811e-07  1.58371947e-04  0.00000000e+00  1.58371947e-04  1.20000000e+00 
 1.58471947e-04  8.45252690e-01  1.58471947e-04  3.99847527e-01  1.58471947e-04  1.99494717e-06  1.58471947e-04 -2.12026414e-08  1.58471947e-04  1.00068338e-06  1.58471947e-04  0.00000000e+00  1.58471947e-04  1.20000000e+00 
 1.58571947e-04  8.39515578e-01  1.58571947e-04  3.99167133e-01  1.58571947e-04  1.99990141e-06  1.58571947e-04  2.31029566e-08  1.58571947e-04  2.64798258e-07  1.58571947e-04  0.00000000e+00  1.58571947e-04  1.20000000e+00 
 1.58671947e-04  8.33802974e-01  1.58671947e-04  3.99820572e-01  1.58671947e-04  1.99494979e-06  1.58671947e-04 -2.00663770e-08  1.58671947e-04  9.97182167e-07  1.58671947e-04  0.00000000e+00  1.58671947e-04  1.20000000e+00 
 1.58771947e-04  8.28068740e-01  1.58771947e-04  3.99196446e-01  1.58771947e-04  1.99989870e-06  1.58771947e-04  2.20328993e-08  1.58771947e-04  2.67759277e-07  1.58771947e-04  0.00000000e+00  1.58771947e-04  1.20000000e+00 
 1.58871947e-04  8.22358180e-01  1.58871947e-04  3.99790145e-01  1.58871947e-04  1.99495265e-06  1.58871947e-04 -1.90552769e-08  1.58871947e-04  9.93748692e-07  1.58871947e-04  0.00000000e+00  1.58871947e-04  1.20000000e+00 
 1.58971947e-04  8.16626828e-01  1.58971947e-04  3.99228940e-01  1.58971947e-04  1.99989566e-06  1.58971947e-04  2.10802526e-08  1.58971947e-04  2.70641697e-07  1.58971947e-04  0.00000000e+00  1.58971947e-04  1.20000000e+00 
 1.59071947e-04  8.10918386e-01  1.59071947e-04  3.99757178e-01  1.59071947e-04  1.99495590e-06  1.59071947e-04 -1.81544320e-08  1.59071947e-04  9.90378069e-07  1.59071947e-04  0.00000000e+00  1.59071947e-04  1.20000000e+00 
 1.59171947e-04  8.05189923e-01  1.59171947e-04  3.99263733e-01  1.59171947e-04  1.99989218e-06  1.59171947e-04  2.02307456e-08  1.59171947e-04  2.73450823e-07  1.59171947e-04  0.00000000e+00  1.59171947e-04  1.20000000e+00 
 1.59271947e-04  7.99483666e-01  1.59271947e-04  3.99722524e-01  1.59271947e-04  1.99495965e-06  1.59271947e-04 -1.73501826e-08  1.59271947e-04  9.87066613e-07  1.59271947e-04  0.00000000e+00  1.59271947e-04  1.20000000e+00 
 1.59371947e-04  7.93758104e-01  1.59371947e-04  3.99300012e-01  1.59371947e-04  1.99988814e-06  1.59371947e-04  1.94714049e-08  1.59371947e-04  2.76190669e-07  1.59371947e-04  0.00000000e+00  1.59371947e-04  1.20000000e+00 
 1.59471947e-04  7.88054090e-01  1.59471947e-04  3.99686964e-01  1.59471947e-04  1.99496401e-06  1.59471947e-04 -1.66302112e-08  1.59471947e-04  9.83811638e-07  1.59471947e-04  0.00000000e+00  1.59471947e-04  1.20000000e+00 
 1.59571947e-04  7.82331442e-01  1.59571947e-04  3.99337032e-01  1.59571947e-04  1.99988346e-06  1.59571947e-04  1.87906144e-08  1.59571947e-04  2.78864178e-07  1.59571947e-04  0.00000000e+00  1.59571947e-04  1.20000000e+00 
 1.59671947e-04  7.76629727e-01  1.59671947e-04  3.99651213e-01  1.59671947e-04  1.99496903e-06  1.59671947e-04 -1.59835694e-08  1.59671947e-04  9.80611280e-07  1.59671947e-04  0.00000000e+00  1.59671947e-04  1.20000000e+00 
 1.59771947e-04  7.70910010e-01  1.59771947e-04  3.99374108e-01  1.59771947e-04  1.99987809e-06  1.59771947e-04  1.81781182e-08  1.59771947e-04  2.81473423e-07  1.59771947e-04  0.00000000e+00  1.59771947e-04  1.20000000e+00 
 1.59871947e-04  7.65210643e-01  1.59871947e-04  3.99615917e-01  1.59871947e-04  1.99497476e-06  1.59871947e-04 -1.54006578e-08  1.59871947e-04  9.77464324e-07  1.59871947e-04  0.00000000e+00  1.59871947e-04  1.20000000e+00 
 1.59971947e-04  7.59493878e-01  1.59971947e-04  3.99410613e-01  1.59971947e-04  1.99987199e-06  1.59971947e-04  1.76249833e-08  1.59971947e-04  2.84019777e-07  1.59971947e-04  0.00000000e+00  1.59971947e-04  1.20000000e+00 
 1.60071947e-04  7.53796906e-01  1.60071947e-04  3.99581649e-01  1.60071947e-04  1.99498124e-06  1.60071947e-04 -1.48731716e-08  1.60071947e-04  9.74370064e-07  1.60071947e-04  0.00000000e+00  1.60071947e-04  1.20000000e+00 
 1.60171947e-04  7.48083116e-01  1.60171947e-04  3.99445991e-01  1.60171947e-04  1.99986515e-06  1.60171947e-04  1.71235322e-08  1.60171947e-04  2.86504078e-07  1.60171947e-04  0.00000000e+00  1.60171947e-04  1.20000000e+00 
 1.60271947e-04  7.42388587e-01  1.60271947e-04  3.99548902e-01  1.60271947e-04  1.99498846e-06  1.60271947e-04 -1.43940200e-08  1.60271947e-04  9.71328168e-07  1.60271947e-04  0.00000000e+00  1.60271947e-04  1.20000000e+00 
 1.60371947e-04  7.36677798e-01  1.60371947e-04  3.99479760e-01  1.60371947e-04  1.99985755e-06  1.60371947e-04  1.66672505e-08  1.60371947e-04  2.88926771e-07  1.60371947e-04  0.00000000e+00  1.60371947e-04  1.20000000e+00 
 1.60471947e-04  7.30985755e-01  1.60471947e-04  3.99518082e-01  1.60471947e-04  1.99499643e-06  1.60471947e-04 -1.39572224e-08  1.60471947e-04  9.68338554e-07  1.60471947e-04  0.00000000e+00  1.60471947e-04  1.20000000e+00 
 1.60571947e-04  7.25277997e-01  1.60571947e-04  3.99511527e-01  1.60571947e-04  1.99984922e-06  1.60571947e-04  1.62506744e-08  1.60571947e-04  2.91288039e-07  1.60571947e-04  0.00000000e+00  1.60571947e-04  1.20000000e+00 
 1.60671947e-04  7.19588487e-01  1.60671947e-04  3.99489494e-01  1.60671947e-04  1.99500512e-06  1.60671947e-04 -1.35577879e-08  1.60671947e-04  9.65401282e-07  1.60671947e-04  0.00000000e+00  1.60671947e-04  1.20000000e+00 
 1.60771947e-04  7.13883790e-01  1.60771947e-04  3.99540999e-01  1.60771947e-04  1.99984019e-06  1.60771947e-04  1.58692632e-08  1.60771947e-04  2.93587922e-07  1.60771947e-04  0.00000000e+00  1.60771947e-04  1.20000000e+00 
 1.60871947e-04  7.08196861e-01  1.60871947e-04  3.99463342e-01  1.60871947e-04  1.99501450e-06  1.60871947e-04 -1.31915829e-08  1.60871947e-04  9.62516457e-07  1.60871947e-04  0.00000000e+00  1.60871947e-04  1.20000000e+00 
 1.60971947e-04  7.02495260e-01  1.60971947e-04  3.99567982e-01  1.60971947e-04  1.99983049e-06  1.60971947e-04  1.55192642e-08  1.60971947e-04  2.95826419e-07  1.60971947e-04  0.00000000e+00  1.60971947e-04  1.20000000e+00 
 1.61071947e-04  6.96810958e-01  1.61071947e-04  3.99439730e-01  1.61071947e-04  1.99502452e-06  1.61071947e-04 -1.28551935e-08  1.61071947e-04  9.59684141e-07  1.61071947e-04  0.00000000e+00  1.61071947e-04  1.20000000e+00 
 1.61171947e-04  6.91112488e-01  1.61171947e-04  3.99592385e-01  1.61171947e-04  1.99982016e-06  1.61171947e-04  1.51975761e-08  1.61171947e-04  2.98003569e-07  1.61171947e-04  0.00000000e+00  1.61171947e-04  1.20000000e+00 
 1.61271947e-04  6.85430866e-01  1.61271947e-04  3.99418670e-01  1.61271947e-04  1.99503515e-06  1.61271947e-04 -1.25457925e-08  1.61271947e-04  9.56904295e-07  1.61271947e-04  0.00000000e+00  1.61271947e-04  1.20000000e+00 
 1.61371947e-04  6.79735564e-01  1.61371947e-04  3.99614209e-01  1.61371947e-04  1.99980927e-06  1.61371947e-04  1.49016205e-08  1.61371947e-04  3.00119516e-07  1.61371947e-04  0.00000000e+00  1.61371947e-04  1.20000000e+00 
 1.61471947e-04  6.74056672e-01  1.61471947e-04  3.99400094e-01  1.61471947e-04  1.99504631e-06  1.61471947e-04 -1.22610162e-08  1.61471947e-04  9.54176729e-07  1.61471947e-04  0.00000000e+00  1.61471947e-04  1.20000000e+00 
 1.61571947e-04  6.68364577e-01  1.61571947e-04  3.99633529e-01  1.61571947e-04  1.99979786e-06  1.61571947e-04  1.46292262e-08  1.61571947e-04  3.02174550e-07  1.61571947e-04  0.00000000e+00  1.61571947e-04  1.20000000e+00 
 1.61671947e-04  6.62688469e-01  1.61671947e-04  3.99383873e-01  1.61671947e-04  1.99505796e-06  1.61671947e-04 -1.19988572e-08  1.61671947e-04  9.51501076e-07  1.61671947e-04  0.00000000e+00  1.61671947e-04  1.20000000e+00 
 1.61771947e-04  6.56999619e-01  1.61771947e-04  3.99650479e-01  1.61771947e-04  1.99978600e-06  1.61771947e-04  1.43785310e-08  1.61771947e-04  3.04169128e-07  1.61771947e-04  0.00000000e+00  1.61771947e-04  1.20000000e+00 
 1.61871947e-04  6.51326347e-01  1.61871947e-04  3.99369832e-01  1.61871947e-04  1.99507003e-06  1.61871947e-04 -1.17575760e-08  1.61871947e-04  9.48876786e-07  1.61871947e-04  0.00000000e+00  1.61871947e-04  1.20000000e+00 
 1.61971947e-04  6.45640782e-01  1.61971947e-04  3.99665234e-01  1.61971947e-04  1.99977375e-06  1.61971947e-04  1.41479039e-08  1.61971947e-04  3.06103881e-07  1.61971947e-04  0.00000000e+00  1.61971947e-04  1.20000000e+00 
 1.62071947e-04  6.39970401e-01  1.62071947e-04  3.99357774e-01  1.62071947e-04  1.99508247e-06  1.62071947e-04 -1.15356318e-08  1.62071947e-04  9.46303128e-07  1.62071947e-04  0.00000000e+00  1.62071947e-04  1.20000000e+00 
 1.62171947e-04  6.34288158e-01  1.62171947e-04  3.99677993e-01  1.62171947e-04  1.99976115e-06  1.62171947e-04  1.39358844e-08  1.62171947e-04  3.07979606e-07  1.62171947e-04  0.00000000e+00  1.62171947e-04  1.20000000e+00 
 1.62271947e-04  6.28620723e-01  1.62271947e-04  3.99347486e-01  1.62271947e-04  1.99509522e-06  1.62271947e-04 -1.13316316e-08  1.62271947e-04  9.43779205e-07  1.62271947e-04  0.00000000e+00  1.62271947e-04  1.20000000e+00 
 1.62371947e-04  6.22941841e-01  1.62371947e-04  3.99688963e-01  1.62371947e-04  1.99974826e-06  1.62371947e-04  1.37411399e-08  1.62371947e-04  3.09797250e-07  1.62371947e-04  0.00000000e+00  1.62371947e-04  1.20000000e+00 
 1.62471947e-04  6.17277404e-01  1.62471947e-04  3.99338760e-01  1.62471947e-04  1.99510824e-06  1.62471947e-04 -1.11442937e-08  1.62471947e-04  9.41303980e-07  1.62471947e-04  0.00000000e+00  1.62471947e-04  1.20000000e+00 
 1.62571947e-04  6.11601922e-01  1.62571947e-04  3.99698347e-01  1.62571947e-04  1.99973514e-06  1.62571947e-04  1.35624360e-08  1.62571947e-04  3.11557885e-07  1.62571947e-04  0.00000000e+00  1.62571947e-04  1.20000000e+00 
 1.62671947e-04  6.05940535e-01  1.62671947e-04  3.99331397e-01  1.62671947e-04  1.99512147e-06  1.62671947e-04 -1.09724248e-08  1.62671947e-04  9.38876301e-07  1.62671947e-04  0.00000000e+00  1.62671947e-04  1.20000000e+00 
 1.62771947e-04  6.00268491e-01  1.62771947e-04  3.99706341e-01  1.62771947e-04  1.99972182e-06  1.62771947e-04  1.33986180e-08  1.62771947e-04  3.13262684e-07  1.62771947e-04  0.00000000e+00  1.62771947e-04  1.20000000e+00 
 1.62871947e-04  5.94610207e-01  1.62871947e-04  3.99325213e-01  1.62871947e-04  1.99513487e-06  1.62871947e-04 -1.08149043e-08  1.62871947e-04  9.36494927e-07  1.62871947e-04  0.00000000e+00  1.62871947e-04  1.20000000e+00 
 1.62971947e-04  5.88941639e-01  1.62971947e-04  3.99713122e-01  1.62971947e-04  1.99970834e-06  1.62971947e-04  1.32485994e-08  1.62971947e-04  3.14912895e-07  1.62971947e-04  0.00000000e+00  1.62971947e-04  1.20000000e+00 
 1.63071947e-04  5.83286509e-01  1.63071947e-04  3.99320046e-01  1.63071947e-04  1.99514842e-06  1.63071947e-04 -1.06706771e-08  1.63071947e-04  9.34158556e-07  1.63071947e-04  0.00000000e+00  1.63071947e-04  1.20000000e+00 
 1.63171947e-04  5.77621455e-01  1.63171947e-04  3.99718850e-01  1.63171947e-04  1.99969475e-06  1.63171947e-04  1.31113564e-08  1.63171947e-04  3.16509819e-07  1.63171947e-04  0.00000000e+00  1.63171947e-04  1.20000000e+00 
 1.63271947e-04  5.71969532e-01  1.63271947e-04  3.99315751e-01  1.63271947e-04  1.99516206e-06  1.63271947e-04 -1.05387483e-08  1.63271947e-04  9.31865844e-07  1.63271947e-04  0.00000000e+00  1.63271947e-04  1.20000000e+00 
 1.63371947e-04  5.66308031e-01  1.63371947e-04  3.99723667e-01  1.63371947e-04  1.99968107e-06  1.63371947e-04  1.29859245e-08  1.63371947e-04  3.18054783e-07  1.63371947e-04  0.00000000e+00  1.63371947e-04  1.20000000e+00 
 1.63471947e-04  5.60659365e-01  1.63471947e-04  3.99312204e-01  1.63471947e-04  1.99517577e-06  1.63471947e-04 -1.04181823e-08  1.63471947e-04  9.29615432e-07  1.63471947e-04  0.00000000e+00  1.63471947e-04  1.20000000e+00 
 1.63571947e-04  5.55001456e-01  1.63571947e-04  3.99727696e-01  1.63571947e-04  1.99966734e-06  1.63571947e-04  1.28713973e-08  1.63571947e-04  3.19549125e-07  1.63571947e-04  0.00000000e+00  1.63571947e-04  1.20000000e+00 
 1.63671947e-04  5.49356098e-01  1.63671947e-04  3.99309300e-01  1.63671947e-04  1.99518953e-06  1.63671947e-04 -1.03081007e-08  1.63671947e-04  9.27405958e-07  1.63671947e-04  0.00000000e+00  1.63671947e-04  1.20000000e+00 
 1.63771947e-04  5.43701821e-01  1.63771947e-04  3.99731040e-01  1.63771947e-04  1.99965357e-06  1.63771947e-04  1.27669261e-08  1.63771947e-04  3.20994175e-07  1.63771947e-04  0.00000000e+00  1.63771947e-04  1.20000000e+00 
 1.63871947e-04  5.38059821e-01  1.63871947e-04  3.99306951e-01  1.63871947e-04  1.99520332e-06  1.63871947e-04 -1.02076828e-08  1.63871947e-04  9.25236068e-07  1.63871947e-04  0.00000000e+00  1.63871947e-04  1.20000000e+00 
 1.63971947e-04  5.32409217e-01  1.63971947e-04  3.99733790e-01  1.63971947e-04  1.99963978e-06  1.63971947e-04  1.26717186e-08  1.63971947e-04  3.22391239e-07  1.63971947e-04  0.00000000e+00  1.63971947e-04  1.20000000e+00 
 1.64071947e-04  5.26770627e-01  1.64071947e-04  3.99305081e-01  1.64071947e-04  1.99521710e-06  1.64071947e-04 -1.01161638e-08  1.64071947e-04  9.23104427e-07  1.64071947e-04  0.00000000e+00  1.64071947e-04  1.20000000e+00 
 1.64171947e-04  5.21123737e-01  1.64171947e-04  3.99736022e-01  1.64171947e-04  1.99962600e-06  1.64171947e-04  1.25850381e-08  1.64171947e-04  3.23741588e-07  1.64171947e-04  0.00000000e+00  1.64171947e-04  1.20000000e+00 
 1.64271947e-04  5.15488608e-01  1.64271947e-04  3.99303627e-01  1.64271947e-04  1.99523087e-06  1.64271947e-04 -1.00328335e-08  1.64271947e-04  9.21009720e-07  1.64271947e-04  0.00000000e+00  1.64271947e-04  1.20000000e+00 
 1.64371947e-04  5.09845473e-01  1.64371947e-04  3.99737800e-01  1.64371947e-04  1.99961225e-06  1.64371947e-04  1.25062017e-08  1.64371947e-04  3.25046442e-07  1.64371947e-04  0.00000000e+00  1.64371947e-04  1.20000000e+00 
 1.64471947e-04  5.04213857e-01  1.64471947e-04  3.99302537e-01  1.64471947e-04  1.99524461e-06  1.64471947e-04 -9.95703454e-09  1.64471947e-04  9.18950650e-07  1.64471947e-04  0.00000000e+00  1.64471947e-04  1.20000000e+00 
 1.64571947e-04  4.98574520e-01  1.64571947e-04  3.99739181e-01  1.64571947e-04  1.99959853e-06  1.64571947e-04  1.24345781e-08  1.64571947e-04  3.26306954e-07  1.64571947e-04  0.00000000e+00  1.64571947e-04  1.20000000e+00 
 1.64671947e-04  4.92946469e-01  1.64671947e-04  3.99301766e-01  1.64671947e-04  1.99525831e-06  1.64671947e-04 -9.88816024e-09  1.64671947e-04  9.16925936e-07  1.64671947e-04  0.00000000e+00  1.64671947e-04  1.20000000e+00 
 1.64771947e-04  4.87310976e-01  1.64771947e-04  3.99740209e-01  1.64771947e-04  1.99958486e-06  1.64771947e-04  1.23695851e-08  1.64771947e-04  3.27524185e-07  1.64771947e-04  0.00000000e+00  1.64771947e-04  1.20000000e+00 
 1.64871947e-04  4.81686543e-01  1.64871947e-04  3.99301277e-01  1.64871947e-04  1.99527196e-06  1.64871947e-04 -9.82565141e-09  1.64871947e-04  9.14934294e-07  1.64871947e-04  0.00000000e+00  1.64871947e-04  1.20000000e+00 
 1.64971947e-04  4.76054940e-01  1.64971947e-04  3.99740926e-01  1.64971947e-04  1.99957124e-06  1.64971947e-04  1.23106867e-08  1.64971947e-04  3.28699076e-07  1.64971947e-04  0.00000000e+00  1.64971947e-04  1.20000000e+00 
 1.65071947e-04  4.70434182e-01  1.65071947e-04  3.99301037e-01  1.65071947e-04  1.99528554e-06  1.65071947e-04 -9.76899395e-09  1.65071947e-04  9.12974415e-07  1.65071947e-04  0.00000000e+00  1.65071947e-04  1.20000000e+00 
 1.65171947e-04  4.64806518e-01  1.65171947e-04  3.99741365e-01  1.65171947e-04  1.99955770e-06  1.65171947e-04  1.22573908e-08  1.65171947e-04  3.29832400e-07  1.65171947e-04  0.00000000e+00  1.65171947e-04  1.20000000e+00 
 1.65271947e-04  4.59189492e-01  1.65271947e-04  3.99301021e-01  1.65271947e-04  1.99529905e-06  1.65271947e-04 -9.71771585e-09  1.65271947e-04  9.11044930e-07  1.65271947e-04  0.00000000e+00  1.65271947e-04  1.20000000e+00 
 1.65371947e-04  4.53565822e-01  1.65371947e-04  3.99741553e-01  1.65371947e-04  1.99954423e-06  1.65371947e-04  1.22092457e-08  1.65371947e-04  3.30924688e-07  1.65371947e-04  0.00000000e+00  1.65371947e-04  1.20000000e+00 
 1.65471947e-04  4.47952592e-01  1.65471947e-04  3.99301204e-01  1.65471947e-04  1.99531248e-06  1.65471947e-04 -9.67138452e-09  1.65471947e-04  9.09144349e-07  1.65471947e-04  0.00000000e+00  1.65471947e-04  1.20000000e+00 
 1.65571947e-04  4.42332975e-01  1.65571947e-04  3.99741515e-01  1.65571947e-04  1.99953085e-06  1.65571947e-04  1.21658379e-08  1.65571947e-04  3.31976125e-07  1.65571947e-04  0.00000000e+00  1.65571947e-04  1.20000000e+00 
 1.65671947e-04  4.36723612e-01  1.65671947e-04  3.99301568e-01  1.65671947e-04  1.99532582e-06  1.65671947e-04 -9.62960426e-09  1.65671947e-04  9.07270969e-07  1.65671947e-04  0.00000000e+00  1.65671947e-04  1.20000000e+00 
 1.65771947e-04  4.31108119e-01  1.65771947e-04  3.99741269e-01  1.65771947e-04  1.99951755e-06  1.65771947e-04  1.21267896e-08  1.65771947e-04  3.32986374e-07  1.65771947e-04  0.00000000e+00  1.65771947e-04  1.20000000e+00 
 1.65871947e-04  4.25502704e-01  1.65871947e-04  3.99302096e-01  1.65871947e-04  1.99533907e-06  1.65871947e-04 -9.59201411e-09  1.65871947e-04  9.05422732e-07  1.65871947e-04  0.00000000e+00  1.65871947e-04  1.20000000e+00 
 1.65971947e-04  4.19891420e-01  1.65971947e-04  3.99740829e-01  1.65971947e-04  1.99950435e-06  1.65971947e-04  1.20917572e-08  1.65971947e-04  3.33954326e-07  1.65971947e-04  0.00000000e+00  1.65971947e-04  1.20000000e+00 
 1.66071947e-04  4.14290053e-01  1.66071947e-04  3.99302776e-01  1.66071947e-04  1.99535222e-06  1.66071947e-04 -9.55828642e-09  1.66071947e-04  9.03597017e-07  1.66071947e-04  0.00000000e+00  1.66071947e-04  1.20000000e+00 
 1.66171947e-04  4.08683085e-01  1.66171947e-04  3.99740202e-01  1.66171947e-04  1.99949125e-06  1.66171947e-04  1.20604294e-08  1.66171947e-04  3.34877704e-07  1.66171947e-04  0.00000000e+00  1.66171947e-04  1.20000000e+00 
 1.66271947e-04  4.03085892e-01  1.66271947e-04  3.99303599e-01  1.66271947e-04  1.99536526e-06  1.66271947e-04 -9.52812588e-09  1.66271947e-04  9.01790301e-07  1.66271947e-04  0.00000000e+00  1.66271947e-04  1.20000000e+00 
 1.66371947e-04  3.97483384e-01  1.66371947e-04  3.99739392e-01  1.66371947e-04  1.99947826e-06  1.66371947e-04  1.20325278e-08  1.66371947e-04  3.35752506e-07  1.66371947e-04  0.00000000e+00  1.66371947e-04  1.20000000e+00 
 1.66471947e-04  3.91890530e-01  1.66471947e-04  3.99304558e-01  1.66471947e-04  1.99537820e-06  1.66471947e-04 -9.50126975e-09  1.66471947e-04  8.99997693e-07  1.66471947e-04  0.00000000e+00  1.66471947e-04  1.20000000e+00 
 1.66571947e-04  3.86292678e-01  1.66571947e-04  3.99738391e-01  1.66571947e-04  1.99946539e-06  1.66571947e-04  1.20078066e-08  1.66571947e-04  3.36572218e-07  1.66571947e-04  0.00000000e+00  1.66571947e-04  1.20000000e+00 
 1.66671947e-04  3.80704394e-01  1.66671947e-04  3.99305654e-01  1.66671947e-04  1.99539102e-06  1.66671947e-04 -9.47748906e-09  1.66671947e-04  8.98212249e-07  1.66671947e-04  0.00000000e+00  1.66671947e-04  1.20000000e+00 
 1.66771947e-04  3.75111470e-01  1.66771947e-04  3.99737182e-01  1.66771947e-04  1.99945263e-06  1.66771947e-04  1.19860552e-08  1.66771947e-04  3.37326802e-07  1.66771947e-04  0.00000000e+00  1.66771947e-04  1.20000000e+00 
 1.66871947e-04  3.69528074e-01  1.66871947e-04  3.99306889e-01  1.66871947e-04  1.99540372e-06  1.66871947e-04 -9.45659098e-09  1.66871947e-04  8.96424087e-07  1.66871947e-04  0.00000000e+00  1.66871947e-04  1.20000000e+00 
 1.66971947e-04  3.63940465e-01  1.66971947e-04  3.99735738e-01  1.66971947e-04  1.99943999e-06  1.66971947e-04  1.19671004e-08  1.66971947e-04  3.38001511e-07  1.66971947e-04  0.00000000e+00  1.66971947e-04  1.20000000e+00 
 1.67071947e-04  3.58362410e-01  1.67071947e-04  3.99308274e-01  1.67071947e-04  1.99541629e-06  1.67071947e-04 -9.43842188e-09  1.67071947e-04  8.94619329e-07  1.67071947e-04  0.00000000e+00  1.67071947e-04  1.20000000e+00 
 1.67171947e-04  3.52780660e-01  1.67171947e-04  3.99734020e-01  1.67171947e-04  1.99942749e-06  1.67171947e-04  1.19508098e-08  1.67171947e-04  3.38575706e-07  1.67171947e-04  0.00000000e+00  1.67171947e-04  1.20000000e+00 
 1.67271947e-04  3.47208576e-01  1.67271947e-04  3.99309822e-01  1.67271947e-04  1.99542873e-06  1.67271947e-04 -9.42287011e-09  1.67271947e-04  8.92778984e-07  1.67271947e-04  0.00000000e+00  1.67271947e-04  1.20000000e+00 
 1.67371947e-04  3.41633443e-01  1.67371947e-04  3.99731979e-01  1.67371947e-04  1.99941512e-06  1.67371947e-04  1.19370939e-08  1.67371947e-04  3.39021885e-07  1.67371947e-04  0.00000000e+00  1.67371947e-04  1.20000000e+00 
 1.67471947e-04  3.36068201e-01  1.67471947e-04  3.99311549e-01  1.67471947e-04  1.99544103e-06  1.67471947e-04 -9.40986709e-09  1.67471947e-04  8.90878012e-07  1.67471947e-04  0.00000000e+00  1.67471947e-04  1.20000000e+00 
 1.67571947e-04  3.30501562e-01  1.67571947e-04  3.99729919e-01  1.67571947e-04  1.99940276e-06  1.67571947e-04  1.19256646e-08  1.67571947e-04  3.39122875e-07  1.67571947e-04  0.00000000e+00  1.67571947e-04  1.20000000e+00 
 1.67671947e-04  3.24944940e-01  1.67671947e-04  3.99314979e-01  1.67671947e-04  1.99545322e-06  1.67671947e-04 -9.39937636e-09  1.67671947e-04  8.88930515e-07  1.67671947e-04  0.00000000e+00  1.67671947e-04  1.20000000e+00 
 1.67771947e-04  3.19387145e-01  1.67771947e-04  3.99725903e-01  1.67771947e-04  1.99939069e-06  1.67771947e-04  1.19176077e-08  1.67771947e-04  3.39188509e-07  1.67771947e-04  0.00000000e+00  1.67771947e-04  1.20000000e+00 
 1.67871947e-04  3.13839979e-01  1.67871947e-04  3.99317935e-01  1.67871947e-04  1.99546518e-06  1.67871947e-04 -9.39247310e-09  1.67871947e-04  8.86843379e-07  1.67871947e-04  0.00000000e+00  1.67871947e-04  1.20000000e+00 
 1.67971947e-04  3.08292793e-01  1.67971947e-04  3.99721986e-01  1.67971947e-04  1.99937885e-06  1.67971947e-04  1.19128109e-08  1.67971947e-04  3.39012053e-07  1.67971947e-04  0.00000000e+00  1.67971947e-04  1.20000000e+00 
 1.68071947e-04  3.02757032e-01  1.68071947e-04  3.99320607e-01  1.68071947e-04  1.99547693e-06  1.68071947e-04 -9.38857277e-09  1.68071947e-04  8.84571743e-07  1.68071947e-04  0.00000000e+00  1.68071947e-04  1.20000000e+00 
 1.68171947e-04  2.97222657e-01  1.68171947e-04  3.99717971e-01  1.68171947e-04  1.99936722e-06  1.68171947e-04  1.19108088e-08  1.68171947e-04  3.38539579e-07  1.68171947e-04  0.00000000e+00  1.68171947e-04  1.20000000e+00 
 1.68271947e-04  2.91700726e-01  1.68271947e-04  3.99323127e-01  1.68271947e-04  1.99548845e-06  1.68271947e-04 -9.38730983e-09  1.68271947e-04  8.82066352e-07  1.68271947e-04  0.00000000e+00  1.68271947e-04  1.20000000e+00 
 1.68371947e-04  2.86181847e-01  1.68371947e-04  3.99713716e-01  1.68371947e-04  1.99935582e-06  1.68371947e-04  1.19113183e-08  1.68371947e-04  3.37713547e-07  1.68371947e-04  0.00000000e+00  1.68371947e-04  1.20000000e+00 
 1.68471947e-04  2.80676664e-01  1.68471947e-04  3.99325595e-01  1.68471947e-04  1.99549975e-06  1.68471947e-04 -9.38847193e-09  1.68471947e-04  8.79276093e-07  1.68471947e-04  0.00000000e+00  1.68471947e-04  1.20000000e+00 
 1.68571947e-04  2.75176463e-01  1.68571947e-04  3.99709114e-01  1.68571947e-04  1.99934464e-06  1.68571947e-04  1.19141856e-08  1.68571947e-04  3.36476138e-07  1.68571947e-04  0.00000000e+00  1.68571947e-04  1.20000000e+00 
 1.68671947e-04  2.69692214e-01  1.68671947e-04  3.99328611e-01  1.68671947e-04  1.99551070e-06  1.68671947e-04 -9.39218691e-09  1.68671947e-04  8.75983724e-07  1.68671947e-04  0.00000000e+00  1.68671947e-04  1.20000000e+00 
 1.68771947e-04  2.64214903e-01  1.68771947e-04  3.99705709e-01  1.68771947e-04  1.99933375e-06  1.68771947e-04  1.19193288e-08  1.68771947e-04  3.34813613e-07  1.68771947e-04  0.00000000e+00  1.68771947e-04  1.20000000e+00 
 1.68871947e-04  2.58754581e-01  1.68871947e-04  3.99329981e-01  1.68871947e-04  1.99552152e-06  1.68871947e-04 -9.39729039e-09  1.68871947e-04  8.72453901e-07  1.68871947e-04  0.00000000e+00  1.68871947e-04  1.20000000e+00 
 1.68971947e-04  2.53303569e-01  1.68971947e-04  3.99701226e-01  1.68971947e-04  1.99932303e-06  1.68971947e-04  1.19256288e-08  1.68971947e-04  3.32646876e-07  1.68971947e-04  0.00000000e+00  1.68971947e-04  1.20000000e+00 
 1.69071947e-04  2.47871335e-01  1.69071947e-04  3.99331982e-01  1.69071947e-04  1.99553215e-06  1.69071947e-04 -9.40388446e-09  1.69071947e-04  8.68518614e-07  1.69071947e-04  0.00000000e+00  1.69071947e-04  1.20000000e+00 
 1.69171947e-04  2.42450923e-01  1.69171947e-04  3.99695891e-01  1.69171947e-04  1.99931253e-06  1.69171947e-04  1.19336741e-08  1.69171947e-04  3.29941522e-07  1.69171947e-04  0.00000000e+00  1.69171947e-04  1.20000000e+00 
 1.69271947e-04  2.37051153e-01  1.69271947e-04  3.99334554e-01  1.69271947e-04  1.99554256e-06  1.69271947e-04 -9.41246449e-09  1.69271947e-04  8.64162269e-07  1.69271947e-04  0.00000000e+00  1.69271947e-04  1.20000000e+00 
 1.69371947e-04  2.31665750e-01  1.69371947e-04  3.99689824e-01  1.69371947e-04  1.99930226e-06  1.69371947e-04  1.19438951e-08  1.69371947e-04  3.26689238e-07  1.69371947e-04  0.00000000e+00  1.69371947e-04  1.20000000e+00 
 1.69471947e-04  2.26302859e-01  1.69471947e-04  3.99337677e-01  1.69471947e-04  1.99555271e-06  1.69471947e-04 -9.42340827e-09  1.69471947e-04  8.59384224e-07  1.69471947e-04  0.00000000e+00  1.69471947e-04  1.20000000e+00 
 1.69571947e-04  2.20956833e-01  1.69571947e-04  3.99683152e-01  1.69571947e-04  1.99929226e-06  1.69571947e-04  1.19566182e-08  1.69571947e-04  3.22900050e-07  1.69571947e-04  0.00000000e+00  1.69571947e-04  1.20000000e+00 
 1.69671947e-04  2.15635133e-01  1.69671947e-04  3.99341328e-01  1.69671947e-04  1.99556260e-06  1.69671947e-04 -9.43699306e-09  1.69671947e-04  8.54196634e-07  1.69671947e-04  0.00000000e+00  1.69671947e-04  1.20000000e+00 
 1.69771947e-04  2.10332687e-01  1.69771947e-04  3.99676011e-01  1.69771947e-04  1.99928253e-06  1.69771947e-04  1.19720706e-08  1.69771947e-04  3.18597432e-07  1.69771947e-04  0.00000000e+00  1.69771947e-04  1.20000000e+00 
 1.69871947e-04  2.05056299e-01  1.69871947e-04  3.99345463e-01  1.69871947e-04  1.99557219e-06  1.69871947e-04 -9.45339490e-09  1.69871947e-04  8.48618319e-07  1.69871947e-04  0.00000000e+00  1.69871947e-04  1.20000000e+00 
 1.69971947e-04  1.99801421e-01  1.69971947e-04  3.99668551e-01  1.69971947e-04  1.99927310e-06  1.69971947e-04  1.19903764e-08  1.69971947e-04  3.13810207e-07  1.69971947e-04  0.00000000e+00  1.69971947e-04  1.20000000e+00 
 1.70071947e-04  1.94574256e-01  1.70071947e-04  3.99350016e-01  1.70071947e-04  1.99558149e-06  1.70071947e-04 -9.47268288e-09  1.70071947e-04  8.42666639e-07  1.70071947e-04  0.00000000e+00  1.70071947e-04  1.20000000e+00 
 1.70171947e-04  1.89370742e-01  1.70171947e-04  3.99660928e-01  1.70171947e-04  1.99926397e-06  1.70171947e-04  1.20115509e-08  1.70171947e-04  3.08562961e-07  1.70171947e-04  0.00000000e+00  1.70171947e-04  1.20000000e+00 
 1.70271947e-04  1.84196570e-01  1.70271947e-04  3.99354896e-01  1.70271947e-04  1.99559048e-06  1.70271947e-04 -9.49481706e-09  1.70271947e-04  8.36348699e-07  1.70271947e-04  0.00000000e+00  1.70271947e-04  1.20000000e+00 
 1.70371947e-04  1.79048137e-01  1.70371947e-04  3.99653290e-01  1.70371947e-04  1.99925515e-06  1.70371947e-04  1.20355026e-08  1.70371947e-04  3.02866375e-07  1.70371947e-04  0.00000000e+00  1.70371947e-04  1.20000000e+00 
 1.70471947e-04  1.73930733e-01  1.70471947e-04  3.99360005e-01  1.70471947e-04  1.99559916e-06  1.70471947e-04 -9.51965481e-09  1.70471947e-04  8.29652721e-07  1.70471947e-04  0.00000000e+00  1.70471947e-04  1.20000000e+00 
 1.70571947e-04  1.68841210e-01  1.70571947e-04  3.99645768e-01  1.70571947e-04  1.99924662e-06  1.70571947e-04  1.20620436e-08  1.70571947e-04  2.96708179e-07  1.70571947e-04  0.00000000e+00  1.70571947e-04  1.20000000e+00 
 1.70671947e-04  1.63784584e-01  1.70671947e-04  3.99365243e-01  1.70671947e-04  1.99560755e-06  1.70671947e-04 -9.54696597e-09  1.70671947e-04  8.22539918e-07  1.70671947e-04  0.00000000e+00  1.70671947e-04  1.20000000e+00 
 1.70771947e-04  1.58758175e-01  1.70771947e-04  3.99638474e-01  1.70771947e-04  1.99923839e-06  1.70771947e-04  1.20909080e-08  1.70771947e-04  2.90044935e-07  1.70771947e-04  0.00000000e+00  1.70771947e-04  1.20000000e+00 
 1.70871947e-04  1.53766868e-01  1.70871947e-04  3.99370525e-01  1.70871947e-04  1.99561564e-06  1.70871947e-04 -9.57645407e-09  1.70871947e-04  8.14937081e-07  1.70871947e-04  0.00000000e+00  1.70871947e-04  1.20000000e+00 
 1.70971947e-04  1.48808486e-01  1.70971947e-04  3.99631495e-01  1.70971947e-04  1.99923045e-06  1.70971947e-04  1.21217751e-08  1.70971947e-04  2.82794906e-07  1.70971947e-04  0.00000000e+00  1.70971947e-04  1.20000000e+00 
 1.71071947e-04  1.43887931e-01  1.71071947e-04  3.99375781e-01  1.71071947e-04  1.99562346e-06  1.71071947e-04 -9.60777978e-09  1.71071947e-04  8.06730432e-07  1.71071947e-04  0.00000000e+00  1.71071947e-04  1.20000000e+00 
 1.71171947e-04  1.39003573e-01  1.71171947e-04  3.99624895e-01  1.71171947e-04  1.99922277e-06  1.71171947e-04  1.21542921e-08  1.71171947e-04  2.74832768e-07  1.71171947e-04  0.00000000e+00  1.71171947e-04  1.20000000e+00 
 1.71271947e-04  1.34160492e-01  1.71271947e-04  3.99380961e-01  1.71271947e-04  1.99563100e-06  1.71271947e-04 -9.64058308e-09  1.71271947e-04  7.97761982e-07  1.71271947e-04  0.00000000e+00  1.71271947e-04  1.20000000e+00 
 1.71371947e-04  1.29357654e-01  1.71371947e-04  3.99618721e-01  1.71371947e-04  1.99921536e-06  1.71371947e-04  1.21880953e-08  1.71371947e-04  2.65987658e-07  1.71371947e-04  0.00000000e+00  1.71371947e-04  1.20000000e+00 
 1.71471947e-04  1.24600461e-01  1.71471947e-04  3.99386035e-01  1.71471947e-04  1.99563830e-06  1.71471947e-04 -9.67450211e-09  1.71471947e-04  7.87830155e-07  1.71471947e-04  0.00000000e+00  1.71471947e-04  1.20000000e+00 
 1.71571947e-04  1.19889357e-01  1.71571947e-04  3.99612264e-01  1.71571947e-04  1.99920826e-06  1.71571947e-04  1.22231143e-08  1.71571947e-04  2.55869884e-07  1.71571947e-04  0.00000000e+00  1.71571947e-04  1.20000000e+00 
 1.71671947e-04  1.15229237e-01  1.71671947e-04  3.99391446e-01  1.71671947e-04  1.99564531e-06  1.71671947e-04 -9.70979836e-09  1.71671947e-04  7.76710622e-07  1.71671947e-04  0.00000000e+00  1.71671947e-04  1.20000000e+00 
 1.71771947e-04  1.10620707e-01  1.71771947e-04  3.99606725e-01  1.71771947e-04  1.99920135e-06  1.71771947e-04  1.22592104e-08  1.71771947e-04  2.44548121e-07  1.71771947e-04  0.00000000e+00  1.71771947e-04  1.20000000e+00 
 1.71871947e-04  1.06071132e-01  1.71871947e-04  3.99396204e-01  1.71871947e-04  1.99565219e-06  1.71871947e-04 -9.74568904e-09  1.71871947e-04  7.63849899e-07  1.71871947e-04  0.00000000e+00  1.71871947e-04  1.20000000e+00 
 1.71971947e-04  1.01580404e-01  1.71971947e-04  3.99601499e-01  1.71971947e-04  1.99919461e-06  1.71971947e-04  1.22956438e-08  1.71971947e-04  2.31618325e-07  1.71971947e-04  0.00000000e+00  1.71971947e-04  1.20000000e+00 
 1.72071947e-04  9.71553901e-02  1.72071947e-04  3.99401373e-01  1.72071947e-04  1.99565881e-06  1.72071947e-04 -9.78199994e-09  1.72071947e-04  7.49498401e-07  1.72071947e-04  0.00000000e+00  1.72071947e-04  1.20000000e+00 
 1.72171947e-04  9.27976722e-02  1.72171947e-04  3.99597012e-01  1.72171947e-04  1.99918808e-06  1.72171947e-04  1.23323969e-08  1.72171947e-04  2.16841150e-07  1.72171947e-04  0.00000000e+00  1.72171947e-04  1.20000000e+00 
 1.72271947e-04  8.85145548e-02  1.72271947e-04  3.99406255e-01  1.72271947e-04  1.99566522e-06  1.72271947e-04 -9.81839023e-09  1.72271947e-04  7.33185193e-07  1.72271947e-04  0.00000000e+00  1.72271947e-04  1.20000000e+00 
 1.72371947e-04  8.43080951e-02  1.72371947e-04  3.99593182e-01  1.72371947e-04  1.99918175e-06  1.72371947e-04  1.23689931e-08  1.72371947e-04  2.00007088e-07  1.72371947e-04  0.00000000e+00  1.72371947e-04  1.20000000e+00 
 1.72471947e-04  8.01859453e-02  1.72471947e-04  3.99410936e-01  1.72471947e-04  1.99567145e-06  1.72471947e-04 -9.85444743e-09  1.72471947e-04  7.14730894e-07  1.72471947e-04  0.00000000e+00  1.72471947e-04  1.20000000e+00 
 1.72571947e-04  7.61504370e-02  1.72571947e-04  3.99589953e-01  1.72571947e-04  1.99917560e-06  1.72571947e-04  1.24050722e-08  1.72571947e-04  1.80976354e-07  1.72571947e-04  0.00000000e+00  1.72571947e-04  1.20000000e+00 
 1.72671947e-04  7.22093677e-02  1.72671947e-04  3.99415479e-01  1.72671947e-04  1.99567751e-06  1.72671947e-04 -9.88985745e-09  1.72671947e-04  6.94041996e-07  1.72671947e-04  0.00000000e+00  1.72671947e-04  1.20000000e+00 
 1.72771947e-04  6.83650958e-02  1.72771947e-04  3.99587278e-01  1.72771947e-04  1.99916960e-06  1.72771947e-04  1.24403579e-08  1.72771947e-04  1.59708861e-07  1.72771947e-04  0.00000000e+00  1.72771947e-04  1.20000000e+00 
 1.72871947e-04  6.46252922e-02  1.72871947e-04  3.99419925e-01  1.72871947e-04  1.99568341e-06  1.72871947e-04 -9.92437797e-09  1.72871947e-04  6.71138777e-07  1.72871947e-04  0.00000000e+00  1.72871947e-04  1.20000000e+00 
 1.72971947e-04  6.09920490e-02  1.72971947e-04  3.99585116e-01  1.72971947e-04  1.99916376e-06  1.72971947e-04  1.24746363e-08  1.72971947e-04  1.36289044e-07  1.72971947e-04  0.00000000e+00  1.72971947e-04  1.20000000e+00 
 1.73071947e-04  5.74725927e-02  1.73071947e-04  3.99424298e-01  1.73071947e-04  1.99568918e-06  1.73071947e-04 -9.95782005e-09  1.73071947e-04  6.46175721e-07  1.73071947e-04  0.00000000e+00  1.73071947e-04  1.20000000e+00 
 1.73171947e-04  5.40684345e-02  1.73171947e-04  3.99583421e-01  1.73171947e-04  1.99915804e-06  1.73171947e-04  1.25077400e-08  1.73171947e-04  1.10940578e-07  1.73171947e-04  0.00000000e+00  1.73171947e-04  1.20000000e+00 
 1.73271947e-04  5.07860272e-02  1.73271947e-04  3.99428608e-01  1.73271947e-04  1.99569481e-06  1.73271947e-04 -9.99003587e-09  1.73271947e-04  6.19449242e-07  1.73271947e-04  0.00000000e+00  1.73271947e-04  1.20000000e+00 
 1.73371947e-04  4.76260001e-02  1.73371947e-04  3.99582143e-01  1.73371947e-04  1.99915245e-06  1.73371947e-04  1.25395387e-08  1.73371947e-04  8.40261211e-08  1.73371947e-04  0.00000000e+00  1.73371947e-04  1.20000000e+00 
 1.73471947e-04  4.45937316e-02  1.73471947e-04  3.99432848e-01  1.73471947e-04  1.99570033e-06  1.73471947e-04 -1.00209103e-08  1.73471947e-04  5.91388478e-07  1.73471947e-04  0.00000000e+00  1.73471947e-04  1.20000000e+00 
 1.73571947e-04  4.16887240e-02  1.73571947e-04  3.99581223e-01  1.73571947e-04  1.99914696e-06  1.73571947e-04  1.25699318e-08  1.73571947e-04  5.60290274e-08  1.73571947e-04  0.00000000e+00  1.73571947e-04  1.20000000e+00 
 1.73671947e-04  3.89128662e-02  1.73671947e-04  3.99437116e-01  1.73671947e-04  1.99570570e-06  1.73671947e-04 -1.00503909e-08  1.73671947e-04  5.62994465e-07  1.73671947e-04  0.00000000e+00  1.73671947e-04  1.20000000e+00 
 1.73771947e-04  3.62667435e-02  1.73771947e-04  3.99580723e-01  1.73771947e-04  1.99914161e-06  1.73771947e-04  1.25988701e-08  1.73771947e-04  2.74990022e-08  1.73771947e-04  0.00000000e+00  1.73771947e-04  1.20000000e+00 
 1.73871947e-04  3.37531122e-02  1.73871947e-04  3.99441039e-01  1.73871947e-04  1.99571099e-06  1.73871947e-04 -1.00783198e-08  1.73871947e-04  5.33860064e-07  1.73871947e-04  0.00000000e+00  1.73871947e-04  1.20000000e+00 
 1.73971947e-04  3.13686756e-02  1.73971947e-04  3.99580411e-01  1.73971947e-04  1.99913633e-06  1.73971947e-04  1.26261936e-08  1.73971947e-04 -9.40843583e-10  1.73971947e-04  0.00000000e+00  1.73971947e-04  1.20000000e+00 
 1.74071947e-04  2.91149062e-02  1.74071947e-04  3.99444860e-01  1.74071947e-04  1.99571620e-06  1.74071947e-04 -1.01046558e-08  1.74071947e-04  5.05122337e-07  1.74071947e-04  0.00000000e+00  1.74071947e-04  1.20000000e+00 
 1.74171947e-04  2.69871909e-02  1.74171947e-04  3.99580232e-01  1.74171947e-04  1.99913115e-06  1.74171947e-04  1.26519127e-08  1.74171947e-04 -2.87003771e-08  1.74171947e-04  0.00000000e+00  1.74171947e-04  1.20000000e+00 
 1.74271947e-04  2.49857066e-02  1.74271947e-04  3.99448539e-01  1.74271947e-04  1.99572133e-06  1.74271947e-04 -1.01294078e-08  1.74271947e-04  4.77350896e-07  1.74271947e-04  0.00000000e+00  1.74271947e-04  1.20000000e+00 
 1.74371947e-04  2.31047652e-02  1.74371947e-04  3.99580133e-01  1.74371947e-04  1.99912604e-06  1.74371947e-04  1.26760376e-08  1.74371947e-04 -5.52538515e-08  1.74371947e-04  0.00000000e+00  1.74371947e-04  1.20000000e+00 
 1.74471947e-04  2.13434213e-02  1.74471947e-04  3.99452045e-01  1.74471947e-04  1.99572637e-06  1.74471947e-04 -1.01525870e-08  1.74471947e-04  4.51029989e-07  1.74471947e-04  0.00000000e+00  1.74471947e-04  1.20000000e+00 
 1.74571947e-04  1.96951854e-02  1.74571947e-04  3.99580069e-01  1.74571947e-04  1.99912102e-06  1.74571947e-04  1.26985820e-08  1.74571947e-04 -8.01755730e-08  1.74571947e-04  0.00000000e+00  1.74571947e-04  1.20000000e+00 
 1.74671947e-04  1.81582357e-02  1.74671947e-04  3.99455354e-01  1.74671947e-04  1.99573133e-06  1.74671947e-04 -1.01742100e-08  1.74671947e-04  4.26530493e-07  1.74671947e-04  0.00000000e+00  1.74671947e-04  1.20000000e+00 
 1.74771947e-04  1.67251720e-02  1.74771947e-04  3.99580107e-01  1.74771947e-04  1.99911604e-06  1.74771947e-04  1.27195123e-08  1.74771947e-04 -1.03072812e-07  1.74771947e-04  0.00000000e+00  1.74771947e-04  1.20000000e+00 
 1.74871947e-04  1.53940188e-02  1.74871947e-04  3.99458429e-01  1.74871947e-04  1.99573624e-06  1.74871947e-04 -1.01942076e-08  1.74871947e-04  4.04092556e-07  1.74871947e-04  0.00000000e+00  1.74871947e-04  1.20000000e+00 
 1.74935978e-04  1.45918178e-02  1.74935978e-04  3.99579341e-01  1.74935978e-04  1.99910981e-06  1.74935978e-04  1.27440185e-08  1.74935978e-04 -1.20339143e-07  1.74935978e-04  0.00000000e+00  1.74935978e-04  1.20000000e+00 
 1.75000010e-04  1.38287108e-02  1.75000010e-04  3.99461622e-01  1.75000010e-04  1.99574374e-06  1.75000010e-04 -1.02225000e-08  1.75000010e-04  3.90647001e-07  1.75000010e-04  0.00000000e+00  1.75000010e-04  1.20000000e+00 
 1.75000011e-04  1.37907271e-02  1.75000011e-04  3.93300568e-01  1.75000011e-04  3.11527860e-06  1.75000011e-04  9.46751422e-06  1.75000011e-04 -2.19433866e-04  1.75000011e-04  0.00000000e+00  1.75000011e-04  1.08000000e+00 
 1.75000013e-04  1.37039501e-02  1.75000013e-04  3.79360298e-01  1.75000013e-04  3.42546747e-06  1.75000013e-04  1.19153773e-05  1.75000013e-04 -2.81423280e-04  1.75000013e-04  0.00000000e+00  1.75000013e-04  8.40000000e-01 
 1.75000016e-04  1.35514355e-02  1.75000016e-04  3.56075563e-01  1.75000016e-04  3.23502693e-06  1.75000016e-04  8.35709300e-06  1.75000016e-04 -2.29555378e-04  1.75000016e-04  0.00000000e+00  1.75000016e-04  4.20000001e-01 
 1.75000020e-04  1.34425982e-02  1.75000020e-04  3.36840020e-01  1.75000020e-04  3.43474200e-06  1.75000020e-04  8.24058337e-06  1.75000020e-04 -2.48642705e-04  1.75000020e-04  0.00000000e+00  1.75000020e-04  3.16866000e-09 
 1.75000021e-04  1.34384593e-02  1.75000021e-04  3.36855711e-01  1.75000021e-04  2.66831656e-06  1.75000021e-04  5.12916062e-07  1.75000021e-04 -5.95302472e-05  1.75000021e-04  0.00000000e+00  1.75000021e-04  0.00000000e+00 
 1.75000022e-04  1.34336553e-02  1.75000022e-04  3.37807554e-01  1.75000022e-04  2.54296918e-06  1.75000022e-04 -1.46146855e-06  1.75000022e-04 -7.05598283e-06  1.75000022e-04  0.00000000e+00  1.75000022e-04  0.00000000e+00 
 1.75000025e-04  1.34265697e-02  1.75000025e-04  3.39317088e-01  1.75000025e-04  2.76501246e-06  1.75000025e-04  7.97214681e-07  1.75000025e-04 -4.18662582e-05  1.75000025e-04  0.00000000e+00  1.75000025e-04  0.00000000e+00 
 1.75000030e-04  1.34150897e-02  1.75000030e-04  3.40461819e-01  1.75000030e-04  2.45620942e-06  1.75000030e-04 -6.16095961e-07  1.75000030e-04  5.68606162e-07  1.75000030e-04  0.00000000e+00  1.75000030e-04  0.00000000e+00 
 1.75000042e-04  1.34025448e-02  1.75000042e-04  3.42113192e-01  1.75000042e-04  2.26889254e-06  1.75000042e-04  8.37100489e-07  1.75000042e-04 -2.29213749e-05  1.75000042e-04  0.00000000e+00  1.75000042e-04  0.00000000e+00 
 1.75000064e-04  1.33920614e-02  1.75000064e-04  3.46079028e-01  1.75000064e-04  1.87015454e-06  1.75000064e-04 -8.34119789e-07  1.75000064e-04  1.55962083e-05  1.75000064e-04  0.00000000e+00  1.75000064e-04  0.00000000e+00 
 1.75000109e-04  1.33851690e-02  1.75000109e-04  3.54502601e-01  1.75000109e-04  2.00365122e-06  1.75000109e-04  6.78080128e-07  1.75000109e-04 -1.56928374e-05  1.75000109e-04  0.00000000e+00  1.75000109e-04  0.00000000e+00 
 1.75000176e-04  1.33792115e-02  1.75000176e-04  3.64042147e-01  1.75000176e-04  1.86955765e-06  1.75000176e-04 -7.66893741e-07  1.75000176e-04  1.57642750e-05  1.75000176e-04  0.00000000e+00  1.75000176e-04  0.00000000e+00 
 1.75000309e-04  1.33737861e-02  1.75000309e-04  3.77087284e-01  1.75000309e-04  2.03675323e-06  1.75000309e-04  7.54170422e-07  1.75000309e-04 -1.58154431e-05  1.75000309e-04  0.00000000e+00  1.75000309e-04  0.00000000e+00 
 1.75000575e-04  1.33700821e-02  1.75000575e-04  3.90519416e-01  1.75000575e-04  1.90523171e-06  1.75000575e-04 -7.52420679e-07  1.75000575e-04  1.57358427e-05  1.75000575e-04  0.00000000e+00  1.75000575e-04  0.00000000e+00 
 1.75001108e-04  1.33671945e-02  1.75001108e-04  3.99332305e-01  1.75001108e-04  2.07070223e-06  1.75001108e-04  7.05620244e-07  1.75001108e-04 -1.57741213e-05  1.75001108e-04  0.00000000e+00  1.75001108e-04  0.00000000e+00 
 1.75002175e-04  1.33645736e-02  1.75002175e-04  4.01146989e-01  1.75002175e-04  1.92188857e-06  1.75002175e-04 -7.79943036e-07  1.75002175e-04  1.57681249e-05  1.75002175e-04  0.00000000e+00  1.75002175e-04  0.00000000e+00 
 1.75004202e-04  1.33688004e-02  1.75004202e-04  4.00349927e-01  1.75004202e-04  2.07341730e-06  1.75004202e-04  7.43334669e-07  1.75004202e-04 -1.57593293e-05  1.75004202e-04  0.00000000e+00  1.75004202e-04  0.00000000e+00 
 1.75007860e-04  1.33772276e-02  1.75007860e-04  3.99994209e-01  1.75007860e-04  1.92150657e-06  1.75007860e-04 -7.41973217e-07  1.75007860e-04  1.57697757e-05  1.75007860e-04  0.00000000e+00  1.75007860e-04  0.00000000e+00 
 1.75015177e-04  1.33875023e-02  1.75015177e-04  3.99574706e-01  1.75015177e-04  2.07341770e-06  1.75015177e-04  7.46532723e-07  1.75015177e-04 -1.57586078e-05  1.75015177e-04  0.00000000e+00  1.75015177e-04  0.00000000e+00 
 1.75029812e-04  1.33997922e-02  1.75029812e-04  3.99537543e-01  1.75029812e-04  1.92142014e-06  1.75029812e-04 -7.43940273e-07  1.75029812e-04  1.57694944e-05  1.75029812e-04  0.00000000e+00  1.75029812e-04  0.00000000e+00 
 1.75059081e-04  1.34032616e-02  1.75059081e-04  3.99519407e-01  1.75059081e-04  2.07343328e-06  1.75059081e-04  7.46500617e-07  1.75059081e-04 -1.57584848e-05  1.75059081e-04  0.00000000e+00  1.75059081e-04  0.00000000e+00 
 1.75117619e-04  1.33871724e-02  1.75117619e-04  3.99538434e-01  1.75117619e-04  1.92141458e-06  1.75117619e-04 -7.43977365e-07  1.75117619e-04  1.57694311e-05  1.75117619e-04  0.00000000e+00  1.75117619e-04  0.00000000e+00 
 1.75217619e-04  1.33508853e-02  1.75217619e-04  3.99520199e-01  1.75217619e-04  2.07343623e-06  1.75217619e-04  7.46519525e-07  1.75217619e-04 -1.57584721e-05  1.75217619e-04  0.00000000e+00  1.75217619e-04  0.00000000e+00 
 1.75317619e-04  1.33161194e-02  1.75317619e-04  3.99537495e-01  1.75317619e-04  1.92141241e-06  1.75317619e-04 -7.43990441e-07  1.75317619e-04  1.57693845e-05  1.75317619e-04  0.00000000e+00  1.75317619e-04  0.00000000e+00 
 1.75417619e-04  1.32806525e-02  1.75417619e-04  3.99521312e-01  1.75417619e-04  2.07343837e-06  1.75417619e-04  7.46531820e-07  1.75417619e-04 -1.57584739e-05  1.75417619e-04  0.00000000e+00  1.75417619e-04  0.00000000e+00 
 1.75517619e-04  1.32458687e-02  1.75517619e-04  3.99536253e-01  1.75517619e-04  1.92141028e-06  1.75517619e-04 -7.44001898e-07  1.75517619e-04  1.57693383e-05  1.75517619e-04  0.00000000e+00  1.75517619e-04  0.00000000e+00 
 1.75617619e-04  1.32107205e-02  1.75617619e-04  3.99522653e-01  1.75617619e-04  2.07344049e-06  1.75617619e-04  7.46542413e-07  1.75617619e-04 -1.57584759e-05  1.75617619e-04  0.00000000e+00  1.75617619e-04  0.00000000e+00 
 1.75717619e-04  1.31761060e-02  1.75717619e-04  3.99534842e-01  1.75717619e-04  1.92140819e-06  1.75717619e-04 -7.44011605e-07  1.75717619e-04  1.57692924e-05  1.75717619e-04  0.00000000e+00  1.75717619e-04  0.00000000e+00 
 1.75817619e-04  1.31412042e-02  1.75817619e-04  3.99524115e-01  1.75817619e-04  2.07344255e-06  1.75817619e-04  7.46551236e-07  1.75817619e-04 -1.57584779e-05  1.75817619e-04  0.00000000e+00  1.75817619e-04  0.00000000e+00 
 1.75917619e-04  1.31067855e-02  1.75917619e-04  3.99533348e-01  1.75917619e-04  1.92140615e-06  1.75917619e-04 -7.44019544e-07  1.75917619e-04  1.57692467e-05  1.75917619e-04  0.00000000e+00  1.75917619e-04  0.00000000e+00 
 1.76017619e-04  1.30721182e-02  1.76017619e-04  3.99525629e-01  1.76017619e-04  2.07344456e-06  1.76017619e-04  7.46558310e-07  1.76017619e-04 -1.57584799e-05  1.76017619e-04  0.00000000e+00  1.76017619e-04  0.00000000e+00 
 1.76117619e-04  1.30378990e-02  1.76117619e-04  3.99531828e-01  1.76117619e-04  1.92140417e-06  1.76117619e-04 -7.44025768e-07  1.76117619e-04  1.57692013e-05  1.76117619e-04  0.00000000e+00  1.76117619e-04  0.00000000e+00 
 1.76217619e-04  1.30034630e-02  1.76217619e-04  3.99527151e-01  1.76217619e-04  2.07344652e-06  1.76217619e-04  7.46563711e-07  1.76217619e-04 -1.57584820e-05  1.76217619e-04  0.00000000e+00  1.76217619e-04  0.00000000e+00 
 1.76317619e-04  1.29694437e-02  1.76317619e-04  3.99530315e-01  1.76317619e-04  1.92140225e-06  1.76317619e-04 -7.44030366e-07  1.76317619e-04  1.57691562e-05  1.76317619e-04  0.00000000e+00  1.76317619e-04  0.00000000e+00 
 1.76417619e-04  1.29352370e-02  1.76417619e-04  3.99528652e-01  1.76417619e-04  2.07344841e-06  1.76417619e-04  7.46567540e-07  1.76417619e-04 -1.57584840e-05  1.76417619e-04  0.00000000e+00  1.76417619e-04  0.00000000e+00 
 1.76517619e-04  1.29014174e-02  1.76517619e-04  3.99528832e-01  1.76517619e-04  1.92140038e-06  1.76517619e-04 -7.44033448e-07  1.76517619e-04  1.57691113e-05  1.76517619e-04  0.00000000e+00  1.76517619e-04  0.00000000e+00 
 1.76617619e-04  1.28674382e-02  1.76617619e-04  3.99530116e-01  1.76617619e-04  2.07345025e-06  1.76617619e-04  7.46569911e-07  1.76617619e-04 -1.57584861e-05  1.76617619e-04  0.00000000e+00  1.76617619e-04  0.00000000e+00 
 1.76717619e-04  1.28338183e-02  1.76717619e-04  3.99527393e-01  1.76717619e-04  1.92139857e-06  1.76717619e-04 -7.44035134e-07  1.76717619e-04  1.57690665e-05  1.76717619e-04  0.00000000e+00  1.76717619e-04  0.00000000e+00 
 1.76817619e-04  1.28000647e-02  1.76817619e-04  3.99531530e-01  1.76817619e-04  2.07345203e-06  1.76817619e-04  7.46570947e-07  1.76817619e-04 -1.57584883e-05  1.76817619e-04  0.00000000e+00  1.76817619e-04  0.00000000e+00 
 1.76917619e-04  1.27666443e-02  1.76917619e-04  3.99526007e-01  1.76917619e-04  1.92139682e-06  1.76917619e-04 -7.44035543e-07  1.76917619e-04  1.57690221e-05  1.76917619e-04  0.00000000e+00  1.76917619e-04  0.00000000e+00 
 1.77017619e-04  1.27331147e-02  1.77017619e-04  3.99532890e-01  1.77017619e-04  2.07345375e-06  1.77017619e-04  7.46570764e-07  1.77017619e-04 -1.57584904e-05  1.77017619e-04  0.00000000e+00  1.77017619e-04  0.00000000e+00 
 1.77117619e-04  1.26998935e-02  1.77117619e-04  3.99524677e-01  1.77117619e-04  1.92139513e-06  1.77117619e-04 -7.44034793e-07  1.77117619e-04  1.57689778e-05  1.77117619e-04  0.00000000e+00  1.77117619e-04  0.00000000e+00 
 1.77217619e-04  1.26665861e-02  1.77217619e-04  3.99534192e-01  1.77217619e-04  2.07345541e-06  1.77217619e-04  7.46569479e-07  1.77217619e-04 -1.57584925e-05  1.77217619e-04  0.00000000e+00  1.77217619e-04  0.00000000e+00 
 1.77317619e-04  1.26335639e-02  1.77317619e-04  3.99523406e-01  1.77317619e-04  1.92139349e-06  1.77317619e-04 -7.44032994e-07  1.77317619e-04  1.57689337e-05  1.77317619e-04  0.00000000e+00  1.77317619e-04  0.00000000e+00 
 1.77417619e-04  1.26004772e-02  1.77417619e-04  3.99535435e-01  1.77417619e-04  2.07345703e-06  1.77417619e-04  7.46567197e-07  1.77417619e-04 -1.57584945e-05  1.77417619e-04  0.00000000e+00  1.77417619e-04  0.00000000e+00 
 1.77517619e-04  1.25676536e-02  1.77517619e-04  3.99522193e-01  1.77517619e-04  1.92139190e-06  1.77517619e-04 -7.44030250e-07  1.77517619e-04  1.57688898e-05  1.77517619e-04  0.00000000e+00  1.77517619e-04  0.00000000e+00 
 1.77617619e-04  1.25347859e-02  1.77617619e-04  3.99536620e-01  1.77617619e-04  2.07345859e-06  1.77617619e-04  7.46564021e-07  1.77617619e-04 -1.57584966e-05  1.77617619e-04  0.00000000e+00  1.77617619e-04  0.00000000e+00 
 1.77717619e-04  1.25021605e-02  1.77717619e-04  3.99521039e-01  1.77717619e-04  1.92139037e-06  1.77717619e-04 -7.44026659e-07  1.77717619e-04  1.57688461e-05  1.77717619e-04  0.00000000e+00  1.77717619e-04  0.00000000e+00 
 1.77817619e-04  1.24695104e-02  1.77817619e-04  3.99537746e-01  1.77817619e-04  2.07346010e-06  1.77817619e-04  7.46560043e-07  1.77817619e-04 -1.57584986e-05  1.77817619e-04  0.00000000e+00  1.77817619e-04  0.00000000e+00 
 1.77917619e-04  1.24370828e-02  1.77917619e-04  3.99519942e-01  1.77917619e-04  1.92138888e-06  1.77917619e-04 -7.44022310e-07  1.77917619e-04  1.57688025e-05  1.77917619e-04  0.00000000e+00  1.77917619e-04  0.00000000e+00 
 1.78017619e-04  1.24046487e-02  1.78017619e-04  3.99538816e-01  1.78017619e-04  2.07346156e-06  1.78017619e-04  7.46555348e-07  1.78017619e-04 -1.57585005e-05  1.78017619e-04  0.00000000e+00  1.78017619e-04  0.00000000e+00 
 1.78117619e-04  1.23724186e-02  1.78117619e-04  3.99518900e-01  1.78117619e-04  1.92138744e-06  1.78117619e-04 -7.44017284e-07  1.78117619e-04  1.57687591e-05  1.78117619e-04  0.00000000e+00  1.78117619e-04  0.00000000e+00 
 1.78217619e-04  1.23401990e-02  1.78217619e-04  3.99539832e-01  1.78217619e-04  2.07346299e-06  1.78217619e-04  7.46550015e-07  1.78217619e-04 -1.57585025e-05  1.78217619e-04  0.00000000e+00  1.78217619e-04  0.00000000e+00 
 1.78317619e-04  1.23081657e-02  1.78317619e-04  3.99517912e-01  1.78317619e-04  1.92138604e-06  1.78317619e-04 -7.44011657e-07  1.78317619e-04  1.57687159e-05  1.78317619e-04  0.00000000e+00  1.78317619e-04  0.00000000e+00 
 1.78417619e-04  1.22761592e-02  1.78417619e-04  3.99540795e-01  1.78417619e-04  2.07346436e-06  1.78417619e-04  7.46544116e-07  1.78417619e-04 -1.57585043e-05  1.78417619e-04  0.00000000e+00  1.78417619e-04  0.00000000e+00 
 1.78517619e-04  1.22443224e-02  1.78517619e-04  3.99516975e-01  1.78517619e-04  1.92138468e-06  1.78517619e-04 -7.44005496e-07  1.78517619e-04  1.57686729e-05  1.78517619e-04  0.00000000e+00  1.78517619e-04  0.00000000e+00 
 1.78617619e-04  1.22125274e-02  1.78617619e-04  3.99541708e-01  1.78617619e-04  2.07346570e-06  1.78617619e-04  7.46537714e-07  1.78617619e-04 -1.57585061e-05  1.78617619e-04  0.00000000e+00  1.78617619e-04  0.00000000e+00 
 1.78717619e-04  1.21808866e-02  1.78717619e-04  3.99516088e-01  1.78717619e-04  1.92138336e-06  1.78717619e-04 -7.43998864e-07  1.78717619e-04  1.57686300e-05  1.78717619e-04  0.00000000e+00  1.78717619e-04  0.00000000e+00 
 1.78817619e-04  1.21493019e-02  1.78817619e-04  3.99542573e-01  1.78817619e-04  2.07346700e-06  1.78817619e-04  7.46530871e-07  1.78817619e-04 -1.57585079e-05  1.78817619e-04  0.00000000e+00  1.78817619e-04  0.00000000e+00 
 1.78917619e-04  1.21178564e-02  1.78917619e-04  3.99515247e-01  1.78917619e-04  1.92138208e-06  1.78917619e-04 -7.43991817e-07  1.78917619e-04  1.57685872e-05  1.78917619e-04  0.00000000e+00  1.78917619e-04  0.00000000e+00 
 1.79017619e-04  1.20864805e-02  1.79017619e-04  3.99543391e-01  1.79017619e-04  2.07346826e-06  1.79017619e-04  7.46523638e-07  1.79017619e-04 -1.57585095e-05  1.79017619e-04  0.00000000e+00  1.79017619e-04  0.00000000e+00 
 1.79117619e-04  1.20552299e-02  1.79117619e-04  3.99514452e-01  1.79117619e-04  1.92138084e-06  1.79117619e-04 -7.43984406e-07  1.79117619e-04  1.57685446e-05  1.79117619e-04  0.00000000e+00  1.79117619e-04  0.00000000e+00 
 1.79217619e-04  1.20240615e-02  1.79217619e-04  3.99544166e-01  1.79217619e-04  2.07346949e-06  1.79217619e-04  7.46516064e-07  1.79217619e-04 -1.57585111e-05  1.79217619e-04  0.00000000e+00  1.79217619e-04  0.00000000e+00 
 1.79317619e-04  1.19930051e-02  1.79317619e-04  3.99513699e-01  1.79317619e-04  1.92137962e-06  1.79317619e-04 -7.43976676e-07  1.79317619e-04  1.57685021e-05  1.79317619e-04  0.00000000e+00  1.79317619e-04  0.00000000e+00 
 1.79417619e-04  1.19620429e-02  1.79417619e-04  3.99544898e-01  1.79417619e-04  2.07347069e-06  1.79417619e-04  7.46508195e-07  1.79417619e-04 -1.57585127e-05  1.79417619e-04  0.00000000e+00  1.79417619e-04  0.00000000e+00 
 1.79517619e-04  1.19311801e-02  1.79517619e-04  3.99512988e-01  1.79517619e-04  1.92137845e-06  1.79517619e-04 -7.43968671e-07  1.79517619e-04  1.57684597e-05  1.79517619e-04  0.00000000e+00  1.79517619e-04  0.00000000e+00 
 1.79617619e-04  1.19004227e-02  1.79617619e-04  3.99545591e-01  1.79617619e-04  2.07347185e-06  1.79617619e-04  7.46500068e-07  1.79617619e-04 -1.57585141e-05  1.79617619e-04  0.00000000e+00  1.79617619e-04  0.00000000e+00 
 1.79717619e-04  1.18697529e-02  1.79717619e-04  3.99512315e-01  1.79717619e-04  1.92137730e-06  1.79717619e-04 -7.43960428e-07  1.79717619e-04  1.57684175e-05  1.79717619e-04  0.00000000e+00  1.79717619e-04  0.00000000e+00 
 1.79817619e-04  1.18391991e-02  1.79817619e-04  3.99546246e-01  1.79817619e-04  2.07347298e-06  1.79817619e-04  7.46491722e-07  1.79817619e-04 -1.57585155e-05  1.79817619e-04  0.00000000e+00  1.79817619e-04  0.00000000e+00 
 1.79917619e-04  1.18087216e-02  1.79917619e-04  3.99511679e-01  1.79917619e-04  1.92137618e-06  1.79917619e-04 -7.43951981e-07  1.79917619e-04  1.57683754e-05  1.79917619e-04  0.00000000e+00  1.79917619e-04  0.00000000e+00 
 1.80017619e-04  1.17783701e-02  1.80017619e-04  3.99546865e-01  1.80017619e-04  2.07347409e-06  1.80017619e-04  7.46483187e-07  1.80017619e-04 -1.57585167e-05  1.80017619e-04  0.00000000e+00  1.80017619e-04  0.00000000e+00 
 1.80117619e-04  1.17480842e-02  1.80117619e-04  3.99511078e-01  1.80117619e-04  1.92137509e-06  1.80117619e-04 -7.43943362e-07  1.80117619e-04  1.57683334e-05  1.80117619e-04  0.00000000e+00  1.80117619e-04  0.00000000e+00 
 1.80217619e-04  1.17179338e-02  1.80217619e-04  3.99547449e-01  1.80217619e-04  2.07347516e-06  1.80217619e-04  7.46474494e-07  1.80217619e-04 -1.57585179e-05  1.80217619e-04  0.00000000e+00  1.80217619e-04  0.00000000e+00 
 1.80317619e-04  1.16878389e-02  1.80317619e-04  3.99510511e-01  1.80317619e-04  1.92137402e-06  1.80317619e-04 -7.43934597e-07  1.80317619e-04  1.57682915e-05  1.80317619e-04  0.00000000e+00  1.80317619e-04  0.00000000e+00 
 1.80417619e-04  1.16578884e-02  1.80417619e-04  3.99548001e-01  1.80417619e-04  2.07347622e-06  1.80417619e-04  7.46465670e-07  1.80417619e-04 -1.57585189e-05  1.80417619e-04  0.00000000e+00  1.80417619e-04  0.00000000e+00 
 1.80517619e-04  1.16279837e-02  1.80517619e-04  3.99509976e-01  1.80517619e-04  1.92137299e-06  1.80517619e-04 -7.43925713e-07  1.80517619e-04  1.57682498e-05  1.80517619e-04  0.00000000e+00  1.80517619e-04  0.00000000e+00 
 1.80617619e-04  1.15982318e-02  1.80617619e-04  3.99548522e-01  1.80617619e-04  2.07347724e-06  1.80617619e-04  7.46456737e-07  1.80617619e-04 -1.57585199e-05  1.80617619e-04  0.00000000e+00  1.80617619e-04  0.00000000e+00 
 1.80717619e-04  1.15685167e-02  1.80717619e-04  3.99509470e-01  1.80717619e-04  1.92137197e-06  1.80717619e-04 -7.43916733e-07  1.80717619e-04  1.57682081e-05  1.80717619e-04  0.00000000e+00  1.80717619e-04  0.00000000e+00 
 1.80817619e-04  1.15389622e-02  1.80817619e-04  3.99549014e-01  1.80817619e-04  2.07347825e-06  1.80817619e-04  7.46447718e-07  1.80817619e-04 -1.57585208e-05  1.80817619e-04  0.00000000e+00  1.80817619e-04  0.00000000e+00 
 1.80917619e-04  1.15094359e-02  1.80917619e-04  3.99508993e-01  1.80917619e-04  1.92137098e-06  1.80917619e-04 -7.43907675e-07  1.80917619e-04  1.57681666e-05  1.80917619e-04  0.00000000e+00  1.80917619e-04  0.00000000e+00 
 1.81017619e-04  1.14800777e-02  1.81017619e-04  3.99549477e-01  1.81017619e-04  2.07347923e-06  1.81017619e-04  7.46438632e-07  1.81017619e-04 -1.57585215e-05  1.81017619e-04  0.00000000e+00  1.81017619e-04  0.00000000e+00 
 1.81117619e-04  1.14507395e-02  1.81117619e-04  3.99508544e-01  1.81117619e-04  1.92137001e-06  1.81117619e-04 -7.43898560e-07  1.81117619e-04  1.57681252e-05  1.81117619e-04  0.00000000e+00  1.81117619e-04  0.00000000e+00 
 1.81217619e-04  1.14215763e-02  1.81217619e-04  3.99549915e-01  1.81217619e-04  2.07348019e-06  1.81217619e-04  7.46429497e-07  1.81217619e-04 -1.57585222e-05  1.81217619e-04  0.00000000e+00  1.81217619e-04  0.00000000e+00 
 1.81317619e-04  1.13924254e-02  1.81317619e-04  3.99508120e-01  1.81317619e-04  1.92136906e-06  1.81317619e-04 -7.43889404e-07  1.81317619e-04  1.57680838e-05  1.81317619e-04  0.00000000e+00  1.81317619e-04  0.00000000e+00 
 1.81417619e-04  1.13634562e-02  1.81417619e-04  3.99550327e-01  1.81417619e-04  2.07348113e-06  1.81417619e-04  7.46420327e-07  1.81417619e-04 -1.57585227e-05  1.81417619e-04  0.00000000e+00  1.81417619e-04  0.00000000e+00 
 1.81517619e-04  1.13344919e-02  1.81517619e-04  3.99507720e-01  1.81517619e-04  1.92136813e-06  1.81517619e-04 -7.43880221e-07  1.81517619e-04  1.57680426e-05  1.81517619e-04  0.00000000e+00  1.81517619e-04  0.00000000e+00 
 1.81617619e-04  1.13057154e-02  1.81617619e-04  3.99550715e-01  1.81617619e-04  2.07348205e-06  1.81617619e-04  7.46411139e-07  1.81617619e-04 -1.57585232e-05  1.81617619e-04  0.00000000e+00  1.81617619e-04  0.00000000e+00 
 1.81717619e-04  1.12769369e-02  1.81717619e-04  3.99507344e-01  1.81717619e-04  1.92136722e-06  1.81717619e-04 -7.43871025e-07  1.81717619e-04  1.57680015e-05  1.81717619e-04  0.00000000e+00  1.81717619e-04  0.00000000e+00 
 1.81817619e-04  1.12483521e-02  1.81817619e-04  3.99551081e-01  1.81817619e-04  2.07348295e-06  1.81817619e-04  7.46401943e-07  1.81817619e-04 -1.57585235e-05  1.81817619e-04  0.00000000e+00  1.81817619e-04  0.00000000e+00 
 1.81917619e-04  1.12197585e-02  1.81917619e-04  3.99506990e-01  1.81917619e-04  1.92136632e-06  1.81917619e-04 -7.43861828e-07  1.81917619e-04  1.57679604e-05  1.81917619e-04  0.00000000e+00  1.81917619e-04  0.00000000e+00 
 1.82017619e-04  1.11913643e-02  1.82017619e-04  3.99551426e-01  1.82017619e-04  2.07348383e-06  1.82017619e-04  7.46392751e-07  1.82017619e-04 -1.57585237e-05  1.82017619e-04  0.00000000e+00  1.82017619e-04  0.00000000e+00 
 1.82117619e-04  1.11629549e-02  1.82117619e-04  3.99506656e-01  1.82117619e-04  1.92136545e-06  1.82117619e-04 -7.43852640e-07  1.82117619e-04  1.57679195e-05  1.82117619e-04  0.00000000e+00  1.82117619e-04  0.00000000e+00 
 1.82217619e-04  1.11347502e-02  1.82217619e-04  3.99551750e-01  1.82217619e-04  2.07348470e-06  1.82217619e-04  7.46383574e-07  1.82217619e-04 -1.57585238e-05  1.82217619e-04  0.00000000e+00  1.82217619e-04  0.00000000e+00 
 1.82317619e-04  1.11065242e-02  1.82317619e-04  3.99506342e-01  1.82317619e-04  1.92136459e-06  1.82317619e-04 -7.43843471e-07  1.82317619e-04  1.57678786e-05  1.82317619e-04  0.00000000e+00  1.82317619e-04  0.00000000e+00 
 1.82417619e-04  1.10785078e-02  1.82417619e-04  3.99552055e-01  1.82417619e-04  2.07348555e-06  1.82417619e-04  7.46374420e-07  1.82417619e-04 -1.57585238e-05  1.82417619e-04  0.00000000e+00  1.82417619e-04  0.00000000e+00 
 1.82517619e-04  1.10504644e-02  1.82517619e-04  3.99506046e-01  1.82517619e-04  1.92136374e-06  1.82517619e-04 -7.43834330e-07  1.82517619e-04  1.57678378e-05  1.82517619e-04  0.00000000e+00  1.82517619e-04  0.00000000e+00 
 1.82617619e-04  1.10226352e-02  1.82617619e-04  3.99552342e-01  1.82617619e-04  2.07348639e-06  1.82617619e-04  7.46365297e-07  1.82617619e-04 -1.57585236e-05  1.82617619e-04  0.00000000e+00  1.82617619e-04  0.00000000e+00 
 1.82717619e-04  1.09947736e-02  1.82717619e-04  3.99505769e-01  1.82717619e-04  1.92136291e-06  1.82717619e-04 -7.43825223e-07  1.82717619e-04  1.57677971e-05  1.82717619e-04  0.00000000e+00  1.82717619e-04  0.00000000e+00 
 1.82817619e-04  1.09671306e-02  1.82817619e-04  3.99552612e-01  1.82817619e-04  2.07348721e-06  1.82817619e-04  7.46356213e-07  1.82817619e-04 -1.57585233e-05  1.82817619e-04  0.00000000e+00  1.82817619e-04  0.00000000e+00 
 1.82917619e-04  1.09394499e-02  1.82917619e-04  3.99505507e-01  1.82917619e-04  1.92136210e-06  1.82917619e-04 -7.43816157e-07  1.82917619e-04  1.57677565e-05  1.82917619e-04  0.00000000e+00  1.82917619e-04  0.00000000e+00 
 1.83017619e-04  1.09119920e-02  1.83017619e-04  3.99552866e-01  1.83017619e-04  2.07348802e-06  1.83017619e-04  7.46347172e-07  1.83017619e-04 -1.57585229e-05  1.83017619e-04  0.00000000e+00  1.83017619e-04  0.00000000e+00 
 1.83117619e-04  1.08844915e-02  1.83117619e-04  3.99505262e-01  1.83117619e-04  1.92136130e-06  1.83117619e-04 -7.43807139e-07  1.83117619e-04  1.57677160e-05  1.83117619e-04  0.00000000e+00  1.83117619e-04  0.00000000e+00 
 1.83217619e-04  1.08572177e-02  1.83217619e-04  3.99553104e-01  1.83217619e-04  2.07348882e-06  1.83217619e-04  7.46338182e-07  1.83217619e-04 -1.57585224e-05  1.83217619e-04  0.00000000e+00  1.83217619e-04  0.00000000e+00 
 1.83317619e-04  1.08298964e-02  1.83317619e-04  3.99505032e-01  1.83317619e-04  1.92136051e-06  1.83317619e-04 -7.43798173e-07  1.83317619e-04  1.57676756e-05  1.83317619e-04  0.00000000e+00  1.83317619e-04  0.00000000e+00 
 1.83417619e-04  1.08028056e-02  1.83417619e-04  3.99553328e-01  1.83417619e-04  2.07348960e-06  1.83417619e-04  7.46329246e-07  1.83417619e-04 -1.57585217e-05  1.83417619e-04  0.00000000e+00  1.83417619e-04  0.00000000e+00 
 1.83517619e-04  1.07756628e-02  1.83517619e-04  3.99504816e-01  1.83517619e-04  1.92135973e-06  1.83517619e-04 -7.43789264e-07  1.83517619e-04  1.57676352e-05  1.83517619e-04  0.00000000e+00  1.83517619e-04  0.00000000e+00 
 1.83617619e-04  1.07487539e-02  1.83617619e-04  3.99553538e-01  1.83617619e-04  2.07349037e-06  1.83617619e-04  7.46320369e-07  1.83617619e-04 -1.57585210e-05  1.83617619e-04  0.00000000e+00  1.83617619e-04  0.00000000e+00 
 1.83717619e-04  1.07217888e-02  1.83717619e-04  3.99504613e-01  1.83717619e-04  1.92135897e-06  1.83717619e-04 -7.43780416e-07  1.83717619e-04  1.57675950e-05  1.83717619e-04  0.00000000e+00  1.83717619e-04  0.00000000e+00 
 1.83817619e-04  1.06950608e-02  1.83817619e-04  3.99553734e-01  1.83817619e-04  2.07349113e-06  1.83817619e-04  7.46311554e-07  1.83817619e-04 -1.57585201e-05  1.83817619e-04  0.00000000e+00  1.83817619e-04  0.00000000e+00 
 1.83917619e-04  1.06682724e-02  1.83917619e-04  3.99504423e-01  1.83917619e-04  1.92135822e-06  1.83917619e-04 -7.43771632e-07  1.83917619e-04  1.57675548e-05  1.83917619e-04  0.00000000e+00  1.83917619e-04  0.00000000e+00 
 1.84017619e-04  1.06417243e-02  1.84017619e-04  3.99553919e-01  1.84017619e-04  2.07349187e-06  1.84017619e-04  7.46302805e-07  1.84017619e-04 -1.57585190e-05  1.84017619e-04  0.00000000e+00  1.84017619e-04  0.00000000e+00 
 1.84117619e-04  1.06151118e-02  1.84117619e-04  3.99504245e-01  1.84117619e-04  1.92135747e-06  1.84117619e-04 -7.43762914e-07  1.84117619e-04  1.57675146e-05  1.84117619e-04  0.00000000e+00  1.84117619e-04  0.00000000e+00 
 1.84217619e-04  1.05887425e-02  1.84217619e-04  3.99554092e-01  1.84217619e-04  2.07349261e-06  1.84217619e-04  7.46294124e-07  1.84217619e-04 -1.57585178e-05  1.84217619e-04  0.00000000e+00  1.84217619e-04  0.00000000e+00 
 1.84317619e-04  1.05623052e-02  1.84317619e-04  3.99504078e-01  1.84317619e-04  1.92135674e-06  1.84317619e-04 -7.43754265e-07  1.84317619e-04  1.57674746e-05  1.84317619e-04  0.00000000e+00  1.84317619e-04  0.00000000e+00 
 1.84417619e-04  1.05361137e-02  1.84417619e-04  3.99554254e-01  1.84417619e-04  2.07349334e-06  1.84417619e-04  7.46285513e-07  1.84417619e-04 -1.57585166e-05  1.84417619e-04  0.00000000e+00  1.84417619e-04  0.00000000e+00 
 1.84517619e-04  1.05098506e-02  1.84517619e-04  3.99503922e-01  1.84517619e-04  1.92135602e-06  1.84517619e-04 -7.43745688e-07  1.84517619e-04  1.57674346e-05  1.84517619e-04  0.00000000e+00  1.84517619e-04  0.00000000e+00 
 1.84617619e-04  1.04838360e-02  1.84617619e-04  3.99554405e-01  1.84617619e-04  2.07349405e-06  1.84617619e-04  7.46276974e-07  1.84617619e-04 -1.57585151e-05  1.84617619e-04  0.00000000e+00  1.84617619e-04  0.00000000e+00 
 1.84717619e-04  1.04577462e-02  1.84717619e-04  3.99503776e-01  1.84717619e-04  1.92135531e-06  1.84717619e-04 -7.43737184e-07  1.84717619e-04  1.57673947e-05  1.84717619e-04  0.00000000e+00  1.84717619e-04  0.00000000e+00 
 1.84817619e-04  1.04319074e-02  1.84817619e-04  3.99554547e-01  1.84817619e-04  2.07349476e-06  1.84817619e-04  7.46268508e-07  1.84817619e-04 -1.57585136e-05  1.84817619e-04  0.00000000e+00  1.84817619e-04  0.00000000e+00 
 1.84908809e-04  1.04082625e-02  1.84908809e-04  3.99503633e-01  1.84908809e-04  1.92135457e-06  1.84908809e-04 -7.43728348e-07  1.84908809e-04  1.57673547e-05  1.84908809e-04  0.00000000e+00  1.84908809e-04  0.00000000e+00 
 1.85000000e-04  1.03848563e-02  1.85000000e-04  3.99554691e-01  1.85000000e-04  2.07349553e-06  1.85000000e-04  7.46259310e-07  1.85000000e-04 -1.57585081e-05  1.85000000e-04  0.00000000e+00  1.85000000e-04  0.00000000e+00 
 1.85000001e-04  1.03879514e-02  1.85000001e-04  4.00480050e-01  1.85000001e-04  1.78549126e-06  1.85000001e-04  2.96205123e-06  1.85000001e-04 -1.24157780e-06  1.85000001e-04  1.20000000e-01  1.85000001e-04  0.00000000e+00 
 1.85000003e-04  1.03946435e-02  1.85000003e-04  4.02376721e-01  1.85000003e-04  1.76343919e-06  1.85000003e-04  2.90499844e-06  1.85000003e-04 -2.26884569e-07  1.85000003e-04  3.59999999e-01  1.85000003e-04  0.00000000e+00 
 1.85000006e-04  1.04049724e-02  1.85000006e-04  4.05085219e-01  1.85000006e-04  1.85806123e-06  1.85000006e-04  5.36589538e-07  1.85000006e-04 -8.86146372e-07  1.85000006e-04  7.79999997e-01  1.85000006e-04  0.00000000e+00 
 1.85000010e-04  1.04123086e-02  1.85000010e-04  4.06800814e-01  1.85000010e-04  1.88974738e-06  1.85000010e-04 -6.48266428e-07  1.85000010e-04  1.48471815e-07  1.85000010e-04  1.20000000e+00  1.85000010e-04  0.00000000e+00 
 1.85000011e-04  1.04118763e-02  1.85000011e-04  4.06558821e-01  1.85000011e-04  2.05972808e-06  1.85000011e-04 -3.29077709e-06  1.85000011e-04  2.75571668e-07  1.85000011e-04  1.20000000e+00  1.85000011e-04  0.00000000e+00 
 1.85000012e-04  1.04107597e-02  1.85000012e-04  4.06067655e-01  1.85000012e-04  2.07612123e-06  1.85000012e-04 -3.63510805e-06  1.85000012e-04  2.98804398e-07  1.85000012e-04  1.20000000e+00  1.85000012e-04  0.00000000e+00 
 1.85000015e-04  1.04084920e-02  1.85000015e-04  4.05203251e-01  1.85000015e-04  2.04470700e-06  1.85000015e-04 -2.64342069e-06  1.85000015e-04  2.11435944e-07  1.85000015e-04  1.20000000e+00  1.85000015e-04  0.00000000e+00 
 1.85000020e-04  1.04039099e-02  1.85000020e-04  4.03699897e-01  1.85000020e-04  2.06120692e-06  1.85000020e-04 -2.31227115e-06  1.85000020e-04  2.26003089e-07  1.85000020e-04  1.20000000e+00  1.85000020e-04  0.00000000e+00 
 1.85000032e-04  1.03912661e-02  1.85000032e-04  4.00214236e-01  1.85000032e-04  2.07384951e-06  1.85000032e-04 -7.91466963e-07  1.85000032e-04  2.66301801e-07  1.85000032e-04  1.20000000e+00  1.85000032e-04  0.00000000e+00 
 1.85000054e-04  1.03434381e-02  1.85000054e-04  3.85937514e-01  1.85000054e-04  2.23778424e-06  1.85000054e-04  9.17096479e-07  1.85000054e-04  7.15967626e-07  1.85000054e-04  1.20000000e+00  1.85000054e-04  0.00000000e+00 
 1.85000085e-04  1.03043965e-02  1.85000085e-04  3.69559517e-01  1.85000085e-04  2.05859557e-06  1.85000085e-04  5.53228128e-06  1.85000085e-04  1.14047283e-07  1.85000085e-04  1.20000000e+00  1.85000085e-04  0.00000000e+00 
 1.85000119e-04  1.03219811e-02  1.85000119e-04  3.59386798e-01  1.85000119e-04  2.13895815e-06  1.85000119e-04  2.20862422e-06  1.85000119e-04  3.60979929e-07  1.85000119e-04  1.20000000e+00  1.85000119e-04  0.00000000e+00 
 1.85000186e-04  1.04094702e-02  1.85000186e-04  3.46526837e-01  1.85000186e-04  1.99737032e-06  1.85000186e-04  2.95317648e-06  1.85000186e-04 -4.69361343e-08  1.85000186e-04  1.20000000e+00  1.85000186e-04  0.00000000e+00 
 1.85000252e-04  1.04967496e-02  1.85000252e-04  3.38889708e-01  1.85000252e-04  2.08882080e-06  1.85000252e-04  6.34341263e-07  1.85000252e-04  2.45951277e-07  1.85000252e-04  1.20000000e+00  1.85000252e-04  0.00000000e+00 
 1.85000384e-04  1.06281355e-02  1.85000384e-04  3.30980097e-01  1.85000384e-04  1.95416214e-06  1.85000384e-04  2.31311601e-06  1.85000384e-04 -1.36714841e-07  1.85000384e-04  1.20000000e+00  1.85000384e-04  0.00000000e+00 
 1.85000606e-04  1.07672615e-02  1.85000606e-04  3.29933334e-01  1.85000606e-04  2.04405805e-06  1.85000606e-04  1.64030868e-07  1.85000606e-04  1.51461795e-07  1.85000606e-04  1.20000000e+00  1.85000606e-04  0.00000000e+00 
 1.85001048e-04  1.09059610e-02  1.85001048e-04  3.39423758e-01  1.85001048e-04  1.93006574e-06  1.85001048e-04  1.90055627e-06  1.85001048e-04 -1.83154447e-07  1.85001048e-04  1.20000000e+00  1.85001048e-04  0.00000000e+00 
 1.85001703e-04  1.09955547e-02  1.85001703e-04  3.52725866e-01  1.85001703e-04  2.04451377e-06  1.85001703e-04 -1.99653089e-07  1.85001703e-04  1.54860807e-07  1.85001703e-04  1.20000000e+00  1.85001703e-04  0.00000000e+00 
 1.85002754e-04  1.10801601e-02  1.85002754e-04  3.64972775e-01  1.85002754e-04  1.93983932e-06  1.85002754e-04  1.63359432e-06  1.85002754e-04 -1.62861431e-07  1.85002754e-04  1.20000000e+00  1.85002754e-04  0.00000000e+00 
 1.85004685e-04  1.12045933e-02  1.85004685e-04  3.77565849e-01  1.85004685e-04  2.05054399e-06  1.85004685e-04 -3.51749531e-07  1.85004685e-04  1.66490400e-07  1.85004685e-04  1.20000000e+00  1.85004685e-04  0.00000000e+00 
 1.85008548e-04  1.14326694e-02  1.85008548e-04  3.90707806e-01  1.85008548e-04  1.94272016e-06  1.85008548e-04  1.59694367e-06  1.85008548e-04 -1.58975139e-07  1.85008548e-04  1.20000000e+00  1.85008548e-04  0.00000000e+00 
 1.85016274e-04  1.18848734e-02  1.85016274e-04  3.98647617e-01  1.85016274e-04  2.05215317e-06  1.85016274e-04 -3.45932970e-07  1.85016274e-04  1.68124749e-07  1.85016274e-04  1.20000000e+00  1.85016274e-04  0.00000000e+00 
 1.85031726e-04  1.27805858e-02  1.85031726e-04  3.99712482e-01  1.85031726e-04  1.94290828e-06  1.85031726e-04  1.60339051e-06  1.85031726e-04 -1.57943287e-07  1.85031726e-04  1.20000000e+00  1.85031726e-04  0.00000000e+00 
 1.85058996e-04  1.43440578e-02  1.85058996e-04  3.99452909e-01  1.85058996e-04  2.05192948e-06  1.85058996e-04 -3.42807747e-07  1.85058996e-04  1.69039346e-07  1.85058996e-04  1.20000000e+00  1.85058996e-04  0.00000000e+00 
 1.85113536e-04  1.74443950e-02  1.85113536e-04  3.99593530e-01  1.85113536e-04  1.94292215e-06  1.85113536e-04  1.60370560e-06  1.85113536e-04 -1.56433098e-07  1.85113536e-04  1.20000000e+00  1.85113536e-04  0.00000000e+00 
 1.85213536e-04  2.31147418e-02  1.85213536e-04  3.99486250e-01  1.85213536e-04  2.05192668e-06  1.85213536e-04 -3.41058115e-07  1.85213536e-04  1.71642890e-07  1.85213536e-04  1.20000000e+00  1.85213536e-04  0.00000000e+00 
 1.85313536e-04  2.87803905e-02  1.85313536e-04  3.99573879e-01  1.85313536e-04  1.94292339e-06  1.85313536e-04  1.60548497e-06  1.85313536e-04 -1.53416329e-07  1.85313536e-04  1.20000000e+00  1.85313536e-04  0.00000000e+00 
 1.85413536e-04  3.44423618e-02  1.85413536e-04  3.99501011e-01  1.85413536e-04  2.05192575e-06  1.85413536e-04 -3.39175042e-07  1.85413536e-04  1.74253800e-07  1.85413536e-04  1.20000000e+00  1.85413536e-04  0.00000000e+00 
 1.85513536e-04  4.01013170e-02  1.85513536e-04  3.99559802e-01  1.85513536e-04  1.94292409e-06  1.85513536e-04  1.60703209e-06  1.85513536e-04 -1.51156069e-07  1.85513536e-04  1.20000000e+00  1.85513536e-04  0.00000000e+00 
 1.85613536e-04  4.57585828e-02  1.85613536e-04  3.99511460e-01  1.85613536e-04  2.05192517e-06  1.85613536e-04 -3.37551728e-07  1.85613536e-04  1.76219361e-07  1.85613536e-04  1.20000000e+00  1.85613536e-04  0.00000000e+00 
 1.85713536e-04  5.14142833e-02  1.85713536e-04  3.99549563e-01  1.85713536e-04  1.94292456e-06  1.85713536e-04  1.60836936e-06  1.85713536e-04 -1.49445311e-07  1.85713536e-04  1.20000000e+00  1.85713536e-04  0.00000000e+00 
 1.85813536e-04  5.70694083e-02  1.85813536e-04  3.99518971e-01  1.85813536e-04  2.05192475e-06  1.85813536e-04 -3.36156990e-07  1.85813536e-04  1.77714998e-07  1.85813536e-04  1.20000000e+00  1.85813536e-04  0.00000000e+00 
 1.85913536e-04  6.27239377e-02  1.85913536e-04  3.99542000e-01  1.85913536e-04  1.94292494e-06  1.85913536e-04  1.60952080e-06  1.85913536e-04 -1.48135649e-07  1.85913536e-04  1.20000000e+00  1.85913536e-04  0.00000000e+00 
 1.86013536e-04  6.83785437e-02  1.86013536e-04  3.99524459e-01  1.86013536e-04  2.05192436e-06  1.86013536e-04 -3.34960871e-07  1.86013536e-04  1.78866777e-07  1.86013536e-04  1.20000000e+00  1.86013536e-04  0.00000000e+00 
 1.86113536e-04  7.40331574e-02  1.86113536e-04  3.99536334e-01  1.86113536e-04  1.94292533e-06  1.86113536e-04  1.61051072e-06  1.86113536e-04 -1.47119957e-07  1.86113536e-04  1.20000000e+00  1.86113536e-04  0.00000000e+00 
 1.86213536e-04  7.96882143e-02  1.86213536e-04  3.99528535e-01  1.86213536e-04  2.05192395e-06  1.86213536e-04 -3.33934993e-07  1.86213536e-04  1.79766206e-07  1.86213536e-04  1.20000000e+00  1.86213536e-04  0.00000000e+00 
 1.86313536e-04  8.53436341e-02  1.86313536e-04  3.99532031e-01  1.86313536e-04  1.94292574e-06  1.86313536e-04  1.61136280e-06  1.86313536e-04 -1.46319946e-07  1.86313536e-04  1.20000000e+00  1.86313536e-04  0.00000000e+00 
 1.86413536e-04  9.09996809e-02  1.86413536e-04  3.99531613e-01  1.86413536e-04  2.05192350e-06  1.86413536e-04 -3.33052914e-07  1.86413536e-04  1.80480680e-07  1.86413536e-04  1.20000000e+00  1.86413536e-04  0.00000000e+00 
 1.86513536e-04  9.66562815e-02  1.86513536e-04  3.99528725e-01  1.86513536e-04  1.94292621e-06  1.86513536e-04  1.61209937e-06  1.86513536e-04 -1.45677508e-07  1.86513536e-04  1.20000000e+00  1.86513536e-04  0.00000000e+00 
 1.86613536e-04  1.02313577e-01  1.86613536e-04  3.99533977e-01  1.86613536e-04  2.05192300e-06  1.86613536e-04 -3.32290437e-07  1.86613536e-04  1.81060589e-07  1.86613536e-04  1.20000000e+00  1.86613536e-04  0.00000000e+00 
 1.86713536e-04  1.07971510e-01  1.86713536e-04  3.99526160e-01  1.86713536e-04  1.94292672e-06  1.86713536e-04  1.61274093e-06  1.86713536e-04 -1.45148946e-07  1.86713536e-04  1.20000000e+00  1.86713536e-04  0.00000000e+00 
 1.86813536e-04  1.13630134e-01  1.86813536e-04  3.99535819e-01  1.86813536e-04  2.05192245e-06  1.86813536e-04 -3.31625821e-07  1.86813536e-04  1.81543957e-07  1.86813536e-04  1.20000000e+00  1.86813536e-04  0.00000000e+00 
 1.86913536e-04  1.19289411e-01  1.86913536e-04  3.99524152e-01  1.86913536e-04  1.94292728e-06  1.86913536e-04  1.61330588e-06  1.86913536e-04 -1.44701277e-07  1.86913536e-04  1.20000000e+00  1.86913536e-04  0.00000000e+00 
 1.87013536e-04  1.24949334e-01  1.87013536e-04  3.99537276e-01  1.87013536e-04  2.05192187e-06  1.87013536e-04 -3.31039906e-07  1.87013536e-04  1.81959397e-07  1.87013536e-04  1.20000000e+00  1.87013536e-04  0.00000000e+00 
 1.87113536e-04  1.30609885e-01  1.87113536e-04  3.99522571e-01  1.87113536e-04  1.94292788e-06  1.87113536e-04  1.61381027e-06  1.87113536e-04 -1.44309854e-07  1.87113536e-04  1.20000000e+00  1.87113536e-04  0.00000000e+00 
 1.87213536e-04  1.36271017e-01  1.87213536e-04  3.99538441e-01  1.87213536e-04  2.05192125e-06  1.87213536e-04 -3.30516169e-07  1.87213536e-04  1.82328072e-07  1.87213536e-04  1.20000000e+00  1.87213536e-04  0.00000000e+00 
 1.87313536e-04  1.41932796e-01  1.87313536e-04  3.99521373e-01  1.87313536e-04  1.94292852e-06  1.87313536e-04  1.61428642e-06  1.87313536e-04 -1.43953058e-07  1.87313536e-04  1.20000000e+00  1.87313536e-04  0.00000000e+00 
 1.87413536e-04  1.47595050e-01  1.87413536e-04  3.99539378e-01  1.87413536e-04  2.05192059e-06  1.87413536e-04 -3.30046679e-07  1.87413536e-04  1.82668176e-07  1.87413536e-04  1.20000000e+00  1.87413536e-04  0.00000000e+00 
 1.87513536e-04  1.53257816e-01  1.87513536e-04  3.99520387e-01  1.87513536e-04  1.94292918e-06  1.87513536e-04  1.61470301e-06  1.87513536e-04 -1.43626665e-07  1.87513536e-04  1.20000000e+00  1.87513536e-04  0.00000000e+00 
 1.87613536e-04  1.58921041e-01  1.87613536e-04  3.99540132e-01  1.87613536e-04  2.05191991e-06  1.87613536e-04 -3.29605924e-07  1.87613536e-04  1.82983362e-07  1.87613536e-04  1.20000000e+00  1.87613536e-04  0.00000000e+00 
 1.87713536e-04  1.64584727e-01  1.87713536e-04  3.99519597e-01  1.87713536e-04  1.94292987e-06  1.87713536e-04  1.61509470e-06  1.87713536e-04 -1.43316685e-07  1.87713536e-04  1.20000000e+00  1.87713536e-04  0.00000000e+00 
 1.87813536e-04  1.70248813e-01  1.87813536e-04  3.99540753e-01  1.87813536e-04  2.05191922e-06  1.87813536e-04 -3.29193582e-07  1.87813536e-04  1.83285095e-07  1.87813536e-04  1.20000000e+00  1.87813536e-04  0.00000000e+00 
 1.87913536e-04  1.75913316e-01  1.87913536e-04  3.99518967e-01  1.87913536e-04  1.94293057e-06  1.87913536e-04  1.61546835e-06  1.87913536e-04 -1.43017441e-07  1.87913536e-04  1.20000000e+00  1.87913536e-04  0.00000000e+00 
 1.88013536e-04  1.81578171e-01  1.88013536e-04  3.99541267e-01  1.88013536e-04  2.05191852e-06  1.88013536e-04 -3.28802276e-07  1.88013536e-04  1.83577975e-07  1.88013536e-04  1.20000000e+00  1.88013536e-04  0.00000000e+00 
 1.88113536e-04  1.87243406e-01  1.88113536e-04  3.99518467e-01  1.88113536e-04  1.94293128e-06  1.88113536e-04  1.61582915e-06  1.88113536e-04 -1.42725256e-07  1.88113536e-04  1.20000000e+00  1.88113536e-04  0.00000000e+00 
 1.88213536e-04  1.92908956e-01  1.88213536e-04  3.99541691e-01  1.88213536e-04  2.05191781e-06  1.88213536e-04 -3.28426407e-07  1.88213536e-04  1.83864959e-07  1.88213536e-04  1.20000000e+00  1.88213536e-04  0.00000000e+00 
 1.88313536e-04  1.98574856e-01  1.88313536e-04  3.99518072e-01  1.88313536e-04  1.94293200e-06  1.88313536e-04  1.61618097e-06  1.88313536e-04 -1.42437793e-07  1.88313536e-04  1.20000000e+00  1.88313536e-04  0.00000000e+00 
 1.88413536e-04  2.04241046e-01  1.88413536e-04  3.99542042e-01  1.88413536e-04  2.05191709e-06  1.88413536e-04 -3.28061820e-07  1.88413536e-04  1.84147919e-07  1.88413536e-04  1.20000000e+00  1.88413536e-04  0.00000000e+00 
 1.88513536e-04  2.09907558e-01  1.88513536e-04  3.99517765e-01  1.88513536e-04  1.94293273e-06  1.88513536e-04  1.61652657e-06  1.88513536e-04 -1.42153586e-07  1.88513536e-04  1.20000000e+00  1.88513536e-04  0.00000000e+00 
 1.88613536e-04  2.15574345e-01  1.88613536e-04  3.99542331e-01  1.88613536e-04  2.05191636e-06  1.88613536e-04 -3.27705496e-07  1.88613536e-04  1.84428021e-07  1.88613536e-04  1.20000000e+00  1.88613536e-04  0.00000000e+00 
 1.88713536e-04  2.21241429e-01  1.88713536e-04  3.99517531e-01  1.88713536e-04  1.94293346e-06  1.88713536e-04  1.61686789e-06  1.88713536e-04 -1.41871735e-07  1.88713536e-04  1.20000000e+00  1.88713536e-04  0.00000000e+00 
 1.88813536e-04  2.26908782e-01  1.88813536e-04  3.99542570e-01  1.88813536e-04  2.05191563e-06  1.88813536e-04 -3.27355286e-07  1.88813536e-04  1.84705980e-07  1.88813536e-04  1.20000000e+00  1.88813536e-04  0.00000000e+00 
 1.88913536e-04  2.32576408e-01  1.88913536e-04  3.99517360e-01  1.88913536e-04  1.94293420e-06  1.88913536e-04  1.61720623e-06  1.88913536e-04 -1.41591697e-07  1.88913536e-04  1.20000000e+00  1.88913536e-04  0.00000000e+00 
 1.89013536e-04  2.38244302e-01  1.89013536e-04  3.99542767e-01  1.89013536e-04  2.05191490e-06  1.89013536e-04 -3.27009700e-07  1.89013536e-04  1.84982224e-07  1.89013536e-04  1.20000000e+00  1.89013536e-04  0.00000000e+00 
 1.89113536e-04  2.43912444e-01  1.89113536e-04  3.99517245e-01  1.89113536e-04  1.94293494e-06  1.89113536e-04  1.61754241e-06  1.89113536e-04 -1.41313159e-07  1.89113536e-04  1.20000000e+00  1.89113536e-04  0.00000000e+00 
 1.89213536e-04  2.49580858e-01  1.89213536e-04  3.99542929e-01  1.89213536e-04  2.05191416e-06  1.89213536e-04 -3.26667720e-07  1.89213536e-04  1.85256996e-07  1.89213536e-04  1.20000000e+00  1.89213536e-04  0.00000000e+00 
 1.89313536e-04  2.55249493e-01  1.89313536e-04  3.99517181e-01  1.89313536e-04  1.94293568e-06  1.89313536e-04  1.61787696e-06  1.89313536e-04 -1.41035954e-07  1.89313536e-04  1.20000000e+00  1.89313536e-04  0.00000000e+00 
 1.89413536e-04  2.60918411e-01  1.89413536e-04  3.99543063e-01  1.89413536e-04  2.05191342e-06  1.89413536e-04 -3.26328651e-07  1.89413536e-04  1.85530424e-07  1.89413536e-04  1.20000000e+00  1.89413536e-04  0.00000000e+00 
 1.89513536e-04  2.66587518e-01  1.89513536e-04  3.99517166e-01  1.89513536e-04  1.94293642e-06  1.89513536e-04  1.61821020e-06  1.89513536e-04 -1.40760002e-07  1.89513536e-04  1.20000000e+00  1.89513536e-04  0.00000000e+00 
 1.89613536e-04  2.72256921e-01  1.89613536e-04  3.99543174e-01  1.89613536e-04  2.05191268e-06  1.89613536e-04 -3.25992012e-07  1.89613536e-04  1.85802566e-07  1.89613536e-04  1.20000000e+00  1.89613536e-04  0.00000000e+00 
 1.89713536e-04  2.77926476e-01  1.89713536e-04  3.99517201e-01  1.89713536e-04  1.94293715e-06  1.89713536e-04  1.61854231e-06  1.89713536e-04 -1.40485281e-07  1.89713536e-04  1.20000000e+00  1.89713536e-04  0.00000000e+00 
 1.89813536e-04  2.83596348e-01  1.89813536e-04  3.99543266e-01  1.89813536e-04  2.05191195e-06  1.89813536e-04 -3.25657445e-07  1.89813536e-04  1.86073433e-07  1.89813536e-04  1.20000000e+00  1.89813536e-04  0.00000000e+00 
 1.89913536e-04  2.89266323e-01  1.89913536e-04  3.99517288e-01  1.89913536e-04  1.94293789e-06  1.89913536e-04  1.61887342e-06  1.89913536e-04 -1.40211803e-07  1.89913536e-04  1.20000000e+00  1.89913536e-04  0.00000000e+00 
 1.90013536e-04  2.94936645e-01  1.90013536e-04  3.99543342e-01  1.90013536e-04  2.05191122e-06  1.90013536e-04 -3.25324670e-07  1.90013536e-04  1.86343011e-07  1.90013536e-04  1.20000000e+00  1.90013536e-04  0.00000000e+00 
 1.90113536e-04  3.00607012e-01  1.90113536e-04  3.99517432e-01  1.90113536e-04  1.94293862e-06  1.90113536e-04  1.61920363e-06  1.90113536e-04 -1.39939598e-07  1.90113536e-04  1.20000000e+00  1.90113536e-04  0.00000000e+00 
 1.90213536e-04  3.06277762e-01  1.90213536e-04  3.99543404e-01  1.90213536e-04  2.05191049e-06  1.90213536e-04 -3.24993443e-07  1.90213536e-04  1.86611271e-07  1.90213536e-04  1.20000000e+00  1.90213536e-04  0.00000000e+00 
 1.90313536e-04  3.11948487e-01  1.90313536e-04  3.99517639e-01  1.90313536e-04  1.94293935e-06  1.90313536e-04  1.61953301e-06  1.90313536e-04 -1.39668708e-07  1.90313536e-04  1.20000000e+00  1.90313536e-04  0.00000000e+00 
 1.90413536e-04  3.17619645e-01  1.90413536e-04  3.99543451e-01  1.90413536e-04  2.05190976e-06  1.90413536e-04 -3.24663542e-07  1.90413536e-04  1.86878177e-07  1.90413536e-04  1.20000000e+00  1.90413536e-04  0.00000000e+00 
 1.90513536e-04  3.23290695e-01  1.90513536e-04  3.99517913e-01  1.90513536e-04  1.94294008e-06  1.90513536e-04  1.61986167e-06  1.90513536e-04 -1.39399177e-07  1.90513536e-04  1.20000000e+00  1.90513536e-04  0.00000000e+00 
 1.90613536e-04  3.28962240e-01  1.90613536e-04  3.99543480e-01  1.90613536e-04  2.05190904e-06  1.90613536e-04 -3.24334743e-07  1.90613536e-04  1.87143692e-07  1.90613536e-04  1.20000000e+00  1.90613536e-04  0.00000000e+00 
 1.90713536e-04  3.34633583e-01  1.90713536e-04  3.99518258e-01  1.90713536e-04  1.94294080e-06  1.90713536e-04  1.62018969e-06  1.90713536e-04 -1.39131053e-07  1.90713536e-04  1.20000000e+00  1.90713536e-04  0.00000000e+00 
 1.90813536e-04  3.40305499e-01  1.90813536e-04  3.99543489e-01  1.90813536e-04  2.05190832e-06  1.90813536e-04 -3.24006818e-07  1.90813536e-04  1.87407777e-07  1.90813536e-04  1.20000000e+00  1.90813536e-04  0.00000000e+00 
 1.90913536e-04  3.45977109e-01  1.90913536e-04  3.99518671e-01  1.90913536e-04  1.94294151e-06  1.90913536e-04  1.62051719e-06  1.90913536e-04 -1.38864378e-07  1.90913536e-04  1.20000000e+00  1.90913536e-04  0.00000000e+00 
 1.91013536e-04  3.51649384e-01  1.91013536e-04  3.99543474e-01  1.91013536e-04  2.05190761e-06  1.91013536e-04 -3.23679518e-07  1.91013536e-04  1.87670398e-07  1.91013536e-04  1.20000000e+00  1.91013536e-04  0.00000000e+00 
 1.91113536e-04  3.57321245e-01  1.91113536e-04  3.99519150e-01  1.91113536e-04  1.94294222e-06  1.91113536e-04  1.62084433e-06  1.91113536e-04 -1.38599195e-07  1.91113536e-04  1.20000000e+00  1.91113536e-04  0.00000000e+00 
 1.91213536e-04  3.62993875e-01  1.91213536e-04  3.99543431e-01  1.91213536e-04  2.05190691e-06  1.91213536e-04 -3.23352569e-07  1.91213536e-04  1.87931523e-07  1.91213536e-04  1.20000000e+00  1.91213536e-04  0.00000000e+00 
 1.91313536e-04  3.68665982e-01  1.91313536e-04  3.99519685e-01  1.91313536e-04  1.94294292e-06  1.91313536e-04  1.62117131e-06  1.91313536e-04 -1.38335539e-07  1.91313536e-04  1.20000000e+00  1.91313536e-04  0.00000000e+00 
 1.91413536e-04  3.74338973e-01  1.91413536e-04  3.99543363e-01  1.91413536e-04  2.05190621e-06  1.91413536e-04 -3.23025660e-07  1.91413536e-04  1.88191125e-07  1.91413536e-04  1.20000000e+00  1.91413536e-04  0.00000000e+00 
 1.91513536e-04  3.80011333e-01  1.91513536e-04  3.99520266e-01  1.91513536e-04  1.94294361e-06  1.91513536e-04  1.62149837e-06  1.91513536e-04 -1.38073444e-07  1.91513536e-04  1.20000000e+00  1.91513536e-04  0.00000000e+00 
 1.91613536e-04  3.85684696e-01  1.91613536e-04  3.99543272e-01  1.91613536e-04  2.05190553e-06  1.91613536e-04 -3.22698445e-07  1.91613536e-04  1.88449182e-07  1.91613536e-04  1.20000000e+00  1.91613536e-04  0.00000000e+00 
 1.91713536e-04  3.91357327e-01  1.91713536e-04  3.99520881e-01  1.91713536e-04  1.94294428e-06  1.91713536e-04  1.62182579e-06  1.91713536e-04 -1.37812936e-07  1.91713536e-04  1.20000000e+00  1.91713536e-04  0.00000000e+00 
 1.91813536e-04  3.97031083e-01  1.91813536e-04  3.99543164e-01  1.91813536e-04  2.05190486e-06  1.91813536e-04 -3.22370531e-07  1.91813536e-04  1.88705672e-07  1.91813536e-04  1.20000000e+00  1.91813536e-04  0.00000000e+00 
 1.91913536e-04  4.02704014e-01  1.91913536e-04  3.99521516e-01  1.91913536e-04  1.94294495e-06  1.91913536e-04  1.62215394e-06  1.91913536e-04 -1.37554038e-07  1.91913536e-04  1.20000000e+00  1.91913536e-04  0.00000000e+00 
 1.92013536e-04  4.08378191e-01  1.92013536e-04  3.99543047e-01  1.92013536e-04  2.05190420e-06  1.92013536e-04 -3.22041484e-07  1.92013536e-04  1.88960581e-07  1.92013536e-04  1.20000000e+00  1.92013536e-04  0.00000000e+00 
 1.92113536e-04  4.14051459e-01  1.92113536e-04  3.99522161e-01  1.92113536e-04  1.94294561e-06  1.92113536e-04  1.62248323e-06  1.92113536e-04 -1.37296768e-07  1.92113536e-04  1.20000000e+00  1.92113536e-04  0.00000000e+00 
 1.92213536e-04  4.19726091e-01  1.92213536e-04  3.99542930e-01  1.92213536e-04  2.05190355e-06  1.92213536e-04 -3.21710817e-07  1.92213536e-04  1.89213895e-07  1.92213536e-04  1.20000000e+00  1.92213536e-04  0.00000000e+00 
 1.92313536e-04  4.25399741e-01  1.92313536e-04  3.99522806e-01  1.92313536e-04  1.94294625e-06  1.92313536e-04  1.62281412e-06  1.92313536e-04 -1.37041138e-07  1.92313536e-04  1.20000000e+00  1.92313536e-04  0.00000000e+00 
 1.92413536e-04  4.31074869e-01  1.92413536e-04  3.99542821e-01  1.92413536e-04  2.05190291e-06  1.92413536e-04 -3.21377995e-07  1.92413536e-04  1.89465606e-07  1.92413536e-04  1.20000000e+00  1.92413536e-04  0.00000000e+00 
 1.92513536e-04  4.36748951e-01  1.92513536e-04  3.99523444e-01  1.92513536e-04  1.94294688e-06  1.92513536e-04  1.62314716e-06  1.92513536e-04 -1.36787159e-07  1.92513536e-04  1.20000000e+00  1.92513536e-04  0.00000000e+00 
 1.92613536e-04  4.42424622e-01  1.92613536e-04  3.99542729e-01  1.92613536e-04  2.05190229e-06  1.92613536e-04 -3.21042421e-07  1.92613536e-04  1.89715707e-07  1.92613536e-04  1.20000000e+00  1.92613536e-04  0.00000000e+00 
 1.92713536e-04  4.48099194e-01  1.92713536e-04  3.99524071e-01  1.92713536e-04  1.94294750e-06  1.92713536e-04  1.62348295e-06  1.92713536e-04 -1.36534836e-07  1.92713536e-04  1.20000000e+00  1.92713536e-04  0.00000000e+00 
 1.92813536e-04  4.53775459e-01  1.92813536e-04  3.99542663e-01  1.92813536e-04  2.05190168e-06  1.92813536e-04 -3.20703438e-07  1.92813536e-04  1.89964192e-07  1.92813536e-04  1.20000000e+00  1.92813536e-04  0.00000000e+00 
 1.92913536e-04  4.59450584e-01  1.92913536e-04  3.99524683e-01  1.92913536e-04  1.94294811e-06  1.92913536e-04  1.62382216e-06  1.92913536e-04 -1.36284171e-07  1.92913536e-04  1.20000000e+00  1.92913536e-04  0.00000000e+00 
 1.93013536e-04  4.65127501e-01  1.93013536e-04  3.99542629e-01  1.93013536e-04  2.05190108e-06  1.93013536e-04 -3.20360317e-07  1.93013536e-04  1.90211062e-07  1.93013536e-04  1.20000000e+00  1.93013536e-04  0.00000000e+00 
 1.93113536e-04  4.70803249e-01  1.93113536e-04  3.99525281e-01  1.93113536e-04  1.94294870e-06  1.93113536e-04  1.62416557e-06  1.93113536e-04 -1.36035165e-07  1.93113536e-04  1.20000000e+00  1.93113536e-04  0.00000000e+00 
 1.93213536e-04  4.76480882e-01  1.93213536e-04  3.99542635e-01  1.93213536e-04  2.05190049e-06  1.93213536e-04 -3.20012255e-07  1.93213536e-04  1.90456315e-07  1.93213536e-04  1.20000000e+00  1.93213536e-04  0.00000000e+00 
 1.93313536e-04  4.82157326e-01  1.93313536e-04  3.99525866e-01  1.93313536e-04  1.94294928e-06  1.93313536e-04  1.62451398e-06  1.93313536e-04 -1.35787812e-07  1.93313536e-04  1.20000000e+00  1.93313536e-04  0.00000000e+00 
 1.93413536e-04  4.87835749e-01  1.93413536e-04  3.99542688e-01  1.93413536e-04  2.05189991e-06  1.93413536e-04 -3.19658370e-07  1.93413536e-04  1.90699955e-07  1.93413536e-04  1.20000000e+00  1.93413536e-04  0.00000000e+00 
 1.93513536e-04  4.93512971e-01  1.93513536e-04  3.99526443e-01  1.93513536e-04  1.94294986e-06  1.93513536e-04  1.62486833e-06  1.93513536e-04 -1.35542108e-07  1.93513536e-04  1.20000000e+00  1.93513536e-04  0.00000000e+00 
 1.93613536e-04  4.99192261e-01  1.93613536e-04  3.99542795e-01  1.93613536e-04  2.05189935e-06  1.93613536e-04 -3.19297689e-07  1.93613536e-04  1.90941986e-07  1.93613536e-04  1.20000000e+00  1.93613536e-04  0.00000000e+00 
 1.93713536e-04  5.04870349e-01  1.93713536e-04  3.99527015e-01  1.93713536e-04  1.94295042e-06  1.93713536e-04  1.62522962e-06  1.93713536e-04 -1.35298044e-07  1.93713536e-04  1.20000000e+00  1.93713536e-04  0.00000000e+00 
 1.93813536e-04  5.10550594e-01  1.93813536e-04  3.99542962e-01  1.93813536e-04  2.05189879e-06  1.93813536e-04 -3.18929166e-07  1.93813536e-04  1.91182413e-07  1.93813536e-04  1.20000000e+00  1.93813536e-04  0.00000000e+00 
 1.93913536e-04  5.16229646e-01  1.93913536e-04  3.99527589e-01  1.93913536e-04  1.94295097e-06  1.93913536e-04  1.62559893e-06  1.93913536e-04 -1.35055611e-07  1.93913536e-04  1.20000000e+00  1.93913536e-04  0.00000000e+00 
 1.94013536e-04  5.21910940e-01  1.94013536e-04  3.99543199e-01  1.94013536e-04  2.05189824e-06  1.94013536e-04 -3.18551674e-07  1.94013536e-04  1.91421244e-07  1.94013536e-04  1.20000000e+00  1.94013536e-04  0.00000000e+00 
 1.94113536e-04  5.27591059e-01  1.94113536e-04  3.99528175e-01  1.94113536e-04  1.94295151e-06  1.94113536e-04  1.62597740e-06  1.94113536e-04 -1.34814797e-07  1.94113536e-04  1.20000000e+00  1.94113536e-04  0.00000000e+00 
 1.94213536e-04  5.33273509e-01  1.94213536e-04  3.99543515e-01  1.94213536e-04  2.05189771e-06  1.94213536e-04 -3.18164047e-07  1.94213536e-04  1.91658488e-07  1.94213536e-04  1.20000000e+00  1.94213536e-04  0.00000000e+00 
 1.94313536e-04  5.38954808e-01  1.94313536e-04  3.99528781e-01  1.94313536e-04  1.94295205e-06  1.94313536e-04  1.62636621e-06  1.94313536e-04 -1.34575589e-07  1.94313536e-04  1.20000000e+00  1.94313536e-04  0.00000000e+00 
 1.94413536e-04  5.44638525e-01  1.94413536e-04  3.99543923e-01  1.94413536e-04  2.05189718e-06  1.94413536e-04 -3.17765107e-07  1.94413536e-04  1.91894157e-07  1.94413536e-04  1.20000000e+00  1.94413536e-04  0.00000000e+00 
 1.94513536e-04  5.50321127e-01  1.94513536e-04  3.99529421e-01  1.94513536e-04  1.94295258e-06  1.94513536e-04  1.62676652e-06  1.94513536e-04 -1.34337971e-07  1.94513536e-04  1.20000000e+00  1.94513536e-04  0.00000000e+00 
 1.94613536e-04  5.56006232e-01  1.94613536e-04  3.99544441e-01  1.94613536e-04  2.05189665e-06  1.94613536e-04 -3.17353727e-07  1.94613536e-04  1.92128260e-07  1.94613536e-04  1.20000000e+00  1.94613536e-04  0.00000000e+00 
 1.94713536e-04  5.61690263e-01  1.94713536e-04  3.99530109e-01  1.94713536e-04  1.94295310e-06  1.94713536e-04  1.62717938e-06  1.94713536e-04 -1.34101928e-07  1.94713536e-04  1.20000000e+00  1.94713536e-04  0.00000000e+00 
 1.94813536e-04  5.67376884e-01  1.94813536e-04  3.99545088e-01  1.94813536e-04  2.05189613e-06  1.94813536e-04 -3.16928931e-07  1.94813536e-04  1.92360811e-07  1.94813536e-04  1.20000000e+00  1.94813536e-04  0.00000000e+00 
 1.94913536e-04  5.73062476e-01  1.94913536e-04  3.99530867e-01  1.94913536e-04  1.94295362e-06  1.94913536e-04  1.62760569e-06  1.94913536e-04 -1.33867442e-07  1.94913536e-04  1.20000000e+00  1.94913536e-04  0.00000000e+00 
 1.95013536e-04  5.78750743e-01  1.95013536e-04  3.99545892e-01  1.95013536e-04  2.05189562e-06  1.95013536e-04 -3.16490009e-07  1.95013536e-04  1.92591823e-07  1.95013536e-04  1.20000000e+00  1.95013536e-04  0.00000000e+00 
 1.95113536e-04  5.84438030e-01  1.95113536e-04  3.99531716e-01  1.95113536e-04  1.94295413e-06  1.95113536e-04  1.62804596e-06  1.95113536e-04 -1.33634495e-07  1.95113536e-04  1.20000000e+00  1.95113536e-04  0.00000000e+00 
 1.95213536e-04  5.90128073e-01  1.95213536e-04  3.99546887e-01  1.95213536e-04  2.05189511e-06  1.95213536e-04 -3.16036670e-07  1.95213536e-04  1.92821309e-07  1.95213536e-04  1.20000000e+00  1.95213536e-04  0.00000000e+00 
 1.95313536e-04  5.95817185e-01  1.95313536e-04  3.99532685e-01  1.95313536e-04  1.94295464e-06  1.95313536e-04  1.62850029e-06  1.95313536e-04 -1.33403069e-07  1.95313536e-04  1.20000000e+00  1.95313536e-04  0.00000000e+00 
 1.95413536e-04  6.01509124e-01  1.95413536e-04  3.99548114e-01  1.95413536e-04  2.05189460e-06  1.95413536e-04 -3.15569194e-07  1.95413536e-04  1.93049282e-07  1.95413536e-04  1.20000000e+00  1.95413536e-04  0.00000000e+00 
 1.95513536e-04  6.07200180e-01  1.95513536e-04  3.99533805e-01  1.95513536e-04  1.94295515e-06  1.95513536e-04  1.62896813e-06  1.95513536e-04 -1.33173145e-07  1.95513536e-04  1.20000000e+00  1.95513536e-04  0.00000000e+00 
 1.95613536e-04  6.12894126e-01  1.95613536e-04  3.99549617e-01  1.95613536e-04  2.05189410e-06  1.95613536e-04 -3.15088526e-07  1.95613536e-04  1.93275756e-07  1.95613536e-04  1.20000000e+00  1.95613536e-04  0.00000000e+00 
 1.95713536e-04  6.18587228e-01  1.95713536e-04  3.99535107e-01  1.95713536e-04  1.94295565e-06  1.95713536e-04  1.62944829e-06  1.95713536e-04 -1.32944702e-07  1.95713536e-04  1.20000000e+00  1.95713536e-04  0.00000000e+00 
 1.95813536e-04  6.24283268e-01  1.95813536e-04  3.99551440e-01  1.95813536e-04  2.05189360e-06  1.95813536e-04 -3.14596284e-07  1.95813536e-04  1.93500741e-07  1.95813536e-04  1.20000000e+00  1.95813536e-04  0.00000000e+00 
 1.95913536e-04  6.29978499e-01  1.95913536e-04  3.99536616e-01  1.95913536e-04  1.94295616e-06  1.95913536e-04  1.62993906e-06  1.95913536e-04 -1.32717721e-07  1.95913536e-04  1.20000000e+00  1.95913536e-04  0.00000000e+00 
 1.96013536e-04  6.35676698e-01  1.96013536e-04  3.99553620e-01  1.96013536e-04  2.05189309e-06  1.96013536e-04 -3.14094547e-07  1.96013536e-04  1.93724250e-07  1.96013536e-04  1.20000000e+00  1.96013536e-04  0.00000000e+00 
 1.96113536e-04  6.41374114e-01  1.96113536e-04  3.99538349e-01  1.96113536e-04  1.94295667e-06  1.96113536e-04  1.63043846e-06  1.96113536e-04 -1.32492183e-07  1.96113536e-04  1.20000000e+00  1.96113536e-04  0.00000000e+00 
 1.96213536e-04  6.47074516e-01  1.96213536e-04  3.99556176e-01  1.96213536e-04  2.05189259e-06  1.96213536e-04 -3.13585441e-07  1.96213536e-04  1.93946292e-07  1.96213536e-04  1.20000000e+00  1.96213536e-04  0.00000000e+00 
 1.96313536e-04  6.52774153e-01  1.96313536e-04  3.99540304e-01  1.96313536e-04  1.94295718e-06  1.96313536e-04  1.63094481e-06  1.96313536e-04 -1.32268069e-07  1.96313536e-04  1.20000000e+00  1.96313536e-04  0.00000000e+00 
 1.96413536e-04  6.58476784e-01  1.96413536e-04  3.99559103e-01  1.96413536e-04  2.05189207e-06  1.96413536e-04 -3.13070512e-07  1.96413536e-04  1.94166875e-07  1.96413536e-04  1.20000000e+00  1.96413536e-04  0.00000000e+00 
 1.96513536e-04  6.64178671e-01  1.96513536e-04  3.99542464e-01  1.96513536e-04  1.94295770e-06  1.96513536e-04  1.63145740e-06  1.96513536e-04 -1.32045359e-07  1.96513536e-04  1.20000000e+00  1.96513536e-04  0.00000000e+00 
 1.96613536e-04  6.69883555e-01  1.96613536e-04  3.99562372e-01  1.96613536e-04  2.05189156e-06  1.96613536e-04 -3.12549957e-07  1.96613536e-04  1.94386010e-07  1.96613536e-04  1.20000000e+00  1.96613536e-04  0.00000000e+00 
 1.96713536e-04  6.75587726e-01  1.96713536e-04  3.99544793e-01  1.96713536e-04  1.94295823e-06  1.96713536e-04  1.63197732e-06  1.96713536e-04 -1.31824035e-07  1.96713536e-04  1.20000000e+00  1.96713536e-04  0.00000000e+00 
 1.96813536e-04  6.81294910e-01  1.96813536e-04  3.99565925e-01  1.96813536e-04  2.05189103e-06  1.96813536e-04 -3.12021862e-07  1.96813536e-04  1.94603706e-07  1.96813536e-04  1.20000000e+00  1.96813536e-04  0.00000000e+00 
 1.96913536e-04  6.87001431e-01  1.96913536e-04  3.99547247e-01  1.96913536e-04  1.94295876e-06  1.96913536e-04  1.63250811e-06  1.96913536e-04 -1.31604075e-07  1.96913536e-04  1.20000000e+00  1.96913536e-04  0.00000000e+00 
 1.97013536e-04  6.92711004e-01  1.97013536e-04  3.99569689e-01  1.97013536e-04  2.05189049e-06  1.97013536e-04 -3.11481523e-07  1.97013536e-04  1.94819975e-07  1.97013536e-04  1.20000000e+00  1.97013536e-04  0.00000000e+00 
 1.97113536e-04  6.98420003e-01  1.97113536e-04  3.99549776e-01  1.97113536e-04  1.94295931e-06  1.97113536e-04  1.63305639e-06  1.97113536e-04 -1.31385459e-07  1.97113536e-04  1.20000000e+00  1.97113536e-04  0.00000000e+00 
 1.97213536e-04  7.04132133e-01  1.97213536e-04  3.99573578e-01  1.97213536e-04  2.05188995e-06  1.97213536e-04 -3.10920904e-07  1.97213536e-04  1.95034832e-07  1.97213536e-04  1.20000000e+00  1.97213536e-04  0.00000000e+00 
 1.97313536e-04  7.09843827e-01  1.97313536e-04  3.99552332e-01  1.97313536e-04  1.94295987e-06  1.97313536e-04  1.63363238e-06  1.97313536e-04 -1.31168163e-07  1.97313536e-04  1.20000000e+00  1.97313536e-04  0.00000000e+00 
 1.97413536e-04  7.15558791e-01  1.97413536e-04  3.99577504e-01  1.97413536e-04  2.05188939e-06  1.97413536e-04 -3.10328217e-07  1.97413536e-04  1.95248299e-07  1.97413536e-04  1.20000000e+00  1.97413536e-04  0.00000000e+00 
 1.97513536e-04  7.21273527e-01  1.97513536e-04  3.99554870e-01  1.97513536e-04  1.94296045e-06  1.97513536e-04  1.63425020e-06  1.97513536e-04 -1.30952160e-07  1.97513536e-04  1.20000000e+00  1.97513536e-04  0.00000000e+00 
 1.97613536e-04  7.26991748e-01  1.97613536e-04  3.99581385e-01  1.97613536e-04  2.05188881e-06  1.97613536e-04 -3.09687515e-07  1.97613536e-04  1.95460401e-07  1.97613536e-04  1.20000000e+00  1.97613536e-04  0.00000000e+00 
 1.97713536e-04  7.32710037e-01  1.97713536e-04  3.99557355e-01  1.97713536e-04  1.94296103e-06  1.97713536e-04  1.63492840e-06  1.97713536e-04 -1.30737420e-07  1.97713536e-04  1.20000000e+00  1.97713536e-04  0.00000000e+00 
 1.97813536e-04  7.38432123e-01  1.97813536e-04  3.99585145e-01  1.97813536e-04  2.05188822e-06  1.97813536e-04 -3.08978127e-07  1.97813536e-04  1.95671172e-07  1.97813536e-04  1.20000000e+00  1.97813536e-04  0.00000000e+00 
 1.97913536e-04  7.44154683e-01  1.97913536e-04  3.99559760e-01  1.97913536e-04  1.94296164e-06  1.97913536e-04  1.63569063e-06  1.97913536e-04 -1.30523907e-07  1.97913536e-04  1.20000000e+00  1.97913536e-04  0.00000000e+00 
 1.98013536e-04  7.49881476e-01  1.98013536e-04  3.99588725e-01  1.98013536e-04  2.05188762e-06  1.98013536e-04 -3.08173767e-07  1.98013536e-04  1.95880657e-07  1.98013536e-04  1.20000000e+00  1.98013536e-04  0.00000000e+00 
 1.98113536e-04  7.55609285e-01  1.98113536e-04  3.99562069e-01  1.98113536e-04  1.94296225e-06  1.98113536e-04  1.63656675e-06  1.98113536e-04 -1.30311577e-07  1.98113536e-04  1.20000000e+00  1.98113536e-04  0.00000000e+00 
 1.98213536e-04  7.61341918e-01  1.98213536e-04  3.99592080e-01  1.98213536e-04  2.05188700e-06  1.98213536e-04 -3.07241102e-07  1.98213536e-04  1.96088908e-07  1.98213536e-04  1.20000000e+00  1.98213536e-04  0.00000000e+00 
 1.98313536e-04  7.67076279e-01  1.98313536e-04  3.99564272e-01  1.98313536e-04  1.94296289e-06  1.98313536e-04  1.63759461e-06  1.98313536e-04 -1.30100378e-07  1.98313536e-04  1.20000000e+00  1.98313536e-04  0.00000000e+00 
 1.98413536e-04  7.72816251e-01  1.98413536e-04  3.99595182e-01  1.98413536e-04  2.05188636e-06  1.98413536e-04 -3.06137534e-07  1.98413536e-04  1.96295993e-07  1.98413536e-04  1.20000000e+00  1.98413536e-04  0.00000000e+00 
 1.98513536e-04  7.78558886e-01  1.98513536e-04  3.99566370e-01  1.98513536e-04  1.94296353e-06  1.98513536e-04  1.63882272e-06  1.98513536e-04 -1.29890245e-07  1.98513536e-04  1.20000000e+00  1.98513536e-04  0.00000000e+00 
 1.98613536e-04  7.84308168e-01  1.98613536e-04  3.99598018e-01  1.98613536e-04  2.05188572e-06  1.98613536e-04 -3.04808021e-07  1.98613536e-04  1.96501991e-07  1.98613536e-04  1.20000000e+00  1.98613536e-04  0.00000000e+00 
 1.98713536e-04  7.90061331e-01  1.98713536e-04  3.99568371e-01  1.98713536e-04  1.94296419e-06  1.98713536e-04  1.64031398e-06  1.98713536e-04 -1.29681097e-07  1.98713536e-04  1.20000000e+00  1.98713536e-04  0.00000000e+00 
 1.98813536e-04  7.95822507e-01  1.98813536e-04  3.99600592e-01  1.98813536e-04  2.05188506e-06  1.98813536e-04 -3.03180634e-07  1.98813536e-04  1.96707005e-07  1.98813536e-04  1.20000000e+00  1.98813536e-04  0.00000000e+00 
 1.98913536e-04  8.01589155e-01  1.98913536e-04  3.99570289e-01  1.98913536e-04  1.94296485e-06  1.98913536e-04  1.64215085e-06  1.98913536e-04 -1.29472833e-07  1.98913536e-04  1.20000000e+00  1.98913536e-04  0.00000000e+00 
 1.99013536e-04  8.07365612e-01  1.99013536e-04  3.99602925e-01  1.99013536e-04  2.05188439e-06  1.99013536e-04 -3.01160485e-07  1.99013536e-04  1.96911161e-07  1.99013536e-04  1.20000000e+00  1.99013536e-04  0.00000000e+00 
 1.99113536e-04  8.13149627e-01  1.99113536e-04  3.99572147e-01  1.99113536e-04  1.94296553e-06  1.99113536e-04  1.64444243e-06  1.99113536e-04 -1.29265322e-07  1.99113536e-04  1.20000000e+00  1.99113536e-04  0.00000000e+00 
 1.99213536e-04  8.18945820e-01  1.99213536e-04  3.99605048e-01  1.99213536e-04  2.05188372e-06  1.99213536e-04 -2.98621571e-07  1.99213536e-04  1.97114616e-07  1.99213536e-04  1.20000000e+00  1.99213536e-04  0.00000000e+00 
 1.99313536e-04  8.24752315e-01  1.99313536e-04  3.99573973e-01  1.99313536e-04  1.94296621e-06  1.99313536e-04  1.64733394e-06  1.99313536e-04 -1.29058398e-07  1.99313536e-04  1.20000000e+00  1.99313536e-04  0.00000000e+00 
 1.99413536e-04  8.30574119e-01  1.99413536e-04  3.99607007e-01  1.99413536e-04  2.05188304e-06  1.99413536e-04 -2.95395799e-07  1.99413536e-04  1.97317570e-07  1.99413536e-04  1.20000000e+00  1.99413536e-04  0.00000000e+00 
 1.99513536e-04  8.36409849e-01  1.99513536e-04  3.99575801e-01  1.99513536e-04  1.94296689e-06  1.99513536e-04  1.65101942e-06  1.99513536e-04 -1.28851843e-07  1.99513536e-04  1.20000000e+00  1.99513536e-04  0.00000000e+00 
 1.99613536e-04  8.42265042e-01  1.99613536e-04  3.99608858e-01  1.99613536e-04  2.05188235e-06  1.99613536e-04 -2.91258194e-07  1.99613536e-04  1.97520282e-07  1.99613536e-04  1.20000000e+00  1.99613536e-04  0.00000000e+00 
 1.99713536e-04  8.48138963e-01  1.99713536e-04  3.99577672e-01  1.99713536e-04  1.94296758e-06  1.99713536e-04  1.65575909e-06  1.99713536e-04 -1.28645375e-07  1.99713536e-04  1.20000000e+00  1.99713536e-04  0.00000000e+00 
 1.99813536e-04  8.54037871e-01  1.99813536e-04  3.99610666e-01  1.99813536e-04  2.05188167e-06  1.99813536e-04 -2.85906723e-07  1.99813536e-04  1.97723083e-07  1.99813536e-04  1.20000000e+00  1.99813536e-04  0.00000000e+00 
 1.99913536e-04  8.59961900e-01  1.99913536e-04  3.99579637e-01  1.99913536e-04  1.94296827e-06  1.99913536e-04  1.66190315e-06  1.99913536e-04 -1.28438620e-07  1.99913536e-04  1.20000000e+00  1.99913536e-04  0.00000000e+00 
 2.00013536e-04  8.65918289e-01  2.00013536e-04  3.99612512e-01  2.00013536e-04  2.05188098e-06  2.00013536e-04 -2.78934300e-07  2.00013536e-04  1.97926407e-07  2.00013536e-04  1.20000000e+00  2.00013536e-04  0.00000000e+00 
 2.00113536e-04  8.71908339e-01  2.00113536e-04  3.99581760e-01  2.00113536e-04  1.94296895e-06  2.00113536e-04  1.66992503e-06  2.00113536e-04 -1.28231090e-07  2.00113536e-04  1.20000000e+00  2.00113536e-04  0.00000000e+00 
 2.00213536e-04  8.77942020e-01  2.00213536e-04  3.99614943e-01  2.00213536e-04  2.05188030e-06  2.00213536e-04 -2.69483281e-07  2.00213536e-04  1.98130593e-07  2.00213536e-04  1.20000000e+00  2.00213536e-04  0.00000000e+00 
 2.00313536e-04  8.84021044e-01  2.00313536e-04  3.99583934e-01  2.00313536e-04  1.94296964e-06  2.00313536e-04  1.68051631e-06  2.00313536e-04 -1.28022064e-07  2.00313536e-04  1.20000000e+00  2.00313536e-04  0.00000000e+00 
 2.00413536e-04  8.90155839e-01  2.00413536e-04  3.99617204e-01  2.00413536e-04  2.05187961e-06  2.00413536e-04 -2.57352900e-07  2.00413536e-04  1.98336886e-07  2.00413536e-04  1.20000000e+00  2.00413536e-04  0.00000000e+00 
 2.00513536e-04  8.96351599e-01  2.00513536e-04  3.99586754e-01  2.00513536e-04  1.94297032e-06  2.00513536e-04  1.69453715e-06  2.00513536e-04 -1.27810725e-07  2.00513536e-04  1.20000000e+00  2.00513536e-04  0.00000000e+00 
 2.00613536e-04  9.02621203e-01  2.00613536e-04  3.99619584e-01  2.00613536e-04  2.05187893e-06  2.00613536e-04 -2.41241761e-07  2.00613536e-04  1.98546053e-07  2.00613536e-04  1.20000000e+00  2.00613536e-04  0.00000000e+00 
 2.00713536e-04  9.08973020e-01  2.00713536e-04  3.99590335e-01  2.00713536e-04  1.94297100e-06  2.00713536e-04  1.71323424e-06  2.00713536e-04 -1.27595922e-07  2.00713536e-04  1.20000000e+00  2.00713536e-04  0.00000000e+00 
 2.00813536e-04  9.15423376e-01  2.00813536e-04  3.99622279e-01  2.00813536e-04  2.05187826e-06  2.00813536e-04 -2.19694222e-07  2.00813536e-04  1.98759473e-07  2.00813536e-04  1.20000000e+00  2.00813536e-04  0.00000000e+00 
 2.00913536e-04  9.21985149e-01  2.00913536e-04  3.99594885e-01  2.00913536e-04  1.94297167e-06  2.00913536e-04  1.73835998e-06  2.00913536e-04 -1.27376087e-07  2.00913536e-04  1.20000000e+00  2.00913536e-04  0.00000000e+00 
 2.01013536e-04  9.28679431e-01  2.01013536e-04  3.99625479e-01  2.01013536e-04  2.05187759e-06  2.01013536e-04 -1.90667467e-07  2.01013536e-04  1.98979013e-07  2.01013536e-04  1.20000000e+00  2.01013536e-04  0.00000000e+00 
 2.01113536e-04  9.35525658e-01  2.01113536e-04  3.99600734e-01  2.01113536e-04  1.94297232e-06  2.01113536e-04  1.77240621e-06  2.01113536e-04 -1.27149075e-07  2.01113536e-04  1.20000000e+00  2.01113536e-04  0.00000000e+00 
 2.01213536e-04  9.42551327e-01  2.01213536e-04  3.99629328e-01  2.01213536e-04  2.05187694e-06  2.01213536e-04 -1.51305541e-07  2.01213536e-04  1.99207230e-07  2.01213536e-04  1.20000000e+00  2.01213536e-04  0.00000000e+00 
 2.01313536e-04  9.49785523e-01  2.01313536e-04  3.99608383e-01  2.01313536e-04  1.94297295e-06  2.01313536e-04  1.81890424e-06  2.01313536e-04 -1.26911942e-07  2.01313536e-04  1.20000000e+00  2.01313536e-04  0.00000000e+00 
 2.01413536e-04  9.57263595e-01  2.01413536e-04  3.99633745e-01  2.01413536e-04  2.05187632e-06  2.01413536e-04 -9.77479828e-08  2.01413536e-04  1.99447639e-07  2.01413536e-04  1.20000000e+00  2.01413536e-04  0.00000000e+00 
 2.01513536e-04  9.65028767e-01  2.01513536e-04  3.99618534e-01  2.01513536e-04  1.94297355e-06  2.01513536e-04  1.88268912e-06  2.01513536e-04 -1.26660672e-07  2.01513536e-04  1.20000000e+00  2.01513536e-04  0.00000000e+00 
 2.01613536e-04  9.73123163e-01  2.01613536e-04  3.99637824e-01  2.01613536e-04  2.05187575e-06  2.01613536e-04 -2.53664767e-08  2.01613536e-04  1.99705011e-07  2.01613536e-04  1.20000000e+00  2.01613536e-04  0.00000000e+00 
 2.01713536e-04  9.81611970e-01  2.01713536e-04  3.99629800e-01  2.01713536e-04  1.94297409e-06  2.01713536e-04  1.97007255e-06  2.01713536e-04 -1.26390089e-07  2.01713536e-04  1.20000000e+00  2.01713536e-04  0.00000000e+00 
 2.01813536e-04  9.90548868e-01  2.01813536e-04  3.99644540e-01  2.01813536e-04  2.05187523e-06  2.01813536e-04  7.32199474e-08  2.01813536e-04  1.99985654e-07  2.01813536e-04  1.20000000e+00  2.01813536e-04  0.00000000e+00 
 2.01913536e-04  9.99967144e-01  2.01913536e-04  3.99632966e-01  2.01913536e-04  1.94297459e-06  2.01913536e-04  2.07687547e-06  2.01913536e-04 -1.26093329e-07  2.01913536e-04  1.20000000e+00  2.01913536e-04  0.00000000e+00 
 2.02013536e-04  1.00989350e+00  2.02013536e-04  3.99642886e-01  2.02013536e-04  2.05187475e-06  2.02013536e-04  1.85169363e-07  2.02013536e-04  2.00294347e-07  2.02013536e-04  1.20000000e+00  2.02013536e-04  0.00000000e+00 
 2.02113536e-04  1.02024958e+00  2.02113536e-04  3.99610790e-01  2.02113536e-04  1.94297509e-06  2.02113536e-04  2.17291551e-06  2.02113536e-04 -1.25768553e-07  2.02113536e-04  1.20000000e+00  2.02113536e-04  0.00000000e+00 
 2.02213536e-04  1.03077558e+00  2.02213536e-04  3.99592679e-01  2.02213536e-04  2.05187431e-06  2.02213536e-04  2.23991171e-07  2.02213536e-04  2.00624267e-07  2.02213536e-04  1.20000000e+00  2.02213536e-04  0.00000000e+00 
 2.02313536e-04  1.04093808e+00  2.02313536e-04  3.99516856e-01  2.02313536e-04  1.94297564e-06  2.02313536e-04  2.09612404e-06  2.02313536e-04 -1.25440598e-07  2.02313536e-04  1.20000000e+00  2.02313536e-04  0.00000000e+00 
 2.02413536e-04  1.05006496e+00  2.02413536e-04  3.99458406e-01  2.02413536e-04  2.05187409e-06  2.02413536e-04 -1.43662718e-09  2.02413536e-04  2.00925563e-07  2.02413536e-04  1.20000000e+00  2.02413536e-04  0.00000000e+00 
 2.02513536e-04  1.05763013e+00  2.02513536e-04  3.99031548e-01  2.02513536e-04  1.94297978e-06  2.02513536e-04  1.75446514e-06  2.02513536e-04 -1.25174279e-07  2.02513536e-04  1.20000000e+00  2.02513536e-04  0.00000000e+00 
 2.02613536e-04  1.06347536e+00  2.02613536e-04  3.99239002e-01  2.02613536e-04  2.05187123e-06  2.02613536e-04 -3.80879362e-07  2.02613536e-04  2.01121582e-07  2.02613536e-04  1.20000000e+00  2.02613536e-04  0.00000000e+00 
 2.02713536e-04  1.06779659e+00  2.02713536e-04  3.99556632e-01  2.02713536e-04  1.94297913e-06  2.02713536e-04  1.41756936e-06  2.02713536e-04 -1.25016149e-07  2.02713536e-04  1.20000000e+00  2.02713536e-04  0.00000000e+00 
 2.02813536e-04  1.07093282e+00  2.02813536e-04  3.99471566e-01  2.02813536e-04  2.05187065e-06  2.02813536e-04 -6.44057626e-07  2.02813536e-04  2.01244136e-07  2.02813536e-04  1.20000000e+00  2.02813536e-04  0.00000000e+00 
 2.02913536e-04  1.07319346e+00  2.02913536e-04  3.99541321e-01  2.02913536e-04  1.94297927e-06  2.02913536e-04  1.22353340e-06  2.02913536e-04 -1.24934797e-07  2.02913536e-04  1.20000000e+00  2.02913536e-04  0.00000000e+00 
 2.03013536e-04  1.07482248e+00  2.03013536e-04  3.99504439e-01  2.03013536e-04  2.05187050e-06  2.03013536e-04 -7.84716210e-07  2.03013536e-04  2.01305426e-07  2.03013536e-04  1.20000000e+00  2.03013536e-04  0.00000000e+00 
 2.03113536e-04  1.07599182e+00  2.03113536e-04  3.99537761e-01  2.03113536e-04  1.94297929e-06  2.03113536e-04  1.12185306e-06  2.03113536e-04 -1.24892172e-07  2.03113536e-04  1.20000000e+00  2.03113536e-04  0.00000000e+00 
 2.03213536e-04  1.07683216e+00  2.03213536e-04  3.99518593e-01  2.03213536e-04  2.05187045e-06  2.03213536e-04 -8.58188880e-07  2.03213536e-04  2.01336609e-07  2.03213536e-04  1.20000000e+00  2.03213536e-04  0.00000000e+00 
 2.03313536e-04  1.07743318e+00  2.03313536e-04  3.99534028e-01  2.03313536e-04  1.94297931e-06  2.03313536e-04  1.06910324e-06  2.03313536e-04 -1.24869840e-07  2.03313536e-04  1.20000000e+00  2.03313536e-04  0.00000000e+00 
 2.03413536e-04  1.07786530e+00  2.03413536e-04  3.99525496e-01  2.03413536e-04  2.05187040e-06  2.03413536e-04 -8.96112787e-07  2.03413536e-04  2.01352212e-07  2.03413536e-04  1.20000000e+00  2.03413536e-04  0.00000000e+00 
 2.03513536e-04  1.07817343e+00  2.03513536e-04  3.99531642e-01  2.03513536e-04  1.94297936e-06  2.03513536e-04  1.04197468e-06  2.03513536e-04 -1.24857960e-07  2.03513536e-04  1.20000000e+00  2.03513536e-04  0.00000000e+00 
 2.03613536e-04  1.07839554e+00  2.03613536e-04  3.99529393e-01  2.03613536e-04  2.05187031e-06  2.03613536e-04 -9.15635490e-07  2.03613536e-04  2.01359787e-07  2.03613536e-04  1.20000000e+00  2.03613536e-04  0.00000000e+00 
 2.03713536e-04  1.07855317e+00  2.03713536e-04  3.99529960e-01  2.03713536e-04  1.94297947e-06  2.03713536e-04  1.02806773e-06  2.03713536e-04 -1.24851421e-07  2.03713536e-04  1.20000000e+00  2.03713536e-04  0.00000000e+00 
 2.03813536e-04  1.07866744e+00  2.03813536e-04  3.99531743e-01  2.03813536e-04  2.05187018e-06  2.03813536e-04 -9.25681159e-07  2.03813536e-04  2.01363211e-07  2.03813536e-04  1.20000000e+00  2.03813536e-04  0.00000000e+00 
 2.03913536e-04  1.07874785e+00  2.03913536e-04  3.99528769e-01  2.03913536e-04  1.94297961e-06  2.03913536e-04  1.02095964e-06  2.03913536e-04 -1.24847598e-07  2.03913536e-04  1.20000000e+00  2.03913536e-04  0.00000000e+00 
 2.04013536e-04  1.07880682e+00  2.04013536e-04  3.99533214e-01  2.04013536e-04  2.05187001e-06  2.04013536e-04 -9.30858390e-07  2.04013536e-04  2.01364485e-07  2.04013536e-04  1.20000000e+00  2.04013536e-04  0.00000000e+00 
 2.04113536e-04  1.07884763e+00  2.04113536e-04  3.99527926e-01  2.04113536e-04  1.94297981e-06  2.04113536e-04  1.01734131e-06  2.04113536e-04 -1.24845149e-07  2.04113536e-04  1.20000000e+00  2.04113536e-04  0.00000000e+00 
 2.04213536e-04  1.07887824e+00  2.04213536e-04  3.99534164e-01  2.04213536e-04  2.05186980e-06  2.04213536e-04 -9.33537786e-07  2.04213536e-04  2.01364640e-07  2.04213536e-04  1.20000000e+00  2.04213536e-04  0.00000000e+00 
 2.04313536e-04  1.07889876e+00  2.04313536e-04  3.99527323e-01  2.04313536e-04  1.94298003e-06  2.04313536e-04  1.01551247e-06  2.04313536e-04 -1.24843391e-07  2.04313536e-04  1.20000000e+00  2.04313536e-04  0.00000000e+00 
 2.04413536e-04  1.07891484e+00  2.04413536e-04  3.99534797e-01  2.04413536e-04  2.05186956e-06  2.04413536e-04 -9.34936355e-07  2.04413536e-04  2.01364211e-07  2.04413536e-04  1.20000000e+00  2.04413536e-04  0.00000000e+00 
 2.04513536e-04  1.07892496e+00  2.04513536e-04  3.99526884e-01  2.04513536e-04  1.94298028e-06  2.04513536e-04  1.01460069e-06  2.04513536e-04 -1.24841976e-07  2.04513536e-04  1.20000000e+00  2.04513536e-04  0.00000000e+00 
 2.04613536e-04  1.07893359e+00  2.04613536e-04  3.99535236e-01  2.04613536e-04  2.05186930e-06  2.04613536e-04 -9.35678253e-07  2.04613536e-04  2.01363474e-07  2.04613536e-04  1.20000000e+00  2.04613536e-04  0.00000000e+00 
 2.04713536e-04  1.07893838e+00  2.04713536e-04  3.99526557e-01  2.04713536e-04  1.94298055e-06  2.04713536e-04  1.01415867e-06  2.04713536e-04 -1.24840731e-07  2.04713536e-04  1.20000000e+00  2.04713536e-04  0.00000000e+00 
 2.04813536e-04  1.07894320e+00  2.04813536e-04  3.99535554e-01  2.04813536e-04  2.05186902e-06  2.04813536e-04 -9.36083421e-07  2.04813536e-04  2.01362573e-07  2.04813536e-04  1.20000000e+00  2.04813536e-04  0.00000000e+00 
 2.04906773e-04  1.07894509e+00  2.04906773e-04  3.99526295e-01  2.04906773e-04  1.94298085e-06  2.04906773e-04  1.01396516e-06  2.04906773e-04 -1.24839531e-07  2.04906773e-04  1.20000000e+00  2.04906773e-04  0.00000000e+00 
 2.05000010e-04  1.07894788e+00  2.05000010e-04  3.99535812e-01  2.05000010e-04  2.05186870e-06  2.05000010e-04 -9.36310562e-07  2.05000010e-04  2.01361501e-07  2.05000010e-04  1.20000000e+00  2.05000010e-04  0.00000000e+00 
 2.05000011e-04  1.07893332e+00  2.05000011e-04  3.96910428e-01  2.05000011e-04  2.61344481e-06  2.05000011e-04 -1.10836813e-05  2.05000011e-04  1.94133656e-06  2.05000011e-04  1.08000001e+00  2.05000011e-04  0.00000000e+00 
 2.05000013e-04  1.07890072e+00  2.05000013e-04  3.91535712e-01  2.05000013e-04  2.68693838e-06  2.05000013e-04 -1.03561752e-05  2.05000013e-04  2.23174887e-06  2.05000013e-04  8.40000000e-01  2.05000013e-04  0.00000000e+00 
 2.05000016e-04  1.07883115e+00  2.05000016e-04  3.81767689e-01  2.05000016e-04  2.69130518e-06  2.05000016e-04 -5.56600050e-06  2.05000016e-04  2.14801630e-06  2.05000016e-04  4.20000001e-01  2.05000016e-04  0.00000000e+00 
 2.05000020e-04  1.07876332e+00  2.05000020e-04  3.74620939e-01  2.05000020e-04  2.35394752e-06  2.05000020e-04  2.77977449e-06  2.05000020e-04  1.13294947e-06  2.05000020e-04  0.00000000e+00  2.05000020e-04  0.00000000e+00 
 2.05000021e-04  1.07876198e+00  2.05000021e-04  3.75197863e-01  2.05000021e-04  1.82492331e-06  2.05000021e-04  7.81861275e-06  2.05000021e-04 -5.47260059e-07  2.05000021e-04  0.00000000e+00  2.05000021e-04  0.00000000e+00 
 2.05000022e-04  1.07876089e+00  2.05000022e-04  3.76412732e-01  2.05000022e-04  1.74602641e-06  2.05000022e-04  9.93698080e-06  2.05000022e-04 -9.08036964e-07  2.05000022e-04  0.00000000e+00  2.05000022e-04  0.00000000e+00 
 2.05000024e-04  1.07875978e+00  2.05000024e-04  3.78617037e-01  2.05000024e-04  1.85452723e-06  2.05000024e-04  8.47428054e-06  2.05000024e-04 -4.50631293e-07  2.05000024e-04  0.00000000e+00  2.05000024e-04  0.00000000e+00 
 2.05000029e-04  1.07875868e+00  2.05000029e-04  3.82281063e-01  2.05000029e-04  1.81462325e-06  2.05000029e-04  9.37151897e-06  2.05000029e-04 -6.32160510e-07  2.05000029e-04  0.00000000e+00  2.05000029e-04  0.00000000e+00 
 2.05000039e-04  1.07876174e+00  2.05000039e-04  3.88023799e-01  2.05000039e-04  1.91755267e-06  2.05000039e-04  6.11350541e-06  2.05000039e-04 -1.94015182e-07  2.05000039e-04  0.00000000e+00  2.05000039e-04  0.00000000e+00 
 2.05000059e-04  1.07877958e+00  2.05000059e-04  3.95887667e-01  2.05000059e-04  1.88807364e-06  2.05000059e-04  3.61538038e-06  2.05000059e-04 -3.31093433e-07  2.05000059e-04  0.00000000e+00  2.05000059e-04  0.00000000e+00 
 2.05000098e-04  1.07883920e+00  2.05000098e-04  4.04413270e-01  2.05000098e-04  1.98991313e-06  2.05000098e-04 -1.63163985e-06  2.05000098e-04  8.32766005e-08  2.05000098e-04  0.00000000e+00  2.05000098e-04  0.00000000e+00 
 2.05000176e-04  1.07899743e+00  2.05000176e-04  4.11696418e-01  2.05000176e-04  1.94163869e-06  2.05000176e-04 -3.45766164e-06  2.05000176e-04 -1.48281958e-07  2.05000176e-04  0.00000000e+00  2.05000176e-04  0.00000000e+00 
 2.05000292e-04  1.07920247e+00  2.05000292e-04  4.13842534e-01  2.05000292e-04  2.03296706e-06  2.05000292e-04 -6.63806118e-06  2.05000292e-04  1.92732574e-07  2.05000292e-04  0.00000000e+00  2.05000292e-04  0.00000000e+00 
 2.05000446e-04  1.07931628e+00  2.05000446e-04  4.08702698e-01  2.05000446e-04  1.97991802e-06  2.05000446e-04 -4.20216654e-06  2.05000446e-04 -6.71749106e-08  2.05000446e-04  0.00000000e+00  2.05000446e-04  0.00000000e+00 
 2.05000690e-04  1.07932517e+00  2.05000690e-04  3.98203893e-01  2.05000690e-04  2.04431833e-06  2.05000690e-04 -1.51173090e-06  2.05000690e-04  2.09988512e-07  2.05000690e-04  0.00000000e+00  2.05000690e-04  0.00000000e+00 
 2.05000990e-04  1.07932302e+00  2.05000990e-04  3.97915808e-01  2.05000990e-04  1.95410731e-06  2.05000990e-04  7.28872545e-07  2.05000990e-04 -1.30162633e-07  2.05000990e-04  0.00000000e+00  2.05000990e-04  0.00000000e+00 
 2.05001268e-04  1.07932264e+00  2.05001268e-04  3.98366302e-01  2.05001268e-04  2.03849369e-06  2.05001268e-04 -8.03047824e-07  2.05001268e-04  2.04634519e-07  2.05001268e-04  0.00000000e+00  2.05001268e-04  0.00000000e+00 
 2.05001823e-04  1.07931927e+00  2.05001823e-04  3.98658545e-01  2.05001823e-04  1.95579507e-06  2.05001823e-04  7.73130941e-07  2.05001823e-04 -1.28444480e-07  2.05001823e-04  0.00000000e+00  2.05001823e-04  0.00000000e+00 
 2.05002906e-04  1.07931372e+00  2.05002906e-04  3.99072454e-01  2.05002906e-04  2.03858639e-06  2.05002906e-04 -7.81134400e-07  2.05002906e-04  2.04504477e-07  2.05002906e-04  0.00000000e+00  2.05002906e-04  0.00000000e+00 
 2.05005019e-04  1.07930261e+00  2.05005019e-04  3.99252820e-01  2.05005019e-04  1.95616338e-06  2.05005019e-04  7.77979184e-07  2.05005019e-04 -1.28096934e-07  2.05005019e-04  0.00000000e+00  2.05005019e-04  0.00000000e+00 
 2.05009246e-04  1.07928227e+00  2.05009246e-04  3.99427712e-01  2.05009246e-04  2.03863666e-06  2.05009246e-04 -7.78513646e-07  2.05009246e-04  2.04545111e-07  2.05009246e-04  0.00000000e+00  2.05009246e-04  0.00000000e+00 
 2.05017699e-04  1.07924360e+00  2.05017699e-04  3.99491655e-01  2.05017699e-04  1.95621223e-06  2.05017699e-04  7.78283867e-07  2.05017699e-04 -1.28024867e-07  2.05017699e-04  0.00000000e+00  2.05017699e-04  0.00000000e+00 
 2.05034605e-04  1.07917423e+00  2.05034605e-04  3.99550583e-01  2.05034605e-04  2.03863565e-06  2.05034605e-04 -7.78154265e-07  2.05034605e-04  2.04548100e-07  2.05034605e-04  0.00000000e+00  2.05034605e-04  0.00000000e+00 
 2.05068417e-04  1.07904845e+00  2.05068417e-04  3.99515109e-01  2.05068417e-04  1.95621557e-06  2.05068417e-04  7.78288601e-07  2.05068417e-04 -1.28018140e-07  2.05068417e-04  0.00000000e+00  2.05068417e-04  0.00000000e+00 
 2.05136040e-04  1.07881139e+00  2.05136040e-04  3.99552081e-01  2.05136040e-04  2.03863335e-06  2.05136040e-04 -7.78122619e-07  2.05136040e-04  2.04538948e-07  2.05136040e-04  0.00000000e+00  2.05136040e-04  0.00000000e+00 
 2.05236040e-04  1.07846313e+00  2.05236040e-04  3.99515648e-01  2.05236040e-04  1.95621687e-06  2.05236040e-04  7.78300029e-07  2.05236040e-04 -1.28025125e-07  2.05236040e-04  0.00000000e+00  2.05236040e-04  0.00000000e+00 
 2.05336040e-04  1.07811498e+00  2.05336040e-04  3.99551822e-01  2.05336040e-04  2.03863230e-06  2.05336040e-04 -7.78092968e-07  2.05336040e-04  2.04526618e-07  2.05336040e-04  0.00000000e+00  2.05336040e-04  0.00000000e+00 
 2.05436040e-04  1.07776674e+00  2.05436040e-04  3.99516017e-01  2.05436040e-04  1.95621791e-06  2.05436040e-04  7.78315398e-07  2.05436040e-04 -1.28034250e-07  2.05436040e-04  0.00000000e+00  2.05436040e-04  0.00000000e+00 
 2.05536040e-04  1.07741902e+00  2.05536040e-04  3.99551653e-01  2.05536040e-04  2.03863125e-06  2.05536040e-04 -7.78063466e-07  2.05536040e-04  2.04514319e-07  2.05536040e-04  0.00000000e+00  2.05536040e-04  0.00000000e+00 
 2.05636040e-04  1.07707106e+00  2.05636040e-04  3.99516278e-01  2.05636040e-04  1.95621896e-06  2.05636040e-04  7.78329503e-07  2.05636040e-04 -1.28043390e-07  2.05636040e-04  0.00000000e+00  2.05636040e-04  0.00000000e+00 
 2.05736040e-04  1.07672368e+00  2.05736040e-04  3.99551574e-01  2.05736040e-04  2.03863021e-06  2.05736040e-04 -7.78033601e-07  2.05736040e-04  2.04502045e-07  2.05736040e-04  0.00000000e+00  2.05736040e-04  0.00000000e+00 
 2.05836040e-04  1.07637604e+00  2.05836040e-04  3.99516473e-01  2.05836040e-04  1.95622000e-06  2.05836040e-04  7.78342421e-07  2.05836040e-04 -1.28052538e-07  2.05836040e-04  0.00000000e+00  2.05836040e-04  0.00000000e+00 
 2.05936040e-04  1.07602897e+00  2.05936040e-04  3.99551552e-01  2.05936040e-04  2.03862918e-06  2.05936040e-04 -7.78003429e-07  2.05936040e-04  2.04489789e-07  2.05936040e-04  0.00000000e+00  2.05936040e-04  0.00000000e+00 
 2.06036040e-04  1.07568164e+00  2.06036040e-04  3.99516629e-01  2.06036040e-04  1.95622103e-06  2.06036040e-04  7.78354209e-07  2.06036040e-04 -1.28061692e-07  2.06036040e-04  0.00000000e+00  2.06036040e-04  0.00000000e+00 
 2.06136040e-04  1.07533489e+00  2.06136040e-04  3.99551566e-01  2.06136040e-04  2.03862815e-06  2.06136040e-04 -7.77972980e-07  2.06136040e-04  2.04477548e-07  2.06136040e-04  0.00000000e+00  2.06136040e-04  0.00000000e+00 
 2.06236040e-04  1.07498787e+00  2.06236040e-04  3.99516761e-01  2.06236040e-04  1.95622205e-06  2.06236040e-04  7.78364899e-07  2.06236040e-04 -1.28070847e-07  2.06236040e-04  0.00000000e+00  2.06236040e-04  0.00000000e+00 
 2.06336040e-04  1.07464142e+00  2.06336040e-04  3.99551605e-01  2.06336040e-04  2.03862713e-06  2.06336040e-04 -7.77942263e-07  2.06336040e-04  2.04465319e-07  2.06336040e-04  0.00000000e+00  2.06336040e-04  0.00000000e+00 
 2.06436040e-04  1.07429471e+00  2.06436040e-04  3.99516879e-01  2.06436040e-04  1.95622307e-06  2.06436040e-04  7.78374510e-07  2.06436040e-04 -1.28080002e-07  2.06436040e-04  0.00000000e+00  2.06436040e-04  0.00000000e+00 
 2.06536040e-04  1.07394857e+00  2.06536040e-04  3.99551661e-01  2.06536040e-04  2.03862611e-06  2.06536040e-04 -7.77911277e-07  2.06536040e-04  2.04453102e-07  2.06536040e-04  0.00000000e+00  2.06536040e-04  0.00000000e+00 
 2.06636040e-04  1.07360215e+00  2.06636040e-04  3.99516990e-01  2.06636040e-04  1.95622409e-06  2.06636040e-04  7.78383053e-07  2.06636040e-04 -1.28089157e-07  2.06636040e-04  0.00000000e+00  2.06636040e-04  0.00000000e+00 
 2.06736040e-04  1.07325631e+00  2.06736040e-04  3.99551729e-01  2.06736040e-04  2.03862509e-06  2.06736040e-04 -7.77880016e-07  2.06736040e-04  2.04440895e-07  2.06736040e-04  0.00000000e+00  2.06736040e-04  0.00000000e+00 
 2.06836040e-04  1.07291020e+00  2.06836040e-04  3.99517097e-01  2.06836040e-04  1.95622510e-06  2.06836040e-04  7.78390533e-07  2.06836040e-04 -1.28098310e-07  2.06836040e-04  0.00000000e+00  2.06836040e-04  0.00000000e+00 
 2.06936040e-04  1.07256465e+00  2.06936040e-04  3.99551807e-01  2.06936040e-04  2.03862408e-06  2.06936040e-04 -7.77848466e-07  2.06936040e-04  2.04428696e-07  2.06936040e-04  0.00000000e+00  2.06936040e-04  0.00000000e+00 
 2.07036040e-04  1.07221883e+00  2.07036040e-04  3.99517204e-01  2.07036040e-04  1.95622611e-06  2.07036040e-04  7.78396951e-07  2.07036040e-04 -1.28107461e-07  2.07036040e-04  0.00000000e+00  2.07036040e-04  0.00000000e+00 
 2.07136040e-04  1.07187357e+00  2.07136040e-04  3.99551892e-01  2.07136040e-04  2.03862308e-06  2.07136040e-04 -7.77816611e-07  2.07136040e-04  2.04416506e-07  2.07136040e-04  0.00000000e+00  2.07136040e-04  0.00000000e+00 
 2.07236040e-04  1.07152804e+00  2.07236040e-04  3.99517311e-01  2.07236040e-04  1.95622711e-06  2.07236040e-04  7.78402305e-07  2.07236040e-04 -1.28116610e-07  2.07236040e-04  0.00000000e+00  2.07236040e-04  0.00000000e+00 
 2.07336040e-04  1.07118306e+00  2.07336040e-04  3.99551985e-01  2.07336040e-04  2.03862208e-06  2.07336040e-04 -7.77784433e-07  2.07336040e-04  2.04404324e-07  2.07336040e-04  0.00000000e+00  2.07336040e-04  0.00000000e+00 
 2.07436040e-04  1.07083782e+00  2.07436040e-04  3.99517420e-01  2.07436040e-04  1.95622811e-06  2.07436040e-04  7.78406589e-07  2.07436040e-04 -1.28125756e-07  2.07436040e-04  0.00000000e+00  2.07436040e-04  0.00000000e+00 
 2.07536040e-04  1.07049313e+00  2.07536040e-04  3.99552084e-01  2.07536040e-04  2.03862108e-06  2.07536040e-04 -7.77751911e-07  2.07536040e-04  2.04392149e-07  2.07536040e-04  0.00000000e+00  2.07536040e-04  0.00000000e+00 
 2.07636040e-04  1.07014817e+00  2.07636040e-04  3.99517533e-01  2.07636040e-04  1.95622911e-06  2.07636040e-04  7.78409798e-07  2.07636040e-04 -1.28134898e-07  2.07636040e-04  0.00000000e+00  2.07636040e-04  0.00000000e+00 
 2.07736040e-04  1.06980376e+00  2.07736040e-04  3.99552189e-01  2.07736040e-04  2.03862008e-06  2.07736040e-04 -7.77719023e-07  2.07736040e-04  2.04379982e-07  2.07736040e-04  0.00000000e+00  2.07736040e-04  0.00000000e+00 
 2.07836040e-04  1.06945908e+00  2.07836040e-04  3.99517648e-01  2.07836040e-04  1.95623010e-06  2.07836040e-04  7.78411922e-07  2.07836040e-04 -1.28144038e-07  2.07836040e-04  0.00000000e+00  2.07836040e-04  0.00000000e+00 
 2.07936040e-04  1.06911494e+00  2.07936040e-04  3.99552301e-01  2.07936040e-04  2.03861909e-06  2.07936040e-04 -7.77685745e-07  2.07936040e-04  2.04367820e-07  2.07936040e-04  0.00000000e+00  2.07936040e-04  0.00000000e+00 
 2.08036040e-04  1.06877054e+00  2.08036040e-04  3.99517767e-01  2.08036040e-04  1.95623109e-06  2.08036040e-04  7.78412952e-07  2.08036040e-04 -1.28153175e-07  2.08036040e-04  0.00000000e+00  2.08036040e-04  0.00000000e+00 
 2.08136040e-04  1.06842667e+00  2.08136040e-04  3.99552420e-01  2.08136040e-04  2.03861811e-06  2.08136040e-04 -7.77652052e-07  2.08136040e-04  2.04355666e-07  2.08136040e-04  0.00000000e+00  2.08136040e-04  0.00000000e+00 
 2.08236040e-04  1.06808254e+00  2.08236040e-04  3.99517891e-01  2.08236040e-04  1.95623207e-06  2.08236040e-04  7.78412876e-07  2.08236040e-04 -1.28162308e-07  2.08236040e-04  0.00000000e+00  2.08236040e-04  0.00000000e+00 
 2.08336040e-04  1.06773894e+00  2.08336040e-04  3.99552547e-01  2.08336040e-04  2.03861712e-06  2.08336040e-04 -7.77617918e-07  2.08336040e-04  2.04343517e-07  2.08336040e-04  0.00000000e+00  2.08336040e-04  0.00000000e+00 
 2.08436040e-04  1.06739508e+00  2.08436040e-04  3.99518019e-01  2.08436040e-04  1.95623305e-06  2.08436040e-04  7.78411680e-07  2.08436040e-04 -1.28171438e-07  2.08436040e-04  0.00000000e+00  2.08436040e-04  0.00000000e+00 
 2.08536040e-04  1.06705175e+00  2.08536040e-04  3.99552681e-01  2.08536040e-04  2.03861614e-06  2.08536040e-04 -7.77583314e-07  2.08536040e-04  2.04331374e-07  2.08536040e-04  0.00000000e+00  2.08536040e-04  0.00000000e+00 
 2.08636040e-04  1.06670815e+00  2.08636040e-04  3.99518151e-01  2.08636040e-04  1.95623403e-06  2.08636040e-04  7.78409349e-07  2.08636040e-04 -1.28180564e-07  2.08636040e-04  0.00000000e+00  2.08636040e-04  0.00000000e+00 
 2.08736040e-04  1.06636508e+00  2.08736040e-04  3.99552824e-01  2.08736040e-04  2.03861516e-06  2.08736040e-04 -7.77548210e-07  2.08736040e-04  2.04319236e-07  2.08736040e-04  0.00000000e+00  2.08736040e-04  0.00000000e+00 
 2.08836040e-04  1.06602174e+00  2.08836040e-04  3.99518289e-01  2.08836040e-04  1.95623500e-06  2.08836040e-04  7.78405866e-07  2.08836040e-04 -1.28189687e-07  2.08836040e-04  0.00000000e+00  2.08836040e-04  0.00000000e+00 
 2.08936040e-04  1.06567893e+00  2.08936040e-04  3.99552976e-01  2.08936040e-04  2.03861419e-06  2.08936040e-04 -7.77512577e-07  2.08936040e-04  2.04307104e-07  2.08936040e-04  0.00000000e+00  2.08936040e-04  0.00000000e+00 
 2.09036040e-04  1.06533586e+00  2.09036040e-04  3.99518432e-01  2.09036040e-04  1.95623597e-06  2.09036040e-04  7.78401211e-07  2.09036040e-04 -1.28198806e-07  2.09036040e-04  0.00000000e+00  2.09036040e-04  0.00000000e+00 
 2.09136040e-04  1.06499330e+00  2.09136040e-04  3.99553137e-01  2.09136040e-04  2.03861322e-06  2.09136040e-04 -7.77476379e-07  2.09136040e-04  2.04294976e-07  2.09136040e-04  0.00000000e+00  2.09136040e-04  0.00000000e+00 
 2.09236040e-04  1.06465048e+00  2.09236040e-04  3.99518581e-01  2.09236040e-04  1.95623694e-06  2.09236040e-04  7.78395363e-07  2.09236040e-04 -1.28207922e-07  2.09236040e-04  0.00000000e+00  2.09236040e-04  0.00000000e+00 
 2.09336040e-04  1.06430818e+00  2.09336040e-04  3.99553309e-01  2.09336040e-04  2.03861226e-06  2.09336040e-04 -7.77439582e-07  2.09336040e-04  2.04282853e-07  2.09336040e-04  0.00000000e+00  2.09336040e-04  0.00000000e+00 
 2.09436040e-04  1.06396561e+00  2.09436040e-04  3.99518735e-01  2.09436040e-04  1.95623791e-06  2.09436040e-04  7.78388297e-07  2.09436040e-04 -1.28217033e-07  2.09436040e-04  0.00000000e+00  2.09436040e-04  0.00000000e+00 
 2.09536040e-04  1.06362355e+00  2.09536040e-04  3.99553493e-01  2.09536040e-04  2.03861129e-06  2.09536040e-04 -7.77402149e-07  2.09536040e-04  2.04270735e-07  2.09536040e-04  0.00000000e+00  2.09536040e-04  0.00000000e+00 
 2.09636040e-04  1.06328123e+00  2.09636040e-04  3.99518896e-01  2.09636040e-04  1.95623887e-06  2.09636040e-04  7.78379988e-07  2.09636040e-04 -1.28226140e-07  2.09636040e-04  0.00000000e+00  2.09636040e-04  0.00000000e+00 
 2.09736040e-04  1.06293942e+00  2.09736040e-04  3.99553688e-01  2.09736040e-04  2.03861033e-06  2.09736040e-04 -7.77364039e-07  2.09736040e-04  2.04258620e-07  2.09736040e-04  0.00000000e+00  2.09736040e-04  0.00000000e+00 
 2.09836040e-04  1.06259735e+00  2.09836040e-04  3.99519064e-01  2.09836040e-04  1.95623982e-06  2.09836040e-04  7.78370406e-07  2.09836040e-04 -1.28235243e-07  2.09836040e-04  0.00000000e+00  2.09836040e-04  0.00000000e+00 
 2.09936040e-04  1.06225579e+00  2.09936040e-04  3.99553897e-01  2.09936040e-04  2.03860938e-06  2.09936040e-04 -7.77325209e-07  2.09936040e-04  2.04246509e-07  2.09936040e-04  0.00000000e+00  2.09936040e-04  0.00000000e+00 
 2.10036040e-04  1.06191396e+00  2.10036040e-04  3.99519239e-01  2.10036040e-04  1.95624078e-06  2.10036040e-04  7.78359519e-07  2.10036040e-04 -1.28244342e-07  2.10036040e-04  0.00000000e+00  2.10036040e-04  0.00000000e+00 
 2.10136040e-04  1.06157263e+00  2.10136040e-04  3.99554120e-01  2.10136040e-04  2.03860842e-06  2.10136040e-04 -7.77285616e-07  2.10136040e-04  2.04234401e-07  2.10136040e-04  0.00000000e+00  2.10136040e-04  0.00000000e+00 
 2.10236040e-04  1.06123104e+00  2.10236040e-04  3.99519421e-01  2.10236040e-04  1.95624173e-06  2.10236040e-04  7.78347290e-07  2.10236040e-04 -1.28253436e-07  2.10236040e-04  0.00000000e+00  2.10236040e-04  0.00000000e+00 
 2.10336040e-04  1.06088996e+00  2.10336040e-04  3.99554358e-01  2.10336040e-04  2.03860747e-06  2.10336040e-04 -7.77245209e-07  2.10336040e-04  2.04222296e-07  2.10336040e-04  0.00000000e+00  2.10336040e-04  0.00000000e+00 
 2.10436040e-04  1.06054860e+00  2.10436040e-04  3.99519611e-01  2.10436040e-04  1.95624268e-06  2.10436040e-04  7.78333681e-07  2.10436040e-04 -1.28262525e-07  2.10436040e-04  0.00000000e+00  2.10436040e-04  0.00000000e+00 
 2.10536040e-04  1.06020775e+00  2.10536040e-04  3.99554612e-01  2.10536040e-04  2.03860653e-06  2.10536040e-04 -7.77203936e-07  2.10536040e-04  2.04210194e-07  2.10536040e-04  0.00000000e+00  2.10536040e-04  0.00000000e+00 
 2.10636040e-04  1.05986664e+00  2.10636040e-04  3.99519810e-01  2.10636040e-04  1.95624362e-06  2.10636040e-04  7.78318649e-07  2.10636040e-04 -1.28271610e-07  2.10636040e-04  0.00000000e+00  2.10636040e-04  0.00000000e+00 
 2.10736040e-04  1.05952602e+00  2.10736040e-04  3.99554883e-01  2.10736040e-04  2.03860558e-06  2.10736040e-04 -7.77161741e-07  2.10736040e-04  2.04198093e-07  2.10736040e-04  0.00000000e+00  2.10736040e-04  0.00000000e+00 
 2.10836040e-04  1.05918513e+00  2.10836040e-04  3.99520018e-01  2.10836040e-04  1.95624456e-06  2.10836040e-04  7.78302146e-07  2.10836040e-04 -1.28280689e-07  2.10836040e-04  0.00000000e+00  2.10836040e-04  0.00000000e+00 
 2.10936040e-04  1.05884474e+00  2.10936040e-04  3.99555173e-01  2.10936040e-04  2.03860464e-06  2.10936040e-04 -7.77118564e-07  2.10936040e-04  2.04185995e-07  2.10936040e-04  0.00000000e+00  2.10936040e-04  0.00000000e+00 
 2.11036040e-04  1.05850409e+00  2.11036040e-04  3.99520234e-01  2.11036040e-04  1.95624550e-06  2.11036040e-04  7.78284119e-07  2.11036040e-04 -1.28289763e-07  2.11036040e-04  0.00000000e+00  2.11036040e-04  0.00000000e+00 
 2.11136040e-04  1.05816393e+00  2.11136040e-04  3.99555482e-01  2.11136040e-04  2.03860370e-06  2.11136040e-04 -7.77074340e-07  2.11136040e-04  2.04173898e-07  2.11136040e-04  0.00000000e+00  2.11136040e-04  0.00000000e+00 
 2.11236040e-04  1.05782350e+00  2.11236040e-04  3.99520460e-01  2.11236040e-04  1.95624644e-06  2.11236040e-04  7.78264511e-07  2.11236040e-04 -1.28298831e-07  2.11236040e-04  0.00000000e+00  2.11236040e-04  0.00000000e+00 
 2.11336040e-04  1.05748356e+00  2.11336040e-04  3.99555811e-01  2.11336040e-04  2.03860276e-06  2.11336040e-04 -7.77028997e-07  2.11336040e-04  2.04161802e-07  2.11336040e-04  0.00000000e+00  2.11336040e-04  0.00000000e+00 
 2.11436040e-04  1.05714336e+00  2.11436040e-04  3.99520695e-01  2.11436040e-04  1.95624737e-06  2.11436040e-04  7.78243260e-07  2.11436040e-04 -1.28307892e-07  2.11436040e-04  0.00000000e+00  2.11436040e-04  0.00000000e+00 
 2.11536040e-04  1.05680364e+00  2.11536040e-04  3.99556162e-01  2.11536040e-04  2.03860183e-06  2.11536040e-04 -7.76982461e-07  2.11536040e-04  2.04149706e-07  2.11536040e-04  0.00000000e+00  2.11536040e-04  0.00000000e+00 
 2.11636040e-04  1.05646366e+00  2.11636040e-04  3.99520940e-01  2.11636040e-04  1.95624830e-06  2.11636040e-04  7.78220294e-07  2.11636040e-04 -1.28316948e-07  2.11636040e-04  0.00000000e+00  2.11636040e-04  0.00000000e+00 
 2.11736040e-04  1.05612417e+00  2.11736040e-04  3.99556535e-01  2.11736040e-04  2.03860090e-06  2.11736040e-04 -7.76934647e-07  2.11736040e-04  2.04137611e-07  2.11736040e-04  0.00000000e+00  2.11736040e-04  0.00000000e+00 
 2.11836040e-04  1.05578440e+00  2.11836040e-04  3.99521193e-01  2.11836040e-04  1.95624923e-06  2.11836040e-04  7.78195539e-07  2.11836040e-04 -1.28325997e-07  2.11836040e-04  0.00000000e+00  2.11836040e-04  0.00000000e+00 
 2.11936040e-04  1.05544512e+00  2.11936040e-04  3.99556932e-01  2.11936040e-04  2.03859997e-06  2.11936040e-04 -7.76885467e-07  2.11936040e-04  2.04125514e-07  2.11936040e-04  0.00000000e+00  2.11936040e-04  0.00000000e+00 
 2.12036040e-04  1.05510558e+00  2.12036040e-04  3.99521456e-01  2.12036040e-04  1.95625016e-06  2.12036040e-04  7.78168910e-07  2.12036040e-04 -1.28335038e-07  2.12036040e-04  0.00000000e+00  2.12036040e-04  0.00000000e+00 
 2.12136040e-04  1.05476652e+00  2.12136040e-04  3.99557351e-01  2.12136040e-04  2.03859904e-06  2.12136040e-04 -7.76834825e-07  2.12136040e-04  2.04113417e-07  2.12136040e-04  0.00000000e+00  2.12136040e-04  0.00000000e+00 
 2.12236040e-04  1.05442719e+00  2.12236040e-04  3.99521726e-01  2.12236040e-04  1.95625108e-06  2.12236040e-04  7.78140317e-07  2.12236040e-04 -1.28344072e-07  2.12236040e-04  0.00000000e+00  2.12236040e-04  0.00000000e+00 
 2.12336040e-04  1.05408834e+00  2.12336040e-04  3.99557794e-01  2.12336040e-04  2.03859812e-06  2.12336040e-04 -7.76782615e-07  2.12336040e-04  2.04101318e-07  2.12336040e-04  0.00000000e+00  2.12336040e-04  0.00000000e+00 
 2.12436040e-04  1.05374922e+00  2.12436040e-04  3.99522001e-01  2.12436040e-04  1.95625200e-06  2.12436040e-04  7.78109659e-07  2.12436040e-04 -1.28353098e-07  2.12436040e-04  0.00000000e+00  2.12436040e-04  0.00000000e+00 
 2.12536040e-04  1.05341058e+00  2.12536040e-04  3.99558260e-01  2.12536040e-04  2.03859720e-06  2.12536040e-04 -7.76728723e-07  2.12536040e-04  2.04089217e-07  2.12536040e-04  0.00000000e+00  2.12536040e-04  0.00000000e+00 
 2.12636040e-04  1.05307167e+00  2.12636040e-04  3.99522281e-01  2.12636040e-04  1.95625292e-06  2.12636040e-04  7.78076826e-07  2.12636040e-04 -1.28362115e-07  2.12636040e-04  0.00000000e+00  2.12636040e-04  0.00000000e+00 
 2.12736040e-04  1.05273324e+00  2.12736040e-04  3.99558746e-01  2.12736040e-04  2.03859628e-06  2.12736040e-04 -7.76673028e-07  2.12736040e-04  2.04077112e-07  2.12736040e-04  0.00000000e+00  2.12736040e-04  0.00000000e+00 
 2.12836040e-04  1.05239454e+00  2.12836040e-04  3.99522561e-01  2.12836040e-04  1.95625384e-06  2.12836040e-04  7.78041700e-07  2.12836040e-04 -1.28371124e-07  2.12836040e-04  0.00000000e+00  2.12836040e-04  0.00000000e+00 
 2.12936040e-04  1.05205631e+00  2.12936040e-04  3.99559252e-01  2.12936040e-04  2.03859536e-06  2.12936040e-04 -7.76615395e-07  2.12936040e-04  2.04065004e-07  2.12936040e-04  0.00000000e+00  2.12936040e-04  0.00000000e+00 
 2.13036040e-04  1.05171782e+00  2.13036040e-04  3.99522838e-01  2.13036040e-04  1.95625475e-06  2.13036040e-04  7.78004152e-07  2.13036040e-04 -1.28380122e-07  2.13036040e-04  0.00000000e+00  2.13036040e-04  0.00000000e+00 
 2.13136040e-04  1.05137980e+00  2.13136040e-04  3.99559775e-01  2.13136040e-04  2.03859444e-06  2.13136040e-04 -7.76555681e-07  2.13136040e-04  2.04052892e-07  2.13136040e-04  0.00000000e+00  2.13136040e-04  0.00000000e+00 
 2.13236040e-04  1.05104151e+00  2.13236040e-04  3.99523107e-01  2.13236040e-04  1.95625566e-06  2.13236040e-04  7.77964040e-07  2.13236040e-04 -1.28389110e-07  2.13236040e-04  0.00000000e+00  2.13236040e-04  0.00000000e+00 
 2.13336040e-04  1.05070369e+00  2.13336040e-04  3.99560309e-01  2.13336040e-04  2.03859353e-06  2.13336040e-04 -7.76493733e-07  2.13336040e-04  2.04040774e-07  2.13336040e-04  0.00000000e+00  2.13336040e-04  0.00000000e+00 
 2.13436040e-04  1.05036560e+00  2.13436040e-04  3.99523362e-01  2.13436040e-04  1.95625657e-06  2.13436040e-04  7.77921214e-07  2.13436040e-04 -1.28398087e-07  2.13436040e-04  0.00000000e+00  2.13436040e-04  0.00000000e+00 
 2.13536040e-04  1.05002798e+00  2.13536040e-04  3.99560851e-01  2.13536040e-04  2.03859262e-06  2.13536040e-04 -7.76429384e-07  2.13536040e-04  2.04028650e-07  2.13536040e-04  0.00000000e+00  2.13536040e-04  0.00000000e+00 
 2.13636040e-04  1.04969009e+00  2.13636040e-04  3.99523596e-01  2.13636040e-04  1.95625748e-06  2.13636040e-04  7.77875511e-07  2.13636040e-04 -1.28407052e-07  2.13636040e-04  0.00000000e+00  2.13636040e-04  0.00000000e+00 
 2.13736040e-04  1.04935267e+00  2.13736040e-04  3.99561394e-01  2.13736040e-04  2.03859171e-06  2.13736040e-04 -7.76362460e-07  2.13736040e-04  2.04016519e-07  2.13736040e-04  0.00000000e+00  2.13736040e-04  0.00000000e+00 
 2.13836040e-04  1.04901498e+00  2.13836040e-04  3.99523802e-01  2.13836040e-04  1.95625838e-06  2.13836040e-04  7.77826756e-07  2.13836040e-04 -1.28416004e-07  2.13836040e-04  0.00000000e+00  2.13836040e-04  0.00000000e+00 
 2.13936040e-04  1.04867775e+00  2.13936040e-04  3.99561932e-01  2.13936040e-04  2.03859080e-06  2.13936040e-04 -7.76292773e-07  2.13936040e-04  2.04004381e-07  2.13936040e-04  0.00000000e+00  2.13936040e-04  0.00000000e+00 
 2.14036040e-04  1.04834026e+00  2.14036040e-04  3.99523971e-01  2.14036040e-04  1.95625929e-06  2.14036040e-04  7.77774765e-07  2.14036040e-04 -1.28424943e-07  2.14036040e-04  0.00000000e+00  2.14036040e-04  0.00000000e+00 
 2.14136040e-04  1.04800322e+00  2.14136040e-04  3.99562457e-01  2.14136040e-04  2.03858990e-06  2.14136040e-04 -7.76220123e-07  2.14136040e-04  2.03992233e-07  2.14136040e-04  0.00000000e+00  2.14136040e-04  0.00000000e+00 
 2.14236040e-04  1.04766593e+00  2.14236040e-04  3.99524095e-01  2.14236040e-04  1.95626019e-06  2.14236040e-04  7.77719342e-07  2.14236040e-04 -1.28433868e-07  2.14236040e-04  0.00000000e+00  2.14236040e-04  0.00000000e+00 
 2.14336040e-04  1.04732908e+00  2.14336040e-04  3.99562963e-01  2.14336040e-04  2.03858899e-06  2.14336040e-04 -7.76144304e-07  2.14336040e-04  2.03980076e-07  2.14336040e-04  0.00000000e+00  2.14336040e-04  0.00000000e+00 
 2.14436040e-04  1.04699198e+00  2.14436040e-04  3.99524167e-01  2.14436040e-04  1.95626109e-06  2.14436040e-04  7.77660280e-07  2.14436040e-04 -1.28442778e-07  2.14436040e-04  0.00000000e+00  2.14436040e-04  0.00000000e+00 
 2.14536040e-04  1.04665532e+00  2.14536040e-04  3.99563444e-01  2.14536040e-04  2.03858809e-06  2.14536040e-04 -7.76065096e-07  2.14536040e-04  2.03967907e-07  2.14536040e-04  0.00000000e+00  2.14536040e-04  0.00000000e+00 
 2.14636040e-04  1.04631841e+00  2.14636040e-04  3.99524181e-01  2.14636040e-04  1.95626199e-06  2.14636040e-04  7.77597363e-07  2.14636040e-04 -1.28451673e-07  2.14636040e-04  0.00000000e+00  2.14636040e-04  0.00000000e+00 
 2.14736040e-04  1.04598194e+00  2.14736040e-04  3.99563893e-01  2.14736040e-04  2.03858719e-06  2.14736040e-04 -7.75982271e-07  2.14736040e-04  2.03955727e-07  2.14736040e-04  0.00000000e+00  2.14736040e-04  0.00000000e+00 
 2.14836040e-04  1.04564522e+00  2.14836040e-04  3.99524130e-01  2.14836040e-04  1.95626289e-06  2.14836040e-04  7.77530363e-07  2.14836040e-04 -1.28460550e-07  2.14836040e-04  0.00000000e+00  2.14836040e-04  0.00000000e+00 
 2.14918020e-04  1.04536956e+00  2.14918020e-04  3.99564309e-01  2.14918020e-04  2.03858619e-06  2.14918020e-04 -7.75887670e-07  2.14918020e-04  2.03944300e-07  2.14918020e-04  0.00000000e+00  2.14918020e-04  0.00000000e+00 
 2.15000000e-04  1.04509361e+00  2.15000000e-04  3.99523950e-01  2.15000000e-04  1.95626398e-06  2.15000000e-04  7.77439680e-07  2.15000000e-04 -1.28467143e-07  2.15000000e-04  0.00000000e+00  2.15000000e-04  0.00000000e+00 
 2.15000001e-04  1.04510081e+00  2.15000001e-04  4.01315672e-01  2.15000001e-04  1.67321312e-06  2.15000001e-04 -3.00946393e-06  2.15000001e-04  6.87874015e-05  2.15000001e-04  0.00000000e+00  2.15000001e-04  1.20000000e-01 
 2.15000003e-04  1.04512358e+00  2.15000003e-04  4.07682101e-01  2.15000003e-04  1.12320965e-06  2.15000003e-04 -7.92148441e-06  2.15000003e-04  1.81714200e-04  2.15000003e-04  0.00000000e+00  2.15000003e-04  3.59999999e-01 
 2.15000006e-04  1.04517333e+00  2.15000006e-04  4.19927621e-01  2.15000006e-04  1.32237545e-06  2.15000006e-04 -4.95664208e-06  2.15000006e-04  1.33588463e-04  2.15000006e-04  0.00000000e+00  2.15000006e-04  7.80000003e-01 
 2.15000010e-04  1.04521583e+00  2.15000010e-04  4.28204717e-01  2.15000010e-04  1.34286436e-06  2.15000010e-04 -5.18304214e-06  2.15000010e-04  1.37648589e-04  2.15000010e-04  0.00000000e+00  2.15000010e-04  1.20000000e+00 
 2.15000011e-04  1.04521414e+00  2.15000011e-04  4.28471473e-01  2.15000011e-04  1.78724605e-06  2.15000011e-04 -2.03860689e-06  2.15000011e-04  3.76975064e-05  2.15000011e-04  0.00000000e+00  2.15000011e-04  1.20000000e+00 
 2.15000012e-04  1.04520906e+00  2.15000012e-04  4.28764020e-01  2.15000012e-04  1.86668434e-06  2.15000012e-04 -1.46495045e-06  2.15000012e-04  1.89059318e-05  2.15000012e-04  0.00000000e+00  2.15000012e-04  1.20000000e+00 
 2.15000015e-04  1.04519855e+00  2.15000015e-04  4.29439558e-01  2.15000015e-04  1.78480382e-06  2.15000015e-04 -2.18281609e-06  2.15000015e-04  3.31499156e-05  2.15000015e-04  0.00000000e+00  2.15000015e-04  1.20000000e+00 
 2.15000020e-04  1.04517869e+00  2.15000020e-04  4.31094661e-01  2.15000020e-04  1.86627431e-06  2.15000020e-04 -1.72692851e-06  2.15000020e-04  1.69485574e-05  2.15000020e-04  0.00000000e+00  2.15000020e-04  1.20000000e+00 
 2.15000032e-04  1.04514142e+00  2.15000032e-04  4.34174676e-01  2.15000032e-04  1.83145507e-06  2.15000032e-04 -2.25581334e-06  2.15000032e-04  2.71857770e-05  2.15000032e-04  0.00000000e+00  2.15000032e-04  1.20000000e+00 
 2.15000054e-04  1.04507814e+00  2.15000054e-04  4.38602848e-01  2.15000054e-04  1.94852412e-06  2.15000054e-04 -1.60147572e-06  2.15000054e-04  8.69456587e-06  2.15000054e-04  0.00000000e+00  2.15000054e-04  1.20000000e+00 
 2.15000099e-04  1.04498534e+00  2.15000099e-04  4.42634282e-01  2.15000099e-04  1.92858400e-06  2.15000099e-04 -1.79109566e-06  2.15000099e-04  1.58898897e-05  2.15000099e-04  0.00000000e+00  2.15000099e-04  1.20000000e+00 
 2.15000188e-04  1.04487834e+00  2.15000188e-04  4.43343924e-01  2.15000188e-04  2.03122222e-06  2.15000188e-04 -6.58551087e-07  2.15000188e-04 -2.15506893e-06  2.15000188e-04  0.00000000e+00  2.15000188e-04  1.20000000e+00 
 2.15000368e-04  1.04478368e+00  2.15000368e-04  4.39678085e-01  2.15000368e-04  1.97398006e-06  2.15000368e-04 -4.65891763e-07  2.15000368e-04  8.44669382e-06  2.15000368e-04  0.00000000e+00  2.15000368e-04  1.20000000e+00 
 2.15000657e-04  1.04472427e+00  2.15000657e-04  4.35160735e-01  2.15000657e-04  2.03743691e-06  2.15000657e-04  3.75342563e-07  2.15000657e-04 -5.47626213e-06  2.15000657e-04  0.00000000e+00  2.15000657e-04  1.20000000e+00 
 2.15001136e-04  1.04467407e+00  2.15001136e-04  4.30023371e-01  2.15001136e-04  1.96913956e-06  2.15001136e-04 -1.31260354e-07  2.15001136e-04  7.37436343e-06  2.15001136e-04  0.00000000e+00  2.15001136e-04  1.20000000e+00 
 2.15001999e-04  1.04461089e+00  2.15001999e-04  4.23139717e-01  2.15001999e-04  2.03400705e-06  2.15001999e-04  3.40874328e-07  2.15001999e-04 -5.87680178e-06  2.15001999e-04  0.00000000e+00  2.15001999e-04  1.20000000e+00 
 2.15003725e-04  1.04450265e+00  2.15003725e-04  4.14628262e-01  2.15003725e-04  1.96545888e-06  2.15003725e-04 -2.15130226e-07  2.15003725e-04  7.17823974e-06  2.15003725e-04  0.00000000e+00  2.15003725e-04  1.20000000e+00 
 2.15007178e-04  1.04429973e+00  2.15007178e-04  4.06339220e-01  2.15007178e-04  2.03116328e-06  2.15007178e-04  2.76234822e-07  2.15007178e-04 -5.94745272e-06  2.15007178e-04  0.00000000e+00  2.15007178e-04  1.20000000e+00 
 2.15014083e-04  1.04389187e+00  2.15014083e-04  4.00785997e-01  2.15014083e-04  1.96384899e-06  2.15014083e-04 -2.54928283e-07  2.15014083e-04  7.19516867e-06  2.15014083e-04  0.00000000e+00  2.15014083e-04  1.20000000e+00 
 2.15027893e-04  1.04307589e+00  2.15027893e-04  3.99495658e-01  2.15027893e-04  2.03085339e-06  2.15027893e-04  2.58898461e-07  2.15027893e-04 -5.92880286e-06  2.15027893e-04  0.00000000e+00  2.15027893e-04  1.20000000e+00 
 2.15055514e-04  1.04146785e+00  2.15055514e-04  3.99711639e-01  2.15055514e-04  1.96398865e-06  2.15055514e-04 -2.57423883e-07  2.15055514e-04  7.19635919e-06  2.15055514e-04  0.00000000e+00  2.15055514e-04  1.20000000e+00 
 2.15109729e-04  1.03834342e+00  2.15109729e-04  3.99639989e-01  2.15109729e-04  2.03086294e-06  2.15109729e-04  2.59204955e-07  2.15109729e-04 -5.92860329e-06  2.15109729e-04  0.00000000e+00  2.15109729e-04  1.20000000e+00 
 2.15209729e-04  1.03259465e+00  2.15209729e-04  3.99714073e-01  2.15209729e-04  1.96398443e-06  2.15209729e-04 -2.57399548e-07  2.15209729e-04  7.19625956e-06  2.15209729e-04  0.00000000e+00  2.15209729e-04  1.20000000e+00 
 2.15309729e-04  1.02684597e+00  2.15309729e-04  3.99570673e-01  2.15309729e-04  2.03086638e-06  2.15309729e-04  2.59377068e-07  2.15309729e-04 -5.92867310e-06  2.15309729e-04  0.00000000e+00  2.15309729e-04  1.20000000e+00 
 2.15409729e-04  1.02109881e+00  2.15409729e-04  3.99628793e-01  2.15409729e-04  1.96398212e-06  2.15409729e-04 -2.57369621e-07  2.15409729e-04  7.19606584e-06  2.15409729e-04  0.00000000e+00  2.15409729e-04  1.20000000e+00 
 2.15509729e-04  1.01535213e+00  2.15509729e-04  3.99551555e-01  2.15509729e-04  2.03086879e-06  2.15509729e-04  2.59497195e-07  2.15509729e-04 -5.92866328e-06  2.15509729e-04  0.00000000e+00  2.15509729e-04  1.20000000e+00 
 2.15609729e-04  1.00960634e+00  2.15609729e-04  3.99546357e-01  2.15609729e-04  1.96398004e-06  2.15609729e-04 -2.57361842e-07  2.15609729e-04  7.19590272e-06  2.15609729e-04  0.00000000e+00  2.15609729e-04  1.20000000e+00 
 2.15709729e-04  1.00386114e+00  2.15709729e-04  3.99501256e-01  2.15709729e-04  2.03087075e-06  2.15709729e-04  2.59580948e-07  2.15709729e-04 -5.92866901e-06  2.15709729e-04  0.00000000e+00  2.15709729e-04  1.20000000e+00 
 2.15809729e-04  9.98116563e-01  2.15809729e-04  3.99524587e-01  2.15809729e-04  1.96397826e-06  2.15809729e-04 -2.57358765e-07  2.15809729e-04  7.19577087e-06  2.15809729e-04  0.00000000e+00  2.15809729e-04  1.20000000e+00 
 2.15909729e-04  9.92372480e-01  2.15909729e-04  3.99501757e-01  2.15909729e-04  2.03087241e-06  2.15909729e-04  2.59666733e-07  2.15909729e-04 -5.92865707e-06  2.15909729e-04  0.00000000e+00  2.15909729e-04  1.20000000e+00 
 2.16009729e-04  9.86628932e-01  2.16009729e-04  3.99514089e-01  2.16009729e-04  1.96397673e-06  2.16009729e-04 -2.57375384e-07  2.16009729e-04  7.19563872e-06  2.16009729e-04  0.00000000e+00  2.16009729e-04  1.20000000e+00 
 2.16109729e-04  9.80885859e-01  2.16109729e-04  3.99506020e-01  2.16109729e-04  2.03087382e-06  2.16109729e-04  2.59739740e-07  2.16109729e-04 -5.92865105e-06  2.16109729e-04  0.00000000e+00  2.16109729e-04  1.20000000e+00 
 2.16209729e-04  9.75143320e-01  2.16209729e-04  3.99504280e-01  2.16209729e-04  1.96397544e-06  2.16209729e-04 -2.57395404e-07  2.16209729e-04  7.19549409e-06  2.16209729e-04  0.00000000e+00  2.16209729e-04  1.20000000e+00 
 2.16309729e-04  9.69401364e-01  2.16309729e-04  3.99508915e-01  2.16309729e-04  2.03087500e-06  2.16309729e-04  2.59797440e-07  2.16309729e-04 -5.92866241e-06  2.16309729e-04  0.00000000e+00  2.16309729e-04  1.20000000e+00 
 2.16409729e-04  9.63659914e-01  2.16409729e-04  3.99499542e-01  2.16409729e-04  1.96397436e-06  2.16409729e-04 -2.57418466e-07  2.16409729e-04  7.19534191e-06  2.16409729e-04  0.00000000e+00  2.16409729e-04  1.20000000e+00 
 2.16509729e-04  9.57919160e-01  2.16509729e-04  3.99510351e-01  2.16509729e-04  2.03087600e-06  2.16509729e-04  2.59846736e-07  2.16509729e-04 -5.92869272e-06  2.16509729e-04  0.00000000e+00  2.16509729e-04  1.20000000e+00 
 2.16609729e-04  9.52178900e-01  2.16609729e-04  3.99496366e-01  2.16609729e-04  1.96397343e-06  2.16609729e-04 -2.57443589e-07  2.16609729e-04  7.19517993e-06  2.16609729e-04  0.00000000e+00  2.16609729e-04  1.20000000e+00 
 2.16709729e-04  9.46439469e-01  2.16709729e-04  3.99511307e-01  2.16709729e-04  2.03087686e-06  2.16709729e-04  2.59890327e-07  2.16709729e-04 -5.92874350e-06  2.16709729e-04  0.00000000e+00  2.16709729e-04  1.20000000e+00 
 2.16809729e-04  9.40700523e-01  2.16809729e-04  3.99494050e-01  2.16809729e-04  1.96397264e-06  2.16809729e-04 -2.57469695e-07  2.16809729e-04  7.19500745e-06  2.16809729e-04  0.00000000e+00  2.16809729e-04  1.20000000e+00 
 2.16909729e-04  9.34962549e-01  2.16909729e-04  3.99511956e-01  2.16909729e-04  2.03087761e-06  2.16909729e-04  2.59929274e-07  2.16909729e-04 -5.92881548e-06  2.16909729e-04  0.00000000e+00  2.16909729e-04  1.20000000e+00 
 2.17009729e-04  9.29225051e-01  2.17009729e-04  3.99492341e-01  2.17009729e-04  1.96397193e-06  2.17009729e-04 -2.57495590e-07  2.17009729e-04  7.19482416e-06  2.17009729e-04  0.00000000e+00  2.17009729e-04  1.20000000e+00 
 2.17109729e-04  9.23488673e-01  2.17109729e-04  3.99512359e-01  2.17109729e-04  2.03087828e-06  2.17109729e-04  2.59964133e-07  2.17109729e-04 -5.92890863e-06  2.17109729e-04  0.00000000e+00  2.17109729e-04  1.20000000e+00 
 2.17209729e-04  9.17752758e-01  2.17209729e-04  3.99491111e-01  2.17209729e-04  1.96397130e-06  2.17209729e-04 -2.57520418e-07  2.17209729e-04  7.19463021e-06  2.17209729e-04  0.00000000e+00  2.17209729e-04  1.20000000e+00 
 2.17309729e-04  9.12018107e-01  2.17309729e-04  3.99512556e-01  2.17309729e-04  2.03087887e-06  2.17309729e-04  2.59995292e-07  2.17309729e-04 -5.92902226e-06  2.17309729e-04  0.00000000e+00  2.17309729e-04  1.20000000e+00 
 2.17409729e-04  9.06283904e-01  2.17409729e-04  3.99490276e-01  2.17409729e-04  1.96397073e-06  2.17409729e-04 -2.57543657e-07  2.17409729e-04  7.19442604e-06  2.17409729e-04  0.00000000e+00  2.17409729e-04  1.20000000e+00 
 2.17509729e-04  9.00551103e-01  2.17509729e-04  3.99512582e-01  2.17509729e-04  2.03087943e-06  2.17509729e-04  2.60023079e-07  2.17509729e-04 -5.92915518e-06  2.17509729e-04  0.00000000e+00  2.17509729e-04  1.20000000e+00 
 2.17609729e-04  8.94818730e-01  2.17609729e-04  3.99489775e-01  2.17609729e-04  1.96397020e-06  2.17609729e-04 -2.57565034e-07  2.17609729e-04  7.19421235e-06  2.17609729e-04  0.00000000e+00  2.17609729e-04  1.20000000e+00 
 2.17709729e-04  8.89087885e-01  2.17709729e-04  3.99512476e-01  2.17709729e-04  2.03087994e-06  2.17709729e-04  2.60047803e-07  2.17709729e-04 -5.92930591e-06  2.17709729e-04  0.00000000e+00  2.17709729e-04  1.20000000e+00 
 2.17809729e-04  8.83357449e-01  2.17809729e-04  3.99489556e-01  2.17809729e-04  1.96396971e-06  2.17809729e-04 -2.57584459e-07  2.17809729e-04  7.19398992e-06  2.17809729e-04  0.00000000e+00  2.17809729e-04  1.20000000e+00 
 2.17909729e-04  8.77628655e-01  2.17909729e-04  3.99512271e-01  2.17909729e-04  2.03088043e-06  2.17909729e-04  2.60069762e-07  2.17909729e-04 -5.92947283e-06  2.17909729e-04  0.00000000e+00  2.17909729e-04  1.20000000e+00 
 2.18009729e-04  8.71900247e-01  2.18009729e-04  3.99489578e-01  2.18009729e-04  1.96396923e-06  2.18009729e-04 -2.57601957e-07  2.18009729e-04  7.19375953e-06  2.18009729e-04  0.00000000e+00  2.18009729e-04  1.20000000e+00 
 2.18109729e-04  8.66173584e-01  2.18109729e-04  3.99512002e-01  2.18109729e-04  2.03088089e-06  2.18109729e-04  2.60089247e-07  2.18109729e-04 -5.92965433e-06  2.18109729e-04  0.00000000e+00  2.18109729e-04  1.20000000e+00 
 2.18209729e-04  8.60447284e-01  2.18209729e-04  3.99489805e-01  2.18209729e-04  1.96396877e-06  2.18209729e-04 -2.57617632e-07  2.18209729e-04  7.19352191e-06  2.18209729e-04  0.00000000e+00  2.18209729e-04  1.20000000e+00 
 2.18309729e-04  8.54722821e-01  2.18309729e-04  3.99511700e-01  2.18309729e-04  2.03088135e-06  2.18309729e-04  2.60106536e-07  2.18309729e-04 -5.92984893e-06  2.18309729e-04  0.00000000e+00  2.18309729e-04  1.20000000e+00 
 2.18409729e-04  8.48998700e-01  2.18409729e-04  3.99490209e-01  2.18409729e-04  1.96396832e-06  2.18409729e-04 -2.57631625e-07  2.18409729e-04  7.19327769e-06  2.18409729e-04  0.00000000e+00  2.18409729e-04  1.20000000e+00 
 2.18509729e-04  8.43276497e-01  2.18509729e-04  3.99511396e-01  2.18509729e-04  2.03088180e-06  2.18509729e-04  2.60121895e-07  2.18509729e-04 -5.93005527e-06  2.18509729e-04  0.00000000e+00  2.18509729e-04  1.20000000e+00 
 2.18609729e-04  8.37554615e-01  2.18609729e-04  3.99490767e-01  2.18609729e-04  1.96396787e-06  2.18609729e-04 -2.57644102e-07  2.18609729e-04  7.19302741e-06  2.18609729e-04  0.00000000e+00  2.18609729e-04  1.20000000e+00 
 2.18709729e-04  8.31834724e-01  2.18709729e-04  3.99511117e-01  2.18709729e-04  2.03088225e-06  2.18709729e-04  2.60135568e-07  2.18709729e-04 -5.93027216e-06  2.18709729e-04  0.00000000e+00  2.18709729e-04  1.20000000e+00 
 2.18809729e-04  8.26115135e-01  2.18809729e-04  3.99491463e-01  2.18809729e-04  1.96396743e-06  2.18809729e-04 -2.57655231e-07  2.18809729e-04  7.19277150e-06  2.18809729e-04  0.00000000e+00  2.18809729e-04  1.20000000e+00 
 2.18909729e-04  8.20397602e-01  2.18909729e-04  3.99510891e-01  2.18909729e-04  2.03088269e-06  2.18909729e-04  2.60147779e-07  2.18909729e-04 -5.93049859e-06  2.18909729e-04  0.00000000e+00  2.18909729e-04  1.20000000e+00 
 2.19009729e-04  8.14680355e-01  2.19009729e-04  3.99492282e-01  2.19009729e-04  1.96396698e-06  2.19009729e-04 -2.57665180e-07  2.19009729e-04  7.19251031e-06  2.19009729e-04  0.00000000e+00  2.19009729e-04  1.20000000e+00 
 2.19109729e-04  8.08965222e-01  2.19109729e-04  3.99510743e-01  2.19109729e-04  2.03088314e-06  2.19109729e-04  2.60158729e-07  2.19109729e-04 -5.93073368e-06  2.19109729e-04  0.00000000e+00  2.19109729e-04  1.20000000e+00 
 2.19209729e-04  8.03250362e-01  2.19209729e-04  3.99493215e-01  2.19209729e-04  1.96396653e-06  2.19209729e-04 -2.57674101e-07  2.19209729e-04  7.19224409e-06  2.19209729e-04  0.00000000e+00  2.19209729e-04  1.20000000e+00 
 2.19309729e-04  7.97537670e-01  2.19309729e-04  3.99510694e-01  2.19309729e-04  2.03088360e-06  2.19309729e-04  2.60168598e-07  2.19309729e-04 -5.93097670e-06  2.19309729e-04  0.00000000e+00  2.19309729e-04  1.20000000e+00 
 2.19409729e-04  7.91825239e-01  2.19409729e-04  3.99494251e-01  2.19409729e-04  1.96396608e-06  2.19409729e-04 -2.57682134e-07  2.19409729e-04  7.19197303e-06  2.19409729e-04  0.00000000e+00  2.19409729e-04  1.20000000e+00 
 2.19509729e-04  7.86115025e-01  2.19509729e-04  3.99510763e-01  2.19509729e-04  2.03088405e-06  2.19509729e-04  2.60177540e-07  2.19509729e-04 -5.93122704e-06  2.19509729e-04  0.00000000e+00  2.19509729e-04  1.20000000e+00 
 2.19609729e-04  7.80405065e-01  2.19609729e-04  3.99495379e-01  2.19609729e-04  1.96396562e-06  2.19609729e-04 -2.57689403e-07  2.19609729e-04  7.19169728e-06  2.19609729e-04  0.00000000e+00  2.19609729e-04  1.20000000e+00 
 2.19709729e-04  7.74697366e-01  2.19709729e-04  3.99510960e-01  2.19709729e-04  2.03088452e-06  2.19709729e-04  2.60185688e-07  2.19709729e-04 -5.93148417e-06  2.19709729e-04  0.00000000e+00  2.19709729e-04  1.20000000e+00 
 2.19809729e-04  7.68989915e-01  2.19809729e-04  3.99496586e-01  2.19809729e-04  1.96396515e-06  2.19809729e-04 -2.57696013e-07  2.19809729e-04  7.19141691e-06  2.19809729e-04  0.00000000e+00  2.19809729e-04  1.20000000e+00 
 2.19909729e-04  7.63284768e-01  2.19909729e-04  3.99511290e-01  2.19909729e-04  2.03088499e-06  2.19909729e-04  2.60193153e-07  2.19909729e-04 -5.93174768e-06  2.19909729e-04  0.00000000e+00  2.19909729e-04  1.20000000e+00 
 2.20009729e-04  7.57579868e-01  2.20009729e-04  3.99497855e-01  2.20009729e-04  1.96396468e-06  2.20009729e-04 -2.57702053e-07  2.20009729e-04  7.19113198e-06  2.20009729e-04  0.00000000e+00  2.20009729e-04  1.20000000e+00 
 2.20109729e-04  7.51877310e-01  2.20109729e-04  3.99511751e-01  2.20109729e-04  2.03088547e-06  2.20109729e-04  2.60200027e-07  2.20109729e-04 -5.93201720e-06  2.20109729e-04  0.00000000e+00  2.20109729e-04  1.20000000e+00 
 2.20209729e-04  7.46174999e-01  2.20209729e-04  3.99499166e-01  2.20209729e-04  1.96396420e-06  2.20209729e-04 -2.57707594e-07  2.20209729e-04  7.19084251e-06  2.20209729e-04  0.00000000e+00  2.20209729e-04  1.20000000e+00 
 2.20309729e-04  7.40475068e-01  2.20309729e-04  3.99512334e-01  2.20309729e-04  2.03088595e-06  2.20309729e-04  2.60206383e-07  2.20309729e-04 -5.93229245e-06  2.20309729e-04  0.00000000e+00  2.20309729e-04  1.20000000e+00 
 2.20409729e-04  7.34775387e-01  2.20409729e-04  3.99500498e-01  2.20409729e-04  1.96396371e-06  2.20409729e-04 -2.57712696e-07  2.20409729e-04  7.19054850e-06  2.20409729e-04  0.00000000e+00  2.20409729e-04  1.20000000e+00 
 2.20509729e-04  7.29078124e-01  2.20509729e-04  3.99513024e-01  2.20509729e-04  2.03088644e-06  2.20509729e-04  2.60212282e-07  2.20509729e-04 -5.93257318e-06  2.20509729e-04  0.00000000e+00  2.20509729e-04  1.20000000e+00 
 2.20609729e-04  7.23381114e-01  2.20609729e-04  3.99501828e-01  2.20609729e-04  1.96396322e-06  2.20609729e-04 -2.57717403e-07  2.20609729e-04  7.19024993e-06  2.20609729e-04  0.00000000e+00  2.20609729e-04  1.20000000e+00 
 2.20709729e-04  7.17686558e-01  2.20709729e-04  3.99513801e-01  2.20709729e-04  2.03088694e-06  2.20709729e-04  2.60217768e-07  2.20709729e-04 -5.93285919e-06  2.20709729e-04  0.00000000e+00  2.20709729e-04  1.20000000e+00 
 2.20809729e-04  7.11992264e-01  2.20809729e-04  3.99503133e-01  2.20809729e-04  1.96396273e-06  2.20809729e-04 -2.57721751e-07  2.20809729e-04  7.18994678e-06  2.20809729e-04  0.00000000e+00  2.20809729e-04  1.20000000e+00 
 2.20909729e-04  7.06300458e-01  2.20909729e-04  3.99514645e-01  2.20909729e-04  2.03088744e-06  2.20909729e-04  2.60222877e-07  2.20909729e-04 -5.93315033e-06  2.20909729e-04  0.00000000e+00  2.20909729e-04  1.20000000e+00 
 2.21009729e-04  7.00608925e-01  2.21009729e-04  3.99504395e-01  2.21009729e-04  1.96396223e-06  2.21009729e-04 -2.57725767e-07  2.21009729e-04  7.18963902e-06  2.21009729e-04  0.00000000e+00  2.21009729e-04  1.20000000e+00 
 2.21109729e-04  6.94919914e-01  2.21109729e-04  3.99515534e-01  2.21109729e-04  2.03088794e-06  2.21109729e-04  2.60227637e-07  2.21109729e-04 -5.93344648e-06  2.21109729e-04  0.00000000e+00  2.21109729e-04  1.20000000e+00 
 2.21209729e-04  6.89231186e-01  2.21209729e-04  3.99505598e-01  2.21209729e-04  1.96396173e-06  2.21209729e-04 -2.57729472e-07  2.21209729e-04  7.18932660e-06  2.21209729e-04  0.00000000e+00  2.21209729e-04  1.20000000e+00 
 2.21309729e-04  6.83545017e-01  2.21309729e-04  3.99516446e-01  2.21309729e-04  2.03088844e-06  2.21309729e-04  2.60232068e-07  2.21309729e-04 -5.93374752e-06  2.21309729e-04  0.00000000e+00  2.21309729e-04  1.20000000e+00 
 2.21409729e-04  6.77859144e-01  2.21409729e-04  3.99506730e-01  2.21409729e-04  1.96396123e-06  2.21409729e-04 -2.57732882e-07  2.21409729e-04  7.18900951e-06  2.21409729e-04  0.00000000e+00  2.21409729e-04  1.20000000e+00 
 2.21509729e-04  6.72175863e-01  2.21509729e-04  3.99517364e-01  2.21509729e-04  2.03088895e-06  2.21509729e-04  2.60236190e-07  2.21509729e-04 -5.93405339e-06  2.21509729e-04  0.00000000e+00  2.21509729e-04  1.20000000e+00 
 2.21609729e-04  6.66492893e-01  2.21609729e-04  3.99507783e-01  2.21609729e-04  1.96396073e-06  2.21609729e-04 -2.57736012e-07  2.21609729e-04  7.18868770e-06  2.21609729e-04  0.00000000e+00  2.21609729e-04  1.20000000e+00 
 2.21709729e-04  6.60812550e-01  2.21709729e-04  3.99518271e-01  2.21709729e-04  2.03088945e-06  2.21709729e-04  2.60240016e-07  2.21709729e-04 -5.93436403e-06  2.21709729e-04  0.00000000e+00  2.21709729e-04  1.20000000e+00 
 2.21809729e-04  6.55132533e-01  2.21809729e-04  3.99508752e-01  2.21809729e-04  1.96396023e-06  2.21809729e-04 -2.57738874e-07  2.21809729e-04  7.18836116e-06  2.21809729e-04  0.00000000e+00  2.21809729e-04  1.20000000e+00 
 2.21909729e-04  6.49455177e-01  2.21909729e-04  3.99519153e-01  2.21909729e-04  2.03088995e-06  2.21909729e-04  2.60243560e-07  2.21909729e-04 -5.93467938e-06  2.21909729e-04  0.00000000e+00  2.21909729e-04  1.20000000e+00 
 2.22009729e-04  6.43778162e-01  2.22009729e-04  3.99509637e-01  2.22009729e-04  1.96395973e-06  2.22009729e-04 -2.57741479e-07  2.22009729e-04  7.18802985e-06  2.22009729e-04  0.00000000e+00  2.22009729e-04  1.20000000e+00 
 2.22109729e-04  6.38103842e-01  2.22109729e-04  3.99519998e-01  2.22109729e-04  2.03089045e-06  2.22109729e-04  2.60246835e-07  2.22109729e-04 -5.93499944e-06  2.22109729e-04  0.00000000e+00  2.22109729e-04  1.20000000e+00 
 2.22209729e-04  6.32429879e-01  2.22209729e-04  3.99510439e-01  2.22209729e-04  1.96395924e-06  2.22209729e-04 -2.57743840e-07  2.22209729e-04  7.18769377e-06  2.22209729e-04  0.00000000e+00  2.22209729e-04  1.20000000e+00 
 2.22309729e-04  6.26758642e-01  2.22309729e-04  3.99520799e-01  2.22309729e-04  2.03089094e-06  2.22309729e-04  2.60249854e-07  2.22309729e-04 -5.93532417e-06  2.22309729e-04  0.00000000e+00  2.22309729e-04  1.20000000e+00 
 2.22409729e-04  6.21087780e-01  2.22409729e-04  3.99511159e-01  2.22409729e-04  1.96395875e-06  2.22409729e-04 -2.57745967e-07  2.22409729e-04  7.18735289e-06  2.22409729e-04  0.00000000e+00  2.22409729e-04  1.20000000e+00 
 2.22509729e-04  6.15419676e-01  2.22509729e-04  3.99521550e-01  2.22509729e-04  2.03089143e-06  2.22509729e-04  2.60252629e-07  2.22509729e-04 -5.93565356e-06  2.22509729e-04  0.00000000e+00  2.22509729e-04  1.20000000e+00 
 2.22609729e-04  6.09751962e-01  2.22609729e-04  3.99511804e-01  2.22609729e-04  1.96395826e-06  2.22609729e-04 -2.57747873e-07  2.22609729e-04  7.18700720e-06  2.22609729e-04  0.00000000e+00  2.22609729e-04  1.20000000e+00 
 2.22709729e-04  6.04087039e-01  2.22709729e-04  3.99522248e-01  2.22709729e-04  2.03089192e-06  2.22709729e-04  2.60255174e-07  2.22709729e-04 -5.93598761e-06  2.22709729e-04  0.00000000e+00  2.22709729e-04  1.20000000e+00 
 2.22809729e-04  5.98422522e-01  2.22809729e-04  3.99512378e-01  2.22809729e-04  1.96395778e-06  2.22809729e-04 -2.57749568e-07  2.22809729e-04  7.18665669e-06  2.22809729e-04  0.00000000e+00  2.22809729e-04  1.20000000e+00 
 2.22909729e-04  5.92760826e-01  2.22909729e-04  3.99522890e-01  2.22909729e-04  2.03089240e-06  2.22909729e-04  2.60257500e-07  2.22909729e-04 -5.93632631e-06  2.22909729e-04  0.00000000e+00  2.22909729e-04  1.20000000e+00 
 2.23009729e-04  5.87099554e-01  2.23009729e-04  3.99512888e-01  2.23009729e-04  1.96395730e-06  2.23009729e-04 -2.57751066e-07  2.23009729e-04  7.18630136e-06  2.23009729e-04  0.00000000e+00  2.23009729e-04  1.20000000e+00 
 2.23109729e-04  5.81441133e-01  2.23109729e-04  3.99523479e-01  2.23109729e-04  2.03089288e-06  2.23109729e-04  2.60259621e-07  2.23109729e-04 -5.93666967e-06  2.23109729e-04  0.00000000e+00  2.23109729e-04  1.20000000e+00 
 2.23209729e-04  5.75783152e-01  2.23209729e-04  3.99513338e-01  2.23209729e-04  1.96395683e-06  2.23209729e-04 -2.57752379e-07  2.23209729e-04  7.18594121e-06  2.23209729e-04  0.00000000e+00  2.23209729e-04  1.20000000e+00 
 2.23309729e-04  5.70128053e-01  2.23309729e-04  3.99524015e-01  2.23309729e-04  2.03089335e-06  2.23309729e-04  2.60261550e-07  2.23309729e-04 -5.93701769e-06  2.23309729e-04  0.00000000e+00  2.23309729e-04  1.20000000e+00 
 2.23409729e-04  5.64473412e-01  2.23409729e-04  3.99513736e-01  2.23409729e-04  1.96395636e-06  2.23409729e-04 -2.57753517e-07  2.23409729e-04  7.18557624e-06  2.23409729e-04  0.00000000e+00  2.23409729e-04  1.20000000e+00 
 2.23509729e-04  5.58821682e-01  2.23509729e-04  3.99524501e-01  2.23509729e-04  2.03089381e-06  2.23509729e-04  2.60263299e-07  2.23509729e-04 -5.93737037e-06  2.23509729e-04  0.00000000e+00  2.23509729e-04  1.20000000e+00 
 2.23609729e-04  5.53170427e-01  2.23609729e-04  3.99514086e-01  2.23609729e-04  1.96395590e-06  2.23609729e-04 -2.57754494e-07  2.23609729e-04  7.18520643e-06  2.23609729e-04  0.00000000e+00  2.23609729e-04  1.20000000e+00 
 2.23709729e-04  5.47522114e-01  2.23709729e-04  3.99524940e-01  2.23709729e-04  2.03089427e-06  2.23709729e-04  2.60264880e-07  2.23709729e-04 -5.93772772e-06  2.23709729e-04  0.00000000e+00  2.23709729e-04  1.20000000e+00 
 2.23809729e-04  5.41874293e-01  2.23809729e-04  3.99514393e-01  2.23809729e-04  1.96395545e-06  2.23809729e-04 -2.57755318e-07  2.23809729e-04  7.18483179e-06  2.23809729e-04  0.00000000e+00  2.23809729e-04  1.20000000e+00 
 2.23909729e-04  5.36229444e-01  2.23909729e-04  3.99525335e-01  2.23909729e-04  2.03089473e-06  2.23909729e-04  2.60266303e-07  2.23909729e-04 -5.93808975e-06  2.23909729e-04  0.00000000e+00  2.23909729e-04  1.20000000e+00 
 2.24009729e-04  5.30585105e-01  2.24009729e-04  3.99514662e-01  2.24009729e-04  1.96395499e-06  2.24009729e-04 -2.57756001e-07  2.24009729e-04  7.18445230e-06  2.24009729e-04  0.00000000e+00  2.24009729e-04  1.20000000e+00 
 2.24109729e-04  5.24943767e-01  2.24109729e-04  3.99525691e-01  2.24109729e-04  2.03089518e-06  2.24109729e-04  2.60267580e-07  2.24109729e-04 -5.93845647e-06  2.24109729e-04  0.00000000e+00  2.24109729e-04  1.20000000e+00 
 2.24209729e-04  5.19302959e-01  2.24209729e-04  3.99514897e-01  2.24209729e-04  1.96395455e-06  2.24209729e-04 -2.57756552e-07  2.24209729e-04  7.18406796e-06  2.24209729e-04  0.00000000e+00  2.24209729e-04  1.20000000e+00 
 2.24309729e-04  5.13665181e-01  2.24309729e-04  3.99526010e-01  2.24309729e-04  2.03089562e-06  2.24309729e-04  2.60268719e-07  2.24309729e-04 -5.93882792e-06  2.24309729e-04  0.00000000e+00  2.24309729e-04  1.20000000e+00 
 2.24409729e-04  5.08027952e-01  2.24409729e-04  3.99515103e-01  2.24409729e-04  1.96395411e-06  2.24409729e-04 -2.57756981e-07  2.24409729e-04  7.18367872e-06  2.24409729e-04  0.00000000e+00  2.24409729e-04  1.20000000e+00 
 2.24509729e-04  5.02393783e-01  2.24509729e-04  3.99526297e-01  2.24509729e-04  2.03089606e-06  2.24509729e-04  2.60269731e-07  2.24509729e-04 -5.93920413e-06  2.24509729e-04  0.00000000e+00  2.24509729e-04  1.20000000e+00 
 2.24609729e-04  4.96760183e-01  2.24609729e-04  3.99515281e-01  2.24609729e-04  1.96395367e-06  2.24609729e-04 -2.57757295e-07  2.24609729e-04  7.18328453e-06  2.24609729e-04  0.00000000e+00  2.24609729e-04  1.20000000e+00 
 2.24709729e-04  4.91129672e-01  2.24709729e-04  3.99526554e-01  2.24709729e-04  2.03089649e-06  2.24709729e-04  2.60270624e-07  2.24709729e-04 -5.93958520e-06  2.24709729e-04  0.00000000e+00  2.24709729e-04  1.20000000e+00 
 2.24809729e-04  4.85499751e-01  2.24809729e-04  3.99515435e-01  2.24809729e-04  1.96395324e-06  2.24809729e-04 -2.57757502e-07  2.24809729e-04  7.18288527e-06  2.24809729e-04  0.00000000e+00  2.24809729e-04  1.20000000e+00 
 2.24909729e-04  4.79872951e-01  2.24909729e-04  3.99526785e-01  2.24909729e-04  2.03089692e-06  2.24909729e-04  2.60271405e-07  2.24909729e-04 -5.93997125e-06  2.24909729e-04  0.00000000e+00  2.24909729e-04  1.20000000e+00 
 2.25009729e-04  4.74246762e-01  2.25009729e-04  3.99515568e-01  2.25009729e-04  1.96395282e-06  2.25009729e-04 -2.57757609e-07  2.25009729e-04  7.18248077e-06  2.25009729e-04  0.00000000e+00  2.25009729e-04  1.20000000e+00 
 2.25109729e-04  4.68623725e-01  2.25109729e-04  3.99526992e-01  2.25109729e-04  2.03089734e-06  2.25109729e-04  2.60272081e-07  2.25109729e-04 -5.94036252e-06  2.25109729e-04  0.00000000e+00  2.25109729e-04  1.20000000e+00 
 2.25209729e-04  4.63001324e-01  2.25209729e-04  3.99515681e-01  2.25209729e-04  1.96395240e-06  2.25209729e-04 -2.57757622e-07  2.25209729e-04  7.18207074e-06  2.25209729e-04  0.00000000e+00  2.25209729e-04  1.20000000e+00 
 2.25309729e-04  4.57382107e-01  2.25309729e-04  3.99527177e-01  2.25309729e-04  2.03089776e-06  2.25309729e-04  2.60272659e-07  2.25309729e-04 -5.94075936e-06  2.25309729e-04  0.00000000e+00  2.25309729e-04  1.20000000e+00 
 2.25409729e-04  4.51763553e-01  2.25409729e-04  3.99515776e-01  2.25409729e-04  1.96395198e-06  2.25409729e-04 -2.57757548e-07  2.25409729e-04  7.18165473e-06  2.25409729e-04  0.00000000e+00  2.25409729e-04  1.20000000e+00 
 2.25509729e-04  4.46148218e-01  2.25509729e-04  3.99527343e-01  2.25509729e-04  2.03089817e-06  2.25509729e-04  2.60273145e-07  2.25509729e-04 -5.94116234e-06  2.25509729e-04  0.00000000e+00  2.25509729e-04  1.20000000e+00 
 2.25609729e-04  4.40533577e-01  2.25609729e-04  3.99515854e-01  2.25609729e-04  1.96395158e-06  2.25609729e-04 -2.57757391e-07  2.25609729e-04  7.18123200e-06  2.25609729e-04  0.00000000e+00  2.25609729e-04  1.20000000e+00 
 2.25709729e-04  4.34922194e-01  2.25709729e-04  3.99527489e-01  2.25709729e-04  2.03089858e-06  2.25709729e-04  2.60273544e-07  2.25709729e-04 -5.94157236e-06  2.25709729e-04  0.00000000e+00  2.25709729e-04  1.20000000e+00 
 2.25809729e-04  4.29311541e-01  2.25809729e-04  3.99515914e-01  2.25809729e-04  1.96395117e-06  2.25809729e-04 -2.57757156e-07  2.25809729e-04  7.18080142e-06  2.25809729e-04  0.00000000e+00  2.25809729e-04  1.20000000e+00 
 2.25909729e-04  4.23704193e-01  2.25909729e-04  3.99527617e-01  2.25909729e-04  2.03089898e-06  2.25909729e-04  2.60273860e-07  2.25909729e-04 -5.94199084e-06  2.25909729e-04  0.00000000e+00  2.25909729e-04  1.20000000e+00 
 2.26009729e-04  4.18097618e-01  2.26009729e-04  3.99515957e-01  2.26009729e-04  1.96395077e-06  2.26009729e-04 -2.57756847e-07  2.26009729e-04  7.18036120e-06  2.26009729e-04  0.00000000e+00  2.26009729e-04  1.20000000e+00 
 2.26109729e-04  4.12494404e-01  2.26109729e-04  3.99527726e-01  2.26109729e-04  2.03089938e-06  2.26109729e-04  2.60274098e-07  2.26109729e-04 -5.94241996e-06  2.26109729e-04  0.00000000e+00  2.26109729e-04  1.20000000e+00 
 2.26209729e-04  4.06892022e-01  2.26209729e-04  3.99515981e-01  2.26209729e-04  1.96395038e-06  2.26209729e-04 -2.57756468e-07  2.26209729e-04  7.17990855e-06  2.26209729e-04  0.00000000e+00  2.26209729e-04  1.20000000e+00 
 2.26309729e-04  4.01293072e-01  2.26309729e-04  3.99527816e-01  2.26309729e-04  2.03089977e-06  2.26309729e-04  2.60274262e-07  2.26309729e-04 -5.94286314e-06  2.26309729e-04  0.00000000e+00  2.26309729e-04  1.20000000e+00 
 2.26409729e-04  3.95695031e-01  2.26409729e-04  3.99515982e-01  2.26409729e-04  1.96394999e-06  2.26409729e-04 -2.57756021e-07  2.26409729e-04  7.17943923e-06  2.26409729e-04  0.00000000e+00  2.26409729e-04  1.20000000e+00 
 2.26509729e-04  3.90100518e-01  2.26509729e-04  3.99527882e-01  2.26509729e-04  2.03090016e-06  2.26509729e-04  2.60274354e-07  2.26509729e-04 -5.94332556e-06  2.26509729e-04  0.00000000e+00  2.26509729e-04  1.20000000e+00 
 2.26609729e-04  3.84507020e-01  2.26609729e-04  3.99515954e-01  2.26609729e-04  1.96394960e-06  2.26609729e-04 -2.57755509e-07  2.26609729e-04  7.17894675e-06  2.26609729e-04  0.00000000e+00  2.26609729e-04  1.20000000e+00 
 2.26709729e-04  3.78917183e-01  2.26709729e-04  3.99527920e-01  2.26709729e-04  2.03090055e-06  2.26709729e-04  2.60274377e-07  2.26709729e-04 -5.94381504e-06  2.26709729e-04  0.00000000e+00  2.26709729e-04  1.20000000e+00 
 2.26809729e-04  3.73328512e-01  2.26809729e-04  3.99515889e-01  2.26809729e-04  1.96394922e-06  2.26809729e-04 -2.57754933e-07  2.26809729e-04  7.17842151e-06  2.26809729e-04  0.00000000e+00  2.26809729e-04  1.20000000e+00 
 2.26909729e-04  3.67743685e-01  2.26909729e-04  3.99527923e-01  2.26909729e-04  2.03090093e-06  2.26909729e-04  2.60274331e-07  2.26909729e-04 -5.94434303e-06  2.26909729e-04  0.00000000e+00  2.26909729e-04  1.20000000e+00 
 2.27009729e-04  3.62160239e-01  2.27009729e-04  3.99515774e-01  2.27009729e-04  1.96394884e-06  2.27009729e-04 -2.57754291e-07  2.27009729e-04  7.17784962e-06  2.27009729e-04  0.00000000e+00  2.27009729e-04  1.20000000e+00 
 2.27109729e-04  3.56580895e-01  2.27109729e-04  3.99527880e-01  2.27109729e-04  2.03090130e-06  2.27109729e-04  2.60274216e-07  2.27109729e-04 -5.94492580e-06  2.27109729e-04  0.00000000e+00  2.27109729e-04  1.20000000e+00 
 2.27209729e-04  3.51003237e-01  2.27209729e-04  3.99515595e-01  2.27209729e-04  1.96394848e-06  2.27209729e-04 -2.57753583e-07  2.27209729e-04  7.17721174e-06  2.27209729e-04  0.00000000e+00  2.27209729e-04  1.20000000e+00 
 2.27309729e-04  3.45430039e-01  2.27309729e-04  3.99527780e-01  2.27309729e-04  2.03090167e-06  2.27309729e-04  2.60274029e-07  2.27309729e-04 -5.94558553e-06  2.27309729e-04  0.00000000e+00  2.27309729e-04  1.20000000e+00 
 2.27409729e-04  3.39858947e-01  2.27409729e-04  3.99515331e-01  2.27409729e-04  1.96394811e-06  2.27409729e-04 -2.57752805e-07  2.27409729e-04  7.17648205e-06  2.27409729e-04  0.00000000e+00  2.27409729e-04  1.20000000e+00 
 2.27509729e-04  3.34292807e-01  2.27509729e-04  3.99527609e-01  2.27509729e-04  2.03090204e-06  2.27509729e-04  2.60273765e-07  2.27509729e-04 -5.94635114e-06  2.27509729e-04  0.00000000e+00  2.27509729e-04  1.20000000e+00 
 2.27609729e-04  3.28729346e-01  2.27609729e-04  3.99514961e-01  2.27609729e-04  1.96394775e-06  2.27609729e-04 -2.57751948e-07  2.27609729e-04  7.17562769e-06  2.27609729e-04  0.00000000e+00  2.27609729e-04  1.20000000e+00 
 2.27709729e-04  3.23171490e-01  2.27709729e-04  3.99527351e-01  2.27709729e-04  2.03090240e-06  2.27709729e-04  2.60273416e-07  2.27709729e-04 -5.94725863e-06  2.27709729e-04  0.00000000e+00  2.27709729e-04  1.20000000e+00 
 2.27809729e-04  3.17617066e-01  2.27809729e-04  3.99514458e-01  2.27809729e-04  1.96394740e-06  2.27809729e-04 -2.57751004e-07  2.27809729e-04  7.17460870e-06  2.27809729e-04  0.00000000e+00  2.27809729e-04  1.20000000e+00 
 2.27909729e-04  3.12069097e-01  2.27909729e-04  3.99526992e-01  2.27909729e-04  2.03090275e-06  2.27909729e-04  2.60272971e-07  2.27909729e-04 -5.94835074e-06  2.27909729e-04  0.00000000e+00  2.27909729e-04  1.20000000e+00 
 2.28009729e-04  3.06525527e-01  2.28009729e-04  3.99513798e-01  2.28009729e-04  1.96394705e-06  2.28009729e-04 -2.57749959e-07  2.28009729e-04  7.17337859e-06  2.28009729e-04  0.00000000e+00  2.28009729e-04  1.20000000e+00 
 2.28109729e-04  3.00989480e-01  2.28109729e-04  3.99526519e-01  2.28109729e-04  2.03090310e-06  2.28109729e-04  2.60272414e-07  2.28109729e-04 -5.94967612e-06  2.28109729e-04  0.00000000e+00  2.28109729e-04  1.20000000e+00 
 2.28209729e-04  2.95459034e-01  2.28209729e-04  3.99512955e-01  2.28209729e-04  1.96394672e-06  2.28209729e-04 -2.57748795e-07  2.28209729e-04  7.17188566e-06  2.28209729e-04  0.00000000e+00  2.28209729e-04  1.20000000e+00 
 2.28309729e-04  2.89937422e-01  2.28309729e-04  3.99525920e-01  2.28309729e-04  2.03090345e-06  2.28309729e-04  2.60271725e-07  2.28309729e-04 -5.95128763e-06  2.28309729e-04  0.00000000e+00  2.28309729e-04  1.20000000e+00 
 2.28409729e-04  2.84422859e-01  2.28409729e-04  3.99511907e-01  2.28409729e-04  1.96394639e-06  2.28409729e-04 -2.57747491e-07  2.28409729e-04  7.17007514e-06  2.28409729e-04  0.00000000e+00  2.28409729e-04  1.20000000e+00 
 2.28509729e-04  2.78918688e-01  2.28509729e-04  3.99525190e-01  2.28509729e-04  2.03090378e-06  2.28509729e-04  2.60270879e-07  2.28509729e-04 -5.95323950e-06  2.28509729e-04  0.00000000e+00  2.28509729e-04  1.20000000e+00 
 2.28609729e-04  2.73423264e-01  2.28609729e-04  3.99510641e-01  2.28609729e-04  1.96394607e-06  2.28609729e-04 -2.57746023e-07  2.28609729e-04  7.16789273e-06  2.28609729e-04  0.00000000e+00  2.28609729e-04  1.20000000e+00 
 2.28709729e-04  2.67940021e-01  2.28709729e-04  3.99524333e-01  2.28709729e-04  2.03090411e-06  2.28709729e-04  2.60269849e-07  2.28709729e-04 -5.95558331e-06  2.28709729e-04  0.00000000e+00  2.28709729e-04  1.20000000e+00 
 2.28809729e-04  2.62467446e-01  2.28809729e-04  3.99509152e-01  2.28809729e-04  1.96394576e-06  2.28809729e-04 -2.57744361e-07  2.28809729e-04  7.16528933e-06  2.28809729e-04  0.00000000e+00  2.28809729e-04  1.20000000e+00 
 2.28909729e-04  2.57009040e-01  2.28909729e-04  3.99523362e-01  2.28909729e-04  2.03090442e-06  2.28909729e-04  2.60268604e-07  2.28909729e-04 -5.95836273e-06  2.28909729e-04  0.00000000e+00  2.28909729e-04  1.20000000e+00 
 2.29009729e-04  2.51563396e-01  2.29009729e-04  3.99507453e-01  2.29009729e-04  1.96394547e-06  2.29009729e-04 -2.57742478e-07  2.29009729e-04  7.16222657e-06  2.29009729e-04  0.00000000e+00  2.29009729e-04  1.20000000e+00 
 2.29109729e-04  2.46134046e-01  2.29109729e-04  3.99522306e-01  2.29109729e-04  2.03090473e-06  2.29109729e-04  2.60267113e-07  2.29109729e-04 -5.96160829e-06  2.29109729e-04  0.00000000e+00  2.29109729e-04  1.20000000e+00 
 2.29209729e-04  2.40719657e-01  2.29209729e-04  3.99505577e-01  2.29209729e-04  1.96394518e-06  2.29209729e-04 -2.57740343e-07  2.29209729e-04  7.15868153e-06  2.29209729e-04  0.00000000e+00  2.29209729e-04  1.20000000e+00 
 2.29309729e-04  2.35323750e-01  2.29309729e-04  3.99521204e-01  2.29309729e-04  2.03090502e-06  2.29309729e-04  2.60265346e-07  2.29309729e-04 -5.96533375e-06  2.29309729e-04  0.00000000e+00  2.29309729e-04  1.20000000e+00 
 2.29409729e-04  2.29945024e-01  2.29409729e-04  3.99503568e-01  2.29409729e-04  1.96394492e-06  2.29409729e-04 -2.57737931e-07  2.29409729e-04  7.15464893e-06  2.29409729e-04  0.00000000e+00  2.29409729e-04  1.20000000e+00 
 2.29509729e-04  2.24586952e-01  2.29509729e-04  3.99520101e-01  2.29509729e-04  2.03090529e-06  2.29509729e-04  2.60263277e-07  2.29509729e-04 -5.96953573e-06  2.29509729e-04  0.00000000e+00  2.29509729e-04  1.20000000e+00 
 2.29609729e-04  2.19248233e-01  2.29609729e-04  3.99501485e-01  2.29609729e-04  1.96394466e-06  2.29609729e-04 -2.57735221e-07  2.29609729e-04  7.15013957e-06  2.29609729e-04  0.00000000e+00  2.29609729e-04  1.20000000e+00 
 2.29709729e-04  2.13932261e-01  2.29709729e-04  3.99519042e-01  2.29709729e-04  2.03090555e-06  2.29709729e-04  2.60260890e-07  2.29709729e-04 -5.97419732e-06  2.29709729e-04  0.00000000e+00  2.29709729e-04  1.20000000e+00 
 2.29809729e-04  2.08637717e-01  2.29809729e-04  3.99499387e-01  2.29809729e-04  1.96394443e-06  2.29809729e-04 -2.57732200e-07  2.29809729e-04  7.14517490e-06  2.29809729e-04  0.00000000e+00  2.29809729e-04  1.20000000e+00 
 2.29909729e-04  2.03367908e-01  2.29909729e-04  3.99518067e-01  2.29909729e-04  2.03090578e-06  2.29909729e-04  2.60258176e-07  2.29909729e-04 -5.97929499e-06  2.29909729e-04  0.00000000e+00  2.29909729e-04  1.20000000e+00 
 2.30009729e-04  1.98121491e-01  2.30009729e-04  3.99497331e-01  2.30009729e-04  1.96394421e-06  2.30009729e-04 -2.57728863e-07  2.30009729e-04  7.13977894e-06  2.30009729e-04  0.00000000e+00  2.30009729e-04  1.20000000e+00 
 2.30109729e-04  1.92901699e-01  2.30109729e-04  3.99517204e-01  2.30109729e-04  2.03090600e-06  2.30109729e-04  2.60255137e-07  2.30109729e-04 -5.98480732e-06  2.30109729e-04  0.00000000e+00  2.30109729e-04  1.20000000e+00 
 2.30209729e-04  1.87707187e-01  2.30209729e-04  3.99495363e-01  2.30209729e-04  1.96394401e-06  2.30209729e-04 -2.57725218e-07  2.30209729e-04  7.13396911e-06  2.30209729e-04  0.00000000e+00  2.30209729e-04  1.20000000e+00 
 2.30309729e-04  1.82541144e-01  2.30309729e-04  3.99516471e-01  2.30309729e-04  2.03090620e-06  2.30309729e-04  2.60251787e-07  2.30309729e-04 -5.99072417e-06  2.30309729e-04  0.00000000e+00  2.30309729e-04  1.20000000e+00 
 2.30409729e-04  1.77402260e-01  2.30409729e-04  3.99493518e-01  2.30409729e-04  1.96394383e-06  2.30409729e-04 -2.57721281e-07  2.30409729e-04  7.12774707e-06  2.30409729e-04  0.00000000e+00  2.30409729e-04  1.20000000e+00 
 2.30509729e-04  1.72293737e-01  2.30509729e-04  3.99515877e-01  2.30509729e-04  2.03090638e-06  2.30509729e-04  2.60248146e-07  2.30509729e-04 -5.99705559e-06  2.30509729e-04  0.00000000e+00  2.30509729e-04  1.20000000e+00 
 2.30609729e-04  1.67214358e-01  2.30609729e-04  3.99491822e-01  2.30609729e-04  1.96394366e-06  2.30609729e-04 -2.57717075e-07  2.30609729e-04  7.12109013e-06  2.30609729e-04  0.00000000e+00  2.30609729e-04  1.20000000e+00 
 2.30709729e-04  1.62167407e-01  2.30709729e-04  3.99515424e-01  2.30709729e-04  2.03090653e-06  2.30709729e-04  2.60244242e-07  2.30709729e-04 -6.00383996e-06  2.30709729e-04  0.00000000e+00  2.30709729e-04  1.20000000e+00 
 2.30809729e-04  1.57151833e-01  2.30809729e-04  3.99490292e-01  2.30809729e-04  1.96394352e-06  2.30809729e-04 -2.57712631e-07  2.30809729e-04  7.11394343e-06  2.30809729e-04  0.00000000e+00  2.30809729e-04  1.20000000e+00 
 2.30909729e-04  1.52171092e-01  2.30909729e-04  3.99515110e-01  2.30909729e-04  2.03090667e-06  2.30909729e-04  2.60240108e-07  2.30909729e-04 -6.01115141e-06  2.30909729e-04  0.00000000e+00  2.30909729e-04  1.20000000e+00 
 2.31009729e-04  1.47224392e-01  2.31009729e-04  3.99488937e-01  2.31009729e-04  1.96394340e-06  2.31009729e-04 -2.57707981e-07  2.31009729e-04  7.10621307e-06  2.31009729e-04  0.00000000e+00  2.31009729e-04  1.20000000e+00 
 2.31109729e-04  1.42315456e-01  2.31109729e-04  3.99514935e-01  2.31109729e-04  2.03090678e-06  2.31109729e-04  2.60235775e-07  2.31109729e-04 -6.01910568e-06  2.31109729e-04  0.00000000e+00  2.31109729e-04  1.20000000e+00 
 2.31209729e-04  1.37443848e-01  2.31209729e-04  3.99487764e-01  2.31209729e-04  1.96394329e-06  2.31209729e-04 -2.57703159e-07  2.31209729e-04  7.09776142e-06  2.31209729e-04  0.00000000e+00  2.31209729e-04  1.20000000e+00 
 2.31309729e-04  1.32613668e-01  2.31309729e-04  3.99514898e-01  2.31309729e-04  2.03090688e-06  2.31309729e-04  2.60231279e-07  2.31309729e-04 -6.02786337e-06  2.31309729e-04  0.00000000e+00  2.31309729e-04  1.20000000e+00 
 2.31409729e-04  1.27824935e-01  2.31409729e-04  3.99486781e-01  2.31409729e-04  1.96394320e-06  2.31409729e-04 -2.57698200e-07  2.31409729e-04  7.08840595e-06  2.31409729e-04  0.00000000e+00  2.31409729e-04  1.20000000e+00 
 2.31509729e-04  1.23082218e-01  2.31509729e-04  3.99515002e-01  2.31509729e-04  2.03090695e-06  2.31509729e-04  2.60226651e-07  2.31509729e-04 -6.03762852e-06  2.31509729e-04  0.00000000e+00  2.31509729e-04  1.20000000e+00 
 2.31609729e-04  1.18386080e-01  2.31609729e-04  3.99485993e-01  2.31609729e-04  1.96394313e-06  2.31609729e-04 -2.57693136e-07  2.31609729e-04  7.07792354e-06  2.31609729e-04  0.00000000e+00  2.31609729e-04  1.20000000e+00 
 2.31709729e-04  1.13742635e-01  2.31709729e-04  3.99514938e-01  2.31709729e-04  2.03090701e-06  2.31709729e-04  2.60221998e-07  2.31709729e-04 -6.04885237e-06  2.31709729e-04  0.00000000e+00  2.31709729e-04  1.20000000e+00 
 2.31809729e-04  1.09153098e-01  2.31809729e-04  3.99485128e-01  2.31809729e-04  1.96394308e-06  2.31809729e-04 -2.57688087e-07  2.31809729e-04  7.06582715e-06  2.31809729e-04  0.00000000e+00  2.31809729e-04  1.20000000e+00 
 2.31909729e-04  1.04622249e-01  2.31909729e-04  3.99515416e-01  2.31909729e-04  2.03090705e-06  2.31909729e-04  2.60217212e-07  2.31909729e-04 -6.06140759e-06  2.31909729e-04  0.00000000e+00  2.31909729e-04  1.20000000e+00 
 2.32009729e-04  1.00151898e-01  2.32009729e-04  3.99484762e-01  2.32009729e-04  1.96394305e-06  2.32009729e-04 -2.57682910e-07  2.32009729e-04  7.05228716e-06  2.32009729e-04  0.00000000e+00  2.32009729e-04  1.20000000e+00 
 2.32109729e-04  9.57482836e-02  2.32109729e-04  3.99516045e-01  2.32109729e-04  2.03090707e-06  2.32109729e-04  2.60212365e-07  2.32109729e-04 -6.07572809e-06  2.32109729e-04  0.00000000e+00  2.32109729e-04  1.20000000e+00 
 2.32209729e-04  9.14137350e-02  2.32209729e-04  3.99484635e-01  2.32209729e-04  1.96394303e-06  2.32209729e-04 -2.57677701e-07  2.32209729e-04  7.03686013e-06  2.32209729e-04  0.00000000e+00  2.32209729e-04  1.20000000e+00 
 2.32309729e-04  8.71549792e-02  2.32309729e-04  3.99516844e-01  2.32309729e-04  2.03090707e-06  2.32309729e-04  2.60207483e-07  2.32309729e-04 -6.09204085e-06  2.32309729e-04  0.00000000e+00  2.32309729e-04  1.20000000e+00 
 2.32409729e-04  8.29747711e-02  2.32409729e-04  3.99484750e-01  2.32409729e-04  1.96394302e-06  2.32409729e-04 -2.57672484e-07  2.32409729e-04  7.01934519e-06  2.32409729e-04  0.00000000e+00  2.32409729e-04  1.20000000e+00 
 2.32509729e-04  7.88801629e-02  2.32509729e-04  3.99517829e-01  2.32509729e-04  2.03090706e-06  2.32509729e-04  2.60202588e-07  2.32509729e-04 -6.11051325e-06  2.32509729e-04  0.00000000e+00  2.32509729e-04  1.20000000e+00 
 2.32609729e-04  7.48741495e-02  2.32609729e-04  3.99485110e-01  2.32609729e-04  1.96394303e-06  2.32609729e-04 -2.57667279e-07  2.32609729e-04  6.99961663e-06  2.32609729e-04  0.00000000e+00  2.32609729e-04  1.20000000e+00 
 2.32709729e-04  7.09638852e-02  2.32709729e-04  3.99519009e-01  2.32709729e-04  2.03090704e-06  2.32709729e-04  2.60197695e-07  2.32709729e-04 -6.13122247e-06  2.32709729e-04  0.00000000e+00  2.32709729e-04  1.20000000e+00 
 2.32809729e-04  6.71523507e-02  2.32809729e-04  3.99485714e-01  2.32809729e-04  1.96394305e-06  2.32809729e-04 -2.57662100e-07  2.32809729e-04  6.97765325e-06  2.32809729e-04  0.00000000e+00  2.32809729e-04  1.20000000e+00 
 2.32909729e-04  6.34465232e-02  2.32909729e-04  3.99520384e-01  2.32909729e-04  2.03090699e-06  2.32909729e-04  2.60192817e-07  2.32909729e-04 -6.15412834e-06  2.32909729e-04  0.00000000e+00  2.32909729e-04  1.20000000e+00 
 2.33009729e-04  5.98490657e-02  2.33009729e-04  3.99486552e-01  2.33009729e-04  1.96394308e-06  2.33009729e-04 -2.57656960e-07  2.33009729e-04  6.95356197e-06  2.33009729e-04  0.00000000e+00  2.33009729e-04  1.20000000e+00 
 2.33109729e-04  5.63664638e-02  2.33109729e-04  3.99521945e-01  2.33109729e-04  2.03090694e-06  2.33109729e-04  2.60187966e-07  2.33109729e-04 -6.17905467e-06  2.33109729e-04  0.00000000e+00  2.33109729e-04  1.20000000e+00 
 2.33209729e-04  5.30007386e-02  2.33209729e-04  3.99487608e-01  2.33209729e-04  1.96394313e-06  2.33209729e-04 -2.57651870e-07  2.33209729e-04  6.92759040e-06  2.33209729e-04  0.00000000e+00  2.33209729e-04  1.20000000e+00 
 2.33309729e-04  4.97575667e-02  2.33309729e-04  3.99523673e-01  2.33309729e-04  2.03090687e-06  2.33309729e-04  2.60183150e-07  2.33309729e-04 -6.20568395e-06  2.33309729e-04  0.00000000e+00  2.33309729e-04  1.20000000e+00 
 2.33409729e-04  4.66380208e-02  2.33409729e-04  3.99488853e-01  2.33409729e-04  1.96394319e-06  2.33409729e-04 -2.57646835e-07  2.33409729e-04  6.90012379e-06  2.33409729e-04  0.00000000e+00  2.33409729e-04  1.20000000e+00 
 2.33509729e-04  4.36466898e-02  2.33509729e-04  3.99525536e-01  2.33509729e-04  2.03090679e-06  2.33509729e-04  2.60178377e-07  2.33509729e-04 -6.23356943e-06  2.33509729e-04  0.00000000e+00  2.33509729e-04  1.20000000e+00 
 2.33609729e-04  4.07834504e-02  2.33609729e-04  3.99490251e-01  2.33609729e-04  1.96394325e-06  2.33609729e-04 -2.57641865e-07  2.33609729e-04  6.87166362e-06  2.33609729e-04  0.00000000e+00  2.33609729e-04  1.20000000e+00 
 2.33709729e-04  3.80516051e-02  2.33709729e-04  3.99527496e-01  2.33709729e-04  2.03090669e-06  2.33709729e-04  2.60173654e-07  2.33709729e-04 -6.26216544e-06  2.33709729e-04  0.00000000e+00  2.33709729e-04  1.20000000e+00 
 2.33809729e-04  3.54480180e-02  2.33809729e-04  3.99491823e-01  2.33809729e-04  1.96394333e-06  2.33809729e-04 -2.57636976e-07  2.33809729e-04  6.84314495e-06  2.33809729e-04  0.00000000e+00  2.33809729e-04  1.20000000e+00 
 2.33909729e-04  3.29749391e-02  2.33909729e-04  3.99529556e-01  2.33909729e-04  2.03090658e-06  2.33909729e-04  2.60169002e-07  2.33909729e-04 -6.29057132e-06  2.33909729e-04  0.00000000e+00  2.33909729e-04  1.20000000e+00 
 2.34009729e-04  3.06312639e-02  2.34009729e-04  3.99493376e-01  2.34009729e-04  1.96394342e-06  2.34009729e-04 -2.57632152e-07  2.34009729e-04  6.81438395e-06  2.34009729e-04  0.00000000e+00  2.34009729e-04  1.20000000e+00 
 2.34109729e-04  2.84175080e-02  2.34109729e-04  3.99531565e-01  2.34109729e-04  2.03090646e-06  2.34109729e-04  2.60164399e-07  2.34109729e-04 -6.31886765e-06  2.34109729e-04  0.00000000e+00  2.34109729e-04  1.20000000e+00 
 2.34209729e-04  2.63295455e-02  2.34209729e-04  3.99494944e-01  2.34209729e-04  1.96394353e-06  2.34209729e-04 -2.57627408e-07  2.34209729e-04  6.78639943e-06  2.34209729e-04  0.00000000e+00  2.34209729e-04  1.20000000e+00 
 2.34309729e-04  2.43667245e-02  2.34309729e-04  3.99533535e-01  2.34309729e-04  2.03090634e-06  2.34309729e-04  2.60159861e-07  2.34309729e-04 -6.34611831e-06  2.34309729e-04  0.00000000e+00  2.34309729e-04  1.20000000e+00 
 2.34409729e-04  2.25237775e-02  2.34409729e-04  3.99496483e-01  2.34409729e-04  1.96394364e-06  2.34409729e-04 -2.57622745e-07  2.34409729e-04  6.75970830e-06  2.34409729e-04  0.00000000e+00  2.34409729e-04  1.20000000e+00 
 2.34509729e-04  2.07990685e-02  2.34509729e-04  3.99535427e-01  2.34509729e-04  2.03090620e-06  2.34509729e-04  2.60155389e-07  2.34509729e-04 -6.37185635e-06  2.34509729e-04  0.00000000e+00  2.34509729e-04  1.20000000e+00 
 2.34609729e-04  1.91864591e-02  2.34609729e-04  3.99497954e-01  2.34609729e-04  1.96394376e-06  2.34609729e-04 -2.57618163e-07  2.34609729e-04  6.73472165e-06  2.34609729e-04  0.00000000e+00  2.34609729e-04  1.20000000e+00 
 2.34709729e-04  1.76835980e-02  2.34709729e-04  3.99537208e-01  2.34709729e-04  2.03090606e-06  2.34709729e-04  2.60150983e-07  2.34709729e-04 -6.39573111e-06  2.34709729e-04  0.00000000e+00  2.34709729e-04  1.20000000e+00 
 2.34809729e-04  1.62837600e-02  2.34809729e-04  3.99499330e-01  2.34809729e-04  1.96394388e-06  2.34809729e-04 -2.57613662e-07  2.34809729e-04  6.71172811e-06  2.34809729e-04  0.00000000e+00  2.34809729e-04  1.20000000e+00 
 2.34909729e-04  1.49841608e-02  2.34909729e-04  3.99538858e-01  2.34909729e-04  2.03090590e-06  2.34909729e-04  2.60146644e-07  2.34909729e-04 -6.41751634e-06  2.34909729e-04  0.00000000e+00  2.34909729e-04  1.20000000e+00 
 2.35000010e-04  1.38911232e-02  2.35000010e-04  3.99500515e-01  2.35000010e-04  1.96394403e-06  2.35000010e-04 -2.57609011e-07  2.35000010e-04  6.69182833e-06  2.35000010e-04  0.00000000e+00  2.35000010e-04  1.20000000e+00 
 2.35000011e-04  1.38532797e-02  2.35000011e-04  3.93365225e-01  2.35000011e-04  3.11120685e-06  2.35000011e-04  9.42884362e-06  2.35000011e-04 -2.18568358e-04  2.35000011e-04  0.00000000e+00  2.35000011e-04  1.08000000e+00 
 2.35000013e-04  1.37665502e-02  2.35000013e-04  3.79430001e-01  2.35000013e-04  3.42915507e-06  2.35000013e-04  1.19500611e-05  2.35000013e-04 -2.82108160e-04  2.35000013e-04  0.00000000e+00  2.35000013e-04  8.40000000e-01 
 2.35000016e-04  1.36140346e-02  2.35000016e-04  3.56134858e-01  2.35000016e-04  3.23227652e-06  2.35000016e-04  8.33544553e-06  2.35000016e-04 -2.29014419e-04  2.35000016e-04  0.00000000e+00  2.35000016e-04  4.20000001e-01 
 2.35000020e-04  1.35052352e-02  2.35000020e-04  3.36901518e-01  2.35000020e-04  3.43666525e-06  2.35000020e-04  8.26415502e-06  2.35000020e-04 -2.49094533e-04  2.35000020e-04  0.00000000e+00  2.35000020e-04  3.16866000e-09 
 2.35000021e-04  1.35010942e-02  2.35000021e-04  3.36916220e-01  2.35000021e-04  2.66777261e-06  2.35000021e-04  5.15729689e-07  2.35000021e-04 -5.95928075e-05  2.35000021e-04  0.00000000e+00  2.35000021e-04  0.00000000e+00 
 2.35000022e-04  1.34962933e-02  2.35000022e-04  3.37868694e-01  2.35000022e-04  2.54152131e-06  2.35000022e-04 -1.46443148e-06  2.35000022e-04 -7.00411512e-06  2.35000022e-04  0.00000000e+00  2.35000022e-04  0.00000000e+00 
 2.35000025e-04  1.34892153e-02  2.35000025e-04  3.39379823e-01  2.35000025e-04  2.76491503e-06  2.35000025e-04  7.99496696e-07  2.35000025e-04 -4.19111197e-05  2.35000025e-04  0.00000000e+00  2.35000025e-04  0.00000000e+00 
 2.35000030e-04  1.34777446e-02  2.35000030e-04  3.40525171e-01  2.35000030e-04  2.45599795e-06  2.35000030e-04 -6.17976730e-07  2.35000030e-04  6.04867229e-07  2.35000030e-04  0.00000000e+00  2.35000030e-04  0.00000000e+00 
 2.35000042e-04  1.34652132e-02  2.35000042e-04  3.42175801e-01  2.35000042e-04  2.26970458e-06  2.35000042e-04  8.39417731e-07  2.35000042e-04 -2.29657590e-05  2.35000042e-04  0.00000000e+00  2.35000042e-04  0.00000000e+00 
 2.35000064e-04  1.34547443e-02  2.35000064e-04  3.46137312e-01  2.35000064e-04  1.87018229e-06  2.35000064e-04 -8.36171920e-07  2.35000064e-04  1.56320899e-05  2.35000064e-04  0.00000000e+00  2.35000064e-04  0.00000000e+00 
 2.35000109e-04  1.34478698e-02  2.35000109e-04  3.54552477e-01  2.35000109e-04  2.00421758e-06  2.35000109e-04  6.79932107e-07  2.35000109e-04 -1.57323806e-05  2.35000109e-04  0.00000000e+00  2.35000109e-04  0.00000000e+00 
 2.35000176e-04  1.34419262e-02  2.35000176e-04  3.64082026e-01  2.35000176e-04  1.86932783e-06  2.35000176e-04 -7.69172158e-07  2.35000176e-04  1.58024876e-05  2.35000176e-04  0.00000000e+00  2.35000176e-04  0.00000000e+00 
 2.35000309e-04  1.34365115e-02  2.35000309e-04  3.77111846e-01  2.35000309e-04  2.03716500e-06  2.35000309e-04  7.55984868e-07  2.35000309e-04 -1.58539899e-05  2.35000309e-04  0.00000000e+00  2.35000309e-04  0.00000000e+00 
 2.35000575e-04  1.34328092e-02  2.35000575e-04  3.90526487e-01  2.35000575e-04  1.90490038e-06  2.35000575e-04 -7.54625103e-07  2.35000575e-04  1.57743916e-05  2.35000575e-04  0.00000000e+00  2.35000575e-04  0.00000000e+00 
 2.35001109e-04  1.34299225e-02  2.35001109e-04  3.99328125e-01  2.35001109e-04  2.07106239e-06  2.35001109e-04  7.07597230e-07  2.35001109e-04 -1.58125870e-05  2.35001109e-04  0.00000000e+00  2.35001109e-04  0.00000000e+00 
 2.35002175e-04  1.34273103e-02  2.35002175e-04  4.01140804e-01  2.35002175e-04  1.92153216e-06  2.35002175e-04 -7.81981453e-07  2.35002175e-04  1.58066420e-05  2.35002175e-04  0.00000000e+00  2.35002175e-04  0.00000000e+00 
 2.35004203e-04  1.34315526e-02  2.35004203e-04  4.00346296e-01  2.35004203e-04  2.07377265e-06  2.35004203e-04  7.45378823e-07  2.35004203e-04 -1.57978014e-05  2.35004203e-04  0.00000000e+00  2.35004203e-04  0.00000000e+00 
 2.35007864e-04  1.34399903e-02  2.35007864e-04  3.99992239e-01  2.35007864e-04  1.92115100e-06  2.35007864e-04 -7.44015666e-07  2.35007864e-04  1.58082905e-05  2.35007864e-04  0.00000000e+00  2.35007864e-04  0.00000000e+00 
 2.35015184e-04  1.34502785e-02  2.35015184e-04  3.99574240e-01  2.35015184e-04  2.07377324e-06  2.35015184e-04  7.48566923e-07  2.35015184e-04 -1.57970796e-05  2.35015184e-04  0.00000000e+00  2.35015184e-04  0.00000000e+00 
 2.35029824e-04  1.34625717e-02  2.35029824e-04  3.99537609e-01  2.35029824e-04  1.92106463e-06  2.35029824e-04 -7.45975476e-07  2.35029824e-04  1.58080088e-05  2.35029824e-04  0.00000000e+00  2.35029824e-04  0.00000000e+00 
 2.35059106e-04  1.34660019e-02  2.35059106e-04  3.99519366e-01  2.35059106e-04  2.07378880e-06  2.35059106e-04  7.48535861e-07  2.35059106e-04 -1.57969563e-05  2.35059106e-04  0.00000000e+00  2.35059106e-04  0.00000000e+00 
 2.35117668e-04  1.34497930e-02  2.35117668e-04  3.99538468e-01  2.35117668e-04  1.92105905e-06  2.35117668e-04 -7.46012622e-07  2.35117668e-04  1.58079453e-05  2.35117668e-04  0.00000000e+00  2.35117668e-04  0.00000000e+00 
 2.35217668e-04  1.34133101e-02  2.35217668e-04  3.99520167e-01  2.35217668e-04  2.07379175e-06  2.35217668e-04  7.48554787e-07  2.35217668e-04 -1.57969436e-05  2.35217668e-04  0.00000000e+00  2.35217668e-04  0.00000000e+00 
 2.35317668e-04  1.33783514e-02  2.35317668e-04  3.99537524e-01  2.35317668e-04  1.92105688e-06  2.35317668e-04 -7.46025712e-07  2.35317668e-04  1.58078986e-05  2.35317668e-04  0.00000000e+00  2.35317668e-04  0.00000000e+00 
 2.35417668e-04  1.33426909e-02  2.35417668e-04  3.99521284e-01  2.35417668e-04  2.07379391e-06  2.35417668e-04  7.48567094e-07  2.35417668e-04 -1.57969454e-05  2.35417668e-04  0.00000000e+00  2.35417668e-04  0.00000000e+00 
 2.35517668e-04  1.33077146e-02  2.35517668e-04  3.99536278e-01  2.35517668e-04  1.92105475e-06  2.35517668e-04 -7.46037180e-07  2.35517668e-04  1.58078522e-05  2.35517668e-04  0.00000000e+00  2.35517668e-04  0.00000000e+00 
 2.35617668e-04  1.32723737e-02  2.35617668e-04  3.99522629e-01  2.35617668e-04  2.07379602e-06  2.35617668e-04  7.48577697e-07  2.35617668e-04 -1.57969474e-05  2.35617668e-04  0.00000000e+00  2.35617668e-04  0.00000000e+00 
 2.35717668e-04  1.32375676e-02  2.35717668e-04  3.99534864e-01  2.35717668e-04  1.92105265e-06  2.35717668e-04 -7.46046896e-07  2.35717668e-04  1.58078061e-05  2.35717668e-04  0.00000000e+00  2.35717668e-04  0.00000000e+00 
 2.35817668e-04  1.32024740e-02  2.35817668e-04  3.99524094e-01  2.35817668e-04  2.07379809e-06  2.35817668e-04  7.48586530e-07  2.35817668e-04 -1.57969494e-05  2.35817668e-04  0.00000000e+00  2.35817668e-04  0.00000000e+00 
 2.35917668e-04  1.31678645e-02  2.35917668e-04  3.99533368e-01  2.35917668e-04  1.92105061e-06  2.35917668e-04 -7.46054845e-07  2.35917668e-04  1.58077603e-05  2.35917668e-04  0.00000000e+00  2.35917668e-04  0.00000000e+00 
 2.36017668e-04  1.31330063e-02  2.36017668e-04  3.99525610e-01  2.36017668e-04  2.07380011e-06  2.36017668e-04  7.48593614e-07  2.36017668e-04 -1.57969515e-05  2.36017668e-04  0.00000000e+00  2.36017668e-04  0.00000000e+00 
 2.36117668e-04  1.30985970e-02  2.36117668e-04  3.99531845e-01  2.36117668e-04  1.92104862e-06  2.36117668e-04 -7.46061078e-07  2.36117668e-04  1.58077147e-05  2.36117668e-04  0.00000000e+00  2.36117668e-04  0.00000000e+00 
 2.36217668e-04  1.30639710e-02  2.36217668e-04  3.99527134e-01  2.36217668e-04  2.07380206e-06  2.36217668e-04  7.48599024e-07  2.36217668e-04 -1.57969536e-05  2.36217668e-04  0.00000000e+00  2.36217668e-04  0.00000000e+00 
 2.36317668e-04  1.30297625e-02  2.36317668e-04  3.99530330e-01  2.36317668e-04  1.92104670e-06  2.36317668e-04 -7.46065686e-07  2.36317668e-04  1.58076694e-05  2.36317668e-04  0.00000000e+00  2.36317668e-04  0.00000000e+00 
 2.36417668e-04  1.29953666e-02  2.36417668e-04  3.99528637e-01  2.36417668e-04  2.07380396e-06  2.36417668e-04  7.48602862e-07  2.36417668e-04 -1.57969557e-05  2.36417668e-04  0.00000000e+00  2.36417668e-04  0.00000000e+00 
 2.36517668e-04  1.29613587e-02  2.36517668e-04  3.99528846e-01  2.36517668e-04  1.92104483e-06  2.36517668e-04 -7.46068778e-07  2.36517668e-04  1.58076243e-05  2.36517668e-04  0.00000000e+00  2.36517668e-04  0.00000000e+00 
 2.36617668e-04  1.29271911e-02  2.36617668e-04  3.99530102e-01  2.36617668e-04  2.07380580e-06  2.36617668e-04  7.48605244e-07  2.36617668e-04 -1.57969578e-05  2.36617668e-04  0.00000000e+00  2.36617668e-04  0.00000000e+00 
 2.36717668e-04  1.28933837e-02  2.36717668e-04  3.99527406e-01  2.36717668e-04  1.92104302e-06  2.36717668e-04 -7.46070474e-07  2.36717668e-04  1.58075794e-05  2.36717668e-04  0.00000000e+00  2.36717668e-04  0.00000000e+00 
 2.36817668e-04  1.28594427e-02  2.36817668e-04  3.99531518e-01  2.36817668e-04  2.07380758e-06  2.36817668e-04  7.48606290e-07  2.36817668e-04 -1.57969599e-05  2.36817668e-04  0.00000000e+00  2.36817668e-04  0.00000000e+00 
 2.36917668e-04  1.28258356e-02  2.36917668e-04  3.99526018e-01  2.36917668e-04  1.92104127e-06  2.36917668e-04 -7.46070894e-07  2.36917668e-04  1.58075348e-05  2.36917668e-04  0.00000000e+00  2.36917668e-04  0.00000000e+00 
 2.37017668e-04  1.27921194e-02  2.37017668e-04  3.99532880e-01  2.37017668e-04  2.07380931e-06  2.37017668e-04  7.48606118e-07  2.37017668e-04 -1.57969621e-05  2.37017668e-04  0.00000000e+00  2.37017668e-04  0.00000000e+00 
 2.37117668e-04  1.27587123e-02  2.37117668e-04  3.99524686e-01  2.37117668e-04  1.92103957e-06  2.37117668e-04 -7.46070154e-07  2.37117668e-04  1.58074903e-05  2.37117668e-04  0.00000000e+00  2.37117668e-04  0.00000000e+00 
 2.37217668e-04  1.27252193e-02  2.37217668e-04  3.99534183e-01  2.37217668e-04  2.07381097e-06  2.37217668e-04  7.48604843e-07  2.37217668e-04 -1.57969642e-05  2.37217668e-04  0.00000000e+00  2.37217668e-04  0.00000000e+00 
 2.37317668e-04  1.26920120e-02  2.37317668e-04  3.99523413e-01  2.37317668e-04  1.92103793e-06  2.37317668e-04 -7.46068366e-07  2.37317668e-04  1.58074461e-05  2.37317668e-04  0.00000000e+00  2.37317668e-04  0.00000000e+00 
 2.37417668e-04  1.26587405e-02  2.37417668e-04  3.99535428e-01  2.37417668e-04  2.07381259e-06  2.37417668e-04  7.48602573e-07  2.37417668e-04 -1.57969663e-05  2.37417668e-04  0.00000000e+00  2.37417668e-04  0.00000000e+00 
 2.37517668e-04  1.26257326e-02  2.37517668e-04  3.99522199e-01  2.37517668e-04  1.92103634e-06  2.37517668e-04 -7.46065633e-07  2.37517668e-04  1.58074020e-05  2.37517668e-04  0.00000000e+00  2.37517668e-04  0.00000000e+00 
 2.37617668e-04  1.25926811e-02  2.37617668e-04  3.99536614e-01  2.37617668e-04  2.07381415e-06  2.37617668e-04  7.48599407e-07  2.37617668e-04 -1.57969683e-05  2.37617668e-04  0.00000000e+00  2.37617668e-04  0.00000000e+00 
 2.37717668e-04  1.25598723e-02  2.37717668e-04  3.99521043e-01  2.37717668e-04  1.92103480e-06  2.37717668e-04 -7.46062053e-07  2.37717668e-04  1.58073581e-05  2.37717668e-04  0.00000000e+00  2.37717668e-04  0.00000000e+00 
 2.37817668e-04  1.25270391e-02  2.37817668e-04  3.99537742e-01  2.37817668e-04  2.07381567e-06  2.37817668e-04  7.48595440e-07  2.37817668e-04 -1.57969704e-05  2.37817668e-04  0.00000000e+00  2.37817668e-04  0.00000000e+00 
 2.37917668e-04  1.24944289e-02  2.37917668e-04  3.99519945e-01  2.37917668e-04  1.92103331e-06  2.37917668e-04 -7.46057714e-07  2.37917668e-04  1.58073144e-05  2.37917668e-04  0.00000000e+00  2.37917668e-04  0.00000000e+00 
 2.38017668e-04  1.24618126e-02  2.38017668e-04  3.99538814e-01  2.38017668e-04  2.07381713e-06  2.38017668e-04  7.48590756e-07  2.38017668e-04 -1.57969724e-05  2.38017668e-04  0.00000000e+00  2.38017668e-04  0.00000000e+00 
 2.38117668e-04  1.24294007e-02  2.38117668e-04  3.99518902e-01  2.38117668e-04  1.92103187e-06  2.38117668e-04 -7.46052699e-07  2.38117668e-04  1.58072709e-05  2.38117668e-04  0.00000000e+00  2.38117668e-04  0.00000000e+00 
 2.38217668e-04  1.23969997e-02  2.38217668e-04  3.99539831e-01  2.38217668e-04  2.07381856e-06  2.38217668e-04  7.48585433e-07  2.38217668e-04 -1.57969743e-05  2.38217668e-04  0.00000000e+00  2.38217668e-04  0.00000000e+00 
 2.38317668e-04  1.23647856e-02  2.38317668e-04  3.99517912e-01  2.38317668e-04  1.92103046e-06  2.38317668e-04 -7.46047083e-07  2.38317668e-04  1.58072275e-05  2.38317668e-04  0.00000000e+00  2.38317668e-04  0.00000000e+00 
 2.38417668e-04  1.23325986e-02  2.38417668e-04  3.99540795e-01  2.38417668e-04  2.07381994e-06  2.38417668e-04  7.48579544e-07  2.38417668e-04 -1.57969762e-05  2.38417668e-04  0.00000000e+00  2.38417668e-04  0.00000000e+00 
 2.38517668e-04  1.23005818e-02  2.38517668e-04  3.99516974e-01  2.38517668e-04  1.92102910e-06  2.38517668e-04 -7.46040932e-07  2.38517668e-04  1.58071843e-05  2.38517668e-04  0.00000000e+00  2.38517668e-04  0.00000000e+00 
 2.38617668e-04  1.22686072e-02  2.38617668e-04  3.99541710e-01  2.38617668e-04  2.07382128e-06  2.38617668e-04  7.48573153e-07  2.38617668e-04 -1.57969780e-05  2.38617668e-04  0.00000000e+00  2.38617668e-04  0.00000000e+00 
 2.38717668e-04  1.22367871e-02  2.38717668e-04  3.99516085e-01  2.38717668e-04  1.92102778e-06  2.38717668e-04 -7.46034310e-07  2.38717668e-04  1.58071412e-05  2.38717668e-04  0.00000000e+00  2.38717668e-04  0.00000000e+00 
 2.38817668e-04  1.22050236e-02  2.38817668e-04  3.99542576e-01  2.38817668e-04  2.07382258e-06  2.38817668e-04  7.48566319e-07  2.38817668e-04 -1.57969798e-05  2.38817668e-04  0.00000000e+00  2.38817668e-04  0.00000000e+00 
 2.38917668e-04  1.21733998e-02  2.38917668e-04  3.99515243e-01  2.38917668e-04  1.92102650e-06  2.38917668e-04 -7.46027272e-07  2.38917668e-04  1.58070983e-05  2.38917668e-04  0.00000000e+00  2.38917668e-04  0.00000000e+00 
 2.39017668e-04  1.21418460e-02  2.39017668e-04  3.99543396e-01  2.39017668e-04  2.07382384e-06  2.39017668e-04  7.48559095e-07  2.39017668e-04 -1.57969815e-05  2.39017668e-04  0.00000000e+00  2.39017668e-04  0.00000000e+00 
 2.39117668e-04  1.21104178e-02  2.39117668e-04  3.99514446e-01  2.39117668e-04  1.92102526e-06  2.39117668e-04 -7.46019870e-07  2.39117668e-04  1.58070555e-05  2.39117668e-04  0.00000000e+00  2.39117668e-04  0.00000000e+00 
 2.39217668e-04  1.20790724e-02  2.39217668e-04  3.99544172e-01  2.39217668e-04  2.07382507e-06  2.39217668e-04  7.48551531e-07  2.39217668e-04 -1.57969831e-05  2.39217668e-04  0.00000000e+00  2.39217668e-04  0.00000000e+00 
 2.39317668e-04  1.20478393e-02  2.39317668e-04  3.99513692e-01  2.39317668e-04  1.92102404e-06  2.39317668e-04 -7.46012149e-07  2.39317668e-04  1.58070129e-05  2.39317668e-04  0.00000000e+00  2.39317668e-04  0.00000000e+00 
 2.39417668e-04  1.20167008e-02  2.39417668e-04  3.99544906e-01  2.39417668e-04  2.07382627e-06  2.39417668e-04  7.48543669e-07  2.39417668e-04 -1.57969847e-05  2.39417668e-04  0.00000000e+00  2.39417668e-04  0.00000000e+00 
 2.39517668e-04  1.19856622e-02  2.39517668e-04  3.99512979e-01  2.39517668e-04  1.92102286e-06  2.39517668e-04 -7.46004152e-07  2.39517668e-04  1.58069703e-05  2.39517668e-04  0.00000000e+00  2.39517668e-04  0.00000000e+00 
 2.39617668e-04  1.19547295e-02  2.39617668e-04  3.99545600e-01  2.39617668e-04  2.07382743e-06  2.39617668e-04  7.48535551e-07  2.39617668e-04 -1.57969861e-05  2.39617668e-04  0.00000000e+00  2.39617668e-04  0.00000000e+00 
 2.39717668e-04  1.19238846e-02  2.39717668e-04  3.99512305e-01  2.39717668e-04  1.92102171e-06  2.39717668e-04 -7.45995917e-07  2.39717668e-04  1.58069280e-05  2.39717668e-04  0.00000000e+00  2.39717668e-04  0.00000000e+00 
 2.39817668e-04  1.18931563e-02  2.39817668e-04  3.99546256e-01  2.39817668e-04  2.07382857e-06  2.39817668e-04  7.48527212e-07  2.39817668e-04 -1.57969875e-05  2.39817668e-04  0.00000000e+00  2.39817668e-04  0.00000000e+00 
 2.39917668e-04  1.18625046e-02  2.39917668e-04  3.99511668e-01  2.39917668e-04  1.92102059e-06  2.39917668e-04 -7.45987478e-07  2.39917668e-04  1.58068857e-05  2.39917668e-04  0.00000000e+00  2.39917668e-04  0.00000000e+00 
 2.40017668e-04  1.18319796e-02  2.40017668e-04  3.99546876e-01  2.40017668e-04  2.07382967e-06  2.40017668e-04  7.48518685e-07  2.40017668e-04 -1.57969888e-05  2.40017668e-04  0.00000000e+00  2.40017668e-04  0.00000000e+00 
 2.40117668e-04  1.18015203e-02  2.40117668e-04  3.99511066e-01  2.40117668e-04  1.92101950e-06  2.40117668e-04 -7.45978865e-07  2.40117668e-04  1.58068435e-05  2.40117668e-04  0.00000000e+00  2.40117668e-04  0.00000000e+00 
 2.40217668e-04  1.17711972e-02  2.40217668e-04  3.99547462e-01  2.40217668e-04  2.07383075e-06  2.40217668e-04  7.48509999e-07  2.40217668e-04 -1.57969900e-05  2.40217668e-04  0.00000000e+00  2.40217668e-04  0.00000000e+00 
 2.40317668e-04  1.17409298e-02  2.40317668e-04  3.99510497e-01  2.40317668e-04  1.92101843e-06  2.40317668e-04 -7.45970107e-07  2.40317668e-04  1.58068015e-05  2.40317668e-04  0.00000000e+00  2.40317668e-04  0.00000000e+00 
 2.40417668e-04  1.17108073e-02  2.40417668e-04  3.99548015e-01  2.40417668e-04  2.07383181e-06  2.40417668e-04  7.48501180e-07  2.40417668e-04 -1.57969911e-05  2.40417668e-04  0.00000000e+00  2.40417668e-04  0.00000000e+00 
 2.40517668e-04  1.16807310e-02  2.40517668e-04  3.99509960e-01  2.40517668e-04  1.92101739e-06  2.40517668e-04 -7.45961229e-07  2.40517668e-04  1.58067596e-05  2.40517668e-04  0.00000000e+00  2.40517668e-04  0.00000000e+00 
 2.40617668e-04  1.16508080e-02  2.40617668e-04  3.99548537e-01  2.40617668e-04  2.07383283e-06  2.40617668e-04  7.48492254e-07  2.40617668e-04 -1.57969920e-05  2.40617668e-04  0.00000000e+00  2.40617668e-04  0.00000000e+00 
 2.40717668e-04  1.16209220e-02  2.40717668e-04  3.99509454e-01  2.40717668e-04  1.92101638e-06  2.40717668e-04 -7.45952254e-07  2.40717668e-04  1.58067178e-05  2.40717668e-04  0.00000000e+00  2.40717668e-04  0.00000000e+00 
 2.40817668e-04  1.15911974e-02  2.40817668e-04  3.99549030e-01  2.40817668e-04  2.07383384e-06  2.40817668e-04  7.48483240e-07  2.40817668e-04 -1.57969929e-05  2.40817668e-04  0.00000000e+00  2.40817668e-04  0.00000000e+00 
 2.40917668e-04  1.15615011e-02  2.40917668e-04  3.99508976e-01  2.40917668e-04  1.92101538e-06  2.40917668e-04 -7.45943202e-07  2.40917668e-04  1.58066761e-05  2.40917668e-04  0.00000000e+00  2.40917668e-04  0.00000000e+00 
 2.41017668e-04  1.15319735e-02  2.41017668e-04  3.99549495e-01  2.41017668e-04  2.07383482e-06  2.41017668e-04  7.48474159e-07  2.41017668e-04 -1.57969937e-05  2.41017668e-04  0.00000000e+00  2.41017668e-04  0.00000000e+00 
 2.41117668e-04  1.15024661e-02  2.41117668e-04  3.99508525e-01  2.41117668e-04  1.92101441e-06  2.41117668e-04 -7.45934092e-07  2.41117668e-04  1.58066345e-05  2.41117668e-04  0.00000000e+00  2.41117668e-04  0.00000000e+00 
 2.41217668e-04  1.14731344e-02  2.41217668e-04  3.99549933e-01  2.41217668e-04  2.07383578e-06  2.41217668e-04  7.48465028e-07  2.41217668e-04 -1.57969944e-05  2.41217668e-04  0.00000000e+00  2.41217668e-04  0.00000000e+00 
 2.41317668e-04  1.14438152e-02  2.41317668e-04  3.99508100e-01  2.41317668e-04  1.92101346e-06  2.41317668e-04 -7.45924940e-07  2.41317668e-04  1.58065930e-05  2.41317668e-04  0.00000000e+00  2.41317668e-04  0.00000000e+00 
 2.41417668e-04  1.14146783e-02  2.41417668e-04  3.99550347e-01  2.41417668e-04  2.07383672e-06  2.41417668e-04  7.48455863e-07  2.41417668e-04 -1.57969950e-05  2.41417668e-04  0.00000000e+00  2.41417668e-04  0.00000000e+00 
 2.41517668e-04  1.13855465e-02  2.41517668e-04  3.99507700e-01  2.41517668e-04  1.92101253e-06  2.41517668e-04 -7.45915761e-07  2.41517668e-04  1.58065516e-05  2.41517668e-04  0.00000000e+00  2.41517668e-04  0.00000000e+00 
 2.41617668e-04  1.13566033e-02  2.41617668e-04  3.99550736e-01  2.41617668e-04  2.07383764e-06  2.41617668e-04  7.48446678e-07  2.41617668e-04 -1.57969954e-05  2.41617668e-04  0.00000000e+00  2.41617668e-04  0.00000000e+00 
 2.41717668e-04  1.13276580e-02  2.41717668e-04  3.99507322e-01  2.41717668e-04  1.92101162e-06  2.41717668e-04 -7.45906569e-07  2.41717668e-04  1.58065103e-05  2.41717668e-04  0.00000000e+00  2.41717668e-04  0.00000000e+00 
 2.41817668e-04  1.12989073e-02  2.41817668e-04  3.99551103e-01  2.41817668e-04  2.07383855e-06  2.41817668e-04  7.48437486e-07  2.41817668e-04 -1.57969958e-05  2.41817668e-04  0.00000000e+00  2.41817668e-04  0.00000000e+00 
 2.41917668e-04  1.12701479e-02  2.41917668e-04  3.99506967e-01  2.41917668e-04  1.92101072e-06  2.41917668e-04 -7.45897374e-07  2.41917668e-04  1.58064691e-05  2.41917668e-04  0.00000000e+00  2.41917668e-04  0.00000000e+00 
 2.42017668e-04  1.12415886e-02  2.42017668e-04  3.99551448e-01  2.42017668e-04  2.07383944e-06  2.42017668e-04  7.48428297e-07  2.42017668e-04 -1.57969960e-05  2.42017668e-04  0.00000000e+00  2.42017668e-04  0.00000000e+00 
 2.42117668e-04  1.12130142e-02  2.42117668e-04  3.99506632e-01  2.42117668e-04  1.92100985e-06  2.42117668e-04 -7.45888189e-07  2.42117668e-04  1.58064280e-05  2.42117668e-04  0.00000000e+00  2.42117668e-04  0.00000000e+00 
 2.42217668e-04  1.11846451e-02  2.42217668e-04  3.99551774e-01  2.42217668e-04  2.07384030e-06  2.42217668e-04  7.48419123e-07  2.42217668e-04 -1.57969961e-05  2.42217668e-04  0.00000000e+00  2.42217668e-04  0.00000000e+00 
 2.42317668e-04  1.11562550e-02  2.42317668e-04  3.99506317e-01  2.42317668e-04  1.92100899e-06  2.42317668e-04 -7.45879023e-07  2.42317668e-04  1.58063869e-05  2.42317668e-04  0.00000000e+00  2.42317668e-04  0.00000000e+00 
 2.42417668e-04  1.11280751e-02  2.42417668e-04  3.99552080e-01  2.42417668e-04  2.07384116e-06  2.42417668e-04  7.48409971e-07  2.42417668e-04 -1.57969961e-05  2.42417668e-04  0.00000000e+00  2.42417668e-04  0.00000000e+00 
 2.42517668e-04  1.10998684e-02  2.42517668e-04  3.99506021e-01  2.42517668e-04  1.92100814e-06  2.42517668e-04 -7.45869883e-07  2.42517668e-04  1.58063460e-05  2.42517668e-04  0.00000000e+00  2.42517668e-04  0.00000000e+00 
 2.42617668e-04  1.10718766e-02  2.42617668e-04  3.99552368e-01  2.42617668e-04  2.07384199e-06  2.42617668e-04  7.48400850e-07  2.42617668e-04 -1.57969960e-05  2.42617668e-04  0.00000000e+00  2.42617668e-04  0.00000000e+00 
 2.42717668e-04  1.10438525e-02  2.42717668e-04  3.99505742e-01  2.42717668e-04  1.92100731e-06  2.42717668e-04 -7.45860778e-07  2.42717668e-04  1.58063052e-05  2.42717668e-04  0.00000000e+00  2.42717668e-04  0.00000000e+00 
 2.42817668e-04  1.10160478e-02  2.42817668e-04  3.99552638e-01  2.42817668e-04  2.07384282e-06  2.42817668e-04  7.48391767e-07  2.42817668e-04 -1.57969957e-05  2.42817668e-04  0.00000000e+00  2.42817668e-04  0.00000000e+00 
 2.42917668e-04  1.09882054e-02  2.42917668e-04  3.99505480e-01  2.42917668e-04  1.92100649e-06  2.42917668e-04 -7.45851714e-07  2.42917668e-04  1.58062644e-05  2.42917668e-04  0.00000000e+00  2.42917668e-04  0.00000000e+00 
 2.43017668e-04  1.09605866e-02  2.43017668e-04  3.99552893e-01  2.43017668e-04  2.07384363e-06  2.43017668e-04  7.48382727e-07  2.43017668e-04 -1.57969953e-05  2.43017668e-04  0.00000000e+00  2.43017668e-04  0.00000000e+00 
 2.43117668e-04  1.09329252e-02  2.43117668e-04  3.99505234e-01  2.43117668e-04  1.92100569e-06  2.43117668e-04 -7.45842697e-07  2.43117668e-04  1.58062237e-05  2.43117668e-04  0.00000000e+00  2.43117668e-04  0.00000000e+00 
 2.43217668e-04  1.09054913e-02  2.43217668e-04  3.99553132e-01  2.43217668e-04  2.07384442e-06  2.43217668e-04  7.48373738e-07  2.43217668e-04 -1.57969948e-05  2.43217668e-04  0.00000000e+00  2.43217668e-04  0.00000000e+00 
 2.43317668e-04  1.08780100e-02  2.43317668e-04  3.99505003e-01  2.43317668e-04  1.92100490e-06  2.43317668e-04 -7.45833732e-07  2.43317668e-04  1.58061831e-05  2.43317668e-04  0.00000000e+00  2.43317668e-04  0.00000000e+00 
 2.43417668e-04  1.08507600e-02  2.43417668e-04  3.99553356e-01  2.43417668e-04  2.07384521e-06  2.43417668e-04  7.48364803e-07  2.43417668e-04 -1.57969942e-05  2.43417668e-04  0.00000000e+00  2.43417668e-04  0.00000000e+00 
 2.43517668e-04  1.08234580e-02  2.43517668e-04  3.99504786e-01  2.43517668e-04  1.92100413e-06  2.43517668e-04 -7.45824823e-07  2.43517668e-04  1.58061426e-05  2.43517668e-04  0.00000000e+00  2.43517668e-04  0.00000000e+00 
 2.43617668e-04  1.07963907e-02  2.43617668e-04  3.99553567e-01  2.43617668e-04  2.07384598e-06  2.43617668e-04  7.48355926e-07  2.43617668e-04 -1.57969934e-05  2.43617668e-04  0.00000000e+00  2.43617668e-04  0.00000000e+00 
 2.43717668e-04  1.07692671e-02  2.43717668e-04  3.99504583e-01  2.43717668e-04  1.92100336e-06  2.43717668e-04 -7.45815975e-07  2.43717668e-04  1.58061022e-05  2.43717668e-04  0.00000000e+00  2.43717668e-04  0.00000000e+00 
 2.43817668e-04  1.07423816e-02  2.43817668e-04  3.99553764e-01  2.43817668e-04  2.07384673e-06  2.43817668e-04  7.48347111e-07  2.43817668e-04 -1.57969925e-05  2.43817668e-04  0.00000000e+00  2.43817668e-04  0.00000000e+00 
 2.43917668e-04  1.07154357e-02  2.43917668e-04  3.99504392e-01  2.43917668e-04  1.92100261e-06  2.43917668e-04 -7.45807190e-07  2.43917668e-04  1.58060618e-05  2.43917668e-04  0.00000000e+00  2.43917668e-04  0.00000000e+00 
 2.44017668e-04  1.06887308e-02  2.44017668e-04  3.99553950e-01  2.44017668e-04  2.07384748e-06  2.44017668e-04  7.48338361e-07  2.44017668e-04 -1.57969915e-05  2.44017668e-04  0.00000000e+00  2.44017668e-04  0.00000000e+00 
 2.44117668e-04  1.06619616e-02  2.44117668e-04  3.99504213e-01  2.44117668e-04  1.92100186e-06  2.44117668e-04 -7.45798472e-07  2.44117668e-04  1.58060215e-05  2.44117668e-04  0.00000000e+00  2.44117668e-04  0.00000000e+00 
 2.44217668e-04  1.06354365e-02  2.44217668e-04  3.99554123e-01  2.44217668e-04  2.07384822e-06  2.44217668e-04  7.48329680e-07  2.44217668e-04 -1.57969904e-05  2.44217668e-04  0.00000000e+00  2.44217668e-04  0.00000000e+00 
 2.44317668e-04  1.06088432e-02  2.44317668e-04  3.99504046e-01  2.44317668e-04  1.92100113e-06  2.44317668e-04 -7.45789823e-07  2.44317668e-04  1.58059813e-05  2.44317668e-04  0.00000000e+00  2.44317668e-04  0.00000000e+00 
 2.44417668e-04  1.05824967e-02  2.44417668e-04  3.99554286e-01  2.44417668e-04  2.07384895e-06  2.44417668e-04  7.48321068e-07  2.44417668e-04 -1.57969891e-05  2.44417668e-04  0.00000000e+00  2.44417668e-04  0.00000000e+00 
 2.44517668e-04  1.05560784e-02  2.44517668e-04  3.99503889e-01  2.44517668e-04  1.92100041e-06  2.44517668e-04 -7.45781244e-07  2.44517668e-04  1.58059412e-05  2.44517668e-04  0.00000000e+00  2.44517668e-04  0.00000000e+00 
 2.44617668e-04  1.05299095e-02  2.44617668e-04  3.99554438e-01  2.44617668e-04  2.07384967e-06  2.44617668e-04  7.48312528e-07  2.44617668e-04 -1.57969877e-05  2.44617668e-04  0.00000000e+00  2.44617668e-04  0.00000000e+00 
 2.44717668e-04  1.05036655e-02  2.44717668e-04  3.99503743e-01  2.44717668e-04  1.92099970e-06  2.44717668e-04 -7.45772739e-07  2.44717668e-04  1.58059011e-05  2.44717668e-04  0.00000000e+00  2.44717668e-04  0.00000000e+00 
 2.44817668e-04  1.04776733e-02  2.44817668e-04  3.99554580e-01  2.44817668e-04  2.07385037e-06  2.44817668e-04  7.48304061e-07  2.44817668e-04 -1.57969861e-05  2.44817668e-04  0.00000000e+00  2.44817668e-04  0.00000000e+00 
 2.44908834e-04  1.04538948e-02  2.44908834e-04  3.99503599e-01  2.44908834e-04  1.92099896e-06  2.44908834e-04 -7.45763901e-07  2.44908834e-04  1.58058610e-05  2.44908834e-04  0.00000000e+00  2.44908834e-04  0.00000000e+00 
 2.45000000e-04  1.04303558e-02  2.45000000e-04  3.99554725e-01  2.45000000e-04  2.07385114e-06  2.45000000e-04  7.48294859e-07  2.45000000e-04 -1.57969807e-05  2.45000000e-04  0.00000000e+00  2.45000000e-04  0.00000000e+00 
