 0.00000000e+00  1.28036155e-02  0.00000000e+00  5.40476099e-01  0.00000000e+00  1.20774331e-06  0.00000000e+00  1.09208871e-10  0.00000000e+00  4.22073936e-10  0.00000000e+00  0.00000000e+00  0.00000000e+00  0.00000000e+00 
 1.00000000e-11  1.28027922e-02  1.00000000e-11  5.40476086e-01  1.00000000e-11  1.20774389e-06  1.00000000e-11  1.04082301e-10  1.00000000e-11  4.23022389e-10  1.00000000e-11  0.00000000e+00  1.00000000e-11  0.00000000e+00 
 2.00000000e-11  1.28019671e-02  2.00000000e-11  5.40476074e-01  2.00000000e-11  1.20774389e-06  2.00000000e-11  1.03845033e-10  2.00000000e-11  4.23050292e-10  2.00000000e-11  0.00000000e+00  2.00000000e-11  0.00000000e+00 
 4.00000000e-11  1.28003123e-02  4.00000000e-11  5.40476051e-01  4.00000000e-11  1.20774389e-06  4.00000000e-11  1.03547490e-10  4.00000000e-11  4.23017951e-10  4.00000000e-11  0.00000000e+00  4.00000000e-11  0.00000000e+00 
 8.00000000e-11  1.27969840e-02  8.00000000e-11  5.40476002e-01  8.00000000e-11  1.20774391e-06  8.00000000e-11  1.03476797e-10  8.00000000e-11  4.22949432e-10  8.00000000e-11  0.00000000e+00  8.00000000e-11  0.00000000e+00 
 1.60000000e-10  1.27902509e-02  1.60000000e-10  5.40475903e-01  1.60000000e-10  1.20774396e-06  1.60000000e-10  1.04177045e-10  1.60000000e-10  4.22800661e-10  1.60000000e-10  0.00000000e+00  1.60000000e-10  0.00000000e+00 
 3.20000000e-10  1.27764657e-02  3.20000000e-10  5.40475683e-01  3.20000000e-10  1.20774403e-06  3.20000000e-10  1.06763129e-10  3.20000000e-10  4.22525874e-10  3.20000000e-10  0.00000000e+00  3.20000000e-10  0.00000000e+00 
 6.40000000e-10  1.27475292e-02  6.40000000e-10  5.40475153e-01  6.40000000e-10  1.20774418e-06  6.40000000e-10  1.12659759e-10  6.40000000e-10  4.21944228e-10  6.40000000e-10  0.00000000e+00  6.40000000e-10  0.00000000e+00 
 1.00000000e-09  1.27288952e-02  1.00000000e-09  5.40474656e-01  1.00000000e-09  1.20774365e-06  1.00000000e-09  1.23820029e-10  1.00000000e-09  4.20492593e-10  1.00000000e-09  0.00000000e+00  1.00000000e-09  0.00000000e+00 
 1.06400000e-09  1.27465823e-02  1.06400000e-09  5.40474867e-01  1.06400000e-09  1.20774159e-06  1.06400000e-09  1.42707347e-10  1.06400000e-09  4.17394377e-10  1.06400000e-09  0.00000000e+00  1.06400000e-09  0.00000000e+00 
 1.19200000e-09  1.27819518e-02  1.19200000e-09  5.40475298e-01  1.19200000e-09  1.20774142e-06  1.19200000e-09  1.40338134e-10  1.19200000e-09  4.18155180e-10  1.19200000e-09  0.00000000e+00  1.19200000e-09  0.00000000e+00 
 1.44800000e-09  1.28526379e-02  1.44800000e-09  5.40476291e-01  1.44800000e-09  1.20774110e-06  1.44800000e-09  1.23663424e-10  1.44800000e-09  4.19754464e-10  1.44800000e-09  0.00000000e+00  1.44800000e-09  0.00000000e+00 
 1.96000000e-09  1.29938001e-02  1.96000000e-09  5.40478908e-01  1.96000000e-09  1.20774061e-06  1.96000000e-09  9.02375973e-11  1.96000000e-09  4.22778840e-10  1.96000000e-09  0.00000000e+00  1.96000000e-09  0.00000000e+00 
 2.98400000e-09  1.32753012e-02  2.98400000e-09  5.40486300e-01  2.98400000e-09  1.20773988e-06  2.98400000e-09  3.58657969e-11  2.98400000e-09  4.29763464e-10  2.98400000e-09  0.00000000e+00  2.98400000e-09  0.00000000e+00 
 5.03200000e-09  1.38351588e-02  5.03200000e-09  5.40504852e-01  5.03200000e-09  1.20773987e-06  5.03200000e-09 -5.23037114e-12  5.03200000e-09  4.46002522e-10  5.03200000e-09  0.00000000e+00  5.03200000e-09  0.00000000e+00 
 9.12800000e-09  1.49435107e-02  9.12800000e-09  5.40535851e-01  9.12800000e-09  1.20774177e-06  9.12800000e-09  3.18352411e-11  9.12800000e-09  4.79057083e-10  9.12800000e-09  0.00000000e+00  9.12800000e-09  0.00000000e+00 
 1.73200000e-08  1.71232494e-02  1.73200000e-08  5.40558712e-01  1.73200000e-08  1.20774369e-06  1.73200000e-08  1.06688664e-10  1.73200000e-08  5.33904246e-10  1.73200000e-08  0.00000000e+00  1.73200000e-08  0.00000000e+00 
 3.37040000e-08  2.13833774e-02  3.37040000e-08  5.40557850e-01  3.37040000e-08  1.20774310e-06  3.37040000e-08  1.11467245e-10  3.37040000e-08  6.31271922e-10  3.37040000e-08  0.00000000e+00  3.37040000e-08  0.00000000e+00 
 6.64720000e-08  2.97117230e-02  6.64720000e-08  5.40550546e-01  6.64720000e-08  1.20774304e-06  6.64720000e-08  1.12125867e-10  6.64720000e-08  7.96234394e-10  6.64720000e-08  0.00000000e+00  6.64720000e-08  0.00000000e+00 
 1.18724541e-07  4.28247581e-02  1.18724541e-07  5.40541812e-01  1.18724541e-07  1.20774304e-06  1.18724541e-07  1.10132205e-10  1.18724541e-07  9.92308804e-10  1.18724541e-07  0.00000000e+00  1.18724541e-07  0.00000000e+00 
 2.04242964e-07  6.42084572e-02  2.04242964e-07  5.40530320e-01  2.04242964e-07  1.20774306e-06  2.04242964e-07  1.11304976e-10  2.04242964e-07  1.20534793e-09  2.04242964e-07  0.00000000e+00  2.04242964e-07  0.00000000e+00 
 3.04242964e-07  8.91546317e-02  3.04242964e-07  5.40518737e-01  3.04242964e-07  1.20774301e-06  3.04242964e-07  1.09651848e-10  3.04242964e-07  1.35403076e-09  3.04242964e-07  0.00000000e+00  3.04242964e-07  0.00000000e+00 
 4.04242964e-07  1.14031123e-01  4.04242964e-07  5.40510772e-01  4.04242964e-07  1.20774299e-06  4.04242964e-07  1.10377250e-10  4.04242964e-07  1.44944160e-09  4.04242964e-07  0.00000000e+00  4.04242964e-07  0.00000000e+00 
 5.04242964e-07  1.38835627e-01  5.04242964e-07  5.40504580e-01  5.04242964e-07  1.20774291e-06  5.04242964e-07  1.09138535e-10  5.04242964e-07  1.51895190e-09  5.04242964e-07  0.00000000e+00  5.04242964e-07  0.00000000e+00 
 6.04242964e-07  1.63563435e-01  6.04242964e-07  5.40501081e-01  6.04242964e-07  1.20774290e-06  6.04242964e-07  1.09648236e-10  6.04242964e-07  1.57892478e-09  6.04242964e-07  0.00000000e+00  6.04242964e-07  0.00000000e+00 
 7.04242964e-07  1.88209601e-01  7.04242964e-07  5.40498289e-01  7.04242964e-07  1.20774284e-06  7.04242964e-07  1.08856096e-10  7.04242964e-07  1.63406674e-09  7.04242964e-07  0.00000000e+00  7.04242964e-07  0.00000000e+00 
 8.04242964e-07  2.12767923e-01  8.04242964e-07  5.40497133e-01  8.04242964e-07  1.20774287e-06  8.04242964e-07  1.09178288e-10  8.04242964e-07  1.68828019e-09  8.04242964e-07  0.00000000e+00  8.04242964e-07  0.00000000e+00 
 9.04242964e-07  2.37230974e-01  9.04242964e-07  5.40495937e-01  9.04242964e-07  1.20774284e-06  9.04242964e-07  1.08754761e-10  9.04242964e-07  1.74107015e-09  9.04242964e-07  0.00000000e+00  9.04242964e-07  0.00000000e+00 
 1.00424296e-06  2.61589518e-01  1.00424296e-06  5.40495712e-01  1.00424296e-06  1.20774287e-06  1.00424296e-06  1.08879558e-10  1.00424296e-06  1.79385669e-09  1.00424296e-06  0.00000000e+00  1.00424296e-06  0.00000000e+00 
 1.10424296e-06  2.85831794e-01  1.10424296e-06  5.40495087e-01  1.10424296e-06  1.20774285e-06  1.10424296e-06  1.08738137e-10  1.10424296e-06  1.84559321e-09  1.10424296e-06  0.00000000e+00  1.10424296e-06  0.00000000e+00 
 1.20424296e-06  3.09942189e-01  1.20424296e-06  5.40495110e-01  1.20424296e-06  1.20774287e-06  1.20424296e-06  1.08661727e-10  1.20424296e-06  1.89716122e-09  1.20424296e-06  0.00000000e+00  1.20424296e-06  0.00000000e+00 
 1.30424296e-06  3.33898956e-01  1.30424296e-06  5.40494650e-01  1.30424296e-06  1.20774286e-06  1.30424296e-06  1.08736672e-10  1.30424296e-06  1.94763635e-09  1.30424296e-06  0.00000000e+00  1.30424296e-06  0.00000000e+00 
 1.40424296e-06  3.57670051e-01  1.40424296e-06  5.40494696e-01  1.40424296e-06  1.20774288e-06  1.40424296e-06  1.08477733e-10  1.40424296e-06  1.99764523e-09  1.40424296e-06  0.00000000e+00  1.40424296e-06  0.00000000e+00 
 1.50424296e-06  3.81205618e-01  1.50424296e-06  5.40494269e-01  1.50424296e-06  1.20774288e-06  1.50424296e-06  1.08727264e-10  1.50424296e-06  2.04641518e-09  1.50424296e-06  0.00000000e+00  1.50424296e-06  0.00000000e+00 
 1.60424296e-06  4.04424914e-01  1.60424296e-06  5.40494235e-01  1.60424296e-06  1.20774289e-06  1.60424296e-06  1.08319745e-10  1.60424296e-06  2.09431772e-09  1.60424296e-06  0.00000000e+00  1.60424296e-06  0.00000000e+00 
 1.70424296e-06  4.27196374e-01  1.70424296e-06  5.40493711e-01  1.70424296e-06  1.20774290e-06  1.70424296e-06  1.08717453e-10  1.70424296e-06  2.14061019e-09  1.70424296e-06  0.00000000e+00  1.70424296e-06  0.00000000e+00 
 1.80424296e-06  4.49314772e-01  1.80424296e-06  5.40493415e-01  1.80424296e-06  1.20774292e-06  1.80424296e-06  1.08200862e-10  1.80424296e-06  2.18529275e-09  1.80424296e-06  0.00000000e+00  1.80424296e-06  0.00000000e+00 
 1.90424296e-06  4.70490408e-01  1.90424296e-06  5.40492549e-01  1.90424296e-06  1.20774295e-06  1.90424296e-06  1.08726287e-10  1.90424296e-06  2.22749156e-09  1.90424296e-06  0.00000000e+00  1.90424296e-06  0.00000000e+00 
 2.00424296e-06  4.90371169e-01  2.00424296e-06  5.40491742e-01  2.00424296e-06  1.20774297e-06  2.00424296e-06  1.08128835e-10  2.00424296e-06  2.26683209e-09  2.00424296e-06  0.00000000e+00  2.00424296e-06  0.00000000e+00 
 2.10424296e-06  5.08602707e-01  2.10424296e-06  5.40490364e-01  2.10424296e-06  1.20774301e-06  2.10424296e-06  1.08744784e-10  2.10424296e-06  2.30248894e-09  2.10424296e-06  0.00000000e+00  2.10424296e-06  0.00000000e+00 
 2.20424296e-06  5.24902398e-01  2.20424296e-06  5.40489056e-01  2.20424296e-06  1.20774304e-06  2.20424296e-06  1.08070468e-10  2.20424296e-06  2.33415406e-09  2.20424296e-06  0.00000000e+00  2.20424296e-06  0.00000000e+00 
 2.30424296e-06  5.39111970e-01  2.30424296e-06  5.40487363e-01  2.30424296e-06  1.20774310e-06  2.30424296e-06  1.08736347e-10  2.30424296e-06  2.36151407e-09  2.30424296e-06  0.00000000e+00  2.30424296e-06  0.00000000e+00 
 2.40424296e-06  5.51211453e-01  2.40424296e-06  5.40485882e-01  2.40424296e-06  1.20774312e-06  2.40424296e-06  1.07996884e-10  2.40424296e-06  2.38467124e-09  2.40424296e-06  0.00000000e+00  2.40424296e-06  0.00000000e+00 
 2.50424296e-06  5.61300330e-01  2.50424296e-06  5.40484235e-01  2.50424296e-06  1.20774317e-06  2.50424296e-06  1.08693950e-10  2.50424296e-06  2.40387830e-09  2.50424296e-06  0.00000000e+00  2.50424296e-06  0.00000000e+00 
 2.60424296e-06  5.69561827e-01  2.60424296e-06  5.40482913e-01  2.60424296e-06  1.20774318e-06  2.60424296e-06  1.07914027e-10  2.60424296e-06  2.41951027e-09  2.60424296e-06  0.00000000e+00  2.60424296e-06  0.00000000e+00 
 2.70424296e-06  5.76224751e-01  2.70424296e-06  5.40481560e-01  2.70424296e-06  1.20774323e-06  2.70424296e-06  1.08635433e-10  2.70424296e-06  2.43210938e-09  2.70424296e-06  0.00000000e+00  2.70424296e-06  0.00000000e+00 
 2.80424296e-06  5.81531468e-01  2.80424296e-06  5.40480559e-01  2.80424296e-06  1.20774322e-06  2.80424296e-06  1.07839153e-10  2.80424296e-06  2.44205942e-09  2.80424296e-06  0.00000000e+00  2.80424296e-06  0.00000000e+00 
 2.90424296e-06  5.85715332e-01  2.90424296e-06  5.40479571e-01  2.90424296e-06  1.20774326e-06  2.90424296e-06  1.08578596e-10  2.90424296e-06  2.44995300e-09  2.90424296e-06  0.00000000e+00  2.90424296e-06  0.00000000e+00 
 3.00424296e-06  5.88987284e-01  3.00424296e-06  5.40478895e-01  3.00424296e-06  1.20774325e-06  3.00424296e-06  1.07783218e-10  3.00424296e-06  2.45603417e-09  3.00424296e-06  0.00000000e+00  3.00424296e-06  0.00000000e+00 
 3.10424296e-06  5.91529748e-01  3.10424296e-06  5.40478225e-01  3.10424296e-06  1.20774329e-06  3.10424296e-06  1.08531828e-10  3.10424296e-06  2.46084440e-09  3.10424296e-06  0.00000000e+00  3.10424296e-06  0.00000000e+00 
 3.20424296e-06  5.93495483e-01  3.20424296e-06  5.40477805e-01  3.20424296e-06  1.20774327e-06  3.20424296e-06  1.07747813e-10  3.20424296e-06  2.46445666e-09  3.20424296e-06  0.00000000e+00  3.20424296e-06  0.00000000e+00 
 3.30424296e-06  5.95009406e-01  3.30424296e-06  5.40477371e-01  3.30424296e-06  1.20774331e-06  3.30424296e-06  1.08495796e-10  3.30424296e-06  2.46734871e-09  3.30424296e-06  0.00000000e+00  3.30424296e-06  0.00000000e+00 
 3.40424296e-06  5.96171857e-01  3.40424296e-06  5.40477125e-01  3.40424296e-06  1.20774328e-06  3.40424296e-06  1.07729468e-10  3.40424296e-06  2.46944611e-09  3.40424296e-06  0.00000000e+00  3.40424296e-06  0.00000000e+00 
 3.50424296e-06  5.97062718e-01  3.50424296e-06  5.40476847e-01  3.50424296e-06  1.20774332e-06  3.50424296e-06  1.08468249e-10  3.50424296e-06  2.47118332e-09  3.50424296e-06  0.00000000e+00  3.50424296e-06  0.00000000e+00 
 3.60424296e-06  5.97744155e-01  3.60424296e-06  5.40476716e-01  3.60424296e-06  1.20774329e-06  3.60424296e-06  1.07722049e-10  3.60424296e-06  2.47237293e-09  3.60424296e-06  0.00000000e+00  3.60424296e-06  0.00000000e+00 
 3.70424296e-06  5.98264319e-01  3.70424296e-06  5.40476536e-01  3.70424296e-06  1.20774332e-06  3.70424296e-06  1.08447664e-10  3.70424296e-06  2.47342635e-09  3.70424296e-06  0.00000000e+00  3.70424296e-06  0.00000000e+00 
 3.80424296e-06  5.98661023e-01  3.80424296e-06  5.40476470e-01  3.80424296e-06  1.20774329e-06  3.80424296e-06  1.07722453e-10  3.80424296e-06  2.47407707e-09  3.80424296e-06  0.00000000e+00  3.80424296e-06  0.00000000e+00 
 3.90424296e-06  5.98963352e-01  3.90424296e-06  5.40476354e-01  3.90424296e-06  1.20774333e-06  3.90424296e-06  1.08429482e-10  3.90424296e-06  2.47473182e-09  3.90424296e-06  0.00000000e+00  3.90424296e-06  0.00000000e+00 
 4.00424296e-06  5.99193635e-01  4.00424296e-06  5.40476324e-01  4.00424296e-06  1.20774329e-06  4.00424296e-06  1.07728825e-10  4.00424296e-06  2.47506563e-09  4.00424296e-06  0.00000000e+00  4.00424296e-06  0.00000000e+00 
 4.10424296e-06  5.99368971e-01  4.10424296e-06  5.40476249e-01  4.10424296e-06  1.20774333e-06  4.10424296e-06  1.08412566e-10  4.10424296e-06  2.47549012e-09  4.10424296e-06  0.00000000e+00  4.10424296e-06  0.00000000e+00 
 4.20424296e-06  5.99502429e-01  4.20424296e-06  5.40476239e-01  4.20424296e-06  1.20774329e-06  4.20424296e-06  1.07738911e-10  4.20424296e-06  2.47563774e-09  4.20424296e-06  0.00000000e+00  4.20424296e-06  0.00000000e+00 
 4.30424296e-06  5.99603987e-01  4.30424296e-06  5.40476189e-01  4.30424296e-06  1.20774333e-06  4.30424296e-06  1.08396234e-10  4.30424296e-06  2.47593025e-09  4.30424296e-06  0.00000000e+00  4.30424296e-06  0.00000000e+00 
 4.40424296e-06  5.99681255e-01  4.40424296e-06  5.40476188e-01  4.40424296e-06  1.20774329e-06  4.40424296e-06  1.07751278e-10  4.40424296e-06  2.47596825e-09  4.40424296e-06  0.00000000e+00  4.40424296e-06  0.00000000e+00 
 4.50424296e-06  5.99740036e-01  4.50424296e-06  5.40476154e-01  4.50424296e-06  1.20774333e-06  4.50424296e-06  1.08380261e-10  4.50424296e-06  2.47618573e-09  4.50424296e-06  0.00000000e+00  4.50424296e-06  0.00000000e+00 
 4.60424296e-06  5.99784748e-01  4.60424296e-06  5.40476159e-01  4.60424296e-06  1.20774329e-06  4.60424296e-06  1.07764890e-10  4.60424296e-06  2.47615885e-09  4.60424296e-06  0.00000000e+00  4.60424296e-06  0.00000000e+00 
 4.70424296e-06  5.99818756e-01  4.70424296e-06  5.40476135e-01  4.70424296e-06  1.20774333e-06  4.70424296e-06  1.08364590e-10  4.70424296e-06  2.47633415e-09  4.70424296e-06  0.00000000e+00  4.70424296e-06  0.00000000e+00 
 4.80424296e-06  5.99844620e-01  4.80424296e-06  5.40476141e-01  4.80424296e-06  1.20774329e-06  4.80424296e-06  1.07779164e-10  4.80424296e-06  2.47626856e-09  4.80424296e-06  0.00000000e+00  4.80424296e-06  0.00000000e+00 
 4.90424296e-06  5.99864290e-01  4.90424296e-06  5.40476124e-01  4.90424296e-06  1.20774333e-06  4.90424296e-06  1.08349207e-10  4.90424296e-06  2.47642051e-09  4.90424296e-06  0.00000000e+00  4.90424296e-06  0.00000000e+00 
 5.00000000e-06  5.99878686e-01  5.00000000e-06  5.40476130e-01  5.00000000e-06  1.20774329e-06  5.00000000e-06  1.07793962e-10  5.00000000e-06  2.47633047e-09  5.00000000e-06  0.00000000e+00  5.00000000e-06  0.00000000e+00 
 5.00000100e-06  5.99881788e-01  5.00000100e-06  5.41330363e-01  5.00000100e-06  1.00354867e-06  5.00000100e-06  2.43964967e-06  5.00000100e-06 -5.97045850e-07  5.00000100e-06  1.20000000e-01  5.00000100e-06  0.00000000e+00 
 5.00000300e-06  5.99888082e-01  5.00000300e-06  5.42985408e-01  5.00000300e-06  1.00175701e-06  5.00000300e-06  2.39582737e-06  5.00000300e-06 -6.20047744e-07  5.00000300e-06  3.60000000e-01  5.00000300e-06  0.00000000e+00 
 5.00000650e-06  5.99898623e-01  5.00000650e-06  5.45627593e-01  5.00000650e-06  1.03340811e-06  5.00000650e-06  1.33783079e-06  5.00000650e-06 -4.88929538e-07  5.00000650e-06  7.80000000e-01  5.00000650e-06  0.00000000e+00 
 5.00001000e-06  5.99906482e-01  5.00001000e-06  5.47448900e-01  5.00001000e-06  1.11139930e-06  5.00001000e-06 -8.72744253e-08  5.00001000e-06 -2.70451743e-07  5.00001000e-06  1.20000000e+00  5.00001000e-06  0.00000000e+00 
 5.00001070e-06  5.99906145e-01  5.00001070e-06  5.47264398e-01  5.00001070e-06  1.25794352e-06  5.00001070e-06 -2.17766012e-06  5.00001070e-06  1.69984982e-07  5.00001070e-06  1.20000000e+00  5.00001070e-06  0.00000000e+00 
 5.00001210e-06  5.99905264e-01  5.00001210e-06  5.46892013e-01  5.00001210e-06  1.27250867e-06  5.00001210e-06 -2.49049229e-06  5.00001210e-06  2.36781319e-07  5.00001210e-06  1.20000000e+00  5.00001210e-06  0.00000000e+00 
 5.00001490e-06  5.99903406e-01  5.00001490e-06  5.46226822e-01  5.00001490e-06  1.24727235e-06  5.00001490e-06 -1.93374209e-06  5.00001490e-06  1.34299352e-07  5.00001490e-06  1.20000000e+00  5.00001490e-06  0.00000000e+00 
 5.00002050e-06  5.99899648e-01  5.00002050e-06  5.45072489e-01  5.00002050e-06  1.25895730e-06  5.00002050e-06 -1.81398292e-06  5.00002050e-06  1.80947557e-07  5.00002050e-06  1.20000000e+00  5.00002050e-06  0.00000000e+00 
 5.00003170e-06  5.99890911e-01  5.00003170e-06  5.42756588e-01  5.00003170e-06  1.25283272e-06  5.00003170e-06 -8.27189188e-07  5.00003170e-06  1.31060863e-07  5.00003170e-06  1.20000000e+00  5.00003170e-06  0.00000000e+00 
 5.00005410e-06  5.99859292e-01  5.00005410e-06  5.34850204e-01  5.00005410e-06  1.34208017e-06  5.00005410e-06 -1.86015894e-07  5.00005410e-06  3.87862076e-07  5.00005410e-06  1.20000000e+00  5.00005410e-06  0.00000000e+00 
 5.00009071e-06  5.99800871e-01  5.00009071e-06  5.15398439e-01  5.00009071e-06  1.36406873e-06  5.00009071e-06  2.58835597e-06  5.00009071e-06  3.86063952e-07  5.00009071e-06  1.20000000e+00  5.00009071e-06  0.00000000e+00 
 5.00012607e-06  5.99793987e-01  5.00012607e-06  5.05795111e-01  5.00012607e-06  1.22963900e-06  5.00012607e-06  2.68729959e-06  5.00012607e-06  1.20057854e-10  5.00012607e-06  1.20000000e+00  5.00012607e-06  0.00000000e+00 
 5.00019681e-06  5.99842906e-01  5.00019681e-06  4.94681044e-01  5.00019681e-06  1.30274790e-06  5.00019681e-06  1.17589335e-06  5.00019681e-06  2.20153759e-07  5.00019681e-06  1.20000000e+00  5.00019681e-06  0.00000000e+00 
 5.00027557e-06  5.99910996e-01  5.00027557e-06  4.87852808e-01  5.00027557e-06  1.18426682e-06  5.00027557e-06  1.39285314e-06  5.00027557e-06 -1.04115408e-07  5.00027557e-06  1.20000000e+00  5.00027557e-06  0.00000000e+00 
 5.00039726e-06  5.99989999e-01  5.00039726e-06  4.81984799e-01  5.00039726e-06  1.27169522e-06  5.00039726e-06  5.22594670e-07  5.00039726e-06  1.60621073e-07  5.00039726e-06  1.20000000e+00  5.00039726e-06  0.00000000e+00 
 5.00061695e-06  6.00079263e-01  5.00061695e-06  4.79790732e-01  5.00061695e-06  1.15314385e-06  5.00061695e-06  9.22621016e-07  5.00061695e-06 -1.61073866e-07  5.00061695e-06  1.20000000e+00  5.00061695e-06  0.00000000e+00 
 5.00100000e-06  6.00153875e-01  5.00100000e-06  4.83809459e-01  5.00100000e-06  1.25229293e-06  5.00100000e-06  1.90013924e-07  5.00100000e-06  1.31612197e-07  5.00100000e-06  1.20000000e+00  5.00100000e-06  0.00000000e+00 
 5.00104394e-06  6.00185881e-01  5.00104394e-06  4.84603222e-01  5.00104394e-06  1.19930691e-06  5.00104394e-06  4.80961033e-07  5.00104394e-06 -1.91026552e-08  5.00104394e-06  1.20000000e+00  5.00104394e-06  0.00000000e+00 
 5.00113181e-06  6.00239049e-01  5.00113181e-06  4.86087053e-01  5.00113181e-06  1.19978739e-06  5.00113181e-06  4.69241953e-07  5.00113181e-06 -1.72108421e-08  5.00113181e-06  1.20000000e+00  5.00113181e-06  0.00000000e+00 
 5.00130757e-06  6.00288667e-01  5.00130757e-06  4.88973584e-01  5.00130757e-06  1.19960806e-06  5.00130757e-06  4.43910486e-07  5.00130757e-06 -1.69416002e-08  5.00130757e-06  1.20000000e+00  5.00130757e-06  0.00000000e+00 
 5.00159622e-06  6.00338054e-01  5.00159622e-06  4.93383137e-01  5.00159622e-06  1.20087630e-06  5.00159622e-06  4.16747084e-07  5.00159622e-06 -1.29982000e-08  5.00159622e-06  1.20000000e+00  5.00159622e-06  0.00000000e+00 
 5.00179811e-06  6.00368904e-01  5.00179811e-06  4.96142860e-01  5.00179811e-06  1.20119045e-06  5.00179811e-06  3.98758278e-07  5.00179811e-06 -1.20468231e-08  5.00179811e-06  1.20000000e+00  5.00179811e-06  0.00000000e+00 
 5.00200000e-06  6.00397617e-01  5.00200000e-06  4.98646299e-01  5.00200000e-06  1.20225359e-06  5.00200000e-06  3.87386367e-07  5.00200000e-06 -9.25670338e-09  5.00200000e-06  1.20000000e+00  5.00200000e-06  0.00000000e+00 
 5.00204038e-06  6.00399468e-01  5.00204038e-06  4.99109146e-01  5.00204038e-06  1.20220758e-06  5.00204038e-06  3.83991887e-07  5.00204038e-06 -9.35342502e-09  5.00204038e-06  1.20000000e+00  5.00204038e-06  0.00000000e+00 
 5.00212113e-06  6.00403104e-01  5.00212113e-06  5.00019669e-01  5.00212113e-06  1.20244843e-06  5.00212113e-06  3.79365750e-07  5.00212113e-06 -8.75615635e-09  5.00212113e-06  1.20000000e+00  5.00212113e-06  0.00000000e+00 
 5.00228265e-06  6.00410019e-01  5.00228265e-06  5.01736320e-01  5.00228265e-06  1.20293785e-06  5.00228265e-06  3.70987748e-07  5.00228265e-06 -7.48718267e-09  5.00228265e-06  1.20000000e+00  5.00228265e-06  0.00000000e+00 
 5.00260567e-06  6.00422750e-01  5.00260567e-06  5.04803892e-01  5.00260567e-06  1.20374192e-06  5.00260567e-06  3.57071642e-07  5.00260567e-06 -5.47717940e-09  5.00260567e-06  1.20000000e+00  5.00260567e-06  0.00000000e+00 
 5.00325173e-06  6.00445480e-01  5.00325173e-06  5.09845163e-01  5.00325173e-06  1.20492382e-06  5.00325173e-06  3.38461016e-07  5.00325173e-06 -2.50803023e-09  5.00325173e-06  1.20000000e+00  5.00325173e-06  0.00000000e+00 
 5.00454383e-06  6.00486197e-01  5.00454383e-06  5.17266662e-01  5.00454383e-06  1.20614786e-06  5.00454383e-06  3.24124887e-07  5.00454383e-06  4.93402226e-10  5.00454383e-06  1.20000000e+00  5.00454383e-06  0.00000000e+00 
 5.00712804e-06  6.00563976e-01  5.00712804e-06  5.26627296e-01  5.00712804e-06  1.20712445e-06  5.00712804e-06  3.27546552e-07  5.00712804e-06  2.54774424e-09  5.00712804e-06  1.20000000e+00  5.00712804e-06  0.00000000e+00 
 5.01229645e-06  6.00722408e-01  5.01229645e-06  5.35292303e-01  5.01229645e-06  1.20774108e-06  5.01229645e-06  3.36724834e-07  5.01229645e-06  2.87508140e-09  5.01229645e-06  1.20000000e+00  5.01229645e-06  0.00000000e+00 
 5.02263329e-06  6.01039821e-01  5.02263329e-06  5.39895032e-01  5.02263329e-06  1.20784751e-06  5.02263329e-06  3.31195287e-07  5.02263329e-06  2.45910379e-09  5.02263329e-06  1.20000000e+00  5.02263329e-06  0.00000000e+00 
 5.04330695e-06  6.01661252e-01  5.04330695e-06  5.40608990e-01  5.04330695e-06  1.20774149e-06  5.04330695e-06  3.29777446e-07  5.04330695e-06  2.49705608e-09  5.04330695e-06  1.20000000e+00  5.04330695e-06  0.00000000e+00 
 5.07428266e-06  6.02585378e-01  5.07428266e-06  5.40414129e-01  5.07428266e-06  1.20774248e-06  5.07428266e-06  3.30006203e-07  5.07428266e-06  2.46997935e-09  5.07428266e-06  1.20000000e+00  5.07428266e-06  0.00000000e+00 
 5.13623408e-06  6.04430116e-01  5.13623408e-06  5.40533054e-01  5.13623408e-06  1.20774351e-06  5.13623408e-06  3.30031686e-07  5.13623408e-06  2.49332399e-09  5.13623408e-06  1.20000000e+00  5.13623408e-06  0.00000000e+00 
 5.23623408e-06  6.07406746e-01  5.23623408e-06  5.40435207e-01  5.23623408e-06  1.20774347e-06  5.23623408e-06  3.30022347e-07  5.23623408e-06  2.48362265e-09  5.23623408e-06  1.20000000e+00  5.23623408e-06  0.00000000e+00 
 5.33623408e-06  6.10383918e-01  5.33623408e-06  5.40521125e-01  5.33623408e-06  1.20774255e-06  5.33623408e-06  3.30145257e-07  5.33623408e-06  2.50091964e-09  5.33623408e-06  1.20000000e+00  5.33623408e-06  0.00000000e+00 
 5.43623408e-06  6.13361344e-01  5.43623408e-06  5.40445087e-01  5.43623408e-06  1.20774447e-06  5.43623408e-06  3.30094198e-07  5.43623408e-06  2.49795705e-09  5.43623408e-06  1.20000000e+00  5.43623408e-06  0.00000000e+00 
 5.53623408e-06  6.16339098e-01  5.53623408e-06  5.40513086e-01  5.53623408e-06  1.20774154e-06  5.53623408e-06  3.30243083e-07  5.53623408e-06  2.50875492e-09  5.53623408e-06  1.20000000e+00  5.53623408e-06  0.00000000e+00 
 5.63623408e-06  6.19317219e-01  5.63623408e-06  5.40451963e-01  5.63623408e-06  1.20774546e-06  5.63623408e-06  3.30178959e-07  5.63623408e-06  2.51197347e-09  5.63623408e-06  1.20000000e+00  5.63623408e-06  0.00000000e+00 
 5.73623408e-06  6.22295610e-01  5.73623408e-06  5.40507406e-01  5.73623408e-06  1.20774060e-06  5.73623408e-06  3.30332237e-07  5.73623408e-06  2.51684965e-09  5.73623408e-06  1.20000000e+00  5.73623408e-06  0.00000000e+00 
 5.83623408e-06  6.25274406e-01  5.83623408e-06  5.40457000e-01  5.83623408e-06  1.20774635e-06  5.83623408e-06  3.30271258e-07  5.83623408e-06  2.52567016e-09  5.83623408e-06  1.20000000e+00  5.83623408e-06  0.00000000e+00 
 5.93623408e-06  6.28253457e-01  5.93623408e-06  5.40503198e-01  5.93623408e-06  1.20773976e-06  5.93623408e-06  3.30417113e-07  5.93623408e-06  2.52519781e-09  5.93623408e-06  1.20000000e+00  5.93623408e-06  0.00000000e+00 
 6.03623408e-06  6.31232927e-01  6.03623408e-06  5.40460871e-01  6.03623408e-06  1.20774714e-06  6.03623408e-06  3.30367815e-07  6.03623408e-06  2.53905875e-09  6.03623408e-06  1.20000000e+00  6.03623408e-06  0.00000000e+00 
 6.13623408e-06  6.34212652e-01  6.13623408e-06  5.40499946e-01  6.13623408e-06  1.20773903e-06  6.13623408e-06  3.30500434e-07  6.13623408e-06  2.53378405e-09  6.13623408e-06  1.20000000e+00  6.13623408e-06  0.00000000e+00 
 6.23623408e-06  6.37192801e-01  6.23623408e-06  5.40463972e-01  6.23623408e-06  1.20774782e-06  6.23623408e-06  3.30466681e-07  6.23623408e-06  2.55215734e-09  6.23623408e-06  1.20000000e+00  6.23623408e-06  0.00000000e+00 
 6.33623408e-06  6.40173211e-01  6.33623408e-06  5.40497347e-01  6.33623408e-06  1.20773839e-06  6.33623408e-06  3.30583891e-07  6.33623408e-06  2.54258883e-09  6.33623408e-06  1.20000000e+00  6.33623408e-06  0.00000000e+00 
 6.43623408e-06  6.43154045e-01  6.43623408e-06  5.40466540e-01  6.43623408e-06  1.20774841e-06  6.43623408e-06  3.30566742e-07  6.43623408e-06  2.56498669e-09  6.43623408e-06  1.20000000e+00  6.43623408e-06  0.00000000e+00 
 6.53623408e-06  6.46135153e-01  6.53623408e-06  5.40495214e-01  6.53623408e-06  1.20773784e-06  6.53623408e-06  3.30668528e-07  6.53623408e-06  2.55159120e-09  6.53623408e-06  1.20000000e+00  6.53623408e-06  0.00000000e+00 
 6.63623408e-06  6.49116681e-01  6.63623408e-06  5.40468722e-01  6.63623408e-06  1.20774893e-06  6.63623408e-06  3.30667410e-07  6.63623408e-06  2.57756809e-09  6.63623408e-06  1.20000000e+00  6.63623408e-06  0.00000000e+00 
 6.73623408e-06  6.52098499e-01  6.73623408e-06  5.40493434e-01  6.73623408e-06  1.20773736e-06  6.73623408e-06  3.30754974e-07  6.73623408e-06  2.56077038e-09  6.73623408e-06  1.20000000e+00  6.73623408e-06  0.00000000e+00 
 6.83623408e-06  6.55080732e-01  6.83623408e-06  5.40470610e-01  6.83623408e-06  1.20774937e-06  6.83623408e-06  3.30768438e-07  6.83623408e-06  2.58992226e-09  6.83623408e-06  1.20000000e+00  6.83623408e-06  0.00000000e+00 
 6.93623408e-06  6.58063271e-01  6.93623408e-06  5.40491933e-01  6.93623408e-06  1.20773695e-06  6.93623408e-06  3.30843615e-07  6.93623408e-06  2.57010648e-09  6.93623408e-06  1.20000000e+00  6.93623408e-06  0.00000000e+00 
 7.03623408e-06  6.61046222e-01  7.03623408e-06  5.40472268e-01  7.03623408e-06  1.20774975e-06  7.03623408e-06  3.30869787e-07  7.03623408e-06  2.60206875e-09  7.03623408e-06  1.20000000e+00  7.03623408e-06  0.00000000e+00 
 7.13623408e-06  6.64029496e-01  7.13623408e-06  5.40490660e-01  7.13623408e-06  1.20773660e-06  7.13623408e-06  3.30934685e-07  7.13623408e-06  2.57958095e-09  7.13623408e-06  1.20000000e+00  7.13623408e-06  0.00000000e+00 
 7.23623408e-06  6.67013177e-01  7.23623408e-06  5.40473736e-01  7.23623408e-06  1.20775008e-06  7.23623408e-06  3.30971550e-07  7.23623408e-06  2.61402576e-09  7.23623408e-06  1.20000000e+00  7.23623408e-06  0.00000000e+00 
 7.33623408e-06  6.69997199e-01  7.33623408e-06  5.40489582e-01  7.33623408e-06  1.20773629e-06  7.33623408e-06  3.31028330e-07  7.33623408e-06  2.58917668e-09  7.33623408e-06  1.20000000e+00  7.33623408e-06  0.00000000e+00 
 7.43623408e-06  6.72981628e-01  7.43623408e-06  5.40475047e-01  7.43623408e-06  1.20775036e-06  7.43623408e-06  3.31073907e-07  7.43623408e-06  2.62580999e-09  7.43623408e-06  1.20000000e+00  7.43623408e-06  0.00000000e+00 
 7.53623408e-06  6.75966413e-01  7.53623408e-06  5.40488672e-01  7.53623408e-06  1.20773603e-06  7.53623408e-06  3.31124650e-07  7.53623408e-06  2.59887803e-09  7.53623408e-06  1.20000000e+00  7.53623408e-06  0.00000000e+00 
 7.63623408e-06  6.78951605e-01  7.63623408e-06  5.40476224e-01  7.63623408e-06  1.20775061e-06  7.63623408e-06  3.31177086e-07  7.63623408e-06  2.63743671e-09  7.63623408e-06  1.20000000e+00  7.63623408e-06  0.00000000e+00 
 7.73623408e-06  6.81937170e-01  7.73623408e-06  5.40487911e-01  7.73623408e-06  1.20773581e-06  7.73623408e-06  3.31223724e-07  7.73623408e-06  2.60867078e-09  7.73623408e-06  1.20000000e+00  7.73623408e-06  0.00000000e+00 
 7.83623408e-06  6.84923143e-01  7.83623408e-06  5.40477287e-01  7.83623408e-06  1.20775081e-06  7.83623408e-06  3.31281350e-07  7.83623408e-06  2.64891982e-09  7.83623408e-06  1.20000000e+00  7.83623408e-06  0.00000000e+00 
 7.93623408e-06  6.87909505e-01  7.93623408e-06  5.40487283e-01  7.93623408e-06  1.20773561e-06  7.93623408e-06  3.31325627e-07  7.93623408e-06  2.61854208e-09  7.93623408e-06  1.20000000e+00  7.93623408e-06  0.00000000e+00 
 8.03623408e-06  6.90896279e-01  8.03623408e-06  5.40478252e-01  8.03623408e-06  1.20775099e-06  8.03623408e-06  3.31386978e-07  8.03623408e-06  2.66027191e-09  8.03623408e-06  1.20000000e+00  8.03623408e-06  0.00000000e+00 
 8.13623408e-06  6.93883459e-01  8.13623408e-06  5.40486775e-01  8.13623408e-06  1.20773545e-06  8.13623408e-06  3.31430440e-07  8.13623408e-06  2.62848028e-09  8.13623408e-06  1.20000000e+00  8.13623408e-06  0.00000000e+00 
 8.23623408e-06  6.96871055e-01  8.23623408e-06  5.40479133e-01  8.23623408e-06  1.20775114e-06  8.23623408e-06  3.31494260e-07  8.23623408e-06  2.67150442e-09  8.23623408e-06  1.20000000e+00  8.23623408e-06  0.00000000e+00 
 8.33623408e-06  6.99859073e-01  8.33623408e-06  5.40486376e-01  8.33623408e-06  1.20773531e-06  8.33623408e-06  3.31538258e-07  8.33623408e-06  2.63847492e-09  8.33623408e-06  1.20000000e+00  8.33623408e-06  0.00000000e+00 
 8.43623408e-06  7.02847514e-01  8.43623408e-06  5.40479941e-01  8.43623408e-06  1.20775127e-06  8.43623408e-06  3.31603496e-07  8.43623408e-06  2.68262767e-09  8.43623408e-06  1.20000000e+00  8.43623408e-06  0.00000000e+00 
 8.53623408e-06  7.05836393e-01  8.53623408e-06  5.40486076e-01  8.53623408e-06  1.20773520e-06  8.53623408e-06  3.31649192e-07  8.53623408e-06  2.64851657e-09  8.53623408e-06  1.20000000e+00  8.53623408e-06  0.00000000e+00 
 8.63623408e-06  7.08825703e-01  8.63623408e-06  5.40480687e-01  8.63623408e-06  1.20775137e-06  8.63623408e-06  3.31714987e-07  8.63623408e-06  2.69365101e-09  8.63623408e-06  1.20000000e+00  8.63623408e-06  0.00000000e+00 
 8.73623408e-06  7.11815468e-01  8.73623408e-06  5.40485867e-01  8.73623408e-06  1.20773510e-06  8.73623408e-06  3.31763368e-07  8.73623408e-06  2.65859675e-09  8.73623408e-06  1.20000000e+00  8.73623408e-06  0.00000000e+00 
 8.83623408e-06  7.14805674e-01  8.83623408e-06  5.40481381e-01  8.83623408e-06  1.20775146e-06  8.83623408e-06  3.31829040e-07  8.83623408e-06  2.70458289e-09  8.83623408e-06  1.20000000e+00  8.83623408e-06  0.00000000e+00 
 8.93623408e-06  7.17796351e-01  8.93623408e-06  5.40485742e-01  8.93623408e-06  1.20773503e-06  8.93623408e-06  3.31880933e-07  8.93623408e-06  2.66870788e-09  8.93623408e-06  1.20000000e+00  8.93623408e-06  0.00000000e+00 
 9.03623408e-06  7.20787482e-01  9.03623408e-06  5.40482030e-01  9.03623408e-06  1.20775153e-06  9.03623408e-06  3.31945959e-07  9.03623408e-06  2.71543091e-09  9.03623408e-06  1.20000000e+00  9.03623408e-06  0.00000000e+00 
 9.13623408e-06  7.23779100e-01  9.13623408e-06  5.40485692e-01  9.13623408e-06  1.20773496e-06  9.13623408e-06  3.32002048e-07  9.13623408e-06  2.67884314e-09  9.13623408e-06  1.20000000e+00  9.13623408e-06  0.00000000e+00 
 9.23623408e-06  7.26771185e-01  9.23623408e-06  5.40482643e-01  9.23623408e-06  1.20775159e-06  9.23623408e-06  3.32066057e-07  9.23623408e-06  2.72620195e-09  9.23623408e-06  1.20000000e+00  9.23623408e-06  0.00000000e+00 
 9.33623408e-06  7.29763776e-01  9.33623408e-06  5.40485713e-01  9.33623408e-06  1.20773491e-06  9.33623408e-06  3.32126896e-07  9.33623408e-06  2.68899647e-09  9.33623408e-06  1.20000000e+00  9.33623408e-06  0.00000000e+00 
 9.43623408e-06  7.32756848e-01  9.43623408e-06  5.40483226e-01  9.43623408e-06  1.20775163e-06  9.43623408e-06  3.32189645e-07  9.43623408e-06  2.73690222e-09  9.43623408e-06  1.20000000e+00  9.43623408e-06  0.00000000e+00 
 9.53623408e-06  7.35750444e-01  9.53623408e-06  5.40485798e-01  9.53623408e-06  1.20773487e-06  9.53623408e-06  3.32255671e-07  9.53623408e-06  2.69916244e-09  9.53623408e-06  1.20000000e+00  9.53623408e-06  0.00000000e+00 
 9.63623408e-06  7.38744538e-01  9.63623408e-06  5.40483786e-01  9.63623408e-06  1.20775167e-06  9.63623408e-06  3.32317034e-07  9.63623408e-06  2.74753730e-09  9.63623408e-06  1.20000000e+00  9.63623408e-06  0.00000000e+00 
 9.73623408e-06  7.41739174e-01  9.73623408e-06  5.40485943e-01  9.73623408e-06  1.20773484e-06  9.73623408e-06  3.32388581e-07  9.73623408e-06  2.70933622e-09  9.73623408e-06  1.20000000e+00  9.73623408e-06  0.00000000e+00 
 9.83623408e-06  7.44734327e-01  9.83623408e-06  5.40484327e-01  9.83623408e-06  1.20775169e-06  9.83623408e-06  3.32448536e-07  9.83623408e-06  2.75811222e-09  9.83623408e-06  1.20000000e+00  9.83623408e-06  0.00000000e+00 
 9.93623408e-06  7.47730041e-01  9.93623408e-06  5.40486143e-01  9.93623408e-06  1.20773482e-06  9.93623408e-06  3.32525845e-07  9.93623408e-06  2.71951354e-09  9.93623408e-06  1.20000000e+00  9.93623408e-06  0.00000000e+00 
 1.00362341e-05  7.50726291e-01  1.00362341e-05  5.40484856e-01  1.00362341e-05  1.20775171e-06  1.00362341e-05  3.32584463e-07  1.00362341e-05  2.76863152e-09  1.00362341e-05  1.20000000e+00  1.00362341e-05  0.00000000e+00 
 1.01362341e-05  7.53723124e-01  1.01362341e-05  5.40486393e-01  1.01362341e-05  1.20773481e-06  1.01362341e-05  3.32667692e-07  1.01362341e-05  2.72969060e-09  1.01362341e-05  1.20000000e+00  1.01362341e-05  0.00000000e+00 
 1.02362341e-05  7.56720513e-01  1.02362341e-05  5.40485375e-01  1.02362341e-05  1.20775172e-06  1.02362341e-05  3.32725122e-07  1.02362341e-05  2.77909926e-09  1.02362341e-05  1.20000000e+00  1.02362341e-05  0.00000000e+00 
 1.03362341e-05  7.59718507e-01  1.03362341e-05  5.40486689e-01  1.03362341e-05  1.20773480e-06  1.03362341e-05  3.32814353e-07  1.03362341e-05  2.73986408e-09  1.03362341e-05  1.20000000e+00  1.03362341e-05  0.00000000e+00 
 1.04362341e-05  7.62717078e-01  1.04362341e-05  5.40485889e-01  1.04362341e-05  1.20775173e-06  1.04362341e-05  3.32870814e-07  1.04362341e-05  2.78951911e-09  1.04362341e-05  1.20000000e+00  1.04362341e-05  0.00000000e+00 
 1.05362341e-05  7.65716277e-01  1.05362341e-05  5.40487028e-01  1.05362341e-05  1.20773479e-06  1.05362341e-05  3.32966061e-07  1.05362341e-05  2.75003103e-09  1.05362341e-05  1.20000000e+00  1.05362341e-05  0.00000000e+00 
 1.06362341e-05  7.68716078e-01  1.06362341e-05  5.40486402e-01  1.06362341e-05  1.20775173e-06  1.06362341e-05  3.33021832e-07  1.06362341e-05  2.79989432e-09  1.06362341e-05  1.20000000e+00  1.06362341e-05  0.00000000e+00 
 1.07362341e-05  7.71716528e-01  1.07362341e-05  5.40487405e-01  1.07362341e-05  1.20773479e-06  1.07362341e-05  3.33123045e-07  1.07362341e-05  2.76018891e-09  1.07362341e-05  1.20000000e+00  1.07362341e-05  0.00000000e+00 
 1.08362341e-05  7.74717606e-01  1.08362341e-05  5.40486918e-01  1.08362341e-05  1.20775173e-06  1.08362341e-05  3.33178450e-07  1.08362341e-05  2.81022784e-09  1.08362341e-05  1.20000000e+00  1.08362341e-05  0.00000000e+00 
 1.09362341e-05  7.77719358e-01  1.09362341e-05  5.40487819e-01  1.09362341e-05  1.20773480e-06  1.09362341e-05  3.33285524e-07  1.09362341e-05  2.77033551e-09  1.09362341e-05  1.20000000e+00  1.09362341e-05  0.00000000e+00 
 1.10362341e-05  7.80721762e-01  1.10362341e-05  5.40487439e-01  1.10362341e-05  1.20775172e-06  1.10362341e-05  3.33340923e-07  1.10362341e-05  2.82052227e-09  1.10362341e-05  1.20000000e+00  1.10362341e-05  0.00000000e+00 
 1.11362341e-05  7.83724866e-01  1.11362341e-05  5.40488266e-01  1.11362341e-05  1.20773480e-06  1.11362341e-05  3.33453705e-07  1.11362341e-05  2.78046894e-09  1.11362341e-05  1.20000000e+00  1.11362341e-05  0.00000000e+00 
 1.12362341e-05  7.86728650e-01  1.12362341e-05  5.40487969e-01  1.12362341e-05  1.20775172e-06  1.12362341e-05  3.33509484e-07  1.12362341e-05  2.83077993e-09  1.12362341e-05  1.20000000e+00  1.12362341e-05  0.00000000e+00 
 1.13362341e-05  7.89733158e-01  1.13362341e-05  5.40488744e-01  1.13362341e-05  1.20773481e-06  1.13362341e-05  3.33627773e-07  1.13362341e-05  2.79058758e-09  1.13362341e-05  1.20000000e+00  1.13362341e-05  0.00000000e+00 
 1.14362341e-05  7.92738374e-01  1.14362341e-05  5.40488511e-01  1.14362341e-05  1.20775171e-06  1.14362341e-05  3.33684331e-07  1.14362341e-05  2.84100289e-09  1.14362341e-05  1.20000000e+00  1.14362341e-05  0.00000000e+00 
 1.15362341e-05  7.95744341e-01  1.15362341e-05  5.40489252e-01  1.15362341e-05  1.20773482e-06  1.15362341e-05  3.33807886e-07  1.15362341e-05  2.80069009e-09  1.15362341e-05  1.20000000e+00  1.15362341e-05  0.00000000e+00 
 1.16362341e-05  7.98751044e-01  1.16362341e-05  5.40489069e-01  1.16362341e-05  1.20775170e-06  1.16362341e-05  3.33865626e-07  1.16362341e-05  2.85119296e-09  1.16362341e-05  1.20000000e+00  1.16362341e-05  0.00000000e+00 
 1.17362341e-05  8.01758525e-01  1.17362341e-05  5.40489788e-01  1.17362341e-05  1.20773483e-06  1.17362341e-05  3.33994175e-07  1.17362341e-05  2.81077535e-09  1.17362341e-05  1.20000000e+00  1.17362341e-05  0.00000000e+00 
 1.18362341e-05  8.04766771e-01  1.18362341e-05  5.40489646e-01  1.18362341e-05  1.20775169e-06  1.18362341e-05  3.34053491e-07  1.18362341e-05  2.86135173e-09  1.18362341e-05  1.20000000e+00  1.18362341e-05  0.00000000e+00 
 1.19362341e-05  8.07775821e-01  1.19362341e-05  5.40490352e-01  1.19362341e-05  1.20773484e-06  1.19362341e-05  3.34186735e-07  1.19362341e-05  2.82084245e-09  1.19362341e-05  1.20000000e+00  1.19362341e-05  0.00000000e+00 
 1.20362341e-05  8.10785665e-01  1.20362341e-05  5.40490245e-01  1.20362341e-05  1.20775168e-06  1.20362341e-05  3.34248001e-07  1.20362341e-05  2.87148059e-09  1.20362341e-05  1.20000000e+00  1.20362341e-05  0.00000000e+00 
 1.21362341e-05  8.13796341e-01  1.21362341e-05  5.40490946e-01  1.21362341e-05  1.20773485e-06  1.21362341e-05  3.34385623e-07  1.21362341e-05  2.83089069e-09  1.21362341e-05  1.20000000e+00  1.21362341e-05  0.00000000e+00 
 1.22362341e-05  8.16807840e-01  1.22362341e-05  5.40490870e-01  1.22362341e-05  1.20775167e-06  1.22362341e-05  3.34449194e-07  1.22362341e-05  2.88158077e-09  1.22362341e-05  1.20000000e+00  1.22362341e-05  0.00000000e+00 
 1.23362341e-05  8.19820198e-01  1.23362341e-05  5.40491568e-01  1.23362341e-05  1.20773487e-06  1.23362341e-05  3.34590870e-07  1.23362341e-05  2.84091952e-09  1.23362341e-05  1.20000000e+00  1.23362341e-05  0.00000000e+00 
 1.24362341e-05  8.22833407e-01  1.24362341e-05  5.40491525e-01  1.24362341e-05  1.20775166e-06  1.24362341e-05  3.34657063e-07  1.24362341e-05  2.89165329e-09  1.24362341e-05  1.20000000e+00  1.24362341e-05  0.00000000e+00 
 1.25362341e-05  8.25847502e-01  1.25362341e-05  5.40492221e-01  1.25362341e-05  1.20773488e-06  1.25362341e-05  3.34802468e-07  1.25362341e-05  2.85092856e-09  1.25362341e-05  1.20000000e+00  1.25362341e-05  0.00000000e+00 
 1.26362341e-05  8.28862477e-01  1.26362341e-05  5.40492212e-01  1.26362341e-05  1.20775164e-06  1.26362341e-05  3.34871574e-07  1.26362341e-05  2.90169906e-09  1.26362341e-05  1.20000000e+00  1.26362341e-05  0.00000000e+00 
 1.27362341e-05  8.31878364e-01  1.27362341e-05  5.40492906e-01  1.27362341e-05  1.20773489e-06  1.27362341e-05  3.35020394e-07  1.27362341e-05  2.86091753e-09  1.27362341e-05  1.20000000e+00  1.27362341e-05  0.00000000e+00 
 1.28362341e-05  8.34895159e-01  1.28362341e-05  5.40492936e-01  1.28362341e-05  1.20775163e-06  1.28362341e-05  3.35092667e-07  1.28362341e-05  2.91171884e-09  1.28362341e-05  1.20000000e+00  1.28362341e-05  0.00000000e+00 
 1.29362341e-05  8.37912892e-01  1.29362341e-05  5.40493626e-01  1.29362341e-05  1.20773490e-06  1.29362341e-05  3.35244616e-07  1.29362341e-05  2.87088629e-09  1.29362341e-05  1.20000000e+00  1.29362341e-05  0.00000000e+00 
 1.30362341e-05  8.40931561e-01  1.30362341e-05  5.40493698e-01  1.30362341e-05  1.20775162e-06  1.30362341e-05  3.35320283e-07  1.30362341e-05  2.92171331e-09  1.30362341e-05  1.20000000e+00  1.30362341e-05  0.00000000e+00 
 1.31362341e-05  8.43951193e-01  1.31362341e-05  5.40494382e-01  1.31362341e-05  1.20773492e-06  1.31362341e-05  3.35475116e-07  1.31362341e-05  2.88083477e-09  1.31362341e-05  1.20000000e+00  1.31362341e-05  0.00000000e+00 
 1.32362341e-05  8.46971789e-01  1.32362341e-05  5.40494502e-01  1.32362341e-05  1.20775160e-06  1.32362341e-05  3.35554381e-07  1.32362341e-05  2.93168302e-09  1.32362341e-05  1.20000000e+00  1.32362341e-05  0.00000000e+00 
 1.33362341e-05  8.49993375e-01  1.33362341e-05  5.40495177e-01  1.33362341e-05  1.20773493e-06  1.33362341e-05  3.35711905e-07  1.33362341e-05  2.89076300e-09  1.33362341e-05  1.20000000e+00  1.33362341e-05  0.00000000e+00 
 1.34362341e-05  8.53015950e-01  1.34362341e-05  5.40495349e-01  1.34362341e-05  1.20775159e-06  1.34362341e-05  3.35794968e-07  1.34362341e-05  2.94162847e-09  1.34362341e-05  1.20000000e+00  1.34362341e-05  0.00000000e+00 
 1.35362341e-05  8.56039542e-01  1.35362341e-05  5.40496011e-01  1.35362341e-05  1.20773495e-06  1.35362341e-05  3.35955062e-07  1.35362341e-05  2.90067106e-09  1.35362341e-05  1.20000000e+00  1.35362341e-05  0.00000000e+00 
 1.36362341e-05  8.59064151e-01  1.36362341e-05  5.40496240e-01  1.36362341e-05  1.20775158e-06  1.36362341e-05  3.36042129e-07  1.36362341e-05  2.95155008e-09  1.36362341e-05  1.20000000e+00  1.36362341e-05  0.00000000e+00 
 1.37362341e-05  8.62089803e-01  1.37362341e-05  5.40496885e-01  1.37362341e-05  1.20773496e-06  1.37362341e-05  3.36204759e-07  1.37362341e-05  2.91055910e-09  1.37362341e-05  1.20000000e+00  1.37362341e-05  0.00000000e+00 
 1.38362341e-05  8.65116500e-01  1.38362341e-05  5.40497175e-01  1.38362341e-05  1.20775156e-06  1.38362341e-05  3.36296064e-07  1.38362341e-05  2.96144824e-09  1.38362341e-05  1.20000000e+00  1.38362341e-05  0.00000000e+00 
 1.39362341e-05  8.68144270e-01  1.39362341e-05  5.40497800e-01  1.39362341e-05  1.20773497e-06  1.39362341e-05  3.36461305e-07  1.39362341e-05  2.92042729e-09  1.39362341e-05  1.20000000e+00  1.39362341e-05  0.00000000e+00 
 1.40362341e-05  8.71173115e-01  1.40362341e-05  5.40498152e-01  1.40362341e-05  1.20775155e-06  1.40362341e-05  3.36557129e-07  1.40362341e-05  2.97132332e-09  1.40362341e-05  1.20000000e+00  1.40362341e-05  0.00000000e+00 
 1.41362341e-05  8.74203062e-01  1.41362341e-05  5.40498754e-01  1.41362341e-05  1.20773499e-06  1.41362341e-05  3.36725180e-07  1.41362341e-05  2.93027584e-09  1.41362341e-05  1.20000000e+00  1.41362341e-05  0.00000000e+00 
 1.42362341e-05  8.77234118e-01  1.42362341e-05  5.40499169e-01  1.42362341e-05  1.20775153e-06  1.42362341e-05  3.36825882e-07  1.42362341e-05  2.98117566e-09  1.42362341e-05  1.20000000e+00  1.42362341e-05  0.00000000e+00 
 1.43362341e-05  8.80266310e-01  1.43362341e-05  5.40499745e-01  1.43362341e-05  1.20773501e-06  1.43362341e-05  3.36997086e-07  1.43362341e-05  2.94010502e-09  1.43362341e-05  1.20000000e+00  1.43362341e-05  0.00000000e+00 
 1.44362341e-05  8.83299647e-01  1.44362341e-05  5.40500223e-01  1.44362341e-05  1.20775152e-06  1.44362341e-05  3.37103133e-07  1.44362341e-05  2.99100561e-09  1.44362341e-05  1.20000000e+00  1.44362341e-05  0.00000000e+00 
 1.45362341e-05  8.86334159e-01  1.45362341e-05  5.40500771e-01  1.45362341e-05  1.20773502e-06  1.45362341e-05  3.37278002e-07  1.45362341e-05  2.94991512e-09  1.45362341e-05  1.20000000e+00  1.45362341e-05  0.00000000e+00 
 1.46362341e-05  8.89369858e-01  1.46362341e-05  5.40501310e-01  1.46362341e-05  1.20775150e-06  1.46362341e-05  3.37389990e-07  1.46362341e-05  3.00081357e-09  1.46362341e-05  1.20000000e+00  1.46362341e-05  0.00000000e+00 
 1.47362341e-05  8.92406777e-01  1.47362341e-05  5.40501826e-01  1.47362341e-05  1.20773504e-06  1.47362341e-05  3.37569227e-07  1.47362341e-05  2.95970645e-09  1.47362341e-05  1.20000000e+00  1.47362341e-05  0.00000000e+00 
 1.48362341e-05  8.95444931e-01  1.48362341e-05  5.40502424e-01  1.48362341e-05  1.20775149e-06  1.48362341e-05  3.37687919e-07  1.48362341e-05  3.01059992e-09  1.48362341e-05  1.20000000e+00  1.48362341e-05  0.00000000e+00 
 1.49362341e-05  8.98484359e-01  1.49362341e-05  5.40502907e-01  1.49362341e-05  1.20773505e-06  1.49362341e-05  3.37872440e-07  1.49362341e-05  2.96947938e-09  1.49362341e-05  1.20000000e+00  1.49362341e-05  0.00000000e+00 
 1.50362341e-05  9.01525079e-01  1.50362341e-05  5.40503558e-01  1.50362341e-05  1.20775147e-06  1.50362341e-05  3.37998806e-07  1.50362341e-05  3.02036515e-09  1.50362341e-05  1.20000000e+00  1.50362341e-05  0.00000000e+00 
 1.51362341e-05  9.04567136e-01  1.51362341e-05  5.40504006e-01  1.51362341e-05  1.20773507e-06  1.51362341e-05  3.38189771e-07  1.51362341e-05  2.97923433e-09  1.51362341e-05  1.20000000e+00  1.51362341e-05  0.00000000e+00 
 1.52362341e-05  9.07610555e-01  1.52362341e-05  5.40504707e-01  1.52362341e-05  1.20775145e-06  1.52362341e-05  3.38325010e-07  1.52362341e-05  3.03010976e-09  1.52362341e-05  1.20000000e+00  1.52362341e-05  0.00000000e+00 
 1.53362341e-05  9.10655385e-01  1.53362341e-05  5.40505120e-01  1.53362341e-05  1.20773509e-06  1.53362341e-05  3.38523853e-07  1.53362341e-05  2.98897177e-09  1.53362341e-05  1.20000000e+00  1.53362341e-05  0.00000000e+00 
 1.54362341e-05  9.13701659e-01  1.54362341e-05  5.40505864e-01  1.54362341e-05  1.20775144e-06  1.54362341e-05  3.38669447e-07  1.54362341e-05  3.03983436e-09  1.54362341e-05  1.20000000e+00  1.54362341e-05  0.00000000e+00 
 1.55362341e-05  9.16749436e-01  1.55362341e-05  5.40506240e-01  1.55362341e-05  1.20773511e-06  1.55362341e-05  3.38877906e-07  1.55362341e-05  2.99869225e-09  1.55362341e-05  1.20000000e+00  1.55362341e-05  0.00000000e+00 
 1.56362341e-05  9.19798755e-01  1.56362341e-05  5.40507023e-01  1.56362341e-05  1.20775142e-06  1.56362341e-05  3.39035652e-07  1.56362341e-05  3.04953966e-09  1.56362341e-05  1.20000000e+00  1.56362341e-05  0.00000000e+00 
 1.57362341e-05  9.22849684e-01  1.57362341e-05  5.40507361e-01  1.57362341e-05  1.20773513e-06  1.57362341e-05  3.39255811e-07  1.57362341e-05  3.00839643e-09  1.57362341e-05  1.20000000e+00  1.57362341e-05  0.00000000e+00 
 1.58362341e-05  9.25902275e-01  1.58362341e-05  5.40508176e-01  1.58362341e-05  1.20775140e-06  1.58362341e-05  3.39427876e-07  1.58362341e-05  3.05922647e-09  1.58362341e-05  1.20000000e+00  1.58362341e-05  0.00000000e+00 
 1.59362341e-05  9.28956606e-01  1.59362341e-05  5.40508477e-01  1.59362341e-05  1.20773515e-06  1.59362341e-05  3.39662216e-07  1.59362341e-05  3.01808504e-09  1.59362341e-05  1.20000000e+00  1.59362341e-05  0.00000000e+00 
 1.60362341e-05  9.32012740e-01  1.60362341e-05  5.40509319e-01  1.60362341e-05  1.20775138e-06  1.60362341e-05  3.39851181e-07  1.60362341e-05  3.06889574e-09  1.60362341e-05  1.20000000e+00  1.60362341e-05  0.00000000e+00 
 1.61362341e-05  9.35070769e-01  1.61362341e-05  5.40509583e-01  1.61362341e-05  1.20773516e-06  1.61362341e-05  3.40102625e-07  1.61362341e-05  3.02775899e-09  1.61362341e-05  1.20000000e+00  1.61362341e-05  0.00000000e+00 
 1.62362341e-05  9.38130770e-01  1.62362341e-05  5.40510446e-01  1.62362341e-05  1.20775136e-06  1.62362341e-05  3.40311560e-07  1.62362341e-05  3.07854857e-09  1.62362341e-05  1.20000000e+00  1.62362341e-05  0.00000000e+00 
 1.63362341e-05  9.41192852e-01  1.63362341e-05  5.40510674e-01  1.63362341e-05  1.20773518e-06  1.63362341e-05  3.40583544e-07  1.63362341e-05  3.03741932e-09  1.63362341e-05  1.20000000e+00  1.63362341e-05  0.00000000e+00 
 1.64362341e-05  9.44257107e-01  1.64362341e-05  5.40511554e-01  1.64362341e-05  1.20775135e-06  1.64362341e-05  3.40816069e-07  1.64362341e-05  3.08818624e-09  1.64362341e-05  1.20000000e+00  1.64362341e-05  0.00000000e+00 
 1.65362341e-05  9.47323662e-01  1.65362341e-05  5.40511748e-01  1.65362341e-05  1.20773520e-06  1.65362341e-05  3.41112617e-07  1.65362341e-05  3.04706726e-09  1.65362341e-05  1.20000000e+00  1.65362341e-05  0.00000000e+00 
 1.66362341e-05  9.50392629e-01  1.66362341e-05  5.40512640e-01  1.66362341e-05  1.20775133e-06  1.66362341e-05  3.41372991e-07  1.66362341e-05  3.09781026e-09  1.66362341e-05  1.20000000e+00  1.66362341e-05  0.00000000e+00 
 1.67362341e-05  9.53464158e-01  1.67362341e-05  5.40512801e-01  1.67362341e-05  1.20773523e-06  1.67362341e-05  3.41698809e-07  1.67362341e-05  3.05670427e-09  1.67362341e-05  1.20000000e+00  1.67362341e-05  0.00000000e+00 
 1.68362341e-05  9.56538382e-01  1.68362341e-05  5.40513702e-01  1.68362341e-05  1.20775131e-06  1.68362341e-05  3.41992036e-07  1.68362341e-05  3.10742235e-09  1.68362341e-05  1.20000000e+00  1.68362341e-05  0.00000000e+00 
 1.69362341e-05  9.59615476e-01  1.69362341e-05  5.40513833e-01  1.69362341e-05  1.20773524e-06  1.69362341e-05  3.42352619e-07  1.69362341e-05  3.06633207e-09  1.69362341e-05  1.20000000e+00  1.69362341e-05  0.00000000e+00 
 1.70362341e-05  9.62695600e-01  1.70362341e-05  5.40514740e-01  1.70362341e-05  1.20775129e-06  1.70362341e-05  3.42684558e-07  1.70362341e-05  3.11702454e-09  1.70362341e-05  1.20000000e+00  1.70362341e-05  0.00000000e+00 
 1.71362341e-05  9.65778958e-01  1.71362341e-05  5.40514843e-01  1.71362341e-05  1.20773526e-06  1.71362341e-05  3.43086319e-07  1.71362341e-05  3.07595267e-09  1.71362341e-05  1.20000000e+00  1.71362341e-05  0.00000000e+00 
 1.72362341e-05  9.68865743e-01  1.72362341e-05  5.40515755e-01  1.72362341e-05  1.20775127e-06  1.72362341e-05  3.43463837e-07  1.72362341e-05  3.12661915e-09  1.72362341e-05  1.20000000e+00  1.72362341e-05  0.00000000e+00 
 1.73362341e-05  9.71956190e-01  1.73362341e-05  5.40515832e-01  1.73362341e-05  1.20773528e-06  1.73362341e-05  3.43914266e-07  1.73362341e-05  3.08556846e-09  1.73362341e-05  1.20000000e+00  1.73362341e-05  0.00000000e+00 
 1.74362341e-05  9.75050529e-01  1.74362341e-05  5.40516746e-01  1.74362341e-05  1.20775125e-06  1.74362341e-05  3.44345391e-07  1.74362341e-05  3.13620891e-09  1.74362341e-05  1.20000000e+00  1.74362341e-05  0.00000000e+00 
 1.75362341e-05  9.78149037e-01  1.75362341e-05  5.40516802e-01  1.75362341e-05  1.20773530e-06  1.75362341e-05  3.44853233e-07  1.75362341e-05  3.09518220e-09  1.75362341e-05  1.20000000e+00  1.75362341e-05  0.00000000e+00 
 1.76362341e-05  9.81251985e-01  1.76362341e-05  5.40517719e-01  1.76362341e-05  1.20775123e-06  1.76362341e-05  3.45347364e-07  1.76362341e-05  3.14579698e-09  1.76362341e-05  1.20000000e+00  1.76362341e-05  0.00000000e+00 
 1.77362341e-05  9.84359695e-01  1.77362341e-05  5.40517756e-01  1.77362341e-05  1.20773533e-06  1.77362341e-05  3.45922835e-07  1.77362341e-05  3.10479718e-09  1.77362341e-05  1.20000000e+00  1.77362341e-05  0.00000000e+00 
 1.78362341e-05  9.87472491e-01  1.78362341e-05  5.40518675e-01  1.78362341e-05  1.20775121e-06  1.78362341e-05  3.46490968e-07  1.78362341e-05  3.15538703e-09  1.78362341e-05  1.20000000e+00  1.78362341e-05  0.00000000e+00 
 1.79362341e-05  9.90590748e-01  1.79362341e-05  5.40518697e-01  1.79362341e-05  1.20773535e-06  1.79362341e-05  3.47146016e-07  1.79362341e-05  3.11441722e-09  1.79362341e-05  1.20000000e+00  1.79362341e-05  0.00000000e+00 
 1.80362341e-05  9.93714847e-01  1.80362341e-05  5.40519619e-01  1.80362341e-05  1.20775119e-06  1.80362341e-05  3.47801025e-07  1.80362341e-05  3.16498332e-09  1.80362341e-05  1.20000000e+00  1.80362341e-05  0.00000000e+00 
 1.81362341e-05  9.96845227e-01  1.81362341e-05  5.40519631e-01  1.81362341e-05  1.20773537e-06  1.81362341e-05  3.48549629e-07  1.81362341e-05  3.12404679e-09  1.81362341e-05  1.20000000e+00  1.81362341e-05  0.00000000e+00 
 1.82362341e-05  9.99982339e-01  1.82362341e-05  5.40520558e-01  1.82362341e-05  1.20775117e-06  1.82362341e-05  3.49306603e-07  1.82362341e-05  3.17459081e-09  1.82362341e-05  1.20000000e+00  1.82362341e-05  0.00000000e+00 
 1.83362341e-05  1.00312669e+00  1.83362341e-05  5.40520564e-01  1.83362341e-05  1.20773539e-06  1.83362341e-05  3.50165145e-07  1.83362341e-05  3.13369114e-09  1.83362341e-05  1.20000000e+00  1.83362341e-05  0.00000000e+00 
 1.84362341e-05  1.00627883e+00  1.84362341e-05  5.40521496e-01  1.84362341e-05  1.20775115e-06  1.84362341e-05  3.51041787e-07  1.84362341e-05  3.18421530e-09  1.84362341e-05  1.20000000e+00  1.84362341e-05  0.00000000e+00 
 1.85362341e-05  1.00943933e+00  1.85362341e-05  5.40521501e-01  1.85362341e-05  1.20773541e-06  1.85362341e-05  3.52029493e-07  1.85362341e-05  3.14335639e-09  1.85362341e-05  1.20000000e+00  1.85362341e-05  0.00000000e+00 
 1.86362341e-05  1.01260884e+00  1.86362341e-05  5.40522443e-01  1.86362341e-05  1.20775113e-06  1.86362341e-05  3.53046611e-07  1.86362341e-05  3.19386350e-09  1.86362341e-05  1.20000000e+00  1.86362341e-05  0.00000000e+00 
 1.87362341e-05  1.01578805e+00  1.87362341e-05  5.40522452e-01  1.87362341e-05  1.20773543e-06  1.87362341e-05  3.54186095e-07  1.87362341e-05  3.15304973e-09  1.87362341e-05  1.20000000e+00  1.87362341e-05  0.00000000e+00 
 1.88362341e-05  1.01897769e+00  1.88362341e-05  5.40523406e-01  1.88362341e-05  1.20775111e-06  1.88362341e-05  3.55368201e-07  1.88362341e-05  3.20354328e-09  1.88362341e-05  1.20000000e+00  1.88362341e-05  0.00000000e+00 
 1.89362341e-05  1.02217860e+00  1.89362341e-05  5.40523425e-01  1.89362341e-05  1.20773545e-06  1.89362341e-05  3.56686134e-07  1.89362341e-05  3.16277954e-09  1.89362341e-05  1.20000000e+00  1.89362341e-05  0.00000000e+00 
 1.90362341e-05  1.02539165e+00  1.90362341e-05  5.40524396e-01  1.90362341e-05  1.20775109e-06  1.90362341e-05  3.58062191e-07  1.90362341e-05  3.21326380e-09  1.90362341e-05  1.20000000e+00  1.90362341e-05  0.00000000e+00 
 1.91362341e-05  1.02861778e+00  1.91362341e-05  5.40524432e-01  1.91362341e-05  1.20773547e-06  1.91362341e-05  3.59590139e-07  1.91362341e-05  3.17255565e-09  1.91362341e-05  1.20000000e+00  1.91362341e-05  0.00000000e+00 
 1.92362341e-05  1.03185804e+00  1.92362341e-05  5.40525425e-01  1.92362341e-05  1.20775107e-06  1.92362341e-05  3.61194497e-07  1.92362341e-05  3.22303579e-09  1.92362341e-05  1.20000000e+00  1.92362341e-05  0.00000000e+00 
 1.93362341e-05  1.03511356e+00  1.93362341e-05  5.40525485e-01  1.93362341e-05  1.20773549e-06  1.93362341e-05  3.62969974e-07  1.93362341e-05  3.18238959e-09  1.93362341e-05  1.20000000e+00  1.93362341e-05  0.00000000e+00 
 1.94362341e-05  1.03838554e+00  1.94362341e-05  5.40526506e-01  1.94362341e-05  1.20775105e-06  1.94362341e-05  3.64843571e-07  1.94362341e-05  3.23287182e-09  1.94362341e-05  1.20000000e+00  1.94362341e-05  0.00000000e+00 
 1.95362341e-05  1.04167534e+00  1.95362341e-05  5.40526598e-01  1.95362341e-05  1.20773550e-06  1.95362341e-05  3.66911395e-07  1.95362341e-05  3.19229491e-09  1.95362341e-05  1.20000000e+00  1.95362341e-05  0.00000000e+00 
 1.96362341e-05  1.04498437e+00  1.96362341e-05  5.40527654e-01  1.96362341e-05  1.20775103e-06  1.96362341e-05  3.69103283e-07  1.96362341e-05  3.24278663e-09  1.96362341e-05  1.20000000e+00  1.96362341e-05  0.00000000e+00 
 1.97362341e-05  1.04831423e+00  1.97362341e-05  5.40527788e-01  1.97362341e-05  1.20773552e-06  1.97362341e-05  3.71517334e-07  1.97362341e-05  3.20228754e-09  1.97362341e-05  1.20000000e+00  1.97362341e-05  0.00000000e+00 
 1.98362341e-05  1.05166661e+00  1.98362341e-05  5.40528888e-01  1.98362341e-05  1.20775101e-06  1.98362341e-05  3.74086704e-07  1.98362341e-05  3.25279762e-09  1.98362341e-05  1.20000000e+00  1.98362341e-05  0.00000000e+00 
 1.99362341e-05  1.05504340e+00  1.99362341e-05  5.40529075e-01  1.99362341e-05  1.20773554e-06  1.99362341e-05  3.76912243e-07  1.99362341e-05  3.21238632e-09  1.99362341e-05  1.20000000e+00  1.99362341e-05  0.00000000e+00 
 2.00362341e-05  1.05844662e+00  2.00362341e-05  5.40530230e-01  2.00362341e-05  1.20775099e-06  2.00362341e-05  3.79931090e-07  2.00362341e-05  3.26292533e-09  2.00362341e-05  1.20000000e+00  2.00362341e-05  0.00000000e+00 
 2.01362341e-05  1.06187852e+00  2.01362341e-05  5.40530481e-01  2.01362341e-05  1.20773556e-06  2.01362341e-05  3.83247850e-07  2.01362341e-05  3.22261357e-09  2.01362341e-05  1.20000000e+00  2.01362341e-05  0.00000000e+00 
 2.02362341e-05  1.06534153e+00  2.02362341e-05  5.40531703e-01  2.02362341e-05  1.20775097e-06  2.02362341e-05  3.86804566e-07  2.02362341e-05  3.27319417e-09  2.02362341e-05  1.20000000e+00  2.02362341e-05  0.00000000e+00 
 2.03362341e-05  1.06883833e+00  2.03362341e-05  5.40532033e-01  2.03362341e-05  1.20773558e-06  2.03362341e-05  3.90710950e-07  2.03362341e-05  3.23299589e-09  2.03362341e-05  1.20000000e+00  2.03362341e-05  0.00000000e+00 
 2.04362341e-05  1.07237186e+00  2.04362341e-05  5.40533336e-01  2.04362341e-05  1.20775095e-06  2.04362341e-05  3.94915221e-07  2.04362341e-05  3.28363329e-09  2.04362341e-05  1.20000000e+00  2.04362341e-05  0.00000000e+00 
 2.05362341e-05  1.07594535e+00  2.05362341e-05  5.40533762e-01  2.05362341e-05  1.20773560e-06  2.05362341e-05  3.99534031e-07  2.05362341e-05  3.24356517e-09  2.05362341e-05  1.20000000e+00  2.05362341e-05  0.00000000e+00 
 2.06362341e-05  1.07956237e+00  2.06362341e-05  5.40535163e-01  2.06362341e-05  1.20775093e-06  2.06362341e-05  4.04523565e-07  2.06362341e-05  3.29427772e-09  2.06362341e-05  1.20000000e+00  2.06362341e-05  0.00000000e+00 
 2.07362341e-05  1.08322686e+00  2.07362341e-05  5.40535704e-01  2.07362341e-05  1.20773562e-06  2.07362341e-05  4.10009907e-07  2.07362341e-05  3.25435987e-09  2.07362341e-05  1.20000000e+00  2.07362341e-05  0.00000000e+00 
 2.08362341e-05  1.08694317e+00  2.08362341e-05  5.40537222e-01  2.08362341e-05  1.20775091e-06  2.08362341e-05  4.15959685e-07  2.08362341e-05  3.30516989e-09  2.08362341e-05  1.20000000e+00  2.08362341e-05  0.00000000e+00 
 2.09362341e-05  1.09071615e+00  2.09362341e-05  5.40537898e-01  2.09362341e-05  1.20773564e-06  2.09362341e-05  4.22511802e-07  2.09362341e-05  3.26542682e-09  2.09362341e-05  1.20000000e+00  2.09362341e-05  0.00000000e+00 
 2.10362341e-05  1.09455118e+00  2.10362341e-05  5.40539552e-01  2.10362341e-05  1.20775089e-06  2.10362341e-05  4.29646671e-07  2.10362341e-05  3.31636166e-09  2.10362341e-05  1.20000000e+00  2.10362341e-05  0.00000000e+00 
 2.11362341e-05  1.09845426e+00  2.11362341e-05  5.40540383e-01  2.11362341e-05  1.20773565e-06  2.11362341e-05  4.37520450e-07  2.11362341e-05  3.27682349e-09  2.11362341e-05  1.20000000e+00  2.11362341e-05  0.00000000e+00 
 2.12362341e-05  1.10243208e+00  2.12362341e-05  5.40542189e-01  2.12362341e-05  1.20775087e-06  2.12362341e-05  4.46131506e-07  2.12362341e-05  3.32791701e-09  2.12362341e-05  1.20000000e+00  2.12362341e-05  0.00000000e+00 
 2.13362341e-05  1.10649217e+00  2.13362341e-05  5.40543185e-01  2.13362341e-05  1.20773567e-06  2.13362341e-05  4.55658428e-07  2.13362341e-05  3.28862114e-09  2.13362341e-05  1.20000000e+00  2.13362341e-05  0.00000000e+00 
 2.14362341e-05  1.11064291e+00  2.14362341e-05  5.40545142e-01  2.14362341e-05  1.20775085e-06  2.14362341e-05  4.66121478e-07  2.14362341e-05  3.33991551e-09  2.14362341e-05  1.20000000e+00  2.14362341e-05  0.00000000e+00 
 2.15362341e-05  1.11489376e+00  2.15362341e-05  5.40546286e-01  2.15362341e-05  1.20773569e-06  2.15362341e-05  4.77725252e-07  2.15362341e-05  3.30090871e-09  2.15362341e-05  1.20000000e+00  2.15362341e-05  0.00000000e+00 
 2.16362341e-05  1.11925525e+00  2.16362341e-05  5.40548340e-01  2.16362341e-05  1.20775083e-06  2.16362341e-05  4.90510372e-07  2.16362341e-05  3.35245671e-09  2.16362341e-05  1.20000000e+00  2.16362341e-05  0.00000000e+00 
 2.17362341e-05  1.12373912e+00  2.17362341e-05  5.40549523e-01  2.17362341e-05  1.20773570e-06  2.17362341e-05  5.04698665e-07  2.17362341e-05  3.31379732e-09  2.17362341e-05  1.20000000e+00  2.17362341e-05  0.00000000e+00 
 2.18362341e-05  1.12835823e+00  2.18362341e-05  5.40551467e-01  2.18362341e-05  1.20775081e-06  2.18362341e-05  5.20321652e-07  2.18362341e-05  3.36566413e-09  2.18362341e-05  1.20000000e+00  2.18362341e-05  0.00000000e+00 
 2.19362341e-05  1.13312281e+00  2.19362341e-05  5.40550023e-01  2.19362341e-05  1.20773572e-06  2.19362341e-05  5.36781211e-07  2.19362341e-05  3.32741945e-09  2.19362341e-05  1.20000000e+00  2.19362341e-05  0.00000000e+00 
 2.20362341e-05  1.13805194e+00  2.20362341e-05  5.40555799e-01  2.20362341e-05  1.20775078e-06  2.20362341e-05  5.56571418e-07  2.20362341e-05  3.37963894e-09  2.20362341e-05  1.20000000e+00  2.20362341e-05  0.00000000e+00 
 2.21362341e-05  1.14315727e+00  2.21362341e-05  5.40549971e-01  2.21362341e-05  1.20773577e-06  2.21362341e-05  5.75643361e-07  2.21362341e-05  3.34197240e-09  2.21362341e-05  1.20000000e+00  2.21362341e-05  0.00000000e+00 
 2.22362341e-05  1.14843626e+00  2.22362341e-05  5.40551488e-01  2.22362341e-05  1.20775073e-06  2.22362341e-05  5.94952074e-07  2.22362341e-05  3.39453873e-09  2.22362341e-05  1.20000000e+00  2.22362341e-05  0.00000000e+00 
 2.23362341e-05  1.15387858e+00  2.23362341e-05  5.40541978e-01  2.23362341e-05  1.20773583e-06  2.23362341e-05  6.11762779e-07  2.23362341e-05  3.35746283e-09  2.23362341e-05  1.20000000e+00  2.23362341e-05  0.00000000e+00 
 2.24362341e-05  1.15944104e+00  2.24362341e-05  5.40532935e-01  2.24362341e-05  1.20775069e-06  2.24362341e-05  6.21729836e-07  2.24362341e-05  3.41027507e-09  2.24362341e-05  1.20000000e+00  2.24362341e-05  0.00000000e+00 
 2.25362341e-05  1.16503314e+00  2.25362341e-05  5.40512341e-01  2.25362341e-05  1.20773591e-06  2.25362341e-05  6.18790992e-07  2.25362341e-05  3.37351003e-09  2.25362341e-05  1.20000000e+00  2.25362341e-05  0.00000000e+00 
 2.26362341e-05  1.17050689e+00  2.26362341e-05  5.40488465e-01  2.26362341e-05  1.20775068e-06  2.26362341e-05  5.96371497e-07  2.26362341e-05  3.42603668e-09  2.26362341e-05  1.20000000e+00  2.26362341e-05  0.00000000e+00 
 2.27362341e-05  1.17567351e+00  2.27362341e-05  5.40457317e-01  2.27362341e-05  1.20773599e-06  2.27362341e-05  5.51947655e-07  2.27362341e-05  3.38873712e-09  2.27362341e-05  1.20000000e+00  2.27362341e-05  0.00000000e+00 
 2.28362341e-05  1.18034989e+00  2.28362341e-05  5.40427938e-01  2.28362341e-05  1.20775070e-06  2.28362341e-05  4.89060397e-07  2.28362341e-05  3.43997709e-09  2.28362341e-05  1.20000000e+00  2.28362341e-05  0.00000000e+00 
 2.29362341e-05  1.18440890e+00  2.29362341e-05  5.40384419e-01  2.29362341e-05  1.20773629e-06  2.29362341e-05  4.16294340e-07  2.29362341e-05  3.40122884e-09  2.29362341e-05  1.20000000e+00  2.29362341e-05  0.00000000e+00 
 2.30362341e-05  1.18779924e+00  2.30362341e-05  5.40204478e-01  2.30362341e-05  1.20775244e-06  2.30362341e-05  3.41766966e-07  2.30362341e-05  3.45099923e-09  2.30362341e-05  1.20000000e+00  2.30362341e-05  0.00000000e+00 
 2.31362341e-05  1.19053984e+00  2.31362341e-05  5.40058092e-01  2.31362341e-05  1.20773642e-06  2.31362341e-05  2.72842928e-07  2.31362341e-05  3.40965002e-09  2.31362341e-05  1.20000000e+00  2.31362341e-05  0.00000000e+00 
 2.32362341e-05  1.19270254e+00  2.32362341e-05  5.40207914e-01  2.32362341e-05  1.20775109e-06  2.32362341e-05  2.13885075e-07  2.32362341e-05  3.45689297e-09  2.32362341e-05  1.20000000e+00  2.32362341e-05  0.00000000e+00 
 2.33362341e-05  1.19438454e+00  2.33362341e-05  5.40247529e-01  2.33362341e-05  1.20773670e-06  2.33362341e-05  1.66400128e-07  2.33362341e-05  3.41572576e-09  2.33362341e-05  1.20000000e+00  2.33362341e-05  0.00000000e+00 
 2.34362341e-05  1.19568211e+00  2.34362341e-05  5.40372398e-01  2.34362341e-05  1.20775003e-06  2.34362341e-05  1.28665333e-07  2.34362341e-05  3.46047224e-09  2.34362341e-05  1.20000000e+00  2.34362341e-05  0.00000000e+00 
 2.35362341e-05  1.19667787e+00  2.35362341e-05  5.40395824e-01  2.35362341e-05  1.20773715e-06  2.35362341e-05  9.95091551e-08  2.35362341e-05  3.41972553e-09  2.35362341e-05  1.20000000e+00  2.35362341e-05  0.00000000e+00 
 2.36362341e-05  1.19743960e+00  2.36362341e-05  5.40450950e-01  2.36362341e-05  1.20774933e-06  2.36362341e-05  7.67610653e-08  2.36362341e-05  3.46239848e-09  2.36362341e-05  1.20000000e+00  2.36362341e-05  0.00000000e+00 
 2.37362341e-05  1.19802121e+00  2.37362341e-05  5.40444329e-01  2.37362341e-05  1.20773762e-06  2.37362341e-05  5.95711016e-08  2.37362341e-05  3.42228595e-09  2.37362341e-05  1.20000000e+00  2.37362341e-05  0.00000000e+00 
 2.38362341e-05  1.19846477e+00  2.38362341e-05  5.40468830e-01  2.38362341e-05  1.20774885e-06  2.38362341e-05  4.61347710e-08  2.38362341e-05  3.46327501e-09  2.38362341e-05  1.20000000e+00  2.38362341e-05  0.00000000e+00 
 2.39362341e-05  1.19880266e+00  2.39362341e-05  5.40460070e-01  2.39362341e-05  1.20773799e-06  2.39362341e-05  3.61378901e-08  2.39362341e-05  3.42395436e-09  2.39362341e-05  1.20000000e+00  2.39362341e-05  0.00000000e+00 
 2.40362341e-05  1.19905996e+00  2.40362341e-05  5.40473742e-01  2.40362341e-05  1.20774851e-06  2.40362341e-05  2.82535114e-08  2.40362341e-05  3.46359643e-09  2.40362341e-05  1.20000000e+00  2.40362341e-05  0.00000000e+00 
 2.41362341e-05  1.19925582e+00  2.41362341e-05  5.40466435e-01  2.41362341e-05  1.20773827e-06  2.41362341e-05  2.25117347e-08  2.41362341e-05  3.42508649e-09  2.41362341e-05  1.20000000e+00  2.41362341e-05  0.00000000e+00 
 2.42362341e-05  1.19940489e+00  2.42362341e-05  5.40475792e-01  2.42362341e-05  1.20774826e-06  2.42362341e-05  1.78705142e-08  2.42362341e-05  3.46362314e-09  2.42362341e-05  1.20000000e+00  2.42362341e-05  0.00000000e+00 
 2.43362341e-05  1.19951831e+00  2.43362341e-05  5.40469930e-01  2.43362341e-05  1.20773848e-06  2.43362341e-05  1.46077825e-08  2.43362341e-05  3.42588944e-09  2.43362341e-05  1.20000000e+00  2.43362341e-05  0.00000000e+00 
 2.44362341e-05  1.19960462e+00  2.44362341e-05  5.40476775e-01  2.44362341e-05  1.20774807e-06  2.44362341e-05  1.18515109e-08  2.44362341e-05  3.46350099e-09  2.44362341e-05  1.20000000e+00  2.44362341e-05  0.00000000e+00 
 2.45362341e-05  1.19967027e+00  2.45362341e-05  5.40471960e-01  2.45362341e-05  1.20773864e-06  2.45362341e-05  1.00287244e-08  2.45362341e-05  3.42648236e-09  2.45362341e-05  1.20000000e+00  2.45362341e-05  0.00000000e+00 
 2.46362341e-05  1.19972022e+00  2.46362341e-05  5.40477226e-01  2.46362341e-05  1.20774793e-06  2.46362341e-05  8.36546739e-09  2.46362341e-05  3.46331074e-09  2.46362341e-05  1.20000000e+00  2.46362341e-05  0.00000000e+00 
 2.47362341e-05  1.19975821e+00  2.47362341e-05  5.40473190e-01  2.47362341e-05  1.20773876e-06  2.47362341e-05  7.37779009e-09  2.47362341e-05  3.42693693e-09  2.47362341e-05  1.20000000e+00  2.47362341e-05  0.00000000e+00 
 2.48362341e-05  1.19978711e+00  2.48362341e-05  5.40477399e-01  2.48362341e-05  1.20774781e-06  2.48362341e-05  6.34745935e-09  2.48362341e-05  3.46309667e-09  2.48362341e-05  1.20000000e+00  2.48362341e-05  0.00000000e+00 
 2.49181220e-05  1.19980550e+00  2.49181220e-05  5.40473970e-01  2.49181220e-05  1.20773887e-06  2.49181220e-05  5.95184527e-09  2.49181220e-05  3.42732143e-09  2.49181220e-05  1.20000000e+00  2.49181220e-05  0.00000000e+00 
 2.50000100e-05  1.19982022e+00  2.50000100e-05  5.40477321e-01  2.50000100e-05  1.20774770e-06  2.50000100e-05  5.34809333e-09  2.50000100e-05  3.46281966e-09  2.50000100e-05  1.20000000e+00  2.50000100e-05  0.00000000e+00 
 2.50000110e-05  1.19980684e+00  2.50000110e-05  5.38067954e-01  2.50000110e-05  1.79979165e-06  2.50000110e-05 -1.02424292e-05  2.50000110e-05  1.69363328e-06  2.50000110e-05  1.08000000e+00  2.50000110e-05  0.00000000e+00 
 2.50000130e-05  1.19977639e+00  2.50000130e-05  5.33092992e-01  2.50000130e-05  1.88148182e-06  2.50000130e-05 -1.00380681e-05  2.50000130e-05  1.97786243e-06  2.50000130e-05  8.40000000e-01  2.50000130e-05  0.00000000e+00 
 2.50000165e-05  1.19971147e+00  2.50000165e-05  5.24369965e-01  2.50000165e-05  1.82106811e-06  2.50000165e-05 -5.12467056e-06  2.50000165e-05  1.71559824e-06  2.50000165e-05  4.20000000e-01  2.50000165e-05  0.00000000e+00 
 2.50000200e-05  1.19964835e+00  2.50000200e-05  5.18688186e-01  2.50000200e-05  1.45951554e-06  2.50000200e-05  2.28911704e-06  2.50000200e-05  7.00439862e-07  2.50000200e-05  0.00000000e+00  2.50000200e-05  0.00000000e+00 
 2.50000207e-05  1.19964675e+00  2.50000207e-05  5.19139083e-01  2.50000207e-05  1.07528776e-06  2.50000207e-05  3.81066065e-06  2.50000207e-05 -4.28820831e-07  2.50000207e-05  0.00000000e+00  2.50000207e-05  0.00000000e+00 
 2.50000220e-05  1.19964491e+00  2.50000220e-05  5.20085559e-01  2.50000220e-05  1.02062877e-06  2.50000220e-05  5.13950409e-06  2.50000220e-05 -6.47171145e-07  2.50000220e-05  0.00000000e+00  2.50000220e-05  0.00000000e+00 
 2.50000247e-05  1.19964230e+00  2.50000247e-05  5.21826164e-01  2.50000247e-05  1.09424585e-06  2.50000247e-05  4.86385567e-06  2.50000247e-05 -3.64863212e-07  2.50000247e-05  0.00000000e+00  2.50000247e-05  0.00000000e+00 
 2.50000300e-05  1.19963881e+00  2.50000300e-05  5.24875435e-01  2.50000300e-05  1.05772868e-06  2.50000300e-05  5.93609008e-06  2.50000300e-05 -4.98374762e-07  2.50000300e-05  0.00000000e+00  2.50000300e-05  0.00000000e+00 
 2.50000406e-05  1.19963840e+00  2.50000406e-05  5.29996879e-01  2.50000406e-05  1.12950994e-06  2.50000406e-05  4.63538280e-06  2.50000406e-05 -2.17394262e-07  2.50000406e-05  0.00000000e+00  2.50000406e-05  0.00000000e+00 
 2.50000619e-05  1.19965336e+00  2.50000619e-05  5.37426397e-01  2.50000619e-05  1.11273647e-06  2.50000619e-05  2.96949656e-06  2.50000619e-05 -2.85570929e-07  2.50000619e-05  0.00000000e+00  2.50000619e-05  0.00000000e+00 
 2.50001045e-05  1.19972012e+00  2.50001045e-05  5.46277844e-01  2.50001045e-05  1.18816257e-06  2.50001045e-05 -9.68187807e-07  2.50001045e-05 -6.56944873e-09  2.50001045e-05  0.00000000e+00  2.50001045e-05  0.00000000e+00 
 2.50001898e-05  1.19989485e+00  2.50001898e-05  5.53707855e-01  2.50001898e-05  1.16768644e-06  2.50001898e-05 -3.52617633e-06  2.50001898e-05 -1.09592990e-07  2.50001898e-05  0.00000000e+00  2.50001898e-05  0.00000000e+00 
 2.50003061e-05  1.20009724e+00  2.50003061e-05  5.56961539e-01  2.50003061e-05  1.22245676e-06  2.50003061e-05 -5.84219713e-06  2.50003061e-05  8.05310043e-08  2.50003061e-05  0.00000000e+00  2.50003061e-05  0.00000000e+00 
 2.50005320e-05  1.20020530e+00  2.50005320e-05  5.45958845e-01  2.50005320e-05  1.22045694e-06  2.50005320e-05 -3.06047123e-06  2.50005320e-05  2.08628756e-09  2.50005320e-05  0.00000000e+00  2.50005320e-05  0.00000000e+00 
 2.50007524e-05  1.20020579e+00  2.50007524e-05  5.39748430e-01  2.50007524e-05  1.21782432e-06  2.50007524e-05 -5.60002437e-07  2.50007524e-05  4.70246190e-08  2.50007524e-05  0.00000000e+00  2.50007524e-05  0.00000000e+00 
 2.50010230e-05  1.20020575e+00  2.50010230e-05  5.39082216e-01  2.50010230e-05  1.20114330e-06  2.50010230e-05 -2.08611464e-07  2.50010230e-05 -3.73061529e-08  2.50010230e-05  0.00000000e+00  2.50010230e-05  0.00000000e+00 
 2.50013660e-05  1.20020547e+00  2.50013660e-05  5.39278651e-01  2.50013660e-05  1.21371926e-06  2.50013660e-05  8.05263072e-08  2.50013660e-05  4.20011934e-08  2.50013660e-05  0.00000000e+00  2.50013660e-05  0.00000000e+00 
 2.50020518e-05  1.20020428e+00  2.50020518e-05  5.39595303e-01  2.50020518e-05  1.20122601e-06  2.50020518e-05 -9.86932033e-08  2.50020518e-05 -3.66162925e-08  2.50020518e-05  0.00000000e+00  2.50020518e-05  0.00000000e+00 
 2.50034236e-05  1.20020182e+00  2.50034236e-05  5.39971586e-01  2.50034236e-05  1.21391382e-06  2.50034236e-05  9.29111172e-08  2.50034236e-05  4.26164727e-08  2.50034236e-05  0.00000000e+00  2.50034236e-05  0.00000000e+00 
 2.50061672e-05  1.20019718e+00  2.50061672e-05  5.40207561e-01  2.50061672e-05  1.20146808e-06  2.50061672e-05 -9.53432528e-08  2.50061672e-05 -3.59620336e-08  2.50061672e-05  0.00000000e+00  2.50061672e-05  0.00000000e+00 
 2.50116542e-05  1.20018935e+00  2.50116542e-05  5.40368017e-01  2.50116542e-05  1.21398656e-06  2.50116542e-05  9.48339937e-08  2.50116542e-05  4.28206448e-08  2.50116542e-05  0.00000000e+00  2.50116542e-05  0.00000000e+00 
 2.50226284e-05  1.20017715e+00  2.50226284e-05  5.40430451e-01  2.50226284e-05  1.20149775e-06  2.50226284e-05 -9.50349217e-08  2.50226284e-05 -3.59201094e-08  2.50226284e-05  0.00000000e+00  2.50226284e-05  0.00000000e+00 
 2.50445767e-05  1.20016117e+00  2.50445767e-05  5.40483804e-01  2.50445767e-05  1.21398826e-06  2.50445767e-05  9.50198208e-08  2.50445767e-05  4.28080457e-08  2.50445767e-05  0.00000000e+00  2.50445767e-05  0.00000000e+00 
 2.50884734e-05  1.20014205e+00  2.50884734e-05  5.40457918e-01  2.50884734e-05  1.20149910e-06  2.50884734e-05 -9.50198387e-08  2.50884734e-05 -3.59151455e-08  2.50884734e-05  0.00000000e+00  2.50884734e-05  0.00000000e+00 
 2.51762667e-05  1.20011300e+00  2.51762667e-05  5.40490995e-01  2.51762667e-05  1.21398716e-06  2.51762667e-05  9.50262881e-08  2.51762667e-05  4.28054707e-08  2.51762667e-05  0.00000000e+00  2.51762667e-05  0.00000000e+00 
 2.52762667e-05  1.20008003e+00  2.52762667e-05  5.40463053e-01  2.52762667e-05  1.20149978e-06  2.52762667e-05 -9.50217221e-08  2.52762667e-05 -3.59136431e-08  2.52762667e-05  0.00000000e+00  2.52762667e-05  0.00000000e+00 
 2.53762667e-05  1.20004705e+00  2.53762667e-05  5.40491379e-01  2.53762667e-05  1.21398654e-06  2.53762667e-05  9.50299174e-08  2.53762667e-05  4.28039067e-08  2.53762667e-05  0.00000000e+00  2.53762667e-05  0.00000000e+00 
 2.54762667e-05  1.20001406e+00  2.54762667e-05  5.40463491e-01  2.54762667e-05  1.20150039e-06  2.54762667e-05 -9.50248801e-08  2.54762667e-05 -3.59122659e-08  2.54762667e-05  0.00000000e+00  2.54762667e-05  0.00000000e+00 
 2.55762667e-05  1.19998110e+00  2.55762667e-05  5.40491137e-01  2.55762667e-05  1.21398593e-06  2.55762667e-05  9.50334781e-08  2.55762667e-05  4.28023477e-08  2.55762667e-05  0.00000000e+00  2.55762667e-05  0.00000000e+00 
 2.56762667e-05  1.19994810e+00  2.56762667e-05  5.40463700e-01  2.56762667e-05  1.20150098e-06  2.56762667e-05 -9.50279993e-08  2.56762667e-05 -3.59108960e-08  2.56762667e-05  0.00000000e+00  2.56762667e-05  0.00000000e+00 
 2.57762667e-05  1.19991515e+00  2.57762667e-05  5.40490981e-01  2.57762667e-05  1.21398534e-06  2.57762667e-05  9.50369176e-08  2.57762667e-05  4.28007958e-08  2.57762667e-05  0.00000000e+00  2.57762667e-05  0.00000000e+00 
 2.58762667e-05  1.19988216e+00  2.58762667e-05  5.40463835e-01  2.58762667e-05  1.20150157e-06  2.58762667e-05 -9.50309624e-08  2.58762667e-05 -3.59095331e-08  2.58762667e-05  0.00000000e+00  2.58762667e-05  0.00000000e+00 
 2.59762667e-05  1.19984921e+00  2.59762667e-05  5.40490878e-01  2.59762667e-05  1.21398476e-06  2.59762667e-05  9.50401735e-08  2.59762667e-05  4.27992507e-08  2.59762667e-05  0.00000000e+00  2.59762667e-05  0.00000000e+00 
 2.60762667e-05  1.19981623e+00  2.60762667e-05  5.40463929e-01  2.60762667e-05  1.20150215e-06  2.60762667e-05 -9.50337234e-08  2.60762667e-05 -3.59081769e-08  2.60762667e-05  0.00000000e+00  2.60762667e-05  0.00000000e+00 
 2.61762667e-05  1.19978329e+00  2.61762667e-05  5.40490807e-01  2.61762667e-05  1.21398419e-06  2.61762667e-05  9.50432126e-08  2.61762667e-05  4.27977122e-08  2.61762667e-05  0.00000000e+00  2.61762667e-05  0.00000000e+00 
 2.62762667e-05  1.19975031e+00  2.62762667e-05  5.40463998e-01  2.62762667e-05  1.20150272e-06  2.62762667e-05 -9.50362581e-08  2.62762667e-05 -3.59068270e-08  2.62762667e-05  0.00000000e+00  2.62762667e-05  0.00000000e+00 
 2.63762667e-05  1.19971737e+00  2.63762667e-05  5.40490755e-01  2.63762667e-05  1.21398362e-06  2.63762667e-05  9.50460170e-08  2.63762667e-05  4.27961797e-08  2.63762667e-05  0.00000000e+00  2.63762667e-05  0.00000000e+00 
 2.64762667e-05  1.19968440e+00  2.64762667e-05  5.40464053e-01  2.64762667e-05  1.20150329e-06  2.64762667e-05 -9.50385536e-08  2.64762667e-05 -3.59054828e-08  2.64762667e-05  0.00000000e+00  2.64762667e-05  0.00000000e+00 
 2.65762667e-05  1.19965147e+00  2.65762667e-05  5.40490714e-01  2.65762667e-05  1.21398305e-06  2.65762667e-05  9.50485777e-08  2.65762667e-05  4.27946528e-08  2.65762667e-05  0.00000000e+00  2.65762667e-05  0.00000000e+00 
 2.66762667e-05  1.19961851e+00  2.66762667e-05  5.40464098e-01  2.66762667e-05  1.20150385e-06  2.66762667e-05 -9.50406033e-08  2.66762667e-05 -3.59041440e-08  2.66762667e-05  0.00000000e+00  2.66762667e-05  0.00000000e+00 
 2.67762667e-05  1.19958559e+00  2.67762667e-05  5.40490681e-01  2.67762667e-05  1.21398249e-06  2.67762667e-05  9.50508901e-08  2.67762667e-05  4.27931310e-08  2.67762667e-05  0.00000000e+00  2.67762667e-05  0.00000000e+00 
 2.68762667e-05  1.19955262e+00  2.68762667e-05  5.40464137e-01  2.68762667e-05  1.20150441e-06  2.68762667e-05 -9.50424044e-08  2.68762667e-05 -3.59028099e-08  2.68762667e-05  0.00000000e+00  2.68762667e-05  0.00000000e+00 
 2.69762667e-05  1.19951971e+00  2.69762667e-05  5.40490654e-01  2.69762667e-05  1.21398194e-06  2.69762667e-05  9.50529526e-08  2.69762667e-05  4.27916139e-08  2.69762667e-05  0.00000000e+00  2.69762667e-05  0.00000000e+00 
 2.70762667e-05  1.19948675e+00  2.70762667e-05  5.40464171e-01  2.70762667e-05  1.20150496e-06  2.70762667e-05 -9.50439560e-08  2.70762667e-05 -3.59014804e-08  2.70762667e-05  0.00000000e+00  2.70762667e-05  0.00000000e+00 
 2.71762667e-05  1.19945384e+00  2.71762667e-05  5.40490630e-01  2.71762667e-05  1.21398138e-06  2.71762667e-05  9.50547650e-08  2.71762667e-05  4.27901010e-08  2.71762667e-05  0.00000000e+00  2.71762667e-05  0.00000000e+00 
 2.72762667e-05  1.19942089e+00  2.72762667e-05  5.40464202e-01  2.72762667e-05  1.20150551e-06  2.72762667e-05 -9.50452585e-08  2.72762667e-05 -3.59001549e-08  2.72762667e-05  0.00000000e+00  2.72762667e-05  0.00000000e+00 
 2.73762667e-05  1.19938799e+00  2.73762667e-05  5.40490609e-01  2.73762667e-05  1.21398084e-06  2.73762667e-05  9.50563280e-08  2.73762667e-05  4.27885920e-08  2.73762667e-05  0.00000000e+00  2.73762667e-05  0.00000000e+00 
 2.74762667e-05  1.19935505e+00  2.74762667e-05  5.40464230e-01  2.74762667e-05  1.20150606e-06  2.74762667e-05 -9.50463130e-08  2.74762667e-05 -3.58988331e-08  2.74762667e-05  0.00000000e+00  2.74762667e-05  0.00000000e+00 
 2.75762667e-05  1.19932215e+00  2.75762667e-05  5.40490591e-01  2.75762667e-05  1.21398029e-06  2.75762667e-05  9.50576432e-08  2.75762667e-05  4.27870867e-08  2.75762667e-05  0.00000000e+00  2.75762667e-05  0.00000000e+00 
 2.76762667e-05  1.19928921e+00  2.76762667e-05  5.40464256e-01  2.76762667e-05  1.20150660e-06  2.76762667e-05 -9.50471212e-08  2.76762667e-05 -3.58975148e-08  2.76762667e-05  0.00000000e+00  2.76762667e-05  0.00000000e+00 
 2.77762667e-05  1.19925632e+00  2.77762667e-05  5.40490575e-01  2.77762667e-05  1.21397974e-06  2.77762667e-05  9.50587123e-08  2.77762667e-05  4.27855847e-08  2.77762667e-05  0.00000000e+00  2.77762667e-05  0.00000000e+00 
 2.78762667e-05  1.19922339e+00  2.78762667e-05  5.40464280e-01  2.78762667e-05  1.20150715e-06  2.78762667e-05 -9.50476850e-08  2.78762667e-05 -3.58961997e-08  2.78762667e-05  0.00000000e+00  2.78762667e-05  0.00000000e+00 
 2.79762667e-05  1.19919050e+00  2.79762667e-05  5.40490561e-01  2.79762667e-05  1.21397920e-06  2.79762667e-05  9.50595373e-08  2.79762667e-05  4.27840858e-08  2.79762667e-05  0.00000000e+00  2.79762667e-05  0.00000000e+00 
 2.80762667e-05  1.19915757e+00  2.80762667e-05  5.40464302e-01  2.80762667e-05  1.20150769e-06  2.80762667e-05 -9.50480066e-08  2.80762667e-05 -3.58948875e-08  2.80762667e-05  0.00000000e+00  2.80762667e-05  0.00000000e+00 
 2.81762667e-05  1.19912469e+00  2.81762667e-05  5.40490549e-01  2.81762667e-05  1.21397866e-06  2.81762667e-05  9.50601207e-08  2.81762667e-05  4.27825898e-08  2.81762667e-05  0.00000000e+00  2.81762667e-05  0.00000000e+00 
 2.82762667e-05  1.19909177e+00  2.82762667e-05  5.40464323e-01  2.82762667e-05  1.20150822e-06  2.82762667e-05 -9.50480884e-08  2.82762667e-05 -3.58935781e-08  2.82762667e-05  0.00000000e+00  2.82762667e-05  0.00000000e+00 
 2.83762667e-05  1.19905890e+00  2.83762667e-05  5.40490537e-01  2.83762667e-05  1.21397813e-06  2.83762667e-05  9.50604648e-08  2.83762667e-05  4.27810964e-08  2.83762667e-05  0.00000000e+00  2.83762667e-05  0.00000000e+00 
 2.84762667e-05  1.19902598e+00  2.84762667e-05  5.40464343e-01  2.84762667e-05  1.20150876e-06  2.84762667e-05 -9.50479328e-08  2.84762667e-05 -3.58922712e-08  2.84762667e-05  0.00000000e+00  2.84762667e-05  0.00000000e+00 
 2.85762667e-05  1.19899312e+00  2.85762667e-05  5.40490527e-01  2.85762667e-05  1.21397760e-06  2.85762667e-05  9.50605722e-08  2.85762667e-05  4.27796055e-08  2.85762667e-05  0.00000000e+00  2.85762667e-05  0.00000000e+00 
 2.86762667e-05  1.19896021e+00  2.86762667e-05  5.40464362e-01  2.86762667e-05  1.20150929e-06  2.86762667e-05 -9.50475426e-08  2.86762667e-05 -3.58909667e-08  2.86762667e-05  0.00000000e+00  2.86762667e-05  0.00000000e+00 
 2.87762667e-05  1.19892734e+00  2.87762667e-05  5.40490518e-01  2.87762667e-05  1.21397706e-06  2.87762667e-05  9.50604454e-08  2.87762667e-05  4.27781170e-08  2.87762667e-05  0.00000000e+00  2.87762667e-05  0.00000000e+00 
 2.88762667e-05  1.19889444e+00  2.88762667e-05  5.40464379e-01  2.88762667e-05  1.20150982e-06  2.88762667e-05 -9.50469202e-08  2.88762667e-05 -3.58896644e-08  2.88762667e-05  0.00000000e+00  2.88762667e-05  0.00000000e+00 
 2.89762667e-05  1.19886158e+00  2.89762667e-05  5.40490510e-01  2.89762667e-05  1.21397654e-06  2.89762667e-05  9.50600872e-08  2.89762667e-05  4.27766307e-08  2.89762667e-05  0.00000000e+00  2.89762667e-05  0.00000000e+00 
 2.90762667e-05  1.19882869e+00  2.90762667e-05  5.40464396e-01  2.90762667e-05  1.20151035e-06  2.90762667e-05 -9.50460685e-08  2.90762667e-05 -3.58883643e-08  2.90762667e-05  0.00000000e+00  2.90762667e-05  0.00000000e+00 
 2.91762667e-05  1.19879584e+00  2.91762667e-05  5.40490503e-01  2.91762667e-05  1.21397601e-06  2.91762667e-05  9.50595003e-08  2.91762667e-05  4.27751465e-08  2.91762667e-05  0.00000000e+00  2.91762667e-05  0.00000000e+00 
 2.92762667e-05  1.19876295e+00  2.92762667e-05  5.40464412e-01  2.92762667e-05  1.20151087e-06  2.92762667e-05 -9.50449901e-08  2.92762667e-05 -3.58870662e-08  2.92762667e-05  0.00000000e+00  2.92762667e-05  0.00000000e+00 
 2.93762667e-05  1.19873010e+00  2.93762667e-05  5.40490496e-01  2.93762667e-05  1.21397548e-06  2.93762667e-05  9.50586875e-08  2.93762667e-05  4.27736642e-08  2.93762667e-05  0.00000000e+00  2.93762667e-05  0.00000000e+00 
 2.94762667e-05  1.19869722e+00  2.94762667e-05  5.40464428e-01  2.94762667e-05  1.20151140e-06  2.94762667e-05 -9.50436879e-08  2.94762667e-05 -3.58857699e-08  2.94762667e-05  0.00000000e+00  2.94762667e-05  0.00000000e+00 
 2.95762667e-05  1.19866438e+00  2.95762667e-05  5.40490491e-01  2.95762667e-05  1.21397496e-06  2.95762667e-05  9.50576515e-08  2.95762667e-05  4.27721838e-08  2.95762667e-05  0.00000000e+00  2.95762667e-05  0.00000000e+00 
 2.96762667e-05  1.19863150e+00  2.96762667e-05  5.40464443e-01  2.96762667e-05  1.20151192e-06  2.96762667e-05 -9.50421648e-08  2.96762667e-05 -3.58844755e-08  2.96762667e-05  0.00000000e+00  2.96762667e-05  0.00000000e+00 
 2.97762667e-05  1.19859866e+00  2.97762667e-05  5.40490486e-01  2.97762667e-05  1.21397444e-06  2.97762667e-05  9.50563952e-08  2.97762667e-05  4.27707052e-08  2.97762667e-05  0.00000000e+00  2.97762667e-05  0.00000000e+00 
 2.98762667e-05  1.19856579e+00  2.98762667e-05  5.40464457e-01  2.98762667e-05  1.20151244e-06  2.98762667e-05 -9.50404233e-08  2.98762667e-05 -3.58831828e-08  2.98762667e-05  0.00000000e+00  2.98762667e-05  0.00000000e+00 
 2.99762667e-05  1.19853296e+00  2.99762667e-05  5.40490481e-01  2.99762667e-05  1.21397392e-06  2.99762667e-05  9.50549213e-08  2.99762667e-05  4.27692283e-08  2.99762667e-05  0.00000000e+00  2.99762667e-05  0.00000000e+00 
 3.00762667e-05  1.19850009e+00  3.00762667e-05  5.40464471e-01  3.00762667e-05  1.20151295e-06  3.00762667e-05 -9.50384665e-08  3.00762667e-05 -3.58818917e-08  3.00762667e-05  0.00000000e+00  3.00762667e-05  0.00000000e+00 
 3.01762667e-05  1.19846727e+00  3.01762667e-05  5.40490477e-01  3.01762667e-05  1.21397341e-06  3.01762667e-05  9.50532328e-08  3.01762667e-05  4.27677531e-08  3.01762667e-05  0.00000000e+00  3.01762667e-05  0.00000000e+00 
 3.02762667e-05  1.19843441e+00  3.02762667e-05  5.40464484e-01  3.02762667e-05  1.20151347e-06  3.02762667e-05 -9.50362972e-08  3.02762667e-05 -3.58806022e-08  3.02762667e-05  0.00000000e+00  3.02762667e-05  0.00000000e+00 
 3.03762667e-05  1.19840159e+00  3.03762667e-05  5.40490473e-01  3.03762667e-05  1.21397289e-06  3.03762667e-05  9.50513324e-08  3.03762667e-05  4.27662794e-08  3.03762667e-05  0.00000000e+00  3.03762667e-05  0.00000000e+00 
 3.04762667e-05  1.19836874e+00  3.04762667e-05  5.40464497e-01  3.04762667e-05  1.20151398e-06  3.04762667e-05 -9.50339181e-08  3.04762667e-05 -3.58793143e-08  3.04762667e-05  0.00000000e+00  3.04762667e-05  0.00000000e+00 
 3.05762667e-05  1.19833592e+00  3.05762667e-05  5.40490470e-01  3.05762667e-05  1.21397238e-06  3.05762667e-05  9.50492229e-08  3.05762667e-05  4.27648073e-08  3.05762667e-05  0.00000000e+00  3.05762667e-05  0.00000000e+00 
 3.06762667e-05  1.19830307e+00  3.06762667e-05  5.40464510e-01  3.06762667e-05  1.20151450e-06  3.06762667e-05 -9.50313321e-08  3.06762667e-05 -3.58780278e-08  3.06762667e-05  0.00000000e+00  3.06762667e-05  0.00000000e+00 
 3.07762667e-05  1.19827027e+00  3.07762667e-05  5.40490467e-01  3.07762667e-05  1.21397187e-06  3.07762667e-05  9.50469072e-08  3.07762667e-05  4.27633367e-08  3.07762667e-05  0.00000000e+00  3.07762667e-05  0.00000000e+00 
 3.08762667e-05  1.19823742e+00  3.08762667e-05  5.40464522e-01  3.08762667e-05  1.20151500e-06  3.08762667e-05 -9.50285419e-08  3.08762667e-05 -3.58767428e-08  3.08762667e-05  0.00000000e+00  3.08762667e-05  0.00000000e+00 
 3.09762667e-05  1.19820462e+00  3.09762667e-05  5.40490464e-01  3.09762667e-05  1.21397136e-06  3.09762667e-05  9.50443880e-08  3.09762667e-05  4.27618675e-08  3.09762667e-05  0.00000000e+00  3.09762667e-05  0.00000000e+00 
 3.10762667e-05  1.19817179e+00  3.10762667e-05  5.40464535e-01  3.10762667e-05  1.20151551e-06  3.10762667e-05 -9.50255504e-08  3.10762667e-05 -3.58754592e-08  3.10762667e-05  0.00000000e+00  3.10762667e-05  0.00000000e+00 
 3.11762667e-05  1.19813899e+00  3.11762667e-05  5.40490462e-01  3.11762667e-05  1.21397085e-06  3.11762667e-05  9.50416681e-08  3.11762667e-05  4.27603997e-08  3.11762667e-05  0.00000000e+00  3.11762667e-05  0.00000000e+00 
 3.12762667e-05  1.19810616e+00  3.12762667e-05  5.40464547e-01  3.12762667e-05  1.20151602e-06  3.12762667e-05 -9.50223604e-08  3.12762667e-05 -3.58741769e-08  3.12762667e-05  0.00000000e+00  3.12762667e-05  0.00000000e+00 
 3.13762667e-05  1.19807337e+00  3.13762667e-05  5.40490460e-01  3.13762667e-05  1.21397035e-06  3.13762667e-05  9.50387503e-08  3.13762667e-05  4.27589332e-08  3.13762667e-05  0.00000000e+00  3.13762667e-05  0.00000000e+00 
 3.14762667e-05  1.19804054e+00  3.14762667e-05  5.40464558e-01  3.14762667e-05  1.20151652e-06  3.14762667e-05 -9.50189744e-08  3.14762667e-05 -3.58728959e-08  3.14762667e-05  0.00000000e+00  3.14762667e-05  0.00000000e+00 
 3.15762667e-05  1.19800776e+00  3.15762667e-05  5.40490458e-01  3.15762667e-05  1.21396985e-06  3.15762667e-05  9.50356373e-08  3.15762667e-05  4.27574681e-08  3.15762667e-05  0.00000000e+00  3.15762667e-05  0.00000000e+00 
 3.16762667e-05  1.19797494e+00  3.16762667e-05  5.40464570e-01  3.16762667e-05  1.20151702e-06  3.16762667e-05 -9.50153954e-08  3.16762667e-05 -3.58716162e-08  3.16762667e-05  0.00000000e+00  3.16762667e-05  0.00000000e+00 
 3.17762667e-05  1.19794216e+00  3.17762667e-05  5.40490456e-01  3.17762667e-05  1.21396935e-06  3.17762667e-05  9.50323318e-08  3.17762667e-05  4.27560043e-08  3.17762667e-05  0.00000000e+00  3.17762667e-05  0.00000000e+00 
 3.18762667e-05  1.19790935e+00  3.18762667e-05  5.40464581e-01  3.18762667e-05  1.20151752e-06  3.18762667e-05 -9.50116258e-08  3.18762667e-05 -3.58703378e-08  3.18762667e-05  0.00000000e+00  3.18762667e-05  0.00000000e+00 
 3.19762667e-05  1.19787657e+00  3.19762667e-05  5.40490455e-01  3.19762667e-05  1.21396885e-06  3.19762667e-05  9.50288363e-08  3.19762667e-05  4.27545418e-08  3.19762667e-05  0.00000000e+00  3.19762667e-05  0.00000000e+00 
 3.20762667e-05  1.19784377e+00  3.20762667e-05  5.40464593e-01  3.20762667e-05  1.20151802e-06  3.20762667e-05 -9.50076685e-08  3.20762667e-05 -3.58690607e-08  3.20762667e-05  0.00000000e+00  3.20762667e-05  0.00000000e+00 
 3.21762667e-05  1.19781100e+00  3.21762667e-05  5.40490454e-01  3.21762667e-05  1.21396835e-06  3.21762667e-05  9.50251537e-08  3.21762667e-05  4.27530805e-08  3.21762667e-05  0.00000000e+00  3.21762667e-05  0.00000000e+00 
 3.22762667e-05  1.19777819e+00  3.22762667e-05  5.40464604e-01  3.22762667e-05  1.20151852e-06  3.22762667e-05 -9.50035260e-08  3.22762667e-05 -3.58677847e-08  3.22762667e-05  0.00000000e+00  3.22762667e-05  0.00000000e+00 
 3.23762667e-05  1.19774543e+00  3.23762667e-05  5.40490453e-01  3.23762667e-05  1.21396785e-06  3.23762667e-05  9.50212865e-08  3.23762667e-05  4.27516205e-08  3.23762667e-05  0.00000000e+00  3.23762667e-05  0.00000000e+00 
 3.24762667e-05  1.19771264e+00  3.24762667e-05  5.40464615e-01  3.24762667e-05  1.20151901e-06  3.24762667e-05 -9.49992010e-08  3.24762667e-05 -3.58665099e-08  3.24762667e-05  0.00000000e+00  3.24762667e-05  0.00000000e+00 
 3.25762667e-05  1.19767988e+00  3.25762667e-05  5.40490452e-01  3.25762667e-05  1.21396736e-06  3.25762667e-05  9.50172373e-08  3.25762667e-05  4.27501616e-08  3.25762667e-05  0.00000000e+00  3.25762667e-05  0.00000000e+00 
 3.26762667e-05  1.19764709e+00  3.26762667e-05  5.40464626e-01  3.26762667e-05  1.20151951e-06  3.26762667e-05 -9.49946959e-08  3.26762667e-05 -3.58652363e-08  3.26762667e-05  0.00000000e+00  3.26762667e-05  0.00000000e+00 
 3.27762667e-05  1.19761434e+00  3.27762667e-05  5.40490452e-01  3.27762667e-05  1.21396687e-06  3.27762667e-05  9.50130087e-08  3.27762667e-05  4.27487040e-08  3.27762667e-05  0.00000000e+00  3.27762667e-05  0.00000000e+00 
 3.28762667e-05  1.19758155e+00  3.28762667e-05  5.40464637e-01  3.28762667e-05  1.20152000e-06  3.28762667e-05 -9.49900134e-08  3.28762667e-05 -3.58639639e-08  3.28762667e-05  0.00000000e+00  3.28762667e-05  0.00000000e+00 
 3.29762667e-05  1.19754881e+00  3.29762667e-05  5.40490451e-01  3.29762667e-05  1.21396638e-06  3.29762667e-05  9.50086031e-08  3.29762667e-05  4.27472475e-08  3.29762667e-05  0.00000000e+00  3.29762667e-05  0.00000000e+00 
 3.30762667e-05  1.19751603e+00  3.30762667e-05  5.40464647e-01  3.30762667e-05  1.20152049e-06  3.30762667e-05 -9.49851560e-08  3.30762667e-05 -3.58626926e-08  3.30762667e-05  0.00000000e+00  3.30762667e-05  0.00000000e+00 
 3.31762667e-05  1.19748329e+00  3.31762667e-05  5.40490451e-01  3.31762667e-05  1.21396589e-06  3.31762667e-05  9.50040231e-08  3.31762667e-05  4.27457922e-08  3.31762667e-05  0.00000000e+00  3.31762667e-05  0.00000000e+00 
 3.32762667e-05  1.19745051e+00  3.32762667e-05  5.40464658e-01  3.32762667e-05  1.20152098e-06  3.32762667e-05 -9.49801260e-08  3.32762667e-05 -3.58614224e-08  3.32762667e-05  0.00000000e+00  3.32762667e-05  0.00000000e+00 
 3.33762667e-05  1.19741778e+00  3.33762667e-05  5.40490451e-01  3.33762667e-05  1.21396540e-06  3.33762667e-05  9.49992711e-08  3.33762667e-05  4.27443381e-08  3.33762667e-05  0.00000000e+00  3.33762667e-05  0.00000000e+00 
 3.34762667e-05  1.19738501e+00  3.34762667e-05  5.40464669e-01  3.34762667e-05  1.20152146e-06  3.34762667e-05 -9.49749259e-08  3.34762667e-05 -3.58601534e-08  3.34762667e-05  0.00000000e+00  3.34762667e-05  0.00000000e+00 
 3.35762667e-05  1.19735228e+00  3.35762667e-05  5.40490450e-01  3.35762667e-05  1.21396491e-06  3.35762667e-05  9.49943494e-08  3.35762667e-05  4.27428851e-08  3.35762667e-05  0.00000000e+00  3.35762667e-05  0.00000000e+00 
 3.36762667e-05  1.19731952e+00  3.36762667e-05  5.40464679e-01  3.36762667e-05  1.20152195e-06  3.36762667e-05 -9.49695582e-08  3.36762667e-05 -3.58588855e-08  3.36762667e-05  0.00000000e+00  3.36762667e-05  0.00000000e+00 
 3.37762667e-05  1.19728680e+00  3.37762667e-05  5.40490450e-01  3.37762667e-05  1.21396443e-06  3.37762667e-05  9.49892607e-08  3.37762667e-05  4.27414332e-08  3.37762667e-05  0.00000000e+00  3.37762667e-05  0.00000000e+00 
 3.38762667e-05  1.19725404e+00  3.38762667e-05  5.40464690e-01  3.38762667e-05  1.20152243e-06  3.38762667e-05 -9.49640253e-08  3.38762667e-05 -3.58576186e-08  3.38762667e-05  0.00000000e+00  3.38762667e-05  0.00000000e+00 
 3.39762667e-05  1.19722132e+00  3.39762667e-05  5.40490451e-01  3.39762667e-05  1.21396395e-06  3.39762667e-05  9.49840071e-08  3.39762667e-05  4.27399824e-08  3.39762667e-05  0.00000000e+00  3.39762667e-05  0.00000000e+00 
 3.40762667e-05  1.19718857e+00  3.40762667e-05  5.40464700e-01  3.40762667e-05  1.20152291e-06  3.40762667e-05 -9.49583294e-08  3.40762667e-05 -3.58563529e-08  3.40762667e-05  0.00000000e+00  3.40762667e-05  0.00000000e+00 
 3.41762667e-05  1.19715586e+00  3.41762667e-05  5.40490451e-01  3.41762667e-05  1.21396347e-06  3.41762667e-05  9.49785910e-08  3.41762667e-05  4.27385328e-08  3.41762667e-05  0.00000000e+00  3.41762667e-05  0.00000000e+00 
 3.42762667e-05  1.19712311e+00  3.42762667e-05  5.40464711e-01  3.42762667e-05  1.20152339e-06  3.42762667e-05 -9.49524729e-08  3.42762667e-05 -3.58550882e-08  3.42762667e-05  0.00000000e+00  3.42762667e-05  0.00000000e+00 
 3.43762667e-05  1.19709041e+00  3.43762667e-05  5.40490451e-01  3.43762667e-05  1.21396299e-06  3.43762667e-05  9.49730148e-08  3.43762667e-05  4.27370842e-08  3.43762667e-05  0.00000000e+00  3.43762667e-05  0.00000000e+00 
 3.44762667e-05  1.19705767e+00  3.44762667e-05  5.40464721e-01  3.44762667e-05  1.20152387e-06  3.44762667e-05 -9.49464580e-08  3.44762667e-05 -3.58538246e-08  3.44762667e-05  0.00000000e+00  3.44762667e-05  0.00000000e+00 
 3.45762667e-05  1.19702497e+00  3.45762667e-05  5.40490452e-01  3.45762667e-05  1.21396251e-06  3.45762667e-05  9.49672806e-08  3.45762667e-05  4.27356367e-08  3.45762667e-05  0.00000000e+00  3.45762667e-05  0.00000000e+00 
 3.46762667e-05  1.19699223e+00  3.46762667e-05  5.40464732e-01  3.46762667e-05  1.20152435e-06  3.46762667e-05 -9.49402870e-08  3.46762667e-05 -3.58525620e-08  3.46762667e-05  0.00000000e+00  3.46762667e-05  0.00000000e+00 
 3.47762667e-05  1.19695954e+00  3.47762667e-05  5.40490452e-01  3.47762667e-05  1.21396203e-06  3.47762667e-05  9.49613905e-08  3.47762667e-05  4.27341903e-08  3.47762667e-05  0.00000000e+00  3.47762667e-05  0.00000000e+00 
 3.48762667e-05  1.19692681e+00  3.48762667e-05  5.40464742e-01  3.48762667e-05  1.20152482e-06  3.48762667e-05 -9.49339620e-08  3.48762667e-05 -3.58513005e-08  3.48762667e-05  0.00000000e+00  3.48762667e-05  0.00000000e+00 
 3.49381334e-05  1.19690659e+00  3.49381334e-05  5.40490442e-01  3.49381334e-05  1.21396141e-06  3.49381334e-05  9.49532379e-08  3.49381334e-05  4.27323458e-08  3.49381334e-05  0.00000000e+00  3.49381334e-05  0.00000000e+00 
 3.50000000e-05  1.19688634e+00  3.50000000e-05  5.40464739e-01  3.50000000e-05  1.20152559e-06  3.50000000e-05 -9.49237806e-08  3.50000000e-05 -3.58491717e-08  3.50000000e-05  0.00000000e+00  3.50000000e-05  0.00000000e+00 
 3.50000010e-05  1.19689253e+00  3.50000010e-05  5.41900897e-01  3.50000010e-05  9.20673664e-07  3.50000010e-05 -2.29714932e-06  3.50000010e-05  5.52022287e-05  3.50000010e-05  0.00000000e+00  3.50000010e-05  1.20000000e-01 
 3.50000030e-05  1.19690945e+00  3.50000030e-05  5.46355182e-01  3.50000030e-05  5.70606885e-07  3.50000030e-05 -4.95667242e-06  3.50000030e-05  1.20526515e-04  3.50000030e-05  0.00000000e+00  3.50000030e-05  3.60000000e-01 
 3.50000065e-05  1.19695704e+00  3.50000065e-05  5.59172526e-01  3.50000065e-05  1.66511262e-07  3.50000065e-05 -7.47177853e-06  3.50000065e-05  1.93560323e-04  3.50000065e-05  0.00000000e+00  3.50000065e-05  7.80000000e-01 
 3.50000100e-05  1.19700084e+00  3.50000100e-05  5.68759689e-01  3.50000100e-05  6.98399255e-07  3.50000100e-05 -2.98622074e-06  3.50000100e-05  1.04869412e-04  3.50000100e-05  0.00000000e+00  3.50000100e-05  1.20000000e+00 
 3.50000107e-05  1.19699911e+00  3.50000107e-05  5.69058295e-01  3.50000107e-05  9.68332556e-07  3.50000107e-05 -1.83147424e-06  3.50000107e-05  3.98062989e-05  3.50000107e-05  0.00000000e+00  3.50000107e-05  1.20000000e+00 
 3.50000121e-05  1.19699433e+00  3.50000121e-05  5.69491441e-01  3.50000121e-05  1.03735863e-06  3.50000121e-05 -1.48105258e-06  3.50000121e-05  2.46027411e-05  3.50000121e-05  0.00000000e+00  3.50000121e-05  1.20000000e+00 
 3.50000149e-05  1.19698441e+00  3.50000149e-05  5.70461683e-01  3.50000149e-05  9.68929444e-07  3.50000149e-05 -2.00382074e-06  3.50000149e-05  3.56773271e-05  3.50000149e-05  0.00000000e+00  3.50000149e-05  1.20000000e+00 
 3.50000205e-05  1.19696502e+00  3.50000205e-05  5.72648814e-01  3.50000205e-05  1.04495440e-06  3.50000205e-05 -1.73149367e-06  3.50000205e-05  2.18892475e-05  3.50000205e-05  0.00000000e+00  3.50000205e-05  1.20000000e+00 
 3.50000317e-05  1.19692730e+00  3.50000317e-05  5.76627989e-01  3.50000317e-05  1.02796021e-06  3.50000317e-05 -2.07987794e-06  3.50000317e-05  2.89221095e-05  3.50000317e-05  0.00000000e+00  3.50000317e-05  1.20000000e+00 
 3.50000541e-05  1.19686053e+00  3.50000541e-05  5.82377502e-01  3.50000541e-05  1.13822993e-06  3.50000541e-05 -1.62946534e-06  3.50000541e-05  1.20240604e-05  3.50000541e-05  0.00000000e+00  3.50000541e-05  1.20000000e+00 
 3.50000989e-05  1.19676043e+00  3.50000989e-05  5.88108474e-01  3.50000989e-05  1.13333207e-06  3.50000989e-05 -1.70559064e-06  3.50000989e-05  1.56563067e-05  3.50000989e-05  0.00000000e+00  3.50000989e-05  1.20000000e+00 
 3.50001885e-05  1.19664570e+00  3.50001885e-05  5.90653143e-01  3.50001885e-05  1.22885966e-06  3.50001885e-05 -8.46317915e-07  3.50001885e-05 -6.52775132e-07  3.50001885e-05  0.00000000e+00  3.50001885e-05  1.20000000e+00 
 3.50003677e-05  1.19654778e+00  3.50003677e-05  5.88511324e-01  3.50003677e-05  1.18726618e-06  3.50003677e-05 -5.01851141e-07  3.50003677e-05  7.10359304e-06  3.50003677e-05  0.00000000e+00  3.50003677e-05  1.20000000e+00 
 3.50006377e-05  1.19649357e+00  3.50006377e-05  5.84735871e-01  3.50006377e-05  1.24310214e-06  3.50006377e-05  2.10577775e-07  3.50006377e-05 -4.41701691e-06  3.50006377e-05  0.00000000e+00  3.50006377e-05  1.20000000e+00 
 3.50011034e-05  1.19645177e+00  3.50011034e-05  5.79707320e-01  3.50011034e-05  1.18510358e-06  3.50011034e-05 -5.39837521e-08  3.50011034e-05  5.87017354e-06  3.50011034e-05  0.00000000e+00  3.50011034e-05  1.20000000e+00 
 3.50019381e-05  1.19641079e+00  3.50019381e-05  5.72751893e-01  3.50019381e-05  1.23980681e-06  3.50019381e-05  2.50187965e-07  3.50019381e-05 -4.90962632e-06  3.50019381e-05  0.00000000e+00  3.50019381e-05  1.20000000e+00 
 3.50036074e-05  1.19635198e+00  3.50036074e-05  5.63226292e-01  3.50036074e-05  1.18145090e-06  3.50036074e-05 -1.21108004e-07  3.50036074e-05  5.64943992e-06  3.50036074e-05  0.00000000e+00  3.50036074e-05  1.20000000e+00 
 3.50069461e-05  1.19625225e+00  3.50069461e-05  5.53100443e-01  3.50069461e-05  1.23665596e-06  3.50069461e-05  1.89744860e-07  3.50069461e-05 -5.01135570e-06  3.50069461e-05  0.00000000e+00  3.50069461e-05  1.20000000e+00 
 3.50136234e-05  1.19605867e+00  3.50136234e-05  5.44646462e-01  3.50136234e-05  1.17947984e-06  3.50136234e-05 -1.61789644e-07  3.50136234e-05  5.63402981e-06  3.50136234e-05  0.00000000e+00  3.50136234e-05  1.20000000e+00 
 3.50269781e-05  1.19566300e+00  3.50269781e-05  5.40651247e-01  3.50269781e-05  1.23590865e-06  3.50269781e-05  1.68583204e-07  3.50269781e-05 -4.99300085e-06  3.50269781e-05  0.00000000e+00  3.50269781e-05  1.20000000e+00 
 3.50536875e-05  1.19487211e+00  3.50536875e-05  5.40557613e-01  3.50536875e-05  1.17951158e-06  3.50536875e-05 -1.68530859e-07  3.50536875e-05  5.63931446e-06  3.50536875e-05  0.00000000e+00  3.50536875e-05  1.20000000e+00 
 3.51032048e-05  1.19341573e+00  3.51032048e-05  5.40556562e-01  3.51032048e-05  1.23598525e-06  3.51032048e-05  1.68598956e-07  3.51032048e-05 -4.99299949e-06  3.51032048e-05  0.00000000e+00  3.51032048e-05  1.20000000e+00 
 3.52022393e-05  1.19050745e+00  3.52022393e-05  5.40593496e-01  3.52022393e-05  1.17949784e-06  3.52022393e-05 -1.68570358e-07  3.52022393e-05  5.63935345e-06  3.52022393e-05  0.00000000e+00  3.52022393e-05  1.20000000e+00 
 3.53022393e-05  1.18757095e+00  3.53022393e-05  5.40614946e-01  3.53022393e-05  1.23599049e-06  3.53022393e-05  1.68642953e-07  3.53022393e-05 -4.99298444e-06  3.53022393e-05  0.00000000e+00  3.53022393e-05  1.20000000e+00 
 3.54022393e-05  1.18463438e+00  3.54022393e-05  5.40629564e-01  3.54022393e-05  1.17949391e-06  3.54022393e-05 -1.68583926e-07  3.54022393e-05  5.63937428e-06  3.54022393e-05  0.00000000e+00  3.54022393e-05  1.20000000e+00 
 3.55022393e-05  1.18169806e+00  3.55022393e-05  5.40657491e-01  3.55022393e-05  1.23599316e-06  3.55022393e-05  1.68679014e-07  3.55022393e-05 -4.99296787e-06  3.55022393e-05  0.00000000e+00  3.55022393e-05  1.20000000e+00 
 3.56022393e-05  1.17876165e+00  3.56022393e-05  5.40649512e-01  3.56022393e-05  1.17949187e-06  3.56022393e-05 -1.68593610e-07  3.56022393e-05  5.63938248e-06  3.56022393e-05  0.00000000e+00  3.56022393e-05  1.20000000e+00 
 3.57022393e-05  1.17582554e+00  3.57022393e-05  5.40666755e-01  3.57022393e-05  1.23599448e-06  3.57022393e-05  1.68711470e-07  3.57022393e-05 -4.99296052e-06  3.57022393e-05  0.00000000e+00  3.57022393e-05  1.20000000e+00 
 3.58022393e-05  1.17288941e+00  3.58022393e-05  5.40627747e-01  3.58022393e-05  1.17949095e-06  3.58022393e-05 -1.68601387e-07  3.58022393e-05  5.63936662e-06  3.58022393e-05  0.00000000e+00  3.58022393e-05  1.20000000e+00 
 3.59022393e-05  1.16995366e+00  3.59022393e-05  5.40628315e-01  3.59022393e-05  1.23599513e-06  3.59022393e-05  1.68740845e-07  3.59022393e-05 -4.99297374e-06  3.59022393e-05  0.00000000e+00  3.59022393e-05  1.20000000e+00 
 3.60022393e-05  1.16701803e+00  3.60022393e-05  5.40563927e-01  3.60022393e-05  1.17949083e-06  3.60022393e-05 -1.68609794e-07  3.60022393e-05  5.63931606e-06  3.60022393e-05  0.00000000e+00  3.60022393e-05  1.20000000e+00 
 3.61022393e-05  1.16408288e+00  3.61022393e-05  5.40568908e-01  3.61022393e-05  1.23599552e-06  3.61022393e-05  1.68765575e-07  3.61022393e-05 -4.99301257e-06  3.61022393e-05  0.00000000e+00  3.61022393e-05  1.20000000e+00 
 3.62022393e-05  1.16114788e+00  3.62022393e-05  5.40520691e-01  3.62022393e-05  1.17949110e-06  3.62022393e-05 -1.68624755e-07  3.62022393e-05  5.63925814e-06  3.62022393e-05  0.00000000e+00  3.62022393e-05  1.20000000e+00 
 3.63022393e-05  1.15821316e+00  3.63022393e-05  5.40563751e-01  3.63022393e-05  1.23599530e-06  3.63022393e-05  1.68789857e-07  3.63022393e-05 -4.99301369e-06  3.63022393e-05  0.00000000e+00  3.63022393e-05  1.20000000e+00 
 3.64022393e-05  1.15527844e+00  3.64022393e-05  5.40514356e-01  3.64022393e-05  1.17949149e-06  3.64022393e-05 -1.68641928e-07  3.64022393e-05  5.63923149e-06  3.64022393e-05  0.00000000e+00  3.64022393e-05  1.20000000e+00 
 3.65022393e-05  1.15234397e+00  3.65022393e-05  5.40545365e-01  3.65022393e-05  1.23599487e-06  3.65022393e-05  1.68829012e-07  3.65022393e-05 -4.99301075e-06  3.65022393e-05  0.00000000e+00  3.65022393e-05  1.20000000e+00 
 3.66022393e-05  1.14940956e+00  3.66022393e-05  5.40461835e-01  3.66022393e-05  1.17949209e-06  3.66022393e-05 -1.68686340e-07  3.66022393e-05  5.63918744e-06  3.66022393e-05  0.00000000e+00  3.66022393e-05  1.20000000e+00 
 3.67022393e-05  1.14647540e+00  3.67022393e-05  5.40501503e-01  3.67022393e-05  1.23599425e-06  3.67022393e-05  1.68888496e-07  3.67022393e-05 -4.99301333e-06  3.67022393e-05  0.00000000e+00  3.67022393e-05  1.20000000e+00 
 3.68022393e-05  1.14354128e+00  3.68022393e-05  5.40429930e-01  3.68022393e-05  1.17949282e-06  3.68022393e-05 -1.68765354e-07  3.68022393e-05  5.63915104e-06  3.68022393e-05  0.00000000e+00  3.68022393e-05  1.20000000e+00 
 3.69022393e-05  1.14060733e+00  3.69022393e-05  5.40506184e-01  3.69022393e-05  1.23599345e-06  3.69022393e-05  1.68981926e-07  3.69022393e-05 -4.99299686e-06  3.69022393e-05  0.00000000e+00  3.69022393e-05  1.20000000e+00 
 3.70022393e-05  1.13767339e+00  3.70022393e-05  5.40418261e-01  3.70022393e-05  1.17949373e-06  3.70022393e-05 -1.68842151e-07  3.70022393e-05  5.63911821e-06  3.70022393e-05  0.00000000e+00  3.70022393e-05  1.20000000e+00 
 3.71022393e-05  1.13473959e+00  3.71022393e-05  5.40508097e-01  3.71022393e-05  1.23599245e-06  3.71022393e-05  1.69065700e-07  3.71022393e-05 -4.99297798e-06  3.71022393e-05  0.00000000e+00  3.71022393e-05  1.20000000e+00 
 3.72022393e-05  1.13180579e+00  3.72022393e-05  5.40413083e-01  3.72022393e-05  1.17949481e-06  3.72022393e-05 -1.68925087e-07  3.72022393e-05  5.63908701e-06  3.72022393e-05  0.00000000e+00  3.72022393e-05  1.20000000e+00 
 3.73022393e-05  1.12887212e+00  3.73022393e-05  5.40510429e-01  3.73022393e-05  1.23599130e-06  3.73022393e-05  1.69157109e-07  3.73022393e-05 -4.99295906e-06  3.73022393e-05  0.00000000e+00  3.73022393e-05  1.20000000e+00 
 3.74022393e-05  1.12593845e+00  3.74022393e-05  5.40408274e-01  3.74022393e-05  1.17949603e-06  3.74022393e-05 -1.69013520e-07  3.74022393e-05  5.63905627e-06  3.74022393e-05  0.00000000e+00  3.74022393e-05  1.20000000e+00 
 3.75022393e-05  1.12300490e+00  3.75022393e-05  5.40512942e-01  3.75022393e-05  1.23599002e-06  3.75022393e-05  1.69250545e-07  3.75022393e-05 -4.99294045e-06  3.75022393e-05  0.00000000e+00  3.75022393e-05  1.20000000e+00 
 3.76022393e-05  1.12007134e+00  3.76022393e-05  5.40404363e-01  3.76022393e-05  1.17949737e-06  3.76022393e-05 -1.69102796e-07  3.76022393e-05  5.63902624e-06  3.76022393e-05  0.00000000e+00  3.76022393e-05  1.20000000e+00 
 3.77022393e-05  1.11713792e+00  3.77022393e-05  5.40515079e-01  3.77022393e-05  1.23598863e-06  3.77022393e-05  1.69342374e-07  3.77022393e-05 -4.99292254e-06  3.77022393e-05  0.00000000e+00  3.77022393e-05  1.20000000e+00 
 3.78022393e-05  1.11420446e+00  3.78022393e-05  5.40401407e-01  3.78022393e-05  1.17949880e-06  3.78022393e-05 -1.69189646e-07  3.78022393e-05  5.63899721e-06  3.78022393e-05  0.00000000e+00  3.78022393e-05  1.20000000e+00 
 3.79022393e-05  1.11127114e+00  3.79022393e-05  5.40516631e-01  3.79022393e-05  1.23598716e-06  3.79022393e-05  1.69429935e-07  3.79022393e-05 -4.99290571e-06  3.79022393e-05  0.00000000e+00  3.79022393e-05  1.20000000e+00 
 3.80022393e-05  1.10833778e+00  3.80022393e-05  5.40399384e-01  3.80022393e-05  1.17950032e-06  3.80022393e-05 -1.69271742e-07  3.80022393e-05  5.63896945e-06  3.80022393e-05  0.00000000e+00  3.80022393e-05  1.20000000e+00 
 3.81022393e-05  1.10540456e+00  3.81022393e-05  5.40517526e-01  3.81022393e-05  1.23598561e-06  3.81022393e-05  1.69511398e-07  3.81022393e-05 -4.99289024e-06  3.81022393e-05  0.00000000e+00  3.81022393e-05  1.20000000e+00 
 3.82022393e-05  1.10247129e+00  3.82022393e-05  5.40398230e-01  3.82022393e-05  1.17950189e-06  3.82022393e-05 -1.69347527e-07  3.82022393e-05  5.63894315e-06  3.82022393e-05  0.00000000e+00  3.82022393e-05  1.20000000e+00 
 3.83022393e-05  1.09953817e+00  3.83022393e-05  5.40517772e-01  3.83022393e-05  1.23598402e-06  3.83022393e-05  1.69585621e-07  3.83022393e-05 -4.99287632e-06  3.83022393e-05  0.00000000e+00  3.83022393e-05  1.20000000e+00 
 3.84022393e-05  1.09660499e+00  3.84022393e-05  5.40397854e-01  3.84022393e-05  1.17950349e-06  3.84022393e-05 -1.69416081e-07  3.84022393e-05  5.63891845e-06  3.84022393e-05  0.00000000e+00  3.84022393e-05  1.20000000e+00 
 3.85022393e-05  1.09367197e+00  3.85022393e-05  5.40517419e-01  3.85022393e-05  1.23598240e-06  3.85022393e-05  1.69652017e-07  3.85022393e-05 -4.99286404e-06  3.85022393e-05  0.00000000e+00  3.85022393e-05  1.20000000e+00 
 3.86022393e-05  1.09073886e+00  3.86022393e-05  5.40398153e-01  3.86022393e-05  1.17950512e-06  3.86022393e-05 -1.69476987e-07  3.86022393e-05  5.63889539e-06  3.86022393e-05  0.00000000e+00  3.86022393e-05  1.20000000e+00 
 3.87022393e-05  1.08780593e+00  3.87022393e-05  5.40516541e-01  3.87022393e-05  1.23598077e-06  3.87022393e-05  1.69710435e-07  3.87022393e-05 -4.99285344e-06  3.87022393e-05  0.00000000e+00  3.87022393e-05  1.20000000e+00 
 3.88022393e-05  1.08487291e+00  3.88022393e-05  5.40399021e-01  3.88022393e-05  1.17950675e-06  3.88022393e-05 -1.69530215e-07  3.88022393e-05  5.63887394e-06  3.88022393e-05  0.00000000e+00  3.88022393e-05  1.20000000e+00 
 3.89022393e-05  1.08194006e+00  3.89022393e-05  5.40515222e-01  3.89022393e-05  1.23597915e-06  3.89022393e-05  1.69761047e-07  3.89022393e-05 -4.99284447e-06  3.89022393e-05  0.00000000e+00  3.89022393e-05  1.20000000e+00 
 3.90022393e-05  1.07900711e+00  3.90022393e-05  5.40400354e-01  3.90022393e-05  1.17950836e-06  3.90022393e-05 -1.69576018e-07  3.90022393e-05  5.63885402e-06  3.90022393e-05  0.00000000e+00  3.90022393e-05  1.20000000e+00 
 3.91022393e-05  1.07607435e+00  3.91022393e-05  5.40513546e-01  3.91022393e-05  1.23597755e-06  3.91022393e-05  1.69804249e-07  3.91022393e-05 -4.99283702e-06  3.91022393e-05  0.00000000e+00  3.91022393e-05  1.20000000e+00 
 3.92022393e-05  1.07314148e+00  3.92022393e-05  5.40402057e-01  3.92022393e-05  1.17950995e-06  3.92022393e-05 -1.69614840e-07  3.92022393e-05  5.63883550e-06  3.92022393e-05  0.00000000e+00  3.92022393e-05  1.20000000e+00 
 3.93022393e-05  1.07020880e+00  3.93022393e-05  5.40511593e-01  3.93022393e-05  1.23597598e-06  3.93022393e-05  1.69840588e-07  3.93022393e-05 -4.99283095e-06  3.93022393e-05  0.00000000e+00  3.93022393e-05  1.20000000e+00 
 3.94022393e-05  1.06727600e+00  3.94022393e-05  5.40404041e-01  3.94022393e-05  1.17951150e-06  3.94022393e-05 -1.69647244e-07  3.94022393e-05  5.63881821e-06  3.94022393e-05  0.00000000e+00  3.94022393e-05  1.20000000e+00 
 3.95022393e-05  1.06434340e+00  3.95022393e-05  5.40509439e-01  3.95022393e-05  1.23597445e-06  3.95022393e-05  1.69870692e-07  3.95022393e-05 -4.99282611e-06  3.95022393e-05  0.00000000e+00  3.95022393e-05  1.20000000e+00 
 3.96022393e-05  1.06141068e+00  3.96022393e-05  5.40406229e-01  3.96022393e-05  1.17951300e-06  3.96022393e-05 -1.69673859e-07  3.96022393e-05  5.63880199e-06  3.96022393e-05  0.00000000e+00  3.96022393e-05  1.20000000e+00 
 3.97022393e-05  1.05847816e+00  3.97022393e-05  5.40507151e-01  3.97022393e-05  1.23597298e-06  3.97022393e-05  1.69895227e-07  3.97022393e-05 -4.99282231e-06  3.97022393e-05  0.00000000e+00  3.97022393e-05  1.20000000e+00 
 3.98022393e-05  1.05554551e+00  3.98022393e-05  5.40408552e-01  3.98022393e-05  1.17951445e-06  3.98022393e-05 -1.69695332e-07  3.98022393e-05  5.63878662e-06  3.98022393e-05  0.00000000e+00  3.98022393e-05  1.20000000e+00 
 3.99022393e-05  1.05261307e+00  3.99022393e-05  5.40504785e-01  3.99022393e-05  1.23597156e-06  3.99022393e-05  1.69914858e-07  3.99022393e-05 -4.99281937e-06  3.99022393e-05  0.00000000e+00  3.99022393e-05  1.20000000e+00 
 4.00022393e-05  1.04968049e+00  4.00022393e-05  5.40410953e-01  4.00022393e-05  1.17951583e-06  4.00022393e-05 -1.69712302e-07  4.00022393e-05  5.63877194e-06  4.00022393e-05  0.00000000e+00  4.00022393e-05  1.20000000e+00 
 4.01022393e-05  1.04674813e+00  4.01022393e-05  5.40502393e-01  4.01022393e-05  1.23597021e-06  4.01022393e-05  1.69930224e-07  4.01022393e-05 -4.99281710e-06  4.01022393e-05  0.00000000e+00  4.01022393e-05  1.20000000e+00 
 4.02022393e-05  1.04381562e+00  4.02022393e-05  5.40413381e-01  4.02022393e-05  1.17951715e-06  4.02022393e-05 -1.69725375e-07  4.02022393e-05  5.63875773e-06  4.02022393e-05  0.00000000e+00  4.02022393e-05  1.20000000e+00 
 4.03022393e-05  1.04088334e+00  4.03022393e-05  5.40500017e-01  4.03022393e-05  1.23596892e-06  4.03022393e-05  1.69941923e-07  4.03022393e-05 -4.99281534e-06  4.03022393e-05  0.00000000e+00  4.03022393e-05  1.20000000e+00 
 4.04022393e-05  1.03795091e+00  4.04022393e-05  5.40415796e-01  4.04022393e-05  1.17951841e-06  4.04022393e-05 -1.69735114e-07  4.04022393e-05  5.63874382e-06  4.04022393e-05  0.00000000e+00  4.04022393e-05  1.20000000e+00 
 4.05022393e-05  1.03501870e+00  4.05022393e-05  5.40497692e-01  4.05022393e-05  1.23596770e-06  4.05022393e-05  1.69950500e-07  4.05022393e-05 -4.99281393e-06  4.05022393e-05  0.00000000e+00  4.05022393e-05  1.20000000e+00 
 4.06022393e-05  1.03208634e+00  4.06022393e-05  5.40418164e-01  4.06022393e-05  1.17951960e-06  4.06022393e-05 -1.69742027e-07  4.06022393e-05  5.63873004e-06  4.06022393e-05  0.00000000e+00  4.06022393e-05  1.20000000e+00 
 4.07022393e-05  1.02915421e+00  4.07022393e-05  5.40495447e-01  4.07022393e-05  1.23596654e-06  4.07022393e-05  1.69956446e-07  4.07022393e-05 -4.99281271e-06  4.07022393e-05  0.00000000e+00  4.07022393e-05  1.20000000e+00 
 4.08022393e-05  1.02622193e+00  4.08022393e-05  5.40420458e-01  4.08022393e-05  1.17952072e-06  4.08022393e-05 -1.69746567e-07  4.08022393e-05  5.63871623e-06  4.08022393e-05  0.00000000e+00  4.08022393e-05  1.20000000e+00 
 4.09022393e-05  1.02328987e+00  4.09022393e-05  5.40493302e-01  4.09022393e-05  1.23596546e-06  4.09022393e-05  1.69960193e-07  4.09022393e-05 -4.99281157e-06  4.09022393e-05  0.00000000e+00  4.09022393e-05  1.20000000e+00 
 4.10022393e-05  1.02035767e+00  4.10022393e-05  5.40422657e-01  4.10022393e-05  1.17952177e-06  4.10022393e-05 -1.69749133e-07  4.10022393e-05  5.63870223e-06  4.10022393e-05  0.00000000e+00  4.10022393e-05  1.20000000e+00 
 4.11022393e-05  1.01742569e+00  4.11022393e-05  5.40491276e-01  4.11022393e-05  1.23596444e-06  4.11022393e-05  1.69962115e-07  4.11022393e-05 -4.99281040e-06  4.11022393e-05  0.00000000e+00  4.11022393e-05  1.20000000e+00 
 4.12022393e-05  1.01449357e+00  4.12022393e-05  5.40424747e-01  4.12022393e-05  1.17952276e-06  4.12022393e-05 -1.69750067e-07  4.12022393e-05  5.63868793e-06  4.12022393e-05  0.00000000e+00  4.12022393e-05  1.20000000e+00 
 4.13022393e-05  1.01156167e+00  4.13022393e-05  5.40489379e-01  4.13022393e-05  1.23596348e-06  4.13022393e-05  1.69962536e-07  4.13022393e-05 -4.99280912e-06  4.13022393e-05  0.00000000e+00  4.13022393e-05  1.20000000e+00 
 4.14022393e-05  1.00862963e+00  4.14022393e-05  5.40426717e-01  4.14022393e-05  1.17952369e-06  4.14022393e-05 -1.69749665e-07  4.14022393e-05  5.63867319e-06  4.14022393e-05  0.00000000e+00  4.14022393e-05  1.20000000e+00 
 4.15022393e-05  1.00569781e+00  4.15022393e-05  5.40487619e-01  4.15022393e-05  1.23596258e-06  4.15022393e-05  1.69961731e-07  4.15022393e-05 -4.99280767e-06  4.15022393e-05  0.00000000e+00  4.15022393e-05  1.20000000e+00 
 4.16022393e-05  1.00276585e+00  4.16022393e-05  5.40428560e-01  4.16022393e-05  1.17952456e-06  4.16022393e-05 -1.69748175e-07  4.16022393e-05  5.63865792e-06  4.16022393e-05  0.00000000e+00  4.16022393e-05  1.20000000e+00 
 4.17022393e-05  9.99834108e-01  4.17022393e-05  5.40485999e-01  4.17022393e-05  1.23596174e-06  4.17022393e-05  1.69959931e-07  4.17022393e-05 -4.99280602e-06  4.17022393e-05  0.00000000e+00  4.17022393e-05  1.20000000e+00 
 4.18022393e-05  9.96902231e-01  4.18022393e-05  5.40430274e-01  4.18022393e-05  1.17952537e-06  4.18022393e-05 -1.69745807e-07  4.18022393e-05  5.63864202e-06  4.18022393e-05  0.00000000e+00  4.18022393e-05  1.20000000e+00 
 4.19022393e-05  9.93970578e-01  4.19022393e-05  5.40484519e-01  4.19022393e-05  1.23596095e-06  4.19022393e-05  1.69957329e-07  4.19022393e-05 -4.99280416e-06  4.19022393e-05  0.00000000e+00  4.19022393e-05  1.20000000e+00 
 4.20022393e-05  9.91038789e-01  4.20022393e-05  5.40431860e-01  4.20022393e-05  1.17952613e-06  4.20022393e-05 -1.69742734e-07  4.20022393e-05  5.63862539e-06  4.20022393e-05  0.00000000e+00  4.20022393e-05  1.20000000e+00 
 4.21022393e-05  9.88107224e-01  4.21022393e-05  5.40483177e-01  4.21022393e-05  1.23596022e-06  4.21022393e-05  1.69954085e-07  4.21022393e-05 -4.99280210e-06  4.21022393e-05  0.00000000e+00  4.21022393e-05  1.20000000e+00 
 4.22022393e-05  9.85175526e-01  4.22022393e-05  5.40433320e-01  4.22022393e-05  1.17952685e-06  4.22022393e-05 -1.69739097e-07  4.22022393e-05  5.63860796e-06  4.22022393e-05  0.00000000e+00  4.22022393e-05  1.20000000e+00 
 4.23022393e-05  9.82244053e-01  4.23022393e-05  5.40481969e-01  4.23022393e-05  1.23595953e-06  4.23022393e-05  1.69950329e-07  4.23022393e-05 -4.99279989e-06  4.23022393e-05  0.00000000e+00  4.23022393e-05  1.20000000e+00 
 4.24022393e-05  9.79312450e-01  4.24022393e-05  5.40434659e-01  4.24022393e-05  1.17952751e-06  4.24022393e-05 -1.69735016e-07  4.24022393e-05  5.63858966e-06  4.24022393e-05  0.00000000e+00  4.24022393e-05  1.20000000e+00 
 4.25022393e-05  9.76381073e-01  4.25022393e-05  5.40480887e-01  4.25022393e-05  1.23595888e-06  4.25022393e-05  1.69946169e-07  4.25022393e-05 -4.99279758e-06  4.25022393e-05  0.00000000e+00  4.25022393e-05  1.20000000e+00 
 4.26022393e-05  9.73449569e-01  4.26022393e-05  5.40435884e-01  4.26022393e-05  1.17952814e-06  4.26022393e-05 -1.69730584e-07  4.26022393e-05  5.63857041e-06  4.26022393e-05  0.00000000e+00  4.26022393e-05  1.20000000e+00 
 4.27022393e-05  9.70518295e-01  4.27022393e-05  5.40479924e-01  4.27022393e-05  1.23595828e-06  4.27022393e-05  1.69941692e-07  4.27022393e-05 -4.99279528e-06  4.27022393e-05  0.00000000e+00  4.27022393e-05  1.20000000e+00 
 4.28022393e-05  9.67586897e-01  4.28022393e-05  5.40437003e-01  4.28022393e-05  1.17952872e-06  4.28022393e-05 -1.69725878e-07  4.28022393e-05  5.63855014e-06  4.28022393e-05  0.00000000e+00  4.28022393e-05  1.20000000e+00 
 4.29022393e-05  9.64655731e-01  4.29022393e-05  5.40479072e-01  4.29022393e-05  1.23595772e-06  4.29022393e-05  1.69936966e-07  4.29022393e-05 -4.99279310e-06  4.29022393e-05  0.00000000e+00  4.29022393e-05  1.20000000e+00 
 4.30022393e-05  9.61724444e-01  4.30022393e-05  5.40438023e-01  4.30022393e-05  1.17952927e-06  4.30022393e-05 -1.69720961e-07  4.30022393e-05  5.63852878e-06  4.30022393e-05  0.00000000e+00  4.30022393e-05  1.20000000e+00 
 4.31022393e-05  9.58793395e-01  4.31022393e-05  5.40478321e-01  4.31022393e-05  1.23595718e-06  4.31022393e-05  1.69932050e-07  4.31022393e-05 -4.99279116e-06  4.31022393e-05  0.00000000e+00  4.31022393e-05  1.20000000e+00 
 4.32022393e-05  9.55862227e-01  4.32022393e-05  5.40438954e-01  4.32022393e-05  1.17952979e-06  4.32022393e-05 -1.69715882e-07  4.32022393e-05  5.63850625e-06  4.32022393e-05  0.00000000e+00  4.32022393e-05  1.20000000e+00 
 4.33022393e-05  9.52931303e-01  4.33022393e-05  5.40477662e-01  4.33022393e-05  1.23595668e-06  4.33022393e-05  1.69926988e-07  4.33022393e-05 -4.99278964e-06  4.33022393e-05  0.00000000e+00  4.33022393e-05  1.20000000e+00 
 4.34022393e-05  9.50000264e-01  4.34022393e-05  5.40439803e-01  4.34022393e-05  1.17953027e-06  4.34022393e-05 -1.69710681e-07  4.34022393e-05  5.63848247e-06  4.34022393e-05  0.00000000e+00  4.34022393e-05  1.20000000e+00 
 4.35022393e-05  9.47069476e-01  4.35022393e-05  5.40477086e-01  4.35022393e-05  1.23595621e-06  4.35022393e-05  1.69921816e-07  4.35022393e-05 -4.99278871e-06  4.35022393e-05  0.00000000e+00  4.35022393e-05  1.20000000e+00 
 4.36022393e-05  9.44138574e-01  4.36022393e-05  5.40440580e-01  4.36022393e-05  1.17953073e-06  4.36022393e-05 -1.69705391e-07  4.36022393e-05  5.63845735e-06  4.36022393e-05  0.00000000e+00  4.36022393e-05  1.20000000e+00 
 4.37022393e-05  9.41207933e-01  4.37022393e-05  5.40476584e-01  4.37022393e-05  1.23595576e-06  4.37022393e-05  1.69916565e-07  4.37022393e-05 -4.99278857e-06  4.37022393e-05  0.00000000e+00  4.37022393e-05  1.20000000e+00 
 4.38022393e-05  9.38277181e-01  4.38022393e-05  5.40441294e-01  4.38022393e-05  1.17953117e-06  4.38022393e-05 -1.69700038e-07  4.38022393e-05  5.63843082e-06  4.38022393e-05  0.00000000e+00  4.38022393e-05  1.20000000e+00 
 4.39022393e-05  9.35346700e-01  4.39022393e-05  5.40476149e-01  4.39022393e-05  1.23595534e-06  4.39022393e-05  1.69911257e-07  4.39022393e-05 -4.99278944e-06  4.39022393e-05  0.00000000e+00  4.39022393e-05  1.20000000e+00 
 4.40022393e-05  9.32416110e-01  4.40022393e-05  5.40441952e-01  4.40022393e-05  1.17953158e-06  4.40022393e-05 -1.69694641e-07  4.40022393e-05  5.63840275e-06  4.40022393e-05  0.00000000e+00  4.40022393e-05  1.20000000e+00 
 4.41022393e-05  9.29485804e-01  4.41022393e-05  5.40475771e-01  4.41022393e-05  1.23595494e-06  4.41022393e-05  1.69905913e-07  4.41022393e-05 -4.99279153e-06  4.41022393e-05  0.00000000e+00  4.41022393e-05  1.20000000e+00 
 4.42022393e-05  9.26555391e-01  4.42022393e-05  5.40442562e-01  4.42022393e-05  1.17953197e-06  4.42022393e-05 -1.69689220e-07  4.42022393e-05  5.63837307e-06  4.42022393e-05  0.00000000e+00  4.42022393e-05  1.20000000e+00 
 4.43022393e-05  9.23625277e-01  4.43022393e-05  5.40475444e-01  4.43022393e-05  1.23595456e-06  4.43022393e-05  1.69900548e-07  4.43022393e-05 -4.99279511e-06  4.43022393e-05  0.00000000e+00  4.43022393e-05  1.20000000e+00 
 4.44022393e-05  9.20695056e-01  4.44022393e-05  5.40443131e-01  4.44022393e-05  1.17953235e-06  4.44022393e-05 -1.69683787e-07  4.44022393e-05  5.63834164e-06  4.44022393e-05  0.00000000e+00  4.44022393e-05  1.20000000e+00 
 4.45022393e-05  9.17765152e-01  4.45022393e-05  5.40475161e-01  4.45022393e-05  1.23595419e-06  4.45022393e-05  1.69895175e-07  4.45022393e-05 -4.99280041e-06  4.45022393e-05  0.00000000e+00  4.45022393e-05  1.20000000e+00 
 4.46022393e-05  9.14835141e-01  4.46022393e-05  5.40443665e-01  4.46022393e-05  1.17953270e-06  4.46022393e-05 -1.69678353e-07  4.46022393e-05  5.63830836e-06  4.46022393e-05  0.00000000e+00  4.46022393e-05  1.20000000e+00 
 4.47022393e-05  9.11905466e-01  4.47022393e-05  5.40474917e-01  4.47022393e-05  1.23595384e-06  4.47022393e-05  1.69889804e-07  4.47022393e-05 -4.99280769e-06  4.47022393e-05  0.00000000e+00  4.47022393e-05  1.20000000e+00 
 4.48022393e-05  9.08975686e-01  4.48022393e-05  5.40444170e-01  4.48022393e-05  1.17953304e-06  4.48022393e-05 -1.69672929e-07  4.48022393e-05  5.63827311e-06  4.48022393e-05  0.00000000e+00  4.48022393e-05  1.20000000e+00 
 4.49022393e-05  9.06046262e-01  4.49022393e-05  5.40474708e-01  4.49022393e-05  1.23595351e-06  4.49022393e-05  1.69884444e-07  4.49022393e-05 -4.99281722e-06  4.49022393e-05  0.00000000e+00  4.49022393e-05  1.20000000e+00 
 4.50022393e-05  9.03116733e-01  4.50022393e-05  5.40444653e-01  4.50022393e-05  1.17953337e-06  4.50022393e-05 -1.69667522e-07  4.50022393e-05  5.63823576e-06  4.50022393e-05  0.00000000e+00  4.50022393e-05  1.20000000e+00 
 4.51022393e-05  9.00187583e-01  4.51022393e-05  5.40474528e-01  4.51022393e-05  1.23595319e-06  4.51022393e-05  1.69879102e-07  4.51022393e-05 -4.99282924e-06  4.51022393e-05  0.00000000e+00  4.51022393e-05  1.20000000e+00 
 4.52022393e-05  8.97258328e-01  4.52022393e-05  5.40445117e-01  4.52022393e-05  1.17953368e-06  4.52022393e-05 -1.69662138e-07  4.52022393e-05  5.63819620e-06  4.52022393e-05  0.00000000e+00  4.52022393e-05  1.20000000e+00 
 4.53022393e-05  8.94329478e-01  4.53022393e-05  5.40474376e-01  4.53022393e-05  1.23595289e-06  4.53022393e-05  1.69873784e-07  4.53022393e-05 -4.99284399e-06  4.53022393e-05  0.00000000e+00  4.53022393e-05  1.20000000e+00 
 4.54022393e-05  8.91400521e-01  4.54022393e-05  5.40445567e-01  4.54022393e-05  1.17953398e-06  4.54022393e-05 -1.69656782e-07  4.54022393e-05  5.63815432e-06  4.54022393e-05  0.00000000e+00  4.54022393e-05  1.20000000e+00 
 4.55022393e-05  8.88471998e-01  4.55022393e-05  5.40474247e-01  4.55022393e-05  1.23595259e-06  4.55022393e-05  1.69868495e-07  4.55022393e-05 -4.99286170e-06  4.55022393e-05  0.00000000e+00  4.55022393e-05  1.20000000e+00 
 4.56022393e-05  8.85543364e-01  4.56022393e-05  5.40446007e-01  4.56022393e-05  1.17953427e-06  4.56022393e-05 -1.69651459e-07  4.56022393e-05  5.63811002e-06  4.56022393e-05  0.00000000e+00  4.56022393e-05  1.20000000e+00 
 4.57022393e-05  8.82615195e-01  4.57022393e-05  5.40474142e-01  4.57022393e-05  1.23595231e-06  4.57022393e-05  1.69863239e-07  4.57022393e-05 -4.99288256e-06  4.57022393e-05  0.00000000e+00  4.57022393e-05  1.20000000e+00 
 4.58022393e-05  8.79686912e-01  4.58022393e-05  5.40446441e-01  4.58022393e-05  1.17953455e-06  4.58022393e-05 -1.69646171e-07  4.58022393e-05  5.63806321e-06  4.58022393e-05  0.00000000e+00  4.58022393e-05  1.20000000e+00 
 4.59022393e-05  8.76759126e-01  4.59022393e-05  5.40474058e-01  4.59022393e-05  1.23595204e-06  4.59022393e-05  1.69858018e-07  4.59022393e-05 -4.99290674e-06  4.59022393e-05  0.00000000e+00  4.59022393e-05  1.20000000e+00 
 4.60022393e-05  8.73831221e-01  4.60022393e-05  5.40446872e-01  4.60022393e-05  1.17953482e-06  4.60022393e-05 -1.69640920e-07  4.60022393e-05  5.63801382e-06  4.60022393e-05  0.00000000e+00  4.60022393e-05  1.20000000e+00 
 4.61022393e-05  8.70903847e-01  4.61022393e-05  5.40473996e-01  4.61022393e-05  1.23595178e-06  4.61022393e-05  1.69852833e-07  4.61022393e-05 -4.99293436e-06  4.61022393e-05  0.00000000e+00  4.61022393e-05  1.20000000e+00 
 4.62022393e-05  8.67976350e-01  4.62022393e-05  5.40447303e-01  4.62022393e-05  1.17953507e-06  4.62022393e-05 -1.69635709e-07  4.62022393e-05  5.63796182e-06  4.62022393e-05  0.00000000e+00  4.62022393e-05  1.20000000e+00 
 4.63022393e-05  8.65049417e-01  4.63022393e-05  5.40473956e-01  4.63022393e-05  1.23595152e-06  4.63022393e-05  1.69847686e-07  4.63022393e-05 -4.99296552e-06  4.63022393e-05  0.00000000e+00  4.63022393e-05  1.20000000e+00 
 4.64022393e-05  8.62122355e-01  4.64022393e-05  5.40447736e-01  4.64022393e-05  1.17953532e-06  4.64022393e-05 -1.69630536e-07  4.64022393e-05  5.63790717e-06  4.64022393e-05  0.00000000e+00  4.64022393e-05  1.20000000e+00 
 4.65022393e-05  8.59195893e-01  4.65022393e-05  5.40473938e-01  4.65022393e-05  1.23595128e-06  4.65022393e-05  1.69842577e-07  4.65022393e-05 -4.99300024e-06  4.65022393e-05  0.00000000e+00  4.65022393e-05  1.20000000e+00 
 4.66022393e-05  8.56269296e-01  4.66022393e-05  5.40448173e-01  4.66022393e-05  1.17953556e-06  4.66022393e-05 -1.69625401e-07  4.66022393e-05  5.63784988e-06  4.66022393e-05  0.00000000e+00  4.66022393e-05  1.20000000e+00 
 4.67022393e-05  8.53343334e-01  4.67022393e-05  5.40473942e-01  4.67022393e-05  1.23595105e-06  4.67022393e-05  1.69837504e-07  4.67022393e-05 -4.99303853e-06  4.67022393e-05  0.00000000e+00  4.67022393e-05  1.20000000e+00 
 4.68022393e-05  8.50417229e-01  4.68022393e-05  5.40448615e-01  4.68022393e-05  1.17953579e-06  4.68022393e-05 -1.69620305e-07  4.68022393e-05  5.63778997e-06  4.68022393e-05  0.00000000e+00  4.68022393e-05  1.20000000e+00 
 4.69022393e-05  8.47491795e-01  4.69022393e-05  5.40473969e-01  4.69022393e-05  1.23595082e-06  4.69022393e-05  1.69832468e-07  4.69022393e-05 -4.99308034e-06  4.69022393e-05  0.00000000e+00  4.69022393e-05  1.20000000e+00 
 4.70022393e-05  8.44566210e-01  4.70022393e-05  5.40449064e-01  4.70022393e-05  1.17953601e-06  4.70022393e-05 -1.69615244e-07  4.70022393e-05  5.63772748e-06  4.70022393e-05  0.00000000e+00  4.70022393e-05  1.20000000e+00 
 4.71022393e-05  8.41641332e-01  4.71022393e-05  5.40474020e-01  4.71022393e-05  1.23595060e-06  4.71022393e-05  1.69827465e-07  4.71022393e-05 -4.99312559e-06  4.71022393e-05  0.00000000e+00  4.71022393e-05  1.20000000e+00 
 4.72022393e-05  8.38716293e-01  4.72022393e-05  5.40449519e-01  4.72022393e-05  1.17953623e-06  4.72022393e-05 -1.69610217e-07  4.72022393e-05  5.63766249e-06  4.72022393e-05  0.00000000e+00  4.72022393e-05  1.20000000e+00 
 4.73022393e-05  8.35791996e-01  4.73022393e-05  5.40474095e-01  4.73022393e-05  1.23595039e-06  4.73022393e-05  1.69822494e-07  4.73022393e-05 -4.99317416e-06  4.73022393e-05  0.00000000e+00  4.73022393e-05  1.20000000e+00 
 4.74022393e-05  8.32867529e-01  4.74022393e-05  5.40449981e-01  4.74022393e-05  1.17953644e-06  4.74022393e-05 -1.69605221e-07  4.74022393e-05  5.63759506e-06  4.74022393e-05  0.00000000e+00  4.74022393e-05  1.20000000e+00 
 4.75022393e-05  8.29943839e-01  4.75022393e-05  5.40474193e-01  4.75022393e-05  1.23595018e-06  4.75022393e-05  1.69817553e-07  4.75022393e-05 -4.99322593e-06  4.75022393e-05  0.00000000e+00  4.75022393e-05  1.20000000e+00 
 4.76022393e-05  8.27019967e-01  4.76022393e-05  5.40450449e-01  4.76022393e-05  1.17953664e-06  4.76022393e-05 -1.69600254e-07  4.76022393e-05  5.63752528e-06  4.76022393e-05  0.00000000e+00  4.76022393e-05  1.20000000e+00 
 4.77022393e-05  8.24096906e-01  4.77022393e-05  5.40474314e-01  4.77022393e-05  1.23594999e-06  4.77022393e-05  1.69812639e-07  4.77022393e-05 -4.99328073e-06  4.77022393e-05  0.00000000e+00  4.77022393e-05  1.20000000e+00 
 4.78022393e-05  8.21173654e-01  4.78022393e-05  5.40450922e-01  4.78022393e-05  1.17953683e-06  4.78022393e-05 -1.69595314e-07  4.78022393e-05  5.63745324e-06  4.78022393e-05  0.00000000e+00  4.78022393e-05  1.20000000e+00 
 4.79022393e-05  8.18251244e-01  4.79022393e-05  5.40474456e-01  4.79022393e-05  1.23594980e-06  4.79022393e-05  1.69807749e-07  4.79022393e-05 -4.99333840e-06  4.79022393e-05  0.00000000e+00  4.79022393e-05  1.20000000e+00 
 4.80022393e-05  8.15328632e-01  4.80022393e-05  5.40451400e-01  4.80022393e-05  1.17953702e-06  4.80022393e-05 -1.69590398e-07  4.80022393e-05  5.63737904e-06  4.80022393e-05  0.00000000e+00  4.80022393e-05  1.20000000e+00 
 4.81022393e-05  8.12406894e-01  4.81022393e-05  5.40474618e-01  4.81022393e-05  1.23594961e-06  4.81022393e-05  1.69802883e-07  4.81022393e-05 -4.99339877e-06  4.81022393e-05  0.00000000e+00  4.81022393e-05  1.20000000e+00 
 4.82022393e-05  8.09484942e-01  4.82022393e-05  5.40451881e-01  4.82022393e-05  1.17953720e-06  4.82022393e-05 -1.69585505e-07  4.82022393e-05  5.63730278e-06  4.82022393e-05  0.00000000e+00  4.82022393e-05  1.20000000e+00 
 4.83022393e-05  8.06563894e-01  4.83022393e-05  5.40474798e-01  4.83022393e-05  1.23594943e-06  4.83022393e-05  1.69798038e-07  4.83022393e-05 -4.99346168e-06  4.83022393e-05  0.00000000e+00  4.83022393e-05  1.20000000e+00 
 4.84022393e-05  8.03642623e-01  4.84022393e-05  5.40452363e-01  4.84022393e-05  1.17953738e-06  4.84022393e-05 -1.69580634e-07  4.84022393e-05  5.63722455e-06  4.84022393e-05  0.00000000e+00  4.84022393e-05  1.20000000e+00 
 4.85022393e-05  8.00722283e-01  4.85022393e-05  5.40474993e-01  4.85022393e-05  1.23594926e-06  4.85022393e-05  1.69793215e-07  4.85022393e-05 -4.99352695e-06  4.85022393e-05  0.00000000e+00  4.85022393e-05  1.20000000e+00 
 4.86022393e-05  7.97801709e-01  4.86022393e-05  5.40452846e-01  4.86022393e-05  1.17953755e-06  4.86022393e-05 -1.69575784e-07  4.86022393e-05  5.63714444e-06  4.86022393e-05  0.00000000e+00  4.86022393e-05  1.20000000e+00 
 4.87022393e-05  7.94882093e-01  4.87022393e-05  5.40475200e-01  4.87022393e-05  1.23594909e-06  4.87022393e-05  1.69788413e-07  4.87022393e-05 -4.99359444e-06  4.87022393e-05  0.00000000e+00  4.87022393e-05  1.20000000e+00 
 4.88022393e-05  7.91962234e-01  4.88022393e-05  5.40453327e-01  4.88022393e-05  1.17953772e-06  4.88022393e-05 -1.69570956e-07  4.88022393e-05  5.63706255e-06  4.88022393e-05  0.00000000e+00  4.88022393e-05  1.20000000e+00 
 4.89022393e-05  7.89043358e-01  4.89022393e-05  5.40475417e-01  4.89022393e-05  1.23594893e-06  4.89022393e-05  1.69783633e-07  4.89022393e-05 -4.99366399e-06  4.89022393e-05  0.00000000e+00  4.89022393e-05  1.20000000e+00 
 4.90022393e-05  7.86124229e-01  4.90022393e-05  5.40453805e-01  4.90022393e-05  1.17953788e-06  4.90022393e-05 -1.69566152e-07  4.90022393e-05  5.63697895e-06  4.90022393e-05  0.00000000e+00  4.90022393e-05  1.20000000e+00 
 4.91022393e-05  7.83206108e-01  4.91022393e-05  5.40475641e-01  4.91022393e-05  1.23594877e-06  4.91022393e-05  1.69778877e-07  4.91022393e-05 -4.99373548e-06  4.91022393e-05  0.00000000e+00  4.91022393e-05  1.20000000e+00 
 4.92022393e-05  7.80287724e-01  4.92022393e-05  5.40454278e-01  4.92022393e-05  1.17953803e-06  4.92022393e-05 -1.69561373e-07  4.92022393e-05  5.63689373e-06  4.92022393e-05  0.00000000e+00  4.92022393e-05  1.20000000e+00 
 4.93022393e-05  7.77370371e-01  4.93022393e-05  5.40475868e-01  4.93022393e-05  1.23594862e-06  4.93022393e-05  1.69774149e-07  4.93022393e-05 -4.99380877e-06  4.93022393e-05  0.00000000e+00  4.93022393e-05  1.20000000e+00 
 4.94022393e-05  7.74452747e-01  4.94022393e-05  5.40454745e-01  4.94022393e-05  1.17953819e-06  4.94022393e-05 -1.69556622e-07  4.94022393e-05  5.63680696e-06  4.94022393e-05  0.00000000e+00  4.94022393e-05  1.20000000e+00 
 4.95022393e-05  7.71536175e-01  4.95022393e-05  5.40476095e-01  4.95022393e-05  1.23594847e-06  4.95022393e-05  1.69769450e-07  4.95022393e-05 -4.99388376e-06  4.95022393e-05  0.00000000e+00  4.95022393e-05  1.20000000e+00 
 4.96022393e-05  7.68619324e-01  4.96022393e-05  5.40455205e-01  4.96022393e-05  1.17953833e-06  4.96022393e-05 -1.69551905e-07  4.96022393e-05  5.63671871e-06  4.96022393e-05  0.00000000e+00  4.96022393e-05  1.20000000e+00 
 4.97022393e-05  7.65703544e-01  4.97022393e-05  5.40476320e-01  4.97022393e-05  1.23594832e-06  4.97022393e-05  1.69764786e-07  4.97022393e-05 -4.99396033e-06  4.97022393e-05  0.00000000e+00  4.97022393e-05  1.20000000e+00 
 4.98022393e-05  7.62787479e-01  4.98022393e-05  5.40455655e-01  4.98022393e-05  1.17953848e-06  4.98022393e-05 -1.69547224e-07  4.98022393e-05  5.63662904e-06  4.98022393e-05  0.00000000e+00  4.98022393e-05  1.20000000e+00 
 4.99022393e-05  7.59872505e-01  4.99022393e-05  5.40476541e-01  4.99022393e-05  1.23594818e-06  4.99022393e-05  1.69760161e-07  4.99022393e-05 -4.99403841e-06  4.99022393e-05  0.00000000e+00  4.99022393e-05  1.20000000e+00 
 5.00022393e-05  7.56957238e-01  5.00022393e-05  5.40456096e-01  5.00022393e-05  1.17953862e-06  5.00022393e-05 -1.69542585e-07  5.00022393e-05  5.63653800e-06  5.00022393e-05  0.00000000e+00  5.00022393e-05  1.20000000e+00 
 5.01022393e-05  7.54043079e-01  5.01022393e-05  5.40476754e-01  5.01022393e-05  1.23594804e-06  5.01022393e-05  1.69755580e-07  5.01022393e-05 -4.99411791e-06  5.01022393e-05  0.00000000e+00  5.01022393e-05  1.20000000e+00 
 5.02022393e-05  7.51128622e-01  5.02022393e-05  5.40456525e-01  5.02022393e-05  1.17953875e-06  5.02022393e-05 -1.69537993e-07  5.02022393e-05  5.63644565e-06  5.02022393e-05  0.00000000e+00  5.02022393e-05  1.20000000e+00 
 5.03022393e-05  7.48215291e-01  5.03022393e-05  5.40476958e-01  5.03022393e-05  1.23594791e-06  5.03022393e-05  1.69751049e-07  5.03022393e-05 -4.99419875e-06  5.03022393e-05  0.00000000e+00  5.03022393e-05  1.20000000e+00 
 5.04022393e-05  7.45301654e-01  5.04022393e-05  5.40456943e-01  5.04022393e-05  1.17953889e-06  5.04022393e-05 -1.69533455e-07  5.04022393e-05  5.63635203e-06  5.04022393e-05  0.00000000e+00  5.04022393e-05  1.20000000e+00 
 5.05022393e-05  7.42389160e-01  5.05022393e-05  5.40477151e-01  5.05022393e-05  1.23594778e-06  5.05022393e-05  1.69746575e-07  5.05022393e-05 -4.99428087e-06  5.05022393e-05  0.00000000e+00  5.05022393e-05  1.20000000e+00 
 5.06022393e-05  7.39476356e-01  5.06022393e-05  5.40457348e-01  5.06022393e-05  1.17953902e-06  5.06022393e-05 -1.69528976e-07  5.06022393e-05  5.63625719e-06  5.06022393e-05  0.00000000e+00  5.06022393e-05  1.20000000e+00 
 5.07022393e-05  7.36564709e-01  5.07022393e-05  5.40477332e-01  5.07022393e-05  1.23594765e-06  5.07022393e-05  1.69742162e-07  5.07022393e-05 -4.99436423e-06  5.07022393e-05  0.00000000e+00  5.07022393e-05  1.20000000e+00 
 5.08022393e-05  7.33652748e-01  5.08022393e-05  5.40457741e-01  5.08022393e-05  1.17953914e-06  5.08022393e-05 -1.69524562e-07  5.08022393e-05  5.63616116e-06  5.08022393e-05  0.00000000e+00  5.08022393e-05  1.20000000e+00 
 5.09022393e-05  7.30741958e-01  5.09022393e-05  5.40477499e-01  5.09022393e-05  1.23594753e-06  5.09022393e-05  1.69737817e-07  5.09022393e-05 -4.99444875e-06  5.09022393e-05  0.00000000e+00  5.09022393e-05  1.20000000e+00 
 5.10022393e-05  7.27830849e-01  5.10022393e-05  5.40458119e-01  5.10022393e-05  1.17953926e-06  5.10022393e-05 -1.69520219e-07  5.10022393e-05  5.63606398e-06  5.10022393e-05  0.00000000e+00  5.10022393e-05  1.20000000e+00 
 5.11022393e-05  7.24920925e-01  5.11022393e-05  5.40477652e-01  5.11022393e-05  1.23594741e-06  5.11022393e-05  1.69733546e-07  5.11022393e-05 -4.99453441e-06  5.11022393e-05  0.00000000e+00  5.11022393e-05  1.20000000e+00 
 5.12022393e-05  7.22010679e-01  5.12022393e-05  5.40458484e-01  5.12022393e-05  1.17953938e-06  5.12022393e-05 -1.69515953e-07  5.12022393e-05  5.63596567e-06  5.12022393e-05  0.00000000e+00  5.12022393e-05  1.20000000e+00 
 5.13022393e-05  7.19101631e-01  5.13022393e-05  5.40477791e-01  5.13022393e-05  1.23594729e-06  5.13022393e-05  1.69729353e-07  5.13022393e-05 -4.99462116e-06  5.13022393e-05  0.00000000e+00  5.13022393e-05  1.20000000e+00 
 5.14022393e-05  7.16192258e-01  5.14022393e-05  5.40458836e-01  5.14022393e-05  1.17953950e-06  5.14022393e-05 -1.69511768e-07  5.14022393e-05  5.63586628e-06  5.14022393e-05  0.00000000e+00  5.14022393e-05  1.20000000e+00 
 5.15022393e-05  7.13284094e-01  5.15022393e-05  5.40477915e-01  5.15022393e-05  1.23594718e-06  5.15022393e-05  1.69725244e-07  5.15022393e-05 -4.99470896e-06  5.15022393e-05  0.00000000e+00  5.15022393e-05  1.20000000e+00 
 5.16022393e-05  7.10375602e-01  5.16022393e-05  5.40459173e-01  5.16022393e-05  1.17953961e-06  5.16022393e-05 -1.69507669e-07  5.16022393e-05  5.63576581e-06  5.16022393e-05  0.00000000e+00  5.16022393e-05  1.20000000e+00 
 5.17022393e-05  7.07468332e-01  5.17022393e-05  5.40478024e-01  5.17022393e-05  1.23594707e-06  5.17022393e-05  1.69721223e-07  5.17022393e-05 -4.99479779e-06  5.17022393e-05  0.00000000e+00  5.17022393e-05  1.20000000e+00 
 5.18022393e-05  7.04560731e-01  5.18022393e-05  5.40459497e-01  5.18022393e-05  1.17953972e-06  5.18022393e-05 -1.69503661e-07  5.18022393e-05  5.63566429e-06  5.18022393e-05  0.00000000e+00  5.18022393e-05  1.20000000e+00 
 5.19022393e-05  7.01654363e-01  5.19022393e-05  5.40478119e-01  5.19022393e-05  1.23594696e-06  5.19022393e-05  1.69717294e-07  5.19022393e-05 -4.99488762e-06  5.19022393e-05  0.00000000e+00  5.19022393e-05  1.20000000e+00 
 5.20022393e-05  6.98747661e-01  5.20022393e-05  5.40459807e-01  5.20022393e-05  1.17953982e-06  5.20022393e-05 -1.69499746e-07  5.20022393e-05  5.63556174e-06  5.20022393e-05  0.00000000e+00  5.20022393e-05  1.20000000e+00 
 5.21022393e-05  6.95842203e-01  5.21022393e-05  5.40478200e-01  5.21022393e-05  1.23594686e-06  5.21022393e-05  1.69713461e-07  5.21022393e-05 -4.99497843e-06  5.21022393e-05  0.00000000e+00  5.21022393e-05  1.20000000e+00 
 5.22022393e-05  6.92936410e-01  5.22022393e-05  5.40460104e-01  5.22022393e-05  1.17953993e-06  5.22022393e-05 -1.69495929e-07  5.22022393e-05  5.63545818e-06  5.22022393e-05  0.00000000e+00  5.22022393e-05  1.20000000e+00 
 5.23022393e-05  6.90031871e-01  5.23022393e-05  5.40478267e-01  5.23022393e-05  1.23594675e-06  5.23022393e-05  1.69709725e-07  5.23022393e-05 -4.99507019e-06  5.23022393e-05  0.00000000e+00  5.23022393e-05  1.20000000e+00 
 5.24022393e-05  6.87126995e-01  5.24022393e-05  5.40460388e-01  5.24022393e-05  1.17954003e-06  5.24022393e-05 -1.69492211e-07  5.24022393e-05  5.63535363e-06  5.24022393e-05  0.00000000e+00  5.24022393e-05  1.20000000e+00 
 5.25022393e-05  6.84223382e-01  5.25022393e-05  5.40478321e-01  5.25022393e-05  1.23594666e-06  5.25022393e-05  1.69706089e-07  5.25022393e-05 -4.99516288e-06  5.25022393e-05  0.00000000e+00  5.25022393e-05  1.20000000e+00 
 5.26022393e-05  6.81319431e-01  5.26022393e-05  5.40460660e-01  5.26022393e-05  1.17954012e-06  5.26022393e-05 -1.69488593e-07  5.26022393e-05  5.63524809e-06  5.26022393e-05  0.00000000e+00  5.26022393e-05  1.20000000e+00 
 5.27022393e-05  6.78416753e-01  5.27022393e-05  5.40478364e-01  5.27022393e-05  1.23594656e-06  5.27022393e-05  1.69702554e-07  5.27022393e-05 -4.99525649e-06  5.27022393e-05  0.00000000e+00  5.27022393e-05  1.20000000e+00 
 5.28022393e-05  6.75513736e-01  5.28022393e-05  5.40460919e-01  5.28022393e-05  1.17954022e-06  5.28022393e-05 -1.69485078e-07  5.28022393e-05  5.63514159e-06  5.28022393e-05  0.00000000e+00  5.28022393e-05  1.20000000e+00 
 5.29022393e-05  6.72612000e-01  5.29022393e-05  5.40478394e-01  5.29022393e-05  1.23594647e-06  5.29022393e-05  1.69699120e-07  5.29022393e-05 -4.99535099e-06  5.29022393e-05  0.00000000e+00  5.29022393e-05  1.20000000e+00 
 5.30022393e-05  6.69709924e-01  5.30022393e-05  5.40461167e-01  5.30022393e-05  1.17954031e-06  5.30022393e-05 -1.69481665e-07  5.30022393e-05  5.63503413e-06  5.30022393e-05  0.00000000e+00  5.30022393e-05  1.20000000e+00 
 5.31022393e-05  6.66809139e-01  5.31022393e-05  5.40478414e-01  5.31022393e-05  1.23594638e-06  5.31022393e-05  1.69695789e-07  5.31022393e-05 -4.99544639e-06  5.31022393e-05  0.00000000e+00  5.31022393e-05  1.20000000e+00 
 5.32022393e-05  6.63908013e-01  5.32022393e-05  5.40461404e-01  5.32022393e-05  1.17954039e-06  5.32022393e-05 -1.69478354e-07  5.32022393e-05  5.63492573e-06  5.32022393e-05  0.00000000e+00  5.32022393e-05  1.20000000e+00 
 5.33022393e-05  6.61008186e-01  5.33022393e-05  5.40478424e-01  5.33022393e-05  1.23594630e-06  5.33022393e-05  1.69692560e-07  5.33022393e-05 -4.99554266e-06  5.33022393e-05  0.00000000e+00  5.33022393e-05  1.20000000e+00 
 5.34022393e-05  6.58108018e-01  5.34022393e-05  5.40461630e-01  5.34022393e-05  1.17954048e-06  5.34022393e-05 -1.69475145e-07  5.34022393e-05  5.63481639e-06  5.34022393e-05  0.00000000e+00  5.34022393e-05  1.20000000e+00 
 5.35022393e-05  6.55209157e-01  5.35022393e-05  5.40478426e-01  5.35022393e-05  1.23594621e-06  5.35022393e-05  1.69689432e-07  5.35022393e-05 -4.99563980e-06  5.35022393e-05  0.00000000e+00  5.35022393e-05  1.20000000e+00 
 5.36022393e-05  6.52309954e-01  5.36022393e-05  5.40461847e-01  5.36022393e-05  1.17954056e-06  5.36022393e-05 -1.69472037e-07  5.36022393e-05  5.63470612e-06  5.36022393e-05  0.00000000e+00  5.36022393e-05  1.20000000e+00 
 5.37022393e-05  6.49412066e-01  5.37022393e-05  5.40478419e-01  5.37022393e-05  1.23594613e-06  5.37022393e-05  1.69686404e-07  5.37022393e-05 -4.99573779e-06  5.37022393e-05  0.00000000e+00  5.37022393e-05  1.20000000e+00 
 5.38022393e-05  6.46513836e-01  5.38022393e-05  5.40462053e-01  5.38022393e-05  1.17954064e-06  5.38022393e-05 -1.69469028e-07  5.38022393e-05  5.63459493e-06  5.38022393e-05  0.00000000e+00  5.38022393e-05  1.20000000e+00 
 5.39022393e-05  6.43616929e-01  5.39022393e-05  5.40478405e-01  5.39022393e-05  1.23594605e-06  5.39022393e-05  1.69683474e-07  5.39022393e-05 -4.99583662e-06  5.39022393e-05  0.00000000e+00  5.39022393e-05  1.20000000e+00 
 5.40022393e-05  6.40719680e-01  5.40022393e-05  5.40462250e-01  5.40022393e-05  1.17954072e-06  5.40022393e-05 -1.69466117e-07  5.40022393e-05  5.63448283e-06  5.40022393e-05  0.00000000e+00  5.40022393e-05  1.20000000e+00 
 5.41022393e-05  6.37823761e-01  5.41022393e-05  5.40478384e-01  5.41022393e-05  1.23594598e-06  5.41022393e-05  1.69680641e-07  5.41022393e-05 -4.99593629e-06  5.41022393e-05  0.00000000e+00  5.41022393e-05  1.20000000e+00 
 5.42022393e-05  6.34927501e-01  5.42022393e-05  5.40462439e-01  5.42022393e-05  1.17954079e-06  5.42022393e-05 -1.69463302e-07  5.42022393e-05  5.63436983e-06  5.42022393e-05  0.00000000e+00  5.42022393e-05  1.20000000e+00 
 5.43022393e-05  6.32032578e-01  5.43022393e-05  5.40478358e-01  5.43022393e-05  1.23594591e-06  5.43022393e-05  1.69677902e-07  5.43022393e-05 -4.99603679e-06  5.43022393e-05  0.00000000e+00  5.43022393e-05  1.20000000e+00 
 5.44022393e-05  6.29137313e-01  5.44022393e-05  5.40462618e-01  5.44022393e-05  1.17954086e-06  5.44022393e-05 -1.69460581e-07  5.44022393e-05  5.63425593e-06  5.44022393e-05  0.00000000e+00  5.44022393e-05  1.20000000e+00 
 5.45022393e-05  6.26243394e-01  5.45022393e-05  5.40478326e-01  5.45022393e-05  1.23594584e-06  5.45022393e-05  1.69675256e-07  5.45022393e-05 -4.99613810e-06  5.45022393e-05  0.00000000e+00  5.45022393e-05  1.20000000e+00 
 5.46022393e-05  6.23349133e-01  5.46022393e-05  5.40462790e-01  5.46022393e-05  1.17954093e-06  5.46022393e-05 -1.69457951e-07  5.46022393e-05  5.63414113e-06  5.46022393e-05  0.00000000e+00  5.46022393e-05  1.20000000e+00 
 5.47022393e-05  6.20456224e-01  5.47022393e-05  5.40478290e-01  5.47022393e-05  1.23594577e-06  5.47022393e-05  1.69672700e-07  5.47022393e-05 -4.99624023e-06  5.47022393e-05  0.00000000e+00  5.47022393e-05  1.20000000e+00 
 5.48022393e-05  6.17562974e-01  5.48022393e-05  5.40462954e-01  5.48022393e-05  1.17954100e-06  5.48022393e-05 -1.69455411e-07  5.48022393e-05  5.63402545e-06  5.48022393e-05  0.00000000e+00  5.48022393e-05  1.20000000e+00 
 5.49022393e-05  6.14671083e-01  5.49022393e-05  5.40478251e-01  5.49022393e-05  1.23594570e-06  5.49022393e-05  1.69670231e-07  5.49022393e-05 -4.99634317e-06  5.49022393e-05  0.00000000e+00  5.49022393e-05  1.20000000e+00 
 5.50000100e-05  6.11843312e-01  5.50000100e-05  5.40463113e-01  5.50000100e-05  1.17954106e-06  5.50000100e-05 -1.69452929e-07  5.50000100e-05  5.63391004e-06  5.50000100e-05  0.00000000e+00  5.50000100e-05  1.20000000e+00 
 5.50000110e-05  6.11816598e-01  5.50000110e-05  5.38061811e-01  5.50000110e-05  1.77099443e-06  5.50000110e-05  3.35119768e-06  5.50000110e-05 -1.13602589e-04  5.50000110e-05  0.00000000e+00  5.50000110e-05  1.08000000e+00 
 5.50000130e-05  6.11776310e-01  5.50000130e-05  5.33594598e-01  5.50000130e-05  1.71509811e-06  5.50000130e-05  2.92361094e-06  5.50000130e-05 -1.03773795e-04  5.50000130e-05  0.00000000e+00  5.50000130e-05  8.40000000e-01 
 5.50000165e-05  6.11735536e-01  5.50000165e-05  5.25922120e-01  5.50000165e-05  1.64973713e-06  5.50000165e-05  3.27963134e-06  5.50000165e-05 -8.30601123e-05  5.50000165e-05  0.00000000e+00  5.50000165e-05  4.20000000e-01 
 5.50000200e-05  6.11711053e-01  5.50000200e-05  5.20609012e-01  5.50000200e-05  1.35801826e-06  5.50000200e-05  1.13017506e-06  5.50000200e-05 -2.89745294e-05  5.50000200e-05  0.00000000e+00  5.50000200e-05  0.00000000e+00 
 5.50000207e-05  6.11710841e-01  5.50000207e-05  5.20708149e-01  5.50000207e-05  1.21347882e-06  5.50000207e-05 -3.67737836e-08  5.50000207e-05 -3.50510222e-06  5.50000207e-05  0.00000000e+00  5.50000207e-05  0.00000000e+00 
 5.50000221e-05  6.11710843e-01  5.50000221e-05  5.20983936e-01  5.50000221e-05  1.18571956e-06  5.50000221e-05 -2.06607921e-07  5.50000221e-05  1.95126312e-06  5.50000221e-05  0.00000000e+00  5.50000221e-05  0.00000000e+00 
 5.50000249e-05  6.11710915e-01  5.50000249e-05  5.21360886e-01  5.50000249e-05  1.23864956e-06  5.50000249e-05  1.15777988e-07  5.50000249e-05 -2.84521933e-06  5.50000249e-05  0.00000000e+00  5.50000249e-05  0.00000000e+00 
 5.50000305e-05  6.11710959e-01  5.50000305e-05  5.21739515e-01  5.50000305e-05  1.21435467e-06  5.50000305e-05 -4.60298281e-08  5.50000305e-05  1.80118815e-06  5.50000305e-05  0.00000000e+00  5.50000305e-05  0.00000000e+00 
 5.50000417e-05  6.11711092e-01  5.50000417e-05  5.22144178e-01  5.50000417e-05  1.24590832e-06  5.50000417e-05  1.67999448e-07  5.50000417e-05 -2.63313676e-06  5.50000417e-05  0.00000000e+00  5.50000417e-05  0.00000000e+00 
 5.50000641e-05  6.11711275e-01  5.50000641e-05  5.22723729e-01  5.50000641e-05  1.20722711e-06  5.50000641e-05 -6.18399021e-08  5.50000641e-05  1.84277216e-06  5.50000641e-05  0.00000000e+00  5.50000641e-05  0.00000000e+00 
 5.50001089e-05  6.11711675e-01  5.50001089e-05  5.23524896e-01  5.50001089e-05  1.23215109e-06  5.50001089e-05  1.44148448e-07  5.50001089e-05 -2.44082562e-06  5.50001089e-05  0.00000000e+00  5.50001089e-05  0.00000000e+00 
 5.50001985e-05  6.11712324e-01  5.50001985e-05  5.24357410e-01  5.50001985e-05  1.19290834e-06  5.50001985e-05 -6.57342063e-08  5.50001985e-05  2.07416712e-06  5.50001985e-05  0.00000000e+00  5.50001985e-05  0.00000000e+00 
 5.50003777e-05  6.11713498e-01  5.50003777e-05  5.25275554e-01  5.50003777e-05  1.22198945e-06  5.50003777e-05  1.48130889e-07  5.50003777e-05 -2.17002109e-06  5.50003777e-05  0.00000000e+00  5.50003777e-05  0.00000000e+00 
 5.50007361e-05  6.11715305e-01  5.50007361e-05  5.26436723e-01  5.50007361e-05  1.19035315e-06  5.50007361e-05 -7.00741258e-08  5.50007361e-05  2.20649126e-06  5.50007361e-05  0.00000000e+00  5.50007361e-05  0.00000000e+00 
 5.50014529e-05  6.11717921e-01  5.50014529e-05  5.27507225e-01  5.50014529e-05  1.22321642e-06  5.50014529e-05  1.31702440e-07  5.50014529e-05 -2.15776412e-06  5.50014529e-05  0.00000000e+00  5.50014529e-05  0.00000000e+00 
 5.50028865e-05  6.11721702e-01  5.50028865e-05  5.27569616e-01  5.50028865e-05  1.19163959e-06  5.50028865e-05 -9.19404501e-08  5.50028865e-05  2.20211067e-06  5.50028865e-05  0.00000000e+00  5.50028865e-05  0.00000000e+00 
 5.50057537e-05  6.11729001e-01  5.50057537e-05  5.26619341e-01  5.50057537e-05  1.22366866e-06  5.50057537e-05  1.11668928e-07  5.50057537e-05 -2.16235385e-06  5.50057537e-05  0.00000000e+00  5.50057537e-05  0.00000000e+00 
 5.50114881e-05  6.11742439e-01  5.50114881e-05  5.27503754e-01  5.50114881e-05  1.19145355e-06  5.50114881e-05 -1.08226002e-07  5.50114881e-05  2.19144234e-06  5.50114881e-05  0.00000000e+00  5.50114881e-05  0.00000000e+00 
 5.50229569e-05  6.11759930e-01  5.50229569e-05  5.36453807e-01  5.50229569e-05  1.22354754e-06  5.50229569e-05  9.49313897e-08  5.50229569e-05 -2.17935569e-06  5.50229569e-05  0.00000000e+00  5.50229569e-05  0.00000000e+00 
 5.50458945e-05  6.11774160e-01  5.50458945e-05  5.41764907e-01  5.50458945e-05  1.19192943e-06  5.50458945e-05 -1.02276515e-07  5.50458945e-05  2.18386482e-06  5.50458945e-05  0.00000000e+00  5.50458945e-05  0.00000000e+00 
 5.50740416e-05  6.11775183e-01  5.50740416e-05  5.39755326e-01  5.50740416e-05  1.22362487e-06  5.50740416e-05  1.04581333e-07  5.50740416e-05 -2.17855724e-06  5.50740416e-05  0.00000000e+00  5.50740416e-05  0.00000000e+00 
 5.51290110e-05  6.11766421e-01  5.51290110e-05  5.41046053e-01  5.51290110e-05  1.19183550e-06  5.51290110e-05 -1.04952056e-07  5.51290110e-05  2.18343156e-06  5.51290110e-05  0.00000000e+00  5.51290110e-05  0.00000000e+00 
 5.52290110e-05  6.11745816e-01  5.52290110e-05  5.39964807e-01  5.52290110e-05  1.22366339e-06  5.52290110e-05  1.05413256e-07  5.52290110e-05 -2.17837053e-06  5.52290110e-05  0.00000000e+00  5.52290110e-05  0.00000000e+00 
 5.53290110e-05  6.11725588e-01  5.53290110e-05  5.40934605e-01  5.53290110e-05  1.19181225e-06  5.53290110e-05 -1.05401712e-07  5.53290110e-05  2.18331248e-06  5.53290110e-05  0.00000000e+00  5.53290110e-05  0.00000000e+00 
 5.54290110e-05  6.11705285e-01  5.54290110e-05  5.40059397e-01  5.54290110e-05  1.22368428e-06  5.54290110e-05  1.05788398e-07  5.54290110e-05 -2.17826086e-06  5.54290110e-05  0.00000000e+00  5.54290110e-05  0.00000000e+00 
 5.55290110e-05  6.11684918e-01  5.55290110e-05  5.40854549e-01  5.55290110e-05  1.19179342e-06  5.55290110e-05 -1.05714816e-07  5.55290110e-05  2.18321038e-06  5.55290110e-05  0.00000000e+00  5.55290110e-05  0.00000000e+00 
 5.56290110e-05  6.11664695e-01  5.56290110e-05  5.40128705e-01  5.56290110e-05  1.22370132e-06  5.56290110e-05  1.06049657e-07  5.56290110e-05 -2.17816667e-06  5.56290110e-05  0.00000000e+00  5.56290110e-05  0.00000000e+00 
 5.57290110e-05  6.11644280e-01  5.57290110e-05  5.40794639e-01  5.57290110e-05  1.19177794e-06  5.57290110e-05 -1.05932423e-07  5.57290110e-05  2.18312249e-06  5.57290110e-05  0.00000000e+00  5.57290110e-05  0.00000000e+00 
 5.58290110e-05  6.11624095e-01  5.58290110e-05  5.40181505e-01  5.58290110e-05  1.22371545e-06  5.58290110e-05  1.06230400e-07  5.58290110e-05 -2.17808542e-06  5.58290110e-05  0.00000000e+00  5.58290110e-05  0.00000000e+00 
 5.59290110e-05  6.11603654e-01  5.59290110e-05  5.40748165e-01  5.59290110e-05  1.19176499e-06  5.59290110e-05 -1.06081850e-07  5.59290110e-05  2.18304647e-06  5.59290110e-05  0.00000000e+00  5.59290110e-05  0.00000000e+00 
 5.60290110e-05  6.11583492e-01  5.60290110e-05  5.40223081e-01  5.60290110e-05  1.22372736e-06  5.60290110e-05  1.06353162e-07  5.60290110e-05 -2.17801497e-06  5.60290110e-05  0.00000000e+00  5.60290110e-05  0.00000000e+00 
 5.61290110e-05  6.11563038e-01  5.61290110e-05  5.40711025e-01  5.61290110e-05  1.19175401e-06  5.61290110e-05 -1.06181813e-07  5.61290110e-05  2.18298037e-06  5.61290110e-05  0.00000000e+00  5.61290110e-05  0.00000000e+00 
 5.62290110e-05  6.11542889e-01  5.62290110e-05  5.40256712e-01  5.62290110e-05  1.22373752e-06  5.62290110e-05  1.06433604e-07  5.62290110e-05 -2.17795353e-06  5.62290110e-05  0.00000000e+00  5.62290110e-05  0.00000000e+00 
 5.63290110e-05  6.11522428e-01  5.63290110e-05  5.40680628e-01  5.63290110e-05  1.19174457e-06  5.63290110e-05 -1.06245495e-07  5.63290110e-05  2.18292253e-06  5.63290110e-05  0.00000000e+00  5.63290110e-05  0.00000000e+00 
 5.64290110e-05  6.11502286e-01  5.64290110e-05  5.40284494e-01  5.64290110e-05  1.22374630e-06  5.64290110e-05  1.06482890e-07  5.64290110e-05 -2.17789961e-06  5.64290110e-05  0.00000000e+00  5.64290110e-05  0.00000000e+00 
 5.65290110e-05  6.11481823e-01  5.65290110e-05  5.40655289e-01  5.65290110e-05  1.19173638e-06  5.65290110e-05 -1.06282402e-07  5.65290110e-05  2.18287160e-06  5.65290110e-05  0.00000000e+00  5.65290110e-05  0.00000000e+00 
 5.66290110e-05  6.11461683e-01  5.66290110e-05  5.40307821e-01  5.66290110e-05  1.22375396e-06  5.66290110e-05  1.06509157e-07  5.66290110e-05 -2.17785196e-06  5.66290110e-05  0.00000000e+00  5.66290110e-05  0.00000000e+00 
 5.67290110e-05  6.11441224e-01  5.67290110e-05  5.40633865e-01  5.67290110e-05  1.19172920e-06  5.67290110e-05 -1.06299527e-07  5.67290110e-05  2.18282644e-06  5.67290110e-05  0.00000000e+00  5.67290110e-05  0.00000000e+00 
 5.68290110e-05  6.11421081e-01  5.68290110e-05  5.40327650e-01  5.68290110e-05  1.22376070e-06  5.68290110e-05  1.06518440e-07  5.68290110e-05 -2.17780957e-06  5.68290110e-05  0.00000000e+00  5.68290110e-05  0.00000000e+00 
 5.69290110e-05  6.11400628e-01  5.69290110e-05  5.40615556e-01  5.69290110e-05  1.19172286e-06  5.69290110e-05 -1.06302096e-07  5.69290110e-05  2.18278610e-06  5.69290110e-05  0.00000000e+00  5.69290110e-05  0.00000000e+00 
 5.70290110e-05  6.11380480e-01  5.70290110e-05  5.40344666e-01  5.70290110e-05  1.22376667e-06  5.70290110e-05  1.06515277e-07  5.70290110e-05 -2.17777158e-06  5.70290110e-05  0.00000000e+00  5.70290110e-05  0.00000000e+00 
 5.71290110e-05  6.11360035e-01  5.71290110e-05  5.40599779e-01  5.71290110e-05  1.19171724e-06  5.71290110e-05 -1.06294057e-07  5.71290110e-05  2.18274982e-06  5.71290110e-05  0.00000000e+00  5.71290110e-05  0.00000000e+00 
 5.72290110e-05  6.11339880e-01  5.72290110e-05  5.40359377e-01  5.72290110e-05  1.22377197e-06  5.72290110e-05  1.06503110e-07  5.72290110e-05 -2.17773729e-06  5.72290110e-05  0.00000000e+00  5.72290110e-05  0.00000000e+00 
 5.73290110e-05  6.11319449e-01  5.73290110e-05  5.40586270e-01  5.73290110e-05  1.19171219e-06  5.73290110e-05 -1.06278429e-07  5.73290110e-05  2.18271620e-06  5.73290110e-05  0.00000000e+00  5.73290110e-05  0.00000000e+00 
 5.74290110e-05  6.11299293e-01  5.74290110e-05  5.40372378e-01  5.74290110e-05  1.22377671e-06  5.74290110e-05  1.06484563e-07  5.74290110e-05 -2.17770685e-06  5.74290110e-05  0.00000000e+00  5.74290110e-05  0.00000000e+00 
 5.75290110e-05  6.11278874e-01  5.75290110e-05  5.40574313e-01  5.75290110e-05  1.19170771e-06  5.75290110e-05 -1.06257468e-07  5.75290110e-05  2.18268630e-06  5.75290110e-05  0.00000000e+00  5.75290110e-05  0.00000000e+00 
 5.76290110e-05  6.11258709e-01  5.76290110e-05  5.40383508e-01  5.76290110e-05  1.22378096e-06  5.76290110e-05  1.06461648e-07  5.76290110e-05 -2.17767821e-06  5.76290110e-05  0.00000000e+00  5.76290110e-05  0.00000000e+00 
 5.77290110e-05  6.11238300e-01  5.77290110e-05  5.40563842e-01  5.77290110e-05  1.19170368e-06  5.77290110e-05 -1.06232977e-07  5.77290110e-05  2.18265880e-06  5.77290110e-05  0.00000000e+00  5.77290110e-05  0.00000000e+00 
 5.78290110e-05  6.11218125e-01  5.78290110e-05  5.40393277e-01  5.78290110e-05  1.22378479e-06  5.78290110e-05  1.06435917e-07  5.78290110e-05 -2.17765181e-06  5.78290110e-05  0.00000000e+00  5.78290110e-05  0.00000000e+00 
 5.79290110e-05  6.11197726e-01  5.79290110e-05  5.40554640e-01  5.79290110e-05  1.19170004e-06  5.79290110e-05 -1.06206296e-07  5.79290110e-05  2.18263335e-06  5.79290110e-05  0.00000000e+00  5.79290110e-05  0.00000000e+00 
 5.80290110e-05  6.11177542e-01  5.80290110e-05  5.40401882e-01  5.80290110e-05  1.22378825e-06  5.80290110e-05  1.06408541e-07  5.80290110e-05 -2.17762732e-06  5.80290110e-05  0.00000000e+00  5.80290110e-05  0.00000000e+00 
 5.81290110e-05  6.11157153e-01  5.81290110e-05  5.40546525e-01  5.81290110e-05  1.19169675e-06  5.81290110e-05 -1.06178444e-07  5.81290110e-05  2.18260963e-06  5.81290110e-05  0.00000000e+00  5.81290110e-05  0.00000000e+00 
 5.82290110e-05  6.11136959e-01  5.82290110e-05  5.40409482e-01  5.82290110e-05  1.22379138e-06  5.82290110e-05  1.06380407e-07  5.82290110e-05 -2.17760444e-06  5.82290110e-05  0.00000000e+00  5.82290110e-05  0.00000000e+00 
 5.83290110e-05  6.11116581e-01  5.83290110e-05  5.40539350e-01  5.83290110e-05  1.19169378e-06  5.83290110e-05 -1.06150193e-07  5.83290110e-05  2.18258739e-06  5.83290110e-05  0.00000000e+00  5.83290110e-05  0.00000000e+00 
 5.84290110e-05  6.11096378e-01  5.84290110e-05  5.40416215e-01  5.84290110e-05  1.22379422e-06  5.84290110e-05  1.06352183e-07  5.84290110e-05 -2.17758295e-06  5.84290110e-05  0.00000000e+00  5.84290110e-05  0.00000000e+00 
 5.85290110e-05  6.11076009e-01  5.85290110e-05  5.40532988e-01  5.85290110e-05  1.19169107e-06  5.85290110e-05 -1.06122118e-07  5.85290110e-05  2.18256642e-06  5.85290110e-05  0.00000000e+00  5.85290110e-05  0.00000000e+00 
 5.86290110e-05  6.11055798e-01  5.86290110e-05  5.40422194e-01  5.86290110e-05  1.22379681e-06  5.86290110e-05  1.06324363e-07  5.86290110e-05 -2.17756264e-06  5.86290110e-05  0.00000000e+00  5.86290110e-05  0.00000000e+00 
 5.87290110e-05  6.11035439e-01  5.87290110e-05  5.40527333e-01  5.87290110e-05  1.19168860e-06  5.87290110e-05 -1.06094640e-07  5.87290110e-05  2.18254653e-06  5.87290110e-05  0.00000000e+00  5.87290110e-05  0.00000000e+00 
 5.88290110e-05  6.11015220e-01  5.88290110e-05  5.40427517e-01  5.88290110e-05  1.22379916e-06  5.88290110e-05  1.06297304e-07  5.88290110e-05 -2.17754334e-06  5.88290110e-05  0.00000000e+00  5.88290110e-05  0.00000000e+00 
 5.89290110e-05  6.10994869e-01  5.89290110e-05  5.40522293e-01  5.89290110e-05  1.19168635e-06  5.89290110e-05 -1.06068061e-07  5.89290110e-05  2.18252758e-06  5.89290110e-05  0.00000000e+00  5.89290110e-05  0.00000000e+00 
 5.90290110e-05  6.10974643e-01  5.90290110e-05  5.40432267e-01  5.90290110e-05  1.22380132e-06  5.90290110e-05  1.06271258e-07  5.90290110e-05 -2.17752492e-06  5.90290110e-05  0.00000000e+00  5.90290110e-05  0.00000000e+00 
 5.91290110e-05  6.10954300e-01  5.91290110e-05  5.40517792e-01  5.91290110e-05  1.19168429e-06  5.91290110e-05 -1.06042591e-07  5.91290110e-05  2.18250943e-06  5.91290110e-05  0.00000000e+00  5.91290110e-05  0.00000000e+00 
 5.92290110e-05  6.10934068e-01  5.92290110e-05  5.40436515e-01  5.92290110e-05  1.22380329e-06  5.92290110e-05  1.06246397e-07  5.92290110e-05 -2.17750725e-06  5.92290110e-05  0.00000000e+00  5.92290110e-05  0.00000000e+00 
 5.93290110e-05  6.10913732e-01  5.93290110e-05  5.40513763e-01  5.93290110e-05  1.19168241e-06  5.93290110e-05 -1.06018363e-07  5.93290110e-05  2.18249198e-06  5.93290110e-05  0.00000000e+00  5.93290110e-05  0.00000000e+00 
 5.94290110e-05  6.10893495e-01  5.94290110e-05  5.40440323e-01  5.94290110e-05  1.22380509e-06  5.94290110e-05  1.06222825e-07  5.94290110e-05 -2.17749024e-06  5.94290110e-05  0.00000000e+00  5.94290110e-05  0.00000000e+00 
 5.95290110e-05  6.10873165e-01  5.95290110e-05  5.40510148e-01  5.95290110e-05  1.19168068e-06  5.95290110e-05 -1.05995460e-07  5.95290110e-05  2.18247514e-06  5.95290110e-05  0.00000000e+00  5.95290110e-05  0.00000000e+00 
 5.96290110e-05  6.10852923e-01  5.96290110e-05  5.40443743e-01  5.96290110e-05  1.22380675e-06  5.96290110e-05  1.06200599e-07  5.96290110e-05 -2.17747380e-06  5.96290110e-05  0.00000000e+00  5.96290110e-05  0.00000000e+00 
 5.97290110e-05  6.10832599e-01  5.97290110e-05  5.40506897e-01  5.97290110e-05  1.19167909e-06  5.97290110e-05 -1.05973917e-07  5.97290110e-05  2.18245882e-06  5.97290110e-05  0.00000000e+00  5.97290110e-05  0.00000000e+00 
 5.98290110e-05  6.10812352e-01  5.98290110e-05  5.40446822e-01  5.98290110e-05  1.22380828e-06  5.98290110e-05  1.06179741e-07  5.98290110e-05 -2.17745785e-06  5.98290110e-05  0.00000000e+00  5.98290110e-05  0.00000000e+00 
 5.99290110e-05  6.10792034e-01  5.99290110e-05  5.40503968e-01  5.99290110e-05  1.19167762e-06  5.99290110e-05 -1.05953740e-07  5.99290110e-05  2.18244297e-06  5.99290110e-05  0.00000000e+00  5.99290110e-05  0.00000000e+00 
 6.00290110e-05  6.10771784e-01  6.00290110e-05  5.40449600e-01  6.00290110e-05  1.22380968e-06  6.00290110e-05  1.06160241e-07  6.00290110e-05 -2.17744235e-06  6.00290110e-05  0.00000000e+00  6.00290110e-05  0.00000000e+00 
 6.01290110e-05  6.10751471e-01  6.01290110e-05  5.40501324e-01  6.01290110e-05  1.19167628e-06  6.01290110e-05 -1.05934909e-07  6.01290110e-05  2.18242753e-06  6.01290110e-05  0.00000000e+00  6.01290110e-05  0.00000000e+00 
 6.02290110e-05  6.10731217e-01  6.02290110e-05  5.40452111e-01  6.02290110e-05  1.22381098e-06  6.02290110e-05  1.06142070e-07  6.02290110e-05 -2.17742722e-06  6.02290110e-05  0.00000000e+00  6.02290110e-05  0.00000000e+00 
 6.03290110e-05  6.10710908e-01  6.03290110e-05  5.40498932e-01  6.03290110e-05  1.19167503e-06  6.03290110e-05 -1.05917387e-07  6.03290110e-05  2.18241244e-06  6.03290110e-05  0.00000000e+00  6.03290110e-05  0.00000000e+00 
 6.04290110e-05  6.10690652e-01  6.04290110e-05  5.40454384e-01  6.04290110e-05  1.22381218e-06  6.04290110e-05  1.06125185e-07  6.04290110e-05 -2.17741243e-06  6.04290110e-05  0.00000000e+00  6.04290110e-05  0.00000000e+00 
 6.05290110e-05  6.10670347e-01  6.05290110e-05  5.40496764e-01  6.05290110e-05  1.19167388e-06  6.05290110e-05 -1.05901124e-07  6.05290110e-05  2.18239766e-06  6.05290110e-05  0.00000000e+00  6.05290110e-05  0.00000000e+00 
 6.06290110e-05  6.10650088e-01  6.06290110e-05  5.40456448e-01  6.06290110e-05  1.22381329e-06  6.06290110e-05  1.06109531e-07  6.06290110e-05 -2.17739794e-06  6.06290110e-05  0.00000000e+00  6.06290110e-05  0.00000000e+00 
 6.07290110e-05  6.10629787e-01  6.07290110e-05  5.40494794e-01  6.07290110e-05  1.19167281e-06  6.07290110e-05 -1.05886063e-07  6.07290110e-05  2.18238317e-06  6.07290110e-05  0.00000000e+00  6.07290110e-05  0.00000000e+00 
 6.08290110e-05  6.10609526e-01  6.08290110e-05  5.40458324e-01  6.08290110e-05  1.22381432e-06  6.08290110e-05  1.06095047e-07  6.08290110e-05 -2.17738371e-06  6.08290110e-05  0.00000000e+00  6.08290110e-05  0.00000000e+00 
 6.09290110e-05  6.10589228e-01  6.09290110e-05  5.40493002e-01  6.09290110e-05  1.19167182e-06  6.09290110e-05 -1.05872140e-07  6.09290110e-05  2.18236892e-06  6.09290110e-05  0.00000000e+00  6.09290110e-05  0.00000000e+00 
 6.10290110e-05  6.10568966e-01  6.10290110e-05  5.40460033e-01  6.10290110e-05  1.22381527e-06  6.10290110e-05  1.06081668e-07  6.10290110e-05 -2.17736972e-06  6.10290110e-05  0.00000000e+00  6.10290110e-05  0.00000000e+00 
 6.11290110e-05  6.10548671e-01  6.11290110e-05  5.40491368e-01  6.11290110e-05  1.19167091e-06  6.11290110e-05 -1.05859289e-07  6.11290110e-05  2.18235489e-06  6.11290110e-05  0.00000000e+00  6.11290110e-05  0.00000000e+00 
 6.12290110e-05  6.10528407e-01  6.12290110e-05  5.40461592e-01  6.12290110e-05  1.22381615e-06  6.12290110e-05  1.06069327e-07  6.12290110e-05 -2.17735594e-06  6.12290110e-05  0.00000000e+00  6.12290110e-05  0.00000000e+00 
 6.13290110e-05  6.10508115e-01  6.13290110e-05  5.40489876e-01  6.13290110e-05  1.19167006e-06  6.13290110e-05 -1.05847441e-07  6.13290110e-05  2.18234106e-06  6.13290110e-05  0.00000000e+00  6.13290110e-05  0.00000000e+00 
 6.14290110e-05  6.10487850e-01  6.14290110e-05  5.40463018e-01  6.14290110e-05  1.22381697e-06  6.14290110e-05  1.06057957e-07  6.14290110e-05 -2.17734234e-06  6.14290110e-05  0.00000000e+00  6.14290110e-05  0.00000000e+00 
 6.15290110e-05  6.10467560e-01  6.15290110e-05  5.40488511e-01  6.15290110e-05  1.19166927e-06  6.15290110e-05 -1.05836531e-07  6.15290110e-05  2.18232741e-06  6.15290110e-05  0.00000000e+00  6.15290110e-05  0.00000000e+00 
 6.16290110e-05  6.10447295e-01  6.16290110e-05  5.40464323e-01  6.16290110e-05  1.22381774e-06  6.16290110e-05  1.06047491e-07  6.16290110e-05 -2.17732891e-06  6.16290110e-05  0.00000000e+00  6.16290110e-05  0.00000000e+00 
 6.17290110e-05  6.10427007e-01  6.17290110e-05  5.40487259e-01  6.17290110e-05  1.19166853e-06  6.17290110e-05 -1.05826492e-07  6.17290110e-05  2.18231392e-06  6.17290110e-05  0.00000000e+00  6.17290110e-05  0.00000000e+00 
 6.18290110e-05  6.10406742e-01  6.18290110e-05  5.40465521e-01  6.18290110e-05  1.22381844e-06  6.18290110e-05  1.06037863e-07  6.18290110e-05 -2.17731564e-06  6.18290110e-05  0.00000000e+00  6.18290110e-05  0.00000000e+00 
 6.19290110e-05  6.10386455e-01  6.19290110e-05  5.40486111e-01  6.19290110e-05  1.19166784e-06  6.19290110e-05 -1.05817260e-07  6.19290110e-05  2.18230056e-06  6.19290110e-05  0.00000000e+00  6.19290110e-05  0.00000000e+00 
 6.20290110e-05  6.10366190e-01  6.20290110e-05  5.40466621e-01  6.20290110e-05  1.22381911e-06  6.20290110e-05  1.06029012e-07  6.20290110e-05 -2.17730250e-06  6.20290110e-05  0.00000000e+00  6.20290110e-05  0.00000000e+00 
 6.21290110e-05  6.10345905e-01  6.21290110e-05  5.40485054e-01  6.21290110e-05  1.19166720e-06  6.21290110e-05 -1.05808774e-07  6.21290110e-05  2.18228734e-06  6.21290110e-05  0.00000000e+00  6.21290110e-05  0.00000000e+00 
 6.22290110e-05  6.10325639e-01  6.22290110e-05  5.40467634e-01  6.22290110e-05  1.22381972e-06  6.22290110e-05  1.06020877e-07  6.22290110e-05 -2.17728948e-06  6.22290110e-05  0.00000000e+00  6.22290110e-05  0.00000000e+00 
 6.23290110e-05  6.10305356e-01  6.23290110e-05  5.40484081e-01  6.23290110e-05  1.19166661e-06  6.23290110e-05 -1.05800976e-07  6.23290110e-05  2.18227423e-06  6.23290110e-05  0.00000000e+00  6.23290110e-05  0.00000000e+00 
 6.24290110e-05  6.10285090e-01  6.24290110e-05  5.40468567e-01  6.24290110e-05  1.22382030e-06  6.24290110e-05  1.06013402e-07  6.24290110e-05 -2.17727658e-06  6.24290110e-05  0.00000000e+00  6.24290110e-05  0.00000000e+00 
 6.25290110e-05  6.10264808e-01  6.25290110e-05  5.40483184e-01  6.25290110e-05  1.19166605e-06  6.25290110e-05 -1.05793810e-07  6.25290110e-05  2.18226123e-06  6.25290110e-05  0.00000000e+00  6.25290110e-05  0.00000000e+00 
 6.26290110e-05  6.10244543e-01  6.26290110e-05  5.40469429e-01  6.26290110e-05  1.22382084e-06  6.26290110e-05  1.06006534e-07  6.26290110e-05 -2.17726377e-06  6.26290110e-05  0.00000000e+00  6.26290110e-05  0.00000000e+00 
 6.27290110e-05  6.10224262e-01  6.27290110e-05  5.40482355e-01  6.27290110e-05  1.19166553e-06  6.27290110e-05 -1.05787226e-07  6.27290110e-05  2.18224833e-06  6.27290110e-05  0.00000000e+00  6.27290110e-05  0.00000000e+00 
 6.28290110e-05  6.10203998e-01  6.28290110e-05  5.40470226e-01  6.28290110e-05  1.22382134e-06  6.28290110e-05  1.06000222e-07  6.28290110e-05 -2.17725106e-06  6.28290110e-05  0.00000000e+00  6.28290110e-05  0.00000000e+00 
 6.29290110e-05  6.10183717e-01  6.29290110e-05  5.40481588e-01  6.29290110e-05  1.19166505e-06  6.29290110e-05 -1.05781174e-07  6.29290110e-05  2.18223552e-06  6.29290110e-05  0.00000000e+00  6.29290110e-05  0.00000000e+00 
 6.30290110e-05  6.10163454e-01  6.30290110e-05  5.40470963e-01  6.30290110e-05  1.22382181e-06  6.30290110e-05  1.05994419e-07  6.30290110e-05 -2.17723844e-06  6.30290110e-05  0.00000000e+00  6.30290110e-05  0.00000000e+00 
 6.31290110e-05  6.10143174e-01  6.31290110e-05  5.40480878e-01  6.31290110e-05  1.19166460e-06  6.31290110e-05 -1.05775608e-07  6.31290110e-05  2.18222278e-06  6.31290110e-05  0.00000000e+00  6.31290110e-05  0.00000000e+00 
 6.32290110e-05  6.10122911e-01  6.32290110e-05  5.40471646e-01  6.32290110e-05  1.22382224e-06  6.32290110e-05  1.05989081e-07  6.32290110e-05 -2.17722589e-06  6.32290110e-05  0.00000000e+00  6.32290110e-05  0.00000000e+00 
 6.33290110e-05  6.10102632e-01  6.33290110e-05  5.40480220e-01  6.33290110e-05  1.19166417e-06  6.33290110e-05 -1.05770488e-07  6.33290110e-05  2.18221012e-06  6.33290110e-05  0.00000000e+00  6.33290110e-05  0.00000000e+00 
 6.34290110e-05  6.10082370e-01  6.34290110e-05  5.40472281e-01  6.34290110e-05  1.22382265e-06  6.34290110e-05  1.05984168e-07  6.34290110e-05 -2.17721341e-06  6.34290110e-05  0.00000000e+00  6.34290110e-05  0.00000000e+00 
 6.35290110e-05  6.10062092e-01  6.35290110e-05  5.40479608e-01  6.35290110e-05  1.19166378e-06  6.35290110e-05 -1.05765773e-07  6.35290110e-05  2.18219753e-06  6.35290110e-05  0.00000000e+00  6.35290110e-05  0.00000000e+00 
 6.36290110e-05  6.10041831e-01  6.36290110e-05  5.40472870e-01  6.36290110e-05  1.22382304e-06  6.36290110e-05  1.05979643e-07  6.36290110e-05 -2.17720100e-06  6.36290110e-05  0.00000000e+00  6.36290110e-05  0.00000000e+00 
 6.37290110e-05  6.10021553e-01  6.37290110e-05  5.40479039e-01  6.37290110e-05  1.19166341e-06  6.37290110e-05 -1.05761429e-07  6.37290110e-05  2.18218500e-06  6.37290110e-05  0.00000000e+00  6.37290110e-05  0.00000000e+00 
 6.38290110e-05  6.10001293e-01  6.38290110e-05  5.40473418e-01  6.38290110e-05  1.22382339e-06  6.38290110e-05  1.05975471e-07  6.38290110e-05 -2.17718865e-06  6.38290110e-05  0.00000000e+00  6.38290110e-05  0.00000000e+00 
 6.39290110e-05  6.09981016e-01  6.39290110e-05  5.40478510e-01  6.39290110e-05  1.19166306e-06  6.39290110e-05 -1.05757420e-07  6.39290110e-05  2.18217253e-06  6.39290110e-05  0.00000000e+00  6.39290110e-05  0.00000000e+00 
 6.40290110e-05  6.09960757e-01  6.40290110e-05  5.40473929e-01  6.40290110e-05  1.22382373e-06  6.40290110e-05  1.05971619e-07  6.40290110e-05 -2.17717635e-06  6.40290110e-05  0.00000000e+00  6.40290110e-05  0.00000000e+00 
 6.41290110e-05  6.09940481e-01  6.41290110e-05  5.40478017e-01  6.41290110e-05  1.19166274e-06  6.41290110e-05 -1.05753717e-07  6.41290110e-05  2.18216011e-06  6.41290110e-05  0.00000000e+00  6.41290110e-05  0.00000000e+00 
 6.42290110e-05  6.09920223e-01  6.42290110e-05  5.40474404e-01  6.42290110e-05  1.22382404e-06  6.42290110e-05  1.05968058e-07  6.42290110e-05 -2.17716411e-06  6.42290110e-05  0.00000000e+00  6.42290110e-05  0.00000000e+00 
 6.43290110e-05  6.09899946e-01  6.43290110e-05  5.40477557e-01  6.43290110e-05  1.19166243e-06  6.43290110e-05 -1.05750292e-07  6.43290110e-05  2.18214774e-06  6.43290110e-05  0.00000000e+00  6.43290110e-05  0.00000000e+00 
 6.44290110e-05  6.09879690e-01  6.44290110e-05  5.40474848e-01  6.44290110e-05  1.22382434e-06  6.44290110e-05  1.05964762e-07  6.44290110e-05 -2.17715191e-06  6.44290110e-05  0.00000000e+00  6.44290110e-05  0.00000000e+00 
 6.45290110e-05  6.09859414e-01  6.45290110e-05  5.40477128e-01  6.45290110e-05  1.19166215e-06  6.45290110e-05 -1.05747118e-07  6.45290110e-05  2.18213542e-06  6.45290110e-05  0.00000000e+00  6.45290110e-05  0.00000000e+00 
 6.46290110e-05  6.09839158e-01  6.46290110e-05  5.40475263e-01  6.46290110e-05  1.22382461e-06  6.46290110e-05  1.05961705e-07  6.46290110e-05 -2.17713976e-06  6.46290110e-05  0.00000000e+00  6.46290110e-05  0.00000000e+00 
 6.47290110e-05  6.09818883e-01  6.47290110e-05  5.40476728e-01  6.47290110e-05  1.19166188e-06  6.47290110e-05 -1.05744172e-07  6.47290110e-05  2.18212314e-06  6.47290110e-05  0.00000000e+00  6.47290110e-05  0.00000000e+00 
 6.48290110e-05  6.09798628e-01  6.48290110e-05  5.40475650e-01  6.48290110e-05  1.22382487e-06  6.48290110e-05  1.05958866e-07  6.48290110e-05 -2.17712764e-06  6.48290110e-05  0.00000000e+00  6.48290110e-05  0.00000000e+00 
 6.49145055e-05  6.09781293e-01  6.49145055e-05  5.40476322e-01  6.49145055e-05  1.19166162e-06  6.49145055e-05 -1.05741210e-07  6.49145055e-05  2.18210987e-06  6.49145055e-05  0.00000000e+00  6.49145055e-05  0.00000000e+00 
 6.50000000e-05  6.09763979e-01  6.50000000e-05  5.40476072e-01  6.50000000e-05  1.22382514e-06  6.50000000e-05  1.05955792e-07  6.50000000e-05 -2.17711350e-06  6.50000000e-05  0.00000000e+00  6.50000000e-05  0.00000000e+00 
 6.50000010e-05  6.09767076e-01  6.50000010e-05  5.41326324e-01  6.50000010e-05  1.00444930e-06  6.50000010e-05  2.44480711e-06  6.50000010e-05 -7.09137902e-07  6.50000010e-05  1.20000000e-01  6.50000010e-05  0.00000000e+00 
 6.50000030e-05  6.09773380e-01  6.50000030e-05  5.42980213e-01  6.50000030e-05  1.00114267e-06  6.50000030e-05  2.39030351e-06  6.50000030e-05 -5.21874898e-07  6.50000030e-05  3.60000000e-01  6.50000030e-05  0.00000000e+00 
 6.50000065e-05  6.09783942e-01  6.50000065e-05  5.45621717e-01  6.50000065e-05  1.03410258e-06  6.50000065e-05  1.34233277e-06  6.50000065e-05 -5.83550909e-07  6.50000065e-05  7.80000000e-01  6.50000065e-05  0.00000000e+00 
 6.50000100e-05  6.09791814e-01  6.50000100e-05  5.47442490e-01  6.50000100e-05  1.11077175e-06  6.50000100e-05 -9.18484277e-08  6.50000100e-05 -1.83473978e-07  6.50000100e-05  1.20000000e+00  6.50000100e-05  0.00000000e+00 
 6.50000107e-05  6.09791477e-01  6.50000107e-05  5.47258148e-01  6.50000107e-05  1.25790019e-06  6.50000107e-05 -2.17758256e-06  6.50000107e-05  1.75203041e-07  6.50000107e-05  1.20000000e+00  6.50000107e-05  0.00000000e+00 
 6.50000121e-05  6.09790593e-01  6.50000121e-05  5.46885855e-01  6.50000121e-05  1.27254609e-06  6.50000121e-05 -2.48987180e-06  6.50000121e-05  2.30569677e-07  6.50000121e-05  1.20000000e+00  6.50000121e-05  0.00000000e+00 
 6.50000149e-05  6.09788731e-01  6.50000149e-05  5.46220789e-01  6.50000149e-05  1.24723558e-06  6.50000149e-05 -1.93364433e-06  6.50000149e-05  1.38440967e-07  6.50000149e-05  1.20000000e+00  6.50000149e-05  0.00000000e+00 
 6.50000205e-05  6.09784965e-01  6.50000205e-05  5.45066688e-01  6.50000205e-05  1.25898447e-06  6.50000205e-05 -1.81338386e-06  6.50000205e-05  1.75705544e-07  6.50000205e-05  1.20000000e+00  6.50000205e-05  0.00000000e+00 
 6.50000317e-05  6.09776207e-01  6.50000317e-05  5.42751155e-01  6.50000317e-05  1.25278770e-06  6.50000317e-05 -8.27049952e-07  6.50000317e-05  1.35422708e-07  6.50000317e-05  1.20000000e+00  6.50000317e-05  0.00000000e+00 
 6.50000541e-05  6.09744525e-01  6.50000541e-05  5.34847344e-01  6.50000541e-05  1.34205847e-06  6.50000541e-05 -1.85099886e-07  6.50000541e-05  3.83116266e-07  6.50000541e-05  1.20000000e+00  6.50000541e-05  0.00000000e+00 
 6.50000907e-05  6.09685861e-01  6.50000907e-05  5.15398439e-01  6.50000907e-05  1.36399288e-06  6.50000907e-05  2.58817036e-06  6.50000907e-05  3.90549525e-07  6.50000907e-05  1.20000000e+00  6.50000907e-05  0.00000000e+00 
 6.50001261e-05  6.09678134e-01  6.50001261e-05  5.05805683e-01  6.50001261e-05  1.22952722e-06  6.50001261e-05  2.68713651e-06  6.50001261e-05 -4.71350853e-09  6.50001261e-05  1.20000000e+00  6.50001261e-05  0.00000000e+00 
 6.50001968e-05  6.09725602e-01  6.50001968e-05  4.94732709e-01  6.50001968e-05  1.30251027e-06  6.50001968e-05  1.17453020e-06  6.50001968e-05  2.24200440e-07  6.50001968e-05  1.20000000e+00  6.50001968e-05  0.00000000e+00 
 6.50002759e-05  6.09792945e-01  6.50002759e-05  4.87922053e-01  6.50002759e-05  1.18411950e-06  6.50002759e-05  1.39071051e-06  6.50002759e-05 -1.08883956e-07  6.50002759e-05  1.20000000e+00  6.50002759e-05  0.00000000e+00 
 6.50003975e-05  6.09870953e-01  6.50003975e-05  4.82094982e-01  6.50003975e-05  1.27158731e-06  6.50003975e-05  5.21451561e-07  6.50003975e-05  1.65037990e-07  6.50003975e-05  1.20000000e+00  6.50003975e-05  0.00000000e+00 
 6.50006168e-05  6.09959110e-01  6.50006168e-05  4.79939464e-01  6.50006168e-05  1.15312263e-06  6.50006168e-05  9.22908539e-07  6.50006168e-05 -1.65596230e-07  6.50006168e-05  1.20000000e+00  6.50006168e-05  0.00000000e+00 
 6.50010555e-05  6.10040778e-01  6.50010555e-05  4.84749493e-01  6.50010555e-05  1.25186747e-06  6.50010555e-05  1.79001930e-07  6.50010555e-05  1.35835484e-07  6.50010555e-05  1.20000000e+00  6.50010555e-05  0.00000000e+00 
 6.50019070e-05  6.10103107e-01  6.50019070e-05  4.97766324e-01  6.50019070e-05  1.14885693e-06  6.50019070e-05  6.90029847e-07  6.50019070e-05 -1.65552224e-07  6.50019070e-05  1.20000000e+00  6.50019070e-05  0.00000000e+00 
 6.50032073e-05  6.10152421e-01  6.50032073e-05  5.10041202e-01  6.50032073e-05  1.25789732e-06  6.50032073e-05  3.86493030e-08  6.50032073e-05  1.52932568e-07  6.50032073e-05  1.20000000e+00  6.50032073e-05  0.00000000e+00 
 6.50057698e-05  6.10233094e-01  6.50057698e-05  5.22637210e-01  6.50057698e-05  1.15405327e-06  6.50057698e-05  6.19890618e-07  6.50057698e-05 -1.52900022e-07  6.50057698e-05  1.20000000e+00  6.50057698e-05  0.00000000e+00 
 6.50108948e-05  6.10390632e-01  6.50108948e-05  5.33898677e-01  6.50108948e-05  1.26041214e-06  6.50108948e-05  3.67982001e-08  6.50108948e-05  1.58031472e-07  6.50108948e-05  1.20000000e+00  6.50108948e-05  0.00000000e+00 
 6.50211447e-05  6.10710788e-01  6.50211447e-05  5.39807159e-01  6.50211447e-05  1.15512405e-06  6.50211447e-05  6.32315866e-07  6.50211447e-05 -1.52543046e-07  6.50211447e-05  1.20000000e+00  6.50211447e-05  0.00000000e+00 
 6.50403832e-05  6.11294076e-01  6.50403832e-05  5.40546453e-01  6.50403832e-05  1.26048732e-06  6.50403832e-05  2.93126505e-08  6.50403832e-05  1.57537950e-07  6.50403832e-05  1.20000000e+00  6.50403832e-05  0.00000000e+00 
 6.50788603e-05  6.12445397e-01  6.50788603e-05  5.40475889e-01  6.50788603e-05  1.15499832e-06  6.50788603e-05  6.30751237e-07  6.50788603e-05 -1.52537420e-07  6.50788603e-05  1.20000000e+00  6.50788603e-05  0.00000000e+00 
 6.51558144e-05  6.14737403e-01  6.51558144e-05  5.40470750e-01  6.51558144e-05  1.26048818e-06  6.51558144e-05  2.95952997e-08  6.51558144e-05  1.57539660e-07  6.51558144e-05  1.20000000e+00  6.51558144e-05  0.00000000e+00 
 6.52558144e-05  6.17715257e-01  6.52558144e-05  5.40501925e-01  6.52558144e-05  1.15499836e-06  6.52558144e-05  6.30750768e-07  6.52558144e-05 -1.52525428e-07  6.52558144e-05  1.20000000e+00  6.52558144e-05  0.00000000e+00 
 6.53558144e-05  6.20693405e-01  6.53558144e-05  5.40452843e-01  6.53558144e-05  1.26048817e-06  6.53558144e-05  2.97337447e-08  6.53558144e-05  1.57549017e-07  6.53558144e-05  1.20000000e+00  6.53558144e-05  0.00000000e+00 
 6.54558144e-05  6.23672170e-01  6.54558144e-05  5.40516660e-01  6.54558144e-05  1.15499828e-06  6.54558144e-05  6.30804339e-07  6.54558144e-05 -1.52513133e-07  6.54558144e-05  1.20000000e+00  6.54558144e-05  0.00000000e+00 
 6.55558144e-05  6.26650848e-01  6.55558144e-05  5.40440677e-01  6.55558144e-05  1.26048836e-06  6.55558144e-05  2.98487190e-08  6.55558144e-05  1.57558949e-07  6.55558144e-05  1.20000000e+00  6.55558144e-05  0.00000000e+00 
 6.56558144e-05  6.29630364e-01  6.56558144e-05  5.40526927e-01  6.56558144e-05  1.15499797e-06  6.56558144e-05  6.30876757e-07  6.56558144e-05 -1.52501477e-07  6.56558144e-05  1.20000000e+00  6.56558144e-05  0.00000000e+00 
 6.57558144e-05  6.32609657e-01  6.57558144e-05  5.40432111e-01  6.57558144e-05  1.26048880e-06  6.57558144e-05  2.99510538e-08  6.57558144e-05  1.57569447e-07  6.57558144e-05  1.20000000e+00  6.57558144e-05  0.00000000e+00 
 6.58558144e-05  6.35589893e-01  6.58558144e-05  5.40534348e-01  6.58558144e-05  1.15499742e-06  6.58558144e-05  6.30959690e-07  6.58558144e-05 -1.52490430e-07  6.58558144e-05  1.20000000e+00  6.58558144e-05  0.00000000e+00 
 6.59558144e-05  6.38569834e-01  6.59558144e-05  5.40425885e-01  6.59558144e-05  1.26048946e-06  6.59558144e-05  3.00474622e-08  6.59558144e-05  1.57580472e-07  6.59558144e-05  1.20000000e+00  6.59558144e-05  0.00000000e+00 
 6.60558144e-05  6.41550783e-01  6.60558144e-05  5.40539884e-01  6.60558144e-05  1.15499665e-06  6.60558144e-05  6.31048081e-07  6.60558144e-05 -1.52479948e-07  6.60558144e-05  1.20000000e+00  6.60558144e-05  0.00000000e+00 
 6.61558144e-05  6.44531391e-01  6.61558144e-05  5.40421246e-01  6.61558144e-05  1.26049032e-06  6.61558144e-05  3.01420623e-08  6.61558144e-05  1.57591975e-07  6.61558144e-05  1.20000000e+00  6.61558144e-05  0.00000000e+00 
 6.62558144e-05  6.47513055e-01  6.62558144e-05  5.40544118e-01  6.62558144e-05  1.15499571e-06  6.62558144e-05  6.31138957e-07  6.62558144e-05 -1.52469981e-07  6.62558144e-05  1.20000000e+00  6.62558144e-05  0.00000000e+00 
 6.63558144e-05  6.50494349e-01  6.63558144e-05  5.40417735e-01  6.63558144e-05  1.26049134e-06  6.63558144e-05  3.02373331e-08  6.63558144e-05  1.57603904e-07  6.63558144e-05  1.20000000e+00  6.63558144e-05  0.00000000e+00 
 6.64558144e-05  6.53476735e-01  6.64558144e-05  5.40547411e-01  6.64558144e-05  1.15499462e-06  6.64558144e-05  6.31230652e-07  6.64558144e-05 -1.52460473e-07  6.64558144e-05  1.20000000e+00  6.64558144e-05  0.00000000e+00 
 6.65558144e-05  6.56458728e-01  6.65558144e-05  5.40415062e-01  6.65558144e-05  1.26049250e-06  6.65558144e-05  3.03347227e-08  6.65558144e-05  1.57616207e-07  6.65558144e-05  1.20000000e+00  6.65558144e-05  0.00000000e+00 
 6.66558144e-05  6.59441845e-01  6.66558144e-05  5.40549992e-01  6.66558144e-05  1.15499341e-06  6.66558144e-05  6.31322335e-07  6.66558144e-05 -1.52451376e-07  6.66558144e-05  1.20000000e+00  6.66558144e-05  0.00000000e+00 
 6.67558144e-05  6.62424553e-01  6.67558144e-05  5.40413040e-01  6.67558144e-05  1.26049375e-06  6.67558144e-05  3.04350385e-08  6.67558144e-05  1.57628835e-07  6.67558144e-05  1.20000000e+00  6.67558144e-05  0.00000000e+00 
 6.68558144e-05  6.65408412e-01  6.68558144e-05  5.40552017e-01  6.68558144e-05  1.15499211e-06  6.68558144e-05  6.31413690e-07  6.68558144e-05 -1.52442640e-07  6.68558144e-05  1.20000000e+00  6.68558144e-05  0.00000000e+00 
 6.69558144e-05  6.68391851e-01  6.69558144e-05  5.40411542e-01  6.69558144e-05  1.26049509e-06  6.69558144e-05  3.05386954e-08  6.69558144e-05  1.57641741e-07  6.69558144e-05  1.20000000e+00  6.69558144e-05  0.00000000e+00 
 6.70558144e-05  6.71376466e-01  6.70558144e-05  5.40553592e-01  6.70558144e-05  1.15499074e-06  6.70558144e-05  6.31504732e-07  6.70558144e-05 -1.52434221e-07  6.70558144e-05  1.20000000e+00  6.70558144e-05  0.00000000e+00 
 6.71558144e-05  6.74360650e-01  6.71558144e-05  5.40410478e-01  6.71558144e-05  1.26049650e-06  6.71558144e-05  3.06458746e-08  6.71558144e-05  1.57654885e-07  6.71558144e-05  1.20000000e+00  6.71558144e-05  0.00000000e+00 
 6.72558144e-05  6.77346038e-01  6.72558144e-05  5.40554797e-01  6.72558144e-05  1.15498930e-06  6.72558144e-05  6.31595667e-07  6.72558144e-05 -1.52426079e-07  6.72558144e-05  1.20000000e+00  6.72558144e-05  0.00000000e+00 
 6.73558144e-05  6.80330983e-01  6.73558144e-05  5.40409779e-01  6.73558144e-05  1.26049795e-06  6.73558144e-05  3.07566228e-08  6.73558144e-05  1.57668227e-07  6.73558144e-05  1.20000000e+00  6.73558144e-05  0.00000000e+00 
 6.74558144e-05  6.83317160e-01  6.74558144e-05  5.40555692e-01  6.74558144e-05  1.15498783e-06  6.74558144e-05  6.31686819e-07  6.74558144e-05 -1.52418176e-07  6.74558144e-05  1.20000000e+00  6.74558144e-05  0.00000000e+00 
 6.75558144e-05  6.86302886e-01  6.75558144e-05  5.40409394e-01  6.75558144e-05  1.26049945e-06  6.75558144e-05  3.08709198e-08  6.75558144e-05  1.57681733e-07  6.75558144e-05  1.20000000e+00  6.75558144e-05  0.00000000e+00 
 6.76558144e-05  6.89289871e-01  6.76558144e-05  5.40556325e-01  6.76558144e-05  1.15498632e-06  6.76558144e-05  6.31778578e-07  6.76558144e-05 -1.52410479e-07  6.76558144e-05  1.20000000e+00  6.76558144e-05  0.00000000e+00 
 6.77558144e-05  6.92276395e-01  6.77558144e-05  5.40409279e-01  6.77558144e-05  1.26050097e-06  6.77558144e-05  3.09887173e-08  6.77558144e-05  1.57695371e-07  6.77558144e-05  1.20000000e+00  6.77558144e-05  0.00000000e+00 
 6.78558144e-05  6.95264209e-01  6.78558144e-05  5.40556737e-01  6.78558144e-05  1.15498478e-06  6.78558144e-05  6.31871369e-07  6.78558144e-05 -1.52402958e-07  6.78558144e-05  1.20000000e+00  6.78558144e-05  0.00000000e+00 
 6.79558144e-05  6.98251554e-01  6.79558144e-05  5.40409401e-01  6.79558144e-05  1.26050251e-06  6.79558144e-05  3.11099655e-08  6.79558144e-05  1.57709114e-07  6.79558144e-05  1.20000000e+00  6.79558144e-05  0.00000000e+00 
 6.80558144e-05  7.01240219e-01  6.80558144e-05  5.40556960e-01  6.80558144e-05  1.15498323e-06  6.80558144e-05  6.31965631e-07  6.80558144e-05 -1.52395588e-07  6.80558144e-05  1.20000000e+00  6.80558144e-05  0.00000000e+00 
 6.81558144e-05  7.04228406e-01  6.81558144e-05  5.40409728e-01  6.81558144e-05  1.26050407e-06  6.81558144e-05  3.12346264e-08  6.81558144e-05  1.57722937e-07  6.81558144e-05  1.20000000e+00  6.81558144e-05  0.00000000e+00 
 6.82558144e-05  7.07217945e-01  6.82558144e-05  5.40557025e-01  6.82558144e-05  1.15498168e-06  6.82558144e-05  6.32061807e-07  6.82558144e-05 -1.52388342e-07  6.82558144e-05  1.20000000e+00  6.82558144e-05  0.00000000e+00 
 6.83558144e-05  7.10206999e-01  6.83558144e-05  5.40410234e-01  6.83558144e-05  1.26050563e-06  6.83558144e-05  3.13626843e-08  6.83558144e-05  1.57736818e-07  6.83558144e-05  1.20000000e+00  6.83558144e-05  0.00000000e+00 
 6.84558144e-05  7.13197439e-01  6.84558144e-05  5.40556959e-01  6.84558144e-05  1.15498012e-06  6.84558144e-05  6.32160337e-07  6.84558144e-05 -1.52381202e-07  6.84558144e-05  1.20000000e+00  6.84558144e-05  0.00000000e+00 
 6.85558144e-05  7.16187387e-01  6.85558144e-05  5.40410896e-01  6.85558144e-05  1.26050719e-06  6.85558144e-05  3.14941477e-08  6.85558144e-05  1.57750738e-07  6.85558144e-05  1.20000000e+00  6.85558144e-05  0.00000000e+00 
 6.86558144e-05  7.19178754e-01  6.86558144e-05  5.40556783e-01  6.86558144e-05  1.15497856e-06  6.86558144e-05  6.32261657e-07  6.86558144e-05 -1.52374147e-07  6.86558144e-05  1.20000000e+00  6.86558144e-05  0.00000000e+00 
 6.87558144e-05  7.22169625e-01  6.87558144e-05  5.40411692e-01  6.87558144e-05  1.26050874e-06  6.87558144e-05  3.16290510e-08  6.87558144e-05  1.57764678e-07  6.87558144e-05  1.20000000e+00  6.87558144e-05  0.00000000e+00 
 6.88558144e-05  7.25161949e-01  6.88558144e-05  5.40556520e-01  6.88558144e-05  1.15497701e-06  6.88558144e-05  6.32366196e-07  6.88558144e-05 -1.52367162e-07  6.88558144e-05  1.20000000e+00  6.88558144e-05  0.00000000e+00 
 6.89558144e-05  7.28153772e-01  6.89558144e-05  5.40412604e-01  6.89558144e-05  1.26051028e-06  6.89558144e-05  3.17674551e-08  6.89558144e-05  1.57778625e-07  6.89558144e-05  1.20000000e+00  6.89558144e-05  0.00000000e+00 
 6.90558144e-05  7.31147085e-01  6.90558144e-05  5.40556188e-01  6.90558144e-05  1.15497547e-06  6.90558144e-05  6.32474373e-07  6.90558144e-05 -1.52360231e-07  6.90558144e-05  1.20000000e+00  6.90558144e-05  0.00000000e+00 
 6.91558144e-05  7.34139894e-01  6.91558144e-05  5.40413613e-01  6.91558144e-05  1.26051181e-06  6.91558144e-05  3.19094464e-08  6.91558144e-05  1.57792564e-07  6.91558144e-05  1.20000000e+00  6.91558144e-05  0.00000000e+00 
 6.92558144e-05  7.37134230e-01  6.92558144e-05  5.40555804e-01  6.92558144e-05  1.15497395e-06  6.92558144e-05  6.32586604e-07  6.92558144e-05 -1.52353343e-07  6.92558144e-05  1.20000000e+00  6.92558144e-05  0.00000000e+00 
 6.93558144e-05  7.40128059e-01  6.93558144e-05  5.40414706e-01  6.93558144e-05  1.26051333e-06  6.93558144e-05  3.20551324e-08  6.93558144e-05  1.57806485e-07  6.93558144e-05  1.20000000e+00  6.93558144e-05  0.00000000e+00 
 6.94558144e-05  7.43123453e-01  6.94558144e-05  5.40555385e-01  6.94558144e-05  1.15497244e-06  6.94558144e-05  6.32703294e-07  6.94558144e-05 -1.52346485e-07  6.94558144e-05  1.20000000e+00  6.94558144e-05  0.00000000e+00 
 6.95558144e-05  7.46118340e-01  6.95558144e-05  5.40415865e-01  6.95558144e-05  1.26051483e-06  6.95558144e-05  3.22046377e-08  6.95558144e-05  1.57820377e-07  6.95558144e-05  1.20000000e+00  6.95558144e-05  0.00000000e+00 
 6.96558144e-05  7.49114832e-01  6.96558144e-05  5.40554946e-01  6.96558144e-05  1.15497095e-06  6.96558144e-05  6.32824840e-07  6.96558144e-05 -1.52339648e-07  6.96558144e-05  1.20000000e+00  6.96558144e-05  0.00000000e+00 
 6.97558144e-05  7.52110816e-01  6.97558144e-05  5.40417077e-01  6.97558144e-05  1.26051630e-06  6.97558144e-05  3.23581114e-08  6.97558144e-05  1.57834232e-07  6.97558144e-05  1.20000000e+00  6.97558144e-05  0.00000000e+00 
 6.98558144e-05  7.55108444e-01  6.98558144e-05  5.40554499e-01  6.98558144e-05  1.15496949e-06  6.98558144e-05  6.32951626e-07  6.98558144e-05 -1.52332825e-07  6.98558144e-05  1.20000000e+00  6.98558144e-05  0.00000000e+00 
 6.99558144e-05  7.58105568e-01  6.99558144e-05  5.40418329e-01  6.99558144e-05  1.26051776e-06  6.99558144e-05  3.25157116e-08  6.99558144e-05  1.57848044e-07  6.99558144e-05  1.20000000e+00  6.99558144e-05  0.00000000e+00 
 7.00558144e-05  7.61104377e-01  7.00558144e-05  5.40554059e-01  7.00558144e-05  1.15496805e-06  7.00558144e-05  6.33084022e-07  7.00558144e-05 -1.52326007e-07  7.00558144e-05  1.20000000e+00  7.00558144e-05  0.00000000e+00 
 7.01558144e-05  7.64102685e-01  7.01558144e-05  5.40419608e-01  7.01558144e-05  1.26051919e-06  7.01558144e-05  3.26776098e-08  7.01558144e-05  1.57861805e-07  7.01558144e-05  1.20000000e+00  7.01558144e-05  0.00000000e+00 
 7.02558144e-05  7.67102719e-01  7.02558144e-05  5.40553637e-01  7.02558144e-05  1.15496663e-06  7.02558144e-05  6.33222379e-07  7.02558144e-05 -1.52319190e-07  7.02558144e-05  1.20000000e+00  7.02558144e-05  0.00000000e+00 
 7.03558144e-05  7.70102257e-01  7.03558144e-05  5.40420903e-01  7.03558144e-05  1.26052060e-06  7.03558144e-05  3.28439850e-08  7.03558144e-05  1.57875512e-07  7.03558144e-05  1.20000000e+00  7.03558144e-05  0.00000000e+00 
 7.04558144e-05  7.73103563e-01  7.04558144e-05  5.40553244e-01  7.04558144e-05  1.15496523e-06  7.04558144e-05  6.33367019e-07  7.04558144e-05 -1.52312369e-07  7.04558144e-05  1.20000000e+00  7.04558144e-05  0.00000000e+00 
 7.05558144e-05  7.76104380e-01  7.05558144e-05  5.40422203e-01  7.05558144e-05  1.26052198e-06  7.05558144e-05  3.30150257e-08  7.05558144e-05  1.57889162e-07  7.05558144e-05  1.20000000e+00  7.05558144e-05  0.00000000e+00 
 7.06558144e-05  7.79107008e-01  7.06558144e-05  5.40552891e-01  7.06558144e-05  1.15496386e-06  7.06558144e-05  6.33518237e-07  7.06558144e-05 -1.52305539e-07  7.06558144e-05  1.20000000e+00  7.06558144e-05  0.00000000e+00 
 7.07558144e-05  7.82109156e-01  7.07558144e-05  5.40423497e-01  7.07558144e-05  1.26052334e-06  7.07558144e-05  3.31909157e-08  7.07558144e-05  1.57902750e-07  7.07558144e-05  1.20000000e+00  7.07558144e-05  0.00000000e+00 
 7.08558144e-05  7.85113156e-01  7.08558144e-05  5.40552590e-01  7.08558144e-05  1.15496252e-06  7.08558144e-05  6.33676288e-07  7.08558144e-05 -1.52298699e-07  7.08558144e-05  1.20000000e+00  7.08558144e-05  0.00000000e+00 
 7.09558144e-05  7.88116687e-01  7.09558144e-05  5.40424777e-01  7.09558144e-05  1.26052467e-06  7.09558144e-05  3.33718406e-08  7.09558144e-05  1.57916276e-07  7.09558144e-05  1.20000000e+00  7.09558144e-05  0.00000000e+00 
 7.10558144e-05  7.91122112e-01  7.10558144e-05  5.40552349e-01  7.10558144e-05  1.15496119e-06  7.10558144e-05  6.33841375e-07  7.10558144e-05 -1.52291846e-07  7.10558144e-05  1.20000000e+00  7.10558144e-05  0.00000000e+00 
 7.11558144e-05  7.94127080e-01  7.11558144e-05  5.40426034e-01  7.11558144e-05  1.26052598e-06  7.11558144e-05  3.35579744e-08  7.11558144e-05  1.57929739e-07  7.11558144e-05  1.20000000e+00  7.11558144e-05  0.00000000e+00 
 7.12558144e-05  7.97133984e-01  7.12558144e-05  5.40552179e-01  7.12558144e-05  1.15495989e-06  7.12558144e-05  6.34013655e-07  7.12558144e-05 -1.52284979e-07  7.12558144e-05  1.20000000e+00  7.12558144e-05  0.00000000e+00 
 7.13558144e-05  8.00140445e-01  7.13558144e-05  5.40427261e-01  7.13558144e-05  1.26052727e-06  7.13558144e-05  3.37494866e-08  7.13558144e-05  1.57943138e-07  7.13558144e-05  1.20000000e+00  7.13558144e-05  0.00000000e+00 
 7.14558144e-05  8.03148882e-01  7.14558144e-05  5.40552088e-01  7.14558144e-05  1.15495862e-06  7.14558144e-05  6.34193221e-07  7.14558144e-05 -1.52278099e-07  7.14558144e-05  1.20000000e+00  7.14558144e-05  0.00000000e+00 
 7.15558144e-05  8.06156893e-01  7.15558144e-05  5.40428452e-01  7.15558144e-05  1.26052854e-06  7.15558144e-05  3.39465262e-08  7.15558144e-05  1.57956474e-07  7.15558144e-05  1.20000000e+00  7.15558144e-05  0.00000000e+00 
 7.16558144e-05  8.09166918e-01  7.16558144e-05  5.40552084e-01  7.16558144e-05  1.15495736e-06  7.16558144e-05  6.34380108e-07  7.16558144e-05 -1.52271204e-07  7.16558144e-05  1.20000000e+00  7.16558144e-05  0.00000000e+00 
 7.17558144e-05  8.12176534e-01  7.17558144e-05  5.40429602e-01  7.17558144e-05  1.26052979e-06  7.17558144e-05  3.41492284e-08  7.17558144e-05  1.57969749e-07  7.17558144e-05  1.20000000e+00  7.17558144e-05  0.00000000e+00 
 7.18558144e-05  8.15188204e-01  7.18558144e-05  5.40552175e-01  7.18558144e-05  1.15495612e-06  7.18558144e-05  6.34574287e-07  7.18558144e-05 -1.52264297e-07  7.18558144e-05  1.20000000e+00  7.18558144e-05  0.00000000e+00 
 7.19558144e-05  8.18199483e-01  7.19558144e-05  5.40430709e-01  7.19558144e-05  1.26053102e-06  7.19558144e-05  3.43577108e-08  7.19558144e-05  1.57982964e-07  7.19558144e-05  1.20000000e+00  7.19558144e-05  0.00000000e+00 
 7.20558144e-05  8.21212851e-01  7.20558144e-05  5.40552369e-01  7.20558144e-05  1.15495490e-06  7.20558144e-05  6.34775674e-07  7.20558144e-05 -1.52257378e-07  7.20558144e-05  1.20000000e+00  7.20558144e-05  0.00000000e+00 
 7.21558144e-05  8.24225850e-01  7.21558144e-05  5.40431771e-01  7.21558144e-05  1.26053223e-06  7.21558144e-05  3.45720752e-08  7.21558144e-05  1.57996121e-07  7.21558144e-05  1.20000000e+00  7.21558144e-05  0.00000000e+00 
 7.22558144e-05  8.27240971e-01  7.22558144e-05  5.40552672e-01  7.22558144e-05  1.15495370e-06  7.22558144e-05  6.34984132e-07  7.22558144e-05 -1.52250450e-07  7.22558144e-05  1.20000000e+00  7.22558144e-05  0.00000000e+00 
 7.23558144e-05  8.30255745e-01  7.23558144e-05  5.40432786e-01  7.23558144e-05  1.26053343e-06  7.23558144e-05  3.47924108e-08  7.23558144e-05  1.58009224e-07  7.23558144e-05  1.20000000e+00  7.23558144e-05  0.00000000e+00 
 7.24558144e-05  8.33272673e-01  7.24558144e-05  5.40553088e-01  7.24558144e-05  1.15495251e-06  7.24558144e-05  6.35199496e-07  7.24558144e-05 -1.52243516e-07  7.24558144e-05  1.20000000e+00  7.24558144e-05  0.00000000e+00 
 7.25558144e-05  8.36289279e-01  7.25558144e-05  5.40433755e-01  7.25558144e-05  1.26053461e-06  7.25558144e-05  3.50188090e-08  7.25558144e-05  1.58022275e-07  7.25558144e-05  1.20000000e+00  7.25558144e-05  0.00000000e+00 
 7.26558144e-05  8.39308066e-01  7.26558144e-05  5.40553621e-01  7.26558144e-05  1.15495133e-06  7.26558144e-05  6.35421579e-07  7.26558144e-05 -1.52236578e-07  7.26558144e-05  1.20000000e+00  7.26558144e-05  0.00000000e+00 
 7.27558144e-05  8.42326558e-01  7.27558144e-05  5.40434680e-01  7.27558144e-05  1.26053578e-06  7.27558144e-05  3.52513651e-08  7.27558144e-05  1.58035279e-07  7.27558144e-05  1.20000000e+00  7.27558144e-05  0.00000000e+00 
 7.28558144e-05  8.45347257e-01  7.28558144e-05  5.40554275e-01  7.28558144e-05  1.15495016e-06  7.28558144e-05  6.35650210e-07  7.28558144e-05 -1.52229638e-07  7.28558144e-05  1.20000000e+00  7.28558144e-05  0.00000000e+00 
 7.29558144e-05  8.48367688e-01  7.29558144e-05  5.40435564e-01  7.29558144e-05  1.26053695e-06  7.29558144e-05  3.54902095e-08  7.29558144e-05  1.58048239e-07  7.29558144e-05  1.20000000e+00  7.29558144e-05  0.00000000e+00 
 7.30558144e-05  8.51390351e-01  7.30558144e-05  5.40555050e-01  7.30558144e-05  1.15494900e-06  7.30558144e-05  6.35885256e-07  7.30558144e-05 -1.52222702e-07  7.30558144e-05  1.20000000e+00  7.30558144e-05  0.00000000e+00 
 7.31558144e-05  8.54412776e-01  7.31558144e-05  5.40436409e-01  7.31558144e-05  1.26053811e-06  7.31558144e-05  3.57355168e-08  7.31558144e-05  1.58061158e-07  7.31558144e-05  1.20000000e+00  7.31558144e-05  0.00000000e+00 
 7.32558144e-05  8.57437456e-01  7.32558144e-05  5.40555946e-01  7.32558144e-05  1.15494784e-06  7.32558144e-05  6.36126659e-07  7.32558144e-05 -1.52215772e-07  7.32558144e-05  1.20000000e+00  7.32558144e-05  0.00000000e+00 
 7.33558144e-05  8.60461930e-01  7.33558144e-05  5.40437217e-01  7.33558144e-05  1.26053926e-06  7.33558144e-05  3.59875452e-08  7.33558144e-05  1.58074043e-07  7.33558144e-05  1.20000000e+00  7.33558144e-05  0.00000000e+00 
 7.34558144e-05  8.63488679e-01  7.34558144e-05  5.40556959e-01  7.34558144e-05  1.15494669e-06  7.34558144e-05  6.36374479e-07  7.34558144e-05 -1.52208852e-07  7.34558144e-05  1.20000000e+00  7.34558144e-05  0.00000000e+00 
 7.35558144e-05  8.66515259e-01  7.35558144e-05  5.40437994e-01  7.35558144e-05  1.26054042e-06  7.35558144e-05  3.62466615e-08  7.35558144e-05  1.58086895e-07  7.35558144e-05  1.20000000e+00  7.35558144e-05  0.00000000e+00 
 7.36558144e-05  8.69544135e-01  7.36558144e-05  5.40558085e-01  7.36558144e-05  1.15494553e-06  7.36558144e-05  6.36628931e-07  7.36558144e-05 -1.52201946e-07  7.36558144e-05  1.20000000e+00  7.36558144e-05  0.00000000e+00 
 7.37558144e-05  8.72572881e-01  7.37558144e-05  5.40438742e-01  7.37558144e-05  1.26054157e-06  7.37558144e-05  3.65133818e-08  7.37558144e-05  1.58099721e-07  7.37558144e-05  1.20000000e+00  7.37558144e-05  0.00000000e+00 
 7.38558144e-05  8.75603945e-01  7.38558144e-05  5.40559318e-01  7.38558144e-05  1.15494438e-06  7.38558144e-05  6.36890439e-07  7.38558144e-05 -1.52195057e-07  7.38558144e-05  1.20000000e+00  7.38558144e-05  0.00000000e+00 
 7.39558144e-05  8.78634922e-01  7.39558144e-05  5.40439464e-01  7.39558144e-05  1.26054273e-06  7.39558144e-05  3.67884151e-08  7.39558144e-05  1.58112524e-07  7.39558144e-05  1.20000000e+00  7.39558144e-05  0.00000000e+00 
 7.40558144e-05  8.81668242e-01  7.40558144e-05  5.40560650e-01  7.40558144e-05  1.15494322e-06  7.40558144e-05  6.37159678e-07  7.40558144e-05 -1.52188190e-07  7.40558144e-05  1.20000000e+00  7.40558144e-05  0.00000000e+00 
 7.41558144e-05  8.84701524e-01  7.41558144e-05  5.40440163e-01  7.41558144e-05  1.26054389e-06  7.41558144e-05  3.70727102e-08  7.41558144e-05  1.58125309e-07  7.41558144e-05  1.20000000e+00  7.41558144e-05  0.00000000e+00 
 7.42558144e-05  8.87737176e-01  7.42558144e-05  5.40562069e-01  7.42558144e-05  1.15494206e-06  7.42558144e-05  6.37437628e-07  7.42558144e-05 -1.52181347e-07  7.42558144e-05  1.20000000e+00  7.42558144e-05  0.00000000e+00 
 7.43558144e-05  8.90772848e-01  7.43558144e-05  5.40440842e-01  7.43558144e-05  1.26054506e-06  7.43558144e-05  3.73675042e-08  7.43558144e-05  1.58138079e-07  7.43558144e-05  1.20000000e+00  7.43558144e-05  0.00000000e+00 
 7.44558144e-05  8.93810922e-01  7.44558144e-05  5.40563565e-01  7.44558144e-05  1.15494089e-06  7.44558144e-05  6.37725631e-07  7.44558144e-05 -1.52174533e-07  7.44558144e-05  1.20000000e+00  7.44558144e-05  0.00000000e+00 
 7.45558144e-05  8.96849080e-01  7.45558144e-05  5.40441503e-01  7.45558144e-05  1.26054623e-06  7.45558144e-05  3.76743887e-08  7.45558144e-05  1.58150839e-07  7.45558144e-05  1.20000000e+00  7.45558144e-05  0.00000000e+00 
 7.46558144e-05  8.99889682e-01  7.46558144e-05  5.40565125e-01  7.46558144e-05  1.15493971e-06  7.46558144e-05  6.38025447e-07  7.46558144e-05 -1.52167749e-07  7.46558144e-05  1.20000000e+00  7.46558144e-05  0.00000000e+00 
 7.47558144e-05  9.02930441e-01  7.47558144e-05  5.40442147e-01  7.47558144e-05  1.26054742e-06  7.47558144e-05  3.79953596e-08  7.47558144e-05  1.58163592e-07  7.47558144e-05  1.20000000e+00  7.47558144e-05  0.00000000e+00 
 7.48558144e-05  9.05973697e-01  7.48558144e-05  5.40566734e-01  7.48558144e-05  1.15493852e-06  7.48558144e-05  6.38339311e-07  7.48558144e-05 -1.52160999e-07  7.48558144e-05  1.20000000e+00  7.48558144e-05  0.00000000e+00 
 7.49558144e-05  9.09017195e-01  7.49558144e-05  5.40442776e-01  7.49558144e-05  1.26054861e-06  7.49558144e-05  3.83328943e-08  7.49558144e-05  1.58176341e-07  7.49558144e-05  1.20000000e+00  7.49558144e-05  0.00000000e+00 
 7.50558144e-05  9.12063254e-01  7.50558144e-05  5.40568379e-01  7.50558144e-05  1.15493732e-06  7.50558144e-05  6.38670002e-07  7.50558144e-05 -1.52154285e-07  7.50558144e-05  1.20000000e+00  7.50558144e-05  0.00000000e+00 
 7.51558144e-05  9.15109655e-01  7.51558144e-05  5.40443391e-01  7.51558144e-05  1.26054982e-06  7.51558144e-05  3.86900193e-08  7.51558144e-05  1.58189091e-07  7.51558144e-05  1.20000000e+00  7.51558144e-05  0.00000000e+00 
 7.52558144e-05  9.18158699e-01  7.52558144e-05  5.40570046e-01  7.52558144e-05  1.15493611e-06  7.52558144e-05  6.39020913e-07  7.52558144e-05 -1.52147609e-07  7.52558144e-05  1.20000000e+00  7.52558144e-05  0.00000000e+00 
 7.53558144e-05  9.21208200e-01  7.53558144e-05  5.40443995e-01  7.53558144e-05  1.26055103e-06  7.53558144e-05  3.90703950e-08  7.53558144e-05  1.58201844e-07  7.53558144e-05  1.20000000e+00  7.53558144e-05  0.00000000e+00 
 7.54558144e-05  9.24260444e-01  7.54558144e-05  5.40571720e-01  7.54558144e-05  1.15493489e-06  7.54558144e-05  6.39396133e-07  7.54558144e-05 -1.52140972e-07  7.54558144e-05  1.20000000e+00  7.54558144e-05  0.00000000e+00 
 7.55558144e-05  9.27313281e-01  7.55558144e-05  5.40444586e-01  7.55558144e-05  1.26055227e-06  7.55558144e-05  3.94784091e-08  7.55558144e-05  1.58214603e-07  7.55558144e-05  1.20000000e+00  7.55558144e-05  0.00000000e+00 
 7.56558144e-05  9.30368984e-01  7.56558144e-05  5.40573391e-01  7.56558144e-05  1.15493365e-06  7.56558144e-05  6.39800540e-07  7.56558144e-05 -1.52134376e-07  7.56558144e-05  1.20000000e+00  7.56558144e-05  0.00000000e+00 
 7.57558144e-05  9.33425441e-01  7.57558144e-05  5.40445168e-01  7.57558144e-05  1.26055351e-06  7.57558144e-05  3.99192796e-08  7.57558144e-05  1.58227370e-07  7.57558144e-05  1.20000000e+00  7.57558144e-05  0.00000000e+00 
 7.58558144e-05  9.36484913e-01  7.58558144e-05  5.40575045e-01  7.58558144e-05  1.15493240e-06  7.58558144e-05  6.40239909e-07  7.58558144e-05 -1.52127820e-07  7.58558144e-05  1.20000000e+00  7.58558144e-05  0.00000000e+00 
 7.59558144e-05  9.39545325e-01  7.59558144e-05  5.40445740e-01  7.59558144e-05  1.26055477e-06  7.59558144e-05  4.03991855e-08  7.59558144e-05  1.58240147e-07  7.59558144e-05  1.20000000e+00  7.59558144e-05  0.00000000e+00 
 7.60558144e-05  9.42608936e-01  7.60558144e-05  5.40576673e-01  7.60558144e-05  1.15493113e-06  7.60558144e-05  6.40721037e-07  7.60558144e-05 -1.52121305e-07  7.60558144e-05  1.20000000e+00  7.60558144e-05  0.00000000e+00 
 7.61558144e-05  9.45673706e-01  7.61558144e-05  5.40446307e-01  7.61558144e-05  1.26055604e-06  7.61558144e-05  4.09254041e-08  7.61558144e-05  1.58252938e-07  7.61558144e-05  1.20000000e+00  7.61558144e-05  0.00000000e+00 
 7.62558144e-05  9.48741894e-01  7.62558144e-05  5.40578267e-01  7.62558144e-05  1.15492986e-06  7.62558144e-05  6.41251905e-07  7.62558144e-05 -1.52114830e-07  7.62558144e-05  1.20000000e+00  7.62558144e-05  0.00000000e+00 
 7.63558144e-05  9.51811498e-01  7.63558144e-05  5.40446868e-01  7.63558144e-05  1.26055733e-06  7.63558144e-05  4.15064873e-08  7.63558144e-05  1.58265743e-07  7.63558144e-05  1.20000000e+00  7.63558144e-05  0.00000000e+00 
 7.64558144e-05  9.54884783e-01  7.64558144e-05  5.40579822e-01  7.64558144e-05  1.15492856e-06  7.64558144e-05  6.41841851e-07  7.64558144e-05 -1.52108394e-07  7.64558144e-05  1.20000000e+00  7.64558144e-05  0.00000000e+00 
 7.65558144e-05  9.57959787e-01  7.65558144e-05  5.40447427e-01  7.65558144e-05  1.26055863e-06  7.65558144e-05  4.21524652e-08  7.65558144e-05  1.58278565e-07  7.65558144e-05  1.20000000e+00  7.65558144e-05  0.00000000e+00 
 7.66558144e-05  9.61038786e-01  7.66558144e-05  5.40581331e-01  7.66558144e-05  1.15492725e-06  7.66558144e-05  6.42501795e-07  7.66558144e-05 -1.52101995e-07  7.66558144e-05  1.20000000e+00  7.66558144e-05  0.00000000e+00 
 7.67558144e-05  9.64119858e-01  7.67558144e-05  5.40447986e-01  7.67558144e-05  1.26055995e-06  7.67558144e-05  4.28750832e-08  7.67558144e-05  1.58291406e-07  7.67558144e-05  1.20000000e+00  7.67558144e-05  0.00000000e+00 
 7.68558144e-05  9.67205296e-01  7.68558144e-05  5.40582793e-01  7.68558144e-05  1.15492593e-06  7.68558144e-05  6.43244488e-07  7.68558144e-05 -1.52095630e-07  7.68558144e-05  1.20000000e+00  7.68558144e-05  0.00000000e+00 
 7.69558144e-05  9.70293225e-01  7.69558144e-05  5.40448549e-01  7.69558144e-05  1.26056127e-06  7.69558144e-05  4.36880847e-08  7.69558144e-05  1.58304268e-07  7.69558144e-05  1.20000000e+00  7.69558144e-05  0.00000000e+00 
 7.70558144e-05  9.73385961e-01  7.70558144e-05  5.40584206e-01  7.70558144e-05  1.15492460e-06  7.70558144e-05  6.44084827e-07  7.70558144e-05 -1.52089297e-07  7.70558144e-05  1.20000000e+00  7.70558144e-05  0.00000000e+00 
 7.71558144e-05  9.76481675e-01  7.71558144e-05  5.40449119e-01  7.71558144e-05  1.26056261e-06  7.71558144e-05  4.46075481e-08  7.71558144e-05  1.58317152e-07  7.71558144e-05  1.20000000e+00  7.71558144e-05  0.00000000e+00 
 7.72558144e-05  9.79582717e-01  7.72558144e-05  5.40585571e-01  7.72558144e-05  1.15492326e-06  7.72558144e-05  6.45040215e-07  7.72558144e-05 -1.52082993e-07  7.72558144e-05  1.20000000e+00  7.72558144e-05  0.00000000e+00 
 7.73558144e-05  9.82687311e-01  7.73558144e-05  5.40449701e-01  7.73558144e-05  1.26056396e-06  7.73558144e-05  4.56522785e-08  7.73558144e-05  1.58330062e-07  7.73558144e-05  1.20000000e+00  7.73558144e-05  0.00000000e+00 
 7.74558144e-05  9.85797846e-01  7.74558144e-05  5.40586890e-01  7.74558144e-05  1.15492190e-06  7.74558144e-05  6.46130984e-07  7.74558144e-05 -1.52076711e-07  7.74558144e-05  1.20000000e+00  7.74558144e-05  0.00000000e+00 
 7.75558144e-05  9.88912605e-01  7.75558144e-05  5.40450299e-01  7.75558144e-05  1.26056532e-06  7.75558144e-05  4.68442831e-08  7.75558144e-05  1.58343000e-07  7.75558144e-05  1.20000000e+00  7.75558144e-05  0.00000000e+00 
 7.76558144e-05  9.92034027e-01  7.76558144e-05  5.40588165e-01  7.76558144e-05  1.15492054e-06  7.76558144e-05  6.47380909e-07  7.76558144e-05 -1.52070449e-07  7.76558144e-05  1.20000000e+00  7.76558144e-05  0.00000000e+00 
 7.77558144e-05  9.95160461e-01  7.77558144e-05  5.40450920e-01  7.77558144e-05  1.26056669e-06  7.77558144e-05  4.82093220e-08  7.77558144e-05  1.58355969e-07  7.77558144e-05  1.20000000e+00  7.77558144e-05  0.00000000e+00 
 7.78558144e-05  9.98294407e-01  7.78558144e-05  5.40589403e-01  7.78558144e-05  1.15491916e-06  7.78558144e-05  6.48817823e-07  7.78558144e-05 -1.52064199e-07  7.78558144e-05  1.20000000e+00  7.78558144e-05  0.00000000e+00 
 7.79558144e-05  1.00143429e+00  7.79558144e-05  5.40451567e-01  7.79558144e-05  1.26056807e-06  7.79558144e-05  4.97775820e-08  7.79558144e-05  1.58368973e-07  7.79558144e-05  1.20000000e+00  7.79558144e-05  0.00000000e+00 
 7.80558144e-05  1.00458268e+00  7.80558144e-05  5.40590607e-01  7.80558144e-05  1.15491777e-06  7.80558144e-05  6.50474331e-07  7.80558144e-05 -1.52057954e-07  7.80558144e-05  1.20000000e+00  7.80558144e-05  0.00000000e+00 
 7.81558144e-05  1.00773810e+00  7.81558144e-05  5.40452250e-01  7.81558144e-05  1.26056946e-06  7.81558144e-05  5.15844827e-08  7.81558144e-05  1.58382017e-07  7.81558144e-05  1.20000000e+00  7.81558144e-05  0.00000000e+00 
 7.82558144e-05  1.01090319e+00  7.82558144e-05  5.40591786e-01  7.82558144e-05  1.15491638e-06  7.82558144e-05  6.52388714e-07  7.82558144e-05 -1.52051708e-07  7.82558144e-05  1.20000000e+00  7.82558144e-05  0.00000000e+00 
 7.83558144e-05  1.01407659e+00  7.83558144e-05  5.40452976e-01  7.83558144e-05  1.26057086e-06  7.83558144e-05  5.36716513e-08  7.83558144e-05  1.58395106e-07  7.83558144e-05  1.20000000e+00  7.83558144e-05  0.00000000e+00 
 7.84558144e-05  1.01726104e+00  7.84558144e-05  5.40592947e-01  7.84558144e-05  1.15491498e-06  7.84558144e-05  6.54605984e-07  7.84558144e-05 -1.52045451e-07  7.84558144e-05  1.20000000e+00  7.84558144e-05  0.00000000e+00 
 7.85558144e-05  1.02045528e+00  7.85558144e-05  5.40453753e-01  7.85558144e-05  1.26057226e-06  7.85558144e-05  5.60881322e-08  7.85558144e-05  1.58408247e-07  7.85558144e-05  1.20000000e+00  7.85558144e-05  0.00000000e+00 
 7.86558144e-05  1.02366219e+00  7.86558144e-05  5.40594100e-01  7.86558144e-05  1.15491357e-06  7.86558144e-05  6.57179229e-07  7.86558144e-05 -1.52039172e-07  7.86558144e-05  1.20000000e+00  7.86558144e-05  0.00000000e+00 
 7.87558144e-05  1.02688065e+00  7.87558144e-05  5.40454594e-01  7.87558144e-05  1.26057367e-06  7.87558144e-05  5.88918845e-08  7.87558144e-05  1.58421447e-07  7.87558144e-05  1.20000000e+00  7.87558144e-05  0.00000000e+00 
 7.88558144e-05  1.03011369e+00  7.88558144e-05  5.40595256e-01  7.88558144e-05  1.15491216e-06  7.88558144e-05  6.60171270e-07  7.88558144e-05 -1.52032861e-07  7.88558144e-05  1.20000000e+00  7.88558144e-05  0.00000000e+00 
 7.89558144e-05  1.03336035e+00  7.89558144e-05  5.40455509e-01  7.89558144e-05  1.26057509e-06  7.89558144e-05  6.21516544e-08  7.89558144e-05  1.58434716e-07  7.89558144e-05  1.20000000e+00  7.89558144e-05  0.00000000e+00 
 7.90558144e-05  1.03662383e+00  7.90558144e-05  5.40596428e-01  7.90558144e-05  1.15491074e-06  7.90558144e-05  6.63656755e-07  7.90558144e-05 -1.52026502e-07  7.90558144e-05  1.20000000e+00  7.90558144e-05  0.00000000e+00 
 7.91558144e-05  1.03990337e+00  7.91558144e-05  5.40456513e-01  7.91558144e-05  1.26057651e-06  7.91558144e-05  6.59493794e-08  7.91558144e-05  1.58448066e-07  7.91558144e-05  1.20000000e+00  7.91558144e-05  0.00000000e+00 
 7.92558144e-05  1.04320237e+00  7.92558144e-05  5.40597630e-01  7.92558144e-05  1.15490932e-06  7.92558144e-05  6.67724848e-07  7.92558144e-05 -1.52020080e-07  7.92558144e-05  1.20000000e+00  7.92558144e-05  0.00000000e+00 
 7.93558144e-05  1.04652033e+00  7.93558144e-05  5.40457623e-01  7.93558144e-05  1.26057793e-06  7.93558144e-05  7.03832708e-08  7.93558144e-05  1.58461509e-07  7.93558144e-05  1.20000000e+00  7.93558144e-05  0.00000000e+00 
 7.94558144e-05  1.04986088e+00  7.94558144e-05  5.40598879e-01  7.94558144e-05  1.15490790e-06  7.94558144e-05  6.72482713e-07  7.94558144e-05 -1.52013577e-07  7.94558144e-05  1.20000000e+00  7.94558144e-05  0.00000000e+00 
 7.95558144e-05  1.05322416e+00  7.95558144e-05  5.40458780e-01  7.95558144e-05  1.26057935e-06  7.95558144e-05  7.56521840e-08  7.95558144e-05  1.58475078e-07  7.95558144e-05  1.20000000e+00  7.95558144e-05  0.00000000e+00 
 7.96558144e-05  1.05661391e+00  7.96558144e-05  5.40600172e-01  7.96558144e-05  1.15490647e-06  7.96558144e-05  6.78092408e-07  7.96558144e-05 -1.52006972e-07  7.96558144e-05  1.20000000e+00  7.96558144e-05  0.00000000e+00 
 7.97558144e-05  1.06003004e+00  7.97558144e-05  5.40460060e-01  7.97558144e-05  1.26058078e-06  7.97558144e-05  8.17272697e-08  7.97558144e-05  1.58488763e-07  7.97558144e-05  1.20000000e+00  7.97558144e-05  0.00000000e+00 
 7.98558144e-05  1.06347710e+00  7.98558144e-05  5.40601766e-01  7.98558144e-05  1.15490504e-06  7.98558144e-05  6.84678851e-07  7.98558144e-05 -1.52000239e-07  7.98558144e-05  1.20000000e+00  7.98558144e-05  0.00000000e+00 
 7.99558144e-05  1.06695543e+00  7.99558144e-05  5.40461373e-01  7.99558144e-05  1.26058221e-06  7.99558144e-05  8.88825253e-08  7.99558144e-05  1.58502605e-07  7.99558144e-05  1.20000000e+00  7.99558144e-05  0.00000000e+00 
 8.00558144e-05  1.07047002e+00  8.00558144e-05  5.40603568e-01  8.00558144e-05  1.15490361e-06  8.00558144e-05  6.92440429e-07  8.00558144e-05 -1.51993354e-07  8.00558144e-05  1.20000000e+00  8.00558144e-05  0.00000000e+00 
 8.01558144e-05  1.07402179e+00  8.01558144e-05  5.40462834e-01  8.01558144e-05  1.26058364e-06  8.01558144e-05  9.73370798e-08  8.01558144e-05  1.58516635e-07  8.01558144e-05  1.20000000e+00  8.01558144e-05  0.00000000e+00 
 8.02558144e-05  1.07761627e+00  8.02558144e-05  5.40605556e-01  8.02558144e-05  1.15490218e-06  8.02558144e-05  7.01623851e-07  8.02558144e-05 -1.51986284e-07  8.02558144e-05  1.20000000e+00  8.02558144e-05  0.00000000e+00 
 8.03558144e-05  1.08125507e+00  8.03558144e-05  5.40464507e-01  8.03558144e-05  1.26058508e-06  8.03558144e-05  1.07365457e-07  8.03558144e-05  1.58530890e-07  8.03558144e-05  1.20000000e+00  8.03558144e-05  0.00000000e+00 
 8.04558144e-05  1.08494446e+00  8.04558144e-05  5.40607757e-01  8.04558144e-05  1.15490074e-06  8.04558144e-05  7.12541423e-07  8.04558144e-05 -1.51978989e-07  8.04558144e-05  1.20000000e+00  8.04558144e-05  0.00000000e+00 
 8.05558144e-05  1.08868689e+00  8.05558144e-05  5.40466424e-01  8.05558144e-05  1.26058652e-06  8.05558144e-05  1.19315592e-07  8.05558144e-05  1.58545415e-07  8.05558144e-05  1.20000000e+00  8.05558144e-05  0.00000000e+00 
 8.06558144e-05  1.09248960e+00  8.06558144e-05  5.40610230e-01  8.06558144e-05  1.15489929e-06  8.06558144e-05  7.25593365e-07  8.06558144e-05 -1.51971419e-07  8.06558144e-05  1.20000000e+00  8.06558144e-05  0.00000000e+00 
 8.07558144e-05  1.09635611e+00  8.07558144e-05  5.40468591e-01  8.07558144e-05  1.26058796e-06  8.07558144e-05  1.33632677e-07  8.07558144e-05  1.58560266e-07  8.07558144e-05  1.20000000e+00  8.07558144e-05  0.00000000e+00 
 8.08558144e-05  1.10029494e+00  8.08558144e-05  5.40613060e-01  8.08558144e-05  1.15489784e-06  8.08558144e-05  7.41298175e-07  8.08558144e-05 -1.51963515e-07  8.08558144e-05  1.20000000e+00  8.08558144e-05  0.00000000e+00 
 8.09558144e-05  1.10431090e+00  8.09558144e-05  5.40470971e-01  8.09558144e-05  1.26058941e-06  8.09558144e-05  1.50888439e-07  8.09558144e-05  1.58575510e-07  8.09558144e-05  1.20000000e+00  8.09558144e-05  0.00000000e+00 
 8.10558144e-05  1.10841431e+00  8.10558144e-05  5.40616357e-01  8.10558144e-05  1.15489639e-06  8.10558144e-05  7.60331322e-07  8.10558144e-05 -1.51955205e-07  8.10558144e-05  1.20000000e+00  8.10558144e-05  0.00000000e+00 
 8.11558144e-05  1.11261085e+00  8.11558144e-05  5.40474092e-01  8.11558144e-05  1.26059087e-06  8.11558144e-05  1.71671015e-07  8.11558144e-05  1.58591215e-07  8.11558144e-05  1.20000000e+00  8.11558144e-05  0.00000000e+00 
 8.12558144e-05  1.11691175e+00  8.12558144e-05  5.40618689e-01  8.12558144e-05  1.15489493e-06  8.12558144e-05  7.83092806e-07  8.12558144e-05 -1.51946392e-07  8.12558144e-05  1.20000000e+00  8.12558144e-05  0.00000000e+00 
 8.13558144e-05  1.12132882e+00  8.13558144e-05  5.40478689e-01  8.13558144e-05  1.26059232e-06  8.13558144e-05  1.97507701e-07  8.13558144e-05  1.58607499e-07  8.13558144e-05  1.20000000e+00  8.13558144e-05  0.00000000e+00 
 8.14558144e-05  1.12587408e+00  8.14558144e-05  5.40620316e-01  8.14558144e-05  1.15489348e-06  8.14558144e-05  8.11119017e-07  8.14558144e-05 -1.51936933e-07  8.14558144e-05  1.20000000e+00  8.14558144e-05  0.00000000e+00 
 8.15558144e-05  1.13055907e+00  8.15558144e-05  5.40481273e-01  8.15558144e-05  1.26059376e-06  8.15558144e-05  2.28550273e-07  8.15558144e-05  1.58624479e-07  8.15558144e-05  1.20000000e+00  8.15558144e-05  0.00000000e+00 
 8.16558144e-05  1.13540093e+00  8.16558144e-05  5.40622676e-01  8.16558144e-05  1.15489204e-06  8.16558144e-05  8.45445605e-07  8.16558144e-05 -1.51926711e-07  8.16558144e-05  1.20000000e+00  8.16558144e-05  0.00000000e+00 
 8.17558144e-05  1.14041366e+00  8.17558144e-05  5.40484150e-01  8.17558144e-05  1.26059519e-06  8.17558144e-05  2.66463305e-07  8.17558144e-05  1.58642281e-07  8.17558144e-05  1.20000000e+00  8.17558144e-05  0.00000000e+00 
 8.18558144e-05  1.14559907e+00  8.18558144e-05  5.40618579e-01  8.18558144e-05  1.15489063e-06  8.18558144e-05  8.83342914e-07  8.18558144e-05 -1.51915531e-07  8.18558144e-05  1.20000000e+00  8.18558144e-05  0.00000000e+00 
 8.19558144e-05  1.15095801e+00  8.19558144e-05  5.40481274e-01  8.19558144e-05  1.26059659e-06  8.19558144e-05  3.05025121e-07  8.19558144e-05  1.58660969e-07  8.19558144e-05  1.20000000e+00  8.19558144e-05  0.00000000e+00 
 8.20558144e-05  1.15646348e+00  8.20558144e-05  5.40603337e-01  8.20558144e-05  1.15488926e-06  8.20558144e-05  9.15612401e-07  8.20558144e-05 -1.51903386e-07  8.20558144e-05  1.20000000e+00  8.20558144e-05  0.00000000e+00 
 8.21558144e-05  1.16205540e+00  8.21558144e-05  5.40460609e-01  8.21558144e-05  1.26059796e-06  8.21558144e-05  3.24691118e-07  8.21558144e-05  1.58680322e-07  8.21558144e-05  1.20000000e+00  8.21558144e-05  0.00000000e+00 
 8.22558144e-05  1.16761295e+00  8.22558144e-05  5.40564082e-01  8.22558144e-05  1.15488797e-06  8.22558144e-05  9.08409150e-07  8.22558144e-05 -1.51890816e-07  8.22558144e-05  1.20000000e+00  8.22558144e-05  0.00000000e+00 
 8.23558144e-05  1.17296878e+00  8.23558144e-05  5.40413276e-01  8.23558144e-05  1.26059929e-06  8.23558144e-05  2.81279118e-07  8.23558144e-05  1.58699251e-07  8.23558144e-05  1.20000000e+00  8.23558144e-05  0.00000000e+00 
 8.24558144e-05  1.17792609e+00  8.24558144e-05  5.40502981e-01  8.24558144e-05  1.15488676e-06  8.24558144e-05  8.21156891e-07  8.24558144e-05 -1.51879429e-07  8.24558144e-05  1.20000000e+00  8.24558144e-05  0.00000000e+00 
 8.25558144e-05  1.18232615e+00  8.25558144e-05  5.40354008e-01  8.25558144e-05  1.26060060e-06  8.25558144e-05  1.59318247e-07  8.25558144e-05  1.58715788e-07  8.25558144e-05  1.20000000e+00  8.25558144e-05  0.00000000e+00 
 8.26558144e-05  1.18607449e+00  8.26558144e-05  5.40386108e-01  8.26558144e-05  1.15488635e-06  8.26558144e-05  6.77504685e-07  8.26558144e-05 -1.51870868e-07  8.26558144e-05  1.20000000e+00  8.26558144e-05  0.00000000e+00 
 8.27558144e-05  1.18915555e+00  8.27558144e-05  5.40028122e-01  8.27558144e-05  1.26060369e-06  8.27558144e-05  1.24675183e-08  8.27558144e-05  1.58729153e-07  8.27558144e-05  1.20000000e+00  8.27558144e-05  0.00000000e+00 
 8.28558144e-05  1.19161553e+00  8.28558144e-05  5.40188958e-01  8.28558144e-05  1.15488349e-06  8.28558144e-05  5.39910423e-07  8.28558144e-05 -1.51867409e-07  8.28558144e-05  1.20000000e+00  8.28558144e-05  0.00000000e+00 
 8.29558144e-05  1.19354090e+00  8.29558144e-05  5.40163034e-01  8.29558144e-05  1.26060506e-06  8.29558144e-05 -1.05564869e-07  8.29558144e-05  1.58738683e-07  8.29558144e-05  1.20000000e+00  8.29558144e-05  0.00000000e+00 
 8.30558144e-05  1.19503280e+00  8.30558144e-05  5.40369156e-01  8.30558144e-05  1.15488138e-06  8.30558144e-05  4.43552748e-07  8.30558144e-05 -1.51865964e-07  8.30558144e-05  1.20000000e+00  8.30558144e-05  0.00000000e+00 
 8.31558144e-05  1.19617955e+00  8.31558144e-05  5.40328665e-01  8.31558144e-05  1.26060631e-06  8.31558144e-05 -1.81751287e-07  8.31558144e-05  1.58745803e-07  8.31558144e-05  1.20000000e+00  8.31558144e-05  0.00000000e+00 
 8.32558144e-05  1.19705917e+00  8.32558144e-05  5.40480592e-01  8.32558144e-05  1.15487983e-06  8.32558144e-05  3.84007874e-07  8.32558144e-05 -1.51866244e-07  8.32558144e-05  1.20000000e+00  8.32558144e-05  0.00000000e+00 
 8.33558144e-05  1.19773039e+00  8.33558144e-05  5.40393845e-01  8.33558144e-05  1.26060753e-06  8.33558144e-05 -2.27646611e-07  8.33558144e-05  1.58751219e-07  8.33558144e-05  1.20000000e+00  8.33558144e-05  0.00000000e+00 
 8.34558144e-05  1.19824373e+00  8.34558144e-05  5.40510806e-01  8.34558144e-05  1.15487857e-06  8.34558144e-05  3.48672637e-07  8.34558144e-05 -1.51867649e-07  8.34558144e-05  1.20000000e+00  8.34558144e-05  0.00000000e+00 
 8.35558144e-05  1.19863380e+00  8.35558144e-05  5.40412989e-01  8.35558144e-05  1.26060865e-06  8.35558144e-05 -2.54667848e-07  8.35558144e-05  1.58755542e-07  8.35558144e-05  1.20000000e+00  8.35558144e-05  0.00000000e+00 
 8.36558144e-05  1.19893200e+00  8.36558144e-05  5.40518598e-01  8.36558144e-05  1.15487748e-06  8.36558144e-05  3.27974064e-07  8.36558144e-05 -1.51869636e-07  8.36558144e-05  1.20000000e+00  8.36558144e-05  0.00000000e+00 
 8.37558144e-05  1.19915791e+00  8.37558144e-05  5.40419631e-01  8.37558144e-05  1.26060968e-06  8.37558144e-05 -2.70383826e-07  8.37558144e-05  1.58759188e-07  8.37558144e-05  1.20000000e+00  8.37558144e-05  0.00000000e+00 
 8.38558144e-05  1.19933099e+00  8.38558144e-05  5.40521708e-01  8.38558144e-05  1.15487648e-06  8.38558144e-05  3.15934065e-07  8.38558144e-05 -1.51871919e-07  8.38558144e-05  1.20000000e+00  8.38558144e-05  0.00000000e+00 
 8.39558144e-05  1.19946158e+00  8.39558144e-05  5.40423307e-01  8.39558144e-05  1.26061064e-06  8.39558144e-05 -2.79490524e-07  8.39558144e-05  1.58762413e-07  8.39558144e-05  1.20000000e+00  8.39558144e-05  0.00000000e+00 
 8.40558144e-05  1.19956206e+00  8.40558144e-05  5.40523158e-01  8.40558144e-05  1.15487553e-06  8.40558144e-05  3.08938307e-07  8.40558144e-05 -1.51874338e-07  8.40558144e-05  1.20000000e+00  8.40558144e-05  0.00000000e+00 
 8.41558144e-05  1.19963739e+00  8.41558144e-05  5.40425498e-01  8.41558144e-05  1.26061155e-06  8.41558144e-05 -2.84754040e-07  8.41558144e-05  1.58765362e-07  8.41558144e-05  1.20000000e+00  8.41558144e-05  0.00000000e+00 
 8.42558144e-05  1.19969582e+00  8.42558144e-05  5.40523799e-01  8.42558144e-05  1.15487464e-06  8.42558144e-05  3.04872101e-07  8.42558144e-05 -1.51876806e-07  8.42558144e-05  1.20000000e+00  8.42558144e-05  0.00000000e+00 
 8.43558144e-05  1.19973914e+00  8.43558144e-05  5.40426868e-01  8.43558144e-05  1.26061243e-06  8.43558144e-05 -2.87788099e-07  8.43558144e-05  1.58768123e-07  8.43558144e-05  1.20000000e+00  8.43558144e-05  0.00000000e+00 
 8.44558144e-05  1.19977322e+00  8.44558144e-05  5.40524034e-01  8.44558144e-05  1.15487377e-06  8.44558144e-05  3.02504484e-07  8.44558144e-05 -1.51879277e-07  8.44558144e-05  1.20000000e+00  8.44558144e-05  0.00000000e+00 
 8.45558144e-05  1.19979802e+00  8.45558144e-05  5.40427760e-01  8.45558144e-05  1.26061328e-06  8.45558144e-05 -2.89530588e-07  8.45558144e-05  1.58770752e-07  8.45558144e-05  1.20000000e+00  8.45558144e-05  0.00000000e+00 
 8.46558144e-05  1.19981800e+00  8.46558144e-05  5.40524065e-01  8.46558144e-05  1.15487293e-06  8.46558144e-05  3.01120861e-07  8.46558144e-05 -1.51881727e-07  8.46558144e-05  1.20000000e+00  8.46558144e-05  0.00000000e+00 
 8.47558144e-05  1.19983208e+00  8.47558144e-05  5.40428362e-01  8.47558144e-05  1.26061411e-06  8.47558144e-05 -2.90525469e-07  8.47558144e-05  1.58773284e-07  8.47558144e-05  1.20000000e+00  8.47558144e-05  0.00000000e+00 
 8.48558144e-05  1.19984390e+00  8.48558144e-05  5.40524001e-01  8.48558144e-05  1.15487210e-06  8.48558144e-05  3.00307032e-07  8.48558144e-05 -1.51884145e-07  8.48558144e-05  1.20000000e+00  8.48558144e-05  0.00000000e+00 
 8.49279122e-05  1.19984963e+00  8.49279122e-05  5.40428808e-01  8.49279122e-05  1.26061508e-06  8.49279122e-05 -2.91016463e-07  8.49279122e-05  1.58776204e-07  8.49279122e-05  1.20000000e+00  8.49279122e-05  0.00000000e+00 
 8.50000100e-05  1.19985547e+00  8.50000100e-05  5.40523795e-01  8.50000100e-05  1.15487099e-06  8.50000100e-05  2.99914220e-07  8.50000100e-05 -1.51887454e-07  8.50000100e-05  1.20000000e+00  8.50000100e-05  0.00000000e+00 
 8.50000110e-05  1.19984199e+00  8.50000110e-05  5.38082360e-01  8.50000110e-05  1.80597098e-06  8.50000110e-05 -1.02970221e-05  8.50000110e-05  1.70797749e-06  8.50000110e-05  1.08000000e+00  8.50000110e-05  0.00000000e+00 
 8.50000130e-05  1.19981151e+00  8.50000130e-05  5.33093069e-01  8.50000130e-05  1.87915174e-06  8.50000130e-05 -9.98651254e-06  8.50000130e-05  1.97518015e-06  8.50000130e-05  8.40000000e-01  8.50000130e-05  0.00000000e+00 
 8.50000165e-05  1.19974659e+00  8.50000165e-05  5.24363729e-01  8.50000165e-05  1.82424714e-06  8.50000165e-05 -5.15642786e-06  8.50000165e-05  1.72076888e-06  8.50000165e-05  4.20000000e-01  8.50000165e-05  0.00000000e+00 
 8.50000200e-05  1.19968345e+00  8.50000200e-05  5.18678721e-01  8.50000200e-05  1.45689118e-06  8.50000200e-05  2.32552059e-06  8.50000200e-05  6.96954049e-07  8.50000200e-05  0.00000000e+00  8.50000200e-05  0.00000000e+00 
 8.50000207e-05  1.19968183e+00  8.50000207e-05  5.19138853e-01  8.50000207e-05  1.07472861e-06  8.50000207e-05  3.82230612e-06  8.50000207e-05 -4.31043380e-07  8.50000207e-05  0.00000000e+00  8.50000207e-05  0.00000000e+00 
 8.50000220e-05  1.19967997e+00  8.50000220e-05  5.20102582e-01  8.50000220e-05  1.02154028e-06  8.50000220e-05  5.14275733e-06  8.50000220e-05 -6.43925976e-07  8.50000220e-05  0.00000000e+00  8.50000220e-05  0.00000000e+00 
 8.50000248e-05  1.19967732e+00  8.50000248e-05  5.21872365e-01  8.50000248e-05  1.09427622e-06  8.50000248e-05  4.87930700e-06  8.50000248e-05 -3.64537950e-07  8.50000248e-05  0.00000000e+00  8.50000248e-05  0.00000000e+00 
 8.50000302e-05  1.19967383e+00  8.50000302e-05  5.24970913e-01  8.50000302e-05  1.05850254e-06  8.50000302e-05  5.93428205e-06  8.50000302e-05 -4.95310503e-07  8.50000302e-05  0.00000000e+00  8.50000302e-05  0.00000000e+00 
 8.50000410e-05  1.19967358e+00  8.50000410e-05  5.30161920e-01  8.50000410e-05  1.12992902e-06  8.50000410e-05  4.59761081e-06  8.50000410e-05 -2.15541641e-07  8.50000410e-05  0.00000000e+00  8.50000410e-05  0.00000000e+00 
 8.50000628e-05  1.19968932e+00  8.50000628e-05  5.37653793e-01  8.50000628e-05  1.11393198e-06  8.50000628e-05  2.88360201e-06  8.50000628e-05 -2.81389753e-07  8.50000628e-05  0.00000000e+00  8.50000628e-05  0.00000000e+00 
 8.50001062e-05  1.19975840e+00  8.50001062e-05  5.46526986e-01  8.50001062e-05  1.18845394e-06  8.50001062e-05 -1.06275844e-06  8.50001062e-05 -5.53467919e-09  8.50001062e-05  0.00000000e+00  8.50001062e-05  0.00000000e+00 
 8.50001931e-05  1.19993679e+00  8.50001931e-05  5.53871538e-01  8.50001931e-05  1.16873849e-06  8.50001931e-05 -3.60980235e-06  8.50001931e-05 -1.06731518e-07  8.50001931e-05  0.00000000e+00  8.50001931e-05  0.00000000e+00 
 8.50003091e-05  1.20013597e+00  8.50003091e-05  5.56979630e-01  8.50003091e-05  1.22221746e-06  8.50003091e-05 -5.86260306e-06  8.50003091e-05  7.94112912e-08  8.50003091e-05  0.00000000e+00  8.50003091e-05  0.00000000e+00 
 8.50005384e-05  1.20024047e+00  8.50005384e-05  5.45584516e-01  8.50005384e-05  1.22143957e-06  8.50005384e-05 -2.96395417e-06  8.50005384e-05  4.57202479e-09  8.50005384e-05  0.00000000e+00  8.50005384e-05  0.00000000e+00 
 8.50007616e-05  1.20024063e+00  8.50007616e-05  5.39635452e-01  8.50007616e-05  1.21600861e-06  8.50007616e-05 -4.84055301e-07  8.50007616e-05  4.22025191e-08  8.50007616e-05  0.00000000e+00  8.50007616e-05  0.00000000e+00 
 8.50010284e-05  1.20024068e+00  8.50010284e-05  5.39098179e-01  8.50010284e-05  1.20253172e-06  8.50010284e-05 -2.34238766e-07  8.50010284e-05 -3.31743588e-08  8.50010284e-05  0.00000000e+00  8.50010284e-05  0.00000000e+00 
 8.50013802e-05  1.20024034e+00  8.50013802e-05  5.39279601e-01  8.50013802e-05  1.21236394e-06  8.50013802e-05  1.07960838e-07  8.50013802e-05  3.79611980e-08  8.50013802e-05  0.00000000e+00  8.50013802e-05  0.00000000e+00 
 8.50020837e-05  1.20023915e+00  8.50020837e-05  5.39610704e-01  8.50020837e-05  1.20257883e-06  8.50020837e-05 -1.24268617e-07  8.50020837e-05 -3.25755038e-08  8.50020837e-05  0.00000000e+00  8.50020837e-05  0.00000000e+00 
 8.50034906e-05  1.20023662e+00  8.50034906e-05  5.39978192e-01  8.50034906e-05  1.21257279e-06  8.50034906e-05  1.18295769e-07  8.50034906e-05  3.86084684e-08  8.50034906e-05  0.00000000e+00  8.50034906e-05  0.00000000e+00 
 8.50063045e-05  1.20023192e+00  8.50063045e-05  5.40216761e-01  8.50063045e-05  1.20281285e-06  8.50063045e-05 -1.20511556e-07  8.50063045e-05 -3.19431725e-08  8.50063045e-05  0.00000000e+00  8.50063045e-05  0.00000000e+00 
 8.50119323e-05  1.20022397e+00  8.50119323e-05  5.40368375e-01  8.50119323e-05  1.21264372e-06  8.50119323e-05  1.19965280e-07  8.50119323e-05  3.88066904e-08  8.50119323e-05  0.00000000e+00  8.50119323e-05  0.00000000e+00 
 8.50231879e-05  1.20021168e+00  8.50231879e-05  5.40435946e-01  8.50231879e-05  1.20284070e-06  8.50231879e-05 -1.20135352e-07  8.50231879e-05 -3.19071202e-08  8.50231879e-05  0.00000000e+00  8.50231879e-05  0.00000000e+00 
 8.50456992e-05  1.20019562e+00  8.50456992e-05  5.40480940e-01  8.50456992e-05  1.21264549e-06  8.50456992e-05  1.20109090e-07  8.50456992e-05  3.87955935e-08  8.50456992e-05  0.00000000e+00  8.50456992e-05  0.00000000e+00 
 8.50907217e-05  1.20017638e+00  8.50907217e-05  5.40461377e-01  8.50907217e-05  1.20284179e-06  8.50907217e-05 -1.20103646e-07  8.50907217e-05 -3.19028169e-08  8.50907217e-05  0.00000000e+00  8.50907217e-05  0.00000000e+00 
 8.51807667e-05  1.20014665e+00  8.51807667e-05  5.40488008e-01  8.51807667e-05  1.21264452e-06  8.51807667e-05  1.20106644e-07  8.51807667e-05  3.87933495e-08  8.51807667e-05  0.00000000e+00  8.51807667e-05  0.00000000e+00 
 8.52807667e-05  1.20011366e+00  8.52807667e-05  5.40466195e-01  8.52807667e-05  1.20284239e-06  8.52807667e-05 -1.20099753e-07  8.52807667e-05 -3.19015058e-08  8.52807667e-05  0.00000000e+00  8.52807667e-05  0.00000000e+00 
 8.53807667e-05  1.20008068e+00  8.53807667e-05  5.40488331e-01  8.53807667e-05  1.21264395e-06  8.53807667e-05  1.20104880e-07  8.53807667e-05  3.87919438e-08  8.53807667e-05  0.00000000e+00  8.53807667e-05  0.00000000e+00 
 8.54807667e-05  1.20004769e+00  8.54807667e-05  5.40466579e-01  8.54807667e-05  1.20284295e-06  8.54807667e-05 -1.20097535e-07  8.54807667e-05 -3.19002861e-08  8.54807667e-05  0.00000000e+00  8.54807667e-05  0.00000000e+00 
 8.55807667e-05  1.20001471e+00  8.55807667e-05  5.40488126e-01  8.55807667e-05  1.21264339e-06  8.55807667e-05  1.20103060e-07  8.55807667e-05  3.87905410e-08  8.55807667e-05  0.00000000e+00  8.55807667e-05  0.00000000e+00 
 8.56807667e-05  1.19998173e+00  8.56807667e-05  5.40466751e-01  8.56807667e-05  1.20284351e-06  8.56807667e-05 -1.20095270e-07  8.56807667e-05 -3.18990713e-08  8.56807667e-05  0.00000000e+00  8.56807667e-05  0.00000000e+00 
 8.57807667e-05  1.19994876e+00  8.57807667e-05  5.40488004e-01  8.57807667e-05  1.21264284e-06  8.57807667e-05  1.20101114e-07  8.57807667e-05  3.87891430e-08  8.57807667e-05  0.00000000e+00  8.57807667e-05  0.00000000e+00 
 8.58807667e-05  1.19991578e+00  8.58807667e-05  5.40466853e-01  8.58807667e-05  1.20284405e-06  8.58807667e-05 -1.20092845e-07  8.58807667e-05 -3.18978612e-08  8.58807667e-05  0.00000000e+00  8.58807667e-05  0.00000000e+00 
 8.59807667e-05  1.19988282e+00  8.59807667e-05  5.40487933e-01  8.59807667e-05  1.21264230e-06  8.59807667e-05  1.20098982e-07  8.59807667e-05  3.87877496e-08  8.59807667e-05  0.00000000e+00  8.59807667e-05  0.00000000e+00 
 8.60807667e-05  1.19984984e+00  8.60807667e-05  5.40466916e-01  8.60807667e-05  1.20284459e-06  8.60807667e-05 -1.20090217e-07  8.60807667e-05 -3.18966556e-08  8.60807667e-05  0.00000000e+00  8.60807667e-05  0.00000000e+00 
 8.61807667e-05  1.19981689e+00  8.61807667e-05  5.40487891e-01  8.61807667e-05  1.21264177e-06  8.61807667e-05  1.20096634e-07  8.61807667e-05  3.87863606e-08  8.61807667e-05  0.00000000e+00  8.61807667e-05  0.00000000e+00 
 8.62807667e-05  1.19978392e+00  8.62807667e-05  5.40466957e-01  8.62807667e-05  1.20284512e-06  8.62807667e-05 -1.20087364e-07  8.62807667e-05 -3.18954541e-08  8.62807667e-05  0.00000000e+00  8.62807667e-05  0.00000000e+00 
 8.63807667e-05  1.19975097e+00  8.63807667e-05  5.40487866e-01  8.63807667e-05  1.21264124e-06  8.63807667e-05  1.20094054e-07  8.63807667e-05  3.87849755e-08  8.63807667e-05  0.00000000e+00  8.63807667e-05  0.00000000e+00 
 8.64807667e-05  1.19971800e+00  8.64807667e-05  5.40466986e-01  8.64807667e-05  1.20284565e-06  8.64807667e-05 -1.20084276e-07  8.64807667e-05 -3.18942563e-08  8.64807667e-05  0.00000000e+00  8.64807667e-05  0.00000000e+00 
 8.65807667e-05  1.19968506e+00  8.65807667e-05  5.40487850e-01  8.65807667e-05  1.21264071e-06  8.65807667e-05  1.20091234e-07  8.65807667e-05  3.87835940e-08  8.65807667e-05  0.00000000e+00  8.65807667e-05  0.00000000e+00 
 8.66807667e-05  1.19965210e+00  8.66807667e-05  5.40467006e-01  8.66807667e-05  1.20284617e-06  8.66807667e-05 -1.20080947e-07  8.66807667e-05 -3.18930619e-08  8.66807667e-05  0.00000000e+00  8.66807667e-05  0.00000000e+00 
 8.67807667e-05  1.19961916e+00  8.67807667e-05  5.40487841e-01  8.67807667e-05  1.21264019e-06  8.67807667e-05  1.20088172e-07  8.67807667e-05  3.87822157e-08  8.67807667e-05  0.00000000e+00  8.67807667e-05  0.00000000e+00 
 8.68807667e-05  1.19958621e+00  8.68807667e-05  5.40467022e-01  8.68807667e-05  1.20284669e-06  8.68807667e-05 -1.20077375e-07  8.68807667e-05 -3.18918706e-08  8.68807667e-05  0.00000000e+00  8.68807667e-05  0.00000000e+00 
 8.69807667e-05  1.19955328e+00  8.69807667e-05  5.40487836e-01  8.69807667e-05  1.21263967e-06  8.69807667e-05  1.20084866e-07  8.69807667e-05  3.87808403e-08  8.69807667e-05  0.00000000e+00  8.69807667e-05  0.00000000e+00 
 8.70807667e-05  1.19952034e+00  8.70807667e-05  5.40467034e-01  8.70807667e-05  1.20284721e-06  8.70807667e-05 -1.20073561e-07  8.70807667e-05 -3.18906820e-08  8.70807667e-05  0.00000000e+00  8.70807667e-05  0.00000000e+00 
 8.71807667e-05  1.19948741e+00  8.71807667e-05  5.40487834e-01  8.71807667e-05  1.21263915e-06  8.71807667e-05  1.20081318e-07  8.71807667e-05  3.87794675e-08  8.71807667e-05  0.00000000e+00  8.71807667e-05  0.00000000e+00 
 8.72807667e-05  1.19945447e+00  8.72807667e-05  5.40467043e-01  8.72807667e-05  1.20284773e-06  8.72807667e-05 -1.20069506e-07  8.72807667e-05 -3.18894958e-08  8.72807667e-05  0.00000000e+00  8.72807667e-05  0.00000000e+00 
 8.73807667e-05  1.19942155e+00  8.73807667e-05  5.40487834e-01  8.73807667e-05  1.21263864e-06  8.73807667e-05  1.20077529e-07  8.73807667e-05  3.87780970e-08  8.73807667e-05  0.00000000e+00  8.73807667e-05  0.00000000e+00 
 8.74807667e-05  1.19938862e+00  8.74807667e-05  5.40467051e-01  8.74807667e-05  1.20284824e-06  8.74807667e-05 -1.20065212e-07  8.74807667e-05 -3.18883118e-08  8.74807667e-05  0.00000000e+00  8.74807667e-05  0.00000000e+00 
 8.75807667e-05  1.19935570e+00  8.75807667e-05  5.40487836e-01  8.75807667e-05  1.21263813e-06  8.75807667e-05  1.20073501e-07  8.75807667e-05  3.87767287e-08  8.75807667e-05  0.00000000e+00  8.75807667e-05  0.00000000e+00 
 8.76807667e-05  1.19932277e+00  8.76807667e-05  5.40467057e-01  8.76807667e-05  1.20284875e-06  8.76807667e-05 -1.20060681e-07  8.76807667e-05 -3.18871297e-08  8.76807667e-05  0.00000000e+00  8.76807667e-05  0.00000000e+00 
 8.77807667e-05  1.19928987e+00  8.77807667e-05  5.40487839e-01  8.77807667e-05  1.21263762e-06  8.77807667e-05  1.20069237e-07  8.77807667e-05  3.87753623e-08  8.77807667e-05  0.00000000e+00  8.77807667e-05  0.00000000e+00 
 8.78807667e-05  1.19925694e+00  8.78807667e-05  5.40467062e-01  8.78807667e-05  1.20284926e-06  8.78807667e-05 -1.20055916e-07  8.78807667e-05 -3.18859495e-08  8.78807667e-05  0.00000000e+00  8.78807667e-05  0.00000000e+00 
 8.79807667e-05  1.19922404e+00  8.79807667e-05  5.40487843e-01  8.79807667e-05  1.21263711e-06  8.79807667e-05  1.20064740e-07  8.79807667e-05  3.87739975e-08  8.79807667e-05  0.00000000e+00  8.79807667e-05  0.00000000e+00 
 8.80807667e-05  1.19919113e+00  8.80807667e-05  5.40467066e-01  8.80807667e-05  1.20284977e-06  8.80807667e-05 -1.20050919e-07  8.80807667e-05 -3.18847709e-08  8.80807667e-05  0.00000000e+00  8.80807667e-05  0.00000000e+00 
 8.81807667e-05  1.19915823e+00  8.81807667e-05  5.40487849e-01  8.81807667e-05  1.21263660e-06  8.81807667e-05  1.20060012e-07  8.81807667e-05  3.87726344e-08  8.81807667e-05  0.00000000e+00  8.81807667e-05  0.00000000e+00 
 8.82807667e-05  1.19912532e+00  8.82807667e-05  5.40467069e-01  8.82807667e-05  1.20285027e-06  8.82807667e-05 -1.20045693e-07  8.82807667e-05 -3.18835937e-08  8.82807667e-05  0.00000000e+00  8.82807667e-05  0.00000000e+00 
 8.83807667e-05  1.19909243e+00  8.83807667e-05  5.40487855e-01  8.83807667e-05  1.21263610e-06  8.83807667e-05  1.20055055e-07  8.83807667e-05  3.87712727e-08  8.83807667e-05  0.00000000e+00  8.83807667e-05  0.00000000e+00 
 8.84807667e-05  1.19905952e+00  8.84807667e-05  5.40467072e-01  8.84807667e-05  1.20285077e-06  8.84807667e-05 -1.20040242e-07  8.84807667e-05 -3.18824179e-08  8.84807667e-05  0.00000000e+00  8.84807667e-05  0.00000000e+00 
 8.85807667e-05  1.19902664e+00  8.85807667e-05  5.40487862e-01  8.85807667e-05  1.21263560e-06  8.85807667e-05  1.20049874e-07  8.85807667e-05  3.87699123e-08  8.85807667e-05  0.00000000e+00  8.85807667e-05  0.00000000e+00 
 8.86807667e-05  1.19899374e+00  8.86807667e-05  5.40467073e-01  8.86807667e-05  1.20285127e-06  8.86807667e-05 -1.20034568e-07  8.86807667e-05 -3.18812433e-08  8.86807667e-05  0.00000000e+00  8.86807667e-05  0.00000000e+00 
 8.87807667e-05  1.19896086e+00  8.87807667e-05  5.40487870e-01  8.87807667e-05  1.21263510e-06  8.87807667e-05  1.20044470e-07  8.87807667e-05  3.87685531e-08  8.87807667e-05  0.00000000e+00  8.87807667e-05  0.00000000e+00 
 8.88807667e-05  1.19892797e+00  8.88807667e-05  5.40467074e-01  8.88807667e-05  1.20285177e-06  8.88807667e-05 -1.20028673e-07  8.88807667e-05 -3.18800698e-08  8.88807667e-05  0.00000000e+00  8.88807667e-05  0.00000000e+00 
 8.89807667e-05  1.19889510e+00  8.89807667e-05  5.40487878e-01  8.89807667e-05  1.21263460e-06  8.89807667e-05  1.20038847e-07  8.89807667e-05  3.87671950e-08  8.89807667e-05  0.00000000e+00  8.89807667e-05  0.00000000e+00 
 8.90807667e-05  1.19886221e+00  8.90807667e-05  5.40467075e-01  8.90807667e-05  1.20285227e-06  8.90807667e-05 -1.20022562e-07  8.90807667e-05 -3.18788974e-08  8.90807667e-05  0.00000000e+00  8.90807667e-05  0.00000000e+00 
 8.91807667e-05  1.19882934e+00  8.91807667e-05  5.40487887e-01  8.91807667e-05  1.21263411e-06  8.91807667e-05  1.20033008e-07  8.91807667e-05  3.87658379e-08  8.91807667e-05  0.00000000e+00  8.91807667e-05  0.00000000e+00 
 8.92807667e-05  1.19879646e+00  8.92807667e-05  5.40467075e-01  8.92807667e-05  1.20285276e-06  8.92807667e-05 -1.20016236e-07  8.92807667e-05 -3.18777260e-08  8.92807667e-05  0.00000000e+00  8.92807667e-05  0.00000000e+00 
 8.93807667e-05  1.19876360e+00  8.93807667e-05  5.40487896e-01  8.93807667e-05  1.21263361e-06  8.93807667e-05  1.20026955e-07  8.93807667e-05  3.87644818e-08  8.93807667e-05  0.00000000e+00  8.93807667e-05  0.00000000e+00 
 8.94807667e-05  1.19873072e+00  8.94807667e-05  5.40467075e-01  8.94807667e-05  1.20285325e-06  8.94807667e-05 -1.20009699e-07  8.94807667e-05 -3.18765554e-08  8.94807667e-05  0.00000000e+00  8.94807667e-05  0.00000000e+00 
 8.95807667e-05  1.19869787e+00  8.95807667e-05  5.40487906e-01  8.95807667e-05  1.21263312e-06  8.95807667e-05  1.20020692e-07  8.95807667e-05  3.87631266e-08  8.95807667e-05  0.00000000e+00  8.95807667e-05  0.00000000e+00 
 8.96807667e-05  1.19866500e+00  8.96807667e-05  5.40467074e-01  8.96807667e-05  1.20285374e-06  8.96807667e-05 -1.20002953e-07  8.96807667e-05 -3.18753857e-08  8.96807667e-05  0.00000000e+00  8.96807667e-05  0.00000000e+00 
 8.97807667e-05  1.19863215e+00  8.97807667e-05  5.40487916e-01  8.97807667e-05  1.21263263e-06  8.97807667e-05  1.20014221e-07  8.97807667e-05  3.87617722e-08  8.97807667e-05  0.00000000e+00  8.97807667e-05  0.00000000e+00 
 8.98807667e-05  1.19859928e+00  8.98807667e-05  5.40467073e-01  8.98807667e-05  1.20285423e-06  8.98807667e-05 -1.19996003e-07  8.98807667e-05 -3.18742168e-08  8.98807667e-05  0.00000000e+00  8.98807667e-05  0.00000000e+00 
 8.99807667e-05  1.19856644e+00  8.99807667e-05  5.40487926e-01  8.99807667e-05  1.21263215e-06  8.99807667e-05  1.20007546e-07  8.99807667e-05  3.87604187e-08  8.99807667e-05  0.00000000e+00  8.99807667e-05  0.00000000e+00 
 9.00807667e-05  1.19853358e+00  9.00807667e-05  5.40467072e-01  9.00807667e-05  1.20285472e-06  9.00807667e-05 -1.19988850e-07  9.00807667e-05 -3.18730486e-08  9.00807667e-05  0.00000000e+00  9.00807667e-05  0.00000000e+00 
 9.01807667e-05  1.19850074e+00  9.01807667e-05  5.40487937e-01  9.01807667e-05  1.21263166e-06  9.01807667e-05  1.20000669e-07  9.01807667e-05  3.87590658e-08  9.01807667e-05  0.00000000e+00  9.01807667e-05  0.00000000e+00 
 9.02807667e-05  1.19846789e+00  9.02807667e-05  5.40467071e-01  9.02807667e-05  1.20285521e-06  9.02807667e-05 -1.19981497e-07  9.02807667e-05 -3.18718811e-08  9.02807667e-05  0.00000000e+00  9.02807667e-05  0.00000000e+00 
 9.03807667e-05  1.19843506e+00  9.03807667e-05  5.40487947e-01  9.03807667e-05  1.21263117e-06  9.03807667e-05  1.19993593e-07  9.03807667e-05  3.87577137e-08  9.03807667e-05  0.00000000e+00  9.03807667e-05  0.00000000e+00 
 9.04807667e-05  1.19840221e+00  9.04807667e-05  5.40467069e-01  9.04807667e-05  1.20285569e-06  9.04807667e-05 -1.19973948e-07  9.04807667e-05 -3.18707143e-08  9.04807667e-05  0.00000000e+00  9.04807667e-05  0.00000000e+00 
 9.05807667e-05  1.19836939e+00  9.05807667e-05  5.40487959e-01  9.05807667e-05  1.21263069e-06  9.05807667e-05  1.19986321e-07  9.05807667e-05  3.87563623e-08  9.05807667e-05  0.00000000e+00  9.05807667e-05  0.00000000e+00 
 9.06807667e-05  1.19833655e+00  9.06807667e-05  5.40467067e-01  9.06807667e-05  1.20285617e-06  9.06807667e-05 -1.19966206e-07  9.06807667e-05 -3.18695481e-08  9.06807667e-05  0.00000000e+00  9.06807667e-05  0.00000000e+00 
 9.07807667e-05  1.19830373e+00  9.07807667e-05  5.40487970e-01  9.07807667e-05  1.21263021e-06  9.07807667e-05  1.19978857e-07  9.07807667e-05  3.87550114e-08  9.07807667e-05  0.00000000e+00  9.07807667e-05  0.00000000e+00 
 9.08807667e-05  1.19827089e+00  9.08807667e-05  5.40467066e-01  9.08807667e-05  1.20285665e-06  9.08807667e-05 -1.19958272e-07  9.08807667e-05 -3.18683825e-08  9.08807667e-05  0.00000000e+00  9.08807667e-05  0.00000000e+00 
 9.09807667e-05  1.19823807e+00  9.09807667e-05  5.40487982e-01  9.09807667e-05  1.21262973e-06  9.09807667e-05  1.19971202e-07  9.09807667e-05  3.87536612e-08  9.09807667e-05  0.00000000e+00  9.09807667e-05  0.00000000e+00 
 9.10807667e-05  1.19820525e+00  9.10807667e-05  5.40467063e-01  9.10807667e-05  1.20285713e-06  9.10807667e-05 -1.19950150e-07  9.10807667e-05 -3.18672175e-08  9.10807667e-05  0.00000000e+00  9.10807667e-05  0.00000000e+00 
 9.11807667e-05  1.19817244e+00  9.11807667e-05  5.40487993e-01  9.11807667e-05  1.21262925e-06  9.11807667e-05  1.19963359e-07  9.11807667e-05  3.87523116e-08  9.11807667e-05  0.00000000e+00  9.11807667e-05  0.00000000e+00 
 9.12807667e-05  1.19813961e+00  9.12807667e-05  5.40467062e-01  9.12807667e-05  1.20285761e-06  9.12807667e-05 -1.19941843e-07  9.12807667e-05 -3.18660530e-08  9.12807667e-05  0.00000000e+00  9.12807667e-05  0.00000000e+00 
 9.13807667e-05  1.19810681e+00  9.13807667e-05  5.40488005e-01  9.13807667e-05  1.21262878e-06  9.13807667e-05  1.19955332e-07  9.13807667e-05  3.87509626e-08  9.13807667e-05  0.00000000e+00  9.13807667e-05  0.00000000e+00 
 9.14807667e-05  1.19807399e+00  9.14807667e-05  5.40467059e-01  9.14807667e-05  1.20285808e-06  9.14807667e-05 -1.19933353e-07  9.14807667e-05 -3.18648890e-08  9.14807667e-05  0.00000000e+00  9.14807667e-05  0.00000000e+00 
 9.15807667e-05  1.19804119e+00  9.15807667e-05  5.40488017e-01  9.15807667e-05  1.21262830e-06  9.15807667e-05  1.19947123e-07  9.15807667e-05  3.87496141e-08  9.15807667e-05  0.00000000e+00  9.15807667e-05  0.00000000e+00 
 9.16807667e-05  1.19800838e+00  9.16807667e-05  5.40467057e-01  9.16807667e-05  1.20285856e-06  9.16807667e-05 -1.19924684e-07  9.16807667e-05 -3.18637256e-08  9.16807667e-05  0.00000000e+00  9.16807667e-05  0.00000000e+00 
 9.17807667e-05  1.19797559e+00  9.17807667e-05  5.40488029e-01  9.17807667e-05  1.21262783e-06  9.17807667e-05  1.19938735e-07  9.17807667e-05  3.87482661e-08  9.17807667e-05  0.00000000e+00  9.17807667e-05  0.00000000e+00 
 9.18807667e-05  1.19794278e+00  9.18807667e-05  5.40467055e-01  9.18807667e-05  1.20285903e-06  9.18807667e-05 -1.19915837e-07  9.18807667e-05 -3.18625626e-08  9.18807667e-05  0.00000000e+00  9.18807667e-05  0.00000000e+00 
 9.19807667e-05  1.19791000e+00  9.19807667e-05  5.40488042e-01  9.19807667e-05  1.21262736e-06  9.19807667e-05  1.19930170e-07  9.19807667e-05  3.87469186e-08  9.19807667e-05  0.00000000e+00  9.19807667e-05  0.00000000e+00 
 9.20807667e-05  1.19787719e+00  9.20807667e-05  5.40467052e-01  9.20807667e-05  1.20285950e-06  9.20807667e-05 -1.19906815e-07  9.20807667e-05 -3.18614001e-08  9.20807667e-05  0.00000000e+00  9.20807667e-05  0.00000000e+00 
 9.21807667e-05  1.19784441e+00  9.21807667e-05  5.40488054e-01  9.21807667e-05  1.21262689e-06  9.21807667e-05  1.19921431e-07  9.21807667e-05  3.87455716e-08  9.21807667e-05  0.00000000e+00  9.21807667e-05  0.00000000e+00 
 9.22807667e-05  1.19781162e+00  9.22807667e-05  5.40467050e-01  9.22807667e-05  1.20285997e-06  9.22807667e-05 -1.19897622e-07  9.22807667e-05 -3.18602381e-08  9.22807667e-05  0.00000000e+00  9.22807667e-05  0.00000000e+00 
 9.23807667e-05  1.19777884e+00  9.23807667e-05  5.40488067e-01  9.23807667e-05  1.21262642e-06  9.23807667e-05  1.19912521e-07  9.23807667e-05  3.87442252e-08  9.23807667e-05  0.00000000e+00  9.23807667e-05  0.00000000e+00 
 9.24807667e-05  1.19774605e+00  9.24807667e-05  5.40467047e-01  9.24807667e-05  1.20286044e-06  9.24807667e-05 -1.19888259e-07  9.24807667e-05 -3.18590766e-08  9.24807667e-05  0.00000000e+00  9.24807667e-05  0.00000000e+00 
 9.25807667e-05  1.19771328e+00  9.25807667e-05  5.40488079e-01  9.25807667e-05  1.21262595e-06  9.25807667e-05  1.19903441e-07  9.25807667e-05  3.87428791e-08  9.25807667e-05  0.00000000e+00  9.25807667e-05  0.00000000e+00 
 9.26807667e-05  1.19768050e+00  9.26807667e-05  5.40467045e-01  9.26807667e-05  1.20286090e-06  9.26807667e-05 -1.19878730e-07  9.26807667e-05 -3.18579154e-08  9.26807667e-05  0.00000000e+00  9.26807667e-05  0.00000000e+00 
 9.27807667e-05  1.19764774e+00  9.27807667e-05  5.40488092e-01  9.27807667e-05  1.21262548e-06  9.27807667e-05  1.19894196e-07  9.27807667e-05  3.87415336e-08  9.27807667e-05  0.00000000e+00  9.27807667e-05  0.00000000e+00 
 9.28807667e-05  1.19761496e+00  9.28807667e-05  5.40467042e-01  9.28807667e-05  1.20286137e-06  9.28807667e-05 -1.19869036e-07  9.28807667e-05 -3.18567548e-08  9.28807667e-05  0.00000000e+00  9.28807667e-05  0.00000000e+00 
 9.29807667e-05  1.19758220e+00  9.29807667e-05  5.40488105e-01  9.29807667e-05  1.21262502e-06  9.29807667e-05  1.19884786e-07  9.29807667e-05  3.87401885e-08  9.29807667e-05  0.00000000e+00  9.29807667e-05  0.00000000e+00 
 9.30807667e-05  1.19754943e+00  9.30807667e-05  5.40467040e-01  9.30807667e-05  1.20286183e-06  9.30807667e-05 -1.19859180e-07  9.30807667e-05 -3.18555945e-08  9.30807667e-05  0.00000000e+00  9.30807667e-05  0.00000000e+00 
 9.31807667e-05  1.19751667e+00  9.31807667e-05  5.40488117e-01  9.31807667e-05  1.21262456e-06  9.31807667e-05  1.19875216e-07  9.31807667e-05  3.87388438e-08  9.31807667e-05  0.00000000e+00  9.31807667e-05  0.00000000e+00 
 9.32807667e-05  1.19748391e+00  9.32807667e-05  5.40467037e-01  9.32807667e-05  1.20286230e-06  9.32807667e-05 -1.19849164e-07  9.32807667e-05 -3.18544346e-08  9.32807667e-05  0.00000000e+00  9.32807667e-05  0.00000000e+00 
 9.33807667e-05  1.19745116e+00  9.33807667e-05  5.40488130e-01  9.33807667e-05  1.21262409e-06  9.33807667e-05  1.19865486e-07  9.33807667e-05  3.87374996e-08  9.33807667e-05  0.00000000e+00  9.33807667e-05  0.00000000e+00 
 9.34807667e-05  1.19741840e+00  9.34807667e-05  5.40467035e-01  9.34807667e-05  1.20286276e-06  9.34807667e-05 -1.19838992e-07  9.34807667e-05 -3.18532752e-08  9.34807667e-05  0.00000000e+00  9.34807667e-05  0.00000000e+00 
 9.35807667e-05  1.19738566e+00  9.35807667e-05  5.40488143e-01  9.35807667e-05  1.21262363e-06  9.35807667e-05  1.19855599e-07  9.35807667e-05  3.87361558e-08  9.35807667e-05  0.00000000e+00  9.35807667e-05  0.00000000e+00 
 9.36807667e-05  1.19735290e+00  9.36807667e-05  5.40467032e-01  9.36807667e-05  1.20286322e-06  9.36807667e-05 -1.19828665e-07  9.36807667e-05 -3.18521161e-08  9.36807667e-05  0.00000000e+00  9.36807667e-05  0.00000000e+00 
 9.37807667e-05  1.19732017e+00  9.37807667e-05  5.40488156e-01  9.37807667e-05  1.21262317e-06  9.37807667e-05  1.19845559e-07  9.37807667e-05  3.87348125e-08  9.37807667e-05  0.00000000e+00  9.37807667e-05  0.00000000e+00 
 9.38807667e-05  1.19728742e+00  9.38807667e-05  5.40467030e-01  9.38807667e-05  1.20286368e-06  9.38807667e-05 -1.19818185e-07  9.38807667e-05 -3.18509575e-08  9.38807667e-05  0.00000000e+00  9.38807667e-05  0.00000000e+00 
 9.39807667e-05  1.19725469e+00  9.39807667e-05  5.40488169e-01  9.39807667e-05  1.21262272e-06  9.39807667e-05  1.19835366e-07  9.39807667e-05  3.87334695e-08  9.39807667e-05  0.00000000e+00  9.39807667e-05  0.00000000e+00 
 9.40807667e-05  1.19722194e+00  9.40807667e-05  5.40467028e-01  9.40807667e-05  1.20286413e-06  9.40807667e-05 -1.19807556e-07  9.40807667e-05 -3.18497992e-08  9.40807667e-05  0.00000000e+00  9.40807667e-05  0.00000000e+00 
 9.41807667e-05  1.19718922e+00  9.41807667e-05  5.40488182e-01  9.41807667e-05  1.21262226e-06  9.41807667e-05  1.19825024e-07  9.41807667e-05  3.87321270e-08  9.41807667e-05  0.00000000e+00  9.41807667e-05  0.00000000e+00 
 9.42807667e-05  1.19715648e+00  9.42807667e-05  5.40467025e-01  9.42807667e-05  1.20286459e-06  9.42807667e-05 -1.19796778e-07  9.42807667e-05 -3.18486413e-08  9.42807667e-05  0.00000000e+00  9.42807667e-05  0.00000000e+00 
 9.43807667e-05  1.19712376e+00  9.43807667e-05  5.40488195e-01  9.43807667e-05  1.21262181e-06  9.43807667e-05  1.19814534e-07  9.43807667e-05  3.87307848e-08  9.43807667e-05  0.00000000e+00  9.43807667e-05  0.00000000e+00 
 9.44807667e-05  1.19709102e+00  9.44807667e-05  5.40467023e-01  9.44807667e-05  1.20286504e-06  9.44807667e-05 -1.19785855e-07  9.44807667e-05 -3.18474838e-08  9.44807667e-05  0.00000000e+00  9.44807667e-05  0.00000000e+00 
 9.45807667e-05  1.19705831e+00  9.45807667e-05  5.40488208e-01  9.45807667e-05  1.21262135e-06  9.45807667e-05  1.19803899e-07  9.45807667e-05  3.87294431e-08  9.45807667e-05  0.00000000e+00  9.45807667e-05  0.00000000e+00 
 9.46807667e-05  1.19702558e+00  9.46807667e-05  5.40467020e-01  9.46807667e-05  1.20286549e-06  9.46807667e-05 -1.19774788e-07  9.46807667e-05 -3.18463266e-08  9.46807667e-05  0.00000000e+00  9.46807667e-05  0.00000000e+00 
 9.47807667e-05  1.19699288e+00  9.47807667e-05  5.40488221e-01  9.47807667e-05  1.21262090e-06  9.47807667e-05  1.19793121e-07  9.47807667e-05  3.87281018e-08  9.47807667e-05  0.00000000e+00  9.47807667e-05  0.00000000e+00 
 9.48807667e-05  1.19696015e+00  9.48807667e-05  5.40467018e-01  9.48807667e-05  1.20286595e-06  9.48807667e-05 -1.19763580e-07  9.48807667e-05 -3.18451699e-08  9.48807667e-05  0.00000000e+00  9.48807667e-05  0.00000000e+00 
 9.49403833e-05  1.19694066e+00  9.49403833e-05  5.40488224e-01  9.49403833e-05  1.21262030e-06  9.49403833e-05  1.19778196e-07  9.49403833e-05  3.87263567e-08  9.49403833e-05  0.00000000e+00  9.49403833e-05  0.00000000e+00 
 9.50000000e-05  1.19692115e+00  9.50000000e-05  5.40466987e-01  9.50000000e-05  1.20286670e-06  9.50000000e-05 -1.19744918e-07  9.50000000e-05 -3.18431307e-08  9.50000000e-05  0.00000000e+00  9.50000000e-05  0.00000000e+00 
 9.50000010e-05  1.19692734e+00  9.50000010e-05  5.41903524e-01  9.50000010e-05  9.20614383e-07  9.50000010e-05 -2.29967337e-06  9.50000010e-05  5.52021077e-05  9.50000010e-05  0.00000000e+00  9.50000010e-05  1.20000000e-01 
 9.50000030e-05  1.19694427e+00  9.50000030e-05  5.46358075e-01  9.50000030e-05  5.70570016e-07  9.50000030e-05 -4.95754324e-06  9.50000030e-05  1.20525329e-04  9.50000030e-05  0.00000000e+00  9.50000030e-05  3.60000000e-01 
 9.50000065e-05  1.19699185e+00  9.50000065e-05  5.59175426e-01  9.50000065e-05  1.66511660e-07  9.50000065e-05 -7.47385715e-06  9.50000065e-05  1.93561451e-04  9.50000065e-05  0.00000000e+00  9.50000065e-05  7.80000000e-01 
 9.50000100e-05  1.19703565e+00  9.50000100e-05  5.68762401e-01  9.50000100e-05  6.98405497e-07  9.50000100e-05 -2.98666812e-06  9.50000100e-05  1.04869172e-04  9.50000100e-05  0.00000000e+00  9.50000100e-05  1.20000000e+00 
 9.50000107e-05  1.19703392e+00  9.50000107e-05  5.69060953e-01  9.50000107e-05  9.68345025e-07  9.50000107e-05 -1.83251541e-06  9.50000107e-05  3.98064576e-05  9.50000107e-05  0.00000000e+00  9.50000107e-05  1.20000000e+00 
 9.50000121e-05  1.19702915e+00  9.50000121e-05  5.69493999e-01  9.50000121e-05  1.03737149e-06  9.50000121e-05 -1.48207572e-06  9.50000121e-05  2.46029428e-05  9.50000121e-05  0.00000000e+00  9.50000121e-05  1.20000000e+00 
 9.50000149e-05  1.19701922e+00  9.50000149e-05  5.70464034e-01  9.50000149e-05  9.68944156e-07  9.50000149e-05 -2.00471996e-06  9.50000149e-05  3.56774821e-05  9.50000149e-05  0.00000000e+00  9.50000149e-05  1.20000000e+00 
 9.50000205e-05  1.19699983e+00  9.50000205e-05  5.72650745e-01  9.50000205e-05  1.04496849e-06  9.50000205e-05 -1.73227814e-06  9.50000205e-05  2.18894099e-05  9.50000205e-05  0.00000000e+00  9.50000205e-05  1.20000000e+00 
 9.50000317e-05  1.19696211e+00  9.50000317e-05  5.76629174e-01  9.50000317e-05  1.02797306e-06  9.50000317e-05 -2.08043031e-06  9.50000317e-05  2.89221909e-05  9.50000317e-05  0.00000000e+00  9.50000317e-05  1.20000000e+00 
 9.50000541e-05  1.19689534e+00  9.50000541e-05  5.82377604e-01  9.50000541e-05  1.13823878e-06  9.50000541e-05 -1.62981915e-06  9.50000541e-05  1.20241155e-05  9.50000541e-05  0.00000000e+00  9.50000541e-05  1.20000000e+00 
 9.50000989e-05  1.19679524e+00  9.50000989e-05  5.88107489e-01  9.50000989e-05  1.13333666e-06  9.50000989e-05 -1.70572884e-06  9.50000989e-05  1.56562894e-05  9.50000989e-05  0.00000000e+00  9.50000989e-05  1.20000000e+00 
 9.50001885e-05  1.19668050e+00  9.50001885e-05  5.90651785e-01  9.50001885e-05  1.22885880e-06  9.50001885e-05 -8.46370794e-07  9.50001885e-05 -6.52771690e-07  9.50001885e-05  0.00000000e+00  9.50001885e-05  1.20000000e+00 
 9.50003677e-05  1.19658259e+00  9.50003677e-05  5.88510536e-01  9.50003677e-05  1.18726501e-06  9.50003677e-05 -5.01815226e-07  9.50003677e-05  7.10357365e-06  9.50003677e-05  0.00000000e+00  9.50003677e-05  1.20000000e+00 
 9.50006377e-05  1.19652838e+00  9.50006377e-05  5.84735555e-01  9.50006377e-05  1.24310167e-06  9.50006377e-05  2.10573303e-07  9.50006377e-05 -4.41699761e-06  9.50006377e-05  0.00000000e+00  9.50006377e-05  1.20000000e+00 
 9.50011034e-05  1.19648658e+00  9.50011034e-05  5.79707148e-01  9.50011034e-05  1.18510372e-06  9.50011034e-05 -5.39716127e-08  9.50011034e-05  5.87015946e-06  9.50011034e-05  0.00000000e+00  9.50011034e-05  1.20000000e+00 
 9.50019381e-05  1.19644560e+00  9.50019381e-05  5.72751822e-01  9.50019381e-05  1.23980658e-06  9.50019381e-05  2.50172779e-07  9.50019381e-05 -4.90961030e-06  9.50019381e-05  0.00000000e+00  9.50019381e-05  1.20000000e+00 
 9.50036074e-05  1.19638679e+00  9.50036074e-05  5.63226273e-01  9.50036074e-05  1.18145114e-06  9.50036074e-05 -1.21094203e-07  9.50036074e-05  5.64942588e-06  9.50036074e-05  0.00000000e+00  9.50036074e-05  1.20000000e+00 
 9.50069461e-05  1.19628706e+00  9.50069461e-05  5.53100531e-01  9.50069461e-05  1.23665573e-06  9.50069461e-05  1.89730398e-07  9.50069461e-05 -5.01134060e-06  9.50069461e-05  0.00000000e+00  9.50069461e-05  1.20000000e+00 
 9.50136234e-05  1.19609348e+00  9.50136234e-05  5.44646569e-01  9.50136234e-05  1.17948009e-06  9.50136234e-05 -1.61775418e-07  9.50136234e-05  5.63401489e-06  9.50136234e-05  0.00000000e+00  9.50136234e-05  1.20000000e+00 
 9.50269780e-05  1.19569781e+00  9.50269780e-05  5.40651291e-01  9.50269780e-05  1.23590840e-06  9.50269780e-05  1.68568941e-07  9.50269780e-05 -4.99298599e-06  9.50269780e-05  0.00000000e+00  9.50269780e-05  1.20000000e+00 
 9.50536873e-05  1.19490692e+00  9.50536873e-05  5.40557553e-01  9.50536873e-05  1.17951182e-06  9.50536873e-05 -1.68516706e-07  9.50536873e-05  5.63929960e-06  9.50536873e-05  0.00000000e+00  9.50536873e-05  1.20000000e+00 
 9.51032047e-05  1.19345054e+00  9.51032047e-05  5.40556461e-01  9.51032047e-05  1.23598500e-06  9.51032047e-05  1.68584649e-07  9.51032047e-05 -4.99298467e-06  9.51032047e-05  0.00000000e+00  9.51032047e-05  1.20000000e+00 
 9.52022396e-05  1.19054224e+00  9.52022396e-05  5.40593282e-01  9.52022396e-05  1.17949809e-06  9.52022396e-05 -1.68556196e-07  9.52022396e-05  5.63933851e-06  9.52022396e-05  0.00000000e+00  9.52022396e-05  1.20000000e+00 
 9.53022396e-05  1.18760574e+00  9.53022396e-05  5.40614722e-01  9.53022396e-05  1.23599025e-06  9.53022396e-05  1.68628641e-07  9.53022396e-05 -4.99296968e-06  9.53022396e-05  0.00000000e+00  9.53022396e-05  1.20000000e+00 
 9.54022396e-05  1.18466917e+00  9.54022396e-05  5.40629329e-01  9.54022396e-05  1.17949415e-06  9.54022396e-05 -1.68569754e-07  9.54022396e-05  5.63935932e-06  9.54022396e-05  0.00000000e+00  9.54022396e-05  1.20000000e+00 
 9.55022396e-05  1.18173285e+00  9.55022396e-05  5.40657352e-01  9.55022396e-05  1.23599292e-06  9.55022396e-05  1.68664692e-07  9.55022396e-05 -4.99295308e-06  9.55022396e-05  0.00000000e+00  9.55022396e-05  1.20000000e+00 
 9.56022396e-05  1.17879644e+00  9.56022396e-05  5.40649467e-01  9.56022396e-05  1.17949212e-06  9.56022396e-05 -1.68579428e-07  9.56022396e-05  5.63936760e-06  9.56022396e-05  0.00000000e+00  9.56022396e-05  1.20000000e+00 
 9.57022396e-05  1.17586032e+00  9.57022396e-05  5.40666872e-01  9.57022396e-05  1.23599424e-06  9.57022396e-05  1.68697141e-07  9.57022396e-05 -4.99294561e-06  9.57022396e-05  0.00000000e+00  9.57022396e-05  1.20000000e+00 
 9.58022396e-05  1.17292419e+00  9.58022396e-05  5.40627989e-01  9.58022396e-05  1.17949120e-06  9.58022396e-05 -1.68587185e-07  9.58022396e-05  5.63935189e-06  9.58022396e-05  0.00000000e+00  9.58022396e-05  1.20000000e+00 
 9.59022396e-05  1.16998844e+00  9.59022396e-05  5.40628696e-01  9.59022396e-05  1.23599488e-06  9.59022396e-05  1.68726512e-07  9.59022396e-05 -4.99295866e-06  9.59022396e-05  0.00000000e+00  9.59022396e-05  1.20000000e+00 
 9.60022396e-05  1.16705281e+00  9.60022396e-05  5.40564326e-01  9.60022396e-05  1.17949108e-06  9.60022396e-05 -1.68595553e-07  9.60022396e-05  5.63930155e-06  9.60022396e-05  0.00000000e+00  9.60022396e-05  1.20000000e+00 
 9.61022396e-05  1.16411766e+00  9.61022396e-05  5.40569167e-01  9.61022396e-05  1.23599527e-06  9.61022396e-05  1.68751260e-07  9.61022396e-05 -4.99299743e-06  9.61022396e-05  0.00000000e+00  9.61022396e-05  1.20000000e+00 
 9.62022396e-05  1.16118265e+00  9.62022396e-05  5.40520696e-01  9.62022396e-05  1.17949135e-06  9.62022396e-05 -1.68610448e-07  9.62022396e-05  5.63924335e-06  9.62022396e-05  0.00000000e+00  9.62022396e-05  1.20000000e+00 
 9.63022396e-05  1.15824793e+00  9.63022396e-05  5.40563753e-01  9.63022396e-05  1.23599506e-06  9.63022396e-05  1.68775437e-07  9.63022396e-05 -4.99299878e-06  9.63022396e-05  0.00000000e+00  9.63022396e-05  1.20000000e+00 
 9.64022396e-05  1.15531321e+00  9.64022396e-05  5.40514470e-01  9.64022396e-05  1.17949174e-06  9.64022396e-05 -1.68627532e-07  9.64022396e-05  5.63921670e-06  9.64022396e-05  0.00000000e+00  9.64022396e-05  1.20000000e+00 
 9.65022396e-05  1.15237873e+00  9.65022396e-05  5.40545668e-01  9.65022396e-05  1.23599462e-06  9.65022396e-05  1.68814448e-07  9.65022396e-05 -4.99299572e-06  9.65022396e-05  0.00000000e+00  9.65022396e-05  1.20000000e+00 
 9.66022396e-05  1.14944432e+00  9.66022396e-05  5.40462193e-01  9.66022396e-05  1.17949234e-06  9.66022396e-05 -1.68671597e-07  9.66022396e-05  5.63917273e-06  9.66022396e-05  0.00000000e+00  9.66022396e-05  1.20000000e+00 
 9.67022396e-05  1.14651017e+00  9.67022396e-05  5.40501607e-01  9.67022396e-05  1.23599400e-06  9.67022396e-05  1.68873636e-07  9.67022396e-05 -4.99299839e-06  9.67022396e-05  0.00000000e+00  9.67022396e-05  1.20000000e+00 
 9.68022396e-05  1.14357605e+00  9.68022396e-05  5.40429960e-01  9.68022396e-05  1.17949307e-06  9.68022396e-05 -1.68750444e-07  9.68022396e-05  5.63913622e-06  9.68022396e-05  0.00000000e+00  9.68022396e-05  1.20000000e+00 
 9.69022396e-05  1.14064209e+00  9.69022396e-05  5.40506202e-01  9.69022396e-05  1.23599320e-06  9.69022396e-05  1.68966842e-07  9.69022396e-05 -4.99298195e-06  9.69022396e-05  0.00000000e+00  9.69022396e-05  1.20000000e+00 
 9.70022396e-05  1.13770815e+00  9.70022396e-05  5.40418266e-01  9.70022396e-05  1.17949398e-06  9.70022396e-05 -1.68827014e-07  9.70022396e-05  5.63910337e-06  9.70022396e-05  0.00000000e+00  9.70022396e-05  1.20000000e+00 
 9.71022396e-05  1.13477435e+00  9.71022396e-05  5.40508111e-01  9.71022396e-05  1.23599220e-06  9.71022396e-05  1.69050443e-07  9.71022396e-05 -4.99296307e-06  9.71022396e-05  0.00000000e+00  9.71022396e-05  1.20000000e+00 
 9.72022396e-05  1.13184055e+00  9.72022396e-05  5.40413089e-01  9.72022396e-05  1.17949506e-06  9.72022396e-05 -1.68909782e-07  9.72022396e-05  5.63907217e-06  9.72022396e-05  0.00000000e+00  9.72022396e-05  1.20000000e+00 
 9.73022396e-05  1.12890688e+00  9.73022396e-05  5.40510437e-01  9.73022396e-05  1.23599105e-06  9.73022396e-05  1.69141703e-07  9.73022396e-05 -4.99294415e-06  9.73022396e-05  0.00000000e+00  9.73022396e-05  1.20000000e+00 
 9.74022396e-05  1.12597320e+00  9.74022396e-05  5.40408278e-01  9.74022396e-05  1.17949629e-06  9.74022396e-05 -1.68998070e-07  9.74022396e-05  5.63904143e-06  9.74022396e-05  0.00000000e+00  9.74022396e-05  1.20000000e+00 
 9.75022396e-05  1.12303966e+00  9.75022396e-05  5.40512950e-01  9.75022396e-05  1.23598976e-06  9.75022396e-05  1.69235008e-07  9.75022396e-05 -4.99292554e-06  9.75022396e-05  0.00000000e+00  9.75022396e-05  1.20000000e+00 
 9.76022396e-05  1.12010610e+00  9.76022396e-05  5.40404363e-01  9.76022396e-05  1.17949763e-06  9.76022396e-05 -1.69087220e-07  9.76022396e-05  5.63901140e-06  9.76022396e-05  0.00000000e+00  9.76022396e-05  1.20000000e+00 
 9.77022396e-05  1.11717267e+00  9.77022396e-05  5.40515088e-01  9.77022396e-05  1.23598838e-06  9.77022396e-05  1.69326722e-07  9.77022396e-05 -4.99290763e-06  9.77022396e-05  0.00000000e+00  9.77022396e-05  1.20000000e+00 
 9.78022396e-05  1.11423921e+00  9.78022396e-05  5.40401402e-01  9.78022396e-05  1.17949906e-06  9.78022396e-05 -1.69173958e-07  9.78022396e-05  5.63898237e-06  9.78022396e-05  0.00000000e+00  9.78022396e-05  1.20000000e+00 
 9.79022396e-05  1.11130589e+00  9.79022396e-05  5.40516643e-01  9.79022396e-05  1.23598690e-06  9.79022396e-05  1.69414181e-07  9.79022396e-05 -4.99289080e-06  9.79022396e-05  0.00000000e+00  9.79022396e-05  1.20000000e+00 
 9.80022396e-05  1.10837253e+00  9.80022396e-05  5.40399375e-01  9.80022396e-05  1.17950057e-06  9.80022396e-05 -1.69255955e-07  9.80022396e-05  5.63895460e-06  9.80022396e-05  0.00000000e+00  9.80022396e-05  1.20000000e+00 
 9.81022396e-05  1.10543932e+00  9.81022396e-05  5.40517541e-01  9.81022396e-05  1.23598536e-06  9.81022396e-05  1.69495554e-07  9.81022396e-05 -4.99287532e-06  9.81022396e-05  0.00000000e+00  9.81022396e-05  1.20000000e+00 
 9.82022396e-05  1.10250605e+00  9.82022396e-05  5.40398216e-01  9.82022396e-05  1.17950214e-06  9.82022396e-05 -1.69331653e-07  9.82022396e-05  5.63892831e-06  9.82022396e-05  0.00000000e+00  9.82022396e-05  1.20000000e+00 
 9.83022396e-05  1.09957293e+00  9.83022396e-05  5.40517790e-01  9.83022396e-05  1.23598377e-06  9.83022396e-05  1.69569696e-07  9.83022396e-05 -4.99286140e-06  9.83022396e-05  0.00000000e+00  9.83022396e-05  1.20000000e+00 
 9.84022396e-05  1.09663974e+00  9.84022396e-05  5.40397837e-01  9.84022396e-05  1.17950375e-06  9.84022396e-05 -1.69400128e-07  9.84022396e-05  5.63890360e-06  9.84022396e-05  0.00000000e+00  9.84022396e-05  1.20000000e+00 
 9.85022396e-05  1.09370672e+00  9.85022396e-05  5.40517440e-01  9.85022396e-05  1.23598215e-06  9.85022396e-05  1.69636019e-07  9.85022396e-05 -4.99284912e-06  9.85022396e-05  0.00000000e+00  9.85022396e-05  1.20000000e+00 
 9.86022396e-05  1.09077361e+00  9.86022396e-05  5.40398132e-01  9.86022396e-05  1.17950538e-06  9.86022396e-05 -1.69460963e-07  9.86022396e-05  5.63888054e-06  9.86022396e-05  0.00000000e+00  9.86022396e-05  1.20000000e+00 
 9.87022396e-05  1.08784068e+00  9.87022396e-05  5.40516565e-01  9.87022396e-05  1.23598052e-06  9.87022396e-05  1.69694372e-07  9.87022396e-05 -4.99283852e-06  9.87022396e-05  0.00000000e+00  9.87022396e-05  1.20000000e+00 
 9.88022396e-05  1.08490766e+00  9.88022396e-05  5.40398997e-01  9.88022396e-05  1.17950701e-06  9.88022396e-05 -1.69514127e-07  9.88022396e-05  5.63885909e-06  9.88022396e-05  0.00000000e+00  9.88022396e-05  1.20000000e+00 
 9.89022396e-05  1.08197481e+00  9.89022396e-05  5.40515248e-01  9.89022396e-05  1.23597889e-06  9.89022396e-05  1.69744922e-07  9.89022396e-05 -4.99282954e-06  9.89022396e-05  0.00000000e+00  9.89022396e-05  1.20000000e+00 
 9.90022396e-05  1.07904186e+00  9.90022396e-05  5.40400328e-01  9.90022396e-05  1.17950862e-06  9.90022396e-05 -1.69559870e-07  9.90022396e-05  5.63883916e-06  9.90022396e-05  0.00000000e+00  9.90022396e-05  1.20000000e+00 
 9.91022396e-05  1.07610910e+00  9.91022396e-05  5.40513573e-01  9.91022396e-05  1.23597729e-06  9.91022396e-05  1.69788068e-07  9.91022396e-05 -4.99282208e-06  9.91022396e-05  0.00000000e+00  9.91022396e-05  1.20000000e+00 
 9.92022396e-05  1.07317623e+00  9.92022396e-05  5.40402029e-01  9.92022396e-05  1.17951021e-06  9.92022396e-05 -1.69598636e-07  9.92022396e-05  5.63882064e-06  9.92022396e-05  0.00000000e+00  9.92022396e-05  1.20000000e+00 
 9.93022396e-05  1.07024354e+00  9.93022396e-05  5.40511622e-01  9.93022396e-05  1.23597572e-06  9.93022396e-05  1.69824354e-07  9.93022396e-05 -4.99281602e-06  9.93022396e-05  0.00000000e+00  9.93022396e-05  1.20000000e+00 
 9.94022396e-05  1.06731075e+00  9.94022396e-05  5.40404012e-01  9.94022396e-05  1.17951176e-06  9.94022396e-05 -1.69630989e-07  9.94022396e-05  5.63880335e-06  9.94022396e-05  0.00000000e+00  9.94022396e-05  1.20000000e+00 
 9.95022396e-05  1.06437815e+00  9.95022396e-05  5.40509469e-01  9.95022396e-05  1.23597419e-06  9.95022396e-05  1.69854409e-07  9.95022396e-05 -4.99281117e-06  9.95022396e-05  0.00000000e+00  9.95022396e-05  1.20000000e+00 
 9.96022396e-05  1.06144542e+00  9.96022396e-05  5.40406199e-01  9.96022396e-05  1.17951327e-06  9.96022396e-05 -1.69657555e-07  9.96022396e-05  5.63878712e-06  9.96022396e-05  0.00000000e+00  9.96022396e-05  1.20000000e+00 
 9.97022396e-05  1.05851290e+00  9.97022396e-05  5.40507180e-01  9.97022396e-05  1.23597271e-06  9.97022396e-05  1.69878897e-07  9.97022396e-05 -4.99280737e-06  9.97022396e-05  0.00000000e+00  9.97022396e-05  1.20000000e+00 
 9.98022396e-05  1.05558025e+00  9.98022396e-05  5.40408522e-01  9.98022396e-05  1.17951471e-06  9.98022396e-05 -1.69678982e-07  9.98022396e-05  5.63877176e-06  9.98022396e-05  0.00000000e+00  9.98022396e-05  1.20000000e+00 
 9.99022396e-05  1.05264781e+00  9.99022396e-05  5.40504815e-01  9.99022396e-05  1.23597130e-06  9.99022396e-05  1.69898484e-07  9.99022396e-05 -4.99280443e-06  9.99022396e-05  0.00000000e+00  9.99022396e-05  1.20000000e+00 
 1.00002240e-04  1.04971524e+00  1.00002240e-04  5.40410923e-01  1.00002240e-04  1.17951610e-06  1.00002240e-04 -1.69695909e-07  1.00002240e-04  5.63875707e-06  1.00002240e-04  0.00000000e+00  1.00002240e-04  1.20000000e+00 
 1.00102240e-04  1.04678287e+00  1.00102240e-04  5.40502422e-01  1.00102240e-04  1.23596994e-06  1.00102240e-04  1.69913809e-07  1.00102240e-04 -4.99280217e-06  1.00102240e-04  0.00000000e+00  1.00102240e-04  1.20000000e+00 
 1.00202240e-04  1.04385037e+00  1.00202240e-04  5.40413352e-01  1.00202240e-04  1.17951742e-06  1.00202240e-04 -1.69708942e-07  1.00202240e-04  5.63874287e-06  1.00202240e-04  0.00000000e+00  1.00202240e-04  1.20000000e+00 
 1.00302240e-04  1.04091808e+00  1.00302240e-04  5.40500046e-01  1.00302240e-04  1.23596865e-06  1.00302240e-04  1.69925468e-07  1.00302240e-04 -4.99280041e-06  1.00302240e-04  0.00000000e+00  1.00302240e-04  1.20000000e+00 
 1.00402240e-04  1.03798565e+00  1.00402240e-04  5.40415768e-01  1.00402240e-04  1.17951868e-06  1.00402240e-04 -1.69718642e-07  1.00402240e-04  5.63872897e-06  1.00402240e-04  0.00000000e+00  1.00402240e-04  1.20000000e+00 
 1.00502240e-04  1.03505344e+00  1.00502240e-04  5.40497720e-01  1.00502240e-04  1.23596743e-06  1.00502240e-04  1.69934009e-07  1.00502240e-04 -4.99279900e-06  1.00502240e-04  0.00000000e+00  1.00502240e-04  1.20000000e+00 
 1.00602240e-04  1.03212108e+00  1.00602240e-04  5.40418137e-01  1.00602240e-04  1.17951987e-06  1.00602240e-04 -1.69725519e-07  1.00602240e-04  5.63871519e-06  1.00602240e-04  0.00000000e+00  1.00602240e-04  1.20000000e+00 
 1.00702240e-04  1.02918895e+00  1.00702240e-04  5.40495473e-01  1.00702240e-04  1.23596627e-06  1.00702240e-04  1.69939920e-07  1.00702240e-04 -4.99279779e-06  1.00702240e-04  0.00000000e+00  1.00702240e-04  1.20000000e+00 
 1.00802240e-04  1.02625667e+00  1.00802240e-04  5.40420432e-01  1.00802240e-04  1.17952099e-06  1.00802240e-04 -1.69730025e-07  1.00802240e-04  5.63870138e-06  1.00802240e-04  0.00000000e+00  1.00802240e-04  1.20000000e+00 
 1.00902240e-04  1.02332461e+00  1.00902240e-04  5.40493327e-01  1.00902240e-04  1.23596519e-06  1.00902240e-04  1.69943633e-07  1.00902240e-04 -4.99279666e-06  1.00902240e-04  0.00000000e+00  1.00902240e-04  1.20000000e+00 
 1.01002240e-04  1.02039241e+00  1.01002240e-04  5.40422632e-01  1.01002240e-04  1.17952205e-06  1.01002240e-04 -1.69732558e-07  1.01002240e-04  5.63868740e-06  1.01002240e-04  0.00000000e+00  1.01002240e-04  1.20000000e+00 
 1.01102240e-04  1.01746043e+00  1.01102240e-04  5.40491299e-01  1.01102240e-04  1.23596416e-06  1.01102240e-04  1.69945524e-07  1.01102240e-04 -4.99279549e-06  1.01102240e-04  0.00000000e+00  1.01102240e-04  1.20000000e+00 
 1.01202240e-04  1.01452831e+00  1.01202240e-04  5.40424723e-01  1.01202240e-04  1.17952304e-06  1.01202240e-04 -1.69733463e-07  1.01202240e-04  5.63867310e-06  1.01202240e-04  0.00000000e+00  1.01202240e-04  1.20000000e+00 
 1.01302240e-04  1.01159641e+00  1.01302240e-04  5.40489401e-01  1.01302240e-04  1.23596320e-06  1.01302240e-04  1.69945916e-07  1.01302240e-04 -4.99279422e-06  1.01302240e-04  0.00000000e+00  1.01302240e-04  1.20000000e+00 
 1.01402240e-04  1.00866436e+00  1.01402240e-04  5.40426694e-01  1.01402240e-04  1.17952397e-06  1.01402240e-04 -1.69733032e-07  1.01402240e-04  5.63865837e-06  1.01402240e-04  0.00000000e+00  1.01402240e-04  1.20000000e+00 
 1.01502240e-04  1.00573254e+00  1.01502240e-04  5.40487640e-01  1.01502240e-04  1.23596230e-06  1.01502240e-04  1.69945084e-07  1.01502240e-04 -4.99279277e-06  1.01502240e-04  0.00000000e+00  1.01502240e-04  1.20000000e+00 
 1.01602240e-04  1.00280058e+00  1.01602240e-04  5.40428538e-01  1.01602240e-04  1.17952484e-06  1.01602240e-04 -1.69731516e-07  1.01602240e-04  5.63864311e-06  1.01602240e-04  0.00000000e+00  1.01602240e-04  1.20000000e+00 
 1.01702240e-04  9.99868843e-01  1.01702240e-04  5.40486018e-01  1.01702240e-04  1.23596146e-06  1.01702240e-04  1.69943259e-07  1.01702240e-04 -4.99279113e-06  1.01702240e-04  0.00000000e+00  1.01702240e-04  1.20000000e+00 
 1.01802240e-04  9.96936966e-01  1.01802240e-04  5.40430254e-01  1.01802240e-04  1.17952565e-06  1.01802240e-04 -1.69729123e-07  1.01802240e-04  5.63862721e-06  1.01802240e-04  0.00000000e+00  1.01802240e-04  1.20000000e+00 
 1.01902240e-04  9.94005313e-01  1.01902240e-04  5.40484538e-01  1.01902240e-04  1.23596067e-06  1.01902240e-04  1.69940633e-07  1.01902240e-04 -4.99278927e-06  1.01902240e-04  0.00000000e+00  1.01902240e-04  1.20000000e+00 
 1.02002240e-04  9.91073523e-01  1.02002240e-04  5.40431841e-01  1.02002240e-04  1.17952641e-06  1.02002240e-04 -1.69726027e-07  1.02002240e-04  5.63861059e-06  1.02002240e-04  0.00000000e+00  1.02002240e-04  1.20000000e+00 
 1.02102240e-04  9.88141958e-01  1.02102240e-04  5.40483195e-01  1.02102240e-04  1.23595994e-06  1.02102240e-04  1.69937367e-07  1.02102240e-04 -4.99278721e-06  1.02102240e-04  0.00000000e+00  1.02102240e-04  1.20000000e+00 
 1.02202240e-04  9.85210259e-01  1.02202240e-04  5.40433302e-01  1.02202240e-04  1.17952713e-06  1.02202240e-04 -1.69722369e-07  1.02202240e-04  5.63859317e-06  1.02202240e-04  0.00000000e+00  1.02202240e-04  1.20000000e+00 
 1.02302240e-04  9.82278785e-01  1.02302240e-04  5.40481985e-01  1.02302240e-04  1.23595925e-06  1.02302240e-04  1.69933590e-07  1.02302240e-04 -4.99278500e-06  1.02302240e-04  0.00000000e+00  1.02302240e-04  1.20000000e+00 
 1.02402240e-04  9.79347181e-01  1.02402240e-04  5.40434642e-01  1.02402240e-04  1.17952779e-06  1.02402240e-04 -1.69718267e-07  1.02402240e-04  5.63857488e-06  1.02402240e-04  0.00000000e+00  1.02402240e-04  1.20000000e+00 
 1.02502240e-04  9.76415804e-01  1.02502240e-04  5.40480902e-01  1.02502240e-04  1.23595860e-06  1.02502240e-04  1.69929411e-07  1.02502240e-04 -4.99278270e-06  1.02502240e-04  0.00000000e+00  1.02502240e-04  1.20000000e+00 
 1.02602240e-04  9.73484300e-01  1.02602240e-04  5.40435868e-01  1.02602240e-04  1.17952842e-06  1.02602240e-04 -1.69713816e-07  1.02602240e-04  5.63855564e-06  1.02602240e-04  0.00000000e+00  1.02602240e-04  1.20000000e+00 
 1.02702240e-04  9.70553025e-01  1.02702240e-04  5.40479938e-01  1.02702240e-04  1.23595800e-06  1.02702240e-04  1.69924915e-07  1.02702240e-04 -4.99278040e-06  1.02702240e-04  0.00000000e+00  1.02702240e-04  1.20000000e+00 
 1.02802240e-04  9.67621626e-01  1.02802240e-04  5.40436988e-01  1.02802240e-04  1.17952900e-06  1.02802240e-04 -1.69709093e-07  1.02802240e-04  5.63853538e-06  1.02802240e-04  0.00000000e+00  1.02802240e-04  1.20000000e+00 
 1.02902240e-04  9.64690459e-01  1.02902240e-04  5.40479085e-01  1.02902240e-04  1.23595743e-06  1.02902240e-04  1.69920173e-07  1.02902240e-04 -4.99277822e-06  1.02902240e-04  0.00000000e+00  1.02902240e-04  1.20000000e+00 
 1.03002240e-04  9.61759172e-01  1.03002240e-04  5.40438008e-01  1.03002240e-04  1.17952955e-06  1.03002240e-04 -1.69704160e-07  1.03002240e-04  5.63851402e-06  1.03002240e-04  0.00000000e+00  1.03002240e-04  1.20000000e+00 
 1.03102240e-04  9.58828122e-01  1.03102240e-04  5.40478333e-01  1.03102240e-04  1.23595690e-06  1.03102240e-04  1.69915241e-07  1.03102240e-04 -4.99277629e-06  1.03102240e-04  0.00000000e+00  1.03102240e-04  1.20000000e+00 
 1.03202240e-04  9.55896954e-01  1.03202240e-04  5.40438940e-01  1.03202240e-04  1.17953007e-06  1.03202240e-04 -1.69699066e-07  1.03202240e-04  5.63849150e-06  1.03202240e-04  0.00000000e+00  1.03202240e-04  1.20000000e+00 
 1.03302240e-04  9.52966029e-01  1.03302240e-04  5.40477674e-01  1.03302240e-04  1.23595640e-06  1.03302240e-04  1.69910164e-07  1.03302240e-04 -4.99277477e-06  1.03302240e-04  0.00000000e+00  1.03302240e-04  1.20000000e+00 
 1.03402240e-04  9.50034989e-01  1.03402240e-04  5.40439790e-01  1.03402240e-04  1.17953056e-06  1.03402240e-04 -1.69693851e-07  1.03402240e-04  5.63846773e-06  1.03402240e-04  0.00000000e+00  1.03402240e-04  1.20000000e+00 
 1.03502240e-04  9.47104200e-01  1.03502240e-04  5.40477098e-01  1.03502240e-04  1.23595592e-06  1.03502240e-04  1.69904978e-07  1.03502240e-04 -4.99277383e-06  1.03502240e-04  0.00000000e+00  1.03502240e-04  1.20000000e+00 
 1.03602240e-04  9.44173297e-01  1.03602240e-04  5.40440568e-01  1.03602240e-04  1.17953102e-06  1.03602240e-04 -1.69688547e-07  1.03602240e-04  5.63844262e-06  1.03602240e-04  0.00000000e+00  1.03602240e-04  1.20000000e+00 
 1.03702240e-04  9.41242655e-01  1.03702240e-04  5.40476596e-01  1.03702240e-04  1.23595548e-06  1.03702240e-04  1.69899714e-07  1.03702240e-04 -4.99277369e-06  1.03702240e-04  0.00000000e+00  1.03702240e-04  1.20000000e+00 
 1.03802240e-04  9.38311902e-01  1.03802240e-04  5.40441282e-01  1.03802240e-04  1.17953145e-06  1.03802240e-04 -1.69683182e-07  1.03802240e-04  5.63841610e-06  1.03802240e-04  0.00000000e+00  1.03802240e-04  1.20000000e+00 
 1.03902240e-04  9.35381420e-01  1.03902240e-04  5.40476159e-01  1.03902240e-04  1.23595505e-06  1.03902240e-04  1.69894395e-07  1.03902240e-04 -4.99277455e-06  1.03902240e-04  0.00000000e+00  1.03902240e-04  1.20000000e+00 
 1.04002240e-04  9.32450830e-01  1.04002240e-04  5.40441940e-01  1.04002240e-04  1.17953187e-06  1.04002240e-04 -1.69677774e-07  1.04002240e-04  5.63838805e-06  1.04002240e-04  0.00000000e+00  1.04002240e-04  1.20000000e+00 
 1.04102240e-04  9.29520523e-01  1.04102240e-04  5.40475781e-01  1.04102240e-04  1.23595465e-06  1.04102240e-04  1.69889040e-07  1.04102240e-04 -4.99277664e-06  1.04102240e-04  0.00000000e+00  1.04102240e-04  1.20000000e+00 
 1.04202240e-04  9.26590109e-01  1.04202240e-04  5.40442550e-01  1.04202240e-04  1.17953226e-06  1.04202240e-04 -1.69672342e-07  1.04202240e-04  5.63835837e-06  1.04202240e-04  0.00000000e+00  1.04202240e-04  1.20000000e+00 
 1.04302240e-04  9.23659993e-01  1.04302240e-04  5.40475454e-01  1.04302240e-04  1.23595427e-06  1.04302240e-04  1.69883664e-07  1.04302240e-04 -4.99278020e-06  1.04302240e-04  0.00000000e+00  1.04302240e-04  1.20000000e+00 
 1.04402240e-04  9.20729771e-01  1.04402240e-04  5.40443120e-01  1.04402240e-04  1.17953263e-06  1.04402240e-04 -1.69666898e-07  1.04402240e-04  5.63832695e-06  1.04402240e-04  0.00000000e+00  1.04402240e-04  1.20000000e+00 
 1.04502240e-04  9.17799865e-01  1.04502240e-04  5.40475171e-01  1.04502240e-04  1.23595390e-06  1.04502240e-04  1.69878281e-07  1.04502240e-04 -4.99278549e-06  1.04502240e-04  0.00000000e+00  1.04502240e-04  1.20000000e+00 
 1.04602240e-04  9.14869854e-01  1.04602240e-04  5.40443654e-01  1.04602240e-04  1.17953299e-06  1.04602240e-04 -1.69661456e-07  1.04602240e-04  5.63829369e-06  1.04602240e-04  0.00000000e+00  1.04602240e-04  1.20000000e+00 
 1.04702240e-04  9.11940177e-01  1.04702240e-04  5.40474927e-01  1.04702240e-04  1.23595355e-06  1.04702240e-04  1.69872901e-07  1.04702240e-04 -4.99279277e-06  1.04702240e-04  0.00000000e+00  1.04702240e-04  1.20000000e+00 
 1.04802240e-04  9.09010395e-01  1.04802240e-04  5.40444160e-01  1.04802240e-04  1.17953333e-06  1.04802240e-04 -1.69656023e-07  1.04802240e-04  5.63825845e-06  1.04802240e-04  0.00000000e+00  1.04802240e-04  1.20000000e+00 
 1.04902240e-04  9.06080970e-01  1.04902240e-04  5.40474717e-01  1.04902240e-04  1.23595322e-06  1.04902240e-04  1.69867533e-07  1.04902240e-04 -4.99280228e-06  1.04902240e-04  0.00000000e+00  1.04902240e-04  1.20000000e+00 
 1.05002240e-04  9.03151439e-01  1.05002240e-04  5.40444642e-01  1.05002240e-04  1.17953366e-06  1.05002240e-04 -1.69650607e-07  1.05002240e-04  5.63822111e-06  1.05002240e-04  0.00000000e+00  1.05002240e-04  1.20000000e+00 
 1.05102240e-04  9.00222288e-01  1.05102240e-04  5.40474537e-01  1.05102240e-04  1.23595290e-06  1.05102240e-04  1.69862183e-07  1.05102240e-04 -4.99281428e-06  1.05102240e-04  0.00000000e+00  1.05102240e-04  1.20000000e+00 
 1.05202240e-04  8.97293031e-01  1.05202240e-04  5.40445106e-01  1.05202240e-04  1.17953397e-06  1.05202240e-04 -1.69645216e-07  1.05202240e-04  5.63818157e-06  1.05202240e-04  0.00000000e+00  1.05202240e-04  1.20000000e+00 
 1.05302240e-04  8.94364179e-01  1.05302240e-04  5.40474384e-01  1.05302240e-04  1.23595260e-06  1.05302240e-04  1.69856858e-07  1.05302240e-04 -4.99282902e-06  1.05302240e-04  0.00000000e+00  1.05302240e-04  1.20000000e+00 
 1.05402240e-04  8.91435220e-01  1.05402240e-04  5.40445556e-01  1.05402240e-04  1.17953427e-06  1.05402240e-04 -1.69639853e-07  1.05402240e-04  5.63813970e-06  1.05402240e-04  0.00000000e+00  1.05402240e-04  1.20000000e+00 
 1.05502240e-04  8.88506695e-01  1.05502240e-04  5.40474256e-01  1.05502240e-04  1.23595230e-06  1.05502240e-04  1.69851562e-07  1.05502240e-04 -4.99284671e-06  1.05502240e-04  0.00000000e+00  1.05502240e-04  1.20000000e+00 
 1.05602240e-04  8.85578059e-01  1.05602240e-04  5.40445997e-01  1.05602240e-04  1.17953456e-06  1.05602240e-04 -1.69634523e-07  1.05602240e-04  5.63809542e-06  1.05602240e-04  0.00000000e+00  1.05602240e-04  1.20000000e+00 
 1.05702240e-04  8.82649888e-01  1.05702240e-04  5.40474150e-01  1.05702240e-04  1.23595202e-06  1.05702240e-04  1.69846300e-07  1.05702240e-04 -4.99286755e-06  1.05702240e-04  0.00000000e+00  1.05702240e-04  1.20000000e+00 
 1.05802240e-04  8.79721603e-01  1.05802240e-04  5.40446431e-01  1.05802240e-04  1.17953484e-06  1.05802240e-04 -1.69629229e-07  1.05802240e-04  5.63804862e-06  1.05802240e-04  0.00000000e+00  1.05802240e-04  1.20000000e+00 
 1.05902240e-04  8.76793814e-01  1.05902240e-04  5.40474066e-01  1.05902240e-04  1.23595175e-06  1.05902240e-04  1.69841072e-07  1.05902240e-04 -4.99289171e-06  1.05902240e-04  0.00000000e+00  1.05902240e-04  1.20000000e+00 
 1.06002240e-04  8.73865908e-01  1.06002240e-04  5.40446862e-01  1.06002240e-04  1.17953511e-06  1.06002240e-04 -1.69623972e-07  1.06002240e-04  5.63799925e-06  1.06002240e-04  0.00000000e+00  1.06002240e-04  1.20000000e+00 
 1.06102240e-04  8.70938531e-01  1.06102240e-04  5.40474004e-01  1.06102240e-04  1.23595148e-06  1.06102240e-04  1.69835882e-07  1.06102240e-04 -4.99291932e-06  1.06102240e-04  0.00000000e+00  1.06102240e-04  1.20000000e+00 
 1.06202240e-04  8.68011031e-01  1.06202240e-04  5.40447293e-01  1.06202240e-04  1.17953536e-06  1.06202240e-04 -1.69618755e-07  1.06202240e-04  5.63794726e-06  1.06202240e-04  0.00000000e+00  1.06202240e-04  1.20000000e+00 
 1.06302240e-04  8.65084095e-01  1.06302240e-04  5.40473964e-01  1.06302240e-04  1.23595123e-06  1.06302240e-04  1.69830730e-07  1.06302240e-04 -4.99295045e-06  1.06302240e-04  0.00000000e+00  1.06302240e-04  1.20000000e+00 
 1.06402240e-04  8.62157031e-01  1.06402240e-04  5.40447726e-01  1.06402240e-04  1.17953561e-06  1.06402240e-04 -1.69613577e-07  1.06402240e-04  5.63789262e-06  1.06402240e-04  0.00000000e+00  1.06402240e-04  1.20000000e+00 
 1.06502240e-04  8.59230566e-01  1.06502240e-04  5.40473945e-01  1.06502240e-04  1.23595099e-06  1.06502240e-04  1.69825615e-07  1.06502240e-04 -4.99298515e-06  1.06502240e-04  0.00000000e+00  1.06502240e-04  1.20000000e+00 
 1.06602240e-04  8.56303966e-01  1.06602240e-04  5.40448163e-01  1.06602240e-04  1.17953585e-06  1.06602240e-04 -1.69608438e-07  1.06602240e-04  5.63783535e-06  1.06602240e-04  0.00000000e+00  1.06602240e-04  1.20000000e+00 
 1.06702240e-04  8.53378001e-01  1.06702240e-04  5.40473949e-01  1.06702240e-04  1.23595075e-06  1.06702240e-04  1.69820539e-07  1.06702240e-04 -4.99302342e-06  1.06702240e-04  0.00000000e+00  1.06702240e-04  1.20000000e+00 
 1.06802240e-04  8.50451893e-01  1.06802240e-04  5.40448606e-01  1.06802240e-04  1.17953608e-06  1.06802240e-04 -1.69603337e-07  1.06802240e-04  5.63777545e-06  1.06802240e-04  0.00000000e+00  1.06802240e-04  1.20000000e+00 
 1.06902240e-04  8.47526456e-01  1.06902240e-04  5.40473976e-01  1.06902240e-04  1.23595053e-06  1.06902240e-04  1.69815498e-07  1.06902240e-04 -4.99306521e-06  1.06902240e-04  0.00000000e+00  1.06902240e-04  1.20000000e+00 
 1.07002240e-04  8.44600867e-01  1.07002240e-04  5.40449054e-01  1.07002240e-04  1.17953631e-06  1.07002240e-04 -1.69598272e-07  1.07002240e-04  5.63771299e-06  1.07002240e-04  0.00000000e+00  1.07002240e-04  1.20000000e+00 
 1.07102240e-04  8.41675986e-01  1.07102240e-04  5.40474027e-01  1.07102240e-04  1.23595031e-06  1.07102240e-04  1.69810492e-07  1.07102240e-04 -4.99311044e-06  1.07102240e-04  0.00000000e+00  1.07102240e-04  1.20000000e+00 
 1.07202240e-04  8.38750944e-01  1.07202240e-04  5.40449510e-01  1.07202240e-04  1.17953652e-06  1.07202240e-04 -1.69593242e-07  1.07202240e-04  5.63764801e-06  1.07202240e-04  0.00000000e+00  1.07202240e-04  1.20000000e+00 
 1.07302240e-04  8.35826644e-01  1.07302240e-04  5.40474101e-01  1.07302240e-04  1.23595010e-06  1.07302240e-04  1.69805517e-07  1.07302240e-04 -4.99315899e-06  1.07302240e-04  0.00000000e+00  1.07302240e-04  1.20000000e+00 
 1.07402240e-04  8.32902173e-01  1.07402240e-04  5.40449972e-01  1.07402240e-04  1.17953673e-06  1.07402240e-04 -1.69588243e-07  1.07402240e-04  5.63758059e-06  1.07402240e-04  0.00000000e+00  1.07402240e-04  1.20000000e+00 
 1.07502240e-04  8.29978479e-01  1.07502240e-04  5.40474199e-01  1.07502240e-04  1.23594989e-06  1.07502240e-04  1.69800573e-07  1.07502240e-04 -4.99321074e-06  1.07502240e-04  0.00000000e+00  1.07502240e-04  1.20000000e+00 
 1.07602240e-04  8.27054604e-01  1.07602240e-04  5.40450440e-01  1.07602240e-04  1.17953693e-06  1.07602240e-04 -1.69583273e-07  1.07602240e-04  5.63751083e-06  1.07602240e-04  0.00000000e+00  1.07602240e-04  1.20000000e+00 
 1.07702240e-04  8.24131539e-01  1.07702240e-04  5.40474320e-01  1.07702240e-04  1.23594969e-06  1.07702240e-04  1.69795656e-07  1.07702240e-04 -4.99326552e-06  1.07702240e-04  0.00000000e+00  1.07702240e-04  1.20000000e+00 
 1.07802240e-04  8.21208283e-01  1.07802240e-04  5.40450913e-01  1.07802240e-04  1.17953713e-06  1.07802240e-04 -1.69578330e-07  1.07802240e-04  5.63743880e-06  1.07802240e-04  0.00000000e+00  1.07802240e-04  1.20000000e+00 
 1.07902240e-04  8.18285869e-01  1.07902240e-04  5.40474461e-01  1.07902240e-04  1.23594950e-06  1.07902240e-04  1.69790764e-07  1.07902240e-04 -4.99332317e-06  1.07902240e-04  0.00000000e+00  1.07902240e-04  1.20000000e+00 
 1.08002240e-04  8.15363253e-01  1.08002240e-04  5.40451391e-01  1.08002240e-04  1.17953732e-06  1.08002240e-04 -1.69573412e-07  1.08002240e-04  5.63736461e-06  1.08002240e-04  0.00000000e+00  1.08002240e-04  1.20000000e+00 
 1.08102240e-04  8.12441511e-01  1.08102240e-04  5.40474623e-01  1.08102240e-04  1.23594932e-06  1.08102240e-04  1.69785895e-07  1.08102240e-04 -4.99338353e-06  1.08102240e-04  0.00000000e+00  1.08102240e-04  1.20000000e+00 
 1.08202240e-04  8.09519556e-01  1.08202240e-04  5.40451872e-01  1.08202240e-04  1.17953750e-06  1.08202240e-04 -1.69568516e-07  1.08202240e-04  5.63728836e-06  1.08202240e-04  0.00000000e+00  1.08202240e-04  1.20000000e+00 
 1.08302240e-04  8.06598503e-01  1.08302240e-04  5.40474803e-01  1.08302240e-04  1.23594914e-06  1.08302240e-04  1.69781049e-07  1.08302240e-04 -4.99344642e-06  1.08302240e-04  0.00000000e+00  1.08302240e-04  1.20000000e+00 
 1.08402240e-04  8.03677228e-01  1.08402240e-04  5.40452355e-01  1.08402240e-04  1.17953768e-06  1.08402240e-04 -1.69563643e-07  1.08402240e-04  5.63721014e-06  1.08402240e-04  0.00000000e+00  1.08402240e-04  1.20000000e+00 
 1.08502240e-04  8.00756884e-01  1.08502240e-04  5.40474997e-01  1.08502240e-04  1.23594896e-06  1.08502240e-04  1.69776223e-07  1.08502240e-04 -4.99351168e-06  1.08502240e-04  0.00000000e+00  1.08502240e-04  1.20000000e+00 
 1.08602240e-04  7.97836305e-01  1.08602240e-04  5.40452837e-01  1.08602240e-04  1.17953785e-06  1.08602240e-04 -1.69558792e-07  1.08602240e-04  5.63713005e-06  1.08602240e-04  0.00000000e+00  1.08602240e-04  1.20000000e+00 
 1.08702240e-04  7.94916686e-01  1.08702240e-04  5.40475205e-01  1.08702240e-04  1.23594880e-06  1.08702240e-04  1.69771420e-07  1.08702240e-04 -4.99357916e-06  1.08702240e-04  0.00000000e+00  1.08702240e-04  1.20000000e+00 
 1.08802240e-04  7.91996822e-01  1.08802240e-04  5.40453319e-01  1.08802240e-04  1.17953801e-06  1.08802240e-04 -1.69553963e-07  1.08802240e-04  5.63704816e-06  1.08802240e-04  0.00000000e+00  1.08802240e-04  1.20000000e+00 
 1.08902240e-04  7.89077942e-01  1.08902240e-04  5.40475421e-01  1.08902240e-04  1.23594864e-06  1.08902240e-04  1.69766639e-07  1.08902240e-04 -4.99364870e-06  1.08902240e-04  0.00000000e+00  1.08902240e-04  1.20000000e+00 
 1.09002240e-04  7.86158809e-01  1.09002240e-04  5.40453797e-01  1.09002240e-04  1.17953818e-06  1.09002240e-04 -1.69549157e-07  1.09002240e-04  5.63696458e-06  1.09002240e-04  0.00000000e+00  1.09002240e-04  1.20000000e+00 
 1.09102240e-04  7.83240683e-01  1.09102240e-04  5.40475645e-01  1.09102240e-04  1.23594847e-06  1.09102240e-04  1.69761882e-07  1.09102240e-04 -4.99372018e-06  1.09102240e-04  0.00000000e+00  1.09102240e-04  1.20000000e+00 
 1.09202240e-04  7.80322295e-01  1.09202240e-04  5.40454270e-01  1.09202240e-04  1.17953833e-06  1.09202240e-04 -1.69544377e-07  1.09202240e-04  5.63687937e-06  1.09202240e-04  0.00000000e+00  1.09202240e-04  1.20000000e+00 
 1.09302240e-04  7.77404937e-01  1.09302240e-04  5.40475872e-01  1.09302240e-04  1.23594832e-06  1.09302240e-04  1.69757153e-07  1.09302240e-04 -4.99379346e-06  1.09302240e-04  0.00000000e+00  1.09302240e-04  1.20000000e+00 
 1.09402240e-04  7.74487308e-01  1.09402240e-04  5.40454737e-01  1.09402240e-04  1.17953848e-06  1.09402240e-04 -1.69539626e-07  1.09402240e-04  5.63679261e-06  1.09402240e-04  0.00000000e+00  1.09402240e-04  1.20000000e+00 
 1.09502240e-04  7.71570731e-01  1.09502240e-04  5.40476099e-01  1.09502240e-04  1.23594817e-06  1.09502240e-04  1.69752453e-07  1.09502240e-04 -4.99386844e-06  1.09502240e-04  0.00000000e+00  1.09502240e-04  1.20000000e+00 
 1.09602240e-04  7.68653876e-01  1.09602240e-04  5.40455197e-01  1.09602240e-04  1.17953863e-06  1.09602240e-04 -1.69534908e-07  1.09602240e-04  5.63670437e-06  1.09602240e-04  0.00000000e+00  1.09602240e-04  1.20000000e+00 
 1.09702240e-04  7.65738092e-01  1.09702240e-04  5.40476324e-01  1.09702240e-04  1.23594802e-06  1.09702240e-04  1.69747789e-07  1.09702240e-04 -4.99394500e-06  1.09702240e-04  0.00000000e+00  1.09702240e-04  1.20000000e+00 
 1.09802240e-04  7.62822022e-01  1.09802240e-04  5.40455648e-01  1.09802240e-04  1.17953877e-06  1.09802240e-04 -1.69530227e-07  1.09802240e-04  5.63661471e-06  1.09802240e-04  0.00000000e+00  1.09802240e-04  1.20000000e+00 
 1.09902240e-04  7.59907043e-01  1.09902240e-04  5.40476544e-01  1.09902240e-04  1.23594788e-06  1.09902240e-04  1.69743163e-07  1.09902240e-04 -4.99402307e-06  1.09902240e-04  0.00000000e+00  1.09902240e-04  1.20000000e+00 
 1.10002240e-04  7.56991771e-01  1.10002240e-04  5.40456089e-01  1.10002240e-04  1.17953892e-06  1.10002240e-04 -1.69525588e-07  1.10002240e-04  5.63652368e-06  1.10002240e-04  0.00000000e+00  1.10002240e-04  1.20000000e+00 
 1.10102240e-04  7.54077607e-01  1.10102240e-04  5.40476757e-01  1.10102240e-04  1.23594774e-06  1.10102240e-04  1.69738583e-07  1.10102240e-04 -4.99410256e-06  1.10102240e-04  0.00000000e+00  1.10102240e-04  1.20000000e+00 
 1.10202240e-04  7.51163145e-01  1.10202240e-04  5.40456518e-01  1.10202240e-04  1.17953905e-06  1.10202240e-04 -1.69520996e-07  1.10202240e-04  5.63643133e-06  1.10202240e-04  0.00000000e+00  1.10202240e-04  1.20000000e+00 
 1.10302240e-04  7.48249809e-01  1.10302240e-04  5.40476961e-01  1.10302240e-04  1.23594761e-06  1.10302240e-04  1.69734052e-07  1.10302240e-04 -4.99418340e-06  1.10302240e-04  0.00000000e+00  1.10302240e-04  1.20000000e+00 
 1.10402240e-04  7.45336168e-01  1.10402240e-04  5.40456936e-01  1.10402240e-04  1.17953919e-06  1.10402240e-04 -1.69516458e-07  1.10402240e-04  5.63633772e-06  1.10402240e-04  0.00000000e+00  1.10402240e-04  1.20000000e+00 
 1.10502240e-04  7.42423669e-01  1.10502240e-04  5.40477154e-01  1.10502240e-04  1.23594748e-06  1.10502240e-04  1.69729578e-07  1.10502240e-04 -4.99426551e-06  1.10502240e-04  0.00000000e+00  1.10502240e-04  1.20000000e+00 
 1.10602240e-04  7.39510860e-01  1.10602240e-04  5.40457342e-01  1.10602240e-04  1.17953932e-06  1.10602240e-04 -1.69511980e-07  1.10602240e-04  5.63624289e-06  1.10602240e-04  0.00000000e+00  1.10602240e-04  1.20000000e+00 
 1.10702240e-04  7.36599208e-01  1.10702240e-04  5.40477335e-01  1.10702240e-04  1.23594735e-06  1.10702240e-04  1.69725166e-07  1.10702240e-04 -4.99434886e-06  1.10702240e-04  0.00000000e+00  1.10702240e-04  1.20000000e+00 
 1.10802240e-04  7.33687241e-01  1.10802240e-04  5.40457734e-01  1.10802240e-04  1.17953944e-06  1.10802240e-04 -1.69507566e-07  1.10802240e-04  5.63614687e-06  1.10802240e-04  0.00000000e+00  1.10802240e-04  1.20000000e+00 
 1.10902240e-04  7.30776446e-01  1.10902240e-04  5.40477502e-01  1.10902240e-04  1.23594723e-06  1.10902240e-04  1.69720822e-07  1.10902240e-04 -4.99443338e-06  1.10902240e-04  0.00000000e+00  1.10902240e-04  1.20000000e+00 
 1.11002240e-04  7.27865332e-01  1.11002240e-04  5.40458113e-01  1.11002240e-04  1.17953956e-06  1.11002240e-04 -1.69503224e-07  1.11002240e-04  5.63604969e-06  1.11002240e-04  0.00000000e+00  1.11002240e-04  1.20000000e+00 
 1.11102240e-04  7.24955403e-01  1.11102240e-04  5.40477655e-01  1.11102240e-04  1.23594711e-06  1.11102240e-04  1.69716551e-07  1.11102240e-04 -4.99451903e-06  1.11102240e-04  0.00000000e+00  1.11102240e-04  1.20000000e+00 
 1.11202240e-04  7.22045152e-01  1.11202240e-04  5.40458479e-01  1.11202240e-04  1.17953968e-06  1.11202240e-04 -1.69498959e-07  1.11202240e-04  5.63595139e-06  1.11202240e-04  0.00000000e+00  1.11202240e-04  1.20000000e+00 
 1.11302240e-04  7.19136099e-01  1.11302240e-04  5.40477794e-01  1.11302240e-04  1.23594699e-06  1.11302240e-04  1.69712360e-07  1.11302240e-04 -4.99460577e-06  1.11302240e-04  0.00000000e+00  1.11302240e-04  1.20000000e+00 
 1.11402240e-04  7.16226720e-01  1.11402240e-04  5.40458830e-01  1.11402240e-04  1.17953980e-06  1.11402240e-04 -1.69494775e-07  1.11402240e-04  5.63585200e-06  1.11402240e-04  0.00000000e+00  1.11402240e-04  1.20000000e+00 
 1.11502240e-04  7.13318552e-01  1.11502240e-04  5.40477918e-01  1.11502240e-04  1.23594688e-06  1.11502240e-04  1.69708252e-07  1.11502240e-04 -4.99469357e-06  1.11502240e-04  0.00000000e+00  1.11502240e-04  1.20000000e+00 
 1.11602240e-04  7.10410054e-01  1.11602240e-04  5.40459168e-01  1.11602240e-04  1.17953991e-06  1.11602240e-04 -1.69490677e-07  1.11602240e-04  5.63575154e-06  1.11602240e-04  0.00000000e+00  1.11602240e-04  1.20000000e+00 
 1.11702240e-04  7.07502779e-01  1.11702240e-04  5.40478027e-01  1.11702240e-04  1.23594677e-06  1.11702240e-04  1.69704232e-07  1.11702240e-04 -4.99478240e-06  1.11702240e-04  0.00000000e+00  1.11702240e-04  1.20000000e+00 
 1.11802240e-04  7.04595172e-01  1.11802240e-04  5.40459492e-01  1.11802240e-04  1.17954002e-06  1.11802240e-04 -1.69486671e-07  1.11802240e-04  5.63565002e-06  1.11802240e-04  0.00000000e+00  1.11802240e-04  1.20000000e+00 
 1.11902240e-04  7.01688799e-01  1.11902240e-04  5.40478122e-01  1.11902240e-04  1.23594666e-06  1.11902240e-04  1.69700305e-07  1.11902240e-04 -4.99487222e-06  1.11902240e-04  0.00000000e+00  1.11902240e-04  1.20000000e+00 
 1.12002240e-04  6.98782092e-01  1.12002240e-04  5.40459802e-01  1.12002240e-04  1.17954012e-06  1.12002240e-04 -1.69482758e-07  1.12002240e-04  5.63554748e-06  1.12002240e-04  0.00000000e+00  1.12002240e-04  1.20000000e+00 
 1.12102240e-04  6.95876629e-01  1.12102240e-04  5.40478203e-01  1.12102240e-04  1.23594656e-06  1.12102240e-04  1.69696473e-07  1.12102240e-04 -4.99496302e-06  1.12102240e-04  0.00000000e+00  1.12102240e-04  1.20000000e+00 
 1.12202240e-04  6.92970830e-01  1.12202240e-04  5.40460099e-01  1.12202240e-04  1.17954023e-06  1.12202240e-04 -1.69478942e-07  1.12202240e-04  5.63544393e-06  1.12202240e-04  0.00000000e+00  1.12202240e-04  1.20000000e+00 
 1.12302240e-04  6.90066285e-01  1.12302240e-04  5.40478270e-01  1.12302240e-04  1.23594645e-06  1.12302240e-04  1.69692739e-07  1.12302240e-04 -4.99505477e-06  1.12302240e-04  0.00000000e+00  1.12302240e-04  1.20000000e+00 
 1.12402240e-04  6.87161404e-01  1.12402240e-04  5.40460383e-01  1.12402240e-04  1.17954033e-06  1.12402240e-04 -1.69475226e-07  1.12402240e-04  5.63533938e-06  1.12402240e-04  0.00000000e+00  1.12402240e-04  1.20000000e+00 
 1.12502240e-04  6.84257785e-01  1.12502240e-04  5.40478324e-01  1.12502240e-04  1.23594636e-06  1.12502240e-04  1.69689105e-07  1.12502240e-04 -4.99514746e-06  1.12502240e-04  0.00000000e+00  1.12502240e-04  1.20000000e+00 
 1.12602240e-04  6.81353829e-01  1.12602240e-04  5.40460655e-01  1.12602240e-04  1.17954042e-06  1.12602240e-04 -1.69471611e-07  1.12602240e-04  5.63523385e-06  1.12602240e-04  0.00000000e+00  1.12602240e-04  1.20000000e+00 
 1.12702240e-04  6.78451145e-01  1.12702240e-04  5.40478366e-01  1.12702240e-04  1.23594626e-06  1.12702240e-04  1.69685572e-07  1.12702240e-04 -4.99524106e-06  1.12702240e-04  0.00000000e+00  1.12702240e-04  1.20000000e+00 
 1.12802240e-04  6.75548122e-01  1.12802240e-04  5.40460915e-01  1.12802240e-04  1.17954051e-06  1.12802240e-04 -1.69468097e-07  1.12802240e-04  5.63512736e-06  1.12802240e-04  0.00000000e+00  1.12802240e-04  1.20000000e+00 
 1.12902240e-04  6.72646381e-01  1.12902240e-04  5.40478396e-01  1.12902240e-04  1.23594617e-06  1.12902240e-04  1.69682141e-07  1.12902240e-04 -4.99533556e-06  1.12902240e-04  0.00000000e+00  1.12902240e-04  1.20000000e+00 
 1.13002240e-04  6.69744300e-01  1.13002240e-04  5.40461163e-01  1.13002240e-04  1.17954061e-06  1.13002240e-04 -1.69464687e-07  1.13002240e-04  5.63501991e-06  1.13002240e-04  0.00000000e+00  1.13002240e-04  1.20000000e+00 
 1.13102240e-04  6.66843509e-01  1.13102240e-04  5.40478416e-01  1.13102240e-04  1.23594608e-06  1.13102240e-04  1.69678812e-07  1.13102240e-04 -4.99543096e-06  1.13102240e-04  0.00000000e+00  1.13102240e-04  1.20000000e+00 
 1.13202240e-04  6.63942378e-01  1.13202240e-04  5.40461400e-01  1.13202240e-04  1.17954069e-06  1.13202240e-04 -1.69461378e-07  1.13202240e-04  5.63491151e-06  1.13202240e-04  0.00000000e+00  1.13202240e-04  1.20000000e+00 
 1.13302240e-04  6.61042545e-01  1.13302240e-04  5.40478427e-01  1.13302240e-04  1.23594600e-06  1.13302240e-04  1.69675586e-07  1.13302240e-04 -4.99552722e-06  1.13302240e-04  0.00000000e+00  1.13302240e-04  1.20000000e+00 
 1.13402240e-04  6.58142371e-01  1.13402240e-04  5.40461627e-01  1.13402240e-04  1.17954078e-06  1.13402240e-04 -1.69458172e-07  1.13402240e-04  5.63480217e-06  1.13402240e-04  0.00000000e+00  1.13402240e-04  1.20000000e+00 
 1.13502240e-04  6.55243504e-01  1.13502240e-04  5.40478428e-01  1.13502240e-04  1.23594591e-06  1.13502240e-04  1.69672460e-07  1.13502240e-04 -4.99562435e-06  1.13502240e-04  0.00000000e+00  1.13502240e-04  1.20000000e+00 
 1.13602240e-04  6.52344295e-01  1.13602240e-04  5.40461843e-01  1.13602240e-04  1.17954086e-06  1.13602240e-04 -1.69455066e-07  1.13602240e-04  5.63469191e-06  1.13602240e-04  0.00000000e+00  1.13602240e-04  1.20000000e+00 
 1.13702240e-04  6.49446401e-01  1.13702240e-04  5.40478421e-01  1.13702240e-04  1.23594583e-06  1.13702240e-04  1.69669435e-07  1.13702240e-04 -4.99572234e-06  1.13702240e-04  0.00000000e+00  1.13702240e-04  1.20000000e+00 
 1.13802240e-04  6.46548166e-01  1.13802240e-04  5.40462050e-01  1.13802240e-04  1.17954094e-06  1.13802240e-04 -1.69452061e-07  1.13802240e-04  5.63458073e-06  1.13802240e-04  0.00000000e+00  1.13802240e-04  1.20000000e+00 
 1.13902240e-04  6.43651253e-01  1.13902240e-04  5.40478407e-01  1.13902240e-04  1.23594575e-06  1.13902240e-04  1.69666508e-07  1.13902240e-04 -4.99582117e-06  1.13902240e-04  0.00000000e+00  1.13902240e-04  1.20000000e+00 
 1.14002240e-04  6.40753998e-01  1.14002240e-04  5.40462247e-01  1.14002240e-04  1.17954102e-06  1.14002240e-04 -1.69449153e-07  1.14002240e-04  5.63446863e-06  1.14002240e-04  0.00000000e+00  1.14002240e-04  1.20000000e+00 
 1.14102240e-04  6.37858074e-01  1.14102240e-04  5.40478386e-01  1.14102240e-04  1.23594568e-06  1.14102240e-04  1.69663678e-07  1.14102240e-04 -4.99592083e-06  1.14102240e-04  0.00000000e+00  1.14102240e-04  1.20000000e+00 
 1.14202240e-04  6.34961807e-01  1.14202240e-04  5.40462436e-01  1.14202240e-04  1.17954109e-06  1.14202240e-04 -1.69446341e-07  1.14202240e-04  5.63435563e-06  1.14202240e-04  0.00000000e+00  1.14202240e-04  1.20000000e+00 
 1.14302240e-04  6.32066878e-01  1.14302240e-04  5.40478360e-01  1.14302240e-04  1.23594561e-06  1.14302240e-04  1.69660942e-07  1.14302240e-04 -4.99602132e-06  1.14302240e-04  0.00000000e+00  1.14302240e-04  1.20000000e+00 
 1.14402240e-04  6.29171608e-01  1.14402240e-04  5.40462616e-01  1.14402240e-04  1.17954116e-06  1.14402240e-04 -1.69443623e-07  1.14402240e-04  5.63424174e-06  1.14402240e-04  0.00000000e+00  1.14402240e-04  1.20000000e+00 
 1.14502240e-04  6.26277682e-01  1.14502240e-04  5.40478328e-01  1.14502240e-04  1.23594554e-06  1.14502240e-04  1.69658299e-07  1.14502240e-04 -4.99612263e-06  1.14502240e-04  0.00000000e+00  1.14502240e-04  1.20000000e+00 
 1.14602240e-04  6.23383416e-01  1.14602240e-04  5.40462787e-01  1.14602240e-04  1.17954123e-06  1.14602240e-04 -1.69440997e-07  1.14602240e-04  5.63412695e-06  1.14602240e-04  0.00000000e+00  1.14602240e-04  1.20000000e+00 
 1.14702240e-04  6.20490501e-01  1.14702240e-04  5.40478292e-01  1.14702240e-04  1.23594547e-06  1.14702240e-04  1.69655747e-07  1.14702240e-04 -4.99622476e-06  1.14702240e-04  0.00000000e+00  1.14702240e-04  1.20000000e+00 
 1.14802240e-04  6.17597245e-01  1.14802240e-04  5.40462952e-01  1.14802240e-04  1.17954130e-06  1.14802240e-04 -1.69438459e-07  1.14802240e-04  5.63401127e-06  1.14802240e-04  0.00000000e+00  1.14802240e-04  1.20000000e+00 
 1.14902240e-04  6.14705348e-01  1.14902240e-04  5.40478253e-01  1.14902240e-04  1.23594540e-06  1.14902240e-04  1.69653281e-07  1.14902240e-04 -4.99632769e-06  1.14902240e-04  0.00000000e+00  1.14902240e-04  1.20000000e+00 
 1.15000010e-04  6.11877582e-01  1.15000010e-04  5.40463110e-01  1.15000010e-04  1.17954136e-06  1.15000010e-04 -1.69435981e-07  1.15000010e-04  5.63389587e-06  1.15000010e-04  0.00000000e+00  1.15000010e-04  1.20000000e+00 
 1.15000011e-04  6.11850869e-01  1.15000011e-04  5.38061842e-01  1.15000011e-04  1.77098653e-06  1.15000011e-04  3.35115600e-06  1.15000011e-04 -1.13600728e-04  1.15000011e-04  0.00000000e+00  1.15000011e-04  1.08000000e+00 
 1.15000013e-04  6.11810585e-01  1.15000013e-04  5.33594828e-01  1.15000013e-04  1.71506337e-06  1.15000013e-04  2.92338635e-06  1.15000013e-04 -1.03766951e-04  1.15000013e-04  0.00000000e+00  1.15000013e-04  8.40000000e-01 
 1.15000016e-04  6.11769817e-01  1.15000016e-04  5.25924654e-01  1.15000016e-04  1.64954868e-06  1.15000016e-04  3.27804540e-06  1.15000016e-04 -8.30310455e-05  1.15000016e-04  0.00000000e+00  1.15000016e-04  4.20000000e-01 
 1.15000020e-04  6.11745334e-01  1.15000020e-04  5.20612161e-01  1.15000020e-04  1.35815632e-06  1.15000020e-04  1.13125888e-06  1.15000020e-04 -2.89950982e-05  1.15000020e-04  0.00000000e+00  1.15000020e-04  0.00000000e+00 
 1.15000021e-04  6.11745121e-01  1.15000021e-04  5.20711255e-01  1.15000021e-04  1.21348371e-06  1.15000021e-04 -3.67048657e-08  1.15000021e-04 -3.50517364e-06  1.15000021e-04  0.00000000e+00  1.15000021e-04  0.00000000e+00 
 1.15000022e-04  6.11745124e-01  1.15000022e-04  5.20986976e-01  1.15000022e-04  1.18571048e-06  1.15000022e-04 -2.06589334e-07  1.15000022e-04  1.95181114e-06  1.15000022e-04  0.00000000e+00  1.15000022e-04  0.00000000e+00 
 1.15000025e-04  6.11745196e-01  1.15000025e-04  5.21363826e-01  1.15000025e-04  1.23864876e-06  1.15000025e-04  1.15818784e-07  1.15000025e-04 -2.84526424e-06  1.15000025e-04  0.00000000e+00  1.15000025e-04  0.00000000e+00 
 1.15000030e-04  6.11745240e-01  1.15000030e-04  5.21742323e-01  1.15000030e-04  1.21434229e-06  1.15000030e-04 -4.60393091e-08  1.15000030e-04  1.80167345e-06  1.15000030e-04  0.00000000e+00  1.15000030e-04  0.00000000e+00 
 1.15000042e-04  6.11745373e-01  1.15000042e-04  5.22146805e-01  1.15000042e-04  1.24590722e-06  1.15000042e-04  1.68026520e-07  1.15000042e-04 -2.63321465e-06  1.15000042e-04  0.00000000e+00  1.15000042e-04  0.00000000e+00 
 1.15000064e-04  6.11745555e-01  1.15000064e-04  5.22726100e-01  1.15000064e-04  1.20721818e-06  1.15000064e-04 -6.18552806e-08  1.15000064e-04  1.84318752e-06  1.15000064e-04  0.00000000e+00  1.15000064e-04  0.00000000e+00 
 1.15000109e-04  6.11745956e-01  1.15000109e-04  5.23527001e-01  1.15000109e-04  1.23215476e-06  1.15000109e-04  1.44166574e-07  1.15000109e-04 -2.44099932e-06  1.15000109e-04  0.00000000e+00  1.15000109e-04  0.00000000e+00 
 1.15000198e-04  6.11746604e-01  1.15000198e-04  5.24359340e-01  1.15000198e-04  1.19290379e-06  1.15000198e-04 -6.57585780e-08  1.15000198e-04  2.07444544e-06  1.15000198e-04  0.00000000e+00  1.15000198e-04  0.00000000e+00 
 1.15000378e-04  6.11747778e-01  1.15000378e-04  5.25277293e-01  1.15000378e-04  1.22199516e-06  1.15000378e-04  1.48146287e-07  1.15000378e-04 -2.17029953e-06  1.15000378e-04  0.00000000e+00  1.15000378e-04  0.00000000e+00 
 1.15000736e-04  6.11749586e-01  1.15000736e-04  5.26438154e-01  1.15000736e-04  1.19034842e-06  1.15000736e-04 -7.00970548e-08  1.15000736e-04  2.20676381e-06  1.15000736e-04  0.00000000e+00  1.15000736e-04  0.00000000e+00 
 1.15001453e-04  6.11752202e-01  1.15001453e-04  5.27508274e-01  1.15001453e-04  1.22322170e-06  1.15001453e-04  1.31721333e-07  1.15001453e-04 -2.15802908e-06  1.15001453e-04  0.00000000e+00  1.15001453e-04  0.00000000e+00 
 1.15002886e-04  6.11755983e-01  1.15002886e-04  5.27570271e-01  1.15002886e-04  1.19163463e-06  1.15002886e-04 -9.19595365e-08  1.15002886e-04  2.20237878e-06  1.15002886e-04  0.00000000e+00  1.15002886e-04  0.00000000e+00 
 1.15005754e-04  6.11763282e-01  1.15005754e-04  5.26619610e-01  1.15005754e-04  1.22367374e-06  1.15005754e-04  1.11689975e-07  1.15005754e-04 -2.16262001e-06  1.15005754e-04  0.00000000e+00  1.15005754e-04  0.00000000e+00 
 1.15011488e-04  6.11776719e-01  1.15011488e-04  5.27503428e-01  1.15011488e-04  1.19144852e-06  1.15011488e-04 -1.08244869e-07  1.15011488e-04  2.19171000e-06  1.15011488e-04  0.00000000e+00  1.15011488e-04  0.00000000e+00 
 1.15022957e-04  6.11794210e-01  1.15022957e-04  5.36453340e-01  1.15022957e-04  1.22355257e-06  1.15022957e-04  9.49509956e-08  1.15022957e-04 -2.17962234e-06  1.15022957e-04  0.00000000e+00  1.15022957e-04  0.00000000e+00 
 1.15045894e-04  6.11808440e-01  1.15045894e-04  5.41765022e-01  1.15045894e-04  1.19192439e-06  1.15045894e-04 -1.02296644e-07  1.15045894e-04  2.18413162e-06  1.15045894e-04  0.00000000e+00  1.15045894e-04  0.00000000e+00 
 1.15074046e-04  6.11809463e-01  1.15074046e-04  5.39755208e-01  1.15074046e-04  1.22362990e-06  1.15074046e-04  1.04601224e-07  1.15074046e-04 -2.17882398e-06  1.15074046e-04  0.00000000e+00  1.15074046e-04  0.00000000e+00 
 1.15129025e-04  6.11800698e-01  1.15129025e-04  5.41046151e-01  1.15129025e-04  1.19183046e-06  1.15129025e-04 -1.04971931e-07  1.15129025e-04  2.18369844e-06  1.15129025e-04  0.00000000e+00  1.15129025e-04  0.00000000e+00 
 1.15229025e-04  6.11780092e-01  1.15229025e-04  5.39964725e-01  1.15229025e-04  1.22366843e-06  1.15229025e-04  1.05433164e-07  1.15229025e-04 -2.17863728e-06  1.15229025e-04  0.00000000e+00  1.15229025e-04  0.00000000e+00 
 1.15329025e-04  6.11759863e-01  1.15329025e-04  5.40934673e-01  1.15329025e-04  1.19180721e-06  1.15329025e-04 -1.05421646e-07  1.15329025e-04  2.18357935e-06  1.15329025e-04  0.00000000e+00  1.15329025e-04  0.00000000e+00 
 1.15429025e-04  6.11739559e-01  1.15429025e-04  5.40059339e-01  1.15429025e-04  1.22368932e-06  1.15429025e-04  1.05808350e-07  1.15429025e-04 -2.17852760e-06  1.15429025e-04  0.00000000e+00  1.15429025e-04  0.00000000e+00 
 1.15529025e-04  6.11719191e-01  1.15529025e-04  5.40854598e-01  1.15529025e-04  1.19178838e-06  1.15529025e-04 -1.05734780e-07  1.15529025e-04  2.18347724e-06  1.15529025e-04  0.00000000e+00  1.15529025e-04  0.00000000e+00 
 1.15629025e-04  6.11698968e-01  1.15629025e-04  5.40128663e-01  1.15629025e-04  1.22370637e-06  1.15629025e-04  1.06069630e-07  1.15629025e-04 -2.17843340e-06  1.15629025e-04  0.00000000e+00  1.15629025e-04  0.00000000e+00 
 1.15729025e-04  6.11678552e-01  1.15729025e-04  5.40794675e-01  1.15729025e-04  1.19177289e-06  1.15729025e-04 -1.05952403e-07  1.15729025e-04  2.18338934e-06  1.15729025e-04  0.00000000e+00  1.15729025e-04  0.00000000e+00 
 1.15829025e-04  6.11658367e-01  1.15829025e-04  5.40181473e-01  1.15829025e-04  1.22372050e-06  1.15829025e-04  1.06250382e-07  1.15829025e-04 -2.17835215e-06  1.15829025e-04  0.00000000e+00  1.15829025e-04  0.00000000e+00 
 1.15929025e-04  6.11637925e-01  1.15929025e-04  5.40748194e-01  1.15929025e-04  1.19175994e-06  1.15929025e-04 -1.06101834e-07  1.15929025e-04  2.18331332e-06  1.15929025e-04  0.00000000e+00  1.15929025e-04  0.00000000e+00 
 1.16029025e-04  6.11617763e-01  1.16029025e-04  5.40223056e-01  1.16029025e-04  1.22373241e-06  1.16029025e-04  1.06373147e-07  1.16029025e-04 -2.17828169e-06  1.16029025e-04  0.00000000e+00  1.16029025e-04  0.00000000e+00 
 1.16129025e-04  6.11597307e-01  1.16129025e-04  5.40711048e-01  1.16129025e-04  1.19174896e-06  1.16129025e-04 -1.06201797e-07  1.16129025e-04  2.18324721e-06  1.16129025e-04  0.00000000e+00  1.16129025e-04  0.00000000e+00 
 1.16229025e-04  6.11577158e-01  1.16229025e-04  5.40256691e-01  1.16229025e-04  1.22374257e-06  1.16229025e-04  1.06453586e-07  1.16229025e-04 -2.17822025e-06  1.16229025e-04  0.00000000e+00  1.16229025e-04  0.00000000e+00 
 1.16329025e-04  6.11556696e-01  1.16329025e-04  5.40680648e-01  1.16329025e-04  1.19173952e-06  1.16329025e-04 -1.06265475e-07  1.16329025e-04  2.18318937e-06  1.16329025e-04  0.00000000e+00  1.16329025e-04  0.00000000e+00 
 1.16429025e-04  6.11536553e-01  1.16429025e-04  5.40284476e-01  1.16429025e-04  1.22375135e-06  1.16429025e-04  1.06502867e-07  1.16429025e-04 -2.17816631e-06  1.16429025e-04  0.00000000e+00  1.16429025e-04  0.00000000e+00 
 1.16529025e-04  6.11516090e-01  1.16529025e-04  5.40655305e-01  1.16529025e-04  1.19173133e-06  1.16529025e-04 -1.06302376e-07  1.16529025e-04  2.18313843e-06  1.16529025e-04  0.00000000e+00  1.16529025e-04  0.00000000e+00 
 1.16629025e-04  6.11495949e-01  1.16629025e-04  5.40307806e-01  1.16629025e-04  1.22375902e-06  1.16629025e-04  1.06529128e-07  1.16629025e-04 -2.17811866e-06  1.16629025e-04  0.00000000e+00  1.16629025e-04  0.00000000e+00 
 1.16729025e-04  6.11475489e-01  1.16729025e-04  5.40633879e-01  1.16729025e-04  1.19172415e-06  1.16729025e-04 -1.06319495e-07  1.16729025e-04  2.18309326e-06  1.16729025e-04  0.00000000e+00  1.16729025e-04  0.00000000e+00 
 1.16829025e-04  6.11455346e-01  1.16829025e-04  5.40327637e-01  1.16829025e-04  1.22376575e-06  1.16829025e-04  1.06538404e-07  1.16829025e-04 -2.17807627e-06  1.16829025e-04  0.00000000e+00  1.16829025e-04  0.00000000e+00 
 1.16929025e-04  6.11434892e-01  1.16929025e-04  5.40615568e-01  1.16929025e-04  1.19171781e-06  1.16929025e-04 -1.06322056e-07  1.16929025e-04  2.18305293e-06  1.16929025e-04  0.00000000e+00  1.16929025e-04  0.00000000e+00 
 1.17029025e-04  6.11414744e-01  1.17029025e-04  5.40344654e-01  1.17029025e-04  1.22377172e-06  1.17029025e-04  1.06535233e-07  1.17029025e-04 -2.17803828e-06  1.17029025e-04  0.00000000e+00  1.17029025e-04  0.00000000e+00 
 1.17129025e-04  6.11394298e-01  1.17129025e-04  5.40599790e-01  1.17129025e-04  1.19171218e-06  1.17129025e-04 -1.06314010e-07  1.17129025e-04  2.18301664e-06  1.17129025e-04  0.00000000e+00  1.17129025e-04  0.00000000e+00 
 1.17229025e-04  6.11374143e-01  1.17229025e-04  5.40359366e-01  1.17229025e-04  1.22377703e-06  1.17229025e-04  1.06523059e-07  1.17229025e-04 -2.17800398e-06  1.17229025e-04  0.00000000e+00  1.17229025e-04  0.00000000e+00 
 1.17329025e-04  6.11353711e-01  1.17329025e-04  5.40586280e-01  1.17329025e-04  1.19170714e-06  1.17329025e-04 -1.06298374e-07  1.17329025e-04  2.18298302e-06  1.17329025e-04  0.00000000e+00  1.17329025e-04  0.00000000e+00 
 1.17429025e-04  6.11333554e-01  1.17429025e-04  5.40372369e-01  1.17429025e-04  1.22378176e-06  1.17429025e-04  1.06504504e-07  1.17429025e-04 -2.17797354e-06  1.17429025e-04  0.00000000e+00  1.17429025e-04  0.00000000e+00 
 1.17529025e-04  6.11313135e-01  1.17529025e-04  5.40574323e-01  1.17529025e-04  1.19170265e-06  1.17529025e-04 -1.06277406e-07  1.17529025e-04  2.18295311e-06  1.17529025e-04  0.00000000e+00  1.17529025e-04  0.00000000e+00 
 1.17629025e-04  6.11292969e-01  1.17629025e-04  5.40383499e-01  1.17629025e-04  1.22378602e-06  1.17629025e-04  1.06481582e-07  1.17629025e-04 -2.17794489e-06  1.17629025e-04  0.00000000e+00  1.17629025e-04  0.00000000e+00 
 1.17729025e-04  6.11272559e-01  1.17729025e-04  5.40563851e-01  1.17729025e-04  1.19169863e-06  1.17729025e-04 -1.06252909e-07  1.17729025e-04  2.18292561e-06  1.17729025e-04  0.00000000e+00  1.17729025e-04  0.00000000e+00 
 1.17829025e-04  6.11252383e-01  1.17829025e-04  5.40393269e-01  1.17829025e-04  1.22378984e-06  1.17829025e-04  1.06455844e-07  1.17829025e-04 -2.17791849e-06  1.17829025e-04  0.00000000e+00  1.17829025e-04  0.00000000e+00 
 1.17929025e-04  6.11231984e-01  1.17929025e-04  5.40554648e-01  1.17929025e-04  1.19169499e-06  1.17929025e-04 -1.06226221e-07  1.17929025e-04  2.18290015e-06  1.17929025e-04  0.00000000e+00  1.17929025e-04  0.00000000e+00 
 1.18029025e-04  6.11211799e-01  1.18029025e-04  5.40401874e-01  1.18029025e-04  1.22379330e-06  1.18029025e-04  1.06428462e-07  1.18029025e-04 -2.17789399e-06  1.18029025e-04  0.00000000e+00  1.18029025e-04  0.00000000e+00 
 1.18129025e-04  6.11191410e-01  1.18129025e-04  5.40546533e-01  1.18129025e-04  1.19169170e-06  1.18129025e-04 -1.06198363e-07  1.18129025e-04  2.18287643e-06  1.18129025e-04  0.00000000e+00  1.18129025e-04  0.00000000e+00 
 1.18229025e-04  6.11171215e-01  1.18229025e-04  5.40409475e-01  1.18229025e-04  1.22379643e-06  1.18229025e-04  1.06400323e-07  1.18229025e-04 -2.17787111e-06  1.18229025e-04  0.00000000e+00  1.18229025e-04  0.00000000e+00 
 1.18329025e-04  6.11150836e-01  1.18329025e-04  5.40539357e-01  1.18329025e-04  1.19168872e-06  1.18329025e-04 -1.06170106e-07  1.18329025e-04  2.18285419e-06  1.18329025e-04  0.00000000e+00  1.18329025e-04  0.00000000e+00 
 1.18429025e-04  6.11130633e-01  1.18429025e-04  5.40416208e-01  1.18429025e-04  1.22379928e-06  1.18429025e-04  1.06372093e-07  1.18429025e-04 -2.17784962e-06  1.18429025e-04  0.00000000e+00  1.18429025e-04  0.00000000e+00 
 1.18529025e-04  6.11110263e-01  1.18529025e-04  5.40532995e-01  1.18529025e-04  1.19168601e-06  1.18529025e-04 -1.06142026e-07  1.18529025e-04  2.18283321e-06  1.18529025e-04  0.00000000e+00  1.18529025e-04  0.00000000e+00 
 1.18629025e-04  6.11090052e-01  1.18629025e-04  5.40422188e-01  1.18629025e-04  1.22380186e-06  1.18629025e-04  1.06344268e-07  1.18629025e-04 -2.17782930e-06  1.18629025e-04  0.00000000e+00  1.18629025e-04  0.00000000e+00 
 1.18729025e-04  6.11069691e-01  1.18729025e-04  5.40527339e-01  1.18729025e-04  1.19168355e-06  1.18729025e-04 -1.06114543e-07  1.18729025e-04  2.18281332e-06  1.18729025e-04  0.00000000e+00  1.18729025e-04  0.00000000e+00 
 1.18829025e-04  6.11049472e-01  1.18829025e-04  5.40427511e-01  1.18829025e-04  1.22380422e-06  1.18829025e-04  1.06317204e-07  1.18829025e-04 -2.17781000e-06  1.18829025e-04  0.00000000e+00  1.18829025e-04  0.00000000e+00 
 1.18929025e-04  6.11029120e-01  1.18929025e-04  5.40522299e-01  1.18929025e-04  1.19168130e-06  1.18929025e-04 -1.06087960e-07  1.18929025e-04  2.18279436e-06  1.18929025e-04  0.00000000e+00  1.18929025e-04  0.00000000e+00 
 1.19029025e-04  6.11008894e-01  1.19029025e-04  5.40432261e-01  1.19029025e-04  1.22380637e-06  1.19029025e-04  1.06291155e-07  1.19029025e-04 -2.17779157e-06  1.19029025e-04  0.00000000e+00  1.19029025e-04  0.00000000e+00 
 1.19129025e-04  6.10988550e-01  1.19129025e-04  5.40517798e-01  1.19129025e-04  1.19167924e-06  1.19129025e-04 -1.06062485e-07  1.19129025e-04  2.18277621e-06  1.19129025e-04  0.00000000e+00  1.19129025e-04  0.00000000e+00 
 1.19229025e-04  6.10968318e-01  1.19229025e-04  5.40436509e-01  1.19229025e-04  1.22380834e-06  1.19229025e-04  1.06266289e-07  1.19229025e-04 -2.17777390e-06  1.19229025e-04  0.00000000e+00  1.19229025e-04  0.00000000e+00 
 1.19329025e-04  6.10947981e-01  1.19329025e-04  5.40513768e-01  1.19329025e-04  1.19167735e-06  1.19329025e-04 -1.06038254e-07  1.19329025e-04  2.18275876e-06  1.19329025e-04  0.00000000e+00  1.19329025e-04  0.00000000e+00 
 1.19429025e-04  6.10927743e-01  1.19429025e-04  5.40440318e-01  1.19429025e-04  1.22381015e-06  1.19429025e-04  1.06242714e-07  1.19429025e-04 -2.17775689e-06  1.19429025e-04  0.00000000e+00  1.19429025e-04  0.00000000e+00 
 1.19529025e-04  6.10907412e-01  1.19529025e-04  5.40510152e-01  1.19529025e-04  1.19167562e-06  1.19529025e-04 -1.06015348e-07  1.19529025e-04  2.18274191e-06  1.19529025e-04  0.00000000e+00  1.19529025e-04  0.00000000e+00 
 1.19629025e-04  6.10887169e-01  1.19629025e-04  5.40443739e-01  1.19629025e-04  1.22381181e-06  1.19629025e-04  1.06220486e-07  1.19629025e-04 -2.17774044e-06  1.19629025e-04  0.00000000e+00  1.19629025e-04  0.00000000e+00 
 1.19729025e-04  6.10866845e-01  1.19729025e-04  5.40506902e-01  1.19729025e-04  1.19167403e-06  1.19729025e-04 -1.05993802e-07  1.19729025e-04  2.18272560e-06  1.19729025e-04  0.00000000e+00  1.19729025e-04  0.00000000e+00 
 1.19829025e-04  6.10846598e-01  1.19829025e-04  5.40446818e-01  1.19829025e-04  1.22381333e-06  1.19829025e-04  1.06199624e-07  1.19829025e-04 -2.17772450e-06  1.19829025e-04  0.00000000e+00  1.19829025e-04  0.00000000e+00 
 1.19929025e-04  6.10826279e-01  1.19929025e-04  5.40503973e-01  1.19929025e-04  1.19167257e-06  1.19929025e-04 -1.05973623e-07  1.19929025e-04  2.18270974e-06  1.19929025e-04  0.00000000e+00  1.19929025e-04  0.00000000e+00 
 1.20029025e-04  6.10806028e-01  1.20029025e-04  5.40449596e-01  1.20029025e-04  1.22381474e-06  1.20029025e-04  1.06180122e-07  1.20029025e-04 -2.17770899e-06  1.20029025e-04  0.00000000e+00  1.20029025e-04  0.00000000e+00 
 1.20129025e-04  6.10785714e-01  1.20129025e-04  5.40501329e-01  1.20129025e-04  1.19167122e-06  1.20129025e-04 -1.05954789e-07  1.20129025e-04  2.18269429e-06  1.20129025e-04  0.00000000e+00  1.20129025e-04  0.00000000e+00 
 1.20229025e-04  6.10765460e-01  1.20229025e-04  5.40452107e-01  1.20229025e-04  1.22381604e-06  1.20229025e-04  1.06161949e-07  1.20229025e-04 -2.17769386e-06  1.20229025e-04  0.00000000e+00  1.20229025e-04  0.00000000e+00 
 1.20329025e-04  6.10745150e-01  1.20329025e-04  5.40498936e-01  1.20329025e-04  1.19166997e-06  1.20329025e-04 -1.05937265e-07  1.20329025e-04  2.18267920e-06  1.20329025e-04  0.00000000e+00  1.20329025e-04  0.00000000e+00 
 1.20429025e-04  6.10724893e-01  1.20429025e-04  5.40454381e-01  1.20429025e-04  1.22381724e-06  1.20429025e-04  1.06145062e-07  1.20429025e-04 -2.17767906e-06  1.20429025e-04  0.00000000e+00  1.20429025e-04  0.00000000e+00 
 1.20529025e-04  6.10704588e-01  1.20529025e-04  5.40496768e-01  1.20529025e-04  1.19166882e-06  1.20529025e-04 -1.05921001e-07  1.20529025e-04  2.18266442e-06  1.20529025e-04  0.00000000e+00  1.20529025e-04  0.00000000e+00 
 1.20629025e-04  6.10684328e-01  1.20629025e-04  5.40456444e-01  1.20629025e-04  1.22381834e-06  1.20629025e-04  1.06129406e-07  1.20629025e-04 -2.17766457e-06  1.20629025e-04  0.00000000e+00  1.20629025e-04  0.00000000e+00 
 1.20729025e-04  6.10664027e-01  1.20729025e-04  5.40494798e-01  1.20729025e-04  1.19166776e-06  1.20729025e-04 -1.05905938e-07  1.20729025e-04  2.18264992e-06  1.20729025e-04  0.00000000e+00  1.20729025e-04  0.00000000e+00 
 1.20829025e-04  6.10643765e-01  1.20829025e-04  5.40458320e-01  1.20829025e-04  1.22381937e-06  1.20829025e-04  1.06114921e-07  1.20829025e-04 -2.17765034e-06  1.20829025e-04  0.00000000e+00  1.20829025e-04  0.00000000e+00 
 1.20929025e-04  6.10623467e-01  1.20929025e-04  5.40493005e-01  1.20929025e-04  1.19166677e-06  1.20929025e-04 -1.05892014e-07  1.20929025e-04  2.18263567e-06  1.20929025e-04  0.00000000e+00  1.20929025e-04  0.00000000e+00 
 1.21029025e-04  6.10603204e-01  1.21029025e-04  5.40460030e-01  1.21029025e-04  1.22382032e-06  1.21029025e-04  1.06101541e-07  1.21029025e-04 -2.17763635e-06  1.21029025e-04  0.00000000e+00  1.21029025e-04  0.00000000e+00 
 1.21129025e-04  6.10582908e-01  1.21129025e-04  5.40491371e-01  1.21129025e-04  1.19166585e-06  1.21129025e-04 -1.05879161e-07  1.21129025e-04  2.18262164e-06  1.21129025e-04  0.00000000e+00  1.21129025e-04  0.00000000e+00 
 1.21229025e-04  6.10562644e-01  1.21229025e-04  5.40461589e-01  1.21229025e-04  1.22382121e-06  1.21229025e-04  1.06089199e-07  1.21229025e-04 -2.17762256e-06  1.21229025e-04  0.00000000e+00  1.21229025e-04  0.00000000e+00 
 1.21329025e-04  6.10542351e-01  1.21329025e-04  5.40489879e-01  1.21329025e-04  1.19166500e-06  1.21329025e-04 -1.05867313e-07  1.21329025e-04  2.18260781e-06  1.21329025e-04  0.00000000e+00  1.21329025e-04  0.00000000e+00 
 1.21429025e-04  6.10522085e-01  1.21429025e-04  5.40463015e-01  1.21429025e-04  1.22382203e-06  1.21429025e-04  1.06077828e-07  1.21429025e-04 -2.17760896e-06  1.21429025e-04  0.00000000e+00  1.21429025e-04  0.00000000e+00 
 1.21529025e-04  6.10501795e-01  1.21529025e-04  5.40488514e-01  1.21529025e-04  1.19166421e-06  1.21529025e-04 -1.05856402e-07  1.21529025e-04  2.18259415e-06  1.21529025e-04  0.00000000e+00  1.21529025e-04  0.00000000e+00 
 1.21629025e-04  6.10481529e-01  1.21629025e-04  5.40464320e-01  1.21629025e-04  1.22382279e-06  1.21629025e-04  1.06067361e-07  1.21629025e-04 -2.17759553e-06  1.21629025e-04  0.00000000e+00  1.21629025e-04  0.00000000e+00 
 1.21729025e-04  6.10461240e-01  1.21729025e-04  5.40487262e-01  1.21729025e-04  1.19166347e-06  1.21729025e-04 -1.05846362e-07  1.21729025e-04  2.18258066e-06  1.21729025e-04  0.00000000e+00  1.21729025e-04  0.00000000e+00 
 1.21829025e-04  6.10440974e-01  1.21829025e-04  5.40465518e-01  1.21829025e-04  1.22382350e-06  1.21829025e-04  1.06057733e-07  1.21829025e-04 -2.17758225e-06  1.21829025e-04  0.00000000e+00  1.21829025e-04  0.00000000e+00 
 1.21929025e-04  6.10420687e-01  1.21929025e-04  5.40486113e-01  1.21929025e-04  1.19166279e-06  1.21929025e-04 -1.05837129e-07  1.21929025e-04  2.18256730e-06  1.21929025e-04  0.00000000e+00  1.21929025e-04  0.00000000e+00 
 1.22029025e-04  6.10400421e-01  1.22029025e-04  5.40466619e-01  1.22029025e-04  1.22382416e-06  1.22029025e-04  1.06048881e-07  1.22029025e-04 -2.17756911e-06  1.22029025e-04  0.00000000e+00  1.22029025e-04  0.00000000e+00 
 1.22129025e-04  6.10380135e-01  1.22129025e-04  5.40485057e-01  1.22129025e-04  1.19166215e-06  1.22129025e-04 -1.05828643e-07  1.22129025e-04  2.18255408e-06  1.22129025e-04  0.00000000e+00  1.22129025e-04  0.00000000e+00 
 1.22229025e-04  6.10359869e-01  1.22229025e-04  5.40467632e-01  1.22229025e-04  1.22382478e-06  1.22229025e-04  1.06040746e-07  1.22229025e-04 -2.17755609e-06  1.22229025e-04  0.00000000e+00  1.22229025e-04  0.00000000e+00 
 1.22329025e-04  6.10339585e-01  1.22329025e-04  5.40484084e-01  1.22329025e-04  1.19166155e-06  1.22329025e-04 -1.05820844e-07  1.22329025e-04  2.18254097e-06  1.22329025e-04  0.00000000e+00  1.22329025e-04  0.00000000e+00 
 1.22429025e-04  6.10319319e-01  1.22429025e-04  5.40468565e-01  1.22429025e-04  1.22382535e-06  1.22429025e-04  1.06033271e-07  1.22429025e-04 -2.17754318e-06  1.22429025e-04  0.00000000e+00  1.22429025e-04  0.00000000e+00 
 1.22529025e-04  6.10299036e-01  1.22529025e-04  5.40483186e-01  1.22529025e-04  1.19166100e-06  1.22529025e-04 -1.05813679e-07  1.22529025e-04  2.18252796e-06  1.22529025e-04  0.00000000e+00  1.22529025e-04  0.00000000e+00 
 1.22629025e-04  6.10278770e-01  1.22629025e-04  5.40469427e-01  1.22629025e-04  1.22382589e-06  1.22629025e-04  1.06026402e-07  1.22629025e-04 -2.17753037e-06  1.22629025e-04  0.00000000e+00  1.22629025e-04  0.00000000e+00 
 1.22729025e-04  6.10258488e-01  1.22729025e-04  5.40482357e-01  1.22729025e-04  1.19166048e-06  1.22729025e-04 -1.05807094e-07  1.22729025e-04  2.18251506e-06  1.22729025e-04  0.00000000e+00  1.22729025e-04  0.00000000e+00 
 1.22829025e-04  6.10238223e-01  1.22829025e-04  5.40470224e-01  1.22829025e-04  1.22382639e-06  1.22829025e-04  1.06020089e-07  1.22829025e-04 -2.17751766e-06  1.22829025e-04  0.00000000e+00  1.22829025e-04  0.00000000e+00 
 1.22929025e-04  6.10217942e-01  1.22929025e-04  5.40481591e-01  1.22929025e-04  1.19165999e-06  1.22929025e-04 -1.05801042e-07  1.22929025e-04  2.18250224e-06  1.22929025e-04  0.00000000e+00  1.22929025e-04  0.00000000e+00 
 1.23029025e-04  6.10197678e-01  1.23029025e-04  5.40470961e-01  1.23029025e-04  1.22382686e-06  1.23029025e-04  1.06014286e-07  1.23029025e-04 -2.17750503e-06  1.23029025e-04  0.00000000e+00  1.23029025e-04  0.00000000e+00 
 1.23129025e-04  6.10177398e-01  1.23129025e-04  5.40480880e-01  1.23129025e-04  1.19165954e-06  1.23129025e-04 -1.05795476e-07  1.23129025e-04  2.18248950e-06  1.23129025e-04  0.00000000e+00  1.23129025e-04  0.00000000e+00 
 1.23229025e-04  6.10157134e-01  1.23229025e-04  5.40471644e-01  1.23229025e-04  1.22382730e-06  1.23229025e-04  1.06008948e-07  1.23229025e-04 -2.17749248e-06  1.23229025e-04  0.00000000e+00  1.23229025e-04  0.00000000e+00 
 1.23329025e-04  6.10136855e-01  1.23329025e-04  5.40480222e-01  1.23329025e-04  1.19165912e-06  1.23329025e-04 -1.05790356e-07  1.23329025e-04  2.18247684e-06  1.23329025e-04  0.00000000e+00  1.23329025e-04  0.00000000e+00 
 1.23429025e-04  6.10116592e-01  1.23429025e-04  5.40472279e-01  1.23429025e-04  1.22382771e-06  1.23429025e-04  1.06004036e-07  1.23429025e-04 -2.17748000e-06  1.23429025e-04  0.00000000e+00  1.23429025e-04  0.00000000e+00 
 1.23529025e-04  6.10096313e-01  1.23529025e-04  5.40479610e-01  1.23529025e-04  1.19165872e-06  1.23529025e-04 -1.05785641e-07  1.23529025e-04  2.18246424e-06  1.23529025e-04  0.00000000e+00  1.23529025e-04  0.00000000e+00 
 1.23629025e-04  6.10076052e-01  1.23629025e-04  5.40472868e-01  1.23629025e-04  1.22382809e-06  1.23629025e-04  1.05999510e-07  1.23629025e-04 -2.17746758e-06  1.23629025e-04  0.00000000e+00  1.23629025e-04  0.00000000e+00 
 1.23729025e-04  6.10055773e-01  1.23729025e-04  5.40479041e-01  1.23729025e-04  1.19165835e-06  1.23729025e-04 -1.05781296e-07  1.23729025e-04  2.18245171e-06  1.23729025e-04  0.00000000e+00  1.23729025e-04  0.00000000e+00 
 1.23829025e-04  6.10035513e-01  1.23829025e-04  5.40473416e-01  1.23829025e-04  1.22382845e-06  1.23829025e-04  1.05995338e-07  1.23829025e-04 -2.17745523e-06  1.23829025e-04  0.00000000e+00  1.23829025e-04  0.00000000e+00 
 1.23929025e-04  6.10015235e-01  1.23929025e-04  5.40478512e-01  1.23929025e-04  1.19165801e-06  1.23929025e-04 -1.05777287e-07  1.23929025e-04  2.18243924e-06  1.23929025e-04  0.00000000e+00  1.23929025e-04  0.00000000e+00 
 1.24029025e-04  6.09994975e-01  1.24029025e-04  5.40473927e-01  1.24029025e-04  1.22382878e-06  1.24029025e-04  1.05991486e-07  1.24029025e-04 -2.17744293e-06  1.24029025e-04  0.00000000e+00  1.24029025e-04  0.00000000e+00 
 1.24129025e-04  6.09974698e-01  1.24129025e-04  5.40478019e-01  1.24129025e-04  1.19165768e-06  1.24129025e-04 -1.05773584e-07  1.24129025e-04  2.18242682e-06  1.24129025e-04  0.00000000e+00  1.24129025e-04  0.00000000e+00 
 1.24229025e-04  6.09954439e-01  1.24229025e-04  5.40474403e-01  1.24229025e-04  1.22382910e-06  1.24229025e-04  1.05987925e-07  1.24229025e-04 -2.17743068e-06  1.24229025e-04  0.00000000e+00  1.24229025e-04  0.00000000e+00 
 1.24329025e-04  6.09934162e-01  1.24329025e-04  5.40477559e-01  1.24329025e-04  1.19165738e-06  1.24329025e-04 -1.05770159e-07  1.24329025e-04  2.18241444e-06  1.24329025e-04  0.00000000e+00  1.24329025e-04  0.00000000e+00 
 1.24429025e-04  6.09913905e-01  1.24429025e-04  5.40474847e-01  1.24429025e-04  1.22382939e-06  1.24429025e-04  1.05984629e-07  1.24429025e-04 -2.17741848e-06  1.24429025e-04  0.00000000e+00  1.24429025e-04  0.00000000e+00 
 1.24529025e-04  6.09893628e-01  1.24529025e-04  5.40477130e-01  1.24529025e-04  1.19165710e-06  1.24529025e-04 -1.05766986e-07  1.24529025e-04  2.18240212e-06  1.24529025e-04  0.00000000e+00  1.24529025e-04  0.00000000e+00 
 1.24629025e-04  6.09873372e-01  1.24629025e-04  5.40475261e-01  1.24629025e-04  1.22382966e-06  1.24629025e-04  1.05981573e-07  1.24629025e-04 -2.17740633e-06  1.24629025e-04  0.00000000e+00  1.24629025e-04  0.00000000e+00 
 1.24729025e-04  6.09853096e-01  1.24729025e-04  5.40476729e-01  1.24729025e-04  1.19165683e-06  1.24729025e-04 -1.05764040e-07  1.24729025e-04  2.18238983e-06  1.24729025e-04  0.00000000e+00  1.24729025e-04  0.00000000e+00 
 1.24829025e-04  6.09832841e-01  1.24829025e-04  5.40475649e-01  1.24829025e-04  1.22382992e-06  1.24829025e-04  1.05978733e-07  1.24829025e-04 -2.17739421e-06  1.24829025e-04  0.00000000e+00  1.24829025e-04  0.00000000e+00 
 1.24914512e-04  6.09815506e-01  1.24914512e-04  5.40476323e-01  1.24914512e-04  1.19165656e-06  1.24914512e-04 -1.05761077e-07  1.24914512e-04  2.18237656e-06  1.24914512e-04  0.00000000e+00  1.24914512e-04  0.00000000e+00 
 1.25000000e-04  6.09798193e-01  1.25000000e-04  5.40476071e-01  1.25000000e-04  1.22383020e-06  1.25000000e-04  1.05975659e-07  1.25000000e-04 -2.17738007e-06  1.25000000e-04  1.62630326e-09  1.25000000e-04  0.00000000e+00 
 1.25000001e-04  6.09801290e-01  1.25000001e-04  5.41326322e-01  1.25000001e-04  1.00444954e-06  1.25000001e-04  2.44480502e-06  1.25000001e-04 -7.09153598e-07  1.25000001e-04  1.20000001e-01  1.25000001e-04  0.00000000e+00 
 1.25000003e-04  6.09807595e-01  1.25000003e-04  5.42980210e-01  1.25000003e-04  1.00114266e-06  1.25000003e-04  2.39030046e-06  1.25000003e-04 -5.21861965e-07  1.25000003e-04  3.60000000e-01  1.25000003e-04  0.00000000e+00 
 1.25000006e-04  6.09818156e-01  1.25000006e-04  5.45621712e-01  1.25000006e-04  1.03410274e-06  1.25000006e-04  1.34233149e-06  1.25000006e-04 -5.83563995e-07  1.25000006e-04  7.79999999e-01  1.25000006e-04  0.00000000e+00 
 1.25000010e-04  6.09826029e-01  1.25000010e-04  5.47442485e-01  1.25000010e-04  1.11077167e-06  1.25000010e-04 -9.18498518e-08  1.25000010e-04 -1.83462717e-07  1.25000010e-04  1.20000000e+00  1.25000010e-04  0.00000000e+00 
 1.25000011e-04  6.09825691e-01  1.25000011e-04  5.47258143e-01  1.25000011e-04  1.25790018e-06  1.25000011e-04 -2.17758224e-06  1.25000011e-04  1.75203171e-07  1.25000011e-04  1.20000000e+00  1.25000011e-04  0.00000000e+00 
 1.25000012e-04  6.09824808e-01  1.25000012e-04  5.46885850e-01  1.25000012e-04  1.27254610e-06  1.25000012e-04 -2.48987116e-06  1.25000012e-04  2.30568236e-07  1.25000012e-04  1.20000000e+00  1.25000012e-04  0.00000000e+00 
 1.25000015e-04  6.09822945e-01  1.25000015e-04  5.46220784e-01  1.25000015e-04  1.24723560e-06  1.25000015e-04 -1.93364391e-06  1.25000015e-04  1.38441124e-07  1.25000015e-04  1.20000000e+00  1.25000015e-04  0.00000000e+00 
 1.25000021e-04  6.09819179e-01  1.25000021e-04  5.45066685e-01  1.25000021e-04  1.25898449e-06  1.25000021e-04 -1.81338304e-06  1.25000021e-04  1.75704506e-07  1.25000021e-04  1.20000000e+00  1.25000021e-04  0.00000000e+00 
 1.25000032e-04  6.09810421e-01  1.25000032e-04  5.42751153e-01  1.25000032e-04  1.25278770e-06  1.25000032e-04 -8.27049151e-07  1.25000032e-04  1.35423179e-07  1.25000032e-04  1.20000000e+00  1.25000032e-04  0.00000000e+00 
 1.25000054e-04  6.09778739e-01  1.25000054e-04  5.34847352e-01  1.25000054e-04  1.34205833e-06  1.25000054e-04 -1.85097681e-07  1.25000054e-04  3.83115140e-07  1.25000054e-04  1.20000000e+00  1.25000054e-04  0.00000000e+00 
 1.25000091e-04  6.09720075e-01  1.25000091e-04  5.15398457e-01  1.25000091e-04  1.36399277e-06  1.25000091e-04  2.58817019e-06  1.25000091e-04  3.90550007e-07  1.25000091e-04  1.20000000e+00  1.25000091e-04  0.00000000e+00 
 1.25000126e-04  6.09712345e-01  1.25000126e-04  5.05805738e-01  1.25000126e-04  1.22952673e-06  1.25000126e-04  2.68713562e-06  1.25000126e-04 -4.71529633e-09  1.25000126e-04  1.20000000e+00  1.25000126e-04  0.00000000e+00 
 1.25000197e-04  6.09759808e-01  1.25000197e-04  4.94732911e-01  1.25000197e-04  1.30250955e-06  1.25000197e-04  1.17452586e-06  1.25000197e-04  2.24199457e-07  1.25000197e-04  1.20000000e+00  1.25000197e-04  0.00000000e+00 
 1.25000276e-04  6.09827147e-01  1.25000276e-04  4.87922318e-01  1.25000276e-04  1.18411886e-06  1.25000276e-04  1.39070233e-06  1.25000276e-04 -1.08885596e-07  1.25000276e-04  1.20000000e+00  1.25000276e-04  0.00000000e+00 
 1.25000398e-04  6.09905152e-01  1.25000398e-04  4.82095392e-01  1.25000398e-04  1.27158706e-06  1.25000398e-04  5.21447961e-07  1.25000398e-04  1.65038428e-07  1.25000398e-04  1.20000000e+00  1.25000398e-04  0.00000000e+00 
 1.25000617e-04  6.09993305e-01  1.25000617e-04  4.79940005e-01  1.25000617e-04  1.15312245e-06  1.25000617e-04  9.22909064e-07  1.25000617e-04 -1.65597028e-07  1.25000617e-04  1.20000000e+00  1.25000617e-04  0.00000000e+00 
 1.25001055e-04  6.10074969e-01  1.25001055e-04  4.84750137e-01  1.25001055e-04  1.25186747e-06  1.25001055e-04  1.79004733e-07  1.25001055e-04  1.35836283e-07  1.25001055e-04  1.20000000e+00  1.25001055e-04  0.00000000e+00 
 1.25001907e-04  6.10137296e-01  1.25001907e-04  4.97767102e-01  1.25001907e-04  1.14885697e-06  1.25001907e-04  6.90035726e-07  1.25001907e-04 -1.65552673e-07  1.25001907e-04  1.20000000e+00  1.25001907e-04  0.00000000e+00 
 1.25003207e-04  6.10186610e-01  1.25003207e-04  5.10041706e-01  1.25003207e-04  1.25789747e-06  1.25003207e-04  3.86543729e-08  1.25003207e-04  1.52933572e-07  1.25003207e-04  1.20000000e+00  1.25003207e-04  0.00000000e+00 
 1.25005770e-04  6.10267285e-01  1.25005770e-04  5.22637375e-01  1.25005770e-04  1.15405323e-06  1.25005770e-04  6.19891205e-07  1.25005770e-04 -1.52900720e-07  1.25005770e-04  1.20000000e+00  1.25005770e-04  0.00000000e+00 
 1.25010895e-04  6.10424824e-01  1.25010895e-04  5.33898720e-01  1.25010895e-04  1.26041218e-06  1.25010895e-04  3.67961172e-08  1.25010895e-04  1.58032256e-07  1.25010895e-04  1.20000000e+00  1.25010895e-04  0.00000000e+00 
 1.25021145e-04  6.10744982e-01  1.25021145e-04  5.39807215e-01  1.25021145e-04  1.15512400e-06  1.25021145e-04  6.32317402e-07  1.25021145e-04 -1.52543725e-07  1.25021145e-04  1.20000000e+00  1.25021145e-04  0.00000000e+00 
 1.25040384e-04  6.11328279e-01  1.25040384e-04  5.40546428e-01  1.25040384e-04  1.26048737e-06  1.25040384e-04  2.93122507e-08  1.25040384e-04  1.57538759e-07  1.25040384e-04  1.20000000e+00  1.25040384e-04  0.00000000e+00 
 1.25078861e-04  6.12479619e-01  1.25078861e-04  5.40475911e-01  1.25078861e-04  1.15499827e-06  1.25078861e-04  6.30752539e-07  1.25078861e-04 -1.52538105e-07  1.25078861e-04  1.20000000e+00  1.25078861e-04  0.00000000e+00 
 1.25155817e-04  6.14771661e-01  1.25155817e-04  5.40470731e-01  1.25155817e-04  1.26048823e-06  1.25155817e-04  2.95950685e-08  1.25155817e-04  1.57540472e-07  1.25155817e-04  1.20000000e+00  1.25155817e-04  0.00000000e+00 
 1.25255817e-04  6.17749519e-01  1.25255817e-04  5.40501944e-01  1.25255817e-04  1.15499831e-06  1.25255817e-04  6.30751983e-07  1.25255817e-04 -1.52526114e-07  1.25255817e-04  1.20000000e+00  1.25255817e-04  0.00000000e+00 
 1.25355817e-04  6.20727672e-01  1.25355817e-04  5.40452826e-01  1.25355817e-04  1.26048823e-06  1.25355817e-04  2.97335899e-08  1.25355817e-04  1.57549830e-07  1.25355817e-04  1.20000000e+00  1.25355817e-04  0.00000000e+00 
 1.25455817e-04  6.23706440e-01  1.25455817e-04  5.40516678e-01  1.25455817e-04  1.15499823e-06  1.25455817e-04  6.30805490e-07  1.25455817e-04 -1.52513821e-07  1.25455817e-04  1.20000000e+00  1.25455817e-04  0.00000000e+00 
 1.25555817e-04  6.26685122e-01  1.25555817e-04  5.40440662e-01  1.25555817e-04  1.26048842e-06  1.25555817e-04  2.98486313e-08  1.25555817e-04  1.57559764e-07  1.25555817e-04  1.20000000e+00  1.25555817e-04  0.00000000e+00 
 1.25655817e-04  6.29664642e-01  1.25655817e-04  5.40526942e-01  1.25655817e-04  1.15499792e-06  1.25655817e-04  6.30877855e-07  1.25655817e-04 -1.52502166e-07  1.25655817e-04  1.20000000e+00  1.25655817e-04  0.00000000e+00 
 1.25755817e-04  6.32643939e-01  1.25755817e-04  5.40432098e-01  1.25755817e-04  1.26048885e-06  1.25755817e-04  2.99510219e-08  1.25755817e-04  1.57570263e-07  1.25755817e-04  1.20000000e+00  1.25755817e-04  0.00000000e+00 
 1.25855817e-04  6.35624179e-01  1.25855817e-04  5.40534361e-01  1.25855817e-04  1.15499736e-06  1.25855817e-04  6.30960744e-07  1.25855817e-04 -1.52491121e-07  1.25855817e-04  1.20000000e+00  1.25855817e-04  0.00000000e+00 
 1.25955817e-04  6.38604123e-01  1.25955817e-04  5.40425873e-01  1.25955817e-04  1.26048952e-06  1.25955817e-04  3.00474811e-08  1.25955817e-04  1.57581288e-07  1.25955817e-04  1.20000000e+00  1.25955817e-04  0.00000000e+00 
 1.26055817e-04  6.41585076e-01  1.26055817e-04  5.40539897e-01  1.26055817e-04  1.15499660e-06  1.26055817e-04  6.31049103e-07  1.26055817e-04 -1.52480640e-07  1.26055817e-04  1.20000000e+00  1.26055817e-04  0.00000000e+00 
 1.26155817e-04  6.44565689e-01  1.26155817e-04  5.40421236e-01  1.26155817e-04  1.26049038e-06  1.26155817e-04  3.01421242e-08  1.26155817e-04  1.57592792e-07  1.26155817e-04  1.20000000e+00  1.26155817e-04  0.00000000e+00 
 1.26255817e-04  6.47547357e-01  1.26255817e-04  5.40544129e-01  1.26255817e-04  1.15499565e-06  1.26255817e-04  6.31139949e-07  1.26255817e-04 -1.52470673e-07  1.26255817e-04  1.20000000e+00  1.26255817e-04  0.00000000e+00 
 1.26355817e-04  6.50528655e-01  1.26355817e-04  5.40417726e-01  1.26355817e-04  1.26049140e-06  1.26355817e-04  3.02374333e-08  1.26355817e-04  1.57604721e-07  1.26355817e-04  1.20000000e+00  1.26355817e-04  0.00000000e+00 
 1.26455817e-04  6.53511044e-01  1.26455817e-04  5.40547420e-01  1.26455817e-04  1.15499456e-06  1.26455817e-04  6.31231622e-07  1.26455817e-04 -1.52461167e-07  1.26455817e-04  1.20000000e+00  1.26455817e-04  0.00000000e+00 
 1.26555817e-04  6.56493042e-01  1.26555817e-04  5.40415055e-01  1.26555817e-04  1.26049255e-06  1.26555817e-04  3.03348567e-08  1.26555817e-04  1.57617025e-07  1.26555817e-04  1.20000000e+00  1.26555817e-04  0.00000000e+00 
 1.26655817e-04  6.59476163e-01  1.26655817e-04  5.40550000e-01  1.26655817e-04  1.15499336e-06  1.26655817e-04  6.31323287e-07  1.26655817e-04 -1.52452071e-07  1.26655817e-04  1.20000000e+00  1.26655817e-04  0.00000000e+00 
 1.26755817e-04  6.62458876e-01  1.26755817e-04  5.40413034e-01  1.26755817e-04  1.26049381e-06  1.26755817e-04  3.04352033e-08  1.26755817e-04  1.57629654e-07  1.26755817e-04  1.20000000e+00  1.26755817e-04  0.00000000e+00 
 1.26855817e-04  6.65442739e-01  1.26855817e-04  5.40552024e-01  1.26855817e-04  1.15499205e-06  1.26855817e-04  6.31414631e-07  1.26855817e-04 -1.52443336e-07  1.26855817e-04  1.20000000e+00  1.26855817e-04  0.00000000e+00 
 1.26955817e-04  6.68426181e-01  1.26955817e-04  5.40411537e-01  1.26955817e-04  1.26049514e-06  1.26955817e-04  3.05388891e-08  1.26955817e-04  1.57642561e-07  1.26955817e-04  1.20000000e+00  1.26955817e-04  0.00000000e+00 
 1.27055817e-04  6.71410801e-01  1.27055817e-04  5.40553599e-01  1.27055817e-04  1.15499068e-06  1.27055817e-04  6.31505665e-07  1.27055817e-04 -1.52434918e-07  1.27055817e-04  1.20000000e+00  1.27055817e-04  0.00000000e+00 
 1.27155817e-04  6.74394989e-01  1.27155817e-04  5.40410474e-01  1.27155817e-04  1.26049655e-06  1.27155817e-04  3.06460952e-08  1.27155817e-04  1.57655705e-07  1.27155817e-04  1.20000000e+00  1.27155817e-04  0.00000000e+00 
 1.27255817e-04  6.77380382e-01  1.27255817e-04  5.40554803e-01  1.27255817e-04  1.15498925e-06  1.27255817e-04  6.31596595e-07  1.27255817e-04 -1.52426776e-07  1.27255817e-04  1.20000000e+00  1.27255817e-04  0.00000000e+00 
 1.27355817e-04  6.80365332e-01  1.27355817e-04  5.40409776e-01  1.27355817e-04  1.26049801e-06  1.27355817e-04  3.07568693e-08  1.27355817e-04  1.57669048e-07  1.27355817e-04  1.20000000e+00  1.27355817e-04  0.00000000e+00 
 1.27455817e-04  6.83351513e-01  1.27455817e-04  5.40555697e-01  1.27455817e-04  1.15498777e-06  1.27455817e-04  6.31687744e-07  1.27455817e-04 -1.52418874e-07  1.27455817e-04  1.20000000e+00  1.27455817e-04  0.00000000e+00 
 1.27555817e-04  6.86337243e-01  1.27555817e-04  5.40409391e-01  1.27555817e-04  1.26049950e-06  1.27555817e-04  3.08711894e-08  1.27555817e-04  1.57682554e-07  1.27555817e-04  1.20000000e+00  1.27555817e-04  0.00000000e+00 
 1.27655817e-04  6.89324233e-01  1.27655817e-04  5.40556330e-01  1.27655817e-04  1.15498626e-06  1.27655817e-04  6.31779506e-07  1.27655817e-04 -1.52411178e-07  1.27655817e-04  1.20000000e+00  1.27655817e-04  0.00000000e+00 
 1.27755817e-04  6.92310762e-01  1.27755817e-04  5.40409278e-01  1.27755817e-04  1.26050102e-06  1.27755817e-04  3.09890103e-08  1.27755817e-04  1.57696192e-07  1.27755817e-04  1.20000000e+00  1.27755817e-04  0.00000000e+00 
 1.27855817e-04  6.95298581e-01  1.27855817e-04  5.40556740e-01  1.27855817e-04  1.15498473e-06  1.27855817e-04  6.31872300e-07  1.27855817e-04 -1.52403658e-07  1.27855817e-04  1.20000000e+00  1.27855817e-04  0.00000000e+00 
 1.27955817e-04  6.98285930e-01  1.27955817e-04  5.40409400e-01  1.27955817e-04  1.26050257e-06  1.27955817e-04  3.11102799e-08  1.27955817e-04  1.57709936e-07  1.27955817e-04  1.20000000e+00  1.27955817e-04  0.00000000e+00 
 1.28055817e-04  7.01274600e-01  1.28055817e-04  5.40556963e-01  1.28055817e-04  1.15498318e-06  1.28055817e-04  6.31966570e-07  1.28055817e-04 -1.52396287e-07  1.28055817e-04  1.20000000e+00  1.28055817e-04  0.00000000e+00 
 1.28155817e-04  7.04262792e-01  1.28155817e-04  5.40409728e-01  1.28155817e-04  1.26050412e-06  1.28155817e-04  3.12349632e-08  1.28155817e-04  1.57723759e-07  1.28155817e-04  1.20000000e+00  1.28155817e-04  0.00000000e+00 
 1.28255817e-04  7.07252336e-01  1.28255817e-04  5.40557028e-01  1.28255817e-04  1.15498162e-06  1.28255817e-04  6.32062754e-07  1.28255817e-04 -1.52389043e-07  1.28255817e-04  1.20000000e+00  1.28255817e-04  0.00000000e+00 
 1.28355817e-04  7.10241396e-01  1.28355817e-04  5.40410234e-01  1.28355817e-04  1.26050568e-06  1.28355817e-04  3.13630445e-08  1.28355817e-04  1.57737640e-07  1.28355817e-04  1.20000000e+00  1.28355817e-04  0.00000000e+00 
 1.28455817e-04  7.13231841e-01  1.28455817e-04  5.40556961e-01  1.28455817e-04  1.15498006e-06  1.28455817e-04  6.32161296e-07  1.28455817e-04 -1.52381903e-07  1.28455817e-04  1.20000000e+00  1.28455817e-04  0.00000000e+00 
 1.28555817e-04  7.16221794e-01  1.28555817e-04  5.40410897e-01  1.28555817e-04  1.26050724e-06  1.28555817e-04  3.14945298e-08  1.28555817e-04  1.57751559e-07  1.28555817e-04  1.20000000e+00  1.28555817e-04  0.00000000e+00 
 1.28655817e-04  7.19213167e-01  1.28655817e-04  5.40556785e-01  1.28655817e-04  1.15497850e-06  1.28655817e-04  6.32262631e-07  1.28655817e-04 -1.52374848e-07  1.28655817e-04  1.20000000e+00  1.28655817e-04  0.00000000e+00 
 1.28755817e-04  7.22204042e-01  1.28755817e-04  5.40411693e-01  1.28755817e-04  1.26050879e-06  1.28755817e-04  3.16294565e-08  1.28755817e-04  1.57765500e-07  1.28755817e-04  1.20000000e+00  1.28755817e-04  0.00000000e+00 
 1.28855817e-04  7.25196372e-01  1.28855817e-04  5.40556522e-01  1.28855817e-04  1.15497695e-06  1.28855817e-04  6.32367186e-07  1.28855817e-04 -1.52367863e-07  1.28855817e-04  1.20000000e+00  1.28855817e-04  0.00000000e+00 
 1.28955817e-04  7.28188201e-01  1.28955817e-04  5.40412606e-01  1.28955817e-04  1.26051034e-06  1.28955817e-04  3.17678845e-08  1.28955817e-04  1.57779446e-07  1.28955817e-04  1.20000000e+00  1.28955817e-04  0.00000000e+00 
 1.29055817e-04  7.31181520e-01  1.29055817e-04  5.40556189e-01  1.29055817e-04  1.15497541e-06  1.29055817e-04  6.32475382e-07  1.29055817e-04 -1.52360933e-07  1.29055817e-04  1.20000000e+00  1.29055817e-04  0.00000000e+00 
 1.29155817e-04  7.34174334e-01  1.29155817e-04  5.40413616e-01  1.29155817e-04  1.26051187e-06  1.29155817e-04  3.19098999e-08  1.29155817e-04  1.57793386e-07  1.29155817e-04  1.20000000e+00  1.29155817e-04  0.00000000e+00 
 1.29255817e-04  7.37168676e-01  1.29255817e-04  5.40555806e-01  1.29255817e-04  1.15497389e-06  1.29255817e-04  6.32587636e-07  1.29255817e-04 -1.52354045e-07  1.29255817e-04  1.20000000e+00  1.29255817e-04  0.00000000e+00 
 1.29355817e-04  7.40162511e-01  1.29355817e-04  5.40414708e-01  1.29355817e-04  1.26051339e-06  1.29355817e-04  3.20556094e-08  1.29355817e-04  1.57807306e-07  1.29355817e-04  1.20000000e+00  1.29355817e-04  0.00000000e+00 
 1.29455817e-04  7.43157912e-01  1.29455817e-04  5.40555387e-01  1.29455817e-04  1.15497238e-06  1.29455817e-04  6.32704350e-07  1.29455817e-04 -1.52347187e-07  1.29455817e-04  1.20000000e+00  1.29455817e-04  0.00000000e+00 
 1.29555817e-04  7.46152805e-01  1.29555817e-04  5.40415868e-01  1.29555817e-04  1.26051488e-06  1.29555817e-04  3.22051408e-08  1.29555817e-04  1.57821198e-07  1.29555817e-04  1.20000000e+00  1.29555817e-04  0.00000000e+00 
 1.29655817e-04  7.49149303e-01  1.29655817e-04  5.40554947e-01  1.29655817e-04  1.15497090e-06  1.29655817e-04  6.32825921e-07  1.29655817e-04 -1.52340351e-07  1.29655817e-04  1.20000000e+00  1.29655817e-04  0.00000000e+00 
 1.29755817e-04  7.52145294e-01  1.29755817e-04  5.40417080e-01  1.29755817e-04  1.26051636e-06  1.29755817e-04  3.23586405e-08  1.29755817e-04  1.57835054e-07  1.29755817e-04  1.20000000e+00  1.29755817e-04  0.00000000e+00 
 1.29855817e-04  7.55142929e-01  1.29855817e-04  5.40554501e-01  1.29855817e-04  1.15496943e-06  1.29855817e-04  6.32952736e-07  1.29855817e-04 -1.52333527e-07  1.29855817e-04  1.20000000e+00  1.29855817e-04  0.00000000e+00 
 1.29955817e-04  7.58140059e-01  1.29955817e-04  5.40418332e-01  1.29955817e-04  1.26051781e-06  1.29955817e-04  3.25162674e-08  1.29955817e-04  1.57848865e-07  1.29955817e-04  1.20000000e+00  1.29955817e-04  0.00000000e+00 
 1.30055817e-04  7.61138875e-01  1.30055817e-04  5.40554060e-01  1.30055817e-04  1.15496799e-06  1.30055817e-04  6.33085162e-07  1.30055817e-04 -1.52326710e-07  1.30055817e-04  1.20000000e+00  1.30055817e-04  0.00000000e+00 
 1.30155817e-04  7.64137190e-01  1.30155817e-04  5.40419612e-01  1.30155817e-04  1.26051924e-06  1.30155817e-04  3.26781928e-08  1.30155817e-04  1.57862626e-07  1.30155817e-04  1.20000000e+00  1.30155817e-04  0.00000000e+00 
 1.30255817e-04  7.67137231e-01  1.30255817e-04  5.40553638e-01  1.30255817e-04  1.15496657e-06  1.30255817e-04  6.33223551e-07  1.30255817e-04 -1.52319893e-07  1.30255817e-04  1.20000000e+00  1.30255817e-04  0.00000000e+00 
 1.30355817e-04  7.70136776e-01  1.30355817e-04  5.40420907e-01  1.30355817e-04  1.26052065e-06  1.30355817e-04  3.28445980e-08  1.30355817e-04  1.57876333e-07  1.30355817e-04  1.20000000e+00  1.30355817e-04  0.00000000e+00 
 1.30455817e-04  7.73138090e-01  1.30455817e-04  5.40553245e-01  1.30455817e-04  1.15496518e-06  1.30455817e-04  6.33368225e-07  1.30455817e-04 -1.52313072e-07  1.30455817e-04  1.20000000e+00  1.30455817e-04  0.00000000e+00 
 1.30555817e-04  7.76138915e-01  1.30555817e-04  5.40422207e-01  1.30555817e-04  1.26052203e-06  1.30555817e-04  3.30156688e-08  1.30555817e-04  1.57889982e-07  1.30555817e-04  1.20000000e+00  1.30555817e-04  0.00000000e+00 
 1.30655817e-04  7.79141550e-01  1.30655817e-04  5.40552893e-01  1.30655817e-04  1.15496381e-06  1.30655817e-04  6.33519481e-07  1.30655817e-04 -1.52306243e-07  1.30655817e-04  1.20000000e+00  1.30655817e-04  0.00000000e+00 
 1.30755817e-04  7.82143706e-01  1.30755817e-04  5.40423501e-01  1.30755817e-04  1.26052339e-06  1.30755817e-04  3.31915888e-08  1.30755817e-04  1.57903571e-07  1.30755817e-04  1.20000000e+00  1.30755817e-04  0.00000000e+00 
 1.30855817e-04  7.85147714e-01  1.30855817e-04  5.40552592e-01  1.30855817e-04  1.15496246e-06  1.30855817e-04  6.33677569e-07  1.30855817e-04 -1.52299402e-07  1.30855817e-04  1.20000000e+00  1.30855817e-04  0.00000000e+00 
 1.30955817e-04  7.88151253e-01  1.30955817e-04  5.40424781e-01  1.30955817e-04  1.26052473e-06  1.30955817e-04  3.33725433e-08  1.30955817e-04  1.57917096e-07  1.30955817e-04  1.20000000e+00  1.30955817e-04  0.00000000e+00 
 1.31055817e-04  7.91156686e-01  1.31055817e-04  5.40552351e-01  1.31055817e-04  1.15496114e-06  1.31055817e-04  6.33842697e-07  1.31055817e-04 -1.52292550e-07  1.31055817e-04  1.20000000e+00  1.31055817e-04  0.00000000e+00 
 1.31155817e-04  7.94161663e-01  1.31155817e-04  5.40426038e-01  1.31155817e-04  1.26052604e-06  1.31155817e-04  3.35587103e-08  1.31155817e-04  1.57930559e-07  1.31155817e-04  1.20000000e+00  1.31155817e-04  0.00000000e+00 
 1.31255817e-04  7.97168576e-01  1.31255817e-04  5.40552181e-01  1.31255817e-04  1.15495984e-06  1.31255817e-04  6.34015017e-07  1.31255817e-04 -1.52285683e-07  1.31255817e-04  1.20000000e+00  1.31255817e-04  0.00000000e+00 
 1.31355817e-04  8.00175045e-01  1.31355817e-04  5.40427265e-01  1.31355817e-04  1.26052733e-06  1.31355817e-04  3.37502545e-08  1.31355817e-04  1.57943958e-07  1.31355817e-04  1.20000000e+00  1.31355817e-04  0.00000000e+00 
 1.31455817e-04  8.03183492e-01  1.31455817e-04  5.40552090e-01  1.31455817e-04  1.15495856e-06  1.31455817e-04  6.34194624e-07  1.31455817e-04 -1.52278802e-07  1.31455817e-04  1.20000000e+00  1.31455817e-04  0.00000000e+00 
 1.31555817e-04  8.06191511e-01  1.31555817e-04  5.40428456e-01  1.31555817e-04  1.26052860e-06  1.31555817e-04  3.39473271e-08  1.31555817e-04  1.57957294e-07  1.31555817e-04  1.20000000e+00  1.31555817e-04  0.00000000e+00 
 1.31655817e-04  8.09201546e-01  1.31655817e-04  5.40552087e-01  1.31655817e-04  1.15495730e-06  1.31655817e-04  6.34381552e-07  1.31655817e-04 -1.52271908e-07  1.31655817e-04  1.20000000e+00  1.31655817e-04  0.00000000e+00 
 1.31755817e-04  8.12211171e-01  1.31755817e-04  5.40429606e-01  1.31755817e-04  1.26052984e-06  1.31755817e-04  3.41500633e-08  1.31755817e-04  1.57970568e-07  1.31755817e-04  1.20000000e+00  1.31755817e-04  0.00000000e+00 
 1.31855817e-04  8.15222850e-01  1.31855817e-04  5.40552179e-01  1.31855817e-04  1.15495607e-06  1.31855817e-04  6.34575773e-07  1.31855817e-04 -1.52265001e-07  1.31855817e-04  1.20000000e+00  1.31855817e-04  0.00000000e+00 
 1.31955817e-04  8.18234139e-01  1.31955817e-04  5.40430713e-01  1.31955817e-04  1.26053107e-06  1.31955817e-04  3.43585796e-08  1.31955817e-04  1.57983783e-07  1.31955817e-04  1.20000000e+00  1.31955817e-04  0.00000000e+00 
 1.32055817e-04  8.21247517e-01  1.32055817e-04  5.40552373e-01  1.32055817e-04  1.15495485e-06  1.32055817e-04  6.34777200e-07  1.32055817e-04 -1.52258082e-07  1.32055817e-04  1.20000000e+00  1.32055817e-04  0.00000000e+00 
 1.32155817e-04  8.24260526e-01  1.32155817e-04  5.40431774e-01  1.32155817e-04  1.26053228e-06  1.32155817e-04  3.45729779e-08  1.32155817e-04  1.57996940e-07  1.32155817e-04  1.20000000e+00  1.32155817e-04  0.00000000e+00 
 1.32255817e-04  8.27275658e-01  1.32255817e-04  5.40552676e-01  1.32255817e-04  1.15495364e-06  1.32255817e-04  6.34985699e-07  1.32255817e-04 -1.52251154e-07  1.32255817e-04  1.20000000e+00  1.32255817e-04  0.00000000e+00 
 1.32355817e-04  8.30290442e-01  1.32355817e-04  5.40432789e-01  1.32355817e-04  1.26053348e-06  1.32355817e-04  3.47933490e-08  1.32355817e-04  1.58010043e-07  1.32355817e-04  1.20000000e+00  1.32355817e-04  0.00000000e+00 
 1.32455817e-04  8.33307381e-01  1.32455817e-04  5.40553093e-01  1.32455817e-04  1.15495245e-06  1.32455817e-04  6.35201102e-07  1.32455817e-04 -1.52244220e-07  1.32455817e-04  1.20000000e+00  1.32455817e-04  0.00000000e+00 
 1.32555817e-04  8.36323997e-01  1.32555817e-04  5.40433758e-01  1.32555817e-04  1.26053467e-06  1.32555817e-04  3.50197816e-08  1.32555817e-04  1.58023094e-07  1.32555817e-04  1.20000000e+00  1.32555817e-04  0.00000000e+00 
 1.32655817e-04  8.39342795e-01  1.32655817e-04  5.40553627e-01  1.32655817e-04  1.15495127e-06  1.32655817e-04  6.35423225e-07  1.32655817e-04 -1.52237282e-07  1.32655817e-04  1.20000000e+00  1.32655817e-04  0.00000000e+00 
 1.32755817e-04  8.42361298e-01  1.32755817e-04  5.40434683e-01  1.32755817e-04  1.26053584e-06  1.32755817e-04  3.52523726e-08  1.32755817e-04  1.58036098e-07  1.32755817e-04  1.20000000e+00  1.32755817e-04  0.00000000e+00 
 1.32855817e-04  8.45382008e-01  1.32855817e-04  5.40554282e-01  1.32855817e-04  1.15495010e-06  1.32855817e-04  6.35651893e-07  1.32855817e-04 -1.52230343e-07  1.32855817e-04  1.20000000e+00  1.32855817e-04  0.00000000e+00 
 1.32955817e-04  8.48402450e-01  1.32955817e-04  5.40435566e-01  1.32955817e-04  1.26053701e-06  1.32955817e-04  3.54912524e-08  1.32955817e-04  1.58049057e-07  1.32955817e-04  1.20000000e+00  1.32955817e-04  0.00000000e+00 
 1.33055817e-04  8.51425125e-01  1.33055817e-04  5.40555058e-01  1.33055817e-04  1.15494894e-06  1.33055817e-04  6.35886976e-07  1.33055817e-04 -1.52223407e-07  1.33055817e-04  1.20000000e+00  1.33055817e-04  0.00000000e+00 
 1.33155817e-04  8.54447562e-01  1.33155817e-04  5.40436411e-01  1.33155817e-04  1.26053817e-06  1.33155817e-04  3.57365972e-08  1.33155817e-04  1.58061977e-07  1.33155817e-04  1.20000000e+00  1.33155817e-04  0.00000000e+00 
 1.33255817e-04  8.57472253e-01  1.33255817e-04  5.40555954e-01  1.33255817e-04  1.15494779e-06  1.33255817e-04  6.36128417e-07  1.33255817e-04 -1.52216477e-07  1.33255817e-04  1.20000000e+00  1.33255817e-04  0.00000000e+00 
 1.33355817e-04  8.60496739e-01  1.33355817e-04  5.40437219e-01  1.33355817e-04  1.26053932e-06  1.33355817e-04  3.59886636e-08  1.33355817e-04  1.58074861e-07  1.33355817e-04  1.20000000e+00  1.33355817e-04  0.00000000e+00 
 1.33455817e-04  8.63523500e-01  1.33455817e-04  5.40556968e-01  1.33455817e-04  1.15494663e-06  1.33455817e-04  6.36376274e-07  1.33455817e-04 -1.52209557e-07  1.33455817e-04  1.20000000e+00  1.33455817e-04  0.00000000e+00 
 1.33555817e-04  8.66550093e-01  1.33555817e-04  5.40437996e-01  1.33555817e-04  1.26054048e-06  1.33555817e-04  3.62478223e-08  1.33555817e-04  1.58087714e-07  1.33555817e-04  1.20000000e+00  1.33555817e-04  0.00000000e+00 
 1.33655817e-04  8.69578981e-01  1.33655817e-04  5.40558095e-01  1.33655817e-04  1.15494548e-06  1.33655817e-04  6.36630768e-07  1.33655817e-04 -1.52202651e-07  1.33655817e-04  1.20000000e+00  1.33655817e-04  0.00000000e+00 
 1.33755817e-04  8.72607740e-01  1.33755817e-04  5.40438743e-01  1.33755817e-04  1.26054163e-06  1.33755817e-04  3.65145874e-08  1.33755817e-04  1.58100540e-07  1.33755817e-04  1.20000000e+00  1.33755817e-04  0.00000000e+00 
 1.33855817e-04  8.75638816e-01  1.33855817e-04  5.40559328e-01  1.33855817e-04  1.15494432e-06  1.33855817e-04  6.36892318e-07  1.33855817e-04 -1.52195763e-07  1.33855817e-04  1.20000000e+00  1.33855817e-04  0.00000000e+00 
 1.33955817e-04  8.78669807e-01  1.33955817e-04  5.40439465e-01  1.33955817e-04  1.26054278e-06  1.33955817e-04  3.67896700e-08  1.33955817e-04  1.58113343e-07  1.33955817e-04  1.20000000e+00  1.33955817e-04  0.00000000e+00 
 1.34055817e-04  8.81703139e-01  1.34055817e-04  5.40560660e-01  1.34055817e-04  1.15494317e-06  1.34055817e-04  6.37161604e-07  1.34055817e-04 -1.52188896e-07  1.34055817e-04  1.20000000e+00  1.34055817e-04  0.00000000e+00 
 1.34155817e-04  8.84736436e-01  1.34155817e-04  5.40440164e-01  1.34155817e-04  1.26054395e-06  1.34155817e-04  3.70740209e-08  1.34155817e-04  1.58126128e-07  1.34155817e-04  1.20000000e+00  1.34155817e-04  0.00000000e+00 
 1.34255817e-04  8.87772101e-01  1.34255817e-04  5.40562080e-01  1.34255817e-04  1.15494200e-06  1.34255817e-04  6.37439608e-07  1.34255817e-04 -1.52182053e-07  1.34255817e-04  1.20000000e+00  1.34255817e-04  0.00000000e+00 
 1.34355817e-04  8.90807787e-01  1.34355817e-04  5.40440843e-01  1.34355817e-04  1.26054511e-06  1.34355817e-04  3.73688800e-08  1.34355817e-04  1.58138898e-07  1.34355817e-04  1.20000000e+00  1.34355817e-04  0.00000000e+00 
 1.34455817e-04  8.93845875e-01  1.34455817e-04  5.40563577e-01  1.34455817e-04  1.15494083e-06  1.34455817e-04  6.37727675e-07  1.34455817e-04 -1.52175239e-07  1.34455817e-04  1.20000000e+00  1.34455817e-04  0.00000000e+00 
 1.34555817e-04  8.96884048e-01  1.34555817e-04  5.40441503e-01  1.34555817e-04  1.26054629e-06  1.34555817e-04  3.76758377e-08  1.34555817e-04  1.58151658e-07  1.34555817e-04  1.20000000e+00  1.34555817e-04  0.00000000e+00 
 1.34655817e-04  8.99924664e-01  1.34655817e-04  5.40565137e-01  1.34655817e-04  1.15493965e-06  1.34655817e-04  6.38027565e-07  1.34655817e-04 -1.52168456e-07  1.34655817e-04  1.20000000e+00  1.34655817e-04  0.00000000e+00 
 1.34755817e-04  9.02965439e-01  1.34755817e-04  5.40442148e-01  1.34755817e-04  1.26054747e-06  1.34755817e-04  3.79968968e-08  1.34755817e-04  1.58164411e-07  1.34755817e-04  1.20000000e+00  1.34755817e-04  0.00000000e+00 
 1.34855817e-04  9.06008710e-01  1.34855817e-04  5.40566746e-01  1.34855817e-04  1.15493847e-06  1.34855817e-04  6.38341517e-07  1.34855817e-04 -1.52161706e-07  1.34855817e-04  1.20000000e+00  1.34855817e-04  0.00000000e+00 
 1.34955817e-04  9.09052225e-01  1.34955817e-04  5.40442777e-01  1.34955817e-04  1.26054867e-06  1.34955817e-04  3.83345342e-08  1.34955817e-04  1.58177161e-07  1.34955817e-04  1.20000000e+00  1.34955817e-04  0.00000000e+00 
 1.35055817e-04  9.12098300e-01  1.35055817e-04  5.40568392e-01  1.35055817e-04  1.15493727e-06  1.35055817e-04  6.38672314e-07  1.35055817e-04 -1.52154993e-07  1.35055817e-04  1.20000000e+00  1.35055817e-04  0.00000000e+00 
 1.35155817e-04  9.15144719e-01  1.35155817e-04  5.40443392e-01  1.35155817e-04  1.26054987e-06  1.35155817e-04  3.86917816e-08  1.35155817e-04  1.58189911e-07  1.35155817e-04  1.20000000e+00  1.35155817e-04  0.00000000e+00 
 1.35255817e-04  9.18193780e-01  1.35255817e-04  5.40570058e-01  1.35255817e-04  1.15493606e-06  1.35255817e-04  6.39023353e-07  1.35255817e-04 -1.52148317e-07  1.35255817e-04  1.20000000e+00  1.35255817e-04  0.00000000e+00 
 1.35355817e-04  9.21243300e-01  1.35355817e-04  5.40443995e-01  1.35355817e-04  1.26055109e-06  1.35355817e-04  3.90723034e-08  1.35355817e-04  1.58202664e-07  1.35355817e-04  1.20000000e+00  1.35355817e-04  0.00000000e+00 
 1.35455817e-04  9.24295563e-01  1.35455817e-04  5.40571733e-01  1.35455817e-04  1.15493483e-06  1.35455817e-04  6.39398726e-07  1.35455817e-04 -1.52141681e-07  1.35455817e-04  1.20000000e+00  1.35455817e-04  0.00000000e+00 
 1.35555817e-04  9.27348420e-01  1.35555817e-04  5.40444586e-01  1.35555817e-04  1.26055232e-06  1.35555817e-04  3.94804911e-08  1.35555817e-04  1.58215423e-07  1.35555817e-04  1.20000000e+00  1.35555817e-04  0.00000000e+00 
 1.35655817e-04  9.30404144e-01  1.35655817e-04  5.40573403e-01  1.35655817e-04  1.15493359e-06  1.35655817e-04  6.39803317e-07  1.35655817e-04 -1.52135085e-07  1.35655817e-04  1.20000000e+00  1.35655817e-04  0.00000000e+00 
 1.35755817e-04  9.33460622e-01  1.35755817e-04  5.40445168e-01  1.35755817e-04  1.26055357e-06  1.35755817e-04  3.99215687e-08  1.35755817e-04  1.58228190e-07  1.35755817e-04  1.20000000e+00  1.35755817e-04  0.00000000e+00 
 1.35855817e-04  9.36520117e-01  1.35855817e-04  5.40575057e-01  1.35855817e-04  1.15493234e-06  1.35855817e-04  6.40242904e-07  1.35855817e-04 -1.52128529e-07  1.35855817e-04  1.20000000e+00  1.35855817e-04  0.00000000e+00 
 1.35955817e-04  9.39580553e-01  1.35955817e-04  5.40445740e-01  1.35955817e-04  1.26055483e-06  1.35955817e-04  4.04017187e-08  1.35955817e-04  1.58240968e-07  1.35955817e-04  1.20000000e+00  1.35955817e-04  0.00000000e+00 
 1.36055817e-04  9.42644189e-01  1.36055817e-04  5.40576685e-01  1.36055817e-04  1.15493108e-06  1.36055817e-04  6.40724295e-07  1.36055817e-04 -1.52122015e-07  1.36055817e-04  1.20000000e+00  1.36055817e-04  0.00000000e+00 
 1.36155817e-04  9.45708985e-01  1.36155817e-04  5.40446306e-01  1.36155817e-04  1.26055610e-06  1.36155817e-04  4.09282263e-08  1.36155817e-04  1.58253759e-07  1.36155817e-04  1.20000000e+00  1.36155817e-04  0.00000000e+00 
 1.36255817e-04  9.48777201e-01  1.36255817e-04  5.40578280e-01  1.36255817e-04  1.15492980e-06  1.36255817e-04  6.41255473e-07  1.36255817e-04 -1.52115540e-07  1.36255817e-04  1.20000000e+00  1.36255817e-04  0.00000000e+00 
 1.36355817e-04  9.51846834e-01  1.36355817e-04  5.40446868e-01  1.36355817e-04  1.26055739e-06  1.36355817e-04  4.15096532e-08  1.36355817e-04  1.58266564e-07  1.36355817e-04  1.20000000e+00  1.36355817e-04  0.00000000e+00 
 1.36455817e-04  9.54920151e-01  1.36455817e-04  5.40579834e-01  1.36455817e-04  1.15492850e-06  1.36455817e-04  6.41845789e-07  1.36455817e-04 -1.52109105e-07  1.36455817e-04  1.20000000e+00  1.36455817e-04  0.00000000e+00 
 1.36555817e-04  9.57995187e-01  1.36555817e-04  5.40447427e-01  1.36555817e-04  1.26055869e-06  1.36555817e-04  4.21560380e-08  1.36555817e-04  1.58279386e-07  1.36555817e-04  1.20000000e+00  1.36555817e-04  0.00000000e+00 
 1.36655817e-04  9.61074221e-01  1.36655817e-04  5.40581343e-01  1.36655817e-04  1.15492720e-06  1.36655817e-04  6.42506170e-07  1.36655817e-04 -1.52102706e-07  1.36655817e-04  1.20000000e+00  1.36655817e-04  0.00000000e+00 
 1.36755817e-04  9.64155330e-01  1.36755817e-04  5.40447986e-01  1.36755817e-04  1.26056000e-06  1.36755817e-04  4.28791350e-08  1.36755817e-04  1.58292228e-07  1.36755817e-04  1.20000000e+00  1.36755817e-04  0.00000000e+00 
 1.36855817e-04  9.67240808e-01  1.36855817e-04  5.40582805e-01  1.36855817e-04  1.15492588e-06  1.36855817e-04  6.43249379e-07  1.36855817e-04 -1.52096342e-07  1.36855817e-04  1.20000000e+00  1.36855817e-04  0.00000000e+00 
 1.36955817e-04  9.70328779e-01  1.36955817e-04  5.40448549e-01  1.36955817e-04  1.26056133e-06  1.36955817e-04  4.36927011e-08  1.36955817e-04  1.58305089e-07  1.36955817e-04  1.20000000e+00  1.36955817e-04  0.00000000e+00 
 1.37055817e-04  9.73421559e-01  1.37055817e-04  5.40584217e-01  1.37055817e-04  1.15492455e-06  1.37055817e-04  6.44090328e-07  1.37055817e-04 -1.52090009e-07  1.37055817e-04  1.20000000e+00  1.37055817e-04  0.00000000e+00 
 1.37155817e-04  9.76517321e-01  1.37155817e-04  5.40449119e-01  1.37155817e-04  1.26056267e-06  1.37155817e-04  4.46128281e-08  1.37155817e-04  1.58317974e-07  1.37155817e-04  1.20000000e+00  1.37155817e-04  0.00000000e+00 
 1.37255817e-04  9.79618414e-01  1.37255817e-04  5.40585582e-01  1.37255817e-04  1.15492320e-06  1.37255817e-04  6.45046433e-07  1.37255817e-04 -1.52083705e-07  1.37255817e-04  1.20000000e+00  1.37255817e-04  0.00000000e+00 
 1.37355817e-04  9.82723063e-01  1.37355817e-04  5.40449701e-01  1.37355817e-04  1.26056402e-06  1.37355817e-04  4.56583407e-08  1.37355817e-04  1.58330884e-07  1.37355817e-04  1.20000000e+00  1.37355817e-04  0.00000000e+00 
 1.37455817e-04  9.85833656e-01  1.37455817e-04  5.40586901e-01  1.37455817e-04  1.15492184e-06  1.37455817e-04  6.46138044e-07  1.37455817e-04 -1.52077424e-07  1.37455817e-04  1.20000000e+00  1.37455817e-04  0.00000000e+00 
 1.37555817e-04  9.88948478e-01  1.37555817e-04  5.40450299e-01  1.37555817e-04  1.26056538e-06  1.37555817e-04  4.68512631e-08  1.37555817e-04  1.58343823e-07  1.37555817e-04  1.20000000e+00  1.37555817e-04  0.00000000e+00 
 1.37655817e-04  9.92069966e-01  1.37655817e-04  5.40588176e-01  1.37655817e-04  1.15492048e-06  1.37655817e-04  6.47388961e-07  1.37655817e-04 -1.52071161e-07  1.37655817e-04  1.20000000e+00  1.37655817e-04  0.00000000e+00 
 1.37755817e-04  9.95196473e-01  1.37755817e-04  5.40450920e-01  1.37755817e-04  1.26056675e-06  1.37755817e-04  4.82173806e-08  1.37755817e-04  1.58356792e-07  1.37755817e-04  1.20000000e+00  1.37755817e-04  0.00000000e+00 
 1.37855817e-04  9.98330496e-01  1.37855817e-04  5.40589413e-01  1.37855817e-04  1.15491910e-06  1.37855817e-04  6.48827038e-07  1.37855817e-04 -1.52064911e-07  1.37855817e-04  1.20000000e+00  1.37855817e-04  0.00000000e+00 
 1.37955817e-04  1.00147046e+00  1.37955817e-04  5.40451568e-01  1.37955817e-04  1.26056813e-06  1.37955817e-04  4.97869083e-08  1.37955817e-04  1.58369797e-07  1.37955817e-04  1.20000000e+00  1.37955817e-04  0.00000000e+00 
 1.38055817e-04  1.00461895e+00  1.38055817e-04  5.40590617e-01  1.38055817e-04  1.15491772e-06  1.38055817e-04  6.50484917e-07  1.38055817e-04 -1.52058667e-07  1.38055817e-04  1.20000000e+00  1.38055817e-04  0.00000000e+00 
 1.38155817e-04  1.00777446e+00  1.38155817e-04  5.40452251e-01  1.38155817e-04  1.26056952e-06  1.38155817e-04  5.15952954e-08  1.38155817e-04  1.58382841e-07  1.38155817e-04  1.20000000e+00  1.38155817e-04  0.00000000e+00 
 1.38255817e-04  1.01093966e+00  1.38255817e-04  5.40591796e-01  1.38255817e-04  1.15491632e-06  1.38255817e-04  6.52400904e-07  1.38255817e-04 -1.52052421e-07  1.38255817e-04  1.20000000e+00  1.38255817e-04  0.00000000e+00 
 1.38355817e-04  1.01411316e+00  1.38355817e-04  5.40452977e-01  1.38355817e-04  1.26057092e-06  1.38355817e-04  5.36842107e-08  1.38355817e-04  1.58395931e-07  1.38355817e-04  1.20000000e+00  1.38355817e-04  0.00000000e+00 
 1.38455817e-04  1.01729773e+00  1.38455817e-04  5.40592957e-01  1.38455817e-04  1.15491492e-06  1.38455817e-04  6.54620061e-07  1.38455817e-04 -1.52046164e-07  1.38455817e-04  1.20000000e+00  1.38455817e-04  0.00000000e+00 
 1.38555817e-04  1.02049210e+00  1.38555817e-04  5.40453755e-01  1.38555817e-04  1.26057232e-06  1.38555817e-04  5.61027455e-08  1.38555817e-04  1.58409072e-07  1.38555817e-04  1.20000000e+00  1.38555817e-04  0.00000000e+00 
 1.38655817e-04  1.02369915e+00  1.38655817e-04  5.40594110e-01  1.38655817e-04  1.15491351e-06  1.38655817e-04  6.57195525e-07  1.38655817e-04 -1.52039886e-07  1.38655817e-04  1.20000000e+00  1.38655817e-04  0.00000000e+00 
 1.38755817e-04  1.02691776e+00  1.38755817e-04  5.40454595e-01  1.38755817e-04  1.26057373e-06  1.38755817e-04  5.89089132e-08  1.38755817e-04  1.58422273e-07  1.38755817e-04  1.20000000e+00  1.38755817e-04  0.00000000e+00 
 1.38855817e-04  1.03015097e+00  1.38855817e-04  5.40595266e-01  1.38855817e-04  1.15491210e-06  1.38855817e-04  6.60190177e-07  1.38855817e-04 -1.52033574e-07  1.38855817e-04  1.20000000e+00  1.38855817e-04  0.00000000e+00 
 1.38955817e-04  1.03339780e+00  1.38955817e-04  5.40455511e-01  1.38955817e-04  1.26057515e-06  1.38955817e-04  6.21715317e-08  1.38955817e-04  1.58435543e-07  1.38955817e-04  1.20000000e+00  1.38955817e-04  0.00000000e+00 
 1.39055817e-04  1.03666147e+00  1.39055817e-04  5.40596438e-01  1.39055817e-04  1.15491069e-06  1.39055817e-04  6.63678742e-07  1.39055817e-04 -1.52027215e-07  1.39055817e-04  1.20000000e+00  1.39055817e-04  0.00000000e+00 
 1.39155817e-04  1.03994121e+00  1.39155817e-04  5.40456516e-01  1.39155817e-04  1.26057656e-06  1.39155817e-04  6.59726177e-08  1.39155817e-04  1.58448893e-07  1.39155817e-04  1.20000000e+00  1.39155817e-04  0.00000000e+00 
 1.39255817e-04  1.04324044e+00  1.39255817e-04  5.40597641e-01  1.39255817e-04  1.15490927e-06  1.39255817e-04  6.67750476e-07  1.39255817e-04 -1.52020793e-07  1.39255817e-04  1.20000000e+00  1.39255817e-04  0.00000000e+00 
 1.39355817e-04  1.04655863e+00  1.39355817e-04  5.40457627e-01  1.39355817e-04  1.26057799e-06  1.39355817e-04  7.04104904e-08  1.39355817e-04  1.58462337e-07  1.39355817e-04  1.20000000e+00  1.39355817e-04  0.00000000e+00 
 1.39455817e-04  1.04989944e+00  1.39455817e-04  5.40598890e-01  1.39455817e-04  1.15490784e-06  1.39455817e-04  6.72512659e-07  1.39455817e-04 -1.52014290e-07  1.39455817e-04  1.20000000e+00  1.39455817e-04  0.00000000e+00 
 1.39555817e-04  1.05326300e+00  1.39555817e-04  5.40458784e-01  1.39555817e-04  1.26057941e-06  1.39555817e-04  7.56842066e-08  1.39555817e-04  1.58475907e-07  1.39555817e-04  1.20000000e+00  1.39555817e-04  0.00000000e+00 
 1.39655817e-04  1.05665305e+00  1.39655817e-04  5.40600183e-01  1.39655817e-04  1.15490641e-06  1.39655817e-04  6.78127540e-07  1.39655817e-04 -1.52007684e-07  1.39655817e-04  1.20000000e+00  1.39655817e-04  0.00000000e+00 
 1.39755817e-04  1.06006952e+00  1.39755817e-04  5.40460064e-01  1.39755817e-04  1.26058084e-06  1.39755817e-04  8.17649182e-08  1.39755817e-04  1.58489593e-07  1.39755817e-04  1.20000000e+00  1.39755817e-04  0.00000000e+00 
 1.39855817e-04  1.06351693e+00  1.39855817e-04  5.40601778e-01  1.39855817e-04  1.15490498e-06  1.39855817e-04  6.84720177e-07  1.39855817e-04 -1.52000951e-07  1.39855817e-04  1.20000000e+00  1.39855817e-04  0.00000000e+00 
 1.39955817e-04  1.06699565e+00  1.39955817e-04  5.40461379e-01  1.39955817e-04  1.26058227e-06  1.39955817e-04  8.89269398e-08  1.39955817e-04  1.58503436e-07  1.39955817e-04  1.20000000e+00  1.39955817e-04  0.00000000e+00 
 1.40055817e-04  1.07051066e+00  1.40055817e-04  5.40603581e-01  1.40055817e-04  1.15490355e-06  1.40055817e-04  6.92489203e-07  1.40055817e-04 -1.51994065e-07  1.40055817e-04  1.20000000e+00  1.40055817e-04  0.00000000e+00 
 1.40155817e-04  1.07406289e+00  1.40155817e-04  5.40462841e-01  1.40155817e-04  1.26058370e-06  1.40155817e-04  9.73896716e-08  1.40155817e-04  1.58517467e-07  1.40155817e-04  1.20000000e+00  1.40155817e-04  0.00000000e+00 
 1.40255817e-04  1.07765787e+00  1.40255817e-04  5.40605571e-01  1.40255817e-04  1.15490212e-06  1.40255817e-04  7.01681657e-07  1.40255817e-04 -1.51986994e-07  1.40255817e-04  1.20000000e+00  1.40255817e-04  0.00000000e+00 
 1.40355817e-04  1.08129721e+00  1.40355817e-04  5.40464515e-01  1.40355817e-04  1.26058514e-06  1.40355817e-04  1.07428005e-07  1.40355817e-04  1.58531724e-07  1.40355817e-04  1.20000000e+00  1.40355817e-04  0.00000000e+00 
 1.40455817e-04  1.08498720e+00  1.40455817e-04  5.40607773e-01  1.40455817e-04  1.15490068e-06  1.40455817e-04  7.12610280e-07  1.40455817e-04 -1.51979697e-07  1.40455817e-04  1.20000000e+00  1.40455817e-04  0.00000000e+00 
 1.40555817e-04  1.08873028e+00  1.40555817e-04  5.40466433e-01  1.40555817e-04  1.26058658e-06  1.40555817e-04  1.19390365e-07  1.40555817e-04  1.58546251e-07  1.40555817e-04  1.20000000e+00  1.40555817e-04  0.00000000e+00 
 1.40655817e-04  1.09253371e+00  1.40655817e-04  5.40610248e-01  1.40655817e-04  1.15489923e-06  1.40655817e-04  7.25675874e-07  1.40655817e-04 -1.51972126e-07  1.40655817e-04  1.20000000e+00  1.40655817e-04  0.00000000e+00 
 1.40755817e-04  1.09640100e+00  1.40755817e-04  5.40468601e-01  1.40755817e-04  1.26058802e-06  1.40755817e-04  1.33722576e-07  1.40755817e-04  1.58561104e-07  1.40755817e-04  1.20000000e+00  1.40755817e-04  0.00000000e+00 
 1.40855817e-04  1.10034069e+00  1.40855817e-04  5.40613081e-01  1.40855817e-04  1.15489778e-06  1.40855817e-04  7.41397729e-07  1.40855817e-04 -1.51964220e-07  1.40855817e-04  1.20000000e+00  1.40855817e-04  0.00000000e+00 
 1.40955817e-04  1.10435759e+00  1.40955817e-04  5.40470982e-01  1.40955817e-04  1.26058947e-06  1.40955817e-04  1.50997186e-07  1.40955817e-04  1.58576351e-07  1.40955817e-04  1.20000000e+00  1.40955817e-04  0.00000000e+00 
 1.41055817e-04  1.10846204e+00  1.41055817e-04  5.40616380e-01  1.41055817e-04  1.15489633e-06  1.41055817e-04  7.60452334e-07  1.41055817e-04 -1.51955908e-07  1.41055817e-04  1.20000000e+00  1.41055817e-04  0.00000000e+00 
 1.41155817e-04  1.11265974e+00  1.41155817e-04  5.40474104e-01  1.41155817e-04  1.26059093e-06  1.41155817e-04  1.71803670e-07  1.41155817e-04  1.58592059e-07  1.41155817e-04  1.20000000e+00  1.41155817e-04  0.00000000e+00 
 1.41255817e-04  1.11696190e+00  1.41255817e-04  5.40618712e-01  1.41255817e-04  1.15489487e-06  1.41255817e-04  7.83239604e-07  1.41255817e-04 -1.51947092e-07  1.41255817e-04  1.20000000e+00  1.41255817e-04  0.00000000e+00 
 1.41355817e-04  1.12138037e+00  1.41355817e-04  5.40478705e-01  1.41355817e-04  1.26059238e-06  1.41355817e-04  1.97670556e-07  1.41355817e-04  1.58608346e-07  1.41355817e-04  1.20000000e+00  1.41355817e-04  0.00000000e+00 
 1.41455817e-04  1.12592718e+00  1.41455817e-04  5.40620336e-01  1.41455817e-04  1.15489342e-06  1.41455817e-04  8.11298019e-07  1.41455817e-04 -1.51937629e-07  1.41455817e-04  1.20000000e+00  1.41455817e-04  0.00000000e+00 
 1.41555817e-04  1.13061387e+00  1.41555817e-04  5.40481281e-01  1.41555817e-04  1.26059382e-06  1.41555817e-04  2.28744518e-07  1.41555817e-04  1.58625331e-07  1.41555817e-04  1.20000000e+00  1.41555817e-04  0.00000000e+00 
 1.41655817e-04  1.13545756e+00  1.41655817e-04  5.40622688e-01  1.41655817e-04  1.15489198e-06  1.41655817e-04  8.45656829e-07  1.41655817e-04 -1.51927402e-07  1.41655817e-04  1.20000000e+00  1.41655817e-04  0.00000000e+00 
 1.41755817e-04  1.14047228e+00  1.41755817e-04  5.40484143e-01  1.41755817e-04  1.26059525e-06  1.41755817e-04  2.66689050e-07  1.41755817e-04  1.58643138e-07  1.41755817e-04  1.20000000e+00  1.41755817e-04  0.00000000e+00 
 1.41855817e-04  1.14565971e+00  1.41855817e-04  5.40618548e-01  1.41855817e-04  1.15489057e-06  1.41855817e-04  8.83563542e-07  1.41855817e-04 -1.51916217e-07  1.41855817e-04  1.20000000e+00  1.41855817e-04  0.00000000e+00 
 1.41955817e-04  1.15102055e+00  1.41955817e-04  5.40481208e-01  1.41955817e-04  1.26059665e-06  1.41955817e-04  3.05223910e-07  1.41955817e-04  1.58661833e-07  1.41955817e-04  1.20000000e+00  1.41955817e-04  0.00000000e+00 
 1.42055817e-04  1.15652744e+00  1.42055817e-04  5.40603201e-01  1.42055817e-04  1.15488920e-06  1.42055817e-04  9.15730453e-07  1.42055817e-04 -1.51904068e-07  1.42055817e-04  1.20000000e+00  1.42055817e-04  0.00000000e+00 
 1.42155817e-04  1.16211977e+00  1.42155817e-04  5.40460405e-01  1.42155817e-04  1.26059802e-06  1.42155817e-04  3.24668868e-07  1.42155817e-04  1.58681188e-07  1.42155817e-04  1.20000000e+00  1.42155817e-04  0.00000000e+00 
 1.42255817e-04  1.16767603e+00  1.42255817e-04  5.40563781e-01  1.42255817e-04  1.15488791e-06  1.42255817e-04  9.08156617e-07  1.42255817e-04 -1.51891500e-07  1.42255817e-04  1.20000000e+00  1.42255817e-04  0.00000000e+00 
 1.42355817e-04  1.17302840e+00  1.42355817e-04  5.40412942e-01  1.42355817e-04  1.26059935e-06  1.42355817e-04  2.80776436e-07  1.42355817e-04  1.58700109e-07  1.42355817e-04  1.20000000e+00  1.42355817e-04  0.00000000e+00 
 1.42455817e-04  1.17798009e+00  1.42455817e-04  5.40502620e-01  1.42455817e-04  1.15488671e-06  1.42455817e-04  8.20431687e-07  1.42455817e-04 -1.51880125e-07  1.42455817e-04  1.20000000e+00  1.42455817e-04  0.00000000e+00 
 1.42555817e-04  1.18237304e+00  1.42555817e-04  5.40353598e-01  1.42555817e-04  1.26060066e-06  1.42555817e-04  1.58481464e-07  1.42555817e-04  1.58716627e-07  1.42555817e-04  1.20000000e+00  1.42555817e-04  0.00000000e+00 
 1.42655817e-04  1.18611367e+00  1.42655817e-04  5.40384100e-01  1.42655817e-04  1.15488631e-06  1.42655817e-04  6.76642428e-07  1.42655817e-04 -1.51871580e-07  1.42655817e-04  1.20000000e+00  1.42655817e-04  0.00000000e+00 
 1.42755817e-04  1.18918722e+00  1.42755817e-04  5.40025961e-01  1.42755817e-04  1.26060373e-06  1.42755817e-04  1.16708400e-08  1.42755817e-04  1.58729964e-07  1.42755817e-04  1.20000000e+00  1.42755817e-04  0.00000000e+00 
 1.42855817e-04  1.19164051e+00  1.42855817e-04  5.40191122e-01  1.42855817e-04  1.15488343e-06  1.42855817e-04  5.39228237e-07  1.42855817e-04 -1.51868155e-07  1.42855817e-04  1.20000000e+00  1.42855817e-04  0.00000000e+00 
 1.42955817e-04  1.19356032e+00  1.42955817e-04  5.40163214e-01  1.42955817e-04  1.26060513e-06  1.42955817e-04 -1.06113174e-07  1.42955817e-04  1.58739503e-07  1.42955817e-04  1.20000000e+00  1.42955817e-04  0.00000000e+00 
 1.43055817e-04  1.19504779e+00  1.43055817e-04  5.40370826e-01  1.43055817e-04  1.15488130e-06  1.43055817e-04  4.43116641e-07  1.43055817e-04 -1.51866746e-07  1.43055817e-04  1.20000000e+00  1.43055817e-04  0.00000000e+00 
 1.43155817e-04  1.19619104e+00  1.43155817e-04  5.40328775e-01  1.43155817e-04  1.26060641e-06  1.43155817e-04 -1.82087869e-07  1.43155817e-04  1.58746636e-07  1.43155817e-04  1.20000000e+00  1.43155817e-04  0.00000000e+00 
 1.43255817e-04  1.19706797e+00  1.43255817e-04  5.40481359e-01  1.43255817e-04  1.15487972e-06  1.43255817e-04  3.83745013e-07  1.43255817e-04 -1.51867057e-07  1.43255817e-04  1.20000000e+00  1.43255817e-04  0.00000000e+00 
 1.43355817e-04  1.19773710e+00  1.43355817e-04  5.40393677e-01  1.43355817e-04  1.26060764e-06  1.43355817e-04 -2.27845458e-07  1.43355817e-04  1.58752065e-07  1.43355817e-04  1.20000000e+00  1.43355817e-04  0.00000000e+00 
 1.43455817e-04  1.19824885e+00  1.43455817e-04  5.40511160e-01  1.43455817e-04  1.15487846e-06  1.43455817e-04  3.48517384e-07  1.43455817e-04 -1.51868488e-07  1.43455817e-04  1.20000000e+00  1.43455817e-04  0.00000000e+00 
 1.43555817e-04  1.19863770e+00  1.43555817e-04  5.40412807e-01  1.43555817e-04  1.26060878e-06  1.43555817e-04 -2.54783023e-07  1.43555817e-04  1.58756403e-07  1.43555817e-04  1.20000000e+00  1.43555817e-04  0.00000000e+00 
 1.43655817e-04  1.19893497e+00  1.43655817e-04  5.40518817e-01  1.43655817e-04  1.15487735e-06  1.43655817e-04  3.27882917e-07  1.43655817e-04 -1.51870496e-07  1.43655817e-04  1.20000000e+00  1.43655817e-04  0.00000000e+00 
 1.43755817e-04  1.19916017e+00  1.43755817e-04  5.40419494e-01  1.43755817e-04  1.26060981e-06  1.43755817e-04 -2.70449884e-07  1.43755817e-04  1.58760064e-07  1.43755817e-04  1.20000000e+00  1.43755817e-04  0.00000000e+00 
 1.43855817e-04  1.19933271e+00  1.43855817e-04  5.40521860e-01  1.43855817e-04  1.15487634e-06  1.43855817e-04  3.15880324e-07  1.43855817e-04 -1.51872797e-07  1.43855817e-04  1.20000000e+00  1.43855817e-04  0.00000000e+00 
 1.43955817e-04  1.19946288e+00  1.43955817e-04  5.40423201e-01  1.43955817e-04  1.26061078e-06  1.43955817e-04 -2.79527965e-07  1.43955817e-04  1.58763303e-07  1.43955817e-04  1.20000000e+00  1.43955817e-04  0.00000000e+00 
 1.44055817e-04  1.19956306e+00  1.44055817e-04  5.40523270e-01  1.44055817e-04  1.15487539e-06  1.44055817e-04  3.08906301e-07  1.44055817e-04 -1.51875231e-07  1.44055817e-04  1.20000000e+00  1.44055817e-04  0.00000000e+00 
 1.44155817e-04  1.19963815e+00  1.44155817e-04  5.40425413e-01  1.44155817e-04  1.26061170e-06  1.44155817e-04 -2.84774856e-07  1.44155817e-04  1.58766264e-07  1.44155817e-04  1.20000000e+00  1.44155817e-04  0.00000000e+00 
 1.44255817e-04  1.19969639e+00  1.44255817e-04  5.40523886e-01  1.44255817e-04  1.15487448e-06  1.44255817e-04  3.04852696e-07  1.44255817e-04 -1.51877712e-07  1.44255817e-04  1.20000000e+00  1.44255817e-04  0.00000000e+00 
 1.44355817e-04  1.19973958e+00  1.44355817e-04  5.40426797e-01  1.44355817e-04  1.26061258e-06  1.44355817e-04 -2.87799272e-07  1.44355817e-04  1.58769036e-07  1.44355817e-04  1.20000000e+00  1.44355817e-04  0.00000000e+00 
 1.44455817e-04  1.19977355e+00  1.44455817e-04  5.40524103e-01  1.44455817e-04  1.15487361e-06  1.44455817e-04  3.02492374e-07  1.44455817e-04 -1.51880194e-07  1.44455817e-04  1.20000000e+00  1.44455817e-04  0.00000000e+00 
 1.44555817e-04  1.19979827e+00  1.44555817e-04  5.40427701e-01  1.44555817e-04  1.26061344e-06  1.44555817e-04 -2.89536171e-07  1.44555817e-04  1.58771675e-07  1.44555817e-04  1.20000000e+00  1.44555817e-04  0.00000000e+00 
 1.44655817e-04  1.19981819e+00  1.44655817e-04  5.40524123e-01  1.44655817e-04  1.15487277e-06  1.44655817e-04  3.01112969e-07  1.44655817e-04 -1.51882653e-07  1.44655817e-04  1.20000000e+00  1.44655817e-04  0.00000000e+00 
 1.44755817e-04  1.19983223e+00  1.44755817e-04  5.40428312e-01  1.44755817e-04  1.26061427e-06  1.44755817e-04 -2.90527812e-07  1.44755817e-04  1.58774215e-07  1.44755817e-04  1.20000000e+00  1.44755817e-04  0.00000000e+00 
 1.44855817e-04  1.19984401e+00  1.44855817e-04  5.40524049e-01  1.44855817e-04  1.15487194e-06  1.44855817e-04  3.00301577e-07  1.44855817e-04 -1.51885080e-07  1.44855817e-04  1.20000000e+00  1.44855817e-04  0.00000000e+00 
 1.44927913e-04  1.19984972e+00  1.44927913e-04  5.40428766e-01  1.44927913e-04  1.26061524e-06  1.44927913e-04 -2.91017128e-07  1.44927913e-04  1.58777144e-07  1.44927913e-04  1.20000000e+00  1.44927913e-04  0.00000000e+00 
 1.45000010e-04  1.19985554e+00  1.45000010e-04  5.40523834e-01  1.45000010e-04  1.15487083e-06  1.45000010e-04  2.99909849e-07  1.45000010e-04 -1.51888399e-07  1.45000010e-04  1.20000000e+00  1.45000010e-04  0.00000000e+00 
 1.45000011e-04  1.19984207e+00  1.45000011e-04  5.38082398e-01  1.45000011e-04  1.80597085e-06  1.45000011e-04 -1.02970286e-05  1.45000011e-04  1.70797744e-06  1.45000011e-04  1.08000000e+00  1.45000011e-04  0.00000000e+00 
 1.45000013e-04  1.19981158e+00  1.45000013e-04  5.33093108e-01  1.45000013e-04  1.87915153e-06  1.45000013e-04 -9.98651831e-06  1.45000013e-04  1.97518001e-06  1.45000013e-04  8.40000000e-01  1.45000013e-04  0.00000000e+00 
 1.45000016e-04  1.19974667e+00  1.45000016e-04  5.24363768e-01  1.45000016e-04  1.82424703e-06  1.45000016e-04 -5.15643518e-06  1.45000016e-04  1.72076892e-06  1.45000016e-04  4.20000001e-01  1.45000016e-04  0.00000000e+00 
 1.45000020e-04  1.19968352e+00  1.45000020e-04  5.18678760e-01  1.45000020e-04  1.45689110e-06  1.45000020e-04  2.32551502e-06  1.45000020e-04  6.96954165e-07  1.45000020e-04  3.16866000e-09  1.45000020e-04  0.00000000e+00 
 1.45000021e-04  1.19968191e+00  1.45000021e-04  5.19138892e-01  1.45000021e-04  1.07472851e-06  1.45000021e-04  3.82230325e-06  1.45000021e-04 -4.31043486e-07  1.45000021e-04  0.00000000e+00  1.45000021e-04  0.00000000e+00 
 1.45000022e-04  1.19968005e+00  1.45000022e-04  5.20102622e-01  1.45000022e-04  1.02154016e-06  1.45000022e-04  5.14275521e-06  1.45000022e-04 -6.43926165e-07  1.45000022e-04  0.00000000e+00  1.45000022e-04  0.00000000e+00 
 1.45000025e-04  1.19967740e+00  1.45000025e-04  5.21872405e-01  1.45000025e-04  1.09427614e-06  1.45000025e-04  4.87930442e-06  1.45000025e-04 -3.64538010e-07  1.45000025e-04  0.00000000e+00  1.45000025e-04  0.00000000e+00 
 1.45000030e-04  1.19967390e+00  1.45000030e-04  5.24970954e-01  1.45000030e-04  1.05850246e-06  1.45000030e-04  5.93427977e-06  1.45000030e-04 -4.95310607e-07  1.45000030e-04  0.00000000e+00  1.45000030e-04  0.00000000e+00 
 1.45000041e-04  1.19967366e+00  1.45000041e-04  5.30161963e-01  1.45000041e-04  1.12992899e-06  1.45000041e-04  4.59760765e-06  1.45000041e-04 -2.15541606e-07  1.45000041e-04  0.00000000e+00  1.45000041e-04  0.00000000e+00 
 1.45000063e-04  1.19968940e+00  1.45000063e-04  5.37653839e-01  1.45000063e-04  1.11393196e-06  1.45000063e-04  2.88359899e-06  1.45000063e-04 -2.81389770e-07  1.45000063e-04  0.00000000e+00  1.45000063e-04  0.00000000e+00 
 1.45000106e-04  1.19975847e+00  1.45000106e-04  5.46527032e-01  1.45000106e-04  1.18845396e-06  1.45000106e-04 -1.06276205e-06  1.45000106e-04 -5.53456560e-09  1.45000106e-04  0.00000000e+00  1.45000106e-04  0.00000000e+00 
 1.45000193e-04  1.19993686e+00  1.45000193e-04  5.53871579e-01  1.45000193e-04  1.16873850e-06  1.45000193e-04 -3.60980537e-06  1.45000193e-04 -1.06731479e-07  1.45000193e-04  0.00000000e+00  1.45000193e-04  0.00000000e+00 
 1.45000309e-04  1.20013604e+00  1.45000309e-04  5.56979664e-01  1.45000309e-04  1.22221750e-06  1.45000309e-04 -5.86260550e-06  1.45000309e-04  7.94114126e-08  1.45000309e-04  0.00000000e+00  1.45000309e-04  0.00000000e+00 
 1.45000538e-04  1.20024054e+00  1.45000538e-04  5.45584538e-01  1.45000538e-04  1.22143957e-06  1.45000538e-04 -2.96395375e-06  1.45000538e-04  4.57201820e-09  1.45000538e-04  0.00000000e+00  1.45000538e-04  0.00000000e+00 
 1.45000762e-04  1.20024070e+00  1.45000762e-04  5.39635472e-01  1.45000762e-04  1.21600863e-06  1.45000762e-04 -4.84054766e-07  1.45000762e-04  4.22025761e-08  1.45000762e-04  0.00000000e+00  1.45000762e-04  0.00000000e+00 
 1.45001028e-04  1.20024075e+00  1.45001028e-04  5.39098196e-01  1.45001028e-04  1.20253171e-06  1.45001028e-04 -2.34238450e-07  1.45001028e-04 -3.31743700e-08  1.45001028e-04  0.00000000e+00  1.45001028e-04  0.00000000e+00 
 1.45001380e-04  1.20024042e+00  1.45001380e-04  5.39279614e-01  1.45001380e-04  1.21236396e-06  1.45001380e-04  1.07960887e-07  1.45001380e-04  3.79612529e-08  1.45001380e-04  0.00000000e+00  1.45001380e-04  0.00000000e+00 
 1.45002084e-04  1.20023922e+00  1.45002084e-04  5.39610712e-01  1.45002084e-04  1.20257882e-06  1.45002084e-04 -1.24268445e-07  1.45002084e-04 -3.25755269e-08  1.45002084e-04  0.00000000e+00  1.45002084e-04  0.00000000e+00 
 1.45003491e-04  1.20023669e+00  1.45003491e-04  5.39978194e-01  1.45003491e-04  1.21257280e-06  1.45003491e-04  1.18295693e-07  1.45003491e-04  3.86085092e-08  1.45003491e-04  0.00000000e+00  1.45003491e-04  0.00000000e+00 
 1.45006305e-04  1.20023200e+00  1.45006305e-04  5.40216760e-01  1.45006305e-04  1.20281284e-06  1.45006305e-04 -1.20511454e-07  1.45006305e-04 -3.19432077e-08  1.45006305e-04  0.00000000e+00  1.45006305e-04  0.00000000e+00 
 1.45011932e-04  1.20022405e+00  1.45011932e-04  5.40368374e-01  1.45011932e-04  1.21264373e-06  1.45011932e-04  1.19965175e-07  1.45011932e-04  3.88067263e-08  1.45011932e-04  0.00000000e+00  1.45011932e-04  0.00000000e+00 
 1.45023188e-04  1.20021175e+00  1.45023188e-04  5.40435947e-01  1.45023188e-04  1.20284068e-06  1.45023188e-04 -1.20135247e-07  1.45023188e-04 -3.19071559e-08  1.45023188e-04  0.00000000e+00  1.45023188e-04  0.00000000e+00 
 1.45045699e-04  1.20019570e+00  1.45045699e-04  5.40480941e-01  1.45045699e-04  1.21264550e-06  1.45045699e-04  1.20108985e-07  1.45045699e-04  3.87956295e-08  1.45045699e-04  0.00000000e+00  1.45045699e-04  0.00000000e+00 
 1.45090722e-04  1.20017646e+00  1.45090722e-04  5.40461378e-01  1.45090722e-04  1.20284177e-06  1.45090722e-04 -1.20103541e-07  1.45090722e-04 -3.19028526e-08  1.45090722e-04  0.00000000e+00  1.45090722e-04  0.00000000e+00 
 1.45180767e-04  1.20014673e+00  1.45180767e-04  5.40488008e-01  1.45180767e-04  1.21264453e-06  1.45180767e-04  1.20106538e-07  1.45180767e-04  3.87933854e-08  1.45180767e-04  0.00000000e+00  1.45180767e-04  0.00000000e+00 
 1.45280767e-04  1.20011374e+00  1.45280767e-04  5.40466195e-01  1.45280767e-04  1.20284238e-06  1.45280767e-04 -1.20099647e-07  1.45280767e-04 -3.19015415e-08  1.45280767e-04  0.00000000e+00  1.45280767e-04  0.00000000e+00 
 1.45380767e-04  1.20008076e+00  1.45380767e-04  5.40488331e-01  1.45380767e-04  1.21264396e-06  1.45380767e-04  1.20104774e-07  1.45380767e-04  3.87919798e-08  1.45380767e-04  0.00000000e+00  1.45380767e-04  0.00000000e+00 
 1.45480767e-04  1.20004776e+00  1.45480767e-04  5.40466579e-01  1.45480767e-04  1.20284294e-06  1.45480767e-04 -1.20097430e-07  1.45480767e-04 -3.19003218e-08  1.45480767e-04  0.00000000e+00  1.45480767e-04  0.00000000e+00 
 1.45580767e-04  1.20001479e+00  1.45580767e-04  5.40488126e-01  1.45580767e-04  1.21264340e-06  1.45580767e-04  1.20102954e-07  1.45580767e-04  3.87905770e-08  1.45580767e-04  0.00000000e+00  1.45580767e-04  0.00000000e+00 
 1.45680767e-04  1.19998180e+00  1.45680767e-04  5.40466751e-01  1.45680767e-04  1.20284349e-06  1.45680767e-04 -1.20095164e-07  1.45680767e-04 -3.18991070e-08  1.45680767e-04  0.00000000e+00  1.45680767e-04  0.00000000e+00 
 1.45780767e-04  1.19994883e+00  1.45780767e-04  5.40488004e-01  1.45780767e-04  1.21264285e-06  1.45780767e-04  1.20101008e-07  1.45780767e-04  3.87891789e-08  1.45780767e-04  0.00000000e+00  1.45780767e-04  0.00000000e+00 
 1.45880767e-04  1.19991585e+00  1.45880767e-04  5.40466853e-01  1.45880767e-04  1.20284404e-06  1.45880767e-04 -1.20092739e-07  1.45880767e-04 -3.18978969e-08  1.45880767e-04  0.00000000e+00  1.45880767e-04  0.00000000e+00 
 1.45980767e-04  1.19988289e+00  1.45980767e-04  5.40487933e-01  1.45980767e-04  1.21264231e-06  1.45980767e-04  1.20098876e-07  1.45980767e-04  3.87877856e-08  1.45980767e-04  0.00000000e+00  1.45980767e-04  0.00000000e+00 
 1.46080767e-04  1.19984992e+00  1.46080767e-04  5.40466916e-01  1.46080767e-04  1.20284458e-06  1.46080767e-04 -1.20090111e-07  1.46080767e-04 -3.18966913e-08  1.46080767e-04  0.00000000e+00  1.46080767e-04  0.00000000e+00 
 1.46180767e-04  1.19981696e+00  1.46180767e-04  5.40487891e-01  1.46180767e-04  1.21264178e-06  1.46180767e-04  1.20096528e-07  1.46180767e-04  3.87863965e-08  1.46180767e-04  0.00000000e+00  1.46180767e-04  0.00000000e+00 
 1.46280767e-04  1.19978399e+00  1.46280767e-04  5.40466957e-01  1.46280767e-04  1.20284511e-06  1.46280767e-04 -1.20087258e-07  1.46280767e-04 -3.18954898e-08  1.46280767e-04  0.00000000e+00  1.46280767e-04  0.00000000e+00 
 1.46380767e-04  1.19975104e+00  1.46380767e-04  5.40487866e-01  1.46380767e-04  1.21264125e-06  1.46380767e-04  1.20093947e-07  1.46380767e-04  3.87850114e-08  1.46380767e-04  0.00000000e+00  1.46380767e-04  0.00000000e+00 
 1.46480767e-04  1.19971808e+00  1.46480767e-04  5.40466986e-01  1.46480767e-04  1.20284564e-06  1.46480767e-04 -1.20084170e-07  1.46480767e-04 -3.18942921e-08  1.46480767e-04  0.00000000e+00  1.46480767e-04  0.00000000e+00 
 1.46580767e-04  1.19968514e+00  1.46580767e-04  5.40487850e-01  1.46580767e-04  1.21264072e-06  1.46580767e-04  1.20091127e-07  1.46580767e-04  3.87836299e-08  1.46580767e-04  0.00000000e+00  1.46580767e-04  0.00000000e+00 
 1.46680767e-04  1.19965218e+00  1.46680767e-04  5.40467006e-01  1.46680767e-04  1.20284616e-06  1.46680767e-04 -1.20080840e-07  1.46680767e-04 -3.18930977e-08  1.46680767e-04  0.00000000e+00  1.46680767e-04  0.00000000e+00 
 1.46780767e-04  1.19961924e+00  1.46780767e-04  5.40487841e-01  1.46780767e-04  1.21264020e-06  1.46780767e-04  1.20088065e-07  1.46780767e-04  3.87822516e-08  1.46780767e-04  0.00000000e+00  1.46780767e-04  0.00000000e+00 
 1.46880767e-04  1.19958629e+00  1.46880767e-04  5.40467022e-01  1.46880767e-04  1.20284668e-06  1.46880767e-04 -1.20077268e-07  1.46880767e-04 -3.18919064e-08  1.46880767e-04  0.00000000e+00  1.46880767e-04  0.00000000e+00 
 1.46980767e-04  1.19955336e+00  1.46980767e-04  5.40487836e-01  1.46980767e-04  1.21263968e-06  1.46980767e-04  1.20084759e-07  1.46980767e-04  3.87808763e-08  1.46980767e-04  0.00000000e+00  1.46980767e-04  0.00000000e+00 
 1.47080767e-04  1.19952041e+00  1.47080767e-04  5.40467034e-01  1.47080767e-04  1.20284720e-06  1.47080767e-04 -1.20073454e-07  1.47080767e-04 -3.18907177e-08  1.47080767e-04  0.00000000e+00  1.47080767e-04  0.00000000e+00 
 1.47180767e-04  1.19948749e+00  1.47180767e-04  5.40487834e-01  1.47180767e-04  1.21263916e-06  1.47180767e-04  1.20081211e-07  1.47180767e-04  3.87795035e-08  1.47180767e-04  0.00000000e+00  1.47180767e-04  0.00000000e+00 
 1.47280767e-04  1.19945455e+00  1.47280767e-04  5.40467044e-01  1.47280767e-04  1.20284772e-06  1.47280767e-04 -1.20069399e-07  1.47280767e-04 -3.18895315e-08  1.47280767e-04  0.00000000e+00  1.47280767e-04  0.00000000e+00 
 1.47380767e-04  1.19942163e+00  1.47380767e-04  5.40487834e-01  1.47380767e-04  1.21263865e-06  1.47380767e-04  1.20077422e-07  1.47380767e-04  3.87781330e-08  1.47380767e-04  0.00000000e+00  1.47380767e-04  0.00000000e+00 
 1.47480767e-04  1.19938869e+00  1.47480767e-04  5.40467051e-01  1.47480767e-04  1.20284823e-06  1.47480767e-04 -1.20065105e-07  1.47480767e-04 -3.18883475e-08  1.47480767e-04  0.00000000e+00  1.47480767e-04  0.00000000e+00 
 1.47580767e-04  1.19935578e+00  1.47580767e-04  5.40487836e-01  1.47580767e-04  1.21263814e-06  1.47580767e-04  1.20073394e-07  1.47580767e-04  3.87767647e-08  1.47580767e-04  0.00000000e+00  1.47580767e-04  0.00000000e+00 
 1.47680767e-04  1.19932285e+00  1.47680767e-04  5.40467057e-01  1.47680767e-04  1.20284874e-06  1.47680767e-04 -1.20060574e-07  1.47680767e-04 -3.18871655e-08  1.47680767e-04  0.00000000e+00  1.47680767e-04  0.00000000e+00 
 1.47780767e-04  1.19928994e+00  1.47780767e-04  5.40487839e-01  1.47780767e-04  1.21263763e-06  1.47780767e-04  1.20069130e-07  1.47780767e-04  3.87753982e-08  1.47780767e-04  0.00000000e+00  1.47780767e-04  0.00000000e+00 
 1.47880767e-04  1.19925702e+00  1.47880767e-04  5.40467062e-01  1.47880767e-04  1.20284925e-06  1.47880767e-04 -1.20055809e-07  1.47880767e-04 -3.18859853e-08  1.47880767e-04  0.00000000e+00  1.47880767e-04  0.00000000e+00 
 1.47980767e-04  1.19922412e+00  1.47980767e-04  5.40487843e-01  1.47980767e-04  1.21263712e-06  1.47980767e-04  1.20064633e-07  1.47980767e-04  3.87740335e-08  1.47980767e-04  0.00000000e+00  1.47980767e-04  0.00000000e+00 
 1.48080767e-04  1.19919120e+00  1.48080767e-04  5.40467066e-01  1.48080767e-04  1.20284976e-06  1.48080767e-04 -1.20050812e-07  1.48080767e-04 -3.18848066e-08  1.48080767e-04  0.00000000e+00  1.48080767e-04  0.00000000e+00 
 1.48180767e-04  1.19915830e+00  1.48180767e-04  5.40487849e-01  1.48180767e-04  1.21263661e-06  1.48180767e-04  1.20059904e-07  1.48180767e-04  3.87726704e-08  1.48180767e-04  0.00000000e+00  1.48180767e-04  0.00000000e+00 
 1.48280767e-04  1.19912539e+00  1.48280767e-04  5.40467069e-01  1.48280767e-04  1.20285026e-06  1.48280767e-04 -1.20045586e-07  1.48280767e-04 -3.18836295e-08  1.48280767e-04  0.00000000e+00  1.48280767e-04  0.00000000e+00 
 1.48380767e-04  1.19909250e+00  1.48380767e-04  5.40487855e-01  1.48380767e-04  1.21263611e-06  1.48380767e-04  1.20054948e-07  1.48380767e-04  3.87713087e-08  1.48380767e-04  0.00000000e+00  1.48380767e-04  0.00000000e+00 
 1.48480767e-04  1.19905960e+00  1.48480767e-04  5.40467072e-01  1.48480767e-04  1.20285076e-06  1.48480767e-04 -1.20040135e-07  1.48480767e-04 -3.18824537e-08  1.48480767e-04  0.00000000e+00  1.48480767e-04  0.00000000e+00 
 1.48580767e-04  1.19902671e+00  1.48580767e-04  5.40487862e-01  1.48580767e-04  1.21263561e-06  1.48580767e-04  1.20049766e-07  1.48580767e-04  3.87699482e-08  1.48580767e-04  0.00000000e+00  1.48580767e-04  0.00000000e+00 
 1.48680767e-04  1.19899382e+00  1.48680767e-04  5.40467073e-01  1.48680767e-04  1.20285126e-06  1.48680767e-04 -1.20034460e-07  1.48680767e-04 -3.18812791e-08  1.48680767e-04  0.00000000e+00  1.48680767e-04  0.00000000e+00 
 1.48780767e-04  1.19896094e+00  1.48780767e-04  5.40487870e-01  1.48780767e-04  1.21263511e-06  1.48780767e-04  1.20044362e-07  1.48780767e-04  3.87685890e-08  1.48780767e-04  0.00000000e+00  1.48780767e-04  0.00000000e+00 
 1.48880767e-04  1.19892804e+00  1.48880767e-04  5.40467074e-01  1.48880767e-04  1.20285176e-06  1.48880767e-04 -1.20028566e-07  1.48880767e-04 -3.18801056e-08  1.48880767e-04  0.00000000e+00  1.48880767e-04  0.00000000e+00 
 1.48980767e-04  1.19889517e+00  1.48980767e-04  5.40487878e-01  1.48980767e-04  1.21263461e-06  1.48980767e-04  1.20038739e-07  1.48980767e-04  3.87672310e-08  1.48980767e-04  0.00000000e+00  1.48980767e-04  0.00000000e+00 
 1.49080767e-04  1.19886228e+00  1.49080767e-04  5.40467075e-01  1.49080767e-04  1.20285226e-06  1.49080767e-04 -1.20022454e-07  1.49080767e-04 -3.18789332e-08  1.49080767e-04  0.00000000e+00  1.49080767e-04  0.00000000e+00 
 1.49180767e-04  1.19882942e+00  1.49180767e-04  5.40487887e-01  1.49180767e-04  1.21263412e-06  1.49180767e-04  1.20032900e-07  1.49180767e-04  3.87658739e-08  1.49180767e-04  0.00000000e+00  1.49180767e-04  0.00000000e+00 
 1.49280767e-04  1.19879654e+00  1.49280767e-04  5.40467075e-01  1.49280767e-04  1.20285275e-06  1.49280767e-04 -1.20016128e-07  1.49280767e-04 -3.18777618e-08  1.49280767e-04  0.00000000e+00  1.49280767e-04  0.00000000e+00 
 1.49380767e-04  1.19876367e+00  1.49380767e-04  5.40487896e-01  1.49380767e-04  1.21263362e-06  1.49380767e-04  1.20026847e-07  1.49380767e-04  3.87645178e-08  1.49380767e-04  0.00000000e+00  1.49380767e-04  0.00000000e+00 
 1.49480767e-04  1.19873080e+00  1.49480767e-04  5.40467075e-01  1.49480767e-04  1.20285324e-06  1.49480767e-04 -1.20009591e-07  1.49480767e-04 -3.18765912e-08  1.49480767e-04  0.00000000e+00  1.49480767e-04  0.00000000e+00 
 1.49580767e-04  1.19869794e+00  1.49580767e-04  5.40487906e-01  1.49580767e-04  1.21263313e-06  1.49580767e-04  1.20020583e-07  1.49580767e-04  3.87631626e-08  1.49580767e-04  0.00000000e+00  1.49580767e-04  0.00000000e+00 
 1.49680767e-04  1.19866507e+00  1.49680767e-04  5.40467074e-01  1.49680767e-04  1.20285373e-06  1.49680767e-04 -1.20002846e-07  1.49680767e-04 -3.18754215e-08  1.49680767e-04  0.00000000e+00  1.49680767e-04  0.00000000e+00 
 1.49780767e-04  1.19863222e+00  1.49780767e-04  5.40487916e-01  1.49780767e-04  1.21263264e-06  1.49780767e-04  1.20014113e-07  1.49780767e-04  3.87618082e-08  1.49780767e-04  0.00000000e+00  1.49780767e-04  0.00000000e+00 
 1.49880767e-04  1.19859936e+00  1.49880767e-04  5.40467073e-01  1.49880767e-04  1.20285422e-06  1.49880767e-04 -1.19995895e-07  1.49880767e-04 -3.18742526e-08  1.49880767e-04  0.00000000e+00  1.49880767e-04  0.00000000e+00 
 1.49980767e-04  1.19856652e+00  1.49980767e-04  5.40487926e-01  1.49980767e-04  1.21263216e-06  1.49980767e-04  1.20007437e-07  1.49980767e-04  3.87604547e-08  1.49980767e-04  0.00000000e+00  1.49980767e-04  0.00000000e+00 
 1.50080767e-04  1.19853366e+00  1.50080767e-04  5.40467072e-01  1.50080767e-04  1.20285471e-06  1.50080767e-04 -1.19988742e-07  1.50080767e-04 -3.18730844e-08  1.50080767e-04  0.00000000e+00  1.50080767e-04  0.00000000e+00 
 1.50180767e-04  1.19850082e+00  1.50180767e-04  5.40487937e-01  1.50180767e-04  1.21263167e-06  1.50180767e-04  1.20000560e-07  1.50180767e-04  3.87591018e-08  1.50180767e-04  0.00000000e+00  1.50180767e-04  0.00000000e+00 
 1.50280767e-04  1.19846797e+00  1.50280767e-04  5.40467071e-01  1.50280767e-04  1.20285519e-06  1.50280767e-04 -1.19981389e-07  1.50280767e-04 -3.18719169e-08  1.50280767e-04  0.00000000e+00  1.50280767e-04  0.00000000e+00 
 1.50380767e-04  1.19843514e+00  1.50380767e-04  5.40487948e-01  1.50380767e-04  1.21263119e-06  1.50380767e-04  1.19993484e-07  1.50380767e-04  3.87577497e-08  1.50380767e-04  0.00000000e+00  1.50380767e-04  0.00000000e+00 
 1.50480767e-04  1.19840229e+00  1.50480767e-04  5.40467069e-01  1.50480767e-04  1.20285568e-06  1.50480767e-04 -1.19973840e-07  1.50480767e-04 -3.18707501e-08  1.50480767e-04  0.00000000e+00  1.50480767e-04  0.00000000e+00 
 1.50580767e-04  1.19836946e+00  1.50580767e-04  5.40487959e-01  1.50580767e-04  1.21263070e-06  1.50580767e-04  1.19986212e-07  1.50580767e-04  3.87563983e-08  1.50580767e-04  0.00000000e+00  1.50580767e-04  0.00000000e+00 
 1.50680767e-04  1.19833662e+00  1.50680767e-04  5.40467067e-01  1.50680767e-04  1.20285616e-06  1.50680767e-04 -1.19966097e-07  1.50680767e-04 -3.18695839e-08  1.50680767e-04  0.00000000e+00  1.50680767e-04  0.00000000e+00 
 1.50780767e-04  1.19830380e+00  1.50780767e-04  5.40487970e-01  1.50780767e-04  1.21263022e-06  1.50780767e-04  1.19978748e-07  1.50780767e-04  3.87550475e-08  1.50780767e-04  0.00000000e+00  1.50780767e-04  0.00000000e+00 
 1.50880767e-04  1.19827096e+00  1.50880767e-04  5.40467066e-01  1.50880767e-04  1.20285664e-06  1.50880767e-04 -1.19958163e-07  1.50880767e-04 -3.18684183e-08  1.50880767e-04  0.00000000e+00  1.50880767e-04  0.00000000e+00 
 1.50980767e-04  1.19823815e+00  1.50980767e-04  5.40487982e-01  1.50980767e-04  1.21262974e-06  1.50980767e-04  1.19971093e-07  1.50980767e-04  3.87536973e-08  1.50980767e-04  0.00000000e+00  1.50980767e-04  0.00000000e+00 
 1.51080767e-04  1.19820532e+00  1.51080767e-04  5.40467064e-01  1.51080767e-04  1.20285712e-06  1.51080767e-04 -1.19950042e-07  1.51080767e-04 -3.18672533e-08  1.51080767e-04  0.00000000e+00  1.51080767e-04  0.00000000e+00 
 1.51180767e-04  1.19817251e+00  1.51180767e-04  5.40487993e-01  1.51180767e-04  1.21262926e-06  1.51180767e-04  1.19963250e-07  1.51180767e-04  3.87523476e-08  1.51180767e-04  0.00000000e+00  1.51180767e-04  0.00000000e+00 
 1.51280767e-04  1.19813969e+00  1.51280767e-04  5.40467062e-01  1.51280767e-04  1.20285760e-06  1.51280767e-04 -1.19941734e-07  1.51280767e-04 -3.18660888e-08  1.51280767e-04  0.00000000e+00  1.51280767e-04  0.00000000e+00 
 1.51380767e-04  1.19810688e+00  1.51380767e-04  5.40488005e-01  1.51380767e-04  1.21262879e-06  1.51380767e-04  1.19955223e-07  1.51380767e-04  3.87509986e-08  1.51380767e-04  0.00000000e+00  1.51380767e-04  0.00000000e+00 
 1.51480767e-04  1.19807407e+00  1.51480767e-04  5.40467059e-01  1.51480767e-04  1.20285807e-06  1.51480767e-04 -1.19933244e-07  1.51480767e-04 -3.18649248e-08  1.51480767e-04  0.00000000e+00  1.51480767e-04  0.00000000e+00 
 1.51580767e-04  1.19804127e+00  1.51580767e-04  5.40488017e-01  1.51580767e-04  1.21262831e-06  1.51580767e-04  1.19947014e-07  1.51580767e-04  3.87496501e-08  1.51580767e-04  0.00000000e+00  1.51580767e-04  0.00000000e+00 
 1.51680767e-04  1.19800846e+00  1.51680767e-04  5.40467057e-01  1.51680767e-04  1.20285855e-06  1.51680767e-04 -1.19924575e-07  1.51680767e-04 -3.18637614e-08  1.51680767e-04  0.00000000e+00  1.51680767e-04  0.00000000e+00 
 1.51780767e-04  1.19797566e+00  1.51780767e-04  5.40488029e-01  1.51780767e-04  1.21262784e-06  1.51780767e-04  1.19938625e-07  1.51780767e-04  3.87483021e-08  1.51780767e-04  0.00000000e+00  1.51780767e-04  0.00000000e+00 
 1.51880767e-04  1.19794286e+00  1.51880767e-04  5.40467055e-01  1.51880767e-04  1.20285902e-06  1.51880767e-04 -1.19915728e-07  1.51880767e-04 -3.18625984e-08  1.51880767e-04  0.00000000e+00  1.51880767e-04  0.00000000e+00 
 1.51980767e-04  1.19791007e+00  1.51980767e-04  5.40488042e-01  1.51980767e-04  1.21262737e-06  1.51980767e-04  1.19930060e-07  1.51980767e-04  3.87469546e-08  1.51980767e-04  0.00000000e+00  1.51980767e-04  0.00000000e+00 
 1.52080767e-04  1.19787727e+00  1.52080767e-04  5.40467052e-01  1.52080767e-04  1.20285949e-06  1.52080767e-04 -1.19906706e-07  1.52080767e-04 -3.18614360e-08  1.52080767e-04  0.00000000e+00  1.52080767e-04  0.00000000e+00 
 1.52180767e-04  1.19784449e+00  1.52180767e-04  5.40488054e-01  1.52180767e-04  1.21262690e-06  1.52180767e-04  1.19921321e-07  1.52180767e-04  3.87456077e-08  1.52180767e-04  0.00000000e+00  1.52180767e-04  0.00000000e+00 
 1.52280767e-04  1.19781169e+00  1.52280767e-04  5.40467050e-01  1.52280767e-04  1.20285996e-06  1.52280767e-04 -1.19897513e-07  1.52280767e-04 -3.18602739e-08  1.52280767e-04  0.00000000e+00  1.52280767e-04  0.00000000e+00 
 1.52380767e-04  1.19777892e+00  1.52380767e-04  5.40488066e-01  1.52380767e-04  1.21262643e-06  1.52380767e-04  1.19912411e-07  1.52380767e-04  3.87442612e-08  1.52380767e-04  0.00000000e+00  1.52380767e-04  0.00000000e+00 
 1.52480767e-04  1.19774613e+00  1.52480767e-04  5.40467047e-01  1.52480767e-04  1.20286043e-06  1.52480767e-04 -1.19888150e-07  1.52480767e-04 -3.18591124e-08  1.52480767e-04  0.00000000e+00  1.52480767e-04  0.00000000e+00 
 1.52580767e-04  1.19771336e+00  1.52580767e-04  5.40488079e-01  1.52580767e-04  1.21262596e-06  1.52580767e-04  1.19903332e-07  1.52580767e-04  3.87429152e-08  1.52580767e-04  0.00000000e+00  1.52580767e-04  0.00000000e+00 
 1.52680767e-04  1.19768057e+00  1.52680767e-04  5.40467045e-01  1.52680767e-04  1.20286089e-06  1.52680767e-04 -1.19878620e-07  1.52680767e-04 -3.18579513e-08  1.52680767e-04  0.00000000e+00  1.52680767e-04  0.00000000e+00 
 1.52780767e-04  1.19764781e+00  1.52780767e-04  5.40488092e-01  1.52780767e-04  1.21262549e-06  1.52780767e-04  1.19894086e-07  1.52780767e-04  3.87415696e-08  1.52780767e-04  0.00000000e+00  1.52780767e-04  0.00000000e+00 
 1.52880767e-04  1.19761503e+00  1.52880767e-04  5.40467043e-01  1.52880767e-04  1.20286136e-06  1.52880767e-04 -1.19868926e-07  1.52880767e-04 -3.18567906e-08  1.52880767e-04  0.00000000e+00  1.52880767e-04  0.00000000e+00 
 1.52980767e-04  1.19758227e+00  1.52980767e-04  5.40488104e-01  1.52980767e-04  1.21262503e-06  1.52980767e-04  1.19884677e-07  1.52980767e-04  3.87402245e-08  1.52980767e-04  0.00000000e+00  1.52980767e-04  0.00000000e+00 
 1.53080767e-04  1.19754950e+00  1.53080767e-04  5.40467040e-01  1.53080767e-04  1.20286182e-06  1.53080767e-04 -1.19859070e-07  1.53080767e-04 -3.18556303e-08  1.53080767e-04  0.00000000e+00  1.53080767e-04  0.00000000e+00 
 1.53180767e-04  1.19751675e+00  1.53180767e-04  5.40488117e-01  1.53180767e-04  1.21262457e-06  1.53180767e-04  1.19875106e-07  1.53180767e-04  3.87388799e-08  1.53180767e-04  0.00000000e+00  1.53180767e-04  0.00000000e+00 
 1.53280767e-04  1.19748398e+00  1.53280767e-04  5.40467037e-01  1.53280767e-04  1.20286229e-06  1.53280767e-04 -1.19849055e-07  1.53280767e-04 -3.18544704e-08  1.53280767e-04  0.00000000e+00  1.53280767e-04  0.00000000e+00 
 1.53380767e-04  1.19745124e+00  1.53380767e-04  5.40488130e-01  1.53380767e-04  1.21262410e-06  1.53380767e-04  1.19865376e-07  1.53380767e-04  3.87375357e-08  1.53380767e-04  0.00000000e+00  1.53380767e-04  0.00000000e+00 
 1.53480767e-04  1.19741847e+00  1.53480767e-04  5.40467035e-01  1.53480767e-04  1.20286275e-06  1.53480767e-04 -1.19838882e-07  1.53480767e-04 -3.18533110e-08  1.53480767e-04  0.00000000e+00  1.53480767e-04  0.00000000e+00 
 1.53580767e-04  1.19738573e+00  1.53580767e-04  5.40488143e-01  1.53580767e-04  1.21262364e-06  1.53580767e-04  1.19855489e-07  1.53580767e-04  3.87361919e-08  1.53580767e-04  0.00000000e+00  1.53580767e-04  0.00000000e+00 
 1.53680767e-04  1.19735298e+00  1.53680767e-04  5.40467032e-01  1.53680767e-04  1.20286320e-06  1.53680767e-04 -1.19828555e-07  1.53680767e-04 -3.18521519e-08  1.53680767e-04  0.00000000e+00  1.53680767e-04  0.00000000e+00 
 1.53780767e-04  1.19732024e+00  1.53780767e-04  5.40488156e-01  1.53780767e-04  1.21262319e-06  1.53780767e-04  1.19845449e-07  1.53780767e-04  3.87348485e-08  1.53780767e-04  0.00000000e+00  1.53780767e-04  0.00000000e+00 
 1.53880767e-04  1.19728749e+00  1.53880767e-04  5.40467030e-01  1.53880767e-04  1.20286366e-06  1.53880767e-04 -1.19818075e-07  1.53880767e-04 -3.18509933e-08  1.53880767e-04  0.00000000e+00  1.53880767e-04  0.00000000e+00 
 1.53980767e-04  1.19725476e+00  1.53980767e-04  5.40488169e-01  1.53980767e-04  1.21262273e-06  1.53980767e-04  1.19835256e-07  1.53980767e-04  3.87335056e-08  1.53980767e-04  0.00000000e+00  1.53980767e-04  0.00000000e+00 
 1.54080767e-04  1.19722202e+00  1.54080767e-04  5.40467028e-01  1.54080767e-04  1.20286412e-06  1.54080767e-04 -1.19807446e-07  1.54080767e-04 -3.18498350e-08  1.54080767e-04  0.00000000e+00  1.54080767e-04  0.00000000e+00 
 1.54180767e-04  1.19718929e+00  1.54180767e-04  5.40488182e-01  1.54180767e-04  1.21262227e-06  1.54180767e-04  1.19824914e-07  1.54180767e-04  3.87321630e-08  1.54180767e-04  0.00000000e+00  1.54180767e-04  0.00000000e+00 
 1.54280767e-04  1.19715655e+00  1.54280767e-04  5.40467025e-01  1.54280767e-04  1.20286458e-06  1.54280767e-04 -1.19796668e-07  1.54280767e-04 -3.18486771e-08  1.54280767e-04  0.00000000e+00  1.54280767e-04  0.00000000e+00 
 1.54380767e-04  1.19712383e+00  1.54380767e-04  5.40488195e-01  1.54380767e-04  1.21262182e-06  1.54380767e-04  1.19814424e-07  1.54380767e-04  3.87308209e-08  1.54380767e-04  0.00000000e+00  1.54380767e-04  0.00000000e+00 
 1.54480767e-04  1.19709110e+00  1.54480767e-04  5.40467023e-01  1.54480767e-04  1.20286503e-06  1.54480767e-04 -1.19785745e-07  1.54480767e-04 -3.18475196e-08  1.54480767e-04  0.00000000e+00  1.54480767e-04  0.00000000e+00 
 1.54580767e-04  1.19705839e+00  1.54580767e-04  5.40488208e-01  1.54580767e-04  1.21262136e-06  1.54580767e-04  1.19803788e-07  1.54580767e-04  3.87294792e-08  1.54580767e-04  0.00000000e+00  1.54580767e-04  0.00000000e+00 
 1.54680767e-04  1.19702566e+00  1.54680767e-04  5.40467020e-01  1.54680767e-04  1.20286548e-06  1.54680767e-04 -1.19774678e-07  1.54680767e-04 -3.18463625e-08  1.54680767e-04  0.00000000e+00  1.54680767e-04  0.00000000e+00 
 1.54780767e-04  1.19699295e+00  1.54780767e-04  5.40488221e-01  1.54780767e-04  1.21262091e-06  1.54780767e-04  1.19793010e-07  1.54780767e-04  3.87281378e-08  1.54780767e-04  0.00000000e+00  1.54780767e-04  0.00000000e+00 
 1.54880767e-04  1.19696023e+00  1.54880767e-04  5.40467018e-01  1.54880767e-04  1.20286593e-06  1.54880767e-04 -1.19763470e-07  1.54880767e-04 -3.18452057e-08  1.54880767e-04  0.00000000e+00  1.54880767e-04  0.00000000e+00 
 1.54940383e-04  1.19694073e+00  1.54940383e-04  5.40488224e-01  1.54940383e-04  1.21262031e-06  1.54940383e-04  1.19778086e-07  1.54940383e-04  3.87263927e-08  1.54940383e-04  0.00000000e+00  1.54940383e-04  0.00000000e+00 
 1.55000000e-04  1.19692123e+00  1.55000000e-04  5.40466988e-01  1.55000000e-04  1.20286669e-06  1.55000000e-04 -1.19744808e-07  1.55000000e-04 -3.18431666e-08  1.55000000e-04  0.00000000e+00  1.55000000e-04  0.00000000e+00 
 1.55003372e-04  1.19645993e+00  1.55003372e-04  5.69259689e-01  1.55003372e-04  1.20488983e-06  1.55003372e-04 -8.74021302e-08  1.55003372e-04  1.60745738e-06  1.55003372e-04  0.00000000e+00  1.55003372e-04  1.20000000e+00 
 1.55010115e-04  1.19593244e+00  1.55010115e-04  5.55746370e-01  1.55010115e-04  1.21258250e-06  1.55010115e-04  1.19639045e-07  1.55010115e-04 -2.83012442e-07  1.55010115e-04  0.00000000e+00  1.55010115e-04  1.20000000e+00 
 1.55014807e-04  1.19594677e+00  1.55014807e-04  5.41429454e-01  1.55014807e-04  1.20562278e-06  1.55014807e-04 -4.18631629e-08  1.55014807e-04  4.49961144e-07  1.55014807e-04  0.00000000e+00  1.55014807e-04  1.20000000e+00 
 1.55020573e-04  1.19586504e+00  1.55020573e-04  5.38477550e-01  1.55020573e-04  1.20925693e-06  1.55020573e-04  4.80337546e-08  1.55020573e-04  9.86110145e-09  1.55020573e-04  0.00000000e+00  1.55020573e-04  1.20000000e+00 
 1.55029514e-04  1.19560395e+00  1.55029514e-04  5.40164863e-01  1.55029514e-04  1.20588480e-06  1.55029514e-04 -4.86820420e-08  1.55029514e-04  6.20624878e-07  1.55029514e-04  0.00000000e+00  1.55029514e-04  1.20000000e+00 
 1.55045714e-04  1.19511696e+00  1.55045714e-04  5.40591117e-01  1.55045714e-04  1.20949344e-06  1.55045714e-04  4.63150612e-08  1.55045714e-04  3.47428476e-08  1.55045714e-04  0.00000000e+00  1.55045714e-04  1.20000000e+00 
 1.55061960e-04  1.19464081e+00  1.55061960e-04  5.40544846e-01  1.55061960e-04  1.20604992e-06  1.55061960e-04 -4.44938658e-08  1.55061960e-04  6.05527091e-07  1.55061960e-04  0.00000000e+00  1.55061960e-04  1.20000000e+00 
 1.55094452e-04  1.19368122e+00  1.55094452e-04  5.40548739e-01  1.55094452e-04  1.20941246e-06  1.55094452e-04  4.37015003e-08  1.55094452e-04  4.40783000e-08  1.55094452e-04  0.00000000e+00  1.55094452e-04  1.20000000e+00 
 1.55159436e-04  1.19177352e+00  1.55159436e-04  5.40598821e-01  1.55159436e-04  1.20608517e-06  1.55159436e-04 -4.32628984e-08  1.55159436e-04  6.01427547e-07  1.55159436e-04  0.00000000e+00  1.55159436e-04  1.20000000e+00 
 1.55259436e-04  1.18883281e+00  1.55259436e-04  5.40579082e-01  1.55259436e-04  1.20939383e-06  1.55259436e-04  4.30603626e-08  1.55259436e-04  4.61752627e-08  1.55259436e-04  0.00000000e+00  1.55259436e-04  1.20000000e+00 
 1.55359436e-04  1.18589639e+00  1.55359436e-04  5.40655895e-01  1.55359436e-04  1.20609929e-06  1.55359436e-04 -4.27405143e-08  1.55359436e-04  5.99851765e-07  1.55359436e-04  0.00000000e+00  1.55359436e-04  1.20000000e+00 
 1.55459436e-04  1.18295618e+00  1.55459436e-04  5.40607777e-01  1.55459436e-04  1.20937984e-06  1.55459436e-04  4.25661097e-08  1.55459436e-04  4.77116120e-08  1.55459436e-04  0.00000000e+00  1.55459436e-04  1.20000000e+00 
 1.55559436e-04  1.18001977e+00  1.55559436e-04  5.40699233e-01  1.55559436e-04  1.20611276e-06  1.55559436e-04 -4.22226501e-08  1.55559436e-04  5.98372878e-07  1.55559436e-04  0.00000000e+00  1.55559436e-04  1.20000000e+00 
 1.55659436e-04  1.17708012e+00  1.55659436e-04  5.40609047e-01  1.55659436e-04  1.20936656e-06  1.55659436e-04  4.20721325e-08  1.55659436e-04  4.91384854e-08  1.55659436e-04  0.00000000e+00  1.55659436e-04  1.20000000e+00 
 1.55759436e-04  1.17414377e+00  1.55759436e-04  5.40705650e-01  1.55759436e-04  1.20612559e-06  1.55759436e-04 -4.17025945e-08  1.55759436e-04  5.96974343e-07  1.55759436e-04  0.00000000e+00  1.55759436e-04  1.20000000e+00 
 1.55859436e-04  1.17120484e+00  1.55859436e-04  5.40560844e-01  1.55859436e-04  1.20935416e-06  1.55859436e-04  4.15711781e-08  1.55859436e-04  5.04466712e-08  1.55859436e-04  0.00000000e+00  1.55859436e-04  1.20000000e+00 
 1.55959436e-04  1.16826874e+00  1.55959436e-04  5.40671036e-01  1.55959436e-04  1.20613768e-06  1.55959436e-04 -4.11740524e-08  1.55959436e-04  5.95646188e-07  1.55959436e-04  0.00000000e+00  1.55959436e-04  1.20000000e+00 
 1.56059436e-04  1.16533076e+00  1.56059436e-04  5.40472765e-01  1.56059436e-04  1.20934305e-06  1.56059436e-04  4.10512165e-08  1.56059436e-04  5.16229775e-08  1.56059436e-04  0.00000000e+00  1.56059436e-04  1.20000000e+00 
 1.56159436e-04  1.16239511e+00  1.56159436e-04  5.40646707e-01  1.56159436e-04  1.20614863e-06  1.56159436e-04 -4.06233724e-08  1.56159436e-04  5.94401400e-07  1.56159436e-04  0.00000000e+00  1.56159436e-04  1.20000000e+00 
 1.56259436e-04  1.15945799e+00  1.56259436e-04  5.40420028e-01  1.56259436e-04  1.20933313e-06  1.56259436e-04  4.04744751e-08  1.56259436e-04  5.27241723e-08  1.56259436e-04  0.00000000e+00  1.56259436e-04  1.20000000e+00 
 1.56359436e-04  1.15652253e+00  1.56359436e-04  5.40681860e-01  1.56359436e-04  1.20615795e-06  1.56359436e-04 -3.99732346e-08  1.56359436e-04  5.93284153e-07  1.56359436e-04  0.00000000e+00  1.56359436e-04  1.20000000e+00 
 1.56459436e-04  1.15358596e+00  1.56459436e-04  5.40362343e-01  1.56459436e-04  1.20932453e-06  1.56459436e-04  3.97206883e-08  1.56459436e-04  5.37595664e-08  1.56459436e-04  0.00000000e+00  1.56459436e-04  1.20000000e+00 
 1.56559436e-04  1.15065064e+00  1.56559436e-04  5.40707064e-01  1.56559436e-04  1.20616591e-06  1.56559436e-04 -3.90095216e-08  1.56559436e-04  5.92243279e-07  1.56559436e-04  0.00000000e+00  1.56559436e-04  1.20000000e+00 
 1.56659436e-04  1.14771471e+00  1.56659436e-04  5.40220679e-01  1.56659436e-04  1.20931744e-06  1.56659436e-04  3.84679558e-08  1.56659436e-04  5.46851692e-08  1.56659436e-04  0.00000000e+00  1.56659436e-04  1.20000000e+00 
 1.56759436e-04  1.14477954e+00  1.56759436e-04  5.40781444e-01  1.56759436e-04  1.20617206e-06  1.56759436e-04 -3.74435399e-08  1.56759436e-04  5.91311543e-07  1.56759436e-04  0.00000000e+00  1.56759436e-04  1.20000000e+00 
 1.56859436e-04  1.14184415e+00  1.56859436e-04  5.40086970e-01  1.56859436e-04  1.20931244e-06  1.56859436e-04  3.66643523e-08  1.56859436e-04  5.55201474e-08  1.56859436e-04  0.00000000e+00  1.56859436e-04  1.20000000e+00 
 1.56959436e-04  1.13890902e+00  1.56959436e-04  5.40899266e-01  1.56959436e-04  1.20617578e-06  1.56959436e-04 -3.54942784e-08  1.56959436e-04  5.90490810e-07  1.56959436e-04  0.00000000e+00  1.56959436e-04  1.20000000e+00 
 1.57059436e-04  1.13597405e+00  1.57059436e-04  5.39971741e-01  1.57059436e-04  1.20931012e-06  1.57059436e-04  3.46593357e-08  1.57059436e-04  5.62707671e-08  1.57059436e-04  0.00000000e+00  1.57059436e-04  1.20000000e+00 
 1.57159436e-04  1.13303897e+00  1.57159436e-04  5.40998704e-01  1.57159436e-04  1.20617668e-06  1.57159436e-04 -3.34501597e-08  1.57159436e-04  5.89748114e-07  1.57159436e-04  0.00000000e+00  1.57159436e-04  1.20000000e+00 
 1.57259436e-04  1.13010435e+00  1.57259436e-04  5.39878734e-01  1.57259436e-04  1.20931063e-06  1.57259436e-04  3.26076431e-08  1.57259436e-04  5.69558201e-08  1.57259436e-04  0.00000000e+00  1.57259436e-04  1.20000000e+00 
 1.57359436e-04  1.12716933e+00  1.57359436e-04  5.41077618e-01  1.57359436e-04  1.20617479e-06  1.57359436e-04 -3.13969732e-08  1.57359436e-04  5.89063252e-07  1.57359436e-04  0.00000000e+00  1.57359436e-04  1.20000000e+00 
 1.57459436e-04  1.12423500e+00  1.57459436e-04  5.39807234e-01  1.57459436e-04  1.20931381e-06  1.57459436e-04  3.05769930e-08  1.57459436e-04  5.75924901e-08  1.57459436e-04  0.00000000e+00  1.57459436e-04  1.20000000e+00 
 1.57559436e-04  1.12130007e+00  1.57559436e-04  5.41136780e-01  1.57559436e-04  1.20617039e-06  1.57559436e-04 -2.93923675e-08  1.57559436e-04  5.88420571e-07  1.57559436e-04  0.00000000e+00  1.57559436e-04  1.20000000e+00 
 1.57659436e-04  1.11836599e+00  1.57659436e-04  5.39755476e-01  1.57659436e-04  1.20931932e-06  1.57659436e-04  2.86170386e-08  1.57659436e-04  5.81942836e-08  1.57659436e-04  0.00000000e+00  1.57659436e-04  1.20000000e+00 
 1.57759436e-04  1.11543117e+00  1.57759436e-04  5.41177895e-01  1.57759436e-04  1.20616387e-06  1.57759436e-04 -2.74784946e-08  1.57759436e-04  5.87808140e-07  1.57759436e-04  0.00000000e+00  1.57759436e-04  1.20000000e+00 
 1.57859436e-04  1.11249730e+00  1.57859436e-04  5.39721284e-01  1.57859436e-04  1.20932676e-06  1.57859436e-04  2.67632639e-08  1.57859436e-04  5.87713201e-08  1.57859436e-04  0.00000000e+00  1.57859436e-04  1.20000000e+00 
 1.57959436e-04  1.10956259e+00  1.57959436e-04  5.41203075e-01  1.57959436e-04  1.20615563e-06  1.57959436e-04 -2.56844925e-08  1.57959436e-04  5.87217258e-07  1.57959436e-04  0.00000000e+00  1.57959436e-04  1.20000000e+00 
 1.58059436e-04  1.10662891e+00  1.58059436e-04  5.39702317e-01  1.58059436e-04  1.20933570e-06  1.58059436e-04  2.50391691e-08  1.58059436e-04  5.93307809e-08  1.58059436e-04  0.00000000e+00  1.58059436e-04  1.20000000e+00 
 1.58159436e-04  1.10369432e+00  1.58159436e-04  5.41214572e-01  1.58159436e-04  1.20614610e-06  1.58159436e-04 -2.40285486e-08  1.58159436e-04  5.86641948e-07  1.58159436e-04  0.00000000e+00  1.58159436e-04  1.20000000e+00 
 1.58259436e-04  1.10076081e+00  1.58259436e-04  5.39696221e-01  1.58259436e-04  1.20934573e-06  1.58259436e-04  2.34583087e-08  1.58259436e-04  5.98774018e-08  1.58259436e-04  0.00000000e+00  1.58259436e-04  1.20000000e+00 
 1.58359436e-04  1.09782633e+00  1.58359436e-04  5.41214617e-01  1.58359436e-04  1.20613568e-06  1.58359436e-04 -2.25199170e-08  1.58359436e-04  5.86078456e-07  1.58359436e-04  0.00000000e+00  1.58359436e-04  1.20000000e+00 
 1.58459436e-04  1.09489299e+00  1.58459436e-04  5.39700747e-01  1.58459436e-04  1.20935648e-06  1.58459436e-04  2.20262767e-08  1.58459436e-04  6.04139513e-08  1.58459436e-04  0.00000000e+00  1.58459436e-04  1.20000000e+00 
 1.58559436e-04  1.09195862e+00  1.58559436e-04  5.41205316e-01  1.58559436e-04  1.20612470e-06  1.58559436e-04 -2.11608490e-08  1.58559436e-04  5.85524780e-07  1.58559436e-04  0.00000000e+00  1.58559436e-04  1.20000000e+00 
 1.58659436e-04  1.08902543e+00  1.58659436e-04  5.39713818e-01  1.58659436e-04  1.20936762e-06  1.58659436e-04  2.07425608e-08  1.58659436e-04  6.09416703e-08  1.58659436e-04  0.00000000e+00  1.58659436e-04  1.20000000e+00 
 1.58759436e-04  1.08609117e+00  1.58759436e-04  5.41188589e-01  1.58759436e-04  1.20611347e-06  1.58759436e-04 -1.99483529e-08  1.58759436e-04  5.84980251e-07  1.58759436e-04  0.00000000e+00  1.58759436e-04  1.20000000e+00 
 1.58859436e-04  1.08315812e+00  1.58859436e-04  5.39733574e-01  1.58859436e-04  1.20937887e-06  1.58859436e-04  1.96021912e-08  1.58859436e-04  6.14606700e-08  1.58859436e-04  0.00000000e+00  1.58859436e-04  1.20000000e+00 
 1.58959436e-04  1.08022396e+00  1.58959436e-04  5.41166142e-01  1.58959436e-04  1.20610225e-06  1.58959436e-04 -1.88757199e-08  1.58959436e-04  5.84445162e-07  1.58959436e-04  0.00000000e+00  1.58959436e-04  1.20000000e+00 
 1.59059436e-04  1.07729106e+00  1.59059436e-04  5.39758384e-01  1.59059436e-04  1.20939002e-06  1.59059436e-04  1.85971394e-08  1.59059436e-04  6.19702619e-08  1.59059436e-04  0.00000000e+00  1.59059436e-04  1.20000000e+00 
 1.59159436e-04  1.07435699e+00  1.59159436e-04  5.41139456e-01  1.59159436e-04  1.20609124e-06  1.59159436e-04 -1.79337943e-08  1.59159436e-04  5.83920464e-07  1.59159436e-04  0.00000000e+00  1.59159436e-04  1.20000000e+00 
 1.59259436e-04  1.07142424e+00  1.59259436e-04  5.39786850e-01  1.59259436e-04  1.20940086e-06  1.59259436e-04  1.77174607e-08  1.59259436e-04  6.24692345e-08  1.59259436e-04  0.00000000e+00  1.59259436e-04  1.20000000e+00 
 1.59359436e-04  1.06849025e+00  1.59359436e-04  5.41109792e-01  1.59359436e-04  1.20608061e-06  1.59359436e-04 -1.71119885e-08  1.59359436e-04  5.83407513e-07  1.59359436e-04  0.00000000e+00  1.59359436e-04  1.20000000e+00 
 1.59459436e-04  1.06555764e+00  1.59459436e-04  5.39817790e-01  1.59459436e-04  1.20941125e-06  1.59459436e-04  1.69521897e-08  1.59459436e-04  6.29560798e-08  1.59459436e-04  0.00000000e+00  1.59459436e-04  1.20000000e+00 
 1.59559436e-04  1.06262374e+00  1.59559436e-04  5.41078211e-01  1.59559436e-04  1.20607049e-06  1.59559436e-04 -1.63990649e-08  1.59559436e-04  5.82907871e-07  1.59559436e-04  0.00000000e+00  1.59559436e-04  1.20000000e+00 
 1.59659436e-04  1.05969128e+00  1.59659436e-04  5.39850222e-01  1.59659436e-04  1.20942109e-06  1.59659436e-04  1.62900183e-08  1.59659436e-04  6.34291626e-08  1.59659436e-04  0.00000000e+00  1.59659436e-04  1.20000000e+00 
 1.59759436e-04  1.05675744e+00  1.59759436e-04  5.41045587e-01  1.59759436e-04  1.20606097e-06  1.59759436e-04 -1.57837154e-08  1.59759436e-04  5.82423159e-07  1.59759436e-04  0.00000000e+00  1.59759436e-04  1.20000000e+00 
 1.59859436e-04  1.05382513e+00  1.59859436e-04  5.39883342e-01  1.59859436e-04  1.20943028e-06  1.59859436e-04  1.57197863e-08  1.59859436e-04  6.38868505e-08  1.59859436e-04  0.00000000e+00  1.59859436e-04  1.20000000e+00 
 1.59959436e-04  1.05089136e+00  1.59959436e-04  5.41012633e-01  1.59959436e-04  1.20605212e-06  1.59959436e-04 -1.52549707e-08  1.59959436e-04  5.81954939e-07  1.59959436e-04  0.00000000e+00  1.59959436e-04  1.20000000e+00 
 1.60059436e-04  1.04795919e+00  1.60059436e-04  5.39916502e-01  1.60059436e-04  1.20943877e-06  1.60059436e-04  1.52308202e-08  1.60059436e-04  6.43276091e-08  1.60059436e-04  0.00000000e+00  1.60059436e-04  1.20000000e+00 
 1.60159436e-04  1.04502548e+00  1.60159436e-04  5.40979921e-01  1.60159436e-04  1.20604399e-06  1.60159436e-04 -1.48024737e-08  1.60159436e-04  5.81504642e-07  1.60159436e-04  0.00000000e+00  1.60159436e-04  1.20000000e+00 
 1.60259436e-04  1.04209347e+00  1.60259436e-04  5.39949185e-01  1.60259436e-04  1.20944653e-06  1.60259436e-04  1.48131511e-08  1.60259436e-04  6.47500666e-08  1.60259436e-04  0.00000000e+00  1.60259436e-04  1.20000000e+00 
 1.60359436e-04  1.03915981e+00  1.60359436e-04  5.40947901e-01  1.60359436e-04  1.20603661e-06  1.60359436e-04 -1.44166476e-08  1.60359436e-04  5.81073508e-07  1.60359436e-04  0.00000000e+00  1.60359436e-04  1.20000000e+00 
 1.60459436e-04  1.03622795e+00  1.60459436e-04  5.39980991e-01  1.60459436e-04  1.20945354e-06  1.60459436e-04  1.44576393e-08  1.60459436e-04  6.51530541e-08  1.60459436e-04  0.00000000e+00  1.60459436e-04  1.20000000e+00 
 1.60559436e-04  1.03329435e+00  1.60559436e-04  5.40916922e-01  1.60559436e-04  1.20602997e-06  1.60559436e-04 -1.40887823e-08  1.60559436e-04  5.80662556e-07  1.60559436e-04  0.00000000e+00  1.60559436e-04  1.20000000e+00 
 1.60659436e-04  1.03036263e+00  1.60659436e-04  5.40011616e-01  1.60659436e-04  1.20945980e-06  1.60659436e-04  1.41560299e-08  1.60659436e-04  6.55356305e-08  1.60659436e-04  0.00000000e+00  1.60659436e-04  1.20000000e+00 
 1.60759436e-04  1.02742908e+00  1.60759436e-04  5.40887242e-01  1.60759436e-04  1.20602408e-06  1.60759436e-04 -1.38110622e-08  1.60759436e-04  5.80272566e-07  1.60759436e-04  0.00000000e+00  1.60759436e-04  1.20000000e+00 
 1.60859436e-04  1.02449752e+00  1.60859436e-04  5.40040837e-01  1.60859436e-04  1.20946532e-06  1.60859436e-04  1.39009589e-08  1.60859436e-04  6.58970934e-08  1.60859436e-04  0.00000000e+00  1.60859436e-04  1.20000000e+00 
 1.60959436e-04  1.02156402e+00  1.60959436e-04  5.40859048e-01  1.60959436e-04  1.20601891e-06  1.60959436e-04 -1.35765534e-08  1.60959436e-04  5.79904072e-07  1.60959436e-04  0.00000000e+00  1.60959436e-04  1.20000000e+00 
 1.61059436e-04  1.01863260e+00  1.61059436e-04  5.40068500e-01  1.61059436e-04  1.20947013e-06  1.61059436e-04  1.36859236e-08  1.61059436e-04  6.62369792e-08  1.61059436e-04  0.00000000e+00  1.61059436e-04  1.20000000e+00 
 1.61159436e-04  1.01569916e+00  1.61159436e-04  5.40832463e-01  1.61159436e-04  1.20601445e-06  1.61159436e-04 -1.33791610e-08  1.61159436e-04  5.79557366e-07  1.61159436e-04  0.00000000e+00  1.61159436e-04  1.20000000e+00 
 1.61259436e-04  1.01276789e+00  1.61259436e-04  5.40094508e-01  1.61259436e-04  1.20947424e-06  1.61259436e-04  1.35052323e-08  1.61259436e-04  6.65550555e-08  1.61259436e-04  0.00000000e+00  1.61259436e-04  1.20000000e+00 
 1.61359436e-04  1.00983450e+00  1.61359436e-04  5.40807559e-01  1.61359436e-04  1.20601067e-06  1.61359436e-04 -1.32135709e-08  1.61359436e-04  5.79232502e-07  1.61359436e-04  0.00000000e+00  1.61359436e-04  1.20000000e+00 
 1.61459436e-04  1.00690337e+00  1.61459436e-04  5.40118814e-01  1.61459436e-04  1.20947770e-06  1.61459436e-04  1.33539389e-08  1.61459436e-04  6.68513127e-08  1.61459436e-04  0.00000000e+00  1.61459436e-04  1.20000000e+00 
 1.61559436e-04  1.00397004e+00  1.61559436e-04  5.40784363e-01  1.61559436e-04  1.20600753e-06  1.61559436e-04 -1.30751802e-08  1.61559436e-04  5.78929309e-07  1.61559436e-04  0.00000000e+00  1.61559436e-04  1.20000000e+00 
 1.61659436e-04  1.00103906e+00  1.61659436e-04  5.40141408e-01  1.61659436e-04  1.20948053e-06  1.61659436e-04  1.32277721e-08  1.61659436e-04  6.71259478e-08  1.61659436e-04  0.00000000e+00  1.61659436e-04  1.20000000e+00 
 1.61759436e-04  9.98105785e-01  1.61759436e-04  5.40762870e-01  1.61759436e-04  1.20600499e-06  1.61759436e-04 -1.29600246e-08  1.61759436e-04  5.78647406e-07  1.61759436e-04  0.00000000e+00  1.61759436e-04  1.20000000e+00 
 1.61859436e-04  9.95174946e-01  1.61859436e-04  5.40162314e-01  1.61859436e-04  1.20948278e-06  1.61859436e-04  1.31230615e-08  1.61859436e-04  6.73793469e-08  1.61859436e-04  0.00000000e+00  1.61859436e-04  1.20000000e+00 
 1.61959436e-04  9.92241738e-01  1.61959436e-04  5.40743043e-01  1.61959436e-04  1.20600302e-06  1.61959436e-04 -1.28647053e-08  1.61959436e-04  5.78386215e-07  1.61959436e-04  0.00000000e+00  1.61959436e-04  1.20000000e+00 
 1.62059436e-04  9.89311041e-01  1.62059436e-04  5.40181580e-01  1.62059436e-04  1.20948449e-06  1.62059436e-04  1.30366664e-08  1.62059436e-04  6.76120696e-08  1.62059436e-04  0.00000000e+00  1.62059436e-04  1.20000000e+00 
 1.62159436e-04  9.86377904e-01  1.62159436e-04  5.40724823e-01  1.62159436e-04  1.20600157e-06  1.62159436e-04 -1.27863186e-08  1.62159436e-04  5.78144976e-07  1.62159436e-04  0.00000000e+00  1.62159436e-04  1.20000000e+00 
 1.62259436e-04  9.83447348e-01  1.62259436e-04  5.40199276e-01  1.62259436e-04  1.20948569e-06  1.62259436e-04  1.29659074e-08  1.62259436e-04  6.78248282e-08  1.62259436e-04  0.00000000e+00  1.62259436e-04  1.20000000e+00 
 1.62359436e-04  9.80515103e-01  1.62359436e-04  5.40707009e-01  1.62359436e-04  1.20600061e-06  1.62359436e-04 -1.27211518e-08  1.62359436e-04  5.77767072e-07  1.62359436e-04  0.00000000e+00  1.62359436e-04  1.20000000e+00 
 1.62459436e-04  9.77584723e-01  1.62459436e-04  5.40219736e-01  1.62459436e-04  1.20948637e-06  1.62459436e-04  1.29052418e-08  1.62459436e-04  6.81152039e-08  1.62459436e-04  0.00000000e+00  1.62459436e-04  1.20000000e+00 
 1.62559436e-04  9.74652516e-01  1.62559436e-04  5.40688351e-01  1.62559436e-04  1.20600020e-06  1.62559436e-04 -1.26651212e-08  1.62559436e-04  5.77476724e-07  1.62559436e-04  0.00000000e+00  1.62559436e-04  1.20000000e+00 
 1.62659436e-04  9.71722275e-01  1.62659436e-04  5.40237036e-01  1.62659436e-04  1.20948653e-06  1.62659436e-04  1.28540458e-08  1.62659436e-04  6.83791638e-08  1.62659436e-04  0.00000000e+00  1.62659436e-04  1.20000000e+00 
 1.62759436e-04  9.68790105e-01  1.62759436e-04  5.40672459e-01  1.62759436e-04  1.20600029e-06  1.62759436e-04 -1.26184640e-08  1.62759436e-04  5.77211183e-07  1.62759436e-04  0.00000000e+00  1.62759436e-04  1.20000000e+00 
 1.62859436e-04  9.65860009e-01  1.62859436e-04  5.40251938e-01  1.62859436e-04  1.20948622e-06  1.62859436e-04  1.28119897e-08  1.62859436e-04  6.86175572e-08  1.62859436e-04  0.00000000e+00  1.62859436e-04  1.20000000e+00 
 1.62959436e-04  9.62927890e-01  1.62959436e-04  5.40658706e-01  1.62959436e-04  1.20600080e-06  1.62959436e-04 -1.25806443e-08  1.62959436e-04  5.76969141e-07  1.62959436e-04  0.00000000e+00  1.62959436e-04  1.20000000e+00 
 1.63059436e-04  9.59997941e-01  1.63059436e-04  5.40264953e-01  1.63059436e-04  1.20948551e-06  1.63059436e-04  1.27784009e-08  1.63059436e-04  6.88316820e-08  1.63059436e-04  0.00000000e+00  1.63059436e-04  1.20000000e+00 
 1.63159436e-04  9.57065886e-01  1.63159436e-04  5.40646663e-01  1.63159436e-04  1.20600169e-06  1.63159436e-04 -1.25509015e-08  1.63159436e-04  5.76748978e-07  1.63159436e-04  0.00000000e+00  1.63159436e-04  1.20000000e+00 
 1.63259436e-04  9.54136088e-01  1.63259436e-04  5.40276439e-01  1.63259436e-04  1.20948446e-06  1.63259436e-04  1.27524686e-08  1.63259436e-04  6.90230513e-08  1.63259436e-04  0.00000000e+00  1.63259436e-04  1.20000000e+00 
 1.63359436e-04  9.51204115e-01  1.63359436e-04  5.40636021e-01  1.63359436e-04  1.20600290e-06  1.63359436e-04 -1.25283997e-08  1.63359436e-04  5.76548887e-07  1.63359436e-04  0.00000000e+00  1.63359436e-04  1.20000000e+00 
 1.63459436e-04  9.48274472e-01  1.63459436e-04  5.40286661e-01  1.63459436e-04  1.20948311e-06  1.63459436e-04  1.27333528e-08  1.63459436e-04  6.91932970e-08  1.63459436e-04  0.00000000e+00  1.63459436e-04  1.20000000e+00 
 1.63559436e-04  9.45342597e-01  1.63559436e-04  5.40626548e-01  1.63559436e-04  1.20600439e-06  1.63559436e-04 -1.25123072e-08  1.63559436e-04  5.76366951e-07  1.63559436e-04  0.00000000e+00  1.63559436e-04  1.20000000e+00 
 1.63659436e-04  9.42413114e-01  1.63659436e-04  5.40295824e-01  1.63659436e-04  1.20948149e-06  1.63659436e-04  1.27202414e-08  1.63659436e-04  6.93441035e-08  1.63659436e-04  0.00000000e+00  1.63659436e-04  1.20000000e+00 
 1.63759436e-04  9.39481357e-01  1.63759436e-04  5.40618061e-01  1.63759436e-04  1.20600612e-06  1.63759436e-04 -1.25018371e-08  1.63759436e-04  5.76201195e-07  1.63759436e-04  0.00000000e+00  1.63759436e-04  1.20000000e+00 
 1.63859436e-04  9.36552040e-01  1.63859436e-04  5.40304088e-01  1.63859436e-04  1.20947964e-06  1.63859436e-04  1.27123780e-08  1.63859436e-04  6.94771666e-08  1.63859436e-04  0.00000000e+00  1.63859436e-04  1.20000000e+00 
 1.63959436e-04  9.33620422e-01  1.63959436e-04  5.40610413e-01  1.63959436e-04  1.20600807e-06  1.63959436e-04 -1.24962650e-08  1.63959436e-04  5.76049626e-07  1.63959436e-04  0.00000000e+00  1.63959436e-04  1.20000000e+00 
 1.64059436e-04  9.30691280e-01  1.64059436e-04  5.40311587e-01  1.64059436e-04  1.20947760e-06  1.64059436e-04  1.27090726e-08  1.64059436e-04  6.95941656e-08  1.64059436e-04  0.00000000e+00  1.64059436e-04  1.20000000e+00 
 1.64159436e-04  9.27759821e-01  1.64159436e-04  5.40603481e-01  1.64159436e-04  1.20601021e-06  1.64159436e-04 -1.24949353e-08  1.64159436e-04  5.75910255e-07  1.64159436e-04  0.00000000e+00  1.64159436e-04  1.20000000e+00 
 1.64259436e-04  9.24830864e-01  1.64259436e-04  5.40318433e-01  1.64259436e-04  1.20947537e-06  1.64259436e-04  1.27097046e-08  1.64259436e-04  6.96967443e-08  1.64259436e-04  0.00000000e+00  1.64259436e-04  1.20000000e+00 
 1.64359436e-04  9.21899589e-01  1.64359436e-04  5.40597164e-01  1.64359436e-04  1.20601251e-06  1.64359436e-04 -1.24972609e-08  1.64359436e-04  5.75781118e-07  1.64359436e-04  0.00000000e+00  1.64359436e-04  1.20000000e+00 
 1.64459436e-04  9.18970828e-01  1.64459436e-04  5.40324719e-01  1.64459436e-04  1.20947299e-06  1.64459436e-04  1.27137203e-08  1.64459436e-04  6.97864955e-08  1.64459436e-04  0.00000000e+00  1.64459436e-04  1.20000000e+00 
 1.64559436e-04  9.16039761e-01  1.64559436e-04  5.40591372e-01  1.64559436e-04  1.20601497e-06  1.64559436e-04 -1.25027198e-08  1.64559436e-04  5.75660290e-07  1.64559436e-04  0.00000000e+00  1.64559436e-04  1.20000000e+00 
 1.64659436e-04  9.13111210e-01  1.64659436e-04  5.40330527e-01  1.64659436e-04  1.20947048e-06  1.64659436e-04  1.27206285e-08  1.64659436e-04  6.98649546e-08  1.64659436e-04  0.00000000e+00  1.64659436e-04  1.20000000e+00 
 1.64759436e-04  9.10180377e-01  1.64759436e-04  5.40586033e-01  1.64759436e-04  1.20601755e-06  1.64759436e-04 -1.25108497e-08  1.64759436e-04  5.75545899e-07  1.64759436e-04  0.00000000e+00  1.64759436e-04  1.20000000e+00 
 1.64859436e-04  9.07252051e-01  1.64859436e-04  5.40335927e-01  1.64859436e-04  1.20946783e-06  1.64859436e-04  1.27299951e-08  1.64859436e-04  6.99335913e-08  1.64859436e-04  0.00000000e+00  1.64859436e-04  1.20000000e+00 
 1.64959436e-04  9.04321481e-01  1.64959436e-04  5.40581081e-01  1.64959436e-04  1.20602025e-06  1.64959436e-04 -1.25212430e-08  1.64959436e-04  5.75436140e-07  1.64959436e-04  0.00000000e+00  1.64959436e-04  1.20000000e+00 
 1.65059436e-04  9.01393398e-01  1.65059436e-04  5.40340979e-01  1.65059436e-04  1.20946508e-06  1.65059436e-04  1.27414380e-08  1.65059436e-04  6.99938029e-08  1.65059436e-04  0.00000000e+00  1.65059436e-04  1.20000000e+00 
 1.65159436e-04  8.98463118e-01  1.65159436e-04  5.40576462e-01  1.65159436e-04  1.20602305e-06  1.65159436e-04 -1.25335410e-08  1.65159436e-04  5.75329291e-07  1.65159436e-04  0.00000000e+00  1.65159436e-04  1.20000000e+00 
 1.65259436e-04  8.95535665e-01  1.65259436e-04  5.40344947e-01  1.65259436e-04  1.20946224e-06  1.65259436e-04  1.27550083e-08  1.65259436e-04  6.99793819e-08  1.65259436e-04  0.00000000e+00  1.65259436e-04  1.20000000e+00 
 1.65359436e-04  8.92605637e-01  1.65359436e-04  5.40573995e-01  1.65359436e-04  1.20602592e-06  1.65359436e-04 -1.25485591e-08  1.65359436e-04  5.75270842e-07  1.65359436e-04  0.00000000e+00  1.65359436e-04  1.20000000e+00 
 1.65459436e-04  8.89678416e-01  1.65459436e-04  5.40348077e-01  1.65459436e-04  1.20945935e-06  1.65459436e-04  1.27713397e-08  1.65459436e-04  6.99874479e-08  1.65459436e-04  0.00000000e+00  1.65459436e-04  1.20000000e+00 
 1.65559436e-04  8.86748751e-01  1.65559436e-04  5.40570926e-01  1.65559436e-04  1.20602884e-06  1.65559436e-04 -1.25658187e-08  1.65559436e-04  5.75204676e-07  1.65559436e-04  0.00000000e+00  1.65559436e-04  1.20000000e+00 
 1.65659436e-04  8.83821811e-01  1.65659436e-04  5.40351585e-01  1.65659436e-04  1.20945640e-06  1.65659436e-04  1.27894241e-08  1.65659436e-04  6.99945305e-08  1.65659436e-04  0.00000000e+00  1.65659436e-04  1.20000000e+00 
 1.65759436e-04  8.80892540e-01  1.65759436e-04  5.40567614e-01  1.65759436e-04  1.20603181e-06  1.65759436e-04 -1.25844652e-08  1.65759436e-04  5.75133080e-07  1.65759436e-04  0.00000000e+00  1.65759436e-04  1.20000000e+00 
 1.65859436e-04  8.77965906e-01  1.65859436e-04  5.40355274e-01  1.65859436e-04  1.20945341e-06  1.65859436e-04  1.28086007e-08  1.65859436e-04  7.00016396e-08  1.65859436e-04  0.00000000e+00  1.65859436e-04  1.20000000e+00 
 1.65959436e-04  8.75037062e-01  1.65959436e-04  5.40564202e-01  1.65959436e-04  1.20603483e-06  1.65959436e-04 -1.26039685e-08  1.65959436e-04  5.75054938e-07  1.65959436e-04  0.00000000e+00  1.65959436e-04  1.20000000e+00 
 1.66059436e-04  8.72110760e-01  1.66059436e-04  5.40359037e-01  1.66059436e-04  1.20945036e-06  1.66059436e-04  1.28284402e-08  1.66059436e-04  7.00095411e-08  1.66059436e-04  0.00000000e+00  1.66059436e-04  1.20000000e+00 
 1.66159436e-04  8.69182374e-01  1.66159436e-04  5.40560772e-01  1.66159436e-04  1.20603791e-06  1.66159436e-04 -1.26239796e-08  1.66159436e-04  5.74969412e-07  1.66159436e-04  0.00000000e+00  1.66159436e-04  1.20000000e+00 
 1.66259436e-04  8.66256431e-01  1.66259436e-04  5.40362810e-01  1.66259436e-04  1.20944725e-06  1.66259436e-04  1.28486583e-08  1.66259436e-04  7.00188275e-08  1.66259436e-04  0.00000000e+00  1.66259436e-04  1.20000000e+00 
 1.66359436e-04  8.63328535e-01  1.66359436e-04  5.40557379e-01  1.66359436e-04  1.20604104e-06  1.66359436e-04 -1.26442662e-08  1.66359436e-04  5.74875894e-07  1.66359436e-04  0.00000000e+00  1.66359436e-04  1.20000000e+00 
 1.66459436e-04  8.60402980e-01  1.66459436e-04  5.40366556e-01  1.66459436e-04  1.20944409e-06  1.66459436e-04  1.28690654e-08  1.66459436e-04  7.00299360e-08  1.66459436e-04  0.00000000e+00  1.66459436e-04  1.20000000e+00 
 1.66559436e-04  8.57475606e-01  1.66559436e-04  5.40554054e-01  1.66559436e-04  1.20604424e-06  1.66559436e-04 -1.26646737e-08  1.66559436e-04  5.74773996e-07  1.66559436e-04  0.00000000e+00  1.66559436e-04  1.20000000e+00 
 1.66659436e-04  8.54550466e-01  1.66659436e-04  5.40370248e-01  1.66659436e-04  1.20944087e-06  1.66659436e-04  1.28895361e-08  1.66659436e-04  7.00431579e-08  1.66659436e-04  0.00000000e+00  1.66659436e-04  1.20000000e+00 
 1.66759436e-04  8.51623642e-01  1.66759436e-04  5.40550820e-01  1.66759436e-04  1.20604749e-06  1.66759436e-04 -1.26851009e-08  1.66759436e-04  5.74663533e-07  1.66759436e-04  0.00000000e+00  1.66759436e-04  1.20000000e+00 
 1.66859436e-04  8.48698947e-01  1.66859436e-04  5.40373871e-01  1.66859436e-04  1.20943759e-06  1.66859436e-04  1.29099899e-08  1.66859436e-04  7.00586487e-08  1.66859436e-04  0.00000000e+00  1.66859436e-04  1.20000000e+00 
 1.66959436e-04  8.45772702e-01  1.66959436e-04  5.40547695e-01  1.66959436e-04  1.20605079e-06  1.66959436e-04 -1.27054847e-08  1.66959436e-04  5.74544520e-07  1.66959436e-04  0.00000000e+00  1.66959436e-04  1.20000000e+00 
 1.67059436e-04  8.42848479e-01  1.67059436e-04  5.40377410e-01  1.67059436e-04  1.20943426e-06  1.67059436e-04  1.29303786e-08  1.67059436e-04  7.00764378e-08  1.67059436e-04  0.00000000e+00  1.67059436e-04  1.20000000e+00 
 1.67159436e-04  8.39922840e-01  1.67159436e-04  5.40544690e-01  1.67159436e-04  1.20605415e-06  1.67159436e-04 -1.27257895e-08  1.67159436e-04  5.74417141e-07  1.67159436e-04  0.00000000e+00  1.67159436e-04  1.20000000e+00 
 1.67259436e-04  8.36999117e-01  1.67259436e-04  5.40380855e-01  1.67259436e-04  1.20943087e-06  1.67259436e-04  1.29506775e-08  1.67259436e-04  7.00964405e-08  1.67259436e-04  0.00000000e+00  1.67259436e-04  1.20000000e+00 
 1.67359436e-04  8.34074107e-01  1.67359436e-04  5.40541815e-01  1.67359436e-04  1.20605756e-06  1.67359436e-04 -1.27459998e-08  1.67359436e-04  5.74281735e-07  1.67359436e-04  0.00000000e+00  1.67359436e-04  1.20000000e+00 
 1.67459436e-04  8.31150911e-01  1.67459436e-04  5.40384198e-01  1.67459436e-04  1.20942744e-06  1.67459436e-04  1.29708791e-08  1.67459436e-04  7.01184733e-08  1.67459436e-04  0.00000000e+00  1.67459436e-04  1.20000000e+00 
 1.67559436e-04  8.28226555e-01  1.67559436e-04  5.40539077e-01  1.67559436e-04  1.20606101e-06  1.67559436e-04 -1.27661145e-08  1.67559436e-04  5.74138764e-07  1.67559436e-04  0.00000000e+00  1.67559436e-04  1.20000000e+00 
 1.67659436e-04  8.25303911e-01  1.67659436e-04  5.40387431e-01  1.67659436e-04  1.20942396e-06  1.67659436e-04  1.29909881e-08  1.67659436e-04  7.01422720e-08  1.67659436e-04  0.00000000e+00  1.67659436e-04  1.20000000e+00 
 1.67759436e-04  8.22380228e-01  1.67759436e-04  5.40536481e-01  1.67759436e-04  1.20606452e-06  1.67759436e-04 -1.27861427e-08  1.67759436e-04  5.73988783e-07  1.67759436e-04  0.00000000e+00  1.67759436e-04  1.20000000e+00 
 1.67859436e-04  8.19458163e-01  1.67859436e-04  5.40390548e-01  1.67859436e-04  1.20942044e-06  1.67859436e-04  1.30110171e-08  1.67859436e-04  7.01675109e-08  1.67859436e-04  0.00000000e+00  1.67859436e-04  1.20000000e+00 
 1.67959436e-04  8.16535173e-01  1.67959436e-04  5.40534032e-01  1.67959436e-04  1.20606806e-06  1.67959436e-04 -1.28060997e-08  1.67959436e-04  5.73832413e-07  1.67959436e-04  0.00000000e+00  1.67959436e-04  1.20000000e+00 
 1.68059436e-04  8.13613710e-01  1.68059436e-04  5.40393544e-01  1.68059436e-04  1.20941688e-06  1.68059436e-04  1.30309833e-08  1.68059436e-04  7.01938197e-08  1.68059436e-04  0.00000000e+00  1.68059436e-04  1.20000000e+00 
 1.68159436e-04  8.10691430e-01  1.68159436e-04  5.40531729e-01  1.68159436e-04  1.20607164e-06  1.68159436e-04 -1.28260038e-08  1.68159436e-04  5.73670315e-07  1.68159436e-04  0.00000000e+00  1.68159436e-04  1.20000000e+00 
 1.68259436e-04  8.07770592e-01  1.68259436e-04  5.40396415e-01  1.68259436e-04  1.20941328e-06  1.68259436e-04  1.30509056e-08  1.68259436e-04  7.02208040e-08  1.68259436e-04  0.00000000e+00  1.68259436e-04  1.20000000e+00 
 1.68359436e-04  8.04849038e-01  1.68359436e-04  5.40529571e-01  1.68359436e-04  1.20607525e-06  1.68359436e-04 -1.28458735e-08  1.68359436e-04  5.73503163e-07  1.68359436e-04  0.00000000e+00  1.68359436e-04  1.20000000e+00 
 1.68459436e-04  8.01928846e-01  1.68459436e-04  5.40399161e-01  1.68459436e-04  1.20940965e-06  1.68459436e-04  1.30708020e-08  1.68459436e-04  7.02480577e-08  1.68459436e-04  0.00000000e+00  1.68459436e-04  1.20000000e+00 
 1.68559436e-04  7.99008034e-01  1.68559436e-04  5.40527555e-01  1.68559436e-04  1.20607890e-06  1.68559436e-04 -1.28657260e-08  1.68559436e-04  5.73331626e-07  1.68559436e-04  0.00000000e+00  1.68559436e-04  1.20000000e+00 
 1.68659436e-04  7.96088509e-01  1.68659436e-04  5.40401781e-01  1.68659436e-04  1.20940599e-06  1.68659436e-04  1.30906881e-08  1.68659436e-04  7.02751791e-08  1.68659436e-04  0.00000000e+00  1.68659436e-04  1.20000000e+00 
 1.68759436e-04  7.93168451e-01  1.68759436e-04  5.40525676e-01  1.68759436e-04  1.20608257e-06  1.68759436e-04 -1.28855746e-08  1.68759436e-04  5.73156353e-07  1.68759436e-04  0.00000000e+00  1.68759436e-04  1.20000000e+00 
 1.68859436e-04  7.90249613e-01  1.68859436e-04  5.40404276e-01  1.68859436e-04  1.20940230e-06  1.68859436e-04  1.31105751e-08  1.68859436e-04  7.03017783e-08  1.68859436e-04  0.00000000e+00  1.68859436e-04  1.20000000e+00 
 1.68959436e-04  7.87330322e-01  1.68959436e-04  5.40523928e-01  1.68959436e-04  1.20608627e-06  1.68959436e-04 -1.29054283e-08  1.68959436e-04  5.72977958e-07  1.68959436e-04  0.00000000e+00  1.68959436e-04  1.20000000e+00 
 1.69059436e-04  7.84412189e-01  1.69059436e-04  5.40406648e-01  1.69059436e-04  1.20939859e-06  1.69059436e-04  1.31304694e-08  1.69059436e-04  7.03274880e-08  1.69059436e-04  0.00000000e+00  1.69059436e-04  1.20000000e+00 
 1.69159436e-04  7.81493677e-01  1.69159436e-04  5.40522304e-01  1.69159436e-04  1.20608999e-06  1.69159436e-04 -1.29252905e-08  1.69159436e-04  5.72797016e-07  1.69159436e-04  0.00000000e+00  1.69159436e-04  1.20000000e+00 
 1.69259436e-04  7.78576267e-01  1.69259436e-04  5.40408900e-01  1.69259436e-04  1.20939486e-06  1.69259436e-04  1.31503715e-08  1.69259436e-04  7.03519673e-08  1.69259436e-04  0.00000000e+00  1.69259436e-04  1.20000000e+00 
 1.69359436e-04  7.75658544e-01  1.69359436e-04  5.40520794e-01  1.69359436e-04  1.20609373e-06  1.69359436e-04 -1.29451589e-08  1.69359436e-04  5.72614054e-07  1.69359436e-04  0.00000000e+00  1.69359436e-04  1.20000000e+00 
 1.69459436e-04  7.72741873e-01  1.69459436e-04  5.40411037e-01  1.69459436e-04  1.20939112e-06  1.69459436e-04  1.31702763e-08  1.69459436e-04  7.03749047e-08  1.69459436e-04  0.00000000e+00  1.69459436e-04  1.20000000e+00 
 1.69559436e-04  7.69824951e-01  1.69559436e-04  5.40519391e-01  1.69559436e-04  1.20609748e-06  1.69559436e-04 -1.29650255e-08  1.69559436e-04  5.72429551e-07  1.69559436e-04  0.00000000e+00  1.69559436e-04  1.20000000e+00 
 1.69659436e-04  7.66909035e-01  1.69659436e-04  5.40413064e-01  1.69659436e-04  1.20938736e-06  1.69659436e-04  1.31901730e-08  1.69659436e-04  7.03960208e-08  1.69659436e-04  0.00000000e+00  1.69659436e-04  1.20000000e+00 
 1.69759436e-04  7.63992923e-01  1.69759436e-04  5.40518086e-01  1.69759436e-04  1.20610124e-06  1.69759436e-04 -1.29848767e-08  1.69759436e-04  5.72243937e-07  1.69759436e-04  0.00000000e+00  1.69759436e-04  1.20000000e+00 
 1.69859436e-04  7.61077777e-01  1.69859436e-04  5.40414984e-01  1.69859436e-04  1.20938360e-06  1.69859436e-04  1.32100455e-08  1.69859436e-04  7.04150680e-08  1.69859436e-04  0.00000000e+00  1.69859436e-04  1.20000000e+00 
 1.69959436e-04  7.58162485e-01  1.69959436e-04  5.40516868e-01  1.69959436e-04  1.20610501e-06  1.69959436e-04 -1.30046942e-08  1.69959436e-04  5.72057596e-07  1.69959436e-04  0.00000000e+00  1.69959436e-04  1.20000000e+00 
 1.70059436e-04  7.55248124e-01  1.70059436e-04  5.40416804e-01  1.70059436e-04  1.20937982e-06  1.70059436e-04  1.32298731e-08  1.70059436e-04  7.04318287e-08  1.70059436e-04  0.00000000e+00  1.70059436e-04  1.20000000e+00 
 1.70159436e-04  7.52333661e-01  1.70159436e-04  5.40515731e-01  1.70159436e-04  1.20610879e-06  1.70159436e-04 -1.30244550e-08  1.70159436e-04  5.71870864e-07  1.70159436e-04  0.00000000e+00  1.70159436e-04  1.20000000e+00 
 1.70259436e-04  7.49420097e-01  1.70259436e-04  5.40418529e-01  1.70259436e-04  1.20937604e-06  1.70259436e-04  1.32496310e-08  1.70259436e-04  7.04461168e-08  1.70259436e-04  0.00000000e+00  1.70259436e-04  1.20000000e+00 
 1.70359436e-04  7.46506473e-01  1.70359436e-04  5.40514665e-01  1.70359436e-04  1.20611257e-06  1.70359436e-04 -1.30441330e-08  1.70359436e-04  5.71684034e-07  1.70359436e-04  0.00000000e+00  1.70359436e-04  1.20000000e+00 
 1.70459436e-04  7.43593720e-01  1.70459436e-04  5.40420164e-01  1.70459436e-04  1.20937226e-06  1.70459436e-04  1.32692919e-08  1.70459436e-04  7.04577739e-08  1.70459436e-04  0.00000000e+00  1.70459436e-04  1.20000000e+00 
 1.70559436e-04  7.40680942e-01  1.70559436e-04  5.40513663e-01  1.70559436e-04  1.20611635e-06  1.70559436e-04 -1.30636995e-08  1.70559436e-04  5.71497361e-07  1.70559436e-04  0.00000000e+00  1.70559436e-04  1.20000000e+00 
 1.70659436e-04  7.37769013e-01  1.70659436e-04  5.40421714e-01  1.70659436e-04  1.20936848e-06  1.70659436e-04  1.32888259e-08  1.70659436e-04  7.04666644e-08  1.70659436e-04  0.00000000e+00  1.70659436e-04  1.20000000e+00 
 1.70759436e-04  7.34857091e-01  1.70759436e-04  5.40512718e-01  1.70759436e-04  1.20612013e-06  1.70759436e-04 -1.30831243e-08  1.70759436e-04  5.71311065e-07  1.70759436e-04  0.00000000e+00  1.70759436e-04  1.20000000e+00 
 1.70859436e-04  7.31945997e-01  1.70859436e-04  5.40423186e-01  1.70859436e-04  1.20936470e-06  1.70859436e-04  1.33082025e-08  1.70859436e-04  7.04726788e-08  1.70859436e-04  0.00000000e+00  1.70859436e-04  1.20000000e+00 
 1.70959436e-04  7.29034940e-01  1.70959436e-04  5.40511823e-01  1.70959436e-04  1.20612391e-06  1.70959436e-04 -1.31023763e-08  1.70959436e-04  5.71125331e-07  1.70959436e-04  0.00000000e+00  1.70959436e-04  1.20000000e+00 
 1.71059436e-04  7.26124693e-01  1.71059436e-04  5.40424583e-01  1.71059436e-04  1.20936093e-06  1.71059436e-04  1.33273906e-08  1.71059436e-04  7.04757284e-08  1.71059436e-04  0.00000000e+00  1.71059436e-04  1.20000000e+00 
 1.71159436e-04  7.23214507e-01  1.71159436e-04  5.40510973e-01  1.71159436e-04  1.20612769e-06  1.71159436e-04 -1.31214247e-08  1.71159436e-04  5.70940314e-07  1.71159436e-04  0.00000000e+00  1.71159436e-04  1.20000000e+00 
 1.71259436e-04  7.20305118e-01  1.71259436e-04  5.40425910e-01  1.71259436e-04  1.20935716e-06  1.71259436e-04  1.33463596e-08  1.71259436e-04  7.04757418e-08  1.71259436e-04  0.00000000e+00  1.71259436e-04  1.20000000e+00 
 1.71359436e-04  7.17395814e-01  1.71359436e-04  5.40510162e-01  1.71359436e-04  1.20613145e-06  1.71359436e-04 -1.31402395e-08  1.71359436e-04  5.70756146e-07  1.71359436e-04  0.00000000e+00  1.71359436e-04  1.20000000e+00 
 1.71459436e-04  7.14487294e-01  1.71459436e-04  5.40427172e-01  1.71459436e-04  1.20935339e-06  1.71459436e-04  1.33650803e-08  1.71459436e-04  7.04726655e-08  1.71459436e-04  0.00000000e+00  1.71459436e-04  1.20000000e+00 
 1.71559436e-04  7.11578877e-01  1.71559436e-04  5.40509386e-01  1.71559436e-04  1.20613521e-06  1.71559436e-04 -1.31587922e-08  1.71559436e-04  5.70572934e-07  1.71559436e-04  0.00000000e+00  1.71559436e-04  1.20000000e+00 
 1.71659436e-04  7.08671236e-01  1.71659436e-04  5.40428372e-01  1.71659436e-04  1.20934963e-06  1.71659436e-04  1.33835253e-08  1.71659436e-04  7.04664598e-08  1.71659436e-04  0.00000000e+00  1.71659436e-04  1.20000000e+00 
 1.71759436e-04  7.05763717e-01  1.71759436e-04  5.40508642e-01  1.71759436e-04  1.20613897e-06  1.71759436e-04 -1.31770567e-08  1.71759436e-04  5.70390765e-07  1.71759436e-04  0.00000000e+00  1.71759436e-04  1.20000000e+00 
 1.71859436e-04  7.02856964e-01  1.71859436e-04  5.40429515e-01  1.71859436e-04  1.20934589e-06  1.71859436e-04  1.34016693e-08  1.71859436e-04  7.04570993e-08  1.71859436e-04  0.00000000e+00  1.71859436e-04  1.20000000e+00 
 1.71959436e-04  6.99950350e-01  1.71959436e-04  5.40507925e-01  1.71959436e-04  1.20614271e-06  1.71959436e-04 -1.31950089e-08  1.71959436e-04  5.70209707e-07  1.71959436e-04  0.00000000e+00  1.71959436e-04  1.20000000e+00 
 1.72059436e-04  6.97044496e-01  1.72059436e-04  5.40430604e-01  1.72059436e-04  1.20934215e-06  1.72059436e-04  1.34194897e-08  1.72059436e-04  7.04445688e-08  1.72059436e-04  0.00000000e+00  1.72059436e-04  1.20000000e+00 
 1.72159436e-04  6.94138794e-01  1.72159436e-04  5.40507234e-01  1.72159436e-04  1.20614644e-06  1.72159436e-04 -1.32126277e-08  1.72159436e-04  5.70029813e-07  1.72159436e-04  0.00000000e+00  1.72159436e-04  1.20000000e+00 
 1.72259436e-04  6.91233847e-01  1.72259436e-04  5.40431643e-01  1.72259436e-04  1.20933843e-06  1.72259436e-04  1.34369670e-08  1.72259436e-04  7.04288631e-08  1.72259436e-04  0.00000000e+00  1.72259436e-04  1.20000000e+00 
 1.72359436e-04  6.88329065e-01  1.72359436e-04  5.40506566e-01  1.72359436e-04  1.20615016e-06  1.72359436e-04 -1.32298947e-08  1.72359436e-04  5.69851123e-07  1.72359436e-04  0.00000000e+00  1.72359436e-04  1.20000000e+00 
 1.72459436e-04  6.85425036e-01  1.72459436e-04  5.40432634e-01  1.72459436e-04  1.20933471e-06  1.72459436e-04  1.34540842e-08  1.72459436e-04  7.04099869e-08  1.72459436e-04  0.00000000e+00  1.72459436e-04  1.20000000e+00 
 1.72559436e-04  6.82521182e-01  1.72559436e-04  5.40505918e-01  1.72559436e-04  1.20615386e-06  1.72559436e-04 -1.32467949e-08  1.72559436e-04  5.69673664e-07  1.72559436e-04  0.00000000e+00  1.72559436e-04  1.20000000e+00 
 1.72659436e-04  6.79618079e-01  1.72659436e-04  5.40433581e-01  1.72659436e-04  1.20933101e-06  1.72659436e-04  1.34708276e-08  1.72659436e-04  7.03879501e-08  1.72659436e-04  0.00000000e+00  1.72659436e-04  1.20000000e+00 
 1.72759436e-04  6.76715160e-01  1.72759436e-04  5.40505290e-01  1.72759436e-04  1.20615756e-06  1.72759436e-04 -1.32633157e-08  1.72759436e-04  5.69497452e-07  1.72759436e-04  0.00000000e+00  1.72759436e-04  1.20000000e+00 
 1.72859436e-04  6.73812991e-01  1.72859436e-04  5.40434486e-01  1.72859436e-04  1.20932733e-06  1.72859436e-04  1.34871863e-08  1.72859436e-04  7.03627711e-08  1.72859436e-04  0.00000000e+00  1.72859436e-04  1.20000000e+00 
 1.72959436e-04  6.70911016e-01  1.72959436e-04  5.40504679e-01  1.72959436e-04  1.20616123e-06  1.72959436e-04 -1.32794475e-08  1.72959436e-04  5.69322495e-07  1.72959436e-04  0.00000000e+00  1.72959436e-04  1.20000000e+00 
 1.73059436e-04  6.68009790e-01  1.73059436e-04  5.40435351e-01  1.73059436e-04  1.20932366e-06  1.73059436e-04  1.35031518e-08  1.73059436e-04  7.03344732e-08  1.73059436e-04  0.00000000e+00  1.73059436e-04  1.20000000e+00 
 1.73159436e-04  6.65108766e-01  1.73159436e-04  5.40504086e-01  1.73159436e-04  1.20616489e-06  1.73159436e-04 -1.32951836e-08  1.73159436e-04  5.69148793e-07  1.73159436e-04  0.00000000e+00  1.73159436e-04  1.20000000e+00 
 1.73259436e-04  6.62208490e-01  1.73259436e-04  5.40436180e-01  1.73259436e-04  1.20932001e-06  1.73259436e-04  1.35187190e-08  1.73259436e-04  7.03030833e-08  1.73259436e-04  0.00000000e+00  1.73259436e-04  1.20000000e+00 
 1.73359436e-04  6.59308425e-01  1.73359436e-04  5.40503509e-01  1.73359436e-04  1.20616854e-06  1.73359436e-04 -1.33105196e-08  1.73359436e-04  5.68976339e-07  1.73359436e-04  0.00000000e+00  1.73359436e-04  1.20000000e+00 
 1.73459436e-04  6.56409109e-01  1.73459436e-04  5.40436973e-01  1.73459436e-04  1.20931637e-06  1.73459436e-04  1.35338843e-08  1.73459436e-04  7.02686341e-08  1.73459436e-04  0.00000000e+00  1.73459436e-04  1.20000000e+00 
 1.73559436e-04  6.53510009e-01  1.73559436e-04  5.40502947e-01  1.73559436e-04  1.20617217e-06  1.73559436e-04 -1.33254534e-08  1.73559436e-04  5.68805121e-07  1.73559436e-04  0.00000000e+00  1.73559436e-04  1.20000000e+00 
 1.73659436e-04  6.50611660e-01  1.73659436e-04  5.40437733e-01  1.73659436e-04  1.20931275e-06  1.73659436e-04  1.35486469e-08  1.73659436e-04  7.02311605e-08  1.73659436e-04  0.00000000e+00  1.73659436e-04  1.20000000e+00 
 1.73759436e-04  6.47713534e-01  1.73759436e-04  5.40502400e-01  1.73759436e-04  1.20617578e-06  1.73759436e-04 -1.33399848e-08  1.73759436e-04  5.68635120e-07  1.73759436e-04  0.00000000e+00  1.73759436e-04  1.20000000e+00 
 1.73859436e-04  6.44816161e-01  1.73859436e-04  5.40438461e-01  1.73859436e-04  1.20930915e-06  1.73859436e-04  1.35630074e-08  1.73859436e-04  7.01907017e-08  1.73859436e-04  0.00000000e+00  1.73859436e-04  1.20000000e+00 
 1.73959436e-04  6.41919015e-01  1.73959436e-04  5.40501868e-01  1.73959436e-04  1.20617938e-06  1.73959436e-04 -1.33541155e-08  1.73959436e-04  5.68466315e-07  1.73959436e-04  0.00000000e+00  1.73959436e-04  1.20000000e+00 
 1.74059436e-04  6.39022625e-01  1.74059436e-04  5.40439158e-01  1.74059436e-04  1.20930556e-06  1.74059436e-04  1.35769685e-08  1.74059436e-04  7.01472965e-08  1.74059436e-04  0.00000000e+00  1.74059436e-04  1.20000000e+00 
 1.74159436e-04  6.36126468e-01  1.74159436e-04  5.40501350e-01  1.74159436e-04  1.20618295e-06  1.74159436e-04 -1.33678489e-08  1.74159436e-04  5.68298680e-07  1.74159436e-04  0.00000000e+00  1.74159436e-04  1.20000000e+00 
 1.74259436e-04  6.33231069e-01  1.74259436e-04  5.40439827e-01  1.74259436e-04  1.20930200e-06  1.74259436e-04  1.35905340e-08  1.74259436e-04  7.01009893e-08  1.74259436e-04  0.00000000e+00  1.74259436e-04  1.20000000e+00 
 1.74359436e-04  6.30335908e-01  1.74359436e-04  5.40500846e-01  1.74359436e-04  1.20618651e-06  1.74359436e-04 -1.33811894e-08  1.74359436e-04  5.68132189e-07  1.74359436e-04  0.00000000e+00  1.74359436e-04  1.20000000e+00 
 1.74459436e-04  6.27441507e-01  1.74459436e-04  5.40440468e-01  1.74459436e-04  1.20929845e-06  1.74459436e-04  1.36037092e-08  1.74459436e-04  7.00518239e-08  1.74459436e-04  0.00000000e+00  1.74459436e-04  1.20000000e+00 
 1.74559436e-04  6.24547349e-01  1.74559436e-04  5.40500357e-01  1.74559436e-04  1.20619005e-06  1.74559436e-04 -1.33941429e-08  1.74559436e-04  5.67966809e-07  1.74559436e-04  0.00000000e+00  1.74559436e-04  1.20000000e+00 
 1.74659436e-04  6.21653955e-01  1.74659436e-04  5.40441083e-01  1.74659436e-04  1.20929492e-06  1.74659436e-04  1.36165002e-08  1.74659436e-04  6.99998454e-08  1.74659436e-04  0.00000000e+00  1.74659436e-04  1.20000000e+00 
 1.74759436e-04  6.18760807e-01  1.74759436e-04  5.40499882e-01  1.74759436e-04  1.20619356e-06  1.74759436e-04 -1.34067158e-08  1.74759436e-04  5.67802509e-07  1.74759436e-04  0.00000000e+00  1.74759436e-04  1.20000000e+00 
 1.74859436e-04  6.15868426e-01  1.74859436e-04  5.40441672e-01  1.74859436e-04  1.20929141e-06  1.74859436e-04  1.36289141e-08  1.74859436e-04  6.99451007e-08  1.74859436e-04  0.00000000e+00  1.74859436e-04  1.20000000e+00 
 1.74929723e-04  6.13835550e-01  1.74929723e-04  5.40499327e-01  1.74929723e-04  1.20619780e-06  1.74929723e-04 -1.34214594e-08  1.74929723e-04  5.67644527e-07  1.74929723e-04  0.00000000e+00  1.74929723e-04  1.20000000e+00 
 1.75000010e-04  6.11803188e-01  1.75000010e-04  5.40442424e-01  1.75000010e-04  1.20928646e-06  1.75000010e-04  1.36459470e-08  1.75000010e-04  6.99418887e-08  1.75000010e-04  0.00000000e+00  1.75000010e-04  1.20000000e+00 
 1.75000011e-04  6.11776386e-01  1.75000011e-04  5.38033762e-01  1.75000011e-04  1.77361077e-06  1.75000011e-04  3.36169648e-06  1.75000011e-04 -1.13987087e-04  1.75000011e-04  0.00000000e+00  1.75000011e-04  1.08000000e+00 
 1.75000013e-04  6.11736082e-01  1.75000013e-04  5.33565832e-01  1.75000013e-04  1.71345872e-06  1.75000013e-04  2.91333576e-06  1.75000013e-04 -1.03482320e-04  1.75000013e-04  0.00000000e+00  1.75000013e-04  8.40000000e-01 
 1.75000016e-04  6.11695243e-01  1.75000016e-04  5.25862738e-01  1.75000016e-04  1.65480345e-06  1.75000016e-04  3.31311872e-06  1.75000016e-04 -8.38264544e-05  1.75000016e-04  0.00000000e+00  1.75000016e-04  4.20000001e-01 
 1.75000020e-04  6.11670748e-01  1.75000020e-04  5.20540175e-01  1.75000020e-04  1.35441895e-06  1.75000020e-04  1.10381192e-06  1.75000020e-04 -2.83501709e-05  1.75000020e-04  0.00000000e+00  1.75000020e-04  3.16866000e-09 
 1.75000021e-04  6.11670538e-01  1.75000021e-04  5.20640605e-01  1.75000021e-04  1.21363134e-06  1.75000021e-04 -3.92215675e-08  1.75000021e-04 -3.48205718e-06  1.75000021e-04  0.00000000e+00  1.75000021e-04  0.00000000e+00 
 1.75000022e-04  6.11670541e-01  1.75000022e-04  5.20917783e-01  1.75000022e-04  1.18640932e-06  1.75000022e-04 -2.06443080e-07  1.75000022e-04  1.92420616e-06  1.75000022e-04  0.00000000e+00  1.75000022e-04  0.00000000e+00 
 1.75000025e-04  6.11670612e-01  1.75000025e-04  5.21296854e-01  1.75000025e-04  1.23890857e-06  1.75000025e-04  1.13925886e-07  1.75000025e-04 -2.82681931e-06  1.75000025e-04  0.00000000e+00  1.75000025e-04  0.00000000e+00 
 1.75000030e-04  6.11670657e-01  1.75000030e-04  5.21678760e-01  1.75000030e-04  1.21503510e-06  1.75000030e-04 -4.54964071e-08  1.75000030e-04  1.77697638e-06  1.75000030e-04  0.00000000e+00  1.75000030e-04  0.00000000e+00 
 1.75000042e-04  6.11670790e-01  1.75000042e-04  5.22088451e-01  1.75000042e-04  1.24611388e-06  1.75000042e-04  1.66430118e-07  1.75000042e-04 -2.61522020e-06  1.75000042e-04  0.00000000e+00  1.75000042e-04  0.00000000e+00 
 1.75000064e-04  6.11670973e-01  1.75000064e-04  5.22675959e-01  1.75000064e-04  1.20773916e-06  1.75000064e-04 -6.11565803e-08  1.75000064e-04  1.81991877e-06  1.75000064e-04  0.00000000e+00  1.75000064e-04  0.00000000e+00 
 1.75000109e-04  6.11671373e-01  1.75000109e-04  5.23486945e-01  1.75000109e-04  1.23211943e-06  1.75000109e-04  1.42862826e-07  1.75000109e-04 -2.42197728e-06  1.75000109e-04  0.00000000e+00  1.75000109e-04  0.00000000e+00 
 1.75000198e-04  6.11672021e-01  1.75000198e-04  5.24327831e-01  1.75000198e-04  1.19315773e-06  1.75000198e-04 -6.47412634e-08  1.75000198e-04  2.05315461e-06  1.75000198e-04  0.00000000e+00  1.75000198e-04  0.00000000e+00 
 1.75000378e-04  6.11673195e-01  1.75000378e-04  5.25251574e-01  1.75000378e-04  1.22177934e-06  1.75000378e-04  1.47012857e-07  1.75000378e-04 -2.14956400e-06  1.75000378e-04  0.00000000e+00  1.75000378e-04  0.00000000e+00 
 1.75000736e-04  6.11675003e-01  1.75000736e-04  5.26418249e-01  1.75000736e-04  1.19055096e-06  1.75000736e-04 -6.90446035e-08  1.75000736e-04  2.18604338e-06  1.75000736e-04  0.00000000e+00  1.75000736e-04  0.00000000e+00 
 1.75001453e-04  6.11677620e-01  1.75001453e-04  5.27495387e-01  1.75001453e-04  1.22301037e-06  1.75001453e-04  1.30619375e-07  1.75001453e-04 -2.13738320e-06  1.75001453e-04  0.00000000e+00  1.75001453e-04  0.00000000e+00 
 1.75002886e-04  6.11681402e-01  1.75002886e-04  5.27563311e-01  1.75002886e-04  1.19184169e-06  1.75002886e-04 -9.08753373e-08  1.75002886e-04  2.18170582e-06  1.75002886e-04  0.00000000e+00  1.75002886e-04  0.00000000e+00 
 1.75005754e-04  6.11688700e-01  1.75005754e-04  5.26616528e-01  1.75005754e-04  1.22346561e-06  1.75005754e-04  1.10589661e-07  1.75005754e-04 -2.14196436e-06  1.75005754e-04  0.00000000e+00  1.75005754e-04  0.00000000e+00 
 1.75011488e-04  6.11702137e-01  1.75011488e-04  5.27505824e-01  1.75011488e-04  1.19165612e-06  1.75011488e-04 -1.07164724e-07  1.75011488e-04  2.17104241e-06  1.75011488e-04  0.00000000e+00  1.75011488e-04  0.00000000e+00 
 1.75022957e-04  6.11719624e-01  1.75022957e-04  5.36457243e-01  1.75022957e-04  1.22334503e-06  1.75022957e-04  9.38634854e-08  1.75022957e-04 -2.15896320e-06  1.75022957e-04  0.00000000e+00  1.75022957e-04  0.00000000e+00 
 1.75045894e-04  6.11733852e-01  1.75045894e-04  5.41764052e-01  1.75045894e-04  1.19213206e-06  1.75045894e-04 -1.01204709e-07  1.75045894e-04  2.16347213e-06  1.75045894e-04  0.00000000e+00  1.75045894e-04  0.00000000e+00 
 1.75073873e-04  6.11734884e-01  1.75073873e-04  5.39758162e-01  1.75073873e-04  1.22342252e-06  1.75073873e-04  1.03518595e-07  1.75073873e-04 -2.15816315e-06  1.75073873e-04  0.00000000e+00  1.75073873e-04  0.00000000e+00 
 1.75128459e-04  6.11726220e-01  1.75128459e-04  5.41043270e-01  1.75128459e-04  1.19203776e-06  1.75128459e-04 -1.03890166e-07  1.75128459e-04  2.16303676e-06  1.75128459e-04  0.00000000e+00  1.75128459e-04  0.00000000e+00 
 1.75228459e-04  6.11705623e-01  1.75228459e-04  5.39967122e-01  1.75228459e-04  1.22346108e-06  1.75228459e-04  1.04349740e-07  1.75228459e-04 -2.15797609e-06  1.75228459e-04  0.00000000e+00  1.75228459e-04  0.00000000e+00 
 1.75328459e-04  6.11685393e-01  1.75328459e-04  5.40932686e-01  1.75328459e-04  1.19201460e-06  1.75328459e-04 -1.04336882e-07  1.75328459e-04  2.16291807e-06  1.75328459e-04  0.00000000e+00  1.75328459e-04  0.00000000e+00 
 1.75428459e-04  6.11665092e-01  1.75428459e-04  5.40061027e-01  1.75428459e-04  1.22348189e-06  1.75428459e-04  1.04722502e-07  1.75428459e-04 -2.15786679e-06  1.75428459e-04  0.00000000e+00  1.75428459e-04  0.00000000e+00 
 1.75528459e-04  6.11644725e-01  1.75528459e-04  5.40853165e-01  1.75528459e-04  1.19199584e-06  1.75528459e-04 -1.04648047e-07  1.75528459e-04  2.16281632e-06  1.75528459e-04  0.00000000e+00  1.75528459e-04  0.00000000e+00 
 1.75628459e-04  6.11624503e-01  1.75628459e-04  5.40129906e-01  1.75628459e-04  1.22349887e-06  1.75628459e-04  1.04982172e-07  1.75628459e-04 -2.15777293e-06  1.75628459e-04  0.00000000e+00  1.75628459e-04  0.00000000e+00 
 1.75728459e-04  6.11604089e-01  1.75728459e-04  5.40793597e-01  1.75728459e-04  1.19198041e-06  1.75728459e-04 -1.04864347e-07  1.75728459e-04  2.16272874e-06  1.75728459e-04  0.00000000e+00  1.75728459e-04  0.00000000e+00 
 1.75828459e-04  6.11583905e-01  1.75828459e-04  5.40182425e-01  1.75828459e-04  1.22351295e-06  1.75828459e-04  1.05161835e-07  1.75828459e-04 -2.15769198e-06  1.75828459e-04  0.00000000e+00  1.75828459e-04  0.00000000e+00 
 1.75928459e-04  6.11563465e-01  1.75928459e-04  5.40747353e-01  1.75928459e-04  1.19196751e-06  1.75928459e-04 -1.05012878e-07  1.75928459e-04  2.16265301e-06  1.75928459e-04  0.00000000e+00  1.75928459e-04  0.00000000e+00 
 1.76028459e-04  6.11543304e-01  1.76028459e-04  5.40223810e-01  1.76028459e-04  1.22352482e-06  1.76028459e-04  1.05283853e-07  1.76028459e-04 -2.15762179e-06  1.76028459e-04  0.00000000e+00  1.76028459e-04  0.00000000e+00 
 1.76128459e-04  6.11522850e-01  1.76128459e-04  5.40710371e-01  1.76128459e-04  1.19195656e-06  1.76128459e-04 -1.05112221e-07  1.76128459e-04  2.16258715e-06  1.76128459e-04  0.00000000e+00  1.76128459e-04  0.00000000e+00 
 1.76228459e-04  6.11502702e-01  1.76228459e-04  5.40257306e-01  1.76228459e-04  1.22353496e-06  1.76228459e-04  1.05363777e-07  1.76228459e-04 -2.15756059e-06  1.76228459e-04  0.00000000e+00  1.76228459e-04  0.00000000e+00 
 1.76328459e-04  6.11482242e-01  1.76328459e-04  5.40680089e-01  1.76328459e-04  1.19194715e-06  1.76328459e-04 -1.05175471e-07  1.76328459e-04  2.16252955e-06  1.76328459e-04  0.00000000e+00  1.76328459e-04  0.00000000e+00 
 1.76428459e-04  6.11462100e-01  1.76428459e-04  5.40284989e-01  1.76428459e-04  1.22354372e-06  1.76428459e-04  1.05412703e-07  1.76428459e-04 -2.15750688e-06  1.76428459e-04  0.00000000e+00  1.76428459e-04  0.00000000e+00 
 1.76528459e-04  6.11441639e-01  1.76528459e-04  5.40654836e-01  1.76528459e-04  1.19193897e-06  1.76528459e-04 -1.05212079e-07  1.76528459e-04  2.16247882e-06  1.76528459e-04  0.00000000e+00  1.76528459e-04  0.00000000e+00 
 1.76628459e-04  6.11421499e-01  1.76628459e-04  5.40308240e-01  1.76628459e-04  1.22355136e-06  1.76628459e-04  1.05438723e-07  1.76628459e-04 -2.15745943e-06  1.76628459e-04  0.00000000e+00  1.76628459e-04  0.00000000e+00 
 1.76728459e-04  6.11401041e-01  1.76728459e-04  5.40633479e-01  1.76728459e-04  1.19193181e-06  1.76728459e-04 -1.05229001e-07  1.76728459e-04  2.16243385e-06  1.76728459e-04  0.00000000e+00  1.76728459e-04  0.00000000e+00 
 1.76828459e-04  6.11380898e-01  1.76828459e-04  5.40328009e-01  1.76828459e-04  1.22355809e-06  1.76828459e-04  1.05447840e-07  1.76828459e-04 -2.15741723e-06  1.76828459e-04  0.00000000e+00  1.76828459e-04  0.00000000e+00 
 1.76928459e-04  6.11360447e-01  1.76928459e-04  5.40615223e-01  1.76928459e-04  1.19192549e-06  1.76928459e-04 -1.05231435e-07  1.76928459e-04  2.16239369e-06  1.76928459e-04  0.00000000e+00  1.76928459e-04  0.00000000e+00 
 1.77028459e-04  6.11340299e-01  1.77028459e-04  5.40344977e-01  1.77028459e-04  1.22356404e-06  1.77028459e-04  1.05444569e-07  1.77028459e-04 -2.15737941e-06  1.77028459e-04  0.00000000e+00  1.77028459e-04  0.00000000e+00 
 1.77128459e-04  6.11319856e-01  1.77128459e-04  5.40599489e-01  1.77128459e-04  1.19191987e-06  1.77128459e-04 -1.05223312e-07  1.77128459e-04  2.16235758e-06  1.77128459e-04  0.00000000e+00  1.77128459e-04  0.00000000e+00 
 1.77228459e-04  6.11299701e-01  1.77228459e-04  5.40359647e-01  1.77228459e-04  1.22356934e-06  1.77228459e-04  1.05432338e-07  1.77228459e-04 -2.15734528e-06  1.77228459e-04  0.00000000e+00  1.77228459e-04  0.00000000e+00 
 1.77328459e-04  6.11279271e-01  1.77328459e-04  5.40586017e-01  1.77328459e-04  1.19191483e-06  1.77328459e-04 -1.05207637e-07  1.77328459e-04  2.16232412e-06  1.77328459e-04  0.00000000e+00  1.77328459e-04  0.00000000e+00 
 1.77428459e-04  6.11259115e-01  1.77428459e-04  5.40372615e-01  1.77428459e-04  1.22357406e-06  1.77428459e-04  1.05413759e-07  1.77428459e-04 -2.15731498e-06  1.77428459e-04  0.00000000e+00  1.77428459e-04  0.00000000e+00 
 1.77528459e-04  6.11238698e-01  1.77528459e-04  5.40574090e-01  1.77528459e-04  1.19191036e-06  1.77528459e-04 -1.05186657e-07  1.77528459e-04  2.16229436e-06  1.77528459e-04  0.00000000e+00  1.77528459e-04  0.00000000e+00 
 1.77628459e-04  6.11218532e-01  1.77628459e-04  5.40383716e-01  1.77628459e-04  1.22357831e-06  1.77628459e-04  1.05390835e-07  1.77628459e-04 -2.15728649e-06  1.77628459e-04  0.00000000e+00  1.77628459e-04  0.00000000e+00 
 1.77728459e-04  6.11198125e-01  1.77728459e-04  5.40563646e-01  1.77728459e-04  1.19190633e-06  1.77728459e-04 -1.05162167e-07  1.77728459e-04  2.16226701e-06  1.77728459e-04  0.00000000e+00  1.77728459e-04  0.00000000e+00 
 1.77828459e-04  6.11177950e-01  1.77828459e-04  5.40393462e-01  1.77828459e-04  1.22358213e-06  1.77828459e-04  1.05365113e-07  1.77828459e-04 -2.15726023e-06  1.77828459e-04  0.00000000e+00  1.77828459e-04  0.00000000e+00 
 1.77928459e-04  6.11157553e-01  1.77928459e-04  5.40554465e-01  1.77928459e-04  1.19190270e-06  1.77928459e-04 -1.05135501e-07  1.77928459e-04  2.16224169e-06  1.77928459e-04  0.00000000e+00  1.77928459e-04  0.00000000e+00 
 1.78028459e-04  6.11137368e-01  1.78028459e-04  5.40402045e-01  1.78028459e-04  1.22358559e-06  1.78028459e-04  1.05337757e-07  1.78028459e-04 -2.15723587e-06  1.78028459e-04  0.00000000e+00  1.78028459e-04  0.00000000e+00 
 1.78128459e-04  6.11116981e-01  1.78128459e-04  5.40546371e-01  1.78128459e-04  1.19189942e-06  1.78128459e-04 -1.05107675e-07  1.78128459e-04  2.16221810e-06  1.78128459e-04  0.00000000e+00  1.78128459e-04  0.00000000e+00 
 1.78228459e-04  6.11096787e-01  1.78228459e-04  5.40409628e-01  1.78228459e-04  1.22358871e-06  1.78228459e-04  1.05309653e-07  1.78228459e-04 -2.15721312e-06  1.78228459e-04  0.00000000e+00  1.78228459e-04  0.00000000e+00 
 1.78328459e-04  6.11076410e-01  1.78328459e-04  5.40539212e-01  1.78328459e-04  1.19189644e-06  1.78328459e-04 -1.05079456e-07  1.78328459e-04  2.16219599e-06  1.78328459e-04  0.00000000e+00  1.78328459e-04  0.00000000e+00 
 1.78428459e-04  6.11056208e-01  1.78428459e-04  5.40416345e-01  1.78428459e-04  1.22359155e-06  1.78428459e-04  1.05281465e-07  1.78428459e-04 -2.15719175e-06  1.78428459e-04  0.00000000e+00  1.78428459e-04  0.00000000e+00 
 1.78528459e-04  6.11035840e-01  1.78528459e-04  5.40532865e-01  1.78528459e-04  1.19189374e-06  1.78528459e-04 -1.05051418e-07  1.78528459e-04  2.16217514e-06  1.78528459e-04  0.00000000e+00  1.78528459e-04  0.00000000e+00 
 1.78628459e-04  6.11015630e-01  1.78628459e-04  5.40422310e-01  1.78628459e-04  1.22359414e-06  1.78628459e-04  1.05253683e-07  1.78628459e-04 -2.15717156e-06  1.78628459e-04  0.00000000e+00  1.78628459e-04  0.00000000e+00 
 1.78728459e-04  6.10995271e-01  1.78728459e-04  5.40527223e-01  1.78728459e-04  1.19189128e-06  1.78728459e-04 -1.05023980e-07  1.78728459e-04  2.16215538e-06  1.78728459e-04  0.00000000e+00  1.78728459e-04  0.00000000e+00 
 1.78828459e-04  6.10975053e-01  1.78828459e-04  5.40427620e-01  1.78828459e-04  1.22359649e-06  1.78828459e-04  1.05226665e-07  1.78828459e-04 -2.15715239e-06  1.78828459e-04  0.00000000e+00  1.78828459e-04  0.00000000e+00 
 1.78928459e-04  6.10954702e-01  1.78928459e-04  5.40522195e-01  1.78928459e-04  1.19188903e-06  1.78928459e-04 -1.04997443e-07  1.78928459e-04  2.16213654e-06  1.78928459e-04  0.00000000e+00  1.78928459e-04  0.00000000e+00 
 1.79028459e-04  6.10934477e-01  1.79028459e-04  5.40432359e-01  1.79028459e-04  1.22359864e-06  1.79028459e-04  1.05200661e-07  1.79028459e-04 -2.15713408e-06  1.79028459e-04  0.00000000e+00  1.79028459e-04  0.00000000e+00 
 1.79128459e-04  6.10914135e-01  1.79128459e-04  5.40517704e-01  1.79128459e-04  1.19188697e-06  1.79128459e-04 -1.04972014e-07  1.79128459e-04  2.16211851e-06  1.79128459e-04  0.00000000e+00  1.79128459e-04  0.00000000e+00 
 1.79228459e-04  6.10893904e-01  1.79228459e-04  5.40436598e-01  1.79228459e-04  1.22360061e-06  1.79228459e-04  1.05175840e-07  1.79228459e-04 -2.15711653e-06  1.79228459e-04  0.00000000e+00  1.79228459e-04  0.00000000e+00 
 1.79328459e-04  6.10873568e-01  1.79328459e-04  5.40513684e-01  1.79328459e-04  1.19188509e-06  1.79328459e-04 -1.04947827e-07  1.79328459e-04  2.16210117e-06  1.79328459e-04  0.00000000e+00  1.79328459e-04  0.00000000e+00 
 1.79428459e-04  6.10853332e-01  1.79428459e-04  5.40440397e-01  1.79428459e-04  1.22360242e-06  1.79428459e-04  1.05152309e-07  1.79428459e-04 -2.15709963e-06  1.79428459e-04  0.00000000e+00  1.79428459e-04  0.00000000e+00 
 1.79528459e-04  6.10833003e-01  1.79528459e-04  5.40510077e-01  1.79528459e-04  1.19188336e-06  1.79528459e-04 -1.04924964e-07  1.79528459e-04  2.16208445e-06  1.79528459e-04  0.00000000e+00  1.79528459e-04  0.00000000e+00 
 1.79628459e-04  6.10812761e-01  1.79628459e-04  5.40443810e-01  1.79628459e-04  1.22360408e-06  1.79628459e-04  1.05130123e-07  1.79628459e-04 -2.15708330e-06  1.79628459e-04  0.00000000e+00  1.79628459e-04  0.00000000e+00 
 1.79728459e-04  6.10792439e-01  1.79728459e-04  5.40506833e-01  1.79728459e-04  1.19188177e-06  1.79728459e-04 -1.04903459e-07  1.79728459e-04  2.16206824e-06  1.79728459e-04  0.00000000e+00  1.79728459e-04  0.00000000e+00 
 1.79828459e-04  6.10772192e-01  1.79828459e-04  5.40446883e-01  1.79828459e-04  1.22360560e-06  1.79828459e-04  1.05109302e-07  1.79828459e-04 -2.15706747e-06  1.79828459e-04  0.00000000e+00  1.79828459e-04  0.00000000e+00 
 1.79928459e-04  6.10751875e-01  1.79928459e-04  5.40503911e-01  1.79928459e-04  1.19188030e-06  1.79928459e-04 -1.04883319e-07  1.79928459e-04  2.16205250e-06  1.79928459e-04  0.00000000e+00  1.79928459e-04  0.00000000e+00 
 1.80028459e-04  6.10731625e-01  1.80028459e-04  5.40449654e-01  1.80028459e-04  1.22360701e-06  1.80028459e-04  1.05089837e-07  1.80028459e-04 -2.15705207e-06  1.80028459e-04  0.00000000e+00  1.80028459e-04  0.00000000e+00 
 1.80128459e-04  6.10711313e-01  1.80128459e-04  5.40501273e-01  1.80128459e-04  1.19187896e-06  1.80128459e-04 -1.04864522e-07  1.80128459e-04  2.16203717e-06  1.80128459e-04  0.00000000e+00  1.80128459e-04  0.00000000e+00 
 1.80228459e-04  6.10691060e-01  1.80228459e-04  5.40452159e-01  1.80228459e-04  1.22360830e-06  1.80228459e-04  1.05071699e-07  1.80228459e-04 -2.15703706e-06  1.80228459e-04  0.00000000e+00  1.80228459e-04  0.00000000e+00 
 1.80328459e-04  6.10670752e-01  1.80328459e-04  5.40498886e-01  1.80328459e-04  1.19187771e-06  1.80328459e-04 -1.04847032e-07  1.80328459e-04  2.16202218e-06  1.80328459e-04  0.00000000e+00  1.80328459e-04  0.00000000e+00 
 1.80428459e-04  6.10650496e-01  1.80428459e-04  5.40454428e-01  1.80428459e-04  1.22360950e-06  1.80428459e-04  1.05054845e-07  1.80428459e-04 -2.15702237e-06  1.80428459e-04  0.00000000e+00  1.80428459e-04  0.00000000e+00 
 1.80528459e-04  6.10630192e-01  1.80528459e-04  5.40496722e-01  1.80528459e-04  1.19187656e-06  1.80528459e-04 -1.04830800e-07  1.80528459e-04  2.16200752e-06  1.80528459e-04  0.00000000e+00  1.80528459e-04  0.00000000e+00 
 1.80628459e-04  6.10609934e-01  1.80628459e-04  5.40456487e-01  1.80628459e-04  1.22361061e-06  1.80628459e-04  1.05039221e-07  1.80628459e-04 -2.15700799e-06  1.80628459e-04  0.00000000e+00  1.80628459e-04  0.00000000e+00 
 1.80728459e-04  6.10589634e-01  1.80728459e-04  5.40494757e-01  1.80728459e-04  1.19187549e-06  1.80728459e-04 -1.04815767e-07  1.80728459e-04  2.16199313e-06  1.80728459e-04  0.00000000e+00  1.80728459e-04  0.00000000e+00 
 1.80828459e-04  6.10569374e-01  1.80828459e-04  5.40458359e-01  1.80828459e-04  1.22361164e-06  1.80828459e-04  1.05024764e-07  1.80828459e-04 -2.15699387e-06  1.80828459e-04  0.00000000e+00  1.80828459e-04  0.00000000e+00 
 1.80928459e-04  6.10549077e-01  1.80928459e-04  5.40492969e-01  1.80928459e-04  1.19187450e-06  1.80928459e-04 -1.04801869e-07  1.80928459e-04  2.16197899e-06  1.80928459e-04  0.00000000e+00  1.80928459e-04  0.00000000e+00 
 1.81028459e-04  6.10528815e-01  1.81028459e-04  5.40460064e-01  1.81028459e-04  1.22361259e-06  1.81028459e-04  1.05011410e-07  1.81028459e-04 -2.15697999e-06  1.81028459e-04  0.00000000e+00  1.81028459e-04  0.00000000e+00 
 1.81128459e-04  6.10508521e-01  1.81128459e-04  5.40491338e-01  1.81128459e-04  1.19187358e-06  1.81128459e-04 -1.04789042e-07  1.81128459e-04  2.16196507e-06  1.81128459e-04  0.00000000e+00  1.81128459e-04  0.00000000e+00 
 1.81228459e-04  6.10488258e-01  1.81228459e-04  5.40461620e-01  1.81228459e-04  1.22361348e-06  1.81228459e-04  1.04999092e-07  1.81228459e-04 -2.15696631e-06  1.81228459e-04  0.00000000e+00  1.81228459e-04  0.00000000e+00 
 1.81328459e-04  6.10467966e-01  1.81328459e-04  5.40489849e-01  1.81328459e-04  1.19187273e-06  1.81328459e-04 -1.04777217e-07  1.81328459e-04  2.16195134e-06  1.81328459e-04  0.00000000e+00  1.81328459e-04  0.00000000e+00 
 1.81428459e-04  6.10447703e-01  1.81428459e-04  5.40463043e-01  1.81428459e-04  1.22361430e-06  1.81428459e-04  1.04987743e-07  1.81428459e-04 -2.15695282e-06  1.81428459e-04  0.00000000e+00  1.81428459e-04  0.00000000e+00 
 1.81528459e-04  6.10427413e-01  1.81528459e-04  5.40488487e-01  1.81528459e-04  1.19187194e-06  1.81528459e-04 -1.04766326e-07  1.81528459e-04  2.16193779e-06  1.81528459e-04  0.00000000e+00  1.81528459e-04  0.00000000e+00 
 1.81628459e-04  6.10407149e-01  1.81628459e-04  5.40464346e-01  1.81628459e-04  1.22361506e-06  1.81628459e-04  1.04977296e-07  1.81628459e-04 -2.15693950e-06  1.81628459e-04  0.00000000e+00  1.81628459e-04  0.00000000e+00 
 1.81728459e-04  6.10386861e-01  1.81728459e-04  5.40487238e-01  1.81728459e-04  1.19187120e-06  1.81728459e-04 -1.04756306e-07  1.81728459e-04  2.16192440e-06  1.81728459e-04  0.00000000e+00  1.81728459e-04  0.00000000e+00 
 1.81828459e-04  6.10366597e-01  1.81828459e-04  5.40465541e-01  1.81828459e-04  1.22361577e-06  1.81828459e-04  1.04967686e-07  1.81828459e-04 -2.15692632e-06  1.81828459e-04  0.00000000e+00  1.81828459e-04  0.00000000e+00 
 1.81928459e-04  6.10346311e-01  1.81928459e-04  5.40486092e-01  1.81928459e-04  1.19187051e-06  1.81928459e-04 -1.04747091e-07  1.81928459e-04  2.16191116e-06  1.81928459e-04  0.00000000e+00  1.81928459e-04  0.00000000e+00 
 1.82028459e-04  6.10326046e-01  1.82028459e-04  5.40466639e-01  1.82028459e-04  1.22361644e-06  1.82028459e-04  1.04958851e-07  1.82028459e-04 -2.15691329e-06  1.82028459e-04  0.00000000e+00  1.82028459e-04  0.00000000e+00 
 1.82128459e-04  6.10305762e-01  1.82128459e-04  5.40485038e-01  1.82128459e-04  1.19186987e-06  1.82128459e-04 -1.04738620e-07  1.82128459e-04  2.16189804e-06  1.82128459e-04  0.00000000e+00  1.82128459e-04  0.00000000e+00 
 1.82228459e-04  6.10285497e-01  1.82228459e-04  5.40467649e-01  1.82228459e-04  1.22361705e-06  1.82228459e-04  1.04950731e-07  1.82228459e-04 -2.15690038e-06  1.82228459e-04  0.00000000e+00  1.82228459e-04  0.00000000e+00 
 1.82328459e-04  6.10265215e-01  1.82328459e-04  5.40484067e-01  1.82328459e-04  1.19186928e-06  1.82328459e-04 -1.04730836e-07  1.82328459e-04  2.16188504e-06  1.82328459e-04  0.00000000e+00  1.82328459e-04  0.00000000e+00 
 1.82428459e-04  6.10244950e-01  1.82428459e-04  5.40468581e-01  1.82428459e-04  1.22361763e-06  1.82428459e-04  1.04943269e-07  1.82428459e-04 -2.15688757e-06  1.82428459e-04  0.00000000e+00  1.82428459e-04  0.00000000e+00 
 1.82528459e-04  6.10224668e-01  1.82528459e-04  5.40483172e-01  1.82528459e-04  1.19186872e-06  1.82528459e-04 -1.04723683e-07  1.82528459e-04  2.16187214e-06  1.82528459e-04  0.00000000e+00  1.82528459e-04  0.00000000e+00 
 1.82628459e-04  6.10204404e-01  1.82628459e-04  5.40469440e-01  1.82628459e-04  1.22361817e-06  1.82628459e-04  1.04936413e-07  1.82628459e-04 -2.15687487e-06  1.82628459e-04  0.00000000e+00  1.82628459e-04  0.00000000e+00 
 1.82728459e-04  6.10184124e-01  1.82728459e-04  5.40482345e-01  1.82728459e-04  1.19186820e-06  1.82728459e-04 -1.04717110e-07  1.82728459e-04  2.16185934e-06  1.82728459e-04  0.00000000e+00  1.82728459e-04  0.00000000e+00 
 1.82828459e-04  6.10163860e-01  1.82828459e-04  5.40470235e-01  1.82828459e-04  1.22361867e-06  1.82828459e-04  1.04930112e-07  1.82828459e-04 -2.15686227e-06  1.82828459e-04  0.00000000e+00  1.82828459e-04  0.00000000e+00 
 1.82928459e-04  6.10143581e-01  1.82928459e-04  5.40481580e-01  1.82928459e-04  1.19186771e-06  1.82928459e-04 -1.04711068e-07  1.82928459e-04  2.16184663e-06  1.82928459e-04  0.00000000e+00  1.82928459e-04  0.00000000e+00 
 1.83028459e-04  6.10123318e-01  1.83028459e-04  5.40470971e-01  1.83028459e-04  1.22361914e-06  1.83028459e-04  1.04924318e-07  1.83028459e-04 -2.15684974e-06  1.83028459e-04  0.00000000e+00  1.83028459e-04  0.00000000e+00 
 1.83128459e-04  6.10103039e-01  1.83128459e-04  5.40480871e-01  1.83128459e-04  1.19186726e-06  1.83128459e-04 -1.04705512e-07  1.83128459e-04  2.16183400e-06  1.83128459e-04  0.00000000e+00  1.83128459e-04  0.00000000e+00 
 1.83228459e-04  6.10082777e-01  1.83228459e-04  5.40471653e-01  1.83228459e-04  1.22361958e-06  1.83228459e-04  1.04918989e-07  1.83228459e-04 -2.15683730e-06  1.83228459e-04  0.00000000e+00  1.83228459e-04  0.00000000e+00 
 1.83328459e-04  6.10062499e-01  1.83328459e-04  5.40480214e-01  1.83328459e-04  1.19186683e-06  1.83328459e-04 -1.04700400e-07  1.83328459e-04  2.16182144e-06  1.83328459e-04  0.00000000e+00  1.83328459e-04  0.00000000e+00 
 1.83428459e-04  6.10042238e-01  1.83428459e-04  5.40472286e-01  1.83428459e-04  1.22361999e-06  1.83428459e-04  1.04914085e-07  1.83428459e-04 -2.15682492e-06  1.83428459e-04  0.00000000e+00  1.83428459e-04  0.00000000e+00 
 1.83528459e-04  6.10021960e-01  1.83528459e-04  5.40479604e-01  1.83528459e-04  1.19186644e-06  1.83528459e-04 -1.04695693e-07  1.83528459e-04  2.16180895e-06  1.83528459e-04  0.00000000e+00  1.83528459e-04  0.00000000e+00 
 1.83628459e-04  6.10001700e-01  1.83628459e-04  5.40472874e-01  1.83628459e-04  1.22362038e-06  1.83628459e-04  1.04909567e-07  1.83628459e-04 -2.15681261e-06  1.83628459e-04  0.00000000e+00  1.83628459e-04  0.00000000e+00 
 1.83728459e-04  6.09981423e-01  1.83728459e-04  5.40479036e-01  1.83728459e-04  1.19186606e-06  1.83728459e-04 -1.04691355e-07  1.83728459e-04  2.16179652e-06  1.83728459e-04  0.00000000e+00  1.83728459e-04  0.00000000e+00 
 1.83828459e-04  6.09961164e-01  1.83828459e-04  5.40473421e-01  1.83828459e-04  1.22362074e-06  1.83828459e-04  1.04905400e-07  1.83828459e-04 -2.15680036e-06  1.83828459e-04  0.00000000e+00  1.83828459e-04  0.00000000e+00 
 1.83928459e-04  6.09940887e-01  1.83928459e-04  5.40478508e-01  1.83928459e-04  1.19186572e-06  1.83928459e-04 -1.04687352e-07  1.83928459e-04  2.16178415e-06  1.83928459e-04  0.00000000e+00  1.83928459e-04  0.00000000e+00 
 1.84028459e-04  6.09920629e-01  1.84028459e-04  5.40473930e-01  1.84028459e-04  1.22362108e-06  1.84028459e-04  1.04901554e-07  1.84028459e-04 -2.15678817e-06  1.84028459e-04  0.00000000e+00  1.84028459e-04  0.00000000e+00 
 1.84128459e-04  6.09900353e-01  1.84128459e-04  5.40478016e-01  1.84128459e-04  1.19186539e-06  1.84128459e-04 -1.04683655e-07  1.84128459e-04  2.16177184e-06  1.84128459e-04  0.00000000e+00  1.84128459e-04  0.00000000e+00 
 1.84228459e-04  6.09880096e-01  1.84228459e-04  5.40474405e-01  1.84228459e-04  1.22362139e-06  1.84228459e-04  1.04897999e-07  1.84228459e-04 -2.15677603e-06  1.84228459e-04  0.00000000e+00  1.84228459e-04  0.00000000e+00 
 1.84328459e-04  6.09859820e-01  1.84328459e-04  5.40477557e-01  1.84328459e-04  1.19186509e-06  1.84328459e-04 -1.04680234e-07  1.84328459e-04  2.16175957e-06  1.84328459e-04  0.00000000e+00  1.84328459e-04  0.00000000e+00 
 1.84428459e-04  6.09839564e-01  1.84428459e-04  5.40474848e-01  1.84428459e-04  1.22362169e-06  1.84428459e-04  1.04894707e-07  1.84428459e-04 -2.15676393e-06  1.84428459e-04  0.00000000e+00  1.84428459e-04  0.00000000e+00 
 1.84528459e-04  6.09819289e-01  1.84528459e-04  5.40477129e-01  1.84528459e-04  1.19186480e-06  1.84528459e-04 -1.04677065e-07  1.84528459e-04  2.16174735e-06  1.84528459e-04  0.00000000e+00  1.84528459e-04  0.00000000e+00 
 1.84628459e-04  6.09799035e-01  1.84628459e-04  5.40475261e-01  1.84628459e-04  1.22362196e-06  1.84628459e-04  1.04891654e-07  1.84628459e-04 -2.15675188e-06  1.84628459e-04  0.00000000e+00  1.84628459e-04  0.00000000e+00 
 1.84728459e-04  6.09778760e-01  1.84728459e-04  5.40476729e-01  1.84728459e-04  1.19186453e-06  1.84728459e-04 -1.04674123e-07  1.84728459e-04  2.16173517e-06  1.84728459e-04  0.00000000e+00  1.84728459e-04  0.00000000e+00 
 1.84828459e-04  6.09758506e-01  1.84828459e-04  5.40475648e-01  1.84828459e-04  1.22362222e-06  1.84828459e-04  1.04888818e-07  1.84828459e-04 -2.15673987e-06  1.84828459e-04  0.00000000e+00  1.84828459e-04  0.00000000e+00 
 1.84914229e-04  6.09741115e-01  1.84914229e-04  5.40476325e-01  1.84914229e-04  1.19186426e-06  1.84914229e-04 -1.04671169e-07  1.84914229e-04  2.16172204e-06  1.84914229e-04  0.00000000e+00  1.84914229e-04  0.00000000e+00 
 1.85000000e-04  6.09723746e-01  1.85000000e-04  5.40476067e-01  1.85000000e-04  1.22362250e-06  1.85000000e-04  1.04885757e-07  1.85000000e-04 -2.15672590e-06  1.85000000e-04  0.00000000e+00  1.85000000e-04  0.00000000e+00 
 1.85000001e-04  6.09726843e-01  1.85000001e-04  5.41326349e-01  1.85000001e-04  1.00444161e-06  1.85000001e-04  2.44476660e-06  1.85000001e-04 -7.08072631e-07  1.85000001e-04  1.20000000e-01  1.85000001e-04  0.00000000e+00 
 1.85000003e-04  6.09733147e-01  1.85000003e-04  5.42980239e-01  1.85000003e-04  1.00114916e-06  1.85000003e-04  2.39035141e-06  1.85000003e-04 -5.22814856e-07  1.85000003e-04  3.59999999e-01  1.85000003e-04  0.00000000e+00 
 1.85000006e-04  6.09743709e-01  1.85000006e-04  5.45621740e-01  1.85000006e-04  1.03409578e-06  1.85000006e-04  1.34229470e-06  1.85000006e-04 -5.82655141e-07  1.85000006e-04  7.79999997e-01  1.85000006e-04  0.00000000e+00 
 1.85000010e-04  6.09751581e-01  1.85000010e-04  5.47442515e-01  1.85000010e-04  1.11077757e-06  1.85000010e-04 -9.18067401e-08  1.85000010e-04 -1.84305956e-07  1.85000010e-04  1.20000000e+00  1.85000010e-04  0.00000000e+00 
 1.85000011e-04  6.09751244e-01  1.85000011e-04  5.47258172e-01  1.85000011e-04  1.25790031e-06  1.85000011e-04 -2.17758021e-06  1.85000011e-04  1.75147911e-07  1.85000011e-04  1.20000000e+00  1.85000011e-04  0.00000000e+00 
 1.85000012e-04  6.09750360e-01  1.85000012e-04  5.46885878e-01  1.85000012e-04  1.27254549e-06  1.85000012e-04 -2.48987362e-06  1.85000012e-04  2.30624886e-07  1.85000012e-04  1.20000000e+00  1.85000012e-04  0.00000000e+00 
 1.85000015e-04  6.09748498e-01  1.85000015e-04  5.46220811e-01  1.85000015e-04  1.24723563e-06  1.85000015e-04 -1.93364244e-06  1.85000015e-04  1.38397500e-07  1.85000015e-04  1.20000000e+00  1.85000015e-04  0.00000000e+00 
 1.85000020e-04  6.09744732e-01  1.85000020e-04  5.45066708e-01  1.85000020e-04  1.25898394e-06  1.85000020e-04 -1.81338594e-06  1.85000020e-04  1.75753178e-07  1.85000020e-04  1.20000000e+00  1.85000020e-04  0.00000000e+00 
 1.85000032e-04  6.09735974e-01  1.85000032e-04  5.42751173e-01  1.85000032e-04  1.25278782e-06  1.85000032e-04 -8.27048781e-07  1.85000032e-04  1.35379628e-07  1.85000032e-04  1.20000000e+00  1.85000032e-04  0.00000000e+00 
 1.85000054e-04  6.09704292e-01  1.85000054e-04  5.34847349e-01  1.85000054e-04  1.34205825e-06  1.85000054e-04 -1.85103873e-07  1.85000054e-04  3.83160850e-07  1.85000054e-04  1.20000000e+00  1.85000054e-04  0.00000000e+00 
 1.85000091e-04  6.09645629e-01  1.85000091e-04  5.15398429e-01  1.85000091e-04  1.36399324e-06  1.85000091e-04  2.58817234e-06  1.85000091e-04  3.90506169e-07  1.85000091e-04  1.20000000e+00  1.85000091e-04  0.00000000e+00 
 1.85000126e-04  6.09637906e-01  1.85000126e-04  5.05805628e-01  1.85000126e-04  1.22952747e-06  1.85000126e-04  2.68713615e-06  1.85000126e-04 -4.66885467e-09  1.85000126e-04  1.20000000e+00  1.85000126e-04  0.00000000e+00 
 1.85000197e-04  6.09685380e-01  1.85000197e-04  4.94732479e-01  1.85000197e-04  1.30251140e-06  1.85000197e-04  1.17453691e-06  1.85000197e-04  2.24159207e-07  1.85000197e-04  1.20000000e+00  1.85000197e-04  0.00000000e+00 
 1.85000276e-04  6.09752725e-01  1.85000276e-04  4.87921749e-01  1.85000276e-04  1.18411995e-06  1.85000276e-04  1.39071859e-06  1.85000276e-04 -1.08839740e-07  1.85000276e-04  1.20000000e+00  1.85000276e-04  0.00000000e+00 
 1.85000398e-04  6.09830738e-01  1.85000398e-04  4.82094505e-01  1.85000398e-04  1.27158790e-06  1.85000398e-04  5.21457344e-07  1.85000398e-04  1.64995282e-07  1.85000398e-04  1.20000000e+00  1.85000398e-04  0.00000000e+00 
 1.85000617e-04  6.09918900e-01  1.85000617e-04  4.79938832e-01  1.85000617e-04  1.15312256e-06  1.85000617e-04  9.22906358e-07  1.85000617e-04 -1.65553130e-07  1.85000617e-04  1.20000000e+00  1.85000617e-04  0.00000000e+00 
 1.85001055e-04  6.10000572e-01  1.85001055e-04  4.84748740e-01  1.85001055e-04  1.25186776e-06  1.85001055e-04  1.79000172e-07  1.85001055e-04  1.35792410e-07  1.85001055e-04  1.20000000e+00  1.85001055e-04  0.00000000e+00 
 1.85001907e-04  6.10062903e-01  1.85001907e-04  4.97765409e-01  1.85001907e-04  1.14885660e-06  1.85001907e-04  6.90021372e-07  1.85001907e-04 -1.65509570e-07  1.85001907e-04  1.20000000e+00  1.85001907e-04  0.00000000e+00 
 1.85003207e-04  6.10112217e-01  1.85003207e-04  5.10040610e-01  1.85003207e-04  1.25789743e-06  1.85003207e-04  3.86448925e-08  1.85003207e-04  1.52889268e-07  1.85003207e-04  1.20000000e+00  1.85003207e-04  0.00000000e+00 
 1.85005770e-04  6.10192889e-01  1.85005770e-04  5.22637017e-01  1.85005770e-04  1.15405304e-06  1.85005770e-04  6.19888378e-07  1.85005770e-04 -1.52857086e-07  1.85005770e-04  1.20000000e+00  1.85005770e-04  0.00000000e+00 
 1.85010895e-04  6.10350426e-01  1.85010895e-04  5.33898628e-01  1.85010895e-04  1.26041236e-06  1.85010895e-04  3.68022004e-08  1.85010895e-04  1.57988437e-07  1.85010895e-04  1.20000000e+00  1.85010895e-04  0.00000000e+00 
 1.85021145e-04  6.10670580e-01  1.85021145e-04  5.39807094e-01  1.85021145e-04  1.15512382e-06  1.85021145e-04  6.32312509e-07  1.85021145e-04 -1.52500135e-07  1.85021145e-04  1.20000000e+00  1.85021145e-04  0.00000000e+00 
 1.85040383e-04  6.11253856e-01  1.85040383e-04  5.40546482e-01  1.85040383e-04  1.26048755e-06  1.85040383e-04  2.93146714e-08  1.85040383e-04  1.57494888e-07  1.85040383e-04  1.20000000e+00  1.85040383e-04  0.00000000e+00 
 1.85078859e-04  6.12405155e-01  1.85078859e-04  5.40475864e-01  1.85078859e-04  1.15499809e-06  1.85078859e-04  6.30748156e-07  1.85078859e-04 -1.52494505e-07  1.85078859e-04  1.20000000e+00  1.85078859e-04  0.00000000e+00 
 1.85155812e-04  6.14697117e-01  1.85155812e-04  5.40470773e-01  1.85155812e-04  1.26048840e-06  1.85155812e-04  2.95971228e-08  1.85155812e-04  1.57496595e-07  1.85155812e-04  1.20000000e+00  1.85155812e-04  0.00000000e+00 
 1.85255812e-04  6.17674967e-01  1.85255812e-04  5.40501902e-01  1.85255812e-04  1.15499814e-06  1.85255812e-04  6.30747790e-07  1.85255812e-04 -1.52482511e-07  1.85255812e-04  1.20000000e+00  1.85255812e-04  0.00000000e+00 
 1.85355812e-04  6.20653111e-01  1.85355812e-04  5.40452864e-01  1.85355812e-04  1.26048840e-06  1.85355812e-04  2.97354778e-08  1.85355812e-04  1.57505950e-07  1.85355812e-04  1.20000000e+00  1.85355812e-04  0.00000000e+00 
 1.85455812e-04  6.23631872e-01  1.85455812e-04  5.40516640e-01  1.85455812e-04  1.15499806e-06  1.85455812e-04  6.30801433e-07  1.85455812e-04 -1.52470214e-07  1.85455812e-04  1.20000000e+00  1.85455812e-04  0.00000000e+00 
 1.85555812e-04  6.26610545e-01  1.85555812e-04  5.40440695e-01  1.85555812e-04  1.26048859e-06  1.85555812e-04  2.98503760e-08  1.85555812e-04  1.57515882e-07  1.85555812e-04  1.20000000e+00  1.85555812e-04  0.00000000e+00 
 1.85655812e-04  6.29590057e-01  1.85655812e-04  5.40526909e-01  1.85655812e-04  1.15499775e-06  1.85655812e-04  6.30873913e-07  1.85655812e-04 -1.52458556e-07  1.85655812e-04  1.20000000e+00  1.85655812e-04  0.00000000e+00 
 1.85755812e-04  6.32569345e-01  1.85755812e-04  5.40432127e-01  1.85755812e-04  1.26048902e-06  1.85755812e-04  2.99526429e-08  1.85755812e-04  1.57526379e-07  1.85755812e-04  1.20000000e+00  1.85755812e-04  0.00000000e+00 
 1.85855812e-04  6.35549576e-01  1.85855812e-04  5.40534331e-01  1.85855812e-04  1.15499720e-06  1.85855812e-04  6.30956897e-07  1.85855812e-04 -1.52447508e-07  1.85855812e-04  1.20000000e+00  1.85855812e-04  0.00000000e+00 
 1.85955812e-04  6.38529512e-01  1.85955812e-04  5.40425899e-01  1.85955812e-04  1.26048969e-06  1.85955812e-04  3.00489931e-08  1.85955812e-04  1.57537402e-07  1.85955812e-04  1.20000000e+00  1.85955812e-04  0.00000000e+00 
 1.86055812e-04  6.41510457e-01  1.86055812e-04  5.40539870e-01  1.86055812e-04  1.15499643e-06  1.86055812e-04  6.31045330e-07  1.86055812e-04 -1.52437025e-07  1.86055812e-04  1.20000000e+00  1.86055812e-04  0.00000000e+00 
 1.86155812e-04  6.44491061e-01  1.86155812e-04  5.40421258e-01  1.86155812e-04  1.26049054e-06  1.86155812e-04  3.01435422e-08  1.86155812e-04  1.57548904e-07  1.86155812e-04  1.20000000e+00  1.86155812e-04  0.00000000e+00 
 1.86255812e-04  6.47472720e-01  1.86255812e-04  5.40544106e-01  1.86255812e-04  1.15499549e-06  1.86255812e-04  6.31136237e-07  1.86255812e-04 -1.52427056e-07  1.86255812e-04  1.20000000e+00  1.86255812e-04  0.00000000e+00 
 1.86355812e-04  6.50454009e-01  1.86355812e-04  5.40417745e-01  1.86355812e-04  1.26049157e-06  1.86355812e-04  3.02387677e-08  1.86355812e-04  1.57560832e-07  1.86355812e-04  1.20000000e+00  1.86355812e-04  0.00000000e+00 
 1.86455812e-04  6.53436390e-01  1.86455812e-04  5.40547399e-01  1.86455812e-04  1.15499440e-06  1.86455812e-04  6.31227960e-07  1.86455812e-04 -1.52417548e-07  1.86455812e-04  1.20000000e+00  1.86455812e-04  0.00000000e+00 
 1.86555812e-04  6.56418378e-01  1.86555812e-04  5.40415071e-01  1.86555812e-04  1.26049272e-06  1.86555812e-04  3.03361160e-08  1.86555812e-04  1.57573135e-07  1.86555812e-04  1.20000000e+00  1.86555812e-04  0.00000000e+00 
 1.86655812e-04  6.59401490e-01  1.86655812e-04  5.40549982e-01  1.86655812e-04  1.15499319e-06  1.86655812e-04  6.31319662e-07  1.86655812e-04 -1.52408450e-07  1.86655812e-04  1.20000000e+00  1.86655812e-04  0.00000000e+00 
 1.86755812e-04  6.62384193e-01  1.86755812e-04  5.40413048e-01  1.86755812e-04  1.26049397e-06  1.86755812e-04  3.04363955e-08  1.86755812e-04  1.57585762e-07  1.86755812e-04  1.20000000e+00  1.86755812e-04  0.00000000e+00 
 1.86855812e-04  6.65368048e-01  1.86855812e-04  5.40552008e-01  1.86855812e-04  1.15499189e-06  1.86855812e-04  6.31411033e-07  1.86855812e-04 -1.52399713e-07  1.86855812e-04  1.20000000e+00  1.86855812e-04  0.00000000e+00 
 1.86955812e-04  6.68351481e-01  1.86955812e-04  5.40411549e-01  1.86955812e-04  1.26049531e-06  1.86955812e-04  3.05400190e-08  1.86955812e-04  1.57598669e-07  1.86955812e-04  1.20000000e+00  1.86955812e-04  0.00000000e+00 
 1.87055812e-04  6.71336092e-01  1.87055812e-04  5.40553585e-01  1.87055812e-04  1.15499051e-06  1.87055812e-04  6.31502083e-07  1.87055812e-04 -1.52391294e-07  1.87055812e-04  1.20000000e+00  1.87055812e-04  0.00000000e+00 
 1.87155812e-04  6.74320270e-01  1.87155812e-04  5.40410483e-01  1.87155812e-04  1.26049672e-06  1.87155812e-04  3.06471674e-08  1.87155812e-04  1.57611812e-07  1.87155812e-04  1.20000000e+00  1.87155812e-04  0.00000000e+00 
 1.87255812e-04  6.77305652e-01  1.87255812e-04  5.40554791e-01  1.87255812e-04  1.15498908e-06  1.87255812e-04  6.31593025e-07  1.87255812e-04 -1.52383150e-07  1.87255812e-04  1.20000000e+00  1.87255812e-04  0.00000000e+00 
 1.87355812e-04  6.80290592e-01  1.87355812e-04  5.40409783e-01  1.87355812e-04  1.26049817e-06  1.87355812e-04  3.07578870e-08  1.87355812e-04  1.57625154e-07  1.87355812e-04  1.20000000e+00  1.87355812e-04  0.00000000e+00 
 1.87455812e-04  6.83276765e-01  1.87455812e-04  5.40555687e-01  1.87455812e-04  1.15498761e-06  1.87455812e-04  6.31684178e-07  1.87455812e-04 -1.52375247e-07  1.87455812e-04  1.20000000e+00  1.87455812e-04  0.00000000e+00 
 1.87555812e-04  6.86262484e-01  1.87555812e-04  5.40409397e-01  1.87555812e-04  1.26049967e-06  1.87555812e-04  3.08721553e-08  1.87555812e-04  1.57638659e-07  1.87555812e-04  1.20000000e+00  1.87555812e-04  0.00000000e+00 
 1.87655812e-04  6.89249464e-01  1.87655812e-04  5.40556320e-01  1.87655812e-04  1.15498609e-06  1.87655812e-04  6.31775936e-07  1.87655812e-04 -1.52367549e-07  1.87655812e-04  1.20000000e+00  1.87655812e-04  0.00000000e+00 
 1.87755812e-04  6.92235983e-01  1.87755812e-04  5.40409281e-01  1.87755812e-04  1.26050119e-06  1.87755812e-04  3.09899257e-08  1.87755812e-04  1.57652298e-07  1.87755812e-04  1.20000000e+00  1.87755812e-04  0.00000000e+00 
 1.87855812e-04  6.95223791e-01  1.87855812e-04  5.40556732e-01  1.87855812e-04  1.15498456e-06  1.87855812e-04  6.31868722e-07  1.87855812e-04 -1.52360028e-07  1.87855812e-04  1.20000000e+00  1.87855812e-04  0.00000000e+00 
 1.87955812e-04  6.98211130e-01  1.87955812e-04  5.40409402e-01  1.87955812e-04  1.26050273e-06  1.87955812e-04  3.11111475e-08  1.87955812e-04  1.57666041e-07  1.87955812e-04  1.20000000e+00  1.87955812e-04  0.00000000e+00 
 1.88055812e-04  7.01199789e-01  1.88055812e-04  5.40556956e-01  1.88055812e-04  1.15498301e-06  1.88055812e-04  6.31962976e-07  1.88055812e-04 -1.52352657e-07  1.88055812e-04  1.20000000e+00  1.88055812e-04  0.00000000e+00 
 1.88155812e-04  7.04187970e-01  1.88155812e-04  5.40409728e-01  1.88155812e-04  1.26050429e-06  1.88155812e-04  3.12357817e-08  1.88155812e-04  1.57679864e-07  1.88155812e-04  1.20000000e+00  1.88155812e-04  0.00000000e+00 
 1.88255812e-04  7.07177504e-01  1.88255812e-04  5.40557022e-01  1.88255812e-04  1.15498146e-06  1.88255812e-04  6.32059140e-07  1.88255812e-04 -1.52345411e-07  1.88255812e-04  1.20000000e+00  1.88255812e-04  0.00000000e+00 
 1.88355812e-04  7.10166552e-01  1.88355812e-04  5.40410234e-01  1.88355812e-04  1.26050585e-06  1.88355812e-04  3.13638139e-08  1.88355812e-04  1.57693745e-07  1.88355812e-04  1.20000000e+00  1.88355812e-04  0.00000000e+00 
 1.88455812e-04  7.13156986e-01  1.88455812e-04  5.40556956e-01  1.88455812e-04  1.15497989e-06  1.88455812e-04  6.32157657e-07  1.88455812e-04 -1.52338271e-07  1.88455812e-04  1.20000000e+00  1.88455812e-04  0.00000000e+00 
 1.88555812e-04  7.16146927e-01  1.88555812e-04  5.40410895e-01  1.88555812e-04  1.26050740e-06  1.88555812e-04  3.14952505e-08  1.88555812e-04  1.57707664e-07  1.88555812e-04  1.20000000e+00  1.88555812e-04  0.00000000e+00 
 1.88655812e-04  7.19138288e-01  1.88655812e-04  5.40556780e-01  1.88655812e-04  1.15497834e-06  1.88655812e-04  6.32258960e-07  1.88655812e-04 -1.52331216e-07  1.88655812e-04  1.20000000e+00  1.88655812e-04  0.00000000e+00 
 1.88755812e-04  7.22129152e-01  1.88755812e-04  5.40411690e-01  1.88755812e-04  1.26050896e-06  1.88755812e-04  3.16301276e-08  1.88755812e-04  1.57721605e-07  1.88755812e-04  1.20000000e+00  1.88755812e-04  0.00000000e+00 
 1.88855812e-04  7.25121470e-01  1.88855812e-04  5.40556517e-01  1.88855812e-04  1.15497679e-06  1.88855812e-04  6.32363479e-07  1.88855812e-04 -1.52324230e-07  1.88855812e-04  1.20000000e+00  1.88855812e-04  0.00000000e+00 
 1.88955812e-04  7.28113287e-01  1.88955812e-04  5.40412602e-01  1.88955812e-04  1.26051050e-06  1.88955812e-04  3.17685043e-08  1.88955812e-04  1.57735552e-07  1.88955812e-04  1.20000000e+00  1.88955812e-04  0.00000000e+00 
 1.89055812e-04  7.31106593e-01  1.89055812e-04  5.40556186e-01  1.89055812e-04  1.15497525e-06  1.89055812e-04  6.32471634e-07  1.89055812e-04 -1.52317299e-07  1.89055812e-04  1.20000000e+00  1.89055812e-04  0.00000000e+00 
 1.89155812e-04  7.34099395e-01  1.89155812e-04  5.40413611e-01  1.89155812e-04  1.26051203e-06  1.89155812e-04  3.19104664e-08  1.89155812e-04  1.57749491e-07  1.89155812e-04  1.20000000e+00  1.89155812e-04  0.00000000e+00 
 1.89255812e-04  7.37093724e-01  1.89255812e-04  5.40555802e-01  1.89255812e-04  1.15497373e-06  1.89255812e-04  6.32583840e-07  1.89255812e-04 -1.52310411e-07  1.89255812e-04  1.20000000e+00  1.89255812e-04  0.00000000e+00 
 1.89355812e-04  7.40087546e-01  1.89355812e-04  5.40414702e-01  1.89355812e-04  1.26051355e-06  1.89355812e-04  3.20561226e-08  1.89355812e-04  1.57763412e-07  1.89355812e-04  1.20000000e+00  1.89355812e-04  0.00000000e+00 
 1.89455812e-04  7.43082933e-01  1.89455812e-04  5.40555384e-01  1.89455812e-04  1.15497222e-06  1.89455812e-04  6.32700502e-07  1.89455812e-04 -1.52303553e-07  1.89455812e-04  1.20000000e+00  1.89455812e-04  0.00000000e+00 
 1.89555812e-04  7.46077813e-01  1.89555812e-04  5.40415861e-01  1.89555812e-04  1.26051505e-06  1.89555812e-04  3.22055992e-08  1.89555812e-04  1.57777305e-07  1.89555812e-04  1.20000000e+00  1.89555812e-04  0.00000000e+00 
 1.89655812e-04  7.49074296e-01  1.89655812e-04  5.40554944e-01  1.89655812e-04  1.15497073e-06  1.89655812e-04  6.32822017e-07  1.89655812e-04 -1.52296716e-07  1.89655812e-04  1.20000000e+00  1.89655812e-04  0.00000000e+00 
 1.89755812e-04  7.52070273e-01  1.89755812e-04  5.40417073e-01  1.89755812e-04  1.26051652e-06  1.89755812e-04  3.23590415e-08  1.89755812e-04  1.57791160e-07  1.89755812e-04  1.20000000e+00  1.89755812e-04  0.00000000e+00 
 1.89855812e-04  7.55067894e-01  1.89855812e-04  5.40554498e-01  1.89855812e-04  1.15496927e-06  1.89855812e-04  6.32948770e-07  1.89855812e-04 -1.52289893e-07  1.89855812e-04  1.20000000e+00  1.89855812e-04  0.00000000e+00 
 1.89955812e-04  7.58065010e-01  1.89955812e-04  5.40418325e-01  1.89955812e-04  1.26051798e-06  1.89955812e-04  3.25166100e-08  1.89955812e-04  1.57804972e-07  1.89955812e-04  1.20000000e+00  1.89955812e-04  0.00000000e+00 
 1.90055812e-04  7.61063811e-01  1.90055812e-04  5.40554058e-01  1.90055812e-04  1.15496783e-06  1.90055812e-04  6.33081130e-07  1.90055812e-04 -1.52283075e-07  1.90055812e-04  1.20000000e+00  1.90055812e-04  0.00000000e+00 
 1.90155812e-04  7.64062110e-01  1.90155812e-04  5.40419604e-01  1.90155812e-04  1.26051941e-06  1.90155812e-04  3.26784745e-08  1.90155812e-04  1.57818734e-07  1.90155812e-04  1.20000000e+00  1.90155812e-04  0.00000000e+00 
 1.90255812e-04  7.67062135e-01  1.90255812e-04  5.40553635e-01  1.90255812e-04  1.15496641e-06  1.90255812e-04  6.33219447e-07  1.90255812e-04 -1.52276258e-07  1.90255812e-04  1.20000000e+00  1.90255812e-04  0.00000000e+00 
 1.90355812e-04  7.70061665e-01  1.90355812e-04  5.40420898e-01  1.90355812e-04  1.26052082e-06  1.90355812e-04  3.28448177e-08  1.90355812e-04  1.57832442e-07  1.90355812e-04  1.20000000e+00  1.90355812e-04  0.00000000e+00 
 1.90455812e-04  7.73062963e-01  1.90455812e-04  5.40553242e-01  1.90455812e-04  1.15496501e-06  1.90455812e-04  6.33364048e-07  1.90455812e-04 -1.52269437e-07  1.90455812e-04  1.20000000e+00  1.90455812e-04  0.00000000e+00 
 1.90555812e-04  7.76063771e-01  1.90555812e-04  5.40422198e-01  1.90555812e-04  1.26052220e-06  1.90555812e-04  3.30158227e-08  1.90555812e-04  1.57846091e-07  1.90555812e-04  1.20000000e+00  1.90555812e-04  0.00000000e+00 
 1.90655812e-04  7.79066390e-01  1.90655812e-04  5.40552890e-01  1.90655812e-04  1.15496364e-06  1.90655812e-04  6.33515223e-07  1.90655812e-04 -1.52262607e-07  1.90655812e-04  1.20000000e+00  1.90655812e-04  0.00000000e+00 
 1.90755812e-04  7.82068529e-01  1.90755812e-04  5.40423492e-01  1.90755812e-04  1.26052356e-06  1.90755812e-04  3.31916762e-08  1.90755812e-04  1.57859680e-07  1.90755812e-04  1.20000000e+00  1.90755812e-04  0.00000000e+00 
 1.90855812e-04  7.85072519e-01  1.90855812e-04  5.40552588e-01  1.90855812e-04  1.15496229e-06  1.90855812e-04  6.33673228e-07  1.90855812e-04 -1.52255767e-07  1.90855812e-04  1.20000000e+00  1.90855812e-04  0.00000000e+00 
 1.90955812e-04  7.88076041e-01  1.90955812e-04  5.40424772e-01  1.90955812e-04  1.26052489e-06  1.90955812e-04  3.33725648e-08  1.90955812e-04  1.57873206e-07  1.90955812e-04  1.20000000e+00  1.90955812e-04  0.00000000e+00 
 1.91055812e-04  7.91081456e-01  1.91055812e-04  5.40552347e-01  1.91055812e-04  1.15496097e-06  1.91055812e-04  6.33838270e-07  1.91055812e-04 -1.52248914e-07  1.91055812e-04  1.20000000e+00  1.91055812e-04  0.00000000e+00 
 1.91155812e-04  7.94086414e-01  1.91155812e-04  5.40426029e-01  1.91155812e-04  1.26052621e-06  1.91155812e-04  3.35586619e-08  1.91155812e-04  1.57886669e-07  1.91155812e-04  1.20000000e+00  1.91155812e-04  0.00000000e+00 
 1.91255812e-04  7.97093308e-01  1.91255812e-04  5.40552176e-01  1.91255812e-04  1.15495967e-06  1.91255812e-04  6.34010502e-07  1.91255812e-04 -1.52242048e-07  1.91255812e-04  1.20000000e+00  1.91255812e-04  0.00000000e+00 
 1.91355812e-04  8.00099758e-01  1.91355812e-04  5.40427256e-01  1.91355812e-04  1.26052749e-06  1.91355812e-04  3.37501345e-08  1.91355812e-04  1.57900069e-07  1.91355812e-04  1.20000000e+00  1.91355812e-04  0.00000000e+00 
 1.91455812e-04  8.03108185e-01  1.91455812e-04  5.40552084e-01  1.91455812e-04  1.15495839e-06  1.91455812e-04  6.34190019e-07  1.91455812e-04 -1.52235167e-07  1.91455812e-04  1.20000000e+00  1.91455812e-04  0.00000000e+00 
 1.91555812e-04  8.06116185e-01  1.91555812e-04  5.40428447e-01  1.91555812e-04  1.26052876e-06  1.91555812e-04  3.39471353e-08  1.91555812e-04  1.57913406e-07  1.91555812e-04  1.20000000e+00  1.91555812e-04  0.00000000e+00 
 1.91655812e-04  8.09126200e-01  1.91655812e-04  5.40552080e-01  1.91655812e-04  1.15495714e-06  1.91655812e-04  6.34376859e-07  1.91655812e-04 -1.52228272e-07  1.91655812e-04  1.20000000e+00  1.91655812e-04  0.00000000e+00 
 1.91755812e-04  8.12135805e-01  1.91755812e-04  5.40429598e-01  1.91755812e-04  1.26053001e-06  1.91755812e-04  3.41497984e-08  1.91755812e-04  1.57926681e-07  1.91755812e-04  1.20000000e+00  1.91755812e-04  0.00000000e+00 
 1.91855812e-04  8.15147463e-01  1.91855812e-04  5.40552171e-01  1.91855812e-04  1.15495590e-06  1.91855812e-04  6.34570989e-07  1.91855812e-04 -1.52221365e-07  1.91855812e-04  1.20000000e+00  1.91855812e-04  0.00000000e+00 
 1.91955812e-04  8.18158730e-01  1.91955812e-04  5.40430705e-01  1.91955812e-04  1.26053124e-06  1.91955812e-04  3.43582420e-08  1.91955812e-04  1.57939896e-07  1.91955812e-04  1.20000000e+00  1.91955812e-04  0.00000000e+00 
 1.92055812e-04  8.21172087e-01  1.92055812e-04  5.40552364e-01  1.92055812e-04  1.15495468e-06  1.92055812e-04  6.34772326e-07  1.92055812e-04 -1.52214447e-07  1.92055812e-04  1.20000000e+00  1.92055812e-04  0.00000000e+00 
 1.92155812e-04  8.24185074e-01  1.92155812e-04  5.40431767e-01  1.92155812e-04  1.26053245e-06  1.92155812e-04  3.45725659e-08  1.92155812e-04  1.57953054e-07  1.92155812e-04  1.20000000e+00  1.92155812e-04  0.00000000e+00 
 1.92255812e-04  8.27200183e-01  1.92255812e-04  5.40552666e-01  1.92255812e-04  1.15495348e-06  1.92255812e-04  6.34980738e-07  1.92255812e-04 -1.52207519e-07  1.92255812e-04  1.20000000e+00  1.92255812e-04  0.00000000e+00 
 1.92355812e-04  8.30214945e-01  1.92355812e-04  5.40432782e-01  1.92355812e-04  1.26053365e-06  1.92355812e-04  3.47928629e-08  1.92355812e-04  1.57966157e-07  1.92355812e-04  1.20000000e+00  1.92355812e-04  0.00000000e+00 
 1.92455812e-04  8.33231861e-01  1.92455812e-04  5.40553081e-01  1.92455812e-04  1.15495229e-06  1.92455812e-04  6.35196054e-07  1.92455812e-04 -1.52200584e-07  1.92455812e-04  1.20000000e+00  1.92455812e-04  0.00000000e+00 
 1.92555812e-04  8.36248453e-01  1.92555812e-04  5.40433752e-01  1.92555812e-04  1.26053483e-06  1.92555812e-04  3.50192187e-08  1.92555812e-04  1.57979209e-07  1.92555812e-04  1.20000000e+00  1.92555812e-04  0.00000000e+00 
 1.92655812e-04  8.39267228e-01  1.92655812e-04  5.40553614e-01  1.92655812e-04  1.15495111e-06  1.92655812e-04  6.35418093e-07  1.92655812e-04 -1.52193646e-07  1.92655812e-04  1.20000000e+00  1.92655812e-04  0.00000000e+00 
 1.92755812e-04  8.42285707e-01  1.92755812e-04  5.40434677e-01  1.92755812e-04  1.26053601e-06  1.92755812e-04  3.52517341e-08  1.92755812e-04  1.57992213e-07  1.92755812e-04  1.20000000e+00  1.92755812e-04  0.00000000e+00 
 1.92855812e-04  8.45306393e-01  1.92855812e-04  5.40554267e-01  1.92855812e-04  1.15494994e-06  1.92855812e-04  6.35646679e-07  1.92855812e-04 -1.52186707e-07  1.92855812e-04  1.20000000e+00  1.92855812e-04  0.00000000e+00 
 1.92955812e-04  8.48326811e-01  1.92955812e-04  5.40435561e-01  1.92955812e-04  1.26053717e-06  1.92955812e-04  3.54905347e-08  1.92955812e-04  1.58005173e-07  1.92955812e-04  1.20000000e+00  1.92955812e-04  0.00000000e+00 
 1.93055812e-04  8.51349460e-01  1.93055812e-04  5.40555042e-01  1.93055812e-04  1.15494878e-06  1.93055812e-04  6.35881681e-07  1.93055812e-04 -1.52179770e-07  1.93055812e-04  1.20000000e+00  1.93055812e-04  0.00000000e+00 
 1.93155812e-04  8.54371872e-01  1.93155812e-04  5.40436406e-01  1.93155812e-04  1.26053833e-06  1.93155812e-04  3.57357989e-08  1.93155812e-04  1.58018093e-07  1.93155812e-04  1.20000000e+00  1.93155812e-04  0.00000000e+00 
 1.93255812e-04  8.57396537e-01  1.93255812e-04  5.40555936e-01  1.93255812e-04  1.15494762e-06  1.93255812e-04  6.36123040e-07  1.93255812e-04 -1.52172840e-07  1.93255812e-04  1.20000000e+00  1.93255812e-04  0.00000000e+00 
 1.93355812e-04  8.60420997e-01  1.93355812e-04  5.40437215e-01  1.93355812e-04  1.26053949e-06  1.93355812e-04  3.59877820e-08  1.93355812e-04  1.58030977e-07  1.93355812e-04  1.20000000e+00  1.93355812e-04  0.00000000e+00 
 1.93455812e-04  8.63447733e-01  1.93455812e-04  5.40556949e-01  1.93455812e-04  1.15494647e-06  1.93455812e-04  6.36370815e-07  1.93455812e-04 -1.52165920e-07  1.93455812e-04  1.20000000e+00  1.93455812e-04  0.00000000e+00 
 1.93555812e-04  8.66474298e-01  1.93555812e-04  5.40437992e-01  1.93555812e-04  1.26054064e-06  1.93555812e-04  3.62468486e-08  1.93555812e-04  1.58043830e-07  1.93555812e-04  1.20000000e+00  1.93555812e-04  0.00000000e+00 
 1.93655812e-04  8.69503159e-01  1.93655812e-04  5.40558074e-01  1.93655812e-04  1.15494531e-06  1.93655812e-04  6.36625221e-07  1.93655812e-04 -1.52159014e-07  1.93655812e-04  1.20000000e+00  1.93655812e-04  0.00000000e+00 
 1.93755812e-04  8.72531891e-01  1.93755812e-04  5.40438740e-01  1.93755812e-04  1.26054179e-06  1.93755812e-04  3.65135172e-08  1.93755812e-04  1.58056656e-07  1.93755812e-04  1.20000000e+00  1.93755812e-04  0.00000000e+00 
 1.93855812e-04  8.75562939e-01  1.93855812e-04  5.40559306e-01  1.93855812e-04  1.15494416e-06  1.93855812e-04  6.36886679e-07  1.93855812e-04 -1.52152125e-07  1.93855812e-04  1.20000000e+00  1.93855812e-04  0.00000000e+00 
 1.93955812e-04  8.78593902e-01  1.93955812e-04  5.40439462e-01  1.93955812e-04  1.26054295e-06  1.93955812e-04  3.67884921e-08  1.93955812e-04  1.58069459e-07  1.93955812e-04  1.20000000e+00  1.93955812e-04  0.00000000e+00 
 1.94055812e-04  8.81627205e-01  1.94055812e-04  5.40560637e-01  1.94055812e-04  1.15494300e-06  1.94055812e-04  6.37155861e-07  1.94055812e-04 -1.52145258e-07  1.94055812e-04  1.20000000e+00  1.94055812e-04  0.00000000e+00 
 1.94155812e-04  8.84660472e-01  1.94155812e-04  5.40440162e-01  1.94155812e-04  1.26054411e-06  1.94155812e-04  3.70727218e-08  1.94155812e-04  1.58082244e-07  1.94155812e-04  1.20000000e+00  1.94155812e-04  0.00000000e+00 
 1.94255812e-04  8.87696108e-01  1.94255812e-04  5.40562056e-01  1.94255812e-04  1.15494184e-06  1.94255812e-04  6.37433747e-07  1.94255812e-04 -1.52138415e-07  1.94255812e-04  1.20000000e+00  1.94255812e-04  0.00000000e+00 
 1.94355812e-04  8.90731763e-01  1.94355812e-04  5.40440841e-01  1.94355812e-04  1.26054528e-06  1.94355812e-04  3.73674405e-08  1.94355812e-04  1.58095014e-07  1.94355812e-04  1.20000000e+00  1.94355812e-04  0.00000000e+00 
 1.94455812e-04  8.93769821e-01  1.94455812e-04  5.40563551e-01  1.94455812e-04  1.15494067e-06  1.94455812e-04  6.37721678e-07  1.94455812e-04 -1.52131600e-07  1.94455812e-04  1.20000000e+00  1.94455812e-04  0.00000000e+00 
 1.94555812e-04  8.96807961e-01  1.94555812e-04  5.40441502e-01  1.94555812e-04  1.26054645e-06  1.94555812e-04  3.76742370e-08  1.94555812e-04  1.58107774e-07  1.94555812e-04  1.20000000e+00  1.94555812e-04  0.00000000e+00 
 1.94655812e-04  8.99848546e-01  1.94655812e-04  5.40565110e-01  1.94655812e-04  1.15493949e-06  1.94655812e-04  6.38021406e-07  1.94655812e-04 -1.52124816e-07  1.94655812e-04  1.20000000e+00  1.94655812e-04  0.00000000e+00 
 1.94755812e-04  9.02889287e-01  1.94755812e-04  5.40442146e-01  1.94755812e-04  1.26054764e-06  1.94755812e-04  3.79951055e-08  1.94755812e-04  1.58120527e-07  1.94755812e-04  1.20000000e+00  1.94755812e-04  0.00000000e+00 
 1.94855812e-04  9.05932524e-01  1.94855812e-04  5.40566719e-01  1.94855812e-04  1.15493830e-06  1.94855812e-04  6.38335166e-07  1.94855812e-04 -1.52118066e-07  1.94855812e-04  1.20000000e+00  1.94855812e-04  0.00000000e+00 
 1.94955812e-04  9.08976003e-01  1.94955812e-04  5.40442776e-01  1.94955812e-04  1.26054883e-06  1.94955812e-04  3.83325180e-08  1.94955812e-04  1.58133277e-07  1.94955812e-04  1.20000000e+00  1.94955812e-04  0.00000000e+00 
 1.95055812e-04  9.12022043e-01  1.95055812e-04  5.40568364e-01  1.95055812e-04  1.15493710e-06  1.95055812e-04  6.38665732e-07  1.95055812e-04 -1.52111352e-07  1.95055812e-04  1.20000000e+00  1.95055812e-04  0.00000000e+00 
 1.95155812e-04  9.15068424e-01  1.95155812e-04  5.40443391e-01  1.95155812e-04  1.26055004e-06  1.95155812e-04  3.86894997e-08  1.95155812e-04  1.58146027e-07  1.95155812e-04  1.20000000e+00  1.95155812e-04  0.00000000e+00 
 1.95255812e-04  9.18117446e-01  1.95255812e-04  5.40570031e-01  1.95255812e-04  1.15493589e-06  1.95255812e-04  6.39016493e-07  1.95255812e-04 -1.52104676e-07  1.95255812e-04  1.20000000e+00  1.95255812e-04  0.00000000e+00 
 1.95355812e-04  9.21166926e-01  1.95355812e-04  5.40443994e-01  1.95355812e-04  1.26055125e-06  1.95355812e-04  3.90697043e-08  1.95355812e-04  1.58158779e-07  1.95355812e-04  1.20000000e+00  1.95355812e-04  0.00000000e+00 
 1.95455812e-04  9.24219147e-01  1.95455812e-04  5.40571705e-01  1.95455812e-04  1.15493467e-06  1.95455812e-04  6.39391535e-07  1.95455812e-04 -1.52098039e-07  1.95455812e-04  1.20000000e+00  1.95455812e-04  0.00000000e+00 
 1.95555812e-04  9.27271961e-01  1.95555812e-04  5.40444586e-01  1.95555812e-04  1.26055249e-06  1.95555812e-04  3.94775142e-08  1.95555812e-04  1.58171538e-07  1.95555812e-04  1.20000000e+00  1.95555812e-04  0.00000000e+00 
 1.95655812e-04  9.30327640e-01  1.95655812e-04  5.40573375e-01  1.95655812e-04  1.15493343e-06  1.95655812e-04  6.39795725e-07  1.95655812e-04 -1.52091442e-07  1.95655812e-04  1.20000000e+00  1.95655812e-04  0.00000000e+00 
 1.95755812e-04  9.33384071e-01  1.95755812e-04  5.40445168e-01  1.95755812e-04  1.26055373e-06  1.95755812e-04  3.99181435e-08  1.95755812e-04  1.58184305e-07  1.95755812e-04  1.20000000e+00  1.95755812e-04  0.00000000e+00 
 1.95855812e-04  9.36443517e-01  1.95855812e-04  5.40575030e-01  1.95855812e-04  1.15493218e-06  1.95855812e-04  6.40234836e-07  1.95855812e-04 -1.52084886e-07  1.95855812e-04  1.20000000e+00  1.95855812e-04  0.00000000e+00 
 1.95955812e-04  9.39503901e-01  1.95955812e-04  5.40445741e-01  1.95955812e-04  1.26055499e-06  1.95955812e-04  4.03977616e-08  1.95955812e-04  1.58197082e-07  1.95955812e-04  1.20000000e+00  1.95955812e-04  0.00000000e+00 
 1.96055812e-04  9.42567482e-01  1.96055812e-04  5.40576658e-01  1.96055812e-04  1.15493091e-06  1.96055812e-04  6.40715658e-07  1.96055812e-04 -1.52078371e-07  1.96055812e-04  1.20000000e+00  1.96055812e-04  0.00000000e+00 
 1.96155812e-04  9.45632221e-01  1.96155812e-04  5.40446307e-01  1.96155812e-04  1.26055626e-06  1.96155812e-04  4.09236389e-08  1.96155812e-04  1.58209873e-07  1.96155812e-04  1.20000000e+00  1.96155812e-04  0.00000000e+00 
 1.96255812e-04  9.48700376e-01  1.96255812e-04  5.40578253e-01  1.96255812e-04  1.15492964e-06  1.96255812e-04  6.41246159e-07  1.96255812e-04 -1.52071895e-07  1.96255812e-04  1.20000000e+00  1.96255812e-04  0.00000000e+00 
 1.96355812e-04  9.51769946e-01  1.96355812e-04  5.40446868e-01  1.96355812e-04  1.26055755e-06  1.96355812e-04  4.15043185e-08  1.96355812e-04  1.58222678e-07  1.96355812e-04  1.20000000e+00  1.96355812e-04  0.00000000e+00 
 1.96455812e-04  9.54843195e-01  1.96455812e-04  5.40579807e-01  1.96455812e-04  1.15492834e-06  1.96455812e-04  6.41835670e-07  1.96455812e-04 -1.52065459e-07  1.96455812e-04  1.20000000e+00  1.96455812e-04  0.00000000e+00 
 1.96555812e-04  9.57918160e-01  1.96555812e-04  5.40447427e-01  1.96555812e-04  1.26055885e-06  1.96555812e-04  4.21498199e-08  1.96555812e-04  1.58235500e-07  1.96555812e-04  1.20000000e+00  1.96555812e-04  0.00000000e+00 
 1.96655812e-04  9.60997118e-01  1.96655812e-04  5.40581317e-01  1.96655812e-04  1.15492704e-06  1.96655812e-04  6.42495100e-07  1.96655812e-04 -1.52059059e-07  1.96655812e-04  1.20000000e+00  1.96655812e-04  0.00000000e+00 
 1.96755812e-04  9.64078146e-01  1.96755812e-04  5.40447986e-01  1.96755812e-04  1.26056016e-06  1.96755812e-04  4.28718757e-08  1.96755812e-04  1.58248340e-07  1.96755812e-04  1.20000000e+00  1.96755812e-04  0.00000000e+00 
 1.96855812e-04  9.67163539e-01  1.96855812e-04  5.40582779e-01  1.96855812e-04  1.15492571e-06  1.96855812e-04  6.43237187e-07  1.96855812e-04 -1.52052695e-07  1.96855812e-04  1.20000000e+00  1.96855812e-04  0.00000000e+00 
 1.96955812e-04  9.70251418e-01  1.96955812e-04  5.40448549e-01  1.96955812e-04  1.26056149e-06  1.96955812e-04  4.36842137e-08  1.96955812e-04  1.58261202e-07  1.96955812e-04  1.20000000e+00  1.96955812e-04  0.00000000e+00 
 1.97055812e-04  9.73344101e-01  1.97055812e-04  5.40584193e-01  1.97055812e-04  1.15492438e-06  1.97055812e-04  6.44076813e-07  1.97055812e-04 -1.52046362e-07  1.97055812e-04  1.20000000e+00  1.97055812e-04  0.00000000e+00 
 1.97155812e-04  9.76439759e-01  1.97155812e-04  5.40449120e-01  1.97155812e-04  1.26056283e-06  1.97155812e-04  4.46028958e-08  1.97155812e-04  1.58274086e-07  1.97155812e-04  1.20000000e+00  1.97155812e-04  0.00000000e+00 
 1.97255812e-04  9.79540741e-01  1.97255812e-04  5.40585558e-01  1.97255812e-04  1.15492304e-06  1.97255812e-04  6.45031357e-07  1.97255812e-04 -1.52040056e-07  1.97255812e-04  1.20000000e+00  1.97255812e-04  0.00000000e+00 
 1.97355812e-04  9.82645271e-01  1.97355812e-04  5.40449702e-01  1.97355812e-04  1.26056418e-06  1.97355812e-04  4.56467087e-08  1.97355812e-04  1.58286996e-07  1.97355812e-04  1.20000000e+00  1.97355812e-04  0.00000000e+00 
 1.97455812e-04  9.85755737e-01  1.97455812e-04  5.40586877e-01  1.97455812e-04  1.15492168e-06  1.97455812e-04  6.46121135e-07  1.97455812e-04 -1.52033775e-07  1.97455812e-04  1.20000000e+00  1.97455812e-04  0.00000000e+00 
 1.97555812e-04  9.88870423e-01  1.97555812e-04  5.40450300e-01  1.97555812e-04  1.26056554e-06  1.97555812e-04  4.68376349e-08  1.97555812e-04  1.58299933e-07  1.97555812e-04  1.20000000e+00  1.97555812e-04  0.00000000e+00 
 1.97655812e-04  9.91991766e-01  1.97655812e-04  5.40588153e-01  1.97655812e-04  1.15492032e-06  1.97655812e-04  6.47369897e-07  1.97655812e-04 -1.52027512e-07  1.97655812e-04  1.20000000e+00  1.97655812e-04  0.00000000e+00 
 1.97755812e-04  9.95118116e-01  1.97755812e-04  5.40450919e-01  1.97755812e-04  1.26056691e-06  1.97755812e-04  4.82014052e-08  1.97755812e-04  1.58312902e-07  1.97755812e-04  1.20000000e+00  1.97755812e-04  0.00000000e+00 
 1.97855812e-04  9.98251971e-01  1.97855812e-04  5.40589390e-01  1.97855812e-04  1.15491894e-06  1.97855812e-04  6.48805441e-07  1.97855812e-04 -1.52021262e-07  1.97855812e-04  1.20000000e+00  1.97855812e-04  0.00000000e+00 
 1.97955812e-04  1.00139176e+00  1.97955812e-04  5.40451567e-01  1.97955812e-04  1.26056829e-06  1.97955812e-04  4.97681787e-08  1.97955812e-04  1.58325906e-07  1.97955812e-04  1.20000000e+00  1.97955812e-04  0.00000000e+00 
 1.98055812e-04  1.00454004e+00  1.98055812e-04  5.40590595e-01  1.98055812e-04  1.15491756e-06  1.98055812e-04  6.50460345e-07  1.98055812e-04 -1.52015018e-07  1.98055812e-04  1.20000000e+00  1.98055812e-04  0.00000000e+00 
 1.98155812e-04  1.00769535e+00  1.98155812e-04  5.40452250e-01  1.98155812e-04  1.26056968e-06  1.98155812e-04  5.15733313e-08  1.98155812e-04  1.58338950e-07  1.98155812e-04  1.20000000e+00  1.98155812e-04  0.00000000e+00 
 1.98255812e-04  1.01086032e+00  1.98255812e-04  5.40591774e-01  1.98255812e-04  1.15491616e-06  1.98255812e-04  6.52372840e-07  1.98255812e-04 -1.52008772e-07  1.98255812e-04  1.20000000e+00  1.98255812e-04  0.00000000e+00 
 1.98355812e-04  1.01403358e+00  1.98355812e-04  5.40452975e-01  1.98355812e-04  1.26057108e-06  1.98355812e-04  5.36584477e-08  1.98355812e-04  1.58352039e-07  1.98355812e-04  1.20000000e+00  1.98355812e-04  0.00000000e+00 
 1.98455812e-04  1.01721789e+00  1.98455812e-04  5.40592935e-01  1.98455812e-04  1.15491476e-06  1.98455812e-04  6.54587895e-07  1.98455812e-04 -1.52002514e-07  1.98455812e-04  1.20000000e+00  1.98455812e-04  0.00000000e+00 
 1.98555812e-04  1.02041198e+00  1.98555812e-04  5.40453752e-01  1.98555812e-04  1.26057248e-06  1.98555812e-04  5.60725169e-08  1.98555812e-04  1.58365179e-07  1.98555812e-04  1.20000000e+00  1.98555812e-04  0.00000000e+00 
 1.98655812e-04  1.02361873e+00  1.98655812e-04  5.40594088e-01  1.98655812e-04  1.15491336e-06  1.98655812e-04  6.57158534e-07  1.98655812e-04 -1.51996236e-07  1.98655812e-04  1.20000000e+00  1.98655812e-04  0.00000000e+00 
 1.98755812e-04  1.02683702e+00  1.98755812e-04  5.40454592e-01  1.98755812e-04  1.26057389e-06  1.98755812e-04  5.88734299e-08  1.98755812e-04  1.58378379e-07  1.98755812e-04  1.20000000e+00  1.98755812e-04  0.00000000e+00 
 1.98855812e-04  1.03006987e+00  1.98855812e-04  5.40595244e-01  1.98855812e-04  1.15491194e-06  1.98855812e-04  6.60147506e-07  1.98855812e-04 -1.51989924e-07  1.98855812e-04  1.20000000e+00  1.98855812e-04  0.00000000e+00 
 1.98955812e-04  1.03331632e+00  1.98955812e-04  5.40455507e-01  1.98955812e-04  1.26057530e-06  1.98955812e-04  6.21298575e-08  1.98955812e-04  1.58391647e-07  1.98955812e-04  1.20000000e+00  1.98955812e-04  0.00000000e+00 
 1.99055812e-04  1.03657958e+00  1.99055812e-04  5.40596416e-01  1.99055812e-04  1.15491053e-06  1.99055812e-04  6.63629373e-07  1.99055812e-04 -1.51983566e-07  1.99055812e-04  1.20000000e+00  1.99055812e-04  0.00000000e+00 
 1.99155812e-04  1.03985888e+00  1.99155812e-04  5.40456510e-01  1.99155812e-04  1.26057672e-06  1.99155812e-04  6.59236317e-08  1.99155812e-04  1.58404996e-07  1.99155812e-04  1.20000000e+00  1.99155812e-04  0.00000000e+00 
 1.99255812e-04  1.04315762e+00  1.99255812e-04  5.40597618e-01  1.99255812e-04  1.15490911e-06  1.99255812e-04  6.67693188e-07  1.99255812e-04 -1.51977145e-07  1.99255812e-04  1.20000000e+00  1.99255812e-04  0.00000000e+00 
 1.99355812e-04  1.04647529e+00  1.99355812e-04  5.40457619e-01  1.99355812e-04  1.26057815e-06  1.99355812e-04  7.03528449e-08  1.99355812e-04  1.58418438e-07  1.99355812e-04  1.20000000e+00  1.99355812e-04  0.00000000e+00 
 1.99455812e-04  1.04981554e+00  1.99455812e-04  5.40598867e-01  1.99455812e-04  1.15490768e-06  1.99455812e-04  6.72445981e-07  1.99455812e-04 -1.51970643e-07  1.99455812e-04  1.20000000e+00  1.99455812e-04  0.00000000e+00 
 1.99555812e-04  1.05317849e+00  1.99555812e-04  5.40458775e-01  1.99555812e-04  1.26057957e-06  1.99555812e-04  7.56161181e-08  1.99555812e-04  1.58432007e-07  1.99555812e-04  1.20000000e+00  1.99555812e-04  0.00000000e+00 
 1.99655812e-04  1.05656789e+00  1.99655812e-04  5.40600158e-01  1.99655812e-04  1.15490626e-06  1.99655812e-04  6.78049584e-07  1.99655812e-04 -1.51964037e-07  1.99655812e-04  1.20000000e+00  1.99655812e-04  0.00000000e+00 
 1.99755812e-04  1.05998363e+00  1.99755812e-04  5.40460054e-01  1.99755812e-04  1.26058100e-06  1.99755812e-04  8.16845956e-08  1.99755812e-04  1.58445691e-07  1.99755812e-04  1.20000000e+00  1.99755812e-04  0.00000000e+00 
 1.99855812e-04  1.06343027e+00  1.99855812e-04  5.40601752e-01  1.99855812e-04  1.15490482e-06  1.99855812e-04  6.84628753e-07  1.99855812e-04 -1.51957306e-07  1.99855812e-04  1.20000000e+00  1.99855812e-04  0.00000000e+00 
 1.99955812e-04  1.06690814e+00  1.99955812e-04  5.40461367e-01  1.99955812e-04  1.26058242e-06  1.99955812e-04  8.88319065e-08  1.99955812e-04  1.58459532e-07  1.99955812e-04  1.20000000e+00  1.99955812e-04  0.00000000e+00 
 2.00055812e-04  1.07042224e+00  2.00055812e-04  5.40603552e-01  2.00055812e-04  1.15490340e-06  2.00055812e-04  6.92381581e-07  2.00055812e-04 -1.51950422e-07  2.00055812e-04  1.20000000e+00  2.00055812e-04  0.00000000e+00 
 2.00155812e-04  1.07397347e+00  2.00155812e-04  5.40462827e-01  2.00155812e-04  1.26058386e-06  2.00155812e-04  9.72768559e-08  2.00155812e-04  1.58473560e-07  2.00155812e-04  1.20000000e+00  2.00155812e-04  0.00000000e+00 
 2.00255812e-04  1.07756736e+00  2.00255812e-04  5.40605539e-01  2.00255812e-04  1.15490196e-06  2.00255812e-04  7.01554394e-07  2.00255812e-04 -1.51943353e-07  2.00255812e-04  1.20000000e+00  2.00255812e-04  0.00000000e+00 
 2.00355812e-04  1.08120552e+00  2.00355812e-04  5.40464498e-01  2.00355812e-04  1.26058529e-06  2.00355812e-04  1.07293537e-07  2.00355812e-04  1.58487813e-07  2.00355812e-04  1.20000000e+00  2.00355812e-04  0.00000000e+00 
 2.00455812e-04  1.08489421e+00  2.00455812e-04  5.40607738e-01  2.00455812e-04  1.15490052e-06  2.00455812e-04  7.12458993e-07  2.00455812e-04 -1.51936060e-07  2.00455812e-04  1.20000000e+00  2.00455812e-04  0.00000000e+00 
 2.00555812e-04  1.08863588e+00  2.00555812e-04  5.40466414e-01  2.00555812e-04  1.26058673e-06  2.00555812e-04  1.19229318e-07  2.00555812e-04  1.58502337e-07  2.00555812e-04  1.20000000e+00  2.00555812e-04  0.00000000e+00 
 2.00655812e-04  1.09243775e+00  2.00655812e-04  5.40610208e-01  2.00655812e-04  1.15489908e-06  2.00655812e-04  7.25494899e-07  2.00655812e-04 -1.51928492e-07  2.00655812e-04  1.20000000e+00  2.00655812e-04  0.00000000e+00 
 2.00755812e-04  1.09630334e+00  2.00755812e-04  5.40468579e-01  2.00755812e-04  1.26058818e-06  2.00755812e-04  1.33528641e-07  2.00755812e-04  1.58517185e-07  2.00755812e-04  1.20000000e+00  2.00755812e-04  0.00000000e+00 
 2.00855812e-04  1.10024116e+00  2.00855812e-04  5.40613036e-01  2.00855812e-04  1.15489763e-06  2.00855812e-04  7.41179698e-07  2.00855812e-04 -1.51920591e-07  2.00855812e-04  1.20000000e+00  2.00855812e-04  0.00000000e+00 
 2.00955812e-04  1.10425601e+00  2.00955812e-04  5.40470958e-01  2.00955812e-04  1.26058963e-06  2.00955812e-04  1.50762273e-07  2.00955812e-04  1.58532426e-07  2.00955812e-04  1.20000000e+00  2.00955812e-04  0.00000000e+00 
 2.01055812e-04  1.10835820e+00  2.01055812e-04  5.40616329e-01  2.01055812e-04  1.15489617e-06  2.01055812e-04  7.60187646e-07  2.01055812e-04 -1.51912283e-07  2.01055812e-04  1.20000000e+00  2.01055812e-04  0.00000000e+00 
 2.01155812e-04  1.11255339e+00  2.01155812e-04  5.40474077e-01  2.01155812e-04  1.26059108e-06  2.01155812e-04  1.71516772e-07  2.01155812e-04  1.58548128e-07  2.01155812e-04  1.20000000e+00  2.01155812e-04  0.00000000e+00 
 2.01255812e-04  1.11685279e+00  2.01255812e-04  5.40618662e-01  2.01255812e-04  1.15489471e-06  2.01255812e-04  7.82918848e-07  2.01255812e-04 -1.51903474e-07  2.01255812e-04  1.20000000e+00  2.01255812e-04  0.00000000e+00 
 2.01355812e-04  1.12126822e+00  2.01355812e-04  5.40478670e-01  2.01355812e-04  1.26059254e-06  2.01355812e-04  1.97317988e-07  2.01355812e-04  1.58564407e-07  2.01355812e-04  1.20000000e+00  2.01355812e-04  0.00000000e+00 
 2.01455812e-04  1.12581165e+00  2.01455812e-04  5.40620294e-01  2.01455812e-04  1.15489326e-06  2.01455812e-04  8.10907231e-07  2.01455812e-04 -1.51894020e-07  2.01455812e-04  1.20000000e+00  2.01455812e-04  0.00000000e+00 
 2.01555812e-04  1.13049466e+00  2.01555812e-04  5.40481265e-01  2.01555812e-04  1.26059398e-06  2.01555812e-04  2.28323650e-07  2.01555812e-04  1.58581381e-07  2.01555812e-04  1.20000000e+00  2.01555812e-04  0.00000000e+00 
 2.01655812e-04  1.13533435e+00  2.01655812e-04  5.40622663e-01  2.01655812e-04  1.15489182e-06  2.01655812e-04  8.45195878e-07  2.01655812e-04 -1.51883803e-07  2.01655812e-04  1.20000000e+00  2.01655812e-04  0.00000000e+00 
 2.01755812e-04  1.14034476e+00  2.01755812e-04  5.40484159e-01  2.01755812e-04  1.26059541e-06  2.01755812e-04  2.66199508e-07  2.01755812e-04  1.58599177e-07  2.01755812e-04  1.20000000e+00  2.01755812e-04  0.00000000e+00 
 2.01855812e-04  1.14552779e+00  2.01855812e-04  5.40618615e-01  2.01855812e-04  1.15489041e-06  2.01855812e-04  8.83081759e-07  2.01855812e-04 -1.51872630e-07  2.01855812e-04  1.20000000e+00  2.01855812e-04  0.00000000e+00 
 2.01955812e-04  1.15088450e+00  2.01955812e-04  5.40481351e-01  2.01955812e-04  1.26059681e-06  2.01955812e-04  3.04792245e-07  2.01955812e-04  1.58617860e-07  2.01955812e-04  1.20000000e+00  2.01955812e-04  0.00000000e+00 
 2.02055812e-04  1.15638828e+00  2.02055812e-04  5.40603496e-01  2.02055812e-04  1.15488905e-06  2.02055812e-04  9.15470447e-07  2.02055812e-04 -1.51860490e-07  2.02055812e-04  1.20000000e+00  2.02055812e-04  0.00000000e+00 
 2.02155812e-04  1.16197970e+00  2.02155812e-04  5.40460848e-01  2.02155812e-04  1.26059818e-06  2.02155812e-04  3.24716087e-07  2.02155812e-04  1.58637210e-07  2.02155812e-04  1.20000000e+00  2.02155812e-04  0.00000000e+00 
 2.02255812e-04  1.16753873e+00  2.02255812e-04  5.40564435e-01  2.02255812e-04  1.15488776e-06  2.02255812e-04  9.08700861e-07  2.02255812e-04 -1.51847919e-07  2.02255812e-04  1.20000000e+00  2.02255812e-04  0.00000000e+00 
 2.02355812e-04  1.17289862e+00  2.02355812e-04  5.40413668e-01  2.02355812e-04  1.26059951e-06  2.02355812e-04  2.81868097e-07  2.02355812e-04  1.58656148e-07  2.02355812e-04  1.20000000e+00  2.02355812e-04  0.00000000e+00 
 2.02455812e-04  1.17786249e+00  2.02455812e-04  5.40503406e-01  2.02455812e-04  1.15488655e-06  2.02455812e-04  8.22005588e-07  2.02455812e-04 -1.51836516e-07  2.02455812e-04  1.20000000e+00  2.02455812e-04  0.00000000e+00 
 2.02555812e-04  1.18227090e+00  2.02555812e-04  5.40354484e-01  2.02555812e-04  1.26060082e-06  2.02555812e-04  1.60302818e-07  2.02555812e-04  1.58672706e-07  2.02555812e-04  1.20000000e+00  2.02555812e-04  0.00000000e+00 
 2.02655812e-04  1.18602830e+00  2.02655812e-04  5.40388424e-01  2.02655812e-04  1.15488612e-06  2.02655812e-04  6.78517403e-07  2.02655812e-04 -1.51827937e-07  2.02655812e-04  1.20000000e+00  2.02655812e-04  0.00000000e+00 
 2.02755812e-04  1.18911821e+00  2.02755812e-04  5.40030737e-01  2.02755812e-04  1.26060392e-06  2.02755812e-04  1.34072290e-08  2.02755812e-04  1.58686105e-07  2.02755812e-04  1.20000000e+00  2.02755812e-04  0.00000000e+00 
 2.02855812e-04  1.19158606e+00  2.02855812e-04  5.40186400e-01  2.02855812e-04  1.15488328e-06  2.02855812e-04  5.40713072e-07  2.02855812e-04 -1.51824437e-07  2.02855812e-04  1.20000000e+00  2.02855812e-04  0.00000000e+00 
 2.02955812e-04  1.19351798e+00  2.02955812e-04  5.40162838e-01  2.02955812e-04  1.26060526e-06  2.02955812e-04 -1.04916789e-07  2.02955812e-04  1.58695623e-07  2.02955812e-04  1.20000000e+00  2.02955812e-04  0.00000000e+00 
 2.03055812e-04  1.19501512e+00  2.03055812e-04  5.40367175e-01  2.03055812e-04  1.15488120e-06  2.03055812e-04  4.44065652e-07  2.03055812e-04 -1.51822948e-07  2.03055812e-04  1.20000000e+00  2.03055812e-04  0.00000000e+00 
 2.03155812e-04  1.19616598e+00  2.03155812e-04  5.40328542e-01  2.03155812e-04  1.26060649e-06  2.03155812e-04 -1.81352740e-07  2.03155812e-04  1.58702729e-07  2.03155812e-04  1.20000000e+00  2.03155812e-04  0.00000000e+00 
 2.03255812e-04  1.19704879e+00  2.03255812e-04  5.40479678e-01  2.03255812e-04  1.15487967e-06  2.03255812e-04  3.84316502e-07  2.03255812e-04 -1.51823192e-07  2.03255812e-04  1.20000000e+00  2.03255812e-04  0.00000000e+00 
 2.03355812e-04  1.19772247e+00  2.03355812e-04  5.40394048e-01  2.03355812e-04  1.26060768e-06  2.03355812e-04 -2.27410509e-07  2.03355812e-04  1.58708128e-07  2.03355812e-04  1.20000000e+00  2.03355812e-04  0.00000000e+00 
 2.03455812e-04  1.19823769e+00  2.03455812e-04  5.40510384e-01  2.03455812e-04  1.15487844e-06  2.03455812e-04  3.48854329e-07  2.03455812e-04 -1.51824566e-07  2.03455812e-04  1.20000000e+00  2.03455812e-04  0.00000000e+00 
 2.03555812e-04  1.19862920e+00  2.03555812e-04  5.40413208e-01  2.03555812e-04  1.26060878e-06  2.03555812e-04 -2.54530465e-07  2.03555812e-04  1.58712433e-07  2.03555812e-04  1.20000000e+00  2.03555812e-04  0.00000000e+00 
 2.03655812e-04  1.19892850e+00  2.03655812e-04  5.40518336e-01  2.03655812e-04  1.15487735e-06  2.03655812e-04  3.28080122e-07  2.03655812e-04 -1.51826528e-07  2.03655812e-04  1.20000000e+00  2.03655812e-04  0.00000000e+00 
 2.03755812e-04  1.19915524e+00  2.03755812e-04  5.40419797e-01  2.03755812e-04  1.26060980e-06  2.03755812e-04 -2.70304397e-07  2.03755812e-04  1.58716061e-07  2.03755812e-04  1.20000000e+00  2.03755812e-04  0.00000000e+00 
 2.03855812e-04  1.19932896e+00  2.03855812e-04  5.40521526e-01  2.03855812e-04  1.15487636e-06  2.03855812e-04  3.15995990e-07  2.03855812e-04 -1.51828790e-07  2.03855812e-04  1.20000000e+00  2.03855812e-04  0.00000000e+00 
 2.03955812e-04  1.19946003e+00  2.03955812e-04  5.40423436e-01  2.03955812e-04  1.26061075e-06  2.03955812e-04 -2.79444862e-07  2.03955812e-04  1.58719270e-07  2.03955812e-04  1.20000000e+00  2.03955812e-04  0.00000000e+00 
 2.04055812e-04  1.19956088e+00  2.04055812e-04  5.40523023e-01  2.04055812e-04  1.15487543e-06  2.04055812e-04  3.08974587e-07  2.04055812e-04 -1.51831191e-07  2.04055812e-04  1.20000000e+00  2.04055812e-04  0.00000000e+00 
 2.04155812e-04  1.19963650e+00  2.04155812e-04  5.40425602e-01  2.04155812e-04  1.26061166e-06  2.04155812e-04 -2.84727993e-07  2.04155812e-04  1.58722204e-07  2.04155812e-04  1.20000000e+00  2.04155812e-04  0.00000000e+00 
 2.04255812e-04  1.19969514e+00  2.04255812e-04  5.40523694e-01  2.04255812e-04  1.15487453e-06  2.04255812e-04  3.04893515e-07  2.04255812e-04 -1.51833643e-07  2.04255812e-04  1.20000000e+00  2.04255812e-04  0.00000000e+00 
 2.04355812e-04  1.19973863e+00  2.04355812e-04  5.40426953e-01  2.04355812e-04  1.26061253e-06  2.04355812e-04 -2.87773432e-07  2.04355812e-04  1.58724952e-07  2.04355812e-04  1.20000000e+00  2.04355812e-04  0.00000000e+00 
 2.04455812e-04  1.19977282e+00  2.04455812e-04  5.40523949e-01  2.04455812e-04  1.15487367e-06  2.04455812e-04  3.02517291e-07  2.04455812e-04 -1.51836101e-07  2.04455812e-04  1.20000000e+00  2.04455812e-04  0.00000000e+00 
 2.04555812e-04  1.19979772e+00  2.04555812e-04  5.40427832e-01  2.04555812e-04  1.26061338e-06  2.04555812e-04 -2.89522518e-07  2.04555812e-04  1.58727570e-07  2.04555812e-04  1.20000000e+00  2.04555812e-04  0.00000000e+00 
 2.04655812e-04  1.19981777e+00  2.04655812e-04  5.40523995e-01  2.04655812e-04  1.15487283e-06  2.04655812e-04  3.01128692e-07  2.04655812e-04 -1.51838539e-07  2.04655812e-04  1.20000000e+00  2.04655812e-04  0.00000000e+00 
 2.04755812e-04  1.19983191e+00  2.04755812e-04  5.40428424e-01  2.04755812e-04  1.26061420e-06  2.04755812e-04 -2.90521223e-07  2.04755812e-04  1.58730091e-07  2.04755812e-04  1.20000000e+00  2.04755812e-04  0.00000000e+00 
 2.04855812e-04  1.19984377e+00  2.04855812e-04  5.40523943e-01  2.04855812e-04  1.15487201e-06  2.04855812e-04  3.00311986e-07  2.04855812e-04 -1.51840948e-07  2.04855812e-04  1.20000000e+00  2.04855812e-04  0.00000000e+00 
 2.04927911e-04  1.19984952e+00  2.04927911e-04  5.40428859e-01  2.04927911e-04  1.26061517e-06  2.04927911e-04 -2.91014198e-07  2.04927911e-04  1.58733000e-07  2.04927911e-04  1.20000000e+00  2.04927911e-04  0.00000000e+00 
 2.05000010e-04  1.19985538e+00  2.05000010e-04  5.40523748e-01  2.05000010e-04  1.15487090e-06  2.05000010e-04  2.99917896e-07  2.05000010e-04 -1.51844246e-07  2.05000010e-04  1.20000000e+00  2.05000010e-04  0.00000000e+00 
 2.05000011e-04  1.19984190e+00  2.05000011e-04  5.38082313e-01  2.05000011e-04  1.80597111e-06  2.05000011e-04 -1.02970139e-05  2.05000011e-04  1.70797969e-06  2.05000011e-04  1.08000001e+00  2.05000011e-04  0.00000000e+00 
 2.05000013e-04  1.19981142e+00  2.05000013e-04  5.33093022e-01  2.05000013e-04  1.87915205e-06  2.05000013e-04 -9.98650623e-06  2.05000013e-04  1.97517845e-06  2.05000013e-04  8.40000000e-01  2.05000013e-04  0.00000000e+00 
 2.05000016e-04  1.19974650e+00  2.05000016e-04  5.24363682e-01  2.05000016e-04  1.82424722e-06  2.05000016e-04 -5.15641850e-06  2.05000016e-04  1.72077056e-06  2.05000016e-04  4.20000001e-01  2.05000016e-04  0.00000000e+00 
 2.05000020e-04  1.19968336e+00  2.05000020e-04  5.18678675e-01  2.05000020e-04  1.45689134e-06  2.05000020e-04  2.32552647e-06  2.05000020e-04  6.96952322e-07  2.05000020e-04  0.00000000e+00  2.05000020e-04  0.00000000e+00 
 2.05000021e-04  1.19968174e+00  2.05000021e-04  5.19138806e-01  2.05000021e-04  1.07472876e-06  2.05000021e-04  3.82230935e-06  2.05000021e-04 -4.31043293e-07  2.05000021e-04  0.00000000e+00  2.05000021e-04  0.00000000e+00 
 2.05000022e-04  1.19967988e+00  2.05000022e-04  5.20102535e-01  2.05000022e-04  1.02154039e-06  2.05000022e-04  5.14275998e-06  2.05000022e-04 -6.43925717e-07  2.05000022e-04  0.00000000e+00  2.05000022e-04  0.00000000e+00 
 2.05000025e-04  1.19967723e+00  2.05000025e-04  5.21872316e-01  2.05000025e-04  1.09427634e-06  2.05000025e-04  4.87930991e-06  2.05000025e-04 -3.64537927e-07  2.05000025e-04  0.00000000e+00  2.05000025e-04  0.00000000e+00 
 2.05000030e-04  1.19967374e+00  2.05000030e-04  5.24970861e-01  2.05000030e-04  1.05850261e-06  2.05000030e-04  5.93428489e-06  2.05000030e-04 -4.95310352e-07  2.05000030e-04  0.00000000e+00  2.05000030e-04  0.00000000e+00 
 2.05000041e-04  1.19967350e+00  2.05000041e-04  5.30161866e-01  2.05000041e-04  1.12992907e-06  2.05000041e-04  4.59761486e-06  2.05000041e-04 -2.15541745e-07  2.05000041e-04  0.00000000e+00  2.05000041e-04  0.00000000e+00 
 2.05000063e-04  1.19968923e+00  2.05000063e-04  5.37653736e-01  2.05000063e-04  1.11393199e-06  2.05000063e-04  2.88360639e-06  2.05000063e-04 -2.81389718e-07  2.05000063e-04  0.00000000e+00  2.05000063e-04  0.00000000e+00 
 2.05000106e-04  1.19975831e+00  2.05000106e-04  5.46526928e-01  2.05000106e-04  1.18845393e-06  2.05000106e-04 -1.06275342e-06  2.05000106e-04 -5.53487198e-09  2.05000106e-04  0.00000000e+00  2.05000106e-04  0.00000000e+00 
 2.05000193e-04  1.19993670e+00  2.05000193e-04  5.53871486e-01  2.05000193e-04  1.16873845e-06  2.05000193e-04 -3.60979806e-06  2.05000193e-04 -1.06731540e-07  2.05000193e-04  0.00000000e+00  2.05000193e-04  0.00000000e+00 
 2.05000309e-04  1.20013588e+00  2.05000309e-04  5.56979589e-01  2.05000309e-04  1.22221743e-06  2.05000309e-04 -5.86260008e-06  2.05000309e-04  7.94111053e-08  2.05000309e-04  0.00000000e+00  2.05000309e-04  0.00000000e+00 
 2.05000538e-04  1.20024038e+00  2.05000538e-04  5.45584492e-01  2.05000538e-04  1.22143955e-06  2.05000538e-04 -2.96395540e-06  2.05000538e-04  4.57206058e-09  2.05000538e-04  0.00000000e+00  2.05000538e-04  0.00000000e+00 
 2.05000762e-04  1.20024054e+00  2.05000762e-04  5.39635429e-01  2.05000762e-04  1.21600862e-06  2.05000762e-04 -4.84056606e-07  2.05000762e-04  4.22024402e-08  2.05000762e-04  0.00000000e+00  2.05000762e-04  0.00000000e+00 
 2.05001028e-04  1.20024059e+00  2.05001028e-04  5.39098158e-01  2.05001028e-04  1.20253169e-06  2.05001028e-04 -2.34238906e-07  2.05001028e-04 -3.31743300e-08  2.05001028e-04  0.00000000e+00  2.05001028e-04  0.00000000e+00 
 2.05001380e-04  1.20024025e+00  2.05001380e-04  5.39279584e-01  2.05001380e-04  1.21236395e-06  2.05001380e-04  1.07960516e-07  2.05001380e-04  3.79611155e-08  2.05001380e-04  0.00000000e+00  2.05001380e-04  0.00000000e+00 
 2.05002084e-04  1.20023906e+00  2.05002084e-04  5.39610695e-01  2.05002084e-04  1.20257881e-06  2.05002084e-04 -1.24268579e-07  2.05002084e-04 -3.25754598e-08  2.05002084e-04  0.00000000e+00  2.05002084e-04  0.00000000e+00 
 2.05003491e-04  1.20023653e+00  2.05003491e-04  5.39978190e-01  2.05003491e-04  1.21257280e-06  2.05003491e-04  1.18295617e-07  2.05003491e-04  3.86084028e-08  2.05003491e-04  0.00000000e+00  2.05003491e-04  0.00000000e+00 
 2.05006305e-04  1.20023183e+00  2.05006305e-04  5.40216761e-01  2.05006305e-04  1.20281284e-06  2.05006305e-04 -1.20511437e-07  2.05006305e-04 -3.19431137e-08  2.05006305e-04  0.00000000e+00  2.05006305e-04  0.00000000e+00 
 2.05011932e-04  1.20022388e+00  2.05011932e-04  5.40368375e-01  2.05011932e-04  1.21264373e-06  2.05011932e-04  1.19965166e-07  2.05011932e-04  3.88066308e-08  2.05011932e-04  0.00000000e+00  2.05011932e-04  0.00000000e+00 
 2.05023188e-04  1.20021159e+00  2.05023188e-04  5.40435945e-01  2.05023188e-04  1.20284068e-06  2.05023188e-04 -1.20135237e-07  2.05023188e-04 -3.19070608e-08  2.05023188e-04  0.00000000e+00  2.05023188e-04  0.00000000e+00 
 2.05045699e-04  1.20019554e+00  2.05045699e-04  5.40480940e-01  2.05045699e-04  1.21264550e-06  2.05045699e-04  1.20108976e-07  2.05045699e-04  3.87955339e-08  2.05045699e-04  0.00000000e+00  2.05045699e-04  0.00000000e+00 
 2.05090722e-04  1.20017629e+00  2.05090722e-04  5.40461377e-01  2.05090722e-04  1.20284177e-06  2.05090722e-04 -1.20103531e-07  2.05090722e-04 -3.19027574e-08  2.05090722e-04  0.00000000e+00  2.05090722e-04  0.00000000e+00 
 2.05180767e-04  1.20014656e+00  2.05180767e-04  5.40488008e-01  2.05180767e-04  1.21264453e-06  2.05180767e-04  1.20106530e-07  2.05180767e-04  3.87932898e-08  2.05180767e-04  0.00000000e+00  2.05180767e-04  0.00000000e+00 
 2.05280767e-04  1.20011357e+00  2.05280767e-04  5.40466195e-01  2.05280767e-04  1.20284238e-06  2.05280767e-04 -1.20099638e-07  2.05280767e-04 -3.19014463e-08  2.05280767e-04  0.00000000e+00  2.05280767e-04  0.00000000e+00 
 2.05380767e-04  1.20008059e+00  2.05380767e-04  5.40488331e-01  2.05380767e-04  1.21264396e-06  2.05380767e-04  1.20104766e-07  2.05380767e-04  3.87918841e-08  2.05380767e-04  0.00000000e+00  2.05380767e-04  0.00000000e+00 
 2.05480767e-04  1.20004760e+00  2.05480767e-04  5.40466579e-01  2.05480767e-04  1.20284294e-06  2.05480767e-04 -1.20097421e-07  2.05480767e-04 -3.19002266e-08  2.05480767e-04  0.00000000e+00  2.05480767e-04  0.00000000e+00 
 2.05580767e-04  1.20001462e+00  2.05580767e-04  5.40488126e-01  2.05580767e-04  1.21264340e-06  2.05580767e-04  1.20102946e-07  2.05580767e-04  3.87904813e-08  2.05580767e-04  0.00000000e+00  2.05580767e-04  0.00000000e+00 
 2.05680767e-04  1.19998164e+00  2.05680767e-04  5.40466751e-01  2.05680767e-04  1.20284349e-06  2.05680767e-04 -1.20095156e-07  2.05680767e-04 -3.18990118e-08  2.05680767e-04  0.00000000e+00  2.05680767e-04  0.00000000e+00 
 2.05780767e-04  1.19994867e+00  2.05780767e-04  5.40488004e-01  2.05780767e-04  1.21264286e-06  2.05780767e-04  1.20101000e-07  2.05780767e-04  3.87890833e-08  2.05780767e-04  0.00000000e+00  2.05780767e-04  0.00000000e+00 
 2.05880767e-04  1.19991569e+00  2.05880767e-04  5.40466853e-01  2.05880767e-04  1.20284403e-06  2.05880767e-04 -1.20092731e-07  2.05880767e-04 -3.18978017e-08  2.05880767e-04  0.00000000e+00  2.05880767e-04  0.00000000e+00 
 2.05980767e-04  1.19988273e+00  2.05980767e-04  5.40487933e-01  2.05980767e-04  1.21264232e-06  2.05980767e-04  1.20098869e-07  2.05980767e-04  3.87876899e-08  2.05980767e-04  0.00000000e+00  2.05980767e-04  0.00000000e+00 
 2.06080767e-04  1.19984975e+00  2.06080767e-04  5.40466916e-01  2.06080767e-04  1.20284457e-06  2.06080767e-04 -1.20090103e-07  2.06080767e-04 -3.18965961e-08  2.06080767e-04  0.00000000e+00  2.06080767e-04  0.00000000e+00 
 2.06180767e-04  1.19981680e+00  2.06180767e-04  5.40487891e-01  2.06180767e-04  1.21264178e-06  2.06180767e-04  1.20096521e-07  2.06180767e-04  3.87863008e-08  2.06180767e-04  0.00000000e+00  2.06180767e-04  0.00000000e+00 
 2.06280767e-04  1.19978383e+00  2.06280767e-04  5.40466957e-01  2.06280767e-04  1.20284510e-06  2.06280767e-04 -1.20087251e-07  2.06280767e-04 -3.18953946e-08  2.06280767e-04  0.00000000e+00  2.06280767e-04  0.00000000e+00 
 2.06380767e-04  1.19975088e+00  2.06380767e-04  5.40487866e-01  2.06380767e-04  1.21264125e-06  2.06380767e-04  1.20093941e-07  2.06380767e-04  3.87849158e-08  2.06380767e-04  0.00000000e+00  2.06380767e-04  0.00000000e+00 
 2.06480767e-04  1.19971791e+00  2.06480767e-04  5.40466986e-01  2.06480767e-04  1.20284563e-06  2.06480767e-04 -1.20084163e-07  2.06480767e-04 -3.18941969e-08  2.06480767e-04  0.00000000e+00  2.06480767e-04  0.00000000e+00 
 2.06580767e-04  1.19968497e+00  2.06580767e-04  5.40487850e-01  2.06580767e-04  1.21264072e-06  2.06580767e-04  1.20091121e-07  2.06580767e-04  3.87835342e-08  2.06580767e-04  0.00000000e+00  2.06580767e-04  0.00000000e+00 
 2.06680767e-04  1.19965201e+00  2.06680767e-04  5.40467006e-01  2.06680767e-04  1.20284616e-06  2.06680767e-04 -1.20080834e-07  2.06680767e-04 -3.18930025e-08  2.06680767e-04  0.00000000e+00  2.06680767e-04  0.00000000e+00 
 2.06780767e-04  1.19961908e+00  2.06780767e-04  5.40487841e-01  2.06780767e-04  1.21264020e-06  2.06780767e-04  1.20088059e-07  2.06780767e-04  3.87821560e-08  2.06780767e-04  0.00000000e+00  2.06780767e-04  0.00000000e+00 
 2.06880767e-04  1.19958612e+00  2.06880767e-04  5.40467022e-01  2.06880767e-04  1.20284668e-06  2.06880767e-04 -1.20077262e-07  2.06880767e-04 -3.18918111e-08  2.06880767e-04  0.00000000e+00  2.06880767e-04  0.00000000e+00 
 2.06980767e-04  1.19955319e+00  2.06980767e-04  5.40487836e-01  2.06980767e-04  1.21263968e-06  2.06980767e-04  1.20084754e-07  2.06980767e-04  3.87807806e-08  2.06980767e-04  0.00000000e+00  2.06980767e-04  0.00000000e+00 
 2.07080767e-04  1.19952025e+00  2.07080767e-04  5.40467034e-01  2.07080767e-04  1.20284720e-06  2.07080767e-04 -1.20073448e-07  2.07080767e-04 -3.18906225e-08  2.07080767e-04  0.00000000e+00  2.07080767e-04  0.00000000e+00 
 2.07180767e-04  1.19948732e+00  2.07180767e-04  5.40487834e-01  2.07180767e-04  1.21263917e-06  2.07180767e-04  1.20081206e-07  2.07180767e-04  3.87794078e-08  2.07180767e-04  0.00000000e+00  2.07180767e-04  0.00000000e+00 
 2.07280767e-04  1.19945438e+00  2.07280767e-04  5.40467043e-01  2.07280767e-04  1.20284771e-06  2.07280767e-04 -1.20069394e-07  2.07280767e-04 -3.18894363e-08  2.07280767e-04  0.00000000e+00  2.07280767e-04  0.00000000e+00 
 2.07380767e-04  1.19942146e+00  2.07380767e-04  5.40487834e-01  2.07380767e-04  1.21263865e-06  2.07380767e-04  1.20077417e-07  2.07380767e-04  3.87780373e-08  2.07380767e-04  0.00000000e+00  2.07380767e-04  0.00000000e+00 
 2.07480767e-04  1.19938853e+00  2.07480767e-04  5.40467051e-01  2.07480767e-04  1.20284823e-06  2.07480767e-04 -1.20065100e-07  2.07480767e-04 -3.18882523e-08  2.07480767e-04  0.00000000e+00  2.07480767e-04  0.00000000e+00 
 2.07580767e-04  1.19935561e+00  2.07580767e-04  5.40487836e-01  2.07580767e-04  1.21263814e-06  2.07580767e-04  1.20073390e-07  2.07580767e-04  3.87766690e-08  2.07580767e-04  0.00000000e+00  2.07580767e-04  0.00000000e+00 
 2.07680767e-04  1.19932268e+00  2.07680767e-04  5.40467057e-01  2.07680767e-04  1.20284874e-06  2.07680767e-04 -1.20060569e-07  2.07680767e-04 -3.18870702e-08  2.07680767e-04  0.00000000e+00  2.07680767e-04  0.00000000e+00 
 2.07780767e-04  1.19928978e+00  2.07780767e-04  5.40487839e-01  2.07780767e-04  1.21263763e-06  2.07780767e-04  1.20069126e-07  2.07780767e-04  3.87753025e-08  2.07780767e-04  0.00000000e+00  2.07780767e-04  0.00000000e+00 
 2.07880767e-04  1.19925685e+00  2.07880767e-04  5.40467062e-01  2.07880767e-04  1.20284924e-06  2.07880767e-04 -1.20055804e-07  2.07880767e-04 -3.18858900e-08  2.07880767e-04  0.00000000e+00  2.07880767e-04  0.00000000e+00 
 2.07980767e-04  1.19922395e+00  2.07980767e-04  5.40487844e-01  2.07980767e-04  1.21263712e-06  2.07980767e-04  1.20064629e-07  2.07980767e-04  3.87739378e-08  2.07980767e-04  0.00000000e+00  2.07980767e-04  0.00000000e+00 
 2.08080767e-04  1.19919104e+00  2.08080767e-04  5.40467066e-01  2.08080767e-04  1.20284975e-06  2.08080767e-04 -1.20050807e-07  2.08080767e-04 -3.18847114e-08  2.08080767e-04  0.00000000e+00  2.08080767e-04  0.00000000e+00 
 2.08180767e-04  1.19915814e+00  2.08180767e-04  5.40487849e-01  2.08180767e-04  1.21263662e-06  2.08180767e-04  1.20059901e-07  2.08180767e-04  3.87725746e-08  2.08180767e-04  0.00000000e+00  2.08180767e-04  0.00000000e+00 
 2.08280767e-04  1.19912523e+00  2.08280767e-04  5.40467069e-01  2.08280767e-04  1.20285025e-06  2.08280767e-04 -1.20045582e-07  2.08280767e-04 -3.18835342e-08  2.08280767e-04  0.00000000e+00  2.08280767e-04  0.00000000e+00 
 2.08380767e-04  1.19909234e+00  2.08380767e-04  5.40487855e-01  2.08380767e-04  1.21263611e-06  2.08380767e-04  1.20054945e-07  2.08380767e-04  3.87712129e-08  2.08380767e-04  0.00000000e+00  2.08380767e-04  0.00000000e+00 
 2.08480767e-04  1.19905943e+00  2.08480767e-04  5.40467071e-01  2.08480767e-04  1.20285076e-06  2.08480767e-04 -1.20040131e-07  2.08480767e-04 -3.18823584e-08  2.08480767e-04  0.00000000e+00  2.08480767e-04  0.00000000e+00 
 2.08580767e-04  1.19902655e+00  2.08580767e-04  5.40487862e-01  2.08580767e-04  1.21263561e-06  2.08580767e-04  1.20049763e-07  2.08580767e-04  3.87698525e-08  2.08580767e-04  0.00000000e+00  2.08580767e-04  0.00000000e+00 
 2.08680767e-04  1.19899365e+00  2.08680767e-04  5.40467073e-01  2.08680767e-04  1.20285126e-06  2.08680767e-04 -1.20034457e-07  2.08680767e-04 -3.18811838e-08  2.08680767e-04  0.00000000e+00  2.08680767e-04  0.00000000e+00 
 2.08780767e-04  1.19896077e+00  2.08780767e-04  5.40487870e-01  2.08780767e-04  1.21263511e-06  2.08780767e-04  1.20044360e-07  2.08780767e-04  3.87684933e-08  2.08780767e-04  0.00000000e+00  2.08780767e-04  0.00000000e+00 
 2.08880767e-04  1.19892788e+00  2.08880767e-04  5.40467074e-01  2.08880767e-04  1.20285175e-06  2.08880767e-04 -1.20028562e-07  2.08880767e-04 -3.18800103e-08  2.08880767e-04  0.00000000e+00  2.08880767e-04  0.00000000e+00 
 2.08980767e-04  1.19889501e+00  2.08980767e-04  5.40487878e-01  2.08980767e-04  1.21263462e-06  2.08980767e-04  1.20038737e-07  2.08980767e-04  3.87671352e-08  2.08980767e-04  0.00000000e+00  2.08980767e-04  0.00000000e+00 
 2.09080767e-04  1.19886212e+00  2.09080767e-04  5.40467075e-01  2.09080767e-04  1.20285225e-06  2.09080767e-04 -1.20022451e-07  2.09080767e-04 -3.18788379e-08  2.09080767e-04  0.00000000e+00  2.09080767e-04  0.00000000e+00 
 2.09180767e-04  1.19882925e+00  2.09180767e-04  5.40487887e-01  2.09180767e-04  1.21263412e-06  2.09180767e-04  1.20032898e-07  2.09180767e-04  3.87657781e-08  2.09180767e-04  0.00000000e+00  2.09180767e-04  0.00000000e+00 
 2.09280767e-04  1.19879637e+00  2.09280767e-04  5.40467075e-01  2.09280767e-04  1.20285274e-06  2.09280767e-04 -1.20016125e-07  2.09280767e-04 -3.18776665e-08  2.09280767e-04  0.00000000e+00  2.09280767e-04  0.00000000e+00 
 2.09380767e-04  1.19876351e+00  2.09380767e-04  5.40487896e-01  2.09380767e-04  1.21263363e-06  2.09380767e-04  1.20026845e-07  2.09380767e-04  3.87644220e-08  2.09380767e-04  0.00000000e+00  2.09380767e-04  0.00000000e+00 
 2.09480767e-04  1.19873063e+00  2.09480767e-04  5.40467075e-01  2.09480767e-04  1.20285324e-06  2.09480767e-04 -1.20009588e-07  2.09480767e-04 -3.18764959e-08  2.09480767e-04  0.00000000e+00  2.09480767e-04  0.00000000e+00 
 2.09580767e-04  1.19869778e+00  2.09580767e-04  5.40487906e-01  2.09580767e-04  1.21263314e-06  2.09580767e-04  1.20020582e-07  2.09580767e-04  3.87630668e-08  2.09580767e-04  0.00000000e+00  2.09580767e-04  0.00000000e+00 
 2.09680767e-04  1.19866491e+00  2.09680767e-04  5.40467074e-01  2.09680767e-04  1.20285373e-06  2.09680767e-04 -1.20002843e-07  2.09680767e-04 -3.18753262e-08  2.09680767e-04  0.00000000e+00  2.09680767e-04  0.00000000e+00 
 2.09780767e-04  1.19863206e+00  2.09780767e-04  5.40487916e-01  2.09780767e-04  1.21263265e-06  2.09780767e-04  1.20014111e-07  2.09780767e-04  3.87617125e-08  2.09780767e-04  0.00000000e+00  2.09780767e-04  0.00000000e+00 
 2.09880767e-04  1.19859920e+00  2.09880767e-04  5.40467073e-01  2.09880767e-04  1.20285422e-06  2.09880767e-04 -1.19995893e-07  2.09880767e-04 -3.18741573e-08  2.09880767e-04  0.00000000e+00  2.09880767e-04  0.00000000e+00 
 2.09980767e-04  1.19856635e+00  2.09980767e-04  5.40487926e-01  2.09980767e-04  1.21263216e-06  2.09980767e-04  1.20007436e-07  2.09980767e-04  3.87603589e-08  2.09980767e-04  0.00000000e+00  2.09980767e-04  0.00000000e+00 
 2.10080767e-04  1.19853349e+00  2.10080767e-04  5.40467072e-01  2.10080767e-04  1.20285470e-06  2.10080767e-04 -1.19988740e-07  2.10080767e-04 -3.18729891e-08  2.10080767e-04  0.00000000e+00  2.10080767e-04  0.00000000e+00 
 2.10180767e-04  1.19850066e+00  2.10180767e-04  5.40487937e-01  2.10180767e-04  1.21263167e-06  2.10180767e-04  1.20000559e-07  2.10180767e-04  3.87590060e-08  2.10180767e-04  0.00000000e+00  2.10180767e-04  0.00000000e+00 
 2.10280767e-04  1.19846780e+00  2.10280767e-04  5.40467071e-01  2.10280767e-04  1.20285519e-06  2.10280767e-04 -1.19981388e-07  2.10280767e-04 -3.18718216e-08  2.10280767e-04  0.00000000e+00  2.10280767e-04  0.00000000e+00 
 2.10380767e-04  1.19843497e+00  2.10380767e-04  5.40487948e-01  2.10380767e-04  1.21263119e-06  2.10380767e-04  1.19993484e-07  2.10380767e-04  3.87576539e-08  2.10380767e-04  0.00000000e+00  2.10380767e-04  0.00000000e+00 
 2.10480767e-04  1.19840212e+00  2.10480767e-04  5.40467069e-01  2.10480767e-04  1.20285567e-06  2.10480767e-04 -1.19973839e-07  2.10480767e-04 -3.18706547e-08  2.10480767e-04  0.00000000e+00  2.10480767e-04  0.00000000e+00 
 2.10580767e-04  1.19836930e+00  2.10580767e-04  5.40487959e-01  2.10580767e-04  1.21263071e-06  2.10580767e-04  1.19986212e-07  2.10580767e-04  3.87563025e-08  2.10580767e-04  0.00000000e+00  2.10580767e-04  0.00000000e+00 
 2.10680767e-04  1.19833646e+00  2.10680767e-04  5.40467067e-01  2.10680767e-04  1.20285616e-06  2.10680767e-04 -1.19966096e-07  2.10680767e-04 -3.18694885e-08  2.10680767e-04  0.00000000e+00  2.10680767e-04  0.00000000e+00 
 2.10780767e-04  1.19830364e+00  2.10780767e-04  5.40487970e-01  2.10780767e-04  1.21263022e-06  2.10780767e-04  1.19978748e-07  2.10780767e-04  3.87549516e-08  2.10780767e-04  0.00000000e+00  2.10780767e-04  0.00000000e+00 
 2.10880767e-04  1.19827080e+00  2.10880767e-04  5.40467066e-01  2.10880767e-04  1.20285664e-06  2.10880767e-04 -1.19958163e-07  2.10880767e-04 -3.18683229e-08  2.10880767e-04  0.00000000e+00  2.10880767e-04  0.00000000e+00 
 2.10980767e-04  1.19823799e+00  2.10980767e-04  5.40487982e-01  2.10980767e-04  1.21262974e-06  2.10980767e-04  1.19971093e-07  2.10980767e-04  3.87536014e-08  2.10980767e-04  0.00000000e+00  2.10980767e-04  0.00000000e+00 
 2.11080767e-04  1.19820516e+00  2.11080767e-04  5.40467063e-01  2.11080767e-04  1.20285711e-06  2.11080767e-04 -1.19950041e-07  2.11080767e-04 -3.18671579e-08  2.11080767e-04  0.00000000e+00  2.11080767e-04  0.00000000e+00 
 2.11180767e-04  1.19817235e+00  2.11180767e-04  5.40487993e-01  2.11180767e-04  1.21262927e-06  2.11180767e-04  1.19963251e-07  2.11180767e-04  3.87522518e-08  2.11180767e-04  0.00000000e+00  2.11180767e-04  0.00000000e+00 
 2.11280767e-04  1.19813952e+00  2.11280767e-04  5.40467061e-01  2.11280767e-04  1.20285759e-06  2.11280767e-04 -1.19941734e-07  2.11280767e-04 -3.18659934e-08  2.11280767e-04  0.00000000e+00  2.11280767e-04  0.00000000e+00 
 2.11380767e-04  1.19810672e+00  2.11380767e-04  5.40488005e-01  2.11380767e-04  1.21262879e-06  2.11380767e-04  1.19955224e-07  2.11380767e-04  3.87509028e-08  2.11380767e-04  0.00000000e+00  2.11380767e-04  0.00000000e+00 
 2.11480767e-04  1.19807390e+00  2.11480767e-04  5.40467059e-01  2.11480767e-04  1.20285807e-06  2.11480767e-04 -1.19933245e-07  2.11480767e-04 -3.18648295e-08  2.11480767e-04  0.00000000e+00  2.11480767e-04  0.00000000e+00 
 2.11580767e-04  1.19804110e+00  2.11580767e-04  5.40488017e-01  2.11580767e-04  1.21262832e-06  2.11580767e-04  1.19947015e-07  2.11580767e-04  3.87495543e-08  2.11580767e-04  0.00000000e+00  2.11580767e-04  0.00000000e+00 
 2.11680767e-04  1.19800829e+00  2.11680767e-04  5.40467057e-01  2.11680767e-04  1.20285854e-06  2.11680767e-04 -1.19924575e-07  2.11680767e-04 -3.18636660e-08  2.11680767e-04  0.00000000e+00  2.11680767e-04  0.00000000e+00 
 2.11780767e-04  1.19797550e+00  2.11780767e-04  5.40488029e-01  2.11780767e-04  1.21262784e-06  2.11780767e-04  1.19938627e-07  2.11780767e-04  3.87482063e-08  2.11780767e-04  0.00000000e+00  2.11780767e-04  0.00000000e+00 
 2.11880767e-04  1.19794269e+00  2.11880767e-04  5.40467055e-01  2.11880767e-04  1.20285901e-06  2.11880767e-04 -1.19915728e-07  2.11880767e-04 -3.18625031e-08  2.11880767e-04  0.00000000e+00  2.11880767e-04  0.00000000e+00 
 2.11980767e-04  1.19790991e+00  2.11980767e-04  5.40488042e-01  2.11980767e-04  1.21262737e-06  2.11980767e-04  1.19930062e-07  2.11980767e-04  3.87468588e-08  2.11980767e-04  0.00000000e+00  2.11980767e-04  0.00000000e+00 
 2.12080767e-04  1.19787711e+00  2.12080767e-04  5.40467052e-01  2.12080767e-04  1.20285949e-06  2.12080767e-04 -1.19906707e-07  2.12080767e-04 -3.18613406e-08  2.12080767e-04  0.00000000e+00  2.12080767e-04  0.00000000e+00 
 2.12180767e-04  1.19784432e+00  2.12180767e-04  5.40488054e-01  2.12180767e-04  1.21262690e-06  2.12180767e-04  1.19921323e-07  2.12180767e-04  3.87455118e-08  2.12180767e-04  0.00000000e+00  2.12180767e-04  0.00000000e+00 
 2.12280767e-04  1.19781153e+00  2.12280767e-04  5.40467050e-01  2.12280767e-04  1.20285995e-06  2.12280767e-04 -1.19897514e-07  2.12280767e-04 -3.18601786e-08  2.12280767e-04  0.00000000e+00  2.12280767e-04  0.00000000e+00 
 2.12380767e-04  1.19777875e+00  2.12380767e-04  5.40488067e-01  2.12380767e-04  1.21262643e-06  2.12380767e-04  1.19912413e-07  2.12380767e-04  3.87441653e-08  2.12380767e-04  0.00000000e+00  2.12380767e-04  0.00000000e+00 
 2.12480767e-04  1.19774596e+00  2.12480767e-04  5.40467047e-01  2.12480767e-04  1.20286042e-06  2.12480767e-04 -1.19888151e-07  2.12480767e-04 -3.18590170e-08  2.12480767e-04  0.00000000e+00  2.12480767e-04  0.00000000e+00 
 2.12580767e-04  1.19771320e+00  2.12580767e-04  5.40488079e-01  2.12580767e-04  1.21262596e-06  2.12580767e-04  1.19903334e-07  2.12580767e-04  3.87428193e-08  2.12580767e-04  0.00000000e+00  2.12580767e-04  0.00000000e+00 
 2.12680767e-04  1.19768041e+00  2.12680767e-04  5.40467045e-01  2.12680767e-04  1.20286089e-06  2.12680767e-04 -1.19878622e-07  2.12680767e-04 -3.18578559e-08  2.12680767e-04  0.00000000e+00  2.12680767e-04  0.00000000e+00 
 2.12780767e-04  1.19764765e+00  2.12780767e-04  5.40488092e-01  2.12780767e-04  1.21262550e-06  2.12780767e-04  1.19894089e-07  2.12780767e-04  3.87414738e-08  2.12780767e-04  0.00000000e+00  2.12780767e-04  0.00000000e+00 
 2.12880767e-04  1.19761487e+00  2.12880767e-04  5.40467042e-01  2.12880767e-04  1.20286135e-06  2.12880767e-04 -1.19868928e-07  2.12880767e-04 -3.18566952e-08  2.12880767e-04  0.00000000e+00  2.12880767e-04  0.00000000e+00 
 2.12980767e-04  1.19758211e+00  2.12980767e-04  5.40488105e-01  2.12980767e-04  1.21262503e-06  2.12980767e-04  1.19884679e-07  2.12980767e-04  3.87401287e-08  2.12980767e-04  0.00000000e+00  2.12980767e-04  0.00000000e+00 
 2.13080767e-04  1.19754934e+00  2.13080767e-04  5.40467040e-01  2.13080767e-04  1.20286182e-06  2.13080767e-04 -1.19859072e-07  2.13080767e-04 -3.18555349e-08  2.13080767e-04  0.00000000e+00  2.13080767e-04  0.00000000e+00 
 2.13180767e-04  1.19751659e+00  2.13180767e-04  5.40488117e-01  2.13180767e-04  1.21262457e-06  2.13180767e-04  1.19875109e-07  2.13180767e-04  3.87387840e-08  2.13180767e-04  0.00000000e+00  2.13180767e-04  0.00000000e+00 
 2.13280767e-04  1.19748382e+00  2.13280767e-04  5.40467037e-01  2.13280767e-04  1.20286228e-06  2.13280767e-04 -1.19849057e-07  2.13280767e-04 -3.18543750e-08  2.13280767e-04  0.00000000e+00  2.13280767e-04  0.00000000e+00 
 2.13380767e-04  1.19745107e+00  2.13380767e-04  5.40488130e-01  2.13380767e-04  1.21262411e-06  2.13380767e-04  1.19865379e-07  2.13380767e-04  3.87374398e-08  2.13380767e-04  0.00000000e+00  2.13380767e-04  0.00000000e+00 
 2.13480767e-04  1.19741831e+00  2.13480767e-04  5.40467035e-01  2.13480767e-04  1.20286274e-06  2.13480767e-04 -1.19838885e-07  2.13480767e-04 -3.18532156e-08  2.13480767e-04  0.00000000e+00  2.13480767e-04  0.00000000e+00 
 2.13580767e-04  1.19738557e+00  2.13580767e-04  5.40488143e-01  2.13580767e-04  1.21262365e-06  2.13580767e-04  1.19855493e-07  2.13580767e-04  3.87360960e-08  2.13580767e-04  0.00000000e+00  2.13580767e-04  0.00000000e+00 
 2.13680767e-04  1.19735281e+00  2.13680767e-04  5.40467032e-01  2.13680767e-04  1.20286320e-06  2.13680767e-04 -1.19828558e-07  2.13680767e-04 -3.18520565e-08  2.13680767e-04  0.00000000e+00  2.13680767e-04  0.00000000e+00 
 2.13780767e-04  1.19732008e+00  2.13780767e-04  5.40488156e-01  2.13780767e-04  1.21262319e-06  2.13780767e-04  1.19845452e-07  2.13780767e-04  3.87347526e-08  2.13780767e-04  0.00000000e+00  2.13780767e-04  0.00000000e+00 
 2.13880767e-04  1.19728733e+00  2.13880767e-04  5.40467030e-01  2.13880767e-04  1.20286366e-06  2.13880767e-04 -1.19818078e-07  2.13880767e-04 -3.18508979e-08  2.13880767e-04  0.00000000e+00  2.13880767e-04  0.00000000e+00 
 2.13980767e-04  1.19725460e+00  2.13980767e-04  5.40488169e-01  2.13980767e-04  1.21262273e-06  2.13980767e-04  1.19835260e-07  2.13980767e-04  3.87334097e-08  2.13980767e-04  0.00000000e+00  2.13980767e-04  0.00000000e+00 
 2.14080767e-04  1.19722185e+00  2.14080767e-04  5.40467027e-01  2.14080767e-04  1.20286412e-06  2.14080767e-04 -1.19807449e-07  2.14080767e-04 -3.18497396e-08  2.14080767e-04  0.00000000e+00  2.14080767e-04  0.00000000e+00 
 2.14180767e-04  1.19718913e+00  2.14180767e-04  5.40488182e-01  2.14180767e-04  1.21262228e-06  2.14180767e-04  1.19824918e-07  2.14180767e-04  3.87320671e-08  2.14180767e-04  0.00000000e+00  2.14180767e-04  0.00000000e+00 
 2.14280767e-04  1.19715639e+00  2.14280767e-04  5.40467025e-01  2.14280767e-04  1.20286457e-06  2.14280767e-04 -1.19796671e-07  2.14280767e-04 -3.18485817e-08  2.14280767e-04  0.00000000e+00  2.14280767e-04  0.00000000e+00 
 2.14380767e-04  1.19712367e+00  2.14380767e-04  5.40488195e-01  2.14380767e-04  1.21262182e-06  2.14380767e-04  1.19814428e-07  2.14380767e-04  3.87307250e-08  2.14380767e-04  0.00000000e+00  2.14380767e-04  0.00000000e+00 
 2.14480767e-04  1.19709094e+00  2.14480767e-04  5.40467023e-01  2.14480767e-04  1.20286503e-06  2.14480767e-04 -1.19785748e-07  2.14480767e-04 -3.18474242e-08  2.14480767e-04  0.00000000e+00  2.14480767e-04  0.00000000e+00 
 2.14580767e-04  1.19705822e+00  2.14580767e-04  5.40488208e-01  2.14580767e-04  1.21262137e-06  2.14580767e-04  1.19803793e-07  2.14580767e-04  3.87293833e-08  2.14580767e-04  0.00000000e+00  2.14580767e-04  0.00000000e+00 
 2.14680767e-04  1.19702549e+00  2.14680767e-04  5.40467020e-01  2.14680767e-04  1.20286548e-06  2.14680767e-04 -1.19774682e-07  2.14680767e-04 -3.18462670e-08  2.14680767e-04  0.00000000e+00  2.14680767e-04  0.00000000e+00 
 2.14780767e-04  1.19699279e+00  2.14780767e-04  5.40488221e-01  2.14780767e-04  1.21262092e-06  2.14780767e-04  1.19793015e-07  2.14780767e-04  3.87280419e-08  2.14780767e-04  0.00000000e+00  2.14780767e-04  0.00000000e+00 
 2.14880767e-04  1.19696006e+00  2.14880767e-04  5.40467018e-01  2.14880767e-04  1.20286593e-06  2.14880767e-04 -1.19763474e-07  2.14880767e-04 -3.18451103e-08  2.14880767e-04  0.00000000e+00  2.14880767e-04  0.00000000e+00 
 2.14940383e-04  1.19694057e+00  2.14940383e-04  5.40488224e-01  2.14940383e-04  1.21262031e-06  2.14940383e-04  1.19778091e-07  2.14940383e-04  3.87262968e-08  2.14940383e-04  0.00000000e+00  2.14940383e-04  0.00000000e+00 
 2.15000000e-04  1.19692106e+00  2.15000000e-04  5.40466988e-01  2.15000000e-04  1.20286669e-06  2.15000000e-04 -1.19744812e-07  2.15000000e-04 -3.18430711e-08  2.15000000e-04  0.00000000e+00  2.15000000e-04  0.00000000e+00 
 2.15000001e-04  1.19692725e+00  2.15000001e-04  5.41903524e-01  2.15000001e-04  9.20614386e-07  2.15000001e-04 -2.29967337e-06  2.15000001e-04  5.52021078e-05  2.15000001e-04  0.00000000e+00  2.15000001e-04  1.20000000e-01 
 2.15000003e-04  1.19694418e+00  2.15000003e-04  5.46358075e-01  2.15000003e-04  5.70570027e-07  2.15000003e-04 -4.95754324e-06  2.15000003e-04  1.20525328e-04  2.15000003e-04  0.00000000e+00  2.15000003e-04  3.59999999e-01 
 2.15000006e-04  1.19699176e+00  2.15000006e-04  5.59175426e-01  2.15000006e-04  1.66511630e-07  2.15000006e-04 -7.47385737e-06  2.15000006e-04  1.93561455e-04  2.15000006e-04  0.00000000e+00  2.15000006e-04  7.80000003e-01 
 2.15000010e-04  1.19703556e+00  2.15000010e-04  5.68762401e-01  2.15000010e-04  6.98405504e-07  2.15000010e-04 -2.98666785e-06  2.15000010e-04  1.04869167e-04  2.15000010e-04  0.00000000e+00  2.15000010e-04  1.20000000e+00 
 2.15000011e-04  1.19703383e+00  2.15000011e-04  5.69060954e-01  2.15000011e-04  9.68345010e-07  2.15000011e-04 -1.83251528e-06  2.15000011e-04  3.98064571e-05  2.15000011e-04  0.00000000e+00  2.15000011e-04  1.20000000e+00 
 2.15000012e-04  1.19702906e+00  2.15000012e-04  5.69494000e-01  2.15000012e-04  1.03737147e-06  2.15000012e-04 -1.48207560e-06  2.15000012e-04  2.46029430e-05  2.15000012e-04  0.00000000e+00  2.15000012e-04  1.20000000e+00 
 2.15000015e-04  1.19701914e+00  2.15000015e-04  5.70464035e-01  2.15000015e-04  9.68944140e-07  2.15000015e-04 -2.00471983e-06  2.15000015e-04  3.56774817e-05  2.15000015e-04  0.00000000e+00  2.15000015e-04  1.20000000e+00 
 2.15000020e-04  1.19699974e+00  2.15000020e-04  5.72650746e-01  2.15000020e-04  1.04496847e-06  2.15000020e-04 -1.73227804e-06  2.15000020e-04  2.18894101e-05  2.15000020e-04  0.00000000e+00  2.15000020e-04  1.20000000e+00 
 2.15000032e-04  1.19696202e+00  2.15000032e-04  5.76629176e-01  2.15000032e-04  1.02797305e-06  2.15000032e-04 -2.08043022e-06  2.15000032e-04  2.89221905e-05  2.15000032e-04  0.00000000e+00  2.15000032e-04  1.20000000e+00 
 2.15000054e-04  1.19689525e+00  2.15000054e-04  5.82377607e-01  2.15000054e-04  1.13823876e-06  2.15000054e-04 -1.62981908e-06  2.15000054e-04  1.20241157e-05  2.15000054e-04  0.00000000e+00  2.15000054e-04  1.20000000e+00 
 2.15000099e-04  1.19679515e+00  2.15000099e-04  5.88107493e-01  2.15000099e-04  1.13333665e-06  2.15000099e-04 -1.70572876e-06  2.15000099e-04  1.56562892e-05  2.15000099e-04  0.00000000e+00  2.15000099e-04  1.20000000e+00 
 2.15000188e-04  1.19668041e+00  2.15000188e-04  5.90651788e-01  2.15000188e-04  1.22885880e-06  2.15000188e-04 -8.46370769e-07  2.15000188e-04 -6.52771411e-07  2.15000188e-04  0.00000000e+00  2.15000188e-04  1.20000000e+00 
 2.15000368e-04  1.19658250e+00  2.15000368e-04  5.88510538e-01  2.15000368e-04  1.18726502e-06  2.15000368e-04 -5.01815279e-07  2.15000368e-04  7.10357340e-06  2.15000368e-04  0.00000000e+00  2.15000368e-04  1.20000000e+00 
 2.15000638e-04  1.19652829e+00  2.15000638e-04  5.84735556e-01  2.15000638e-04  1.24310166e-06  2.15000638e-04  2.10573266e-07  2.15000638e-04 -4.41699736e-06  2.15000638e-04  0.00000000e+00  2.15000638e-04  1.20000000e+00 
 2.15001103e-04  1.19648649e+00  2.15001103e-04  5.79707148e-01  2.15001103e-04  1.18510373e-06  2.15001103e-04 -5.39716007e-08  2.15001103e-04  5.87015920e-06  2.15001103e-04  0.00000000e+00  2.15001103e-04  1.20000000e+00 
 2.15001938e-04  1.19644551e+00  2.15001938e-04  5.72751822e-01  2.15001938e-04  1.23980658e-06  2.15001938e-04  2.50172776e-07  2.15001938e-04 -4.90961005e-06  2.15001938e-04  0.00000000e+00  2.15001938e-04  1.20000000e+00 
 2.15003607e-04  1.19638670e+00  2.15003607e-04  5.63226273e-01  2.15003607e-04  1.18145114e-06  2.15003607e-04 -1.21094195e-07  2.15003607e-04  5.64942562e-06  2.15003607e-04  0.00000000e+00  2.15003607e-04  1.20000000e+00 
 2.15006946e-04  1.19628697e+00  2.15006946e-04  5.53100531e-01  2.15006946e-04  1.23665573e-06  2.15006946e-04  1.89730392e-07  2.15006946e-04 -5.01134034e-06  2.15006946e-04  0.00000000e+00  2.15006946e-04  1.20000000e+00 
 2.15013623e-04  1.19609339e+00  2.15013623e-04  5.44646569e-01  2.15013623e-04  1.17948009e-06  2.15013623e-04 -1.61775412e-07  2.15013623e-04  5.63401463e-06  2.15013623e-04  0.00000000e+00  2.15013623e-04  1.20000000e+00 
 2.15026978e-04  1.19569772e+00  2.15026978e-04  5.40651291e-01  2.15026978e-04  1.23590840e-06  2.15026978e-04  1.68568934e-07  2.15026978e-04 -4.99298573e-06  2.15026978e-04  0.00000000e+00  2.15026978e-04  1.20000000e+00 
 2.15053687e-04  1.19490683e+00  2.15053687e-04  5.40557553e-01  2.15053687e-04  1.17951182e-06  2.15053687e-04 -1.68516699e-07  2.15053687e-04  5.63929934e-06  2.15053687e-04  0.00000000e+00  2.15053687e-04  1.20000000e+00 
 2.15103205e-04  1.19345045e+00  2.15103205e-04  5.40556461e-01  2.15103205e-04  1.23598500e-06  2.15103205e-04  1.68584643e-07  2.15103205e-04 -4.99298441e-06  2.15103205e-04  0.00000000e+00  2.15103205e-04  1.20000000e+00 
 2.15202240e-04  1.19054215e+00  2.15202240e-04  5.40593282e-01  2.15202240e-04  1.17949809e-06  2.15202240e-04 -1.68556189e-07  2.15202240e-04  5.63933825e-06  2.15202240e-04  0.00000000e+00  2.15202240e-04  1.20000000e+00 
 2.15302240e-04  1.18760565e+00  2.15302240e-04  5.40614723e-01  2.15302240e-04  1.23599025e-06  2.15302240e-04  1.68628635e-07  2.15302240e-04 -4.99296942e-06  2.15302240e-04  0.00000000e+00  2.15302240e-04  1.20000000e+00 
 2.15402240e-04  1.18466908e+00  2.15402240e-04  5.40629329e-01  2.15402240e-04  1.17949415e-06  2.15402240e-04 -1.68569747e-07  2.15402240e-04  5.63935906e-06  2.15402240e-04  0.00000000e+00  2.15402240e-04  1.20000000e+00 
 2.15502240e-04  1.18173276e+00  2.15502240e-04  5.40657353e-01  2.15502240e-04  1.23599291e-06  2.15502240e-04  1.68664686e-07  2.15502240e-04 -4.99295282e-06  2.15502240e-04  0.00000000e+00  2.15502240e-04  1.20000000e+00 
 2.15602240e-04  1.17879635e+00  2.15602240e-04  5.40649467e-01  2.15602240e-04  1.17949212e-06  2.15602240e-04 -1.68579421e-07  2.15602240e-04  5.63936734e-06  2.15602240e-04  0.00000000e+00  2.15602240e-04  1.20000000e+00 
 2.15702240e-04  1.17586023e+00  2.15702240e-04  5.40666872e-01  2.15702240e-04  1.23599424e-06  2.15702240e-04  1.68697135e-07  2.15702240e-04 -4.99294535e-06  2.15702240e-04  0.00000000e+00  2.15702240e-04  1.20000000e+00 
 2.15802240e-04  1.17292410e+00  2.15802240e-04  5.40627988e-01  2.15802240e-04  1.17949120e-06  2.15802240e-04 -1.68587179e-07  2.15802240e-04  5.63935163e-06  2.15802240e-04  0.00000000e+00  2.15802240e-04  1.20000000e+00 
 2.15902240e-04  1.16998835e+00  2.15902240e-04  5.40628695e-01  2.15902240e-04  1.23599488e-06  2.15902240e-04  1.68726506e-07  2.15902240e-04 -4.99295840e-06  2.15902240e-04  0.00000000e+00  2.15902240e-04  1.20000000e+00 
 2.16002240e-04  1.16705272e+00  2.16002240e-04  5.40564325e-01  2.16002240e-04  1.17949108e-06  2.16002240e-04 -1.68595546e-07  2.16002240e-04  5.63930129e-06  2.16002240e-04  0.00000000e+00  2.16002240e-04  1.20000000e+00 
 2.16102240e-04  1.16411757e+00  2.16102240e-04  5.40569166e-01  2.16102240e-04  1.23599527e-06  2.16102240e-04  1.68751254e-07  2.16102240e-04 -4.99299717e-06  2.16102240e-04  0.00000000e+00  2.16102240e-04  1.20000000e+00 
 2.16202240e-04  1.16118256e+00  2.16202240e-04  5.40520696e-01  2.16202240e-04  1.17949135e-06  2.16202240e-04 -1.68610442e-07  2.16202240e-04  5.63924309e-06  2.16202240e-04  0.00000000e+00  2.16202240e-04  1.20000000e+00 
 2.16302240e-04  1.15824784e+00  2.16302240e-04  5.40563752e-01  2.16302240e-04  1.23599506e-06  2.16302240e-04  1.68775431e-07  2.16302240e-04 -4.99299852e-06  2.16302240e-04  0.00000000e+00  2.16302240e-04  1.20000000e+00 
 2.16402240e-04  1.15531312e+00  2.16402240e-04  5.40514470e-01  2.16402240e-04  1.17949174e-06  2.16402240e-04 -1.68627525e-07  2.16402240e-04  5.63921644e-06  2.16402240e-04  0.00000000e+00  2.16402240e-04  1.20000000e+00 
 2.16502240e-04  1.15237864e+00  2.16502240e-04  5.40545667e-01  2.16502240e-04  1.23599462e-06  2.16502240e-04  1.68814442e-07  2.16502240e-04 -4.99299546e-06  2.16502240e-04  0.00000000e+00  2.16502240e-04  1.20000000e+00 
 2.16602240e-04  1.14944423e+00  2.16602240e-04  5.40462193e-01  2.16602240e-04  1.17949234e-06  2.16602240e-04 -1.68671591e-07  2.16602240e-04  5.63917247e-06  2.16602240e-04  0.00000000e+00  2.16602240e-04  1.20000000e+00 
 2.16702240e-04  1.14651008e+00  2.16702240e-04  5.40501606e-01  2.16702240e-04  1.23599400e-06  2.16702240e-04  1.68873631e-07  2.16702240e-04 -4.99299813e-06  2.16702240e-04  0.00000000e+00  2.16702240e-04  1.20000000e+00 
 2.16802240e-04  1.14357596e+00  2.16802240e-04  5.40429960e-01  2.16802240e-04  1.17949307e-06  2.16802240e-04 -1.68750439e-07  2.16802240e-04  5.63913596e-06  2.16802240e-04  0.00000000e+00  2.16802240e-04  1.20000000e+00 
 2.16902240e-04  1.14064200e+00  2.16902240e-04  5.40506202e-01  2.16902240e-04  1.23599320e-06  2.16902240e-04  1.68966837e-07  2.16902240e-04 -4.99298169e-06  2.16902240e-04  0.00000000e+00  2.16902240e-04  1.20000000e+00 
 2.17002240e-04  1.13770806e+00  2.17002240e-04  5.40418266e-01  2.17002240e-04  1.17949398e-06  2.17002240e-04 -1.68827008e-07  2.17002240e-04  5.63910311e-06  2.17002240e-04  0.00000000e+00  2.17002240e-04  1.20000000e+00 
 2.17102240e-04  1.13477426e+00  2.17102240e-04  5.40508111e-01  2.17102240e-04  1.23599220e-06  2.17102240e-04  1.69050438e-07  2.17102240e-04 -4.99296281e-06  2.17102240e-04  0.00000000e+00  2.17102240e-04  1.20000000e+00 
 2.17202240e-04  1.13184046e+00  2.17202240e-04  5.40413089e-01  2.17202240e-04  1.17949506e-06  2.17202240e-04 -1.68909777e-07  2.17202240e-04  5.63907191e-06  2.17202240e-04  0.00000000e+00  2.17202240e-04  1.20000000e+00 
 2.17302240e-04  1.12890679e+00  2.17302240e-04  5.40510437e-01  2.17302240e-04  1.23599105e-06  2.17302240e-04  1.69141697e-07  2.17302240e-04 -4.99294389e-06  2.17302240e-04  0.00000000e+00  2.17302240e-04  1.20000000e+00 
 2.17402240e-04  1.12597312e+00  2.17402240e-04  5.40408278e-01  2.17402240e-04  1.17949629e-06  2.17402240e-04 -1.68998065e-07  2.17402240e-04  5.63904117e-06  2.17402240e-04  0.00000000e+00  2.17402240e-04  1.20000000e+00 
 2.17502240e-04  1.12303957e+00  2.17502240e-04  5.40512950e-01  2.17502240e-04  1.23598976e-06  2.17502240e-04  1.69235002e-07  2.17502240e-04 -4.99292528e-06  2.17502240e-04  0.00000000e+00  2.17502240e-04  1.20000000e+00 
 2.17602240e-04  1.12010601e+00  2.17602240e-04  5.40404363e-01  2.17602240e-04  1.17949763e-06  2.17602240e-04 -1.69087214e-07  2.17602240e-04  5.63901114e-06  2.17602240e-04  0.00000000e+00  2.17602240e-04  1.20000000e+00 
 2.17702240e-04  1.11717258e+00  2.17702240e-04  5.40515088e-01  2.17702240e-04  1.23598838e-06  2.17702240e-04  1.69326716e-07  2.17702240e-04 -4.99290737e-06  2.17702240e-04  0.00000000e+00  2.17702240e-04  1.20000000e+00 
 2.17802240e-04  1.11423913e+00  2.17802240e-04  5.40401403e-01  2.17802240e-04  1.17949906e-06  2.17802240e-04 -1.69173952e-07  2.17802240e-04  5.63898211e-06  2.17802240e-04  0.00000000e+00  2.17802240e-04  1.20000000e+00 
 2.17902240e-04  1.11130580e+00  2.17902240e-04  5.40516643e-01  2.17902240e-04  1.23598690e-06  2.17902240e-04  1.69414175e-07  2.17902240e-04 -4.99289054e-06  2.17902240e-04  0.00000000e+00  2.17902240e-04  1.20000000e+00 
 2.18002240e-04  1.10837245e+00  2.18002240e-04  5.40399375e-01  2.18002240e-04  1.17950057e-06  2.18002240e-04 -1.69255949e-07  2.18002240e-04  5.63895434e-06  2.18002240e-04  0.00000000e+00  2.18002240e-04  1.20000000e+00 
 2.18102240e-04  1.10543923e+00  2.18102240e-04  5.40517541e-01  2.18102240e-04  1.23598536e-06  2.18102240e-04  1.69495548e-07  2.18102240e-04 -4.99287506e-06  2.18102240e-04  0.00000000e+00  2.18102240e-04  1.20000000e+00 
 2.18202240e-04  1.10250596e+00  2.18202240e-04  5.40398217e-01  2.18202240e-04  1.17950214e-06  2.18202240e-04 -1.69331647e-07  2.18202240e-04  5.63892805e-06  2.18202240e-04  0.00000000e+00  2.18202240e-04  1.20000000e+00 
 2.18302240e-04  1.09957284e+00  2.18302240e-04  5.40517790e-01  2.18302240e-04  1.23598377e-06  2.18302240e-04  1.69569689e-07  2.18302240e-04 -4.99286114e-06  2.18302240e-04  0.00000000e+00  2.18302240e-04  1.20000000e+00 
 2.18402240e-04  1.09663965e+00  2.18402240e-04  5.40397837e-01  2.18402240e-04  1.17950375e-06  2.18402240e-04 -1.69400121e-07  2.18402240e-04  5.63890334e-06  2.18402240e-04  0.00000000e+00  2.18402240e-04  1.20000000e+00 
 2.18502240e-04  1.09370663e+00  2.18502240e-04  5.40517440e-01  2.18502240e-04  1.23598215e-06  2.18502240e-04  1.69636012e-07  2.18502240e-04 -4.99284886e-06  2.18502240e-04  0.00000000e+00  2.18502240e-04  1.20000000e+00 
 2.18602240e-04  1.09077353e+00  2.18602240e-04  5.40398132e-01  2.18602240e-04  1.17950538e-06  2.18602240e-04 -1.69460956e-07  2.18602240e-04  5.63888028e-06  2.18602240e-04  0.00000000e+00  2.18602240e-04  1.20000000e+00 
 2.18702240e-04  1.08784059e+00  2.18702240e-04  5.40516565e-01  2.18702240e-04  1.23598052e-06  2.18702240e-04  1.69694364e-07  2.18702240e-04 -4.99283826e-06  2.18702240e-04  0.00000000e+00  2.18702240e-04  1.20000000e+00 
 2.18802240e-04  1.08490757e+00  2.18802240e-04  5.40398997e-01  2.18802240e-04  1.17950701e-06  2.18802240e-04 -1.69514120e-07  2.18802240e-04  5.63885883e-06  2.18802240e-04  0.00000000e+00  2.18802240e-04  1.20000000e+00 
 2.18902240e-04  1.08197472e+00  2.18902240e-04  5.40515248e-01  2.18902240e-04  1.23597889e-06  2.18902240e-04  1.69744914e-07  2.18902240e-04 -4.99282928e-06  2.18902240e-04  0.00000000e+00  2.18902240e-04  1.20000000e+00 
 2.19002240e-04  1.07904177e+00  2.19002240e-04  5.40400328e-01  2.19002240e-04  1.17950862e-06  2.19002240e-04 -1.69559863e-07  2.19002240e-04  5.63883890e-06  2.19002240e-04  0.00000000e+00  2.19002240e-04  1.20000000e+00 
 2.19102240e-04  1.07610901e+00  2.19102240e-04  5.40513573e-01  2.19102240e-04  1.23597729e-06  2.19102240e-04  1.69788060e-07  2.19102240e-04 -4.99282183e-06  2.19102240e-04  0.00000000e+00  2.19102240e-04  1.20000000e+00 
 2.19202240e-04  1.07317614e+00  2.19202240e-04  5.40402029e-01  2.19202240e-04  1.17951022e-06  2.19202240e-04 -1.69598628e-07  2.19202240e-04  5.63882038e-06  2.19202240e-04  0.00000000e+00  2.19202240e-04  1.20000000e+00 
 2.19302240e-04  1.07024346e+00  2.19302240e-04  5.40511622e-01  2.19302240e-04  1.23597572e-06  2.19302240e-04  1.69824346e-07  2.19302240e-04 -4.99281576e-06  2.19302240e-04  0.00000000e+00  2.19302240e-04  1.20000000e+00 
 2.19402240e-04  1.06731066e+00  2.19402240e-04  5.40404012e-01  2.19402240e-04  1.17951176e-06  2.19402240e-04 -1.69630981e-07  2.19402240e-04  5.63880309e-06  2.19402240e-04  0.00000000e+00  2.19402240e-04  1.20000000e+00 
 2.19502240e-04  1.06437806e+00  2.19502240e-04  5.40509469e-01  2.19502240e-04  1.23597419e-06  2.19502240e-04  1.69854401e-07  2.19502240e-04 -4.99281091e-06  2.19502240e-04  0.00000000e+00  2.19502240e-04  1.20000000e+00 
 2.19602240e-04  1.06144534e+00  2.19602240e-04  5.40406199e-01  2.19602240e-04  1.17951327e-06  2.19602240e-04 -1.69657547e-07  2.19602240e-04  5.63878686e-06  2.19602240e-04  0.00000000e+00  2.19602240e-04  1.20000000e+00 
 2.19702240e-04  1.05851282e+00  2.19702240e-04  5.40507180e-01  2.19702240e-04  1.23597271e-06  2.19702240e-04  1.69878889e-07  2.19702240e-04 -4.99280711e-06  2.19702240e-04  0.00000000e+00  2.19702240e-04  1.20000000e+00 
 2.19802240e-04  1.05558017e+00  2.19802240e-04  5.40408523e-01  2.19802240e-04  1.17951472e-06  2.19802240e-04 -1.69678974e-07  2.19802240e-04  5.63877150e-06  2.19802240e-04  0.00000000e+00  2.19802240e-04  1.20000000e+00 
 2.19902240e-04  1.05264772e+00  2.19902240e-04  5.40504814e-01  2.19902240e-04  1.23597129e-06  2.19902240e-04  1.69898476e-07  2.19902240e-04 -4.99280417e-06  2.19902240e-04  0.00000000e+00  2.19902240e-04  1.20000000e+00 
 2.20002240e-04  1.04971515e+00  2.20002240e-04  5.40410923e-01  2.20002240e-04  1.17951610e-06  2.20002240e-04 -1.69695901e-07  2.20002240e-04  5.63875682e-06  2.20002240e-04  0.00000000e+00  2.20002240e-04  1.20000000e+00 
 2.20102240e-04  1.04678278e+00  2.20102240e-04  5.40502422e-01  2.20102240e-04  1.23596994e-06  2.20102240e-04  1.69913800e-07  2.20102240e-04 -4.99280191e-06  2.20102240e-04  0.00000000e+00  2.20102240e-04  1.20000000e+00 
 2.20202240e-04  1.04385028e+00  2.20202240e-04  5.40413352e-01  2.20202240e-04  1.17951742e-06  2.20202240e-04 -1.69708934e-07  2.20202240e-04  5.63874261e-06  2.20202240e-04  0.00000000e+00  2.20202240e-04  1.20000000e+00 
 2.20302240e-04  1.04091799e+00  2.20302240e-04  5.40500045e-01  2.20302240e-04  1.23596865e-06  2.20302240e-04  1.69925460e-07  2.20302240e-04 -4.99280015e-06  2.20302240e-04  0.00000000e+00  2.20302240e-04  1.20000000e+00 
 2.20402240e-04  1.03798556e+00  2.20402240e-04  5.40415768e-01  2.20402240e-04  1.17951868e-06  2.20402240e-04 -1.69718634e-07  2.20402240e-04  5.63872871e-06  2.20402240e-04  0.00000000e+00  2.20402240e-04  1.20000000e+00 
 2.20502240e-04  1.03505335e+00  2.20502240e-04  5.40497720e-01  2.20502240e-04  1.23596743e-06  2.20502240e-04  1.69934000e-07  2.20502240e-04 -4.99279874e-06  2.20502240e-04  0.00000000e+00  2.20502240e-04  1.20000000e+00 
 2.20602240e-04  1.03212100e+00  2.20602240e-04  5.40418137e-01  2.20602240e-04  1.17951987e-06  2.20602240e-04 -1.69725511e-07  2.20602240e-04  5.63871493e-06  2.20602240e-04  0.00000000e+00  2.20602240e-04  1.20000000e+00 
 2.20702240e-04  1.02918886e+00  2.20702240e-04  5.40495473e-01  2.20702240e-04  1.23596627e-06  2.20702240e-04  1.69939911e-07  2.20702240e-04 -4.99279753e-06  2.20702240e-04  0.00000000e+00  2.20702240e-04  1.20000000e+00 
 2.20802240e-04  1.02625658e+00  2.20802240e-04  5.40420432e-01  2.20802240e-04  1.17952099e-06  2.20802240e-04 -1.69730017e-07  2.20802240e-04  5.63870112e-06  2.20802240e-04  0.00000000e+00  2.20802240e-04  1.20000000e+00 
 2.20902240e-04  1.02332453e+00  2.20902240e-04  5.40493327e-01  2.20902240e-04  1.23596518e-06  2.20902240e-04  1.69943624e-07  2.20902240e-04 -4.99279640e-06  2.20902240e-04  0.00000000e+00  2.20902240e-04  1.20000000e+00 
 2.21002240e-04  1.02039232e+00  2.21002240e-04  5.40422633e-01  2.21002240e-04  1.17952205e-06  2.21002240e-04 -1.69732550e-07  2.21002240e-04  5.63868714e-06  2.21002240e-04  0.00000000e+00  2.21002240e-04  1.20000000e+00 
 2.21102240e-04  1.01746034e+00  2.21102240e-04  5.40491299e-01  2.21102240e-04  1.23596416e-06  2.21102240e-04  1.69945516e-07  2.21102240e-04 -4.99279523e-06  2.21102240e-04  0.00000000e+00  2.21102240e-04  1.20000000e+00 
 2.21202240e-04  1.01452822e+00  2.21202240e-04  5.40424723e-01  2.21202240e-04  1.17952304e-06  2.21202240e-04 -1.69733454e-07  2.21202240e-04  5.63867284e-06  2.21202240e-04  0.00000000e+00  2.21202240e-04  1.20000000e+00 
 2.21302240e-04  1.01159632e+00  2.21302240e-04  5.40489401e-01  2.21302240e-04  1.23596320e-06  2.21302240e-04  1.69945908e-07  2.21302240e-04 -4.99279396e-06  2.21302240e-04  0.00000000e+00  2.21302240e-04  1.20000000e+00 
 2.21402240e-04  1.00866428e+00  2.21402240e-04  5.40426694e-01  2.21402240e-04  1.17952397e-06  2.21402240e-04 -1.69733024e-07  2.21402240e-04  5.63865811e-06  2.21402240e-04  0.00000000e+00  2.21402240e-04  1.20000000e+00 
 2.21502240e-04  1.00573245e+00  2.21502240e-04  5.40487640e-01  2.21502240e-04  1.23596230e-06  2.21502240e-04  1.69945075e-07  2.21502240e-04 -4.99279251e-06  2.21502240e-04  0.00000000e+00  2.21502240e-04  1.20000000e+00 
 2.21602240e-04  1.00280049e+00  2.21602240e-04  5.40428539e-01  2.21602240e-04  1.17952484e-06  2.21602240e-04 -1.69731508e-07  2.21602240e-04  5.63864285e-06  2.21602240e-04  0.00000000e+00  2.21602240e-04  1.20000000e+00 
 2.21702240e-04  9.99868755e-01  2.21702240e-04  5.40486018e-01  2.21702240e-04  1.23596146e-06  2.21702240e-04  1.69943250e-07  2.21702240e-04 -4.99279087e-06  2.21702240e-04  0.00000000e+00  2.21702240e-04  1.20000000e+00 
 2.21802240e-04  9.96936878e-01  2.21802240e-04  5.40430254e-01  2.21802240e-04  1.17952565e-06  2.21802240e-04 -1.69729115e-07  2.21802240e-04  5.63862695e-06  2.21802240e-04  0.00000000e+00  2.21802240e-04  1.20000000e+00 
 2.21902240e-04  9.94005224e-01  2.21902240e-04  5.40484537e-01  2.21902240e-04  1.23596067e-06  2.21902240e-04  1.69940624e-07  2.21902240e-04 -4.99278901e-06  2.21902240e-04  0.00000000e+00  2.21902240e-04  1.20000000e+00 
 2.22002240e-04  9.91073435e-01  2.22002240e-04  5.40431841e-01  2.22002240e-04  1.17952641e-06  2.22002240e-04 -1.69726018e-07  2.22002240e-04  5.63861033e-06  2.22002240e-04  0.00000000e+00  2.22002240e-04  1.20000000e+00 
 2.22102240e-04  9.88141869e-01  2.22102240e-04  5.40483195e-01  2.22102240e-04  1.23595994e-06  2.22102240e-04  1.69937358e-07  2.22102240e-04 -4.99278695e-06  2.22102240e-04  0.00000000e+00  2.22102240e-04  1.20000000e+00 
 2.22202240e-04  9.85210171e-01  2.22202240e-04  5.40433302e-01  2.22202240e-04  1.17952713e-06  2.22202240e-04 -1.69722361e-07  2.22202240e-04  5.63859291e-06  2.22202240e-04  0.00000000e+00  2.22202240e-04  1.20000000e+00 
 2.22302240e-04  9.82278697e-01  2.22302240e-04  5.40481985e-01  2.22302240e-04  1.23595925e-06  2.22302240e-04  1.69933582e-07  2.22302240e-04 -4.99278474e-06  2.22302240e-04  0.00000000e+00  2.22302240e-04  1.20000000e+00 
 2.22402240e-04  9.79347093e-01  2.22402240e-04  5.40434642e-01  2.22402240e-04  1.17952779e-06  2.22402240e-04 -1.69718259e-07  2.22402240e-04  5.63857462e-06  2.22402240e-04  0.00000000e+00  2.22402240e-04  1.20000000e+00 
 2.22502240e-04  9.76415716e-01  2.22502240e-04  5.40480902e-01  2.22502240e-04  1.23595860e-06  2.22502240e-04  1.69929402e-07  2.22502240e-04 -4.99278244e-06  2.22502240e-04  0.00000000e+00  2.22502240e-04  1.20000000e+00 
 2.22602240e-04  9.73484212e-01  2.22602240e-04  5.40435868e-01  2.22602240e-04  1.17952842e-06  2.22602240e-04 -1.69713808e-07  2.22602240e-04  5.63855538e-06  2.22602240e-04  0.00000000e+00  2.22602240e-04  1.20000000e+00 
 2.22702240e-04  9.70552937e-01  2.22702240e-04  5.40479938e-01  2.22702240e-04  1.23595800e-06  2.22702240e-04  1.69924906e-07  2.22702240e-04 -4.99278015e-06  2.22702240e-04  0.00000000e+00  2.22702240e-04  1.20000000e+00 
 2.22802240e-04  9.67621538e-01  2.22802240e-04  5.40436988e-01  2.22802240e-04  1.17952900e-06  2.22802240e-04 -1.69709085e-07  2.22802240e-04  5.63853512e-06  2.22802240e-04  0.00000000e+00  2.22802240e-04  1.20000000e+00 
 2.22902240e-04  9.64690371e-01  2.22902240e-04  5.40479085e-01  2.22902240e-04  1.23595743e-06  2.22902240e-04  1.69920164e-07  2.22902240e-04 -4.99277796e-06  2.22902240e-04  0.00000000e+00  2.22902240e-04  1.20000000e+00 
 2.23002240e-04  9.61759084e-01  2.23002240e-04  5.40438009e-01  2.23002240e-04  1.17952955e-06  2.23002240e-04 -1.69704151e-07  2.23002240e-04  5.63851376e-06  2.23002240e-04  0.00000000e+00  2.23002240e-04  1.20000000e+00 
 2.23102240e-04  9.58828034e-01  2.23102240e-04  5.40478333e-01  2.23102240e-04  1.23595690e-06  2.23102240e-04  1.69915232e-07  2.23102240e-04 -4.99277603e-06  2.23102240e-04  0.00000000e+00  2.23102240e-04  1.20000000e+00 
 2.23202240e-04  9.55896866e-01  2.23202240e-04  5.40438940e-01  2.23202240e-04  1.17953007e-06  2.23202240e-04 -1.69699057e-07  2.23202240e-04  5.63849124e-06  2.23202240e-04  0.00000000e+00  2.23202240e-04  1.20000000e+00 
 2.23302240e-04  9.52965941e-01  2.23302240e-04  5.40477674e-01  2.23302240e-04  1.23595640e-06  2.23302240e-04  1.69910155e-07  2.23302240e-04 -4.99277451e-06  2.23302240e-04  0.00000000e+00  2.23302240e-04  1.20000000e+00 
 2.23402240e-04  9.50034901e-01  2.23402240e-04  5.40439790e-01  2.23402240e-04  1.17953056e-06  2.23402240e-04 -1.69693842e-07  2.23402240e-04  5.63846747e-06  2.23402240e-04  0.00000000e+00  2.23402240e-04  1.20000000e+00 
 2.23502240e-04  9.47104111e-01  2.23502240e-04  5.40477098e-01  2.23502240e-04  1.23595592e-06  2.23502240e-04  1.69904970e-07  2.23502240e-04 -4.99277357e-06  2.23502240e-04  0.00000000e+00  2.23502240e-04  1.20000000e+00 
 2.23602240e-04  9.44173209e-01  2.23602240e-04  5.40440568e-01  2.23602240e-04  1.17953102e-06  2.23602240e-04 -1.69688539e-07  2.23602240e-04  5.63844236e-06  2.23602240e-04  0.00000000e+00  2.23602240e-04  1.20000000e+00 
 2.23702240e-04  9.41242567e-01  2.23702240e-04  5.40476595e-01  2.23702240e-04  1.23595548e-06  2.23702240e-04  1.69899706e-07  2.23702240e-04 -4.99277343e-06  2.23702240e-04  0.00000000e+00  2.23702240e-04  1.20000000e+00 
 2.23802240e-04  9.38311814e-01  2.23802240e-04  5.40441282e-01  2.23802240e-04  1.17953145e-06  2.23802240e-04 -1.69683173e-07  2.23802240e-04  5.63841583e-06  2.23802240e-04  0.00000000e+00  2.23802240e-04  1.20000000e+00 
 2.23902240e-04  9.35381332e-01  2.23902240e-04  5.40476159e-01  2.23902240e-04  1.23595505e-06  2.23902240e-04  1.69894387e-07  2.23902240e-04 -4.99277429e-06  2.23902240e-04  0.00000000e+00  2.23902240e-04  1.20000000e+00 
 2.24002240e-04  9.32450742e-01  2.24002240e-04  5.40441940e-01  2.24002240e-04  1.17953187e-06  2.24002240e-04 -1.69677766e-07  2.24002240e-04  5.63838779e-06  2.24002240e-04  0.00000000e+00  2.24002240e-04  1.20000000e+00 
 2.24102240e-04  9.29520434e-01  2.24102240e-04  5.40475781e-01  2.24102240e-04  1.23595465e-06  2.24102240e-04  1.69889032e-07  2.24102240e-04 -4.99277638e-06  2.24102240e-04  0.00000000e+00  2.24102240e-04  1.20000000e+00 
 2.24202240e-04  9.26590020e-01  2.24202240e-04  5.40442551e-01  2.24202240e-04  1.17953226e-06  2.24202240e-04 -1.69672333e-07  2.24202240e-04  5.63835811e-06  2.24202240e-04  0.00000000e+00  2.24202240e-04  1.20000000e+00 
 2.24302240e-04  9.23659905e-01  2.24302240e-04  5.40475454e-01  2.24302240e-04  1.23595427e-06  2.24302240e-04  1.69883656e-07  2.24302240e-04 -4.99277994e-06  2.24302240e-04  0.00000000e+00  2.24302240e-04  1.20000000e+00 
 2.24402240e-04  9.20729683e-01  2.24402240e-04  5.40443120e-01  2.24402240e-04  1.17953263e-06  2.24402240e-04 -1.69666890e-07  2.24402240e-04  5.63832669e-06  2.24402240e-04  0.00000000e+00  2.24402240e-04  1.20000000e+00 
 2.24502240e-04  9.17799777e-01  2.24502240e-04  5.40475171e-01  2.24502240e-04  1.23595390e-06  2.24502240e-04  1.69878273e-07  2.24502240e-04 -4.99278523e-06  2.24502240e-04  0.00000000e+00  2.24502240e-04  1.20000000e+00 
 2.24602240e-04  9.14869766e-01  2.24602240e-04  5.40443654e-01  2.24602240e-04  1.17953299e-06  2.24602240e-04 -1.69661447e-07  2.24602240e-04  5.63829343e-06  2.24602240e-04  0.00000000e+00  2.24602240e-04  1.20000000e+00 
 2.24702240e-04  9.11940089e-01  2.24702240e-04  5.40474927e-01  2.24702240e-04  1.23595355e-06  2.24702240e-04  1.69872893e-07  2.24702240e-04 -4.99279251e-06  2.24702240e-04  0.00000000e+00  2.24702240e-04  1.20000000e+00 
 2.24802240e-04  9.09010307e-01  2.24802240e-04  5.40444160e-01  2.24802240e-04  1.17953333e-06  2.24802240e-04 -1.69656015e-07  2.24802240e-04  5.63825819e-06  2.24802240e-04  0.00000000e+00  2.24802240e-04  1.20000000e+00 
 2.24902240e-04  9.06080882e-01  2.24902240e-04  5.40474717e-01  2.24902240e-04  1.23595322e-06  2.24902240e-04  1.69867525e-07  2.24902240e-04 -4.99280202e-06  2.24902240e-04  0.00000000e+00  2.24902240e-04  1.20000000e+00 
 2.25002240e-04  9.03151351e-01  2.25002240e-04  5.40444642e-01  2.25002240e-04  1.17953366e-06  2.25002240e-04 -1.69650599e-07  2.25002240e-04  5.63822085e-06  2.25002240e-04  0.00000000e+00  2.25002240e-04  1.20000000e+00 
 2.25102240e-04  9.00222200e-01  2.25102240e-04  5.40474537e-01  2.25102240e-04  1.23595290e-06  2.25102240e-04  1.69862175e-07  2.25102240e-04 -4.99281402e-06  2.25102240e-04  0.00000000e+00  2.25102240e-04  1.20000000e+00 
 2.25202240e-04  8.97292942e-01  2.25202240e-04  5.40445106e-01  2.25202240e-04  1.17953397e-06  2.25202240e-04 -1.69645208e-07  2.25202240e-04  5.63818131e-06  2.25202240e-04  0.00000000e+00  2.25202240e-04  1.20000000e+00 
 2.25302240e-04  8.94364091e-01  2.25302240e-04  5.40474384e-01  2.25302240e-04  1.23595260e-06  2.25302240e-04  1.69856850e-07  2.25302240e-04 -4.99282876e-06  2.25302240e-04  0.00000000e+00  2.25302240e-04  1.20000000e+00 
 2.25402240e-04  8.91435132e-01  2.25402240e-04  5.40445556e-01  2.25402240e-04  1.17953427e-06  2.25402240e-04 -1.69639845e-07  2.25402240e-04  5.63813944e-06  2.25402240e-04  0.00000000e+00  2.25402240e-04  1.20000000e+00 
 2.25502240e-04  8.88506607e-01  2.25502240e-04  5.40474256e-01  2.25502240e-04  1.23595230e-06  2.25502240e-04  1.69851554e-07  2.25502240e-04 -4.99284645e-06  2.25502240e-04  0.00000000e+00  2.25502240e-04  1.20000000e+00 
 2.25602240e-04  8.85577971e-01  2.25602240e-04  5.40445997e-01  2.25602240e-04  1.17953456e-06  2.25602240e-04 -1.69634515e-07  2.25602240e-04  5.63809515e-06  2.25602240e-04  0.00000000e+00  2.25602240e-04  1.20000000e+00 
 2.25702240e-04  8.82649800e-01  2.25702240e-04  5.40474150e-01  2.25702240e-04  1.23595202e-06  2.25702240e-04  1.69846291e-07  2.25702240e-04 -4.99286729e-06  2.25702240e-04  0.00000000e+00  2.25702240e-04  1.20000000e+00 
 2.25802240e-04  8.79721515e-01  2.25802240e-04  5.40446431e-01  2.25802240e-04  1.17953484e-06  2.25802240e-04 -1.69629221e-07  2.25802240e-04  5.63804836e-06  2.25802240e-04  0.00000000e+00  2.25802240e-04  1.20000000e+00 
 2.25902240e-04  8.76793726e-01  2.25902240e-04  5.40474066e-01  2.25902240e-04  1.23595175e-06  2.25902240e-04  1.69841064e-07  2.25902240e-04 -4.99289145e-06  2.25902240e-04  0.00000000e+00  2.25902240e-04  1.20000000e+00 
 2.26002240e-04  8.73865819e-01  2.26002240e-04  5.40446862e-01  2.26002240e-04  1.17953511e-06  2.26002240e-04 -1.69623964e-07  2.26002240e-04  5.63799899e-06  2.26002240e-04  0.00000000e+00  2.26002240e-04  1.20000000e+00 
 2.26102240e-04  8.70938442e-01  2.26102240e-04  5.40474004e-01  2.26102240e-04  1.23595148e-06  2.26102240e-04  1.69835874e-07  2.26102240e-04 -4.99291906e-06  2.26102240e-04  0.00000000e+00  2.26102240e-04  1.20000000e+00 
 2.26202240e-04  8.68010943e-01  2.26202240e-04  5.40447293e-01  2.26202240e-04  1.17953536e-06  2.26202240e-04 -1.69618747e-07  2.26202240e-04  5.63794700e-06  2.26202240e-04  0.00000000e+00  2.26202240e-04  1.20000000e+00 
 2.26302240e-04  8.65084007e-01  2.26302240e-04  5.40473964e-01  2.26302240e-04  1.23595123e-06  2.26302240e-04  1.69830722e-07  2.26302240e-04 -4.99295019e-06  2.26302240e-04  0.00000000e+00  2.26302240e-04  1.20000000e+00 
 2.26402240e-04  8.62156943e-01  2.26402240e-04  5.40447726e-01  2.26402240e-04  1.17953561e-06  2.26402240e-04 -1.69613569e-07  2.26402240e-04  5.63789236e-06  2.26402240e-04  0.00000000e+00  2.26402240e-04  1.20000000e+00 
 2.26502240e-04  8.59230478e-01  2.26502240e-04  5.40473945e-01  2.26502240e-04  1.23595099e-06  2.26502240e-04  1.69825607e-07  2.26502240e-04 -4.99298489e-06  2.26502240e-04  0.00000000e+00  2.26502240e-04  1.20000000e+00 
 2.26602240e-04  8.56303878e-01  2.26602240e-04  5.40448163e-01  2.26602240e-04  1.17953585e-06  2.26602240e-04 -1.69608430e-07  2.26602240e-04  5.63783509e-06  2.26602240e-04  0.00000000e+00  2.26602240e-04  1.20000000e+00 
 2.26702240e-04  8.53377913e-01  2.26702240e-04  5.40473949e-01  2.26702240e-04  1.23595075e-06  2.26702240e-04  1.69820531e-07  2.26702240e-04 -4.99302316e-06  2.26702240e-04  0.00000000e+00  2.26702240e-04  1.20000000e+00 
 2.26802240e-04  8.50451805e-01  2.26802240e-04  5.40448606e-01  2.26802240e-04  1.17953608e-06  2.26802240e-04 -1.69603329e-07  2.26802240e-04  5.63777519e-06  2.26802240e-04  0.00000000e+00  2.26802240e-04  1.20000000e+00 
 2.26902240e-04  8.47526368e-01  2.26902240e-04  5.40473976e-01  2.26902240e-04  1.23595052e-06  2.26902240e-04  1.69815490e-07  2.26902240e-04 -4.99306495e-06  2.26902240e-04  0.00000000e+00  2.26902240e-04  1.20000000e+00 
 2.27002240e-04  8.44600779e-01  2.27002240e-04  5.40449054e-01  2.27002240e-04  1.17953631e-06  2.27002240e-04 -1.69598265e-07  2.27002240e-04  5.63771273e-06  2.27002240e-04  0.00000000e+00  2.27002240e-04  1.20000000e+00 
 2.27102240e-04  8.41675898e-01  2.27102240e-04  5.40474027e-01  2.27102240e-04  1.23595031e-06  2.27102240e-04  1.69810484e-07  2.27102240e-04 -4.99311018e-06  2.27102240e-04  0.00000000e+00  2.27102240e-04  1.20000000e+00 
 2.27202240e-04  8.38750856e-01  2.27202240e-04  5.40449510e-01  2.27202240e-04  1.17953652e-06  2.27202240e-04 -1.69593234e-07  2.27202240e-04  5.63764775e-06  2.27202240e-04  0.00000000e+00  2.27202240e-04  1.20000000e+00 
 2.27302240e-04  8.35826556e-01  2.27302240e-04  5.40474101e-01  2.27302240e-04  1.23595010e-06  2.27302240e-04  1.69805510e-07  2.27302240e-04 -4.99315873e-06  2.27302240e-04  0.00000000e+00  2.27302240e-04  1.20000000e+00 
 2.27402240e-04  8.32902085e-01  2.27402240e-04  5.40449972e-01  2.27402240e-04  1.17953673e-06  2.27402240e-04 -1.69588235e-07  2.27402240e-04  5.63758033e-06  2.27402240e-04  0.00000000e+00  2.27402240e-04  1.20000000e+00 
 2.27502240e-04  8.29978391e-01  2.27502240e-04  5.40474199e-01  2.27502240e-04  1.23594989e-06  2.27502240e-04  1.69800565e-07  2.27502240e-04 -4.99321048e-06  2.27502240e-04  0.00000000e+00  2.27502240e-04  1.20000000e+00 
 2.27602240e-04  8.27054516e-01  2.27602240e-04  5.40450440e-01  2.27602240e-04  1.17953693e-06  2.27602240e-04 -1.69583265e-07  2.27602240e-04  5.63751057e-06  2.27602240e-04  0.00000000e+00  2.27602240e-04  1.20000000e+00 
 2.27702240e-04  8.24131451e-01  2.27702240e-04  5.40474319e-01  2.27702240e-04  1.23594969e-06  2.27702240e-04  1.69795648e-07  2.27702240e-04 -4.99326526e-06  2.27702240e-04  0.00000000e+00  2.27702240e-04  1.20000000e+00 
 2.27802240e-04  8.21208195e-01  2.27802240e-04  5.40450913e-01  2.27802240e-04  1.17953713e-06  2.27802240e-04 -1.69578322e-07  2.27802240e-04  5.63743854e-06  2.27802240e-04  0.00000000e+00  2.27802240e-04  1.20000000e+00 
 2.27902240e-04  8.18285781e-01  2.27902240e-04  5.40474461e-01  2.27902240e-04  1.23594950e-06  2.27902240e-04  1.69790756e-07  2.27902240e-04 -4.99332292e-06  2.27902240e-04  0.00000000e+00  2.27902240e-04  1.20000000e+00 
 2.28002240e-04  8.15363165e-01  2.28002240e-04  5.40451391e-01  2.28002240e-04  1.17953732e-06  2.28002240e-04 -1.69573404e-07  2.28002240e-04  5.63736435e-06  2.28002240e-04  0.00000000e+00  2.28002240e-04  1.20000000e+00 
 2.28102240e-04  8.12441423e-01  2.28102240e-04  5.40474623e-01  2.28102240e-04  1.23594932e-06  2.28102240e-04  1.69785887e-07  2.28102240e-04 -4.99338327e-06  2.28102240e-04  0.00000000e+00  2.28102240e-04  1.20000000e+00 
 2.28202240e-04  8.09519468e-01  2.28202240e-04  5.40451872e-01  2.28202240e-04  1.17953750e-06  2.28202240e-04 -1.69568509e-07  2.28202240e-04  5.63728810e-06  2.28202240e-04  0.00000000e+00  2.28202240e-04  1.20000000e+00 
 2.28302240e-04  8.06598416e-01  2.28302240e-04  5.40474803e-01  2.28302240e-04  1.23594914e-06  2.28302240e-04  1.69781041e-07  2.28302240e-04 -4.99344616e-06  2.28302240e-04  0.00000000e+00  2.28302240e-04  1.20000000e+00 
 2.28402240e-04  8.03677140e-01  2.28402240e-04  5.40452355e-01  2.28402240e-04  1.17953768e-06  2.28402240e-04 -1.69563636e-07  2.28402240e-04  5.63720988e-06  2.28402240e-04  0.00000000e+00  2.28402240e-04  1.20000000e+00 
 2.28502240e-04  8.00756796e-01  2.28502240e-04  5.40474997e-01  2.28502240e-04  1.23594896e-06  2.28502240e-04  1.69776216e-07  2.28502240e-04 -4.99351143e-06  2.28502240e-04  0.00000000e+00  2.28502240e-04  1.20000000e+00 
 2.28602240e-04  7.97836218e-01  2.28602240e-04  5.40452837e-01  2.28602240e-04  1.17953785e-06  2.28602240e-04 -1.69558784e-07  2.28602240e-04  5.63712979e-06  2.28602240e-04  0.00000000e+00  2.28602240e-04  1.20000000e+00 
 2.28702240e-04  7.94916598e-01  2.28702240e-04  5.40475204e-01  2.28702240e-04  1.23594879e-06  2.28702240e-04  1.69771412e-07  2.28702240e-04 -4.99357890e-06  2.28702240e-04  0.00000000e+00  2.28702240e-04  1.20000000e+00 
 2.28802240e-04  7.91996734e-01  2.28802240e-04  5.40453318e-01  2.28802240e-04  1.17953801e-06  2.28802240e-04 -1.69553955e-07  2.28802240e-04  5.63704790e-06  2.28802240e-04  0.00000000e+00  2.28802240e-04  1.20000000e+00 
 2.28902240e-04  7.89077854e-01  2.28902240e-04  5.40475421e-01  2.28902240e-04  1.23594863e-06  2.28902240e-04  1.69766631e-07  2.28902240e-04 -4.99364844e-06  2.28902240e-04  0.00000000e+00  2.28902240e-04  1.20000000e+00 
 2.29002240e-04  7.86158721e-01  2.29002240e-04  5.40453797e-01  2.29002240e-04  1.17953817e-06  2.29002240e-04 -1.69549149e-07  2.29002240e-04  5.63696432e-06  2.29002240e-04  0.00000000e+00  2.29002240e-04  1.20000000e+00 
 2.29102240e-04  7.83240595e-01  2.29102240e-04  5.40475645e-01  2.29102240e-04  1.23594847e-06  2.29102240e-04  1.69761875e-07  2.29102240e-04 -4.99371992e-06  2.29102240e-04  0.00000000e+00  2.29102240e-04  1.20000000e+00 
 2.29202240e-04  7.80322207e-01  2.29202240e-04  5.40454270e-01  2.29202240e-04  1.17953833e-06  2.29202240e-04 -1.69544370e-07  2.29202240e-04  5.63687911e-06  2.29202240e-04  0.00000000e+00  2.29202240e-04  1.20000000e+00 
 2.29302240e-04  7.77404849e-01  2.29302240e-04  5.40475871e-01  2.29302240e-04  1.23594832e-06  2.29302240e-04  1.69757145e-07  2.29302240e-04 -4.99379320e-06  2.29302240e-04  0.00000000e+00  2.29302240e-04  1.20000000e+00 
 2.29402240e-04  7.74487221e-01  2.29402240e-04  5.40454737e-01  2.29402240e-04  1.17953848e-06  2.29402240e-04 -1.69539619e-07  2.29402240e-04  5.63679235e-06  2.29402240e-04  0.00000000e+00  2.29402240e-04  1.20000000e+00 
 2.29502240e-04  7.71570643e-01  2.29502240e-04  5.40476099e-01  2.29502240e-04  1.23594817e-06  2.29502240e-04  1.69752446e-07  2.29502240e-04 -4.99386818e-06  2.29502240e-04  0.00000000e+00  2.29502240e-04  1.20000000e+00 
 2.29602240e-04  7.68653788e-01  2.29602240e-04  5.40455197e-01  2.29602240e-04  1.17953863e-06  2.29602240e-04 -1.69534900e-07  2.29602240e-04  5.63670411e-06  2.29602240e-04  0.00000000e+00  2.29602240e-04  1.20000000e+00 
 2.29702240e-04  7.65738004e-01  2.29702240e-04  5.40476324e-01  2.29702240e-04  1.23594802e-06  2.29702240e-04  1.69747781e-07  2.29702240e-04 -4.99394475e-06  2.29702240e-04  0.00000000e+00  2.29702240e-04  1.20000000e+00 
 2.29802240e-04  7.62821934e-01  2.29802240e-04  5.40455648e-01  2.29802240e-04  1.17953878e-06  2.29802240e-04 -1.69530219e-07  2.29802240e-04  5.63661444e-06  2.29802240e-04  0.00000000e+00  2.29802240e-04  1.20000000e+00 
 2.29902240e-04  7.59906955e-01  2.29902240e-04  5.40476544e-01  2.29902240e-04  1.23594788e-06  2.29902240e-04  1.69743156e-07  2.29902240e-04 -4.99402281e-06  2.29902240e-04  0.00000000e+00  2.29902240e-04  1.20000000e+00 
 2.30002240e-04  7.56991683e-01  2.30002240e-04  5.40456089e-01  2.30002240e-04  1.17953892e-06  2.30002240e-04 -1.69525580e-07  2.30002240e-04  5.63652341e-06  2.30002240e-04  0.00000000e+00  2.30002240e-04  1.20000000e+00 
 2.30102240e-04  7.54077520e-01  2.30102240e-04  5.40476757e-01  2.30102240e-04  1.23594774e-06  2.30102240e-04  1.69738575e-07  2.30102240e-04 -4.99410230e-06  2.30102240e-04  0.00000000e+00  2.30102240e-04  1.20000000e+00 
 2.30202240e-04  7.51163058e-01  2.30202240e-04  5.40456518e-01  2.30202240e-04  1.17953905e-06  2.30202240e-04 -1.69520989e-07  2.30202240e-04  5.63643107e-06  2.30202240e-04  0.00000000e+00  2.30202240e-04  1.20000000e+00 
 2.30302240e-04  7.48249721e-01  2.30302240e-04  5.40476961e-01  2.30302240e-04  1.23594761e-06  2.30302240e-04  1.69734045e-07  2.30302240e-04 -4.99418314e-06  2.30302240e-04  0.00000000e+00  2.30302240e-04  1.20000000e+00 
 2.30402240e-04  7.45336080e-01  2.30402240e-04  5.40456936e-01  2.30402240e-04  1.17953919e-06  2.30402240e-04 -1.69516451e-07  2.30402240e-04  5.63633746e-06  2.30402240e-04  0.00000000e+00  2.30402240e-04  1.20000000e+00 
 2.30502240e-04  7.42423581e-01  2.30502240e-04  5.40477154e-01  2.30502240e-04  1.23594748e-06  2.30502240e-04  1.69729571e-07  2.30502240e-04 -4.99426526e-06  2.30502240e-04  0.00000000e+00  2.30502240e-04  1.20000000e+00 
 2.30602240e-04  7.39510772e-01  2.30602240e-04  5.40457342e-01  2.30602240e-04  1.17953931e-06  2.30602240e-04 -1.69511972e-07  2.30602240e-04  5.63624263e-06  2.30602240e-04  0.00000000e+00  2.30602240e-04  1.20000000e+00 
 2.30702240e-04  7.36599120e-01  2.30702240e-04  5.40477335e-01  2.30702240e-04  1.23594735e-06  2.30702240e-04  1.69725158e-07  2.30702240e-04 -4.99434860e-06  2.30702240e-04  0.00000000e+00  2.30702240e-04  1.20000000e+00 
 2.30802240e-04  7.33687153e-01  2.30802240e-04  5.40457734e-01  2.30802240e-04  1.17953944e-06  2.30802240e-04 -1.69507559e-07  2.30802240e-04  5.63614660e-06  2.30802240e-04  0.00000000e+00  2.30802240e-04  1.20000000e+00 
 2.30902240e-04  7.30776358e-01  2.30902240e-04  5.40477502e-01  2.30902240e-04  1.23594723e-06  2.30902240e-04  1.69720814e-07  2.30902240e-04 -4.99443312e-06  2.30902240e-04  0.00000000e+00  2.30902240e-04  1.20000000e+00 
 2.31002240e-04  7.27865245e-01  2.31002240e-04  5.40458113e-01  2.31002240e-04  1.17953956e-06  2.31002240e-04 -1.69503217e-07  2.31002240e-04  5.63604943e-06  2.31002240e-04  0.00000000e+00  2.31002240e-04  1.20000000e+00 
 2.31102240e-04  7.24955316e-01  2.31102240e-04  5.40477655e-01  2.31102240e-04  1.23594711e-06  2.31102240e-04  1.69716544e-07  2.31102240e-04 -4.99451877e-06  2.31102240e-04  0.00000000e+00  2.31102240e-04  1.20000000e+00 
 2.31202240e-04  7.22045065e-01  2.31202240e-04  5.40458479e-01  2.31202240e-04  1.17953968e-06  2.31202240e-04 -1.69498951e-07  2.31202240e-04  5.63595113e-06  2.31202240e-04  0.00000000e+00  2.31202240e-04  1.20000000e+00 
 2.31302240e-04  7.19136012e-01  2.31302240e-04  5.40477794e-01  2.31302240e-04  1.23594699e-06  2.31302240e-04  1.69712352e-07  2.31302240e-04 -4.99460551e-06  2.31302240e-04  0.00000000e+00  2.31302240e-04  1.20000000e+00 
 2.31402240e-04  7.16226633e-01  2.31402240e-04  5.40458830e-01  2.31402240e-04  1.17953980e-06  2.31402240e-04 -1.69494767e-07  2.31402240e-04  5.63585174e-06  2.31402240e-04  0.00000000e+00  2.31402240e-04  1.20000000e+00 
 2.31502240e-04  7.13318464e-01  2.31502240e-04  5.40477918e-01  2.31502240e-04  1.23594688e-06  2.31502240e-04  1.69708244e-07  2.31502240e-04 -4.99469331e-06  2.31502240e-04  0.00000000e+00  2.31502240e-04  1.20000000e+00 
 2.31602240e-04  7.10409967e-01  2.31602240e-04  5.40459168e-01  2.31602240e-04  1.17953991e-06  2.31602240e-04 -1.69490670e-07  2.31602240e-04  5.63575127e-06  2.31602240e-04  0.00000000e+00  2.31602240e-04  1.20000000e+00 
 2.31702240e-04  7.07502691e-01  2.31702240e-04  5.40478027e-01  2.31702240e-04  1.23594677e-06  2.31702240e-04  1.69704225e-07  2.31702240e-04 -4.99478214e-06  2.31702240e-04  0.00000000e+00  2.31702240e-04  1.20000000e+00 
 2.31802240e-04  7.04595085e-01  2.31802240e-04  5.40459492e-01  2.31802240e-04  1.17954002e-06  2.31802240e-04 -1.69486663e-07  2.31802240e-04  5.63564976e-06  2.31802240e-04  0.00000000e+00  2.31802240e-04  1.20000000e+00 
 2.31902240e-04  7.01688711e-01  2.31902240e-04  5.40478122e-01  2.31902240e-04  1.23594666e-06  2.31902240e-04  1.69700298e-07  2.31902240e-04 -4.99487196e-06  2.31902240e-04  0.00000000e+00  2.31902240e-04  1.20000000e+00 
 2.32002240e-04  6.98782005e-01  2.32002240e-04  5.40459802e-01  2.32002240e-04  1.17954012e-06  2.32002240e-04 -1.69482750e-07  2.32002240e-04  5.63554722e-06  2.32002240e-04  0.00000000e+00  2.32002240e-04  1.20000000e+00 
 2.32102240e-04  6.95876541e-01  2.32102240e-04  5.40478202e-01  2.32102240e-04  1.23594655e-06  2.32102240e-04  1.69696466e-07  2.32102240e-04 -4.99496276e-06  2.32102240e-04  0.00000000e+00  2.32102240e-04  1.20000000e+00 
 2.32202240e-04  6.92970743e-01  2.32202240e-04  5.40460099e-01  2.32202240e-04  1.17954023e-06  2.32202240e-04 -1.69478935e-07  2.32202240e-04  5.63544367e-06  2.32202240e-04  0.00000000e+00  2.32202240e-04  1.20000000e+00 
 2.32302240e-04  6.90066198e-01  2.32302240e-04  5.40478270e-01  2.32302240e-04  1.23594645e-06  2.32302240e-04  1.69692731e-07  2.32302240e-04 -4.99505451e-06  2.32302240e-04  0.00000000e+00  2.32302240e-04  1.20000000e+00 
 2.32402240e-04  6.87161316e-01  2.32402240e-04  5.40460383e-01  2.32402240e-04  1.17954033e-06  2.32402240e-04 -1.69475219e-07  2.32402240e-04  5.63533912e-06  2.32402240e-04  0.00000000e+00  2.32402240e-04  1.20000000e+00 
 2.32502240e-04  6.84257698e-01  2.32502240e-04  5.40478324e-01  2.32502240e-04  1.23594636e-06  2.32502240e-04  1.69689097e-07  2.32502240e-04 -4.99514720e-06  2.32502240e-04  0.00000000e+00  2.32502240e-04  1.20000000e+00 
 2.32602240e-04  6.81353742e-01  2.32602240e-04  5.40460655e-01  2.32602240e-04  1.17954042e-06  2.32602240e-04 -1.69471603e-07  2.32602240e-04  5.63523359e-06  2.32602240e-04  0.00000000e+00  2.32602240e-04  1.20000000e+00 
 2.32702240e-04  6.78451058e-01  2.32702240e-04  5.40478366e-01  2.32702240e-04  1.23594626e-06  2.32702240e-04  1.69685564e-07  2.32702240e-04 -4.99524080e-06  2.32702240e-04  0.00000000e+00  2.32702240e-04  1.20000000e+00 
 2.32802240e-04  6.75548035e-01  2.32802240e-04  5.40460915e-01  2.32802240e-04  1.17954052e-06  2.32802240e-04 -1.69468090e-07  2.32802240e-04  5.63512710e-06  2.32802240e-04  0.00000000e+00  2.32802240e-04  1.20000000e+00 
 2.32902240e-04  6.72646294e-01  2.32902240e-04  5.40478396e-01  2.32902240e-04  1.23594617e-06  2.32902240e-04  1.69682134e-07  2.32902240e-04 -4.99533531e-06  2.32902240e-04  0.00000000e+00  2.32902240e-04  1.20000000e+00 
 2.33002240e-04  6.69744213e-01  2.33002240e-04  5.40461163e-01  2.33002240e-04  1.17954061e-06  2.33002240e-04 -1.69464679e-07  2.33002240e-04  5.63501964e-06  2.33002240e-04  0.00000000e+00  2.33002240e-04  1.20000000e+00 
 2.33102240e-04  6.66843422e-01  2.33102240e-04  5.40478416e-01  2.33102240e-04  1.23594608e-06  2.33102240e-04  1.69678805e-07  2.33102240e-04 -4.99543070e-06  2.33102240e-04  0.00000000e+00  2.33102240e-04  1.20000000e+00 
 2.33202240e-04  6.63942290e-01  2.33202240e-04  5.40461400e-01  2.33202240e-04  1.17954069e-06  2.33202240e-04 -1.69461371e-07  2.33202240e-04  5.63491125e-06  2.33202240e-04  0.00000000e+00  2.33202240e-04  1.20000000e+00 
 2.33302240e-04  6.61042458e-01  2.33302240e-04  5.40478427e-01  2.33302240e-04  1.23594600e-06  2.33302240e-04  1.69675578e-07  2.33302240e-04 -4.99552696e-06  2.33302240e-04  0.00000000e+00  2.33302240e-04  1.20000000e+00 
 2.33402240e-04  6.58142284e-01  2.33402240e-04  5.40461627e-01  2.33402240e-04  1.17954078e-06  2.33402240e-04 -1.69458164e-07  2.33402240e-04  5.63480191e-06  2.33402240e-04  0.00000000e+00  2.33402240e-04  1.20000000e+00 
 2.33502240e-04  6.55243417e-01  2.33502240e-04  5.40478428e-01  2.33502240e-04  1.23594591e-06  2.33502240e-04  1.69672453e-07  2.33502240e-04 -4.99562410e-06  2.33502240e-04  0.00000000e+00  2.33502240e-04  1.20000000e+00 
 2.33602240e-04  6.52344208e-01  2.33602240e-04  5.40461843e-01  2.33602240e-04  1.17954086e-06  2.33602240e-04 -1.69455059e-07  2.33602240e-04  5.63469165e-06  2.33602240e-04  0.00000000e+00  2.33602240e-04  1.20000000e+00 
 2.33702240e-04  6.49446314e-01  2.33702240e-04  5.40478421e-01  2.33702240e-04  1.23594583e-06  2.33702240e-04  1.69669427e-07  2.33702240e-04 -4.99572208e-06  2.33702240e-04  0.00000000e+00  2.33702240e-04  1.20000000e+00 
 2.33802240e-04  6.46548079e-01  2.33802240e-04  5.40462050e-01  2.33802240e-04  1.17954094e-06  2.33802240e-04 -1.69452053e-07  2.33802240e-04  5.63458046e-06  2.33802240e-04  0.00000000e+00  2.33802240e-04  1.20000000e+00 
 2.33902240e-04  6.43651166e-01  2.33902240e-04  5.40478407e-01  2.33902240e-04  1.23594575e-06  2.33902240e-04  1.69666501e-07  2.33902240e-04 -4.99582091e-06  2.33902240e-04  0.00000000e+00  2.33902240e-04  1.20000000e+00 
 2.34002240e-04  6.40753911e-01  2.34002240e-04  5.40462247e-01  2.34002240e-04  1.17954102e-06  2.34002240e-04 -1.69449145e-07  2.34002240e-04  5.63446837e-06  2.34002240e-04  0.00000000e+00  2.34002240e-04  1.20000000e+00 
 2.34102240e-04  6.37857986e-01  2.34102240e-04  5.40478386e-01  2.34102240e-04  1.23594568e-06  2.34102240e-04  1.69663670e-07  2.34102240e-04 -4.99592057e-06  2.34102240e-04  0.00000000e+00  2.34102240e-04  1.20000000e+00 
 2.34202240e-04  6.34961720e-01  2.34202240e-04  5.40462436e-01  2.34202240e-04  1.17954109e-06  2.34202240e-04 -1.69446334e-07  2.34202240e-04  5.63435537e-06  2.34202240e-04  0.00000000e+00  2.34202240e-04  1.20000000e+00 
 2.34302240e-04  6.32066791e-01  2.34302240e-04  5.40478360e-01  2.34302240e-04  1.23594561e-06  2.34302240e-04  1.69660935e-07  2.34302240e-04 -4.99602106e-06  2.34302240e-04  0.00000000e+00  2.34302240e-04  1.20000000e+00 
 2.34402240e-04  6.29171521e-01  2.34402240e-04  5.40462616e-01  2.34402240e-04  1.17954116e-06  2.34402240e-04 -1.69443616e-07  2.34402240e-04  5.63424147e-06  2.34402240e-04  0.00000000e+00  2.34402240e-04  1.20000000e+00 
 2.34502240e-04  6.26277595e-01  2.34502240e-04  5.40478328e-01  2.34502240e-04  1.23594553e-06  2.34502240e-04  1.69658292e-07  2.34502240e-04 -4.99612238e-06  2.34502240e-04  0.00000000e+00  2.34502240e-04  1.20000000e+00 
 2.34602240e-04  6.23383329e-01  2.34602240e-04  5.40462787e-01  2.34602240e-04  1.17954123e-06  2.34602240e-04 -1.69440989e-07  2.34602240e-04  5.63412669e-06  2.34602240e-04  0.00000000e+00  2.34602240e-04  1.20000000e+00 
 2.34702240e-04  6.20490414e-01  2.34702240e-04  5.40478292e-01  2.34702240e-04  1.23594547e-06  2.34702240e-04  1.69655739e-07  2.34702240e-04 -4.99622450e-06  2.34702240e-04  0.00000000e+00  2.34702240e-04  1.20000000e+00 
 2.34802240e-04  6.17597158e-01  2.34802240e-04  5.40462952e-01  2.34802240e-04  1.17954130e-06  2.34802240e-04 -1.69438452e-07  2.34802240e-04  5.63401101e-06  2.34802240e-04  0.00000000e+00  2.34802240e-04  1.20000000e+00 
 2.34902240e-04  6.14705261e-01  2.34902240e-04  5.40478253e-01  2.34902240e-04  1.23594540e-06  2.34902240e-04  1.69653274e-07  2.34902240e-04 -4.99632743e-06  2.34902240e-04  0.00000000e+00  2.34902240e-04  1.20000000e+00 
 2.35000010e-04  6.11877495e-01  2.35000010e-04  5.40463110e-01  2.35000010e-04  1.17954136e-06  2.35000010e-04 -1.69435974e-07  2.35000010e-04  5.63389560e-06  2.35000010e-04  0.00000000e+00  2.35000010e-04  1.20000000e+00 
 2.35000011e-04  6.11850782e-01  2.35000011e-04  5.38061842e-01  2.35000011e-04  1.77098656e-06  2.35000011e-04  3.35115611e-06  2.35000011e-04 -1.13600732e-04  2.35000011e-04  0.00000000e+00  2.35000011e-04  1.08000000e+00 
 2.35000013e-04  6.11810498e-01  2.35000013e-04  5.33594827e-01  2.35000013e-04  1.71506345e-06  2.35000013e-04  2.92338688e-06  2.35000013e-04 -1.03766967e-04  2.35000013e-04  0.00000000e+00  2.35000013e-04  8.40000000e-01 
 2.35000016e-04  6.11769729e-01  2.35000016e-04  5.25924648e-01  2.35000016e-04  1.64954915e-06  2.35000016e-04  3.27804941e-06  2.35000016e-04 -8.30311192e-05  2.35000016e-04  0.00000000e+00  2.35000016e-04  4.20000001e-01 
 2.35000020e-04  6.11745247e-01  2.35000020e-04  5.20612153e-01  2.35000020e-04  1.35815597e-06  2.35000020e-04  1.13125612e-06  2.35000020e-04 -2.89950451e-05  2.35000020e-04  0.00000000e+00  2.35000020e-04  3.16866000e-09 
 2.35000021e-04  6.11745034e-01  2.35000021e-04  5.20711248e-01  2.35000021e-04  1.21348371e-06  2.35000021e-04 -3.67049532e-08  2.35000021e-04 -3.50517529e-06  2.35000021e-04  0.00000000e+00  2.35000021e-04  0.00000000e+00 
 2.35000022e-04  6.11745037e-01  2.35000022e-04  5.20986968e-01  2.35000022e-04  1.18571050e-06  2.35000022e-04 -2.06589448e-07  2.35000022e-04  1.95181134e-06  2.35000022e-04  0.00000000e+00  2.35000022e-04  0.00000000e+00 
 2.35000025e-04  6.11745108e-01  2.35000025e-04  5.21363819e-01  2.35000025e-04  1.23864877e-06  2.35000025e-04  1.15818749e-07  2.35000025e-04 -2.84526560e-06  2.35000025e-04  0.00000000e+00  2.35000025e-04  0.00000000e+00 
 2.35000030e-04  6.11745153e-01  2.35000030e-04  5.21742316e-01  2.35000030e-04  1.21434231e-06  2.35000030e-04 -4.60393442e-08  2.35000030e-04  1.80167365e-06  2.35000030e-04  0.00000000e+00  2.35000030e-04  0.00000000e+00 
 2.35000042e-04  6.11745286e-01  2.35000042e-04  5.22146799e-01  2.35000042e-04  1.24590723e-06  2.35000042e-04  1.68026515e-07  2.35000042e-04 -2.63321586e-06  2.35000042e-04  0.00000000e+00  2.35000042e-04  0.00000000e+00 
 2.35000064e-04  6.11745468e-01  2.35000064e-04  5.22726094e-01  2.35000064e-04  1.20721819e-06  2.35000064e-04 -6.18553006e-08  2.35000064e-04  1.84318787e-06  2.35000064e-04  0.00000000e+00  2.35000064e-04  0.00000000e+00 
 2.35000109e-04  6.11745869e-01  2.35000109e-04  5.23526996e-01  2.35000109e-04  1.23215476e-06  2.35000109e-04  1.44166589e-07  2.35000109e-04 -2.44100026e-06  2.35000109e-04  0.00000000e+00  2.35000109e-04  0.00000000e+00 
 2.35000198e-04  6.11746517e-01  2.35000198e-04  5.24359336e-01  2.35000198e-04  1.19290380e-06  2.35000198e-04 -6.57585761e-08  2.35000198e-04  2.07444612e-06  2.35000198e-04  0.00000000e+00  2.35000198e-04  0.00000000e+00 
 2.35000378e-04  6.11747691e-01  2.35000378e-04  5.25277288e-01  2.35000378e-04  1.22199515e-06  2.35000378e-04  1.48146308e-07  2.35000378e-04 -2.17030021e-06  2.35000378e-04  0.00000000e+00  2.35000378e-04  0.00000000e+00 
 2.35000736e-04  6.11749499e-01  2.35000736e-04  5.26438151e-01  2.35000736e-04  1.19034842e-06  2.35000736e-04 -7.00970564e-08  2.35000736e-04  2.20676450e-06  2.35000736e-04  0.00000000e+00  2.35000736e-04  0.00000000e+00 
 2.35001453e-04  6.11752115e-01  2.35001453e-04  5.27508272e-01  2.35001453e-04  1.22322169e-06  2.35001453e-04  1.31721345e-07  2.35001453e-04 -2.15802979e-06  2.35001453e-04  0.00000000e+00  2.35001453e-04  0.00000000e+00 
 2.35002886e-04  6.11755896e-01  2.35002886e-04  5.27570269e-01  2.35002886e-04  1.19163463e-06  2.35002886e-04 -9.19595478e-08  2.35002886e-04  2.20237947e-06  2.35002886e-04  0.00000000e+00  2.35002886e-04  0.00000000e+00 
 2.35005754e-04  6.11763195e-01  2.35005754e-04  5.26619609e-01  2.35005754e-04  1.22367374e-06  2.35005754e-04  1.11689981e-07  2.35005754e-04 -2.16262072e-06  2.35005754e-04  0.00000000e+00  2.35005754e-04  0.00000000e+00 
 2.35011488e-04  6.11776632e-01  2.35011488e-04  5.27503429e-01  2.35011488e-04  1.19144853e-06  2.35011488e-04 -1.08244881e-07  2.35011488e-04  2.19171070e-06  2.35011488e-04  0.00000000e+00  2.35011488e-04  0.00000000e+00 
 2.35022957e-04  6.11794123e-01  2.35022957e-04  5.36453341e-01  2.35022957e-04  1.22355256e-06  2.35022957e-04  9.49510056e-08  2.35022957e-04 -2.17962304e-06  2.35022957e-04  0.00000000e+00  2.35022957e-04  0.00000000e+00 
 2.35045894e-04  6.11808352e-01  2.35045894e-04  5.41765021e-01  2.35045894e-04  1.19192440e-06  2.35045894e-04 -1.02296653e-07  2.35045894e-04  2.18413233e-06  2.35045894e-04  0.00000000e+00  2.35045894e-04  0.00000000e+00 
 2.35074046e-04  6.11809376e-01  2.35074046e-04  5.39755208e-01  2.35074046e-04  1.22362990e-06  2.35074046e-04  1.04601233e-07  2.35074046e-04 -2.17882468e-06  2.35074046e-04  0.00000000e+00  2.35074046e-04  0.00000000e+00 
 2.35129025e-04  6.11800611e-01  2.35129025e-04  5.41046151e-01  2.35129025e-04  1.19183047e-06  2.35129025e-04 -1.04971941e-07  2.35129025e-04  2.18369914e-06  2.35129025e-04  0.00000000e+00  2.35129025e-04  0.00000000e+00 
 2.35229025e-04  6.11780005e-01  2.35229025e-04  5.39964725e-01  2.35229025e-04  1.22366842e-06  2.35229025e-04  1.05433173e-07  2.35229025e-04 -2.17863798e-06  2.35229025e-04  0.00000000e+00  2.35229025e-04  0.00000000e+00 
 2.35329025e-04  6.11759776e-01  2.35329025e-04  5.40934673e-01  2.35329025e-04  1.19180721e-06  2.35329025e-04 -1.05421655e-07  2.35329025e-04  2.18358005e-06  2.35329025e-04  0.00000000e+00  2.35329025e-04  0.00000000e+00 
 2.35429025e-04  6.11739472e-01  2.35429025e-04  5.40059339e-01  2.35429025e-04  1.22368932e-06  2.35429025e-04  1.05808359e-07  2.35429025e-04 -2.17852830e-06  2.35429025e-04  0.00000000e+00  2.35429025e-04  0.00000000e+00 
 2.35529025e-04  6.11719104e-01  2.35529025e-04  5.40854598e-01  2.35529025e-04  1.19178838e-06  2.35529025e-04 -1.05734789e-07  2.35529025e-04  2.18347794e-06  2.35529025e-04  0.00000000e+00  2.35529025e-04  0.00000000e+00 
 2.35629025e-04  6.11698881e-01  2.35629025e-04  5.40128663e-01  2.35629025e-04  1.22370636e-06  2.35629025e-04  1.06069639e-07  2.35629025e-04 -2.17843410e-06  2.35629025e-04  0.00000000e+00  2.35629025e-04  0.00000000e+00 
 2.35729025e-04  6.11678465e-01  2.35729025e-04  5.40794675e-01  2.35729025e-04  1.19177289e-06  2.35729025e-04 -1.05952412e-07  2.35729025e-04  2.18339004e-06  2.35729025e-04  0.00000000e+00  2.35729025e-04  0.00000000e+00 
 2.35829025e-04  6.11658279e-01  2.35829025e-04  5.40181473e-01  2.35829025e-04  1.22372049e-06  2.35829025e-04  1.06250391e-07  2.35829025e-04 -2.17835285e-06  2.35829025e-04  0.00000000e+00  2.35829025e-04  0.00000000e+00 
 2.35929025e-04  6.11637838e-01  2.35929025e-04  5.40748194e-01  2.35929025e-04  1.19175995e-06  2.35929025e-04 -1.06101843e-07  2.35929025e-04  2.18331403e-06  2.35929025e-04  0.00000000e+00  2.35929025e-04  0.00000000e+00 
 2.36029025e-04  6.11617676e-01  2.36029025e-04  5.40223056e-01  2.36029025e-04  1.22373240e-06  2.36029025e-04  1.06373156e-07  2.36029025e-04 -2.17828240e-06  2.36029025e-04  0.00000000e+00  2.36029025e-04  0.00000000e+00 
 2.36129025e-04  6.11597220e-01  2.36129025e-04  5.40711048e-01  2.36129025e-04  1.19174897e-06  2.36129025e-04 -1.06201806e-07  2.36129025e-04  2.18324792e-06  2.36129025e-04  0.00000000e+00  2.36129025e-04  0.00000000e+00 
 2.36229025e-04  6.11577071e-01  2.36229025e-04  5.40256691e-01  2.36229025e-04  1.22374256e-06  2.36229025e-04  1.06453595e-07  2.36229025e-04 -2.17822095e-06  2.36229025e-04  0.00000000e+00  2.36229025e-04  0.00000000e+00 
 2.36329025e-04  6.11556609e-01  2.36329025e-04  5.40680648e-01  2.36329025e-04  1.19173953e-06  2.36329025e-04 -1.06265484e-07  2.36329025e-04  2.18319007e-06  2.36329025e-04  0.00000000e+00  2.36329025e-04  0.00000000e+00 
 2.36429025e-04  6.11536466e-01  2.36429025e-04  5.40284476e-01  2.36429025e-04  1.22375135e-06  2.36429025e-04  1.06502876e-07  2.36429025e-04 -2.17816702e-06  2.36429025e-04  0.00000000e+00  2.36429025e-04  0.00000000e+00 
 2.36529025e-04  6.11516003e-01  2.36529025e-04  5.40655305e-01  2.36529025e-04  1.19173133e-06  2.36529025e-04 -1.06302385e-07  2.36529025e-04  2.18313914e-06  2.36529025e-04  0.00000000e+00  2.36529025e-04  0.00000000e+00 
 2.36629025e-04  6.11495862e-01  2.36629025e-04  5.40307806e-01  2.36629025e-04  1.22375901e-06  2.36629025e-04  1.06529137e-07  2.36629025e-04 -2.17811937e-06  2.36629025e-04  0.00000000e+00  2.36629025e-04  0.00000000e+00 
 2.36729025e-04  6.11475402e-01  2.36729025e-04  5.40633879e-01  2.36729025e-04  1.19172415e-06  2.36729025e-04 -1.06319504e-07  2.36729025e-04  2.18309397e-06  2.36729025e-04  0.00000000e+00  2.36729025e-04  0.00000000e+00 
 2.36829025e-04  6.11455259e-01  2.36829025e-04  5.40327637e-01  2.36829025e-04  1.22376575e-06  2.36829025e-04  1.06538413e-07  2.36829025e-04 -2.17807697e-06  2.36829025e-04  0.00000000e+00  2.36829025e-04  0.00000000e+00 
 2.36929025e-04  6.11434805e-01  2.36929025e-04  5.40615569e-01  2.36929025e-04  1.19171782e-06  2.36929025e-04 -1.06322065e-07  2.36929025e-04  2.18305363e-06  2.36929025e-04  0.00000000e+00  2.36929025e-04  0.00000000e+00 
 2.37029025e-04  6.11414657e-01  2.37029025e-04  5.40344654e-01  2.37029025e-04  1.22377171e-06  2.37029025e-04  1.06535243e-07  2.37029025e-04 -2.17803898e-06  2.37029025e-04  0.00000000e+00  2.37029025e-04  0.00000000e+00 
 2.37129025e-04  6.11394211e-01  2.37129025e-04  5.40599790e-01  2.37129025e-04  1.19171219e-06  2.37129025e-04 -1.06314019e-07  2.37129025e-04  2.18301734e-06  2.37129025e-04  0.00000000e+00  2.37129025e-04  0.00000000e+00 
 2.37229025e-04  6.11374056e-01  2.37229025e-04  5.40359366e-01  2.37229025e-04  1.22377702e-06  2.37229025e-04  1.06523068e-07  2.37229025e-04 -2.17800469e-06  2.37229025e-04  0.00000000e+00  2.37229025e-04  0.00000000e+00 
 2.37329025e-04  6.11353624e-01  2.37329025e-04  5.40586280e-01  2.37329025e-04  1.19170714e-06  2.37329025e-04 -1.06298384e-07  2.37329025e-04  2.18298372e-06  2.37329025e-04  0.00000000e+00  2.37329025e-04  0.00000000e+00 
 2.37429025e-04  6.11333467e-01  2.37429025e-04  5.40372368e-01  2.37429025e-04  1.22378176e-06  2.37429025e-04  1.06504514e-07  2.37429025e-04 -2.17797424e-06  2.37429025e-04  0.00000000e+00  2.37429025e-04  0.00000000e+00 
 2.37529025e-04  6.11313048e-01  2.37529025e-04  5.40574322e-01  2.37529025e-04  1.19170266e-06  2.37529025e-04 -1.06277416e-07  2.37529025e-04  2.18295381e-06  2.37529025e-04  0.00000000e+00  2.37529025e-04  0.00000000e+00 
 2.37629025e-04  6.11292882e-01  2.37629025e-04  5.40383499e-01  2.37629025e-04  1.22378601e-06  2.37629025e-04  1.06481591e-07  2.37629025e-04 -2.17794560e-06  2.37629025e-04  0.00000000e+00  2.37629025e-04  0.00000000e+00 
 2.37729025e-04  6.11272472e-01  2.37729025e-04  5.40563851e-01  2.37729025e-04  1.19169863e-06  2.37729025e-04 -1.06252918e-07  2.37729025e-04  2.18292631e-06  2.37729025e-04  0.00000000e+00  2.37729025e-04  0.00000000e+00 
 2.37829025e-04  6.11252296e-01  2.37829025e-04  5.40393269e-01  2.37829025e-04  1.22378984e-06  2.37829025e-04  1.06455854e-07  2.37829025e-04 -2.17791919e-06  2.37829025e-04  0.00000000e+00  2.37829025e-04  0.00000000e+00 
 2.37929025e-04  6.11231897e-01  2.37929025e-04  5.40554648e-01  2.37929025e-04  1.19169500e-06  2.37929025e-04 -1.06226230e-07  2.37929025e-04  2.18290085e-06  2.37929025e-04  0.00000000e+00  2.37929025e-04  0.00000000e+00 
 2.38029025e-04  6.11211712e-01  2.38029025e-04  5.40401874e-01  2.38029025e-04  1.22379330e-06  2.38029025e-04  1.06428471e-07  2.38029025e-04 -2.17789470e-06  2.38029025e-04  0.00000000e+00  2.38029025e-04  0.00000000e+00 
 2.38129025e-04  6.11191323e-01  2.38129025e-04  5.40546533e-01  2.38129025e-04  1.19169171e-06  2.38129025e-04 -1.06198372e-07  2.38129025e-04  2.18287713e-06  2.38129025e-04  0.00000000e+00  2.38129025e-04  0.00000000e+00 
 2.38229025e-04  6.11171128e-01  2.38229025e-04  5.40409475e-01  2.38229025e-04  1.22379643e-06  2.38229025e-04  1.06400332e-07  2.38229025e-04 -2.17787182e-06  2.38229025e-04  0.00000000e+00  2.38229025e-04  0.00000000e+00 
 2.38329025e-04  6.11150749e-01  2.38329025e-04  5.40539357e-01  2.38329025e-04  1.19168873e-06  2.38329025e-04 -1.06170116e-07  2.38329025e-04  2.18285489e-06  2.38329025e-04  0.00000000e+00  2.38329025e-04  0.00000000e+00 
 2.38429025e-04  6.11130546e-01  2.38429025e-04  5.40416208e-01  2.38429025e-04  1.22379927e-06  2.38429025e-04  1.06372103e-07  2.38429025e-04 -2.17785032e-06  2.38429025e-04  0.00000000e+00  2.38429025e-04  0.00000000e+00 
 2.38529025e-04  6.11110176e-01  2.38529025e-04  5.40532995e-01  2.38529025e-04  1.19168602e-06  2.38529025e-04 -1.06142035e-07  2.38529025e-04  2.18283391e-06  2.38529025e-04  0.00000000e+00  2.38529025e-04  0.00000000e+00 
 2.38629025e-04  6.11089965e-01  2.38629025e-04  5.40422188e-01  2.38629025e-04  1.22380186e-06  2.38629025e-04  1.06344277e-07  2.38629025e-04 -2.17783000e-06  2.38629025e-04  0.00000000e+00  2.38629025e-04  0.00000000e+00 
 2.38729025e-04  6.11069604e-01  2.38729025e-04  5.40527339e-01  2.38729025e-04  1.19168355e-06  2.38729025e-04 -1.06114552e-07  2.38729025e-04  2.18281402e-06  2.38729025e-04  0.00000000e+00  2.38729025e-04  0.00000000e+00 
 2.38829025e-04  6.11049385e-01  2.38829025e-04  5.40427511e-01  2.38829025e-04  1.22380421e-06  2.38829025e-04  1.06317213e-07  2.38829025e-04 -2.17781070e-06  2.38829025e-04  0.00000000e+00  2.38829025e-04  0.00000000e+00 
 2.38929025e-04  6.11029033e-01  2.38929025e-04  5.40522299e-01  2.38929025e-04  1.19168130e-06  2.38929025e-04 -1.06087969e-07  2.38929025e-04  2.18279506e-06  2.38929025e-04  0.00000000e+00  2.38929025e-04  0.00000000e+00 
 2.39029025e-04  6.11008807e-01  2.39029025e-04  5.40432261e-01  2.39029025e-04  1.22380637e-06  2.39029025e-04  1.06291164e-07  2.39029025e-04 -2.17779228e-06  2.39029025e-04  0.00000000e+00  2.39029025e-04  0.00000000e+00 
 2.39129025e-04  6.10988463e-01  2.39129025e-04  5.40517797e-01  2.39129025e-04  1.19167924e-06  2.39129025e-04 -1.06062494e-07  2.39129025e-04  2.18277691e-06  2.39129025e-04  0.00000000e+00  2.39129025e-04  0.00000000e+00 
 2.39229025e-04  6.10968230e-01  2.39229025e-04  5.40436509e-01  2.39229025e-04  1.22380834e-06  2.39229025e-04  1.06266298e-07  2.39229025e-04 -2.17777461e-06  2.39229025e-04  0.00000000e+00  2.39229025e-04  0.00000000e+00 
 2.39329025e-04  6.10947894e-01  2.39329025e-04  5.40513768e-01  2.39329025e-04  1.19167736e-06  2.39329025e-04 -1.06038264e-07  2.39329025e-04  2.18275946e-06  2.39329025e-04  0.00000000e+00  2.39329025e-04  0.00000000e+00 
 2.39429025e-04  6.10927656e-01  2.39429025e-04  5.40440318e-01  2.39429025e-04  1.22381014e-06  2.39429025e-04  1.06242723e-07  2.39429025e-04 -2.17775759e-06  2.39429025e-04  0.00000000e+00  2.39429025e-04  0.00000000e+00 
 2.39529025e-04  6.10907325e-01  2.39529025e-04  5.40510152e-01  2.39529025e-04  1.19167563e-06  2.39529025e-04 -1.06015357e-07  2.39529025e-04  2.18274262e-06  2.39529025e-04  0.00000000e+00  2.39529025e-04  0.00000000e+00 
 2.39629025e-04  6.10887082e-01  2.39629025e-04  5.40443739e-01  2.39629025e-04  1.22381180e-06  2.39629025e-04  1.06220495e-07  2.39629025e-04 -2.17774115e-06  2.39629025e-04  0.00000000e+00  2.39629025e-04  0.00000000e+00 
 2.39729025e-04  6.10866758e-01  2.39729025e-04  5.40506902e-01  2.39729025e-04  1.19167404e-06  2.39729025e-04 -1.05993812e-07  2.39729025e-04  2.18272630e-06  2.39729025e-04  0.00000000e+00  2.39729025e-04  0.00000000e+00 
 2.39829025e-04  6.10846511e-01  2.39829025e-04  5.40446818e-01  2.39829025e-04  1.22381333e-06  2.39829025e-04  1.06199634e-07  2.39829025e-04 -2.17772520e-06  2.39829025e-04  0.00000000e+00  2.39829025e-04  0.00000000e+00 
 2.39929025e-04  6.10826192e-01  2.39929025e-04  5.40503973e-01  2.39929025e-04  1.19167258e-06  2.39929025e-04 -1.05973632e-07  2.39929025e-04  2.18271044e-06  2.39929025e-04  0.00000000e+00  2.39929025e-04  0.00000000e+00 
 2.40029025e-04  6.10805941e-01  2.40029025e-04  5.40449596e-01  2.40029025e-04  1.22381473e-06  2.40029025e-04  1.06180131e-07  2.40029025e-04 -2.17770969e-06  2.40029025e-04  0.00000000e+00  2.40029025e-04  0.00000000e+00 
 2.40129025e-04  6.10785627e-01  2.40129025e-04  5.40501328e-01  2.40129025e-04  1.19167123e-06  2.40129025e-04 -1.05954799e-07  2.40129025e-04  2.18269500e-06  2.40129025e-04  0.00000000e+00  2.40129025e-04  0.00000000e+00 
 2.40229025e-04  6.10765373e-01  2.40229025e-04  5.40452107e-01  2.40229025e-04  1.22381603e-06  2.40229025e-04  1.06161958e-07  2.40229025e-04 -2.17769456e-06  2.40229025e-04  0.00000000e+00  2.40229025e-04  0.00000000e+00 
 2.40329025e-04  6.10745063e-01  2.40329025e-04  5.40498936e-01  2.40329025e-04  1.19166998e-06  2.40329025e-04 -1.05937275e-07  2.40329025e-04  2.18267990e-06  2.40329025e-04  0.00000000e+00  2.40329025e-04  0.00000000e+00 
 2.40429025e-04  6.10724806e-01  2.40429025e-04  5.40454381e-01  2.40429025e-04  1.22381723e-06  2.40429025e-04  1.06145071e-07  2.40429025e-04 -2.17767977e-06  2.40429025e-04  0.00000000e+00  2.40429025e-04  0.00000000e+00 
 2.40529025e-04  6.10704501e-01  2.40529025e-04  5.40496767e-01  2.40529025e-04  1.19166883e-06  2.40529025e-04 -1.05921010e-07  2.40529025e-04  2.18266513e-06  2.40529025e-04  0.00000000e+00  2.40529025e-04  0.00000000e+00 
 2.40629025e-04  6.10684241e-01  2.40629025e-04  5.40456444e-01  2.40629025e-04  1.22381834e-06  2.40629025e-04  1.06129416e-07  2.40629025e-04 -2.17766527e-06  2.40629025e-04  0.00000000e+00  2.40629025e-04  0.00000000e+00 
 2.40729025e-04  6.10663940e-01  2.40729025e-04  5.40494798e-01  2.40729025e-04  1.19166776e-06  2.40729025e-04 -1.05905948e-07  2.40729025e-04  2.18265063e-06  2.40729025e-04  0.00000000e+00  2.40729025e-04  0.00000000e+00 
 2.40829025e-04  6.10643678e-01  2.40829025e-04  5.40458320e-01  2.40829025e-04  1.22381936e-06  2.40829025e-04  1.06114930e-07  2.40829025e-04 -2.17765104e-06  2.40829025e-04  0.00000000e+00  2.40829025e-04  0.00000000e+00 
 2.40929025e-04  6.10623380e-01  2.40929025e-04  5.40493005e-01  2.40929025e-04  1.19166678e-06  2.40929025e-04 -1.05892023e-07  2.40929025e-04  2.18263638e-06  2.40929025e-04  0.00000000e+00  2.40929025e-04  0.00000000e+00 
 2.41029025e-04  6.10603117e-01  2.41029025e-04  5.40460029e-01  2.41029025e-04  1.22382032e-06  2.41029025e-04  1.06101550e-07  2.41029025e-04 -2.17763705e-06  2.41029025e-04  0.00000000e+00  2.41029025e-04  0.00000000e+00 
 2.41129025e-04  6.10582821e-01  2.41129025e-04  5.40491371e-01  2.41129025e-04  1.19166586e-06  2.41129025e-04 -1.05879170e-07  2.41129025e-04  2.18262235e-06  2.41129025e-04  0.00000000e+00  2.41129025e-04  0.00000000e+00 
 2.41229025e-04  6.10562557e-01  2.41229025e-04  5.40461589e-01  2.41229025e-04  1.22382120e-06  2.41229025e-04  1.06089209e-07  2.41229025e-04 -2.17762326e-06  2.41229025e-04  0.00000000e+00  2.41229025e-04  0.00000000e+00 
 2.41329025e-04  6.10542264e-01  2.41329025e-04  5.40489879e-01  2.41329025e-04  1.19166501e-06  2.41329025e-04 -1.05867322e-07  2.41329025e-04  2.18260851e-06  2.41329025e-04  0.00000000e+00  2.41329025e-04  0.00000000e+00 
 2.41429025e-04  6.10521998e-01  2.41429025e-04  5.40463015e-01  2.41429025e-04  1.22382202e-06  2.41429025e-04  1.06077837e-07  2.41429025e-04 -2.17760966e-06  2.41429025e-04  0.00000000e+00  2.41429025e-04  0.00000000e+00 
 2.41529025e-04  6.10501708e-01  2.41529025e-04  5.40488514e-01  2.41529025e-04  1.19166422e-06  2.41529025e-04 -1.05856411e-07  2.41529025e-04  2.18259486e-06  2.41529025e-04  0.00000000e+00  2.41529025e-04  0.00000000e+00 
 2.41629025e-04  6.10481442e-01  2.41629025e-04  5.40464320e-01  2.41629025e-04  1.22382278e-06  2.41629025e-04  1.06067370e-07  2.41629025e-04 -2.17759623e-06  2.41629025e-04  0.00000000e+00  2.41629025e-04  0.00000000e+00 
 2.41729025e-04  6.10461153e-01  2.41729025e-04  5.40487262e-01  2.41729025e-04  1.19166348e-06  2.41729025e-04 -1.05846371e-07  2.41729025e-04  2.18258136e-06  2.41729025e-04  0.00000000e+00  2.41729025e-04  0.00000000e+00 
 2.41829025e-04  6.10440887e-01  2.41829025e-04  5.40465518e-01  2.41829025e-04  1.22382349e-06  2.41829025e-04  1.06057742e-07  2.41829025e-04 -2.17758295e-06  2.41829025e-04  0.00000000e+00  2.41829025e-04  0.00000000e+00 
 2.41929025e-04  6.10420600e-01  2.41929025e-04  5.40486113e-01  2.41929025e-04  1.19166280e-06  2.41929025e-04 -1.05837139e-07  2.41929025e-04  2.18256800e-06  2.41929025e-04  0.00000000e+00  2.41929025e-04  0.00000000e+00 
 2.42029025e-04  6.10400334e-01  2.42029025e-04  5.40466619e-01  2.42029025e-04  1.22382416e-06  2.42029025e-04  1.06048890e-07  2.42029025e-04 -2.17756981e-06  2.42029025e-04  0.00000000e+00  2.42029025e-04  0.00000000e+00 
 2.42129025e-04  6.10380048e-01  2.42129025e-04  5.40485057e-01  2.42129025e-04  1.19166215e-06  2.42129025e-04 -1.05828652e-07  2.42129025e-04  2.18255478e-06  2.42129025e-04  0.00000000e+00  2.42129025e-04  0.00000000e+00 
 2.42229025e-04  6.10359782e-01  2.42229025e-04  5.40467632e-01  2.42229025e-04  1.22382477e-06  2.42229025e-04  1.06040755e-07  2.42229025e-04 -2.17755679e-06  2.42229025e-04  0.00000000e+00  2.42229025e-04  0.00000000e+00 
 2.42329025e-04  6.10339498e-01  2.42329025e-04  5.40484084e-01  2.42329025e-04  1.19166156e-06  2.42329025e-04 -1.05820854e-07  2.42329025e-04  2.18254167e-06  2.42329025e-04  0.00000000e+00  2.42329025e-04  0.00000000e+00 
 2.42429025e-04  6.10319232e-01  2.42429025e-04  5.40468565e-01  2.42429025e-04  1.22382535e-06  2.42429025e-04  1.06033280e-07  2.42429025e-04 -2.17754388e-06  2.42429025e-04  0.00000000e+00  2.42429025e-04  0.00000000e+00 
 2.42529025e-04  6.10298949e-01  2.42529025e-04  5.40483186e-01  2.42529025e-04  1.19166100e-06  2.42529025e-04 -1.05813688e-07  2.42529025e-04  2.18252867e-06  2.42529025e-04  0.00000000e+00  2.42529025e-04  0.00000000e+00 
 2.42629025e-04  6.10278683e-01  2.42629025e-04  5.40469427e-01  2.42629025e-04  1.22382589e-06  2.42629025e-04  1.06026411e-07  2.42629025e-04 -2.17753108e-06  2.42629025e-04  0.00000000e+00  2.42629025e-04  0.00000000e+00 
 2.42729025e-04  6.10258401e-01  2.42729025e-04  5.40482357e-01  2.42729025e-04  1.19166048e-06  2.42729025e-04 -1.05807103e-07  2.42729025e-04  2.18251576e-06  2.42729025e-04  0.00000000e+00  2.42729025e-04  0.00000000e+00 
 2.42829025e-04  6.10238136e-01  2.42829025e-04  5.40470224e-01  2.42829025e-04  1.22382639e-06  2.42829025e-04  1.06020099e-07  2.42829025e-04 -2.17751836e-06  2.42829025e-04  0.00000000e+00  2.42829025e-04  0.00000000e+00 
 2.42929025e-04  6.10217855e-01  2.42929025e-04  5.40481591e-01  2.42929025e-04  1.19166000e-06  2.42929025e-04 -1.05801051e-07  2.42929025e-04  2.18250294e-06  2.42929025e-04  0.00000000e+00  2.42929025e-04  0.00000000e+00 
 2.43029025e-04  6.10197591e-01  2.43029025e-04  5.40470961e-01  2.43029025e-04  1.22382685e-06  2.43029025e-04  1.06014296e-07  2.43029025e-04 -2.17750573e-06  2.43029025e-04  0.00000000e+00  2.43029025e-04  0.00000000e+00 
 2.43129025e-04  6.10177311e-01  2.43129025e-04  5.40480880e-01  2.43129025e-04  1.19165955e-06  2.43129025e-04 -1.05795486e-07  2.43129025e-04  2.18249021e-06  2.43129025e-04  0.00000000e+00  2.43129025e-04  0.00000000e+00 
 2.43229025e-04  6.10157047e-01  2.43229025e-04  5.40471645e-01  2.43229025e-04  1.22382729e-06  2.43229025e-04  1.06008958e-07  2.43229025e-04 -2.17749318e-06  2.43229025e-04  0.00000000e+00  2.43229025e-04  0.00000000e+00 
 2.43329025e-04  6.10136768e-01  2.43329025e-04  5.40480222e-01  2.43329025e-04  1.19165912e-06  2.43329025e-04 -1.05790365e-07  2.43329025e-04  2.18247754e-06  2.43329025e-04  0.00000000e+00  2.43329025e-04  0.00000000e+00 
 2.43429025e-04  6.10116505e-01  2.43429025e-04  5.40472279e-01  2.43429025e-04  1.22382770e-06  2.43429025e-04  1.06004045e-07  2.43429025e-04 -2.17748070e-06  2.43429025e-04  0.00000000e+00  2.43429025e-04  0.00000000e+00 
 2.43529025e-04  6.10096226e-01  2.43529025e-04  5.40479610e-01  2.43529025e-04  1.19165873e-06  2.43529025e-04 -1.05785650e-07  2.43529025e-04  2.18246495e-06  2.43529025e-04  0.00000000e+00  2.43529025e-04  0.00000000e+00 
 2.43629025e-04  6.10075965e-01  2.43629025e-04  5.40472868e-01  2.43629025e-04  1.22382809e-06  2.43629025e-04  1.05999520e-07  2.43629025e-04 -2.17746829e-06  2.43629025e-04  0.00000000e+00  2.43629025e-04  0.00000000e+00 
 2.43729025e-04  6.10055686e-01  2.43729025e-04  5.40479041e-01  2.43729025e-04  1.19165836e-06  2.43729025e-04 -1.05781305e-07  2.43729025e-04  2.18245241e-06  2.43729025e-04  0.00000000e+00  2.43729025e-04  0.00000000e+00 
 2.43829025e-04  6.10035426e-01  2.43829025e-04  5.40473416e-01  2.43829025e-04  1.22382844e-06  2.43829025e-04  1.05995347e-07  2.43829025e-04 -2.17745593e-06  2.43829025e-04  0.00000000e+00  2.43829025e-04  0.00000000e+00 
 2.43929025e-04  6.10015148e-01  2.43929025e-04  5.40478512e-01  2.43929025e-04  1.19165801e-06  2.43929025e-04 -1.05777297e-07  2.43929025e-04  2.18243994e-06  2.43929025e-04  0.00000000e+00  2.43929025e-04  0.00000000e+00 
 2.44029025e-04  6.09994888e-01  2.44029025e-04  5.40473927e-01  2.44029025e-04  1.22382878e-06  2.44029025e-04  1.05991495e-07  2.44029025e-04 -2.17744363e-06  2.44029025e-04  0.00000000e+00  2.44029025e-04  0.00000000e+00 
 2.44129025e-04  6.09974611e-01  2.44129025e-04  5.40478019e-01  2.44129025e-04  1.19165769e-06  2.44129025e-04 -1.05773594e-07  2.44129025e-04  2.18242752e-06  2.44129025e-04  0.00000000e+00  2.44129025e-04  0.00000000e+00 
 2.44229025e-04  6.09954352e-01  2.44229025e-04  5.40474403e-01  2.44229025e-04  1.22382909e-06  2.44229025e-04  1.05987935e-07  2.44229025e-04 -2.17743139e-06  2.44229025e-04  0.00000000e+00  2.44229025e-04  0.00000000e+00 
 2.44329025e-04  6.09934075e-01  2.44329025e-04  5.40477559e-01  2.44329025e-04  1.19165738e-06  2.44329025e-04 -1.05770168e-07  2.44329025e-04  2.18241515e-06  2.44329025e-04  0.00000000e+00  2.44329025e-04  0.00000000e+00 
 2.44429025e-04  6.09913818e-01  2.44429025e-04  5.40474847e-01  2.44429025e-04  1.22382938e-06  2.44429025e-04  1.05984639e-07  2.44429025e-04 -2.17741919e-06  2.44429025e-04  0.00000000e+00  2.44429025e-04  0.00000000e+00 
 2.44529025e-04  6.09893541e-01  2.44529025e-04  5.40477130e-01  2.44529025e-04  1.19165710e-06  2.44529025e-04 -1.05766995e-07  2.44529025e-04  2.18240282e-06  2.44529025e-04  0.00000000e+00  2.44529025e-04  0.00000000e+00 
 2.44629025e-04  6.09873285e-01  2.44629025e-04  5.40475262e-01  2.44629025e-04  1.22382966e-06  2.44629025e-04  1.05981582e-07  2.44629025e-04 -2.17740703e-06  2.44629025e-04  0.00000000e+00  2.44629025e-04  0.00000000e+00 
 2.44729025e-04  6.09853009e-01  2.44729025e-04  5.40476729e-01  2.44729025e-04  1.19165684e-06  2.44729025e-04 -1.05764049e-07  2.44729025e-04  2.18239054e-06  2.44729025e-04  0.00000000e+00  2.44729025e-04  0.00000000e+00 
 2.44829025e-04  6.09832754e-01  2.44829025e-04  5.40475649e-01  2.44829025e-04  1.22382991e-06  2.44829025e-04  1.05978742e-07  2.44829025e-04 -2.17739492e-06  2.44829025e-04  0.00000000e+00  2.44829025e-04  0.00000000e+00 
 2.44914512e-04  6.09815419e-01  2.44914512e-04  5.40476323e-01  2.44914512e-04  1.19165657e-06  2.44914512e-04 -1.05761086e-07  2.44914512e-04  2.18237727e-06  2.44914512e-04  0.00000000e+00  2.44914512e-04  0.00000000e+00 
 2.45000000e-04  6.09798106e-01  2.45000000e-04  5.40476071e-01  2.45000000e-04  1.22383019e-06  2.45000000e-04  1.05975668e-07  2.45000000e-04 -2.17738077e-06  2.45000000e-04  0.00000000e+00  2.45000000e-04  0.00000000e+00 
