 0.00000000e+00  5.02106717e-03  0.00000000e+00  4.85615521e-01  0.00000000e+00  1.81653078e-06  0.00000000e+00  3.66610929e-10  0.00000000e+00  7.01257750e-10  0.00000000e+00  0.00000000e+00  0.00000000e+00  0.00000000e+00 
 1.00000000e-11  5.02023362e-03  1.00000000e-11  4.85615505e-01  1.00000000e-11  1.81653144e-06  1.00000000e-11  3.60971983e-10  1.00000000e-11  7.02850206e-10  1.00000000e-11  0.00000000e+00  1.00000000e-11  0.00000000e+00 
 2.00000000e-11  5.01939820e-03  2.00000000e-11  4.85615490e-01  2.00000000e-11  1.81653144e-06  2.00000000e-11  3.60760221e-10  2.00000000e-11  7.02819960e-10  2.00000000e-11  0.00000000e+00  2.00000000e-11  0.00000000e+00 
 4.00000000e-11  5.01772241e-03  4.00000000e-11  4.85615460e-01  4.00000000e-11  1.81653146e-06  4.00000000e-11  3.60599540e-10  4.00000000e-11  7.02648718e-10  4.00000000e-11  0.00000000e+00  4.00000000e-11  0.00000000e+00 
 8.00000000e-11  5.01435095e-03  8.00000000e-11  4.85615399e-01  8.00000000e-11  1.81653149e-06  8.00000000e-11  3.61027677e-10  8.00000000e-11  7.02262014e-10  8.00000000e-11  0.00000000e+00  8.00000000e-11  0.00000000e+00 
 1.60000000e-10  5.00752652e-03  1.60000000e-10  4.85615273e-01  1.60000000e-10  1.81653155e-06  1.60000000e-10  3.62813091e-10  1.60000000e-10  7.01445733e-10  1.60000000e-10  0.00000000e+00  1.60000000e-10  0.00000000e+00 
 3.20000000e-10  4.99353588e-03  3.20000000e-10  4.85614997e-01  3.20000000e-10  1.81653163e-06  3.20000000e-10  3.67246448e-10  3.20000000e-10  6.99791793e-10  3.20000000e-10  0.00000000e+00  3.20000000e-10  0.00000000e+00 
 6.40000000e-10  4.96406973e-03  6.40000000e-10  4.85614352e-01  6.40000000e-10  1.81653177e-06  6.40000000e-10  3.75706640e-10  6.40000000e-10  6.96248628e-10  6.40000000e-10  0.00000000e+00  6.40000000e-10  0.00000000e+00 
 1.00000000e-09  4.96032258e-03  1.00000000e-09  4.85614104e-01  1.00000000e-09  1.81653033e-06  1.00000000e-09  3.89651595e-10  1.00000000e-09  6.92009022e-10  1.00000000e-09  0.00000000e+00  1.00000000e-09  0.00000000e+00 
 1.06400000e-09  4.98791375e-03  1.06400000e-09  4.85614580e-01  1.06400000e-09  1.81652737e-06  1.06400000e-09  4.10510123e-10  1.06400000e-09  6.87764644e-10  1.06400000e-09  0.00000000e+00  1.06400000e-09  0.00000000e+00 
 1.19200000e-09  5.04308794e-03  1.19200000e-09  4.85615557e-01  1.19200000e-09  1.81652699e-06  1.19200000e-09  3.96402063e-10  1.19200000e-09  6.94302326e-10  1.19200000e-09  0.00000000e+00  1.19200000e-09  0.00000000e+00 
 1.44800000e-09  5.15335497e-03  1.44800000e-09  4.85617741e-01  1.44800000e-09  1.81652653e-06  1.44800000e-09  3.55652904e-10  1.44800000e-09  7.07983389e-10  1.44800000e-09  0.00000000e+00  1.44800000e-09  0.00000000e+00 
 1.96000000e-09  5.37356455e-03  1.96000000e-09  4.85622902e-01  1.96000000e-09  1.81652608e-06  1.96000000e-09  2.92769558e-10  1.96000000e-09  7.35485812e-10  1.96000000e-09  0.00000000e+00  1.96000000e-09  0.00000000e+00 
 2.98400000e-09  5.81270214e-03  2.98400000e-09  4.85634667e-01  2.98400000e-09  1.81652600e-06  2.98400000e-09  2.26776558e-10  2.98400000e-09  7.92370104e-10  2.98400000e-09  0.00000000e+00  2.98400000e-09  0.00000000e+00 
 5.03200000e-09  6.68605919e-03  5.03200000e-09  4.85656675e-01  5.03200000e-09  1.81652739e-06  5.03200000e-09  2.29454202e-10  5.03200000e-09  9.05642380e-10  5.03200000e-09  0.00000000e+00  5.03200000e-09  0.00000000e+00 
 9.12800000e-09  8.41497888e-03  9.12800000e-09  4.85683483e-01  9.12800000e-09  1.81652995e-06  9.12800000e-09  3.13392369e-10  9.12800000e-09  1.11733444e-09  9.12800000e-09  0.00000000e+00  9.12800000e-09  0.00000000e+00 
 1.73200000e-08  1.18149647e-02  1.73200000e-08  4.85698649e-01  1.73200000e-08  1.81653090e-06  1.73200000e-08  3.65393825e-10  1.73200000e-08  1.50374580e-09  1.73200000e-08  0.00000000e+00  1.73200000e-08  0.00000000e+00 
 3.37040000e-08  1.84590861e-02  3.37040000e-08  4.85695387e-01  3.37040000e-08  1.81653034e-06  3.37040000e-08  3.71635731e-10  3.37040000e-08  2.16712651e-09  3.37040000e-08  0.00000000e+00  3.37040000e-08  0.00000000e+00 
 6.29851359e-08  3.00696801e-02  6.29851359e-08  4.85684488e-01  6.29851359e-08  1.81653035e-06  6.29851359e-08  3.70660091e-10  6.29851359e-08  3.08125410e-09  6.29851359e-08  0.00000000e+00  6.29851359e-08  0.00000000e+00 
 1.04140443e-07  4.61807348e-02  1.04140443e-07  4.85674769e-01  1.04140443e-07  1.81653031e-06  1.04140443e-07  3.68150078e-10  1.04140443e-07  3.97776694e-09  1.04140443e-07  0.00000000e+00  1.04140443e-07  0.00000000e+00 
 1.75963679e-07  7.41588134e-02  1.75963679e-07  4.85660838e-01  1.75963679e-07  1.81653024e-06  1.75963679e-07  3.69299540e-10  1.75963679e-07  4.91227116e-09  1.75963679e-07  0.00000000e+00  1.75963679e-07  0.00000000e+00 
 2.75963679e-07  1.12961652e-01  2.75963679e-07  4.85649324e-01  2.75963679e-07  1.81653005e-06  2.75963679e-07  3.65877819e-10  2.75963679e-07  5.58005157e-09  2.75963679e-07  0.00000000e+00  2.75963679e-07  0.00000000e+00 
 3.75963679e-07  1.51583697e-01  3.75963679e-07  4.85643575e-01  3.75963679e-07  1.81652999e-06  3.75963679e-07  3.67314466e-10  3.75963679e-07  5.98030926e-09  3.75963679e-07  0.00000000e+00  3.75963679e-07  0.00000000e+00 
 4.75963679e-07  1.90004080e-01  4.75963679e-07  4.85640953e-01  4.75963679e-07  1.81652998e-06  4.75963679e-07  3.64657838e-10  4.75963679e-07  6.30978420e-09  4.75963679e-07  0.00000000e+00  4.75963679e-07  0.00000000e+00 
 5.75963679e-07  2.28195138e-01  5.75963679e-07  4.85639967e-01  5.75963679e-07  1.81653004e-06  5.75963679e-07  3.66398541e-10  5.75963679e-07  6.62071404e-09  5.75963679e-07  0.00000000e+00  5.75963679e-07  0.00000000e+00 
 6.75963679e-07  2.66115947e-01  6.75963679e-07  4.85639587e-01  6.75963679e-07  1.81653003e-06  6.75963679e-07  3.64091425e-10  6.75963679e-07  6.92482335e-09  6.75963679e-07  0.00000000e+00  6.75963679e-07  0.00000000e+00 
 7.75963679e-07  3.03703267e-01  7.75963679e-07  4.85639407e-01  7.75963679e-07  1.81653009e-06  7.75963679e-07  3.65841503e-10  7.75963679e-07  7.22234931e-09  7.75963679e-07  0.00000000e+00  7.75963679e-07  0.00000000e+00 
 8.75963679e-07  3.40848528e-01  8.75963679e-07  4.85639401e-01  8.75963679e-07  1.81653007e-06  8.75963679e-07  3.63644862e-10  8.75963679e-07  7.51298877e-09  8.75963679e-07  0.00000000e+00  8.75963679e-07  0.00000000e+00 
 9.75963679e-07  3.77347536e-01  9.75963679e-07  4.85639279e-01  9.75963679e-07  1.81653012e-06  9.75963679e-07  3.65327914e-10  9.75963679e-07  7.79399357e-09  9.75963679e-07  0.00000000e+00  9.75963679e-07  0.00000000e+00 
 1.07596368e-06  4.12805744e-01  1.07596368e-06  4.85639117e-01  1.07596368e-06  1.81653011e-06  1.07596368e-06  3.63251089e-10  1.07596368e-06  8.06296372e-09  1.07596368e-06  0.00000000e+00  1.07596368e-06  0.00000000e+00 
 1.17596368e-06  4.46530796e-01  1.17596368e-06  4.85638401e-01  1.17596368e-06  1.81653020e-06  1.17596368e-06  3.64916325e-10  1.17596368e-06  8.31420493e-09  1.17596368e-06  0.00000000e+00  1.17596368e-06  0.00000000e+00 
 1.27596368e-06  4.77553143e-01  1.27596368e-06  4.85637166e-01  1.27596368e-06  1.81653023e-06  1.27596368e-06  3.63004802e-10  1.27596368e-06  8.54188305e-09  1.27596368e-06  0.00000000e+00  1.27596368e-06  0.00000000e+00 
 1.37596368e-06  5.04889977e-01  1.37596368e-06  4.85635065e-01  1.37596368e-06  1.81653036e-06  1.37596368e-06  3.64642086e-10  1.37596368e-06  8.73918546e-09  1.37596368e-06  0.00000000e+00  1.37596368e-06  0.00000000e+00 
 1.47596368e-06  5.27900381e-01  1.47596368e-06  4.85632550e-01  1.47596368e-06  1.81653040e-06  1.47596368e-06  3.62823810e-10  1.47596368e-06  8.90335630e-09  1.47596368e-06  0.00000000e+00  1.47596368e-06  0.00000000e+00 
 1.57596368e-06  5.46460135e-01  1.57596368e-06  4.85629626e-01  1.57596368e-06  1.81653053e-06  1.57596368e-06  3.64368393e-10  1.57596368e-06  9.03403842e-09  1.57596368e-06  0.00000000e+00  1.57596368e-06  0.00000000e+00 
 1.67596368e-06  5.60894750e-01  1.67596368e-06  4.85626875e-01  1.67596368e-06  1.81653055e-06  1.67596368e-06  3.62612410e-10  1.67596368e-06  9.13504124e-09  1.67596368e-06  0.00000000e+00  1.67596368e-06  0.00000000e+00 
 1.77596368e-06  5.71795740e-01  1.77596368e-06  4.85624255e-01  1.77596368e-06  1.81653065e-06  1.77596368e-06  3.64079991e-10  1.77596368e-06  9.21055007e-09  1.77596368e-06  0.00000000e+00  1.77596368e-06  0.00000000e+00 
 1.87596368e-06  5.79842181e-01  1.87596368e-06  4.85622159e-01  1.87596368e-06  1.81653065e-06  1.87596368e-06  3.62411184e-10  1.87596368e-06  9.26624291e-09  1.87596368e-06  0.00000000e+00  1.87596368e-06  0.00000000e+00 
 1.97596368e-06  5.85680082e-01  1.97596368e-06  4.85620367e-01  1.97596368e-06  1.81653073e-06  1.97596368e-06  3.63838859e-10  1.97596368e-06  9.30626674e-09  1.97596368e-06  0.00000000e+00  1.97596368e-06  0.00000000e+00 
 2.07596368e-06  5.89862145e-01  2.07596368e-06  4.85619091e-01  2.07596368e-06  1.81653070e-06  2.07596368e-06  3.62272292e-10  2.07596368e-06  9.33508499e-09  2.07596368e-06  0.00000000e+00  2.07596368e-06  0.00000000e+00 
 2.17596368e-06  5.92830565e-01  2.17596368e-06  4.85618040e-01  2.17596368e-06  1.81653077e-06  2.17596368e-06  3.63673163e-10  2.17596368e-06  9.35528383e-09  2.17596368e-06  0.00000000e+00  2.17596368e-06  0.00000000e+00 
 2.27596368e-06  5.94923711e-01  2.27596368e-06  4.85617363e-01  2.27596368e-06  1.81653073e-06  2.27596368e-06  3.62199002e-10  2.27596368e-06  9.36971769e-09  2.27596368e-06  0.00000000e+00  2.27596368e-06  0.00000000e+00 
 2.37596368e-06  5.96392796e-01  2.37596368e-06  4.85616789e-01  2.37596368e-06  1.81653079e-06  2.37596368e-06  3.63569555e-10  2.37596368e-06  9.37963418e-09  2.37596368e-06  0.00000000e+00  2.37596368e-06  0.00000000e+00 
 2.47596368e-06  5.97420985e-01  2.47596368e-06  4.85616459e-01  2.47596368e-06  1.81653075e-06  2.47596368e-06  3.62170873e-10  2.47596368e-06  9.38677047e-09  2.47596368e-06  0.00000000e+00  2.47596368e-06  0.00000000e+00 
 2.57596368e-06  5.98138823e-01  2.57596368e-06  4.85616159e-01  2.57596368e-06  1.81653080e-06  2.57596368e-06  3.63502414e-10  2.57596368e-06  9.39155466e-09  2.57596368e-06  0.00000000e+00  2.57596368e-06  0.00000000e+00 
 2.67596368e-06  5.98638668e-01  2.67596368e-06  4.85616006e-01  2.67596368e-06  1.81653075e-06  2.67596368e-06  3.62170404e-10  2.67596368e-06  9.39507348e-09  2.67596368e-06  0.00000000e+00  2.67596368e-06  0.00000000e+00 
 2.77596368e-06  5.98986430e-01  2.77596368e-06  4.85615842e-01  2.77596368e-06  1.81653081e-06  2.77596368e-06  3.63456985e-10  2.77596368e-06  9.39733742e-09  2.77596368e-06  0.00000000e+00  2.77596368e-06  0.00000000e+00 
 2.87596368e-06  5.99228223e-01  2.87596368e-06  4.85615784e-01  2.87596368e-06  1.81653076e-06  2.87596368e-06  3.62179996e-10  2.87596368e-06  9.39909070e-09  2.87596368e-06  0.00000000e+00  2.87596368e-06  0.00000000e+00 
 2.97596368e-06  5.99396270e-01  2.97596368e-06  4.85615689e-01  2.97596368e-06  1.81653081e-06  2.97596368e-06  3.63425557e-10  2.97596368e-06  9.40013392e-09  2.97596368e-06  0.00000000e+00  2.97596368e-06  0.00000000e+00 
 3.07596368e-06  5.99513026e-01  3.07596368e-06  4.85615675e-01  3.07596368e-06  1.81653076e-06  3.07596368e-06  3.62193309e-10  3.07596368e-06  9.40102988e-09  3.07596368e-06  0.00000000e+00  3.07596368e-06  0.00000000e+00 
 3.17596368e-06  5.99594130e-01  3.17596368e-06  4.85615616e-01  3.17596368e-06  1.81653081e-06  3.17596368e-06  3.63402216e-10  3.17596368e-06  9.40148486e-09  3.17596368e-06  0.00000000e+00  3.17596368e-06  0.00000000e+00 
 3.27596368e-06  5.99650460e-01  3.27596368e-06  4.85615622e-01  3.27596368e-06  1.81653076e-06  3.27596368e-06  3.62207309e-10  3.27596368e-06  9.40196457e-09  3.27596368e-06  0.00000000e+00  3.27596368e-06  0.00000000e+00 
 3.37596368e-06  5.99689580e-01  3.37596368e-06  4.85615581e-01  3.37596368e-06  1.81653081e-06  3.37596368e-06  3.63383892e-10  3.37596368e-06  9.40213747e-09  3.37596368e-06  0.00000000e+00  3.37596368e-06  0.00000000e+00 
 3.47596368e-06  5.99716745e-01  3.47596368e-06  4.85615595e-01  3.47596368e-06  1.81653076e-06  3.47596368e-06  3.62220633e-10  3.47596368e-06  9.40241444e-09  3.47596368e-06  0.00000000e+00  3.47596368e-06  0.00000000e+00 
 3.57596368e-06  5.99735609e-01  3.57596368e-06  4.85615565e-01  3.57596368e-06  1.81653081e-06  3.57596368e-06  3.63368899e-10  3.57596368e-06  9.40245304e-09  3.57596368e-06  0.00000000e+00  3.57596368e-06  0.00000000e+00 
 3.67596368e-06  5.99748707e-01  3.67596368e-06  4.85615582e-01  3.67596368e-06  1.81653076e-06  3.67596368e-06  3.62232814e-10  3.67596368e-06  9.40263053e-09  3.67596368e-06  0.00000000e+00  3.67596368e-06  0.00000000e+00 
 3.77596368e-06  5.99757802e-01  3.77596368e-06  4.85615558e-01  3.77596368e-06  1.81653081e-06  3.77596368e-06  3.63356298e-10  3.77596368e-06  9.40260598e-09  3.77596368e-06  0.00000000e+00  3.77596368e-06  0.00000000e+00 
 3.87596368e-06  5.99764116e-01  3.87596368e-06  4.85615575e-01  3.87596368e-06  1.81653076e-06  3.87596368e-06  3.62243722e-10  3.87596368e-06  9.40273396e-09  3.87596368e-06  0.00000000e+00  3.87596368e-06  0.00000000e+00 
 3.97596368e-06  5.99768501e-01  3.97596368e-06  4.85615555e-01  3.97596368e-06  1.81653081e-06  3.97596368e-06  3.63345481e-10  3.97596368e-06  9.40268043e-09  3.97596368e-06  0.00000000e+00  3.97596368e-06  0.00000000e+00 
 4.07596368e-06  5.99771545e-01  4.07596368e-06  4.85615571e-01  4.07596368e-06  1.81653076e-06  4.07596368e-06  3.62253422e-10  4.07596368e-06  9.40278314e-09  4.07596368e-06  0.00000000e+00  4.07596368e-06  0.00000000e+00 
 4.17596368e-06  5.99773659e-01  4.17596368e-06  4.85615554e-01  4.17596368e-06  1.81653082e-06  4.17596368e-06  3.63336097e-10  4.17596368e-06  9.40271696e-09  4.17596368e-06  0.00000000e+00  4.17596368e-06  0.00000000e+00 
 4.27596368e-06  5.99775126e-01  4.27596368e-06  4.85615568e-01  4.27596368e-06  1.81653076e-06  4.27596368e-06  3.62262046e-10  4.27596368e-06  9.40280624e-09  4.27596368e-06  0.00000000e+00  4.27596368e-06  0.00000000e+00 
 4.37596368e-06  5.99776146e-01  4.37596368e-06  4.85615554e-01  4.37596368e-06  1.81653081e-06  4.37596368e-06  3.63327859e-10  4.37596368e-06  9.40273516e-09  4.37596368e-06  0.00000000e+00  4.37596368e-06  0.00000000e+00 
 4.47596368e-06  5.99776853e-01  4.47596368e-06  4.85615567e-01  4.47596368e-06  1.81653076e-06  4.47596368e-06  3.62269685e-10  4.47596368e-06  9.40281681e-09  4.47596368e-06  0.00000000e+00  4.47596368e-06  0.00000000e+00 
 4.57596368e-06  5.99777344e-01  4.57596368e-06  4.85615555e-01  4.57596368e-06  1.81653081e-06  4.57596368e-06  3.63320590e-10  4.57596368e-06  9.40274446e-09  4.57596368e-06  0.00000000e+00  4.57596368e-06  0.00000000e+00 
 4.67596368e-06  5.99777685e-01  4.67596368e-06  4.85615565e-01  4.67596368e-06  1.81653076e-06  4.67596368e-06  3.62276509e-10  4.67596368e-06  9.40282141e-09  4.67596368e-06  0.00000000e+00  4.67596368e-06  0.00000000e+00 
 4.77596368e-06  5.99777922e-01  4.77596368e-06  4.85615555e-01  4.77596368e-06  1.81653081e-06  4.77596368e-06  3.63314100e-10  4.77596368e-06  9.40274942e-09  4.77596368e-06  0.00000000e+00  4.77596368e-06  0.00000000e+00 
 4.87596368e-06  5.99778086e-01  4.87596368e-06  4.85615564e-01  4.87596368e-06  1.81653076e-06  4.87596368e-06  3.62282633e-10  4.87596368e-06  9.40282318e-09  4.87596368e-06  0.00000000e+00  4.87596368e-06  0.00000000e+00 
 4.93798184e-06  5.99778162e-01  4.93798184e-06  4.85615556e-01  4.93798184e-06  1.81653082e-06  4.93798184e-06  3.63306597e-10  4.93798184e-06  9.40275223e-09  4.93798184e-06  0.00000000e+00  4.93798184e-06  0.00000000e+00 
 5.00000000e-06  5.99778221e-01  5.00000000e-06  4.85615563e-01  5.00000000e-06  1.81653076e-06  5.00000000e-06  3.62291319e-10  5.00000000e-06  9.40282274e-09  5.00000000e-06  0.00000000e+00  5.00000000e-06  0.00000000e+00 
 5.00000100e-06  5.99781468e-01  5.00000100e-06  4.86504597e-01  5.00000100e-06  1.61214961e-06  5.00000100e-06  2.66354581e-06  5.00000100e-06 -6.19175495e-07  5.00000100e-06  1.20000000e-01  5.00000100e-06  0.00000000e+00 
 5.00000300e-06  5.99788263e-01  5.00000300e-06  4.88276070e-01  5.00000300e-06  1.59901986e-06  5.00000300e-06  2.62276305e-06  5.00000300e-06 -6.78436523e-07  5.00000300e-06  3.60000000e-01  5.00000300e-06  0.00000000e+00 
 5.00000650e-06  5.99799210e-01  5.00000650e-06  4.90957615e-01  5.00000650e-06  1.66049787e-06  5.00000650e-06  8.00250636e-07  5.00000650e-06 -4.44084696e-07  5.00000650e-06  7.80000000e-01  5.00000650e-06  0.00000000e+00 
 5.00001000e-06  5.99807046e-01  5.00001000e-06  4.92692604e-01  5.00001000e-06  1.72066327e-06  5.00001000e-06 -6.16726965e-07  5.00001000e-06 -2.67308623e-07  5.00001000e-06  1.20000000e+00  5.00001000e-06  0.00000000e+00 
 5.00001070e-06  5.99806635e-01  5.00001070e-06  4.92475751e-01  5.00001070e-06  1.87290720e-06  5.00001070e-06 -2.94288318e-06  5.00001070e-06  2.09953168e-07  5.00001070e-06  1.20000000e+00  5.00001070e-06  0.00000000e+00 
 5.00001210e-06  5.99805593e-01  5.00001210e-06  4.92041304e-01  5.00001210e-06  1.88683332e-06  5.00001210e-06 -3.22674076e-06  5.00001210e-06  2.80455417e-07  5.00001210e-06  1.20000000e+00  5.00001210e-06  0.00000000e+00 
 5.00001490e-06  5.99803426e-01  5.00001490e-06  4.91266203e-01  5.00001490e-06  1.86118795e-06  5.00001490e-06 -2.44827840e-06  5.00001490e-06  1.66732475e-07  5.00001490e-06  1.20000000e+00  5.00001490e-06  0.00000000e+00 
 5.00002050e-06  5.99799030e-01  5.00002050e-06  4.89918709e-01  5.00002050e-06  1.87303534e-06  5.00002050e-06 -2.12144252e-06  5.00002050e-06  2.15756966e-07  5.00002050e-06  1.20000000e+00  5.00002050e-06  0.00000000e+00 
 5.00003170e-06  5.99788573e-01  5.00003170e-06  4.87204918e-01  5.00003170e-06  1.86946496e-06  5.00003170e-06 -7.20930805e-07  5.00003170e-06  1.64236759e-07  5.00003170e-06  1.20000000e+00  5.00003170e-06  0.00000000e+00 
 5.00005410e-06  5.99745682e-01  5.00005410e-06  4.75694662e-01  5.00005410e-06  2.02011567e-06  5.00005410e-06  3.66276119e-07  5.00005410e-06  6.08818853e-07  5.00005410e-06  1.20000000e+00  5.00005410e-06  0.00000000e+00 
 5.00008704e-06  5.99688961e-01  5.00008704e-06  4.56004661e-01  5.00008704e-06  1.94221758e-06  5.00008704e-06  4.68853854e-06  5.00008704e-06  2.85868700e-07  5.00008704e-06  1.20000000e+00  5.00008704e-06  0.00000000e+00 
 5.00011907e-06  5.99686368e-01  5.00011907e-06  4.45110754e-01  5.00011907e-06  1.91481972e-06  5.00011907e-06  2.99287960e-06  5.00011907e-06  2.23001072e-07  5.00011907e-06  1.20000000e+00  5.00011907e-06  0.00000000e+00 
 5.00018313e-06  5.99746059e-01  5.00018313e-06  4.31804531e-01  5.00018313e-06  1.87216433e-06  5.00018313e-06  2.33964938e-06  5.00018313e-06  9.56024776e-08  5.00018313e-06  1.20000000e+00  5.00018313e-06  0.00000000e+00 
 5.00025574e-06  5.99831329e-01  5.00025574e-06  4.23354789e-01  5.00025574e-06  1.85551796e-06  5.00025574e-06  1.20252232e-06  5.00025574e-06  8.72110385e-08  5.00025574e-06  1.20000000e+00  5.00025574e-06  0.00000000e+00 
 5.00037099e-06  5.99935969e-01  5.00037099e-06  4.16240338e-01  5.00037099e-06  1.82849363e-06  5.00037099e-06  1.53201037e-06  5.00037099e-06  1.21525739e-08  5.00037099e-06  1.20000000e+00  5.00037099e-06  0.00000000e+00 
 5.00055813e-06  6.00045644e-01  5.00055813e-06  4.14589668e-01  5.00055813e-06  1.81272202e-06  5.00055813e-06  6.78816362e-07  5.00055813e-06  5.37219684e-09  5.00055813e-06  1.20000000e+00  5.00055813e-06  0.00000000e+00 
 5.00077907e-06  6.00117545e-01  5.00077907e-06  4.18671470e-01  5.00077907e-06  1.80365881e-06  5.00077907e-06  1.17479249e-06  5.00077907e-06 -3.02248017e-08  5.00077907e-06  1.20000000e+00  5.00077907e-06  0.00000000e+00 
 5.00100000e-06  6.00161181e-01  5.00100000e-06  4.24360913e-01  5.00100000e-06  1.80521435e-06  5.00100000e-06  4.81094242e-07  5.00100000e-06 -5.02049183e-09  5.00100000e-06  1.20000000e+00  5.00100000e-06  0.00000000e+00 
 5.00104419e-06  6.00197186e-01  5.00104419e-06  4.25437054e-01  5.00104419e-06  1.80457340e-06  5.00104419e-06  7.82631852e-07  5.00104419e-06 -1.58687192e-08  5.00104419e-06  1.20000000e+00  5.00104419e-06  0.00000000e+00 
 5.00113256e-06  6.00261495e-01  5.00113256e-06  4.27593608e-01  5.00113256e-06  1.80481042e-06  5.00113256e-06  7.62307236e-07  5.00113256e-06 -1.54017199e-08  5.00113256e-06  1.20000000e+00  5.00113256e-06  0.00000000e+00 
 5.00130931e-06  6.00330432e-01  5.00130931e-06  4.31568298e-01  5.00130931e-06  1.80631718e-06  5.00130931e-06  7.28148590e-07  5.00130931e-06 -1.12417953e-08  5.00130931e-06  1.20000000e+00  5.00130931e-06  0.00000000e+00 
 5.00161440e-06  6.00391037e-01  5.00161440e-06  4.37331404e-01  5.00161440e-06  1.80831384e-06  5.00161440e-06  6.79618377e-07  5.00161440e-06 -6.76459834e-09  5.00161440e-06  1.20000000e+00  5.00161440e-06  0.00000000e+00 
 5.00180720e-06  6.00424996e-01  5.00180720e-06  4.40336877e-01  5.00180720e-06  1.80973736e-06  5.00180720e-06  6.55148506e-07  5.00180720e-06 -3.15924924e-09  5.00180720e-06  1.20000000e+00  5.00180720e-06  0.00000000e+00 
 5.00200000e-06  6.00456812e-01  5.00200000e-06  4.42954590e-01  5.00200000e-06  1.81052851e-06  5.00200000e-06  6.33897996e-07  5.00200000e-06 -1.67757616e-09  5.00200000e-06  1.20000000e+00  5.00200000e-06  0.00000000e+00 
 5.00203856e-06  6.00459388e-01  5.00203856e-06  4.43434242e-01  5.00203856e-06  1.81078803e-06  5.00203856e-06  6.30212676e-07  5.00203856e-06 -9.28641551e-10  5.00203856e-06  1.20000000e+00  5.00203856e-06  0.00000000e+00 
 5.00211568e-06  6.00464474e-01  5.00211568e-06  4.44370340e-01  5.00211568e-06  1.81112484e-06  5.00211568e-06  6.23048200e-07  5.00211568e-06 -1.50835907e-10  5.00211568e-06  1.20000000e+00  5.00211568e-06  0.00000000e+00 
 5.00226992e-06  6.00474305e-01  5.00226992e-06  4.46124236e-01  5.00226992e-06  1.81168541e-06  5.00226992e-06  6.10079841e-07  5.00226992e-06  1.11839910e-09  5.00226992e-06  1.20000000e+00  5.00226992e-06  0.00000000e+00 
 5.00257840e-06  6.00492925e-01  5.00257840e-06  4.49254546e-01  5.00257840e-06  1.81258631e-06  5.00257840e-06  5.89543741e-07  5.00257840e-06  3.17011217e-09  5.00257840e-06  1.20000000e+00  5.00257840e-06  0.00000000e+00 
 5.00319537e-06  6.00527588e-01  5.00319537e-06  4.54467871e-01  5.00319537e-06  1.81372462e-06  5.00319537e-06  5.64155551e-07  5.00319537e-06  5.68741934e-09  5.00319537e-06  1.20000000e+00  5.00319537e-06  0.00000000e+00 
 5.00442930e-06  6.00592414e-01  5.00442930e-06  4.62342587e-01  5.00442930e-06  1.81492449e-06  5.00442930e-06  5.45834708e-07  5.00442930e-06  8.04384667e-09  5.00442930e-06  1.20000000e+00  5.00442930e-06  0.00000000e+00 
 5.00689715e-06  6.00717624e-01  5.00689715e-06  4.72300431e-01  5.00689715e-06  1.81596526e-06  5.00689715e-06  5.41927825e-07  5.00689715e-06  9.25499419e-09  5.00689715e-06  1.20000000e+00  5.00689715e-06  0.00000000e+00 
 5.01183286e-06  6.00965513e-01  5.01183286e-06  4.81334414e-01  5.01183286e-06  1.81661849e-06  5.01183286e-06  5.43159843e-07  5.01183286e-06  9.38611465e-09  5.01183286e-06  1.20000000e+00  5.01183286e-06  0.00000000e+00 
 5.02170428e-06  6.01457344e-01  5.02170428e-06  4.85609046e-01  5.02170428e-06  1.81665130e-06  5.02170428e-06  5.45650636e-07  5.02170428e-06  9.38910126e-09  5.02170428e-06  1.20000000e+00  5.02170428e-06  0.00000000e+00 
 5.04144713e-06  6.02432347e-01  5.04144713e-06  4.85600075e-01  5.04144713e-06  1.81650664e-06  5.04144713e-06  5.46163030e-07  5.04144713e-06  9.44377841e-09  5.04144713e-06  1.20000000e+00  5.04144713e-06  0.00000000e+00 
 5.06850031e-06  6.03757258e-01  5.06850031e-06  4.85637596e-01  5.06850031e-06  1.81653536e-06  5.06850031e-06  5.45765085e-07  5.06850031e-06  9.40725387e-09  5.06850031e-06  1.20000000e+00  5.06850031e-06  0.00000000e+00 
 5.12260666e-06  6.06396888e-01  5.12260666e-06  4.85610792e-01  5.12260666e-06  1.81653062e-06  5.12260666e-06  5.46241684e-07  5.12260666e-06  9.47033609e-09  5.12260666e-06  1.20000000e+00  5.12260666e-06  0.00000000e+00 
 5.22260666e-06  6.11271777e-01  5.22260666e-06  4.85631997e-01  5.22260666e-06  1.81652901e-06  5.22260666e-06  5.45973591e-07  5.22260666e-06  9.45840608e-09  5.22260666e-06  1.20000000e+00  5.22260666e-06  0.00000000e+00 
 5.32260666e-06  6.16147710e-01  5.32260666e-06  4.85614731e-01  5.32260666e-06  1.81653379e-06  5.32260666e-06  5.46491461e-07  5.32260666e-06  9.53633051e-09  5.32260666e-06  1.20000000e+00  5.32260666e-06  0.00000000e+00 
 5.42260666e-06  6.21024476e-01  5.42260666e-06  4.85629092e-01  5.42260666e-06  1.81652649e-06  5.42260666e-06  5.46244574e-07  5.42260666e-06  9.52436457e-09  5.42260666e-06  1.20000000e+00  5.42260666e-06  0.00000000e+00 
 5.52260666e-06  6.25902022e-01  5.52260666e-06  4.85617918e-01  5.52260666e-06  1.81653580e-06  5.52260666e-06  5.46746896e-07  5.52260666e-06  9.60197185e-09  5.52260666e-06  1.20000000e+00  5.52260666e-06  0.00000000e+00 
 5.62260666e-06  6.30780538e-01  5.62260666e-06  4.85626885e-01  5.62260666e-06  1.81652489e-06  5.62260666e-06  5.46521457e-07  5.62260666e-06  9.59000008e-09  5.62260666e-06  1.20000000e+00  5.62260666e-06  0.00000000e+00 
 5.72260666e-06  6.35659832e-01  5.72260666e-06  4.85620510e-01  5.72260666e-06  1.81653707e-06  5.72260666e-06  5.47009751e-07  5.72260666e-06  9.66729038e-09  5.72260666e-06  1.20000000e+00  5.72260666e-06  0.00000000e+00 
 5.82260666e-06  6.40540141e-01  5.82260666e-06  4.85625294e-01  5.82260666e-06  1.81652387e-06  5.82260666e-06  5.46805256e-07  5.82260666e-06  9.65532223e-09  5.82260666e-06  1.20000000e+00  5.82260666e-06  0.00000000e+00 
 5.92260666e-06  6.45421266e-01  5.92260666e-06  4.85622611e-01  5.92260666e-06  1.81653788e-06  5.92260666e-06  5.47280826e-07  5.92260666e-06  9.73228415e-09  5.92260666e-06  1.20000000e+00  5.92260666e-06  0.00000000e+00 
 6.02260666e-06  6.50303441e-01  6.02260666e-06  4.85624222e-01  6.02260666e-06  1.81652324e-06  6.02260666e-06  5.47096948e-07  6.02260666e-06  9.72033725e-09  6.02260666e-06  1.20000000e+00  6.02260666e-06  0.00000000e+00 
 6.12260666e-06  6.55186479e-01  6.12260666e-06  4.85624328e-01  6.12260666e-06  1.81653837e-06  6.12260666e-06  5.47561001e-07  6.12260666e-06  9.79695393e-09  6.12260666e-06  1.20000000e+00  6.12260666e-06  0.00000000e+00 
 6.22260666e-06  6.60070605e-01  6.22260666e-06  4.85623576e-01  6.22260666e-06  1.81652285e-06  6.22260666e-06  5.47397532e-07  6.22260666e-06  9.78504959e-09  6.22260666e-06  1.20000000e+00  6.22260666e-06  0.00000000e+00 
 6.32260666e-06  6.64955644e-01  6.32260666e-06  4.85625762e-01  6.32260666e-06  1.81653867e-06  6.32260666e-06  5.47851211e-07  6.32260666e-06  9.86130211e-09  6.32260666e-06  1.20000000e+00  6.32260666e-06  0.00000000e+00 
 6.42260666e-06  6.69841814e-01  6.42260666e-06  4.85623277e-01  6.42260666e-06  1.81652263e-06  6.42260666e-06  5.47708025e-07  6.42260666e-06  9.84946270e-09  6.42260666e-06  1.20000000e+00  6.42260666e-06  0.00000000e+00 
 6.52260666e-06  6.74728950e-01  6.52260666e-06  4.85626995e-01  6.52260666e-06  1.81653884e-06  6.52260666e-06  5.48152414e-07  6.52260666e-06  9.92533207e-09  6.52260666e-06  1.20000000e+00  6.52260666e-06  0.00000000e+00 
 6.62260666e-06  6.79617264e-01  6.62260666e-06  4.85623263e-01  6.62260666e-06  1.81652251e-06  6.62260666e-06  5.48029434e-07  6.62260666e-06  9.91357952e-09  6.62260666e-06  1.20000000e+00  6.62260666e-06  0.00000000e+00 
 6.72260666e-06  6.84506602e-01  6.72260666e-06  4.85628100e-01  6.72260666e-06  1.81653892e-06  6.72260666e-06  5.48465558e-07  6.72260666e-06  9.98904779e-09  6.72260666e-06  1.20000000e+00  6.72260666e-06  0.00000000e+00 
 6.82260666e-06  6.89397168e-01  6.82260666e-06  4.85623488e-01  6.82260666e-06  1.81652246e-06  6.82260666e-06  5.48362728e-07  6.82260666e-06  9.97740275e-09  6.82260666e-06  1.20000000e+00  6.82260666e-06  0.00000000e+00 
 6.92260666e-06  6.94288818e-01  6.92260666e-06  4.85629132e-01  6.92260666e-06  1.81653894e-06  6.92260666e-06  5.48791527e-07  6.92260666e-06  1.00524536e-08  6.92260666e-06  1.20000000e+00  6.92260666e-06  0.00000000e+00 
 7.02260666e-06  6.99181751e-01  7.02260666e-06  4.85623922e-01  7.02260666e-06  1.81652246e-06  7.02260666e-06  5.48708785e-07  7.02260666e-06  1.00409350e-08  7.02260666e-06  1.20000000e+00  7.02260666e-06  0.00000000e+00 
 7.12260666e-06  7.04075830e-01  7.12260666e-06  4.85630142e-01  7.12260666e-06  1.81653893e-06  7.12260666e-06  5.49131087e-07  7.12260666e-06  1.01155541e-08  7.12260666e-06  1.20000000e+00  7.12260666e-06  0.00000000e+00 
 7.22260666e-06  7.08971247e-01  7.22260666e-06  4.85624545e-01  7.22260666e-06  1.81652249e-06  7.22260666e-06  5.49068318e-07  7.22260666e-06  1.01041789e-08  7.22260666e-06  1.20000000e+00  7.22260666e-06  0.00000000e+00 
 7.32260666e-06  7.13867874e-01  7.32260666e-06  4.85631169e-01  7.32260666e-06  1.81653888e-06  7.32260666e-06  5.49484812e-07  7.32260666e-06  1.01783539e-08  7.32260666e-06  1.20000000e+00  7.32260666e-06  0.00000000e+00 
 7.42260666e-06  7.18765897e-01  7.42260666e-06  4.85625348e-01  7.42260666e-06  1.81652254e-06  7.42260666e-06  5.49441801e-07  7.42260666e-06  1.01671370e-08  7.42260666e-06  1.20000000e+00  7.42260666e-06  0.00000000e+00 
 7.52260666e-06  7.23665193e-01  7.52260666e-06  4.85632249e-01  7.52260666e-06  1.81653882e-06  7.52260666e-06  5.49852992e-07  7.52260666e-06  1.02408577e-08  7.52260666e-06  1.20000000e+00  7.52260666e-06  0.00000000e+00 
 7.62260666e-06  7.28565941e-01  7.62260666e-06  4.85626331e-01  7.62260666e-06  1.81652261e-06  7.62260666e-06  5.49829381e-07  7.62260666e-06  1.02298120e-08  7.62260666e-06  1.20000000e+00  7.62260666e-06  0.00000000e+00 
 7.72260666e-06  7.33468022e-01  7.72260666e-06  4.85633416e-01  7.72260666e-06  1.81653875e-06  7.72260666e-06  5.50235554e-07  7.72260666e-06  1.03030702e-08  7.72260666e-06  1.20000000e+00  7.72260666e-06  0.00000000e+00 
 7.82260666e-06  7.38371609e-01  7.82260666e-06  4.85627498e-01  7.82260666e-06  1.81652269e-06  7.82260666e-06  5.50230796e-07  7.82260666e-06  1.02922063e-08  7.82260666e-06  1.20000000e+00  7.82260666e-06  0.00000000e+00 
 7.92260666e-06  7.43276585e-01  7.92260666e-06  4.85634698e-01  7.92260666e-06  1.81653867e-06  7.92260666e-06  5.50632004e-07  7.92260666e-06  1.03649958e-08  7.92260666e-06  1.20000000e+00  7.92260666e-06  0.00000000e+00 
 8.02260666e-06  7.48183116e-01  8.02260666e-06  4.85628858e-01  8.02260666e-06  1.81652277e-06  8.02260666e-06  5.50645330e-07  8.02260666e-06  1.03543225e-08  8.02260666e-06  1.20000000e+00  8.02260666e-06  0.00000000e+00 
 8.12260666e-06  7.53091085e-01  8.12260666e-06  4.85636119e-01  8.12260666e-06  1.81653859e-06  8.12260666e-06  5.51041401e-07  8.12260666e-06  1.04266390e-08  8.12260666e-06  1.20000000e+00  8.12260666e-06  0.00000000e+00 
 8.22260666e-06  7.58000651e-01  8.22260666e-06  4.85630419e-01  8.22260666e-06  1.81652286e-06  8.22260666e-06  5.51071829e-07  8.22260666e-06  1.04161629e-08  8.22260666e-06  1.20000000e+00  8.22260666e-06  0.00000000e+00 
 8.32260666e-06  7.62911697e-01  8.32260666e-06  4.85637700e-01  8.32260666e-06  1.81653850e-06  8.32260666e-06  5.51462419e-07  8.32260666e-06  1.04880038e-08  8.32260666e-06  1.20000000e+00  8.32260666e-06  0.00000000e+00 
 8.42260666e-06  7.67824372e-01  8.42260666e-06  4.85632186e-01  8.42260666e-06  1.81652295e-06  8.42260666e-06  5.51508795e-07  8.42260666e-06  1.04777296e-08  8.42260666e-06  1.20000000e+00  8.42260666e-06  0.00000000e+00 
 8.52260666e-06  7.72738562e-01  8.52260666e-06  4.85639449e-01  8.52260666e-06  1.81653841e-06  8.52260666e-06  5.51893477e-07  8.52260666e-06  1.05490942e-08  8.52260666e-06  1.20000000e+00  8.52260666e-06  0.00000000e+00 
 8.62260666e-06  7.77654406e-01  8.62260666e-06  4.85634155e-01  8.62260666e-06  1.81652304e-06  8.62260666e-06  5.51954558e-07  8.62260666e-06  1.05390248e-08  8.62260666e-06  1.20000000e+00  8.62260666e-06  0.00000000e+00 
 8.72260666e-06  7.82571791e-01  8.72260666e-06  4.85641365e-01  8.72260666e-06  1.81653832e-06  8.72260666e-06  5.52332967e-07  8.72260666e-06  1.06099137e-08  8.72260666e-06  1.20000000e+00  8.72260666e-06  0.00000000e+00 
 8.82260666e-06  7.87490848e-01  8.82260666e-06  4.85636313e-01  8.82260666e-06  1.81652313e-06  8.82260666e-06  5.52407542e-07  8.82260666e-06  1.06000503e-08  8.82260666e-06  1.20000000e+00  8.82260666e-06  0.00000000e+00 
 8.92260666e-06  7.92411467e-01  8.92260666e-06  4.85643437e-01  8.92260666e-06  1.81653824e-06  8.92260666e-06  5.52779532e-07  8.92260666e-06  1.06704658e-08  8.92260666e-06  1.20000000e+00  8.92260666e-06  0.00000000e+00 
 9.02260666e-06  7.97333771e-01  9.02260666e-06  4.85638635e-01  9.02260666e-06  1.81652322e-06  9.02260666e-06  5.52866561e-07  9.02260666e-06  1.06608079e-08  9.02260666e-06  1.20000000e+00  9.02260666e-06  0.00000000e+00 
 9.12260666e-06  8.02257655e-01  9.12260666e-06  4.85645638e-01  9.12260666e-06  1.81653815e-06  9.12260666e-06  5.53232371e-07  9.12260666e-06  1.07307537e-08  9.12260666e-06  1.20000000e+00  9.12260666e-06  0.00000000e+00 
 9.22260666e-06  8.07183238e-01  9.22260666e-06  4.85641085e-01  9.22260666e-06  1.81652331e-06  9.22260666e-06  5.53331140e-07  9.22260666e-06  1.07212994e-08  9.22260666e-06  1.20000000e+00  9.22260666e-06  0.00000000e+00 
 9.32260666e-06  8.12110423e-01  9.32260666e-06  4.85647934e-01  9.32260666e-06  1.81653806e-06  9.32260666e-06  5.53691551e-07  9.32260666e-06  1.07907805e-08  9.32260666e-06  1.20000000e+00  9.32260666e-06  0.00000000e+00 
 9.42260666e-06  8.17039325e-01  9.42260666e-06  4.85643619e-01  9.42260666e-06  1.81652340e-06  9.42260666e-06  5.53801811e-07  9.42260666e-06  1.07815267e-08  9.42260666e-06  1.20000000e+00  9.42260666e-06  0.00000000e+00 
 9.52260666e-06  8.21969859e-01  9.52260666e-06  4.85650284e-01  9.52260666e-06  1.81653798e-06  9.52260666e-06  5.54158286e-07  9.52260666e-06  1.08505494e-08  9.52260666e-06  1.20000000e+00  9.52260666e-06  0.00000000e+00 
 9.62260666e-06  8.26902140e-01  9.62260666e-06  4.85646191e-01  9.62260666e-06  1.81652348e-06  9.62260666e-06  5.54280393e-07  9.62260666e-06  1.08414921e-08  9.62260666e-06  1.20000000e+00  9.62260666e-06  0.00000000e+00 
 9.72260666e-06  8.31836097e-01  9.72260666e-06  4.85652646e-01  9.72260666e-06  1.81653790e-06  9.72260666e-06  5.54635184e-07  9.72260666e-06  1.09100639e-08  9.72260666e-06  1.20000000e+00  9.72260666e-06  0.00000000e+00 
 9.82260666e-06  8.36771851e-01  9.82260666e-06  4.85648755e-01  9.82260666e-06  1.81652357e-06  9.82260666e-06  5.54770222e-07  9.82260666e-06  1.09011982e-08  9.82260666e-06  1.20000000e+00  9.82260666e-06  0.00000000e+00 
 9.92260666e-06  8.41709348e-01  9.92260666e-06  4.85654978e-01  9.92260666e-06  1.81653782e-06  9.92260666e-06  5.55126477e-07  9.92260666e-06  1.09693274e-08  9.92260666e-06  1.20000000e+00  9.92260666e-06  0.00000000e+00 
 1.00226067e-05  8.46648715e-01  1.00226067e-05  4.85651266e-01  1.00226067e-05  1.81652365e-06  1.00226067e-05  5.55276390e-07  1.00226067e-05  1.09606482e-08  1.00226067e-05  1.20000000e+00  1.00226067e-05  0.00000000e+00 
 1.01226067e-05  8.51589924e-01  1.01226067e-05  4.85657245e-01  1.01226067e-05  1.81653774e-06  1.01226067e-05  5.55638246e-07  1.01226067e-05  1.10283443e-08  1.01226067e-05  1.20000000e+00  1.01226067e-05  0.00000000e+00 
 1.02226067e-05  8.56533112e-01  1.02226067e-05  4.85653691e-01  1.02226067e-05  1.81652372e-06  1.02226067e-05  5.55805986e-07  1.02226067e-05  1.10198463e-08  1.02226067e-05  1.20000000e+00  1.02226067e-05  0.00000000e+00 
 1.03226067e-05  8.61478279e-01  1.03226067e-05  4.85659420e-01  1.03226067e-05  1.81653767e-06  1.03226067e-05  5.56178697e-07  1.03226067e-05  1.10871193e-08  1.03226067e-05  1.20000000e+00  1.03226067e-05  0.00000000e+00 
 1.04226067e-05  8.66425580e-01  1.04226067e-05  4.85656003e-01  1.04226067e-05  1.81652380e-06  1.04226067e-05  5.56368403e-07  1.04226067e-05  1.10787973e-08  1.04226067e-05  1.20000000e+00  1.04226067e-05  0.00000000e+00 
 1.05226067e-05  8.71375046e-01  1.05226067e-05  4.85661483e-01  1.05226067e-05  1.81653760e-06  1.05226067e-05  5.56758499e-07  1.05226067e-05  1.11456583e-08  1.05226067e-05  1.20000000e+00  1.05226067e-05  0.00000000e+00 
 1.06226067e-05  8.76326859e-01  1.06226067e-05  4.85658184e-01  1.06226067e-05  1.81652387e-06  1.06226067e-05  5.56975742e-07  1.06226067e-05  1.11375075e-08  1.06226067e-05  1.20000000e+00  1.06226067e-05  0.00000000e+00 
 1.07226067e-05  8.81281087e-01  1.07226067e-05  4.85663425e-01  1.07226067e-05  1.81653753e-06  1.07226067e-05  5.57391268e-07  1.07226067e-05  1.12039682e-08  1.07226067e-05  1.20000000e+00  1.07226067e-05  0.00000000e+00 
 1.08226067e-05  8.86237944e-01  1.08226067e-05  4.85660226e-01  1.08226067e-05  1.81652394e-06  1.08226067e-05  5.57643380e-07  1.08226067e-05  1.11959846e-08  1.08226067e-05  1.20000000e+00  1.08226067e-05  0.00000000e+00 
 1.09226067e-05  8.91197547e-01  1.09226067e-05  4.85665240e-01  1.09226067e-05  1.81653746e-06  1.09226067e-05  5.58094243e-07  1.09226067e-05  1.12620576e-08  1.09226067e-05  1.20000000e+00  1.09226067e-05  0.00000000e+00 
 1.10226067e-05  8.96160149e-01  1.10226067e-05  4.85662130e-01  1.10226067e-05  1.81652401e-06  1.10226067e-05  5.58390751e-07  1.10226067e-05  1.12542382e-08  1.10226067e-05  1.20000000e+00  1.10226067e-05  0.00000000e+00 
 1.11226067e-05  9.01125927e-01  1.11226067e-05  4.85666934e-01  1.11226067e-05  1.81653740e-06  1.11226067e-05  5.58889200e-07  1.11226067e-05  1.13199366e-08  1.11226067e-05  1.20000000e+00  1.11226067e-05  0.00000000e+00 
 1.12226067e-05  9.06095187e-01  1.12226067e-05  4.85663900e-01  1.12226067e-05  1.81652407e-06  1.12226067e-05  5.59242430e-07  1.12226067e-05  1.13122799e-08  1.12226067e-05  1.20000000e+00  1.12226067e-05  0.00000000e+00 
 1.13226067e-05  9.11068177e-01  1.13226067e-05  4.85668512e-01  1.13226067e-05  1.81653734e-06  1.13226067e-05  5.59803720e-07  1.13226067e-05  1.13776181e-08  1.13226067e-05  1.20000000e+00  1.13226067e-05  0.00000000e+00 
 1.14226067e-05  9.16045275e-01  1.14226067e-05  4.85665547e-01  1.14226067e-05  1.81652413e-06  1.14226067e-05  5.60229574e-07  1.14226067e-05  1.13701242e-08  1.14226067e-05  1.20000000e+00  1.14226067e-05  0.00000000e+00 
 1.15226067e-05  9.21026816e-01  1.15226067e-05  4.85669989e-01  1.15226067e-05  1.81653728e-06  1.15226067e-05  5.60872850e-07  1.15226067e-05  1.14351179e-08  1.15226067e-05  1.20000000e+00  1.15226067e-05  0.00000000e+00 
 1.16226067e-05  9.26013269e-01  1.16226067e-05  4.85667085e-01  1.16226067e-05  1.81652420e-06  1.16226067e-05  5.61391846e-07  1.16226067e-05  1.14277890e-08  1.16226067e-05  1.20000000e+00  1.16226067e-05  0.00000000e+00 
 1.17226067e-05  9.31005083e-01  1.17226067e-05  4.85671376e-01  1.17226067e-05  1.81653722e-06  1.17226067e-05  5.62141322e-07  1.17226067e-05  1.14924555e-08  1.17226067e-05  1.20000000e+00  1.17226067e-05  0.00000000e+00 
 1.18226067e-05  9.36002843e-01  1.18226067e-05  4.85668532e-01  1.18226067e-05  1.81652425e-06  1.18226067e-05  5.62779929e-07  1.18226067e-05  1.14852967e-08  1.18226067e-05  1.20000000e+00  1.18226067e-05  0.00000000e+00 
 1.19226067e-05  9.41007139e-01  1.19226067e-05  4.85672691e-01  1.19226067e-05  1.81653716e-06  1.19226067e-05  5.63666425e-07  1.19226067e-05  1.15496556e-08  1.19226067e-05  1.20000000e+00  1.19226067e-05  0.00000000e+00 
 1.20226067e-05  9.46018712e-01  1.20226067e-05  4.85669905e-01  1.20226067e-05  1.81652431e-06  1.20226067e-05  5.64458815e-07  1.20226067e-05  1.15426751e-08  1.20226067e-05  1.20000000e+00  1.20226067e-05  0.00000000e+00 
 1.21226067e-05  9.51038329e-01  1.21226067e-05  4.85673952e-01  1.21226067e-05  1.81653711e-06  1.21226067e-05  5.65521735e-07  1.21226067e-05  1.16067489e-08  1.21226067e-05  1.20000000e+00  1.21226067e-05  0.00000000e+00 
 1.22226067e-05  9.56066930e-01  1.22226067e-05  4.85671228e-01  1.22226067e-05  1.81652437e-06  1.22226067e-05  5.66512020e-07  1.22226067e-05  1.15999590e-08  1.22226067e-05  1.20000000e+00  1.22226067e-05  0.00000000e+00 
 1.23226067e-05  9.61105514e-01  1.23226067e-05  4.85675181e-01  1.23226067e-05  1.81653706e-06  1.23226067e-05  5.67801933e-07  1.23226067e-05  1.16637742e-08  1.23226067e-05  1.20000000e+00  1.23226067e-05  0.00000000e+00 
 1.24226067e-05  9.66155278e-01  1.24226067e-05  4.85672522e-01  1.24226067e-05  1.81652442e-06  1.24226067e-05  5.69047069e-07  1.24226067e-05  1.16571926e-08  1.24226067e-05  1.20000000e+00  1.24226067e-05  0.00000000e+00 
 1.25226067e-05  9.71217516e-01  1.25226067e-05  4.85676400e-01  1.25226067e-05  1.81653700e-06  1.25226067e-05  5.70629012e-07  1.25226067e-05  1.17207807e-08  1.25226067e-05  1.20000000e+00  1.25226067e-05  0.00000000e+00 
 1.26226067e-05  9.76293756e-01  1.26226067e-05  4.85673816e-01  1.26226067e-05  1.81652447e-06  1.26226067e-05  5.72202556e-07  1.26226067e-05  1.17144315e-08  1.26226067e-05  1.20000000e+00  1.26226067e-05  0.00000000e+00 
 1.27226067e-05  9.81385676e-01  1.27226067e-05  4.85677638e-01  1.27226067e-05  1.81653695e-06  1.27226067e-05  5.74160337e-07  1.27226067e-05  1.17778309e-08  1.27226067e-05  1.20000000e+00  1.27226067e-05  0.00000000e+00 
 1.28226067e-05  9.86495234e-01  1.28226067e-05  4.85675140e-01  1.28226067e-05  1.81652452e-06  1.28226067e-05  5.76157334e-07  1.28226067e-05  1.17717462e-08  1.28226067e-05  1.20000000e+00  1.28226067e-05  0.00000000e+00 
 1.29226067e-05  9.91624597e-01  1.29226067e-05  4.85678927e-01  1.29226067e-05  1.81653690e-06  1.29226067e-05  5.78599146e-07  1.29226067e-05  1.18350041e-08  1.29226067e-05  1.20000000e+00  1.29226067e-05  0.00000000e+00 
 1.30226067e-05  9.96776281e-01  1.30226067e-05  4.85676531e-01  1.30226067e-05  1.81652457e-06  1.30226067e-05  5.81142595e-07  1.30226067e-05  1.18292267e-08  1.30226067e-05  1.20000000e+00  1.30226067e-05  0.00000000e+00 
 1.31226067e-05  1.00195309e+00  1.31226067e-05  4.85680305e-01  1.31226067e-05  1.81653686e-06  1.31226067e-05  5.84208479e-07  1.31226067e-05  1.18924017e-08  1.31226067e-05  1.20000000e+00  1.31226067e-05  0.00000000e+00 
 1.32226067e-05  1.00715827e+00  1.32226067e-05  4.85678033e-01  1.32226067e-05  1.81652462e-06  1.32226067e-05  5.87457953e-07  1.32226067e-05  1.18869875e-08  1.32226067e-05  1.20000000e+00  1.32226067e-05  0.00000000e+00 
 1.33226067e-05  1.01239544e+00  1.33226067e-05  4.85681820e-01  1.33226067e-05  1.81653681e-06  1.33226067e-05  5.91329830e-07  1.33226067e-05  1.19501530e-08  1.33226067e-05  1.20000000e+00  1.33226067e-05  0.00000000e+00 
 1.34226067e-05  1.01766879e+00  1.34226067e-05  4.85679700e-01  1.34226067e-05  1.81652466e-06  1.34226067e-05  5.95493189e-07  1.34226067e-05  1.19451755e-08  1.34226067e-05  1.20000000e+00  1.34226067e-05  0.00000000e+00 
 1.35226067e-05  1.02298303e+00  1.35226067e-05  4.85683530e-01  1.35226067e-05  1.81653676e-06  1.35226067e-05  6.00408521e-07  1.35226067e-05  1.20084242e-08  1.35226067e-05  1.20000000e+00  1.35226067e-05  0.00000000e+00 
 1.36226067e-05  1.02834357e+00  1.36226067e-05  4.85681598e-01  1.36226067e-05  1.81652471e-06  1.36226067e-05  6.05757928e-07  1.36226067e-05  1.20039790e-08  1.36226067e-05  1.20000000e+00  1.36226067e-05  0.00000000e+00 
 1.37226067e-05  1.03375654e+00  1.37226067e-05  4.85685510e-01  1.37226067e-05  1.81653672e-06  1.37226067e-05  6.12028478e-07  1.37226067e-05  1.20674289e-08  1.37226067e-05  1.20000000e+00  1.37226067e-05  0.00000000e+00 
 1.38226067e-05  1.03922899e+00  1.38226067e-05  4.85683809e-01  1.38226067e-05  1.81652475e-06  1.38226067e-05  6.18922398e-07  1.38226067e-05  1.20636406e-08  1.38226067e-05  1.20000000e+00  1.38226067e-05  0.00000000e+00 
 1.39226067e-05  1.04476891e+00  1.39226067e-05  4.85687849e-01  1.39226067e-05  1.81653667e-06  1.39226067e-05  6.26959847e-07  1.39226067e-05  1.21274430e-08  1.39226067e-05  1.20000000e+00  1.39226067e-05  0.00000000e+00 
 1.40226067e-05  1.05038550e+00  1.40226067e-05  4.85686435e-01  1.40226067e-05  1.81652479e-06  1.40226067e-05  6.35872868e-07  1.40226067e-05  1.21244742e-08  1.40226067e-05  1.20000000e+00  1.40226067e-05  0.00000000e+00 
 1.41226067e-05  1.05608923e+00  1.41226067e-05  4.85690660e-01  1.41226067e-05  1.81653663e-06  1.41226067e-05  6.46222998e-07  1.41226067e-05  1.21888239e-08  1.41226067e-05  1.20000000e+00  1.41226067e-05  0.00000000e+00 
 1.42226067e-05  1.06189217e+00  1.42226067e-05  4.85689600e-01  1.42226067e-05  1.81652484e-06  1.42226067e-05  6.57784551e-07  1.42226067e-05  1.21868876e-08  1.42226067e-05  1.20000000e+00  1.42226067e-05  0.00000000e+00 
 1.43226067e-05  1.06780807e+00  1.43226067e-05  4.85694072e-01  1.43226067e-05  1.81653658e-06  1.43226067e-05  6.71169666e-07  1.43226067e-05  1.22520370e-08  1.43226067e-05  1.20000000e+00  1.43226067e-05  0.00000000e+00 
 1.44226067e-05  1.07385274e+00  1.44226067e-05  4.85693437e-01  1.44226067e-05  1.81652488e-06  1.44226067e-05  6.86208671e-07  1.44226067e-05  1.22514118e-08  1.44226067e-05  1.20000000e+00  1.44226067e-05  0.00000000e+00 
 1.45226067e-05  1.08004423e+00  1.45226067e-05  4.85698214e-01  1.45226067e-05  1.81653654e-06  1.45226067e-05  7.03570125e-07  1.45226067e-05  1.23176883e-08  1.45226067e-05  1.20000000e+00  1.45226067e-05  0.00000000e+00 
 1.46226067e-05  1.08640316e+00  1.46226067e-05  4.85698053e-01  1.46226067e-05  1.81652491e-06  1.46226067e-05  7.23148142e-07  1.46226067e-05  1.23187373e-08  1.46226067e-05  1.20000000e+00  1.46226067e-05  0.00000000e+00 
 1.47226067e-05  1.09295288e+00  1.47226067e-05  4.85703136e-01  1.47226067e-05  1.81653649e-06  1.47226067e-05  7.45654896e-07  1.47226067e-05  1.23865627e-08  1.47226067e-05  1.20000000e+00  1.47226067e-05  0.00000000e+00 
 1.48226067e-05  1.09971968e+00  1.48226067e-05  4.85703393e-01  1.48226067e-05  1.81652495e-06  1.48226067e-05  7.71023678e-07  1.48226067e-05  1.23897515e-08  1.48226067e-05  1.20000000e+00  1.48226067e-05  0.00000000e+00 
 1.49226067e-05  1.10673257e+00  1.49226067e-05  4.85708570e-01  1.49226067e-05  1.81653645e-06  1.49226067e-05  7.99926064e-07  1.49226067e-05  1.24596550e-08  1.49226067e-05  1.20000000e+00  1.49226067e-05  0.00000000e+00 
 1.50226067e-05  1.11402276e+00  1.50226067e-05  4.85708783e-01  1.50226067e-05  1.81652498e-06  1.50226067e-05  8.32173388e-07  1.50226067e-05  1.24655517e-08  1.50226067e-05  1.20000000e+00  1.50226067e-05  0.00000000e+00 
 1.51226067e-05  1.12161203e+00  1.51226067e-05  4.85709222e-01  1.51226067e-05  1.81653642e-06  1.51226067e-05  8.65955922e-07  1.51226067e-05  1.25380519e-08  1.51226067e-05  1.20000000e+00  1.51226067e-05  0.00000000e+00 
 1.52226067e-05  1.12953782e+00  1.52226067e-05  4.85714301e-01  1.52226067e-05  1.81652500e-06  1.52226067e-05  9.06371675e-07  1.52226067e-05  1.25470765e-08  1.52226067e-05  1.20000000e+00  1.52226067e-05  0.00000000e+00 
 1.53226067e-05  1.13780160e+00  1.53226067e-05  4.85704401e-01  1.53226067e-05  1.81653643e-06  1.53226067e-05  9.40706776e-07  1.53226067e-05  1.26229599e-08  1.53226067e-05  1.20000000e+00  1.53226067e-05  0.00000000e+00 
 1.54226067e-05  1.14633864e+00  1.54226067e-05  4.85697587e-01  1.54226067e-05  1.81652500e-06  1.54226067e-05  9.67187734e-07  1.54226067e-05  1.26347897e-08  1.54226067e-05  1.20000000e+00  1.54226067e-05  0.00000000e+00 
 1.55226067e-05  1.15499932e+00  1.55226067e-05  4.85670038e-01  1.55226067e-05  1.81653648e-06  1.55226067e-05  9.68897871e-07  1.55226067e-05  1.27125449e-08  1.55226067e-05  1.20000000e+00  1.55226067e-05  0.00000000e+00 
 1.56226067e-05  1.16347006e+00  1.56226067e-05  4.85634376e-01  1.56226067e-05  1.81652503e-06  1.56226067e-05  9.27046845e-07  1.56226067e-05  1.27236347e-08  1.56226067e-05  1.20000000e+00  1.56226067e-05  0.00000000e+00 
 1.57226067e-05  1.17131489e+00  1.57226067e-05  4.85585021e-01  1.57226067e-05  1.81653659e-06  1.57226067e-05  8.33049650e-07  1.57226067e-05  1.27968692e-08  1.57226067e-05  1.20000000e+00  1.57226067e-05  0.00000000e+00 
 1.58226067e-05  1.17812700e+00  1.58226067e-05  4.85528821e-01  1.58226067e-05  1.81652525e-06  1.58226067e-05  7.01154350e-07  1.58226067e-05  1.27991057e-08  1.58226067e-05  1.20000000e+00  1.58226067e-05  0.00000000e+00 
 1.59226067e-05  1.18367636e+00  1.59226067e-05  4.85217333e-01  1.59226067e-05  1.81653948e-06  1.59226067e-05  5.55518628e-07  1.59226067e-05  1.28621485e-08  1.59226067e-05  1.20000000e+00  1.59226067e-05  0.00000000e+00 
 1.60226067e-05  1.18796224e+00  1.60226067e-05  4.85170421e-01  1.60226067e-05  1.81652444e-06  1.60226067e-05  4.22277352e-07  1.60226067e-05  1.28470811e-08  1.60226067e-05  1.20000000e+00  1.60226067e-05  0.00000000e+00 
 1.61226067e-05  1.19115866e+00  1.61226067e-05  4.85513317e-01  1.61226067e-05  1.81653786e-06  1.61226067e-05  3.14271739e-07  1.61226067e-05  1.28976286e-08  1.61226067e-05  1.20000000e+00  1.61226067e-05  0.00000000e+00 
 1.62226067e-05  1.19349971e+00  1.62226067e-05  4.85527162e-01  1.62226067e-05  1.81652435e-06  1.62226067e-05  2.32672925e-07  1.62226067e-05  1.28780744e-08  1.62226067e-05  1.20000000e+00  1.62226067e-05  0.00000000e+00 
 1.63226067e-05  1.19520028e+00  1.63226067e-05  4.85627782e-01  1.63226067e-05  1.81653704e-06  1.63226067e-05  1.72106399e-07  1.63226067e-05  1.29174828e-08  1.63226067e-05  1.20000000e+00  1.63226067e-05  0.00000000e+00 
 1.64226067e-05  1.19643115e+00  1.64226067e-05  4.85570613e-01  1.64226067e-05  1.81652499e-06  1.64226067e-05  1.28430610e-07  1.64226067e-05  1.28944209e-08  1.64226067e-05  1.20000000e+00  1.64226067e-05  0.00000000e+00 
 1.65226067e-05  1.19732102e+00  1.65226067e-05  4.85629366e-01  1.65226067e-05  1.81653630e-06  1.65226067e-05  9.63613960e-08  1.65226067e-05  1.29271616e-08  1.65226067e-05  1.20000000e+00  1.65226067e-05  0.00000000e+00 
 1.66226067e-05  1.19796360e+00  1.66226067e-05  4.85589461e-01  1.66226067e-05  1.81652565e-06  1.66226067e-05  7.35411171e-08  1.66226067e-05  1.29032442e-08  1.66226067e-05  1.20000000e+00  1.66226067e-05  0.00000000e+00 
 1.67226067e-05  1.19842717e+00  1.67226067e-05  4.85627867e-01  1.67226067e-05  1.81653565e-06  1.67226067e-05  5.65961252e-08  1.67226067e-05  1.29319041e-08  1.67226067e-05  1.20000000e+00  1.67226067e-05  0.00000000e+00 
 1.68226067e-05  1.19876140e+00  1.68226067e-05  4.85598976e-01  1.68226067e-05  1.81652623e-06  1.68226067e-05  4.48346892e-08  1.68226067e-05  1.29081178e-08  1.68226067e-05  1.20000000e+00  1.68226067e-05  0.00000000e+00 
 1.69226067e-05  1.19900237e+00  1.69226067e-05  4.85625407e-01  1.69226067e-05  1.81653510e-06  1.69226067e-05  3.58724364e-08  1.69226067e-05  1.29341003e-08  1.69226067e-05  1.20000000e+00  1.69226067e-05  0.00000000e+00 
 1.70226067e-05  1.19917602e+00  1.70226067e-05  4.85604639e-01  1.70226067e-05  1.81652671e-06  1.70226067e-05  2.98957054e-08  1.70226067e-05  1.29108965e-08  1.70226067e-05  1.20000000e+00  1.70226067e-05  0.00000000e+00 
 1.71226067e-05  1.19930117e+00  1.71226067e-05  4.85623432e-01  1.71226067e-05  1.81653466e-06  1.71226067e-05  2.50943820e-08  1.71226067e-05  1.29350098e-08  1.71226067e-05  1.20000000e+00  1.71226067e-05  0.00000000e+00 
 1.72226067e-05  1.19939134e+00  1.72226067e-05  4.85608054e-01  1.72226067e-05  1.81652710e-06  1.72226067e-05  2.21326679e-08  1.72226067e-05  1.29125570e-08  1.72226067e-05  1.20000000e+00  1.72226067e-05  0.00000000e+00 
 1.73226067e-05  1.19945631e+00  1.73226067e-05  4.85621962e-01  1.73226067e-05  1.81653430e-06  1.73226067e-05  1.94945779e-08  1.73226067e-05  1.29352762e-08  1.73226067e-05  1.20000000e+00  1.73226067e-05  0.00000000e+00 
 1.74226067e-05  1.19950311e+00  1.74226067e-05  4.85610176e-01  1.74226067e-05  1.81652742e-06  1.74226067e-05  1.81017896e-08  1.74226067e-05  1.29136139e-08  1.74226067e-05  1.20000000e+00  1.74226067e-05  0.00000000e+00 
 1.75226067e-05  1.19953683e+00  1.75226067e-05  4.85620889e-01  1.75226067e-05  1.81653402e-06  1.75226067e-05  1.65865671e-08  1.75226067e-05  1.29352296e-08  1.75226067e-05  1.20000000e+00  1.75226067e-05  0.00000000e+00 
 1.76226067e-05  1.19956113e+00  1.76226067e-05  4.85611537e-01  1.76226067e-05  1.81652766e-06  1.76226067e-05  1.60097444e-08  1.76226067e-05  1.29143382e-08  1.76226067e-05  1.20000000e+00  1.76226067e-05  0.00000000e+00 
 1.77226067e-05  1.19957863e+00  1.77226067e-05  4.85620103e-01  1.77226067e-05  1.81653380e-06  1.77226067e-05  1.50767122e-08  1.77226067e-05  1.29350383e-08  1.77226067e-05  1.20000000e+00  1.77226067e-05  0.00000000e+00 
 1.78226067e-05  1.19959123e+00  1.78226067e-05  4.85612441e-01  1.78226067e-05  1.81652787e-06  1.78226067e-05  1.49242904e-08  1.78226067e-05  1.29148733e-08  1.78226067e-05  1.20000000e+00  1.78226067e-05  0.00000000e+00 
 1.79226067e-05  1.19960031e+00  1.79226067e-05  4.85619522e-01  1.79226067e-05  1.81653362e-06  1.79226067e-05  1.42928025e-08  1.79226067e-05  1.29347873e-08  1.79226067e-05  1.20000000e+00  1.79226067e-05  0.00000000e+00 
 1.80226067e-05  1.19960686e+00  1.80226067e-05  4.85613063e-01  1.80226067e-05  1.81652803e-06  1.80226067e-05  1.43612467e-08  1.80226067e-05  1.29152959e-08  1.80226067e-05  1.20000000e+00  1.80226067e-05  0.00000000e+00 
 1.81226067e-05  1.19961157e+00  1.81226067e-05  4.85619083e-01  1.81226067e-05  1.81653347e-06  1.81226067e-05  1.38857583e-08  1.81226067e-05  1.29345186e-08  1.81226067e-05  1.20000000e+00  1.81226067e-05  0.00000000e+00 
 1.82226067e-05  1.19961496e+00  1.82226067e-05  4.85613510e-01  1.82226067e-05  1.81652816e-06  1.82226067e-05  1.40692632e-08  1.82226067e-05  1.29156475e-08  1.82226067e-05  1.20000000e+00  1.82226067e-05  0.00000000e+00 
 1.83226067e-05  1.19961741e+00  1.83226067e-05  4.85618743e-01  1.83226067e-05  1.81653335e-06  1.83226067e-05  1.36743586e-08  1.83226067e-05  1.29342529e-08  1.83226067e-05  1.20000000e+00  1.83226067e-05  0.00000000e+00 
 1.84226067e-05  1.19961917e+00  1.84226067e-05  4.85613843e-01  1.84226067e-05  1.81652827e-06  1.84226067e-05  1.39178916e-08  1.84226067e-05  1.29159509e-08  1.84226067e-05  1.20000000e+00  1.84226067e-05  0.00000000e+00 
 1.85226067e-05  1.19962044e+00  1.85226067e-05  4.85618473e-01  1.85226067e-05  1.81653325e-06  1.85226067e-05  1.35645378e-08  1.85226067e-05  1.29339993e-08  1.85226067e-05  1.20000000e+00  1.85226067e-05  0.00000000e+00 
 1.86226067e-05  1.19962135e+00  1.86226067e-05  4.85614103e-01  1.86226067e-05  1.81652836e-06  1.86226067e-05  1.38394413e-08  1.86226067e-05  1.29162191e-08  1.86226067e-05  1.20000000e+00  1.86226067e-05  0.00000000e+00 
 1.87226067e-05  1.19962201e+00  1.87226067e-05  4.85618252e-01  1.87226067e-05  1.81653317e-06  1.87226067e-05  1.35074719e-08  1.87226067e-05  1.29337617e-08  1.87226067e-05  1.20000000e+00  1.87226067e-05  0.00000000e+00 
 1.88226067e-05  1.19962249e+00  1.88226067e-05  4.85614313e-01  1.88226067e-05  1.81652844e-06  1.88226067e-05  1.37987917e-08  1.88226067e-05  1.29164598e-08  1.88226067e-05  1.20000000e+00  1.88226067e-05  0.00000000e+00 
 1.89226067e-05  1.19962283e+00  1.89226067e-05  4.85618068e-01  1.89226067e-05  1.81653309e-06  1.89226067e-05  1.34778182e-08  1.89226067e-05  1.29335411e-08  1.89226067e-05  1.20000000e+00  1.89226067e-05  0.00000000e+00 
 1.90226067e-05  1.19962308e+00  1.90226067e-05  4.85614487e-01  1.90226067e-05  1.81652851e-06  1.90226067e-05  1.37777229e-08  1.90226067e-05  1.29166780e-08  1.90226067e-05  1.20000000e+00  1.90226067e-05  0.00000000e+00 
 1.91226067e-05  1.19962325e+00  1.91226067e-05  4.85617911e-01  1.91226067e-05  1.81653303e-06  1.91226067e-05  1.34624215e-08  1.91226067e-05  1.29333373e-08  1.91226067e-05  1.20000000e+00  1.91226067e-05  0.00000000e+00 
 1.92226067e-05  1.19962338e+00  1.92226067e-05  4.85614636e-01  1.92226067e-05  1.81652857e-06  1.92226067e-05  1.37667848e-08  1.92226067e-05  1.29168769e-08  1.92226067e-05  1.20000000e+00  1.92226067e-05  0.00000000e+00 
 1.93226067e-05  1.19962347e+00  1.93226067e-05  4.85617774e-01  1.93226067e-05  1.81653297e-06  1.93226067e-05  1.34544514e-08  1.93226067e-05  1.29331494e-08  1.93226067e-05  1.20000000e+00  1.93226067e-05  0.00000000e+00 
 1.94226067e-05  1.19962354e+00  1.94226067e-05  4.85614765e-01  1.94226067e-05  1.81652862e-06  1.94226067e-05  1.37610764e-08  1.94226067e-05  1.29170588e-08  1.94226067e-05  1.20000000e+00  1.94226067e-05  0.00000000e+00 
 1.95226067e-05  1.19962358e+00  1.95226067e-05  4.85617653e-01  1.95226067e-05  1.81653292e-06  1.95226067e-05  1.34503603e-08  1.95226067e-05  1.29329764e-08  1.95226067e-05  1.20000000e+00  1.95226067e-05  0.00000000e+00 
 1.96226067e-05  1.19962362e+00  1.96226067e-05  4.85614880e-01  1.96226067e-05  1.81652867e-06  1.96226067e-05  1.37580578e-08  1.96226067e-05  1.29172257e-08  1.96226067e-05  1.20000000e+00  1.96226067e-05  0.00000000e+00 
 1.97226067e-05  1.19962364e+00  1.97226067e-05  4.85617545e-01  1.97226067e-05  1.81653288e-06  1.97226067e-05  1.34483051e-08  1.97226067e-05  1.29328172e-08  1.97226067e-05  1.20000000e+00  1.97226067e-05  0.00000000e+00 
 1.98226067e-05  1.19962366e+00  1.98226067e-05  4.85614983e-01  1.98226067e-05  1.81652871e-06  1.98226067e-05  1.37564134e-08  1.98226067e-05  1.29173790e-08  1.98226067e-05  1.20000000e+00  1.98226067e-05  0.00000000e+00 
 1.99226067e-05  1.19962367e+00  1.99226067e-05  4.85617448e-01  1.99226067e-05  1.81653284e-06  1.99226067e-05  1.34473267e-08  1.99226067e-05  1.29326706e-08  1.99226067e-05  1.20000000e+00  1.99226067e-05  0.00000000e+00 
 2.00226067e-05  1.19962369e+00  2.00226067e-05  4.85615075e-01  2.00226067e-05  1.81652875e-06  2.00226067e-05  1.37554623e-08  2.00226067e-05  1.29175200e-08  2.00226067e-05  1.20000000e+00  2.00226067e-05  0.00000000e+00 
 2.01226067e-05  1.19962369e+00  2.01226067e-05  4.85617360e-01  2.01226067e-05  1.81653281e-06  2.01226067e-05  1.34469257e-08  2.01226067e-05  1.29325355e-08  2.01226067e-05  1.20000000e+00  2.01226067e-05  0.00000000e+00 
 2.02226067e-05  1.19962370e+00  2.02226067e-05  4.85615159e-01  2.02226067e-05  1.81652878e-06  2.02226067e-05  1.37548536e-08  2.02226067e-05  1.29176497e-08  2.02226067e-05  1.20000000e+00  2.02226067e-05  0.00000000e+00 
 2.03226067e-05  1.19962370e+00  2.03226067e-05  4.85617280e-01  2.03226067e-05  1.81653277e-06  2.03226067e-05  1.34468412e-08  2.03226067e-05  1.29324112e-08  2.03226067e-05  1.20000000e+00  2.03226067e-05  0.00000000e+00 
 2.04226067e-05  1.19962370e+00  2.04226067e-05  4.85615235e-01  2.04226067e-05  1.81652881e-06  2.04226067e-05  1.37544063e-08  2.04226067e-05  1.29177692e-08  2.04226067e-05  1.20000000e+00  2.04226067e-05  0.00000000e+00 
 2.05226067e-05  1.19962370e+00  2.05226067e-05  4.85617207e-01  2.05226067e-05  1.81653275e-06  2.05226067e-05  1.34469362e-08  2.05226067e-05  1.29322965e-08  2.05226067e-05  1.20000000e+00  2.05226067e-05  0.00000000e+00 
 2.06226067e-05  1.19962371e+00  2.06226067e-05  4.85615305e-01  2.06226067e-05  1.81652883e-06  2.06226067e-05  1.37540284e-08  2.06226067e-05  1.29178793e-08  2.06226067e-05  1.20000000e+00  2.06226067e-05  0.00000000e+00 
 2.07226067e-05  1.19962371e+00  2.07226067e-05  4.85617140e-01  2.07226067e-05  1.81653272e-06  2.07226067e-05  1.34471382e-08  2.07226067e-05  1.29321909e-08  2.07226067e-05  1.20000000e+00  2.07226067e-05  0.00000000e+00 
 2.08226067e-05  1.19962371e+00  2.08226067e-05  4.85615369e-01  2.08226067e-05  1.81652886e-06  2.08226067e-05  1.37536732e-08  2.08226067e-05  1.29179808e-08  2.08226067e-05  1.20000000e+00  2.08226067e-05  0.00000000e+00 
 2.09226067e-05  1.19962371e+00  2.09226067e-05  4.85617079e-01  2.09226067e-05  1.81653270e-06  2.09226067e-05  1.34474082e-08  2.09226067e-05  1.29320934e-08  2.09226067e-05  1.20000000e+00  2.09226067e-05  0.00000000e+00 
 2.10226067e-05  1.19962371e+00  2.10226067e-05  4.85615428e-01  2.10226067e-05  1.81652888e-06  2.10226067e-05  1.37533179e-08  2.10226067e-05  1.29180744e-08  2.10226067e-05  1.20000000e+00  2.10226067e-05  0.00000000e+00 
 2.11226067e-05  1.19962371e+00  2.11226067e-05  4.85617022e-01  2.11226067e-05  1.81653268e-06  2.11226067e-05  1.34477251e-08  2.11226067e-05  1.29320035e-08  2.11226067e-05  1.20000000e+00  2.11226067e-05  0.00000000e+00 
 2.12226067e-05  1.19962371e+00  2.12226067e-05  4.85615482e-01  2.12226067e-05  1.81652889e-06  2.12226067e-05  1.37529516e-08  2.12226067e-05  1.29181608e-08  2.12226067e-05  1.20000000e+00  2.12226067e-05  0.00000000e+00 
 2.13226067e-05  1.19962371e+00  2.13226067e-05  4.85616970e-01  2.13226067e-05  1.81653267e-06  2.13226067e-05  1.34480764e-08  2.13226067e-05  1.29319205e-08  2.13226067e-05  1.20000000e+00  2.13226067e-05  0.00000000e+00 
 2.14226067e-05  1.19962371e+00  2.14226067e-05  4.85615532e-01  2.14226067e-05  1.81652891e-06  2.14226067e-05  1.37525696e-08  2.14226067e-05  1.29182406e-08  2.14226067e-05  1.20000000e+00  2.14226067e-05  0.00000000e+00 
 2.15226067e-05  1.19962371e+00  2.15226067e-05  4.85616922e-01  2.15226067e-05  1.81653265e-06  2.15226067e-05  1.34484553e-08  2.15226067e-05  1.29318438e-08  2.15226067e-05  1.20000000e+00  2.15226067e-05  0.00000000e+00 
 2.16226067e-05  1.19962371e+00  2.16226067e-05  4.85615578e-01  2.16226067e-05  1.81652892e-06  2.16226067e-05  1.37521707e-08  2.16226067e-05  1.29183143e-08  2.16226067e-05  1.20000000e+00  2.16226067e-05  0.00000000e+00 
 2.17226067e-05  1.19962371e+00  2.17226067e-05  4.85616878e-01  2.17226067e-05  1.81653264e-06  2.17226067e-05  1.34488567e-08  2.17226067e-05  1.29317730e-08  2.17226067e-05  1.20000000e+00  2.17226067e-05  0.00000000e+00 
 2.18226067e-05  1.19962371e+00  2.18226067e-05  4.85615621e-01  2.18226067e-05  1.81652893e-06  2.18226067e-05  1.37517548e-08  2.18226067e-05  1.29183824e-08  2.18226067e-05  1.20000000e+00  2.18226067e-05  0.00000000e+00 
 2.19226067e-05  1.19962371e+00  2.19226067e-05  4.85616838e-01  2.19226067e-05  1.81653263e-06  2.19226067e-05  1.34492775e-08  2.19226067e-05  1.29317075e-08  2.19226067e-05  1.20000000e+00  2.19226067e-05  0.00000000e+00 
 2.20226067e-05  1.19962371e+00  2.20226067e-05  4.85615660e-01  2.20226067e-05  1.81652894e-06  2.20226067e-05  1.37513228e-08  2.20226067e-05  1.29184454e-08  2.20226067e-05  1.20000000e+00  2.20226067e-05  0.00000000e+00 
 2.21226067e-05  1.19962371e+00  2.21226067e-05  4.85616800e-01  2.21226067e-05  1.81653262e-06  2.21226067e-05  1.34497154e-08  2.21226067e-05  1.29316469e-08  2.21226067e-05  1.20000000e+00  2.21226067e-05  0.00000000e+00 
 2.22226067e-05  1.19962371e+00  2.22226067e-05  4.85615696e-01  2.22226067e-05  1.81652895e-06  2.22226067e-05  1.37508758e-08  2.22226067e-05  1.29185037e-08  2.22226067e-05  1.20000000e+00  2.22226067e-05  0.00000000e+00 
 2.23226067e-05  1.19962371e+00  2.23226067e-05  4.85616765e-01  2.23226067e-05  1.81653262e-06  2.23226067e-05  1.34501685e-08  2.23226067e-05  1.29315908e-08  2.23226067e-05  1.20000000e+00  2.23226067e-05  0.00000000e+00 
 2.24226067e-05  1.19962371e+00  2.24226067e-05  4.85615729e-01  2.24226067e-05  1.81652895e-06  2.24226067e-05  1.37504152e-08  2.24226067e-05  1.29185576e-08  2.24226067e-05  1.20000000e+00  2.24226067e-05  0.00000000e+00 
 2.25226067e-05  1.19962371e+00  2.25226067e-05  4.85616733e-01  2.25226067e-05  1.81653261e-06  2.25226067e-05  1.34506351e-08  2.25226067e-05  1.29315389e-08  2.25226067e-05  1.20000000e+00  2.25226067e-05  0.00000000e+00 
 2.26226067e-05  1.19962371e+00  2.26226067e-05  4.85615760e-01  2.26226067e-05  1.81652896e-06  2.26226067e-05  1.37499420e-08  2.26226067e-05  1.29186076e-08  2.26226067e-05  1.20000000e+00  2.26226067e-05  0.00000000e+00 
 2.27226067e-05  1.19962371e+00  2.27226067e-05  4.85616704e-01  2.27226067e-05  1.81653261e-06  2.27226067e-05  1.34511138e-08  2.27226067e-05  1.29314909e-08  2.27226067e-05  1.20000000e+00  2.27226067e-05  0.00000000e+00 
 2.28226067e-05  1.19962371e+00  2.28226067e-05  4.85615789e-01  2.28226067e-05  1.81652896e-06  2.28226067e-05  1.37494575e-08  2.28226067e-05  1.29186539e-08  2.28226067e-05  1.20000000e+00  2.28226067e-05  0.00000000e+00 
 2.29226067e-05  1.19962371e+00  2.29226067e-05  4.85616676e-01  2.29226067e-05  1.81653261e-06  2.29226067e-05  1.34516032e-08  2.29226067e-05  1.29314463e-08  2.29226067e-05  1.20000000e+00  2.29226067e-05  0.00000000e+00 
 2.30226067e-05  1.19962371e+00  2.30226067e-05  4.85615815e-01  2.30226067e-05  1.81652897e-06  2.30226067e-05  1.37489628e-08  2.30226067e-05  1.29186968e-08  2.30226067e-05  1.20000000e+00  2.30226067e-05  0.00000000e+00 
 2.31226067e-05  1.19962371e+00  2.31226067e-05  4.85616651e-01  2.31226067e-05  1.81653260e-06  2.31226067e-05  1.34521025e-08  2.31226067e-05  1.29314050e-08  2.31226067e-05  1.20000000e+00  2.31226067e-05  0.00000000e+00 
 2.32226067e-05  1.19962371e+00  2.32226067e-05  4.85615839e-01  2.32226067e-05  1.81652897e-06  2.32226067e-05  1.37484590e-08  2.32226067e-05  1.29187366e-08  2.32226067e-05  1.20000000e+00  2.32226067e-05  0.00000000e+00 
 2.33226067e-05  1.19962371e+00  2.33226067e-05  4.85616627e-01  2.33226067e-05  1.81653260e-06  2.33226067e-05  1.34526105e-08  2.33226067e-05  1.29313667e-08  2.33226067e-05  1.20000000e+00  2.33226067e-05  0.00000000e+00 
 2.34226067e-05  1.19962371e+00  2.34226067e-05  4.85615862e-01  2.34226067e-05  1.81652897e-06  2.34226067e-05  1.37479471e-08  2.34226067e-05  1.29187735e-08  2.34226067e-05  1.20000000e+00  2.34226067e-05  0.00000000e+00 
 2.35226067e-05  1.19962371e+00  2.35226067e-05  4.85616605e-01  2.35226067e-05  1.81653260e-06  2.35226067e-05  1.34531263e-08  2.35226067e-05  1.29313311e-08  2.35226067e-05  1.20000000e+00  2.35226067e-05  0.00000000e+00 
 2.36226067e-05  1.19962371e+00  2.36226067e-05  4.85615883e-01  2.36226067e-05  1.81652897e-06  2.36226067e-05  1.37474278e-08  2.36226067e-05  1.29188078e-08  2.36226067e-05  1.20000000e+00  2.36226067e-05  0.00000000e+00 
 2.37226067e-05  1.19962371e+00  2.37226067e-05  4.85616585e-01  2.37226067e-05  1.81653260e-06  2.37226067e-05  1.34536488e-08  2.37226067e-05  1.29312981e-08  2.37226067e-05  1.20000000e+00  2.37226067e-05  0.00000000e+00 
 2.38226067e-05  1.19962371e+00  2.38226067e-05  4.85615902e-01  2.38226067e-05  1.81652897e-06  2.38226067e-05  1.37469019e-08  2.38226067e-05  1.29188396e-08  2.38226067e-05  1.20000000e+00  2.38226067e-05  0.00000000e+00 
 2.39226067e-05  1.19962371e+00  2.39226067e-05  4.85616567e-01  2.39226067e-05  1.81653260e-06  2.39226067e-05  1.34541775e-08  2.39226067e-05  1.29312674e-08  2.39226067e-05  1.20000000e+00  2.39226067e-05  0.00000000e+00 
 2.40226067e-05  1.19962371e+00  2.40226067e-05  4.85615920e-01  2.40226067e-05  1.81652896e-06  2.40226067e-05  1.37463704e-08  2.40226067e-05  1.29188692e-08  2.40226067e-05  1.20000000e+00  2.40226067e-05  0.00000000e+00 
 2.41226067e-05  1.19962371e+00  2.41226067e-05  4.85616549e-01  2.41226067e-05  1.81653261e-06  2.41226067e-05  1.34547117e-08  2.41226067e-05  1.29312388e-08  2.41226067e-05  1.20000000e+00  2.41226067e-05  0.00000000e+00 
 2.42226067e-05  1.19962371e+00  2.42226067e-05  4.85615937e-01  2.42226067e-05  1.81652896e-06  2.42226067e-05  1.37458340e-08  2.42226067e-05  1.29188968e-08  2.42226067e-05  1.20000000e+00  2.42226067e-05  0.00000000e+00 
 2.43226067e-05  1.19962371e+00  2.43226067e-05  4.85616533e-01  2.43226067e-05  1.81653261e-06  2.43226067e-05  1.34552507e-08  2.43226067e-05  1.29312122e-08  2.43226067e-05  1.20000000e+00  2.43226067e-05  0.00000000e+00 
 2.44226067e-05  1.19962371e+00  2.44226067e-05  4.85615953e-01  2.44226067e-05  1.81652896e-06  2.44226067e-05  1.37452931e-08  2.44226067e-05  1.29189224e-08  2.44226067e-05  1.20000000e+00  2.44226067e-05  0.00000000e+00 
 2.45226067e-05  1.19962371e+00  2.45226067e-05  4.85616518e-01  2.45226067e-05  1.81653261e-06  2.45226067e-05  1.34557937e-08  2.45226067e-05  1.29311875e-08  2.45226067e-05  1.20000000e+00  2.45226067e-05  0.00000000e+00 
 2.46226067e-05  1.19962371e+00  2.46226067e-05  4.85615967e-01  2.46226067e-05  1.81652895e-06  2.46226067e-05  1.37447483e-08  2.46226067e-05  1.29189463e-08  2.46226067e-05  1.20000000e+00  2.46226067e-05  0.00000000e+00 
 2.47226067e-05  1.19962371e+00  2.47226067e-05  4.85616504e-01  2.47226067e-05  1.81653262e-06  2.47226067e-05  1.34563401e-08  2.47226067e-05  1.29311645e-08  2.47226067e-05  1.20000000e+00  2.47226067e-05  0.00000000e+00 
 2.48226067e-05  1.19962371e+00  2.48226067e-05  4.85615981e-01  2.48226067e-05  1.81652895e-06  2.48226067e-05  1.37442000e-08  2.48226067e-05  1.29189685e-08  2.48226067e-05  1.20000000e+00  2.48226067e-05  0.00000000e+00 
 2.49113083e-05  1.19962371e+00  2.49113083e-05  4.85616490e-01  2.49113083e-05  1.81653262e-06  2.49113083e-05  1.34569247e-08  2.49113083e-05  1.29311417e-08  2.49113083e-05  1.20000000e+00  2.49113083e-05  0.00000000e+00 
 2.50000100e-05  1.19962371e+00  2.50000100e-05  4.85615995e-01  2.50000100e-05  1.81652895e-06  2.50000100e-05  1.37435786e-08  2.50000100e-05  1.29189918e-08  2.50000100e-05  1.20000000e+00  2.50000100e-05  0.00000000e+00 
 2.50000110e-05  1.19960978e+00  2.50000110e-05  4.83105829e-01  2.50000110e-05  2.40994328e-06  2.50000110e-05 -1.05823554e-05  2.50000110e-05  1.78684005e-06  2.50000110e-05  1.08000000e+00  2.50000110e-05  0.00000000e+00 
 2.50000130e-05  1.19957689e+00  2.50000130e-05  4.77691076e-01  2.50000130e-05  2.54862484e-06  2.50000130e-05 -1.11801783e-05  2.50000130e-05  2.25525999e-06  2.50000130e-05  8.40000000e-01  2.50000130e-05  0.00000000e+00 
 2.50000165e-05  1.19950843e+00  2.50000165e-05  4.68210710e-01  2.50000165e-05  2.44026199e-06  2.50000165e-05 -4.70433449e-06  2.50000165e-05  1.82649319e-06  2.50000165e-05  4.20000000e-01  2.50000165e-05  0.00000000e+00 
 2.50000200e-05  1.19944328e+00  2.50000200e-05  4.61559927e-01  2.50000200e-05  2.17713263e-06  2.50000200e-05  1.83126408e-06  2.50000200e-05  1.04768710e-06  2.50000200e-05  0.00000000e+00  2.50000200e-05  0.00000000e+00 
 2.50000207e-05  1.19944186e+00  2.50000207e-05  4.62184862e-01  2.50000207e-05  1.64567945e-06  2.50000207e-05  7.10942758e-06  2.50000207e-05 -5.67023119e-07  2.50000207e-05  0.00000000e+00  2.50000207e-05  0.00000000e+00 
 2.50000221e-05  1.19944056e+00  2.50000221e-05  4.63473319e-01  2.50000221e-05  1.58166078e-06  2.50000221e-05  9.00761446e-06  2.50000221e-05 -8.50499338e-07  2.50000221e-05  0.00000000e+00  2.50000221e-05  0.00000000e+00 
 2.50000248e-05  1.19943908e+00  2.50000248e-05  4.65781839e-01  2.50000248e-05  1.68005345e-06  2.50000248e-05  7.75673147e-06  2.50000248e-05 -4.46945199e-07  2.50000248e-05  0.00000000e+00  2.50000248e-05  0.00000000e+00 
 2.50000303e-05  1.19943779e+00  2.50000303e-05  4.69615653e-01  2.50000303e-05  1.64484867e-06  2.50000303e-05  8.55738830e-06  2.50000303e-05 -5.96897278e-07  2.50000303e-05  0.00000000e+00  2.50000303e-05  0.00000000e+00 
 2.50000412e-05  1.19944184e+00  2.50000412e-05  4.75613329e-01  2.50000412e-05  1.73879953e-06  2.50000412e-05  5.39780153e-06  2.50000412e-05 -2.03949000e-07  2.50000412e-05  0.00000000e+00  2.50000412e-05  0.00000000e+00 
 2.50000632e-05  1.19946529e+00  2.50000632e-05  4.83775324e-01  2.50000632e-05  1.71386369e-06  2.50000632e-05  2.87085542e-06  2.50000632e-05 -3.15599544e-07  2.50000632e-05  0.00000000e+00  2.50000632e-05  0.00000000e+00 
 2.50001070e-05  1.19954730e+00  2.50001070e-05  4.92938847e-01  2.50001070e-05  1.80242762e-06  2.50001070e-05 -2.31708273e-06  2.50001070e-05  3.92803120e-08  2.50001070e-05  0.00000000e+00  2.50001070e-05  0.00000000e+00 
 2.50001948e-05  1.19974704e+00  2.50001948e-05  5.00165035e-01  2.50001948e-05  1.77107233e-06  2.50001948e-05 -4.64498788e-06  2.50001948e-05 -1.30565500e-07  2.50001948e-05  0.00000000e+00  2.50001948e-05  0.00000000e+00 
 2.50003056e-05  1.19994245e+00  2.50003056e-05  5.01468000e-01  2.50003056e-05  1.84609094e-06  2.50003056e-05 -7.22691017e-06  2.50003056e-05  1.43976955e-07  2.50003056e-05  0.00000000e+00  2.50003056e-05  0.00000000e+00 
 2.50005041e-05  1.20003268e+00  2.50005041e-05  4.90302221e-01  2.50005041e-05  1.82000986e-06  2.50005041e-05 -2.99180311e-06  2.50005041e-05 -3.06555271e-08  2.50005041e-05  0.00000000e+00  2.50005041e-05  0.00000000e+00 
 2.50007514e-05  1.20003326e+00  2.50007514e-05  4.83754540e-01  2.50007514e-05  1.83485118e-06  2.50007514e-05 -6.60928940e-07  2.50007514e-05  9.62317144e-08  2.50007514e-05  0.00000000e+00  2.50007514e-05  0.00000000e+00 
 2.50009755e-05  1.20003325e+00  2.50009755e-05  4.84055250e-01  2.50009755e-05  1.79862816e-06  2.50009755e-05  1.83360946e-07  2.50009755e-05 -7.35787609e-08  2.50009755e-05  0.00000000e+00  2.50009755e-05  0.00000000e+00 
 2.50013385e-05  1.20003257e+00  2.50013385e-05  4.84377962e-01  2.50013385e-05  1.83329367e-06  2.50013385e-05 -2.87981607e-07  2.50013385e-05  9.66035419e-08  2.50013385e-05  0.00000000e+00  2.50013385e-05  0.00000000e+00 
 2.50020646e-05  1.20003041e+00  2.50020646e-05  4.84805823e-01  2.50020646e-05  1.79910350e-06  2.50020646e-05  2.70145430e-07  2.50020646e-05 -7.23612280e-08  2.50020646e-05  0.00000000e+00  2.50020646e-05  0.00000000e+00 
 2.50035167e-05  1.20002617e+00  2.50035167e-05  4.85191866e-01  2.50035167e-05  1.83361667e-06  2.50035167e-05 -2.76358829e-07  2.50035167e-05  9.74927750e-08  2.50035167e-05  0.00000000e+00  2.50035167e-05  0.00000000e+00 
 2.50064209e-05  1.20001831e+00  2.50064209e-05  4.85394155e-01  2.50064209e-05  1.79936883e-06  2.50064209e-05  2.74230970e-07  2.50064209e-05 -7.17367704e-08  2.50064209e-05  0.00000000e+00  2.50064209e-05  0.00000000e+00 
 2.50122293e-05  1.20000429e+00  2.50122293e-05  4.85534718e-01  2.50122293e-05  1.83366691e-06  2.50122293e-05 -2.74567770e-07  2.50122293e-05  9.75739003e-08  2.50122293e-05  0.00000000e+00  2.50122293e-05  0.00000000e+00 
 2.50238461e-05  1.19998033e+00  2.50238461e-05  4.85601765e-01  2.50238461e-05  1.79939557e-06  2.50238461e-05  2.74354157e-07  2.50238461e-05 -7.17197846e-08  2.50238461e-05  0.00000000e+00  2.50238461e-05  0.00000000e+00 
 2.50470796e-05  1.19994233e+00  2.50470796e-05  4.85618596e-01  2.50470796e-05  1.83366568e-06  2.50470796e-05 -2.74285446e-07  2.50470796e-05  9.75709679e-08  2.50470796e-05  0.00000000e+00  2.50470796e-05  0.00000000e+00 
 2.50935468e-05  1.19988065e+00  2.50935468e-05  4.85612602e-01  2.50935468e-05  1.79939635e-06  2.50935468e-05  2.74296515e-07  2.50935468e-05 -7.17168779e-08  2.50935468e-05  0.00000000e+00  2.50935468e-05  0.00000000e+00 
 2.51864811e-05  1.19976671e+00  2.51864811e-05  4.85623201e-01  2.51864811e-05  1.83366495e-06  2.51864811e-05 -2.74248582e-07  2.51864811e-05  9.75684630e-08  2.51864811e-05  0.00000000e+00  2.51864811e-05  0.00000000e+00 
 2.52864811e-05  1.19964396e+00  2.52864811e-05  4.85612739e-01  2.52864811e-05  1.79939688e-06  2.52864811e-05  2.74278322e-07  2.52864811e-05 -7.17169824e-08  2.52864811e-05  0.00000000e+00  2.52864811e-05  0.00000000e+00 
 2.53864811e-05  1.19952135e+00  2.53864811e-05  4.85623350e-01  2.53864811e-05  1.83366441e-06  2.53864811e-05 -2.74226306e-07  2.53864811e-05  9.75661488e-08  2.53864811e-05  0.00000000e+00  2.53864811e-05  0.00000000e+00 
 2.54864811e-05  1.19939869e+00  2.54864811e-05  4.85612588e-01  2.54864811e-05  1.79939743e-06  2.54864811e-05  2.74260991e-07  2.54864811e-05 -7.17171521e-08  2.54864811e-05  0.00000000e+00  2.54864811e-05  0.00000000e+00 
 2.55864811e-05  1.19927614e+00  2.55864811e-05  4.85623547e-01  2.55864811e-05  1.83366385e-06  2.55864811e-05 -2.74204532e-07  2.55864811e-05  9.75638148e-08  2.55864811e-05  0.00000000e+00  2.55864811e-05  0.00000000e+00 
 2.56864811e-05  1.19915355e+00  2.56864811e-05  4.85612436e-01  2.56864811e-05  1.79939801e-06  2.56864811e-05  2.74244127e-07  2.56864811e-05 -7.17173010e-08  2.56864811e-05  0.00000000e+00  2.56864811e-05  0.00000000e+00 
 2.57864811e-05  1.19903107e+00  2.57864811e-05  4.85623732e-01  2.57864811e-05  1.83366326e-06  2.57864811e-05 -2.74183250e-07  2.57864811e-05  9.75614619e-08  2.57864811e-05  0.00000000e+00  2.57864811e-05  0.00000000e+00 
 2.58864811e-05  1.19890856e+00  2.58864811e-05  4.85612300e-01  2.58864811e-05  1.79939861e-06  2.58864811e-05  2.74227718e-07  2.58864811e-05 -7.17174307e-08  2.58864811e-05  0.00000000e+00  2.58864811e-05  0.00000000e+00 
 2.59864811e-05  1.19878615e+00  2.59864811e-05  4.85623901e-01  2.59864811e-05  1.83366265e-06  2.59864811e-05 -2.74162444e-07  2.59864811e-05  9.75590918e-08  2.59864811e-05  0.00000000e+00  2.59864811e-05  0.00000000e+00 
 2.60864811e-05  1.19866370e+00  2.60864811e-05  4.85612180e-01  2.60864811e-05  1.79939922e-06  2.60864811e-05  2.74211745e-07  2.60864811e-05 -7.17175428e-08  2.60864811e-05  0.00000000e+00  2.60864811e-05  0.00000000e+00 
 2.61864811e-05  1.19854136e+00  2.61864811e-05  4.85624054e-01  2.61864811e-05  1.83366204e-06  2.61864811e-05 -2.74142096e-07  2.61864811e-05  9.75567061e-08  2.61864811e-05  0.00000000e+00  2.61864811e-05  0.00000000e+00 
 2.62864811e-05  1.19841898e+00  2.62864811e-05  4.85612076e-01  2.62864811e-05  1.79939983e-06  2.62864811e-05  2.74196191e-07  2.62864811e-05 -7.17176389e-08  2.62864811e-05  0.00000000e+00  2.62864811e-05  0.00000000e+00 
 2.63864811e-05  1.19829670e+00  2.63864811e-05  4.85624193e-01  2.63864811e-05  1.83366142e-06  2.63864811e-05 -2.74122191e-07  2.63864811e-05  9.75543064e-08  2.63864811e-05  0.00000000e+00  2.63864811e-05  0.00000000e+00 
 2.64864811e-05  1.19817439e+00  2.64864811e-05  4.85611987e-01  2.64864811e-05  1.79940046e-06  2.64864811e-05  2.74181041e-07  2.64864811e-05 -7.17177205e-08  2.64864811e-05  0.00000000e+00  2.64864811e-05  0.00000000e+00 
 2.65864811e-05  1.19805218e+00  2.65864811e-05  4.85624320e-01  2.65864811e-05  1.83366079e-06  2.65864811e-05 -2.74102714e-07  2.65864811e-05  9.75518939e-08  2.65864811e-05  0.00000000e+00  2.65864811e-05  0.00000000e+00 
 2.66864811e-05  1.19792994e+00  2.66864811e-05  4.85611910e-01  2.66864811e-05  1.79940109e-06  2.66864811e-05  2.74166280e-07  2.66864811e-05 -7.17177890e-08  2.66864811e-05  0.00000000e+00  2.66864811e-05  0.00000000e+00 
 2.67864811e-05  1.19780780e+00  2.67864811e-05  4.85624435e-01  2.67864811e-05  1.83366016e-06  2.67864811e-05 -2.74083651e-07  2.67864811e-05  9.75494701e-08  2.67864811e-05  0.00000000e+00  2.67864811e-05  0.00000000e+00 
 2.68864811e-05  1.19768563e+00  2.68864811e-05  4.85611845e-01  2.68864811e-05  1.79940172e-06  2.68864811e-05  2.74151896e-07  2.68864811e-05 -7.17178455e-08  2.68864811e-05  0.00000000e+00  2.68864811e-05  0.00000000e+00 
 2.69864811e-05  1.19756355e+00  2.69864811e-05  4.85624540e-01  2.69864811e-05  1.83365953e-06  2.69864811e-05 -2.74064991e-07  2.69864811e-05  9.75470360e-08  2.69864811e-05  0.00000000e+00  2.69864811e-05  0.00000000e+00 
 2.70864811e-05  1.19744145e+00  2.70864811e-05  4.85611790e-01  2.70864811e-05  1.79940235e-06  2.70864811e-05  2.74137877e-07  2.70864811e-05 -7.17178913e-08  2.70864811e-05  0.00000000e+00  2.70864811e-05  0.00000000e+00 
 2.71864811e-05  1.19731944e+00  2.71864811e-05  4.85624637e-01  2.71864811e-05  1.83365889e-06  2.71864811e-05 -2.74046724e-07  2.71864811e-05  9.75445929e-08  2.71864811e-05  0.00000000e+00  2.71864811e-05  0.00000000e+00 
 2.72864811e-05  1.19719740e+00  2.72864811e-05  4.85611745e-01  2.72864811e-05  1.79940298e-06  2.72864811e-05  2.74124213e-07  2.72864811e-05 -7.17179274e-08  2.72864811e-05  0.00000000e+00  2.72864811e-05  0.00000000e+00 
 2.73864811e-05  1.19707546e+00  2.73864811e-05  4.85624726e-01  2.73864811e-05  1.83365826e-06  2.73864811e-05 -2.74028838e-07  2.73864811e-05  9.75421416e-08  2.73864811e-05  0.00000000e+00  2.73864811e-05  0.00000000e+00 
 2.74864811e-05  1.19695348e+00  2.74864811e-05  4.85611707e-01  2.74864811e-05  1.79940362e-06  2.74864811e-05  2.74110895e-07  2.74864811e-05 -7.17179547e-08  2.74864811e-05  0.00000000e+00  2.74864811e-05  0.00000000e+00 
 2.75864811e-05  1.19683161e+00  2.75864811e-05  4.85624807e-01  2.75864811e-05  1.83365762e-06  2.75864811e-05 -2.74011327e-07  2.75864811e-05  9.75396831e-08  2.75864811e-05  0.00000000e+00  2.75864811e-05  0.00000000e+00 
 2.76864811e-05  1.19670970e+00  2.76864811e-05  4.85611678e-01  2.76864811e-05  1.79940426e-06  2.76864811e-05  2.74097916e-07  2.76864811e-05 -7.17179742e-08  2.76864811e-05  0.00000000e+00  2.76864811e-05  0.00000000e+00 
 2.77864811e-05  1.19658789e+00  2.77864811e-05  4.85624883e-01  2.77864811e-05  1.83365699e-06  2.77864811e-05 -2.73994181e-07  2.77864811e-05  9.75372182e-08  2.77864811e-05  0.00000000e+00  2.77864811e-05  0.00000000e+00 
 2.78864811e-05  1.19646605e+00  2.78864811e-05  4.85611655e-01  2.78864811e-05  1.79940489e-06  2.78864811e-05  2.74085268e-07  2.78864811e-05 -7.17179865e-08  2.78864811e-05  0.00000000e+00  2.78864811e-05  0.00000000e+00 
 2.79864811e-05  1.19634430e+00  2.79864811e-05  4.85624952e-01  2.79864811e-05  1.83365635e-06  2.79864811e-05 -2.73977395e-07  2.79864811e-05  9.75347478e-08  2.79864811e-05  0.00000000e+00  2.79864811e-05  0.00000000e+00 
 2.80864811e-05  1.19622252e+00  2.80864811e-05  4.85611638e-01  2.80864811e-05  1.79940553e-06  2.80864811e-05  2.74072945e-07  2.80864811e-05 -7.17179925e-08  2.80864811e-05  0.00000000e+00  2.80864811e-05  0.00000000e+00 
 2.81864811e-05  1.19610084e+00  2.81864811e-05  4.85625017e-01  2.81864811e-05  1.83365572e-06  2.81864811e-05 -2.73960961e-07  2.81864811e-05  9.75322724e-08  2.81864811e-05  0.00000000e+00  2.81864811e-05  0.00000000e+00 
 2.82864811e-05  1.19597913e+00  2.82864811e-05  4.85611628e-01  2.82864811e-05  1.79940616e-06  2.82864811e-05  2.74060940e-07  2.82864811e-05 -7.17179929e-08  2.82864811e-05  0.00000000e+00  2.82864811e-05  0.00000000e+00 
 2.83864811e-05  1.19585751e+00  2.83864811e-05  4.85625077e-01  2.83864811e-05  1.83365508e-06  2.83864811e-05 -2.73944874e-07  2.83864811e-05  9.75297927e-08  2.83864811e-05  0.00000000e+00  2.83864811e-05  0.00000000e+00 
 2.84864811e-05  1.19573586e+00  2.84864811e-05  4.85611623e-01  2.84864811e-05  1.79940680e-06  2.84864811e-05  2.74049250e-07  2.84864811e-05 -7.17179883e-08  2.84864811e-05  0.00000000e+00  2.84864811e-05  0.00000000e+00 
 2.85864811e-05  1.19561431e+00  2.85864811e-05  4.85625133e-01  2.85864811e-05  1.83365445e-06  2.85864811e-05 -2.73929129e-07  2.85864811e-05  9.75273094e-08  2.85864811e-05  0.00000000e+00  2.85864811e-05  0.00000000e+00 
 2.86864811e-05  1.19549272e+00  2.86864811e-05  4.85611623e-01  2.86864811e-05  1.79940743e-06  2.86864811e-05  2.74037868e-07  2.86864811e-05 -7.17179792e-08  2.86864811e-05  0.00000000e+00  2.86864811e-05  0.00000000e+00 
 2.87864811e-05  1.19537123e+00  2.87864811e-05  4.85625185e-01  2.87864811e-05  1.83365381e-06  2.87864811e-05 -2.73913721e-07  2.87864811e-05  9.75248229e-08  2.87864811e-05  0.00000000e+00  2.87864811e-05  0.00000000e+00 
 2.88864811e-05  1.19524971e+00  2.88864811e-05  4.85611627e-01  2.88864811e-05  1.79940806e-06  2.88864811e-05  2.74026791e-07  2.88864811e-05 -7.17179662e-08  2.88864811e-05  0.00000000e+00  2.88864811e-05  0.00000000e+00 
 2.89864811e-05  1.19512828e+00  2.89864811e-05  4.85625234e-01  2.89864811e-05  1.83365318e-06  2.89864811e-05 -2.73898647e-07  2.89864811e-05  9.75223338e-08  2.89864811e-05  0.00000000e+00  2.89864811e-05  0.00000000e+00 
 2.90864811e-05  1.19500683e+00  2.90864811e-05  4.85611637e-01  2.90864811e-05  1.79940869e-06  2.90864811e-05  2.74016016e-07  2.90864811e-05 -7.17179498e-08  2.90864811e-05  0.00000000e+00  2.90864811e-05  0.00000000e+00 
 2.91864811e-05  1.19488546e+00  2.91864811e-05  4.85625279e-01  2.91864811e-05  1.83365255e-06  2.91864811e-05 -2.73883902e-07  2.91864811e-05  9.75198426e-08  2.91864811e-05  0.00000000e+00  2.91864811e-05  0.00000000e+00 
 2.92864811e-05  1.19476406e+00  2.92864811e-05  4.85611650e-01  2.92864811e-05  1.79940932e-06  2.92864811e-05  2.74005538e-07  2.92864811e-05 -7.17179304e-08  2.92864811e-05  0.00000000e+00  2.92864811e-05  0.00000000e+00 
 2.93864811e-05  1.19464276e+00  2.93864811e-05  4.85625322e-01  2.93864811e-05  1.83365192e-06  2.93864811e-05 -2.73869483e-07  2.93864811e-05  9.75173496e-08  2.93864811e-05  0.00000000e+00  2.93864811e-05  0.00000000e+00 
 2.94864811e-05  1.19452143e+00  2.94864811e-05  4.85611667e-01  2.94864811e-05  1.79940995e-06  2.94864811e-05  2.73995356e-07  2.94864811e-05 -7.17179084e-08  2.94864811e-05  0.00000000e+00  2.94864811e-05  0.00000000e+00 
 2.95864811e-05  1.19440019e+00  2.95864811e-05  4.85625362e-01  2.95864811e-05  1.83365129e-06  2.95864811e-05 -2.73855387e-07  2.95864811e-05  9.75148553e-08  2.95864811e-05  0.00000000e+00  2.95864811e-05  0.00000000e+00 
 2.96864811e-05  1.19427891e+00  2.96864811e-05  4.85611687e-01  2.96864811e-05  1.79941058e-06  2.96864811e-05  2.73985466e-07  2.96864811e-05 -7.17178843e-08  2.96864811e-05  0.00000000e+00  2.96864811e-05  0.00000000e+00 
 2.97864811e-05  1.19415773e+00  2.97864811e-05  4.85625400e-01  2.97864811e-05  1.83365067e-06  2.97864811e-05 -2.73841612e-07  2.97864811e-05  9.75123599e-08  2.97864811e-05  0.00000000e+00  2.97864811e-05  0.00000000e+00 
 2.98864811e-05  1.19403653e+00  2.98864811e-05  4.85611711e-01  2.98864811e-05  1.79941120e-06  2.98864811e-05  2.73975866e-07  2.98864811e-05 -7.17178583e-08  2.98864811e-05  0.00000000e+00  2.98864811e-05  0.00000000e+00 
 2.99864811e-05  1.19391541e+00  2.99864811e-05  4.85625436e-01  2.99864811e-05  1.83365004e-06  2.99864811e-05 -2.73828156e-07  2.99864811e-05  9.75098639e-08  2.99864811e-05  0.00000000e+00  2.99864811e-05  0.00000000e+00 
 3.00864811e-05  1.19379426e+00  3.00864811e-05  4.85611738e-01  3.00864811e-05  1.79941183e-06  3.00864811e-05  2.73966555e-07  3.00864811e-05 -7.17178308e-08  3.00864811e-05  0.00000000e+00  3.00864811e-05  0.00000000e+00 
 3.01864811e-05  1.19367320e+00  3.01864811e-05  4.85625471e-01  3.01864811e-05  1.83364942e-06  3.01864811e-05 -2.73815016e-07  3.01864811e-05  9.75073675e-08  3.01864811e-05  0.00000000e+00  3.01864811e-05  0.00000000e+00 
 3.02864811e-05  1.19355211e+00  3.02864811e-05  4.85611769e-01  3.02864811e-05  1.79941245e-06  3.02864811e-05  2.73957531e-07  3.02864811e-05 -7.17178021e-08  3.02864811e-05  0.00000000e+00  3.02864811e-05  0.00000000e+00 
 3.03864811e-05  1.19343111e+00  3.03864811e-05  4.85625503e-01  3.03864811e-05  1.83364880e-06  3.03864811e-05 -2.73802190e-07  3.03864811e-05  9.75048711e-08  3.03864811e-05  0.00000000e+00  3.03864811e-05  0.00000000e+00 
 3.04864811e-05  1.19331009e+00  3.04864811e-05  4.85611802e-01  3.04864811e-05  1.79941307e-06  3.04864811e-05  2.73948793e-07  3.04864811e-05 -7.17177724e-08  3.04864811e-05  0.00000000e+00  3.04864811e-05  0.00000000e+00 
 3.05864811e-05  1.19318915e+00  3.05864811e-05  4.85625534e-01  3.05864811e-05  1.83364818e-06  3.05864811e-05 -2.73789679e-07  3.05864811e-05  9.75023748e-08  3.05864811e-05  0.00000000e+00  3.05864811e-05  0.00000000e+00 
 3.06864811e-05  1.19306818e+00  3.06864811e-05  4.85611838e-01  3.06864811e-05  1.79941369e-06  3.06864811e-05  2.73940339e-07  3.06864811e-05 -7.17177421e-08  3.06864811e-05  0.00000000e+00  3.06864811e-05  0.00000000e+00 
 3.07864811e-05  1.19294730e+00  3.07864811e-05  4.85625564e-01  3.07864811e-05  1.83364756e-06  3.07864811e-05 -2.73777479e-07  3.07864811e-05  9.74998789e-08  3.07864811e-05  0.00000000e+00  3.07864811e-05  0.00000000e+00 
 3.08864811e-05  1.19282639e+00  3.08864811e-05  4.85611876e-01  3.08864811e-05  1.79941430e-06  3.08864811e-05  2.73932169e-07  3.08864811e-05 -7.17177113e-08  3.08864811e-05  0.00000000e+00  3.08864811e-05  0.00000000e+00 
 3.09864811e-05  1.19270557e+00  3.09864811e-05  4.85625593e-01  3.09864811e-05  1.83364695e-06  3.09864811e-05 -2.73765592e-07  3.09864811e-05  9.74973836e-08  3.09864811e-05  0.00000000e+00  3.09864811e-05  0.00000000e+00 
 3.10864811e-05  1.19258473e+00  3.10864811e-05  4.85611917e-01  3.10864811e-05  1.79941492e-06  3.10864811e-05  2.73924282e-07  3.10864811e-05 -7.17176804e-08  3.10864811e-05  0.00000000e+00  3.10864811e-05  0.00000000e+00 
 3.11864811e-05  1.19246397e+00  3.11864811e-05  4.85625620e-01  3.11864811e-05  1.83364634e-06  3.11864811e-05 -2.73754014e-07  3.11864811e-05  9.74948892e-08  3.11864811e-05  0.00000000e+00  3.11864811e-05  0.00000000e+00 
 3.12864811e-05  1.19234318e+00  3.12864811e-05  4.85611961e-01  3.12864811e-05  1.79941553e-06  3.12864811e-05  2.73916678e-07  3.12864811e-05 -7.17176493e-08  3.12864811e-05  0.00000000e+00  3.12864811e-05  0.00000000e+00 
 3.13864811e-05  1.19222248e+00  3.13864811e-05  4.85625647e-01  3.13864811e-05  1.83364573e-06  3.13864811e-05 -2.73742748e-07  3.13864811e-05  9.74923958e-08  3.13864811e-05  0.00000000e+00  3.13864811e-05  0.00000000e+00 
 3.14864811e-05  1.19210175e+00  3.14864811e-05  4.85612007e-01  3.14864811e-05  1.79941613e-06  3.14864811e-05  2.73909357e-07  3.14864811e-05 -7.17176185e-08  3.14864811e-05  0.00000000e+00  3.14864811e-05  0.00000000e+00 
 3.15864811e-05  1.19198110e+00  3.15864811e-05  4.85625673e-01  3.15864811e-05  1.83364512e-06  3.15864811e-05 -2.73731792e-07  3.15864811e-05  9.74899036e-08  3.15864811e-05  0.00000000e+00  3.15864811e-05  0.00000000e+00 
 3.16864811e-05  1.19186043e+00  3.16864811e-05  4.85612055e-01  3.16864811e-05  1.79941674e-06  3.16864811e-05  2.73902319e-07  3.16864811e-05 -7.17175879e-08  3.16864811e-05  0.00000000e+00  3.16864811e-05  0.00000000e+00 
 3.17864811e-05  1.19173984e+00  3.17864811e-05  4.85625698e-01  3.17864811e-05  1.83364451e-06  3.17864811e-05 -2.73721146e-07  3.17864811e-05  9.74874127e-08  3.17864811e-05  0.00000000e+00  3.17864811e-05  0.00000000e+00 
 3.18864811e-05  1.19161923e+00  3.18864811e-05  4.85612105e-01  3.18864811e-05  1.79941735e-06  3.18864811e-05  2.73895564e-07  3.18864811e-05 -7.17175579e-08  3.18864811e-05  0.00000000e+00  3.18864811e-05  0.00000000e+00 
 3.19864811e-05  1.19149870e+00  3.19864811e-05  4.85625722e-01  3.19864811e-05  1.83364391e-06  3.19864811e-05 -2.73710810e-07  3.19864811e-05  9.74849233e-08  3.19864811e-05  0.00000000e+00  3.19864811e-05  0.00000000e+00 
 3.20864811e-05  1.19137815e+00  3.20864811e-05  4.85612158e-01  3.20864811e-05  1.79941795e-06  3.20864811e-05  2.73889093e-07  3.20864811e-05 -7.17175285e-08  3.20864811e-05  0.00000000e+00  3.20864811e-05  0.00000000e+00 
 3.21864811e-05  1.19125767e+00  3.21864811e-05  4.85625746e-01  3.21864811e-05  1.83364331e-06  3.21864811e-05 -2.73700786e-07  3.21864811e-05  9.74824356e-08  3.21864811e-05  0.00000000e+00  3.21864811e-05  0.00000000e+00 
 3.22864811e-05  1.19113718e+00  3.22864811e-05  4.85612213e-01  3.22864811e-05  1.79941855e-06  3.22864811e-05  2.73882907e-07  3.22864811e-05 -7.17174999e-08  3.22864811e-05  0.00000000e+00  3.22864811e-05  0.00000000e+00 
 3.23864811e-05  1.19101676e+00  3.23864811e-05  4.85625770e-01  3.23864811e-05  1.83364271e-06  3.23864811e-05 -2.73691073e-07  3.23864811e-05  9.74799496e-08  3.23864811e-05  0.00000000e+00  3.23864811e-05  0.00000000e+00 
 3.24864811e-05  1.19089632e+00  3.24864811e-05  4.85612270e-01  3.24864811e-05  1.79941915e-06  3.24864811e-05  2.73877006e-07  3.24864811e-05 -7.17174723e-08  3.24864811e-05  0.00000000e+00  3.24864811e-05  0.00000000e+00 
 3.25864811e-05  1.19077596e+00  3.25864811e-05  4.85625793e-01  3.25864811e-05  1.83364211e-06  3.25864811e-05 -2.73681672e-07  3.25864811e-05  9.74774655e-08  3.25864811e-05  0.00000000e+00  3.25864811e-05  0.00000000e+00 
 3.26864811e-05  1.19065558e+00  3.26864811e-05  4.85612329e-01  3.26864811e-05  1.79941974e-06  3.26864811e-05  2.73871392e-07  3.26864811e-05 -7.17174456e-08  3.26864811e-05  0.00000000e+00  3.26864811e-05  0.00000000e+00 
 3.27864811e-05  1.19053528e+00  3.27864811e-05  4.85625816e-01  3.27864811e-05  1.83364152e-06  3.27864811e-05 -2.73672585e-07  3.27864811e-05  9.74749835e-08  3.27864811e-05  0.00000000e+00  3.27864811e-05  0.00000000e+00 
 3.28864811e-05  1.19041495e+00  3.28864811e-05  4.85612390e-01  3.28864811e-05  1.79942033e-06  3.28864811e-05  2.73866066e-07  3.28864811e-05 -7.17174202e-08  3.28864811e-05  0.00000000e+00  3.28864811e-05  0.00000000e+00 
 3.29864811e-05  1.19029470e+00  3.29864811e-05  4.85625839e-01  3.29864811e-05  1.83364093e-06  3.29864811e-05 -2.73663812e-07  3.29864811e-05  9.74725035e-08  3.29864811e-05  0.00000000e+00  3.29864811e-05  0.00000000e+00 
 3.30864811e-05  1.19017443e+00  3.30864811e-05  4.85612453e-01  3.30864811e-05  1.79942092e-06  3.30864811e-05  2.73861029e-07  3.30864811e-05 -7.17173960e-08  3.30864811e-05  0.00000000e+00  3.30864811e-05  0.00000000e+00 
 3.31864811e-05  1.19005424e+00  3.31864811e-05  4.85625861e-01  3.31864811e-05  1.83364034e-06  3.31864811e-05 -2.73655355e-07  3.31864811e-05  9.74700257e-08  3.31864811e-05  0.00000000e+00  3.31864811e-05  0.00000000e+00 
 3.32864811e-05  1.18993402e+00  3.32864811e-05  4.85612518e-01  3.32864811e-05  1.79942151e-06  3.32864811e-05  2.73856283e-07  3.32864811e-05 -7.17173731e-08  3.32864811e-05  0.00000000e+00  3.32864811e-05  0.00000000e+00 
 3.33864811e-05  1.18981389e+00  3.33864811e-05  4.85625884e-01  3.33864811e-05  1.83363975e-06  3.33864811e-05 -2.73647215e-07  3.33864811e-05  9.74675503e-08  3.33864811e-05  0.00000000e+00  3.33864811e-05  0.00000000e+00 
 3.34864811e-05  1.18969373e+00  3.34864811e-05  4.85612584e-01  3.34864811e-05  1.79942209e-06  3.34864811e-05  2.73851829e-07  3.34864811e-05 -7.17173518e-08  3.34864811e-05  0.00000000e+00  3.34864811e-05  0.00000000e+00 
 3.35864811e-05  1.18957365e+00  3.35864811e-05  4.85625906e-01  3.35864811e-05  1.83363917e-06  3.35864811e-05 -2.73639394e-07  3.35864811e-05  9.74650772e-08  3.35864811e-05  0.00000000e+00  3.35864811e-05  0.00000000e+00 
 3.36864811e-05  1.18945354e+00  3.36864811e-05  4.85612653e-01  3.36864811e-05  1.79942268e-06  3.36864811e-05  2.73847671e-07  3.36864811e-05 -7.17173320e-08  3.36864811e-05  0.00000000e+00  3.36864811e-05  0.00000000e+00 
 3.37864811e-05  1.18933351e+00  3.37864811e-05  4.85625928e-01  3.37864811e-05  1.83363859e-06  3.37864811e-05 -2.73631895e-07  3.37864811e-05  9.74626066e-08  3.37864811e-05  0.00000000e+00  3.37864811e-05  0.00000000e+00 
 3.38864811e-05  1.18921346e+00  3.38864811e-05  4.85612724e-01  3.38864811e-05  1.79942326e-06  3.38864811e-05  2.73843809e-07  3.38864811e-05 -7.17173138e-08  3.38864811e-05  0.00000000e+00  3.38864811e-05  0.00000000e+00 
 3.39864811e-05  1.18909349e+00  3.39864811e-05  4.85625950e-01  3.39864811e-05  1.83363801e-06  3.39864811e-05 -2.73624718e-07  3.39864811e-05  9.74601386e-08  3.39864811e-05  0.00000000e+00  3.39864811e-05  0.00000000e+00 
 3.40864811e-05  1.18897349e+00  3.40864811e-05  4.85612797e-01  3.40864811e-05  1.79942383e-06  3.40864811e-05  2.73840246e-07  3.40864811e-05 -7.17172974e-08  3.40864811e-05  0.00000000e+00  3.40864811e-05  0.00000000e+00 
 3.41864811e-05  1.18885358e+00  3.41864811e-05  4.85625972e-01  3.41864811e-05  1.83363743e-06  3.41864811e-05 -2.73617866e-07  3.41864811e-05  9.74576731e-08  3.41864811e-05  0.00000000e+00  3.41864811e-05  0.00000000e+00 
 3.42864811e-05  1.18873363e+00  3.42864811e-05  4.85612872e-01  3.42864811e-05  1.79942441e-06  3.42864811e-05  2.73836985e-07  3.42864811e-05 -7.17172827e-08  3.42864811e-05  0.00000000e+00  3.42864811e-05  0.00000000e+00 
 3.43864811e-05  1.18861377e+00  3.43864811e-05  4.85625994e-01  3.43864811e-05  1.83363686e-06  3.43864811e-05 -2.73611341e-07  3.43864811e-05  9.74552104e-08  3.43864811e-05  0.00000000e+00  3.43864811e-05  0.00000000e+00 
 3.44864811e-05  1.18849388e+00  3.44864811e-05  4.85612949e-01  3.44864811e-05  1.79942498e-06  3.44864811e-05  2.73834028e-07  3.44864811e-05 -7.17172700e-08  3.44864811e-05  0.00000000e+00  3.44864811e-05  0.00000000e+00 
 3.45864811e-05  1.18837407e+00  3.45864811e-05  4.85626016e-01  3.45864811e-05  1.83363629e-06  3.45864811e-05 -2.73605146e-07  3.45864811e-05  9.74527505e-08  3.45864811e-05  0.00000000e+00  3.45864811e-05  0.00000000e+00 
 3.46864811e-05  1.18825423e+00  3.46864811e-05  4.85613027e-01  3.46864811e-05  1.79942555e-06  3.46864811e-05  2.73831377e-07  3.46864811e-05 -7.17172593e-08  3.46864811e-05  0.00000000e+00  3.46864811e-05  0.00000000e+00 
 3.47864811e-05  1.18813448e+00  3.47864811e-05  4.85626038e-01  3.47864811e-05  1.83363572e-06  3.47864811e-05 -2.73599284e-07  3.47864811e-05  9.74502934e-08  3.47864811e-05  0.00000000e+00  3.47864811e-05  0.00000000e+00 
 3.48864811e-05  1.18801470e+00  3.48864811e-05  4.85613108e-01  3.48864811e-05  1.79942611e-06  3.48864811e-05  2.73829037e-07  3.48864811e-05 -7.17172506e-08  3.48864811e-05  0.00000000e+00  3.48864811e-05  0.00000000e+00 
 3.49432405e-05  1.18794676e+00  3.49432405e-05  4.85626039e-01  3.49432405e-05  1.83363494e-06  3.49432405e-05 -2.73592857e-07  3.49432405e-05  9.74476353e-08  3.49432405e-05  0.00000000e+00  3.49432405e-05  0.00000000e+00 
 3.50000000e-05  1.18787878e+00  3.50000000e-05  4.85613177e-01  3.50000000e-05  1.79942711e-06  3.50000000e-05  2.73823286e-07  3.50000000e-05 -7.17157794e-08  3.50000000e-05  0.00000000e+00  3.50000000e-05  0.00000000e+00 
 3.50000010e-05  1.18788529e+00  3.50000010e-05  4.87164504e-01  3.50000010e-05  1.52617522e-06  3.50000010e-05 -2.55010782e-06  3.50000010e-05  5.99483372e-05  3.50000010e-05  0.00000000e+00  3.50000010e-05  1.20000000e-01 
 3.50000030e-05  1.18790507e+00  3.50000030e-05  4.92602166e-01  3.50000030e-05  1.05144325e-06  3.50000030e-05 -6.58453327e-06  3.50000030e-05  1.55449481e-04  3.50000030e-05  0.00000000e+00  3.50000030e-05  3.60000000e-01 
 3.50000065e-05  1.18795445e+00  3.50000065e-05  5.05680874e-01  3.50000065e-05  9.32401538e-07  3.50000065e-05 -6.71904683e-06  3.50000065e-05  1.71899217e-04  3.50000065e-05  0.00000000e+00  3.50000065e-05  7.80000000e-01 
 3.50000100e-05  1.18799709e+00  3.50000100e-05  5.14817623e-01  3.50000100e-05  1.23275518e-06  3.50000100e-05 -4.03400107e-06  3.50000100e-05  1.21700066e-04  3.50000100e-05  0.00000000e+00  3.50000100e-05  1.20000000e+00 
 3.50000107e-05  1.18799522e+00  3.50000107e-05  5.15114631e-01  3.50000107e-05  1.57320401e-06  3.50000107e-05 -2.10279629e-06  3.50000107e-05  4.14200201e-05  3.50000107e-05  0.00000000e+00  3.50000107e-05  1.20000000e+00 
 3.50000121e-05  1.18799001e+00  3.50000121e-05  5.15514043e-01  3.50000121e-05  1.64628672e-06  3.50000121e-05 -1.66649621e-06  3.50000121e-05  2.46899940e-05  3.50000121e-05  0.00000000e+00  3.50000121e-05  1.20000000e+00 
 3.50000149e-05  1.18797924e+00  3.50000149e-05  5.16409445e-01  3.50000149e-05  1.57594571e-06  3.50000149e-05 -2.27511280e-06  3.50000149e-05  3.69417937e-05  3.50000149e-05  0.00000000e+00  3.50000149e-05  1.20000000e+00 
 3.50000205e-05  1.18795840e+00  3.50000205e-05  5.18458931e-01  3.50000205e-05  1.65703722e-06  3.50000205e-05 -1.93686410e-06  3.50000205e-05  2.19196037e-05  3.50000205e-05  0.00000000e+00  3.50000205e-05  1.20000000e+00 
 3.50000317e-05  1.18791843e+00  3.50000317e-05  5.22180184e-01  3.50000317e-05  1.63855365e-06  3.50000317e-05 -2.36354155e-06  3.50000317e-05  2.98693160e-05  3.50000317e-05  0.00000000e+00  3.50000317e-05  1.20000000e+00 
 3.50000541e-05  1.18784888e+00  3.50000541e-05  5.27419362e-01  3.50000541e-05  1.75536275e-06  3.50000541e-05 -1.81528826e-06  3.50000541e-05  1.17056866e-05  3.50000541e-05  0.00000000e+00  3.50000541e-05  1.20000000e+00 
 3.50000989e-05  1.18774617e+00  3.50000989e-05  5.32162500e-01  3.50000989e-05  1.74725227e-06  3.50000989e-05 -1.88681363e-06  3.50000989e-05  1.62284526e-05  3.50000989e-05  0.00000000e+00  3.50000989e-05  1.20000000e+00 
 3.50001885e-05  1.18762955e+00  3.50001885e-05  5.33325778e-01  3.50001885e-05  1.84552152e-06  3.50001885e-05 -8.15187938e-07  3.50001885e-05 -1.11409256e-06  3.50001885e-05  0.00000000e+00  3.50001885e-05  1.20000000e+00 
 3.50003677e-05  1.18752993e+00  3.50003677e-05  5.30090485e-01  3.50003677e-05  1.79616086e-06  3.50003677e-05 -4.37426418e-07  3.50003677e-05  7.73972740e-06  3.50003677e-05  0.00000000e+00  3.50003677e-05  1.20000000e+00 
 3.50006318e-05  1.18747400e+00  3.50006318e-05  5.26004587e-01  3.50006318e-05  1.85412754e-06  3.50006318e-05  3.14415473e-07  3.50006318e-05 -4.74947589e-06  3.50006318e-05  0.00000000e+00  3.50006318e-05  1.20000000e+00 
 3.50010942e-05  1.18742530e+00  3.50010942e-05  5.20540420e-01  3.50010942e-05  1.79227827e-06  3.50010942e-05 -7.11007527e-08  3.50010942e-05  6.57939747e-06  3.50010942e-05  0.00000000e+00  3.50010942e-05  1.20000000e+00 
 3.50019145e-05  1.18737072e+00  3.50019145e-05  5.13242431e-01  3.50019145e-05  1.85031605e-06  3.50019145e-05  2.95338669e-07  3.50019145e-05 -5.23445283e-06  3.50019145e-05  0.00000000e+00  3.50019145e-05  1.20000000e+00 
 3.50035550e-05  1.18728229e+00  3.50035550e-05  5.03907767e-01  3.50035550e-05  1.78816028e-06  3.50035550e-05 -1.57470732e-07  3.50035550e-05  6.35620916e-06  3.50035550e-05  0.00000000e+00  3.50035550e-05  1.20000000e+00 
 3.50068359e-05  1.18712116e+00  3.50068359e-05  4.94586133e-01  3.50068359e-05  1.84707934e-06  3.50068359e-05  2.25923089e-07  3.50068359e-05 -5.32564642e-06  3.50068359e-05  0.00000000e+00  3.50068359e-05  1.20000000e+00 
 3.50133979e-05  1.18679910e+00  3.50133979e-05  4.87675603e-01  3.50133979e-05  1.78629882e-06  3.50133979e-05 -2.00915220e-07  3.50133979e-05  6.36376063e-06  3.50133979e-05  0.00000000e+00  3.50133979e-05  1.20000000e+00 
 3.50265218e-05  1.18614999e+00  3.50265218e-05  4.85509820e-01  3.50265218e-05  1.84660454e-06  3.50265218e-05  2.05174134e-07  3.50265218e-05 -5.30428836e-06  3.50265218e-05  0.00000000e+00  3.50265218e-05  1.20000000e+00 
 3.50527697e-05  1.18486752e+00  3.50527697e-05  4.85803724e-01  3.50527697e-05  1.78643020e-06  3.50527697e-05 -2.05217223e-07  3.50527697e-05  6.36623496e-06  3.50527697e-05  0.00000000e+00  3.50527697e-05  1.20000000e+00 
 3.50998567e-05  1.18258940e+00  3.50998567e-05  4.85682786e-01  3.50998567e-05  1.84663898e-06  3.50998567e-05  2.05593478e-07  3.50998567e-05 -5.30415508e-06  3.50998567e-05  0.00000000e+00  3.50998567e-05  1.20000000e+00 
 3.51940307e-05  1.17804555e+00  3.51940307e-05  4.85827601e-01  3.51940307e-05  1.78641860e-06  3.51940307e-05 -2.05312265e-07  3.51940307e-05  6.36618480e-06  3.51940307e-05  0.00000000e+00  3.51940307e-05  1.20000000e+00 
 3.52940307e-05  1.17322065e+00  3.52940307e-05  4.85774151e-01  3.52940307e-05  1.84664444e-06  3.52940307e-05  2.05716197e-07  3.52940307e-05 -5.30404134e-06  3.52940307e-05  0.00000000e+00  3.52940307e-05  1.20000000e+00 
 3.53940307e-05  1.16839644e+00  3.53940307e-05  4.85847602e-01  3.53940307e-05  1.78641382e-06  3.53940307e-05 -2.05321767e-07  3.53940307e-05  6.36613702e-06  3.53940307e-05  0.00000000e+00  3.53940307e-05  1.20000000e+00 
 3.54940307e-05  1.16357261e+00  3.54940307e-05  4.85769050e-01  3.54940307e-05  1.84664844e-06  3.54940307e-05  2.05816125e-07  3.54940307e-05 -5.30398981e-06  3.54940307e-05  0.00000000e+00  3.54940307e-05  1.20000000e+00 
 3.55940307e-05  1.15874983e+00  3.55940307e-05  4.85746190e-01  3.55940307e-05  1.78641086e-06  3.55940307e-05 -2.05325566e-07  3.55940307e-05  6.36597165e-06  3.55940307e-05  0.00000000e+00  3.55940307e-05  1.20000000e+00 
 3.56940307e-05  1.15392781e+00  3.56940307e-05  4.85672307e-01  3.56940307e-05  1.84665194e-06  3.56940307e-05  2.05889259e-07  3.56940307e-05 -5.30404338e-06  3.56940307e-05  0.00000000e+00  3.56940307e-05  1.20000000e+00 
 3.57940307e-05  1.14910658e+00  3.57940307e-05  4.85698570e-01  3.57940307e-05  1.78640840e-06  3.57940307e-05 -2.05353299e-07  3.57940307e-05  6.36583816e-06  3.57940307e-05  0.00000000e+00  3.57940307e-05  1.20000000e+00 
 3.58940307e-05  1.14428553e+00  3.58940307e-05  4.85665482e-01  3.58940307e-05  1.84665419e-06  3.58940307e-05  2.05964567e-07  3.58940307e-05 -5.30399291e-06  3.58940307e-05  0.00000000e+00  3.58940307e-05  1.20000000e+00 
 3.59940307e-05  1.13946519e+00  3.59940307e-05  4.85624120e-01  3.59940307e-05  1.78640660e-06  3.59940307e-05 -2.05397689e-07  3.59940307e-05  6.36570718e-06  3.59940307e-05  0.00000000e+00  3.59940307e-05  1.20000000e+00 
 3.60940307e-05  1.13464504e+00  3.60940307e-05  4.85609515e-01  3.60940307e-05  1.84665580e-06  3.60940307e-05  2.06040479e-07  3.60940307e-05 -5.30396229e-06  3.60940307e-05  0.00000000e+00  3.60940307e-05  1.20000000e+00 
 3.61940307e-05  1.12982545e+00  3.61940307e-05  4.85590372e-01  3.61940307e-05  1.78640528e-06  3.61940307e-05 -2.05469873e-07  3.61940307e-05  6.36560183e-06  3.61940307e-05  0.00000000e+00  3.61940307e-05  1.20000000e+00 
 3.62940307e-05  1.12500586e+00  3.62940307e-05  4.85615744e-01  3.62940307e-05  1.84665693e-06  3.62940307e-05  2.06155462e-07  3.62940307e-05 -5.30389984e-06  3.62940307e-05  0.00000000e+00  3.62940307e-05  1.20000000e+00 
 3.63940307e-05  1.12018674e+00  3.63940307e-05  4.85575526e-01  3.63940307e-05  1.78640437e-06  3.63940307e-05 -2.05561117e-07  3.63940307e-05  6.36550623e-06  3.63940307e-05  0.00000000e+00  3.63940307e-05  1.20000000e+00 
 3.64940307e-05  1.11536756e+00  3.64940307e-05  4.85624081e-01  3.64940307e-05  1.84665765e-06  3.64940307e-05  2.06264932e-07  3.64940307e-05 -5.30383448e-06  3.64940307e-05  0.00000000e+00  3.64940307e-05  1.20000000e+00 
 3.65940307e-05  1.11054883e+00  3.65940307e-05  4.85563086e-01  3.65940307e-05  1.78640383e-06  3.65940307e-05 -2.05644919e-07  3.65940307e-05  6.36541108e-06  3.65940307e-05  0.00000000e+00  3.65940307e-05  1.20000000e+00 
 3.66940307e-05  1.10573002e+00  3.66940307e-05  4.85629636e-01  3.66940307e-05  1.84665803e-06  3.66940307e-05  2.06361125e-07  3.66940307e-05 -5.30377068e-06  3.66940307e-05  0.00000000e+00  3.66940307e-05  1.20000000e+00 
 3.67940307e-05  1.10091159e+00  3.67940307e-05  4.85556144e-01  3.67940307e-05  1.78640360e-06  3.67940307e-05 -2.05729048e-07  3.67940307e-05  6.36532009e-06  3.67940307e-05  0.00000000e+00  3.67940307e-05  1.20000000e+00 
 3.68940307e-05  1.09609309e+00  3.68940307e-05  4.85633774e-01  3.68940307e-05  1.84665812e-06  3.68940307e-05  2.06456328e-07  3.68940307e-05 -5.30371007e-06  3.68940307e-05  0.00000000e+00  3.68940307e-05  1.20000000e+00 
 3.69940307e-05  1.09127494e+00  3.69940307e-05  4.85550763e-01  3.69940307e-05  1.78640363e-06  3.69940307e-05 -2.05814038e-07  3.69940307e-05  6.36523259e-06  3.69940307e-05  0.00000000e+00  3.69940307e-05  1.20000000e+00 
 3.70940307e-05  1.08645671e+00  3.70940307e-05  4.85637327e-01  3.70940307e-05  1.84665799e-06  3.70940307e-05  2.06548351e-07  3.70940307e-05 -5.30365302e-06  3.70940307e-05  0.00000000e+00  3.70940307e-05  1.20000000e+00 
 3.71940307e-05  1.08163879e+00  3.71940307e-05  4.85546457e-01  3.71940307e-05  1.78640386e-06  3.71940307e-05 -2.05897065e-07  3.71940307e-05  6.36514866e-06  3.71940307e-05  0.00000000e+00  3.71940307e-05  1.20000000e+00 
 3.72940307e-05  1.07682081e+00  3.72940307e-05  4.85640274e-01  3.72940307e-05  1.84665767e-06  3.72940307e-05  2.06635069e-07  3.72940307e-05 -5.30359981e-06  3.72940307e-05  0.00000000e+00  3.72940307e-05  1.20000000e+00 
 3.73940307e-05  1.07200312e+00  3.73940307e-05  4.85543099e-01  3.73940307e-05  1.78640425e-06  3.73940307e-05 -2.05975572e-07  3.73940307e-05  6.36506837e-06  3.73940307e-05  0.00000000e+00  3.73940307e-05  1.20000000e+00 
 3.74940307e-05  1.06718538e+00  3.74940307e-05  4.85642573e-01  3.74940307e-05  1.84665721e-06  3.74940307e-05  2.06714876e-07  3.74940307e-05 -5.30355065e-06  3.74940307e-05  0.00000000e+00  3.74940307e-05  1.20000000e+00 
 3.75940307e-05  1.06236789e+00  3.75940307e-05  4.85540612e-01  3.75940307e-05  1.78640478e-06  3.75940307e-05 -2.06047818e-07  3.75940307e-05  6.36499174e-06  3.75940307e-05  0.00000000e+00  3.75940307e-05  1.20000000e+00 
 3.76940307e-05  1.05755037e+00  3.76940307e-05  4.85644220e-01  3.76940307e-05  1.84665663e-06  3.76940307e-05  2.06786806e-07  3.76940307e-05 -5.30350574e-06  3.76940307e-05  0.00000000e+00  3.76940307e-05  1.20000000e+00 
 3.77940307e-05  1.05273308e+00  3.77940307e-05  4.85538915e-01  3.77940307e-05  1.78640541e-06  3.77940307e-05 -2.06112790e-07  3.77940307e-05  6.36491870e-06  3.77940307e-05  0.00000000e+00  3.77940307e-05  1.20000000e+00 
 3.78940307e-05  1.04791579e+00  3.78940307e-05  4.85645244e-01  3.78940307e-05  1.84665596e-06  3.78940307e-05  2.06850438e-07  3.78940307e-05 -5.30346519e-06  3.78940307e-05  0.00000000e+00  3.78940307e-05  1.20000000e+00 
 3.79940307e-05  1.04309870e+00  3.79940307e-05  4.85537925e-01  3.79940307e-05  1.78640612e-06  3.79940307e-05 -2.06170057e-07  3.79940307e-05  6.36484909e-06  3.79940307e-05  0.00000000e+00  3.79940307e-05  1.20000000e+00 
 3.80940307e-05  1.03828162e+00  3.80940307e-05  4.85645696e-01  3.80940307e-05  1.84665522e-06  3.80940307e-05  2.06905774e-07  3.80940307e-05 -5.30342915e-06  3.80940307e-05  0.00000000e+00  3.80940307e-05  1.20000000e+00 
 3.81940307e-05  1.03346473e+00  3.81940307e-05  4.85537558e-01  3.81940307e-05  1.78640688e-06  3.81940307e-05 -2.06219612e-07  3.81940307e-05  6.36478267e-06  3.81940307e-05  0.00000000e+00  3.81940307e-05  1.20000000e+00 
 3.82940307e-05  1.02864787e+00  3.82940307e-05  4.85645638e-01  3.82940307e-05  1.84665443e-06  3.82940307e-05  2.06953118e-07  3.82940307e-05 -5.30339776e-06  3.82940307e-05  0.00000000e+00  3.82940307e-05  1.20000000e+00 
 3.83940307e-05  1.02383119e+00  3.83940307e-05  4.85537729e-01  3.83940307e-05  1.78640769e-06  3.83940307e-05 -2.06261751e-07  3.83940307e-05  6.36471904e-06  3.83940307e-05  0.00000000e+00  3.83940307e-05  1.20000000e+00 
 3.84940307e-05  1.01901458e+00  3.84940307e-05  4.85645133e-01  3.84940307e-05  1.84665361e-06  3.84940307e-05  2.06992980e-07  3.84940307e-05 -5.30337121e-06  3.84940307e-05  0.00000000e+00  3.84940307e-05  1.20000000e+00 
 3.85940307e-05  1.01419811e+00  3.85940307e-05  4.85538358e-01  3.85940307e-05  1.78640852e-06  3.85940307e-05 -2.06296968e-07  3.85940307e-05  6.36465773e-06  3.85940307e-05  0.00000000e+00  3.85940307e-05  1.20000000e+00 
 3.86940307e-05  1.00938175e+00  3.86940307e-05  4.85644248e-01  3.86940307e-05  1.84665278e-06  3.86940307e-05  2.07025994e-07  3.86940307e-05 -5.30334976e-06  3.86940307e-05  0.00000000e+00  3.86940307e-05  1.20000000e+00 
 3.87940307e-05  1.00456552e+00  3.87940307e-05  4.85539370e-01  3.87940307e-05  1.78640936e-06  3.87940307e-05 -2.06325872e-07  3.87940307e-05  6.36459812e-06  3.87940307e-05  0.00000000e+00  3.87940307e-05  1.20000000e+00 
 3.88940307e-05  9.99749428e-01  3.88940307e-05  4.85643043e-01  3.88940307e-05  1.84665194e-06  3.88940307e-05  2.07052858e-07  3.88940307e-05 -5.30333378e-06  3.88940307e-05  0.00000000e+00  3.88940307e-05  1.20000000e+00 
 3.89940307e-05  9.94933465e-01  3.89940307e-05  4.85540696e-01  3.89940307e-05  1.78641019e-06  3.89940307e-05 -2.06349128e-07  3.89940307e-05  6.36453945e-06  3.89940307e-05  0.00000000e+00  3.89940307e-05  1.20000000e+00 
 3.90940307e-05  9.90117676e-01  3.90940307e-05  4.85641578e-01  3.90940307e-05  1.84665111e-06  3.90940307e-05  2.07074286e-07  3.90940307e-05 -5.30332374e-06  3.90940307e-05  0.00000000e+00  3.90940307e-05  1.20000000e+00 
 3.91940307e-05  9.85302008e-01  3.91940307e-05  4.85542270e-01  3.91940307e-05  1.78641101e-06  3.91940307e-05 -2.06367416e-07  3.91940307e-05  6.36448086e-06  3.91940307e-05  0.00000000e+00  3.91940307e-05  1.20000000e+00 
 3.92940307e-05  9.80486558e-01  3.92940307e-05  4.85639908e-01  3.92940307e-05  1.84665030e-06  3.92940307e-05  2.07090982e-07  3.92940307e-05 -5.30332028e-06  3.92940307e-05  0.00000000e+00  3.92940307e-05  1.20000000e+00 
 3.93940307e-05  9.75671226e-01  3.93940307e-05  4.85544035e-01  3.93940307e-05  1.78641181e-06  3.93940307e-05 -2.06381397e-07  3.93940307e-05  6.36442135e-06  3.93940307e-05  0.00000000e+00  3.93940307e-05  1.20000000e+00 
 3.94940307e-05  9.70856163e-01  3.94940307e-05  4.85638083e-01  3.94940307e-05  1.84664952e-06  3.94940307e-05  2.07103612e-07  3.94940307e-05 -5.30332411e-06  3.94940307e-05  0.00000000e+00  3.94940307e-05  1.20000000e+00 
 3.95940307e-05  9.66041216e-01  3.95940307e-05  4.85545937e-01  3.95940307e-05  1.78641257e-06  3.95940307e-05 -2.06391696e-07  3.95940307e-05  6.36435984e-06  3.95940307e-05  0.00000000e+00  3.95940307e-05  1.20000000e+00 
 3.96940307e-05  9.61226595e-01  3.96940307e-05  4.85636151e-01  3.96940307e-05  1.84664878e-06  3.96940307e-05  2.07112793e-07  3.96940307e-05 -5.30333611e-06  3.96940307e-05  0.00000000e+00  3.96940307e-05  1.20000000e+00 
 3.97940307e-05  9.56412092e-01  3.97940307e-05  4.85547932e-01  3.97940307e-05  1.78641330e-06  3.97940307e-05 -2.06398889e-07  3.97940307e-05  6.36429517e-06  3.97940307e-05  0.00000000e+00  3.97940307e-05  1.20000000e+00 
 3.98940307e-05  9.51597980e-01  3.98940307e-05  4.85634156e-01  3.98940307e-05  1.84664807e-06  3.98940307e-05  2.07119084e-07  3.98940307e-05 -5.30335720e-06  3.98940307e-05  0.00000000e+00  3.98940307e-05  1.20000000e+00 
 3.99940307e-05  9.46783990e-01  3.99940307e-05  4.85549977e-01  3.99940307e-05  1.78641398e-06  3.99940307e-05 -2.06403494e-07  3.99940307e-05  6.36422616e-06  3.99940307e-05  0.00000000e+00  3.99940307e-05  1.20000000e+00 
 4.00940307e-05  9.41970464e-01  4.00940307e-05  4.85632138e-01  4.00940307e-05  1.84664741e-06  4.00940307e-05  2.07122984e-07  4.00940307e-05 -5.30338837e-06  4.00940307e-05  0.00000000e+00  4.00940307e-05  1.20000000e+00 
 4.01940307e-05  9.37157065e-01  4.01940307e-05  4.85552040e-01  4.01940307e-05  1.78641462e-06  4.01940307e-05 -2.06405970e-07  4.01940307e-05  6.36415160e-06  4.01940307e-05  0.00000000e+00  4.01940307e-05  1.20000000e+00 
 4.02940307e-05  9.32344210e-01  4.02940307e-05  4.85630134e-01  4.02940307e-05  1.84664680e-06  4.02940307e-05  2.07124928e-07  4.02940307e-05 -5.30343058e-06  4.02940307e-05  0.00000000e+00  4.02940307e-05  1.20000000e+00 
 4.03940307e-05  9.27531489e-01  4.03940307e-05  4.85554093e-01  4.03940307e-05  1.78641521e-06  4.03940307e-05 -2.06406715e-07  4.03940307e-05  6.36407039e-06  4.03940307e-05  0.00000000e+00  4.03940307e-05  1.20000000e+00 
 4.04940307e-05  9.22719400e-01  4.04940307e-05  4.85628179e-01  4.04940307e-05  1.84664623e-06  4.04940307e-05  2.07125291e-07  4.04940307e-05 -5.30348472e-06  4.04940307e-05  0.00000000e+00  4.04940307e-05  1.20000000e+00 
 4.05940307e-05  9.17907451e-01  4.05940307e-05  4.85556117e-01  4.05940307e-05  1.78641575e-06  4.05940307e-05 -2.06406071e-07  4.05940307e-05  6.36398150e-06  4.05940307e-05  0.00000000e+00  4.05940307e-05  1.20000000e+00 
 4.06940307e-05  9.13096229e-01  4.06940307e-05  4.85626304e-01  4.06940307e-05  1.84664572e-06  4.06940307e-05  2.07124390e-07  4.06940307e-05 -5.30355148e-06  4.06940307e-05  0.00000000e+00  4.06940307e-05  1.20000000e+00 
 4.07940307e-05  9.08285153e-01  4.07940307e-05  4.85558096e-01  4.07940307e-05  1.78641624e-06  4.07940307e-05 -2.06404324e-07  4.07940307e-05  6.36388415e-06  4.07940307e-05  0.00000000e+00  4.07940307e-05  1.20000000e+00 
 4.08940307e-05  9.03474901e-01  4.08940307e-05  4.85624539e-01  4.08940307e-05  1.84664526e-06  4.08940307e-05  2.07122489e-07  4.08940307e-05 -5.30363134e-06  4.08940307e-05  0.00000000e+00  4.08940307e-05  1.20000000e+00 
 4.09940307e-05  8.98664801e-01  4.09940307e-05  4.85560024e-01  4.09940307e-05  1.78641668e-06  4.09940307e-05 -2.06401710e-07  4.09940307e-05  6.36377775e-06  4.09940307e-05  0.00000000e+00  4.09940307e-05  1.20000000e+00 
 4.10940307e-05  8.93855625e-01  4.10940307e-05  4.85622909e-01  4.10940307e-05  1.84664484e-06  4.10940307e-05  2.07119804e-07  4.10940307e-05 -5.30372445e-06  4.10940307e-05  0.00000000e+00  4.10940307e-05  1.20000000e+00 
 4.11940307e-05  8.89046603e-01  4.11940307e-05  4.85561895e-01  4.11940307e-05  1.78641707e-06  4.11940307e-05 -2.06398419e-07  4.11940307e-05  6.36366201e-06  4.11940307e-05  0.00000000e+00  4.11940307e-05  1.20000000e+00 
 4.12940307e-05  8.84238604e-01  4.12940307e-05  4.85621438e-01  4.12940307e-05  1.84664448e-06  4.12940307e-05  2.07116505e-07  4.12940307e-05 -5.30383065e-06  4.12940307e-05  0.00000000e+00  4.12940307e-05  1.20000000e+00 
 4.13940307e-05  8.79430760e-01  4.13940307e-05  4.85563709e-01  4.13940307e-05  1.78641741e-06  4.13940307e-05 -2.06394600e-07  4.13940307e-05  6.36353687e-06  4.13940307e-05  0.00000000e+00  4.13940307e-05  1.20000000e+00 
 4.14940307e-05  8.74624036e-01  4.14940307e-05  4.85620142e-01  4.14940307e-05  1.84664415e-06  4.14940307e-05  2.07112727e-07  4.14940307e-05 -5.30394949e-06  4.14940307e-05  0.00000000e+00  4.14940307e-05  1.20000000e+00 
 4.15940307e-05  8.69817464e-01  4.15940307e-05  4.85565467e-01  4.15940307e-05  1.78641771e-06  4.15940307e-05 -2.06390368e-07  4.15940307e-05  6.36340250e-06  4.15940307e-05  0.00000000e+00  4.15940307e-05  1.20000000e+00 
 4.16940307e-05  8.65012106e-01  4.16940307e-05  4.85619035e-01  4.16940307e-05  1.84664388e-06  4.16940307e-05  2.07108569e-07  4.16940307e-05 -5.30408026e-06  4.16940307e-05  0.00000000e+00  4.16940307e-05  1.20000000e+00 
 4.17940307e-05  8.60206895e-01  4.17940307e-05  4.85567171e-01  4.17940307e-05  1.78641797e-06  4.17940307e-05 -2.06385806e-07  4.17940307e-05  6.36325924e-06  4.17940307e-05  0.00000000e+00  4.17940307e-05  1.20000000e+00 
 4.18940307e-05  8.55402985e-01  4.18940307e-05  4.85618124e-01  4.18940307e-05  1.84664365e-06  4.18940307e-05  2.07104104e-07  4.18940307e-05 -5.30422212e-06  4.18940307e-05  0.00000000e+00  4.18940307e-05  1.20000000e+00 
 4.19940307e-05  8.50599216e-01  4.19940307e-05  4.85568825e-01  4.19940307e-05  1.78641819e-06  4.19940307e-05 -2.06380974e-07  4.19940307e-05  6.36310750e-06  4.19940307e-05  0.00000000e+00  4.19940307e-05  1.20000000e+00 
 4.20940307e-05  8.45796830e-01  4.20940307e-05  4.85617411e-01  4.20940307e-05  1.84664345e-06  4.20940307e-05  2.07099382e-07  4.20940307e-05 -5.30437414e-06  4.20940307e-05  0.00000000e+00  4.20940307e-05  1.20000000e+00 
 4.21940307e-05  8.40994577e-01  4.21940307e-05  4.85570429e-01  4.21940307e-05  1.78641837e-06  4.21940307e-05 -2.06375912e-07  4.21940307e-05  6.36294780e-06  4.21940307e-05  0.00000000e+00  4.21940307e-05  1.20000000e+00 
 4.22940307e-05  8.36193781e-01  4.22940307e-05  4.85616888e-01  4.22940307e-05  1.84664329e-06  4.22940307e-05  2.07094438e-07  4.22940307e-05 -5.30453535e-06  4.22940307e-05  0.00000000e+00  4.22940307e-05  1.20000000e+00 
 4.23940307e-05  8.31393111e-01  4.23940307e-05  4.85571987e-01  4.23940307e-05  1.78641851e-06  4.23940307e-05 -2.06370647e-07  4.23940307e-05  6.36278062e-06  4.23940307e-05  0.00000000e+00  4.23940307e-05  1.20000000e+00 
 4.24940307e-05  8.26593966e-01  4.24940307e-05  4.85616547e-01  4.24940307e-05  1.84664316e-06  4.24940307e-05  2.07089292e-07  4.24940307e-05 -5.30470486e-06  4.24940307e-05  0.00000000e+00  4.24940307e-05  1.20000000e+00 
 4.25940307e-05  8.21794940e-01  4.25940307e-05  4.85573499e-01  4.25940307e-05  1.78641863e-06  4.25940307e-05 -2.06365192e-07  4.25940307e-05  6.36260647e-06  4.25940307e-05  0.00000000e+00  4.25940307e-05  1.20000000e+00 
 4.26940307e-05  8.16997502e-01  4.26940307e-05  4.85616372e-01  4.26940307e-05  1.84664306e-06  4.26940307e-05  2.07083957e-07  4.26940307e-05 -5.30488183e-06  4.26940307e-05  0.00000000e+00  4.26940307e-05  1.20000000e+00 
 4.27940307e-05  8.12200175e-01  4.27940307e-05  4.85574964e-01  4.27940307e-05  1.78641871e-06  4.27940307e-05 -2.06359557e-07  4.27940307e-05  6.36242580e-06  4.27940307e-05  0.00000000e+00  4.27940307e-05  1.20000000e+00 
 4.28940307e-05  8.07404494e-01  4.28940307e-05  4.85616344e-01  4.28940307e-05  1.84664299e-06  4.28940307e-05  2.07078440e-07  4.28940307e-05 -5.30506551e-06  4.28940307e-05  0.00000000e+00  4.28940307e-05  1.20000000e+00 
 4.29940307e-05  8.02608919e-01  4.29940307e-05  4.85576383e-01  4.29940307e-05  1.78641877e-06  4.29940307e-05 -2.06353748e-07  4.29940307e-05  6.36223902e-06  4.29940307e-05  0.00000000e+00  4.29940307e-05  1.20000000e+00 
 4.30940307e-05  7.97815041e-01  4.30940307e-05  4.85616441e-01  4.30940307e-05  1.84664294e-06  4.30940307e-05  2.07072747e-07  4.30940307e-05 -5.30525524e-06  4.30940307e-05  0.00000000e+00  4.30940307e-05  1.20000000e+00 
 4.31940307e-05  7.93021264e-01  4.31940307e-05  4.85577754e-01  4.31940307e-05  1.78641881e-06  4.31940307e-05 -2.06347768e-07  4.31940307e-05  6.36204651e-06  4.31940307e-05  0.00000000e+00  4.31940307e-05  1.20000000e+00 
 4.32940307e-05  7.88229234e-01  4.32940307e-05  4.85616641e-01  4.32940307e-05  1.84664292e-06  4.32940307e-05  2.07066881e-07  4.32940307e-05 -5.30545049e-06  4.32940307e-05  0.00000000e+00  4.32940307e-05  1.20000000e+00 
 4.33940307e-05  7.83437301e-01  4.33940307e-05  4.85579074e-01  4.33940307e-05  1.78641883e-06  4.33940307e-05 -2.06341621e-07  4.33940307e-05  6.36184860e-06  4.33940307e-05  0.00000000e+00  4.33940307e-05  1.20000000e+00 
 4.34940307e-05  7.78647160e-01  4.34940307e-05  4.85616922e-01  4.34940307e-05  1.84664291e-06  4.34940307e-05  2.07060848e-07  4.34940307e-05 -5.30565077e-06  4.34940307e-05  0.00000000e+00  4.34940307e-05  1.20000000e+00 
 4.35940307e-05  7.73857114e-01  4.35940307e-05  4.85580342e-01  4.35940307e-05  1.78641883e-06  4.35940307e-05 -2.06335313e-07  4.35940307e-05  6.36164557e-06  4.35940307e-05  0.00000000e+00  4.35940307e-05  1.20000000e+00 
 4.36940307e-05  7.69068902e-01  4.36940307e-05  4.85617262e-01  4.36940307e-05  1.84664292e-06  4.36940307e-05  2.07054655e-07  4.36940307e-05 -5.30585571e-06  4.36940307e-05  0.00000000e+00  4.36940307e-05  1.20000000e+00 
 4.37940307e-05  7.64280783e-01  4.37940307e-05  4.85581555e-01  4.37940307e-05  1.78641881e-06  4.37940307e-05 -2.06328852e-07  4.37940307e-05  6.36143768e-06  4.37940307e-05  0.00000000e+00  4.37940307e-05  1.20000000e+00 
 4.38940307e-05  7.59494538e-01  4.38940307e-05  4.85617640e-01  4.38940307e-05  1.84664294e-06  4.38940307e-05  2.07048311e-07  4.38940307e-05 -5.30606498e-06  4.38940307e-05  0.00000000e+00  4.38940307e-05  1.20000000e+00 
 4.39940307e-05  7.54708387e-01  4.39940307e-05  4.85582713e-01  4.39940307e-05  1.78641878e-06  4.39940307e-05 -2.06322247e-07  4.39940307e-05  6.36122515e-06  4.39940307e-05  0.00000000e+00  4.39940307e-05  1.20000000e+00 
 4.40940307e-05  7.49924146e-01  4.40940307e-05  4.85618039e-01  4.40940307e-05  1.84664298e-06  4.40940307e-05  2.07041827e-07  4.40940307e-05 -5.30627833e-06  4.40940307e-05  0.00000000e+00  4.40940307e-05  1.20000000e+00 
 4.41940307e-05  7.45140000e-01  4.41940307e-05  4.85583812e-01  4.41940307e-05  1.78641874e-06  4.41940307e-05 -2.06315510e-07  4.41940307e-05  6.36100816e-06  4.41940307e-05  0.00000000e+00  4.41940307e-05  1.20000000e+00 
 4.42940307e-05  7.40357800e-01  4.42940307e-05  4.85618444e-01  4.42940307e-05  1.84664303e-06  4.42940307e-05  2.07035215e-07  4.42940307e-05 -5.30649554e-06  4.42940307e-05  0.00000000e+00  4.42940307e-05  1.20000000e+00 
 4.43940307e-05  7.35575696e-01  4.43940307e-05  4.85584852e-01  4.43940307e-05  1.78641868e-06  4.43940307e-05 -2.06308656e-07  4.43940307e-05  6.36078689e-06  4.43940307e-05  0.00000000e+00  4.43940307e-05  1.20000000e+00 
 4.44940307e-05  7.30795571e-01  4.44940307e-05  4.85618841e-01  4.44940307e-05  1.84664310e-06  4.44940307e-05  2.07028491e-07  4.44940307e-05 -5.30671644e-06  4.44940307e-05  0.00000000e+00  4.44940307e-05  1.20000000e+00 
 4.45940307e-05  7.26015545e-01  4.45940307e-05  4.85585833e-01  4.45940307e-05  1.78641861e-06  4.45940307e-05 -2.06301701e-07  4.45940307e-05  6.36056147e-06  4.45940307e-05  0.00000000e+00  4.45940307e-05  1.20000000e+00 
 4.46940307e-05  7.21237528e-01  4.46940307e-05  4.85619221e-01  4.46940307e-05  1.84664317e-06  4.46940307e-05  2.07021671e-07  4.46940307e-05 -5.30694089e-06  4.46940307e-05  0.00000000e+00  4.46940307e-05  1.20000000e+00 
 4.47940307e-05  7.16459615e-01  4.47940307e-05  4.85586754e-01  4.47940307e-05  1.78641854e-06  4.47940307e-05 -2.06294659e-07  4.47940307e-05  6.36033203e-06  4.47940307e-05  0.00000000e+00  4.47940307e-05  1.20000000e+00 
 4.48940307e-05  7.11683740e-01  4.48940307e-05  4.85619577e-01  4.48940307e-05  1.84664325e-06  4.48940307e-05  2.07014771e-07  4.48940307e-05 -5.30716879e-06  4.48940307e-05  0.00000000e+00  4.48940307e-05  1.20000000e+00 
 4.49940307e-05  7.06907973e-01  4.49940307e-05  4.85587617e-01  4.49940307e-05  1.78641846e-06  4.49940307e-05 -2.06287550e-07  4.49940307e-05  6.36009867e-06  4.49940307e-05  0.00000000e+00  4.49940307e-05  1.20000000e+00 
 4.50940307e-05  7.02134271e-01  4.50940307e-05  4.85619904e-01  4.50940307e-05  1.84664334e-06  4.50940307e-05  2.07007809e-07  4.50940307e-05 -5.30740004e-06  4.50940307e-05  0.00000000e+00  4.50940307e-05  1.20000000e+00 
 4.51940307e-05  6.97360683e-01  4.51940307e-05  4.85588422e-01  4.51940307e-05  1.78641836e-06  4.51940307e-05 -2.06280389e-07  4.51940307e-05  6.35986149e-06  4.51940307e-05  0.00000000e+00  4.51940307e-05  1.20000000e+00 
 4.52940307e-05  6.92589185e-01  4.52940307e-05  4.85620197e-01  4.52940307e-05  1.84664343e-06  4.52940307e-05  2.07000803e-07  4.52940307e-05 -5.30763456e-06  4.52940307e-05  0.00000000e+00  4.52940307e-05  1.20000000e+00 
 4.53940307e-05  6.87817807e-01  4.53940307e-05  4.85589172e-01  4.53940307e-05  1.78641826e-06  4.53940307e-05 -2.06273195e-07  4.53940307e-05  6.35962057e-06  4.53940307e-05  0.00000000e+00  4.53940307e-05  1.20000000e+00 
 4.54940307e-05  6.83048545e-01  4.54940307e-05  4.85620458e-01  4.54940307e-05  1.84664354e-06  4.54940307e-05  2.06993768e-07  4.54940307e-05 -5.30787231e-06  4.54940307e-05  0.00000000e+00  4.54940307e-05  1.20000000e+00 
 4.55940307e-05  6.78279408e-01  4.55940307e-05  4.85589869e-01  4.55940307e-05  1.78641816e-06  4.55940307e-05 -2.06265983e-07  4.55940307e-05  6.35937598e-06  4.55940307e-05  0.00000000e+00  4.55940307e-05  1.20000000e+00 
 4.56940307e-05  6.73512410e-01  4.56940307e-05  4.85620684e-01  4.56940307e-05  1.84664365e-06  4.56940307e-05  2.06986721e-07  4.56940307e-05 -5.30811323e-06  4.56940307e-05  0.00000000e+00  4.56940307e-05  1.20000000e+00 
 4.57940307e-05  6.68745546e-01  4.57940307e-05  4.85590516e-01  4.57940307e-05  1.78641804e-06  4.57940307e-05 -2.06258769e-07  4.57940307e-05  6.35912778e-06  4.57940307e-05  0.00000000e+00  4.57940307e-05  1.20000000e+00 
 4.58940307e-05  6.63980842e-01  4.58940307e-05  4.85620878e-01  4.58940307e-05  1.84664377e-06  4.58940307e-05  2.06979678e-07  4.58940307e-05 -5.30835729e-06  4.58940307e-05  0.00000000e+00  4.58940307e-05  1.20000000e+00 
 4.59940307e-05  6.59216279e-01  4.59940307e-05  4.85591116e-01  4.59940307e-05  1.78641792e-06  4.59940307e-05 -2.06251567e-07  4.59940307e-05  6.35887602e-06  4.59940307e-05  0.00000000e+00  4.59940307e-05  1.20000000e+00 
 4.60940307e-05  6.54453900e-01  4.60940307e-05  4.85621041e-01  4.60940307e-05  1.84664389e-06  4.60940307e-05  2.06972652e-07  4.60940307e-05 -5.30860445e-06  4.60940307e-05  0.00000000e+00  4.60940307e-05  1.20000000e+00 
 4.61940307e-05  6.49691669e-01  4.61940307e-05  4.85591672e-01  4.61940307e-05  1.78641780e-06  4.61940307e-05 -2.06244392e-07  4.61940307e-05  6.35862075e-06  4.61940307e-05  0.00000000e+00  4.61940307e-05  1.20000000e+00 
 4.62940307e-05  6.44931642e-01  4.62940307e-05  4.85621175e-01  4.62940307e-05  1.84664402e-06  4.62940307e-05  2.06965655e-07  4.62940307e-05 -5.30885469e-06  4.62940307e-05  0.00000000e+00  4.62940307e-05  1.20000000e+00 
 4.63940307e-05  6.40171771e-01  4.63940307e-05  4.85592187e-01  4.63940307e-05  1.78641767e-06  4.63940307e-05 -2.06237255e-07  4.63940307e-05  6.35836201e-06  4.63940307e-05  0.00000000e+00  4.63940307e-05  1.20000000e+00 
 4.64940307e-05  6.35414125e-01  4.64940307e-05  4.85621282e-01  4.64940307e-05  1.84664415e-06  4.64940307e-05  2.06958701e-07  4.64940307e-05 -5.30910797e-06  4.64940307e-05  0.00000000e+00  4.64940307e-05  1.20000000e+00 
 4.65940307e-05  6.30656645e-01  4.65940307e-05  4.85592665e-01  4.65940307e-05  1.78641753e-06  4.65940307e-05 -2.06230168e-07  4.65940307e-05  6.35809984e-06  4.65940307e-05  0.00000000e+00  4.65940307e-05  1.20000000e+00 
 4.66940307e-05  6.25901409e-01  4.66940307e-05  4.85621365e-01  4.66940307e-05  1.84664429e-06  4.66940307e-05  2.06951799e-07  4.66940307e-05 -5.30936430e-06  4.66940307e-05  0.00000000e+00  4.66940307e-05  1.20000000e+00 
 4.67940307e-05  6.21146347e-01  4.67940307e-05  4.85593107e-01  4.67940307e-05  1.78641739e-06  4.67940307e-05 -2.06223139e-07  4.67940307e-05  6.35783428e-06  4.67940307e-05  0.00000000e+00  4.67940307e-05  1.20000000e+00 
 4.68940307e-05  6.16393549e-01  4.68940307e-05  4.85621426e-01  4.68940307e-05  1.84664444e-06  4.68940307e-05  2.06944958e-07  4.68940307e-05 -5.30962363e-06  4.68940307e-05  0.00000000e+00  4.68940307e-05  1.20000000e+00 
 4.69940307e-05  6.11640936e-01  4.69940307e-05  4.85593518e-01  4.69940307e-05  1.78641724e-06  4.69940307e-05 -2.06216178e-07  4.69940307e-05  6.35756534e-06  4.69940307e-05  0.00000000e+00  4.69940307e-05  1.20000000e+00 
 4.70940307e-05  6.06890604e-01  4.70940307e-05  4.85621467e-01  4.70940307e-05  1.84664458e-06  4.70940307e-05  2.06938187e-07  4.70940307e-05 -5.30988597e-06  4.70940307e-05  0.00000000e+00  4.70940307e-05  1.20000000e+00 
 4.71940307e-05  6.02140467e-01  4.71940307e-05  4.85593899e-01  4.71940307e-05  1.78641710e-06  4.71940307e-05 -2.06209292e-07  4.71940307e-05  6.35729308e-06  4.71940307e-05  0.00000000e+00  4.71940307e-05  1.20000000e+00 
 4.72940307e-05  5.97392630e-01  4.72940307e-05  4.85621491e-01  4.72940307e-05  1.84664474e-06  4.72940307e-05  2.06931492e-07  4.72940307e-05 -5.31015130e-06  4.72940307e-05  0.00000000e+00  4.72940307e-05  1.20000000e+00 
 4.73940307e-05  5.92644998e-01  4.73940307e-05  4.85594255e-01  4.73940307e-05  1.78641694e-06  4.73940307e-05 -2.06202488e-07  4.73940307e-05  6.35701750e-06  4.73940307e-05  0.00000000e+00  4.73940307e-05  1.20000000e+00 
 4.74940307e-05  5.87899684e-01  4.74940307e-05  4.85621499e-01  4.74940307e-05  1.84664489e-06  4.74940307e-05  2.06924880e-07  4.74940307e-05 -5.31041959e-06  4.74940307e-05  0.00000000e+00  4.74940307e-05  1.20000000e+00 
 4.75940307e-05  5.83154585e-01  4.75940307e-05  4.85594586e-01  4.75940307e-05  1.78641678e-06  4.75940307e-05 -2.06195770e-07  4.75940307e-05  6.35673863e-06  4.75940307e-05  0.00000000e+00  4.75940307e-05  1.20000000e+00 
 4.76940307e-05  5.78411822e-01  4.76940307e-05  4.85621494e-01  4.76940307e-05  1.84664505e-06  4.76940307e-05  2.06918355e-07  4.76940307e-05 -5.31069085e-06  4.76940307e-05  0.00000000e+00  4.76940307e-05  1.20000000e+00 
 4.77940307e-05  5.73669285e-01  4.77940307e-05  4.85594895e-01  4.77940307e-05  1.78641662e-06  4.77940307e-05 -2.06189143e-07  4.77940307e-05  6.35645651e-06  4.77940307e-05  0.00000000e+00  4.77940307e-05  1.20000000e+00 
 4.78940307e-05  5.68929100e-01  4.78940307e-05  4.85621476e-01  4.78940307e-05  1.84664522e-06  4.78940307e-05  2.06911921e-07  4.78940307e-05 -5.31096507e-06  4.78940307e-05  0.00000000e+00  4.78940307e-05  1.20000000e+00 
 4.79940307e-05  5.64189153e-01  4.79940307e-05  4.85595185e-01  4.79940307e-05  1.78641645e-06  4.79940307e-05 -2.06182611e-07  4.79940307e-05  6.35617114e-06  4.79940307e-05  0.00000000e+00  4.79940307e-05  1.20000000e+00 
 4.80940307e-05  5.59451576e-01  4.80940307e-05  4.85621448e-01  4.80940307e-05  1.84664539e-06  4.80940307e-05  2.06905583e-07  4.80940307e-05 -5.31124223e-06  4.80940307e-05  0.00000000e+00  4.80940307e-05  1.20000000e+00 
 4.81940307e-05  5.54714247e-01  4.81940307e-05  4.85595457e-01  4.81940307e-05  1.78641629e-06  4.81940307e-05 -2.06176178e-07  4.81940307e-05  6.35588254e-06  4.81940307e-05  0.00000000e+00  4.81940307e-05  1.20000000e+00 
 4.82940307e-05  5.49979305e-01  4.82940307e-05  4.85621410e-01  4.82940307e-05  1.84664556e-06  4.82940307e-05  2.06899342e-07  4.82940307e-05 -5.31152233e-06  4.82940307e-05  0.00000000e+00  4.82940307e-05  1.20000000e+00 
 4.83940307e-05  5.45244622e-01  4.83940307e-05  4.85595712e-01  4.83940307e-05  1.78641611e-06  4.83940307e-05 -2.06169844e-07  4.83940307e-05  6.35559071e-06  4.83940307e-05  0.00000000e+00  4.83940307e-05  1.20000000e+00 
 4.84940307e-05  5.40512344e-01  4.84940307e-05  4.85621364e-01  4.84940307e-05  1.84664573e-06  4.84940307e-05  2.06893201e-07  4.84940307e-05 -5.31180540e-06  4.84940307e-05  0.00000000e+00  4.84940307e-05  1.20000000e+00 
 4.85940307e-05  5.35780336e-01  4.85940307e-05  4.85595952e-01  4.85940307e-05  1.78641594e-06  4.85940307e-05 -2.06163613e-07  4.85940307e-05  6.35529565e-06  4.85940307e-05  0.00000000e+00  4.85940307e-05  1.20000000e+00 
 4.86940307e-05  5.31050749e-01  4.86940307e-05  4.85621310e-01  4.86940307e-05  1.84664591e-06  4.86940307e-05  2.06887162e-07  4.86940307e-05 -5.31209145e-06  4.86940307e-05  0.00000000e+00  4.86940307e-05  1.20000000e+00 
 4.87940307e-05  5.26321446e-01  4.87940307e-05  4.85596179e-01  4.87940307e-05  1.78641576e-06  4.87940307e-05 -2.06157485e-07  4.87940307e-05  6.35499733e-06  4.87940307e-05  0.00000000e+00  4.87940307e-05  1.20000000e+00 
 4.88940307e-05  5.21594579e-01  4.88940307e-05  4.85621250e-01  4.88940307e-05  1.84664609e-06  4.88940307e-05  2.06881226e-07  4.88940307e-05 -5.31238052e-06  4.88940307e-05  0.00000000e+00  4.88940307e-05  1.20000000e+00 
 4.89940307e-05  5.16868009e-01  4.89940307e-05  4.85596393e-01  4.89940307e-05  1.78641558e-06  4.89940307e-05 -2.06151462e-07  4.89940307e-05  6.35469570e-06  4.89940307e-05  0.00000000e+00  4.89940307e-05  1.20000000e+00 
 4.90940307e-05  5.12143893e-01  4.90940307e-05  4.85621185e-01  4.90940307e-05  1.84664627e-06  4.90940307e-05  2.06875393e-07  4.90940307e-05 -5.31267269e-06  4.90940307e-05  0.00000000e+00  4.90940307e-05  1.20000000e+00 
 4.91940307e-05  5.07420086e-01  4.91940307e-05  4.85596595e-01  4.91940307e-05  1.78641540e-06  4.91940307e-05 -2.06145544e-07  4.91940307e-05  6.35439068e-06  4.91940307e-05  0.00000000e+00  4.91940307e-05  1.20000000e+00 
 4.92940307e-05  5.02698750e-01  4.92940307e-05  4.85621114e-01  4.92940307e-05  1.84664645e-06  4.92940307e-05  2.06869663e-07  4.92940307e-05 -5.31296809e-06  4.92940307e-05  0.00000000e+00  4.92940307e-05  1.20000000e+00 
 4.93940307e-05  4.97977738e-01  4.93940307e-05  4.85596786e-01  4.93940307e-05  1.78641521e-06  4.93940307e-05 -2.06139730e-07  4.93940307e-05  6.35408211e-06  4.93940307e-05  0.00000000e+00  4.93940307e-05  1.20000000e+00 
 4.94940307e-05  4.93259215e-01  4.94940307e-05  4.85621039e-01  4.94940307e-05  1.84664664e-06  4.94940307e-05  2.06864038e-07  4.94940307e-05 -5.31326691e-06  4.94940307e-05  0.00000000e+00  4.94940307e-05  1.20000000e+00 
 4.95940307e-05  4.88541031e-01  4.95940307e-05  4.85596966e-01  4.95940307e-05  1.78641503e-06  4.95940307e-05 -2.06134022e-07  4.95940307e-05  6.35376976e-06  4.95940307e-05  0.00000000e+00  4.95940307e-05  1.20000000e+00 
 4.96940307e-05  4.83825356e-01  4.96940307e-05  4.85620960e-01  4.96940307e-05  1.84664683e-06  4.96940307e-05  2.06858516e-07  4.96940307e-05 -5.31356942e-06  4.96940307e-05  0.00000000e+00  4.96940307e-05  1.20000000e+00 
 4.97940307e-05  4.79110037e-01  4.97940307e-05  4.85597136e-01  4.97940307e-05  1.78641484e-06  4.97940307e-05 -2.06128418e-07  4.97940307e-05  6.35345327e-06  4.97940307e-05  0.00000000e+00  4.97940307e-05  1.20000000e+00 
 4.98940307e-05  4.74397247e-01  4.98940307e-05  4.85620876e-01  4.98940307e-05  1.84664702e-06  4.98940307e-05  2.06853098e-07  4.98940307e-05 -5.31387608e-06  4.98940307e-05  0.00000000e+00  4.98940307e-05  1.20000000e+00 
 4.99940307e-05  4.69684834e-01  4.99940307e-05  4.85597296e-01  4.99940307e-05  1.78641465e-06  4.99940307e-05 -2.06122918e-07  4.99940307e-05  6.35313213e-06  4.99940307e-05  0.00000000e+00  4.99940307e-05  1.20000000e+00 
 5.00940307e-05  4.64974974e-01  5.00940307e-05  4.85620788e-01  5.00940307e-05  1.84664721e-06  5.00940307e-05  2.06847781e-07  5.00940307e-05 -5.31418752e-06  5.00940307e-05  0.00000000e+00  5.00940307e-05  1.20000000e+00 
 5.01940307e-05  4.60265514e-01  5.01940307e-05  4.85597445e-01  5.01940307e-05  1.78641445e-06  5.01940307e-05 -2.06117520e-07  5.01940307e-05  6.35280552e-06  5.01940307e-05  0.00000000e+00  5.01940307e-05  1.20000000e+00 
 5.02940307e-05  4.55558636e-01  5.02940307e-05  4.85620695e-01  5.02940307e-05  1.84664740e-06  5.02940307e-05  2.06842566e-07  5.02940307e-05 -5.31450470e-06  5.02940307e-05  0.00000000e+00  5.02940307e-05  1.20000000e+00 
 5.03940307e-05  4.50852186e-01  5.03940307e-05  4.85597582e-01  5.03940307e-05  1.78641426e-06  5.03940307e-05 -2.06112225e-07  5.03940307e-05  6.35247231e-06  5.03940307e-05  0.00000000e+00  5.03940307e-05  1.20000000e+00 
 5.04940307e-05  4.46148353e-01  5.04940307e-05  4.85620597e-01  5.04940307e-05  1.84664760e-06  5.04940307e-05  2.06837452e-07  5.04940307e-05 -5.31482901e-06  5.04940307e-05  0.00000000e+00  5.04940307e-05  1.20000000e+00 
 5.05940307e-05  4.41444985e-01  5.05940307e-05  4.85597707e-01  5.05940307e-05  1.78641406e-06  5.05940307e-05 -2.06107029e-07  5.05940307e-05  6.35213079e-06  5.05940307e-05  0.00000000e+00  5.05940307e-05  1.20000000e+00 
 5.06940307e-05  4.36744278e-01  5.06940307e-05  4.85620492e-01  5.06940307e-05  1.84664779e-06  5.06940307e-05  2.06832435e-07  5.06940307e-05 -5.31516245e-06  5.06940307e-05  0.00000000e+00  5.06940307e-05  1.20000000e+00 
 5.07940307e-05  4.32044083e-01  5.07940307e-05  4.85597816e-01  5.07940307e-05  1.78641387e-06  5.07940307e-05 -2.06101932e-07  5.07940307e-05  6.35177854e-06  5.07940307e-05  0.00000000e+00  5.07940307e-05  1.20000000e+00 
 5.08940307e-05  4.27346607e-01  5.08940307e-05  4.85620378e-01  5.08940307e-05  1.84664799e-06  5.08940307e-05  2.06827516e-07  5.08940307e-05 -5.31550790e-06  5.08940307e-05  0.00000000e+00  5.08940307e-05  1.20000000e+00 
 5.09940307e-05  4.22649706e-01  5.09940307e-05  4.85597906e-01  5.09940307e-05  1.78641367e-06  5.09940307e-05 -2.06096930e-07  5.09940307e-05  6.35141212e-06  5.09940307e-05  0.00000000e+00  5.09940307e-05  1.20000000e+00 
 5.10940307e-05  4.17955599e-01  5.10940307e-05  4.85620253e-01  5.10940307e-05  1.84664819e-06  5.10940307e-05  2.06822691e-07  5.10940307e-05 -5.31586938e-06  5.10940307e-05  0.00000000e+00  5.10940307e-05  1.20000000e+00 
 5.11940307e-05  4.13262153e-01  5.11940307e-05  4.85597975e-01  5.11940307e-05  1.78641347e-06  5.11940307e-05 -2.06092023e-07  5.11940307e-05  6.35102671e-06  5.11940307e-05  0.00000000e+00  5.11940307e-05  1.20000000e+00 
 5.12940307e-05  4.08571601e-01  5.12940307e-05  4.85620111e-01  5.12940307e-05  1.84664839e-06  5.12940307e-05  2.06817958e-07  5.12940307e-05 -5.31625247e-06  5.12940307e-05  0.00000000e+00  5.12940307e-05  1.20000000e+00 
 5.13940307e-05  4.03881826e-01  5.13940307e-05  4.85598014e-01  5.13940307e-05  1.78641327e-06  5.13940307e-05 -2.06087206e-07  5.13940307e-05  6.35061576e-06  5.13940307e-05  0.00000000e+00  5.13940307e-05  1.20000000e+00 
 5.14940307e-05  3.99195080e-01  5.14940307e-05  4.85619950e-01  5.14940307e-05  1.84664859e-06  5.14940307e-05  2.06813313e-07  5.14940307e-05 -5.31666469e-06  5.14940307e-05  0.00000000e+00  5.14940307e-05  1.20000000e+00 
 5.15940307e-05  3.94509267e-01  5.15940307e-05  4.85598018e-01  5.15940307e-05  1.78641307e-06  5.15940307e-05 -2.06082476e-07  5.15940307e-05  6.35017050e-06  5.15940307e-05  0.00000000e+00  5.15940307e-05  1.20000000e+00 
 5.16940307e-05  3.89826662e-01  5.16940307e-05  4.85619762e-01  5.16940307e-05  1.84664879e-06  5.16940307e-05  2.06808754e-07  5.16940307e-05 -5.31711591e-06  5.16940307e-05  0.00000000e+00  5.16940307e-05  1.20000000e+00 
 5.17940307e-05  3.85145197e-01  5.17940307e-05  4.85597977e-01  5.17940307e-05  1.78641287e-06  5.17940307e-05 -2.06077829e-07  5.17940307e-05  6.34967966e-06  5.17940307e-05  0.00000000e+00  5.17940307e-05  1.20000000e+00 
 5.18940307e-05  3.80467178e-01  5.18940307e-05  4.85619542e-01  5.18940307e-05  1.84664900e-06  5.18940307e-05  2.06804274e-07  5.18940307e-05 -5.31761867e-06  5.18940307e-05  0.00000000e+00  5.18940307e-05  1.20000000e+00 
 5.19940307e-05  3.75790570e-01  5.19940307e-05  4.85597881e-01  5.19940307e-05  1.78641267e-06  5.19940307e-05 -2.06073257e-07  5.19940307e-05  6.34912909e-06  5.19940307e-05  0.00000000e+00  5.19940307e-05  1.20000000e+00 
 5.20940307e-05  3.71117713e-01  5.20940307e-05  4.85619281e-01  5.20940307e-05  1.84664920e-06  5.20940307e-05  2.06799868e-07  5.20940307e-05 -5.31818838e-06  5.20940307e-05  0.00000000e+00  5.20940307e-05  1.20000000e+00 
 5.21940307e-05  3.66446618e-01  5.21940307e-05  4.85597719e-01  5.21940307e-05  1.78641247e-06  5.21940307e-05 -2.06068756e-07  5.21940307e-05  6.34850168e-06  5.21940307e-05  0.00000000e+00  5.21940307e-05  1.20000000e+00 
 5.22940307e-05  3.61779666e-01  5.22940307e-05  4.85618972e-01  5.22940307e-05  1.84664940e-06  5.22940307e-05  2.06795528e-07  5.22940307e-05 -5.31884343e-06  5.22940307e-05  0.00000000e+00  5.22940307e-05  1.20000000e+00 
 5.23940307e-05  3.57114915e-01  5.23940307e-05  4.85597477e-01  5.23940307e-05  1.78641227e-06  5.23940307e-05 -2.06064317e-07  5.23940307e-05  6.34777736e-06  5.23940307e-05  0.00000000e+00  5.23940307e-05  1.20000000e+00 
 5.24940307e-05  3.52454793e-01  5.24940307e-05  4.85618608e-01  5.24940307e-05  1.84664961e-06  5.24940307e-05  2.06791246e-07  5.24940307e-05 -5.31960504e-06  5.24940307e-05  0.00000000e+00  5.24940307e-05  1.20000000e+00 
 5.25940307e-05  3.47797419e-01  5.25940307e-05  4.85597142e-01  5.25940307e-05  1.78641207e-06  5.25940307e-05 -2.06059930e-07  5.25940307e-05  6.34693328e-06  5.25940307e-05  0.00000000e+00  5.25940307e-05  1.20000000e+00 
 5.26940307e-05  3.43145268e-01  5.26940307e-05  4.85618179e-01  5.26940307e-05  1.84664981e-06  5.26940307e-05  2.06787011e-07  5.26940307e-05 -5.32049700e-06  5.26940307e-05  0.00000000e+00  5.26940307e-05  1.20000000e+00 
 5.27940307e-05  3.38496524e-01  5.27940307e-05  4.85596702e-01  5.27940307e-05  1.78641188e-06  5.27940307e-05 -2.06055583e-07  5.27940307e-05  6.34594420e-06  5.27940307e-05  0.00000000e+00  5.27940307e-05  1.20000000e+00 
 5.28940307e-05  3.33853716e-01  5.28940307e-05  4.85617681e-01  5.28940307e-05  1.84665000e-06  5.28940307e-05  2.06782810e-07  5.28940307e-05 -5.32154516e-06  5.28940307e-05  0.00000000e+00  5.28940307e-05  1.20000000e+00 
 5.29940307e-05  3.29215098e-01  5.29940307e-05  4.85596143e-01  5.29940307e-05  1.78641169e-06  5.29940307e-05 -2.06051264e-07  5.29940307e-05  6.34478317e-06  5.29940307e-05  0.00000000e+00  5.29940307e-05  1.20000000e+00 
 5.30940307e-05  3.24583250e-01  5.30940307e-05  4.85617106e-01  5.30940307e-05  1.84665020e-06  5.30940307e-05  2.06778630e-07  5.30940307e-05 -5.32277659e-06  5.30940307e-05  0.00000000e+00  5.30940307e-05  1.20000000e+00 
 5.31940307e-05  3.19956500e-01  5.31940307e-05  4.85595455e-01  5.31940307e-05  1.78641149e-06  5.31940307e-05 -2.06046958e-07  5.31940307e-05  6.34342255e-06  5.31940307e-05  0.00000000e+00  5.31940307e-05  1.20000000e+00 
 5.32940307e-05  3.15337478e-01  5.32940307e-05  4.85616452e-01  5.32940307e-05  1.84665040e-06  5.32940307e-05  2.06774455e-07  5.32940307e-05 -5.32421828e-06  5.32940307e-05  0.00000000e+00  5.32940307e-05  1.20000000e+00 
 5.33940307e-05  3.10724583e-01  5.33940307e-05  4.85594628e-01  5.33940307e-05  1.78641131e-06  5.33940307e-05 -2.06042650e-07  5.33940307e-05  6.34183559e-06  5.33940307e-05  0.00000000e+00  5.33940307e-05  1.20000000e+00 
 5.34940307e-05  3.06120488e-01  5.34940307e-05  4.85615720e-01  5.34940307e-05  1.84665059e-06  5.34940307e-05  2.06770268e-07  5.34940307e-05 -5.32589543e-06  5.34940307e-05  0.00000000e+00  5.34940307e-05  1.20000000e+00 
 5.35940307e-05  3.01523658e-01  5.35940307e-05  4.85593662e-01  5.35940307e-05  1.78641113e-06  5.35940307e-05 -2.06038321e-07  5.35940307e-05  6.33999839e-06  5.35940307e-05  0.00000000e+00  5.35940307e-05  1.20000000e+00 
 5.36940307e-05  2.96936796e-01  5.36940307e-05  4.85614916e-01  5.36940307e-05  1.84665078e-06  5.36940307e-05  2.06766050e-07  5.36940307e-05 -5.32782929e-06  5.36940307e-05  0.00000000e+00  5.36940307e-05  1.20000000e+00 
 5.37940307e-05  2.92358422e-01  5.37940307e-05  4.85592560e-01  5.37940307e-05  1.78641095e-06  5.37940307e-05 -2.06033954e-07  5.37940307e-05  6.33789212e-06  5.37940307e-05  0.00000000e+00  5.37940307e-05  1.20000000e+00 
 5.38940307e-05  2.87791251e-01  5.38940307e-05  4.85614051e-01  5.38940307e-05  1.84665096e-06  5.38940307e-05  2.06761783e-07  5.38940307e-05 -5.33003495e-06  5.38940307e-05  0.00000000e+00  5.38940307e-05  1.20000000e+00 
 5.39940307e-05  2.83233846e-01  5.39940307e-05  4.85591335e-01  5.39940307e-05  1.78641078e-06  5.39940307e-05 -2.06029533e-07  5.39940307e-05  6.33550515e-06  5.39940307e-05  0.00000000e+00  5.39940307e-05  1.20000000e+00 
 5.40940307e-05  2.78688911e-01  5.40940307e-05  4.85613144e-01  5.40940307e-05  1.84665114e-06  5.40940307e-05  2.06757449e-07  5.40940307e-05 -5.33251961e-06  5.40940307e-05  0.00000000e+00  5.40940307e-05  1.20000000e+00 
 5.41940307e-05  2.74155030e-01  5.41940307e-05  4.85590008e-01  5.41940307e-05  1.78641062e-06  5.41940307e-05 -2.06025039e-07  5.41940307e-05  6.33283444e-06  5.41940307e-05  0.00000000e+00  5.41940307e-05  1.20000000e+00 
 5.42940307e-05  2.69634881e-01  5.42940307e-05  4.85612215e-01  5.42940307e-05  1.84665131e-06  5.42940307e-05  2.06753032e-07  5.42940307e-05 -5.33528162e-06  5.42940307e-05  0.00000000e+00  5.42940307e-05  1.20000000e+00 
 5.43940307e-05  2.65127048e-01  5.43940307e-05  4.85588604e-01  5.43940307e-05  1.78641046e-06  5.43940307e-05 -2.06020460e-07  5.43940307e-05  6.32988589e-06  5.43940307e-05  0.00000000e+00  5.43940307e-05  1.20000000e+00 
 5.44940307e-05  2.60634161e-01  5.44940307e-05  4.85611289e-01  5.44940307e-05  1.84665146e-06  5.44940307e-05  2.06748519e-07  5.44940307e-05 -5.33831078e-06  5.44940307e-05  0.00000000e+00  5.44940307e-05  1.20000000e+00 
 5.45940307e-05  2.56154788e-01  5.45940307e-05  4.85587156e-01  5.45940307e-05  1.78641032e-06  5.45940307e-05 -2.06015784e-07  5.45940307e-05  6.32667351e-06  5.45940307e-05  0.00000000e+00  5.45940307e-05  1.20000000e+00 
 5.46940307e-05  2.51691494e-01  5.46940307e-05  4.85610390e-01  5.46940307e-05  1.84665161e-06  5.46940307e-05  2.06743901e-07  5.46940307e-05 -5.34158975e-06  5.46940307e-05  0.00000000e+00  5.46940307e-05  1.20000000e+00 
 5.47940307e-05  2.47242821e-01  5.47940307e-05  4.85585694e-01  5.47940307e-05  1.78641018e-06  5.47940307e-05 -2.06011005e-07  5.47940307e-05  6.32321749e-06  5.47940307e-05  0.00000000e+00  5.47940307e-05  1.20000000e+00 
 5.48940307e-05  2.42811261e-01  5.48940307e-05  4.85609536e-01  5.48940307e-05  1.84665175e-06  5.48940307e-05  2.06739174e-07  5.48940307e-05 -5.34509624e-06  5.48940307e-05  0.00000000e+00  5.48940307e-05  1.20000000e+00 
 5.49470203e-05  2.40469005e-01  5.49470203e-05  4.85583974e-01  5.49470203e-05  1.78641001e-06  5.49470203e-05 -2.06003791e-07  5.49470203e-05  6.32037115e-06  5.49470203e-05  0.00000000e+00  5.49470203e-05  1.20000000e+00 
 5.50000100e-05  2.38132496e-01  5.50000100e-05  4.85609427e-01  5.50000100e-05  1.84665197e-06  5.50000100e-05  2.06729629e-07  5.50000100e-05 -5.34700932e-06  5.50000100e-05  0.00000000e+00  5.50000100e-05  1.20000000e+00 
 5.50000110e-05  2.38097433e-01  5.50000110e-05  4.80356511e-01  5.50000110e-05  2.83036268e-06  5.50000110e-05  7.87311510e-06  5.50000110e-05 -1.86256085e-04  5.50000110e-05  0.00000000e+00  5.50000110e-05  1.08000000e+00 
 5.50000130e-05  2.38019807e-01  5.50000130e-05  4.66820407e-01  5.50000130e-05  3.24150816e-06  5.50000130e-05  1.23718545e-05  5.50000130e-05 -2.60944866e-04  5.50000130e-05  0.00000000e+00  5.50000130e-05  8.40000000e-01 
 5.50000165e-05  2.37906127e-01  5.50000165e-05  4.43536648e-01  5.50000165e-05  2.72949224e-06  5.50000165e-05  7.41594989e-06  5.50000165e-05 -1.84364427e-04  5.50000165e-05  0.00000000e+00  5.50000165e-05  4.20000000e-01 
 5.50000200e-05  2.37840840e-01  5.50000200e-05  4.26263569e-01  5.50000200e-05  2.89890455e-06  5.50000200e-05  7.24710225e-06  5.50000200e-05 -1.90737797e-04  5.50000200e-05  0.00000000e+00  5.50000200e-05  0.00000000e+00 
 5.50000207e-05  2.37839663e-01  5.50000207e-05  4.26631975e-01  5.50000207e-05  2.09284996e-06  5.50000207e-05 -2.25456120e-07  5.50000207e-05 -3.07027799e-05  5.50000207e-05  0.00000000e+00  5.50000207e-05  0.00000000e+00 
 5.50000220e-05  2.37839069e-01  5.50000220e-05  4.27966373e-01  5.50000220e-05  1.90182351e-06  5.50000220e-05 -1.58604057e-06  5.50000220e-05  1.41365449e-06  5.50000220e-05  0.00000000e+00  5.50000220e-05  0.00000000e+00 
 5.50000247e-05  2.37838566e-01  5.50000247e-05  4.30183081e-01  5.50000247e-05  2.10252623e-06  5.50000247e-05  1.49115765e-07  5.50000247e-05 -2.27190990e-05  5.50000247e-05  0.00000000e+00  5.50000247e-05  0.00000000e+00 
 5.50000300e-05  2.37837681e-01  5.50000300e-05  4.32963490e-01  5.50000300e-05  1.92182902e-06  5.50000300e-05 -8.37008357e-07  5.50000300e-05  4.20585358e-06  5.50000300e-05  0.00000000e+00  5.50000300e-05  0.00000000e+00 
 5.50000406e-05  2.37837340e-01  5.50000406e-05  4.35666533e-01  5.50000406e-05  2.00716963e-06  5.50000406e-05  7.45041289e-07  5.50000406e-05 -1.61391140e-05  5.50000406e-05  0.00000000e+00  5.50000406e-05  0.00000000e+00 
 5.50000619e-05  2.37837518e-01  5.50000619e-05  4.37654215e-01  5.50000619e-05  1.79060869e-06  5.50000619e-05 -5.33672104e-07  5.50000619e-05  9.96089734e-06  5.50000619e-05  0.00000000e+00  5.50000619e-05  0.00000000e+00 
 5.50001044e-05  2.37838564e-01  5.50001044e-05  4.40134653e-01  5.50001044e-05  1.88515998e-06  5.50001044e-05  7.45265890e-07  5.50001044e-05 -1.13327667e-05  5.50001044e-05  0.00000000e+00  5.50001044e-05  0.00000000e+00 
 5.50001879e-05  2.37840261e-01  5.50001879e-05  4.43628860e-01  5.50001879e-05  1.73820416e-06  5.50001879e-05 -5.11850962e-07  5.50001879e-05  1.13124895e-05  5.50001879e-05  0.00000000e+00  5.50001879e-05  0.00000000e+00 
 5.50003039e-05  2.37842435e-01  5.50003039e-05  4.47523802e-01  5.50003039e-05  1.87594780e-06  5.50003039e-05  7.63836812e-07  5.50003039e-05 -1.13448796e-05  5.50003039e-05  0.00000000e+00  5.50003039e-05  0.00000000e+00 
 5.50005360e-05  2.37845563e-01  5.50005360e-05  4.53208639e-01  5.50005360e-05  1.73701583e-06  5.50005360e-05 -5.31813557e-07  5.50005360e-05  1.13212125e-05  5.50005360e-05  0.00000000e+00  5.50005360e-05  0.00000000e+00 
 5.50010001e-05  2.37849253e-01  5.50010001e-05  4.60421574e-01  5.50010001e-05  1.88122845e-06  5.50010001e-05  6.92925066e-07  5.50010001e-05 -1.13218256e-05  5.50010001e-05  0.00000000e+00  5.50010001e-05  0.00000000e+00 
 5.50019283e-05  2.37851899e-01  5.50019283e-05  4.67230201e-01  5.50019283e-05  1.74426324e-06  5.50019283e-05 -6.35242944e-07  5.50019283e-05  1.13325072e-05  5.50019283e-05  0.00000000e+00  5.50019283e-05  0.00000000e+00 
 5.50037849e-05  2.37857234e-01  5.50037849e-05  4.73051365e-01  5.50037849e-05  1.88576815e-06  5.50037849e-05  6.09554507e-07  5.50037849e-05 -1.13146566e-05  5.50037849e-05  0.00000000e+00  5.50037849e-05  0.00000000e+00 
 5.50074979e-05  2.37872112e-01  5.50074979e-05  4.79147919e-01  5.50074979e-05  1.74598364e-06  5.50074979e-05 -6.51359933e-07  5.50074979e-05  1.13294047e-05  5.50074979e-05  0.00000000e+00  5.50074979e-05  0.00000000e+00 
 5.50149239e-05  2.37894343e-01  5.50149239e-05  4.84363153e-01  5.50149239e-05  1.88675885e-06  5.50149239e-05  6.30822165e-07  5.50149239e-05 -1.13158196e-05  5.50149239e-05  0.00000000e+00  5.50149239e-05  0.00000000e+00 
 5.50297761e-05  2.37918013e-01  5.50297761e-05  4.85716500e-01  5.50297761e-05  1.74638548e-06  5.50297761e-05 -6.33491274e-07  5.50297761e-05  1.13291351e-05  5.50297761e-05  0.00000000e+00  5.50297761e-05  0.00000000e+00 
 5.50594803e-05  2.37927771e-01  5.50594803e-05  4.85595273e-01  5.50594803e-05  1.88668380e-06  5.50594803e-05  6.34568040e-07  5.50594803e-05 -1.13156951e-05  5.50594803e-05  0.00000000e+00  5.50594803e-05  0.00000000e+00 
 5.51188888e-05  2.37902615e-01  5.51188888e-05  4.85614721e-01  5.51188888e-05  1.74637561e-06  5.51188888e-05 -6.33948515e-07  5.51188888e-05  1.13290740e-05  5.51188888e-05  0.00000000e+00  5.51188888e-05  0.00000000e+00 
 5.52188888e-05  2.37846404e-01  5.52188888e-05  4.85625303e-01  5.52188888e-05  1.88668687e-06  5.52188888e-05  6.34733315e-07  5.52188888e-05 -1.13156633e-05  5.52188888e-05  0.00000000e+00  5.52188888e-05  0.00000000e+00 
 5.53188888e-05  2.37791528e-01  5.53188888e-05  4.85598523e-01  5.53188888e-05  1.74637405e-06  5.53188888e-05 -6.34050442e-07  5.53188888e-05  1.13290489e-05  5.53188888e-05  0.00000000e+00  5.53188888e-05  0.00000000e+00 
 5.54188888e-05  2.37736414e-01  5.54188888e-05  4.85638136e-01  5.54188888e-05  1.88668799e-06  5.54188888e-05  6.34823138e-07  5.54188888e-05 -1.13156399e-05  5.54188888e-05  0.00000000e+00  5.54188888e-05  0.00000000e+00 
 5.55188888e-05  2.37681134e-01  5.55188888e-05  4.85588403e-01  5.55188888e-05  1.74637329e-06  5.55188888e-05 -6.34130225e-07  5.55188888e-05  1.13290238e-05  5.55188888e-05  0.00000000e+00  5.55188888e-05  0.00000000e+00 
 5.56188888e-05  2.37626185e-01  5.56188888e-05  4.85646090e-01  5.56188888e-05  1.88668844e-06  5.56188888e-05  6.34894557e-07  5.56188888e-05 -1.13156165e-05  5.56188888e-05  0.00000000e+00  5.56188888e-05  0.00000000e+00 
 5.57188888e-05  2.37570854e-01  5.57188888e-05  4.85582194e-01  5.57188888e-05  1.74637310e-06  5.57188888e-05 -6.34194631e-07  5.57188888e-05  1.13289986e-05  5.57188888e-05  0.00000000e+00  5.57188888e-05  0.00000000e+00 
 5.58188888e-05  2.37515936e-01  5.58188888e-05  4.85650904e-01  5.58188888e-05  1.88668841e-06  5.58188888e-05  6.34953054e-07  5.58188888e-05 -1.13155931e-05  5.58188888e-05  0.00000000e+00  5.58188888e-05  0.00000000e+00 
 5.59188888e-05  2.37460604e-01  5.59188888e-05  4.85578503e-01  5.59188888e-05  1.74637330e-06  5.59188888e-05 -6.34248114e-07  5.59188888e-05  1.13289734e-05  5.59188888e-05  0.00000000e+00  5.59188888e-05  0.00000000e+00 
 5.60188888e-05  2.37405699e-01  5.60188888e-05  4.85653696e-01  5.60188888e-05  1.88668807e-06  5.60188888e-05  6.35002257e-07  5.60188888e-05 -1.13155695e-05  5.60188888e-05  0.00000000e+00  5.60188888e-05  0.00000000e+00 
 5.61188888e-05  2.37350373e-01  5.61188888e-05  4.85576433e-01  5.61188888e-05  1.74637376e-06  5.61188888e-05 -6.34293633e-07  5.61188888e-05  1.13289480e-05  5.61188888e-05  0.00000000e+00  5.61188888e-05  0.00000000e+00 
 5.62188888e-05  2.37295476e-01  5.62188888e-05  4.85655187e-01  5.62188888e-05  1.88668752e-06  5.62188888e-05  6.35044586e-07  5.62188888e-05 -1.13155460e-05  5.62188888e-05  0.00000000e+00  5.62188888e-05  0.00000000e+00 
 5.63188888e-05  2.37240159e-01  5.63188888e-05  4.85575407e-01  5.63188888e-05  1.74637439e-06  5.63188888e-05 -6.34333174e-07  5.63188888e-05  1.13289227e-05  5.63188888e-05  0.00000000e+00  5.63188888e-05  0.00000000e+00 
 5.64188888e-05  2.37185270e-01  5.64188888e-05  4.85655843e-01  5.64188888e-05  1.88668683e-06  5.64188888e-05  6.35081676e-07  5.64188888e-05 -1.13155223e-05  5.64188888e-05  0.00000000e+00  5.64188888e-05  0.00000000e+00 
 5.65188888e-05  2.37129962e-01  5.65188888e-05  4.85575047e-01  5.65188888e-05  1.74637513e-06  5.65188888e-05 -6.34368088e-07  5.65188888e-05  1.13288973e-05  5.65188888e-05  0.00000000e+00  5.65188888e-05  0.00000000e+00 
 5.66188888e-05  2.37075081e-01  5.66188888e-05  4.85655967e-01  5.66188888e-05  1.88668606e-06  5.66188888e-05  6.35114649e-07  5.66188888e-05 -1.13154987e-05  5.66188888e-05  0.00000000e+00  5.66188888e-05  0.00000000e+00 
 5.67188888e-05  2.37019783e-01  5.67188888e-05  4.85575112e-01  5.67188888e-05  1.74637592e-06  5.67188888e-05 -6.34399311e-07  5.67188888e-05  1.13288718e-05  5.67188888e-05  0.00000000e+00  5.67188888e-05  0.00000000e+00 
 5.68188888e-05  2.36964907e-01  5.68188888e-05  4.85655753e-01  5.68188888e-05  1.88668524e-06  5.68188888e-05  6.35144287e-07  5.68188888e-05 -1.13154749e-05  5.68188888e-05  0.00000000e+00  5.68188888e-05  0.00000000e+00 
 5.69188888e-05  2.36909619e-01  5.69188888e-05  4.85575442e-01  5.69188888e-05  1.74637674e-06  5.69188888e-05 -6.34427501e-07  5.69188888e-05  1.13288462e-05  5.69188888e-05  0.00000000e+00  5.69188888e-05  0.00000000e+00 
 5.70188888e-05  2.36854751e-01  5.70188888e-05  4.85655332e-01  5.70188888e-05  1.88668441e-06  5.70188888e-05  6.35171149e-07  5.70188888e-05 -1.13154511e-05  5.70188888e-05  0.00000000e+00  5.70188888e-05  0.00000000e+00 
 5.71188888e-05  2.36799473e-01  5.71188888e-05  4.85575934e-01  5.71188888e-05  1.74637758e-06  5.71188888e-05 -6.34453133e-07  5.71188888e-05  1.13288206e-05  5.71188888e-05  0.00000000e+00  5.71188888e-05  0.00000000e+00 
 5.72188888e-05  2.36744611e-01  5.72188888e-05  4.85654785e-01  5.72188888e-05  1.88668358e-06  5.72188888e-05  6.35195642e-07  5.72188888e-05 -1.13154272e-05  5.72188888e-05  0.00000000e+00  5.72188888e-05  0.00000000e+00 
 5.73188888e-05  2.36689344e-01  5.73188888e-05  4.85576522e-01  5.73188888e-05  1.74637841e-06  5.73188888e-05 -6.34476559e-07  5.73188888e-05  1.13287950e-05  5.73188888e-05  0.00000000e+00  5.73188888e-05  0.00000000e+00 
 5.74188888e-05  2.36634487e-01  5.74188888e-05  4.85654167e-01  5.74188888e-05  1.88668276e-06  5.74188888e-05  6.35218069e-07  5.74188888e-05 -1.13154033e-05  5.74188888e-05  0.00000000e+00  5.74188888e-05  0.00000000e+00 
 5.75188888e-05  2.36579231e-01  5.75188888e-05  4.85577161e-01  5.75188888e-05  1.74637922e-06  5.75188888e-05 -6.34498044e-07  5.75188888e-05  1.13287692e-05  5.75188888e-05  0.00000000e+00  5.75188888e-05  0.00000000e+00 
 5.76188888e-05  2.36524380e-01  5.76188888e-05  4.85653513e-01  5.76188888e-05  1.88668195e-06  5.76188888e-05  6.35238667e-07  5.76188888e-05 -1.13153793e-05  5.76188888e-05  0.00000000e+00  5.76188888e-05  0.00000000e+00 
 5.77188888e-05  2.36469135e-01  5.77188888e-05  4.85577823e-01  5.77188888e-05  1.74638002e-06  5.77188888e-05 -6.34517799e-07  5.77188888e-05  1.13287434e-05  5.77188888e-05  0.00000000e+00  5.77188888e-05  0.00000000e+00 
 5.78188888e-05  2.36414290e-01  5.78188888e-05  4.85652847e-01  5.78188888e-05  1.88668117e-06  5.78188888e-05  6.35257622e-07  5.78188888e-05 -1.13153553e-05  5.78188888e-05  0.00000000e+00  5.78188888e-05  0.00000000e+00 
 5.79188888e-05  2.36359055e-01  5.79188888e-05  4.85578490e-01  5.79188888e-05  1.74638079e-06  5.79188888e-05 -6.34535990e-07  5.79188888e-05  1.13287176e-05  5.79188888e-05  0.00000000e+00  5.79188888e-05  0.00000000e+00 
 5.80188888e-05  2.36304216e-01  5.80188888e-05  4.85652182e-01  5.80188888e-05  1.88668040e-06  5.80188888e-05  6.35275087e-07  5.80188888e-05 -1.13153311e-05  5.80188888e-05  0.00000000e+00  5.80188888e-05  0.00000000e+00 
 5.81188888e-05  2.36248993e-01  5.81188888e-05  4.85579150e-01  5.81188888e-05  1.74638154e-06  5.81188888e-05 -6.34552757e-07  5.81188888e-05  1.13286917e-05  5.81188888e-05  0.00000000e+00  5.81188888e-05  0.00000000e+00 
 5.82188888e-05  2.36194159e-01  5.82188888e-05  4.85651528e-01  5.82188888e-05  1.88667967e-06  5.82188888e-05  6.35291187e-07  5.82188888e-05 -1.13153070e-05  5.82188888e-05  0.00000000e+00  5.82188888e-05  0.00000000e+00 
 5.83188888e-05  2.36138947e-01  5.83188888e-05  4.85579796e-01  5.83188888e-05  1.74638227e-06  5.83188888e-05 -6.34568216e-07  5.83188888e-05  1.13286657e-05  5.83188888e-05  0.00000000e+00  5.83188888e-05  0.00000000e+00 
 5.84188888e-05  2.36084118e-01  5.84188888e-05  4.85650891e-01  5.84188888e-05  1.88667895e-06  5.84188888e-05  6.35306034e-07  5.84188888e-05 -1.13152827e-05  5.84188888e-05  0.00000000e+00  5.84188888e-05  0.00000000e+00 
 5.85188888e-05  2.36028917e-01  5.85188888e-05  4.85580423e-01  5.85188888e-05  1.74638297e-06  5.85188888e-05 -6.34582470e-07  5.85188888e-05  1.13286397e-05  5.85188888e-05  0.00000000e+00  5.85188888e-05  0.00000000e+00 
 5.86188888e-05  2.35974095e-01  5.86188888e-05  4.85650275e-01  5.86188888e-05  1.88667827e-06  5.86188888e-05  6.35319721e-07  5.86188888e-05 -1.13152585e-05  5.86188888e-05  0.00000000e+00  5.86188888e-05  0.00000000e+00 
 5.87188888e-05  2.35918904e-01  5.87188888e-05  4.85581028e-01  5.87188888e-05  1.74638364e-06  5.87188888e-05 -6.34595608e-07  5.87188888e-05  1.13286136e-05  5.87188888e-05  0.00000000e+00  5.87188888e-05  0.00000000e+00 
 5.88188888e-05  2.35864087e-01  5.88188888e-05  4.85649680e-01  5.88188888e-05  1.88667760e-06  5.88188888e-05  6.35332332e-07  5.88188888e-05 -1.13152341e-05  5.88188888e-05  0.00000000e+00  5.88188888e-05  0.00000000e+00 
 5.89188888e-05  2.35808908e-01  5.89188888e-05  4.85581611e-01  5.89188888e-05  1.74638429e-06  5.89188888e-05 -6.34607709e-07  5.89188888e-05  1.13285875e-05  5.89188888e-05  0.00000000e+00  5.89188888e-05  0.00000000e+00 
 5.90188888e-05  2.35754097e-01  5.90188888e-05  4.85649109e-01  5.90188888e-05  1.88667697e-06  5.90188888e-05  6.35343944e-07  5.90188888e-05 -1.13152097e-05  5.90188888e-05  0.00000000e+00  5.90188888e-05  0.00000000e+00 
 5.91188888e-05  2.35698929e-01  5.91188888e-05  4.85582170e-01  5.91188888e-05  1.74638492e-06  5.91188888e-05 -6.34618846e-07  5.91188888e-05  1.13285613e-05  5.91188888e-05  0.00000000e+00  5.91188888e-05  0.00000000e+00 
 5.92188888e-05  2.35644123e-01  5.92188888e-05  4.85648562e-01  5.92188888e-05  1.88667635e-06  5.92188888e-05  6.35354623e-07  5.92188888e-05 -1.13151852e-05  5.92188888e-05  0.00000000e+00  5.92188888e-05  0.00000000e+00 
 5.93188888e-05  2.35588966e-01  5.93188888e-05  4.85582706e-01  5.93188888e-05  1.74638553e-06  5.93188888e-05 -6.34629082e-07  5.93188888e-05  1.13285350e-05  5.93188888e-05  0.00000000e+00  5.93188888e-05  0.00000000e+00 
 5.94188888e-05  2.35534166e-01  5.94188888e-05  4.85648037e-01  5.94188888e-05  1.88667576e-06  5.94188888e-05  6.35364434e-07  5.94188888e-05 -1.13151607e-05  5.94188888e-05  0.00000000e+00  5.94188888e-05  0.00000000e+00 
 5.95188888e-05  2.35479020e-01  5.95188888e-05  4.85583218e-01  5.95188888e-05  1.74638611e-06  5.95188888e-05 -6.34638478e-07  5.95188888e-05  1.13285087e-05  5.95188888e-05  0.00000000e+00  5.95188888e-05  0.00000000e+00 
 5.96188888e-05  2.35424225e-01  5.96188888e-05  4.85647536e-01  5.96188888e-05  1.88667518e-06  5.96188888e-05  6.35373432e-07  5.96188888e-05 -1.13151362e-05  5.96188888e-05  0.00000000e+00  5.96188888e-05  0.00000000e+00 
 5.97188888e-05  2.35369090e-01  5.97188888e-05  4.85583708e-01  5.97188888e-05  1.74638667e-06  5.97188888e-05 -6.34647089e-07  5.97188888e-05  1.13284824e-05  5.97188888e-05  0.00000000e+00  5.97188888e-05  0.00000000e+00 
 5.98188888e-05  2.35314301e-01  5.98188888e-05  4.85647057e-01  5.98188888e-05  1.88667463e-06  5.98188888e-05  6.35381670e-07  5.98188888e-05 -1.13151116e-05  5.98188888e-05  0.00000000e+00  5.98188888e-05  0.00000000e+00 
 5.99188888e-05  2.35259177e-01  5.99188888e-05  4.85584176e-01  5.99188888e-05  1.74638721e-06  5.99188888e-05 -6.34654964e-07  5.99188888e-05  1.13284560e-05  5.99188888e-05  0.00000000e+00  5.99188888e-05  0.00000000e+00 
 6.00188888e-05  2.35204394e-01  6.00188888e-05  4.85646600e-01  6.00188888e-05  1.88667410e-06  6.00188888e-05  6.35389198e-07  6.00188888e-05 -1.13150869e-05  6.00188888e-05  0.00000000e+00  6.00188888e-05  0.00000000e+00 
 6.01188888e-05  2.35149281e-01  6.01188888e-05  4.85584622e-01  6.01188888e-05  1.74638774e-06  6.01188888e-05 -6.34662152e-07  6.01188888e-05  1.13284295e-05  6.01188888e-05  0.00000000e+00  6.01188888e-05  0.00000000e+00 
 6.02188888e-05  2.35094503e-01  6.02188888e-05  4.85646164e-01  6.02188888e-05  1.88667358e-06  6.02188888e-05  6.35396059e-07  6.02188888e-05 -1.13150622e-05  6.02188888e-05  0.00000000e+00  6.02188888e-05  0.00000000e+00 
 6.03188888e-05  2.35039401e-01  6.03188888e-05  4.85585048e-01  6.03188888e-05  1.74638825e-06  6.03188888e-05 -6.34668695e-07  6.03188888e-05  1.13284030e-05  6.03188888e-05  0.00000000e+00  6.03188888e-05  0.00000000e+00 
 6.04188888e-05  2.34984629e-01  6.04188888e-05  4.85645748e-01  6.04188888e-05  1.88667308e-06  6.04188888e-05  6.35402296e-07  6.04188888e-05 -1.13150374e-05  6.04188888e-05  0.00000000e+00  6.04188888e-05  0.00000000e+00 
 6.05188888e-05  2.34929538e-01  6.05188888e-05  4.85585454e-01  6.05188888e-05  1.74638874e-06  6.05188888e-05 -6.34674633e-07  6.05188888e-05  1.13283765e-05  6.05188888e-05  0.00000000e+00  6.05188888e-05  0.00000000e+00 
 6.06188888e-05  2.34874771e-01  6.06188888e-05  4.85645352e-01  6.06188888e-05  1.88667260e-06  6.06188888e-05  6.35407947e-07  6.06188888e-05 -1.13150126e-05  6.06188888e-05  0.00000000e+00  6.06188888e-05  0.00000000e+00 
 6.07188888e-05  2.34819691e-01  6.07188888e-05  4.85585840e-01  6.07188888e-05  1.74638921e-06  6.07188888e-05 -6.34680004e-07  6.07188888e-05  1.13283499e-05  6.07188888e-05  0.00000000e+00  6.07188888e-05  0.00000000e+00 
 6.08188888e-05  2.34764931e-01  6.08188888e-05  4.85644974e-01  6.08188888e-05  1.88667214e-06  6.08188888e-05  6.35413050e-07  6.08188888e-05 -1.13149878e-05  6.08188888e-05  0.00000000e+00  6.08188888e-05  0.00000000e+00 
 6.09188888e-05  2.34709861e-01  6.09188888e-05  4.85586209e-01  6.09188888e-05  1.74638967e-06  6.09188888e-05 -6.34684844e-07  6.09188888e-05  1.13283233e-05  6.09188888e-05  0.00000000e+00  6.09188888e-05  0.00000000e+00 
 6.10188888e-05  2.34655107e-01  6.10188888e-05  4.85644614e-01  6.10188888e-05  1.88667168e-06  6.10188888e-05  6.35417637e-07  6.10188888e-05 -1.13149629e-05  6.10188888e-05  0.00000000e+00  6.10188888e-05  0.00000000e+00 
 6.11188888e-05  2.34600048e-01  6.11188888e-05  4.85586560e-01  6.11188888e-05  1.74639011e-06  6.11188888e-05 -6.34689184e-07  6.11188888e-05  1.13282966e-05  6.11188888e-05  0.00000000e+00  6.11188888e-05  0.00000000e+00 
 6.12188888e-05  2.34545299e-01  6.12188888e-05  4.85644271e-01  6.12188888e-05  1.88667125e-06  6.12188888e-05  6.35421741e-07  6.12188888e-05 -1.13149380e-05  6.12188888e-05  0.00000000e+00  6.12188888e-05  0.00000000e+00 
 6.13188888e-05  2.34490251e-01  6.13188888e-05  4.85586894e-01  6.13188888e-05  1.74639054e-06  6.13188888e-05 -6.34693055e-07  6.13188888e-05  1.13282699e-05  6.13188888e-05  0.00000000e+00  6.13188888e-05  0.00000000e+00 
 6.14188888e-05  2.34435508e-01  6.14188888e-05  4.85643946e-01  6.14188888e-05  1.88667083e-06  6.14188888e-05  6.35425390e-07  6.14188888e-05 -1.13149130e-05  6.14188888e-05  0.00000000e+00  6.14188888e-05  0.00000000e+00 
 6.15188888e-05  2.34380471e-01  6.15188888e-05  4.85587212e-01  6.15188888e-05  1.74639095e-06  6.15188888e-05 -6.34696487e-07  6.15188888e-05  1.13282431e-05  6.15188888e-05  0.00000000e+00  6.15188888e-05  0.00000000e+00 
 6.16188888e-05  2.34325734e-01  6.16188888e-05  4.85643635e-01  6.16188888e-05  1.88667042e-06  6.16188888e-05  6.35428612e-07  6.16188888e-05 -1.13148880e-05  6.16188888e-05  0.00000000e+00  6.16188888e-05  0.00000000e+00 
 6.17188888e-05  2.34270708e-01  6.17188888e-05  4.85587515e-01  6.17188888e-05  1.74639136e-06  6.17188888e-05 -6.34699504e-07  6.17188888e-05  1.13282163e-05  6.17188888e-05  0.00000000e+00  6.17188888e-05  0.00000000e+00 
 6.18188888e-05  2.34215977e-01  6.18188888e-05  4.85643340e-01  6.18188888e-05  1.88667002e-06  6.18188888e-05  6.35431434e-07  6.18188888e-05 -1.13148630e-05  6.18188888e-05  0.00000000e+00  6.18188888e-05  0.00000000e+00 
 6.19188888e-05  2.34160961e-01  6.19188888e-05  4.85587803e-01  6.19188888e-05  1.74639175e-06  6.19188888e-05 -6.34702133e-07  6.19188888e-05  1.13281895e-05  6.19188888e-05  0.00000000e+00  6.19188888e-05  0.00000000e+00 
 6.20188888e-05  2.34106236e-01  6.20188888e-05  4.85643059e-01  6.20188888e-05  1.88666963e-06  6.20188888e-05  6.35433879e-07  6.20188888e-05 -1.13148379e-05  6.20188888e-05  0.00000000e+00  6.20188888e-05  0.00000000e+00 
 6.21188888e-05  2.34051230e-01  6.21188888e-05  4.85588076e-01  6.21188888e-05  1.74639213e-06  6.21188888e-05 -6.34704397e-07  6.21188888e-05  1.13281627e-05  6.21188888e-05  0.00000000e+00  6.21188888e-05  0.00000000e+00 
 6.22188888e-05  2.33996512e-01  6.22188888e-05  4.85642792e-01  6.22188888e-05  1.88666926e-06  6.22188888e-05  6.35435970e-07  6.22188888e-05 -1.13148128e-05  6.22188888e-05  0.00000000e+00  6.22188888e-05  0.00000000e+00 
 6.23188888e-05  2.33941517e-01  6.23188888e-05  4.85588337e-01  6.23188888e-05  1.74639250e-06  6.23188888e-05 -6.34706317e-07  6.23188888e-05  1.13281358e-05  6.23188888e-05  0.00000000e+00  6.23188888e-05  0.00000000e+00 
 6.24188888e-05  2.33886804e-01  6.24188888e-05  4.85642538e-01  6.24188888e-05  1.88666889e-06  6.24188888e-05  6.35437727e-07  6.24188888e-05 -1.13147877e-05  6.24188888e-05  0.00000000e+00  6.24188888e-05  0.00000000e+00 
 6.25188888e-05  2.33831819e-01  6.25188888e-05  4.85588584e-01  6.25188888e-05  1.74639286e-06  6.25188888e-05 -6.34707915e-07  6.25188888e-05  1.13281088e-05  6.25188888e-05  0.00000000e+00  6.25188888e-05  0.00000000e+00 
 6.26188888e-05  2.33777114e-01  6.26188888e-05  4.85642297e-01  6.26188888e-05  1.88666854e-06  6.26188888e-05  6.35439172e-07  6.26188888e-05 -1.13147625e-05  6.26188888e-05  0.00000000e+00  6.26188888e-05  0.00000000e+00 
 6.27188888e-05  2.33722139e-01  6.27188888e-05  4.85588819e-01  6.27188888e-05  1.74639321e-06  6.27188888e-05 -6.34709208e-07  6.27188888e-05  1.13280819e-05  6.27188888e-05  0.00000000e+00  6.27188888e-05  0.00000000e+00 
 6.28188888e-05  2.33667439e-01  6.28188888e-05  4.85642068e-01  6.28188888e-05  1.88666819e-06  6.28188888e-05  6.35440321e-07  6.28188888e-05 -1.13147373e-05  6.28188888e-05  0.00000000e+00  6.28188888e-05  0.00000000e+00 
 6.29188888e-05  2.33612475e-01  6.29188888e-05  4.85589042e-01  6.29188888e-05  1.74639355e-06  6.29188888e-05 -6.34710216e-07  6.29188888e-05  1.13280549e-05  6.29188888e-05  0.00000000e+00  6.29188888e-05  0.00000000e+00 
 6.30188888e-05  2.33557782e-01  6.30188888e-05  4.85641850e-01  6.30188888e-05  1.88666785e-06  6.30188888e-05  6.35441194e-07  6.30188888e-05 -1.13147120e-05  6.30188888e-05  0.00000000e+00  6.30188888e-05  0.00000000e+00 
 6.31188888e-05  2.33502827e-01  6.31188888e-05  4.85589255e-01  6.31188888e-05  1.74639389e-06  6.31188888e-05 -6.34710954e-07  6.31188888e-05  1.13280279e-05  6.31188888e-05  0.00000000e+00  6.31188888e-05  0.00000000e+00 
 6.32188888e-05  2.33448141e-01  6.32188888e-05  4.85641643e-01  6.32188888e-05  1.88666752e-06  6.32188888e-05  6.35441805e-07  6.32188888e-05 -1.13146867e-05  6.32188888e-05  0.00000000e+00  6.32188888e-05  0.00000000e+00 
 6.33188888e-05  2.33393197e-01  6.33188888e-05  4.85589456e-01  6.33188888e-05  1.74639421e-06  6.33188888e-05 -6.34711440e-07  6.33188888e-05  1.13280008e-05  6.33188888e-05  0.00000000e+00  6.33188888e-05  0.00000000e+00 
 6.34188888e-05  2.33338516e-01  6.34188888e-05  4.85641446e-01  6.34188888e-05  1.88666720e-06  6.34188888e-05  6.35442172e-07  6.34188888e-05 -1.13146614e-05  6.34188888e-05  0.00000000e+00  6.34188888e-05  0.00000000e+00 
 6.35188888e-05  2.33283582e-01  6.35188888e-05  4.85589647e-01  6.35188888e-05  1.74639453e-06  6.35188888e-05 -6.34711687e-07  6.35188888e-05  1.13279737e-05  6.35188888e-05  0.00000000e+00  6.35188888e-05  0.00000000e+00 
 6.36188888e-05  2.33228909e-01  6.36188888e-05  4.85641260e-01  6.36188888e-05  1.88666689e-06  6.36188888e-05  6.35442306e-07  6.36188888e-05 -1.13146361e-05  6.36188888e-05  0.00000000e+00  6.36188888e-05  0.00000000e+00 
 6.37188888e-05  2.33173985e-01  6.37188888e-05  4.85589829e-01  6.37188888e-05  1.74639484e-06  6.37188888e-05 -6.34711711e-07  6.37188888e-05  1.13279466e-05  6.37188888e-05  0.00000000e+00  6.37188888e-05  0.00000000e+00 
 6.38188888e-05  2.33119318e-01  6.38188888e-05  4.85641083e-01  6.38188888e-05  1.88666658e-06  6.38188888e-05  6.35442224e-07  6.38188888e-05 -1.13146108e-05  6.38188888e-05  0.00000000e+00  6.38188888e-05  0.00000000e+00 
 6.39188888e-05  2.33064404e-01  6.39188888e-05  4.85590001e-01  6.39188888e-05  1.74639514e-06  6.39188888e-05 -6.34711523e-07  6.39188888e-05  1.13279195e-05  6.39188888e-05  0.00000000e+00  6.39188888e-05  0.00000000e+00 
 6.40188888e-05  2.33009743e-01  6.40188888e-05  4.85640915e-01  6.40188888e-05  1.88666628e-06  6.40188888e-05  6.35441936e-07  6.40188888e-05 -1.13145854e-05  6.40188888e-05  0.00000000e+00  6.40188888e-05  0.00000000e+00 
 6.41188888e-05  2.32954839e-01  6.41188888e-05  4.85590165e-01  6.41188888e-05  1.74639544e-06  6.41188888e-05 -6.34711136e-07  6.41188888e-05  1.13278923e-05  6.41188888e-05  0.00000000e+00  6.41188888e-05  0.00000000e+00 
 6.42188888e-05  2.32900186e-01  6.42188888e-05  4.85640756e-01  6.42188888e-05  1.88666599e-06  6.42188888e-05  6.35441456e-07  6.42188888e-05 -1.13145600e-05  6.42188888e-05  0.00000000e+00  6.42188888e-05  0.00000000e+00 
 6.43188888e-05  2.32845291e-01  6.43188888e-05  4.85590320e-01  6.43188888e-05  1.74639573e-06  6.43188888e-05 -6.34710562e-07  6.43188888e-05  1.13278652e-05  6.43188888e-05  0.00000000e+00  6.43188888e-05  0.00000000e+00 
 6.44188888e-05  2.32790644e-01  6.44188888e-05  4.85640605e-01  6.44188888e-05  1.88666570e-06  6.44188888e-05  6.35440793e-07  6.44188888e-05 -1.13145345e-05  6.44188888e-05  0.00000000e+00  6.44188888e-05  0.00000000e+00 
 6.45188888e-05  2.32735760e-01  6.45188888e-05  4.85590467e-01  6.45188888e-05  1.74639601e-06  6.45188888e-05 -6.34709811e-07  6.45188888e-05  1.13278379e-05  6.45188888e-05  0.00000000e+00  6.45188888e-05  0.00000000e+00 
 6.46188888e-05  2.32681120e-01  6.46188888e-05  4.85640462e-01  6.46188888e-05  1.88666542e-06  6.46188888e-05  6.35439960e-07  6.46188888e-05 -1.13145091e-05  6.46188888e-05  0.00000000e+00  6.46188888e-05  0.00000000e+00 
 6.47188888e-05  2.32626245e-01  6.47188888e-05  4.85590606e-01  6.47188888e-05  1.74639629e-06  6.47188888e-05 -6.34708894e-07  6.47188888e-05  1.13278107e-05  6.47188888e-05  0.00000000e+00  6.47188888e-05  0.00000000e+00 
 6.48188888e-05  2.32571612e-01  6.48188888e-05  4.85640326e-01  6.48188888e-05  1.88666514e-06  6.48188888e-05  6.35438965e-07  6.48188888e-05 -1.13144836e-05  6.48188888e-05  0.00000000e+00  6.48188888e-05  0.00000000e+00 
 6.49094444e-05  2.32521917e-01  6.49094444e-05  4.85590744e-01  6.49094444e-05  1.74639658e-06  6.49094444e-05 -6.34707761e-07  6.49094444e-05  1.13277821e-05  6.49094444e-05  0.00000000e+00  6.49094444e-05  0.00000000e+00 
 6.50000000e-05  2.32472461e-01  6.50000000e-05  4.85640185e-01  6.50000000e-05  1.88666484e-06  6.50000000e-05  6.35437690e-07  6.50000000e-05 -1.13144552e-05  6.50000000e-05  0.00000000e+00  6.50000000e-05  0.00000000e+00 
 6.50000010e-05  2.32475474e-01  6.50000010e-05  4.86516022e-01  6.50000010e-05  1.61425271e-06  6.50000010e-05  2.71018588e-06  6.50000010e-05 -1.03601723e-06  6.50000010e-05  1.20000000e-01  6.50000010e-05  0.00000000e+00 
 6.50000030e-05  2.32481857e-01  6.50000030e-05  4.88285683e-01  6.50000030e-05  1.59728302e-06  6.50000030e-05  2.62593644e-06  6.50000030e-05 -3.01071199e-07  6.50000030e-05  3.60000000e-01  6.50000030e-05  0.00000000e+00 
 6.50000065e-05  2.32492173e-01  6.50000065e-05  4.90962683e-01  6.50000065e-05  1.66298288e-06  6.50000065e-05  8.40523663e-07  6.50000065e-05 -7.91244247e-07  6.50000065e-05  7.80000000e-01  6.50000065e-05  0.00000000e+00 
 6.50000100e-05  2.32499576e-01  6.50000100e-05  4.92689853e-01  6.50000100e-05  1.71926281e-06  6.50000100e-05 -6.17825074e-07  6.50000100e-05  6.34119888e-08  6.50000100e-05  1.20000000e+00  6.50000100e-05  0.00000000e+00 
 6.50000107e-05  2.32499188e-01  6.50000107e-05  4.92471818e-01  6.50000107e-05  1.87326331e-06  6.50000107e-05 -2.93477047e-06  6.50000107e-05  2.37179857e-07  6.50000107e-05  1.20000000e+00  6.50000107e-05  0.00000000e+00 
 6.50000121e-05  2.32498200e-01  6.50000121e-05  4.92034997e-01  6.50000121e-05  1.88702440e-06  6.50000121e-05 -3.21898193e-06  6.50000121e-05  2.61478646e-07  6.50000121e-05  1.20000000e+00  6.50000121e-05  0.00000000e+00 
 6.50000149e-05  2.32496150e-01  6.50000149e-05  4.91257154e-01  6.50000149e-05  1.86117632e-06  6.50000149e-05 -2.44287753e-06  6.50000149e-05  1.86411162e-07  6.50000149e-05  1.20000000e+00  6.50000149e-05  0.00000000e+00 
 6.50000205e-05  2.32491997e-01  6.50000205e-05  4.89907388e-01  6.50000205e-05  1.87297200e-06  6.50000205e-05 -2.12262752e-06  6.50000205e-05  1.96985365e-07  6.50000205e-05  1.20000000e+00  6.50000205e-05  0.00000000e+00 
 6.50000317e-05  2.32482140e-01  6.50000317e-05  4.87195250e-01  6.50000317e-05  1.86921053e-06  6.50000317e-05 -7.31409869e-07  6.50000317e-05  1.79991428e-07  6.50000317e-05  1.20000000e+00  6.50000317e-05  0.00000000e+00 
 6.50000541e-05  2.32441065e-01  6.50000541e-05  4.75625036e-01  6.50000541e-05  2.02148369e-06  6.50000541e-05  3.25989290e-07  6.50000541e-05  5.92555480e-07  6.50000541e-05  1.20000000e+00  6.50000541e-05  0.00000000e+00 
 6.50000869e-05  2.32389363e-01  6.50000869e-05  4.56012353e-01  6.50000869e-05  1.94120859e-06  6.50000869e-05  4.67630177e-06  6.50000869e-05  2.95457347e-07  6.50000869e-05  1.20000000e+00  6.50000869e-05  0.00000000e+00 
 6.50001189e-05  2.32398563e-01  6.50001189e-05  4.44910364e-01  6.50001189e-05  1.91951520e-06  6.50001189e-05  2.96528452e-06  6.50001189e-05  2.13860336e-07  6.50001189e-05  1.20000000e+00  6.50001189e-05  0.00000000e+00 
 6.50001829e-05  2.32480047e-01  6.50001829e-05  4.30705218e-01  6.50001829e-05  1.87560434e-06  6.50001829e-05  2.38721380e-06  6.50001829e-05  1.14016579e-07  6.50001829e-05  1.20000000e+00  6.50001829e-05  0.00000000e+00 
 6.50002523e-05  2.32576505e-01  6.50002523e-05  4.21692313e-01  6.50002523e-05  1.86098497e-06  6.50002523e-05  1.23998026e-06  6.50002523e-05  7.51473593e-08  6.50002523e-05  1.20000000e+00  6.50002523e-05  0.00000000e+00 
 6.50003675e-05  2.32696402e-01  6.50003675e-05  4.14110819e-01  6.50003675e-05  1.82712832e-06  6.50003675e-05  1.58428920e-06  6.50003675e-05  1.51118118e-08  6.50003675e-05  1.20000000e+00  6.50003675e-05  0.00000000e+00 
 6.50005619e-05  2.32823968e-01  6.50005619e-05  4.12649165e-01  6.50005619e-05  1.81392175e-06  6.50005619e-05  6.59583179e-07  6.50005619e-05 -1.48135318e-08  6.50005619e-05  1.20000000e+00  6.50005619e-05  0.00000000e+00 
 6.50009508e-05  2.32950242e-01  6.50009508e-05  4.20461183e-01  6.50009508e-05  1.80034897e-06  6.50009508e-05  1.13037283e-06  6.50009508e-05 -2.49689152e-08  6.50009508e-05  1.20000000e+00  6.50009508e-05  0.00000000e+00 
 6.50015650e-05  2.33036336e-01  6.50015650e-05  4.34030216e-01  6.50015650e-05  1.81084772e-06  6.50015650e-05  3.19354202e-07  6.50015650e-05 -9.80057716e-09  6.50015650e-05  1.20000000e+00  6.50015650e-05  0.00000000e+00 
 6.50025824e-05  2.33110876e-01  6.50025824e-05  4.47815888e-01  6.50025824e-05  1.80953528e-06  6.50025824e-05  8.90815592e-07  6.50025824e-05 -4.86163192e-10  6.50025824e-05  1.20000000e+00  6.50025824e-05  0.00000000e+00 
 6.50044331e-05  2.33210471e-01  6.50044331e-05  4.61671135e-01  6.50044331e-05  1.81809599e-06  6.50044331e-05  1.88245945e-07  6.50044331e-05  7.31316368e-09  6.50044331e-05  1.20000000e+00  6.50044331e-05  0.00000000e+00 
 6.50081344e-05  2.33395237e-01  6.50081344e-05  4.75484598e-01  6.50081344e-05  1.81313836e-06  6.50081344e-05  8.78185717e-07  6.50081344e-05  5.73441269e-09  6.50081344e-05  1.20000000e+00  6.50081344e-05  0.00000000e+00 
 6.50155371e-05  2.33766018e-01  6.50155371e-05  4.84231715e-01  6.50155371e-05  1.81984863e-06  6.50155371e-05  1.97903068e-07  6.50155371e-05  7.86022806e-09  6.50155371e-05  1.20000000e+00  6.50155371e-05  0.00000000e+00 
 6.50290223e-05  2.34430472e-01  6.50290223e-05  4.85791012e-01  6.50290223e-05  1.81344405e-06  6.50290223e-05  8.74708333e-07  6.50290223e-05  5.46221874e-09  6.50290223e-05  1.20000000e+00  6.50290223e-05  0.00000000e+00 
 6.50489268e-05  2.35400501e-01  6.50489268e-05  4.85569898e-01  6.50489268e-05  1.81963053e-06  6.50489268e-05  1.99452971e-07  6.50489268e-05  7.89554225e-09  6.50489268e-05  1.20000000e+00  6.50489268e-05  0.00000000e+00 
 6.50861639e-05  2.37202227e-01  6.50861639e-05  4.85638888e-01  6.50861639e-05  1.81342735e-06  6.50861639e-05  8.74248949e-07  6.50861639e-05  5.47404312e-09  6.50861639e-05  1.20000000e+00  6.50861639e-05  0.00000000e+00 
 6.51606381e-05  2.40794172e-01  6.51606381e-05  4.85606321e-01  6.51606381e-05  1.81963514e-06  6.51606381e-05  1.99830865e-07  6.51606381e-05  7.94317395e-09  6.51606381e-05  1.20000000e+00  6.51606381e-05  0.00000000e+00 
 6.52606381e-05  2.45617152e-01  6.52606381e-05  4.85622995e-01  6.52606381e-05  1.81342561e-06  6.52606381e-05  8.74358095e-07  6.52606381e-05  5.53954410e-09  6.52606381e-05  1.20000000e+00  6.52606381e-05  0.00000000e+00 
 6.53606381e-05  2.50440776e-01  6.53606381e-05  4.85617624e-01  6.53606381e-05  1.81963624e-06  6.53606381e-05  2.00183192e-07  6.53606381e-05  8.02209193e-09  6.53606381e-05  1.20000000e+00  6.53606381e-05  0.00000000e+00 
 6.54606381e-05  2.55265569e-01  6.54606381e-05  4.85613158e-01  6.54606381e-05  1.81342479e-06  6.54606381e-05  8.74524829e-07  6.54606381e-05  5.61538342e-09  6.54606381e-05  1.20000000e+00  6.54606381e-05  0.00000000e+00 
 6.55606381e-05  2.60090713e-01  6.55606381e-05  4.85626136e-01  6.55606381e-05  1.81963683e-06  6.55606381e-05  2.00524343e-07  6.55606381e-05  8.10042829e-09  6.55606381e-05  1.20000000e+00  6.55606381e-05  0.00000000e+00 
 6.56606381e-05  2.64917129e-01  6.56606381e-05  4.85605710e-01  6.56606381e-05  1.81342440e-06  6.56606381e-05  8.74697705e-07  6.56606381e-05  5.69139662e-09  6.56606381e-05  1.20000000e+00  6.56606381e-05  0.00000000e+00 
 6.57606381e-05  2.69743830e-01  6.57606381e-05  4.85632635e-01  6.57606381e-05  1.81963704e-06  6.57606381e-05  2.00854258e-07  6.57606381e-05  8.17820749e-09  6.57606381e-05  1.20000000e+00  6.57606381e-05  0.00000000e+00 
 6.58606381e-05  2.74571820e-01  6.58606381e-05  4.85599995e-01  6.58606381e-05  1.81342435e-06  6.58606381e-05  8.74876444e-07  6.58606381e-05  5.76756167e-09  6.58606381e-05  1.20000000e+00  6.58606381e-05  0.00000000e+00 
 6.59606381e-05  2.79400069e-01  6.59606381e-05  4.85637668e-01  6.59606381e-05  1.81963696e-06  6.59606381e-05  2.01174158e-07  6.59606381e-05  8.25545075e-09  6.59606381e-05  1.20000000e+00  6.59606381e-05  0.00000000e+00 
 6.60606381e-05  2.84229606e-01  6.60606381e-05  4.85595550e-01  6.60606381e-05  1.81342455e-06  6.60606381e-05  8.75060650e-07  6.60606381e-05  5.84384930e-09  6.60606381e-05  1.20000000e+00  6.60606381e-05  0.00000000e+00 
 6.61606381e-05  2.89059387e-01  6.61606381e-05  4.85641620e-01  6.61606381e-05  1.81963666e-06  6.61606381e-05  2.01485040e-07  6.61606381e-05  8.33217632e-09  6.61606381e-05  1.20000000e+00  6.61606381e-05  0.00000000e+00 
 6.62606381e-05  2.93890448e-01  6.62606381e-05  4.85592049e-01  6.62606381e-05  1.81342494e-06  6.62606381e-05  8.75249890e-07  6.62606381e-05  5.92022646e-09  6.62606381e-05  1.20000000e+00  6.62606381e-05  0.00000000e+00 
 6.63606381e-05  2.98721747e-01  6.63606381e-05  4.85644767e-01  6.63606381e-05  1.81963619e-06  6.63606381e-05  2.01787739e-07  6.63606381e-05  8.40840001e-09  6.63606381e-05  1.20000000e+00  6.63606381e-05  0.00000000e+00 
 6.64606381e-05  3.03554312e-01  6.64606381e-05  4.85589261e-01  6.64606381e-05  1.81342548e-06  6.64606381e-05  8.75443722e-07  6.64606381e-05  5.99665864e-09  6.64606381e-05  1.20000000e+00  6.64606381e-05  0.00000000e+00 
 6.65606381e-05  3.08387114e-01  6.65606381e-05  4.85647302e-01  6.65606381e-05  1.81963559e-06  6.65606381e-05  2.02082968e-07  6.65606381e-05  8.48413565e-09  6.65606381e-05  1.20000000e+00  6.65606381e-05  0.00000000e+00 
 6.66606381e-05  3.13221161e-01  6.66606381e-05  4.85587021e-01  6.66606381e-05  1.81342613e-06  6.66606381e-05  8.75641704e-07  6.66606381e-05  6.07311126e-09  6.66606381e-05  1.20000000e+00  6.66606381e-05  0.00000000e+00 
 6.67606381e-05  3.18055452e-01  6.67606381e-05  4.85649369e-01  6.67606381e-05  1.81963490e-06  6.67606381e-05  2.02371350e-07  6.67606381e-05  8.55939544e-09  6.67606381e-05  1.20000000e+00  6.67606381e-05  0.00000000e+00 
 6.68606381e-05  3.22890959e-01  6.68606381e-05  4.85585211e-01  6.68606381e-05  1.81342687e-06  6.68606381e-05  8.75843406e-07  6.68606381e-05  6.14955060e-09  6.68606381e-05  1.20000000e+00  6.68606381e-05  0.00000000e+00 
 6.69606381e-05  3.27726723e-01  6.69606381e-05  4.85651068e-01  6.69606381e-05  1.81963412e-06  6.69606381e-05  2.02653444e-07  6.69606381e-05  8.63419034e-09  6.69606381e-05  1.20000000e+00  6.69606381e-05  0.00000000e+00 
 6.70606381e-05  3.32563667e-01  6.70606381e-05  4.85583747e-01  6.70606381e-05  1.81342768e-06  6.70606381e-05  8.76048419e-07  6.70606381e-05  6.22594435e-09  6.70606381e-05  1.20000000e+00  6.70606381e-05  0.00000000e+00 
 6.71606381e-05  3.37400888e-01  6.71606381e-05  4.85652475e-01  6.71606381e-05  1.81963328e-06  6.71606381e-05  2.02929767e-07  6.71606381e-05  8.70853022e-09  6.71606381e-05  1.20000000e+00  6.71606381e-05  0.00000000e+00 
 6.72606381e-05  3.42239242e-01  6.72606381e-05  4.85582568e-01  6.72606381e-05  1.81342855e-06  6.72606381e-05  8.76256346e-07  6.72606381e-05  6.30226196e-09  6.72606381e-05  1.20000000e+00  6.72606381e-05  0.00000000e+00 
 6.73606381e-05  3.47077902e-01  6.73606381e-05  4.85653643e-01  6.73606381e-05  1.81963239e-06  6.73606381e-05  2.03200796e-07  6.73606381e-05  8.78242413e-09  6.73606381e-05  1.20000000e+00  6.73606381e-05  0.00000000e+00 
 6.74606381e-05  3.51917639e-01  6.74606381e-05  4.85581632e-01  6.74606381e-05  1.81342946e-06  6.74606381e-05  8.76466818e-07  6.74606381e-05  6.37847471e-09  6.74606381e-05  1.20000000e+00  6.74606381e-05  0.00000000e+00 
 6.75606381e-05  3.56757718e-01  6.75606381e-05  4.85654614e-01  6.75606381e-05  1.81963145e-06  6.75606381e-05  2.03466968e-07  6.75606381e-05  8.85588046e-09  6.75606381e-05  1.20000000e+00  6.75606381e-05  0.00000000e+00 
 6.76606381e-05  3.61598807e-01  6.76606381e-05  4.85580907e-01  6.76606381e-05  1.81343041e-06  6.76606381e-05  8.76679481e-07  6.76606381e-05  6.45455584e-09  6.76606381e-05  1.20000000e+00  6.76606381e-05  0.00000000e+00 
 6.77606381e-05  3.66440286e-01  6.77606381e-05  4.85655417e-01  6.77606381e-05  1.81963049e-06  6.77606381e-05  2.03728702e-07  6.77606381e-05  8.92890708e-09  6.77606381e-05  1.20000000e+00  6.77606381e-05  0.00000000e+00 
 6.78606381e-05  3.71282694e-01  6.78606381e-05  4.85580371e-01  6.78606381e-05  1.81343139e-06  6.78606381e-05  8.76894017e-07  6.78606381e-05  6.53048047e-09  6.78606381e-05  1.20000000e+00  6.78606381e-05  0.00000000e+00 
 6.79606381e-05  3.76125550e-01  6.79606381e-05  4.85656073e-01  6.79606381e-05  1.81962950e-06  6.79606381e-05  2.03986377e-07  6.79606381e-05  9.00151147e-09  6.79606381e-05  1.20000000e+00  6.79606381e-05  0.00000000e+00 
 6.80606381e-05  3.80969244e-01  6.80606381e-05  4.85580005e-01  6.80606381e-05  1.81343239e-06  6.80606381e-05  8.77110125e-07  6.80606381e-05  6.60622556e-09  6.80606381e-05  1.20000000e+00  6.80606381e-05  0.00000000e+00 
 6.81606381e-05  3.85813458e-01  6.81606381e-05  4.85656600e-01  6.81606381e-05  1.81962849e-06  6.81606381e-05  2.04240360e-07  6.81606381e-05  9.07370085e-09  6.81606381e-05  1.20000000e+00  6.81606381e-05  0.00000000e+00 
 6.82606381e-05  3.90658406e-01  6.82606381e-05  4.85579795e-01  6.82606381e-05  1.81343341e-06  6.82606381e-05  8.77327541e-07  6.82606381e-05  6.68176985e-09  6.82606381e-05  1.20000000e+00  6.82606381e-05  0.00000000e+00 
 6.83606381e-05  3.95503957e-01  6.83606381e-05  4.85657008e-01  6.83606381e-05  1.81962746e-06  6.83606381e-05  2.04490986e-07  6.83606381e-05  9.14548219e-09  6.83606381e-05  1.20000000e+00  6.83606381e-05  0.00000000e+00 
 6.84606381e-05  4.00350132e-01  6.84606381e-05  4.85579727e-01  6.84606381e-05  1.81343445e-06  6.84606381e-05  8.77546031e-07  6.84606381e-05  6.75709381e-09  6.84606381e-05  1.20000000e+00  6.84606381e-05  0.00000000e+00 
 6.85606381e-05  4.05197001e-01  6.85606381e-05  4.85657310e-01  6.85606381e-05  1.81962642e-06  6.85606381e-05  2.04738580e-07  6.85606381e-05  9.21686232e-09  6.85606381e-05  1.20000000e+00  6.85606381e-05  0.00000000e+00 
 6.86606381e-05  4.10044379e-01  6.86606381e-05  4.85579784e-01  6.86606381e-05  1.81343549e-06  6.86606381e-05  8.77765390e-07  6.86606381e-05  6.83217956e-09  6.86606381e-05  1.20000000e+00  6.86606381e-05  0.00000000e+00 
 6.87606381e-05  4.14892552e-01  6.87606381e-05  4.85657514e-01  6.87606381e-05  1.81962538e-06  6.87606381e-05  2.04983447e-07  6.87606381e-05  9.28784789e-09  6.87606381e-05  1.20000000e+00  6.87606381e-05  0.00000000e+00 
 6.88606381e-05  4.19741114e-01  6.88606381e-05  4.85579952e-01  6.88606381e-05  1.81343654e-06  6.88606381e-05  8.77985460e-07  6.88606381e-05  6.90701088e-09  6.88606381e-05  1.20000000e+00  6.88606381e-05  0.00000000e+00 
 6.89606381e-05  4.24590580e-01  6.89606381e-05  4.85657632e-01  6.89606381e-05  1.81962433e-06  6.89606381e-05  2.05225886e-07  6.89606381e-05  9.35844541e-09  6.89606381e-05  1.20000000e+00  6.89606381e-05  0.00000000e+00 
 6.90606381e-05  4.29440314e-01  6.90606381e-05  4.85580214e-01  6.90606381e-05  1.81343759e-06  6.90606381e-05  8.78206109e-07  6.90606381e-05  6.98157309e-09  6.90606381e-05  1.20000000e+00  6.90606381e-05  0.00000000e+00 
 6.91606381e-05  4.34291065e-01  6.91606381e-05  4.85657673e-01  6.91606381e-05  1.81962327e-06  6.91606381e-05  2.05466181e-07  6.91606381e-05  9.42866111e-09  6.91606381e-05  1.20000000e+00  6.91606381e-05  0.00000000e+00 
 6.92606381e-05  4.39141965e-01  6.92606381e-05  4.85580554e-01  6.92606381e-05  1.81343864e-06  6.92606381e-05  8.78427246e-07  6.92606381e-05  7.05585312e-09  6.92606381e-05  1.20000000e+00  6.92606381e-05  0.00000000e+00 
 6.93606381e-05  4.43993995e-01  6.93606381e-05  4.85657649e-01  6.93606381e-05  1.81962222e-06  6.93606381e-05  2.05704612e-07  6.93606381e-05  9.49850099e-09  6.93606381e-05  1.20000000e+00  6.93606381e-05  0.00000000e+00 
 6.94606381e-05  4.48846062e-01  6.94606381e-05  4.85580955e-01  6.94606381e-05  1.81343969e-06  6.94606381e-05  8.78648817e-07  6.94606381e-05  7.12983935e-09  6.94606381e-05  1.20000000e+00  6.94606381e-05  0.00000000e+00 
 6.95606381e-05  4.53699370e-01  6.95606381e-05  4.85657573e-01  6.95606381e-05  1.81962117e-06  6.95606381e-05  2.05941457e-07  6.95606381e-05  9.56797074e-09  6.95606381e-05  1.20000000e+00  6.95606381e-05  0.00000000e+00 
 6.96606381e-05  4.58552606e-01  6.96606381e-05  4.85581401e-01  6.96606381e-05  1.81344074e-06  6.96606381e-05  8.78870803e-07  6.96606381e-05  7.20352164e-09  6.96606381e-05  1.20000000e+00  6.96606381e-05  0.00000000e+00 
 6.97606381e-05  4.63407193e-01  6.97606381e-05  4.85657456e-01  6.97606381e-05  1.81962013e-06  6.97606381e-05  2.06176988e-07  6.97606381e-05  9.63707567e-09  6.97606381e-05  1.20000000e+00  6.97606381e-05  0.00000000e+00 
 6.98606381e-05  4.68261608e-01  6.98606381e-05  4.85581880e-01  6.98606381e-05  1.81344178e-06  6.98606381e-05  8.79093222e-07  6.98606381e-05  7.27689123e-09  6.98606381e-05  1.20000000e+00  6.98606381e-05  0.00000000e+00 
 6.99606381e-05  4.73117478e-01  6.99606381e-05  4.85657309e-01  6.99606381e-05  1.81961909e-06  6.99606381e-05  2.06411477e-07  6.99606381e-05  9.70582073e-09  6.99606381e-05  1.20000000e+00  6.99606381e-05  0.00000000e+00 
 7.00606381e-05  4.77973083e-01  7.00606381e-05  4.85582378e-01  7.00606381e-05  1.81344281e-06  7.00606381e-05  8.79316120e-07  7.00606381e-05  7.34994066e-09  7.00606381e-05  1.20000000e+00  7.00606381e-05  0.00000000e+00 
 7.01606381e-05  4.82830242e-01  7.01606381e-05  4.85657143e-01  7.01606381e-05  1.81961807e-06  7.01606381e-05  2.06645202e-07  7.01606381e-05  9.77421050e-09  7.01606381e-05  1.20000000e+00  7.01606381e-05  0.00000000e+00 
 7.02606381e-05  4.87687051e-01  7.02606381e-05  4.85582887e-01  7.02606381e-05  1.81344383e-06  7.02606381e-05  8.79539583e-07  7.02606381e-05  7.42266369e-09  7.02606381e-05  1.20000000e+00  7.02606381e-05  0.00000000e+00 
 7.03606381e-05  4.92545507e-01  7.03606381e-05  4.85656967e-01  7.03606381e-05  1.81961705e-06  7.03606381e-05  2.06878444e-07  7.03606381e-05  9.84224918e-09  7.03606381e-05  1.20000000e+00  7.03606381e-05  0.00000000e+00 
 7.04606381e-05  4.97403536e-01  7.04606381e-05  4.85583399e-01  7.04606381e-05  1.81344485e-06  7.04606381e-05  8.79763725e-07  7.04606381e-05  7.49505522e-09  7.04606381e-05  1.20000000e+00  7.04606381e-05  0.00000000e+00 
 7.05606381e-05  5.02263301e-01  7.05606381e-05  4.85656789e-01  7.05606381e-05  1.81961604e-06  7.05606381e-05  2.07111496e-07  7.05606381e-05  9.90994061e-09  7.05606381e-05  1.20000000e+00  7.05606381e-05  0.00000000e+00 
 7.06606381e-05  5.07122568e-01  7.06606381e-05  4.85583907e-01  7.06606381e-05  1.81344585e-06  7.06606381e-05  8.79988697e-07  7.06606381e-05  7.56711116e-09  7.06606381e-05  1.20000000e+00  7.06606381e-05  0.00000000e+00 
 7.07606381e-05  5.11983653e-01  7.07606381e-05  4.85656616e-01  7.07606381e-05  1.81961504e-06  7.07606381e-05  2.07344662e-07  7.07606381e-05  9.97728833e-09  7.07606381e-05  1.20000000e+00  7.07606381e-05  0.00000000e+00 
 7.08606381e-05  5.16844180e-01  7.08606381e-05  4.85584408e-01  7.08606381e-05  1.81344685e-06  7.08606381e-05  8.80214679e-07  7.08606381e-05  7.63882841e-09  7.08606381e-05  1.20000000e+00  7.08606381e-05  0.00000000e+00 
 7.09606381e-05  5.21706599e-01  7.09606381e-05  4.85656455e-01  7.09606381e-05  1.81961405e-06  7.09606381e-05  2.07578263e-07  7.09606381e-05  1.00442956e-08  7.09606381e-05  1.20000000e+00  7.09606381e-05  0.00000000e+00 
 7.10606381e-05  5.26568408e-01  7.10606381e-05  4.85584898e-01  7.10606381e-05  1.81344783e-06  7.10606381e-05  8.80441891e-07  7.10606381e-05  7.71020470e-09  7.10606381e-05  1.20000000e+00  7.10606381e-05  0.00000000e+00 
 7.11606381e-05  5.31432179e-01  7.11606381e-05  4.85656311e-01  7.11606381e-05  1.81961307e-06  7.11606381e-05  2.07812643e-07  7.11606381e-05  1.01109653e-08  7.11606381e-05  1.20000000e+00  7.11606381e-05  0.00000000e+00 
 7.12606381e-05  5.36295292e-01  7.12606381e-05  4.85585377e-01  7.12606381e-05  1.81344881e-06  7.12606381e-05  8.80670587e-07  7.12606381e-05  7.78123854e-09  7.12606381e-05  1.20000000e+00  7.12606381e-05  0.00000000e+00 
 7.13606381e-05  5.41160435e-01  7.13606381e-05  4.85656187e-01  7.13606381e-05  1.81961210e-06  7.13606381e-05  2.08048169e-07  7.13606381e-05  1.01773003e-08  7.13606381e-05  1.20000000e+00  7.13606381e-05  0.00000000e+00 
 7.14606381e-05  5.46024879e-01  7.14606381e-05  4.85585844e-01  7.14606381e-05  1.81344977e-06  7.14606381e-05  8.80901060e-07  7.14606381e-05  7.85192914e-09  7.14606381e-05  1.20000000e+00  7.14606381e-05  0.00000000e+00 
 7.15606381e-05  5.50891415e-01  7.15606381e-05  4.85656089e-01  7.15606381e-05  1.81961114e-06  7.15606381e-05  2.08285240e-07  7.15606381e-05  1.02433033e-08  7.15606381e-05  1.20000000e+00  7.15606381e-05  0.00000000e+00 
 7.16606381e-05  5.55757220e-01  7.16606381e-05  4.85586300e-01  7.16606381e-05  1.81345073e-06  7.16606381e-05  8.81133647e-07  7.16606381e-05  7.92227632e-09  7.16606381e-05  1.20000000e+00  7.16606381e-05  0.00000000e+00 
 7.17606381e-05  5.60625175e-01  7.17606381e-05  4.85656019e-01  7.17606381e-05  1.81961019e-06  7.17606381e-05  2.08524289e-07  7.17606381e-05  1.03089765e-08  7.17606381e-05  1.20000000e+00  7.17606381e-05  0.00000000e+00 
 7.18606381e-05  5.65492372e-01  7.18606381e-05  4.85586745e-01  7.18606381e-05  1.81345167e-06  7.18606381e-05  8.81368728e-07  7.18606381e-05  7.99228048e-09  7.18606381e-05  1.20000000e+00  7.18606381e-05  0.00000000e+00 
 7.19606381e-05  5.70361775e-01  7.19606381e-05  4.85655980e-01  7.19606381e-05  1.81960925e-06  7.19606381e-05  2.08765788e-07  7.19606381e-05  1.03743224e-08  7.19606381e-05  1.20000000e+00  7.19606381e-05  0.00000000e+00 
 7.20606381e-05  5.75230398e-01  7.20606381e-05  4.85587182e-01  7.20606381e-05  1.81345261e-06  7.20606381e-05  8.81606732e-07  7.20606381e-05  8.06194253e-09  7.20606381e-05  1.20000000e+00  7.20606381e-05  0.00000000e+00 
 7.21606381e-05  5.80101281e-01  7.21606381e-05  4.85655976e-01  7.21606381e-05  1.81960832e-06  7.21606381e-05  2.09010254e-07  7.21606381e-05  1.04393433e-08  7.21606381e-05  1.20000000e+00  7.21606381e-05  0.00000000e+00 
 7.22606381e-05  5.84971369e-01  7.22606381e-05  4.85587613e-01  7.22606381e-05  1.81345354e-06  7.22606381e-05  8.81848143e-07  7.22606381e-05  8.13126381e-09  7.22606381e-05  1.20000000e+00  7.22606381e-05  0.00000000e+00 
 7.23606381e-05  5.89843770e-01  7.23606381e-05  4.85656010e-01  7.23606381e-05  1.81960739e-06  7.23606381e-05  2.09258252e-07  7.23606381e-05  1.05040413e-08  7.23606381e-05  1.20000000e+00  7.23606381e-05  0.00000000e+00 
 7.24606381e-05  5.94715366e-01  7.24606381e-05  4.85588039e-01  7.24606381e-05  1.81345446e-06  7.24606381e-05  8.82093499e-07  7.24606381e-05  8.20024610e-09  7.24606381e-05  1.20000000e+00  7.24606381e-05  0.00000000e+00 
 7.25606381e-05  5.99589326e-01  7.25606381e-05  4.85656084e-01  7.25606381e-05  1.81960648e-06  7.25606381e-05  2.09510402e-07  7.25606381e-05  1.05684186e-08  7.25606381e-05  1.20000000e+00  7.25606381e-05  0.00000000e+00 
 7.26606381e-05  6.04462477e-01  7.26606381e-05  4.85588465e-01  7.26606381e-05  1.81345537e-06  7.26606381e-05  8.82343402e-07  7.26606381e-05  8.26889155e-09  7.26606381e-05  1.20000000e+00  7.26606381e-05  0.00000000e+00 
 7.27606381e-05  6.09338045e-01  7.27606381e-05  4.85656203e-01  7.27606381e-05  1.81960557e-06  7.27606381e-05  2.09767378e-07  7.27606381e-05  1.06324774e-08  7.27606381e-05  1.20000000e+00  7.27606381e-05  0.00000000e+00 
 7.28606381e-05  6.14212804e-01  7.28606381e-05  4.85588893e-01  7.28606381e-05  1.81345628e-06  7.28606381e-05  8.82598517e-07  7.28606381e-05  8.33720265e-09  7.28606381e-05  1.20000000e+00  7.28606381e-05  0.00000000e+00 
 7.29606381e-05  6.19090032e-01  7.29606381e-05  4.85656371e-01  7.29606381e-05  1.81960467e-06  7.29606381e-05  2.10029918e-07  7.29606381e-05  1.06962198e-08  7.29606381e-05  1.20000000e+00  7.29606381e-05  0.00000000e+00 
 7.30606381e-05  6.23966459e-01  7.30606381e-05  4.85589328e-01  7.30606381e-05  1.81345718e-06  7.30606381e-05  8.82859573e-07  7.30606381e-05  8.40518221e-09  7.30606381e-05  1.20000000e+00  7.30606381e-05  0.00000000e+00 
 7.31606381e-05  6.28845407e-01  7.31606381e-05  4.85656590e-01  7.31606381e-05  1.81960377e-06  7.31606381e-05  2.10298815e-07  7.31606381e-05  1.07596481e-08  7.31606381e-05  1.20000000e+00  7.31606381e-05  0.00000000e+00 
 7.32606381e-05  6.33723566e-01  7.32606381e-05  4.85589772e-01  7.32606381e-05  1.81345807e-06  7.32606381e-05  8.83127371e-07  7.32606381e-05  8.47283335e-09  7.32606381e-05  1.20000000e+00  7.32606381e-05  0.00000000e+00 
 7.33606381e-05  6.38604302e-01  7.33606381e-05  4.85656867e-01  7.33606381e-05  1.81960288e-06  7.33606381e-05  2.10574926e-07  7.33606381e-05  1.08227644e-08  7.33606381e-05  1.20000000e+00  7.33606381e-05  0.00000000e+00 
 7.34606381e-05  6.43484266e-01  7.34606381e-05  4.85590231e-01  7.34606381e-05  1.81345896e-06  7.34606381e-05  8.83402771e-07  7.34606381e-05  8.54015947e-09  7.34606381e-05  1.20000000e+00  7.34606381e-05  0.00000000e+00 
 7.35606381e-05  6.48366863e-01  7.35606381e-05  4.85657206e-01  7.35606381e-05  1.81960199e-06  7.35606381e-05  2.10859154e-07  7.35606381e-05  1.08855710e-08  7.35606381e-05  1.20000000e+00  7.35606381e-05  0.00000000e+00 
 7.36606381e-05  6.53248713e-01  7.36606381e-05  4.85590710e-01  7.36606381e-05  1.81345984e-06  7.36606381e-05  8.83686697e-07  7.36606381e-05  8.60716420e-09  7.36606381e-05  1.20000000e+00  7.36606381e-05  0.00000000e+00 
 7.37606381e-05  6.58133253e-01  7.37606381e-05  4.85657613e-01  7.37606381e-05  1.81960111e-06  7.37606381e-05  2.11152448e-07  7.37606381e-05  1.09480702e-08  7.37606381e-05  1.20000000e+00  7.37606381e-05  0.00000000e+00 
 7.38606381e-05  6.63017076e-01  7.38606381e-05  4.85591214e-01  7.38606381e-05  1.81346072e-06  7.38606381e-05  8.83980117e-07  7.38606381e-05  8.67385145e-09  7.38606381e-05  1.20000000e+00  7.38606381e-05  0.00000000e+00 
 7.39606381e-05  6.67903650e-01  7.39606381e-05  4.85658096e-01  7.39606381e-05  1.81960023e-06  7.39606381e-05  2.11455778e-07  7.39606381e-05  1.10102642e-08  7.39606381e-05  1.20000000e+00  7.39606381e-05  0.00000000e+00 
 7.40606381e-05  6.72789542e-01  7.40606381e-05  4.85591751e-01  7.40606381e-05  1.81346160e-06  7.40606381e-05  8.84284030e-07  7.40606381e-05  8.74022532e-09  7.40606381e-05  1.20000000e+00  7.40606381e-05  0.00000000e+00 
 7.41606381e-05  6.77678248e-01  7.41606381e-05  4.85658661e-01  7.41606381e-05  1.81959936e-06  7.41606381e-05  2.11770115e-07  7.41606381e-05  1.10721556e-08  7.41606381e-05  1.20000000e+00  7.41606381e-05  0.00000000e+00 
 7.42606381e-05  6.82566313e-01  7.42606381e-05  4.85592328e-01  7.42606381e-05  1.81346247e-06  7.42606381e-05  8.84599436e-07  7.42606381e-05  8.80629015e-09  7.42606381e-05  1.20000000e+00  7.42606381e-05  0.00000000e+00 
 7.43606381e-05  6.87457256e-01  7.43606381e-05  4.85659318e-01  7.43606381e-05  1.81959849e-06  7.43606381e-05  2.12096385e-07  7.43606381e-05  1.11337467e-08  7.43606381e-05  1.20000000e+00  7.43606381e-05  0.00000000e+00 
 7.44606381e-05  6.92347604e-01  7.44606381e-05  4.85592955e-01  7.44606381e-05  1.81346335e-06  7.44606381e-05  8.84927297e-07  7.44606381e-05  8.87205044e-09  7.44606381e-05  1.20000000e+00  7.44606381e-05  0.00000000e+00 
 7.45606381e-05  6.97240897e-01  7.45606381e-05  4.85660078e-01  7.45606381e-05  1.81959762e-06  7.45606381e-05  2.12435421e-07  7.45606381e-05  1.11950400e-08  7.45606381e-05  1.20000000e+00  7.45606381e-05  0.00000000e+00 
 7.46606381e-05  7.02133644e-01  7.46606381e-05  4.85593642e-01  7.46606381e-05  1.81346422e-06  7.46606381e-05  8.85268479e-07  7.46606381e-05  8.93751083e-09  7.46606381e-05  1.20000000e+00  7.46606381e-05  0.00000000e+00 
 7.47606381e-05  7.07029403e-01  7.47606381e-05  4.85660953e-01  7.47606381e-05  1.81959675e-06  7.47606381e-05  2.12787899e-07  7.47606381e-05  1.12560379e-08  7.47606381e-05  1.20000000e+00  7.47606381e-05  0.00000000e+00 
 7.48606381e-05  7.11924670e-01  7.48606381e-05  4.85594402e-01  7.48606381e-05  1.81346509e-06  7.48606381e-05  8.85623690e-07  7.48606381e-05  9.00267611e-09  7.48606381e-05  1.20000000e+00  7.48606381e-05  0.00000000e+00 
 7.49606381e-05  7.16823015e-01  7.49606381e-05  4.85661957e-01  7.49606381e-05  1.81959588e-06  7.49606381e-05  2.13154246e-07  7.49606381e-05  1.13167430e-08  7.49606381e-05  1.20000000e+00  7.49606381e-05  0.00000000e+00 
 7.50606381e-05  7.21720923e-01  7.50606381e-05  4.85595251e-01  7.50606381e-05  1.81346596e-06  7.50606381e-05  8.85993389e-07  7.50606381e-05  9.06755113e-09  7.50606381e-05  1.20000000e+00  7.50606381e-05  0.00000000e+00 
 7.51606381e-05  7.26621973e-01  7.51606381e-05  4.85663107e-01  7.51606381e-05  1.81959501e-06  7.51606381e-05  2.13534565e-07  7.51606381e-05  1.13771576e-08  7.51606381e-05  1.20000000e+00  7.51606381e-05  0.00000000e+00 
 7.52606381e-05  7.31522640e-01  7.52606381e-05  4.85596205e-01  7.52606381e-05  1.81346683e-06  7.52606381e-05  8.86377712e-07  7.52606381e-05  9.13214075e-09  7.52606381e-05  1.20000000e+00  7.52606381e-05  0.00000000e+00 
 7.53606381e-05  7.36426509e-01  7.53606381e-05  4.85664422e-01  7.53606381e-05  1.81959414e-06  7.53606381e-05  2.13928539e-07  7.53606381e-05  1.14372841e-08  7.53606381e-05  1.20000000e+00  7.53606381e-05  0.00000000e+00 
 7.54606381e-05  7.41330050e-01  7.54606381e-05  4.85597281e-01  7.54606381e-05  1.81346770e-06  7.54606381e-05  8.86776397e-07  7.54606381e-05  9.19644984e-09  7.54606381e-05  1.20000000e+00  7.54606381e-05  0.00000000e+00 
 7.55606381e-05  7.46236843e-01  7.55606381e-05  4.85665919e-01  7.55606381e-05  1.81959327e-06  7.55606381e-05  2.14335391e-07  7.55606381e-05  1.14971246e-08  7.55606381e-05  1.20000000e+00  7.55606381e-05  0.00000000e+00 
 7.56606381e-05  7.51143359e-01  7.56606381e-05  4.85598498e-01  7.56606381e-05  1.81346858e-06  7.56606381e-05  8.87188758e-07  7.56606381e-05  9.26048315e-09  7.56606381e-05  1.20000000e+00  7.56606381e-05  0.00000000e+00 
 7.57606381e-05  7.56053169e-01  7.57606381e-05  4.85667615e-01  7.57606381e-05  1.81959239e-06  7.57606381e-05  2.14753871e-07  7.57606381e-05  1.15566811e-08  7.57606381e-05  1.20000000e+00  7.57606381e-05  0.00000000e+00 
 7.58606381e-05  7.60962748e-01  7.58606381e-05  4.85599868e-01  7.58606381e-05  1.81346945e-06  7.58606381e-05  8.87613716e-07  7.58606381e-05  9.32424530e-09  7.58606381e-05  1.20000000e+00  7.58606381e-05  0.00000000e+00 
 7.59606381e-05  7.65875652e-01  7.59606381e-05  4.85669520e-01  7.59606381e-05  1.81959152e-06  7.59606381e-05  2.15182354e-07  7.59606381e-05  1.16159552e-08  7.59606381e-05  1.20000000e+00  7.59606381e-05  0.00000000e+00 
 7.60606381e-05  7.70788367e-01  7.60606381e-05  4.85601401e-01  7.60606381e-05  1.81347033e-06  7.60606381e-05  8.88049914e-07  7.60606381e-05  9.38774072e-09  7.60606381e-05  1.20000000e+00  7.60606381e-05  0.00000000e+00 
 7.61606381e-05  7.75704425e-01  7.61606381e-05  4.85671635e-01  7.61606381e-05  1.81959063e-06  7.61606381e-05  2.15619000e-07  7.61606381e-05  1.16749487e-08  7.61606381e-05  1.20000000e+00  7.61606381e-05  0.00000000e+00 
 7.62606381e-05  7.80620330e-01  7.62606381e-05  4.85603096e-01  7.62606381e-05  1.81347122e-06  7.62606381e-05  8.88495913e-07  7.62606381e-05  9.45097360e-09  7.62606381e-05  1.20000000e+00  7.62606381e-05  0.00000000e+00 
 7.63606381e-05  7.85539588e-01  7.63606381e-05  4.85673949e-01  7.63606381e-05  1.81958975e-06  7.63606381e-05  2.16062012e-07  7.63606381e-05  1.17336628e-08  7.63606381e-05  1.20000000e+00  7.63606381e-05  0.00000000e+00 
 7.64606381e-05  7.90458725e-01  7.64606381e-05  4.85604944e-01  7.64606381e-05  1.81347211e-06  7.64606381e-05  8.88950449e-07  7.64606381e-05  9.51394787e-09  7.64606381e-05  1.20000000e+00  7.64606381e-05  0.00000000e+00 
 7.65606381e-05  7.95381217e-01  7.65606381e-05  4.85676435e-01  7.65606381e-05  1.81958886e-06  7.65606381e-05  2.16509941e-07  7.65606381e-05  1.17920989e-08  7.65606381e-05  1.20000000e+00  7.65606381e-05  0.00000000e+00 
 7.66606381e-05  8.00303621e-01  7.66606381e-05  4.85606925e-01  7.66606381e-05  1.81347300e-06  7.66606381e-05  8.89412735e-07  7.66606381e-05  9.57666718e-09  7.66606381e-05  1.20000000e+00  7.66606381e-05  0.00000000e+00 
 7.67606381e-05  8.05229378e-01  7.67606381e-05  4.85679057e-01  7.67606381e-05  1.81958796e-06  7.67606381e-05  2.16962016e-07  7.67606381e-05  1.18502586e-08  7.67606381e-05  1.20000000e+00  7.67606381e-05  0.00000000e+00 
 7.68606381e-05  8.10155083e-01  7.68606381e-05  4.85609013e-01  7.68606381e-05  1.81347390e-06  7.68606381e-05  8.89882755e-07  7.68606381e-05  9.63913492e-09  7.68606381e-05  1.20000000e+00  7.68606381e-05  0.00000000e+00 
 7.69606381e-05  8.15084142e-01  7.69606381e-05  4.85681765e-01  7.69606381e-05  1.81958706e-06  7.69606381e-05  2.17418460e-07  7.69606381e-05  1.19081435e-08  7.69606381e-05  1.20000000e+00  7.69606381e-05  0.00000000e+00 
 7.70606381e-05  8.20013193e-01  7.70606381e-05  4.85611176e-01  7.70606381e-05  1.81347481e-06  7.70606381e-05  8.90361540e-07  7.70606381e-05  9.70135422e-09  7.70606381e-05  1.20000000e+00  7.70606381e-05  0.00000000e+00 
 7.71606381e-05  8.24945609e-01  7.71606381e-05  4.85684504e-01  7.71606381e-05  1.81958616e-06  7.71606381e-05  2.17880771e-07  7.71606381e-05  1.19657560e-08  7.71606381e-05  1.20000000e+00  7.71606381e-05  0.00000000e+00 
 7.72606381e-05  8.29878074e-01  7.72606381e-05  4.85613379e-01  7.72606381e-05  1.81347573e-06  7.72606381e-05  8.90851416e-07  7.72606381e-05  9.76332808e-09  7.72606381e-05  1.20000000e+00  7.72606381e-05  0.00000000e+00 
 7.73606381e-05  8.34813932e-01  7.73606381e-05  4.85687217e-01  7.73606381e-05  1.81958524e-06  7.73606381e-05  2.18351982e-07  7.73606381e-05  1.20230992e-08  7.73606381e-05  1.20000000e+00  7.73606381e-05  0.00000000e+00 
 7.74606381e-05  8.39749918e-01  7.74606381e-05  4.85615589e-01  7.74606381e-05  1.81347665e-06  7.74606381e-05  8.91356229e-07  7.74606381e-05  9.82505945e-09  7.74606381e-05  1.20000000e+00  7.74606381e-05  0.00000000e+00 
 7.75606381e-05  8.44689348e-01  7.75606381e-05  4.85689855e-01  7.75606381e-05  1.81958432e-06  7.75606381e-05  2.18836890e-07  7.75606381e-05  1.20801769e-08  7.75606381e-05  1.20000000e+00  7.75606381e-05  0.00000000e+00 
 7.76606381e-05  8.49629015e-01  7.76606381e-05  4.85617778e-01  7.76606381e-05  1.81347757e-06  7.76606381e-05  8.91881579e-07  7.76606381e-05  9.88655140e-09  7.76606381e-05  1.20000000e+00  7.76606381e-05  0.00000000e+00 
 7.77606381e-05  8.54572211e-01  7.77606381e-05  4.85692373e-01  7.77606381e-05  1.81958340e-06  7.77606381e-05  2.19342297e-07  7.77606381e-05  1.21369942e-08  7.77606381e-05  1.20000000e+00  7.77606381e-05  0.00000000e+00 
 7.78606381e-05  8.59515787e-01  7.78606381e-05  4.85619920e-01  7.78606381e-05  1.81347850e-06  7.78606381e-05  8.92435066e-07  7.78606381e-05  9.94780734e-09  7.78606381e-05  1.20000000e+00  7.78606381e-05  0.00000000e+00 
 7.79606381e-05  8.64463024e-01  7.79606381e-05  4.85694740e-01  7.79606381e-05  1.81958247e-06  7.79606381e-05  2.19877290e-07  7.79606381e-05  1.21935572e-08  7.79606381e-05  1.20000000e+00  7.79606381e-05  0.00000000e+00 
 7.80606381e-05  8.69410830e-01  7.80606381e-05  4.85621996e-01  7.80606381e-05  1.81347943e-06  7.80606381e-05  8.93026631e-07  7.80606381e-05  1.00088313e-08  7.80606381e-05  1.20000000e+00  7.80606381e-05  0.00000000e+00 
 7.81606381e-05  8.74362484e-01  7.81606381e-05  4.85696936e-01  7.81606381e-05  1.81958153e-06  7.81606381e-05  2.20453624e-07  7.81606381e-05  1.22498737e-08  7.81606381e-05  1.20000000e+00  7.81606381e-05  0.00000000e+00 
 7.82606381e-05  8.79314955e-01  7.82606381e-05  4.85623994e-01  7.82606381e-05  1.81348037e-06  7.82606381e-05  8.93669016e-07  7.82606381e-05  1.00696283e-08  7.82606381e-05  1.20000000e+00  7.82606381e-05  0.00000000e+00 
 7.83606381e-05  8.84271530e-01  7.83606381e-05  4.85698954e-01  7.83606381e-05  1.81958060e-06  7.83606381e-05  2.21086228e-07  7.83606381e-05  1.23059528e-08  7.83606381e-05  1.20000000e+00  7.83606381e-05  0.00000000e+00 
 7.84606381e-05  8.89229244e-01  7.84606381e-05  4.85625906e-01  7.84606381e-05  1.81348131e-06  7.84606381e-05  8.94378404e-07  7.84606381e-05  1.01302048e-08  7.84606381e-05  1.20000000e+00  7.84606381e-05  0.00000000e+00 
 7.85606381e-05  8.94191407e-01  7.85606381e-05  4.85700797e-01  7.85606381e-05  1.81957966e-06  7.85606381e-05  2.21793936e-07  7.85606381e-05  1.23618052e-08  7.85606381e-05  1.20000000e+00  7.85606381e-05  0.00000000e+00 
 7.86606381e-05  8.99155123e-01  7.86606381e-05  4.85627727e-01  7.86606381e-05  1.81348225e-06  7.86606381e-05  8.95175303e-07  7.86606381e-05  1.01905689e-08  7.86606381e-05  1.20000000e+00  7.86606381e-05  0.00000000e+00 
 7.87606381e-05  9.04123740e-01  7.87606381e-05  4.85702475e-01  7.87606381e-05  1.81957872e-06  7.87606381e-05  2.22600482e-07  7.87606381e-05  1.24174439e-08  7.87606381e-05  1.20000000e+00  7.87606381e-05  0.00000000e+00 
 7.88606381e-05  9.09094444e-01  7.88606381e-05  4.85629458e-01  7.88606381e-05  1.81348319e-06  7.88606381e-05  8.96085751e-07  7.88606381e-05  1.02507313e-08  7.88606381e-05  1.20000000e+00  7.88606381e-05  0.00000000e+00 
 7.89606381e-05  9.14070639e-01  7.89606381e-05  4.85704005e-01  7.89606381e-05  1.81957778e-06  7.89606381e-05  2.23535843e-07  7.89606381e-05  1.24728843e-08  7.89606381e-05  1.20000000e+00  7.89606381e-05  0.00000000e+00 
 7.90606381e-05  9.19049602e-01  7.90606381e-05  4.85631102e-01  7.90606381e-05  1.81348413e-06  7.90606381e-05  8.97142905e-07  7.90606381e-05  1.03107057e-08  7.90606381e-05  1.20000000e+00  7.90606381e-05  0.00000000e+00 
 7.91606381e-05  9.24034819e-01  7.91606381e-05  4.85705409e-01  7.91606381e-05  1.81957685e-06  7.91606381e-05  2.24638052e-07  7.91606381e-05  1.25281449e-08  7.91606381e-05  1.20000000e+00  7.91606381e-05  0.00000000e+00 
 7.92606381e-05  9.29023679e-01  7.92606381e-05  4.85632665e-01  7.92606381e-05  1.81348506e-06  7.92606381e-05  8.98389155e-07  7.92606381e-05  1.03705097e-08  7.92606381e-05  1.20000000e+00  7.92606381e-05  0.00000000e+00 
 7.93606381e-05  9.34019776e-01  7.93606381e-05  4.85706711e-01  7.93606381e-05  1.81957591e-06  7.93606381e-05  2.25955570e-07  7.93606381e-05  1.25832480e-08  7.93606381e-05  1.20000000e+00  7.93606381e-05  0.00000000e+00 
 7.94606381e-05  9.39020635e-01  7.94606381e-05  4.85634155e-01  7.94606381e-05  1.81348600e-06  7.94606381e-05  8.99878858e-07  7.94606381e-05  1.04301658e-08  7.94606381e-05  1.20000000e+00  7.94606381e-05  0.00000000e+00 
 7.95606381e-05  9.44029996e-01  7.95606381e-05  4.85707936e-01  7.95606381e-05  1.81957498e-06  7.95606381e-05  2.27550394e-07  7.95606381e-05  1.26382210e-08  7.95606381e-05  1.20000000e+00  7.95606381e-05  0.00000000e+00 
 7.96606381e-05  9.49045555e-01  7.96606381e-05  4.85635585e-01  7.96606381e-05  1.81348693e-06  7.96606381e-05  9.01681896e-07  7.96606381e-05  1.04897030e-08  7.96606381e-05  1.20000000e+00  7.96606381e-05  0.00000000e+00 
 7.97606381e-05  9.54071242e-01  7.97606381e-05  4.85709111e-01  7.97606381e-05  1.81957405e-06  7.97606381e-05  2.29502072e-07  7.97606381e-05  1.26930980e-08  7.97606381e-05  1.20000000e+00  7.97606381e-05  0.00000000e+00 
 7.98606381e-05  9.59104970e-01  7.98606381e-05  4.85636970e-01  7.98606381e-05  1.81348786e-06  7.98606381e-05  9.03888246e-07  7.98606381e-05  1.05491577e-08  7.98606381e-05  1.20000000e+00  7.98606381e-05  0.00000000e+00 
 7.99606381e-05  9.64150916e-01  7.99606381e-05  4.85710263e-01  7.99606381e-05  1.81957313e-06  7.99606381e-05  2.31912904e-07  7.99606381e-05  1.27479210e-08  7.99606381e-05  1.20000000e+00  7.99606381e-05  0.00000000e+00 
 8.00606381e-05  9.69207270e-01  8.00606381e-05  4.85638330e-01  8.00606381e-05  1.81348878e-06  8.00606381e-05  9.06613902e-07  8.00606381e-05  1.06085769e-08  8.00606381e-05  1.20000000e+00  8.00606381e-05  0.00000000e+00 
 8.01606381e-05  9.74278531e-01  8.01606381e-05  4.85711421e-01  8.01606381e-05  1.81957221e-06  8.01606381e-05  2.34914650e-07  8.01606381e-05  1.28027434e-08  8.01606381e-05  1.20000000e+00  8.01606381e-05  0.00000000e+00 
 8.02606381e-05  9.79363247e-01  8.02606381e-05  4.85639689e-01  8.02606381e-05  1.81348970e-06  8.02606381e-05  9.10008509e-07  8.02606381e-05  1.06680199e-08  8.02606381e-05  1.20000000e+00  8.02606381e-05  0.00000000e+00 
 8.03606381e-05  9.84466328e-01  8.03606381e-05  4.85712616e-01  8.03606381e-05  1.81957129e-06  8.03606381e-05  2.38677244e-07  8.03606381e-05  1.28576325e-08  8.03606381e-05  1.20000000e+00  8.03606381e-05  0.00000000e+00 
 8.04606381e-05  9.89586787e-01  8.04606381e-05  4.85641078e-01  8.04606381e-05  1.81349062e-06  8.04606381e-05  9.14265338e-07  8.04606381e-05  1.07275626e-08  8.04606381e-05  1.20000000e+00  8.04606381e-05  0.00000000e+00 
 8.05606381e-05  9.94730065e-01  8.05606381e-05  4.85713885e-01  8.05606381e-05  1.81957037e-06  8.05606381e-05  2.43420214e-07  8.05606381e-05  1.29126735e-08  8.05606381e-05  1.20000000e+00  8.05606381e-05  0.00000000e+00 
 8.06606381e-05  9.99895781e-01  8.06606381e-05  4.85642534e-01  8.06606381e-05  1.81349153e-06  8.06606381e-05  9.19634455e-07  8.06606381e-05  1.07873018e-08  8.06606381e-05  1.20000000e+00  8.06606381e-05  0.00000000e+00 
 8.07606381e-05  1.00509006e+00  8.07606381e-05  4.85715268e-01  8.07606381e-05  1.81956946e-06  8.07606381e-05  2.49427841e-07  8.07606381e-05  1.29679755e-08  8.07606381e-05  1.20000000e+00  8.07606381e-05  0.00000000e+00 
 8.08606381e-05  1.01031330e+00  8.08606381e-05  4.85644105e-01  8.08606381e-05  1.81349244e-06  8.08606381e-05  9.26440327e-07  8.08606381e-05  1.08473612e-08  8.08606381e-05  1.20000000e+00  8.08606381e-05  0.00000000e+00 
 8.09606381e-05  1.01557254e+00  8.09606381e-05  4.85716815e-01  8.09606381e-05  1.81956856e-06  8.09606381e-05  2.57069578e-07  8.09606381e-05  1.30236777e-08  8.09606381e-05  1.20000000e+00  8.09606381e-05  0.00000000e+00 
 8.10606381e-05  1.02086918e+00  8.10606381e-05  4.85645849e-01  8.10606381e-05  1.81349334e-06  8.10606381e-05  9.35105725e-07  8.10606381e-05  1.09078990e-08  8.10606381e-05  1.20000000e+00  8.10606381e-05  0.00000000e+00 
 8.11606381e-05  1.02621143e+00  8.11606381e-05  4.85718586e-01  8.11606381e-05  1.81956765e-06  8.11606381e-05  2.66827877e-07  8.11606381e-05  1.30799592e-08  8.11606381e-05  1.20000000e+00  8.11606381e-05  0.00000000e+00 
 8.12606381e-05  1.03160205e+00  8.12606381e-05  4.85647841e-01  8.12606381e-05  1.81349425e-06  8.12606381e-05  9.46184469e-07  8.12606381e-05  1.09691188e-08  8.12606381e-05  1.20000000e+00  8.12606381e-05  0.00000000e+00 
 8.13606381e-05  1.03705227e+00  8.13606381e-05  4.85720838e-01  8.13606381e-05  1.81956675e-06  8.13606381e-05  2.79664859e-07  8.13606381e-05  1.31369933e-08  8.13606381e-05  1.20000000e+00  8.13606381e-05  0.00000000e+00 
 8.14606381e-05  1.04256562e+00  8.14606381e-05  4.85650312e-01  8.14606381e-05  1.81349515e-06  8.14606381e-05  9.60513760e-07  8.14606381e-05  1.10313034e-08  8.14606381e-05  1.20000000e+00  8.14606381e-05  0.00000000e+00 
 8.15606381e-05  1.04815330e+00  8.15606381e-05  4.85722954e-01  8.15606381e-05  1.81956585e-06  8.15606381e-05  2.95755600e-07  8.15606381e-05  1.31952128e-08  8.15606381e-05  1.20000000e+00  8.15606381e-05  0.00000000e+00 
 8.16606381e-05  1.05382294e+00  8.16606381e-05  4.85653636e-01  8.16606381e-05  1.81349604e-06  8.16606381e-05  9.78978128e-07  8.16606381e-05  1.10947670e-08  8.16606381e-05  1.20000000e+00  8.16606381e-05  0.00000000e+00 
 8.17606381e-05  1.05958819e+00  8.17606381e-05  4.85725218e-01  8.17606381e-05  1.81956496e-06  8.17606381e-05  3.16534066e-07  8.17606381e-05  1.32549487e-08  8.17606381e-05  1.20000000e+00  8.17606381e-05  0.00000000e+00 
 8.18606381e-05  1.06546013e+00  8.18606381e-05  4.85657887e-01  8.18606381e-05  1.81349692e-06  8.18606381e-05  1.00288665e-06  8.18606381e-05  1.11599399e-08  8.18606381e-05  1.20000000e+00  8.18606381e-05  0.00000000e+00 
 8.19606381e-05  1.07145550e+00  8.19606381e-05  4.85727762e-01  8.19606381e-05  1.81956408e-06  8.19606381e-05  3.43440161e-07  8.19606381e-05  1.33167187e-08  8.19606381e-05  1.20000000e+00  8.19606381e-05  0.00000000e+00 
 8.20606381e-05  1.07759015e+00  8.20606381e-05  4.85663256e-01  8.20606381e-05  1.81349779e-06  8.20606381e-05  1.03396593e-06  8.20606381e-05  1.12273852e-08  8.20606381e-05  1.20000000e+00  8.20606381e-05  0.00000000e+00 
 8.21606381e-05  1.08388435e+00  8.21606381e-05  4.85730562e-01  8.21606381e-05  1.81956322e-06  8.21606381e-05  3.78308735e-07  8.21606381e-05  1.33811955e-08  8.21606381e-05  1.20000000e+00  8.21606381e-05  0.00000000e+00 
 8.22606381e-05  1.09036056e+00  8.22606381e-05  4.85670047e-01  8.22606381e-05  1.81349863e-06  8.22606381e-05  1.07444733e-06  8.22606381e-05  1.12978312e-08  8.22606381e-05  1.20000000e+00  8.22606381e-05  0.00000000e+00 
 8.23606381e-05  1.09704089e+00  8.23606381e-05  4.85734005e-01  8.23606381e-05  1.81956239e-06  8.23606381e-05  4.23006521e-07  8.23606381e-05  1.34493215e-08  8.23606381e-05  1.20000000e+00  8.23606381e-05  0.00000000e+00 
 8.24606381e-05  1.10395226e+00  8.24606381e-05  4.85675926e-01  8.24606381e-05  1.81349944e-06  8.24606381e-05  1.12573872e-06  8.24606381e-05  1.13721834e-08  8.24606381e-05  1.20000000e+00  8.24606381e-05  0.00000000e+00 
 8.25606381e-05  1.11112884e+00  8.25606381e-05  4.85737733e-01  8.25606381e-05  1.81956159e-06  8.25606381e-05  4.81135515e-07  8.25606381e-05  1.35218319e-08  8.25606381e-05  1.20000000e+00  8.25606381e-05  0.00000000e+00 
 8.26606381e-05  1.11860669e+00  8.26606381e-05  4.85682540e-01  8.26606381e-05  1.81350021e-06  8.26606381e-05  1.19251574e-06  8.26606381e-05  1.14516402e-08  8.26606381e-05  1.20000000e+00  8.26606381e-05  0.00000000e+00 
 8.27606381e-05  1.12641125e+00  8.27606381e-05  4.85740464e-01  8.27606381e-05  1.81956083e-06  8.27606381e-05  5.52896931e-07  8.27606381e-05  1.36002987e-08  8.27606381e-05  1.20000000e+00  8.27606381e-05  0.00000000e+00 
 8.28606381e-05  1.13454433e+00  8.28606381e-05  4.85679925e-01  8.28606381e-05  1.81350097e-06  8.28606381e-05  1.26550472e-06  8.28606381e-05  1.15372937e-08  8.28606381e-05  1.20000000e+00  8.28606381e-05  0.00000000e+00 
 8.29606381e-05  1.14298599e+00  8.29606381e-05  4.85731098e-01  8.29606381e-05  1.81956010e-06  8.29606381e-05  6.20892646e-07  8.29606381e-05  1.36849815e-08  8.29606381e-05  1.20000000e+00  8.29606381e-05  0.00000000e+00 
 8.30606381e-05  1.15162728e+00  8.30606381e-05  4.85652520e-01  8.30606381e-05  1.81350173e-06  8.30606381e-05  1.31065049e-06  8.30606381e-05  1.16283768e-08  8.30606381e-05  1.20000000e+00  8.30606381e-05  0.00000000e+00 
 8.31606381e-05  1.16021835e+00  8.31606381e-05  4.85679717e-01  8.31606381e-05  1.81955940e-06  8.31606381e-05  6.10900980e-07  8.31606381e-05  1.37724890e-08  8.31606381e-05  1.20000000e+00  8.31606381e-05  0.00000000e+00 
 8.32606381e-05  1.16836207e+00  8.32606381e-05  4.85575058e-01  8.32606381e-05  1.81350254e-06  8.32606381e-05  1.21441111e-06  8.32606381e-05  1.17169989e-08  8.32606381e-05  1.20000000e+00  8.32606381e-05  0.00000000e+00 
 8.33606381e-05  1.17561506e+00  8.33606381e-05  4.85584567e-01  8.33606381e-05  1.81955879e-06  8.33606381e-05  4.16223517e-07  8.33606381e-05  1.38498494e-08  8.33606381e-05  1.20000000e+00  8.33606381e-05  0.00000000e+00 
 8.34606381e-05  1.18166834e+00  8.34606381e-05  4.85367280e-01  8.34606381e-05  1.81350469e-06  8.34606381e-05  9.51508167e-07  8.34606381e-05  1.17881083e-08  8.34606381e-05  1.20000000e+00  8.34606381e-05  0.00000000e+00 
 8.35606381e-05  1.18643412e+00  8.35606381e-05  4.85068722e-01  8.35606381e-05  1.81956052e-06  8.35606381e-05  1.32182840e-07  8.35606381e-05  1.39046198e-08  8.35606381e-05  1.20000000e+00  8.35606381e-05  0.00000000e+00 
 8.36606381e-05  1.19002746e+00  8.36606381e-05  4.85452706e-01  8.36606381e-05  1.81350150e-06  8.36606381e-05  6.92471682e-07  8.36606381e-05  1.18263987e-08  8.36606381e-05  1.20000000e+00  8.36606381e-05  0.00000000e+00 
 8.37606381e-05  1.19267478e+00  8.37606381e-05  4.85486495e-01  8.37606381e-05  1.81956149e-06  8.37606381e-05 -7.77758371e-08  8.37606381e-05  1.39388764e-08  8.37606381e-05  1.20000000e+00  8.37606381e-05  0.00000000e+00 
 8.38606381e-05  1.19460142e+00  8.38606381e-05  4.85630636e-01  8.38606381e-05  1.81349943e-06  8.38606381e-05  5.32911787e-07  8.38606381e-05  1.18493023e-08  8.38606381e-05  1.20000000e+00  8.38606381e-05  0.00000000e+00 
 8.39606381e-05  1.19599857e+00  8.39606381e-05  4.85565563e-01  8.39606381e-05  1.81956305e-06  8.39606381e-05 -1.95640960e-07  8.39606381e-05  1.39572012e-08  8.39606381e-05  1.20000000e+00  8.39606381e-05  0.00000000e+00 
 8.40606381e-05  1.19700792e+00  8.40606381e-05  4.85625283e-01  8.40606381e-05  1.81349792e-06  8.40606381e-05  4.47148259e-07  8.40606381e-05  1.18607669e-08  8.40606381e-05  1.20000000e+00  8.40606381e-05  0.00000000e+00 
 8.41606381e-05  1.19773836e+00  8.41606381e-05  4.85594246e-01  8.41606381e-05  1.81956430e-06  8.41606381e-05 -2.57925301e-07  8.41606381e-05  1.39666470e-08  8.41606381e-05  1.20000000e+00  8.41606381e-05  0.00000000e+00 
 8.42606381e-05  1.19826408e+00  8.42606381e-05  4.85618943e-01  8.42606381e-05  1.81349681e-06  8.42606381e-05  4.02056857e-07  8.42606381e-05  1.18668132e-08  8.42606381e-05  1.20000000e+00  8.42606381e-05  0.00000000e+00 
 8.43606381e-05  1.19864452e+00  8.43606381e-05  4.85609090e-01  8.43606381e-05  1.81956521e-06  8.43606381e-05 -2.90559238e-07  8.43606381e-05  1.39714604e-08  8.43606381e-05  1.20000000e+00  8.43606381e-05  0.00000000e+00 
 8.44606381e-05  1.19891749e+00  8.44606381e-05  4.85612902e-01  8.44606381e-05  1.81349604e-06  8.44606381e-05  3.78566465e-07  8.44606381e-05  1.18700862e-08  8.44606381e-05  1.20000000e+00  8.44606381e-05  0.00000000e+00 
 8.45606381e-05  1.19911554e+00  8.45606381e-05  4.85618220e-01  8.45606381e-05  1.81956582e-06  8.45606381e-05 -3.07572251e-07  8.45606381e-05  1.39737911e-08  8.45606381e-05  1.20000000e+00  8.45606381e-05  0.00000000e+00 
 8.46606381e-05  1.19925696e+00  8.46606381e-05  4.85608434e-01  8.46606381e-05  1.81349555e-06  8.46606381e-05  3.66369338e-07  8.46606381e-05  1.18719883e-08  8.46606381e-05  1.20000000e+00  8.46606381e-05  0.00000000e+00 
 8.47606381e-05  1.19936018e+00  8.47606381e-05  4.85623948e-01  8.47606381e-05  1.81956618e-06  8.47606381e-05 -3.16438442e-07  8.47606381e-05  1.39747711e-08  8.47606381e-05  1.20000000e+00  8.47606381e-05  0.00000000e+00 
 8.48606381e-05  1.19943324e+00  8.48606381e-05  4.85605201e-01  8.48606381e-05  1.81349529e-06  8.48606381e-05  3.60054869e-07  8.48606381e-05  1.18732317e-08  8.48606381e-05  1.20000000e+00  8.48606381e-05  0.00000000e+00 
 8.49303241e-05  1.19947270e+00  8.49303241e-05  4.85628192e-01  8.49303241e-05  1.81956637e-06  8.49303241e-05 -3.20553734e-07  8.49303241e-05  1.39748191e-08  8.49303241e-05  1.20000000e+00  8.49303241e-05  0.00000000e+00 
 8.50000100e-05  1.19950277e+00  8.50000100e-05  4.85601829e-01  8.50000100e-05  1.81349520e-06  8.50000100e-05  3.57612312e-07  8.50000100e-05  1.18743111e-08  8.50000100e-05  1.20000000e+00  8.50000100e-05  0.00000000e+00 
 8.50000110e-05  1.19948896e+00  8.50000110e-05  4.83117989e-01  8.50000110e-05  2.40353718e-06  8.50000110e-05 -1.04790031e-05  8.50000110e-05  1.76820383e-06  8.50000110e-05  1.08000000e+00  8.50000110e-05  0.00000000e+00 
 8.50000130e-05  1.19945611e+00  8.50000130e-05  4.77712077e-01  8.50000130e-05  2.55237179e-06  8.50000130e-05 -1.12685150e-05  8.50000130e-05  2.26555260e-06  8.50000130e-05  8.40000000e-01  8.50000130e-05  0.00000000e+00 
 8.50000165e-05  1.19938765e+00  8.50000165e-05  4.68232610e-01  8.50000165e-05  2.43635069e-06  8.50000165e-05 -4.63804529e-06  8.50000165e-05  1.81636120e-06  8.50000165e-05  4.20000000e-01  8.50000165e-05  0.00000000e+00 
 8.50000200e-05  1.19932253e+00  8.50000200e-05  4.61584031e-01  8.50000200e-05  2.18046043e-06  8.50000200e-05  1.76418497e-06  8.50000200e-05  1.05618715e-06  8.50000200e-05  0.00000000e+00  8.50000200e-05  0.00000000e+00 
 8.50000207e-05  1.19932112e+00  8.50000207e-05  4.62193387e-01  8.50000207e-05  1.64666609e-06  8.50000207e-05  7.08456269e-06  8.50000207e-05 -5.62692829e-07  8.50000207e-05  0.00000000e+00  8.50000207e-05  0.00000000e+00 
 8.50000220e-05  1.19931985e+00  8.50000220e-05  4.63453184e-01  8.50000220e-05  1.58025395e-06  8.50000220e-05  9.01450141e-06  8.50000220e-05 -8.56008082e-07  8.50000220e-05  0.00000000e+00  8.50000220e-05  0.00000000e+00 
 8.50000247e-05  1.19931839e+00  8.50000247e-05  4.65716361e-01  8.50000247e-05  1.67978415e-06  8.50000247e-05  7.74786822e-06  8.50000247e-05 -4.47988906e-07  8.50000247e-05  0.00000000e+00  8.50000247e-05  0.00000000e+00 
 8.50000300e-05  1.19931706e+00  8.50000300e-05  4.69482227e-01  8.50000300e-05  1.64337157e-06  8.50000300e-05  8.59727213e-06  8.50000300e-05 -6.02965830e-07  8.50000300e-05  0.00000000e+00  8.50000300e-05  0.00000000e+00 
 8.50000407e-05  1.19932081e+00  8.50000407e-05  4.75393183e-01  8.50000407e-05  1.73819436e-06  8.50000407e-05  5.48762648e-06  8.50000407e-05 -2.06605117e-07  8.50000407e-05  0.00000000e+00  8.50000407e-05  0.00000000e+00 
 8.50000621e-05  1.19934318e+00  8.50000621e-05  4.83487387e-01  8.50000621e-05  1.71215458e-06  8.50000621e-05  3.02092223e-06  8.50000621e-05 -3.22070633e-07  8.50000621e-05  0.00000000e+00  8.50000621e-05  0.00000000e+00 
 8.50001050e-05  1.19942208e+00  8.50001050e-05  4.92633033e-01  8.50001050e-05  1.80226832e-06  8.50001050e-05 -2.18889580e-06  8.50001050e-05  3.88604020e-08  8.50001050e-05  0.00000000e+00  8.50001050e-05  0.00000000e+00 
 8.50001906e-05  1.19961720e+00  8.50001906e-05  4.99997461e-01  8.50001906e-05  1.76933812e-06  8.50001906e-05 -4.52163564e-06  8.50001906e-05 -1.35443257e-07  8.50001906e-05  0.00000000e+00  8.50001906e-05  0.00000000e+00 
 8.50003024e-05  1.19981788e+00  8.50003024e-05  5.01522805e-01  8.50003024e-05  1.84646444e-06  8.50003024e-05 -7.22550970e-06  8.50003024e-05  1.46004599e-07  8.50003024e-05  0.00000000e+00  8.50003024e-05  0.00000000e+00 
 8.50004973e-05  1.19991184e+00  8.50004973e-05  4.90750410e-01  8.50004973e-05  1.81885932e-06  8.50004973e-05 -3.12639579e-06  8.50004973e-05 -3.40155213e-08  8.50004973e-05  0.00000000e+00  8.50004973e-05  0.00000000e+00 
 8.50007384e-05  1.19991279e+00  8.50007384e-05  4.83866720e-01  8.50007384e-05  1.83722475e-06  8.50007384e-05 -7.57439438e-07  8.50007384e-05  1.02776875e-07  8.50007384e-05  0.00000000e+00  8.50007384e-05  0.00000000e+00 
 8.50009665e-05  1.19991267e+00  8.50009665e-05  4.84053808e-01  8.50009665e-05  1.79684592e-06  8.50009665e-05  2.11364782e-07  8.50009665e-05 -7.92972450e-08  8.50009665e-05  0.00000000e+00  8.50009665e-05  0.00000000e+00 
 8.50013162e-05  1.19991208e+00  8.50013162e-05  4.84375247e-01  8.50013162e-05  1.83504697e-06  8.50013162e-05 -3.23606531e-07  8.50013162e-05  1.02257922e-07  8.50013162e-05  0.00000000e+00  8.50013162e-05  0.00000000e+00 
 8.50020156e-05  1.19990995e+00  8.50020156e-05  4.84789177e-01  8.50020156e-05  1.79734536e-06  8.50020156e-05  3.04081910e-07  8.50020156e-05 -7.80447318e-08  8.50020156e-05  0.00000000e+00  8.50020156e-05  0.00000000e+00 
 8.50034144e-05  1.19990583e+00  8.50034144e-05  4.85184718e-01  8.50034144e-05  1.83535606e-06  8.50034144e-05 -3.10335622e-07  8.50034144e-05  1.03128746e-07  8.50034144e-05  0.00000000e+00  8.50034144e-05  0.00000000e+00 
 8.50062119e-05  1.19989810e+00  8.50062119e-05  4.85386592e-01  8.50062119e-05  1.79762509e-06  8.50062119e-05  3.08002552e-07  8.50062119e-05 -7.73858959e-08  8.50062119e-05  0.00000000e+00  8.50062119e-05  0.00000000e+00 
 8.50118071e-05  1.19988437e+00  8.50118071e-05  4.85531904e-01  8.50118071e-05  1.83540859e-06  8.50118071e-05 -3.08311935e-07  8.50118071e-05  1.03219947e-07  8.50118071e-05  0.00000000e+00  8.50118071e-05  0.00000000e+00 
 8.50229974e-05  1.19986080e+00  8.50229974e-05  4.85597057e-01  8.50229974e-05  1.79765371e-06  8.50229974e-05  3.08072581e-07  8.50229974e-05 -7.73666202e-08  8.50229974e-05  0.00000000e+00  8.50229974e-05  0.00000000e+00 
 8.50453780e-05  1.19982351e+00  8.50453780e-05  4.85621014e-01  8.50453780e-05  1.83540743e-06  8.50453780e-05 -3.07994663e-07  8.50453780e-05  1.03216175e-07  8.50453780e-05  0.00000000e+00  8.50453780e-05  0.00000000e+00 
 8.50901392e-05  1.19976347e+00  8.50901392e-05  4.85609698e-01  8.50901392e-05  1.79765469e-06  8.50901392e-05  3.08004700e-07  8.50901392e-05 -7.73631122e-08  8.50901392e-05  0.00000000e+00  8.50901392e-05  0.00000000e+00 
 8.51796616e-05  1.19965363e+00  8.51796616e-05  4.85625909e-01  8.51796616e-05  1.83540655e-06  8.51796616e-05 -3.07952424e-07  8.51796616e-05  1.03213434e-07  8.51796616e-05  0.00000000e+00  8.51796616e-05  0.00000000e+00 
 8.52796616e-05  1.19953094e+00  8.52796616e-05  4.85610065e-01  8.52796616e-05  1.79765530e-06  8.52796616e-05  3.07983297e-07  8.52796616e-05 -7.73630434e-08  8.52796616e-05  0.00000000e+00  8.52796616e-05  0.00000000e+00 
 8.53796616e-05  1.19940836e+00  8.53796616e-05  4.85625950e-01  8.53796616e-05  1.83540596e-06  8.53796616e-05 -3.07927561e-07  8.53796616e-05  1.03211000e-07  8.53796616e-05  0.00000000e+00  8.53796616e-05  0.00000000e+00 
 8.54796616e-05  1.19928573e+00  8.54796616e-05  4.85609994e-01  8.54796616e-05  1.79765591e-06  8.54796616e-05  3.07963323e-07  8.54796616e-05 -7.73630946e-08  8.54796616e-05  0.00000000e+00  8.54796616e-05  0.00000000e+00 
 8.55796616e-05  1.19916323e+00  8.55796616e-05  4.85626084e-01  8.55796616e-05  1.83540533e-06  8.55796616e-05 -3.07903124e-07  8.55796616e-05  1.03208549e-07  8.55796616e-05  0.00000000e+00  8.55796616e-05  0.00000000e+00 
 8.56796616e-05  1.19904065e+00  8.56796616e-05  4.85609894e-01  8.56796616e-05  1.79765655e-06  8.56796616e-05  3.07943754e-07  8.56796616e-05 -7.73631280e-08  8.56796616e-05  0.00000000e+00  8.56796616e-05  0.00000000e+00 
 8.57796616e-05  1.19891822e+00  8.57796616e-05  4.85626224e-01  8.57796616e-05  1.83540469e-06  8.57796616e-05 -3.07879129e-07  8.57796616e-05  1.03206083e-07  8.57796616e-05  0.00000000e+00  8.57796616e-05  0.00000000e+00 
 8.58796616e-05  1.19879572e+00  8.58796616e-05  4.85609798e-01  8.58796616e-05  1.79765721e-06  8.58796616e-05  3.07924595e-07  8.58796616e-05 -7.73631447e-08  8.58796616e-05  0.00000000e+00  8.58796616e-05  0.00000000e+00 
 8.59796616e-05  1.19867336e+00  8.59796616e-05  4.85626359e-01  8.59796616e-05  1.83540403e-06  8.59796616e-05 -3.07855571e-07  8.59796616e-05  1.03203601e-07  8.59796616e-05  0.00000000e+00  8.59796616e-05  0.00000000e+00 
 8.60796616e-05  1.19855093e+00  8.60796616e-05  4.85609710e-01  8.60796616e-05  1.79765787e-06  8.60796616e-05  3.07905839e-07  8.60796616e-05 -7.73631459e-08  8.60796616e-05  0.00000000e+00  8.60796616e-05  0.00000000e+00 
 8.61796616e-05  1.19842864e+00  8.61796616e-05  4.85626484e-01  8.61796616e-05  1.83540336e-06  8.61796616e-05 -3.07832442e-07  8.61796616e-05  1.03201106e-07  8.61796616e-05  0.00000000e+00  8.61796616e-05  0.00000000e+00 
 8.62796616e-05  1.19830627e+00  8.62796616e-05  4.85609632e-01  8.62796616e-05  1.79765854e-06  8.62796616e-05  3.07887475e-07  8.62796616e-05 -7.73631331e-08  8.62796616e-05  0.00000000e+00  8.62796616e-05  0.00000000e+00 
 8.63796616e-05  1.19818405e+00  8.63796616e-05  4.85626600e-01  8.63796616e-05  1.83540268e-06  8.63796616e-05 -3.07809729e-07  8.63796616e-05  1.03198599e-07  8.63796616e-05  0.00000000e+00  8.63796616e-05  0.00000000e+00 
 8.64796616e-05  1.19806175e+00  8.64796616e-05  4.85609564e-01  8.64796616e-05  1.79765921e-06  8.64796616e-05  3.07869489e-07  8.64796616e-05 -7.73631076e-08  8.64796616e-05  0.00000000e+00  8.64796616e-05  0.00000000e+00 
 8.65796616e-05  1.19793959e+00  8.65796616e-05  4.85626707e-01  8.65796616e-05  1.83540201e-06  8.65796616e-05 -3.07787423e-07  8.65796616e-05  1.03196081e-07  8.65796616e-05  0.00000000e+00  8.65796616e-05  0.00000000e+00 
 8.66796616e-05  1.19781736e+00  8.66796616e-05  4.85609507e-01  8.66796616e-05  1.79765989e-06  8.66796616e-05  3.07851872e-07  8.66796616e-05 -7.73630704e-08  8.66796616e-05  0.00000000e+00  8.66796616e-05  0.00000000e+00 
 8.67796616e-05  1.19769527e+00  8.67796616e-05  4.85626804e-01  8.67796616e-05  1.83540133e-06  8.67796616e-05 -3.07765510e-07  8.67796616e-05  1.03193552e-07  8.67796616e-05  0.00000000e+00  8.67796616e-05  0.00000000e+00 
 8.68796616e-05  1.19757311e+00  8.68796616e-05  4.85609460e-01  8.68796616e-05  1.79766057e-06  8.68796616e-05  3.07834612e-07  8.68796616e-05 -7.73630228e-08  8.68796616e-05  0.00000000e+00  8.68796616e-05  0.00000000e+00 
 8.69796616e-05  1.19745109e+00  8.69796616e-05  4.85626893e-01  8.69796616e-05  1.83540065e-06  8.69796616e-05 -3.07743982e-07  8.69796616e-05  1.03191015e-07  8.69796616e-05  0.00000000e+00  8.69796616e-05  0.00000000e+00 
 8.70796616e-05  1.19732899e+00  8.70796616e-05  4.85609421e-01  8.70796616e-05  1.79766126e-06  8.70796616e-05  3.07817699e-07  8.70796616e-05 -7.73629658e-08  8.70796616e-05  0.00000000e+00  8.70796616e-05  0.00000000e+00 
 8.71796616e-05  1.19720703e+00  8.71796616e-05  4.85626974e-01  8.71796616e-05  1.83539997e-06  8.71796616e-05 -3.07722828e-07  8.71796616e-05  1.03188471e-07  8.71796616e-05  0.00000000e+00  8.71796616e-05  0.00000000e+00 
 8.72796616e-05  1.19708501e+00  8.72796616e-05  4.85609391e-01  8.72796616e-05  1.79766194e-06  8.72796616e-05  3.07801124e-07  8.72796616e-05 -7.73629004e-08  8.72796616e-05  0.00000000e+00  8.72796616e-05  0.00000000e+00 
 8.73796616e-05  1.19696311e+00  8.73796616e-05  4.85627048e-01  8.73796616e-05  1.83539928e-06  8.73796616e-05 -3.07702039e-07  8.73796616e-05  1.03185919e-07  8.73796616e-05  0.00000000e+00  8.73796616e-05  0.00000000e+00 
 8.74796616e-05  1.19684115e+00  8.74796616e-05  4.85609368e-01  8.74796616e-05  1.79766262e-06  8.74796616e-05  3.07784878e-07  8.74796616e-05 -7.73628273e-08  8.74796616e-05  0.00000000e+00  8.74796616e-05  0.00000000e+00 
 8.75796616e-05  1.19671932e+00  8.75796616e-05  4.85627117e-01  8.75796616e-05  1.83539860e-06  8.75796616e-05 -3.07681608e-07  8.75796616e-05  1.03183361e-07  8.75796616e-05  0.00000000e+00  8.75796616e-05  0.00000000e+00 
 8.76796616e-05  1.19659743e+00  8.76796616e-05  4.85609352e-01  8.76796616e-05  1.79766330e-06  8.76796616e-05  3.07768955e-07  8.76796616e-05 -7.73627475e-08  8.76796616e-05  0.00000000e+00  8.76796616e-05  0.00000000e+00 
 8.77796616e-05  1.19647567e+00  8.77796616e-05  4.85627179e-01  8.77796616e-05  1.83539792e-06  8.77796616e-05 -3.07661526e-07  8.77796616e-05  1.03180798e-07  8.77796616e-05  0.00000000e+00  8.77796616e-05  0.00000000e+00 
 8.78796616e-05  1.19635384e+00  8.78796616e-05  4.85609342e-01  8.78796616e-05  1.79766398e-06  8.78796616e-05  3.07753347e-07  8.78796616e-05 -7.73626617e-08  8.78796616e-05  0.00000000e+00  8.78796616e-05  0.00000000e+00 
 8.79796616e-05  1.19623214e+00  8.79796616e-05  4.85627236e-01  8.79796616e-05  1.83539724e-06  8.79796616e-05 -3.07641787e-07  8.79796616e-05  1.03178230e-07  8.79796616e-05  0.00000000e+00  8.79796616e-05  0.00000000e+00 
 8.80796616e-05  1.19611037e+00  8.80796616e-05  4.85609339e-01  8.80796616e-05  1.79766467e-06  8.80796616e-05  3.07738048e-07  8.80796616e-05 -7.73625705e-08  8.80796616e-05  0.00000000e+00  8.80796616e-05  0.00000000e+00 
 8.81796616e-05  1.19598874e+00  8.81796616e-05  4.85627289e-01  8.81796616e-05  1.83539656e-06  8.81796616e-05 -3.07622385e-07  8.81796616e-05  1.03175659e-07  8.81796616e-05  0.00000000e+00  8.81796616e-05  0.00000000e+00 
 8.82796616e-05  1.19586704e+00  8.82796616e-05  4.85609340e-01  8.82796616e-05  1.79766534e-06  8.82796616e-05  3.07723052e-07  8.82796616e-05 -7.73624746e-08  8.82796616e-05  0.00000000e+00  8.82796616e-05  0.00000000e+00 
 8.83796616e-05  1.19574547e+00  8.83796616e-05  4.85627337e-01  8.83796616e-05  1.83539588e-06  8.83796616e-05 -3.07603314e-07  8.83796616e-05  1.03173084e-07  8.83796616e-05  0.00000000e+00  8.83796616e-05  0.00000000e+00 
 8.84796616e-05  1.19562383e+00  8.84796616e-05  4.85609347e-01  8.84796616e-05  1.79766602e-06  8.84796616e-05  3.07708354e-07  8.84796616e-05 -7.73623745e-08  8.84796616e-05  0.00000000e+00  8.84796616e-05  0.00000000e+00 
 8.85796616e-05  1.19550232e+00  8.85796616e-05  4.85627382e-01  8.85796616e-05  1.83539520e-06  8.85796616e-05 -3.07584570e-07  8.85796616e-05  1.03170506e-07  8.85796616e-05  0.00000000e+00  8.85796616e-05  0.00000000e+00 
 8.86796616e-05  1.19538075e+00  8.86796616e-05  4.85609359e-01  8.86796616e-05  1.79766670e-06  8.86796616e-05  3.07693949e-07  8.86796616e-05 -7.73622709e-08  8.86796616e-05  0.00000000e+00  8.86796616e-05  0.00000000e+00 
 8.87796616e-05  1.19525931e+00  8.87796616e-05  4.85627423e-01  8.87796616e-05  1.83539452e-06  8.87796616e-05 -3.07566146e-07  8.87796616e-05  1.03167926e-07  8.87796616e-05  0.00000000e+00  8.87796616e-05  0.00000000e+00 
 8.88796616e-05  1.19513780e+00  8.88796616e-05  4.85609374e-01  8.88796616e-05  1.79766738e-06  8.88796616e-05  3.07679833e-07  8.88796616e-05 -7.73621642e-08  8.88796616e-05  0.00000000e+00  8.88796616e-05  0.00000000e+00 
 8.89796616e-05  1.19501642e+00  8.89796616e-05  4.85627462e-01  8.89796616e-05  1.83539384e-06  8.89796616e-05 -3.07548040e-07  8.89796616e-05  1.03165344e-07  8.89796616e-05  0.00000000e+00  8.89796616e-05  0.00000000e+00 
 8.90796616e-05  1.19489497e+00  8.90796616e-05  4.85609394e-01  8.90796616e-05  1.79766805e-06  8.90796616e-05  3.07666003e-07  8.90796616e-05 -7.73620548e-08  8.90796616e-05  0.00000000e+00  8.90796616e-05  0.00000000e+00 
 8.91796616e-05  1.19477365e+00  8.91796616e-05  4.85627497e-01  8.91796616e-05  1.83539317e-06  8.91796616e-05 -3.07530247e-07  8.91796616e-05  1.03162761e-07  8.91796616e-05  0.00000000e+00  8.91796616e-05  0.00000000e+00 
 8.92796616e-05  1.19465227e+00  8.92796616e-05  4.85609418e-01  8.92796616e-05  1.79766873e-06  8.92796616e-05  3.07652455e-07  8.92796616e-05 -7.73619431e-08  8.92796616e-05  0.00000000e+00  8.92796616e-05  0.00000000e+00 
 8.93796616e-05  1.19453101e+00  8.93796616e-05  4.85627530e-01  8.93796616e-05  1.83539250e-06  8.93796616e-05 -3.07512764e-07  8.93796616e-05  1.03160176e-07  8.93796616e-05  0.00000000e+00  8.93796616e-05  0.00000000e+00 
 8.94796616e-05  1.19440969e+00  8.94796616e-05  4.85609446e-01  8.94796616e-05  1.79766939e-06  8.94796616e-05  3.07639185e-07  8.94796616e-05 -7.73618296e-08  8.94796616e-05  0.00000000e+00  8.94796616e-05  0.00000000e+00 
 8.95796616e-05  1.19428849e+00  8.95796616e-05  4.85627561e-01  8.95796616e-05  1.83539183e-06  8.95796616e-05 -3.07495588e-07  8.95796616e-05  1.03157591e-07  8.95796616e-05  0.00000000e+00  8.95796616e-05  0.00000000e+00 
 8.96796616e-05  1.19416723e+00  8.96796616e-05  4.85609476e-01  8.96796616e-05  1.79767006e-06  8.96796616e-05  3.07626191e-07  8.96796616e-05 -7.73617146e-08  8.96796616e-05  0.00000000e+00  8.96796616e-05  0.00000000e+00 
 8.97796616e-05  1.19404610e+00  8.97796616e-05  4.85627589e-01  8.97796616e-05  1.83539116e-06  8.97796616e-05 -3.07478716e-07  8.97796616e-05  1.03155006e-07  8.97796616e-05  0.00000000e+00  8.97796616e-05  0.00000000e+00 
 8.98796616e-05  1.19392490e+00  8.98796616e-05  4.85609510e-01  8.98796616e-05  1.79767073e-06  8.98796616e-05  3.07613471e-07  8.98796616e-05 -7.73615984e-08  8.98796616e-05  0.00000000e+00  8.98796616e-05  0.00000000e+00 
 8.99796616e-05  1.19380383e+00  8.99796616e-05  4.85627616e-01  8.99796616e-05  1.83539049e-06  8.99796616e-05 -3.07462145e-07  8.99796616e-05  1.03152420e-07  8.99796616e-05  0.00000000e+00  8.99796616e-05  0.00000000e+00 
 9.00796616e-05  1.19368269e+00  9.00796616e-05  4.85609547e-01  9.00796616e-05  1.79767139e-06  9.00796616e-05  3.07601023e-07  9.00796616e-05 -7.73614814e-08  9.00796616e-05  0.00000000e+00  9.00796616e-05  0.00000000e+00 
 9.01796616e-05  1.19356168e+00  9.01796616e-05  4.85627641e-01  9.01796616e-05  1.83538983e-06  9.01796616e-05 -3.07445873e-07  9.01796616e-05  1.03149835e-07  9.01796616e-05  0.00000000e+00  9.01796616e-05  0.00000000e+00 
 9.02796616e-05  1.19344060e+00  9.02796616e-05  4.85609587e-01  9.02796616e-05  1.79767206e-06  9.02796616e-05  3.07588844e-07  9.02796616e-05 -7.73613637e-08  9.02796616e-05  0.00000000e+00  9.02796616e-05  0.00000000e+00 
 9.03796616e-05  1.19331965e+00  9.03796616e-05  4.85627665e-01  9.03796616e-05  1.83538917e-06  9.03796616e-05 -3.07429899e-07  9.03796616e-05  1.03147251e-07  9.03796616e-05  0.00000000e+00  9.03796616e-05  0.00000000e+00 
 9.04796616e-05  1.19319863e+00  9.04796616e-05  4.85609630e-01  9.04796616e-05  1.79767272e-06  9.04796616e-05  3.07576933e-07  9.04796616e-05 -7.73612456e-08  9.04796616e-05  0.00000000e+00  9.04796616e-05  0.00000000e+00 
 9.05796616e-05  1.19307774e+00  9.05796616e-05  4.85627687e-01  9.05796616e-05  1.83538851e-06  9.05796616e-05 -3.07414219e-07  9.05796616e-05  1.03144667e-07  9.05796616e-05  0.00000000e+00  9.05796616e-05  0.00000000e+00 
 9.06796616e-05  1.19295678e+00  9.06796616e-05  4.85609675e-01  9.06796616e-05  1.79767338e-06  9.06796616e-05  3.07565288e-07  9.06796616e-05 -7.73611275e-08  9.06796616e-05  0.00000000e+00  9.06796616e-05  0.00000000e+00 
 9.07796616e-05  1.19283595e+00  9.07796616e-05  4.85627708e-01  9.07796616e-05  1.83538785e-06  9.07796616e-05 -3.07398834e-07  9.07796616e-05  1.03142084e-07  9.07796616e-05  0.00000000e+00  9.07796616e-05  0.00000000e+00 
 9.08796616e-05  1.19271505e+00  9.08796616e-05  4.85609723e-01  9.08796616e-05  1.79767403e-06  9.08796616e-05  3.07553909e-07  9.08796616e-05 -7.73610094e-08  9.08796616e-05  0.00000000e+00  9.08796616e-05  0.00000000e+00 
 9.09796616e-05  1.19259427e+00  9.09796616e-05  4.85627729e-01  9.09796616e-05  1.83538720e-06  9.09796616e-05 -3.07383742e-07  9.09796616e-05  1.03139502e-07  9.09796616e-05  0.00000000e+00  9.09796616e-05  0.00000000e+00 
 9.10796616e-05  1.19247344e+00  9.10796616e-05  4.85609773e-01  9.10796616e-05  1.79767468e-06  9.10796616e-05  3.07542794e-07  9.10796616e-05 -7.73608917e-08  9.10796616e-05  0.00000000e+00  9.10796616e-05  0.00000000e+00 
 9.11796616e-05  1.19235272e+00  9.11796616e-05  4.85627748e-01  9.11796616e-05  1.83538655e-06  9.11796616e-05 -3.07368941e-07  9.11796616e-05  1.03136921e-07  9.11796616e-05  0.00000000e+00  9.11796616e-05  0.00000000e+00 
 9.12796616e-05  1.19223194e+00  9.12796616e-05  4.85609825e-01  9.12796616e-05  1.79767533e-06  9.12796616e-05  3.07531943e-07  9.12796616e-05 -7.73607744e-08  9.12796616e-05  0.00000000e+00  9.12796616e-05  0.00000000e+00 
 9.13796616e-05  1.19211128e+00  9.13796616e-05  4.85627767e-01  9.13796616e-05  1.83538590e-06  9.13796616e-05 -3.07354432e-07  9.13796616e-05  1.03134342e-07  9.13796616e-05  0.00000000e+00  9.13796616e-05  0.00000000e+00 
 9.14796616e-05  1.19199057e+00  9.14796616e-05  4.85609880e-01  9.14796616e-05  1.79767598e-06  9.14796616e-05  3.07521355e-07  9.14796616e-05 -7.73606578e-08  9.14796616e-05  0.00000000e+00  9.14796616e-05  0.00000000e+00 
 9.15796616e-05  1.19186996e+00  9.15796616e-05  4.85627785e-01  9.15796616e-05  1.83538525e-06  9.15796616e-05 -3.07340212e-07  9.15796616e-05  1.03131765e-07  9.15796616e-05  0.00000000e+00  9.15796616e-05  0.00000000e+00 
 9.16796616e-05  1.19174931e+00  9.16796616e-05  4.85609936e-01  9.16796616e-05  1.79767663e-06  9.16796616e-05  3.07511029e-07  9.16796616e-05 -7.73605420e-08  9.16796616e-05  0.00000000e+00  9.16796616e-05  0.00000000e+00 
 9.17796616e-05  1.19162876e+00  9.17796616e-05  4.85627802e-01  9.17796616e-05  1.83538461e-06  9.17796616e-05 -3.07326282e-07  9.17796616e-05  1.03129190e-07  9.17796616e-05  0.00000000e+00  9.17796616e-05  0.00000000e+00 
 9.18796616e-05  1.19150816e+00  9.18796616e-05  4.85609995e-01  9.18796616e-05  1.79767727e-06  9.18796616e-05  3.07500967e-07  9.18796616e-05 -7.73604272e-08  9.18796616e-05  0.00000000e+00  9.18796616e-05  0.00000000e+00 
 9.19796616e-05  1.19138767e+00  9.19796616e-05  4.85627819e-01  9.19796616e-05  1.83538397e-06  9.19796616e-05 -3.07312642e-07  9.19796616e-05  1.03126616e-07  9.19796616e-05  0.00000000e+00  9.19796616e-05  0.00000000e+00 
 9.20796616e-05  1.19126713e+00  9.20796616e-05  4.85610056e-01  9.20796616e-05  1.79767791e-06  9.20796616e-05  3.07491167e-07  9.20796616e-05 -7.73603134e-08  9.20796616e-05  0.00000000e+00  9.20796616e-05  0.00000000e+00 
 9.21796616e-05  1.19114670e+00  9.21796616e-05  4.85627835e-01  9.21796616e-05  1.83538333e-06  9.21796616e-05 -3.07299291e-07  9.21796616e-05  1.03124045e-07  9.21796616e-05  0.00000000e+00  9.21796616e-05  0.00000000e+00 
 9.22796616e-05  1.19102621e+00  9.22796616e-05  4.85610119e-01  9.22796616e-05  1.79767855e-06  9.22796616e-05  3.07481630e-07  9.22796616e-05 -7.73602010e-08  9.22796616e-05  0.00000000e+00  9.22796616e-05  0.00000000e+00 
 9.23796616e-05  1.19090584e+00  9.23796616e-05  4.85627852e-01  9.23796616e-05  1.83538269e-06  9.23796616e-05 -3.07286229e-07  9.23796616e-05  1.03121475e-07  9.23796616e-05  0.00000000e+00  9.23796616e-05  0.00000000e+00 
 9.24796616e-05  1.19078541e+00  9.24796616e-05  4.85610184e-01  9.24796616e-05  1.79767918e-06  9.24796616e-05  3.07472355e-07  9.24796616e-05 -7.73600898e-08  9.24796616e-05  0.00000000e+00  9.24796616e-05  0.00000000e+00 
 9.25796616e-05  1.19066509e+00  9.25796616e-05  4.85627868e-01  9.25796616e-05  1.83538206e-06  9.25796616e-05 -3.07273457e-07  9.25796616e-05  1.03118909e-07  9.25796616e-05  0.00000000e+00  9.25796616e-05  0.00000000e+00 
 9.26796616e-05  1.19054472e+00  9.26796616e-05  4.85610251e-01  9.26796616e-05  1.79767981e-06  9.26796616e-05  3.07463345e-07  9.26796616e-05 -7.73599802e-08  9.26796616e-05  0.00000000e+00  9.26796616e-05  0.00000000e+00 
 9.27796616e-05  1.19042446e+00  9.27796616e-05  4.85627883e-01  9.27796616e-05  1.83538143e-06  9.27796616e-05 -3.07260974e-07  9.27796616e-05  1.03116344e-07  9.27796616e-05  0.00000000e+00  9.27796616e-05  0.00000000e+00 
 9.28796616e-05  1.19030414e+00  9.28796616e-05  4.85610320e-01  9.28796616e-05  1.79768045e-06  9.28796616e-05  3.07454599e-07  9.28796616e-05 -7.73598721e-08  9.28796616e-05  0.00000000e+00  9.28796616e-05  0.00000000e+00 
 9.29796616e-05  1.19018393e+00  9.29796616e-05  4.85627899e-01  9.29796616e-05  1.83538080e-06  9.29796616e-05 -3.07248783e-07  9.29796616e-05  1.03113782e-07  9.29796616e-05  0.00000000e+00  9.29796616e-05  0.00000000e+00 
 9.30796616e-05  1.19006367e+00  9.30796616e-05  4.85610391e-01  9.30796616e-05  1.79768107e-06  9.30796616e-05  3.07446118e-07  9.30796616e-05 -7.73597657e-08  9.30796616e-05  0.00000000e+00  9.30796616e-05  0.00000000e+00 
 9.31796616e-05  1.18994352e+00  9.31796616e-05  4.85627915e-01  9.31796616e-05  1.83538017e-06  9.31796616e-05 -3.07236882e-07  9.31796616e-05  1.03111223e-07  9.31796616e-05  0.00000000e+00  9.31796616e-05  0.00000000e+00 
 9.32796616e-05  1.18982332e+00  9.32796616e-05  4.85610464e-01  9.32796616e-05  1.79768169e-06  9.32796616e-05  3.07437903e-07  9.32796616e-05 -7.73596610e-08  9.32796616e-05  0.00000000e+00  9.32796616e-05  0.00000000e+00 
 9.33796616e-05  1.18970322e+00  9.33796616e-05  4.85627930e-01  9.33796616e-05  1.83537955e-06  9.33796616e-05 -3.07225274e-07  9.33796616e-05  1.03108666e-07  9.33796616e-05  0.00000000e+00  9.33796616e-05  0.00000000e+00 
 9.34796616e-05  1.18958307e+00  9.34796616e-05  4.85610538e-01  9.34796616e-05  1.79768231e-06  9.34796616e-05  3.07429955e-07  9.34796616e-05 -7.73595582e-08  9.34796616e-05  0.00000000e+00  9.34796616e-05  0.00000000e+00 
 9.35796616e-05  1.18946303e+00  9.35796616e-05  4.85627946e-01  9.35796616e-05  1.83537893e-06  9.35796616e-05 -3.07213958e-07  9.35796616e-05  1.03106112e-07  9.35796616e-05  0.00000000e+00  9.35796616e-05  0.00000000e+00 
 9.36796616e-05  1.18934294e+00  9.36796616e-05  4.85610615e-01  9.36796616e-05  1.79768293e-06  9.36796616e-05  3.07422276e-07  9.36796616e-05 -7.73594574e-08  9.36796616e-05  0.00000000e+00  9.36796616e-05  0.00000000e+00 
 9.37796616e-05  1.18922295e+00  9.37796616e-05  4.85627961e-01  9.37796616e-05  1.83537831e-06  9.37796616e-05 -3.07202937e-07  9.37796616e-05  1.03103561e-07  9.37796616e-05  0.00000000e+00  9.37796616e-05  0.00000000e+00 
 9.38796616e-05  1.18910291e+00  9.38796616e-05  4.85610693e-01  9.38796616e-05  1.79768355e-06  9.38796616e-05  3.07414866e-07  9.38796616e-05 -7.73593585e-08  9.38796616e-05  0.00000000e+00  9.38796616e-05  0.00000000e+00 
 9.39796616e-05  1.18898298e+00  9.39796616e-05  4.85627977e-01  9.39796616e-05  1.83537770e-06  9.39796616e-05 -3.07192211e-07  9.39796616e-05  1.03101013e-07  9.39796616e-05  0.00000000e+00  9.39796616e-05  0.00000000e+00 
 9.40796616e-05  1.18886299e+00  9.40796616e-05  4.85610773e-01  9.40796616e-05  1.79768416e-06  9.40796616e-05  3.07407728e-07  9.40796616e-05 -7.73592618e-08  9.40796616e-05  0.00000000e+00  9.40796616e-05  0.00000000e+00 
 9.41796616e-05  1.18874312e+00  9.41796616e-05  4.85627992e-01  9.41796616e-05  1.83537709e-06  9.41796616e-05 -3.07181782e-07  9.41796616e-05  1.03098468e-07  9.41796616e-05  0.00000000e+00  9.41796616e-05  0.00000000e+00 
 9.42796616e-05  1.18862318e+00  9.42796616e-05  4.85610855e-01  9.42796616e-05  1.79768477e-06  9.42796616e-05  3.07400863e-07  9.42796616e-05 -7.73591672e-08  9.42796616e-05  0.00000000e+00  9.42796616e-05  0.00000000e+00 
 9.43796616e-05  1.18850336e+00  9.43796616e-05  4.85628008e-01  9.43796616e-05  1.83537648e-06  9.43796616e-05 -3.07171651e-07  9.43796616e-05  1.03095926e-07  9.43796616e-05  0.00000000e+00  9.43796616e-05  0.00000000e+00 
 9.44796616e-05  1.18838348e+00  9.44796616e-05  4.85610939e-01  9.44796616e-05  1.79768538e-06  9.44796616e-05  3.07394273e-07  9.44796616e-05 -7.73590749e-08  9.44796616e-05  0.00000000e+00  9.44796616e-05  0.00000000e+00 
 9.45796616e-05  1.18826371e+00  9.45796616e-05  4.85628024e-01  9.45796616e-05  1.83537588e-06  9.45796616e-05 -3.07161820e-07  9.45796616e-05  1.03093387e-07  9.45796616e-05  0.00000000e+00  9.45796616e-05  0.00000000e+00 
 9.46796616e-05  1.18814388e+00  9.46796616e-05  4.85611025e-01  9.46796616e-05  1.79768598e-06  9.46796616e-05  3.07387959e-07  9.46796616e-05 -7.73589849e-08  9.46796616e-05  0.00000000e+00  9.46796616e-05  0.00000000e+00 
 9.47796616e-05  1.18802416e+00  9.47796616e-05  4.85628040e-01  9.47796616e-05  1.83537527e-06  9.47796616e-05 -3.07152291e-07  9.47796616e-05  1.03090851e-07  9.47796616e-05  0.00000000e+00  9.47796616e-05  0.00000000e+00 
 9.48796616e-05  1.18790439e+00  9.48796616e-05  4.85611112e-01  9.48796616e-05  1.79768658e-06  9.48796616e-05  3.07381924e-07  9.48796616e-05 -7.73588973e-08  9.48796616e-05  0.00000000e+00  9.48796616e-05  0.00000000e+00 
 9.49398308e-05  1.18783240e+00  9.49398308e-05  4.85628038e-01  9.49398308e-05  1.83537448e-06  9.49398308e-05 -3.07141030e-07  9.49398308e-05  1.03088129e-07  9.49398308e-05  0.00000000e+00  9.49398308e-05  0.00000000e+00 
 9.50000000e-05  1.18776034e+00  9.50000000e-05  4.85611197e-01  9.50000000e-05  1.79768757e-06  9.50000000e-05  3.07370506e-07  9.50000000e-05 -7.73574601e-08  9.50000000e-05  0.00000000e+00  9.50000000e-05  0.00000000e+00 
 9.50000010e-05  1.18776685e+00  9.50000010e-05  4.87162050e-01  9.50000010e-05  1.52625397e-06  9.50000010e-05 -2.54887573e-06  9.50000010e-05  5.99485114e-05  9.50000010e-05  0.00000000e+00  9.50000010e-05  1.20000000e-01 
 9.50000030e-05  1.18778663e+00  9.50000030e-05  4.92599483e-01  9.50000030e-05  1.05149810e-06  9.50000030e-05 -6.58554642e-06  9.50000030e-05  1.55450518e-04  9.50000030e-05  0.00000000e+00  9.50000030e-05  3.60000000e-01 
 9.50000065e-05  1.18783601e+00  9.50000065e-05  5.05678450e-01  9.50000065e-05  9.32397893e-07  9.50000065e-05 -6.71809329e-06  9.50000065e-05  1.71897622e-04  9.50000065e-05  0.00000000e+00  9.50000065e-05  7.80000000e-01 
 9.50000100e-05  1.18787866e+00  9.50000100e-05  5.14815704e-01  9.50000100e-05  1.23272992e-06  9.50000100e-05 -4.03495973e-06  9.50000100e-05  1.21700636e-04  9.50000100e-05  0.00000000e+00  9.50000100e-05  1.20000000e+00 
 9.50000107e-05  1.18787678e+00  9.50000107e-05  5.15112811e-01  9.50000107e-05  1.57317264e-06  9.50000107e-05 -2.10280739e-06  9.50000107e-05  4.14197644e-05  9.50000107e-05  0.00000000e+00  9.50000107e-05  1.20000000e+00 
 9.50000121e-05  1.18787158e+00  9.50000121e-05  5.15512399e-01  9.50000121e-05  1.64625516e-06  9.50000121e-05 -1.66641442e-06  9.50000121e-05  2.46895733e-05  9.50000121e-05  0.00000000e+00  9.50000121e-05  1.20000000e+00 
 9.50000149e-05  1.18786081e+00  9.50000149e-05  5.16408166e-01  9.50000149e-05  1.57591060e-06  9.50000149e-05 -2.27508660e-06  9.50000149e-05  3.69415284e-05  9.50000149e-05  0.00000000e+00  9.50000149e-05  1.20000000e+00 
 9.50000205e-05  1.18783997e+00  9.50000205e-05  5.18458397e-01  9.50000205e-05  1.65700249e-06  9.50000205e-05 -1.93672007e-06  9.50000205e-05  2.19192700e-05  9.50000205e-05  0.00000000e+00  9.50000205e-05  1.20000000e+00 
 9.50000317e-05  1.18780000e+00  9.50000317e-05  5.22181007e-01  9.50000317e-05  1.63852014e-06  9.50000317e-05 -2.36337142e-06  9.50000317e-05  2.98691856e-05  9.50000317e-05  0.00000000e+00  9.50000317e-05  1.20000000e+00 
 9.50000541e-05  1.18773045e+00  9.50000541e-05  5.27422249e-01  9.50000541e-05  1.75533774e-06  9.50000541e-05 -1.81495095e-06  9.50000541e-05  1.17055542e-05  9.50000541e-05  0.00000000e+00  9.50000541e-05  1.20000000e+00 
 9.50000989e-05  1.18762774e+00  9.50000989e-05  5.32167465e-01  9.50000989e-05  1.74724035e-06  9.50000989e-05 -1.88652893e-06  9.50000989e-05  1.62285100e-05  9.50000989e-05  0.00000000e+00  9.50000989e-05  1.20000000e+00 
 9.50001885e-05  1.18751113e+00  9.50001885e-05  5.33330850e-01  9.50001885e-05  1.84552628e-06  9.50001885e-05 -8.15026162e-07  9.50001885e-05 -1.11410960e-06  9.50001885e-05  0.00000000e+00  9.50001885e-05  1.20000000e+00 
 9.50003677e-05  1.18741151e+00  9.50003677e-05  5.30093027e-01  9.50003677e-05  1.79616591e-06  9.50003677e-05 -4.37531607e-07  9.50003677e-05  7.73979918e-06  9.50003677e-05  0.00000000e+00  9.50003677e-05  1.20000000e+00 
 9.50006318e-05  1.18735557e+00  9.50006318e-05  5.26005650e-01  9.50006318e-05  1.85412820e-06  9.50006318e-05  3.14420008e-07  9.50006318e-05 -4.74953069e-06  9.50006318e-05  0.00000000e+00  9.50006318e-05  1.20000000e+00 
 9.50010942e-05  1.18730687e+00  9.50010942e-05  5.20541154e-01  9.50010942e-05  1.79227835e-06  9.50010942e-05 -7.11188282e-08  9.50010942e-05  6.57944600e-06  9.50010942e-05  0.00000000e+00  9.50010942e-05  1.20000000e+00 
 9.50019145e-05  1.18725229e+00  9.50019145e-05  5.13242850e-01  9.50019145e-05  1.85031627e-06  9.50019145e-05  2.95373002e-07  9.50019145e-05 -5.23450855e-06  9.50019145e-05  0.00000000e+00  9.50019145e-05  1.20000000e+00 
 9.50035550e-05  1.18716386e+00  9.50035550e-05  5.03907915e-01  9.50035550e-05  1.78816007e-06  9.50035550e-05 -1.57497249e-07  9.50035550e-05  6.35625732e-06  9.50035550e-05  0.00000000e+00  9.50035550e-05  1.20000000e+00 
 9.50068360e-05  1.18700273e+00  9.50068360e-05  4.94585827e-01  9.50068360e-05  1.84707954e-06  9.50068360e-05  2.25954329e-07  9.50068360e-05 -5.32569836e-06  9.50068360e-05  0.00000000e+00  9.50068360e-05  1.20000000e+00 
 9.50133980e-05  1.18668067e+00  9.50133980e-05  4.87675310e-01  9.50133980e-05  1.78629856e-06  9.50133980e-05 -2.00944731e-07  9.50133980e-05  6.36381187e-06  9.50133980e-05  0.00000000e+00  9.50133980e-05  1.20000000e+00 
 9.50265221e-05  1.18603155e+00  9.50265221e-05  4.85509820e-01  9.50265221e-05  1.84660480e-06  9.50265221e-05  2.05204640e-07  9.50265221e-05 -5.30433947e-06  9.50265221e-05  0.00000000e+00  9.50265221e-05  1.20000000e+00 
 9.50527702e-05  1.18474908e+00  9.50527702e-05  4.85804061e-01  9.50527702e-05  1.78642994e-06  9.50527702e-05 -2.05246428e-07  9.50527702e-05  6.36628615e-06  9.50527702e-05  0.00000000e+00  9.50527702e-05  1.20000000e+00 
 9.50998565e-05  1.18247100e+00  9.50998565e-05  4.85683337e-01  9.50998565e-05  1.84663923e-06  9.50998565e-05  2.05624037e-07  9.50998565e-05 -5.30420581e-06  9.50998565e-05  0.00000000e+00  9.50998565e-05  1.20000000e+00 
 9.51940291e-05  1.17792723e+00  9.51940291e-05  4.85828452e-01  9.51940291e-05  1.78641834e-06  9.51940291e-05 -2.05341547e-07  9.51940291e-05  6.36623639e-06  9.51940291e-05  0.00000000e+00  9.51940291e-05  1.20000000e+00 
 9.52940291e-05  1.17310234e+00  9.52940291e-05  4.85774617e-01  9.52940291e-05  1.84664469e-06  9.52940291e-05  2.05746733e-07  9.52940291e-05 -5.30409210e-06  9.52940291e-05  0.00000000e+00  9.52940291e-05  1.20000000e+00 
 9.53940291e-05  1.16827814e+00  9.53940291e-05  4.85847404e-01  9.53940291e-05  1.78641357e-06  9.53940291e-05 -2.05351122e-07  9.53940291e-05  6.36618786e-06  9.53940291e-05  0.00000000e+00  9.53940291e-05  1.20000000e+00 
 9.54940291e-05  1.16345433e+00  9.54940291e-05  4.85767870e-01  9.54940291e-05  1.84664870e-06  9.54940291e-05  2.05846616e-07  9.54940291e-05 -5.30404196e-06  9.54940291e-05  0.00000000e+00  9.54940291e-05  1.20000000e+00 
 9.55940291e-05  1.15863158e+00  9.55940291e-05  4.85744559e-01  9.55940291e-05  1.78641061e-06  9.55940291e-05 -2.05355117e-07  9.55940291e-05  6.36602067e-06  9.55940291e-05  0.00000000e+00  9.55940291e-05  1.20000000e+00 
 9.56940291e-05  1.15380957e+00  9.56940291e-05  4.85672011e-01  9.56940291e-05  1.84665219e-06  9.56940291e-05  2.05919279e-07  9.56940291e-05 -5.30409495e-06  9.56940291e-05  0.00000000e+00  9.56940291e-05  1.20000000e+00 
 9.57940291e-05  1.14898835e+00  9.57940291e-05  4.85698674e-01  9.57940291e-05  1.78640815e-06  9.57940291e-05 -2.05382871e-07  9.57940291e-05  6.36588921e-06  9.57940291e-05  0.00000000e+00  9.57940291e-05  1.20000000e+00 
 9.58940291e-05  1.14416731e+00  9.58940291e-05  4.85664391e-01  9.58940291e-05  1.84665445e-06  9.58940291e-05  2.05994964e-07  9.58940291e-05 -5.30404501e-06  9.58940291e-05  0.00000000e+00  9.58940291e-05  1.20000000e+00 
 9.59940291e-05  1.13934698e+00  9.59940291e-05  4.85623250e-01  9.59940291e-05  1.78640634e-06  9.59940291e-05 -2.05428323e-07  9.59940291e-05  6.36575789e-06  9.59940291e-05  0.00000000e+00  9.59940291e-05  1.20000000e+00 
 9.60940291e-05  1.13452685e+00  9.60940291e-05  4.85609320e-01  9.60940291e-05  1.84665607e-06  9.60940291e-05  2.06071546e-07  9.60940291e-05 -5.30401386e-06  9.60940291e-05  0.00000000e+00  9.60940291e-05  1.20000000e+00 
 9.61940291e-05  1.12970726e+00  9.61940291e-05  4.85590392e-01  9.61940291e-05  1.78640501e-06  9.61940291e-05 -2.05500519e-07  9.61940291e-05  6.36565293e-06  9.61940291e-05  0.00000000e+00  9.61940291e-05  1.20000000e+00 
 9.62940291e-05  1.12488767e+00  9.62940291e-05  4.85615601e-01  9.62940291e-05  1.84665720e-06  9.62940291e-05  2.06186456e-07  9.62940291e-05 -5.30395135e-06  9.62940291e-05  0.00000000e+00  9.62940291e-05  1.20000000e+00 
 9.63940291e-05  1.12006856e+00  9.63940291e-05  4.85575593e-01  9.63940291e-05  1.78640409e-06  9.63940291e-05 -2.05591897e-07  9.63940291e-05  6.36555738e-06  9.63940291e-05  0.00000000e+00  9.63940291e-05  1.20000000e+00 
 9.64940291e-05  1.11524939e+00  9.64940291e-05  4.85623942e-01  9.64940291e-05  1.84665793e-06  9.64940291e-05  2.06295958e-07  9.64940291e-05 -5.30388601e-06  9.64940291e-05  0.00000000e+00  9.64940291e-05  1.20000000e+00 
 9.65940291e-05  1.11043066e+00  9.65940291e-05  4.85563187e-01  9.65940291e-05  1.78640355e-06  9.65940291e-05 -2.05675789e-07  9.65940291e-05  6.36546227e-06  9.65940291e-05  0.00000000e+00  9.65940291e-05  1.20000000e+00 
 9.66940291e-05  1.10561185e+00  9.66940291e-05  4.85629500e-01  9.66940291e-05  1.84665831e-06  9.66940291e-05  2.06392160e-07  9.66940291e-05 -5.30382223e-06  9.66940291e-05  0.00000000e+00  9.66940291e-05  1.20000000e+00 
 9.67940291e-05  1.10079343e+00  9.67940291e-05  4.85556256e-01  9.67940291e-05  1.78640332e-06  9.67940291e-05 -2.05759935e-07  9.67940291e-05  6.36537131e-06  9.67940291e-05  0.00000000e+00  9.67940291e-05  1.20000000e+00 
 9.68940291e-05  1.09597493e+00  9.68940291e-05  4.85633634e-01  9.68940291e-05  1.84665840e-06  9.68940291e-05  2.06487304e-07  9.68940291e-05 -5.30376165e-06  9.68940291e-05  0.00000000e+00  9.68940291e-05  1.20000000e+00 
 9.69940291e-05  1.09115678e+00  9.69940291e-05  4.85550892e-01  9.69940291e-05  1.78640335e-06  9.69940291e-05 -2.05844873e-07  9.69940291e-05  6.36528383e-06  9.69940291e-05  0.00000000e+00  9.69940291e-05  1.20000000e+00 
 9.70940291e-05  1.08633855e+00  9.70940291e-05  4.85637176e-01  9.70940291e-05  1.84665828e-06  9.70940291e-05  2.06579222e-07  9.70940291e-05 -5.30370462e-06  9.70940291e-05  0.00000000e+00  9.70940291e-05  1.20000000e+00 
 9.71940291e-05  1.08152064e+00  9.71940291e-05  4.85546603e-01  9.71940291e-05  1.78640357e-06  9.71940291e-05 -2.05927803e-07  9.71940291e-05  6.36519993e-06  9.71940291e-05  0.00000000e+00  9.71940291e-05  1.20000000e+00 
 9.72940291e-05  1.07670267e+00  9.72940291e-05  4.85640110e-01  9.72940291e-05  1.84665797e-06  9.72940291e-05  2.06665808e-07  9.72940291e-05 -5.30365144e-06  9.72940291e-05  0.00000000e+00  9.72940291e-05  1.20000000e+00 
 9.73940291e-05  1.07188498e+00  9.73940291e-05  4.85543263e-01  9.73940291e-05  1.78640396e-06  9.73940291e-05 -2.06006189e-07  9.73940291e-05  6.36511967e-06  9.73940291e-05  0.00000000e+00  9.73940291e-05  1.20000000e+00 
 9.74940291e-05  1.06706724e+00  9.74940291e-05  4.85642394e-01  9.74940291e-05  1.84665751e-06  9.74940291e-05  2.06745474e-07  9.74940291e-05 -5.30360232e-06  9.74940291e-05  0.00000000e+00  9.74940291e-05  1.20000000e+00 
 9.75940291e-05  1.06224975e+00  9.75940291e-05  4.85540792e-01  9.75940291e-05  1.78640448e-06  9.75940291e-05 -2.06078305e-07  9.75940291e-05  6.36504306e-06  9.75940291e-05  0.00000000e+00  9.75940291e-05  1.20000000e+00 
 9.76940291e-05  1.05743223e+00  9.76940291e-05  4.85644028e-01  9.76940291e-05  1.84665694e-06  9.76940291e-05  2.06817263e-07  9.76940291e-05 -5.30355744e-06  9.76940291e-05  0.00000000e+00  9.76940291e-05  1.20000000e+00 
 9.77940291e-05  1.05261495e+00  9.77940291e-05  4.85539108e-01  9.77940291e-05  1.78640510e-06  9.77940291e-05 -2.06143150e-07  9.77940291e-05  6.36497005e-06  9.77940291e-05  0.00000000e+00  9.77940291e-05  1.20000000e+00 
 9.78940291e-05  1.04779765e+00  9.78940291e-05  4.85645041e-01  9.78940291e-05  1.84665627e-06  9.78940291e-05  2.06880764e-07  9.78940291e-05 -5.30351694e-06  9.78940291e-05  0.00000000e+00  9.78940291e-05  1.20000000e+00 
 9.79940291e-05  1.04298057e+00  9.79940291e-05  4.85538130e-01  9.79940291e-05  1.78640580e-06  9.79940291e-05 -2.06200298e-07  9.79940291e-05  6.36490047e-06  9.79940291e-05  0.00000000e+00  9.79940291e-05  1.20000000e+00 
 9.80940291e-05  1.03816349e+00  9.80940291e-05  4.85645484e-01  9.80940291e-05  1.84665554e-06  9.80940291e-05  2.06935983e-07  9.80940291e-05 -5.30348093e-06  9.80940291e-05  0.00000000e+00  9.80940291e-05  1.20000000e+00 
 9.81940291e-05  1.03334660e+00  9.81940291e-05  4.85537771e-01  9.81940291e-05  1.78640656e-06  9.81940291e-05 -2.06249750e-07  9.81940291e-05  6.36483405e-06  9.81940291e-05  0.00000000e+00  9.81940291e-05  1.20000000e+00 
 9.82940291e-05  1.02852975e+00  9.82940291e-05  4.85645420e-01  9.82940291e-05  1.84665476e-06  9.82940291e-05  2.06983228e-07  9.82940291e-05 -5.30344958e-06  9.82940291e-05  0.00000000e+00  9.82940291e-05  1.20000000e+00 
 9.83940291e-05  1.02371307e+00  9.83940291e-05  4.85537947e-01  9.83940291e-05  1.78640736e-06  9.83940291e-05 -2.06291803e-07  9.83940291e-05  6.36477044e-06  9.83940291e-05  0.00000000e+00  9.83940291e-05  1.20000000e+00 
 9.84940291e-05  1.01889646e+00  9.84940291e-05  4.85644911e-01  9.84940291e-05  1.84665394e-06  9.84940291e-05  2.07023009e-07  9.84940291e-05 -5.30342307e-06  9.84940291e-05  0.00000000e+00  9.84940291e-05  1.20000000e+00 
 9.85940291e-05  1.01408000e+00  9.85940291e-05  4.85538580e-01  9.85940291e-05  1.78640819e-06  9.85940291e-05 -2.06326952e-07  9.85940291e-05  6.36470913e-06  9.85940291e-05  0.00000000e+00  9.85940291e-05  1.20000000e+00 
 9.86940291e-05  1.00926364e+00  9.86940291e-05  4.85644024e-01  9.86940291e-05  1.84665311e-06  9.86940291e-05  2.07055962e-07  9.86940291e-05 -5.30340165e-06  9.86940291e-05  0.00000000e+00  9.86940291e-05  1.20000000e+00 
 9.87940291e-05  1.00444741e+00  9.87940291e-05  4.85539594e-01  9.87940291e-05  1.78640902e-06  9.87940291e-05 -2.06355806e-07  9.87940291e-05  6.36464950e-06  9.87940291e-05  0.00000000e+00  9.87940291e-05  1.20000000e+00 
 9.88940291e-05  9.99631326e-01  9.88940291e-05  4.85642820e-01  9.88940291e-05  1.84665228e-06  9.88940291e-05  2.07082783e-07  9.88940291e-05 -5.30338571e-06  9.88940291e-05  0.00000000e+00  9.88940291e-05  1.20000000e+00 
 9.89940291e-05  9.94815366e-01  9.89940291e-05  4.85540918e-01  9.89940291e-05  1.78640985e-06  9.89940291e-05 -2.06379029e-07  9.89940291e-05  6.36459081e-06  9.89940291e-05  0.00000000e+00  9.89940291e-05  1.20000000e+00 
 9.90940291e-05  9.89999581e-01  9.90940291e-05  4.85641357e-01  9.90940291e-05  1.84665146e-06  9.90940291e-05  2.07104186e-07  9.90940291e-05 -5.30337571e-06  9.90940291e-05  0.00000000e+00  9.90940291e-05  1.20000000e+00 
 9.91940291e-05  9.85183916e-01  9.91940291e-05  4.85542490e-01  9.91940291e-05  1.78641066e-06  9.91940291e-05 -2.06397300e-07  9.91940291e-05  6.36453217e-06  9.91940291e-05  0.00000000e+00  9.91940291e-05  1.20000000e+00 
 9.92940291e-05  9.80368471e-01  9.92940291e-05  4.85639690e-01  9.92940291e-05  1.84665066e-06  9.92940291e-05  2.07120871e-07  9.92940291e-05 -5.30337229e-06  9.92940291e-05  0.00000000e+00  9.92940291e-05  1.20000000e+00 
 9.93940291e-05  9.75553143e-01  9.93940291e-05  4.85544250e-01  9.93940291e-05  1.78641145e-06  9.93940291e-05 -2.06411278e-07  9.93940291e-05  6.36447260e-06  9.93940291e-05  0.00000000e+00  9.93940291e-05  1.20000000e+00 
 9.94940291e-05  9.70738085e-01  9.94940291e-05  4.85637870e-01  9.94940291e-05  1.84664989e-06  9.94940291e-05  2.07133504e-07  9.94940291e-05 -5.30337618e-06  9.94940291e-05  0.00000000e+00  9.94940291e-05  1.20000000e+00 
 9.95940291e-05  9.65923143e-01  9.95940291e-05  4.85546147e-01  9.95940291e-05  1.78641220e-06  9.95940291e-05 -2.06421587e-07  9.95940291e-05  6.36441102e-06  9.95940291e-05  0.00000000e+00  9.95940291e-05  1.20000000e+00 
 9.96940291e-05  9.61108528e-01  9.96940291e-05  4.85635945e-01  9.96940291e-05  1.84664915e-06  9.96940291e-05  2.07142699e-07  9.96940291e-05 -5.30338824e-06  9.96940291e-05  0.00000000e+00  9.96940291e-05  1.20000000e+00 
 9.97940291e-05  9.56294031e-01  9.97940291e-05  4.85548135e-01  9.97940291e-05  1.78641292e-06  9.97940291e-05 -2.06428800e-07  9.97940291e-05  6.36434626e-06  9.97940291e-05  0.00000000e+00  9.97940291e-05  1.20000000e+00 
 9.98940291e-05  9.51479926e-01  9.98940291e-05  4.85633957e-01  9.98940291e-05  1.84664845e-06  9.98940291e-05  2.07149014e-07  9.98940291e-05 -5.30340940e-06  9.98940291e-05  0.00000000e+00  9.98940291e-05  1.20000000e+00 
 9.99940291e-05  9.46665943e-01  9.99940291e-05  4.85550172e-01  9.99940291e-05  1.78641360e-06  9.99940291e-05 -2.06433433e-07  9.99940291e-05  6.36427713e-06  9.99940291e-05  0.00000000e+00  9.99940291e-05  1.20000000e+00 
 1.00094029e-04  9.41852424e-01  1.00094029e-04  4.85631946e-01  1.00094029e-04  1.84664780e-06  1.00094029e-04  2.07152945e-07  1.00094029e-04 -5.30344064e-06  1.00094029e-04  0.00000000e+00  1.00094029e-04  1.20000000e+00 
 1.00194029e-04  9.37039033e-01  1.00194029e-04  4.85552227e-01  1.00194029e-04  1.78641423e-06  1.00194029e-04 -2.06435944e-07  1.00194029e-04  6.36420245e-06  1.00194029e-04  0.00000000e+00  1.00194029e-04  1.20000000e+00 
 1.00294029e-04  9.32226187e-01  1.00294029e-04  4.85629951e-01  1.00294029e-04  1.84664719e-06  1.00294029e-04  2.07154927e-07  1.00294029e-04 -5.30348295e-06  1.00294029e-04  0.00000000e+00  1.00294029e-04  1.20000000e+00 
 1.00394029e-04  9.27413475e-01  1.00394029e-04  4.85554272e-01  1.00394029e-04  1.78641482e-06  1.00394029e-04 -2.06436731e-07  1.00394029e-04  6.36412109e-06  1.00394029e-04  0.00000000e+00  1.00394029e-04  1.20000000e+00 
 1.00494029e-04  9.22601396e-01  1.00494029e-04  4.85628005e-01  1.00494029e-04  1.84664663e-06  1.00494029e-04  2.07155332e-07  1.00494029e-04 -5.30353718e-06  1.00494029e-04  0.00000000e+00  1.00494029e-04  1.20000000e+00 
 1.00594029e-04  9.17789457e-01  1.00594029e-04  4.85556287e-01  1.00594029e-04  1.78641535e-06  1.00594029e-04 -2.06436131e-07  1.00594029e-04  6.36403206e-06  1.00594029e-04  0.00000000e+00  1.00594029e-04  1.20000000e+00 
 1.00694029e-04  9.12978246e-01  1.00694029e-04  4.85626140e-01  1.00694029e-04  1.84664613e-06  1.00694029e-04  2.07154477e-07  1.00694029e-04 -5.30360405e-06  1.00694029e-04  0.00000000e+00  1.00694029e-04  1.20000000e+00 
 1.00794029e-04  9.08167182e-01  1.00794029e-04  4.85558258e-01  1.00794029e-04  1.78641583e-06  1.00794029e-04 -2.06434432e-07  1.00794029e-04  6.36393454e-06  1.00794029e-04  0.00000000e+00  1.00794029e-04  1.20000000e+00 
 1.00894029e-04  9.03356943e-01  1.00894029e-04  4.85624384e-01  1.00894029e-04  1.84664567e-06  1.00894029e-04  2.07152625e-07  1.00894029e-04 -5.30368402e-06  1.00894029e-04  0.00000000e+00  1.00894029e-04  1.20000000e+00 
 1.00994029e-04  8.98546855e-01  1.00994029e-04  4.85560178e-01  1.00994029e-04  1.78641627e-06  1.00994029e-04 -2.06431867e-07  1.00994029e-04  6.36382797e-06  1.00994029e-04  0.00000000e+00  1.00994029e-04  1.20000000e+00 
 1.01094029e-04  8.93737692e-01  1.01094029e-04  4.85622763e-01  1.01094029e-04  1.84664526e-06  1.01094029e-04  2.07149989e-07  1.01094029e-04 -5.30377723e-06  1.01094029e-04  0.00000000e+00  1.01094029e-04  1.20000000e+00 
 1.01194029e-04  8.88928684e-01  1.01194029e-04  4.85562041e-01  1.01194029e-04  1.78641665e-06  1.01194029e-04 -2.06428627e-07  1.01194029e-04  6.36371206e-06  1.01194029e-04  0.00000000e+00  1.01194029e-04  1.20000000e+00 
 1.01294029e-04  8.84120701e-01  1.01294029e-04  4.85621301e-01  1.01294029e-04  1.84664490e-06  1.01294029e-04  2.07146742e-07  1.01294029e-04 -5.30388354e-06  1.01294029e-04  0.00000000e+00  1.01294029e-04  1.20000000e+00 
 1.01394029e-04  8.79312871e-01  1.01394029e-04  4.85563847e-01  1.01394029e-04  1.78641699e-06  1.01394029e-04 -2.06424859e-07  1.01394029e-04  6.36358676e-06  1.01394029e-04  0.00000000e+00  1.01394029e-04  1.20000000e+00 
 1.01494029e-04  8.74506164e-01  1.01494029e-04  4.85620014e-01  1.01494029e-04  1.84664458e-06  1.01494029e-04  2.07143014e-07  1.01494029e-04 -5.30400247e-06  1.01494029e-04  0.00000000e+00  1.01494029e-04  1.20000000e+00 
 1.01594029e-04  8.69699608e-01  1.01594029e-04  4.85565598e-01  1.01594029e-04  1.78641728e-06  1.01594029e-04 -2.06420677e-07  1.01594029e-04  6.36345222e-06  1.01594029e-04  0.00000000e+00  1.01594029e-04  1.20000000e+00 
 1.01694029e-04  8.64894267e-01  1.01694029e-04  4.85618916e-01  1.01694029e-04  1.84664431e-06  1.01694029e-04  2.07138907e-07  1.01694029e-04 -5.30413333e-06  1.01694029e-04  0.00000000e+00  1.01694029e-04  1.20000000e+00 
 1.01794029e-04  8.60089074e-01  1.01794029e-04  4.85567296e-01  1.01794029e-04  1.78641754e-06  1.01794029e-04 -2.06416166e-07  1.01794029e-04  6.36330880e-06  1.01794029e-04  0.00000000e+00  1.01794029e-04  1.20000000e+00 
 1.01894029e-04  8.55285182e-01  1.01894029e-04  4.85618013e-01  1.01894029e-04  1.84664408e-06  1.01894029e-04  2.07134492e-07  1.01894029e-04 -5.30427527e-06  1.01894029e-04  0.00000000e+00  1.01894029e-04  1.20000000e+00 
 1.01994029e-04  8.50481431e-01  1.01994029e-04  4.85568944e-01  1.01994029e-04  1.78641775e-06  1.01994029e-04 -2.06411384e-07  1.01994029e-04  6.36315691e-06  1.01994029e-04  0.00000000e+00  1.01994029e-04  1.20000000e+00 
 1.02094029e-04  8.45679064e-01  1.02094029e-04  4.85617306e-01  1.02094029e-04  1.84664389e-06  1.02094029e-04  2.07129820e-07  1.02094029e-04 -5.30442736e-06  1.02094029e-04  0.00000000e+00  1.02094029e-04  1.20000000e+00 
 1.02194029e-04  8.40876830e-01  1.02194029e-04  4.85570543e-01  1.02194029e-04  1.78641792e-06  1.02194029e-04 -2.06406372e-07  1.02194029e-04  6.36299706e-06  1.02194029e-04  0.00000000e+00  1.02194029e-04  1.20000000e+00 
 1.02294029e-04  8.36076054e-01  1.02294029e-04  4.85616791e-01  1.02294029e-04  1.84664373e-06  1.02294029e-04  2.07124924e-07  1.02294029e-04 -5.30458863e-06  1.02294029e-04  0.00000000e+00  1.02294029e-04  1.20000000e+00 
 1.02394029e-04  8.31275404e-01  1.02394029e-04  4.85572096e-01  1.02394029e-04  1.78641806e-06  1.02394029e-04 -2.06401154e-07  1.02394029e-04  6.36282975e-06  1.02394029e-04  0.00000000e+00  1.02394029e-04  1.20000000e+00 
 1.02494029e-04  8.26476280e-01  1.02494029e-04  4.85616456e-01  1.02494029e-04  1.84664361e-06  1.02494029e-04  2.07119826e-07  1.02494029e-04 -5.30475819e-06  1.02494029e-04  0.00000000e+00  1.02494029e-04  1.20000000e+00 
 1.02594029e-04  8.21677274e-01  1.02594029e-04  4.85573603e-01  1.02594029e-04  1.78641817e-06  1.02594029e-04 -2.06395747e-07  1.02594029e-04  6.36265547e-06  1.02594029e-04  0.00000000e+00  1.02594029e-04  1.20000000e+00 
 1.02694029e-04  8.16879857e-01  1.02694029e-04  4.85616287e-01  1.02694029e-04  1.84664351e-06  1.02694029e-04  2.07114538e-07  1.02694029e-04 -5.30493520e-06  1.02694029e-04  0.00000000e+00  1.02694029e-04  1.20000000e+00 
 1.02794029e-04  8.12082552e-01  1.02794029e-04  4.85575064e-01  1.02794029e-04  1.78641826e-06  1.02794029e-04 -2.06390159e-07  1.02794029e-04  6.36247468e-06  1.02794029e-04  0.00000000e+00  1.02794029e-04  1.20000000e+00 
 1.02894029e-04  8.07286892e-01  1.02894029e-04  4.85616264e-01  1.02894029e-04  1.84664345e-06  1.02894029e-04  2.07109067e-07  1.02894029e-04 -5.30511891e-06  1.02894029e-04  0.00000000e+00  1.02894029e-04  1.20000000e+00 
 1.02994029e-04  8.02491338e-01  1.02994029e-04  4.85576479e-01  1.02994029e-04  1.78641831e-06  1.02994029e-04 -2.06384396e-07  1.02994029e-04  6.36228779e-06  1.02994029e-04  0.00000000e+00  1.02994029e-04  1.20000000e+00 
 1.03094029e-04  7.97697484e-01  1.03094029e-04  4.85616365e-01  1.03094029e-04  1.84664340e-06  1.03094029e-04  2.07103420e-07  1.03094029e-04 -5.30530868e-06  1.03094029e-04  0.00000000e+00  1.03094029e-04  1.20000000e+00 
 1.03194029e-04  7.92903729e-01  1.03194029e-04  4.85577846e-01  1.03194029e-04  1.78641835e-06  1.03194029e-04 -2.06378461e-07  1.03194029e-04  6.36209518e-06  1.03194029e-04  0.00000000e+00  1.03194029e-04  1.20000000e+00 
 1.03294029e-04  7.88111722e-01  1.03294029e-04  4.85616570e-01  1.03294029e-04  1.84664338e-06  1.03294029e-04  2.07097599e-07  1.03294029e-04 -5.30550395e-06  1.03294029e-04  0.00000000e+00  1.03294029e-04  1.20000000e+00 
 1.03394029e-04  7.83319812e-01  1.03394029e-04  4.85579164e-01  1.03394029e-04  1.78641836e-06  1.03394029e-04 -2.06372359e-07  1.03394029e-04  6.36189716e-06  1.03394029e-04  0.00000000e+00  1.03394029e-04  1.20000000e+00 
 1.03494029e-04  7.78529694e-01  1.03494029e-04  4.85616854e-01  1.03494029e-04  1.84664338e-06  1.03494029e-04  2.07091611e-07  1.03494029e-04 -5.30570426e-06  1.03494029e-04  0.00000000e+00  1.03494029e-04  1.20000000e+00 
 1.03594029e-04  7.73739671e-01  1.03594029e-04  4.85580428e-01  1.03594029e-04  1.78641836e-06  1.03594029e-04 -2.06366095e-07  1.03594029e-04  6.36169404e-06  1.03594029e-04  0.00000000e+00  1.03594029e-04  1.20000000e+00 
 1.03694029e-04  7.68951483e-01  1.03694029e-04  4.85617196e-01  1.03694029e-04  1.84664339e-06  1.03694029e-04  2.07085462e-07  1.03694029e-04 -5.30590922e-06  1.03694029e-04  0.00000000e+00  1.03694029e-04  1.20000000e+00 
 1.03794029e-04  7.64163388e-01  1.03794029e-04  4.85581639e-01  1.03794029e-04  1.78641834e-06  1.03794029e-04 -2.06359678e-07  1.03794029e-04  6.36148606e-06  1.03794029e-04  0.00000000e+00  1.03794029e-04  1.20000000e+00 
 1.03894029e-04  7.59377168e-01  1.03894029e-04  4.85617577e-01  1.03894029e-04  1.84664342e-06  1.03894029e-04  2.07079161e-07  1.03894029e-04 -5.30611852e-06  1.03894029e-04  0.00000000e+00  1.03894029e-04  1.20000000e+00 
 1.03994029e-04  7.54591041e-01  1.03994029e-04  4.85582794e-01  1.03994029e-04  1.78641831e-06  1.03994029e-04 -2.06353116e-07  1.03994029e-04  6.36127344e-06  1.03994029e-04  0.00000000e+00  1.03994029e-04  1.20000000e+00 
 1.04094029e-04  7.49806825e-01  1.04094029e-04  4.85617978e-01  1.04094029e-04  1.84664346e-06  1.04094029e-04  2.07072720e-07  1.04094029e-04 -5.30633188e-06  1.04094029e-04  0.00000000e+00  1.04094029e-04  1.20000000e+00 
 1.04194029e-04  7.45022704e-01  1.04194029e-04  4.85583890e-01  1.04194029e-04  1.78641826e-06  1.04194029e-04 -2.06346423e-07  1.04194029e-04  6.36105638e-06  1.04194029e-04  0.00000000e+00  1.04194029e-04  1.20000000e+00 
 1.04294029e-04  7.40240528e-01  1.04294029e-04  4.85618384e-01  1.04294029e-04  1.84664351e-06  1.04294029e-04  2.07066152e-07  1.04294029e-04 -5.30654911e-06  1.04294029e-04  0.00000000e+00  1.04294029e-04  1.20000000e+00 
 1.04394029e-04  7.35458450e-01  1.04394029e-04  4.85584928e-01  1.04394029e-04  1.78641820e-06  1.04394029e-04 -2.06339613e-07  1.04394029e-04  6.36083502e-06  1.04394029e-04  0.00000000e+00  1.04394029e-04  1.20000000e+00 
 1.04494029e-04  7.30678350e-01  1.04494029e-04  4.85618783e-01  1.04494029e-04  1.84664358e-06  1.04494029e-04  2.07059471e-07  1.04494029e-04 -5.30677003e-06  1.04494029e-04  0.00000000e+00  1.04494029e-04  1.20000000e+00 
 1.04594029e-04  7.25898350e-01  1.04594029e-04  4.85585907e-01  1.04594029e-04  1.78641813e-06  1.04594029e-04 -2.06332700e-07  1.04594029e-04  6.36060953e-06  1.04594029e-04  0.00000000e+00  1.04594029e-04  1.20000000e+00 
 1.04694029e-04  7.21120360e-01  1.04694029e-04  4.85619164e-01  1.04694029e-04  1.84664365e-06  1.04694029e-04  2.07052694e-07  1.04694029e-04 -5.30699451e-06  1.04694029e-04  0.00000000e+00  1.04694029e-04  1.20000000e+00 
 1.04794029e-04  7.16342473e-01  1.04794029e-04  4.85586826e-01  1.04794029e-04  1.78641805e-06  1.04794029e-04 -2.06325702e-07  1.04794029e-04  6.36038002e-06  1.04794029e-04  0.00000000e+00  1.04794029e-04  1.20000000e+00 
 1.04894029e-04  7.11566624e-01  1.04894029e-04  4.85619521e-01  1.04894029e-04  1.84664373e-06  1.04894029e-04  2.07045837e-07  1.04894029e-04 -5.30722242e-06  1.04894029e-04  0.00000000e+00  1.04894029e-04  1.20000000e+00 
 1.04994029e-04  7.06790883e-01  1.04994029e-04  4.85587686e-01  1.04994029e-04  1.78641797e-06  1.04994029e-04 -2.06318635e-07  1.04994029e-04  6.36014659e-06  1.04994029e-04  0.00000000e+00  1.04994029e-04  1.20000000e+00 
 1.05094029e-04  7.02017208e-01  1.05094029e-04  4.85619848e-01  1.05094029e-04  1.84664383e-06  1.05094029e-04  2.07038918e-07  1.05094029e-04 -5.30745369e-06  1.05094029e-04  0.00000000e+00  1.05094029e-04  1.20000000e+00 
 1.05194029e-04  6.97243647e-01  1.05194029e-04  4.85588490e-01  1.05194029e-04  1.78641787e-06  1.05194029e-04 -2.06311516e-07  1.05194029e-04  6.35990935e-06  1.05194029e-04  0.00000000e+00  1.05194029e-04  1.20000000e+00 
 1.05294029e-04  6.92472176e-01  1.05294029e-04  4.85620143e-01  1.05294029e-04  1.84664393e-06  1.05294029e-04  2.07031953e-07  1.05294029e-04 -5.30768824e-06  1.05294029e-04  0.00000000e+00  1.05294029e-04  1.20000000e+00 
 1.05394029e-04  6.87700826e-01  1.05394029e-04  4.85589238e-01  1.05394029e-04  1.78641777e-06  1.05394029e-04 -2.06304364e-07  1.05394029e-04  6.35966836e-06  1.05394029e-04  0.00000000e+00  1.05394029e-04  1.20000000e+00 
 1.05494029e-04  6.82931591e-01  1.05494029e-04  4.85620404e-01  1.05494029e-04  1.84664403e-06  1.05494029e-04  2.07024960e-07  1.05494029e-04 -5.30792601e-06  1.05494029e-04  0.00000000e+00  1.05494029e-04  1.20000000e+00 
 1.05594029e-04  6.78162482e-01  1.05594029e-04  4.85589934e-01  1.05594029e-04  1.78641766e-06  1.05594029e-04 -2.06297194e-07  1.05594029e-04  6.35942371e-06  1.05594029e-04  0.00000000e+00  1.05594029e-04  1.20000000e+00 
 1.05694029e-04  6.73395512e-01  1.05694029e-04  4.85620631e-01  1.05694029e-04  1.84664415e-06  1.05694029e-04  2.07017955e-07  1.05694029e-04 -5.30816695e-06  1.05694029e-04  0.00000000e+00  1.05694029e-04  1.20000000e+00 
 1.05794029e-04  6.68628675e-01  1.05794029e-04  4.85590579e-01  1.05794029e-04  1.78641755e-06  1.05794029e-04 -2.06290021e-07  1.05794029e-04  6.35917545e-06  1.05794029e-04  0.00000000e+00  1.05794029e-04  1.20000000e+00 
 1.05894029e-04  6.63864001e-01  1.05894029e-04  4.85620826e-01  1.05894029e-04  1.84664426e-06  1.05894029e-04  2.07010953e-07  1.05894029e-04 -5.30841103e-06  1.05894029e-04  0.00000000e+00  1.05894029e-04  1.20000000e+00 
 1.05994029e-04  6.59099466e-01  1.05994029e-04  4.85591177e-01  1.05994029e-04  1.78641742e-06  1.05994029e-04 -2.06282860e-07  1.05994029e-04  6.35892363e-06  1.05994029e-04  0.00000000e+00  1.05994029e-04  1.20000000e+00 
 1.06094029e-04  6.54337115e-01  1.06094029e-04  4.85620989e-01  1.06094029e-04  1.84664439e-06  1.06094029e-04  2.07003967e-07  1.06094029e-04 -5.30865821e-06  1.06094029e-04  0.00000000e+00  1.06094029e-04  1.20000000e+00 
 1.06194029e-04  6.49574913e-01  1.06194029e-04  4.85591732e-01  1.06194029e-04  1.78641730e-06  1.06194029e-04 -2.06275725e-07  1.06194029e-04  6.35866830e-06  1.06194029e-04  0.00000000e+00  1.06194029e-04  1.20000000e+00 
 1.06294029e-04  6.44814915e-01  1.06294029e-04  4.85621124e-01  1.06294029e-04  1.84664452e-06  1.06294029e-04  2.06997011e-07  1.06294029e-04 -5.30890847e-06  1.06294029e-04  0.00000000e+00  1.06294029e-04  1.20000000e+00 
 1.06394029e-04  6.40055073e-01  1.06394029e-04  4.85592245e-01  1.06394029e-04  1.78641717e-06  1.06394029e-04 -2.06268628e-07  1.06394029e-04  6.35840951e-06  1.06394029e-04  0.00000000e+00  1.06394029e-04  1.20000000e+00 
 1.06494029e-04  6.35297457e-01  1.06494029e-04  4.85621232e-01  1.06494029e-04  1.84664466e-06  1.06494029e-04  2.06990096e-07  1.06494029e-04 -5.30916178e-06  1.06494029e-04  0.00000000e+00  1.06494029e-04  1.20000000e+00 
 1.06594029e-04  6.30540006e-01  1.06594029e-04  4.85592721e-01  1.06594029e-04  1.78641703e-06  1.06594029e-04 -2.06261580e-07  1.06594029e-04  6.35814728e-06  1.06594029e-04  0.00000000e+00  1.06594029e-04  1.20000000e+00 
 1.06694029e-04  6.25784800e-01  1.06694029e-04  4.85621316e-01  1.06694029e-04  1.84664480e-06  1.06694029e-04  2.06983233e-07  1.06694029e-04 -5.30941813e-06  1.06694029e-04  0.00000000e+00  1.06694029e-04  1.20000000e+00 
 1.06794029e-04  6.21029768e-01  1.06794029e-04  4.85593162e-01  1.06794029e-04  1.78641688e-06  1.06794029e-04 -2.06254590e-07  1.06794029e-04  6.35788167e-06  1.06794029e-04  0.00000000e+00  1.06794029e-04  1.20000000e+00 
 1.06894029e-04  6.16277000e-01  1.06894029e-04  4.85621378e-01  1.06894029e-04  1.84664494e-06  1.06894029e-04  2.06976430e-07  1.06894029e-04 -5.30967749e-06  1.06894029e-04  0.00000000e+00  1.06894029e-04  1.20000000e+00 
 1.06994029e-04  6.11524417e-01  1.06994029e-04  4.85593571e-01  1.06994029e-04  1.78641674e-06  1.06994029e-04 -2.06247667e-07  1.06994029e-04  6.35761268e-06  1.06994029e-04  0.00000000e+00  1.06994029e-04  1.20000000e+00 
 1.07094029e-04  6.06774116e-01  1.07094029e-04  4.85621420e-01  1.07094029e-04  1.84664509e-06  1.07094029e-04  2.06969696e-07  1.07094029e-04 -5.30993986e-06  1.07094029e-04  0.00000000e+00  1.07094029e-04  1.20000000e+00 
 1.07194029e-04  6.02024009e-01  1.07194029e-04  4.85593951e-01  1.07194029e-04  1.78641659e-06  1.07194029e-04 -2.06240818e-07  1.07194029e-04  6.35734036e-06  1.07194029e-04  0.00000000e+00  1.07194029e-04  1.20000000e+00 
 1.07294029e-04  5.97276203e-01  1.07294029e-04  4.85621444e-01  1.07294029e-04  1.84664525e-06  1.07294029e-04  2.06963038e-07  1.07294029e-04 -5.31020521e-06  1.07294029e-04  0.00000000e+00  1.07294029e-04  1.20000000e+00 
 1.07394029e-04  5.92528602e-01  1.07394029e-04  4.85594305e-01  1.07394029e-04  1.78641643e-06  1.07394029e-04 -2.06234050e-07  1.07394029e-04  6.35706473e-06  1.07394029e-04  0.00000000e+00  1.07394029e-04  1.20000000e+00 
 1.07494029e-04  5.87783318e-01  1.07494029e-04  4.85621453e-01  1.07494029e-04  1.84664541e-06  1.07494029e-04  2.06956462e-07  1.07494029e-04 -5.31047353e-06  1.07494029e-04  0.00000000e+00  1.07494029e-04  1.20000000e+00 
 1.07594029e-04  5.83038251e-01  1.07594029e-04  4.85594635e-01  1.07594029e-04  1.78641627e-06  1.07594029e-04 -2.06227368e-07  1.07594029e-04  6.35678582e-06  1.07594029e-04  0.00000000e+00  1.07594029e-04  1.20000000e+00 
 1.07694029e-04  5.78295519e-01  1.07694029e-04  4.85621449e-01  1.07694029e-04  1.84664557e-06  1.07694029e-04  2.06949972e-07  1.07694029e-04 -5.31074482e-06  1.07694029e-04  0.00000000e+00  1.07694029e-04  1.20000000e+00 
 1.07794029e-04  5.73553014e-01  1.07794029e-04  4.85594944e-01  1.07794029e-04  1.78641610e-06  1.07794029e-04 -2.06220777e-07  1.07794029e-04  6.35650364e-06  1.07794029e-04  0.00000000e+00  1.07794029e-04  1.20000000e+00 
 1.07894029e-04  5.68812861e-01  1.07894029e-04  4.85621432e-01  1.07894029e-04  1.84664573e-06  1.07894029e-04  2.06943574e-07  1.07894029e-04 -5.31101906e-06  1.07894029e-04  0.00000000e+00  1.07894029e-04  1.20000000e+00 
 1.07994029e-04  5.64072946e-01  1.07994029e-04  4.85595232e-01  1.07994029e-04  1.78641594e-06  1.07994029e-04 -2.06214279e-07  1.07994029e-04  6.35621823e-06  1.07994029e-04  0.00000000e+00  1.07994029e-04  1.20000000e+00 
 1.08094029e-04  5.59335401e-01  1.08094029e-04  4.85621404e-01  1.08094029e-04  1.84664590e-06  1.08094029e-04  2.06937269e-07  1.08094029e-04 -5.31129625e-06  1.08094029e-04  0.00000000e+00  1.08094029e-04  1.20000000e+00 
 1.08194029e-04  5.54598104e-01  1.08194029e-04  4.85595503e-01  1.08194029e-04  1.78641577e-06  1.08194029e-04 -2.06207879e-07  1.08194029e-04  6.35592958e-06  1.08194029e-04  0.00000000e+00  1.08194029e-04  1.20000000e+00 
 1.08294029e-04  5.49863194e-01  1.08294029e-04  4.85621367e-01  1.08294029e-04  1.84664607e-06  1.08294029e-04  2.06931062e-07  1.08294029e-04 -5.31157638e-06  1.08294029e-04  0.00000000e+00  1.08294029e-04  1.20000000e+00 
 1.08394029e-04  5.45128545e-01  1.08394029e-04  4.85595757e-01  1.08394029e-04  1.78641560e-06  1.08394029e-04 -2.06201578e-07  1.08394029e-04  6.35563770e-06  1.08394029e-04  0.00000000e+00  1.08394029e-04  1.20000000e+00 
 1.08494029e-04  5.40396298e-01  1.08494029e-04  4.85621322e-01  1.08494029e-04  1.84664625e-06  1.08494029e-04  2.06924953e-07  1.08494029e-04 -5.31185948e-06  1.08494029e-04  0.00000000e+00  1.08494029e-04  1.20000000e+00 
 1.08594029e-04  5.35664324e-01  1.08594029e-04  4.85595996e-01  1.08594029e-04  1.78641542e-06  1.08594029e-04 -2.06195379e-07  1.08594029e-04  6.35534259e-06  1.08594029e-04  0.00000000e+00  1.08594029e-04  1.20000000e+00 
 1.08694029e-04  5.30934770e-01  1.08694029e-04  4.85621269e-01  1.08694029e-04  1.84664643e-06  1.08694029e-04  2.06918945e-07  1.08694029e-04 -5.31214556e-06  1.08694029e-04  0.00000000e+00  1.08694029e-04  1.20000000e+00 
 1.08794029e-04  5.26205500e-01  1.08794029e-04  4.85596222e-01  1.08794029e-04  1.78641524e-06  1.08794029e-04 -2.06189283e-07  1.08794029e-04  6.35504423e-06  1.08794029e-04  0.00000000e+00  1.08794029e-04  1.20000000e+00 
 1.08894029e-04  5.21478667e-01  1.08894029e-04  4.85621210e-01  1.08894029e-04  1.84664661e-06  1.08894029e-04  2.06913040e-07  1.08894029e-04 -5.31243466e-06  1.08894029e-04  0.00000000e+00  1.08894029e-04  1.20000000e+00 
 1.08994029e-04  5.16752131e-01  1.08994029e-04  4.85596435e-01  1.08994029e-04  1.78641506e-06  1.08994029e-04 -2.06183290e-07  1.08994029e-04  6.35474256e-06  1.08994029e-04  0.00000000e+00  1.08994029e-04  1.20000000e+00 
 1.09094029e-04  5.12028048e-01  1.09094029e-04  4.85621145e-01  1.09094029e-04  1.84664679e-06  1.09094029e-04  2.06907237e-07  1.09094029e-04 -5.31272687e-06  1.09094029e-04  0.00000000e+00  1.09094029e-04  1.20000000e+00 
 1.09194029e-04  5.07304275e-01  1.09194029e-04  4.85596636e-01  1.09194029e-04  1.78641487e-06  1.09194029e-04 -2.06177401e-07  1.09194029e-04  6.35443748e-06  1.09194029e-04  0.00000000e+00  1.09194029e-04  1.20000000e+00 
 1.09294029e-04  5.02582974e-01  1.09294029e-04  4.85621075e-01  1.09294029e-04  1.84664698e-06  1.09294029e-04  2.06901537e-07  1.09294029e-04 -5.31302230e-06  1.09294029e-04  0.00000000e+00  1.09294029e-04  1.20000000e+00 
 1.09394029e-04  4.97861996e-01  1.09394029e-04  4.85596826e-01  1.09394029e-04  1.78641469e-06  1.09394029e-04 -2.06171616e-07  1.09394029e-04  6.35412886e-06  1.09394029e-04  0.00000000e+00  1.09394029e-04  1.20000000e+00 
 1.09494029e-04  4.93143508e-01  1.09494029e-04  4.85621001e-01  1.09494029e-04  1.84664716e-06  1.09494029e-04  2.06895940e-07  1.09494029e-04 -5.31332115e-06  1.09494029e-04  0.00000000e+00  1.09494029e-04  1.20000000e+00 
 1.09594029e-04  4.88425359e-01  1.09594029e-04  4.85597005e-01  1.09594029e-04  1.78641450e-06  1.09594029e-04 -2.06165936e-07  1.09594029e-04  6.35381646e-06  1.09594029e-04  0.00000000e+00  1.09594029e-04  1.20000000e+00 
 1.09694029e-04  4.83709719e-01  1.09694029e-04  4.85620922e-01  1.09694029e-04  1.84664735e-06  1.09694029e-04  2.06890446e-07  1.09694029e-04 -5.31362371e-06  1.09694029e-04  0.00000000e+00  1.09694029e-04  1.20000000e+00 
 1.09794029e-04  4.78994435e-01  1.09794029e-04  4.85597174e-01  1.09794029e-04  1.78641431e-06  1.09794029e-04 -2.06160359e-07  1.09794029e-04  6.35349992e-06  1.09794029e-04  0.00000000e+00  1.09794029e-04  1.20000000e+00 
 1.09894029e-04  4.74281682e-01  1.09894029e-04  4.85620839e-01  1.09894029e-04  1.84664754e-06  1.09894029e-04  2.06885054e-07  1.09894029e-04 -5.31393042e-06  1.09894029e-04  0.00000000e+00  1.09894029e-04  1.20000000e+00 
 1.09994029e-04  4.69569304e-01  1.09994029e-04  4.85597333e-01  1.09994029e-04  1.78641412e-06  1.09994029e-04 -2.06154886e-07  1.09994029e-04  6.35317870e-06  1.09994029e-04  0.00000000e+00  1.09994029e-04  1.20000000e+00 
 1.10094029e-04  4.64859481e-01  1.10094029e-04  4.85620752e-01  1.10094029e-04  1.84664774e-06  1.10094029e-04  2.06879764e-07  1.10094029e-04 -5.31424192e-06  1.10094029e-04  0.00000000e+00  1.10094029e-04  1.20000000e+00 
 1.10194029e-04  4.60150057e-01  1.10194029e-04  4.85597481e-01  1.10194029e-04  1.78641392e-06  1.10194029e-04 -2.06149514e-07  1.10194029e-04  6.35285202e-06  1.10194029e-04  0.00000000e+00  1.10194029e-04  1.20000000e+00 
 1.10294029e-04  4.55443216e-01  1.10294029e-04  4.85620660e-01  1.10294029e-04  1.84664793e-06  1.10294029e-04  2.06874574e-07  1.10294029e-04 -5.31455917e-06  1.10294029e-04  0.00000000e+00  1.10294029e-04  1.20000000e+00 
 1.10394029e-04  4.50736803e-01  1.10394029e-04  4.85597617e-01  1.10394029e-04  1.78641373e-06  1.10394029e-04 -2.06144244e-07  1.10394029e-04  6.35251871e-06  1.10394029e-04  0.00000000e+00  1.10394029e-04  1.20000000e+00 
 1.10494029e-04  4.46033008e-01  1.10494029e-04  4.85620563e-01  1.10494029e-04  1.84664813e-06  1.10494029e-04  2.06869484e-07  1.10494029e-04 -5.31488358e-06  1.10494029e-04  0.00000000e+00  1.10494029e-04  1.20000000e+00 
 1.10594029e-04  4.41329678e-01  1.10594029e-04  4.85597741e-01  1.10594029e-04  1.78641353e-06  1.10594029e-04 -2.06139072e-07  1.10594029e-04  6.35217707e-06  1.10594029e-04  0.00000000e+00  1.10594029e-04  1.20000000e+00 
 1.10694029e-04  4.36629010e-01  1.10694029e-04  4.85620458e-01  1.10694029e-04  1.84664833e-06  1.10694029e-04  2.06864492e-07  1.10694029e-04 -5.31521714e-06  1.10694029e-04  0.00000000e+00  1.10694029e-04  1.20000000e+00 
 1.10794029e-04  4.31928855e-01  1.10794029e-04  4.85597849e-01  1.10794029e-04  1.78641333e-06  1.10794029e-04 -2.06133999e-07  1.10794029e-04  6.35182467e-06  1.10794029e-04  0.00000000e+00  1.10794029e-04  1.20000000e+00 
 1.10894029e-04  4.27231419e-01  1.10894029e-04  4.85620345e-01  1.10894029e-04  1.84664853e-06  1.10894029e-04  2.06859596e-07  1.10894029e-04 -5.31556275e-06  1.10894029e-04  0.00000000e+00  1.10894029e-04  1.20000000e+00 
 1.10994029e-04  4.22534559e-01  1.10994029e-04  4.85597939e-01  1.10994029e-04  1.78641314e-06  1.10994029e-04 -2.06129021e-07  1.10994029e-04  6.35145804e-06  1.10994029e-04  0.00000000e+00  1.10994029e-04  1.20000000e+00 
 1.11094029e-04  4.17840494e-01  1.11094029e-04  4.85620220e-01  1.11094029e-04  1.84664873e-06  1.11094029e-04  2.06854794e-07  1.11094029e-04 -5.31592446e-06  1.11094029e-04  0.00000000e+00  1.11094029e-04  1.20000000e+00 
 1.11194029e-04  4.13147092e-01  1.11194029e-04  4.85598006e-01  1.11194029e-04  1.78641294e-06  1.11194029e-04 -2.06124135e-07  1.11194029e-04  6.35107237e-06  1.11194029e-04  0.00000000e+00  1.11194029e-04  1.20000000e+00 
 1.11294029e-04  4.08456585e-01  1.11294029e-04  4.85620079e-01  1.11294029e-04  1.84664893e-06  1.11294029e-04  2.06850083e-07  1.11294029e-04 -5.31630785e-06  1.11294029e-04  0.00000000e+00  1.11294029e-04  1.20000000e+00 
 1.11394029e-04  4.03766857e-01  1.11394029e-04  4.85598044e-01  1.11394029e-04  1.78641273e-06  1.11394029e-04 -2.06119340e-07  1.11394029e-04  6.35066105e-06  1.11394029e-04  0.00000000e+00  1.11394029e-04  1.20000000e+00 
 1.11494029e-04  3.99080159e-01  1.11494029e-04  4.85619918e-01  1.11494029e-04  1.84664913e-06  1.11494029e-04  2.06845460e-07  1.11494029e-04 -5.31672049e-06  1.11494029e-04  0.00000000e+00  1.11494029e-04  1.20000000e+00 
 1.11594029e-04  3.94394397e-01  1.11594029e-04  4.85598047e-01  1.11594029e-04  1.78641253e-06  1.11594029e-04 -2.06114631e-07  1.11594029e-04  6.35021531e-06  1.11594029e-04  0.00000000e+00  1.11594029e-04  1.20000000e+00 
 1.11694029e-04  3.89711846e-01  1.11694029e-04  4.85619731e-01  1.11694029e-04  1.84664933e-06  1.11694029e-04  2.06840920e-07  1.11694029e-04 -5.31717225e-06  1.11694029e-04  0.00000000e+00  1.11694029e-04  1.20000000e+00 
 1.11794029e-04  3.85030437e-01  1.11794029e-04  4.85598005e-01  1.11794029e-04  1.78641233e-06  1.11794029e-04 -2.06110004e-07  1.11794029e-04  6.34972382e-06  1.11794029e-04  0.00000000e+00  1.11794029e-04  1.20000000e+00 
 1.11894029e-04  3.80352477e-01  1.11894029e-04  4.85619511e-01  1.11894029e-04  1.84664953e-06  1.11894029e-04  2.06836461e-07  1.11894029e-04 -5.31767573e-06  1.11894029e-04  0.00000000e+00  1.11894029e-04  1.20000000e+00 
 1.11994029e-04  3.75675932e-01  1.11994029e-04  4.85597907e-01  1.11994029e-04  1.78641213e-06  1.11994029e-04 -2.06105452e-07  1.11994029e-04  6.34917241e-06  1.11994029e-04  0.00000000e+00  1.11994029e-04  1.20000000e+00 
 1.12094029e-04  3.71003143e-01  1.12094029e-04  4.85619250e-01  1.12094029e-04  1.84664974e-06  1.12094029e-04  2.06832074e-07  1.12094029e-04 -5.31824637e-06  1.12094029e-04  0.00000000e+00  1.12094029e-04  1.20000000e+00 
 1.12194029e-04  3.66332121e-01  1.12194029e-04  4.85597743e-01  1.12194029e-04  1.78641193e-06  1.12194029e-04 -2.06100970e-07  1.12194029e-04  6.34854394e-06  1.12194029e-04  0.00000000e+00  1.12194029e-04  1.20000000e+00 
 1.12294029e-04  3.61665246e-01  1.12294029e-04  4.85618941e-01  1.12294029e-04  1.84664994e-06  1.12294029e-04  2.06827752e-07  1.12294029e-04 -5.31890258e-06  1.12294029e-04  0.00000000e+00  1.12294029e-04  1.20000000e+00 
 1.12394029e-04  3.57000579e-01  1.12394029e-04  4.85597500e-01  1.12394029e-04  1.78641173e-06  1.12394029e-04 -2.06096549e-07  1.12394029e-04  6.34781829e-06  1.12394029e-04  0.00000000e+00  1.12394029e-04  1.20000000e+00 
 1.12494029e-04  3.52340548e-01  1.12494029e-04  4.85618577e-01  1.12494029e-04  1.84665015e-06  1.12494029e-04  2.06823488e-07  1.12494029e-04 -5.31966564e-06  1.12494029e-04  0.00000000e+00  1.12494029e-04  1.20000000e+00 
 1.12594029e-04  3.47683271e-01  1.12594029e-04  4.85597163e-01  1.12594029e-04  1.78641153e-06  1.12594029e-04 -2.06092179e-07  1.12594029e-04  6.34697259e-06  1.12594029e-04  0.00000000e+00  1.12594029e-04  1.20000000e+00 
 1.12694029e-04  3.43031226e-01  1.12694029e-04  4.85618148e-01  1.12694029e-04  1.84665035e-06  1.12694029e-04  2.06819270e-07  1.12694029e-04 -5.32055935e-06  1.12694029e-04  0.00000000e+00  1.12694029e-04  1.20000000e+00 
 1.12794029e-04  3.38382597e-01  1.12794029e-04  4.85596721e-01  1.12794029e-04  1.78641134e-06  1.12794029e-04 -2.06087849e-07  1.12794029e-04  6.34598156e-06  1.12794029e-04  0.00000000e+00  1.12794029e-04  1.20000000e+00 
 1.12894029e-04  3.33739913e-01  1.12894029e-04  4.85617649e-01  1.12894029e-04  1.84665055e-06  1.12894029e-04  2.06815086e-07  1.12894029e-04 -5.32160959e-06  1.12894029e-04  0.00000000e+00  1.12894029e-04  1.20000000e+00 
 1.12994029e-04  3.29101429e-01  1.12994029e-04  4.85596160e-01  1.12994029e-04  1.78641114e-06  1.12994029e-04 -2.06083546e-07  1.12994029e-04  6.34481824e-06  1.12994029e-04  0.00000000e+00  1.12994029e-04  1.20000000e+00 
 1.13094029e-04  3.24469727e-01  1.13094029e-04  4.85617074e-01  1.13094029e-04  1.84665075e-06  1.13094029e-04  2.06810921e-07  1.13094029e-04 -5.32284343e-06  1.13094029e-04  0.00000000e+00  1.13094029e-04  1.20000000e+00 
 1.13194029e-04  3.19843134e-01  1.13194029e-04  4.85595469e-01  1.13194029e-04  1.78641095e-06  1.13194029e-04 -2.06079255e-07  1.13194029e-04  6.34345501e-06  1.13194029e-04  0.00000000e+00  1.13194029e-04  1.20000000e+00 
 1.13294029e-04  3.15224282e-01  1.13294029e-04  4.85616420e-01  1.13294029e-04  1.84665094e-06  1.13294029e-04  2.06806761e-07  1.13294029e-04 -5.32428786e-06  1.13294029e-04  0.00000000e+00  1.13294029e-04  1.20000000e+00 
 1.13394029e-04  3.10611570e-01  1.13394029e-04  4.85594641e-01  1.13394029e-04  1.78641076e-06  1.13394029e-04 -2.06074961e-07  1.13394029e-04  6.34186511e-06  1.13394029e-04  0.00000000e+00  1.13394029e-04  1.20000000e+00 
 1.13494029e-04  3.06007672e-01  1.13494029e-04  4.85615688e-01  1.13494029e-04  1.84665114e-06  1.13494029e-04  2.06802588e-07  1.13494029e-04 -5.32596804e-06  1.13494029e-04  0.00000000e+00  1.13494029e-04  1.20000000e+00 
 1.13594029e-04  3.01411054e-01  1.13594029e-04  4.85593672e-01  1.13594029e-04  1.78641058e-06  1.13594029e-04 -2.06070646e-07  1.13594029e-04  6.34002471e-06  1.13594029e-04  0.00000000e+00  1.13594029e-04  1.20000000e+00 
 1.13694029e-04  2.96824417e-01  1.13694029e-04  4.85614883e-01  1.13694029e-04  1.84665133e-06  1.13694029e-04  2.06798384e-07  1.13694029e-04 -5.32790514e-06  1.13694029e-04  0.00000000e+00  1.13694029e-04  1.20000000e+00 
 1.13794029e-04  2.92246285e-01  1.13794029e-04  4.85592568e-01  1.13794029e-04  1.78641041e-06  1.13794029e-04 -2.06066293e-07  1.13794029e-04  6.33791505e-06  1.13794029e-04  0.00000000e+00  1.13794029e-04  1.20000000e+00 
 1.13894029e-04  2.87679372e-01  1.13894029e-04  4.85614019e-01  1.13894029e-04  1.84665151e-06  1.13894029e-04  2.06794129e-07  1.13894029e-04 -5.33011420e-06  1.13894029e-04  0.00000000e+00  1.13894029e-04  1.20000000e+00 
 1.13994029e-04  2.83122239e-01  1.13994029e-04  4.85591341e-01  1.13994029e-04  1.78641024e-06  1.13994029e-04 -2.06061883e-07  1.13994029e-04  6.33552459e-06  1.13994029e-04  0.00000000e+00  1.13994029e-04  1.20000000e+00 
 1.14094029e-04  2.78577593e-01  1.14094029e-04  4.85613111e-01  1.14094029e-04  1.84665169e-06  1.14094029e-04  2.06789807e-07  1.14094029e-04 -5.33260228e-06  1.14094029e-04  0.00000000e+00  1.14094029e-04  1.20000000e+00 
 1.14194029e-04  2.74044017e-01  1.14194029e-04  4.85590012e-01  1.14194029e-04  1.78641007e-06  1.14194029e-04 -2.06057401e-07  1.14194029e-04  6.33285042e-06  1.14194029e-04  0.00000000e+00  1.14194029e-04  1.20000000e+00 
 1.14294029e-04  2.69524187e-01  1.14294029e-04  4.85612183e-01  1.14294029e-04  1.84665185e-06  1.14294029e-04  2.06785401e-07  1.14294029e-04 -5.33536763e-06  1.14294029e-04  0.00000000e+00  1.14294029e-04  1.20000000e+00 
 1.14394029e-04  2.65016689e-01  1.14394029e-04  4.85588607e-01  1.14394029e-04  1.78640992e-06  1.14394029e-04 -2.06052833e-07  1.14394029e-04  6.32989853e-06  1.14394029e-04  0.00000000e+00  1.14394029e-04  1.20000000e+00 
 1.14494029e-04  2.60524150e-01  1.14494029e-04  4.85611258e-01  1.14494029e-04  1.84665201e-06  1.14494029e-04  2.06780899e-07  1.14494029e-04 -5.33839997e-06  1.14494029e-04  0.00000000e+00  1.14494029e-04  1.20000000e+00 
 1.14594029e-04  2.56045140e-01  1.14594029e-04  4.85587158e-01  1.14594029e-04  1.78640977e-06  1.14594029e-04 -2.06048168e-07  1.14594029e-04  6.32668301e-06  1.14594029e-04  0.00000000e+00  1.14594029e-04  1.20000000e+00 
 1.14694029e-04  2.51582223e-01  1.14694029e-04  4.85610360e-01  1.14694029e-04  1.84665216e-06  1.14694029e-04  2.06776291e-07  1.14694029e-04 -5.34168186e-06  1.14694029e-04  0.00000000e+00  1.14694029e-04  1.20000000e+00 
 1.14794029e-04  2.47133940e-01  1.14794029e-04  4.85585695e-01  1.14794029e-04  1.78640963e-06  1.14794029e-04 -2.06043398e-07  1.14794029e-04  6.32322414e-06  1.14794029e-04  0.00000000e+00  1.14794029e-04  1.20000000e+00 
 1.14894029e-04  2.42702781e-01  1.14894029e-04  4.85609508e-01  1.14894029e-04  1.84665230e-06  1.14894029e-04  2.06771573e-07  1.14894029e-04 -5.34519098e-06  1.14894029e-04  0.00000000e+00  1.14894029e-04  1.20000000e+00 
 1.14947020e-04  2.40360709e-01  1.14947020e-04  4.85583974e-01  1.14947020e-04  1.78640946e-06  1.14947020e-04 -2.06036198e-07  1.14947020e-04  6.32037582e-06  1.14947020e-04  0.00000000e+00  1.14947020e-04  1.20000000e+00 
 1.15000010e-04  2.38024387e-01  1.15000010e-04  4.85609400e-01  1.15000010e-04  1.84665252e-06  1.15000010e-04  2.06762046e-07  1.15000010e-04 -5.34710530e-06  1.15000010e-04  0.00000000e+00  1.15000010e-04  1.20000000e+00 
 1.15000011e-04  2.37989323e-01  1.15000011e-04  4.80355218e-01  1.15000011e-04  2.83059730e-06  1.15000011e-04  7.87499513e-06  1.15000011e-04 -1.86289284e-04  1.15000011e-04  0.00000000e+00  1.15000011e-04  1.08000000e+00 
 1.15000013e-04  2.37911692e-01  1.15000013e-04  4.66818134e-01  1.15000013e-04  3.24155520e-06  1.15000013e-04  1.23713810e-05  1.15000013e-04 -2.60951156e-04  1.15000013e-04  0.00000000e+00  1.15000013e-04  8.40000000e-01 
 1.15000016e-04  2.37797994e-01  1.15000016e-04  4.43533377e-01  1.15000016e-04  2.72969080e-06  1.15000016e-04  7.41714371e-06  1.15000016e-04 -1.84393964e-04  1.15000016e-04  0.00000000e+00  1.15000016e-04  4.20000000e-01 
 1.15000020e-04  2.37732694e-01  1.15000020e-04  4.26258384e-01  1.15000020e-04  2.89909157e-06  1.15000020e-04  7.24731341e-06  1.15000020e-04 -1.90766312e-04  1.15000020e-04  0.00000000e+00  1.15000020e-04  0.00000000e+00 
 1.15000021e-04  2.37731516e-01  1.15000021e-04  4.26626736e-01  1.15000021e-04  2.09298854e-06  1.15000021e-04 -2.25276296e-07  1.15000021e-04 -3.07185059e-05  1.15000021e-04  0.00000000e+00  1.15000021e-04  0.00000000e+00 
 1.15000022e-04  2.37730920e-01  1.15000022e-04  4.27961278e-01  1.15000022e-04  1.90190628e-06  1.15000022e-04 -1.58624486e-06  1.15000022e-04  1.40870556e-06  1.15000022e-04  0.00000000e+00  1.15000022e-04  0.00000000e+00 
 1.15000025e-04  2.37730416e-01  1.15000025e-04  4.30178220e-01  1.15000025e-04  2.10262658e-06  1.15000025e-04  1.49300137e-07  1.15000025e-04 -2.27301158e-05  1.15000025e-04  0.00000000e+00  1.15000025e-04  0.00000000e+00 
 1.15000030e-04  2.37729529e-01  1.15000030e-04  4.32958342e-01  1.15000030e-04  1.92185789e-06  1.15000030e-04 -8.36903129e-07  1.15000030e-04  4.20375381e-06  1.15000030e-04  0.00000000e+00  1.15000030e-04  0.00000000e+00 
 1.15000041e-04  2.37729187e-01  1.15000041e-04  4.35659900e-01  1.15000041e-04  2.00719529e-06  1.15000041e-04  7.45408811e-07  1.15000041e-04 -1.61432486e-05  1.15000041e-04  0.00000000e+00  1.15000041e-04  0.00000000e+00 
 1.15000062e-04  2.37729364e-01  1.15000062e-04  4.37647118e-01  1.15000062e-04  1.79061218e-06  1.15000062e-04 -5.33924188e-07  1.15000062e-04  9.96515832e-06  1.15000062e-04  0.00000000e+00  1.15000062e-04  0.00000000e+00 
 1.15000104e-04  2.37730410e-01  1.15000104e-04  4.40128257e-01  1.15000104e-04  1.88513545e-06  1.15000104e-04  7.45526716e-07  1.15000104e-04 -1.13357524e-05  1.15000104e-04  0.00000000e+00  1.15000104e-04  0.00000000e+00 
 1.15000188e-04  2.37732107e-01  1.15000188e-04  4.43622696e-01  1.15000188e-04  1.73821658e-06  1.15000188e-04 -5.12107374e-07  1.15000188e-04  1.13155483e-05  1.15000188e-04  0.00000000e+00  1.15000188e-04  0.00000000e+00 
 1.15000304e-04  2.37734281e-01  1.15000304e-04  4.47519507e-01  1.15000304e-04  1.87592941e-06  1.15000304e-04  7.64097199e-07  1.15000304e-04 -1.13480331e-05  1.15000304e-04  0.00000000e+00  1.15000304e-04  0.00000000e+00 
 1.15000536e-04  2.37737409e-01  1.15000536e-04  4.53207077e-01  1.15000536e-04  1.73702580e-06  1.15000536e-04 -5.32077878e-07  1.15000536e-04  1.13243241e-05  1.15000536e-04  0.00000000e+00  1.15000536e-04  0.00000000e+00 
 1.15001000e-04  2.37741099e-01  1.15001000e-04  4.60423415e-01  1.15001000e-04  1.88121318e-06  1.15001000e-04  6.93162422e-07  1.15001000e-04 -1.13249856e-05  1.15001000e-04  0.00000000e+00  1.15001000e-04  0.00000000e+00 
 1.15001928e-04  2.37743744e-01  1.15001928e-04  4.67235066e-01  1.15001928e-04  1.74427620e-06  1.15001928e-04 -6.35528733e-07  1.15001928e-04  1.13356358e-05  1.15001928e-04  0.00000000e+00  1.15001928e-04  0.00000000e+00 
 1.15003785e-04  2.37749078e-01  1.15003785e-04  4.73057340e-01  1.15003785e-04  1.88575516e-06  1.15003785e-04  6.09801416e-07  1.15003785e-04 -1.13178057e-05  1.15003785e-04  0.00000000e+00  1.15003785e-04  0.00000000e+00 
 1.15007498e-04  2.37763958e-01  1.15007498e-04  4.79152036e-01  1.15007498e-04  1.74599726e-06  1.15007498e-04 -6.51609153e-07  1.15007498e-04  1.13325471e-05  1.15007498e-04  0.00000000e+00  1.15007498e-04  0.00000000e+00 
 1.15014925e-04  2.37786188e-01  1.15014925e-04  4.84364182e-01  1.15014925e-04  1.88674558e-06  1.15014925e-04  6.31084181e-07  1.15014925e-04 -1.13189640e-05  1.15014925e-04  0.00000000e+00  1.15014925e-04  0.00000000e+00 
 1.15029779e-04  2.37809858e-01  1.15029779e-04  4.85716451e-01  1.15029779e-04  1.74639873e-06  1.15029779e-04 -6.33750172e-07  1.15029779e-04  1.13322778e-05  1.15029779e-04  0.00000000e+00  1.15029779e-04  0.00000000e+00 
 1.15059485e-04  2.37819615e-01  1.15059485e-04  4.85595280e-01  1.15059485e-04  1.88667054e-06  1.15059485e-04  6.34826674e-07  1.15059485e-04 -1.13188397e-05  1.15059485e-04  0.00000000e+00  1.15059485e-04  0.00000000e+00 
 1.15118899e-04  2.37794458e-01  1.15118899e-04  4.85614723e-01  1.15118899e-04  1.74638886e-06  1.15118899e-04 -6.34207064e-07  1.15118899e-04  1.13322169e-05  1.15118899e-04  0.00000000e+00  1.15118899e-04  0.00000000e+00 
 1.15218899e-04  2.37738256e-01  1.15218899e-04  4.85625298e-01  1.15218899e-04  1.88667361e-06  1.15218899e-04  6.34991829e-07  1.15218899e-04 -1.13188079e-05  1.15218899e-04  0.00000000e+00  1.15218899e-04  0.00000000e+00 
 1.15318899e-04  2.37683387e-01  1.15318899e-04  4.85598531e-01  1.15318899e-04  1.74638731e-06  1.15318899e-04 -6.34308922e-07  1.15318899e-04  1.13321918e-05  1.15318899e-04  0.00000000e+00  1.15318899e-04  0.00000000e+00 
 1.15418899e-04  2.37628281e-01  1.15418899e-04  4.85638126e-01  1.15418899e-04  1.88667473e-06  1.15418899e-04  6.35081592e-07  1.15418899e-04 -1.13187845e-05  1.15418899e-04  0.00000000e+00  1.15418899e-04  0.00000000e+00 
 1.15518899e-04  2.37573010e-01  1.15518899e-04  4.85588414e-01  1.15518899e-04  1.74638655e-06  1.15518899e-04 -6.34388653e-07  1.15518899e-04  1.13321667e-05  1.15518899e-04  0.00000000e+00  1.15518899e-04  0.00000000e+00 
 1.15618899e-04  2.37518069e-01  1.15618899e-04  4.85646078e-01  1.15618899e-04  1.88667518e-06  1.15618899e-04  6.35152964e-07  1.15618899e-04 -1.13187611e-05  1.15618899e-04  0.00000000e+00  1.15618899e-04  0.00000000e+00 
 1.15718899e-04  2.37462746e-01  1.15718899e-04  4.85582206e-01  1.15718899e-04  1.74638636e-06  1.15718899e-04 -6.34453018e-07  1.15718899e-04  1.13321415e-05  1.15718899e-04  0.00000000e+00  1.15718899e-04  0.00000000e+00 
 1.15818899e-04  2.37407837e-01  1.15818899e-04  4.85650891e-01  1.15818899e-04  1.88667515e-06  1.15818899e-04  6.35211425e-07  1.15818899e-04 -1.13187377e-05  1.15818899e-04  0.00000000e+00  1.15818899e-04  0.00000000e+00 
 1.15918899e-04  2.37352512e-01  1.15918899e-04  4.85578516e-01  1.15918899e-04  1.74638656e-06  1.15918899e-04 -6.34506468e-07  1.15918899e-04  1.13321163e-05  1.15918899e-04  0.00000000e+00  1.15918899e-04  0.00000000e+00 
 1.16018899e-04  2.37297615e-01  1.16018899e-04  4.85653683e-01  1.16018899e-04  1.88667481e-06  1.16018899e-04  6.35260599e-07  1.16018899e-04 -1.13187142e-05  1.16018899e-04  0.00000000e+00  1.16018899e-04  0.00000000e+00 
 1.16118899e-04  2.37242298e-01  1.16118899e-04  4.85576446e-01  1.16118899e-04  1.74638702e-06  1.16118899e-04 -6.34551961e-07  1.16118899e-04  1.13320910e-05  1.16118899e-04  0.00000000e+00  1.16118899e-04  0.00000000e+00 
 1.16218899e-04  2.37187409e-01  1.16218899e-04  4.85655174e-01  1.16218899e-04  1.88667426e-06  1.16218899e-04  6.35302904e-07  1.16218899e-04 -1.13186907e-05  1.16218899e-04  0.00000000e+00  1.16218899e-04  0.00000000e+00 
 1.16318899e-04  2.37132100e-01  1.16318899e-04  4.85575419e-01  1.16318899e-04  1.74638765e-06  1.16318899e-04 -6.34591480e-07  1.16318899e-04  1.13320656e-05  1.16318899e-04  0.00000000e+00  1.16318899e-04  0.00000000e+00 
 1.16418899e-04  2.37077220e-01  1.16418899e-04  4.85655831e-01  1.16418899e-04  1.88667357e-06  1.16418899e-04  6.35339975e-07  1.16418899e-04 -1.13186671e-05  1.16418899e-04  0.00000000e+00  1.16418899e-04  0.00000000e+00 
 1.16518899e-04  2.37021920e-01  1.16518899e-04  4.85575059e-01  1.16518899e-04  1.74638838e-06  1.16518899e-04 -6.34626377e-07  1.16518899e-04  1.13320402e-05  1.16518899e-04  0.00000000e+00  1.16518899e-04  0.00000000e+00 
 1.16618899e-04  2.36967047e-01  1.16618899e-04  4.85655955e-01  1.16618899e-04  1.88667280e-06  1.16618899e-04  6.35372932e-07  1.16618899e-04 -1.13186434e-05  1.16618899e-04  0.00000000e+00  1.16618899e-04  0.00000000e+00 
 1.16718899e-04  2.36911757e-01  1.16718899e-04  4.85575123e-01  1.16718899e-04  1.74638918e-06  1.16718899e-04 -6.34657587e-07  1.16718899e-04  1.13320148e-05  1.16718899e-04  0.00000000e+00  1.16718899e-04  0.00000000e+00 
 1.16818899e-04  2.36856890e-01  1.16818899e-04  4.85655742e-01  1.16818899e-04  1.88667199e-06  1.16818899e-04  6.35402558e-07  1.16818899e-04 -1.13186197e-05  1.16818899e-04  0.00000000e+00  1.16818899e-04  0.00000000e+00 
 1.16918899e-04  2.36801610e-01  1.16918899e-04  4.85575453e-01  1.16918899e-04  1.74639000e-06  1.16918899e-04 -6.34685765e-07  1.16918899e-04  1.13319893e-05  1.16918899e-04  0.00000000e+00  1.16918899e-04  0.00000000e+00 
 1.17018899e-04  2.36746749e-01  1.17018899e-04  4.85655321e-01  1.17018899e-04  1.88667116e-06  1.17018899e-04  6.35429410e-07  1.17018899e-04 -1.13185959e-05  1.17018899e-04  0.00000000e+00  1.17018899e-04  0.00000000e+00 
 1.17118899e-04  2.36691480e-01  1.17118899e-04  4.85575944e-01  1.17118899e-04  1.74639083e-06  1.17118899e-04 -6.34711389e-07  1.17118899e-04  1.13319637e-05  1.17118899e-04  0.00000000e+00  1.17118899e-04  0.00000000e+00 
 1.17218899e-04  2.36636626e-01  1.17218899e-04  4.85654775e-01  1.17218899e-04  1.88667033e-06  1.17218899e-04  6.35453894e-07  1.17218899e-04 -1.13185720e-05  1.17218899e-04  0.00000000e+00  1.17218899e-04  0.00000000e+00 
 1.17318899e-04  2.36581367e-01  1.17318899e-04  4.85576531e-01  1.17318899e-04  1.74639166e-06  1.17318899e-04 -6.34734807e-07  1.17318899e-04  1.13319380e-05  1.17318899e-04  0.00000000e+00  1.17318899e-04  0.00000000e+00 
 1.17418899e-04  2.36526519e-01  1.17418899e-04  4.85654158e-01  1.17418899e-04  1.88666951e-06  1.17418899e-04  6.35476315e-07  1.17418899e-04 -1.13185481e-05  1.17418899e-04  0.00000000e+00  1.17418899e-04  0.00000000e+00 
 1.17518899e-04  2.36471270e-01  1.17518899e-04  4.85577170e-01  1.17518899e-04  1.74639247e-06  1.17518899e-04 -6.34756286e-07  1.17518899e-04  1.13319123e-05  1.17518899e-04  0.00000000e+00  1.17518899e-04  0.00000000e+00 
 1.17618899e-04  2.36416428e-01  1.17618899e-04  4.85653505e-01  1.17618899e-04  1.88666870e-06  1.17618899e-04  6.35496908e-07  1.17618899e-04 -1.13185242e-05  1.17618899e-04  0.00000000e+00  1.17618899e-04  0.00000000e+00 
 1.17718899e-04  2.36361191e-01  1.17718899e-04  4.85577831e-01  1.17718899e-04  1.74639327e-06  1.17718899e-04 -6.34776036e-07  1.17718899e-04  1.13318866e-05  1.17718899e-04  0.00000000e+00  1.17718899e-04  0.00000000e+00 
 1.17818899e-04  2.36306354e-01  1.17818899e-04  4.85652839e-01  1.17818899e-04  1.88666792e-06  1.17818899e-04  6.35515858e-07  1.17818899e-04 -1.13185001e-05  1.17818899e-04  0.00000000e+00  1.17818899e-04  0.00000000e+00 
 1.17918899e-04  2.36251128e-01  1.17918899e-04  4.85578497e-01  1.17918899e-04  1.74639404e-06  1.17918899e-04 -6.34794223e-07  1.17918899e-04  1.13318607e-05  1.17918899e-04  0.00000000e+00  1.17918899e-04  0.00000000e+00 
 1.18018899e-04  2.36196297e-01  1.18018899e-04  4.85652175e-01  1.18018899e-04  1.88666716e-06  1.18018899e-04  6.35533319e-07  1.18018899e-04 -1.13184761e-05  1.18018899e-04  0.00000000e+00  1.18018899e-04  0.00000000e+00 
 1.18118899e-04  2.36141081e-01  1.18118899e-04  4.85579157e-01  1.18118899e-04  1.74639479e-06  1.18118899e-04 -6.34810986e-07  1.18118899e-04  1.13318349e-05  1.18118899e-04  0.00000000e+00  1.18118899e-04  0.00000000e+00 
 1.18218899e-04  2.36086256e-01  1.18218899e-04  4.85651522e-01  1.18218899e-04  1.88666642e-06  1.18218899e-04  6.35549417e-07  1.18218899e-04 -1.13184519e-05  1.18218899e-04  0.00000000e+00  1.18218899e-04  0.00000000e+00 
 1.18318899e-04  2.36031052e-01  1.18318899e-04  4.85579802e-01  1.18318899e-04  1.74639551e-06  1.18318899e-04 -6.34826443e-07  1.18318899e-04  1.13318089e-05  1.18318899e-04  0.00000000e+00  1.18318899e-04  0.00000000e+00 
 1.18418899e-04  2.35976232e-01  1.18418899e-04  4.85650885e-01  1.18418899e-04  1.88666571e-06  1.18418899e-04  6.35564261e-07  1.18418899e-04 -1.13184277e-05  1.18418899e-04  0.00000000e+00  1.18418899e-04  0.00000000e+00 
 1.18518899e-04  2.35921039e-01  1.18518899e-04  4.85580428e-01  1.18518899e-04  1.74639621e-06  1.18518899e-04 -6.34840695e-07  1.18518899e-04  1.13317829e-05  1.18518899e-04  0.00000000e+00  1.18518899e-04  0.00000000e+00 
 1.18618899e-04  2.35866224e-01  1.18618899e-04  4.85650269e-01  1.18618899e-04  1.88666503e-06  1.18618899e-04  6.35577945e-07  1.18618899e-04 -1.13184034e-05  1.18618899e-04  0.00000000e+00  1.18618899e-04  0.00000000e+00 
 1.18718899e-04  2.35811042e-01  1.18718899e-04  4.85581033e-01  1.18718899e-04  1.74639688e-06  1.18718899e-04 -6.34853831e-07  1.18718899e-04  1.13317568e-05  1.18718899e-04  0.00000000e+00  1.18718899e-04  0.00000000e+00 
 1.18818899e-04  2.35756233e-01  1.18818899e-04  4.85649675e-01  1.18818899e-04  1.88666436e-06  1.18818899e-04  6.35590555e-07  1.18818899e-04 -1.13183791e-05  1.18818899e-04  0.00000000e+00  1.18818899e-04  0.00000000e+00 
 1.18918899e-04  2.35701062e-01  1.18918899e-04  4.85581615e-01  1.18918899e-04  1.74639753e-06  1.18918899e-04 -6.34865931e-07  1.18918899e-04  1.13317307e-05  1.18918899e-04  0.00000000e+00  1.18918899e-04  0.00000000e+00 
 1.19018899e-04  2.35646259e-01  1.19018899e-04  4.85649105e-01  1.19018899e-04  1.88666373e-06  1.19018899e-04  6.35602165e-07  1.19018899e-04 -1.13183547e-05  1.19018899e-04  0.00000000e+00  1.19018899e-04  0.00000000e+00 
 1.19118899e-04  2.35591099e-01  1.19118899e-04  4.85582174e-01  1.19118899e-04  1.74639816e-06  1.19118899e-04 -6.34877066e-07  1.19118899e-04  1.13317046e-05  1.19118899e-04  0.00000000e+00  1.19118899e-04  0.00000000e+00 
 1.19218899e-04  2.35536302e-01  1.19218899e-04  4.85648557e-01  1.19218899e-04  1.88666311e-06  1.19218899e-04  6.35612844e-07  1.19218899e-04 -1.13183303e-05  1.19218899e-04  0.00000000e+00  1.19218899e-04  0.00000000e+00 
 1.19318899e-04  2.35481153e-01  1.19318899e-04  4.85582710e-01  1.19318899e-04  1.74639876e-06  1.19318899e-04 -6.34887301e-07  1.19318899e-04  1.13316783e-05  1.19318899e-04  0.00000000e+00  1.19318899e-04  0.00000000e+00 
 1.19418899e-04  2.35426361e-01  1.19418899e-04  4.85648033e-01  1.19418899e-04  1.88666252e-06  1.19418899e-04  6.35622654e-07  1.19418899e-04 -1.13183058e-05  1.19418899e-04  0.00000000e+00  1.19418899e-04  0.00000000e+00 
 1.19518899e-04  2.35371223e-01  1.19518899e-04  4.85583222e-01  1.19518899e-04  1.74639935e-06  1.19518899e-04 -6.34896697e-07  1.19518899e-04  1.13316521e-05  1.19518899e-04  0.00000000e+00  1.19518899e-04  0.00000000e+00 
 1.19618899e-04  2.35316436e-01  1.19618899e-04  4.85647532e-01  1.19618899e-04  1.88666194e-06  1.19618899e-04  6.35631652e-07  1.19618899e-04 -1.13182813e-05  1.19618899e-04  0.00000000e+00  1.19618899e-04  0.00000000e+00 
 1.19718899e-04  2.35261310e-01  1.19718899e-04  4.85583712e-01  1.19718899e-04  1.74639991e-06  1.19718899e-04 -6.34905307e-07  1.19718899e-04  1.13316257e-05  1.19718899e-04  0.00000000e+00  1.19718899e-04  0.00000000e+00 
 1.19818899e-04  2.35206529e-01  1.19818899e-04  4.85647054e-01  1.19818899e-04  1.88666139e-06  1.19818899e-04  6.35639889e-07  1.19818899e-04 -1.13182567e-05  1.19818899e-04  0.00000000e+00  1.19818899e-04  0.00000000e+00 
 1.19918899e-04  2.35151413e-01  1.19918899e-04  4.85584179e-01  1.19918899e-04  1.74640045e-06  1.19918899e-04 -6.34913182e-07  1.19918899e-04  1.13315994e-05  1.19918899e-04  0.00000000e+00  1.19918899e-04  0.00000000e+00 
 1.20018899e-04  2.35096638e-01  1.20018899e-04  4.85646597e-01  1.20018899e-04  1.88666086e-06  1.20018899e-04  6.35647416e-07  1.20018899e-04 -1.13182320e-05  1.20018899e-04  0.00000000e+00  1.20018899e-04  0.00000000e+00 
 1.20118899e-04  2.35041533e-01  1.20118899e-04  4.85584625e-01  1.20118899e-04  1.74640097e-06  1.20118899e-04 -6.34920369e-07  1.20118899e-04  1.13315729e-05  1.20118899e-04  0.00000000e+00  1.20118899e-04  0.00000000e+00 
 1.20218899e-04  2.34986763e-01  1.20218899e-04  4.85646161e-01  1.20218899e-04  1.88666035e-06  1.20218899e-04  6.35654277e-07  1.20218899e-04 -1.13182074e-05  1.20218899e-04  0.00000000e+00  1.20218899e-04  0.00000000e+00 
 1.20318899e-04  2.34931670e-01  1.20318899e-04  4.85585051e-01  1.20318899e-04  1.74640148e-06  1.20318899e-04 -6.34926912e-07  1.20318899e-04  1.13315465e-05  1.20318899e-04  0.00000000e+00  1.20318899e-04  0.00000000e+00 
 1.20418899e-04  2.34876906e-01  1.20418899e-04  4.85645745e-01  1.20418899e-04  1.88665985e-06  1.20418899e-04  6.35660514e-07  1.20418899e-04 -1.13181826e-05  1.20418899e-04  0.00000000e+00  1.20418899e-04  0.00000000e+00 
 1.20518899e-04  2.34821823e-01  1.20518899e-04  4.85585456e-01  1.20518899e-04  1.74640197e-06  1.20518899e-04 -6.34932850e-07  1.20518899e-04  1.13315199e-05  1.20518899e-04  0.00000000e+00  1.20518899e-04  0.00000000e+00 
 1.20618899e-04  2.34767065e-01  1.20618899e-04  4.85645349e-01  1.20618899e-04  1.88665937e-06  1.20618899e-04  6.35666166e-07  1.20618899e-04 -1.13181579e-05  1.20618899e-04  0.00000000e+00  1.20618899e-04  0.00000000e+00 
 1.20718899e-04  2.34711993e-01  1.20718899e-04  4.85585843e-01  1.20718899e-04  1.74640244e-06  1.20718899e-04 -6.34938221e-07  1.20718899e-04  1.13314934e-05  1.20718899e-04  0.00000000e+00  1.20718899e-04  0.00000000e+00 
 1.20818899e-04  2.34657240e-01  1.20818899e-04  4.85644972e-01  1.20818899e-04  1.88665891e-06  1.20818899e-04  6.35671268e-07  1.20818899e-04 -1.13181330e-05  1.20818899e-04  0.00000000e+00  1.20818899e-04  0.00000000e+00 
 1.20918899e-04  2.34602179e-01  1.20918899e-04  4.85586211e-01  1.20918899e-04  1.74640290e-06  1.20918899e-04 -6.34943061e-07  1.20918899e-04  1.13314668e-05  1.20918899e-04  0.00000000e+00  1.20918899e-04  0.00000000e+00 
 1.21018899e-04  2.34547433e-01  1.21018899e-04  4.85644612e-01  1.21018899e-04  1.88665846e-06  1.21018899e-04  6.35675855e-07  1.21018899e-04 -1.13181082e-05  1.21018899e-04  0.00000000e+00  1.21018899e-04  0.00000000e+00 
 1.21118899e-04  2.34492382e-01  1.21118899e-04  4.85586562e-01  1.21118899e-04  1.74640334e-06  1.21118899e-04 -6.34947401e-07  1.21118899e-04  1.13314401e-05  1.21118899e-04  0.00000000e+00  1.21118899e-04  0.00000000e+00 
 1.21218899e-04  2.34437641e-01  1.21218899e-04  4.85644270e-01  1.21218899e-04  1.88665802e-06  1.21218899e-04  6.35679959e-07  1.21218899e-04 -1.13180833e-05  1.21218899e-04  0.00000000e+00  1.21218899e-04  0.00000000e+00 
 1.21318899e-04  2.34382602e-01  1.21318899e-04  4.85586896e-01  1.21318899e-04  1.74640377e-06  1.21318899e-04 -6.34951272e-07  1.21318899e-04  1.13314134e-05  1.21318899e-04  0.00000000e+00  1.21318899e-04  0.00000000e+00 
 1.21418899e-04  2.34327867e-01  1.21418899e-04  4.85643944e-01  1.21418899e-04  1.88665760e-06  1.21418899e-04  6.35683608e-07  1.21418899e-04 -1.13180583e-05  1.21418899e-04  0.00000000e+00  1.21418899e-04  0.00000000e+00 
 1.21518899e-04  2.34272838e-01  1.21518899e-04  4.85587214e-01  1.21518899e-04  1.74640418e-06  1.21518899e-04 -6.34954704e-07  1.21518899e-04  1.13313867e-05  1.21518899e-04  0.00000000e+00  1.21518899e-04  0.00000000e+00 
 1.21618899e-04  2.34218109e-01  1.21618899e-04  4.85643633e-01  1.21618899e-04  1.88665719e-06  1.21618899e-04  6.35686831e-07  1.21618899e-04 -1.13180334e-05  1.21618899e-04  0.00000000e+00  1.21618899e-04  0.00000000e+00 
 1.21718899e-04  2.34163091e-01  1.21718899e-04  4.85587516e-01  1.21718899e-04  1.74640458e-06  1.21718899e-04 -6.34957722e-07  1.21718899e-04  1.13313600e-05  1.21718899e-04  0.00000000e+00  1.21718899e-04  0.00000000e+00 
 1.21818899e-04  2.34108368e-01  1.21818899e-04  4.85643338e-01  1.21818899e-04  1.88665679e-06  1.21818899e-04  6.35689653e-07  1.21818899e-04 -1.13180083e-05  1.21818899e-04  0.00000000e+00  1.21818899e-04  0.00000000e+00 
 1.21918899e-04  2.34053360e-01  1.21918899e-04  4.85587804e-01  1.21918899e-04  1.74640497e-06  1.21918899e-04 -6.34960351e-07  1.21918899e-04  1.13313332e-05  1.21918899e-04  0.00000000e+00  1.21918899e-04  0.00000000e+00 
 1.22018899e-04  2.33998644e-01  1.22018899e-04  4.85643057e-01  1.22018899e-04  1.88665641e-06  1.22018899e-04  6.35692098e-07  1.22018899e-04 -1.13179833e-05  1.22018899e-04  0.00000000e+00  1.22018899e-04  0.00000000e+00 
 1.22118899e-04  2.33943646e-01  1.22118899e-04  4.85588078e-01  1.22118899e-04  1.74640535e-06  1.22118899e-04 -6.34962615e-07  1.22118899e-04  1.13313063e-05  1.22118899e-04  0.00000000e+00  1.22118899e-04  0.00000000e+00 
 1.22218899e-04  2.33888936e-01  1.22218899e-04  4.85642790e-01  1.22218899e-04  1.88665603e-06  1.22218899e-04  6.35694189e-07  1.22218899e-04 -1.13179582e-05  1.22218899e-04  0.00000000e+00  1.22218899e-04  0.00000000e+00 
 1.22318899e-04  2.33833949e-01  1.22318899e-04  4.85588338e-01  1.22318899e-04  1.74640572e-06  1.22318899e-04 -6.34964535e-07  1.22318899e-04  1.13312794e-05  1.22318899e-04  0.00000000e+00  1.22318899e-04  0.00000000e+00 
 1.22418899e-04  2.33779245e-01  1.22418899e-04  4.85642537e-01  1.22418899e-04  1.88665567e-06  1.22418899e-04  6.35695947e-07  1.22418899e-04 -1.13179331e-05  1.22418899e-04  0.00000000e+00  1.22418899e-04  0.00000000e+00 
 1.22518899e-04  2.33724268e-01  1.22518899e-04  4.85588585e-01  1.22518899e-04  1.74640608e-06  1.22518899e-04 -6.34966133e-07  1.22518899e-04  1.13312525e-05  1.22518899e-04  0.00000000e+00  1.22518899e-04  0.00000000e+00 
 1.22618899e-04  2.33669570e-01  1.22618899e-04  4.85642295e-01  1.22618899e-04  1.88665532e-06  1.22618899e-04  6.35697391e-07  1.22618899e-04 -1.13179079e-05  1.22618899e-04  0.00000000e+00  1.22618899e-04  0.00000000e+00 
 1.22718899e-04  2.33614604e-01  1.22718899e-04  4.85588820e-01  1.22718899e-04  1.74640643e-06  1.22718899e-04 -6.34967426e-07  1.22718899e-04  1.13312256e-05  1.22718899e-04  0.00000000e+00  1.22718899e-04  0.00000000e+00 
 1.22818899e-04  2.33559912e-01  1.22818899e-04  4.85642066e-01  1.22818899e-04  1.88665497e-06  1.22818899e-04  6.35698541e-07  1.22818899e-04 -1.13178827e-05  1.22818899e-04  0.00000000e+00  1.22818899e-04  0.00000000e+00 
 1.22918899e-04  2.33504956e-01  1.22918899e-04  4.85589044e-01  1.22918899e-04  1.74640677e-06  1.22918899e-04 -6.34968434e-07  1.22918899e-04  1.13311986e-05  1.22918899e-04  0.00000000e+00  1.22918899e-04  0.00000000e+00 
 1.23018899e-04  2.33450271e-01  1.23018899e-04  4.85641849e-01  1.23018899e-04  1.88665464e-06  1.23018899e-04  6.35699414e-07  1.23018899e-04 -1.13178575e-05  1.23018899e-04  0.00000000e+00  1.23018899e-04  0.00000000e+00 
 1.23118899e-04  2.33395325e-01  1.23118899e-04  4.85589256e-01  1.23118899e-04  1.74640710e-06  1.23118899e-04 -6.34969173e-07  1.23118899e-04  1.13311716e-05  1.23118899e-04  0.00000000e+00  1.23118899e-04  0.00000000e+00 
 1.23218899e-04  2.33340646e-01  1.23218899e-04  4.85641642e-01  1.23218899e-04  1.88665431e-06  1.23218899e-04  6.35700026e-07  1.23218899e-04 -1.13178323e-05  1.23218899e-04  0.00000000e+00  1.23218899e-04  0.00000000e+00 
 1.23318899e-04  2.33285710e-01  1.23318899e-04  4.85589457e-01  1.23318899e-04  1.74640743e-06  1.23318899e-04 -6.34969659e-07  1.23318899e-04  1.13311446e-05  1.23318899e-04  0.00000000e+00  1.23318899e-04  0.00000000e+00 
 1.23418899e-04  2.33231038e-01  1.23418899e-04  4.85641445e-01  1.23418899e-04  1.88665399e-06  1.23418899e-04  6.35700392e-07  1.23418899e-04 -1.13178070e-05  1.23418899e-04  0.00000000e+00  1.23418899e-04  0.00000000e+00 
 1.23518899e-04  2.33176112e-01  1.23518899e-04  4.85589648e-01  1.23518899e-04  1.74640774e-06  1.23518899e-04 -6.34969907e-07  1.23518899e-04  1.13311176e-05  1.23518899e-04  0.00000000e+00  1.23518899e-04  0.00000000e+00 
 1.23618899e-04  2.33121447e-01  1.23618899e-04  4.85641259e-01  1.23618899e-04  1.88665367e-06  1.23618899e-04  6.35700527e-07  1.23618899e-04 -1.13177817e-05  1.23618899e-04  0.00000000e+00  1.23618899e-04  0.00000000e+00 
 1.23718899e-04  2.33066531e-01  1.23718899e-04  4.85589830e-01  1.23718899e-04  1.74640805e-06  1.23718899e-04 -6.34969930e-07  1.23718899e-04  1.13310905e-05  1.23718899e-04  0.00000000e+00  1.23718899e-04  0.00000000e+00 
 1.23818899e-04  2.33011872e-01  1.23818899e-04  4.85641082e-01  1.23818899e-04  1.88665337e-06  1.23818899e-04  6.35700445e-07  1.23818899e-04 -1.13177563e-05  1.23818899e-04  0.00000000e+00  1.23818899e-04  0.00000000e+00 
 1.23918899e-04  2.32956966e-01  1.23918899e-04  4.85590002e-01  1.23918899e-04  1.74640836e-06  1.23918899e-04 -6.34969742e-07  1.23918899e-04  1.13310634e-05  1.23918899e-04  0.00000000e+00  1.23918899e-04  0.00000000e+00 
 1.24018899e-04  2.32902314e-01  1.24018899e-04  4.85640914e-01  1.24018899e-04  1.88665307e-06  1.24018899e-04  6.35700157e-07  1.24018899e-04 -1.13177310e-05  1.24018899e-04  0.00000000e+00  1.24018899e-04  0.00000000e+00 
 1.24118899e-04  2.32847418e-01  1.24118899e-04  4.85590166e-01  1.24118899e-04  1.74640865e-06  1.24118899e-04 -6.34969356e-07  1.24118899e-04  1.13310362e-05  1.24118899e-04  0.00000000e+00  1.24118899e-04  0.00000000e+00 
 1.24218899e-04  2.32792773e-01  1.24218899e-04  4.85640755e-01  1.24218899e-04  1.88665278e-06  1.24218899e-04  6.35699677e-07  1.24218899e-04 -1.13177056e-05  1.24218899e-04  0.00000000e+00  1.24218899e-04  0.00000000e+00 
 1.24318899e-04  2.32737887e-01  1.24318899e-04  4.85590321e-01  1.24318899e-04  1.74640894e-06  1.24318899e-04 -6.34968782e-07  1.24318899e-04  1.13310091e-05  1.24318899e-04  0.00000000e+00  1.24318899e-04  0.00000000e+00 
 1.24418899e-04  2.32683248e-01  1.24418899e-04  4.85640604e-01  1.24418899e-04  1.88665249e-06  1.24418899e-04  6.35699015e-07  1.24418899e-04 -1.13176802e-05  1.24418899e-04  0.00000000e+00  1.24418899e-04  0.00000000e+00 
 1.24518899e-04  2.32628372e-01  1.24518899e-04  4.85590467e-01  1.24518899e-04  1.74640923e-06  1.24518899e-04 -6.34968032e-07  1.24518899e-04  1.13309819e-05  1.24518899e-04  0.00000000e+00  1.24518899e-04  0.00000000e+00 
 1.24618899e-04  2.32573740e-01  1.24618899e-04  4.85640461e-01  1.24618899e-04  1.88665221e-06  1.24618899e-04  6.35698182e-07  1.24618899e-04 -1.13176547e-05  1.24618899e-04  0.00000000e+00  1.24618899e-04  0.00000000e+00 
 1.24718899e-04  2.32518873e-01  1.24718899e-04  4.85590607e-01  1.24718899e-04  1.74640950e-06  1.24718899e-04 -6.34967115e-07  1.24718899e-04  1.13309547e-05  1.24718899e-04  0.00000000e+00  1.24718899e-04  0.00000000e+00 
 1.24818899e-04  2.32464248e-01  1.24818899e-04  4.85640326e-01  1.24818899e-04  1.88665193e-06  1.24818899e-04  6.35697187e-07  1.24818899e-04 -1.13176293e-05  1.24818899e-04  0.00000000e+00  1.24818899e-04  0.00000000e+00 
 1.24909449e-04  2.32414564e-01  1.24909449e-04  4.85590745e-01  1.24909449e-04  1.74640979e-06  1.24909449e-04 -6.34965982e-07  1.24909449e-04  1.13309261e-05  1.24909449e-04  0.00000000e+00  1.24909449e-04  0.00000000e+00 
 1.25000000e-04  2.32365117e-01  1.25000000e-04  4.85640184e-01  1.25000000e-04  1.88665163e-06  1.25000000e-04  6.35695912e-07  1.25000000e-04 -1.13176010e-05  1.25000000e-04  1.62630326e-09  1.25000000e-04  0.00000000e+00 
 1.25000001e-04  2.32368130e-01  1.25000001e-04  4.86516019e-01  1.25000001e-04  1.61425204e-06  1.25000001e-04  2.71019644e-06  1.25000001e-04 -1.03609211e-06  1.25000001e-04  1.20000001e-01  1.25000001e-04  0.00000000e+00 
 1.25000003e-04  2.32374513e-01  1.25000003e-04  4.88285680e-01  1.25000003e-04  1.59728269e-06  1.25000003e-04  2.62593517e-06  1.25000003e-04 -3.00966677e-07  1.25000003e-04  3.60000000e-01  1.25000003e-04  0.00000000e+00 
 1.25000006e-04  2.32384829e-01  1.25000006e-04  4.90962678e-01  1.25000006e-04  1.66298274e-06  1.25000006e-04  8.40534733e-07  1.25000006e-04 -7.91306921e-07  1.25000006e-04  7.79999999e-01  1.25000006e-04  0.00000000e+00 
 1.25000010e-04  2.32392232e-01  1.25000010e-04  4.92689846e-01  1.25000010e-04  1.71926262e-06  1.25000010e-04 -6.17826120e-07  1.25000010e-04  6.34983143e-08  1.25000010e-04  1.20000000e+00  1.25000010e-04  0.00000000e+00 
 1.25000011e-04  2.32391843e-01  1.25000011e-04  4.92471810e-01  1.25000011e-04  1.87326292e-06  1.25000011e-04 -2.93476779e-06  1.25000011e-04  2.37198048e-07  1.25000011e-04  1.20000000e+00  1.25000011e-04  0.00000000e+00 
 1.25000012e-04  2.32390856e-01  1.25000012e-04  4.92034990e-01  1.25000012e-04  1.88702379e-06  1.25000012e-04 -3.21897974e-06  1.25000012e-04  2.61484468e-07  1.25000012e-04  1.20000000e+00  1.25000012e-04  0.00000000e+00 
 1.25000015e-04  2.32388806e-01  1.25000015e-04  4.91257148e-01  1.25000015e-04  1.86117592e-06  1.25000015e-04 -2.44287576e-06  1.25000015e-04  1.86424656e-07  1.25000015e-04  1.20000000e+00  1.25000015e-04  0.00000000e+00 
 1.25000021e-04  2.32384653e-01  1.25000021e-04  4.89907383e-01  1.25000021e-04  1.87297154e-06  1.25000021e-04 -2.12262794e-06  1.25000021e-04  1.96986902e-07  1.25000021e-04  1.20000000e+00  1.25000021e-04  0.00000000e+00 
 1.25000032e-04  2.32374796e-01  1.25000032e-04  4.87195248e-01  1.25000032e-04  1.86921030e-06  1.25000032e-04 -7.31412727e-07  1.25000032e-04  1.79997914e-07  1.25000032e-04  1.20000000e+00  1.25000032e-04  0.00000000e+00 
 1.25000054e-04  2.32333722e-01  1.25000054e-04  4.75625022e-01  1.25000054e-04  2.02148379e-06  1.25000054e-04  3.25978222e-07  1.25000054e-04  5.92551828e-07  1.25000054e-04  1.20000000e+00  1.25000054e-04  0.00000000e+00 
 1.25000087e-04  2.32282021e-01  1.25000087e-04  4.56012374e-01  1.25000087e-04  1.94120830e-06  1.25000087e-04  4.67629907e-06  1.25000087e-04  2.95458780e-07  1.25000087e-04  1.20000000e+00  1.25000087e-04  0.00000000e+00 
 1.25000119e-04  2.32291221e-01  1.25000119e-04  4.44910371e-01  1.25000119e-04  1.91951581e-06  1.25000119e-04  2.96527307e-06  1.25000119e-04  2.13856584e-07  1.25000119e-04  1.20000000e+00  1.25000119e-04  0.00000000e+00 
 1.25000183e-04  2.32372706e-01  1.25000183e-04  4.30705171e-01  1.25000183e-04  1.87560416e-06  1.25000183e-04  2.38721868e-06  1.25000183e-04  1.14017800e-07  1.25000183e-04  1.20000000e+00  1.25000183e-04  0.00000000e+00 
 1.25000252e-04  2.32469165e-01  1.25000252e-04  4.21692249e-01  1.25000252e-04  1.86098545e-06  1.25000252e-04  1.23997403e-06  1.25000252e-04  7.51424550e-08  1.25000252e-04  1.20000000e+00  1.25000252e-04  0.00000000e+00 
 1.25000367e-04  2.32589062e-01  1.25000367e-04  4.14110753e-01  1.25000367e-04  1.82712787e-06  1.25000367e-04  1.58429586e-06  1.25000367e-04  1.51116928e-08  1.25000367e-04  1.20000000e+00  1.25000367e-04  0.00000000e+00 
 1.25000562e-04  2.32716628e-01  1.25000562e-04  4.12649115e-01  1.25000562e-04  1.81392211e-06  1.25000562e-04  6.59577888e-07  1.25000562e-04 -1.48185897e-08  1.25000562e-04  1.20000000e+00  1.25000562e-04  0.00000000e+00 
 1.25000951e-04  2.32842901e-01  1.25000951e-04  4.20461185e-01  1.25000951e-04  1.80034853e-06  1.25000951e-04  1.13038124e-06  1.25000951e-04 -2.49680208e-08  1.25000951e-04  1.20000000e+00  1.25000951e-04  0.00000000e+00 
 1.25001565e-04  2.32928994e-01  1.25001565e-04  4.34030183e-01  1.25001565e-04  1.81084810e-06  1.25001565e-04  3.19349153e-07  1.25001565e-04 -9.80437307e-09  1.25001565e-04  1.20000000e+00  1.25001565e-04  0.00000000e+00 
 1.25002582e-04  2.33003535e-01  1.25002582e-04  4.47815952e-01  1.25002582e-04  1.80953488e-06  1.25002582e-04  8.90820637e-07  1.25002582e-04 -4.84361027e-10  1.25002582e-04  1.20000000e+00  1.25002582e-04  0.00000000e+00 
 1.25004433e-04  2.33103130e-01  1.25004433e-04  4.61671165e-01  1.25004433e-04  1.81809645e-06  1.25004433e-04  1.88234434e-07  1.25004433e-04  7.30988682e-09  1.25004433e-04  1.20000000e+00  1.25004433e-04  0.00000000e+00 
 1.25008134e-04  2.33287896e-01  1.25008134e-04  4.75484615e-01  1.25008134e-04  1.81313792e-06  1.25008134e-04  8.78187465e-07  1.25008134e-04  5.73618114e-09  1.25008134e-04  1.20000000e+00  1.25008134e-04  0.00000000e+00 
 1.25015537e-04  2.33658675e-01  1.25015537e-04  4.84231753e-01  1.25015537e-04  1.81984907e-06  1.25015537e-04  1.97894727e-07  1.25015537e-04  7.85681681e-09  1.25015537e-04  1.20000000e+00  1.25015537e-04  0.00000000e+00 
 1.25029023e-04  2.34323176e-01  1.25029023e-04  4.85791044e-01  1.25029023e-04  1.81344360e-06  1.25029023e-04  8.74711426e-07  1.25029023e-04  5.46391471e-09  1.25029023e-04  1.20000000e+00  1.25029023e-04  0.00000000e+00 
 1.25048927e-04  2.35293183e-01  1.25048927e-04  4.85569898e-01  1.25048927e-04  1.81963096e-06  1.25048927e-04  1.99443952e-07  1.25048927e-04  7.89211721e-09  1.25048927e-04  1.20000000e+00  1.25048927e-04  0.00000000e+00 
 1.25086166e-04  2.37094974e-01  1.25086166e-04  4.85638884e-01  1.25086166e-04  1.81342692e-06  1.25086166e-04  8.74252161e-07  1.25086166e-04  5.47574402e-09  1.25086166e-04  1.20000000e+00  1.25086166e-04  0.00000000e+00 
 1.25160643e-04  2.40687051e-01  1.25160643e-04  4.85606326e-01  1.25160643e-04  1.81963557e-06  1.25160643e-04  1.99821827e-07  1.25160643e-04  7.93975030e-09  1.25160643e-04  1.20000000e+00  1.25160643e-04  0.00000000e+00 
 1.25260643e-04  2.45510013e-01  1.25260643e-04  4.85622990e-01  1.25260643e-04  1.81342518e-06  1.25260643e-04  8.74361378e-07  1.25260643e-04  5.54124919e-09  1.25260643e-04  1.20000000e+00  1.25260643e-04  0.00000000e+00 
 1.25360643e-04  2.50333619e-01  1.25360643e-04  4.85617630e-01  1.25360643e-04  1.81963668e-06  1.25360643e-04  2.00174175e-07  1.25360643e-04  8.01866986e-09  1.25360643e-04  1.20000000e+00  1.25360643e-04  0.00000000e+00 
 1.25460643e-04  2.55158395e-01  1.25460643e-04  4.85613151e-01  1.25460643e-04  1.81342435e-06  1.25460643e-04  8.74528167e-07  1.25460643e-04  5.61709143e-09  1.25460643e-04  1.20000000e+00  1.25460643e-04  0.00000000e+00 
 1.25560643e-04  2.59983520e-01  1.25560643e-04  4.85626143e-01  1.25560643e-04  1.81963727e-06  1.25560643e-04  2.00515336e-07  1.25560643e-04  8.09700773e-09  1.25560643e-04  1.20000000e+00  1.25560643e-04  0.00000000e+00 
 1.25660643e-04  2.64809920e-01  1.25660643e-04  4.85605703e-01  1.25660643e-04  1.81342397e-06  1.25660643e-04  8.74701091e-07  1.25660643e-04  5.69310747e-09  1.25660643e-04  1.20000000e+00  1.25660643e-04  0.00000000e+00 
 1.25760643e-04  2.69636603e-01  1.25760643e-04  4.85632643e-01  1.25760643e-04  1.81963747e-06  1.25760643e-04  2.00845258e-07  1.25760643e-04  8.17478846e-09  1.25760643e-04  1.20000000e+00  1.25760643e-04  0.00000000e+00 
 1.25860643e-04  2.74464576e-01  1.25860643e-04  4.85599987e-01  1.25860643e-04  1.81342392e-06  1.25860643e-04  8.74879873e-07  1.25860643e-04  5.76927537e-09  1.25860643e-04  1.20000000e+00  1.25860643e-04  0.00000000e+00 
 1.25960643e-04  2.79292807e-01  1.25960643e-04  4.85637675e-01  1.25960643e-04  1.81963739e-06  1.25960643e-04  2.01165161e-07  1.25960643e-04  8.25203333e-09  1.25960643e-04  1.20000000e+00  1.25960643e-04  0.00000000e+00 
 1.26060643e-04  2.84122327e-01  1.26060643e-04  4.85595542e-01  1.26060643e-04  1.81342412e-06  1.26060643e-04  8.75064118e-07  1.26060643e-04  5.84556589e-09  1.26060643e-04  1.20000000e+00  1.26060643e-04  0.00000000e+00 
 1.26160643e-04  2.88952091e-01  1.26160643e-04  4.85641628e-01  1.26160643e-04  1.81963709e-06  1.26160643e-04  2.01476046e-07  1.26160643e-04  8.32876064e-09  1.26160643e-04  1.20000000e+00  1.26160643e-04  0.00000000e+00 
 1.26260643e-04  2.93783136e-01  1.26260643e-04  4.85592042e-01  1.26260643e-04  1.81342451e-06  1.26260643e-04  8.75253393e-07  1.26260643e-04  5.92194602e-09  1.26260643e-04  1.20000000e+00  1.26260643e-04  0.00000000e+00 
 1.26360643e-04  2.98614418e-01  1.26360643e-04  4.85644774e-01  1.26360643e-04  1.81963662e-06  1.26360643e-04  2.01778749e-07  1.26360643e-04  8.40498619e-09  1.26360643e-04  1.20000000e+00  1.26360643e-04  0.00000000e+00 
 1.26460643e-04  3.03446966e-01  1.26460643e-04  4.85589254e-01  1.26460643e-04  1.81342505e-06  1.26460643e-04  8.75447256e-07  1.26460643e-04  5.99838127e-09  1.26460643e-04  1.20000000e+00  1.26460643e-04  0.00000000e+00 
 1.26560643e-04  3.08279752e-01  1.26560643e-04  4.85647309e-01  1.26560643e-04  1.81963602e-06  1.26560643e-04  2.02073980e-07  1.26560643e-04  8.48072383e-09  1.26560643e-04  1.20000000e+00  1.26560643e-04  0.00000000e+00 
 1.26660643e-04  3.13113782e-01  1.26660643e-04  4.85587014e-01  1.26660643e-04  1.81342570e-06  1.26660643e-04  8.75645266e-07  1.26660643e-04  6.07483705e-09  1.26660643e-04  1.20000000e+00  1.26660643e-04  0.00000000e+00 
 1.26760643e-04  3.17948056e-01  1.26760643e-04  4.85649375e-01  1.26760643e-04  1.81963533e-06  1.26760643e-04  2.02362365e-07  1.26760643e-04  8.55598577e-09  1.26760643e-04  1.20000000e+00  1.26760643e-04  0.00000000e+00 
 1.26860643e-04  3.22783548e-01  1.26860643e-04  4.85585204e-01  1.26860643e-04  1.81342644e-06  1.26860643e-04  8.75846997e-07  1.26860643e-04  6.15127966e-09  1.26860643e-04  1.20000000e+00  1.26860643e-04  0.00000000e+00 
 1.26960643e-04  3.27619295e-01  1.26960643e-04  4.85651074e-01  1.26960643e-04  1.81963455e-06  1.26960643e-04  2.02644465e-07  1.26960643e-04  8.63078295e-09  1.26960643e-04  1.20000000e+00  1.26960643e-04  0.00000000e+00 
 1.27060643e-04  3.32456224e-01  1.27060643e-04  4.85583740e-01  1.27060643e-04  1.81342725e-06  1.27060643e-04  8.76052034e-07  1.27060643e-04  6.22767679e-09  1.27060643e-04  1.20000000e+00  1.27060643e-04  0.00000000e+00 
 1.27160643e-04  3.37293428e-01  1.27160643e-04  4.85652481e-01  1.27160643e-04  1.81963370e-06  1.27160643e-04  2.02920793e-07  1.27160643e-04  8.70512525e-09  1.27160643e-04  1.20000000e+00  1.27160643e-04  0.00000000e+00 
 1.27260643e-04  3.42131767e-01  1.27260643e-04  4.85582561e-01  1.27260643e-04  1.81342812e-06  1.27260643e-04  8.76259984e-07  1.27260643e-04  6.30399786e-09  1.27260643e-04  1.20000000e+00  1.27260643e-04  0.00000000e+00 
 1.27360643e-04  3.46970411e-01  1.27360643e-04  4.85653649e-01  1.27360643e-04  1.81963281e-06  1.27360643e-04  2.03191826e-07  1.27360643e-04  8.77902171e-09  1.27360643e-04  1.20000000e+00  1.27360643e-04  0.00000000e+00 
 1.27460643e-04  3.51810133e-01  1.27460643e-04  4.85581625e-01  1.27460643e-04  1.81342903e-06  1.27460643e-04  8.76470477e-07  1.27460643e-04  6.38021418e-09  1.27460643e-04  1.20000000e+00  1.27460643e-04  0.00000000e+00 
 1.27560643e-04  3.56650197e-01  1.27560643e-04  4.85654620e-01  1.27560643e-04  1.81963188e-06  1.27560643e-04  2.03458006e-07  1.27560643e-04  8.85248071e-09  1.27560643e-04  1.20000000e+00  1.27560643e-04  0.00000000e+00 
 1.27660643e-04  3.61491271e-01  1.27660643e-04  4.85580900e-01  1.27660643e-04  1.81342998e-06  1.27660643e-04  8.76683162e-07  1.27660643e-04  6.45629897e-09  1.27660643e-04  1.20000000e+00  1.27660643e-04  0.00000000e+00 
 1.27760643e-04  3.66332734e-01  1.27760643e-04  4.85655422e-01  1.27760643e-04  1.81963092e-06  1.27760643e-04  2.03719745e-07  1.27760643e-04  8.92551010e-09  1.27760643e-04  1.20000000e+00  1.27760643e-04  0.00000000e+00 
 1.27860643e-04  3.71175127e-01  1.27860643e-04  4.85580363e-01  1.27860643e-04  1.81343096e-06  1.27860643e-04  8.76897716e-07  1.27860643e-04  6.53222733e-09  1.27860643e-04  1.20000000e+00  1.27860643e-04  0.00000000e+00 
 1.27960643e-04  3.76017969e-01  1.27960643e-04  4.85656079e-01  1.27960643e-04  1.81962993e-06  1.27960643e-04  2.03977427e-07  1.27960643e-04  8.99811736e-09  1.27960643e-04  1.20000000e+00  1.27960643e-04  0.00000000e+00 
 1.28060643e-04  3.80861648e-01  1.28060643e-04  4.85579997e-01  1.28060643e-04  1.81343196e-06  1.28060643e-04  8.77113844e-07  1.28060643e-04  6.60797623e-09  1.28060643e-04  1.20000000e+00  1.28060643e-04  0.00000000e+00 
 1.28160643e-04  3.85705847e-01  1.28160643e-04  4.85656605e-01  1.28160643e-04  1.81962892e-06  1.28160643e-04  2.04231415e-07  1.28160643e-04  9.07030969e-09  1.28160643e-04  1.20000000e+00  1.28160643e-04  0.00000000e+00 
 1.28260643e-04  3.90550782e-01  1.28260643e-04  4.85579787e-01  1.28260643e-04  1.81343298e-06  1.28260643e-04  8.77331278e-07  1.28260643e-04  6.68352441e-09  1.28260643e-04  1.20000000e+00  1.28260643e-04  0.00000000e+00 
 1.28360643e-04  3.95396318e-01  1.28360643e-04  4.85657014e-01  1.28360643e-04  1.81962789e-06  1.28360643e-04  2.04482048e-07  1.28360643e-04  9.14209405e-09  1.28360643e-04  1.20000000e+00  1.28360643e-04  0.00000000e+00 
 1.28460643e-04  4.00242479e-01  1.28460643e-04  4.85579718e-01  1.28460643e-04  1.81343402e-06  1.28460643e-04  8.77549784e-07  1.28460643e-04  6.75885231e-09  1.28460643e-04  1.20000000e+00  1.28460643e-04  0.00000000e+00 
 1.28560643e-04  4.05089334e-01  1.28560643e-04  4.85657315e-01  1.28560643e-04  1.81962685e-06  1.28560643e-04  2.04729649e-07  1.28560643e-04  9.21347727e-09  1.28560643e-04  1.20000000e+00  1.28560643e-04  0.00000000e+00 
 1.28660643e-04  4.09936698e-01  1.28660643e-04  4.85579775e-01  1.28660643e-04  1.81343506e-06  1.28660643e-04  8.77769160e-07  1.28660643e-04  6.83394207e-09  1.28660643e-04  1.20000000e+00  1.28660643e-04  0.00000000e+00 
 1.28760643e-04  4.14784858e-01  1.28760643e-04  4.85657519e-01  1.28760643e-04  1.81962580e-06  1.28760643e-04  2.04974521e-07  1.28760643e-04  9.28446599e-09  1.28760643e-04  1.20000000e+00  1.28760643e-04  0.00000000e+00 
 1.28860643e-04  4.19633406e-01  1.28860643e-04  4.85579943e-01  1.28860643e-04  1.81343611e-06  1.28860643e-04  8.77989245e-07  1.28860643e-04  6.90877744e-09  1.28860643e-04  1.20000000e+00  1.28860643e-04  0.00000000e+00 
 1.28960643e-04  4.24482858e-01  1.28960643e-04  4.85657637e-01  1.28960643e-04  1.81962475e-06  1.28960643e-04  2.05216962e-07  1.28960643e-04  9.35506669e-09  1.28960643e-04  1.20000000e+00  1.28960643e-04  0.00000000e+00 
 1.29060643e-04  4.29332579e-01  1.29060643e-04  4.85580205e-01  1.29060643e-04  1.81343716e-06  1.29060643e-04  8.78209907e-07  1.29060643e-04  6.98334376e-09  1.29060643e-04  1.20000000e+00  1.29060643e-04  0.00000000e+00 
 1.29160643e-04  4.34183315e-01  1.29160643e-04  4.85657678e-01  1.29160643e-04  1.81962370e-06  1.29160643e-04  2.05457261e-07  1.29160643e-04  9.42528561e-09  1.29160643e-04  1.20000000e+00  1.29160643e-04  0.00000000e+00 
 1.29260643e-04  4.39034203e-01  1.29260643e-04  4.85580545e-01  1.29260643e-04  1.81343821e-06  1.29260643e-04  8.78431057e-07  1.29260643e-04  7.05762792e-09  1.29260643e-04  1.20000000e+00  1.29260643e-04  0.00000000e+00 
 1.29360643e-04  4.43886219e-01  1.29360643e-04  4.85657655e-01  1.29360643e-04  1.81962265e-06  1.29360643e-04  2.05695695e-07  1.29360643e-04  9.49512875e-09  1.29360643e-04  1.20000000e+00  1.29360643e-04  0.00000000e+00 
 1.29460643e-04  4.48738272e-01  1.29460643e-04  4.85580945e-01  1.29460643e-04  1.81343926e-06  1.29460643e-04  8.78652640e-07  1.29460643e-04  7.13161831e-09  1.29460643e-04  1.20000000e+00  1.29460643e-04  0.00000000e+00 
 1.29560643e-04  4.53591566e-01  1.29560643e-04  4.85657579e-01  1.29560643e-04  1.81962160e-06  1.29560643e-04  2.05932541e-07  1.29560643e-04  9.56460177e-09  1.29560643e-04  1.20000000e+00  1.29560643e-04  0.00000000e+00 
 1.29660643e-04  4.58444789e-01  1.29660643e-04  4.85581392e-01  1.29660643e-04  1.81344031e-06  1.29660643e-04  8.78874637e-07  1.29660643e-04  7.20530480e-09  1.29660643e-04  1.20000000e+00  1.29660643e-04  0.00000000e+00 
 1.29760643e-04  4.63299362e-01  1.29760643e-04  4.85657461e-01  1.29760643e-04  1.81962056e-06  1.29760643e-04  2.06168071e-07  1.29760643e-04  9.63371001e-09  1.29760643e-04  1.20000000e+00  1.29760643e-04  0.00000000e+00 
 1.29860643e-04  4.68153764e-01  1.29860643e-04  4.85581871e-01  1.29860643e-04  1.81344135e-06  1.29860643e-04  8.79097062e-07  1.29860643e-04  7.27867859e-09  1.29860643e-04  1.20000000e+00  1.29860643e-04  0.00000000e+00 
 1.29960643e-04  4.73009620e-01  1.29960643e-04  4.85657314e-01  1.29960643e-04  1.81961952e-06  1.29960643e-04  2.06402558e-07  1.29960643e-04  9.70245839e-09  1.29960643e-04  1.20000000e+00  1.29960643e-04  0.00000000e+00 
 1.30060643e-04  4.77865211e-01  1.30060643e-04  4.85582370e-01  1.30060643e-04  1.81344238e-06  1.30060643e-04  8.79319967e-07  1.30060643e-04  7.35173223e-09  1.30060643e-04  1.20000000e+00  1.30060643e-04  0.00000000e+00 
 1.30160643e-04  4.82722356e-01  1.30160643e-04  4.85657148e-01  1.30160643e-04  1.81961849e-06  1.30160643e-04  2.06636279e-07  1.30160643e-04  9.77085150e-09  1.30160643e-04  1.20000000e+00  1.30160643e-04  0.00000000e+00 
 1.30260643e-04  4.87579151e-01  1.30260643e-04  4.85582879e-01  1.30260643e-04  1.81344341e-06  1.30260643e-04  8.79543433e-07  1.30260643e-04  7.42445947e-09  1.30260643e-04  1.20000000e+00  1.30260643e-04  0.00000000e+00 
 1.30360643e-04  4.92437593e-01  1.30360643e-04  4.85656971e-01  1.30360643e-04  1.81961747e-06  1.30360643e-04  2.06869515e-07  1.30360643e-04  9.83889353e-09  1.30360643e-04  1.20000000e+00  1.30360643e-04  0.00000000e+00 
 1.30460643e-04  4.97295609e-01  1.30460643e-04  4.85583391e-01  1.30460643e-04  1.81344442e-06  1.30460643e-04  8.79767576e-07  1.30460643e-04  7.49685519e-09  1.30460643e-04  1.20000000e+00  1.30460643e-04  0.00000000e+00 
 1.30560643e-04  5.02155358e-01  1.30560643e-04  4.85656793e-01  1.30560643e-04  1.81961646e-06  1.30560643e-04  2.07102560e-07  1.30560643e-04  9.90658834e-09  1.30560643e-04  1.20000000e+00  1.30560643e-04  0.00000000e+00 
 1.30660643e-04  5.07014612e-01  1.30660643e-04  4.85583900e-01  1.30660643e-04  1.81344543e-06  1.30660643e-04  8.79992545e-07  1.30660643e-04  7.56891533e-09  1.30660643e-04  1.20000000e+00  1.30660643e-04  0.00000000e+00 
 1.30760643e-04  5.11875682e-01  1.30760643e-04  4.85656620e-01  1.30760643e-04  1.81961546e-06  1.30760643e-04  2.07335714e-07  1.30760643e-04  9.97393944e-09  1.30760643e-04  1.20000000e+00  1.30760643e-04  0.00000000e+00 
 1.30860643e-04  5.16736195e-01  1.30860643e-04  4.85584401e-01  1.30860643e-04  1.81344642e-06  1.30860643e-04  8.80218523e-07  1.30860643e-04  7.64063675e-09  1.30860643e-04  1.20000000e+00  1.30860643e-04  0.00000000e+00 
 1.30960643e-04  5.21598600e-01  1.30960643e-04  4.85656458e-01  1.30960643e-04  1.81961447e-06  1.30960643e-04  2.07569302e-07  1.30960643e-04  1.00409501e-08  1.30960643e-04  1.20000000e+00  1.30960643e-04  0.00000000e+00 
 1.31060643e-04  5.26460393e-01  1.31060643e-04  4.85584891e-01  1.31060643e-04  1.81344741e-06  1.31060643e-04  8.80445726e-07  1.31060643e-04  7.71201719e-09  1.31060643e-04  1.20000000e+00  1.31060643e-04  0.00000000e+00 
 1.31160643e-04  5.31324150e-01  1.31160643e-04  4.85656314e-01  1.31160643e-04  1.81961349e-06  1.31160643e-04  2.07803664e-07  1.31160643e-04  1.01076232e-08  1.31160643e-04  1.20000000e+00  1.31160643e-04  0.00000000e+00 
 1.31260643e-04  5.36187248e-01  1.31260643e-04  4.85585371e-01  1.31260643e-04  1.81344838e-06  1.31260643e-04  8.80674410e-07  1.31260643e-04  7.78305516e-09  1.31260643e-04  1.20000000e+00  1.31260643e-04  0.00000000e+00 
 1.31360643e-04  5.41052375e-01  1.31360643e-04  4.85656190e-01  1.31360643e-04  1.81961252e-06  1.31360643e-04  2.08039170e-07  1.31360643e-04  1.01739616e-08  1.31360643e-04  1.20000000e+00  1.31360643e-04  0.00000000e+00 
 1.31460643e-04  5.45916805e-01  1.31460643e-04  4.85585838e-01  1.31460643e-04  1.81344935e-06  1.31460643e-04  8.80904867e-07  1.31460643e-04  7.85374985e-09  1.31460643e-04  1.20000000e+00  1.31460643e-04  0.00000000e+00 
 1.31560643e-04  5.50783326e-01  1.31560643e-04  4.85656091e-01  1.31560643e-04  1.81961156e-06  1.31560643e-04  2.08276217e-07  1.31560643e-04  1.02399680e-08  1.31560643e-04  1.20000000e+00  1.31560643e-04  0.00000000e+00 
 1.31660643e-04  5.55649115e-01  1.31660643e-04  4.85586294e-01  1.31660643e-04  1.81345030e-06  1.31660643e-04  8.81137433e-07  1.31660643e-04  7.92410110e-09  1.31660643e-04  1.20000000e+00  1.31660643e-04  0.00000000e+00 
 1.31760643e-04  5.60517054e-01  1.31760643e-04  4.85656020e-01  1.31760643e-04  1.81961061e-06  1.31760643e-04  2.08515238e-07  1.31760643e-04  1.03056446e-08  1.31760643e-04  1.20000000e+00  1.31760643e-04  0.00000000e+00 
 1.31860643e-04  5.65384235e-01  1.31860643e-04  4.85586739e-01  1.31860643e-04  1.81345125e-06  1.31860643e-04  8.81372488e-07  1.31860643e-04  7.99410930e-09  1.31860643e-04  1.20000000e+00  1.31860643e-04  0.00000000e+00 
 1.31960643e-04  5.70253622e-01  1.31960643e-04  4.85655981e-01  1.31960643e-04  1.81960967e-06  1.31960643e-04  2.08756702e-07  1.31960643e-04  1.03709939e-08  1.31960643e-04  1.20000000e+00  1.31960643e-04  0.00000000e+00 
 1.32060643e-04  5.75122229e-01  1.32060643e-04  4.85587177e-01  1.32060643e-04  1.81345219e-06  1.32060643e-04  8.81610462e-07  1.32060643e-04  8.06377534e-09  1.32060643e-04  1.20000000e+00  1.32060643e-04  0.00000000e+00 
 1.32160643e-04  5.79993095e-01  1.32160643e-04  4.85655977e-01  1.32160643e-04  1.81960874e-06  1.32160643e-04  2.09001128e-07  1.32160643e-04  1.04360182e-08  1.32160643e-04  1.20000000e+00  1.32160643e-04  0.00000000e+00 
 1.32260643e-04  5.84863167e-01  1.32260643e-04  4.85587607e-01  1.32260643e-04  1.81345311e-06  1.32260643e-04  8.81851835e-07  1.32260643e-04  8.13310057e-09  1.32260643e-04  1.20000000e+00  1.32260643e-04  0.00000000e+00 
 1.32360643e-04  5.89735551e-01  1.32360643e-04  4.85656010e-01  1.32360643e-04  1.81960782e-06  1.32360643e-04  2.09249080e-07  1.32360643e-04  1.05007196e-08  1.32360643e-04  1.20000000e+00  1.32360643e-04  0.00000000e+00 
 1.32460643e-04  5.94607129e-01  1.32460643e-04  4.85588034e-01  1.32460643e-04  1.81345404e-06  1.32460643e-04  8.82097148e-07  1.32460643e-04  8.20208678e-09  1.32460643e-04  1.20000000e+00  1.32460643e-04  0.00000000e+00 
 1.32560643e-04  5.99481072e-01  1.32560643e-04  4.85656084e-01  1.32560643e-04  1.81960690e-06  1.32560643e-04  2.09501177e-07  1.32560643e-04  1.05651003e-08  1.32560643e-04  1.20000000e+00  1.32560643e-04  0.00000000e+00 
 1.32660643e-04  6.04354206e-01  1.32660643e-04  4.85588460e-01  1.32660643e-04  1.81345495e-06  1.32660643e-04  8.82346999e-07  1.32660643e-04  8.27073609e-09  1.32660643e-04  1.20000000e+00  1.32660643e-04  0.00000000e+00 
 1.32760643e-04  6.09229755e-01  1.32760643e-04  4.85656202e-01  1.32760643e-04  1.81960599e-06  1.32760643e-04  2.09758093e-07  1.32760643e-04  1.06291625e-08  1.32760643e-04  1.20000000e+00  1.32760643e-04  0.00000000e+00 
 1.32860643e-04  6.14104497e-01  1.32860643e-04  4.85588888e-01  1.32860643e-04  1.81345585e-06  1.32860643e-04  8.82602055e-07  1.32860643e-04  8.33905101e-09  1.32860643e-04  1.20000000e+00  1.32860643e-04  0.00000000e+00 
 1.32960643e-04  6.18981706e-01  1.32960643e-04  4.85656369e-01  1.32960643e-04  1.81960509e-06  1.32960643e-04  2.10020565e-07  1.32960643e-04  1.06929084e-08  1.32960643e-04  1.20000000e+00  1.32960643e-04  0.00000000e+00 
 1.33060643e-04  6.23858114e-01  1.33060643e-04  4.85589322e-01  1.33060643e-04  1.81345675e-06  1.33060643e-04  8.82863044e-07  1.33060643e-04  8.40703436e-09  1.33060643e-04  1.20000000e+00  1.33060643e-04  0.00000000e+00 
 1.33160643e-04  6.28737043e-01  1.33160643e-04  4.85656588e-01  1.33160643e-04  1.81960419e-06  1.33160643e-04  2.10289386e-07  1.33160643e-04  1.07563400e-08  1.33160643e-04  1.20000000e+00  1.33160643e-04  0.00000000e+00 
 1.33260643e-04  6.33615182e-01  1.33260643e-04  4.85589766e-01  1.33260643e-04  1.81345765e-06  1.33260643e-04  8.83130762e-07  1.33260643e-04  8.47468923e-09  1.33260643e-04  1.20000000e+00  1.33260643e-04  0.00000000e+00 
 1.33360643e-04  6.38495897e-01  1.33360643e-04  4.85656864e-01  1.33360643e-04  1.81960330e-06  1.33360643e-04  2.10565409e-07  1.33360643e-04  1.08194597e-08  1.33360643e-04  1.20000000e+00  1.33360643e-04  0.00000000e+00 
 1.33460643e-04  6.43375841e-01  1.33460643e-04  4.85590225e-01  1.33460643e-04  1.81345854e-06  1.33460643e-04  8.83406076e-07  1.33460643e-04  8.54201902e-09  1.33460643e-04  1.20000000e+00  1.33460643e-04  0.00000000e+00 
 1.33560643e-04  6.48258417e-01  1.33560643e-04  4.85657202e-01  1.33560643e-04  1.81960242e-06  1.33560643e-04  2.10849540e-07  1.33560643e-04  1.08822696e-08  1.33560643e-04  1.20000000e+00  1.33560643e-04  0.00000000e+00 
 1.33660643e-04  6.53140245e-01  1.33660643e-04  4.85590704e-01  1.33660643e-04  1.81345942e-06  1.33660643e-04  8.83689902e-07  1.33660643e-04  8.60902738e-09  1.33660643e-04  1.20000000e+00  1.33660643e-04  0.00000000e+00 
 1.33760643e-04  6.58024764e-01  1.33760643e-04  4.85657609e-01  1.33760643e-04  1.81960154e-06  1.33760643e-04  2.11142728e-07  1.33760643e-04  1.09447721e-08  1.33760643e-04  1.20000000e+00  1.33760643e-04  0.00000000e+00 
 1.33860643e-04  6.62908564e-01  1.33860643e-04  4.85591208e-01  1.33860643e-04  1.81346030e-06  1.33860643e-04  8.83983213e-07  1.33860643e-04  8.67571820e-09  1.33860643e-04  1.20000000e+00  1.33860643e-04  0.00000000e+00 
 1.33960643e-04  6.67795115e-01  1.33960643e-04  4.85658091e-01  1.33960643e-04  1.81960066e-06  1.33960643e-04  2.11445940e-07  1.33960643e-04  1.10069694e-08  1.33960643e-04  1.20000000e+00  1.33960643e-04  0.00000000e+00 
 1.34060643e-04  6.72680983e-01  1.34060643e-04  4.85591744e-01  1.34060643e-04  1.81346118e-06  1.34060643e-04  8.84287005e-07  1.34060643e-04  8.74209560e-09  1.34060643e-04  1.20000000e+00  1.34060643e-04  0.00000000e+00 
 1.34160643e-04  6.77569666e-01  1.34160643e-04  4.85658655e-01  1.34160643e-04  1.81959978e-06  1.34160643e-04  2.11760148e-07  1.34160643e-04  1.10688641e-08  1.34160643e-04  1.20000000e+00  1.34160643e-04  0.00000000e+00 
 1.34260643e-04  6.82457705e-01  1.34260643e-04  4.85592321e-01  1.34260643e-04  1.81346205e-06  1.34260643e-04  8.84602280e-07  1.34260643e-04  8.80816390e-09  1.34260643e-04  1.20000000e+00  1.34260643e-04  0.00000000e+00 
 1.34360643e-04  6.87348623e-01  1.34360643e-04  4.85659311e-01  1.34360643e-04  1.81959891e-06  1.34360643e-04  2.12086279e-07  1.34360643e-04  1.11304584e-08  1.34360643e-04  1.20000000e+00  1.34360643e-04  0.00000000e+00 
 1.34460643e-04  6.92238945e-01  1.34460643e-04  4.85592947e-01  1.34460643e-04  1.81346292e-06  1.34460643e-04  8.84929998e-07  1.34460643e-04  8.87392760e-09  1.34460643e-04  1.20000000e+00  1.34460643e-04  0.00000000e+00 
 1.34560643e-04  6.97132211e-01  1.34560643e-04  4.85660070e-01  1.34560643e-04  1.81959804e-06  1.34560643e-04  2.12425169e-07  1.34560643e-04  1.11917550e-08  1.34560643e-04  1.20000000e+00  1.34560643e-04  0.00000000e+00 
 1.34660643e-04  7.02024930e-01  1.34660643e-04  4.85593633e-01  1.34660643e-04  1.81346379e-06  1.34660643e-04  8.85271028e-07  1.34660643e-04  8.93939135e-09  1.34660643e-04  1.20000000e+00  1.34660643e-04  0.00000000e+00 
 1.34760643e-04  7.06920662e-01  1.34760643e-04  4.85660943e-01  1.34760643e-04  1.81959717e-06  1.34760643e-04  2.12777494e-07  1.34760643e-04  1.12527561e-08  1.34760643e-04  1.20000000e+00  1.34760643e-04  0.00000000e+00 
 1.34860643e-04  7.11815900e-01  1.34860643e-04  4.85594392e-01  1.34860643e-04  1.81346466e-06  1.34860643e-04  8.85626080e-07  1.34860643e-04  9.00455993e-09  1.34860643e-04  1.20000000e+00  1.34860643e-04  0.00000000e+00 
 1.34960643e-04  7.16714216e-01  1.34960643e-04  4.85661946e-01  1.34960643e-04  1.81959630e-06  1.34960643e-04  2.13143685e-07  1.34960643e-04  1.13134644e-08  1.34960643e-04  1.20000000e+00  1.34960643e-04  0.00000000e+00 
 1.35060643e-04  7.21612093e-01  1.35060643e-04  4.85595240e-01  1.35060643e-04  1.81346553e-06  1.35060643e-04  8.85995618e-07  1.35060643e-04  9.06943819e-09  1.35060643e-04  1.20000000e+00  1.35060643e-04  0.00000000e+00 
 1.35160643e-04  7.26513113e-01  1.35160643e-04  4.85663094e-01  1.35160643e-04  1.81959543e-06  1.35160643e-04  2.13523849e-07  1.35160643e-04  1.13738822e-08  1.35160643e-04  1.20000000e+00  1.35160643e-04  0.00000000e+00 
 1.35260643e-04  7.31413749e-01  1.35260643e-04  4.85596193e-01  1.35260643e-04  1.81346641e-06  1.35260643e-04  8.86379780e-07  1.35260643e-04  9.13403101e-09  1.35260643e-04  1.20000000e+00  1.35260643e-04  0.00000000e+00 
 1.35360643e-04  7.36317586e-01  1.35360643e-04  4.85664407e-01  1.35360643e-04  1.81959456e-06  1.35360643e-04  2.13917675e-07  1.35360643e-04  1.14340118e-08  1.35360643e-04  1.20000000e+00  1.35360643e-04  0.00000000e+00 
 1.35460643e-04  7.41221095e-01  1.35460643e-04  4.85597268e-01  1.35460643e-04  1.81346728e-06  1.35460643e-04  8.86778308e-07  1.35460643e-04  9.19834323e-09  1.35460643e-04  1.20000000e+00  1.35460643e-04  0.00000000e+00 
 1.35560643e-04  7.46127854e-01  1.35560643e-04  4.85665903e-01  1.35560643e-04  1.81959369e-06  1.35560643e-04  2.14324388e-07  1.35560643e-04  1.14938554e-08  1.35560643e-04  1.20000000e+00  1.35560643e-04  0.00000000e+00 
 1.35660643e-04  7.51034337e-01  1.35660643e-04  4.85598483e-01  1.35660643e-04  1.81346815e-06  1.35660643e-04  8.87190524e-07  1.35660643e-04  9.26237962e-09  1.35660643e-04  1.20000000e+00  1.35660643e-04  0.00000000e+00 
 1.35760643e-04  7.55944113e-01  1.35760643e-04  4.85667596e-01  1.35760643e-04  1.81959281e-06  1.35760643e-04  2.14742746e-07  1.35760643e-04  1.15534150e-08  1.35760643e-04  1.20000000e+00  1.35760643e-04  0.00000000e+00 
 1.35860643e-04  7.60853658e-01  1.35860643e-04  4.85599851e-01  1.35860643e-04  1.81346903e-06  1.35860643e-04  8.87615350e-07  1.35860643e-04  9.32614480e-09  1.35860643e-04  1.20000000e+00  1.35860643e-04  0.00000000e+00 
 1.35960643e-04  7.65766527e-01  1.35960643e-04  4.85669499e-01  1.35960643e-04  1.81959194e-06  1.35960643e-04  2.15171127e-07  1.35960643e-04  1.16126923e-08  1.35960643e-04  1.20000000e+00  1.35960643e-04  0.00000000e+00 
 1.36060643e-04  7.70679206e-01  1.36060643e-04  4.85601382e-01  1.36060643e-04  1.81346991e-06  1.36060643e-04  8.88051433e-07  1.36060643e-04  9.38964321e-09  1.36060643e-04  1.20000000e+00  1.36060643e-04  0.00000000e+00 
 1.36160643e-04  7.75595229e-01  1.36160643e-04  4.85671611e-01  1.36160643e-04  1.81959106e-06  1.36160643e-04  2.15607692e-07  1.36160643e-04  1.16716888e-08  1.36160643e-04  1.20000000e+00  1.36160643e-04  0.00000000e+00 
 1.36260643e-04  7.80511098e-01  1.36260643e-04  4.85603075e-01  1.36260643e-04  1.81347080e-06  1.36260643e-04  8.88497331e-07  1.36260643e-04  9.45287903e-09  1.36260643e-04  1.20000000e+00  1.36260643e-04  0.00000000e+00 
 1.36360643e-04  7.85430320e-01  1.36360643e-04  4.85673923e-01  1.36360643e-04  1.81959017e-06  1.36360643e-04  2.16050641e-07  1.36360643e-04  1.17304059e-08  1.36360643e-04  1.20000000e+00  1.36360643e-04  0.00000000e+00 
 1.36460643e-04  7.90349422e-01  1.36460643e-04  4.85604921e-01  1.36460643e-04  1.81347168e-06  1.36460643e-04  8.88951780e-07  1.36460643e-04  9.51585619e-09  1.36460643e-04  1.20000000e+00  1.36460643e-04  0.00000000e+00 
 1.36560643e-04  7.95271878e-01  1.36560643e-04  4.85676408e-01  1.36560643e-04  1.81958928e-06  1.36560643e-04  2.16498519e-07  1.36560643e-04  1.17888451e-08  1.36560643e-04  1.20000000e+00  1.36560643e-04  0.00000000e+00 
 1.36660643e-04  8.00194245e-01  1.36660643e-04  4.85606902e-01  1.36660643e-04  1.81347258e-06  1.36660643e-04  8.89413986e-07  1.36660643e-04  9.57857835e-09  1.36660643e-04  1.20000000e+00  1.36660643e-04  0.00000000e+00 
 1.36760643e-04  8.05119966e-01  1.36760643e-04  4.85679028e-01  1.36760643e-04  1.81958839e-06  1.36760643e-04  2.16950548e-07  1.36760643e-04  1.18470078e-08  1.36760643e-04  1.20000000e+00  1.36760643e-04  0.00000000e+00 
 1.36860643e-04  8.10045634e-01  1.36860643e-04  4.85608989e-01  1.36860643e-04  1.81347348e-06  1.36860643e-04  8.89883918e-07  1.36860643e-04  9.64104890e-09  1.36860643e-04  1.20000000e+00  1.36860643e-04  0.00000000e+00 
 1.36960643e-04  8.14974656e-01  1.36960643e-04  4.85681735e-01  1.36960643e-04  1.81958749e-06  1.36960643e-04  2.17406933e-07  1.36960643e-04  1.19048957e-08  1.36960643e-04  1.20000000e+00  1.36960643e-04  0.00000000e+00 
 1.37060643e-04  8.19903669e-01  1.37060643e-04  4.85611151e-01  1.37060643e-04  1.81347439e-06  1.37060643e-04  8.90362597e-07  1.37060643e-04  9.70327098e-09  1.37060643e-04  1.20000000e+00  1.37060643e-04  0.00000000e+00 
 1.37160643e-04  8.24836047e-01  1.37160643e-04  4.85684474e-01  1.37160643e-04  1.81958658e-06  1.37160643e-04  2.17869164e-07  1.37160643e-04  1.19625112e-08  1.37160643e-04  1.20000000e+00  1.37160643e-04  0.00000000e+00 
 1.37260643e-04  8.29768474e-01  1.37260643e-04  4.85613354e-01  1.37260643e-04  1.81347530e-06  1.37260643e-04  8.90852335e-07  1.37260643e-04  9.76524758e-09  1.37260643e-04  1.20000000e+00  1.37260643e-04  0.00000000e+00 
 1.37360643e-04  8.34704293e-01  1.37360643e-04  4.85687188e-01  1.37360643e-04  1.81958567e-06  1.37360643e-04  2.18340249e-07  1.37360643e-04  1.20198573e-08  1.37360643e-04  1.20000000e+00  1.37360643e-04  0.00000000e+00 
 1.37460643e-04  8.39640239e-01  1.37460643e-04  4.85615565e-01  1.37460643e-04  1.81347622e-06  1.37460643e-04  8.91356959e-07  1.37460643e-04  9.82698165e-09  1.37460643e-04  1.20000000e+00  1.37460643e-04  0.00000000e+00 
 1.37560643e-04  8.44579630e-01  1.37560643e-04  4.85689827e-01  1.37560643e-04  1.81958474e-06  1.37560643e-04  2.18824968e-07  1.37560643e-04  1.20769379e-08  1.37560643e-04  1.20000000e+00  1.37560643e-04  0.00000000e+00 
 1.37660643e-04  8.49519254e-01  1.37660643e-04  4.85617753e-01  1.37660643e-04  1.81347715e-06  1.37660643e-04  8.91882047e-07  1.37660643e-04  9.88847626e-09  1.37660643e-04  1.20000000e+00  1.37660643e-04  0.00000000e+00 
 1.37760643e-04  8.54462407e-01  1.37760643e-04  4.85692346e-01  1.37760643e-04  1.81958382e-06  1.37760643e-04  2.19330097e-07  1.37760643e-04  1.21337580e-08  1.37760643e-04  1.20000000e+00  1.37760643e-04  0.00000000e+00 
 1.37860643e-04  8.59405938e-01  1.37860643e-04  4.85619896e-01  1.37860643e-04  1.81347808e-06  1.37860643e-04  8.92435175e-07  1.37860643e-04  9.94973482e-09  1.37860643e-04  1.20000000e+00  1.37860643e-04  0.00000000e+00 
 1.37960643e-04  8.64353128e-01  1.37960643e-04  4.85694715e-01  1.37960643e-04  1.81958289e-06  1.37960643e-04  2.19864699e-07  1.37960643e-04  1.21903239e-08  1.37960643e-04  1.20000000e+00  1.37960643e-04  0.00000000e+00 
 1.38060643e-04  8.69300885e-01  1.38060643e-04  4.85621974e-01  1.38060643e-04  1.81347901e-06  1.38060643e-04  8.93026258e-07  1.38060643e-04  1.00107614e-08  1.38060643e-04  1.20000000e+00  1.38060643e-04  0.00000000e+00 
 1.38160643e-04  8.74252487e-01  1.38160643e-04  4.85696913e-01  1.38160643e-04  1.81958196e-06  1.38160643e-04  2.20440492e-07  1.38160643e-04  1.22466431e-08  1.38160643e-04  1.20000000e+00  1.38160643e-04  0.00000000e+00 
 1.38260643e-04  8.79204904e-01  1.38260643e-04  4.85623973e-01  1.38260643e-04  1.81347995e-06  1.38260643e-04  8.93668002e-07  1.38260643e-04  1.00715609e-08  1.38260643e-04  1.20000000e+00  1.38260643e-04  0.00000000e+00 
 1.38360643e-04  8.84161421e-01  1.38360643e-04  4.85698933e-01  1.38360643e-04  1.81958102e-06  1.38360643e-04  2.21072371e-07  1.38360643e-04  1.23027247e-08  1.38360643e-04  1.20000000e+00  1.38360643e-04  0.00000000e+00 
 1.38460643e-04  8.89119073e-01  1.38460643e-04  4.85625885e-01  1.38460643e-04  1.81348089e-06  1.38460643e-04  8.94376547e-07  1.38460643e-04  1.01321397e-08  1.38460643e-04  1.20000000e+00  1.38460643e-04  0.00000000e+00 
 1.38560643e-04  8.94081169e-01  1.38560643e-04  4.85700777e-01  1.38560643e-04  1.81958008e-06  1.38560643e-04  2.21779120e-07  1.38560643e-04  1.23585796e-08  1.38560643e-04  1.20000000e+00  1.38560643e-04  0.00000000e+00 
 1.38660643e-04  8.99044814e-01  1.38660643e-04  4.85627708e-01  1.38660643e-04  1.81348183e-06  1.38660643e-04  8.95172348e-07  1.38660643e-04  1.01925061e-08  1.38660643e-04  1.20000000e+00  1.38660643e-04  0.00000000e+00 
 1.38760643e-04  9.04013354e-01  1.38760643e-04  4.85702456e-01  1.38760643e-04  1.81957914e-06  1.38760643e-04  2.22584411e-07  1.38760643e-04  1.24142206e-08  1.38760643e-04  1.20000000e+00  1.38760643e-04  0.00000000e+00 
 1.38860643e-04  9.08983974e-01  1.38860643e-04  4.85629440e-01  1.38860643e-04  1.81348277e-06  1.38860643e-04  8.96081372e-07  1.38860643e-04  1.02526707e-08  1.38860643e-04  1.20000000e+00  1.38860643e-04  0.00000000e+00 
 1.38960643e-04  9.13960077e-01  1.38960643e-04  4.85703988e-01  1.38960643e-04  1.81957821e-06  1.38960643e-04  2.23518144e-07  1.38960643e-04  1.24696631e-08  1.38960643e-04  1.20000000e+00  1.38960643e-04  0.00000000e+00 
 1.39060643e-04  9.18938940e-01  1.39060643e-04  4.85631085e-01  1.39060643e-04  1.81348370e-06  1.39060643e-04  8.97136688e-07  1.39060643e-04  1.03126470e-08  1.39060643e-04  1.20000000e+00  1.39060643e-04  0.00000000e+00 
 1.39160643e-04  9.23924048e-01  1.39160643e-04  4.85705393e-01  1.39160643e-04  1.81957727e-06  1.39160643e-04  2.24618252e-07  1.39160643e-04  1.25249256e-08  1.39160643e-04  1.20000000e+00  1.39160643e-04  0.00000000e+00 
 1.39260643e-04  9.28912787e-01  1.39260643e-04  4.85632649e-01  1.39260643e-04  1.81348464e-06  1.39260643e-04  8.98380571e-07  1.39260643e-04  1.03724528e-08  1.39260643e-04  1.20000000e+00  1.39260643e-04  0.00000000e+00 
 1.39360643e-04  9.33908751e-01  1.39360643e-04  4.85706696e-01  1.39360643e-04  1.81957634e-06  1.39360643e-04  2.25933062e-07  1.39360643e-04  1.25800304e-08  1.39360643e-04  1.20000000e+00  1.39360643e-04  0.00000000e+00 
 1.39460643e-04  9.38909463e-01  1.39460643e-04  4.85634140e-01  1.39460643e-04  1.81348558e-06  1.39460643e-04  8.99867223e-07  1.39460643e-04  1.04321104e-08  1.39460643e-04  1.20000000e+00  1.39460643e-04  0.00000000e+00 
 1.39560643e-04  9.43918662e-01  1.39560643e-04  4.85707922e-01  1.39560643e-04  1.81957540e-06  1.39560643e-04  2.27524401e-07  1.39560643e-04  1.26350047e-08  1.39560643e-04  1.20000000e+00  1.39560643e-04  0.00000000e+00 
 1.39660643e-04  9.48934040e-01  1.39660643e-04  4.85635570e-01  1.39660643e-04  1.81348651e-06  1.39660643e-04  9.01666332e-07  1.39660643e-04  1.04916486e-08  1.39660643e-04  1.20000000e+00  1.39660643e-04  0.00000000e+00 
 1.39760643e-04  9.53959526e-01  1.39760643e-04  4.85709097e-01  1.39760643e-04  1.81957448e-06  1.39760643e-04  2.29471597e-07  1.39760643e-04  1.26898826e-08  1.39760643e-04  1.20000000e+00  1.39760643e-04  0.00000000e+00 
 1.39860643e-04  9.58993029e-01  1.39860643e-04  4.85636956e-01  1.39860643e-04  1.81348744e-06  1.39860643e-04  9.03867625e-07  1.39860643e-04  1.05511040e-08  1.39860643e-04  1.20000000e+00  1.39860643e-04  0.00000000e+00 
 1.39960643e-04  9.64038725e-01  1.39960643e-04  4.85710249e-01  1.39960643e-04  1.81957355e-06  1.39960643e-04  2.31876663e-07  1.39960643e-04  1.27447060e-08  1.39960643e-04  1.20000000e+00  1.39960643e-04  0.00000000e+00 
 1.40060643e-04  9.69094799e-01  1.40060643e-04  4.85638316e-01  1.40060643e-04  1.81348836e-06  1.40060643e-04  9.06586765e-07  1.40060643e-04  1.06105231e-08  1.40060643e-04  1.20000000e+00  1.40060643e-04  0.00000000e+00 
 1.40160643e-04  9.74165746e-01  1.40160643e-04  4.85711406e-01  1.40160643e-04  1.81957263e-06  1.40160643e-04  2.34870991e-07  1.40160643e-04  1.27995282e-08  1.40160643e-04  1.20000000e+00  1.40160643e-04  0.00000000e+00 
 1.40260643e-04  9.79250110e-01  1.40260643e-04  4.85639675e-01  1.40260643e-04  1.81348928e-06  1.40260643e-04  9.09972975e-07  1.40260643e-04  1.06699654e-08  1.40260643e-04  1.20000000e+00  1.40260643e-04  0.00000000e+00 
 1.40360643e-04  9.84352795e-01  1.40360643e-04  4.85712601e-01  1.40360643e-04  1.81957171e-06  1.40360643e-04  2.38624031e-07  1.40360643e-04  1.28544161e-08  1.40360643e-04  1.20000000e+00  1.40360643e-04  0.00000000e+00 
 1.40460643e-04  9.89472810e-01  1.40460643e-04  4.85641064e-01  1.40460643e-04  1.81349019e-06  1.40460643e-04  9.14218979e-07  1.40460643e-04  1.07295065e-08  1.40460643e-04  1.20000000e+00  1.40460643e-04  0.00000000e+00 
 1.40560643e-04  9.94615588e-01  1.40560643e-04  4.85713868e-01  1.40560643e-04  1.81957080e-06  1.40560643e-04  2.43354684e-07  1.40560643e-04  1.29094550e-08  1.40560643e-04  1.20000000e+00  1.40560643e-04  0.00000000e+00 
 1.40660643e-04  9.99780739e-01  1.40660643e-04  4.85642519e-01  1.40660643e-04  1.81349111e-06  1.40660643e-04  9.19574120e-07  1.40660643e-04  1.07892428e-08  1.40660643e-04  1.20000000e+00  1.40660643e-04  0.00000000e+00 
 1.40760643e-04  1.00497438e+00  1.40760643e-04  4.85715250e-01  1.40760643e-04  1.81956989e-06  1.40760643e-04  2.49346415e-07  1.40760643e-04  1.29647535e-08  1.40760643e-04  1.20000000e+00  1.40760643e-04  0.00000000e+00 
 1.40860643e-04  1.01019691e+00  1.40860643e-04  4.85644088e-01  1.40860643e-04  1.81349202e-06  1.40860643e-04  9.26361926e-07  1.40860643e-04  1.08492977e-08  1.40860643e-04  1.20000000e+00  1.40860643e-04  0.00000000e+00 
 1.40960643e-04  1.01545533e+00  1.40960643e-04  4.85716795e-01  1.40960643e-04  1.81956898e-06  1.40960643e-04  2.56967592e-07  1.40960643e-04  1.30204505e-08  1.40960643e-04  1.20000000e+00  1.40960643e-04  0.00000000e+00 
 1.41060643e-04  1.02075106e+00  1.41060643e-04  4.85645830e-01  1.41060643e-04  1.81349292e-06  1.41060643e-04  9.35003909e-07  1.41060643e-04  1.09098291e-08  1.41060643e-04  1.20000000e+00  1.41060643e-04  0.00000000e+00 
 1.41160643e-04  1.02609226e+00  1.41160643e-04  4.85718563e-01  1.41160643e-04  1.81956807e-06  1.41160643e-04  2.66699223e-07  1.41160643e-04  1.30767244e-08  1.41160643e-04  1.20000000e+00  1.41160643e-04  0.00000000e+00 
 1.41260643e-04  1.03148171e+00  1.41260643e-04  4.85647818e-01  1.41260643e-04  1.81349382e-06  1.41260643e-04  9.46052219e-07  1.41260643e-04  1.09710399e-08  1.41260643e-04  1.20000000e+00  1.41260643e-04  0.00000000e+00 
 1.41360643e-04  1.03693059e+00  1.41360643e-04  4.85720812e-01  1.41360643e-04  1.81956717e-06  1.41360643e-04  2.79500700e-07  1.41360643e-04  1.31337482e-08  1.41360643e-04  1.20000000e+00  1.41360643e-04  0.00000000e+00 
 1.41460643e-04  1.04244242e+00  1.41460643e-04  4.85650284e-01  1.41460643e-04  1.81349472e-06  1.41460643e-04  9.60341321e-07  1.41460643e-04  1.10332122e-08  1.41460643e-04  1.20000000e+00  1.41460643e-04  0.00000000e+00 
 1.41560643e-04  1.04802837e+00  1.41560643e-04  4.85722924e-01  1.41560643e-04  1.81956627e-06  1.41560643e-04  2.95546311e-07  1.41560643e-04  1.31919535e-08  1.41560643e-04  1.20000000e+00  1.41560643e-04  0.00000000e+00 
 1.41660643e-04  1.05369605e+00  1.41660643e-04  4.85653600e-01  1.41660643e-04  1.81349562e-06  1.41660643e-04  9.78753069e-07  1.41660643e-04  1.10966591e-08  1.41660643e-04  1.20000000e+00  1.41660643e-04  0.00000000e+00 
 1.41760643e-04  1.05945906e+00  1.41760643e-04  4.85725185e-01  1.41760643e-04  1.81956538e-06  1.41760643e-04  3.16265698e-07  1.41760643e-04  1.32516701e-08  1.41760643e-04  1.20000000e+00  1.41760643e-04  0.00000000e+00 
 1.41860643e-04  1.06532846e+00  1.41860643e-04  4.85657841e-01  1.41860643e-04  1.81349650e-06  1.41860643e-04  1.00259238e-06  1.41860643e-04  1.11618100e-08  1.41860643e-04  1.20000000e+00  1.41860643e-04  0.00000000e+00 
 1.41960643e-04  1.07132092e+00  1.41960643e-04  4.85727726e-01  1.41960643e-04  1.81956450e-06  1.41960643e-04  3.43094595e-07  1.41960643e-04  1.33134145e-08  1.41960643e-04  1.20000000e+00  1.41960643e-04  0.00000000e+00 
 1.42060643e-04  1.07745226e+00  1.42060643e-04  4.85663195e-01  1.42060643e-04  1.81349737e-06  1.42060643e-04  1.03358062e-06  1.42060643e-04  1.12292262e-08  1.42060643e-04  1.20000000e+00  1.42060643e-04  0.00000000e+00 
 1.42160643e-04  1.08374270e+00  1.42160643e-04  4.85730525e-01  1.42160643e-04  1.81956364e-06  1.42160643e-04  3.77863438e-07  1.42160643e-04  1.33778571e-08  1.42160643e-04  1.20000000e+00  1.42160643e-04  0.00000000e+00 
 1.42260643e-04  1.09021460e+00  1.42260643e-04  4.85669967e-01  1.42260643e-04  1.81349820e-06  1.42260643e-04  1.07394340e-06  1.42260643e-04  1.12996339e-08  1.42260643e-04  1.20000000e+00  1.42260643e-04  0.00000000e+00 
 1.42360643e-04  1.09689004e+00  1.42360643e-04  4.85733968e-01  1.42360643e-04  1.81956281e-06  1.42360643e-04  4.22431817e-07  1.42360643e-04  1.34459379e-08  1.42360643e-04  1.20000000e+00  1.42360643e-04  0.00000000e+00 
 1.42460643e-04  1.10379588e+00  1.42460643e-04  4.85675843e-01  1.42460643e-04  1.81349901e-06  1.42460643e-04  1.12509447e-06  1.42460643e-04  1.13739364e-08  1.42460643e-04  1.20000000e+00  1.42460643e-04  0.00000000e+00 
 1.42560643e-04  1.11096631e+00  1.42560643e-04  4.85737717e-01  1.42560643e-04  1.81956201e-06  1.42560643e-04  4.80422496e-07  1.42560643e-04  1.35183908e-08  1.42560643e-04  1.20000000e+00  1.42560643e-04  0.00000000e+00 
 1.42660643e-04  1.11843735e+00  1.42660643e-04  4.85682471e-01  1.42660643e-04  1.81349979e-06  1.42660643e-04  1.19172606e-06  1.42660643e-04  1.14533315e-08  1.42660643e-04  1.20000000e+00  1.42660643e-04  0.00000000e+00 
 1.42760643e-04  1.12623456e+00  1.42760643e-04  4.85740504e-01  1.42760643e-04  1.81956125e-06  1.42760643e-04  5.52066186e-07  1.42760643e-04  1.35967876e-08  1.42760643e-04  1.20000000e+00  1.42760643e-04  0.00000000e+00 
 1.42860643e-04  1.13436035e+00  1.42860643e-04  4.85679999e-01  1.42860643e-04  1.81350054e-06  1.42860643e-04  1.26472116e-06  1.42860643e-04  1.15389156e-08  1.42860643e-04  1.20000000e+00  1.42860643e-04  0.00000000e+00 
 1.42960643e-04  1.14279597e+00  1.42960643e-04  4.85731397e-01  1.42960643e-04  1.81956052e-06  1.42960643e-04  6.20332111e-07  1.42960643e-04  1.36814059e-08  1.42960643e-04  1.20000000e+00  1.42960643e-04  0.00000000e+00 
 1.43060643e-04  1.15143491e+00  1.43060643e-04  4.85653056e-01  1.43060643e-04  1.81350131e-06  1.43060643e-04  1.31066949e-06  1.43060643e-04  1.16299626e-08  1.43060643e-04  1.20000000e+00  1.43060643e-04  0.00000000e+00 
 1.43160643e-04  1.16003094e+00  1.43160643e-04  4.85680626e-01  1.43160643e-04  1.81955983e-06  1.43160643e-04  6.11937303e-07  1.43160643e-04  1.37689331e-08  1.43160643e-04  1.20000000e+00  1.43160643e-04  0.00000000e+00 
 1.43260643e-04  1.16818959e+00  1.43260643e-04  4.85576102e-01  1.43260643e-04  1.81350212e-06  1.43260643e-04  1.21661681e-06  1.43260643e-04  1.17186968e-08  1.43260643e-04  1.20000000e+00  1.43260643e-04  0.00000000e+00 
 1.43360643e-04  1.17546638e+00  1.43360643e-04  4.85585785e-01  1.43360643e-04  1.81955920e-06  1.43360643e-04  4.19227048e-07  1.43360643e-04  1.38464981e-08  1.43360643e-04  1.20000000e+00  1.43360643e-04  0.00000000e+00 
 1.43460643e-04  1.18154815e+00  1.43460643e-04  4.85375442e-01  1.43460643e-04  1.81350420e-06  1.43460643e-04  9.54768029e-07  1.43460643e-04  1.17900299e-08  1.43460643e-04  1.20000000e+00  1.43460643e-04  0.00000000e+00 
 1.43560643e-04  1.18634191e+00  1.43560643e-04  4.85067441e-01  1.43560643e-04  1.81956106e-06  1.43560643e-04  1.35102831e-07  1.43560643e-04  1.39016920e-08  1.43560643e-04  1.20000000e+00  1.43560643e-04  0.00000000e+00 
 1.43660643e-04  1.18995896e+00  1.43660643e-04  4.85446052e-01  1.43660643e-04  1.81350097e-06  1.43660643e-04  6.94803103e-07  1.43660643e-04  1.18285375e-08  1.43660643e-04  1.20000000e+00  1.43660643e-04  0.00000000e+00 
 1.43760643e-04  1.19262470e+00  1.43760643e-04  4.85485695e-01  1.43760643e-04  1.81956204e-06  1.43760643e-04 -7.60241833e-08  1.43760643e-04  1.39360876e-08  1.43760643e-04  1.20000000e+00  1.43760643e-04  0.00000000e+00 
 1.43860643e-04  1.19456507e+00  1.43860643e-04  4.85629270e-01  1.43860643e-04  1.81349888e-06  1.43860643e-04  5.34208410e-07  1.43860643e-04  1.18516521e-08  1.43860643e-04  1.20000000e+00  1.43860643e-04  0.00000000e+00 
 1.43960643e-04  1.19597227e+00  1.43960643e-04  4.85566229e-01  1.43960643e-04  1.81956360e-06  1.43960643e-04 -1.94707377e-07  1.43960643e-04  1.39545174e-08  1.43960643e-04  1.20000000e+00  1.43960643e-04  0.00000000e+00 
 1.44060643e-04  1.19698891e+00  1.44060643e-04  4.85624476e-01  1.44060643e-04  1.81349737e-06  1.44060643e-04  4.47835463e-07  1.44060643e-04  1.18632310e-08  1.44060643e-04  1.20000000e+00  1.44060643e-04  0.00000000e+00 
 1.44160643e-04  1.19772464e+00  1.44160643e-04  4.85594725e-01  1.44160643e-04  1.81956484e-06  1.44160643e-04 -2.57438168e-07  1.44160643e-04  1.39640061e-08  1.44160643e-04  1.20000000e+00  1.44160643e-04  0.00000000e+00 
 1.44260643e-04  1.19825419e+00  1.44260643e-04  4.85618465e-01  1.44260643e-04  1.81349626e-06  1.44260643e-04  4.02418602e-07  1.44260643e-04  1.18693422e-08  1.44260643e-04  1.20000000e+00  1.44260643e-04  0.00000000e+00 
 1.44360643e-04  1.19863738e+00  1.44360643e-04  4.85609405e-01  1.44360643e-04  1.81956575e-06  1.44360643e-04 -2.90308207e-07  1.44360643e-04  1.39688377e-08  1.44360643e-04  1.20000000e+00  1.44360643e-04  0.00000000e+00 
 1.44460643e-04  1.19891234e+00  1.44460643e-04  4.85612600e-01  1.44460643e-04  1.81349550e-06  1.44460643e-04  3.78757699e-07  1.44460643e-04  1.18726524e-08  1.44460643e-04  1.20000000e+00  1.44460643e-04  0.00000000e+00 
 1.44560643e-04  1.19911184e+00  1.44560643e-04  4.85618431e-01  1.44560643e-04  1.81956635e-06  1.44560643e-04 -3.07444608e-07  1.44560643e-04  1.39711745e-08  1.44560643e-04  1.20000000e+00  1.44560643e-04  0.00000000e+00 
 1.44660643e-04  1.19925429e+00  1.44660643e-04  4.85608239e-01  1.44660643e-04  1.81349502e-06  1.44660643e-04  3.66471677e-07  1.44660643e-04  1.18745771e-08  1.44660643e-04  1.20000000e+00  1.44660643e-04  0.00000000e+00 
 1.44760643e-04  1.19935825e+00  1.44760643e-04  4.85624091e-01  1.44760643e-04  1.81956671e-06  1.44760643e-04 -3.16375077e-07  1.44760643e-04  1.39721549e-08  1.44760643e-04  1.20000000e+00  1.44760643e-04  0.00000000e+00 
 1.44860643e-04  1.19943185e+00  1.44860643e-04  4.85605070e-01  1.44860643e-04  1.81349476e-06  1.44860643e-04  3.60110981e-07  1.44860643e-04  1.18758347e-08  1.44860643e-04  1.20000000e+00  1.44860643e-04  0.00000000e+00 
 1.44930327e-04  1.19947159e+00  1.44930327e-04  4.85628284e-01  1.44930327e-04  1.81956689e-06  1.44930327e-04 -3.20519962e-07  1.44930327e-04  1.39721988e-08  1.44930327e-04  1.20000000e+00  1.44930327e-04  0.00000000e+00 
 1.45000010e-04  1.19950188e+00  1.45000010e-04  4.85601750e-01  1.45000010e-04  1.81349468e-06  1.45000010e-04  3.57650293e-07  1.45000010e-04  1.18769253e-08  1.45000010e-04  1.20000000e+00  1.45000010e-04  0.00000000e+00 
 1.45000011e-04  1.19948808e+00  1.45000011e-04  4.83117911e-01  1.45000011e-04  2.40353684e-06  1.45000011e-04 -1.04789643e-05  1.45000011e-04  1.76820396e-06  1.45000011e-04  1.08000000e+00  1.45000011e-04  0.00000000e+00 
 1.45000013e-04  1.19945523e+00  1.45000013e-04  4.77711999e-01  1.45000013e-04  2.55237132e-06  1.45000013e-04 -1.12684735e-05  1.45000013e-04  2.26555227e-06  1.45000013e-04  8.40000000e-01  1.45000013e-04  0.00000000e+00 
 1.45000016e-04  1.19938677e+00  1.45000016e-04  4.68232535e-01  1.45000016e-04  2.43635014e-06  1.45000016e-04 -4.63800290e-06  1.45000016e-04  1.81636074e-06  1.45000016e-04  4.20000001e-01  1.45000016e-04  0.00000000e+00 
 1.45000020e-04  1.19932164e+00  1.45000020e-04  4.61583960e-01  1.45000020e-04  2.18045982e-06  1.45000020e-04  1.76422365e-06  1.45000020e-04  1.05618568e-06  1.45000020e-04  3.16866000e-09  1.45000020e-04  0.00000000e+00 
 1.45000021e-04  1.19932024e+00  1.45000021e-04  4.62193315e-01  1.45000021e-04  1.64666647e-06  1.45000021e-04  7.08457420e-06  1.45000021e-04 -5.62692203e-07  1.45000021e-04  0.00000000e+00  1.45000021e-04  0.00000000e+00 
 1.45000022e-04  1.19931896e+00  1.45000022e-04  4.63453111e-01  1.45000022e-04  1.58025437e-06  1.45000022e-04  9.01450918e-06  1.45000022e-04 -8.56007443e-07  1.45000022e-04  0.00000000e+00  1.45000022e-04  0.00000000e+00 
 1.45000025e-04  1.19931751e+00  1.45000025e-04  4.65716286e-01  1.45000025e-04  1.67978440e-06  1.45000025e-04  7.74788219e-06  1.45000025e-04 -4.47988652e-07  1.45000025e-04  0.00000000e+00  1.45000025e-04  0.00000000e+00 
 1.45000030e-04  1.19931618e+00  1.45000030e-04  4.69482149e-01  1.45000030e-04  1.64337178e-06  1.45000030e-04  8.59728647e-06  1.45000030e-04 -6.02965658e-07  1.45000030e-04  0.00000000e+00  1.45000030e-04  0.00000000e+00 
 1.45000041e-04  1.19931993e+00  1.45000041e-04  4.75393104e-01  1.45000041e-04  1.73819438e-06  1.45000041e-04  5.48765006e-06  1.45000041e-04 -2.06605236e-07  1.45000041e-04  0.00000000e+00  1.45000041e-04  0.00000000e+00 
 1.45000062e-04  1.19934229e+00  1.45000062e-04  4.83487309e-01  1.45000062e-04  1.71215459e-06  1.45000062e-04  3.02094915e-06  1.45000062e-04 -3.22070672e-07  1.45000062e-04  0.00000000e+00  1.45000062e-04  0.00000000e+00 
 1.45000105e-04  1.19942120e+00  1.45000105e-04  4.92632964e-01  1.45000105e-04  1.80226821e-06  1.45000105e-04 -2.18885899e-06  1.45000105e-04  3.88601126e-08  1.45000105e-04  0.00000000e+00  1.45000105e-04  0.00000000e+00 
 1.45000191e-04  1.19961632e+00  1.45000191e-04  4.99997415e-01  1.45000191e-04  1.76933808e-06  1.45000191e-04 -4.52160064e-06  1.45000191e-04 -1.35443376e-07  1.45000191e-04  0.00000000e+00  1.45000191e-04  0.00000000e+00 
 1.45000302e-04  1.19981700e+00  1.45000302e-04  5.01522789e-01  1.45000302e-04  1.84646431e-06  1.45000302e-04 -7.22548014e-06  1.45000302e-04  1.46004298e-07  1.45000302e-04  0.00000000e+00  1.45000302e-04  0.00000000e+00 
 1.45000497e-04  1.19991096e+00  1.45000497e-04  4.90750418e-01  1.45000497e-04  1.81885935e-06  1.45000497e-04 -3.12638726e-06  1.45000497e-04 -3.40153918e-08  1.45000497e-04  0.00000000e+00  1.45000497e-04  0.00000000e+00 
 1.45000738e-04  1.19991191e+00  1.45000738e-04  4.83866735e-01  1.45000738e-04  1.83722469e-06  1.45000738e-04 -7.57437330e-07  1.45000738e-04  1.02776694e-07  1.45000738e-04  0.00000000e+00  1.45000738e-04  0.00000000e+00 
 1.45000966e-04  1.19991179e+00  1.45000966e-04  4.84053818e-01  1.45000966e-04  1.79684599e-06  1.45000966e-04  2.11362002e-07  1.45000966e-04 -7.92970361e-08  1.45000966e-04  0.00000000e+00  1.45000966e-04  0.00000000e+00 
 1.45001316e-04  1.19991120e+00  1.45001316e-04  4.84375253e-01  1.45001316e-04  1.83504690e-06  1.45001316e-04 -3.23603956e-07  1.45001316e-04  1.02257720e-07  1.45001316e-04  0.00000000e+00  1.45001316e-04  0.00000000e+00 
 1.45002016e-04  1.19990907e+00  1.45002016e-04  4.84789179e-01  1.45002016e-04  1.79734544e-06  1.45002016e-04  3.04079492e-07  1.45002016e-04 -7.80445314e-08  1.45002016e-04  0.00000000e+00  1.45002016e-04  0.00000000e+00 
 1.45003414e-04  1.19990495e+00  1.45003414e-04  4.85184717e-01  1.45003414e-04  1.83535599e-06  1.45003414e-04 -3.10333113e-07  1.45003414e-04  1.03128538e-07  1.45003414e-04  0.00000000e+00  1.45003414e-04  0.00000000e+00 
 1.45006212e-04  1.19989722e+00  1.45006212e-04  4.85386589e-01  1.45006212e-04  1.79762516e-06  1.45006212e-04  3.08000073e-07  1.45006212e-04 -7.73856978e-08  1.45006212e-04  0.00000000e+00  1.45006212e-04  0.00000000e+00 
 1.45011807e-04  1.19988349e+00  1.45011807e-04  4.85531901e-01  1.45011807e-04  1.83540851e-06  1.45011807e-04 -3.08309436e-07  1.45011807e-04  1.03219739e-07  1.45011807e-04  0.00000000e+00  1.45011807e-04  0.00000000e+00 
 1.45022997e-04  1.19985991e+00  1.45022997e-04  4.85597054e-01  1.45022997e-04  1.79765379e-06  1.45022997e-04  3.08070099e-07  1.45022997e-04 -7.73664217e-08  1.45022997e-04  0.00000000e+00  1.45022997e-04  0.00000000e+00 
 1.45045378e-04  1.19982262e+00  1.45045378e-04  4.85621012e-01  1.45045378e-04  1.83540736e-06  1.45045378e-04 -3.07992166e-07  1.45045378e-04  1.03215968e-07  1.45045378e-04  0.00000000e+00  1.45045378e-04  0.00000000e+00 
 1.45090139e-04  1.19976258e+00  1.45090139e-04  4.85609698e-01  1.45090139e-04  1.79765476e-06  1.45090139e-04  3.08002219e-07  1.45090139e-04 -7.73629136e-08  1.45090139e-04  0.00000000e+00  1.45090139e-04  0.00000000e+00 
 1.45179662e-04  1.19965275e+00  1.45179662e-04  4.85625909e-01  1.45179662e-04  1.83540648e-06  1.45179662e-04 -3.07949925e-07  1.45179662e-04  1.03213226e-07  1.45179662e-04  0.00000000e+00  1.45179662e-04  0.00000000e+00 
 1.45279662e-04  1.19953005e+00  1.45279662e-04  4.85610065e-01  1.45279662e-04  1.79765537e-06  1.45279662e-04  3.07980816e-07  1.45279662e-04 -7.73628449e-08  1.45279662e-04  0.00000000e+00  1.45279662e-04  0.00000000e+00 
 1.45379662e-04  1.19940748e+00  1.45379662e-04  4.85625951e-01  1.45379662e-04  1.83540589e-06  1.45379662e-04 -3.07925063e-07  1.45379662e-04  1.03210792e-07  1.45379662e-04  0.00000000e+00  1.45379662e-04  0.00000000e+00 
 1.45479662e-04  1.19928484e+00  1.45479662e-04  4.85609994e-01  1.45479662e-04  1.79765599e-06  1.45479662e-04  3.07960841e-07  1.45479662e-04 -7.73628960e-08  1.45479662e-04  0.00000000e+00  1.45479662e-04  0.00000000e+00 
 1.45579662e-04  1.19916234e+00  1.45579662e-04  4.85626084e-01  1.45579662e-04  1.83540526e-06  1.45579662e-04 -3.07900626e-07  1.45579662e-04  1.03208342e-07  1.45579662e-04  0.00000000e+00  1.45579662e-04  0.00000000e+00 
 1.45679662e-04  1.19903977e+00  1.45679662e-04  4.85609894e-01  1.45679662e-04  1.79765662e-06  1.45679662e-04  3.07941272e-07  1.45679662e-04 -7.73629294e-08  1.45679662e-04  0.00000000e+00  1.45679662e-04  0.00000000e+00 
 1.45779662e-04  1.19891734e+00  1.45779662e-04  4.85626225e-01  1.45779662e-04  1.83540461e-06  1.45779662e-04 -3.07876630e-07  1.45779662e-04  1.03205875e-07  1.45779662e-04  0.00000000e+00  1.45779662e-04  0.00000000e+00 
 1.45879662e-04  1.19879484e+00  1.45879662e-04  4.85609798e-01  1.45879662e-04  1.79765728e-06  1.45879662e-04  3.07922113e-07  1.45879662e-04 -7.73629461e-08  1.45879662e-04  0.00000000e+00  1.45879662e-04  0.00000000e+00 
 1.45979662e-04  1.19867247e+00  1.45979662e-04  4.85626359e-01  1.45979662e-04  1.83540395e-06  1.45979662e-04 -3.07853072e-07  1.45979662e-04  1.03203394e-07  1.45979662e-04  0.00000000e+00  1.45979662e-04  0.00000000e+00 
 1.46079662e-04  1.19855004e+00  1.46079662e-04  4.85609710e-01  1.46079662e-04  1.79765794e-06  1.46079662e-04  3.07903357e-07  1.46079662e-04 -7.73629473e-08  1.46079662e-04  0.00000000e+00  1.46079662e-04  0.00000000e+00 
 1.46179662e-04  1.19842775e+00  1.46179662e-04  4.85626485e-01  1.46179662e-04  1.83540328e-06  1.46179662e-04 -3.07829943e-07  1.46179662e-04  1.03200899e-07  1.46179662e-04  0.00000000e+00  1.46179662e-04  0.00000000e+00 
 1.46279662e-04  1.19830539e+00  1.46279662e-04  4.85609632e-01  1.46279662e-04  1.79765861e-06  1.46279662e-04  3.07884992e-07  1.46279662e-04 -7.73629345e-08  1.46279662e-04  0.00000000e+00  1.46279662e-04  0.00000000e+00 
 1.46379662e-04  1.19818316e+00  1.46379662e-04  4.85626600e-01  1.46379662e-04  1.83540261e-06  1.46379662e-04 -3.07807231e-07  1.46379662e-04  1.03198391e-07  1.46379662e-04  0.00000000e+00  1.46379662e-04  0.00000000e+00 
 1.46479662e-04  1.19806086e+00  1.46479662e-04  4.85609564e-01  1.46479662e-04  1.79765928e-06  1.46479662e-04  3.07867007e-07  1.46479662e-04 -7.73629090e-08  1.46479662e-04  0.00000000e+00  1.46479662e-04  0.00000000e+00 
 1.46579662e-04  1.19793871e+00  1.46579662e-04  4.85626707e-01  1.46579662e-04  1.83540194e-06  1.46579662e-04 -3.07784924e-07  1.46579662e-04  1.03195873e-07  1.46579662e-04  0.00000000e+00  1.46579662e-04  0.00000000e+00 
 1.46679662e-04  1.19781648e+00  1.46679662e-04  4.85609507e-01  1.46679662e-04  1.79765996e-06  1.46679662e-04  3.07849389e-07  1.46679662e-04 -7.73628718e-08  1.46679662e-04  0.00000000e+00  1.46679662e-04  0.00000000e+00 
 1.46779662e-04  1.19769439e+00  1.46779662e-04  4.85626804e-01  1.46779662e-04  1.83540126e-06  1.46779662e-04 -3.07763012e-07  1.46779662e-04  1.03193345e-07  1.46779662e-04  0.00000000e+00  1.46779662e-04  0.00000000e+00 
 1.46879662e-04  1.19757223e+00  1.46879662e-04  4.85609460e-01  1.46879662e-04  1.79766064e-06  1.46879662e-04  3.07832129e-07  1.46879662e-04 -7.73628242e-08  1.46879662e-04  0.00000000e+00  1.46879662e-04  0.00000000e+00 
 1.46979662e-04  1.19745020e+00  1.46979662e-04  4.85626893e-01  1.46979662e-04  1.83540058e-06  1.46979662e-04 -3.07741483e-07  1.46979662e-04  1.03190808e-07  1.46979662e-04  0.00000000e+00  1.46979662e-04  0.00000000e+00 
 1.47079662e-04  1.19732811e+00  1.47079662e-04  4.85609421e-01  1.47079662e-04  1.79766133e-06  1.47079662e-04  3.07815216e-07  1.47079662e-04 -7.73627672e-08  1.47079662e-04  0.00000000e+00  1.47079662e-04  0.00000000e+00 
 1.47179662e-04  1.19720615e+00  1.47179662e-04  4.85626974e-01  1.47179662e-04  1.83539990e-06  1.47179662e-04 -3.07720329e-07  1.47179662e-04  1.03188263e-07  1.47179662e-04  0.00000000e+00  1.47179662e-04  0.00000000e+00 
 1.47279662e-04  1.19708412e+00  1.47279662e-04  4.85609391e-01  1.47279662e-04  1.79766201e-06  1.47279662e-04  3.07798641e-07  1.47279662e-04 -7.73627017e-08  1.47279662e-04  0.00000000e+00  1.47279662e-04  0.00000000e+00 
 1.47379662e-04  1.19696223e+00  1.47379662e-04  4.85627049e-01  1.47379662e-04  1.83539921e-06  1.47379662e-04 -3.07699540e-07  1.47379662e-04  1.03185711e-07  1.47379662e-04  0.00000000e+00  1.47379662e-04  0.00000000e+00 
 1.47479662e-04  1.19684027e+00  1.47479662e-04  4.85609368e-01  1.47479662e-04  1.79766269e-06  1.47479662e-04  3.07782395e-07  1.47479662e-04 -7.73626287e-08  1.47479662e-04  0.00000000e+00  1.47479662e-04  0.00000000e+00 
 1.47579662e-04  1.19671844e+00  1.47579662e-04  4.85627117e-01  1.47579662e-04  1.83539853e-06  1.47579662e-04 -3.07679109e-07  1.47579662e-04  1.03183154e-07  1.47579662e-04  0.00000000e+00  1.47579662e-04  0.00000000e+00 
 1.47679662e-04  1.19659655e+00  1.47679662e-04  4.85609352e-01  1.47679662e-04  1.79766337e-06  1.47679662e-04  3.07766472e-07  1.47679662e-04 -7.73625488e-08  1.47679662e-04  0.00000000e+00  1.47679662e-04  0.00000000e+00 
 1.47779662e-04  1.19647478e+00  1.47779662e-04  4.85627179e-01  1.47779662e-04  1.83539785e-06  1.47779662e-04 -3.07659027e-07  1.47779662e-04  1.03180591e-07  1.47779662e-04  0.00000000e+00  1.47779662e-04  0.00000000e+00 
 1.47879662e-04  1.19635296e+00  1.47879662e-04  4.85609342e-01  1.47879662e-04  1.79766406e-06  1.47879662e-04  3.07750864e-07  1.47879662e-04 -7.73624630e-08  1.47879662e-04  0.00000000e+00  1.47879662e-04  0.00000000e+00 
 1.47979662e-04  1.19623126e+00  1.47979662e-04  4.85627236e-01  1.47979662e-04  1.83539717e-06  1.47979662e-04 -3.07639288e-07  1.47979662e-04  1.03178023e-07  1.47979662e-04  0.00000000e+00  1.47979662e-04  0.00000000e+00 
 1.48079662e-04  1.19610949e+00  1.48079662e-04  4.85609339e-01  1.48079662e-04  1.79766473e-06  1.48079662e-04  3.07735564e-07  1.48079662e-04 -7.73623718e-08  1.48079662e-04  0.00000000e+00  1.48079662e-04  0.00000000e+00 
 1.48179662e-04  1.19598786e+00  1.48179662e-04  4.85627289e-01  1.48179662e-04  1.83539648e-06  1.48179662e-04 -3.07619886e-07  1.48179662e-04  1.03175451e-07  1.48179662e-04  0.00000000e+00  1.48179662e-04  0.00000000e+00 
 1.48279662e-04  1.19586616e+00  1.48279662e-04  4.85609340e-01  1.48279662e-04  1.79766541e-06  1.48279662e-04  3.07720568e-07  1.48279662e-04 -7.73622759e-08  1.48279662e-04  0.00000000e+00  1.48279662e-04  0.00000000e+00 
 1.48379662e-04  1.19574459e+00  1.48379662e-04  4.85627338e-01  1.48379662e-04  1.83539580e-06  1.48379662e-04 -3.07600815e-07  1.48379662e-04  1.03172876e-07  1.48379662e-04  0.00000000e+00  1.48379662e-04  0.00000000e+00 
 1.48479662e-04  1.19562295e+00  1.48479662e-04  4.85609347e-01  1.48479662e-04  1.79766609e-06  1.48479662e-04  3.07705870e-07  1.48479662e-04 -7.73621759e-08  1.48479662e-04  0.00000000e+00  1.48479662e-04  0.00000000e+00 
 1.48579662e-04  1.19550144e+00  1.48579662e-04  4.85627382e-01  1.48579662e-04  1.83539513e-06  1.48579662e-04 -3.07582071e-07  1.48579662e-04  1.03170298e-07  1.48579662e-04  0.00000000e+00  1.48579662e-04  0.00000000e+00 
 1.48679662e-04  1.19537987e+00  1.48679662e-04  4.85609359e-01  1.48679662e-04  1.79766677e-06  1.48679662e-04  3.07691465e-07  1.48679662e-04 -7.73620722e-08  1.48679662e-04  0.00000000e+00  1.48679662e-04  0.00000000e+00 
 1.48779662e-04  1.19525843e+00  1.48779662e-04  4.85627424e-01  1.48779662e-04  1.83539445e-06  1.48779662e-04 -3.07563647e-07  1.48779662e-04  1.03167718e-07  1.48779662e-04  0.00000000e+00  1.48779662e-04  0.00000000e+00 
 1.48879662e-04  1.19513692e+00  1.48879662e-04  4.85609374e-01  1.48879662e-04  1.79766745e-06  1.48879662e-04  3.07677349e-07  1.48879662e-04 -7.73619655e-08  1.48879662e-04  0.00000000e+00  1.48879662e-04  0.00000000e+00 
 1.48979662e-04  1.19501554e+00  1.48979662e-04  4.85627462e-01  1.48979662e-04  1.83539377e-06  1.48979662e-04 -3.07545541e-07  1.48979662e-04  1.03165136e-07  1.48979662e-04  0.00000000e+00  1.48979662e-04  0.00000000e+00 
 1.49079662e-04  1.19489409e+00  1.49079662e-04  4.85609394e-01  1.49079662e-04  1.79766812e-06  1.49079662e-04  3.07663519e-07  1.49079662e-04 -7.73618561e-08  1.49079662e-04  0.00000000e+00  1.49079662e-04  0.00000000e+00 
 1.49179662e-04  1.19477277e+00  1.49179662e-04  4.85627497e-01  1.49179662e-04  1.83539310e-06  1.49179662e-04 -3.07527749e-07  1.49179662e-04  1.03162553e-07  1.49179662e-04  0.00000000e+00  1.49179662e-04  0.00000000e+00 
 1.49279662e-04  1.19465139e+00  1.49279662e-04  4.85609418e-01  1.49279662e-04  1.79766879e-06  1.49279662e-04  3.07649971e-07  1.49279662e-04 -7.73617444e-08  1.49279662e-04  0.00000000e+00  1.49279662e-04  0.00000000e+00 
 1.49379662e-04  1.19453013e+00  1.49379662e-04  4.85627530e-01  1.49379662e-04  1.83539243e-06  1.49379662e-04 -3.07510266e-07  1.49379662e-04  1.03159969e-07  1.49379662e-04  0.00000000e+00  1.49379662e-04  0.00000000e+00 
 1.49479662e-04  1.19440881e+00  1.49479662e-04  4.85609446e-01  1.49479662e-04  1.79766947e-06  1.49479662e-04  3.07636701e-07  1.49479662e-04 -7.73616309e-08  1.49479662e-04  0.00000000e+00  1.49479662e-04  0.00000000e+00 
 1.49579662e-04  1.19428761e+00  1.49579662e-04  4.85627561e-01  1.49579662e-04  1.83539176e-06  1.49579662e-04 -3.07493090e-07  1.49579662e-04  1.03157384e-07  1.49579662e-04  0.00000000e+00  1.49579662e-04  0.00000000e+00 
 1.49679662e-04  1.19416636e+00  1.49679662e-04  4.85609476e-01  1.49679662e-04  1.79767013e-06  1.49679662e-04  3.07623707e-07  1.49679662e-04 -7.73615159e-08  1.49679662e-04  0.00000000e+00  1.49679662e-04  0.00000000e+00 
 1.49779662e-04  1.19404522e+00  1.49779662e-04  4.85627589e-01  1.49779662e-04  1.83539109e-06  1.49779662e-04 -3.07476217e-07  1.49779662e-04  1.03154798e-07  1.49779662e-04  0.00000000e+00  1.49779662e-04  0.00000000e+00 
 1.49879662e-04  1.19392402e+00  1.49879662e-04  4.85609510e-01  1.49879662e-04  1.79767080e-06  1.49879662e-04  3.07610987e-07  1.49879662e-04 -7.73613997e-08  1.49879662e-04  0.00000000e+00  1.49879662e-04  0.00000000e+00 
 1.49979662e-04  1.19380295e+00  1.49979662e-04  4.85627616e-01  1.49979662e-04  1.83539042e-06  1.49979662e-04 -3.07459647e-07  1.49979662e-04  1.03152213e-07  1.49979662e-04  0.00000000e+00  1.49979662e-04  0.00000000e+00 
 1.50079662e-04  1.19368181e+00  1.50079662e-04  4.85609547e-01  1.50079662e-04  1.79767147e-06  1.50079662e-04  3.07598539e-07  1.50079662e-04 -7.73612826e-08  1.50079662e-04  0.00000000e+00  1.50079662e-04  0.00000000e+00 
 1.50179662e-04  1.19356080e+00  1.50179662e-04  4.85627641e-01  1.50179662e-04  1.83538976e-06  1.50179662e-04 -3.07443375e-07  1.50179662e-04  1.03149628e-07  1.50179662e-04  0.00000000e+00  1.50179662e-04  0.00000000e+00 
 1.50279662e-04  1.19343972e+00  1.50279662e-04  4.85609587e-01  1.50279662e-04  1.79767213e-06  1.50279662e-04  3.07586360e-07  1.50279662e-04 -7.73611649e-08  1.50279662e-04  0.00000000e+00  1.50279662e-04  0.00000000e+00 
 1.50379662e-04  1.19331877e+00  1.50379662e-04  4.85627665e-01  1.50379662e-04  1.83538910e-06  1.50379662e-04 -3.07427400e-07  1.50379662e-04  1.03147043e-07  1.50379662e-04  0.00000000e+00  1.50379662e-04  0.00000000e+00 
 1.50479662e-04  1.19319776e+00  1.50479662e-04  4.85609630e-01  1.50479662e-04  1.79767279e-06  1.50479662e-04  3.07574449e-07  1.50479662e-04 -7.73610469e-08  1.50479662e-04  0.00000000e+00  1.50479662e-04  0.00000000e+00 
 1.50579662e-04  1.19307686e+00  1.50579662e-04  4.85627687e-01  1.50579662e-04  1.83538844e-06  1.50579662e-04 -3.07411722e-07  1.50579662e-04  1.03144459e-07  1.50579662e-04  0.00000000e+00  1.50579662e-04  0.00000000e+00 
 1.50679662e-04  1.19295591e+00  1.50679662e-04  4.85609675e-01  1.50679662e-04  1.79767345e-06  1.50679662e-04  3.07562804e-07  1.50679662e-04 -7.73609287e-08  1.50679662e-04  0.00000000e+00  1.50679662e-04  0.00000000e+00 
 1.50779662e-04  1.19283507e+00  1.50779662e-04  4.85627709e-01  1.50779662e-04  1.83538778e-06  1.50779662e-04 -3.07396337e-07  1.50779662e-04  1.03141876e-07  1.50779662e-04  0.00000000e+00  1.50779662e-04  0.00000000e+00 
 1.50879662e-04  1.19271418e+00  1.50879662e-04  4.85609723e-01  1.50879662e-04  1.79767410e-06  1.50879662e-04  3.07551425e-07  1.50879662e-04 -7.73608107e-08  1.50879662e-04  0.00000000e+00  1.50879662e-04  0.00000000e+00 
 1.50979662e-04  1.19259340e+00  1.50979662e-04  4.85627729e-01  1.50979662e-04  1.83538713e-06  1.50979662e-04 -3.07381244e-07  1.50979662e-04  1.03139294e-07  1.50979662e-04  0.00000000e+00  1.50979662e-04  0.00000000e+00 
 1.51079662e-04  1.19247257e+00  1.51079662e-04  4.85609773e-01  1.51079662e-04  1.79767476e-06  1.51079662e-04  3.07540310e-07  1.51079662e-04 -7.73606929e-08  1.51079662e-04  0.00000000e+00  1.51079662e-04  0.00000000e+00 
 1.51179662e-04  1.19235185e+00  1.51179662e-04  4.85627748e-01  1.51179662e-04  1.83538648e-06  1.51179662e-04 -3.07366444e-07  1.51179662e-04  1.03136714e-07  1.51179662e-04  0.00000000e+00  1.51179662e-04  0.00000000e+00 
 1.51279662e-04  1.19223107e+00  1.51279662e-04  4.85609825e-01  1.51279662e-04  1.79767541e-06  1.51279662e-04  3.07529459e-07  1.51279662e-04 -7.73605756e-08  1.51279662e-04  0.00000000e+00  1.51279662e-04  0.00000000e+00 
 1.51379662e-04  1.19211041e+00  1.51379662e-04  4.85627767e-01  1.51379662e-04  1.83538583e-06  1.51379662e-04 -3.07351934e-07  1.51379662e-04  1.03134135e-07  1.51379662e-04  0.00000000e+00  1.51379662e-04  0.00000000e+00 
 1.51479662e-04  1.19198969e+00  1.51479662e-04  4.85609880e-01  1.51479662e-04  1.79767605e-06  1.51479662e-04  3.07518871e-07  1.51479662e-04 -7.73604590e-08  1.51479662e-04  0.00000000e+00  1.51479662e-04  0.00000000e+00 
 1.51579662e-04  1.19186909e+00  1.51579662e-04  4.85627785e-01  1.51579662e-04  1.83538518e-06  1.51579662e-04 -3.07337715e-07  1.51579662e-04  1.03131557e-07  1.51579662e-04  0.00000000e+00  1.51579662e-04  0.00000000e+00 
 1.51679662e-04  1.19174843e+00  1.51679662e-04  4.85609937e-01  1.51679662e-04  1.79767670e-06  1.51679662e-04  3.07508546e-07  1.51679662e-04 -7.73603432e-08  1.51679662e-04  0.00000000e+00  1.51679662e-04  0.00000000e+00 
 1.51779662e-04  1.19162789e+00  1.51779662e-04  4.85627802e-01  1.51779662e-04  1.83538454e-06  1.51779662e-04 -3.07323785e-07  1.51779662e-04  1.03128982e-07  1.51779662e-04  0.00000000e+00  1.51779662e-04  0.00000000e+00 
 1.51879662e-04  1.19150729e+00  1.51879662e-04  4.85609996e-01  1.51879662e-04  1.79767734e-06  1.51879662e-04  3.07498483e-07  1.51879662e-04 -7.73602284e-08  1.51879662e-04  0.00000000e+00  1.51879662e-04  0.00000000e+00 
 1.51979662e-04  1.19138680e+00  1.51979662e-04  4.85627819e-01  1.51979662e-04  1.83538389e-06  1.51979662e-04 -3.07310145e-07  1.51979662e-04  1.03126408e-07  1.51979662e-04  0.00000000e+00  1.51979662e-04  0.00000000e+00 
 1.52079662e-04  1.19126626e+00  1.52079662e-04  4.85610057e-01  1.52079662e-04  1.79767798e-06  1.52079662e-04  3.07488684e-07  1.52079662e-04 -7.73601147e-08  1.52079662e-04  0.00000000e+00  1.52079662e-04  0.00000000e+00 
 1.52179662e-04  1.19114583e+00  1.52179662e-04  4.85627836e-01  1.52179662e-04  1.83538326e-06  1.52179662e-04 -3.07296794e-07  1.52179662e-04  1.03123837e-07  1.52179662e-04  0.00000000e+00  1.52179662e-04  0.00000000e+00 
 1.52279662e-04  1.19102534e+00  1.52279662e-04  4.85610120e-01  1.52279662e-04  1.79767862e-06  1.52279662e-04  3.07479147e-07  1.52279662e-04 -7.73600022e-08  1.52279662e-04  0.00000000e+00  1.52279662e-04  0.00000000e+00 
 1.52379662e-04  1.19090497e+00  1.52379662e-04  4.85627852e-01  1.52379662e-04  1.83538262e-06  1.52379662e-04 -3.07283733e-07  1.52379662e-04  1.03121268e-07  1.52379662e-04  0.00000000e+00  1.52379662e-04  0.00000000e+00 
 1.52479662e-04  1.19078454e+00  1.52479662e-04  4.85610185e-01  1.52479662e-04  1.79767925e-06  1.52479662e-04  3.07469873e-07  1.52479662e-04 -7.73598911e-08  1.52479662e-04  0.00000000e+00  1.52479662e-04  0.00000000e+00 
 1.52579662e-04  1.19066422e+00  1.52579662e-04  4.85627868e-01  1.52579662e-04  1.83538199e-06  1.52579662e-04 -3.07270961e-07  1.52579662e-04  1.03118701e-07  1.52579662e-04  0.00000000e+00  1.52579662e-04  0.00000000e+00 
 1.52679662e-04  1.19054385e+00  1.52679662e-04  4.85610251e-01  1.52679662e-04  1.79767989e-06  1.52679662e-04  3.07460862e-07  1.52679662e-04 -7.73597814e-08  1.52679662e-04  0.00000000e+00  1.52679662e-04  0.00000000e+00 
 1.52779662e-04  1.19042359e+00  1.52779662e-04  4.85627883e-01  1.52779662e-04  1.83538136e-06  1.52779662e-04 -3.07258479e-07  1.52779662e-04  1.03116136e-07  1.52779662e-04  0.00000000e+00  1.52779662e-04  0.00000000e+00 
 1.52879662e-04  1.19030327e+00  1.52879662e-04  4.85610320e-01  1.52879662e-04  1.79768052e-06  1.52879662e-04  3.07452117e-07  1.52879662e-04 -7.73596733e-08  1.52879662e-04  0.00000000e+00  1.52879662e-04  0.00000000e+00 
 1.52979662e-04  1.19018306e+00  1.52979662e-04  4.85627899e-01  1.52979662e-04  1.83538073e-06  1.52979662e-04 -3.07246287e-07  1.52979662e-04  1.03113575e-07  1.52979662e-04  0.00000000e+00  1.52979662e-04  0.00000000e+00 
 1.53079662e-04  1.19006280e+00  1.53079662e-04  4.85610391e-01  1.53079662e-04  1.79768114e-06  1.53079662e-04  3.07443636e-07  1.53079662e-04 -7.73595669e-08  1.53079662e-04  0.00000000e+00  1.53079662e-04  0.00000000e+00 
 1.53179662e-04  1.18994265e+00  1.53179662e-04  4.85627915e-01  1.53179662e-04  1.83538010e-06  1.53179662e-04 -3.07234387e-07  1.53179662e-04  1.03111015e-07  1.53179662e-04  0.00000000e+00  1.53179662e-04  0.00000000e+00 
 1.53279662e-04  1.18982245e+00  1.53279662e-04  4.85610464e-01  1.53279662e-04  1.79768177e-06  1.53279662e-04  3.07435421e-07  1.53279662e-04 -7.73594622e-08  1.53279662e-04  0.00000000e+00  1.53279662e-04  0.00000000e+00 
 1.53379662e-04  1.18970235e+00  1.53379662e-04  4.85627930e-01  1.53379662e-04  1.83537948e-06  1.53379662e-04 -3.07222779e-07  1.53379662e-04  1.03108459e-07  1.53379662e-04  0.00000000e+00  1.53379662e-04  0.00000000e+00 
 1.53479662e-04  1.18958220e+00  1.53479662e-04  4.85610538e-01  1.53479662e-04  1.79768239e-06  1.53479662e-04  3.07427473e-07  1.53479662e-04 -7.73593594e-08  1.53479662e-04  0.00000000e+00  1.53479662e-04  0.00000000e+00 
 1.53579662e-04  1.18946216e+00  1.53579662e-04  4.85627946e-01  1.53579662e-04  1.83537886e-06  1.53579662e-04 -3.07211464e-07  1.53579662e-04  1.03105905e-07  1.53579662e-04  0.00000000e+00  1.53579662e-04  0.00000000e+00 
 1.53679662e-04  1.18934207e+00  1.53679662e-04  4.85610615e-01  1.53679662e-04  1.79768300e-06  1.53679662e-04  3.07419794e-07  1.53679662e-04 -7.73592586e-08  1.53679662e-04  0.00000000e+00  1.53679662e-04  0.00000000e+00 
 1.53779662e-04  1.18922208e+00  1.53779662e-04  4.85627961e-01  1.53779662e-04  1.83537824e-06  1.53779662e-04 -3.07200443e-07  1.53779662e-04  1.03103354e-07  1.53779662e-04  0.00000000e+00  1.53779662e-04  0.00000000e+00 
 1.53879662e-04  1.18910204e+00  1.53879662e-04  4.85610693e-01  1.53879662e-04  1.79768362e-06  1.53879662e-04  3.07412385e-07  1.53879662e-04 -7.73591598e-08  1.53879662e-04  0.00000000e+00  1.53879662e-04  0.00000000e+00 
 1.53979662e-04  1.18898211e+00  1.53979662e-04  4.85627977e-01  1.53979662e-04  1.83537763e-06  1.53979662e-04 -3.07189717e-07  1.53979662e-04  1.03100805e-07  1.53979662e-04  0.00000000e+00  1.53979662e-04  0.00000000e+00 
 1.54079662e-04  1.18886213e+00  1.54079662e-04  4.85610773e-01  1.54079662e-04  1.79768423e-06  1.54079662e-04  3.07405247e-07  1.54079662e-04 -7.73590630e-08  1.54079662e-04  0.00000000e+00  1.54079662e-04  0.00000000e+00 
 1.54179662e-04  1.18874225e+00  1.54179662e-04  4.85627993e-01  1.54179662e-04  1.83537702e-06  1.54179662e-04 -3.07179288e-07  1.54179662e-04  1.03098260e-07  1.54179662e-04  0.00000000e+00  1.54179662e-04  0.00000000e+00 
 1.54279662e-04  1.18862232e+00  1.54279662e-04  4.85610855e-01  1.54279662e-04  1.79768484e-06  1.54279662e-04  3.07398382e-07  1.54279662e-04 -7.73589685e-08  1.54279662e-04  0.00000000e+00  1.54279662e-04  0.00000000e+00 
 1.54379662e-04  1.18850249e+00  1.54379662e-04  4.85628008e-01  1.54379662e-04  1.83537641e-06  1.54379662e-04 -3.07169158e-07  1.54379662e-04  1.03095718e-07  1.54379662e-04  0.00000000e+00  1.54379662e-04  0.00000000e+00 
 1.54479662e-04  1.18838261e+00  1.54479662e-04  4.85610939e-01  1.54479662e-04  1.79768545e-06  1.54479662e-04  3.07391792e-07  1.54479662e-04 -7.73588761e-08  1.54479662e-04  0.00000000e+00  1.54479662e-04  0.00000000e+00 
 1.54579662e-04  1.18826284e+00  1.54579662e-04  4.85628024e-01  1.54579662e-04  1.83537581e-06  1.54579662e-04 -3.07159328e-07  1.54579662e-04  1.03093179e-07  1.54579662e-04  0.00000000e+00  1.54579662e-04  0.00000000e+00 
 1.54679662e-04  1.18814302e+00  1.54679662e-04  4.85611025e-01  1.54679662e-04  1.79768605e-06  1.54679662e-04  3.07385479e-07  1.54679662e-04 -7.73587861e-08  1.54679662e-04  0.00000000e+00  1.54679662e-04  0.00000000e+00 
 1.54779662e-04  1.18802330e+00  1.54779662e-04  4.85628040e-01  1.54779662e-04  1.83537520e-06  1.54779662e-04 -3.07149799e-07  1.54779662e-04  1.03090643e-07  1.54779662e-04  0.00000000e+00  1.54779662e-04  0.00000000e+00 
 1.54879662e-04  1.18790353e+00  1.54879662e-04  4.85611112e-01  1.54879662e-04  1.79768665e-06  1.54879662e-04  3.07379444e-07  1.54879662e-04 -7.73586985e-08  1.54879662e-04  0.00000000e+00  1.54879662e-04  0.00000000e+00 
 1.54939831e-04  1.18783154e+00  1.54939831e-04  4.85628038e-01  1.54939831e-04  1.83537440e-06  1.54939831e-04 -3.07138539e-07  1.54939831e-04  1.03087922e-07  1.54939831e-04  0.00000000e+00  1.54939831e-04  0.00000000e+00 
 1.55000000e-04  1.18775948e+00  1.55000000e-04  4.85611197e-01  1.55000000e-04  1.79768764e-06  1.55000000e-04  3.07368027e-07  1.55000000e-04 -7.73572614e-08  1.55000000e-04  0.00000000e+00  1.55000000e-04  0.00000000e+00 
 1.55003353e-04  1.18723220e+00  1.55003353e-04  5.10641949e-01  1.55003353e-04  1.81413585e-06  1.55003353e-04 -8.15058189e-08  1.55003353e-04  1.82624026e-06  1.55003353e-04  0.00000000e+00  1.55003353e-04  1.20000000e+00 
 1.55010058e-04  1.18663747e+00  1.55010058e-04  4.94601649e-01  1.55010058e-04  1.82122833e-06  1.55010058e-04  1.26746040e-07  1.55010058e-04 -2.56212145e-07  1.55010058e-04  0.00000000e+00  1.55010058e-04  1.20000000e+00 
 1.55014738e-04  1.18660052e+00  1.55014738e-04  4.82560974e-01  1.55014738e-04  1.81330882e-06  1.55014738e-04 -5.53989129e-08  1.55014738e-04  7.49049948e-07  1.55014738e-04  0.00000000e+00  1.55014738e-04  1.20000000e+00 
 1.55020363e-04  1.18632639e+00  1.55020363e-04  4.85527954e-01  1.55020363e-04  1.81855457e-06  1.55020363e-04  3.86550655e-08  1.55020363e-04  3.29771050e-07  1.55020363e-04  0.00000000e+00  1.55020363e-04  1.20000000e+00 
 1.55027574e-04  1.18596160e+00  1.55027574e-04  4.85373758e-01  1.55027574e-04  1.81456780e-06  1.55027574e-04 -3.50390697e-08  1.55027574e-04  7.26862550e-07  1.55027574e-04  0.00000000e+00  1.55027574e-04  1.20000000e+00 
 1.55038908e-04  1.18541191e+00  1.55038908e-04  4.85849013e-01  1.55038908e-04  1.81835365e-06  1.55038908e-04  3.27044667e-08  1.55038908e-04  3.42549790e-07  1.55038908e-04  0.00000000e+00  1.55038908e-04  1.20000000e+00 
 1.55061575e-04  1.18429972e+00  1.55061575e-04  4.85601502e-01  1.55061575e-04  1.81475898e-06  1.55061575e-04 -3.14131937e-08  1.55061575e-04  7.19279189e-07  1.55061575e-04  0.00000000e+00  1.55061575e-04  1.20000000e+00 
 1.55094788e-04  1.18269767e+00  1.55094788e-04  4.85833586e-01  1.55094788e-04  1.81826976e-06  1.55094788e-04  3.10408881e-08  1.55094788e-04  3.46179444e-07  1.55094788e-04  0.00000000e+00  1.55094788e-04  1.20000000e+00 
 1.55161214e-04  1.17947840e+00  1.55161214e-04  4.85684477e-01  1.55161214e-04  1.81480674e-06  1.55161214e-04 -3.04187752e-08  1.55161214e-04  7.17098517e-07  1.55161214e-04  0.00000000e+00  1.55161214e-04  1.20000000e+00 
 1.55261214e-04  1.17465267e+00  1.55261214e-04  4.85880259e-01  1.55261214e-04  1.81824411e-06  1.55261214e-04  3.05721294e-08  1.55261214e-04  3.47309699e-07  1.55261214e-04  0.00000000e+00  1.55261214e-04  1.20000000e+00 
 1.55361214e-04  1.16981235e+00  1.55361214e-04  4.85752137e-01  1.55361214e-04  1.81482634e-06  1.55361214e-04 -2.99619525e-08  1.55361214e-04  7.16210977e-07  1.55361214e-04  0.00000000e+00  1.55361214e-04  1.20000000e+00 
 1.55461214e-04  1.16498785e+00  1.55461214e-04  4.85862581e-01  1.55461214e-04  1.81822475e-06  1.55461214e-04  3.02149352e-08  1.55461214e-04  3.48123679e-07  1.55461214e-04  0.00000000e+00  1.55461214e-04  1.20000000e+00 
 1.55561214e-04  1.16014916e+00  1.55561214e-04  4.85700005e-01  1.55561214e-04  1.81484546e-06  1.55561214e-04 -2.95077946e-08  1.55561214e-04  7.15269220e-07  1.55561214e-04  0.00000000e+00  1.55561214e-04  1.20000000e+00 
 1.55661214e-04  1.15532682e+00  1.55661214e-04  4.85729613e-01  1.55661214e-04  1.81820708e-06  1.55661214e-04  2.98304544e-08  1.55661214e-04  3.48766813e-07  1.55661214e-04  0.00000000e+00  1.55661214e-04  1.20000000e+00 
 1.55761214e-04  1.15049008e+00  1.55761214e-04  4.85662457e-01  1.55761214e-04  1.81486336e-06  1.55761214e-04 -2.90453809e-08  1.55761214e-04  7.14366144e-07  1.55761214e-04  0.00000000e+00  1.55761214e-04  1.20000000e+00 
 1.55861214e-04  1.14566924e+00  1.55861214e-04  4.85690166e-01  1.55861214e-04  1.81818995e-06  1.55861214e-04  2.93485511e-08  1.55861214e-04  3.49466884e-07  1.55861214e-04  0.00000000e+00  1.55861214e-04  1.20000000e+00 
 1.55961214e-04  1.14083364e+00  1.55961214e-04  4.85648947e-01  1.55961214e-04  1.81488004e-06  1.55961214e-04 -2.83922950e-08  1.55961214e-04  7.13549733e-07  1.55961214e-04  0.00000000e+00  1.55961214e-04  1.20000000e+00 
 1.56061214e-04  1.13601409e+00  1.56061214e-04  4.85564815e-01  1.56061214e-04  1.81817396e-06  1.56061214e-04  2.85202486e-08  1.56061214e-04  3.50085291e-07  1.56061214e-04  0.00000000e+00  1.56061214e-04  1.20000000e+00 
 1.56161214e-04  1.13117952e+00  1.56161214e-04  4.85677008e-01  1.56161214e-04  1.81489539e-06  1.56161214e-04 -2.73394989e-08  1.56161214e-04  7.12811901e-07  1.56161214e-04  0.00000000e+00  1.56161214e-04  1.20000000e+00 
 1.56261214e-04  1.12636095e+00  1.56261214e-04  4.85489469e-01  1.56261214e-04  1.81815936e-06  1.56261214e-04  2.73480168e-08  1.56261214e-04  3.50676898e-07  1.56261214e-04  0.00000000e+00  1.56261214e-04  1.20000000e+00 
 1.56361214e-04  1.12152709e+00  1.56361214e-04  4.85742259e-01  1.56361214e-04  1.81490917e-06  1.56361214e-04 -2.60502722e-08  1.56361214e-04  7.12150924e-07  1.56361214e-04  0.00000000e+00  1.56361214e-04  1.20000000e+00 
 1.56461214e-04  1.11670929e+00  1.56461214e-04  4.85418423e-01  1.56461214e-04  1.81814642e-06  1.56461214e-04  2.60269942e-08  1.56461214e-04  3.51218337e-07  1.56461214e-04  0.00000000e+00  1.56461214e-04  1.20000000e+00 
 1.56561214e-04  1.11187605e+00  1.56561214e-04  4.85804674e-01  1.56561214e-04  1.81492120e-06  1.56561214e-04 -2.46760070e-08  1.56561214e-04  7.11542535e-07  1.56561214e-04  0.00000000e+00  1.56561214e-04  1.20000000e+00 
 1.56661214e-04  1.10705891e+00  1.56661214e-04  4.85355871e-01  1.56661214e-04  1.81813527e-06  1.56661214e-04  2.46500873e-08  1.56661214e-04  3.51716339e-07  1.56661214e-04  0.00000000e+00  1.56661214e-04  1.20000000e+00 
 1.56761214e-04  1.10222624e+00  1.56761214e-04  4.85859572e-01  1.56761214e-04  1.81493143e-06  1.56761214e-04 -2.32805464e-08  1.56761214e-04  7.10976477e-07  1.56761214e-04  0.00000000e+00  1.56761214e-04  1.20000000e+00 
 1.56861214e-04  1.09740969e+00  1.56861214e-04  4.85303230e-01  1.56861214e-04  1.81812591e-06  1.56861214e-04  2.32733706e-08  1.56861214e-04  3.52179627e-07  1.56861214e-04  0.00000000e+00  1.56861214e-04  1.20000000e+00 
 1.56961214e-04  1.09257756e+00  1.56961214e-04  4.85905237e-01  1.56961214e-04  1.81493991e-06  1.56961214e-04 -2.19106182e-08  1.56961214e-04  7.10443531e-07  1.56961214e-04  0.00000000e+00  1.56961214e-04  1.20000000e+00 
 1.57061214e-04  1.08776151e+00  1.57061214e-04  4.85260854e-01  1.57061214e-04  1.81811824e-06  1.57061214e-04  2.19374900e-08  1.57061214e-04  3.52616296e-07  1.57061214e-04  0.00000000e+00  1.57061214e-04  1.20000000e+00 
 1.57161214e-04  1.08292989e+00  1.57161214e-04  4.85941319e-01  1.57161214e-04  1.81494678e-06  1.57161214e-04 -2.05994063e-08  1.57161214e-04  7.09935717e-07  1.57161214e-04  0.00000000e+00  1.57161214e-04  1.20000000e+00 
 1.57261214e-04  1.07811431e+00  1.57261214e-04  4.85228385e-01  1.57261214e-04  1.81811210e-06  1.57261214e-04  2.06704899e-08  1.57261214e-04  3.53033296e-07  1.57261214e-04  0.00000000e+00  1.57261214e-04  1.20000000e+00 
 1.57361214e-04  1.07328393e+00  1.57361214e-04  4.85966943e-01  1.57361214e-04  1.81495222e-06  1.57361214e-04 -1.93685874e-08  1.57361214e-04  7.09309060e-07  1.57361214e-04  0.00000000e+00  1.57361214e-04  1.20000000e+00 
 1.57461214e-04  1.06846875e+00  1.57461214e-04  4.85207975e-01  1.57461214e-04  1.81810727e-06  1.57461214e-04  1.94889010e-08  1.57461214e-04  3.53520910e-07  1.57461214e-04  0.00000000e+00  1.57461214e-04  1.20000000e+00 
 1.57561214e-04  1.06363882e+00  1.57561214e-04  4.85983109e-01  1.57561214e-04  1.81495647e-06  1.57561214e-04 -1.82293326e-08  1.57561214e-04  7.08758333e-07  1.57561214e-04  0.00000000e+00  1.57561214e-04  1.20000000e+00 
 1.57661214e-04  1.05882402e+00  1.57661214e-04  4.85194598e-01  1.57661214e-04  1.81810352e-06  1.57661214e-04  1.84016150e-08  1.57661214e-04  3.53992383e-07  1.57661214e-04  0.00000000e+00  1.57661214e-04  1.20000000e+00 
 1.57761214e-04  1.05399451e+00  1.57761214e-04  4.85992783e-01  1.57761214e-04  1.81495974e-06  1.57761214e-04 -1.71882679e-08  1.57761214e-04  7.08222727e-07  1.57761214e-04  0.00000000e+00  1.57761214e-04  1.20000000e+00 
 1.57861214e-04  1.04918008e+00  1.57861214e-04  4.85187519e-01  1.57861214e-04  1.81810067e-06  1.57861214e-04  1.74131307e-08  1.57861214e-04  3.54451090e-07  1.57861214e-04  0.00000000e+00  1.57861214e-04  1.20000000e+00 
 1.57961214e-04  1.04435101e+00  1.57961214e-04  4.85996709e-01  1.57961214e-04  1.81496222e-06  1.57961214e-04 -1.62470478e-08  1.57961214e-04  7.07698756e-07  1.57961214e-04  0.00000000e+00  1.57961214e-04  1.20000000e+00 
 1.58061214e-04  1.03953692e+00  1.58061214e-04  4.85185915e-01  1.58061214e-04  1.81809850e-06  1.58061214e-04  1.65231900e-08  1.58061214e-04  3.54899887e-07  1.58061214e-04  0.00000000e+00  1.58061214e-04  1.20000000e+00 
 1.58161214e-04  1.03470829e+00  1.58161214e-04  4.85995684e-01  1.58161214e-04  1.81496410e-06  1.58161214e-04 -1.54034309e-08  1.58161214e-04  7.07183313e-07  1.58161214e-04  0.00000000e+00  1.58161214e-04  1.20000000e+00 
 1.58261214e-04  1.02989454e+00  1.58261214e-04  4.85188964e-01  1.58261214e-04  1.81809687e-06  1.58261214e-04  1.57282690e-08  1.58261214e-04  3.55341253e-07  1.58261214e-04  0.00000000e+00  1.58261214e-04  1.20000000e+00 
 1.58361214e-04  1.02506637e+00  1.58361214e-04  4.85990480e-01  1.58361214e-04  1.81496552e-06  1.58361214e-04 -1.46525817e-08  1.58361214e-04  7.06673417e-07  1.58361214e-04  0.00000000e+00  1.58361214e-04  1.20000000e+00 
 1.58461214e-04  1.02025294e+00  1.58461214e-04  4.85195902e-01  1.58461214e-04  1.81809561e-06  1.58461214e-04  1.50227365e-08  1.58461214e-04  3.55777518e-07  1.58461214e-04  0.00000000e+00  1.58461214e-04  1.20000000e+00 
 1.58561214e-04  1.01542525e+00  1.58561214e-04  4.85981804e-01  1.58561214e-04  1.81496665e-06  1.58561214e-04 -1.39880632e-08  1.58561214e-04  7.06165949e-07  1.58561214e-04  0.00000000e+00  1.58561214e-04  1.20000000e+00 
 1.58661214e-04  1.01061214e+00  1.58661214e-04  4.85206045e-01  1.58661214e-04  1.81809459e-06  1.58661214e-04  1.43997237e-08  1.58661214e-04  3.56211075e-07  1.58661214e-04  0.00000000e+00  1.58661214e-04  1.20000000e+00 
 1.58761214e-04  1.00578496e+00  1.58761214e-04  4.85970277e-01  1.58761214e-04  1.81496759e-06  1.58761214e-04 -1.34025698e-08  1.58761214e-04  7.05657431e-07  1.58761214e-04  0.00000000e+00  1.58761214e-04  1.20000000e+00 
 1.58861214e-04  1.00097216e+00  1.58861214e-04  4.85218801e-01  1.58861214e-04  1.81809369e-06  1.58861214e-04  1.38517554e-08  1.58861214e-04  3.56644556e-07  1.58861214e-04  0.00000000e+00  1.58861214e-04  1.20000000e+00 
 1.58961214e-04  9.96145535e-01  1.58961214e-04  4.85956434e-01  1.58961214e-04  1.81496846e-06  1.58961214e-04 -1.28884511e-08  1.58961214e-04  7.05143840e-07  1.58961214e-04  0.00000000e+00  1.58961214e-04  1.20000000e+00 
 1.59061214e-04  9.91333056e-01  1.59061214e-04  4.85233666e-01  1.59061214e-04  1.81809281e-06  1.59061214e-04  1.33711944e-08  1.59061214e-04  3.57080964e-07  1.59061214e-04  0.00000000e+00  1.59061214e-04  1.20000000e+00 
 1.59161214e-04  9.86507038e-01  1.59161214e-04  4.85940724e-01  1.59161214e-04  1.81496936e-06  1.59161214e-04 -1.24380738e-08  1.59161214e-04  7.04620503e-07  1.59161214e-04  0.00000000e+00  1.59161214e-04  1.20000000e+00 
 1.59261214e-04  9.81694880e-01  1.59261214e-04  4.85250223e-01  1.59261214e-04  1.81809187e-06  1.59261214e-04  1.29505427e-08  1.59261214e-04  3.57523732e-07  1.59261214e-04  0.00000000e+00  1.59261214e-04  1.20000000e+00 
 1.59361214e-04  9.76869536e-01  1.59361214e-04  4.85923519e-01  1.59361214e-04  1.81497036e-06  1.59361214e-04 -1.20440631e-08  1.59361214e-04  7.04082056e-07  1.59361214e-04  0.00000000e+00  1.59361214e-04  1.20000000e+00 
 1.59461214e-04  9.72058148e-01  1.59461214e-04  4.85267058e-01  1.59461214e-04  1.81809080e-06  1.59461214e-04  1.25828751e-08  1.59461214e-04  3.57910383e-07  1.59461214e-04  0.00000000e+00  1.59461214e-04  1.20000000e+00 
 1.59561214e-04  9.67233278e-01  1.59561214e-04  4.85907182e-01  1.59561214e-04  1.81497151e-06  1.59561214e-04 -1.17003736e-08  1.59561214e-04  7.03580190e-07  1.59561214e-04  0.00000000e+00  1.59561214e-04  1.20000000e+00 
 1.59661214e-04  9.62422188e-01  1.59661214e-04  4.85284489e-01  1.59661214e-04  1.81808956e-06  1.59661214e-04  1.22626799e-08  1.59661214e-04  3.58328900e-07  1.59661214e-04  0.00000000e+00  1.59661214e-04  1.20000000e+00 
 1.59761214e-04  9.57598197e-01  1.59761214e-04  4.85888991e-01  1.59761214e-04  1.81497286e-06  1.59761214e-04 -1.14008717e-08  1.59761214e-04  7.03041828e-07  1.59761214e-04  0.00000000e+00  1.59761214e-04  1.20000000e+00 
 1.59861214e-04  9.52787434e-01  1.59861214e-04  4.85303451e-01  1.59861214e-04  1.81808809e-06  1.59861214e-04  1.19831601e-08  1.59861214e-04  3.58774137e-07  1.59861214e-04  0.00000000e+00  1.59861214e-04  1.20000000e+00 
 1.59961214e-04  9.47964426e-01  1.59961214e-04  4.85869507e-01  1.59961214e-04  1.81497445e-06  1.59961214e-04 -1.11388751e-08  1.59961214e-04  7.02461150e-07  1.59961214e-04  0.00000000e+00  1.59961214e-04  1.20000000e+00 
 1.60061214e-04  9.43154026e-01  1.60061214e-04  4.85323526e-01  1.60061214e-04  1.81808636e-06  1.60061214e-04  1.17380949e-08  1.60061214e-04  3.59250881e-07  1.60061214e-04  0.00000000e+00  1.60061214e-04  1.20000000e+00 
 1.60161214e-04  9.38332111e-01  1.60161214e-04  4.85849087e-01  1.60161214e-04  1.81497634e-06  1.60161214e-04 -1.09085595e-08  1.60161214e-04  7.01831167e-07  1.60161214e-04  0.00000000e+00  1.60161214e-04  1.20000000e+00 
 1.60261214e-04  9.33522122e-01  1.60261214e-04  4.85344406e-01  1.60261214e-04  1.81808432e-06  1.60261214e-04  1.15220472e-08  1.60261214e-04  3.59763834e-07  1.60261214e-04  0.00000000e+00  1.60261214e-04  1.20000000e+00 
 1.60361214e-04  9.28701417e-01  1.60361214e-04  4.85828010e-01  1.60361214e-04  1.81497855e-06  1.60361214e-04 -1.07048402e-08  1.60361214e-04  7.01145273e-07  1.60361214e-04  0.00000000e+00  1.60361214e-04  1.20000000e+00 
 1.60461214e-04  9.23891897e-01  1.60461214e-04  4.85365849e-01  1.60461214e-04  1.81808192e-06  1.60461214e-04  1.13302792e-08  1.60461214e-04  3.60317315e-07  1.60461214e-04  0.00000000e+00  1.60461214e-04  1.20000000e+00 
 1.60561214e-04  9.19072522e-01  1.60561214e-04  4.85806504e-01  1.60561214e-04  1.81498114e-06  1.60561214e-04 -1.05232995e-08  1.60561214e-04  7.00397700e-07  1.60561214e-04  0.00000000e+00  1.60561214e-04  1.20000000e+00 
 1.60661214e-04  9.14263539e-01  1.60661214e-04  4.85387655e-01  1.60661214e-04  1.81807915e-06  1.60661214e-04  1.11586894e-08  1.60661214e-04  3.60914916e-07  1.60661214e-04  0.00000000e+00  1.60661214e-04  1.20000000e+00 
 1.60761214e-04  9.09445614e-01  1.60761214e-04  4.85784779e-01  1.60761214e-04  1.81498411e-06  1.60761214e-04 -1.03601311e-08  1.60761214e-04  6.99584022e-07  1.60761214e-04  0.00000000e+00  1.60761214e-04  1.20000000e+00 
 1.60861214e-04  9.04637244e-01  1.60861214e-04  4.85409637e-01  1.60861214e-04  1.81807597e-06  1.60861214e-04  1.10037636e-08  1.60861214e-04  3.61559124e-07  1.60861214e-04  0.00000000e+00  1.60861214e-04  1.20000000e+00 
 1.60961214e-04  8.99820883e-01  1.60961214e-04  4.85763035e-01  1.60961214e-04  1.81498750e-06  1.60961214e-04 -1.02120969e-08  1.60961214e-04  6.98701634e-07  1.60961214e-04  0.00000000e+00  1.60961214e-04  1.20000000e+00 
 1.61061214e-04  8.95013212e-01  1.61061214e-04  4.85431611e-01  1.61061214e-04  1.81807237e-06  1.61061214e-04  1.08625370e-08  1.61061214e-04  3.62250995e-07  1.61061214e-04  0.00000000e+00  1.61061214e-04  1.20000000e+00 
 1.61161214e-04  8.90198519e-01  1.61161214e-04  4.85741478e-01  1.61161214e-04  1.81499132e-06  1.61161214e-04 -1.00764910e-08  1.61161214e-04  6.97750052e-07  1.61161214e-04  0.00000000e+00  1.61161214e-04  1.20000000e+00 
 1.61261214e-04  8.85391638e-01  1.61261214e-04  4.85453391e-01  1.61261214e-04  1.81806833e-06  1.61261214e-04  1.07325593e-08  1.61261214e-04  3.62989961e-07  1.61261214e-04  0.00000000e+00  1.61261214e-04  1.20000000e+00 
 1.61361214e-04  8.80578704e-01  1.61361214e-04  4.85720317e-01  1.61361214e-04  1.81499558e-06  1.61361214e-04 -9.95110457e-09  1.61361214e-04  6.96730989e-07  1.61361214e-04  0.00000000e+00  1.61361214e-04  1.20000000e+00 
 1.61461214e-04  8.75772711e-01  1.61461214e-04  4.85474786e-01  1.61461214e-04  1.81806386e-06  1.61461214e-04  1.06118576e-08  1.61461214e-04  3.63773827e-07  1.61461214e-04  0.00000000e+00  1.61461214e-04  1.20000000e+00 
 1.61561214e-04  8.70961611e-01  1.61561214e-04  4.85699754e-01  1.61561214e-04  1.81500028e-06  1.61561214e-04 -9.83418576e-09  1.61561214e-04  6.95648168e-07  1.61561214e-04  0.00000000e+00  1.61561214e-04  1.20000000e+00 
 1.61661214e-04  8.66156607e-01  1.61661214e-04  4.85495613e-01  1.61661214e-04  1.81805894e-06  1.61661214e-04  1.04988927e-08  1.61661214e-04  3.64598953e-07  1.61661214e-04  0.00000000e+00  1.61661214e-04  1.20000000e+00 
 1.61761214e-04  8.61347403e-01  1.61761214e-04  4.85679979e-01  1.61761214e-04  1.81500541e-06  1.61761214e-04 -9.72439153e-09  1.61761214e-04  6.94506939e-07  1.61761214e-04  0.00000000e+00  1.61761214e-04  1.20000000e+00 
 1.61861214e-04  8.56543488e-01  1.61861214e-04  4.85515703e-01  1.61861214e-04  1.81805359e-06  1.61861214e-04  1.03925073e-08  1.61861214e-04  3.65460568e-07  1.61861214e-04  0.00000000e+00  1.61861214e-04  1.20000000e+00 
 1.61961214e-04  8.51736228e-01  1.61961214e-04  4.85661155e-01  1.61961214e-04  1.81501098e-06  1.61961214e-04 -9.62073221e-09  1.61961214e-04  6.93313789e-07  1.61961214e-04  0.00000000e+00  1.61961214e-04  1.20000000e+00 
 1.62061214e-04  8.46933501e-01  1.62061214e-04  4.85534916e-01  1.62061214e-04  1.81804781e-06  1.62061214e-04  1.02918672e-08  1.62061214e-04  3.66353156e-07  1.62061214e-04  0.00000000e+00  1.62061214e-04  1.20000000e+00 
 1.62161214e-04  8.42128222e-01  1.62161214e-04  4.85643408e-01  1.62161214e-04  1.81501697e-06  1.62161214e-04 -9.52251096e-09  1.62161214e-04  6.92075848e-07  1.62161214e-04  0.00000000e+00  1.62161214e-04  1.20000000e+00 
 1.62261214e-04  8.37326779e-01  1.62261214e-04  4.85553139e-01  1.62261214e-04  1.81804163e-06  1.62261214e-04  1.01964001e-08  1.62261214e-04  3.67270822e-07  1.62261214e-04  0.00000000e+00  1.62261214e-04  1.20000000e+00 
 1.62361214e-04  8.32523508e-01  1.62361214e-04  4.85626828e-01  1.62361214e-04  1.81502335e-06  1.62361214e-04 -9.42926256e-09  1.62361214e-04  6.90800437e-07  1.62361214e-04  0.00000000e+00  1.62361214e-04  1.20000000e+00 
 1.62461214e-04  8.27723442e-01  1.62461214e-04  4.85570296e-01  1.62461214e-04  1.81803505e-06  1.62461214e-04  1.01057355e-08  1.62461214e-04  3.68207626e-07  1.62461214e-04  0.00000000e+00  1.62461214e-04  1.20000000e+00 
 1.62561214e-04  8.22922201e-01  1.62561214e-04  4.85611465e-01  1.62561214e-04  1.81503011e-06  1.62561214e-04 -9.34069493e-09  1.62561214e-04  6.89494720e-07  1.62561214e-04  0.00000000e+00  1.62561214e-04  1.20000000e+00 
 1.62661214e-04  8.18123597e-01  1.62661214e-04  4.85586340e-01  1.62661214e-04  1.81802812e-06  1.62661214e-04  1.00196490e-08  1.62661214e-04  3.69157827e-07  1.62661214e-04  0.00000000e+00  1.62661214e-04  1.20000000e+00 
 1.62761214e-04  8.13324404e-01  1.62761214e-04  4.85597333e-01  1.62761214e-04  1.81503722e-06  1.62761214e-04 -9.25663786e-09  1.62761214e-04  6.88165456e-07  1.62761214e-04  0.00000000e+00  1.62761214e-04  1.20000000e+00 
 1.62861214e-04  8.08527343e-01  1.62861214e-04  4.85601257e-01  1.62861214e-04  1.81802084e-06  1.62861214e-04  9.93801526e-09  1.62861214e-04  3.70116057e-07  1.62861214e-04  0.00000000e+00  1.62861214e-04  1.20000000e+00 
 1.62961214e-04  8.03730214e-01  1.62961214e-04  4.85584416e-01  1.62961214e-04  1.81504466e-06  1.62961214e-04 -9.17699931e-09  1.62961214e-04  6.86818842e-07  1.62961214e-04  0.00000000e+00  1.62961214e-04  1.20000000e+00 
 1.63061214e-04  7.98934771e-01  1.63061214e-04  4.85615053e-01  1.63061214e-04  1.81801325e-06  1.63061214e-04  9.86076847e-09  1.63061214e-04  3.71077427e-07  1.63061214e-04  0.00000000e+00  1.63061214e-04  1.20000000e+00 
 1.63161214e-04  7.94139719e-01  1.63161214e-04  4.85572674e-01  1.63161214e-04  1.81505240e-06  1.63161214e-04 -9.10173124e-09  1.63161214e-04  6.85460439e-07  1.63161214e-04  0.00000000e+00  1.63161214e-04  1.20000000e+00 
 1.63261214e-04  7.89345966e-01  1.63261214e-04  4.85627754e-01  1.63261214e-04  1.81800537e-06  1.63261214e-04  9.78787302e-09  1.63261214e-04  3.72037568e-07  1.63261214e-04  0.00000000e+00  1.63261214e-04  1.20000000e+00 
 1.63361214e-04  7.84553006e-01  1.63361214e-04  4.85562050e-01  1.63361214e-04  1.81506042e-06  1.63361214e-04 -9.03080397e-09  1.63361214e-04  6.84095143e-07  1.63361214e-04  0.00000000e+00  1.63361214e-04  1.20000000e+00 
 1.63461214e-04  7.79761008e-01  1.63461214e-04  4.85639399e-01  1.63461214e-04  1.81799724e-06  1.63461214e-04  9.71930139e-09  1.63461214e-04  3.72992646e-07  1.63461214e-04  0.00000000e+00  1.63461214e-04  1.20000000e+00 
 1.63561214e-04  7.74970154e-01  1.63561214e-04  4.85552476e-01  1.63561214e-04  1.81506867e-06  1.63561214e-04 -8.96418788e-09  1.63561214e-04  6.82727209e-07  1.63561214e-04  0.00000000e+00  1.63561214e-04  1.20000000e+00 
 1.63661214e-04  7.70179974e-01  1.63661214e-04  4.85650038e-01  1.63661214e-04  1.81798887e-06  1.63661214e-04  9.65501966e-09  1.63661214e-04  3.73939341e-07  1.63661214e-04  0.00000000e+00  1.63661214e-04  1.20000000e+00 
 1.63761214e-04  7.65391242e-01  1.63761214e-04  4.85543879e-01  1.63761214e-04  1.81507714e-06  1.63761214e-04 -8.90184199e-09  1.63761214e-04  6.81360287e-07  1.63761214e-04  0.00000000e+00  1.63761214e-04  1.20000000e+00 
 1.63861214e-04  7.60602938e-01  1.63861214e-04  4.85659724e-01  1.63861214e-04  1.81798031e-06  1.63861214e-04  9.59497859e-09  1.63861214e-04  3.74874816e-07  1.63861214e-04  0.00000000e+00  1.63861214e-04  1.20000000e+00 
 1.63961214e-04  7.55816343e-01  1.63961214e-04  4.85536182e-01  1.63961214e-04  1.81508580e-06  1.63961214e-04 -8.84370739e-09  1.63961214e-04  6.79997473e-07  1.63961214e-04  0.00000000e+00  1.63961214e-04  1.20000000e+00 
 1.64061214e-04  7.51029970e-01  1.64061214e-04  4.85668513e-01  1.64061214e-04  1.81797156e-06  1.64061214e-04  9.53910915e-09  1.64061214e-04  3.75796666e-07  1.64061214e-04  0.00000000e+00  1.64061214e-04  1.20000000e+00 
 1.64161214e-04  7.46245530e-01  1.64161214e-04  4.85529311e-01  1.64161214e-04  1.81509463e-06  1.64161214e-04 -8.78970438e-09  1.64161214e-04  6.78641374e-07  1.64161214e-04  0.00000000e+00  1.64161214e-04  1.20000000e+00 
 1.64261214e-04  7.41461140e-01  1.64261214e-04  4.85676461e-01  1.64261214e-04  1.81796266e-06  1.64261214e-04  9.48732112e-09  1.64261214e-04  3.76702879e-07  1.64261214e-04  0.00000000e+00  1.64261214e-04  1.20000000e+00 
 1.64361214e-04  7.36678874e-01  1.64361214e-04  4.85523194e-01  1.64361214e-04  1.81510360e-06  1.64361214e-04 -8.73973247e-09  1.64361214e-04  6.77294158e-07  1.64361214e-04  0.00000000e+00  1.64361214e-04  1.20000000e+00 
 1.64461214e-04  7.31896515e-01  1.64461214e-04  4.85683625e-01  1.64461214e-04  1.81795363e-06  1.64461214e-04  9.43950424e-09  1.64461214e-04  3.77591788e-07  1.64461214e-04  0.00000000e+00  1.64461214e-04  1.20000000e+00 
 1.64561214e-04  7.27116441e-01  1.64561214e-04  4.85517764e-01  1.64561214e-04  1.81511269e-06  1.64561214e-04 -8.69367211e-09  1.64561214e-04  6.75957618e-07  1.64561214e-04  0.00000000e+00  1.64561214e-04  1.20000000e+00 
 1.64661214e-04  7.22336159e-01  1.64661214e-04  4.85690059e-01  1.64661214e-04  1.81794449e-06  1.64661214e-04  9.39553037e-09  1.64661214e-04  3.78462023e-07  1.64661214e-04  0.00000000e+00  1.64661214e-04  1.20000000e+00 
 1.64761214e-04  7.17558299e-01  1.64761214e-04  4.85512960e-01  1.64761214e-04  1.81512188e-06  1.64761214e-04 -8.65138734e-09  1.64761214e-04  6.74633216e-07  1.64761214e-04  0.00000000e+00  1.64761214e-04  1.20000000e+00 
 1.64861214e-04  7.12780137e-01  1.64861214e-04  4.85695814e-01  1.64861214e-04  1.81793526e-06  1.64861214e-04  9.35525654e-09  1.64861214e-04  3.79312480e-07  1.64861214e-04  0.00000000e+00  1.64861214e-04  1.20000000e+00 
 1.64961214e-04  7.08004509e-01  1.64961214e-04  4.85508726e-01  1.64961214e-04  1.81513116e-06  1.64961214e-04 -8.61272914e-09  1.64961214e-04  6.73322134e-07  1.64961214e-04  0.00000000e+00  1.64961214e-04  1.20000000e+00 
 1.65061214e-04  7.03228508e-01  1.65061214e-04  4.85700940e-01  1.65061214e-04  1.81792595e-06  1.65061214e-04  9.31852841e-09  1.65061214e-04  3.80142275e-07  1.65061214e-04  0.00000000e+00  1.65061214e-04  1.20000000e+00 
 1.65161214e-04  6.98455135e-01  1.65161214e-04  4.85505010e-01  1.65161214e-04  1.81514049e-06  1.65161214e-04 -8.57753858e-09  1.65161214e-04  6.72025312e-07  1.65161214e-04  0.00000000e+00  1.65161214e-04  1.20000000e+00 
 1.65261214e-04  6.93681334e-01  1.65261214e-04  4.85705484e-01  1.65261214e-04  1.81791659e-06  1.65261214e-04  9.28518325e-09  1.65261214e-04  3.80950718e-07  1.65261214e-04  0.00000000e+00  1.65261214e-04  1.20000000e+00 
 1.65361214e-04  6.88910236e-01  1.65361214e-04  4.85501767e-01  1.65361214e-04  1.81514988e-06  1.65361214e-04 -8.54564998e-09  1.65361214e-04  6.70743484e-07  1.65361214e-04  0.00000000e+00  1.65361214e-04  1.20000000e+00 
 1.65461214e-04  6.84138673e-01  1.65461214e-04  4.85709491e-01  1.65461214e-04  1.81790718e-06  1.65461214e-04  9.25505328e-09  1.65461214e-04  3.81737286e-07  1.65461214e-04  0.00000000e+00  1.65461214e-04  1.20000000e+00 
 1.65561214e-04  6.79369872e-01  1.65561214e-04  4.85498954e-01  1.65561214e-04  1.81515930e-06  1.65561214e-04 -8.51689405e-09  1.65561214e-04  6.69477210e-07  1.65561214e-04  0.00000000e+00  1.65561214e-04  1.20000000e+00 
 1.65661214e-04  6.74600583e-01  1.65661214e-04  4.85713002e-01  1.65661214e-04  1.81789775e-06  1.65661214e-04  9.22796819e-09  1.65661214e-04  3.82501595e-07  1.65661214e-04  0.00000000e+00  1.65661214e-04  1.20000000e+00 
 1.65761214e-04  6.69834101e-01  1.65761214e-04  4.85496533e-01  1.65761214e-04  1.81516875e-06  1.65761214e-04 -8.49110001e-09  1.65761214e-04  6.68226900e-07  1.65761214e-04  0.00000000e+00  1.65761214e-04  1.20000000e+00 
 1.65861214e-04  6.65067119e-01  1.65861214e-04  4.85716058e-01  1.65861214e-04  1.81788831e-06  1.65861214e-04  9.20375744e-09  1.65861214e-04  3.83243382e-07  1.65861214e-04  0.00000000e+00  1.65861214e-04  1.20000000e+00 
 1.65961214e-04  6.60302980e-01  1.65961214e-04  4.85494471e-01  1.65961214e-04  1.81517820e-06  1.65961214e-04 -8.46809800e-09  1.65961214e-04  6.66992841e-07  1.65961214e-04  0.00000000e+00  1.65961214e-04  1.20000000e+00 
 1.66061214e-04  6.55538339e-01  1.66061214e-04  4.85718696e-01  1.66061214e-04  1.81787886e-06  1.66061214e-04  9.18225236e-09  1.66061214e-04  3.83962485e-07  1.66061214e-04  0.00000000e+00  1.66061214e-04  1.20000000e+00 
 1.66161214e-04  6.50776566e-01  1.66161214e-04  4.85492735e-01  1.66161214e-04  1.81518764e-06  1.66161214e-04 -8.44772076e-09  1.66161214e-04  6.65775211e-07  1.66161214e-04  0.00000000e+00  1.66161214e-04  1.20000000e+00 
 1.66261214e-04  6.46014298e-01  1.66261214e-04  4.85720950e-01  1.66261214e-04  1.81786942e-06  1.66261214e-04  9.16328760e-09  1.66261214e-04  3.84658830e-07  1.66261214e-04  0.00000000e+00  1.66261214e-04  1.20000000e+00 
 1.66361214e-04  6.41254915e-01  1.66361214e-04  4.85491299e-01  1.66361214e-04  1.81519708e-06  1.66361214e-04 -8.42980509e-09  1.66361214e-04  6.64574102e-07  1.66361214e-04  0.00000000e+00  1.66361214e-04  1.20000000e+00 
 1.66461214e-04  6.36495052e-01  1.66461214e-04  4.85722853e-01  1.66461214e-04  1.81786000e-06  1.66461214e-04  9.14670240e-09  1.66461214e-04  3.85332416e-07  1.66461214e-04  0.00000000e+00  1.66461214e-04  1.20000000e+00 
 1.66561214e-04  6.31738082e-01  1.66561214e-04  4.85490135e-01  1.66561214e-04  1.81520648e-06  1.66561214e-04 -8.41419267e-09  1.66561214e-04  6.63389528e-07  1.66561214e-04  0.00000000e+00  1.66561214e-04  1.20000000e+00 
 1.66661214e-04  6.26980655e-01  1.66661214e-04  4.85724435e-01  1.66661214e-04  1.81785060e-06  1.66661214e-04  9.13234143e-09  1.66661214e-04  3.85983304e-07  1.66661214e-04  0.00000000e+00  1.66661214e-04  1.20000000e+00 
 1.66761214e-04  6.22226122e-01  1.66761214e-04  4.85489220e-01  1.66761214e-04  1.81521586e-06  1.66761214e-04 -8.40073123e-09  1.66761214e-04  6.62221443e-07  1.66761214e-04  0.00000000e+00  1.66761214e-04  1.20000000e+00 
 1.66861214e-04  6.17471162e-01  1.66861214e-04  4.85725723e-01  1.66861214e-04  1.81784125e-06  1.66861214e-04  9.12005562e-09  1.66861214e-04  3.86611606e-07  1.66861214e-04  0.00000000e+00  1.66861214e-04  1.20000000e+00 
 1.66961214e-04  6.12719092e-01  1.66961214e-04  4.85488533e-01  1.66961214e-04  1.81522520e-06  1.66961214e-04 -8.38927483e-09  1.66961214e-04  6.61069748e-07  1.66961214e-04  0.00000000e+00  1.66961214e-04  1.20000000e+00 
 1.67061214e-04  6.07966627e-01  1.67061214e-04  4.85726745e-01  1.67061214e-04  1.81783193e-06  1.67061214e-04  9.10970242e-09  1.67061214e-04  3.87217479e-07  1.67061214e-04  0.00000000e+00  1.67061214e-04  1.20000000e+00 
 1.67161214e-04  6.03217045e-01  1.67161214e-04  4.85488054e-01  1.67161214e-04  1.81523449e-06  1.67161214e-04 -8.37968419e-09  1.67161214e-04  6.59934301e-07  1.67161214e-04  0.00000000e+00  1.67161214e-04  1.20000000e+00 
 1.67261214e-04  5.98467106e-01  1.67261214e-04  4.85727522e-01  1.67261214e-04  1.81782267e-06  1.67261214e-04  9.10114607e-09  1.67261214e-04  3.87801116e-07  1.67261214e-04  0.00000000e+00  1.67261214e-04  1.20000000e+00 
 1.67361214e-04  5.93720037e-01  1.67361214e-04  4.85487764e-01  1.67361214e-04  1.81524373e-06  1.67361214e-04 -8.37182693e-09  1.67361214e-04  6.58814925e-07  1.67361214e-04  0.00000000e+00  1.67361214e-04  1.20000000e+00 
 1.67461214e-04  5.88972653e-01  1.67461214e-04  4.85728078e-01  1.67461214e-04  1.81781346e-06  1.67461214e-04  9.09425775e-09  1.67461214e-04  3.88362736e-07  1.67461214e-04  0.00000000e+00  1.67461214e-04  1.20000000e+00 
 1.67561214e-04  5.84228123e-01  1.67561214e-04  4.85487647e-01  1.67561214e-04  1.81525291e-06  1.67561214e-04 -8.36557768e-09  1.67561214e-04  6.57711414e-07  1.67561214e-04  0.00000000e+00  1.67561214e-04  1.20000000e+00 
 1.67661214e-04  5.79483322e-01  1.67661214e-04  4.85728432e-01  1.67661214e-04  1.81780431e-06  1.67661214e-04  9.08891557e-09  1.67661214e-04  3.88902586e-07  1.67661214e-04  0.00000000e+00  1.67661214e-04  1.20000000e+00 
 1.67761214e-04  5.74741356e-01  1.67761214e-04  4.85487688e-01  1.67761214e-04  1.81526202e-06  1.67761214e-04 -8.36081779e-09  1.67761214e-04  6.56623535e-07  1.67761214e-04  0.00000000e+00  1.67761214e-04  1.20000000e+00 
 1.67861214e-04  5.69999168e-01  1.67861214e-04  4.85728602e-01  1.67861214e-04  1.81779523e-06  1.67861214e-04  9.08500440e-09  1.67861214e-04  3.89420926e-07  1.67861214e-04  0.00000000e+00  1.67861214e-04  1.20000000e+00 
 1.67961214e-04  5.65259792e-01  1.67961214e-04  4.85487873e-01  1.67961214e-04  1.81527107e-06  1.67961214e-04 -8.35743551e-09  1.67961214e-04  6.55551039e-07  1.67961214e-04  0.00000000e+00  1.67961214e-04  1.20000000e+00 
 1.68061214e-04  5.60521195e-01  1.68061214e-04  4.85728242e-01  1.68061214e-04  1.81778616e-06  1.68061214e-04  9.08240902e-09  1.68061214e-04  3.89718377e-07  1.68061214e-04  0.00000000e+00  1.68061214e-04  1.20000000e+00 
 1.68161214e-04  5.55785887e-01  1.68161214e-04  4.85489870e-01  1.68161214e-04  1.81527997e-06  1.68161214e-04 -8.35577839e-09  1.68161214e-04  6.54364759e-07  1.68161214e-04  0.00000000e+00  1.68161214e-04  1.20000000e+00 
 1.68261214e-04  5.51049605e-01  1.68261214e-04  4.85728568e-01  1.68261214e-04  1.81777733e-06  1.68261214e-04  9.08188194e-09  1.68261214e-04  3.90387415e-07  1.68261214e-04  0.00000000e+00  1.68261214e-04  1.20000000e+00 
 1.68361214e-04  5.46315480e-01  1.68361214e-04  4.85488539e-01  1.68361214e-04  1.81528889e-06  1.68361214e-04 -8.35513158e-09  1.68361214e-04  6.53457905e-07  1.68361214e-04  0.00000000e+00  1.68361214e-04  1.20000000e+00 
 1.68461214e-04  5.41582166e-01  1.68461214e-04  4.85727926e-01  1.68461214e-04  1.81776840e-06  1.68461214e-04  9.08145410e-09  1.68461214e-04  3.90661186e-07  1.68461214e-04  0.00000000e+00  1.68461214e-04  1.20000000e+00 
 1.68561214e-04  5.36852044e-01  1.68561214e-04  4.85490667e-01  1.68561214e-04  1.81529765e-06  1.68561214e-04 -8.35553421e-09  1.68561214e-04  6.52311800e-07  1.68561214e-04  0.00000000e+00  1.68561214e-04  1.20000000e+00 
 1.68661214e-04  5.32122030e-01  1.68661214e-04  4.85727576e-01  1.68661214e-04  1.81775967e-06  1.68661214e-04  9.08288146e-09  1.68661214e-04  3.91083367e-07  1.68661214e-04  0.00000000e+00  1.68661214e-04  1.20000000e+00 
 1.68761214e-04  5.27394579e-01  1.68761214e-04  4.85491324e-01  1.68761214e-04  1.81530634e-06  1.68761214e-04 -8.35725714e-09  1.68761214e-04  6.51314853e-07  1.68761214e-04  0.00000000e+00  1.68761214e-04  1.20000000e+00 
 1.68861214e-04  5.22667249e-01  1.68861214e-04  4.85726990e-01  1.68861214e-04  1.81775102e-06  1.68861214e-04  9.08518824e-09  1.68861214e-04  3.91497249e-07  1.68861214e-04  0.00000000e+00  1.68861214e-04  1.20000000e+00 
 1.68961214e-04  5.17942463e-01  1.68961214e-04  4.85492064e-01  1.68961214e-04  1.81531495e-06  1.68961214e-04 -8.35984829e-09  1.68961214e-04  6.50329491e-07  1.68961214e-04  0.00000000e+00  1.68961214e-04  1.20000000e+00 
 1.69061214e-04  5.13217852e-01  1.69061214e-04  4.85726319e-01  1.69061214e-04  1.81774245e-06  1.69061214e-04  9.08831845e-09  1.69061214e-04  3.91891490e-07  1.69061214e-04  0.00000000e+00  1.69061214e-04  1.20000000e+00 
 1.69161214e-04  5.08495764e-01  1.69161214e-04  4.85492874e-01  1.69161214e-04  1.81532347e-06  1.69161214e-04 -8.36322123e-09  1.69161214e-04  6.49356642e-07  1.69161214e-04  0.00000000e+00  1.69161214e-04  1.20000000e+00 
 1.69261214e-04  5.03773904e-01  1.69261214e-04  4.85725564e-01  1.69261214e-04  1.81773398e-06  1.69261214e-04  9.09218980e-09  1.69261214e-04  3.92266322e-07  1.69261214e-04  0.00000000e+00  1.69261214e-04  1.20000000e+00 
 1.69361214e-04  4.99054547e-01  1.69361214e-04  4.85493751e-01  1.69361214e-04  1.81533190e-06  1.69361214e-04 -8.36729969e-09  1.69361214e-04  6.48395949e-07  1.69361214e-04  0.00000000e+00  1.69361214e-04  1.20000000e+00 
 1.69461214e-04  4.94335474e-01  1.69461214e-04  4.85724728e-01  1.69461214e-04  1.81772560e-06  1.69461214e-04  9.09673127e-09  1.69461214e-04  3.92621787e-07  1.69461214e-04  0.00000000e+00  1.69461214e-04  1.20000000e+00 
 1.69561214e-04  4.89618880e-01  1.69561214e-04  4.85494692e-01  1.69561214e-04  1.81534024e-06  1.69561214e-04 -8.37201734e-09  1.69561214e-04  6.47447002e-07  1.69561214e-04  0.00000000e+00  1.69561214e-04  1.20000000e+00 
 1.69661214e-04  4.84902630e-01  1.69661214e-04  4.85723817e-01  1.69661214e-04  1.81771731e-06  1.69661214e-04  9.10188075e-09  1.69661214e-04  3.92957812e-07  1.69661214e-04  0.00000000e+00  1.69661214e-04  1.20000000e+00 
 1.69761214e-04  4.80188838e-01  1.69761214e-04  4.85495694e-01  1.69761214e-04  1.81534848e-06  1.69761214e-04 -8.37731583e-09  1.69761214e-04  6.46509301e-07  1.69761214e-04  0.00000000e+00  1.69761214e-04  1.20000000e+00 
 1.69861214e-04  4.75475452e-01  1.69861214e-04  4.85722832e-01  1.69861214e-04  1.81770911e-06  1.69861214e-04  9.10758362e-09  1.69861214e-04  3.93274156e-07  1.69861214e-04  0.00000000e+00  1.69861214e-04  1.20000000e+00 
 1.69961214e-04  4.70764502e-01  1.69961214e-04  4.85496755e-01  1.69961214e-04  1.81535663e-06  1.69961214e-04 -8.38314395e-09  1.69961214e-04  6.45582215e-07  1.69961214e-04  0.00000000e+00  1.69961214e-04  1.20000000e+00 
 1.70061214e-04  4.66054024e-01  1.70061214e-04  4.85721777e-01  1.70061214e-04  1.81770101e-06  1.70061214e-04  9.11379201e-09  1.70061214e-04  3.93570331e-07  1.70061214e-04  0.00000000e+00  1.70061214e-04  1.20000000e+00 
 1.70161214e-04  4.61345964e-01  1.70161214e-04  4.85497872e-01  1.70161214e-04  1.81536469e-06  1.70161214e-04 -8.38945703e-09  1.70161214e-04  6.44664921e-07  1.70161214e-04  0.00000000e+00  1.70161214e-04  1.20000000e+00 
 1.70261214e-04  4.56638446e-01  1.70261214e-04  4.85720651e-01  1.70261214e-04  1.81769301e-06  1.70261214e-04  9.12046460e-09  1.70261214e-04  3.93845498e-07  1.70261214e-04  0.00000000e+00  1.70261214e-04  1.20000000e+00 
 1.70361214e-04  4.51933333e-01  1.70361214e-04  4.85499045e-01  1.70361214e-04  1.81537264e-06  1.70361214e-04 -8.39621692e-09  1.70361214e-04  6.43756321e-07  1.70361214e-04  0.00000000e+00  1.70361214e-04  1.20000000e+00 
 1.70461214e-04  4.47228840e-01  1.70461214e-04  4.85719453e-01  1.70461214e-04  1.81768510e-06  1.70461214e-04  9.12756660e-09  1.70461214e-04  3.94098309e-07  1.70461214e-04  0.00000000e+00  1.70461214e-04  1.20000000e+00 
 1.70561214e-04  4.42526743e-01  1.70561214e-04  4.85500274e-01  1.70561214e-04  1.81538050e-06  1.70561214e-04 -8.40339237e-09  1.70561214e-04  6.42854926e-07  1.70561214e-04  0.00000000e+00  1.70561214e-04  1.20000000e+00 
 1.70661214e-04  4.37825355e-01  1.70661214e-04  4.85718179e-01  1.70661214e-04  1.81767729e-06  1.70661214e-04  9.13507085e-09  1.70661214e-04  3.94326699e-07  1.70661214e-04  0.00000000e+00  1.70661214e-04  1.20000000e+00 
 1.70761214e-04  4.33126361e-01  1.70761214e-04  4.85501562e-01  1.70761214e-04  1.81538826e-06  1.70761214e-04 -8.41096022e-09  1.70761214e-04  6.41958685e-07  1.70761214e-04  0.00000000e+00  1.70761214e-04  1.20000000e+00 
 1.70861214e-04  4.28428182e-01  1.70861214e-04  4.85716821e-01  1.70861214e-04  1.81766959e-06  1.70861214e-04  9.14295867e-09  1.70861214e-04  3.94527605e-07  1.70861214e-04  0.00000000e+00  1.70861214e-04  1.20000000e+00 
 1.70961214e-04  4.23732407e-01  1.70961214e-04  4.85502913e-01  1.70961214e-04  1.81539592e-06  1.70961214e-04 -8.41890663e-09  1.70961214e-04  6.41064771e-07  1.70961214e-04  0.00000000e+00  1.70961214e-04  1.20000000e+00 
 1.71061214e-04  4.19037573e-01  1.71061214e-04  4.85715365e-01  1.71061214e-04  1.81766199e-06  1.71061214e-04  9.15122187e-09  1.71061214e-04  3.94696610e-07  1.71061214e-04  0.00000000e+00  1.71061214e-04  1.20000000e+00 
 1.71161214e-04  4.14345170e-01  1.71161214e-04  4.85504335e-01  1.71161214e-04  1.81540347e-06  1.71161214e-04 -8.42722931e-09  1.71161214e-04  6.40169296e-07  1.71161214e-04  0.00000000e+00  1.71161214e-04  1.20000000e+00 
 1.71261214e-04  4.09653864e-01  1.71261214e-04  4.85713795e-01  1.71261214e-04  1.81765449e-06  1.71261214e-04  9.15986505e-09  1.71261214e-04  3.94827510e-07  1.71261214e-04  0.00000000e+00  1.71261214e-04  1.20000000e+00 
 1.71361214e-04  4.04965039e-01  1.71361214e-04  4.85505839e-01  1.71361214e-04  1.81541092e-06  1.71361214e-04 -8.43594009e-09  1.71361214e-04  6.39266990e-07  1.71361214e-04  0.00000000e+00  1.71361214e-04  1.20000000e+00 
 1.71461214e-04  4.00277506e-01  1.71461214e-04  4.85712083e-01  1.71461214e-04  1.81764710e-06  1.71461214e-04  9.16890837e-09  1.71461214e-04  3.94911847e-07  1.71461214e-04  0.00000000e+00  1.71461214e-04  1.20000000e+00 
 1.71561214e-04  3.95592534e-01  1.71561214e-04  4.85507443e-01  1.71561214e-04  1.81541825e-06  1.71561214e-04 -8.44506808e-09  1.71561214e-04  6.38350834e-07  1.71561214e-04  0.00000000e+00  1.71561214e-04  1.20000000e+00 
 1.71661214e-04  3.90909103e-01  1.71661214e-04  4.85710200e-01  1.71661214e-04  1.81763982e-06  1.71661214e-04  9.17839098e-09  1.71661214e-04  3.94938443e-07  1.71661214e-04  0.00000000e+00  1.71661214e-04  1.20000000e+00 
 1.71761214e-04  3.86228352e-01  1.71761214e-04  4.85509167e-01  1.71761214e-04  1.81542548e-06  1.71761214e-04 -8.45466281e-09  1.71761214e-04  6.37411719e-07  1.71761214e-04  0.00000000e+00  1.71761214e-04  1.20000000e+00 
 1.71861214e-04  3.81549458e-01  1.71861214e-04  4.85708103e-01  1.71861214e-04  1.81763265e-06  1.71861214e-04  9.18837395e-09  1.71861214e-04  3.94893027e-07  1.71861214e-04  0.00000000e+00  1.71861214e-04  1.20000000e+00 
 1.71961214e-04  3.76873414e-01  1.71961214e-04  4.85511035e-01  1.71961214e-04  1.81543259e-06  1.71961214e-04 -8.46479724e-09  1.71961214e-04  6.36438156e-07  1.71961214e-04  0.00000000e+00  1.71961214e-04  1.20000000e+00 
 1.72061214e-04  3.72199623e-01  1.72061214e-04  4.85705748e-01  1.72061214e-04  1.81762561e-06  1.72061214e-04  9.19894289e-09  1.72061214e-04  3.94758009e-07  1.72061214e-04  0.00000000e+00  1.72061214e-04  1.20000000e+00 
 1.72161214e-04  3.67528916e-01  1.72161214e-04  4.85513077e-01  1.72161214e-04  1.81543957e-06  1.72161214e-04 -8.47556985e-09  1.72161214e-04  6.35416101e-07  1.72161214e-04  0.00000000e+00  1.72161214e-04  1.20000000e+00 
 1.72261214e-04  3.62860956e-01  1.72261214e-04  4.85703084e-01  1.72261214e-04  1.81761870e-06  1.72261214e-04  9.21020948e-09  1.72261214e-04  3.94512432e-07  1.72261214e-04  0.00000000e+00  1.72261214e-04  1.20000000e+00 
 1.72361214e-04  3.58196385e-01  1.72361214e-04  4.85515324e-01  1.72361214e-04  1.81544642e-06  1.72361214e-04 -8.48710536e-09  1.72361214e-04  6.34328906e-07  1.72361214e-04  0.00000000e+00  1.72361214e-04  1.20000000e+00 
 1.72461214e-04  3.53535169e-01  1.72461214e-04  4.85700056e-01  1.72461214e-04  1.81761192e-06  1.72461214e-04  9.22231153e-09  1.72461214e-04  3.94132117e-07  1.72461214e-04  0.00000000e+00  1.72461214e-04  1.20000000e+00 
 1.72561214e-04  3.48877733e-01  1.72561214e-04  4.85517812e-01  1.72561214e-04  1.81545313e-06  1.72561214e-04 -8.49955444e-09  1.72561214e-04  6.33157439e-07  1.72561214e-04  0.00000000e+00  1.72561214e-04  1.20000000e+00 
 1.72661214e-04  3.44224381e-01  1.72661214e-04  4.85696610e-01  1.72661214e-04  1.81760530e-06  1.72661214e-04  9.23541223e-09  1.72661214e-04  3.93589980e-07  1.72661214e-04  0.00000000e+00  1.72661214e-04  1.20000000e+00 
 1.72761214e-04  3.39575297e-01  1.72761214e-04  4.85520573e-01  1.72761214e-04  1.81545969e-06  1.72761214e-04 -8.51309228e-09  1.72761214e-04  6.31880382e-07  1.72761214e-04  0.00000000e+00  1.72761214e-04  1.20000000e+00 
 1.72861214e-04  3.34931165e-01  1.72861214e-04  4.85692691e-01  1.72861214e-04  1.81759883e-06  1.72861214e-04  9.24969812e-09  1.72861214e-04  3.92856575e-07  1.72861214e-04  0.00000000e+00  1.72861214e-04  1.20000000e+00 
 1.72961214e-04  3.30291888e-01  1.72961214e-04  4.85523642e-01  1.72961214e-04  1.81546607e-06  1.72961214e-04 -8.52791641e-09  1.72961214e-04  6.30474788e-07  1.72961214e-04  0.00000000e+00  1.72961214e-04  1.20000000e+00 
 1.73061214e-04  3.25658573e-01  1.73061214e-04  4.85688243e-01  1.73061214e-04  1.81759254e-06  1.73061214e-04  9.26537679e-09  1.73061214e-04  3.91900952e-07  1.73061214e-04  0.00000000e+00  1.73061214e-04  1.20000000e+00 
 1.73161214e-04  3.21030807e-01  1.73161214e-04  4.85527058e-01  1.73161214e-04  1.81547228e-06  1.73161214e-04 -8.54424441e-09  1.73161214e-04  6.28916981e-07  1.73161214e-04  0.00000000e+00  1.73161214e-04  1.20000000e+00 
 1.73261214e-04  3.16410156e-01  1.73261214e-04  4.85683218e-01  1.73261214e-04  1.81758644e-06  1.73261214e-04  9.28267438e-09  1.73261214e-04  3.90692002e-07  1.73261214e-04  0.00000000e+00  1.73261214e-04  1.20000000e+00 
 1.73361214e-04  3.11795852e-01  1.73361214e-04  4.85530855e-01  1.73361214e-04  1.81547829e-06  1.73361214e-04 -8.56231052e-09  1.73361214e-04  6.27183854e-07  1.73361214e-04  0.00000000e+00  1.73361214e-04  1.20000000e+00 
 1.73461214e-04  3.07189950e-01  1.73461214e-04  4.85677575e-01  1.73461214e-04  1.81758054e-06  1.73461214e-04  9.30183104e-09  1.73461214e-04  3.89200337e-07  1.73461214e-04  0.00000000e+00  1.73461214e-04  1.20000000e+00 
 1.73561214e-04  3.02591284e-01  1.73561214e-04  4.85535070e-01  1.73561214e-04  1.81548409e-06  1.73561214e-04 -8.58236040e-09  1.73561214e-04  6.25254572e-07  1.73561214e-04  0.00000000e+00  1.73561214e-04  1.20000000e+00 
 1.73661214e-04  2.98002425e-01  1.73661214e-04  4.85671284e-01  1.73661214e-04  1.81757487e-06  1.73661214e-04  9.32309453e-09  1.73661214e-04  3.87400677e-07  1.73661214e-04  0.00000000e+00  1.73661214e-04  1.20000000e+00 
 1.73761214e-04  2.93421766e-01  1.73761214e-04  4.85539732e-01  1.73761214e-04  1.81548965e-06  1.73761214e-04 -8.60464276e-09  1.73761214e-04  6.23112493e-07  1.73761214e-04  0.00000000e+00  1.73761214e-04  1.20000000e+00 
 1.73861214e-04  2.88852404e-01  1.73861214e-04  4.85664341e-01  1.73861214e-04  1.81756944e-06  1.73861214e-04  9.34670959e-09  1.73861214e-04  3.85274388e-07  1.73861214e-04  0.00000000e+00  1.73861214e-04  1.20000000e+00 
 1.73961214e-04  2.84292251e-01  1.73961214e-04  4.85544861e-01  1.73961214e-04  1.81549497e-06  1.73961214e-04 -8.62939628e-09  1.73961214e-04  6.20746985e-07  1.73961214e-04  0.00000000e+00  1.73961214e-04  1.20000000e+00 
 1.74061214e-04  2.79744931e-01  1.74061214e-04  4.85656767e-01  1.74061214e-04  1.81756427e-06  1.74061214e-04  9.37290289e-09  1.74061214e-04  3.82811692e-07  1.74061214e-04  0.00000000e+00  1.74061214e-04  1.20000000e+00 
 1.74161214e-04  2.75207844e-01  1.74161214e-04  4.85550458e-01  1.74161214e-04  1.81550002e-06  1.74161214e-04 -8.65683250e-09  1.74161214e-04  6.18154688e-07  1.74161214e-04  0.00000000e+00  1.74161214e-04  1.20000000e+00 
 1.74261214e-04  2.70685124e-01  1.74261214e-04  4.85648617e-01  1.74261214e-04  1.81755937e-06  1.74261214e-04  9.40186425e-09  1.74261214e-04  3.80012944e-07  1.74261214e-04  0.00000000e+00  1.74261214e-04  1.20000000e+00 
 1.74361214e-04  2.66173640e-01  1.74361214e-04  4.85556501e-01  1.74361214e-04  1.81550478e-06  1.74361214e-04 -8.68711558e-09  1.74361214e-04  6.15339873e-07  1.74361214e-04  0.00000000e+00  1.74361214e-04  1.20000000e+00 
 1.74461214e-04  2.61678011e-01  1.74461214e-04  4.85639982e-01  1.74461214e-04  1.81755477e-06  1.74461214e-04  9.43372608e-09  1.74461214e-04  3.76888594e-07  1.74461214e-04  0.00000000e+00  1.74461214e-04  1.20000000e+00 
 1.74561214e-04  2.57194569e-01  1.74561214e-04  4.85562939e-01  1.74561214e-04  1.81550924e-06  1.74561214e-04 -8.72034213e-09  1.74561214e-04  6.12313750e-07  1.74561214e-04  0.00000000e+00  1.74561214e-04  1.20000000e+00 
 1.74661214e-04  2.52728381e-01  1.74661214e-04  4.85630978e-01  1.74661214e-04  1.81755047e-06  1.74661214e-04  9.46854458e-09  1.74661214e-04  3.73457815e-07  1.74661214e-04  0.00000000e+00  1.74661214e-04  1.20000000e+00 
 1.74761214e-04  2.48275259e-01  1.74761214e-04  4.85569699e-01  1.74761214e-04  1.81551340e-06  1.74761214e-04 -8.75652456e-09  1.74761214e-04  6.09092870e-07  1.74761214e-04  0.00000000e+00  1.74761214e-04  1.20000000e+00 
 1.74861214e-04  2.43840671e-01  1.74861214e-04  4.85621744e-01  1.74861214e-04  1.81754648e-06  1.74861214e-04  9.50628633e-09  1.74861214e-04  3.69746116e-07  1.74861214e-04  0.00000000e+00  1.74861214e-04  1.20000000e+00 
 1.74930612e-04  2.40770648e-01  1.74930612e-04  4.85578316e-01  1.74930612e-04  1.81551805e-06  1.74930612e-04 -8.80446742e-09  1.74930612e-04  6.06292639e-07  1.74930612e-04  0.00000000e+00  1.74930612e-04  1.20000000e+00 
 1.75000010e-04  2.37711414e-01  1.75000010e-04  4.85609717e-01  1.75000010e-04  1.81754127e-06  1.75000010e-04  9.56508747e-09  1.75000010e-04  3.66845983e-07  1.75000010e-04  0.00000000e+00  1.75000010e-04  1.20000000e+00 
 1.75000011e-04  2.37676432e-01  1.75000011e-04  4.80361653e-01  1.75000011e-04  2.82844903e-06  1.75000011e-04  7.86468749e-06  1.75000011e-04 -1.85921000e-04  1.75000011e-04  0.00000000e+00  1.75000011e-04  1.08000000e+00 
 1.75000013e-04  2.37598784e-01  1.75000013e-04  4.66818976e-01  1.75000013e-04  3.24370935e-06  1.75000013e-04  1.23889420e-05  1.75000013e-04 -2.61401452e-04  1.75000013e-04  0.00000000e+00  1.75000013e-04  8.40000000e-01 
 1.75000016e-04  2.37484999e-01  1.75000016e-04  4.43529004e-01  1.75000016e-04  2.72854663e-06  1.75000016e-04  7.40282628e-06  1.75000016e-04 -1.84146623e-04  1.75000016e-04  0.00000000e+00  1.75000016e-04  4.20000001e-01 
 1.75000020e-04  2.37419630e-01  1.75000020e-04  4.26246664e-01  1.75000020e-04  2.90221559e-06  1.75000020e-04  7.26614441e-06  1.75000020e-04 -1.91315393e-04  1.75000020e-04  0.00000000e+00  1.75000020e-04  3.16866000e-09 
 1.75000021e-04  2.37418446e-01  1.75000021e-04  4.26609121e-01  1.75000021e-04  2.09516389e-06  1.75000021e-04 -2.17801489e-07  1.75000021e-04 -3.09819397e-05  1.75000021e-04  0.00000000e+00  1.75000021e-04  0.00000000e+00 
 1.75000022e-04  2.37417845e-01  1.75000022e-04  4.27936347e-01  1.75000022e-04  1.90205823e-06  1.75000022e-04 -1.59646630e-06  1.75000022e-04  1.46787745e-06  1.75000022e-04  0.00000000e+00  1.75000022e-04  0.00000000e+00 
 1.75000025e-04  2.37417336e-01  1.75000025e-04  4.30147135e-01  1.75000025e-04  2.10400401e-06  1.75000025e-04  1.51015616e-07  1.75000025e-04 -2.29041729e-05  1.75000025e-04  0.00000000e+00  1.75000025e-04  0.00000000e+00 
 1.75000030e-04  2.37416435e-01  1.75000030e-04  4.32922341e-01  1.75000030e-04  1.92249694e-06  1.75000030e-04 -8.45019764e-07  1.75000030e-04  4.23576418e-06  1.75000030e-04  0.00000000e+00  1.75000030e-04  0.00000000e+00 
 1.75000040e-04  2.37416077e-01  1.75000040e-04  4.35627905e-01  1.75000040e-04  2.00876705e-06  1.75000040e-04  7.48423393e-07  1.75000040e-04 -1.62717580e-05  1.75000040e-04  0.00000000e+00  1.75000040e-04  0.00000000e+00 
 1.75000062e-04  2.37416242e-01  1.75000062e-04  4.37615703e-01  1.75000062e-04  1.79106592e-06  1.75000062e-04 -5.38370696e-07  1.75000062e-04  1.00308632e-05  1.75000062e-04  0.00000000e+00  1.75000062e-04  0.00000000e+00 
 1.75000104e-04  2.37417278e-01  1.75000104e-04  4.40093873e-01  1.75000104e-04  1.88582608e-06  1.75000104e-04  7.48735435e-07  1.75000104e-04 -1.14259408e-05  1.75000104e-04  0.00000000e+00  1.75000104e-04  0.00000000e+00 
 1.75000187e-04  2.37418965e-01  1.75000187e-04  4.43592447e-01  1.75000187e-04  1.73779965e-06  1.75000187e-04 -5.16649005e-07  1.75000187e-04  1.14038054e-05  1.75000187e-04  0.00000000e+00  1.75000187e-04  0.00000000e+00 
 1.75000302e-04  2.37421121e-01  1.75000302e-04  4.47474080e-01  1.75000302e-04  1.87639793e-06  1.75000302e-04  7.67641591e-07  1.75000302e-04 -1.14360390e-05  1.75000302e-04  0.00000000e+00  1.75000302e-04  0.00000000e+00 
 1.75000533e-04  2.37424229e-01  1.75000533e-04  4.53145177e-01  1.75000533e-04  1.73652562e-06  1.75000533e-04 -5.35966342e-07  1.75000533e-04  1.14117458e-05  1.75000533e-04  0.00000000e+00  1.75000533e-04  0.00000000e+00 
 1.75000994e-04  2.37427915e-01  1.75000994e-04  4.60359418e-01  1.75000994e-04  1.88162700e-06  1.75000994e-04  6.97349254e-07  1.75000994e-04 -1.14126754e-05  1.75000994e-04  0.00000000e+00  1.75000994e-04  0.00000000e+00 
 1.75001915e-04  2.37430561e-01  1.75001915e-04  4.67190735e-01  1.75001915e-04  1.74379235e-06  1.75001915e-04 -6.39063383e-07  1.75001915e-04  1.14230085e-05  1.75001915e-04  0.00000000e+00  1.75001915e-04  0.00000000e+00 
 1.75003759e-04  2.37435828e-01  1.75003759e-04  4.73022979e-01  1.75003759e-04  1.88621021e-06  1.75003759e-04  6.13639746e-07  1.75003759e-04 -1.14052607e-05  1.75003759e-04  0.00000000e+00  1.75003759e-04  0.00000000e+00 
 1.75007446e-04  2.37450597e-01  1.75007446e-04  4.79103631e-01  1.75007446e-04  1.74553380e-06  1.75007446e-04 -6.55589793e-07  1.75007446e-04  1.14199867e-05  1.75007446e-04  0.00000000e+00  1.75007446e-04  0.00000000e+00 
 1.75014819e-04  2.37472776e-01  1.75014819e-04  4.84332459e-01  1.75014819e-04  1.88720254e-06  1.75014819e-04  6.34864386e-07  1.75014819e-04 -1.14063986e-05  1.75014819e-04  0.00000000e+00  1.75014819e-04  0.00000000e+00 
 1.75029567e-04  2.37496464e-01  1.75029567e-04  4.85716134e-01  1.75029567e-04  1.74594134e-06  1.75029567e-04 -6.37625872e-07  1.75029567e-04  1.14197041e-05  1.75029567e-04  0.00000000e+00  1.75029567e-04  0.00000000e+00 
 1.75059062e-04  2.37506494e-01  1.75059062e-04  4.85595633e-01  1.75059062e-04  1.88712860e-06  1.75059062e-04  6.38704429e-07  1.75059062e-04 -1.14062694e-05  1.75059062e-04  0.00000000e+00  1.75059062e-04  0.00000000e+00 
 1.75118053e-04  2.37481751e-01  1.75118053e-04  4.85614420e-01  1.75118053e-04  1.74593066e-06  1.75118053e-04 -6.38085190e-07  1.75118053e-04  1.14196409e-05  1.75118053e-04  0.00000000e+00  1.75118053e-04  0.00000000e+00 
 1.75218053e-04  2.37425585e-01  1.75218053e-04  4.85625512e-01  1.75218053e-04  1.88713186e-06  1.75218053e-04  6.38869711e-07  1.75218053e-04 -1.14062365e-05  1.75218053e-04  0.00000000e+00  1.75218053e-04  0.00000000e+00 
 1.75318053e-04  2.37370727e-01  1.75318053e-04  4.85598382e-01  1.75318053e-04  1.74592901e-06  1.75318053e-04 -6.38186581e-07  1.75318053e-04  1.14196151e-05  1.75318053e-04  0.00000000e+00  1.75318053e-04  0.00000000e+00 
 1.75418053e-04  2.37315657e-01  1.75418053e-04  4.85638227e-01  1.75418053e-04  1.88713305e-06  1.75418053e-04  6.38959054e-07  1.75418053e-04 -1.14062125e-05  1.75418053e-04  0.00000000e+00  1.75418053e-04  0.00000000e+00 
 1.75518053e-04  2.37260398e-01  1.75518053e-04  4.85588348e-01  1.75518053e-04  1.74592821e-06  1.75518053e-04 -6.38265919e-07  1.75518053e-04  1.14195893e-05  1.75518053e-04  0.00000000e+00  1.75518053e-04  0.00000000e+00 
 1.75618053e-04  2.37205491e-01  1.75618053e-04  4.85646120e-01  1.75618053e-04  1.88713354e-06  1.75618053e-04  6.39030048e-07  1.75618053e-04 -1.14061885e-05  1.75618053e-04  0.00000000e+00  1.75618053e-04  0.00000000e+00 
 1.75718053e-04  2.37150181e-01  1.75718053e-04  4.85582180e-01  1.75718053e-04  1.74592799e-06  1.75718053e-04 -6.38329913e-07  1.75718053e-04  1.14195635e-05  1.75718053e-04  0.00000000e+00  1.75718053e-04  0.00000000e+00 
 1.75818053e-04  2.37095305e-01  1.75818053e-04  4.85650906e-01  1.75818053e-04  1.88713353e-06  1.75818053e-04  6.39088137e-07  1.75818053e-04 -1.14061644e-05  1.75818053e-04  0.00000000e+00  1.75818053e-04  0.00000000e+00 
 1.75918053e-04  2.37039994e-01  1.75918053e-04  4.85578508e-01  1.75918053e-04  1.74592818e-06  1.75918053e-04 -6.38382986e-07  1.75918053e-04  1.14195376e-05  1.75918053e-04  0.00000000e+00  1.75918053e-04  0.00000000e+00 
 1.76018053e-04  2.36985131e-01  1.76018053e-04  4.85653687e-01  1.76018053e-04  1.88713319e-06  1.76018053e-04  6.39136926e-07  1.76018053e-04 -1.14061402e-05  1.76018053e-04  0.00000000e+00  1.76018053e-04  0.00000000e+00 
 1.76118053e-04  2.36929827e-01  1.76118053e-04  4.85576444e-01  1.76118053e-04  1.74592864e-06  1.76118053e-04 -6.38428085e-07  1.76118053e-04  1.14195117e-05  1.76118053e-04  0.00000000e+00  1.76118053e-04  0.00000000e+00 
 1.76218053e-04  2.36874972e-01  1.76218053e-04  4.85655176e-01  1.76218053e-04  1.88713264e-06  1.76218053e-04  6.39178828e-07  1.76218053e-04 -1.14061160e-05  1.76218053e-04  0.00000000e+00  1.76218053e-04  0.00000000e+00 
 1.76318053e-04  2.36819677e-01  1.76318053e-04  4.85575417e-01  1.76318053e-04  1.74592927e-06  1.76318053e-04 -6.38467193e-07  1.76318053e-04  1.14194857e-05  1.76318053e-04  0.00000000e+00  1.76318053e-04  0.00000000e+00 
 1.76418053e-04  2.36764829e-01  1.76418053e-04  4.85655835e-01  1.76418053e-04  1.88713194e-06  1.76418053e-04  6.39215478e-07  1.76418053e-04 -1.14060918e-05  1.76418053e-04  0.00000000e+00  1.76418053e-04  0.00000000e+00 
 1.76518053e-04  2.36709544e-01  1.76518053e-04  4.85575053e-01  1.76518053e-04  1.74593001e-06  1.76518053e-04 -6.38501661e-07  1.76518053e-04  1.14194597e-05  1.76518053e-04  0.00000000e+00  1.76518053e-04  0.00000000e+00 
 1.76618053e-04  2.36654702e-01  1.76618053e-04  4.85655963e-01  1.76618053e-04  1.88713117e-06  1.76618053e-04  6.39248000e-07  1.76618053e-04 -1.14060675e-05  1.76618053e-04  0.00000000e+00  1.76618053e-04  0.00000000e+00 
 1.76718053e-04  2.36599427e-01  1.76718053e-04  4.85575113e-01  1.76718053e-04  1.74593081e-06  1.76718053e-04 -6.38532428e-07  1.76718053e-04  1.14194336e-05  1.76718053e-04  0.00000000e+00  1.76718053e-04  0.00000000e+00 
 1.76818053e-04  2.36544592e-01  1.76818053e-04  4.85655756e-01  1.76818053e-04  1.88713035e-06  1.76818053e-04  6.39277178e-07  1.76818053e-04 -1.14060432e-05  1.76818053e-04  0.00000000e+00  1.76818053e-04  0.00000000e+00 
 1.76918053e-04  2.36489328e-01  1.76918053e-04  4.85575437e-01  1.76918053e-04  1.74593165e-06  1.76918053e-04 -6.38560155e-07  1.76918053e-04  1.14194075e-05  1.76918053e-04  0.00000000e+00  1.76918053e-04  0.00000000e+00 
 1.77018053e-04  2.36434498e-01  1.77018053e-04  4.85655340e-01  1.77018053e-04  1.88712951e-06  1.77018053e-04  6.39303575e-07  1.77018053e-04 -1.14060188e-05  1.77018053e-04  0.00000000e+00  1.77018053e-04  0.00000000e+00 
 1.77118053e-04  2.36379245e-01  1.77118053e-04  4.85575924e-01  1.77118053e-04  1.74593249e-06  1.77118053e-04 -6.38585320e-07  1.77118053e-04  1.14193813e-05  1.77118053e-04  0.00000000e+00  1.77118053e-04  0.00000000e+00 
 1.77218053e-04  2.36324421e-01  1.77218053e-04  4.85654798e-01  1.77218053e-04  1.88712866e-06  1.77218053e-04  6.39327600e-07  1.77218053e-04 -1.14059943e-05  1.77218053e-04  0.00000000e+00  1.77218053e-04  0.00000000e+00 
 1.77318053e-04  2.36269179e-01  1.77318053e-04  4.85576506e-01  1.77318053e-04  1.74593333e-06  1.77318053e-04 -6.38608278e-07  1.77318053e-04  1.14193550e-05  1.77318053e-04  0.00000000e+00  1.77318053e-04  0.00000000e+00 
 1.77418053e-04  2.36214361e-01  1.77418053e-04  4.85654185e-01  1.77418053e-04  1.88712783e-06  1.77418053e-04  6.39349561e-07  1.77418053e-04 -1.14059698e-05  1.77418053e-04  0.00000000e+00  1.77418053e-04  0.00000000e+00 
 1.77518053e-04  2.36159130e-01  1.77518053e-04  4.85577140e-01  1.77518053e-04  1.74593416e-06  1.77518053e-04 -6.38629299e-07  1.77518053e-04  1.14193287e-05  1.77518053e-04  0.00000000e+00  1.77518053e-04  0.00000000e+00 
 1.77618053e-04  2.36104317e-01  1.77618053e-04  4.85653536e-01  1.77618053e-04  1.88712701e-06  1.77618053e-04  6.39369696e-07  1.77618053e-04 -1.14059452e-05  1.77618053e-04  0.00000000e+00  1.77618053e-04  0.00000000e+00 
 1.77718053e-04  2.36049097e-01  1.77718053e-04  4.85577798e-01  1.77718053e-04  1.74593497e-06  1.77718053e-04 -6.38648593e-07  1.77718053e-04  1.14193024e-05  1.77718053e-04  0.00000000e+00  1.77718053e-04  0.00000000e+00 
 1.77818053e-04  2.35994290e-01  1.77818053e-04  4.85652874e-01  1.77818053e-04  1.88712621e-06  1.77818053e-04  6.39388194e-07  1.77818053e-04 -1.14059206e-05  1.77818053e-04  0.00000000e+00  1.77818053e-04  0.00000000e+00 
 1.77918053e-04  2.35939081e-01  1.77918053e-04  4.85578461e-01  1.77918053e-04  1.74593576e-06  1.77918053e-04 -6.38666331e-07  1.77918053e-04  1.14192759e-05  1.77918053e-04  0.00000000e+00  1.77918053e-04  0.00000000e+00 
 1.78018053e-04  2.35884279e-01  1.78018053e-04  4.85652213e-01  1.78018053e-04  1.88712544e-06  1.78018053e-04  6.39405209e-07  1.78018053e-04 -1.14058959e-05  1.78018053e-04  0.00000000e+00  1.78018053e-04  0.00000000e+00 
 1.78118053e-04  2.35829082e-01  1.78118053e-04  4.85579118e-01  1.78118053e-04  1.74593652e-06  1.78118053e-04 -6.38682652e-07  1.78118053e-04  1.14192495e-05  1.78118053e-04  0.00000000e+00  1.78118053e-04  0.00000000e+00 
 1.78218053e-04  2.35774285e-01  1.78218053e-04  4.85651562e-01  1.78218053e-04  1.88712468e-06  1.78218053e-04  6.39420869e-07  1.78218053e-04 -1.14058712e-05  1.78218053e-04  0.00000000e+00  1.78218053e-04  0.00000000e+00 
 1.78318053e-04  2.35719099e-01  1.78318053e-04  4.85579760e-01  1.78318053e-04  1.74593726e-06  1.78318053e-04 -6.38697676e-07  1.78318053e-04  1.14192229e-05  1.78318053e-04  0.00000000e+00  1.78318053e-04  0.00000000e+00 
 1.78418053e-04  2.35664308e-01  1.78418053e-04  4.85650928e-01  1.78418053e-04  1.88712396e-06  1.78418053e-04  6.39435286e-07  1.78418053e-04 -1.14058464e-05  1.78418053e-04  0.00000000e+00  1.78418053e-04  0.00000000e+00 
 1.78518053e-04  2.35609133e-01  1.78518053e-04  4.85580384e-01  1.78518053e-04  1.74593797e-06  1.78518053e-04 -6.38711506e-07  1.78518053e-04  1.14191964e-05  1.78518053e-04  0.00000000e+00  1.78518053e-04  0.00000000e+00 
 1.78618053e-04  2.35554347e-01  1.78618053e-04  4.85650314e-01  1.78618053e-04  1.88712326e-06  1.78618053e-04  6.39448553e-07  1.78618053e-04 -1.14058216e-05  1.78618053e-04  0.00000000e+00  1.78618053e-04  0.00000000e+00 
 1.78718053e-04  2.35499184e-01  1.78718053e-04  4.85580988e-01  1.78718053e-04  1.74593866e-06  1.78718053e-04 -6.38724230e-07  1.78718053e-04  1.14191697e-05  1.78718053e-04  0.00000000e+00  1.78718053e-04  0.00000000e+00 
 1.78818053e-04  2.35444403e-01  1.78818053e-04  4.85649722e-01  1.78818053e-04  1.88712258e-06  1.78818053e-04  6.39460757e-07  1.78818053e-04 -1.14057967e-05  1.78818053e-04  0.00000000e+00  1.78818053e-04  0.00000000e+00 
 1.78918053e-04  2.35389251e-01  1.78918053e-04  4.85581568e-01  1.78918053e-04  1.74593932e-06  1.78918053e-04 -6.38735930e-07  1.78918053e-04  1.14191430e-05  1.78918053e-04  0.00000000e+00  1.78918053e-04  0.00000000e+00 
 1.79018053e-04  2.35334476e-01  1.79018053e-04  4.85649153e-01  1.79018053e-04  1.88712193e-06  1.79018053e-04  6.39471973e-07  1.79018053e-04 -1.14057717e-05  1.79018053e-04  0.00000000e+00  1.79018053e-04  0.00000000e+00 
 1.79118053e-04  2.35279335e-01  1.79118053e-04  4.85582126e-01  1.79118053e-04  1.74593997e-06  1.79118053e-04 -6.38746677e-07  1.79118053e-04  1.14191163e-05  1.79118053e-04  0.00000000e+00  1.79118053e-04  0.00000000e+00 
 1.79218053e-04  2.35224565e-01  1.79218053e-04  4.85648607e-01  1.79218053e-04  1.88712130e-06  1.79218053e-04  6.39482270e-07  1.79218053e-04 -1.14057467e-05  1.79218053e-04  0.00000000e+00  1.79218053e-04  0.00000000e+00 
 1.79318053e-04  2.35169435e-01  1.79318053e-04  4.85582660e-01  1.79318053e-04  1.74594058e-06  1.79318053e-04 -6.38756536e-07  1.79318053e-04  1.14190895e-05  1.79318053e-04  0.00000000e+00  1.79318053e-04  0.00000000e+00 
 1.79418053e-04  2.35114671e-01  1.79418053e-04  4.85648084e-01  1.79418053e-04  1.88712069e-06  1.79418053e-04  6.39491709e-07  1.79418053e-04 -1.14057216e-05  1.79418053e-04  0.00000000e+00  1.79418053e-04  0.00000000e+00 
 1.79518053e-04  2.35059552e-01  1.79518053e-04  4.85583171e-01  1.79518053e-04  1.74594118e-06  1.79518053e-04 -6.38765568e-07  1.79518053e-04  1.14190626e-05  1.79518053e-04  0.00000000e+00  1.79518053e-04  0.00000000e+00 
 1.79618053e-04  2.35004793e-01  1.79618053e-04  4.85647584e-01  1.79618053e-04  1.88712010e-06  1.79618053e-04  6.39500349e-07  1.79618053e-04 -1.14056965e-05  1.79618053e-04  0.00000000e+00  1.79618053e-04  0.00000000e+00 
 1.79718053e-04  2.34949686e-01  1.79718053e-04  4.85583660e-01  1.79718053e-04  1.74594176e-06  1.79718053e-04 -6.38773827e-07  1.79718053e-04  1.14190357e-05  1.79718053e-04  0.00000000e+00  1.79718053e-04  0.00000000e+00 
 1.79818053e-04  2.34894932e-01  1.79818053e-04  4.85647106e-01  1.79818053e-04  1.88711953e-06  1.79818053e-04  6.39508242e-07  1.79818053e-04 -1.14056714e-05  1.79818053e-04  0.00000000e+00  1.79818053e-04  0.00000000e+00 
 1.79918053e-04  2.34839836e-01  1.79918053e-04  4.85584126e-01  1.79918053e-04  1.74594232e-06  1.79918053e-04 -6.38781363e-07  1.79918053e-04  1.14190088e-05  1.79918053e-04  0.00000000e+00  1.79918053e-04  0.00000000e+00 
 1.80018053e-04  2.34785088e-01  1.80018053e-04  4.85646650e-01  1.80018053e-04  1.88711899e-06  1.80018053e-04  6.39515436e-07  1.80018053e-04 -1.14056462e-05  1.80018053e-04  0.00000000e+00  1.80018053e-04  0.00000000e+00 
 1.80118053e-04  2.34730003e-01  1.80118053e-04  4.85584572e-01  1.80118053e-04  1.74594285e-06  1.80118053e-04 -6.38788223e-07  1.80118053e-04  1.14189818e-05  1.80118053e-04  0.00000000e+00  1.80118053e-04  0.00000000e+00 
 1.80218053e-04  2.34675260e-01  1.80218053e-04  4.85646215e-01  1.80218053e-04  1.88711846e-06  1.80218053e-04  6.39521977e-07  1.80218053e-04 -1.14056209e-05  1.80218053e-04  0.00000000e+00  1.80218053e-04  0.00000000e+00 
 1.80318053e-04  2.34620187e-01  1.80318053e-04  4.85584997e-01  1.80318053e-04  1.74594337e-06  1.80318053e-04 -6.38794451e-07  1.80318053e-04  1.14189547e-05  1.80318053e-04  0.00000000e+00  1.80318053e-04  0.00000000e+00 
 1.80418053e-04  2.34565450e-01  1.80418053e-04  4.85645800e-01  1.80418053e-04  1.88711795e-06  1.80418053e-04  6.39527904e-07  1.80418053e-04 -1.14055956e-05  1.80418053e-04  0.00000000e+00  1.80418053e-04  0.00000000e+00 
 1.80518053e-04  2.34510387e-01  1.80518053e-04  4.85585402e-01  1.80518053e-04  1.74594388e-06  1.80518053e-04 -6.38800086e-07  1.80518053e-04  1.14189276e-05  1.80518053e-04  0.00000000e+00  1.80518053e-04  0.00000000e+00 
 1.80618053e-04  2.34455655e-01  1.80618053e-04  4.85645404e-01  1.80618053e-04  1.88711745e-06  1.80618053e-04  6.39533259e-07  1.80618053e-04 -1.14055703e-05  1.80618053e-04  0.00000000e+00  1.80618053e-04  0.00000000e+00 
 1.80718053e-04  2.34400604e-01  1.80718053e-04  4.85585788e-01  1.80718053e-04  1.74594437e-06  1.80718053e-04 -6.38805166e-07  1.80718053e-04  1.14189005e-05  1.80718053e-04  0.00000000e+00  1.80718053e-04  0.00000000e+00 
 1.80818053e-04  2.34345878e-01  1.80818053e-04  4.85645027e-01  1.80818053e-04  1.88711697e-06  1.80818053e-04  6.39538075e-07  1.80818053e-04 -1.14055449e-05  1.80818053e-04  0.00000000e+00  1.80818053e-04  0.00000000e+00 
 1.80918053e-04  2.34290837e-01  1.80918053e-04  4.85586156e-01  1.80918053e-04  1.74594484e-06  1.80918053e-04 -6.38809725e-07  1.80918053e-04  1.14188733e-05  1.80918053e-04  0.00000000e+00  1.80918053e-04  0.00000000e+00 
 1.81018053e-04  2.34236117e-01  1.81018053e-04  4.85644668e-01  1.81018053e-04  1.88711651e-06  1.81018053e-04  6.39542388e-07  1.81018053e-04 -1.14055194e-05  1.81018053e-04  0.00000000e+00  1.81018053e-04  0.00000000e+00 
 1.81118053e-04  2.34181087e-01  1.81118053e-04  4.85586506e-01  1.81118053e-04  1.74594530e-06  1.81118053e-04 -6.38813796e-07  1.81118053e-04  1.14188461e-05  1.81118053e-04  0.00000000e+00  1.81118053e-04  0.00000000e+00 
 1.81218053e-04  2.34126372e-01  1.81218053e-04  4.85644325e-01  1.81218053e-04  1.88711606e-06  1.81218053e-04  6.39546227e-07  1.81218053e-04 -1.14054940e-05  1.81218053e-04  0.00000000e+00  1.81218053e-04  0.00000000e+00 
 1.81318053e-04  2.34071353e-01  1.81318053e-04  4.85586840e-01  1.81318053e-04  1.74594574e-06  1.81318053e-04 -6.38817408e-07  1.81318053e-04  1.14188189e-05  1.81318053e-04  0.00000000e+00  1.81318053e-04  0.00000000e+00 
 1.81418053e-04  2.34016645e-01  1.81418053e-04  4.85644000e-01  1.81418053e-04  1.88711562e-06  1.81418053e-04  6.39549623e-07  1.81418053e-04 -1.14054685e-05  1.81418053e-04  0.00000000e+00  1.81418053e-04  0.00000000e+00 
 1.81518053e-04  2.33961636e-01  1.81518053e-04  4.85587158e-01  1.81518053e-04  1.74594617e-06  1.81518053e-04 -6.38820591e-07  1.81518053e-04  1.14187916e-05  1.81518053e-04  0.00000000e+00  1.81518053e-04  0.00000000e+00 
 1.81618053e-04  2.33906934e-01  1.81618053e-04  4.85643690e-01  1.81618053e-04  1.88711520e-06  1.81618053e-04  6.39552601e-07  1.81618053e-04 -1.14054429e-05  1.81618053e-04  0.00000000e+00  1.81618053e-04  0.00000000e+00 
 1.81718053e-04  2.33851936e-01  1.81718053e-04  4.85587460e-01  1.81718053e-04  1.74594659e-06  1.81718053e-04 -6.38823370e-07  1.81718053e-04  1.14187643e-05  1.81718053e-04  0.00000000e+00  1.81718053e-04  0.00000000e+00 
 1.81818053e-04  2.33797239e-01  1.81818053e-04  4.85643395e-01  1.81818053e-04  1.88711478e-06  1.81818053e-04  6.39555189e-07  1.81818053e-04 -1.14054173e-05  1.81818053e-04  0.00000000e+00  1.81818053e-04  0.00000000e+00 
 1.81918053e-04  2.33742252e-01  1.81918053e-04  4.85587747e-01  1.81918053e-04  1.74594699e-06  1.81918053e-04 -6.38825770e-07  1.81918053e-04  1.14187369e-05  1.81918053e-04  0.00000000e+00  1.81918053e-04  0.00000000e+00 
 1.82018053e-04  2.33687562e-01  1.82018053e-04  4.85643114e-01  1.82018053e-04  1.88711438e-06  1.82018053e-04  6.39557409e-07  1.82018053e-04 -1.14053917e-05  1.82018053e-04  0.00000000e+00  1.82018053e-04  0.00000000e+00 
 1.82118053e-04  2.33632585e-01  1.82118053e-04  4.85588021e-01  1.82118053e-04  1.74594739e-06  1.82118053e-04 -6.38827813e-07  1.82118053e-04  1.14187095e-05  1.82118053e-04  0.00000000e+00  1.82118053e-04  0.00000000e+00 
 1.82218053e-04  2.33577900e-01  1.82218053e-04  4.85642847e-01  1.82218053e-04  1.88711399e-06  1.82218053e-04  6.39559284e-07  1.82218053e-04 -1.14053661e-05  1.82218053e-04  0.00000000e+00  1.82218053e-04  0.00000000e+00 
 1.82318053e-04  2.33522935e-01  1.82318053e-04  4.85588281e-01  1.82318053e-04  1.74594777e-06  1.82318053e-04 -6.38829522e-07  1.82318053e-04  1.14186821e-05  1.82318053e-04  0.00000000e+00  1.82318053e-04  0.00000000e+00 
 1.82418053e-04  2.33468256e-01  1.82418053e-04  4.85642594e-01  1.82418053e-04  1.88711362e-06  1.82418053e-04  6.39560835e-07  1.82418053e-04 -1.14053404e-05  1.82418053e-04  0.00000000e+00  1.82418053e-04  0.00000000e+00 
 1.82518053e-04  2.33413300e-01  1.82518053e-04  4.85588528e-01  1.82518053e-04  1.74594815e-06  1.82518053e-04 -6.38830916e-07  1.82518053e-04  1.14186546e-05  1.82518053e-04  0.00000000e+00  1.82518053e-04  0.00000000e+00 
 1.82618053e-04  2.33358628e-01  1.82618053e-04  4.85642353e-01  1.82618053e-04  1.88711325e-06  1.82618053e-04  6.39562080e-07  1.82618053e-04 -1.14053147e-05  1.82618053e-04  0.00000000e+00  1.82618053e-04  0.00000000e+00 
 1.82718053e-04  2.33303683e-01  1.82718053e-04  4.85588763e-01  1.82718053e-04  1.74594851e-06  1.82718053e-04 -6.38832015e-07  1.82718053e-04  1.14186271e-05  1.82718053e-04  0.00000000e+00  1.82718053e-04  0.00000000e+00 
 1.82818053e-04  2.33249017e-01  1.82818053e-04  4.85642123e-01  1.82818053e-04  1.88711289e-06  1.82818053e-04  6.39563039e-07  1.82818053e-04 -1.14052889e-05  1.82818053e-04  0.00000000e+00  1.82818053e-04  0.00000000e+00 
 1.82918053e-04  2.33194082e-01  1.82918053e-04  4.85588986e-01  1.82918053e-04  1.74594887e-06  1.82918053e-04 -6.38832836e-07  1.82918053e-04  1.14185996e-05  1.82918053e-04  0.00000000e+00  1.82918053e-04  0.00000000e+00 
 1.83018053e-04  2.33139423e-01  1.83018053e-04  4.85641906e-01  1.83018053e-04  1.88711253e-06  1.83018053e-04  6.39563728e-07  1.83018053e-04 -1.14052632e-05  1.83018053e-04  0.00000000e+00  1.83018053e-04  0.00000000e+00 
 1.83118053e-04  2.33084498e-01  1.83118053e-04  4.85589198e-01  1.83118053e-04  1.74594921e-06  1.83118053e-04 -6.38833395e-07  1.83118053e-04  1.14185720e-05  1.83118053e-04  0.00000000e+00  1.83118053e-04  0.00000000e+00 
 1.83218053e-04  2.33029845e-01  1.83218053e-04  4.85641699e-01  1.83218053e-04  1.88711219e-06  1.83218053e-04  6.39564164e-07  1.83218053e-04 -1.14052373e-05  1.83218053e-04  0.00000000e+00  1.83218053e-04  0.00000000e+00 
 1.83318053e-04  2.32974930e-01  1.83318053e-04  4.85589400e-01  1.83318053e-04  1.74594955e-06  1.83318053e-04 -6.38833708e-07  1.83318053e-04  1.14185445e-05  1.83318053e-04  0.00000000e+00  1.83318053e-04  0.00000000e+00 
 1.83418053e-04  2.32920283e-01  1.83418053e-04  4.85641503e-01  1.83418053e-04  1.88711186e-06  1.83418053e-04  6.39564361e-07  1.83418053e-04 -1.14052115e-05  1.83418053e-04  0.00000000e+00  1.83418053e-04  0.00000000e+00 
 1.83518053e-04  2.32865379e-01  1.83518053e-04  4.85589591e-01  1.83518053e-04  1.74594988e-06  1.83518053e-04 -6.38833790e-07  1.83518053e-04  1.14185168e-05  1.83518053e-04  0.00000000e+00  1.83518053e-04  0.00000000e+00 
 1.83618053e-04  2.32810739e-01  1.83618053e-04  4.85641317e-01  1.83618053e-04  1.88711153e-06  1.83618053e-04  6.39564334e-07  1.83618053e-04 -1.14051856e-05  1.83618053e-04  0.00000000e+00  1.83618053e-04  0.00000000e+00 
 1.83718053e-04  2.32755845e-01  1.83718053e-04  4.85589772e-01  1.83718053e-04  1.74595021e-06  1.83718053e-04 -6.38833654e-07  1.83718053e-04  1.14184892e-05  1.83718053e-04  0.00000000e+00  1.83718053e-04  0.00000000e+00 
 1.83818053e-04  2.32701211e-01  1.83818053e-04  4.85641140e-01  1.83818053e-04  1.88711121e-06  1.83818053e-04  6.39564095e-07  1.83818053e-04 -1.14051598e-05  1.83818053e-04  0.00000000e+00  1.83818053e-04  0.00000000e+00 
 1.83918053e-04  2.32646327e-01  1.83918053e-04  4.85589944e-01  1.83918053e-04  1.74595052e-06  1.83918053e-04 -6.38833314e-07  1.83918053e-04  1.14184615e-05  1.83918053e-04  0.00000000e+00  1.83918053e-04  0.00000000e+00 
 1.84018053e-04  2.32591699e-01  1.84018053e-04  4.85640972e-01  1.84018053e-04  1.88711090e-06  1.84018053e-04  6.39563658e-07  1.84018053e-04 -1.14051338e-05  1.84018053e-04  0.00000000e+00  1.84018053e-04  0.00000000e+00 
 1.84118053e-04  2.32536825e-01  1.84118053e-04  4.85590108e-01  1.84118053e-04  1.74595083e-06  1.84118053e-04 -6.38832780e-07  1.84118053e-04  1.14184338e-05  1.84118053e-04  0.00000000e+00  1.84118053e-04  0.00000000e+00 
 1.84218053e-04  2.32482205e-01  1.84218053e-04  4.85640813e-01  1.84218053e-04  1.88711059e-06  1.84218053e-04  6.39563034e-07  1.84218053e-04 -1.14051079e-05  1.84218053e-04  0.00000000e+00  1.84218053e-04  0.00000000e+00 
 1.84318053e-04  2.32427340e-01  1.84318053e-04  4.85590263e-01  1.84318053e-04  1.74595114e-06  1.84318053e-04 -6.38832065e-07  1.84318053e-04  1.14184061e-05  1.84318053e-04  0.00000000e+00  1.84318053e-04  0.00000000e+00 
 1.84418053e-04  2.32372727e-01  1.84418053e-04  4.85640662e-01  1.84418053e-04  1.88711029e-06  1.84418053e-04  6.39562233e-07  1.84418053e-04 -1.14050819e-05  1.84418053e-04  0.00000000e+00  1.84418053e-04  0.00000000e+00 
 1.84518053e-04  2.32317872e-01  1.84518053e-04  4.85590409e-01  1.84518053e-04  1.74595144e-06  1.84518053e-04 -6.38831179e-07  1.84518053e-04  1.14183784e-05  1.84518053e-04  0.00000000e+00  1.84518053e-04  0.00000000e+00 
 1.84618053e-04  2.32263265e-01  1.84618053e-04  4.85640519e-01  1.84618053e-04  1.88710999e-06  1.84618053e-04  6.39561267e-07  1.84618053e-04 -1.14050559e-05  1.84618053e-04  0.00000000e+00  1.84618053e-04  0.00000000e+00 
 1.84718053e-04  2.32208420e-01  1.84718053e-04  4.85590549e-01  1.84718053e-04  1.74595173e-06  1.84718053e-04 -6.38830132e-07  1.84718053e-04  1.14183506e-05  1.84718053e-04  0.00000000e+00  1.84718053e-04  0.00000000e+00 
 1.84818053e-04  2.32153820e-01  1.84818053e-04  4.85640384e-01  1.84818053e-04  1.88710970e-06  1.84818053e-04  6.39560144e-07  1.84818053e-04 -1.14050299e-05  1.84818053e-04  0.00000000e+00  1.84818053e-04  0.00000000e+00 
 1.84909026e-04  2.32103924e-01  1.84909026e-04  4.85590687e-01  1.84909026e-04  1.74595203e-06  1.84909026e-04 -6.38828870e-07  1.84909026e-04  1.14183215e-05  1.84909026e-04  0.00000000e+00  1.84909026e-04  0.00000000e+00 
 1.85000000e-04  2.32054269e-01  1.85000000e-04  4.85640243e-01  1.85000000e-04  1.88710939e-06  1.85000000e-04  6.39558741e-07  1.85000000e-04 -1.14050011e-05  1.85000000e-04  0.00000000e+00  1.85000000e-04  0.00000000e+00 
 1.85000001e-04  2.32057281e-01  1.85000001e-04  4.86515978e-01  1.85000001e-04  1.61427824e-06  1.85000001e-04  2.71038453e-06  1.85000001e-04 -1.03894939e-06  1.85000001e-04  1.20000000e-01  1.85000001e-04  0.00000000e+00 
 1.85000003e-04  2.32063664e-01  1.85000003e-04  4.88285633e-01  1.85000003e-04  1.59727515e-06  1.85000003e-04  2.62579622e-06  1.85000003e-04 -2.98846764e-07  1.85000003e-04  3.59999999e-01  1.85000003e-04  0.00000000e+00 
 1.85000006e-04  2.32073980e-01  1.85000006e-04  4.90962635e-01  1.85000006e-04  1.66300542e-06  1.85000006e-04  8.40704334e-07  1.85000006e-04 -7.93677457e-07  1.85000006e-04  7.79999997e-01  1.85000006e-04  0.00000000e+00 
 1.85000010e-04  2.32081382e-01  1.85000010e-04  4.92689792e-01  1.85000010e-04  1.71925293e-06  1.85000010e-04 -6.17954550e-07  1.85000010e-04  6.54209113e-08  1.85000010e-04  1.20000000e+00  1.85000010e-04  0.00000000e+00 
 1.85000011e-04  2.32080993e-01  1.85000011e-04  4.92471760e-01  1.85000011e-04  1.87326663e-06  1.85000011e-04 -2.93476487e-06  1.85000011e-04  2.37211035e-07  1.85000011e-04  1.20000000e+00  1.85000011e-04  0.00000000e+00 
 1.85000012e-04  2.32080006e-01  1.85000012e-04  4.92034940e-01  1.85000012e-04  1.88702764e-06  1.85000012e-04 -3.21896538e-06  1.85000012e-04  2.61233978e-07  1.85000012e-04  1.20000000e+00  1.85000012e-04  0.00000000e+00 
 1.85000015e-04  2.32077956e-01  1.85000015e-04  4.91257100e-01  1.85000015e-04  1.86117847e-06  1.85000015e-04 -2.44287482e-06  1.85000015e-04  1.86435848e-07  1.85000015e-04  1.20000000e+00  1.85000015e-04  0.00000000e+00 
 1.85000020e-04  2.32073804e-01  1.85000020e-04  4.89907341e-01  1.85000020e-04  1.87297384e-06  1.85000020e-04 -2.12262179e-06  1.85000020e-04  1.96800623e-07  1.85000020e-04  1.20000000e+00  1.85000020e-04  0.00000000e+00 
 1.85000032e-04  2.32063947e-01  1.85000032e-04  4.87195219e-01  1.85000032e-04  1.86921073e-06  1.85000032e-04 -7.31425039e-07  1.85000032e-04  1.80069527e-07  1.85000032e-04  1.20000000e+00  1.85000032e-04  0.00000000e+00 
 1.85000054e-04  2.32022874e-01  1.85000054e-04  4.75624970e-01  1.85000054e-04  2.02148503e-06  1.85000054e-04  3.25953729e-07  1.85000054e-04  5.92437202e-07  1.85000054e-04  1.20000000e+00  1.85000054e-04  0.00000000e+00 
 1.85000087e-04  2.31971175e-01  1.85000087e-04  4.56012426e-01  1.85000087e-04  1.94120707e-06  1.85000087e-04  4.67628885e-06  1.85000087e-04  2.95558249e-07  1.85000087e-04  1.20000000e+00  1.85000087e-04  0.00000000e+00 
 1.85000119e-04  2.31980378e-01  1.85000119e-04  4.44910390e-01  1.85000119e-04  1.91951814e-06  1.85000119e-04  2.96525059e-06  1.85000119e-04  2.13750763e-07  1.85000119e-04  1.20000000e+00  1.85000119e-04  0.00000000e+00 
 1.85000183e-04  2.32061867e-01  1.85000183e-04  4.30705047e-01  1.85000183e-04  1.87560316e-06  1.85000183e-04  2.38723037e-06  1.85000183e-04  1.14115736e-07  1.85000183e-04  1.20000000e+00  1.85000183e-04  0.00000000e+00 
 1.85000252e-04  2.32158327e-01  1.85000252e-04  4.21692211e-01  1.85000252e-04  1.86098630e-06  1.85000252e-04  1.23993824e-06  1.85000252e-04  7.50309958e-08  1.85000252e-04  1.20000000e+00  1.85000252e-04  0.00000000e+00 
 1.85000367e-04  2.32278224e-01  1.85000367e-04  4.14110716e-01  1.85000367e-04  1.82712700e-06  1.85000367e-04  1.58435872e-06  1.85000367e-04  1.52081109e-08  1.85000367e-04  1.20000000e+00  1.85000367e-04  0.00000000e+00 
 1.85000562e-04  2.32405789e-01  1.85000562e-04  4.12648505e-01  1.85000562e-04  1.81392469e-06  1.85000562e-04  6.59581689e-07  1.85000562e-04 -1.49249982e-08  1.85000562e-04  1.20000000e+00  1.85000562e-04  0.00000000e+00 
 1.85000951e-04  2.32532064e-01  1.85000951e-04  4.20460391e-01  1.85000951e-04  1.80034637e-06  1.85000951e-04  1.13041101e-06  1.85000951e-04 -2.48728416e-08  1.85000951e-04  1.20000000e+00  1.85000951e-04  0.00000000e+00 
 1.85001565e-04  2.32618166e-01  1.85001565e-04  4.34030969e-01  1.85001565e-04  1.81085041e-06  1.85001565e-04  3.19326875e-07  1.85001565e-04 -9.90702699e-09  1.85001565e-04  1.20000000e+00  1.85001565e-04  0.00000000e+00 
 1.85002582e-04  2.32692699e-01  1.85002582e-04  4.47815707e-01  1.85002582e-04  1.80953283e-06  1.85002582e-04  8.90834289e-07  1.85002582e-04 -3.86538546e-10  1.85002582e-04  1.20000000e+00  1.85002582e-04  0.00000000e+00 
 1.85004433e-04  2.32792300e-01  1.85004433e-04  4.61671522e-01  1.85004433e-04  1.81809867e-06  1.85004433e-04  1.88203764e-07  1.85004433e-04  7.20775833e-09  1.85004433e-04  1.20000000e+00  1.85004433e-04  0.00000000e+00 
 1.85008135e-04  2.32977071e-01  1.85008135e-04  4.75485162e-01  1.85008135e-04  1.81313584e-06  1.85008135e-04  8.78190583e-07  1.85008135e-04  5.83405738e-09  1.85008135e-04  1.20000000e+00  1.85008135e-04  0.00000000e+00 
 1.85015538e-04  2.33347865e-01  1.85015538e-04  4.84232147e-01  1.85015538e-04  1.81985118e-06  1.85015538e-04  1.97872687e-07  1.85015538e-04  7.75416594e-09  1.85015538e-04  1.20000000e+00  1.85015538e-04  0.00000000e+00 
 1.85029027e-04  2.34012511e-01  1.85029027e-04  4.85791096e-01  1.85029027e-04  1.81344148e-06  1.85029027e-04  8.74718178e-07  1.85029027e-04  5.56159470e-09  1.85029027e-04  1.20000000e+00  1.85029027e-04  0.00000000e+00 
 1.85048931e-04  2.34982467e-01  1.85048931e-04  4.85569913e-01  1.85048931e-04  1.81963306e-06  1.85048931e-04  1.99420113e-07  1.85048931e-04  7.78943205e-09  1.85048931e-04  1.20000000e+00  1.85048931e-04  0.00000000e+00 
 1.85086175e-04  2.36784515e-01  1.85086175e-04  4.85638864e-01  1.85086175e-04  1.81342483e-06  1.85086175e-04  8.74259143e-07  1.85086175e-04  5.57343698e-09  1.85086175e-04  1.20000000e+00  1.85086175e-04  0.00000000e+00 
 1.85160664e-04  2.40377108e-01  1.85160664e-04  4.85606347e-01  1.85160664e-04  1.81963766e-06  1.85160664e-04  1.99797999e-07  1.85160664e-04  7.83707154e-09  1.85160664e-04  1.20000000e+00  1.85160664e-04  0.00000000e+00 
 1.85260664e-04  2.45200017e-01  1.85260664e-04  4.85622966e-01  1.85260664e-04  1.81342310e-06  1.85260664e-04  8.74368536e-07  1.85260664e-04  5.63895487e-09  1.85260664e-04  1.20000000e+00  1.85260664e-04  0.00000000e+00 
 1.85360664e-04  2.50023571e-01  1.85360664e-04  4.85617655e-01  1.85360664e-04  1.81963876e-06  1.85360664e-04  2.00150423e-07  1.85360664e-04  7.91599614e-09  1.85360664e-04  1.20000000e+00  1.85360664e-04  0.00000000e+00 
 1.85460664e-04  2.54848295e-01  1.85460664e-04  4.85613126e-01  1.85460664e-04  1.81342227e-06  1.85460664e-04  8.74535462e-07  1.85460664e-04  5.71480516e-09  1.85460664e-04  1.20000000e+00  1.85460664e-04  0.00000000e+00 
 1.85560664e-04  2.59673370e-01  1.85560664e-04  4.85626169e-01  1.85560664e-04  1.81963935e-06  1.85560664e-04  2.00491645e-07  1.85560664e-04  7.99433879e-09  1.85560664e-04  1.20000000e+00  1.85560664e-04  0.00000000e+00 
 1.85660664e-04  2.64499718e-01  1.85660664e-04  4.85605676e-01  1.85660664e-04  1.81342189e-06  1.85660664e-04  8.74708505e-07  1.85660664e-04  5.79082903e-09  1.85660664e-04  1.20000000e+00  1.85660664e-04  0.00000000e+00 
 1.85760664e-04  2.69326352e-01  1.85760664e-04  4.85632669e-01  1.85760664e-04  1.81963956e-06  1.85760664e-04  2.00821609e-07  1.85760664e-04  8.07212435e-09  1.85760664e-04  1.20000000e+00  1.85760664e-04  0.00000000e+00 
 1.85860664e-04  2.74154275e-01  1.85860664e-04  4.85599960e-01  1.85860664e-04  1.81342184e-06  1.85860664e-04  8.74887391e-07  1.85860664e-04  5.86700477e-09  1.85860664e-04  1.20000000e+00  1.85860664e-04  0.00000000e+00 
 1.85960664e-04  2.78982457e-01  1.85960664e-04  4.85637702e-01  1.85960664e-04  1.81963947e-06  1.85960664e-04  2.01141543e-07  1.85960664e-04  8.14937428e-09  1.85960664e-04  1.20000000e+00  1.85960664e-04  0.00000000e+00 
 1.86060664e-04  2.83811927e-01  1.86060664e-04  4.85595515e-01  1.86060664e-04  1.81342204e-06  1.86060664e-04  8.75071728e-07  1.86060664e-04  5.94330327e-09  1.86060664e-04  1.20000000e+00  1.86060664e-04  0.00000000e+00 
 1.86160664e-04  2.88641642e-01  1.86160664e-04  4.85641654e-01  1.86160664e-04  1.81963917e-06  1.86160664e-04  2.01452454e-07  1.86160664e-04  8.22610694e-09  1.86160664e-04  1.20000000e+00  1.86160664e-04  0.00000000e+00 
 1.86260664e-04  2.93472638e-01  1.86260664e-04  4.85592015e-01  1.86260664e-04  1.81342243e-06  1.86260664e-04  8.75261087e-07  1.86260664e-04  6.01969163e-09  1.86260664e-04  1.20000000e+00  1.86260664e-04  0.00000000e+00 
 1.86360664e-04  2.98303872e-01  1.86360664e-04  4.85644799e-01  1.86360664e-04  1.81963870e-06  1.86360664e-04  2.01755180e-07  1.86360664e-04  8.30233823e-09  1.86360664e-04  1.20000000e+00  1.86360664e-04  0.00000000e+00 
 1.86460664e-04  3.03136372e-01  1.86460664e-04  4.85589228e-01  1.86460664e-04  1.81342297e-06  1.86460664e-04  8.75455027e-07  1.86460664e-04  6.09613538e-09  1.86460664e-04  1.20000000e+00  1.86460664e-04  0.00000000e+00 
 1.86560664e-04  3.07969109e-01  1.86560664e-04  4.85647333e-01  1.86560664e-04  1.81963810e-06  1.86560664e-04  2.02050435e-07  1.86560664e-04  8.37808200e-09  1.86560664e-04  1.20000000e+00  1.86560664e-04  0.00000000e+00 
 1.86660664e-04  3.12803092e-01  1.86660664e-04  4.85586988e-01  1.86660664e-04  1.81342362e-06  1.86660664e-04  8.75653107e-07  1.86660664e-04  6.17259998e-09  1.86660664e-04  1.20000000e+00  1.86660664e-04  0.00000000e+00 
 1.86760664e-04  3.17637319e-01  1.86760664e-04  4.85649399e-01  1.86760664e-04  1.81963740e-06  1.86760664e-04  2.02338844e-07  1.86760664e-04  8.45335048e-09  1.86760664e-04  1.20000000e+00  1.86760664e-04  0.00000000e+00 
 1.86860664e-04  3.22472764e-01  1.86860664e-04  4.85585179e-01  1.86860664e-04  1.81342436e-06  1.86860664e-04  8.75854903e-07  1.86860664e-04  6.24905171e-09  1.86860664e-04  1.20000000e+00  1.86860664e-04  0.00000000e+00 
 1.86960664e-04  3.27308464e-01  1.86960664e-04  4.85651097e-01  1.86960664e-04  1.81963662e-06  1.86960664e-04  2.02620968e-07  1.86960664e-04  8.52815460e-09  1.86960664e-04  1.20000000e+00  1.86960664e-04  0.00000000e+00 
 1.87060664e-04  3.32145347e-01  1.87060664e-04  4.85583715e-01  1.87060664e-04  1.81342518e-06  1.87060664e-04  8.76059999e-07  1.87060664e-04  6.32545827e-09  1.87060664e-04  1.20000000e+00  1.87060664e-04  0.00000000e+00 
 1.87160664e-04  3.36982505e-01  1.87160664e-04  4.85652502e-01  1.87160664e-04  1.81963578e-06  1.87160664e-04  2.02897323e-07  1.87160664e-04  8.60250423e-09  1.87160664e-04  1.20000000e+00  1.87160664e-04  0.00000000e+00 
 1.87260664e-04  3.41820799e-01  1.87260664e-04  4.85582536e-01  1.87260664e-04  1.81342605e-06  1.87260664e-04  8.76268006e-07  1.87260664e-04  6.40178906e-09  1.87260664e-04  1.20000000e+00  1.87260664e-04  0.00000000e+00 
 1.87360664e-04  3.46659397e-01  1.87360664e-04  4.85653670e-01  1.87360664e-04  1.81963489e-06  1.87360664e-04  2.03168382e-07  1.87360664e-04  8.67640837e-09  1.87360664e-04  1.20000000e+00  1.87360664e-04  0.00000000e+00 
 1.87460664e-04  3.51499075e-01  1.87460664e-04  4.85581599e-01  1.87460664e-04  1.81342696e-06  1.87460664e-04  8.76478552e-07  1.87460664e-04  6.47801538e-09  1.87460664e-04  1.20000000e+00  1.87460664e-04  0.00000000e+00 
 1.87560664e-04  3.56339093e-01  1.87560664e-04  4.85654640e-01  1.87560664e-04  1.81963396e-06  1.87560664e-04  2.03434588e-07  1.87560664e-04  8.74987539e-09  1.87560664e-04  1.20000000e+00  1.87560664e-04  0.00000000e+00 
 1.87660664e-04  3.61180124e-01  1.87660664e-04  4.85580874e-01  1.87660664e-04  1.81342791e-06  1.87660664e-04  8.76691289e-07  1.87660664e-04  6.55411042e-09  1.87660664e-04  1.20000000e+00  1.87660664e-04  0.00000000e+00 
 1.87760664e-04  3.66021543e-01  1.87760664e-04  4.85655442e-01  1.87760664e-04  1.81963299e-06  1.87760664e-04  2.03696353e-07  1.87760664e-04  8.82291310e-09  1.87760664e-04  1.20000000e+00  1.87760664e-04  0.00000000e+00 
 1.87860664e-04  3.70863894e-01  1.87860664e-04  4.85580337e-01  1.87860664e-04  1.81342889e-06  1.87860664e-04  8.76905892e-07  1.87860664e-04  6.63004928e-09  1.87860664e-04  1.20000000e+00  1.87860664e-04  0.00000000e+00 
 1.87960664e-04  3.75706692e-01  1.87960664e-04  4.85656098e-01  1.87960664e-04  1.81963200e-06  1.87960664e-04  2.03954062e-07  1.87960664e-04  8.89552896e-09  1.87960664e-04  1.20000000e+00  1.87960664e-04  0.00000000e+00 
 1.88060664e-04  3.80550330e-01  1.88060664e-04  4.85579970e-01  1.88060664e-04  1.81342989e-06  1.88060664e-04  8.77122067e-07  1.88060664e-04  6.70580890e-09  1.88060664e-04  1.20000000e+00  1.88060664e-04  0.00000000e+00 
 1.88160664e-04  3.85394486e-01  1.88160664e-04  4.85656624e-01  1.88160664e-04  1.81963099e-06  1.88160664e-04  2.04208074e-07  1.88160664e-04  8.96773013e-09  1.88160664e-04  1.20000000e+00  1.88160664e-04  0.00000000e+00 
 1.88260664e-04  3.90239381e-01  1.88260664e-04  4.85579759e-01  1.88260664e-04  1.81343091e-06  1.88260664e-04  8.77339546e-07  1.88260664e-04  6.78136801e-09  1.88260664e-04  1.20000000e+00  1.88260664e-04  0.00000000e+00 
 1.88360664e-04  3.95084874e-01  1.88360664e-04  4.85657033e-01  1.88360664e-04  1.81962996e-06  1.88360664e-04  2.04458731e-07  1.88360664e-04  9.03952354e-09  1.88360664e-04  1.20000000e+00  1.88360664e-04  0.00000000e+00 
 1.88460664e-04  3.99930996e-01  1.88460664e-04  4.85579689e-01  1.88460664e-04  1.81343195e-06  1.88460664e-04  8.77558097e-07  1.88460664e-04  6.85670703e-09  1.88460664e-04  1.20000000e+00  1.88460664e-04  0.00000000e+00 
 1.88560664e-04  4.04777809e-01  1.88560664e-04  4.85657334e-01  1.88560664e-04  1.81962892e-06  1.88560664e-04  2.04706352e-07  1.88560664e-04  9.11091599e-09  1.88560664e-04  1.20000000e+00  1.88560664e-04  0.00000000e+00 
 1.88660664e-04  4.09625135e-01  1.88660664e-04  4.85579746e-01  1.88660664e-04  1.81343299e-06  1.88660664e-04  8.77777514e-07  1.88660664e-04  6.93180807e-09  1.88660664e-04  1.20000000e+00  1.88660664e-04  0.00000000e+00 
 1.88760664e-04  4.14473253e-01  1.88760664e-04  4.85657539e-01  1.88760664e-04  1.81962787e-06  1.88760664e-04  2.04951244e-07  1.88760664e-04  9.18191410e-09  1.88760664e-04  1.20000000e+00  1.88760664e-04  0.00000000e+00 
 1.88860664e-04  4.19321763e-01  1.88860664e-04  4.85579913e-01  1.88860664e-04  1.81343404e-06  1.88860664e-04  8.77997638e-07  1.88860664e-04  7.00665487e-09  1.88860664e-04  1.20000000e+00  1.88860664e-04  0.00000000e+00 
 1.88960664e-04  4.24171174e-01  1.88960664e-04  4.85657656e-01  1.88960664e-04  1.81962682e-06  1.88960664e-04  2.05193704e-07  1.88960664e-04  9.25252431e-09  1.88960664e-04  1.20000000e+00  1.88960664e-04  0.00000000e+00 
 1.89060664e-04  4.29020857e-01  1.89060664e-04  4.85580174e-01  1.89060664e-04  1.81343509e-06  1.89060664e-04  8.78218337e-07  1.89060664e-04  7.08123275e-09  1.89060664e-04  1.20000000e+00  1.89060664e-04  0.00000000e+00 
 1.89160664e-04  4.33871553e-01  1.89160664e-04  4.85657698e-01  1.89160664e-04  1.81962577e-06  1.89160664e-04  2.05434017e-07  1.89160664e-04  9.32275286e-09  1.89160664e-04  1.20000000e+00  1.89160664e-04  0.00000000e+00 
 1.89260664e-04  4.38722402e-01  1.89260664e-04  4.85580514e-01  1.89260664e-04  1.81343614e-06  1.89260664e-04  8.78439520e-07  1.89260664e-04  7.15552857e-09  1.89260664e-04  1.20000000e+00  1.89260664e-04  0.00000000e+00 
 1.89360664e-04  4.43574378e-01  1.89360664e-04  4.85657674e-01  1.89360664e-04  1.81962472e-06  1.89360664e-04  2.05672461e-07  1.89360664e-04  9.39260572e-09  1.89360664e-04  1.20000000e+00  1.89360664e-04  0.00000000e+00 
 1.89460664e-04  4.48426393e-01  1.89460664e-04  4.85580915e-01  1.89460664e-04  1.81343720e-06  1.89460664e-04  8.78661132e-07  1.89460664e-04  7.22953071e-09  1.89460664e-04  1.20000000e+00  1.89460664e-04  0.00000000e+00 
 1.89560664e-04  4.53279646e-01  1.89560664e-04  4.85657598e-01  1.89560664e-04  1.81962367e-06  1.89560664e-04  2.05909312e-07  1.89560664e-04  9.46208854e-09  1.89560664e-04  1.20000000e+00  1.89560664e-04  0.00000000e+00 
 1.89660664e-04  4.58132831e-01  1.89660664e-04  4.85581362e-01  1.89660664e-04  1.81343824e-06  1.89660664e-04  8.78883154e-07  1.89660664e-04  7.30322899e-09  1.89660664e-04  1.20000000e+00  1.89660664e-04  0.00000000e+00 
 1.89760664e-04  4.62987364e-01  1.89760664e-04  4.85657480e-01  1.89760664e-04  1.81962262e-06  1.89760664e-04  2.06144845e-07  1.89760664e-04  9.53120665e-09  1.89760664e-04  1.20000000e+00  1.89760664e-04  0.00000000e+00 
 1.89860664e-04  4.67841727e-01  1.89860664e-04  4.85581841e-01  1.89860664e-04  1.81343928e-06  1.89860664e-04  8.79105599e-07  1.89860664e-04  7.37661462e-09  1.89860664e-04  1.20000000e+00  1.89860664e-04  0.00000000e+00 
 1.89960664e-04  4.72697542e-01  1.89960664e-04  4.85657332e-01  1.89960664e-04  1.81962159e-06  1.89960664e-04  2.06379329e-07  1.89960664e-04  9.59996496e-09  1.89960664e-04  1.20000000e+00  1.89960664e-04  0.00000000e+00 
 1.90060664e-04  4.77553094e-01  1.90060664e-04  4.85582341e-01  1.90060664e-04  1.81344032e-06  1.90060664e-04  8.79328518e-07  1.90060664e-04  7.44968011e-09  1.90060664e-04  1.20000000e+00  1.90060664e-04  0.00000000e+00 
 1.90160664e-04  4.82410198e-01  1.90160664e-04  4.85657165e-01  1.90160664e-04  1.81962056e-06  1.90160664e-04  2.06613040e-07  1.90160664e-04  9.66836806e-09  1.90160664e-04  1.20000000e+00  1.90160664e-04  0.00000000e+00 
 1.90260664e-04  4.87266954e-01  1.90260664e-04  4.85582852e-01  1.90260664e-04  1.81344134e-06  1.90260664e-04  8.79551992e-07  1.90260664e-04  7.52241920e-09  1.90260664e-04  1.20000000e+00  1.90260664e-04  0.00000000e+00 
 1.90360664e-04  4.92125355e-01  1.90360664e-04  4.85656987e-01  1.90360664e-04  1.81961954e-06  1.90360664e-04  2.06846262e-07  1.90360664e-04  9.73642012e-09  1.90360664e-04  1.20000000e+00  1.90360664e-04  0.00000000e+00 
 1.90460664e-04  4.96983330e-01  1.90460664e-04  4.85583365e-01  1.90460664e-04  1.81344236e-06  1.90460664e-04  8.79776136e-07  1.90460664e-04  7.59482676e-09  1.90460664e-04  1.20000000e+00  1.90460664e-04  0.00000000e+00 
 1.90560664e-04  5.01843038e-01  1.90560664e-04  4.85656808e-01  1.90560664e-04  1.81961853e-06  1.90560664e-04  2.07079283e-07  1.90560664e-04  9.80412500e-09  1.90560664e-04  1.20000000e+00  1.90560664e-04  0.00000000e+00 
 1.90660664e-04  5.06702251e-01  1.90660664e-04  4.85583874e-01  1.90660664e-04  1.81344336e-06  1.90660664e-04  8.80001098e-07  1.90660664e-04  7.66689868e-09  1.90660664e-04  1.20000000e+00  1.90660664e-04  0.00000000e+00 
 1.90760664e-04  5.11563279e-01  1.90760664e-04  4.85656634e-01  1.90760664e-04  1.81961753e-06  1.90760664e-04  2.07312410e-07  1.90760664e-04  9.87148622e-09  1.90760664e-04  1.20000000e+00  1.90760664e-04  0.00000000e+00 
 1.90860664e-04  5.16423751e-01  1.90860664e-04  4.85584377e-01  1.90860664e-04  1.81344436e-06  1.90860664e-04  8.80227060e-07  1.90860664e-04  7.73863184e-09  1.90860664e-04  1.20000000e+00  1.90860664e-04  0.00000000e+00 
 1.90960664e-04  5.21286113e-01  1.90960664e-04  4.85656471e-01  1.90960664e-04  1.81961653e-06  1.90960664e-04  2.07545958e-07  1.90960664e-04  9.93850700e-09  1.90960664e-04  1.20000000e+00  1.90960664e-04  0.00000000e+00 
 1.91060664e-04  5.26147864e-01  1.91060664e-04  4.85584868e-01  1.91060664e-04  1.81344535e-06  1.91060664e-04  8.80454239e-07  1.91060664e-04  7.81002395e-09  1.91060664e-04  1.20000000e+00  1.91060664e-04  0.00000000e+00 
 1.91160664e-04  5.31011577e-01  1.91160664e-04  4.85656325e-01  1.91160664e-04  1.81961556e-06  1.91160664e-04  2.07780275e-07  1.91160664e-04  1.00051903e-08  1.91160664e-04  1.20000000e+00  1.91160664e-04  0.00000000e+00 
 1.91260664e-04  5.35874633e-01  1.91260664e-04  4.85585349e-01  1.91260664e-04  1.81344632e-06  1.91260664e-04  8.80682887e-07  1.91260664e-04  7.88107350e-09  1.91260664e-04  1.20000000e+00  1.91260664e-04  0.00000000e+00 
 1.91360664e-04  5.40739716e-01  1.91360664e-04  4.85656200e-01  1.91360664e-04  1.81961459e-06  1.91360664e-04  2.08015723e-07  1.91360664e-04  1.00715390e-08  1.91360664e-04  1.20000000e+00  1.91360664e-04  0.00000000e+00 
 1.91460664e-04  5.45604102e-01  1.91460664e-04  4.85585817e-01  1.91460664e-04  1.81344729e-06  1.91460664e-04  8.80913297e-07  1.91460664e-04  7.95177969e-09  1.91460664e-04  1.20000000e+00  1.91460664e-04  0.00000000e+00 
 1.91560664e-04  5.50470578e-01  1.91560664e-04  4.85656099e-01  1.91560664e-04  1.81961363e-06  1.91560664e-04  2.08252700e-07  1.91560664e-04  1.01375555e-08  1.91560664e-04  1.20000000e+00  1.91560664e-04  0.00000000e+00 
 1.91660664e-04  5.55336323e-01  1.91660664e-04  4.85586274e-01  1.91660664e-04  1.81344824e-06  1.91660664e-04  8.81145802e-07  1.91660664e-04  8.02214234e-09  1.91660664e-04  1.20000000e+00  1.91660664e-04  0.00000000e+00 
 1.91760664e-04  5.60204217e-01  1.91760664e-04  4.85656027e-01  1.91760664e-04  1.81961268e-06  1.91760664e-04  2.08491637e-07  1.91760664e-04  1.02032424e-08  1.91760664e-04  1.20000000e+00  1.91760664e-04  0.00000000e+00 
 1.91860664e-04  5.65071352e-01  1.91860664e-04  4.85586720e-01  1.91860664e-04  1.81344919e-06  1.91860664e-04  8.81380782e-07  1.91860664e-04  8.09216183e-09  1.91860664e-04  1.20000000e+00  1.91860664e-04  0.00000000e+00 
 1.91960664e-04  5.69940692e-01  1.91960664e-04  4.85655987e-01  1.91960664e-04  1.81961173e-06  1.91960664e-04  2.08733005e-07  1.91960664e-04  1.02686019e-08  1.91960664e-04  1.20000000e+00  1.91960664e-04  0.00000000e+00 
 1.92060664e-04  5.74809252e-01  1.92060664e-04  4.85587158e-01  1.92060664e-04  1.81345013e-06  1.92060664e-04  8.81618665e-07  1.92060664e-04  8.16183905e-09  1.92060664e-04  1.20000000e+00  1.92060664e-04  0.00000000e+00 
 1.92160664e-04  5.79680071e-01  1.92160664e-04  4.85655981e-01  1.92160664e-04  1.81961080e-06  1.92160664e-04  2.08977318e-07  1.92160664e-04  1.03336365e-08  1.92160664e-04  1.20000000e+00  1.92160664e-04  0.00000000e+00 
 1.92260664e-04  5.84550094e-01  1.92260664e-04  4.85587589e-01  1.92260664e-04  1.81345105e-06  1.92260664e-04  8.81859931e-07  1.92260664e-04  8.23117534e-09  1.92260664e-04  1.20000000e+00  1.92260664e-04  0.00000000e+00 
 1.92360664e-04  5.89422429e-01  1.92360664e-04  4.85656012e-01  1.92360664e-04  1.81960988e-06  1.92360664e-04  2.09225137e-07  1.92360664e-04  1.03983481e-08  1.92360664e-04  1.20000000e+00  1.92360664e-04  0.00000000e+00 
 1.92460664e-04  5.94293958e-01  1.92460664e-04  4.85588016e-01  1.92460664e-04  1.81345197e-06  1.92460664e-04  8.82105115e-07  1.92460664e-04  8.30017248e-09  1.92460664e-04  1.20000000e+00  1.92460664e-04  0.00000000e+00 
 1.92560664e-04  5.99167851e-01  1.92560664e-04  4.85656085e-01  1.92560664e-04  1.81960896e-06  1.92560664e-04  2.09477084e-07  1.92560664e-04  1.04627391e-08  1.92560664e-04  1.20000000e+00  1.92560664e-04  0.00000000e+00 
 1.92660664e-04  6.04040933e-01  1.92660664e-04  4.85588442e-01  1.92660664e-04  1.81345289e-06  1.92660664e-04  8.82354820e-07  1.92660664e-04  8.36883259e-09  1.92660664e-04  1.20000000e+00  1.92660664e-04  0.00000000e+00 
 1.92760664e-04  6.08916431e-01  1.92760664e-04  4.85656201e-01  1.92760664e-04  1.81960805e-06  1.92760664e-04  2.09733827e-07  1.92760664e-04  1.05268115e-08  1.92760664e-04  1.20000000e+00  1.92760664e-04  0.00000000e+00 
 1.92860664e-04  6.13791119e-01  1.92860664e-04  4.85588871e-01  1.92860664e-04  1.81345379e-06  1.92860664e-04  8.82609702e-07  1.92860664e-04  8.43715818e-09  1.92860664e-04  1.20000000e+00  1.92860664e-04  0.00000000e+00 
 1.92960664e-04  6.18668275e-01  1.92960664e-04  4.85656366e-01  1.92960664e-04  1.81960715e-06  1.92960664e-04  2.09996101e-07  1.92960664e-04  1.05905675e-08  1.92960664e-04  1.20000000e+00  1.92960664e-04  0.00000000e+00 
 1.93060664e-04  6.23544627e-01  1.93060664e-04  4.85589305e-01  1.93060664e-04  1.81345469e-06  1.93060664e-04  8.82870495e-07  1.93060664e-04  8.50515204e-09  1.93060664e-04  1.20000000e+00  1.93060664e-04  0.00000000e+00 
 1.93160664e-04  6.28423500e-01  1.93160664e-04  4.85656583e-01  1.93160664e-04  1.81960625e-06  1.93160664e-04  2.10264699e-07  1.93160664e-04  1.06540093e-08  1.93160664e-04  1.20000000e+00  1.93160664e-04  0.00000000e+00 
 1.93260664e-04  6.33301583e-01  1.93260664e-04  4.85589749e-01  1.93260664e-04  1.81345559e-06  1.93260664e-04  8.83137990e-07  1.93260664e-04  8.57281729e-09  1.93260664e-04  1.20000000e+00  1.93260664e-04  0.00000000e+00 
 1.93360664e-04  6.38182240e-01  1.93360664e-04  4.85656857e-01  1.93360664e-04  1.81960536e-06  1.93360664e-04  2.10540472e-07  1.93360664e-04  1.07171391e-08  1.93360664e-04  1.20000000e+00  1.93360664e-04  0.00000000e+00 
 1.93460664e-04  6.43062124e-01  1.93460664e-04  4.85590207e-01  1.93460664e-04  1.81345648e-06  1.93460664e-04  8.83413049e-07  1.93460664e-04  8.64015731e-09  1.93460664e-04  1.20000000e+00  1.93460664e-04  0.00000000e+00 
 1.93560664e-04  6.47944640e-01  1.93560664e-04  4.85657193e-01  1.93560664e-04  1.81960448e-06  1.93560664e-04  2.10824324e-07  1.93560664e-04  1.07799592e-08  1.93560664e-04  1.20000000e+00  1.93560664e-04  0.00000000e+00 
 1.93660664e-04  6.52826405e-01  1.93660664e-04  4.85590685e-01  1.93660664e-04  1.81345736e-06  1.93660664e-04  8.83696593e-07  1.93660664e-04  8.70717575e-09  1.93660664e-04  1.20000000e+00  1.93660664e-04  0.00000000e+00 
 1.93760664e-04  6.57710861e-01  1.93760664e-04  4.85657598e-01  1.93760664e-04  1.81960360e-06  1.93760664e-04  2.11117200e-07  1.93760664e-04  1.08424717e-08  1.93760664e-04  1.20000000e+00  1.93760664e-04  0.00000000e+00 
 1.93860664e-04  6.62594596e-01  1.93860664e-04  4.85591188e-01  1.93860664e-04  1.81345824e-06  1.93860664e-04  8.83989587e-07  1.93860664e-04  8.77387649e-09  1.93860664e-04  1.20000000e+00  1.93860664e-04  0.00000000e+00 
 1.93960664e-04  6.67481081e-01  1.93960664e-04  4.85658077e-01  1.93960664e-04  1.81960272e-06  1.93960664e-04  2.11420072e-07  1.93960664e-04  1.09046791e-08  1.93960664e-04  1.20000000e+00  1.93960664e-04  0.00000000e+00 
 1.94060664e-04  6.72366880e-01  1.94060664e-04  4.85591724e-01  1.94060664e-04  1.81345911e-06  1.94060664e-04  8.84293029e-07  1.94060664e-04  8.84026365e-09  1.94060664e-04  1.20000000e+00  1.94060664e-04  0.00000000e+00 
 1.94160664e-04  6.77255493e-01  1.94160664e-04  4.85658638e-01  1.94160664e-04  1.81960184e-06  1.94160664e-04  2.11733908e-07  1.94160664e-04  1.09665836e-08  1.94160664e-04  1.20000000e+00  1.94160664e-04  0.00000000e+00 
 1.94260664e-04  6.82143460e-01  1.94260664e-04  4.85592299e-01  1.94260664e-04  1.81345999e-06  1.94260664e-04  8.84607923e-07  1.94260664e-04  8.90634155e-09  1.94260664e-04  1.20000000e+00  1.94260664e-04  0.00000000e+00 
 1.94360664e-04  6.87034305e-01  1.94360664e-04  4.85659291e-01  1.94360664e-04  1.81960097e-06  1.94360664e-04  2.12059640e-07  1.94360664e-04  1.10281879e-08  1.94360664e-04  1.20000000e+00  1.94360664e-04  0.00000000e+00 
 1.94460664e-04  6.91924551e-01  1.94460664e-04  4.85592923e-01  1.94460664e-04  1.81346086e-06  1.94460664e-04  8.84935230e-07  1.94460664e-04  8.97211468e-09  1.94460664e-04  1.20000000e+00  1.94460664e-04  0.00000000e+00 
 1.94560664e-04  6.96817741e-01  1.94560664e-04  4.85660046e-01  1.94560664e-04  1.81960010e-06  1.94560664e-04  2.12398105e-07  1.94560664e-04  1.10894942e-08  1.94560664e-04  1.20000000e+00  1.94560664e-04  0.00000000e+00 
 1.94660664e-04  7.01710381e-01  1.94660664e-04  4.85593607e-01  1.94660664e-04  1.81346173e-06  1.94660664e-04  8.85275824e-07  1.94660664e-04  9.03758769e-09  1.94660664e-04  1.20000000e+00  1.94660664e-04  0.00000000e+00 
 1.94760664e-04  7.06606032e-01  1.94760664e-04  4.85660916e-01  1.94760664e-04  1.81959923e-06  1.94760664e-04  2.12749987e-07  1.94760664e-04  1.11505052e-08  1.94760664e-04  1.20000000e+00  1.94760664e-04  0.00000000e+00 
 1.94860664e-04  7.11501186e-01  1.94860664e-04  4.85594364e-01  1.94860664e-04  1.81346260e-06  1.94860664e-04  8.85630419e-07  1.94860664e-04  9.10276537e-09  1.94860664e-04  1.20000000e+00  1.94860664e-04  0.00000000e+00 
 1.94960664e-04  7.16399418e-01  1.94960664e-04  4.85661914e-01  1.94960664e-04  1.81959836e-06  1.94960664e-04  2.13115727e-07  1.94960664e-04  1.12112232e-08  1.94960664e-04  1.20000000e+00  1.94960664e-04  0.00000000e+00 
 1.95060664e-04  7.21297208e-01  1.95060664e-04  4.85595209e-01  1.95060664e-04  1.81346348e-06  1.95060664e-04  8.85999489e-07  1.95060664e-04  9.16765256e-09  1.95060664e-04  1.20000000e+00  1.95060664e-04  0.00000000e+00 
 1.95160664e-04  7.26198139e-01  1.95160664e-04  4.85663058e-01  1.95160664e-04  1.81959749e-06  1.95160664e-04  2.13495442e-07  1.95160664e-04  1.12716506e-08  1.95160664e-04  1.20000000e+00  1.95160664e-04  0.00000000e+00 
 1.95260664e-04  7.31098685e-01  1.95260664e-04  4.85596157e-01  1.95260664e-04  1.81346435e-06  1.95260664e-04  8.86383186e-07  1.95260664e-04  9.23225413e-09  1.95260664e-04  1.20000000e+00  1.95260664e-04  0.00000000e+00 
 1.95360664e-04  7.36002430e-01  1.95360664e-04  4.85664365e-01  1.95360664e-04  1.81959662e-06  1.95360664e-04  2.13888835e-07  1.95360664e-04  1.13317898e-08  1.95360664e-04  1.20000000e+00  1.95360664e-04  0.00000000e+00 
 1.95460664e-04  7.40905844e-01  1.95460664e-04  4.85597228e-01  1.95460664e-04  1.81346522e-06  1.95460664e-04  8.86781263e-07  1.95460664e-04  9.29657495e-09  1.95460664e-04  1.20000000e+00  1.95460664e-04  0.00000000e+00 
 1.95560664e-04  7.45812509e-01  1.95560664e-04  4.85665854e-01  1.95560664e-04  1.81959575e-06  1.95560664e-04  2.14295148e-07  1.95560664e-04  1.13916429e-08  1.95560664e-04  1.20000000e+00  1.95560664e-04  0.00000000e+00 
 1.95660664e-04  7.50718894e-01  1.95660664e-04  4.85598438e-01  1.95660664e-04  1.81346609e-06  1.95660664e-04  8.87193057e-07  1.95660664e-04  9.36061979e-09  1.95660664e-04  1.20000000e+00  1.95660664e-04  0.00000000e+00 
 1.95760664e-04  7.55628572e-01  1.95760664e-04  4.85667542e-01  1.95760664e-04  1.81959488e-06  1.95760664e-04  2.14713153e-07  1.95760664e-04  1.14512119e-08  1.95760664e-04  1.20000000e+00  1.95760664e-04  0.00000000e+00 
 1.95860664e-04  7.60538017e-01  1.95860664e-04  4.85599802e-01  1.95860664e-04  1.81346697e-06  1.95860664e-04  8.87617502e-07  1.95860664e-04  9.42439326e-09  1.95860664e-04  1.20000000e+00  1.95860664e-04  0.00000000e+00 
 1.95960664e-04  7.65450786e-01  1.95960664e-04  4.85669437e-01  1.95960664e-04  1.81959400e-06  1.95960664e-04  2.15141237e-07  1.95960664e-04  1.15104986e-08  1.95960664e-04  1.20000000e+00  1.95960664e-04  0.00000000e+00 
 1.96060664e-04  7.70363363e-01  1.96060664e-04  4.85601327e-01  1.96060664e-04  1.81346785e-06  1.96060664e-04  8.88053249e-07  1.96060664e-04  9.48789981e-09  1.96060664e-04  1.20000000e+00  1.96060664e-04  0.00000000e+00 
 1.96160664e-04  7.75279284e-01  1.96160664e-04  4.85671543e-01  1.96160664e-04  1.81959312e-06  1.96160664e-04  2.15577562e-07  1.96160664e-04  1.15695044e-08  1.96160664e-04  1.20000000e+00  1.96160664e-04  0.00000000e+00 
 1.96260664e-04  7.80195050e-01  1.96260664e-04  4.85603016e-01  1.96260664e-04  1.81346874e-06  1.96260664e-04  8.88498858e-07  1.96260664e-04  9.55114364e-09  1.96260664e-04  1.20000000e+00  1.96260664e-04  0.00000000e+00 
 1.96360664e-04  7.85114169e-01  1.96360664e-04  4.85673849e-01  1.96360664e-04  1.81959223e-06  1.96360664e-04  2.16020326e-07  1.96360664e-04  1.16282309e-08  1.96360664e-04  1.20000000e+00  1.96360664e-04  0.00000000e+00 
 1.96460664e-04  7.90033166e-01  1.96460664e-04  4.85604857e-01  1.96460664e-04  1.81346962e-06  1.96460664e-04  8.88953053e-07  1.96460664e-04  9.61412868e-09  1.96460664e-04  1.20000000e+00  1.96460664e-04  0.00000000e+00 
 1.96560664e-04  7.94955518e-01  1.96560664e-04  4.85676329e-01  1.96560664e-04  1.81959134e-06  1.96560664e-04  2.16468057e-07  1.96560664e-04  1.16866794e-08  1.96560664e-04  1.20000000e+00  1.96560664e-04  0.00000000e+00 
 1.96660664e-04  7.99877779e-01  1.96660664e-04  4.85606833e-01  1.96660664e-04  1.81347052e-06  1.96660664e-04  8.89415020e-07  1.96660664e-04  9.67685861e-09  1.96660664e-04  1.20000000e+00  1.96660664e-04  0.00000000e+00 
 1.96760664e-04  8.04803395e-01  1.96760664e-04  4.85678945e-01  1.96760664e-04  1.81959045e-06  1.96760664e-04  2.16919948e-07  1.96760664e-04  1.17448513e-08  1.96760664e-04  1.20000000e+00  1.96760664e-04  0.00000000e+00 
 1.96860664e-04  8.09728956e-01  1.96860664e-04  4.85608918e-01  1.96860664e-04  1.81347142e-06  1.96860664e-04  8.89884703e-07  1.96860664e-04  9.73933681e-09  1.96860664e-04  1.20000000e+00  1.96860664e-04  0.00000000e+00 
 1.96960664e-04  8.14657872e-01  1.96960664e-04  4.85681650e-01  1.96960664e-04  1.81958955e-06  1.96960664e-04  2.17376171e-07  1.96960664e-04  1.18027484e-08  1.96960664e-04  1.20000000e+00  1.96960664e-04  0.00000000e+00 
 1.97060664e-04  8.19586776e-01  1.97060664e-04  4.85611078e-01  1.97060664e-04  1.81347233e-06  1.97060664e-04  8.90363082e-07  1.97060664e-04  9.80156645e-09  1.97060664e-04  1.20000000e+00  1.97060664e-04  0.00000000e+00 
 1.97160664e-04  8.24519046e-01  1.97160664e-04  4.85684389e-01  1.97160664e-04  1.81958864e-06  1.97160664e-04  2.17838165e-07  1.97160664e-04  1.18603730e-08  1.97160664e-04  1.20000000e+00  1.97160664e-04  0.00000000e+00 
 1.97260664e-04  8.29451361e-01  1.97260664e-04  4.85613280e-01  1.97260664e-04  1.81347324e-06  1.97260664e-04  8.90852422e-07  1.97260664e-04  9.86355051e-09  1.97260664e-04  1.20000000e+00  1.97260664e-04  0.00000000e+00 
 1.97360664e-04  8.34387068e-01  1.97360664e-04  4.85687104e-01  1.97360664e-04  1.81958772e-06  1.97360664e-04  2.18308891e-07  1.97360664e-04  1.19177281e-08  1.97360664e-04  1.20000000e+00  1.97360664e-04  0.00000000e+00 
 1.97460664e-04  8.39322899e-01  1.97460664e-04  4.85615491e-01  1.97460664e-04  1.81347416e-06  1.97460664e-04  8.91356503e-07  1.97460664e-04  9.92529193e-09  1.97460664e-04  1.20000000e+00  1.97460664e-04  0.00000000e+00 
 1.97560664e-04  8.44262172e-01  1.97560664e-04  4.85689746e-01  1.97560664e-04  1.81958681e-06  1.97560664e-04  2.18793066e-07  1.97560664e-04  1.19748175e-08  1.97560664e-04  1.20000000e+00  1.97560664e-04  0.00000000e+00 
 1.97660664e-04  8.49201674e-01  1.97660664e-04  4.85617681e-01  1.97660664e-04  1.81347508e-06  1.97660664e-04  8.91880839e-07  1.97660664e-04  9.98679378e-09  1.97660664e-04  1.20000000e+00  1.97660664e-04  0.00000000e+00 
 1.97760664e-04  8.54144704e-01  1.97760664e-04  4.85692270e-01  1.97760664e-04  1.81958588e-06  1.97760664e-04  2.19297400e-07  1.97760664e-04  1.20316463e-08  1.97760664e-04  1.20000000e+00  1.97760664e-04  0.00000000e+00 
 1.97860664e-04  8.59088104e-01  1.97860664e-04  4.85619826e-01  1.97860664e-04  1.81347601e-06  1.97860664e-04  8.92432939e-07  1.97860664e-04  1.00480594e-08  1.97860664e-04  1.20000000e+00  1.97860664e-04  0.00000000e+00 
 1.97960664e-04  8.64035160e-01  1.97960664e-04  4.85694643e-01  1.97960664e-04  1.81958495e-06  1.97960664e-04  2.19830873e-07  1.97960664e-04  1.20882207e-08  1.97960664e-04  1.20000000e+00  1.97960664e-04  0.00000000e+00 
 1.98060664e-04  8.68982774e-01  1.98060664e-04  4.85621906e-01  1.98060664e-04  1.81347695e-06  1.98060664e-04  8.93022634e-07  1.98060664e-04  1.01090929e-08  1.98060664e-04  1.20000000e+00  1.98060664e-04  0.00000000e+00 
 1.98160664e-04  8.73934228e-01  1.98160664e-04  4.85696847e-01  1.98160664e-04  1.81958402e-06  1.98160664e-04  2.20405116e-07  1.98160664e-04  1.21445481e-08  1.98160664e-04  1.20000000e+00  1.98160664e-04  0.00000000e+00 
 1.98260664e-04  8.78886486e-01  1.98260664e-04  4.85623908e-01  1.98260664e-04  1.81347788e-06  1.98260664e-04  8.93662533e-07  1.98260664e-04  1.01698992e-08  1.98260664e-04  1.20000000e+00  1.98260664e-04  0.00000000e+00 
 1.98360664e-04  8.83842836e-01  1.98360664e-04  4.85698872e-01  1.98360664e-04  1.81958308e-06  1.98360664e-04  2.21034910e-07  1.98360664e-04  1.22006376e-08  1.98360664e-04  1.20000000e+00  1.98360664e-04  0.00000000e+00 
 1.98460664e-04  8.88800309e-01  1.98460664e-04  4.85625824e-01  1.98460664e-04  1.81347883e-06  1.98460664e-04  8.94368655e-07  1.98460664e-04  1.02304846e-08  1.98460664e-04  1.20000000e+00  1.98460664e-04  0.00000000e+00 
 1.98560664e-04  8.93762214e-01  1.98560664e-04  4.85700721e-01  1.98560664e-04  1.81958214e-06  1.98560664e-04  2.21738899e-07  1.98560664e-04  1.22565000e-08  1.98560664e-04  1.20000000e+00  1.98560664e-04  0.00000000e+00 
 1.98660664e-04  8.98725652e-01  1.98660664e-04  4.85627650e-01  1.98660664e-04  1.81347976e-06  1.98660664e-04  8.95161296e-07  1.98660664e-04  1.02908572e-08  1.98660664e-04  1.20000000e+00  1.98660664e-04  0.00000000e+00 
 1.98760664e-04  9.03693969e-01  1.98760664e-04  4.85702406e-01  1.98760664e-04  1.81958121e-06  1.98760664e-04  2.22540581e-07  1.98760664e-04  1.23121482e-08  1.98760664e-04  1.20000000e+00  1.98760664e-04  0.00000000e+00 
 1.98860664e-04  9.08664346e-01  1.98860664e-04  4.85629385e-01  1.98860664e-04  1.81348070e-06  1.98860664e-04  8.96066225e-07  1.98860664e-04  1.03510276e-08  1.98860664e-04  1.20000000e+00  1.98860664e-04  0.00000000e+00 
 1.98960664e-04  9.13640186e-01  1.98960664e-04  4.85703941e-01  1.98960664e-04  1.81958027e-06  1.98960664e-04  2.23469631e-07  1.98960664e-04  1.23675973e-08  1.98960664e-04  1.20000000e+00  1.98960664e-04  0.00000000e+00 
 1.99060664e-04  9.18618761e-01  1.99060664e-04  4.85631033e-01  1.99060664e-04  1.81348164e-06  1.99060664e-04  8.97116254e-07  1.99060664e-04  1.04110093e-08  1.99060664e-04  1.20000000e+00  1.99060664e-04  0.00000000e+00 
 1.99160664e-04  9.23603554e-01  1.99160664e-04  4.85705350e-01  1.99160664e-04  1.81957933e-06  1.99160664e-04  2.24563689e-07  1.99160664e-04  1.24228657e-08  1.99160664e-04  1.20000000e+00  1.99160664e-04  0.00000000e+00 
 1.99260664e-04  9.28591945e-01  1.99260664e-04  4.85632599e-01  1.99260664e-04  1.81348258e-06  1.99260664e-04  8.98353319e-07  1.99260664e-04  1.04708197e-08  1.99260664e-04  1.20000000e+00  1.99260664e-04  0.00000000e+00 
 1.99360664e-04  9.33587527e-01  1.99360664e-04  4.85706656e-01  1.99360664e-04  1.81957840e-06  1.99360664e-04  2.25870706e-07  1.99360664e-04  1.24779757e-08  1.99360664e-04  1.20000000e+00  1.99360664e-04  0.00000000e+00 
 1.99460664e-04  9.38587816e-01  1.99460664e-04  4.85634092e-01  1.99460664e-04  1.81348351e-06  1.99460664e-04  8.99831194e-07  1.99460664e-04  1.05304812e-08  1.99460664e-04  1.20000000e+00  1.99460664e-04  0.00000000e+00 
 1.99560664e-04  9.43596546e-01  1.99560664e-04  4.85707884e-01  1.99560664e-04  1.81957747e-06  1.99560664e-04  2.27452018e-07  1.99560664e-04  1.25329543e-08  1.99560664e-04  1.20000000e+00  1.99560664e-04  0.00000000e+00 
 1.99660664e-04  9.48611404e-01  1.99660664e-04  4.85635525e-01  1.99660664e-04  1.81348445e-06  1.99660664e-04  9.01619001e-07  1.99660664e-04  1.05900222e-08  1.99660664e-04  1.20000000e+00  1.99660664e-04  0.00000000e+00 
 1.99760664e-04  9.53636311e-01  1.99760664e-04  4.85709060e-01  1.99760664e-04  1.81957654e-06  1.99760664e-04  2.29386316e-07  1.99760664e-04  1.25878351e-08  1.99760664e-04  1.20000000e+00  1.99760664e-04  0.00000000e+00 
 1.99860664e-04  9.58669168e-01  1.99860664e-04  4.85636912e-01  1.99860664e-04  1.81348537e-06  1.99860664e-04  9.03805740e-07  1.99860664e-04  1.06494790e-08  1.99860664e-04  1.20000000e+00  1.99860664e-04  0.00000000e+00 
 1.99960664e-04  9.63714143e-01  1.99960664e-04  4.85710212e-01  1.99960664e-04  1.81957561e-06  1.99960664e-04  2.31774792e-07  1.99960664e-04  1.26426601e-08  1.99960664e-04  1.20000000e+00  1.99960664e-04  0.00000000e+00 
 2.00060664e-04  9.68769411e-01  2.00060664e-04  4.85638272e-01  2.00060664e-04  1.81348630e-06  2.00060664e-04  9.06506133e-07  2.00060664e-04  1.07088980e-08  2.00060664e-04  1.20000000e+00  2.00060664e-04  0.00000000e+00 
 2.00160664e-04  9.73839454e-01  2.00160664e-04  4.85711368e-01  2.00160664e-04  1.81957469e-06  2.00160664e-04  2.34747767e-07  2.00160664e-04  1.26974819e-08  2.00160664e-04  1.20000000e+00  2.00160664e-04  0.00000000e+00 
 2.00260664e-04  9.78922804e-01  2.00260664e-04  4.85639631e-01  2.00260664e-04  1.81348721e-06  2.00260664e-04  9.09868184e-07  2.00260664e-04  1.07683379e-08  2.00260664e-04  1.20000000e+00  2.00260664e-04  0.00000000e+00 
 2.00360664e-04  9.84024351e-01  2.00360664e-04  4.85712561e-01  2.00360664e-04  1.81957377e-06  2.00360664e-04  2.38473311e-07  2.00360664e-04  1.27523670e-08  2.00360664e-04  1.20000000e+00  2.00360664e-04  0.00000000e+00 
 2.00460664e-04  9.89143085e-01  2.00460664e-04  4.85641018e-01  2.00460664e-04  1.81348813e-06  2.00460664e-04  9.14083032e-07  2.00460664e-04  1.08278739e-08  2.00460664e-04  1.20000000e+00  2.00460664e-04  0.00000000e+00 
 2.00560664e-04  9.94284422e-01  2.00560664e-04  4.85713826e-01  2.00560664e-04  1.81957286e-06  2.00560664e-04  2.43168522e-07  2.00560664e-04  1.28074000e-08  2.00560664e-04  1.20000000e+00  2.00560664e-04  0.00000000e+00 
 2.00660664e-04  9.99447948e-01  2.00660664e-04  4.85642471e-01  2.00660664e-04  1.81348904e-06  2.00660664e-04  9.19397963e-07  2.00660664e-04  1.08876016e-08  2.00660664e-04  1.20000000e+00  2.00660664e-04  0.00000000e+00 
 2.00760664e-04  1.00463976e+00  2.00760664e-04  4.85715203e-01  2.00760664e-04  1.81957195e-06  2.00760664e-04  2.49114509e-07  2.00760664e-04  1.28626887e-08  2.00760664e-04  1.20000000e+00  2.00760664e-04  0.00000000e+00 
 2.00860664e-04  1.00986022e+00  2.00860664e-04  4.85644036e-01  2.00860664e-04  1.81348995e-06  2.00860664e-04  9.26133780e-07  2.00860664e-04  1.09476434e-08  2.00860664e-04  1.20000000e+00  2.00860664e-04  0.00000000e+00 
 2.00960664e-04  1.01511630e+00  2.00960664e-04  4.85716742e-01  2.00960664e-04  1.81957104e-06  2.00960664e-04  2.56676525e-07  2.00960664e-04  1.29183710e-08  2.00960664e-04  1.20000000e+00  2.00960664e-04  0.00000000e+00 
 2.01060664e-04  1.02040939e+00  2.01060664e-04  4.85645771e-01  2.01060664e-04  1.81349086e-06  2.01060664e-04  9.34708404e-07  2.01060664e-04  1.10081561e-08  2.01060664e-04  1.20000000e+00  2.01060664e-04  0.00000000e+00 
 2.01160664e-04  1.02574760e+00  2.01160664e-04  4.85718502e-01  2.01160664e-04  1.81957014e-06  2.01160664e-04  2.66331432e-07  2.01160664e-04  1.29746236e-08  2.01160664e-04  1.20000000e+00  2.01160664e-04  0.00000000e+00 
 2.01260664e-04  1.03113366e+00  2.01260664e-04  4.85647750e-01  2.01260664e-04  1.81349176e-06  2.01260664e-04  9.45669159e-07  2.01260664e-04  1.10693408e-08  2.01260664e-04  1.20000000e+00  2.01260664e-04  0.00000000e+00 
 2.01360664e-04  1.03657869e+00  2.01360664e-04  4.85720741e-01  2.01360664e-04  1.81956924e-06  2.01360664e-04  2.79030757e-07  2.01360664e-04  1.30316179e-08  2.01360664e-04  1.20000000e+00  2.01360664e-04  0.00000000e+00 
 2.01460664e-04  1.04208613e+00  2.01460664e-04  4.85650200e-01  2.01460664e-04  1.81349266e-06  2.01460664e-04  9.59842654e-07  2.01460664e-04  1.11314774e-08  2.01460664e-04  1.20000000e+00  2.01460664e-04  0.00000000e+00 
 2.01560664e-04  1.04766712e+00  2.01560664e-04  4.85722844e-01  2.01560664e-04  1.81956834e-06  2.01560664e-04  2.94946529e-07  2.01560664e-04  1.30897825e-08  2.01560664e-04  1.20000000e+00  2.01560664e-04  0.00000000e+00 
 2.01660664e-04  1.05332914e+00  2.01660664e-04  4.85653492e-01  2.01660664e-04  1.81349355e-06  2.01660664e-04  9.78103057e-07  2.01660664e-04  1.11948765e-08  2.01660664e-04  1.20000000e+00  2.01660664e-04  0.00000000e+00 
 2.01760664e-04  1.05908573e+00  2.01760664e-04  4.85725096e-01  2.01760664e-04  1.81956744e-06  2.01760664e-04  3.15495953e-07  2.01760664e-04  1.31494442e-08  2.01760664e-04  1.20000000e+00  2.01760664e-04  0.00000000e+00 
 2.01860664e-04  1.06494779e+00  2.01860664e-04  4.85657700e-01  2.01860664e-04  1.81349444e-06  2.01860664e-04  1.00174330e-06  2.01860664e-04  1.12599637e-08  2.01860664e-04  1.20000000e+00  2.01860664e-04  0.00000000e+00 
 2.01960664e-04  1.07093192e+00  2.01960664e-04  4.85727629e-01  2.01960664e-04  1.81956656e-06  2.01960664e-04  3.42102739e-07  2.01960664e-04  1.32111150e-08  2.01960664e-04  1.20000000e+00  2.01960664e-04  0.00000000e+00 
 2.02060664e-04  1.07705373e+00  2.02060664e-04  4.85663013e-01  2.02060664e-04  1.81349530e-06  2.02060664e-04  1.03246968e-06  2.02060664e-04  1.13272957e-08  2.02060664e-04  1.20000000e+00  2.02060664e-04  0.00000000e+00 
 2.02160664e-04  1.08333333e+00  2.02160664e-04  4.85730425e-01  2.02160664e-04  1.81956570e-06  2.02160664e-04  3.76584516e-07  2.02160664e-04  1.32754595e-08  2.02160664e-04  1.20000000e+00  2.02160664e-04  0.00000000e+00 
 2.02260664e-04  1.08979286e+00  2.02260664e-04  4.85669730e-01  2.02260664e-04  1.81349614e-06  2.02260664e-04  1.07249117e-06  2.02260664e-04  1.13975933e-08  2.02260664e-04  1.20000000e+00  2.02260664e-04  0.00000000e+00 
 2.02360664e-04  1.09645422e+00  2.02360664e-04  4.85733865e-01  2.02360664e-04  1.81956487e-06  2.02360664e-04  4.20780338e-07  2.02360664e-04  1.33434105e-08  2.02360664e-04  1.20000000e+00  2.02360664e-04  0.00000000e+00 
 2.02460664e-04  1.10334416e+00  2.02460664e-04  4.85675597e-01  2.02460664e-04  1.81349695e-06  2.02460664e-04  1.12323765e-06  2.02460664e-04  1.14717523e-08  2.02460664e-04  1.20000000e+00  2.02460664e-04  0.00000000e+00 
 2.02560664e-04  1.11049905e+00  2.02560664e-04  4.85739635e-01  2.02560664e-04  1.81956407e-06  2.02560664e-04  4.78835459e-07  2.02560664e-04  1.34157908e-08  2.02560664e-04  1.20000000e+00  2.02560664e-04  0.00000000e+00 
 2.02660664e-04  1.11794015e+00  2.02660664e-04  4.85676880e-01  2.02660664e-04  1.81349775e-06  2.02660664e-04  1.18677253e-06  2.02660664e-04  1.15509997e-08  2.02660664e-04  1.20000000e+00  2.02660664e-04  0.00000000e+00 
 2.02760664e-04  1.12570969e+00  2.02760664e-04  4.85746729e-01  2.02760664e-04  1.81956326e-06  2.02760664e-04  5.50878296e-07  2.02760664e-04  1.34936499e-08  2.02760664e-04  1.20000000e+00  2.02760664e-04  0.00000000e+00 
 2.02860664e-04  1.13381778e+00  2.02860664e-04  4.85674671e-01  2.02860664e-04  1.81349857e-06  2.02860664e-04  1.26193848e-06  2.02860664e-04  1.16365613e-08  2.02860664e-04  1.20000000e+00  2.02860664e-04  0.00000000e+00 
 2.02960664e-04  1.14223328e+00  2.02960664e-04  4.85736833e-01  2.02960664e-04  1.81956245e-06  2.02960664e-04  6.18700883e-07  2.02960664e-04  1.35778933e-08  2.02960664e-04  1.20000000e+00  2.02960664e-04  0.00000000e+00 
 2.03060664e-04  1.15086511e+00  2.03060664e-04  4.85650911e-01  2.03060664e-04  1.81349942e-06  2.03060664e-04  1.31063441e-06  2.03060664e-04  1.17276643e-08  2.03060664e-04  1.20000000e+00  2.03060664e-04  0.00000000e+00 
 2.03160664e-04  1.15947467e+00  2.03160664e-04  4.85686278e-01  2.03160664e-04  1.81956167e-06  2.03160664e-04  6.14851461e-07  2.03160664e-04  1.36653167e-08  2.03160664e-04  1.20000000e+00  2.03160664e-04  0.00000000e+00 
 2.03260664e-04  1.16767616e+00  2.03260664e-04  4.85576732e-01  2.03260664e-04  1.81350032e-06  2.03260664e-04  1.22300173e-06  2.03260664e-04  1.18168546e-08  2.03260664e-04  1.20000000e+00  2.03260664e-04  0.00000000e+00 
 2.03360664e-04  1.17502254e+00  2.03360664e-04  4.85591339e-01  2.03360664e-04  1.81956096e-06  2.03360664e-04  4.28068682e-07  2.03360664e-04  1.37433546e-08  2.03360664e-04  1.20000000e+00  2.03360664e-04  0.00000000e+00 
 2.03460664e-04  1.18118842e+00  2.03460664e-04  4.85396275e-01  2.03460664e-04  1.81350226e-06  2.03460664e-04  9.64415856e-07  2.03460664e-04  1.18889661e-08  2.03460664e-04  1.20000000e+00  2.03460664e-04  0.00000000e+00 
 2.03560664e-04  1.18606540e+00  2.03560664e-04  4.85069297e-01  2.03560664e-04  1.81956307e-06  2.03560664e-04  1.43828518e-07  2.03560664e-04  1.37996451e-08  2.03560664e-04  1.20000000e+00  2.03560664e-04  0.00000000e+00 
 2.03660664e-04  1.18975332e+00  2.03660664e-04  4.85421992e-01  2.03660664e-04  1.81349907e-06  2.03660664e-04  7.01775354e-07  2.03660664e-04  1.19283220e-08  2.03660664e-04  1.20000000e+00  2.03660664e-04  0.00000000e+00 
 2.03760664e-04  1.19247428e+00  2.03760664e-04  4.85486361e-01  2.03760664e-04  1.81956394e-06  2.03760664e-04 -7.07558321e-08  2.03760664e-04  1.38342648e-08  2.03760664e-04  1.20000000e+00  2.03760664e-04  0.00000000e+00 
 2.03860664e-04  1.19445587e+00  2.03860664e-04  4.85622287e-01  2.03860664e-04  1.81349703e-06  2.03860664e-04  5.38090348e-07  2.03860664e-04  1.19522340e-08  2.03860664e-04  1.20000000e+00  2.03860664e-04  0.00000000e+00 
 2.03960664e-04  1.19589325e+00  2.03960664e-04  4.85570590e-01  2.03960664e-04  1.81956540e-06  2.03960664e-04 -1.91891468e-07  2.03960664e-04  1.38528595e-08  2.03960664e-04  1.20000000e+00  2.03960664e-04  0.00000000e+00 
 2.04060664e-04  1.19693181e+00  2.04060664e-04  4.85620066e-01  2.04060664e-04  1.81349563e-06  2.04060664e-04  4.49888844e-07  2.04060664e-04  1.19642944e-08  2.04060664e-04  1.20000000e+00  2.04060664e-04  0.00000000e+00 
 2.04160664e-04  1.19768344e+00  2.04160664e-04  4.85597824e-01  2.04160664e-04  1.81956654e-06  2.04160664e-04 -2.55964038e-07  2.04160664e-04  1.38623512e-08  2.04160664e-04  1.20000000e+00  2.04160664e-04  0.00000000e+00 
 2.04260664e-04  1.19822446e+00  2.04260664e-04  4.85615609e-01  2.04260664e-04  1.81349462e-06  2.04260664e-04  4.03495025e-07  2.04260664e-04  1.19707157e-08  2.04260664e-04  1.20000000e+00  2.04260664e-04  0.00000000e+00 
 2.04360664e-04  1.19861595e+00  2.04360664e-04  4.85611560e-01  2.04360664e-04  1.81956735e-06  2.04360664e-04 -2.89543928e-07  2.04360664e-04  1.38671314e-08  2.04360664e-04  1.20000000e+00  2.04360664e-04  0.00000000e+00 
 2.04460664e-04  1.19889689e+00  2.04460664e-04  4.85610648e-01  2.04460664e-04  1.81349394e-06  2.04460664e-04  3.79322467e-07  2.04460664e-04  1.19742365e-08  2.04460664e-04  1.20000000e+00  2.04460664e-04  0.00000000e+00 
 2.04560664e-04  1.19910070e+00  2.04560664e-04  4.85619970e-01  2.04560664e-04  1.81956788e-06  2.04560664e-04 -3.07051572e-07  2.04560664e-04  1.38693952e-08  2.04560664e-04  1.20000000e+00  2.04560664e-04  0.00000000e+00 
 2.04660664e-04  1.19924627e+00  2.04660664e-04  4.85606857e-01  2.04660664e-04  1.81349353e-06  2.04660664e-04  3.66769881e-07  2.04660664e-04  1.19763139e-08  2.04660664e-04  1.20000000e+00  2.04660664e-04  0.00000000e+00 
 2.04760664e-04  1.19935247e+00  2.04760664e-04  4.85625219e-01  2.04760664e-04  1.81956817e-06  2.04760664e-04 -3.16175635e-07  2.04760664e-04  1.38702969e-08  2.04760664e-04  1.20000000e+00  2.04760664e-04  0.00000000e+00 
 2.04860664e-04  1.19942768e+00  2.04860664e-04  4.85604059e-01  2.04860664e-04  1.81349333e-06  2.04860664e-04  3.60270734e-07  2.04860664e-04  1.19776890e-08  2.04860664e-04  1.20000000e+00  2.04860664e-04  0.00000000e+00 
 2.04930337e-04  1.19946827e+00  2.04930337e-04  4.85629081e-01  2.04930337e-04  1.81956829e-06  2.04930337e-04 -3.20409870e-07  2.04930337e-04  1.38702443e-08  2.04930337e-04  1.20000000e+00  2.04930337e-04  0.00000000e+00 
 2.05000010e-04  1.19949923e+00  2.05000010e-04  4.85601065e-01  2.05000010e-04  1.81349331e-06  2.05000010e-04  3.57756177e-07  2.05000010e-04  1.19789055e-08  2.05000010e-04  1.20000000e+00  2.05000010e-04  0.00000000e+00 
 2.05000011e-04  1.19948543e+00  2.05000011e-04  4.83117225e-01  2.05000011e-04  2.40353781e-06  2.05000011e-04 -1.04788490e-05  2.05000011e-04  1.76821122e-06  2.05000011e-04  1.08000001e+00  2.05000011e-04  0.00000000e+00 
 2.05000013e-04  1.19945258e+00  2.05000013e-04  4.77711312e-01  2.05000013e-04  2.55237250e-06  2.05000013e-04 -1.12683520e-05  2.05000013e-04  2.26554991e-06  2.05000013e-04  8.40000000e-01  2.05000013e-04  0.00000000e+00 
 2.05000016e-04  1.19938412e+00  2.05000016e-04  4.68231849e-01  2.05000016e-04  2.43635077e-06  2.05000016e-04 -4.63787789e-06  2.05000016e-04  1.81636618e-06  2.05000016e-04  4.20000001e-01  2.05000016e-04  0.00000000e+00 
 2.05000020e-04  1.19931899e+00  2.05000020e-04  4.61583279e-01  2.05000020e-04  2.18046018e-06  2.05000020e-04  1.76433465e-06  2.05000020e-04  1.05618096e-06  2.05000020e-04  0.00000000e+00  2.05000020e-04  0.00000000e+00 
 2.05000021e-04  1.19931759e+00  2.05000021e-04  4.62192630e-01  2.05000021e-04  1.64666804e-06  2.05000021e-04  7.08462206e-06  2.05000021e-04 -5.62690160e-07  2.05000021e-04  0.00000000e+00  2.05000021e-04  0.00000000e+00 
 2.05000022e-04  1.19931631e+00  2.05000022e-04  4.63452419e-01  2.05000022e-04  1.58025587e-06  2.05000022e-04  9.01454608e-06  2.05000022e-04 -8.56005090e-07  2.05000022e-04  0.00000000e+00  2.05000022e-04  0.00000000e+00 
 2.05000025e-04  1.19931485e+00  2.05000025e-04  4.65715582e-01  2.05000025e-04  1.67978559e-06  2.05000025e-04  7.74793314e-06  2.05000025e-04 -4.47987507e-07  2.05000025e-04  0.00000000e+00  2.05000025e-04  0.00000000e+00 
 2.05000030e-04  1.19931353e+00  2.05000030e-04  4.69481428e-01  2.05000030e-04  1.64337271e-06  2.05000030e-04  8.59733549e-06  2.05000030e-04 -6.02964428e-07  2.05000030e-04  0.00000000e+00  2.05000030e-04  0.00000000e+00 
 2.05000041e-04  1.19931727e+00  2.05000041e-04  4.75392360e-01  2.05000041e-04  1.73819487e-06  2.05000041e-04  5.48772022e-06  2.05000041e-04 -2.06605176e-07  2.05000041e-04  0.00000000e+00  2.05000041e-04  0.00000000e+00 
 2.05000062e-04  1.19933964e+00  2.05000062e-04  4.83486544e-01  2.05000062e-04  1.71215476e-06  2.05000062e-04  3.02102741e-06  2.05000062e-04 -3.22070460e-07  2.05000062e-04  0.00000000e+00  2.05000062e-04  0.00000000e+00 
 2.05000105e-04  1.19941854e+00  2.05000105e-04  4.92632200e-01  2.05000105e-04  1.80226797e-06  2.05000105e-04 -2.18875224e-06  2.05000105e-04  3.88588546e-08  2.05000105e-04  0.00000000e+00  2.05000105e-04  0.00000000e+00 
 2.05000191e-04  1.19961367e+00  2.05000191e-04  4.99996723e-01  2.05000191e-04  1.76933769e-06  2.05000191e-04 -4.52149695e-06  2.05000191e-04 -1.35444381e-07  2.05000191e-04  0.00000000e+00  2.05000191e-04  0.00000000e+00 
 2.05000302e-04  1.19981435e+00  2.05000302e-04  5.01522229e-01  2.05000302e-04  1.84646374e-06  2.05000302e-04 -7.22539723e-06  2.05000302e-04  1.46002608e-07  2.05000302e-04  0.00000000e+00  2.05000302e-04  0.00000000e+00 
 2.05000497e-04  1.19990831e+00  2.05000497e-04  4.90750010e-01  2.05000497e-04  1.81885919e-06  2.05000497e-04 -3.12636595e-06  2.05000497e-04 -3.40154787e-08  2.05000497e-04  0.00000000e+00  2.05000497e-04  0.00000000e+00 
 2.05000738e-04  1.19990926e+00  2.05000738e-04  4.83866417e-01  2.05000738e-04  1.83722440e-06  2.05000738e-04 -7.57436247e-07  2.05000738e-04  1.02775739e-07  2.05000738e-04  0.00000000e+00  2.05000738e-04  0.00000000e+00 
 2.05000966e-04  1.19990914e+00  2.05000966e-04  4.84053539e-01  2.05000966e-04  1.79684601e-06  2.05000966e-04  2.11352401e-07  2.05000966e-04 -7.92967024e-08  2.05000966e-04  0.00000000e+00  2.05000966e-04  0.00000000e+00 
 2.05001316e-04  1.19990855e+00  2.05001316e-04  4.84375031e-01  2.05001316e-04  1.83504666e-06  2.05001316e-04 -3.23600025e-07  2.05001316e-04  1.02256852e-07  2.05001316e-04  0.00000000e+00  2.05001316e-04  0.00000000e+00 
 2.05002016e-04  1.19990641e+00  2.05002016e-04  4.84789032e-01  2.05002016e-04  1.79734551e-06  2.05002016e-04  3.04072669e-07  2.05002016e-04 -7.80440245e-08  2.05002016e-04  0.00000000e+00  2.05002016e-04  0.00000000e+00 
 2.05003414e-04  1.19990229e+00  2.05003414e-04  4.85184637e-01  2.05003414e-04  1.83535583e-06  2.05003414e-04 -3.10327479e-07  2.05003414e-04  1.03127856e-07  2.05003414e-04  0.00000000e+00  2.05003414e-04  0.00000000e+00 
 2.05006212e-04  1.19989456e+00  2.05006212e-04  4.85386547e-01  2.05006212e-04  1.79762529e-06  2.05006212e-04  3.07994147e-07  2.05006212e-04 -7.73850737e-08  2.05006212e-04  0.00000000e+00  2.05006212e-04  0.00000000e+00 
 2.05011807e-04  1.19988082e+00  2.05011807e-04  4.85531880e-01  2.05011807e-04  1.83540837e-06  2.05011807e-04 -3.08303535e-07  2.05011807e-04  1.03219087e-07  2.05011807e-04  0.00000000e+00  2.05011807e-04  0.00000000e+00 
 2.05022997e-04  1.19985725e+00  2.05022997e-04  4.85597046e-01  2.05022997e-04  1.79765392e-06  2.05022997e-04  3.08064219e-07  2.05022997e-04 -7.73657970e-08  2.05022997e-04  0.00000000e+00  2.05022997e-04  0.00000000e+00 
 2.05045378e-04  1.19981995e+00  2.05045378e-04  4.85621008e-01  2.05045378e-04  1.83540722e-06  2.05045378e-04 -3.07986235e-07  2.05045378e-04  1.03215316e-07  2.05045378e-04  0.00000000e+00  2.05045378e-04  0.00000000e+00 
 2.05090139e-04  1.19975990e+00  2.05090139e-04  4.85609698e-01  2.05090139e-04  1.79765490e-06  2.05090139e-04  3.07996337e-07  2.05090139e-04 -7.73622889e-08  2.05090139e-04  0.00000000e+00  2.05090139e-04  0.00000000e+00 
 2.05179662e-04  1.19965007e+00  2.05179662e-04  4.85625909e-01  2.05179662e-04  1.83540635e-06  2.05179662e-04 -3.07943991e-07  2.05179662e-04  1.03212574e-07  2.05179662e-04  0.00000000e+00  2.05179662e-04  0.00000000e+00 
 2.05279662e-04  1.19952738e+00  2.05279662e-04  4.85610065e-01  2.05279662e-04  1.79765551e-06  2.05279662e-04  3.07974932e-07  2.05279662e-04 -7.73622202e-08  2.05279662e-04  0.00000000e+00  2.05279662e-04  0.00000000e+00 
 2.05379662e-04  1.19940481e+00  2.05379662e-04  4.85625951e-01  2.05379662e-04  1.83540575e-06  2.05379662e-04 -3.07919128e-07  2.05379662e-04  1.03210140e-07  2.05379662e-04  0.00000000e+00  2.05379662e-04  0.00000000e+00 
 2.05479662e-04  1.19928217e+00  2.05479662e-04  4.85609994e-01  2.05479662e-04  1.79765612e-06  2.05479662e-04  3.07954956e-07  2.05479662e-04 -7.73622713e-08  2.05479662e-04  0.00000000e+00  2.05479662e-04  0.00000000e+00 
 2.05579662e-04  1.19915967e+00  2.05579662e-04  4.85626084e-01  2.05579662e-04  1.83540512e-06  2.05579662e-04 -3.07894690e-07  2.05579662e-04  1.03207690e-07  2.05579662e-04  0.00000000e+00  2.05579662e-04  0.00000000e+00 
 2.05679662e-04  1.19903710e+00  2.05679662e-04  4.85609895e-01  2.05679662e-04  1.79765676e-06  2.05679662e-04  3.07935386e-07  2.05679662e-04 -7.73623047e-08  2.05679662e-04  0.00000000e+00  2.05679662e-04  0.00000000e+00 
 2.05779662e-04  1.19891467e+00  2.05779662e-04  4.85626225e-01  2.05779662e-04  1.83540448e-06  2.05779662e-04 -3.07870693e-07  2.05779662e-04  1.03205223e-07  2.05779662e-04  0.00000000e+00  2.05779662e-04  0.00000000e+00 
 2.05879662e-04  1.19879217e+00  2.05879662e-04  4.85609798e-01  2.05879662e-04  1.79765741e-06  2.05879662e-04  3.07916226e-07  2.05879662e-04 -7.73623214e-08  2.05879662e-04  0.00000000e+00  2.05879662e-04  0.00000000e+00 
 2.05979662e-04  1.19866981e+00  2.05979662e-04  4.85626359e-01  2.05979662e-04  1.83540382e-06  2.05979662e-04 -3.07847134e-07  2.05979662e-04  1.03202742e-07  2.05979662e-04  0.00000000e+00  2.05979662e-04  0.00000000e+00 
 2.06079662e-04  1.19854738e+00  2.06079662e-04  4.85609710e-01  2.06079662e-04  1.79765808e-06  2.06079662e-04  3.07897468e-07  2.06079662e-04 -7.73623226e-08  2.06079662e-04  0.00000000e+00  2.06079662e-04  0.00000000e+00 
 2.06179662e-04  1.19842508e+00  2.06179662e-04  4.85626485e-01  2.06179662e-04  1.83540315e-06  2.06179662e-04 -3.07824004e-07  2.06179662e-04  1.03200247e-07  2.06179662e-04  0.00000000e+00  2.06179662e-04  0.00000000e+00 
 2.06279662e-04  1.19830272e+00  2.06279662e-04  4.85609632e-01  2.06279662e-04  1.79765875e-06  2.06279662e-04  3.07879102e-07  2.06279662e-04 -7.73623098e-08  2.06279662e-04  0.00000000e+00  2.06279662e-04  0.00000000e+00 
 2.06379662e-04  1.19818050e+00  2.06379662e-04  4.85626601e-01  2.06379662e-04  1.83540248e-06  2.06379662e-04 -3.07801291e-07  2.06379662e-04  1.03197740e-07  2.06379662e-04  0.00000000e+00  2.06379662e-04  0.00000000e+00 
 2.06479662e-04  1.19805820e+00  2.06479662e-04  4.85609565e-01  2.06479662e-04  1.79765942e-06  2.06479662e-04  3.07861116e-07  2.06479662e-04 -7.73622843e-08  2.06479662e-04  0.00000000e+00  2.06479662e-04  0.00000000e+00 
 2.06579662e-04  1.19793604e+00  2.06579662e-04  4.85626707e-01  2.06579662e-04  1.83540180e-06  2.06579662e-04 -3.07778983e-07  2.06579662e-04  1.03195221e-07  2.06579662e-04  0.00000000e+00  2.06579662e-04  0.00000000e+00 
 2.06679662e-04  1.19781382e+00  2.06679662e-04  4.85609508e-01  2.06679662e-04  1.79766010e-06  2.06679662e-04  3.07843497e-07  2.06679662e-04 -7.73622471e-08  2.06679662e-04  0.00000000e+00  2.06679662e-04  0.00000000e+00 
 2.06779662e-04  1.19769173e+00  2.06779662e-04  4.85626804e-01  2.06779662e-04  1.83540112e-06  2.06779662e-04 -3.07757070e-07  2.06779662e-04  1.03192693e-07  2.06779662e-04  0.00000000e+00  2.06779662e-04  0.00000000e+00 
 2.06879662e-04  1.19756957e+00  2.06879662e-04  4.85609460e-01  2.06879662e-04  1.79766078e-06  2.06879662e-04  3.07826236e-07  2.06879662e-04 -7.73621995e-08  2.06879662e-04  0.00000000e+00  2.06879662e-04  0.00000000e+00 
 2.06979662e-04  1.19744754e+00  2.06979662e-04  4.85626893e-01  2.06979662e-04  1.83540044e-06  2.06979662e-04 -3.07735541e-07  2.06979662e-04  1.03190156e-07  2.06979662e-04  0.00000000e+00  2.06979662e-04  0.00000000e+00 
 2.07079662e-04  1.19732545e+00  2.07079662e-04  4.85609421e-01  2.07079662e-04  1.79766146e-06  2.07079662e-04  3.07809321e-07  2.07079662e-04 -7.73621425e-08  2.07079662e-04  0.00000000e+00  2.07079662e-04  0.00000000e+00 
 2.07179662e-04  1.19720349e+00  2.07179662e-04  4.85626975e-01  2.07179662e-04  1.83539976e-06  2.07179662e-04 -3.07714387e-07  2.07179662e-04  1.03187611e-07  2.07179662e-04  0.00000000e+00  2.07179662e-04  0.00000000e+00 
 2.07279662e-04  1.19708147e+00  2.07279662e-04  4.85609391e-01  2.07279662e-04  1.79766214e-06  2.07279662e-04  3.07792745e-07  2.07279662e-04 -7.73620770e-08  2.07279662e-04  0.00000000e+00  2.07279662e-04  0.00000000e+00 
 2.07379662e-04  1.19695957e+00  2.07379662e-04  4.85627049e-01  2.07379662e-04  1.83539908e-06  2.07379662e-04 -3.07693597e-07  2.07379662e-04  1.03185060e-07  2.07379662e-04  0.00000000e+00  2.07379662e-04  0.00000000e+00 
 2.07479662e-04  1.19683762e+00  2.07479662e-04  4.85609368e-01  2.07479662e-04  1.79766283e-06  2.07479662e-04  3.07776499e-07  2.07479662e-04 -7.73620039e-08  2.07479662e-04  0.00000000e+00  2.07479662e-04  0.00000000e+00 
 2.07579662e-04  1.19671579e+00  2.07579662e-04  4.85627117e-01  2.07579662e-04  1.83539839e-06  2.07579662e-04 -3.07673165e-07  2.07579662e-04  1.03182502e-07  2.07579662e-04  0.00000000e+00  2.07579662e-04  0.00000000e+00 
 2.07679662e-04  1.19659389e+00  2.07679662e-04  4.85609352e-01  2.07679662e-04  1.79766351e-06  2.07679662e-04  3.07760575e-07  2.07679662e-04 -7.73619241e-08  2.07679662e-04  0.00000000e+00  2.07679662e-04  0.00000000e+00 
 2.07779662e-04  1.19647213e+00  2.07779662e-04  4.85627179e-01  2.07779662e-04  1.83539771e-06  2.07779662e-04 -3.07653083e-07  2.07779662e-04  1.03179939e-07  2.07779662e-04  0.00000000e+00  2.07779662e-04  0.00000000e+00 
 2.07879662e-04  1.19635030e+00  2.07879662e-04  4.85609342e-01  2.07879662e-04  1.79766419e-06  2.07879662e-04  3.07744966e-07  2.07879662e-04 -7.73618383e-08  2.07879662e-04  0.00000000e+00  2.07879662e-04  0.00000000e+00 
 2.07979662e-04  1.19622860e+00  2.07979662e-04  4.85627237e-01  2.07979662e-04  1.83539703e-06  2.07979662e-04 -3.07633344e-07  2.07979662e-04  1.03177371e-07  2.07979662e-04  0.00000000e+00  2.07979662e-04  0.00000000e+00 
 2.08079662e-04  1.19610684e+00  2.08079662e-04  4.85609339e-01  2.08079662e-04  1.79766487e-06  2.08079662e-04  3.07729666e-07  2.08079662e-04 -7.73617470e-08  2.08079662e-04  0.00000000e+00  2.08079662e-04  0.00000000e+00 
 2.08179662e-04  1.19598521e+00  2.08179662e-04  4.85627289e-01  2.08179662e-04  1.83539635e-06  2.08179662e-04 -3.07613941e-07  2.08179662e-04  1.03174799e-07  2.08179662e-04  0.00000000e+00  2.08179662e-04  0.00000000e+00 
 2.08279662e-04  1.19586351e+00  2.08279662e-04  4.85609341e-01  2.08279662e-04  1.79766555e-06  2.08279662e-04  3.07714669e-07  2.08279662e-04 -7.73616511e-08  2.08279662e-04  0.00000000e+00  2.08279662e-04  0.00000000e+00 
 2.08379662e-04  1.19574194e+00  2.08379662e-04  4.85627338e-01  2.08379662e-04  1.83539567e-06  2.08379662e-04 -3.07594870e-07  2.08379662e-04  1.03172224e-07  2.08379662e-04  0.00000000e+00  2.08379662e-04  0.00000000e+00 
 2.08479662e-04  1.19562030e+00  2.08479662e-04  4.85609347e-01  2.08479662e-04  1.79766623e-06  2.08479662e-04  3.07699970e-07  2.08479662e-04 -7.73615511e-08  2.08479662e-04  0.00000000e+00  2.08479662e-04  0.00000000e+00 
 2.08579662e-04  1.19549880e+00  2.08579662e-04  4.85627383e-01  2.08579662e-04  1.83539499e-06  2.08579662e-04 -3.07576125e-07  2.08579662e-04  1.03169647e-07  2.08579662e-04  0.00000000e+00  2.08579662e-04  0.00000000e+00 
 2.08679662e-04  1.19537723e+00  2.08679662e-04  4.85609359e-01  2.08679662e-04  1.79766691e-06  2.08679662e-04  3.07685565e-07  2.08679662e-04 -7.73614474e-08  2.08679662e-04  0.00000000e+00  2.08679662e-04  0.00000000e+00 
 2.08779662e-04  1.19525578e+00  2.08779662e-04  4.85627424e-01  2.08779662e-04  1.83539431e-06  2.08779662e-04 -3.07557702e-07  2.08779662e-04  1.03167067e-07  2.08779662e-04  0.00000000e+00  2.08779662e-04  0.00000000e+00 
 2.08879662e-04  1.19513427e+00  2.08879662e-04  4.85609375e-01  2.08879662e-04  1.79766758e-06  2.08879662e-04  3.07671449e-07  2.08879662e-04 -7.73613407e-08  2.08879662e-04  0.00000000e+00  2.08879662e-04  0.00000000e+00 
 2.08979662e-04  1.19501289e+00  2.08979662e-04  4.85627462e-01  2.08979662e-04  1.83539364e-06  2.08979662e-04 -3.07539595e-07  2.08979662e-04  1.03164485e-07  2.08979662e-04  0.00000000e+00  2.08979662e-04  0.00000000e+00 
 2.09079662e-04  1.19489145e+00  2.09079662e-04  4.85609395e-01  2.09079662e-04  1.79766826e-06  2.09079662e-04  3.07657618e-07  2.09079662e-04 -7.73612313e-08  2.09079662e-04  0.00000000e+00  2.09079662e-04  0.00000000e+00 
 2.09179662e-04  1.19477013e+00  2.09179662e-04  4.85627498e-01  2.09179662e-04  1.83539296e-06  2.09179662e-04 -3.07521802e-07  2.09179662e-04  1.03161901e-07  2.09179662e-04  0.00000000e+00  2.09179662e-04  0.00000000e+00 
 2.09279662e-04  1.19464875e+00  2.09279662e-04  4.85609419e-01  2.09279662e-04  1.79766893e-06  2.09279662e-04  3.07644069e-07  2.09279662e-04 -7.73611196e-08  2.09279662e-04  0.00000000e+00  2.09279662e-04  0.00000000e+00 
 2.09379662e-04  1.19452749e+00  2.09379662e-04  4.85627531e-01  2.09379662e-04  1.83539229e-06  2.09379662e-04 -3.07504319e-07  2.09379662e-04  1.03159317e-07  2.09379662e-04  0.00000000e+00  2.09379662e-04  0.00000000e+00 
 2.09479662e-04  1.19440617e+00  2.09479662e-04  4.85609446e-01  2.09479662e-04  1.79766960e-06  2.09479662e-04  3.07630799e-07  2.09479662e-04 -7.73610061e-08  2.09479662e-04  0.00000000e+00  2.09479662e-04  0.00000000e+00 
 2.09579662e-04  1.19428497e+00  2.09579662e-04  4.85627561e-01  2.09579662e-04  1.83539162e-06  2.09579662e-04 -3.07487143e-07  2.09579662e-04  1.03156732e-07  2.09579662e-04  0.00000000e+00  2.09579662e-04  0.00000000e+00 
 2.09679662e-04  1.19416372e+00  2.09679662e-04  4.85609477e-01  2.09679662e-04  1.79767027e-06  2.09679662e-04  3.07617805e-07  2.09679662e-04 -7.73608910e-08  2.09679662e-04  0.00000000e+00  2.09679662e-04  0.00000000e+00 
 2.09779662e-04  1.19404258e+00  2.09779662e-04  4.85627590e-01  2.09779662e-04  1.83539095e-06  2.09779662e-04 -3.07470271e-07  2.09779662e-04  1.03154146e-07  2.09779662e-04  0.00000000e+00  2.09779662e-04  0.00000000e+00 
 2.09879662e-04  1.19392139e+00  2.09879662e-04  4.85609511e-01  2.09879662e-04  1.79767094e-06  2.09879662e-04  3.07605084e-07  2.09879662e-04 -7.73607748e-08  2.09879662e-04  0.00000000e+00  2.09879662e-04  0.00000000e+00 
 2.09979662e-04  1.19380031e+00  2.09979662e-04  4.85627616e-01  2.09979662e-04  1.83539029e-06  2.09979662e-04 -3.07453700e-07  2.09979662e-04  1.03151561e-07  2.09979662e-04  0.00000000e+00  2.09979662e-04  0.00000000e+00 
 2.10079662e-04  1.19367918e+00  2.10079662e-04  4.85609548e-01  2.10079662e-04  1.79767160e-06  2.10079662e-04  3.07592635e-07  2.10079662e-04 -7.73606577e-08  2.10079662e-04  0.00000000e+00  2.10079662e-04  0.00000000e+00 
 2.10179662e-04  1.19355816e+00  2.10179662e-04  4.85627642e-01  2.10179662e-04  1.83538962e-06  2.10179662e-04 -3.07437428e-07  2.10179662e-04  1.03148976e-07  2.10179662e-04  0.00000000e+00  2.10179662e-04  0.00000000e+00 
 2.10279662e-04  1.19343709e+00  2.10279662e-04  4.85609588e-01  2.10279662e-04  1.79767226e-06  2.10279662e-04  3.07580456e-07  2.10279662e-04 -7.73605400e-08  2.10279662e-04  0.00000000e+00  2.10279662e-04  0.00000000e+00 
 2.10379662e-04  1.19331613e+00  2.10379662e-04  4.85627665e-01  2.10379662e-04  1.83538896e-06  2.10379662e-04 -3.07421454e-07  2.10379662e-04  1.03146391e-07  2.10379662e-04  0.00000000e+00  2.10379662e-04  0.00000000e+00 
 2.10479662e-04  1.19319512e+00  2.10479662e-04  4.85609630e-01  2.10479662e-04  1.79767292e-06  2.10479662e-04  3.07568545e-07  2.10479662e-04 -7.73604220e-08  2.10479662e-04  0.00000000e+00  2.10479662e-04  0.00000000e+00 
 2.10579662e-04  1.19307423e+00  2.10579662e-04  4.85627688e-01  2.10579662e-04  1.83538830e-06  2.10579662e-04 -3.07405775e-07  2.10579662e-04  1.03143807e-07  2.10579662e-04  0.00000000e+00  2.10579662e-04  0.00000000e+00 
 2.10679662e-04  1.19295327e+00  2.10679662e-04  4.85609675e-01  2.10679662e-04  1.79767358e-06  2.10679662e-04  3.07556900e-07  2.10679662e-04 -7.73603038e-08  2.10679662e-04  0.00000000e+00  2.10679662e-04  0.00000000e+00 
 2.10779662e-04  1.19283244e+00  2.10779662e-04  4.85627709e-01  2.10779662e-04  1.83538765e-06  2.10779662e-04 -3.07390391e-07  2.10779662e-04  1.03141224e-07  2.10779662e-04  0.00000000e+00  2.10779662e-04  0.00000000e+00 
 2.10879662e-04  1.19271154e+00  2.10879662e-04  4.85609723e-01  2.10879662e-04  1.79767424e-06  2.10879662e-04  3.07545521e-07  2.10879662e-04 -7.73601857e-08  2.10879662e-04  0.00000000e+00  2.10879662e-04  0.00000000e+00 
 2.10979662e-04  1.19259077e+00  2.10979662e-04  4.85627729e-01  2.10979662e-04  1.83538699e-06  2.10979662e-04 -3.07375299e-07  2.10979662e-04  1.03138642e-07  2.10979662e-04  0.00000000e+00  2.10979662e-04  0.00000000e+00 
 2.11079662e-04  1.19246993e+00  2.11079662e-04  4.85609773e-01  2.11079662e-04  1.79767489e-06  2.11079662e-04  3.07534406e-07  2.11079662e-04 -7.73600679e-08  2.11079662e-04  0.00000000e+00  2.11079662e-04  0.00000000e+00 
 2.11179662e-04  1.19234922e+00  2.11179662e-04  4.85627748e-01  2.11179662e-04  1.83538634e-06  2.11179662e-04 -3.07360498e-07  2.11179662e-04  1.03136062e-07  2.11179662e-04  0.00000000e+00  2.11179662e-04  0.00000000e+00 
 2.11279662e-04  1.19222844e+00  2.11279662e-04  4.85609826e-01  2.11279662e-04  1.79767554e-06  2.11279662e-04  3.07523555e-07  2.11279662e-04 -7.73599506e-08  2.11279662e-04  0.00000000e+00  2.11279662e-04  0.00000000e+00 
 2.11379662e-04  1.19210778e+00  2.11379662e-04  4.85627767e-01  2.11379662e-04  1.83538569e-06  2.11379662e-04 -3.07345989e-07  2.11379662e-04  1.03133483e-07  2.11379662e-04  0.00000000e+00  2.11379662e-04  0.00000000e+00 
 2.11479662e-04  1.19198707e+00  2.11479662e-04  4.85609880e-01  2.11479662e-04  1.79767619e-06  2.11479662e-04  3.07512967e-07  2.11479662e-04 -7.73598340e-08  2.11479662e-04  0.00000000e+00  2.11479662e-04  0.00000000e+00 
 2.11579662e-04  1.19186646e+00  2.11579662e-04  4.85627785e-01  2.11579662e-04  1.83538504e-06  2.11579662e-04 -3.07331770e-07  2.11579662e-04  1.03130906e-07  2.11579662e-04  0.00000000e+00  2.11579662e-04  0.00000000e+00 
 2.11679662e-04  1.19174581e+00  2.11679662e-04  4.85609937e-01  2.11679662e-04  1.79767683e-06  2.11679662e-04  3.07502642e-07  2.11679662e-04 -7.73597182e-08  2.11679662e-04  0.00000000e+00  2.11679662e-04  0.00000000e+00 
 2.11779662e-04  1.19162526e+00  2.11779662e-04  4.85627803e-01  2.11779662e-04  1.83538440e-06  2.11779662e-04 -3.07317841e-07  2.11779662e-04  1.03128330e-07  2.11779662e-04  0.00000000e+00  2.11779662e-04  0.00000000e+00 
 2.11879662e-04  1.19150466e+00  2.11879662e-04  4.85609996e-01  2.11879662e-04  1.79767748e-06  2.11879662e-04  3.07492579e-07  2.11879662e-04 -7.73596034e-08  2.11879662e-04  0.00000000e+00  2.11879662e-04  0.00000000e+00 
 2.11979662e-04  1.19138417e+00  2.11979662e-04  4.85627819e-01  2.11979662e-04  1.83538376e-06  2.11979662e-04 -3.07304201e-07  2.11979662e-04  1.03125757e-07  2.11979662e-04  0.00000000e+00  2.11979662e-04  0.00000000e+00 
 2.12079662e-04  1.19126363e+00  2.12079662e-04  4.85610057e-01  2.12079662e-04  1.79767812e-06  2.12079662e-04  3.07482779e-07  2.12079662e-04 -7.73594896e-08  2.12079662e-04  0.00000000e+00  2.12079662e-04  0.00000000e+00 
 2.12179662e-04  1.19114320e+00  2.12179662e-04  4.85627836e-01  2.12179662e-04  1.83538312e-06  2.12179662e-04 -3.07290850e-07  2.12179662e-04  1.03123185e-07  2.12179662e-04  0.00000000e+00  2.12179662e-04  0.00000000e+00 
 2.12279662e-04  1.19102272e+00  2.12279662e-04  4.85610120e-01  2.12279662e-04  1.79767875e-06  2.12279662e-04  3.07473243e-07  2.12279662e-04 -7.73593771e-08  2.12279662e-04  0.00000000e+00  2.12279662e-04  0.00000000e+00 
 2.12379662e-04  1.19090234e+00  2.12379662e-04  4.85627852e-01  2.12379662e-04  1.83538248e-06  2.12379662e-04 -3.07277789e-07  2.12379662e-04  1.03120616e-07  2.12379662e-04  0.00000000e+00  2.12379662e-04  0.00000000e+00 
 2.12479662e-04  1.19078192e+00  2.12479662e-04  4.85610185e-01  2.12479662e-04  1.79767939e-06  2.12479662e-04  3.07463969e-07  2.12479662e-04 -7.73592660e-08  2.12479662e-04  0.00000000e+00  2.12479662e-04  0.00000000e+00 
 2.12579662e-04  1.19066160e+00  2.12579662e-04  4.85627868e-01  2.12579662e-04  1.83538185e-06  2.12579662e-04 -3.07265018e-07  2.12579662e-04  1.03118049e-07  2.12579662e-04  0.00000000e+00  2.12579662e-04  0.00000000e+00 
 2.12679662e-04  1.19054123e+00  2.12679662e-04  4.85610252e-01  2.12679662e-04  1.79768002e-06  2.12679662e-04  3.07454959e-07  2.12679662e-04 -7.73591563e-08  2.12679662e-04  0.00000000e+00  2.12679662e-04  0.00000000e+00 
 2.12779662e-04  1.19042097e+00  2.12779662e-04  4.85627884e-01  2.12779662e-04  1.83538122e-06  2.12779662e-04 -3.07252536e-07  2.12779662e-04  1.03115485e-07  2.12779662e-04  0.00000000e+00  2.12779662e-04  0.00000000e+00 
 2.12879662e-04  1.19030065e+00  2.12879662e-04  4.85610321e-01  2.12879662e-04  1.79768065e-06  2.12879662e-04  3.07446213e-07  2.12879662e-04 -7.73590482e-08  2.12879662e-04  0.00000000e+00  2.12879662e-04  0.00000000e+00 
 2.12979662e-04  1.19018045e+00  2.12979662e-04  4.85627900e-01  2.12979662e-04  1.83538059e-06  2.12979662e-04 -3.07240346e-07  2.12979662e-04  1.03112923e-07  2.12979662e-04  0.00000000e+00  2.12979662e-04  0.00000000e+00 
 2.13079662e-04  1.19006019e+00  2.13079662e-04  4.85610392e-01  2.13079662e-04  1.79768128e-06  2.13079662e-04  3.07437733e-07  2.13079662e-04 -7.73589418e-08  2.13079662e-04  0.00000000e+00  2.13079662e-04  0.00000000e+00 
 2.13179662e-04  1.18994004e+00  2.13179662e-04  4.85627915e-01  2.13179662e-04  1.83537997e-06  2.13179662e-04 -3.07228446e-07  2.13179662e-04  1.03110363e-07  2.13179662e-04  0.00000000e+00  2.13179662e-04  0.00000000e+00 
 2.13279662e-04  1.18981983e+00  2.13279662e-04  4.85610464e-01  2.13279662e-04  1.79768190e-06  2.13279662e-04  3.07429519e-07  2.13279662e-04 -7.73588371e-08  2.13279662e-04  0.00000000e+00  2.13279662e-04  0.00000000e+00 
 2.13379662e-04  1.18969974e+00  2.13379662e-04  4.85627931e-01  2.13379662e-04  1.83537935e-06  2.13379662e-04 -3.07216839e-07  2.13379662e-04  1.03107807e-07  2.13379662e-04  0.00000000e+00  2.13379662e-04  0.00000000e+00 
 2.13479662e-04  1.18957959e+00  2.13479662e-04  4.85610539e-01  2.13479662e-04  1.79768252e-06  2.13479662e-04  3.07421572e-07  2.13479662e-04 -7.73587343e-08  2.13479662e-04  0.00000000e+00  2.13479662e-04  0.00000000e+00 
 2.13579662e-04  1.18945955e+00  2.13579662e-04  4.85627946e-01  2.13579662e-04  1.83537872e-06  2.13579662e-04 -3.07205524e-07  2.13579662e-04  1.03105253e-07  2.13579662e-04  0.00000000e+00  2.13579662e-04  0.00000000e+00 
 2.13679662e-04  1.18933945e+00  2.13679662e-04  4.85610615e-01  2.13679662e-04  1.79768314e-06  2.13679662e-04  3.07413893e-07  2.13679662e-04 -7.73586334e-08  2.13679662e-04  0.00000000e+00  2.13679662e-04  0.00000000e+00 
 2.13779662e-04  1.18921947e+00  2.13779662e-04  4.85627962e-01  2.13779662e-04  1.83537811e-06  2.13779662e-04 -3.07194504e-07  2.13779662e-04  1.03102702e-07  2.13779662e-04  0.00000000e+00  2.13779662e-04  0.00000000e+00 
 2.13879662e-04  1.18909943e+00  2.13879662e-04  4.85610694e-01  2.13879662e-04  1.79768376e-06  2.13879662e-04  3.07406484e-07  2.13879662e-04 -7.73585346e-08  2.13879662e-04  0.00000000e+00  2.13879662e-04  0.00000000e+00 
 2.13979662e-04  1.18897950e+00  2.13979662e-04  4.85627977e-01  2.13979662e-04  1.83537749e-06  2.13979662e-04 -3.07183779e-07  2.13979662e-04  1.03100154e-07  2.13979662e-04  0.00000000e+00  2.13979662e-04  0.00000000e+00 
 2.14079662e-04  1.18885951e+00  2.14079662e-04  4.85610774e-01  2.14079662e-04  1.79768437e-06  2.14079662e-04  3.07399347e-07  2.14079662e-04 -7.73584378e-08  2.14079662e-04  0.00000000e+00  2.14079662e-04  0.00000000e+00 
 2.14179662e-04  1.18873964e+00  2.14179662e-04  4.85627993e-01  2.14179662e-04  1.83537688e-06  2.14179662e-04 -3.07173351e-07  2.14179662e-04  1.03097608e-07  2.14179662e-04  0.00000000e+00  2.14179662e-04  0.00000000e+00 
 2.14279662e-04  1.18861970e+00  2.14279662e-04  4.85610856e-01  2.14279662e-04  1.79768498e-06  2.14279662e-04  3.07392483e-07  2.14279662e-04 -7.73583433e-08  2.14279662e-04  0.00000000e+00  2.14279662e-04  0.00000000e+00 
 2.14379662e-04  1.18849988e+00  2.14379662e-04  4.85628009e-01  2.14379662e-04  1.83537627e-06  2.14379662e-04 -3.07163222e-07  2.14379662e-04  1.03095066e-07  2.14379662e-04  0.00000000e+00  2.14379662e-04  0.00000000e+00 
 2.14479662e-04  1.18838000e+00  2.14479662e-04  4.85610940e-01  2.14479662e-04  1.79768558e-06  2.14479662e-04  3.07385893e-07  2.14479662e-04 -7.73582509e-08  2.14479662e-04  0.00000000e+00  2.14479662e-04  0.00000000e+00 
 2.14579662e-04  1.18826023e+00  2.14579662e-04  4.85628025e-01  2.14579662e-04  1.83537567e-06  2.14579662e-04 -3.07153392e-07  2.14579662e-04  1.03092527e-07  2.14579662e-04  0.00000000e+00  2.14579662e-04  0.00000000e+00 
 2.14679662e-04  1.18814041e+00  2.14679662e-04  4.85611025e-01  2.14679662e-04  1.79768619e-06  2.14679662e-04  3.07379581e-07  2.14679662e-04 -7.73581609e-08  2.14679662e-04  0.00000000e+00  2.14679662e-04  0.00000000e+00 
 2.14779662e-04  1.18802069e+00  2.14779662e-04  4.85628041e-01  2.14779662e-04  1.83537507e-06  2.14779662e-04 -3.07143865e-07  2.14779662e-04  1.03089992e-07  2.14779662e-04  0.00000000e+00  2.14779662e-04  0.00000000e+00 
 2.14879662e-04  1.18790092e+00  2.14879662e-04  4.85611113e-01  2.14879662e-04  1.79768679e-06  2.14879662e-04  3.07373547e-07  2.14879662e-04 -7.73580733e-08  2.14879662e-04  0.00000000e+00  2.14879662e-04  0.00000000e+00 
 2.14939831e-04  1.18782893e+00  2.14939831e-04  4.85628039e-01  2.14939831e-04  1.83537427e-06  2.14939831e-04 -3.07132606e-07  2.14939831e-04  1.03087270e-07  2.14939831e-04  0.00000000e+00  2.14939831e-04  0.00000000e+00 
 2.15000000e-04  1.18775687e+00  2.15000000e-04  4.85611198e-01  2.15000000e-04  1.79768778e-06  2.15000000e-04  3.07362132e-07  2.15000000e-04 -7.73566361e-08  2.15000000e-04  0.00000000e+00  2.15000000e-04  0.00000000e+00 
 2.15000001e-04  1.18776338e+00  2.15000001e-04  4.87162052e-01  2.15000001e-04  1.52625417e-06  2.15000001e-04 -2.54887846e-06  2.15000001e-04  5.99485102e-05  2.15000001e-04  0.00000000e+00  2.15000001e-04  1.20000000e-01 
 2.15000003e-04  1.18778316e+00  2.15000003e-04  4.92599491e-01  2.15000003e-04  1.05149848e-06  2.15000003e-04 -6.58555309e-06  2.15000003e-04  1.55450511e-04  2.15000003e-04  0.00000000e+00  2.15000003e-04  3.59999999e-01 
 2.15000006e-04  1.18783254e+00  2.15000006e-04  5.05678472e-01  2.15000006e-04  9.32397579e-07  2.15000006e-04 -6.71809850e-06  2.15000006e-04  1.71897619e-04  2.15000006e-04  0.00000000e+00  2.15000006e-04  7.80000003e-01 
 2.15000010e-04  1.18787519e+00  2.15000010e-04  5.14815740e-01  2.15000010e-04  1.23272923e-06  2.15000010e-04 -4.03495933e-06  2.15000010e-04  1.21700631e-04  2.15000010e-04  0.00000000e+00  2.15000010e-04  1.20000000e+00 
 2.15000011e-04  1.18787331e+00  2.15000011e-04  5.15112849e-01  2.15000011e-04  1.57317189e-06  2.15000011e-04 -2.10280516e-06  2.15000011e-04  4.14197587e-05  2.15000011e-04  0.00000000e+00  2.15000011e-04  1.20000000e+00 
 2.15000012e-04  1.18786810e+00  2.15000012e-04  5.15512440e-01  2.15000012e-04  1.64625442e-06  2.15000012e-04 -1.66641109e-06  2.15000012e-04  2.46895652e-05  2.15000012e-04  0.00000000e+00  2.15000012e-04  1.20000000e+00 
 2.15000015e-04  1.18785733e+00  2.15000015e-04  5.16408212e-01  2.15000015e-04  1.57590983e-06  2.15000015e-04 -2.27508440e-06  2.15000015e-04  3.69415228e-05  2.15000015e-04  0.00000000e+00  2.15000015e-04  1.20000000e+00 
 2.15000020e-04  1.18783650e+00  2.15000020e-04  5.18458455e-01  2.15000020e-04  1.65700171e-06  2.15000020e-04 -1.93671749e-06  2.15000020e-04  2.19192637e-05  2.15000020e-04  0.00000000e+00  2.15000020e-04  1.20000000e+00 
 2.15000032e-04  1.18779653e+00  2.15000032e-04  5.22181089e-01  2.15000032e-04  1.63851938e-06  2.15000032e-04 -2.36337001e-06  2.15000032e-04  2.98691823e-05  2.15000032e-04  0.00000000e+00  2.15000032e-04  1.20000000e+00 
 2.15000054e-04  1.18772698e+00  2.15000054e-04  5.27422369e-01  2.15000054e-04  1.75533713e-06  2.15000054e-04 -1.81494894e-06  2.15000054e-04  1.17055515e-05  2.15000054e-04  0.00000000e+00  2.15000054e-04  1.20000000e+00 
 2.15000099e-04  1.18762427e+00  2.15000099e-04  5.32167626e-01  2.15000099e-04  1.74724010e-06  2.15000099e-04 -1.88652683e-06  2.15000099e-04  1.62285107e-05  2.15000099e-04  0.00000000e+00  2.15000099e-04  1.20000000e+00 
 2.15000188e-04  1.18750766e+00  2.15000188e-04  5.33331002e-01  2.15000188e-04  1.84552644e-06  2.15000188e-04 -8.15024876e-07  2.15000188e-04 -1.11410931e-06  2.15000188e-04  0.00000000e+00  2.15000188e-04  1.20000000e+00 
 2.15000368e-04  1.18740804e+00  2.15000368e-04  5.30093101e-01  2.15000368e-04  1.79616608e-06  2.15000368e-04 -4.37534596e-07  2.15000368e-04  7.73980041e-06  2.15000368e-04  0.00000000e+00  2.15000368e-04  1.20000000e+00 
 2.15000632e-04  1.18735210e+00  2.15000632e-04  5.26005682e-01  2.15000632e-04  1.85412820e-06  2.15000632e-04  3.14419307e-07  2.15000632e-04 -4.74953138e-06  2.15000632e-04  0.00000000e+00  2.15000632e-04  1.20000000e+00 
 2.15001094e-04  1.18730340e+00  2.15001094e-04  5.20541175e-01  2.15001094e-04  1.79227837e-06  2.15001094e-04 -7.11186881e-08  2.15001094e-04  6.57944656e-06  2.15001094e-04  0.00000000e+00  2.15001094e-04  1.20000000e+00 
 2.15001914e-04  1.18724882e+00  2.15001914e-04  5.13242863e-01  2.15001914e-04  1.85031626e-06  2.15001914e-04  2.95373359e-07  2.15001914e-04 -5.23450933e-06  2.15001914e-04  0.00000000e+00  2.15001914e-04  1.20000000e+00 
 2.15003555e-04  1.18716039e+00  2.15003555e-04  5.03907919e-01  2.15003555e-04  1.78816008e-06  2.15003555e-04 -1.57497378e-07  2.15003555e-04  6.35625788e-06  2.15003555e-04  0.00000000e+00  2.15003555e-04  1.20000000e+00 
 2.15006836e-04  1.18699926e+00  2.15006836e-04  4.94585818e-01  2.15006836e-04  1.84707953e-06  2.15006836e-04  2.25954602e-07  2.15006836e-04 -5.32569903e-06  2.15006836e-04  0.00000000e+00  2.15006836e-04  1.20000000e+00 
 2.15013398e-04  1.18667720e+00  2.15013398e-04  4.87675302e-01  2.15013398e-04  1.78629857e-06  2.15013398e-04 -2.00944953e-07  2.15013398e-04  6.36381251e-06  2.15013398e-04  0.00000000e+00  2.15013398e-04  1.20000000e+00 
 2.15026522e-04  1.18602808e+00  2.15026522e-04  4.85509820e-01  2.15026522e-04  1.84660479e-06  2.15026522e-04  2.05204893e-07  2.15026522e-04 -5.30434011e-06  2.15026522e-04  0.00000000e+00  2.15026522e-04  1.20000000e+00 
 2.15052770e-04  1.18474561e+00  2.15052770e-04  4.85804071e-01  2.15052770e-04  1.78642995e-06  2.15052770e-04 -2.05246643e-07  2.15052770e-04  6.36628680e-06  2.15052770e-04  0.00000000e+00  2.15052770e-04  1.20000000e+00 
 2.15099856e-04  1.18246753e+00  2.15099856e-04  4.85683353e-01  2.15099856e-04  1.84663922e-06  2.15099856e-04  2.05624292e-07  2.15099856e-04 -5.30420644e-06  2.15099856e-04  0.00000000e+00  2.15099856e-04  1.20000000e+00 
 2.15194029e-04  1.17792376e+00  2.15194029e-04  4.85828476e-01  2.15194029e-04  1.78641835e-06  2.15194029e-04 -2.05341764e-07  2.15194029e-04  6.36623705e-06  2.15194029e-04  0.00000000e+00  2.15194029e-04  1.20000000e+00 
 2.15294029e-04  1.17309887e+00  2.15294029e-04  4.85774630e-01  2.15294029e-04  1.84664468e-06  2.15294029e-04  2.05746987e-07  2.15294029e-04 -5.30409274e-06  2.15294029e-04  0.00000000e+00  2.15294029e-04  1.20000000e+00 
 2.15394029e-04  1.16827468e+00  2.15394029e-04  4.85847398e-01  2.15394029e-04  1.78641358e-06  2.15394029e-04 -2.05351341e-07  2.15394029e-04  6.36618850e-06  2.15394029e-04  0.00000000e+00  2.15394029e-04  1.20000000e+00 
 2.15494029e-04  1.16345086e+00  2.15494029e-04  4.85767835e-01  2.15494029e-04  1.84664869e-06  2.15494029e-04  2.05846869e-07  2.15494029e-04 -5.30404264e-06  2.15494029e-04  0.00000000e+00  2.15494029e-04  1.20000000e+00 
 2.15594029e-04  1.15862811e+00  2.15594029e-04  4.85744511e-01  2.15594029e-04  1.78641062e-06  2.15594029e-04 -2.05355342e-07  2.15594029e-04  6.36602126e-06  2.15594029e-04  0.00000000e+00  2.15594029e-04  1.20000000e+00 
 2.15694029e-04  1.15380611e+00  2.15694029e-04  4.85672004e-01  2.15694029e-04  1.84665218e-06  2.15694029e-04  2.05919518e-07  2.15694029e-04 -5.30409560e-06  2.15694029e-04  0.00000000e+00  2.15694029e-04  1.20000000e+00 
 2.15794029e-04  1.14898488e+00  2.15794029e-04  4.85698676e-01  2.15794029e-04  1.78640816e-06  2.15794029e-04 -2.05383096e-07  2.15794029e-04  6.36588986e-06  2.15794029e-04  0.00000000e+00  2.15794029e-04  1.20000000e+00 
 2.15894029e-04  1.14416385e+00  2.15894029e-04  4.85664359e-01  2.15894029e-04  1.84665444e-06  2.15894029e-04  2.05995213e-07  2.15894029e-04 -5.30404569e-06  2.15894029e-04  0.00000000e+00  2.15894029e-04  1.20000000e+00 
 2.15994029e-04  1.13934352e+00  2.15994029e-04  4.85623224e-01  2.15994029e-04  1.78640635e-06  2.15994029e-04 -2.05428578e-07  2.15994029e-04  6.36575852e-06  2.15994029e-04  0.00000000e+00  2.15994029e-04  1.20000000e+00 
 2.16094029e-04  1.13452338e+00  2.16094029e-04  4.85609314e-01  2.16094029e-04  1.84665606e-06  2.16094029e-04  2.06071813e-07  2.16094029e-04 -5.30401452e-06  2.16094029e-04  0.00000000e+00  2.16094029e-04  1.20000000e+00 
 2.16194029e-04  1.12970379e+00  2.16194029e-04  4.85590392e-01  2.16194029e-04  1.78640502e-06  2.16194029e-04 -2.05500773e-07  2.16194029e-04  6.36565358e-06  2.16194029e-04  0.00000000e+00  2.16194029e-04  1.20000000e+00 
 2.16294029e-04  1.12488421e+00  2.16294029e-04  4.85615597e-01  2.16294029e-04  1.84665719e-06  2.16294029e-04  2.06186718e-07  2.16294029e-04 -5.30395200e-06  2.16294029e-04  0.00000000e+00  2.16294029e-04  1.20000000e+00 
 2.16394029e-04  1.12006509e+00  2.16394029e-04  4.85575595e-01  2.16394029e-04  1.78640410e-06  2.16394029e-04 -2.05592151e-07  2.16394029e-04  6.36555802e-06  2.16394029e-04  0.00000000e+00  2.16394029e-04  1.20000000e+00 
 2.16494029e-04  1.11524593e+00  2.16494029e-04  4.85623938e-01  2.16494029e-04  1.84665792e-06  2.16494029e-04  2.06296217e-07  2.16494029e-04 -5.30388666e-06  2.16494029e-04  0.00000000e+00  2.16494029e-04  1.20000000e+00 
 2.16594029e-04  1.11042719e+00  2.16594029e-04  4.85563190e-01  2.16594029e-04  1.78640356e-06  2.16594029e-04 -2.05676042e-07  2.16594029e-04  6.36546291e-06  2.16594029e-04  0.00000000e+00  2.16594029e-04  1.20000000e+00 
 2.16694029e-04  1.10560839e+00  2.16694029e-04  4.85629496e-01  2.16694029e-04  1.84665830e-06  2.16694029e-04  2.06392417e-07  2.16694029e-04 -5.30382289e-06  2.16694029e-04  0.00000000e+00  2.16694029e-04  1.20000000e+00 
 2.16794029e-04  1.10078997e+00  2.16794029e-04  4.85556260e-01  2.16794029e-04  1.78640333e-06  2.16794029e-04 -2.05760186e-07  2.16794029e-04  6.36537195e-06  2.16794029e-04  0.00000000e+00  2.16794029e-04  1.20000000e+00 
 2.16894029e-04  1.09597147e+00  2.16894029e-04  4.85633630e-01  2.16894029e-04  1.84665839e-06  2.16894029e-04  2.06487556e-07  2.16894029e-04 -5.30376230e-06  2.16894029e-04  0.00000000e+00  2.16894029e-04  1.20000000e+00 
 2.16994029e-04  1.09115332e+00  2.16994029e-04  4.85550895e-01  2.16994029e-04  1.78640336e-06  2.16994029e-04 -2.05845119e-07  2.16994029e-04  6.36528448e-06  2.16994029e-04  0.00000000e+00  2.16994029e-04  1.20000000e+00 
 2.17094029e-04  1.08633509e+00  2.17094029e-04  4.85637172e-01  2.17094029e-04  1.84665827e-06  2.17094029e-04  2.06579467e-07  2.17094029e-04 -5.30370528e-06  2.17094029e-04  0.00000000e+00  2.17094029e-04  1.20000000e+00 
 2.17194029e-04  1.08151718e+00  2.17194029e-04  4.85546607e-01  2.17194029e-04  1.78640358e-06  2.17194029e-04 -2.05928044e-07  2.17194029e-04  6.36520057e-06  2.17194029e-04  0.00000000e+00  2.17194029e-04  1.20000000e+00 
 2.17294029e-04  1.07669920e+00  2.17294029e-04  4.85640105e-01  2.17294029e-04  1.84665796e-06  2.17294029e-04  2.06666047e-07  2.17294029e-04 -5.30365210e-06  2.17294029e-04  0.00000000e+00  2.17294029e-04  1.20000000e+00 
 2.17394029e-04  1.07188151e+00  2.17394029e-04  4.85543268e-01  2.17394029e-04  1.78640397e-06  2.17394029e-04 -2.06006422e-07  2.17394029e-04  6.36512032e-06  2.17394029e-04  0.00000000e+00  2.17394029e-04  1.20000000e+00 
 2.17494029e-04  1.06706377e+00  2.17494029e-04  4.85642389e-01  2.17494029e-04  1.84665750e-06  2.17494029e-04  2.06745705e-07  2.17494029e-04 -5.30360299e-06  2.17494029e-04  0.00000000e+00  2.17494029e-04  1.20000000e+00 
 2.17594029e-04  1.06224629e+00  2.17594029e-04  4.85540797e-01  2.17594029e-04  1.78640449e-06  2.17594029e-04 -2.06078531e-07  2.17594029e-04  6.36504371e-06  2.17594029e-04  0.00000000e+00  2.17594029e-04  1.20000000e+00 
 2.17694029e-04  1.05742877e+00  2.17694029e-04  4.85644022e-01  2.17694029e-04  1.84665693e-06  2.17694029e-04  2.06817488e-07  2.17694029e-04 -5.30355810e-06  2.17694029e-04  0.00000000e+00  2.17694029e-04  1.20000000e+00 
 2.17794029e-04  1.05261149e+00  2.17794029e-04  4.85539114e-01  2.17794029e-04  1.78640511e-06  2.17794029e-04 -2.06143370e-07  2.17794029e-04  6.36497070e-06  2.17794029e-04  0.00000000e+00  2.17794029e-04  1.20000000e+00 
 2.17894029e-04  1.04779419e+00  2.17894029e-04  4.85645035e-01  2.17894029e-04  1.84665626e-06  2.17894029e-04  2.06880982e-07  2.17894029e-04 -5.30351760e-06  2.17894029e-04  0.00000000e+00  2.17894029e-04  1.20000000e+00 
 2.17994029e-04  1.04297710e+00  2.17994029e-04  4.85538135e-01  2.17994029e-04  1.78640581e-06  2.17994029e-04 -2.06200512e-07  2.17994029e-04  6.36490112e-06  2.17994029e-04  0.00000000e+00  2.17994029e-04  1.20000000e+00 
 2.18094029e-04  1.03816003e+00  2.18094029e-04  4.85645478e-01  2.18094029e-04  1.84665553e-06  2.18094029e-04  2.06936195e-07  2.18094029e-04 -5.30348160e-06  2.18094029e-04  0.00000000e+00  2.18094029e-04  1.20000000e+00 
 2.18194029e-04  1.03334314e+00  2.18194029e-04  4.85537777e-01  2.18194029e-04  1.78640657e-06  2.18194029e-04 -2.06249958e-07  2.18194029e-04  6.36483471e-06  2.18194029e-04  0.00000000e+00  2.18194029e-04  1.20000000e+00 
 2.18294029e-04  1.02852629e+00  2.18294029e-04  4.85645413e-01  2.18294029e-04  1.84665475e-06  2.18294029e-04  2.06983434e-07  2.18294029e-04 -5.30345025e-06  2.18294029e-04  0.00000000e+00  2.18294029e-04  1.20000000e+00 
 2.18394029e-04  1.02370961e+00  2.18394029e-04  4.85537954e-01  2.18394029e-04  1.78640737e-06  2.18394029e-04 -2.06292007e-07  2.18394029e-04  6.36477109e-06  2.18394029e-04  0.00000000e+00  2.18394029e-04  1.20000000e+00 
 2.18494029e-04  1.01889300e+00  2.18494029e-04  4.85644905e-01  2.18494029e-04  1.84665394e-06  2.18494029e-04  2.07023212e-07  2.18494029e-04 -5.30342373e-06  2.18494029e-04  0.00000000e+00  2.18494029e-04  1.20000000e+00 
 2.18594029e-04  1.01407654e+00  2.18594029e-04  4.85538587e-01  2.18594029e-04  1.78640819e-06  2.18594029e-04 -2.06327152e-07  2.18594029e-04  6.36470978e-06  2.18594029e-04  0.00000000e+00  2.18594029e-04  1.20000000e+00 
 2.18694029e-04  1.00926017e+00  2.18694029e-04  4.85644018e-01  2.18694029e-04  1.84665311e-06  2.18694029e-04  2.07056161e-07  2.18694029e-04 -5.30340232e-06  2.18694029e-04  0.00000000e+00  2.18694029e-04  1.20000000e+00 
 2.18794029e-04  1.00444395e+00  2.18794029e-04  4.85539600e-01  2.18794029e-04  1.78640903e-06  2.18794029e-04 -2.06356003e-07  2.18794029e-04  6.36465016e-06  2.18794029e-04  0.00000000e+00  2.18794029e-04  1.20000000e+00 
 2.18894029e-04  9.99627863e-01  2.18894029e-04  4.85642814e-01  2.18894029e-04  1.84665228e-06  2.18894029e-04  2.07082979e-07  2.18894029e-04 -5.30338638e-06  2.18894029e-04  0.00000000e+00  2.18894029e-04  1.20000000e+00 
 2.18994029e-04  9.94811903e-01  2.18994029e-04  4.85540925e-01  2.18994029e-04  1.78640985e-06  2.18994029e-04 -2.06379224e-07  2.18994029e-04  6.36459146e-06  2.18994029e-04  0.00000000e+00  2.18994029e-04  1.20000000e+00 
 2.19094029e-04  9.89996118e-01  2.19094029e-04  4.85641351e-01  2.19094029e-04  1.84665146e-06  2.19094029e-04  2.07104379e-07  2.19094029e-04 -5.30337638e-06  2.19094029e-04  0.00000000e+00  2.19094029e-04  1.20000000e+00 
 2.19194029e-04  9.85180454e-01  2.19194029e-04  4.85542496e-01  2.19194029e-04  1.78641067e-06  2.19194029e-04 -2.06397493e-07  2.19194029e-04  6.36453282e-06  2.19194029e-04  0.00000000e+00  2.19194029e-04  1.20000000e+00 
 2.19294029e-04  9.80365009e-01  2.19294029e-04  4.85639684e-01  2.19294029e-04  1.84665065e-06  2.19294029e-04  2.07121063e-07  2.19294029e-04 -5.30337296e-06  2.19294029e-04  0.00000000e+00  2.19294029e-04  1.20000000e+00 
 2.19394029e-04  9.75549681e-01  2.19394029e-04  4.85544256e-01  2.19394029e-04  1.78641145e-06  2.19394029e-04 -2.06411470e-07  2.19394029e-04  6.36447325e-06  2.19394029e-04  0.00000000e+00  2.19394029e-04  1.20000000e+00 
 2.19494029e-04  9.70734623e-01  2.19494029e-04  4.85637864e-01  2.19494029e-04  1.84664988e-06  2.19494029e-04  2.07133695e-07  2.19494029e-04 -5.30337686e-06  2.19494029e-04  0.00000000e+00  2.19494029e-04  1.20000000e+00 
 2.19594029e-04  9.65919681e-01  2.19594029e-04  4.85546153e-01  2.19594029e-04  1.78641221e-06  2.19594029e-04 -2.06421778e-07  2.19594029e-04  6.36441166e-06  2.19594029e-04  0.00000000e+00  2.19594029e-04  1.20000000e+00 
 2.19694029e-04  9.61105067e-01  2.19694029e-04  4.85635939e-01  2.19694029e-04  1.84664914e-06  2.19694029e-04  2.07142889e-07  2.19694029e-04 -5.30338891e-06  2.19694029e-04  0.00000000e+00  2.19694029e-04  1.20000000e+00 
 2.19794029e-04  9.56290570e-01  2.19794029e-04  4.85548140e-01  2.19794029e-04  1.78641293e-06  2.19794029e-04 -2.06428990e-07  2.19794029e-04  6.36434690e-06  2.19794029e-04  0.00000000e+00  2.19794029e-04  1.20000000e+00 
 2.19894029e-04  9.51476465e-01  2.19894029e-04  4.85633951e-01  2.19894029e-04  1.84664845e-06  2.19894029e-04  2.07149204e-07  2.19894029e-04 -5.30341007e-06  2.19894029e-04  0.00000000e+00  2.19894029e-04  1.20000000e+00 
 2.19994029e-04  9.46662482e-01  2.19994029e-04  4.85550178e-01  2.19994029e-04  1.78641361e-06  2.19994029e-04 -2.06433623e-07  2.19994029e-04  6.36427777e-06  2.19994029e-04  0.00000000e+00  2.19994029e-04  1.20000000e+00 
 2.20094029e-04  9.41848963e-01  2.20094029e-04  4.85631941e-01  2.20094029e-04  1.84664779e-06  2.20094029e-04  2.07153135e-07  2.20094029e-04 -5.30344132e-06  2.20094029e-04  0.00000000e+00  2.20094029e-04  1.20000000e+00 
 2.20194029e-04  9.37035572e-01  2.20194029e-04  4.85552233e-01  2.20194029e-04  1.78641424e-06  2.20194029e-04 -2.06436135e-07  2.20194029e-04  6.36420309e-06  2.20194029e-04  0.00000000e+00  2.20194029e-04  1.20000000e+00 
 2.20294029e-04  9.32222726e-01  2.20294029e-04  4.85629946e-01  2.20294029e-04  1.84664718e-06  2.20294029e-04  2.07155117e-07  2.20294029e-04 -5.30348363e-06  2.20294029e-04  0.00000000e+00  2.20294029e-04  1.20000000e+00 
 2.20394029e-04  9.27410014e-01  2.20394029e-04  4.85554277e-01  2.20394029e-04  1.78641482e-06  2.20394029e-04 -2.06436921e-07  2.20394029e-04  6.36412172e-06  2.20394029e-04  0.00000000e+00  2.20394029e-04  1.20000000e+00 
 2.20494029e-04  9.22597936e-01  2.20494029e-04  4.85628000e-01  2.20494029e-04  1.84664663e-06  2.20494029e-04  2.07155523e-07  2.20494029e-04 -5.30353786e-06  2.20494029e-04  0.00000000e+00  2.20494029e-04  1.20000000e+00 
 2.20594029e-04  9.17785998e-01  2.20594029e-04  4.85556292e-01  2.20594029e-04  1.78641536e-06  2.20594029e-04 -2.06436323e-07  2.20594029e-04  6.36403268e-06  2.20594029e-04  0.00000000e+00  2.20594029e-04  1.20000000e+00 
 2.20694029e-04  9.12974787e-01  2.20694029e-04  4.85626135e-01  2.20694029e-04  1.84664612e-06  2.20694029e-04  2.07154669e-07  2.20694029e-04 -5.30360474e-06  2.20694029e-04  0.00000000e+00  2.20694029e-04  1.20000000e+00 
 2.20794029e-04  9.08163723e-01  2.20794029e-04  4.85558263e-01  2.20794029e-04  1.78641584e-06  2.20794029e-04 -2.06434625e-07  2.20794029e-04  6.36393516e-06  2.20794029e-04  0.00000000e+00  2.20794029e-04  1.20000000e+00 
 2.20894029e-04  9.03353484e-01  2.20894029e-04  4.85624379e-01  2.20894029e-04  1.84664566e-06  2.20894029e-04  2.07152818e-07  2.20894029e-04 -5.30368471e-06  2.20894029e-04  0.00000000e+00  2.20894029e-04  1.20000000e+00 
 2.20994029e-04  8.98543397e-01  2.20994029e-04  4.85560182e-01  2.20994029e-04  1.78641627e-06  2.20994029e-04 -2.06432061e-07  2.20994029e-04  6.36382859e-06  2.20994029e-04  0.00000000e+00  2.20994029e-04  1.20000000e+00 
 2.21094029e-04  8.93734234e-01  2.21094029e-04  4.85622759e-01  2.21094029e-04  1.84664525e-06  2.21094029e-04  2.07150184e-07  2.21094029e-04 -5.30377793e-06  2.21094029e-04  0.00000000e+00  2.21094029e-04  1.20000000e+00 
 2.21194029e-04  8.88925227e-01  2.21194029e-04  4.85562045e-01  2.21194029e-04  1.78641666e-06  2.21194029e-04 -2.06428822e-07  2.21194029e-04  6.36371268e-06  2.21194029e-04  0.00000000e+00  2.21194029e-04  1.20000000e+00 
 2.21294029e-04  8.84117243e-01  2.21294029e-04  4.85621297e-01  2.21294029e-04  1.84664489e-06  2.21294029e-04  2.07146937e-07  2.21294029e-04 -5.30388423e-06  2.21294029e-04  0.00000000e+00  2.21294029e-04  1.20000000e+00 
 2.21394029e-04  8.79309415e-01  2.21394029e-04  4.85563851e-01  2.21394029e-04  1.78641699e-06  2.21394029e-04 -2.06425055e-07  2.21394029e-04  6.36358736e-06  2.21394029e-04  0.00000000e+00  2.21394029e-04  1.20000000e+00 
 2.21494029e-04  8.74502708e-01  2.21494029e-04  4.85620010e-01  2.21494029e-04  1.84664458e-06  2.21494029e-04  2.07143211e-07  2.21494029e-04 -5.30400317e-06  2.21494029e-04  0.00000000e+00  2.21494029e-04  1.20000000e+00 
 2.21594029e-04  8.69696152e-01  2.21594029e-04  4.85565602e-01  2.21594029e-04  1.78641729e-06  2.21594029e-04 -2.06420875e-07  2.21594029e-04  6.36345283e-06  2.21594029e-04  0.00000000e+00  2.21594029e-04  1.20000000e+00 
 2.21694029e-04  8.64890812e-01  2.21694029e-04  4.85618912e-01  2.21694029e-04  1.84664431e-06  2.21694029e-04  2.07139105e-07  2.21694029e-04 -5.30413403e-06  2.21694029e-04  0.00000000e+00  2.21694029e-04  1.20000000e+00 
 2.21794029e-04  8.60085619e-01  2.21794029e-04  4.85567300e-01  2.21794029e-04  1.78641754e-06  2.21794029e-04 -2.06416365e-07  2.21794029e-04  6.36330939e-06  2.21794029e-04  0.00000000e+00  2.21794029e-04  1.20000000e+00 
 2.21894029e-04  8.55281728e-01  2.21894029e-04  4.85618010e-01  2.21894029e-04  1.84664408e-06  2.21894029e-04  2.07134691e-07  2.21894029e-04 -5.30427598e-06  2.21894029e-04  0.00000000e+00  2.21894029e-04  1.20000000e+00 
 2.21994029e-04  8.50477978e-01  2.21994029e-04  4.85568947e-01  2.21994029e-04  1.78641775e-06  2.21994029e-04 -2.06411584e-07  2.21994029e-04  6.36315751e-06  2.21994029e-04  0.00000000e+00  2.21994029e-04  1.20000000e+00 
 2.22094029e-04  8.45675611e-01  2.22094029e-04  4.85617303e-01  2.22094029e-04  1.84664388e-06  2.22094029e-04  2.07130021e-07  2.22094029e-04 -5.30442806e-06  2.22094029e-04  0.00000000e+00  2.22094029e-04  1.20000000e+00 
 2.22194029e-04  8.40873377e-01  2.22194029e-04  4.85570546e-01  2.22194029e-04  1.78641793e-06  2.22194029e-04 -2.06406573e-07  2.22194029e-04  6.36299765e-06  2.22194029e-04  0.00000000e+00  2.22194029e-04  1.20000000e+00 
 2.22294029e-04  8.36072602e-01  2.22294029e-04  4.85616788e-01  2.22294029e-04  1.84664373e-06  2.22294029e-04  2.07125126e-07  2.22294029e-04 -5.30458934e-06  2.22294029e-04  0.00000000e+00  2.22294029e-04  1.20000000e+00 
 2.22394029e-04  8.31271952e-01  2.22394029e-04  4.85572099e-01  2.22394029e-04  1.78641807e-06  2.22394029e-04 -2.06401357e-07  2.22394029e-04  6.36283034e-06  2.22394029e-04  0.00000000e+00  2.22394029e-04  1.20000000e+00 
 2.22494029e-04  8.26472829e-01  2.22494029e-04  4.85616454e-01  2.22494029e-04  1.84664361e-06  2.22494029e-04  2.07120029e-07  2.22494029e-04 -5.30475890e-06  2.22494029e-04  0.00000000e+00  2.22494029e-04  1.20000000e+00 
 2.22594029e-04  8.21673824e-01  2.22594029e-04  4.85573606e-01  2.22594029e-04  1.78641818e-06  2.22594029e-04 -2.06395951e-07  2.22594029e-04  6.36265606e-06  2.22594029e-04  0.00000000e+00  2.22594029e-04  1.20000000e+00 
 2.22694029e-04  8.16876408e-01  2.22694029e-04  4.85616285e-01  2.22694029e-04  1.84664351e-06  2.22694029e-04  2.07114743e-07  2.22694029e-04 -5.30493591e-06  2.22694029e-04  0.00000000e+00  2.22694029e-04  1.20000000e+00 
 2.22794029e-04  8.12079103e-01  2.22794029e-04  4.85575067e-01  2.22794029e-04  1.78641826e-06  2.22794029e-04 -2.06390365e-07  2.22794029e-04  6.36247526e-06  2.22794029e-04  0.00000000e+00  2.22794029e-04  1.20000000e+00 
 2.22894029e-04  8.07283444e-01  2.22894029e-04  4.85616261e-01  2.22894029e-04  1.84664344e-06  2.22894029e-04  2.07109273e-07  2.22894029e-04 -5.30511963e-06  2.22894029e-04  0.00000000e+00  2.22894029e-04  1.20000000e+00 
 2.22994029e-04  8.02487891e-01  2.22994029e-04  4.85576482e-01  2.22994029e-04  1.78641832e-06  2.22994029e-04 -2.06384603e-07  2.22994029e-04  6.36228837e-06  2.22994029e-04  0.00000000e+00  2.22994029e-04  1.20000000e+00 
 2.23094029e-04  7.97694037e-01  2.23094029e-04  4.85616363e-01  2.23094029e-04  1.84664340e-06  2.23094029e-04  2.07103627e-07  2.23094029e-04 -5.30530940e-06  2.23094029e-04  0.00000000e+00  2.23094029e-04  1.20000000e+00 
 2.23194029e-04  7.92900283e-01  2.23194029e-04  4.85577849e-01  2.23194029e-04  1.78641835e-06  2.23194029e-04 -2.06378669e-07  2.23194029e-04  6.36209575e-06  2.23194029e-04  0.00000000e+00  2.23194029e-04  1.20000000e+00 
 2.23294029e-04  7.88108276e-01  2.23294029e-04  4.85616568e-01  2.23294029e-04  1.84664337e-06  2.23294029e-04  2.07097808e-07  2.23294029e-04 -5.30550467e-06  2.23294029e-04  0.00000000e+00  2.23294029e-04  1.20000000e+00 
 2.23394029e-04  7.83316367e-01  2.23394029e-04  4.85579166e-01  2.23394029e-04  1.78641837e-06  2.23394029e-04 -2.06372568e-07  2.23394029e-04  6.36189773e-06  2.23394029e-04  0.00000000e+00  2.23394029e-04  1.20000000e+00 
 2.23494029e-04  7.78526250e-01  2.23494029e-04  4.85616852e-01  2.23494029e-04  1.84664337e-06  2.23494029e-04  2.07091821e-07  2.23494029e-04 -5.30570498e-06  2.23494029e-04  0.00000000e+00  2.23494029e-04  1.20000000e+00 
 2.23594029e-04  7.73736227e-01  2.23594029e-04  4.85580431e-01  2.23594029e-04  1.78641836e-06  2.23594029e-04 -2.06366306e-07  2.23594029e-04  6.36169461e-06  2.23594029e-04  0.00000000e+00  2.23594029e-04  1.20000000e+00 
 2.23694029e-04  7.68948040e-01  2.23694029e-04  4.85617194e-01  2.23694029e-04  1.84664339e-06  2.23694029e-04  2.07085673e-07  2.23694029e-04 -5.30590994e-06  2.23694029e-04  0.00000000e+00  2.23694029e-04  1.20000000e+00 
 2.23794029e-04  7.64159946e-01  2.23794029e-04  4.85581641e-01  2.23794029e-04  1.78641834e-06  2.23794029e-04 -2.06359890e-07  2.23794029e-04  6.36148663e-06  2.23794029e-04  0.00000000e+00  2.23794029e-04  1.20000000e+00 
 2.23894029e-04  7.59373726e-01  2.23894029e-04  4.85617575e-01  2.23894029e-04  1.84664341e-06  2.23894029e-04  2.07079374e-07  2.23894029e-04 -5.30611923e-06  2.23894029e-04  0.00000000e+00  2.23894029e-04  1.20000000e+00 
 2.23994029e-04  7.54587600e-01  2.23994029e-04  4.85582796e-01  2.23994029e-04  1.78641831e-06  2.23994029e-04 -2.06353330e-07  2.23994029e-04  6.36127401e-06  2.23994029e-04  0.00000000e+00  2.23994029e-04  1.20000000e+00 
 2.24094029e-04  7.49803385e-01  2.24094029e-04  4.85617976e-01  2.24094029e-04  1.84664346e-06  2.24094029e-04  2.07072934e-07  2.24094029e-04 -5.30633260e-06  2.24094029e-04  0.00000000e+00  2.24094029e-04  1.20000000e+00 
 2.24194029e-04  7.45019264e-01  2.24194029e-04  4.85583893e-01  2.24194029e-04  1.78641826e-06  2.24194029e-04 -2.06346638e-07  2.24194029e-04  6.36105694e-06  2.24194029e-04  0.00000000e+00  2.24194029e-04  1.20000000e+00 
 2.24294029e-04  7.40237090e-01  2.24294029e-04  4.85618382e-01  2.24294029e-04  1.84664351e-06  2.24294029e-04  2.07066367e-07  2.24294029e-04 -5.30654983e-06  2.24294029e-04  0.00000000e+00  2.24294029e-04  1.20000000e+00 
 2.24394029e-04  7.35455012e-01  2.24394029e-04  4.85584930e-01  2.24394029e-04  1.78641820e-06  2.24394029e-04 -2.06339829e-07  2.24394029e-04  6.36083558e-06  2.24394029e-04  0.00000000e+00  2.24394029e-04  1.20000000e+00 
 2.24494029e-04  7.30674913e-01  2.24494029e-04  4.85618781e-01  2.24494029e-04  1.84664357e-06  2.24494029e-04  2.07059688e-07  2.24494029e-04 -5.30677075e-06  2.24494029e-04  0.00000000e+00  2.24494029e-04  1.20000000e+00 
 2.24594029e-04  7.25894914e-01  2.24594029e-04  4.85585909e-01  2.24594029e-04  1.78641813e-06  2.24594029e-04 -2.06332917e-07  2.24594029e-04  6.36061008e-06  2.24594029e-04  0.00000000e+00  2.24594029e-04  1.20000000e+00 
 2.24694029e-04  7.21116924e-01  2.24694029e-04  4.85619163e-01  2.24694029e-04  1.84664365e-06  2.24694029e-04  2.07052912e-07  2.24694029e-04 -5.30699522e-06  2.24694029e-04  0.00000000e+00  2.24694029e-04  1.20000000e+00 
 2.24794029e-04  7.16339038e-01  2.24794029e-04  4.85586828e-01  2.24794029e-04  1.78641806e-06  2.24794029e-04 -2.06325920e-07  2.24794029e-04  6.36038057e-06  2.24794029e-04  0.00000000e+00  2.24794029e-04  1.20000000e+00 
 2.24894029e-04  7.11563190e-01  2.24894029e-04  4.85619520e-01  2.24894029e-04  1.84664373e-06  2.24894029e-04  2.07046056e-07  2.24894029e-04 -5.30722314e-06  2.24894029e-04  0.00000000e+00  2.24894029e-04  1.20000000e+00 
 2.24994029e-04  7.06787450e-01  2.24994029e-04  4.85587688e-01  2.24994029e-04  1.78641797e-06  2.24994029e-04 -2.06318854e-07  2.24994029e-04  6.36014714e-06  2.24994029e-04  0.00000000e+00  2.24994029e-04  1.20000000e+00 
 2.25094029e-04  7.02013776e-01  2.25094029e-04  4.85619847e-01  2.25094029e-04  1.84664382e-06  2.25094029e-04  2.07039138e-07  2.25094029e-04 -5.30745441e-06  2.25094029e-04  0.00000000e+00  2.25094029e-04  1.20000000e+00 
 2.25194029e-04  6.97240215e-01  2.25194029e-04  4.85588492e-01  2.25194029e-04  1.78641788e-06  2.25194029e-04 -2.06311737e-07  2.25194029e-04  6.35990990e-06  2.25194029e-04  0.00000000e+00  2.25194029e-04  1.20000000e+00 
 2.25294029e-04  6.92468746e-01  2.25294029e-04  4.85620142e-01  2.25294029e-04  1.84664392e-06  2.25294029e-04  2.07032175e-07  2.25294029e-04 -5.30768896e-06  2.25294029e-04  0.00000000e+00  2.25294029e-04  1.20000000e+00 
 2.25394029e-04  6.87697396e-01  2.25394029e-04  4.85589240e-01  2.25394029e-04  1.78641777e-06  2.25394029e-04 -2.06304586e-07  2.25394029e-04  6.35966891e-06  2.25394029e-04  0.00000000e+00  2.25394029e-04  1.20000000e+00 
 2.25494029e-04  6.82928162e-01  2.25494029e-04  4.85620403e-01  2.25494029e-04  1.84664403e-06  2.25494029e-04  2.07025183e-07  2.25494029e-04 -5.30792673e-06  2.25494029e-04  0.00000000e+00  2.25494029e-04  1.20000000e+00 
 2.25594029e-04  6.78159053e-01  2.25594029e-04  4.85589935e-01  2.25594029e-04  1.78641767e-06  2.25594029e-04 -2.06297417e-07  2.25594029e-04  6.35942426e-06  2.25594029e-04  0.00000000e+00  2.25594029e-04  1.20000000e+00 
 2.25694029e-04  6.73392085e-01  2.25694029e-04  4.85620630e-01  2.25694029e-04  1.84664414e-06  2.25694029e-04  2.07018179e-07  2.25694029e-04 -5.30816767e-06  2.25694029e-04  0.00000000e+00  2.25694029e-04  1.20000000e+00 
 2.25794029e-04  6.68625249e-01  2.25794029e-04  4.85590581e-01  2.25794029e-04  1.78641755e-06  2.25794029e-04 -2.06290245e-07  2.25794029e-04  6.35917599e-06  2.25794029e-04  0.00000000e+00  2.25794029e-04  1.20000000e+00 
 2.25894029e-04  6.63860575e-01  2.25894029e-04  4.85620824e-01  2.25894029e-04  1.84664426e-06  2.25894029e-04  2.07011178e-07  2.25894029e-04 -5.30841175e-06  2.25894029e-04  0.00000000e+00  2.25894029e-04  1.20000000e+00 
 2.25994029e-04  6.59096041e-01  2.25994029e-04  4.85591179e-01  2.25994029e-04  1.78641743e-06  2.25994029e-04 -2.06283086e-07  2.25994029e-04  6.35892417e-06  2.25994029e-04  0.00000000e+00  2.25994029e-04  1.20000000e+00 
 2.26094029e-04  6.54333691e-01  2.26094029e-04  4.85620988e-01  2.26094029e-04  1.84664439e-06  2.26094029e-04  2.07004193e-07  2.26094029e-04 -5.30865893e-06  2.26094029e-04  0.00000000e+00  2.26094029e-04  1.20000000e+00 
 2.26194029e-04  6.49571489e-01  2.26194029e-04  4.85591733e-01  2.26194029e-04  1.78641730e-06  2.26194029e-04 -2.06275953e-07  2.26194029e-04  6.35866884e-06  2.26194029e-04  0.00000000e+00  2.26194029e-04  1.20000000e+00 
 2.26294029e-04  6.44811492e-01  2.26294029e-04  4.85621123e-01  2.26294029e-04  1.84664452e-06  2.26294029e-04  2.06997238e-07  2.26294029e-04 -5.30890919e-06  2.26294029e-04  0.00000000e+00  2.26294029e-04  1.20000000e+00 
 2.26394029e-04  6.40051652e-01  2.26394029e-04  4.85592247e-01  2.26394029e-04  1.78641717e-06  2.26394029e-04 -2.06268857e-07  2.26394029e-04  6.35841005e-06  2.26394029e-04  0.00000000e+00  2.26394029e-04  1.20000000e+00 
 2.26494029e-04  6.35294036e-01  2.26494029e-04  4.85621231e-01  2.26494029e-04  1.84664465e-06  2.26494029e-04  2.06990325e-07  2.26494029e-04 -5.30916251e-06  2.26494029e-04  0.00000000e+00  2.26494029e-04  1.20000000e+00 
 2.26594029e-04  6.30536586e-01  2.26594029e-04  4.85592722e-01  2.26594029e-04  1.78641703e-06  2.26594029e-04 -2.06261810e-07  2.26594029e-04  6.35814782e-06  2.26594029e-04  0.00000000e+00  2.26594029e-04  1.20000000e+00 
 2.26694029e-04  6.25781380e-01  2.26694029e-04  4.85621314e-01  2.26694029e-04  1.84664479e-06  2.26694029e-04  2.06983463e-07  2.26694029e-04 -5.30941885e-06  2.26694029e-04  0.00000000e+00  2.26694029e-04  1.20000000e+00 
 2.26794029e-04  6.21026350e-01  2.26794029e-04  4.85593163e-01  2.26794029e-04  1.78641689e-06  2.26794029e-04 -2.06254821e-07  2.26794029e-04  6.35788220e-06  2.26794029e-04  0.00000000e+00  2.26794029e-04  1.20000000e+00 
 2.26894029e-04  6.16273583e-01  2.26894029e-04  4.85621376e-01  2.26894029e-04  1.84664494e-06  2.26894029e-04  2.06976661e-07  2.26894029e-04 -5.30967822e-06  2.26894029e-04  0.00000000e+00  2.26894029e-04  1.20000000e+00 
 2.26994029e-04  6.11521000e-01  2.26994029e-04  4.85593572e-01  2.26994029e-04  1.78641674e-06  2.26994029e-04 -2.06247899e-07  2.26994029e-04  6.35761322e-06  2.26994029e-04  0.00000000e+00  2.26994029e-04  1.20000000e+00 
 2.27094029e-04  6.06770700e-01  2.27094029e-04  4.85621418e-01  2.27094029e-04  1.84664509e-06  2.27094029e-04  2.06969929e-07  2.27094029e-04 -5.30994058e-06  2.27094029e-04  0.00000000e+00  2.27094029e-04  1.20000000e+00 
 2.27194029e-04  6.02020594e-01  2.27194029e-04  4.85593953e-01  2.27194029e-04  1.78641659e-06  2.27194029e-04 -2.06241051e-07  2.27194029e-04  6.35734089e-06  2.27194029e-04  0.00000000e+00  2.27194029e-04  1.20000000e+00 
 2.27294029e-04  5.97272789e-01  2.27294029e-04  4.85621443e-01  2.27294029e-04  1.84664524e-06  2.27294029e-04  2.06963272e-07  2.27294029e-04 -5.31020594e-06  2.27294029e-04  0.00000000e+00  2.27294029e-04  1.20000000e+00 
 2.27394029e-04  5.92525189e-01  2.27394029e-04  4.85594307e-01  2.27394029e-04  1.78641643e-06  2.27394029e-04 -2.06234284e-07  2.27394029e-04  6.35706526e-06  2.27394029e-04  0.00000000e+00  2.27394029e-04  1.20000000e+00 
 2.27494029e-04  5.87779906e-01  2.27494029e-04  4.85621452e-01  2.27494029e-04  1.84664540e-06  2.27494029e-04  2.06956697e-07  2.27494029e-04 -5.31047426e-06  2.27494029e-04  0.00000000e+00  2.27494029e-04  1.20000000e+00 
 2.27594029e-04  5.83034840e-01  2.27594029e-04  4.85594637e-01  2.27594029e-04  1.78641627e-06  2.27594029e-04 -2.06227603e-07  2.27594029e-04  6.35678635e-06  2.27594029e-04  0.00000000e+00  2.27594029e-04  1.20000000e+00 
 2.27694029e-04  5.78292109e-01  2.27694029e-04  4.85621447e-01  2.27694029e-04  1.84664557e-06  2.27694029e-04  2.06950208e-07  2.27694029e-04 -5.31074555e-06  2.27694029e-04  0.00000000e+00  2.27694029e-04  1.20000000e+00 
 2.27794029e-04  5.73549604e-01  2.27794029e-04  4.85594945e-01  2.27794029e-04  1.78641611e-06  2.27794029e-04 -2.06221013e-07  2.27794029e-04  6.35650417e-06  2.27794029e-04  0.00000000e+00  2.27794029e-04  1.20000000e+00 
 2.27894029e-04  5.68809453e-01  2.27894029e-04  4.85621431e-01  2.27894029e-04  1.84664573e-06  2.27894029e-04  2.06943810e-07  2.27894029e-04 -5.31101979e-06  2.27894029e-04  0.00000000e+00  2.27894029e-04  1.20000000e+00 
 2.27994029e-04  5.64069538e-01  2.27994029e-04  4.85595233e-01  2.27994029e-04  1.78641594e-06  2.27994029e-04 -2.06214516e-07  2.27994029e-04  6.35621875e-06  2.27994029e-04  0.00000000e+00  2.27994029e-04  1.20000000e+00 
 2.28094029e-04  5.59331994e-01  2.28094029e-04  4.85621403e-01  2.28094029e-04  1.84664590e-06  2.28094029e-04  2.06937507e-07  2.28094029e-04 -5.31129698e-06  2.28094029e-04  0.00000000e+00  2.28094029e-04  1.20000000e+00 
 2.28194029e-04  5.54594699e-01  2.28194029e-04  4.85595504e-01  2.28194029e-04  1.78641577e-06  2.28194029e-04 -2.06208117e-07  2.28194029e-04  6.35593010e-06  2.28194029e-04  0.00000000e+00  2.28194029e-04  1.20000000e+00 
 2.28294029e-04  5.49859790e-01  2.28294029e-04  4.85621366e-01  2.28294029e-04  1.84664607e-06  2.28294029e-04  2.06931300e-07  2.28294029e-04 -5.31157711e-06  2.28294029e-04  0.00000000e+00  2.28294029e-04  1.20000000e+00 
 2.28394029e-04  5.45125141e-01  2.28394029e-04  4.85595758e-01  2.28394029e-04  1.78641560e-06  2.28394029e-04 -2.06201817e-07  2.28394029e-04  6.35563823e-06  2.28394029e-04  0.00000000e+00  2.28394029e-04  1.20000000e+00 
 2.28494029e-04  5.40392896e-01  2.28494029e-04  4.85621321e-01  2.28494029e-04  1.84664625e-06  2.28494029e-04  2.06925193e-07  2.28494029e-04 -5.31186021e-06  2.28494029e-04  0.00000000e+00  2.28494029e-04  1.20000000e+00 
 2.28594029e-04  5.35660923e-01  2.28594029e-04  4.85595997e-01  2.28594029e-04  1.78641542e-06  2.28594029e-04 -2.06195619e-07  2.28594029e-04  6.35534312e-06  2.28594029e-04  0.00000000e+00  2.28594029e-04  1.20000000e+00 
 2.28694029e-04  5.30931370e-01  2.28694029e-04  4.85621268e-01  2.28694029e-04  1.84664642e-06  2.28694029e-04  2.06919186e-07  2.28694029e-04 -5.31214629e-06  2.28694029e-04  0.00000000e+00  2.28694029e-04  1.20000000e+00 
 2.28794029e-04  5.26202101e-01  2.28794029e-04  4.85596223e-01  2.28794029e-04  1.78641524e-06  2.28794029e-04 -2.06189523e-07  2.28794029e-04  6.35504475e-06  2.28794029e-04  0.00000000e+00  2.28794029e-04  1.20000000e+00 
 2.28894029e-04  5.21475269e-01  2.28894029e-04  4.85621209e-01  2.28894029e-04  1.84664660e-06  2.28894029e-04  2.06913281e-07  2.28894029e-04 -5.31243539e-06  2.28894029e-04  0.00000000e+00  2.28894029e-04  1.20000000e+00 
 2.28994029e-04  5.16748733e-01  2.28994029e-04  4.85596436e-01  2.28994029e-04  1.78641506e-06  2.28994029e-04 -2.06183532e-07  2.28994029e-04  6.35474308e-06  2.28994029e-04  0.00000000e+00  2.28994029e-04  1.20000000e+00 
 2.29094029e-04  5.12024652e-01  2.29094029e-04  4.85621144e-01  2.29094029e-04  1.84664679e-06  2.29094029e-04  2.06907479e-07  2.29094029e-04 -5.31272760e-06  2.29094029e-04  0.00000000e+00  2.29094029e-04  1.20000000e+00 
 2.29194029e-04  5.07300880e-01  2.29194029e-04  4.85596637e-01  2.29194029e-04  1.78641488e-06  2.29194029e-04 -2.06177644e-07  2.29194029e-04  6.35443800e-06  2.29194029e-04  0.00000000e+00  2.29194029e-04  1.20000000e+00 
 2.29294029e-04  5.02579579e-01  2.29294029e-04  4.85621074e-01  2.29294029e-04  1.84664697e-06  2.29294029e-04  2.06901780e-07  2.29294029e-04 -5.31302304e-06  2.29294029e-04  0.00000000e+00  2.29294029e-04  1.20000000e+00 
 2.29394029e-04  4.97858603e-01  2.29394029e-04  4.85596827e-01  2.29394029e-04  1.78641469e-06  2.29394029e-04 -2.06171860e-07  2.29394029e-04  6.35412938e-06  2.29394029e-04  0.00000000e+00  2.29394029e-04  1.20000000e+00 
 2.29494029e-04  4.93140116e-01  2.29494029e-04  4.85621000e-01  2.29494029e-04  1.84664716e-06  2.29494029e-04  2.06896184e-07  2.29494029e-04 -5.31332189e-06  2.29494029e-04  0.00000000e+00  2.29494029e-04  1.20000000e+00 
 2.29594029e-04  4.88421968e-01  2.29594029e-04  4.85597006e-01  2.29594029e-04  1.78641450e-06  2.29594029e-04 -2.06166181e-07  2.29594029e-04  6.35381698e-06  2.29594029e-04  0.00000000e+00  2.29594029e-04  1.20000000e+00 
 2.29694029e-04  4.83706329e-01  2.29694029e-04  4.85620921e-01  2.29694029e-04  1.84664735e-06  2.29694029e-04  2.06890691e-07  2.29694029e-04 -5.31362445e-06  2.29694029e-04  0.00000000e+00  2.29694029e-04  1.20000000e+00 
 2.29794029e-04  4.78991046e-01  2.29794029e-04  4.85597175e-01  2.29794029e-04  1.78641431e-06  2.29794029e-04 -2.06160605e-07  2.29794029e-04  6.35350043e-06  2.29794029e-04  0.00000000e+00  2.29794029e-04  1.20000000e+00 
 2.29894029e-04  4.74278293e-01  2.29894029e-04  4.85620838e-01  2.29894029e-04  1.84664754e-06  2.29894029e-04  2.06885300e-07  2.29894029e-04 -5.31393116e-06  2.29894029e-04  0.00000000e+00  2.29894029e-04  1.20000000e+00 
 2.29994029e-04  4.69565916e-01  2.29994029e-04  4.85597334e-01  2.29994029e-04  1.78641412e-06  2.29994029e-04 -2.06155132e-07  2.29994029e-04  6.35317922e-06  2.29994029e-04  0.00000000e+00  2.29994029e-04  1.20000000e+00 
 2.30094029e-04  4.64856094e-01  2.30094029e-04  4.85620751e-01  2.30094029e-04  1.84664774e-06  2.30094029e-04  2.06880011e-07  2.30094029e-04 -5.31424266e-06  2.30094029e-04  0.00000000e+00  2.30094029e-04  1.20000000e+00 
 2.30194029e-04  4.60146671e-01  2.30194029e-04  4.85597482e-01  2.30194029e-04  1.78641392e-06  2.30194029e-04 -2.06149761e-07  2.30194029e-04  6.35285253e-06  2.30194029e-04  0.00000000e+00  2.30194029e-04  1.20000000e+00 
 2.30294029e-04  4.55439831e-01  2.30294029e-04  4.85620659e-01  2.30294029e-04  1.84664793e-06  2.30294029e-04  2.06874822e-07  2.30294029e-04 -5.31455992e-06  2.30294029e-04  0.00000000e+00  2.30294029e-04  1.20000000e+00 
 2.30394029e-04  4.50733420e-01  2.30394029e-04  4.85597618e-01  2.30394029e-04  1.78641373e-06  2.30394029e-04 -2.06144491e-07  2.30394029e-04  6.35251922e-06  2.30394029e-04  0.00000000e+00  2.30394029e-04  1.20000000e+00 
 2.30494029e-04  4.46029626e-01  2.30494029e-04  4.85620562e-01  2.30494029e-04  1.84664813e-06  2.30494029e-04  2.06869733e-07  2.30494029e-04 -5.31488432e-06  2.30494029e-04  0.00000000e+00  2.30494029e-04  1.20000000e+00 
 2.30594029e-04  4.41326297e-01  2.30594029e-04  4.85597742e-01  2.30594029e-04  1.78641353e-06  2.30594029e-04 -2.06139321e-07  2.30594029e-04  6.35217758e-06  2.30594029e-04  0.00000000e+00  2.30594029e-04  1.20000000e+00 
 2.30694029e-04  4.36625630e-01  2.30694029e-04  4.85620458e-01  2.30694029e-04  1.84664833e-06  2.30694029e-04  2.06864741e-07  2.30694029e-04 -5.31521789e-06  2.30694029e-04  0.00000000e+00  2.30694029e-04  1.20000000e+00 
 2.30794029e-04  4.31925476e-01  2.30794029e-04  4.85597850e-01  2.30794029e-04  1.78641334e-06  2.30794029e-04 -2.06134248e-07  2.30794029e-04  6.35182517e-06  2.30794029e-04  0.00000000e+00  2.30794029e-04  1.20000000e+00 
 2.30894029e-04  4.27228041e-01  2.30894029e-04  4.85620344e-01  2.30894029e-04  1.84664852e-06  2.30894029e-04  2.06859846e-07  2.30894029e-04 -5.31556351e-06  2.30894029e-04  0.00000000e+00  2.30894029e-04  1.20000000e+00 
 2.30994029e-04  4.22531183e-01  2.30994029e-04  4.85597940e-01  2.30994029e-04  1.78641314e-06  2.30994029e-04 -2.06129270e-07  2.30994029e-04  6.35145854e-06  2.30994029e-04  0.00000000e+00  2.30994029e-04  1.20000000e+00 
 2.31094029e-04  4.17837119e-01  2.31094029e-04  4.85620219e-01  2.31094029e-04  1.84664872e-06  2.31094029e-04  2.06855044e-07  2.31094029e-04 -5.31592522e-06  2.31094029e-04  0.00000000e+00  2.31094029e-04  1.20000000e+00 
 2.31194029e-04  4.13143718e-01  2.31194029e-04  4.85598007e-01  2.31194029e-04  1.78641294e-06  2.31194029e-04 -2.06124386e-07  2.31194029e-04  6.35107285e-06  2.31194029e-04  0.00000000e+00  2.31194029e-04  1.20000000e+00 
 2.31294029e-04  4.08453213e-01  2.31294029e-04  4.85620078e-01  2.31294029e-04  1.84664893e-06  2.31294029e-04  2.06850334e-07  2.31294029e-04 -5.31630862e-06  2.31294029e-04  0.00000000e+00  2.31294029e-04  1.20000000e+00 
 2.31394029e-04  4.03763486e-01  2.31394029e-04  4.85598045e-01  2.31394029e-04  1.78641274e-06  2.31394029e-04 -2.06119591e-07  2.31394029e-04  6.35066152e-06  2.31394029e-04  0.00000000e+00  2.31394029e-04  1.20000000e+00 
 2.31494029e-04  3.99076790e-01  2.31494029e-04  4.85619918e-01  2.31494029e-04  1.84664913e-06  2.31494029e-04  2.06845711e-07  2.31494029e-04 -5.31672127e-06  2.31494029e-04  0.00000000e+00  2.31494029e-04  1.20000000e+00 
 2.31594029e-04  3.94391029e-01  2.31594029e-04  4.85598048e-01  2.31594029e-04  1.78641253e-06  2.31594029e-04 -2.06114883e-07  2.31594029e-04  6.35021577e-06  2.31594029e-04  0.00000000e+00  2.31594029e-04  1.20000000e+00 
 2.31694029e-04  3.89708479e-01  2.31694029e-04  4.85619730e-01  2.31694029e-04  1.84664933e-06  2.31694029e-04  2.06841173e-07  2.31694029e-04 -5.31717305e-06  2.31694029e-04  0.00000000e+00  2.31694029e-04  1.20000000e+00 
 2.31794029e-04  3.85027072e-01  2.31794029e-04  4.85598006e-01  2.31794029e-04  1.78641233e-06  2.31794029e-04 -2.06110256e-07  2.31794029e-04  6.34972426e-06  2.31794029e-04  0.00000000e+00  2.31794029e-04  1.20000000e+00 
 2.31894029e-04  3.80349114e-01  2.31894029e-04  4.85619510e-01  2.31894029e-04  1.84664953e-06  2.31894029e-04  2.06836714e-07  2.31894029e-04 -5.31767655e-06  2.31894029e-04  0.00000000e+00  2.31894029e-04  1.20000000e+00 
 2.31994029e-04  3.75672571e-01  2.31994029e-04  4.85597908e-01  2.31994029e-04  1.78641213e-06  2.31994029e-04 -2.06105705e-07  2.31994029e-04  6.34917283e-06  2.31994029e-04  0.00000000e+00  2.31994029e-04  1.20000000e+00 
 2.32094029e-04  3.70999784e-01  2.32094029e-04  4.85619249e-01  2.32094029e-04  1.84664974e-06  2.32094029e-04  2.06832327e-07  2.32094029e-04 -5.31824721e-06  2.32094029e-04  0.00000000e+00  2.32094029e-04  1.20000000e+00 
 2.32194029e-04  3.66328764e-01  2.32194029e-04  4.85597744e-01  2.32194029e-04  1.78641193e-06  2.32194029e-04 -2.06101224e-07  2.32194029e-04  6.34854433e-06  2.32194029e-04  0.00000000e+00  2.32194029e-04  1.20000000e+00 
 2.32294029e-04  3.61661891e-01  2.32294029e-04  4.85618941e-01  2.32294029e-04  1.84664994e-06  2.32294029e-04  2.06828007e-07  2.32294029e-04 -5.31890347e-06  2.32294029e-04  0.00000000e+00  2.32294029e-04  1.20000000e+00 
 2.32394029e-04  3.56997227e-01  2.32394029e-04  4.85597500e-01  2.32394029e-04  1.78641173e-06  2.32394029e-04 -2.06096803e-07  2.32394029e-04  6.34781864e-06  2.32394029e-04  0.00000000e+00  2.32394029e-04  1.20000000e+00 
 2.32494029e-04  3.52337198e-01  2.32494029e-04  4.85618576e-01  2.32494029e-04  1.84665014e-06  2.32494029e-04  2.06823743e-07  2.32494029e-04 -5.31966656e-06  2.32494029e-04  0.00000000e+00  2.32494029e-04  1.20000000e+00 
 2.32594029e-04  3.47679924e-01  2.32594029e-04  4.85597164e-01  2.32594029e-04  1.78641153e-06  2.32594029e-04 -2.06092434e-07  2.32594029e-04  6.34697289e-06  2.32594029e-04  0.00000000e+00  2.32594029e-04  1.20000000e+00 
 2.32694029e-04  3.43027882e-01  2.32694029e-04  4.85618148e-01  2.32694029e-04  1.84665035e-06  2.32694029e-04  2.06819525e-07  2.32694029e-04 -5.32056033e-06  2.32694029e-04  0.00000000e+00  2.32694029e-04  1.20000000e+00 
 2.32794029e-04  3.38379256e-01  2.32794029e-04  4.85596722e-01  2.32794029e-04  1.78641134e-06  2.32794029e-04 -2.06088104e-07  2.32794029e-04  6.34598180e-06  2.32794029e-04  0.00000000e+00  2.32794029e-04  1.20000000e+00 
 2.32894029e-04  3.33736576e-01  2.32894029e-04  4.85617649e-01  2.32894029e-04  1.84665055e-06  2.32894029e-04  2.06815341e-07  2.32894029e-04 -5.32161063e-06  2.32894029e-04  0.00000000e+00  2.32894029e-04  1.20000000e+00 
 2.32994029e-04  3.29098096e-01  2.32994029e-04  4.85596161e-01  2.32994029e-04  1.78641114e-06  2.32994029e-04 -2.06083802e-07  2.32994029e-04  6.34481842e-06  2.32994029e-04  0.00000000e+00  2.32994029e-04  1.20000000e+00 
 2.33094029e-04  3.24466398e-01  2.33094029e-04  4.85617074e-01  2.33094029e-04  1.84665075e-06  2.33094029e-04  2.06811178e-07  2.33094029e-04 -5.32284454e-06  2.33094029e-04  0.00000000e+00  2.33094029e-04  1.20000000e+00 
 2.33194029e-04  3.19839810e-01  2.33194029e-04  4.85595470e-01  2.33194029e-04  1.78641095e-06  2.33194029e-04 -2.06079512e-07  2.33194029e-04  6.34345511e-06  2.33194029e-04  0.00000000e+00  2.33194029e-04  1.20000000e+00 
 2.33294029e-04  3.15220963e-01  2.33294029e-04  4.85616420e-01  2.33294029e-04  1.84665094e-06  2.33294029e-04  2.06807018e-07  2.33294029e-04 -5.32428905e-06  2.33294029e-04  0.00000000e+00  2.33294029e-04  1.20000000e+00 
 2.33394029e-04  3.10608256e-01  2.33394029e-04  4.85594641e-01  2.33394029e-04  1.78641076e-06  2.33394029e-04 -2.06075218e-07  2.33394029e-04  6.34186513e-06  2.33394029e-04  0.00000000e+00  2.33394029e-04  1.20000000e+00 
 2.33494029e-04  3.06004364e-01  2.33494029e-04  4.85615687e-01  2.33494029e-04  1.84665114e-06  2.33494029e-04  2.06802846e-07  2.33494029e-04 -5.32596932e-06  2.33494029e-04  0.00000000e+00  2.33494029e-04  1.20000000e+00 
 2.33594029e-04  3.01407752e-01  2.33594029e-04  4.85593672e-01  2.33594029e-04  1.78641058e-06  2.33594029e-04 -2.06070904e-07  2.33594029e-04  6.34002462e-06  2.33594029e-04  0.00000000e+00  2.33594029e-04  1.20000000e+00 
 2.33694029e-04  2.96821122e-01  2.33694029e-04  4.85614883e-01  2.33694029e-04  1.84665132e-06  2.33694029e-04  2.06798641e-07  2.33694029e-04 -5.32790652e-06  2.33694029e-04  0.00000000e+00  2.33694029e-04  1.20000000e+00 
 2.33794029e-04  2.92242997e-01  2.33794029e-04  4.85592568e-01  2.33794029e-04  1.78641041e-06  2.33794029e-04 -2.06066551e-07  2.33794029e-04  6.33791486e-06  2.33794029e-04  0.00000000e+00  2.33794029e-04  1.20000000e+00 
 2.33894029e-04  2.87676092e-01  2.33894029e-04  4.85614018e-01  2.33894029e-04  1.84665151e-06  2.33894029e-04  2.06794387e-07  2.33894029e-04 -5.33011567e-06  2.33894029e-04  0.00000000e+00  2.33894029e-04  1.20000000e+00 
 2.33994029e-04  2.83118967e-01  2.33994029e-04  4.85591341e-01  2.33994029e-04  1.78641024e-06  2.33994029e-04 -2.06062142e-07  2.33994029e-04  6.33552431e-06  2.33994029e-04  0.00000000e+00  2.33994029e-04  1.20000000e+00 
 2.34094029e-04  2.78574329e-01  2.34094029e-04  4.85613110e-01  2.34094029e-04  1.84665168e-06  2.34094029e-04  2.06790066e-07  2.34094029e-04 -5.33260385e-06  2.34094029e-04  0.00000000e+00  2.34094029e-04  1.20000000e+00 
 2.34194029e-04  2.74040762e-01  2.34194029e-04  4.85590012e-01  2.34194029e-04  1.78641007e-06  2.34194029e-04 -2.06057660e-07  2.34194029e-04  6.33285003e-06  2.34194029e-04  0.00000000e+00  2.34194029e-04  1.20000000e+00 
 2.34294029e-04  2.69520941e-01  2.34294029e-04  4.85612182e-01  2.34294029e-04  1.84665185e-06  2.34294029e-04  2.06785660e-07  2.34294029e-04 -5.33536930e-06  2.34294029e-04  0.00000000e+00  2.34294029e-04  1.20000000e+00 
 2.34394029e-04  2.65013453e-01  2.34394029e-04  4.85588607e-01  2.34394029e-04  1.78640992e-06  2.34394029e-04 -2.06053092e-07  2.34394029e-04  6.32989804e-06  2.34394029e-04  0.00000000e+00  2.34394029e-04  1.20000000e+00 
 2.34494029e-04  2.60520925e-01  2.34494029e-04  4.85611257e-01  2.34494029e-04  1.84665201e-06  2.34494029e-04  2.06781158e-07  2.34494029e-04 -5.33840173e-06  2.34494029e-04  0.00000000e+00  2.34494029e-04  1.20000000e+00 
 2.34594029e-04  2.56041925e-01  2.34594029e-04  4.85587158e-01  2.34594029e-04  1.78640977e-06  2.34594029e-04 -2.06048427e-07  2.34594029e-04  6.32668244e-06  2.34594029e-04  0.00000000e+00  2.34594029e-04  1.20000000e+00 
 2.34694029e-04  2.51579019e-01  2.34694029e-04  4.85610359e-01  2.34694029e-04  1.84665216e-06  2.34694029e-04  2.06776550e-07  2.34694029e-04 -5.34168371e-06  2.34694029e-04  0.00000000e+00  2.34694029e-04  1.20000000e+00 
 2.34794029e-04  2.47130748e-01  2.34794029e-04  4.85585695e-01  2.34794029e-04  1.78640964e-06  2.34794029e-04 -2.06043658e-07  2.34794029e-04  6.32322349e-06  2.34794029e-04  0.00000000e+00  2.34794029e-04  1.20000000e+00 
 2.34894029e-04  2.42699601e-01  2.34894029e-04  4.85609507e-01  2.34894029e-04  1.84665230e-06  2.34894029e-04  2.06771833e-07  2.34894029e-04 -5.34519290e-06  2.34894029e-04  0.00000000e+00  2.34894029e-04  1.20000000e+00 
 2.34947020e-04  2.40357533e-01  2.34947020e-04  4.85583974e-01  2.34947020e-04  1.78640946e-06  2.34947020e-04 -2.06036458e-07  2.34947020e-04  6.32037510e-06  2.34947020e-04  0.00000000e+00  2.34947020e-04  1.20000000e+00 
 2.35000010e-04  2.38021216e-01  2.35000010e-04  4.85609399e-01  2.35000010e-04  1.84665251e-06  2.35000010e-04  2.06762306e-07  2.35000010e-04 -5.34710727e-06  2.35000010e-04  0.00000000e+00  2.35000010e-04  1.20000000e+00 
 2.35000011e-04  2.37986152e-01  2.35000011e-04  4.80355181e-01  2.35000011e-04  2.83060418e-06  2.35000011e-04  7.87505014e-06  2.35000011e-04 -1.86290257e-04  2.35000011e-04  0.00000000e+00  2.35000011e-04  1.08000000e+00 
 2.35000013e-04  2.37908522e-01  2.35000013e-04  4.66818068e-01  2.35000013e-04  3.24155657e-06  2.35000013e-04  1.23713669e-05  2.35000013e-04 -2.60951338e-04  2.35000013e-04  0.00000000e+00  2.35000013e-04  8.40000000e-01 
 2.35000016e-04  2.37794823e-01  2.35000016e-04  4.43533282e-01  2.35000016e-04  2.72969662e-06  2.35000016e-04  7.41717868e-06  2.35000016e-04 -1.84394830e-04  2.35000016e-04  0.00000000e+00  2.35000016e-04  4.20000001e-01 
 2.35000020e-04  2.37729522e-01  2.35000020e-04  4.26258232e-01  2.35000020e-04  2.89909704e-06  2.35000020e-04  7.24731944e-06  2.35000020e-04 -1.90767145e-04  2.35000020e-04  0.00000000e+00  2.35000020e-04  3.16866000e-09 
 2.35000021e-04  2.37728344e-01  2.35000021e-04  4.26626582e-01  2.35000021e-04  2.09299262e-06  2.35000021e-04 -2.25270872e-07  2.35000021e-04 -3.07189710e-05  2.35000021e-04  0.00000000e+00  2.35000021e-04  0.00000000e+00 
 2.35000022e-04  2.37727749e-01  2.35000022e-04  4.27961129e-01  2.35000022e-04  1.90190869e-06  2.35000022e-04 -1.58625103e-06  2.35000022e-04  1.40856372e-06  2.35000022e-04  0.00000000e+00  2.35000022e-04  0.00000000e+00 
 2.35000025e-04  2.37727245e-01  2.35000025e-04  4.30178078e-01  2.35000025e-04  2.10262954e-06  2.35000025e-04  1.49305653e-07  2.35000025e-04 -2.27304418e-05  2.35000025e-04  0.00000000e+00  2.35000025e-04  0.00000000e+00 
 2.35000030e-04  2.37726358e-01  2.35000030e-04  4.32958191e-01  2.35000030e-04  1.92185873e-06  2.35000030e-04 -8.36900173e-07  2.35000030e-04  4.20369512e-06  2.35000030e-04  0.00000000e+00  2.35000030e-04  0.00000000e+00 
 2.35000041e-04  2.37726015e-01  2.35000041e-04  4.35659705e-01  2.35000041e-04  2.00719605e-06  2.35000041e-04  7.45419690e-07  2.35000041e-04 -1.61433725e-05  2.35000041e-04  0.00000000e+00  2.35000041e-04  0.00000000e+00 
 2.35000062e-04  2.37726192e-01  2.35000062e-04  4.37646911e-01  2.35000062e-04  1.79061227e-06  2.35000062e-04 -5.33931708e-07  2.35000062e-04  9.96528612e-06  2.35000062e-04  0.00000000e+00  2.35000062e-04  0.00000000e+00 
 2.35000104e-04  2.37727239e-01  2.35000104e-04  4.40128070e-01  2.35000104e-04  1.88513474e-06  2.35000104e-04  7.45534484e-07  2.35000104e-04 -1.13358427e-05  2.35000104e-04  0.00000000e+00  2.35000104e-04  0.00000000e+00 
 2.35000188e-04  2.37728935e-01  2.35000188e-04  4.43622516e-01  2.35000188e-04  1.73821694e-06  2.35000188e-04 -5.12115009e-07  2.35000188e-04  1.13156408e-05  2.35000188e-04  0.00000000e+00  2.35000188e-04  0.00000000e+00 
 2.35000304e-04  2.37731109e-01  2.35000304e-04  4.47519382e-01  2.35000304e-04  1.87592888e-06  2.35000304e-04  7.64104954e-07  2.35000304e-04 -1.13481283e-05  2.35000304e-04  0.00000000e+00  2.35000304e-04  0.00000000e+00 
 2.35000536e-04  2.37734237e-01  2.35000536e-04  4.53207031e-01  2.35000536e-04  1.73702608e-06  2.35000536e-04 -5.32085749e-07  2.35000536e-04  1.13244181e-05  2.35000536e-04  0.00000000e+00  2.35000536e-04  0.00000000e+00 
 2.35001000e-04  2.37737927e-01  2.35001000e-04  4.60423469e-01  2.35001000e-04  1.88121274e-06  2.35001000e-04  6.93169498e-07  2.35001000e-04 -1.13250810e-05  2.35001000e-04  0.00000000e+00  2.35001000e-04  0.00000000e+00 
 2.35001928e-04  2.37740572e-01  2.35001928e-04  4.67235209e-01  2.35001928e-04  1.74427657e-06  2.35001928e-04 -6.35537235e-07  2.35001928e-04  1.13357302e-05  2.35001928e-04  0.00000000e+00  2.35001928e-04  0.00000000e+00 
 2.35003785e-04  2.37745906e-01  2.35003785e-04  4.73057515e-01  2.35003785e-04  1.88575479e-06  2.35003785e-04  6.09808775e-07  2.35003785e-04 -1.13179008e-05  2.35003785e-04  0.00000000e+00  2.35003785e-04  0.00000000e+00 
 2.35007499e-04  2.37760786e-01  2.35007499e-04  4.79152157e-01  2.35007499e-04  1.74599765e-06  2.35007499e-04 -6.51616579e-07  2.35007499e-04  1.13326420e-05  2.35007499e-04  0.00000000e+00  2.35007499e-04  0.00000000e+00 
 2.35014925e-04  2.37783017e-01  2.35014925e-04  4.84364212e-01  2.35014925e-04  1.88674520e-06  2.35014925e-04  6.31091984e-07  2.35014925e-04 -1.13190589e-05  2.35014925e-04  0.00000000e+00  2.35014925e-04  0.00000000e+00 
 2.35029779e-04  2.37806686e-01  2.35029779e-04  4.85716449e-01  2.35029779e-04  1.74639911e-06  2.35029779e-04 -6.33757882e-07  2.35029779e-04  1.13323727e-05  2.35029779e-04  0.00000000e+00  2.35029779e-04  0.00000000e+00 
 2.35059485e-04  2.37816443e-01  2.35059485e-04  4.85595281e-01  2.35059485e-04  1.88667016e-06  2.35059485e-04  6.34834377e-07  2.35059485e-04 -1.13189346e-05  2.35059485e-04  0.00000000e+00  2.35059485e-04  0.00000000e+00 
 2.35118899e-04  2.37791287e-01  2.35118899e-04  4.85614723e-01  2.35118899e-04  1.74638924e-06  2.35118899e-04 -6.34214764e-07  2.35118899e-04  1.13323118e-05  2.35118899e-04  0.00000000e+00  2.35118899e-04  0.00000000e+00 
 2.35218899e-04  2.37735084e-01  2.35218899e-04  4.85625298e-01  2.35218899e-04  1.88667323e-06  2.35218899e-04  6.34999528e-07  2.35218899e-04 -1.13189028e-05  2.35218899e-04  0.00000000e+00  2.35218899e-04  0.00000000e+00 
 2.35318899e-04  2.37680216e-01  2.35318899e-04  4.85598531e-01  2.35318899e-04  1.74638769e-06  2.35318899e-04 -6.34316621e-07  2.35318899e-04  1.13322867e-05  2.35318899e-04  0.00000000e+00  2.35318899e-04  0.00000000e+00 
 2.35418899e-04  2.37625111e-01  2.35418899e-04  4.85638126e-01  2.35418899e-04  1.88667435e-06  2.35418899e-04  6.35089290e-07  2.35418899e-04 -1.13188795e-05  2.35418899e-04  0.00000000e+00  2.35418899e-04  0.00000000e+00 
 2.35518899e-04  2.37569839e-01  2.35518899e-04  4.85588414e-01  2.35518899e-04  1.74638693e-06  2.35518899e-04 -6.34396349e-07  2.35518899e-04  1.13322616e-05  2.35518899e-04  0.00000000e+00  2.35518899e-04  0.00000000e+00 
 2.35618899e-04  2.37514899e-01  2.35618899e-04  4.85646078e-01  2.35618899e-04  1.88667480e-06  2.35618899e-04  6.35160660e-07  2.35618899e-04 -1.13188561e-05  2.35618899e-04  0.00000000e+00  2.35618899e-04  0.00000000e+00 
 2.35718899e-04  2.37459576e-01  2.35718899e-04  4.85582206e-01  2.35718899e-04  1.74638674e-06  2.35718899e-04 -6.34460713e-07  2.35718899e-04  1.13322364e-05  2.35718899e-04  0.00000000e+00  2.35718899e-04  0.00000000e+00 
 2.35818899e-04  2.37404667e-01  2.35818899e-04  4.85650891e-01  2.35818899e-04  1.88667478e-06  2.35818899e-04  6.35219120e-07  2.35818899e-04 -1.13188327e-05  2.35818899e-04  0.00000000e+00  2.35818899e-04  0.00000000e+00 
 2.35918899e-04  2.37349343e-01  2.35918899e-04  4.85578516e-01  2.35918899e-04  1.74638694e-06  2.35918899e-04 -6.34514163e-07  2.35918899e-04  1.13322112e-05  2.35918899e-04  0.00000000e+00  2.35918899e-04  0.00000000e+00 
 2.36018899e-04  2.37294446e-01  2.36018899e-04  4.85653683e-01  2.36018899e-04  1.88667443e-06  2.36018899e-04  6.35268293e-07  2.36018899e-04 -1.13188092e-05  2.36018899e-04  0.00000000e+00  2.36018899e-04  0.00000000e+00 
 2.36118899e-04  2.37239128e-01  2.36118899e-04  4.85576447e-01  2.36118899e-04  1.74638740e-06  2.36118899e-04 -6.34559654e-07  2.36118899e-04  1.13321859e-05  2.36118899e-04  0.00000000e+00  2.36118899e-04  0.00000000e+00 
 2.36218899e-04  2.37184240e-01  2.36218899e-04  4.85655174e-01  2.36218899e-04  1.88667388e-06  2.36218899e-04  6.35310597e-07  2.36218899e-04 -1.13187856e-05  2.36218899e-04  0.00000000e+00  2.36218899e-04  0.00000000e+00 
 2.36318899e-04  2.37128932e-01  2.36318899e-04  4.85575420e-01  2.36318899e-04  1.74638803e-06  2.36318899e-04 -6.34599173e-07  2.36318899e-04  1.13321605e-05  2.36318899e-04  0.00000000e+00  2.36318899e-04  0.00000000e+00 
 2.36418899e-04  2.37074051e-01  2.36418899e-04  4.85655830e-01  2.36418899e-04  1.88667319e-06  2.36418899e-04  6.35347668e-07  2.36418899e-04 -1.13187620e-05  2.36418899e-04  0.00000000e+00  2.36418899e-04  0.00000000e+00 
 2.36518899e-04  2.37018752e-01  2.36518899e-04  4.85575060e-01  2.36518899e-04  1.74638876e-06  2.36518899e-04 -6.34634070e-07  2.36518899e-04  1.13321351e-05  2.36518899e-04  0.00000000e+00  2.36518899e-04  0.00000000e+00 
 2.36618899e-04  2.36963879e-01  2.36618899e-04  4.85655954e-01  2.36618899e-04  1.88667242e-06  2.36618899e-04  6.35380625e-07  2.36618899e-04 -1.13187384e-05  2.36618899e-04  0.00000000e+00  2.36618899e-04  0.00000000e+00 
 2.36718899e-04  2.36908589e-01  2.36718899e-04  4.85575124e-01  2.36718899e-04  1.74638955e-06  2.36718899e-04 -6.34665279e-07  2.36718899e-04  1.13321097e-05  2.36718899e-04  0.00000000e+00  2.36718899e-04  0.00000000e+00 
 2.36818899e-04  2.36853722e-01  2.36818899e-04  4.85655742e-01  2.36818899e-04  1.88667161e-06  2.36818899e-04  6.35410251e-07  2.36818899e-04 -1.13187146e-05  2.36818899e-04  0.00000000e+00  2.36818899e-04  0.00000000e+00 
 2.36918899e-04  2.36798443e-01  2.36918899e-04  4.85575453e-01  2.36918899e-04  1.74639038e-06  2.36918899e-04 -6.34693457e-07  2.36918899e-04  1.13320842e-05  2.36918899e-04  0.00000000e+00  2.36918899e-04  0.00000000e+00 
 2.37018899e-04  2.36743582e-01  2.37018899e-04  4.85655321e-01  2.37018899e-04  1.88667078e-06  2.37018899e-04  6.35437102e-07  2.37018899e-04 -1.13186909e-05  2.37018899e-04  0.00000000e+00  2.37018899e-04  0.00000000e+00 
 2.37118899e-04  2.36688313e-01  2.37118899e-04  4.85575945e-01  2.37118899e-04  1.74639121e-06  2.37118899e-04 -6.34719080e-07  2.37118899e-04  1.13320586e-05  2.37118899e-04  0.00000000e+00  2.37118899e-04  0.00000000e+00 
 2.37218899e-04  2.36633459e-01  2.37218899e-04  4.85654775e-01  2.37218899e-04  1.88666995e-06  2.37218899e-04  6.35461586e-07  2.37218899e-04 -1.13186670e-05  2.37218899e-04  0.00000000e+00  2.37218899e-04  0.00000000e+00 
 2.37318899e-04  2.36578201e-01  2.37318899e-04  4.85576531e-01  2.37318899e-04  1.74639204e-06  2.37318899e-04 -6.34742498e-07  2.37318899e-04  1.13320329e-05  2.37318899e-04  0.00000000e+00  2.37318899e-04  0.00000000e+00 
 2.37418899e-04  2.36523352e-01  2.37418899e-04  4.85654158e-01  2.37418899e-04  1.88666913e-06  2.37418899e-04  6.35484007e-07  2.37418899e-04 -1.13186431e-05  2.37418899e-04  0.00000000e+00  2.37418899e-04  0.00000000e+00 
 2.37518899e-04  2.36468105e-01  2.37518899e-04  4.85577170e-01  2.37518899e-04  1.74639285e-06  2.37518899e-04 -6.34763977e-07  2.37518899e-04  1.13320072e-05  2.37518899e-04  0.00000000e+00  2.37518899e-04  0.00000000e+00 
 2.37618899e-04  2.36413262e-01  2.37618899e-04  4.85653505e-01  2.37618899e-04  1.88666833e-06  2.37618899e-04  6.35504599e-07  2.37618899e-04 -1.13186191e-05  2.37618899e-04  0.00000000e+00  2.37618899e-04  0.00000000e+00 
 2.37718899e-04  2.36358025e-01  2.37718899e-04  4.85577831e-01  2.37718899e-04  1.74639364e-06  2.37718899e-04 -6.34783727e-07  2.37718899e-04  1.13319815e-05  2.37718899e-04  0.00000000e+00  2.37718899e-04  0.00000000e+00 
 2.37818899e-04  2.36303189e-01  2.37818899e-04  4.85652839e-01  2.37818899e-04  1.88666754e-06  2.37818899e-04  6.35523549e-07  2.37818899e-04 -1.13185951e-05  2.37818899e-04  0.00000000e+00  2.37818899e-04  0.00000000e+00 
 2.37918899e-04  2.36247963e-01  2.37918899e-04  4.85578498e-01  2.37918899e-04  1.74639442e-06  2.37918899e-04 -6.34801914e-07  2.37918899e-04  1.13319557e-05  2.37918899e-04  0.00000000e+00  2.37918899e-04  0.00000000e+00 
 2.38018899e-04  2.36193132e-01  2.38018899e-04  4.85652175e-01  2.38018899e-04  1.88666678e-06  2.38018899e-04  6.35541010e-07  2.38018899e-04 -1.13185710e-05  2.38018899e-04  0.00000000e+00  2.38018899e-04  0.00000000e+00 
 2.38118899e-04  2.36137917e-01  2.38118899e-04  4.85579157e-01  2.38118899e-04  1.74639517e-06  2.38118899e-04 -6.34818677e-07  2.38118899e-04  1.13319298e-05  2.38118899e-04  0.00000000e+00  2.38118899e-04  0.00000000e+00 
 2.38218899e-04  2.36083092e-01  2.38218899e-04  4.85651522e-01  2.38218899e-04  1.88666604e-06  2.38218899e-04  6.35557108e-07  2.38218899e-04 -1.13185469e-05  2.38218899e-04  0.00000000e+00  2.38218899e-04  0.00000000e+00 
 2.38318899e-04  2.36027888e-01  2.38318899e-04  4.85579802e-01  2.38318899e-04  1.74639589e-06  2.38318899e-04 -6.34834134e-07  2.38318899e-04  1.13319038e-05  2.38318899e-04  0.00000000e+00  2.38318899e-04  0.00000000e+00 
 2.38418899e-04  2.35973068e-01  2.38418899e-04  4.85650885e-01  2.38418899e-04  1.88666533e-06  2.38418899e-04  6.35571951e-07  2.38418899e-04 -1.13185227e-05  2.38418899e-04  0.00000000e+00  2.38418899e-04  0.00000000e+00 
 2.38518899e-04  2.35917875e-01  2.38518899e-04  4.85580428e-01  2.38518899e-04  1.74639659e-06  2.38518899e-04 -6.34848385e-07  2.38518899e-04  1.13318778e-05  2.38518899e-04  0.00000000e+00  2.38518899e-04  0.00000000e+00 
 2.38618899e-04  2.35863061e-01  2.38618899e-04  4.85650269e-01  2.38618899e-04  1.88666465e-06  2.38618899e-04  6.35585636e-07  2.38618899e-04 -1.13184984e-05  2.38618899e-04  0.00000000e+00  2.38618899e-04  0.00000000e+00 
 2.38718899e-04  2.35807879e-01  2.38718899e-04  4.85581034e-01  2.38718899e-04  1.74639726e-06  2.38718899e-04 -6.34861521e-07  2.38718899e-04  1.13318518e-05  2.38718899e-04  0.00000000e+00  2.38718899e-04  0.00000000e+00 
 2.38818899e-04  2.35753071e-01  2.38818899e-04  4.85649675e-01  2.38818899e-04  1.88666398e-06  2.38818899e-04  6.35598246e-07  2.38818899e-04 -1.13184741e-05  2.38818899e-04  0.00000000e+00  2.38818899e-04  0.00000000e+00 
 2.38918899e-04  2.35697900e-01  2.38918899e-04  4.85581616e-01  2.38918899e-04  1.74639791e-06  2.38918899e-04 -6.34873621e-07  2.38918899e-04  1.13318256e-05  2.38918899e-04  0.00000000e+00  2.38918899e-04  0.00000000e+00 
 2.39018899e-04  2.35643097e-01  2.39018899e-04  4.85649104e-01  2.39018899e-04  1.88666335e-06  2.39018899e-04  6.35609856e-07  2.39018899e-04 -1.13184497e-05  2.39018899e-04  0.00000000e+00  2.39018899e-04  0.00000000e+00 
 2.39118899e-04  2.35587937e-01  2.39118899e-04  4.85582174e-01  2.39118899e-04  1.74639854e-06  2.39118899e-04 -6.34884756e-07  2.39118899e-04  1.13317995e-05  2.39118899e-04  0.00000000e+00  2.39118899e-04  0.00000000e+00 
 2.39218899e-04  2.35533140e-01  2.39218899e-04  4.85648557e-01  2.39218899e-04  1.88666273e-06  2.39218899e-04  6.35620535e-07  2.39218899e-04 -1.13184253e-05  2.39218899e-04  0.00000000e+00  2.39218899e-04  0.00000000e+00 
 2.39318899e-04  2.35477991e-01  2.39318899e-04  4.85582710e-01  2.39318899e-04  1.74639914e-06  2.39318899e-04 -6.34894992e-07  2.39318899e-04  1.13317733e-05  2.39318899e-04  0.00000000e+00  2.39318899e-04  0.00000000e+00 
 2.39418899e-04  2.35423199e-01  2.39418899e-04  4.85648033e-01  2.39418899e-04  1.88666214e-06  2.39418899e-04  6.35630345e-07  2.39418899e-04 -1.13184008e-05  2.39418899e-04  0.00000000e+00  2.39418899e-04  0.00000000e+00 
 2.39518899e-04  2.35368062e-01  2.39518899e-04  4.85583222e-01  2.39518899e-04  1.74639972e-06  2.39518899e-04 -6.34904387e-07  2.39518899e-04  1.13317470e-05  2.39518899e-04  0.00000000e+00  2.39518899e-04  0.00000000e+00 
 2.39618899e-04  2.35313276e-01  2.39618899e-04  4.85647532e-01  2.39618899e-04  1.88666157e-06  2.39618899e-04  6.35639342e-07  2.39618899e-04 -1.13183762e-05  2.39618899e-04  0.00000000e+00  2.39618899e-04  0.00000000e+00 
 2.39718899e-04  2.35258149e-01  2.39718899e-04  4.85583712e-01  2.39718899e-04  1.74640029e-06  2.39718899e-04 -6.34912997e-07  2.39718899e-04  1.13317207e-05  2.39718899e-04  0.00000000e+00  2.39718899e-04  0.00000000e+00 
 2.39818899e-04  2.35203368e-01  2.39818899e-04  4.85647054e-01  2.39818899e-04  1.88666101e-06  2.39818899e-04  6.35647580e-07  2.39818899e-04 -1.13183517e-05  2.39818899e-04  0.00000000e+00  2.39818899e-04  0.00000000e+00 
 2.39918899e-04  2.35148253e-01  2.39918899e-04  4.85584179e-01  2.39918899e-04  1.74640083e-06  2.39918899e-04 -6.34920873e-07  2.39918899e-04  1.13316943e-05  2.39918899e-04  0.00000000e+00  2.39918899e-04  0.00000000e+00 
 2.40018899e-04  2.35093478e-01  2.40018899e-04  4.85646597e-01  2.40018899e-04  1.88666048e-06  2.40018899e-04  6.35655107e-07  2.40018899e-04 -1.13183270e-05  2.40018899e-04  0.00000000e+00  2.40018899e-04  0.00000000e+00 
 2.40118899e-04  2.35038373e-01  2.40118899e-04  4.85584625e-01  2.40118899e-04  1.74640135e-06  2.40118899e-04 -6.34928060e-07  2.40118899e-04  1.13316678e-05  2.40118899e-04  0.00000000e+00  2.40118899e-04  0.00000000e+00 
 2.40218899e-04  2.34983604e-01  2.40218899e-04  4.85646161e-01  2.40218899e-04  1.88665997e-06  2.40218899e-04  6.35661968e-07  2.40218899e-04 -1.13183023e-05  2.40218899e-04  0.00000000e+00  2.40218899e-04  0.00000000e+00 
 2.40318899e-04  2.34928511e-01  2.40318899e-04  4.85585051e-01  2.40318899e-04  1.74640186e-06  2.40318899e-04 -6.34934602e-07  2.40318899e-04  1.13316414e-05  2.40318899e-04  0.00000000e+00  2.40318899e-04  0.00000000e+00 
 2.40418899e-04  2.34873747e-01  2.40418899e-04  4.85645745e-01  2.40418899e-04  1.88665947e-06  2.40418899e-04  6.35668205e-07  2.40418899e-04 -1.13182776e-05  2.40418899e-04  0.00000000e+00  2.40418899e-04  0.00000000e+00 
 2.40518899e-04  2.34818664e-01  2.40518899e-04  4.85585456e-01  2.40518899e-04  1.74640234e-06  2.40518899e-04 -6.34940540e-07  2.40518899e-04  1.13316149e-05  2.40518899e-04  0.00000000e+00  2.40518899e-04  0.00000000e+00 
 2.40618899e-04  2.34763906e-01  2.40618899e-04  4.85645349e-01  2.40618899e-04  1.88665899e-06  2.40618899e-04  6.35673856e-07  2.40618899e-04 -1.13182528e-05  2.40618899e-04  0.00000000e+00  2.40618899e-04  0.00000000e+00 
 2.40718899e-04  2.34708834e-01  2.40718899e-04  4.85585843e-01  2.40718899e-04  1.74640282e-06  2.40718899e-04 -6.34945912e-07  2.40718899e-04  1.13315883e-05  2.40718899e-04  0.00000000e+00  2.40718899e-04  0.00000000e+00 
 2.40818899e-04  2.34654082e-01  2.40818899e-04  4.85644972e-01  2.40818899e-04  1.88665853e-06  2.40818899e-04  6.35678959e-07  2.40818899e-04 -1.13182280e-05  2.40818899e-04  0.00000000e+00  2.40818899e-04  0.00000000e+00 
 2.40918899e-04  2.34599021e-01  2.40918899e-04  4.85586211e-01  2.40918899e-04  1.74640327e-06  2.40918899e-04 -6.34950751e-07  2.40918899e-04  1.13315617e-05  2.40918899e-04  0.00000000e+00  2.40918899e-04  0.00000000e+00 
 2.41018899e-04  2.34544275e-01  2.41018899e-04  4.85644612e-01  2.41018899e-04  1.88665808e-06  2.41018899e-04  6.35683546e-07  2.41018899e-04 -1.13182032e-05  2.41018899e-04  0.00000000e+00  2.41018899e-04  0.00000000e+00 
 2.41118899e-04  2.34489225e-01  2.41118899e-04  4.85586562e-01  2.41118899e-04  1.74640371e-06  2.41118899e-04 -6.34955092e-07  2.41118899e-04  1.13315351e-05  2.41118899e-04  0.00000000e+00  2.41118899e-04  0.00000000e+00 
 2.41218899e-04  2.34434484e-01  2.41218899e-04  4.85644269e-01  2.41218899e-04  1.88665764e-06  2.41218899e-04  6.35687650e-07  2.41218899e-04 -1.13181783e-05  2.41218899e-04  0.00000000e+00  2.41218899e-04  0.00000000e+00 
 2.41318899e-04  2.34379445e-01  2.41318899e-04  4.85586896e-01  2.41318899e-04  1.74640414e-06  2.41318899e-04 -6.34958963e-07  2.41318899e-04  1.13315084e-05  2.41318899e-04  0.00000000e+00  2.41318899e-04  0.00000000e+00 
 2.41418899e-04  2.34324711e-01  2.41418899e-04  4.85643944e-01  2.41418899e-04  1.88665722e-06  2.41418899e-04  6.35691299e-07  2.41418899e-04 -1.13181533e-05  2.41418899e-04  0.00000000e+00  2.41418899e-04  0.00000000e+00 
 2.41518899e-04  2.34269682e-01  2.41518899e-04  4.85587214e-01  2.41518899e-04  1.74640456e-06  2.41518899e-04 -6.34962395e-07  2.41518899e-04  1.13314816e-05  2.41518899e-04  0.00000000e+00  2.41518899e-04  0.00000000e+00 
 2.41618899e-04  2.34214953e-01  2.41618899e-04  4.85643633e-01  2.41618899e-04  1.88665681e-06  2.41618899e-04  6.35694522e-07  2.41618899e-04 -1.13181283e-05  2.41618899e-04  0.00000000e+00  2.41618899e-04  0.00000000e+00 
 2.41718899e-04  2.34159935e-01  2.41718899e-04  4.85587516e-01  2.41718899e-04  1.74640496e-06  2.41718899e-04 -6.34965412e-07  2.41718899e-04  1.13314549e-05  2.41718899e-04  0.00000000e+00  2.41718899e-04  0.00000000e+00 
 2.41818899e-04  2.34105213e-01  2.41818899e-04  4.85643338e-01  2.41818899e-04  1.88665642e-06  2.41818899e-04  6.35697344e-07  2.41818899e-04 -1.13181033e-05  2.41818899e-04  0.00000000e+00  2.41818899e-04  0.00000000e+00 
 2.41918899e-04  2.34050205e-01  2.41918899e-04  4.85587804e-01  2.41918899e-04  1.74640535e-06  2.41918899e-04 -6.34968042e-07  2.41918899e-04  1.13314281e-05  2.41918899e-04  0.00000000e+00  2.41918899e-04  0.00000000e+00 
 2.42018899e-04  2.33995489e-01  2.42018899e-04  4.85643057e-01  2.42018899e-04  1.88665603e-06  2.42018899e-04  6.35699789e-07  2.42018899e-04 -1.13180783e-05  2.42018899e-04  0.00000000e+00  2.42018899e-04  0.00000000e+00 
 2.42118899e-04  2.33940491e-01  2.42118899e-04  4.85588078e-01  2.42118899e-04  1.74640573e-06  2.42118899e-04 -6.34970306e-07  2.42118899e-04  1.13314012e-05  2.42118899e-04  0.00000000e+00  2.42118899e-04  0.00000000e+00 
 2.42218899e-04  2.33885781e-01  2.42218899e-04  4.85642790e-01  2.42218899e-04  1.88665566e-06  2.42218899e-04  6.35701880e-07  2.42218899e-04 -1.13180532e-05  2.42218899e-04  0.00000000e+00  2.42218899e-04  0.00000000e+00 
 2.42318899e-04  2.33830794e-01  2.42318899e-04  4.85588338e-01  2.42318899e-04  1.74640610e-06  2.42318899e-04 -6.34972226e-07  2.42318899e-04  1.13313744e-05  2.42318899e-04  0.00000000e+00  2.42318899e-04  0.00000000e+00 
 2.42418899e-04  2.33776091e-01  2.42418899e-04  4.85642537e-01  2.42418899e-04  1.88665529e-06  2.42418899e-04  6.35703638e-07  2.42418899e-04 -1.13180281e-05  2.42418899e-04  0.00000000e+00  2.42418899e-04  0.00000000e+00 
 2.42518899e-04  2.33721114e-01  2.42518899e-04  4.85588585e-01  2.42518899e-04  1.74640646e-06  2.42518899e-04 -6.34973824e-07  2.42518899e-04  1.13313475e-05  2.42518899e-04  0.00000000e+00  2.42518899e-04  0.00000000e+00 
 2.42618899e-04  2.33666416e-01  2.42618899e-04  4.85642295e-01  2.42618899e-04  1.88665494e-06  2.42618899e-04  6.35705082e-07  2.42618899e-04 -1.13180029e-05  2.42618899e-04  0.00000000e+00  2.42618899e-04  0.00000000e+00 
 2.42718899e-04  2.33611450e-01  2.42718899e-04  4.85588820e-01  2.42718899e-04  1.74640681e-06  2.42718899e-04 -6.34975117e-07  2.42718899e-04  1.13313205e-05  2.42718899e-04  0.00000000e+00  2.42718899e-04  0.00000000e+00 
 2.42818899e-04  2.33556759e-01  2.42818899e-04  4.85642066e-01  2.42818899e-04  1.88665459e-06  2.42818899e-04  6.35706232e-07  2.42818899e-04 -1.13179777e-05  2.42818899e-04  0.00000000e+00  2.42818899e-04  0.00000000e+00 
 2.42918899e-04  2.33501803e-01  2.42918899e-04  4.85589044e-01  2.42918899e-04  1.74640715e-06  2.42918899e-04 -6.34976125e-07  2.42918899e-04  1.13312936e-05  2.42918899e-04  0.00000000e+00  2.42918899e-04  0.00000000e+00 
 2.43018899e-04  2.33447118e-01  2.43018899e-04  4.85641848e-01  2.43018899e-04  1.88665426e-06  2.43018899e-04  6.35707105e-07  2.43018899e-04 -1.13179525e-05  2.43018899e-04  0.00000000e+00  2.43018899e-04  0.00000000e+00 
 2.43118899e-04  2.33392172e-01  2.43118899e-04  4.85589256e-01  2.43118899e-04  1.74640748e-06  2.43118899e-04 -6.34976864e-07  2.43118899e-04  1.13312666e-05  2.43118899e-04  0.00000000e+00  2.43118899e-04  0.00000000e+00 
 2.43218899e-04  2.33337494e-01  2.43218899e-04  4.85641642e-01  2.43218899e-04  1.88665393e-06  2.43218899e-04  6.35707717e-07  2.43218899e-04 -1.13179272e-05  2.43218899e-04  0.00000000e+00  2.43218899e-04  0.00000000e+00 
 2.43318899e-04  2.33282558e-01  2.43318899e-04  4.85589457e-01  2.43318899e-04  1.74640781e-06  2.43318899e-04 -6.34977350e-07  2.43318899e-04  1.13312396e-05  2.43318899e-04  0.00000000e+00  2.43318899e-04  0.00000000e+00 
 2.43418899e-04  2.33227887e-01  2.43418899e-04  4.85641445e-01  2.43418899e-04  1.88665361e-06  2.43418899e-04  6.35708083e-07  2.43418899e-04 -1.13179020e-05  2.43418899e-04  0.00000000e+00  2.43418899e-04  0.00000000e+00 
 2.43518899e-04  2.33172961e-01  2.43518899e-04  4.85589648e-01  2.43518899e-04  1.74640812e-06  2.43518899e-04 -6.34977597e-07  2.43518899e-04  1.13312125e-05  2.43518899e-04  0.00000000e+00  2.43518899e-04  0.00000000e+00 
 2.43618899e-04  2.33118296e-01  2.43618899e-04  4.85641259e-01  2.43618899e-04  1.88665330e-06  2.43618899e-04  6.35708218e-07  2.43618899e-04 -1.13178767e-05  2.43618899e-04  0.00000000e+00  2.43618899e-04  0.00000000e+00 
 2.43718899e-04  2.33063380e-01  2.43718899e-04  4.85589830e-01  2.43718899e-04  1.74640843e-06  2.43718899e-04 -6.34977621e-07  2.43718899e-04  1.13311854e-05  2.43718899e-04  0.00000000e+00  2.43718899e-04  0.00000000e+00 
 2.43818899e-04  2.33008721e-01  2.43818899e-04  4.85641082e-01  2.43818899e-04  1.88665299e-06  2.43818899e-04  6.35708135e-07  2.43818899e-04 -1.13178513e-05  2.43818899e-04  0.00000000e+00  2.43818899e-04  0.00000000e+00 
 2.43918899e-04  2.32953816e-01  2.43918899e-04  4.85590002e-01  2.43918899e-04  1.74640873e-06  2.43918899e-04 -6.34977433e-07  2.43918899e-04  1.13311583e-05  2.43918899e-04  0.00000000e+00  2.43918899e-04  0.00000000e+00 
 2.44018899e-04  2.32899164e-01  2.44018899e-04  4.85640914e-01  2.44018899e-04  1.88665269e-06  2.44018899e-04  6.35707848e-07  2.44018899e-04 -1.13178260e-05  2.44018899e-04  0.00000000e+00  2.44018899e-04  0.00000000e+00 
 2.44118899e-04  2.32844268e-01  2.44118899e-04  4.85590166e-01  2.44118899e-04  1.74640903e-06  2.44118899e-04 -6.34977046e-07  2.44118899e-04  1.13311312e-05  2.44118899e-04  0.00000000e+00  2.44118899e-04  0.00000000e+00 
 2.44218899e-04  2.32789623e-01  2.44218899e-04  4.85640755e-01  2.44218899e-04  1.88665240e-06  2.44218899e-04  6.35707368e-07  2.44218899e-04 -1.13178006e-05  2.44218899e-04  0.00000000e+00  2.44218899e-04  0.00000000e+00 
 2.44318899e-04  2.32734737e-01  2.44318899e-04  4.85590321e-01  2.44318899e-04  1.74640932e-06  2.44318899e-04 -6.34976473e-07  2.44318899e-04  1.13311040e-05  2.44318899e-04  0.00000000e+00  2.44318899e-04  0.00000000e+00 
 2.44418899e-04  2.32680099e-01  2.44418899e-04  4.85640604e-01  2.44418899e-04  1.88665211e-06  2.44418899e-04  6.35706706e-07  2.44418899e-04 -1.13177752e-05  2.44418899e-04  0.00000000e+00  2.44418899e-04  0.00000000e+00 
 2.44518899e-04  2.32625222e-01  2.44518899e-04  4.85590467e-01  2.44518899e-04  1.74640960e-06  2.44518899e-04 -6.34975722e-07  2.44518899e-04  1.13310768e-05  2.44518899e-04  0.00000000e+00  2.44518899e-04  0.00000000e+00 
 2.44618899e-04  2.32570591e-01  2.44618899e-04  4.85640461e-01  2.44618899e-04  1.88665183e-06  2.44618899e-04  6.35705872e-07  2.44618899e-04 -1.13177497e-05  2.44618899e-04  0.00000000e+00  2.44618899e-04  0.00000000e+00 
 2.44718899e-04  2.32515724e-01  2.44718899e-04  4.85590607e-01  2.44718899e-04  1.74640988e-06  2.44718899e-04 -6.34974806e-07  2.44718899e-04  1.13310496e-05  2.44718899e-04  0.00000000e+00  2.44718899e-04  0.00000000e+00 
 2.44818899e-04  2.32461100e-01  2.44818899e-04  4.85640326e-01  2.44818899e-04  1.88665156e-06  2.44818899e-04  6.35704878e-07  2.44818899e-04 -1.13177243e-05  2.44818899e-04  0.00000000e+00  2.44818899e-04  0.00000000e+00 
 2.44909450e-04  2.32411416e-01  2.44909450e-04  4.85590745e-01  2.44909450e-04  1.74641017e-06  2.44909450e-04 -6.34973673e-07  2.44909450e-04  1.13310210e-05  2.44909450e-04  0.00000000e+00  2.44909450e-04  0.00000000e+00 
 2.45000000e-04  2.32361969e-01  2.45000000e-04  4.85640184e-01  2.45000000e-04  1.88665126e-06  2.45000000e-04  6.35703603e-07  2.45000000e-04 -1.13176960e-05  2.45000000e-04  0.00000000e+00  2.45000000e-04  0.00000000e+00 
