 0.00000000e+00  1.15886449e-02  0.00000000e+00  6.90187534e-01  0.00000000e+00  1.21377870e-06  0.00000000e+00  2.77244123e-12  0.00000000e+00  5.55736089e-12  0.00000000e+00  0.00000000e+00  0.00000000e+00  0.00000000e+00 
 1.00000000e-11  1.15878211e-02  1.00000000e-11  6.90187520e-01  1.00000000e-11  1.21377934e-06  1.00000000e-11 -2.56049630e-12  1.00000000e-11  6.53093099e-12  1.00000000e-11  0.00000000e+00  1.00000000e-11  0.00000000e+00 
 2.00000000e-11  1.15869955e-02  2.00000000e-11  6.90187506e-01  2.00000000e-11  1.21377935e-06  2.00000000e-11 -2.80298029e-12  2.00000000e-11  6.58009013e-12  2.00000000e-11  0.00000000e+00  2.00000000e-11  0.00000000e+00 
 4.00000000e-11  1.15853394e-02  4.00000000e-11  6.90187478e-01  4.00000000e-11  1.21377937e-06  4.00000000e-11 -3.08109072e-12  4.00000000e-11  6.58843596e-12  4.00000000e-11  0.00000000e+00  4.00000000e-11  0.00000000e+00 
 8.00000000e-11  1.15820076e-02  8.00000000e-11  6.90187422e-01  8.00000000e-11  1.21377941e-06  8.00000000e-11 -2.99357872e-12  8.00000000e-11  6.61271264e-12  8.00000000e-11  0.00000000e+00  8.00000000e-11  0.00000000e+00 
 1.60000000e-10  1.15752637e-02  1.60000000e-10  6.90187303e-01  1.60000000e-10  1.21377947e-06  1.60000000e-10 -1.77320540e-12  1.60000000e-10  6.66473095e-12  1.60000000e-10  0.00000000e+00  1.60000000e-10  0.00000000e+00 
 3.20000000e-10  1.15614364e-02  3.20000000e-10  6.90187031e-01  3.20000000e-10  1.21377957e-06  3.20000000e-10  2.08407065e-12  3.20000000e-10  6.79955968e-12  3.20000000e-10  0.00000000e+00  3.20000000e-10  0.00000000e+00 
 6.40000000e-10  1.15323032e-02  6.40000000e-10  6.90186333e-01  6.40000000e-10  1.21377977e-06  6.40000000e-10  1.08556232e-11  6.40000000e-10  7.10371802e-12  6.40000000e-10  0.00000000e+00  6.40000000e-10  0.00000000e+00 
 1.00000000e-09  1.15568956e-02  1.00000000e-09  6.90186415e-01  1.00000000e-09  1.21377703e-06  1.00000000e-09  3.40917293e-11  1.00000000e-09  3.03076077e-12  1.00000000e-09  0.00000000e+00  1.00000000e-09  0.00000000e+00 
 1.06400000e-09  1.15963497e-02  1.06400000e-09  6.90187043e-01  1.06400000e-09  1.21377376e-06  1.06400000e-09  5.60894723e-11  1.06400000e-09 -1.89477854e-12  1.06400000e-09  0.00000000e+00  1.06400000e-09  0.00000000e+00 
 1.19200000e-09  1.16752443e-02  1.19200000e-09  6.90188369e-01  1.19200000e-09  1.21377320e-06  1.19200000e-09  4.11939930e-11  1.19200000e-09 -2.44337520e-12  1.19200000e-09  0.00000000e+00  1.19200000e-09  0.00000000e+00 
 1.44800000e-09  1.18329155e-02  1.44800000e-09  6.90191563e-01  1.44800000e-09  1.21377236e-06  1.44800000e-09 -1.05939795e-11  1.44800000e-09 -3.64322390e-12  1.44800000e-09  0.00000000e+00  1.44800000e-09  0.00000000e+00 
 1.96000000e-09  1.21477904e-02  1.96000000e-09  6.90200389e-01  1.96000000e-09  1.21377063e-06  1.96000000e-09 -1.14619774e-10  1.96000000e-09 -6.21456889e-12  1.96000000e-09  0.00000000e+00  1.96000000e-09  0.00000000e+00 
 2.98400000e-09  1.27757076e-02  2.98400000e-09  6.90226776e-01  2.98400000e-09  1.21376808e-06  2.98400000e-09 -2.89224468e-10  2.98400000e-09 -8.45859205e-12  2.98400000e-09  0.00000000e+00  2.98400000e-09  0.00000000e+00 
 5.03200000e-09  1.40245511e-02  5.03200000e-09  6.90296981e-01  5.03200000e-09  1.21376771e-06  5.03200000e-09 -4.34640428e-10  5.03200000e-09 -3.41001556e-12  5.03200000e-09  0.00000000e+00  5.03200000e-09  0.00000000e+00 
 9.12800000e-09  1.64969583e-02  9.12800000e-09  6.90419140e-01  9.12800000e-09  1.21377436e-06  9.12800000e-09 -2.96989089e-10  9.12800000e-09  1.22267337e-11  9.12800000e-09  0.00000000e+00  9.12800000e-09  0.00000000e+00 
 1.73200000e-08  2.13593001e-02  1.73200000e-08  6.90495404e-01  1.73200000e-08  1.21378136e-06  1.73200000e-08  3.79466950e-11  1.73200000e-08  1.49786724e-11  1.73200000e-08  0.00000000e+00  1.73200000e-08  0.00000000e+00 
 3.37040000e-08  3.08614299e-02  3.37040000e-08  6.90457769e-01  3.37040000e-08  1.21377782e-06  3.37040000e-08  2.32435073e-11  3.37040000e-08  7.40388717e-12  3.37040000e-08  0.00000000e+00  3.37040000e-08  0.00000000e+00 
 6.64720000e-08  4.94306449e-02  6.64720000e-08  6.90439847e-01  6.64720000e-08  1.21377794e-06  6.64720000e-08 -4.00898684e-12  6.64720000e-08  1.61144297e-11  6.64720000e-08  0.00000000e+00  6.64720000e-08  0.00000000e+00 
 1.09765768e-07  7.36423365e-02  1.09765768e-07  6.90408589e-01  1.09765768e-07  1.21377825e-06  1.09765768e-07  2.46854560e-11  1.09765768e-07  1.38072478e-11  1.09765768e-07  0.00000000e+00  1.09765768e-07  0.00000000e+00 
 1.88540710e-07  1.17473807e-01  1.88540710e-07  6.90349418e-01  1.88540710e-07  1.21377797e-06  1.88540710e-07 -1.56270692e-12  1.88540710e-07  1.86486752e-11  1.88540710e-07  0.00000000e+00  1.88540710e-07  0.00000000e+00 
 2.88540710e-07  1.72832193e-01  2.88540710e-07  6.90267524e-01  2.88540710e-07  1.21377856e-06  2.88540710e-07  2.56256304e-11  2.88540710e-07  1.73968497e-11  2.88540710e-07  0.00000000e+00  2.88540710e-07  0.00000000e+00 
 3.88540710e-07  2.27843600e-01  3.88540710e-07  6.90232101e-01  3.88540710e-07  1.21377762e-06  3.88540710e-07 -1.07185002e-11  3.88540710e-07  2.11354376e-11  3.88540710e-07  0.00000000e+00  3.88540710e-07  0.00000000e+00 
 4.88540710e-07  2.82459124e-01  4.88540710e-07  6.90221127e-01  4.88540710e-07  1.21377788e-06  4.88540710e-07  1.83384044e-11  4.88540710e-07  2.06984412e-11  4.88540710e-07  0.00000000e+00  4.88540710e-07  0.00000000e+00 
 5.88540710e-07  3.36610711e-01  5.88540710e-07  6.90221312e-01  5.88540710e-07  1.21377762e-06  5.88540710e-07 -1.28522896e-11  5.88540710e-07  2.36696750e-11  5.88540710e-07  0.00000000e+00  5.88540710e-07  0.00000000e+00 
 6.88540710e-07  3.90193682e-01  6.88540710e-07  6.90218981e-01  6.88540710e-07  1.21377787e-06  6.88540710e-07  1.86119922e-11  6.88540710e-07  2.38505880e-11  6.88540710e-07  0.00000000e+00  6.88540710e-07  0.00000000e+00 
 7.88540710e-07  4.43027402e-01  7.88540710e-07  6.90219601e-01  7.88540710e-07  1.21377768e-06  7.88540710e-07 -1.29806262e-11  7.88540710e-07  2.61261820e-11  7.88540710e-07  0.00000000e+00  7.88540710e-07  0.00000000e+00 
 8.88540710e-07  4.94729181e-01  8.88540710e-07  6.90217305e-01  8.88540710e-07  1.21377791e-06  8.88540710e-07  1.87459446e-11  8.88540710e-07  2.67621346e-11  8.88540710e-07  0.00000000e+00  8.88540710e-07  0.00000000e+00 
 9.88540710e-07  5.44356882e-01  9.88540710e-07  6.90216837e-01  9.88540710e-07  1.21377778e-06  9.88540710e-07 -1.28809489e-11  9.88540710e-07  2.83922845e-11  9.88540710e-07  0.00000000e+00  9.88540710e-07  0.00000000e+00 
 1.08854071e-06  5.89904327e-01  1.08854071e-06  6.90212937e-01  1.08854071e-06  1.21377809e-06  1.08854071e-06  1.89311277e-11  1.08854071e-06  2.92860350e-11  1.08854071e-06  0.00000000e+00  1.08854071e-06  0.00000000e+00 
 1.18854071e-06  6.28673180e-01  1.18854071e-06  6.90209435e-01  1.18854071e-06  1.21377805e-06  1.18854071e-06 -1.23702016e-11  1.18854071e-06  3.01911950e-11  1.18854071e-06  0.00000000e+00  1.18854071e-06  0.00000000e+00 
 1.28854071e-06  6.58862677e-01  1.28854071e-06  6.90203585e-01  1.28854071e-06  1.21377841e-06  1.28854071e-06  1.89236373e-11  1.28854071e-06  3.10730488e-11  1.28854071e-06  0.00000000e+00  1.28854071e-06  0.00000000e+00 
 1.38854071e-06  6.80561173e-01  1.38854071e-06  6.90199520e-01  1.38854071e-06  1.21377833e-06  1.38854071e-06 -1.21497190e-11  1.38854071e-06  3.12169867e-11  1.38854071e-06  0.00000000e+00  1.38854071e-06  0.00000000e+00 
 1.48854071e-06  6.95225262e-01  1.48854071e-06  6.90195146e-01  1.48854071e-06  1.21377865e-06  1.48854071e-06  1.83785874e-11  1.48854071e-06  3.20486497e-11  1.48854071e-06  0.00000000e+00  1.48854071e-06  0.00000000e+00 
 1.58854071e-06  7.04713460e-01  1.58854071e-06  6.90192839e-01  1.58854071e-06  1.21377848e-06  1.58854071e-06 -1.20030501e-11  1.58854071e-06  3.16256646e-11  1.58854071e-06  0.00000000e+00  1.58854071e-06  0.00000000e+00 
 1.68854071e-06  7.10676569e-01  1.68854071e-06  6.90190580e-01  1.68854071e-06  1.21377876e-06  1.68854071e-06  1.77311263e-11  1.68854071e-06  3.25186256e-11  1.68854071e-06  0.00000000e+00  1.68854071e-06  0.00000000e+00 
 1.78854071e-06  7.14354706e-01  1.78854071e-06  6.90189660e-01  1.78854071e-06  1.21377854e-06  1.78854071e-06 -1.16745787e-11  1.78854071e-06  3.17298390e-11  1.78854071e-06  0.00000000e+00  1.78854071e-06  0.00000000e+00 
 1.88854071e-06  7.16597009e-01  1.88854071e-06  6.90188675e-01  1.88854071e-06  1.21377881e-06  1.88854071e-06  1.71038269e-11  1.88854071e-06  3.27518051e-11  1.88854071e-06  0.00000000e+00  1.88854071e-06  0.00000000e+00 
 1.98854071e-06  7.17954157e-01  1.98854071e-06  6.90188358e-01  1.98854071e-06  1.21377855e-06  1.98854071e-06 -1.11853644e-11  1.98854071e-06  3.17189647e-11  1.98854071e-06  0.00000000e+00  1.98854071e-06  0.00000000e+00 
 2.08854071e-06  7.18771993e-01  2.08854071e-06  6.90187979e-01  2.08854071e-06  1.21377884e-06  2.08854071e-06  1.64746986e-11  2.08854071e-06  3.28825707e-11  2.08854071e-06  0.00000000e+00  2.08854071e-06  0.00000000e+00 
 2.18854071e-06  7.19263661e-01  2.18854071e-06  6.90187842e-01  2.18854071e-06  1.21377856e-06  2.18854071e-06 -1.05993588e-11  2.18854071e-06  3.16740557e-11  2.18854071e-06  0.00000000e+00  2.18854071e-06  0.00000000e+00 
 2.28854071e-06  7.19558748e-01  2.28854071e-06  6.90187751e-01  2.28854071e-06  1.21377885e-06  2.28854071e-06  1.58255817e-11  2.28854071e-06  3.29667233e-11  2.28854071e-06  0.00000000e+00  2.28854071e-06  0.00000000e+00 
 2.38854071e-06  7.19735527e-01  2.38854071e-06  6.90187631e-01  2.38854071e-06  1.21377856e-06  2.38854071e-06 -9.95870117e-12  2.38854071e-06  3.16247910e-11  2.38854071e-06  0.00000000e+00  2.38854071e-06  0.00000000e+00 
 2.48854071e-06  7.19841415e-01  2.48854071e-06  6.90187688e-01  2.48854071e-06  1.21377885e-06  2.48854071e-06  1.51567323e-11  2.48854071e-06  3.30265374e-11  2.48854071e-06  0.00000000e+00  2.48854071e-06  0.00000000e+00 
 2.58854071e-06  7.19904816e-01  2.58854071e-06  6.90187538e-01  2.58854071e-06  1.21377856e-06  2.58854071e-06 -9.28999485e-12  2.58854071e-06  3.15807672e-11  2.58854071e-06  0.00000000e+00  2.58854071e-06  0.00000000e+00 
 2.68854071e-06  7.19942783e-01  2.68854071e-06  6.90187681e-01  2.68854071e-06  1.21377885e-06  2.68854071e-06  1.44766507e-11  2.68854071e-06  3.30713642e-11  2.68854071e-06  0.00000000e+00  2.68854071e-06  0.00000000e+00 
 2.78854071e-06  7.19965508e-01  2.78854071e-06  6.90187492e-01  2.78854071e-06  1.21377856e-06  2.78854071e-06 -8.61046758e-12  2.78854071e-06  3.15443209e-11  2.78854071e-06  0.00000000e+00  2.78854071e-06  0.00000000e+00 
 2.88854071e-06  7.19979119e-01  2.88854071e-06  6.90187689e-01  2.88854071e-06  1.21377885e-06  2.88854071e-06  1.37951457e-11  2.88854071e-06  3.31056216e-11  2.88854071e-06  0.00000000e+00  2.88854071e-06  0.00000000e+00 
 2.98854071e-06  7.19987262e-01  2.98854071e-06  6.90187466e-01  2.98854071e-06  1.21377856e-06  2.98854071e-06 -7.93263240e-12  2.98854071e-06  3.15153213e-11  2.98854071e-06  0.00000000e+00  2.98854071e-06  0.00000000e+00 
 3.08854071e-06  7.19992142e-01  3.08854071e-06  6.90187699e-01  3.08854071e-06  1.21377885e-06  3.08854071e-06  1.31212979e-11  3.08854071e-06  3.31317880e-11  3.08854071e-06  0.00000000e+00  3.08854071e-06  0.00000000e+00 
 3.18854071e-06  7.19995059e-01  3.18854071e-06  6.90187452e-01  3.18854071e-06  1.21377856e-06  3.18854071e-06 -7.26590058e-12  3.18854071e-06  3.14928989e-11  3.18854071e-06  0.00000000e+00  3.18854071e-06  0.00000000e+00 
 3.28854071e-06  7.19996809e-01  3.28854071e-06  6.90187707e-01  3.28854071e-06  1.21377885e-06  3.28854071e-06  1.24627156e-11  3.28854071e-06  3.31515090e-11  3.28854071e-06  0.00000000e+00  3.28854071e-06  0.00000000e+00 
 3.38854071e-06  7.19997853e-01  3.38854071e-06  6.90187443e-01  3.38854071e-06  1.21377857e-06  3.38854071e-06 -6.61732652e-12  3.38854071e-06  3.14760462e-11  3.38854071e-06  0.00000000e+00  3.38854071e-06  0.00000000e+00 
 3.48854071e-06  7.19998482e-01  3.48854071e-06  6.90187712e-01  3.48854071e-06  1.21377885e-06  3.48854071e-06  1.18251599e-11  3.48854071e-06  3.31660131e-11  3.48854071e-06  0.00000000e+00  3.48854071e-06  0.00000000e+00 
 3.58854071e-06  7.19998855e-01  3.58854071e-06  6.90187440e-01  3.58854071e-06  1.21377857e-06  3.58854071e-06 -5.99209634e-12  3.58854071e-06  3.14638166e-11  3.58854071e-06  0.00000000e+00  3.58854071e-06  0.00000000e+00 
 3.68854071e-06  7.19999081e-01  3.68854071e-06  6.90187713e-01  3.68854071e-06  1.21377884e-06  3.68854071e-06  1.12131560e-11  3.68854071e-06  3.31762781e-11  3.68854071e-06  0.00000000e+00  3.68854071e-06  0.00000000e+00 
 3.78854071e-06  7.19999214e-01  3.78854071e-06  6.90187439e-01  3.78854071e-06  1.21377857e-06  3.78854071e-06 -5.39413269e-12  3.78854071e-06  3.14553765e-11  3.78854071e-06  0.00000000e+00  3.78854071e-06  0.00000000e+00 
 3.88854071e-06  7.19999296e-01  3.88854071e-06  6.90187713e-01  3.88854071e-06  1.21377884e-06  3.88854071e-06  1.06298340e-11  3.88854071e-06  3.31831078e-11  3.88854071e-06  0.00000000e+00  3.88854071e-06  0.00000000e+00 
 3.98854071e-06  7.19999342e-01  3.98854071e-06  6.90187441e-01  3.98854071e-06  1.21377858e-06  3.98854071e-06 -4.82600980e-12  3.98854071e-06  3.14500121e-11  3.98854071e-06  0.00000000e+00  3.98854071e-06  0.00000000e+00 
 4.08854071e-06  7.19999373e-01  4.08854071e-06  6.90187710e-01  4.08854071e-06  1.21377883e-06  4.08854071e-06  1.00772809e-11  4.08854071e-06  3.31871704e-11  4.08854071e-06  0.00000000e+00  4.08854071e-06  0.00000000e+00 
 4.18854071e-06  7.19999388e-01  4.18854071e-06  6.90187444e-01  4.18854071e-06  1.21377858e-06  4.18854071e-06 -4.28926475e-12  4.18854071e-06  3.14471204e-11  4.18854071e-06  0.00000000e+00  4.18854071e-06  0.00000000e+00 
 4.28854071e-06  7.19999400e-01  4.28854071e-06  6.90187706e-01  4.28854071e-06  1.21377883e-06  4.28854071e-06  9.55652864e-12  4.28854071e-06  3.31890218e-11  4.28854071e-06  0.00000000e+00  4.28854071e-06  0.00000000e+00 
 4.38854071e-06  7.19999405e-01  4.38854071e-06  6.90187449e-01  4.38854071e-06  1.21377859e-06  4.38854071e-06 -3.78466279e-12  4.38854071e-06  3.14461964e-11  4.38854071e-06  0.00000000e+00  4.38854071e-06  0.00000000e+00 
 4.48854071e-06  7.19999410e-01  4.48854071e-06  6.90187701e-01  4.48854071e-06  1.21377882e-06  4.48854071e-06  9.06808878e-12  4.48854071e-06  3.31891256e-11  4.48854071e-06  0.00000000e+00  4.48854071e-06  0.00000000e+00 
 4.58854071e-06  7.19999411e-01  4.58854071e-06  6.90187454e-01  4.58854071e-06  1.21377859e-06  4.58854071e-06 -3.31230561e-12  4.58854071e-06  3.14468179e-11  4.58854071e-06  0.00000000e+00  4.58854071e-06  0.00000000e+00 
 4.68854071e-06  7.19999413e-01  4.68854071e-06  6.90187695e-01  4.68854071e-06  1.21377882e-06  4.68854071e-06  8.61172831e-12  4.68854071e-06  3.31878665e-11  4.68854071e-06  0.00000000e+00  4.68854071e-06  0.00000000e+00 
 4.78854071e-06  7.19999413e-01  4.78854071e-06  6.90187460e-01  4.78854071e-06  1.21377860e-06  4.78854071e-06 -2.87181642e-12  4.78854071e-06  3.14486353e-11  4.78854071e-06  0.00000000e+00  4.78854071e-06  0.00000000e+00 
 4.88854071e-06  7.19999415e-01  4.88854071e-06  6.90187689e-01  4.88854071e-06  1.21377881e-06  4.88854071e-06  8.18690366e-12  4.88854071e-06  3.31855634e-11  4.88854071e-06  0.00000000e+00  4.88854071e-06  0.00000000e+00 
 4.94427035e-06  7.19999414e-01  4.94427035e-06  6.90187469e-01  4.94427035e-06  1.21377860e-06  4.94427035e-06 -2.30813022e-12  4.94427035e-06  3.14526296e-11  4.94427035e-06  0.00000000e+00  4.94427035e-06  0.00000000e+00 
 5.00000000e-06  7.19999415e-01  5.00000000e-06  6.90187676e-01  5.00000000e-06  1.21377880e-06  5.00000000e-06  7.50039239e-12  5.00000000e-06  3.31796296e-11  5.00000000e-06  0.00000000e+00  5.00000000e-06  0.00000000e+00 
 5.00000100e-06  7.20002605e-01  5.00000100e-06  6.91122575e-01  5.00000100e-06  9.83173217e-07  5.00000100e-06  2.55960864e-06  5.00000100e-06 -6.57242979e-07  5.00000100e-06  1.20000000e-01  5.00000100e-06  0.00000000e+00 
 5.00000300e-06  7.20008789e-01  5.00000300e-06  6.92853555e-01  5.00000300e-06  1.00054816e-06  5.00000300e-06  2.36368154e-06  5.00000300e-06 -6.23104581e-07  5.00000300e-06  3.60000000e-01  5.00000300e-06  0.00000000e+00 
 5.00000650e-06  7.20019722e-01  5.00000650e-06  6.95800888e-01  5.00000650e-06  9.88726770e-07  5.00000650e-06  1.84987642e-06  5.00000650e-06 -6.11659027e-07  5.00000650e-06  7.80000000e-01  5.00000650e-06  0.00000000e+00 
 5.00001000e-06  7.20027944e-01  5.00001000e-06  6.97842329e-01  5.00001000e-06  1.12213103e-06  5.00001000e-06 -1.82613171e-07  5.00001000e-06 -2.43785934e-07  5.00001000e-06  1.20000000e+00  5.00001000e-06  0.00000000e+00 
 5.00001063e-06  7.20027501e-01  5.00001063e-06  6.97614559e-01  5.00001063e-06  1.28609982e-06  5.00001063e-06 -2.50513321e-06  5.00001063e-06  2.38241614e-07  5.00001063e-06  1.20000000e+00  5.00001063e-06  0.00000000e+00 
 5.00001188e-06  7.20026395e-01  5.00001188e-06  6.97150373e-01  5.00001188e-06  1.30629447e-06  5.00001188e-06 -2.89947390e-06  5.00001188e-06  3.21892505e-07  5.00001188e-06  1.20000000e+00  5.00001188e-06  0.00000000e+00 
 5.00001439e-06  7.20024038e-01  5.00001439e-06  6.96292970e-01  5.00001439e-06  1.27696604e-06  5.00001439e-06 -2.26203944e-06  5.00001439e-06  2.01786550e-07  5.00001439e-06  1.20000000e+00  5.00001439e-06  0.00000000e+00 
 5.00001941e-06  7.20019244e-01  5.00001941e-06  6.94768378e-01  5.00001941e-06  1.29077938e-06  5.00001941e-06 -2.11659009e-06  5.00001941e-06  2.50662995e-07  5.00001941e-06  1.20000000e+00  5.00001941e-06  0.00000000e+00 
 5.00002944e-06  7.20007637e-01  5.00002944e-06  6.91554870e-01  5.00002944e-06  1.29409356e-06  5.00002944e-06 -1.04711824e-06  5.00002944e-06  2.18968889e-07  5.00002944e-06  1.20000000e+00  5.00002944e-06  0.00000000e+00 
 5.00004952e-06  7.19961007e-01  5.00004952e-06  6.78574290e-01  5.00004952e-06  1.47809861e-06  5.00004952e-06 -3.73108964e-07  5.00004952e-06  7.19364410e-07  5.00004952e-06  1.20000000e+00  5.00004952e-06  0.00000000e+00 
 5.00007625e-06  7.19906812e-01  5.00007625e-06  6.64456359e-01  5.00007625e-06  1.26336769e-06  5.00007625e-06  4.20160180e-06  5.00007625e-06  3.95078268e-08  5.00007625e-06  1.20000000e+00  5.00007625e-06  0.00000000e+00 
 5.00010410e-06  7.19895963e-01  5.00010410e-06  6.58434881e-01  5.00010410e-06  1.32583499e-06  5.00010410e-06  2.99007860e-07  5.00010410e-06  2.58772776e-07  5.00010410e-06  1.20000000e+00  5.00010410e-06  0.00000000e+00 
 5.00015979e-06  7.19925471e-01  5.00015979e-06  6.52395371e-01  5.00015979e-06  1.19754323e-06  5.00015979e-06  2.87435084e-06  5.00015979e-06 -1.14367614e-07  5.00015979e-06  1.20000000e+00  5.00015979e-06  0.00000000e+00 
 5.00021513e-06  7.19961514e-01  5.00021513e-06  6.48704096e-01  5.00021513e-06  1.29036074e-06  5.00021513e-06 -6.40187874e-07  5.00021513e-06  1.92895610e-07  5.00021513e-06  1.20000000e+00  5.00021513e-06  0.00000000e+00 
 5.00031470e-06  7.20012514e-01  5.00031470e-06  6.44740954e-01  5.00031470e-06  1.17209119e-06  5.00031470e-06  2.33638338e-06  5.00031470e-06 -1.55184007e-07  5.00031470e-06  1.20000000e+00  5.00031470e-06  0.00000000e+00 
 5.00051384e-06  7.20078524e-01  5.00051384e-06  6.43165409e-01  5.00051384e-06  1.26172242e-06  5.00051384e-06 -1.07485891e-06  5.00051384e-06  1.44383137e-07  5.00051384e-06  1.20000000e+00  5.00051384e-06  0.00000000e+00 
 5.00075692e-06  7.20119017e-01  5.00075692e-06  6.45775701e-01  5.00075692e-06  1.15458150e-06  5.00075692e-06  2.04815625e-06  5.00075692e-06 -1.80859878e-07  5.00075692e-06  1.20000000e+00  5.00075692e-06  0.00000000e+00 
 5.00100000e-06  7.20142732e-01  5.00100000e-06  6.49648584e-01  5.00100000e-06  1.25674496e-06  5.00100000e-06 -1.21585368e-06  5.00100000e-06  1.39595909e-07  5.00100000e-06  1.20000000e+00  5.00100000e-06  0.00000000e+00 
 5.00104862e-06  7.20180060e-01  5.00104862e-06  6.50409835e-01  5.00104862e-06  1.20575449e-06  5.00104862e-06  3.85386638e-07  5.00104862e-06 -1.89311309e-08  5.00104862e-06  1.20000000e+00  5.00104862e-06  0.00000000e+00 
 5.00114585e-06  7.20247143e-01  5.00114585e-06  6.51930376e-01  5.00114585e-06  1.20590093e-06  5.00114585e-06  3.72961684e-07  5.00114585e-06 -1.85935383e-08  5.00114585e-06  1.20000000e+00  5.00114585e-06  0.00000000e+00 
 5.00134031e-06  7.20305508e-01  5.00134031e-06  6.54786176e-01  5.00134031e-06  1.20688259e-06  5.00134031e-06  3.52138921e-07  5.00134031e-06 -1.55526382e-08  5.00134031e-06  1.20000000e+00  5.00134031e-06  0.00000000e+00 
 5.00163258e-06  7.20349306e-01  5.00163258e-06  6.58540806e-01  5.00163258e-06  1.20804676e-06  5.00163258e-06  3.29132574e-07  5.00163258e-06 -1.29069995e-08  5.00163258e-06  1.20000000e+00  5.00163258e-06  0.00000000e+00 
 5.00181629e-06  7.20374680e-01  5.00181629e-06  6.60584027e-01  5.00181629e-06  1.20894249e-06  5.00181629e-06  3.17701045e-07  5.00181629e-06 -1.04419347e-08  5.00181629e-06  1.20000000e+00  5.00181629e-06  0.00000000e+00 
 5.00200000e-06  7.20398694e-01  5.00200000e-06  6.62412500e-01  5.00200000e-06  1.20946006e-06  5.00200000e-06  3.08800401e-07  5.00200000e-06 -9.52398723e-09  5.00200000e-06  1.20000000e+00  5.00200000e-06  0.00000000e+00 
 5.00203674e-06  7.20399925e-01  5.00203674e-06  6.62752062e-01  5.00203674e-06  1.20963906e-06  5.00203674e-06  3.07003855e-07  5.00203674e-06 -8.93993507e-09  5.00203674e-06  1.20000000e+00  5.00203674e-06  0.00000000e+00 
 5.00211023e-06  7.20402351e-01  5.00211023e-06  6.63417012e-01  5.00211023e-06  1.20987091e-06  5.00211023e-06  3.03957311e-07  5.00211023e-06 -8.38577454e-09  5.00211023e-06  1.20000000e+00  5.00211023e-06  0.00000000e+00 
 5.00225720e-06  7.20407030e-01  5.00225720e-06  6.64671100e-01  5.00225720e-06  1.21026833e-06  5.00225720e-06  2.98383177e-07  5.00225720e-06 -7.42527317e-09  5.00225720e-06  1.20000000e+00  5.00225720e-06  0.00000000e+00 
 5.00255113e-06  7.20415867e-01  5.00255113e-06  6.66921822e-01  5.00255113e-06  1.21093994e-06  5.00255113e-06  2.89952661e-07  5.00255113e-06 -5.80113312e-09  5.00255113e-06  1.20000000e+00  5.00255113e-06  0.00000000e+00 
 5.00313901e-06  7.20432295e-01  5.00313901e-06  6.70656907e-01  5.00313901e-06  1.21181805e-06  5.00313901e-06  2.80295992e-07  5.00313901e-06 -3.58634988e-09  5.00313901e-06  1.20000000e+00  5.00313901e-06  0.00000000e+00 
 5.00431476e-06  7.20463358e-01  5.00431476e-06  6.76177756e-01  5.00431476e-06  1.21272138e-06  5.00431476e-06  2.77860521e-07  5.00431476e-06 -1.20262518e-09  5.00431476e-06  1.20000000e+00  5.00431476e-06  0.00000000e+00 
 5.00666627e-06  7.20525709e-01  5.00666627e-06  6.82747543e-01  5.00666627e-06  1.21344915e-06  5.00666627e-06  2.89269400e-07  5.00666627e-06  4.63060760e-10  5.00666627e-06  1.20000000e+00  5.00666627e-06  0.00000000e+00 
 5.01136929e-06  7.20654328e-01  5.01136929e-06  6.87819557e-01  5.01136929e-06  1.21385233e-06  5.01136929e-06  2.94586936e-07  5.01136929e-06  5.97333827e-10  5.01136929e-06  1.20000000e+00  5.01136929e-06  0.00000000e+00 
 5.02077531e-06  7.20906720e-01  5.02077531e-06  6.89922088e-01  5.02077531e-06  1.21381606e-06  5.02077531e-06  2.82472603e-07  5.02077531e-06 -4.05174288e-11  5.02077531e-06  1.20000000e+00  5.02077531e-06  0.00000000e+00 
 5.03958737e-06  7.21395669e-01  5.03958737e-06  6.90284116e-01  5.03958737e-06  1.21379649e-06  5.03958737e-06  2.83872587e-07  5.03958737e-06  9.67819168e-11  5.03958737e-06  1.20000000e+00  5.03958737e-06  0.00000000e+00 
 5.07253266e-06  7.22246651e-01  5.07253266e-06  6.90124289e-01  5.07253266e-06  1.21376071e-06  5.07253266e-06  2.83009508e-07  5.07253266e-06 -2.42575379e-11  5.07253266e-06  1.20000000e+00  5.07253266e-06  0.00000000e+00 
 5.13842323e-06  7.23941778e-01  5.13842323e-06  6.90248380e-01  5.13842323e-06  1.21379581e-06  5.13842323e-06  2.83637642e-07  5.13842323e-06  8.52818315e-11  5.13842323e-06  1.20000000e+00  5.13842323e-06  0.00000000e+00 
 5.23842323e-06  7.26514072e-01  5.23842323e-06  6.90137990e-01  5.23842323e-06  1.21376213e-06  5.23842323e-06  2.83172188e-07  5.23842323e-06 -1.80438801e-11  5.23842323e-06  1.20000000e+00  5.23842323e-06  0.00000000e+00 
 5.33842323e-06  7.29086283e-01  5.33842323e-06  6.90239153e-01  5.33842323e-06  1.21379453e-06  5.33842323e-06  2.83604417e-07  5.33842323e-06  8.07403200e-11  5.33842323e-06  1.20000000e+00  5.33842323e-06  0.00000000e+00 
 5.43842323e-06  7.31659127e-01  5.43842323e-06  6.90146221e-01  5.43842323e-06  1.21376346e-06  5.43842323e-06  2.83301726e-07  5.43842323e-06 -1.34506426e-11  5.43842323e-06  1.20000000e+00  5.43842323e-06  0.00000000e+00 
 5.53842323e-06  7.34231787e-01  5.53842323e-06  6.90231818e-01  5.53842323e-06  1.21379319e-06  5.53842323e-06  2.83585389e-07  5.53842323e-06  7.65570115e-11  5.53842323e-06  1.20000000e+00  5.53842323e-06  0.00000000e+00 
 5.63842323e-06  7.36805069e-01  5.63842323e-06  6.90152869e-01  5.63842323e-06  1.21376478e-06  5.63842323e-06  2.83417603e-07  5.63842323e-06 -9.22434392e-12  5.63842323e-06  1.20000000e+00  5.63842323e-06  0.00000000e+00 
 5.73842323e-06  7.39378217e-01  5.73842323e-06  6.90225836e-01  5.73842323e-06  1.21379191e-06  5.73842323e-06  2.83578851e-07  5.73842323e-06  7.27427646e-11  5.73842323e-06  1.20000000e+00  5.73842323e-06  0.00000000e+00 
 5.83842323e-06  7.41951925e-01  5.83842323e-06  6.90158363e-01  5.83842323e-06  1.21376602e-06  5.83842323e-06  2.83521658e-07  5.83842323e-06 -5.36608866e-12  5.83842323e-06  1.20000000e+00  5.83842323e-06  0.00000000e+00 
 5.93842323e-06  7.44525561e-01  5.93842323e-06  6.90220860e-01  5.93842323e-06  1.21379071e-06  5.93842323e-06  2.83583027e-07  5.93842323e-06  6.92913522e-11  5.93842323e-06  1.20000000e+00  5.93842323e-06  0.00000000e+00 
 6.03842323e-06  7.47099695e-01  6.03842323e-06  6.90162981e-01  6.03842323e-06  1.21376716e-06  6.03842323e-06  2.83615489e-07  6.03842323e-06 -1.86409973e-12  6.03842323e-06  1.20000000e+00  6.03842323e-06  0.00000000e+00 
 6.13842323e-06  7.49673814e-01  6.13842323e-06  6.90216662e-01  6.13842323e-06  1.21378963e-06  6.13842323e-06  2.83596351e-07  6.13842323e-06  6.61868348e-11  6.13842323e-06  1.20000000e+00  6.13842323e-06  0.00000000e+00 
 6.23842323e-06  7.52248377e-01  6.23842323e-06  6.90166910e-01  6.23842323e-06  1.21376819e-06  6.23842323e-06  2.83700476e-07  6.23842323e-06  1.30062959e-12  6.23842323e-06  1.20000000e+00  6.23842323e-06  0.00000000e+00 
 6.33842323e-06  7.54822973e-01  6.33842323e-06  6.90213085e-01  6.33842323e-06  1.21378865e-06  6.33842323e-06  2.83617451e-07  6.33842323e-06  6.34080009e-11  6.33842323e-06  1.20000000e+00  6.33842323e-06  0.00000000e+00 
 6.43842323e-06  7.57397968e-01  6.43842323e-06  6.90170280e-01  6.43842323e-06  1.21376911e-06  6.43842323e-06  2.83777798e-07  6.43842323e-06  4.15083894e-12  6.43842323e-06  1.20000000e+00  6.43842323e-06  0.00000000e+00 
 6.53842323e-06  7.59973035e-01  6.53842323e-06  6.90210017e-01  6.53842323e-06  1.21378779e-06  6.53842323e-06  2.83645129e-07  6.53842323e-06  6.09311208e-11  6.53842323e-06  1.20000000e+00  6.53842323e-06  0.00000000e+00 
 6.63842323e-06  7.62548461e-01  6.63842323e-06  6.90173186e-01  6.63842323e-06  1.21376993e-06  6.63842323e-06  2.83848447e-07  6.63842323e-06  6.71083217e-12  6.63842323e-06  1.20000000e+00  6.63842323e-06  0.00000000e+00 
 6.73842323e-06  7.65123994e-01  6.73842323e-06  6.90207375e-01  6.73842323e-06  1.21378701e-06  6.73842323e-06  2.83678338e-07  6.73842323e-06  5.87316496e-11  6.73842323e-06  1.20000000e+00  6.73842323e-06  0.00000000e+00 
 6.83842323e-06  7.67699850e-01  6.83842323e-06  6.90175699e-01  6.83842323e-06  1.21377066e-06  6.83842323e-06  2.83913263e-07  6.83842323e-06  9.00514254e-12  6.83842323e-06  1.20000000e+00  6.83842323e-06  0.00000000e+00 
 6.93842323e-06  7.70275843e-01  6.93842323e-06  6.90205097e-01  6.93842323e-06  1.21378633e-06  6.93842323e-06  2.83716156e-07  6.93842323e-06  5.67852712e-11  6.93842323e-06  1.20000000e+00  6.93842323e-06  0.00000000e+00 
 7.03842323e-06  7.72852128e-01  7.03842323e-06  6.90177875e-01  7.03842323e-06  1.21377131e-06  7.03842323e-06  2.83972949e-07  7.03842323e-06  1.10577195e-11  7.03842323e-06  1.20000000e+00  7.03842323e-06  0.00000000e+00 
 7.13842323e-06  7.75428573e-01  7.13842323e-06  6.90203131e-01  7.13842323e-06  1.21378572e-06  7.13842323e-06  2.83757773e-07  7.13842323e-06  5.50685256e-11  7.13842323e-06  1.20000000e+00  7.13842323e-06  0.00000000e+00 
 7.23842323e-06  7.78005284e-01  7.23842323e-06  6.90179758e-01  7.23842323e-06  1.21377188e-06  7.23842323e-06  2.84028094e-07  7.23842323e-06  1.28914510e-11  7.23842323e-06  1.20000000e+00  7.23842323e-06  0.00000000e+00 
 7.33842323e-06  7.80582175e-01  7.33842323e-06  6.90201436e-01  7.33842323e-06  1.21378518e-06  7.33842323e-06  2.83802465e-07  7.33842323e-06  5.35591654e-11  7.33842323e-06  1.20000000e+00  7.33842323e-06  0.00000000e+00 
 7.43842323e-06  7.83159308e-01  7.43842323e-06  6.90181384e-01  7.43842323e-06  1.21377238e-06  7.43842323e-06  2.84079188e-07  7.43842323e-06  1.45279016e-11  7.43842323e-06  1.20000000e+00  7.43842323e-06  0.00000000e+00 
 7.53842323e-06  7.85736636e-01  7.53842323e-06  6.90199978e-01  7.53842323e-06  1.21378471e-06  7.53842323e-06  2.83849581e-07  7.53842323e-06  5.22363447e-11  7.53842323e-06  1.20000000e+00  7.53842323e-06  0.00000000e+00 
 7.63842323e-06  7.88314185e-01  7.63842323e-06  6.90182785e-01  7.63842323e-06  1.21377283e-06  7.63842323e-06  2.84126643e-07  7.63842323e-06  1.59871850e-11  7.63842323e-06  1.20000000e+00  7.63842323e-06  0.00000000e+00 
 7.73842323e-06  7.90891941e-01  7.73842323e-06  6.90198728e-01  7.73842323e-06  1.21378429e-06  7.73842323e-06  2.83898535e-07  7.73842323e-06  5.10806952e-11  7.73842323e-06  1.20000000e+00  7.73842323e-06  0.00000000e+00 
 7.83842323e-06  7.93469900e-01  7.83842323e-06  6.90183985e-01  7.83842323e-06  1.21377322e-06  7.83842323e-06  2.84170803e-07  7.83842323e-06  1.72879255e-11  7.83842323e-06  1.20000000e+00  7.83842323e-06  0.00000000e+00 
 7.93842323e-06  7.96048076e-01  7.93842323e-06  6.90197661e-01  7.93842323e-06  1.21378392e-06  7.93842323e-06  2.83948790e-07  7.93842323e-06  5.00743361e-11  7.93842323e-06  1.20000000e+00  7.93842323e-06  0.00000000e+00 
 8.03842323e-06  7.98626437e-01  8.03842323e-06  6.90185007e-01  8.03842323e-06  1.21377357e-06  8.03842323e-06  2.84211963e-07  8.03842323e-06  1.84472733e-11  8.03842323e-06  1.20000000e+00  8.03842323e-06  0.00000000e+00 
 8.13842323e-06  8.01205020e-01  8.13842323e-06  6.90196756e-01  8.13842323e-06  1.21378360e-06  8.13842323e-06  2.83999857e-07  8.13842323e-06  4.92008387e-11  8.13842323e-06  1.20000000e+00  8.13842323e-06  0.00000000e+00 
 8.23842323e-06  8.03783774e-01  8.23842323e-06  6.90185871e-01  8.23842323e-06  1.21377387e-06  8.23842323e-06  2.84250371e-07  8.23842323e-06  1.94809532e-11  8.23842323e-06  1.20000000e+00  8.23842323e-06  0.00000000e+00 
 8.33842323e-06  8.06362754e-01  8.33842323e-06  6.90195991e-01  8.33842323e-06  1.21378331e-06  8.33842323e-06  2.84051282e-07  8.33842323e-06  4.84451693e-11  8.33842323e-06  1.20000000e+00  8.33842323e-06  0.00000000e+00 
 8.43842323e-06  8.08941890e-01  8.43842323e-06  6.90186595e-01  8.43842323e-06  1.21377414e-06  8.43842323e-06  2.84286250e-07  8.43842323e-06  2.04033283e-11  8.43842323e-06  1.20000000e+00  8.43842323e-06  0.00000000e+00 
 8.53842323e-06  8.11521255e-01  8.53842323e-06  6.90195351e-01  8.53842323e-06  1.21378306e-06  8.53842323e-06  2.84102650e-07  8.53842323e-06  4.77936187e-11  8.53842323e-06  1.20000000e+00  8.53842323e-06  0.00000000e+00 
 8.63842323e-06  8.14100762e-01  8.63842323e-06  6.90187195e-01  8.63842323e-06  1.21377438e-06  8.63842323e-06  2.84319798e-07  8.63842323e-06  2.12274754e-11  8.63842323e-06  1.20000000e+00  8.63842323e-06  0.00000000e+00 
 8.73842323e-06  8.16680497e-01  8.73842323e-06  6.90194818e-01  8.73842323e-06  1.21378284e-06  8.73842323e-06  2.84153579e-07  8.73842323e-06  4.72337249e-11  8.73842323e-06  1.20000000e+00  8.73842323e-06  0.00000000e+00 
 8.83842323e-06  8.19260364e-01  8.83842323e-06  6.90187686e-01  8.83842323e-06  1.21377459e-06  8.83842323e-06  2.84351196e-07  8.83842323e-06  2.19652650e-11  8.83842323e-06  1.20000000e+00  8.83842323e-06  0.00000000e+00 
 8.93842323e-06  8.21840454e-01  8.93842323e-06  6.90194379e-01  8.93842323e-06  1.21378264e-06  8.93842323e-06  2.84203722e-07  8.93842323e-06  4.67541920e-11  8.93842323e-06  1.20000000e+00  8.93842323e-06  0.00000000e+00 
 9.03842323e-06  8.24420667e-01  9.03842323e-06  6.90188080e-01  9.03842323e-06  1.21377477e-06  9.03842323e-06  2.84380624e-07  9.03842323e-06  2.26274379e-11  9.03842323e-06  1.20000000e+00  9.03842323e-06  0.00000000e+00 
 9.13842323e-06  8.27001099e-01  9.13842323e-06  6.90194022e-01  9.13842323e-06  1.21378246e-06  9.13842323e-06  2.84252768e-07  9.13842323e-06  4.63448180e-11  9.13842323e-06  1.20000000e+00  9.13842323e-06  0.00000000e+00 
 9.23842323e-06  8.29581644e-01  9.23842323e-06  6.90188392e-01  9.23842323e-06  1.21377494e-06  9.23842323e-06  2.84408253e-07  9.23842323e-06  2.32236784e-11  9.23842323e-06  1.20000000e+00  9.23842323e-06  0.00000000e+00 
 9.33842323e-06  8.32162402e-01  9.33842323e-06  6.90193733e-01  9.33842323e-06  1.21378231e-06  9.33842323e-06  2.84300445e-07  9.33842323e-06  4.59964194e-11  9.33842323e-06  1.20000000e+00  9.33842323e-06  0.00000000e+00 
 9.43842323e-06  8.34743265e-01  9.43842323e-06  6.90188631e-01  9.43842323e-06  1.21377509e-06  9.43842323e-06  2.84434261e-07  9.43842323e-06  2.37626879e-11  9.43842323e-06  1.20000000e+00  9.43842323e-06  0.00000000e+00 
 9.53842323e-06  8.37324333e-01  9.53842323e-06  6.90193502e-01  9.53842323e-06  1.21378217e-06  9.53842323e-06  2.84346523e-07  9.53842323e-06  4.57007625e-11  9.53842323e-06  1.20000000e+00  9.53842323e-06  0.00000000e+00 
 9.63842323e-06  8.39905499e-01  9.63842323e-06  6.90188811e-01  9.63842323e-06  1.21377522e-06  9.63842323e-06  2.84458824e-07  9.63842323e-06  2.42522499e-11  9.63842323e-06  1.20000000e+00  9.63842323e-06  0.00000000e+00 
 9.73842323e-06  8.42486862e-01  9.73842323e-06  6.90193320e-01  9.73842323e-06  1.21378204e-06  9.73842323e-06  2.84390820e-07  9.73842323e-06  4.54504995e-11  9.73842323e-06  1.20000000e+00  9.73842323e-06  0.00000000e+00 
 9.83842323e-06  8.45068318e-01  9.83842323e-06  6.90188939e-01  9.83842323e-06  1.21377534e-06  9.83842323e-06  2.84482125e-07  9.83842323e-06  2.46992939e-11  9.83842323e-06  1.20000000e+00  9.83842323e-06  0.00000000e+00 
 9.93842323e-06  8.47649960e-01  9.93842323e-06  6.90193178e-01  9.93842323e-06  1.21378193e-06  9.93842323e-06  2.84433198e-07  9.93842323e-06  4.52391058e-11  9.93842323e-06  1.20000000e+00  9.93842323e-06  0.00000000e+00 
 1.00384232e-05  8.50231691e-01  1.00384232e-05  6.90189027e-01  1.00384232e-05  1.21377545e-06  1.00384232e-05  2.84504347e-07  1.00384232e-05  2.51099556e-11  1.00384232e-05  1.20000000e+00  1.00384232e-05  0.00000000e+00 
 1.01384232e-05  8.52813599e-01  1.01384232e-05  6.90193067e-01  1.01384232e-05  1.21378182e-06  1.01384232e-05  2.84473574e-07  1.01384232e-05  4.50608222e-11  1.01384232e-05  1.20000000e+00  1.01384232e-05  0.00000000e+00 
 1.02384232e-05  8.55395590e-01  1.02384232e-05  6.90189082e-01  1.02384232e-05  1.21377555e-06  1.02384232e-05  2.84525679e-07  1.02384232e-05  2.54896332e-11  1.02384232e-05  1.20000000e+00  1.02384232e-05  0.00000000e+00 
 1.03384232e-05  8.57977749e-01  1.03384232e-05  6.90192982e-01  1.03384232e-05  1.21378173e-06  1.03384232e-05  2.84511914e-07  1.03384232e-05  4.49105994e-11  1.03384232e-05  1.20000000e+00  1.03384232e-05  0.00000000e+00 
 1.04384232e-05  8.60559989e-01  1.04384232e-05  6.90189114e-01  1.04384232e-05  1.21377564e-06  1.04384232e-05  2.84546305e-07  1.04384232e-05  2.58430425e-11  1.04384232e-05  1.20000000e+00  1.04384232e-05  0.00000000e+00 
 1.05384232e-05  8.63142387e-01  1.05384232e-05  6.90192917e-01  1.05384232e-05  1.21378164e-06  1.05384232e-05  2.84548239e-07  1.05384232e-05  4.47840435e-11  1.05384232e-05  1.20000000e+00  1.05384232e-05  0.00000000e+00 
 1.06384232e-05  8.65724864e-01  1.06384232e-05  6.90189128e-01  1.06384232e-05  1.21377573e-06  1.06384232e-05  2.84566409e-07  1.06384232e-05  2.61742705e-11  1.06384232e-05  1.20000000e+00  1.06384232e-05  0.00000000e+00 
 1.07384232e-05  8.68307489e-01  1.07384232e-05  6.90192866e-01  1.07384232e-05  1.21378156e-06  1.07384232e-05  2.84582616e-07  1.07384232e-05  4.46773637e-11  1.07384232e-05  1.20000000e+00  1.07384232e-05  0.00000000e+00 
 1.08384232e-05  8.70890192e-01  1.08384232e-05  6.90189131e-01  1.08384232e-05  1.21377581e-06  1.08384232e-05  2.84586173e-07  1.08384232e-05  2.64868272e-11  1.08384232e-05  1.20000000e+00  1.08384232e-05  0.00000000e+00 
 1.09384232e-05  8.73473035e-01  1.09384232e-05  6.90192826e-01  1.09384232e-05  1.21378148e-06  1.09384232e-05  2.84615161e-07  1.09384232e-05  4.45873195e-11  1.09384232e-05  1.20000000e+00  1.09384232e-05  0.00000000e+00 
 1.10384232e-05  8.76055955e-01  1.10384232e-05  6.90189129e-01  1.10384232e-05  1.21377589e-06  1.10384232e-05  2.84605773e-07  1.10384232e-05  2.67836988e-11  1.10384232e-05  1.20000000e+00  1.10384232e-05  0.00000000e+00 
 1.11384232e-05  8.78639007e-01  1.11384232e-05  6.90192793e-01  1.11384232e-05  1.21378140e-06  1.11384232e-05  2.84646040e-07  1.11384232e-05  4.45111689e-11  1.11384232e-05  1.20000000e+00  1.11384232e-05  0.00000000e+00 
 1.12384232e-05  8.81222138e-01  1.12384232e-05  6.90189126e-01  1.12384232e-05  1.21377596e-06  1.12384232e-05  2.84625386e-07  1.12384232e-05  2.70673978e-11  1.12384232e-05  1.20000000e+00  1.12384232e-05  0.00000000e+00 
 1.13384232e-05  8.83805393e-01  1.13384232e-05  6.90192766e-01  1.13384232e-05  1.21378133e-06  1.13384232e-05  2.84675452e-07  1.13384232e-05  4.44466202e-11  1.13384232e-05  1.20000000e+00  1.13384232e-05  0.00000000e+00 
 1.14384232e-05  8.86388729e-01  1.14384232e-05  6.90189126e-01  1.14384232e-05  1.21377603e-06  1.14384232e-05  2.84645184e-07  1.14384232e-05  2.73400109e-11  1.14384232e-05  1.20000000e+00  1.14384232e-05  0.00000000e+00 
 1.15384232e-05  8.88972183e-01  1.15384232e-05  6.90192742e-01  1.15384232e-05  1.21378126e-06  1.15384232e-05  2.84703641e-07  1.15384232e-05  4.43917812e-11  1.15384232e-05  1.20000000e+00  1.15384232e-05  0.00000000e+00 
 1.16384232e-05  8.91555721e-01  1.16384232e-05  6.90189132e-01  1.16384232e-05  1.21377610e-06  1.16384232e-05  2.84665349e-07  1.16384232e-05  2.76032510e-11  1.16384232e-05  1.20000000e+00  1.16384232e-05  0.00000000e+00 
 1.17384232e-05  8.94139371e-01  1.17384232e-05  6.90192720e-01  1.17384232e-05  1.21378120e-06  1.17384232e-05  2.84730879e-07  1.17384232e-05  4.43451110e-11  1.17384232e-05  1.20000000e+00  1.17384232e-05  0.00000000e+00 
 1.18384232e-05  8.96723110e-01  1.18384232e-05  6.90189148e-01  1.18384232e-05  1.21377616e-06  1.18384232e-05  2.84686065e-07  1.18384232e-05  2.78585018e-11  1.18384232e-05  1.20000000e+00  1.18384232e-05  0.00000000e+00 
 1.19384232e-05  8.99306958e-01  1.19384232e-05  6.90192701e-01  1.19384232e-05  1.21378113e-06  1.19384232e-05  2.84757470e-07  1.19384232e-05  4.43053755e-11  1.19384232e-05  1.20000000e+00  1.19384232e-05  0.00000000e+00 
 1.20384232e-05  9.01890898e-01  1.20384232e-05  6.90189174e-01  1.20384232e-05  1.21377622e-06  1.20384232e-05  2.84707529e-07  1.20384232e-05  2.81068626e-11  1.20384232e-05  1.20000000e+00  1.20384232e-05  0.00000000e+00 
 1.21384232e-05  9.04474946e-01  1.21384232e-05  6.90192684e-01  1.21384232e-05  1.21378107e-06  1.21384232e-05  2.84783747e-07  1.21384232e-05  4.42716028e-11  1.21384232e-05  1.20000000e+00  1.21384232e-05  0.00000000e+00 
 1.22384232e-05  9.07059092e-01  1.22384232e-05  6.90189213e-01  1.22384232e-05  1.21377628e-06  1.22384232e-05  2.84729959e-07  1.22384232e-05  2.83491930e-11  1.22384232e-05  1.20000000e+00  1.22384232e-05  0.00000000e+00 
 1.23384232e-05  9.09643347e-01  1.23384232e-05  6.90192671e-01  1.23384232e-05  1.21378101e-06  1.23384232e-05  2.84810072e-07  1.23384232e-05  4.42430420e-11  1.23384232e-05  1.20000000e+00  1.23384232e-05  0.00000000e+00 
 1.24384232e-05  9.12227705e-01  1.24384232e-05  6.90189266e-01  1.24384232e-05  1.21377634e-06  1.24384232e-05  2.84753596e-07  1.24384232e-05  2.85861487e-11  1.24384232e-05  1.20000000e+00  1.24384232e-05  0.00000000e+00 
 1.25384232e-05  9.14812175e-01  1.25384232e-05  6.90192662e-01  1.25384232e-05  1.21378095e-06  1.25384232e-05  2.84836831e-07  1.25384232e-05  4.42191273e-11  1.25384232e-05  1.20000000e+00  1.25384232e-05  0.00000000e+00 
 1.26384232e-05  9.17396755e-01  1.26384232e-05  6.90189333e-01  1.26384232e-05  1.21377640e-06  1.26384232e-05  2.84778704e-07  1.26384232e-05  2.88182199e-11  1.26384232e-05  1.20000000e+00  1.26384232e-05  0.00000000e+00 
 1.27384232e-05  9.19981452e-01  1.27384232e-05  6.90192658e-01  1.27384232e-05  1.21378090e-06  1.27384232e-05  2.84864439e-07  1.27384232e-05  4.41994424e-11  1.27384232e-05  1.20000000e+00  1.27384232e-05  0.00000000e+00 
 1.28384232e-05  9.22566268e-01  1.28384232e-05  6.90189417e-01  1.28384232e-05  1.21377645e-06  1.28384232e-05  2.84805588e-07  1.28384232e-05  2.90457616e-11  1.28384232e-05  1.20000000e+00  1.28384232e-05  0.00000000e+00 
 1.29384232e-05  9.25151206e-01  1.29384232e-05  6.90192662e-01  1.29384232e-05  1.21378085e-06  1.29384232e-05  2.84893337e-07  1.29384232e-05  4.41836925e-11  1.29384232e-05  1.20000000e+00  1.29384232e-05  0.00000000e+00 
 1.30384232e-05  9.27736275e-01  1.30384232e-05  6.90189517e-01  1.30384232e-05  1.21377651e-06  1.30384232e-05  2.84834582e-07  1.30384232e-05  2.92690216e-11  1.30384232e-05  1.20000000e+00  1.30384232e-05  0.00000000e+00 
 1.31384232e-05  9.30321474e-01  1.31384232e-05  6.90192675e-01  1.31384232e-05  1.21378079e-06  1.31384232e-05  2.84923995e-07  1.31384232e-05  4.41716768e-11  1.31384232e-05  1.20000000e+00  1.31384232e-05  0.00000000e+00 
 1.32384232e-05  9.32906816e-01  1.32384232e-05  6.90189634e-01  1.32384232e-05  1.21377656e-06  1.32384232e-05  2.84866065e-07  1.32384232e-05  2.94881659e-11  1.32384232e-05  1.20000000e+00  1.32384232e-05  0.00000000e+00 
 1.33384232e-05  9.35492299e-01  1.33384232e-05  6.90192700e-01  1.33384232e-05  1.21378075e-06  1.33384232e-05  2.84956916e-07  1.33384232e-05  4.41632663e-11  1.33384232e-05  1.20000000e+00  1.33384232e-05  0.00000000e+00 
 1.34384232e-05  9.38077938e-01  1.34384232e-05  6.90189770e-01  1.34384232e-05  1.21377661e-06  1.34384232e-05  2.84900451e-07  1.34384232e-05  2.97032993e-11  1.34384232e-05  1.20000000e+00  1.34384232e-05  0.00000000e+00 
 1.35384232e-05  9.40663733e-01  1.35384232e-05  6.90192737e-01  1.35384232e-05  1.21378070e-06  1.35384232e-05  2.84992624e-07  1.35384232e-05  4.41583833e-11  1.35384232e-05  1.20000000e+00  1.35384232e-05  0.00000000e+00 
 1.36384232e-05  9.43249699e-01  1.36384232e-05  6.90189924e-01  1.36384232e-05  1.21377665e-06  1.36384232e-05  2.84938202e-07  1.36384232e-05  2.99144836e-11  1.36384232e-05  1.20000000e+00  1.36384232e-05  0.00000000e+00 
 1.37384232e-05  9.45835837e-01  1.37384232e-05  6.90192789e-01  1.37384232e-05  1.21378065e-06  1.37384232e-05  2.85031680e-07  1.37384232e-05  4.41569873e-11  1.37384232e-05  1.20000000e+00  1.37384232e-05  0.00000000e+00 
 1.38384232e-05  9.48422165e-01  1.38384232e-05  6.90190097e-01  1.38384232e-05  1.21377670e-06  1.38384232e-05  2.84979814e-07  1.38384232e-05  3.01217505e-11  1.38384232e-05  1.20000000e+00  1.38384232e-05  0.00000000e+00 
 1.39384232e-05  9.51008682e-01  1.39384232e-05  6.90192857e-01  1.39384232e-05  1.21378061e-06  1.39384232e-05  2.85074671e-07  1.39384232e-05  4.41590612e-11  1.39384232e-05  1.20000000e+00  1.39384232e-05  0.00000000e+00 
 1.40384232e-05  9.53595410e-01  1.40384232e-05  6.90190290e-01  1.40384232e-05  1.21377674e-06  1.40384232e-05  2.85025824e-07  1.40384232e-05  3.03251144e-11  1.40384232e-05  1.20000000e+00  1.40384232e-05  0.00000000e+00 
 1.41384232e-05  9.56182349e-01  1.41384232e-05  6.90192943e-01  1.41384232e-05  1.21378057e-06  1.41384232e-05  2.85122206e-07  1.41384232e-05  4.41646010e-11  1.41384232e-05  1.20000000e+00  1.41384232e-05  0.00000000e+00 
 1.42384232e-05  9.58769521e-01  1.42384232e-05  6.90190503e-01  1.42384232e-05  1.21377678e-06  1.42384232e-05  2.85076803e-07  1.42384232e-05  3.05245806e-11  1.42384232e-05  1.20000000e+00  1.42384232e-05  0.00000000e+00 
 1.43384232e-05  9.61356929e-01  1.43384232e-05  6.90193049e-01  1.43384232e-05  1.21378052e-06  1.43384232e-05  2.85174921e-07  1.43384232e-05  4.41736089e-11  1.43384232e-05  1.20000000e+00  1.43384232e-05  0.00000000e+00 
 1.44384232e-05  9.63944595e-01  1.44384232e-05  6.90190737e-01  1.44384232e-05  1.21377682e-06  1.44384232e-05  2.85133348e-07  1.44384232e-05  3.07201527e-11  1.44384232e-05  1.20000000e+00  1.44384232e-05  0.00000000e+00 
 1.45384232e-05  9.66532524e-01  1.45384232e-05  6.90193175e-01  1.45384232e-05  1.21378049e-06  1.45384232e-05  2.85233468e-07  1.45384232e-05  4.41860853e-11  1.45384232e-05  1.20000000e+00  1.45384232e-05  0.00000000e+00 
 1.46384232e-05  9.69120740e-01  1.46384232e-05  6.90190991e-01  1.46384232e-05  1.21377686e-06  1.46384232e-05  2.85196083e-07  1.46384232e-05  3.09118388e-11  1.46384232e-05  1.20000000e+00  1.46384232e-05  0.00000000e+00 
 1.47384232e-05  9.71709249e-01  1.47384232e-05  6.90193323e-01  1.47384232e-05  1.21378045e-06  1.47384232e-05  2.85298507e-07  1.47384232e-05  4.42020251e-11  1.47384232e-05  1.20000000e+00  1.47384232e-05  0.00000000e+00 
 1.48384232e-05  9.74298075e-01  1.48384232e-05  6.90191265e-01  1.48384232e-05  1.21377690e-06  1.48384232e-05  2.85265647e-07  1.48384232e-05  3.10996541e-11  1.48384232e-05  1.20000000e+00  1.48384232e-05  0.00000000e+00 
 1.49384232e-05  9.76887226e-01  1.49384232e-05  6.90193494e-01  1.49384232e-05  1.21378042e-06  1.49384232e-05  2.85370711e-07  1.49384232e-05  4.42214152e-11  1.49384232e-05  1.20000000e+00  1.49384232e-05  0.00000000e+00 
 1.50384232e-05  9.79476730e-01  1.50384232e-05  6.90191560e-01  1.50384232e-05  1.21377693e-06  1.50384232e-05  2.85342683e-07  1.50384232e-05  3.12836240e-11  1.50384232e-05  1.20000000e+00  1.50384232e-05  0.00000000e+00 
 1.51384232e-05  9.82066595e-01  1.51384232e-05  6.90193686e-01  1.51384232e-05  1.21378038e-06  1.51384232e-05  2.85450744e-07  1.51384232e-05  4.42442311e-11  1.51384232e-05  1.20000000e+00  1.51384232e-05  0.00000000e+00 
 1.52384232e-05  9.84656847e-01  1.52384232e-05  6.90191874e-01  1.52384232e-05  1.21377696e-06  1.52384232e-05  2.85427838e-07  1.52384232e-05  3.14637859e-11  1.52384232e-05  1.20000000e+00  1.52384232e-05  0.00000000e+00 
 1.53384232e-05  9.87247500e-01  1.53384232e-05  6.90193902e-01  1.53384232e-05  1.21378035e-06  1.53384232e-05  2.85539265e-07  1.53384232e-05  4.42704369e-11  1.53384232e-05  1.20000000e+00  1.53384232e-05  0.00000000e+00 
 1.54384232e-05  9.89838580e-01  1.54384232e-05  6.90192208e-01  1.54384232e-05  1.21377699e-06  1.54384232e-05  2.85521746e-07  1.54384232e-05  3.16401901e-11  1.54384232e-05  1.20000000e+00  1.54384232e-05  0.00000000e+00 
 1.55384232e-05  9.92430102e-01  1.55384232e-05  6.90194141e-01  1.55384232e-05  1.21378032e-06  1.55384232e-05  2.85636910e-07  1.55384232e-05  4.42999832e-11  1.55384232e-05  1.20000000e+00  1.55384232e-05  0.00000000e+00 
 1.56384232e-05  9.95022094e-01  1.56384232e-05  6.90192561e-01  1.56384232e-05  1.21377702e-06  1.56384232e-05  2.85625021e-07  1.56384232e-05  3.18129001e-11  1.56384232e-05  1.20000000e+00  1.56384232e-05  0.00000000e+00 
 1.57384232e-05  9.97614570e-01  1.57384232e-05  6.90194402e-01  1.57384232e-05  1.21378030e-06  1.57384232e-05  2.85744287e-07  1.57384232e-05  4.43328083e-11  1.57384232e-05  1.20000000e+00  1.57384232e-05  0.00000000e+00 
 1.58384232e-05  1.00020756e+00  1.58384232e-05  6.90192931e-01  1.58384232e-05  1.21377705e-06  1.58384232e-05  2.85738244e-07  1.58384232e-05  3.19819926e-11  1.58384232e-05  1.20000000e+00  1.58384232e-05  0.00000000e+00 
 1.59384232e-05  1.00280108e+00  1.59384232e-05  6.90194685e-01  1.59384232e-05  1.21378027e-06  1.59384232e-05  2.85861964e-07  1.59384232e-05  4.43688375e-11  1.59384232e-05  1.20000000e+00  1.59384232e-05  0.00000000e+00 
 1.60384232e-05  1.00539517e+00  1.60384232e-05  6.90193319e-01  1.60384232e-05  1.21377707e-06  1.60384232e-05  2.85861956e-07  1.60384232e-05  3.21475568e-11  1.60384232e-05  1.20000000e+00  1.60384232e-05  0.00000000e+00 
 1.61384232e-05  1.00798983e+00  1.61384232e-05  6.90194990e-01  1.61384232e-05  1.21378024e-06  1.61384232e-05  2.85990462e-07  1.61384232e-05  4.44079845e-11  1.61384232e-05  1.20000000e+00  1.61384232e-05  0.00000000e+00 
 1.62384232e-05  1.01058511e+00  1.62384232e-05  6.90193724e-01  1.62384232e-05  1.21377709e-06  1.62384232e-05  2.85996648e-07  1.62384232e-05  3.23096940e-11  1.62384232e-05  1.20000000e+00  1.62384232e-05  0.00000000e+00 
 1.63384232e-05  1.01318101e+00  1.63384232e-05  6.90195317e-01  1.63384232e-05  1.21378022e-06  1.63384232e-05  2.86130239e-07  1.63384232e-05  4.44501513e-11  1.63384232e-05  1.20000000e+00  1.63384232e-05  0.00000000e+00 
 1.64384232e-05  1.01577758e+00  1.64384232e-05  6.90194146e-01  1.64384232e-05  1.21377712e-06  1.64384232e-05  2.86142746e-07  1.64384232e-05  3.24685159e-11  1.64384232e-05  1.20000000e+00  1.64384232e-05  0.00000000e+00 
 1.65384232e-05  1.01837482e+00  1.65384232e-05  6.90195666e-01  1.65384232e-05  1.21378020e-06  1.65384232e-05  2.86281686e-07  1.65384232e-05  4.44952311e-11  1.65384232e-05  1.20000000e+00  1.65384232e-05  0.00000000e+00 
 1.66384232e-05  1.02097279e+00  1.66384232e-05  6.90194584e-01  1.66384232e-05  1.21377714e-06  1.66384232e-05  2.86300602e-07  1.66384232e-05  3.26241440e-11  1.66384232e-05  1.20000000e+00  1.66384232e-05  0.00000000e+00 
 1.67384232e-05  1.02357148e+00  1.67384232e-05  6.90196037e-01  1.67384232e-05  1.21378018e-06  1.67384232e-05  2.86445116e-07  1.67384232e-05  4.45431066e-11  1.67384232e-05  1.20000000e+00  1.67384232e-05  0.00000000e+00 
 1.68384232e-05  1.02617095e+00  1.68384232e-05  6.90195040e-01  1.68384232e-05  1.21377716e-06  1.68384232e-05  2.86470490e-07  1.68384232e-05  3.27767086e-11  1.68384232e-05  1.20000000e+00  1.68384232e-05  0.00000000e+00 
 1.69384232e-05  1.02877120e+00  1.69384232e-05  6.90196431e-01  1.69384232e-05  1.21378016e-06  1.69384232e-05  2.86620748e-07  1.69384232e-05  4.45936543e-11  1.69384232e-05  1.20000000e+00  1.69384232e-05  0.00000000e+00 
 1.70384232e-05  1.03137228e+00  1.70384232e-05  6.90195514e-01  1.70384232e-05  1.21377718e-06  1.70384232e-05  2.86652592e-07  1.70384232e-05  3.29263451e-11  1.70384232e-05  1.20000000e+00  1.70384232e-05  0.00000000e+00 
 1.71384232e-05  1.03397420e+00  1.71384232e-05  6.90196849e-01  1.71384232e-05  1.21378014e-06  1.71384232e-05  2.86808716e-07  1.71384232e-05  4.46467459e-11  1.71384232e-05  1.20000000e+00  1.71384232e-05  0.00000000e+00 
 1.72384232e-05  1.03657699e+00  1.72384232e-05  6.90196008e-01  1.72384232e-05  1.21377719e-06  1.72384232e-05  2.86846995e-07  1.72384232e-05  3.30731939e-11  1.72384232e-05  1.20000000e+00  1.72384232e-05  0.00000000e+00 
 1.73384232e-05  1.03918068e+00  1.73384232e-05  6.90197293e-01  1.73384232e-05  1.21378013e-06  1.73384232e-05  2.87009051e-07  1.73384232e-05  4.47022485e-11  1.73384232e-05  1.20000000e+00  1.73384232e-05  0.00000000e+00 
 1.74384232e-05  1.04178530e+00  1.74384232e-05  6.90196524e-01  1.74384232e-05  1.21377721e-06  1.74384232e-05  2.87053689e-07  1.74384232e-05  3.32173984e-11  1.74384232e-05  1.20000000e+00  1.74384232e-05  0.00000000e+00 
 1.75384232e-05  1.04439088e+00  1.75384232e-05  6.90197766e-01  1.75384232e-05  1.21378011e-06  1.75384232e-05  2.87221689e-07  1.75384232e-05  4.47600273e-11  1.75384232e-05  1.20000000e+00  1.75384232e-05  0.00000000e+00 
 1.76384232e-05  1.04699743e+00  1.76384232e-05  6.90197065e-01  1.76384232e-05  1.21377722e-06  1.76384232e-05  2.87272575e-07  1.76384232e-05  3.33591032e-11  1.76384232e-05  1.20000000e+00  1.76384232e-05  0.00000000e+00 
 1.77384232e-05  1.04960499e+00  1.77384232e-05  6.90198269e-01  1.77384232e-05  1.21378010e-06  1.77384232e-05  2.87446482e-07  1.77384232e-05  4.48199473e-11  1.77384232e-05  1.20000000e+00  1.77384232e-05  0.00000000e+00 
 1.78384232e-05  1.05221358e+00  1.78384232e-05  6.90197634e-01  1.78384232e-05  1.21377724e-06  1.78384232e-05  2.87503472e-07  1.78384232e-05  3.34984512e-11  1.78384232e-05  1.20000000e+00  1.78384232e-05  0.00000000e+00 
 1.79384232e-05  1.05482323e+00  1.79384232e-05  6.90198806e-01  1.79384232e-05  1.21378009e-06  1.79384232e-05  2.87683213e-07  1.79384232e-05  4.48818762e-11  1.79384232e-05  1.20000000e+00  1.79384232e-05  0.00000000e+00 
 1.80384232e-05  1.05743396e+00  1.80384232e-05  6.90198235e-01  1.80384232e-05  1.21377725e-06  1.80384232e-05  2.87746152e-07  1.80384232e-05  3.36355819e-11  1.80384232e-05  1.20000000e+00  1.80384232e-05  0.00000000e+00 
 1.81384232e-05  1.06004580e+00  1.81384232e-05  6.90199380e-01  1.81384232e-05  1.21378007e-06  1.81384232e-05  2.87931626e-07  1.81384232e-05  4.49456846e-11  1.81384232e-05  1.20000000e+00  1.81384232e-05  0.00000000e+00 
 1.82384232e-05  1.06265877e+00  1.82384232e-05  6.90198870e-01  1.82384232e-05  1.21377726e-06  1.82384232e-05  2.88000361e-07  1.82384232e-05  3.37706314e-11  1.82384232e-05  1.20000000e+00  1.82384232e-05  0.00000000e+00 
 1.83384232e-05  1.06527289e+00  1.83384232e-05  6.90199992e-01  1.83384232e-05  1.21378006e-06  1.83384232e-05  2.88191475e-07  1.83384232e-05  4.50112480e-11  1.83384232e-05  1.20000000e+00  1.83384232e-05  0.00000000e+00 
 1.84384232e-05  1.06788820e+00  1.84384232e-05  6.90199542e-01  1.84384232e-05  1.21377727e-06  1.84384232e-05  2.88265887e-07  1.84384232e-05  3.39037290e-11  1.84384232e-05  1.20000000e+00  1.84384232e-05  0.00000000e+00 
 1.85384232e-05  1.07050471e+00  1.85384232e-05  6.90200645e-01  1.85384232e-05  1.21378005e-06  1.85384232e-05  2.88462580e-07  1.85384232e-05  4.50784487e-11  1.85384232e-05  1.20000000e+00  1.85384232e-05  0.00000000e+00 
 1.86384232e-05  1.07312244e+00  1.86384232e-05  6.90200252e-01  1.86384232e-05  1.21377728e-06  1.86384232e-05  2.88542609e-07  1.86384232e-05  3.40349972e-11  1.86384232e-05  1.20000000e+00  1.86384232e-05  0.00000000e+00 
 1.87384232e-05  1.07574142e+00  1.87384232e-05  6.90201339e-01  1.87384232e-05  1.21378004e-06  1.87384232e-05  2.88744895e-07  1.87384232e-05  4.51471756e-11  1.87384232e-05  1.20000000e+00  1.87384232e-05  0.00000000e+00 
 1.88384232e-05  1.07836168e+00  1.88384232e-05  6.90201002e-01  1.88384232e-05  1.21377729e-06  1.88384232e-05  2.88830595e-07  1.88384232e-05  3.41645509e-11  1.88384232e-05  1.20000000e+00  1.88384232e-05  0.00000000e+00 
 1.89384232e-05  1.08098324e+00  1.89384232e-05  6.90202075e-01  1.89384232e-05  1.21378003e-06  1.89384232e-05  2.89038603e-07  1.89384232e-05  4.52173262e-11  1.89384232e-05  1.20000000e+00  1.89384232e-05  0.00000000e+00 
 1.90384232e-05  1.08360612e+00  1.90384232e-05  6.90201790e-01  1.90384232e-05  1.21377730e-06  1.90384232e-05  2.89130180e-07  1.90384232e-05  3.42924964e-11  1.90384232e-05  1.20000000e+00  1.90384232e-05  0.00000000e+00 
 1.91384232e-05  1.08623035e+00  1.91384232e-05  6.90202850e-01  1.91384232e-05  1.21378002e-06  1.91384232e-05  2.89344213e-07  1.91384232e-05  4.52888068e-11  1.91384232e-05  1.20000000e+00  1.91384232e-05  0.00000000e+00 
 1.92384232e-05  1.08885595e+00  1.92384232e-05  6.90202615e-01  1.92384232e-05  1.21377731e-06  1.92384232e-05  2.89442081e-07  1.92384232e-05  3.44189306e-11  1.92384232e-05  1.20000000e+00  1.92384232e-05  0.00000000e+00 
 1.93384232e-05  1.09148296e+00  1.93384232e-05  6.90203662e-01  1.93384232e-05  1.21378002e-06  1.93384232e-05  2.89662670e-07  1.93384232e-05  4.53615338e-11  1.93384232e-05  1.20000000e+00  1.93384232e-05  0.00000000e+00 
 1.94384232e-05  1.09411140e+00  1.94384232e-05  6.90203474e-01  1.94384232e-05  1.21377732e-06  1.94384232e-05  2.89767512e-07  1.94384232e-05  3.45439417e-11  1.94384232e-05  1.20000000e+00  1.94384232e-05  0.00000000e+00 
 1.95384232e-05  1.09674130e+00  1.95384232e-05  6.90204506e-01  1.95384232e-05  1.21378001e-06  1.95384232e-05  2.89995485e-07  1.95384232e-05  4.54354315e-11  1.95384232e-05  1.20000000e+00  1.95384232e-05  0.00000000e+00 
 1.96384232e-05  1.09937271e+00  1.96384232e-05  6.90204362e-01  1.96384232e-05  1.21377733e-06  1.96384232e-05  2.90108315e-07  1.96384232e-05  3.46676111e-11  1.96384232e-05  1.20000000e+00  1.96384232e-05  0.00000000e+00 
 1.97384232e-05  1.10200566e+00  1.97384232e-05  6.90205378e-01  1.97384232e-05  1.21378000e-06  1.97384232e-05  2.90344860e-07  1.97384232e-05  4.55104340e-11  1.97384232e-05  1.20000000e+00  1.97384232e-05  0.00000000e+00 
 1.98384232e-05  1.10464018e+00  1.98384232e-05  6.90205273e-01  1.98384232e-05  1.21377734e-06  1.98384232e-05  2.90467102e-07  1.98384232e-05  3.47900109e-11  1.98384232e-05  1.20000000e+00  1.98384232e-05  0.00000000e+00 
 1.99384232e-05  1.10727633e+00  1.99384232e-05  6.90206270e-01  1.99384232e-05  1.21378000e-06  1.99384232e-05  2.90713854e-07  1.99384232e-05  4.55864846e-11  1.99384232e-05  1.20000000e+00  1.99384232e-05  0.00000000e+00 
 2.00384232e-05  1.10991415e+00  2.00384232e-05  6.90206201e-01  2.00384232e-05  1.21377734e-06  2.00384232e-05  2.90847410e-07  2.00384232e-05  3.49112076e-11  2.00384232e-05  1.20000000e+00  2.00384232e-05  0.00000000e+00 
 2.01384232e-05  1.11255371e+00  2.01384232e-05  6.90207177e-01  2.01384232e-05  1.21377999e-06  2.01384232e-05  2.91106527e-07  2.01384232e-05  4.56635339e-11  2.01384232e-05  1.20000000e+00  2.01384232e-05  0.00000000e+00 
 2.02384232e-05  1.11519506e+00  2.02384232e-05  6.90207139e-01  2.02384232e-05  1.21377735e-06  2.02384232e-05  2.91253874e-07  2.02384232e-05  3.50312629e-11  2.02384232e-05  1.20000000e+00  2.02384232e-05  0.00000000e+00 
 2.03384232e-05  1.11783827e+00  2.03384232e-05  6.90208092e-01  2.03384232e-05  1.21377998e-06  2.03384232e-05  2.91528128e-07  2.03384232e-05  4.57415407e-11  2.03384232e-05  1.20000000e+00  2.03384232e-05  0.00000000e+00 
 2.04384232e-05  1.12048342e+00  2.04384232e-05  6.90208080e-01  2.04384232e-05  1.21377735e-06  2.04384232e-05  2.91692415e-07  2.04384232e-05  3.51502338e-11  2.04384232e-05  1.20000000e+00  2.04384232e-05  0.00000000e+00 
 2.05384232e-05  1.12313060e+00  2.05384232e-05  6.90209007e-01  2.05384232e-05  1.21377998e-06  2.05384232e-05  2.91985309e-07  2.05384232e-05  4.58204709e-11  2.05384232e-05  1.20000000e+00  2.05384232e-05  0.00000000e+00 
 2.06384232e-05  1.12577989e+00  2.06384232e-05  6.90209019e-01  2.06384232e-05  1.21377736e-06  2.06384232e-05  2.92170464e-07  2.06384232e-05  3.52681751e-11  2.06384232e-05  1.20000000e+00  2.06384232e-05  0.00000000e+00 
 2.07384232e-05  1.12843140e+00  2.07384232e-05  6.90209918e-01  2.07384232e-05  1.21377997e-06  2.07384232e-05  2.92486348e-07  2.07384232e-05  4.59002974e-11  2.07384232e-05  1.20000000e+00  2.07384232e-05  0.00000000e+00 
 2.08384232e-05  1.13108525e+00  2.08384232e-05  6.90209950e-01  2.08384232e-05  1.21377737e-06  2.08384232e-05  2.92697219e-07  2.08384232e-05  3.53851399e-11  2.08384232e-05  1.20000000e+00  2.08384232e-05  0.00000000e+00 
 2.09384232e-05  1.13374157e+00  2.09384232e-05  6.90210818e-01  2.09384232e-05  1.21377997e-06  2.09384232e-05  2.93041439e-07  2.09384232e-05  4.59810004e-11  2.09384232e-05  1.20000000e+00  2.09384232e-05  0.00000000e+00 
 2.10384232e-05  1.13640050e+00  2.10384232e-05  6.90210868e-01  2.10384232e-05  1.21377737e-06  2.10384232e-05  2.93283952e-07  2.10384232e-05  3.55011812e-11  2.10384232e-05  1.20000000e+00  2.10384232e-05  0.00000000e+00 
 2.11384232e-05  1.13906221e+00  2.11384232e-05  6.90211705e-01  2.11384232e-05  1.21377996e-06  2.11384232e-05  2.93663024e-07  2.11384232e-05  4.60625656e-11  2.11384232e-05  1.20000000e+00  2.11384232e-05  0.00000000e+00 
 2.12384232e-05  1.14172686e+00  2.12384232e-05  6.90211769e-01  2.12384232e-05  1.21377738e-06  2.12384232e-05  2.93944373e-07  2.12384232e-05  3.56163546e-11  2.12384232e-05  1.20000000e+00  2.12384232e-05  0.00000000e+00 
 2.13384232e-05  1.14439465e+00  2.13384232e-05  6.90212575e-01  2.13384232e-05  1.21377996e-06  2.13384232e-05  2.94366194e-07  2.13384232e-05  4.61449857e-11  2.13384232e-05  1.20000000e+00  2.13384232e-05  0.00000000e+00 
 2.14384232e-05  1.14706580e+00  2.14384232e-05  6.90212653e-01  2.14384232e-05  1.21377738e-06  2.14384232e-05  2.94695072e-07  2.14384232e-05  3.57307182e-11  2.14384232e-05  1.20000000e+00  2.14384232e-05  0.00000000e+00 
 2.15384232e-05  1.14974056e+00  2.15384232e-05  6.90213428e-01  2.15384232e-05  1.21377996e-06  2.15384232e-05  2.95169177e-07  2.15384232e-05  4.62282598e-11  2.15384232e-05  1.20000000e+00  2.15384232e-05  0.00000000e+00 
 2.16384232e-05  1.15241917e+00  2.16384232e-05  6.90213519e-01  2.16384232e-05  1.21377738e-06  2.16384232e-05  2.95556060e-07  2.16384232e-05  3.58443351e-11  2.16384232e-05  1.20000000e+00  2.16384232e-05  0.00000000e+00 
 2.17384232e-05  1.15510194e+00  2.17384232e-05  6.90214263e-01  2.17384232e-05  1.21377995e-06  2.17384232e-05  2.96093926e-07  2.17384232e-05  4.63123950e-11  2.17384232e-05  1.20000000e+00  2.17384232e-05  0.00000000e+00 
 2.18384232e-05  1.15778918e+00  2.18384232e-05  6.90214367e-01  2.18384232e-05  1.21377739e-06  2.18384232e-05  2.96551406e-07  2.18384232e-05  3.59572744e-11  2.18384232e-05  1.20000000e+00  2.18384232e-05  0.00000000e+00 
 2.19384232e-05  1.16048125e+00  2.19384232e-05  6.90215083e-01  2.19384232e-05  1.21377995e-06  2.19384232e-05  2.97166829e-07  2.19384232e-05  4.63974069e-11  2.19384232e-05  1.20000000e+00  2.19384232e-05  0.00000000e+00 
 2.20384232e-05  1.16317854e+00  2.20384232e-05  6.90215200e-01  2.20384232e-05  1.21377739e-06  2.20384232e-05  2.97710030e-07  2.20384232e-05  3.60696129e-11  2.20384232e-05  1.20000000e+00  2.20384232e-05  0.00000000e+00 
 2.21384232e-05  1.16588147e+00  2.21384232e-05  6.90215891e-01  2.21384232e-05  1.21377995e-06  2.21384232e-05  2.98419573e-07  2.21384232e-05  4.64833205e-11  2.21384232e-05  1.20000000e+00  2.21384232e-05  0.00000000e+00 
 2.22384232e-05  1.16859053e+00  2.22384232e-05  6.90216022e-01  2.22384232e-05  1.21377739e-06  2.22384232e-05  2.99066642e-07  2.22384232e-05  3.61814374e-11  2.22384232e-05  1.20000000e+00  2.22384232e-05  0.00000000e+00 
 2.23384232e-05  1.17130622e+00  2.23384232e-05  6.90216692e-01  2.23384232e-05  1.21377995e-06  2.23384232e-05  2.99890186e-07  2.23384232e-05  4.65701722e-11  2.23384232e-05  1.20000000e+00  2.23384232e-05  0.00000000e+00 
 2.24384232e-05  1.17402912e+00  2.24384232e-05  6.90216839e-01  2.24384232e-05  1.21377739e-06  2.24384232e-05  3.00662911e-07  2.24384232e-05  3.62928472e-11  2.24384232e-05  1.20000000e+00  2.24384232e-05  0.00000000e+00 
 2.25384232e-05  1.17675986e+00  2.25384232e-05  6.90217490e-01  2.25384232e-05  1.21377994e-06  2.25384232e-05  3.01624327e-07  2.25384232e-05  4.66580115e-11  2.25384232e-05  1.20000000e+00  2.25384232e-05  0.00000000e+00 
 2.26384232e-05  1.17949912e+00  2.26384232e-05  6.90217657e-01  2.26384232e-05  1.21377739e-06  2.26384232e-05  3.02548875e-07  2.26384232e-05  3.64039553e-11  2.26384232e-05  1.20000000e+00  2.26384232e-05  0.00000000e+00 
 2.27384232e-05  1.18224767e+00  2.27384232e-05  6.90218295e-01  2.27384232e-05  1.21377994e-06  2.27384232e-05  3.03676858e-07  2.27384232e-05  4.67469045e-11  2.27384232e-05  1.20000000e+00  2.27384232e-05  0.00000000e+00 
 2.28384232e-05  1.18500634e+00  2.28384232e-05  6.90218484e-01  2.28384232e-05  1.21377740e-06  2.28384232e-05  3.04784710e-07  2.28384232e-05  3.65148917e-11  2.28384232e-05  1.20000000e+00  2.28384232e-05  0.00000000e+00 
 2.29384232e-05  1.18777604e+00  2.29384232e-05  6.90219115e-01  2.29384232e-05  1.21377994e-06  2.29384232e-05  3.06113823e-07  2.29384232e-05  4.68369364e-11  2.29384232e-05  1.20000000e+00  2.29384232e-05  0.00000000e+00 
 2.30384232e-05  1.19055777e+00  2.30384232e-05  6.90219330e-01  2.30384232e-05  1.21377740e-06  2.30384232e-05  3.07442951e-07  2.30384232e-05  3.66258079e-11  2.30384232e-05  1.20000000e+00  2.30384232e-05  0.00000000e+00 
 2.31384232e-05  1.19335265e+00  2.31384232e-05  6.90219960e-01  2.31384232e-05  1.21377994e-06  2.31384232e-05  3.09014949e-07  2.31384232e-05  4.69282156e-11  2.31384232e-05  1.20000000e+00  2.31384232e-05  0.00000000e+00 
 2.32384232e-05  1.19616189e+00  2.32384232e-05  6.90220208e-01  2.32384232e-05  1.21377740e-06  2.32384232e-05  3.10611311e-07  2.32384232e-05  3.67368788e-11  2.32384232e-05  1.20000000e+00  2.32384232e-05  0.00000000e+00 
 2.33384232e-05  1.19898682e+00  2.33384232e-05  6.90220845e-01  2.33384232e-05  1.21377994e-06  2.33384232e-05  3.12476857e-07  2.33384232e-05  4.70208793e-11  2.33384232e-05  1.20000000e+00  2.33384232e-05  0.00000000e+00 
 2.34384232e-05  1.20182890e+00  2.34384232e-05  6.90221131e-01  2.34384232e-05  1.21377740e-06  2.34384232e-05  3.14396370e-07  2.34384232e-05  3.68483095e-11  2.34384232e-05  1.20000000e+00  2.34384232e-05  0.00000000e+00 
 2.35384232e-05  1.20468976e+00  2.35384232e-05  6.90221783e-01  2.35384232e-05  1.21377994e-06  2.35384232e-05  3.16617283e-07  2.35384232e-05  4.71150985e-11  2.35384232e-05  1.20000000e+00  2.35384232e-05  0.00000000e+00 
 2.36384232e-05  1.20757117e+00  2.36384232e-05  6.90222116e-01  2.36384232e-05  1.21377740e-06  2.36384232e-05  3.18928412e-07  2.36384232e-05  3.69603418e-11  2.36384232e-05  1.20000000e+00  2.36384232e-05  0.00000000e+00 
 2.37384232e-05  1.21047509e+00  2.37384232e-05  6.90222794e-01  2.37384232e-05  1.21377994e-06  2.37384232e-05  3.21580686e-07  2.37384232e-05  4.72110853e-11  2.37384232e-05  1.20000000e+00  2.37384232e-05  0.00000000e+00 
 2.38384232e-05  1.21340369e+00  2.38384232e-05  6.90223183e-01  2.38384232e-05  1.21377740e-06  2.38384232e-05  3.24367966e-07  2.38384232e-05  3.70732620e-11  2.38384232e-05  1.20000000e+00  2.38384232e-05  0.00000000e+00 
 2.39384232e-05  1.21635935e+00  2.39384232e-05  6.90223896e-01  2.39384232e-05  1.21377994e-06  2.39384232e-05  3.27545883e-07  2.39384232e-05  4.73091032e-11  2.39384232e-05  1.20000000e+00  2.39384232e-05  0.00000000e+00 
 2.40384232e-05  1.21934472e+00  2.40384232e-05  6.90224353e-01  2.40384232e-05  1.21377740e-06  2.40384232e-05  3.30914740e-07  2.40384232e-05  3.71874116e-11  2.40384232e-05  1.20000000e+00  2.40384232e-05  0.00000000e+00 
 2.41384232e-05  1.22236272e+00  2.41384232e-05  6.90225116e-01  2.41384232e-05  1.21377994e-06  2.41384232e-05  3.34736548e-07  2.41384232e-05  4.74094790e-11  2.41384232e-05  1.20000000e+00  2.41384232e-05  0.00000000e+00 
 2.42384232e-05  1.22541659e+00  2.42384232e-05  6.90225652e-01  2.42384232e-05  1.21377740e-06  2.42384232e-05  3.38820021e-07  2.42384232e-05  3.73032004e-11  2.42384232e-05  1.20000000e+00  2.42384232e-05  0.00000000e+00 
 2.43384232e-05  1.22850995e+00  2.43384232e-05  6.90226481e-01  2.43384232e-05  1.21377994e-06  2.43384232e-05  3.43435896e-07  2.43384232e-05  4.75126194e-11  2.43384232e-05  1.20000000e+00  2.43384232e-05  0.00000000e+00 
 2.44384232e-05  1.23164682e+00  2.44384232e-05  6.90227111e-01  2.44384232e-05  1.21377740e-06  2.44384232e-05  3.48404058e-07  2.44384232e-05  3.74211258e-11  2.44384232e-05  1.20000000e+00  2.44384232e-05  0.00000000e+00 
 2.45384232e-05  1.23483167e+00  2.45384232e-05  6.90228019e-01  2.45384232e-05  1.21377994e-06  2.45384232e-05  3.54007263e-07  2.45384232e-05  4.76190320e-11  2.45384232e-05  1.20000000e+00  2.45384232e-05  0.00000000e+00 
 2.46384232e-05  1.23806953e+00  2.46384232e-05  6.90228758e-01  2.46384232e-05  1.21377739e-06  2.46384232e-05  3.60080386e-07  2.46384232e-05  3.75417973e-11  2.46384232e-05  1.20000000e+00  2.46384232e-05  0.00000000e+00 
 2.47384232e-05  1.24136603e+00  2.47384232e-05  6.90229762e-01  2.47384232e-05  1.21377993e-06  2.47384232e-05  3.66922657e-07  2.47384232e-05  4.77293547e-11  2.47384232e-05  1.20000000e+00  2.47384232e-05  0.00000000e+00 
 2.48384232e-05  1.24472750e+00  2.48384232e-05  6.90230620e-01  2.48384232e-05  1.21377739e-06  2.48384232e-05  3.74388940e-07  2.48384232e-05  3.76659701e-11  2.48384232e-05  1.20000000e+00  2.48384232e-05  0.00000000e+00 
 2.49192166e-05  1.24749561e+00  2.49192166e-05  6.90231424e-01  2.49192166e-05  1.21377993e-06  2.49192166e-05  3.81167641e-07  2.49192166e-05  4.78320573e-11  2.49192166e-05  1.20000000e+00  2.49192166e-05  0.00000000e+00 
 2.50000100e-05  1.25031554e+00  2.50000100e-05  6.90232543e-01  2.50000100e-05  1.21377739e-06  2.50000100e-05  3.88513244e-07  2.50000100e-05  3.77709779e-11  2.50000100e-05  1.20000000e+00  2.50000100e-05  0.00000000e+00 
 2.50000110e-05  1.25030201e+00  2.50000110e-05  6.87722768e-01  2.50000110e-05  1.83959514e-06  2.50000110e-05 -5.61817750e-06  2.50000110e-05  1.76460710e-06  2.50000110e-05  1.08000000e+00  2.50000110e-05  0.00000000e+00 
 2.50000130e-05  1.25026996e+00  2.50000130e-05  6.82634339e-01  2.50000130e-05  1.90331196e-06  2.50000130e-05 -3.93851754e-06  2.50000130e-05  1.98661876e-06  2.50000130e-05  8.40000000e-01  2.50000130e-05  0.00000000e+00 
 2.50000165e-05  1.25020182e+00  2.50000165e-05  6.76285427e-01  2.50000165e-05  1.49280542e-06  2.50000165e-05  3.05260147e-06  2.50000165e-05  7.10219989e-07  2.50000165e-05  4.20000000e-01  2.50000165e-05  0.00000000e+00 
 2.50000200e-05  1.25013421e+00  2.50000200e-05  6.73251793e-01  2.50000200e-05  1.42226280e-06  2.50000200e-05  1.01336640e-06  2.50000200e-05  5.33296314e-07  2.50000200e-05  0.00000000e+00  2.50000200e-05  0.00000000e+00 
 2.50000206e-05  1.25013198e+00  2.50000206e-05  6.73651623e-01  2.50000206e-05  1.09277697e-06  2.50000206e-05  7.04273036e-07  2.50000206e-05 -4.05731399e-07  2.50000206e-05  0.00000000e+00  2.50000206e-05  0.00000000e+00 
 2.50000219e-05  1.25012900e+00  2.50000219e-05  6.74433115e-01  2.50000219e-05  1.06714962e-06  2.50000219e-05  8.91763151e-07  2.50000219e-05 -5.27996241e-07  2.50000219e-05  0.00000000e+00  2.50000219e-05  0.00000000e+00 
 2.50000245e-05  1.25012473e+00  2.50000245e-05  6.75756176e-01  2.50000245e-05  1.13220919e-06  2.50000245e-05  9.98124485e-07  2.50000245e-05 -2.73283860e-07  2.50000245e-05  0.00000000e+00  2.50000245e-05  0.00000000e+00 
 2.50000297e-05  1.25012014e+00  2.50000297e-05  6.78005583e-01  2.50000297e-05  1.10200515e-06  2.50000297e-05  1.49780135e-06  2.50000297e-05 -3.81753770e-07  2.50000297e-05  0.00000000e+00  2.50000297e-05  0.00000000e+00 
 2.50000400e-05  1.25012353e+00  2.50000400e-05  6.82913428e-01  2.50000400e-05  1.09876391e-06  2.50000400e-05  2.27405185e-06  2.50000400e-05 -3.17194023e-07  2.50000400e-05  0.00000000e+00  2.50000400e-05  0.00000000e+00 
 2.50000607e-05  1.25016077e+00  2.50000607e-05  6.91410155e-01  2.50000607e-05  1.11499078e-06  2.50000607e-05  9.88571319e-07  2.50000607e-05 -2.77749528e-07  2.50000607e-05  0.00000000e+00  2.50000607e-05  0.00000000e+00 
 2.50001021e-05  1.25028493e+00  2.50001021e-05  7.02243469e-01  2.50001021e-05  1.15485140e-06  2.50001021e-05 -5.98893232e-07  2.50001021e-05 -9.96199930e-08  2.50001021e-05  0.00000000e+00  2.50001021e-05  0.00000000e+00 
 2.50001684e-05  1.25049794e+00  2.50001684e-05  7.13227808e-01  2.50001684e-05  1.15579880e-06  2.50001684e-05 -1.96741338e-06  2.50001684e-05 -1.35656716e-07  2.50001684e-05  0.00000000e+00  2.50001684e-05  0.00000000e+00 
 2.50002733e-05  1.25068403e+00  2.50002733e-05  7.25285753e-01  2.50002733e-05  1.18697268e-06  2.50002733e-05 -2.59647167e-06  2.50002733e-05 -1.85284445e-08  2.50002733e-05  0.00000000e+00  2.50002733e-05  0.00000000e+00 
 2.50004207e-05  1.25070401e+00  2.50004207e-05  7.19628587e-01  2.50004207e-05  1.25808371e-06  2.50004207e-05 -1.20354111e-06  2.50004207e-05  9.22085573e-08  2.50004207e-05  0.00000000e+00  2.50004207e-05  0.00000000e+00 
 2.50005742e-05  1.25070010e+00  2.50005742e-05  7.13196067e-01  2.50005742e-05  1.20635727e-06  2.50005742e-05 -1.71952284e-07  2.50005742e-05 -1.60017692e-08  2.50005742e-05  0.00000000e+00  2.50005742e-05  0.00000000e+00 
 2.50007490e-05  1.25069886e+00  2.50007490e-05  7.07933629e-01  2.50007490e-05  1.24761329e-06  2.50007490e-05 -1.16970908e-06  2.50007490e-05  6.96873423e-08  2.50007490e-05  0.00000000e+00  2.50007490e-05  0.00000000e+00 
 2.50010236e-05  1.25069704e+00  2.50010236e-05  7.02475660e-01  2.50010236e-05  1.19713267e-06  2.50010236e-05  1.98022314e-07  2.50010236e-05 -3.54136832e-08  2.50010236e-05  0.00000000e+00  2.50010236e-05  0.00000000e+00 
 2.50015726e-05  1.25069495e+00  2.50015726e-05  6.96595693e-01  2.50015726e-05  1.23899097e-06  2.50015726e-05 -8.48431766e-07  2.50015726e-05  5.24158468e-08  2.50015726e-05  0.00000000e+00  2.50015726e-05  0.00000000e+00 
 2.50026708e-05  1.25069080e+00  2.50026708e-05  6.92960426e-01  2.50026708e-05  1.19063341e-06  2.50026708e-05  5.25343715e-07  2.50026708e-05 -4.88417916e-08  2.50026708e-05  0.00000000e+00  2.50026708e-05  0.00000000e+00 
 2.50048670e-05  1.25068154e+00  2.50048670e-05  6.91790845e-01  2.50048670e-05  1.23686776e-06  2.50048670e-05 -6.27857277e-07  2.50048670e-05  4.80716050e-08  2.50048670e-05  0.00000000e+00  2.50048670e-05  0.00000000e+00 
 2.50092596e-05  1.25066474e+00  2.50092596e-05  6.91091182e-01  2.50092596e-05  1.19060395e-06  2.50092596e-05  6.20137963e-07  2.50092596e-05 -4.85195589e-08  2.50092596e-05  0.00000000e+00  2.50092596e-05  0.00000000e+00 
 2.50180446e-05  1.25064007e+00  2.50180446e-05  6.90305454e-01  2.50180446e-05  1.23691329e-06  2.50180446e-05 -6.16680122e-07  2.50180446e-05  4.85359401e-08  2.50180446e-05  0.00000000e+00  2.50180446e-05  0.00000000e+00 
 2.50356148e-05  1.25061100e+00  2.50356148e-05  6.90231551e-01  2.50356148e-05  1.19061663e-06  2.50356148e-05  6.16708650e-07  2.50356148e-05 -4.84705087e-08  2.50356148e-05  0.00000000e+00  2.50356148e-05  0.00000000e+00 
 2.50707551e-05  1.25059101e+00  2.50707551e-05  6.90140273e-01  2.50707551e-05  1.23694241e-06  2.50707551e-05 -6.16616639e-07  2.50707551e-05  4.85620793e-08  2.50707551e-05  0.00000000e+00  2.50707551e-05  0.00000000e+00 
 2.51410357e-05  1.25058702e+00  2.51410357e-05  6.90237030e-01  2.51410357e-05  1.19061418e-06  2.51410357e-05  6.16585111e-07  2.51410357e-05 -4.84792145e-08  2.51410357e-05  0.00000000e+00  2.51410357e-05  0.00000000e+00 
 2.52410357e-05  1.25058757e+00  2.52410357e-05  6.90138486e-01  2.52410357e-05  1.23694380e-06  2.52410357e-05 -6.16555885e-07  2.52410357e-05  4.85667945e-08  2.52410357e-05  0.00000000e+00  2.52410357e-05  0.00000000e+00 
 2.53410357e-05  1.25058670e+00  2.53410357e-05  6.90237999e-01  2.53410357e-05  1.19061303e-06  2.53410357e-05  6.16538835e-07  2.53410357e-05 -4.84830244e-08  2.53410357e-05  0.00000000e+00  2.53410357e-05  0.00000000e+00 
 2.54410357e-05  1.25058650e+00  2.54410357e-05  6.90137866e-01  2.54410357e-05  1.23694495e-06  2.54410357e-05 -6.16512574e-07  2.54410357e-05  4.85705474e-08  2.54410357e-05  0.00000000e+00  2.54410357e-05  0.00000000e+00 
 2.55410357e-05  1.25058591e+00  2.55410357e-05  6.90238313e-01  2.55410357e-05  1.19061187e-06  2.55410357e-05  6.16498463e-07  2.55410357e-05 -4.84867271e-08  2.55410357e-05  0.00000000e+00  2.55410357e-05  0.00000000e+00 
 2.56410357e-05  1.25058560e+00  2.56410357e-05  6.90137792e-01  2.56410357e-05  1.23694611e-06  2.56410357e-05 -6.16475063e-07  2.56410357e-05  4.85742050e-08  2.56410357e-05  0.00000000e+00  2.56410357e-05  0.00000000e+00 
 2.57410357e-05  1.25058506e+00  2.57410357e-05  6.90238189e-01  2.57410357e-05  1.19061071e-06  2.57410357e-05  6.16463737e-07  2.57410357e-05 -4.84903437e-08  2.57410357e-05  0.00000000e+00  2.57410357e-05  0.00000000e+00 
 2.58410357e-05  1.25058473e+00  2.58410357e-05  6.90138071e-01  2.58410357e-05  1.23694726e-06  2.58410357e-05 -6.16443030e-07  2.58410357e-05  4.85777836e-08  2.58410357e-05  0.00000000e+00  2.58410357e-05  0.00000000e+00 
 2.59410357e-05  1.25058420e+00  2.59410357e-05  6.90237790e-01  2.59410357e-05  1.19060957e-06  2.59410357e-05  6.16434303e-07  2.59410357e-05 -4.84938867e-08  2.59410357e-05  0.00000000e+00  2.59410357e-05  0.00000000e+00 
 2.60410357e-05  1.25058386e+00  2.60410357e-05  6.90138567e-01  2.60410357e-05  1.23694840e-06  2.60410357e-05 -6.16416090e-07  2.60410357e-05  4.85812927e-08  2.60410357e-05  0.00000000e+00  2.60410357e-05  0.00000000e+00 
 2.61410357e-05  1.25058333e+00  2.61410357e-05  6.90237228e-01  2.61410357e-05  1.19060844e-06  2.61410357e-05  6.16409753e-07  2.61410357e-05 -4.84973633e-08  2.61410357e-05  0.00000000e+00  2.61410357e-05  0.00000000e+00 
 2.62410357e-05  1.25058300e+00  2.62410357e-05  6.90139187e-01  2.62410357e-05  1.23694953e-06  2.62410357e-05 -6.16393823e-07  2.62410357e-05  4.85847379e-08  2.62410357e-05  0.00000000e+00  2.62410357e-05  0.00000000e+00 
 2.63410357e-05  1.25058247e+00  2.63410357e-05  6.90236573e-01  2.63410357e-05  1.19060732e-06  2.63410357e-05  6.16389662e-07  2.63410357e-05 -4.85007779e-08  2.63410357e-05  0.00000000e+00  2.63410357e-05  0.00000000e+00 
 2.64410357e-05  1.25058213e+00  2.64410357e-05  6.90139875e-01  2.64410357e-05  1.23695063e-06  2.64410357e-05 -6.16375800e-07  2.64410357e-05  4.85881225e-08  2.64410357e-05  0.00000000e+00  2.64410357e-05  0.00000000e+00 
 2.65410357e-05  1.25058161e+00  2.65410357e-05  6.90235873e-01  2.65410357e-05  1.19060623e-06  2.65410357e-05  6.16373605e-07  2.65410357e-05 -4.85041330e-08  2.65410357e-05  0.00000000e+00  2.65410357e-05  0.00000000e+00 
 2.66410357e-05  1.25058126e+00  2.66410357e-05  6.90140592e-01  2.66410357e-05  1.23695171e-06  2.66410357e-05 -6.16361607e-07  2.66410357e-05  4.85914486e-08  2.66410357e-05  0.00000000e+00  2.66410357e-05  0.00000000e+00 
 2.67410357e-05  1.25058074e+00  2.67410357e-05  6.90235156e-01  2.67410357e-05  1.19060517e-06  2.67410357e-05  6.16361178e-07  2.67410357e-05 -4.85074306e-08  2.67410357e-05  0.00000000e+00  2.67410357e-05  0.00000000e+00 
 2.68410357e-05  1.25058039e+00  2.68410357e-05  6.90141314e-01  2.68410357e-05  1.23695277e-06  2.68410357e-05 -6.16350852e-07  2.68410357e-05  4.85947179e-08  2.68410357e-05  0.00000000e+00  2.68410357e-05  0.00000000e+00 
 2.69410357e-05  1.25057988e+00  2.69410357e-05  6.90234443e-01  2.69410357e-05  1.19060412e-06  2.69410357e-05  6.16352006e-07  2.69410357e-05 -4.85106720e-08  2.69410357e-05  0.00000000e+00  2.69410357e-05  0.00000000e+00 
 2.70410357e-05  1.25057953e+00  2.70410357e-05  6.90142028e-01  2.70410357e-05  1.23695380e-06  2.70410357e-05 -6.16343174e-07  2.70410357e-05  4.85979319e-08  2.70410357e-05  0.00000000e+00  2.70410357e-05  0.00000000e+00 
 2.71410357e-05  1.25057901e+00  2.71410357e-05  6.90233744e-01  2.71410357e-05  1.19060310e-06  2.71410357e-05  6.16345739e-07  2.71410357e-05 -4.85138589e-08  2.71410357e-05  0.00000000e+00  2.71410357e-05  0.00000000e+00 
 2.72410357e-05  1.25057866e+00  2.72410357e-05  6.90142722e-01  2.72410357e-05  1.23695481e-06  2.72410357e-05 -6.16338240e-07  2.72410357e-05  4.86010919e-08  2.72410357e-05  0.00000000e+00  2.72410357e-05  0.00000000e+00 
 2.73410357e-05  1.25057815e+00  2.73410357e-05  6.90233066e-01  2.73410357e-05  1.19060210e-06  2.73410357e-05  6.16342063e-07  2.73410357e-05 -4.85169925e-08  2.73410357e-05  0.00000000e+00  2.73410357e-05  0.00000000e+00 
 2.74410357e-05  1.25057779e+00  2.74410357e-05  6.90143393e-01  2.74410357e-05  1.23695580e-06  2.74410357e-05 -6.16335750e-07  2.74410357e-05  4.86041995e-08  2.74410357e-05  0.00000000e+00  2.74410357e-05  0.00000000e+00 
 2.75410357e-05  1.25057728e+00  2.75410357e-05  6.90232415e-01  2.75410357e-05  1.19060112e-06  2.75410357e-05  6.16340693e-07  2.75410357e-05 -4.85200745e-08  2.75410357e-05  0.00000000e+00  2.75410357e-05  0.00000000e+00 
 2.76410357e-05  1.25057692e+00  2.76410357e-05  6.90144035e-01  2.76410357e-05  1.23695677e-06  2.76410357e-05 -6.16335434e-07  2.76410357e-05  4.86072563e-08  2.76410357e-05  0.00000000e+00  2.76410357e-05  0.00000000e+00 
 2.77410357e-05  1.25057642e+00  2.77410357e-05  6.90231792e-01  2.77410357e-05  1.19060016e-06  2.77410357e-05  6.16341371e-07  2.77410357e-05 -4.85231066e-08  2.77410357e-05  0.00000000e+00  2.77410357e-05  0.00000000e+00 
 2.78410357e-05  1.25057606e+00  2.78410357e-05  6.90144649e-01  2.78410357e-05  1.23695772e-06  2.78410357e-05 -6.16337048e-07  2.78410357e-05  4.86102641e-08  2.78410357e-05  0.00000000e+00  2.78410357e-05  0.00000000e+00 
 2.79410357e-05  1.25057556e+00  2.79410357e-05  6.90231199e-01  2.79410357e-05  1.19059922e-06  2.79410357e-05  6.16343867e-07  2.79410357e-05 -4.85260906e-08  2.79410357e-05  0.00000000e+00  2.79410357e-05  0.00000000e+00 
 2.80410357e-05  1.25057519e+00  2.80410357e-05  6.90145232e-01  2.80410357e-05  1.23695864e-06  2.80410357e-05 -6.16340374e-07  2.80410357e-05  4.86132247e-08  2.80410357e-05  0.00000000e+00  2.80410357e-05  0.00000000e+00 
 2.81410357e-05  1.25057469e+00  2.81410357e-05  6.90230636e-01  2.81410357e-05  1.19059831e-06  2.81410357e-05  6.16347976e-07  2.81410357e-05 -4.85290282e-08  2.81410357e-05  0.00000000e+00  2.81410357e-05  0.00000000e+00 
 2.82410357e-05  1.25057432e+00  2.82410357e-05  6.90145785e-01  2.82410357e-05  1.23695955e-06  2.82410357e-05 -6.16345220e-07  2.82410357e-05  4.86161399e-08  2.82410357e-05  0.00000000e+00  2.82410357e-05  0.00000000e+00 
 2.83410357e-05  1.25057383e+00  2.83410357e-05  6.90230102e-01  2.83410357e-05  1.19059741e-06  2.83410357e-05  6.16353515e-07  2.83410357e-05 -4.85319215e-08  2.83410357e-05  0.00000000e+00  2.83410357e-05  0.00000000e+00 
 2.84410357e-05  1.25057346e+00  2.84410357e-05  6.90146308e-01  2.84410357e-05  1.23696045e-06  2.84410357e-05 -6.16351410e-07  2.84410357e-05  4.86190117e-08  2.84410357e-05  0.00000000e+00  2.84410357e-05  0.00000000e+00 
 2.85410357e-05  1.25057296e+00  2.85410357e-05  6.90229598e-01  2.85410357e-05  1.19059652e-06  2.85410357e-05  6.16360319e-07  2.85410357e-05 -4.85347724e-08  2.85410357e-05  0.00000000e+00  2.85410357e-05  0.00000000e+00 
 2.86410357e-05  1.25057259e+00  2.86410357e-05  6.90146801e-01  2.86410357e-05  1.23696133e-06  2.86410357e-05 -6.16358790e-07  2.86410357e-05  4.86218421e-08  2.86410357e-05  0.00000000e+00  2.86410357e-05  0.00000000e+00 
 2.87410357e-05  1.25057210e+00  2.87410357e-05  6.90229123e-01  2.87410357e-05  1.19059565e-06  2.87410357e-05  6.16368242e-07  2.87410357e-05 -4.85375829e-08  2.87410357e-05  0.00000000e+00  2.87410357e-05  0.00000000e+00 
 2.88410357e-05  1.25057172e+00  2.88410357e-05  6.90147267e-01  2.88410357e-05  1.23696219e-06  2.88410357e-05 -6.16367223e-07  2.88410357e-05  4.86246330e-08  2.88410357e-05  0.00000000e+00  2.88410357e-05  0.00000000e+00 
 2.89410357e-05  1.25057123e+00  2.89410357e-05  6.90228675e-01  2.89410357e-05  1.19059480e-06  2.89410357e-05  6.16377154e-07  2.89410357e-05 -4.85403548e-08  2.89410357e-05  0.00000000e+00  2.89410357e-05  0.00000000e+00 
 2.90410357e-05  1.25057086e+00  2.90410357e-05  6.90147705e-01  2.90410357e-05  1.23696303e-06  2.90410357e-05 -6.16376585e-07  2.90410357e-05  4.86273864e-08  2.90410357e-05  0.00000000e+00  2.90410357e-05  0.00000000e+00 
 2.91410357e-05  1.25057037e+00  2.91410357e-05  6.90228253e-01  2.91410357e-05  1.19059396e-06  2.91410357e-05  6.16386941e-07  2.91410357e-05 -4.85430902e-08  2.91410357e-05  0.00000000e+00  2.91410357e-05  0.00000000e+00 
 2.92410357e-05  1.25056999e+00  2.92410357e-05  6.90148117e-01  2.92410357e-05  1.23696387e-06  2.92410357e-05 -6.16386769e-07  2.92410357e-05  4.86301043e-08  2.92410357e-05  0.00000000e+00  2.92410357e-05  0.00000000e+00 
 2.93410357e-05  1.25056950e+00  2.93410357e-05  6.90227857e-01  2.93410357e-05  1.19059313e-06  2.93410357e-05  6.16397498e-07  2.93410357e-05 -4.85457910e-08  2.93410357e-05  0.00000000e+00  2.93410357e-05  0.00000000e+00 
 2.94410357e-05  1.25056912e+00  2.94410357e-05  6.90148504e-01  2.94410357e-05  1.23696469e-06  2.94410357e-05 -6.16397676e-07  2.94410357e-05  4.86327884e-08  2.94410357e-05  0.00000000e+00  2.94410357e-05  0.00000000e+00 
 2.95410357e-05  1.25056864e+00  2.95410357e-05  6.90227486e-01  2.95410357e-05  1.19059232e-06  2.95410357e-05  6.16408734e-07  2.95410357e-05 -4.85484590e-08  2.95410357e-05  0.00000000e+00  2.95410357e-05  0.00000000e+00 
 2.96410357e-05  1.25056826e+00  2.96410357e-05  6.90148867e-01  2.96410357e-05  1.23696550e-06  2.96410357e-05 -6.16409220e-07  2.96410357e-05  4.86354406e-08  2.96410357e-05  0.00000000e+00  2.96410357e-05  0.00000000e+00 
 2.97410357e-05  1.25056777e+00  2.97410357e-05  6.90227137e-01  2.97410357e-05  1.19059151e-06  2.97410357e-05  6.16420567e-07  2.97410357e-05 -4.85510960e-08  2.97410357e-05  0.00000000e+00  2.97410357e-05  0.00000000e+00 
 2.98410357e-05  1.25056739e+00  2.98410357e-05  6.90149207e-01  2.98410357e-05  1.23696630e-06  2.98410357e-05 -6.16421324e-07  2.98410357e-05  4.86380628e-08  2.98410357e-05  0.00000000e+00  2.98410357e-05  0.00000000e+00 
 2.99410357e-05  1.25056691e+00  2.99410357e-05  6.90226810e-01  2.99410357e-05  1.19059072e-06  2.99410357e-05  6.16432926e-07  2.99410357e-05 -4.85537038e-08  2.99410357e-05  0.00000000e+00  2.99410357e-05  0.00000000e+00 
 3.00410357e-05  1.25056653e+00  3.00410357e-05  6.90149525e-01  3.00410357e-05  1.23696709e-06  3.00410357e-05 -6.16433920e-07  3.00410357e-05  4.86406566e-08  3.00410357e-05  0.00000000e+00  3.00410357e-05  0.00000000e+00 
 3.01410357e-05  1.25056604e+00  3.01410357e-05  6.90226505e-01  3.01410357e-05  1.19058993e-06  3.01410357e-05  6.16445745e-07  3.01410357e-05 -4.85562840e-08  3.01410357e-05  0.00000000e+00  3.01410357e-05  0.00000000e+00 
 3.02410357e-05  1.25056566e+00  3.02410357e-05  6.90149823e-01  3.02410357e-05  1.23696787e-06  3.02410357e-05 -6.16446947e-07  3.02410357e-05  4.86432237e-08  3.02410357e-05  0.00000000e+00  3.02410357e-05  0.00000000e+00 
 3.03410357e-05  1.25056518e+00  3.03410357e-05  6.90226219e-01  3.03410357e-05  1.19058916e-06  3.03410357e-05  6.16458966e-07  3.03410357e-05 -4.85588384e-08  3.03410357e-05  0.00000000e+00  3.03410357e-05  0.00000000e+00 
 3.04410357e-05  1.25056479e+00  3.04410357e-05  6.90150101e-01  3.04410357e-05  1.23696864e-06  3.04410357e-05 -6.16460350e-07  3.04410357e-05  4.86457656e-08  3.04410357e-05  0.00000000e+00  3.04410357e-05  0.00000000e+00 
 3.05410357e-05  1.25056431e+00  3.05410357e-05  6.90225952e-01  3.05410357e-05  1.19058839e-06  3.05410357e-05  6.16472540e-07  3.05410357e-05 -4.85613683e-08  3.05410357e-05  0.00000000e+00  3.05410357e-05  0.00000000e+00 
 3.06410357e-05  1.25056393e+00  3.06410357e-05  6.90150361e-01  3.06410357e-05  1.23696940e-06  3.06410357e-05 -6.16474081e-07  3.06410357e-05  4.86482839e-08  3.06410357e-05  0.00000000e+00  3.06410357e-05  0.00000000e+00 
 3.07410357e-05  1.25056344e+00  3.07410357e-05  6.90225703e-01  3.07410357e-05  1.19058763e-06  3.07410357e-05  6.16486419e-07  3.07410357e-05 -4.85638754e-08  3.07410357e-05  0.00000000e+00  3.07410357e-05  0.00000000e+00 
 3.08410357e-05  1.25056306e+00  3.08410357e-05  6.90150604e-01  3.08410357e-05  1.23697015e-06  3.08410357e-05 -6.16488098e-07  3.08410357e-05  4.86507800e-08  3.08410357e-05  0.00000000e+00  3.08410357e-05  0.00000000e+00 
 3.09410357e-05  1.25056258e+00  3.09410357e-05  6.90225470e-01  3.09410357e-05  1.19058688e-06  3.09410357e-05  6.16500564e-07  3.09410357e-05 -4.85663609e-08  3.09410357e-05  0.00000000e+00  3.09410357e-05  0.00000000e+00 
 3.10410357e-05  1.25056219e+00  3.10410357e-05  6.90150830e-01  3.10410357e-05  1.23697090e-06  3.10410357e-05 -6.16502361e-07  3.10410357e-05  4.86532552e-08  3.10410357e-05  0.00000000e+00  3.10410357e-05  0.00000000e+00 
 3.11410357e-05  1.25056171e+00  3.11410357e-05  6.90225253e-01  3.11410357e-05  1.19058614e-06  3.11410357e-05  6.16514938e-07  3.11410357e-05 -4.85688263e-08  3.11410357e-05  0.00000000e+00  3.11410357e-05  0.00000000e+00 
 3.12410357e-05  1.25056133e+00  3.12410357e-05  6.90151041e-01  3.12410357e-05  1.23697164e-06  3.12410357e-05 -6.16516837e-07  3.12410357e-05  4.86557110e-08  3.12410357e-05  0.00000000e+00  3.12410357e-05  0.00000000e+00 
 3.13410357e-05  1.25056085e+00  3.13410357e-05  6.90225051e-01  3.13410357e-05  1.19058540e-06  3.13410357e-05  6.16529509e-07  3.13410357e-05 -4.85712728e-08  3.13410357e-05  0.00000000e+00  3.13410357e-05  0.00000000e+00 
 3.14410357e-05  1.25056046e+00  3.14410357e-05  6.90151237e-01  3.14410357e-05  1.23697238e-06  3.14410357e-05 -6.16531496e-07  3.14410357e-05  4.86581485e-08  3.14410357e-05  0.00000000e+00  3.14410357e-05  0.00000000e+00 
 3.15410357e-05  1.25055998e+00  3.15410357e-05  6.90224863e-01  3.15410357e-05  1.19058467e-06  3.15410357e-05  6.16544249e-07  3.15410357e-05 -4.85737016e-08  3.15410357e-05  0.00000000e+00  3.15410357e-05  0.00000000e+00 
 3.16410357e-05  1.25055959e+00  3.16410357e-05  6.90151420e-01  3.16410357e-05  1.23697310e-06  3.16410357e-05 -6.16546310e-07  3.16410357e-05  4.86605688e-08  3.16410357e-05  0.00000000e+00  3.16410357e-05  0.00000000e+00 
 3.17410357e-05  1.25055912e+00  3.17410357e-05  6.90224689e-01  3.17410357e-05  1.19058394e-06  3.17410357e-05  6.16559132e-07  3.17410357e-05 -4.85761138e-08  3.17410357e-05  0.00000000e+00  3.17410357e-05  0.00000000e+00 
 3.18410357e-05  1.25055873e+00  3.18410357e-05  6.90151589e-01  3.18410357e-05  1.23697383e-06  3.18410357e-05 -6.16561255e-07  3.18410357e-05  4.86629732e-08  3.18410357e-05  0.00000000e+00  3.18410357e-05  0.00000000e+00 
 3.19410357e-05  1.25055825e+00  3.19410357e-05  6.90224526e-01  3.19410357e-05  1.19058322e-06  3.19410357e-05  6.16574135e-07  3.19410357e-05 -4.85785106e-08  3.19410357e-05  0.00000000e+00  3.19410357e-05  0.00000000e+00 
 3.20410357e-05  1.25055786e+00  3.20410357e-05  6.90151747e-01  3.20410357e-05  1.23697455e-06  3.20410357e-05 -6.16576310e-07  3.20410357e-05  4.86653626e-08  3.20410357e-05  0.00000000e+00  3.20410357e-05  0.00000000e+00 
 3.21410357e-05  1.25055739e+00  3.21410357e-05  6.90224375e-01  3.21410357e-05  1.19058251e-06  3.21410357e-05  6.16589237e-07  3.21410357e-05 -4.85808930e-08  3.21410357e-05  0.00000000e+00  3.21410357e-05  0.00000000e+00 
 3.22410357e-05  1.25055700e+00  3.22410357e-05  6.90151893e-01  3.22410357e-05  1.23697526e-06  3.22410357e-05 -6.16591455e-07  3.22410357e-05  4.86677380e-08  3.22410357e-05  0.00000000e+00  3.22410357e-05  0.00000000e+00 
 3.23410357e-05  1.25055652e+00  3.23410357e-05  6.90224235e-01  3.23410357e-05  1.19058180e-06  3.23410357e-05  6.16604422e-07  3.23410357e-05 -4.85832618e-08  3.23410357e-05  0.00000000e+00  3.23410357e-05  0.00000000e+00 
 3.24410357e-05  1.25055613e+00  3.24410357e-05  6.90152028e-01  3.24410357e-05  1.23697597e-06  3.24410357e-05 -6.16606674e-07  3.24410357e-05  4.86701004e-08  3.24410357e-05  0.00000000e+00  3.24410357e-05  0.00000000e+00 
 3.25410357e-05  1.25055566e+00  3.25410357e-05  6.90224106e-01  3.25410357e-05  1.19058109e-06  3.25410357e-05  6.16619672e-07  3.25410357e-05 -4.85856180e-08  3.25410357e-05  0.00000000e+00  3.25410357e-05  0.00000000e+00 
 3.26410357e-05  1.25055526e+00  3.26410357e-05  6.90152154e-01  3.26410357e-05  1.23697668e-06  3.26410357e-05 -6.16621951e-07  3.26410357e-05  4.86724507e-08  3.26410357e-05  0.00000000e+00  3.26410357e-05  0.00000000e+00 
 3.27410357e-05  1.25055479e+00  3.27410357e-05  6.90223985e-01  3.27410357e-05  1.19058038e-06  3.27410357e-05  6.16634972e-07  3.27410357e-05 -4.85879625e-08  3.27410357e-05  0.00000000e+00  3.27410357e-05  0.00000000e+00 
 3.28410357e-05  1.25055440e+00  3.28410357e-05  6.90152270e-01  3.28410357e-05  1.23697738e-06  3.28410357e-05 -6.16637272e-07  3.28410357e-05  4.86747896e-08  3.28410357e-05  0.00000000e+00  3.28410357e-05  0.00000000e+00 
 3.29410357e-05  1.25055393e+00  3.29410357e-05  6.90223874e-01  3.29410357e-05  1.19057968e-06  3.29410357e-05  6.16650311e-07  3.29410357e-05 -4.85902961e-08  3.29410357e-05  0.00000000e+00  3.29410357e-05  0.00000000e+00 
 3.30410357e-05  1.25055353e+00  3.30410357e-05  6.90152378e-01  3.30410357e-05  1.23697808e-06  3.30410357e-05 -6.16652625e-07  3.30410357e-05  4.86771179e-08  3.30410357e-05  0.00000000e+00  3.30410357e-05  0.00000000e+00 
 3.31410357e-05  1.25055306e+00  3.31410357e-05  6.90223771e-01  3.31410357e-05  1.19057899e-06  3.31410357e-05  6.16665677e-07  3.31410357e-05 -4.85926195e-08  3.31410357e-05  0.00000000e+00  3.31410357e-05  0.00000000e+00 
 3.32410357e-05  1.25055267e+00  3.32410357e-05  6.90152477e-01  3.32410357e-05  1.23697877e-06  3.32410357e-05 -6.16668000e-07  3.32410357e-05  4.86794364e-08  3.32410357e-05  0.00000000e+00  3.32410357e-05  0.00000000e+00 
 3.33410357e-05  1.25055219e+00  3.33410357e-05  6.90223676e-01  3.33410357e-05  1.19057829e-06  3.33410357e-05  6.16681059e-07  3.33410357e-05 -4.85949334e-08  3.33410357e-05  0.00000000e+00  3.33410357e-05  0.00000000e+00 
 3.34410357e-05  1.25055180e+00  3.34410357e-05  6.90152569e-01  3.34410357e-05  1.23697947e-06  3.34410357e-05 -6.16683386e-07  3.34410357e-05  4.86817458e-08  3.34410357e-05  0.00000000e+00  3.34410357e-05  0.00000000e+00 
 3.35410357e-05  1.25055133e+00  3.35410357e-05  6.90223588e-01  3.35410357e-05  1.19057760e-06  3.35410357e-05  6.16696448e-07  3.35410357e-05 -4.85972384e-08  3.35410357e-05  0.00000000e+00  3.35410357e-05  0.00000000e+00 
 3.36410357e-05  1.25055093e+00  3.36410357e-05  6.90152654e-01  3.36410357e-05  1.23698016e-06  3.36410357e-05 -6.16698775e-07  3.36410357e-05  4.86840467e-08  3.36410357e-05  0.00000000e+00  3.36410357e-05  0.00000000e+00 
 3.37410357e-05  1.25055046e+00  3.37410357e-05  6.90223507e-01  3.37410357e-05  1.19057691e-06  3.37410357e-05  6.16711836e-07  3.37410357e-05 -4.85995353e-08  3.37410357e-05  0.00000000e+00  3.37410357e-05  0.00000000e+00 
 3.38410357e-05  1.25055007e+00  3.38410357e-05  6.90152732e-01  3.38410357e-05  1.23698085e-06  3.38410357e-05 -6.16714159e-07  3.38410357e-05  4.86863396e-08  3.38410357e-05  0.00000000e+00  3.38410357e-05  0.00000000e+00 
 3.39410357e-05  1.25054960e+00  3.39410357e-05  6.90223432e-01  3.39410357e-05  1.19057622e-06  3.39410357e-05  6.16727215e-07  3.39410357e-05 -4.86018245e-08  3.39410357e-05  0.00000000e+00  3.39410357e-05  0.00000000e+00 
 3.40410357e-05  1.25054920e+00  3.40410357e-05  6.90152804e-01  3.40410357e-05  1.23698153e-06  3.40410357e-05 -6.16729532e-07  3.40410357e-05  4.86886252e-08  3.40410357e-05  0.00000000e+00  3.40410357e-05  0.00000000e+00 
 3.41410357e-05  1.25054873e+00  3.41410357e-05  6.90223363e-01  3.41410357e-05  1.19057554e-06  3.41410357e-05  6.16742580e-07  3.41410357e-05 -4.86041066e-08  3.41410357e-05  0.00000000e+00  3.41410357e-05  0.00000000e+00 
 3.42410357e-05  1.25054834e+00  3.42410357e-05  6.90152870e-01  3.42410357e-05  1.23698222e-06  3.42410357e-05 -6.16744886e-07  3.42410357e-05  4.86909040e-08  3.42410357e-05  0.00000000e+00  3.42410357e-05  0.00000000e+00 
 3.43410357e-05  1.25054787e+00  3.43410357e-05  6.90223300e-01  3.43410357e-05  1.19057485e-06  3.43410357e-05  6.16757923e-07  3.43410357e-05 -4.86063822e-08  3.43410357e-05  0.00000000e+00  3.43410357e-05  0.00000000e+00 
 3.44410357e-05  1.25054747e+00  3.44410357e-05  6.90152930e-01  3.44410357e-05  1.23698290e-06  3.44410357e-05 -6.16760217e-07  3.44410357e-05  4.86931764e-08  3.44410357e-05  0.00000000e+00  3.44410357e-05  0.00000000e+00 
 3.45410357e-05  1.25054700e+00  3.45410357e-05  6.90223242e-01  3.45410357e-05  1.19057417e-06  3.45410357e-05  6.16773241e-07  3.45410357e-05 -4.86086517e-08  3.45410357e-05  0.00000000e+00  3.45410357e-05  0.00000000e+00 
 3.46410357e-05  1.25054660e+00  3.46410357e-05  6.90152986e-01  3.46410357e-05  1.23698358e-06  3.46410357e-05 -6.16775519e-07  3.46410357e-05  4.86954430e-08  3.46410357e-05  0.00000000e+00  3.46410357e-05  0.00000000e+00 
 3.47410357e-05  1.25054614e+00  3.47410357e-05  6.90223189e-01  3.47410357e-05  1.19057349e-06  3.47410357e-05  6.16788527e-07  3.47410357e-05 -4.86109155e-08  3.47410357e-05  0.00000000e+00  3.47410357e-05  0.00000000e+00 
 3.48410357e-05  1.25054574e+00  3.48410357e-05  6.90153037e-01  3.48410357e-05  1.23698426e-06  3.48410357e-05 -6.16790788e-07  3.48410357e-05  4.86977041e-08  3.48410357e-05  0.00000000e+00  3.48410357e-05  0.00000000e+00 
 3.49205178e-05  1.25054536e+00  3.49205178e-05  6.90223133e-01  3.49205178e-05  1.19057273e-06  3.49205178e-05  6.16805739e-07  3.49205178e-05 -4.86134653e-08  3.49205178e-05  0.00000000e+00  3.49205178e-05  0.00000000e+00 
 3.50000000e-05  1.25054505e+00  3.50000000e-05  6.90153095e-01  3.50000000e-05  1.23698511e-06  3.50000000e-05 -6.16809951e-07  3.50000000e-05  4.87005419e-08  3.50000000e-05  0.00000000e+00  3.50000000e-05  0.00000000e+00 
 3.50000010e-05  1.25055115e+00  3.50000010e-05  6.91758402e-01  3.50000010e-05  8.66782940e-07  3.50000010e-05 -2.28951115e-06  3.50000010e-05  5.55684792e-05  3.50000010e-05  0.00000000e+00  3.50000010e-05  1.20000000e-01 
 3.50000030e-05  1.25056515e+00  3.50000030e-05  6.95589202e-01  3.50000030e-05  6.77701710e-07  3.50000030e-05 -3.23460960e-06  3.50000030e-05  8.15410682e-05  3.50000030e-05  0.00000000e+00  3.50000030e-05  3.60000000e-01 
 3.50000065e-05  1.25061271e+00  3.50000065e-05  7.11346122e-01  3.50000065e-05 -4.64902453e-07  3.50000065e-05 -9.95765126e-06  3.50000065e-05  2.56502803e-04  3.50000065e-05  0.00000000e+00  3.50000065e-05  7.80000000e-01 
 3.50000100e-05  1.25065977e+00  3.50000100e-05  7.27700401e-01  3.50000100e-05  2.55868117e-07  3.50000100e-05 -4.23248673e-06  3.50000100e-05  1.43748284e-04  3.50000100e-05  0.00000000e+00  3.50000100e-05  1.20000000e+00 
 3.50000107e-05  1.25065701e+00  3.50000107e-05  7.28617189e-01  3.50000107e-05  6.47842456e-07  3.50000107e-05 -2.32288698e-06  3.50000107e-05  7.42165713e-05  3.50000107e-05  0.00000000e+00  3.50000107e-05  1.20000000e+00 
 3.50000121e-05  1.25064988e+00  3.50000121e-05  7.30180199e-01  3.50000121e-05  7.77599700e-07  3.50000121e-05 -1.75854356e-06  3.50000121e-05  5.45950290e-05  3.50000121e-05  0.00000000e+00  3.50000121e-05  1.20000000e+00 
 3.50000149e-05  1.25063443e+00  3.50000149e-05  7.33250282e-01  3.50000149e-05  7.16291737e-07  3.50000149e-05 -2.30305093e-06  3.50000149e-05  6.46686823e-05  3.50000149e-05  0.00000000e+00  3.50000149e-05  1.20000000e+00 
 3.50000205e-05  1.25060237e+00  3.50000205e-05  7.39144798e-01  3.50000205e-05  8.65471841e-07  3.50000205e-05 -1.71171261e-06  3.50000205e-05  4.38931560e-05  3.50000205e-05  0.00000000e+00  3.50000205e-05  1.20000000e+00 
 3.50000317e-05  1.25053868e+00  3.50000317e-05  7.48748044e-01  3.50000317e-05  8.74659728e-07  3.50000317e-05 -1.85355016e-06  3.50000317e-05  4.52438262e-05  3.50000317e-05  0.00000000e+00  3.50000317e-05  1.20000000e+00 
 3.50000541e-05  1.25043248e+00  3.50000541e-05  7.60996461e-01  3.50000541e-05  1.07733190e-06  3.50000541e-05 -9.31525816e-07  3.50000541e-05  1.79523407e-05  3.50000541e-05  0.00000000e+00  3.50000541e-05  1.20000000e+00 
 3.50000989e-05  1.25029881e+00  3.50000989e-05  7.70869170e-01  3.50000989e-05  1.11053672e-06  3.50000989e-05 -9.40237590e-07  3.50000989e-05  1.72864077e-05  3.50000989e-05  0.00000000e+00  3.50000989e-05  1.20000000e+00 
 3.50001885e-05  1.25018012e+00  3.50001885e-05  7.72258625e-01  3.50001885e-05  1.26992375e-06  3.50001885e-05 -2.18631810e-07  3.50001885e-05 -2.00552889e-06  3.50001885e-05  0.00000000e+00  3.50001885e-05  1.20000000e+00 
 3.50003154e-05  1.25011591e+00  3.50003154e-05  7.65615033e-01  3.50003154e-05  1.20511795e-06  3.50003154e-05 -5.34122316e-07  3.50003154e-05  8.10849189e-06  3.50003154e-05  0.00000000e+00  3.50003154e-05  1.20000000e+00 
 3.50005361e-05  1.25006594e+00  3.50005361e-05  7.54073411e-01  3.50005361e-05  1.27764243e-06  3.50005361e-05  3.18174189e-08  3.50005361e-05 -5.07062521e-06  3.50005361e-05  0.00000000e+00  3.50005361e-05  1.20000000e+00 
 3.50009158e-05  1.25002787e+00  3.50009158e-05  7.39972495e-01  3.50009158e-05  1.18721372e-06  3.50009158e-05 -2.84925848e-07  3.50009158e-05  6.67245965e-06  3.50009158e-05  0.00000000e+00  3.50009158e-05  1.20000000e+00 
 3.50016752e-05  1.24999336e+00  3.50016752e-05  7.24805509e-01  3.50016752e-05  1.25906006e-06  3.50016752e-05  2.50932475e-07  3.50016752e-05 -5.76094499e-06  3.50016752e-05  0.00000000e+00  3.50016752e-05  1.20000000e+00 
 3.50031941e-05  1.24995275e+00  3.50031941e-05  7.12202354e-01  3.50031941e-05  1.17541707e-06  3.50031941e-05 -1.63046525e-07  3.50031941e-05  6.34797878e-06  3.50031941e-05  0.00000000e+00  3.50031941e-05  1.20000000e+00 
 3.50062319e-05  1.24988336e+00  3.50062319e-05  7.01903512e-01  3.50062319e-05  1.25440639e-06  3.50062319e-05  2.57739909e-07  3.50062319e-05 -5.84703578e-06  3.50062319e-05  0.00000000e+00  3.50062319e-05  1.20000000e+00 
 3.50121313e-05  1.24974203e+00  3.50121313e-05  6.93104738e-01  3.50121313e-05  1.17357410e-06  3.50121313e-05 -2.12188582e-07  3.50121313e-05  6.36893373e-06  3.50121313e-05  0.00000000e+00  3.50121313e-05  1.20000000e+00 
 3.50233472e-05  1.24946124e+00  3.50233472e-05  6.90046519e-01  3.50233472e-05  1.25374937e-06  3.50233472e-05  2.20042202e-07  3.50233472e-05 -5.82256313e-06  3.50233472e-05  0.00000000e+00  3.50233472e-05  1.20000000e+00 
 3.50430997e-05  1.24896360e+00  3.50430997e-05  6.90266626e-01  3.50430997e-05  1.17371974e-06  3.50430997e-05 -2.20388976e-07  3.50430997e-05  6.37404997e-06  3.50430997e-05  0.00000000e+00  3.50430997e-05  1.20000000e+00 
 3.50826046e-05  1.24797294e+00  3.50826046e-05  6.90112507e-01  3.50826046e-05  1.25384849e-06  3.50826046e-05  2.20491015e-07  3.50826046e-05 -5.82275645e-06  3.50826046e-05  0.00000000e+00  3.50826046e-05  1.20000000e+00 
 3.51616145e-05  1.24599416e+00  3.51616145e-05  6.90227931e-01  3.51616145e-05  1.17370558e-06  3.51616145e-05 -2.20520914e-07  3.51616145e-05  6.37408364e-06  3.51616145e-05  0.00000000e+00  3.51616145e-05  1.20000000e+00 
 3.52616145e-05  1.24349029e+00  3.52616145e-05  6.90130180e-01  3.52616145e-05  1.25385405e-06  3.52616145e-05  2.20549056e-07  3.52616145e-05 -5.82276416e-06  3.52616145e-05  0.00000000e+00  3.52616145e-05  1.20000000e+00 
 3.53616145e-05  1.24098611e+00  3.53616145e-05  6.90214219e-01  3.53616145e-05  1.17370165e-06  3.53616145e-05 -2.20562919e-07  3.53616145e-05  6.37407879e-06  3.53616145e-05  0.00000000e+00  3.53616145e-05  1.20000000e+00 
 3.54616145e-05  1.23848221e+00  3.54616145e-05  6.90141612e-01  3.54616145e-05  1.25385733e-06  3.54616145e-05  2.20584186e-07  3.54616145e-05 -5.82275961e-06  3.54616145e-05  0.00000000e+00  3.54616145e-05  1.20000000e+00 
 3.55616145e-05  1.23597809e+00  3.55616145e-05  6.90204256e-01  3.55616145e-05  1.17369887e-06  3.55616145e-05 -2.20592000e-07  3.55616145e-05  6.37406467e-06  3.55616145e-05  0.00000000e+00  3.55616145e-05  1.20000000e+00 
 3.56616145e-05  1.23347418e+00  3.56616145e-05  6.90149866e-01  3.56616145e-05  1.25385972e-06  3.56616145e-05  2.20608181e-07  3.56616145e-05 -5.82274720e-06  3.56616145e-05  0.00000000e+00  3.56616145e-05  1.20000000e+00 
 3.57616145e-05  1.23097011e+00  3.57616145e-05  6.90197102e-01  3.57616145e-05  1.17369680e-06  3.57616145e-05 -2.20611676e-07  3.57616145e-05  6.37404391e-06  3.57616145e-05  0.00000000e+00  3.57616145e-05  1.20000000e+00 
 3.58616145e-05  1.22846622e+00  3.58616145e-05  6.90155819e-01  3.58616145e-05  1.25386154e-06  3.58616145e-05  2.20624297e-07  3.58616145e-05 -5.82272918e-06  3.58616145e-05  0.00000000e+00  3.58616145e-05  1.20000000e+00 
 3.59616145e-05  1.22596219e+00  3.59616145e-05  6.90191939e-01  3.59616145e-05  1.17369518e-06  3.59616145e-05 -2.20624808e-07  3.59616145e-05  6.37401841e-06  3.59616145e-05  0.00000000e+00  3.59616145e-05  1.20000000e+00 
 3.60616145e-05  1.22345831e+00  3.60616145e-05  6.90160174e-01  3.60616145e-05  1.25386300e-06  3.60616145e-05  2.20635007e-07  3.60616145e-05 -5.82270715e-06  3.60616145e-05  0.00000000e+00  3.60616145e-05  1.20000000e+00 
 3.61616145e-05  1.22095431e+00  3.61616145e-05  6.90188142e-01  3.61616145e-05  1.17369384e-06  3.61616145e-05 -2.20633507e-07  3.61616145e-05  6.37398950e-06  3.61616145e-05  0.00000000e+00  3.61616145e-05  1.20000000e+00 
 3.62616145e-05  1.21845045e+00  3.62616145e-05  6.90163450e-01  3.62616145e-05  1.25386424e-06  3.62616145e-05  2.20642095e-07  3.62616145e-05 -5.82268227e-06  3.62616145e-05  0.00000000e+00  3.62616145e-05  1.20000000e+00 
 3.63616145e-05  1.21594649e+00  3.63616145e-05  6.90185262e-01  3.63616145e-05  1.17369269e-06  3.63616145e-05 -2.20639266e-07  3.63616145e-05  6.37395815e-06  3.63616145e-05  0.00000000e+00  3.63616145e-05  1.20000000e+00 
 3.64616145e-05  1.21344264e+00  3.64616145e-05  6.90166014e-01  3.64616145e-05  1.25386532e-06  3.64616145e-05  2.20646804e-07  3.64616145e-05 -5.82265532e-06  3.64616145e-05  0.00000000e+00  3.64616145e-05  1.20000000e+00 
 3.65616145e-05  1.21093871e+00  3.65616145e-05  6.90182987e-01  3.65616145e-05  1.17369167e-06  3.65616145e-05 -2.20643110e-07  3.65616145e-05  6.37392503e-06  3.65616145e-05  0.00000000e+00  3.65616145e-05  1.20000000e+00 
 3.66616145e-05  1.20843488e+00  3.66616145e-05  6.90168119e-01  3.66616145e-05  1.25386629e-06  3.66616145e-05  2.20649975e-07  3.66616145e-05 -5.82262691e-06  3.66616145e-05  0.00000000e+00  3.66616145e-05  1.20000000e+00 
 3.67616145e-05  1.20593098e+00  3.67616145e-05  6.90181107e-01  3.67616145e-05  1.17369073e-06  3.67616145e-05 -2.20645726e-07  3.67616145e-05  6.37389063e-06  3.67616145e-05  0.00000000e+00  3.67616145e-05  1.20000000e+00 
 3.68616145e-05  1.20342718e+00  3.68616145e-05  6.90169930e-01  3.68616145e-05  1.25386720e-06  3.68616145e-05  2.20652163e-07  3.68616145e-05 -5.82259743e-06  3.68616145e-05  0.00000000e+00  3.68616145e-05  1.20000000e+00 
 3.69616145e-05  1.20092330e+00  3.69616145e-05  6.90179482e-01  3.69616145e-05  1.17368986e-06  3.69616145e-05 -2.20647559e-07  3.69616145e-05  6.37385530e-06  3.69616145e-05  0.00000000e+00  3.69616145e-05  1.20000000e+00 
 3.70616145e-05  1.19841952e+00  3.70616145e-05  6.90171557e-01  3.70616145e-05  1.25386804e-06  3.70616145e-05  2.20653722e-07  3.70616145e-05 -5.82256719e-06  3.70616145e-05  0.00000000e+00  3.70616145e-05  1.20000000e+00 
 3.71616145e-05  1.19591567e+00  3.71616145e-05  6.90178024e-01  3.71616145e-05  1.17368904e-06  3.71616145e-05 -2.20648885e-07  3.71616145e-05  6.37381932e-06  3.71616145e-05  0.00000000e+00  3.71616145e-05  1.20000000e+00 
 3.72616145e-05  1.19341191e+00  3.72616145e-05  6.90173066e-01  3.72616145e-05  1.25386885e-06  3.72616145e-05  2.20654869e-07  3.72616145e-05 -5.82253644e-06  3.72616145e-05  0.00000000e+00  3.72616145e-05  1.20000000e+00 
 3.73616145e-05  1.19090809e+00  3.73616145e-05  6.90176681e-01  3.73616145e-05  1.17368826e-06  3.73616145e-05 -2.20649872e-07  3.73616145e-05  6.37378287e-06  3.73616145e-05  0.00000000e+00  3.73616145e-05  1.20000000e+00 
 3.74616145e-05  1.18840436e+00  3.74616145e-05  6.90174495e-01  3.74616145e-05  1.25386961e-06  3.74616145e-05  2.20655729e-07  3.74616145e-05 -5.82250535e-06  3.74616145e-05  0.00000000e+00  3.74616145e-05  1.20000000e+00 
 3.75616145e-05  1.18590056e+00  3.75616145e-05  6.90175422e-01  3.75616145e-05  1.17368751e-06  3.75616145e-05 -2.20650611e-07  3.75616145e-05  6.37374614e-06  3.75616145e-05  0.00000000e+00  3.75616145e-05  1.20000000e+00 
 3.76616145e-05  1.18339685e+00  3.76616145e-05  6.90175866e-01  3.76616145e-05  1.25387034e-06  3.76616145e-05  2.20656368e-07  3.76616145e-05 -5.82247408e-06  3.76616145e-05  0.00000000e+00  3.76616145e-05  1.20000000e+00 
 3.77616145e-05  1.18089308e+00  3.77616145e-05  6.90174233e-01  3.77616145e-05  1.17368679e-06  3.77616145e-05 -2.20651149e-07  3.77616145e-05  6.37370925e-06  3.77616145e-05  0.00000000e+00  3.77616145e-05  1.20000000e+00 
 3.78616145e-05  1.17838939e+00  3.78616145e-05  6.90177186e-01  3.78616145e-05  1.25387104e-06  3.78616145e-05  2.20656817e-07  3.78616145e-05 -5.82244274e-06  3.78616145e-05  0.00000000e+00  3.78616145e-05  1.20000000e+00 
 3.79616145e-05  1.17588565e+00  3.79616145e-05  6.90173109e-01  3.79616145e-05  1.17368611e-06  3.79616145e-05 -2.20651505e-07  3.79616145e-05  6.37367232e-06  3.79616145e-05  0.00000000e+00  3.79616145e-05  1.20000000e+00 
 3.80616145e-05  1.17338199e+00  3.80616145e-05  6.90178458e-01  3.80616145e-05  1.25387171e-06  3.80616145e-05  2.20657086e-07  3.80616145e-05 -5.82241144e-06  3.80616145e-05  0.00000000e+00  3.80616145e-05  1.20000000e+00 
 3.81616145e-05  1.17087827e+00  3.81616145e-05  6.90172049e-01  3.81616145e-05  1.17368545e-06  3.81616145e-05 -2.20651681e-07  3.81616145e-05  6.37363544e-06  3.81616145e-05  0.00000000e+00  3.81616145e-05  1.20000000e+00 
 3.82616145e-05  1.16837463e+00  3.82616145e-05  6.90179678e-01  3.82616145e-05  1.25387236e-06  3.82616145e-05  2.20657175e-07  3.82616145e-05 -5.82238027e-06  3.82616145e-05  0.00000000e+00  3.82616145e-05  1.20000000e+00 
 3.83616145e-05  1.16587094e+00  3.83616145e-05  6.90171056e-01  3.83616145e-05  1.17368482e-06  3.83616145e-05 -2.20651677e-07  3.83616145e-05  6.37359870e-06  3.83616145e-05  0.00000000e+00  3.83616145e-05  1.20000000e+00 
 3.84616145e-05  1.16336732e+00  3.84616145e-05  6.90180844e-01  3.84616145e-05  1.25387297e-06  3.84616145e-05  2.20657080e-07  3.84616145e-05 -5.82234932e-06  3.84616145e-05  0.00000000e+00  3.84616145e-05  1.20000000e+00 
 3.85616145e-05  1.16086366e+00  3.85616145e-05  6.90170137e-01  3.85616145e-05  1.17368422e-06  3.85616145e-05 -2.20651487e-07  3.85616145e-05  6.37356217e-06  3.85616145e-05  0.00000000e+00  3.85616145e-05  1.20000000e+00 
 3.86616145e-05  1.15836007e+00  3.86616145e-05  6.90181950e-01  3.86616145e-05  1.25387356e-06  3.86616145e-05  2.20656799e-07  3.86616145e-05 -5.82231865e-06  3.86616145e-05  0.00000000e+00  3.86616145e-05  1.20000000e+00 
 3.87616145e-05  1.15585643e+00  3.87616145e-05  6.90169293e-01  3.87616145e-05  1.17368365e-06  3.87616145e-05 -2.20651110e-07  3.87616145e-05  6.37352592e-06  3.87616145e-05  0.00000000e+00  3.87616145e-05  1.20000000e+00 
 3.88616145e-05  1.15335287e+00  3.88616145e-05  6.90182993e-01  3.88616145e-05  1.25387412e-06  3.88616145e-05  2.20656329e-07  3.88616145e-05 -5.82228832e-06  3.88616145e-05  0.00000000e+00  3.88616145e-05  1.20000000e+00 
 3.89616145e-05  1.15084925e+00  3.89616145e-05  6.90168529e-01  3.89616145e-05  1.17368310e-06  3.89616145e-05 -2.20650546e-07  3.89616145e-05  6.37349001e-06  3.89616145e-05  0.00000000e+00  3.89616145e-05  1.20000000e+00 
 3.90616145e-05  1.14834572e+00  3.90616145e-05  6.90183971e-01  3.90616145e-05  1.25387465e-06  3.90616145e-05  2.20655674e-07  3.90616145e-05 -5.82225838e-06  3.90616145e-05  0.00000000e+00  3.90616145e-05  1.20000000e+00 
 3.91616145e-05  1.14584212e+00  3.91616145e-05  6.90167847e-01  3.91616145e-05  1.17368258e-06  3.91616145e-05 -2.20649800e-07  3.91616145e-05  6.37345447e-06  3.91616145e-05  0.00000000e+00  3.91616145e-05  1.20000000e+00 
 3.92616145e-05  1.14333862e+00  3.92616145e-05  6.90184882e-01  3.92616145e-05  1.25387516e-06  3.92616145e-05  2.20654840e-07  3.92616145e-05 -5.82222888e-06  3.92616145e-05  0.00000000e+00  3.92616145e-05  1.20000000e+00 
 3.93616145e-05  1.14083505e+00  3.93616145e-05  6.90167247e-01  3.93616145e-05  1.17368208e-06  3.93616145e-05 -2.20648879e-07  3.93616145e-05  6.37341935e-06  3.93616145e-05  0.00000000e+00  3.93616145e-05  1.20000000e+00 
 3.94616145e-05  1.13833157e+00  3.94616145e-05  6.90185726e-01  3.94616145e-05  1.25387565e-06  3.94616145e-05  2.20653836e-07  3.94616145e-05 -5.82219984e-06  3.94616145e-05  0.00000000e+00  3.94616145e-05  1.20000000e+00 
 3.95616145e-05  1.13582803e+00  3.95616145e-05  6.90166730e-01  3.95616145e-05  1.17368160e-06  3.95616145e-05 -2.20647794e-07  3.95616145e-05  6.37338468e-06  3.95616145e-05  0.00000000e+00  3.95616145e-05  1.20000000e+00 
 3.96616145e-05  1.13332457e+00  3.96616145e-05  6.90186505e-01  3.96616145e-05  1.25387612e-06  3.96616145e-05  2.20652674e-07  3.96616145e-05 -5.82217131e-06  3.96616145e-05  0.00000000e+00  3.96616145e-05  1.20000000e+00 
 3.97616145e-05  1.13082106e+00  3.97616145e-05  6.90166293e-01  3.97616145e-05  1.17368114e-06  3.97616145e-05 -2.20646558e-07  3.97616145e-05  6.37335048e-06  3.97616145e-05  0.00000000e+00  3.97616145e-05  1.20000000e+00 
 3.98616145e-05  1.12831763e+00  3.98616145e-05  6.90187222e-01  3.98616145e-05  1.25387657e-06  3.98616145e-05  2.20651369e-07  3.98616145e-05 -5.82214329e-06  3.98616145e-05  0.00000000e+00  3.98616145e-05  1.20000000e+00 
 3.99616145e-05  1.12581414e+00  3.99616145e-05  6.90165934e-01  3.99616145e-05  1.17368070e-06  3.99616145e-05 -2.20645185e-07  3.99616145e-05  6.37331677e-06  3.99616145e-05  0.00000000e+00  3.99616145e-05  1.20000000e+00 
 4.00616145e-05  1.12331074e+00  4.00616145e-05  6.90187880e-01  4.00616145e-05  1.25387700e-06  4.00616145e-05  2.20649934e-07  4.00616145e-05 -5.82211580e-06  4.00616145e-05  0.00000000e+00  4.00616145e-05  1.20000000e+00 
 4.01616145e-05  1.12080728e+00  4.01616145e-05  6.90165650e-01  4.01616145e-05  1.17368028e-06  4.01616145e-05 -2.20643692e-07  4.01616145e-05  6.37328355e-06  4.01616145e-05  0.00000000e+00  4.01616145e-05  1.20000000e+00 
 4.02616145e-05  1.11830391e+00  4.02616145e-05  6.90188483e-01  4.02616145e-05  1.25387741e-06  4.02616145e-05  2.20648386e-07  4.02616145e-05 -5.82208884e-06  4.02616145e-05  0.00000000e+00  4.02616145e-05  1.20000000e+00 
 4.03616145e-05  1.11580047e+00  4.03616145e-05  6.90165435e-01  4.03616145e-05  1.17367987e-06  4.03616145e-05 -2.20642093e-07  4.03616145e-05  6.37325084e-06  4.03616145e-05  0.00000000e+00  4.03616145e-05  1.20000000e+00 
 4.04616145e-05  1.11329713e+00  4.04616145e-05  6.90189037e-01  4.04616145e-05  1.25387781e-06  4.04616145e-05  2.20646740e-07  4.04616145e-05 -5.82206242e-06  4.04616145e-05  0.00000000e+00  4.04616145e-05  1.20000000e+00 
 4.05616145e-05  1.11079371e+00  4.05616145e-05  6.90165286e-01  4.05616145e-05  1.17367948e-06  4.05616145e-05 -2.20640404e-07  4.05616145e-05  6.37321863e-06  4.05616145e-05  0.00000000e+00  4.05616145e-05  1.20000000e+00 
 4.06616145e-05  1.10829040e+00  4.06616145e-05  6.90189546e-01  4.06616145e-05  1.25387819e-06  4.06616145e-05  2.20645010e-07  4.06616145e-05 -5.82203654e-06  4.06616145e-05  0.00000000e+00  4.06616145e-05  1.20000000e+00 
 4.07616145e-05  1.10578701e+00  4.07616145e-05  6.90165198e-01  4.07616145e-05  1.17367911e-06  4.07616145e-05 -2.20638638e-07  4.07616145e-05  6.37318691e-06  4.07616145e-05  0.00000000e+00  4.07616145e-05  1.20000000e+00 
 4.08616145e-05  1.10328373e+00  4.08616145e-05  6.90190016e-01  4.08616145e-05  1.25387857e-06  4.08616145e-05  2.20643211e-07  4.08616145e-05 -5.82201117e-06  4.08616145e-05  0.00000000e+00  4.08616145e-05  1.20000000e+00 
 4.09616145e-05  1.10078037e+00  4.09616145e-05  6.90165166e-01  4.09616145e-05  1.17367874e-06  4.09616145e-05 -2.20636809e-07  4.09616145e-05  6.37315568e-06  4.09616145e-05  0.00000000e+00  4.09616145e-05  1.20000000e+00 
 4.10616145e-05  1.09827711e+00  4.10616145e-05  6.90190452e-01  4.10616145e-05  1.25387893e-06  4.10616145e-05  2.20641355e-07  4.10616145e-05 -5.82198632e-06  4.10616145e-05  0.00000000e+00  4.10616145e-05  1.20000000e+00 
 4.11616145e-05  1.09577378e+00  4.11616145e-05  6.90165185e-01  4.11616145e-05  1.17367839e-06  4.11616145e-05 -2.20634929e-07  4.11616145e-05  6.37312491e-06  4.11616145e-05  0.00000000e+00  4.11616145e-05  1.20000000e+00 
 4.12616145e-05  1.09327055e+00  4.12616145e-05  6.90190859e-01  4.12616145e-05  1.25387928e-06  4.12616145e-05  2.20639451e-07  4.12616145e-05 -5.82196197e-06  4.12616145e-05  0.00000000e+00  4.12616145e-05  1.20000000e+00 
 4.13616145e-05  1.09076724e+00  4.13616145e-05  6.90165250e-01  4.13616145e-05  1.17367804e-06  4.13616145e-05 -2.20633006e-07  4.13616145e-05  6.37309461e-06  4.13616145e-05  0.00000000e+00  4.13616145e-05  1.20000000e+00 
 4.14616145e-05  1.08826404e+00  4.14616145e-05  6.90191241e-01  4.14616145e-05  1.25387962e-06  4.14616145e-05  2.20637511e-07  4.14616145e-05 -5.82193809e-06  4.14616145e-05  0.00000000e+00  4.14616145e-05  1.20000000e+00 
 4.15616145e-05  1.08576076e+00  4.15616145e-05  6.90165358e-01  4.15616145e-05  1.17367771e-06  4.15616145e-05 -2.20631051e-07  4.15616145e-05  6.37306474e-06  4.15616145e-05  0.00000000e+00  4.15616145e-05  1.20000000e+00 
 4.16616145e-05  1.08325760e+00  4.16616145e-05  6.90191603e-01  4.16616145e-05  1.25387995e-06  4.16616145e-05  2.20635542e-07  4.16616145e-05 -5.82191468e-06  4.16616145e-05  0.00000000e+00  4.16616145e-05  1.20000000e+00 
 4.17616145e-05  1.08075434e+00  4.17616145e-05  6.90165503e-01  4.17616145e-05  1.17367738e-06  4.17616145e-05 -2.20629071e-07  4.17616145e-05  6.37303528e-06  4.17616145e-05  0.00000000e+00  4.17616145e-05  1.20000000e+00 
 4.18616145e-05  1.07825120e+00  4.18616145e-05  6.90191949e-01  4.18616145e-05  1.25388027e-06  4.18616145e-05  2.20633551e-07  4.18616145e-05 -5.82189171e-06  4.18616145e-05  0.00000000e+00  4.18616145e-05  1.20000000e+00 
 4.19616145e-05  1.07574798e+00  4.19616145e-05  6.90165683e-01  4.19616145e-05  1.17367706e-06  4.19616145e-05 -2.20627071e-07  4.19616145e-05  6.37300623e-06  4.19616145e-05  0.00000000e+00  4.19616145e-05  1.20000000e+00 
 4.20616145e-05  1.07324487e+00  4.20616145e-05  6.90192282e-01  4.20616145e-05  1.25388059e-06  4.20616145e-05  2.20631542e-07  4.20616145e-05 -5.82186916e-06  4.20616145e-05  0.00000000e+00  4.20616145e-05  1.20000000e+00 
 4.21616145e-05  1.07074167e+00  4.21616145e-05  6.90165893e-01  4.21616145e-05  1.17367674e-06  4.21616145e-05 -2.20625056e-07  4.21616145e-05  6.37297756e-06  4.21616145e-05  0.00000000e+00  4.21616145e-05  1.20000000e+00 
 4.22616145e-05  1.06823860e+00  4.22616145e-05  6.90192604e-01  4.22616145e-05  1.25388090e-06  4.22616145e-05  2.20629521e-07  4.22616145e-05 -5.82184701e-06  4.22616145e-05  0.00000000e+00  4.22616145e-05  1.20000000e+00 
 4.23616145e-05  1.06573543e+00  4.23616145e-05  6.90166130e-01  4.23616145e-05  1.17367643e-06  4.23616145e-05 -2.20623030e-07  4.23616145e-05  6.37294924e-06  4.23616145e-05  0.00000000e+00  4.23616145e-05  1.20000000e+00 
 4.24616145e-05  1.06323238e+00  4.24616145e-05  6.90192919e-01  4.24616145e-05  1.25388121e-06  4.24616145e-05  2.20627489e-07  4.24616145e-05 -5.82182524e-06  4.24616145e-05  0.00000000e+00  4.24616145e-05  1.20000000e+00 
 4.25616145e-05  1.06072924e+00  4.25616145e-05  6.90166392e-01  4.25616145e-05  1.17367613e-06  4.25616145e-05 -2.20620995e-07  4.25616145e-05  6.37292125e-06  4.25616145e-05  0.00000000e+00  4.25616145e-05  1.20000000e+00 
 4.26616145e-05  1.05822622e+00  4.26616145e-05  6.90193228e-01  4.26616145e-05  1.25388151e-06  4.26616145e-05  2.20625451e-07  4.26616145e-05 -5.82180382e-06  4.26616145e-05  0.00000000e+00  4.26616145e-05  1.20000000e+00 
 4.27616145e-05  1.05572311e+00  4.27616145e-05  6.90166674e-01  4.27616145e-05  1.17367583e-06  4.27616145e-05 -2.20618953e-07  4.27616145e-05  6.37289358e-06  4.27616145e-05  0.00000000e+00  4.27616145e-05  1.20000000e+00 
 4.28616145e-05  1.05322013e+00  4.28616145e-05  6.90193532e-01  4.28616145e-05  1.25388181e-06  4.28616145e-05  2.20623406e-07  4.28616145e-05 -5.82178274e-06  4.28616145e-05  0.00000000e+00  4.28616145e-05  1.20000000e+00 
 4.29616145e-05  1.05071705e+00  4.29616145e-05  6.90166974e-01  4.29616145e-05  1.17367553e-06  4.29616145e-05 -2.20616906e-07  4.29616145e-05  6.37286621e-06  4.29616145e-05  0.00000000e+00  4.29616145e-05  1.20000000e+00 
 4.30616145e-05  1.04821409e+00  4.30616145e-05  6.90193831e-01  4.30616145e-05  1.25388211e-06  4.30616145e-05  2.20621355e-07  4.30616145e-05 -5.82176198e-06  4.30616145e-05  0.00000000e+00  4.30616145e-05  1.20000000e+00 
 4.31616145e-05  1.04571104e+00  4.31616145e-05  6.90167289e-01  4.31616145e-05  1.17367524e-06  4.31616145e-05 -2.20614854e-07  4.31616145e-05  6.37283911e-06  4.31616145e-05  0.00000000e+00  4.31616145e-05  1.20000000e+00 
 4.32616145e-05  1.04320812e+00  4.32616145e-05  6.90194128e-01  4.32616145e-05  1.25388239e-06  4.32616145e-05  2.20619301e-07  4.32616145e-05 -5.82174152e-06  4.32616145e-05  0.00000000e+00  4.32616145e-05  1.20000000e+00 
 4.33616145e-05  1.04070510e+00  4.33616145e-05  6.90167617e-01  4.33616145e-05  1.17367495e-06  4.33616145e-05 -2.20612797e-07  4.33616145e-05  6.37281227e-06  4.33616145e-05  0.00000000e+00  4.33616145e-05  1.20000000e+00 
 4.34616145e-05  1.03820221e+00  4.34616145e-05  6.90194421e-01  4.34616145e-05  1.25388268e-06  4.34616145e-05  2.20617241e-07  4.34616145e-05 -5.82172133e-06  4.34616145e-05  0.00000000e+00  4.34616145e-05  1.20000000e+00 
 4.35616145e-05  1.03569922e+00  4.35616145e-05  6.90167955e-01  4.35616145e-05  1.17367467e-06  4.35616145e-05 -2.20610735e-07  4.35616145e-05  6.37278567e-06  4.35616145e-05  0.00000000e+00  4.35616145e-05  1.20000000e+00 
 4.36616145e-05  1.03319637e+00  4.36616145e-05  6.90194710e-01  4.36616145e-05  1.25388297e-06  4.36616145e-05  2.20615176e-07  4.36616145e-05 -5.82170141e-06  4.36616145e-05  0.00000000e+00  4.36616145e-05  1.20000000e+00 
 4.37616145e-05  1.03069341e+00  4.37616145e-05  6.90168300e-01  4.37616145e-05  1.17367439e-06  4.37616145e-05 -2.20608667e-07  4.37616145e-05  6.37275929e-06  4.37616145e-05  0.00000000e+00  4.37616145e-05  1.20000000e+00 
 4.38616145e-05  1.02819059e+00  4.38616145e-05  6.90194995e-01  4.38616145e-05  1.25388325e-06  4.38616145e-05  2.20613106e-07  4.38616145e-05 -5.82168174e-06  4.38616145e-05  0.00000000e+00  4.38616145e-05  1.20000000e+00 
 4.39616145e-05  1.02568766e+00  4.39616145e-05  6.90168650e-01  4.39616145e-05  1.17367411e-06  4.39616145e-05 -2.20606593e-07  4.39616145e-05  6.37273311e-06  4.39616145e-05  0.00000000e+00  4.39616145e-05  1.20000000e+00 
 4.40616145e-05  1.02318487e+00  4.40616145e-05  6.90195275e-01  4.40616145e-05  1.25388353e-06  4.40616145e-05  2.20611029e-07  4.40616145e-05 -5.82166229e-06  4.40616145e-05  0.00000000e+00  4.40616145e-05  1.20000000e+00 
 4.41616145e-05  1.02068198e+00  4.41616145e-05  6.90169002e-01  4.41616145e-05  1.17367383e-06  4.41616145e-05 -2.20604512e-07  4.41616145e-05  6.37270713e-06  4.41616145e-05  0.00000000e+00  4.41616145e-05  1.20000000e+00 
 4.42616145e-05  1.01817922e+00  4.42616145e-05  6.90195549e-01  4.42616145e-05  1.25388380e-06  4.42616145e-05  2.20608945e-07  4.42616145e-05 -5.82164306e-06  4.42616145e-05  0.00000000e+00  4.42616145e-05  1.20000000e+00 
 4.43616145e-05  1.01567636e+00  4.43616145e-05  6.90169353e-01  4.43616145e-05  1.17367355e-06  4.43616145e-05 -2.20602423e-07  4.43616145e-05  6.37268132e-06  4.43616145e-05  0.00000000e+00  4.43616145e-05  1.20000000e+00 
 4.44616145e-05  1.01317364e+00  4.44616145e-05  6.90195815e-01  4.44616145e-05  1.25388407e-06  4.44616145e-05  2.20606853e-07  4.44616145e-05 -5.82162403e-06  4.44616145e-05  0.00000000e+00  4.44616145e-05  1.20000000e+00 
 4.45616145e-05  1.01067082e+00  4.45616145e-05  6.90169701e-01  4.45616145e-05  1.17367328e-06  4.45616145e-05 -2.20600325e-07  4.45616145e-05  6.37265568e-06  4.45616145e-05  0.00000000e+00  4.45616145e-05  1.20000000e+00 
 4.46616145e-05  1.00816813e+00  4.46616145e-05  6.90196073e-01  4.46616145e-05  1.25388434e-06  4.46616145e-05  2.20604750e-07  4.46616145e-05 -5.82160518e-06  4.46616145e-05  0.00000000e+00  4.46616145e-05  1.20000000e+00 
 4.47616145e-05  1.00566534e+00  4.47616145e-05  6.90170044e-01  4.47616145e-05  1.17367301e-06  4.47616145e-05 -2.20598216e-07  4.47616145e-05  6.37263018e-06  4.47616145e-05  0.00000000e+00  4.47616145e-05  1.20000000e+00 
 4.48616145e-05  1.00316269e+00  4.48616145e-05  6.90196320e-01  4.48616145e-05  1.25388461e-06  4.48616145e-05  2.20602637e-07  4.48616145e-05 -5.82158652e-06  4.48616145e-05  0.00000000e+00  4.48616145e-05  1.20000000e+00 
 4.49616145e-05  1.00065994e+00  4.49616145e-05  6.90170378e-01  4.49616145e-05  1.17367275e-06  4.49616145e-05 -2.20596095e-07  4.49616145e-05  6.37260482e-06  4.49616145e-05  0.00000000e+00  4.49616145e-05  1.20000000e+00 
 4.50616145e-05  9.98157324e-01  4.50616145e-05  6.90196556e-01  4.50616145e-05  1.25388488e-06  4.50616145e-05  2.20600511e-07  4.50616145e-05 -5.82156801e-06  4.50616145e-05  0.00000000e+00  4.50616145e-05  1.20000000e+00 
 4.51616145e-05  9.95654602e-01  4.51616145e-05  6.90170702e-01  4.51616145e-05  1.17367248e-06  4.51616145e-05 -2.20593960e-07  4.51616145e-05  6.37257959e-06  4.51616145e-05  0.00000000e+00  4.51616145e-05  1.20000000e+00 
 4.52616145e-05  9.93152028e-01  4.52616145e-05  6.90196780e-01  4.52616145e-05  1.25388515e-06  4.52616145e-05  2.20598370e-07  4.52616145e-05 -5.82154966e-06  4.52616145e-05  0.00000000e+00  4.52616145e-05  1.20000000e+00 
 4.53616145e-05  9.90649342e-01  4.53616145e-05  6.90171014e-01  4.53616145e-05  1.17367222e-06  4.53616145e-05 -2.20591810e-07  4.53616145e-05  6.37255447e-06  4.53616145e-05  0.00000000e+00  4.53616145e-05  1.20000000e+00 
 4.54616145e-05  9.88146805e-01  4.54616145e-05  6.90196991e-01  4.54616145e-05  1.25388541e-06  4.54616145e-05  2.20596213e-07  4.54616145e-05 -5.82153146e-06  4.54616145e-05  0.00000000e+00  4.54616145e-05  1.20000000e+00 
 4.55616145e-05  9.85644155e-01  4.55616145e-05  6.90171311e-01  4.55616145e-05  1.17367195e-06  4.55616145e-05 -2.20589643e-07  4.55616145e-05  6.37252945e-06  4.55616145e-05  0.00000000e+00  4.55616145e-05  1.20000000e+00 
 4.56616145e-05  9.83141655e-01  4.56616145e-05  6.90197187e-01  4.56616145e-05  1.25388567e-06  4.56616145e-05  2.20594038e-07  4.56616145e-05 -5.82151338e-06  4.56616145e-05  0.00000000e+00  4.56616145e-05  1.20000000e+00 
 4.57616145e-05  9.80639042e-01  4.57616145e-05  6.90171592e-01  4.57616145e-05  1.17367169e-06  4.57616145e-05 -2.20587456e-07  4.57616145e-05  6.37250454e-06  4.57616145e-05  0.00000000e+00  4.57616145e-05  1.20000000e+00 
 4.58616145e-05  9.78136580e-01  4.58616145e-05  6.90197368e-01  4.58616145e-05  1.25388593e-06  4.58616145e-05  2.20591843e-07  4.58616145e-05 -5.82149543e-06  4.58616145e-05  0.00000000e+00  4.58616145e-05  1.20000000e+00 
 4.59616145e-05  9.75634003e-01  4.59616145e-05  6.90171856e-01  4.59616145e-05  1.17367144e-06  4.59616145e-05 -2.20585247e-07  4.59616145e-05  6.37247971e-06  4.59616145e-05  0.00000000e+00  4.59616145e-05  1.20000000e+00 
 4.60616145e-05  9.73131579e-01  4.60616145e-05  6.90197534e-01  4.60616145e-05  1.25388619e-06  4.60616145e-05  2.20589625e-07  4.60616145e-05 -5.82147760e-06  4.60616145e-05  0.00000000e+00  4.60616145e-05  1.20000000e+00 
 4.61616145e-05  9.70629039e-01  4.61616145e-05  6.90172102e-01  4.61616145e-05  1.17367118e-06  4.61616145e-05 -2.20583015e-07  4.61616145e-05  6.37245495e-06  4.61616145e-05  0.00000000e+00  4.61616145e-05  1.20000000e+00 
 4.62616145e-05  9.68126653e-01  4.62616145e-05  6.90197684e-01  4.62616145e-05  1.25388644e-06  4.62616145e-05  2.20587382e-07  4.62616145e-05 -5.82145988e-06  4.62616145e-05  0.00000000e+00  4.62616145e-05  1.20000000e+00 
 4.63616145e-05  9.65624148e-01  4.63616145e-05  6.90172329e-01  4.63616145e-05  1.17367093e-06  4.63616145e-05 -2.20580756e-07  4.63616145e-05  6.37243027e-06  4.63616145e-05  0.00000000e+00  4.63616145e-05  1.20000000e+00 
 4.64616145e-05  9.63121800e-01  4.64616145e-05  6.90197819e-01  4.64616145e-05  1.25388669e-06  4.64616145e-05  2.20585112e-07  4.64616145e-05 -5.82144226e-06  4.64616145e-05  0.00000000e+00  4.64616145e-05  1.20000000e+00 
 4.65616145e-05  9.60619331e-01  4.65616145e-05  6.90172536e-01  4.65616145e-05  1.17367068e-06  4.65616145e-05 -2.20578469e-07  4.65616145e-05  6.37240565e-06  4.65616145e-05  0.00000000e+00  4.65616145e-05  1.20000000e+00 
 4.66616145e-05  9.58117020e-01  4.66616145e-05  6.90197938e-01  4.66616145e-05  1.25388695e-06  4.66616145e-05  2.20582811e-07  4.66616145e-05 -5.82142473e-06  4.66616145e-05  0.00000000e+00  4.66616145e-05  1.20000000e+00 
 4.67616145e-05  9.55614587e-01  4.67616145e-05  6.90172723e-01  4.67616145e-05  1.17367043e-06  4.67616145e-05 -2.20576151e-07  4.67616145e-05  6.37238108e-06  4.67616145e-05  0.00000000e+00  4.67616145e-05  1.20000000e+00 
 4.68616145e-05  9.53112312e-01  4.68616145e-05  6.90198042e-01  4.68616145e-05  1.25388719e-06  4.68616145e-05  2.20580478e-07  4.68616145e-05 -5.82140730e-06  4.68616145e-05  0.00000000e+00  4.68616145e-05  1.20000000e+00 
 4.69616145e-05  9.50609914e-01  4.69616145e-05  6.90172890e-01  4.69616145e-05  1.17367018e-06  4.69616145e-05 -2.20573798e-07  4.69616145e-05  6.37235656e-06  4.69616145e-05  0.00000000e+00  4.69616145e-05  1.20000000e+00 
 4.70616145e-05  9.48107676e-01  4.70616145e-05  6.90198132e-01  4.70616145e-05  1.25388744e-06  4.70616145e-05  2.20578110e-07  4.70616145e-05 -5.82138995e-06  4.70616145e-05  0.00000000e+00  4.70616145e-05  1.20000000e+00 
 4.71616145e-05  9.45605312e-01  4.71616145e-05  6.90173038e-01  4.71616145e-05  1.17366993e-06  4.71616145e-05 -2.20571409e-07  4.71616145e-05  6.37233208e-06  4.71616145e-05  0.00000000e+00  4.71616145e-05  1.20000000e+00 
 4.72616145e-05  9.43103108e-01  4.72616145e-05  6.90198208e-01  4.72616145e-05  1.25388768e-06  4.72616145e-05  2.20575704e-07  4.72616145e-05 -5.82137269e-06  4.72616145e-05  0.00000000e+00  4.72616145e-05  1.20000000e+00 
 4.73616145e-05  9.40600778e-01  4.73616145e-05  6.90173168e-01  4.73616145e-05  1.17366969e-06  4.73616145e-05 -2.20568982e-07  4.73616145e-05  6.37230763e-06  4.73616145e-05  0.00000000e+00  4.73616145e-05  1.20000000e+00 
 4.74616145e-05  9.38098609e-01  4.74616145e-05  6.90198271e-01  4.74616145e-05  1.25388793e-06  4.74616145e-05  2.20573258e-07  4.74616145e-05 -5.82135552e-06  4.74616145e-05  0.00000000e+00  4.74616145e-05  1.20000000e+00 
 4.75616145e-05  9.35596312e-01  4.75616145e-05  6.90173279e-01  4.75616145e-05  1.17366945e-06  4.75616145e-05 -2.20566513e-07  4.75616145e-05  6.37228320e-06  4.75616145e-05  0.00000000e+00  4.75616145e-05  1.20000000e+00 
 4.76616145e-05  9.33094176e-01  4.76616145e-05  6.90198322e-01  4.76616145e-05  1.25388817e-06  4.76616145e-05  2.20570770e-07  4.76616145e-05 -5.82133844e-06  4.76616145e-05  0.00000000e+00  4.76616145e-05  1.20000000e+00 
 4.77616145e-05  9.30591911e-01  4.77616145e-05  6.90173374e-01  4.77616145e-05  1.17366921e-06  4.77616145e-05 -2.20564001e-07  4.77616145e-05  6.37225878e-06  4.77616145e-05  0.00000000e+00  4.77616145e-05  1.20000000e+00 
 4.78616145e-05  9.28089809e-01  4.78616145e-05  6.90198361e-01  4.78616145e-05  1.25388841e-06  4.78616145e-05  2.20568237e-07  4.78616145e-05 -5.82132146e-06  4.78616145e-05  0.00000000e+00  4.78616145e-05  1.20000000e+00 
 4.79616145e-05  9.25587575e-01  4.79616145e-05  6.90173452e-01  4.79616145e-05  1.17366897e-06  4.79616145e-05 -2.20561444e-07  4.79616145e-05  6.37223437e-06  4.79616145e-05  0.00000000e+00  4.79616145e-05  1.20000000e+00 
 4.80616145e-05  9.23085505e-01  4.80616145e-05  6.90198391e-01  4.80616145e-05  1.25388864e-06  4.80616145e-05  2.20565659e-07  4.80616145e-05 -5.82130458e-06  4.80616145e-05  0.00000000e+00  4.80616145e-05  1.20000000e+00 
 4.81616145e-05  9.20583301e-01  4.81616145e-05  6.90173516e-01  4.81616145e-05  1.17366874e-06  4.81616145e-05 -2.20558840e-07  4.81616145e-05  6.37220994e-06  4.81616145e-05  0.00000000e+00  4.81616145e-05  1.20000000e+00 
 4.82616145e-05  9.18081263e-01  4.82616145e-05  6.90198410e-01  4.82616145e-05  1.25388887e-06  4.82616145e-05  2.20563033e-07  4.82616145e-05 -5.82128782e-06  4.82616145e-05  0.00000000e+00  4.82616145e-05  1.20000000e+00 
 4.83616145e-05  9.15579090e-01  4.83616145e-05  6.90173566e-01  4.83616145e-05  1.17366851e-06  4.83616145e-05 -2.20556188e-07  4.83616145e-05  6.37218548e-06  4.83616145e-05  0.00000000e+00  4.83616145e-05  1.20000000e+00 
 4.84616145e-05  9.13077084e-01  4.84616145e-05  6.90198420e-01  4.84616145e-05  1.25388910e-06  4.84616145e-05  2.20560358e-07  4.84616145e-05 -5.82127119e-06  4.84616145e-05  0.00000000e+00  4.84616145e-05  1.20000000e+00 
 4.85616145e-05  9.10574941e-01  4.85616145e-05  6.90173604e-01  4.85616145e-05  1.17366828e-06  4.85616145e-05 -2.20553488e-07  4.85616145e-05  6.37216098e-06  4.85616145e-05  0.00000000e+00  4.85616145e-05  1.20000000e+00 
 4.86616145e-05  9.08072967e-01  4.86616145e-05  6.90198421e-01  4.86616145e-05  1.25388933e-06  4.86616145e-05  2.20557634e-07  4.86616145e-05 -5.82125474e-06  4.86616145e-05  0.00000000e+00  4.86616145e-05  1.20000000e+00 
 4.87616145e-05  9.05570855e-01  4.87616145e-05  6.90173631e-01  4.87616145e-05  1.17366805e-06  4.87616145e-05 -2.20550738e-07  4.87616145e-05  6.37213641e-06  4.87616145e-05  0.00000000e+00  4.87616145e-05  1.20000000e+00 
 4.88616145e-05  9.03068913e-01  4.88616145e-05  6.90198415e-01  4.88616145e-05  1.25388956e-06  4.88616145e-05  2.20554861e-07  4.88616145e-05 -5.82123848e-06  4.88616145e-05  0.00000000e+00  4.88616145e-05  1.20000000e+00 
 4.89616145e-05  9.00566832e-01  4.89616145e-05  6.90173649e-01  4.89616145e-05  1.17366783e-06  4.89616145e-05 -2.20547939e-07  4.89616145e-05  6.37211174e-06  4.89616145e-05  0.00000000e+00  4.89616145e-05  1.20000000e+00 
 4.90616145e-05  8.98064924e-01  4.90616145e-05  6.90198400e-01  4.90616145e-05  1.25388978e-06  4.90616145e-05  2.20552039e-07  4.90616145e-05 -5.82122248e-06  4.90616145e-05  0.00000000e+00  4.90616145e-05  1.20000000e+00 
 4.91616145e-05  8.95562875e-01  4.91616145e-05  6.90173658e-01  4.91616145e-05  1.17366760e-06  4.91616145e-05 -2.20545092e-07  4.91616145e-05  6.37208694e-06  4.91616145e-05  0.00000000e+00  4.91616145e-05  1.20000000e+00 
 4.92616145e-05  8.93061003e-01  4.92616145e-05  6.90198377e-01  4.92616145e-05  1.25389000e-06  4.92616145e-05  2.20549169e-07  4.92616145e-05 -5.82120678e-06  4.92616145e-05  0.00000000e+00  4.92616145e-05  1.20000000e+00 
 4.93616145e-05  8.90558988e-01  4.93616145e-05  6.90173659e-01  4.93616145e-05  1.17366739e-06  4.93616145e-05 -2.20542197e-07  4.93616145e-05  6.37206196e-06  4.93616145e-05  0.00000000e+00  4.93616145e-05  1.20000000e+00 
 4.94616145e-05  8.88057154e-01  4.94616145e-05  6.90198346e-01  4.94616145e-05  1.25389022e-06  4.94616145e-05  2.20546252e-07  4.94616145e-05 -5.82119145e-06  4.94616145e-05  0.00000000e+00  4.94616145e-05  1.20000000e+00 
 4.95616145e-05  8.85555176e-01  4.95616145e-05  6.90173655e-01  4.95616145e-05  1.17366717e-06  4.95616145e-05 -2.20539257e-07  4.95616145e-05  6.37203676e-06  4.95616145e-05  0.00000000e+00  4.95616145e-05  1.20000000e+00 
 4.96616145e-05  8.83053383e-01  4.96616145e-05  6.90198307e-01  4.96616145e-05  1.25389043e-06  4.96616145e-05  2.20543291e-07  4.96616145e-05 -5.82117660e-06  4.96616145e-05  0.00000000e+00  4.96616145e-05  1.20000000e+00 
 4.97616145e-05  8.80551445e-01  4.97616145e-05  6.90173646e-01  4.97616145e-05  1.17366696e-06  4.97616145e-05 -2.20536274e-07  4.97616145e-05  6.37201128e-06  4.97616145e-05  0.00000000e+00  4.97616145e-05  1.20000000e+00 
 4.98616145e-05  8.78049700e-01  4.98616145e-05  6.90198260e-01  4.98616145e-05  1.25389065e-06  4.98616145e-05  2.20540288e-07  4.98616145e-05 -5.82116232e-06  4.98616145e-05  0.00000000e+00  4.98616145e-05  1.20000000e+00 
 4.99616145e-05  8.75547806e-01  4.99616145e-05  6.90173633e-01  4.99616145e-05  1.17366675e-06  4.99616145e-05 -2.20533251e-07  4.99616145e-05  6.37198544e-06  4.99616145e-05  0.00000000e+00  4.99616145e-05  1.20000000e+00 
 5.00616145e-05  8.73046113e-01  5.00616145e-05  6.90198203e-01  5.00616145e-05  1.25389085e-06  5.00616145e-05  2.20537247e-07  5.00616145e-05 -5.82114873e-06  5.00616145e-05  0.00000000e+00  5.00616145e-05  1.20000000e+00 
 5.01616145e-05  8.70544270e-01  5.01616145e-05  6.90173619e-01  5.01616145e-05  1.17366654e-06  5.01616145e-05 -2.20530192e-07  5.01616145e-05  6.37195919e-06  5.01616145e-05  0.00000000e+00  5.01616145e-05  1.20000000e+00 
 5.02616145e-05  8.68042636e-01  5.02616145e-05  6.90198137e-01  5.02616145e-05  1.25389106e-06  5.02616145e-05  2.20534173e-07  5.02616145e-05 -5.82113599e-06  5.02616145e-05  0.00000000e+00  5.02616145e-05  1.20000000e+00 
 5.03616145e-05  8.65540852e-01  5.03616145e-05  6.90173605e-01  5.03616145e-05  1.17366633e-06  5.03616145e-05 -2.20527102e-07  5.03616145e-05  6.37193242e-06  5.03616145e-05  0.00000000e+00  5.03616145e-05  1.20000000e+00 
 5.04616145e-05  8.63039286e-01  5.04616145e-05  6.90198061e-01  5.04616145e-05  1.25389127e-06  5.04616145e-05  2.20531070e-07  5.04616145e-05 -5.82112424e-06  5.04616145e-05  0.00000000e+00  5.04616145e-05  1.20000000e+00 
 5.05616145e-05  8.60537568e-01  5.05616145e-05  6.90173591e-01  5.05616145e-05  1.17366613e-06  5.05616145e-05 -2.20523986e-07  5.05616145e-05  6.37190504e-06  5.05616145e-05  0.00000000e+00  5.05616145e-05  1.20000000e+00 
 5.06616145e-05  8.58036081e-01  5.06616145e-05  6.90197973e-01  5.06616145e-05  1.25389147e-06  5.06616145e-05  2.20527945e-07  5.06616145e-05 -5.82111367e-06  5.06616145e-05  0.00000000e+00  5.06616145e-05  1.20000000e+00 
 5.07616145e-05  8.55534440e-01  5.07616145e-05  6.90173580e-01  5.07616145e-05  1.17366593e-06  5.07616145e-05 -2.20520852e-07  5.07616145e-05  6.37187695e-06  5.07616145e-05  0.00000000e+00  5.07616145e-05  1.20000000e+00 
 5.08616145e-05  8.53033043e-01  5.08616145e-05  6.90197875e-01  5.08616145e-05  1.25389167e-06  5.08616145e-05  2.20524805e-07  5.08616145e-05 -5.82110447e-06  5.08616145e-05  0.00000000e+00  5.08616145e-05  1.20000000e+00 
 5.09616145e-05  8.50531491e-01  5.09616145e-05  6.90173573e-01  5.09616145e-05  1.17366573e-06  5.09616145e-05 -2.20517706e-07  5.09616145e-05  6.37184804e-06  5.09616145e-05  0.00000000e+00  5.09616145e-05  1.20000000e+00 
 5.10616145e-05  8.48030200e-01  5.10616145e-05  6.90197764e-01  5.10616145e-05  1.25389187e-06  5.10616145e-05  2.20521657e-07  5.10616145e-05 -5.82109685e-06  5.10616145e-05  0.00000000e+00  5.10616145e-05  1.20000000e+00 
 5.11616145e-05  8.45528750e-01  5.11616145e-05  6.90173572e-01  5.11616145e-05  1.17366553e-06  5.11616145e-05 -2.20514557e-07  5.11616145e-05  6.37181819e-06  5.11616145e-05  0.00000000e+00  5.11616145e-05  1.20000000e+00 
 5.12616145e-05  8.43027580e-01  5.12616145e-05  6.90197640e-01  5.12616145e-05  1.25389207e-06  5.12616145e-05  2.20518510e-07  5.12616145e-05 -5.82109104e-06  5.12616145e-05  0.00000000e+00  5.12616145e-05  1.20000000e+00 
 5.13616145e-05  8.40526248e-01  5.13616145e-05  6.90173578e-01  5.13616145e-05  1.17366533e-06  5.13616145e-05 -2.20511413e-07  5.13616145e-05  6.37178728e-06  5.13616145e-05  0.00000000e+00  5.13616145e-05  1.20000000e+00 
 5.14616145e-05  8.38025217e-01  5.14616145e-05  6.90197504e-01  5.14616145e-05  1.25389226e-06  5.14616145e-05  2.20515373e-07  5.14616145e-05 -5.82108726e-06  5.14616145e-05  0.00000000e+00  5.14616145e-05  1.20000000e+00 
 5.15616145e-05  8.35524021e-01  5.15616145e-05  6.90173592e-01  5.15616145e-05  1.17366514e-06  5.15616145e-05 -2.20508285e-07  5.15616145e-05  6.37175518e-06  5.15616145e-05  0.00000000e+00  5.15616145e-05  1.20000000e+00 
 5.16616145e-05  8.33023149e-01  5.16616145e-05  6.90197353e-01  5.16616145e-05  1.25389246e-06  5.16616145e-05  2.20512256e-07  5.16616145e-05 -5.82108575e-06  5.16616145e-05  0.00000000e+00  5.16616145e-05  1.20000000e+00 
 5.17616145e-05  8.30522108e-01  5.17616145e-05  6.90173616e-01  5.17616145e-05  1.17366494e-06  5.17616145e-05 -2.20505181e-07  5.17616145e-05  6.37172176e-06  5.17616145e-05  0.00000000e+00  5.17616145e-05  1.20000000e+00 
 5.18616145e-05  8.28021416e-01  5.18616145e-05  6.90197190e-01  5.18616145e-05  1.25389265e-06  5.18616145e-05  2.20509169e-07  5.18616145e-05 -5.82108673e-06  5.18616145e-05  0.00000000e+00  5.18616145e-05  1.20000000e+00 
 5.19616145e-05  8.25520552e-01  5.19616145e-05  6.90173651e-01  5.19616145e-05  1.17366475e-06  5.19616145e-05 -2.20502113e-07  5.19616145e-05  6.37168691e-06  5.19616145e-05  0.00000000e+00  5.19616145e-05  1.20000000e+00 
 5.20616145e-05  8.23020064e-01  5.20616145e-05  6.90197012e-01  5.20616145e-05  1.25389285e-06  5.20616145e-05  2.20506123e-07  5.20616145e-05 -5.82109042e-06  5.20616145e-05  0.00000000e+00  5.20616145e-05  1.20000000e+00 
 5.21616145e-05  8.20519398e-01  5.21616145e-05  6.90173697e-01  5.21616145e-05  1.17366456e-06  5.21616145e-05 -2.20499092e-07  5.21616145e-05  6.37165051e-06  5.21616145e-05  0.00000000e+00  5.21616145e-05  1.20000000e+00 
 5.22616145e-05  8.18019140e-01  5.22616145e-05  6.90196823e-01  5.22616145e-05  1.25389304e-06  5.22616145e-05  2.20503129e-07  5.22616145e-05 -5.82109703e-06  5.22616145e-05  0.00000000e+00  5.22616145e-05  1.20000000e+00 
 5.23616145e-05  8.15518696e-01  5.23616145e-05  6.90173755e-01  5.23616145e-05  1.17366436e-06  5.23616145e-05 -2.20496127e-07  5.23616145e-05  6.37161246e-06  5.23616145e-05  0.00000000e+00  5.23616145e-05  1.20000000e+00 
 5.24616145e-05  8.13018693e-01  5.24616145e-05  6.90196621e-01  5.24616145e-05  1.25389323e-06  5.24616145e-05  2.20500196e-07  5.24616145e-05 -5.82110672e-06  5.24616145e-05  0.00000000e+00  5.24616145e-05  1.20000000e+00 
 5.25616145e-05  8.10518497e-01  5.25616145e-05  6.90173826e-01  5.25616145e-05  1.17366417e-06  5.25616145e-05 -2.20493229e-07  5.25616145e-05  6.37157269e-06  5.25616145e-05  0.00000000e+00  5.25616145e-05  1.20000000e+00 
 5.26616145e-05  8.08018776e-01  5.26616145e-05  6.90196409e-01  5.26616145e-05  1.25389343e-06  5.26616145e-05  2.20497335e-07  5.26616145e-05 -5.82111962e-06  5.26616145e-05  0.00000000e+00  5.26616145e-05  1.20000000e+00 
 5.27616145e-05  8.05518853e-01  5.27616145e-05  6.90173909e-01  5.27616145e-05  1.17366397e-06  5.27616145e-05 -2.20490407e-07  5.27616145e-05  6.37153112e-06  5.27616145e-05  0.00000000e+00  5.27616145e-05  1.20000000e+00 
 5.28616145e-05  8.03019442e-01  5.28616145e-05  6.90196189e-01  5.28616145e-05  1.25389362e-06  5.28616145e-05  2.20494555e-07  5.28616145e-05 -5.82113582e-06  5.28616145e-05  0.00000000e+00  5.28616145e-05  1.20000000e+00 
 5.29616145e-05  8.00519818e-01  5.29616145e-05  6.90174005e-01  5.29616145e-05  1.17366378e-06  5.29616145e-05 -2.20487670e-07  5.29616145e-05  6.37148773e-06  5.29616145e-05  0.00000000e+00  5.29616145e-05  1.20000000e+00 
 5.30616145e-05  7.98020742e-01  5.30616145e-05  6.90195962e-01  5.30616145e-05  1.25389382e-06  5.30616145e-05  2.20491862e-07  5.30616145e-05 -5.82115535e-06  5.30616145e-05  0.00000000e+00  5.30616145e-05  1.20000000e+00 
 5.31616145e-05  7.95521443e-01  5.31616145e-05  6.90174112e-01  5.31616145e-05  1.17366358e-06  5.31616145e-05 -2.20485024e-07  5.31616145e-05  6.37144250e-06  5.31616145e-05  0.00000000e+00  5.31616145e-05  1.20000000e+00 
 5.32616145e-05  7.93022730e-01  5.32616145e-05  6.90195732e-01  5.32616145e-05  1.25389402e-06  5.32616145e-05  2.20489264e-07  5.32616145e-05 -5.82117821e-06  5.32616145e-05  0.00000000e+00  5.32616145e-05  1.20000000e+00 
 5.33616145e-05  7.90523781e-01  5.33616145e-05  6.90174229e-01  5.33616145e-05  1.17366338e-06  5.33616145e-05 -2.20482474e-07  5.33616145e-05  6.37139543e-06  5.33616145e-05  0.00000000e+00  5.33616145e-05  1.20000000e+00 
 5.34616145e-05  7.88025457e-01  5.34616145e-05  6.90195501e-01  5.34616145e-05  1.25389422e-06  5.34616145e-05  2.20486764e-07  5.34616145e-05 -5.82120433e-06  5.34616145e-05  0.00000000e+00  5.34616145e-05  1.20000000e+00 
 5.35616145e-05  7.85526882e-01  5.35616145e-05  6.90174355e-01  5.35616145e-05  1.17366318e-06  5.35616145e-05 -2.20480026e-07  5.35616145e-05  6.37134655e-06  5.35616145e-05  0.00000000e+00  5.35616145e-05  1.20000000e+00 
 5.36616145e-05  7.83028970e-01  5.36616145e-05  6.90195272e-01  5.36616145e-05  1.25389442e-06  5.36616145e-05  2.20484366e-07  5.36616145e-05 -5.82123362e-06  5.36616145e-05  0.00000000e+00  5.36616145e-05  1.20000000e+00 
 5.37616145e-05  7.80530792e-01  5.37616145e-05  6.90174489e-01  5.37616145e-05  1.17366297e-06  5.37616145e-05 -2.20477680e-07  5.37616145e-05  6.37129590e-06  5.37616145e-05  0.00000000e+00  5.37616145e-05  1.20000000e+00 
 5.38616145e-05  7.78033316e-01  5.38616145e-05  6.90195047e-01  5.38616145e-05  1.25389463e-06  5.38616145e-05  2.20482071e-07  5.38616145e-05 -5.82126592e-06  5.38616145e-05  0.00000000e+00  5.38616145e-05  1.20000000e+00 
 5.39616145e-05  7.75535558e-01  5.39616145e-05  6.90174628e-01  5.39616145e-05  1.17366277e-06  5.39616145e-05 -2.20475436e-07  5.39616145e-05  6.37124353e-06  5.39616145e-05  0.00000000e+00  5.39616145e-05  1.20000000e+00 
 5.40616145e-05  7.73038538e-01  5.40616145e-05  6.90194828e-01  5.40616145e-05  1.25389483e-06  5.40616145e-05  2.20479878e-07  5.40616145e-05 -5.82130109e-06  5.40616145e-05  0.00000000e+00  5.40616145e-05  1.20000000e+00 
 5.41616145e-05  7.70541220e-01  5.41616145e-05  6.90174771e-01  5.41616145e-05  1.17366256e-06  5.41616145e-05 -2.20473293e-07  5.41616145e-05  6.37118952e-06  5.41616145e-05  0.00000000e+00  5.41616145e-05  1.20000000e+00 
 5.42616145e-05  7.68044675e-01  5.42616145e-05  6.90194618e-01  5.42616145e-05  1.25389504e-06  5.42616145e-05  2.20477784e-07  5.42616145e-05 -5.82133893e-06  5.42616145e-05  0.00000000e+00  5.42616145e-05  1.20000000e+00 
 5.43616145e-05  7.65547817e-01  5.43616145e-05  6.90174914e-01  5.43616145e-05  1.17366235e-06  5.43616145e-05 -2.20471248e-07  5.43616145e-05  6.37113393e-06  5.43616145e-05  0.00000000e+00  5.43616145e-05  1.20000000e+00 
 5.44616145e-05  7.63051766e-01  5.44616145e-05  6.90194418e-01  5.44616145e-05  1.25389526e-06  5.44616145e-05  2.20475786e-07  5.44616145e-05 -5.82137926e-06  5.44616145e-05  0.00000000e+00  5.44616145e-05  1.20000000e+00 
 5.45616145e-05  7.60555384e-01  5.45616145e-05  6.90175058e-01  5.45616145e-05  1.17366214e-06  5.45616145e-05 -2.20469297e-07  5.45616145e-05  6.37107682e-06  5.45616145e-05  0.00000000e+00  5.45616145e-05  1.20000000e+00 
 5.46616145e-05  7.58059842e-01  5.46616145e-05  6.90194229e-01  5.46616145e-05  1.25389547e-06  5.46616145e-05  2.20473879e-07  5.46616145e-05 -5.82142187e-06  5.46616145e-05  0.00000000e+00  5.46616145e-05  1.20000000e+00 
 5.47616145e-05  7.55563953e-01  5.47616145e-05  6.90175199e-01  5.47616145e-05  1.17366192e-06  5.47616145e-05 -2.20467434e-07  5.47616145e-05  6.37101827e-06  5.47616145e-05  0.00000000e+00  5.47616145e-05  1.20000000e+00 
 5.48616145e-05  7.53068934e-01  5.48616145e-05  6.90194052e-01  5.48616145e-05  1.25389569e-06  5.48616145e-05  2.20472058e-07  5.48616145e-05 -5.82146658e-06  5.48616145e-05  0.00000000e+00  5.48616145e-05  1.20000000e+00 
 5.49308123e-05  7.51342068e-01  5.49308123e-05  6.90175368e-01  5.49308123e-05  1.17366166e-06  5.49308123e-05 -2.20465267e-07  5.49308123e-05  6.37096457e-06  5.49308123e-05  0.00000000e+00  5.49308123e-05  1.20000000e+00 
 5.50000100e-05  7.49615956e-01  5.50000100e-05  6.90193834e-01  5.50000100e-05  1.25389600e-06  5.50000100e-05  2.20469564e-07  5.50000100e-05 -5.82149310e-06  5.50000100e-05  0.00000000e+00  5.50000100e-05  1.20000000e+00 
 5.50000110e-05  7.49600672e-01  5.50000110e-05  6.88234346e-01  5.50000110e-05  1.68914016e-06  5.50000110e-05  2.78271657e-06  5.50000110e-05 -8.66308163e-05  5.50000110e-05  0.00000000e+00  5.50000110e-05  1.08000000e+00 
 5.50000130e-05  7.49583572e-01  5.50000130e-05  6.85810213e-01  5.50000130e-05  1.34920344e-06  5.50000130e-05  7.04358384e-07  5.50000130e-05 -2.50560240e-05  5.50000130e-05  0.00000000e+00  5.50000130e-05  8.40000000e-01 
 5.50000165e-05  7.49558939e-01  5.50000165e-05  6.82719483e-01  5.50000165e-05  1.52758243e-06  5.50000165e-05  1.87406213e-06  5.50000165e-05 -6.15364258e-05  5.50000165e-05  0.00000000e+00  5.50000165e-05  4.20000000e-01 
 5.50000200e-05  7.49535101e-01  5.50000200e-05  6.79654259e-01  5.50000200e-05  1.35262614e-06  5.50000200e-05  7.23166645e-07  5.50000200e-05 -2.48884751e-05  5.50000200e-05  0.00000000e+00  5.50000200e-05  0.00000000e+00 
 5.50000207e-05  7.49534925e-01  5.50000207e-05  6.79705750e-01  5.50000207e-05  1.21496720e-06  5.50000207e-05 -1.37611515e-08  5.50000207e-05 -1.85563045e-06  5.50000207e-05  0.00000000e+00  5.50000207e-05  0.00000000e+00 
 5.50000221e-05  7.49534922e-01  5.50000221e-05  6.79837762e-01  5.50000221e-05  1.19615195e-06  5.50000221e-05 -8.31123344e-08  5.50000221e-05  1.63240321e-06  5.50000221e-05  0.00000000e+00  5.50000221e-05  0.00000000e+00 
 5.50000249e-05  7.49534969e-01  5.50000249e-05  6.80006455e-01  5.50000249e-05  1.22875882e-06  5.50000249e-05  7.30982210e-08  5.50000249e-05 -1.50867003e-06  5.50000249e-05  0.00000000e+00  5.50000249e-05  0.00000000e+00 
 5.50000305e-05  7.49534994e-01  5.50000305e-05  6.80156967e-01  5.50000305e-05  1.21143268e-06  5.50000305e-05 -5.31369022e-10  5.50000305e-05  1.51487464e-06  5.50000305e-05  0.00000000e+00  5.50000305e-05  0.00000000e+00 
 5.50000417e-05  7.49535086e-01  5.50000417e-05  6.80288918e-01  5.50000417e-05  1.23263028e-06  5.50000417e-05  9.88819195e-08  5.50000417e-05 -1.42407873e-06  5.50000417e-05  0.00000000e+00  5.50000417e-05  0.00000000e+00 
 5.50000641e-05  7.49535209e-01  5.50000641e-05  6.80481592e-01  5.50000641e-05  1.20813901e-06  5.50000641e-05 -1.37136744e-08  5.50000641e-05  1.48503156e-06  5.50000641e-05  0.00000000e+00  5.50000641e-05  0.00000000e+00 
 5.50001089e-05  7.49535496e-01  5.50001089e-05  6.80789119e-01  5.50001089e-05  1.22652544e-06  5.50001089e-05  7.92444468e-08  5.50001089e-05 -1.40181563e-06  5.50001089e-05  0.00000000e+00  5.50001089e-05  0.00000000e+00 
 5.50001985e-05  7.49535969e-01  5.50001985e-05  6.81195213e-01  5.50001985e-05  1.20247796e-06  5.50001985e-05 -2.43972067e-08  5.50001985e-05  1.48384272e-06  5.50001985e-05  0.00000000e+00  5.50001985e-05  0.00000000e+00 
 5.50003777e-05  7.49536827e-01  5.50003777e-05  6.81713508e-01  5.50003777e-05  1.22331760e-06  5.50003777e-05  7.66540640e-08  5.50003777e-05 -1.38948901e-06  5.50003777e-05  0.00000000e+00  5.50003777e-05  0.00000000e+00 
 5.50007361e-05  7.49538117e-01  5.50007361e-05  6.82280381e-01  5.50007361e-05  1.20245917e-06  5.50007361e-05 -2.76012078e-08  5.50007361e-05  1.48575540e-06  5.50007361e-05  0.00000000e+00  5.50007361e-05  0.00000000e+00 
 5.50014529e-05  7.49540030e-01  5.50014529e-05  6.82487749e-01  5.50014529e-05  1.22449603e-06  5.50014529e-05  6.79433400e-08  5.50014529e-05 -1.40289538e-06  5.50014529e-05  0.00000000e+00  5.50014529e-05  0.00000000e+00 
 5.50028865e-05  7.49543146e-01  5.50028865e-05  6.81677668e-01  5.50028865e-05  1.20328639e-06  5.50028865e-05 -3.90637808e-08  5.50028865e-05  1.45784300e-06  5.50028865e-05  0.00000000e+00  5.50028865e-05  0.00000000e+00 
 5.50057537e-05  7.49549387e-01  5.50057537e-05  6.80181905e-01  5.50057537e-05  1.22441116e-06  5.50057537e-05  5.65743669e-08  5.50057537e-05 -1.41814130e-06  5.50057537e-05  0.00000000e+00  5.50057537e-05  0.00000000e+00 
 5.50114881e-05  7.49560544e-01  5.50114881e-05  6.79366276e-01  5.50114881e-05  1.20303584e-06  5.50114881e-05 -4.95657408e-08  5.50114881e-05  1.44837683e-06  5.50114881e-05  0.00000000e+00  5.50114881e-05  0.00000000e+00 
 5.50229569e-05  7.49576344e-01  5.50229569e-05  6.81928276e-01  5.50229569e-05  1.22434650e-06  5.50229569e-05  4.65338816e-08  5.50229569e-05 -1.42735923e-06  5.50229569e-05  0.00000000e+00  5.50229569e-05  0.00000000e+00 
 5.50458945e-05  7.49591922e-01  5.50458945e-05  6.91354889e-01  5.50458945e-05  1.20307334e-06  5.50458945e-05 -5.52889738e-08  5.50458945e-05  1.43127412e-06  5.50458945e-05  0.00000000e+00  5.50458945e-05  0.00000000e+00 
 5.50795977e-05  7.49598250e-01  5.50795977e-05  6.89990662e-01  5.50795977e-05  1.22455208e-06  5.50795977e-05  5.51003243e-08  5.50795977e-05 -1.43214455e-06  5.50795977e-05  0.00000000e+00  5.50795977e-05  0.00000000e+00 
 5.51168105e-05  7.49599049e-01  5.51168105e-05  6.89965950e-01  5.51168105e-05  1.20298291e-06  5.51168105e-05 -5.42663334e-08  5.51168105e-05  1.43285052e-06  5.51168105e-05  0.00000000e+00  5.51168105e-05  0.00000000e+00 
 5.51893930e-05  7.49599134e-01  5.51893930e-05  6.90505569e-01  5.51893930e-05  1.22457696e-06  5.51893930e-05  5.37799860e-08  5.51893930e-05 -1.43302821e-06  5.51893930e-05  0.00000000e+00  5.51893930e-05  0.00000000e+00 
 5.52893930e-05  7.49598641e-01  5.52893930e-05  6.89821478e-01  5.52893930e-05  1.20298122e-06  5.52893930e-05 -5.34223278e-08  5.52893930e-05  1.43325145e-06  5.52893930e-05  0.00000000e+00  5.52893930e-05  0.00000000e+00 
 5.53893930e-05  7.49598538e-01  5.53893930e-05  6.90581930e-01  5.53893930e-05  1.22457401e-06  5.53893930e-05  5.30883555e-08  5.53893930e-05 -1.43332431e-06  5.53893930e-05  0.00000000e+00  5.53893930e-05  0.00000000e+00 
 5.54893930e-05  7.49598073e-01  5.54893930e-05  6.89773403e-01  5.54893930e-05  1.20298679e-06  5.54893930e-05 -5.27598871e-08  5.54893930e-05  1.43351619e-06  5.54893930e-05  0.00000000e+00  5.54893930e-05  0.00000000e+00 
 5.55893930e-05  7.49597952e-01  5.55893930e-05  6.90608190e-01  5.55893930e-05  1.22456640e-06  5.55893930e-05  5.24618336e-08  5.55893930e-05 -1.43356201e-06  5.55893930e-05  0.00000000e+00  5.55893930e-05  0.00000000e+00 
 5.56893930e-05  7.49597506e-01  5.56893930e-05  6.89763824e-01  5.56893930e-05  1.20299586e-06  5.56893930e-05 -5.21735306e-08  5.56893930e-05  1.43372944e-06  5.56893930e-05  0.00000000e+00  5.56893930e-05  0.00000000e+00 
 5.57893930e-05  7.49597364e-01  5.57893930e-05  6.90605428e-01  5.57893930e-05  1.22455629e-06  5.57893930e-05  5.19176037e-08  5.57893930e-05 -1.43375408e-06  5.57893930e-05  0.00000000e+00  5.57893930e-05  0.00000000e+00 
 5.58893930e-05  7.49596942e-01  5.58893930e-05  6.89776132e-01  5.58893930e-05  1.20300667e-06  5.58893930e-05 -5.16720400e-08  5.58893930e-05  1.43390223e-06  5.58893930e-05  0.00000000e+00  5.58893930e-05  0.00000000e+00 
 5.59893930e-05  7.49596772e-01  5.59893930e-05  6.90586452e-01  5.59893930e-05  1.22454505e-06  5.59893930e-05  5.14583219e-08  5.59893930e-05 -1.43390995e-06  5.59893930e-05  0.00000000e+00  5.59893930e-05  0.00000000e+00 
 5.60893930e-05  7.49596381e-01  5.60893930e-05  6.89800246e-01  5.60893930e-05  1.20301812e-06  5.60893930e-05 -5.12537314e-08  5.60893930e-05  1.43404278e-06  5.60893930e-05  0.00000000e+00  5.60893930e-05  0.00000000e+00 
 5.61893930e-05  7.49596179e-01  5.61893930e-05  6.90559191e-01  5.61893930e-05  1.22453354e-06  5.61893930e-05  5.10792231e-08  5.61893930e-05 -1.43403695e-06  5.61893930e-05  0.00000000e+00  5.61893930e-05  0.00000000e+00 
 5.62893930e-05  7.49595820e-01  5.62893930e-05  6.89829937e-01  5.62893930e-05  1.20302955e-06  5.62893930e-05 -5.09117486e-08  5.62893930e-05  1.43415750e-06  5.62893930e-05  0.00000000e+00  5.62893930e-05  0.00000000e+00 
 5.63893930e-05  7.49595587e-01  5.63893930e-05  6.90528454e-01  5.63893930e-05  1.22452229e-06  5.63893930e-05  5.07720928e-08  5.63893930e-05 -1.43414076e-06  5.63893930e-05  0.00000000e+00  5.63893930e-05  0.00000000e+00 
 5.64893930e-05  7.49595258e-01  5.64893930e-05  6.89861463e-01  5.64893930e-05  1.20304055e-06  5.64893930e-05 -5.06370917e-08  5.64893930e-05  1.43425141e-06  5.64893930e-05  0.00000000e+00  5.64893930e-05  0.00000000e+00 
 5.65893930e-05  7.49594995e-01  5.65893930e-05  6.90497104e-01  5.65893930e-05  1.22451159e-06  5.65893930e-05  5.05275488e-08  5.65893930e-05 -1.43422583e-06  5.65893930e-05  0.00000000e+00  5.65893930e-05  0.00000000e+00 
 5.66893930e-05  7.49594695e-01  5.66893930e-05  6.89892632e-01  5.66893930e-05  1.20305092e-06  5.66893930e-05 -5.04203055e-08  5.66893930e-05  1.43432845e-06  5.66893930e-05  0.00000000e+00  5.66893930e-05  0.00000000e+00 
 5.67893930e-05  7.49594405e-01  5.67893930e-05  6.90466786e-01  5.67893930e-05  1.22450160e-06  5.67893930e-05  5.03362732e-08  5.67893930e-05 -1.43429567e-06  5.67893930e-05  0.00000000e+00  5.67893930e-05  0.00000000e+00 
 5.68893930e-05  7.49594131e-01  5.68893930e-05  6.89922222e-01  5.68893930e-05  1.20306053e-06  5.68893930e-05 -5.02523629e-08  5.68893930e-05  1.43439176e-06  5.68893930e-05  0.00000000e+00  5.68893930e-05  0.00000000e+00 
 5.69893930e-05  7.49593816e-01  5.69893930e-05  6.90438387e-01  5.69893930e-05  1.22449237e-06  5.69893930e-05  5.01896288e-08  5.69893930e-05 -1.43435308e-06  5.69893930e-05  0.00000000e+00  5.69893930e-05  0.00000000e+00 
 5.70893930e-05  7.49593564e-01  5.70893930e-05  6.89949608e-01  5.70893930e-05  1.20306938e-06  5.70893930e-05 -5.01250820e-08  5.70893930e-05  1.43444381e-06  5.70893930e-05  0.00000000e+00  5.70893930e-05  0.00000000e+00 
 5.71893930e-05  7.49593230e-01  5.71893930e-05  6.90412329e-01  5.71893930e-05  1.22448390e-06  5.71893930e-05  5.00799244e-08  5.71893930e-05 -1.43440031e-06  5.71893930e-05  0.00000000e+00  5.71893930e-05  0.00000000e+00 
 5.72893930e-05  7.49592995e-01  5.72893930e-05  6.89974533e-01  5.72893930e-05  1.20307747e-06  5.72893930e-05 -5.00312775e-08  5.72893930e-05  1.43448663e-06  5.72893930e-05  0.00000000e+00  5.72893930e-05  0.00000000e+00 
 5.73893930e-05  7.49592646e-01  5.73893930e-05  6.90388749e-01  5.73893930e-05  1.22447618e-06  5.73893930e-05  5.00004822e-08  5.73893930e-05 -1.43443913e-06  5.73893930e-05  0.00000000e+00  5.73893930e-05  0.00000000e+00 
 5.74893930e-05  7.49592424e-01  5.74893930e-05  6.89996960e-01  5.74893930e-05  1.20308484e-06  5.74893930e-05 -4.99647692e-08  5.74893930e-05  1.43452182e-06  5.74893930e-05  0.00000000e+00  5.74893930e-05  0.00000000e+00 
 5.75893930e-05  7.49592064e-01  5.75893930e-05  6.90367615e-01  5.75893930e-05  1.22446915e-06  5.75893930e-05  4.99456027e-08  5.75893930e-05 -1.43447103e-06  5.75893930e-05  0.00000000e+00  5.75893930e-05  0.00000000e+00 
 5.76893930e-05  7.49591852e-01  5.76893930e-05  6.90016978e-01  5.76893930e-05  1.20309155e-06  5.76893930e-05 -4.99203157e-08  5.76893930e-05  1.43455070e-06  5.76893930e-05  0.00000000e+00  5.76893930e-05  0.00000000e+00 
 5.77893930e-05  7.49591483e-01  5.77893930e-05  6.90348802e-01  5.77893930e-05  1.22446276e-06  5.77893930e-05  4.99104793e-08  5.77893930e-05 -1.43449716e-06  5.77893930e-05  0.00000000e+00  5.77893930e-05  0.00000000e+00 
 5.78893930e-05  7.49591278e-01  5.78893930e-05  6.90034745e-01  5.78893930e-05  1.20309763e-06  5.78893930e-05 -4.98935182e-08  5.78893930e-05  1.43457433e-06  5.78893930e-05  0.00000000e+00  5.78893930e-05  0.00000000e+00 
 5.79893930e-05  7.49590905e-01  5.79893930e-05  6.90332134e-01  5.79893930e-05  1.22445696e-06  5.79893930e-05  4.98910938e-08  5.79893930e-05 -1.43451851e-06  5.79893930e-05  0.00000000e+00  5.79893930e-05  0.00000000e+00 
 5.80893930e-05  7.49590702e-01  5.80893930e-05  6.90050452e-01  5.80893930e-05  1.20310316e-06  5.80893930e-05 -4.98807122e-08  5.80893930e-05  1.43459359e-06  5.80893930e-05  0.00000000e+00  5.80893930e-05  0.00000000e+00 
 5.81893930e-05  7.49590327e-01  5.81893930e-05  6.90317417e-01  5.81893930e-05  1.22445169e-06  5.81893930e-05  4.98841101e-08  5.81893930e-05 -1.43453586e-06  5.81893930e-05  0.00000000e+00  5.81893930e-05  0.00000000e+00 
 5.82893930e-05  7.49590125e-01  5.82893930e-05  6.90064301e-01  5.82893930e-05  1.20310818e-06  5.82893930e-05 -4.98788637e-08  5.82893930e-05  1.43460919e-06  5.82893930e-05  0.00000000e+00  5.82893930e-05  0.00000000e+00 
 5.83893930e-05  7.49589751e-01  5.83893930e-05  6.90304659e-01  5.83893930e-05  1.22444686e-06  5.83893930e-05  4.98867566e-08  5.83893930e-05 -1.43454984e-06  5.83893930e-05  0.00000000e+00  5.83893930e-05  0.00000000e+00 
 5.84893930e-05  7.49589547e-01  5.84893930e-05  6.90076723e-01  5.84893930e-05  1.20311274e-06  5.84893930e-05 -4.98854738e-08  5.84893930e-05  1.43462169e-06  5.84893930e-05  0.00000000e+00  5.84893930e-05  0.00000000e+00 
 5.85893930e-05  7.49589175e-01  5.85893930e-05  6.90293213e-01  5.85893930e-05  1.22444251e-06  5.85893930e-05  4.98968197e-08  5.85893930e-05 -1.43456102e-06  5.85893930e-05  0.00000000e+00  5.85893930e-05  0.00000000e+00 
 5.86893930e-05  7.49588968e-01  5.86893930e-05  6.90087392e-01  5.86893930e-05  1.20311690e-06  5.86893930e-05 -4.98985050e-08  5.86893930e-05  1.43463164e-06  5.86893930e-05  0.00000000e+00  5.86893930e-05  0.00000000e+00 
 5.87893930e-05  7.49588600e-01  5.87893930e-05  6.90283150e-01  5.87893930e-05  1.22443854e-06  5.87893930e-05  4.99124056e-08  5.87893930e-05 -1.43456983e-06  5.87893930e-05  0.00000000e+00  5.87893930e-05  0.00000000e+00 
 5.88893930e-05  7.49588388e-01  5.88893930e-05  6.90096778e-01  5.88893930e-05  1.20312069e-06  5.88893930e-05 -4.99162682e-08  5.88893930e-05  1.43463940e-06  5.88893930e-05  0.00000000e+00  5.88893930e-05  0.00000000e+00 
 5.89893930e-05  7.49588025e-01  5.89893930e-05  6.90274303e-01  5.89893930e-05  1.22443492e-06  5.89893930e-05  4.99320104e-08  5.89893930e-05 -1.43457663e-06  5.89893930e-05  0.00000000e+00  5.89893930e-05  0.00000000e+00 
 5.90893930e-05  7.49587808e-01  5.90893930e-05  6.90105035e-01  5.90893930e-05  1.20312416e-06  5.90893930e-05 -4.99374088e-08  5.90893930e-05  1.43464532e-06  5.90893930e-05  0.00000000e+00  5.90893930e-05  0.00000000e+00 
 5.91893930e-05  7.49587451e-01  5.91893930e-05  6.90266522e-01  5.91893930e-05  1.22443160e-06  5.91893930e-05  4.99544158e-08  5.91893930e-05 -1.43458173e-06  5.91893930e-05  0.00000000e+00  5.91893930e-05  0.00000000e+00 
 5.92893930e-05  7.49587227e-01  5.92893930e-05  6.90112303e-01  5.92893930e-05  1.20312734e-06  5.92893930e-05 -4.99608326e-08  5.92893930e-05  1.43464966e-06  5.92893930e-05  0.00000000e+00  5.92893930e-05  0.00000000e+00 
 5.93893930e-05  7.49586878e-01  5.93893930e-05  6.90259672e-01  5.93893930e-05  1.22442856e-06  5.93893930e-05  4.99786408e-08  5.93893930e-05 -1.43458538e-06  5.93893930e-05  0.00000000e+00  5.93893930e-05  0.00000000e+00 
 5.94893930e-05  7.49586647e-01  5.94893930e-05  6.90118709e-01  5.94893930e-05  1.20313026e-06  5.94893930e-05 -4.99856619e-08  5.94893930e-05  1.43465267e-06  5.94893930e-05  0.00000000e+00  5.94893930e-05  0.00000000e+00 
 5.95893930e-05  7.49586304e-01  5.95893930e-05  6.90253633e-01  5.95893930e-05  1.22442577e-06  5.95893930e-05  5.00039016e-08  5.95893930e-05 -1.43458779e-06  5.95893930e-05  0.00000000e+00  5.95893930e-05  0.00000000e+00 
 5.96893930e-05  7.49586066e-01  5.96893930e-05  6.90124364e-01  5.96893930e-05  1.20313294e-06  5.96893930e-05 -5.00111983e-08  5.96893930e-05  1.43465453e-06  5.96893930e-05  0.00000000e+00  5.96893930e-05  0.00000000e+00 
 5.97893930e-05  7.49585730e-01  5.97893930e-05  6.90248299e-01  5.97893930e-05  1.22442319e-06  5.97893930e-05  5.00295775e-08  5.97893930e-05 -1.43458914e-06  5.97893930e-05  0.00000000e+00  5.97893930e-05  0.00000000e+00 
 5.98893930e-05  7.49585485e-01  5.98893930e-05  6.90129364e-01  5.98893930e-05  1.20313541e-06  5.98893930e-05 -5.00368917e-08  5.98893930e-05  1.43465542e-06  5.98893930e-05  0.00000000e+00  5.98893930e-05  0.00000000e+00 
 5.99893930e-05  7.49585157e-01  5.99893930e-05  6.90243579e-01  5.99893930e-05  1.22442082e-06  5.99893930e-05  5.00551825e-08  5.99893930e-05 -1.43458959e-06  5.99893930e-05  0.00000000e+00  5.99893930e-05  0.00000000e+00 
 6.00893930e-05  7.49584905e-01  6.00893930e-05  6.90133796e-01  6.00893930e-05  1.20313770e-06  6.00893930e-05 -5.00623144e-08  6.00893930e-05  1.43465546e-06  6.00893930e-05  0.00000000e+00  6.00893930e-05  0.00000000e+00 
 6.01893930e-05  7.49584583e-01  6.01893930e-05  6.90239391e-01  6.01893930e-05  1.22441862e-06  6.01893930e-05  5.00803419e-08  6.01893930e-05 -1.43458926e-06  6.01893930e-05  0.00000000e+00  6.01893930e-05  0.00000000e+00 
 6.02893930e-05  7.49584324e-01  6.02893930e-05  6.90137734e-01  6.02893930e-05  1.20313981e-06  6.02893930e-05 -5.00871396e-08  6.02893930e-05  1.43465478e-06  6.02893930e-05  0.00000000e+00  6.02893930e-05  0.00000000e+00 
 6.03893930e-05  7.49584010e-01  6.03893930e-05  6.90235665e-01  6.03893930e-05  1.22441659e-06  6.03893930e-05  5.01047725e-08  6.03893930e-05 -1.43458825e-06  6.03893930e-05  0.00000000e+00  6.03893930e-05  0.00000000e+00 
 6.04893930e-05  7.49583744e-01  6.04893930e-05  6.90141243e-01  6.04893930e-05  1.20314177e-06  6.04893930e-05 -5.01111232e-08  6.04893930e-05  1.43465347e-06  6.04893930e-05  0.00000000e+00  6.04893930e-05  0.00000000e+00 
 6.05893930e-05  7.49583436e-01  6.05893930e-05  6.90232341e-01  6.05893930e-05  1.22441470e-06  6.05893930e-05  5.01282653e-08  6.05893930e-05 -1.43458666e-06  6.05893930e-05  0.00000000e+00  6.05893930e-05  0.00000000e+00 
 6.06893930e-05  7.49583164e-01  6.06893930e-05  6.90144380e-01  6.06893930e-05  1.20314360e-06  6.06893930e-05 -5.01340884e-08  6.06893930e-05  1.43465162e-06  6.06893930e-05  0.00000000e+00  6.06893930e-05  0.00000000e+00 
 6.07893930e-05  7.49582862e-01  6.07893930e-05  6.90229365e-01  6.07893930e-05  1.22441294e-06  6.07893930e-05  5.01506725e-08  6.07893930e-05 -1.43458457e-06  6.07893930e-05  0.00000000e+00  6.07893930e-05  0.00000000e+00 
 6.08893930e-05  7.49582584e-01  6.08893930e-05  6.90147193e-01  6.08893930e-05  1.20314530e-06  6.08893930e-05 -5.01559132e-08  6.08893930e-05  1.43464929e-06  6.08893930e-05  0.00000000e+00  6.08893930e-05  0.00000000e+00 
 6.09893930e-05  7.49582287e-01  6.09893930e-05  6.90226692e-01  6.09893930e-05  1.22441130e-06  6.09893930e-05  5.01718957e-08  6.09893930e-05 -1.43458203e-06  6.09893930e-05  0.00000000e+00  6.09893930e-05  0.00000000e+00 
 6.10893930e-05  7.49582004e-01  6.10893930e-05  6.90149725e-01  6.10893930e-05  1.20314688e-06  6.10893930e-05 -5.01765203e-08  6.10893930e-05  1.43464655e-06  6.10893930e-05  0.00000000e+00  6.10893930e-05  0.00000000e+00 
 6.11893930e-05  7.49581713e-01  6.11893930e-05  6.90224283e-01  6.11893930e-05  1.22440977e-06  6.11893930e-05  5.01918762e-08  6.11893930e-05 -1.43457911e-06  6.11893930e-05  0.00000000e+00  6.11893930e-05  0.00000000e+00 
 6.12893930e-05  7.49581425e-01  6.12893930e-05  6.90152012e-01  6.12893930e-05  1.20314837e-06  6.12893930e-05 -5.01958676e-08  6.12893930e-05  1.43464346e-06  6.12893930e-05  0.00000000e+00  6.12893930e-05  0.00000000e+00 
 6.13893930e-05  7.49581138e-01  6.13893930e-05  6.90222103e-01  6.13893930e-05  1.22440833e-06  6.13893930e-05  5.02105868e-08  6.13893930e-05 -1.43457584e-06  6.13893930e-05  0.00000000e+00  6.13893930e-05  0.00000000e+00 
 6.14893930e-05  7.49580846e-01  6.14893930e-05  6.90154084e-01  6.14893930e-05  1.20314976e-06  6.14893930e-05 -5.02139413e-08  6.14893930e-05  1.43464004e-06  6.14893930e-05  0.00000000e+00  6.14893930e-05  0.00000000e+00 
 6.15893930e-05  7.49580564e-01  6.15893930e-05  6.90220124e-01  6.15893930e-05  1.22440699e-06  6.15893930e-05  5.02280255e-08  6.15893930e-05 -1.43457229e-06  6.15893930e-05  0.00000000e+00  6.15893930e-05  0.00000000e+00 
 6.16893930e-05  7.49580267e-01  6.16893930e-05  6.90155970e-01  6.16893930e-05  1.20315106e-06  6.16893930e-05 -5.02307496e-08  6.16893930e-05  1.43463635e-06  6.16893930e-05  0.00000000e+00  6.16893930e-05  0.00000000e+00 
 6.17893930e-05  7.49579989e-01  6.17893930e-05  6.90218321e-01  6.17893930e-05  1.22440572e-06  6.17893930e-05  5.02442097e-08  6.17893930e-05 -1.43456846e-06  6.17893930e-05  0.00000000e+00  6.17893930e-05  0.00000000e+00 
 6.18893930e-05  7.49579688e-01  6.18893930e-05  6.90157692e-01  6.18893930e-05  1.20315228e-06  6.18893930e-05 -5.02463180e-08  6.18893930e-05  1.43463240e-06  6.18893930e-05  0.00000000e+00  6.18893930e-05  0.00000000e+00 
 6.19893930e-05  7.49579413e-01  6.19893930e-05  6.90216671e-01  6.19893930e-05  1.22440454e-06  6.19893930e-05  5.02591718e-08  6.19893930e-05 -1.43456441e-06  6.19893930e-05  0.00000000e+00  6.19893930e-05  0.00000000e+00 
 6.20893930e-05  7.49579110e-01  6.20893930e-05  6.90159269e-01  6.20893930e-05  1.20315344e-06  6.20893930e-05 -5.02606847e-08  6.20893930e-05  1.43462824e-06  6.20893930e-05  0.00000000e+00  6.20893930e-05  0.00000000e+00 
 6.21893930e-05  7.49578838e-01  6.21893930e-05  6.90215157e-01  6.21893930e-05  1.22440342e-06  6.21893930e-05  5.02729549e-08  6.21893930e-05 -1.43456014e-06  6.21893930e-05  0.00000000e+00  6.21893930e-05  0.00000000e+00 
 6.22893930e-05  7.49578531e-01  6.22893930e-05  6.90160720e-01  6.22893930e-05  1.20315452e-06  6.22893930e-05 -5.02738973e-08  6.22893930e-05  1.43462388e-06  6.22893930e-05  0.00000000e+00  6.22893930e-05  0.00000000e+00 
 6.23893930e-05  7.49578262e-01  6.23893930e-05  6.90213762e-01  6.23893930e-05  1.22440237e-06  6.23893930e-05  5.02856106e-08  6.23893930e-05 -1.43455569e-06  6.23893930e-05  0.00000000e+00  6.23893930e-05  0.00000000e+00 
 6.24893930e-05  7.49577953e-01  6.24893930e-05  6.90162058e-01  6.24893930e-05  1.20315555e-06  6.24893930e-05 -5.02860103e-08  6.24893930e-05  1.43461935e-06  6.24893930e-05  0.00000000e+00  6.24893930e-05  0.00000000e+00 
 6.25893930e-05  7.49577687e-01  6.25893930e-05  6.90212474e-01  6.25893930e-05  1.22440137e-06  6.25893930e-05  5.02971954e-08  6.25893930e-05 -1.43455108e-06  6.25893930e-05  0.00000000e+00  6.25893930e-05  0.00000000e+00 
 6.26893930e-05  7.49577375e-01  6.26893930e-05  6.90163297e-01  6.26893930e-05  1.20315652e-06  6.26893930e-05 -5.02970822e-08  6.26893930e-05  1.43461466e-06  6.26893930e-05  0.00000000e+00  6.26893930e-05  0.00000000e+00 
 6.27893930e-05  7.49577111e-01  6.27893930e-05  6.90211280e-01  6.27893930e-05  1.22440042e-06  6.27893930e-05  5.03077696e-08  6.27893930e-05 -1.43454632e-06  6.27893930e-05  0.00000000e+00  6.27893930e-05  0.00000000e+00 
 6.28893930e-05  7.49576797e-01  6.28893930e-05  6.90164447e-01  6.28893930e-05  1.20315743e-06  6.28893930e-05 -5.03071742e-08  6.28893930e-05  1.43460982e-06  6.28893930e-05  0.00000000e+00  6.28893930e-05  0.00000000e+00 
 6.29893930e-05  7.49576534e-01  6.29893930e-05  6.90210169e-01  6.29893930e-05  1.22439953e-06  6.29893930e-05  5.03173950e-08  6.29893930e-05 -1.43454142e-06  6.29893930e-05  0.00000000e+00  6.29893930e-05  0.00000000e+00 
 6.30893930e-05  7.49576220e-01  6.30893930e-05  6.90165517e-01  6.30893930e-05  1.20315830e-06  6.30893930e-05 -5.03163486e-08  6.30893930e-05  1.43460486e-06  6.30893930e-05  0.00000000e+00  6.30893930e-05  0.00000000e+00 
 6.31893930e-05  7.49575958e-01  6.31893930e-05  6.90209135e-01  6.31893930e-05  1.22439869e-06  6.31893930e-05  5.03261337e-08  6.31893930e-05 -1.43453640e-06  6.31893930e-05  0.00000000e+00  6.31893930e-05  0.00000000e+00 
 6.32893930e-05  7.49575642e-01  6.32893930e-05  6.90166516e-01  6.32893930e-05  1.20315912e-06  6.32893930e-05 -5.03246672e-08  6.32893930e-05  1.43459978e-06  6.32893930e-05  0.00000000e+00  6.32893930e-05  0.00000000e+00 
 6.33893930e-05  7.49575382e-01  6.33893930e-05  6.90208168e-01  6.33893930e-05  1.22439789e-06  6.33893930e-05  5.03340476e-08  6.33893930e-05 -1.43453126e-06  6.33893930e-05  0.00000000e+00  6.33893930e-05  0.00000000e+00 
 6.34893930e-05  7.49575065e-01  6.34893930e-05  6.90167451e-01  6.34893930e-05  1.20315990e-06  6.34893930e-05 -5.03321914e-08  6.34893930e-05  1.43459460e-06  6.34893930e-05  0.00000000e+00  6.34893930e-05  0.00000000e+00 
 6.35893930e-05  7.49574806e-01  6.35893930e-05  6.90207262e-01  6.35893930e-05  1.22439713e-06  6.35893930e-05  5.03411967e-08  6.35893930e-05 -1.43452603e-06  6.35893930e-05  0.00000000e+00  6.35893930e-05  0.00000000e+00 
 6.36893930e-05  7.49574487e-01  6.36893930e-05  6.90168327e-01  6.36893930e-05  1.20316064e-06  6.36893930e-05 -5.03389800e-08  6.36893930e-05  1.43458932e-06  6.36893930e-05  0.00000000e+00  6.36893930e-05  0.00000000e+00 
 6.37893930e-05  7.49574229e-01  6.37893930e-05  6.90206413e-01  6.37893930e-05  1.22439641e-06  6.37893930e-05  5.03476391e-08  6.37893930e-05 -1.43452071e-06  6.37893930e-05  0.00000000e+00  6.37893930e-05  0.00000000e+00 
 6.38893930e-05  7.49573910e-01  6.38893930e-05  6.90169150e-01  6.38893930e-05  1.20316135e-06  6.38893930e-05 -5.03450902e-08  6.38893930e-05  1.43458395e-06  6.38893930e-05  0.00000000e+00  6.38893930e-05  0.00000000e+00 
 6.39893930e-05  7.49573652e-01  6.39893930e-05  6.90205614e-01  6.39893930e-05  1.22439573e-06  6.39893930e-05  5.03534306e-08  6.39893930e-05 -1.43451529e-06  6.39893930e-05  0.00000000e+00  6.39893930e-05  0.00000000e+00 
 6.40893930e-05  7.49573333e-01  6.40893930e-05  6.90169924e-01  6.40893930e-05  1.20316201e-06  6.40893930e-05 -5.03505763e-08  6.40893930e-05  1.43457850e-06  6.40893930e-05  0.00000000e+00  6.40893930e-05  0.00000000e+00 
 6.41893930e-05  7.49573076e-01  6.41893930e-05  6.90204862e-01  6.41893930e-05  1.22439507e-06  6.41893930e-05  5.03586242e-08  6.41893930e-05 -1.43450981e-06  6.41893930e-05  0.00000000e+00  6.41893930e-05  0.00000000e+00 
 6.42893930e-05  7.49572756e-01  6.42893930e-05  6.90170654e-01  6.42893930e-05  1.20316265e-06  6.42893930e-05 -5.03554900e-08  6.42893930e-05  1.43457297e-06  6.42893930e-05  0.00000000e+00  6.42893930e-05  0.00000000e+00 
 6.43893930e-05  7.49572499e-01  6.43893930e-05  6.90204153e-01  6.43893930e-05  1.22439445e-06  6.43893930e-05  5.03632700e-08  6.43893930e-05 -1.43450424e-06  6.43893930e-05  0.00000000e+00  6.43893930e-05  0.00000000e+00 
 6.44893930e-05  7.49572179e-01  6.44893930e-05  6.90171342e-01  6.44893930e-05  1.20316326e-06  6.44893930e-05 -5.03598797e-08  6.44893930e-05  1.43456738e-06  6.44893930e-05  0.00000000e+00  6.44893930e-05  0.00000000e+00 
 6.45893930e-05  7.49571922e-01  6.45893930e-05  6.90203484e-01  6.45893930e-05  1.22439386e-06  6.45893930e-05  5.03674150e-08  6.45893930e-05 -1.43449862e-06  6.45893930e-05  0.00000000e+00  6.45893930e-05  0.00000000e+00 
 6.46893930e-05  7.49571602e-01  6.46893930e-05  6.90171992e-01  6.46893930e-05  1.20316383e-06  6.46893930e-05 -5.03637910e-08  6.46893930e-05  1.43456172e-06  6.46893930e-05  0.00000000e+00  6.46893930e-05  0.00000000e+00 
 6.47893930e-05  7.49571345e-01  6.47893930e-05  6.90202851e-01  6.47893930e-05  1.22439330e-06  6.47893930e-05  5.03711030e-08  6.47893930e-05 -1.43449292e-06  6.47893930e-05  0.00000000e+00  6.47893930e-05  0.00000000e+00 
 6.48893930e-05  7.49571025e-01  6.48893930e-05  6.90172608e-01  6.48893930e-05  1.20316438e-06  6.48893930e-05 -5.03672660e-08  6.48893930e-05  1.43455600e-06  6.48893930e-05  0.00000000e+00  6.48893930e-05  0.00000000e+00 
 6.49446965e-05  7.49570897e-01  6.49446965e-05  6.90202019e-01  6.49446965e-05  1.22439256e-06  6.49446965e-05  5.03755894e-08  6.49446965e-05 -1.43448484e-06  6.49446965e-05  0.00000000e+00  6.49446965e-05  0.00000000e+00 
 6.50000000e-05  7.49570706e-01  6.50000000e-05  6.90173638e-01  6.50000000e-05  1.20316531e-06  6.50000000e-05 -5.03725702e-08  6.50000000e-05  1.43454551e-06  6.50000000e-05  0.00000000e+00  6.50000000e-05  0.00000000e+00 
 6.50000010e-05  7.49573923e-01  6.50000010e-05  6.91110818e-01  6.50000010e-05  9.82480910e-07  6.50000010e-05  2.54974149e-06  6.50000010e-05 -5.75514970e-07  6.50000010e-05  1.20000000e-01  6.50000010e-05  0.00000000e+00 
 6.50000030e-05  7.49580143e-01  6.50000030e-05  6.92841643e-01  6.50000030e-05  1.00099864e-06  6.50000030e-05  2.36167245e-06  6.50000030e-05 -6.96699354e-07  6.50000030e-05  3.60000000e-01  6.50000030e-05  0.00000000e+00 
 6.50000065e-05  7.49591138e-01  6.50000065e-05  6.95788416e-01  6.50000065e-05  9.88109317e-07  6.50000065e-05  1.84168947e-06  6.50000065e-05 -5.42344750e-07  6.50000065e-05  7.80000000e-01  6.50000065e-05  0.00000000e+00 
 6.50000100e-05  7.49599405e-01  6.50000100e-05  6.97830179e-01  6.50000100e-05  1.12256313e-06  6.50000100e-05 -1.80766533e-07  6.50000100e-05 -3.09303687e-07  6.50000100e-05  1.20000000e+00  6.50000100e-05  0.00000000e+00 
 6.50000106e-05  7.49598959e-01  6.50000106e-05  6.97602425e-01  6.50000106e-05  1.28619690e-06  6.50000106e-05 -2.50240450e-06  6.50000106e-05  2.33092966e-07  6.50000106e-05  1.20000000e+00  6.50000106e-05  0.00000000e+00 
 6.50000119e-05  7.49597846e-01  6.50000119e-05  6.97138433e-01  6.50000119e-05  1.30634150e-06  6.50000119e-05 -2.89640721e-06  6.50000119e-05  3.25896402e-07  6.50000119e-05  1.20000000e+00  6.50000119e-05  0.00000000e+00 
 6.50000144e-05  7.49595477e-01  6.50000144e-05  6.96281420e-01  6.50000144e-05  1.27704860e-06  6.50000144e-05 -2.25927164e-06  6.50000144e-05  1.97808212e-07  6.50000144e-05  1.20000000e+00  6.50000144e-05  0.00000000e+00 
 6.50000194e-05  7.49590656e-01  6.50000194e-05  6.94757494e-01  6.50000194e-05  1.29080717e-06  6.50000194e-05 -2.11378376e-06  6.50000194e-05  2.54238559e-07  6.50000194e-05  1.20000000e+00  6.50000194e-05  0.00000000e+00 
 6.50000294e-05  7.49578983e-01  6.50000294e-05  6.91545182e-01  6.50000294e-05  1.29414411e-06  6.50000294e-05 -1.04435533e-06  6.50000294e-05  2.15290312e-07  6.50000294e-05  1.20000000e+00  6.50000294e-05  0.00000000e+00 
 6.50000495e-05  7.49532161e-01  6.50000495e-05  6.78575793e-01  6.50000495e-05  1.47787753e-06  6.50000495e-05 -3.67598037e-07  6.50000495e-05  7.22203401e-07  6.50000495e-05  1.20000000e+00  6.50000495e-05  0.00000000e+00 
 6.50000763e-05  7.49475797e-01  6.50000763e-05  6.64459328e-01  6.50000763e-05  1.26343572e-06  6.50000763e-05  4.19451240e-06  6.50000763e-05  3.65086204e-08  6.50000763e-05  1.20000000e+00  6.50000763e-05  0.00000000e+00 
 6.50001041e-05  7.49460665e-01  6.50001041e-05  6.58468931e-01  6.50001041e-05  1.32499890e-06  6.50001041e-05  3.01120363e-07  6.50001041e-05  2.60024475e-07  6.50001041e-05  1.20000000e+00  6.50001041e-05  0.00000000e+00 
 6.50001598e-05  7.49484233e-01  6.50001598e-05  6.52595033e-01  6.50001598e-05  1.19653813e-06  6.50001598e-05  2.86248937e-06  6.50001598e-05 -1.19930650e-07  6.50001598e-05  1.20000000e+00  6.50001598e-05  0.00000000e+00 
 6.50002160e-05  7.49517573e-01  6.50002160e-05  6.48977396e-01  6.50002160e-05  1.28966767e-06  6.50002160e-05 -6.40670724e-07  6.50002160e-05  1.95154439e-07  6.50002160e-05  1.20000000e+00  6.50002160e-05  0.00000000e+00 
 6.50003163e-05  7.49565691e-01  6.50003163e-05  6.45126900e-01  6.50003163e-05  1.17156303e-06  6.50003163e-05  2.32518340e-06  6.50003163e-05 -1.59328678e-07  6.50003163e-05  1.20000000e+00  6.50003163e-05  0.00000000e+00 
 6.50005167e-05  7.49628930e-01  6.50005167e-05  6.43699740e-01  6.50005167e-05  1.26151962e-06  6.50005167e-05 -1.07037676e-06  6.50005167e-05  1.47581645e-07  6.50005167e-05  1.20000000e+00  6.50005167e-05  0.00000000e+00 
 6.50009177e-05  7.49685722e-01  6.50009177e-05  6.48573671e-01  6.50009177e-05  1.15346132e-06  6.50009177e-05  2.00851956e-06  6.50009177e-05 -1.84878240e-07  6.50009177e-05  1.20000000e+00  6.50009177e-05  0.00000000e+00 
 6.50017196e-05  7.49731159e-01  6.50017196e-05  6.60123840e-01  6.50017196e-05  1.25990032e-06  6.50017196e-05 -1.27678061e-06  6.50017196e-05  1.51774200e-07  6.50017196e-05  1.20000000e+00  6.50017196e-05  0.00000000e+00 
 6.50030291e-05  7.49772019e-01  6.50030291e-05  6.70714552e-01  6.50030291e-05  1.16075410e-06  6.50030291e-05  1.88505077e-06  6.50030291e-05 -1.66331990e-07  6.50030291e-05  1.20000000e+00  6.50030291e-05  0.00000000e+00 
 6.50056213e-05  7.49842220e-01  6.50056213e-05  6.80546110e-01  6.50056213e-05  1.26457447e-06  6.50056213e-05 -1.32554381e-06  6.50056213e-05  1.63349120e-07  6.50056213e-05  1.20000000e+00  6.50056213e-05  0.00000000e+00 
 6.50108058e-05  7.49985217e-01  6.50108058e-05  6.87861599e-01  6.50108058e-05  1.16251789e-06  6.50108058e-05  1.90103135e-06  6.50108058e-05 -1.62430724e-07  6.50108058e-05  1.20000000e+00  6.50108058e-05  0.00000000e+00 
 6.50211747e-05  7.50270155e-01  6.50211747e-05  6.89941504e-01  6.50211747e-05  1.26517392e-06  6.50211747e-05 -1.32110938e-06  6.50211747e-05  1.63084023e-07  6.50211747e-05  1.20000000e+00  6.50211747e-05  0.00000000e+00 
 6.50419124e-05  7.50813749e-01  6.50419124e-05  6.90314344e-01  6.50419124e-05  1.16242622e-06  6.50419124e-05  1.88702589e-06  6.50419124e-05 -1.63064868e-07  6.50419124e-05  1.20000000e+00  6.50419124e-05  0.00000000e+00 
 6.50803053e-05  7.51809321e-01  6.50803053e-05  6.90097886e-01  6.50803053e-05  1.26513154e-06  6.50803053e-05 -1.31927075e-06  6.50803053e-05  1.63151052e-07  6.50803053e-05  1.20000000e+00  6.50803053e-05  0.00000000e+00 
 6.51570910e-05  7.53786218e-01  6.51570910e-05  6.90272296e-01  6.51570910e-05  1.16242449e-06  6.51570910e-05  1.88641193e-06  6.51570910e-05 -1.63093738e-07  6.51570910e-05  1.20000000e+00  6.51570910e-05  0.00000000e+00 
 6.52570910e-05  7.56361490e-01  6.52570910e-05  6.90118112e-01  6.52570910e-05  1.26513395e-06  6.52570910e-05 -1.31893577e-06  6.52570910e-05  1.63166083e-07  6.52570910e-05  1.20000000e+00  6.52570910e-05  0.00000000e+00 
 6.53570910e-05  7.58936037e-01  6.53570910e-05  6.90256221e-01  6.53570910e-05  1.16242213e-06  6.53570910e-05  1.88624918e-06  6.53570910e-05 -1.63105506e-07  6.53570910e-05  1.20000000e+00  6.53570910e-05  0.00000000e+00 
 6.54570910e-05  7.61511796e-01  6.54570910e-05  6.90132953e-01  6.54570910e-05  1.26513641e-06  6.54570910e-05 -1.31869991e-06  6.54570910e-05  1.63177196e-07  6.54570910e-05  1.20000000e+00  6.54570910e-05  0.00000000e+00 
 6.55570910e-05  7.64086844e-01  6.55570910e-05  6.90242447e-01  6.55570910e-05  1.16241966e-06  6.55570910e-05  1.88614014e-06  6.55570910e-05 -1.63115560e-07  6.55570910e-05  1.20000000e+00  6.55570910e-05  0.00000000e+00 
 6.56570910e-05  7.66662973e-01  6.56570910e-05  6.90145731e-01  6.56570910e-05  1.26513885e-06  6.56570910e-05 -1.31851320e-06  6.56570910e-05  1.63186688e-07  6.56570910e-05  1.20000000e+00  6.56570910e-05  0.00000000e+00 
 6.57570910e-05  7.69238546e-01  6.57570910e-05  6.90230583e-01  6.57570910e-05  1.16241730e-06  6.57570910e-05  1.88607471e-06  6.57570910e-05 -1.63124084e-07  6.57570910e-05  1.20000000e+00  6.57570910e-05  0.00000000e+00 
 6.58570910e-05  7.71815045e-01  6.58570910e-05  6.90156761e-01  6.58570910e-05  1.26514110e-06  6.58570910e-05 -1.31836664e-06  6.58570910e-05  1.63194737e-07  6.58570910e-05  1.20000000e+00  6.58570910e-05  0.00000000e+00 
 6.59570910e-05  7.74391125e-01  6.59570910e-05  6.90220361e-01  6.59570910e-05  1.16241517e-06  6.59570910e-05  1.88604463e-06  6.59570910e-05 -1.63131250e-07  6.59570910e-05  1.20000000e+00  6.59570910e-05  0.00000000e+00 
 6.60570910e-05  7.76968004e-01  6.60570910e-05  6.90166264e-01  6.60570910e-05  1.26514311e-06  6.60570910e-05 -1.31825299e-06  6.60570910e-05  1.63201506e-07  6.60570910e-05  1.20000000e+00  6.60570910e-05  0.00000000e+00 
 6.61570910e-05  7.79544572e-01  6.61570910e-05  6.90211584e-01  6.61570910e-05  1.16241330e-06  6.61570910e-05  1.88604323e-06  6.61570910e-05 -1.63137210e-07  6.61570910e-05  1.20000000e+00  6.61570910e-05  0.00000000e+00 
 6.62570910e-05  7.82121839e-01  6.62570910e-05  6.90174412e-01  6.62570910e-05  1.26514485e-06  6.62570910e-05 -1.31816641e-06  6.62570910e-05  1.63207140e-07  6.62570910e-05  1.20000000e+00  6.62570910e-05  0.00000000e+00 
 6.63570910e-05  7.84698874e-01  6.63570910e-05  6.90204089e-01  6.63570910e-05  1.16241170e-06  6.63570910e-05  1.88606501e-06  6.63570910e-05 -1.63142104e-07  6.63570910e-05  1.20000000e+00  6.63570910e-05  0.00000000e+00 
 6.64570910e-05  7.87276535e-01  6.64570910e-05  6.90181355e-01  6.64570910e-05  1.26514632e-06  6.64570910e-05 -1.31810210e-06  6.64570910e-05  1.63211771e-07  6.64570910e-05  1.20000000e+00  6.64570910e-05  0.00000000e+00 
 6.65570910e-05  7.89854021e-01  6.65570910e-05  6.90197736e-01  6.65570910e-05  1.16241035e-06  6.65570910e-05  1.88610543e-06  6.65570910e-05 -1.63146056e-07  6.65570910e-05  1.20000000e+00  6.65570910e-05  0.00000000e+00 
 6.66570910e-05  7.92432078e-01  6.66570910e-05  6.90187221e-01  6.66570910e-05  1.26514755e-06  6.66570910e-05 -1.31805614e-06  6.66570910e-05  1.63215517e-07  6.66570910e-05  1.20000000e+00  6.66570910e-05  0.00000000e+00 
 6.67570910e-05  7.95009995e-01  6.67570910e-05  6.90192397e-01  6.67570910e-05  1.16240924e-06  6.67570910e-05  1.88616069e-06  6.67570910e-05 -1.63149178e-07  6.67570910e-05  1.20000000e+00  6.67570910e-05  0.00000000e+00 
 6.68570910e-05  7.97588449e-01  6.68570910e-05  6.90192128e-01  6.68570910e-05  1.26514855e-06  6.68570910e-05 -1.31802524e-06  6.68570910e-05  1.63218484e-07  6.68570910e-05  1.20000000e+00  6.68570910e-05  0.00000000e+00 
 6.69570910e-05  8.00166781e-01  6.69570910e-05  6.90187958e-01  6.69570910e-05  1.16240834e-06  6.69570910e-05  1.88622756e-06  6.69570910e-05 -1.63151571e-07  6.69570910e-05  1.20000000e+00  6.69570910e-05  0.00000000e+00 
 6.70570910e-05  8.02745628e-01  6.70570910e-05  6.90196186e-01  6.70570910e-05  1.26514935e-06  6.70570910e-05 -1.31800665e-06  6.70570910e-05  1.63220769e-07  6.70570910e-05  1.20000000e+00  6.70570910e-05  0.00000000e+00 
 6.71570910e-05  8.05324359e-01  6.71570910e-05  6.90184313e-01  6.71570910e-05  1.16240763e-06  6.71570910e-05  1.88630327e-06  6.71570910e-05 -1.63153327e-07  6.71570910e-05  1.20000000e+00  6.71570910e-05  0.00000000e+00 
 6.72570910e-05  8.07903593e-01  6.72570910e-05  6.90199494e-01  6.72570910e-05  1.26514998e-06  6.72570910e-05 -1.31799800e-06  6.72570910e-05  1.63222459e-07  6.72570910e-05  1.20000000e+00  6.72570910e-05  0.00000000e+00 
 6.73570910e-05  8.10482705e-01  6.73570910e-05  6.90181364e-01  6.73570910e-05  1.16240709e-06  6.73570910e-05  1.88638543e-06  6.73570910e-05 -1.63154528e-07  6.73570910e-05  1.20000000e+00  6.73570910e-05  0.00000000e+00 
 6.74570910e-05  8.13062321e-01  6.74570910e-05  6.90202145e-01  6.74570910e-05  1.26515045e-06  6.74570910e-05 -1.31799726e-06  6.74570910e-05  1.63223629e-07  6.74570910e-05  1.20000000e+00  6.74570910e-05  0.00000000e+00 
 6.75570910e-05  8.15641797e-01  6.75570910e-05  6.90179023e-01  6.75570910e-05  1.16240669e-06  6.75570910e-05  1.88647194e-06  6.75570910e-05 -1.63155246e-07  6.75570910e-05  1.20000000e+00  6.75570910e-05  0.00000000e+00 
 6.76570910e-05  8.18221785e-01  6.76570910e-05  6.90204221e-01  6.76570910e-05  1.26515079e-06  6.76570910e-05 -1.31800268e-06  6.76570910e-05  1.63224351e-07  6.76570910e-05  1.20000000e+00  6.76570910e-05  0.00000000e+00 
 6.77570910e-05  8.20801608e-01  6.77570910e-05  6.90177207e-01  6.77570910e-05  1.16240641e-06  6.77570910e-05  1.88656098e-06  6.77570910e-05 -1.63155548e-07  6.77570910e-05  1.20000000e+00  6.77570910e-05  0.00000000e+00 
 6.78570910e-05  8.23381959e-01  6.78570910e-05  6.90205803e-01  6.78570910e-05  1.26515101e-06  6.78570910e-05 -1.31801268e-06  6.78570910e-05  1.63224686e-07  6.78570910e-05  1.20000000e+00  6.78570910e-05  0.00000000e+00 
 6.79570910e-05  8.25962111e-01  6.79570910e-05  6.90175842e-01  6.79570910e-05  1.16240623e-06  6.79570910e-05  1.88665093e-06  6.79570910e-05 -1.63155492e-07  6.79570910e-05  1.20000000e+00  6.79570910e-05  0.00000000e+00 
 6.80570910e-05  8.28542812e-01  6.80570910e-05  6.90206961e-01  6.80570910e-05  1.26515114e-06  6.80570910e-05 -1.31802588e-06  6.80570910e-05  1.63224690e-07  6.80570910e-05  1.20000000e+00  6.80570910e-05  0.00000000e+00 
 6.81570910e-05  8.31123277e-01  6.81570910e-05  6.90174857e-01  6.81570910e-05  1.16240615e-06  6.81570910e-05  1.88674038e-06  6.81570910e-05 -1.63155131e-07  6.81570910e-05  1.20000000e+00  6.81570910e-05  0.00000000e+00 
 6.82570910e-05  8.33704317e-01  6.82570910e-05  6.90207762e-01  6.82570910e-05  1.26515119e-06  6.82570910e-05 -1.31804106e-06  6.82570910e-05  1.63224412e-07  6.82570910e-05  1.20000000e+00  6.82570910e-05  0.00000000e+00 
 6.83570910e-05  8.36285076e-01  6.83570910e-05  6.90174192e-01  6.83570910e-05  1.16240614e-06  6.83570910e-05  1.88682813e-06  6.83570910e-05 -1.63154511e-07  6.83570910e-05  1.20000000e+00  6.83570910e-05  0.00000000e+00 
 6.84570910e-05  8.38866443e-01  6.84570910e-05  6.90208265e-01  6.84570910e-05  1.26515117e-06  6.84570910e-05 -1.31805713e-06  6.84570910e-05  1.63223896e-07  6.84570910e-05  1.20000000e+00  6.84570910e-05  0.00000000e+00 
 6.85570910e-05  8.41447478e-01  6.85570910e-05  6.90173790e-01  6.85570910e-05  1.16240619e-06  6.85570910e-05  1.88691313e-06  6.85570910e-05 -1.63153674e-07  6.85570910e-05  1.20000000e+00  6.85570910e-05  0.00000000e+00 
 6.86570910e-05  8.44029158e-01  6.86570910e-05  6.90208524e-01  6.86570910e-05  1.26515109e-06  6.86570910e-05 -1.31807316e-06  6.86570910e-05  1.63223181e-07  6.86570910e-05  1.20000000e+00  6.86570910e-05  0.00000000e+00 
 6.87570910e-05  8.46610455e-01  6.87570910e-05  6.90173600e-01  6.87570910e-05  1.16240629e-06  6.87570910e-05  1.88699456e-06  6.87570910e-05 -1.63152654e-07  6.87570910e-05  1.20000000e+00  6.87570910e-05  0.00000000e+00 
 6.88570910e-05  8.49192435e-01  6.88570910e-05  6.90208590e-01  6.88570910e-05  1.26515097e-06  6.88570910e-05 -1.31808832e-06  6.88570910e-05  1.63222299e-07  6.88570910e-05  1.20000000e+00  6.88570910e-05  0.00000000e+00 
 6.89570910e-05  8.51773977e-01  6.89570910e-05  6.90173576e-01  6.89570910e-05  1.16240643e-06  6.89570910e-05  1.88707176e-06  6.89570910e-05 -1.63151485e-07  6.89570910e-05  1.20000000e+00  6.89570910e-05  0.00000000e+00 
 6.90570910e-05  8.54356244e-01  6.90570910e-05  6.90208506e-01  6.90570910e-05  1.26515082e-06  6.90570910e-05 -1.31810194e-06  6.90570910e-05  1.63221281e-07  6.90570910e-05  1.20000000e+00  6.90570910e-05  0.00000000e+00 
 6.91570910e-05  8.56938016e-01  6.91570910e-05  6.90173680e-01  6.91570910e-05  1.16240660e-06  6.91570910e-05  1.88714425e-06  6.91570910e-05 -1.63150193e-07  6.91570910e-05  1.20000000e+00  6.91570910e-05  0.00000000e+00 
 6.92570910e-05  8.59520557e-01  6.92570910e-05  6.90208310e-01  6.92570910e-05  1.26515063e-06  6.92570910e-05 -1.31811347e-06  6.92570910e-05  1.63220152e-07  6.92570910e-05  1.20000000e+00  6.92570910e-05  0.00000000e+00 
 6.93570910e-05  8.62102547e-01  6.93570910e-05  6.90173876e-01  6.93570910e-05  1.16240680e-06  6.93570910e-05  1.88721174e-06  6.93570910e-05 -1.63148801e-07  6.93570910e-05  1.20000000e+00  6.93570910e-05  0.00000000e+00 
 6.94570910e-05  8.64685351e-01  6.94570910e-05  6.90208035e-01  6.94570910e-05  1.26515042e-06  6.94570910e-05 -1.31812248e-06  6.94570910e-05  1.63218934e-07  6.94570910e-05  1.20000000e+00  6.94570910e-05  0.00000000e+00 
 6.95570910e-05  8.67267547e-01  6.95570910e-05  6.90174137e-01  6.95570910e-05  1.16240701e-06  6.95570910e-05  1.88727413e-06  6.95570910e-05 -1.63147331e-07  6.95570910e-05  1.20000000e+00  6.95570910e-05  0.00000000e+00 
 6.96570910e-05  8.69850602e-01  6.96570910e-05  6.90207709e-01  6.96570910e-05  1.26515020e-06  6.96570910e-05 -1.31812869e-06  6.96570910e-05  1.63217646e-07  6.96570910e-05  1.20000000e+00  6.96570910e-05  0.00000000e+00 
 6.97570910e-05  8.72432995e-01  6.97570910e-05  6.90174438e-01  6.97570910e-05  1.16240724e-06  6.97570910e-05  1.88733145e-06  6.97570910e-05 -1.63145799e-07  6.97570910e-05  1.20000000e+00  6.97570910e-05  0.00000000e+00 
 6.98570910e-05  8.75016292e-01  6.98570910e-05  6.90207357e-01  6.98570910e-05  1.26514996e-06  6.98570910e-05 -1.31813189e-06  6.98570910e-05  1.63216302e-07  6.98570910e-05  1.20000000e+00  6.98570910e-05  0.00000000e+00 
 6.99570910e-05  8.77598873e-01  6.99570910e-05  6.90174760e-01  6.99570910e-05  1.16240748e-06  6.99570910e-05  1.88738390e-06  6.99570910e-05 -1.63144219e-07  6.99570910e-05  1.20000000e+00  6.99570910e-05  0.00000000e+00 
 7.00570910e-05  8.80182403e-01  7.00570910e-05  6.90206996e-01  7.00570910e-05  1.26514972e-06  7.00570910e-05 -1.31813201e-06  7.00570910e-05  1.63214917e-07  7.00570910e-05  1.20000000e+00  7.00570910e-05  0.00000000e+00 
 7.01570910e-05  8.82765168e-01  7.01570910e-05  6.90175089e-01  7.01570910e-05  1.16240773e-06  7.01570910e-05  1.88743179e-06  7.01570910e-05 -1.63142603e-07  7.01570910e-05  1.20000000e+00  7.01570910e-05  0.00000000e+00 
 7.02570910e-05  8.85348923e-01  7.02570910e-05  6.90206642e-01  7.02570910e-05  1.26514947e-06  7.02570910e-05 -1.31812900e-06  7.02570910e-05  1.63213500e-07  7.02570910e-05  1.20000000e+00  7.02570910e-05  0.00000000e+00 
 7.03570910e-05  8.87931868e-01  7.03570910e-05  6.90175413e-01  7.03570910e-05  1.16240798e-06  7.03570910e-05  1.88747554e-06  7.03570910e-05 -1.63140962e-07  7.03570910e-05  1.20000000e+00  7.03570910e-05  0.00000000e+00 
 7.04570910e-05  8.90515845e-01  7.04570910e-05  6.90206304e-01  7.04570910e-05  1.26514921e-06  7.04570910e-05 -1.31812292e-06  7.04570910e-05  1.63212061e-07  7.04570910e-05  1.20000000e+00  7.04570910e-05  0.00000000e+00 
 7.05570910e-05  8.93098968e-01  7.05570910e-05  6.90175726e-01  7.05570910e-05  1.16240824e-06  7.05570910e-05  1.88751566e-06  7.05570910e-05 -1.63139302e-07  7.05570910e-05  1.20000000e+00  7.05570910e-05  0.00000000e+00 
 7.06570910e-05  8.95683164e-01  7.06570910e-05  6.90205992e-01  7.06570910e-05  1.26514896e-06  7.06570910e-05 -1.31811383e-06  7.06570910e-05  1.63210607e-07  7.06570910e-05  1.20000000e+00  7.06570910e-05  0.00000000e+00 
 7.07570910e-05  8.98266467e-01  7.07570910e-05  6.90176024e-01  7.07570910e-05  1.16240850e-06  7.07570910e-05  1.88755271e-06  7.07570910e-05 -1.63137630e-07  7.07570910e-05  1.20000000e+00  7.07570910e-05  0.00000000e+00 
 7.08570910e-05  9.00850880e-01  7.08570910e-05  6.90205708e-01  7.08570910e-05  1.26514870e-06  7.08570910e-05 -1.31810181e-06  7.08570910e-05  1.63209143e-07  7.08570910e-05  1.20000000e+00  7.08570910e-05  0.00000000e+00 
 7.09570910e-05  9.03434367e-01  7.09570910e-05  6.90176304e-01  7.09570910e-05  1.16240876e-06  7.09570910e-05  1.88758730e-06  7.09570910e-05 -1.63135951e-07  7.09570910e-05  1.20000000e+00  7.09570910e-05  0.00000000e+00 
 7.10570910e-05  9.06019000e-01  7.10570910e-05  6.90205457e-01  7.10570910e-05  1.26514844e-06  7.10570910e-05 -1.31808694e-06  7.10570910e-05  1.63207673e-07  7.10570910e-05  1.20000000e+00  7.10570910e-05  0.00000000e+00 
 7.11570910e-05  9.08602677e-01  7.11570910e-05  6.90176567e-01  7.11570910e-05  1.16240902e-06  7.11570910e-05  1.88762007e-06  7.11570910e-05 -1.63134268e-07  7.11570910e-05  1.20000000e+00  7.11570910e-05  0.00000000e+00 
 7.12570910e-05  9.11187535e-01  7.12570910e-05  6.90205240e-01  7.12570910e-05  1.26514818e-06  7.12570910e-05 -1.31806927e-06  7.12570910e-05  1.63206201e-07  7.12570910e-05  1.20000000e+00  7.12570910e-05  0.00000000e+00 
 7.13570910e-05  9.13771412e-01  7.13570910e-05  6.90176815e-01  7.13570910e-05  1.16240928e-06  7.13570910e-05  1.88765168e-06  7.13570910e-05 -1.63132585e-07  7.13570910e-05  1.20000000e+00  7.13570910e-05  0.00000000e+00 
 7.14570910e-05  9.16356503e-01  7.14570910e-05  6.90205055e-01  7.14570910e-05  1.26514792e-06  7.14570910e-05 -1.31804880e-06  7.14570910e-05  1.63204728e-07  7.14570910e-05  1.20000000e+00  7.14570910e-05  0.00000000e+00 
 7.15570910e-05  9.18940591e-01  7.15570910e-05  6.90177052e-01  7.15570910e-05  1.16240954e-06  7.15570910e-05  1.88768281e-06  7.15570910e-05 -1.63130903e-07  7.15570910e-05  1.20000000e+00  7.15570910e-05  0.00000000e+00 
 7.16570910e-05  9.21525926e-01  7.16570910e-05  6.90204902e-01  7.16570910e-05  1.26514766e-06  7.16570910e-05 -1.31802549e-06  7.16570910e-05  1.63203258e-07  7.16570910e-05  1.20000000e+00  7.16570910e-05  0.00000000e+00 
 7.17570910e-05  9.24110242e-01  7.17570910e-05  6.90177279e-01  7.17570910e-05  1.16240980e-06  7.17570910e-05  1.88771413e-06  7.17570910e-05 -1.63129224e-07  7.17570910e-05  1.20000000e+00  7.17570910e-05  0.00000000e+00 
 7.18570910e-05  9.26695837e-01  7.18570910e-05  6.90204780e-01  7.18570910e-05  1.26514740e-06  7.18570910e-05 -1.31799924e-06  7.18570910e-05  1.63201791e-07  7.18570910e-05  1.20000000e+00  7.18570910e-05  0.00000000e+00 
 7.19570910e-05  9.29280399e-01  7.19570910e-05  6.90177504e-01  7.19570910e-05  1.16241006e-06  7.19570910e-05  1.88774631e-06  7.19570910e-05 -1.63127550e-07  7.19570910e-05  1.20000000e+00  7.19570910e-05  0.00000000e+00 
 7.20570910e-05  9.31866272e-01  7.20570910e-05  6.90204687e-01  7.20570910e-05  1.26514714e-06  7.20570910e-05 -1.31796989e-06  7.20570910e-05  1.63200327e-07  7.20570910e-05  1.20000000e+00  7.20570910e-05  0.00000000e+00 
 7.21570910e-05  9.34451104e-01  7.21570910e-05  6.90177728e-01  7.21570910e-05  1.16241031e-06  7.21570910e-05  1.88778004e-06  7.21570910e-05 -1.63125880e-07  7.21570910e-05  1.20000000e+00  7.21570910e-05  0.00000000e+00 
 7.22570910e-05  9.37037278e-01  7.22570910e-05  6.90204620e-01  7.22570910e-05  1.26514688e-06  7.22570910e-05 -1.31793718e-06  7.22570910e-05  1.63198868e-07  7.22570910e-05  1.20000000e+00  7.22570910e-05  0.00000000e+00 
 7.23570910e-05  9.39622407e-01  7.23570910e-05  6.90177958e-01  7.23570910e-05  1.16241057e-06  7.23570910e-05  1.88781600e-06  7.23570910e-05 -1.63124215e-07  7.23570910e-05  1.20000000e+00  7.23570910e-05  0.00000000e+00 
 7.24570910e-05  9.42208910e-01  7.24570910e-05  6.90204578e-01  7.24570910e-05  1.26514662e-06  7.24570910e-05 -1.31790082e-06  7.24570910e-05  1.63197415e-07  7.24570910e-05  1.20000000e+00  7.24570910e-05  0.00000000e+00 
 7.25570910e-05  9.44794367e-01  7.25570910e-05  6.90178196e-01  7.25570910e-05  1.16241083e-06  7.25570910e-05  1.88785486e-06  7.25570910e-05 -1.63122556e-07  7.25570910e-05  1.20000000e+00  7.25570910e-05  0.00000000e+00 
 7.26570910e-05  9.47381232e-01  7.26570910e-05  6.90204559e-01  7.26570910e-05  1.26514636e-06  7.26570910e-05 -1.31786043e-06  7.26570910e-05  1.63195966e-07  7.26570910e-05  1.20000000e+00  7.26570910e-05  0.00000000e+00 
 7.27570910e-05  9.49967054e-01  7.27570910e-05  6.90178448e-01  7.27570910e-05  1.16241109e-06  7.27570910e-05  1.88789732e-06  7.27570910e-05 -1.63120902e-07  7.27570910e-05  1.20000000e+00  7.27570910e-05  0.00000000e+00 
 7.28570910e-05  9.52554318e-01  7.28570910e-05  6.90204562e-01  7.28570910e-05  1.26514611e-06  7.28570910e-05 -1.31781558e-06  7.28570910e-05  1.63194523e-07  7.28570910e-05  1.20000000e+00  7.28570910e-05  0.00000000e+00 
 7.29570910e-05  9.55140546e-01  7.29570910e-05  6.90178715e-01  7.29570910e-05  1.16241135e-06  7.29570910e-05  1.88794406e-06  7.29570910e-05 -1.63119255e-07  7.29570910e-05  1.20000000e+00  7.29570910e-05  0.00000000e+00 
 7.30570910e-05  9.57728251e-01  7.30570910e-05  6.90204587e-01  7.30570910e-05  1.26514585e-06  7.30570910e-05 -1.31776577e-06  7.30570910e-05  1.63193085e-07  7.30570910e-05  1.20000000e+00  7.30570910e-05  0.00000000e+00 
 7.31570910e-05  9.60314932e-01  7.31570910e-05  6.90179002e-01  7.31570910e-05  1.16241160e-06  7.31570910e-05  1.88799577e-06  7.31570910e-05 -1.63117613e-07  7.31570910e-05  1.20000000e+00  7.31570910e-05  0.00000000e+00 
 7.32570910e-05  9.62903126e-01  7.32570910e-05  6.90204631e-01  7.32570910e-05  1.26514560e-06  7.32570910e-05 -1.31771047e-06  7.32570910e-05  1.63191653e-07  7.32570910e-05  1.20000000e+00  7.32570910e-05  0.00000000e+00 
 7.33570910e-05  9.65490312e-01  7.33570910e-05  6.90179308e-01  7.33570910e-05  1.16241186e-06  7.33570910e-05  1.88805315e-06  7.33570910e-05 -1.63115977e-07  7.33570910e-05  1.20000000e+00  7.33570910e-05  0.00000000e+00 
 7.34570910e-05  9.68079050e-01  7.34570910e-05  6.90204696e-01  7.34570910e-05  1.26514534e-06  7.34570910e-05 -1.31764908e-06  7.34570910e-05  1.63190226e-07  7.34570910e-05  1.20000000e+00  7.34570910e-05  0.00000000e+00 
 7.35570910e-05  9.70666797e-01  7.35570910e-05  6.90179637e-01  7.35570910e-05  1.16241211e-06  7.35570910e-05  1.88811688e-06  7.35570910e-05 -1.63114348e-07  7.35570910e-05  1.20000000e+00  7.35570910e-05  0.00000000e+00 
 7.36570910e-05  9.73256138e-01  7.36570910e-05  6.90204782e-01  7.36570910e-05  1.26514509e-06  7.36570910e-05 -1.31758100e-06  7.36570910e-05  1.63188805e-07  7.36570910e-05  1.20000000e+00  7.36570910e-05  0.00000000e+00 
 7.37570910e-05  9.75844510e-01  7.37570910e-05  6.90179987e-01  7.37570910e-05  1.16241236e-06  7.37570910e-05  1.88818764e-06  7.37570910e-05 -1.63112725e-07  7.37570910e-05  1.20000000e+00  7.37570910e-05  0.00000000e+00 
 7.38570910e-05  9.78434519e-01  7.38570910e-05  6.90204888e-01  7.38570910e-05  1.26514484e-06  7.38570910e-05 -1.31750557e-06  7.38570910e-05  1.63187391e-07  7.38570910e-05  1.20000000e+00  7.38570910e-05  0.00000000e+00 
 7.39570910e-05  9.81023585e-01  7.39570910e-05  6.90180359e-01  7.39570910e-05  1.16241261e-06  7.39570910e-05  1.88826610e-06  7.39570910e-05 -1.63111109e-07  7.39570910e-05  1.20000000e+00  7.39570910e-05  0.00000000e+00 
 7.40570910e-05  9.83614333e-01  7.40570910e-05  6.90205016e-01  7.40570910e-05  1.26514459e-06  7.40570910e-05 -1.31742216e-06  7.40570910e-05  1.63185982e-07  7.40570910e-05  1.20000000e+00  7.40570910e-05  0.00000000e+00 
 7.41570910e-05  9.86204167e-01  7.41570910e-05  6.90180751e-01  7.41570910e-05  1.16241286e-06  7.41570910e-05  1.88835293e-06  7.41570910e-05 -1.63109499e-07  7.41570910e-05  1.20000000e+00  7.41570910e-05  0.00000000e+00 
 7.42570910e-05  9.88795731e-01  7.42570910e-05  6.90205167e-01  7.42570910e-05  1.26514434e-06  7.42570910e-05 -1.31733012e-06  7.42570910e-05  1.63184580e-07  7.42570910e-05  1.20000000e+00  7.42570910e-05  0.00000000e+00 
 7.43570910e-05  9.91386413e-01  7.43570910e-05  6.90181161e-01  7.43570910e-05  1.16241311e-06  7.43570910e-05  1.88844874e-06  7.43570910e-05 -1.63107895e-07  7.43570910e-05  1.20000000e+00  7.43570910e-05  0.00000000e+00 
 7.44570910e-05  9.93978874e-01  7.44570910e-05  6.90205343e-01  7.44570910e-05  1.26514409e-06  7.44570910e-05 -1.31722882e-06  7.44570910e-05  1.63183184e-07  7.44570910e-05  1.20000000e+00  7.44570910e-05  0.00000000e+00 
 7.45570910e-05  9.96570490e-01  7.45570910e-05  6.90181587e-01  7.45570910e-05  1.16241336e-06  7.45570910e-05  1.88855413e-06  7.45570910e-05 -1.63106299e-07  7.45570910e-05  1.20000000e+00  7.45570910e-05  0.00000000e+00 
 7.46570910e-05  9.99163936e-01  7.46570910e-05  6.90205546e-01  7.46570910e-05  1.26514385e-06  7.46570910e-05 -1.31711765e-06  7.46570910e-05  1.63181794e-07  7.46570910e-05  1.20000000e+00  7.46570910e-05  0.00000000e+00 
 7.47570910e-05  1.00175658e+00  7.47570910e-05  6.90182023e-01  7.47570910e-05  1.16241360e-06  7.47570910e-05  1.88866967e-06  7.47570910e-05 -1.63104709e-07  7.47570910e-05  1.20000000e+00  7.47570910e-05  0.00000000e+00 
 7.48570910e-05  1.00435110e+00  7.48570910e-05  6.90205779e-01  7.48570910e-05  1.26514360e-06  7.48570910e-05 -1.31699604e-06  7.48570910e-05  1.63180411e-07  7.48570910e-05  1.20000000e+00  7.48570910e-05  0.00000000e+00 
 7.49570910e-05  1.00694486e+00  7.49570910e-05  6.90182468e-01  7.49570910e-05  1.16241384e-06  7.49570910e-05  1.88879589e-06  7.49570910e-05 -1.63103125e-07  7.49570910e-05  1.20000000e+00  7.49570910e-05  0.00000000e+00 
 7.50570910e-05  1.00954055e+00  7.50570910e-05  6.90206046e-01  7.50570910e-05  1.26514336e-06  7.50570910e-05 -1.31686349e-06  7.50570910e-05  1.63179034e-07  7.50570910e-05  1.20000000e+00  7.50570910e-05  0.00000000e+00 
 7.51570910e-05  1.01213553e+00  7.51570910e-05  6.90182914e-01  7.51570910e-05  1.16241409e-06  7.51570910e-05  1.88893323e-06  7.51570910e-05 -1.63101549e-07  7.51570910e-05  1.20000000e+00  7.51570910e-05  0.00000000e+00 
 7.52570910e-05  1.01473250e+00  7.52570910e-05  6.90206352e-01  7.52570910e-05  1.26514312e-06  7.52570910e-05 -1.31671955e-06  7.52570910e-05  1.63177662e-07  7.52570910e-05  1.20000000e+00  7.52570910e-05  0.00000000e+00 
 7.53570910e-05  1.01732880e+00  7.53570910e-05  6.90183358e-01  7.53570910e-05  1.16241433e-06  7.53570910e-05  1.88908210e-06  7.53570910e-05 -1.63099978e-07  7.53570910e-05  1.20000000e+00  7.53570910e-05  0.00000000e+00 
 7.54570910e-05  1.01992714e+00  7.54570910e-05  6.90206701e-01  7.54570910e-05  1.26514288e-06  7.54570910e-05 -1.31656386e-06  7.54570910e-05  1.63176297e-07  7.54570910e-05  1.20000000e+00  7.54570910e-05  0.00000000e+00 
 7.55570910e-05  1.02252487e+00  7.55570910e-05  6.90183794e-01  7.55570910e-05  1.16241457e-06  7.55570910e-05  1.88924286e-06  7.55570910e-05 -1.63098412e-07  7.55570910e-05  1.20000000e+00  7.55570910e-05  0.00000000e+00 
 7.56570910e-05  1.02512470e+00  7.56570910e-05  6.90207100e-01  7.56570910e-05  1.26514264e-06  7.56570910e-05 -1.31639615e-06  7.56570910e-05  1.63174936e-07  7.56570910e-05  1.20000000e+00  7.56570910e-05  0.00000000e+00 
 7.57570910e-05  1.02772395e+00  7.57570910e-05  6.90184217e-01  7.57570910e-05  1.16241481e-06  7.57570910e-05  1.88941576e-06  7.57570910e-05 -1.63096852e-07  7.57570910e-05  1.20000000e+00  7.57570910e-05  0.00000000e+00 
 7.58570910e-05  1.03032537e+00  7.58570910e-05  6.90207557e-01  7.58570910e-05  1.26514240e-06  7.58570910e-05 -1.31621624e-06  7.58570910e-05  1.63173579e-07  7.58570910e-05  1.20000000e+00  7.58570910e-05  0.00000000e+00 
 7.59570910e-05  1.03292627e+00  7.59570910e-05  6.90184619e-01  7.59570910e-05  1.16241505e-06  7.59570910e-05  1.88960099e-06  7.59570910e-05 -1.63095295e-07  7.59570910e-05  1.20000000e+00  7.59570910e-05  0.00000000e+00 
 7.60570910e-05  1.03552939e+00  7.60570910e-05  6.90208082e-01  7.60570910e-05  1.26514216e-06  7.60570910e-05 -1.31602408e-06  7.60570910e-05  1.63172225e-07  7.60570910e-05  1.20000000e+00  7.60570910e-05  0.00000000e+00 
 7.61570910e-05  1.03813204e+00  7.61570910e-05  6.90184994e-01  7.61570910e-05  1.16241529e-06  7.61570910e-05  1.88979865e-06  7.61570910e-05 -1.63093741e-07  7.61570910e-05  1.20000000e+00  7.61570910e-05  0.00000000e+00 
 7.62570910e-05  1.04073696e+00  7.62570910e-05  6.90208685e-01  7.62570910e-05  1.26514191e-06  7.62570910e-05 -1.31581973e-06  7.62570910e-05  1.63170872e-07  7.62570910e-05  1.20000000e+00  7.62570910e-05  0.00000000e+00 
 7.63570910e-05  1.04334147e+00  7.63570910e-05  6.90185337e-01  7.63570910e-05  1.16241554e-06  7.63570910e-05  1.89000879e-06  7.63570910e-05 -1.63092188e-07  7.63570910e-05  1.20000000e+00  7.63570910e-05  0.00000000e+00 
 7.64570910e-05  1.04594830e+00  7.64570910e-05  6.90209378e-01  7.64570910e-05  1.26514167e-06  7.64570910e-05 -1.31560335e-06  7.64570910e-05  1.63169519e-07  7.64570910e-05  1.20000000e+00  7.64570910e-05  0.00000000e+00 
 7.65570910e-05  1.04855478e+00  7.65570910e-05  6.90185639e-01  7.65570910e-05  1.16241579e-06  7.65570910e-05  1.89023137e-06  7.65570910e-05 -1.63090634e-07  7.65570910e-05  1.20000000e+00  7.65570910e-05  0.00000000e+00 
 7.66570910e-05  1.05116362e+00  7.66570910e-05  6.90210173e-01  7.66570910e-05  1.26514141e-06  7.66570910e-05 -1.31537520e-06  7.66570910e-05  1.63168164e-07  7.66570910e-05  1.20000000e+00  7.66570910e-05  0.00000000e+00 
 7.67570910e-05  1.05377218e+00  7.67570910e-05  6.90185895e-01  7.67570910e-05  1.16241604e-06  7.67570910e-05  1.89046627e-06  7.67570910e-05 -1.63089076e-07  7.67570910e-05  1.20000000e+00  7.67570910e-05  0.00000000e+00 
 7.68570910e-05  1.05638314e+00  7.68570910e-05  6.90211084e-01  7.68570910e-05  1.26514116e-06  7.68570910e-05 -1.31513563e-06  7.68570910e-05  1.63166804e-07  7.68570910e-05  1.20000000e+00  7.68570910e-05  0.00000000e+00 
 7.69570910e-05  1.05899387e+00  7.69570910e-05  6.90186096e-01  7.69570910e-05  1.16241630e-06  7.69570910e-05  1.89071338e-06  7.69570910e-05 -1.63087513e-07  7.69570910e-05  1.20000000e+00  7.69570910e-05  0.00000000e+00 
 7.70570910e-05  1.06160704e+00  7.70570910e-05  6.90212123e-01  7.70570910e-05  1.26514089e-06  7.70570910e-05 -1.31488502e-06  7.70570910e-05  1.63165437e-07  7.70570910e-05  1.20000000e+00  7.70570910e-05  0.00000000e+00 
 7.71570910e-05  1.06422005e+00  7.71570910e-05  6.90186237e-01  7.71570910e-05  1.16241657e-06  7.71570910e-05  1.89097258e-06  7.71570910e-05 -1.63085941e-07  7.71570910e-05  1.20000000e+00  7.71570910e-05  0.00000000e+00 
 7.72570910e-05  1.06683552e+00  7.72570910e-05  6.90213301e-01  7.72570910e-05  1.26514062e-06  7.72570910e-05 -1.31462372e-06  7.72570910e-05  1.63164058e-07  7.72570910e-05  1.20000000e+00  7.72570910e-05  0.00000000e+00 
 7.73570910e-05  1.06945090e+00  7.73570910e-05  6.90186310e-01  7.73570910e-05  1.16241686e-06  7.73570910e-05  1.89124381e-06  7.73570910e-05 -1.63084355e-07  7.73570910e-05  1.20000000e+00  7.73570910e-05  0.00000000e+00 
 7.74570910e-05  1.07206877e+00  7.74570910e-05  6.90214630e-01  7.74570910e-05  1.26514033e-06  7.74570910e-05 -1.31435202e-06  7.74570910e-05  1.63162664e-07  7.74570910e-05  1.20000000e+00  7.74570910e-05  0.00000000e+00 
 7.75570910e-05  1.07468663e+00  7.75570910e-05  6.90186310e-01  7.75570910e-05  1.16241715e-06  7.75570910e-05  1.89152711e-06  7.75570910e-05 -1.63082753e-07  7.75570910e-05  1.20000000e+00  7.75570910e-05  0.00000000e+00 
 7.76570910e-05  1.07730699e+00  7.76570910e-05  6.90216115e-01  7.76570910e-05  1.26514003e-06  7.76570910e-05 -1.31407004e-06  7.76570910e-05  1.63161251e-07  7.76570910e-05  1.20000000e+00  7.76570910e-05  0.00000000e+00 
 7.77570910e-05  1.07992741e+00  7.77570910e-05  6.90186232e-01  7.77570910e-05  1.16241746e-06  7.77570910e-05  1.89182277e-06  7.77570910e-05 -1.63081129e-07  7.77570910e-05  1.20000000e+00  7.77570910e-05  0.00000000e+00 
 7.78570910e-05  1.08255036e+00  7.78570910e-05  6.90217760e-01  7.78570910e-05  1.26513970e-06  7.78570910e-05 -1.31377762e-06  7.78570910e-05  1.63159813e-07  7.78570910e-05  1.20000000e+00  7.78570910e-05  0.00000000e+00 
 7.79570910e-05  1.08517345e+00  7.79570910e-05  6.90186073e-01  7.79570910e-05  1.16241780e-06  7.79570910e-05  1.89213131e-06  7.79570910e-05 -1.63079479e-07  7.79570910e-05  1.20000000e+00  7.79570910e-05  0.00000000e+00 
 7.80570910e-05  1.08779909e+00  7.80570910e-05  6.90219562e-01  7.80570910e-05  1.26513936e-06  7.80570910e-05 -1.31347425e-06  7.80570910e-05  1.63158346e-07  7.80570910e-05  1.20000000e+00  7.80570910e-05  0.00000000e+00 
 7.81570910e-05  1.09042495e+00  7.81570910e-05  6.90185831e-01  7.81570910e-05  1.16241815e-06  7.81570910e-05  1.89245370e-06  7.81570910e-05 -1.63077796e-07  7.81570910e-05  1.20000000e+00  7.81570910e-05  0.00000000e+00 
 7.82570910e-05  1.09305338e+00  7.82570910e-05  6.90221517e-01  7.82570910e-05  1.26513900e-06  7.82570910e-05 -1.31315889e-06  7.82570910e-05  1.63156844e-07  7.82570910e-05  1.20000000e+00  7.82570910e-05  0.00000000e+00 
 7.83570910e-05  1.09568214e+00  7.83570910e-05  6.90185508e-01  7.83570910e-05  1.16241853e-06  7.83570910e-05  1.89279137e-06  7.83570910e-05 -1.63076076e-07  7.83570910e-05  1.20000000e+00  7.83570910e-05  0.00000000e+00 
 7.84570910e-05  1.09831349e+00  7.84570910e-05  6.90223613e-01  7.84570910e-05  1.26513860e-06  7.84570910e-05 -1.31282990e-06  7.84570910e-05  1.63155300e-07  7.84570910e-05  1.20000000e+00  7.84570910e-05  0.00000000e+00 
 7.85570910e-05  1.10094527e+00  7.85570910e-05  6.90185107e-01  7.85570910e-05  1.16241894e-06  7.85570910e-05  1.89314643e-06  7.85570910e-05 -1.63074312e-07  7.85570910e-05  1.20000000e+00  7.85570910e-05  0.00000000e+00 
 7.86570910e-05  1.10357969e+00  7.86570910e-05  6.90225836e-01  7.86570910e-05  1.26513818e-06  7.86570910e-05 -1.31248487e-06  7.86570910e-05  1.63153710e-07  7.86570910e-05  1.20000000e+00  7.86570910e-05  0.00000000e+00 
 7.87570910e-05  1.10621466e+00  7.87570910e-05  6.90184632e-01  7.87570910e-05  1.16241938e-06  7.87570910e-05  1.89352175e-06  7.87570910e-05 -1.63072498e-07  7.87570910e-05  1.20000000e+00  7.87570910e-05  0.00000000e+00 
 7.88570910e-05  1.10885232e+00  7.88570910e-05  6.90228166e-01  7.88570910e-05  1.26513772e-06  7.88570910e-05 -1.31212043e-06  7.88570910e-05  1.63152067e-07  7.88570910e-05  1.20000000e+00  7.88570910e-05  0.00000000e+00 
 7.89570910e-05  1.11149067e+00  7.89570910e-05  6.90184092e-01  7.89570910e-05  1.16241985e-06  7.89570910e-05  1.89392116e-06  7.89570910e-05 -1.63070629e-07  7.89570910e-05  1.20000000e+00  7.89570910e-05  0.00000000e+00 
 7.90570910e-05  1.11413179e+00  7.90570910e-05  6.90230582e-01  7.90570910e-05  1.26513723e-06  7.90570910e-05 -1.31173217e-06  7.90570910e-05  1.63150366e-07  7.90570910e-05  1.20000000e+00  7.90570910e-05  0.00000000e+00 
 7.91570910e-05  1.11677376e+00  7.91570910e-05  6.90183494e-01  7.91570910e-05  1.16242036e-06  7.91570910e-05  1.89434960e-06  7.91570910e-05 -1.63068699e-07  7.91570910e-05  1.20000000e+00  7.91570910e-05  0.00000000e+00 
 7.92570910e-05  1.11941860e+00  7.92570910e-05  6.90233061e-01  7.92570910e-05  1.26513670e-06  7.92570910e-05 -1.31131437e-06  7.92570910e-05  1.63148601e-07  7.92570910e-05  1.20000000e+00  7.92570910e-05  0.00000000e+00 
 7.93570910e-05  1.12206449e+00  7.93570910e-05  6.90182850e-01  7.93570910e-05  1.16242091e-06  7.93570910e-05  1.89481335e-06  7.93570910e-05 -1.63066703e-07  7.93570910e-05  1.20000000e+00  7.93570910e-05  0.00000000e+00 
 7.94570910e-05  1.12471337e+00  7.94570910e-05  6.90235579e-01  7.94570910e-05  1.26513614e-06  7.94570910e-05 -1.31085984e-06  7.94570910e-05  1.63146767e-07  7.94570910e-05  1.20000000e+00  7.94570910e-05  0.00000000e+00 
 7.95570910e-05  1.12736353e+00  7.95570910e-05  6.90182171e-01  7.95570910e-05  1.16242150e-06  7.95570910e-05  1.89532026e-06  7.95570910e-05 -1.63064635e-07  7.95570910e-05  1.20000000e+00  7.95570910e-05  0.00000000e+00 
 7.96570910e-05  1.13001687e+00  7.96570910e-05  6.90238111e-01  7.96570910e-05  1.26513552e-06  7.96570910e-05 -1.31035966e-06  7.96570910e-05  1.63144859e-07  7.96570910e-05  1.20000000e+00  7.96570910e-05  0.00000000e+00 
 7.97570910e-05  1.13267175e+00  7.97570910e-05  6.90181470e-01  7.97570910e-05  1.16242213e-06  7.97570910e-05  1.89587999e-06  7.97570910e-05 -1.63062492e-07  7.97570910e-05  1.20000000e+00  7.97570910e-05  0.00000000e+00 
 7.98570910e-05  1.13533004e+00  7.98570910e-05  6.90240637e-01  7.98570910e-05  1.26513487e-06  7.98570910e-05 -1.30980290e-06  7.98570910e-05  1.63142874e-07  7.98570910e-05  1.20000000e+00  7.98570910e-05  0.00000000e+00 
 7.99570910e-05  1.13799020e+00  7.99570910e-05  6.90180759e-01  7.99570910e-05  1.16242281e-06  7.99570910e-05  1.89650442e-06  7.99570910e-05 -1.63060270e-07  7.99570910e-05  1.20000000e+00  7.99570910e-05  0.00000000e+00 
 8.00570910e-05  1.14065405e+00  8.00570910e-05  6.90243137e-01  8.00570910e-05  1.26513417e-06  8.00570910e-05 -1.30917627e-06  8.00570910e-05  1.63140808e-07  8.00570910e-05  1.20000000e+00  8.00570910e-05  0.00000000e+00 
 8.01570910e-05  1.14332016e+00  8.01570910e-05  6.90180050e-01  8.01570910e-05  1.16242353e-06  8.01570910e-05  1.89720794e-06  8.01570910e-05 -1.63057966e-07  8.01570910e-05  1.20000000e+00  8.01570910e-05  0.00000000e+00 
 8.02570910e-05  1.14599033e+00  8.02570910e-05  6.90245594e-01  8.02570910e-05  1.26513343e-06  8.02570910e-05 -1.30846370e-06  8.02570910e-05  1.63138660e-07  8.02570910e-05  1.20000000e+00  8.02570910e-05  0.00000000e+00 
 8.03570910e-05  1.14866322e+00  8.03570910e-05  6.90179355e-01  8.03570910e-05  1.16242429e-06  8.03570910e-05  1.89800804e-06  8.03570910e-05 -1.63055578e-07  8.03570910e-05  1.20000000e+00  8.03570910e-05  0.00000000e+00 
 8.04570910e-05  1.15134063e+00  8.04570910e-05  6.90247995e-01  8.04570910e-05  1.26513264e-06  8.04570910e-05 -1.30764584e-06  8.04570910e-05  1.63136426e-07  8.04570910e-05  1.20000000e+00  8.04570910e-05  0.00000000e+00 
 8.05570910e-05  1.15402132e+00  8.05570910e-05  6.90178685e-01  8.05570910e-05  1.16242510e-06  8.05570910e-05  1.89892579e-06  8.05570910e-05 -1.63053104e-07  8.05570910e-05  1.20000000e+00  8.05570910e-05  0.00000000e+00 
 8.06570910e-05  1.15670709e+00  8.06570910e-05  6.90250331e-01  8.06570910e-05  1.26513181e-06  8.06570910e-05 -1.30669942e-06  8.06570910e-05  1.63134107e-07  8.06570910e-05  1.20000000e+00  8.06570910e-05  0.00000000e+00 
 8.07570910e-05  1.15939681e+00  8.07570910e-05  6.90178053e-01  8.07570910e-05  1.16242595e-06  8.07570910e-05  1.89998658e-06  8.07570910e-05 -1.63050544e-07  8.07570910e-05  1.20000000e+00  8.07570910e-05  0.00000000e+00 
 8.08570910e-05  1.16209232e+00  8.08570910e-05  6.90252595e-01  8.08570910e-05  1.26513094e-06  8.08570910e-05 -1.30559655e-06  8.08570910e-05  1.63131702e-07  8.08570910e-05  1.20000000e+00  8.08570910e-05  0.00000000e+00 
 8.09570910e-05  1.16479257e+00  8.09570910e-05  6.90177467e-01  8.09570910e-05  1.16242685e-06  8.09570910e-05  1.90122094e-06  8.09570910e-05 -1.63047899e-07  8.09570910e-05  1.20000000e+00  8.09570910e-05  0.00000000e+00 
 8.10570910e-05  1.16749946e+00  8.10570910e-05  6.90254784e-01  8.10570910e-05  1.26513002e-06  8.10570910e-05 -1.30430377e-06  8.10570910e-05  1.63129212e-07  8.10570910e-05  1.20000000e+00  8.10570910e-05  0.00000000e+00 
 8.11570910e-05  1.17021206e+00  8.11570910e-05  6.90176938e-01  8.11570910e-05  1.16242778e-06  8.11570910e-05  1.90266555e-06  8.11570910e-05 -1.63045168e-07  8.11570910e-05  1.20000000e+00  8.11570910e-05  0.00000000e+00 
 8.12570910e-05  1.17293234e+00  8.12570910e-05  6.90256898e-01  8.12570910e-05  1.26512907e-06  8.12570910e-05 -1.30278097e-06  8.12570910e-05  1.63126637e-07  8.12570910e-05  1.20000000e+00  8.12570910e-05  0.00000000e+00 
 8.13570910e-05  1.17565950e+00  8.13570910e-05  6.90176476e-01  8.13570910e-05  1.16242876e-06  8.13570910e-05  1.90436451e-06  8.13570910e-05 -1.63042352e-07  8.13570910e-05  1.20000000e+00  8.13570910e-05  0.00000000e+00 
 8.14570910e-05  1.17839560e+00  8.14570910e-05  6.90258941e-01  8.14570910e-05  1.26512807e-06  8.14570910e-05 -1.30098003e-06  8.14570910e-05  1.63123979e-07  8.14570910e-05  1.20000000e+00  8.14570910e-05  0.00000000e+00 
 8.15570910e-05  1.18113998e+00  8.15570910e-05  6.90176092e-01  8.15570910e-05  1.16242978e-06  8.15570910e-05  1.90637083e-06  8.15570910e-05 -1.63039454e-07  8.15570910e-05  1.20000000e+00  8.15570910e-05  0.00000000e+00 
 8.16570910e-05  1.18389481e+00  8.16570910e-05  6.90260916e-01  8.16570910e-05  1.26512704e-06  8.16570910e-05 -1.29884315e-06  8.16570910e-05  1.63121241e-07  8.16570910e-05  1.20000000e+00  8.16570910e-05  0.00000000e+00 
 8.17570910e-05  1.18665962e+00  8.17570910e-05  6.90175796e-01  8.17570910e-05  1.16243083e-06  8.17570910e-05  1.90874834e-06  8.17570910e-05 -1.63036476e-07  8.17570910e-05  1.20000000e+00  8.17570910e-05  0.00000000e+00 
 8.18570910e-05  1.18943672e+00  8.18570910e-05  6.90262833e-01  8.18570910e-05  1.26512597e-06  8.18570910e-05 -1.29630074e-06  8.18570910e-05  1.63118425e-07  8.18570910e-05  1.20000000e+00  8.18570910e-05  0.00000000e+00 
 8.19570910e-05  1.19222585e+00  8.19570910e-05  6.90175601e-01  8.19570910e-05  1.16243191e-06  8.19570910e-05  1.91157411e-06  8.19570910e-05 -1.63033421e-07  8.19570910e-05  1.20000000e+00  8.19570910e-05  0.00000000e+00 
 8.20570910e-05  1.19502949e+00  8.20570910e-05  6.90264700e-01  8.20570910e-05  1.26512486e-06  8.20570910e-05 -1.29326880e-06  8.20570910e-05  1.63115534e-07  8.20570910e-05  1.20000000e+00  8.20570910e-05  0.00000000e+00 
 8.21570910e-05  1.19784762e+00  8.21570910e-05  6.90175520e-01  8.21570910e-05  1.16243304e-06  8.21570910e-05  1.91494154e-06  8.21570910e-05 -1.63030290e-07  8.21570910e-05  1.20000000e+00  8.21570910e-05  0.00000000e+00 
 8.22570910e-05  1.20068293e+00  8.22570910e-05  6.90266532e-01  8.22570910e-05  1.26512373e-06  8.22570910e-05 -1.28964543e-06  8.22570910e-05  1.63112572e-07  8.22570910e-05  1.20000000e+00  8.22570910e-05  0.00000000e+00 
 8.23570910e-05  1.20353573e+00  8.23570910e-05  6.90175569e-01  8.23570910e-05  1.16243419e-06  8.23570910e-05  1.91896435e-06  8.23570910e-05 -1.63027087e-07  8.23570910e-05  1.20000000e+00  8.23570910e-05  0.00000000e+00 
 8.24570910e-05  1.20640896e+00  8.24570910e-05  6.90268343e-01  8.24570910e-05  1.26512256e-06  8.24570910e-05 -1.28530632e-06  8.24570910e-05  1.63109541e-07  8.24570910e-05  1.20000000e+00  8.24570910e-05  0.00000000e+00 
 8.25570910e-05  1.20930328e+00  8.25570910e-05  6.90175765e-01  8.25570910e-05  1.16243537e-06  8.25570910e-05  1.92378202e-06  8.25570910e-05 -1.63023817e-07  8.25570910e-05  1.20000000e+00  8.25570910e-05  0.00000000e+00 
 8.26570910e-05  1.21222198e+00  8.26570910e-05  6.90270149e-01  8.26570910e-05  1.26512136e-06  8.26570910e-05 -1.28009870e-06  8.26570910e-05  1.63106447e-07  8.26570910e-05  1.20000000e+00  8.26570910e-05  0.00000000e+00 
 8.27570910e-05  1.21516617e+00  8.27570910e-05  6.90176132e-01  8.27570910e-05  1.16243658e-06  8.27570910e-05  1.92956699e-06  8.27570910e-05 -1.63020481e-07  8.27570910e-05  1.20000000e+00  8.27570910e-05  0.00000000e+00 
 8.28570910e-05  1.21813954e+00  8.28570910e-05  6.90271971e-01  8.28570910e-05  1.26512014e-06  8.28570910e-05 -1.27383310e-06  8.28570910e-05  1.63103293e-07  8.28570910e-05  1.20000000e+00  8.28570910e-05  0.00000000e+00 
 8.29570910e-05  1.22114378e+00  8.29570910e-05  6.90176695e-01  8.29570910e-05  1.16243781e-06  8.29570910e-05  1.93653466e-06  8.29570910e-05 -1.63017084e-07  8.29570910e-05  1.20000000e+00  8.29570910e-05  0.00000000e+00 
 8.30570910e-05  1.22418308e+00  8.30570910e-05  6.90273832e-01  8.30570910e-05  1.26511889e-06  8.30570910e-05 -1.26627185e-06  8.30570910e-05  1.63100083e-07  8.30570910e-05  1.20000000e+00  8.30570910e-05  0.00000000e+00 
 8.31570910e-05  1.22725986e+00  8.31570910e-05  6.90177484e-01  8.31570910e-05  1.16243907e-06  8.31570910e-05  1.94495732e-06  8.31570910e-05 -1.63013629e-07  8.31570910e-05  1.20000000e+00  8.31570910e-05  0.00000000e+00 
 8.32570910e-05  1.23037896e+00  8.32570910e-05  6.90275755e-01  8.32570910e-05  1.26511763e-06  8.32570910e-05 -1.25711318e-06  8.32570910e-05  1.63096822e-07  8.32570910e-05  1.20000000e+00  8.32570910e-05  0.00000000e+00 
 8.33570910e-05  1.23354373e+00  8.33570910e-05  6.90178535e-01  8.33570910e-05  1.16244034e-06  8.33570910e-05  1.95518370e-06  8.33570910e-05 -1.63010120e-07  8.33570910e-05  1.20000000e+00  8.33570910e-05  0.00000000e+00 
 8.34570910e-05  1.23675985e+00  8.34570910e-05  6.90277764e-01  8.34570910e-05  1.26511634e-06  8.34570910e-05 -1.24596878e-06  8.34570910e-05  1.63093516e-07  8.34570910e-05  1.20000000e+00  8.34570910e-05  0.00000000e+00 
 8.35570910e-05  1.24003188e+00  8.35570910e-05  6.90179885e-01  8.35570910e-05  1.16244164e-06  8.35570910e-05  1.96766617e-06  8.35570910e-05 -1.63006562e-07  8.35570910e-05  1.20000000e+00  8.35570910e-05  0.00000000e+00 
 8.36570910e-05  1.24336659e+00  8.36570910e-05  6.90279878e-01  8.36570910e-05  1.26511503e-06  8.36570910e-05 -1.23233307e-06  8.36570910e-05  1.63090169e-07  8.36570910e-05  1.20000000e+00  8.36570910e-05  0.00000000e+00 
 8.37570910e-05  1.24677014e+00  8.37570910e-05  6.90181564e-01  8.37570910e-05  1.16244295e-06  8.37570910e-05  1.98299729e-06  8.37570910e-05 -1.63002958e-07  8.37570910e-05  1.20000000e+00  8.37570910e-05  0.00000000e+00 
 8.38570910e-05  1.25025070e+00  8.38570910e-05  6.90282090e-01  8.38570910e-05  1.26511371e-06  8.38570910e-05 -1.21554414e-06  8.38570910e-05  1.63086787e-07  8.38570910e-05  1.20000000e+00  8.38570910e-05  0.00000000e+00 
 8.39570910e-05  1.25381657e+00  8.39570910e-05  6.90183571e-01  8.39570910e-05  1.16244427e-06  8.39570910e-05  2.00195212e-06  8.39570910e-05 -1.62999312e-07  8.39570910e-05  1.20000000e+00  8.39570910e-05  0.00000000e+00 
 8.40570910e-05  1.25747765e+00  8.40570910e-05  6.90284323e-01  8.40570910e-05  1.26511238e-06  8.40570910e-05 -1.19474824e-06  8.40570910e-05  1.63083378e-07  8.40570910e-05  1.20000000e+00  8.40570910e-05  0.00000000e+00 
 8.41570910e-05  1.26124493e+00  8.41570910e-05  6.90185790e-01  8.41570910e-05  1.16244560e-06  8.41570910e-05  2.02550585e-06  8.41570910e-05 -1.62995628e-07  8.41570910e-05  1.20000000e+00  8.41570910e-05  0.00000000e+00 
 8.42570910e-05  1.26513019e+00  8.42570910e-05  6.90286279e-01  8.42570910e-05  1.26511105e-06  8.42570910e-05 -1.16893971e-06  8.42570910e-05  1.63079948e-07  8.42570910e-05  1.20000000e+00  8.42570910e-05  0.00000000e+00 
 8.43570910e-05  1.26914710e+00  8.43570910e-05  6.90187729e-01  8.43570910e-05  1.16244693e-06  8.43570910e-05  2.05466332e-06  8.43570910e-05 -1.62991912e-07  8.43570910e-05  1.20000000e+00  8.43570910e-05  0.00000000e+00 
 8.44570910e-05  1.27329831e+00  8.44570910e-05  6.90284153e-01  8.44570910e-05  1.26510971e-06  8.44570910e-05 -1.13947738e-06  8.44570910e-05  1.63076507e-07  8.44570910e-05  1.20000000e+00  8.44570910e-05  0.00000000e+00 
 8.45570910e-05  1.27760708e+00  8.45570910e-05  6.90190195e-01  8.45570910e-05  1.16244826e-06  8.45570910e-05  2.08948098e-06  8.45570910e-05 -1.62988179e-07  8.45570910e-05  1.20000000e+00  8.45570910e-05  0.00000000e+00 
 8.46570910e-05  1.28206981e+00  8.46570910e-05  6.90278867e-01  8.46570910e-05  1.26510841e-06  8.46570910e-05 -1.10563739e-06  8.46570910e-05  1.63073086e-07  8.46570910e-05  1.20000000e+00  8.46570910e-05  0.00000000e+00 
 8.47570910e-05  1.28666244e+00  8.47570910e-05  6.90181221e-01  8.47570910e-05  1.16244956e-06  8.47570910e-05  2.11846324e-06  8.47570910e-05 -1.62984455e-07  8.47570910e-05  1.20000000e+00  8.47570910e-05  0.00000000e+00 
 8.48570910e-05  1.29131777e+00  8.48570910e-05  6.90259890e-01  8.48570910e-05  1.26510714e-06  8.48570910e-05 -1.09165183e-06  8.48570910e-05  1.63069697e-07  8.48570910e-05  1.20000000e+00  8.48570910e-05  0.00000000e+00 
 8.49285505e-05  1.29462931e+00  8.49285505e-05  6.90159620e-01  8.49285505e-05  1.16245110e-06  8.49285505e-05  2.11447327e-06  8.49285505e-05 -1.62980077e-07  8.49285505e-05  1.20000000e+00  8.49285505e-05  0.00000000e+00 
 8.50000100e-05  1.29785293e+00  8.50000100e-05  6.90231980e-01  8.50000100e-05  1.26510542e-06  8.50000100e-05 -1.11847463e-06  8.50000100e-05  1.63064896e-07  8.50000100e-05  1.20000000e+00  8.50000100e-05  0.00000000e+00 
 8.50000110e-05  1.29783928e+00  8.50000110e-05  6.87629386e-01  8.50000110e-05  1.86491164e-06  8.50000110e-05 -8.67992269e-06  8.50000110e-05  1.83829416e-06  8.50000110e-05  1.08000000e+00  8.50000110e-05  0.00000000e+00 
 8.50000130e-05  1.29780719e+00  8.50000130e-05  6.82231732e-01  8.50000130e-05  1.95806143e-06  8.50000130e-05 -7.30105156e-06  8.50000130e-05  2.13796804e-06  8.50000130e-05  8.40000000e-01  8.50000130e-05  0.00000000e+00 
 8.50000165e-05  1.29773924e+00  8.50000165e-05  6.74329810e-01  8.50000165e-05  1.66739134e-06  8.50000165e-05  1.20381801e-06  8.50000165e-05  1.20475334e-06  8.50000165e-05  4.20000000e-01  8.50000165e-05  0.00000000e+00 
 8.50000200e-05  1.29767236e+00  8.50000200e-05  6.70700781e-01  8.50000200e-05  1.34579601e-06  8.50000200e-05  4.08746228e-06  8.50000200e-05  3.06096075e-07  8.50000200e-05  0.00000000e+00  8.50000200e-05  0.00000000e+00 
 8.50000207e-05  1.29767027e+00  8.50000207e-05  6.71109349e-01  8.50000207e-05  1.09252818e-06  8.50000207e-05  2.10483557e-06  8.50000207e-05 -4.26805059e-07  8.50000207e-05  0.00000000e+00  8.50000207e-05  0.00000000e+00 
 8.50000220e-05  1.29766757e+00  8.50000220e-05  6.71949689e-01  8.50000220e-05  1.05878505e-06  8.50000220e-05  2.51024776e-06  8.50000220e-05 -5.56505404e-07  8.50000220e-05  0.00000000e+00  8.50000220e-05  0.00000000e+00 
 8.50000247e-05  1.29766389e+00  8.50000247e-05  6.73498372e-01  8.50000247e-05  1.10960476e-06  8.50000247e-05  2.95308675e-06  8.50000247e-05 -3.53773436e-07  8.50000247e-05  0.00000000e+00  8.50000247e-05  0.00000000e+00 
 8.50000300e-05  1.29766044e+00  8.50000300e-05  6.76580586e-01  8.50000300e-05  1.05378976e-06  8.50000300e-05  4.11291394e-06  8.50000300e-05 -5.16820245e-07  8.50000300e-05  0.00000000e+00  8.50000300e-05  0.00000000e+00 
 8.50000406e-05  1.29766536e+00  8.50000406e-05  6.82559957e-01  8.50000406e-05  1.10211201e-06  8.50000406e-05  3.97522435e-06  8.50000406e-05 -3.11108187e-07  8.50000406e-05  0.00000000e+00  8.50000406e-05  0.00000000e+00 
 8.50000619e-05  1.29770513e+00  8.50000619e-05  6.91707172e-01  8.50000619e-05  1.10026853e-06  8.50000619e-05  1.50726116e-06  8.50000619e-05 -3.10284672e-07  8.50000619e-05  0.00000000e+00  8.50000619e-05  0.00000000e+00 
 8.50001044e-05  1.29783387e+00  8.50001044e-05  7.02391316e-01  8.50001044e-05  1.17376357e-06  8.50001044e-05 -1.71759278e-06  8.50001044e-05 -5.17852414e-08  8.50001044e-05  0.00000000e+00  8.50001044e-05  0.00000000e+00 
 8.50001738e-05  1.29805624e+00  8.50001738e-05  7.11657099e-01  8.50001738e-05  1.15534094e-06  8.50001738e-05 -3.60471598e-06  8.50001738e-05 -1.36853514e-07  8.50001738e-05  0.00000000e+00  8.50001738e-05  0.00000000e+00 
 8.50002834e-05  1.29825021e+00  8.50002834e-05  7.18359870e-01  8.50002834e-05  1.22217329e-06  8.50002834e-05 -5.21462921e-06  8.50002834e-05  5.93116775e-08  8.50002834e-05  0.00000000e+00  8.50002834e-05  0.00000000e+00 
 8.50004338e-05  1.29826976e+00  8.50004338e-05  7.05886586e-01  8.50004338e-05  1.25437694e-06  8.50004338e-05 -3.20840483e-06  8.50004338e-05  7.42396823e-08  8.50004338e-05  0.00000000e+00  8.50004338e-05  0.00000000e+00 
 8.50005906e-05  1.29826583e+00  8.50005906e-05  6.96956390e-01  8.50005906e-05  1.22093793e-06  8.50005906e-05 -1.09593850e-06  8.50005906e-05  1.57506557e-08  8.50005906e-05  0.00000000e+00  8.50005906e-05  0.00000000e+00 
 8.50007692e-05  1.29826543e+00  8.50007692e-05  6.92652505e-01  8.50007692e-05  1.22751004e-06  8.50007692e-05 -1.39595726e-06  8.50007692e-05  2.11170196e-08  8.50007692e-05  0.00000000e+00  8.50007692e-05  0.00000000e+00 
 8.50010542e-05  1.29826434e+00  8.50010542e-05  6.90162227e-01  8.50010542e-05  1.20709073e-06  8.50010542e-05  1.77351614e-07  8.50010542e-05 -9.43391889e-09  8.50010542e-05  0.00000000e+00  8.50010542e-05  0.00000000e+00 
 8.50016244e-05  1.29826197e+00  8.50016244e-05  6.89467299e-01  8.50016244e-05  1.22088578e-06  8.50016244e-05 -5.97354009e-07  8.50016244e-05  9.46507838e-09  8.50016244e-05  0.00000000e+00  8.50016244e-05  0.00000000e+00 
 8.50027647e-05  1.29825561e+00  8.50027647e-05  6.90092316e-01  8.50027647e-05  1.20581285e-06  8.50027647e-05  5.43420089e-07  8.50027647e-05 -1.15491130e-08  8.50027647e-05  0.00000000e+00  8.50027647e-05  0.00000000e+00 
 8.50050453e-05  1.29824346e+00  8.50050453e-05  6.90265476e-01  8.50050453e-05  1.22154479e-06  8.50050453e-05 -5.43872301e-07  8.50050453e-05  1.10013049e-08  8.50050453e-05  0.00000000e+00  8.50050453e-05  0.00000000e+00 
 8.50096066e-05  1.29822291e+00  8.50096066e-05  6.90277051e-01  8.50096066e-05  1.20595742e-06  8.50096066e-05  5.43437881e-07  8.50096066e-05 -1.10489065e-08  8.50096066e-05  0.00000000e+00  8.50096066e-05  0.00000000e+00 
 8.50187291e-05  1.29819215e+00  8.50187291e-05  6.90133448e-01  8.50187291e-05  1.22158800e-06  8.50187291e-05 -5.42984650e-07  8.50187291e-05  1.11394673e-08  8.50187291e-05  0.00000000e+00  8.50187291e-05  0.00000000e+00 
 8.50369740e-05  1.29815697e+00  8.50369740e-05  6.90187460e-01  8.50369740e-05  1.20596166e-06  8.50369740e-05  5.42913548e-07  8.50369740e-05 -1.10598521e-08  8.50369740e-05  0.00000000e+00  8.50369740e-05  0.00000000e+00 
 8.50734640e-05  1.29813348e+00  8.50734640e-05  6.90124484e-01  8.50734640e-05  1.22159747e-06  8.50734640e-05 -5.42862489e-07  8.50734640e-05  1.11506661e-08  8.50734640e-05  0.00000000e+00  8.50734640e-05  0.00000000e+00 
 8.51464439e-05  1.29812950e+00  8.51464439e-05  6.90195847e-01  8.51464439e-05  1.20595921e-06  8.51464439e-05  5.42853259e-07  8.51464439e-05 -1.10650532e-08  8.51464439e-05  0.00000000e+00  8.51464439e-05  0.00000000e+00 
 8.52464439e-05  1.29812983e+00  8.52464439e-05  6.90131312e-01  8.52464439e-05  1.22159880e-06  8.52464439e-05 -5.42844750e-07  8.52464439e-05  1.11536310e-08  8.52464439e-05  0.00000000e+00  8.52464439e-05  0.00000000e+00 
 8.53464439e-05  1.29812886e+00  8.53464439e-05  6.90205474e-01  8.53464439e-05  1.20595809e-06  8.53464439e-05  5.42865309e-07  8.53464439e-05 -1.10675484e-08  8.53464439e-05  0.00000000e+00  8.53464439e-05  0.00000000e+00 
 8.54464439e-05  1.29812841e+00  8.54464439e-05  6.90133688e-01  8.54464439e-05  1.22159990e-06  8.54464439e-05 -5.42891342e-07  8.54464439e-05  1.11561282e-08  8.54464439e-05  0.00000000e+00  8.54464439e-05  0.00000000e+00 
 8.55464439e-05  1.29812773e+00  8.55464439e-05  6.90214637e-01  8.55464439e-05  1.20595697e-06  8.55464439e-05  5.42936932e-07  8.55464439e-05 -1.10700576e-08  8.55464439e-05  0.00000000e+00  8.55464439e-05  0.00000000e+00 
 8.56464439e-05  1.29812717e+00  8.56464439e-05  6.90133078e-01  8.56464439e-05  1.22160104e-06  8.56464439e-05 -5.42978704e-07  8.56464439e-05  1.11586604e-08  8.56464439e-05  0.00000000e+00  8.56464439e-05  0.00000000e+00 
 8.57464439e-05  1.29812653e+00  8.57464439e-05  6.90222127e-01  8.57464439e-05  1.20595580e-06  8.57464439e-05  5.43033984e-07  8.57464439e-05 -1.10726235e-08  8.57464439e-05  0.00000000e+00  8.57464439e-05  0.00000000e+00 
 8.58464439e-05  1.29812595e+00  8.58464439e-05  6.90131813e-01  8.58464439e-05  1.22160224e-06  8.58464439e-05 -5.43082346e-07  8.58464439e-05  1.11612689e-08  8.58464439e-05  0.00000000e+00  8.58464439e-05  0.00000000e+00 
 8.59464439e-05  1.29812532e+00  8.59464439e-05  6.90227956e-01  8.59464439e-05  1.20595457e-06  8.59464439e-05  5.43142042e-07  8.59464439e-05 -1.10752818e-08  8.59464439e-05  0.00000000e+00  8.59464439e-05  0.00000000e+00 
 8.60464439e-05  1.29812474e+00  8.60464439e-05  6.90130526e-01  8.60464439e-05  1.22160351e-06  8.60464439e-05 -5.43193527e-07  8.60464439e-05  1.11639821e-08  8.60464439e-05  0.00000000e+00  8.60464439e-05  0.00000000e+00 
 8.61464439e-05  1.29812411e+00  8.61464439e-05  6.90232432e-01  8.61464439e-05  1.20595326e-06  8.61464439e-05  5.43255366e-07  8.61464439e-05 -1.10780537e-08  8.61464439e-05  0.00000000e+00  8.61464439e-05  0.00000000e+00 
 8.62464439e-05  1.29812353e+00  8.62464439e-05  6.90129430e-01  8.62464439e-05  1.22160485e-06  8.62464439e-05 -5.43308337e-07  8.62464439e-05  1.11668148e-08  8.62464439e-05  0.00000000e+00  8.62464439e-05  0.00000000e+00 
 8.63464439e-05  1.29812290e+00  8.63464439e-05  6.90235909e-01  8.63464439e-05  1.20595188e-06  8.63464439e-05  5.43371138e-07  8.63464439e-05 -1.10809485e-08  8.63464439e-05  0.00000000e+00  8.63464439e-05  0.00000000e+00 
 8.64464439e-05  1.29812231e+00  8.64464439e-05  6.90128634e-01  8.64464439e-05  1.22160627e-06  8.64464439e-05 -5.43424702e-07  8.64464439e-05  1.11697716e-08  8.64464439e-05  0.00000000e+00  8.64464439e-05  0.00000000e+00 
 8.65464439e-05  1.29812169e+00  8.65464439e-05  6.90238692e-01  8.65464439e-05  1.20595044e-06  8.65464439e-05  5.43487767e-07  8.65464439e-05 -1.10839667e-08  8.65464439e-05  0.00000000e+00  8.65464439e-05  0.00000000e+00 
 8.66464439e-05  1.29812110e+00  8.66464439e-05  6.90128160e-01  8.66464439e-05  1.22160773e-06  8.66464439e-05 -5.43541375e-07  8.66464439e-05  1.11728498e-08  8.66464439e-05  0.00000000e+00  8.66464439e-05  0.00000000e+00 
 8.67464439e-05  1.29812048e+00  8.67464439e-05  6.90240963e-01  8.67464439e-05  1.20594894e-06  8.67464439e-05  5.43604254e-07  8.67464439e-05 -1.10871032e-08  8.67464439e-05  0.00000000e+00  8.67464439e-05  0.00000000e+00 
 8.68464439e-05  1.29811989e+00  8.68464439e-05  6.90127948e-01  8.68464439e-05  1.22160925e-06  8.68464439e-05 -5.43657532e-07  8.68464439e-05  1.11760423e-08  8.68464439e-05  0.00000000e+00  8.68464439e-05  0.00000000e+00 
 8.69464439e-05  1.29811926e+00  8.69464439e-05  6.90242800e-01  8.69464439e-05  1.20594741e-06  8.69464439e-05  5.43719927e-07  8.69464439e-05 -1.10903493e-08  8.69464439e-05  0.00000000e+00  8.69464439e-05  0.00000000e+00 
 8.70464439e-05  1.29811868e+00  8.70464439e-05  6.90127902e-01  8.70464439e-05  1.22161080e-06  8.70464439e-05 -5.43772615e-07  8.70464439e-05  1.11793392e-08  8.70464439e-05  0.00000000e+00  8.70464439e-05  0.00000000e+00 
 8.71464439e-05  1.29811805e+00  8.71464439e-05  6.90244240e-01  8.71464439e-05  1.20594583e-06  8.71464439e-05  5.43834324e-07  8.71464439e-05 -1.10936945e-08  8.71464439e-05  0.00000000e+00  8.71464439e-05  0.00000000e+00 
 8.72464439e-05  1.29811747e+00  8.72464439e-05  6.90127939e-01  8.72464439e-05  1.22161238e-06  8.72464439e-05 -5.43886247e-07  8.72464439e-05  1.11827297e-08  8.72464439e-05  0.00000000e+00  8.72464439e-05  0.00000000e+00 
 8.73464439e-05  1.29811684e+00  8.73464439e-05  6.90245321e-01  8.73464439e-05  1.20594423e-06  8.73464439e-05  5.43947139e-07  8.73464439e-05 -1.10971276e-08  8.73464439e-05  0.00000000e+00  8.73464439e-05  0.00000000e+00 
 8.74464439e-05  1.29811626e+00  8.74464439e-05  6.90128010e-01  8.74464439e-05  1.22161399e-06  8.74464439e-05 -5.43998185e-07  8.74464439e-05  1.11862023e-08  8.74464439e-05  0.00000000e+00  8.74464439e-05  0.00000000e+00 
 8.75464439e-05  1.29811563e+00  8.75464439e-05  6.90246096e-01  8.75464439e-05  1.20594261e-06  8.75464439e-05  5.44058179e-07  8.75464439e-05 -1.11006370e-08  8.75464439e-05  0.00000000e+00  8.75464439e-05  0.00000000e+00 
 8.76464439e-05  1.29811504e+00  8.76464439e-05  6.90128096e-01  8.76464439e-05  1.22161561e-06  8.76464439e-05 -5.44108287e-07  8.76464439e-05  1.11897459e-08  8.76464439e-05  0.00000000e+00  8.76464439e-05  0.00000000e+00 
 8.77464439e-05  1.29811442e+00  8.77464439e-05  6.90246622e-01  8.77464439e-05  1.20594098e-06  8.77464439e-05  5.44167338e-07  8.77464439e-05 -1.11042121e-08  8.77464439e-05  0.00000000e+00  8.77464439e-05  0.00000000e+00 
 8.78464439e-05  1.29811383e+00  8.78464439e-05  6.90128192e-01  8.78464439e-05  1.22161726e-06  8.78464439e-05 -5.44216477e-07  8.78464439e-05  1.11933497e-08  8.78464439e-05  0.00000000e+00  8.78464439e-05  0.00000000e+00 
 8.79464439e-05  1.29811320e+00  8.79464439e-05  6.90246951e-01  8.79464439e-05  1.20593933e-06  8.79464439e-05  5.44274566e-07  8.79464439e-05 -1.11078424e-08  8.79464439e-05  0.00000000e+00  8.79464439e-05  0.00000000e+00 
 8.80464439e-05  1.29811262e+00  8.80464439e-05  6.90128302e-01  8.80464439e-05  1.22161891e-06  8.80464439e-05 -5.44322728e-07  8.80464439e-05  1.11970040e-08  8.80464439e-05  0.00000000e+00  8.80464439e-05  0.00000000e+00 
 8.81464439e-05  1.29811199e+00  8.81464439e-05  6.90247131e-01  8.81464439e-05  1.20593768e-06  8.81464439e-05  5.44379853e-07  8.81464439e-05 -1.11115186e-08  8.81464439e-05  0.00000000e+00  8.81464439e-05  0.00000000e+00 
 8.82464439e-05  1.29811141e+00  8.82464439e-05  6.90128430e-01  8.82464439e-05  1.22162056e-06  8.82464439e-05 -5.44427043e-07  8.82464439e-05  1.12006999e-08  8.82464439e-05  0.00000000e+00  8.82464439e-05  0.00000000e+00 
 8.83464439e-05  1.29811078e+00  8.83464439e-05  6.90247196e-01  8.83464439e-05  1.20593602e-06  8.83464439e-05  5.44483212e-07  8.83464439e-05 -1.11152322e-08  8.83464439e-05  0.00000000e+00  8.83464439e-05  0.00000000e+00 
 8.84464439e-05  1.29811020e+00  8.84464439e-05  6.90128577e-01  8.84464439e-05  1.22162222e-06  8.84464439e-05 -5.44529446e-07  8.84464439e-05  1.12044292e-08  8.84464439e-05  0.00000000e+00  8.84464439e-05  0.00000000e+00 
 8.85464439e-05  1.29810957e+00  8.85464439e-05  6.90247174e-01  8.85464439e-05  1.20593435e-06  8.85464439e-05  5.44584674e-07  8.85464439e-05 -1.11189756e-08  8.85464439e-05  0.00000000e+00  8.85464439e-05  0.00000000e+00 
 8.86464439e-05  1.29810898e+00  8.86464439e-05  6.90128746e-01  8.86464439e-05  1.22162388e-06  8.86464439e-05 -5.44629968e-07  8.86464439e-05  1.12081850e-08  8.86464439e-05  0.00000000e+00  8.86464439e-05  0.00000000e+00 
 8.87464439e-05  1.29810835e+00  8.87464439e-05  6.90247086e-01  8.87464439e-05  1.20593269e-06  8.87464439e-05  5.44684274e-07  8.87464439e-05 -1.11227423e-08  8.87464439e-05  0.00000000e+00  8.87464439e-05  0.00000000e+00 
 8.88464439e-05  1.29810777e+00  8.88464439e-05  6.90128936e-01  8.88464439e-05  1.22162554e-06  8.88464439e-05 -5.44728651e-07  8.88464439e-05  1.12119609e-08  8.88464439e-05  0.00000000e+00  8.88464439e-05  0.00000000e+00 
 8.89464439e-05  1.29810714e+00  8.89464439e-05  6.90246948e-01  8.89464439e-05  1.20593103e-06  8.89464439e-05  5.44782056e-07  8.89464439e-05 -1.11265262e-08  8.89464439e-05  0.00000000e+00  8.89464439e-05  0.00000000e+00 
 8.90464439e-05  1.29810656e+00  8.90464439e-05  6.90129146e-01  8.90464439e-05  1.22162720e-06  8.90464439e-05 -5.44825537e-07  8.90464439e-05  1.12157514e-08  8.90464439e-05  0.00000000e+00  8.90464439e-05  0.00000000e+00 
 8.91464439e-05  1.29810593e+00  8.91464439e-05  6.90246769e-01  8.91464439e-05  1.20592938e-06  8.91464439e-05  5.44878061e-07  8.91464439e-05 -1.11303222e-08  8.91464439e-05  0.00000000e+00  8.91464439e-05  0.00000000e+00 
 8.92464439e-05  1.29810535e+00  8.92464439e-05  6.90129375e-01  8.92464439e-05  1.22162886e-06  8.92464439e-05 -5.44920668e-07  8.92464439e-05  1.12195517e-08  8.92464439e-05  0.00000000e+00  8.92464439e-05  0.00000000e+00 
 8.93464439e-05  1.29810472e+00  8.93464439e-05  6.90246560e-01  8.93464439e-05  1.20592772e-06  8.93464439e-05  5.44972334e-07  8.93464439e-05 -1.11341258e-08  8.93464439e-05  0.00000000e+00  8.93464439e-05  0.00000000e+00 
 8.94464439e-05  1.29810414e+00  8.94464439e-05  6.90129620e-01  8.94464439e-05  1.22163050e-06  8.94464439e-05 -5.45014089e-07  8.94464439e-05  1.12233576e-08  8.94464439e-05  0.00000000e+00  8.94464439e-05  0.00000000e+00 
 8.95464439e-05  1.29810351e+00  8.95464439e-05  6.90246325e-01  8.95464439e-05  1.20592608e-06  8.95464439e-05  5.45064917e-07  8.95464439e-05 -1.11379331e-08  8.95464439e-05  0.00000000e+00  8.95464439e-05  0.00000000e+00 
 8.96464439e-05  1.29810292e+00  8.96464439e-05  6.90129881e-01  8.96464439e-05  1.22163215e-06  8.96464439e-05 -5.45105840e-07  8.96464439e-05  1.12271654e-08  8.96464439e-05  0.00000000e+00  8.96464439e-05  0.00000000e+00 
 8.97464439e-05  1.29810229e+00  8.97464439e-05  6.90246071e-01  8.97464439e-05  1.20592444e-06  8.97464439e-05  5.45155850e-07  8.97464439e-05 -1.11417407e-08  8.97464439e-05  0.00000000e+00  8.97464439e-05  0.00000000e+00 
 8.98464439e-05  1.29810171e+00  8.98464439e-05  6.90130156e-01  8.98464439e-05  1.22163378e-06  8.98464439e-05 -5.45195962e-07  8.98464439e-05  1.12309721e-08  8.98464439e-05  0.00000000e+00  8.98464439e-05  0.00000000e+00 
 8.99464439e-05  1.29810108e+00  8.99464439e-05  6.90245800e-01  8.99464439e-05  1.20592281e-06  8.99464439e-05  5.45245174e-07  8.99464439e-05 -1.11455458e-08  8.99464439e-05  0.00000000e+00  8.99464439e-05  0.00000000e+00 
 9.00464439e-05  1.29810050e+00  9.00464439e-05  6.90130442e-01  9.00464439e-05  1.22163541e-06  9.00464439e-05 -5.45284493e-07  9.00464439e-05  1.12347747e-08  9.00464439e-05  0.00000000e+00  9.00464439e-05  0.00000000e+00 
 9.01464439e-05  1.29809987e+00  9.01464439e-05  6.90245516e-01  9.01464439e-05  1.20592119e-06  9.01464439e-05  5.45332926e-07  9.01464439e-05 -1.11493456e-08  9.01464439e-05  0.00000000e+00  9.01464439e-05  0.00000000e+00 
 9.02464439e-05  1.29809929e+00  9.02464439e-05  6.90130738e-01  9.02464439e-05  1.22163703e-06  9.02464439e-05 -5.45371471e-07  9.02464439e-05  1.12385711e-08  9.02464439e-05  0.00000000e+00  9.02464439e-05  0.00000000e+00 
 9.03464439e-05  1.29809866e+00  9.03464439e-05  6.90245221e-01  9.03464439e-05  1.20591957e-06  9.03464439e-05  5.45419142e-07  9.03464439e-05 -1.11531381e-08  9.03464439e-05  0.00000000e+00  9.03464439e-05  0.00000000e+00 
 9.04464439e-05  1.29809808e+00  9.04464439e-05  6.90131042e-01  9.04464439e-05  1.22163864e-06  9.04464439e-05 -5.45456931e-07  9.04464439e-05  1.12423591e-08  9.04464439e-05  0.00000000e+00  9.04464439e-05  0.00000000e+00 
 9.05464439e-05  1.29809745e+00  9.05464439e-05  6.90244917e-01  9.05464439e-05  1.20591797e-06  9.05464439e-05  5.45503857e-07  9.05464439e-05 -1.11569212e-08  9.05464439e-05  0.00000000e+00  9.05464439e-05  0.00000000e+00 
 9.06464439e-05  1.29809686e+00  9.06464439e-05  6.90131354e-01  9.06464439e-05  1.22164024e-06  9.06464439e-05 -5.45540905e-07  9.06464439e-05  1.12461370e-08  9.06464439e-05  0.00000000e+00  9.06464439e-05  0.00000000e+00 
 9.07464439e-05  1.29809624e+00  9.07464439e-05  6.90244606e-01  9.07464439e-05  1.20591637e-06  9.07464439e-05  5.45587102e-07  9.07464439e-05 -1.11606935e-08  9.07464439e-05  0.00000000e+00  9.07464439e-05  0.00000000e+00 
 9.08464439e-05  1.29809565e+00  9.08464439e-05  6.90131672e-01  9.08464439e-05  1.22164183e-06  9.08464439e-05 -5.45623426e-07  9.08464439e-05  1.12499032e-08  9.08464439e-05  0.00000000e+00  9.08464439e-05  0.00000000e+00 
 9.09464439e-05  1.29809502e+00  9.09464439e-05  6.90244289e-01  9.09464439e-05  1.20591479e-06  9.09464439e-05  5.45668910e-07  9.09464439e-05 -1.11644534e-08  9.09464439e-05  0.00000000e+00  9.09464439e-05  0.00000000e+00 
 9.10464439e-05  1.29809444e+00  9.10464439e-05  6.90131994e-01  9.10464439e-05  1.22164341e-06  9.10464439e-05 -5.45704524e-07  9.10464439e-05  1.12536565e-08  9.10464439e-05  0.00000000e+00  9.10464439e-05  0.00000000e+00 
 9.11464439e-05  1.29809381e+00  9.11464439e-05  6.90243967e-01  9.11464439e-05  1.20591322e-06  9.11464439e-05  5.45749309e-07  9.11464439e-05 -1.11681998e-08  9.11464439e-05  0.00000000e+00  9.11464439e-05  0.00000000e+00 
 9.12464439e-05  1.29809323e+00  9.12464439e-05  6.90132321e-01  9.12464439e-05  1.22164497e-06  9.12464439e-05 -5.45784229e-07  9.12464439e-05  1.12573956e-08  9.12464439e-05  0.00000000e+00  9.12464439e-05  0.00000000e+00 
 9.13464439e-05  1.29809260e+00  9.13464439e-05  6.90243641e-01  9.13464439e-05  1.20591165e-06  9.13464439e-05  5.45828330e-07  9.13464439e-05 -1.11719316e-08  9.13464439e-05  0.00000000e+00  9.13464439e-05  0.00000000e+00 
 9.14464439e-05  1.29809202e+00  9.14464439e-05  6.90132652e-01  9.14464439e-05  1.22164653e-06  9.14464439e-05 -5.45862569e-07  9.14464439e-05  1.12611197e-08  9.14464439e-05  0.00000000e+00  9.14464439e-05  0.00000000e+00 
 9.15464439e-05  1.29809139e+00  9.15464439e-05  6.90243312e-01  9.15464439e-05  1.20591010e-06  9.15464439e-05  5.45905999e-07  9.15464439e-05 -1.11756479e-08  9.15464439e-05  0.00000000e+00  9.15464439e-05  0.00000000e+00 
 9.16464439e-05  1.29809080e+00  9.16464439e-05  6.90132984e-01  9.16464439e-05  1.22164808e-06  9.16464439e-05 -5.45939570e-07  9.16464439e-05  1.12648279e-08  9.16464439e-05  0.00000000e+00  9.16464439e-05  0.00000000e+00 
 9.17464439e-05  1.29809018e+00  9.17464439e-05  6.90242980e-01  9.17464439e-05  1.20590856e-06  9.17464439e-05  5.45982342e-07  9.17464439e-05 -1.11793479e-08  9.17464439e-05  0.00000000e+00  9.17464439e-05  0.00000000e+00 
 9.18464439e-05  1.29808959e+00  9.18464439e-05  6.90133319e-01  9.18464439e-05  1.22164961e-06  9.18464439e-05 -5.46015259e-07  9.18464439e-05  1.12685195e-08  9.18464439e-05  0.00000000e+00  9.18464439e-05  0.00000000e+00 
 9.19464439e-05  1.29808896e+00  9.19464439e-05  6.90242647e-01  9.19464439e-05  1.20590703e-06  9.19464439e-05  5.46057386e-07  9.19464439e-05 -1.11830309e-08  9.19464439e-05  0.00000000e+00  9.19464439e-05  0.00000000e+00 
 9.20464439e-05  1.29808838e+00  9.20464439e-05  6.90133655e-01  9.20464439e-05  1.22165114e-06  9.20464439e-05 -5.46089660e-07  9.20464439e-05  1.12721938e-08  9.20464439e-05  0.00000000e+00  9.20464439e-05  0.00000000e+00 
 9.21464439e-05  1.29808775e+00  9.21464439e-05  6.90242313e-01  9.21464439e-05  1.20590551e-06  9.21464439e-05  5.46131154e-07  9.21464439e-05 -1.11866965e-08  9.21464439e-05  0.00000000e+00  9.21464439e-05  0.00000000e+00 
 9.22464439e-05  1.29808717e+00  9.22464439e-05  6.90133991e-01  9.22464439e-05  1.22165265e-06  9.22464439e-05 -5.46162797e-07  9.22464439e-05  1.12758504e-08  9.22464439e-05  0.00000000e+00  9.22464439e-05  0.00000000e+00 
 9.23464439e-05  1.29808654e+00  9.23464439e-05  6.90241979e-01  9.23464439e-05  1.20590401e-06  9.23464439e-05  5.46203669e-07  9.23464439e-05 -1.11903441e-08  9.23464439e-05  0.00000000e+00  9.23464439e-05  0.00000000e+00 
 9.24464439e-05  1.29808596e+00  9.24464439e-05  6.90134328e-01  9.24464439e-05  1.22165415e-06  9.24464439e-05 -5.46234694e-07  9.24464439e-05  1.12794889e-08  9.24464439e-05  0.00000000e+00  9.24464439e-05  0.00000000e+00 
 9.25464439e-05  1.29808533e+00  9.25464439e-05  6.90241644e-01  9.25464439e-05  1.20590252e-06  9.25464439e-05  5.46274955e-07  9.25464439e-05 -1.11939734e-08  9.25464439e-05  0.00000000e+00  9.25464439e-05  0.00000000e+00 
 9.26464439e-05  1.29808475e+00  9.26464439e-05  6.90134665e-01  9.26464439e-05  1.22165564e-06  9.26464439e-05 -5.46305372e-07  9.26464439e-05  1.12831088e-08  9.26464439e-05  0.00000000e+00  9.26464439e-05  0.00000000e+00 
 9.27464439e-05  1.29808412e+00  9.27464439e-05  6.90241310e-01  9.27464439e-05  1.20590103e-06  9.27464439e-05  5.46345034e-07  9.27464439e-05 -1.11975840e-08  9.27464439e-05  0.00000000e+00  9.27464439e-05  0.00000000e+00 
 9.28464439e-05  1.29808353e+00  9.28464439e-05  6.90135002e-01  9.28464439e-05  1.22165711e-06  9.28464439e-05 -5.46374854e-07  9.28464439e-05  1.12867100e-08  9.28464439e-05  0.00000000e+00  9.28464439e-05  0.00000000e+00 
 9.29464439e-05  1.29808291e+00  9.29464439e-05  6.90240977e-01  9.29464439e-05  1.20589957e-06  9.29464439e-05  5.46413927e-07  9.29464439e-05 -1.12011757e-08  9.29464439e-05  0.00000000e+00  9.29464439e-05  0.00000000e+00 
 9.30464439e-05  1.29808232e+00  9.30464439e-05  6.90135337e-01  9.30464439e-05  1.22165857e-06  9.30464439e-05 -5.46443160e-07  9.30464439e-05  1.12902921e-08  9.30464439e-05  0.00000000e+00  9.30464439e-05  0.00000000e+00 
 9.31464439e-05  1.29808170e+00  9.31464439e-05  6.90240644e-01  9.31464439e-05  1.20589811e-06  9.31464439e-05  5.46481655e-07  9.31464439e-05 -1.12047482e-08  9.31464439e-05  0.00000000e+00  9.31464439e-05  0.00000000e+00 
 9.32464439e-05  1.29808111e+00  9.32464439e-05  6.90135671e-01  9.32464439e-05  1.22166003e-06  9.32464439e-05 -5.46510311e-07  9.32464439e-05  1.12938549e-08  9.32464439e-05  0.00000000e+00  9.32464439e-05  0.00000000e+00 
 9.33464439e-05  1.29808048e+00  9.33464439e-05  6.90240313e-01  9.33464439e-05  1.20589666e-06  9.33464439e-05  5.46548237e-07  9.33464439e-05 -1.12083015e-08  9.33464439e-05  0.00000000e+00  9.33464439e-05  0.00000000e+00 
 9.34464439e-05  1.29807990e+00  9.34464439e-05  6.90136004e-01  9.34464439e-05  1.22166146e-06  9.34464439e-05 -5.46576327e-07  9.34464439e-05  1.12973984e-08  9.34464439e-05  0.00000000e+00  9.34464439e-05  0.00000000e+00 
 9.35464439e-05  1.29807927e+00  9.35464439e-05  6.90239983e-01  9.35464439e-05  1.20589523e-06  9.35464439e-05  5.46613693e-07  9.35464439e-05 -1.12118352e-08  9.35464439e-05  0.00000000e+00  9.35464439e-05  0.00000000e+00 
 9.36464439e-05  1.29807869e+00  9.36464439e-05  6.90136336e-01  9.36464439e-05  1.22166289e-06  9.36464439e-05 -5.46641226e-07  9.36464439e-05  1.13009224e-08  9.36464439e-05  0.00000000e+00  9.36464439e-05  0.00000000e+00 
 9.37464439e-05  1.29807806e+00  9.37464439e-05  6.90239655e-01  9.37464439e-05  1.20589381e-06  9.37464439e-05  5.46678042e-07  9.37464439e-05 -1.12153495e-08  9.37464439e-05  0.00000000e+00  9.37464439e-05  0.00000000e+00 
 9.38464439e-05  1.29807748e+00  9.38464439e-05  6.90136665e-01  9.38464439e-05  1.22166431e-06  9.38464439e-05 -5.46705027e-07  9.38464439e-05  1.13044268e-08  9.38464439e-05  0.00000000e+00  9.38464439e-05  0.00000000e+00 
 9.39464439e-05  1.29807685e+00  9.39464439e-05  6.90239329e-01  9.39464439e-05  1.20589240e-06  9.39464439e-05  5.46741302e-07  9.39464439e-05 -1.12188442e-08  9.39464439e-05  0.00000000e+00  9.39464439e-05  0.00000000e+00 
 9.40464439e-05  1.29807626e+00  9.40464439e-05  6.90136993e-01  9.40464439e-05  1.22166571e-06  9.40464439e-05 -5.46767749e-07  9.40464439e-05  1.13079117e-08  9.40464439e-05  0.00000000e+00  9.40464439e-05  0.00000000e+00 
 9.41464439e-05  1.29807564e+00  9.41464439e-05  6.90239005e-01  9.41464439e-05  1.20589100e-06  9.41464439e-05  5.46803492e-07  9.41464439e-05 -1.12223193e-08  9.41464439e-05  0.00000000e+00  9.41464439e-05  0.00000000e+00 
 9.42464439e-05  1.29807505e+00  9.42464439e-05  6.90137318e-01  9.42464439e-05  1.22166710e-06  9.42464439e-05 -5.46829408e-07  9.42464439e-05  1.13113769e-08  9.42464439e-05  0.00000000e+00  9.42464439e-05  0.00000000e+00 
 9.43464439e-05  1.29807443e+00  9.43464439e-05  6.90238683e-01  9.43464439e-05  1.20588961e-06  9.43464439e-05  5.46864629e-07  9.43464439e-05 -1.12257747e-08  9.43464439e-05  0.00000000e+00  9.43464439e-05  0.00000000e+00 
 9.44464439e-05  1.29807384e+00  9.44464439e-05  6.90137641e-01  9.44464439e-05  1.22166848e-06  9.44464439e-05 -5.46890024e-07  9.44464439e-05  1.13148226e-08  9.44464439e-05  0.00000000e+00  9.44464439e-05  0.00000000e+00 
 9.45464439e-05  1.29807321e+00  9.45464439e-05  6.90238363e-01  9.45464439e-05  1.20588824e-06  9.45464439e-05  5.46924730e-07  9.45464439e-05 -1.12292106e-08  9.45464439e-05  0.00000000e+00  9.45464439e-05  0.00000000e+00 
 9.46464439e-05  1.29807263e+00  9.46464439e-05  6.90137961e-01  9.46464439e-05  1.22166985e-06  9.46464439e-05 -5.46949611e-07  9.46464439e-05  1.13182487e-08  9.46464439e-05  0.00000000e+00  9.46464439e-05  0.00000000e+00 
 9.47464439e-05  1.29807200e+00  9.47464439e-05  6.90238046e-01  9.47464439e-05  1.20588688e-06  9.47464439e-05  5.46983811e-07  9.47464439e-05 -1.12326270e-08  9.47464439e-05  0.00000000e+00  9.47464439e-05  0.00000000e+00 
 9.48464439e-05  1.29807142e+00  9.48464439e-05  6.90138279e-01  9.48464439e-05  1.22167121e-06  9.48464439e-05 -5.47008188e-07  9.48464439e-05  1.13216552e-08  9.48464439e-05  0.00000000e+00  9.48464439e-05  0.00000000e+00 
 9.49232220e-05  1.29807093e+00  9.49232220e-05  6.90237683e-01  9.49232220e-05  1.20588532e-06  9.49232220e-05  5.47050566e-07  9.49232220e-05 -1.12365359e-08  9.49232220e-05  0.00000000e+00  9.49232220e-05  0.00000000e+00 
 9.50000000e-05  1.29807049e+00  9.50000000e-05  6.90138688e-01  9.50000000e-05  1.22167296e-06  9.50000000e-05 -5.47083013e-07  9.50000000e-05  1.13260630e-08  9.50000000e-05  0.00000000e+00  9.50000000e-05  0.00000000e+00 
 9.50000010e-05  1.29807656e+00  9.50000010e-05  6.91698107e-01  9.50000010e-05  8.76128001e-07  9.50000010e-05 -2.52367792e-06  9.50000010e-05  5.56022043e-05  9.50000010e-05  0.00000000e+00  9.50000010e-05  1.20000000e-01 
 9.50000030e-05  1.29809051e+00  9.50000030e-05  6.95419725e-01  9.50000030e-05  6.92381709e-07  9.50000030e-05 -3.65361408e-06  9.50000030e-05  8.16481037e-05  9.50000030e-05  0.00000000e+00  9.50000030e-05  3.60000000e-01 
 9.50000065e-05  1.29813795e+00  9.50000065e-05  7.10716154e-01  9.50000065e-05 -4.20714206e-07  9.50000065e-05 -1.12653725e-05  9.50000065e-05  2.56924733e-04  9.50000065e-05  0.00000000e+00  9.50000065e-05  7.80000000e-01 
 9.50000100e-05  1.29818469e+00  9.50000100e-05  7.26493983e-01  9.50000100e-05  2.87289358e-07  9.50000100e-05 -5.43014334e-06  9.50000100e-05  1.43721584e-04  9.50000100e-05  0.00000000e+00  9.50000100e-05  1.20000000e+00 
 9.50000107e-05  1.29818188e+00  9.50000107e-05  7.27342830e-01  9.50000107e-05  6.72600583e-07  9.50000107e-05 -3.53416518e-06  9.50000107e-05  7.43871471e-05  9.50000107e-05  0.00000000e+00  9.50000107e-05  1.20000000e+00 
 9.50000121e-05  1.29817465e+00  9.50000121e-05  7.28776827e-01  9.50000121e-05  8.00072607e-07  9.50000121e-05 -2.98631809e-06  9.50000121e-05  5.48316820e-05  9.50000121e-05  0.00000000e+00  9.50000121e-05  1.20000000e+00 
 9.50000149e-05  1.29815903e+00  9.50000149e-05  7.31583298e-01  9.50000149e-05  7.42503189e-07  9.50000149e-05 -3.62757168e-06  9.50000149e-05  6.48642471e-05  9.50000149e-05  0.00000000e+00  9.50000149e-05  1.20000000e+00 
 9.50000205e-05  1.29812667e+00  9.50000205e-05  7.36933469e-01  9.50000205e-05  8.90936296e-07  9.50000205e-05 -3.13514498e-06  9.50000205e-05  4.41150623e-05  9.50000205e-05  0.00000000e+00  9.50000205e-05  1.20000000e+00 
 9.50000317e-05  1.29806246e+00  9.50000317e-05  7.45448349e-01  9.50000317e-05  9.03559530e-07  9.50000317e-05 -3.44437077e-06  9.50000317e-05  4.53584422e-05  9.50000317e-05  0.00000000e+00  9.50000317e-05  1.20000000e+00 
 9.50000541e-05  1.29795551e+00  9.50000541e-05  7.55673059e-01  9.50000541e-05  1.10324902e-06  9.50000541e-05 -2.56256541e-06  9.50000541e-05  1.79822002e-05  9.50000541e-05  0.00000000e+00  9.50000541e-05  1.20000000e+00 
 9.50000989e-05  1.29782106e+00  9.50000989e-05  7.62522361e-01  9.50000989e-05  1.13079163e-06  9.50000989e-05 -2.34895046e-06  9.50000989e-05  1.72676053e-05  9.50000989e-05  0.00000000e+00  9.50000989e-05  1.20000000e+00 
 9.50001885e-05  1.29770189e+00  9.50001885e-05  7.61146050e-01  9.50001885e-05  1.27347752e-06  9.50001885e-05 -9.33909126e-07  9.50001885e-05 -2.05547010e-06  9.50001885e-05  0.00000000e+00  9.50001885e-05  1.20000000e+00 
 9.50003150e-05  1.29763852e+00  9.50003150e-05  7.54664191e-01  9.50003150e-05  1.20031417e-06  9.50003150e-05 -6.71174130e-07  9.50003150e-05  8.03991269e-06  9.50003150e-05  0.00000000e+00  9.50003150e-05  1.20000000e+00 
 9.50005351e-05  1.29759124e+00  9.50005351e-05  7.46694314e-01  9.50005351e-05  1.26853086e-06  9.50005351e-05  2.86417669e-07  9.50005351e-05 -5.12672614e-06  9.50005351e-05  0.00000000e+00  9.50005351e-05  1.20000000e+00 
 9.50009154e-05  1.29755624e+00  9.50009154e-05  7.38488244e-01  9.50009154e-05  1.18383984e-06  9.50009154e-05 -3.35058549e-08  9.50009154e-05  6.65876293e-06  9.50009154e-05  0.00000000e+00  9.50009154e-05  1.20000000e+00 
 9.50016760e-05  1.29752169e+00  9.50016760e-05  7.27912601e-01  9.50016760e-05  1.25833672e-06  9.50016760e-05  3.65132889e-07  9.50016760e-05 -5.73973060e-06  9.50016760e-05  0.00000000e+00  9.50016760e-05  1.20000000e+00 
 9.50031973e-05  1.29747759e+00  9.50031973e-05  7.14663023e-01  9.50031973e-05  1.17705368e-06  9.50031973e-05 -1.62569455e-07  9.50031973e-05  6.36197476e-06  9.50031973e-05  0.00000000e+00  9.50031973e-05  1.20000000e+00 
 9.50062400e-05  1.29740655e+00  9.50062400e-05  7.01942359e-01  9.50062400e-05  1.25347270e-06  9.50062400e-05  2.57781191e-07  9.50062400e-05 -5.85176757e-06  9.50062400e-05  0.00000000e+00  9.50062400e-05  1.20000000e+00 
 9.50123252e-05  1.29726218e+00  9.50123252e-05  6.92845748e-01  9.50123252e-05  1.17451026e-06  9.50123252e-05 -2.24331687e-07  9.50123252e-05  6.36953707e-06  9.50123252e-05  0.00000000e+00  9.50123252e-05  1.20000000e+00 
 9.50244956e-05  1.29695663e+00  9.50244956e-05  6.89999825e-01  9.50244956e-05  1.25281887e-06  9.50244956e-05  2.29692326e-07  9.50244956e-05 -5.82177501e-06  9.50244956e-05  0.00000000e+00  9.50244956e-05  1.20000000e+00 
 9.50477591e-05  1.29637101e+00  9.50477591e-05  6.90336481e-01  9.50477591e-05  1.17467043e-06  9.50477591e-05 -2.30062246e-07  9.50477591e-05  6.37321539e-06  9.50477591e-05  0.00000000e+00  9.50477591e-05  1.20000000e+00 
 9.50856038e-05  1.29542197e+00  9.50856038e-05  6.90129581e-01  9.50856038e-05  1.25290160e-06  9.50856038e-05  2.30218533e-07  9.50856038e-05 -5.82178709e-06  9.50856038e-05  0.00000000e+00  9.50856038e-05  1.20000000e+00 
 9.51612931e-05  1.29352613e+00  9.51612931e-05  6.90282780e-01  9.51612931e-05  1.17465109e-06  9.51612931e-05 -2.30269158e-07  9.51612931e-05  6.37316756e-06  9.51612931e-05  0.00000000e+00  9.51612931e-05  1.20000000e+00 
 9.52612931e-05  1.29102160e+00  9.52612931e-05  6.90173990e-01  9.52612931e-05  1.25290912e-06  9.52612931e-05  2.30311604e-07  9.52612931e-05 -5.82174185e-06  9.52612931e-05  0.00000000e+00  9.52612931e-05  1.20000000e+00 
 9.53612931e-05  1.28851705e+00  9.53612931e-05  6.90282176e-01  9.53612931e-05  1.17464588e-06  9.53612931e-05 -2.30337302e-07  9.53612931e-05  6.37312651e-06  9.53612931e-05  0.00000000e+00  9.53612931e-05  1.20000000e+00 
 9.54612931e-05  1.28601249e+00  9.54612931e-05  6.90201672e-01  9.54612931e-05  1.25291351e-06  9.54612931e-05  2.30375949e-07  9.54612931e-05 -5.82169552e-06  9.54612931e-05  0.00000000e+00  9.54612931e-05  1.20000000e+00 
 9.55612931e-05  1.28350801e+00  9.55612931e-05  6.90264291e-01  9.55612931e-05  1.17464217e-06  9.55612931e-05 -2.30392812e-07  9.55612931e-05  6.37307313e-06  9.55612931e-05  0.00000000e+00  9.55612931e-05  1.20000000e+00 
 9.56612931e-05  1.28100352e+00  9.56612931e-05  6.90190136e-01  9.56612931e-05  1.25291673e-06  9.56612931e-05  2.30433882e-07  9.56612931e-05 -5.82165542e-06  9.56612931e-05  0.00000000e+00  9.56612931e-05  1.20000000e+00 
 9.57612931e-05  1.27849921e+00  9.57612931e-05  6.90204042e-01  9.57612931e-05  1.17463948e-06  9.57612931e-05 -2.30458676e-07  9.57612931e-05  6.37299897e-06  9.57612931e-05  0.00000000e+00  9.57612931e-05  1.20000000e+00 
 9.58612931e-05  1.27599486e+00  9.58612931e-05  6.90167769e-01  9.58612931e-05  1.25291908e-06  9.58612931e-05  2.30488529e-07  9.58612931e-05 -5.82161180e-06  9.58612931e-05  0.00000000e+00  9.58612931e-05  1.20000000e+00 
 9.59612931e-05  1.27349065e+00  9.59612931e-05  6.90189220e-01  9.59612931e-05  1.17463745e-06  9.59612931e-05 -2.30515862e-07  9.59612931e-05  6.37293728e-06  9.59612931e-05  0.00000000e+00  9.59612931e-05  1.20000000e+00 
 9.60612931e-05  1.27098638e+00  9.60612931e-05  6.90171823e-01  9.60612931e-05  1.25292087e-06  9.60612931e-05  2.30548447e-07  9.60612931e-05 -5.82155984e-06  9.60612931e-05  0.00000000e+00  9.60612931e-05  1.20000000e+00 
 9.61612931e-05  1.26848221e+00  9.61612931e-05  6.90179826e-01  9.61612931e-05  1.17463587e-06  9.61612931e-05 -2.30573510e-07  9.61612931e-05  6.37287795e-06  9.61612931e-05  0.00000000e+00  9.61612931e-05  1.20000000e+00 
 9.62612931e-05  1.26597798e+00  9.62612931e-05  6.90178837e-01  9.62612931e-05  1.25292227e-06  9.62612931e-05  2.30607788e-07  9.62612931e-05 -5.82150608e-06  9.62612931e-05  0.00000000e+00  9.62612931e-05  1.20000000e+00 
 9.63612931e-05  1.26347385e+00  9.63612931e-05  6.90171780e-01  9.63612931e-05  1.17463463e-06  9.63612931e-05 -2.30631170e-07  9.63612931e-05  6.37281864e-06  9.63612931e-05  0.00000000e+00  9.63612931e-05  1.20000000e+00 
 9.64612931e-05  1.26096965e+00  9.64612931e-05  6.90184182e-01  9.64612931e-05  1.25292337e-06  9.64612931e-05  2.30663812e-07  9.64612931e-05 -5.82145273e-06  9.64612931e-05  0.00000000e+00  9.64612931e-05  1.20000000e+00 
 9.65612931e-05  1.25846554e+00  9.65612931e-05  6.90165946e-01  9.65612931e-05  1.17463366e-06  9.65612931e-05 -2.30685416e-07  9.65612931e-05  6.37276044e-06  9.65612931e-05  0.00000000e+00  9.65612931e-05  1.20000000e+00 
 9.66612931e-05  1.25596138e+00  9.66612931e-05  6.90188216e-01  9.66612931e-05  1.25292423e-06  9.66612931e-05  2.30716450e-07  9.66612931e-05 -5.82140070e-06  9.66612931e-05  0.00000000e+00  9.66612931e-05  1.20000000e+00 
 9.67612931e-05  1.25345731e+00  9.67612931e-05  6.90161669e-01  9.67612931e-05  1.17463290e-06  9.67612931e-05 -2.30736244e-07  9.67612931e-05  6.37270398e-06  9.67612931e-05  0.00000000e+00  9.67612931e-05  1.20000000e+00 
 9.68612931e-05  1.25095318e+00  9.68612931e-05  6.90191218e-01  9.68612931e-05  1.25292491e-06  9.68612931e-05  2.30765573e-07  9.68612931e-05 -5.82135057e-06  9.68612931e-05  0.00000000e+00  9.68612931e-05  1.20000000e+00 
 9.69612931e-05  1.24844913e+00  9.69612931e-05  6.90158565e-01  9.69612931e-05  1.17463230e-06  9.69612931e-05 -2.30783513e-07  9.69612931e-05  6.37264967e-06  9.69612931e-05  0.00000000e+00  9.69612931e-05  1.20000000e+00 
 9.70612931e-05  1.24594504e+00  9.70612931e-05  6.90193399e-01  9.70612931e-05  1.25292544e-06  9.70612931e-05  2.30811072e-07  9.70612931e-05 -5.82130268e-06  9.70612931e-05  0.00000000e+00  9.70612931e-05  1.20000000e+00 
 9.71612931e-05  1.24344101e+00  9.71612931e-05  6.90156360e-01  9.71612931e-05  1.17463182e-06  9.71612931e-05 -2.30827140e-07  9.71612931e-05  6.37259774e-06  9.71612931e-05  0.00000000e+00  9.71612931e-05  1.20000000e+00 
 9.72612931e-05  1.24093695e+00  9.72612931e-05  6.90194932e-01  9.72612931e-05  1.25292586e-06  9.72612931e-05  2.30852906e-07  9.72612931e-05 -5.82125723e-06  9.72612931e-05  0.00000000e+00  9.72612931e-05  1.20000000e+00 
 9.73612931e-05  1.23843294e+00  9.73612931e-05  6.90154849e-01  9.73612931e-05  1.17463145e-06  9.73612931e-05 -2.30867121e-07  9.73612931e-05  6.37254828e-06  9.73612931e-05  0.00000000e+00  9.73612931e-05  1.20000000e+00 
 9.74612931e-05  1.23592892e+00  9.74612931e-05  6.90195956e-01  9.74612931e-05  1.25292619e-06  9.74612931e-05  2.30891114e-07  9.74612931e-05 -5.82121426e-06  9.74612931e-05  0.00000000e+00  9.74612931e-05  1.20000000e+00 
 9.75612931e-05  1.23342493e+00  9.75612931e-05  6.90153873e-01  9.75612931e-05  1.17463115e-06  9.75612931e-05 -2.30903526e-07  9.75612931e-05  6.37250129e-06  9.75612931e-05  0.00000000e+00  9.75612931e-05  1.20000000e+00 
 9.76612931e-05  1.23092094e+00  9.76612931e-05  6.90196583e-01  9.76612931e-05  1.25292646e-06  9.76612931e-05  2.30925803e-07  9.76612931e-05 -5.82117376e-06  9.76612931e-05  0.00000000e+00  9.76612931e-05  1.20000000e+00 
 9.77612931e-05  1.22841697e+00  9.77612931e-05  6.90153311e-01  9.77612931e-05  1.17463091e-06  9.77612931e-05 -2.30936494e-07  9.77612931e-05  6.37245672e-06  9.77612931e-05  0.00000000e+00  9.77612931e-05  1.20000000e+00 
 9.78612931e-05  1.22591301e+00  9.78612931e-05  6.90196905e-01  9.78612931e-05  1.25292668e-06  9.78612931e-05  2.30957138e-07  9.78612931e-05 -5.82113563e-06  9.78612931e-05  0.00000000e+00  9.78612931e-05  1.20000000e+00 
 9.79612931e-05  1.22340906e+00  9.79612931e-05  6.90153065e-01  9.79612931e-05  1.17463072e-06  9.79612931e-05 -2.30966212e-07  9.79612931e-05  6.37241444e-06  9.79612931e-05  0.00000000e+00  9.79612931e-05  1.20000000e+00 
 9.80612931e-05  1.22090514e+00  9.80612931e-05  6.90196994e-01  9.80612931e-05  1.25292685e-06  9.80612931e-05  2.30985327e-07  9.80612931e-05 -5.82109976e-06  9.80612931e-05  0.00000000e+00  9.80612931e-05  1.20000000e+00 
 9.81612931e-05  1.21840120e+00  9.81612931e-05  6.90153062e-01  9.81612931e-05  1.17463056e-06  9.81612931e-05 -2.30992900e-07  9.81612931e-05  6.37237433e-06  9.81612931e-05  0.00000000e+00  9.81612931e-05  1.20000000e+00 
 9.82612931e-05  1.21589731e+00  9.82612931e-05  6.90196908e-01  9.82612931e-05  1.25292700e-06  9.82612931e-05  2.31010602e-07  9.82612931e-05 -5.82106601e-06  9.82612931e-05  0.00000000e+00  9.82612931e-05  1.20000000e+00 
 9.83612931e-05  1.21339339e+00  9.83612931e-05  6.90153240e-01  9.83612931e-05  1.17463042e-06  9.83612931e-05 -2.31016797e-07  9.83612931e-05  6.37233623e-06  9.83612931e-05  0.00000000e+00  9.83612931e-05  1.20000000e+00 
 9.84612931e-05  1.21088953e+00  9.84612931e-05  6.90196696e-01  9.84612931e-05  1.25292713e-06  9.84612931e-05  2.31033208e-07  9.84612931e-05 -5.82103422e-06  9.84612931e-05  0.00000000e+00  9.84612931e-05  1.20000000e+00 
 9.85612931e-05  1.20838564e+00  9.85612931e-05  6.90153552e-01  9.85612931e-05  1.17463030e-06  9.85612931e-05 -2.31038153e-07  9.85612931e-05  6.37229997e-06  9.85612931e-05  0.00000000e+00  9.85612931e-05  1.20000000e+00 
 9.86612931e-05  1.20588180e+00  9.86612931e-05  6.90196394e-01  9.86612931e-05  1.25292724e-06  9.86612931e-05  2.31053393e-07  9.86612931e-05 -5.82100422e-06  9.86612931e-05  0.00000000e+00  9.86612931e-05  1.20000000e+00 
 9.87612931e-05  1.20337793e+00  9.87612931e-05  6.90153963e-01  9.87612931e-05  1.17463019e-06  9.87612931e-05 -2.31057211e-07  9.87612931e-05  6.37226540e-06  9.87612931e-05  0.00000000e+00  9.87612931e-05  1.20000000e+00 
 9.88612931e-05  1.20087413e+00  9.88612931e-05  6.90196033e-01  9.88612931e-05  1.25292735e-06  9.88612931e-05  2.31071399e-07  9.88612931e-05 -5.82097585e-06  9.88612931e-05  0.00000000e+00  9.88612931e-05  1.20000000e+00 
 9.89612931e-05  1.19837027e+00  9.89612931e-05  6.90154442e-01  9.89612931e-05  1.17463009e-06  9.89612931e-05 -2.31074209e-07  9.89612931e-05  6.37223234e-06  9.89612931e-05  0.00000000e+00  9.89612931e-05  1.20000000e+00 
 9.90612931e-05  1.19586650e+00  9.90612931e-05  6.90195634e-01  9.90612931e-05  1.25292744e-06  9.90612931e-05  2.31087457e-07  9.90612931e-05 -5.82094895e-06  9.90612931e-05  0.00000000e+00  9.90612931e-05  1.20000000e+00 
 9.91612931e-05  1.19336267e+00  9.91612931e-05  6.90154967e-01  9.91612931e-05  1.17462999e-06  9.91612931e-05 -2.31089369e-07  9.91612931e-05  6.37220065e-06  9.91612931e-05  0.00000000e+00  9.91612931e-05  1.20000000e+00 
 9.92612931e-05  1.19085892e+00  9.92612931e-05  6.90195217e-01  9.92612931e-05  1.25292754e-06  9.92612931e-05  2.31101783e-07  9.92612931e-05 -5.82092339e-06  9.92612931e-05  0.00000000e+00  9.92612931e-05  1.20000000e+00 
 9.93612931e-05  1.18835511e+00  9.93612931e-05  6.90155521e-01  9.93612931e-05  1.17462990e-06  9.93612931e-05 -2.31102898e-07  9.93612931e-05  6.37217018e-06  9.93612931e-05  0.00000000e+00  9.93612931e-05  1.20000000e+00 
 9.94612931e-05  1.18585139e+00  9.94612931e-05  6.90194795e-01  9.94612931e-05  1.25292764e-06  9.94612931e-05  2.31114572e-07  9.94612931e-05 -5.82089900e-06  9.94612931e-05  0.00000000e+00  9.94612931e-05  1.20000000e+00 
 9.95612931e-05  1.18334760e+00  9.95612931e-05  6.90156091e-01  9.95612931e-05  1.17462980e-06  9.95612931e-05 -2.31114984e-07  9.95612931e-05  6.37214080e-06  9.95612931e-05  0.00000000e+00  9.95612931e-05  1.20000000e+00 
 9.96612931e-05  1.18084391e+00  9.96612931e-05  6.90194379e-01  9.96612931e-05  1.25292774e-06  9.96612931e-05  2.31126007e-07  9.96612931e-05 -5.82087567e-06  9.96612931e-05  0.00000000e+00  9.96612931e-05  1.20000000e+00 
 9.97612931e-05  1.17834014e+00  9.97612931e-05  6.90156665e-01  9.97612931e-05  1.17462970e-06  9.97612931e-05 -2.31125800e-07  9.97612931e-05  6.37211236e-06  9.97612931e-05  0.00000000e+00  9.97612931e-05  1.20000000e+00 
 9.98612931e-05  1.17583648e+00  9.98612931e-05  6.90193977e-01  9.98612931e-05  1.25292784e-06  9.98612931e-05  2.31136248e-07  9.98612931e-05 -5.82085327e-06  9.98612931e-05  0.00000000e+00  9.98612931e-05  1.20000000e+00 
 9.99612931e-05  1.17333273e+00  9.99612931e-05  6.90157238e-01  9.99612931e-05  1.17462959e-06  9.99612931e-05 -2.31135496e-07  9.99612931e-05  6.37208478e-06  9.99612931e-05  0.00000000e+00  9.99612931e-05  1.20000000e+00 
 1.00061293e-04  1.17082910e+00  1.00061293e-04  6.90193594e-01  1.00061293e-04  1.25292795e-06  1.00061293e-04  2.31145439e-07  1.00061293e-04 -5.82083170e-06  1.00061293e-04  0.00000000e+00  1.00061293e-04  1.20000000e+00 
 1.00161293e-04  1.16832538e+00  1.00161293e-04  6.90157804e-01  1.00161293e-04  1.17462948e-06  1.00161293e-04 -2.31144209e-07  1.00161293e-04  6.37205792e-06  1.00161293e-04  0.00000000e+00  1.00161293e-04  1.20000000e+00 
 1.00261293e-04  1.16582177e+00  1.00261293e-04  6.90193236e-01  1.00261293e-04  1.25292806e-06  1.00261293e-04  2.31153709e-07  1.00261293e-04 -5.82081085e-06  1.00261293e-04  0.00000000e+00  1.00261293e-04  1.20000000e+00 
 1.00361293e-04  1.16331807e+00  1.00361293e-04  6.90158359e-01  1.00361293e-04  1.17462937e-06  1.00361293e-04 -2.31152058e-07  1.00361293e-04  6.37203171e-06  1.00361293e-04  0.00000000e+00  1.00361293e-04  1.20000000e+00 
 1.00461293e-04  1.16081449e+00  1.00461293e-04  6.90192905e-01  1.00461293e-04  1.25292818e-06  1.00461293e-04  2.31161168e-07  1.00461293e-04 -5.82079064e-06  1.00461293e-04  0.00000000e+00  1.00461293e-04  1.20000000e+00 
 1.00561293e-04  1.15831082e+00  1.00561293e-04  6.90158901e-01  1.00561293e-04  1.17462925e-06  1.00561293e-04 -2.31159149e-07  1.00561293e-04  6.37200606e-06  1.00561293e-04  0.00000000e+00  1.00561293e-04  1.20000000e+00 
 1.00661293e-04  1.15580726e+00  1.00661293e-04  6.90192603e-01  1.00661293e-04  1.25292830e-06  1.00661293e-04  2.31167917e-07  1.00661293e-04 -5.82077098e-06  1.00661293e-04  0.00000000e+00  1.00661293e-04  1.20000000e+00 
 1.00761293e-04  1.15330361e+00  1.00761293e-04  6.90159429e-01  1.00761293e-04  1.17462913e-06  1.00761293e-04 -2.31165574e-07  1.00761293e-04  6.37198090e-06  1.00761293e-04  0.00000000e+00  1.00761293e-04  1.20000000e+00 
 1.00861293e-04  1.15080008e+00  1.00861293e-04  6.90192330e-01  1.00861293e-04  1.25292843e-06  1.00861293e-04  2.31174041e-07  1.00861293e-04 -5.82075180e-06  1.00861293e-04  0.00000000e+00  1.00861293e-04  1.20000000e+00 
 1.00961293e-04  1.14829646e+00  1.00961293e-04  6.90159941e-01  1.00961293e-04  1.17462900e-06  1.00961293e-04 -2.31171413e-07  1.00961293e-04  6.37195615e-06  1.00961293e-04  0.00000000e+00  1.00961293e-04  1.20000000e+00 
 1.01061293e-04  1.14579296e+00  1.01061293e-04  6.90192088e-01  1.01061293e-04  1.25292856e-06  1.01061293e-04  2.31179614e-07  1.01061293e-04 -5.82073305e-06  1.01061293e-04  0.00000000e+00  1.01061293e-04  1.20000000e+00 
 1.01161293e-04  1.14328936e+00  1.01161293e-04  6.90160439e-01  1.01161293e-04  1.17462886e-06  1.01161293e-04 -2.31176735e-07  1.01161293e-04  6.37193176e-06  1.01161293e-04  0.00000000e+00  1.01161293e-04  1.20000000e+00 
 1.01261293e-04  1.14078588e+00  1.01261293e-04  6.90191876e-01  1.01261293e-04  1.25292869e-06  1.01261293e-04  2.31184703e-07  1.01261293e-04 -5.82071467e-06  1.01261293e-04  0.00000000e+00  1.01261293e-04  1.20000000e+00 
 1.01361293e-04  1.13828231e+00  1.01361293e-04  6.90160923e-01  1.01361293e-04  1.17462873e-06  1.01361293e-04 -2.31181603e-07  1.01361293e-04  6.37190767e-06  1.01361293e-04  0.00000000e+00  1.01361293e-04  1.20000000e+00 
 1.01461293e-04  1.13577886e+00  1.01461293e-04  6.90191693e-01  1.01461293e-04  1.25292884e-06  1.01461293e-04  2.31189363e-07  1.01461293e-04 -5.82069661e-06  1.01461293e-04  0.00000000e+00  1.01461293e-04  1.20000000e+00 
 1.01561293e-04  1.13327531e+00  1.01561293e-04  6.90161394e-01  1.01561293e-04  1.17462858e-06  1.01561293e-04 -2.31186067e-07  1.01561293e-04  6.37188385e-06  1.01561293e-04  0.00000000e+00  1.01561293e-04  1.20000000e+00 
 1.01661293e-04  1.13077189e+00  1.01661293e-04  6.90191540e-01  1.01661293e-04  1.25292898e-06  1.01661293e-04  2.31193644e-07  1.01661293e-04 -5.82067882e-06  1.01661293e-04  0.00000000e+00  1.01661293e-04  1.20000000e+00 
 1.01761293e-04  1.12826837e+00  1.01761293e-04  6.90161853e-01  1.01761293e-04  1.17462843e-06  1.01761293e-04 -2.31190175e-07  1.01761293e-04  6.37186025e-06  1.01761293e-04  0.00000000e+00  1.01761293e-04  1.20000000e+00 
 1.01861293e-04  1.12576498e+00  1.01861293e-04  6.90191415e-01  1.01861293e-04  1.25292913e-06  1.01861293e-04  2.31197589e-07  1.01861293e-04 -5.82066127e-06  1.01861293e-04  0.00000000e+00  1.01861293e-04  1.20000000e+00 
 1.01961293e-04  1.12326148e+00  1.01961293e-04  6.90162301e-01  1.01961293e-04  1.17462828e-06  1.01961293e-04 -2.31193966e-07  1.01961293e-04  6.37183683e-06  1.01961293e-04  0.00000000e+00  1.01961293e-04  1.20000000e+00 
 1.02061293e-04  1.12075812e+00  1.02061293e-04  6.90191318e-01  1.02061293e-04  1.25292929e-06  1.02061293e-04  2.31201234e-07  1.02061293e-04 -5.82064393e-06  1.02061293e-04  0.00000000e+00  1.02061293e-04  1.20000000e+00 
 1.02161293e-04  1.11825465e+00  1.02161293e-04  6.90162739e-01  1.02161293e-04  1.17462812e-06  1.02161293e-04 -2.31197474e-07  1.02161293e-04  6.37181358e-06  1.02161293e-04  0.00000000e+00  1.02161293e-04  1.20000000e+00 
 1.02261293e-04  1.11575131e+00  1.02261293e-04  6.90191248e-01  1.02261293e-04  1.25292945e-06  1.02261293e-04  2.31204612e-07  1.02261293e-04 -5.82062677e-06  1.02261293e-04  0.00000000e+00  1.02261293e-04  1.20000000e+00 
 1.02361293e-04  1.11324786e+00  1.02361293e-04  6.90163170e-01  1.02361293e-04  1.17462796e-06  1.02361293e-04 -2.31200729e-07  1.02361293e-04  6.37179046e-06  1.02361293e-04  0.00000000e+00  1.02361293e-04  1.20000000e+00 
 1.02461293e-04  1.11074455e+00  1.02461293e-04  6.90191203e-01  1.02461293e-04  1.25292961e-06  1.02461293e-04  2.31207751e-07  1.02461293e-04 -5.82060977e-06  1.02461293e-04  0.00000000e+00  1.02461293e-04  1.20000000e+00 
 1.02561293e-04  1.10824114e+00  1.02561293e-04  6.90163593e-01  1.02561293e-04  1.17462780e-06  1.02561293e-04 -2.31203758e-07  1.02561293e-04  6.37176745e-06  1.02561293e-04  0.00000000e+00  1.02561293e-04  1.20000000e+00 
 1.02661293e-04  1.10573785e+00  1.02661293e-04  6.90191183e-01  1.02661293e-04  1.25292977e-06  1.02661293e-04  2.31210675e-07  1.02661293e-04 -5.82059290e-06  1.02661293e-04  0.00000000e+00  1.02661293e-04  1.20000000e+00 
 1.02761293e-04  1.10323446e+00  1.02761293e-04  6.90164012e-01  1.02761293e-04  1.17462763e-06  1.02761293e-04 -2.31206584e-07  1.02761293e-04  6.37174453e-06  1.02761293e-04  0.00000000e+00  1.02761293e-04  1.20000000e+00 
 1.02861293e-04  1.10073121e+00  1.02861293e-04  6.90191187e-01  1.02861293e-04  1.25292994e-06  1.02861293e-04  2.31213407e-07  1.02861293e-04 -5.82057615e-06  1.02861293e-04  0.00000000e+00  1.02861293e-04  1.20000000e+00 
 1.02961293e-04  1.09822785e+00  1.02961293e-04  6.90164427e-01  1.02961293e-04  1.17462747e-06  1.02961293e-04 -2.31209226e-07  1.02961293e-04  6.37172169e-06  1.02961293e-04  0.00000000e+00  1.02961293e-04  1.20000000e+00 
 1.03061293e-04  1.09572462e+00  1.03061293e-04  6.90191214e-01  1.03061293e-04  1.25293011e-06  1.03061293e-04  2.31215963e-07  1.03061293e-04 -5.82055951e-06  1.03061293e-04  0.00000000e+00  1.03061293e-04  1.20000000e+00 
 1.03161293e-04  1.09322128e+00  1.03161293e-04  6.90164838e-01  1.03161293e-04  1.17462730e-06  1.03161293e-04 -2.31211702e-07  1.03161293e-04  6.37169891e-06  1.03161293e-04  0.00000000e+00  1.03161293e-04  1.20000000e+00 
 1.03261293e-04  1.09071809e+00  1.03261293e-04  6.90191263e-01  1.03261293e-04  1.25293028e-06  1.03261293e-04  2.31218361e-07  1.03261293e-04 -5.82054295e-06  1.03261293e-04  0.00000000e+00  1.03261293e-04  1.20000000e+00 
 1.03361293e-04  1.08821478e+00  1.03361293e-04  6.90165249e-01  1.03361293e-04  1.17462712e-06  1.03361293e-04 -2.31214027e-07  1.03361293e-04  6.37167618e-06  1.03361293e-04  0.00000000e+00  1.03361293e-04  1.20000000e+00 
 1.03461293e-04  1.08571161e+00  1.03461293e-04  6.90191334e-01  1.03461293e-04  1.25293045e-06  1.03461293e-04  2.31220616e-07  1.03461293e-04 -5.82052647e-06  1.03461293e-04  0.00000000e+00  1.03461293e-04  1.20000000e+00 
 1.03561293e-04  1.08320833e+00  1.03561293e-04  6.90165657e-01  1.03561293e-04  1.17462695e-06  1.03561293e-04 -2.31216215e-07  1.03561293e-04  6.37165349e-06  1.03561293e-04  0.00000000e+00  1.03561293e-04  1.20000000e+00 
 1.03661293e-04  1.08070519e+00  1.03661293e-04  6.90191424e-01  1.03661293e-04  1.25293063e-06  1.03661293e-04  2.31222740e-07  1.03661293e-04 -5.82051006e-06  1.03661293e-04  0.00000000e+00  1.03661293e-04  1.20000000e+00 
 1.03761293e-04  1.07820194e+00  1.03761293e-04  6.90166066e-01  1.03761293e-04  1.17462677e-06  1.03761293e-04 -2.31218278e-07  1.03761293e-04  6.37163083e-06  1.03761293e-04  0.00000000e+00  1.03761293e-04  1.20000000e+00 
 1.03861293e-04  1.07569883e+00  1.03861293e-04  6.90191534e-01  1.03861293e-04  1.25293080e-06  1.03861293e-04  2.31224743e-07  1.03861293e-04 -5.82049371e-06  1.03861293e-04  0.00000000e+00  1.03861293e-04  1.20000000e+00 
 1.03961293e-04  1.07319561e+00  1.03961293e-04  6.90166475e-01  1.03961293e-04  1.17462660e-06  1.03961293e-04 -2.31220227e-07  1.03961293e-04  6.37160819e-06  1.03961293e-04  0.00000000e+00  1.03961293e-04  1.20000000e+00 
 1.04061293e-04  1.07069252e+00  1.04061293e-04  6.90191663e-01  1.04061293e-04  1.25293098e-06  1.04061293e-04  2.31226638e-07  1.04061293e-04 -5.82047742e-06  1.04061293e-04  0.00000000e+00  1.04061293e-04  1.20000000e+00 
 1.04161293e-04  1.06818933e+00  1.04161293e-04  6.90166885e-01  1.04161293e-04  1.17462642e-06  1.04161293e-04 -2.31222070e-07  1.04161293e-04  6.37158558e-06  1.04161293e-04  0.00000000e+00  1.04161293e-04  1.20000000e+00 
 1.04261293e-04  1.06568628e+00  1.04261293e-04  6.90191809e-01  1.04261293e-04  1.25293116e-06  1.04261293e-04  2.31228431e-07  1.04261293e-04 -5.82046117e-06  1.04261293e-04  0.00000000e+00  1.04261293e-04  1.20000000e+00 
 1.04361293e-04  1.06318311e+00  1.04361293e-04  6.90167295e-01  1.04361293e-04  1.17462624e-06  1.04361293e-04 -2.31223816e-07  1.04361293e-04  6.37156297e-06  1.04361293e-04  0.00000000e+00  1.04361293e-04  1.20000000e+00 
 1.04461293e-04  1.06068009e+00  1.04461293e-04  6.90191971e-01  1.04461293e-04  1.25293134e-06  1.04461293e-04  2.31230130e-07  1.04461293e-04 -5.82044496e-06  1.04461293e-04  0.00000000e+00  1.04461293e-04  1.20000000e+00 
 1.04561293e-04  1.05817696e+00  1.04561293e-04  6.90167706e-01  1.04561293e-04  1.17462606e-06  1.04561293e-04 -2.31225472e-07  1.04561293e-04  6.37154038e-06  1.04561293e-04  0.00000000e+00  1.04561293e-04  1.20000000e+00 
 1.04661293e-04  1.05567397e+00  1.04661293e-04  6.90192149e-01  1.04661293e-04  1.25293152e-06  1.04661293e-04  2.31231744e-07  1.04661293e-04 -5.82042880e-06  1.04661293e-04  0.00000000e+00  1.04661293e-04  1.20000000e+00 
 1.04761293e-04  1.05317086e+00  1.04761293e-04  6.90168116e-01  1.04761293e-04  1.17462588e-06  1.04761293e-04 -2.31227046e-07  1.04761293e-04  6.37151779e-06  1.04761293e-04  0.00000000e+00  1.04761293e-04  1.20000000e+00 
 1.04861293e-04  1.05066790e+00  1.04861293e-04  6.90192340e-01  1.04861293e-04  1.25293170e-06  1.04861293e-04  2.31233278e-07  1.04861293e-04 -5.82041266e-06  1.04861293e-04  0.00000000e+00  1.04861293e-04  1.20000000e+00 
 1.04961293e-04  1.04816483e+00  1.04961293e-04  6.90168527e-01  1.04961293e-04  1.17462571e-06  1.04961293e-04 -2.31228542e-07  1.04961293e-04  6.37149520e-06  1.04961293e-04  0.00000000e+00  1.04961293e-04  1.20000000e+00 
 1.05061293e-04  1.04566190e+00  1.05061293e-04  6.90192543e-01  1.05061293e-04  1.25293188e-06  1.05061293e-04  2.31234737e-07  1.05061293e-04 -5.82039656e-06  1.05061293e-04  0.00000000e+00  1.05061293e-04  1.20000000e+00 
 1.05161293e-04  1.04315885e+00  1.05161293e-04  6.90168937e-01  1.05161293e-04  1.17462552e-06  1.05161293e-04 -2.31229966e-07  1.05161293e-04  6.37147260e-06  1.05161293e-04  0.00000000e+00  1.05161293e-04  1.20000000e+00 
 1.05261293e-04  1.04065596e+00  1.05261293e-04  6.90192757e-01  1.05261293e-04  1.25293206e-06  1.05261293e-04  2.31236127e-07  1.05261293e-04 -5.82038048e-06  1.05261293e-04  0.00000000e+00  1.05261293e-04  1.20000000e+00 
 1.05361293e-04  1.03815294e+00  1.05361293e-04  6.90169345e-01  1.05361293e-04  1.17462535e-06  1.05361293e-04 -2.31231323e-07  1.05361293e-04  6.37145000e-06  1.05361293e-04  0.00000000e+00  1.05361293e-04  1.20000000e+00 
 1.05461293e-04  1.03565008e+00  1.05461293e-04  6.90192980e-01  1.05461293e-04  1.25293223e-06  1.05461293e-04  2.31237453e-07  1.05461293e-04 -5.82036443e-06  1.05461293e-04  0.00000000e+00  1.05461293e-04  1.20000000e+00 
 1.05561293e-04  1.03314710e+00  1.05561293e-04  6.90169750e-01  1.05561293e-04  1.17462517e-06  1.05561293e-04 -2.31232618e-07  1.05561293e-04  6.37142740e-06  1.05561293e-04  0.00000000e+00  1.05561293e-04  1.20000000e+00 
 1.05661293e-04  1.03064427e+00  1.05661293e-04  6.90193210e-01  1.05661293e-04  1.25293241e-06  1.05661293e-04  2.31238718e-07  1.05661293e-04 -5.82034840e-06  1.05661293e-04  0.00000000e+00  1.05661293e-04  1.20000000e+00 
 1.05761293e-04  1.02814132e+00  1.05761293e-04  6.90170150e-01  1.05761293e-04  1.17462499e-06  1.05761293e-04 -2.31233854e-07  1.05761293e-04  6.37140478e-06  1.05761293e-04  0.00000000e+00  1.05761293e-04  1.20000000e+00 
 1.05861293e-04  1.02563852e+00  1.05861293e-04  6.90193445e-01  1.05861293e-04  1.25293259e-06  1.05861293e-04  2.31239926e-07  1.05861293e-04 -5.82033240e-06  1.05861293e-04  0.00000000e+00  1.05861293e-04  1.20000000e+00 
 1.05961293e-04  1.02313560e+00  1.05961293e-04  6.90170545e-01  1.05961293e-04  1.17462481e-06  1.05961293e-04 -2.31235034e-07  1.05961293e-04  6.37138215e-06  1.05961293e-04  0.00000000e+00  1.05961293e-04  1.20000000e+00 
 1.06061293e-04  1.02063284e+00  1.06061293e-04  6.90193682e-01  1.06061293e-04  1.25293277e-06  1.06061293e-04  2.31241081e-07  1.06061293e-04 -5.82031641e-06  1.06061293e-04  0.00000000e+00  1.06061293e-04  1.20000000e+00 
 1.06161293e-04  1.01812996e+00  1.06161293e-04  6.90170932e-01  1.06161293e-04  1.17462463e-06  1.06161293e-04 -2.31236163e-07  1.06161293e-04  6.37135951e-06  1.06161293e-04  0.00000000e+00  1.06161293e-04  1.20000000e+00 
 1.06261293e-04  1.01562722e+00  1.06261293e-04  6.90193920e-01  1.06261293e-04  1.25293295e-06  1.06261293e-04  2.31242186e-07  1.06261293e-04 -5.82030044e-06  1.06261293e-04  0.00000000e+00  1.06261293e-04  1.20000000e+00 
 1.06361293e-04  1.01312438e+00  1.06361293e-04  6.90171311e-01  1.06361293e-04  1.17462446e-06  1.06361293e-04 -2.31237243e-07  1.06361293e-04  6.37133685e-06  1.06361293e-04  0.00000000e+00  1.06361293e-04  1.20000000e+00 
 1.06461293e-04  1.01062168e+00  1.06461293e-04  6.90194157e-01  1.06461293e-04  1.25293313e-06  1.06461293e-04  2.31243244e-07  1.06461293e-04 -5.82028448e-06  1.06461293e-04  0.00000000e+00  1.06461293e-04  1.20000000e+00 
 1.06561293e-04  1.00811887e+00  1.06561293e-04  6.90171679e-01  1.06561293e-04  1.17462428e-06  1.06561293e-04 -2.31238278e-07  1.06561293e-04  6.37131418e-06  1.06561293e-04  0.00000000e+00  1.06561293e-04  1.20000000e+00 
 1.06661293e-04  1.00561620e+00  1.06661293e-04  6.90194389e-01  1.06661293e-04  1.25293330e-06  1.06661293e-04  2.31244258e-07  1.06661293e-04 -5.82026854e-06  1.06661293e-04  0.00000000e+00  1.06661293e-04  1.20000000e+00 
 1.06761293e-04  1.00311343e+00  1.06761293e-04  6.90172035e-01  1.06761293e-04  1.17462411e-06  1.06761293e-04 -2.31239270e-07  1.06761293e-04  6.37129148e-06  1.06761293e-04  0.00000000e+00  1.06761293e-04  1.20000000e+00 
 1.06861293e-04  1.00061080e+00  1.06861293e-04  6.90194616e-01  1.06861293e-04  1.25293348e-06  1.06861293e-04  2.31245231e-07  1.06861293e-04 -5.82025262e-06  1.06861293e-04  0.00000000e+00  1.06861293e-04  1.20000000e+00 
 1.06961293e-04  9.98108057e-01  1.06961293e-04  6.90172378e-01  1.06961293e-04  1.17462393e-06  1.06961293e-04 -2.31240222e-07  1.06961293e-04  6.37126877e-06  1.06961293e-04  0.00000000e+00  1.06961293e-04  1.20000000e+00 
 1.07061293e-04  9.95605466e-01  1.07061293e-04  6.90194835e-01  1.07061293e-04  1.25293365e-06  1.07061293e-04  2.31246166e-07  1.07061293e-04 -5.82023671e-06  1.07061293e-04  0.00000000e+00  1.07061293e-04  1.20000000e+00 
 1.07161293e-04  9.93102761e-01  1.07161293e-04  6.90172705e-01  1.07161293e-04  1.17462376e-06  1.07161293e-04 -2.31241138e-07  1.07161293e-04  6.37124604e-06  1.07161293e-04  0.00000000e+00  1.07161293e-04  1.20000000e+00 
 1.07261293e-04  9.90600206e-01  1.07261293e-04  6.90195044e-01  1.07261293e-04  1.25293382e-06  1.07261293e-04  2.31247066e-07  1.07261293e-04 -5.82022081e-06  1.07261293e-04  0.00000000e+00  1.07261293e-04  1.20000000e+00 
 1.07361293e-04  9.88097538e-01  1.07361293e-04  6.90173017e-01  1.07361293e-04  1.17462359e-06  1.07361293e-04 -2.31242019e-07  1.07361293e-04  6.37122329e-06  1.07361293e-04  0.00000000e+00  1.07361293e-04  1.20000000e+00 
 1.07461293e-04  9.85595020e-01  1.07461293e-04  6.90195241e-01  1.07461293e-04  1.25293399e-06  1.07461293e-04  2.31247933e-07  1.07461293e-04 -5.82020492e-06  1.07461293e-04  0.00000000e+00  1.07461293e-04  1.20000000e+00 
 1.07561293e-04  9.83092389e-01  1.07561293e-04  6.90173311e-01  1.07561293e-04  1.17462342e-06  1.07561293e-04 -2.31242869e-07  1.07561293e-04  6.37120052e-06  1.07561293e-04  0.00000000e+00  1.07561293e-04  1.20000000e+00 
 1.07661293e-04  9.80589908e-01  1.07661293e-04  6.90195425e-01  1.07661293e-04  1.25293416e-06  1.07661293e-04  2.31248771e-07  1.07661293e-04 -5.82018905e-06  1.07661293e-04  0.00000000e+00  1.07661293e-04  1.20000000e+00 
 1.07761293e-04  9.78087314e-01  1.07761293e-04  6.90173588e-01  1.07761293e-04  1.17462325e-06  1.07761293e-04 -2.31243690e-07  1.07761293e-04  6.37117772e-06  1.07761293e-04  0.00000000e+00  1.07761293e-04  1.20000000e+00 
 1.07861293e-04  9.75584870e-01  1.07861293e-04  6.90195595e-01  1.07861293e-04  1.25293433e-06  1.07861293e-04  2.31249581e-07  1.07861293e-04 -5.82017318e-06  1.07861293e-04  0.00000000e+00  1.07861293e-04  1.20000000e+00 
 1.07961293e-04  9.73082313e-01  1.07961293e-04  6.90173846e-01  1.07961293e-04  1.17462308e-06  1.07961293e-04 -2.31244486e-07  1.07961293e-04  6.37115491e-06  1.07961293e-04  0.00000000e+00  1.07961293e-04  1.20000000e+00 
 1.08061293e-04  9.70579907e-01  1.08061293e-04  6.90195749e-01  1.08061293e-04  1.25293450e-06  1.08061293e-04  2.31250368e-07  1.08061293e-04 -5.82015733e-06  1.08061293e-04  0.00000000e+00  1.08061293e-04  1.20000000e+00 
 1.08161293e-04  9.68077387e-01  1.08161293e-04  6.90174086e-01  1.08161293e-04  1.17462292e-06  1.08161293e-04 -2.31245260e-07  1.08161293e-04  6.37113206e-06  1.08161293e-04  0.00000000e+00  1.08161293e-04  1.20000000e+00 
 1.08261293e-04  9.65575018e-01  1.08261293e-04  6.90195888e-01  1.08261293e-04  1.25293466e-06  1.08261293e-04  2.31251133e-07  1.08261293e-04 -5.82014149e-06  1.08261293e-04  0.00000000e+00  1.08261293e-04  1.20000000e+00 
 1.08361293e-04  9.63072534e-01  1.08361293e-04  6.90174306e-01  1.08361293e-04  1.17462275e-06  1.08361293e-04 -2.31246014e-07  1.08361293e-04  6.37110920e-06  1.08361293e-04  0.00000000e+00  1.08361293e-04  1.20000000e+00 
 1.08461293e-04  9.60570202e-01  1.08461293e-04  6.90196009e-01  1.08461293e-04  1.25293483e-06  1.08461293e-04  2.31251881e-07  1.08461293e-04 -5.82012566e-06  1.08461293e-04  0.00000000e+00  1.08461293e-04  1.20000000e+00 
 1.08561293e-04  9.58067754e-01  1.08561293e-04  6.90174509e-01  1.08561293e-04  1.17462259e-06  1.08561293e-04 -2.31246752e-07  1.08561293e-04  6.37108631e-06  1.08561293e-04  0.00000000e+00  1.08561293e-04  1.20000000e+00 
 1.08661293e-04  9.55565458e-01  1.08661293e-04  6.90196115e-01  1.08661293e-04  1.25293499e-06  1.08661293e-04  2.31252615e-07  1.08661293e-04 -5.82010984e-06  1.08661293e-04  0.00000000e+00  1.08661293e-04  1.20000000e+00 
 1.08761293e-04  9.53063047e-01  1.08761293e-04  6.90174693e-01  1.08761293e-04  1.17462243e-06  1.08761293e-04 -2.31247478e-07  1.08761293e-04  6.37106339e-06  1.08761293e-04  0.00000000e+00  1.08761293e-04  1.20000000e+00 
 1.08861293e-04  9.50560787e-01  1.08861293e-04  6.90196203e-01  1.08861293e-04  1.25293515e-06  1.08861293e-04  2.31253337e-07  1.08861293e-04 -5.82009404e-06  1.08861293e-04  0.00000000e+00  1.08861293e-04  1.20000000e+00 
 1.08961293e-04  9.48058410e-01  1.08961293e-04  6.90174860e-01  1.08961293e-04  1.17462227e-06  1.08961293e-04 -2.31248193e-07  1.08961293e-04  6.37104044e-06  1.08961293e-04  0.00000000e+00  1.08961293e-04  1.20000000e+00 
 1.09061293e-04  9.45556185e-01  1.09061293e-04  6.90196275e-01  1.09061293e-04  1.25293531e-06  1.09061293e-04  2.31254051e-07  1.09061293e-04 -5.82007826e-06  1.09061293e-04  0.00000000e+00  1.09061293e-04  1.20000000e+00 
 1.09161293e-04  9.43053843e-01  1.09161293e-04  6.90175011e-01  1.09161293e-04  1.17462211e-06  1.09161293e-04 -2.31248902e-07  1.09161293e-04  6.37101746e-06  1.09161293e-04  0.00000000e+00  1.09161293e-04  1.20000000e+00 
 1.09261293e-04  9.40551653e-01  1.09261293e-04  6.90196331e-01  1.09261293e-04  1.25293546e-06  1.09261293e-04  2.31254760e-07  1.09261293e-04 -5.82006250e-06  1.09261293e-04  0.00000000e+00  1.09261293e-04  1.20000000e+00 
 1.09361293e-04  9.38049344e-01  1.09361293e-04  6.90175146e-01  1.09361293e-04  1.17462196e-06  1.09361293e-04 -2.31249609e-07  1.09361293e-04  6.37099445e-06  1.09361293e-04  0.00000000e+00  1.09361293e-04  1.20000000e+00 
 1.09461293e-04  9.35547187e-01  1.09461293e-04  6.90196372e-01  1.09461293e-04  1.25293562e-06  1.09461293e-04  2.31255468e-07  1.09461293e-04 -5.82004676e-06  1.09461293e-04  0.00000000e+00  1.09461293e-04  1.20000000e+00 
 1.09561293e-04  9.33044912e-01  1.09561293e-04  6.90175266e-01  1.09561293e-04  1.17462180e-06  1.09561293e-04 -2.31250315e-07  1.09561293e-04  6.37097139e-06  1.09561293e-04  0.00000000e+00  1.09561293e-04  1.20000000e+00 
 1.09661293e-04  9.30542787e-01  1.09661293e-04  6.90196398e-01  1.09661293e-04  1.25293577e-06  1.09661293e-04  2.31256178e-07  1.09661293e-04 -5.82003107e-06  1.09661293e-04  0.00000000e+00  1.09661293e-04  1.20000000e+00 
 1.09761293e-04  9.28040544e-01  1.09761293e-04  6.90175373e-01  1.09761293e-04  1.17462165e-06  1.09761293e-04 -2.31251025e-07  1.09761293e-04  6.37094829e-06  1.09761293e-04  0.00000000e+00  1.09761293e-04  1.20000000e+00 
 1.09861293e-04  9.25538452e-01  1.09861293e-04  6.90196410e-01  1.09861293e-04  1.25293593e-06  1.09861293e-04  2.31256892e-07  1.09861293e-04 -5.82001542e-06  1.09861293e-04  0.00000000e+00  1.09861293e-04  1.20000000e+00 
 1.09961293e-04  9.23036240e-01  1.09961293e-04  6.90175466e-01  1.09961293e-04  1.17462149e-06  1.09961293e-04 -2.31251742e-07  1.09961293e-04  6.37092513e-06  1.09961293e-04  0.00000000e+00  1.09961293e-04  1.20000000e+00 
 1.10061293e-04  9.20534179e-01  1.10061293e-04  6.90196410e-01  1.10061293e-04  1.25293608e-06  1.10061293e-04  2.31257615e-07  1.10061293e-04 -5.81999984e-06  1.10061293e-04  0.00000000e+00  1.10061293e-04  1.20000000e+00 
 1.10161293e-04  9.18031999e-01  1.10161293e-04  6.90175549e-01  1.10161293e-04  1.17462134e-06  1.10161293e-04 -2.31252468e-07  1.10161293e-04  6.37090191e-06  1.10161293e-04  0.00000000e+00  1.10161293e-04  1.20000000e+00 
 1.10261293e-04  9.15529969e-01  1.10261293e-04  6.90196397e-01  1.10261293e-04  1.25293623e-06  1.10261293e-04  2.31258348e-07  1.10261293e-04 -5.81998434e-06  1.10261293e-04  0.00000000e+00  1.10261293e-04  1.20000000e+00 
 1.10361293e-04  9.13027820e-01  1.10361293e-04  6.90175621e-01  1.10361293e-04  1.17462120e-06  1.10361293e-04 -2.31253207e-07  1.10361293e-04  6.37087860e-06  1.10361293e-04  0.00000000e+00  1.10361293e-04  1.20000000e+00 
 1.10461293e-04  9.10525821e-01  1.10461293e-04  6.90196374e-01  1.10461293e-04  1.25293638e-06  1.10461293e-04  2.31259096e-07  1.10461293e-04 -5.81996895e-06  1.10461293e-04  0.00000000e+00  1.10461293e-04  1.20000000e+00 
 1.10561293e-04  9.08023703e-01  1.10561293e-04  6.90175684e-01  1.10561293e-04  1.17462105e-06  1.10561293e-04 -2.31253961e-07  1.10561293e-04  6.37085519e-06  1.10561293e-04  0.00000000e+00  1.10561293e-04  1.20000000e+00 
 1.10661293e-04  9.05521736e-01  1.10661293e-04  6.90196340e-01  1.10661293e-04  1.25293652e-06  1.10661293e-04  2.31259860e-07  1.10661293e-04 -5.81995369e-06  1.10661293e-04  0.00000000e+00  1.10661293e-04  1.20000000e+00 
 1.10761293e-04  9.03019648e-01  1.10761293e-04  6.90175737e-01  1.10761293e-04  1.17462090e-06  1.10761293e-04 -2.31254733e-07  1.10761293e-04  6.37083166e-06  1.10761293e-04  0.00000000e+00  1.10761293e-04  1.20000000e+00 
 1.10861293e-04  9.00517715e-01  1.10861293e-04  6.90196296e-01  1.10861293e-04  1.25293667e-06  1.10861293e-04  2.31260643e-07  1.10861293e-04 -5.81993863e-06  1.10861293e-04  0.00000000e+00  1.10861293e-04  1.20000000e+00 
 1.10961293e-04  8.98015659e-01  1.10961293e-04  6.90175783e-01  1.10961293e-04  1.17462076e-06  1.10961293e-04 -2.31255525e-07  1.10961293e-04  6.37080798e-06  1.10961293e-04  0.00000000e+00  1.10961293e-04  1.20000000e+00 
 1.11061293e-04  8.95513759e-01  1.11061293e-04  6.90196244e-01  1.11061293e-04  1.25293681e-06  1.11061293e-04  2.31261447e-07  1.11061293e-04 -5.81992380e-06  1.11061293e-04  0.00000000e+00  1.11061293e-04  1.20000000e+00 
 1.11161293e-04  8.93011737e-01  1.11161293e-04  6.90175822e-01  1.11161293e-04  1.17462061e-06  1.11161293e-04 -2.31256340e-07  1.11161293e-04  6.37078410e-06  1.11161293e-04  0.00000000e+00  1.11161293e-04  1.20000000e+00 
 1.11261293e-04  8.90509874e-01  1.11261293e-04  6.90196183e-01  1.11261293e-04  1.25293695e-06  1.11261293e-04  2.31262275e-07  1.11261293e-04 -5.81990927e-06  1.11261293e-04  0.00000000e+00  1.11261293e-04  1.20000000e+00 
 1.11361293e-04  8.88007888e-01  1.11361293e-04  6.90175855e-01  1.11361293e-04  1.17462047e-06  1.11361293e-04 -2.31257179e-07  1.11361293e-04  6.37075998e-06  1.11361293e-04  0.00000000e+00  1.11361293e-04  1.20000000e+00 
 1.11461293e-04  8.85506064e-01  1.11461293e-04  6.90196114e-01  1.11461293e-04  1.25293709e-06  1.11461293e-04  2.31263128e-07  1.11461293e-04 -5.81989512e-06  1.11461293e-04  0.00000000e+00  1.11461293e-04  1.20000000e+00 
 1.11561293e-04  8.83004117e-01  1.11561293e-04  6.90175881e-01  1.11561293e-04  1.17462033e-06  1.11561293e-04 -2.31258044e-07  1.11561293e-04  6.37073558e-06  1.11561293e-04  0.00000000e+00  1.11561293e-04  1.20000000e+00 
 1.11661293e-04  8.80502336e-01  1.11661293e-04  6.90196038e-01  1.11661293e-04  1.25293724e-06  1.11661293e-04  2.31264007e-07  1.11661293e-04 -5.81988146e-06  1.11661293e-04  0.00000000e+00  1.11661293e-04  1.20000000e+00 
 1.11761293e-04  8.78000432e-01  1.11761293e-04  6.90175903e-01  1.11761293e-04  1.17462019e-06  1.11761293e-04 -2.31258937e-07  1.11761293e-04  6.37071082e-06  1.11761293e-04  0.00000000e+00  1.11761293e-04  1.20000000e+00 
 1.11861293e-04  8.75498700e-01  1.11861293e-04  6.90195954e-01  1.11861293e-04  1.25293737e-06  1.11861293e-04  2.31264916e-07  1.11861293e-04 -5.81986839e-06  1.11861293e-04  0.00000000e+00  1.11861293e-04  1.20000000e+00 
 1.11961293e-04  8.72996844e-01  1.11961293e-04  6.90175920e-01  1.11961293e-04  1.17462005e-06  1.11961293e-04 -2.31259859e-07  1.11961293e-04  6.37068563e-06  1.11961293e-04  0.00000000e+00  1.11961293e-04  1.20000000e+00 
 1.12061293e-04  8.70495167e-01  1.12061293e-04  6.90195863e-01  1.12061293e-04  1.25293751e-06  1.12061293e-04  2.31265854e-07  1.12061293e-04 -5.81985604e-06  1.12061293e-04  0.00000000e+00  1.12061293e-04  1.20000000e+00 
 1.12161293e-04  8.67993366e-01  1.12161293e-04  6.90175934e-01  1.12161293e-04  1.17461992e-06  1.12161293e-04 -2.31260811e-07  1.12161293e-04  6.37065993e-06  1.12161293e-04  0.00000000e+00  1.12161293e-04  1.20000000e+00 
 1.12261293e-04  8.65491752e-01  1.12261293e-04  6.90195765e-01  1.12261293e-04  1.25293765e-06  1.12261293e-04  2.31266822e-07  1.12261293e-04 -5.81984457e-06  1.12261293e-04  0.00000000e+00  1.12261293e-04  1.20000000e+00 
 1.12361293e-04  8.62990014e-01  1.12361293e-04  6.90175945e-01  1.12361293e-04  1.17461978e-06  1.12361293e-04 -2.31261795e-07  1.12361293e-04  6.37063364e-06  1.12361293e-04  0.00000000e+00  1.12361293e-04  1.20000000e+00 
 1.12461293e-04  8.60488473e-01  1.12461293e-04  6.90195661e-01  1.12461293e-04  1.25293779e-06  1.12461293e-04  2.31267822e-07  1.12461293e-04 -5.81983415e-06  1.12461293e-04  0.00000000e+00  1.12461293e-04  1.20000000e+00 
 1.12561293e-04  8.57986807e-01  1.12561293e-04  6.90175953e-01  1.12561293e-04  1.17461965e-06  1.12561293e-04 -2.31262810e-07  1.12561293e-04  6.37060664e-06  1.12561293e-04  0.00000000e+00  1.12561293e-04  1.20000000e+00 
 1.12661293e-04  8.55485350e-01  1.12661293e-04  6.90195549e-01  1.12661293e-04  1.25293792e-06  1.12661293e-04  2.31268855e-07  1.12661293e-04 -5.81982496e-06  1.12661293e-04  0.00000000e+00  1.12661293e-04  1.20000000e+00 
 1.12761293e-04  8.52983767e-01  1.12761293e-04  6.90175960e-01  1.12761293e-04  1.17461951e-06  1.12761293e-04 -2.31263858e-07  1.12761293e-04  6.37057883e-06  1.12761293e-04  0.00000000e+00  1.12761293e-04  1.20000000e+00 
 1.12861293e-04  8.50482408e-01  1.12861293e-04  6.90195431e-01  1.12861293e-04  1.25293805e-06  1.12861293e-04  2.31269919e-07  1.12861293e-04 -5.81981720e-06  1.12861293e-04  0.00000000e+00  1.12861293e-04  1.20000000e+00 
 1.12961293e-04  8.47980921e-01  1.12961293e-04  6.90175967e-01  1.12961293e-04  1.17461938e-06  1.12961293e-04 -2.31264939e-07  1.12961293e-04  6.37055009e-06  1.12961293e-04  0.00000000e+00  1.12961293e-04  1.20000000e+00 
 1.13061293e-04  8.45479674e-01  1.13061293e-04  6.90195306e-01  1.13061293e-04  1.25293818e-06  1.13061293e-04  2.31271016e-07  1.13061293e-04 -5.81981108e-06  1.13061293e-04  0.00000000e+00  1.13061293e-04  1.20000000e+00 
 1.13161293e-04  8.42978298e-01  1.13161293e-04  6.90175973e-01  1.13161293e-04  1.17461925e-06  1.13161293e-04 -2.31266051e-07  1.13161293e-04  6.37052029e-06  1.13161293e-04  0.00000000e+00  1.13161293e-04  1.20000000e+00 
 1.13261293e-04  8.40477180e-01  1.13261293e-04  6.90195175e-01  1.13261293e-04  1.25293832e-06  1.13261293e-04  2.31272145e-07  1.13261293e-04 -5.81980683e-06  1.13261293e-04  0.00000000e+00  1.13261293e-04  1.20000000e+00 
 1.13361293e-04  8.37975931e-01  1.13361293e-04  6.90175981e-01  1.13361293e-04  1.17461912e-06  1.13361293e-04 -2.31267196e-07  1.13361293e-04  6.37048933e-06  1.13361293e-04  0.00000000e+00  1.13361293e-04  1.20000000e+00 
 1.13461293e-04  8.35474962e-01  1.13461293e-04  6.90195037e-01  1.13461293e-04  1.25293845e-06  1.13461293e-04  2.31273306e-07  1.13461293e-04 -5.81980469e-06  1.13461293e-04  0.00000000e+00  1.13461293e-04  1.20000000e+00 
 1.13561293e-04  8.32973859e-01  1.13561293e-04  6.90175990e-01  1.13561293e-04  1.17461899e-06  1.13561293e-04 -2.31268371e-07  1.13561293e-04  6.37045705e-06  1.13561293e-04  0.00000000e+00  1.13561293e-04  1.20000000e+00 
 1.13661293e-04  8.30473060e-01  1.13661293e-04  6.90194893e-01  1.13661293e-04  1.25293858e-06  1.13661293e-04  2.31274496e-07  1.13661293e-04 -5.81980488e-06  1.13661293e-04  0.00000000e+00  1.13661293e-04  1.20000000e+00 
 1.13761293e-04  8.27972122e-01  1.13761293e-04  6.90176003e-01  1.13761293e-04  1.17461886e-06  1.13761293e-04 -2.31269576e-07  1.13761293e-04  6.37042335e-06  1.13761293e-04  0.00000000e+00  1.13761293e-04  1.20000000e+00 
 1.13861293e-04  8.25471515e-01  1.13861293e-04  6.90194743e-01  1.13861293e-04  1.25293871e-06  1.13861293e-04  2.31275716e-07  1.13861293e-04 -5.81980762e-06  1.13861293e-04  0.00000000e+00  1.13861293e-04  1.20000000e+00 
 1.13961293e-04  8.22970765e-01  1.13961293e-04  6.90176018e-01  1.13961293e-04  1.17461873e-06  1.13961293e-04 -2.31270809e-07  1.13961293e-04  6.37038809e-06  1.13961293e-04  0.00000000e+00  1.13961293e-04  1.20000000e+00 
 1.14061293e-04  8.20470375e-01  1.14061293e-04  6.90194588e-01  1.14061293e-04  1.25293884e-06  1.14061293e-04  2.31276962e-07  1.14061293e-04 -5.81981312e-06  1.14061293e-04  0.00000000e+00  1.14061293e-04  1.20000000e+00 
 1.14161293e-04  8.17969836e-01  1.14161293e-04  6.90176038e-01  1.14161293e-04  1.17461860e-06  1.14161293e-04 -2.31272068e-07  1.14161293e-04  6.37035118e-06  1.14161293e-04  0.00000000e+00  1.14161293e-04  1.20000000e+00 
 1.14261293e-04  8.15469688e-01  1.14261293e-04  6.90194428e-01  1.14261293e-04  1.25293897e-06  1.14261293e-04  2.31278233e-07  1.14261293e-04 -5.81982157e-06  1.14261293e-04  0.00000000e+00  1.14261293e-04  1.20000000e+00 
 1.14361293e-04  8.12969384e-01  1.14361293e-04  6.90176063e-01  1.14361293e-04  1.17461847e-06  1.14361293e-04 -2.31273350e-07  1.14361293e-04  6.37031253e-06  1.14361293e-04  0.00000000e+00  1.14361293e-04  1.20000000e+00 
 1.14461293e-04  8.10469505e-01  1.14461293e-04  6.90194265e-01  1.14461293e-04  1.25293910e-06  1.14461293e-04  2.31279526e-07  1.14461293e-04 -5.81983312e-06  1.14461293e-04  0.00000000e+00  1.14461293e-04  1.20000000e+00 
 1.14561293e-04  8.07969461e-01  1.14561293e-04  6.90176093e-01  1.14561293e-04  1.17461834e-06  1.14561293e-04 -2.31274652e-07  1.14561293e-04  6.37027206e-06  1.14561293e-04  0.00000000e+00  1.14561293e-04  1.20000000e+00 
 1.14661293e-04  8.05469878e-01  1.14661293e-04  6.90194099e-01  1.14661293e-04  1.25293923e-06  1.14661293e-04  2.31280837e-07  1.14661293e-04 -5.81984787e-06  1.14661293e-04  0.00000000e+00  1.14661293e-04  1.20000000e+00 
 1.14761293e-04  8.02970120e-01  1.14761293e-04  6.90176128e-01  1.14761293e-04  1.17461821e-06  1.14761293e-04 -2.31275971e-07  1.14761293e-04  6.37022972e-06  1.14761293e-04  0.00000000e+00  1.14761293e-04  1.20000000e+00 
 1.14861293e-04  8.00470861e-01  1.14861293e-04  6.90193932e-01  1.14861293e-04  1.25293936e-06  1.14861293e-04  2.31282163e-07  1.14861293e-04 -5.81986589e-06  1.14861293e-04  0.00000000e+00  1.14861293e-04  1.20000000e+00 
 1.14930652e-04  7.98737217e-01  1.14930652e-04  6.90176182e-01  1.14930652e-04  1.17461805e-06  1.14930652e-04 -2.31277591e-07  1.14930652e-04  6.37018713e-06  1.14930652e-04  0.00000000e+00  1.14930652e-04  1.20000000e+00 
 1.15000010e-04  7.97004014e-01  1.15000010e-04  6.90193761e-01  1.15000010e-04  1.25293954e-06  1.15000010e-04  2.31284074e-07  1.15000010e-04 -5.81987099e-06  1.15000010e-04  0.00000000e+00  1.15000010e-04  1.20000000e+00 
 1.15000011e-04  7.96993028e-01  1.15000011e-04  6.88623015e-01  1.15000011e-04  1.59496732e-06  1.15000011e-04  2.23643681e-06  1.15000011e-04 -6.92437605e-05  1.15000011e-04  0.00000000e+00  1.15000011e-04  1.08000000e+00 
 1.15000013e-04  7.96977776e-01  1.15000013e-04  6.86554079e-01  1.15000013e-04  1.35276260e-06  1.15000013e-04  7.46133404e-07  1.15000013e-04 -2.55126915e-05  1.15000013e-04  0.00000000e+00  1.15000013e-04  8.40000000e-01 
 1.15000016e-04  7.96953209e-01  1.15000016e-04  6.83421488e-01  1.15000016e-04  1.52785426e-06  1.15000016e-04  1.86319383e-06  1.15000016e-04 -6.07619483e-05  1.15000016e-04  0.00000000e+00  1.15000016e-04  4.20000000e-01 
 1.15000020e-04  7.96929549e-01  1.15000020e-04  6.80414939e-01  1.15000020e-04  1.34596761e-06  1.15000020e-04  6.84985973e-07  1.15000020e-04 -2.45186614e-05  1.15000020e-04  0.00000000e+00  1.15000020e-04  0.00000000e+00 
 1.15000021e-04  7.96929352e-01  1.15000021e-04  6.80462349e-01  1.15000021e-04  1.21515192e-06  1.15000021e-04 -1.15654334e-08  1.15000021e-04 -1.97664739e-06  1.15000021e-04  0.00000000e+00  1.15000021e-04  0.00000000e+00 
 1.15000022e-04  7.96929346e-01  1.15000022e-04  6.80589610e-01  1.15000022e-04  1.19548874e-06  1.15000022e-04 -8.73606664e-08  1.15000022e-04  1.77348799e-06  1.15000022e-04  0.00000000e+00  1.15000022e-04  0.00000000e+00 
 1.15000025e-04  7.96929394e-01  1.15000025e-04  6.80752286e-01  1.15000025e-04  1.22841976e-06  1.15000025e-04  7.24237060e-08  1.15000025e-04 -1.61183821e-06  1.15000025e-04  0.00000000e+00  1.15000025e-04  0.00000000e+00 
 1.15000030e-04  7.96929417e-01  1.15000030e-04  6.80895410e-01  1.15000030e-04  1.21046523e-06  1.15000030e-04 -6.12803111e-09  1.15000030e-04  1.64484498e-06  1.15000030e-04  0.00000000e+00  1.15000030e-04  0.00000000e+00 
 1.15000042e-04  7.96929508e-01  1.15000042e-04  6.81018338e-01  1.15000042e-04  1.23225403e-06  1.15000042e-04  9.78421979e-08  1.15000042e-04 -1.52358815e-06  1.15000042e-04  0.00000000e+00  1.15000042e-04  0.00000000e+00 
 1.15000064e-04  7.96929626e-01  1.15000064e-04  6.81195724e-01  1.15000064e-04  1.20745252e-06  1.15000064e-04 -1.83308378e-08  1.15000064e-04  1.61275901e-06  1.15000064e-04  0.00000000e+00  1.15000064e-04  0.00000000e+00 
 1.15000109e-04  7.96929907e-01  1.15000109e-04  6.81479746e-01  1.15000109e-04  1.22654852e-06  1.15000109e-04  7.90598138e-08  1.15000109e-04 -1.50015691e-06  1.15000109e-04  0.00000000e+00  1.15000109e-04  0.00000000e+00 
 1.15000198e-04  7.96930367e-01  1.15000198e-04  6.81855380e-01  1.15000198e-04  1.20218999e-06  1.15000198e-04 -2.88273501e-08  1.15000198e-04  1.61184324e-06  1.15000198e-04  0.00000000e+00  1.15000198e-04  0.00000000e+00 
 1.15000378e-04  7.96931209e-01  1.15000378e-04  6.82347182e-01  1.15000378e-04  1.22354290e-06  1.15000378e-04  7.60268498e-08  1.15000378e-04 -1.48470827e-06  1.15000378e-04  0.00000000e+00  1.15000378e-04  0.00000000e+00 
 1.15000736e-04  7.96932477e-01  1.15000736e-04  6.82914219e-01  1.15000736e-04  1.20213011e-06  1.15000736e-04 -3.19707172e-08  1.15000736e-04  1.62020819e-06  1.15000736e-04  0.00000000e+00  1.15000736e-04  0.00000000e+00 
 1.15001453e-04  7.96934375e-01  1.15001453e-04  6.83146421e-01  1.15001453e-04  1.22471088e-06  1.15001453e-04  6.87316274e-08  1.15001453e-04 -1.49607697e-06  1.15001453e-04  0.00000000e+00  1.15001453e-04  0.00000000e+00 
 1.15002886e-04  7.96937506e-01  1.15002886e-04  6.82144899e-01  1.15002886e-04  1.20323831e-06  1.15002886e-04 -4.05372578e-08  1.15002886e-04  1.56550366e-06  1.15002886e-04  0.00000000e+00  1.15002886e-04  0.00000000e+00 
 1.15005754e-04  7.96943744e-01  1.15005754e-04  6.80365139e-01  1.15005754e-04  1.22457321e-06  1.15005754e-04  5.91039138e-08  1.15005754e-04 -1.52370946e-06  1.15005754e-04  0.00000000e+00  1.15005754e-04  0.00000000e+00 
 1.15011488e-04  7.96954734e-01  1.15011488e-04  6.79342703e-01  1.15011488e-04  1.20289147e-06  1.15011488e-04 -5.11846008e-08  1.15011488e-04  1.55474055e-06  1.15011488e-04  0.00000000e+00  1.15011488e-04  0.00000000e+00 
 1.15022957e-04  7.96970467e-01  1.15022957e-04  6.81673009e-01  1.15022957e-04  1.22449630e-06  1.15022957e-04  4.86360312e-08  1.15022957e-04 -1.53309961e-06  1.15022957e-04  0.00000000e+00  1.15022957e-04  0.00000000e+00 
 1.15045894e-04  7.96985882e-01  1.15045894e-04  6.91283350e-01  1.15045894e-04  1.20291762e-06  1.15045894e-04 -5.74678372e-08  1.15045894e-04  1.53732743e-06  1.15045894e-04  0.00000000e+00  1.15045894e-04  0.00000000e+00 
 1.15079533e-04  7.96992176e-01  1.15079533e-04  6.90043022e-01  1.15079533e-04  1.22470817e-06  1.15079533e-04  5.71398915e-08  1.15079533e-04 -1.53822128e-06  1.15079533e-04  0.00000000e+00  1.15079533e-04  0.00000000e+00 
 1.15116751e-04  7.96992958e-01  1.15116751e-04  6.89924419e-01  1.15116751e-04  1.20282782e-06  1.15116751e-04 -5.62204985e-08  1.15116751e-04  1.53894794e-06  1.15116751e-04  0.00000000e+00  1.15116751e-04  0.00000000e+00 
 1.15187449e-04  7.96993045e-01  1.15187449e-04  6.90544239e-01  1.15187449e-04  1.22473141e-06  1.15187449e-04  5.56870460e-08  1.15187449e-04 -1.53913702e-06  1.15187449e-04  0.00000000e+00  1.15187449e-04  0.00000000e+00 
 1.15287449e-04  7.96992538e-01  1.15287449e-04  6.89785958e-01  1.15287449e-04  1.20282729e-06  1.15287449e-04 -5.53089497e-08  1.15287449e-04  1.53936660e-06  1.15287449e-04  0.00000000e+00  1.15287449e-04  0.00000000e+00 
 1.15387449e-04  7.96992426e-01  1.15387449e-04  6.90614228e-01  1.15387449e-04  1.22472744e-06  1.15387449e-04  5.49570093e-08  1.15387449e-04 -1.53944128e-06  1.15387449e-04  0.00000000e+00  1.15387449e-04  0.00000000e+00 
 1.15487449e-04  7.96991949e-01  1.15487449e-04  6.89743458e-01  1.15487449e-04  1.20283384e-06  1.15487449e-04 -5.46127053e-08  1.15487449e-04  1.53963889e-06  1.15487449e-04  0.00000000e+00  1.15487449e-04  0.00000000e+00 
 1.15587449e-04  7.96991817e-01  1.15587449e-04  6.90635598e-01  1.15587449e-04  1.22471891e-06  1.15587449e-04  5.43005898e-08  1.15587449e-04 -1.53968600e-06  1.15587449e-04  0.00000000e+00  1.15587449e-04  0.00000000e+00 
 1.15687449e-04  7.96991361e-01  1.15687449e-04  6.89738269e-01  1.15687449e-04  1.20284377e-06  1.15687449e-04 -5.39997984e-08  1.15687449e-04  1.53985864e-06  1.15687449e-04  0.00000000e+00  1.15687449e-04  0.00000000e+00 
 1.15787449e-04  7.96991204e-01  1.15787449e-04  6.90628927e-01  1.15787449e-04  1.22470798e-06  1.15787449e-04  5.37326950e-08  1.15787449e-04 -1.53988414e-06  1.15787449e-04  0.00000000e+00  1.15787449e-04  0.00000000e+00 
 1.15887449e-04  7.96990776e-01  1.15887449e-04  6.89754164e-01  1.15887449e-04  1.20285534e-06  1.15887449e-04 -5.34771504e-08  1.15887449e-04  1.54003710e-06  1.15887449e-04  0.00000000e+00  1.15887449e-04  0.00000000e+00 
 1.15987449e-04  7.96990589e-01  1.15987449e-04  6.90606695e-01  1.15987449e-04  1.22469602e-06  1.15987449e-04  5.32544627e-08  1.15987449e-04 -1.54004529e-06  1.15987449e-04  0.00000000e+00  1.15987449e-04  0.00000000e+00 
 1.16087449e-04  7.96990193e-01  1.16087449e-04  6.89781319e-01  1.16087449e-04  1.20286748e-06  1.16087449e-04 -5.30418466e-08  1.16087449e-04  1.54018258e-06  1.16087449e-04  0.00000000e+00  1.16087449e-04  0.00000000e+00 
 1.16187449e-04  7.96989972e-01  1.16187449e-04  6.90576633e-01  1.16187449e-04  1.22468388e-06  1.16187449e-04  5.28601288e-08  1.16187449e-04 -1.54017692e-06  1.16187449e-04  0.00000000e+00  1.16187449e-04  0.00000000e+00 
 1.16287449e-04  7.96989612e-01  1.16287449e-04  6.89813661e-01  1.16287449e-04  1.20287950e-06  1.16287449e-04 -5.26862207e-08  1.16287449e-04  1.54030164e-06  1.16287449e-04  0.00000000e+00  1.16287449e-04  0.00000000e+00 
 1.16387449e-04  7.96989355e-01  1.16387449e-04  6.90543429e-01  1.16387449e-04  1.22467207e-06  1.16387449e-04  5.25408202e-08  1.16387449e-04 -1.54028481e-06  1.16387449e-04  0.00000000e+00  1.16387449e-04  0.00000000e+00 
 1.16487449e-04  7.96989029e-01  1.16487449e-04  6.89847541e-01  1.16487449e-04  1.20289103e-06  1.16487449e-04 -5.24007373e-08  1.16487449e-04  1.54039938e-06  1.16487449e-04  0.00000000e+00  1.16487449e-04  0.00000000e+00 
 1.16587449e-04  7.96988739e-01  1.16587449e-04  6.90509873e-01  1.16587449e-04  1.22466089e-06  1.16587449e-04  5.22867164e-08  1.16587449e-04 -1.54037349e-06  1.16587449e-04  0.00000000e+00  1.16587449e-04  0.00000000e+00 
 1.16687449e-04  7.96988445e-01  1.16687449e-04  6.89880821e-01  1.16687449e-04  1.20290184e-06  1.16687449e-04 -5.21755793e-08  1.16687449e-04  1.54047983e-06  1.16687449e-04  0.00000000e+00  1.16687449e-04  0.00000000e+00 
 1.16787449e-04  7.96988125e-01  1.16787449e-04  6.90477571e-01  1.16787449e-04  1.22465047e-06  1.16787449e-04  5.20881965e-08  1.16787449e-04 -1.54044655e-06  1.16787449e-04  0.00000000e+00  1.16787449e-04  0.00000000e+00 
 1.16887449e-04  7.96987859e-01  1.16887449e-04  6.89912308e-01  1.16887449e-04  1.20291185e-06  1.16887449e-04 -5.20014619e-08  1.16887449e-04  1.54054618e-06  1.16887449e-04  0.00000000e+00  1.16887449e-04  0.00000000e+00 
 1.16987449e-04  7.96987513e-01  1.16987449e-04  6.90447390e-01  1.16987449e-04  1.22464087e-06  1.16987449e-04  5.19363992e-08  1.16987449e-04 -1.54050685e-06  1.16987449e-04  0.00000000e+00  1.16987449e-04  0.00000000e+00 
 1.17087449e-04  7.96987271e-01  1.17087449e-04  6.89941393e-01  1.17087449e-04  1.20292104e-06  1.17087449e-04 -5.18700024e-08  1.17087449e-04  1.54060097e-06  1.17087449e-04  0.00000000e+00  1.17087449e-04  0.00000000e+00 
 1.17187449e-04  7.96986904e-01  1.17187449e-04  6.90419739e-01  1.17187449e-04  1.22463210e-06  1.17187449e-04  5.18234486e-08  1.17187449e-04 -1.54055667e-06  1.17187449e-04  0.00000000e+00  1.17187449e-04  0.00000000e+00 
 1.17287449e-04  7.96986681e-01  1.17287449e-04  6.89967828e-01  1.17287449e-04  1.20292942e-06  1.17287449e-04 -5.17738417e-08  1.17287449e-04  1.54064625e-06  1.17287449e-04  0.00000000e+00  1.17287449e-04  0.00000000e+00 
 1.17387449e-04  7.96986296e-01  1.17387449e-04  6.90394749e-01  1.17387449e-04  1.22462411e-06  1.17387449e-04  5.17424994e-08  1.17387449e-04 -1.54059785e-06  1.17387449e-04  0.00000000e+00  1.17387449e-04  0.00000000e+00 
 1.17487449e-04  7.96986088e-01  1.17487449e-04  6.89991582e-01  1.17487449e-04  1.20293703e-06  1.17487449e-04 -5.17066340e-08  1.17487449e-04  1.54068368e-06  1.17487449e-04  0.00000000e+00  1.17487449e-04  0.00000000e+00 
 1.17587449e-04  7.96985691e-01  1.17587449e-04  6.90372384e-01  1.17587449e-04  1.22461686e-06  1.17587449e-04  5.16876869e-08  1.17587449e-04 -1.54063188e-06  1.17587449e-04  0.00000000e+00  1.17587449e-04  0.00000000e+00 
 1.17687449e-04  7.96985494e-01  1.17687449e-04  6.90012749e-01  1.17687449e-04  1.20294393e-06  1.17687449e-04 -5.16629717e-08  1.17687449e-04  1.54071461e-06  1.17687449e-04  0.00000000e+00  1.17687449e-04  0.00000000e+00 
 1.17787449e-04  7.96985088e-01  1.17787449e-04  6.90352512e-01  1.17787449e-04  1.22461030e-06  1.17787449e-04  5.16540353e-08  1.17787449e-04 -1.54065997e-06  1.17787449e-04  0.00000000e+00  1.17787449e-04  0.00000000e+00 
 1.17887449e-04  7.96984897e-01  1.17887449e-04  6.90031495e-01  1.17887449e-04  1.20295017e-06  1.17887449e-04 -5.16382835e-08  1.17887449e-04  1.54074011e-06  1.17887449e-04  0.00000000e+00  1.17887449e-04  0.00000000e+00 
 1.17987449e-04  7.96984487e-01  1.17987449e-04  6.90334951e-01  1.17987449e-04  1.22460436e-06  1.17987449e-04  5.16373516e-08  1.17987449e-04 -1.54068312e-06  1.17987449e-04  0.00000000e+00  1.17987449e-04  0.00000000e+00 
 1.18087449e-04  7.96984298e-01  1.18087449e-04  6.90048019e-01  1.18087449e-04  1.20295582e-06  1.18087449e-04 -5.16287270e-08  1.18087449e-04  1.54076109e-06  1.18087449e-04  0.00000000e+00  1.18087449e-04  0.00000000e+00 
 1.18187449e-04  7.96983887e-01  1.18187449e-04  6.90319497e-01  1.18187449e-04  1.22459898e-06  1.18187449e-04  5.16341195e-08  1.18187449e-04 -1.54070212e-06  1.18187449e-04  0.00000000e+00  1.18187449e-04  0.00000000e+00 
 1.18287449e-04  7.96983699e-01  1.18287449e-04  6.90062771e-01  1.18287449e-04  1.20296089e-06  1.18287449e-04 -5.16311475e-08  1.18287449e-04  1.54077831e-06  1.18287449e-04  0.00000000e+00  1.18287449e-04  0.00000000e+00 
 1.18387449e-04  7.96983289e-01  1.18387449e-04  6.90306202e-01  1.18387449e-04  1.22459410e-06  1.18387449e-04  5.16414372e-08  1.18387449e-04 -1.54071769e-06  1.18387449e-04  0.00000000e+00  1.18387449e-04  0.00000000e+00 
 1.18487449e-04  7.96983097e-01  1.18487449e-04  6.90075444e-01  1.18487449e-04  1.20296553e-06  1.18487449e-04 -5.16427136e-08  1.18487449e-04  1.54079232e-06  1.18487449e-04  0.00000000e+00  1.18487449e-04  0.00000000e+00 
 1.18587449e-04  7.96982691e-01  1.18587449e-04  6.90294274e-01  1.18587449e-04  1.22458969e-06  1.18587449e-04  5.16567694e-08  1.18587449e-04 -1.54073030e-06  1.18587449e-04  0.00000000e+00  1.18587449e-04  0.00000000e+00 
 1.18687449e-04  7.96982495e-01  1.18687449e-04  6.90086526e-01  1.18687449e-04  1.20296974e-06  1.18687449e-04 -5.16613007e-08  1.18687449e-04  1.54080366e-06  1.18687449e-04  0.00000000e+00  1.18687449e-04  0.00000000e+00 
 1.18787449e-04  7.96982094e-01  1.18787449e-04  6.90283857e-01  1.18787449e-04  1.22458568e-06  1.18787449e-04  5.16781541e-08  1.18787449e-04 -1.54074046e-06  1.18787449e-04  0.00000000e+00  1.18787449e-04  0.00000000e+00 
 1.18887449e-04  7.96981891e-01  1.18887449e-04  6.90096207e-01  1.18887449e-04  1.20297357e-06  1.18887449e-04 -5.16850612e-08  1.18887449e-04  1.54081273e-06  1.18887449e-04  0.00000000e+00  1.18887449e-04  0.00000000e+00 
 1.18987449e-04  7.96981498e-01  1.18987449e-04  6.90274766e-01  1.18987449e-04  1.22458204e-06  1.18987449e-04  5.17039143e-08  1.18987449e-04 -1.54074853e-06  1.18987449e-04  0.00000000e+00  1.18987449e-04  0.00000000e+00 
 1.19087449e-04  7.96981288e-01  1.19087449e-04  6.90104658e-01  1.19087449e-04  1.20297705e-06  1.19087449e-04 -5.17124746e-08  1.19087449e-04  1.54081988e-06  1.19087449e-04  0.00000000e+00  1.19087449e-04  0.00000000e+00 
 1.19187449e-04  7.96980903e-01  1.19187449e-04  6.90266833e-01  1.19187449e-04  1.22457872e-06  1.19187449e-04  5.17326733e-08  1.19187449e-04 -1.54075484e-06  1.19187449e-04  0.00000000e+00  1.19187449e-04  0.00000000e+00 
 1.19287449e-04  7.96980683e-01  1.19287449e-04  6.90112037e-01  1.19287449e-04  1.20298022e-06  1.19287449e-04 -5.17422965e-08  1.19287449e-04  1.54082541e-06  1.19287449e-04  0.00000000e+00  1.19287449e-04  0.00000000e+00 
 1.19387449e-04  7.96980308e-01  1.19387449e-04  6.90259909e-01  1.19387449e-04  1.22457568e-06  1.19387449e-04  5.17633079e-08  1.19387449e-04 -1.54075965e-06  1.19387449e-04  0.00000000e+00  1.19387449e-04  0.00000000e+00 
 1.19487449e-04  7.96980079e-01  1.19487449e-04  6.90118484e-01  1.19487449e-04  1.20298312e-06  1.19487449e-04 -5.17735151e-08  1.19487449e-04  1.54082956e-06  1.19487449e-04  0.00000000e+00  1.19487449e-04  0.00000000e+00 
 1.19587449e-04  7.96979713e-01  1.19587449e-04  6.90253860e-01  1.19587449e-04  1.22457291e-06  1.19587449e-04  5.17949091e-08  1.19587449e-04 -1.54076318e-06  1.19587449e-04  0.00000000e+00  1.19587449e-04  0.00000000e+00 
 1.19687449e-04  7.96979475e-01  1.19687449e-04  6.90124123e-01  1.19687449e-04  1.20298579e-06  1.19687449e-04 -5.18053159e-08  1.19687449e-04  1.54083252e-06  1.19687449e-04  0.00000000e+00  1.19687449e-04  0.00000000e+00 
 1.19787449e-04  7.96979118e-01  1.19787449e-04  6.90248565e-01  1.19787449e-04  1.22457036e-06  1.19787449e-04  5.18267487e-08  1.19787449e-04 -1.54076562e-06  1.19787449e-04  0.00000000e+00  1.19787449e-04  0.00000000e+00 
 1.19887449e-04  7.96978871e-01  1.19887449e-04  6.90129064e-01  1.19887449e-04  1.20298823e-06  1.19887449e-04 -5.18370500e-08  1.19887449e-04  1.54083448e-06  1.19887449e-04  0.00000000e+00  1.19887449e-04  0.00000000e+00 
 1.19987449e-04  7.96978523e-01  1.19987449e-04  6.90243921e-01  1.19987449e-04  1.22456801e-06  1.19987449e-04  5.18582512e-08  1.19987449e-04 -1.54076713e-06  1.19987449e-04  0.00000000e+00  1.19987449e-04  0.00000000e+00 
 1.20087449e-04  7.96978266e-01  1.20087449e-04  6.90133406e-01  1.20087449e-04  1.20299049e-06  1.20087449e-04 -5.18682088e-08  1.20087449e-04  1.54083557e-06  1.20087449e-04  0.00000000e+00  1.20087449e-04  0.00000000e+00 
 1.20187449e-04  7.96977928e-01  1.20187449e-04  6.90239836e-01  1.20187449e-04  1.22456584e-06  1.20187449e-04  5.18889693e-08  1.20187449e-04 -1.54076783e-06  1.20187449e-04  0.00000000e+00  1.20187449e-04  0.00000000e+00 
 1.20287449e-04  7.96977663e-01  1.20287449e-04  6.90137231e-01  1.20287449e-04  1.20299257e-06  1.20287449e-04 -5.18984015e-08  1.20287449e-04  1.54083591e-06  1.20287449e-04  0.00000000e+00  1.20287449e-04  0.00000000e+00 
 1.20387449e-04  7.96977333e-01  1.20387449e-04  6.90236231e-01  1.20387449e-04  1.22456384e-06  1.20387449e-04  5.19185638e-08  1.20387449e-04 -1.54076784e-06  1.20387449e-04  0.00000000e+00  1.20387449e-04  0.00000000e+00 
 1.20487449e-04  7.96977059e-01  1.20487449e-04  6.90140616e-01  1.20487449e-04  1.20299451e-06  1.20487449e-04 -5.19273358e-08  1.20487449e-04  1.54083562e-06  1.20487449e-04  0.00000000e+00  1.20487449e-04  0.00000000e+00 
 1.20587449e-04  7.96976737e-01  1.20587449e-04  6.90233035e-01  1.20587449e-04  1.22456198e-06  1.20587449e-04  5.19467856e-08  1.20587449e-04 -1.54076726e-06  1.20587449e-04  0.00000000e+00  1.20587449e-04  0.00000000e+00 
 1.20687449e-04  7.96976456e-01  1.20687449e-04  6.90143622e-01  1.20687449e-04  1.20299630e-06  1.20687449e-04 -5.19548021e-08  1.20687449e-04  1.54083477e-06  1.20687449e-04  0.00000000e+00  1.20687449e-04  0.00000000e+00 
 1.20787449e-04  7.96976141e-01  1.20787449e-04  6.90230191e-01  1.20787449e-04  1.22456025e-06  1.20787449e-04  5.19734611e-08  1.20787449e-04 -1.54076617e-06  1.20787449e-04  0.00000000e+00  1.20787449e-04  0.00000000e+00 
 1.20887449e-04  7.96975853e-01  1.20887449e-04  6.90146306e-01  1.20887449e-04  1.20299797e-06  1.20887449e-04 -5.19806593e-08  1.20887449e-04  1.54083344e-06  1.20887449e-04  0.00000000e+00  1.20887449e-04  0.00000000e+00 
 1.20987449e-04  7.96975545e-01  1.20987449e-04  6.90227646e-01  1.20987449e-04  1.22455864e-06  1.20987449e-04  5.19984784e-08  1.20987449e-04 -1.54076462e-06  1.20987449e-04  0.00000000e+00  1.20987449e-04  0.00000000e+00 
 1.21087449e-04  7.96975250e-01  1.21087449e-04  6.90148713e-01  1.21087449e-04  1.20299953e-06  1.21087449e-04 -5.20048221e-08  1.21087449e-04  1.54083170e-06  1.21087449e-04  0.00000000e+00  1.21087449e-04  0.00000000e+00 
 1.21187449e-04  7.96974949e-01  1.21187449e-04  6.90225356e-01  1.21187449e-04  1.22455713e-06  1.21187449e-04  5.20217769e-08  1.21187449e-04 -1.54076269e-06  1.21187449e-04  0.00000000e+00  1.21187449e-04  0.00000000e+00 
 1.21287449e-04  7.96974647e-01  1.21287449e-04  6.90150885e-01  1.21287449e-04  1.20300099e-06  1.21287449e-04 -5.20272518e-08  1.21287449e-04  1.54082959e-06  1.21287449e-04  0.00000000e+00  1.21287449e-04  0.00000000e+00 
 1.21387449e-04  7.96974353e-01  1.21387449e-04  6.90223285e-01  1.21387449e-04  1.22455572e-06  1.21387449e-04  5.20433368e-08  1.21387449e-04 -1.54076042e-06  1.21387449e-04  0.00000000e+00  1.21387449e-04  0.00000000e+00 
 1.21487449e-04  7.96974045e-01  1.21487449e-04  6.90152856e-01  1.21487449e-04  1.20300236e-06  1.21487449e-04 -5.20479460e-08  1.21487449e-04  1.54082716e-06  1.21487449e-04  0.00000000e+00  1.21487449e-04  0.00000000e+00 
 1.21587449e-04  7.96973756e-01  1.21587449e-04  6.90221402e-01  1.21587449e-04  1.22455439e-06  1.21587449e-04  5.20631718e-08  1.21587449e-04 -1.54075784e-06  1.21587449e-04  0.00000000e+00  1.21587449e-04  0.00000000e+00 
 1.21687449e-04  7.96973444e-01  1.21687449e-04  6.90154653e-01  1.21687449e-04  1.20300365e-06  1.21687449e-04 -5.20669319e-08  1.21687449e-04  1.54082445e-06  1.21687449e-04  0.00000000e+00  1.21687449e-04  0.00000000e+00 
 1.21787449e-04  7.96973158e-01  1.21787449e-04  6.90219678e-01  1.21787449e-04  1.22455314e-06  1.21787449e-04  5.20813210e-08  1.21787449e-04 -1.54075501e-06  1.21787449e-04  0.00000000e+00  1.21787449e-04  0.00000000e+00 
 1.21887449e-04  7.96972842e-01  1.21887449e-04  6.90156302e-01  1.21887449e-04  1.20300486e-06  1.21887449e-04 -5.20842596e-08  1.21887449e-04  1.54082150e-06  1.21887449e-04  0.00000000e+00  1.21887449e-04  0.00000000e+00 
 1.21987449e-04  7.96972561e-01  1.21987449e-04  6.90218093e-01  1.21987449e-04  1.22455197e-06  1.21987449e-04  5.20978436e-08  1.21987449e-04 -1.54075194e-06  1.21987449e-04  0.00000000e+00  1.21987449e-04  0.00000000e+00 
 1.22087449e-04  7.96972241e-01  1.22087449e-04  6.90157824e-01  1.22087449e-04  1.20300600e-06  1.22087449e-04 -5.20999961e-08  1.22087449e-04  1.54081833e-06  1.22087449e-04  0.00000000e+00  1.22087449e-04  0.00000000e+00 
 1.22187449e-04  7.96971963e-01  1.22187449e-04  6.90216628e-01  1.22187449e-04  1.22455086e-06  1.22187449e-04  5.21128135e-08  1.22187449e-04 -1.54074867e-06  1.22187449e-04  0.00000000e+00  1.22187449e-04  0.00000000e+00 
 1.22287449e-04  7.96971640e-01  1.22287449e-04  6.90159234e-01  1.22287449e-04  1.20300708e-06  1.22287449e-04 -5.21142208e-08  1.22287449e-04  1.54081496e-06  1.22287449e-04  0.00000000e+00  1.22287449e-04  0.00000000e+00 
 1.22387449e-04  7.96971365e-01  1.22387449e-04  6.90215266e-01  1.22387449e-04  1.22454981e-06  1.22387449e-04  5.21263148e-08  1.22387449e-04 -1.54074521e-06  1.22387449e-04  0.00000000e+00  1.22387449e-04  0.00000000e+00 
 1.22487449e-04  7.96971039e-01  1.22487449e-04  6.90160547e-01  1.22487449e-04  1.20300810e-06  1.22487449e-04 -5.21270219e-08  1.22487449e-04  1.54081142e-06  1.22487449e-04  0.00000000e+00  1.22487449e-04  0.00000000e+00 
 1.22587449e-04  7.96970767e-01  1.22587449e-04  6.90213994e-01  1.22587449e-04  1.22454882e-06  1.22587449e-04  5.21384387e-08  1.22587449e-04 -1.54074159e-06  1.22587449e-04  0.00000000e+00  1.22587449e-04  0.00000000e+00 
 1.22687449e-04  7.96970439e-01  1.22687449e-04  6.90161776e-01  1.22687449e-04  1.20300906e-06  1.22687449e-04 -5.21384926e-08  1.22687449e-04  1.54080772e-06  1.22687449e-04  0.00000000e+00  1.22687449e-04  0.00000000e+00 
 1.22787449e-04  7.96970169e-01  1.22787449e-04  6.90212803e-01  1.22787449e-04  1.22454789e-06  1.22787449e-04  5.21492800e-08  1.22787449e-04 -1.54073782e-06  1.22787449e-04  0.00000000e+00  1.22787449e-04  0.00000000e+00 
 1.22887449e-04  7.96969839e-01  1.22887449e-04  6.90162929e-01  1.22887449e-04  1.20300997e-06  1.22887449e-04 -5.21487287e-08  1.22887449e-04  1.54080389e-06  1.22887449e-04  0.00000000e+00  1.22887449e-04  0.00000000e+00 
 1.22987449e-04  7.96969570e-01  1.22987449e-04  6.90211683e-01  1.22987449e-04  1.22454700e-06  1.22987449e-04  5.21589349e-08  1.22987449e-04 -1.54073392e-06  1.22987449e-04  0.00000000e+00  1.22987449e-04  0.00000000e+00 
 1.23087449e-04  7.96969239e-01  1.23087449e-04  6.90164015e-01  1.23087449e-04  1.20301084e-06  1.23087449e-04 -5.21578266e-08  1.23087449e-04  1.54079992e-06  1.23087449e-04  0.00000000e+00  1.23087449e-04  0.00000000e+00 
 1.23187449e-04  7.96968971e-01  1.23187449e-04  6.90210627e-01  1.23187449e-04  1.22454616e-06  1.23187449e-04  5.21674993e-08  1.23187449e-04 -1.54072989e-06  1.23187449e-04  0.00000000e+00  1.23187449e-04  0.00000000e+00 
 1.23287449e-04  7.96968639e-01  1.23287449e-04  6.90165041e-01  1.23287449e-04  1.20301166e-06  1.23287449e-04 -5.21658810e-08  1.23287449e-04  1.54079584e-06  1.23287449e-04  0.00000000e+00  1.23287449e-04  0.00000000e+00 
 1.23387449e-04  7.96968372e-01  1.23387449e-04  6.90209628e-01  1.23387449e-04  1.22454536e-06  1.23387449e-04  5.21750667e-08  1.23387449e-04 -1.54072576e-06  1.23387449e-04  0.00000000e+00  1.23387449e-04  0.00000000e+00 
 1.23487449e-04  7.96968039e-01  1.23487449e-04  6.90166012e-01  1.23487449e-04  1.20301244e-06  1.23487449e-04 -5.21729842e-08  1.23487449e-04  1.54079165e-06  1.23487449e-04  0.00000000e+00  1.23487449e-04  0.00000000e+00 
 1.23587449e-04  7.96967773e-01  1.23587449e-04  6.90208682e-01  1.23587449e-04  1.22454460e-06  1.23587449e-04  5.21817275e-08  1.23587449e-04 -1.54072152e-06  1.23587449e-04  0.00000000e+00  1.23587449e-04  0.00000000e+00 
 1.23687449e-04  7.96967439e-01  1.23687449e-04  6.90166932e-01  1.23687449e-04  1.20301318e-06  1.23687449e-04 -5.21792243e-08  1.23687449e-04  1.54078736e-06  1.23687449e-04  0.00000000e+00  1.23687449e-04  0.00000000e+00 
 1.23787449e-04  7.96967174e-01  1.23787449e-04  6.90207784e-01  1.23787449e-04  1.22454388e-06  1.23787449e-04  5.21875680e-08  1.23787449e-04 -1.54071719e-06  1.23787449e-04  0.00000000e+00  1.23787449e-04  0.00000000e+00 
 1.23887449e-04  7.96966840e-01  1.23887449e-04  6.90167806e-01  1.23887449e-04  1.20301388e-06  1.23887449e-04 -5.21846855e-08  1.23887449e-04  1.54078298e-06  1.23887449e-04  0.00000000e+00  1.23887449e-04  0.00000000e+00 
 1.23987449e-04  7.96966575e-01  1.23987449e-04  6.90206932e-01  1.23987449e-04  1.22454319e-06  1.23987449e-04  5.21926695e-08  1.23987449e-04 -1.54071277e-06  1.23987449e-04  0.00000000e+00  1.23987449e-04  0.00000000e+00 
 1.24087449e-04  7.96966240e-01  1.24087449e-04  6.90168637e-01  1.24087449e-04  1.20301455e-06  1.24087449e-04 -5.21894465e-08  1.24087449e-04  1.54077852e-06  1.24087449e-04  0.00000000e+00  1.24087449e-04  0.00000000e+00 
 1.24187449e-04  7.96965975e-01  1.24187449e-04  6.90206121e-01  1.24187449e-04  1.22454254e-06  1.24187449e-04  5.21971084e-08  1.24187449e-04 -1.54070827e-06  1.24187449e-04  0.00000000e+00  1.24187449e-04  0.00000000e+00 
 1.24287449e-04  7.96965641e-01  1.24287449e-04  6.90169427e-01  1.24287449e-04  1.20301518e-06  1.24287449e-04 -5.21935810e-08  1.24287449e-04  1.54077399e-06  1.24287449e-04  0.00000000e+00  1.24287449e-04  0.00000000e+00 
 1.24387449e-04  7.96965376e-01  1.24387449e-04  6.90205350e-01  1.24387449e-04  1.22454192e-06  1.24387449e-04  5.22009554e-08  1.24387449e-04 -1.54070369e-06  1.24387449e-04  0.00000000e+00  1.24387449e-04  0.00000000e+00 
 1.24487449e-04  7.96965041e-01  1.24487449e-04  6.90170179e-01  1.24487449e-04  1.20301579e-06  1.24487449e-04 -5.21971569e-08  1.24487449e-04  1.54076938e-06  1.24487449e-04  0.00000000e+00  1.24487449e-04  0.00000000e+00 
 1.24587449e-04  7.96964777e-01  1.24587449e-04  6.90204616e-01  1.24587449e-04  1.22454134e-06  1.24587449e-04  5.22042759e-08  1.24587449e-04 -1.54069905e-06  1.24587449e-04  0.00000000e+00  1.24587449e-04  0.00000000e+00 
 1.24687449e-04  7.96964442e-01  1.24687449e-04  6.90170894e-01  1.24687449e-04  1.20301636e-06  1.24687449e-04 -5.22002370e-08  1.24687449e-04  1.54076470e-06  1.24687449e-04  0.00000000e+00  1.24687449e-04  0.00000000e+00 
 1.24787449e-04  7.96964177e-01  1.24787449e-04  6.90203918e-01  1.24787449e-04  1.22454078e-06  1.24787449e-04  5.22071298e-08  1.24787449e-04 -1.54069434e-06  1.24787449e-04  0.00000000e+00  1.24787449e-04  0.00000000e+00 
 1.24887449e-04  7.96963843e-01  1.24887449e-04  6.90171575e-01  1.24887449e-04  1.20301690e-06  1.24887449e-04 -5.22028783e-08  1.24887449e-04  1.54075996e-06  1.24887449e-04  0.00000000e+00  1.24887449e-04  0.00000000e+00 
 1.24943724e-04  7.96963709e-01  1.24943724e-04  6.90203004e-01  1.24943724e-04  1.22454004e-06  1.24943724e-04  5.22104215e-08  1.24943724e-04 -1.54068770e-06  1.24943724e-04  0.00000000e+00  1.24943724e-04  0.00000000e+00 
 1.25000000e-04  7.96963506e-01  1.25000000e-04  6.90172704e-01  1.25000000e-04  1.20301781e-06  1.25000000e-04 -5.22066510e-08  1.25000000e-04  1.54075138e-06  1.25000000e-04  1.62630326e-09  1.25000000e-04  0.00000000e+00 
 1.25000001e-04  7.96966752e-01  1.25000001e-04  6.91109393e-01  1.25000001e-04  9.82382542e-07  1.25000001e-04  2.53884043e-06  1.25000001e-04 -5.69856730e-07  1.25000001e-04  1.20000001e-01  1.25000001e-04  0.00000000e+00 
 1.25000003e-04  7.96973027e-01  1.25000003e-04  6.92839016e-01  1.25000003e-04  1.00094565e-06  1.25000003e-04  2.35267320e-06  1.25000003e-04 -7.04782098e-07  1.25000003e-04  3.60000000e-01  1.25000003e-04  0.00000000e+00 
 1.25000006e-04  7.96984115e-01  1.25000006e-04  6.95784354e-01  1.25000006e-04  9.87942433e-07  1.25000006e-04  1.83308161e-06  1.25000006e-04 -5.36870664e-07  1.25000006e-04  7.79999999e-01  1.25000006e-04  0.00000000e+00 
 1.25000010e-04  7.96992448e-01  1.25000010e-04  6.97825855e-01  1.25000010e-04  1.12256198e-06  1.25000010e-04 -1.82138525e-07  1.25000010e-04 -3.16107079e-07  1.25000010e-04  1.20000000e+00  1.25000010e-04  0.00000000e+00 
 1.25000011e-04  7.96991999e-01  1.25000011e-04  6.97598290e-01  1.25000011e-04  1.28635982e-06  1.25000011e-04 -2.49734179e-06  1.25000011e-04  2.31779570e-07  1.25000011e-04  1.20000000e+00  1.25000011e-04  0.00000000e+00 
 1.25000012e-04  7.96990876e-01  1.25000012e-04  6.97134683e-01  1.25000012e-04  1.30653222e-06  1.25000012e-04 -2.89010744e-06  1.25000012e-04  3.25467959e-07  1.25000012e-04  1.20000000e+00  1.25000012e-04  0.00000000e+00 
 1.25000014e-04  7.96988485e-01  1.25000014e-04  6.96278385e-01  1.25000014e-04  1.27718862e-06  1.25000014e-04 -2.25419619e-06  1.25000014e-04  1.96900809e-07  1.25000014e-04  1.20000000e+00  1.25000014e-04  0.00000000e+00 
 1.25000019e-04  7.96983622e-01  1.25000019e-04  6.94755726e-01  1.25000019e-04  1.29093746e-06  1.25000019e-04 -2.10821799e-06  1.25000019e-04  2.54213485e-07  1.25000019e-04  1.20000000e+00  1.25000019e-04  0.00000000e+00 
 1.25000029e-04  7.96971846e-01  1.25000029e-04  6.91545734e-01  1.25000029e-04  1.29419960e-06  1.25000029e-04 -1.03976968e-06  1.25000029e-04  2.14806845e-07  1.25000029e-04  1.20000000e+00  1.25000029e-04  0.00000000e+00 
 1.25000050e-04  7.96924747e-01  1.25000050e-04  6.78595848e-01  1.25000050e-04  1.47756631e-06  1.25000050e-04 -3.58504013e-07  1.25000050e-04  7.21286861e-07  1.25000050e-04  1.20000000e+00  1.25000050e-04  0.00000000e+00 
 1.25000076e-04  7.96863520e-01  1.25000076e-04  6.64487437e-01  1.25000076e-04  1.26331613e-06  1.25000076e-04  4.18046415e-06  1.25000076e-04  3.67852590e-08  1.25000076e-04  1.20000000e+00  1.25000076e-04  0.00000000e+00 
 1.25000104e-04  7.96841098e-01  1.25000104e-04  6.58570532e-01  1.25000104e-04  1.32333817e-06  1.25000104e-04  3.02690380e-07  1.25000104e-04  2.55740970e-07  1.25000104e-04  1.20000000e+00  1.25000104e-04  0.00000000e+00 
 1.25000160e-04  7.96854239e-01  1.25000160e-04  6.53021363e-01  1.25000160e-04  1.19457432e-06  1.25000160e-04  2.84194859e-06  1.25000160e-04 -1.24093964e-07  1.25000160e-04  1.20000000e+00  1.25000160e-04  0.00000000e+00 
 1.25000217e-04  7.96882628e-01  1.25000217e-04  6.49554084e-01  1.25000217e-04  1.28869385e-06  1.25000217e-04 -6.39991019e-07  1.25000217e-04  1.93765729e-07  1.25000217e-04  1.20000000e+00  1.25000217e-04  0.00000000e+00 
 1.25000318e-04  7.96926171e-01  1.25000318e-04  6.45878289e-01  1.25000318e-04  1.17065073e-06  1.25000318e-04  2.30713489e-06  1.25000318e-04 -1.60678569e-07  1.25000318e-04  1.20000000e+00  1.25000318e-04  0.00000000e+00 
 1.25000521e-04  7.96985405e-01  1.25000521e-04  6.44639089e-01  1.25000521e-04  1.26145751e-06  1.25000521e-04 -1.06156680e-06  1.25000521e-04  1.47876973e-07  1.25000521e-04  1.20000000e+00  1.25000521e-04  0.00000000e+00 
 1.25000925e-04  7.97039069e-01  1.25000925e-04  6.49657931e-01  1.25000925e-04  1.15331979e-06  1.25000925e-04  2.00178667e-06  1.25000925e-04 -1.85051910e-07  1.25000925e-04  1.20000000e+00  1.25000925e-04  0.00000000e+00 
 1.25001734e-04  7.97083941e-01  1.25001734e-04  6.61133238e-01  1.25001734e-04  1.26035954e-06  1.25001734e-04 -1.25563930e-06  1.25001734e-04  1.52748965e-07  1.25001734e-04  1.20000000e+00  1.25001734e-04  0.00000000e+00 
 1.25003069e-04  7.97126581e-01  1.25003069e-04  6.71424174e-01  1.25003069e-04  1.16068924e-06  1.25003069e-04  1.88007041e-06  1.25003069e-04 -1.66494045e-07  1.25003069e-04  1.20000000e+00  1.25003069e-04  0.00000000e+00 
 1.25005702e-04  7.97198826e-01  1.25005702e-04  6.80741179e-01  1.25005702e-04  1.26479371e-06  1.25005702e-04 -1.31908681e-06  1.25005702e-04  1.63838513e-07  1.25005702e-04  1.20000000e+00  1.25005702e-04  0.00000000e+00 
 1.25010968e-04  7.97343143e-01  1.25010968e-04  6.88022312e-01  1.25010968e-04  1.16229432e-06  1.25010968e-04  1.88862096e-06  1.25010968e-04 -1.62991741e-07  1.25010968e-04  1.20000000e+00  1.25010968e-04  0.00000000e+00 
 1.25021500e-04  7.97633668e-01  1.25021500e-04  6.90002273e-01  1.25021500e-04  1.26540538e-06  1.25021500e-04 -1.30740204e-06  1.25021500e-04  1.63630928e-07  1.25021500e-04  1.20000000e+00  1.25021500e-04  0.00000000e+00 
 1.25042565e-04  7.98187439e-01  1.25042565e-04  6.90254977e-01  1.25042565e-04  1.16219176e-06  1.25042565e-04  1.87394022e-06  1.25042565e-04 -1.63612495e-07  1.25042565e-04  1.20000000e+00  1.25042565e-04  0.00000000e+00 
 1.25082124e-04  7.99214715e-01  1.25082124e-04  6.90159863e-01  1.25082124e-04  1.26536511e-06  1.25082124e-04 -1.30529204e-06  1.25082124e-04  1.63699975e-07  1.25082124e-04  1.20000000e+00  1.25082124e-04  0.00000000e+00 
 1.25161242e-04  8.01255073e-01  1.25161242e-04  6.90209028e-01  1.25161242e-04  1.16219151e-06  1.25161242e-04  1.87334738e-06  1.25161242e-04 -1.63639907e-07  1.25161242e-04  1.20000000e+00  1.25161242e-04  0.00000000e+00 
 1.25261242e-04  8.03833850e-01  1.25261242e-04  6.90182382e-01  1.25261242e-04  1.26536645e-06  1.25261242e-04 -1.30501010e-06  1.25261242e-04  1.63713805e-07  1.25261242e-04  1.20000000e+00  1.25261242e-04  0.00000000e+00 
 1.25361242e-04  8.06412800e-01  1.25361242e-04  6.90191302e-01  1.25361242e-04  1.16219013e-06  1.25361242e-04  1.87324487e-06  1.25361242e-04 -1.63650542e-07  1.25361242e-04  1.20000000e+00  1.25361242e-04  0.00000000e+00 
 1.25461242e-04  8.08991899e-01  1.25461242e-04  6.90198427e-01  1.25461242e-04  1.26536788e-06  1.25461242e-04 -1.30486626e-06  1.25461242e-04  1.63723529e-07  1.25461242e-04  1.20000000e+00  1.25461242e-04  0.00000000e+00 
 1.25561242e-04  8.11571368e-01  1.25561242e-04  6.90176824e-01  1.25561242e-04  1.16218875e-06  1.25561242e-04  1.87323085e-06  1.25561242e-04 -1.63658980e-07  1.25561242e-04  1.20000000e+00  1.25561242e-04  0.00000000e+00 
 1.25661242e-04  8.14150695e-01  1.25661242e-04  6.90211443e-01  1.25661242e-04  1.26536918e-06  1.25661242e-04 -1.30480475e-06  1.25661242e-04  1.63731192e-07  1.25661242e-04  1.20000000e+00  1.25661242e-04  0.00000000e+00 
 1.25761242e-04  8.16730673e-01  1.25761242e-04  6.90165195e-01  1.25761242e-04  1.16218757e-06  1.25761242e-04  1.87328802e-06  1.25761242e-04 -1.63665492e-07  1.25761242e-04  1.20000000e+00  1.25761242e-04  0.00000000e+00 
 1.25861242e-04  8.19310239e-01  1.25861242e-04  6.90221792e-01  1.25861242e-04  1.26537022e-06  1.25861242e-04 -1.30480931e-06  1.25861242e-04  1.63737055e-07  1.25861242e-04  1.20000000e+00  1.25861242e-04  0.00000000e+00 
 1.25961242e-04  8.21890681e-01  1.25961242e-04  6.90156079e-01  1.25961242e-04  1.16218669e-06  1.25961242e-04  1.87340119e-06  1.25961242e-04 -1.63670326e-07  1.25961242e-04  1.20000000e+00  1.25961242e-04  0.00000000e+00 
 1.26061242e-04  8.24470504e-01  1.26061242e-04  6.90229776e-01  1.26061242e-04  1.26537095e-06  1.26061242e-04 -1.30486606e-06  1.26061242e-04  1.63741355e-07  1.26061242e-04  1.20000000e+00  1.26061242e-04  0.00000000e+00 
 1.26161242e-04  8.27051363e-01  1.26161242e-04  6.90149184e-01  1.26161242e-04  1.16218612e-06  1.26161242e-04  1.87355733e-06  1.26161242e-04 -1.63673707e-07  1.26161242e-04  1.20000000e+00  1.26161242e-04  0.00000000e+00 
 1.26261242e-04  8.29631460e-01  1.26261242e-04  6.90235674e-01  1.26261242e-04  1.26537136e-06  1.26261242e-04 -1.30496307e-06  1.26261242e-04  1.63744308e-07  1.26261242e-04  1.20000000e+00  1.26261242e-04  0.00000000e+00 
 1.26361242e-04  8.32212692e-01  1.26361242e-04  6.90144234e-01  1.26361242e-04  1.16218585e-06  1.26361242e-04  1.87374524e-06  1.26361242e-04 -1.63675842e-07  1.26361242e-04  1.20000000e+00  1.26361242e-04  0.00000000e+00 
 1.26461242e-04  8.34793075e-01  1.26461242e-04  6.90239751e-01  1.26461242e-04  1.26537151e-06  1.26461242e-04 -1.30508999e-06  1.26461242e-04  1.63746108e-07  1.26461242e-04  1.20000000e+00  1.26461242e-04  0.00000000e+00 
 1.26561242e-04  8.37374640e-01  1.26561242e-04  6.90140970e-01  1.26561242e-04  1.16218583e-06  1.26561242e-04  1.87395522e-06  1.26561242e-04 -1.63676916e-07  1.26561242e-04  1.20000000e+00  1.26561242e-04  0.00000000e+00 
 1.26661242e-04  8.39955315e-01  1.26661242e-04  6.90242260e-01  1.26661242e-04  1.26537141e-06  1.26661242e-04 -1.30523782e-06  1.26661242e-04  1.63746934e-07  1.26661242e-04  1.20000000e+00  1.26661242e-04  0.00000000e+00 
 1.26761242e-04  8.42537177e-01  1.26761242e-04  6.90139141e-01  1.26761242e-04  1.16218603e-06  1.26761242e-04  1.87417889e-06  1.26761242e-04 -1.63677098e-07  1.26761242e-04  1.20000000e+00  1.26761242e-04  0.00000000e+00 
 1.26861242e-04  8.45118148e-01  1.26861242e-04  6.90243445e-01  1.26861242e-04  1.26537112e-06  1.26861242e-04 -1.30539880e-06  1.26861242e-04  1.63746944e-07  1.26861242e-04  1.20000000e+00  1.26861242e-04  0.00000000e+00 
 1.26961242e-04  8.47700275e-01  1.26961242e-04  6.90138511e-01  1.26961242e-04  1.16218641e-06  1.26961242e-04  1.87440908e-06  1.26961242e-04 -1.63676539e-07  1.26961242e-04  1.20000000e+00  1.26961242e-04  0.00000000e+00 
 1.27061242e-04  8.50281545e-01  1.27061242e-04  6.90243536e-01  1.27061242e-04  1.26537067e-06  1.27061242e-04 -1.30556619e-06  1.27061242e-04  1.63746282e-07  1.27061242e-04  1.20000000e+00  1.27061242e-04  0.00000000e+00 
 1.27161242e-04  8.52863906e-01  1.27161242e-04  6.90138860e-01  1.27161242e-04  1.16218692e-06  1.27161242e-04  1.87463969e-06  1.27161242e-04 -1.63675372e-07  1.27161242e-04  1.20000000e+00  1.27161242e-04  0.00000000e+00 
 1.27261242e-04  8.55445474e-01  1.27261242e-04  6.90242745e-01  1.27261242e-04  1.26537011e-06  1.27261242e-04 -1.30573432e-06  1.27261242e-04  1.63745073e-07  1.27261242e-04  1.20000000e+00  1.27261242e-04  0.00000000e+00 
 1.27361242e-04  8.58028044e-01  1.27361242e-04  6.90139984e-01  1.27361242e-04  1.16218753e-06  1.27361242e-04  1.87486569e-06  1.27361242e-04 -1.63673717e-07  1.27361242e-04  1.20000000e+00  1.27361242e-04  0.00000000e+00 
 1.27461242e-04  8.60609907e-01  1.27461242e-04  6.90241268e-01  1.27461242e-04  1.26536945e-06  1.27461242e-04 -1.30589846e-06  1.27461242e-04  1.63743430e-07  1.27461242e-04  1.20000000e+00  1.27461242e-04  0.00000000e+00 
 1.27561242e-04  8.63192664e-01  1.27561242e-04  6.90141699e-01  1.27561242e-04  1.16218822e-06  1.27561242e-04  1.87508303e-06  1.27561242e-04 -1.63671679e-07  1.27561242e-04  1.20000000e+00  1.27561242e-04  0.00000000e+00 
 1.27661242e-04  8.65774820e-01  1.27661242e-04  6.90239283e-01  1.27661242e-04  1.26536875e-06  1.27661242e-04 -1.30605481e-06  1.27661242e-04  1.63741449e-07  1.27661242e-04  1.20000000e+00  1.27661242e-04  0.00000000e+00 
 1.27761242e-04  8.68357744e-01  1.27761242e-04  6.90143843e-01  1.27761242e-04  1.16218895e-06  1.27761242e-04  1.87528861e-06  1.27761242e-04 -1.63669347e-07  1.27761242e-04  1.20000000e+00  1.27761242e-04  0.00000000e+00 
 1.27861242e-04  8.70940188e-01  1.27861242e-04  6.90236942e-01  1.27861242e-04  1.26536800e-06  1.27861242e-04 -1.30620043e-06  1.27861242e-04  1.63739216e-07  1.27861242e-04  1.20000000e+00  1.27861242e-04  0.00000000e+00 
 1.27961242e-04  8.73523266e-01  1.27961242e-04  6.90146272e-01  1.27961242e-04  1.16218970e-06  1.27961242e-04  1.87548022e-06  1.27961242e-04 -1.63666801e-07  1.27961242e-04  1.20000000e+00  1.27961242e-04  0.00000000e+00 
 1.28061242e-04  8.76105991e-01  1.28061242e-04  6.90234381e-01  1.28061242e-04  1.26536725e-06  1.28061242e-04 -1.30633320e-06  1.28061242e-04  1.63736801e-07  1.28061242e-04  1.20000000e+00  1.28061242e-04  0.00000000e+00 
 1.28161242e-04  8.78689213e-01  1.28161242e-04  6.90148866e-01  1.28161242e-04  1.16219045e-06  1.28161242e-04  1.87565645e-06  1.28161242e-04 -1.63664105e-07  1.28161242e-04  1.20000000e+00  1.28161242e-04  0.00000000e+00 
 1.28261242e-04  8.81272215e-01  1.28261242e-04  6.90231712e-01  1.28261242e-04  1.26536650e-06  1.28261242e-04 -1.30645175e-06  1.28261242e-04  1.63734266e-07  1.28261242e-04  1.20000000e+00  1.28261242e-04  0.00000000e+00 
 1.28361242e-04  8.83855573e-01  1.28361242e-04  6.90151526e-01  1.28361242e-04  1.16219119e-06  1.28361242e-04  1.87581665e-06  1.28361242e-04 -1.63661316e-07  1.28361242e-04  1.20000000e+00  1.28361242e-04  0.00000000e+00 
 1.28461242e-04  8.86438845e-01  1.28461242e-04  6.90229027e-01  1.28461242e-04  1.26536577e-06  1.28461242e-04 -1.30655532e-06  1.28461242e-04  1.63731660e-07  1.28461242e-04  1.20000000e+00  1.28461242e-04  0.00000000e+00 
 1.28561242e-04  8.89022337e-01  1.28561242e-04  6.90154171e-01  1.28561242e-04  1.16219191e-06  1.28561242e-04  1.87596076e-06  1.28561242e-04 -1.63658478e-07  1.28561242e-04  1.20000000e+00  1.28561242e-04  0.00000000e+00 
 1.28661242e-04  8.91605875e-01  1.28661242e-04  6.90226399e-01  1.28661242e-04  1.26536506e-06  1.28661242e-04 -1.30664371e-06  1.28661242e-04  1.63729025e-07  1.28661242e-04  1.20000000e+00  1.28661242e-04  0.00000000e+00 
 1.28761242e-04  8.94189500e-01  1.28761242e-04  6.90156739e-01  1.28761242e-04  1.16219260e-06  1.28761242e-04  1.87608928e-06  1.28761242e-04 -1.63655628e-07  1.28761242e-04  1.20000000e+00  1.28761242e-04  0.00000000e+00 
 1.28861242e-04  8.96773301e-01  1.28861242e-04  6.90223883e-01  1.28861242e-04  1.26536439e-06  1.28861242e-04 -1.30671717e-06  1.28861242e-04  1.63726392e-07  1.28861242e-04  1.20000000e+00  1.28861242e-04  0.00000000e+00 
 1.28961242e-04  8.99357063e-01  1.28961242e-04  6.90159184e-01  1.28961242e-04  1.16219326e-06  1.28961242e-04  1.87620311e-06  1.28961242e-04 -1.63652794e-07  1.28961242e-04  1.20000000e+00  1.28961242e-04  0.00000000e+00 
 1.29061242e-04  9.01941123e-01  1.29061242e-04  6.90221519e-01  1.29061242e-04  1.26536375e-06  1.29061242e-04 -1.30677625e-06  1.29061242e-04  1.63723788e-07  1.29061242e-04  1.20000000e+00  1.29061242e-04  0.00000000e+00 
 1.29161242e-04  9.04525030e-01  1.29161242e-04  6.90161478e-01  1.29161242e-04  1.16219388e-06  1.29161242e-04  1.87630348e-06  1.29161242e-04 -1.63650000e-07  1.29161242e-04  1.20000000e+00  1.29161242e-04  0.00000000e+00 
 1.29261242e-04  9.07109350e-01  1.29261242e-04  6.90219334e-01  1.29261242e-04  1.26536314e-06  1.29261242e-04 -1.30682173e-06  1.29261242e-04  1.63721230e-07  1.29261242e-04  1.20000000e+00  1.29261242e-04  0.00000000e+00 
 1.29361242e-04  9.09693410e-01  1.29361242e-04  6.90163599e-01  1.29361242e-04  1.16219447e-06  1.29361242e-04  1.87639185e-06  1.29361242e-04 -1.63647260e-07  1.29361242e-04  1.20000000e+00  1.29361242e-04  0.00000000e+00 
 1.29461242e-04  9.12277993e-01  1.29461242e-04  6.90217344e-01  1.29461242e-04  1.26536258e-06  1.29461242e-04 -1.30685454e-06  1.29461242e-04  1.63718733e-07  1.29461242e-04  1.20000000e+00  1.29461242e-04  0.00000000e+00 
 1.29561242e-04  9.14862221e-01  1.29561242e-04  6.90165541e-01  1.29561242e-04  1.16219501e-06  1.29561242e-04  1.87646979e-06  1.29561242e-04 -1.63644586e-07  1.29561242e-04  1.20000000e+00  1.29561242e-04  0.00000000e+00 
 1.29661242e-04  9.17447071e-01  1.29661242e-04  6.90215554e-01  1.29661242e-04  1.26536205e-06  1.29661242e-04 -1.30687564e-06  1.29661242e-04  1.63716305e-07  1.29661242e-04  1.20000000e+00  1.29661242e-04  0.00000000e+00 
 1.29761242e-04  9.20031483e-01  1.29761242e-04  6.90167303e-01  1.29761242e-04  1.16219552e-06  1.29761242e-04  1.87653899e-06  1.29761242e-04 -1.63641985e-07  1.29761242e-04  1.20000000e+00  1.29761242e-04  0.00000000e+00 
 1.29861242e-04  9.22616609e-01  1.29861242e-04  6.90213965e-01  1.29861242e-04  1.26536156e-06  1.29861242e-04 -1.30688599e-06  1.29861242e-04  1.63713952e-07  1.29861242e-04  1.20000000e+00  1.29861242e-04  0.00000000e+00 
 1.29961242e-04  9.25201225e-01  1.29961242e-04  6.90168890e-01  1.29961242e-04  1.16219600e-06  1.29961242e-04  1.87660112e-06  1.29961242e-04 -1.63639461e-07  1.29961242e-04  1.20000000e+00  1.29961242e-04  0.00000000e+00 
 1.30061242e-04  9.27786639e-01  1.30061242e-04  6.90212570e-01  1.30061242e-04  1.26536110e-06  1.30061242e-04 -1.30688647e-06  1.30061242e-04  1.63711676e-07  1.30061242e-04  1.20000000e+00  1.30061242e-04  0.00000000e+00 
 1.30161242e-04  9.30371483e-01  1.30161242e-04  6.90170314e-01  1.30161242e-04  1.16219644e-06  1.30161242e-04  1.87665786e-06  1.30161242e-04 -1.63637015e-07  1.30161242e-04  1.20000000e+00  1.30161242e-04  0.00000000e+00 
 1.30261242e-04  9.32957202e-01  1.30261242e-04  6.90211360e-01  1.30261242e-04  1.26536068e-06  1.30261242e-04 -1.30687786e-06  1.30261242e-04  1.63709478e-07  1.30261242e-04  1.20000000e+00  1.30261242e-04  0.00000000e+00 
 1.30361242e-04  9.35542300e-01  1.30361242e-04  6.90171587e-01  1.30361242e-04  1.16219685e-06  1.30361242e-04  1.87671080e-06  1.30361242e-04 -1.63634646e-07  1.30361242e-04  1.20000000e+00  1.30361242e-04  0.00000000e+00 
 1.30461242e-04  9.38128345e-01  1.30461242e-04  6.90210324e-01  1.30461242e-04  1.26536028e-06  1.30461242e-04 -1.30686081e-06  1.30461242e-04  1.63707355e-07  1.30461242e-04  1.20000000e+00  1.30461242e-04  0.00000000e+00 
 1.30561242e-04  9.40713729e-01  1.30561242e-04  6.90172724e-01  1.30561242e-04  1.16219723e-06  1.30561242e-04  1.87676151e-06  1.30561242e-04 -1.63632352e-07  1.30561242e-04  1.20000000e+00  1.30561242e-04  0.00000000e+00 
 1.30661242e-04  9.43300126e-01  1.30661242e-04  6.90209448e-01  1.30661242e-04  1.26535991e-06  1.30661242e-04 -1.30683582e-06  1.30661242e-04  1.63705305e-07  1.30661242e-04  1.20000000e+00  1.30661242e-04  0.00000000e+00 
 1.30761242e-04  9.45885830e-01  1.30761242e-04  6.90173741e-01  1.30761242e-04  1.16219759e-06  1.30761242e-04  1.87681143e-06  1.30761242e-04 -1.63630129e-07  1.30761242e-04  1.20000000e+00  1.30761242e-04  0.00000000e+00 
 1.30861242e-04  9.48472610e-01  1.30861242e-04  6.90208718e-01  1.30861242e-04  1.26535956e-06  1.30861242e-04 -1.30680323e-06  1.30861242e-04  1.63703324e-07  1.30861242e-04  1.20000000e+00  1.30861242e-04  0.00000000e+00 
 1.30961242e-04  9.51058674e-01  1.30961242e-04  6.90174654e-01  1.30961242e-04  1.16219793e-06  1.30961242e-04  1.87686195e-06  1.30961242e-04 -1.63627972e-07  1.30961242e-04  1.20000000e+00  1.30961242e-04  0.00000000e+00 
 1.31061242e-04  9.53645873e-01  1.31061242e-04  6.90208122e-01  1.31061242e-04  1.26535923e-06  1.31061242e-04 -1.30676326e-06  1.31061242e-04  1.63701407e-07  1.31061242e-04  1.20000000e+00  1.31061242e-04  0.00000000e+00 
 1.31161242e-04  9.56232342e-01  1.31161242e-04  6.90175479e-01  1.31161242e-04  1.16219825e-06  1.31161242e-04  1.87691435e-06  1.31161242e-04 -1.63625879e-07  1.31161242e-04  1.20000000e+00  1.31161242e-04  0.00000000e+00 
 1.31261242e-04  9.58820002e-01  1.31261242e-04  6.90207646e-01  1.31261242e-04  1.26535892e-06  1.31261242e-04 -1.30671594e-06  1.31261242e-04  1.63699549e-07  1.31261242e-04  1.20000000e+00  1.31261242e-04  0.00000000e+00 
 1.31361242e-04  9.61406925e-01  1.31361242e-04  6.90176228e-01  1.31361242e-04  1.16219855e-06  1.31361242e-04  1.87696986e-06  1.31361242e-04 -1.63623842e-07  1.31361242e-04  1.20000000e+00  1.31361242e-04  0.00000000e+00 
 1.31461242e-04  9.63995094e-01  1.31461242e-04  6.90207279e-01  1.31461242e-04  1.26535863e-06  1.31461242e-04 -1.30666122e-06  1.31461242e-04  1.63697746e-07  1.31461242e-04  1.20000000e+00  1.31461242e-04  0.00000000e+00 
 1.31561242e-04  9.66582525e-01  1.31561242e-04  6.90176915e-01  1.31561242e-04  1.16219884e-06  1.31561242e-04  1.87702960e-06  1.31561242e-04 -1.63621859e-07  1.31561242e-04  1.20000000e+00  1.31561242e-04  0.00000000e+00 
 1.31661242e-04  9.69171256e-01  1.31661242e-04  6.90207010e-01  1.31661242e-04  1.26535835e-06  1.31661242e-04 -1.30659891e-06  1.31661242e-04  1.63695992e-07  1.31661242e-04  1.20000000e+00  1.31661242e-04  0.00000000e+00 
 1.31761242e-04  9.71759256e-01  1.31761242e-04  6.90177551e-01  1.31761242e-04  1.16219911e-06  1.31761242e-04  1.87709464e-06  1.31761242e-04 -1.63619923e-07  1.31761242e-04  1.20000000e+00  1.31761242e-04  0.00000000e+00 
 1.31861242e-04  9.74348609e-01  1.31861242e-04  6.90206831e-01  1.31861242e-04  1.26535808e-06  1.31861242e-04 -1.30652873e-06  1.31861242e-04  1.63694284e-07  1.31861242e-04  1.20000000e+00  1.31861242e-04  0.00000000e+00 
 1.31961242e-04  9.76937243e-01  1.31961242e-04  6.90178145e-01  1.31961242e-04  1.16219938e-06  1.31961242e-04  1.87716595e-06  1.31961242e-04 -1.63618030e-07  1.31961242e-04  1.20000000e+00  1.31961242e-04  0.00000000e+00 
 1.32061242e-04  9.79527284e-01  1.32061242e-04  6.90206732e-01  1.32061242e-04  1.26535782e-06  1.32061242e-04 -1.30645031e-06  1.32061242e-04  1.63692616e-07  1.32061242e-04  1.20000000e+00  1.32061242e-04  0.00000000e+00 
 1.32161242e-04  9.82116621e-01  1.32161242e-04  6.90178704e-01  1.32161242e-04  1.16219963e-06  1.32161242e-04  1.87724447e-06  1.32161242e-04 -1.63616176e-07  1.32161242e-04  1.20000000e+00  1.32161242e-04  0.00000000e+00 
 1.32261242e-04  9.84707421e-01  1.32261242e-04  6.90206707e-01  1.32261242e-04  1.26535757e-06  1.32261242e-04 -1.30636323e-06  1.32261242e-04  1.63690984e-07  1.32261242e-04  1.20000000e+00  1.32261242e-04  0.00000000e+00 
 1.32361242e-04  9.87297540e-01  1.32361242e-04  6.90179235e-01  1.32361242e-04  1.16219987e-06  1.32361242e-04  1.87733104e-06  1.32361242e-04 -1.63614356e-07  1.32361242e-04  1.20000000e+00  1.32361242e-04  0.00000000e+00 
 1.32461242e-04  9.89889176e-01  1.32461242e-04  6.90206750e-01  1.32461242e-04  1.26535733e-06  1.32461242e-04 -1.30626704e-06  1.32461242e-04  1.63689385e-07  1.32461242e-04  1.20000000e+00  1.32461242e-04  0.00000000e+00 
 1.32561242e-04  9.92480157e-01  1.32561242e-04  6.90179741e-01  1.32561242e-04  1.16220011e-06  1.32561242e-04  1.87742647e-06  1.32561242e-04 -1.63612567e-07  1.32561242e-04  1.20000000e+00  1.32561242e-04  0.00000000e+00 
 1.32661242e-04  9.95072711e-01  1.32661242e-04  6.90206857e-01  1.32661242e-04  1.26535710e-06  1.32661242e-04 -1.30616127e-06  1.32661242e-04  1.63687814e-07  1.32661242e-04  1.20000000e+00  1.32661242e-04  0.00000000e+00 
 1.32761242e-04  9.97664642e-01  1.32761242e-04  6.90180225e-01  1.32761242e-04  1.16220035e-06  1.32761242e-04  1.87753147e-06  1.32761242e-04 -1.63610806e-07  1.32761242e-04  1.20000000e+00  1.32761242e-04  0.00000000e+00 
 1.32861242e-04  1.00025820e+00  1.32861242e-04  6.90207026e-01  1.32861242e-04  1.26535686e-06  1.32861242e-04 -1.30604543e-06  1.32861242e-04  1.63686268e-07  1.32861242e-04  1.20000000e+00  1.32861242e-04  0.00000000e+00 
 1.32961242e-04  1.00285117e+00  1.32961242e-04  6.90180690e-01  1.32961242e-04  1.16220058e-06  1.32961242e-04  1.87764673e-06  1.32961242e-04 -1.63609068e-07  1.32961242e-04  1.20000000e+00  1.32961242e-04  0.00000000e+00 
 1.33061242e-04  1.00544583e+00  1.33061242e-04  6.90207254e-01  1.33061242e-04  1.26535663e-06  1.33061242e-04 -1.30591908e-06  1.33061242e-04  1.63684744e-07  1.33061242e-04  1.20000000e+00  1.33061242e-04  0.00000000e+00 
 1.33161242e-04  1.00803994e+00  1.33161242e-04  6.90181133e-01  1.33161242e-04  1.16220080e-06  1.33161242e-04  1.87777282e-06  1.33161242e-04 -1.63607351e-07  1.33161242e-04  1.20000000e+00  1.33161242e-04  0.00000000e+00 
 1.33261242e-04  1.01063580e+00  1.33261242e-04  6.90207541e-01  1.33261242e-04  1.26535641e-06  1.33261242e-04 -1.30578180e-06  1.33261242e-04  1.63683239e-07  1.33261242e-04  1.20000000e+00  1.33261242e-04  0.00000000e+00 
 1.33361242e-04  1.01323115e+00  1.33361242e-04  6.90181556e-01  1.33361242e-04  1.16220103e-06  1.33361242e-04  1.87791028e-06  1.33361242e-04 -1.63605651e-07  1.33361242e-04  1.20000000e+00  1.33361242e-04  0.00000000e+00 
 1.33461242e-04  1.01582830e+00  1.33461242e-04  6.90207889e-01  1.33461242e-04  1.26535618e-06  1.33461242e-04 -1.30563321e-06  1.33461242e-04  1.63681750e-07  1.33461242e-04  1.20000000e+00  1.33461242e-04  0.00000000e+00 
 1.33561242e-04  1.01842499e+00  1.33561242e-04  6.90181956e-01  1.33561242e-04  1.16220126e-06  1.33561242e-04  1.87805956e-06  1.33561242e-04 -1.63603967e-07  1.33561242e-04  1.20000000e+00  1.33561242e-04  0.00000000e+00 
 1.33661242e-04  1.02102354e+00  1.33661242e-04  6.90208300e-01  1.33661242e-04  1.26535596e-06  1.33661242e-04 -1.30547304e-06  1.33661242e-04  1.63680274e-07  1.33661242e-04  1.20000000e+00  1.33661242e-04  0.00000000e+00 
 1.33761242e-04  1.02362168e+00  1.33761242e-04  6.90182329e-01  1.33761242e-04  1.16220148e-06  1.33761242e-04  1.87822102e-06  1.33761242e-04 -1.63602294e-07  1.33761242e-04  1.20000000e+00  1.33761242e-04  0.00000000e+00 
 1.33861242e-04  1.02622173e+00  1.33861242e-04  6.90208779e-01  1.33861242e-04  1.26535573e-06  1.33861242e-04 -1.30530107e-06  1.33861242e-04  1.63678809e-07  1.33861242e-04  1.20000000e+00  1.33861242e-04  0.00000000e+00 
 1.33961242e-04  1.02882143e+00  1.33961242e-04  6.90182671e-01  1.33961242e-04  1.16220171e-06  1.33961242e-04  1.87839496e-06  1.33961242e-04 -1.63600631e-07  1.33961242e-04  1.20000000e+00  1.33961242e-04  0.00000000e+00 
 1.34061242e-04  1.03142310e+00  1.34061242e-04  6.90209333e-01  1.34061242e-04  1.26535550e-06  1.34061242e-04 -1.30511718e-06  1.34061242e-04  1.63677351e-07  1.34061242e-04  1.20000000e+00  1.34061242e-04  0.00000000e+00 
 1.34161242e-04  1.03402446e+00  1.34161242e-04  6.90182978e-01  1.34161242e-04  1.16220194e-06  1.34161242e-04  1.87858159e-06  1.34161242e-04 -1.63598975e-07  1.34161242e-04  1.20000000e+00  1.34161242e-04  0.00000000e+00 
 1.34261242e-04  1.03662785e+00  1.34261242e-04  6.90209969e-01  1.34261242e-04  1.26535527e-06  1.34261242e-04 -1.30492139e-06  1.34261242e-04  1.63675898e-07  1.34261242e-04  1.20000000e+00  1.34261242e-04  0.00000000e+00 
 1.34361242e-04  1.03923098e+00  1.34361242e-04  6.90183244e-01  1.34361242e-04  1.16220217e-06  1.34361242e-04  1.87878102e-06  1.34361242e-04 -1.63597322e-07  1.34361242e-04  1.20000000e+00  1.34361242e-04  0.00000000e+00 
 1.34461242e-04  1.04183620e+00  1.34461242e-04  6.90210699e-01  1.34461242e-04  1.26535504e-06  1.34461242e-04 -1.30471377e-06  1.34461242e-04  1.63674447e-07  1.34461242e-04  1.20000000e+00  1.34461242e-04  0.00000000e+00 
 1.34561242e-04  1.04444122e+00  1.34561242e-04  6.90183461e-01  1.34561242e-04  1.16220241e-06  1.34561242e-04  1.87899328e-06  1.34561242e-04 -1.63595670e-07  1.34561242e-04  1.20000000e+00  1.34561242e-04  0.00000000e+00 
 1.34661242e-04  1.04704836e+00  1.34661242e-04  6.90211536e-01  1.34661242e-04  1.26535479e-06  1.34661242e-04 -1.30449456e-06  1.34661242e-04  1.63672994e-07  1.34661242e-04  1.20000000e+00  1.34661242e-04  0.00000000e+00 
 1.34761242e-04  1.04965537e+00  1.34761242e-04  6.90183624e-01  1.34761242e-04  1.16220266e-06  1.34761242e-04  1.87921834e-06  1.34761242e-04 -1.63594016e-07  1.34761242e-04  1.20000000e+00  1.34761242e-04  0.00000000e+00 
 1.34861242e-04  1.05226455e+00  1.34861242e-04  6.90212492e-01  1.34861242e-04  1.26535454e-06  1.34861242e-04 -1.30426403e-06  1.34861242e-04  1.63671537e-07  1.34861242e-04  1.20000000e+00  1.34861242e-04  0.00000000e+00 
 1.34961242e-04  1.05487366e+00  1.34961242e-04  6.90183722e-01  1.34961242e-04  1.16220292e-06  1.34961242e-04  1.87945610e-06  1.34961242e-04 -1.63592355e-07  1.34961242e-04  1.20000000e+00  1.34961242e-04  0.00000000e+00 
 1.35061242e-04  1.05748498e+00  1.35061242e-04  6.90213583e-01  1.35061242e-04  1.26535428e-06  1.35061242e-04 -1.30402257e-06  1.35061242e-04  1.63670072e-07  1.35061242e-04  1.20000000e+00  1.35061242e-04  0.00000000e+00 
 1.35161242e-04  1.06009628e+00  1.35161242e-04  6.90183747e-01  1.35161242e-04  1.16220319e-06  1.35161242e-04  1.87970646e-06  1.35161242e-04 -1.63590684e-07  1.35161242e-04  1.20000000e+00  1.35161242e-04  0.00000000e+00 
 1.35261242e-04  1.06270983e+00  1.35261242e-04  6.90214822e-01  1.35261242e-04  1.26535401e-06  1.35261242e-04 -1.30377055e-06  1.35261242e-04  1.63668594e-07  1.35261242e-04  1.20000000e+00  1.35261242e-04  0.00000000e+00 
 1.35361242e-04  1.06532344e+00  1.35361242e-04  6.90183692e-01  1.35361242e-04  1.16220347e-06  1.35361242e-04  1.87996929e-06  1.35361242e-04 -1.63588998e-07  1.35361242e-04  1.20000000e+00  1.35361242e-04  0.00000000e+00 
 1.35461242e-04  1.06793930e+00  1.35461242e-04  6.90216223e-01  1.35461242e-04  1.26535371e-06  1.35461242e-04 -1.30350834e-06  1.35461242e-04  1.63667099e-07  1.35461242e-04  1.20000000e+00  1.35461242e-04  0.00000000e+00 
 1.35561242e-04  1.07055531e+00  1.35561242e-04  6.90183547e-01  1.35561242e-04  1.16220377e-06  1.35561242e-04  1.88024458e-06  1.35561242e-04 -1.63587293e-07  1.35561242e-04  1.20000000e+00  1.35561242e-04  0.00000000e+00 
 1.35661242e-04  1.07317359e+00  1.35661242e-04  6.90217797e-01  1.35661242e-04  1.26535341e-06  1.35661242e-04 -1.30323619e-06  1.35661242e-04  1.63665581e-07  1.35661242e-04  1.20000000e+00  1.35661242e-04  0.00000000e+00 
 1.35761242e-04  1.07579209e+00  1.35761242e-04  6.90183306e-01  1.35761242e-04  1.16220409e-06  1.35761242e-04  1.88053241e-06  1.35761242e-04 -1.63585563e-07  1.35761242e-04  1.20000000e+00  1.35761242e-04  0.00000000e+00 
 1.35861242e-04  1.07841288e+00  1.35861242e-04  6.90219551e-01  1.35861242e-04  1.26535308e-06  1.35861242e-04 -1.30295416e-06  1.35861242e-04  1.63664035e-07  1.35861242e-04  1.20000000e+00  1.35861242e-04  0.00000000e+00 
 1.35961242e-04  1.08103397e+00  1.35961242e-04  6.90182962e-01  1.35961242e-04  1.16220443e-06  1.35961242e-04  1.88083309e-06  1.35961242e-04 -1.63583802e-07  1.35961242e-04  1.20000000e+00  1.35961242e-04  0.00000000e+00 
 1.36061242e-04  1.08365737e+00  1.36061242e-04  6.90221489e-01  1.36061242e-04  1.26535272e-06  1.36061242e-04 -1.30266205e-06  1.36061242e-04  1.63662456e-07  1.36061242e-04  1.20000000e+00  1.36061242e-04  0.00000000e+00 
 1.36161242e-04  1.08628115e+00  1.36161242e-04  6.90182514e-01  1.36161242e-04  1.16220480e-06  1.36161242e-04  1.88114723e-06  1.36161242e-04 -1.63582004e-07  1.36161242e-04  1.20000000e+00  1.36161242e-04  0.00000000e+00 
 1.36261242e-04  1.08890725e+00  1.36261242e-04  6.90223609e-01  1.36261242e-04  1.26535234e-06  1.36261242e-04 -1.30235921e-06  1.36261242e-04  1.63660835e-07  1.36261242e-04  1.20000000e+00  1.36261242e-04  0.00000000e+00 
 1.36361242e-04  1.09153383e+00  1.36361242e-04  6.90181959e-01  1.36361242e-04  1.16220520e-06  1.36361242e-04  1.88147587e-06  1.36361242e-04 -1.63580162e-07  1.36361242e-04  1.20000000e+00  1.36361242e-04  0.00000000e+00 
 1.36461242e-04  1.09416275e+00  1.36461242e-04  6.90225902e-01  1.36461242e-04  1.26535192e-06  1.36461242e-04 -1.30204448e-06  1.36461242e-04  1.63659167e-07  1.36461242e-04  1.20000000e+00  1.36461242e-04  0.00000000e+00 
 1.36561242e-04  1.09679225e+00  1.36561242e-04  6.90181300e-01  1.36561242e-04  1.16220563e-06  1.36561242e-04  1.88182056e-06  1.36561242e-04 -1.63578269e-07  1.36561242e-04  1.20000000e+00  1.36561242e-04  0.00000000e+00 
 1.36661242e-04  1.09942412e+00  1.36661242e-04  6.90228356e-01  1.36661242e-04  1.26535147e-06  1.36661242e-04 -1.30171606e-06  1.36661242e-04  1.63657444e-07  1.36661242e-04  1.20000000e+00  1.36661242e-04  0.00000000e+00 
 1.36761242e-04  1.10205669e+00  1.36761242e-04  6.90180542e-01  1.36761242e-04  1.16220610e-06  1.36761242e-04  1.88218353e-06  1.36761242e-04 -1.63576318e-07  1.36761242e-04  1.20000000e+00  1.36761242e-04  0.00000000e+00 
 1.36861242e-04  1.10469165e+00  1.36861242e-04  6.90230953e-01  1.36861242e-04  1.26535098e-06  1.36861242e-04 -1.30137130e-06  1.36861242e-04  1.63655659e-07  1.36861242e-04  1.20000000e+00  1.36861242e-04  0.00000000e+00 
 1.36961242e-04  1.10732745e+00  1.36961242e-04  6.90179694e-01  1.36961242e-04  1.16220661e-06  1.36961242e-04  1.88256781e-06  1.36961242e-04 -1.63574302e-07  1.36961242e-04  1.20000000e+00  1.36961242e-04  0.00000000e+00 
 1.37061242e-04  1.10996569e+00  1.37061242e-04  6.90233671e-01  1.37061242e-04  1.26535045e-06  1.37061242e-04 -1.30100661e-06  1.37061242e-04  1.63653805e-07  1.37061242e-04  1.20000000e+00  1.37061242e-04  0.00000000e+00 
 1.37161242e-04  1.11260492e+00  1.37161242e-04  6.90178767e-01  1.37161242e-04  1.16220717e-06  1.37161242e-04  1.88297741e-06  1.37161242e-04 -1.63572213e-07  1.37161242e-04  1.20000000e+00  1.37161242e-04  0.00000000e+00 
 1.37261242e-04  1.11524666e+00  1.37261242e-04  6.90236483e-01  1.37261242e-04  1.26534987e-06  1.37261242e-04 -1.30061729e-06  1.37261242e-04  1.63651875e-07  1.37261242e-04  1.20000000e+00  1.37261242e-04  0.00000000e+00 
 1.37361242e-04  1.11788957e+00  1.37361242e-04  6.90177773e-01  1.37361242e-04  1.16220777e-06  1.37361242e-04  1.88341752e-06  1.37361242e-04 -1.63570045e-07  1.37361242e-04  1.20000000e+00  1.37361242e-04  0.00000000e+00 
 1.37461242e-04  1.12053510e+00  1.37461242e-04  6.90239362e-01  1.37461242e-04  1.26534924e-06  1.37461242e-04 -1.30019728e-06  1.37461242e-04  1.63649863e-07  1.37461242e-04  1.20000000e+00  1.37461242e-04  0.00000000e+00 
 1.37561242e-04  1.12318200e+00  1.37561242e-04  6.90176728e-01  1.37561242e-04  1.16220843e-06  1.37561242e-04  1.88389467e-06  1.37561242e-04 -1.63567792e-07  1.37561242e-04  1.20000000e+00  1.37561242e-04  0.00000000e+00 
 1.37661242e-04  1.12583164e+00  1.37661242e-04  6.90242280e-01  1.37661242e-04  1.26534856e-06  1.37661242e-04 -1.29973900e-06  1.37661242e-04  1.63647762e-07  1.37661242e-04  1.20000000e+00  1.37661242e-04  0.00000000e+00 
 1.37761242e-04  1.12848291e+00  1.37761242e-04  6.90175648e-01  1.37761242e-04  1.16220913e-06  1.37761242e-04  1.88441702e-06  1.37761242e-04 -1.63565448e-07  1.37761242e-04  1.20000000e+00  1.37761242e-04  0.00000000e+00 
 1.37861242e-04  1.13113710e+00  1.37861242e-04  6.90245210e-01  1.37861242e-04  1.26534783e-06  1.37861242e-04 -1.29923312e-06  1.37861242e-04  1.63645567e-07  1.37861242e-04  1.20000000e+00  1.37861242e-04  0.00000000e+00 
 1.37961242e-04  1.13379319e+00  1.37961242e-04  6.90174549e-01  1.37961242e-04  1.16220989e-06  1.37961242e-04  1.88499467e-06  1.37961242e-04 -1.63563007e-07  1.37961242e-04  1.20000000e+00  1.37961242e-04  0.00000000e+00 
 1.38061242e-04  1.13645245e+00  1.38061242e-04  6.90248125e-01  1.38061242e-04  1.26534704e-06  1.38061242e-04 -1.29866818e-06  1.38061242e-04  1.63643274e-07  1.38061242e-04  1.20000000e+00  1.38061242e-04  0.00000000e+00 
 1.38161242e-04  1.13911396e+00  1.38161242e-04  6.90173448e-01  1.38161242e-04  1.16221071e-06  1.38161242e-04  1.88563992e-06  1.38161242e-04 -1.63560467e-07  1.38161242e-04  1.20000000e+00  1.38161242e-04  0.00000000e+00 
 1.38261242e-04  1.14177893e+00  1.38261242e-04  6.90251004e-01  1.38261242e-04  1.26534620e-06  1.38261242e-04 -1.29803032e-06  1.38261242e-04  1.63640880e-07  1.38261242e-04  1.20000000e+00  1.38261242e-04  0.00000000e+00 
 1.38361242e-04  1.14444654e+00  1.38361242e-04  6.90172360e-01  1.38361242e-04  1.16221158e-06  1.38361242e-04  1.88636777e-06  1.38361242e-04 -1.63557823e-07  1.38361242e-04  1.20000000e+00  1.38361242e-04  0.00000000e+00 
 1.38461242e-04  1.14711801e+00  1.38461242e-04  6.90253828e-01  1.38461242e-04  1.26534530e-06  1.38461242e-04 -1.29730279e-06  1.38461242e-04  1.63638381e-07  1.38461242e-04  1.20000000e+00  1.38461242e-04  0.00000000e+00 
 1.38561242e-04  1.14979261e+00  1.38561242e-04  6.90171300e-01  1.38561242e-04  1.16221250e-06  1.38561242e-04  1.88719637e-06  1.38561242e-04 -1.63555074e-07  1.38561242e-04  1.20000000e+00  1.38561242e-04  0.00000000e+00 
 1.38661242e-04  1.15247153e+00  1.38661242e-04  6.90256580e-01  1.38661242e-04  1.26534435e-06  1.38661242e-04 -1.29646545e-06  1.38661242e-04  1.63635776e-07  1.38661242e-04  1.20000000e+00  1.38661242e-04  0.00000000e+00 
 1.38761242e-04  1.15515417e+00  1.38761242e-04  6.90170283e-01  1.38761242e-04  1.16221348e-06  1.38761242e-04  1.88814763e-06  1.38761242e-04 -1.63552218e-07  1.38761242e-04  1.20000000e+00  1.38761242e-04  0.00000000e+00 
 1.38861242e-04  1.15784172e+00  1.38861242e-04  6.90259249e-01  1.38861242e-04  1.26534334e-06  1.38861242e-04 -1.29549411e-06  1.38861242e-04  1.63633063e-07  1.38861242e-04  1.20000000e+00  1.38861242e-04  0.00000000e+00 
 1.38961242e-04  1.16053369e+00  1.38961242e-04  6.90169321e-01  1.38961242e-04  1.16221451e-06  1.38961242e-04  1.88924794e-06  1.38961242e-04 -1.63549255e-07  1.38961242e-04  1.20000000e+00  1.38961242e-04  0.00000000e+00 
 1.39061242e-04  1.16323129e+00  1.39061242e-04  6.90261829e-01  1.39061242e-04  1.26534228e-06  1.39061242e-04 -1.29435978e-06  1.39061242e-04  1.63630244e-07  1.39061242e-04  1.20000000e+00  1.39061242e-04  0.00000000e+00 
 1.39161242e-04  1.16593414e+00  1.39161242e-04  6.90168426e-01  1.39161242e-04  1.16221560e-06  1.39161242e-04  1.89052905e-06  1.39161242e-04 -1.63546184e-07  1.39161242e-04  1.20000000e+00  1.39161242e-04  0.00000000e+00 
 1.39261242e-04  1.16864353e+00  1.39261242e-04  6.90264314e-01  1.39261242e-04  1.26534117e-06  1.39261242e-04 -1.29302770e-06  1.39261242e-04  1.63627319e-07  1.39261242e-04  1.20000000e+00  1.39261242e-04  0.00000000e+00 
 1.39361242e-04  1.17135916e+00  1.39361242e-04  6.90167610e-01  1.39361242e-04  1.16221674e-06  1.39361242e-04  1.89202909e-06  1.39361242e-04 -1.63543008e-07  1.39361242e-04  1.20000000e+00  1.39361242e-04  0.00000000e+00 
 1.39461242e-04  1.17408241e+00  1.39461242e-04  6.90266706e-01  1.39461242e-04  1.26534001e-06  1.39461242e-04 -1.29145621e-06  1.39461242e-04  1.63624290e-07  1.39461242e-04  1.20000000e+00  1.39461242e-04  0.00000000e+00 
 1.39561242e-04  1.17681313e+00  1.39561242e-04  6.90166883e-01  1.39561242e-04  1.16221793e-06  1.39561242e-04  1.89379394e-06  1.39561242e-04 -1.63539728e-07  1.39561242e-04  1.20000000e+00  1.39561242e-04  0.00000000e+00 
 1.39661242e-04  1.17955275e+00  1.39661242e-04  6.90269005e-01  1.39661242e-04  1.26533880e-06  1.39661242e-04 -1.28959532e-06  1.39661242e-04  1.63621158e-07  1.39661242e-04  1.20000000e+00  1.39661242e-04  0.00000000e+00 
 1.39761242e-04  1.18230132e+00  1.39761242e-04  6.90166257e-01  1.39761242e-04  1.16221916e-06  1.39761242e-04  1.89587876e-06  1.39761242e-04 -1.63536347e-07  1.39761242e-04  1.20000000e+00  1.39761242e-04  0.00000000e+00 
 1.39861242e-04  1.18506038e+00  1.39861242e-04  6.90271219e-01  1.39861242e-04  1.26533754e-06  1.39861242e-04 -1.28738499e-06  1.39861242e-04  1.63617928e-07  1.39861242e-04  1.20000000e+00  1.39861242e-04  0.00000000e+00 
 1.39961242e-04  1.18783014e+00  1.39961242e-04  6.90165742e-01  1.39961242e-04  1.16222044e-06  1.39961242e-04  1.89835000e-06  1.39961242e-04 -1.63532868e-07  1.39961242e-04  1.20000000e+00  1.39961242e-04  0.00000000e+00 
 1.40061242e-04  1.19061230e+00  1.40061242e-04  6.90273354e-01  1.40061242e-04  1.26533624e-06  1.40061242e-04 -1.28475290e-06  1.40061242e-04  1.63614602e-07  1.40061242e-04  1.20000000e+00  1.40061242e-04  0.00000000e+00 
 1.40161242e-04  1.19340729e+00  1.40161242e-04  6.90165352e-01  1.40161242e-04  1.16222176e-06  1.40161242e-04  1.90128800e-06  1.40161242e-04 -1.63529293e-07  1.40161242e-04  1.20000000e+00  1.40161242e-04  0.00000000e+00 
 1.40261242e-04  1.19621699e+00  1.40261242e-04  6.90275421e-01  1.40261242e-04  1.26533490e-06  1.40261242e-04 -1.28161168e-06  1.40261242e-04  1.63611185e-07  1.40261242e-04  1.20000000e+00  1.40261242e-04  0.00000000e+00 
 1.40361242e-04  1.19904209e+00  1.40361242e-04  6.90165100e-01  1.40361242e-04  1.16222312e-06  1.40361242e-04  1.90479017e-06  1.40361242e-04 -1.63525628e-07  1.40361242e-04  1.20000000e+00  1.40361242e-04  0.00000000e+00 
 1.40461242e-04  1.20188470e+00  1.40461242e-04  6.90277435e-01  1.40461242e-04  1.26533352e-06  1.40461242e-04 -1.27785526e-06  1.40461242e-04  1.63607680e-07  1.40461242e-04  1.20000000e+00  1.40461242e-04  0.00000000e+00 
 1.40561242e-04  1.20474580e+00  1.40561242e-04  6.90165003e-01  1.40561242e-04  1.16222452e-06  1.40561242e-04  1.90897536e-06  1.40561242e-04 -1.63521876e-07  1.40561242e-04  1.20000000e+00  1.40561242e-04  0.00000000e+00 
 1.40661242e-04  1.20762779e+00  1.40661242e-04  6.90279408e-01  1.40661242e-04  1.26533210e-06  1.40661242e-04 -1.27335406e-06  1.40661242e-04  1.63604093e-07  1.40661242e-04  1.20000000e+00  1.40661242e-04  0.00000000e+00 
 1.40761242e-04  1.21053205e+00  1.40761242e-04  6.90165080e-01  1.40761242e-04  1.16222596e-06  1.40761242e-04  1.91398952e-06  1.40761242e-04 -1.63518041e-07  1.40761242e-04  1.20000000e+00  1.40761242e-04  0.00000000e+00 
 1.40861242e-04  1.21346131e+00  1.40861242e-04  6.90281361e-01  1.40861242e-04  1.26533064e-06  1.40861242e-04 -1.26794860e-06  1.40861242e-04  1.63600429e-07  1.40861242e-04  1.20000000e+00  1.40861242e-04  0.00000000e+00 
 1.40961242e-04  1.21641741e+00  1.40961242e-04  6.90165353e-01  1.40961242e-04  1.16222743e-06  1.40961242e-04  1.92001352e-06  1.40961242e-04 -1.63514128e-07  1.40961242e-04  1.20000000e+00  1.40961242e-04  0.00000000e+00 
 1.41061242e-04  1.21940354e+00  1.41061242e-04  6.90283312e-01  1.41061242e-04  1.26532916e-06  1.41061242e-04 -1.26144065e-06  1.41061242e-04  1.63596692e-07  1.41061242e-04  1.20000000e+00  1.41061242e-04  0.00000000e+00 
 1.41161242e-04  1.22242212e+00  1.41161242e-04  6.90165850e-01  1.41161242e-04  1.16222892e-06  1.41161242e-04  1.92727389e-06  1.41161242e-04 -1.63510142e-07  1.41161242e-04  1.20000000e+00  1.41161242e-04  0.00000000e+00 
 1.41261242e-04  1.22547686e+00  1.41261242e-04  6.90285284e-01  1.41261242e-04  1.26532765e-06  1.41261242e-04 -1.25358103e-06  1.41261242e-04  1.63592889e-07  1.41261242e-04  1.20000000e+00  1.41261242e-04  0.00000000e+00 
 1.41361242e-04  1.22857097e+00  1.41361242e-04  6.90166603e-01  1.41361242e-04  1.16223045e-06  1.41361242e-04  1.93605779e-06  1.41361242e-04 -1.63506088e-07  1.41361242e-04  1.20000000e+00  1.41361242e-04  0.00000000e+00 
 1.41461242e-04  1.23170883e+00  1.41461242e-04  6.90287301e-01  1.41461242e-04  1.26532611e-06  1.41461242e-04 -1.24405247e-06  1.41461242e-04  1.63589025e-07  1.41461242e-04  1.20000000e+00  1.41461242e-04  0.00000000e+00 
 1.41561242e-04  1.23489467e+00  1.41561242e-04  6.90167649e-01  1.41561242e-04  1.16223200e-06  1.41561242e-04  1.94673408e-06  1.41561242e-04 -1.63501970e-07  1.41561242e-04  1.20000000e+00  1.41561242e-04  0.00000000e+00 
 1.41661242e-04  1.23813369e+00  1.41661242e-04  6.90289385e-01  1.41661242e-04  1.26532455e-06  1.41661242e-04 -1.23244573e-06  1.41661242e-04  1.63585106e-07  1.41661242e-04  1.20000000e+00  1.41661242e-04  0.00000000e+00 
 1.41761242e-04  1.24143145e+00  1.41761242e-04  6.90169026e-01  1.41761242e-04  1.16223356e-06  1.41761242e-04  1.95978254e-06  1.41761242e-04 -1.63497794e-07  1.41761242e-04  1.20000000e+00  1.41761242e-04  0.00000000e+00 
 1.41861242e-04  1.24479428e+00  1.41861242e-04  6.90291549e-01  1.41861242e-04  1.26532297e-06  1.41861242e-04 -1.21822705e-06  1.41861242e-04  1.63581140e-07  1.41861242e-04  1.20000000e+00  1.41861242e-04  0.00000000e+00 
 1.41961242e-04  1.24822949e+00  1.41961242e-04  6.90170763e-01  1.41961242e-04  1.16223515e-06  1.41961242e-04  1.97583239e-06  1.41961242e-04 -1.63493566e-07  1.41961242e-04  1.20000000e+00  1.41961242e-04  0.00000000e+00 
 1.42061242e-04  1.25174479e+00  1.42061242e-04  6.90293776e-01  1.42061242e-04  1.26532137e-06  1.42061242e-04 -1.20069819e-06  1.42061242e-04  1.63577134e-07  1.42061242e-04  1.20000000e+00  1.42061242e-04  0.00000000e+00 
 1.42161242e-04  1.25534984e+00  1.42161242e-04  6.90172848e-01  1.42161242e-04  1.16223675e-06  1.42161242e-04  1.99570398e-06  1.42161242e-04 -1.63489290e-07  1.42161242e-04  1.20000000e+00  1.42161242e-04  0.00000000e+00 
 1.42261242e-04  1.25905408e+00  1.42261242e-04  6.90295954e-01  1.42261242e-04  1.26531976e-06  1.42261242e-04 -1.17896711e-06  1.42261242e-04  1.63573095e-07  1.42261242e-04  1.20000000e+00  1.42261242e-04  0.00000000e+00 
 1.42361242e-04  1.26287002e+00  1.42361242e-04  6.90175121e-01  1.42361242e-04  1.16223836e-06  1.42361242e-04  2.02040965e-06  1.42361242e-04 -1.63484972e-07  1.42361242e-04  1.20000000e+00  1.42361242e-04  0.00000000e+00 
 1.42461242e-04  1.26680880e+00  1.42461242e-04  6.90297695e-01  1.42461242e-04  1.26531815e-06  1.42461242e-04 -1.15203110e-06  1.42461242e-04  1.63569032e-07  1.42461242e-04  1.20000000e+00  1.42461242e-04  0.00000000e+00 
 1.42561242e-04  1.27088545e+00  1.42561242e-04  6.90176946e-01  1.42561242e-04  1.16223997e-06  1.42561242e-04  2.05088273e-06  1.42561242e-04 -1.63480619e-07  1.42561242e-04  1.20000000e+00  1.42561242e-04  0.00000000e+00 
 1.42661242e-04  1.27509791e+00  1.42661242e-04  6.90294338e-01  1.42661242e-04  1.26531654e-06  1.42661242e-04 -1.12215812e-06  1.42661242e-04  1.63564959e-07  1.42661242e-04  1.20000000e+00  1.42661242e-04  0.00000000e+00 
 1.42761242e-04  1.27947048e+00  1.42761242e-04  6.90178889e-01  1.42761242e-04  1.16224157e-06  1.42761242e-04  2.08620329e-06  1.42761242e-04 -1.63476250e-07  1.42761242e-04  1.20000000e+00  1.42761242e-04  0.00000000e+00 
 1.42861242e-04  1.28399101e+00  1.42861242e-04  6.90286773e-01  1.42861242e-04  1.26531497e-06  1.42861242e-04 -1.08955045e-06  1.42861242e-04  1.63560909e-07  1.42861242e-04  1.20000000e+00  1.42861242e-04  0.00000000e+00 
 1.42961242e-04  1.28862307e+00  1.42961242e-04  6.90167160e-01  1.42961242e-04  1.16224315e-06  1.42961242e-04  2.11115544e-06  1.42961242e-04 -1.63471898e-07  1.42961242e-04  1.20000000e+00  1.42961242e-04  0.00000000e+00 
 1.43061242e-04  1.29327373e+00  1.43061242e-04  6.90262986e-01  1.43061242e-04  1.26531344e-06  1.43061242e-04 -1.08512820e-06  1.43061242e-04  1.63556899e-07  1.43061242e-04  1.20000000e+00  1.43061242e-04  0.00000000e+00 
 1.43161242e-04  1.29781235e+00  1.43161242e-04  6.90136341e-01  1.43161242e-04  1.16224470e-06  1.43161242e-04  2.08723857e-06  1.43161242e-04 -1.63467585e-07  1.43161242e-04  1.20000000e+00  1.43161242e-04  0.00000000e+00 
 1.43261242e-04  1.30204553e+00  1.43261242e-04  6.90219565e-01  1.43261242e-04  1.26531197e-06  1.43261242e-04 -1.15174483e-06  1.43261242e-04  1.63552922e-07  1.43261242e-04  1.20000000e+00  1.43261242e-04  0.00000000e+00 
 1.43361242e-04  1.30581761e+00  1.43361242e-04  6.90095733e-01  1.43361242e-04  1.16224622e-06  1.43361242e-04  1.98635445e-06  1.43361242e-04 -1.63463348e-07  1.43361242e-04  1.20000000e+00  1.43361242e-04  0.00000000e+00 
 1.43461242e-04  1.30901658e+00  1.43461242e-04  6.90175915e-01  1.43461242e-04  1.26531057e-06  1.43461242e-04 -1.27790414e-06  1.43461242e-04  1.63548977e-07  1.43461242e-04  1.20000000e+00  1.43461242e-04  0.00000000e+00 
 1.43561242e-04  1.31162881e+00  1.43561242e-04  6.90007789e-01  1.43561242e-04  1.16224848e-06  1.43561242e-04  1.85710635e-06  1.43561242e-04 -1.63459176e-07  1.43561242e-04  1.20000000e+00  1.43561242e-04  0.00000000e+00 
 1.43661242e-04  1.31368961e+00  1.43661242e-04  6.89822747e-01  1.43661242e-04  1.26531143e-06  1.43661242e-04 -1.39991577e-06  1.43661242e-04  1.63545164e-07  1.43661242e-04  1.20000000e+00  1.43661242e-04  0.00000000e+00 
 1.43761242e-04  1.31527676e+00  1.43761242e-04  6.89877753e-01  1.43761242e-04  1.16224734e-06  1.43761242e-04  1.75238015e-06  1.43761242e-04 -1.63455743e-07  1.43761242e-04  1.20000000e+00  1.43761242e-04  0.00000000e+00 
 1.43861242e-04  1.31647906e+00  1.43861242e-04  6.89969368e-01  1.43861242e-04  1.26531126e-06  1.43861242e-04 -1.48541993e-06  1.43861242e-04  1.63542245e-07  1.43861242e-04  1.20000000e+00  1.43861242e-04  0.00000000e+00 
 1.43961242e-04  1.31738222e+00  1.43961242e-04  6.90007306e-01  1.43961242e-04  1.16224688e-06  1.43961242e-04  1.68623722e-06  1.43961242e-04 -1.63452896e-07  1.43961242e-04  1.20000000e+00  1.43961242e-04  0.00000000e+00 
 1.44061242e-04  1.31805851e+00  1.44061242e-04  6.90082633e-01  1.44061242e-04  1.26531107e-06  1.44061242e-04 -1.53599073e-06  1.44061242e-04  1.63539604e-07  1.44061242e-04  1.20000000e+00  1.44061242e-04  0.00000000e+00 
 1.44161242e-04  1.31856090e+00  1.44161242e-04  6.90073988e-01  1.44161242e-04  1.16224684e-06  1.44161242e-04  1.64789119e-06  1.44161242e-04 -1.63450309e-07  1.44161242e-04  1.20000000e+00  1.44161242e-04  0.00000000e+00 
 1.44261242e-04  1.31893452e+00  1.44261242e-04  6.90143469e-01  1.44261242e-04  1.26531072e-06  1.44261242e-04 -1.56482466e-06  1.44261242e-04  1.63537115e-07  1.44261242e-04  1.20000000e+00  1.44261242e-04  0.00000000e+00 
 1.44361242e-04  1.31921068e+00  1.44361242e-04  6.90114341e-01  1.44361242e-04  1.16224708e-06  1.44361242e-04  1.62650850e-06  1.44361242e-04 -1.63447838e-07  1.44361242e-04  1.20000000e+00  1.44361242e-04  0.00000000e+00 
 1.44461242e-04  1.31941610e+00  1.44461242e-04  6.90179435e-01  1.44461242e-04  1.26531026e-06  1.44461242e-04 -1.58078728e-06  1.44461242e-04  1.63534694e-07  1.44461242e-04  1.20000000e+00  1.44461242e-04  0.00000000e+00 
 1.44561242e-04  1.31956717e+00  1.44561242e-04  6.90136876e-01  1.44561242e-04  1.16224750e-06  1.44561242e-04  1.61470197e-06  1.44561242e-04 -1.63445421e-07  1.44561242e-04  1.20000000e+00  1.44561242e-04  0.00000000e+00 
 1.44661242e-04  1.31967991e+00  1.44661242e-04  6.90198646e-01  1.44661242e-04  1.26530971e-06  1.44661242e-04 -1.58955869e-06  1.44661242e-04  1.63532297e-07  1.44661242e-04  1.20000000e+00  1.44661242e-04  0.00000000e+00 
 1.44761242e-04  1.31976224e+00  1.44761242e-04  6.90147880e-01  1.44761242e-04  1.16224804e-06  1.44761242e-04  1.60821351e-06  1.44761242e-04 -1.63443021e-07  1.44761242e-04  1.20000000e+00  1.44761242e-04  0.00000000e+00 
 1.44861242e-04  1.31982414e+00  1.44861242e-04  6.90208126e-01  1.44861242e-04  1.26530910e-06  1.44861242e-04 -1.59435761e-06  1.44861242e-04  1.63529903e-07  1.44861242e-04  1.20000000e+00  1.44861242e-04  0.00000000e+00 
 1.44930626e-04  1.31985627e+00  1.44930626e-04  6.90152091e-01  1.44930626e-04  1.16224881e-06  1.44930626e-04  1.60507053e-06  1.44930626e-04 -1.63440089e-07  1.44930626e-04  1.20000000e+00  1.44930626e-04  0.00000000e+00 
 1.45000010e-04  1.31988345e+00  1.45000010e-04  6.90212077e-01  1.45000010e-04  1.26530814e-06  1.45000010e-04 -1.59631889e-06  1.45000010e-04  1.63526434e-07  1.45000010e-04  1.20000000e+00  1.45000010e-04  0.00000000e+00 
 1.45000011e-04  1.31986974e+00  1.45000011e-04  6.87694572e-01  1.45000011e-04  1.85401322e-06  1.45000011e-04 -1.03963315e-05  1.45000011e-04  1.77788493e-06  1.45000011e-04  1.08000000e+00  1.45000011e-04  0.00000000e+00 
 1.45000013e-04  1.31983754e+00  1.45000013e-04  6.82454662e-01  1.45000013e-04  1.95131809e-06  1.45000013e-04 -9.77669630e-06  1.45000013e-04  2.08033029e-06  1.45000013e-04  8.40000000e-01  1.45000013e-04  0.00000000e+00 
 1.45000016e-04  1.31976946e+00  1.45000016e-04  6.74441706e-01  1.45000016e-04  1.70815321e-06  1.45000016e-04 -1.68132272e-06  1.45000016e-04  1.30571999e-06  1.45000016e-04  4.20000001e-01  1.45000016e-04  0.00000000e+00 
 1.45000020e-04  1.31970273e+00  1.45000020e-04  6.70654335e-01  1.45000020e-04  1.33408607e-06  1.45000020e-04  3.53233501e-06  1.45000020e-04  2.78640955e-07  1.45000020e-04  3.16866000e-09  1.45000020e-04  0.00000000e+00 
 1.45000021e-04  1.31970069e+00  1.45000021e-04  6.71098423e-01  1.45000021e-04  1.07313401e-06  1.45000021e-04  1.70298724e-06  1.45000021e-04 -4.63590739e-07  1.45000021e-04  0.00000000e+00  1.45000021e-04  0.00000000e+00 
 1.45000022e-04  1.31969809e+00  1.45000022e-04  6.72022624e-01  1.45000022e-04  1.03275188e-06  1.45000022e-04  2.49053369e-06  1.45000022e-04 -6.07528947e-07  1.45000022e-04  0.00000000e+00  1.45000022e-04  0.00000000e+00 
 1.45000025e-04  1.31969460e+00  1.45000025e-04  6.73787511e-01  1.45000025e-04  1.08015186e-06  1.45000025e-04  3.23286443e-06  1.45000025e-04 -4.18550452e-07  1.45000025e-04  0.00000000e+00  1.45000025e-04  0.00000000e+00 
 1.45000030e-04  1.31969132e+00  1.45000030e-04  6.77264156e-01  1.45000030e-04  1.03144392e-06  1.45000030e-04  4.91478943e-06  1.45000030e-04 -5.58558714e-07  1.45000030e-04  0.00000000e+00  1.45000030e-04  0.00000000e+00 
 1.45000041e-04  1.31969610e+00  1.45000041e-04  6.83488724e-01  1.45000041e-04  1.10212104e-06  1.45000041e-04  4.68059453e-06  1.45000041e-04 -3.01221999e-07  1.45000041e-04  0.00000000e+00  1.45000041e-04  0.00000000e+00 
 1.45000062e-04  1.31973511e+00  1.45000062e-04  6.92520338e-01  1.45000062e-04  1.09979992e-06  1.45000062e-04  2.21959263e-06  1.45000062e-04 -3.11059555e-07  1.45000062e-04  0.00000000e+00  1.45000062e-04  0.00000000e+00 
 1.45000105e-04  1.31986218e+00  1.45000105e-04  7.01962881e-01  1.45000105e-04  1.19228028e-06  1.45000105e-04 -2.72550239e-06  1.45000105e-04 -7.70277761e-09  1.45000105e-04  0.00000000e+00  1.45000105e-04  0.00000000e+00 
 1.45000175e-04  1.32008564e+00  1.45000175e-04  7.07784157e-01  1.45000175e-04  1.16956622e-06  1.45000175e-04 -6.01046986e-06  1.45000175e-04 -1.06655211e-07  1.45000175e-04  0.00000000e+00  1.45000175e-04  0.00000000e+00 
 1.45000285e-04  1.32028135e+00  1.45000285e-04  7.09015453e-01  1.45000285e-04  1.24192335e-06  1.45000285e-04 -8.22129576e-06  1.45000285e-04  9.89556976e-08  1.45000285e-04  0.00000000e+00  1.45000285e-04  0.00000000e+00 
 1.45000439e-04  1.32030267e+00  1.45000439e-04  6.94110486e-01  1.45000439e-04  1.24595128e-06  1.45000439e-04 -3.98792692e-06  1.45000439e-04  4.90927381e-08  1.45000439e-04  0.00000000e+00  1.45000439e-04  0.00000000e+00 
 1.45000595e-04  1.32030064e+00  1.45000595e-04  6.89062460e-01  1.45000595e-04  1.21229174e-06  1.45000595e-04 -2.22866441e-07  1.45000595e-04 -5.74882602e-10  1.45000595e-04  0.00000000e+00  1.45000595e-04  0.00000000e+00 
 1.45000775e-04  1.32030161e+00  1.45000775e-04  6.88544216e-01  1.45000775e-04  1.21948293e-06  1.45000775e-04 -8.56738139e-07  1.45000775e-04  3.56002019e-09  1.45000775e-04  0.00000000e+00  1.45000775e-04  0.00000000e+00 
 1.45001059e-04  1.32030132e+00  1.45001059e-04  6.88557617e-01  1.45001059e-04  1.20764392e-06  1.45001059e-04  5.35734668e-07  1.45001059e-04 -5.49140714e-09  1.45001059e-04  0.00000000e+00  1.45001059e-04  0.00000000e+00 
 1.45001628e-04  1.32030071e+00  1.45001628e-04  6.89074482e-01  1.45001628e-04  1.21884412e-06  1.45001628e-04 -5.60593802e-07  1.45001628e-04  2.91924632e-09  1.45001628e-04  0.00000000e+00  1.45001628e-04  0.00000000e+00 
 1.45002765e-04  1.32029872e+00  1.45002765e-04  6.89524819e-01  1.45002765e-04  1.20813415e-06  1.45002765e-04  5.47266079e-07  1.45002765e-04 -4.18631281e-09  1.45002765e-04  0.00000000e+00  1.45002765e-04  0.00000000e+00 
 1.45005040e-04  1.32029536e+00  1.45005040e-04  6.89876333e-01  1.45005040e-04  1.21925243e-06  1.45005040e-04 -5.49191603e-07  1.45005040e-04  3.83369331e-09  1.45005040e-04  0.00000000e+00  1.45005040e-04  0.00000000e+00 
 1.45009589e-04  1.32028949e+00  1.45009589e-04  6.90037797e-01  1.45009589e-04  1.20826287e-06  1.45009589e-04  5.47459142e-07  1.45009589e-04 -3.79493742e-09  1.45009589e-04  0.00000000e+00  1.45009589e-04  0.00000000e+00 
 1.45018687e-04  1.32028091e+00  1.45018687e-04  6.90151064e-01  1.45018687e-04  1.21928925e-06  1.45018687e-04 -5.47310332e-07  1.45018687e-04  3.89418057e-09  1.45018687e-04  0.00000000e+00  1.45018687e-04  0.00000000e+00 
 1.45036884e-04  1.32027083e+00  1.45036884e-04  6.90169208e-01  1.45036884e-04  1.20826742e-06  1.45036884e-04  5.47064024e-07  1.45036884e-04 -3.80519591e-09  1.45036884e-04  0.00000000e+00  1.45036884e-04  0.00000000e+00 
 1.45073277e-04  1.32026406e+00  1.45073277e-04  6.90175964e-01  1.45073277e-04  1.21929086e-06  1.45073277e-04 -5.46959812e-07  1.45073277e-04  3.89349616e-09  1.45073277e-04  0.00000000e+00  1.45073277e-04  0.00000000e+00 
 1.45146064e-04  1.32026234e+00  1.45146064e-04  6.90177417e-01  1.45146064e-04  1.20826618e-06  1.45146064e-04  5.46907043e-07  1.45146064e-04 -3.80554949e-09  1.45146064e-04  0.00000000e+00  1.45146064e-04  0.00000000e+00 
 1.45246064e-04  1.32026182e+00  1.45246064e-04  6.90186239e-01  1.45246064e-04  1.21929152e-06  1.45246064e-04 -5.46867006e-07  1.45246064e-04  3.89377304e-09  1.45246064e-04  0.00000000e+00  1.45246064e-04  0.00000000e+00 
 1.45346064e-04  1.32026076e+00  1.45346064e-04  6.90183700e-01  1.45346064e-04  1.20826562e-06  1.45346064e-04  5.46831890e-07  1.45346064e-04 -3.80581233e-09  1.45346064e-04  0.00000000e+00  1.45346064e-04  0.00000000e+00 
 1.45446064e-04  1.32026003e+00  1.45446064e-04  6.90189614e-01  1.45446064e-04  1.21929206e-06  1.45446064e-04 -5.46791799e-07  1.45446064e-04  3.89405531e-09  1.45446064e-04  0.00000000e+00  1.45446064e-04  0.00000000e+00 
 1.45546064e-04  1.32025905e+00  1.45546064e-04  6.90185268e-01  1.45546064e-04  1.20826508e-06  1.45546064e-04  5.46757538e-07  1.45546064e-04 -3.80611259e-09  1.45546064e-04  0.00000000e+00  1.45546064e-04  0.00000000e+00 
 1.45646064e-04  1.32025828e+00  1.45646064e-04  6.90190423e-01  1.45646064e-04  1.21929259e-06  1.45646064e-04 -5.46717512e-07  1.45646064e-04  3.89437089e-09  1.45646064e-04  0.00000000e+00  1.45646064e-04  0.00000000e+00 
 1.45746064e-04  1.32025732e+00  1.45746064e-04  6.90185691e-01  1.45746064e-04  1.20826455e-06  1.45746064e-04  5.46683437e-07  1.45746064e-04 -3.80644216e-09  1.45746064e-04  0.00000000e+00  1.45746064e-04  0.00000000e+00 
 1.45846064e-04  1.32025655e+00  1.45846064e-04  6.90190571e-01  1.45846064e-04  1.21929312e-06  1.45846064e-04 -5.46643390e-07  1.45846064e-04  3.89471276e-09  1.45846064e-04  0.00000000e+00  1.45846064e-04  0.00000000e+00 
 1.45946064e-04  1.32025559e+00  1.45946064e-04  6.90185854e-01  1.45946064e-04  1.20826403e-06  1.45946064e-04  5.46609327e-07  1.45946064e-04 -3.80679532e-09  1.45946064e-04  0.00000000e+00  1.45946064e-04  0.00000000e+00 
 1.46046064e-04  1.32025482e+00  1.46046064e-04  6.90190541e-01  1.46046064e-04  1.21929364e-06  1.46046064e-04 -5.46569230e-07  1.46046064e-04  3.89507605e-09  1.46046064e-04  0.00000000e+00  1.46046064e-04  0.00000000e+00 
 1.46146064e-04  1.32025386e+00  1.46146064e-04  6.90185966e-01  1.46146064e-04  1.20826351e-06  1.46146064e-04  5.46535130e-07  1.46146064e-04 -3.80716798e-09  1.46146064e-04  0.00000000e+00  1.46146064e-04  0.00000000e+00 
 1.46246064e-04  1.32025308e+00  1.46246064e-04  6.90190456e-01  1.46246064e-04  1.21929416e-06  1.46246064e-04 -5.46494973e-07  1.46246064e-04  3.89545721e-09  1.46246064e-04  0.00000000e+00  1.46246064e-04  0.00000000e+00 
 1.46346064e-04  1.32025212e+00  1.46346064e-04  6.90186072e-01  1.46346064e-04  1.20826299e-06  1.46346064e-04  5.46460822e-07  1.46346064e-04 -3.80755712e-09  1.46346064e-04  0.00000000e+00  1.46346064e-04  0.00000000e+00 
 1.46446064e-04  1.32025135e+00  1.46446064e-04  6.90190354e-01  1.46446064e-04  1.21929468e-06  1.46446064e-04 -5.46420602e-07  1.46446064e-04  3.89585363e-09  1.46446064e-04  0.00000000e+00  1.46446064e-04  0.00000000e+00 
 1.46546064e-04  1.32025039e+00  1.46546064e-04  6.90186179e-01  1.46546064e-04  1.20826247e-06  1.46546064e-04  5.46386397e-07  1.46546064e-04 -3.80796045e-09  1.46546064e-04  0.00000000e+00  1.46546064e-04  0.00000000e+00 
 1.46646064e-04  1.32024962e+00  1.46646064e-04  6.90190244e-01  1.46646064e-04  1.21929520e-06  1.46646064e-04 -5.46346112e-07  1.46646064e-04  3.89626333e-09  1.46646064e-04  0.00000000e+00  1.46646064e-04  0.00000000e+00 
 1.46746064e-04  1.32024866e+00  1.46746064e-04  6.90186289e-01  1.46746064e-04  1.20826195e-06  1.46746064e-04  5.46311853e-07  1.46746064e-04 -3.80837626e-09  1.46746064e-04  0.00000000e+00  1.46746064e-04  0.00000000e+00 
 1.46846064e-04  1.32024788e+00  1.46846064e-04  6.90190132e-01  1.46846064e-04  1.21929572e-06  1.46846064e-04 -5.46271504e-07  1.46846064e-04  3.89668479e-09  1.46846064e-04  0.00000000e+00  1.46846064e-04  0.00000000e+00 
 1.46946064e-04  1.32024693e+00  1.46946064e-04  6.90186400e-01  1.46946064e-04  1.20826143e-06  1.46946064e-04  5.46237191e-07  1.46946064e-04 -3.80880321e-09  1.46946064e-04  0.00000000e+00  1.46946064e-04  0.00000000e+00 
 1.47046064e-04  1.32024615e+00  1.47046064e-04  6.90190020e-01  1.47046064e-04  1.21929624e-06  1.47046064e-04 -5.46196780e-07  1.47046064e-04  3.89711683e-09  1.47046064e-04  0.00000000e+00  1.47046064e-04  0.00000000e+00 
 1.47146064e-04  1.32024519e+00  1.47146064e-04  6.90186510e-01  1.47146064e-04  1.20826091e-06  1.47146064e-04  5.46162416e-07  1.47146064e-04 -3.80924023e-09  1.47146064e-04  0.00000000e+00  1.47146064e-04  0.00000000e+00 
 1.47246064e-04  1.32024442e+00  1.47246064e-04  6.90189907e-01  1.47246064e-04  1.21929676e-06  1.47246064e-04 -5.46121944e-07  1.47246064e-04  3.89755851e-09  1.47246064e-04  0.00000000e+00  1.47246064e-04  0.00000000e+00 
 1.47346064e-04  1.32024346e+00  1.47346064e-04  6.90186620e-01  1.47346064e-04  1.20826038e-06  1.47346064e-04  5.46087530e-07  1.47346064e-04 -3.80968650e-09  1.47346064e-04  0.00000000e+00  1.47346064e-04  0.00000000e+00 
 1.47446064e-04  1.32024268e+00  1.47446064e-04  6.90189796e-01  1.47446064e-04  1.21929729e-06  1.47446064e-04 -5.46047000e-07  1.47446064e-04  3.89800908e-09  1.47446064e-04  0.00000000e+00  1.47446064e-04  0.00000000e+00 
 1.47546064e-04  1.32024173e+00  1.47546064e-04  6.90186729e-01  1.47546064e-04  1.20825986e-06  1.47546064e-04  5.46012537e-07  1.47546064e-04 -3.81014134e-09  1.47546064e-04  0.00000000e+00  1.47546064e-04  0.00000000e+00 
 1.47646064e-04  1.32024095e+00  1.47646064e-04  6.90189685e-01  1.47646064e-04  1.21929781e-06  1.47646064e-04 -5.45971951e-07  1.47646064e-04  3.89846794e-09  1.47646064e-04  0.00000000e+00  1.47646064e-04  0.00000000e+00 
 1.47746064e-04  1.32024000e+00  1.47746064e-04  6.90186838e-01  1.47746064e-04  1.20825934e-06  1.47746064e-04  5.45937443e-07  1.47746064e-04 -3.81060421e-09  1.47746064e-04  0.00000000e+00  1.47746064e-04  0.00000000e+00 
 1.47846064e-04  1.32023922e+00  1.47846064e-04  6.90189576e-01  1.47846064e-04  1.21929833e-06  1.47846064e-04 -5.45896803e-07  1.47846064e-04  3.89893459e-09  1.47846064e-04  0.00000000e+00  1.47846064e-04  0.00000000e+00 
 1.47946064e-04  1.32023826e+00  1.47946064e-04  6.90186945e-01  1.47946064e-04  1.20825882e-06  1.47946064e-04  5.45862252e-07  1.47946064e-04 -3.81107466e-09  1.47946064e-04  0.00000000e+00  1.47946064e-04  0.00000000e+00 
 1.48046064e-04  1.32023748e+00  1.48046064e-04  6.90189467e-01  1.48046064e-04  1.21929885e-06  1.48046064e-04 -5.45821560e-07  1.48046064e-04  3.89940863e-09  1.48046064e-04  0.00000000e+00  1.48046064e-04  0.00000000e+00 
 1.48146064e-04  1.32023653e+00  1.48146064e-04  6.90187051e-01  1.48146064e-04  1.20825829e-06  1.48146064e-04  5.45786968e-07  1.48146064e-04 -3.81155234e-09  1.48146064e-04  0.00000000e+00  1.48146064e-04  0.00000000e+00 
 1.48246064e-04  1.32023575e+00  1.48246064e-04  6.90189359e-01  1.48246064e-04  1.21929938e-06  1.48246064e-04 -5.45746226e-07  1.48246064e-04  3.89988974e-09  1.48246064e-04  0.00000000e+00  1.48246064e-04  0.00000000e+00 
 1.48346064e-04  1.32023480e+00  1.48346064e-04  6.90187156e-01  1.48346064e-04  1.20825777e-06  1.48346064e-04  5.45711594e-07  1.48346064e-04 -3.81203692e-09  1.48346064e-04  0.00000000e+00  1.48346064e-04  0.00000000e+00 
 1.48446064e-04  1.32023402e+00  1.48446064e-04  6.90189253e-01  1.48446064e-04  1.21929990e-06  1.48446064e-04 -5.45670805e-07  1.48446064e-04  3.90037763e-09  1.48446064e-04  0.00000000e+00  1.48446064e-04  0.00000000e+00 
 1.48546064e-04  1.32023307e+00  1.48546064e-04  6.90187260e-01  1.48546064e-04  1.20825724e-06  1.48546064e-04  5.45636136e-07  1.48546064e-04 -3.81252818e-09  1.48546064e-04  0.00000000e+00  1.48546064e-04  0.00000000e+00 
 1.48646064e-04  1.32023228e+00  1.48646064e-04  6.90189147e-01  1.48646064e-04  1.21930043e-06  1.48646064e-04 -5.45595301e-07  1.48646064e-04  3.90087207e-09  1.48646064e-04  0.00000000e+00  1.48646064e-04  0.00000000e+00 
 1.48746064e-04  1.32023133e+00  1.48746064e-04  6.90187363e-01  1.48746064e-04  1.20825672e-06  1.48746064e-04  5.45560596e-07  1.48746064e-04 -3.81302589e-09  1.48746064e-04  0.00000000e+00  1.48746064e-04  0.00000000e+00 
 1.48846064e-04  1.32023055e+00  1.48846064e-04  6.90189042e-01  1.48846064e-04  1.21930095e-06  1.48846064e-04 -5.45519718e-07  1.48846064e-04  3.90137288e-09  1.48846064e-04  0.00000000e+00  1.48846064e-04  0.00000000e+00 
 1.48946064e-04  1.32022960e+00  1.48946064e-04  6.90187466e-01  1.48946064e-04  1.20825619e-06  1.48946064e-04  5.45484980e-07  1.48946064e-04 -3.81352987e-09  1.48946064e-04  0.00000000e+00  1.48946064e-04  0.00000000e+00 
 1.49046064e-04  1.32022882e+00  1.49046064e-04  6.90188938e-01  1.49046064e-04  1.21930148e-06  1.49046064e-04 -5.45444061e-07  1.49046064e-04  3.90187988e-09  1.49046064e-04  0.00000000e+00  1.49046064e-04  0.00000000e+00 
 1.49146064e-04  1.32022787e+00  1.49146064e-04  6.90187567e-01  1.49146064e-04  1.20825567e-06  1.49146064e-04  5.45409291e-07  1.49146064e-04 -3.81403997e-09  1.49146064e-04  0.00000000e+00  1.49146064e-04  0.00000000e+00 
 1.49246064e-04  1.32022709e+00  1.49246064e-04  6.90188835e-01  1.49246064e-04  1.21930201e-06  1.49246064e-04 -5.45368331e-07  1.49246064e-04  3.90239293e-09  1.49246064e-04  0.00000000e+00  1.49246064e-04  0.00000000e+00 
 1.49346064e-04  1.32022614e+00  1.49346064e-04  6.90187668e-01  1.49346064e-04  1.20825514e-06  1.49346064e-04  5.45333531e-07  1.49346064e-04 -3.81455607e-09  1.49346064e-04  0.00000000e+00  1.49346064e-04  0.00000000e+00 
 1.49446064e-04  1.32022535e+00  1.49446064e-04  6.90188733e-01  1.49446064e-04  1.21930254e-06  1.49446064e-04 -5.45292534e-07  1.49446064e-04  3.90291192e-09  1.49446064e-04  0.00000000e+00  1.49446064e-04  0.00000000e+00 
 1.49546064e-04  1.32022440e+00  1.49546064e-04  6.90187769e-01  1.49546064e-04  1.20825461e-06  1.49546064e-04  5.45257706e-07  1.49546064e-04 -3.81507804e-09  1.49546064e-04  0.00000000e+00  1.49546064e-04  0.00000000e+00 
 1.49646064e-04  1.32022362e+00  1.49646064e-04  6.90188631e-01  1.49646064e-04  1.21930306e-06  1.49646064e-04 -5.45216673e-07  1.49646064e-04  3.90343673e-09  1.49646064e-04  0.00000000e+00  1.49646064e-04  0.00000000e+00 
 1.49746064e-04  1.32022267e+00  1.49746064e-04  6.90187868e-01  1.49746064e-04  1.20825408e-06  1.49746064e-04  5.45181818e-07  1.49746064e-04 -3.81560580e-09  1.49746064e-04  0.00000000e+00  1.49746064e-04  0.00000000e+00 
 1.49846064e-04  1.32022189e+00  1.49846064e-04  6.90188530e-01  1.49846064e-04  1.21930359e-06  1.49846064e-04 -5.45140750e-07  1.49846064e-04  3.90396729e-09  1.49846064e-04  0.00000000e+00  1.49846064e-04  0.00000000e+00 
 1.49946064e-04  1.32022094e+00  1.49946064e-04  6.90187967e-01  1.49946064e-04  1.20825355e-06  1.49946064e-04  5.45105871e-07  1.49946064e-04 -3.81613925e-09  1.49946064e-04  0.00000000e+00  1.49946064e-04  0.00000000e+00 
 1.50046064e-04  1.32022016e+00  1.50046064e-04  6.90188429e-01  1.50046064e-04  1.21930412e-06  1.50046064e-04 -5.45064771e-07  1.50046064e-04  3.90450350e-09  1.50046064e-04  0.00000000e+00  1.50046064e-04  0.00000000e+00 
 1.50146064e-04  1.32021921e+00  1.50146064e-04  6.90188066e-01  1.50146064e-04  1.20825302e-06  1.50146064e-04  5.45029868e-07  1.50146064e-04 -3.81667833e-09  1.50146064e-04  0.00000000e+00  1.50146064e-04  0.00000000e+00 
 1.50246064e-04  1.32021842e+00  1.50246064e-04  6.90188329e-01  1.50246064e-04  1.21930465e-06  1.50246064e-04 -5.44988737e-07  1.50246064e-04  3.90504530e-09  1.50246064e-04  0.00000000e+00  1.50246064e-04  0.00000000e+00 
 1.50346064e-04  1.32021748e+00  1.50346064e-04  6.90188164e-01  1.50346064e-04  1.20825249e-06  1.50346064e-04  5.44953813e-07  1.50346064e-04 -3.81722296e-09  1.50346064e-04  0.00000000e+00  1.50346064e-04  0.00000000e+00 
 1.50446064e-04  1.32021669e+00  1.50446064e-04  6.90188230e-01  1.50446064e-04  1.21930518e-06  1.50446064e-04 -5.44912652e-07  1.50446064e-04  3.90559263e-09  1.50446064e-04  0.00000000e+00  1.50446064e-04  0.00000000e+00 
 1.50546064e-04  1.32021574e+00  1.50546064e-04  6.90188261e-01  1.50546064e-04  1.20825196e-06  1.50546064e-04  5.44877708e-07  1.50546064e-04 -3.81777308e-09  1.50546064e-04  0.00000000e+00  1.50546064e-04  0.00000000e+00 
 1.50646064e-04  1.32021496e+00  1.50646064e-04  6.90188131e-01  1.50646064e-04  1.21930571e-06  1.50646064e-04 -5.44836519e-07  1.50646064e-04  3.90614541e-09  1.50646064e-04  0.00000000e+00  1.50646064e-04  0.00000000e+00 
 1.50746064e-04  1.32021401e+00  1.50746064e-04  6.90188358e-01  1.50746064e-04  1.20825143e-06  1.50746064e-04  5.44801557e-07  1.50746064e-04 -3.81832864e-09  1.50746064e-04  0.00000000e+00  1.50746064e-04  0.00000000e+00 
 1.50846064e-04  1.32021323e+00  1.50846064e-04  6.90188032e-01  1.50846064e-04  1.21930624e-06  1.50846064e-04 -5.44760342e-07  1.50846064e-04  3.90670362e-09  1.50846064e-04  0.00000000e+00  1.50846064e-04  0.00000000e+00 
 1.50946064e-04  1.32021228e+00  1.50946064e-04  6.90188454e-01  1.50946064e-04  1.20825090e-06  1.50946064e-04  5.44725363e-07  1.50946064e-04 -3.81888959e-09  1.50946064e-04  0.00000000e+00  1.50946064e-04  0.00000000e+00 
 1.51046064e-04  1.32021150e+00  1.51046064e-04  6.90187934e-01  1.51046064e-04  1.21930678e-06  1.51046064e-04 -5.44684122e-07  1.51046064e-04  3.90726718e-09  1.51046064e-04  0.00000000e+00  1.51046064e-04  0.00000000e+00 
 1.51146064e-04  1.32021055e+00  1.51146064e-04  6.90188550e-01  1.51146064e-04  1.20825037e-06  1.51146064e-04  5.44649128e-07  1.51146064e-04 -3.81945588e-09  1.51146064e-04  0.00000000e+00  1.51146064e-04  0.00000000e+00 
 1.51246064e-04  1.32020976e+00  1.51246064e-04  6.90187837e-01  1.51246064e-04  1.21930731e-06  1.51246064e-04 -5.44607864e-07  1.51246064e-04  3.90783607e-09  1.51246064e-04  0.00000000e+00  1.51246064e-04  0.00000000e+00 
 1.51346064e-04  1.32020882e+00  1.51346064e-04  6.90188645e-01  1.51346064e-04  1.20824983e-06  1.51346064e-04  5.44572856e-07  1.51346064e-04 -3.82002747e-09  1.51346064e-04  0.00000000e+00  1.51346064e-04  0.00000000e+00 
 1.51446064e-04  1.32020803e+00  1.51446064e-04  6.90187740e-01  1.51446064e-04  1.21930784e-06  1.51446064e-04 -5.44531571e-07  1.51446064e-04  3.90841023e-09  1.51446064e-04  0.00000000e+00  1.51446064e-04  0.00000000e+00 
 1.51546064e-04  1.32020709e+00  1.51546064e-04  6.90188740e-01  1.51546064e-04  1.20824930e-06  1.51546064e-04  5.44496549e-07  1.51546064e-04 -3.82060432e-09  1.51546064e-04  0.00000000e+00  1.51546064e-04  0.00000000e+00 
 1.51646064e-04  1.32020630e+00  1.51646064e-04  6.90187644e-01  1.51646064e-04  1.21930837e-06  1.51646064e-04 -5.44455244e-07  1.51646064e-04  3.90898964e-09  1.51646064e-04  0.00000000e+00  1.51646064e-04  0.00000000e+00 
 1.51746064e-04  1.32020535e+00  1.51746064e-04  6.90188835e-01  1.51746064e-04  1.20824877e-06  1.51746064e-04  5.44420211e-07  1.51746064e-04 -3.82118639e-09  1.51746064e-04  0.00000000e+00  1.51746064e-04  0.00000000e+00 
 1.51846064e-04  1.32020457e+00  1.51846064e-04  6.90187548e-01  1.51846064e-04  1.21930891e-06  1.51846064e-04 -5.44378887e-07  1.51846064e-04  3.90957425e-09  1.51846064e-04  0.00000000e+00  1.51846064e-04  0.00000000e+00 
 1.51946064e-04  1.32020362e+00  1.51946064e-04  6.90188928e-01  1.51946064e-04  1.20824824e-06  1.51946064e-04  5.44343844e-07  1.51946064e-04 -3.82177365e-09  1.51946064e-04  0.00000000e+00  1.51946064e-04  0.00000000e+00 
 1.52046064e-04  1.32020284e+00  1.52046064e-04  6.90187452e-01  1.52046064e-04  1.21930944e-06  1.52046064e-04 -5.44302502e-07  1.52046064e-04  3.91016402e-09  1.52046064e-04  0.00000000e+00  1.52046064e-04  0.00000000e+00 
 1.52146064e-04  1.32020189e+00  1.52146064e-04  6.90189022e-01  1.52146064e-04  1.20824770e-06  1.52146064e-04  5.44267451e-07  1.52146064e-04 -3.82236606e-09  1.52146064e-04  0.00000000e+00  1.52146064e-04  0.00000000e+00 
 1.52246064e-04  1.32020110e+00  1.52246064e-04  6.90187357e-01  1.52246064e-04  1.21930998e-06  1.52246064e-04 -5.44226092e-07  1.52246064e-04  3.91075894e-09  1.52246064e-04  0.00000000e+00  1.52246064e-04  0.00000000e+00 
 1.52346064e-04  1.32020016e+00  1.52346064e-04  6.90189115e-01  1.52346064e-04  1.20824716e-06  1.52346064e-04  5.44191034e-07  1.52346064e-04 -3.82296359e-09  1.52346064e-04  0.00000000e+00  1.52346064e-04  0.00000000e+00 
 1.52446064e-04  1.32019937e+00  1.52446064e-04  6.90187263e-01  1.52446064e-04  1.21931051e-06  1.52446064e-04 -5.44149661e-07  1.52446064e-04  3.91135896e-09  1.52446064e-04  0.00000000e+00  1.52446064e-04  0.00000000e+00 
 1.52546064e-04  1.32019843e+00  1.52546064e-04  6.90189208e-01  1.52546064e-04  1.20824663e-06  1.52546064e-04  5.44114597e-07  1.52546064e-04 -3.82356621e-09  1.52546064e-04  0.00000000e+00  1.52546064e-04  0.00000000e+00 
 1.52646064e-04  1.32019764e+00  1.52646064e-04  6.90187168e-01  1.52646064e-04  1.21931105e-06  1.52646064e-04 -5.44073210e-07  1.52646064e-04  3.91196405e-09  1.52646064e-04  0.00000000e+00  1.52646064e-04  0.00000000e+00 
 1.52746064e-04  1.32019670e+00  1.52746064e-04  6.90189300e-01  1.52746064e-04  1.20824609e-06  1.52746064e-04  5.44038141e-07  1.52746064e-04 -3.82417389e-09  1.52746064e-04  0.00000000e+00  1.52746064e-04  0.00000000e+00 
 1.52846064e-04  1.32019591e+00  1.52846064e-04  6.90187074e-01  1.52846064e-04  1.21931158e-06  1.52846064e-04 -5.43996742e-07  1.52846064e-04  3.91257419e-09  1.52846064e-04  0.00000000e+00  1.52846064e-04  0.00000000e+00 
 1.52946064e-04  1.32019497e+00  1.52946064e-04  6.90189392e-01  1.52946064e-04  1.20824556e-06  1.52946064e-04  5.43961669e-07  1.52946064e-04 -3.82478660e-09  1.52946064e-04  0.00000000e+00  1.52946064e-04  0.00000000e+00 
 1.53046064e-04  1.32019418e+00  1.53046064e-04  6.90186981e-01  1.53046064e-04  1.21931212e-06  1.53046064e-04 -5.43920259e-07  1.53046064e-04  3.91318935e-09  1.53046064e-04  0.00000000e+00  1.53046064e-04  0.00000000e+00 
 1.53146064e-04  1.32019324e+00  1.53146064e-04  6.90189483e-01  1.53146064e-04  1.20824502e-06  1.53146064e-04  5.43885184e-07  1.53146064e-04 -3.82540432e-09  1.53146064e-04  0.00000000e+00  1.53146064e-04  0.00000000e+00 
 1.53246064e-04  1.32019245e+00  1.53246064e-04  6.90186888e-01  1.53246064e-04  1.21931266e-06  1.53246064e-04 -5.43843764e-07  1.53246064e-04  3.91380949e-09  1.53246064e-04  0.00000000e+00  1.53246064e-04  0.00000000e+00 
 1.53346064e-04  1.32019150e+00  1.53346064e-04  6.90189574e-01  1.53346064e-04  1.20824449e-06  1.53346064e-04  5.43808688e-07  1.53346064e-04 -3.82602701e-09  1.53346064e-04  0.00000000e+00  1.53346064e-04  0.00000000e+00 
 1.53446064e-04  1.32019072e+00  1.53446064e-04  6.90186796e-01  1.53446064e-04  1.21931319e-06  1.53446064e-04 -5.43767259e-07  1.53446064e-04  3.91443460e-09  1.53446064e-04  0.00000000e+00  1.53446064e-04  0.00000000e+00 
 1.53546064e-04  1.32018977e+00  1.53546064e-04  6.90189665e-01  1.53546064e-04  1.20824395e-06  1.53546064e-04  5.43732184e-07  1.53546064e-04 -3.82665465e-09  1.53546064e-04  0.00000000e+00  1.53546064e-04  0.00000000e+00 
 1.53646064e-04  1.32018898e+00  1.53646064e-04  6.90186703e-01  1.53646064e-04  1.21931373e-06  1.53646064e-04 -5.43690748e-07  1.53646064e-04  3.91506464e-09  1.53646064e-04  0.00000000e+00  1.53646064e-04  0.00000000e+00 
 1.53746064e-04  1.32018804e+00  1.53746064e-04  6.90189755e-01  1.53746064e-04  1.20824341e-06  1.53746064e-04  5.43655673e-07  1.53746064e-04 -3.82728721e-09  1.53746064e-04  0.00000000e+00  1.53746064e-04  0.00000000e+00 
 1.53846064e-04  1.32018725e+00  1.53846064e-04  6.90186611e-01  1.53846064e-04  1.21931427e-06  1.53846064e-04 -5.43614231e-07  1.53846064e-04  3.91569960e-09  1.53846064e-04  0.00000000e+00  1.53846064e-04  0.00000000e+00 
 1.53946064e-04  1.32018631e+00  1.53946064e-04  6.90189845e-01  1.53946064e-04  1.20824287e-06  1.53946064e-04  5.43579159e-07  1.53946064e-04 -3.82792467e-09  1.53946064e-04  0.00000000e+00  1.53946064e-04  0.00000000e+00 
 1.54046064e-04  1.32018552e+00  1.54046064e-04  6.90186520e-01  1.54046064e-04  1.21931481e-06  1.54046064e-04 -5.43537711e-07  1.54046064e-04  3.91633944e-09  1.54046064e-04  0.00000000e+00  1.54046064e-04  0.00000000e+00 
 1.54146064e-04  1.32018458e+00  1.54146064e-04  6.90189935e-01  1.54146064e-04  1.20824233e-06  1.54146064e-04  5.43502643e-07  1.54146064e-04 -3.82856701e-09  1.54146064e-04  0.00000000e+00  1.54146064e-04  0.00000000e+00 
 1.54246064e-04  1.32018379e+00  1.54246064e-04  6.90186429e-01  1.54246064e-04  1.21931535e-06  1.54246064e-04 -5.43461191e-07  1.54246064e-04  3.91698415e-09  1.54246064e-04  0.00000000e+00  1.54246064e-04  0.00000000e+00 
 1.54346064e-04  1.32018285e+00  1.54346064e-04  6.90190024e-01  1.54346064e-04  1.20824180e-06  1.54346064e-04  5.43426127e-07  1.54346064e-04 -3.82921419e-09  1.54346064e-04  0.00000000e+00  1.54346064e-04  0.00000000e+00 
 1.54446064e-04  1.32018206e+00  1.54446064e-04  6.90186338e-01  1.54446064e-04  1.21931588e-06  1.54446064e-04 -5.43384673e-07  1.54446064e-04  3.91763369e-09  1.54446064e-04  0.00000000e+00  1.54446064e-04  0.00000000e+00 
 1.54546064e-04  1.32018112e+00  1.54546064e-04  6.90190113e-01  1.54546064e-04  1.20824126e-06  1.54546064e-04  5.43349615e-07  1.54546064e-04 -3.82986621e-09  1.54546064e-04  0.00000000e+00  1.54546064e-04  0.00000000e+00 
 1.54646064e-04  1.32018033e+00  1.54646064e-04  6.90186248e-01  1.54646064e-04  1.21931642e-06  1.54646064e-04 -5.43308158e-07  1.54646064e-04  3.91828804e-09  1.54646064e-04  0.00000000e+00  1.54646064e-04  0.00000000e+00 
 1.54746064e-04  1.32017939e+00  1.54746064e-04  6.90190201e-01  1.54746064e-04  1.20824072e-06  1.54746064e-04  5.43273107e-07  1.54746064e-04 -3.83052302e-09  1.54746064e-04  0.00000000e+00  1.54746064e-04  0.00000000e+00 
 1.54846064e-04  1.32017860e+00  1.54846064e-04  6.90186158e-01  1.54846064e-04  1.21931696e-06  1.54846064e-04 -5.43231650e-07  1.54846064e-04  3.91894719e-09  1.54846064e-04  0.00000000e+00  1.54846064e-04  0.00000000e+00 
 1.54923032e-04  1.32017786e+00  1.54923032e-04  6.90190295e-01  1.54923032e-04  1.20824010e-06  1.54923032e-04  5.43185024e-07  1.54923032e-04 -3.83128400e-09  1.54923032e-04  0.00000000e+00  1.54923032e-04  0.00000000e+00 
 1.55000000e-04  1.32017727e+00  1.55000000e-04  6.90186032e-01  1.55000000e-04  1.21931767e-06  1.55000000e-04 -5.43132402e-07  1.55000000e-04  3.91981069e-09  1.55000000e-04  0.00000000e+00  1.55000000e-04  0.00000000e+00 
 1.55003321e-04  1.31964741e+00  1.55003321e-04  7.22083586e-01  1.55003321e-04  1.21072816e-06  1.55003321e-04 -9.89037186e-08  1.55003321e-04  1.84967946e-06  1.55003321e-04  0.00000000e+00  1.55003321e-04  1.20000000e+00 
 1.55009963e-04  1.31905557e+00  1.55009963e-04  7.04214999e-01  1.55009963e-04  1.21894469e-06  1.55009963e-04  1.45297829e-07  1.55009963e-04 -3.29113644e-07  1.55009963e-04  0.00000000e+00  1.55009963e-04  1.20000000e+00 
 1.55014551e-04  1.31907124e+00  1.55014551e-04  6.90787726e-01  1.55014551e-04  1.21185007e-06  1.55014551e-04 -6.83948208e-08  1.55014551e-04  3.92848624e-07  1.55014551e-04  0.00000000e+00  1.55014551e-04  1.20000000e+00 
 1.55020324e-04  1.31908454e+00  1.55020324e-04  6.85462543e-01  1.55020324e-04  1.21514989e-06  1.55020324e-04  8.13212308e-08  1.55020324e-04 -2.01969715e-07  1.55020324e-04  0.00000000e+00  1.55020324e-04  1.20000000e+00 
 1.55029500e-04  1.31889578e+00  1.55029500e-04  6.89210962e-01  1.55029500e-04  1.21179263e-06  1.55029500e-04 -8.52385610e-08  1.55029500e-04  7.03481049e-07  1.55029500e-04  0.00000000e+00  1.55029500e-04  1.20000000e+00 
 1.55039640e-04  1.31862755e+00  1.55039640e-04  6.90085073e-01  1.55039640e-04  1.21568595e-06  1.55039640e-04  7.89751988e-08  1.55039640e-04 -1.42773921e-07  1.55039640e-04  0.00000000e+00  1.55039640e-04  1.20000000e+00 
 1.55058282e-04  1.31816814e+00  1.55058282e-04  6.90382973e-01  1.55058282e-04  1.21188807e-06  1.55058282e-04 -7.70709378e-08  1.55058282e-04  6.90506674e-07  1.55058282e-04  0.00000000e+00  1.55058282e-04  1.20000000e+00 
 1.55086407e-04  1.31745225e+00  1.55086407e-04  6.90142378e-01  1.55086407e-04  1.21566527e-06  1.55086407e-04  7.58112157e-08  1.55086407e-04 -1.36454583e-07  1.55086407e-04  0.00000000e+00  1.55086407e-04  1.20000000e+00 
 1.55142656e-04  1.31605121e+00  1.55142656e-04  6.90439764e-01  1.55142656e-04  1.21189311e-06  1.55142656e-04 -7.52056476e-08  1.55142656e-04  6.87037036e-07  1.55142656e-04  0.00000000e+00  1.55142656e-04  1.20000000e+00 
 1.55242656e-04  1.31353593e+00  1.55242656e-04  6.90204710e-01  1.55242656e-04  1.21566285e-06  1.55242656e-04  7.48596552e-08  1.55242656e-04 -1.34672845e-07  1.55242656e-04  0.00000000e+00  1.55242656e-04  1.20000000e+00 
 1.55342656e-04  1.31103836e+00  1.55342656e-04  6.90514792e-01  1.55342656e-04  1.21189450e-06  1.55342656e-04 -7.45179303e-08  1.55342656e-04  6.85833474e-07  1.55342656e-04  0.00000000e+00  1.55342656e-04  1.20000000e+00 
 1.55442656e-04  1.30852316e+00  1.55442656e-04  6.90240670e-01  1.55442656e-04  1.21566133e-06  1.55442656e-04  7.41746991e-08  1.55442656e-04 -1.33447586e-07  1.55442656e-04  0.00000000e+00  1.55442656e-04  1.20000000e+00 
 1.55542656e-04  1.30602534e+00  1.55542656e-04  6.90547557e-01  1.55542656e-04  1.21189576e-06  1.55542656e-04 -7.38240976e-08  1.55542656e-04  6.84650744e-07  1.55542656e-04  0.00000000e+00  1.55542656e-04  1.20000000e+00 
 1.55642656e-04  1.30351040e+00  1.55642656e-04  6.90234269e-01  1.55642656e-04  1.21566010e-06  1.55642656e-04  7.34790251e-08  1.55642656e-04 -1.32279113e-07  1.55642656e-04  0.00000000e+00  1.55642656e-04  1.20000000e+00 
 1.55742656e-04  1.30101244e+00  1.55742656e-04  6.90547007e-01  1.55742656e-04  1.21189677e-06  1.55742656e-04 -7.31167514e-08  1.55742656e-04  6.83493764e-07  1.55742656e-04  0.00000000e+00  1.55742656e-04  1.20000000e+00 
 1.55842656e-04  1.29849789e+00  1.55842656e-04  6.90184807e-01  1.55842656e-04  1.21565929e-06  1.55842656e-04  7.27670163e-08  1.55842656e-04 -1.31167674e-07  1.55842656e-04  0.00000000e+00  1.55842656e-04  1.20000000e+00 
 1.55942656e-04  1.29599993e+00  1.55942656e-04  6.90505580e-01  1.55942656e-04  1.21189738e-06  1.55942656e-04 -7.23870052e-08  1.55942656e-04  6.82361313e-07  1.55942656e-04  0.00000000e+00  1.55942656e-04  1.20000000e+00 
 1.56042656e-04  1.29348608e+00  1.56042656e-04  6.90071284e-01  1.56042656e-04  1.21565955e-06  1.56042656e-04  7.20291289e-08  1.56042656e-04 -1.30149384e-07  1.56042656e-04  0.00000000e+00  1.56042656e-04  1.20000000e+00 
 1.56142656e-04  1.29098844e+00  1.56142656e-04  6.90458035e-01  1.56142656e-04  1.21189719e-06  1.56142656e-04 -7.16256820e-08  1.56142656e-04  6.81253934e-07  1.56142656e-04  0.00000000e+00  1.56142656e-04  1.20000000e+00 
 1.56242656e-04  1.28847538e+00  1.56242656e-04  6.90000280e-01  1.56242656e-04  1.21566111e-06  1.56242656e-04  7.12167747e-08  1.56242656e-04 -1.29183751e-07  1.56242656e-04  0.00000000e+00  1.56242656e-04  1.20000000e+00 
 1.56342656e-04  1.28597775e+00  1.56342656e-04  6.90512738e-01  1.56342656e-04  1.21189490e-06  1.56342656e-04 -7.07364209e-08  1.56342656e-04  6.80265166e-07  1.56342656e-04  0.00000000e+00  1.56342656e-04  1.20000000e+00 
 1.56442656e-04  1.28346497e+00  1.56442656e-04  6.89943558e-01  1.56442656e-04  1.21566419e-06  1.56442656e-04  7.01680379e-08  1.56442656e-04 -1.28229127e-07  1.56442656e-04  0.00000000e+00  1.56442656e-04  1.20000000e+00 
 1.56542656e-04  1.28096728e+00  1.56542656e-04  6.90568987e-01  1.56542656e-04  1.21189110e-06  1.56542656e-04 -6.93605608e-08  1.56542656e-04  6.79312754e-07  1.56542656e-04  0.00000000e+00  1.56542656e-04  1.20000000e+00 
 1.56642656e-04  1.27845491e+00  1.56642656e-04  6.89768198e-01  1.56642656e-04  1.21566897e-06  1.56642656e-04  6.82227803e-08  1.56642656e-04 -1.27355485e-07  1.56642656e-04  0.00000000e+00  1.56642656e-04  1.20000000e+00 
 1.56742656e-04  1.27595720e+00  1.56742656e-04  6.90698472e-01  1.56742656e-04  1.21188524e-06  1.56742656e-04 -6.66761389e-08  1.56742656e-04  6.78442657e-07  1.56742656e-04  0.00000000e+00  1.56742656e-04  1.20000000e+00 
 1.56842656e-04  1.27344523e+00  1.56842656e-04  6.89544183e-01  1.56842656e-04  1.21567629e-06  1.56842656e-04  6.48578540e-08  1.56842656e-04 -1.26567853e-07  1.56842656e-04  0.00000000e+00  1.56842656e-04  1.20000000e+00 
 1.56942656e-04  1.27094737e+00  1.56942656e-04  6.90917362e-01  1.56942656e-04  1.21187619e-06  1.56942656e-04 -6.29530814e-08  1.56942656e-04  6.77685501e-07  1.56942656e-04  0.00000000e+00  1.56942656e-04  1.20000000e+00 
 1.57042656e-04  1.26843570e+00  1.57042656e-04  6.89332979e-01  1.57042656e-04  1.21568734e-06  1.57042656e-04  6.10066853e-08  1.57042656e-04 -1.25862962e-07  1.57042656e-04  0.00000000e+00  1.57042656e-04  1.20000000e+00 
 1.57142656e-04  1.26593772e+00  1.57142656e-04  6.91106709e-01  1.57142656e-04  1.21186302e-06  1.57142656e-04 -5.90338517e-08  1.57142656e-04  6.76999024e-07  1.57142656e-04  0.00000000e+00  1.57142656e-04  1.20000000e+00 
 1.57242656e-04  1.26342653e+00  1.57242656e-04  6.89154776e-01  1.57242656e-04  1.21570269e-06  1.57242656e-04  5.70594398e-08  1.57242656e-04 -1.25249507e-07  1.57242656e-04  0.00000000e+00  1.57242656e-04  1.20000000e+00 
 1.57342656e-04  1.26092823e+00  1.57342656e-04  6.91264042e-01  1.57342656e-04  1.21184551e-06  1.57342656e-04 -5.50920718e-08  1.57342656e-04  6.76409024e-07  1.57342656e-04  0.00000000e+00  1.57342656e-04  1.20000000e+00 
 1.57442656e-04  1.25841722e+00  1.57442656e-04  6.89011492e-01  1.57442656e-04  1.21572234e-06  1.57442656e-04  5.31569820e-08  1.57442656e-04 -1.24680571e-07  1.57442656e-04  0.00000000e+00  1.57442656e-04  1.20000000e+00 
 1.57542656e-04  1.25591890e+00  1.57542656e-04  6.91386177e-01  1.57542656e-04  1.21182388e-06  1.57542656e-04 -5.12517999e-08  1.57542656e-04  6.75834009e-07  1.57542656e-04  0.00000000e+00  1.57542656e-04  1.20000000e+00 
 1.57642656e-04  1.25340800e+00  1.57642656e-04  6.88903245e-01  1.57642656e-04  1.21574590e-06  1.57642656e-04  4.94012402e-08  1.57642656e-04 -1.24116211e-07  1.57642656e-04  0.00000000e+00  1.57642656e-04  1.20000000e+00 
 1.57742656e-04  1.25090970e+00  1.57742656e-04  6.91475416e-01  1.57742656e-04  1.21179860e-06  1.57742656e-04 -4.75961122e-08  1.57742656e-04  6.75255504e-07  1.57742656e-04  0.00000000e+00  1.57742656e-04  1.20000000e+00 
 1.57842656e-04  1.24839887e+00  1.57842656e-04  6.88827113e-01  1.57842656e-04  1.21577281e-06  1.57842656e-04  4.58609147e-08  1.57842656e-04 -1.23540541e-07  1.57842656e-04  0.00000000e+00  1.57842656e-04  1.20000000e+00 
 1.57942656e-04  1.24590062e+00  1.57942656e-04  6.91535047e-01  1.57942656e-04  1.21177029e-06  1.57942656e-04 -4.41806375e-08  1.57942656e-04  6.74659762e-07  1.57942656e-04  0.00000000e+00  1.57942656e-04  1.20000000e+00 
 1.58042656e-04  1.24338984e+00  1.58042656e-04  6.88779493e-01  1.58042656e-04  1.21580242e-06  1.58042656e-04  4.25797181e-08  1.58042656e-04 -1.22942015e-07  1.58042656e-04  0.00000000e+00  1.58042656e-04  1.20000000e+00 
 1.58142656e-04  1.24089164e+00  1.58142656e-04  6.91568788e-01  1.58142656e-04  1.21173962e-06  1.58142656e-04 -4.10384438e-08  1.58142656e-04  6.74037176e-07  1.58142656e-04  0.00000000e+00  1.58142656e-04  1.20000000e+00 
 1.58242656e-04  1.23838090e+00  1.58242656e-04  6.88756514e-01  1.58242656e-04  1.21583408e-06  1.58242656e-04  3.95812010e-08  1.58242656e-04 -1.22312956e-07  1.58242656e-04  0.00000000e+00  1.58242656e-04  1.20000000e+00 
 1.58342656e-04  1.23588276e+00  1.58342656e-04  6.91580446e-01  1.58342656e-04  1.21170723e-06  1.58342656e-04 -3.81847067e-08  1.58342656e-04  6.73381719e-07  1.58342656e-04  0.00000000e+00  1.58342656e-04  1.20000000e+00 
 1.58442656e-04  1.23337206e+00  1.58442656e-04  6.88754315e-01  1.58442656e-04  1.21586716e-06  1.58442656e-04  3.68732460e-08  1.58442656e-04 -1.21648967e-07  1.58442656e-04  0.00000000e+00  1.58442656e-04  1.20000000e+00 
 1.58542656e-04  1.23087398e+00  1.58542656e-04  6.91573698e-01  1.58542656e-04  1.21167371e-06  1.58542656e-04 -3.56209998e-08  1.58542656e-04  6.72690368e-07  1.58542656e-04  0.00000000e+00  1.58542656e-04  1.20000000e+00 
 1.58642656e-04  1.22836331e+00  1.58642656e-04  6.88769237e-01  1.58642656e-04  1.21590108e-06  1.58642656e-04  3.44520938e-08  1.58642656e-04 -1.20948352e-07  1.58642656e-04  0.00000000e+00  1.58642656e-04  1.20000000e+00 
 1.58742656e-04  1.22586528e+00  1.58742656e-04  6.91551955e-01  1.58742656e-04  1.21163959e-06  1.58742656e-04 -3.33390475e-08  1.58742656e-04  6.71962518e-07  1.58742656e-04  0.00000000e+00  1.58742656e-04  1.20000000e+00 
 1.58842656e-04  1.22335464e+00  1.58842656e-04  6.88797930e-01  1.58842656e-04  1.21593535e-06  1.58842656e-04  3.23057837e-08  1.58842656e-04 -1.20211541e-07  1.58842656e-04  0.00000000e+00  1.58842656e-04  1.20000000e+00 
 1.58942656e-04  1.22085691e+00  1.58942656e-04  6.91517242e-01  1.58942656e-04  1.21160536e-06  1.58942656e-04 -3.13235288e-08  1.58942656e-04  6.71164368e-07  1.58942656e-04  0.00000000e+00  1.58942656e-04  1.20000000e+00 
 1.59042656e-04  1.21834603e+00  1.59042656e-04  6.88839312e-01  1.59042656e-04  1.21596952e-06  1.59042656e-04  3.04159266e-08  1.59042656e-04 -1.19391035e-07  1.59042656e-04  0.00000000e+00  1.59042656e-04  1.20000000e+00 
 1.59142656e-04  1.21584831e+00  1.59142656e-04  6.91472988e-01  1.59142656e-04  1.21157142e-06  1.59142656e-04 -2.95542781e-08  1.59142656e-04  6.70324344e-07  1.59142656e-04  0.00000000e+00  1.59142656e-04  1.20000000e+00 
 1.59242656e-04  1.21333751e+00  1.59242656e-04  6.88888038e-01  1.59242656e-04  1.21600320e-06  1.59242656e-04  2.87620912e-08  1.59242656e-04 -1.18546806e-07  1.59242656e-04  0.00000000e+00  1.59242656e-04  1.20000000e+00 
 1.59342656e-04  1.21083979e+00  1.59342656e-04  6.91422432e-01  1.59342656e-04  1.21153812e-06  1.59342656e-04 -2.80105374e-08  1.59342656e-04  6.69460838e-07  1.59342656e-04  0.00000000e+00  1.59342656e-04  1.20000000e+00 
 1.59442656e-04  1.20832909e+00  1.59442656e-04  6.88942245e-01  1.59442656e-04  1.21603610e-06  1.59442656e-04  2.73228864e-08  1.59442656e-04 -1.17680887e-07  1.59442656e-04  0.00000000e+00  1.59442656e-04  1.20000000e+00 
 1.59542656e-04  1.20583135e+00  1.59542656e-04  6.91367363e-01  1.59542656e-04  1.21150572e-06  1.59542656e-04 -2.66704887e-08  1.59542656e-04  6.68577753e-07  1.59542656e-04  0.00000000e+00  1.59542656e-04  1.20000000e+00 
 1.59642656e-04  1.20332076e+00  1.59642656e-04  6.89000204e-01  1.59642656e-04  1.21606798e-06  1.59642656e-04  2.60764037e-08  1.59642656e-04 -1.16797517e-07  1.59642656e-04  0.00000000e+00  1.59642656e-04  1.20000000e+00 
 1.59742656e-04  1.20082299e+00  1.59742656e-04  6.91309334e-01  1.59742656e-04  1.21147443e-06  1.59742656e-04 -2.55123457e-08  1.59742656e-04  6.67679427e-07  1.59742656e-04  0.00000000e+00  1.59742656e-04  1.20000000e+00 
 1.59842656e-04  1.19831251e+00  1.59842656e-04  6.89060443e-01  1.59842656e-04  1.21609865e-06  1.59842656e-04  2.50011895e-08  1.59842656e-04 -1.15901103e-07  1.59842656e-04  0.00000000e+00  1.59842656e-04  1.20000000e+00 
 1.59942656e-04  1.19581471e+00  1.59942656e-04  6.91249662e-01  1.59942656e-04  1.21144442e-06  1.59942656e-04 -2.45151248e-08  1.59942656e-04  6.66770301e-07  1.59942656e-04  0.00000000e+00  1.59942656e-04  1.20000000e+00 
 1.60042656e-04  1.19330436e+00  1.60042656e-04  6.89121724e-01  1.60042656e-04  1.21612798e-06  1.60042656e-04  2.40768665e-08  1.60042656e-04 -1.14996076e-07  1.60042656e-04  0.00000000e+00  1.60042656e-04  1.20000000e+00 
 1.60142656e-04  1.19080651e+00  1.60142656e-04  6.91189447e-01  1.60142656e-04  1.21141580e-06  1.60142656e-04 -2.36591373e-08  1.60142656e-04  6.65854773e-07  1.60142656e-04  0.00000000e+00  1.60142656e-04  1.20000000e+00 
 1.60242656e-04  1.18829629e+00  1.60242656e-04  6.89183026e-01  1.60242656e-04  1.21615587e-06  1.60242656e-04  2.32845155e-08  1.60242656e-04 -1.14086761e-07  1.60242656e-04  0.00000000e+00  1.60242656e-04  1.20000000e+00 
 1.60342656e-04  1.18579839e+00  1.60342656e-04  6.91129598e-01  1.60342656e-04  1.21138865e-06  1.60342656e-04 -2.29262765e-08  1.60342656e-04  6.64937083e-07  1.60342656e-04  0.00000000e+00  1.60342656e-04  1.20000000e+00 
 1.60442656e-04  1.18328830e+00  1.60442656e-04  6.89243516e-01  1.60442656e-04  1.21618224e-06  1.60442656e-04  2.26068819e-08  1.60442656e-04 -1.13177287e-07  1.60442656e-04  0.00000000e+00  1.60442656e-04  1.20000000e+00 
 1.60542656e-04  1.18079034e+00  1.60542656e-04  6.91070850e-01  1.60542656e-04  1.21136303e-06  1.60542656e-04 -2.23001529e-08  1.60542656e-04  6.64021236e-07  1.60542656e-04  0.00000000e+00  1.60542656e-04  1.20000000e+00 
 1.60642656e-04  1.17828040e+00  1.60642656e-04  6.89302527e-01  1.60642656e-04  1.21620708e-06  1.60642656e-04  2.20284531e-08  1.60642656e-04 -1.12271509e-07  1.60642656e-04  0.00000000e+00  1.60642656e-04  1.20000000e+00 
 1.60742656e-04  1.17578236e+00  1.60742656e-04  6.91013792e-01  1.60742656e-04  1.21133895e-06  1.60742656e-04 -2.17661250e-08  1.60742656e-04  6.63110939e-07  1.60742656e-04  0.00000000e+00  1.60742656e-04  1.20000000e+00 
 1.60842656e-04  1.17327257e+00  1.60842656e-04  6.89359536e-01  1.60842656e-04  1.21623035e-06  1.60842656e-04  2.15354493e-08  1.60842656e-04 -1.11372969e-07  1.60842656e-04  0.00000000e+00  1.60842656e-04  1.20000000e+00 
 1.60942656e-04  1.17077446e+00  1.60942656e-04  6.90958879e-01  1.60942656e-04  1.21131643e-06  1.60942656e-04 -2.13112545e-08  1.60942656e-04  6.62209566e-07  1.60942656e-04  0.00000000e+00  1.60942656e-04  1.20000000e+00 
 1.61042656e-04  1.16826483e+00  1.61042656e-04  6.89414146e-01  1.61042656e-04  1.21625208e-06  1.61042656e-04  2.11157524e-08  1.61042656e-04 -1.10484861e-07  1.61042656e-04  0.00000000e+00  1.61042656e-04  1.20000000e+00 
 1.61142656e-04  1.16576664e+00  1.61142656e-04  6.90906454e-01  1.61142656e-04  1.21129545e-06  1.61142656e-04 -2.09242159e-08  1.61142656e-04  6.61320135e-07  1.61142656e-04  0.00000000e+00  1.61142656e-04  1.20000000e+00 
 1.61242656e-04  1.16325716e+00  1.61242656e-04  6.89466068e-01  1.61242656e-04  1.21627228e-06  1.61242656e-04  2.07587990e-08  1.61242656e-04 -1.09610020e-07  1.61242656e-04  0.00000000e+00  1.61242656e-04  1.20000000e+00 
 1.61342656e-04  1.16075888e+00  1.61342656e-04  6.90856761e-01  1.61342656e-04  1.21127597e-06  1.61342656e-04 -2.05951748e-08  1.61342656e-04  6.60445295e-07  1.61342656e-04  0.00000000e+00  1.61342656e-04  1.20000000e+00 
 1.61442656e-04  1.15824957e+00  1.61442656e-04  6.89515110e-01  1.61442656e-04  1.21629100e-06  1.61442656e-04  2.04554498e-08  1.61442656e-04 -1.08750910e-07  1.61442656e-04  0.00000000e+00  1.61442656e-04  1.20000000e+00 
 1.61542656e-04  1.15575120e+00  1.61542656e-04  6.90809957e-01  1.61542656e-04  1.21125796e-06  1.61542656e-04 -2.03156524e-08  1.61542656e-04  6.59587330e-07  1.61542656e-04  0.00000000e+00  1.61542656e-04  1.20000000e+00 
 1.61642656e-04  1.15324205e+00  1.61642656e-04  6.89561157e-01  1.61642656e-04  1.21630828e-06  1.61642656e-04  2.01978498e-08  1.61642656e-04 -1.07909636e-07  1.61642656e-04  0.00000000e+00  1.61642656e-04  1.20000000e+00 
 1.61742656e-04  1.15074358e+00  1.61742656e-04  6.90766126e-01  1.61742656e-04  1.21124136e-06  1.61742656e-04 -2.00783825e-08  1.61742656e-04  6.58748168e-07  1.61742656e-04  0.00000000e+00  1.61742656e-04  1.20000000e+00 
 1.61842656e-04  1.14823461e+00  1.61842656e-04  6.89604165e-01  1.61842656e-04  1.21632417e-06  1.61842656e-04  1.99792857e-08  1.61842656e-04 -1.07087951e-07  1.61842656e-04  0.00000000e+00  1.61842656e-04  1.20000000e+00 
 1.61942656e-04  1.14573604e+00  1.61942656e-04  6.90725289e-01  1.61942656e-04  1.21122611e-06  1.61942656e-04 -1.98771708e-08  1.61942656e-04  6.57929387e-07  1.61942656e-04  0.00000000e+00  1.61942656e-04  1.20000000e+00 
 1.62042656e-04  1.14322723e+00  1.62042656e-04  6.89644148e-01  1.62042656e-04  1.21633874e-06  1.62042656e-04  1.97940469e-08  1.62042656e-04 -1.06287271e-07  1.62042656e-04  0.00000000e+00  1.62042656e-04  1.20000000e+00 
 1.62142656e-04  1.14072857e+00  1.62142656e-04  6.90687415e-01  1.62142656e-04  1.21121215e-06  1.62142656e-04 -1.97067589e-08  1.62142656e-04  6.57132243e-07  1.62142656e-04  0.00000000e+00  1.62142656e-04  1.20000000e+00 
 1.62242656e-04  1.13821993e+00  1.62242656e-04  6.89681165e-01  1.62242656e-04  1.21635207e-06  1.62242656e-04  1.96372948e-08  1.62242656e-04 -1.05508699e-07  1.62242656e-04  0.00000000e+00  1.62242656e-04  1.20000000e+00 
 1.62342656e-04  1.13572117e+00  1.62342656e-04  6.90652431e-01  1.62342656e-04  1.21119941e-06  1.62342656e-04 -1.95626988e-08  1.62342656e-04  6.56357685e-07  1.62342656e-04  0.00000000e+00  1.62342656e-04  1.20000000e+00 
 1.62442656e-04  1.13321269e+00  1.62442656e-04  6.89715314e-01  1.62442656e-04  1.21636420e-06  1.62442656e-04  1.95049415e-08  1.62442656e-04 -1.04753046e-07  1.62442656e-04  0.00000000e+00  1.62442656e-04  1.20000000e+00 
 1.62542656e-04  1.13071383e+00  1.62542656e-04  6.90620229e-01  1.62542656e-04  1.21118782e-06  1.62542656e-04 -1.94412364e-08  1.62542656e-04  6.55606385e-07  1.62542656e-04  0.00000000e+00  1.62542656e-04  1.20000000e+00 
 1.62642656e-04  1.12820552e+00  1.62642656e-04  6.89746723e-01  1.62642656e-04  1.21637522e-06  1.62642656e-04  1.93935399e-08  1.62642656e-04 -1.04020853e-07  1.62642656e-04  0.00000000e+00  1.62642656e-04  1.20000000e+00 
 1.62742656e-04  1.12570657e+00  1.62742656e-04  6.90590679e-01  1.62742656e-04  1.21117732e-06  1.62742656e-04 -1.93392078e-08  1.62742656e-04  6.54878756e-07  1.62742656e-04  0.00000000e+00  1.62742656e-04  1.20000000e+00 
 1.62842656e-04  1.12319843e+00  1.62842656e-04  6.89775538e-01  1.62842656e-04  1.21638519e-06  1.62842656e-04  1.93001852e-08  1.62842656e-04 -1.03312424e-07  1.62842656e-04  0.00000000e+00  1.62842656e-04  1.20000000e+00 
 1.62942656e-04  1.12069937e+00  1.62942656e-04  6.90563628e-01  1.62942656e-04  1.21116783e-06  1.62942656e-04 -1.92539473e-08  1.62942656e-04  6.54174992e-07  1.62942656e-04  0.00000000e+00  1.62942656e-04  1.20000000e+00 
 1.63042656e-04  1.11819139e+00  1.63042656e-04  6.89801923e-01  1.63042656e-04  1.21639417e-06  1.63042656e-04  1.92224297e-08  1.63042656e-04 -1.02627850e-07  1.63042656e-04  0.00000000e+00  1.63042656e-04  1.20000000e+00 
 1.63142656e-04  1.11569225e+00  1.63142656e-04  6.90538916e-01  1.63142656e-04  1.21115929e-06  1.63142656e-04 -1.91832071e-08  1.63142656e-04  6.53495082e-07  1.63142656e-04  0.00000000e+00  1.63142656e-04  1.20000000e+00 
 1.63242656e-04  1.11318442e+00  1.63242656e-04  6.89826047e-01  1.63242656e-04  1.21640225e-06  1.63242656e-04  1.91582073e-08  1.63242656e-04 -1.01967036e-07  1.63242656e-04  0.00000000e+00  1.63242656e-04  1.20000000e+00 
 1.63342656e-04  1.11068519e+00  1.63342656e-04  6.90516375e-01  1.63342656e-04  1.21115163e-06  1.63342656e-04 -1.91250881e-08  1.63342656e-04  6.52838844e-07  1.63342656e-04  0.00000000e+00  1.63342656e-04  1.20000000e+00 
 1.63442656e-04  1.10817752e+00  1.63442656e-04  6.89848082e-01  1.63442656e-04  1.21640947e-06  1.63442656e-04  1.91057704e-08  1.63442656e-04 -1.01329726e-07  1.63442656e-04  0.00000000e+00  1.63442656e-04  1.20000000e+00 
 1.63542656e-04  1.10567820e+00  1.63542656e-04  6.90495837e-01  1.63542656e-04  1.21114480e-06  1.63542656e-04 -1.90779810e-08  1.63542656e-04  6.52205952e-07  1.63542656e-04  0.00000000e+00  1.63542656e-04  1.20000000e+00 
 1.63642656e-04  1.10317069e+00  1.63642656e-04  6.89868199e-01  1.63642656e-04  1.21641590e-06  1.63642656e-04  1.90636351e-08  1.63642656e-04 -1.00715532e-07  1.63642656e-04  0.00000000e+00  1.63642656e-04  1.20000000e+00 
 1.63742656e-04  1.10067128e+00  1.63742656e-04  6.90477136e-01  1.63742656e-04  1.21113874e-06  1.63742656e-04 -1.90405168e-08  1.63742656e-04  6.51595955e-07  1.63742656e-04  0.00000000e+00  1.63742656e-04  1.20000000e+00 
 1.63842656e-04  1.09816392e+00  1.63842656e-04  6.89886565e-01  1.63842656e-04  1.21642159e-06  1.63842656e-04  1.90305364e-08  1.63842656e-04 -1.00123955e-07  1.63842656e-04  0.00000000e+00  1.63842656e-04  1.20000000e+00 
 1.63942656e-04  1.09566442e+00  1.63942656e-04  6.90460113e-01  1.63942656e-04  1.21113338e-06  1.63942656e-04 -1.90115254e-08  1.63942656e-04  6.51008305e-07  1.63942656e-04  0.00000000e+00  1.63942656e-04  1.20000000e+00 
 1.64042656e-04  1.09315721e+00  1.64042656e-04  6.89903337e-01  1.64042656e-04  1.21642661e-06  1.64042656e-04  1.90053901e-08  1.64042656e-04 -9.95544081e-08  1.64042656e-04  0.00000000e+00  1.64042656e-04  1.20000000e+00 
 1.64142656e-04  1.09065764e+00  1.64142656e-04  6.90444616e-01  1.64142656e-04  1.21112868e-06  1.64142656e-04 -1.89900016e-08  1.64142656e-04  6.50442376e-07  1.64142656e-04  0.00000000e+00  1.64142656e-04  1.20000000e+00 
 1.64242656e-04  1.08815057e+00  1.64242656e-04  6.89918664e-01  1.64242656e-04  1.21643099e-06  1.64242656e-04  1.89872624e-08  1.64242656e-04 -9.90062349e-08  1.64242656e-04  0.00000000e+00  1.64242656e-04  1.20000000e+00 
 1.64342656e-04  1.08565092e+00  1.64342656e-04  6.90430504e-01  1.64342656e-04  1.21112458e-06  1.64342656e-04 -1.89750768e-08  1.64342656e-04  6.49897483e-07  1.64342656e-04  0.00000000e+00  1.64342656e-04  1.20000000e+00 
 1.64442656e-04  1.08314399e+00  1.64442656e-04  6.89932684e-01  1.64442656e-04  1.21643479e-06  1.64442656e-04  1.89753442e-08  1.64442656e-04 -9.84787302e-08  1.64442656e-04  0.00000000e+00  1.64442656e-04  1.20000000e+00 
 1.64542656e-04  1.08064427e+00  1.64542656e-04  6.90417645e-01  1.64542656e-04  1.21112106e-06  1.64542656e-04 -1.89659967e-08  1.64542656e-04  6.49372899e-07  1.64542656e-04  0.00000000e+00  1.64542656e-04  1.20000000e+00 
 1.64642656e-04  1.07813748e+00  1.64642656e-04  6.89945525e-01  1.64642656e-04  1.21643804e-06  1.64642656e-04  1.89689308e-08  1.64642656e-04 -9.79711536e-08  1.64642656e-04  0.00000000e+00  1.64642656e-04  1.20000000e+00 
 1.64742656e-04  1.07563768e+00  1.64742656e-04  6.90405919e-01  1.64742656e-04  1.21111805e-06  1.64742656e-04 -1.89621023e-08  1.64742656e-04  6.48867870e-07  1.64742656e-04  0.00000000e+00  1.64742656e-04  1.20000000e+00 
 1.64842656e-04  1.07313103e+00  1.64842656e-04  6.89957301e-01  1.64842656e-04  1.21644079e-06  1.64842656e-04  1.89674052e-08  1.64842656e-04 -9.74827445e-08  1.64842656e-04  0.00000000e+00  1.64842656e-04  1.20000000e+00 
 1.64942656e-04  1.07063117e+00  1.64942656e-04  6.90395217e-01  1.64942656e-04  1.21111553e-06  1.64942656e-04 -1.89628154e-08  1.64942656e-04  6.48381628e-07  1.64942656e-04  0.00000000e+00  1.64942656e-04  1.20000000e+00 
 1.65042656e-04  1.06812464e+00  1.65042656e-04  6.89968116e-01  1.65042656e-04  1.21644308e-06  1.65042656e-04  1.89702246e-08  1.65042656e-04 -9.70127321e-08  1.65042656e-04  0.00000000e+00  1.65042656e-04  1.20000000e+00 
 1.65142656e-04  1.06562472e+00  1.65142656e-04  6.90385440e-01  1.65142656e-04  1.21111346e-06  1.65142656e-04 -1.89676259e-08  1.65142656e-04  6.47913400e-07  1.65142656e-04  0.00000000e+00  1.65142656e-04  1.20000000e+00 
 1.65242656e-04  1.06311833e+00  1.65242656e-04  6.89978065e-01  1.65242656e-04  1.21644493e-06  1.65242656e-04  1.89769094e-08  1.65242656e-04 -9.65603471e-08  1.65242656e-04  0.00000000e+00  1.65242656e-04  1.20000000e+00 
 1.65342656e-04  1.06061835e+00  1.65342656e-04  6.90376500e-01  1.65342656e-04  1.21111181e-06  1.65342656e-04 -1.89760827e-08  1.65342656e-04  6.47462418e-07  1.65342656e-04  0.00000000e+00  1.65342656e-04  1.20000000e+00 
 1.65442656e-04  1.05811207e+00  1.65442656e-04  6.89987230e-01  1.65442656e-04  1.21644639e-06  1.65442656e-04  1.89870343e-08  1.65442656e-04 -9.61248275e-08  1.65442656e-04  0.00000000e+00  1.65442656e-04  1.20000000e+00 
 1.65542656e-04  1.05561204e+00  1.65542656e-04  6.90368316e-01  1.65542656e-04  1.21111053e-06  1.65542656e-04 -1.89877847e-08  1.65542656e-04  6.47027926e-07  1.65542656e-04  0.00000000e+00  1.65542656e-04  1.20000000e+00 
 1.65642656e-04  1.05310589e+00  1.65642656e-04  6.89995686e-01  1.65642656e-04  1.21644747e-06  1.65642656e-04  1.90002213e-08  1.65642656e-04 -9.57054279e-08  1.65642656e-04  0.00000000e+00  1.65642656e-04  1.20000000e+00 
 1.65742656e-04  1.05060580e+00  1.65742656e-04  6.90360817e-01  1.65742656e-04  1.21110963e-06  1.65742656e-04 -1.90023749e-08  1.65742656e-04  6.46609185e-07  1.65742656e-04  0.00000000e+00  1.65742656e-04  1.20000000e+00 
 1.65842656e-04  1.04809977e+00  1.65842656e-04  6.90003498e-01  1.65842656e-04  1.21644821e-06  1.65842656e-04  1.90161329e-08  1.65842656e-04 -9.53014196e-08  1.65842656e-04  0.00000000e+00  1.65842656e-04  1.20000000e+00 
 1.65942656e-04  1.04559963e+00  1.65942656e-04  6.90353941e-01  1.65942656e-04  1.21110905e-06  1.65942656e-04 -1.90195347e-08  1.65942656e-04  6.46205478e-07  1.65942656e-04  0.00000000e+00  1.65942656e-04  1.20000000e+00 
 1.66042656e-04  1.04309372e+00  1.66042656e-04  6.90010726e-01  1.66042656e-04  1.21644863e-06  1.66042656e-04  1.90344675e-08  1.66042656e-04 -9.49120986e-08  1.66042656e-04  0.00000000e+00  1.66042656e-04  1.20000000e+00 
 1.66142656e-04  1.04059353e+00  1.66142656e-04  6.90347628e-01  1.66142656e-04  1.21110878e-06  1.66142656e-04 -1.90389784e-08  1.66142656e-04  6.45816112e-07  1.66142656e-04  0.00000000e+00  1.66142656e-04  1.20000000e+00 
 1.66242656e-04  1.03808773e+00  1.66242656e-04  6.90017421e-01  1.66242656e-04  1.21644875e-06  1.66242656e-04  1.90549548e-08  1.66242656e-04 -9.45367870e-08  1.66242656e-04  0.00000000e+00  1.66242656e-04  1.20000000e+00 
 1.66342656e-04  1.03558751e+00  1.66342656e-04  6.90341828e-01  1.66342656e-04  1.21110880e-06  1.66342656e-04 -1.90604497e-08  1.66342656e-04  6.45440420e-07  1.66342656e-04  0.00000000e+00  1.66342656e-04  1.20000000e+00 
 1.66442656e-04  1.03308182e+00  1.66442656e-04  6.90023630e-01  1.66442656e-04  1.21644859e-06  1.66442656e-04  1.90773515e-08  1.66442656e-04 -9.41748322e-08  1.66442656e-04  0.00000000e+00  1.66442656e-04  1.20000000e+00 
 1.66542656e-04  1.03058155e+00  1.66542656e-04  6.90336493e-01  1.66542656e-04  1.21110908e-06  1.66542656e-04 -1.90837177e-08  1.66542656e-04  6.45077762e-07  1.66542656e-04  0.00000000e+00  1.66542656e-04  1.20000000e+00 
 1.66642656e-04  1.02807597e+00  1.66642656e-04  6.90029395e-01  1.66642656e-04  1.21644817e-06  1.66642656e-04  1.91014383e-08  1.66642656e-04 -9.38256098e-08  1.66642656e-04  0.00000000e+00  1.66642656e-04  1.20000000e+00 
 1.66742656e-04  1.02557567e+00  1.66742656e-04  6.90331581e-01  1.66742656e-04  1.21110962e-06  1.66742656e-04 -1.91085736e-08  1.66742656e-04  6.44727530e-07  1.66742656e-04  0.00000000e+00  1.66742656e-04  1.20000000e+00 
 1.66842656e-04  1.02307020e+00  1.66842656e-04  6.90034753e-01  1.66842656e-04  1.21644752e-06  1.66842656e-04  1.91270162e-08  1.66842656e-04 -9.34885250e-08  1.66842656e-04  0.00000000e+00  1.66842656e-04  1.20000000e+00 
 1.66942656e-04  1.02056986e+00  1.66942656e-04  6.90327051e-01  1.66942656e-04  1.21111039e-06  1.66942656e-04 -1.91348280e-08  1.66942656e-04  6.44389138e-07  1.66942656e-04  0.00000000e+00  1.66942656e-04  1.20000000e+00 
 1.67042656e-04  1.01806480e+00  1.67042656e-04  6.90039072e-01  1.67042656e-04  1.21644664e-06  1.67042656e-04  1.91544475e-08  1.67042656e-04 -9.32116029e-08  1.67042656e-04  0.00000000e+00  1.67042656e-04  1.20000000e+00 
 1.67142656e-04  1.01556449e+00  1.67142656e-04  6.90324037e-01  1.67142656e-04  1.21111136e-06  1.67142656e-04 -1.91632309e-08  1.67142656e-04  6.44072636e-07  1.67142656e-04  0.00000000e+00  1.67142656e-04  1.20000000e+00 
 1.67242656e-04  1.01305898e+00  1.67242656e-04  6.90045089e-01  1.67242656e-04  1.21644557e-06  1.67242656e-04  1.91825082e-08  1.67242656e-04 -9.28517228e-08  1.67242656e-04  0.00000000e+00  1.67242656e-04  1.20000000e+00 
 1.67342656e-04  1.01055860e+00  1.67342656e-04  6.90318416e-01  1.67342656e-04  1.21111254e-06  1.67342656e-04 -1.91910886e-08  1.67342656e-04  6.43748777e-07  1.67342656e-04  0.00000000e+00  1.67342656e-04  1.20000000e+00 
 1.67442656e-04  1.00805371e+00  1.67442656e-04  6.90048596e-01  1.67442656e-04  1.21644429e-06  1.67442656e-04  1.92113939e-08  1.67442656e-04 -9.25916918e-08  1.67442656e-04  0.00000000e+00  1.67442656e-04  1.20000000e+00 
 1.67542656e-04  1.00555334e+00  1.67542656e-04  6.90316048e-01  1.67542656e-04  1.21111390e-06  1.67542656e-04 -1.92208594e-08  1.67542656e-04  6.43452079e-07  1.67542656e-04  0.00000000e+00  1.67542656e-04  1.20000000e+00 
 1.67642656e-04  1.00304836e+00  1.67642656e-04  6.90053028e-01  1.67642656e-04  1.21644284e-06  1.67642656e-04  1.92413521e-08  1.67642656e-04 -9.23028222e-08  1.67642656e-04  0.00000000e+00  1.67642656e-04  1.20000000e+00 
 1.67742656e-04  1.00054792e+00  1.67742656e-04  6.90312556e-01  1.67742656e-04  1.21111544e-06  1.67742656e-04 -1.92510323e-08  1.67742656e-04  6.43166175e-07  1.67742656e-04  0.00000000e+00  1.67742656e-04  1.20000000e+00 
 1.67842656e-04  9.98043033e-01  1.67842656e-04  6.90056884e-01  1.67842656e-04  1.21644122e-06  1.67842656e-04  1.92717801e-08  1.67842656e-04 -9.20269883e-08  1.67842656e-04  0.00000000e+00  1.67842656e-04  1.20000000e+00 
 1.67942656e-04  9.95542577e-01  1.67942656e-04  6.90309349e-01  1.67942656e-04  1.21111714e-06  1.67942656e-04 -1.92816920e-08  1.67942656e-04  6.42888724e-07  1.67942656e-04  0.00000000e+00  1.67942656e-04  1.20000000e+00 
 1.68042656e-04  9.93037780e-01  1.68042656e-04  6.90060484e-01  1.68042656e-04  1.21643944e-06  1.68042656e-04  1.93026524e-08  1.68042656e-04 -9.17591961e-08  1.68042656e-04  0.00000000e+00  1.68042656e-04  1.20000000e+00 
 1.68142656e-04  9.90537307e-01  1.68142656e-04  6.90306370e-01  1.68142656e-04  1.21111900e-06  1.68142656e-04 -1.93127513e-08  1.68142656e-04  6.42619209e-07  1.68142656e-04  0.00000000e+00  1.68142656e-04  1.20000000e+00 
 1.68242656e-04  9.88032597e-01  1.68242656e-04  6.90063846e-01  1.68242656e-04  1.21643752e-06  1.68242656e-04  1.93338839e-08  1.68242656e-04 -9.14992782e-08  1.68242656e-04  0.00000000e+00  1.68242656e-04  1.20000000e+00 
 1.68342656e-04  9.85532110e-01  1.68342656e-04  6.90303589e-01  1.68342656e-04  1.21112100e-06  1.68342656e-04 -1.93441308e-08  1.68342656e-04  6.42357323e-07  1.68342656e-04  0.00000000e+00  1.68342656e-04  1.20000000e+00 
 1.68442656e-04  9.83027486e-01  1.68442656e-04  6.90066997e-01  1.68442656e-04  1.21643545e-06  1.68442656e-04  1.93653973e-08  1.68442656e-04 -9.12469160e-08  1.68442656e-04  0.00000000e+00  1.68442656e-04  1.20000000e+00 
 1.68542656e-04  9.80526986e-01  1.68542656e-04  6.90300977e-01  1.68542656e-04  1.21112313e-06  1.68542656e-04 -1.93757540e-08  1.68542656e-04  6.42102755e-07  1.68542656e-04  0.00000000e+00  1.68542656e-04  1.20000000e+00 
 1.68642656e-04  9.78022446e-01  1.68642656e-04  6.90069966e-01  1.68642656e-04  1.21643325e-06  1.68642656e-04  1.93971160e-08  1.68642656e-04 -9.10018054e-08  1.68642656e-04  0.00000000e+00  1.68642656e-04  1.20000000e+00 
 1.68742656e-04  9.75521935e-01  1.68742656e-04  6.90298504e-01  1.68742656e-04  1.21112539e-06  1.68742656e-04 -1.94075438e-08  1.68742656e-04  6.41855212e-07  1.68742656e-04  0.00000000e+00  1.68742656e-04  1.20000000e+00 
 1.68842656e-04  9.73017478e-01  1.68842656e-04  6.90072776e-01  1.68842656e-04  1.21643094e-06  1.68842656e-04  1.94289622e-08  1.68842656e-04 -9.07636539e-08  1.68842656e-04  0.00000000e+00  1.68842656e-04  1.20000000e+00 
 1.68942656e-04  9.70516958e-01  1.68942656e-04  6.90296146e-01  1.68942656e-04  1.21112777e-06  1.68942656e-04 -1.94394217e-08  1.68942656e-04  6.41614406e-07  1.68942656e-04  0.00000000e+00  1.68942656e-04  1.20000000e+00 
 1.69042656e-04  9.68012583e-01  1.69042656e-04  6.90075452e-01  1.69042656e-04  1.21642850e-06  1.69042656e-04  1.94608566e-08  1.69042656e-04 -9.05321814e-08  1.69042656e-04  0.00000000e+00  1.69042656e-04  1.20000000e+00 
 1.69142656e-04  9.65512054e-01  1.69142656e-04  6.90293878e-01  1.69142656e-04  1.21113025e-06  1.69142656e-04 -1.94713074e-08  1.69142656e-04  6.41380066e-07  1.69142656e-04  0.00000000e+00  1.69142656e-04  1.20000000e+00 
 1.69242656e-04  9.63007759e-01  1.69242656e-04  6.90078014e-01  1.69242656e-04  1.21642597e-06  1.69242656e-04  1.94927181e-08  1.69242656e-04 -9.03071203e-08  1.69242656e-04  0.00000000e+00  1.69242656e-04  1.20000000e+00 
 1.69342656e-04  9.60507223e-01  1.69342656e-04  6.90291682e-01  1.69342656e-04  1.21113284e-06  1.69342656e-04 -1.95031194e-08  1.69342656e-04  6.41151930e-07  1.69342656e-04  0.00000000e+00  1.69342656e-04  1.20000000e+00 
 1.69442656e-04  9.58003007e-01  1.69442656e-04  6.90080480e-01  1.69442656e-04  1.21642333e-06  1.69442656e-04  1.95244651e-08  1.69442656e-04 -9.00882188e-08  1.69442656e-04  0.00000000e+00  1.69442656e-04  1.20000000e+00 
 1.69542656e-04  9.55502465e-01  1.69542656e-04  6.90289539e-01  1.69542656e-04  1.21113553e-06  1.69542656e-04 -1.95347761e-08  1.69542656e-04  6.40929754e-07  1.69542656e-04  0.00000000e+00  1.69542656e-04  1.20000000e+00 
 1.69642656e-04  9.52998324e-01  1.69642656e-04  6.90082865e-01  1.69642656e-04  1.21642060e-06  1.69642656e-04  1.95560161e-08  1.69642656e-04 -8.98752385e-08  1.69642656e-04  0.00000000e+00  1.69642656e-04  1.20000000e+00 
 1.69742656e-04  9.50497777e-01  1.69742656e-04  6.90287437e-01  1.69742656e-04  1.21113831e-06  1.69742656e-04 -1.95661970e-08  1.69742656e-04  6.40713305e-07  1.69742656e-04  0.00000000e+00  1.69742656e-04  1.20000000e+00 
 1.69842656e-04  9.47993712e-01  1.69842656e-04  6.90085183e-01  1.69842656e-04  1.21641777e-06  1.69842656e-04  1.95872921e-08  1.69842656e-04 -8.96679565e-08  1.69842656e-04  0.00000000e+00  1.69842656e-04  1.20000000e+00 
 1.69942656e-04  9.45493159e-01  1.69942656e-04  6.90285365e-01  1.69942656e-04  1.21114118e-06  1.69942656e-04 -1.95973045e-08  1.69942656e-04  6.40502364e-07  1.69942656e-04  0.00000000e+00  1.69942656e-04  1.20000000e+00 
 1.70042656e-04  9.42989167e-01  1.70042656e-04  6.90087443e-01  1.70042656e-04  1.21641486e-06  1.70042656e-04  1.96182173e-08  1.70042656e-04 -8.94661681e-08  1.70042656e-04  0.00000000e+00  1.70042656e-04  1.20000000e+00 
 1.70142656e-04  9.40488609e-01  1.70142656e-04  6.90283315e-01  1.70142656e-04  1.21114413e-06  1.70142656e-04 -1.96280255e-08  1.70142656e-04  6.40296730e-07  1.70142656e-04  0.00000000e+00  1.70142656e-04  1.20000000e+00 
 1.70242656e-04  9.37984689e-01  1.70242656e-04  6.90089653e-01  1.70242656e-04  1.21641186e-06  1.70242656e-04  1.96487213e-08  1.70242656e-04 -8.92696845e-08  1.70242656e-04  0.00000000e+00  1.70242656e-04  1.20000000e+00 
 1.70342656e-04  9.35484126e-01  1.70342656e-04  6.90281282e-01  1.70342656e-04  1.21114717e-06  1.70342656e-04 -1.96582923e-08  1.70342656e-04  6.40096213e-07  1.70342656e-04  0.00000000e+00  1.70342656e-04  1.20000000e+00 
 1.70442656e-04  9.32980276e-01  1.70442656e-04  6.90091819e-01  1.70442656e-04  1.21640879e-06  1.70442656e-04  1.96787401e-08  1.70442656e-04 -8.90783358e-08  1.70442656e-04  0.00000000e+00  1.70442656e-04  1.20000000e+00 
 1.70542656e-04  9.30479709e-01  1.70542656e-04  6.90279264e-01  1.70542656e-04  1.21115028e-06  1.70542656e-04 -1.96880451e-08  1.70542656e-04  6.39900643e-07  1.70542656e-04  0.00000000e+00  1.70542656e-04  1.20000000e+00 
 1.70642656e-04  9.27975926e-01  1.70642656e-04  6.90093943e-01  1.70642656e-04  1.21640564e-06  1.70642656e-04  1.97082179e-08  1.70642656e-04 -8.88919726e-08  1.70642656e-04  0.00000000e+00  1.70642656e-04  1.20000000e+00 
 1.70742656e-04  9.25475355e-01  1.70742656e-04  6.90277261e-01  1.70742656e-04  1.21115347e-06  1.70742656e-04 -1.97172323e-08  1.70742656e-04  6.39709862e-07  1.70742656e-04  0.00000000e+00  1.70742656e-04  1.20000000e+00 
 1.70842656e-04  9.22971640e-01  1.70842656e-04  6.90096026e-01  1.70842656e-04  1.21640241e-06  1.70842656e-04  1.97371076e-08  1.70842656e-04 -8.87104657e-08  1.70842656e-04  0.00000000e+00  1.70842656e-04  1.20000000e+00 
 1.70942656e-04  9.20471064e-01  1.70942656e-04  6.90275273e-01  1.70942656e-04  1.21115673e-06  1.70942656e-04 -1.97458118e-08  1.70942656e-04  6.39523729e-07  1.70942656e-04  0.00000000e+00  1.70942656e-04  1.20000000e+00 
 1.71042656e-04  9.17967415e-01  1.71042656e-04  6.90098069e-01  1.71042656e-04  1.21639912e-06  1.71042656e-04  1.97653724e-08  1.71042656e-04 -8.85337085e-08  1.71042656e-04  0.00000000e+00  1.71042656e-04  1.20000000e+00 
 1.71142656e-04  9.15466836e-01  1.71142656e-04  6.90273305e-01  1.71142656e-04  1.21116006e-06  1.71142656e-04 -1.97737519e-08  1.71142656e-04  6.39342120e-07  1.71142656e-04  0.00000000e+00  1.71142656e-04  1.20000000e+00 
 1.71242656e-04  9.12963251e-01  1.71242656e-04  6.90100068e-01  1.71242656e-04  1.21639576e-06  1.71242656e-04  1.97929855e-08  1.71242656e-04 -8.83616186e-08  1.71242656e-04  0.00000000e+00  1.71242656e-04  1.20000000e+00 
 1.71342656e-04  9.10462669e-01  1.71342656e-04  6.90271361e-01  1.71342656e-04  1.21116345e-06  1.71342656e-04 -1.98010308e-08  1.71342656e-04  6.39164922e-07  1.71342656e-04  0.00000000e+00  1.71342656e-04  1.20000000e+00 
 1.71442656e-04  9.07959149e-01  1.71442656e-04  6.90102021e-01  1.71442656e-04  1.21639233e-06  1.71442656e-04  1.98199307e-08  1.71442656e-04 -8.81941411e-08  1.71442656e-04  0.00000000e+00  1.71442656e-04  1.20000000e+00 
 1.71542656e-04  9.05458565e-01  1.71542656e-04  6.90269445e-01  1.71542656e-04  1.21116691e-06  1.71542656e-04 -1.98276379e-08  1.71542656e-04  6.38992042e-07  1.71542656e-04  0.00000000e+00  1.71542656e-04  1.20000000e+00 
 1.71642656e-04  9.02955109e-01  1.71642656e-04  6.90103924e-01  1.71642656e-04  1.21638884e-06  1.71642656e-04  1.98462023e-08  1.71642656e-04 -8.80312500e-08  1.71642656e-04  0.00000000e+00  1.71642656e-04  1.20000000e+00 
 1.71742656e-04  9.00454524e-01  1.71742656e-04  6.90267565e-01  1.71742656e-04  1.21117043e-06  1.71742656e-04 -1.98535724e-08  1.71742656e-04  6.38823402e-07  1.71742656e-04  0.00000000e+00  1.71742656e-04  1.20000000e+00 
 1.71842656e-04  8.97951133e-01  1.71842656e-04  6.90105773e-01  1.71842656e-04  1.21638529e-06  1.71842656e-04  1.98718046e-08  1.71842656e-04 -8.78729504e-08  1.71842656e-04  0.00000000e+00  1.71842656e-04  1.20000000e+00 
 1.71942656e-04  8.95450549e-01  1.71942656e-04  6.90265725e-01  1.71942656e-04  1.21117401e-06  1.71942656e-04 -1.98788434e-08  1.71942656e-04  6.38658938e-07  1.71942656e-04  0.00000000e+00  1.71942656e-04  1.20000000e+00 
 1.72042656e-04  8.92947225e-01  1.72042656e-04  6.90107563e-01  1.72042656e-04  1.21638168e-06  1.72042656e-04  1.98967512e-08  1.72042656e-04 -8.77192821e-08  1.72042656e-04  0.00000000e+00  1.72042656e-04  1.20000000e+00 
 1.72142656e-04  8.90446644e-01  1.72142656e-04  6.90263931e-01  1.72142656e-04  1.21117765e-06  1.72142656e-04 -1.99034687e-08  1.72142656e-04  6.38498603e-07  1.72142656e-04  0.00000000e+00  1.72142656e-04  1.20000000e+00 
 1.72242656e-04  8.87943389e-01  1.72242656e-04  6.90109289e-01  1.72242656e-04  1.21637802e-06  1.72242656e-04  1.99210642e-08  1.72242656e-04 -8.75703235e-08  1.72242656e-04  0.00000000e+00  1.72242656e-04  1.20000000e+00 
 1.72342656e-04  8.85442813e-01  1.72342656e-04  6.90262189e-01  1.72342656e-04  1.21118134e-06  1.72342656e-04 -1.99274745e-08  1.72342656e-04  6.38342365e-07  1.72342656e-04  0.00000000e+00  1.72342656e-04  1.20000000e+00 
 1.72442656e-04  8.82939631e-01  1.72442656e-04  6.90110947e-01  1.72442656e-04  1.21637430e-06  1.72442656e-04  1.99447732e-08  1.72442656e-04 -8.74261910e-08  1.72442656e-04  0.00000000e+00  1.72442656e-04  1.20000000e+00 
 1.72542656e-04  8.80439065e-01  1.72542656e-04  6.90260505e-01  1.72542656e-04  1.21118508e-06  1.72542656e-04 -1.99508935e-08  1.72542656e-04  6.38190207e-07  1.72542656e-04  0.00000000e+00  1.72542656e-04  1.20000000e+00 
 1.72642656e-04  8.77935960e-01  1.72642656e-04  6.90112533e-01  1.72642656e-04  1.21637054e-06  1.72642656e-04  1.99679141e-08  1.72642656e-04 -8.72870408e-08  1.72642656e-04  0.00000000e+00  1.72642656e-04  1.20000000e+00 
 1.72742656e-04  8.75435408e-01  1.72742656e-04  6.90258883e-01  1.72742656e-04  1.21118886e-06  1.72742656e-04 -1.99737645e-08  1.72742656e-04  6.38042123e-07  1.72742656e-04  0.00000000e+00  1.72742656e-04  1.20000000e+00 
 1.72842656e-04  8.72932387e-01  1.72842656e-04  6.90114043e-01  1.72842656e-04  1.21636672e-06  1.72842656e-04  1.99905280e-08  1.72842656e-04 -8.71530714e-08  1.72842656e-04  0.00000000e+00  1.72842656e-04  1.20000000e+00 
 1.72942656e-04  8.70431855e-01  1.72942656e-04  6.90257327e-01  1.72942656e-04  1.21119270e-06  1.72942656e-04 -1.99961307e-08  1.72942656e-04  6.37898122e-07  1.72942656e-04  0.00000000e+00  1.72942656e-04  1.20000000e+00 
 1.73042656e-04  8.67928924e-01  1.73042656e-04  6.90115474e-01  1.73042656e-04  1.21636287e-06  1.73042656e-04  2.00126599e-08  1.73042656e-04 -8.70245174e-08  1.73042656e-04  0.00000000e+00  1.73042656e-04  1.20000000e+00 
 1.73142656e-04  8.65428419e-01  1.73142656e-04  6.90255842e-01  1.73142656e-04  1.21119657e-06  1.73142656e-04 -2.00180384e-08  1.73142656e-04  6.37758221e-07  1.73142656e-04  0.00000000e+00  1.73142656e-04  1.20000000e+00 
 1.73242656e-04  8.62925588e-01  1.73242656e-04  6.90116823e-01  1.73242656e-04  1.21635898e-06  1.73242656e-04  2.00343574e-08  1.73242656e-04 -8.69016514e-08  1.73242656e-04  0.00000000e+00  1.73242656e-04  1.20000000e+00 
 1.73342656e-04  8.60425118e-01  1.73342656e-04  6.90254431e-01  1.73342656e-04  1.21120048e-06  1.73342656e-04 -2.00395365e-08  1.73342656e-04  6.37622444e-07  1.73342656e-04  0.00000000e+00  1.73342656e-04  1.20000000e+00 
 1.73442656e-04  8.57922397e-01  1.73442656e-04  6.90118089e-01  1.73442656e-04  1.21635505e-06  1.73442656e-04  2.00556700e-08  1.73442656e-04 -8.67847783e-08  1.73442656e-04  0.00000000e+00  1.73442656e-04  1.20000000e+00 
 1.73542656e-04  8.55421974e-01  1.73542656e-04  6.90253097e-01  1.73542656e-04  1.21120443e-06  1.73542656e-04 -2.00606745e-08  1.73542656e-04  6.37490818e-07  1.73542656e-04  0.00000000e+00  1.73542656e-04  1.20000000e+00 
 1.73642656e-04  8.52919376e-01  1.73642656e-04  6.90119269e-01  1.73642656e-04  1.21635108e-06  1.73642656e-04  2.00766472e-08  1.73642656e-04 -8.66742292e-08  1.73642656e-04  0.00000000e+00  1.73642656e-04  1.20000000e+00 
 1.73742656e-04  8.50419011e-01  1.73742656e-04  6.90251840e-01  1.73742656e-04  1.21120841e-06  1.73742656e-04 -2.00815018e-08  1.73742656e-04  6.37363374e-07  1.73742656e-04  0.00000000e+00  1.73742656e-04  1.20000000e+00 
 1.73842656e-04  8.47916549e-01  1.73842656e-04  6.90120364e-01  1.73842656e-04  1.21634709e-06  1.73842656e-04  2.00973380e-08  1.73842656e-04 -8.65703580e-08  1.73842656e-04  0.00000000e+00  1.73842656e-04  1.20000000e+00 
 1.73942656e-04  8.45416256e-01  1.73942656e-04  6.90250663e-01  1.73942656e-04  1.21121242e-06  1.73942656e-04 -2.01020667e-08  1.73942656e-04  6.37240139e-07  1.73942656e-04  0.00000000e+00  1.73942656e-04  1.20000000e+00 
 1.74042656e-04  8.42913948e-01  1.74042656e-04  6.90121372e-01  1.74042656e-04  1.21634306e-06  1.74042656e-04  2.01177898e-08  1.74042656e-04 -8.64735356e-08  1.74042656e-04  0.00000000e+00  1.74042656e-04  1.20000000e+00 
 1.74142656e-04  8.40413741e-01  1.74142656e-04  6.90249566e-01  1.74142656e-04  1.21121645e-06  1.74142656e-04 -2.01224155e-08  1.74142656e-04  6.37121140e-07  1.74142656e-04  0.00000000e+00  1.74142656e-04  1.20000000e+00 
 1.74242656e-04  8.37911605e-01  1.74242656e-04  6.90122295e-01  1.74242656e-04  1.21633902e-06  1.74242656e-04  2.01380477e-08  1.74242656e-04 -8.63841393e-08  1.74242656e-04  0.00000000e+00  1.74242656e-04  1.20000000e+00 
 1.74342656e-04  8.35411503e-01  1.74342656e-04  6.90248550e-01  1.74342656e-04  1.21122051e-06  1.74342656e-04 -2.01425918e-08  1.74342656e-04  6.37006397e-07  1.74342656e-04  0.00000000e+00  1.74342656e-04  1.20000000e+00 
 1.74442656e-04  8.32909558e-01  1.74442656e-04  6.90123133e-01  1.74442656e-04  1.21633495e-06  1.74442656e-04  2.01581536e-08  1.74442656e-04 -8.63025476e-08  1.74442656e-04  0.00000000e+00  1.74442656e-04  1.20000000e+00 
 1.74542656e-04  8.30409581e-01  1.74542656e-04  6.90247613e-01  1.74542656e-04  1.21122458e-06  1.74542656e-04 -2.01626360e-08  1.74542656e-04  6.36895929e-07  1.74542656e-04  0.00000000e+00  1.74542656e-04  1.20000000e+00 
 1.74642656e-04  8.27907849e-01  1.74642656e-04  6.90123889e-01  1.74642656e-04  1.21633087e-06  1.74642656e-04  2.01781461e-08  1.74642656e-04 -8.62291266e-08  1.74642656e-04  0.00000000e+00  1.74642656e-04  1.20000000e+00 
 1.74742656e-04  8.25408017e-01  1.74742656e-04  6.90246756e-01  1.74742656e-04  1.21122868e-06  1.74742656e-04 -2.01825846e-08  1.74742656e-04  6.36789744e-07  1.74742656e-04  0.00000000e+00  1.74742656e-04  1.20000000e+00 
 1.74842656e-04  8.22906522e-01  1.74842656e-04  6.90124563e-01  1.74842656e-04  1.21632677e-06  1.74842656e-04  2.01980595e-08  1.74842656e-04 -8.61642176e-08  1.74842656e-04  0.00000000e+00  1.74842656e-04  1.20000000e+00 
 1.74921333e-04  8.20940028e-01  1.74921333e-04  6.90245883e-01  1.74921333e-04  1.21123334e-06  1.74921333e-04 -2.02051585e-08  1.74921333e-04  6.36679230e-07  1.74921333e-04  0.00000000e+00  1.74921333e-04  1.20000000e+00 
 1.75000010e-04  8.18971928e-01  1.75000010e-04  6.90125393e-01  1.75000010e-04  1.21632154e-06  1.75000010e-04  2.02232843e-08  1.75000010e-04 -8.60823416e-08  1.75000010e-04  0.00000000e+00  1.75000010e-04  1.20000000e+00 
 1.75000011e-04  8.18962238e-01  1.75000011e-04  6.88700427e-01  1.75000011e-04  1.55998185e-06  1.75000011e-04  2.02930427e-06  1.75000011e-04 -6.28695192e-05  1.75000011e-04  0.00000000e+00  1.75000011e-04  1.08000000e+00 
 1.75000013e-04  8.18947295e-01  1.75000013e-04  6.86690421e-01  1.75000013e-04  1.37374483e-06  1.75000013e-04  8.67470518e-07  1.75000013e-04 -2.90940647e-05  1.75000013e-04  0.00000000e+00  1.75000013e-04  8.40000000e-01 
 1.75000016e-04  8.18922749e-01  1.75000016e-04  6.83550384e-01  1.75000016e-04  1.50982450e-06  1.75000016e-04  1.74725741e-06  1.75000016e-04 -5.71727089e-05  1.75000016e-04  0.00000000e+00  1.75000016e-04  4.20000001e-01 
 1.75000020e-04  8.18899177e-01  1.75000020e-04  6.80553416e-01  1.75000020e-04  1.36394094e-06  1.75000020e-04  7.91466782e-07  1.75000020e-04 -2.78189540e-05  1.75000020e-04  0.00000000e+00  1.75000020e-04  3.16866000e-09 
 1.75000021e-04  8.18898967e-01  1.75000021e-04  6.80598784e-01  1.75000021e-04  1.21697488e-06  1.75000021e-04 -8.53282801e-09  1.75000021e-04 -2.09724837e-06  1.75000021e-04  0.00000000e+00  1.75000021e-04  0.00000000e+00 
 1.75000022e-04  8.18898960e-01  1.75000022e-04  6.80725947e-01  1.75000022e-04  1.19524762e-06  1.75000022e-04 -9.36268964e-08  1.75000022e-04  1.88495170e-06  1.75000022e-04  0.00000000e+00  1.75000022e-04  0.00000000e+00 
 1.75000025e-04  8.18899010e-01  1.75000025e-04  6.80889051e-01  1.75000025e-04  1.22995181e-06  1.75000025e-04  7.49053690e-08  1.75000025e-04 -1.71241133e-06  1.75000025e-04  0.00000000e+00  1.75000025e-04  0.00000000e+00 
 1.75000030e-04  8.18899030e-01  1.75000030e-04  6.81033248e-01  1.75000030e-04  1.21017168e-06  1.75000030e-04 -1.22335899e-08  1.75000030e-04  1.74682777e-06  1.75000030e-04  0.00000000e+00  1.75000030e-04  0.00000000e+00 
 1.75000042e-04  8.18899122e-01  1.75000042e-04  6.81158762e-01  1.75000042e-04  1.23358109e-06  1.75000042e-04  1.00465657e-07  1.75000042e-04 -1.61969865e-06  1.75000042e-04  0.00000000e+00  1.75000042e-04  0.00000000e+00 
 1.75000064e-04  8.18899238e-01  1.75000064e-04  6.81339705e-01  1.75000064e-04  1.20695304e-06  1.75000064e-04 -2.38642525e-08  1.75000064e-04  1.71263357e-06  1.75000064e-04  0.00000000e+00  1.75000064e-04  0.00000000e+00 
 1.75000109e-04  8.18899518e-01  1.75000109e-04  6.81627337e-01  1.75000109e-04  1.22756358e-06  1.75000109e-04  8.23077448e-08  1.75000109e-04 -1.59506107e-06  1.75000109e-04  0.00000000e+00  1.75000109e-04  0.00000000e+00 
 1.75000198e-04  8.18899973e-01  1.75000198e-04  6.82002861e-01  1.75000198e-04  1.20139953e-06  1.75000198e-04 -3.38186647e-08  1.75000198e-04  1.71124698e-06  1.75000198e-04  0.00000000e+00  1.75000198e-04  0.00000000e+00 
 1.75000378e-04  8.18900812e-01  1.75000378e-04  6.82488025e-01  1.75000378e-04  1.22438537e-06  1.75000378e-04  7.95288968e-08  1.75000378e-04 -1.57930543e-06  1.75000378e-04  0.00000000e+00  1.75000378e-04  0.00000000e+00 
 1.75000736e-04  8.18902076e-01  1.75000736e-04  6.83051886e-01  1.75000736e-04  1.20127911e-06  1.75000736e-04 -3.68251949e-08  1.75000736e-04  1.72115776e-06  1.75000736e-04  0.00000000e+00  1.75000736e-04  0.00000000e+00 
 1.75001453e-04  8.18903984e-01  1.75001453e-04  6.83321277e-01  1.75001453e-04  1.22549088e-06  1.75001453e-04  7.24241770e-08  1.75001453e-04 -1.58503005e-06  1.75001453e-04  0.00000000e+00  1.75001453e-04  0.00000000e+00 
 1.75002886e-04  8.18907138e-01  1.75002886e-04  6.82297007e-01  1.75002886e-04  1.20246900e-06  1.75002886e-04 -4.46196999e-08  1.75002886e-04  1.66132162e-06  1.75002886e-04  0.00000000e+00  1.75002886e-04  0.00000000e+00 
 1.75005754e-04  8.18913401e-01  1.75005754e-04  6.80422331e-01  1.75005754e-04  1.22538394e-06  1.75005754e-04  6.34425471e-08  1.75005754e-04 -1.61868249e-06  1.75005754e-04  0.00000000e+00  1.75005754e-04  0.00000000e+00 
 1.75011488e-04  8.18924349e-01  1.75011488e-04  6.79339846e-01  1.75011488e-04  1.20208603e-06  1.75011488e-04 -5.52380280e-08  1.75011488e-04  1.64995160e-06  1.75011488e-04  0.00000000e+00  1.75011488e-04  0.00000000e+00 
 1.75022957e-04  8.18940050e-01  1.75022957e-04  6.81599108e-01  1.75022957e-04  1.22530361e-06  1.75022957e-04  5.28285436e-08  1.75022957e-04 -1.62812877e-06  1.75022957e-04  0.00000000e+00  1.75022957e-04  0.00000000e+00 
 1.75045894e-04  8.18955428e-01  1.75045894e-04  6.91260760e-01  1.75045894e-04  1.20210850e-06  1.75045894e-04 -6.16786154e-08  1.75045894e-04  1.63244953e-06  1.75045894e-04  0.00000000e+00  1.75045894e-04  0.00000000e+00 
 1.75079526e-04  8.18961718e-01  1.75079526e-04  6.90057287e-01  1.75079526e-04  1.22551742e-06  1.75079526e-04  6.13092323e-08  1.75079526e-04 -1.63334636e-06  1.75079526e-04  0.00000000e+00  1.75079526e-04  0.00000000e+00 
 1.75116754e-04  8.18962501e-01  1.75116754e-04  6.89914442e-01  1.75116754e-04  1.20201878e-06  1.75116754e-04 -6.03666309e-08  1.75116754e-04  1.63407670e-06  1.75116754e-04  0.00000000e+00  1.75116754e-04  0.00000000e+00 
 1.75186949e-04  8.18962577e-01  1.75186949e-04  6.90553107e-01  1.75186949e-04  1.22554032e-06  1.75186949e-04  5.98204388e-08  1.75186949e-04 -1.63426765e-06  1.75186949e-04  0.00000000e+00  1.75186949e-04  0.00000000e+00 
 1.75286949e-04  8.18962076e-01  1.75286949e-04  6.89778098e-01  1.75286949e-04  1.20201849e-06  1.75286949e-04 -5.94371895e-08  1.75286949e-04  1.63449872e-06  1.75286949e-04  0.00000000e+00  1.75286949e-04  0.00000000e+00 
 1.75386949e-04  8.18961947e-01  1.75386949e-04  6.90621125e-01  1.75386949e-04  1.22553614e-06  1.75386949e-04  5.90808066e-08  1.75386949e-04 -1.63457293e-06  1.75386949e-04  0.00000000e+00  1.75386949e-04  0.00000000e+00 
 1.75486949e-04  8.18961478e-01  1.75486949e-04  6.89737284e-01  1.75486949e-04  1.20202523e-06  1.75486949e-04 -5.87326648e-08  1.75486949e-04  1.63477191e-06  1.75486949e-04  0.00000000e+00  1.75486949e-04  0.00000000e+00 
 1.75586949e-04  8.18961327e-01  1.75586949e-04  6.90641058e-01  1.75586949e-04  1.22552744e-06  1.75586949e-04  5.84172064e-08  1.75586949e-04 -1.63481846e-06  1.75586949e-04  0.00000000e+00  1.75586949e-04  0.00000000e+00 
 1.75686949e-04  8.18960879e-01  1.75686949e-04  6.89733347e-01  1.75686949e-04  1.20203531e-06  1.75686949e-04 -5.81135046e-08  1.75686949e-04  1.63499238e-06  1.75686949e-04  0.00000000e+00  1.75686949e-04  0.00000000e+00 
 1.75786949e-04  8.18960704e-01  1.75786949e-04  6.90633302e-01  1.75786949e-04  1.22551637e-06  1.75786949e-04  5.78438469e-08  1.75786949e-04 -1.63501724e-06  1.75786949e-04  0.00000000e+00  1.75786949e-04  0.00000000e+00 
 1.75886949e-04  8.18960284e-01  1.75886949e-04  6.89750209e-01  1.75886949e-04  1.20204702e-06  1.75886949e-04 -5.75860676e-08  1.75886949e-04  1.63517140e-06  1.75886949e-04  0.00000000e+00  1.75886949e-04  0.00000000e+00 
 1.75986949e-04  8.18960078e-01  1.75986949e-04  6.90610217e-01  1.75986949e-04  1.22550429e-06  1.75986949e-04  5.73614128e-08  1.75986949e-04 -1.63517889e-06  1.75986949e-04  0.00000000e+00  1.75986949e-04  0.00000000e+00 
 1.76086949e-04  8.18959691e-01  1.76086949e-04  6.89778139e-01  1.76086949e-04  1.20205926e-06  1.76086949e-04 -5.71470760e-08  1.76086949e-04  1.63531732e-06  1.76086949e-04  0.00000000e+00  1.76086949e-04  0.00000000e+00 
 1.76186949e-04  8.18959452e-01  1.76186949e-04  6.90579460e-01  1.76186949e-04  1.22549205e-06  1.76186949e-04  5.69638490e-08  1.76186949e-04 -1.63531090e-06  1.76186949e-04  0.00000000e+00  1.76186949e-04  0.00000000e+00 
 1.76286949e-04  8.18959098e-01  1.76286949e-04  6.89811124e-01  1.76286949e-04  1.20207136e-06  1.76286949e-04 -5.67886310e-08  1.76286949e-04  1.63543670e-06  1.76286949e-04  0.00000000e+00  1.76286949e-04  0.00000000e+00 
 1.76386949e-04  8.18958825e-01  1.76386949e-04  6.90545671e-01  1.76386949e-04  1.22548018e-06  1.76386949e-04  5.66420964e-08  1.76386949e-04 -1.63541905e-06  1.76386949e-04  0.00000000e+00  1.76386949e-04  0.00000000e+00 
 1.76486949e-04  8.18958505e-01  1.76486949e-04  6.89845548e-01  1.76486949e-04  1.20208295e-06  1.76486949e-04 -5.65010481e-08  1.76486949e-04  1.63553466e-06  1.76486949e-04  0.00000000e+00  1.76486949e-04  0.00000000e+00 
 1.76586949e-04  8.18958199e-01  1.76586949e-04  6.90511614e-01  1.76586949e-04  1.22546894e-06  1.76586949e-04  5.63862146e-08  1.76586949e-04 -1.63550791e-06  1.76586949e-04  0.00000000e+00  1.76586949e-04  0.00000000e+00 
 1.76686949e-04  8.18957911e-01  1.76686949e-04  6.89879298e-01  1.76686949e-04  1.20209381e-06  1.76686949e-04 -5.62744132e-08  1.76686949e-04  1.63561525e-06  1.76686949e-04  0.00000000e+00  1.76686949e-04  0.00000000e+00 
 1.76786949e-04  8.18957575e-01  1.76786949e-04  6.90478878e-01  1.76786949e-04  1.22545848e-06  1.76786949e-04  5.61865032e-08  1.76786949e-04 -1.63558108e-06  1.76786949e-04  0.00000000e+00  1.76786949e-04  0.00000000e+00 
 1.76886949e-04  8.18957314e-01  1.76886949e-04  6.89911192e-01  1.76886949e-04  1.20210386e-06  1.76886949e-04 -5.60993751e-08  1.76886949e-04  1.63568166e-06  1.76886949e-04  0.00000000e+00  1.76886949e-04  0.00000000e+00 
 1.76986949e-04  8.18956954e-01  1.76986949e-04  6.90448319e-01  1.76986949e-04  1.22544885e-06  1.76986949e-04  5.60340442e-08  1.76986949e-04 -1.63564141e-06  1.76986949e-04  0.00000000e+00  1.76986949e-04  0.00000000e+00 
 1.77086949e-04  8.18956715e-01  1.77086949e-04  6.89940631e-01  1.77086949e-04  1.20211307e-06  1.77086949e-04 -5.59675013e-08  1.77086949e-04  1.63573646e-06  1.77086949e-04  0.00000000e+00  1.77086949e-04  0.00000000e+00 
 1.77186949e-04  8.18956334e-01  1.77186949e-04  6.90420341e-01  1.77186949e-04  1.22544006e-06  1.77186949e-04  5.59209164e-08  1.77186949e-04 -1.63569121e-06  1.77186949e-04  0.00000000e+00  1.77186949e-04  0.00000000e+00 
 1.77286949e-04  8.18956114e-01  1.77286949e-04  6.89967370e-01  1.77286949e-04  1.20212146e-06  1.77286949e-04 -5.58713902e-08  1.77286949e-04  1.63578170e-06  1.77286949e-04  0.00000000e+00  1.77286949e-04  0.00000000e+00 
 1.77386949e-04  8.18955717e-01  1.77386949e-04  6.90395073e-01  1.77386949e-04  1.22543207e-06  1.77386949e-04  5.58402334e-08  1.77386949e-04 -1.63573231e-06  1.77386949e-04  0.00000000e+00  1.77386949e-04  0.00000000e+00 
 1.77486949e-04  8.18955511e-01  1.77486949e-04  6.89991380e-01  1.77486949e-04  1.20212907e-06  1.77486949e-04 -5.58046551e-08  1.77486949e-04  1.63581904e-06  1.77486949e-04  0.00000000e+00  1.77486949e-04  0.00000000e+00 
 1.77586949e-04  8.18955102e-01  1.77586949e-04  6.90372475e-01  1.77586949e-04  1.22542482e-06  1.77586949e-04  5.57860894e-08  1.77586949e-04 -1.63576623e-06  1.77586949e-04  0.00000000e+00  1.77586949e-04  0.00000000e+00 
 1.77686949e-04  8.18954905e-01  1.77686949e-04  6.90012759e-01  1.77686949e-04  1.20213596e-06  1.77686949e-04 -5.57618466e-08  1.77686949e-04  1.63584983e-06  1.77686949e-04  0.00000000e+00  1.77686949e-04  0.00000000e+00 
 1.77786949e-04  8.18954489e-01  1.77786949e-04  6.90352414e-01  1.77786949e-04  1.22541827e-06  1.77786949e-04  5.57534656e-08  1.77786949e-04 -1.63579418e-06  1.77786949e-04  0.00000000e+00  1.77786949e-04  0.00000000e+00 
 1.77886949e-04  8.18954298e-01  1.77886949e-04  6.90031674e-01  1.77886949e-04  1.20214219e-06  1.77886949e-04 -5.57383487e-08  1.77886949e-04  1.63587517e-06  1.77886949e-04  0.00000000e+00  1.77886949e-04  0.00000000e+00 
 1.77986949e-04  8.18953878e-01  1.77986949e-04  6.90334705e-01  1.77986949e-04  1.22541235e-06  1.77986949e-04  5.57381229e-08  1.77986949e-04 -1.63581714e-06  1.77986949e-04  0.00000000e+00  1.77986949e-04  0.00000000e+00 
 1.78086949e-04  8.18953689e-01  1.78086949e-04  6.90048326e-01  1.78086949e-04  1.20214782e-06  1.78086949e-04 -5.57302719e-08  1.78086949e-04  1.63589596e-06  1.78086949e-04  0.00000000e+00  1.78086949e-04  0.00000000e+00 
 1.78186949e-04  8.18953268e-01  1.78186949e-04  6.90319140e-01  1.78186949e-04  1.22540700e-06  1.78186949e-04  5.57364965e-08  1.78186949e-04 -1.63583594e-06  1.78186949e-04  0.00000000e+00  1.78186949e-04  0.00000000e+00 
 1.78286949e-04  8.18953079e-01  1.78286949e-04  6.90063168e-01  1.78286949e-04  1.20215286e-06  1.78286949e-04 -5.57344330e-08  1.78286949e-04  1.63591296e-06  1.78286949e-04  0.00000000e+00  1.78286949e-04  0.00000000e+00 
 1.78386949e-04  8.18952660e-01  1.78386949e-04  6.90305768e-01  1.78386949e-04  1.22540215e-06  1.78386949e-04  5.57456542e-08  1.78386949e-04 -1.63585128e-06  1.78386949e-04  0.00000000e+00  1.78386949e-04  0.00000000e+00 
 1.78486949e-04  8.18952466e-01  1.78486949e-04  6.90075898e-01  1.78486949e-04  1.20215747e-06  1.78486949e-04 -5.57479054e-08  1.78486949e-04  1.63592673e-06  1.78486949e-04  0.00000000e+00  1.78486949e-04  0.00000000e+00 
 1.78586949e-04  8.18952052e-01  1.78586949e-04  6.90293799e-01  1.78586949e-04  1.22539777e-06  1.78586949e-04  5.57629690e-08  1.78586949e-04 -1.63586364e-06  1.78586949e-04  0.00000000e+00  1.78586949e-04  0.00000000e+00 
 1.78686949e-04  8.18951853e-01  1.78686949e-04  6.90087007e-01  1.78686949e-04  1.20216165e-06  1.78686949e-04 -5.57685384e-08  1.78686949e-04  1.63593780e-06  1.78686949e-04  0.00000000e+00  1.78686949e-04  0.00000000e+00 
 1.78786949e-04  8.18951445e-01  1.78786949e-04  6.90283369e-01  1.78786949e-04  1.22539380e-06  1.78786949e-04  5.57864512e-08  1.78786949e-04 -1.63587353e-06  1.78786949e-04  0.00000000e+00  1.78786949e-04  0.00000000e+00 
 1.78886949e-04  8.18951240e-01  1.78886949e-04  6.90096688e-01  1.78886949e-04  1.20216543e-06  1.78886949e-04 -5.57944355e-08  1.78886949e-04  1.63594661e-06  1.78886949e-04  0.00000000e+00  1.78886949e-04  0.00000000e+00 
 1.78986949e-04  8.18950839e-01  1.78986949e-04  6.90274290e-01  1.78986949e-04  1.22539019e-06  1.78986949e-04  5.58143757e-08  1.78986949e-04 -1.63588133e-06  1.78986949e-04  0.00000000e+00  1.78986949e-04  0.00000000e+00 
 1.79086949e-04  8.18950625e-01  1.79086949e-04  6.90105117e-01  1.79086949e-04  1.20216887e-06  1.79086949e-04 -5.58240293e-08  1.79086949e-04  1.63595348e-06  1.79086949e-04  0.00000000e+00  1.79086949e-04  0.00000000e+00 
 1.79186949e-04  8.18950234e-01  1.79186949e-04  6.90266391e-01  1.79186949e-04  1.22538691e-06  1.79186949e-04  5.58453206e-08  1.79186949e-04 -1.63588735e-06  1.79186949e-04  0.00000000e+00  1.79186949e-04  0.00000000e+00 
 1.79286949e-04  8.18950010e-01  1.79286949e-04  6.90112454e-01  1.79286949e-04  1.20217200e-06  1.79286949e-04 -5.58560320e-08  1.79286949e-04  1.63595872e-06  1.79286949e-04  0.00000000e+00  1.79286949e-04  0.00000000e+00 
 1.79386949e-04  8.18949629e-01  1.79386949e-04  6.90259517e-01  1.79386949e-04  1.22538393e-06  1.79386949e-04  5.58781215e-08  1.79386949e-04 -1.63589187e-06  1.79386949e-04  0.00000000e+00  1.79386949e-04  0.00000000e+00 
 1.79486949e-04  8.18949396e-01  1.79486949e-04  6.90118844e-01  1.79486949e-04  1.20217486e-06  1.79486949e-04 -5.58893931e-08  1.79486949e-04  1.63596257e-06  1.79486949e-04  0.00000000e+00  1.79486949e-04  0.00000000e+00 
 1.79586949e-04  8.18949024e-01  1.79586949e-04  6.90253530e-01  1.79586949e-04  1.22538119e-06  1.79586949e-04  5.59118326e-08  1.79586949e-04 -1.63589510e-06  1.79586949e-04  0.00000000e+00  1.79586949e-04  0.00000000e+00 
 1.79686949e-04  8.18948781e-01  1.79686949e-04  6.90124416e-01  1.79686949e-04  1.20217748e-06  1.79686949e-04 -5.59232632e-08  1.79686949e-04  1.63596523e-06  1.79686949e-04  0.00000000e+00  1.79686949e-04  0.00000000e+00 
 1.79786949e-04  8.18948419e-01  1.79786949e-04  6.90248308e-01  1.79786949e-04  1.22537869e-06  1.79786949e-04  5.59456938e-08  1.79786949e-04 -1.63589724e-06  1.79786949e-04  0.00000000e+00  1.79786949e-04  0.00000000e+00 
 1.79886949e-04  8.18948166e-01  1.79886949e-04  6.90129282e-01  1.79886949e-04  1.20217988e-06  1.79886949e-04 -5.59569644e-08  1.79886949e-04  1.63596688e-06  1.79886949e-04  0.00000000e+00  1.79886949e-04  0.00000000e+00 
 1.79986949e-04  8.18947814e-01  1.79986949e-04  6.90243742e-01  1.79986949e-04  1.22537638e-06  1.79986949e-04  5.59791028e-08  1.79986949e-04 -1.63589844e-06  1.79986949e-04  0.00000000e+00  1.79986949e-04  0.00000000e+00 
 1.80086949e-04  8.18947551e-01  1.80086949e-04  6.90133543e-01  1.80086949e-04  1.20218210e-06  1.80086949e-04 -5.59899638e-08  1.80086949e-04  1.63596766e-06  1.80086949e-04  0.00000000e+00  1.80086949e-04  0.00000000e+00 
 1.80186949e-04  8.18947209e-01  1.80186949e-04  6.90239739e-01  1.80186949e-04  1.22537426e-06  1.80186949e-04  5.60115908e-08  1.80186949e-04 -1.63589883e-06  1.80186949e-04  0.00000000e+00  1.80186949e-04  0.00000000e+00 
 1.80286949e-04  8.18946937e-01  1.80286949e-04  6.90137288e-01  1.80286949e-04  1.20218414e-06  1.80286949e-04 -5.60218517e-08  1.80286949e-04  1.63596770e-06  1.80286949e-04  0.00000000e+00  1.80286949e-04  0.00000000e+00 
 1.80386949e-04  8.18946603e-01  1.80386949e-04  6.90236216e-01  1.80386949e-04  1.22537229e-06  1.80386949e-04  5.60428023e-08  1.80386949e-04 -1.63589854e-06  1.80386949e-04  0.00000000e+00  1.80386949e-04  0.00000000e+00 
 1.80486949e-04  8.18946323e-01  1.80486949e-04  6.90140591e-01  1.80486949e-04  1.20218604e-06  1.80486949e-04 -5.60523220e-08  1.80486949e-04  1.63596710e-06  1.80486949e-04  0.00000000e+00  1.80486949e-04  0.00000000e+00 
 1.80586949e-04  8.18945998e-01  1.80586949e-04  6.90233101e-01  1.80586949e-04  1.22537047e-06  1.80586949e-04  5.60724767e-08  1.80586949e-04 -1.63589765e-06  1.80586949e-04  0.00000000e+00  1.80586949e-04  0.00000000e+00 
 1.80686949e-04  8.18945709e-01  1.80686949e-04  6.90143519e-01  1.80686949e-04  1.20218780e-06  1.80686949e-04 -5.60811559e-08  1.80686949e-04  1.63596595e-06  1.80686949e-04  0.00000000e+00  1.80686949e-04  0.00000000e+00 
 1.80786949e-04  8.18945392e-01  1.80786949e-04  6.90230332e-01  1.80786949e-04  1.22536877e-06  1.80786949e-04  5.61004335e-08  1.80786949e-04 -1.63589625e-06  1.80786949e-04  0.00000000e+00  1.80786949e-04  0.00000000e+00 
 1.80886949e-04  8.18945096e-01  1.80886949e-04  6.90146128e-01  1.80886949e-04  1.20218943e-06  1.80886949e-04 -5.61082076e-08  1.80886949e-04  1.63596431e-06  1.80886949e-04  0.00000000e+00  1.80886949e-04  0.00000000e+00 
 1.80986949e-04  8.18944786e-01  1.80986949e-04  6.90227859e-01  1.80986949e-04  1.22536719e-06  1.80986949e-04  5.61265582e-08  1.80986949e-04 -1.63589440e-06  1.80986949e-04  0.00000000e+00  1.80986949e-04  0.00000000e+00 
 1.81086949e-04  8.18944483e-01  1.81086949e-04  6.90148467e-01  1.81086949e-04  1.20219096e-06  1.81086949e-04 -5.61333911e-08  1.81086949e-04  1.63596227e-06  1.81086949e-04  0.00000000e+00  1.81086949e-04  0.00000000e+00 
 1.81186949e-04  8.18944179e-01  1.81186949e-04  6.90225635e-01  1.81186949e-04  1.22536572e-06  1.81186949e-04  5.61507911e-08  1.81186949e-04 -1.63589217e-06  1.81186949e-04  0.00000000e+00  1.81186949e-04  0.00000000e+00 
 1.81286949e-04  8.18943870e-01  1.81286949e-04  6.90150578e-01  1.81286949e-04  1.20219239e-06  1.81286949e-04 -5.61566702e-08  1.81286949e-04  1.63595986e-06  1.81286949e-04  0.00000000e+00  1.81286949e-04  0.00000000e+00 
 1.81386949e-04  8.18943572e-01  1.81386949e-04  6.90223622e-01  1.81386949e-04  1.22536433e-06  1.81386949e-04  5.61731168e-08  1.81386949e-04 -1.63588960e-06  1.81386949e-04  0.00000000e+00  1.81386949e-04  0.00000000e+00 
 1.81486949e-04  8.18943258e-01  1.81486949e-04  6.90152494e-01  1.81486949e-04  1.20219373e-06  1.81486949e-04 -5.61780483e-08  1.81486949e-04  1.63595714e-06  1.81486949e-04  0.00000000e+00  1.81486949e-04  0.00000000e+00 
 1.81586949e-04  8.18942965e-01  1.81586949e-04  6.90221789e-01  1.81586949e-04  1.22536303e-06  1.81586949e-04  5.61935557e-08  1.81586949e-04 -1.63588673e-06  1.81586949e-04  0.00000000e+00  1.81586949e-04  0.00000000e+00 
 1.81686949e-04  8.18942646e-01  1.81686949e-04  6.90154245e-01  1.81686949e-04  1.20219499e-06  1.81686949e-04 -5.61975607e-08  1.81686949e-04  1.63595414e-06  1.81686949e-04  0.00000000e+00  1.81686949e-04  0.00000000e+00 
 1.81786949e-04  8.18942358e-01  1.81786949e-04  6.90220108e-01  1.81786949e-04  1.22536181e-06  1.81786949e-04  5.62121562e-08  1.81786949e-04 -1.63588361e-06  1.81786949e-04  0.00000000e+00  1.81786949e-04  0.00000000e+00 
 1.81886949e-04  8.18942034e-01  1.81886949e-04  6.90155855e-01  1.81886949e-04  1.20219618e-06  1.81886949e-04 -5.62152672e-08  1.81886949e-04  1.63595089e-06  1.81886949e-04  0.00000000e+00  1.81886949e-04  0.00000000e+00 
 1.81986949e-04  8.18941750e-01  1.81986949e-04  6.90218558e-01  1.81986949e-04  1.22536066e-06  1.81986949e-04  5.62289881e-08  1.81986949e-04 -1.63588025e-06  1.81986949e-04  0.00000000e+00  1.81986949e-04  0.00000000e+00 
 1.82086949e-04  8.18941423e-01  1.82086949e-04  6.90157346e-01  1.82086949e-04  1.20219730e-06  1.82086949e-04 -5.62312465e-08  1.82086949e-04  1.63594743e-06  1.82086949e-04  0.00000000e+00  1.82086949e-04  0.00000000e+00 
 1.82186949e-04  8.18941142e-01  1.82186949e-04  6.90217119e-01  1.82186949e-04  1.22535957e-06  1.82186949e-04  5.62441373e-08  1.82186949e-04 -1.63587669e-06  1.82186949e-04  0.00000000e+00  1.82186949e-04  0.00000000e+00 
 1.82286949e-04  8.18940812e-01  1.82286949e-04  6.90158733e-01  1.82286949e-04  1.20219836e-06  1.82286949e-04 -5.62455903e-08  1.82286949e-04  1.63594378e-06  1.82286949e-04  0.00000000e+00  1.82286949e-04  0.00000000e+00 
 1.82386949e-04  8.18940533e-01  1.82386949e-04  6.90215777e-01  1.82386949e-04  1.22535854e-06  1.82386949e-04  5.62577008e-08  1.82386949e-04 -1.63587295e-06  1.82386949e-04  0.00000000e+00  1.82386949e-04  0.00000000e+00 
 1.82486949e-04  8.18940201e-01  1.82486949e-04  6.90160030e-01  1.82486949e-04  1.20219936e-06  1.82486949e-04 -5.62584001e-08  1.82486949e-04  1.63593996e-06  1.82486949e-04  0.00000000e+00  1.82486949e-04  0.00000000e+00 
 1.82586949e-04  8.18939925e-01  1.82586949e-04  6.90214518e-01  1.82586949e-04  1.22535757e-06  1.82586949e-04  5.62697831e-08  1.82586949e-04 -1.63586905e-06  1.82586949e-04  0.00000000e+00  1.82586949e-04  0.00000000e+00 
 1.82686949e-04  8.18939590e-01  1.82686949e-04  6.90161249e-01  1.82686949e-04  1.20220031e-06  1.82686949e-04 -5.62697823e-08  1.82686949e-04  1.63593598e-06  1.82686949e-04  0.00000000e+00  1.82686949e-04  0.00000000e+00 
 1.82786949e-04  8.18939316e-01  1.82786949e-04  6.90213333e-01  1.82786949e-04  1.22535665e-06  1.82786949e-04  5.62804924e-08  1.82786949e-04 -1.63586500e-06  1.82786949e-04  0.00000000e+00  1.82786949e-04  0.00000000e+00 
 1.82886949e-04  8.18938979e-01  1.82886949e-04  6.90162399e-01  1.82886949e-04  1.20220121e-06  1.82886949e-04 -5.62798461e-08  1.82886949e-04  1.63593186e-06  1.82886949e-04  0.00000000e+00  1.82886949e-04  0.00000000e+00 
 1.82986949e-04  8.18938707e-01  1.82986949e-04  6.90212214e-01  1.82986949e-04  1.22535577e-06  1.82986949e-04  5.62899380e-08  1.82986949e-04 -1.63586082e-06  1.82986949e-04  0.00000000e+00  1.82986949e-04  0.00000000e+00 
 1.83086949e-04  8.18938369e-01  1.83086949e-04  6.90163487e-01  1.83086949e-04  1.20220205e-06  1.83086949e-04 -5.62887009e-08  1.83086949e-04  1.63592762e-06  1.83086949e-04  0.00000000e+00  1.83086949e-04  0.00000000e+00 
 1.83186949e-04  8.18938098e-01  1.83186949e-04  6.90211153e-01  1.83186949e-04  1.22535494e-06  1.83186949e-04  5.62982285e-08  1.83186949e-04 -1.63585651e-06  1.83186949e-04  0.00000000e+00  1.83186949e-04  0.00000000e+00 
 1.83286949e-04  8.18937759e-01  1.83286949e-04  6.90164520e-01  1.83286949e-04  1.20220286e-06  1.83286949e-04 -5.62964539e-08  1.83286949e-04  1.63592326e-06  1.83286949e-04  0.00000000e+00  1.83286949e-04  0.00000000e+00 
 1.83386949e-04  8.18937489e-01  1.83386949e-04  6.90210145e-01  1.83386949e-04  1.22535416e-06  1.83386949e-04  5.63054698e-08  1.83386949e-04 -1.63585210e-06  1.83386949e-04  0.00000000e+00  1.83386949e-04  0.00000000e+00 
 1.83486949e-04  8.18937149e-01  1.83486949e-04  6.90165502e-01  1.83486949e-04  1.20220363e-06  1.83486949e-04 -5.63032090e-08  1.83486949e-04  1.63591879e-06  1.83486949e-04  0.00000000e+00  1.83486949e-04  0.00000000e+00 
 1.83586949e-04  8.18936879e-01  1.83586949e-04  6.90209187e-01  1.83586949e-04  1.22535341e-06  1.83586949e-04  5.63117636e-08  1.83586949e-04 -1.63584759e-06  1.83586949e-04  0.00000000e+00  1.83586949e-04  0.00000000e+00 
 1.83686949e-04  8.18936539e-01  1.83686949e-04  6.90166436e-01  1.83686949e-04  1.20220436e-06  1.83686949e-04 -5.63090657e-08  1.83686949e-04  1.63591423e-06  1.83686949e-04  0.00000000e+00  1.83686949e-04  0.00000000e+00 
 1.83786949e-04  8.18936270e-01  1.83786949e-04  6.90208273e-01  1.83786949e-04  1.22535270e-06  1.83786949e-04  5.63172065e-08  1.83786949e-04 -1.63584298e-06  1.83786949e-04  0.00000000e+00  1.83786949e-04  0.00000000e+00 
 1.83886949e-04  8.18935929e-01  1.83886949e-04  6.90167328e-01  1.83886949e-04  1.20220505e-06  1.83886949e-04 -5.63141178e-08  1.83886949e-04  1.63590958e-06  1.83886949e-04  0.00000000e+00  1.83886949e-04  0.00000000e+00 
 1.83986949e-04  8.18935660e-01  1.83986949e-04  6.90207402e-01  1.83986949e-04  1.22535203e-06  1.83986949e-04  5.63218898e-08  1.83986949e-04 -1.63583828e-06  1.83986949e-04  0.00000000e+00  1.83986949e-04  0.00000000e+00 
 1.84086949e-04  8.18935320e-01  1.84086949e-04  6.90168177e-01  1.84086949e-04  1.20220570e-06  1.84086949e-04 -5.63184535e-08  1.84086949e-04  1.63590484e-06  1.84086949e-04  0.00000000e+00  1.84086949e-04  0.00000000e+00 
 1.84186949e-04  8.18935050e-01  1.84186949e-04  6.90206571e-01  1.84186949e-04  1.22535139e-06  1.84186949e-04  5.63258982e-08  1.84186949e-04 -1.63583351e-06  1.84186949e-04  0.00000000e+00  1.84186949e-04  0.00000000e+00 
 1.84286949e-04  8.18934710e-01  1.84286949e-04  6.90168988e-01  1.84286949e-04  1.20220632e-06  1.84286949e-04 -5.63221543e-08  1.84286949e-04  1.63590003e-06  1.84286949e-04  0.00000000e+00  1.84286949e-04  0.00000000e+00 
 1.84386949e-04  8.18934441e-01  1.84386949e-04  6.90205779e-01  1.84386949e-04  1.22535078e-06  1.84386949e-04  5.63293102e-08  1.84386949e-04 -1.63582866e-06  1.84386949e-04  0.00000000e+00  1.84386949e-04  0.00000000e+00 
 1.84486949e-04  8.18934100e-01  1.84486949e-04  6.90169762e-01  1.84486949e-04  1.20220692e-06  1.84486949e-04 -5.63252954e-08  1.84486949e-04  1.63589514e-06  1.84486949e-04  0.00000000e+00  1.84486949e-04  0.00000000e+00 
 1.84586949e-04  8.18933831e-01  1.84586949e-04  6.90205023e-01  1.84586949e-04  1.22535021e-06  1.84586949e-04  5.63321977e-08  1.84586949e-04 -1.63582374e-06  1.84586949e-04  0.00000000e+00  1.84586949e-04  0.00000000e+00 
 1.84686949e-04  8.18933491e-01  1.84686949e-04  6.90170500e-01  1.84686949e-04  1.20220748e-06  1.84686949e-04 -5.63279457e-08  1.84686949e-04  1.63589019e-06  1.84686949e-04  0.00000000e+00  1.84686949e-04  0.00000000e+00 
 1.84786949e-04  8.18933221e-01  1.84786949e-04  6.90204302e-01  1.84786949e-04  1.22534966e-06  1.84786949e-04  5.63346262e-08  1.84786949e-04 -1.63581875e-06  1.84786949e-04  0.00000000e+00  1.84786949e-04  0.00000000e+00 
 1.84886949e-04  8.18932881e-01  1.84886949e-04  6.90171203e-01  1.84886949e-04  1.20220801e-06  1.84886949e-04 -5.63301673e-08  1.84886949e-04  1.63588517e-06  1.84886949e-04  0.00000000e+00  1.84886949e-04  0.00000000e+00 
 1.84943475e-04  8.18932744e-01  1.84943475e-04  6.90203359e-01  1.84943475e-04  1.22534895e-06  1.84943475e-04  5.63373420e-08  1.84943475e-04 -1.63581174e-06  1.84943475e-04  0.00000000e+00  1.84943475e-04  0.00000000e+00 
 1.85000000e-04  8.18932537e-01  1.85000000e-04  6.90172367e-01  1.85000000e-04  1.20220889e-06  1.85000000e-04 -5.63332207e-08  1.85000000e-04  1.63587614e-06  1.85000000e-04  0.00000000e+00  1.85000000e-04  0.00000000e+00 
 1.85000001e-04  8.18935796e-01  1.85000001e-04  6.91108827e-01  1.85000001e-04  9.82311461e-07  1.85000001e-04  2.53484313e-06  1.85000001e-04 -5.64142076e-07  1.85000001e-04  1.20000000e-01  1.85000001e-04  0.00000000e+00 
 1.85000003e-04  8.18942096e-01  1.85000003e-04  6.92837806e-01  1.85000003e-04  1.00093993e-06  1.85000003e-04  2.34973615e-06  1.85000003e-04 -7.09937906e-07  1.85000003e-04  3.59999999e-01  1.85000003e-04  0.00000000e+00 
 1.85000006e-04  8.18953227e-01  1.85000006e-04  6.95782322e-01  1.85000006e-04  9.87857814e-07  1.85000006e-04  1.83016823e-06  1.85000006e-04 -5.32025821e-07  1.85000006e-04  7.79999997e-01  1.85000006e-04  0.00000000e+00 
 1.85000010e-04  8.18961591e-01  1.85000010e-04  6.97823578e-01  1.85000010e-04  1.12258413e-06  1.85000010e-04 -1.82224309e-07  1.85000010e-04 -3.20805640e-07  1.85000010e-04  1.20000000e+00  1.85000010e-04  0.00000000e+00 
 1.85000011e-04  8.18961140e-01  1.85000011e-04  6.97596101e-01  1.85000011e-04  1.28643141e-06  1.85000011e-04 -2.49546598e-06  1.85000011e-04  2.31231999e-07  1.85000011e-04  1.20000000e+00  1.85000011e-04  0.00000000e+00 
 1.85000012e-04  8.18960013e-01  1.85000012e-04  6.97132675e-01  1.85000012e-04  1.30661442e-06  1.85000012e-04 -2.88784982e-06  1.85000012e-04  3.25563424e-07  1.85000012e-04  1.20000000e+00  1.85000012e-04  0.00000000e+00 
 1.85000014e-04  8.18957612e-01  1.85000014e-04  6.96276714e-01  1.85000014e-04  1.27725214e-06  1.85000014e-04 -2.25231107e-06  1.85000014e-04  1.96492359e-07  1.85000014e-04  1.20000000e+00  1.85000014e-04  0.00000000e+00 
 1.85000019e-04  8.18952730e-01  1.85000019e-04  6.94754663e-01  1.85000019e-04  1.29099528e-06  1.85000019e-04 -2.10622515e-06  1.85000019e-04  2.54362229e-07  1.85000019e-04  1.20000000e+00  1.85000019e-04  0.00000000e+00 
 1.85000029e-04  8.18940907e-01  1.85000029e-04  6.91545881e-01  1.85000029e-04  1.29422389e-06  1.85000029e-04 -1.03814045e-06  1.85000029e-04  2.14476865e-07  1.85000029e-04  1.20000000e+00  1.85000029e-04  0.00000000e+00 
 1.85000050e-04  8.18893683e-01  1.85000050e-04  6.78605939e-01  1.85000050e-04  1.47740847e-06  1.85000050e-04 -3.55458941e-07  1.85000050e-04  7.20911557e-07  1.85000050e-04  1.20000000e+00  1.85000050e-04  0.00000000e+00 
 1.85000076e-04  8.18829578e-01  1.85000076e-04  6.64504907e-01  1.85000076e-04  1.26319864e-06  1.85000076e-04  4.17405177e-06  1.85000076e-04  3.66474243e-08  1.85000076e-04  1.20000000e+00  1.85000076e-04  0.00000000e+00 
 1.85000104e-04  8.18803632e-01  1.85000104e-04  6.58636380e-01  1.85000104e-04  1.32234574e-06  1.85000104e-04  3.02030685e-07  1.85000104e-04  2.53271690e-07  1.85000104e-04  1.20000000e+00  1.85000104e-04  0.00000000e+00 
 1.85000160e-04  8.18811610e-01  1.85000160e-04  6.53262181e-01  1.85000160e-04  1.19362111e-06  1.85000160e-04  2.83322978e-06  1.85000160e-04 -1.26160787e-07  1.85000160e-04  1.20000000e+00  1.85000160e-04  0.00000000e+00 
 1.85000218e-04  8.18837482e-01  1.85000218e-04  6.49877817e-01  1.85000218e-04  1.28823350e-06  1.85000218e-04 -6.39616400e-07  1.85000218e-04  1.93207645e-07  1.85000218e-04  1.20000000e+00  1.85000218e-04  0.00000000e+00 
 1.85000319e-04  8.18878719e-01  1.85000319e-04  6.46292686e-01  1.85000319e-04  1.17038831e-06  1.85000319e-04  2.30128824e-06  1.85000319e-04 -1.61066035e-07  1.85000319e-04  1.20000000e+00  1.85000319e-04  0.00000000e+00 
 1.85000520e-04  8.18936133e-01  1.85000520e-04  6.45086021e-01  1.85000520e-04  1.26154358e-06  1.85000520e-04 -1.05681654e-06  1.85000520e-04  1.48259650e-07  1.85000520e-04  1.20000000e+00  1.85000520e-04  0.00000000e+00 
 1.85000923e-04  8.18988638e-01  1.85000923e-04  6.50046327e-01  1.85000923e-04  1.15331901e-06  1.85000923e-04  1.99900722e-06  1.85000923e-04 -1.85116555e-07  1.85000923e-04  1.20000000e+00  1.85000923e-04  0.00000000e+00 
 1.85001729e-04  8.19033330e-01  1.85001729e-04  6.61399419e-01  1.85001729e-04  1.26047057e-06  1.85001729e-04 -1.24828014e-06  1.85001729e-04  1.53049878e-07  1.85001729e-04  1.20000000e+00  1.85001729e-04  0.00000000e+00 
 1.85003070e-04  8.19076726e-01  1.85003070e-04  6.71647115e-01  1.85003070e-04  1.16065270e-06  1.85003070e-04  1.87783385e-06  1.85003070e-04 -1.66668133e-07  1.85003070e-04  1.20000000e+00  1.85003070e-04  0.00000000e+00 
 1.85005699e-04  8.19149274e-01  1.85005699e-04  6.80931743e-01  1.85005699e-04  1.26488826e-06  1.85005699e-04 -1.31627409e-06  1.85005699e-04  1.64075747e-07  1.85005699e-04  1.20000000e+00  1.85005699e-04  0.00000000e+00 
 1.85010957e-04  8.19293047e-01  1.85010957e-04  6.88238680e-01  1.85010957e-04  1.16220872e-06  1.85010957e-04  1.88327492e-06  1.85010957e-04 -1.63222833e-07  1.85010957e-04  1.20000000e+00  1.85010957e-04  0.00000000e+00 
 1.85021473e-04  8.19583399e-01  1.85021473e-04  6.89994331e-01  1.85021473e-04  1.26549068e-06  1.85021473e-04 -1.30215484e-06  1.85021473e-04  1.63850483e-07  1.85021473e-04  1.20000000e+00  1.85021473e-04  0.00000000e+00 
 1.85042505e-04  8.20137222e-01  1.85042505e-04  6.90256490e-01  1.85042505e-04  1.16210198e-06  1.85042505e-04  1.86905335e-06  1.85042505e-04 -1.63835192e-07  1.85042505e-04  1.20000000e+00  1.85042505e-04  0.00000000e+00 
 1.85081348e-04  8.21146725e-01  1.85081348e-04  6.90161695e-01  1.85081348e-04  1.26545554e-06  1.85081348e-04 -1.30005070e-06  1.85081348e-04  1.63925418e-07  1.85081348e-04  1.20000000e+00  1.85081348e-04  0.00000000e+00 
 1.85159033e-04  8.23151597e-01  1.85159033e-04  6.90205853e-01  1.85159033e-04  1.16210086e-06  1.85159033e-04  1.86847142e-06  1.85159033e-04 -1.63865119e-07  1.85159033e-04  1.20000000e+00  1.85159033e-04  0.00000000e+00 
 1.85259033e-04  8.25731744e-01  1.85259033e-04  6.90186232e-01  1.85259033e-04  1.26545718e-06  1.85259033e-04 -1.29979255e-06  1.85259033e-04  1.63940313e-07  1.85259033e-04  1.20000000e+00  1.85259033e-04  0.00000000e+00 
 1.85359033e-04  8.28312387e-01  1.85359033e-04  6.90186840e-01  1.85359033e-04  1.16209933e-06  1.85359033e-04  1.86838940e-06  1.85359033e-04 -1.63876436e-07  1.85359033e-04  1.20000000e+00  1.85359033e-04  0.00000000e+00 
 1.85459033e-04  8.30892800e-01  1.85459033e-04  6.90203327e-01  1.85459033e-04  1.26545870e-06  1.85459033e-04 -1.29968528e-06  1.85459033e-04  1.63950624e-07  1.85459033e-04  1.20000000e+00  1.85459033e-04  0.00000000e+00 
 1.85559033e-04  8.33473917e-01  1.85559033e-04  6.90171488e-01  1.85559033e-04  1.16209791e-06  1.85559033e-04  1.86840448e-06  1.85559033e-04 -1.63885378e-07  1.85559033e-04  1.20000000e+00  1.85559033e-04  0.00000000e+00 
 1.85659033e-04  8.36054483e-01  1.85659033e-04  6.90216992e-01  1.85659033e-04  1.26545999e-06  1.85659033e-04 -1.29966913e-06  1.85659033e-04  1.63958710e-07  1.85659033e-04  1.20000000e+00  1.85659033e-04  0.00000000e+00 
 1.85759033e-04  8.38636065e-01  1.85759033e-04  6.90159370e-01  1.85759033e-04  1.16209679e-06  1.85759033e-04  1.86849814e-06  1.85759033e-04 -1.63892240e-07  1.85759033e-04  1.20000000e+00  1.85759033e-04  0.00000000e+00 
 1.85859033e-04  8.41216795e-01  1.85859033e-04  6.90227629e-01  1.85859033e-04  1.26546094e-06  1.85859033e-04 -1.29972589e-06  1.85859033e-04  1.63964855e-07  1.85859033e-04  1.20000000e+00  1.85859033e-04  0.00000000e+00 
 1.85959033e-04  8.43798790e-01  1.85959033e-04  6.90150102e-01  1.85959033e-04  1.16209602e-06  1.85959033e-04  1.86865316e-06  1.85959033e-04 -1.63897297e-07  1.85959033e-04  1.20000000e+00  1.85959033e-04  0.00000000e+00 
 1.86059033e-04  8.46379709e-01  1.86059033e-04  6.90235596e-01  1.86059033e-04  1.26546154e-06  1.86059033e-04 -1.29983938e-06  1.86059033e-04  1.63969320e-07  1.86059033e-04  1.20000000e+00  1.86059033e-04  0.00000000e+00 
 1.86159033e-04  8.48962062e-01  1.86159033e-04  6.90143335e-01  1.86159033e-04  1.16209560e-06  1.86159033e-04  1.86885437e-06  1.86159033e-04 -1.63900795e-07  1.86159033e-04  1.20000000e+00  1.86159033e-04  0.00000000e+00 
 1.86259033e-04  8.51543191e-01  1.86259033e-04  6.90241226e-01  1.86259033e-04  1.26546180e-06  1.86259033e-04 -1.29999529e-06  1.86259033e-04  1.63972343e-07  1.86259033e-04  1.20000000e+00  1.86259033e-04  0.00000000e+00 
 1.86359033e-04  8.54125854e-01  1.86359033e-04  6.90138739e-01  1.86359033e-04  1.16209550e-06  1.86359033e-04  1.86908842e-06  1.86359033e-04 -1.63902963e-07  1.86359033e-04  1.20000000e+00  1.86359033e-04  0.00000000e+00 
 1.86459033e-04  8.56707211e-01  1.86459033e-04  6.90244843e-01  1.86459033e-04  1.26546177e-06  1.86459033e-04 -1.30018098e-06  1.86459033e-04  1.63974140e-07  1.86459033e-04  1.20000000e+00  1.86459033e-04  0.00000000e+00 
 1.86559033e-04  8.59290139e-01  1.86559033e-04  6.90135994e-01  1.86559033e-04  1.16209567e-06  1.86559033e-04  1.86934368e-06  1.86559033e-04 -1.63904006e-07  1.86559033e-04  1.20000000e+00  1.86559033e-04  0.00000000e+00 
 1.86659033e-04  8.61871740e-01  1.86659033e-04  6.90246758e-01  1.86659033e-04  1.26546148e-06  1.86659033e-04 -1.30038547e-06  1.86659033e-04  1.63974908e-07  1.86659033e-04  1.20000000e+00  1.86659033e-04  0.00000000e+00 
 1.86759033e-04  8.64454894e-01  1.86759033e-04  6.90134798e-01  1.86759033e-04  1.16209606e-06  1.86759033e-04  1.86961019e-06  1.86759033e-04 -1.63904111e-07  1.86759033e-04  1.20000000e+00  1.86759033e-04  0.00000000e+00 
 1.86859033e-04  8.67036750e-01  1.86859033e-04  6.90247266e-01  1.86859033e-04  1.26546100e-06  1.86859033e-04 -1.30059935e-06  1.86859033e-04  1.63974822e-07  1.86859033e-04  1.20000000e+00  1.86859033e-04  0.00000000e+00 
 1.86959033e-04  8.69620098e-01  1.86959033e-04  6.90134864e-01  1.86959033e-04  1.16209663e-06  1.86959033e-04  1.86987957e-06  1.86959033e-04 -1.63903444e-07  1.86959033e-04  1.20000000e+00  1.86959033e-04  0.00000000e+00 
 1.87059033e-04  8.72202219e-01  1.87059033e-04  6.90246643e-01  1.87059033e-04  1.26546036e-06  1.87059033e-04 -1.30081472e-06  1.87059033e-04  1.63974039e-07  1.87059033e-04  1.20000000e+00  1.87059033e-04  0.00000000e+00 
 1.87159033e-04  8.74785734e-01  1.87159033e-04  6.90135932e-01  1.87159033e-04  1.16209733e-06  1.87159033e-04  1.87014501e-06  1.87159033e-04 -1.63902152e-07  1.87159033e-04  1.20000000e+00  1.87159033e-04  0.00000000e+00 
 1.87259033e-04  8.77368125e-01  1.87259033e-04  6.90245139e-01  1.87259033e-04  1.26545961e-06  1.87259033e-04 -1.30102516e-06  1.87259033e-04  1.63972699e-07  1.87259033e-04  1.20000000e+00  1.87259033e-04  0.00000000e+00 
 1.87359033e-04  8.79951787e-01  1.87359033e-04  6.90137765e-01  1.87359033e-04  1.16209812e-06  1.87359033e-04  1.87040112e-06  1.87359033e-04 -1.63900365e-07  1.87359033e-04  1.20000000e+00  1.87359033e-04  0.00000000e+00 
 1.87459033e-04  8.82534452e-01  1.87459033e-04  6.90242981e-01  1.87459033e-04  1.26545878e-06  1.87459033e-04 -1.30122561e-06  1.87459033e-04  1.63970922e-07  1.87459033e-04  1.20000000e+00  1.87459033e-04  0.00000000e+00 
 1.87559033e-04  8.85118245e-01  1.87559033e-04  6.90140156e-01  1.87559033e-04  1.16209897e-06  1.87559033e-04  1.87064393e-06  1.87559033e-04 -1.63898197e-07  1.87559033e-04  1.20000000e+00  1.87559033e-04  0.00000000e+00 
 1.87659033e-04  8.87701188e-01  1.87659033e-04  6.90240364e-01  1.87659033e-04  1.26545791e-06  1.87659033e-04 -1.30141230e-06  1.87659033e-04  1.63968813e-07  1.87659033e-04  1.20000000e+00  1.87659033e-04  0.00000000e+00 
 1.87759033e-04  8.90285102e-01  1.87759033e-04  6.90142924e-01  1.87759033e-04  1.16209986e-06  1.87759033e-04  1.87087068e-06  1.87759033e-04 -1.63895745e-07  1.87759033e-04  1.20000000e+00  1.87759033e-04  0.00000000e+00 
 1.87859033e-04  8.92868324e-01  1.87859033e-04  6.90237455e-01  1.87859033e-04  1.26545702e-06  1.87859033e-04 -1.30158261e-06  1.87859033e-04  1.63966463e-07  1.87859033e-04  1.20000000e+00  1.87859033e-04  0.00000000e+00 
 1.87959033e-04  8.95452356e-01  1.87959033e-04  6.90145920e-01  1.87959033e-04  1.16210075e-06  1.87959033e-04  1.87107973e-06  1.87959033e-04 -1.63893091e-07  1.87959033e-04  1.20000000e+00  1.87959033e-04  0.00000000e+00 
 1.88059033e-04  8.98035858e-01  1.88059033e-04  6.90234395e-01  1.88059033e-04  1.26545613e-06  1.88059033e-04 -1.30173489e-06  1.88059033e-04  1.63963947e-07  1.88059033e-04  1.20000000e+00  1.88059033e-04  0.00000000e+00 
 1.88159033e-04  9.00620007e-01  1.88159033e-04  6.90149018e-01  1.88159033e-04  1.16210164e-06  1.88159033e-04  1.87127037e-06  1.88159033e-04 -1.63890305e-07  1.88159033e-04  1.20000000e+00  1.88159033e-04  0.00000000e+00 
 1.88259033e-04  9.03203792e-01  1.88259033e-04  6.90231297e-01  1.88259033e-04  1.26545525e-06  1.88259033e-04 -1.30186832e-06  1.88259033e-04  1.63961329e-07  1.88259033e-04  1.20000000e+00  1.88259033e-04  0.00000000e+00 
 1.88359033e-04  9.05788063e-01  1.88359033e-04  6.90152121e-01  1.88359033e-04  1.16210251e-06  1.88359033e-04  1.87144271e-06  1.88359033e-04 -1.63887443e-07  1.88359033e-04  1.20000000e+00  1.88359033e-04  0.00000000e+00 
 1.88459033e-04  9.08372132e-01  1.88459033e-04  6.90228250e-01  1.88459033e-04  1.26545440e-06  1.88459033e-04 -1.30198275e-06  1.88459033e-04  1.63958659e-07  1.88459033e-04  1.20000000e+00  1.88459033e-04  0.00000000e+00 
 1.88559033e-04  9.10956536e-01  1.88559033e-04  6.90155153e-01  1.88559033e-04  1.16210334e-06  1.88559033e-04  1.87159745e-06  1.88559033e-04 -1.63884553e-07  1.88559033e-04  1.20000000e+00  1.88559033e-04  0.00000000e+00 
 1.88659033e-04  9.13540893e-01  1.88659033e-04  6.90225321e-01  1.88659033e-04  1.26545358e-06  1.88659033e-04 -1.30207853e-06  1.88659033e-04  1.63955978e-07  1.88659033e-04  1.20000000e+00  1.88659033e-04  0.00000000e+00 
 1.88759033e-04  9.16125443e-01  1.88759033e-04  6.90158061e-01  1.88759033e-04  1.16210413e-06  1.88759033e-04  1.87173579e-06  1.88759033e-04 -1.63881669e-07  1.88759033e-04  1.20000000e+00  1.88759033e-04  0.00000000e+00 
 1.88859033e-04  9.18710094e-01  1.88859033e-04  6.90222559e-01  1.88859033e-04  1.26545280e-06  1.88859033e-04 -1.30215635e-06  1.88859033e-04  1.63953320e-07  1.88859033e-04  1.20000000e+00  1.88859033e-04  0.00000000e+00 
 1.88959033e-04  9.21294807e-01  1.88959033e-04  6.90160804e-01  1.88959033e-04  1.16210489e-06  1.88959033e-04  1.87185927e-06  1.88959033e-04 -1.63878822e-07  1.88959033e-04  1.20000000e+00  1.88959033e-04  0.00000000e+00 
 1.89059033e-04  9.23879762e-01  1.89059033e-04  6.90219997e-01  1.89059033e-04  1.26545207e-06  1.89059033e-04 -1.30221715e-06  1.89059033e-04  1.63950708e-07  1.89059033e-04  1.20000000e+00  1.89059033e-04  0.00000000e+00 
 1.89159033e-04  9.26464660e-01  1.89159033e-04  6.90163361e-01  1.89159033e-04  1.16210560e-06  1.89159033e-04  1.87196968e-06  1.89159033e-04 -1.63876030e-07  1.89159033e-04  1.20000000e+00  1.89159033e-04  0.00000000e+00 
 1.89259033e-04  9.29049931e-01  1.89259033e-04  6.90217654e-01  1.89259033e-04  1.26545139e-06  1.89259033e-04 -1.30226196e-06  1.89259033e-04  1.63948160e-07  1.89259033e-04  1.20000000e+00  1.89259033e-04  0.00000000e+00 
 1.89359033e-04  9.31635040e-01  1.89359033e-04  6.90165719e-01  1.89359033e-04  1.16210627e-06  1.89359033e-04  1.87206891e-06  1.89359033e-04 -1.63873311e-07  1.89359033e-04  1.20000000e+00  1.89359033e-04  0.00000000e+00 
 1.89459033e-04  9.34220642e-01  1.89459033e-04  6.90215540e-01  1.89459033e-04  1.26545074e-06  1.89459033e-04 -1.30229185e-06  1.89459033e-04  1.63945689e-07  1.89459033e-04  1.20000000e+00  1.89459033e-04  0.00000000e+00 
 1.89559033e-04  9.36805991e-01  1.89559033e-04  6.90167876e-01  1.89559033e-04  1.16210689e-06  1.89559033e-04  1.87215894e-06  1.89559033e-04 -1.63870673e-07  1.89559033e-04  1.20000000e+00  1.89559033e-04  0.00000000e+00 
 1.89659033e-04  9.39391945e-01  1.89659033e-04  6.90213657e-01  1.89659033e-04  1.26545014e-06  1.89659033e-04 -1.30230785e-06  1.89659033e-04  1.63943302e-07  1.89659033e-04  1.20000000e+00  1.89659033e-04  0.00000000e+00 
 1.89759033e-04  9.41977569e-01  1.89759033e-04  6.90169836e-01  1.89759033e-04  1.16210747e-06  1.89759033e-04  1.87224173e-06  1.89759033e-04 -1.63868122e-07  1.89759033e-04  1.20000000e+00  1.89759033e-04  0.00000000e+00 
 1.89859033e-04  9.44563901e-01  1.89859033e-04  6.90212000e-01  1.89859033e-04  1.26544958e-06  1.89859033e-04 -1.30231090e-06  1.89859033e-04  1.63941004e-07  1.89859033e-04  1.20000000e+00  1.89859033e-04  0.00000000e+00 
 1.89959033e-04  9.47149836e-01  1.89959033e-04  6.90171607e-01  1.89959033e-04  1.16210801e-06  1.89959033e-04  1.87231922e-06  1.89959033e-04 -1.63865661e-07  1.89959033e-04  1.20000000e+00  1.89959033e-04  0.00000000e+00 
 1.90059033e-04  9.49736576e-01  1.90059033e-04  6.90210561e-01  1.90059033e-04  1.26544906e-06  1.90059033e-04 -1.30230179e-06  1.90059033e-04  1.63938796e-07  1.90059033e-04  1.20000000e+00  1.90059033e-04  0.00000000e+00 
 1.90159033e-04  9.52322866e-01  1.90159033e-04  6.90173202e-01  1.90159033e-04  1.16210851e-06  1.90159033e-04  1.87239325e-06  1.90159033e-04 -1.63863289e-07  1.90159033e-04  1.20000000e+00  1.90159033e-04  0.00000000e+00 
 1.90259033e-04  9.54910050e-01  1.90259033e-04  6.90209330e-01  1.90259033e-04  1.26544857e-06  1.90259033e-04 -1.30228118e-06  1.90259033e-04  1.63936676e-07  1.90259033e-04  1.20000000e+00  1.90259033e-04  0.00000000e+00 
 1.90359033e-04  9.57496742e-01  1.90359033e-04  6.90174635e-01  1.90359033e-04  1.16210898e-06  1.90359033e-04  1.87246560e-06  1.90359033e-04 -1.63861005e-07  1.90359033e-04  1.20000000e+00  1.90359033e-04  0.00000000e+00 
 1.90459033e-04  9.60084411e-01  1.90459033e-04  6.90208292e-01  1.90459033e-04  1.26544812e-06  1.90459033e-04 -1.30224960e-06  1.90459033e-04  1.63934641e-07  1.90459033e-04  1.20000000e+00  1.90459033e-04  0.00000000e+00 
 1.90559033e-04  9.62671558e-01  1.90559033e-04  6.90175920e-01  1.90559033e-04  1.16210942e-06  1.90559033e-04  1.87253791e-06  1.90559033e-04 -1.63858806e-07  1.90559033e-04  1.20000000e+00  1.90559033e-04  0.00000000e+00 
 1.90659033e-04  9.65259760e-01  1.90659033e-04  6.90207436e-01  1.90659033e-04  1.26544770e-06  1.90659033e-04 -1.30220739e-06  1.90659033e-04  1.63932688e-07  1.90659033e-04  1.20000000e+00  1.90659033e-04  0.00000000e+00 
 1.90759033e-04  9.67847419e-01  1.90759033e-04  6.90177072e-01  1.90759033e-04  1.16210983e-06  1.90759033e-04  1.87261176e-06  1.90759033e-04 -1.63856686e-07  1.90759033e-04  1.20000000e+00  1.90759033e-04  0.00000000e+00 
 1.90859033e-04  9.70436207e-01  1.90859033e-04  6.90206747e-01  1.90859033e-04  1.26544730e-06  1.90859033e-04 -1.30215476e-06  1.90859033e-04  1.63930812e-07  1.90859033e-04  1.20000000e+00  1.90859033e-04  0.00000000e+00 
 1.90959033e-04  9.73024441e-01  1.90959033e-04  6.90178106e-01  1.90959033e-04  1.16211022e-06  1.90959033e-04  1.87268858e-06  1.90959033e-04 -1.63854640e-07  1.90959033e-04  1.20000000e+00  1.90959033e-04  0.00000000e+00 
 1.91059033e-04  9.75613875e-01  1.91059033e-04  6.90206212e-01  1.91059033e-04  1.26544692e-06  1.91059033e-04 -1.30209179e-06  1.91059033e-04  1.63929007e-07  1.91059033e-04  1.20000000e+00  1.91059033e-04  0.00000000e+00 
 1.91159033e-04  9.78202751e-01  1.91159033e-04  6.90179033e-01  1.91159033e-04  1.16211059e-06  1.91159033e-04  1.87276972e-06  1.91159033e-04 -1.63852663e-07  1.91159033e-04  1.20000000e+00  1.91159033e-04  0.00000000e+00 
 1.91259033e-04  9.80792897e-01  1.91259033e-04  6.90205821e-01  1.91259033e-04  1.26544656e-06  1.91259033e-04 -1.30201847e-06  1.91259033e-04  1.63927267e-07  1.91259033e-04  1.20000000e+00  1.91259033e-04  0.00000000e+00 
 1.91359033e-04  9.83382489e-01  1.91359033e-04  6.90179867e-01  1.91359033e-04  1.16211093e-06  1.91359033e-04  1.87285641e-06  1.91359033e-04 -1.63850749e-07  1.91359033e-04  1.20000000e+00  1.91359033e-04  0.00000000e+00 
 1.91459033e-04  9.85973418e-01  1.91459033e-04  6.90205560e-01  1.91459033e-04  1.26544623e-06  1.91459033e-04 -1.30193468e-06  1.91459033e-04  1.63925586e-07  1.91459033e-04  1.20000000e+00  1.91459033e-04  0.00000000e+00 
 1.91559033e-04  9.88563805e-01  1.91559033e-04  6.90180616e-01  1.91559033e-04  1.16211127e-06  1.91559033e-04  1.87294979e-06  1.91559033e-04 -1.63848891e-07  1.91559033e-04  1.20000000e+00  1.91559033e-04  0.00000000e+00 
 1.91659033e-04  9.91155595e-01  1.91659033e-04  6.90205421e-01  1.91659033e-04  1.26544590e-06  1.91659033e-04 -1.30184022e-06  1.91659033e-04  1.63923959e-07  1.91659033e-04  1.20000000e+00  1.91659033e-04  0.00000000e+00 
 1.91759033e-04  9.93746860e-01  1.91759033e-04  6.90181290e-01  1.91759033e-04  1.16211159e-06  1.91759033e-04  1.87305089e-06  1.91759033e-04 -1.63847084e-07  1.91759033e-04  1.20000000e+00  1.91759033e-04  0.00000000e+00 
 1.91859033e-04  9.96339594e-01  1.91859033e-04  6.90205394e-01  1.91859033e-04  1.26544559e-06  1.91859033e-04 -1.30173487e-06  1.91859033e-04  1.63922379e-07  1.91859033e-04  1.20000000e+00  1.91859033e-04  0.00000000e+00 
 1.91959033e-04  9.98931827e-01  1.91959033e-04  6.90181896e-01  1.91959033e-04  1.16211189e-06  1.91959033e-04  1.87316067e-06  1.91959033e-04 -1.63845322e-07  1.91959033e-04  1.20000000e+00  1.91959033e-04  0.00000000e+00 
 1.92059033e-04  1.00152559e+00  1.92059033e-04  6.90205472e-01  1.92059033e-04  1.26544528e-06  1.92059033e-04 -1.30161837e-06  1.92059033e-04  1.63920841e-07  1.92059033e-04  1.20000000e+00  1.92059033e-04  0.00000000e+00 
 1.92159033e-04  1.00411889e+00  1.92159033e-04  6.90182440e-01  1.92159033e-04  1.16211219e-06  1.92159033e-04  1.87327997e-06  1.92159033e-04 -1.63843600e-07  1.92159033e-04  1.20000000e+00  1.92159033e-04  0.00000000e+00 
 1.92259033e-04  1.00671378e+00  1.92259033e-04  6.90205650e-01  1.92259033e-04  1.26544499e-06  1.92259033e-04 -1.30149046e-06  1.92259033e-04  1.63919339e-07  1.92259033e-04  1.20000000e+00  1.92259033e-04  0.00000000e+00 
 1.92359033e-04  1.00930823e+00  1.92359033e-04  6.90182926e-01  1.92359033e-04  1.16211249e-06  1.92359033e-04  1.87340956e-06  1.92359033e-04 -1.63841911e-07  1.92359033e-04  1.20000000e+00  1.92359033e-04  0.00000000e+00 
 1.92459033e-04  1.01190434e+00  1.92459033e-04  6.90205922e-01  1.92459033e-04  1.26544469e-06  1.92459033e-04 -1.30135092e-06  1.92459033e-04  1.63917868e-07  1.92459033e-04  1.20000000e+00  1.92459033e-04  0.00000000e+00 
 1.92559033e-04  1.01450006e+00  1.92559033e-04  6.90183357e-01  1.92559033e-04  1.16211278e-06  1.92559033e-04  1.87355009e-06  1.92559033e-04 -1.63840252e-07  1.92559033e-04  1.20000000e+00  1.92559033e-04  0.00000000e+00 
 1.92659033e-04  1.01709750e+00  1.92659033e-04  6.90206286e-01  1.92659033e-04  1.26544440e-06  1.92659033e-04 -1.30119953e-06  1.92659033e-04  1.63916423e-07  1.92659033e-04  1.20000000e+00  1.92659033e-04  0.00000000e+00 
 1.92759033e-04  1.01969458e+00  1.92759033e-04  6.90183735e-01  1.92759033e-04  1.16211306e-06  1.92759033e-04  1.87370213e-06  1.92759033e-04 -1.63838616e-07  1.92759033e-04  1.20000000e+00  1.92759033e-04  0.00000000e+00 
 1.92859033e-04  1.02229344e+00  1.92859033e-04  6.90206741e-01  1.92859033e-04  1.26544412e-06  1.92859033e-04 -1.30103616e-06  1.92859033e-04  1.63914999e-07  1.92859033e-04  1.20000000e+00  1.92859033e-04  0.00000000e+00 
 1.92959033e-04  1.02489199e+00  1.92959033e-04  6.90184060e-01  1.92959033e-04  1.16211335e-06  1.92959033e-04  1.87386617e-06  1.92959033e-04 -1.63836999e-07  1.92959033e-04  1.20000000e+00  1.92959033e-04  0.00000000e+00 
 1.93059033e-04  1.02749239e+00  1.93059033e-04  6.90207289e-01  1.93059033e-04  1.26544383e-06  1.93059033e-04 -1.30086073e-06  1.93059033e-04  1.63913592e-07  1.93059033e-04  1.20000000e+00  1.93059033e-04  0.00000000e+00 
 1.93159033e-04  1.03009253e+00  1.93159033e-04  6.90184332e-01  1.93159033e-04  1.16211364e-06  1.93159033e-04  1.87404257e-06  1.93159033e-04 -1.63835396e-07  1.93159033e-04  1.20000000e+00  1.93159033e-04  0.00000000e+00 
 1.93259033e-04  1.03269456e+00  1.93259033e-04  6.90207934e-01  1.93259033e-04  1.26544354e-06  1.93259033e-04 -1.30067325e-06  1.93259033e-04  1.63912196e-07  1.93259033e-04  1.20000000e+00  1.93259033e-04  0.00000000e+00 
 1.93359033e-04  1.03529639e+00  1.93359033e-04  6.90184549e-01  1.93359033e-04  1.16211393e-06  1.93359033e-04  1.87423162e-06  1.93359033e-04 -1.63833803e-07  1.93359033e-04  1.20000000e+00  1.93359033e-04  0.00000000e+00 
 1.93459033e-04  1.03790017e+00  1.93459033e-04  6.90208682e-01  1.93459033e-04  1.26544325e-06  1.93459033e-04 -1.30047384e-06  1.93459033e-04  1.63910808e-07  1.93459033e-04  1.20000000e+00  1.93459033e-04  0.00000000e+00 
 1.93559033e-04  1.04050380e+00  1.93559033e-04  6.90184706e-01  1.93559033e-04  1.16211423e-06  1.93559033e-04  1.87443348e-06  1.93559033e-04 -1.63832216e-07  1.93559033e-04  1.20000000e+00  1.93559033e-04  0.00000000e+00 
 1.93659033e-04  1.04310943e+00  1.93659033e-04  6.90209540e-01  1.93659033e-04  1.26544295e-06  1.93659033e-04 -1.30026270e-06  1.93659033e-04  1.63909422e-07  1.93659033e-04  1.20000000e+00  1.93659033e-04  0.00000000e+00 
 1.93759033e-04  1.04571498e+00  1.93759033e-04  6.90184800e-01  1.93759033e-04  1.16211453e-06  1.93759033e-04  1.87464825e-06  1.93759033e-04 -1.63830629e-07  1.93759033e-04  1.20000000e+00  1.93759033e-04  0.00000000e+00 
 1.93859033e-04  1.04832256e+00  1.93859033e-04  6.90210521e-01  1.93859033e-04  1.26544264e-06  1.93859033e-04 -1.30004012e-06  1.93859033e-04  1.63908033e-07  1.93859033e-04  1.20000000e+00  1.93859033e-04  0.00000000e+00 
 1.93959033e-04  1.05093013e+00  1.93959033e-04  6.90184825e-01  1.93959033e-04  1.16211485e-06  1.93959033e-04  1.87487593e-06  1.93959033e-04 -1.63829037e-07  1.93959033e-04  1.20000000e+00  1.93959033e-04  0.00000000e+00 
 1.94059033e-04  1.05353977e+00  1.94059033e-04  6.90211636e-01  1.94059033e-04  1.26544232e-06  1.94059033e-04 -1.29980646e-06  1.94059033e-04  1.63906638e-07  1.94059033e-04  1.20000000e+00  1.94059033e-04  0.00000000e+00 
 1.94159033e-04  1.05614946e+00  1.94159033e-04  6.90184773e-01  1.94159033e-04  1.16211518e-06  1.94159033e-04  1.87511646e-06  1.94159033e-04 -1.63827437e-07  1.94159033e-04  1.20000000e+00  1.94159033e-04  0.00000000e+00 
 1.94259033e-04  1.05876126e+00  1.94259033e-04  6.90212899e-01  1.94259033e-04  1.26544198e-06  1.94259033e-04 -1.29956216e-06  1.94259033e-04  1.63905231e-07  1.94259033e-04  1.20000000e+00  1.94259033e-04  0.00000000e+00 
 1.94359033e-04  1.06137317e+00  1.94359033e-04  6.90184637e-01  1.94359033e-04  1.16211552e-06  1.94359033e-04  1.87536977e-06  1.94359033e-04 -1.63825822e-07  1.94359033e-04  1.20000000e+00  1.94359033e-04  0.00000000e+00 
 1.94459033e-04  1.06398722e+00  1.94459033e-04  6.90214323e-01  1.94459033e-04  1.26544163e-06  1.94459033e-04 -1.29930762e-06  1.94459033e-04  1.63903807e-07  1.94459033e-04  1.20000000e+00  1.94459033e-04  0.00000000e+00 
 1.94559033e-04  1.06660146e+00  1.94559033e-04  6.90184409e-01  1.94559033e-04  1.16211588e-06  1.94559033e-04  1.87563578e-06  1.94559033e-04 -1.63824188e-07  1.94559033e-04  1.20000000e+00  1.94559033e-04  0.00000000e+00 
 1.94659033e-04  1.06921786e+00  1.94659033e-04  6.90215921e-01  1.94659033e-04  1.26544126e-06  1.94659033e-04 -1.29904321e-06  1.94659033e-04  1.63902360e-07  1.94659033e-04  1.20000000e+00  1.94659033e-04  0.00000000e+00 
 1.94759033e-04  1.07183451e+00  1.94759033e-04  6.90184081e-01  1.94759033e-04  1.16211626e-06  1.94759033e-04  1.87591450e-06  1.94759033e-04 -1.63822527e-07  1.94759033e-04  1.20000000e+00  1.94759033e-04  0.00000000e+00 
 1.94859033e-04  1.07445335e+00  1.94859033e-04  6.90217703e-01  1.94859033e-04  1.26544087e-06  1.94859033e-04 -1.29876916e-06  1.94859033e-04  1.63900884e-07  1.94859033e-04  1.20000000e+00  1.94859033e-04  0.00000000e+00 
 1.94959033e-04  1.07707253e+00  1.94959033e-04  6.90183647e-01  1.94959033e-04  1.16211666e-06  1.94959033e-04  1.87620609e-06  1.94959033e-04 -1.63820835e-07  1.94959033e-04  1.20000000e+00  1.94959033e-04  0.00000000e+00 
 1.95059033e-04  1.07969389e+00  1.95059033e-04  6.90219674e-01  1.95059033e-04  1.26544045e-06  1.95059033e-04 -1.29848549e-06  1.95059033e-04  1.63899372e-07  1.95059033e-04  1.20000000e+00  1.95059033e-04  0.00000000e+00 
 1.95159033e-04  1.08231568e+00  1.95159033e-04  6.90183101e-01  1.95159033e-04  1.16211710e-06  1.95159033e-04  1.87651091e-06  1.95159033e-04 -1.63819104e-07  1.95159033e-04  1.20000000e+00  1.95159033e-04  0.00000000e+00 
 1.95259033e-04  1.08493968e+00  1.95259033e-04  6.90221837e-01  1.95259033e-04  1.26544001e-06  1.95259033e-04 -1.29819189e-06  1.95259033e-04  1.63897817e-07  1.95259033e-04  1.20000000e+00  1.95259033e-04  0.00000000e+00 
 1.95359033e-04  1.08756419e+00  1.95359033e-04  6.90182442e-01  1.95359033e-04  1.16211756e-06  1.95359033e-04  1.87682968e-06  1.95359033e-04 -1.63817327e-07  1.95359033e-04  1.20000000e+00  1.95359033e-04  0.00000000e+00 
 1.95459033e-04  1.09019091e+00  1.95459033e-04  6.90224187e-01  1.95459033e-04  1.26543952e-06  1.95459033e-04 -1.29788759e-06  1.95459033e-04  1.63896213e-07  1.95459033e-04  1.20000000e+00  1.95459033e-04  0.00000000e+00 
 1.95559033e-04  1.09281826e+00  1.95559033e-04  6.90181669e-01  1.95559033e-04  1.16211806e-06  1.95559033e-04  1.87716353e-06  1.95559033e-04 -1.63815496e-07  1.95559033e-04  1.20000000e+00  1.95559033e-04  0.00000000e+00 
 1.95659033e-04  1.09544782e+00  1.95659033e-04  6.90226717e-01  1.95659033e-04  1.26543901e-06  1.95659033e-04 -1.29757129e-06  1.95659033e-04  1.63894551e-07  1.95659033e-04  1.20000000e+00  1.95659033e-04  0.00000000e+00 
 1.95759033e-04  1.09807813e+00  1.95759033e-04  6.90180787e-01  1.95759033e-04  1.16211860e-06  1.95759033e-04  1.87751414e-06  1.95759033e-04 -1.63813604e-07  1.95759033e-04  1.20000000e+00  1.95759033e-04  0.00000000e+00 
 1.95859033e-04  1.10071067e+00  1.95859033e-04  6.90229409e-01  1.95859033e-04  1.26543844e-06  1.95859033e-04 -1.29724095e-06  1.95859033e-04  1.63892823e-07  1.95859033e-04  1.20000000e+00  1.95859033e-04  0.00000000e+00 
 1.95959033e-04  1.10334408e+00  1.95959033e-04  6.90179802e-01  1.95959033e-04  1.16211918e-06  1.95959033e-04  1.87788392e-06  1.95959033e-04 -1.63811643e-07  1.95959033e-04  1.20000000e+00  1.95959033e-04  0.00000000e+00 
 1.96059033e-04  1.10597976e+00  1.96059033e-04  6.90232245e-01  1.96059033e-04  1.26543784e-06  1.96059033e-04 -1.29689370e-06  1.96059033e-04  1.63891023e-07  1.96059033e-04  1.20000000e+00  1.96059033e-04  0.00000000e+00 
 1.96159033e-04  1.10861644e+00  1.96159033e-04  6.90178724e-01  1.96159033e-04  1.16211981e-06  1.96159033e-04  1.87827609e-06  1.96159033e-04 -1.63809606e-07  1.96159033e-04  1.20000000e+00  1.96159033e-04  0.00000000e+00 
 1.96259033e-04  1.11125545e+00  1.96259033e-04  6.90235199e-01  1.96259033e-04  1.26543718e-06  1.96259033e-04 -1.29652568e-06  1.96259033e-04  1.63889142e-07  1.96259033e-04  1.20000000e+00  1.96259033e-04  0.00000000e+00 
 1.96359033e-04  1.11389562e+00  1.96359033e-04  6.90177567e-01  1.96359033e-04  1.16212049e-06  1.96359033e-04  1.87869491e-06  1.96359033e-04 -1.63807484e-07  1.96359033e-04  1.20000000e+00  1.96359033e-04  0.00000000e+00 
 1.96459033e-04  1.11653819e+00  1.96459033e-04  6.90238243e-01  1.96459033e-04  1.26543648e-06  1.96459033e-04 -1.29613182e-06  1.96459033e-04  1.63887173e-07  1.96459033e-04  1.20000000e+00  1.96459033e-04  0.00000000e+00 
 1.96559033e-04  1.11918212e+00  1.96559033e-04  6.90176345e-01  1.96559033e-04  1.16212123e-06  1.96559033e-04  1.87914583e-06  1.96559033e-04 -1.63805271e-07  1.96559033e-04  1.20000000e+00  1.96559033e-04  0.00000000e+00 
 1.96659033e-04  1.12182855e+00  1.96659033e-04  6.90241350e-01  1.96659033e-04  1.26543572e-06  1.96659033e-04 -1.29570571e-06  1.96659033e-04  1.63885109e-07  1.96659033e-04  1.20000000e+00  1.96659033e-04  0.00000000e+00 
 1.96759033e-04  1.12447655e+00  1.96759033e-04  6.90175076e-01  1.96759033e-04  1.16212202e-06  1.96759033e-04  1.87963576e-06  1.96759033e-04 -1.63802960e-07  1.96759033e-04  1.20000000e+00  1.96759033e-04  0.00000000e+00 
 1.96859033e-04  1.12712719e+00  1.96859033e-04  6.90244488e-01  1.96859033e-04  1.26543490e-06  1.96859033e-04 -1.29523934e-06  1.96859033e-04  1.63882945e-07  1.96859033e-04  1.20000000e+00  1.96859033e-04  0.00000000e+00 
 1.96959033e-04  1.12977966e+00  1.96959033e-04  6.90173777e-01  1.96959033e-04  1.16212286e-06  1.96959033e-04  1.88017325e-06  1.96959033e-04 -1.63800546e-07  1.96959033e-04  1.20000000e+00  1.96959033e-04  0.00000000e+00 
 1.97059033e-04  1.13243497e+00  1.97059033e-04  6.90247628e-01  1.97059033e-04  1.26543403e-06  1.97059033e-04 -1.29472283e-06  1.97059033e-04  1.63880674e-07  1.97059033e-04  1.20000000e+00  1.97059033e-04  0.00000000e+00 
 1.97159033e-04  1.13509240e+00  1.97159033e-04  6.90172466e-01  1.97159033e-04  1.16212377e-06  1.97159033e-04  1.88076888e-06  1.97159033e-04 -1.63798023e-07  1.97159033e-04  1.20000000e+00  1.97159033e-04  0.00000000e+00 
 1.97259033e-04  1.13775292e+00  1.97259033e-04  6.90250746e-01  1.97259033e-04  1.26543309e-06  1.97259033e-04 -1.29414418e-06  1.97259033e-04  1.63878292e-07  1.97259033e-04  1.20000000e+00  1.97259033e-04  0.00000000e+00 
 1.97359033e-04  1.14041592e+00  1.97359033e-04  6.90171161e-01  1.97359033e-04  1.16212473e-06  1.97359033e-04  1.88143557e-06  1.97359033e-04 -1.63795388e-07  1.97359033e-04  1.20000000e+00  1.97359033e-04  0.00000000e+00 
 1.97459033e-04  1.14308233e+00  1.97459033e-04  6.90253816e-01  1.97459033e-04  1.26543209e-06  1.97459033e-04 -1.29348883e-06  1.97459033e-04  1.63875797e-07  1.97459033e-04  1.20000000e+00  1.97459033e-04  0.00000000e+00 
 1.97559033e-04  1.14575164e+00  1.97559033e-04  6.90169879e-01  1.97559033e-04  1.16212576e-06  1.97559033e-04  1.88218900e-06  1.97559033e-04 -1.63792637e-07  1.97559033e-04  1.20000000e+00  1.97559033e-04  0.00000000e+00 
 1.97659033e-04  1.14842476e+00  1.97659033e-04  6.90256820e-01  1.97659033e-04  1.26543104e-06  1.97659033e-04 -1.29273925e-06  1.97659033e-04  1.63873184e-07  1.97659033e-04  1.20000000e+00  1.97659033e-04  0.00000000e+00 
 1.97759033e-04  1.15110129e+00  1.97759033e-04  6.90168635e-01  1.97759033e-04  1.16212685e-06  1.97759033e-04  1.88304818e-06  1.97759033e-04 -1.63789768e-07  1.97759033e-04  1.20000000e+00  1.97759033e-04  0.00000000e+00 
 1.97859033e-04  1.15378213e+00  1.97859033e-04  6.90259743e-01  1.97859033e-04  1.26542992e-06  1.97859033e-04 -1.29187434e-06  1.97859033e-04  1.63870454e-07  1.97859033e-04  1.20000000e+00  1.97859033e-04  0.00000000e+00 
 1.97959033e-04  1.15646700e+00  1.97959033e-04  6.90167446e-01  1.97959033e-04  1.16212800e-06  1.97959033e-04  1.88403602e-06  1.97959033e-04 -1.63786781e-07  1.97959033e-04  1.20000000e+00  1.97959033e-04  0.00000000e+00 
 1.98059033e-04  1.15915679e+00  1.98059033e-04  6.90262573e-01  1.98059033e-04  1.26542874e-06  1.98059033e-04 -1.29086882e-06  1.98059033e-04  1.63867605e-07  1.98059033e-04  1.20000000e+00  1.98059033e-04  0.00000000e+00 
 1.98159033e-04  1.16185133e+00  1.98159033e-04  6.90166323e-01  1.98159033e-04  1.16212920e-06  1.98159033e-04  1.88518013e-06  1.98159033e-04 -1.63783676e-07  1.98159033e-04  1.20000000e+00  1.98159033e-04  0.00000000e+00 
 1.98259033e-04  1.16455157e+00  1.98259033e-04  6.90265302e-01  1.98259033e-04  1.26542750e-06  1.98259033e-04 -1.28969238e-06  1.98259033e-04  1.63864638e-07  1.98259033e-04  1.20000000e+00  1.98259033e-04  0.00000000e+00 
 1.98359033e-04  1.16725744e+00  1.98359033e-04  6.90165279e-01  1.98359033e-04  1.16213047e-06  1.98359033e-04  1.88651371e-06  1.98359033e-04 -1.63780452e-07  1.98359033e-04  1.20000000e+00  1.98359033e-04  0.00000000e+00 
 1.98459033e-04  1.16996992e+00  1.98459033e-04  6.90267928e-01  1.98459033e-04  1.26542622e-06  1.98459033e-04 -1.28830869e-06  1.98459033e-04  1.63861555e-07  1.98459033e-04  1.20000000e+00  1.98459033e-04  0.00000000e+00 
 1.98559033e-04  1.17268909e+00  1.98559033e-04  6.90164326e-01  1.98559033e-04  1.16213179e-06  1.98559033e-04  1.88807668e-06  1.98559033e-04 -1.63777112e-07  1.98559033e-04  1.20000000e+00  1.98559033e-04  0.00000000e+00 
 1.98659033e-04  1.17541601e+00  1.98659033e-04  6.90270449e-01  1.98659033e-04  1.26542487e-06  1.98659033e-04 -1.28667420e-06  1.98659033e-04  1.63858356e-07  1.98659033e-04  1.20000000e+00  1.98659033e-04  0.00000000e+00 
 1.98759033e-04  1.17815089e+00  1.98759033e-04  6.90163475e-01  1.98759033e-04  1.16213316e-06  1.98759033e-04  1.88991702e-06  1.98759033e-04 -1.63773658e-07  1.98759033e-04  1.20000000e+00  1.98759033e-04  0.00000000e+00 
 1.98859033e-04  1.18089489e+00  1.98859033e-04  6.90272870e-01  1.98859033e-04  1.26542347e-06  1.98859033e-04 -1.28473667e-06  1.98859033e-04  1.63855046e-07  1.98859033e-04  1.20000000e+00  1.98859033e-04  0.00000000e+00 
 1.98959033e-04  1.18364838e+00  1.98959033e-04  6.90162738e-01  1.98959033e-04  1.16213458e-06  1.98959033e-04  1.89209246e-06  1.98959033e-04 -1.63770094e-07  1.98959033e-04  1.20000000e+00  1.98959033e-04  0.00000000e+00 
 1.99059033e-04  1.18641264e+00  1.99059033e-04  6.90275197e-01  1.99059033e-04  1.26542202e-06  1.99059033e-04 -1.28243329e-06  1.99059033e-04  1.63851628e-07  1.99059033e-04  1.20000000e+00  1.99059033e-04  0.00000000e+00 
 1.99159033e-04  1.18918824e+00  1.99159033e-04  6.90162126e-01  1.99159033e-04  1.16213605e-06  1.99159033e-04  1.89467264e-06  1.99159033e-04 -1.63766422e-07  1.99159033e-04  1.20000000e+00  1.99159033e-04  0.00000000e+00 
 1.99259033e-04  1.19197662e+00  1.99259033e-04  6.90277437e-01  1.99259033e-04  1.26542053e-06  1.99259033e-04 -1.27968839e-06  1.99259033e-04  1.63848106e-07  1.99259033e-04  1.20000000e+00  1.99259033e-04  0.00000000e+00 
 1.99359033e-04  1.19477856e+00  1.99359033e-04  6.90161651e-01  1.99359033e-04  1.16213757e-06  1.99359033e-04  1.89774176e-06  1.99359033e-04 -1.63762646e-07  1.99359033e-04  1.20000000e+00  1.99359033e-04  0.00000000e+00 
 1.99459033e-04  1.19759569e+00  1.99459033e-04  6.90279602e-01  1.99459033e-04  1.26541899e-06  1.99459033e-04 -1.27641044e-06  1.99459033e-04  1.63844484e-07  1.99459033e-04  1.20000000e+00  1.99459033e-04  0.00000000e+00 
 1.99559033e-04  1.20042908e+00  1.99559033e-04  6.90161329e-01  1.99559033e-04  1.16213913e-06  1.99559033e-04  1.90140209e-06  1.99559033e-04 -1.63758772e-07  1.99559033e-04  1.20000000e+00  1.99559033e-04  0.00000000e+00 
 1.99659033e-04  1.20328059e+00  1.99659033e-04  6.90281706e-01  1.99659033e-04  1.26541740e-06  1.99659033e-04 -1.27248819e-06  1.99659033e-04  1.63840767e-07  1.99659033e-04  1.20000000e+00  1.99659033e-04  0.00000000e+00 
 1.99759033e-04  1.20615160e+00  1.99759033e-04  6.90161177e-01  1.99759033e-04  1.16214073e-06  1.99759033e-04  1.90577858e-06  1.99759033e-04 -1.63754804e-07  1.99759033e-04  1.20000000e+00  1.99759033e-04  0.00000000e+00 
 1.99859033e-04  1.20904428e+00  1.99859033e-04  6.90283765e-01  1.99859033e-04  1.26541578e-06  1.99859033e-04 -1.26778551e-06  1.99859033e-04  1.63836961e-07  1.99859033e-04  1.20000000e+00  1.99859033e-04  0.00000000e+00 
 1.99959033e-04  1.21196042e+00  1.99959033e-04  6.90161213e-01  1.99959033e-04  1.16214237e-06  1.99959033e-04  1.91102501e-06  1.99959033e-04 -1.63750746e-07  1.99959033e-04  1.20000000e+00  1.99959033e-04  0.00000000e+00 
 2.00059033e-04  1.21490254e+00  2.00059033e-04  6.90285796e-01  2.00059033e-04  1.26541413e-06  2.00059033e-04 -1.26213449e-06  2.00059033e-04  1.63833072e-07  2.00059033e-04  1.20000000e+00  2.00059033e-04  0.00000000e+00 
 2.00159033e-04  1.21787293e+00  2.00159033e-04  6.90161463e-01  2.00159033e-04  1.16214404e-06  2.00159033e-04  1.91733244e-06  2.00159033e-04 -1.63746604e-07  2.00159033e-04  1.20000000e+00  2.00159033e-04  0.00000000e+00 
 2.00259033e-04  1.22087457e+00  2.00259033e-04  6.90287821e-01  2.00259033e-04  1.26541244e-06  2.00259033e-04 -1.25532590e-06  2.00259033e-04  1.63829104e-07  2.00259033e-04  1.20000000e+00  2.00259033e-04  0.00000000e+00 
 2.00359033e-04  1.22391038e+00  2.00359033e-04  6.90161955e-01  2.00359033e-04  1.16214574e-06  2.00359033e-04  1.92494082e-06  2.00359033e-04 -1.63742383e-07  2.00359033e-04  1.20000000e+00  2.00359033e-04  0.00000000e+00 
 2.00459033e-04  1.22698389e+00  2.00459033e-04  6.90289862e-01  2.00459033e-04  1.26541072e-06  2.00459033e-04 -1.24709595e-06  2.00459033e-04  1.63825065e-07  2.00459033e-04  1.20000000e+00  2.00459033e-04  0.00000000e+00 
 2.00559033e-04  1.23009888e+00  2.00559033e-04  6.90162722e-01  2.00559033e-04  1.16214747e-06  2.00559033e-04  1.93415533e-06  2.00559033e-04 -1.63738089e-07  2.00559033e-04  1.20000000e+00  2.00559033e-04  0.00000000e+00 
 2.00659033e-04  1.23325956e+00  2.00659033e-04  6.90291942e-01  2.00659033e-04  1.26540897e-06  2.00659033e-04 -1.23710772e-06  2.00659033e-04  1.63820960e-07  2.00659033e-04  1.20000000e+00  2.00659033e-04  0.00000000e+00 
 2.00759033e-04  1.23647079e+00  2.00759033e-04  6.90163802e-01  2.00759033e-04  1.16214923e-06  2.00759033e-04  1.94536929e-06  2.00759033e-04 -1.63733728e-07  2.00759033e-04  1.20000000e+00  2.00759033e-04  0.00000000e+00 
 2.00859033e-04  1.23973770e+00  2.00859033e-04  6.90294083e-01  2.00859033e-04  1.26540720e-06  2.00859033e-04 -1.22492535e-06  2.00859033e-04  1.63816798e-07  2.00859033e-04  1.20000000e+00  2.00859033e-04  0.00000000e+00 
 2.00959033e-04  1.24306656e+00  2.00959033e-04  6.90165234e-01  2.00959033e-04  1.16215101e-06  2.00959033e-04  1.95909563e-06  2.00959033e-04 -1.63729304e-07  2.00959033e-04  1.20000000e+00  2.00959033e-04  0.00000000e+00 
 2.01059033e-04  1.24646365e+00  2.01059033e-04  6.90296291e-01  2.01059033e-04  1.26540541e-06  2.01059033e-04 -1.20997934e-06  2.01059033e-04  1.63812584e-07  2.01059033e-04  1.20000000e+00  2.01059033e-04  0.00000000e+00 
 2.01159033e-04  1.24993717e+00  2.01159033e-04  6.90167043e-01  2.01159033e-04  1.16215280e-06  2.01159033e-04  1.97600752e-06  2.01159033e-04 -1.63724825e-07  2.01159033e-04  1.20000000e+00  2.01159033e-04  0.00000000e+00 
 2.01259033e-04  1.25349486e+00  2.01259033e-04  6.90298533e-01  2.01259033e-04  1.26540361e-06  2.01259033e-04 -1.19152629e-06  2.01259033e-04  1.63808328e-07  2.01259033e-04  1.20000000e+00  2.01259033e-04  0.00000000e+00 
 2.01359033e-04  1.25714740e+00  2.01359033e-04  6.90169194e-01  2.01359033e-04  1.16215461e-06  2.01359033e-04  1.99697704e-06  2.01359033e-04 -1.63720295e-07  2.01359033e-04  1.20000000e+00  2.01359033e-04  0.00000000e+00 
 2.01459033e-04  1.26090431e+00  2.01459033e-04  6.90300655e-01  2.01459033e-04  1.26540179e-06  2.01459033e-04 -1.16863122e-06  2.01459033e-04  1.63804038e-07  2.01459033e-04  1.20000000e+00  2.01459033e-04  0.00000000e+00 
 2.01559033e-04  1.26477923e+00  2.01559033e-04  6.90171460e-01  2.01559033e-04  1.16215643e-06  2.01559033e-04  2.02304575e-06  2.01559033e-04 -1.63715723e-07  2.01559033e-04  1.20000000e+00  2.01559033e-04  0.00000000e+00 
 2.01659033e-04  1.26877720e+00  2.01659033e-04  6.90300248e-01  2.01659033e-04  1.26539998e-06  2.01659033e-04 -1.14158496e-06  2.01659033e-04  1.63799726e-07  2.01659033e-04  1.20000000e+00  2.01659033e-04  0.00000000e+00 
 2.01759033e-04  1.27292790e+00  2.01759033e-04  6.90177630e-01  2.01759033e-04  1.16215823e-06  2.01759033e-04  2.05668551e-06  2.01759033e-04 -1.63711124e-07  2.01759033e-04  1.20000000e+00  2.01759033e-04  0.00000000e+00 
 2.01859033e-04  1.27721824e+00  2.01859033e-04  6.90292287e-01  2.01859033e-04  1.26539820e-06  2.01859033e-04 -1.11077188e-06  2.01859033e-04  1.63795430e-07  2.01859033e-04  1.20000000e+00  2.01859033e-04  0.00000000e+00 
 2.01959033e-04  1.28165973e+00  2.01959033e-04  6.90177836e-01  2.01959033e-04  1.16215998e-06  2.01959033e-04  2.09007385e-06  2.01959033e-04 -1.63706552e-07  2.01959033e-04  1.20000000e+00  2.01959033e-04  0.00000000e+00 
 2.02059033e-04  1.28623985e+00  2.02059033e-04  6.90283341e-01  2.02059033e-04  1.26539650e-06  2.02059033e-04 -1.08022839e-06  2.02059033e-04  1.63791206e-07  2.02059033e-04  1.20000000e+00  2.02059033e-04  0.00000000e+00 
 2.02159033e-04  1.29089839e+00  2.02159033e-04  6.90160565e-01  2.02159033e-04  1.16216168e-06  2.02159033e-04  2.10785090e-06  2.02159033e-04 -1.63702040e-07  2.02159033e-04  1.20000000e+00  2.02159033e-04  0.00000000e+00 
 2.02259033e-04  1.29551203e+00  2.02259033e-04  6.90255136e-01  2.02259033e-04  1.26539486e-06  2.02259033e-04 -1.08966459e-06  2.02259033e-04  1.63787049e-07  2.02259033e-04  1.20000000e+00  2.02259033e-04  0.00000000e+00 
 2.02359033e-04  1.29992813e+00  2.02359033e-04  6.90124693e-01  2.02359033e-04  1.16216336e-06  2.02359033e-04  2.06514626e-06  2.02359033e-04 -1.63697594e-07  2.02359033e-04  1.20000000e+00  2.02359033e-04  0.00000000e+00 
 2.02459033e-04  1.30395129e+00  2.02459033e-04  6.90210119e-01  2.02459033e-04  1.26539327e-06  2.02459033e-04 -1.17558229e-06  2.02459033e-04  1.63782936e-07  2.02459033e-04  1.20000000e+00  2.02459033e-04  0.00000000e+00 
 2.02559033e-04  1.30745344e+00  2.02559033e-04  6.90084792e-01  2.02559033e-04  1.16216501e-06  2.02559033e-04  1.95087881e-06  2.02559033e-04 -1.63693239e-07  2.02559033e-04  1.20000000e+00  2.02559033e-04  0.00000000e+00 
 2.02659033e-04  1.31036293e+00  2.02659033e-04  6.90162210e-01  2.02659033e-04  1.26539185e-06  2.02659033e-04 -1.30622765e-06  2.02659033e-04  1.63778865e-07  2.02659033e-04  1.20000000e+00  2.02659033e-04  0.00000000e+00 
 2.02759033e-04  1.31269913e+00  2.02759033e-04  6.89872256e-01  2.02759033e-04  1.16216869e-06  2.02759033e-04  1.82446852e-06  2.02759033e-04 -1.63688876e-07  2.02759033e-04  1.20000000e+00  2.02759033e-04  0.00000000e+00 
 2.02859033e-04  1.31451779e+00  2.02859033e-04  6.89843236e-01  2.02859033e-04  1.26539005e-06  2.02859033e-04 -1.42088473e-06  2.02859033e-04  1.63774554e-07  2.02859033e-04  1.20000000e+00  2.02859033e-04  0.00000000e+00 
 2.02959033e-04  1.31590574e+00  2.02959033e-04  6.89915887e-01  2.02959033e-04  1.16216911e-06  2.02959033e-04  1.72919932e-06  2.02959033e-04 -1.63684703e-07  2.02959033e-04  1.20000000e+00  2.02959033e-04  0.00000000e+00 
 2.03059033e-04  1.31695429e+00  2.03059033e-04  6.90010786e-01  2.03059033e-04  1.26538880e-06  2.03059033e-04 -1.49635196e-06  2.03059033e-04  1.63770867e-07  2.03059033e-04  1.20000000e+00  2.03059033e-04  0.00000000e+00 
 2.03159033e-04  1.31773943e+00  2.03159033e-04  6.90027071e-01  2.03159033e-04  1.16216968e-06  2.03159033e-04  1.67098429e-06  2.03159033e-04 -1.63681161e-07  2.03159033e-04  1.20000000e+00  2.03159033e-04  0.00000000e+00 
 2.03259033e-04  1.31832426e+00  2.03259033e-04  6.90101886e-01  2.03259033e-04  1.26538782e-06  2.03259033e-04 -1.54101403e-06  2.03259033e-04  1.63767554e-07  2.03259033e-04  1.20000000e+00  2.03259033e-04  0.00000000e+00 
 2.03359033e-04  1.31875829e+00  2.03359033e-04  6.90083835e-01  2.03359033e-04  1.16217033e-06  2.03359033e-04  1.63772756e-06  2.03359033e-04 -1.63677950e-07  2.03359033e-04  1.20000000e+00  2.03359033e-04  0.00000000e+00 
 2.03459033e-04  1.31908090e+00  2.03459033e-04  6.90156967e-01  2.03459033e-04  1.26538694e-06  2.03459033e-04 -1.56597591e-06  2.03459033e-04  1.63764479e-07  2.03459033e-04  1.20000000e+00  2.03459033e-04  0.00000000e+00 
 2.03559033e-04  1.31931915e+00  2.03559033e-04  6.90118240e-01  2.03559033e-04  1.16217106e-06  2.03559033e-04  1.61923506e-06  2.03559033e-04 -1.63674930e-07  2.03559033e-04  1.20000000e+00  2.03559033e-04  0.00000000e+00 
 2.03659033e-04  1.31949639e+00  2.03659033e-04  6.90188780e-01  2.03659033e-04  1.26538606e-06  2.03659033e-04 -1.57976089e-06  2.03659033e-04  1.63761536e-07  2.03659033e-04  1.20000000e+00  2.03659033e-04  0.00000000e+00 
 2.03759033e-04  1.31962661e+00  2.03759033e-04  6.90136873e-01  2.03759033e-04  1.16217186e-06  2.03759033e-04  1.60903772e-06  2.03759033e-04 -1.63672019e-07  2.03759033e-04  1.20000000e+00  2.03759033e-04  0.00000000e+00 
 2.03859033e-04  1.31972387e+00  2.03859033e-04  6.90205301e-01  2.03859033e-04  1.26538517e-06  2.03859033e-04 -1.58732397e-06  2.03859033e-04  1.63758666e-07  2.03859033e-04  1.20000000e+00  2.03859033e-04  0.00000000e+00 
 2.03959033e-04  1.31979478e+00  2.03959033e-04  6.90145772e-01  2.03959033e-04  1.16217273e-06  2.03959033e-04  1.60343545e-06  2.03959033e-04 -1.63669168e-07  2.03959033e-04  1.20000000e+00  2.03959033e-04  0.00000000e+00 
 2.04059033e-04  1.31984820e+00  2.04059033e-04  6.90213349e-01  2.04059033e-04  1.26538425e-06  2.04059033e-04 -1.59145632e-06  2.04059033e-04  1.63755838e-07  2.04059033e-04  1.20000000e+00  2.04059033e-04  0.00000000e+00 
 2.04159033e-04  1.31988665e+00  2.04159033e-04  6.90149825e-01  2.04159033e-04  1.16217363e-06  2.04159033e-04  1.60036128e-06  2.04159033e-04 -1.63666349e-07  2.04159033e-04  1.20000000e+00  2.04159033e-04  0.00000000e+00 
 2.04259033e-04  1.31991609e+00  2.04259033e-04  6.90217280e-01  2.04259033e-04  1.26538332e-06  2.04259033e-04 -1.59370638e-06  2.04259033e-04  1.63753032e-07  2.04259033e-04  1.20000000e+00  2.04259033e-04  0.00000000e+00 
 2.04359033e-04  1.31993680e+00  2.04359033e-04  6.90151699e-01  2.04359033e-04  1.16217456e-06  2.04359033e-04  1.59867283e-06  2.04359033e-04 -1.63663548e-07  2.04359033e-04  1.20000000e+00  2.04359033e-04  0.00000000e+00 
 2.04459033e-04  1.31995315e+00  2.04459033e-04  6.90219258e-01  2.04459033e-04  1.26538238e-06  2.04459033e-04 -1.59492643e-06  2.04459033e-04  1.63750238e-07  2.04459033e-04  1.20000000e+00  2.04459033e-04  0.00000000e+00 
 2.04559033e-04  1.31996417e+00  2.04559033e-04  6.90152599e-01  2.04559033e-04  1.16217551e-06  2.04559033e-04  1.59774231e-06  2.04559033e-04 -1.63660757e-07  2.04559033e-04  1.20000000e+00  2.04559033e-04  0.00000000e+00 
 2.04659033e-04  1.31997337e+00  2.04659033e-04  6.90220284e-01  2.04659033e-04  1.26538143e-06  2.04659033e-04 -1.59558366e-06  2.04659033e-04  1.63747450e-07  2.04659033e-04  1.20000000e+00  2.04659033e-04  0.00000000e+00 
 2.04759033e-04  1.31997911e+00  2.04759033e-04  6.90153050e-01  2.04759033e-04  1.16217646e-06  2.04759033e-04  1.59722581e-06  2.04759033e-04 -1.63657971e-07  2.04759033e-04  1.20000000e+00  2.04759033e-04  0.00000000e+00 
 2.04859033e-04  1.31998440e+00  2.04859033e-04  6.90220825e-01  2.04859033e-04  1.26538047e-06  2.04859033e-04 -1.59593358e-06  2.04859033e-04  1.63744666e-07  2.04859033e-04  1.20000000e+00  2.04859033e-04  0.00000000e+00 
 2.04929521e-04  1.31998633e+00  2.04929521e-04  6.90153239e-01  2.04929521e-04  1.16217762e-06  2.04929521e-04  1.59696216e-06  2.04929521e-04 -1.63654606e-07  2.04929521e-04  1.20000000e+00  2.04929521e-04  0.00000000e+00 
 2.05000010e-04  1.31998899e+00  2.05000010e-04  6.90221072e-01  2.05000010e-04  1.26537911e-06  2.05000010e-04 -1.59606002e-06  2.05000010e-04  1.63740720e-07  2.05000010e-04  1.20000000e+00  2.05000010e-04  0.00000000e+00 
 2.05000011e-04  1.31997528e+00  2.05000011e-04  6.87703725e-01  2.05000011e-04  1.85400787e-06  2.05000011e-04 -1.04041046e-05  2.05000011e-04  1.77777816e-06  2.05000011e-04  1.08000001e+00  2.05000011e-04  0.00000000e+00 
 2.05000013e-04  1.31994307e+00  2.05000013e-04  6.82463647e-01  2.05000013e-04  1.95143973e-06  2.05000013e-04 -9.78869053e-06  2.05000013e-04  2.08053702e-06  2.05000013e-04  8.40000000e-01  2.05000013e-04  0.00000000e+00 
 2.05000016e-04  1.31987499e+00  2.05000016e-04  6.74448716e-01  2.05000016e-04  1.70838154e-06  2.05000016e-04 -1.69523805e-06  2.05000016e-04  1.30633600e-06  2.05000016e-04  4.20000001e-01  2.05000016e-04  0.00000000e+00 
 2.05000020e-04  1.31980826e+00  2.05000020e-04  6.70659505e-01  2.05000020e-04  1.33413896e-06  2.05000020e-04  3.52665718e-06  2.05000020e-04  2.78819153e-07  2.05000020e-04  0.00000000e+00  2.05000020e-04  0.00000000e+00 
 2.05000021e-04  1.31980622e+00  2.05000021e-04  6.71103739e-01  2.05000021e-04  1.07302437e-06  2.05000021e-04  1.69958011e-06  2.05000021e-04 -4.63800837e-07  2.05000021e-04  0.00000000e+00  2.05000021e-04  0.00000000e+00 
 2.05000022e-04  1.31980363e+00  2.05000022e-04  6.72028318e-01  2.05000022e-04  1.03258739e-06  2.05000022e-04  2.48893553e-06  2.05000022e-04 -6.07911334e-07  2.05000022e-04  0.00000000e+00  2.05000022e-04  0.00000000e+00 
 2.05000025e-04  1.31980013e+00  2.05000025e-04  6.73794153e-01  2.05000025e-04  1.08001214e-06  2.05000025e-04  3.23206548e-06  2.05000025e-04 -4.18878915e-07  2.05000025e-04  0.00000000e+00  2.05000025e-04  0.00000000e+00 
 2.05000030e-04  1.31979686e+00  2.05000030e-04  6.77272145e-01  2.05000030e-04  1.03135821e-06  2.05000030e-04  4.91526802e-06  2.05000030e-04 -5.58780532e-07  2.05000030e-04  0.00000000e+00  2.05000030e-04  0.00000000e+00 
 2.05000041e-04  1.31980163e+00  2.05000041e-04  6.83497002e-01  2.05000041e-04  1.10214813e-06  2.05000041e-04  4.68044431e-06  2.05000041e-04 -3.01194291e-07  2.05000041e-04  0.00000000e+00  2.05000041e-04  0.00000000e+00 
 2.05000062e-04  1.31984063e+00  2.05000062e-04  6.92526786e-01  2.05000062e-04  1.09982320e-06  2.05000062e-04  2.21979766e-06  2.05000062e-04 -3.11064109e-07  2.05000062e-04  0.00000000e+00  2.05000062e-04  0.00000000e+00 
 2.05000105e-04  1.31996766e+00  2.05000105e-04  7.01965487e-01  2.05000105e-04  1.19231677e-06  2.05000105e-04 -2.73000655e-06  2.05000105e-04 -7.61675154e-09  2.05000105e-04  0.00000000e+00  2.05000105e-04  0.00000000e+00 
 2.05000175e-04  1.32019114e+00  2.05000175e-04  7.07783026e-01  2.05000175e-04  1.16957882e-06  2.05000175e-04 -6.01761855e-06  2.05000175e-04 -1.06637303e-07  2.05000175e-04  0.00000000e+00  2.05000175e-04  0.00000000e+00 
 2.05000285e-04  1.32038684e+00  2.05000285e-04  7.09011180e-01  2.05000285e-04  1.24193017e-06  2.05000285e-04 -8.22749032e-06  2.05000285e-04  9.89705799e-08  2.05000285e-04  0.00000000e+00  2.05000285e-04  0.00000000e+00 
 2.05000439e-04  1.32040820e+00  2.05000439e-04  6.94101325e-01  2.05000439e-04  1.24594514e-06  2.05000439e-04 -3.98903813e-06  2.05000439e-04  4.90729600e-08  2.05000439e-04  0.00000000e+00  2.05000439e-04  0.00000000e+00 
 2.05000595e-04  1.32040619e+00  2.05000595e-04  6.89058349e-01  2.05000595e-04  1.21227956e-06  2.05000595e-04 -2.20867119e-07  2.05000595e-04 -6.04310545e-10  2.05000595e-04  0.00000000e+00  2.05000595e-04  0.00000000e+00 
 2.05000775e-04  1.32040716e+00  2.05000775e-04  6.88542565e-01  2.05000775e-04  1.21948444e-06  2.05000775e-04 -8.56821169e-07  2.05000775e-04  3.56690325e-09  2.05000775e-04  0.00000000e+00  2.05000775e-04  0.00000000e+00 
 2.05001059e-04  1.32040688e+00  2.05001059e-04  6.88557453e-01  2.05001059e-04  1.20763760e-06  2.05001059e-04  5.36361428e-07  2.05001059e-04 -5.50744407e-09  2.05001059e-04  0.00000000e+00  2.05001059e-04  0.00000000e+00 
 2.05001628e-04  1.32040628e+00  2.05001628e-04  6.89074677e-01  2.05001628e-04  1.21884999e-06  2.05001628e-04 -5.61096375e-07  2.05001628e-04  2.93371665e-09  2.05001628e-04  0.00000000e+00  2.05001628e-04  0.00000000e+00 
 2.05002765e-04  1.32040433e+00  2.05002765e-04  6.89525996e-01  2.05002765e-04  1.20812761e-06  2.05002765e-04  5.47721763e-07  2.05002765e-04 -4.20230581e-09  2.05002765e-04  0.00000000e+00  2.05002765e-04  0.00000000e+00 
 2.05005039e-04  1.32040104e+00  2.05005039e-04  6.89878534e-01  2.05005039e-04  1.21925876e-06  2.05005039e-04 -5.49646783e-07  2.05005039e-04  3.84928295e-09  2.05005039e-04  0.00000000e+00  2.05005039e-04  0.00000000e+00 
 2.05009588e-04  1.32039529e+00  2.05009588e-04  6.90041347e-01  2.05009588e-04  1.20825642e-06  2.05009588e-04  5.47902410e-07  2.05009588e-04 -3.81056372e-09  2.05009588e-04  0.00000000e+00  2.05009588e-04  0.00000000e+00 
 2.05018685e-04  1.32038688e+00  2.05018685e-04  6.90155122e-01  2.05018685e-04  1.21929573e-06  2.05018685e-04 -5.47752581e-07  2.05018685e-04  3.90993697e-09  2.05018685e-04  0.00000000e+00  2.05018685e-04  0.00000000e+00 
 2.05036880e-04  1.32037699e+00  2.05036880e-04  6.90173208e-01  2.05036880e-04  1.20826094e-06  2.05036880e-04  5.47505094e-07  2.05036880e-04 -3.82094949e-09  2.05036880e-04  0.00000000e+00  2.05036880e-04  0.00000000e+00 
 2.05073270e-04  1.32037035e+00  2.05073270e-04  6.90178995e-01  2.05073270e-04  1.21929734e-06  2.05073270e-04 -5.47399752e-07  2.05073270e-04  3.90925881e-09  2.05073270e-04  0.00000000e+00  2.05073270e-04  0.00000000e+00 
 2.05146050e-04  1.32036864e+00  2.05146050e-04  6.90179492e-01  2.05146050e-04  1.20825970e-06  2.05146050e-04  5.47346913e-07  2.05146050e-04 -3.82131195e-09  2.05146050e-04  0.00000000e+00  2.05146050e-04  0.00000000e+00 
 2.05246050e-04  1.32036812e+00  2.05246050e-04  6.90187200e-01  2.05246050e-04  1.21929800e-06  2.05246050e-04 -5.47306355e-07  2.05246050e-04  3.90954141e-09  2.05246050e-04  0.00000000e+00  2.05246050e-04  0.00000000e+00 
 2.05346050e-04  1.32036706e+00  2.05346050e-04  6.90184292e-01  2.05346050e-04  1.20825914e-06  2.05346050e-04  5.47270906e-07  2.05346050e-04 -3.82157955e-09  2.05346050e-04  0.00000000e+00  2.05346050e-04  0.00000000e+00 
 2.05446050e-04  1.32036632e+00  2.05446050e-04  6.90189831e-01  2.05446050e-04  1.21929855e-06  2.05446050e-04 -5.47230273e-07  2.05446050e-04  3.90982855e-09  2.05446050e-04  0.00000000e+00  2.05446050e-04  0.00000000e+00 
 2.05546050e-04  1.32036535e+00  2.05546050e-04  6.90185448e-01  2.05546050e-04  1.20825859e-06  2.05546050e-04  5.47195499e-07  2.05546050e-04 -3.82188455e-09  2.05546050e-04  0.00000000e+00  2.05546050e-04  0.00000000e+00 
 2.05646050e-04  1.32036458e+00  2.05646050e-04  6.90190456e-01  2.05646050e-04  1.21929909e-06  2.05646050e-04 -5.47154923e-07  2.05646050e-04  3.91014879e-09  2.05646050e-04  0.00000000e+00  2.05646050e-04  0.00000000e+00 
 2.05746050e-04  1.32036361e+00  2.05746050e-04  6.90185756e-01  2.05746050e-04  1.20825806e-06  2.05746050e-04  5.47120296e-07  2.05746050e-04 -3.82221860e-09  2.05746050e-04  0.00000000e+00  2.05746050e-04  0.00000000e+00 
 2.05846050e-04  1.32036284e+00  2.05846050e-04  6.90190563e-01  2.05846050e-04  1.21929962e-06  2.05846050e-04 -5.47079705e-07  2.05846050e-04  3.91049498e-09  2.05846050e-04  0.00000000e+00  2.05846050e-04  0.00000000e+00 
 2.05946050e-04  1.32036188e+00  2.05946050e-04  6.90185883e-01  2.05946050e-04  1.20825753e-06  2.05946050e-04  5.47045085e-07  2.05946050e-04 -3.82257589e-09  2.05946050e-04  0.00000000e+00  2.05946050e-04  0.00000000e+00 
 2.06046050e-04  1.32036110e+00  2.06046050e-04  6.90190526e-01  2.06046050e-04  1.21930014e-06  2.06046050e-04 -5.47004452e-07  2.06046050e-04  3.91086219e-09  2.06046050e-04  0.00000000e+00  2.06046050e-04  0.00000000e+00 
 2.06146050e-04  1.32036014e+00  2.06146050e-04  6.90185982e-01  2.06146050e-04  1.20825700e-06  2.06146050e-04  5.46969801e-07  2.06146050e-04 -3.82295228e-09  2.06146050e-04  0.00000000e+00  2.06146050e-04  0.00000000e+00 
 2.06246050e-04  1.32035936e+00  2.06246050e-04  6.90190443e-01  2.06246050e-04  1.21930067e-06  2.06246050e-04 -5.46929115e-07  2.06246050e-04  3.91124688e-09  2.06246050e-04  0.00000000e+00  2.06246050e-04  0.00000000e+00 
 2.06346050e-04  1.32035840e+00  2.06346050e-04  6.90186082e-01  2.06346050e-04  1.20825648e-06  2.06346050e-04  5.46894420e-07  2.06346050e-04 -3.82334475e-09  2.06346050e-04  0.00000000e+00  2.06346050e-04  0.00000000e+00 
 2.06446050e-04  1.32035763e+00  2.06446050e-04  6.90190343e-01  2.06446050e-04  1.21930119e-06  2.06446050e-04 -5.46853677e-07  2.06446050e-04  3.91164646e-09  2.06446050e-04  0.00000000e+00  2.06446050e-04  0.00000000e+00 
 2.06546050e-04  1.32035667e+00  2.06546050e-04  6.90186187e-01  2.06546050e-04  1.20825596e-06  2.06546050e-04  5.46818934e-07  2.06546050e-04 -3.82375107e-09  2.06546050e-04  0.00000000e+00  2.06546050e-04  0.00000000e+00 
 2.06646050e-04  1.32035589e+00  2.06646050e-04  6.90190235e-01  2.06646050e-04  1.21930171e-06  2.06646050e-04 -5.46778133e-07  2.06646050e-04  3.91205899e-09  2.06646050e-04  0.00000000e+00  2.06646050e-04  0.00000000e+00 
 2.06746050e-04  1.32035493e+00  2.06746050e-04  6.90186295e-01  2.06746050e-04  1.20825544e-06  2.06746050e-04  5.46743342e-07  2.06746050e-04 -3.82416956e-09  2.06746050e-04  0.00000000e+00  2.06746050e-04  0.00000000e+00 
 2.06846050e-04  1.32035415e+00  2.06846050e-04  6.90190125e-01  2.06846050e-04  1.21930223e-06  2.06846050e-04 -5.46702482e-07  2.06846050e-04  3.91248299e-09  2.06846050e-04  0.00000000e+00  2.06846050e-04  0.00000000e+00 
 2.06946050e-04  1.32035319e+00  2.06946050e-04  6.90186404e-01  2.06946050e-04  1.20825492e-06  2.06946050e-04  5.46667643e-07  2.06946050e-04 -3.82459891e-09  2.06946050e-04  0.00000000e+00  2.06946050e-04  0.00000000e+00 
 2.07046050e-04  1.32035242e+00  2.07046050e-04  6.90190013e-01  2.07046050e-04  1.21930276e-06  2.07046050e-04 -5.46626727e-07  2.07046050e-04  3.91291731e-09  2.07046050e-04  0.00000000e+00  2.07046050e-04  0.00000000e+00 
 2.07146050e-04  1.32035146e+00  2.07146050e-04  6.90186514e-01  2.07146050e-04  1.20825439e-06  2.07146050e-04  5.46591842e-07  2.07146050e-04 -3.82503811e-09  2.07146050e-04  0.00000000e+00  2.07146050e-04  0.00000000e+00 
 2.07246050e-04  1.32035068e+00  2.07246050e-04  6.90189901e-01  2.07246050e-04  1.21930328e-06  2.07246050e-04 -5.46550870e-07  2.07246050e-04  3.91336106e-09  2.07246050e-04  0.00000000e+00  2.07246050e-04  0.00000000e+00 
 2.07346050e-04  1.32034972e+00  2.07346050e-04  6.90186624e-01  2.07346050e-04  1.20825387e-06  2.07346050e-04  5.46515940e-07  2.07346050e-04 -3.82548635e-09  2.07346050e-04  0.00000000e+00  2.07346050e-04  0.00000000e+00 
 2.07446050e-04  1.32034894e+00  2.07446050e-04  6.90189790e-01  2.07446050e-04  1.21930380e-06  2.07446050e-04 -5.46474916e-07  2.07446050e-04  3.91381353e-09  2.07446050e-04  0.00000000e+00  2.07446050e-04  0.00000000e+00 
 2.07546050e-04  1.32034799e+00  2.07546050e-04  6.90186733e-01  2.07546050e-04  1.20825334e-06  2.07546050e-04  5.46439943e-07  2.07546050e-04 -3.82594301e-09  2.07546050e-04  0.00000000e+00  2.07546050e-04  0.00000000e+00 
 2.07646050e-04  1.32034720e+00  2.07646050e-04  6.90189679e-01  2.07646050e-04  1.21930433e-06  2.07646050e-04 -5.46398867e-07  2.07646050e-04  3.91427413e-09  2.07646050e-04  0.00000000e+00  2.07646050e-04  0.00000000e+00 
 2.07746050e-04  1.32034625e+00  2.07746050e-04  6.90186841e-01  2.07746050e-04  1.20825282e-06  2.07746050e-04  5.46363854e-07  2.07746050e-04 -3.82640757e-09  2.07746050e-04  0.00000000e+00  2.07746050e-04  0.00000000e+00 
 2.07846050e-04  1.32034547e+00  2.07846050e-04  6.90189569e-01  2.07846050e-04  1.21930485e-06  2.07846050e-04 -5.46322729e-07  2.07846050e-04  3.91474241e-09  2.07846050e-04  0.00000000e+00  2.07846050e-04  0.00000000e+00 
 2.07946050e-04  1.32034451e+00  2.07946050e-04  6.90186948e-01  2.07946050e-04  1.20825230e-06  2.07946050e-04  5.46287677e-07  2.07946050e-04 -3.82687960e-09  2.07946050e-04  0.00000000e+00  2.07946050e-04  0.00000000e+00 
 2.08046050e-04  1.32034373e+00  2.08046050e-04  6.90189460e-01  2.08046050e-04  1.21930538e-06  2.08046050e-04 -5.46246505e-07  2.08046050e-04  3.91521799e-09  2.08046050e-04  0.00000000e+00  2.08046050e-04  0.00000000e+00 
 2.08146050e-04  1.32034278e+00  2.08146050e-04  6.90187055e-01  2.08146050e-04  1.20825177e-06  2.08146050e-04  5.46211416e-07  2.08146050e-04 -3.82735877e-09  2.08146050e-04  0.00000000e+00  2.08146050e-04  0.00000000e+00 
 2.08246050e-04  1.32034199e+00  2.08246050e-04  6.90189353e-01  2.08246050e-04  1.21930590e-06  2.08246050e-04 -5.46170199e-07  2.08246050e-04  3.91570056e-09  2.08246050e-04  0.00000000e+00  2.08246050e-04  0.00000000e+00 
 2.08346050e-04  1.32034104e+00  2.08346050e-04  6.90187160e-01  2.08346050e-04  1.20825124e-06  2.08346050e-04  5.46135075e-07  2.08346050e-04 -3.82784478e-09  2.08346050e-04  0.00000000e+00  2.08346050e-04  0.00000000e+00 
 2.08446050e-04  1.32034026e+00  2.08446050e-04  6.90189246e-01  2.08446050e-04  1.21930643e-06  2.08446050e-04 -5.46093815e-07  2.08446050e-04  3.91618985e-09  2.08446050e-04  0.00000000e+00  2.08446050e-04  0.00000000e+00 
 2.08546050e-04  1.32033930e+00  2.08546050e-04  6.90187265e-01  2.08546050e-04  1.20825072e-06  2.08546050e-04  5.46058658e-07  2.08546050e-04 -3.82833741e-09  2.08546050e-04  0.00000000e+00  2.08546050e-04  0.00000000e+00 
 2.08646050e-04  1.32033852e+00  2.08646050e-04  6.90189139e-01  2.08646050e-04  1.21930696e-06  2.08646050e-04 -5.46017357e-07  2.08646050e-04  3.91668565e-09  2.08646050e-04  0.00000000e+00  2.08646050e-04  0.00000000e+00 
 2.08746050e-04  1.32033757e+00  2.08746050e-04  6.90187369e-01  2.08746050e-04  1.20825019e-06  2.08746050e-04  5.45982169e-07  2.08746050e-04 -3.82883646e-09  2.08746050e-04  0.00000000e+00  2.08746050e-04  0.00000000e+00 
 2.08846050e-04  1.32033678e+00  2.08846050e-04  6.90189034e-01  2.08846050e-04  1.21930749e-06  2.08846050e-04 -5.45940829e-07  2.08846050e-04  3.91718778e-09  2.08846050e-04  0.00000000e+00  2.08846050e-04  0.00000000e+00 
 2.08946050e-04  1.32033583e+00  2.08946050e-04  6.90187472e-01  2.08946050e-04  1.20824966e-06  2.08946050e-04  5.45905612e-07  2.08946050e-04 -3.82934176e-09  2.08946050e-04  0.00000000e+00  2.08946050e-04  0.00000000e+00 
 2.09046050e-04  1.32033505e+00  2.09046050e-04  6.90188929e-01  2.09046050e-04  1.21930801e-06  2.09046050e-04 -5.45864234e-07  2.09046050e-04  3.91769609e-09  2.09046050e-04  0.00000000e+00  2.09046050e-04  0.00000000e+00 
 2.09146050e-04  1.32033410e+00  2.09146050e-04  6.90187574e-01  2.09146050e-04  1.20824913e-06  2.09146050e-04  5.45828990e-07  2.09146050e-04 -3.82985317e-09  2.09146050e-04  0.00000000e+00  2.09146050e-04  0.00000000e+00 
 2.09246050e-04  1.32033331e+00  2.09246050e-04  6.90188826e-01  2.09246050e-04  1.21930854e-06  2.09246050e-04 -5.45787576e-07  2.09246050e-04  3.91821044e-09  2.09246050e-04  0.00000000e+00  2.09246050e-04  0.00000000e+00 
 2.09346050e-04  1.32033236e+00  2.09346050e-04  6.90187676e-01  2.09346050e-04  1.20824860e-06  2.09346050e-04  5.45752306e-07  2.09346050e-04 -3.83037056e-09  2.09346050e-04  0.00000000e+00  2.09346050e-04  0.00000000e+00 
 2.09446050e-04  1.32033158e+00  2.09446050e-04  6.90188722e-01  2.09446050e-04  1.21930907e-06  2.09446050e-04 -5.45710859e-07  2.09446050e-04  3.91873073e-09  2.09446050e-04  0.00000000e+00  2.09446050e-04  0.00000000e+00 
 2.09546050e-04  1.32033062e+00  2.09546050e-04  6.90187777e-01  2.09546050e-04  1.20824807e-06  2.09546050e-04  5.45675565e-07  2.09546050e-04 -3.83089384e-09  2.09546050e-04  0.00000000e+00  2.09546050e-04  0.00000000e+00 
 2.09646050e-04  1.32032984e+00  2.09646050e-04  6.90188620e-01  2.09646050e-04  1.21930960e-06  2.09646050e-04 -5.45634085e-07  2.09646050e-04  3.91925685e-09  2.09646050e-04  0.00000000e+00  2.09646050e-04  0.00000000e+00 
 2.09746050e-04  1.32032889e+00  2.09746050e-04  6.90187877e-01  2.09746050e-04  1.20824754e-06  2.09746050e-04  5.45598769e-07  2.09746050e-04 -3.83142290e-09  2.09746050e-04  0.00000000e+00  2.09746050e-04  0.00000000e+00 
 2.09846050e-04  1.32032810e+00  2.09846050e-04  6.90188518e-01  2.09846050e-04  1.21931014e-06  2.09846050e-04 -5.45557259e-07  2.09846050e-04  3.91978872e-09  2.09846050e-04  0.00000000e+00  2.09846050e-04  0.00000000e+00 
 2.09946050e-04  1.32032715e+00  2.09946050e-04  6.90187977e-01  2.09946050e-04  1.20824701e-06  2.09946050e-04  5.45521921e-07  2.09946050e-04 -3.83195768e-09  2.09946050e-04  0.00000000e+00  2.09946050e-04  0.00000000e+00 
 2.10046050e-04  1.32032637e+00  2.10046050e-04  6.90188416e-01  2.10046050e-04  1.21931067e-06  2.10046050e-04 -5.45480383e-07  2.10046050e-04  3.92032627e-09  2.10046050e-04  0.00000000e+00  2.10046050e-04  0.00000000e+00 
 2.10146050e-04  1.32032542e+00  2.10146050e-04  6.90188076e-01  2.10146050e-04  1.20824648e-06  2.10146050e-04  5.45445026e-07  2.10146050e-04 -3.83249810e-09  2.10146050e-04  0.00000000e+00  2.10146050e-04  0.00000000e+00 
 2.10246050e-04  1.32032463e+00  2.10246050e-04  6.90188316e-01  2.10246050e-04  1.21931120e-06  2.10246050e-04 -5.45403460e-07  2.10246050e-04  3.92086943e-09  2.10246050e-04  0.00000000e+00  2.10246050e-04  0.00000000e+00 
 2.10346050e-04  1.32032368e+00  2.10346050e-04  6.90188175e-01  2.10346050e-04  1.20824594e-06  2.10346050e-04  5.45368085e-07  2.10346050e-04 -3.83304410e-09  2.10346050e-04  0.00000000e+00  2.10346050e-04  0.00000000e+00 
 2.10446050e-04  1.32032290e+00  2.10446050e-04  6.90188215e-01  2.10446050e-04  1.21931173e-06  2.10446050e-04 -5.45326494e-07  2.10446050e-04  3.92141813e-09  2.10446050e-04  0.00000000e+00  2.10446050e-04  0.00000000e+00 
 2.10546050e-04  1.32032195e+00  2.10546050e-04  6.90188273e-01  2.10546050e-04  1.20824541e-06  2.10546050e-04  5.45291103e-07  2.10546050e-04 -3.83359562e-09  2.10546050e-04  0.00000000e+00  2.10546050e-04  0.00000000e+00 
 2.10646050e-04  1.32032116e+00  2.10646050e-04  6.90188116e-01  2.10646050e-04  1.21931227e-06  2.10646050e-04 -5.45249487e-07  2.10646050e-04  3.92197233e-09  2.10646050e-04  0.00000000e+00  2.10646050e-04  0.00000000e+00 
 2.10746050e-04  1.32032021e+00  2.10746050e-04  6.90188370e-01  2.10746050e-04  1.20824488e-06  2.10746050e-04  5.45214082e-07  2.10746050e-04 -3.83415261e-09  2.10746050e-04  0.00000000e+00  2.10746050e-04  0.00000000e+00 
 2.10846050e-04  1.32031942e+00  2.10846050e-04  6.90188016e-01  2.10846050e-04  1.21931280e-06  2.10846050e-04 -5.45172443e-07  2.10846050e-04  3.92253198e-09  2.10846050e-04  0.00000000e+00  2.10846050e-04  0.00000000e+00 
 2.10946050e-04  1.32031848e+00  2.10946050e-04  6.90188467e-01  2.10946050e-04  1.20824434e-06  2.10946050e-04  5.45137024e-07  2.10946050e-04 -3.83471502e-09  2.10946050e-04  0.00000000e+00  2.10946050e-04  0.00000000e+00 
 2.11046050e-04  1.32031769e+00  2.11046050e-04  6.90187918e-01  2.11046050e-04  1.21931333e-06  2.11046050e-04 -5.45095365e-07  2.11046050e-04  3.92309702e-09  2.11046050e-04  0.00000000e+00  2.11046050e-04  0.00000000e+00 
 2.11146050e-04  1.32031674e+00  2.11146050e-04  6.90188564e-01  2.11146050e-04  1.20824381e-06  2.11146050e-04  5.45059934e-07  2.11146050e-04 -3.83528281e-09  2.11146050e-04  0.00000000e+00  2.11146050e-04  0.00000000e+00 
 2.11246050e-04  1.32031595e+00  2.11246050e-04  6.90187820e-01  2.11246050e-04  1.21931387e-06  2.11246050e-04 -5.45018255e-07  2.11246050e-04  3.92366742e-09  2.11246050e-04  0.00000000e+00  2.11246050e-04  0.00000000e+00 
 2.11346050e-04  1.32031500e+00  2.11346050e-04  6.90188660e-01  2.11346050e-04  1.20824327e-06  2.11346050e-04  5.44982814e-07  2.11346050e-04 -3.83585593e-09  2.11346050e-04  0.00000000e+00  2.11346050e-04  0.00000000e+00 
 2.11446050e-04  1.32031422e+00  2.11446050e-04  6.90187722e-01  2.11446050e-04  1.21931440e-06  2.11446050e-04 -5.44941116e-07  2.11446050e-04  3.92424314e-09  2.11446050e-04  0.00000000e+00  2.11446050e-04  0.00000000e+00 
 2.11546050e-04  1.32031327e+00  2.11546050e-04  6.90188756e-01  2.11546050e-04  1.20824274e-06  2.11546050e-04  5.44905665e-07  2.11546050e-04 -3.83643436e-09  2.11546050e-04  0.00000000e+00  2.11546050e-04  0.00000000e+00 
 2.11646050e-04  1.32031248e+00  2.11646050e-04  6.90187625e-01  2.11646050e-04  1.21931494e-06  2.11646050e-04 -5.44863951e-07  2.11646050e-04  3.92482414e-09  2.11646050e-04  0.00000000e+00  2.11646050e-04  0.00000000e+00 
 2.11746050e-04  1.32031153e+00  2.11746050e-04  6.90188851e-01  2.11746050e-04  1.20824220e-06  2.11746050e-04  5.44828492e-07  2.11746050e-04 -3.83701805e-09  2.11746050e-04  0.00000000e+00  2.11746050e-04  0.00000000e+00 
 2.11846050e-04  1.32031075e+00  2.11846050e-04  6.90187528e-01  2.11846050e-04  1.21931547e-06  2.11846050e-04 -5.44786762e-07  2.11846050e-04  3.92541039e-09  2.11846050e-04  0.00000000e+00  2.11846050e-04  0.00000000e+00 
 2.11946050e-04  1.32030980e+00  2.11946050e-04  6.90188946e-01  2.11946050e-04  1.20824167e-06  2.11946050e-04  5.44751297e-07  2.11946050e-04 -3.83760697e-09  2.11946050e-04  0.00000000e+00  2.11946050e-04  0.00000000e+00 
 2.12046050e-04  1.32030901e+00  2.12046050e-04  6.90187431e-01  2.12046050e-04  1.21931601e-06  2.12046050e-04 -5.44709553e-07  2.12046050e-04  3.92600185e-09  2.12046050e-04  0.00000000e+00  2.12046050e-04  0.00000000e+00 
 2.12146050e-04  1.32030806e+00  2.12146050e-04  6.90189040e-01  2.12146050e-04  1.20824113e-06  2.12146050e-04  5.44674083e-07  2.12146050e-04 -3.83820108e-09  2.12146050e-04  0.00000000e+00  2.12146050e-04  0.00000000e+00 
 2.12246050e-04  1.32030728e+00  2.12246050e-04  6.90187335e-01  2.12246050e-04  1.21931655e-06  2.12246050e-04 -5.44632325e-07  2.12246050e-04  3.92659849e-09  2.12246050e-04  0.00000000e+00  2.12246050e-04  0.00000000e+00 
 2.12346050e-04  1.32030633e+00  2.12346050e-04  6.90189134e-01  2.12346050e-04  1.20824059e-06  2.12346050e-04  5.44596852e-07  2.12346050e-04 -3.83880036e-09  2.12346050e-04  0.00000000e+00  2.12346050e-04  0.00000000e+00 
 2.12446050e-04  1.32030554e+00  2.12446050e-04  6.90187240e-01  2.12446050e-04  1.21931709e-06  2.12446050e-04 -5.44555082e-07  2.12446050e-04  3.92720028e-09  2.12446050e-04  0.00000000e+00  2.12446050e-04  0.00000000e+00 
 2.12546050e-04  1.32030459e+00  2.12546050e-04  6.90189228e-01  2.12546050e-04  1.20824005e-06  2.12546050e-04  5.44519606e-07  2.12546050e-04 -3.83940477e-09  2.12546050e-04  0.00000000e+00  2.12546050e-04  0.00000000e+00 
 2.12646050e-04  1.32030380e+00  2.12646050e-04  6.90187145e-01  2.12646050e-04  1.21931763e-06  2.12646050e-04 -5.44477826e-07  2.12646050e-04  3.92780719e-09  2.12646050e-04  0.00000000e+00  2.12646050e-04  0.00000000e+00 
 2.12746050e-04  1.32030286e+00  2.12746050e-04  6.90189321e-01  2.12746050e-04  1.20823952e-06  2.12746050e-04  5.44442348e-07  2.12746050e-04 -3.84001429e-09  2.12746050e-04  0.00000000e+00  2.12746050e-04  0.00000000e+00 
 2.12846050e-04  1.32030207e+00  2.12846050e-04  6.90187050e-01  2.12846050e-04  1.21931816e-06  2.12846050e-04 -5.44400559e-07  2.12846050e-04  3.92841919e-09  2.12846050e-04  0.00000000e+00  2.12846050e-04  0.00000000e+00 
 2.12946050e-04  1.32030112e+00  2.12946050e-04  6.90189414e-01  2.12946050e-04  1.20823898e-06  2.12946050e-04  5.44365081e-07  2.12946050e-04 -3.84062889e-09  2.12946050e-04  0.00000000e+00  2.12946050e-04  0.00000000e+00 
 2.13046050e-04  1.32030033e+00  2.13046050e-04  6.90186956e-01  2.13046050e-04  1.21931870e-06  2.13046050e-04 -5.44323284e-07  2.13046050e-04  3.92903626e-09  2.13046050e-04  0.00000000e+00  2.13046050e-04  0.00000000e+00 
 2.13146050e-04  1.32029939e+00  2.13146050e-04  6.90189506e-01  2.13146050e-04  1.20823844e-06  2.13146050e-04  5.44287807e-07  2.13146050e-04 -3.84124853e-09  2.13146050e-04  0.00000000e+00  2.13146050e-04  0.00000000e+00 
 2.13246050e-04  1.32029860e+00  2.13246050e-04  6.90186862e-01  2.13246050e-04  1.21931924e-06  2.13246050e-04 -5.44246003e-07  2.13246050e-04  3.92965836e-09  2.13246050e-04  0.00000000e+00  2.13246050e-04  0.00000000e+00 
 2.13346050e-04  1.32029766e+00  2.13346050e-04  6.90189598e-01  2.13346050e-04  1.20823790e-06  2.13346050e-04  5.44210528e-07  2.13346050e-04 -3.84187320e-09  2.13346050e-04  0.00000000e+00  2.13346050e-04  0.00000000e+00 
 2.13446050e-04  1.32029686e+00  2.13446050e-04  6.90186769e-01  2.13446050e-04  1.21931978e-06  2.13446050e-04 -5.44168719e-07  2.13446050e-04  3.93028547e-09  2.13446050e-04  0.00000000e+00  2.13446050e-04  0.00000000e+00 
 2.13546050e-04  1.32029592e+00  2.13546050e-04  6.90189689e-01  2.13546050e-04  1.20823736e-06  2.13546050e-04  5.44133246e-07  2.13546050e-04 -3.84250287e-09  2.13546050e-04  0.00000000e+00  2.13546050e-04  0.00000000e+00 
 2.13646050e-04  1.32029513e+00  2.13646050e-04  6.90186676e-01  2.13646050e-04  1.21932032e-06  2.13646050e-04 -5.44091433e-07  2.13646050e-04  3.93091756e-09  2.13646050e-04  0.00000000e+00  2.13646050e-04  0.00000000e+00 
 2.13746050e-04  1.32029419e+00  2.13746050e-04  6.90189781e-01  2.13746050e-04  1.20823682e-06  2.13746050e-04  5.44055965e-07  2.13746050e-04 -3.84313751e-09  2.13746050e-04  0.00000000e+00  2.13746050e-04  0.00000000e+00 
 2.13846050e-04  1.32029339e+00  2.13846050e-04  6.90186583e-01  2.13846050e-04  1.21932086e-06  2.13846050e-04 -5.44014148e-07  2.13846050e-04  3.93155462e-09  2.13846050e-04  0.00000000e+00  2.13846050e-04  0.00000000e+00 
 2.13946050e-04  1.32029245e+00  2.13946050e-04  6.90189871e-01  2.13946050e-04  1.20823628e-06  2.13946050e-04  5.43978686e-07  2.13946050e-04 -3.84377709e-09  2.13946050e-04  0.00000000e+00  2.13946050e-04  0.00000000e+00 
 2.14046050e-04  1.32029166e+00  2.14046050e-04  6.90186491e-01  2.14046050e-04  1.21932140e-06  2.14046050e-04 -5.43936867e-07  2.14046050e-04  3.93219661e-09  2.14046050e-04  0.00000000e+00  2.14046050e-04  0.00000000e+00 
 2.14146050e-04  1.32029072e+00  2.14146050e-04  6.90189962e-01  2.14146050e-04  1.20823574e-06  2.14146050e-04  5.43901410e-07  2.14146050e-04 -3.84442160e-09  2.14146050e-04  0.00000000e+00  2.14146050e-04  0.00000000e+00 
 2.14246050e-04  1.32028992e+00  2.14246050e-04  6.90186399e-01  2.14246050e-04  1.21932194e-06  2.14246050e-04 -5.43859590e-07  2.14246050e-04  3.93284350e-09  2.14246050e-04  0.00000000e+00  2.14246050e-04  0.00000000e+00 
 2.14346050e-04  1.32028898e+00  2.14346050e-04  6.90190052e-01  2.14346050e-04  1.20823520e-06  2.14346050e-04  5.43824142e-07  2.14346050e-04 -3.84507101e-09  2.14346050e-04  0.00000000e+00  2.14346050e-04  0.00000000e+00 
 2.14446050e-04  1.32028819e+00  2.14446050e-04  6.90186307e-01  2.14446050e-04  1.21932248e-06  2.14446050e-04 -5.43782322e-07  2.14446050e-04  3.93349529e-09  2.14446050e-04  0.00000000e+00  2.14446050e-04  0.00000000e+00 
 2.14546050e-04  1.32028725e+00  2.14546050e-04  6.90190141e-01  2.14546050e-04  1.20823465e-06  2.14546050e-04  5.43746881e-07  2.14546050e-04 -3.84572528e-09  2.14546050e-04  0.00000000e+00  2.14546050e-04  0.00000000e+00 
 2.14646050e-04  1.32028646e+00  2.14646050e-04  6.90186216e-01  2.14646050e-04  1.21932303e-06  2.14646050e-04 -5.43705063e-07  2.14646050e-04  3.93415193e-09  2.14646050e-04  0.00000000e+00  2.14646050e-04  0.00000000e+00 
 2.14746050e-04  1.32028551e+00  2.14746050e-04  6.90190230e-01  2.14746050e-04  1.20823411e-06  2.14746050e-04  5.43669632e-07  2.14746050e-04 -3.84638441e-09  2.14746050e-04  0.00000000e+00  2.14746050e-04  0.00000000e+00 
 2.14846050e-04  1.32028472e+00  2.14846050e-04  6.90186125e-01  2.14846050e-04  1.21932357e-06  2.14846050e-04 -5.43627815e-07  2.14846050e-04  3.93481342e-09  2.14846050e-04  0.00000000e+00  2.14846050e-04  0.00000000e+00 
 2.14923025e-04  1.32028398e+00  2.14923025e-04  6.90190325e-01  2.14923025e-04  1.20823349e-06  2.14923025e-04  5.43580707e-07  2.14923025e-04 -3.84714807e-09  2.14923025e-04  0.00000000e+00  2.14923025e-04  0.00000000e+00 
 2.15000000e-04  1.32028339e+00  2.15000000e-04  6.90185998e-01  2.15000000e-04  1.21932428e-06  2.15000000e-04 -5.43527625e-07  2.15000000e-04  3.93567995e-09  2.15000000e-04  0.00000000e+00  2.15000000e-04  0.00000000e+00 
 2.15000001e-04  1.32028945e+00  2.15000001e-04  6.91688262e-01  2.15000001e-04  8.85556511e-07  2.15000001e-04 -2.43754867e-06  2.15000001e-04  5.56436735e-05  2.15000001e-04  0.00000000e+00  2.15000001e-04  1.20000000e-01 
 2.15000003e-04  1.32030337e+00  2.15000003e-04  6.95260585e-01  2.15000003e-04  7.09737427e-07  2.15000003e-04 -3.48949027e-06  2.15000003e-04  8.17699467e-05  2.15000003e-04  0.00000000e+00  2.15000003e-04  3.59999999e-01 
 2.15000006e-04  1.32035075e+00  2.15000006e-04  7.09929006e-01  2.15000006e-04 -3.68094643e-07  2.15000006e-04 -1.07387692e-05  2.15000006e-04  2.57470764e-04  2.15000006e-04  0.00000000e+00  2.15000006e-04  7.80000003e-01 
 2.15000010e-04  1.32039735e+00  2.15000010e-04  7.24913242e-01  2.15000010e-04  3.34881692e-07  2.15000010e-04 -5.18136858e-06  2.15000010e-04  1.43659237e-04  2.15000010e-04  0.00000000e+00  2.15000010e-04  1.20000000e+00 
 2.15000011e-04  1.32039451e+00  2.15000011e-04  7.25665651e-01  2.15000011e-04  7.11267216e-07  2.15000011e-04 -3.40638227e-06  2.15000011e-04  7.45425575e-05  2.15000011e-04  0.00000000e+00  2.15000011e-04  1.20000000e+00 
 2.15000012e-04  1.32038724e+00  2.15000012e-04  7.26921318e-01  2.15000012e-04  8.35209167e-07  2.15000012e-04 -2.92085264e-06  2.15000012e-04  5.50265138e-05  2.15000012e-04  0.00000000e+00  2.15000012e-04  1.20000000e+00 
 2.15000015e-04  1.32037153e+00  2.15000015e-04  7.29378357e-01  2.15000015e-04  7.82088127e-07  2.15000015e-04 -3.52827310e-06  2.15000015e-04  6.50350087e-05  2.15000015e-04  0.00000000e+00  2.15000015e-04  1.20000000e+00 
 2.15000020e-04  1.32033901e+00  2.15000020e-04  7.34041936e-01  2.15000020e-04  9.28352752e-07  2.15000020e-04 -3.08333076e-06  2.15000020e-04  4.43007092e-05  2.15000020e-04  0.00000000e+00  2.15000020e-04  1.20000000e+00 
 2.15000032e-04  1.32027453e+00  2.15000032e-04  7.41303218e-01  2.15000032e-04  9.41680255e-07  2.15000032e-04 -3.36609156e-06  2.15000032e-04  4.54471488e-05  2.15000032e-04  0.00000000e+00  2.15000032e-04  1.20000000e+00 
 2.15000054e-04  1.32016721e+00  2.15000054e-04  7.49575678e-01  2.15000054e-04  1.12955466e-06  2.15000054e-04 -2.52710284e-06  2.15000054e-04  1.79780441e-05  2.15000054e-04  0.00000000e+00  2.15000054e-04  1.20000000e+00 
 2.15000099e-04  1.32003258e+00  2.15000099e-04  7.54562425e-01  2.15000099e-04  1.14063010e-06  2.15000099e-04 -2.29659615e-06  2.15000099e-04  1.72248190e-05  2.15000099e-04  0.00000000e+00  2.15000099e-04  1.20000000e+00 
 2.15000188e-04  1.31991381e+00  2.15000188e-04  7.53457964e-01  2.15000188e-04  1.26452469e-06  2.15000188e-04 -8.96756232e-07  2.15000188e-04 -2.12040105e-06  2.15000188e-04  0.00000000e+00  2.15000188e-04  1.20000000e+00 
 2.15000314e-04  1.31985170e+00  2.15000314e-04  7.49144180e-01  2.15000314e-04  1.19428469e-06  2.15000314e-04 -5.96018855e-07  2.15000314e-04  8.00674528e-06  2.15000314e-04  0.00000000e+00  2.15000314e-04  1.20000000e+00 
 2.15000533e-04  1.31980557e+00  2.15000533e-04  7.43238132e-01  2.15000533e-04  1.26539246e-06  2.15000533e-04  2.95503008e-07  2.15000533e-04 -5.14890978e-06  2.15000533e-04  0.00000000e+00  2.15000533e-04  1.20000000e+00 
 2.15000912e-04  1.31977101e+00  2.15000912e-04  7.36260469e-01  2.15000912e-04  1.18440671e-06  2.15000912e-04 -3.10761159e-08  2.15000912e-04  6.65973566e-06  2.15000912e-04  0.00000000e+00  2.15000912e-04  1.20000000e+00 
 2.15001670e-04  1.31973641e+00  2.15001670e-04  7.26650030e-01  2.15001670e-04  1.25702476e-06  2.15001670e-04  3.32499076e-07  2.15001670e-04 -5.74091981e-06  2.15001670e-04  0.00000000e+00  2.15001670e-04  1.20000000e+00 
 2.15003186e-04  1.31969190e+00  2.15003186e-04  7.14585509e-01  2.15003186e-04  1.17792740e-06  2.15003186e-04 -1.51920487e-07  2.15003186e-04  6.37070833e-06  2.15003186e-04  0.00000000e+00  2.15003186e-04  1.20000000e+00 
 2.15006219e-04  1.31961999e+00  2.15006219e-04  7.02668643e-01  2.15006219e-04  1.25250752e-06  2.15006219e-04  2.40631783e-07  2.15006219e-04 -5.85313085e-06  2.15006219e-04  0.00000000e+00  2.15006219e-04  1.20000000e+00 
 2.15012284e-04  1.31947528e+00  2.15012284e-04  6.93531702e-01  2.15012284e-04  1.17556043e-06  2.15012284e-04 -2.07337155e-07  2.15012284e-04  6.37356554e-06  2.15012284e-04  0.00000000e+00  2.15012284e-04  1.20000000e+00 
 2.15024413e-04  1.31917101e+00  2.15024413e-04  6.90101310e-01  2.15024413e-04  1.25181493e-06  2.15024413e-04  2.13789198e-07  2.15024413e-04 -5.82623822e-06  2.15024413e-04  0.00000000e+00  2.15024413e-04  1.20000000e+00 
 2.15048673e-04  1.31856031e+00  2.15048673e-04  6.90367567e-01  2.15048673e-04  1.17567211e-06  2.15048673e-04 -2.14103221e-07  2.15048673e-04  6.37767440e-06  2.15048673e-04  0.00000000e+00  2.15048673e-04  1.20000000e+00 
 2.15087405e-04  1.31758885e+00  2.15087405e-04  6.90201938e-01  2.15087405e-04  1.25189992e-06  2.15087405e-04  2.14242792e-07  2.15087405e-04 -5.82614988e-06  2.15087405e-04  0.00000000e+00  2.15087405e-04  1.20000000e+00 
 2.15164869e-04  1.31564805e+00  2.15164869e-04  6.90369691e-01  2.15164869e-04  1.17565232e-06  2.15164869e-04 -2.14305155e-07  2.15164869e-04  6.37763210e-06  2.15164869e-04  0.00000000e+00  2.15164869e-04  1.20000000e+00 
 2.15264869e-04  1.31314265e+00  2.15264869e-04  6.90304046e-01  2.15264869e-04  1.25190719e-06  2.15264869e-04  2.14339788e-07  2.15264869e-04 -5.82605992e-06  2.15264869e-04  0.00000000e+00  2.15264869e-04  1.20000000e+00 
 2.15364869e-04  1.31063717e+00  2.15364869e-04  6.90413163e-01  2.15364869e-04  1.17564714e-06  2.15364869e-04 -2.14374078e-07  2.15364869e-04  6.37760926e-06  2.15364869e-04  0.00000000e+00  2.15364869e-04  1.20000000e+00 
 2.15464869e-04  1.30813156e+00  2.15464869e-04  6.90363313e-01  2.15464869e-04  1.25191123e-06  2.15464869e-04  2.14405034e-07  2.15464869e-04 -5.82598607e-06  2.15464869e-04  0.00000000e+00  2.15464869e-04  1.20000000e+00 
 2.15564869e-04  1.30562602e+00  2.15564869e-04  6.90426955e-01  2.15564869e-04  1.17564369e-06  2.15564869e-04 -2.14428953e-07  2.15564869e-04  6.37756519e-06  2.15564869e-04  0.00000000e+00  2.15564869e-04  1.20000000e+00 
 2.15664869e-04  1.30312039e+00  2.15664869e-04  6.90374231e-01  2.15664869e-04  1.25191402e-06  2.15664869e-04  2.14460918e-07  2.15664869e-04 -5.82592802e-06  2.15664869e-04  0.00000000e+00  2.15664869e-04  1.20000000e+00 
 2.15764869e-04  1.30061491e+00  2.15764869e-04  6.90394981e-01  2.15764869e-04  1.17564129e-06  2.15764869e-04 -2.14476313e-07  2.15764869e-04  6.37750344e-06  2.15764869e-04  0.00000000e+00  2.15764869e-04  1.20000000e+00 
 2.15864869e-04  1.29810942e+00  2.15864869e-04  6.90343177e-01  2.15864869e-04  1.25191604e-06  2.15864869e-04  2.14509095e-07  2.15864869e-04 -5.82588474e-06  2.15864869e-04  0.00000000e+00  2.15864869e-04  1.20000000e+00 
 2.15964869e-04  1.29560416e+00  2.15964869e-04  6.90322571e-01  2.15964869e-04  1.17563970e-06  2.15964869e-04 -2.14515678e-07  2.15964869e-04  6.37741836e-06  2.15964869e-04  0.00000000e+00  2.15964869e-04  1.20000000e+00 
 2.16064869e-04  1.29309909e+00  2.16064869e-04  6.90257942e-01  2.16064869e-04  1.25191788e-06  2.16064869e-04  2.14553332e-07  2.16064869e-04 -5.82588387e-06  2.16064869e-04  0.00000000e+00  2.16064869e-04  1.20000000e+00 
 2.16164869e-04  1.29059441e+00  2.16164869e-04  6.90242332e-01  2.16164869e-04  1.17563882e-06  2.16164869e-04 -2.14560471e-07  2.16164869e-04  6.37729958e-06  2.16164869e-04  0.00000000e+00  2.16164869e-04  1.20000000e+00 
 2.16264869e-04  1.28808980e+00  2.16264869e-04  6.90240639e-01  2.16264869e-04  1.25191908e-06  2.16264869e-04  2.14589067e-07  2.16264869e-04 -5.82585976e-06  2.16264869e-04  0.00000000e+00  2.16264869e-04  1.20000000e+00 
 2.16364869e-04  1.28558526e+00  2.16364869e-04  6.90248064e-01  2.16364869e-04  1.17563777e-06  2.16364869e-04 -2.14603467e-07  2.16364869e-04  6.37724763e-06  2.16364869e-04  0.00000000e+00  2.16364869e-04  1.20000000e+00 
 2.16464869e-04  1.28308070e+00  2.16464869e-04  6.90241165e-01  2.16464869e-04  1.25192007e-06  2.16464869e-04  2.14643373e-07  2.16464869e-04 -5.82581417e-06  2.16464869e-04  0.00000000e+00  2.16464869e-04  1.20000000e+00 
 2.16564869e-04  1.28057627e+00  2.16564869e-04  6.90214611e-01  2.16564869e-04  1.17563693e-06  2.16564869e-04 -2.14666068e-07  2.16564869e-04  6.37718306e-06  2.16564869e-04  0.00000000e+00  2.16564869e-04  1.20000000e+00 
 2.16664869e-04  1.27807187e+00  2.16664869e-04  6.90192918e-01  2.16664869e-04  1.25192092e-06  2.16664869e-04  2.14723501e-07  2.16664869e-04 -5.82578557e-06  2.16664869e-04  0.00000000e+00  2.16664869e-04  1.20000000e+00 
 2.16764869e-04  1.27556762e+00  2.16764869e-04  6.90167642e-01  2.16764869e-04  1.17563619e-06  2.16764869e-04 -2.14793873e-07  2.16764869e-04  6.37711779e-06  2.16764869e-04  0.00000000e+00  2.16764869e-04  1.20000000e+00 
 2.16864869e-04  1.27306333e+00  2.16864869e-04  6.90197163e-01  2.16864869e-04  1.25192158e-06  2.16864869e-04  2.14861884e-07  2.16864869e-04 -5.82573824e-06  2.16864869e-04  0.00000000e+00  2.16864869e-04  1.20000000e+00 
 2.16964869e-04  1.27055913e+00  2.16964869e-04  6.90156438e-01  2.16964869e-04  1.17563566e-06  2.16964869e-04 -2.14919948e-07  2.16964869e-04  6.37706058e-06  2.16964869e-04  0.00000000e+00  2.16964869e-04  1.20000000e+00 
 2.17064869e-04  1.26805489e+00  2.17064869e-04  6.90201873e-01  2.17064869e-04  1.25192200e-06  2.17064869e-04  2.14992379e-07  2.17064869e-04 -5.82568835e-06  2.17064869e-04  0.00000000e+00  2.17064869e-04  1.20000000e+00 
 2.17164869e-04  1.26555074e+00  2.17164869e-04  6.90150283e-01  2.17164869e-04  1.17563535e-06  2.17164869e-04 -2.15057363e-07  2.17164869e-04  6.37700551e-06  2.17164869e-04  0.00000000e+00  2.17164869e-04  1.20000000e+00 
 2.17264869e-04  1.26304654e+00  2.17264869e-04  6.90205881e-01  2.17264869e-04  1.25192223e-06  2.17264869e-04  2.15133765e-07  2.17264869e-04 -5.82563958e-06  2.17264869e-04  0.00000000e+00  2.17264869e-04  1.20000000e+00 
 2.17364869e-04  1.26054241e+00  2.17364869e-04  6.90144859e-01  2.17364869e-04  1.17563521e-06  2.17364869e-04 -2.15200969e-07  2.17364869e-04  6.37695192e-06  2.17364869e-04  0.00000000e+00  2.17364869e-04  1.20000000e+00 
 2.17464869e-04  1.25803825e+00  2.17464869e-04  6.90209737e-01  2.17464869e-04  1.25192228e-06  2.17464869e-04  2.15278611e-07  2.17464869e-04 -5.82559224e-06  2.17464869e-04  0.00000000e+00  2.17464869e-04  1.20000000e+00 
 2.17564869e-04  1.25553414e+00  2.17564869e-04  6.90140331e-01  2.17564869e-04  1.17563524e-06  2.17564869e-04 -2.15345587e-07  2.17564869e-04  6.37690007e-06  2.17564869e-04  0.00000000e+00  2.17564869e-04  1.20000000e+00 
 2.17664869e-04  1.25303002e+00  2.17664869e-04  6.90213028e-01  2.17664869e-04  1.25192217e-06  2.17664869e-04  2.15422069e-07  2.17664869e-04 -5.82554668e-06  2.17664869e-04  0.00000000e+00  2.17664869e-04  1.20000000e+00 
 2.17764869e-04  1.25052594e+00  2.17764869e-04  6.90136763e-01  2.17764869e-04  1.17563542e-06  2.17764869e-04 -2.15486839e-07  2.17764869e-04  6.37685024e-06  2.17764869e-04  0.00000000e+00  2.17764869e-04  1.20000000e+00 
 2.17864869e-04  1.24802185e+00  2.17864869e-04  6.90215606e-01  2.17864869e-04  1.25192193e-06  2.17864869e-04  2.15560449e-07  2.17864869e-04 -5.82550322e-06  2.17864869e-04  0.00000000e+00  2.17864869e-04  1.20000000e+00 
 2.17964869e-04  1.24551779e+00  2.17964869e-04  6.90134132e-01  2.17964869e-04  1.17563571e-06  2.17964869e-04 -2.15621604e-07  2.17964869e-04  6.37680267e-06  2.17964869e-04  0.00000000e+00  2.17964869e-04  1.20000000e+00 
 2.18064869e-04  1.24301374e+00  2.18064869e-04  6.90217438e-01  2.18064869e-04  1.25192158e-06  2.18064869e-04  2.15691162e-07  2.18064869e-04 -5.82546212e-06  2.18064869e-04  0.00000000e+00  2.18064869e-04  1.20000000e+00 
 2.18164869e-04  1.24050970e+00  2.18164869e-04  6.90132372e-01  2.18164869e-04  1.17563611e-06  2.18164869e-04 -2.15747778e-07  2.18164869e-04  6.37675757e-06  2.18164869e-04  0.00000000e+00  2.18164869e-04  1.20000000e+00 
 2.18264869e-04  1.23800569e+00  2.18264869e-04  6.90218560e-01  2.18264869e-04  1.25192114e-06  2.18264869e-04  2.15812551e-07  2.18264869e-04 -5.82542354e-06  2.18264869e-04  0.00000000e+00  2.18264869e-04  1.20000000e+00 
 2.18364869e-04  1.23550167e+00  2.18364869e-04  6.90131386e-01  2.18364869e-04  1.17563660e-06  2.18364869e-04 -2.15864099e-07  2.18364869e-04  6.37671503e-06  2.18364869e-04  0.00000000e+00  2.18364869e-04  1.20000000e+00 
 2.18464869e-04  1.23299769e+00  2.18464869e-04  6.90219043e-01  2.18464869e-04  1.25192062e-06  2.18464869e-04  2.15923713e-07  2.18464869e-04 -5.82538756e-06  2.18464869e-04  0.00000000e+00  2.18464869e-04  1.20000000e+00 
 2.18564869e-04  1.23049369e+00  2.18564869e-04  6.90131067e-01  2.18564869e-04  1.17563714e-06  2.18564869e-04 -2.15969977e-07  2.18564869e-04  6.37667509e-06  2.18564869e-04  0.00000000e+00  2.18564869e-04  1.20000000e+00 
 2.18664869e-04  1.22798974e+00  2.18664869e-04  6.90218976e-01  2.18664869e-04  1.25192005e-06  2.18664869e-04  2.16024333e-07  2.18664869e-04 -5.82535419e-06  2.18664869e-04  0.00000000e+00  2.18664869e-04  1.20000000e+00 
 2.18764869e-04  1.22548575e+00  2.18764869e-04  6.90131305e-01  2.18764869e-04  1.17563773e-06  2.18764869e-04 -2.16065329e-07  2.18764869e-04  6.37663772e-06  2.18764869e-04  0.00000000e+00  2.18764869e-04  1.20000000e+00 
 2.18864869e-04  1.22298184e+00  2.18864869e-04  6.90218455e-01  2.18864869e-04  1.25191944e-06  2.18864869e-04  2.16114529e-07  2.18864869e-04 -5.82532338e-06  2.18864869e-04  0.00000000e+00  2.18864869e-04  1.20000000e+00 
 2.18964869e-04  1.22047787e+00  2.18964869e-04  6.90131995e-01  2.18964869e-04  1.17563836e-06  2.18964869e-04 -2.16150441e-07  2.18964869e-04  6.37660283e-06  2.18964869e-04  0.00000000e+00  2.18964869e-04  1.20000000e+00 
 2.19064869e-04  1.21797399e+00  2.19064869e-04  6.90217569e-01  2.19064869e-04  1.25191882e-06  2.19064869e-04  2.16194725e-07  2.19064869e-04 -5.82529500e-06  2.19064869e-04  0.00000000e+00  2.19064869e-04  1.20000000e+00 
 2.19164869e-04  1.21547005e+00  2.19164869e-04  6.90133041e-01  2.19164869e-04  1.17563899e-06  2.19164869e-04 -2.16225850e-07  2.19164869e-04  6.37657028e-06  2.19164869e-04  0.00000000e+00  2.19164869e-04  1.20000000e+00 
 2.19264869e-04  1.21296619e+00  2.19264869e-04  6.90216403e-01  2.19264869e-04  1.25191818e-06  2.19264869e-04  2.16265547e-07  2.19264869e-04 -5.82526891e-06  2.19264869e-04  0.00000000e+00  2.19264869e-04  1.20000000e+00 
 2.19364869e-04  1.21046227e+00  2.19364869e-04  6.90134357e-01  2.19364869e-04  1.17563963e-06  2.19364869e-04 -2.16292246e-07  2.19364869e-04  6.37653990e-06  2.19364869e-04  0.00000000e+00  2.19364869e-04  1.20000000e+00 
 2.19464869e-04  1.20795845e+00  2.19464869e-04  6.90215033e-01  2.19464869e-04  1.25191754e-06  2.19464869e-04  2.16327735e-07  2.19464869e-04 -5.82524492e-06  2.19464869e-04  0.00000000e+00  2.19464869e-04  1.20000000e+00 
 2.19564869e-04  1.20545454e+00  2.19564869e-04  6.90135869e-01  2.19564869e-04  1.17564026e-06  2.19564869e-04 -2.16350405e-07  2.19564869e-04  6.37651150e-06  2.19564869e-04  0.00000000e+00  2.19564869e-04  1.20000000e+00 
 2.19664869e-04  1.20295075e+00  2.19664869e-04  6.90213521e-01  2.19664869e-04  1.25191691e-06  2.19664869e-04  2.16382084e-07  2.19664869e-04 -5.82522286e-06  2.19664869e-04  0.00000000e+00  2.19664869e-04  1.20000000e+00 
 2.19764869e-04  1.20044686e+00  2.19764869e-04  6.90137516e-01  2.19764869e-04  1.17564088e-06  2.19764869e-04 -2.16401129e-07  2.19764869e-04  6.37648489e-06  2.19764869e-04  0.00000000e+00  2.19764869e-04  1.20000000e+00 
 2.19864869e-04  1.19794310e+00  2.19864869e-04  6.90211924e-01  2.19864869e-04  1.25191631e-06  2.19864869e-04  2.16429399e-07  2.19864869e-04 -5.82520251e-06  2.19864869e-04  0.00000000e+00  2.19864869e-04  1.20000000e+00 
 2.19964869e-04  1.19543923e+00  2.19964869e-04  6.90139245e-01  2.19964869e-04  1.17564147e-06  2.19964869e-04 -2.16445215e-07  2.19964869e-04  6.37645986e-06  2.19964869e-04  0.00000000e+00  2.19964869e-04  1.20000000e+00 
 2.20064869e-04  1.19293550e+00  2.20064869e-04  6.90210285e-01  2.20064869e-04  1.25191572e-06  2.20064869e-04  2.16470460e-07  2.20064869e-04 -5.82518367e-06  2.20064869e-04  0.00000000e+00  2.20064869e-04  1.20000000e+00 
 2.20164869e-04  1.19043165e+00  2.20164869e-04  6.90141014e-01  2.20164869e-04  1.17564204e-06  2.20164869e-04 -2.16483423e-07  2.20164869e-04  6.37643620e-06  2.20164869e-04  0.00000000e+00  2.20164869e-04  1.20000000e+00 
 2.20264869e-04  1.18792795e+00  2.20264869e-04  6.90208642e-01  2.20264869e-04  1.25191517e-06  2.20264869e-04  2.16506005e-07  2.20264869e-04 -5.82516615e-06  2.20264869e-04  0.00000000e+00  2.20264869e-04  1.20000000e+00 
 2.20364869e-04  1.18542412e+00  2.20364869e-04  6.90142789e-01  2.20364869e-04  1.17564259e-06  2.20364869e-04 -2.16516464e-07  2.20364869e-04  6.37641373e-06  2.20364869e-04  0.00000000e+00  2.20364869e-04  1.20000000e+00 
 2.20464869e-04  1.18292045e+00  2.20464869e-04  6.90207024e-01  2.20464869e-04  1.25191464e-06  2.20464869e-04  2.16536714e-07  2.20464869e-04 -5.82514975e-06  2.20464869e-04  0.00000000e+00  2.20464869e-04  1.20000000e+00 
 2.20564869e-04  1.18041664e+00  2.20564869e-04  6.90144543e-01  2.20564869e-04  1.17564309e-06  2.20564869e-04 -2.16544988e-07  2.20564869e-04  6.37639226e-06  2.20564869e-04  0.00000000e+00  2.20564869e-04  1.20000000e+00 
 2.20664869e-04  1.17791300e+00  2.20664869e-04  6.90205455e-01  2.20664869e-04  1.25191415e-06  2.20664869e-04  2.16563207e-07  2.20664869e-04 -5.82513429e-06  2.20664869e-04  0.00000000e+00  2.20664869e-04  1.20000000e+00 
 2.20764869e-04  1.17540922e+00  2.20764869e-04  6.90146254e-01  2.20764869e-04  1.17564357e-06  2.20764869e-04 -2.16569582e-07  2.20764869e-04  6.37637161e-06  2.20764869e-04  0.00000000e+00  2.20764869e-04  1.20000000e+00 
 2.20864869e-04  1.17290559e+00  2.20864869e-04  6.90203952e-01  2.20864869e-04  1.25191369e-06  2.20864869e-04  2.16586040e-07  2.20864869e-04 -5.82511961e-06  2.20864869e-04  0.00000000e+00  2.20864869e-04  1.20000000e+00 
 2.20964869e-04  1.17040184e+00  2.20964869e-04  6.90147907e-01  2.20964869e-04  1.17564401e-06  2.20964869e-04 -2.16590769e-07  2.20964869e-04  6.37635163e-06  2.20964869e-04  0.00000000e+00  2.20964869e-04  1.20000000e+00 
 2.21064869e-04  1.16789824e+00  2.21064869e-04  6.90202529e-01  2.21064869e-04  1.25191327e-06  2.21064869e-04  2.16605703e-07  2.21064869e-04 -5.82510557e-06  2.21064869e-04  0.00000000e+00  2.21064869e-04  1.20000000e+00 
 2.21164869e-04  1.16539451e+00  2.21164869e-04  6.90149489e-01  2.21164869e-04  1.17564442e-06  2.21164869e-04 -2.16609011e-07  2.21164869e-04  6.37633217e-06  2.21164869e-04  0.00000000e+00  2.21164869e-04  1.20000000e+00 
 2.21264869e-04  1.16289094e+00  2.21264869e-04  6.90201195e-01  2.21264869e-04  1.25191287e-06  2.21264869e-04  2.16622630e-07  2.21264869e-04 -5.82509201e-06  2.21264869e-04  0.00000000e+00  2.21264869e-04  1.20000000e+00 
 2.21364869e-04  1.16038723e+00  2.21364869e-04  6.90150994e-01  2.21364869e-04  1.17564479e-06  2.21364869e-04 -2.16624712e-07  2.21364869e-04  6.37631311e-06  2.21364869e-04  0.00000000e+00  2.21364869e-04  1.20000000e+00 
 2.21464869e-04  1.15788369e+00  2.21464869e-04  6.90199957e-01  2.21464869e-04  1.25191251e-06  2.21464869e-04  2.16637197e-07  2.21464869e-04 -5.82507883e-06  2.21464869e-04  0.00000000e+00  2.21464869e-04  1.20000000e+00 
 2.21564869e-04  1.15538001e+00  2.21564869e-04  6.90152417e-01  2.21564869e-04  1.17564514e-06  2.21564869e-04 -2.16638223e-07  2.21564869e-04  6.37629432e-06  2.21564869e-04  0.00000000e+00  2.21564869e-04  1.20000000e+00 
 2.21664869e-04  1.15287649e+00  2.21664869e-04  6.90198817e-01  2.21664869e-04  1.25191219e-06  2.21664869e-04  2.16649731e-07  2.21664869e-04 -5.82506591e-06  2.21664869e-04  0.00000000e+00  2.21664869e-04  1.20000000e+00 
 2.21764869e-04  1.15037283e+00  2.21764869e-04  6.90153755e-01  2.21764869e-04  1.17564545e-06  2.21764869e-04 -2.16649846e-07  2.21764869e-04  6.37627572e-06  2.21764869e-04  0.00000000e+00  2.21764869e-04  1.20000000e+00 
 2.21864869e-04  1.14786935e+00  2.21864869e-04  6.90197778e-01  2.21864869e-04  1.25191189e-06  2.21864869e-04  2.16660511e-07  2.21864869e-04 -5.82505317e-06  2.21864869e-04  0.00000000e+00  2.21864869e-04  1.20000000e+00 
 2.21964869e-04  1.14536571e+00  2.21964869e-04  6.90155007e-01  2.21964869e-04  1.17564573e-06  2.21964869e-04 -2.16659842e-07  2.21964869e-04  6.37625721e-06  2.21964869e-04  0.00000000e+00  2.21964869e-04  1.20000000e+00 
 2.22064869e-04  1.14286225e+00  2.22064869e-04  6.90196839e-01  2.22064869e-04  1.25191162e-06  2.22064869e-04  2.16669780e-07  2.22064869e-04 -5.82504051e-06  2.22064869e-04  0.00000000e+00  2.22064869e-04  1.20000000e+00 
 2.22164869e-04  1.14035864e+00  2.22164869e-04  6.90156177e-01  2.22164869e-04  1.17564599e-06  2.22164869e-04 -2.16668433e-07  2.22164869e-04  6.37623873e-06  2.22164869e-04  0.00000000e+00  2.22164869e-04  1.20000000e+00 
 2.22264869e-04  1.13785521e+00  2.22264869e-04  6.90195999e-01  2.22264869e-04  1.25191138e-06  2.22264869e-04  2.16677741e-07  2.22264869e-04 -5.82502789e-06  2.22264869e-04  0.00000000e+00  2.22264869e-04  1.20000000e+00 
 2.22364869e-04  1.13535162e+00  2.22364869e-04  6.90157266e-01  2.22364869e-04  1.17564622e-06  2.22364869e-04 -2.16675808e-07  2.22364869e-04  6.37622021e-06  2.22364869e-04  0.00000000e+00  2.22364869e-04  1.20000000e+00 
 2.22464869e-04  1.13284821e+00  2.22464869e-04  6.90195253e-01  2.22464869e-04  1.25191116e-06  2.22464869e-04  2.16684571e-07  2.22464869e-04 -5.82501523e-06  2.22464869e-04  0.00000000e+00  2.22464869e-04  1.20000000e+00 
 2.22564869e-04  1.13034466e+00  2.22564869e-04  6.90158278e-01  2.22564869e-04  1.17564642e-06  2.22564869e-04 -2.16682128e-07  2.22564869e-04  6.37620159e-06  2.22564869e-04  0.00000000e+00  2.22564869e-04  1.20000000e+00 
 2.22664869e-04  1.12784128e+00  2.22664869e-04  6.90194598e-01  2.22664869e-04  1.25191097e-06  2.22664869e-04  2.16690418e-07  2.22664869e-04 -5.82500250e-06  2.22664869e-04  0.00000000e+00  2.22664869e-04  1.20000000e+00 
 2.22764869e-04  1.12533775e+00  2.22764869e-04  6.90159218e-01  2.22764869e-04  1.17564661e-06  2.22764869e-04 -2.16687532e-07  2.22764869e-04  6.37618285e-06  2.22764869e-04  0.00000000e+00  2.22764869e-04  1.20000000e+00 
 2.22864869e-04  1.12283439e+00  2.22864869e-04  6.90194030e-01  2.22864869e-04  1.25191080e-06  2.22864869e-04  2.16695407e-07  2.22864869e-04 -5.82498966e-06  2.22864869e-04  0.00000000e+00  2.22864869e-04  1.20000000e+00 
 2.22964869e-04  1.12033089e+00  2.22964869e-04  6.90160092e-01  2.22964869e-04  1.17564677e-06  2.22964869e-04 -2.16692134e-07  2.22964869e-04  6.37616394e-06  2.22964869e-04  0.00000000e+00  2.22964869e-04  1.20000000e+00 
 2.23064869e-04  1.11782756e+00  2.23064869e-04  6.90193544e-01  2.23064869e-04  1.25191065e-06  2.23064869e-04  2.16699646e-07  2.23064869e-04 -5.82497667e-06  2.23064869e-04  0.00000000e+00  2.23064869e-04  1.20000000e+00 
 2.23164869e-04  1.11532409e+00  2.23164869e-04  6.90160904e-01  2.23164869e-04  1.17564691e-06  2.23164869e-04 -2.16696033e-07  2.23164869e-04  6.37614486e-06  2.23164869e-04  0.00000000e+00  2.23164869e-04  1.20000000e+00 
 2.23264869e-04  1.11282078e+00  2.23264869e-04  6.90193135e-01  2.23264869e-04  1.25191051e-06  2.23264869e-04  2.16703226e-07  2.23264869e-04 -5.82496353e-06  2.23264869e-04  0.00000000e+00  2.23264869e-04  1.20000000e+00 
 2.23364869e-04  1.11031734e+00  2.23364869e-04  6.90161662e-01  2.23364869e-04  1.17564704e-06  2.23364869e-04 -2.16699313e-07  2.23364869e-04  6.37612557e-06  2.23364869e-04  0.00000000e+00  2.23364869e-04  1.20000000e+00 
 2.23464869e-04  1.10781406e+00  2.23464869e-04  6.90192796e-01  2.23464869e-04  1.25191039e-06  2.23464869e-04  2.16706224e-07  2.23464869e-04 -5.82495022e-06  2.23464869e-04  0.00000000e+00  2.23464869e-04  1.20000000e+00 
 2.23564869e-04  1.10531064e+00  2.23564869e-04  6.90162369e-01  2.23564869e-04  1.17564715e-06  2.23564869e-04 -2.16702046e-07  2.23564869e-04  6.37610606e-06  2.23564869e-04  0.00000000e+00  2.23564869e-04  1.20000000e+00 
 2.23664869e-04  1.10280739e+00  2.23664869e-04  6.90192524e-01  2.23664869e-04  1.25191029e-06  2.23664869e-04  2.16708706e-07  2.23664869e-04 -5.82493673e-06  2.23664869e-04  0.00000000e+00  2.23664869e-04  1.20000000e+00 
 2.23764869e-04  1.10030400e+00  2.23764869e-04  6.90163032e-01  2.23764869e-04  1.17564725e-06  2.23764869e-04 -2.16704291e-07  2.23764869e-04  6.37608634e-06  2.23764869e-04  0.00000000e+00  2.23764869e-04  1.20000000e+00 
 2.23864869e-04  1.09780078e+00  2.23864869e-04  6.90192313e-01  2.23864869e-04  1.25191019e-06  2.23864869e-04  2.16710728e-07  2.23864869e-04 -5.82492305e-06  2.23864869e-04  0.00000000e+00  2.23864869e-04  1.20000000e+00 
 2.23964869e-04  1.09529742e+00  2.23964869e-04  6.90163656e-01  2.23964869e-04  1.17564733e-06  2.23964869e-04 -2.16706102e-07  2.23964869e-04  6.37606640e-06  2.23964869e-04  0.00000000e+00  2.23964869e-04  1.20000000e+00 
 2.24064869e-04  1.09279422e+00  2.24064869e-04  6.90192159e-01  2.24064869e-04  1.25191011e-06  2.24064869e-04  2.16712338e-07  2.24064869e-04 -5.82490918e-06  2.24064869e-04  0.00000000e+00  2.24064869e-04  1.20000000e+00 
 2.24164869e-04  1.09029089e+00  2.24164869e-04  6.90164246e-01  2.24164869e-04  1.17564741e-06  2.24164869e-04 -2.16707522e-07  2.24164869e-04  6.37604625e-06  2.24164869e-04  0.00000000e+00  2.24164869e-04  1.20000000e+00 
 2.24264869e-04  1.08778772e+00  2.24264869e-04  6.90192056e-01  2.24264869e-04  1.25191004e-06  2.24264869e-04  2.16713577e-07  2.24264869e-04 -5.82489513e-06  2.24264869e-04  0.00000000e+00  2.24264869e-04  1.20000000e+00 
 2.24364869e-04  1.08528442e+00  2.24364869e-04  6.90164805e-01  2.24364869e-04  1.17564748e-06  2.24364869e-04 -2.16708592e-07  2.24364869e-04  6.37602587e-06  2.24364869e-04  0.00000000e+00  2.24364869e-04  1.20000000e+00 
 2.24464869e-04  1.08278128e+00  2.24464869e-04  6.90192001e-01  2.24464869e-04  1.25190998e-06  2.24464869e-04  2.16714483e-07  2.24464869e-04 -5.82488090e-06  2.24464869e-04  0.00000000e+00  2.24464869e-04  1.20000000e+00 
 2.24564869e-04  1.08027800e+00  2.24564869e-04  6.90165339e-01  2.24564869e-04  1.17564754e-06  2.24564869e-04 -2.16709343e-07  2.24564869e-04  6.37600529e-06  2.24564869e-04  0.00000000e+00  2.24564869e-04  1.20000000e+00 
 2.24664869e-04  1.07777489e+00  2.24664869e-04  6.90191990e-01  2.24664869e-04  1.25190993e-06  2.24664869e-04  2.16715086e-07  2.24664869e-04 -5.82486651e-06  2.24664869e-04  0.00000000e+00  2.24664869e-04  1.20000000e+00 
 2.24764869e-04  1.07527164e+00  2.24764869e-04  6.90165851e-01  2.24764869e-04  1.17564759e-06  2.24764869e-04 -2.16709805e-07  2.24764869e-04  6.37598451e-06  2.24764869e-04  0.00000000e+00  2.24764869e-04  1.20000000e+00 
 2.24864869e-04  1.07276856e+00  2.24864869e-04  6.90192018e-01  2.24864869e-04  1.25190988e-06  2.24864869e-04  2.16715413e-07  2.24864869e-04 -5.82485195e-06  2.24864869e-04  0.00000000e+00  2.24864869e-04  1.20000000e+00 
 2.24964869e-04  1.07026534e+00  2.24964869e-04  6.90166344e-01  2.24964869e-04  1.17564763e-06  2.24964869e-04 -2.16710004e-07  2.24964869e-04  6.37596355e-06  2.24964869e-04  0.00000000e+00  2.24964869e-04  1.20000000e+00 
 2.25064869e-04  1.06776229e+00  2.25064869e-04  6.90192082e-01  2.25064869e-04  1.25190984e-06  2.25064869e-04  2.16715488e-07  2.25064869e-04 -5.82483723e-06  2.25064869e-04  0.00000000e+00  2.25064869e-04  1.20000000e+00 
 2.25164869e-04  1.06525910e+00  2.25164869e-04  6.90166820e-01  2.25164869e-04  1.17564767e-06  2.25164869e-04 -2.16709962e-07  2.25164869e-04  6.37594240e-06  2.25164869e-04  0.00000000e+00  2.25164869e-04  1.20000000e+00 
 2.25264869e-04  1.06275608e+00  2.25264869e-04  6.90192180e-01  2.25264869e-04  1.25190980e-06  2.25264869e-04  2.16715333e-07  2.25264869e-04 -5.82482238e-06  2.25264869e-04  0.00000000e+00  2.25264869e-04  1.20000000e+00 
 2.25364869e-04  1.06025292e+00  2.25364869e-04  6.90167281e-01  2.25364869e-04  1.17564770e-06  2.25364869e-04 -2.16709699e-07  2.25364869e-04  6.37592108e-06  2.25364869e-04  0.00000000e+00  2.25364869e-04  1.20000000e+00 
 2.25464869e-04  1.05774993e+00  2.25464869e-04  6.90192307e-01  2.25464869e-04  1.25190977e-06  2.25464869e-04  2.16714965e-07  2.25464869e-04 -5.82480739e-06  2.25464869e-04  0.00000000e+00  2.25464869e-04  1.20000000e+00 
 2.25564869e-04  1.05524680e+00  2.25564869e-04  6.90167730e-01  2.25564869e-04  1.17564773e-06  2.25564869e-04 -2.16709232e-07  2.25564869e-04  6.37589960e-06  2.25564869e-04  0.00000000e+00  2.25564869e-04  1.20000000e+00 
 2.25664869e-04  1.05274384e+00  2.25664869e-04  6.90192461e-01  2.25664869e-04  1.25190974e-06  2.25664869e-04  2.16714402e-07  2.25664869e-04 -5.82479228e-06  2.25664869e-04  0.00000000e+00  2.25664869e-04  1.20000000e+00 
 2.25764869e-04  1.05024074e+00  2.25764869e-04  6.90168167e-01  2.25764869e-04  1.17564776e-06  2.25764869e-04 -2.16708576e-07  2.25764869e-04  6.37587797e-06  2.25764869e-04  0.00000000e+00  2.25764869e-04  1.20000000e+00 
 2.25864869e-04  1.04773781e+00  2.25864869e-04  6.90192639e-01  2.25864869e-04  1.25190972e-06  2.25864869e-04  2.16713657e-07  2.25864869e-04 -5.82477705e-06  2.25864869e-04  0.00000000e+00  2.25864869e-04  1.20000000e+00 
 2.25964869e-04  1.04523474e+00  2.25964869e-04  6.90168593e-01  2.25964869e-04  1.17564778e-06  2.25964869e-04 -2.16707746e-07  2.25964869e-04  6.37585620e-06  2.25964869e-04  0.00000000e+00  2.25964869e-04  1.20000000e+00 
 2.26064869e-04  1.04273184e+00  2.26064869e-04  6.90192837e-01  2.26064869e-04  1.25190970e-06  2.26064869e-04  2.16712743e-07  2.26064869e-04 -5.82476173e-06  2.26064869e-04  0.00000000e+00  2.26064869e-04  1.20000000e+00 
 2.26164869e-04  1.04022881e+00  2.26164869e-04  6.90169008e-01  2.26164869e-04  1.17564781e-06  2.26164869e-04 -2.16706753e-07  2.26164869e-04  6.37583430e-06  2.26164869e-04  0.00000000e+00  2.26164869e-04  1.20000000e+00 
 2.26264869e-04  1.03772594e+00  2.26264869e-04  6.90193054e-01  2.26264869e-04  1.25190967e-06  2.26264869e-04  2.16711673e-07  2.26264869e-04 -5.82474631e-06  2.26264869e-04  0.00000000e+00  2.26264869e-04  1.20000000e+00 
 2.26364869e-04  1.03522294e+00  2.26364869e-04  6.90169414e-01  2.26364869e-04  1.17564783e-06  2.26364869e-04 -2.16705608e-07  2.26364869e-04  6.37581228e-06  2.26364869e-04  0.00000000e+00  2.26364869e-04  1.20000000e+00 
 2.26464869e-04  1.03272010e+00  2.26464869e-04  6.90193285e-01  2.26464869e-04  1.25190965e-06  2.26464869e-04  2.16710457e-07  2.26464869e-04 -5.82473080e-06  2.26464869e-04  0.00000000e+00  2.26464869e-04  1.20000000e+00 
 2.26564869e-04  1.03021713e+00  2.26564869e-04  6.90169808e-01  2.26564869e-04  1.17564785e-06  2.26564869e-04 -2.16704322e-07  2.26564869e-04  6.37579015e-06  2.26564869e-04  0.00000000e+00  2.26564869e-04  1.20000000e+00 
 2.26664869e-04  1.02771432e+00  2.26664869e-04  6.90193529e-01  2.26664869e-04  1.25190964e-06  2.26664869e-04  2.16709103e-07  2.26664869e-04 -5.82471523e-06  2.26664869e-04  0.00000000e+00  2.26664869e-04  1.20000000e+00 
 2.26764869e-04  1.02521138e+00  2.26764869e-04  6.90170192e-01  2.26764869e-04  1.17564787e-06  2.26764869e-04 -2.16702903e-07  2.26764869e-04  6.37576792e-06  2.26764869e-04  0.00000000e+00  2.26764869e-04  1.20000000e+00 
 2.26864869e-04  1.02270861e+00  2.26864869e-04  6.90193782e-01  2.26864869e-04  1.25190962e-06  2.26864869e-04  2.16707622e-07  2.26864869e-04 -5.82469958e-06  2.26864869e-04  0.00000000e+00  2.26864869e-04  1.20000000e+00 
 2.26964869e-04  1.02020571e+00  2.26964869e-04  6.90170563e-01  2.26964869e-04  1.17564788e-06  2.26964869e-04 -2.16701359e-07  2.26964869e-04  6.37574560e-06  2.26964869e-04  0.00000000e+00  2.26964869e-04  1.20000000e+00 
 2.27064869e-04  1.01770297e+00  2.27064869e-04  6.90194041e-01  2.27064869e-04  1.25190960e-06  2.27064869e-04  2.16706019e-07  2.27064869e-04 -5.82468387e-06  2.27064869e-04  0.00000000e+00  2.27064869e-04  1.20000000e+00 
 2.27164869e-04  1.01520010e+00  2.27164869e-04  6.90170922e-01  2.27164869e-04  1.17564790e-06  2.27164869e-04 -2.16699697e-07  2.27164869e-04  6.37572318e-06  2.27164869e-04  0.00000000e+00  2.27164869e-04  1.20000000e+00 
 2.27264869e-04  1.01269740e+00  2.27264869e-04  6.90194304e-01  2.27264869e-04  1.25190959e-06  2.27264869e-04  2.16704302e-07  2.27264869e-04 -5.82466812e-06  2.27264869e-04  0.00000000e+00  2.27264869e-04  1.20000000e+00 
 2.27364869e-04  1.01019456e+00  2.27364869e-04  6.90171268e-01  2.27364869e-04  1.17564792e-06  2.27364869e-04 -2.16697926e-07  2.27364869e-04  6.37570068e-06  2.27364869e-04  0.00000000e+00  2.27364869e-04  1.20000000e+00 
 2.27464869e-04  1.00769189e+00  2.27464869e-04  6.90194568e-01  2.27464869e-04  1.25190957e-06  2.27464869e-04  2.16702479e-07  2.27464869e-04 -5.82465231e-06  2.27464869e-04  0.00000000e+00  2.27464869e-04  1.20000000e+00 
 2.27564869e-04  1.00518909e+00  2.27564869e-04  6.90171598e-01  2.27564869e-04  1.17564793e-06  2.27564869e-04 -2.16696049e-07  2.27564869e-04  6.37567811e-06  2.27564869e-04  0.00000000e+00  2.27564869e-04  1.20000000e+00 
 2.27664869e-04  1.00268646e+00  2.27664869e-04  6.90194829e-01  2.27664869e-04  1.25190955e-06  2.27664869e-04  2.16700554e-07  2.27664869e-04 -5.82463647e-06  2.27664869e-04  0.00000000e+00  2.27664869e-04  1.20000000e+00 
 2.27764869e-04  1.00018369e+00  2.27764869e-04  6.90171914e-01  2.27764869e-04  1.17564795e-06  2.27764869e-04 -2.16694075e-07  2.27764869e-04  6.37565547e-06  2.27764869e-04  0.00000000e+00  2.27764869e-04  1.20000000e+00 
 2.27864869e-04  9.97681096e-01  2.27864869e-04  6.90195086e-01  2.27864869e-04  1.25190953e-06  2.27864869e-04  2.16698533e-07  2.27864869e-04 -5.82462059e-06  2.27864869e-04  0.00000000e+00  2.27864869e-04  1.20000000e+00 
 2.27964869e-04  9.95178368e-01  2.27964869e-04  6.90172212e-01  2.27964869e-04  1.17564797e-06  2.27964869e-04 -2.16692007e-07  2.27964869e-04  6.37563277e-06  2.27964869e-04  0.00000000e+00  2.27964869e-04  1.20000000e+00 
 2.28064869e-04  9.92675806e-01  2.28064869e-04  6.90195335e-01  2.28064869e-04  1.25190951e-06  2.28064869e-04  2.16696423e-07  2.28064869e-04 -5.82460469e-06  2.28064869e-04  0.00000000e+00  2.28064869e-04  1.20000000e+00 
 2.28164869e-04  9.90173115e-01  2.28164869e-04  6.90172494e-01  2.28164869e-04  1.17564799e-06  2.28164869e-04 -2.16689852e-07  2.28164869e-04  6.37561001e-06  2.28164869e-04  0.00000000e+00  2.28164869e-04  1.20000000e+00 
 2.28264869e-04  9.87670589e-01  2.28264869e-04  6.90195574e-01  2.28264869e-04  1.25190949e-06  2.28264869e-04  2.16694228e-07  2.28264869e-04 -5.82458876e-06  2.28264869e-04  0.00000000e+00  2.28264869e-04  1.20000000e+00 
 2.28364869e-04  9.85167935e-01  2.28364869e-04  6.90172758e-01  2.28364869e-04  1.17564801e-06  2.28364869e-04 -2.16687614e-07  2.28364869e-04  6.37558719e-06  2.28364869e-04  0.00000000e+00  2.28364869e-04  1.20000000e+00 
 2.28464869e-04  9.82665447e-01  2.28464869e-04  6.90195802e-01  2.28464869e-04  1.25190947e-06  2.28464869e-04  2.16691953e-07  2.28464869e-04 -5.82457281e-06  2.28464869e-04  0.00000000e+00  2.28464869e-04  1.20000000e+00 
 2.28564869e-04  9.80162829e-01  2.28564869e-04  6.90173004e-01  2.28564869e-04  1.17564804e-06  2.28564869e-04 -2.16685299e-07  2.28564869e-04  6.37556433e-06  2.28564869e-04  0.00000000e+00  2.28564869e-04  1.20000000e+00 
 2.28664869e-04  9.77660378e-01  2.28664869e-04  6.90196016e-01  2.28664869e-04  1.25190945e-06  2.28664869e-04  2.16689603e-07  2.28664869e-04 -5.82455685e-06  2.28664869e-04  0.00000000e+00  2.28664869e-04  1.20000000e+00 
 2.28764869e-04  9.75157797e-01  2.28764869e-04  6.90173231e-01  2.28764869e-04  1.17564806e-06  2.28764869e-04 -2.16682912e-07  2.28764869e-04  6.37554142e-06  2.28764869e-04  0.00000000e+00  2.28764869e-04  1.20000000e+00 
 2.28864869e-04  9.72655384e-01  2.28864869e-04  6.90196215e-01  2.28864869e-04  1.25190942e-06  2.28864869e-04  2.16687183e-07  2.28864869e-04 -5.82454088e-06  2.28864869e-04  0.00000000e+00  2.28864869e-04  1.20000000e+00 
 2.28964869e-04  9.70152840e-01  2.28964869e-04  6.90173441e-01  2.28964869e-04  1.17564808e-06  2.28964869e-04 -2.16680456e-07  2.28964869e-04  6.37551847e-06  2.28964869e-04  0.00000000e+00  2.28964869e-04  1.20000000e+00 
 2.29064869e-04  9.67650464e-01  2.29064869e-04  6.90196398e-01  2.29064869e-04  1.25190940e-06  2.29064869e-04  2.16684697e-07  2.29064869e-04 -5.82452491e-06  2.29064869e-04  0.00000000e+00  2.29064869e-04  1.20000000e+00 
 2.29164869e-04  9.65147956e-01  2.29164869e-04  6.90173632e-01  2.29164869e-04  1.17564811e-06  2.29164869e-04 -2.16677937e-07  2.29164869e-04  6.37549548e-06  2.29164869e-04  0.00000000e+00  2.29164869e-04  1.20000000e+00 
 2.29264869e-04  9.62645618e-01  2.29264869e-04  6.90196564e-01  2.29264869e-04  1.25190937e-06  2.29264869e-04  2.16682150e-07  2.29264869e-04 -5.82450893e-06  2.29264869e-04  0.00000000e+00  2.29264869e-04  1.20000000e+00 
 2.29364869e-04  9.60143146e-01  2.29364869e-04  6.90173805e-01  2.29364869e-04  1.17564814e-06  2.29364869e-04 -2.16675358e-07  2.29364869e-04  6.37547245e-06  2.29364869e-04  0.00000000e+00  2.29364869e-04  1.20000000e+00 
 2.29464869e-04  9.57640845e-01  2.29464869e-04  6.90196712e-01  2.29464869e-04  1.25190934e-06  2.29464869e-04  2.16679546e-07  2.29464869e-04 -5.82449296e-06  2.29464869e-04  0.00000000e+00  2.29464869e-04  1.20000000e+00 
 2.29564869e-04  9.55138409e-01  2.29564869e-04  6.90173962e-01  2.29564869e-04  1.17564817e-06  2.29564869e-04 -2.16672725e-07  2.29564869e-04  6.37544939e-06  2.29564869e-04  0.00000000e+00  2.29564869e-04  1.20000000e+00 
 2.29664869e-04  9.52636144e-01  2.29664869e-04  6.90196842e-01  2.29664869e-04  1.25190931e-06  2.29664869e-04  2.16676888e-07  2.29664869e-04 -5.82447699e-06  2.29664869e-04  0.00000000e+00  2.29664869e-04  1.20000000e+00 
 2.29764869e-04  9.50133743e-01  2.29764869e-04  6.90174102e-01  2.29764869e-04  1.17564820e-06  2.29764869e-04 -2.16670040e-07  2.29764869e-04  6.37542629e-06  2.29764869e-04  0.00000000e+00  2.29764869e-04  1.20000000e+00 
 2.29864869e-04  9.47631513e-01  2.29864869e-04  6.90196954e-01  2.29864869e-04  1.25190928e-06  2.29864869e-04  2.16674181e-07  2.29864869e-04 -5.82446104e-06  2.29864869e-04  0.00000000e+00  2.29864869e-04  1.20000000e+00 
 2.29964869e-04  9.45129147e-01  2.29964869e-04  6.90174227e-01  2.29964869e-04  1.17564823e-06  2.29964869e-04 -2.16667308e-07  2.29964869e-04  6.37540316e-06  2.29964869e-04  0.00000000e+00  2.29964869e-04  1.20000000e+00 
 2.30064869e-04  9.42626952e-01  2.30064869e-04  6.90197048e-01  2.30064869e-04  1.25190925e-06  2.30064869e-04  2.16671429e-07  2.30064869e-04 -5.82444511e-06  2.30064869e-04  0.00000000e+00  2.30064869e-04  1.20000000e+00 
 2.30164869e-04  9.40124620e-01  2.30164869e-04  6.90174336e-01  2.30164869e-04  1.17564827e-06  2.30164869e-04 -2.16664532e-07  2.30164869e-04  6.37538000e-06  2.30164869e-04  0.00000000e+00  2.30164869e-04  1.20000000e+00 
 2.30264869e-04  9.37622459e-01  2.30264869e-04  6.90197126e-01  2.30264869e-04  1.25190921e-06  2.30264869e-04  2.16668634e-07  2.30264869e-04 -5.82442920e-06  2.30264869e-04  0.00000000e+00  2.30264869e-04  1.20000000e+00 
 2.30364869e-04  9.35120159e-01  2.30364869e-04  6.90174433e-01  2.30364869e-04  1.17564830e-06  2.30364869e-04 -2.16661714e-07  2.30364869e-04  6.37535679e-06  2.30364869e-04  0.00000000e+00  2.30364869e-04  1.20000000e+00 
 2.30464869e-04  9.32618033e-01  2.30464869e-04  6.90197187e-01  2.30464869e-04  1.25190918e-06  2.30464869e-04  2.16665799e-07  2.30464869e-04 -5.82441332e-06  2.30464869e-04  0.00000000e+00  2.30464869e-04  1.20000000e+00 
 2.30564869e-04  9.30115765e-01  2.30564869e-04  6.90174516e-01  2.30564869e-04  1.17564834e-06  2.30564869e-04 -2.16658858e-07  2.30564869e-04  6.37533355e-06  2.30564869e-04  0.00000000e+00  2.30564869e-04  1.20000000e+00 
 2.30664869e-04  9.27613671e-01  2.30664869e-04  6.90197233e-01  2.30664869e-04  1.25190914e-06  2.30664869e-04  2.16662926e-07  2.30664869e-04 -5.82439750e-06  2.30664869e-04  0.00000000e+00  2.30664869e-04  1.20000000e+00 
 2.30764869e-04  9.25111434e-01  2.30764869e-04  6.90174588e-01  2.30764869e-04  1.17564838e-06  2.30764869e-04 -2.16655966e-07  2.30764869e-04  6.37531026e-06  2.30764869e-04  0.00000000e+00  2.30764869e-04  1.20000000e+00 
 2.30864869e-04  9.22609372e-01  2.30864869e-04  6.90197265e-01  2.30864869e-04  1.25190910e-06  2.30864869e-04  2.16660018e-07  2.30864869e-04 -5.82438173e-06  2.30864869e-04  0.00000000e+00  2.30864869e-04  1.20000000e+00 
 2.30964869e-04  9.20107167e-01  2.30964869e-04  6.90174649e-01  2.30964869e-04  1.17564842e-06  2.30964869e-04 -2.16653039e-07  2.30964869e-04  6.37528691e-06  2.30964869e-04  0.00000000e+00  2.30964869e-04  1.20000000e+00 
 2.31064869e-04  9.17605137e-01  2.31064869e-04  6.90197284e-01  2.31064869e-04  1.25190906e-06  2.31064869e-04  2.16657076e-07  2.31064869e-04 -5.82436604e-06  2.31064869e-04  0.00000000e+00  2.31064869e-04  1.20000000e+00 
 2.31164869e-04  9.15102962e-01  2.31164869e-04  6.90174699e-01  2.31164869e-04  1.17564846e-06  2.31164869e-04 -2.16650079e-07  2.31164869e-04  6.37526349e-06  2.31164869e-04  0.00000000e+00  2.31164869e-04  1.20000000e+00 
 2.31264869e-04  9.12600963e-01  2.31264869e-04  6.90197290e-01  2.31264869e-04  1.25190902e-06  2.31264869e-04  2.16654101e-07  2.31264869e-04 -5.82435045e-06  2.31264869e-04  0.00000000e+00  2.31264869e-04  1.20000000e+00 
 2.31364869e-04  9.10098818e-01  2.31364869e-04  6.90174740e-01  2.31364869e-04  1.17564850e-06  2.31364869e-04 -2.16647087e-07  2.31364869e-04  6.37523998e-06  2.31364869e-04  0.00000000e+00  2.31364869e-04  1.20000000e+00 
 2.31464869e-04  9.07596852e-01  2.31464869e-04  6.90197285e-01  2.31464869e-04  1.25190897e-06  2.31464869e-04  2.16651094e-07  2.31464869e-04 -5.82433499e-06  2.31464869e-04  0.00000000e+00  2.31464869e-04  1.20000000e+00 
 2.31564869e-04  9.05094738e-01  2.31564869e-04  6.90174773e-01  2.31564869e-04  1.17564854e-06  2.31564869e-04 -2.16644063e-07  2.31564869e-04  6.37521636e-06  2.31564869e-04  0.00000000e+00  2.31564869e-04  1.20000000e+00 
 2.31664869e-04  9.02592804e-01  2.31664869e-04  6.90197270e-01  2.31664869e-04  1.25190893e-06  2.31664869e-04  2.16648055e-07  2.31664869e-04 -5.82431970e-06  2.31664869e-04  0.00000000e+00  2.31664869e-04  1.20000000e+00 
 2.31764869e-04  9.00090721e-01  2.31764869e-04  6.90174798e-01  2.31764869e-04  1.17564859e-06  2.31764869e-04 -2.16641006e-07  2.31764869e-04  6.37519261e-06  2.31764869e-04  0.00000000e+00  2.31764869e-04  1.20000000e+00 
 2.31864869e-04  8.97588821e-01  2.31864869e-04  6.90197245e-01  2.31864869e-04  1.25190888e-06  2.31864869e-04  2.16644984e-07  2.31864869e-04 -5.82430464e-06  2.31864869e-04  0.00000000e+00  2.31864869e-04  1.20000000e+00 
 2.31964869e-04  8.95086770e-01  2.31964869e-04  6.90174816e-01  2.31964869e-04  1.17564864e-06  2.31964869e-04 -2.16637918e-07  2.31964869e-04  6.37516869e-06  2.31964869e-04  0.00000000e+00  2.31964869e-04  1.20000000e+00 
 2.32064869e-04  8.92584907e-01  2.32064869e-04  6.90197211e-01  2.32064869e-04  1.25190884e-06  2.32064869e-04  2.16641881e-07  2.32064869e-04 -5.82428985e-06  2.32064869e-04  0.00000000e+00  2.32064869e-04  1.20000000e+00 
 2.32164869e-04  8.90082890e-01  2.32164869e-04  6.90174827e-01  2.32164869e-04  1.17564868e-06  2.32164869e-04 -2.16634799e-07  2.32164869e-04  6.37514456e-06  2.32164869e-04  0.00000000e+00  2.32164869e-04  1.20000000e+00 
 2.32264869e-04  8.87581065e-01  2.32264869e-04  6.90197169e-01  2.32264869e-04  1.25190879e-06  2.32264869e-04  2.16638746e-07  2.32264869e-04 -5.82427541e-06  2.32264869e-04  0.00000000e+00  2.32264869e-04  1.20000000e+00 
 2.32364869e-04  8.85079085e-01  2.32364869e-04  6.90174834e-01  2.32364869e-04  1.17564873e-06  2.32364869e-04 -2.16631647e-07  2.32364869e-04  6.37512016e-06  2.32364869e-04  0.00000000e+00  2.32364869e-04  1.20000000e+00 
 2.32464869e-04  8.82577302e-01  2.32464869e-04  6.90197118e-01  2.32464869e-04  1.25190874e-06  2.32464869e-04  2.16635579e-07  2.32464869e-04 -5.82426142e-06  2.32464869e-04  0.00000000e+00  2.32464869e-04  1.20000000e+00 
 2.32564869e-04  8.80075363e-01  2.32564869e-04  6.90174835e-01  2.32564869e-04  1.17564878e-06  2.32564869e-04 -2.16628462e-07  2.32564869e-04  6.37509545e-06  2.32564869e-04  0.00000000e+00  2.32564869e-04  1.20000000e+00 
 2.32664869e-04  8.77573627e-01  2.32664869e-04  6.90197059e-01  2.32664869e-04  1.25190869e-06  2.32664869e-04  2.16632380e-07  2.32664869e-04 -5.82424798e-06  2.32664869e-04  0.00000000e+00  2.32664869e-04  1.20000000e+00 
 2.32764869e-04  8.75071733e-01  2.32764869e-04  6.90174833e-01  2.32764869e-04  1.17564883e-06  2.32764869e-04 -2.16625247e-07  2.32764869e-04  6.37507034e-06  2.32764869e-04  0.00000000e+00  2.32764869e-04  1.20000000e+00 
 2.32864869e-04  8.72570050e-01  2.32864869e-04  6.90196991e-01  2.32864869e-04  1.25190864e-06  2.32864869e-04  2.16629149e-07  2.32864869e-04 -5.82423522e-06  2.32864869e-04  0.00000000e+00  2.32864869e-04  1.20000000e+00 
 2.32964869e-04  8.70068208e-01  2.32964869e-04  6.90174829e-01  2.32964869e-04  1.17564888e-06  2.32964869e-04 -2.16621999e-07  2.32964869e-04  6.37504477e-06  2.32964869e-04  0.00000000e+00  2.32964869e-04  1.20000000e+00 
 2.33064869e-04  8.67566584e-01  2.33064869e-04  6.90196915e-01  2.33064869e-04  1.25190859e-06  2.33064869e-04  2.16625887e-07  2.33064869e-04 -5.82422328e-06  2.33064869e-04  0.00000000e+00  2.33064869e-04  1.20000000e+00 
 2.33164869e-04  8.65064801e-01  2.33164869e-04  6.90174823e-01  2.33164869e-04  1.17564894e-06  2.33164869e-04 -2.16618722e-07  2.33164869e-04  6.37501865e-06  2.33164869e-04  0.00000000e+00  2.33164869e-04  1.20000000e+00 
 2.33264869e-04  8.62563247e-01  2.33264869e-04  6.90196829e-01  2.33264869e-04  1.25190853e-06  2.33264869e-04  2.16622597e-07  2.33264869e-04 -5.82421231e-06  2.33264869e-04  0.00000000e+00  2.33264869e-04  1.20000000e+00 
 2.33364869e-04  8.60061531e-01  2.33364869e-04  6.90174818e-01  2.33364869e-04  1.17564899e-06  2.33364869e-04 -2.16615417e-07  2.33364869e-04  6.37499187e-06  2.33364869e-04  0.00000000e+00  2.33364869e-04  1.20000000e+00 
 2.33464869e-04  8.57560056e-01  2.33464869e-04  6.90196734e-01  2.33464869e-04  1.25190848e-06  2.33464869e-04  2.16619279e-07  2.33464869e-04 -5.82420251e-06  2.33464869e-04  0.00000000e+00  2.33464869e-04  1.20000000e+00 
 2.33564869e-04  8.55058418e-01  2.33564869e-04  6.90174814e-01  2.33564869e-04  1.17564904e-06  2.33564869e-04 -2.16612087e-07  2.33564869e-04  6.37496434e-06  2.33564869e-04  0.00000000e+00  2.33564869e-04  1.20000000e+00 
 2.33664869e-04  8.52557036e-01  2.33664869e-04  6.90196628e-01  2.33664869e-04  1.25190843e-06  2.33664869e-04  2.16615938e-07  2.33664869e-04 -5.82419407e-06  2.33664869e-04  0.00000000e+00  2.33664869e-04  1.20000000e+00 
 2.33764869e-04  8.50055488e-01  2.33764869e-04  6.90174813e-01  2.33764869e-04  1.17564910e-06  2.33764869e-04 -2.16608735e-07  2.33764869e-04  6.37493594e-06  2.33764869e-04  0.00000000e+00  2.33764869e-04  1.20000000e+00 
 2.33864869e-04  8.47554212e-01  2.33864869e-04  6.90196511e-01  2.33864869e-04  1.25190837e-06  2.33864869e-04  2.16612577e-07  2.33864869e-04 -5.82418719e-06  2.33864869e-04  0.00000000e+00  2.33864869e-04  1.20000000e+00 
 2.33964869e-04  8.45052768e-01  2.33964869e-04  6.90174816e-01  2.33964869e-04  1.17564915e-06  2.33964869e-04 -2.16605365e-07  2.33964869e-04  6.37490656e-06  2.33964869e-04  0.00000000e+00  2.33964869e-04  1.20000000e+00 
 2.34064869e-04  8.42551615e-01  2.34064869e-04  6.90196383e-01  2.34064869e-04  1.25190832e-06  2.34064869e-04  2.16609201e-07  2.34064869e-04 -5.82418210e-06  2.34064869e-04  0.00000000e+00  2.34064869e-04  1.20000000e+00 
 2.34164869e-04  8.40050291e-01  2.34164869e-04  6.90174826e-01  2.34164869e-04  1.17564921e-06  2.34164869e-04 -2.16601984e-07  2.34164869e-04  6.37487606e-06  2.34164869e-04  0.00000000e+00  2.34164869e-04  1.20000000e+00 
 2.34264869e-04  8.37549278e-01  2.34264869e-04  6.90196242e-01  2.34264869e-04  1.25190827e-06  2.34264869e-04  2.16605817e-07  2.34264869e-04 -5.82417903e-06  2.34264869e-04  0.00000000e+00  2.34264869e-04  1.20000000e+00 
 2.34364869e-04  8.35048092e-01  2.34364869e-04  6.90174843e-01  2.34364869e-04  1.17564926e-06  2.34364869e-04 -2.16598596e-07  2.34364869e-04  6.37484433e-06  2.34364869e-04  0.00000000e+00  2.34364869e-04  1.20000000e+00 
 2.34464869e-04  8.32547240e-01  2.34464869e-04  6.90196089e-01  2.34464869e-04  1.25190821e-06  2.34464869e-04  2.16602429e-07  2.34464869e-04 -5.82417822e-06  2.34464869e-04  0.00000000e+00  2.34464869e-04  1.20000000e+00 
 2.34564869e-04  8.30046210e-01  2.34564869e-04  6.90174869e-01  2.34564869e-04  1.17564931e-06  2.34564869e-04 -2.16595210e-07  2.34564869e-04  6.37481123e-06  2.34564869e-04  0.00000000e+00  2.34564869e-04  1.20000000e+00 
 2.34664869e-04  8.27545542e-01  2.34664869e-04  6.90195923e-01  2.34664869e-04  1.25190816e-06  2.34664869e-04  2.16599047e-07  2.34664869e-04 -5.82417989e-06  2.34664869e-04  0.00000000e+00  2.34664869e-04  1.20000000e+00 
 2.34764869e-04  8.25044690e-01  2.34764869e-04  6.90174905e-01  2.34764869e-04  1.17564937e-06  2.34764869e-04 -2.16591833e-07  2.34764869e-04  6.37477665e-06  2.34764869e-04  0.00000000e+00  2.34764869e-04  1.20000000e+00 
 2.34864869e-04  8.22544228e-01  2.34864869e-04  6.90195744e-01  2.34864869e-04  1.25190811e-06  2.34864869e-04  2.16595678e-07  2.34864869e-04 -5.82418425e-06  2.34864869e-04  0.00000000e+00  2.34864869e-04  1.20000000e+00 
 2.34932439e-04  8.20854465e-01  2.34932439e-04  6.90174969e-01  2.34932439e-04  1.17564943e-06  2.34932439e-04 -2.16587664e-07  2.34932439e-04  6.37473975e-06  2.34932439e-04  0.00000000e+00  2.34932439e-04  1.20000000e+00 
 2.35000010e-04  8.19165055e-01  2.35000010e-04  6.90195536e-01  2.35000010e-04  1.25190803e-06  2.35000010e-04  2.16590714e-07  2.35000010e-04 -5.82417653e-06  2.35000010e-04  0.00000000e+00  2.35000010e-04  1.20000000e+00 
 2.35000011e-04  8.19155291e-01  2.35000011e-04  6.88752492e-01  2.35000011e-04  1.56405146e-06  2.35000011e-04  2.05691528e-06  2.35000011e-04 -6.35618767e-05  2.35000011e-04  0.00000000e+00  2.35000011e-04  1.08000000e+00 
 2.35000013e-04  8.19140326e-01  2.35000013e-04  6.86733482e-01  2.35000013e-04  1.37012632e-06  2.35000013e-04  8.55016542e-07  2.35000013e-04 -2.86288771e-05  2.35000013e-04  0.00000000e+00  2.35000013e-04  8.40000000e-01 
 2.35000016e-04  8.19115783e-01  2.35000016e-04  6.83589138e-01  2.35000016e-04  1.51206346e-06  2.35000016e-04  1.76532086e-06  2.35000016e-04 -5.76395057e-05  2.35000016e-04  0.00000000e+00  2.35000016e-04  4.20000001e-01 
 2.35000020e-04  8.19092209e-01  2.35000020e-04  6.80588737e-01  2.35000020e-04  1.36045629e-06  2.35000020e-04  7.78445846e-07  2.35000020e-04 -2.73811964e-05  2.35000020e-04  0.00000000e+00  2.35000020e-04  3.16866000e-09 
 2.35000021e-04  8.19092000e-01  2.35000021e-04  6.80633832e-01  2.35000021e-04  1.21605467e-06  2.35000021e-04 -7.30838463e-09  2.35000021e-04 -2.08489546e-06  2.35000021e-04  0.00000000e+00  2.35000021e-04  0.00000000e+00 
 2.35000022e-04  8.19091993e-01  2.35000022e-04  6.80760185e-01  2.35000022e-04  1.19457760e-06  2.35000022e-04 -9.17225378e-08  2.35000022e-04  1.87315565e-06  2.35000022e-04  0.00000000e+00  2.35000022e-04  0.00000000e+00 
 2.35000025e-04  8.19092043e-01  2.35000025e-04  6.80921793e-01  2.35000025e-04  1.22909342e-06  2.35000025e-04  7.60068718e-08  2.35000025e-04 -1.70226557e-06  2.35000025e-04  0.00000000e+00  2.35000025e-04  0.00000000e+00 
 2.35000030e-04  8.19092063e-01  2.35000030e-04  6.81063284e-01  2.35000030e-04  1.20958389e-06  2.35000030e-04 -1.05031959e-08  2.35000030e-04  1.73595686e-06  2.35000030e-04  0.00000000e+00  2.35000030e-04  0.00000000e+00 
 2.35000042e-04  8.19092155e-01  2.35000042e-04  6.81184064e-01  2.35000042e-04  1.23289814e-06  2.35000042e-04  1.01313969e-07  2.35000042e-04 -1.61011040e-06  2.35000042e-04  0.00000000e+00  2.35000042e-04  0.00000000e+00 
 2.35000064e-04  8.19092270e-01  2.35000064e-04  6.81357444e-01  2.35000064e-04  1.20664497e-06  2.35000064e-04 -2.25348525e-08  2.35000064e-04  1.70188745e-06  2.35000064e-04  0.00000000e+00  2.35000064e-04  0.00000000e+00 
 2.35000109e-04  8.19092549e-01  2.35000109e-04  6.81635076e-01  2.35000109e-04  1.22726470e-06  2.35000109e-04  8.25972222e-08  2.35000109e-04 -1.58571529e-06  2.35000109e-04  0.00000000e+00  2.35000109e-04  0.00000000e+00 
 2.35000198e-04  8.19093003e-01  2.35000198e-04  6.82000654e-01  2.35000198e-04  1.20146751e-06  2.35000198e-04 -3.30669207e-08  2.35000198e-04  1.70049493e-06  2.35000198e-04  0.00000000e+00  2.35000198e-04  0.00000000e+00 
 2.35000378e-04  8.19093838e-01  2.35000378e-04  6.82478330e-01  2.35000378e-04  1.22430078e-06  2.35000378e-04  7.94235966e-08  2.35000378e-04 -1.56987101e-06  2.35000378e-04  0.00000000e+00  2.35000378e-04  0.00000000e+00 
 2.35000736e-04  8.19095095e-01  2.35000736e-04  6.83035456e-01  2.35000736e-04  1.20138560e-06  2.35000736e-04 -3.62728703e-08  2.35000736e-04  1.71067265e-06  2.35000736e-04  0.00000000e+00  2.35000736e-04  0.00000000e+00 
 2.35001453e-04  8.19096993e-01  2.35001453e-04  6.83297853e-01  2.35001453e-04  1.22539678e-06  2.35001453e-04  7.21580473e-08  2.35001453e-04 -1.57560621e-06  2.35001453e-04  0.00000000e+00  2.35001453e-04  0.00000000e+00 
 2.35002886e-04  8.19100139e-01  2.35002886e-04  6.82276670e-01  2.35002886e-04  1.20256241e-06  2.35002886e-04 -4.42558796e-08  2.35002886e-04  1.65134185e-06  2.35002886e-04  0.00000000e+00  2.35002886e-04  0.00000000e+00 
 2.35005754e-04  8.19106395e-01  2.35005754e-04  6.80413102e-01  2.35005754e-04  1.22528603e-06  2.35005754e-04  6.30408137e-08  2.35005754e-04 -1.60877050e-06  2.35005754e-04  0.00000000e+00  2.35005754e-04  0.00000000e+00 
 2.35011488e-04  8.19117340e-01  2.35011488e-04  6.79338928e-01  2.35011488e-04  1.20218327e-06  2.35011488e-04 -5.48874896e-08  2.35011488e-04  1.64002211e-06  2.35011488e-04  0.00000000e+00  2.35011488e-04  0.00000000e+00 
 2.35022957e-04  8.19133035e-01  2.35022957e-04  6.81604966e-01  2.35022957e-04  1.22520627e-06  2.35022957e-04  5.24666499e-08  2.35022957e-04 -1.61821291e-06  2.35022957e-04  0.00000000e+00  2.35022957e-04  0.00000000e+00 
 2.35045894e-04  8.19148402e-01  2.35045894e-04  6.91262056e-01  2.35045894e-04  1.20220602e-06  2.35045894e-04 -6.13152420e-08  2.35045894e-04  1.62252690e-06  2.35045894e-04  0.00000000e+00  2.35045894e-04  0.00000000e+00 
 2.35079526e-04  8.19154691e-01  2.35079526e-04  6.90056617e-01  2.35079526e-04  1.22541987e-06  2.35079526e-04  6.09486873e-08  2.35079526e-04 -1.62342352e-06  2.35079526e-04  0.00000000e+00  2.35079526e-04  0.00000000e+00 
 2.35116753e-04  8.19155472e-01  2.35116753e-04  6.89914813e-01  2.35116753e-04  1.20211634e-06  2.35116753e-04 -6.00074859e-08  2.35116753e-04  1.62415374e-06  2.35116753e-04  0.00000000e+00  2.35116753e-04  0.00000000e+00 
 2.35186985e-04  8.19155549e-01  2.35186985e-04  6.90552802e-01  2.35186985e-04  1.22544276e-06  2.35186985e-04  5.94620474e-08  2.35186985e-04 -1.62434451e-06  2.35186985e-04  0.00000000e+00  2.35186985e-04  0.00000000e+00 
 2.35286985e-04  8.19155046e-01  2.35286985e-04  6.89778338e-01  2.35286985e-04  1.20211604e-06  2.35286985e-04 -5.90790374e-08  2.35286985e-04  1.62457556e-06  2.35286985e-04  0.00000000e+00  2.35286985e-04  0.00000000e+00 
 2.35386985e-04  8.19154919e-01  2.35386985e-04  6.90620943e-01  2.35386985e-04  1.22543858e-06  2.35386985e-04  5.87228346e-08  2.35386985e-04 -1.62464975e-06  2.35386985e-04  0.00000000e+00  2.35386985e-04  0.00000000e+00 
 2.35486985e-04  8.19154448e-01  2.35486985e-04  6.89737420e-01  2.35486985e-04  1.20212278e-06  2.35486985e-04 -5.83748249e-08  2.35486985e-04  1.62484873e-06  2.35486985e-04  0.00000000e+00  2.35486985e-04  0.00000000e+00 
 2.35586985e-04  8.19154299e-01  2.35586985e-04  6.90640960e-01  2.35586985e-04  1.22542988e-06  2.35586985e-04  5.80594574e-08  2.35586985e-04 -1.62489527e-06  2.35586985e-04  0.00000000e+00  2.35586985e-04  0.00000000e+00 
 2.35686985e-04  8.19153849e-01  2.35686985e-04  6.89733415e-01  2.35686985e-04  1.20213288e-06  2.35686985e-04 -5.77558131e-08  2.35686985e-04  1.62506920e-06  2.35686985e-04  0.00000000e+00  2.35686985e-04  0.00000000e+00 
 2.35786985e-04  8.19153676e-01  2.35786985e-04  6.90633261e-01  2.35786985e-04  1.22541881e-06  2.35786985e-04  5.74861842e-08  2.35786985e-04 -1.62509405e-06  2.35786985e-04  0.00000000e+00  2.35786985e-04  0.00000000e+00 
 2.35886985e-04  8.19153254e-01  2.35886985e-04  6.89750230e-01  2.35886985e-04  1.20214458e-06  2.35886985e-04 -5.72284102e-08  2.35886985e-04  1.62524822e-06  2.35886985e-04  0.00000000e+00  2.35886985e-04  0.00000000e+00 
 2.35986985e-04  8.19153050e-01  2.35986985e-04  6.90610214e-01  2.35986985e-04  1.22540672e-06  2.35986985e-04  5.70037409e-08  2.35986985e-04 -1.62525571e-06  2.35986985e-04  0.00000000e+00  2.35986985e-04  0.00000000e+00 
 2.36086985e-04  8.19152661e-01  2.36086985e-04  6.89778129e-01  2.36086985e-04  1.20215683e-06  2.36086985e-04 -5.67893736e-08  2.36086985e-04  1.62539415e-06  2.36086985e-04  0.00000000e+00  2.36086985e-04  0.00000000e+00 
 2.36186985e-04  8.19152423e-01  2.36186985e-04  6.90579481e-01  2.36186985e-04  1.22539449e-06  2.36186985e-04  5.66061024e-08  2.36186985e-04 -1.62538773e-06  2.36186985e-04  0.00000000e+00  2.36186985e-04  0.00000000e+00 
 2.36286985e-04  8.19152068e-01  2.36286985e-04  6.89811093e-01  2.36286985e-04  1.20216894e-06  2.36286985e-04 -5.64308295e-08  2.36286985e-04  1.62551355e-06  2.36286985e-04  0.00000000e+00  2.36286985e-04  0.00000000e+00 
 2.36386985e-04  8.19151796e-01  2.36386985e-04  6.90545708e-01  2.36386985e-04  1.22538260e-06  2.36386985e-04  5.62842311e-08  2.36386985e-04 -1.62549591e-06  2.36386985e-04  0.00000000e+00  2.36386985e-04  0.00000000e+00 
 2.36486985e-04  8.19151475e-01  2.36486985e-04  6.89845506e-01  2.36486985e-04  1.20218053e-06  2.36486985e-04 -5.61431122e-08  2.36486985e-04  1.62561154e-06  2.36486985e-04  0.00000000e+00  2.36486985e-04  0.00000000e+00 
 2.36586985e-04  8.19151170e-01  2.36586985e-04  6.90511660e-01  2.36586985e-04  1.22537135e-06  2.36586985e-04  5.60282025e-08  2.36586985e-04 -1.62558480e-06  2.36586985e-04  0.00000000e+00  2.36586985e-04  0.00000000e+00 
 2.36686985e-04  8.19150880e-01  2.36686985e-04  6.89879249e-01  2.36686985e-04  1.20219140e-06  2.36686985e-04 -5.59163210e-08  2.36686985e-04  1.62569216e-06  2.36686985e-04  0.00000000e+00  2.36686985e-04  0.00000000e+00 
 2.36786985e-04  8.19150546e-01  2.36786985e-04  6.90478928e-01  2.36786985e-04  1.22536088e-06  2.36786985e-04  5.58283280e-08  2.36786985e-04 -1.62565799e-06  2.36786985e-04  0.00000000e+00  2.36786985e-04  0.00000000e+00 
 2.36886985e-04  8.19150284e-01  2.36886985e-04  6.89911141e-01  2.36886985e-04  1.20220146e-06  2.36886985e-04 -5.57411150e-08  2.36886985e-04  1.62575861e-06  2.36886985e-04  0.00000000e+00  2.36886985e-04  0.00000000e+00 
 2.36986985e-04  8.19149924e-01  2.36986985e-04  6.90448370e-01  2.36986985e-04  1.22535125e-06  2.36986985e-04  5.56756982e-08  2.36986985e-04 -1.62571836e-06  2.36986985e-04  0.00000000e+00  2.36986985e-04  0.00000000e+00 
 2.37086985e-04  8.19149685e-01  2.37086985e-04  6.89940580e-01  2.37086985e-04  1.20221068e-06  2.37086985e-04 -5.56090691e-08  2.37086985e-04  1.62581344e-06  2.37086985e-04  0.00000000e+00  2.37086985e-04  0.00000000e+00 
 2.37186985e-04  8.19149305e-01  2.37186985e-04  6.90420391e-01  2.37186985e-04  1.22534245e-06  2.37186985e-04  5.55623983e-08  2.37186985e-04 -1.62576820e-06  2.37186985e-04  0.00000000e+00  2.37186985e-04  0.00000000e+00 
 2.37286985e-04  8.19149084e-01  2.37286985e-04  6.89967321e-01  2.37286985e-04  1.20221907e-06  2.37286985e-04 -5.55127870e-08  2.37286985e-04  1.62585872e-06  2.37286985e-04  0.00000000e+00  2.37286985e-04  0.00000000e+00 
 2.37386985e-04  8.19148687e-01  2.37386985e-04  6.90395120e-01  2.37386985e-04  1.22533445e-06  2.37386985e-04  5.54815466e-08  2.37386985e-04 -1.62580935e-06  2.37386985e-04  0.00000000e+00  2.37386985e-04  0.00000000e+00 
 2.37486985e-04  8.19148481e-01  2.37486985e-04  6.89991335e-01  2.37486985e-04  1.20222669e-06  2.37486985e-04 -5.54458865e-08  2.37486985e-04  1.62589611e-06  2.37486985e-04  0.00000000e+00  2.37486985e-04  0.00000000e+00 
 2.37586985e-04  8.19148072e-01  2.37586985e-04  6.90372517e-01  2.37586985e-04  1.22532720e-06  2.37586985e-04  5.54272409e-08  2.37586985e-04 -1.62584331e-06  2.37586985e-04  0.00000000e+00  2.37586985e-04  0.00000000e+00 
 2.37686985e-04  8.19147875e-01  2.37686985e-04  6.90012718e-01  2.37686985e-04  1.20223359e-06  2.37686985e-04 -5.54029204e-08  2.37686985e-04  1.62592694e-06  2.37686985e-04  0.00000000e+00  2.37686985e-04  0.00000000e+00 
 2.37786985e-04  8.19147459e-01  2.37786985e-04  6.90352451e-01  2.37786985e-04  1.22532064e-06  2.37786985e-04  5.53944643e-08  2.37786985e-04 -1.62587130e-06  2.37786985e-04  0.00000000e+00  2.37786985e-04  0.00000000e+00 
 2.37886985e-04  8.19147268e-01  2.37886985e-04  6.90031638e-01  2.37886985e-04  1.20223983e-06  2.37886985e-04 -5.53792748e-08  2.37886985e-04  1.62595233e-06  2.37886985e-04  0.00000000e+00  2.37886985e-04  0.00000000e+00 
 2.37986985e-04  8.19146848e-01  2.37986985e-04  6.90334737e-01  2.37986985e-04  1.22531471e-06  2.37986985e-04  5.53789793e-08  2.37986985e-04 -1.62589431e-06  2.37986985e-04  0.00000000e+00  2.37986985e-04  0.00000000e+00 
 2.38086985e-04  8.19146659e-01  2.38086985e-04  6.90048296e-01  2.38086985e-04  1.20224547e-06  2.38086985e-04 -5.53710615e-08  2.38086985e-04  1.62597316e-06  2.38086985e-04  0.00000000e+00  2.38086985e-04  0.00000000e+00 
 2.38186985e-04  8.19146238e-01  2.38186985e-04  6.90319168e-01  2.38186985e-04  1.22530935e-06  2.38186985e-04  5.53772222e-08  2.38186985e-04 -1.62591316e-06  2.38186985e-04  0.00000000e+00  2.38186985e-04  0.00000000e+00 
 2.38286985e-04  8.19146048e-01  2.38286985e-04  6.90063144e-01  2.38286985e-04  1.20225052e-06  2.38286985e-04 -5.53750969e-08  2.38286985e-04  1.62599021e-06  2.38286985e-04  0.00000000e+00  2.38286985e-04  0.00000000e+00 
 2.38386985e-04  8.19145630e-01  2.38386985e-04  6.90305790e-01  2.38386985e-04  1.22530449e-06  2.38386985e-04  5.53862601e-08  2.38386985e-04 -1.62592855e-06  2.38386985e-04  0.00000000e+00  2.38386985e-04  0.00000000e+00 
 2.38486985e-04  8.19145436e-01  2.38486985e-04  6.90075879e-01  2.38486985e-04  1.20225513e-06  2.38486985e-04 -5.53884562e-08  2.38486985e-04  1.62600403e-06  2.38486985e-04  0.00000000e+00  2.38486985e-04  0.00000000e+00 
 2.38586985e-04  8.19145022e-01  2.38586985e-04  6.90293816e-01  2.38586985e-04  1.22530010e-06  2.38586985e-04  5.54034676e-08  2.38586985e-04 -1.62594096e-06  2.38586985e-04  0.00000000e+00  2.38586985e-04  0.00000000e+00 
 2.38686985e-04  8.19144823e-01  2.38686985e-04  6.90086993e-01  2.38686985e-04  1.20225932e-06  2.38686985e-04 -5.54089877e-08  2.38686985e-04  1.62601515e-06  2.38686985e-04  0.00000000e+00  2.38686985e-04  0.00000000e+00 
 2.38786985e-04  8.19144415e-01  2.38786985e-04  6.90283381e-01  2.38786985e-04  1.22529612e-06  2.38786985e-04  5.54268538e-08  2.38786985e-04 -1.62595090e-06  2.38786985e-04  0.00000000e+00  2.38786985e-04  0.00000000e+00 
 2.38886985e-04  8.19144209e-01  2.38886985e-04  6.90096679e-01  2.38886985e-04  1.20226310e-06  2.38886985e-04 -5.54347942e-08  2.38886985e-04  1.62602400e-06  2.38886985e-04  0.00000000e+00  2.38886985e-04  0.00000000e+00 
 2.38986985e-04  8.19143809e-01  2.38986985e-04  6.90274297e-01  2.38986985e-04  1.22529251e-06  2.38986985e-04  5.54546931e-08  2.38986985e-04 -1.62595874e-06  2.38986985e-04  0.00000000e+00  2.38986985e-04  0.00000000e+00 
 2.39086985e-04  8.19143594e-01  2.39086985e-04  6.90105112e-01  2.39086985e-04  1.20226655e-06  2.39086985e-04 -5.54643079e-08  2.39086985e-04  1.62603093e-06  2.39086985e-04  0.00000000e+00  2.39086985e-04  0.00000000e+00 
 2.39186985e-04  8.19143203e-01  2.39186985e-04  6.90266394e-01  2.39186985e-04  1.22528923e-06  2.39186985e-04  5.54855628e-08  2.39186985e-04 -1.62596481e-06  2.39186985e-04  0.00000000e+00  2.39186985e-04  0.00000000e+00 
 2.39286985e-04  8.19142980e-01  2.39286985e-04  6.90112454e-01  2.39286985e-04  1.20226969e-06  2.39286985e-04 -5.54962402e-08  2.39286985e-04  1.62603621e-06  2.39286985e-04  0.00000000e+00  2.39286985e-04  0.00000000e+00 
 2.39386985e-04  8.19142598e-01  2.39386985e-04  6.90259516e-01  2.39386985e-04  1.22528623e-06  2.39386985e-04  5.55182978e-08  2.39386985e-04 -1.62596938e-06  2.39386985e-04  0.00000000e+00  2.39386985e-04  0.00000000e+00 
 2.39486985e-04  8.19142365e-01  2.39486985e-04  6.90118848e-01  2.39486985e-04  1.20227256e-06  2.39486985e-04 -5.55295398e-08  2.39486985e-04  1.62604011e-06  2.39486985e-04  0.00000000e+00  2.39486985e-04  0.00000000e+00 
 2.39586985e-04  8.19141993e-01  2.39586985e-04  6.90253525e-01  2.39586985e-04  1.22528349e-06  2.39586985e-04  5.55519516e-08  2.39586985e-04 -1.62597266e-06  2.39586985e-04  0.00000000e+00  2.39586985e-04  0.00000000e+00 
 2.39686985e-04  8.19141750e-01  2.39686985e-04  6.90124422e-01  2.39686985e-04  1.20227519e-06  2.39686985e-04 -5.55633564e-08  2.39686985e-04  1.62604282e-06  2.39686985e-04  0.00000000e+00  2.39686985e-04  0.00000000e+00 
 2.39786985e-04  8.19141388e-01  2.39786985e-04  6.90248300e-01  2.39786985e-04  1.22528098e-06  2.39786985e-04  5.55857631e-08  2.39786985e-04 -1.62597484e-06  2.39786985e-04  0.00000000e+00  2.39786985e-04  0.00000000e+00 
 2.39886985e-04  8.19141135e-01  2.39886985e-04  6.90129292e-01  2.39886985e-04  1.20227760e-06  2.39886985e-04 -5.55970114e-08  2.39886985e-04  1.62604452e-06  2.39886985e-04  0.00000000e+00  2.39886985e-04  0.00000000e+00 
 2.39986985e-04  8.19140783e-01  2.39986985e-04  6.90243731e-01  2.39986985e-04  1.22527866e-06  2.39986985e-04  5.56191292e-08  2.39986985e-04 -1.62597609e-06  2.39986985e-04  0.00000000e+00  2.39986985e-04  0.00000000e+00 
 2.40086985e-04  8.19140520e-01  2.40086985e-04  6.90133556e-01  2.40086985e-04  1.20227982e-06  2.40086985e-04 -5.56299710e-08  2.40086985e-04  1.62604535e-06  2.40086985e-04  0.00000000e+00  2.40086985e-04  0.00000000e+00 
 2.40186985e-04  8.19140178e-01  2.40186985e-04  6.90239725e-01  2.40186985e-04  1.22527653e-06  2.40186985e-04  5.56515802e-08  2.40186985e-04 -1.62597654e-06  2.40186985e-04  0.00000000e+00  2.40186985e-04  0.00000000e+00 
 2.40286985e-04  8.19139906e-01  2.40286985e-04  6.90137302e-01  2.40286985e-04  1.20228187e-06  2.40286985e-04 -5.56618246e-08  2.40286985e-04  1.62604544e-06  2.40286985e-04  0.00000000e+00  2.40286985e-04  0.00000000e+00 
 2.40386985e-04  8.19139572e-01  2.40386985e-04  6.90236199e-01  2.40386985e-04  1.22527456e-06  2.40386985e-04  5.56827600e-08  2.40386985e-04 -1.62597629e-06  2.40386985e-04  0.00000000e+00  2.40386985e-04  0.00000000e+00 
 2.40486985e-04  8.19139292e-01  2.40486985e-04  6.90140608e-01  2.40486985e-04  1.20228377e-06  2.40486985e-04 -5.56922656e-08  2.40486985e-04  1.62604489e-06  2.40486985e-04  0.00000000e+00  2.40486985e-04  0.00000000e+00 
 2.40586985e-04  8.19138967e-01  2.40586985e-04  6.90233082e-01  2.40586985e-04  1.22527273e-06  2.40586985e-04  5.57124073e-08  2.40586985e-04 -1.62597545e-06  2.40586985e-04  0.00000000e+00  2.40586985e-04  0.00000000e+00 
 2.40686985e-04  8.19138678e-01  2.40686985e-04  6.90143538e-01  2.40686985e-04  1.20228553e-06  2.40686985e-04 -5.57210744e-08  2.40686985e-04  1.62604378e-06  2.40686985e-04  0.00000000e+00  2.40686985e-04  0.00000000e+00 
 2.40786985e-04  8.19138361e-01  2.40786985e-04  6.90230312e-01  2.40786985e-04  1.22527103e-06  2.40786985e-04  5.57403408e-08  2.40786985e-04 -1.62597410e-06  2.40786985e-04  0.00000000e+00  2.40786985e-04  0.00000000e+00 
 2.40886985e-04  8.19138065e-01  2.40886985e-04  6.90146149e-01  2.40886985e-04  1.20228718e-06  2.40886985e-04 -5.57481044e-08  2.40886985e-04  1.62604220e-06  2.40886985e-04  0.00000000e+00  2.40886985e-04  0.00000000e+00 
 2.40986985e-04  8.19137754e-01  2.40986985e-04  6.90227837e-01  2.40986985e-04  1.22526945e-06  2.40986985e-04  5.57664455e-08  2.40986985e-04 -1.62597230e-06  2.40986985e-04  0.00000000e+00  2.40986985e-04  0.00000000e+00 
 2.41086985e-04  8.19137451e-01  2.41086985e-04  6.90148490e-01  2.41086985e-04  1.20228871e-06  2.41086985e-04 -5.57732694e-08  2.41086985e-04  1.62604020e-06  2.41086985e-04  0.00000000e+00  2.41086985e-04  0.00000000e+00 
 2.41186985e-04  8.19137148e-01  2.41186985e-04  6.90225611e-01  2.41186985e-04  1.22526796e-06  2.41186985e-04  5.57906611e-08  2.41186985e-04 -1.62597012e-06  2.41186985e-04  0.00000000e+00  2.41186985e-04  0.00000000e+00 
 2.41286985e-04  8.19136839e-01  2.41286985e-04  6.90150602e-01  2.41286985e-04  1.20229015e-06  2.41286985e-04 -5.57965324e-08  2.41286985e-04  1.62603784e-06  2.41286985e-04  0.00000000e+00  2.41286985e-04  0.00000000e+00 
 2.41386985e-04  8.19136541e-01  2.41386985e-04  6.90223597e-01  2.41386985e-04  1.22526657e-06  2.41386985e-04  5.58129719e-08  2.41386985e-04 -1.62596759e-06  2.41386985e-04  0.00000000e+00  2.41386985e-04  0.00000000e+00 
 2.41486985e-04  8.19136226e-01  2.41486985e-04  6.90152519e-01  2.41486985e-04  1.20229150e-06  2.41486985e-04 -5.58178966e-08  2.41486985e-04  1.62603516e-06  2.41486985e-04  0.00000000e+00  2.41486985e-04  0.00000000e+00 
 2.41586985e-04  8.19135933e-01  2.41586985e-04  6.90221763e-01  2.41586985e-04  1.22526527e-06  2.41586985e-04  5.58333978e-08  2.41586985e-04 -1.62596477e-06  2.41586985e-04  0.00000000e+00  2.41586985e-04  0.00000000e+00 
 2.41686985e-04  8.19135614e-01  2.41686985e-04  6.90154271e-01  2.41686985e-04  1.20229276e-06  2.41686985e-04 -5.58373968e-08  2.41686985e-04  1.62603221e-06  2.41686985e-04  0.00000000e+00  2.41686985e-04  0.00000000e+00 
 2.41786985e-04  8.19135326e-01  2.41786985e-04  6.90220081e-01  2.41786985e-04  1.22526404e-06  2.41786985e-04  5.58519867e-08  2.41786985e-04 -1.62596169e-06  2.41786985e-04  0.00000000e+00  2.41786985e-04  0.00000000e+00 
 2.41886985e-04  8.19135002e-01  2.41886985e-04  6.90155883e-01  2.41886985e-04  1.20229396e-06  2.41886985e-04 -5.58550926e-08  2.41886985e-04  1.62602901e-06  2.41886985e-04  0.00000000e+00  2.41886985e-04  0.00000000e+00 
 2.41986985e-04  8.19134718e-01  2.41986985e-04  6.90218529e-01  2.41986985e-04  1.22526288e-06  2.41986985e-04  5.58688084e-08  2.41986985e-04 -1.62595839e-06  2.41986985e-04  0.00000000e+00  2.41986985e-04  0.00000000e+00 
 2.42086985e-04  8.19134391e-01  2.42086985e-04  6.90157375e-01  2.42086985e-04  1.20229508e-06  2.42086985e-04 -5.58710622e-08  2.42086985e-04  1.62602560e-06  2.42086985e-04  0.00000000e+00  2.42086985e-04  0.00000000e+00 
 2.42186985e-04  8.19134110e-01  2.42186985e-04  6.90217090e-01  2.42186985e-04  1.22526179e-06  2.42186985e-04  5.58839486e-08  2.42186985e-04 -1.62595487e-06  2.42186985e-04  0.00000000e+00  2.42186985e-04  0.00000000e+00 
 2.42286985e-04  8.19133780e-01  2.42286985e-04  6.90158762e-01  2.42286985e-04  1.20229614e-06  2.42286985e-04 -5.58853974e-08  2.42286985e-04  1.62602199e-06  2.42286985e-04  0.00000000e+00  2.42286985e-04  0.00000000e+00 
 2.42386985e-04  8.19133501e-01  2.42386985e-04  6.90215746e-01  2.42386985e-04  1.22526075e-06  2.42386985e-04  5.58975038e-08  2.42386985e-04 -1.62595118e-06  2.42386985e-04  0.00000000e+00  2.42386985e-04  0.00000000e+00 
 2.42486985e-04  8.19133169e-01  2.42486985e-04  6.90160061e-01  2.42486985e-04  1.20229715e-06  2.42486985e-04 -5.58981992e-08  2.42486985e-04  1.62601821e-06  2.42486985e-04  0.00000000e+00  2.42486985e-04  0.00000000e+00 
 2.42586985e-04  8.19132893e-01  2.42586985e-04  6.90214487e-01  2.42586985e-04  1.22525978e-06  2.42586985e-04  5.59095785e-08  2.42586985e-04 -1.62594732e-06  2.42586985e-04  0.00000000e+00  2.42586985e-04  0.00000000e+00 
 2.42686985e-04  8.19132558e-01  2.42686985e-04  6.90161281e-01  2.42686985e-04  1.20229810e-06  2.42686985e-04 -5.59095741e-08  2.42686985e-04  1.62601428e-06  2.42686985e-04  0.00000000e+00  2.42686985e-04  0.00000000e+00 
 2.42786985e-04  8.19132284e-01  2.42786985e-04  6.90213301e-01  2.42786985e-04  1.22525885e-06  2.42786985e-04  5.59202807e-08  2.42786985e-04 -1.62594332e-06  2.42786985e-04  0.00000000e+00  2.42786985e-04  0.00000000e+00 
 2.42886985e-04  8.19131947e-01  2.42886985e-04  6.90162431e-01  2.42886985e-04  1.20229901e-06  2.42886985e-04 -5.59196311e-08  2.42886985e-04  1.62601021e-06  2.42886985e-04  0.00000000e+00  2.42886985e-04  0.00000000e+00 
 2.42986985e-04  8.19131675e-01  2.42986985e-04  6.90212181e-01  2.42986985e-04  1.22525797e-06  2.42986985e-04  5.59297196e-08  2.42986985e-04 -1.62593918e-06  2.42986985e-04  0.00000000e+00  2.42986985e-04  0.00000000e+00 
 2.43086985e-04  8.19131337e-01  2.43086985e-04  6.90163520e-01  2.43086985e-04  1.20229986e-06  2.43086985e-04 -5.59284794e-08  2.43086985e-04  1.62600601e-06  2.43086985e-04  0.00000000e+00  2.43086985e-04  0.00000000e+00 
 2.43186985e-04  8.19131066e-01  2.43186985e-04  6.90211119e-01  2.43186985e-04  1.22525714e-06  2.43186985e-04  5.59380039e-08  2.43186985e-04 -1.62593493e-06  2.43186985e-04  0.00000000e+00  2.43186985e-04  0.00000000e+00 
 2.43286985e-04  8.19130727e-01  2.43286985e-04  6.90164554e-01  2.43286985e-04  1.20230067e-06  2.43286985e-04 -5.59362263e-08  2.43286985e-04  1.62600170e-06  2.43286985e-04  0.00000000e+00  2.43286985e-04  0.00000000e+00 
 2.43386985e-04  8.19130456e-01  2.43386985e-04  6.90210111e-01  2.43386985e-04  1.22525634e-06  2.43386985e-04  5.59452392e-08  2.43386985e-04 -1.62593056e-06  2.43386985e-04  0.00000000e+00  2.43386985e-04  0.00000000e+00 
 2.43486985e-04  8.19130116e-01  2.43486985e-04  6.90165536e-01  2.43486985e-04  1.20230144e-06  2.43486985e-04 -5.59429756e-08  2.43486985e-04  1.62599728e-06  2.43486985e-04  0.00000000e+00  2.43486985e-04  0.00000000e+00 
 2.43586985e-04  8.19129847e-01  2.43586985e-04  6.90209152e-01  2.43586985e-04  1.22525559e-06  2.43586985e-04  5.59515273e-08  2.43586985e-04 -1.62592609e-06  2.43586985e-04  0.00000000e+00  2.43586985e-04  0.00000000e+00 
 2.43686985e-04  8.19129506e-01  2.43686985e-04  6.90166472e-01  2.43686985e-04  1.20230218e-06  2.43686985e-04 -5.59488267e-08  2.43686985e-04  1.62599277e-06  2.43686985e-04  0.00000000e+00  2.43686985e-04  0.00000000e+00 
 2.43786985e-04  8.19129237e-01  2.43786985e-04  6.90208237e-01  2.43786985e-04  1.22525488e-06  2.43786985e-04  5.59569649e-08  2.43786985e-04 -1.62592153e-06  2.43786985e-04  0.00000000e+00  2.43786985e-04  0.00000000e+00 
 2.43886985e-04  8.19128897e-01  2.43886985e-04  6.90167364e-01  2.43886985e-04  1.20230287e-06  2.43886985e-04 -5.59538736e-08  2.43886985e-04  1.62598816e-06  2.43886985e-04  0.00000000e+00  2.43886985e-04  0.00000000e+00 
 2.43986985e-04  8.19128627e-01  2.43986985e-04  6.90207366e-01  2.43986985e-04  1.22525420e-06  2.43986985e-04  5.59616430e-08  2.43986985e-04 -1.62591688e-06  2.43986985e-04  0.00000000e+00  2.43986985e-04  0.00000000e+00 
 2.44086985e-04  8.19128287e-01  2.44086985e-04  6.90168214e-01  2.44086985e-04  1.20230353e-06  2.44086985e-04 -5.59582041e-08  2.44086985e-04  1.62598347e-06  2.44086985e-04  0.00000000e+00  2.44086985e-04  0.00000000e+00 
 2.44186985e-04  8.19128018e-01  2.44186985e-04  6.90206534e-01  2.44186985e-04  1.22525356e-06  2.44186985e-04  5.59656464e-08  2.44186985e-04 -1.62591215e-06  2.44186985e-04  0.00000000e+00  2.44186985e-04  0.00000000e+00 
 2.44286985e-04  8.19127677e-01  2.44286985e-04  6.90169025e-01  2.44286985e-04  1.20230416e-06  2.44286985e-04 -5.59619001e-08  2.44286985e-04  1.62597870e-06  2.44286985e-04  0.00000000e+00  2.44286985e-04  0.00000000e+00 
 2.44386985e-04  8.19127408e-01  2.44386985e-04  6.90205741e-01  2.44386985e-04  1.22525295e-06  2.44386985e-04  5.59690536e-08  2.44386985e-04 -1.62590735e-06  2.44386985e-04  0.00000000e+00  2.44386985e-04  0.00000000e+00 
 2.44486985e-04  8.19127067e-01  2.44486985e-04  6.90169800e-01  2.44486985e-04  1.20230476e-06  2.44486985e-04 -5.59650366e-08  2.44486985e-04  1.62597386e-06  2.44486985e-04  0.00000000e+00  2.44486985e-04  0.00000000e+00 
 2.44586985e-04  8.19126798e-01  2.44586985e-04  6.90204985e-01  2.44586985e-04  1.22525237e-06  2.44586985e-04  5.59719366e-08  2.44586985e-04 -1.62590248e-06  2.44586985e-04  0.00000000e+00  2.44586985e-04  0.00000000e+00 
 2.44686985e-04  8.19126458e-01  2.44686985e-04  6.90170538e-01  2.44686985e-04  1.20230533e-06  2.44686985e-04 -5.59676824e-08  2.44686985e-04  1.62596896e-06  2.44686985e-04  0.00000000e+00  2.44686985e-04  0.00000000e+00 
 2.44786985e-04  8.19126188e-01  2.44786985e-04  6.90204263e-01  2.44786985e-04  1.22525181e-06  2.44786985e-04  5.59743609e-08  2.44786985e-04 -1.62589753e-06  2.44786985e-04  0.00000000e+00  2.44786985e-04  0.00000000e+00 
 2.44886985e-04  8.19125848e-01  2.44886985e-04  6.90171242e-01  2.44886985e-04  1.20230586e-06  2.44886985e-04 -5.59698999e-08  2.44886985e-04  1.62596398e-06  2.44886985e-04  0.00000000e+00  2.44886985e-04  0.00000000e+00 
 2.44943493e-04  8.19125711e-01  2.44943493e-04  6.90203320e-01  2.44943493e-04  1.22525109e-06  2.44943493e-04  5.59770717e-08  2.44943493e-04 -1.62589059e-06  2.44943493e-04  0.00000000e+00  2.44943493e-04  0.00000000e+00 
 2.45000000e-04  8.19125504e-01  2.45000000e-04  6.90172407e-01  2.45000000e-04  1.20230675e-06  2.45000000e-04 -5.59729475e-08  2.45000000e-04  1.62595504e-06  2.45000000e-04  0.00000000e+00  2.45000000e-04  0.00000000e+00 
