 0.00000000e+00  8.02024267e-03  0.00000000e+00  5.96681337e-01  0.00000000e+00  3.73842441e-07  0.00000000e+00  1.33134617e-12  0.00000000e+00  4.08450589e-12  0.00000000e+00  0.00000000e+00  0.00000000e+00  0.00000000e+00 
 1.00000000e-11  8.01941935e-03  1.00000000e-11  5.96681327e-01  1.00000000e-11  3.73842956e-07  1.00000000e-11 -2.54969052e-12  1.00000000e-11  4.76224491e-12  1.00000000e-11  0.00000000e+00  1.00000000e-11  0.00000000e+00 
 2.00000000e-11  8.01859418e-03  2.00000000e-11  5.96681317e-01  2.00000000e-11  3.73842956e-07  2.00000000e-11 -2.69563346e-12  2.00000000e-11  4.80816499e-12  2.00000000e-11  0.00000000e+00  2.00000000e-11  0.00000000e+00 
 4.00000000e-11  8.01693899e-03  4.00000000e-11  5.96681297e-01  4.00000000e-11  3.73842962e-07  4.00000000e-11 -2.91402075e-12  4.00000000e-11  4.80870571e-12  4.00000000e-11  0.00000000e+00  4.00000000e-11  0.00000000e+00 
 8.00000000e-11  8.01360908e-03  8.00000000e-11  5.96681258e-01  8.00000000e-11  3.73842978e-07  8.00000000e-11 -3.18356337e-12  8.00000000e-11  4.81444103e-12  8.00000000e-11  0.00000000e+00  8.00000000e-11  0.00000000e+00 
 1.60000000e-10  8.00686895e-03  1.60000000e-10  5.96681178e-01  1.60000000e-10  3.73843007e-07  1.60000000e-10 -3.43567538e-12  1.60000000e-10  4.83425860e-12  1.60000000e-10  0.00000000e+00  1.60000000e-10  0.00000000e+00 
 3.20000000e-10  7.99305013e-03  3.20000000e-10  5.96681005e-01  3.20000000e-10  3.73843060e-07  3.20000000e-10 -3.19593066e-12  3.20000000e-10  4.89778319e-12  3.20000000e-10  0.00000000e+00  3.20000000e-10  0.00000000e+00 
 6.40000000e-10  7.96393831e-03  6.40000000e-10  5.96680598e-01  6.40000000e-10  3.73843171e-07  6.40000000e-10 -1.80701747e-12  6.40000000e-10  5.03595961e-12  6.40000000e-10  0.00000000e+00  6.40000000e-10  0.00000000e+00 
 1.00000000e-09  7.92827791e-03  1.00000000e-09  5.96680031e-01  1.00000000e-09  3.73843319e-07  1.00000000e-09  1.46611688e-13  1.00000000e-09  5.23032396e-12  1.00000000e-09  0.00000000e+00  1.00000000e-09  0.00000000e+00 
 1.06400000e-09  7.92926990e-03  1.06400000e-09  5.96680007e-01  1.06400000e-09  3.73842573e-07  1.06400000e-09  6.76091175e-12  1.06400000e-09  4.21199280e-12  1.06400000e-09  0.00000000e+00  1.06400000e-09  0.00000000e+00 
 1.19200000e-09  7.93125444e-03  1.19200000e-09  5.96679955e-01  1.19200000e-09  3.73842562e-07  1.19200000e-09  8.26820881e-12  1.19200000e-09  4.21690764e-12  1.19200000e-09  0.00000000e+00  1.19200000e-09  0.00000000e+00 
 1.44800000e-09  7.93521987e-03  1.44800000e-09  5.96679845e-01  1.44800000e-09  3.73842546e-07  1.44800000e-09  9.02112760e-12  1.44800000e-09  4.23297076e-12  1.44800000e-09  0.00000000e+00  1.44800000e-09  0.00000000e+00 
 1.96000000e-09  7.94313637e-03  1.96000000e-09  5.96679634e-01  1.96000000e-09  3.73842528e-07  1.96000000e-09  8.97818816e-12  1.96000000e-09  4.18419639e-12  1.96000000e-09  0.00000000e+00  1.96000000e-09  0.00000000e+00 
 2.98400000e-09  7.95891326e-03  2.98400000e-09  5.96679300e-01  2.98400000e-09  3.73842470e-07  2.98400000e-09  7.85782969e-12  2.98400000e-09  4.09843502e-12  2.98400000e-09  0.00000000e+00  2.98400000e-09  0.00000000e+00 
 5.03200000e-09  7.99025357e-03  5.03200000e-09  5.96679191e-01  5.03200000e-09  3.73842337e-07  5.03200000e-09  3.73160250e-12  5.03200000e-09  3.82907592e-12  5.03200000e-09  0.00000000e+00  5.03200000e-09  0.00000000e+00 
 9.12800000e-09  8.05216472e-03  9.12800000e-09  5.96681001e-01  9.12800000e-09  3.73842146e-07  9.12800000e-09 -3.62544259e-12  9.12800000e-09  3.63501390e-12  9.12800000e-09  0.00000000e+00  9.12800000e-09  0.00000000e+00 
 1.73200000e-08  8.17348886e-03  1.73200000e-08  5.96687516e-01  1.73200000e-08  3.73842149e-07  1.73200000e-08 -7.26376946e-12  1.73200000e-08  3.93169399e-12  1.73200000e-08  0.00000000e+00  1.73200000e-08  0.00000000e+00 
 3.37040000e-08  8.40943836e-03  3.37040000e-08  5.96695668e-01  3.37040000e-08  3.73842416e-07  3.37040000e-08 -9.08822073e-13  3.37040000e-08  4.51232009e-12  3.37040000e-08  0.00000000e+00  3.37040000e-08  0.00000000e+00 
 6.64720000e-08  8.86854496e-03  6.64720000e-08  5.96696143e-01  6.64720000e-08  3.73842483e-07  6.64720000e-08  2.78974008e-12  6.64720000e-08  4.41375580e-12  6.64720000e-08  0.00000000e+00  6.64720000e-08  0.00000000e+00 
 1.32008000e-07  9.77330886e-03  1.32008000e-07  5.96694887e-01  1.32008000e-07  3.73842384e-07  1.32008000e-07  4.26149952e-13  1.32008000e-07  4.83345466e-12  1.32008000e-07  0.00000000e+00  1.32008000e-07  0.00000000e+00 
 2.32008000e-07  1.11507117e-02  2.32008000e-07  5.96695689e-01  2.32008000e-07  3.73842449e-07  2.32008000e-07  2.00530066e-12  2.32008000e-07  5.40566750e-12  2.32008000e-07  0.00000000e+00  2.32008000e-07  0.00000000e+00 
 3.32008000e-07  1.25284167e-02  3.32008000e-07  5.96694884e-01  3.32008000e-07  3.73842401e-07  3.32008000e-07  8.62415981e-13  3.32008000e-07  5.90922162e-12  3.32008000e-07  0.00000000e+00  3.32008000e-07  0.00000000e+00 
 4.32008000e-07  1.39057390e-02  4.32008000e-07  5.96695331e-01  4.32008000e-07  3.73842438e-07  4.32008000e-07  1.67980537e-12  4.32008000e-07  6.43961844e-12  4.32008000e-07  0.00000000e+00  4.32008000e-07  0.00000000e+00 
 5.32008000e-07  1.52829342e-02  5.32008000e-07  5.96694781e-01  5.32008000e-07  3.73842410e-07  5.32008000e-07  1.10775741e-12  5.32008000e-07  6.89047823e-12  5.32008000e-07  0.00000000e+00  5.32008000e-07  0.00000000e+00 
 6.32008000e-07  1.66599068e-02  6.32008000e-07  5.96695018e-01  6.32008000e-07  3.73842429e-07  6.32008000e-07  1.49665331e-12  6.32008000e-07  7.36876721e-12  6.32008000e-07  0.00000000e+00  6.32008000e-07  0.00000000e+00 
 7.32008000e-07  1.80366918e-02  7.32008000e-07  5.96694637e-01  7.32008000e-07  3.73842415e-07  7.32008000e-07  1.24338911e-12  7.32008000e-07  7.78521664e-12  7.32008000e-07  0.00000000e+00  7.32008000e-07  0.00000000e+00 
 8.32008000e-07  1.94132761e-02  8.32008000e-07  5.96694732e-01  8.32008000e-07  3.73842426e-07  8.32008000e-07  1.39796424e-12  8.32008000e-07  8.20937687e-12  8.32008000e-07  0.00000000e+00  8.32008000e-07  0.00000000e+00 
 9.32008000e-07  2.07896641e-02  9.32008000e-07  5.96694463e-01  9.32008000e-07  3.73842418e-07  9.32008000e-07  1.31421412e-12  9.32008000e-07  8.59816456e-12  9.32008000e-07  0.00000000e+00  9.32008000e-07  0.00000000e+00 
 1.03200800e-06  2.21658539e-02  1.03200800e-06  5.96694466e-01  1.03200800e-06  3.73842425e-07  1.03200800e-06  1.34864824e-12  1.03200800e-06  8.97262329e-12  1.03200800e-06  0.00000000e+00  1.03200800e-06  0.00000000e+00 
 1.13200800e-06  2.35418456e-02  1.13200800e-06  5.96694267e-01  1.13200800e-06  3.73842421e-07  1.13200800e-06  1.34781705e-12  1.13200800e-06  9.33591679e-12  1.13200800e-06  0.00000000e+00  1.13200800e-06  0.00000000e+00 
 1.23200800e-06  2.49176390e-02  1.23200800e-06  5.96694212e-01  1.23200800e-06  3.73842422e-07  1.23200800e-06  1.32700711e-12  1.23200800e-06  9.66695571e-12  1.23200800e-06  0.00000000e+00  1.23200800e-06  0.00000000e+00 
 1.33200800e-06  2.62932336e-02  1.33200800e-06  5.96694056e-01  1.33200800e-06  3.73842420e-07  1.33200800e-06  1.36101085e-12  1.33200800e-06  1.00054706e-11  1.33200800e-06  0.00000000e+00  1.33200800e-06  0.00000000e+00 
 1.43200800e-06  2.76686293e-02  1.43200800e-06  5.96693966e-01  1.43200800e-06  3.73842423e-07  1.43200800e-06  1.32023094e-12  1.43200800e-06  1.02992670e-11  1.43200800e-06  0.00000000e+00  1.43200800e-06  0.00000000e+00 
 1.53200800e-06  2.90438256e-02  1.53200800e-06  5.96693834e-01  1.53200800e-06  3.73842420e-07  1.53200800e-06  1.36363362e-12  1.53200800e-06  1.06135545e-11  1.53200800e-06  0.00000000e+00  1.53200800e-06  0.00000000e+00 
 1.63200800e-06  3.04188223e-02  1.63200800e-06  5.96693724e-01  1.63200800e-06  3.73842423e-07  1.63200800e-06  1.32068831e-12  1.63200800e-06  1.08754874e-11  1.63200800e-06  0.00000000e+00  1.63200800e-06  0.00000000e+00 
 1.73200800e-06  3.17936189e-02  1.73200800e-06  5.96693603e-01  1.73200800e-06  3.73842422e-07  1.73200800e-06  1.36149503e-12  1.73200800e-06  1.11663666e-11  1.73200800e-06  0.00000000e+00  1.73200800e-06  0.00000000e+00 
 1.83200800e-06  3.31682152e-02  1.83200800e-06  5.96693483e-01  1.83200800e-06  3.73842423e-07  1.83200800e-06  1.32402223e-12  1.83200800e-06  1.14008745e-11  1.83200800e-06  0.00000000e+00  1.83200800e-06  0.00000000e+00 
 1.93200800e-06  3.45426108e-02  1.93200800e-06  5.96693368e-01  1.93200800e-06  3.73842423e-07  1.93200800e-06  1.35769463e-12  1.93200800e-06  1.16695023e-11  1.93200800e-06  0.00000000e+00  1.93200800e-06  0.00000000e+00 
 2.03200800e-06  3.59168053e-02  2.03200800e-06  5.96693242e-01  2.03200800e-06  3.73842425e-07  2.03200800e-06  1.32825662e-12  2.03200800e-06  1.18801726e-11  2.03200800e-06  0.00000000e+00  2.03200800e-06  0.00000000e+00 
 2.13200800e-06  3.72907984e-02  2.13200800e-06  5.96693129e-01  2.13200800e-06  3.73842422e-07  2.13200800e-06  1.35361593e-12  2.13200800e-06  1.21279560e-11  2.13200800e-06  0.00000000e+00  2.13200800e-06  0.00000000e+00 
 2.23200800e-06  3.86645896e-02  2.23200800e-06  5.96693001e-01  2.23200800e-06  3.73842424e-07  2.23200800e-06  1.33214639e-12  2.23200800e-06  1.23176959e-11  2.23200800e-06  0.00000000e+00  2.23200800e-06  0.00000000e+00 
 2.33200800e-06  4.00381785e-02  2.33200800e-06  5.96692887e-01  2.33200800e-06  3.73842422e-07  2.33200800e-06  1.35014393e-12  2.33200800e-06  1.25461851e-11  2.33200800e-06  0.00000000e+00  2.33200800e-06  0.00000000e+00 
 2.43200800e-06  4.14115649e-02  2.43200800e-06  5.96692758e-01  2.43200800e-06  3.73842424e-07  2.43200800e-06  1.33545736e-12  2.43200800e-06  1.27173691e-11  2.43200800e-06  0.00000000e+00  2.43200800e-06  0.00000000e+00 
 2.53200800e-06  4.27847482e-02  2.53200800e-06  5.96692643e-01  2.53200800e-06  3.73842422e-07  2.53200800e-06  1.34720071e-12  2.53200800e-06  1.29281591e-11  2.53200800e-06  0.00000000e+00  2.53200800e-06  0.00000000e+00 
 2.63200800e-06  4.41577281e-02  2.63200800e-06  5.96692515e-01  2.63200800e-06  3.73842423e-07  2.63200800e-06  1.33803145e-12  2.63200800e-06  1.30827744e-11  2.63200800e-06  0.00000000e+00  2.63200800e-06  0.00000000e+00 
 2.73200800e-06  4.55305041e-02  2.73200800e-06  5.96692398e-01  2.73200800e-06  3.73842423e-07  2.73200800e-06  1.34502557e-12  2.73200800e-06  1.32774286e-11  2.73200800e-06  0.00000000e+00  2.73200800e-06  0.00000000e+00 
 2.83200800e-06  4.69030758e-02  2.83200800e-06  5.96692270e-01  2.83200800e-06  3.73842424e-07  2.83200800e-06  1.33998556e-12  2.83200800e-06  1.34171653e-11  2.83200800e-06  0.00000000e+00  2.83200800e-06  0.00000000e+00 
 2.93200800e-06  4.82754428e-02  2.93200800e-06  5.96692151e-01  2.93200800e-06  3.73842421e-07  2.93200800e-06  1.34333803e-12  2.93200800e-06  1.35971760e-11  2.93200800e-06  0.00000000e+00  2.93200800e-06  0.00000000e+00 
 3.03200800e-06  4.96476047e-02  3.03200800e-06  5.96692025e-01  3.03200800e-06  3.73842426e-07  3.03200800e-06  1.34138117e-12  3.03200800e-06  1.37235040e-11  3.03200800e-06  0.00000000e+00  3.03200800e-06  0.00000000e+00 
 3.13200800e-06  5.10195609e-02  3.13200800e-06  5.96691905e-01  3.13200800e-06  3.73842421e-07  3.13200800e-06  1.34214621e-12  3.13200800e-06  1.38902649e-11  3.13200800e-06  0.00000000e+00  3.13200800e-06  0.00000000e+00 
 3.23200800e-06  5.23913111e-02  3.23200800e-06  5.96691779e-01  3.23200800e-06  3.73842424e-07  3.23200800e-06  1.34238310e-12  3.23200800e-06  1.40044798e-11  3.23200800e-06  0.00000000e+00  3.23200800e-06  0.00000000e+00 
 3.33200800e-06  5.37628547e-02  3.33200800e-06  5.96691659e-01  3.33200800e-06  3.73842423e-07  3.33200800e-06  1.34121195e-12  3.33200800e-06  1.41592764e-11  3.33200800e-06  0.00000000e+00  3.33200800e-06  0.00000000e+00 
 3.43200800e-06  5.51341914e-02  3.43200800e-06  5.96691533e-01  3.43200800e-06  3.73842425e-07  3.43200800e-06  1.34314865e-12  3.43200800e-06  1.42625405e-11  3.43200800e-06  0.00000000e+00  3.43200800e-06  0.00000000e+00 
 3.53200800e-06  5.65053206e-02  3.53200800e-06  5.96691412e-01  3.53200800e-06  3.73842421e-07  3.53200800e-06  1.34053993e-12  3.53200800e-06  1.44065444e-11  3.53200800e-06  0.00000000e+00  3.53200800e-06  0.00000000e+00 
 3.63200800e-06  5.78762419e-02  3.63200800e-06  5.96691287e-01  3.63200800e-06  3.73842425e-07  3.63200800e-06  1.34360538e-12  3.63200800e-06  1.44999069e-11  3.63200800e-06  0.00000000e+00  3.63200800e-06  0.00000000e+00 
 3.73200800e-06  5.92469549e-02  3.73200800e-06  5.96691166e-01  3.73200800e-06  3.73842423e-07  3.73200800e-06  1.34003308e-12  3.73200800e-06  1.46341895e-11  3.73200800e-06  0.00000000e+00  3.73200800e-06  0.00000000e+00 
 3.83200800e-06  6.06174589e-02  3.83200800e-06  5.96691042e-01  3.83200800e-06  3.73842425e-07  3.83200800e-06  1.34390905e-12  3.83200800e-06  1.47185997e-11  3.83200800e-06  0.00000000e+00  3.83200800e-06  0.00000000e+00 
 3.93200800e-06  6.19877535e-02  3.93200800e-06  5.96690921e-01  3.93200800e-06  3.73842421e-07  3.93200800e-06  1.33959114e-12  3.93200800e-06  1.48441345e-11  3.93200800e-06  0.00000000e+00  3.93200800e-06  0.00000000e+00 
 4.03200800e-06  6.33578383e-02  4.03200800e-06  5.96690798e-01  4.03200800e-06  3.73842424e-07  4.03200800e-06  1.34413052e-12  4.03200800e-06  1.49204602e-11  4.03200800e-06  0.00000000e+00  4.03200800e-06  0.00000000e+00 
 4.13200800e-06  6.47277127e-02  4.13200800e-06  5.96690677e-01  4.13200800e-06  3.73842422e-07  4.13200800e-06  1.33928540e-12  4.13200800e-06  1.50381298e-11  4.13200800e-06  0.00000000e+00  4.13200800e-06  0.00000000e+00 
 4.23200800e-06  6.60973762e-02  4.23200800e-06  5.96690556e-01  4.23200800e-06  3.73842425e-07  4.23200800e-06  1.34424903e-12  4.23200800e-06  1.51071631e-11  4.23200800e-06  0.00000000e+00  4.23200800e-06  0.00000000e+00 
 4.33200800e-06  6.74668283e-02  4.33200800e-06  5.96690435e-01  4.33200800e-06  3.73842421e-07  4.33200800e-06  1.33893932e-12  4.33200800e-06  1.52177709e-11  4.33200800e-06  0.00000000e+00  4.33200800e-06  0.00000000e+00 
 4.43200800e-06  6.88360685e-02  4.43200800e-06  5.96690315e-01  4.43200800e-06  3.73842424e-07  4.43200800e-06  1.34437298e-12  4.43200800e-06  1.52802388e-11  4.43200800e-06  0.00000000e+00  4.43200800e-06  0.00000000e+00 
 4.53200800e-06  7.02050962e-02  4.53200800e-06  5.96690195e-01  4.53200800e-06  3.73842422e-07  4.53200800e-06  1.33858291e-12  4.53200800e-06  1.53845094e-11  4.53200800e-06  0.00000000e+00  4.53200800e-06  0.00000000e+00 
 4.63200800e-06  7.15739110e-02  4.63200800e-06  5.96690076e-01  4.63200800e-06  3.73842426e-07  4.63200800e-06  1.34441471e-12  4.63200800e-06  1.54410816e-11  4.63200800e-06  0.00000000e+00  4.63200800e-06  0.00000000e+00 
 4.73200800e-06  7.29425122e-02  4.73200800e-06  5.96689957e-01  4.73200800e-06  3.73842422e-07  4.73200800e-06  1.33835580e-12  4.73200800e-06  1.55396748e-11  4.73200800e-06  0.00000000e+00  4.73200800e-06  0.00000000e+00 
 4.83200800e-06  7.43108995e-02  4.83200800e-06  5.96689840e-01  4.83200800e-06  3.73842426e-07  4.83200800e-06  1.34434354e-12  4.83200800e-06  1.55909579e-11  4.83200800e-06  0.00000000e+00  4.83200800e-06  0.00000000e+00 
 4.91600400e-06  7.54601242e-02  4.91600400e-06  5.96689723e-01  4.91600400e-06  3.73842423e-07  4.91600400e-06  1.34209692e-12  4.91600400e-06  1.56729405e-11  4.91600400e-06  0.00000000e+00  4.91600400e-06  0.00000000e+00 
 5.00000000e-06  7.66091971e-02  5.00000000e-06  5.96689631e-01  5.00000000e-06  3.73842425e-07  5.00000000e-06  1.33896678e-12  5.00000000e-06  1.57087294e-11  5.00000000e-06  0.00000000e+00  5.00000000e-06  0.00000000e+00 
 5.00000100e-06  7.66121877e-02  5.00000100e-06  5.97616848e-01  5.00000100e-06  1.43503662e-07  5.00000100e-06  2.37611647e-06  5.00000100e-06 -6.44801969e-07  5.00000100e-06  1.20000000e-01  5.00000100e-06  0.00000000e+00 
 5.00000300e-06  7.66179421e-02  5.00000300e-06  5.99348507e-01  5.00000300e-06  1.58472620e-07  5.00000300e-06  2.57836209e-06  5.00000300e-06 -6.22594972e-07  5.00000300e-06  3.60000000e-01  5.00000300e-06  0.00000000e+00 
 5.00000650e-06  7.66279775e-02  5.00000650e-06  6.02328497e-01  5.00000650e-06  1.47308861e-07  5.00000650e-06  2.61519428e-06  5.00000650e-06 -6.17102947e-07  5.00000650e-06  7.80000000e-01  5.00000650e-06  0.00000000e+00 
 5.00001000e-06  7.66358784e-02  5.00001000e-06  6.04583605e-01  5.00001000e-06  2.58496783e-07  5.00001000e-06  1.30692871e-06  5.00001000e-06 -3.23327919e-07  5.00001000e-06  1.20000000e+00  5.00001000e-06  0.00000000e+00 
 5.00001063e-06  7.66355099e-02  5.00001063e-06  6.04376688e-01  5.00001063e-06  4.44308149e-07  5.00001063e-06 -1.49081466e-06  5.00001063e-06  2.03876591e-07  5.00001063e-06  1.20000000e+00  5.00001063e-06  0.00000000e+00 
 5.00001188e-06  7.66345570e-02  5.00001188e-06  6.03950100e-01  5.00001188e-06  4.67285621e-07  5.00001188e-06 -1.97494477e-06  5.00001188e-06  2.99324238e-07  5.00001188e-06  1.20000000e+00  5.00001188e-06  0.00000000e+00 
 5.00001438e-06  7.66324883e-02  5.00001438e-06  6.03152048e-01  5.00001438e-06  4.36303238e-07  5.00001438e-06 -1.50792160e-06  5.00001438e-06  1.81246820e-07  5.00001438e-06  1.20000000e+00  5.00001438e-06  0.00000000e+00 
 5.00001939e-06  7.66280558e-02  5.00001939e-06  6.01653025e-01  5.00001939e-06  4.57617234e-07  5.00001939e-06 -1.72226626e-06  5.00001939e-06  2.59153523e-07  5.00001939e-06  1.20000000e+00  5.00001939e-06  0.00000000e+00 
 5.00002942e-06  7.66135961e-02  5.00002942e-06  5.97344930e-01  5.00002942e-06  5.07089735e-07  5.00002942e-06 -1.59725777e-06  5.00002942e-06  3.66510199e-07  5.00002942e-06  1.20000000e+00  5.00002942e-06  0.00000000e+00 
 5.00004946e-06  7.65752173e-02  5.00004946e-06  5.87751715e-01  5.00004946e-06  4.90175417e-07  5.00004946e-06  3.73099233e-07  5.00004946e-06  3.24905111e-07  5.00004946e-06  1.20000000e+00  5.00004946e-06  0.00000000e+00 
 5.00007134e-06  7.65482217e-02  5.00007134e-06  5.82353608e-01  5.00007134e-06  3.96016349e-07  5.00007134e-06  9.47648480e-07  5.00007134e-06  2.71377334e-08  5.00007134e-06  1.20000000e+00  5.00007134e-06  0.00000000e+00 
 5.00011509e-06  7.65528409e-02  5.00011509e-06  5.78886434e-01  5.00011509e-06  4.05992901e-07  5.00011509e-06  4.64323483e-08  5.00011509e-06  8.35393717e-08  5.00011509e-06  1.20000000e+00  5.00011509e-06  0.00000000e+00 
 5.00016346e-06  7.65741935e-02  5.00016346e-06  5.77603940e-01  5.00016346e-06  3.67658146e-07  5.00016346e-06  7.49173924e-07  5.00016346e-06 -4.71537797e-08  5.00016346e-06  1.20000000e+00  5.00016346e-06  0.00000000e+00 
 5.00023154e-06  7.65954756e-02  5.00023154e-06  5.75722235e-01  5.00023154e-06  4.03787372e-07  5.00023154e-06 -4.71073640e-08  5.00023154e-06  8.40384651e-08  5.00023154e-06  1.20000000e+00  5.00023154e-06  0.00000000e+00 
 5.00033839e-06  7.66226842e-02  5.00033839e-06  5.73716994e-01  5.00033839e-06  3.60390623e-07  5.00033839e-06  6.29317841e-07  5.00033839e-06 -6.02629220e-08  5.00033839e-06  1.20000000e+00  5.00033839e-06  0.00000000e+00 
 5.00055209e-06  7.66609170e-02  5.00055209e-06  5.71399478e-01  5.00055209e-06  3.96496039e-07  5.00055209e-06 -1.72074266e-07  5.00055209e-06  7.18091632e-08  5.00055209e-06  1.20000000e+00  5.00055209e-06  0.00000000e+00 
 5.00077605e-06  7.66878448e-02  5.00077605e-06  5.70542279e-01  5.00077605e-06  3.54296538e-07  5.00077605e-06  5.30248863e-07  5.00077605e-06 -7.06639515e-08  5.00077605e-06  1.20000000e+00  5.00077605e-06  0.00000000e+00 
 5.00100000e-06  7.67076641e-02  5.00100000e-06  5.70458997e-01  5.00100000e-06  3.93397713e-07  5.00100000e-06 -2.26017115e-07  5.00100000e-06  6.66419462e-08  5.00100000e-06  1.20000000e+00  5.00100000e-06  0.00000000e+00 
 5.00104479e-06  7.67174380e-02  5.00104479e-06  5.70515973e-01  5.00104479e-06  3.73164136e-07  5.00104479e-06  1.38824374e-07  5.00104479e-06 -3.06728938e-09  5.00104479e-06  1.20000000e+00  5.00104479e-06  0.00000000e+00 
 5.00113437e-06  7.67323068e-02  5.00113437e-06  5.70655030e-01  5.00113437e-06  3.72882623e-07  5.00113437e-06  1.33931324e-07  5.00113437e-06 -3.59654031e-09  5.00113437e-06  1.20000000e+00  5.00113437e-06  0.00000000e+00 
 5.00131354e-06  7.67585180e-02  5.00131354e-06  5.71049942e-01  5.00131354e-06  3.72570007e-07  5.00131354e-06  1.25020922e-07  5.00131354e-06 -3.90104650e-09  5.00131354e-06  1.20000000e+00  5.00131354e-06  0.00000000e+00 
 5.00167186e-06  7.68050380e-02  5.00167186e-06  5.72144880e-01  5.00167186e-06  3.72141914e-07  5.00167186e-06  1.13599835e-07  5.00167186e-06 -4.56916169e-09  5.00167186e-06  1.20000000e+00  5.00167186e-06  0.00000000e+00 
 5.00200000e-06  7.68422790e-02  5.00200000e-06  5.73321861e-01  5.00200000e-06  3.72115435e-07  5.00200000e-06  1.06074631e-07  5.00200000e-06 -4.29569068e-09  5.00200000e-06  1.20000000e+00  5.00200000e-06  0.00000000e+00 
 5.00207167e-06  7.68439224e-02  5.00207167e-06  5.73589144e-01  5.00207167e-06  3.72079534e-07  5.00207167e-06  1.05074200e-07  5.00207167e-06 -4.40061442e-09  5.00207167e-06  1.20000000e+00  5.00207167e-06  0.00000000e+00 
 5.00221500e-06  7.68470624e-02  5.00221500e-06  5.74122841e-01  5.00221500e-06  3.72091354e-07  5.00221500e-06  1.02994395e-07  5.00221500e-06 -4.30790457e-09  5.00221500e-06  1.20000000e+00  5.00221500e-06  0.00000000e+00 
 5.00250166e-06  7.68526090e-02  5.00250166e-06  5.75179361e-01  5.00250166e-06  3.72139627e-07  5.00250166e-06  9.93271228e-08  5.00250166e-06 -4.09934305e-09  5.00250166e-06  1.20000000e+00  5.00250166e-06  0.00000000e+00 
 5.00307498e-06  7.68616211e-02  5.00307498e-06  5.77181458e-01  5.00307498e-06  3.72322011e-07  5.00307498e-06  9.43290028e-08  5.00307498e-06 -3.56045368e-09  5.00307498e-06  1.20000000e+00  5.00307498e-06  0.00000000e+00 
 5.00422163e-06  7.68749042e-02  5.00422163e-06  5.80567233e-01  5.00422163e-06  3.72734142e-07  5.00422163e-06  8.83088958e-08  5.00422163e-06 -2.51913701e-09  5.00422163e-06  1.20000000e+00  5.00422163e-06  0.00000000e+00 
 5.00651492e-06  7.68936829e-02  5.00651492e-06  5.85179272e-01  5.00651492e-06  3.73316402e-07  5.00651492e-06  8.28555595e-08  5.00651492e-06 -1.11308662e-09  5.00651492e-06  1.20000000e+00  5.00651492e-06  0.00000000e+00 
 5.01110151e-06  7.69234657e-02  5.01110151e-06  5.89903313e-01  5.01110151e-06  3.73689315e-07  5.01110151e-06  7.84435728e-08  5.01110151e-06 -1.41791833e-10  5.01110151e-06  1.20000000e+00  5.01110151e-06  0.00000000e+00 
 5.02027468e-06  7.69803828e-02  5.02027468e-06  5.93866271e-01  5.02027468e-06  3.73801072e-07  5.02027468e-06  7.66788561e-08  5.02027468e-06  1.17351883e-10  5.02027468e-06  1.20000000e+00  5.02027468e-06  0.00000000e+00 
 5.03862103e-06  7.70991846e-02  5.03862103e-06  5.96313484e-01  5.03862103e-06  3.73870050e-07  5.03862103e-06  7.70383726e-08  5.03862103e-06  8.94519479e-11  5.03862103e-06  1.20000000e+00  5.03862103e-06  0.00000000e+00 
 5.07531373e-06  7.73487656e-02  5.07531373e-06  5.96658986e-01  5.07531373e-06  3.73843219e-07  5.07531373e-06  7.64123788e-08  5.07531373e-06 -9.31756175e-12  5.07531373e-06  1.20000000e+00  5.07531373e-06  0.00000000e+00 
 5.14869913e-06  7.78578585e-02  5.14869913e-06  5.96713417e-01  5.14869913e-06  3.73843873e-07  5.14869913e-06  7.66296085e-08  5.14869913e-06  3.23405886e-11  5.14869913e-06  1.20000000e+00  5.14869913e-06  0.00000000e+00 
 5.24869913e-06  7.85539747e-02  5.24869913e-06  5.96658568e-01  5.24869913e-06  3.73840769e-07  5.24869913e-06  7.66091292e-08  5.24869913e-06  3.68242672e-12  5.24869913e-06  1.20000000e+00  5.24869913e-06  0.00000000e+00 
 5.34869913e-06  7.92499421e-02  5.34869913e-06  5.96710003e-01  5.34869913e-06  3.73843967e-07  5.34869913e-06  7.66557491e-08  5.34869913e-06  2.45784566e-11  5.34869913e-06  1.20000000e+00  5.34869913e-06  0.00000000e+00 
 5.44869913e-06  7.99465822e-02  5.44869913e-06  5.96663911e-01  5.44869913e-06  3.73841152e-07  5.44869913e-06  7.67509628e-08  5.44869913e-06  9.78081570e-12  5.44869913e-06  1.20000000e+00  5.44869913e-06  0.00000000e+00 
 5.54869913e-06  8.06435510e-02  5.54869913e-06  5.96703718e-01  5.54869913e-06  3.73843431e-07  5.54869913e-06  7.67130378e-08  5.54869913e-06  1.99463856e-11  5.54869913e-06  1.20000000e+00  5.54869913e-06  0.00000000e+00 
 5.64869913e-06  8.13409422e-02  5.64869913e-06  5.96670072e-01  5.64869913e-06  3.73841705e-07  5.64869913e-06  7.68682318e-08  5.64869913e-06  1.35424224e-11  5.64869913e-06  1.20000000e+00  5.64869913e-06  0.00000000e+00 
 5.74869913e-06  8.20388012e-02  5.74869913e-06  5.96697903e-01  5.74869913e-06  3.73842920e-07  5.74869913e-06  7.67880799e-08  5.74869913e-06  1.70769988e-11  5.74869913e-06  1.20000000e+00  5.74869913e-06  0.00000000e+00 
 5.84869913e-06  8.27369928e-02  5.84869913e-06  5.96675089e-01  5.84869913e-06  3.73842160e-07  5.84869913e-06  7.69709536e-08  5.84869913e-06  1.59441149e-11  5.84869913e-06  1.20000000e+00  5.84869913e-06  0.00000000e+00 
 5.94869913e-06  8.34357049e-02  5.94869913e-06  5.96693514e-01  5.94869913e-06  3.73842526e-07  5.94869913e-06  7.68731270e-08  5.94869913e-06  1.52638289e-11  5.94869913e-06  1.20000000e+00  5.94869913e-06  0.00000000e+00 
 6.04869913e-06  8.41347121e-02  6.04869913e-06  5.96678649e-01  6.04869913e-06  3.73842496e-07  6.04869913e-06  7.70651353e-08  6.04869913e-06  1.75103255e-11  6.04869913e-06  1.20000000e+00  6.04869913e-06  0.00000000e+00 
 6.14869913e-06  8.48342575e-02  6.14869913e-06  5.96690493e-01  6.14869913e-06  3.73842240e-07  6.14869913e-06  7.69634251e-08  6.14869913e-06  1.41108340e-11  6.14869913e-06  1.20000000e+00  6.14869913e-06  0.00000000e+00 
 6.24869913e-06  8.55340853e-02  6.24869913e-06  5.96681000e-01  6.24869913e-06  3.73842738e-07  6.24869913e-06  7.71544830e-08  6.24869913e-06  1.85464087e-11  6.24869913e-06  1.20000000e+00  6.24869913e-06  0.00000000e+00 
 6.34869913e-06  8.62344506e-02  6.34869913e-06  5.96688509e-01  6.34869913e-06  3.73842032e-07  6.34869913e-06  7.70560342e-08  6.34869913e-06  1.33797455e-11  6.34869913e-06  1.20000000e+00  6.34869913e-06  0.00000000e+00 
 6.44869913e-06  8.69350988e-02  6.44869913e-06  5.96682485e-01  6.44869913e-06  3.73842915e-07  6.44869913e-06  7.72412493e-08  6.44869913e-06  1.92408512e-11  6.44869913e-06  1.20000000e+00  6.44869913e-06  0.00000000e+00 
 6.54869913e-06  8.76362742e-02  6.54869913e-06  5.96687237e-01  6.54869913e-06  3.73841882e-07  6.54869913e-06  7.71491865e-08  6.54869913e-06  1.29206640e-11  6.54869913e-06  1.20000000e+00  6.54869913e-06  0.00000000e+00 
 6.64869913e-06  8.83377398e-02  6.64869913e-06  5.96683396e-01  6.64869913e-06  3.73843047e-07  6.64869913e-06  7.73267411e-08  6.64869913e-06  1.97138626e-11  6.64869913e-06  1.20000000e+00  6.64869913e-06  0.00000000e+00 
 6.74869913e-06  8.90397176e-02  6.74869913e-06  5.96686423e-01  6.74869913e-06  3.73841767e-07  6.74869913e-06  7.72418728e-08  6.74869913e-06  1.26372162e-11  6.74869913e-06  1.20000000e+00  6.74869913e-06  0.00000000e+00 
 6.84869913e-06  8.97419954e-02  6.84869913e-06  5.96683945e-01  6.84869913e-06  3.73843146e-07  6.84869913e-06  7.74116536e-08  6.84869913e-06  2.00431168e-11  6.84869913e-06  1.20000000e+00  6.84869913e-06  0.00000000e+00 
 6.94869913e-06  9.04447690e-02  6.94869913e-06  5.96685895e-01  6.94869913e-06  3.73841680e-07  6.94869913e-06  7.73335700e-08  6.94869913e-06  1.24670907e-11  6.94869913e-06  1.20000000e+00  6.94869913e-06  0.00000000e+00 
 7.04869913e-06  9.11478528e-02  7.04869913e-06  5.96684272e-01  7.04869913e-06  3.73843223e-07  7.04869913e-06  7.74963075e-08  7.04869913e-06  2.02788449e-11  7.04869913e-06  1.20000000e+00  7.04869913e-06  0.00000000e+00 
 7.14869913e-06  9.18514161e-02  7.14869913e-06  5.96685538e-01  7.14869913e-06  3.73841612e-07  7.14869913e-06  7.74240459e-08  7.14869913e-06  1.23701212e-11  7.14869913e-06  1.20000000e+00  7.14869913e-06  0.00000000e+00 
 7.24869913e-06  9.25552989e-02  7.24869913e-06  5.96684470e-01  7.24869913e-06  3.73843286e-07  7.24869913e-06  7.75807952e-08  7.24869913e-06  2.04533667e-11  7.24869913e-06  1.20000000e+00  7.24869913e-06  0.00000000e+00 
 7.34869913e-06  9.32596460e-02  7.34869913e-06  5.96685281e-01  7.34869913e-06  3.73841557e-07  7.34869913e-06  7.75132377e-08  7.34869913e-06  1.23206182e-11  7.34869913e-06  1.20000000e+00  7.34869913e-06  0.00000000e+00 
 7.44869913e-06  9.39643204e-02  7.44869913e-06  5.96684590e-01  7.44869913e-06  3.73843333e-07  7.44869913e-06  7.76650878e-08  7.44869913e-06  2.05873077e-11  7.44869913e-06  1.20000000e+00  7.44869913e-06  0.00000000e+00 
 7.54869913e-06  9.46694454e-02  7.54869913e-06  5.96685083e-01  7.54869913e-06  3.73841514e-07  7.54869913e-06  7.76011662e-08  7.54869913e-06  1.23022888e-11  7.54869913e-06  1.20000000e+00  7.54869913e-06  0.00000000e+00 
 7.64869913e-06  9.53749039e-02  7.64869913e-06  5.96684666e-01  7.64869913e-06  3.73843373e-07  7.64869913e-06  7.77491011e-08  7.64869913e-06  2.06937540e-11  7.64869913e-06  1.20000000e+00  7.64869913e-06  0.00000000e+00 
 7.74869913e-06  9.60808006e-02  7.74869913e-06  5.96684922e-01  7.74869913e-06  3.73841478e-07  7.74869913e-06  7.76878924e-08  7.74869913e-06  1.23048624e-11  7.74869913e-06  1.20000000e+00  7.74869913e-06  0.00000000e+00 
 7.84869913e-06  9.67870354e-02  7.84869913e-06  5.96684714e-01  7.84869913e-06  3.73843404e-07  7.84869913e-06  7.78327275e-08  7.84869913e-06  2.07809920e-11  7.84869913e-06  1.20000000e+00  7.84869913e-06  0.00000000e+00 
 7.94869913e-06  9.74936973e-02  7.94869913e-06  5.96684783e-01  7.94869913e-06  3.73841449e-07  7.94869913e-06  7.77734855e-08  7.94869913e-06  1.23218613e-11  7.94869913e-06  1.20000000e+00  7.94869913e-06  0.00000000e+00 
 8.04869913e-06  9.82007007e-02  8.04869913e-06  5.96684745e-01  8.04869913e-06  3.73843432e-07  8.04869913e-06  7.79158617e-08  8.04869913e-06  2.08543086e-11  8.04869913e-06  1.20000000e+00  8.04869913e-06  0.00000000e+00 
 8.14869913e-06  9.89081212e-02  8.14869913e-06  5.96684659e-01  8.14869913e-06  3.73841427e-07  8.14869913e-06  7.78580061e-08  8.14869913e-06  1.23491635e-11  8.14869913e-06  1.20000000e+00  8.14869913e-06  0.00000000e+00 
 8.24869913e-06  9.96158852e-02  8.24869913e-06  5.96684762e-01  8.24869913e-06  3.73843452e-07  8.24869913e-06  7.79984070e-08  8.24869913e-06  2.09171376e-11  8.24869913e-06  1.20000000e+00  8.24869913e-06  0.00000000e+00 
 8.34869913e-06  1.00324057e-01  8.34869913e-06  5.96684549e-01  8.34869913e-06  3.73841407e-07  8.34869913e-06  7.79415038e-08  8.34869913e-06  1.23840818e-11  8.34869913e-06  1.20000000e+00  8.34869913e-06  0.00000000e+00 
 8.44869913e-06  1.01032574e-01  8.44869913e-06  5.96684769e-01  8.44869913e-06  3.73843468e-07  8.44869913e-06  7.80802840e-08  8.44869913e-06  2.09718001e-11  8.44869913e-06  1.20000000e+00  8.44869913e-06  0.00000000e+00 
 8.54869913e-06  1.01741491e-01  8.54869913e-06  5.96684450e-01  8.54869913e-06  3.73841391e-07  8.54869913e-06  7.80240132e-08  8.54869913e-06  1.24247828e-11  8.54869913e-06  1.20000000e+00  8.54869913e-06  0.00000000e+00 
 8.64869913e-06  1.02450752e-01  8.64869913e-06  5.96684766e-01  8.64869913e-06  3.73843480e-07  8.64869913e-06  7.81614242e-08  8.64869913e-06  2.10199472e-11  8.64869913e-06  1.20000000e+00  8.64869913e-06  0.00000000e+00 
 8.74869913e-06  1.03160405e-01  8.74869913e-06  5.96684360e-01  8.74869913e-06  3.73841380e-07  8.74869913e-06  7.81055581e-08  8.74869913e-06  1.24699523e-11  8.74869913e-06  1.20000000e+00  8.74869913e-06  0.00000000e+00 
 8.84869913e-06  1.03870403e-01  8.84869913e-06  5.96684754e-01  8.84869913e-06  3.73843492e-07  8.84869913e-06  7.82417747e-08  8.84869913e-06  2.10628163e-11  8.84869913e-06  1.20000000e+00  8.84869913e-06  0.00000000e+00 
 8.94869913e-06  1.04580785e-01  8.94869913e-06  5.96684280e-01  8.94869913e-06  3.73841371e-07  8.94869913e-06  7.81861489e-08  8.94869913e-06  1.25185954e-11  8.94869913e-06  1.20000000e+00  8.94869913e-06  0.00000000e+00 
 9.04869913e-06  1.05291511e-01  9.04869913e-06  5.96684734e-01  9.04869913e-06  3.73843499e-07  9.04869913e-06  7.83212926e-08  9.04869913e-06  2.11013908e-11  9.04869913e-06  1.20000000e+00  9.04869913e-06  0.00000000e+00 
 9.14869913e-06  1.06002615e-01  9.14869913e-06  5.96684209e-01  9.14869913e-06  3.73841365e-07  9.14869913e-06  7.82657882e-08  9.14869913e-06  1.25699097e-11  9.14869913e-06  1.20000000e+00  9.14869913e-06  0.00000000e+00 
 9.24869913e-06  1.06714060e-01  9.24869913e-06  5.96684707e-01  9.24869913e-06  3.73843507e-07  9.24869913e-06  7.83999413e-08  9.24869913e-06  2.11364933e-11  9.24869913e-06  1.20000000e+00  9.24869913e-06  0.00000000e+00 
 9.34869913e-06  1.07425877e-01  9.34869913e-06  5.96684145e-01  9.34869913e-06  3.73841358e-07  9.34869913e-06  7.83444731e-08  9.34869913e-06  1.26232285e-11  9.34869913e-06  1.20000000e+00  9.34869913e-06  0.00000000e+00 
 9.44869913e-06  1.08138033e-01  9.44869913e-06  5.96684675e-01  9.44869913e-06  3.73843512e-07  9.44869913e-06  7.84776928e-08  9.44869913e-06  2.11688173e-11  9.44869913e-06  1.20000000e+00  9.44869913e-06  0.00000000e+00 
 9.54869913e-06  1.08850555e-01  9.54869913e-06  5.96684088e-01  9.54869913e-06  3.73841355e-07  9.54869913e-06  7.84221955e-08  9.54869913e-06  1.26779951e-11  9.54869913e-06  1.20000000e+00  9.54869913e-06  0.00000000e+00 
 9.64869913e-06  1.09563414e-01  9.64869913e-06  5.96684636e-01  9.64869913e-06  3.73843515e-07  9.64869913e-06  7.85545211e-08  9.64869913e-06  2.11989581e-11  9.64869913e-06  1.20000000e+00  9.64869913e-06  0.00000000e+00 
 9.74869913e-06  1.10276632e-01  9.74869913e-06  5.96684036e-01  9.74869913e-06  3.73841350e-07  9.74869913e-06  7.84989443e-08  9.74869913e-06  1.27337314e-11  9.74869913e-06  1.20000000e+00  9.74869913e-06  0.00000000e+00 
 9.84869913e-06  1.10990185e-01  9.84869913e-06  5.96684594e-01  9.84869913e-06  3.73843518e-07  9.84869913e-06  7.86304061e-08  9.84869913e-06  2.12274325e-11  9.84869913e-06  1.20000000e+00  9.84869913e-06  0.00000000e+00 
 9.94869913e-06  1.11704091e-01  9.94869913e-06  5.96683990e-01  9.94869913e-06  3.73841349e-07  9.94869913e-06  7.85747077e-08  9.94869913e-06  1.27900331e-11  9.94869913e-06  1.20000000e+00  9.94869913e-06  0.00000000e+00 
 1.00486991e-05  1.12418328e-01  1.00486991e-05  5.96684548e-01  1.00486991e-05  3.73843521e-07  1.00486991e-05  7.87053306e-08  1.00486991e-05  2.12546831e-11  1.00486991e-05  1.20000000e+00  1.00486991e-05  0.00000000e+00 
 1.01486991e-05  1.13132913e-01  1.01486991e-05  5.96683948e-01  1.01486991e-05  3.73841348e-07  1.01486991e-05  7.86494726e-08  1.01486991e-05  1.28465610e-11  1.01486991e-05  1.20000000e+00  1.01486991e-05  0.00000000e+00 
 1.02486991e-05  1.13847826e-01  1.02486991e-05  5.96684499e-01  1.02486991e-05  3.73843522e-07  1.02486991e-05  7.87792749e-08  1.02486991e-05  2.12810822e-11  1.02486991e-05  1.20000000e+00  1.02486991e-05  0.00000000e+00 
 1.03486991e-05  1.14563080e-01  1.03486991e-05  5.96683909e-01  1.03486991e-05  3.73841344e-07  1.03486991e-05  7.87232250e-08  1.03486991e-05  1.29030393e-11  1.03486991e-05  1.20000000e+00  1.03486991e-05  0.00000000e+00 
 1.04486991e-05  1.15278660e-01  1.04486991e-05  5.96684448e-01  1.04486991e-05  3.73843524e-07  1.04486991e-05  7.88522244e-08  1.04486991e-05  2.13069402e-11  1.04486991e-05  1.20000000e+00  1.04486991e-05  0.00000000e+00 
 1.05486991e-05  1.15994575e-01  1.05486991e-05  5.96683874e-01  1.05486991e-05  3.73841344e-07  1.05486991e-05  7.87959530e-08  1.05486991e-05  1.29592488e-11  1.05486991e-05  1.20000000e+00  1.05486991e-05  0.00000000e+00 
 1.06486991e-05  1.16710812e-01  1.06486991e-05  5.96684396e-01  1.06486991e-05  3.73843526e-07  1.06486991e-05  7.89241653e-08  1.06486991e-05  2.13325094e-11  1.06486991e-05  1.20000000e+00  1.06486991e-05  0.00000000e+00 
 1.07486991e-05  1.17427379e-01  1.07486991e-05  5.96683840e-01  1.07486991e-05  3.73841342e-07  1.07486991e-05  7.88676417e-08  1.07486991e-05  1.30150165e-11  1.07486991e-05  1.20000000e+00  1.07486991e-05  0.00000000e+00 
 1.08486991e-05  1.18144263e-01  1.08486991e-05  5.96684344e-01  1.08486991e-05  3.73843527e-07  1.08486991e-05  7.89950829e-08  1.08486991e-05  2.13579963e-11  1.08486991e-05  1.20000000e+00  1.08486991e-05  0.00000000e+00 
 1.09486991e-05  1.18861472e-01  1.09486991e-05  5.96683808e-01  1.09486991e-05  3.73841340e-07  1.09486991e-05  7.89382819e-08  1.09486991e-05  1.30702128e-11  1.09486991e-05  1.20000000e+00  1.09486991e-05  0.00000000e+00 
 1.10486991e-05  1.19578995e-01  1.10486991e-05  5.96684291e-01  1.10486991e-05  3.73843530e-07  1.10486991e-05  7.90649663e-08  1.10486991e-05  2.13835612e-11  1.10486991e-05  1.20000000e+00  1.10486991e-05  0.00000000e+00 
 1.11486991e-05  1.20296837e-01  1.11486991e-05  5.96683777e-01  1.11486991e-05  3.73841340e-07  1.11486991e-05  7.90078608e-08  1.11486991e-05  1.31247461e-11  1.11486991e-05  1.20000000e+00  1.11486991e-05  0.00000000e+00 
 1.12486991e-05  1.21014988e-01  1.12486991e-05  5.96684239e-01  1.12486991e-05  3.73843531e-07  1.12486991e-05  7.91338014e-08  1.12486991e-05  2.14093270e-11  1.12486991e-05  1.20000000e+00  1.12486991e-05  0.00000000e+00 
 1.13486991e-05  1.21733453e-01  1.13486991e-05  5.96683747e-01  1.13486991e-05  3.73841337e-07  1.13486991e-05  7.90763677e-08  1.13486991e-05  1.31785544e-11  1.13486991e-05  1.20000000e+00  1.13486991e-05  0.00000000e+00 
 1.14486991e-05  1.22452223e-01  1.14486991e-05  5.96684187e-01  1.14486991e-05  3.73843533e-07  1.14486991e-05  7.92015784e-08  1.14486991e-05  2.14353885e-11  1.14486991e-05  1.20000000e+00  1.14486991e-05  0.00000000e+00 
 1.15486991e-05  1.23171302e-01  1.15486991e-05  5.96683718e-01  1.15486991e-05  3.73841335e-07  1.15486991e-05  7.91437942e-08  1.15486991e-05  1.32316000e-11  1.15486991e-05  1.20000000e+00  1.15486991e-05  0.00000000e+00 
 1.16486991e-05  1.23890682e-01  1.16486991e-05  5.96684135e-01  1.16486991e-05  3.73843536e-07  1.16486991e-05  7.92682877e-08  1.16486991e-05  2.14618124e-11  1.16486991e-05  1.20000000e+00  1.16486991e-05  0.00000000e+00 
 1.17486991e-05  1.24610364e-01  1.17486991e-05  5.96683689e-01  1.17486991e-05  3.73841335e-07  1.17486991e-05  7.92101316e-08  1.17486991e-05  1.32838693e-11  1.17486991e-05  1.20000000e+00  1.17486991e-05  0.00000000e+00 
 1.18486991e-05  1.25330343e-01  1.18486991e-05  5.96684084e-01  1.18486991e-05  3.73843538e-07  1.18486991e-05  7.93339186e-08  1.18486991e-05  2.14886404e-11  1.18486991e-05  1.20000000e+00  1.18486991e-05  0.00000000e+00 
 1.19486991e-05  1.26050619e-01  1.19486991e-05  5.96683661e-01  1.19486991e-05  3.73841332e-07  1.19486991e-05  7.92753710e-08  1.19486991e-05  1.33353640e-11  1.19486991e-05  1.20000000e+00  1.19486991e-05  0.00000000e+00 
 1.20486991e-05  1.26771187e-01  1.20486991e-05  5.96684035e-01  1.20486991e-05  3.73843538e-07  1.20486991e-05  7.93984639e-08  1.20486991e-05  2.15159033e-11  1.20486991e-05  1.20000000e+00  1.20486991e-05  0.00000000e+00 
 1.21486991e-05  1.27492048e-01  1.21486991e-05  5.96683632e-01  1.21486991e-05  3.73841328e-07  1.21486991e-05  7.93395064e-08  1.21486991e-05  1.33860972e-11  1.21486991e-05  1.20000000e+00  1.21486991e-05  0.00000000e+00 
 1.22486991e-05  1.28213195e-01  1.22486991e-05  5.96683986e-01  1.22486991e-05  3.73843541e-07  1.22486991e-05  7.94619157e-08  1.22486991e-05  2.15436131e-11  1.22486991e-05  1.20000000e+00  1.22486991e-05  0.00000000e+00 
 1.23486991e-05  1.28934629e-01  1.23486991e-05  5.96683605e-01  1.23486991e-05  3.73841325e-07  1.23486991e-05  7.94025329e-08  1.23486991e-05  1.34360930e-11  1.23486991e-05  1.20000000e+00  1.23486991e-05  0.00000000e+00 
 1.24486991e-05  1.29656346e-01  1.24486991e-05  5.96683939e-01  1.24486991e-05  3.73843544e-07  1.24486991e-05  7.95242693e-08  1.24486991e-05  2.15717760e-11  1.24486991e-05  1.20000000e+00  1.24486991e-05  0.00000000e+00 
 1.25486991e-05  1.30378344e-01  1.25486991e-05  5.96683577e-01  1.25486991e-05  3.73841323e-07  1.25486991e-05  7.94644464e-08  1.25486991e-05  1.34853795e-11  1.25486991e-05  1.20000000e+00  1.25486991e-05  0.00000000e+00 
 1.26486991e-05  1.31100620e-01  1.26486991e-05  5.96683893e-01  1.26486991e-05  3.73843546e-07  1.26486991e-05  7.95855173e-08  1.26486991e-05  2.16003848e-11  1.26486991e-05  1.20000000e+00  1.26486991e-05  0.00000000e+00 
 1.27486991e-05  1.31823173e-01  1.27486991e-05  5.96683549e-01  1.27486991e-05  3.73841321e-07  1.27486991e-05  7.95252413e-08  1.27486991e-05  1.35339993e-11  1.27486991e-05  1.20000000e+00  1.27486991e-05  0.00000000e+00 
 1.28486991e-05  1.32545998e-01  1.28486991e-05  5.96683848e-01  1.28486991e-05  3.73843551e-07  1.28486991e-05  7.96456567e-08  1.28486991e-05  2.16294237e-11  1.28486991e-05  1.20000000e+00  1.28486991e-05  0.00000000e+00 
 1.29486991e-05  1.33269094e-01  1.29486991e-05  5.96683521e-01  1.29486991e-05  3.73841318e-07  1.29486991e-05  7.95849158e-08  1.29486991e-05  1.35819905e-11  1.29486991e-05  1.20000000e+00  1.29486991e-05  0.00000000e+00 
 1.30486991e-05  1.33992458e-01  1.30486991e-05  5.96683805e-01  1.30486991e-05  3.73843553e-07  1.30486991e-05  7.97046841e-08  1.30486991e-05  2.16588807e-11  1.30486991e-05  1.20000000e+00  1.30486991e-05  0.00000000e+00 
 1.31486991e-05  1.34716088e-01  1.31486991e-05  5.96683493e-01  1.31486991e-05  3.73841314e-07  1.31486991e-05  7.96434681e-08  1.31486991e-05  1.36293910e-11  1.31486991e-05  1.20000000e+00  1.31486991e-05  0.00000000e+00 
 1.32486991e-05  1.35439980e-01  1.32486991e-05  5.96683762e-01  1.32486991e-05  3.73843557e-07  1.32486991e-05  7.97625970e-08  1.32486991e-05  2.16887401e-11  1.32486991e-05  1.20000000e+00  1.32486991e-05  0.00000000e+00 
 1.33486991e-05  1.36164134e-01  1.33486991e-05  5.96683465e-01  1.33486991e-05  3.73841312e-07  1.33486991e-05  7.97008981e-08  1.33486991e-05  1.36762409e-11  1.33486991e-05  1.20000000e+00  1.33486991e-05  0.00000000e+00 
 1.34486991e-05  1.36888545e-01  1.34486991e-05  5.96683721e-01  1.34486991e-05  3.73843561e-07  1.34486991e-05  7.98193960e-08  1.34486991e-05  2.17189791e-11  1.34486991e-05  1.20000000e+00  1.34486991e-05  0.00000000e+00 
 1.35486991e-05  1.37613212e-01  1.35486991e-05  5.96683438e-01  1.35486991e-05  3.73841309e-07  1.35486991e-05  7.97572047e-08  1.35486991e-05  1.37225841e-11  1.35486991e-05  1.20000000e+00  1.35486991e-05  0.00000000e+00 
 1.36486991e-05  1.38338132e-01  1.36486991e-05  5.96683681e-01  1.36486991e-05  3.73843562e-07  1.36486991e-05  7.98750777e-08  1.36486991e-05  2.17495766e-11  1.36486991e-05  1.20000000e+00  1.36486991e-05  0.00000000e+00 
 1.37486991e-05  1.39063302e-01  1.37486991e-05  5.96683411e-01  1.37486991e-05  3.73841305e-07  1.37486991e-05  7.98123900e-08  1.37486991e-05  1.37684603e-11  1.37486991e-05  1.20000000e+00  1.37486991e-05  0.00000000e+00 
 1.38486991e-05  1.39788720e-01  1.38486991e-05  5.96683642e-01  1.38486991e-05  3.73843568e-07  1.38486991e-05  7.99296468e-08  1.38486991e-05  2.17805099e-11  1.38486991e-05  1.20000000e+00  1.38486991e-05  0.00000000e+00 
 1.39486991e-05  1.40514384e-01  1.39486991e-05  5.96683383e-01  1.39486991e-05  3.73841301e-07  1.39486991e-05  7.98664557e-08  1.39486991e-05  1.38139095e-11  1.39486991e-05  1.20000000e+00  1.39486991e-05  0.00000000e+00 
 1.40486991e-05  1.41240290e-01  1.40486991e-05  5.96683604e-01  1.40486991e-05  3.73843571e-07  1.40486991e-05  7.99831023e-08  1.40486991e-05  2.18117571e-11  1.40486991e-05  1.20000000e+00  1.40486991e-05  0.00000000e+00 
 1.41486991e-05  1.41966436e-01  1.41486991e-05  5.96683356e-01  1.41486991e-05  3.73841298e-07  1.41486991e-05  7.99194061e-08  1.41486991e-05  1.38589682e-11  1.41486991e-05  1.20000000e+00  1.41486991e-05  0.00000000e+00 
 1.42486991e-05  1.42692821e-01  1.42486991e-05  5.96683568e-01  1.42486991e-05  3.73843575e-07  1.42486991e-05  8.00354493e-08  1.42486991e-05  2.18432988e-11  1.42486991e-05  1.20000000e+00  1.42486991e-05  0.00000000e+00 
 1.43486991e-05  1.43419440e-01  1.43486991e-05  5.96683330e-01  1.43486991e-05  3.73841294e-07  1.43486991e-05  7.99712439e-08  1.43486991e-05  1.39036700e-11  1.43486991e-05  1.20000000e+00  1.43486991e-05  0.00000000e+00 
 1.44486991e-05  1.44146292e-01  1.44486991e-05  5.96683532e-01  1.44486991e-05  3.73843579e-07  1.44486991e-05  8.00866914e-08  1.44486991e-05  2.18751165e-11  1.44486991e-05  1.20000000e+00  1.44486991e-05  0.00000000e+00 
 1.45486991e-05  1.44873375e-01  1.45486991e-05  5.96683303e-01  1.45486991e-05  3.73841291e-07  1.45486991e-05  8.00219745e-08  1.45486991e-05  1.39480468e-11  1.45486991e-05  1.20000000e+00  1.45486991e-05  0.00000000e+00 
 1.46486991e-05  1.45600685e-01  1.46486991e-05  5.96683498e-01  1.46486991e-05  3.73843582e-07  1.46486991e-05  8.01368332e-08  1.46486991e-05  2.19071897e-11  1.46486991e-05  1.20000000e+00  1.46486991e-05  0.00000000e+00 
 1.47486991e-05  1.46328220e-01  1.47486991e-05  5.96683277e-01  1.47486991e-05  3.73841286e-07  1.47486991e-05  8.00716043e-08  1.47486991e-05  1.39921318e-11  1.47486991e-05  1.20000000e+00  1.47486991e-05  0.00000000e+00 
 1.48486991e-05  1.47055979e-01  1.48486991e-05  5.96683465e-01  1.48486991e-05  3.73843586e-07  1.48486991e-05  8.01858810e-08  1.48486991e-05  2.19395000e-11  1.48486991e-05  1.20000000e+00  1.48486991e-05  0.00000000e+00 
 1.49486991e-05  1.47783957e-01  1.49486991e-05  5.96683251e-01  1.49486991e-05  3.73841282e-07  1.49486991e-05  8.01201401e-08  1.49486991e-05  1.40359538e-11  1.49486991e-05  1.20000000e+00  1.49486991e-05  0.00000000e+00 
 1.50486991e-05  1.48512154e-01  1.50486991e-05  5.96683432e-01  1.50486991e-05  3.73843589e-07  1.50486991e-05  8.02338409e-08  1.50486991e-05  2.19720294e-11  1.50486991e-05  1.20000000e+00  1.50486991e-05  0.00000000e+00 
 1.51486991e-05  1.49240565e-01  1.51486991e-05  5.96683225e-01  1.51486991e-05  3.73841279e-07  1.51486991e-05  8.01675891e-08  1.51486991e-05  1.40795401e-11  1.51486991e-05  1.20000000e+00  1.51486991e-05  0.00000000e+00 
 1.52486991e-05  1.49969190e-01  1.52486991e-05  5.96683400e-01  1.52486991e-05  3.73843594e-07  1.52486991e-05  8.02807227e-08  1.52486991e-05  2.20047620e-11  1.52486991e-05  1.20000000e+00  1.52486991e-05  0.00000000e+00 
 1.53486991e-05  1.50698025e-01  1.53486991e-05  5.96683200e-01  1.53486991e-05  3.73841274e-07  1.53486991e-05  8.02139601e-08  1.53486991e-05  1.41229146e-11  1.53486991e-05  1.20000000e+00  1.53486991e-05  0.00000000e+00 
 1.54486991e-05  1.51427068e-01  1.54486991e-05  5.96683369e-01  1.54486991e-05  3.73843597e-07  1.54486991e-05  8.03265325e-08  1.54486991e-05  2.20376858e-11  1.54486991e-05  1.20000000e+00  1.54486991e-05  0.00000000e+00 
 1.55486991e-05  1.52156316e-01  1.55486991e-05  5.96683175e-01  1.55486991e-05  3.73841270e-07  1.55486991e-05  8.02592633e-08  1.55486991e-05  1.41660970e-11  1.55486991e-05  1.20000000e+00  1.55486991e-05  0.00000000e+00 
 1.56486991e-05  1.52885769e-01  1.56486991e-05  5.96683340e-01  1.56486991e-05  3.73843600e-07  1.56486991e-05  8.03712817e-08  1.56486991e-05  2.20707887e-11  1.56486991e-05  1.20000000e+00  1.56486991e-05  0.00000000e+00 
 1.57486991e-05  1.53615421e-01  1.57486991e-05  5.96683151e-01  1.57486991e-05  3.73841266e-07  1.57486991e-05  8.03035076e-08  1.57486991e-05  1.42091086e-11  1.57486991e-05  1.20000000e+00  1.57486991e-05  0.00000000e+00 
 1.58486991e-05  1.54345273e-01  1.58486991e-05  5.96683311e-01  1.58486991e-05  3.73843606e-07  1.58486991e-05  8.04149804e-08  1.58486991e-05  2.21040566e-11  1.58486991e-05  1.20000000e+00  1.58486991e-05  0.00000000e+00 
 1.59486991e-05  1.55075320e-01  1.59486991e-05  5.96683126e-01  1.59486991e-05  3.73841264e-07  1.59486991e-05  8.03467051e-08  1.59486991e-05  1.42519707e-11  1.59486991e-05  1.20000000e+00  1.59486991e-05  0.00000000e+00 
 1.60486991e-05  1.55805561e-01  1.60486991e-05  5.96683283e-01  1.60486991e-05  3.73843609e-07  1.60486991e-05  8.04576392e-08  1.60486991e-05  2.21374753e-11  1.60486991e-05  1.20000000e+00  1.60486991e-05  0.00000000e+00 
 1.61486991e-05  1.56535993e-01  1.61486991e-05  5.96683103e-01  1.61486991e-05  3.73841259e-07  1.61486991e-05  8.03888656e-08  1.61486991e-05  1.42947020e-11  1.61486991e-05  1.20000000e+00  1.61486991e-05  0.00000000e+00 
 1.62486991e-05  1.57266615e-01  1.62486991e-05  5.96683256e-01  1.62486991e-05  3.73843615e-07  1.62486991e-05  8.04992700e-08  1.62486991e-05  2.21710371e-11  1.62486991e-05  1.20000000e+00  1.62486991e-05  0.00000000e+00 
 1.63486991e-05  1.57997423e-01  1.63486991e-05  5.96683080e-01  1.63486991e-05  3.73841255e-07  1.63486991e-05  8.04300039e-08  1.63486991e-05  1.43373128e-11  1.63486991e-05  1.20000000e+00  1.63486991e-05  0.00000000e+00 
 1.64486991e-05  1.58728416e-01  1.64486991e-05  5.96683230e-01  1.64486991e-05  3.73843618e-07  1.64486991e-05  8.05398839e-08  1.64486991e-05  2.22047356e-11  1.64486991e-05  1.20000000e+00  1.64486991e-05  0.00000000e+00 
 1.65486991e-05  1.59459591e-01  1.65486991e-05  5.96683057e-01  1.65486991e-05  3.73841251e-07  1.65486991e-05  8.04701313e-08  1.65486991e-05  1.43798200e-11  1.65486991e-05  1.20000000e+00  1.65486991e-05  0.00000000e+00 
 1.66486991e-05  1.60190946e-01  1.66486991e-05  5.96683204e-01  1.66486991e-05  3.73843621e-07  1.66486991e-05  8.05794965e-08  1.66486991e-05  2.22385561e-11  1.66486991e-05  1.20000000e+00  1.66486991e-05  0.00000000e+00 
 1.67486991e-05  1.60922478e-01  1.67486991e-05  5.96683035e-01  1.67486991e-05  3.73841248e-07  1.67486991e-05  8.05092605e-08  1.67486991e-05  1.44222401e-11  1.67486991e-05  1.20000000e+00  1.67486991e-05  0.00000000e+00 
 1.68486991e-05  1.61654187e-01  1.68486991e-05  5.96683178e-01  1.68486991e-05  3.73843625e-07  1.68486991e-05  8.06181198e-08  1.68486991e-05  2.22724944e-11  1.68486991e-05  1.20000000e+00  1.68486991e-05  0.00000000e+00 
 1.69486991e-05  1.62386067e-01  1.69486991e-05  5.96683013e-01  1.69486991e-05  3.73841242e-07  1.69486991e-05  8.05474076e-08  1.69486991e-05  1.44645781e-11  1.69486991e-05  1.20000000e+00  1.69486991e-05  0.00000000e+00 
 1.70486991e-05  1.63118120e-01  1.70486991e-05  5.96683154e-01  1.70486991e-05  3.73843630e-07  1.70486991e-05  8.06557685e-08  1.70486991e-05  2.23065453e-11  1.70486991e-05  1.20000000e+00  1.70486991e-05  0.00000000e+00 
 1.71486991e-05  1.63850340e-01  1.71486991e-05  5.96682992e-01  1.71486991e-05  3.73841239e-07  1.71486991e-05  8.05845863e-08  1.71486991e-05  1.45068474e-11  1.71486991e-05  1.20000000e+00  1.71486991e-05  0.00000000e+00 
 1.72486991e-05  1.64582728e-01  1.72486991e-05  5.96683131e-01  1.72486991e-05  3.73843632e-07  1.72486991e-05  8.06924571e-08  1.72486991e-05  2.23406991e-11  1.72486991e-05  1.20000000e+00  1.72486991e-05  0.00000000e+00 
 1.73486991e-05  1.65315280e-01  1.73486991e-05  5.96682971e-01  1.73486991e-05  3.73841236e-07  1.73486991e-05  8.06208119e-08  1.73486991e-05  1.45490595e-11  1.73486991e-05  1.20000000e+00  1.73486991e-05  0.00000000e+00 
 1.74486991e-05  1.66047995e-01  1.74486991e-05  5.96683108e-01  1.74486991e-05  3.73843638e-07  1.74486991e-05  8.07282010e-08  1.74486991e-05  2.23749502e-11  1.74486991e-05  1.20000000e+00  1.74486991e-05  0.00000000e+00 
 1.75486991e-05  1.66780869e-01  1.75486991e-05  5.96682951e-01  1.75486991e-05  3.73841231e-07  1.75486991e-05  8.06560995e-08  1.75486991e-05  1.45912201e-11  1.75486991e-05  1.20000000e+00  1.75486991e-05  0.00000000e+00 
 1.76486991e-05  1.67513902e-01  1.76486991e-05  5.96683086e-01  1.76486991e-05  3.73843639e-07  1.76486991e-05  8.07630163e-08  1.76486991e-05  2.24092964e-11  1.76486991e-05  1.20000000e+00  1.76486991e-05  0.00000000e+00 
 1.77486991e-05  1.68247091e-01  1.77486991e-05  5.96682931e-01  1.77486991e-05  3.73841227e-07  1.77486991e-05  8.06904653e-08  1.77486991e-05  1.46333363e-11  1.77486991e-05  1.20000000e+00  1.77486991e-05  0.00000000e+00 
 1.78486991e-05  1.68980434e-01  1.78486991e-05  5.96683064e-01  1.78486991e-05  3.73843643e-07  1.78486991e-05  8.07969184e-08  1.78486991e-05  2.24437318e-11  1.78486991e-05  1.20000000e+00  1.78486991e-05  0.00000000e+00 
 1.79486991e-05  1.69713928e-01  1.79486991e-05  5.96682911e-01  1.79486991e-05  3.73841223e-07  1.79486991e-05  8.07239254e-08  1.79486991e-05  1.46754152e-11  1.79486991e-05  1.20000000e+00  1.79486991e-05  0.00000000e+00 
 1.80486991e-05  1.70447573e-01  1.80486991e-05  5.96683043e-01  1.80486991e-05  3.73843648e-07  1.80486991e-05  8.08299237e-08  1.80486991e-05  2.24782516e-11  1.80486991e-05  1.20000000e+00  1.80486991e-05  0.00000000e+00 
 1.81486991e-05  1.71181366e-01  1.81486991e-05  5.96682893e-01  1.81486991e-05  3.73841219e-07  1.81486991e-05  8.07564974e-08  1.81486991e-05  1.47174642e-11  1.81486991e-05  1.20000000e+00  1.81486991e-05  0.00000000e+00 
 1.82486991e-05  1.71915304e-01  1.82486991e-05  5.96683023e-01  1.82486991e-05  3.73843652e-07  1.82486991e-05  8.08620499e-08  1.82486991e-05  2.25128515e-11  1.82486991e-05  1.20000000e+00  1.82486991e-05  0.00000000e+00 
 1.83486991e-05  1.72649387e-01  1.83486991e-05  5.96682875e-01  1.83486991e-05  3.73841216e-07  1.83486991e-05  8.07881972e-08  1.83486991e-05  1.47594887e-11  1.83486991e-05  1.20000000e+00  1.83486991e-05  0.00000000e+00 
 1.84486991e-05  1.73383612e-01  1.84486991e-05  5.96683003e-01  1.84486991e-05  3.73843654e-07  1.84486991e-05  8.08933130e-08  1.84486991e-05  2.25475291e-11  1.84486991e-05  1.20000000e+00  1.84486991e-05  0.00000000e+00 
 1.85486991e-05  1.74117976e-01  1.85486991e-05  5.96682856e-01  1.85486991e-05  3.73841212e-07  1.85486991e-05  8.08190426e-08  1.85486991e-05  1.48014897e-11  1.85486991e-05  1.20000000e+00  1.85486991e-05  0.00000000e+00 
 1.86486991e-05  1.74852479e-01  1.86486991e-05  5.96682984e-01  1.86486991e-05  3.73843658e-07  1.86486991e-05  8.09237304e-08  1.86486991e-05  2.25822827e-11  1.86486991e-05  1.20000000e+00  1.86486991e-05  0.00000000e+00 
 1.87486991e-05  1.75587118e-01  1.87486991e-05  5.96682839e-01  1.87486991e-05  3.73841208e-07  1.87486991e-05  8.08490508e-08  1.87486991e-05  1.48434758e-11  1.87486991e-05  1.20000000e+00  1.87486991e-05  0.00000000e+00 
 1.88486991e-05  1.76321892e-01  1.88486991e-05  5.96682965e-01  1.88486991e-05  3.73843662e-07  1.88486991e-05  8.09533199e-08  1.88486991e-05  2.26171050e-11  1.88486991e-05  1.20000000e+00  1.88486991e-05  0.00000000e+00 
 1.89486991e-05  1.77056797e-01  1.89486991e-05  5.96682822e-01  1.89486991e-05  3.73841206e-07  1.89486991e-05  8.08782391e-08  1.89486991e-05  1.48854497e-11  1.89486991e-05  1.20000000e+00  1.89486991e-05  0.00000000e+00 
 1.90486991e-05  1.77791835e-01  1.90486991e-05  5.96682947e-01  1.90486991e-05  3.73843665e-07  1.90486991e-05  8.09820991e-08  1.90486991e-05  2.26519960e-11  1.90486991e-05  1.20000000e+00  1.90486991e-05  0.00000000e+00 
 1.91486991e-05  1.78527000e-01  1.91486991e-05  5.96682806e-01  1.91486991e-05  3.73841202e-07  1.91486991e-05  8.09066258e-08  1.91486991e-05  1.49274141e-11  1.91486991e-05  1.20000000e+00  1.91486991e-05  0.00000000e+00 
 1.92486991e-05  1.79262294e-01  1.92486991e-05  5.96682930e-01  1.92486991e-05  3.73843670e-07  1.92486991e-05  8.10100863e-08  1.92486991e-05  2.26869537e-11  1.92486991e-05  1.20000000e+00  1.92486991e-05  0.00000000e+00 
 1.93486991e-05  1.79997712e-01  1.93486991e-05  5.96682790e-01  1.93486991e-05  3.73841197e-07  1.93486991e-05  8.09342285e-08  1.93486991e-05  1.49693720e-11  1.93486991e-05  1.20000000e+00  1.93486991e-05  0.00000000e+00 
 1.94486991e-05  1.80733254e-01  1.94486991e-05  5.96682913e-01  1.94486991e-05  3.73843673e-07  1.94486991e-05  8.10372982e-08  1.94486991e-05  2.27219743e-11  1.94486991e-05  1.20000000e+00  1.94486991e-05  0.00000000e+00 
 1.95486991e-05  1.81468918e-01  1.95486991e-05  5.96682774e-01  1.95486991e-05  3.73841195e-07  1.95486991e-05  8.09610653e-08  1.95486991e-05  1.50113261e-11  1.95486991e-05  1.20000000e+00  1.95486991e-05  0.00000000e+00 
 1.96486991e-05  1.82204702e-01  1.96486991e-05  5.96682897e-01  1.96486991e-05  3.73843676e-07  1.96486991e-05  8.10637531e-08  1.96486991e-05  2.27570573e-11  1.96486991e-05  1.20000000e+00  1.96486991e-05  0.00000000e+00 
 1.97486991e-05  1.82940604e-01  1.97486991e-05  5.96682759e-01  1.97486991e-05  3.73841191e-07  1.97486991e-05  8.09871536e-08  1.97486991e-05  1.50532783e-11  1.97486991e-05  1.20000000e+00  1.97486991e-05  0.00000000e+00 
 1.98486991e-05  1.83676624e-01  1.98486991e-05  5.96682881e-01  1.98486991e-05  3.73843680e-07  1.98486991e-05  8.10894692e-08  1.98486991e-05  2.27921989e-11  1.98486991e-05  1.20000000e+00  1.98486991e-05  0.00000000e+00 
 1.99486991e-05  1.84412759e-01  1.99486991e-05  5.96682744e-01  1.99486991e-05  3.73841189e-07  1.99486991e-05  8.10125125e-08  1.99486991e-05  1.50952315e-11  1.99486991e-05  1.20000000e+00  1.99486991e-05  0.00000000e+00 
 2.00486991e-05  1.85149007e-01  2.00486991e-05  5.96682865e-01  2.00486991e-05  3.73843683e-07  2.00486991e-05  8.11144649e-08  2.00486991e-05  2.28273992e-11  2.00486991e-05  1.20000000e+00  2.00486991e-05  0.00000000e+00 
 2.01486991e-05  1.85885367e-01  2.01486991e-05  5.96682730e-01  2.01486991e-05  3.73841184e-07  2.01486991e-05  8.10371586e-08  2.01486991e-05  1.51371858e-11  2.01486991e-05  1.20000000e+00  2.01486991e-05  0.00000000e+00 
 2.02486991e-05  1.86621838e-01  2.02486991e-05  5.96682850e-01  2.02486991e-05  3.73843686e-07  2.02486991e-05  8.11387574e-08  2.02486991e-05  2.28626559e-11  2.02486991e-05  1.20000000e+00  2.02486991e-05  0.00000000e+00 
 2.03486991e-05  1.87358418e-01  2.03486991e-05  5.96682716e-01  2.03486991e-05  3.73841180e-07  2.03486991e-05  8.10611112e-08  2.03486991e-05  1.51791431e-11  2.03486991e-05  1.20000000e+00  2.03486991e-05  0.00000000e+00 
 2.04486991e-05  1.88095105e-01  2.04486991e-05  5.96682836e-01  2.04486991e-05  3.73843689e-07  2.04486991e-05  8.11623650e-08  2.04486991e-05  2.28979674e-11  2.04486991e-05  1.20000000e+00  2.04486991e-05  0.00000000e+00 
 2.05486991e-05  1.88831897e-01  2.05486991e-05  5.96682703e-01  2.05486991e-05  3.73841176e-07  2.05486991e-05  8.10843880e-08  2.05486991e-05  1.52211048e-11  2.05486991e-05  1.20000000e+00  2.05486991e-05  0.00000000e+00 
 2.06486991e-05  1.89568795e-01  2.06486991e-05  5.96682822e-01  2.06486991e-05  3.73843693e-07  2.06486991e-05  8.11853063e-08  2.06486991e-05  2.29333327e-11  2.06486991e-05  1.20000000e+00  2.06486991e-05  0.00000000e+00 
 2.07486991e-05  1.90305794e-01  2.07486991e-05  5.96682690e-01  2.07486991e-05  3.73841174e-07  2.07486991e-05  8.11070072e-08  2.07486991e-05  1.52630723e-11  2.07486991e-05  1.20000000e+00  2.07486991e-05  0.00000000e+00 
 2.08486991e-05  1.91042895e-01  2.08486991e-05  5.96682808e-01  2.08486991e-05  3.73843696e-07  2.08486991e-05  8.12075982e-08  2.08486991e-05  2.29687476e-11  2.08486991e-05  1.20000000e+00  2.08486991e-05  0.00000000e+00 
 2.09486991e-05  1.91780096e-01  2.09486991e-05  5.96682678e-01  2.09486991e-05  3.73841170e-07  2.09486991e-05  8.11289850e-08  2.09486991e-05  1.53050494e-11  2.09486991e-05  1.20000000e+00  2.09486991e-05  0.00000000e+00 
 2.10486991e-05  1.92517396e-01  2.10486991e-05  5.96682795e-01  2.10486991e-05  3.73843699e-07  2.10486991e-05  8.12292590e-08  2.10486991e-05  2.30042106e-11  2.10486991e-05  1.20000000e+00  2.10486991e-05  0.00000000e+00 
 2.11486991e-05  1.93254792e-01  2.11486991e-05  5.96682666e-01  2.11486991e-05  3.73841167e-07  2.11486991e-05  8.11503408e-08  2.11486991e-05  1.53470347e-11  2.11486991e-05  1.20000000e+00  2.11486991e-05  0.00000000e+00 
 2.12486991e-05  1.93992284e-01  2.12486991e-05  5.96682783e-01  2.12486991e-05  3.73843702e-07  2.12486991e-05  8.12503059e-08  2.12486991e-05  2.30397226e-11  2.12486991e-05  1.20000000e+00  2.12486991e-05  0.00000000e+00 
 2.13486991e-05  1.94729870e-01  2.13486991e-05  5.96682654e-01  2.13486991e-05  3.73841163e-07  2.13486991e-05  8.11710909e-08  2.13486991e-05  1.53890273e-11  2.13486991e-05  1.20000000e+00  2.13486991e-05  0.00000000e+00 
 2.14486991e-05  1.95467550e-01  2.14486991e-05  5.96682770e-01  2.14486991e-05  3.73843706e-07  2.14486991e-05  8.12707567e-08  2.14486991e-05  2.30752833e-11  2.14486991e-05  1.20000000e+00  2.14486991e-05  0.00000000e+00 
 2.15486991e-05  1.96205321e-01  2.15486991e-05  5.96682642e-01  2.15486991e-05  3.73841161e-07  2.15486991e-05  8.11912545e-08  2.15486991e-05  1.54310267e-11  2.15486991e-05  1.20000000e+00  2.15486991e-05  0.00000000e+00 
 2.16486991e-05  1.96943183e-01  2.16486991e-05  5.96682758e-01  2.16486991e-05  3.73843707e-07  2.16486991e-05  8.12906283e-08  2.16486991e-05  2.31108922e-11  2.16486991e-05  1.20000000e+00  2.16486991e-05  0.00000000e+00 
 2.17486991e-05  1.97681133e-01  2.17486991e-05  5.96682631e-01  2.17486991e-05  3.73841156e-07  2.17486991e-05  8.12108468e-08  2.17486991e-05  1.54730346e-11  2.17486991e-05  1.20000000e+00  2.17486991e-05  0.00000000e+00 
 2.18486991e-05  1.98419172e-01  2.18486991e-05  5.96682747e-01  2.18486991e-05  3.73843711e-07  2.18486991e-05  8.13099379e-08  2.18486991e-05  2.31465454e-11  2.18486991e-05  1.20000000e+00  2.18486991e-05  0.00000000e+00 
 2.19486991e-05  1.99157296e-01  2.19486991e-05  5.96682621e-01  2.19486991e-05  3.73841153e-07  2.19486991e-05  8.12298865e-08  2.19486991e-05  1.55150535e-11  2.19486991e-05  1.20000000e+00  2.19486991e-05  0.00000000e+00 
 2.20486991e-05  1.99895507e-01  2.20486991e-05  5.96682736e-01  2.20486991e-05  3.73843714e-07  2.20486991e-05  8.13287036e-08  2.20486991e-05  2.31822403e-11  2.20486991e-05  1.20000000e+00  2.20486991e-05  0.00000000e+00 
 2.21486991e-05  2.00633801e-01  2.21486991e-05  5.96682610e-01  2.21486991e-05  3.73841150e-07  2.21486991e-05  8.12483892e-08  2.21486991e-05  1.55570835e-11  2.21486991e-05  1.20000000e+00  2.21486991e-05  0.00000000e+00 
 2.22486991e-05  2.01372178e-01  2.22486991e-05  5.96682725e-01  2.22486991e-05  3.73843717e-07  2.22486991e-05  8.13469406e-08  2.22486991e-05  2.32179771e-11  2.22486991e-05  1.20000000e+00  2.22486991e-05  0.00000000e+00 
 2.23486991e-05  2.02110637e-01  2.23486991e-05  5.96682601e-01  2.23486991e-05  3.73841147e-07  2.23486991e-05  8.12663724e-08  2.23486991e-05  1.55991253e-11  2.23486991e-05  1.20000000e+00  2.23486991e-05  0.00000000e+00 
 2.24486991e-05  2.02849177e-01  2.24486991e-05  5.96682714e-01  2.24486991e-05  3.73843718e-07  2.24486991e-05  8.13646658e-08  2.24486991e-05  2.32537538e-11  2.24486991e-05  1.20000000e+00  2.24486991e-05  0.00000000e+00 
 2.25486991e-05  2.03587796e-01  2.25486991e-05  5.96682591e-01  2.25486991e-05  3.73841145e-07  2.25486991e-05  8.12838524e-08  2.25486991e-05  1.56411766e-11  2.25486991e-05  1.20000000e+00  2.25486991e-05  0.00000000e+00 
 2.26486991e-05  2.04326493e-01  2.26486991e-05  5.96682704e-01  2.26486991e-05  3.73843724e-07  2.26486991e-05  8.13818966e-08  2.26486991e-05  2.32895727e-11  2.26486991e-05  1.20000000e+00  2.26486991e-05  0.00000000e+00 
 2.27486991e-05  2.05065268e-01  2.27486991e-05  5.96682582e-01  2.27486991e-05  3.73841142e-07  2.27486991e-05  8.13008449e-08  2.27486991e-05  1.56832354e-11  2.27486991e-05  1.20000000e+00  2.27486991e-05  0.00000000e+00 
 2.28486991e-05  2.05804119e-01  2.28486991e-05  5.96682695e-01  2.28486991e-05  3.73843725e-07  2.28486991e-05  8.13986475e-08  2.28486991e-05  2.33254341e-11  2.28486991e-05  1.20000000e+00  2.28486991e-05  0.00000000e+00 
 2.29486991e-05  2.06543045e-01  2.29486991e-05  5.96682573e-01  2.29486991e-05  3.73841139e-07  2.29486991e-05  8.13173658e-08  2.29486991e-05  1.57253032e-11  2.29486991e-05  1.20000000e+00  2.29486991e-05  0.00000000e+00 
 2.30486991e-05  2.07282045e-01  2.30486991e-05  5.96682685e-01  2.30486991e-05  3.73843729e-07  2.30486991e-05  8.14149358e-08  2.30486991e-05  2.33613315e-11  2.30486991e-05  1.20000000e+00  2.30486991e-05  0.00000000e+00 
 2.31486991e-05  2.08021118e-01  2.31486991e-05  5.96682564e-01  2.31486991e-05  3.73841135e-07  2.31486991e-05  8.13334317e-08  2.31486991e-05  1.57673846e-11  2.31486991e-05  1.20000000e+00  2.31486991e-05  0.00000000e+00 
 2.32486991e-05  2.08760264e-01  2.32486991e-05  5.96682676e-01  2.32486991e-05  3.73843730e-07  2.32486991e-05  8.14307748e-08  2.32486991e-05  2.33972640e-11  2.32486991e-05  1.20000000e+00  2.32486991e-05  0.00000000e+00 
 2.33486991e-05  2.09499480e-01  2.33486991e-05  5.96682556e-01  2.33486991e-05  3.73841132e-07  2.33486991e-05  8.13490564e-08  2.33486991e-05  1.58094751e-11  2.33486991e-05  1.20000000e+00  2.33486991e-05  0.00000000e+00 
 2.34486991e-05  2.10238767e-01  2.34486991e-05  5.96682668e-01  2.34486991e-05  3.73843734e-07  2.34486991e-05  8.14461823e-08  2.34486991e-05  2.34332360e-11  2.34486991e-05  1.20000000e+00  2.34486991e-05  0.00000000e+00 
 2.35486991e-05  2.10978122e-01  2.35486991e-05  5.96682548e-01  2.35486991e-05  3.73841130e-07  2.35486991e-05  8.13642570e-08  2.35486991e-05  1.58515726e-11  2.35486991e-05  1.20000000e+00  2.35486991e-05  0.00000000e+00 
 2.36486991e-05  2.11717546e-01  2.36486991e-05  5.96682659e-01  2.36486991e-05  3.73843737e-07  2.36486991e-05  8.14611713e-08  2.36486991e-05  2.34692447e-11  2.36486991e-05  1.20000000e+00  2.36486991e-05  0.00000000e+00 
 2.37486991e-05  2.12457036e-01  2.37486991e-05  5.96682540e-01  2.37486991e-05  3.73841127e-07  2.37486991e-05  8.13790471e-08  2.37486991e-05  1.58936789e-11  2.37486991e-05  1.20000000e+00  2.37486991e-05  0.00000000e+00 
 2.38486991e-05  2.13196594e-01  2.38486991e-05  5.96682651e-01  2.38486991e-05  3.73843738e-07  2.38486991e-05  8.14757581e-08  2.38486991e-05  2.35052866e-11  2.38486991e-05  1.20000000e+00  2.38486991e-05  0.00000000e+00 
 2.39486991e-05  2.13936217e-01  2.39486991e-05  5.96682533e-01  2.39486991e-05  3.73841122e-07  2.39486991e-05  8.13934416e-08  2.39486991e-05  1.59357983e-11  2.39486991e-05  1.20000000e+00  2.39486991e-05  0.00000000e+00 
 2.40486991e-05  2.14675904e-01  2.40486991e-05  5.96682643e-01  2.40486991e-05  3.73843741e-07  2.40486991e-05  8.14899563e-08  2.40486991e-05  2.35413597e-11  2.40486991e-05  1.20000000e+00  2.40486991e-05  0.00000000e+00 
 2.41486991e-05  2.15415655e-01  2.41486991e-05  5.96682526e-01  2.41486991e-05  3.73841121e-07  2.41486991e-05  8.14074546e-08  2.41486991e-05  1.59779247e-11  2.41486991e-05  1.20000000e+00  2.41486991e-05  0.00000000e+00 
 2.42486991e-05  2.16155470e-01  2.42486991e-05  5.96682636e-01  2.42486991e-05  3.73843744e-07  2.42486991e-05  8.15037801e-08  2.42486991e-05  2.35774691e-11  2.42486991e-05  1.20000000e+00  2.42486991e-05  0.00000000e+00 
 2.43486991e-05  2.16895345e-01  2.43486991e-05  5.96682518e-01  2.43486991e-05  3.73841118e-07  2.43486991e-05  8.14211000e-08  2.43486991e-05  1.60200589e-11  2.43486991e-05  1.20000000e+00  2.43486991e-05  0.00000000e+00 
 2.44486991e-05  2.17635283e-01  2.44486991e-05  5.96682628e-01  2.44486991e-05  3.73843746e-07  2.44486991e-05  8.15172436e-08  2.44486991e-05  2.36136074e-11  2.44486991e-05  1.20000000e+00  2.44486991e-05  0.00000000e+00 
 2.45486991e-05  2.18375280e-01  2.45486991e-05  5.96682512e-01  2.45486991e-05  3.73841116e-07  2.45486991e-05  8.14343926e-08  2.45486991e-05  1.60622043e-11  2.45486991e-05  1.20000000e+00  2.45486991e-05  0.00000000e+00 
 2.46486991e-05  2.19115338e-01  2.46486991e-05  5.96682621e-01  2.46486991e-05  3.73843750e-07  2.46486991e-05  8.15303600e-08  2.46486991e-05  2.36497769e-11  2.46486991e-05  1.20000000e+00  2.46486991e-05  0.00000000e+00 
 2.47486991e-05  2.19855454e-01  2.47486991e-05  5.96682506e-01  2.47486991e-05  3.73841112e-07  2.47486991e-05  8.14473441e-08  2.47486991e-05  1.61043553e-11  2.47486991e-05  1.20000000e+00  2.47486991e-05  0.00000000e+00 
 2.48486991e-05  2.20595629e-01  2.48486991e-05  5.96682615e-01  2.48486991e-05  3.73843751e-07  2.48486991e-05  8.15431420e-08  2.48486991e-05  2.36859785e-11  2.48486991e-05  1.20000000e+00  2.48486991e-05  0.00000000e+00 
 2.49243546e-05  2.21155649e-01  2.49243546e-05  5.96682498e-01  2.49243546e-05  3.73841110e-07  2.49243546e-05  8.14582945e-08  2.49243546e-05  1.61422286e-11  2.49243546e-05  1.20000000e+00  2.49243546e-05  0.00000000e+00 
 2.50000100e-05  2.21715702e-01  2.50000100e-05  5.96682612e-01  2.50000100e-05  3.73843755e-07  2.50000100e-05  8.15526061e-08  2.50000100e-05  2.37116775e-11  2.50000100e-05  1.20000000e+00  2.50000100e-05  0.00000000e+00 
 2.50000110e-05  2.21710794e-01  2.50000110e-05  5.95831232e-01  2.50000110e-05  5.85046986e-07  2.50000110e-05  5.82391119e-07  2.50000110e-05  5.92152339e-07  2.50000110e-05  1.08000000e+00  2.50000110e-05  0.00000000e+00 
 2.50000130e-05  2.21699623e-01  2.50000130e-05  5.93983658e-01  2.50000130e-05  6.34015659e-07  2.50000130e-05  6.51505025e-07  2.50000130e-05  7.51330590e-07  2.50000130e-05  8.40000000e-01  2.50000130e-05  0.00000000e+00 
 2.50000165e-05  2.21667183e-01  2.50000165e-05  5.90378898e-01  2.50000165e-05  6.42379014e-07  2.50000165e-05  7.11448014e-07  2.50000165e-05  7.50835445e-07  2.50000165e-05  4.20000000e-01  2.50000165e-05  0.00000000e+00 
 2.50000200e-05  2.21615630e-01  2.50000200e-05  5.86318039e-01  2.50000200e-05  7.00729791e-07  2.50000200e-05  8.18383485e-07  2.50000200e-05  9.30749157e-07  2.50000200e-05  0.00000000e+00  2.50000200e-05  0.00000000e+00 
 2.50000206e-05  2.21615905e-01  2.50000206e-05  5.86514918e-01  2.50000206e-05  3.19940028e-07  2.50000206e-05 -1.31877985e-07  2.50000206e-05 -1.47293569e-07  2.50000206e-05  0.00000000e+00  2.50000206e-05  0.00000000e+00 
 2.50000219e-05  2.21617737e-01  2.50000219e-05  5.86910519e-01  2.50000219e-05  2.84007726e-07  2.50000219e-05 -7.57595976e-08  2.50000219e-05 -3.17079767e-07  2.50000219e-05  0.00000000e+00  2.50000219e-05  0.00000000e+00 
 2.50000244e-05  2.21621744e-01  2.50000244e-05  5.87558266e-01  2.50000244e-05  3.43312746e-07  2.50000244e-05 -5.82930967e-08  2.50000244e-05 -8.35451264e-08  2.50000244e-05  0.00000000e+00  2.50000244e-05  0.00000000e+00 
 2.50000295e-05  2.21629000e-01  2.50000295e-05  5.88497225e-01  2.50000295e-05  3.20388995e-07  2.50000295e-05  5.14781985e-09  2.50000295e-05 -1.94785000e-07  2.50000295e-05  0.00000000e+00  2.50000295e-05  0.00000000e+00 
 2.50000396e-05  2.21642622e-01  2.50000396e-05  5.89844578e-01  2.50000396e-05  3.67050396e-07  2.50000396e-05  5.71465139e-09  2.50000396e-05 -4.50420258e-09  2.50000396e-05  0.00000000e+00  2.50000396e-05  0.00000000e+00 
 2.50000599e-05  2.21665972e-01  2.50000599e-05  5.91772448e-01  2.50000599e-05  3.37363231e-07  2.50000599e-05  5.03391644e-08  2.50000599e-05 -1.32814405e-07  2.50000599e-05  0.00000000e+00  2.50000599e-05  0.00000000e+00 
 2.50001004e-05  2.21700246e-01  2.50001004e-05  5.95310706e-01  2.50001004e-05  3.66910460e-07  2.50001004e-05  1.60348217e-08  2.50001004e-05  6.55701280e-09  2.50001004e-05  0.00000000e+00  2.50001004e-05  0.00000000e+00 
 2.50001814e-05  2.21739931e-01  2.50001814e-05  6.00356325e-01  2.50001814e-05  3.45587508e-07  2.50001814e-05  7.74138149e-08  2.50001814e-05 -9.59804036e-08  2.50001814e-05  0.00000000e+00  2.50001814e-05  0.00000000e+00 
 2.50002984e-05  2.21760381e-01  2.50002984e-05  6.02820088e-01  2.50002984e-05  3.86347648e-07  2.50002984e-05  5.82484384e-08  2.50002984e-05  6.60764937e-08  2.50002984e-05  0.00000000e+00  2.50002984e-05  0.00000000e+00 
 2.50005083e-05  2.21765429e-01  2.50005083e-05  6.03200601e-01  2.50005083e-05  3.57961880e-07  2.50005083e-05  9.51025577e-08  2.50005083e-05 -6.76601148e-08  2.50005083e-05  0.00000000e+00  2.50005083e-05  0.00000000e+00 
 2.50007087e-05  2.21763936e-01  2.50007087e-05  6.02834186e-01  2.50007087e-05  3.90533999e-07  2.50007087e-05  6.18376486e-08  2.50007087e-05  7.14290415e-08  2.50007087e-05  0.00000000e+00  2.50007087e-05  0.00000000e+00 
 2.50010811e-05  2.21763943e-01  2.50010811e-05  6.02623360e-01  2.50010811e-05  3.57805596e-07  2.50010811e-05  9.48893500e-08  2.50010811e-05 -6.94461334e-08  2.50010811e-05  0.00000000e+00  2.50010811e-05  0.00000000e+00 
 2.50015564e-05  2.21763204e-01  2.50015564e-05  6.02318066e-01  2.50015564e-05  3.90580007e-07  2.50015564e-05  6.32935851e-08  2.50015564e-05  7.13497199e-08  2.50015564e-05  0.00000000e+00  2.50015564e-05  0.00000000e+00 
 2.50025071e-05  2.21762503e-01  2.50025071e-05  6.02002185e-01  2.50025071e-05  3.57603890e-07  2.50025071e-05  9.62771883e-08  2.50025071e-05 -7.00097390e-08  2.50025071e-05  0.00000000e+00  2.50025071e-05  0.00000000e+00 
 2.50044084e-05  2.21760866e-01  2.50044084e-05  6.01708229e-01  2.50044084e-05  3.90367265e-07  2.50044084e-05  6.50783460e-08  2.50044084e-05  7.08711186e-08  2.50044084e-05  0.00000000e+00  2.50044084e-05  0.00000000e+00 
 2.50082109e-05  2.21758415e-01  2.50082109e-05  6.02254624e-01  2.50082109e-05  3.57347866e-07  2.50082109e-05  8.73230156e-08  2.50082109e-05 -7.05991768e-08  2.50082109e-05  0.00000000e+00  2.50082109e-05  0.00000000e+00 
 2.50158161e-05  2.21753945e-01  2.50158161e-05  6.03371961e-01  2.50158161e-05  3.90342914e-07  2.50158161e-05  3.39093580e-08  2.50158161e-05  7.07511725e-08  2.50158161e-05  0.00000000e+00  2.50158161e-05  0.00000000e+00 
 2.50310264e-05  2.21748489e-01  2.50310264e-05  6.00392544e-01  2.50310264e-05  3.57517440e-07  2.50310264e-05  2.32846438e-08  2.50310264e-05 -7.04240011e-08  2.50310264e-05  0.00000000e+00  2.50310264e-05  0.00000000e+00 
 2.50605597e-05  2.21744392e-01  2.50605597e-05  5.96398888e-01  2.50605597e-05  3.90206394e-07  2.50605597e-05 -1.80393231e-08  2.50605597e-05  7.04399049e-08  2.50605597e-05  0.00000000e+00  2.50605597e-05  0.00000000e+00 
 2.51196261e-05  2.21743179e-01  2.51196261e-05  5.96884166e-01  2.51196261e-05  3.57449155e-07  2.51196261e-05  1.75499135e-08  2.51196261e-05 -7.04387095e-08  2.51196261e-05  0.00000000e+00  2.51196261e-05  0.00000000e+00 
 2.51960497e-05  2.21743137e-01  2.51960497e-05  5.96534995e-01  2.51960497e-05  3.90243363e-07  2.51960497e-05 -1.72930843e-08  2.51960497e-05  7.04994617e-08  2.51960497e-05  0.00000000e+00  2.51960497e-05  0.00000000e+00 
 2.52960497e-05  2.21743020e-01  2.52960497e-05  5.96796170e-01  2.52960497e-05  3.57438136e-07  2.52960497e-05  1.71548387e-08  2.52960497e-05 -7.04716613e-08  2.52960497e-05  0.00000000e+00  2.52960497e-05  0.00000000e+00 
 2.53960497e-05  2.21742802e-01  2.53960497e-05  5.96589620e-01  2.53960497e-05  3.90249146e-07  2.53960497e-05 -1.70441701e-08  2.53960497e-05  7.05211000e-08  2.53960497e-05  0.00000000e+00  2.53960497e-05  0.00000000e+00 
 2.54960497e-05  2.21742719e-01  2.54960497e-05  5.96756015e-01  2.54960497e-05  3.57433936e-07  2.54960497e-05  1.69635060e-08  2.54960497e-05 -7.04887712e-08  2.54960497e-05  0.00000000e+00  2.54960497e-05  0.00000000e+00 
 2.55960497e-05  2.21742488e-01  2.55960497e-05  5.96619723e-01  2.55960497e-05  3.90252353e-07  2.55960497e-05 -1.68959845e-08  2.55960497e-05  7.05346470e-08  2.55960497e-05  0.00000000e+00  2.55960497e-05  0.00000000e+00 
 2.56960497e-05  2.21742411e-01  2.56960497e-05  5.96733599e-01  2.56960497e-05  3.57431391e-07  2.56960497e-05  1.68471549e-08  2.56960497e-05 -7.04995754e-08  2.56960497e-05  0.00000000e+00  2.56960497e-05  0.00000000e+00 
 2.57960497e-05  2.21742174e-01  2.57960497e-05  5.96636545e-01  2.57960497e-05  3.90254440e-07  2.57960497e-05 -1.68036868e-08  2.57960497e-05  7.05432854e-08  2.57960497e-05  0.00000000e+00  2.57960497e-05  0.00000000e+00 
 2.58960497e-05  2.21742103e-01  2.58960497e-05  5.96720689e-01  2.58960497e-05  3.57429634e-07  2.58960497e-05  1.67730021e-08  2.58960497e-05 -7.05065163e-08  2.58960497e-05  0.00000000e+00  2.58960497e-05  0.00000000e+00 
 2.59960497e-05  2.21741861e-01  2.59960497e-05  5.96646450e-01  2.59960497e-05  3.90255948e-07  2.59960497e-05 -1.67431467e-08  2.59960497e-05  7.05489119e-08  2.59960497e-05  0.00000000e+00  2.59960497e-05  0.00000000e+00 
 2.60960497e-05  2.21741796e-01  2.60960497e-05  5.96712948e-01  2.60960497e-05  3.57428318e-07  2.60960497e-05  1.67227351e-08  2.60960497e-05 -7.05111159e-08  2.60960497e-05  0.00000000e+00  2.60960497e-05  0.00000000e+00 
 2.61960497e-05  2.21741547e-01  2.61960497e-05  5.96652509e-01  2.61960497e-05  3.90257121e-07  2.61960497e-05 -1.67005861e-08  2.61960497e-05  7.05527132e-08  2.61960497e-05  0.00000000e+00  2.61960497e-05  0.00000000e+00 
 2.62960497e-05  2.21741488e-01  2.62960497e-05  5.96708133e-01  2.62960497e-05  3.57427263e-07  2.62960497e-05  1.66859689e-08  2.62960497e-05 -7.05142929e-08  2.62960497e-05  0.00000000e+00  2.62960497e-05  0.00000000e+00 
 2.63960497e-05  2.21741234e-01  2.63960497e-05  5.96656349e-01  2.63960497e-05  3.90258078e-07  2.63960497e-05 -1.66681407e-08  2.63960497e-05  7.05554021e-08  2.63960497e-05  0.00000000e+00  2.63960497e-05  0.00000000e+00 
 2.64960497e-05  2.21741180e-01  2.64960497e-05  5.96705030e-01  2.64960497e-05  3.57426381e-07  2.64960497e-05  1.66567427e-08  2.64960497e-05 -7.05165981e-08  2.64960497e-05  0.00000000e+00  2.64960497e-05  0.00000000e+00 
 2.65960497e-05  2.21740921e-01  2.65960497e-05  5.96658868e-01  2.65960497e-05  3.90258897e-07  2.65960497e-05 -1.66412824e-08  2.65960497e-05  7.05574050e-08  2.65960497e-05  0.00000000e+00  2.65960497e-05  0.00000000e+00 
 2.66960497e-05  2.21740872e-01  2.66960497e-05  5.96702958e-01  2.66960497e-05  3.57425616e-07  2.66960497e-05  1.66316182e-08  2.66960497e-05 -7.05183615e-08  2.66960497e-05  0.00000000e+00  2.66960497e-05  0.00000000e+00 
 2.67960497e-05  2.21740609e-01  2.67960497e-05  5.96660583e-01  2.67960497e-05  3.90259621e-07  2.67960497e-05 -1.66174011e-08  2.67960497e-05  7.05589779e-08  2.67960497e-05  0.00000000e+00  2.67960497e-05  0.00000000e+00 
 2.68960497e-05  2.21740563e-01  2.68960497e-05  5.96701518e-01  2.68960497e-05  3.57424932e-07  2.68960497e-05  1.66086192e-08  2.68960497e-05 -7.05197819e-08  2.68960497e-05  0.00000000e+00  2.68960497e-05  0.00000000e+00 
 2.69960497e-05  2.21740297e-01  2.69960497e-05  5.96661799e-01  2.69960497e-05  3.90260270e-07  2.69960497e-05 -1.65950054e-08  2.69960497e-05  7.05602754e-08  2.69960497e-05  0.00000000e+00  2.69960497e-05  0.00000000e+00 
 2.70960497e-05  2.21740254e-01  2.70960497e-05  5.96700476e-01  2.70960497e-05  3.57424308e-07  2.70960497e-05  1.65866261e-08  2.70960497e-05 -7.05209797e-08  2.70960497e-05  0.00000000e+00  2.70960497e-05  0.00000000e+00 
 2.71960497e-05  2.21739986e-01  2.71960497e-05  5.96662700e-01  2.71960497e-05  3.90260869e-07  2.71960497e-05 -1.65732600e-08  2.71960497e-05  7.05613916e-08  2.71960497e-05  0.00000000e+00  2.71960497e-05  0.00000000e+00 
 2.72960497e-05  2.21739944e-01  2.72960497e-05  5.96699688e-01  2.72960497e-05  3.57423734e-07  2.72960497e-05  1.65650226e-08  2.72960497e-05 -7.05220288e-08  2.72960497e-05  0.00000000e+00  2.72960497e-05  0.00000000e+00 
 2.73960497e-05  2.21739675e-01  2.73960497e-05  5.96663397e-01  2.73960497e-05  3.90261423e-07  2.73960497e-05 -1.65517162e-08  2.73960497e-05  7.05623849e-08  2.73960497e-05  0.00000000e+00  2.73960497e-05  0.00000000e+00 
 2.74960497e-05  2.21739634e-01  2.74960497e-05  5.96699064e-01  2.74960497e-05  3.57423196e-07  2.74960497e-05  1.65434881e-08  2.74960497e-05 -7.05229752e-08  2.74960497e-05  0.00000000e+00  2.74960497e-05  0.00000000e+00 
 2.75960497e-05  2.21739364e-01  2.75960497e-05  5.96663960e-01  2.75960497e-05  3.90261945e-07  2.75960497e-05 -1.65301509e-08  2.75960497e-05  7.05632915e-08  2.75960497e-05  0.00000000e+00  2.75960497e-05  0.00000000e+00 
 2.76960497e-05  2.21739324e-01  2.76960497e-05  5.96698550e-01  2.76960497e-05  3.57422691e-07  2.76960497e-05  1.65218735e-08  2.76960497e-05 -7.05238478e-08  2.76960497e-05  0.00000000e+00  2.76960497e-05  0.00000000e+00 
 2.77960497e-05  2.21739054e-01  2.77960497e-05  5.96664432e-01  2.77960497e-05  3.90262440e-07  2.77960497e-05 -1.65084710e-08  2.77960497e-05  7.05641347e-08  2.77960497e-05  0.00000000e+00  2.77960497e-05  0.00000000e+00 
 2.78960497e-05  2.21739014e-01  2.78960497e-05  5.96698113e-01  2.78960497e-05  3.57422207e-07  2.78960497e-05  1.65001277e-08  2.78960497e-05 -7.05246653e-08  2.78960497e-05  0.00000000e+00  2.78960497e-05  0.00000000e+00 
 2.79960497e-05  2.21738743e-01  2.79960497e-05  5.96664839e-01  2.79960497e-05  3.90262906e-07  2.79960497e-05 -1.64866561e-08  2.79960497e-05  7.05649296e-08  2.79960497e-05  0.00000000e+00  2.79960497e-05  0.00000000e+00 
 2.80960497e-05  2.21738703e-01  2.80960497e-05  5.96697731e-01  2.80960497e-05  3.57421751e-07  2.80960497e-05  1.64782526e-08  2.80960497e-05 -7.05254400e-08  2.80960497e-05  0.00000000e+00  2.80960497e-05  0.00000000e+00 
 2.81960497e-05  2.21738433e-01  2.81960497e-05  5.96665198e-01  2.81960497e-05  3.90263356e-07  2.81960497e-05 -1.64647242e-08  2.81960497e-05  7.05656861e-08  2.81960497e-05  0.00000000e+00  2.81960497e-05  0.00000000e+00 
 2.82960497e-05  2.21738393e-01  2.82960497e-05  5.96697391e-01  2.82960497e-05  3.57421310e-07  2.82960497e-05  1.64562773e-08  2.82960497e-05 -7.05261802e-08  2.82960497e-05  0.00000000e+00  2.82960497e-05  0.00000000e+00 
 2.83960497e-05  2.21738123e-01  2.83960497e-05  5.96665520e-01  2.83960497e-05  3.90263786e-07  2.83960497e-05 -1.64427116e-08  2.83960497e-05  7.05664113e-08  2.83960497e-05  0.00000000e+00  2.83960497e-05  0.00000000e+00 
 2.84960497e-05  2.21738082e-01  2.84960497e-05  5.96697085e-01  2.84960497e-05  3.57420890e-07  2.84960497e-05  1.64342427e-08  2.84960497e-05 -7.05268916e-08  2.84960497e-05  0.00000000e+00  2.84960497e-05  0.00000000e+00 
 2.85960497e-05  2.21737813e-01  2.85960497e-05  5.96665812e-01  2.85960497e-05  3.90264202e-07  2.85960497e-05 -1.64206616e-08  2.85960497e-05  7.05671099e-08  2.85960497e-05  0.00000000e+00  2.85960497e-05  0.00000000e+00 
 2.86960497e-05  2.21737771e-01  2.86960497e-05  5.96696806e-01  2.86960497e-05  3.57420482e-07  2.86960497e-05  1.64121925e-08  2.86960497e-05 -7.05275784e-08  2.86960497e-05  0.00000000e+00  2.86960497e-05  0.00000000e+00 
 2.87960497e-05  2.21737503e-01  2.87960497e-05  5.96666078e-01  2.87960497e-05  3.90264601e-07  2.87960497e-05 -1.63986172e-08  2.87960497e-05  7.05677857e-08  2.87960497e-05  0.00000000e+00  2.87960497e-05  0.00000000e+00 
 2.88960497e-05  2.21737461e-01  2.88960497e-05  5.96696552e-01  2.88960497e-05  3.57420089e-07  2.88960497e-05  1.63901684e-08  2.88960497e-05 -7.05282438e-08  2.88960497e-05  0.00000000e+00  2.88960497e-05  0.00000000e+00 
 2.89960497e-05  2.21737193e-01  2.89960497e-05  5.96666322e-01  2.89960497e-05  3.90264987e-07  2.89960497e-05 -1.63766185e-08  2.89960497e-05  7.05684414e-08  2.89960497e-05  0.00000000e+00  2.89960497e-05  0.00000000e+00 
 2.90960497e-05  2.21737150e-01  2.90960497e-05  5.96696319e-01  2.90960497e-05  3.57419709e-07  2.90960497e-05  1.63682084e-08  2.90960497e-05 -7.05288904e-08  2.90960497e-05  0.00000000e+00  2.90960497e-05  0.00000000e+00 
 2.91960497e-05  2.21736883e-01  2.91960497e-05  5.96666545e-01  2.91960497e-05  3.90265366e-07  2.91960497e-05 -1.63547009e-08  2.91960497e-05  7.05690792e-08  2.91960497e-05  0.00000000e+00  2.91960497e-05  0.00000000e+00 
 2.92960497e-05  2.21736839e-01  2.92960497e-05  5.96696106e-01  2.92960497e-05  3.57419337e-07  2.92960497e-05  1.63463451e-08  2.92960497e-05 -7.05295200e-08  2.92960497e-05  0.00000000e+00  2.92960497e-05  0.00000000e+00 
 2.93960497e-05  2.21736573e-01  2.93960497e-05  5.96666750e-01  2.93960497e-05  3.90265731e-07  2.93960497e-05 -1.63328942e-08  2.93960497e-05  7.05697010e-08  2.93960497e-05  0.00000000e+00  2.93960497e-05  0.00000000e+00 
 2.94960497e-05  2.21736528e-01  2.94960497e-05  5.96695909e-01  2.94960497e-05  3.57418976e-07  2.94960497e-05  1.63246060e-08  2.94960497e-05 -7.05301344e-08  2.94960497e-05  0.00000000e+00  2.94960497e-05  0.00000000e+00 
 2.95960497e-05  2.21736263e-01  2.95960497e-05  5.96666937e-01  2.95960497e-05  3.90266085e-07  2.95960497e-05 -1.63112238e-08  2.95960497e-05  7.05703083e-08  2.95960497e-05  0.00000000e+00  2.95960497e-05  0.00000000e+00 
 2.96960497e-05  2.21736218e-01  2.96960497e-05  5.96695730e-01  2.96960497e-05  3.57418624e-07  2.96960497e-05  1.63030136e-08  2.96960497e-05 -7.05307350e-08  2.96960497e-05  0.00000000e+00  2.96960497e-05  0.00000000e+00 
 2.97960497e-05  2.21735953e-01  2.97960497e-05  5.96667109e-01  2.97960497e-05  3.90266434e-07  2.97960497e-05 -1.62897097e-08  2.97960497e-05  7.05709025e-08  2.97960497e-05  0.00000000e+00  2.97960497e-05  0.00000000e+00 
 2.98960497e-05  2.21735907e-01  2.98960497e-05  5.96695566e-01  2.98960497e-05  3.57418280e-07  2.98960497e-05  1.62815861e-08  2.98960497e-05 -7.05313231e-08  2.98960497e-05  0.00000000e+00  2.98960497e-05  0.00000000e+00 
 2.99960497e-05  2.21735643e-01  2.99960497e-05  5.96667267e-01  2.99960497e-05  3.90266774e-07  2.99960497e-05 -1.62683682e-08  2.99960497e-05  7.05714849e-08  2.99960497e-05  0.00000000e+00  2.99960497e-05  0.00000000e+00 
 3.00960497e-05  2.21735596e-01  3.00960497e-05  5.96695414e-01  3.00960497e-05  3.57417944e-07  3.00960497e-05  1.62603382e-08  3.00960497e-05 -7.05318999e-08  3.00960497e-05  0.00000000e+00  3.00960497e-05  0.00000000e+00 
 3.01960497e-05  2.21735333e-01  3.01960497e-05  5.96667412e-01  3.01960497e-05  3.90267108e-07  3.01960497e-05 -1.62472122e-08  3.01960497e-05  7.05720563e-08  3.01960497e-05  0.00000000e+00  3.01960497e-05  0.00000000e+00 
 3.02960497e-05  2.21735285e-01  3.02960497e-05  5.96695276e-01  3.02960497e-05  3.57417616e-07  3.02960497e-05  1.62392810e-08  3.02960497e-05 -7.05324663e-08  3.02960497e-05  0.00000000e+00  3.02960497e-05  0.00000000e+00 
 3.03960497e-05  2.21735023e-01  3.03960497e-05  5.96667544e-01  3.03960497e-05  3.90267433e-07  3.03960497e-05 -1.62262516e-08  3.03960497e-05  7.05726179e-08  3.03960497e-05  0.00000000e+00  3.03960497e-05  0.00000000e+00 
 3.04960497e-05  2.21734974e-01  3.04960497e-05  5.96695149e-01  3.04960497e-05  3.57417291e-07  3.04960497e-05  1.62184230e-08  3.04960497e-05 -7.05330233e-08  3.04960497e-05  0.00000000e+00  3.04960497e-05  0.00000000e+00 
 3.05960497e-05  2.21734713e-01  3.05960497e-05  5.96667666e-01  3.05960497e-05  3.90267752e-07  3.05960497e-05 -1.62054938e-08  3.05960497e-05  7.05731705e-08  3.05960497e-05  0.00000000e+00  3.05960497e-05  0.00000000e+00 
 3.06960497e-05  2.21734664e-01  3.06960497e-05  5.96695033e-01  3.06960497e-05  3.57416972e-07  3.06960497e-05  1.61977707e-08  3.06960497e-05 -7.05335717e-08  3.06960497e-05  0.00000000e+00  3.06960497e-05  0.00000000e+00 
 3.07960497e-05  2.21734403e-01  3.07960497e-05  5.96667778e-01  3.07960497e-05  3.90268069e-07  3.07960497e-05 -1.61849443e-08  3.07960497e-05  7.05737148e-08  3.07960497e-05  0.00000000e+00  3.07960497e-05  0.00000000e+00 
 3.08960497e-05  2.21734353e-01  3.08960497e-05  5.96694925e-01  3.08960497e-05  3.57416662e-07  3.08960497e-05  1.61773289e-08  3.08960497e-05 -7.05341122e-08  3.08960497e-05  0.00000000e+00  3.08960497e-05  0.00000000e+00 
 3.09960497e-05  2.21734093e-01  3.09960497e-05  5.96667881e-01  3.09960497e-05  3.90268378e-07  3.09960497e-05 -1.61646070e-08  3.09960497e-05  7.05742516e-08  3.09960497e-05  0.00000000e+00  3.09960497e-05  0.00000000e+00 
 3.10960497e-05  2.21734042e-01  3.10960497e-05  5.96694826e-01  3.10960497e-05  3.57416353e-07  3.10960497e-05  1.61571007e-08  3.10960497e-05 -7.05346455e-08  3.10960497e-05  0.00000000e+00  3.10960497e-05  0.00000000e+00 
 3.11960497e-05  2.21733783e-01  3.11960497e-05  5.96667976e-01  3.11960497e-05  3.90268683e-07  3.11960497e-05 -1.61444845e-08  3.11960497e-05  7.05747815e-08  3.11960497e-05  0.00000000e+00  3.11960497e-05  0.00000000e+00 
 3.12960497e-05  2.21733732e-01  3.12960497e-05  5.96694735e-01  3.12960497e-05  3.57416052e-07  3.12960497e-05  1.61370881e-08  3.12960497e-05 -7.05351721e-08  3.12960497e-05  0.00000000e+00  3.12960497e-05  0.00000000e+00 
 3.13960497e-05  2.21733473e-01  3.13960497e-05  5.96668065e-01  3.13960497e-05  3.90268984e-07  3.13960497e-05 -1.61245784e-08  3.13960497e-05  7.05753050e-08  3.13960497e-05  0.00000000e+00  3.13960497e-05  0.00000000e+00 
 3.14960497e-05  2.21733421e-01  3.14960497e-05  5.96694650e-01  3.14960497e-05  3.57415752e-07  3.14960497e-05  1.61172926e-08  3.14960497e-05 -7.05356926e-08  3.14960497e-05  0.00000000e+00  3.14960497e-05  0.00000000e+00 
 3.15960497e-05  2.21733163e-01  3.15960497e-05  5.96668146e-01  3.15960497e-05  3.90269278e-07  3.15960497e-05 -1.61048898e-08  3.15960497e-05  7.05758226e-08  3.15960497e-05  0.00000000e+00  3.15960497e-05  0.00000000e+00 
 3.16960497e-05  2.21733110e-01  3.16960497e-05  5.96694572e-01  3.16960497e-05  3.57415457e-07  3.16960497e-05  1.60977145e-08  3.16960497e-05 -7.05362075e-08  3.16960497e-05  0.00000000e+00  3.16960497e-05  0.00000000e+00 
 3.17960497e-05  2.21732853e-01  3.17960497e-05  5.96668222e-01  3.17960497e-05  3.90269571e-07  3.17960497e-05 -1.60854187e-08  3.17960497e-05  7.05763348e-08  3.17960497e-05  0.00000000e+00  3.17960497e-05  0.00000000e+00 
 3.18960497e-05  2.21732799e-01  3.18960497e-05  5.96694499e-01  3.18960497e-05  3.57415168e-07  3.18960497e-05  1.60783538e-08  3.18960497e-05 -7.05367172e-08  3.18960497e-05  0.00000000e+00  3.18960497e-05  0.00000000e+00 
 3.19960497e-05  2.21732542e-01  3.19960497e-05  5.96668294e-01  3.19960497e-05  3.90269862e-07  3.19960497e-05 -1.60661648e-08  3.19960497e-05  7.05768420e-08  3.19960497e-05  0.00000000e+00  3.19960497e-05  0.00000000e+00 
 3.20960497e-05  2.21732489e-01  3.20960497e-05  5.96694430e-01  3.20960497e-05  3.57414881e-07  3.20960497e-05  1.60592101e-08  3.20960497e-05 -7.05372220e-08  3.20960497e-05  0.00000000e+00  3.20960497e-05  0.00000000e+00 
 3.21960497e-05  2.21732232e-01  3.21960497e-05  5.96668360e-01  3.21960497e-05  3.90270146e-07  3.21960497e-05 -1.60471275e-08  3.21960497e-05  7.05773445e-08  3.21960497e-05  0.00000000e+00  3.21960497e-05  0.00000000e+00 
 3.22960497e-05  2.21732178e-01  3.22960497e-05  5.96694365e-01  3.22960497e-05  3.57414598e-07  3.22960497e-05  1.60402825e-08  3.22960497e-05 -7.05377223e-08  3.22960497e-05  0.00000000e+00  3.22960497e-05  0.00000000e+00 
 3.23960497e-05  2.21731922e-01  3.23960497e-05  5.96668423e-01  3.23960497e-05  3.90270430e-07  3.23960497e-05 -1.60283060e-08  3.23960497e-05  7.05778427e-08  3.23960497e-05  0.00000000e+00  3.23960497e-05  0.00000000e+00 
 3.24960497e-05  2.21731867e-01  3.24960497e-05  5.96694305e-01  3.24960497e-05  3.57414315e-07  3.24960497e-05  1.60215700e-08  3.24960497e-05 -7.05382185e-08  3.24960497e-05  0.00000000e+00  3.24960497e-05  0.00000000e+00 
 3.25960497e-05  2.21731612e-01  3.25960497e-05  5.96668482e-01  3.25960497e-05  3.90270708e-07  3.25960497e-05 -1.60096989e-08  3.25960497e-05  7.05783368e-08  3.25960497e-05  0.00000000e+00  3.25960497e-05  0.00000000e+00 
 3.26960497e-05  2.21731557e-01  3.26960497e-05  5.96694247e-01  3.26960497e-05  3.57414039e-07  3.26960497e-05  1.60030712e-08  3.26960497e-05 -7.05387106e-08  3.26960497e-05  0.00000000e+00  3.26960497e-05  0.00000000e+00 
 3.27960497e-05  2.21731302e-01  3.27960497e-05  5.96668539e-01  3.27960497e-05  3.90270984e-07  3.27960497e-05 -1.59913050e-08  3.27960497e-05  7.05788270e-08  3.27960497e-05  0.00000000e+00  3.27960497e-05  0.00000000e+00 
 3.28960497e-05  2.21731246e-01  3.28960497e-05  5.96694192e-01  3.28960497e-05  3.57413762e-07  3.28960497e-05  1.59847848e-08  3.28960497e-05 -7.05391991e-08  3.28960497e-05  0.00000000e+00  3.28960497e-05  0.00000000e+00 
 3.29960497e-05  2.21730992e-01  3.29960497e-05  5.96668593e-01  3.29960497e-05  3.90271258e-07  3.29960497e-05 -1.59731225e-08  3.29960497e-05  7.05793137e-08  3.29960497e-05  0.00000000e+00  3.29960497e-05  0.00000000e+00 
 3.30960497e-05  2.21730935e-01  3.30960497e-05  5.96694140e-01  3.30960497e-05  3.57413491e-07  3.30960497e-05  1.59667091e-08  3.30960497e-05 -7.05396840e-08  3.30960497e-05  0.00000000e+00  3.30960497e-05  0.00000000e+00 
 3.31960497e-05  2.21730682e-01  3.31960497e-05  5.96668644e-01  3.31960497e-05  3.90271527e-07  3.31960497e-05 -1.59551502e-08  3.31960497e-05  7.05797969e-08  3.31960497e-05  0.00000000e+00  3.31960497e-05  0.00000000e+00 
 3.32960497e-05  2.21730625e-01  3.32960497e-05  5.96694090e-01  3.32960497e-05  3.57413222e-07  3.32960497e-05  1.59488427e-08  3.32960497e-05 -7.05401655e-08  3.32960497e-05  0.00000000e+00  3.32960497e-05  0.00000000e+00 
 3.33960497e-05  2.21730372e-01  3.33960497e-05  5.96668694e-01  3.33960497e-05  3.90271797e-07  3.33960497e-05 -1.59373863e-08  3.33960497e-05  7.05802768e-08  3.33960497e-05  0.00000000e+00  3.33960497e-05  0.00000000e+00 
 3.34960497e-05  2.21730314e-01  3.34960497e-05  5.96694041e-01  3.34960497e-05  3.57412955e-07  3.34960497e-05  1.59311837e-08  3.34960497e-05 -7.05406439e-08  3.34960497e-05  0.00000000e+00  3.34960497e-05  0.00000000e+00 
 3.35960497e-05  2.21730062e-01  3.35960497e-05  5.96668741e-01  3.35960497e-05  3.90272062e-07  3.35960497e-05 -1.59198288e-08  3.35960497e-05  7.05807536e-08  3.35960497e-05  0.00000000e+00  3.35960497e-05  0.00000000e+00 
 3.36960497e-05  2.21730003e-01  3.36960497e-05  5.96693995e-01  3.36960497e-05  3.57412691e-07  3.36960497e-05  1.59137302e-08  3.36960497e-05 -7.05411192e-08  3.36960497e-05  0.00000000e+00  3.36960497e-05  0.00000000e+00 
 3.37960497e-05  2.21729752e-01  3.37960497e-05  5.96668787e-01  3.37960497e-05  3.90272324e-07  3.37960497e-05 -1.59024762e-08  3.37960497e-05  7.05812274e-08  3.37960497e-05  0.00000000e+00  3.37960497e-05  0.00000000e+00 
 3.38960497e-05  2.21729693e-01  3.38960497e-05  5.96693950e-01  3.38960497e-05  3.57412428e-07  3.38960497e-05  1.58964808e-08  3.38960497e-05 -7.05415916e-08  3.38960497e-05  0.00000000e+00  3.38960497e-05  0.00000000e+00 
 3.39960497e-05  2.21729441e-01  3.39960497e-05  5.96668832e-01  3.39960497e-05  3.90272584e-07  3.39960497e-05 -1.58853266e-08  3.39960497e-05  7.05816983e-08  3.39960497e-05  0.00000000e+00  3.39960497e-05  0.00000000e+00 
 3.40960497e-05  2.21729382e-01  3.40960497e-05  5.96693906e-01  3.40960497e-05  3.57412169e-07  3.40960497e-05  1.58794332e-08  3.40960497e-05 -7.05420611e-08  3.40960497e-05  0.00000000e+00  3.40960497e-05  0.00000000e+00 
 3.41960497e-05  2.21729131e-01  3.41960497e-05  5.96668875e-01  3.41960497e-05  3.90272845e-07  3.41960497e-05 -1.58683780e-08  3.41960497e-05  7.05821665e-08  3.41960497e-05  0.00000000e+00  3.41960497e-05  0.00000000e+00 
 3.42960497e-05  2.21729071e-01  3.42960497e-05  5.96693863e-01  3.42960497e-05  3.57411911e-07  3.42960497e-05  1.58625859e-08  3.42960497e-05 -7.05425279e-08  3.42960497e-05  0.00000000e+00  3.42960497e-05  0.00000000e+00 
 3.43960497e-05  2.21728821e-01  3.43960497e-05  5.96668918e-01  3.43960497e-05  3.90273099e-07  3.43960497e-05 -1.58516288e-08  3.43960497e-05  7.05826319e-08  3.43960497e-05  0.00000000e+00  3.43960497e-05  0.00000000e+00 
 3.44960497e-05  2.21728761e-01  3.44960497e-05  5.96693821e-01  3.44960497e-05  3.57411656e-07  3.44960497e-05  1.58459369e-08  3.44960497e-05 -7.05429920e-08  3.44960497e-05  0.00000000e+00  3.44960497e-05  0.00000000e+00 
 3.45960497e-05  2.21728511e-01  3.45960497e-05  5.96668959e-01  3.45960497e-05  3.90273354e-07  3.45960497e-05 -1.58350770e-08  3.45960497e-05  7.05830947e-08  3.45960497e-05  0.00000000e+00  3.45960497e-05  0.00000000e+00 
 3.46960497e-05  2.21728450e-01  3.46960497e-05  5.96693780e-01  3.46960497e-05  3.57411403e-07  3.46960497e-05  1.58294844e-08  3.46960497e-05 -7.05434535e-08  3.46960497e-05  0.00000000e+00  3.46960497e-05  0.00000000e+00 
 3.47960497e-05  2.21728201e-01  3.47960497e-05  5.96669000e-01  3.47960497e-05  3.90273606e-07  3.47960497e-05 -1.58187208e-08  3.47960497e-05  7.05835549e-08  3.47960497e-05  0.00000000e+00  3.47960497e-05  0.00000000e+00 
 3.48960497e-05  2.21728140e-01  3.48960497e-05  5.96693740e-01  3.48960497e-05  3.57411151e-07  3.48960497e-05  1.58132264e-08  3.48960497e-05 -7.05439125e-08  3.48960497e-05  0.00000000e+00  3.48960497e-05  0.00000000e+00 
 3.49480248e-05  2.21727965e-01  3.49480248e-05  5.96669057e-01  3.49480248e-05  3.90273972e-07  3.49480248e-05 -1.57951717e-08  3.49480248e-05  7.05842233e-08  3.49480248e-05  0.00000000e+00  3.49480248e-05  0.00000000e+00 
 3.50000000e-05  2.21727978e-01  3.50000000e-05  5.96693661e-01  3.50000000e-05  3.57410675e-07  3.50000000e-05  1.57824639e-08  3.50000000e-05 -7.05447887e-08  3.50000000e-05  0.00000000e+00  3.50000000e-05  0.00000000e+00 
 3.50000010e-05  2.21734755e-01  3.50000010e-05  5.98422764e-01  3.50000010e-05 -2.89660088e-09  3.50000010e-05 -1.92564424e-06  3.50000010e-05  5.48727293e-05  3.50000010e-05  0.00000000e+00  3.50000010e-05  1.20000000e-01 
 3.50000030e-05  2.21750176e-01  3.50000030e-05  6.02522817e-01  3.50000030e-05 -1.89638329e-07  3.50000030e-05 -2.69970681e-06  3.50000030e-05  7.89025105e-05  3.50000030e-05  0.00000000e+00  3.50000030e-05  3.60000000e-01 
 3.50000065e-05  2.21820296e-01  3.50000065e-05  6.19003561e-01  3.50000065e-05 -1.37847733e-06  3.50000065e-05 -8.15703148e-06  3.50000065e-05  2.48507757e-04  3.50000065e-05  0.00000000e+00  3.50000065e-05  7.80000000e-01 
 3.50000100e-05  2.21954129e-01  3.50000100e-05  6.33065233e-01  3.50000100e-05 -2.01866975e-07  3.50000100e-05 -1.44567930e-06  3.50000100e-05  9.97432480e-05  3.50000100e-05  0.00000000e+00  3.50000100e-05  1.20000000e+00 
 3.50000107e-05  2.21962668e-01  3.50000107e-05  6.33277497e-01  3.50000107e-05  1.50983834e-07  3.50000107e-05 -4.39345871e-07  3.50000107e-05  2.48451238e-05  3.50000107e-05  0.00000000e+00  3.50000107e-05  1.20000000e+00 
 3.50000121e-05  2.21973960e-01  3.50000121e-05  6.33261490e-01  3.50000121e-05  3.33166171e-07  3.50000121e-05  3.15529864e-07  3.50000121e-05 -7.07183009e-06  3.50000121e-05  0.00000000e+00  3.50000121e-05  1.20000000e+00 
 3.50000149e-05  2.21991324e-01  3.50000149e-05  6.33426490e-01  3.50000149e-05  1.42097040e-07  3.50000149e-05 -6.02049999e-07  3.50000149e-05  2.05894935e-05  3.50000149e-05  0.00000000e+00  3.50000149e-05  1.20000000e+00 
 3.50000205e-05  2.22016621e-01  3.50000205e-05  6.34653302e-01  3.50000205e-05  2.80775518e-07  3.50000205e-05 -7.42407365e-08  3.50000205e-05 -6.09588791e-07  3.50000205e-05  0.00000000e+00  3.50000205e-05  1.20000000e+00 
 3.50000317e-05  2.22034536e-01  3.50000317e-05  6.36703515e-01  3.50000317e-05  2.03600704e-07  3.50000317e-05 -5.24151879e-07  3.50000317e-05  1.91035321e-05  3.50000317e-05  0.00000000e+00  3.50000317e-05  1.20000000e+00 
 3.50000541e-05  2.22025605e-01  3.50000541e-05  6.40717301e-01  3.50000541e-05  3.40175221e-07  3.50000541e-05 -8.12734354e-08  3.50000541e-05 -4.47160383e-07  3.50000541e-05  0.00000000e+00  3.50000541e-05  1.20000000e+00 
 3.50000916e-05  2.21993988e-01  3.50000916e-05  6.45628437e-01  3.50000916e-05  2.73715760e-07  3.50000916e-05 -4.27720974e-07  3.50000916e-05  1.43540240e-05  3.50000916e-05  0.00000000e+00  3.50000916e-05  1.20000000e+00 
 3.50001554e-05  2.21966081e-01  3.50001554e-05  6.49220208e-01  3.50001554e-05  4.04280874e-07  3.50001554e-05  8.61002654e-08  3.50001554e-05 -6.76719596e-06  3.50001554e-05  0.00000000e+00  3.50001554e-05  1.20000000e+00 
 3.50002790e-05  2.21944547e-01  3.50002790e-05  6.49642619e-01  3.50002790e-05  3.26306235e-07  3.50002790e-05 -2.94806413e-07  3.50002790e-05  9.69765201e-06  3.50002790e-05  0.00000000e+00  3.50002790e-05  1.20000000e+00 
 3.50005261e-05  2.21931570e-01  3.50005261e-05  6.46287545e-01  3.50005261e-05  4.31202099e-07  3.50005261e-05  1.51554687e-07  3.50005261e-05 -8.71298216e-06  3.50005261e-05  0.00000000e+00  3.50005261e-05  1.20000000e+00 
 3.50010057e-05  2.21917481e-01  3.50010057e-05  6.39630251e-01  3.50010057e-05  3.30410424e-07  3.50010057e-05 -2.56378271e-07  3.50010057e-05  9.20886143e-06  3.50010057e-05  0.00000000e+00  3.50010057e-05  1.20000000e+00 
 3.50019649e-05  2.21897718e-01  3.50019649e-05  6.30776491e-01  3.50019649e-05  4.26593745e-07  3.50019649e-05  1.86998219e-07  3.50019649e-05 -8.81261950e-06  3.50019649e-05  0.00000000e+00  3.50019649e-05  1.20000000e+00 
 3.50038833e-05  2.21872268e-01  3.50038833e-05  6.20356531e-01  3.50038833e-05  3.26192793e-07  3.50038833e-05 -2.11499666e-07  3.50038833e-05  9.06530426e-06  3.50038833e-05  0.00000000e+00  3.50038833e-05  1.20000000e+00 
 3.50077202e-05  2.21839458e-01  3.50077202e-05  6.10817996e-01  3.50077202e-05  4.23605554e-07  3.50077202e-05  2.23207350e-07  3.50077202e-05 -8.88857986e-06  3.50077202e-05  0.00000000e+00  3.50077202e-05  1.20000000e+00 
 3.50153938e-05  2.21782210e-01  3.50153938e-05  6.02771789e-01  3.50153938e-05  3.24838926e-07  3.50153938e-05 -2.03145042e-07  3.50153938e-05  9.03287065e-06  3.50153938e-05  0.00000000e+00  3.50153938e-05  1.20000000e+00 
 3.50307411e-05  2.21676850e-01  3.50307411e-05  5.97772058e-01  3.50307411e-05  4.22961539e-07  3.50307411e-05  2.12295026e-07  3.50307411e-05 -8.89281646e-06  3.50307411e-05  0.00000000e+00  3.50307411e-05  1.20000000e+00 
 3.50614356e-05  2.21475442e-01  3.50614356e-05  5.96635208e-01  3.50614356e-05  3.24665591e-07  3.50614356e-05 -2.10978547e-07  3.50614356e-05  9.03301637e-06  3.50614356e-05  0.00000000e+00  3.50614356e-05  1.20000000e+00 
 3.51228246e-05  2.21084134e-01  3.51228246e-05  5.96699495e-01  3.51228246e-05  4.23004172e-07  3.51228246e-05  2.10914838e-07  3.51228246e-05 -8.89292566e-06  3.51228246e-05  0.00000000e+00  3.51228246e-05  1.20000000e+00 
 3.52228246e-05  2.20448781e-01  3.52228246e-05  5.96656660e-01  3.52228246e-05  3.24683418e-07  3.52228246e-05 -2.10891643e-07  3.52228246e-05  9.03290598e-06  3.52228246e-05  0.00000000e+00  3.52228246e-05  1.20000000e+00 
 3.53228246e-05  2.19814659e-01  3.53228246e-05  5.96682556e-01  3.53228246e-05  4.23000134e-07  3.53228246e-05  2.10884429e-07  3.53228246e-05 -8.89304216e-06  3.53228246e-05  0.00000000e+00  3.53228246e-05  1.20000000e+00 
 3.54228246e-05  2.19180223e-01  3.54228246e-05  5.96665931e-01  3.54228246e-05  3.24685561e-07  3.54228246e-05 -2.10879410e-07  3.54228246e-05  9.03275664e-06  3.54228246e-05  0.00000000e+00  3.54228246e-05  1.20000000e+00 
 3.55228246e-05  2.18547383e-01  3.55228246e-05  5.96679029e-01  3.55228246e-05  4.22998881e-07  3.55228246e-05  2.10884027e-07  3.55228246e-05 -8.89314363e-06  3.55228246e-05  0.00000000e+00  3.55228246e-05  1.20000000e+00 
 3.56228246e-05  2.17914075e-01  3.56228246e-05  5.96665454e-01  3.56228246e-05  3.24686387e-07  3.56228246e-05 -2.10885872e-07  3.56228246e-05  9.03259391e-06  3.56228246e-05  0.00000000e+00  3.56228246e-05  1.20000000e+00 
 3.57228246e-05  2.17282430e-01  3.57228246e-05  5.96681785e-01  3.57228246e-05  4.22998255e-07  3.57228246e-05  2.10894207e-07  3.57228246e-05 -8.89323277e-06  3.57228246e-05  0.00000000e+00  3.57228246e-05  1.20000000e+00 
 3.58228246e-05  2.16650285e-01  3.58228246e-05  5.96661228e-01  3.58228246e-05  3.24686928e-07  3.58228246e-05 -2.10897595e-07  3.58228246e-05  9.03241985e-06  3.58228246e-05  0.00000000e+00  3.58228246e-05  1.20000000e+00 
 3.59228246e-05  2.16019817e-01  3.59228246e-05  5.96686521e-01  3.59228246e-05  4.22997739e-07  3.59228246e-05  2.10906158e-07  3.59228246e-05 -8.89331119e-06  3.59228246e-05  0.00000000e+00  3.59228246e-05  1.20000000e+00 
 3.60228246e-05  2.15388843e-01  3.60228246e-05  5.96656146e-01  3.60228246e-05  3.24687453e-07  3.60228246e-05 -2.10908935e-07  3.60228246e-05  9.03223584e-06  3.60228246e-05  0.00000000e+00  3.60228246e-05  1.20000000e+00 
 3.61228246e-05  2.14759545e-01  3.61228246e-05  5.96691408e-01  3.61228246e-05  4.22997187e-07  3.61228246e-05  2.10916421e-07  3.61228246e-05 -8.89337993e-06  3.61228246e-05  0.00000000e+00  3.61228246e-05  1.20000000e+00 
 3.62228246e-05  2.14129746e-01  3.62228246e-05  5.96651319e-01  3.62228246e-05  3.24688039e-07  3.62228246e-05 -2.10917867e-07  3.62228246e-05  9.03204275e-06  3.62228246e-05  0.00000000e+00  3.62228246e-05  1.20000000e+00 
 3.63228246e-05  2.13501611e-01  3.63228246e-05  5.96695819e-01  3.63228246e-05  4.22996561e-07  3.63228246e-05  2.10923920e-07  3.63228246e-05 -8.89343972e-06  3.63228246e-05  0.00000000e+00  3.63228246e-05  1.20000000e+00 
 3.64228246e-05  2.12872989e-01  3.64228246e-05  5.96647072e-01  3.64228246e-05  3.24688707e-07  3.64228246e-05 -2.10923924e-07  3.64228246e-05  9.03184121e-06  3.64228246e-05  0.00000000e+00  3.64228246e-05  1.20000000e+00 
 3.65228246e-05  2.12246013e-01  3.65228246e-05  5.96699622e-01  3.65228246e-05  4.22995852e-07  3.65228246e-05  2.10928579e-07  3.65228246e-05 -8.89349105e-06  3.65228246e-05  0.00000000e+00  3.65228246e-05  1.20000000e+00 
 3.66228246e-05  2.11618571e-01  3.66228246e-05  5.96643421e-01  3.66228246e-05  3.24689455e-07  3.66228246e-05 -2.10927267e-07  3.66228246e-05  9.03163168e-06  3.66228246e-05  0.00000000e+00  3.66228246e-05  1.20000000e+00 
 3.67228246e-05  2.10992751e-01  3.67228246e-05  5.96702867e-01  3.67228246e-05  4.22995064e-07  3.67228246e-05  2.10930701e-07  3.67228246e-05 -8.89353432e-06  3.67228246e-05  0.00000000e+00  3.67228246e-05  1.20000000e+00 
 3.68228246e-05  2.10366488e-01  3.68228246e-05  5.96640284e-01  3.68228246e-05  3.24690283e-07  3.68228246e-05 -2.10928273e-07  3.68228246e-05  9.03141453e-06  3.68228246e-05  0.00000000e+00  3.68228246e-05  1.20000000e+00 
 3.69228246e-05  2.09741821e-01  3.69228246e-05  5.96705654e-01  3.69228246e-05  4.22994200e-07  3.69228246e-05  2.10930696e-07  3.69228246e-05 -8.89356985e-06  3.69228246e-05  0.00000000e+00  3.69228246e-05  1.20000000e+00 
 3.70228246e-05  2.09116738e-01  3.70228246e-05  5.96637557e-01  3.70228246e-05  3.24691182e-07  3.70228246e-05 -2.10927361e-07  3.70228246e-05  9.03119007e-06  3.70228246e-05  0.00000000e+00  3.70228246e-05  1.20000000e+00 
 3.71228246e-05  2.08493221e-01  3.71228246e-05  5.96708083e-01  3.71228246e-05  4.22993267e-07  3.71228246e-05  2.10928973e-07  3.71228246e-05 -8.89359793e-06  3.71228246e-05  0.00000000e+00  3.71228246e-05  1.20000000e+00 
 3.72228246e-05  2.07869317e-01  3.72228246e-05  5.96635143e-01  3.72228246e-05  3.24692148e-07  3.72228246e-05 -2.10924919e-07  3.72228246e-05  9.03095858e-06  3.72228246e-05  0.00000000e+00  3.72228246e-05  1.20000000e+00 
 3.73228246e-05  2.07246950e-01  3.73228246e-05  5.96710241e-01  3.73228246e-05  4.22992269e-07  3.73228246e-05  2.10925894e-07  3.73228246e-05 -8.89361881e-06  3.73228246e-05  0.00000000e+00  3.73228246e-05  1.20000000e+00 
 3.74228246e-05  2.06624223e-01  3.74228246e-05  5.96632968e-01  3.74228246e-05  3.24693176e-07  3.74228246e-05 -2.10921281e-07  3.74228246e-05  9.03072035e-06  3.74228246e-05  0.00000000e+00  3.74228246e-05  1.20000000e+00 
 3.75228246e-05  2.06003003e-01  3.75228246e-05  5.96712197e-01  3.75228246e-05  4.22991211e-07  3.75228246e-05  2.10921763e-07  3.75228246e-05 -8.89363275e-06  3.75228246e-05  0.00000000e+00  3.75228246e-05  1.20000000e+00 
 3.76228246e-05  2.05381452e-01  3.76228246e-05  5.96630969e-01  3.76228246e-05  3.24694263e-07  3.76228246e-05 -2.10916719e-07  3.76228246e-05  9.03047562e-06  3.76228246e-05  0.00000000e+00  3.76228246e-05  1.20000000e+00 
 3.77228246e-05  2.04761378e-01  3.77228246e-05  5.96714001e-01  3.77228246e-05  4.22990092e-07  3.77228246e-05  2.10916825e-07  3.77228246e-05 -8.89363999e-06  3.77228246e-05  0.00000000e+00  3.77228246e-05  1.20000000e+00 
 3.78228246e-05  2.04141002e-01  3.78228246e-05  5.96629105e-01  3.78228246e-05  3.24695408e-07  3.78228246e-05 -2.10911453e-07  3.78228246e-05  9.03022465e-06  3.78228246e-05  0.00000000e+00  3.78228246e-05  1.20000000e+00 
 3.79228246e-05  2.03522073e-01  3.79228246e-05  5.96715693e-01  3.79228246e-05  4.22988923e-07  3.79228246e-05  2.10911273e-07  3.79228246e-05 -8.89364076e-06  3.79228246e-05  0.00000000e+00  3.79228246e-05  1.20000000e+00 
 3.80228246e-05  2.02902869e-01  3.80228246e-05  5.96627340e-01  3.80228246e-05  3.24696607e-07  3.80228246e-05 -2.10905653e-07  3.80228246e-05  9.02996769e-06  3.80228246e-05  0.00000000e+00  3.80228246e-05  1.20000000e+00 
 3.81228246e-05  2.02285084e-01  3.81228246e-05  5.96717298e-01  3.81228246e-05  4.22987697e-07  3.81228246e-05  2.10905257e-07  3.81228246e-05 -8.89363530e-06  3.81228246e-05  0.00000000e+00  3.81228246e-05  1.20000000e+00 
 3.82228246e-05  2.01667050e-01  3.82228246e-05  5.96625654e-01  3.82228246e-05  3.24697858e-07  3.82228246e-05 -2.10899451e-07  3.82228246e-05  9.02970499e-06  3.82228246e-05  0.00000000e+00  3.82228246e-05  1.20000000e+00 
 3.83228246e-05  2.01050407e-01  3.83228246e-05  5.96718837e-01  3.83228246e-05  4.22986418e-07  3.83228246e-05  2.10898894e-07  3.83228246e-05 -8.89362384e-06  3.83228246e-05  0.00000000e+00  3.83228246e-05  1.20000000e+00 
 3.84228246e-05  2.00433541e-01  3.84228246e-05  5.96624029e-01  3.84228246e-05  3.24699160e-07  3.84228246e-05 -2.10892949e-07  3.84228246e-05  9.02943677e-06  3.84228246e-05  0.00000000e+00  3.84228246e-05  1.20000000e+00 
 3.85228246e-05  1.99818039e-01  3.85228246e-05  5.96720323e-01  3.85228246e-05  4.22985091e-07  3.85228246e-05  2.10892271e-07  3.85228246e-05 -8.89360659e-06  3.85228246e-05  0.00000000e+00  3.85228246e-05  1.20000000e+00 
 3.86228246e-05  1.99202339e-01  3.86228246e-05  5.96622455e-01  3.86228246e-05  3.24700513e-07  3.86228246e-05 -2.10886220e-07  3.86228246e-05  9.02916327e-06  3.86228246e-05  0.00000000e+00  3.86228246e-05  1.20000000e+00 
 3.87228246e-05  1.98587977e-01  3.87228246e-05  5.96721764e-01  3.87228246e-05  4.22983715e-07  3.87228246e-05  2.10885451e-07  3.87228246e-05 -8.89358378e-06  3.87228246e-05  0.00000000e+00  3.87228246e-05  1.20000000e+00 
 3.88228246e-05  1.97973441e-01  3.88228246e-05  5.96620925e-01  3.88228246e-05  3.24701912e-07  3.88228246e-05 -2.10879322e-07  3.88228246e-05  9.02888472e-06  3.88228246e-05  0.00000000e+00  3.88228246e-05  1.20000000e+00 
 3.89228246e-05  1.97360217e-01  3.89228246e-05  5.96723167e-01  3.89228246e-05  4.22982291e-07  3.89228246e-05  2.10878484e-07  3.89228246e-05 -8.89355560e-06  3.89228246e-05  0.00000000e+00  3.89228246e-05  1.20000000e+00 
 3.90228246e-05  1.96746842e-01  3.90228246e-05  5.96619433e-01  3.90228246e-05  3.24703357e-07  3.90228246e-05 -2.10872295e-07  3.90228246e-05  9.02860132e-06  3.90228246e-05  0.00000000e+00  3.90228246e-05  1.20000000e+00 
 3.91228246e-05  1.96134756e-01  3.91228246e-05  5.96724534e-01  3.91228246e-05  4.22980821e-07  3.91228246e-05  2.10871405e-07  3.91228246e-05 -8.89352227e-06  3.91228246e-05  0.00000000e+00  3.91228246e-05  1.20000000e+00 
 3.92228246e-05  1.95522538e-01  3.92228246e-05  5.96617978e-01  3.92228246e-05  3.24704850e-07  3.92228246e-05 -2.10865170e-07  3.92228246e-05  9.02831328e-06  3.92228246e-05  0.00000000e+00  3.92228246e-05  1.20000000e+00 
 3.93228246e-05  1.94911588e-01  3.93228246e-05  5.96725869e-01  3.93228246e-05  4.22979309e-07  3.93228246e-05  2.10864239e-07  3.93228246e-05 -8.89348398e-06  3.93228246e-05  0.00000000e+00  3.93228246e-05  1.20000000e+00 
 3.94228246e-05  1.94300527e-01  3.94228246e-05  5.96616557e-01  3.94228246e-05  3.24706386e-07  3.94228246e-05 -2.10857968e-07  3.94228246e-05  9.02802081e-06  3.94228246e-05  0.00000000e+00  3.94228246e-05  1.20000000e+00 
 3.95228246e-05  1.93690711e-01  3.95228246e-05  5.96727171e-01  3.95228246e-05  4.22977750e-07  3.95228246e-05  2.10857004e-07  3.95228246e-05 -8.89344090e-06  3.95228246e-05  0.00000000e+00  3.95228246e-05  1.20000000e+00 
 3.96228246e-05  1.93080803e-01  3.96228246e-05  5.96615170e-01  3.96228246e-05  3.24707966e-07  3.96228246e-05 -2.10850703e-07  3.96228246e-05  9.02772409e-06  3.96228246e-05  0.00000000e+00  3.96228246e-05  1.20000000e+00 
 3.97228246e-05  1.92472121e-01  3.97228246e-05  5.96728442e-01  3.97228246e-05  4.22976149e-07  3.97228246e-05  2.10849713e-07  3.97228246e-05 -8.89339322e-06  3.97228246e-05  0.00000000e+00  3.97228246e-05  1.20000000e+00 
 3.98228246e-05  1.91863364e-01  3.98228246e-05  5.96613816e-01  3.98228246e-05  3.24709586e-07  3.98228246e-05 -2.10843388e-07  3.98228246e-05  9.02742330e-06  3.98228246e-05  0.00000000e+00  3.98228246e-05  1.20000000e+00 
 3.99228246e-05  1.91255812e-01  3.99228246e-05  5.96729682e-01  3.99228246e-05  4.22974510e-07  3.99228246e-05  2.10842375e-07  3.99228246e-05 -8.89334111e-06  3.99228246e-05  0.00000000e+00  3.99228246e-05  1.20000000e+00 
 4.00228246e-05  1.90648204e-01  4.00228246e-05  5.96612496e-01  4.00228246e-05  3.24711246e-07  4.00228246e-05 -2.10836029e-07  4.00228246e-05  9.02711862e-06  4.00228246e-05  0.00000000e+00  4.00228246e-05  1.20000000e+00 
 4.01228246e-05  1.90041782e-01  4.01228246e-05  5.96730890e-01  4.01228246e-05  4.22972829e-07  4.01228246e-05  2.10834996e-07  4.01228246e-05 -8.89328474e-06  4.01228246e-05  0.00000000e+00  4.01228246e-05  1.20000000e+00 
 4.02228246e-05  1.89435320e-01  4.02228246e-05  5.96611210e-01  4.02228246e-05  3.24712944e-07  4.02228246e-05 -2.10828632e-07  4.02228246e-05  9.02681022e-06  4.02228246e-05  0.00000000e+00  4.02228246e-05  1.20000000e+00 
 4.03228246e-05  1.88830026e-01  4.03228246e-05  5.96732067e-01  4.03228246e-05  4.22971111e-07  4.03228246e-05  2.10827581e-07  4.03228246e-05 -8.89322425e-06  4.03228246e-05  0.00000000e+00  4.03228246e-05  1.20000000e+00 
 4.04228246e-05  1.88224707e-01  4.04228246e-05  5.96609956e-01  4.04228246e-05  3.24714682e-07  4.04228246e-05 -2.10821200e-07  4.04228246e-05  9.02649824e-06  4.04228246e-05  0.00000000e+00  4.04228246e-05  1.20000000e+00 
 4.05228246e-05  1.87620539e-01  4.05228246e-05  5.96733212e-01  4.05228246e-05  4.22969354e-07  4.05228246e-05  2.10820132e-07  4.05228246e-05 -8.89315979e-06  4.05228246e-05  0.00000000e+00  4.05228246e-05  1.20000000e+00 
 4.06228246e-05  1.87016361e-01  4.06228246e-05  5.96608736e-01  4.06228246e-05  3.24716454e-07  4.06228246e-05 -2.10813735e-07  4.06228246e-05  9.02618285e-06  4.06228246e-05  0.00000000e+00  4.06228246e-05  1.20000000e+00 
 4.07228246e-05  1.86413318e-01  4.07228246e-05  5.96734325e-01  4.07228246e-05  4.22967564e-07  4.07228246e-05  2.10812652e-07  4.07228246e-05 -8.89309151e-06  4.07228246e-05  0.00000000e+00  4.07228246e-05  1.20000000e+00 
 4.08228246e-05  1.85810278e-01  4.08228246e-05  5.96607549e-01  4.08228246e-05  3.24718264e-07  4.08228246e-05 -2.10806240e-07  4.08228246e-05  9.02586418e-06  4.08228246e-05  0.00000000e+00  4.08228246e-05  1.20000000e+00 
 4.09228246e-05  1.85208358e-01  4.09228246e-05  5.96735407e-01  4.09228246e-05  4.22965740e-07  4.09228246e-05  2.10805142e-07  4.09228246e-05 -8.89301955e-06  4.09228246e-05  0.00000000e+00  4.09228246e-05  1.20000000e+00 
 4.10228246e-05  1.84606454e-01  4.10228246e-05  5.96606396e-01  4.10228246e-05  3.24720103e-07  4.10228246e-05 -2.10798715e-07  4.10228246e-05  9.02554238e-06  4.10228246e-05  0.00000000e+00  4.10228246e-05  1.20000000e+00 
 4.11228246e-05  1.84005654e-01  4.11228246e-05  5.96736457e-01  4.11228246e-05  4.22963879e-07  4.11228246e-05  2.10797603e-07  4.11228246e-05 -8.89294403e-06  4.11228246e-05  0.00000000e+00  4.11228246e-05  1.20000000e+00 
 4.12228246e-05  1.83404883e-01  4.12228246e-05  5.96605276e-01  4.12228246e-05  3.24721976e-07  4.12228246e-05 -2.10791162e-07  4.12228246e-05  9.02521758e-06  4.12228246e-05  0.00000000e+00  4.12228246e-05  1.20000000e+00 
 4.13228246e-05  1.82805202e-01  4.13228246e-05  5.96737476e-01  4.13228246e-05  4.22961992e-07  4.13228246e-05  2.10790035e-07  4.13228246e-05 -8.89286507e-06  4.13228246e-05  0.00000000e+00  4.13228246e-05  1.20000000e+00 
 4.14228246e-05  1.82205562e-01  4.14228246e-05  5.96604189e-01  4.14228246e-05  3.24723883e-07  4.14228246e-05 -2.10783580e-07  4.14228246e-05  9.02488989e-06  4.14228246e-05  0.00000000e+00  4.14228246e-05  1.20000000e+00 
 4.15228246e-05  1.81606998e-01  4.15228246e-05  5.96738464e-01  4.15228246e-05  4.22960069e-07  4.15228246e-05  2.10782440e-07  4.15228246e-05 -8.89278280e-06  4.15228246e-05  0.00000000e+00  4.15228246e-05  1.20000000e+00 
 4.16228246e-05  1.81008486e-01  4.16228246e-05  5.96603134e-01  4.16228246e-05  3.24725816e-07  4.16228246e-05 -2.10775971e-07  4.16228246e-05  9.02455944e-06  4.16228246e-05  0.00000000e+00  4.16228246e-05  1.20000000e+00 
 4.17228246e-05  1.80411037e-01  4.17228246e-05  5.96739421e-01  4.17228246e-05  4.22958120e-07  4.17228246e-05  2.10774817e-07  4.17228246e-05 -8.89269733e-06  4.17228246e-05  0.00000000e+00  4.17228246e-05  1.20000000e+00 
 4.18228246e-05  1.79813651e-01  4.18228246e-05  5.96602110e-01  4.18228246e-05  3.24727781e-07  4.18228246e-05 -2.10768335e-07  4.18228246e-05  9.02422635e-06  4.18228246e-05  0.00000000e+00  4.18228246e-05  1.20000000e+00 
 4.19228246e-05  1.79217314e-01  4.19228246e-05  5.96740349e-01  4.19228246e-05  4.22956143e-07  4.19228246e-05  2.10767167e-07  4.19228246e-05 -8.89260876e-06  4.19228246e-05  0.00000000e+00  4.19228246e-05  1.20000000e+00 
 4.20228246e-05  1.78621052e-01  4.20228246e-05  5.96601119e-01  4.20228246e-05  3.24729774e-07  4.20228246e-05 -2.10760672e-07  4.20228246e-05  9.02389072e-06  4.20228246e-05  0.00000000e+00  4.20228246e-05  1.20000000e+00 
 4.21228246e-05  1.78025826e-01  4.21228246e-05  5.96741246e-01  4.21228246e-05  4.22954139e-07  4.21228246e-05  2.10759491e-07  4.21228246e-05 -8.89251721e-06  4.21228246e-05  0.00000000e+00  4.21228246e-05  1.20000000e+00 
 4.22228246e-05  1.77430684e-01  4.22228246e-05  5.96600157e-01  4.22228246e-05  3.24731790e-07  4.22228246e-05 -2.10752983e-07  4.22228246e-05  9.02355265e-06  4.22228246e-05  0.00000000e+00  4.22228246e-05  1.20000000e+00 
 4.23228246e-05  1.76836567e-01  4.23228246e-05  5.96742115e-01  4.23228246e-05  4.22952107e-07  4.23228246e-05  2.10751789e-07  4.23228246e-05 -8.89242277e-06  4.23228246e-05  0.00000000e+00  4.23228246e-05  1.20000000e+00 
 4.24228246e-05  1.76242542e-01  4.24228246e-05  5.96599226e-01  4.24228246e-05  3.24733835e-07  4.24228246e-05 -2.10745268e-07  4.24228246e-05  9.02321226e-06  4.24228246e-05  0.00000000e+00  4.24228246e-05  1.20000000e+00 
 4.25228246e-05  1.75649532e-01  4.25228246e-05  5.96742955e-01  4.25228246e-05  4.22950053e-07  4.25228246e-05  2.10744061e-07  4.25228246e-05 -8.89232554e-06  4.25228246e-05  0.00000000e+00  4.25228246e-05  1.20000000e+00 
 4.26228246e-05  1.75056624e-01  4.26228246e-05  5.96598324e-01  4.26228246e-05  3.24735901e-07  4.26228246e-05 -2.10737528e-07  4.26228246e-05  9.02286962e-06  4.26228246e-05  0.00000000e+00  4.26228246e-05  1.20000000e+00 
 4.27228246e-05  1.74464718e-01  4.27228246e-05  5.96743768e-01  4.27228246e-05  4.22947973e-07  4.27228246e-05  2.10736309e-07  4.27228246e-05 -8.89222562e-06  4.27228246e-05  0.00000000e+00  4.27228246e-05  1.20000000e+00 
 4.28228246e-05  1.73872922e-01  4.28228246e-05  5.96597451e-01  4.28228246e-05  3.24737991e-07  4.28228246e-05 -2.10729763e-07  4.28228246e-05  9.02252484e-06  4.28228246e-05  0.00000000e+00  4.28228246e-05  1.20000000e+00 
 4.29228246e-05  1.73282120e-01  4.29228246e-05  5.96744554e-01  4.29228246e-05  4.22945870e-07  4.29228246e-05  2.10728532e-07  4.29228246e-05 -8.89212308e-06  4.29228246e-05  0.00000000e+00  4.29228246e-05  1.20000000e+00 
 4.30228246e-05  1.72691434e-01  4.30228246e-05  5.96596605e-01  4.30228246e-05  3.24740103e-07  4.30228246e-05 -2.10721974e-07  4.30228246e-05  9.02217800e-06  4.30228246e-05  0.00000000e+00  4.30228246e-05  1.20000000e+00 
 4.31228246e-05  1.72101732e-01  4.31228246e-05  5.96745313e-01  4.31228246e-05  4.22943747e-07  4.31228246e-05  2.10720731e-07  4.31228246e-05 -8.89201803e-06  4.31228246e-05  0.00000000e+00  4.31228246e-05  1.20000000e+00 
 4.32228246e-05  1.71512155e-01  4.32228246e-05  5.96595787e-01  4.32228246e-05  3.24742237e-07  4.32228246e-05 -2.10714162e-07  4.32228246e-05  9.02182919e-06  4.32228246e-05  0.00000000e+00  4.32228246e-05  1.20000000e+00 
 4.33228246e-05  1.70923551e-01  4.33228246e-05  5.96746047e-01  4.33228246e-05  4.22941603e-07  4.33228246e-05  2.10712908e-07  4.33228246e-05 -8.89191053e-06  4.33228246e-05  0.00000000e+00  4.33228246e-05  1.20000000e+00 
 4.34228246e-05  1.70335079e-01  4.34228246e-05  5.96594995e-01  4.34228246e-05  3.24744392e-07  4.34228246e-05 -2.10706327e-07  4.34228246e-05  9.02147848e-06  4.34228246e-05  0.00000000e+00  4.34228246e-05  1.20000000e+00 
 4.35228246e-05  1.69747572e-01  4.35228246e-05  5.96746755e-01  4.35228246e-05  4.22939438e-07  4.35228246e-05  2.10705061e-07  4.35228246e-05 -8.89180068e-06  4.35228246e-05  0.00000000e+00  4.35228246e-05  1.20000000e+00 
 4.36228246e-05  1.69160203e-01  4.36228246e-05  5.96594229e-01  4.36228246e-05  3.24746567e-07  4.36228246e-05 -2.10698470e-07  4.36228246e-05  9.02112596e-06  4.36228246e-05  0.00000000e+00  4.36228246e-05  1.20000000e+00 
 4.37228246e-05  1.68573790e-01  4.37228246e-05  5.96747440e-01  4.37228246e-05  4.22937255e-07  4.37228246e-05  2.10697193e-07  4.37228246e-05 -8.89168855e-06  4.37228246e-05  0.00000000e+00  4.37228246e-05  1.20000000e+00 
 4.38228246e-05  1.67987521e-01  4.38228246e-05  5.96593488e-01  4.38228246e-05  3.24748758e-07  4.38228246e-05 -2.10690591e-07  4.38228246e-05  9.02077169e-06  4.38228246e-05  0.00000000e+00  4.38228246e-05  1.20000000e+00 
 4.39228246e-05  1.67402201e-01  4.39228246e-05  5.96748100e-01  4.39228246e-05  4.22935053e-07  4.39228246e-05  2.10689303e-07  4.39228246e-05 -8.89157421e-06  4.39228246e-05  0.00000000e+00  4.39228246e-05  1.20000000e+00 
 4.40228246e-05  1.66817030e-01  4.40228246e-05  5.96592771e-01  4.40228246e-05  3.24750969e-07  4.40228246e-05 -2.10682691e-07  4.40228246e-05  9.02041575e-06  4.40228246e-05  0.00000000e+00  4.40228246e-05  1.20000000e+00 
 4.41228246e-05  1.66232799e-01  4.41228246e-05  5.96748738e-01  4.41228246e-05  4.22932835e-07  4.41228246e-05  2.10681393e-07  4.41228246e-05 -8.89145774e-06  4.41228246e-05  0.00000000e+00  4.41228246e-05  1.20000000e+00 
 4.42228246e-05  1.65648725e-01  4.42228246e-05  5.96592078e-01  4.42228246e-05  3.24753196e-07  4.42228246e-05 -2.10674770e-07  4.42228246e-05  9.02005821e-06  4.42228246e-05  0.00000000e+00  4.42228246e-05  1.20000000e+00 
 4.43228246e-05  1.65065582e-01  4.43228246e-05  5.96749354e-01  4.43228246e-05  4.22930600e-07  4.43228246e-05  2.10673463e-07  4.43228246e-05 -8.89133920e-06  4.43228246e-05  0.00000000e+00  4.43228246e-05  1.20000000e+00 
 4.44228246e-05  1.64482601e-01  4.44228246e-05  5.96591408e-01  4.44228246e-05  3.24755438e-07  4.44228246e-05 -2.10666830e-07  4.44228246e-05  9.01969913e-06  4.44228246e-05  0.00000000e+00  4.44228246e-05  1.20000000e+00 
 4.45228246e-05  1.63900544e-01  4.45228246e-05  5.96749948e-01  4.45228246e-05  4.22928348e-07  4.45228246e-05  2.10665513e-07  4.45228246e-05 -8.89121868e-06  4.45228246e-05  0.00000000e+00  4.45228246e-05  1.20000000e+00 
 4.46228246e-05  1.63318654e-01  4.46228246e-05  5.96590759e-01  4.46228246e-05  3.24757698e-07  4.46228246e-05 -2.10658871e-07  4.46228246e-05  9.01933857e-06  4.46228246e-05  0.00000000e+00  4.46228246e-05  1.20000000e+00 
 4.47228246e-05  1.62737681e-01  4.47228246e-05  5.96750521e-01  4.47228246e-05  4.22926082e-07  4.47228246e-05  2.10657544e-07  4.47228246e-05 -8.89109622e-06  4.47228246e-05  0.00000000e+00  4.47228246e-05  1.20000000e+00 
 4.48228246e-05  1.62156879e-01  4.48228246e-05  5.96590132e-01  4.48228246e-05  3.24759971e-07  4.48228246e-05 -2.10650893e-07  4.48228246e-05  9.01897660e-06  4.48228246e-05  0.00000000e+00  4.48228246e-05  1.20000000e+00 
 4.49228246e-05  1.61576988e-01  4.49228246e-05  5.96751074e-01  4.49228246e-05  4.22923802e-07  4.49228246e-05  2.10649557e-07  4.49228246e-05 -8.89097189e-06  4.49228246e-05  0.00000000e+00  4.49228246e-05  1.20000000e+00 
 4.50228246e-05  1.60997273e-01  4.50228246e-05  5.96589526e-01  4.50228246e-05  3.24762258e-07  4.50228246e-05 -2.10642898e-07  4.50228246e-05  9.01861326e-06  4.50228246e-05  0.00000000e+00  4.50228246e-05  1.20000000e+00 
 4.51228246e-05  1.60418462e-01  4.51228246e-05  5.96751608e-01  4.51228246e-05  4.22921508e-07  4.51228246e-05  2.10641553e-07  4.51228246e-05 -8.89084577e-06  4.51228246e-05  0.00000000e+00  4.51228246e-05  1.20000000e+00 
 4.52228246e-05  1.59839831e-01  4.52228246e-05  5.96588941e-01  4.52228246e-05  3.24764558e-07  4.52228246e-05 -2.10634885e-07  4.52228246e-05  9.01824863e-06  4.52228246e-05  0.00000000e+00  4.52228246e-05  1.20000000e+00 
 4.53228246e-05  1.59262098e-01  4.53228246e-05  5.96752122e-01  4.53228246e-05  4.22919203e-07  4.53228246e-05  2.10633532e-07  4.53228246e-05 -8.89071790e-06  4.53228246e-05  0.00000000e+00  4.53228246e-05  1.20000000e+00 
 4.54228246e-05  1.58684548e-01  4.54228246e-05  5.96588375e-01  4.54228246e-05  3.24766870e-07  4.54228246e-05 -2.10626856e-07  4.54228246e-05  9.01788274e-06  4.54228246e-05  0.00000000e+00  4.54228246e-05  1.20000000e+00 
 4.55228246e-05  1.58107891e-01  4.55228246e-05  5.96752618e-01  4.55228246e-05  4.22916881e-07  4.55228246e-05  2.10625495e-07  4.55228246e-05 -8.89058835e-06  4.55228246e-05  0.00000000e+00  4.55228246e-05  1.20000000e+00 
 4.56228246e-05  1.57531421e-01  4.56228246e-05  5.96587827e-01  4.56228246e-05  3.24769197e-07  4.56228246e-05 -2.10618811e-07  4.56228246e-05  9.01751565e-06  4.56228246e-05  0.00000000e+00  4.56228246e-05  1.20000000e+00 
 4.57228246e-05  1.56955838e-01  4.57228246e-05  5.96753096e-01  4.57228246e-05  4.22914551e-07  4.57228246e-05  2.10617442e-07  4.57228246e-05 -8.89045717e-06  4.57228246e-05  0.00000000e+00  4.57228246e-05  1.20000000e+00 
 4.58228246e-05  1.56380446e-01  4.58228246e-05  5.96587299e-01  4.58228246e-05  3.24771533e-07  4.58228246e-05 -2.10610751e-07  4.58228246e-05  9.01714741e-06  4.58228246e-05  0.00000000e+00  4.58228246e-05  1.20000000e+00 
 4.59228246e-05  1.55805934e-01  4.59228246e-05  5.96753556e-01  4.59228246e-05  4.22912209e-07  4.59228246e-05  2.10609375e-07  4.59228246e-05 -8.89032442e-06  4.59228246e-05  0.00000000e+00  4.59228246e-05  1.20000000e+00 
 4.60228246e-05  1.55231618e-01  4.60228246e-05  5.96586787e-01  4.60228246e-05  3.24773879e-07  4.60228246e-05 -2.10602676e-07  4.60228246e-05  9.01677805e-06  4.60228246e-05  0.00000000e+00  4.60228246e-05  1.20000000e+00 
 4.61228246e-05  1.54658177e-01  4.61228246e-05  5.96754000e-01  4.61228246e-05  4.22909856e-07  4.61228246e-05  2.10601293e-07  4.61228246e-05 -8.89019016e-06  4.61228246e-05  0.00000000e+00  4.61228246e-05  1.20000000e+00 
 4.62228246e-05  1.54084933e-01  4.62228246e-05  5.96586293e-01  4.62228246e-05  3.24776237e-07  4.62228246e-05 -2.10594587e-07  4.62228246e-05  9.01640764e-06  4.62228246e-05  0.00000000e+00  4.62228246e-05  1.20000000e+00 
 4.63228246e-05  1.53512561e-01  4.63228246e-05  5.96754428e-01  4.63228246e-05  4.22907495e-07  4.63228246e-05  2.10593197e-07  4.63228246e-05 -8.89005443e-06  4.63228246e-05  0.00000000e+00  4.63228246e-05  1.20000000e+00 
 4.64228246e-05  1.52940389e-01  4.64228246e-05  5.96585816e-01  4.64228246e-05  3.24778605e-07  4.64228246e-05 -2.10586484e-07  4.64228246e-05  9.01603620e-06  4.64228246e-05  0.00000000e+00  4.64228246e-05  1.20000000e+00 
 4.65228246e-05  1.52369083e-01  4.65228246e-05  5.96754839e-01  4.65228246e-05  4.22905121e-07  4.65228246e-05  2.10585088e-07  4.65228246e-05 -8.88991729e-06  4.65228246e-05  0.00000000e+00  4.65228246e-05  1.20000000e+00 
 4.66228246e-05  1.51797980e-01  4.66228246e-05  5.96585355e-01  4.66228246e-05  3.24780982e-07  4.66228246e-05 -2.10578369e-07  4.66228246e-05  9.01566379e-06  4.66228246e-05  0.00000000e+00  4.66228246e-05  1.20000000e+00 
 4.67228246e-05  1.51227739e-01  4.67228246e-05  5.96755235e-01  4.67228246e-05  4.22902740e-07  4.67228246e-05  2.10576967e-07  4.67228246e-05 -8.88977880e-06  4.67228246e-05  0.00000000e+00  4.67228246e-05  1.20000000e+00 
 4.68228246e-05  1.50657704e-01  4.68228246e-05  5.96584910e-01  4.68228246e-05  3.24783367e-07  4.68228246e-05 -2.10570242e-07  4.68228246e-05  9.01529042e-06  4.68228246e-05  0.00000000e+00  4.68228246e-05  1.20000000e+00 
 4.69228246e-05  1.50088527e-01  4.69228246e-05  5.96755617e-01  4.69228246e-05  4.22900352e-07  4.69228246e-05  2.10568833e-07  4.69228246e-05 -8.88963899e-06  4.69228246e-05  0.00000000e+00  4.69228246e-05  1.20000000e+00 
 4.70228246e-05  1.49519557e-01  4.70228246e-05  5.96584480e-01  4.70228246e-05  3.24785761e-07  4.70228246e-05 -2.10562103e-07  4.70228246e-05  9.01491615e-06  4.70228246e-05  0.00000000e+00  4.70228246e-05  1.20000000e+00 
 4.71228246e-05  1.48951442e-01  4.71228246e-05  5.96755984e-01  4.71228246e-05  4.22897954e-07  4.71228246e-05  2.10560689e-07  4.71228246e-05 -8.88949792e-06  4.71228246e-05  0.00000000e+00  4.71228246e-05  1.20000000e+00 
 4.72228246e-05  1.48383536e-01  4.72228246e-05  5.96584065e-01  4.72228246e-05  3.24788161e-07  4.72228246e-05 -2.10553952e-07  4.72228246e-05  9.01454100e-06  4.72228246e-05  0.00000000e+00  4.72228246e-05  1.20000000e+00 
 4.73228246e-05  1.47816481e-01  4.73228246e-05  5.96756337e-01  4.73228246e-05  4.22895549e-07  4.73228246e-05  2.10552533e-07  4.73228246e-05 -8.88935564e-06  4.73228246e-05  0.00000000e+00  4.73228246e-05  1.20000000e+00 
 4.74228246e-05  1.47249637e-01  4.74228246e-05  5.96583664e-01  4.74228246e-05  3.24790571e-07  4.74228246e-05 -2.10545792e-07  4.74228246e-05  9.01416502e-06  4.74228246e-05  0.00000000e+00  4.74228246e-05  1.20000000e+00 
 4.75228246e-05  1.46683641e-01  4.75228246e-05  5.96756677e-01  4.75228246e-05  4.22893135e-07  4.75228246e-05  2.10544367e-07  4.75228246e-05 -8.88921219e-06  4.75228246e-05  0.00000000e+00  4.75228246e-05  1.20000000e+00 
 4.76228246e-05  1.46117858e-01  4.76228246e-05  5.96583277e-01  4.76228246e-05  3.24792985e-07  4.76228246e-05 -2.10537621e-07  4.76228246e-05  9.01378822e-06  4.76228246e-05  0.00000000e+00  4.76228246e-05  1.20000000e+00 
 4.77228246e-05  1.45552919e-01  4.77228246e-05  5.96757003e-01  4.77228246e-05  4.22890718e-07  4.77228246e-05  2.10536192e-07  4.77228246e-05 -8.88906763e-06  4.77228246e-05  0.00000000e+00  4.77228246e-05  1.20000000e+00 
 4.78228246e-05  1.44988195e-01  4.78228246e-05  5.96582903e-01  4.78228246e-05  3.24795410e-07  4.78228246e-05 -2.10529441e-07  4.78228246e-05  9.01341063e-06  4.78228246e-05  0.00000000e+00  4.78228246e-05  1.20000000e+00 
 4.79228246e-05  1.44424312e-01  4.79228246e-05  5.96757317e-01  4.79228246e-05  4.22888293e-07  4.79228246e-05  2.10528007e-07  4.79228246e-05 -8.88892198e-06  4.79228246e-05  0.00000000e+00  4.79228246e-05  1.20000000e+00 
 4.80228246e-05  1.43860645e-01  4.80228246e-05  5.96582542e-01  4.80228246e-05  3.24797837e-07  4.80228246e-05 -2.10521251e-07  4.80228246e-05  9.01303229e-06  4.80228246e-05  0.00000000e+00  4.80228246e-05  1.20000000e+00 
 4.81228246e-05  1.43297817e-01  4.81228246e-05  5.96757619e-01  4.81228246e-05  4.22885858e-07  4.81228246e-05  2.10519813e-07  4.81228246e-05 -8.88877532e-06  4.81228246e-05  0.00000000e+00  4.81228246e-05  1.20000000e+00 
 4.82228246e-05  1.42735207e-01  4.82228246e-05  5.96582194e-01  4.82228246e-05  3.24800271e-07  4.82228246e-05 -2.10513054e-07  4.82228246e-05  9.01265322e-06  4.82228246e-05  0.00000000e+00  4.82228246e-05  1.20000000e+00 
 4.83228246e-05  1.42173433e-01  4.83228246e-05  5.96757908e-01  4.83228246e-05  4.22883423e-07  4.83228246e-05  2.10511612e-07  4.83228246e-05 -8.88862766e-06  4.83228246e-05  0.00000000e+00  4.83228246e-05  1.20000000e+00 
 4.84228246e-05  1.41611878e-01  4.84228246e-05  5.96581858e-01  4.84228246e-05  3.24802710e-07  4.84228246e-05 -2.10504848e-07  4.84228246e-05  9.01227344e-06  4.84228246e-05  0.00000000e+00  4.84228246e-05  1.20000000e+00 
 4.85228246e-05  1.41051157e-01  4.85228246e-05  5.96758186e-01  4.85228246e-05  4.22880981e-07  4.85228246e-05  2.10503403e-07  4.85228246e-05 -8.88847907e-06  4.85228246e-05  0.00000000e+00  4.85228246e-05  1.20000000e+00 
 4.86228246e-05  1.40490656e-01  4.86228246e-05  5.96581534e-01  4.86228246e-05  3.24805154e-07  4.86228246e-05 -2.10496635e-07  4.86228246e-05  9.01189297e-06  4.86228246e-05  0.00000000e+00  4.86228246e-05  1.20000000e+00 
 4.87228246e-05  1.39930986e-01  4.87228246e-05  5.96758453e-01  4.87228246e-05  4.22878534e-07  4.87228246e-05  2.10495186e-07  4.87228246e-05 -8.88832958e-06  4.87228246e-05  0.00000000e+00  4.87228246e-05  1.20000000e+00 
 4.88228246e-05  1.39371538e-01  4.88228246e-05  5.96581222e-01  4.88228246e-05  3.24807606e-07  4.88228246e-05 -2.10488415e-07  4.88228246e-05  9.01151183e-06  4.88228246e-05  0.00000000e+00  4.88228246e-05  1.20000000e+00 
 4.89228246e-05  1.38812918e-01  4.89228246e-05  5.96758709e-01  4.89228246e-05  4.22876083e-07  4.89228246e-05  2.10486963e-07  4.89228246e-05 -8.88817924e-06  4.89228246e-05  0.00000000e+00  4.89228246e-05  1.20000000e+00 
 4.90228246e-05  1.38254522e-01  4.90228246e-05  5.96580921e-01  4.90228246e-05  3.24810058e-07  4.90228246e-05 -2.10480189e-07  4.90228246e-05  9.01113005e-06  4.90228246e-05  0.00000000e+00  4.90228246e-05  1.20000000e+00 
 4.91228246e-05  1.37696953e-01  4.91228246e-05  5.96758954e-01  4.91228246e-05  4.22873628e-07  4.91228246e-05  2.10478733e-07  4.91228246e-05 -8.88802809e-06  4.91228246e-05  0.00000000e+00  4.91228246e-05  1.20000000e+00 
 4.92228246e-05  1.37139608e-01  4.92228246e-05  5.96580630e-01  4.92228246e-05  3.24812517e-07  4.92228246e-05 -2.10471956e-07  4.92228246e-05  9.01074763e-06  4.92228246e-05  0.00000000e+00  4.92228246e-05  1.20000000e+00 
 4.93228246e-05  1.36583089e-01  4.93228246e-05  5.96759188e-01  4.93228246e-05  4.22871167e-07  4.93228246e-05  2.10470498e-07  4.93228246e-05 -8.88787617e-06  4.93228246e-05  0.00000000e+00  4.93228246e-05  1.20000000e+00 
 4.94228246e-05  1.36026795e-01  4.94228246e-05  5.96580350e-01  4.94228246e-05  3.24814979e-07  4.94228246e-05 -2.10463718e-07  4.94228246e-05  9.01036460e-06  4.94228246e-05  0.00000000e+00  4.94228246e-05  1.20000000e+00 
 4.95228246e-05  1.35471324e-01  4.95228246e-05  5.96759414e-01  4.95228246e-05  4.22868704e-07  4.95228246e-05  2.10462257e-07  4.95228246e-05 -8.88772353e-06  4.95228246e-05  0.00000000e+00  4.95228246e-05  1.20000000e+00 
 4.96228246e-05  1.34916080e-01  4.96228246e-05  5.96580081e-01  4.96228246e-05  3.24817443e-07  4.96228246e-05 -2.10455475e-07  4.96228246e-05  9.00998096e-06  4.96228246e-05  0.00000000e+00  4.96228246e-05  1.20000000e+00 
 4.97228246e-05  1.34361658e-01  4.97228246e-05  5.96759629e-01  4.97228246e-05  4.22866237e-07  4.97228246e-05  2.10454011e-07  4.97228246e-05 -8.88757021e-06  4.97228246e-05  0.00000000e+00  4.97228246e-05  1.20000000e+00 
 4.98228246e-05  1.33807464e-01  4.98228246e-05  5.96579821e-01  4.98228246e-05  3.24819911e-07  4.98228246e-05 -2.10447227e-07  4.98228246e-05  9.00959673e-06  4.98228246e-05  0.00000000e+00  4.98228246e-05  1.20000000e+00 
 4.99228246e-05  1.33254091e-01  4.99228246e-05  5.96759835e-01  4.99228246e-05  4.22863766e-07  4.99228246e-05  2.10445761e-07  4.99228246e-05 -8.88741625e-06  4.99228246e-05  0.00000000e+00  4.99228246e-05  1.20000000e+00 
 5.00228246e-05  1.32700945e-01  5.00228246e-05  5.96579571e-01  5.00228246e-05  3.24822382e-07  5.00228246e-05 -2.10438975e-07  5.00228246e-05  9.00921191e-06  5.00228246e-05  0.00000000e+00  5.00228246e-05  1.20000000e+00 
 5.01228246e-05  1.32148621e-01  5.01228246e-05  5.96760032e-01  5.01228246e-05  4.22861294e-07  5.01228246e-05  2.10437507e-07  5.01228246e-05 -8.88726169e-06  5.01228246e-05  0.00000000e+00  5.01228246e-05  1.20000000e+00 
 5.02228246e-05  1.31596524e-01  5.02228246e-05  5.96579330e-01  5.02228246e-05  3.24824856e-07  5.02228246e-05 -2.10430719e-07  5.02228246e-05  9.00882652e-06  5.02228246e-05  0.00000000e+00  5.02228246e-05  1.20000000e+00 
 5.03228246e-05  1.31045248e-01  5.03228246e-05  5.96760219e-01  5.03228246e-05  4.22858819e-07  5.03228246e-05  2.10429249e-07  5.03228246e-05 -8.88710658e-06  5.03228246e-05  0.00000000e+00  5.03228246e-05  1.20000000e+00 
 5.04228246e-05  1.30494201e-01  5.04228246e-05  5.96579098e-01  5.04228246e-05  3.24827333e-07  5.04228246e-05 -2.10422459e-07  5.04228246e-05  9.00844055e-06  5.04228246e-05  0.00000000e+00  5.04228246e-05  1.20000000e+00 
 5.05228246e-05  1.29943974e-01  5.05228246e-05  5.96760399e-01  5.05228246e-05  4.22856342e-07  5.05228246e-05  2.10420988e-07  5.05228246e-05 -8.88695097e-06  5.05228246e-05  0.00000000e+00  5.05228246e-05  1.20000000e+00 
 5.06228246e-05  1.29393977e-01  5.06228246e-05  5.96578875e-01  5.06228246e-05  3.24829813e-07  5.06228246e-05 -2.10414196e-07  5.06228246e-05  9.00805402e-06  5.06228246e-05  0.00000000e+00  5.06228246e-05  1.20000000e+00 
 5.07228246e-05  1.28844799e-01  5.07228246e-05  5.96760570e-01  5.07228246e-05  4.22853861e-07  5.07228246e-05  2.10412724e-07  5.07228246e-05 -8.88679488e-06  5.07228246e-05  0.00000000e+00  5.07228246e-05  1.20000000e+00 
 5.08228246e-05  1.28295852e-01  5.08228246e-05  5.96578661e-01  5.08228246e-05  3.24832291e-07  5.08228246e-05 -2.10405931e-07  5.08228246e-05  9.00766693e-06  5.08228246e-05  0.00000000e+00  5.08228246e-05  1.20000000e+00 
 5.09228246e-05  1.27747724e-01  5.09228246e-05  5.96760733e-01  5.09228246e-05  4.22851381e-07  5.09228246e-05  2.10404457e-07  5.09228246e-05 -8.88663838e-06  5.09228246e-05  0.00000000e+00  5.09228246e-05  1.20000000e+00 
 5.10228246e-05  1.27199828e-01  5.10228246e-05  5.96578455e-01  5.10228246e-05  3.24834774e-07  5.10228246e-05 -2.10397663e-07  5.10228246e-05  9.00727928e-06  5.10228246e-05  0.00000000e+00  5.10228246e-05  1.20000000e+00 
 5.11228246e-05  1.26652751e-01  5.11228246e-05  5.96760888e-01  5.11228246e-05  4.22848896e-07  5.11228246e-05  2.10396188e-07  5.11228246e-05 -8.88648150e-06  5.11228246e-05  0.00000000e+00  5.11228246e-05  1.20000000e+00 
 5.12228246e-05  1.26105906e-01  5.12228246e-05  5.96578257e-01  5.12228246e-05  3.24837258e-07  5.12228246e-05 -2.10389393e-07  5.12228246e-05  9.00689106e-06  5.12228246e-05  0.00000000e+00  5.12228246e-05  1.20000000e+00 
 5.13228246e-05  1.25559881e-01  5.13228246e-05  5.96761036e-01  5.13228246e-05  4.22846412e-07  5.13228246e-05  2.10387917e-07  5.13228246e-05 -8.88632428e-06  5.13228246e-05  0.00000000e+00  5.13228246e-05  1.20000000e+00 
 5.14228246e-05  1.25014088e-01  5.14228246e-05  5.96578067e-01  5.14228246e-05  3.24839742e-07  5.14228246e-05 -2.10381121e-07  5.14228246e-05  9.00650228e-06  5.14228246e-05  0.00000000e+00  5.14228246e-05  1.20000000e+00 
 5.15228246e-05  1.24469117e-01  5.15228246e-05  5.96761176e-01  5.15228246e-05  4.22843924e-07  5.15228246e-05  2.10379645e-07  5.15228246e-05 -8.88616677e-06  5.15228246e-05  0.00000000e+00  5.15228246e-05  1.20000000e+00 
 5.16228246e-05  1.23924378e-01  5.16228246e-05  5.96577884e-01  5.16228246e-05  3.24842230e-07  5.16228246e-05 -2.10372849e-07  5.16228246e-05  9.00611292e-06  5.16228246e-05  0.00000000e+00  5.16228246e-05  1.20000000e+00 
 5.17228246e-05  1.23380461e-01  5.17228246e-05  5.96761309e-01  5.17228246e-05  4.22841440e-07  5.17228246e-05  2.10371372e-07  5.17228246e-05 -8.88600903e-06  5.17228246e-05  0.00000000e+00  5.17228246e-05  1.20000000e+00 
 5.18228246e-05  1.22836778e-01  5.18228246e-05  5.96577709e-01  5.18228246e-05  3.24844718e-07  5.18228246e-05 -2.10364575e-07  5.18228246e-05  9.00572299e-06  5.18228246e-05  0.00000000e+00  5.18228246e-05  1.20000000e+00 
 5.19228246e-05  1.22293917e-01  5.19228246e-05  5.96761435e-01  5.19228246e-05  4.22838951e-07  5.19228246e-05  2.10363097e-07  5.19228246e-05 -8.88585108e-06  5.19228246e-05  0.00000000e+00  5.19228246e-05  1.20000000e+00 
 5.20228246e-05  1.21751291e-01  5.20228246e-05  5.96577541e-01  5.20228246e-05  3.24847204e-07  5.20228246e-05 -2.10356300e-07  5.20228246e-05  9.00533248e-06  5.20228246e-05  0.00000000e+00  5.20228246e-05  1.20000000e+00 
 5.21228246e-05  1.21209489e-01  5.21228246e-05  5.96761555e-01  5.21228246e-05  4.22836463e-07  5.21228246e-05  2.10354822e-07  5.21228246e-05 -8.88569299e-06  5.21228246e-05  0.00000000e+00  5.21228246e-05  1.20000000e+00 
 5.22228246e-05  1.20667922e-01  5.22228246e-05  5.96577381e-01  5.22228246e-05  3.24849695e-07  5.22228246e-05 -2.10348025e-07  5.22228246e-05  9.00494136e-06  5.22228246e-05  0.00000000e+00  5.22228246e-05  1.20000000e+00 
 5.23228246e-05  1.20127181e-01  5.23228246e-05  5.96761667e-01  5.23228246e-05  4.22833974e-07  5.23228246e-05  2.10346547e-07  5.23228246e-05 -8.88553480e-06  5.23228246e-05  0.00000000e+00  5.23228246e-05  1.20000000e+00 
 5.24228246e-05  1.19586675e-01  5.24228246e-05  5.96577227e-01  5.24228246e-05  3.24852184e-07  5.24228246e-05 -2.10339750e-07  5.24228246e-05  9.00454964e-06  5.24228246e-05  0.00000000e+00  5.24228246e-05  1.20000000e+00 
 5.25228246e-05  1.19046997e-01  5.25228246e-05  5.96761774e-01  5.25228246e-05  4.22831485e-07  5.25228246e-05  2.10338273e-07  5.25228246e-05 -8.88537655e-06  5.25228246e-05  0.00000000e+00  5.25228246e-05  1.20000000e+00 
 5.26228246e-05  1.18507556e-01  5.26228246e-05  5.96577079e-01  5.26228246e-05  3.24854672e-07  5.26228246e-05 -2.10331475e-07  5.26228246e-05  9.00415730e-06  5.26228246e-05  0.00000000e+00  5.26228246e-05  1.20000000e+00 
 5.27228246e-05  1.17968943e-01  5.27228246e-05  5.96761874e-01  5.27228246e-05  4.22828995e-07  5.27228246e-05  2.10329998e-07  5.27228246e-05 -8.88521830e-06  5.27228246e-05  0.00000000e+00  5.27228246e-05  1.20000000e+00 
 5.28228246e-05  1.17430569e-01  5.28228246e-05  5.96576939e-01  5.28228246e-05  3.24857162e-07  5.28228246e-05 -2.10323201e-07  5.28228246e-05  9.00376432e-06  5.28228246e-05  0.00000000e+00  5.28228246e-05  1.20000000e+00 
 5.29228246e-05  1.16893026e-01  5.29228246e-05  5.96761969e-01  5.29228246e-05  4.22826504e-07  5.29228246e-05  2.10321724e-07  5.29228246e-05 -8.88506010e-06  5.29228246e-05  0.00000000e+00  5.29228246e-05  1.20000000e+00 
 5.30228246e-05  1.16355722e-01  5.30228246e-05  5.96576804e-01  5.30228246e-05  3.24859653e-07  5.30228246e-05 -2.10314928e-07  5.30228246e-05  9.00337068e-06  5.30228246e-05  0.00000000e+00  5.30228246e-05  1.20000000e+00 
 5.31228246e-05  1.15819251e-01  5.31228246e-05  5.96762057e-01  5.31228246e-05  4.22824018e-07  5.31228246e-05  2.10313451e-07  5.31228246e-05 -8.88490200e-06  5.31228246e-05  0.00000000e+00  5.31228246e-05  1.20000000e+00 
 5.32228246e-05  1.15283021e-01  5.32228246e-05  5.96576676e-01  5.32228246e-05  3.24862143e-07  5.32228246e-05 -2.10306655e-07  5.32228246e-05  9.00297636e-06  5.32228246e-05  0.00000000e+00  5.32228246e-05  1.20000000e+00 
 5.33228246e-05  1.14747627e-01  5.33228246e-05  5.96762140e-01  5.33228246e-05  4.22821527e-07  5.33228246e-05  2.10305179e-07  5.33228246e-05 -8.88474406e-06  5.33228246e-05  0.00000000e+00  5.33228246e-05  1.20000000e+00 
 5.34228246e-05  1.14212474e-01  5.34228246e-05  5.96576553e-01  5.34228246e-05  3.24864631e-07  5.34228246e-05 -2.10298384e-07  5.34228246e-05  9.00258134e-06  5.34228246e-05  0.00000000e+00  5.34228246e-05  1.20000000e+00 
 5.35228246e-05  1.13678161e-01  5.35228246e-05  5.96762218e-01  5.35228246e-05  4.22819038e-07  5.35228246e-05  2.10296909e-07  5.35228246e-05 -8.88458632e-06  5.35228246e-05  0.00000000e+00  5.35228246e-05  1.20000000e+00 
 5.36228246e-05  1.13144090e-01  5.36228246e-05  5.96576436e-01  5.36228246e-05  3.24867118e-07  5.36228246e-05 -2.10290115e-07  5.36228246e-05  9.00218560e-06  5.36228246e-05  0.00000000e+00  5.36228246e-05  1.20000000e+00 
 5.37228246e-05  1.12610861e-01  5.37228246e-05  5.96762290e-01  5.37228246e-05  4.22816549e-07  5.37228246e-05  2.10288641e-07  5.37228246e-05 -8.88442884e-06  5.37228246e-05  0.00000000e+00  5.37228246e-05  1.20000000e+00 
 5.38228246e-05  1.12077877e-01  5.38228246e-05  5.96576325e-01  5.38228246e-05  3.24869608e-07  5.38228246e-05 -2.10281847e-07  5.38228246e-05  9.00178910e-06  5.38228246e-05  0.00000000e+00  5.38228246e-05  1.20000000e+00 
 5.39228246e-05  1.11545738e-01  5.39228246e-05  5.96762357e-01  5.39228246e-05  4.22814062e-07  5.39228246e-05  2.10280374e-07  5.39228246e-05 -8.88427168e-06  5.39228246e-05  0.00000000e+00  5.39228246e-05  1.20000000e+00 
 5.40228246e-05  1.11013846e-01  5.40228246e-05  5.96576220e-01  5.40228246e-05  3.24872094e-07  5.40228246e-05 -2.10273582e-07  5.40228246e-05  9.00139182e-06  5.40228246e-05  0.00000000e+00  5.40228246e-05  1.20000000e+00 
 5.41228246e-05  1.10482802e-01  5.41228246e-05  5.96762420e-01  5.41228246e-05  4.22811575e-07  5.41228246e-05  2.10272109e-07  5.41228246e-05 -8.88411490e-06  5.41228246e-05  0.00000000e+00  5.41228246e-05  1.20000000e+00 
 5.42228246e-05  1.09952006e-01  5.42228246e-05  5.96576120e-01  5.42228246e-05  3.24874581e-07  5.42228246e-05 -2.10265318e-07  5.42228246e-05  9.00099373e-06  5.42228246e-05  0.00000000e+00  5.42228246e-05  1.20000000e+00 
 5.43228246e-05  1.09422063e-01  5.43228246e-05  5.96762477e-01  5.43228246e-05  4.22809089e-07  5.43228246e-05  2.10263847e-07  5.43228246e-05 -8.88395856e-06  5.43228246e-05  0.00000000e+00  5.43228246e-05  1.20000000e+00 
 5.44228246e-05  1.08892370e-01  5.44228246e-05  5.96576025e-01  5.44228246e-05  3.24877068e-07  5.44228246e-05 -2.10257057e-07  5.44228246e-05  9.00059479e-06  5.44228246e-05  0.00000000e+00  5.44228246e-05  1.20000000e+00 
 5.45228246e-05  1.08363534e-01  5.45228246e-05  5.96762530e-01  5.45228246e-05  4.22806603e-07  5.45228246e-05  2.10255588e-07  5.45228246e-05 -8.88380271e-06  5.45228246e-05  0.00000000e+00  5.45228246e-05  1.20000000e+00 
 5.46228246e-05  1.07834950e-01  5.46228246e-05  5.96575936e-01  5.46228246e-05  3.24879552e-07  5.46228246e-05 -2.10248799e-07  5.46228246e-05  9.00019497e-06  5.46228246e-05  0.00000000e+00  5.46228246e-05  1.20000000e+00 
 5.47228246e-05  1.07307227e-01  5.47228246e-05  5.96762578e-01  5.47228246e-05  4.22804121e-07  5.47228246e-05  2.10247331e-07  5.47228246e-05 -8.88364742e-06  5.47228246e-05  0.00000000e+00  5.47228246e-05  1.20000000e+00 
 5.48228246e-05  1.06779759e-01  5.48228246e-05  5.96575851e-01  5.48228246e-05  3.24882035e-07  5.48228246e-05 -2.10240544e-07  5.48228246e-05  8.99979423e-06  5.48228246e-05  0.00000000e+00  5.48228246e-05  1.20000000e+00 
 5.49114173e-05  1.06313218e-01  5.49114173e-05  5.96762625e-01  5.49114173e-05  4.22801477e-07  5.49114173e-05  2.10238547e-07  5.49114173e-05 -8.88346785e-06  5.49114173e-05  0.00000000e+00  5.49114173e-05  1.20000000e+00 
 5.50000100e-05  1.05846811e-01  5.50000100e-05  5.96575775e-01  5.50000100e-05  3.24884837e-07  5.50000100e-05 -2.10231231e-07  5.50000100e-05  8.99937096e-06  5.50000100e-05  0.00000000e+00  5.50000100e-05  1.20000000e+00 
 5.50000110e-05  1.05811016e-01  5.50000110e-05  5.90049428e-01  5.50000110e-05  1.76486960e-06  5.50000110e-05  7.16091516e-06  5.50000110e-05 -2.03549272e-04  5.50000110e-05  0.00000000e+00  5.50000110e-05  1.08000000e+00 
 5.50000130e-05  1.05730185e-01  5.50000130e-05  5.74848097e-01  5.50000130e-05  2.12141591e-06  5.50000130e-05  9.19748985e-06  5.50000130e-05 -2.62557896e-04  5.50000130e-05  0.00000000e+00  5.50000130e-05  8.40000000e-01 
 5.50000165e-05  1.05607519e-01  5.50000165e-05  5.49230212e-01  5.50000165e-05  1.65772794e-06  5.50000165e-05  5.89918590e-06  5.50000165e-05 -2.05097173e-04  5.50000165e-05  0.00000000e+00  5.50000165e-05  4.20000000e-01 
 5.50000200e-05  1.05540069e-01  5.50000200e-05  5.30538654e-01  5.50000200e-05  1.80227242e-06  5.50000200e-05  4.62581915e-06  5.50000200e-05 -1.91843023e-04  5.50000200e-05  0.00000000e+00  5.50000200e-05  0.00000000e+00 
 5.50000207e-05  1.05539149e-01  5.50000207e-05  5.31218926e-01  5.50000207e-05  9.29922694e-07  5.50000207e-05 -8.84761908e-07  5.50000207e-05 -3.43969179e-05  5.50000207e-05  0.00000000e+00  5.50000207e-05  0.00000000e+00 
 5.50000220e-05  1.05538755e-01  5.50000220e-05  5.32944285e-01  5.50000220e-05  6.84072906e-07  5.50000220e-05 -1.46184496e-06  5.50000220e-05 -6.52209740e-06  5.50000220e-05  0.00000000e+00  5.50000220e-05  0.00000000e+00 
 5.50000247e-05  1.05538612e-01  5.50000247e-05  5.35074525e-01  5.50000247e-05  7.89358969e-07  5.50000247e-05  5.39131555e-08  5.50000247e-05 -2.31858971e-05  5.50000247e-05  0.00000000e+00  5.50000247e-05  0.00000000e+00 
 5.50000300e-05  1.05538477e-01  5.50000300e-05  5.36573400e-01  5.50000300e-05  5.57293152e-07  5.50000300e-05 -4.61382874e-07  5.50000300e-05  3.01457112e-06  5.50000300e-05  0.00000000e+00  5.50000300e-05  0.00000000e+00 
 5.50000408e-05  1.05538585e-01  5.50000408e-05  5.37494501e-01  5.50000408e-05  5.61366349e-07  5.50000408e-05  4.33494917e-07  5.50000408e-05 -1.15389539e-05  5.50000408e-05  0.00000000e+00  5.50000408e-05  0.00000000e+00 
 5.50000622e-05  1.05538659e-01  5.50000622e-05  5.38286777e-01  5.50000622e-05  2.66794627e-07  5.50000622e-05 -3.57894922e-07  5.50000622e-05  9.90197730e-06  5.50000622e-05  0.00000000e+00  5.50000622e-05  0.00000000e+00 
 5.50001030e-05  1.05538975e-01  5.50001030e-05  5.39565220e-01  5.50001030e-05  4.79628657e-07  5.50001030e-05  4.41875115e-07  5.50001030e-05 -9.87641477e-06  5.50001030e-05  0.00000000e+00  5.50001030e-05  0.00000000e+00 
 5.50001678e-05  1.05539242e-01  5.50001678e-05  5.41336464e-01  5.50001678e-05  2.69883097e-07  5.50001678e-05 -3.58343975e-07  5.50001678e-05  9.72377551e-06  5.50001678e-05  0.00000000e+00  5.50001678e-05  0.00000000e+00 
 5.50002974e-05  1.05539883e-01  5.50002974e-05  5.44547917e-01  5.50002974e-05  4.72541444e-07  5.50002974e-05  4.34604071e-07  5.50002974e-05 -9.79563761e-06  5.50002974e-05  0.00000000e+00  5.50002974e-05  0.00000000e+00 
 5.50005567e-05  1.05540826e-01  5.50005567e-05  5.49862366e-01  5.50005567e-05  2.65437568e-07  5.50005567e-05 -3.65476086e-07  5.50005567e-05  9.70785206e-06  5.50005567e-05  0.00000000e+00  5.50005567e-05  0.00000000e+00 
 5.50010753e-05  1.05542561e-01  5.50010753e-05  5.58341664e-01  5.50010753e-05  4.70124895e-07  5.50010753e-05  4.22252265e-07  5.50010753e-05 -9.76448115e-06  5.50010753e-05  0.00000000e+00  5.50010753e-05  0.00000000e+00 
 5.50021125e-05  1.05544896e-01  5.50021125e-05  5.69970316e-01  5.50021125e-05  2.67794521e-07  5.50021125e-05 -3.85834764e-07  5.50021125e-05  9.72135135e-06  5.50021125e-05  0.00000000e+00  5.50021125e-05  0.00000000e+00 
 5.50041868e-05  1.05548016e-01  5.50041868e-05  5.82118373e-01  5.50041868e-05  4.74617041e-07  5.50041868e-05  3.95372665e-07  5.50041868e-05 -9.74133599e-06  5.50041868e-05  0.00000000e+00  5.50041868e-05  0.00000000e+00 
 5.50083355e-05  1.05552522e-01  5.50083355e-05  5.89897397e-01  5.50083355e-05  2.71511133e-07  5.50083355e-05 -4.05776877e-07  5.50083355e-05  9.73361516e-06  5.50083355e-05  0.00000000e+00  5.50083355e-05  0.00000000e+00 
 5.50166329e-05  1.05560888e-01  5.50166329e-05  5.93753193e-01  5.50166329e-05  4.75844467e-07  5.50166329e-05  3.92536880e-07  5.50166329e-05 -9.73478954e-06  5.50166329e-05  0.00000000e+00  5.50166329e-05  0.00000000e+00 
 5.50332277e-05  1.05571618e-01  5.50332277e-05  5.96245009e-01  5.50332277e-05  2.71732730e-07  5.50332277e-05 -3.97705260e-07  5.50332277e-05  9.73457319e-06  5.50332277e-05  0.00000000e+00  5.50332277e-05  0.00000000e+00 
 5.50664173e-05  1.05578932e-01  5.50664173e-05  5.96566783e-01  5.50664173e-05  4.75962140e-07  5.50664173e-05  3.97361561e-07  5.50664173e-05 -9.73440472e-06  5.50664173e-05  0.00000000e+00  5.50664173e-05  0.00000000e+00 
 5.51327965e-05  1.05580520e-01  5.51327965e-05  5.96767259e-01  5.51327965e-05  2.71724095e-07  5.51327965e-05 -3.97394964e-07  5.51327965e-05  9.73439186e-06  5.51327965e-05  0.00000000e+00  5.51327965e-05  0.00000000e+00 
 5.52327965e-05  1.05580041e-01  5.52327965e-05  5.96606689e-01  5.52327965e-05  4.75961375e-07  5.52327965e-05  3.97414371e-07  5.52327965e-05 -9.73432888e-06  5.52327965e-05  0.00000000e+00  5.52327965e-05  0.00000000e+00 
 5.53327965e-05  1.05580038e-01  5.53327965e-05  5.96745960e-01  5.53327965e-05  2.71722748e-07  5.53327965e-05 -3.97424991e-07  5.53327965e-05  9.73433422e-06  5.53327965e-05  0.00000000e+00  5.53327965e-05  0.00000000e+00 
 5.54327965e-05  1.05579894e-01  5.54327965e-05  5.96625831e-01  5.54327965e-05  4.75962898e-07  5.54327965e-05  3.97437966e-07  5.54327965e-05 -9.73427298e-06  5.54327965e-05  0.00000000e+00  5.54327965e-05  0.00000000e+00 
 5.55327965e-05  1.05579752e-01  5.55327965e-05  5.96728531e-01  5.55327965e-05  2.71721308e-07  5.55327965e-05 -3.97443020e-07  5.55327965e-05  9.73427972e-06  5.55327965e-05  0.00000000e+00  5.55327965e-05  0.00000000e+00 
 5.56327965e-05  1.05579671e-01  5.56327965e-05  5.96641771e-01  5.56327965e-05  4.75964155e-07  5.56327965e-05  3.97451189e-07  5.56327965e-05 -9.73421965e-06  5.56327965e-05  0.00000000e+00  5.56327965e-05  0.00000000e+00 
 5.57327965e-05  1.05579498e-01  5.57327965e-05  5.96714469e-01  5.57327965e-05  2.71720237e-07  5.57327965e-05 -3.97452130e-07  5.57327965e-05  9.73422728e-06  5.57327965e-05  0.00000000e+00  5.57327965e-05  0.00000000e+00 
 5.58327965e-05  1.05579435e-01  5.58327965e-05  5.96654314e-01  5.58327965e-05  4.75965035e-07  5.58327965e-05  3.97456829e-07  5.58327965e-05 -9.73416805e-06  5.58327965e-05  0.00000000e+00  5.58327965e-05  0.00000000e+00 
 5.59327965e-05  1.05579251e-01  5.59327965e-05  5.96703382e-01  5.59327965e-05  2.71719543e-07  5.59327965e-05 -3.97454969e-07  5.59327965e-05  9.73417636e-06  5.59327965e-05  0.00000000e+00  5.59327965e-05  0.00000000e+00 
 5.60327965e-05  1.05579195e-01  5.60327965e-05  5.96663977e-01  5.60327965e-05  4.75965573e-07  5.60327965e-05  3.97457434e-07  5.60327965e-05 -9.73411771e-06  5.60327965e-05  0.00000000e+00  5.60327965e-05  0.00000000e+00 
 5.61327965e-05  1.05579007e-01  5.61327965e-05  5.96694927e-01  5.61327965e-05  2.71719146e-07  5.61327965e-05 -3.97453819e-07  5.61327965e-05  9.73412652e-06  5.61327965e-05  0.00000000e+00  5.61327965e-05  0.00000000e+00 
 5.62327965e-05  1.05578953e-01  5.62327965e-05  5.96671308e-01  5.62327965e-05  4.75965845e-07  5.62327965e-05  3.97454940e-07  5.62327965e-05 -9.73406830e-06  5.62327965e-05  0.00000000e+00  5.62327965e-05  0.00000000e+00 
 5.63327965e-05  1.05578764e-01  5.63327965e-05  5.96688535e-01  5.63327965e-05  2.71718987e-07  5.63327965e-05 -3.97450317e-07  5.63327965e-05  9.73407749e-06  5.63327965e-05  0.00000000e+00  5.63327965e-05  0.00000000e+00 
 5.64327965e-05  1.05578710e-01  5.64327965e-05  5.96676849e-01  5.64327965e-05  4.75965904e-07  5.64327965e-05  3.97450711e-07  5.64327965e-05 -9.73401959e-06  5.64327965e-05  0.00000000e+00  5.64327965e-05  0.00000000e+00 
 5.65327965e-05  1.05578521e-01  5.65327965e-05  5.96683702e-01  5.65327965e-05  2.71719010e-07  5.65327965e-05 -3.97445584e-07  5.65327965e-05  9.73402907e-06  5.65327965e-05  0.00000000e+00  5.65327965e-05  0.00000000e+00 
 5.66327965e-05  1.05578467e-01  5.66327965e-05  5.96681052e-01  5.66327965e-05  4.75965809e-07  5.66327965e-05  3.97445652e-07  5.66327965e-05 -9.73397141e-06  5.66327965e-05  0.00000000e+00  5.66327965e-05  0.00000000e+00 
 5.67327965e-05  1.05578279e-01  5.67327965e-05  5.96680024e-01  5.67327965e-05  2.71719177e-07  5.67327965e-05 -3.97440339e-07  5.67327965e-05  9.73398111e-06  5.67327965e-05  0.00000000e+00  5.67327965e-05  0.00000000e+00 
 5.68327965e-05  1.05578223e-01  5.68327965e-05  5.96684268e-01  5.68327965e-05  4.75965583e-07  5.68327965e-05  3.97440330e-07  5.68327965e-05 -9.73392364e-06  5.68327965e-05  0.00000000e+00  5.68327965e-05  0.00000000e+00 
 5.69327965e-05  1.05578036e-01  5.69327965e-05  5.96677193e-01  5.69327965e-05  2.71719451e-07  5.69327965e-05 -3.97435021e-07  5.69327965e-05  9.73393350e-06  5.69327965e-05  0.00000000e+00  5.69327965e-05  0.00000000e+00 
 5.70327965e-05  1.05577980e-01  5.70327965e-05  5.96686761e-01  5.70327965e-05  4.75965262e-07  5.70327965e-05  3.97435078e-07  5.70327965e-05 -9.73387618e-06  5.70327965e-05  0.00000000e+00  5.70327965e-05  0.00000000e+00 
 5.71327965e-05  1.05577794e-01  5.71327965e-05  5.96674982e-01  5.71327965e-05  2.71719815e-07  5.71327965e-05 -3.97429879e-07  5.71327965e-05  9.73388617e-06  5.71327965e-05  0.00000000e+00  5.71327965e-05  0.00000000e+00 
 5.72327965e-05  1.05577736e-01  5.72327965e-05  5.96688723e-01  5.72327965e-05  4.75964860e-07  5.72327965e-05  3.97430075e-07  5.72327965e-05 -9.73382896e-06  5.72327965e-05  0.00000000e+00  5.72327965e-05  0.00000000e+00 
 5.73327965e-05  1.05577552e-01  5.73327965e-05  5.96673228e-01  5.73327965e-05  2.71720250e-07  5.73327965e-05 -3.97425035e-07  5.73327965e-05  9.73383905e-06  5.73327965e-05  0.00000000e+00  5.73327965e-05  0.00000000e+00 
 5.74327965e-05  1.05577493e-01  5.74327965e-05  5.96690294e-01  5.74327965e-05  4.75964394e-07  5.74327965e-05  3.97425401e-07  5.74327965e-05 -9.73378193e-06  5.74327965e-05  0.00000000e+00  5.74327965e-05  0.00000000e+00 
 5.75327965e-05  1.05577309e-01  5.75327965e-05  5.96671812e-01  5.75327965e-05  2.71720746e-07  5.75327965e-05 -3.97420536e-07  5.75327965e-05  9.73379210e-06  5.75327965e-05  0.00000000e+00  5.75327965e-05  0.00000000e+00 
 5.76327965e-05  1.05577250e-01  5.76327965e-05  5.96691572e-01  5.76327965e-05  4.75963876e-07  5.76327965e-05  3.97421077e-07  5.76327965e-05 -9.73373506e-06  5.76327965e-05  0.00000000e+00  5.76327965e-05  0.00000000e+00 
 5.77327965e-05  1.05577066e-01  5.77327965e-05  5.96670652e-01  5.77327965e-05  2.71721286e-07  5.77327965e-05 -3.97416382e-07  5.77327965e-05  9.73374530e-06  5.77327965e-05  0.00000000e+00  5.77327965e-05  0.00000000e+00 
 5.78327965e-05  1.05577007e-01  5.78327965e-05  5.96692627e-01  5.78327965e-05  4.75963313e-07  5.78327965e-05  3.97417087e-07  5.78327965e-05 -9.73368831e-06  5.78327965e-05  0.00000000e+00  5.78327965e-05  0.00000000e+00 
 5.79327965e-05  1.05576824e-01  5.79327965e-05  5.96669688e-01  5.79327965e-05  2.71721868e-07  5.79327965e-05 -3.97412548e-07  5.79327965e-05  9.73369860e-06  5.79327965e-05  0.00000000e+00  5.79327965e-05  0.00000000e+00 
 5.80327965e-05  1.05576764e-01  5.80327965e-05  5.96693508e-01  5.80327965e-05  4.75962714e-07  5.80327965e-05  3.97413401e-07  5.80327965e-05 -9.73364167e-06  5.80327965e-05  0.00000000e+00  5.80327965e-05  0.00000000e+00 
 5.81327965e-05  1.05576581e-01  5.81327965e-05  5.96668878e-01  5.81327965e-05  2.71722484e-07  5.81327965e-05 -3.97409000e-07  5.81327965e-05  9.73365200e-06  5.81327965e-05  0.00000000e+00  5.81327965e-05  0.00000000e+00 
 5.82327965e-05  1.05576521e-01  5.82327965e-05  5.96694251e-01  5.82327965e-05  4.75962083e-07  5.82327965e-05  3.97409981e-07  5.82327965e-05 -9.73359511e-06  5.82327965e-05  0.00000000e+00  5.82327965e-05  0.00000000e+00 
 5.83327965e-05  1.05576338e-01  5.83327965e-05  5.96668192e-01  5.83327965e-05  2.71723127e-07  5.83327965e-05 -3.97405699e-07  5.83327965e-05  9.73360548e-06  5.83327965e-05  0.00000000e+00  5.83327965e-05  0.00000000e+00 
 5.84327965e-05  1.05576278e-01  5.84327965e-05  5.96694883e-01  5.84327965e-05  4.75961425e-07  5.84327965e-05  3.97406789e-07  5.84327965e-05 -9.73354863e-06  5.84327965e-05  0.00000000e+00  5.84327965e-05  0.00000000e+00 
 5.85327965e-05  1.05576095e-01  5.85327965e-05  5.96667608e-01  5.85327965e-05  2.71723796e-07  5.85327965e-05 -3.97402607e-07  5.85327965e-05  9.73355904e-06  5.85327965e-05  0.00000000e+00  5.85327965e-05  0.00000000e+00 
 5.86327965e-05  1.05576035e-01  5.86327965e-05  5.96695422e-01  5.86327965e-05  4.75960748e-07  5.86327965e-05  3.97403790e-07  5.86327965e-05 -9.73350221e-06  5.86327965e-05  0.00000000e+00  5.86327965e-05  0.00000000e+00 
 5.87327965e-05  1.05575852e-01  5.87327965e-05  5.96667109e-01  5.87327965e-05  2.71724485e-07  5.87327965e-05 -3.97399692e-07  5.87327965e-05  9.73351265e-06  5.87327965e-05  0.00000000e+00  5.87327965e-05  0.00000000e+00 
 5.88327965e-05  1.05575793e-01  5.88327965e-05  5.96695882e-01  5.88327965e-05  4.75960048e-07  5.88327965e-05  3.97400951e-07  5.88327965e-05 -9.73345585e-06  5.88327965e-05  0.00000000e+00  5.88327965e-05  0.00000000e+00 
 5.89327965e-05  1.05575609e-01  5.89327965e-05  5.96666683e-01  5.89327965e-05  2.71725190e-07  5.89327965e-05 -3.97396924e-07  5.89327965e-05  9.73346631e-06  5.89327965e-05  0.00000000e+00  5.89327965e-05  0.00000000e+00 
 5.90327965e-05  1.05575550e-01  5.90327965e-05  5.96696276e-01  5.90327965e-05  4.75959335e-07  5.90327965e-05  3.97398248e-07  5.90327965e-05 -9.73340954e-06  5.90327965e-05  0.00000000e+00  5.90327965e-05  0.00000000e+00 
 5.91327965e-05  1.05575367e-01  5.91327965e-05  5.96666319e-01  5.91327965e-05  2.71725911e-07  5.91327965e-05 -3.97394280e-07  5.91327965e-05  9.73342003e-06  5.91327965e-05  0.00000000e+00  5.91327965e-05  0.00000000e+00 
 5.92327965e-05  1.05575307e-01  5.92327965e-05  5.96696611e-01  5.92327965e-05  4.75958607e-07  5.92327965e-05  3.97395658e-07  5.92327965e-05 -9.73336327e-06  5.92327965e-05  0.00000000e+00  5.92327965e-05  0.00000000e+00 
 5.93327965e-05  1.05575124e-01  5.93327965e-05  5.96666009e-01  5.93327965e-05  2.71726644e-07  5.93327965e-05 -3.97391740e-07  5.93327965e-05  9.73337378e-06  5.93327965e-05  0.00000000e+00  5.93327965e-05  0.00000000e+00 
 5.94327965e-05  1.05575064e-01  5.94327965e-05  5.96696897e-01  5.94327965e-05  4.75957871e-07  5.94327965e-05  3.97393163e-07  5.94327965e-05 -9.73331705e-06  5.94327965e-05  0.00000000e+00  5.94327965e-05  0.00000000e+00 
 5.95327965e-05  1.05574881e-01  5.95327965e-05  5.96665745e-01  5.95327965e-05  2.71727387e-07  5.95327965e-05 -3.97389286e-07  5.95327965e-05  9.73332757e-06  5.95327965e-05  0.00000000e+00  5.95327965e-05  0.00000000e+00 
 5.96327965e-05  1.05574821e-01  5.96327965e-05  5.96697140e-01  5.96327965e-05  4.75957122e-07  5.96327965e-05  3.97390748e-07  5.96327965e-05 -9.73327086e-06  5.96327965e-05  0.00000000e+00  5.96327965e-05  0.00000000e+00 
 5.97327965e-05  1.05574638e-01  5.97327965e-05  5.96665522e-01  5.97327965e-05  2.71728138e-07  5.97327965e-05 -3.97386908e-07  5.97327965e-05  9.73328140e-06  5.97327965e-05  0.00000000e+00  5.97327965e-05  0.00000000e+00 
 5.98327965e-05  1.05574579e-01  5.98327965e-05  5.96697345e-01  5.98327965e-05  4.75956368e-07  5.98327965e-05  3.97388403e-07  5.98327965e-05 -9.73322470e-06  5.98327965e-05  0.00000000e+00  5.98327965e-05  0.00000000e+00 
 5.99327965e-05  1.05574395e-01  5.99327965e-05  5.96665333e-01  5.99327965e-05  2.71728896e-07  5.99327965e-05 -3.97384593e-07  5.99327965e-05  9.73323526e-06  5.99327965e-05  0.00000000e+00  5.99327965e-05  0.00000000e+00 
 6.00327965e-05  1.05574336e-01  6.00327965e-05  5.96697518e-01  6.00327965e-05  4.75955607e-07  6.00327965e-05  3.97386116e-07  6.00327965e-05 -9.73317857e-06  6.00327965e-05  0.00000000e+00  6.00327965e-05  0.00000000e+00 
 6.01327965e-05  1.05574152e-01  6.01327965e-05  5.96665174e-01  6.01327965e-05  2.71729662e-07  6.01327965e-05 -3.97382333e-07  6.01327965e-05  9.73318914e-06  6.01327965e-05  0.00000000e+00  6.01327965e-05  0.00000000e+00 
 6.02327965e-05  1.05574093e-01  6.02327965e-05  5.96697663e-01  6.02327965e-05  4.75954840e-07  6.02327965e-05  3.97383882e-07  6.02327965e-05 -9.73313247e-06  6.02327965e-05  0.00000000e+00  6.02327965e-05  0.00000000e+00 
 6.03327965e-05  1.05573909e-01  6.03327965e-05  5.96665042e-01  6.03327965e-05  2.71730430e-07  6.03327965e-05 -3.97380122e-07  6.03327965e-05  9.73314306e-06  6.03327965e-05  0.00000000e+00  6.03327965e-05  0.00000000e+00 
 6.04327965e-05  1.05573850e-01  6.04327965e-05  5.96697784e-01  6.04327965e-05  4.75954068e-07  6.04327965e-05  3.97381692e-07  6.04327965e-05 -9.73308640e-06  6.04327965e-05  0.00000000e+00  6.04327965e-05  0.00000000e+00 
 6.05327965e-05  1.05573666e-01  6.05327965e-05  5.96664931e-01  6.05327965e-05  2.71731201e-07  6.05327965e-05 -3.97377953e-07  6.05327965e-05  9.73309699e-06  6.05327965e-05  0.00000000e+00  6.05327965e-05  0.00000000e+00 
 6.06327965e-05  1.05573608e-01  6.06327965e-05  5.96697884e-01  6.06327965e-05  4.75953295e-07  6.06327965e-05  3.97379543e-07  6.06327965e-05 -9.73304035e-06  6.06327965e-05  0.00000000e+00  6.06327965e-05  0.00000000e+00 
 6.07327965e-05  1.05573423e-01  6.07327965e-05  5.96664840e-01  6.07327965e-05  2.71731975e-07  6.07327965e-05 -3.97375822e-07  6.07327965e-05  9.73305095e-06  6.07327965e-05  0.00000000e+00  6.07327965e-05  0.00000000e+00 
 6.08327965e-05  1.05573365e-01  6.08327965e-05  5.96697967e-01  6.08327965e-05  4.75952520e-07  6.08327965e-05  3.97377429e-07  6.08327965e-05 -9.73299432e-06  6.08327965e-05  0.00000000e+00  6.08327965e-05  0.00000000e+00 
 6.09327965e-05  1.05573180e-01  6.09327965e-05  5.96664764e-01  6.09327965e-05  2.71732754e-07  6.09327965e-05 -3.97373725e-07  6.09327965e-05  9.73300493e-06  6.09327965e-05  0.00000000e+00  6.09327965e-05  0.00000000e+00 
 6.10327965e-05  1.05573122e-01  6.10327965e-05  5.96698035e-01  6.10327965e-05  4.75951741e-07  6.10327965e-05  3.97375348e-07  6.10327965e-05 -9.73294831e-06  6.10327965e-05  0.00000000e+00  6.10327965e-05  0.00000000e+00 
 6.11327965e-05  1.05572937e-01  6.11327965e-05  5.96664703e-01  6.11327965e-05  2.71733532e-07  6.11327965e-05 -3.97371658e-07  6.11327965e-05  9.73295894e-06  6.11327965e-05  0.00000000e+00  6.11327965e-05  0.00000000e+00 
 6.12327965e-05  1.05572879e-01  6.12327965e-05  5.96698090e-01  6.12327965e-05  4.75950962e-07  6.12327965e-05  3.97373294e-07  6.12327965e-05 -9.73290232e-06  6.12327965e-05  0.00000000e+00  6.12327965e-05  0.00000000e+00 
 6.13327965e-05  1.05572694e-01  6.13327965e-05  5.96664653e-01  6.13327965e-05  2.71734311e-07  6.13327965e-05 -3.97369618e-07  6.13327965e-05  9.73291296e-06  6.13327965e-05  0.00000000e+00  6.13327965e-05  0.00000000e+00 
 6.14327965e-05  1.05572636e-01  6.14327965e-05  5.96698134e-01  6.14327965e-05  4.75950184e-07  6.14327965e-05  3.97371267e-07  6.14327965e-05 -9.73285635e-06  6.14327965e-05  0.00000000e+00  6.14327965e-05  0.00000000e+00 
 6.15327965e-05  1.05572451e-01  6.15327965e-05  5.96664613e-01  6.15327965e-05  2.71735091e-07  6.15327965e-05 -3.97367602e-07  6.15327965e-05  9.73286699e-06  6.15327965e-05  0.00000000e+00  6.15327965e-05  0.00000000e+00 
 6.16327965e-05  1.05572393e-01  6.16327965e-05  5.96698170e-01  6.16327965e-05  4.75949402e-07  6.16327965e-05  3.97369262e-07  6.16327965e-05 -9.73281039e-06  6.16327965e-05  0.00000000e+00  6.16327965e-05  0.00000000e+00 
 6.17327965e-05  1.05572209e-01  6.17327965e-05  5.96664581e-01  6.17327965e-05  2.71735872e-07  6.17327965e-05 -3.97365608e-07  6.17327965e-05  9.73282105e-06  6.17327965e-05  0.00000000e+00  6.17327965e-05  0.00000000e+00 
 6.18327965e-05  1.05572151e-01  6.18327965e-05  5.96698198e-01  6.18327965e-05  4.75948623e-07  6.18327965e-05  3.97367279e-07  6.18327965e-05 -9.73276446e-06  6.18327965e-05  0.00000000e+00  6.18327965e-05  0.00000000e+00 
 6.19327965e-05  1.05571966e-01  6.19327965e-05  5.96664556e-01  6.19327965e-05  2.71736653e-07  6.19327965e-05 -3.97363635e-07  6.19327965e-05  9.73277512e-06  6.19327965e-05  0.00000000e+00  6.19327965e-05  0.00000000e+00 
 6.20327965e-05  1.05571908e-01  6.20327965e-05  5.96698219e-01  6.20327965e-05  4.75947841e-07  6.20327965e-05  3.97365315e-07  6.20327965e-05 -9.73271854e-06  6.20327965e-05  0.00000000e+00  6.20327965e-05  0.00000000e+00 
 6.21327965e-05  1.05571723e-01  6.21327965e-05  5.96664537e-01  6.21327965e-05  2.71737435e-07  6.21327965e-05 -3.97361679e-07  6.21327965e-05  9.73272921e-06  6.21327965e-05  0.00000000e+00  6.21327965e-05  0.00000000e+00 
 6.22327965e-05  1.05571665e-01  6.22327965e-05  5.96698235e-01  6.22327965e-05  4.75947060e-07  6.22327965e-05  3.97363368e-07  6.22327965e-05 -9.73267263e-06  6.22327965e-05  0.00000000e+00  6.22327965e-05  0.00000000e+00 
 6.23327965e-05  1.05571480e-01  6.23327965e-05  5.96664523e-01  6.23327965e-05  2.71738212e-07  6.23327965e-05 -3.97359740e-07  6.23327965e-05  9.73268331e-06  6.23327965e-05  0.00000000e+00  6.23327965e-05  0.00000000e+00 
 6.24327965e-05  1.05571422e-01  6.24327965e-05  5.96698247e-01  6.24327965e-05  4.75946279e-07  6.24327965e-05  3.97361436e-07  6.24327965e-05 -9.73262674e-06  6.24327965e-05  0.00000000e+00  6.24327965e-05  0.00000000e+00 
 6.25327965e-05  1.05571237e-01  6.25327965e-05  5.96664513e-01  6.25327965e-05  2.71738993e-07  6.25327965e-05 -3.97357816e-07  6.25327965e-05  9.73263743e-06  6.25327965e-05  0.00000000e+00  6.25327965e-05  0.00000000e+00 
 6.26327965e-05  1.05571179e-01  6.26327965e-05  5.96698255e-01  6.26327965e-05  4.75945502e-07  6.26327965e-05  3.97359519e-07  6.26327965e-05 -9.73258087e-06  6.26327965e-05  0.00000000e+00  6.26327965e-05  0.00000000e+00 
 6.27327965e-05  1.05570994e-01  6.27327965e-05  5.96664506e-01  6.27327965e-05  2.71739773e-07  6.27327965e-05 -3.97355906e-07  6.27327965e-05  9.73259156e-06  6.27327965e-05  0.00000000e+00  6.27327965e-05  0.00000000e+00 
 6.28327965e-05  1.05570936e-01  6.28327965e-05  5.96698260e-01  6.28327965e-05  4.75944722e-07  6.28327965e-05  3.97357615e-07  6.28327965e-05 -9.73253501e-06  6.28327965e-05  0.00000000e+00  6.28327965e-05  0.00000000e+00 
 6.29327965e-05  1.05570751e-01  6.29327965e-05  5.96664503e-01  6.29327965e-05  2.71740551e-07  6.29327965e-05 -3.97354007e-07  6.29327965e-05  9.73254571e-06  6.29327965e-05  0.00000000e+00  6.29327965e-05  0.00000000e+00 
 6.30327965e-05  1.05570694e-01  6.30327965e-05  5.96698263e-01  6.30327965e-05  4.75943946e-07  6.30327965e-05  3.97355722e-07  6.30327965e-05 -9.73248916e-06  6.30327965e-05  0.00000000e+00  6.30327965e-05  0.00000000e+00 
 6.31327965e-05  1.05570508e-01  6.31327965e-05  5.96664501e-01  6.31327965e-05  2.71741330e-07  6.31327965e-05 -3.97352120e-07  6.31327965e-05  9.73249987e-06  6.31327965e-05  0.00000000e+00  6.31327965e-05  0.00000000e+00 
 6.32327965e-05  1.05570451e-01  6.32327965e-05  5.96698264e-01  6.32327965e-05  4.75943166e-07  6.32327965e-05  3.97353840e-07  6.32327965e-05 -9.73244333e-06  6.32327965e-05  0.00000000e+00  6.32327965e-05  0.00000000e+00 
 6.33327965e-05  1.05570265e-01  6.33327965e-05  5.96664501e-01  6.33327965e-05  2.71742107e-07  6.33327965e-05 -3.97350243e-07  6.33327965e-05  9.73245405e-06  6.33327965e-05  0.00000000e+00  6.33327965e-05  0.00000000e+00 
 6.34327965e-05  1.05570208e-01  6.34327965e-05  5.96698263e-01  6.34327965e-05  4.75942390e-07  6.34327965e-05  3.97351968e-07  6.34327965e-05 -9.73239752e-06  6.34327965e-05  0.00000000e+00  6.34327965e-05  0.00000000e+00 
 6.35327965e-05  1.05570022e-01  6.35327965e-05  5.96664503e-01  6.35327965e-05  2.71742882e-07  6.35327965e-05 -3.97348376e-07  6.35327965e-05  9.73240824e-06  6.35327965e-05  0.00000000e+00  6.35327965e-05  0.00000000e+00 
 6.36327965e-05  1.05569965e-01  6.36327965e-05  5.96698260e-01  6.36327965e-05  4.75941614e-07  6.36327965e-05  3.97350105e-07  6.36327965e-05 -9.73235171e-06  6.36327965e-05  0.00000000e+00  6.36327965e-05  0.00000000e+00 
 6.37327965e-05  1.05569780e-01  6.37327965e-05  5.96664506e-01  6.37327965e-05  2.71743658e-07  6.37327965e-05 -3.97346517e-07  6.37327965e-05  9.73236244e-06  6.37327965e-05  0.00000000e+00  6.37327965e-05  0.00000000e+00 
 6.38327965e-05  1.05569722e-01  6.38327965e-05  5.96698257e-01  6.38327965e-05  4.75940839e-07  6.38327965e-05  3.97348250e-07  6.38327965e-05 -9.73230592e-06  6.38327965e-05  0.00000000e+00  6.38327965e-05  0.00000000e+00 
 6.39327965e-05  1.05569537e-01  6.39327965e-05  5.96664510e-01  6.39327965e-05  2.71744432e-07  6.39327965e-05 -3.97344666e-07  6.39327965e-05  9.73231666e-06  6.39327965e-05  0.00000000e+00  6.39327965e-05  0.00000000e+00 
 6.40327965e-05  1.05569479e-01  6.40327965e-05  5.96698252e-01  6.40327965e-05  4.75940064e-07  6.40327965e-05  3.97346403e-07  6.40327965e-05 -9.73226015e-06  6.40327965e-05  0.00000000e+00  6.40327965e-05  0.00000000e+00 
 6.41327965e-05  1.05569294e-01  6.41327965e-05  5.96664514e-01  6.41327965e-05  2.71745206e-07  6.41327965e-05 -3.97342822e-07  6.41327965e-05  9.73227089e-06  6.41327965e-05  0.00000000e+00  6.41327965e-05  0.00000000e+00 
 6.42327965e-05  1.05569237e-01  6.42327965e-05  5.96698246e-01  6.42327965e-05  4.75939292e-07  6.42327965e-05  3.97344562e-07  6.42327965e-05 -9.73221439e-06  6.42327965e-05  0.00000000e+00  6.42327965e-05  0.00000000e+00 
 6.43327965e-05  1.05569051e-01  6.43327965e-05  5.96664520e-01  6.43327965e-05  2.71745980e-07  6.43327965e-05 -3.97340984e-07  6.43327965e-05  9.73222513e-06  6.43327965e-05  0.00000000e+00  6.43327965e-05  0.00000000e+00 
 6.44327965e-05  1.05568994e-01  6.44327965e-05  5.96698241e-01  6.44327965e-05  4.75938519e-07  6.44327965e-05  3.97342728e-07  6.44327965e-05 -9.73216864e-06  6.44327965e-05  0.00000000e+00  6.44327965e-05  0.00000000e+00 
 6.45327965e-05  1.05568808e-01  6.45327965e-05  5.96664526e-01  6.45327965e-05  2.71746750e-07  6.45327965e-05 -3.97339153e-07  6.45327965e-05  9.73217939e-06  6.45327965e-05  0.00000000e+00  6.45327965e-05  0.00000000e+00 
 6.46327965e-05  1.05568751e-01  6.46327965e-05  5.96698235e-01  6.46327965e-05  4.75937747e-07  6.46327965e-05  3.97340899e-07  6.46327965e-05 -9.73212290e-06  6.46327965e-05  0.00000000e+00  6.46327965e-05  0.00000000e+00 
 6.47327965e-05  1.05568565e-01  6.47327965e-05  5.96664532e-01  6.47327965e-05  2.71747522e-07  6.47327965e-05 -3.97337327e-07  6.47327965e-05  9.73213366e-06  6.47327965e-05  0.00000000e+00  6.47327965e-05  0.00000000e+00 
 6.48327965e-05  1.05568508e-01  6.48327965e-05  5.96698228e-01  6.48327965e-05  4.75936974e-07  6.48327965e-05  3.97339076e-07  6.48327965e-05 -9.73207718e-06  6.48327965e-05  0.00000000e+00  6.48327965e-05  0.00000000e+00 
 6.49163982e-05  1.05568342e-01  6.49163982e-05  5.96664541e-01  6.49163982e-05  2.71748369e-07  6.49163982e-05 -3.97335329e-07  6.49163982e-05  9.73208346e-06  6.49163982e-05  0.00000000e+00  6.49163982e-05  0.00000000e+00 
 6.50000000e-05  1.05568305e-01  6.50000000e-05  5.96698222e-01  6.50000000e-05  4.75936055e-07  6.50000000e-05  3.97336902e-07  6.50000000e-05 -9.73202251e-06  6.50000000e-05  0.00000000e+00  6.50000000e-05  0.00000000e+00 
 6.50000010e-05  1.05571264e-01  6.50000010e-05  5.97616009e-01  6.50000010e-05  1.48012537e-07  6.50000010e-05  2.39459031e-06  6.50000010e-05 -1.01074754e-06  6.50000010e-05  1.20000000e-01  6.50000010e-05  0.00000000e+00 
 6.50000030e-05  1.05577011e-01  6.50000030e-05  5.99355368e-01  6.50000030e-05  1.54460109e-07  6.50000030e-05  2.56581464e-06  6.50000030e-05 -3.33141005e-07  6.50000030e-05  3.60000000e-01  6.50000030e-05  0.00000000e+00 
 6.50000065e-05  1.05587039e-01  6.50000065e-05  6.02351428e-01  6.50000065e-05  1.50890182e-07  6.50000065e-05  2.63348679e-06  6.50000065e-05 -9.21776895e-07  6.50000065e-05  7.80000000e-01  6.50000065e-05  0.00000000e+00 
 6.50000100e-05  1.05594918e-01  6.50000100e-05  6.04617023e-01  6.50000100e-05  2.54817509e-07  6.50000100e-05  1.29479711e-06  6.50000100e-05 -5.92875782e-08  6.50000100e-05  1.20000000e+00  6.50000100e-05  0.00000000e+00 
 6.50000106e-05  1.05594540e-01  6.50000106e-05  6.04409273e-01  6.50000106e-05  4.44409757e-07  6.50000106e-05 -1.49360199e-06  6.50000106e-05  2.19118153e-07  6.50000106e-05  1.20000000e+00  6.50000106e-05  0.00000000e+00 
 6.50000119e-05  1.05593567e-01  6.50000119e-05  6.03979914e-01  6.50000119e-05  4.67941494e-07  6.50000119e-05 -1.97742098e-06  6.50000119e-05  2.77194542e-07  6.50000119e-05  1.20000000e+00  6.50000119e-05  0.00000000e+00 
 6.50000144e-05  1.05591457e-01  6.50000144e-05  6.03176902e-01  6.50000144e-05  4.36314463e-07  6.50000144e-05 -1.51146752e-06  6.50000144e-05  1.93622535e-07  6.50000144e-05  1.20000000e+00  6.50000144e-05  0.00000000e+00 
 6.50000194e-05  1.05586940e-01  6.50000194e-05  6.01669526e-01  6.50000194e-05  4.58062431e-07  6.50000194e-05 -1.72502143e-06  6.50000194e-05  2.42109069e-07  6.50000194e-05  1.20000000e+00  6.50000194e-05  0.00000000e+00 
 6.50000294e-05  1.05572287e-01  6.50000294e-05  5.97339065e-01  6.50000294e-05  5.07128748e-07  6.50000294e-05 -1.59956751e-06  6.50000294e-05  3.82605078e-07  6.50000294e-05  1.20000000e+00  6.50000294e-05  0.00000000e+00 
 6.50000495e-05  1.05533504e-01  6.50000495e-05  5.87698706e-01  6.50000495e-05  4.90583310e-07  6.50000495e-05  3.76784803e-07  6.50000495e-05  3.11385286e-07  6.50000495e-05  1.20000000e+00  6.50000495e-05  0.00000000e+00 
 6.50000713e-05  1.05506119e-01  6.50000713e-05  5.82274004e-01  6.50000713e-05  3.95941696e-07  6.50000713e-05  9.51673782e-07  6.50000713e-05  4.22355319e-08  6.50000713e-05  1.20000000e+00  6.50000713e-05  0.00000000e+00 
 6.50001151e-05  1.05510047e-01  6.50001151e-05  5.78788733e-01  6.50001151e-05  4.06296874e-07  6.50001151e-05  4.79130790e-08  6.50001151e-05  6.90907105e-08  6.50001151e-05  1.20000000e+00  6.50001151e-05  0.00000000e+00 
 6.50001634e-05  1.05530707e-01  6.50001634e-05  5.77500106e-01  6.50001634e-05  3.67516185e-07  6.50001634e-05  7.52397257e-07  6.50001634e-05 -3.25831694e-08  6.50001634e-05  1.20000000e+00  6.50001634e-05  0.00000000e+00 
 6.50002315e-05  1.05551036e-01  6.50002315e-05  5.75607046e-01  6.50002315e-05  4.04084643e-07  6.50002315e-05 -4.54665168e-08  6.50002315e-05  6.97544376e-08  6.50002315e-05  1.20000000e+00  6.50002315e-05  0.00000000e+00 
 6.50003383e-05  1.05576769e-01  6.50003383e-05  5.73585473e-01  6.50003383e-05  3.60237439e-07  6.50003383e-05  6.32418968e-07  6.50003383e-05 -4.57863521e-08  6.50003383e-05  1.20000000e+00  6.50003383e-05  0.00000000e+00 
 6.50005519e-05  1.05612100e-01  6.50005519e-05  5.71236922e-01  6.50005519e-05  3.96775863e-07  6.50005519e-05 -1.70674815e-07  6.50005519e-05  5.75472847e-08  6.50005519e-05  1.20000000e+00  6.50005519e-05  0.00000000e+00 
 6.50009790e-05  1.05652710e-01  6.50009790e-05  5.70093221e-01  6.50009790e-05  3.52971983e-07  6.50009790e-05  5.13468702e-07  6.50009790e-05 -5.81269240e-08  6.50009790e-05  1.20000000e+00  6.50009790e-05  0.00000000e+00 
 6.50018334e-05  1.05690830e-01  6.50018334e-05  5.72154530e-01  6.50018334e-05  3.92286981e-07  6.50018334e-05 -2.59944482e-07  6.50018334e-05  5.04574618e-08  6.50018334e-05  1.20000000e+00  6.50018334e-05  0.00000000e+00 
 6.50035420e-05  1.05723157e-01  6.50035420e-05  5.78243731e-01  6.50035420e-05  3.52115186e-07  6.50035420e-05  4.58817170e-07  6.50035420e-05 -5.84513783e-08  6.50035420e-05  1.20000000e+00  6.50035420e-05  0.00000000e+00 
 6.50069593e-05  1.05756069e-01  6.50069593e-05  5.85835168e-01  6.50069593e-05  3.93739586e-07  6.50069593e-05 -2.86909256e-07  6.50069593e-05  5.43272183e-08  6.50069593e-05  1.20000000e+00  6.50069593e-05  0.00000000e+00 
 6.50137939e-05  1.05806909e-01  6.50137939e-05  5.91643293e-01  6.50137939e-05  3.53435824e-07  6.50137939e-05  4.47079821e-07  6.50137939e-05 -5.51325431e-08  6.50137939e-05  1.20000000e+00  6.50137939e-05  0.00000000e+00 
 6.50274632e-05  1.05905673e-01  6.50274632e-05  5.95457694e-01  6.50274632e-05  3.94153583e-07  6.50274632e-05 -2.89448290e-07  6.50274632e-05  5.53226670e-08  6.50274632e-05  1.20000000e+00  6.50274632e-05  0.00000000e+00 
 6.50548016e-05  1.06102226e-01  6.50548016e-05  5.96682159e-01  6.50548016e-05  3.53556930e-07  6.50548016e-05  4.47333004e-07  6.50548016e-05 -5.51595184e-08  6.50548016e-05  1.20000000e+00  6.50548016e-05  0.00000000e+00 
 6.51094785e-05  1.06491616e-01  6.51094785e-05  5.96634772e-01  6.51094785e-05  3.94141903e-07  6.51094785e-05 -2.90663587e-07  6.51094785e-05  5.51894122e-08  6.51094785e-05  1.20000000e+00  6.51094785e-05  0.00000000e+00 
 6.52094785e-05  1.07202998e-01  6.52094785e-05  5.96737840e-01  6.52094785e-05  3.53541016e-07  6.52094785e-05  4.47377594e-07  6.52094785e-05 -5.51547960e-08  6.52094785e-05  1.20000000e+00  6.52094785e-05  0.00000000e+00 
 6.53094785e-05  1.07915371e-01  6.53094785e-05  5.96629887e-01  6.53094785e-05  3.94145170e-07  6.53094785e-05 -2.90569577e-07  6.53094785e-05  5.51883621e-08  6.53094785e-05  1.20000000e+00  6.53094785e-05  0.00000000e+00 
 6.54094785e-05  1.08627463e-01  6.54094785e-05  5.96738845e-01  6.54094785e-05  3.53538644e-07  6.54094785e-05  4.47431883e-07  6.54094785e-05 -5.51548037e-08  6.54094785e-05  1.20000000e+00  6.54094785e-05  0.00000000e+00 
 6.55094785e-05  1.09340530e-01  6.55094785e-05  5.96630652e-01  6.55094785e-05  3.94147150e-07  6.55094785e-05 -2.90463084e-07  6.55094785e-05  5.51892892e-08  6.55094785e-05  1.20000000e+00  6.55094785e-05  0.00000000e+00 
 6.56094785e-05  1.10053336e-01  6.56094785e-05  5.96736817e-01  6.56094785e-05  3.53536860e-07  6.56094785e-05  4.47475010e-07  6.56094785e-05 -5.51562349e-08  6.56094785e-05  1.20000000e+00  6.56094785e-05  0.00000000e+00 
 6.57094785e-05  1.10767075e-01  6.57094785e-05  5.96633406e-01  6.57094785e-05  3.94148816e-07  6.57094785e-05 -2.90350728e-07  6.57094785e-05  5.51912118e-08  6.57094785e-05  1.20000000e+00  6.57094785e-05  0.00000000e+00 
 6.58094785e-05  1.11480598e-01  6.58094785e-05  5.96733349e-01  6.58094785e-05  3.53535284e-07  6.58094785e-05  4.47513420e-07  6.58094785e-05 -5.51583413e-08  6.58094785e-05  1.20000000e+00  6.58094785e-05  0.00000000e+00 
 6.59094785e-05  1.12194989e-01  6.59094785e-05  5.96637230e-01  6.59094785e-05  3.94150314e-07  6.59094785e-05 -2.90238167e-07  6.59094785e-05  5.51935669e-08  6.59094785e-05  1.20000000e+00  6.59094785e-05  0.00000000e+00 
 6.60094785e-05  1.12909228e-01  6.60094785e-05  5.96729126e-01  6.60094785e-05  3.53533862e-07  6.60094785e-05  4.47551708e-07  6.60094785e-05 -5.51606993e-08  6.60094785e-05  1.20000000e+00  6.60094785e-05  0.00000000e+00 
 6.61094785e-05  1.13624258e-01  6.61094785e-05  5.96641542e-01  6.61094785e-05  3.94151660e-07  6.61094785e-05 -2.90128967e-07  6.61094785e-05  5.51960363e-08  6.61094785e-05  1.20000000e+00  6.61094785e-05  0.00000000e+00 
 6.62094785e-05  1.14339206e-01  6.62094785e-05  5.96724649e-01  6.62094785e-05  3.53532587e-07  6.62094785e-05  4.47592453e-07  6.62094785e-05 -5.51630709e-08  6.62094785e-05  1.20000000e+00  6.62094785e-05  0.00000000e+00 
 6.63094785e-05  1.15054867e-01  6.63094785e-05  5.96645918e-01  6.63094785e-05  3.94152861e-07  6.63094785e-05 -2.90024922e-07  6.63094785e-05  5.51984436e-08  6.63094785e-05  1.20000000e+00  6.63094785e-05  0.00000000e+00 
 6.64094785e-05  1.15770512e-01  6.64094785e-05  5.96720268e-01  6.64094785e-05  3.53531459e-07  6.64094785e-05  4.47636757e-07  6.64094785e-05 -5.51653265e-08  6.64094785e-05  1.20000000e+00  6.64094785e-05  0.00000000e+00 
 6.65094785e-05  1.16486799e-01  6.65094785e-05  5.96650077e-01  6.65094785e-05  3.94153922e-07  6.65094785e-05 -2.89926643e-07  6.65094785e-05  5.52006958e-08  6.65094785e-05  1.20000000e+00  6.65094785e-05  0.00000000e+00 
 6.66094785e-05  1.17203128e-01  6.66094785e-05  5.96716197e-01  6.66094785e-05  3.53530465e-07  6.66094785e-05  4.47684792e-07  6.66094785e-05 -5.51674017e-08  6.66094785e-05  1.20000000e+00  6.66094785e-05  0.00000000e+00 
 6.67094785e-05  1.17920035e-01  6.67094785e-05  5.96653866e-01  6.67094785e-05  3.94154853e-07  6.67094785e-05 -2.89834024e-07  6.67094785e-05  5.52027508e-08  6.67094785e-05  1.20000000e+00  6.67094785e-05  0.00000000e+00 
 6.68094785e-05  1.18637034e-01  6.68094785e-05  5.96712539e-01  6.68094785e-05  3.53529595e-07  6.68094785e-05  4.47736210e-07  6.68094785e-05 -5.51692715e-08  6.68094785e-05  1.20000000e+00  6.68094785e-05  0.00000000e+00 
 6.69094785e-05  1.19354556e-01  6.69094785e-05  5.96657219e-01  6.69094785e-05  3.94155671e-07  6.69094785e-05 -2.89746599e-07  6.69094785e-05  5.52045968e-08  6.69094785e-05  1.20000000e+00  6.69094785e-05  0.00000000e+00 
 6.70094785e-05  1.20072212e-01  6.70094785e-05  5.96709328e-01  6.70094785e-05  3.53528830e-07  6.70094785e-05  4.47790424e-07  6.70094785e-05 -5.51709340e-08  6.70094785e-05  1.20000000e+00  6.70094785e-05  0.00000000e+00 
 6.71094785e-05  1.20790344e-01  6.71094785e-05  5.96660128e-01  6.71094785e-05  3.94156382e-07  6.71094785e-05 -2.89663753e-07  6.71094785e-05  5.52062393e-08  6.71094785e-05  1.20000000e+00  6.71094785e-05  0.00000000e+00 
 6.72094785e-05  1.21508642e-01  6.72094785e-05  5.96706553e-01  6.72094785e-05  3.53528164e-07  6.72094785e-05  4.47846777e-07  6.72094785e-05 -5.51724003e-08  6.72094785e-05  1.20000000e+00  6.72094785e-05  0.00000000e+00 
 6.73094785e-05  1.22227380e-01  6.73094785e-05  5.96662618e-01  6.73094785e-05  3.94157008e-07  6.73094785e-05 -2.89584853e-07  6.73094785e-05  5.52076933e-08  6.73094785e-05  1.20000000e+00  6.73094785e-05  0.00000000e+00 
 6.74094785e-05  1.22946306e-01  6.74094785e-05  5.96704177e-01  6.74094785e-05  3.53527581e-07  6.74094785e-05  4.47904638e-07  6.74094785e-05 -5.51736879e-08  6.74094785e-05  1.20000000e+00  6.74094785e-05  0.00000000e+00 
 6.75094785e-05  1.23665642e-01  6.75094785e-05  5.96664734e-01  6.75094785e-05  3.94157554e-07  6.75094785e-05 -2.89509321e-07  6.75094785e-05  5.52089782e-08  6.75094785e-05  1.20000000e+00  6.75094785e-05  0.00000000e+00 
 6.76094785e-05  1.24385185e-01  6.76094785e-05  5.96702155e-01  6.76094785e-05  3.53527068e-07  6.76094785e-05  4.47963445e-07  6.76094785e-05 -5.51748167e-08  6.76094785e-05  1.20000000e+00  6.76094785e-05  0.00000000e+00 
 6.77094785e-05  1.25105112e-01  6.77094785e-05  5.96666520e-01  6.77094785e-05  3.94158034e-07  6.77094785e-05 -2.89436660e-07  6.77094785e-05  5.52101140e-08  6.77094785e-05  1.20000000e+00  6.77094785e-05  0.00000000e+00 
 6.78094785e-05  1.25825258e-01  6.78094785e-05  5.96700438e-01  6.78094785e-05  3.53526616e-07  6.78094785e-05  4.48022733e-07  6.78094785e-05 -5.51758069e-08  6.78094785e-05  1.20000000e+00  6.78094785e-05  0.00000000e+00 
 6.79094785e-05  1.26545769e-01  6.79094785e-05  5.96668026e-01  6.79094785e-05  3.94158460e-07  6.79094785e-05 -2.89366463e-07  6.79094785e-05  5.52111205e-08  6.79094785e-05  1.20000000e+00  6.79094785e-05  0.00000000e+00 
 6.80094785e-05  1.27266508e-01  6.80094785e-05  5.96698980e-01  6.80094785e-05  3.53526217e-07  6.80094785e-05  4.48082122e-07  6.80094785e-05 -5.51766774e-08  6.80094785e-05  1.20000000e+00  6.80094785e-05  0.00000000e+00 
 6.81094785e-05  1.27987594e-01  6.81094785e-05  5.96669294e-01  6.81094785e-05  3.94158834e-07  6.81094785e-05 -2.89298409e-07  6.81094785e-05  5.52120156e-08  6.81094785e-05  1.20000000e+00  6.81094785e-05  0.00000000e+00 
 6.82094785e-05  1.28708913e-01  6.82094785e-05  5.96697741e-01  6.82094785e-05  3.53525863e-07  6.82094785e-05  4.48141319e-07  6.82094785e-05 -5.51774450e-08  6.82094785e-05  1.20000000e+00  6.82094785e-05  0.00000000e+00 
 6.83094785e-05  1.29430566e-01  6.83094785e-05  5.96670364e-01  6.83094785e-05  3.94159170e-07  6.83094785e-05 -2.89232249e-07  6.83094785e-05  5.52128154e-08  6.83094785e-05  1.20000000e+00  6.83094785e-05  0.00000000e+00 
 6.84094785e-05  1.30152454e-01  6.84094785e-05  5.96696685e-01  6.84094785e-05  3.53525548e-07  6.84094785e-05  4.48200095e-07  6.84094785e-05 -5.51781247e-08  6.84094785e-05  1.20000000e+00  6.84094785e-05  0.00000000e+00 
 6.85094785e-05  1.30874664e-01  6.85094785e-05  5.96671268e-01  6.85094785e-05  3.94159470e-07  6.85094785e-05 -2.89167798e-07  6.85094785e-05  5.52135337e-08  6.85094785e-05  1.20000000e+00  6.85094785e-05  0.00000000e+00 
 6.86094785e-05  1.31597110e-01  6.86094785e-05  5.96695781e-01  6.86094785e-05  3.53525266e-07  6.86094785e-05  4.48258281e-07  6.86094785e-05 -5.51787294e-08  6.86094785e-05  1.20000000e+00  6.86094785e-05  0.00000000e+00 
 6.87094785e-05  1.32319869e-01  6.87094785e-05  5.96672034e-01  6.87094785e-05  3.94159735e-07  6.87094785e-05 -2.89104915e-07  6.87094785e-05  5.52141825e-08  6.87094785e-05  1.20000000e+00  6.87094785e-05  0.00000000e+00 
 6.88094785e-05  1.33042863e-01  6.88094785e-05  5.96695004e-01  6.88094785e-05  3.53525010e-07  6.88094785e-05  4.48315748e-07  6.88094785e-05 -5.51792700e-08  6.88094785e-05  1.20000000e+00  6.88094785e-05  0.00000000e+00 
 6.89094785e-05  1.33766161e-01  6.89094785e-05  5.96672684e-01  6.89094785e-05  3.94159979e-07  6.89094785e-05 -2.89043498e-07  6.89094785e-05  5.52147719e-08  6.89094785e-05  1.20000000e+00  6.89094785e-05  0.00000000e+00 
 6.90094785e-05  1.34489691e-01  6.90094785e-05  5.96694336e-01  6.90094785e-05  3.53524782e-07  6.90094785e-05  4.48372408e-07  6.90094785e-05 -5.51797560e-08  6.90094785e-05  1.20000000e+00  6.90094785e-05  0.00000000e+00 
 6.91094785e-05  1.35213518e-01  6.91094785e-05  5.96673236e-01  6.91094785e-05  3.94160197e-07  6.91094785e-05 -2.88983470e-07  6.91094785e-05  5.52153105e-08  6.91094785e-05  1.20000000e+00  6.91094785e-05  0.00000000e+00 
 6.92094785e-05  1.35937575e-01  6.92094785e-05  5.96693756e-01  6.92094785e-05  3.53524571e-07  6.92094785e-05  4.48428189e-07  6.92094785e-05 -5.51801951e-08  6.92094785e-05  1.20000000e+00  6.92094785e-05  0.00000000e+00 
 6.93094785e-05  1.36661921e-01  6.93094785e-05  5.96673708e-01  6.93094785e-05  3.94160396e-07  6.93094785e-05 -2.88924779e-07  6.93094785e-05  5.52158057e-08  6.93094785e-05  1.20000000e+00  6.93094785e-05  0.00000000e+00 
 6.94094785e-05  1.37386493e-01  6.94094785e-05  5.96693254e-01  6.94094785e-05  3.53524381e-07  6.94094785e-05  4.48483045e-07  6.94094785e-05 -5.51805941e-08  6.94094785e-05  1.20000000e+00  6.94094785e-05  0.00000000e+00 
 6.95094785e-05  1.38111349e-01  6.95094785e-05  5.96674110e-01  6.95094785e-05  3.94160579e-07  6.95094785e-05 -2.88867380e-07  6.95094785e-05  5.52162635e-08  6.95094785e-05  1.20000000e+00  6.95094785e-05  0.00000000e+00 
 6.96094785e-05  1.38836427e-01  6.96094785e-05  5.96692816e-01  6.96094785e-05  3.53524206e-07  6.96094785e-05  4.48536942e-07  6.96094785e-05 -5.51809586e-08  6.96094785e-05  1.20000000e+00  6.96094785e-05  0.00000000e+00 
 6.97094785e-05  1.39561782e-01  6.97094785e-05  5.96674454e-01  6.97094785e-05  3.94160747e-07  6.97094785e-05 -2.88811244e-07  6.97094785e-05  5.52166892e-08  6.97094785e-05  1.20000000e+00  6.97094785e-05  0.00000000e+00 
 6.98094785e-05  1.40287355e-01  6.98094785e-05  5.96692433e-01  6.98094785e-05  3.53524045e-07  6.98094785e-05  4.48589854e-07  6.98094785e-05 -5.51812934e-08  6.98094785e-05  1.20000000e+00  6.98094785e-05  0.00000000e+00 
 6.99094785e-05  1.41013199e-01  6.99094785e-05  5.96674747e-01  6.99094785e-05  3.94160902e-07  6.99094785e-05 -2.88756344e-07  6.99094785e-05  5.52170872e-08  6.99094785e-05  1.20000000e+00  6.99094785e-05  0.00000000e+00 
 7.00094785e-05  1.41739257e-01  7.00094785e-05  5.96692097e-01  7.00094785e-05  3.53523894e-07  7.00094785e-05  4.48641763e-07  7.00094785e-05 -5.51816025e-08  7.00094785e-05  1.20000000e+00  7.00094785e-05  0.00000000e+00 
 7.01094785e-05  1.42465581e-01  7.01094785e-05  5.96674999e-01  7.01094785e-05  3.94161045e-07  7.01094785e-05 -2.88702661e-07  7.01094785e-05  5.52174613e-08  7.01094785e-05  1.20000000e+00  7.01094785e-05  0.00000000e+00 
 7.02094785e-05  1.43192113e-01  7.02094785e-05  5.96691803e-01  7.02094785e-05  3.53523755e-07  7.02094785e-05  4.48692659e-07  7.02094785e-05 -5.51818894e-08  7.02094785e-05  1.20000000e+00  7.02094785e-05  0.00000000e+00 
 7.03094785e-05  1.43918907e-01  7.03094785e-05  5.96675213e-01  7.03094785e-05  3.94161181e-07  7.03094785e-05 -2.88650176e-07  7.03094785e-05  5.52178146e-08  7.03094785e-05  1.20000000e+00  7.03094785e-05  0.00000000e+00 
 7.04094785e-05  1.44645904e-01  7.04094785e-05  5.96691544e-01  7.04094785e-05  3.53523625e-07  7.04094785e-05  4.48742534e-07  7.04094785e-05 -5.51821572e-08  7.04094785e-05  1.20000000e+00  7.04094785e-05  0.00000000e+00 
 7.05094785e-05  1.45373157e-01  7.05094785e-05  5.96675395e-01  7.05094785e-05  3.94161309e-07  7.05094785e-05 -2.88598872e-07  7.05094785e-05  5.52181500e-08  7.05094785e-05  1.20000000e+00  7.05094785e-05  0.00000000e+00 
 7.06094785e-05  1.46100608e-01  7.06094785e-05  5.96691315e-01  7.06094785e-05  3.53523504e-07  7.06094785e-05  4.48791382e-07  7.06094785e-05 -5.51824082e-08  7.06094785e-05  1.20000000e+00  7.06094785e-05  0.00000000e+00 
 7.07094785e-05  1.46828311e-01  7.07094785e-05  5.96675551e-01  7.07094785e-05  3.94161428e-07  7.07094785e-05 -2.88548734e-07  7.07094785e-05  5.52184698e-08  7.07094785e-05  1.20000000e+00  7.07094785e-05  0.00000000e+00 
 7.08094785e-05  1.47556207e-01  7.08094785e-05  5.96691113e-01  7.08094785e-05  3.53523385e-07  7.08094785e-05  4.48839201e-07  7.08094785e-05 -5.51826448e-08  7.08094785e-05  1.20000000e+00  7.08094785e-05  0.00000000e+00 
 7.09094785e-05  1.48284350e-01  7.09094785e-05  5.96675683e-01  7.09094785e-05  3.94161540e-07  7.09094785e-05 -2.88499748e-07  7.09094785e-05  5.52187761e-08  7.09094785e-05  1.20000000e+00  7.09094785e-05  0.00000000e+00 
 7.10094785e-05  1.49012680e-01  7.10094785e-05  5.96690934e-01  7.10094785e-05  3.53523276e-07  7.10094785e-05  4.48885993e-07  7.10094785e-05 -5.51828688e-08  7.10094785e-05  1.20000000e+00  7.10094785e-05  0.00000000e+00 
 7.11094785e-05  1.49741253e-01  7.11094785e-05  5.96675795e-01  7.11094785e-05  3.94161648e-07  7.11094785e-05 -2.88451898e-07  7.11094785e-05  5.52190707e-08  7.11094785e-05  1.20000000e+00  7.11094785e-05  0.00000000e+00 
 7.12094785e-05  1.50470007e-01  7.12094785e-05  5.96690775e-01  7.12094785e-05  3.53523170e-07  7.12094785e-05  4.48931758e-07  7.12094785e-05 -5.51830819e-08  7.12094785e-05  1.20000000e+00  7.12094785e-05  0.00000000e+00 
 7.13094785e-05  1.51199001e-01  7.13094785e-05  5.96675889e-01  7.13094785e-05  3.94161750e-07  7.13094785e-05 -2.88405169e-07  7.13094785e-05  5.52193550e-08  7.13094785e-05  1.20000000e+00  7.13094785e-05  0.00000000e+00 
 7.14094785e-05  1.51928170e-01  7.14094785e-05  5.96690633e-01  7.14094785e-05  3.53523071e-07  7.14094785e-05  4.48976498e-07  7.14094785e-05 -5.51832854e-08  7.14094785e-05  1.20000000e+00  7.14094785e-05  0.00000000e+00 
 7.15094785e-05  1.52657574e-01  7.15094785e-05  5.96675968e-01  7.15094785e-05  3.94161850e-07  7.15094785e-05 -2.88359548e-07  7.15094785e-05  5.52196305e-08  7.15094785e-05  1.20000000e+00  7.15094785e-05  0.00000000e+00 
 7.16094785e-05  1.53387149e-01  7.16094785e-05  5.96690507e-01  7.16094785e-05  3.53522973e-07  7.16094785e-05  4.49020220e-07  7.16094785e-05 -5.51834807e-08  7.16094785e-05  1.20000000e+00  7.16094785e-05  0.00000000e+00 
 7.17094785e-05  1.54116954e-01  7.17094785e-05  5.96676035e-01  7.17094785e-05  3.94161945e-07  7.17094785e-05 -2.88315018e-07  7.17094785e-05  5.52198982e-08  7.17094785e-05  1.20000000e+00  7.17094785e-05  0.00000000e+00 
 7.18094785e-05  1.54846925e-01  7.18094785e-05  5.96690394e-01  7.18094785e-05  3.53522880e-07  7.18094785e-05  4.49062930e-07  7.18094785e-05 -5.51836687e-08  7.18094785e-05  1.20000000e+00  7.18094785e-05  0.00000000e+00 
 7.19094785e-05  1.55577121e-01  7.19094785e-05  5.96676090e-01  7.19094785e-05  3.94162036e-07  7.19094785e-05 -2.88271564e-07  7.19094785e-05  5.52201592e-08  7.19094785e-05  1.20000000e+00  7.19094785e-05  0.00000000e+00 
 7.20094785e-05  1.56307478e-01  7.20094785e-05  5.96690293e-01  7.20094785e-05  3.53522788e-07  7.20094785e-05  4.49104635e-07  7.20094785e-05 -5.51838504e-08  7.20094785e-05  1.20000000e+00  7.20094785e-05  0.00000000e+00 
 7.21094785e-05  1.57038057e-01  7.21094785e-05  5.96676135e-01  7.21094785e-05  3.94162126e-07  7.21094785e-05 -2.88229171e-07  7.21094785e-05  5.52204142e-08  7.21094785e-05  1.20000000e+00  7.21094785e-05  0.00000000e+00 
 7.22094785e-05  1.57768791e-01  7.22094785e-05  5.96690201e-01  7.22094785e-05  3.53522700e-07  7.22094785e-05  4.49145342e-07  7.22094785e-05 -5.51840266e-08  7.22094785e-05  1.20000000e+00  7.22094785e-05  0.00000000e+00 
 7.23094785e-05  1.58499743e-01  7.23094785e-05  5.96676173e-01  7.23094785e-05  3.94162212e-07  7.23094785e-05 -2.88187822e-07  7.23094785e-05  5.52206642e-08  7.23094785e-05  1.20000000e+00  7.23094785e-05  0.00000000e+00 
 7.24094785e-05  1.59230844e-01  7.24094785e-05  5.96690119e-01  7.24094785e-05  3.53522615e-07  7.24094785e-05  4.49185063e-07  7.24094785e-05 -5.51841979e-08  7.24094785e-05  1.20000000e+00  7.24094785e-05  0.00000000e+00 
 7.25094785e-05  1.59962160e-01  7.25094785e-05  5.96676203e-01  7.25094785e-05  3.94162298e-07  7.25094785e-05 -2.88147502e-07  7.25094785e-05  5.52209096e-08  7.25094785e-05  1.20000000e+00  7.25094785e-05  0.00000000e+00 
 7.26094785e-05  1.60693620e-01  7.26094785e-05  5.96690044e-01  7.26094785e-05  3.53522532e-07  7.26094785e-05  4.49223807e-07  7.26094785e-05 -5.51843650e-08  7.26094785e-05  1.20000000e+00  7.26094785e-05  0.00000000e+00 
 7.27094785e-05  1.61425291e-01  7.27094785e-05  5.96676227e-01  7.27094785e-05  3.94162380e-07  7.27094785e-05 -2.88108194e-07  7.27094785e-05  5.52211511e-08  7.27094785e-05  1.20000000e+00  7.27094785e-05  0.00000000e+00 
 7.28094785e-05  1.62157101e-01  7.28094785e-05  5.96689975e-01  7.28094785e-05  3.53522448e-07  7.28094785e-05  4.49261585e-07  7.28094785e-05 -5.51845284e-08  7.28094785e-05  1.20000000e+00  7.28094785e-05  0.00000000e+00 
 7.29094785e-05  1.62889117e-01  7.29094785e-05  5.96676247e-01  7.29094785e-05  3.94162463e-07  7.29094785e-05 -2.88069881e-07  7.29094785e-05  5.52213892e-08  7.29094785e-05  1.20000000e+00  7.29094785e-05  0.00000000e+00 
 7.30094785e-05  1.63621268e-01  7.30094785e-05  5.96689913e-01  7.30094785e-05  3.53522369e-07  7.30094785e-05  4.49298410e-07  7.30094785e-05 -5.51846886e-08  7.30094785e-05  1.20000000e+00  7.30094785e-05  0.00000000e+00 
 7.31094785e-05  1.64353621e-01  7.31094785e-05  5.96676262e-01  7.31094785e-05  3.94162544e-07  7.31094785e-05 -2.88032547e-07  7.31094785e-05  5.52216242e-08  7.31094785e-05  1.20000000e+00  7.31094785e-05  0.00000000e+00 
 7.32094785e-05  1.65086104e-01  7.32094785e-05  5.96689856e-01  7.32094785e-05  3.53522288e-07  7.32094785e-05  4.49334295e-07  7.32094785e-05 -5.51848458e-08  7.32094785e-05  1.20000000e+00  7.32094785e-05  0.00000000e+00 
 7.33094785e-05  1.65818786e-01  7.33094785e-05  5.96676273e-01  7.33094785e-05  3.94162621e-07  7.33094785e-05 -2.87996174e-07  7.33094785e-05  5.52218566e-08  7.33094785e-05  1.20000000e+00  7.33094785e-05  0.00000000e+00 
 7.34094785e-05  1.66551593e-01  7.34094785e-05  5.96689803e-01  7.34094785e-05  3.53522209e-07  7.34094785e-05  4.49369252e-07  7.34094785e-05 -5.51850005e-08  7.34094785e-05  1.20000000e+00  7.34094785e-05  0.00000000e+00 
 7.35094785e-05  1.67284595e-01  7.35094785e-05  5.96676282e-01  7.35094785e-05  3.94162698e-07  7.35094785e-05 -2.87960745e-07  7.35094785e-05  5.52220866e-08  7.35094785e-05  1.20000000e+00  7.35094785e-05  0.00000000e+00 
 7.36094785e-05  1.68017717e-01  7.36094785e-05  5.96689754e-01  7.36094785e-05  3.53522133e-07  7.36094785e-05  4.49403299e-07  7.36094785e-05 -5.51851529e-08  7.36094785e-05  1.20000000e+00  7.36094785e-05  0.00000000e+00 
 7.37094785e-05  1.68751030e-01  7.37094785e-05  5.96676288e-01  7.37094785e-05  3.94162775e-07  7.37094785e-05 -2.87926243e-07  7.37094785e-05  5.52223145e-08  7.37094785e-05  1.20000000e+00  7.37094785e-05  0.00000000e+00 
 7.38094785e-05  1.69484459e-01  7.38094785e-05  5.96689708e-01  7.38094785e-05  3.53522055e-07  7.38094785e-05  4.49436447e-07  7.38094785e-05 -5.51853033e-08  7.38094785e-05  1.20000000e+00  7.38094785e-05  0.00000000e+00 
 7.39094785e-05  1.70218076e-01  7.39094785e-05  5.96676292e-01  7.39094785e-05  3.94162852e-07  7.39094785e-05 -2.87892650e-07  7.39094785e-05  5.52225405e-08  7.39094785e-05  1.20000000e+00  7.39094785e-05  0.00000000e+00 
 7.40094785e-05  1.70951804e-01  7.40094785e-05  5.96689665e-01  7.40094785e-05  3.53521982e-07  7.40094785e-05  4.49468713e-07  7.40094785e-05 -5.51854518e-08  7.40094785e-05  1.20000000e+00  7.40094785e-05  0.00000000e+00 
 7.41094785e-05  1.71685716e-01  7.41094785e-05  5.96676294e-01  7.41094785e-05  3.94162928e-07  7.41094785e-05 -2.87859948e-07  7.41094785e-05  5.52227648e-08  7.41094785e-05  1.20000000e+00  7.41094785e-05  0.00000000e+00 
 7.42094785e-05  1.72419734e-01  7.42094785e-05  5.96689625e-01  7.42094785e-05  3.53521906e-07  7.42094785e-05  4.49500112e-07  7.42094785e-05 -5.51855987e-08  7.42094785e-05  1.20000000e+00  7.42094785e-05  0.00000000e+00 
 7.43094785e-05  1.73153934e-01  7.43094785e-05  5.96676295e-01  7.43094785e-05  3.94163001e-07  7.43094785e-05 -2.87828119e-07  7.43094785e-05  5.52229876e-08  7.43094785e-05  1.20000000e+00  7.43094785e-05  0.00000000e+00 
 7.44094785e-05  1.73888236e-01  7.44094785e-05  5.96689587e-01  7.44094785e-05  3.53521833e-07  7.44094785e-05  4.49530661e-07  7.44094785e-05 -5.51857441e-08  7.44094785e-05  1.20000000e+00  7.44094785e-05  0.00000000e+00 
 7.45094785e-05  1.74622715e-01  7.45094785e-05  5.96676295e-01  7.45094785e-05  3.94163074e-07  7.45094785e-05 -2.87797145e-07  7.45094785e-05  5.52232091e-08  7.45094785e-05  1.20000000e+00  7.45094785e-05  0.00000000e+00 
 7.46094785e-05  1.75357292e-01  7.46094785e-05  5.96689551e-01  7.46094785e-05  3.53521757e-07  7.46094785e-05  4.49560376e-07  7.46094785e-05 -5.51858882e-08  7.46094785e-05  1.20000000e+00  7.46094785e-05  0.00000000e+00 
 7.47094785e-05  1.76092044e-01  7.47094785e-05  5.96676294e-01  7.47094785e-05  3.94163148e-07  7.47094785e-05 -2.87767008e-07  7.47094785e-05  5.52234293e-08  7.47094785e-05  1.20000000e+00  7.47094785e-05  0.00000000e+00 
 7.48094785e-05  1.76826889e-01  7.48094785e-05  5.96689517e-01  7.48094785e-05  3.53521687e-07  7.48094785e-05  4.49589276e-07  7.48094785e-05 -5.51860310e-08  7.48094785e-05  1.20000000e+00  7.48094785e-05  0.00000000e+00 
 7.49094785e-05  1.77561905e-01  7.49094785e-05  5.96676292e-01  7.49094785e-05  3.94163220e-07  7.49094785e-05 -2.87737689e-07  7.49094785e-05  5.52236483e-08  7.49094785e-05  1.20000000e+00  7.49094785e-05  0.00000000e+00 
 7.50094785e-05  1.78297011e-01  7.50094785e-05  5.96689485e-01  7.50094785e-05  3.53521613e-07  7.50094785e-05  4.49617375e-07  7.50094785e-05 -5.51861726e-08  7.50094785e-05  1.20000000e+00  7.50094785e-05  0.00000000e+00 
 7.51094785e-05  1.79032284e-01  7.51094785e-05  5.96676290e-01  7.51094785e-05  3.94163290e-07  7.51094785e-05 -2.87709170e-07  7.51094785e-05  5.52238664e-08  7.51094785e-05  1.20000000e+00  7.51094785e-05  0.00000000e+00 
 7.52094785e-05  1.79767644e-01  7.52094785e-05  5.96689454e-01  7.52094785e-05  3.53521542e-07  7.52094785e-05  4.49644692e-07  7.52094785e-05 -5.51863132e-08  7.52094785e-05  1.20000000e+00  7.52094785e-05  0.00000000e+00 
 7.53094785e-05  1.80503167e-01  7.53094785e-05  5.96676288e-01  7.53094785e-05  3.94163364e-07  7.53094785e-05 -2.87681433e-07  7.53094785e-05  5.52240834e-08  7.53094785e-05  1.20000000e+00  7.53094785e-05  0.00000000e+00 
 7.54094785e-05  1.81238773e-01  7.54094785e-05  5.96689424e-01  7.54094785e-05  3.53521470e-07  7.54094785e-05  4.49671243e-07  7.54094785e-05 -5.51864528e-08  7.54094785e-05  1.20000000e+00  7.54094785e-05  0.00000000e+00 
 7.55094785e-05  1.81974540e-01  7.55094785e-05  5.96676285e-01  7.55094785e-05  3.94163434e-07  7.55094785e-05 -2.87654459e-07  7.55094785e-05  5.52242995e-08  7.55094785e-05  1.20000000e+00  7.55094785e-05  0.00000000e+00 
 7.56094785e-05  1.82710386e-01  7.56094785e-05  5.96689396e-01  7.56094785e-05  3.53521399e-07  7.56094785e-05  4.49697047e-07  7.56094785e-05 -5.51865914e-08  7.56094785e-05  1.20000000e+00  7.56094785e-05  0.00000000e+00 
 7.57094785e-05  1.83446390e-01  7.57094785e-05  5.96676282e-01  7.57094785e-05  3.94163506e-07  7.57094785e-05 -2.87628230e-07  7.57094785e-05  5.52245148e-08  7.57094785e-05  1.20000000e+00  7.57094785e-05  0.00000000e+00 
 7.58094785e-05  1.84182468e-01  7.58094785e-05  5.96689368e-01  7.58094785e-05  3.53521328e-07  7.58094785e-05  4.49722121e-07  7.58094785e-05 -5.51867292e-08  7.58094785e-05  1.20000000e+00  7.58094785e-05  0.00000000e+00 
 7.59094785e-05  1.84918702e-01  7.59094785e-05  5.96676280e-01  7.59094785e-05  3.94163575e-07  7.59094785e-05 -2.87602727e-07  7.59094785e-05  5.52247293e-08  7.59094785e-05  1.20000000e+00  7.59094785e-05  0.00000000e+00 
 7.60094785e-05  1.85655006e-01  7.60094785e-05  5.96689341e-01  7.60094785e-05  3.53521260e-07  7.60094785e-05  4.49746484e-07  7.60094785e-05 -5.51868661e-08  7.60094785e-05  1.20000000e+00  7.60094785e-05  0.00000000e+00 
 7.61094785e-05  1.86391464e-01  7.61094785e-05  5.96676277e-01  7.61094785e-05  3.94163645e-07  7.61094785e-05 -2.87577932e-07  7.61094785e-05  5.52249429e-08  7.61094785e-05  1.20000000e+00  7.61094785e-05  0.00000000e+00 
 7.62094785e-05  1.87127988e-01  7.62094785e-05  5.96689316e-01  7.62094785e-05  3.53521189e-07  7.62094785e-05  4.49770152e-07  7.62094785e-05 -5.51870021e-08  7.62094785e-05  1.20000000e+00  7.62094785e-05  0.00000000e+00 
 7.63094785e-05  1.87864663e-01  7.63094785e-05  5.96676274e-01  7.63094785e-05  3.94163713e-07  7.63094785e-05 -2.87553827e-07  7.63094785e-05  5.52251559e-08  7.63094785e-05  1.20000000e+00  7.63094785e-05  0.00000000e+00 
 7.64094785e-05  1.88601402e-01  7.64094785e-05  5.96689291e-01  7.64094785e-05  3.53521119e-07  7.64094785e-05  4.49793142e-07  7.64094785e-05 -5.51871375e-08  7.64094785e-05  1.20000000e+00  7.64094785e-05  0.00000000e+00 
 7.65094785e-05  1.89338288e-01  7.65094785e-05  5.96676271e-01  7.65094785e-05  3.94163783e-07  7.65094785e-05 -2.87530394e-07  7.65094785e-05  5.52253681e-08  7.65094785e-05  1.20000000e+00  7.65094785e-05  0.00000000e+00 
 7.66094785e-05  1.90075234e-01  7.66094785e-05  5.96689266e-01  7.66094785e-05  3.53521051e-07  7.66094785e-05  4.49815474e-07  7.66094785e-05 -5.51872720e-08  7.66094785e-05  1.20000000e+00  7.66094785e-05  0.00000000e+00 
 7.67094785e-05  1.90812325e-01  7.67094785e-05  5.96676269e-01  7.67094785e-05  3.94163853e-07  7.67094785e-05 -2.87507613e-07  7.67094785e-05  5.52255797e-08  7.67094785e-05  1.20000000e+00  7.67094785e-05  0.00000000e+00 
 7.68094785e-05  1.91549473e-01  7.68094785e-05  5.96689243e-01  7.68094785e-05  3.53520981e-07  7.68094785e-05  4.49837165e-07  7.68094785e-05 -5.51874058e-08  7.68094785e-05  1.20000000e+00  7.68094785e-05  0.00000000e+00 
 7.69094785e-05  1.92286764e-01  7.69094785e-05  5.96676266e-01  7.69094785e-05  3.94163920e-07  7.69094785e-05 -2.87485469e-07  7.69094785e-05  5.52257906e-08  7.69094785e-05  1.20000000e+00  7.69094785e-05  0.00000000e+00 
 7.70094785e-05  1.93024108e-01  7.70094785e-05  5.96689220e-01  7.70094785e-05  3.53520911e-07  7.70094785e-05  4.49858231e-07  7.70094785e-05 -5.51875389e-08  7.70094785e-05  1.20000000e+00  7.70094785e-05  0.00000000e+00 
 7.71094785e-05  1.93761593e-01  7.71094785e-05  5.96676265e-01  7.71094785e-05  3.94163990e-07  7.71094785e-05 -2.87463943e-07  7.71094785e-05  5.52260008e-08  7.71094785e-05  1.20000000e+00  7.71094785e-05  0.00000000e+00 
 7.72094785e-05  1.94499128e-01  7.72094785e-05  5.96689197e-01  7.72094785e-05  3.53520844e-07  7.72094785e-05  4.49878691e-07  7.72094785e-05 -5.51876713e-08  7.72094785e-05  1.20000000e+00  7.72094785e-05  0.00000000e+00 
 7.73094785e-05  1.95236801e-01  7.73094785e-05  5.96676263e-01  7.73094785e-05  3.94164056e-07  7.73094785e-05 -2.87443016e-07  7.73094785e-05  5.52262104e-08  7.73094785e-05  1.20000000e+00  7.73094785e-05  0.00000000e+00 
 7.74094785e-05  1.95974521e-01  7.74094785e-05  5.96689175e-01  7.74094785e-05  3.53520777e-07  7.74094785e-05  4.49898561e-07  7.74094785e-05 -5.51878031e-08  7.74094785e-05  1.20000000e+00  7.74094785e-05  0.00000000e+00 
 7.75094785e-05  1.96712377e-01  7.75094785e-05  5.96676261e-01  7.75094785e-05  3.94164124e-07  7.75094785e-05 -2.87422672e-07  7.75094785e-05  5.52264194e-08  7.75094785e-05  1.20000000e+00  7.75094785e-05  0.00000000e+00 
 7.76094785e-05  1.97450277e-01  7.76094785e-05  5.96689154e-01  7.76094785e-05  3.53520706e-07  7.76094785e-05  4.49917859e-07  7.76094785e-05 -5.51879341e-08  7.76094785e-05  1.20000000e+00  7.76094785e-05  0.00000000e+00 
 7.77094785e-05  1.98188311e-01  7.77094785e-05  5.96676260e-01  7.77094785e-05  3.94164190e-07  7.77094785e-05 -2.87402893e-07  7.77094785e-05  5.52266278e-08  7.77094785e-05  1.20000000e+00  7.77094785e-05  0.00000000e+00 
 7.78094785e-05  1.98926386e-01  7.78094785e-05  5.96689133e-01  7.78094785e-05  3.53520642e-07  7.78094785e-05  4.49936602e-07  7.78094785e-05 -5.51880645e-08  7.78094785e-05  1.20000000e+00  7.78094785e-05  0.00000000e+00 
 7.79094785e-05  1.99664592e-01  7.79094785e-05  5.96676259e-01  7.79094785e-05  3.94164258e-07  7.79094785e-05 -2.87383662e-07  7.79094785e-05  5.52268356e-08  7.79094785e-05  1.20000000e+00  7.79094785e-05  0.00000000e+00 
 7.80094785e-05  2.00402838e-01  7.80094785e-05  5.96689113e-01  7.80094785e-05  3.53520574e-07  7.80094785e-05  4.49954807e-07  7.80094785e-05 -5.51881943e-08  7.80094785e-05  1.20000000e+00  7.80094785e-05  0.00000000e+00 
 7.81094785e-05  2.01141212e-01  7.81094785e-05  5.96676258e-01  7.81094785e-05  3.94164326e-07  7.81094785e-05 -2.87364962e-07  7.81094785e-05  5.52270428e-08  7.81094785e-05  1.20000000e+00  7.81094785e-05  0.00000000e+00 
 7.82094785e-05  2.01879623e-01  7.82094785e-05  5.96689093e-01  7.82094785e-05  3.53520507e-07  7.82094785e-05  4.49972490e-07  7.82094785e-05 -5.51883234e-08  7.82094785e-05  1.20000000e+00  7.82094785e-05  0.00000000e+00 
 7.83094785e-05  2.02618160e-01  7.83094785e-05  5.96676258e-01  7.83094785e-05  3.94164391e-07  7.83094785e-05 -2.87346778e-07  7.83094785e-05  5.52272494e-08  7.83094785e-05  1.20000000e+00  7.83094785e-05  0.00000000e+00 
 7.84094785e-05  2.03356732e-01  7.84094785e-05  5.96689073e-01  7.84094785e-05  3.53520441e-07  7.84094785e-05  4.49989668e-07  7.84094785e-05 -5.51884519e-08  7.84094785e-05  1.20000000e+00  7.84094785e-05  0.00000000e+00 
 7.85094785e-05  2.04095428e-01  7.85094785e-05  5.96676257e-01  7.85094785e-05  3.94164457e-07  7.85094785e-05 -2.87329091e-07  7.85094785e-05  5.52274555e-08  7.85094785e-05  1.20000000e+00  7.85094785e-05  0.00000000e+00 
 7.86094785e-05  2.04834156e-01  7.86094785e-05  5.96689054e-01  7.86094785e-05  3.53520375e-07  7.86094785e-05  4.50006355e-07  7.86094785e-05 -5.51885797e-08  7.86094785e-05  1.20000000e+00  7.86094785e-05  0.00000000e+00 
 7.87094785e-05  2.05573006e-01  7.87094785e-05  5.96676257e-01  7.87094785e-05  3.94164524e-07  7.87094785e-05 -2.87311886e-07  7.87094785e-05  5.52276609e-08  7.87094785e-05  1.20000000e+00  7.87094785e-05  0.00000000e+00 
 7.88094785e-05  2.06311886e-01  7.88094785e-05  5.96689035e-01  7.88094785e-05  3.53520309e-07  7.88094785e-05  4.50022570e-07  7.88094785e-05 -5.51887069e-08  7.88094785e-05  1.20000000e+00  7.88094785e-05  0.00000000e+00 
 7.89094785e-05  2.07050886e-01  7.89094785e-05  5.96676257e-01  7.89094785e-05  3.94164588e-07  7.89094785e-05 -2.87295148e-07  7.89094785e-05  5.52278658e-08  7.89094785e-05  1.20000000e+00  7.89094785e-05  0.00000000e+00 
 7.90094785e-05  2.07789914e-01  7.90094785e-05  5.96689017e-01  7.90094785e-05  3.53520242e-07  7.90094785e-05  4.50038326e-07  7.90094785e-05 -5.51888336e-08  7.90094785e-05  1.20000000e+00  7.90094785e-05  0.00000000e+00 
 7.91094785e-05  2.08529060e-01  7.91094785e-05  5.96676258e-01  7.91094785e-05  3.94164653e-07  7.91094785e-05 -2.87278860e-07  7.91094785e-05  5.52280701e-08  7.91094785e-05  1.20000000e+00  7.91094785e-05  0.00000000e+00 
 7.92094785e-05  2.09268231e-01  7.92094785e-05  5.96688999e-01  7.92094785e-05  3.53520175e-07  7.92094785e-05  4.50053640e-07  7.92094785e-05 -5.51889596e-08  7.92094785e-05  1.20000000e+00  7.92094785e-05  0.00000000e+00 
 7.93094785e-05  2.10007519e-01  7.93094785e-05  5.96676259e-01  7.93094785e-05  3.94164719e-07  7.93094785e-05 -2.87263007e-07  7.93094785e-05  5.52282739e-08  7.93094785e-05  1.20000000e+00  7.93094785e-05  0.00000000e+00 
 7.94094785e-05  2.10746830e-01  7.94094785e-05  5.96688981e-01  7.94094785e-05  3.53520113e-07  7.94094785e-05  4.50068527e-07  7.94094785e-05 -5.51890850e-08  7.94094785e-05  1.20000000e+00  7.94094785e-05  0.00000000e+00 
 7.95094785e-05  2.11486255e-01  7.95094785e-05  5.96676260e-01  7.95094785e-05  3.94164785e-07  7.95094785e-05 -2.87247574e-07  7.95094785e-05  5.52284771e-08  7.95094785e-05  1.20000000e+00  7.95094785e-05  0.00000000e+00 
 7.96094785e-05  2.12225702e-01  7.96094785e-05  5.96688964e-01  7.96094785e-05  3.53520047e-07  7.96094785e-05  4.50083002e-07  7.96094785e-05 -5.51892098e-08  7.96094785e-05  1.20000000e+00  7.96094785e-05  0.00000000e+00 
 7.97094785e-05  2.12965262e-01  7.97094785e-05  5.96676262e-01  7.97094785e-05  3.94164849e-07  7.97094785e-05 -2.87232546e-07  7.97094785e-05  5.52286798e-08  7.97094785e-05  1.20000000e+00  7.97094785e-05  0.00000000e+00 
 7.98094785e-05  2.13704841e-01  7.98094785e-05  5.96688947e-01  7.98094785e-05  3.53519982e-07  7.98094785e-05  4.50097078e-07  7.98094785e-05 -5.51893340e-08  7.98094785e-05  1.20000000e+00  7.98094785e-05  0.00000000e+00 
 7.99094785e-05  2.14444532e-01  7.99094785e-05  5.96676263e-01  7.99094785e-05  3.94164913e-07  7.99094785e-05 -2.87217911e-07  7.99094785e-05  5.52288819e-08  7.99094785e-05  1.20000000e+00  7.99094785e-05  0.00000000e+00 
 8.00094785e-05  2.15184240e-01  8.00094785e-05  5.96688930e-01  8.00094785e-05  3.53519918e-07  8.00094785e-05  4.50110771e-07  8.00094785e-05 -5.51894576e-08  8.00094785e-05  1.20000000e+00  8.00094785e-05  0.00000000e+00 
 8.01094785e-05  2.15924058e-01  8.01094785e-05  5.96676265e-01  8.01094785e-05  3.94164977e-07  8.01094785e-05 -2.87203650e-07  8.01094785e-05  5.52290834e-08  8.01094785e-05  1.20000000e+00  8.01094785e-05  0.00000000e+00 
 8.02094785e-05  2.16663891e-01  8.02094785e-05  5.96688914e-01  8.02094785e-05  3.53519853e-07  8.02094785e-05  4.50124094e-07  8.02094785e-05 -5.51895806e-08  8.02094785e-05  1.20000000e+00  8.02094785e-05  0.00000000e+00 
 8.03094785e-05  2.17403833e-01  8.03094785e-05  5.96676267e-01  8.03094785e-05  3.94165041e-07  8.03094785e-05 -2.87189752e-07  8.03094785e-05  5.52292844e-08  8.03094785e-05  1.20000000e+00  8.03094785e-05  0.00000000e+00 
 8.04094785e-05  2.18143789e-01  8.04094785e-05  5.96688898e-01  8.04094785e-05  3.53519788e-07  8.04094785e-05  4.50137062e-07  8.04094785e-05 -5.51897031e-08  8.04094785e-05  1.20000000e+00  8.04094785e-05  0.00000000e+00 
 8.05094785e-05  2.18883852e-01  8.05094785e-05  5.96676270e-01  8.05094785e-05  3.94165104e-07  8.05094785e-05 -2.87176204e-07  8.05094785e-05  5.52294849e-08  8.05094785e-05  1.20000000e+00  8.05094785e-05  0.00000000e+00 
 8.06094785e-05  2.19623926e-01  8.06094785e-05  5.96688882e-01  8.06094785e-05  3.53519724e-07  8.06094785e-05  4.50149687e-07  8.06094785e-05 -5.51898249e-08  8.06094785e-05  1.20000000e+00  8.06094785e-05  0.00000000e+00 
 8.07094785e-05  2.20364106e-01  8.07094785e-05  5.96676272e-01  8.07094785e-05  3.94165169e-07  8.07094785e-05 -2.87162991e-07  8.07094785e-05  5.52296848e-08  8.07094785e-05  1.20000000e+00  8.07094785e-05  0.00000000e+00 
 8.08094785e-05  2.21104297e-01  8.08094785e-05  5.96688866e-01  8.08094785e-05  3.53519661e-07  8.08094785e-05  4.50161983e-07  8.08094785e-05 -5.51899462e-08  8.08094785e-05  1.20000000e+00  8.08094785e-05  0.00000000e+00 
 8.09094785e-05  2.21844592e-01  8.09094785e-05  5.96676275e-01  8.09094785e-05  3.94165230e-07  8.09094785e-05 -2.87150102e-07  8.09094785e-05  5.52298842e-08  8.09094785e-05  1.20000000e+00  8.09094785e-05  0.00000000e+00 
 8.10094785e-05  2.22584895e-01  8.10094785e-05  5.96688851e-01  8.10094785e-05  3.53519598e-07  8.10094785e-05  4.50173961e-07  8.10094785e-05 -5.51900669e-08  8.10094785e-05  1.20000000e+00  8.10094785e-05  0.00000000e+00 
 8.11094785e-05  2.23325302e-01  8.11094785e-05  5.96676278e-01  8.11094785e-05  3.94165297e-07  8.11094785e-05 -2.87137521e-07  8.11094785e-05  5.52300830e-08  8.11094785e-05  1.20000000e+00  8.11094785e-05  0.00000000e+00 
 8.12094785e-05  2.24065715e-01  8.12094785e-05  5.96688836e-01  8.12094785e-05  3.53519535e-07  8.12094785e-05  4.50185637e-07  8.12094785e-05 -5.51901870e-08  8.12094785e-05  1.20000000e+00  8.12094785e-05  0.00000000e+00 
 8.13094785e-05  2.24806231e-01  8.13094785e-05  5.96676281e-01  8.13094785e-05  3.94165359e-07  8.13094785e-05 -2.87125240e-07  8.13094785e-05  5.52302813e-08  8.13094785e-05  1.20000000e+00  8.13094785e-05  0.00000000e+00 
 8.14094785e-05  2.25546752e-01  8.14094785e-05  5.96688822e-01  8.14094785e-05  3.53519472e-07  8.14094785e-05  4.50197019e-07  8.14094785e-05 -5.51903066e-08  8.14094785e-05  1.20000000e+00  8.14094785e-05  0.00000000e+00 
 8.15094785e-05  2.26287375e-01  8.15094785e-05  5.96676284e-01  8.15094785e-05  3.94165421e-07  8.15094785e-05 -2.87113244e-07  8.15094785e-05  5.52304791e-08  8.15094785e-05  1.20000000e+00  8.15094785e-05  0.00000000e+00 
 8.16094785e-05  2.27028001e-01  8.16094785e-05  5.96688807e-01  8.16094785e-05  3.53519409e-07  8.16094785e-05  4.50208122e-07  8.16094785e-05 -5.51904256e-08  8.16094785e-05  1.20000000e+00  8.16094785e-05  0.00000000e+00 
 8.17094785e-05  2.27768727e-01  8.17094785e-05  5.96676288e-01  8.17094785e-05  3.94165484e-07  8.17094785e-05 -2.87101523e-07  8.17094785e-05  5.52306763e-08  8.17094785e-05  1.20000000e+00  8.17094785e-05  0.00000000e+00 
 8.18094785e-05  2.28509456e-01  8.18094785e-05  5.96688793e-01  8.18094785e-05  3.53519348e-07  8.18094785e-05  4.50218956e-07  8.18094785e-05 -5.51905440e-08  8.18094785e-05  1.20000000e+00  8.18094785e-05  0.00000000e+00 
 8.19094785e-05  2.29250283e-01  8.19094785e-05  5.96676292e-01  8.19094785e-05  3.94165545e-07  8.19094785e-05 -2.87090064e-07  8.19094785e-05  5.52308730e-08  8.19094785e-05  1.20000000e+00  8.19094785e-05  0.00000000e+00 
 8.20094785e-05  2.29991112e-01  8.20094785e-05  5.96688779e-01  8.20094785e-05  3.53519285e-07  8.20094785e-05  4.50229532e-07  8.20094785e-05 -5.51906618e-08  8.20094785e-05  1.20000000e+00  8.20094785e-05  0.00000000e+00 
 8.21094785e-05  2.30732039e-01  8.21094785e-05  5.96676296e-01  8.21094785e-05  3.94165609e-07  8.21094785e-05 -2.87078857e-07  8.21094785e-05  5.52310691e-08  8.21094785e-05  1.20000000e+00  8.21094785e-05  0.00000000e+00 
 8.22094785e-05  2.31472966e-01  8.22094785e-05  5.96688765e-01  8.22094785e-05  3.53519223e-07  8.22094785e-05  4.50239862e-07  8.22094785e-05 -5.51907791e-08  8.22094785e-05  1.20000000e+00  8.22094785e-05  0.00000000e+00 
 8.23094785e-05  2.32213990e-01  8.23094785e-05  5.96676300e-01  8.23094785e-05  3.94165670e-07  8.23094785e-05 -2.87067892e-07  8.23094785e-05  5.52312647e-08  8.23094785e-05  1.20000000e+00  8.23094785e-05  0.00000000e+00 
 8.24094785e-05  2.32955012e-01  8.24094785e-05  5.96688752e-01  8.24094785e-05  3.53519160e-07  8.24094785e-05  4.50249956e-07  8.24094785e-05 -5.51908958e-08  8.24094785e-05  1.20000000e+00  8.24094785e-05  0.00000000e+00 
 8.25094785e-05  2.33696131e-01  8.25094785e-05  5.96676304e-01  8.25094785e-05  3.94165733e-07  8.25094785e-05 -2.87057157e-07  8.25094785e-05  5.52314598e-08  8.25094785e-05  1.20000000e+00  8.25094785e-05  0.00000000e+00 
 8.26094785e-05  2.34437246e-01  8.26094785e-05  5.96688739e-01  8.26094785e-05  3.53519099e-07  8.26094785e-05  4.50259823e-07  8.26094785e-05 -5.51910120e-08  8.26094785e-05  1.20000000e+00  8.26094785e-05  0.00000000e+00 
 8.27094785e-05  2.35178458e-01  8.27094785e-05  5.96676309e-01  8.27094785e-05  3.94165793e-07  8.27094785e-05 -2.87046643e-07  8.27094785e-05  5.52316544e-08  8.27094785e-05  1.20000000e+00  8.27094785e-05  0.00000000e+00 
 8.28094785e-05  2.35919665e-01  8.28094785e-05  5.96688726e-01  8.28094785e-05  3.53519038e-07  8.28094785e-05  4.50269474e-07  8.28094785e-05 -5.51911276e-08  8.28094785e-05  1.20000000e+00  8.28094785e-05  0.00000000e+00 
 8.29094785e-05  2.36660968e-01  8.29094785e-05  5.96676314e-01  8.29094785e-05  3.94165856e-07  8.29094785e-05 -2.87036340e-07  8.29094785e-05  5.52318484e-08  8.29094785e-05  1.20000000e+00  8.29094785e-05  0.00000000e+00 
 8.30094785e-05  2.37402265e-01  8.30094785e-05  5.96688712e-01  8.30094785e-05  3.53518975e-07  8.30094785e-05  4.50278920e-07  8.30094785e-05 -5.51912427e-08  8.30094785e-05  1.20000000e+00  8.30094785e-05  0.00000000e+00 
 8.31094785e-05  2.38143656e-01  8.31094785e-05  5.96676318e-01  8.31094785e-05  3.94165914e-07  8.31094785e-05 -2.87026239e-07  8.31094785e-05  5.52320419e-08  8.31094785e-05  1.20000000e+00  8.31094785e-05  0.00000000e+00 
 8.32094785e-05  2.38885041e-01  8.32094785e-05  5.96688700e-01  8.32094785e-05  3.53518913e-07  8.32094785e-05  4.50288168e-07  8.32094785e-05 -5.51913572e-08  8.32094785e-05  1.20000000e+00  8.32094785e-05  0.00000000e+00 
 8.33094785e-05  2.39626520e-01  8.33094785e-05  5.96676323e-01  8.33094785e-05  3.94165976e-07  8.33094785e-05 -2.87016330e-07  8.33094785e-05  5.52322349e-08  8.33094785e-05  1.20000000e+00  8.33094785e-05  0.00000000e+00 
 8.34094785e-05  2.40367991e-01  8.34094785e-05  5.96688687e-01  8.34094785e-05  3.53518853e-07  8.34094785e-05  4.50297229e-07  8.34094785e-05 -5.51914712e-08  8.34094785e-05  1.20000000e+00  8.34094785e-05  0.00000000e+00 
 8.35094785e-05  2.41109555e-01  8.35094785e-05  5.96676328e-01  8.35094785e-05  3.94166038e-07  8.35094785e-05 -2.87006604e-07  8.35094785e-05  5.52324274e-08  8.35094785e-05  1.20000000e+00  8.35094785e-05  0.00000000e+00 
 8.36094785e-05  2.41851111e-01  8.36094785e-05  5.96688675e-01  8.36094785e-05  3.53518792e-07  8.36094785e-05  4.50306109e-07  8.36094785e-05 -5.51915846e-08  8.36094785e-05  1.20000000e+00  8.36094785e-05  0.00000000e+00 
 8.37094785e-05  2.42592759e-01  8.37094785e-05  5.96676334e-01  8.37094785e-05  3.94166098e-07  8.37094785e-05 -2.86997053e-07  8.37094785e-05  5.52326193e-08  8.37094785e-05  1.20000000e+00  8.37094785e-05  0.00000000e+00 
 8.38094785e-05  2.43334397e-01  8.38094785e-05  5.96688663e-01  8.38094785e-05  3.53518731e-07  8.38094785e-05  4.50314819e-07  8.38094785e-05 -5.51916975e-08  8.38094785e-05  1.20000000e+00  8.38094785e-05  0.00000000e+00 
 8.39094785e-05  2.44076128e-01  8.39094785e-05  5.96676339e-01  8.39094785e-05  3.94166158e-07  8.39094785e-05 -2.86987670e-07  8.39094785e-05  5.52328107e-08  8.39094785e-05  1.20000000e+00  8.39094785e-05  0.00000000e+00 
 8.40094785e-05  2.44817848e-01  8.40094785e-05  5.96688651e-01  8.40094785e-05  3.53518671e-07  8.40094785e-05  4.50323366e-07  8.40094785e-05 -5.51918099e-08  8.40094785e-05  1.20000000e+00  8.40094785e-05  0.00000000e+00 
 8.41094785e-05  2.45559659e-01  8.41094785e-05  5.96676345e-01  8.41094785e-05  3.94166219e-07  8.41094785e-05 -2.86978445e-07  8.41094785e-05  5.52330016e-08  8.41094785e-05  1.20000000e+00  8.41094785e-05  0.00000000e+00 
 8.42094785e-05  2.46301459e-01  8.42094785e-05  5.96688639e-01  8.42094785e-05  3.53518612e-07  8.42094785e-05  4.50331758e-07  8.42094785e-05 -5.51919217e-08  8.42094785e-05  1.20000000e+00  8.42094785e-05  0.00000000e+00 
 8.43094785e-05  2.47043349e-01  8.43094785e-05  5.96676350e-01  8.43094785e-05  3.94166279e-07  8.43094785e-05 -2.86969372e-07  8.43094785e-05  5.52331920e-08  8.43094785e-05  1.20000000e+00  8.43094785e-05  0.00000000e+00 
 8.44094785e-05  2.47785228e-01  8.44094785e-05  5.96688627e-01  8.44094785e-05  3.53518550e-07  8.44094785e-05  4.50340002e-07  8.44094785e-05 -5.51920329e-08  8.44094785e-05  1.20000000e+00  8.44094785e-05  0.00000000e+00 
 8.45094785e-05  2.48527196e-01  8.45094785e-05  5.96676355e-01  8.45094785e-05  3.94166340e-07  8.45094785e-05 -2.86960442e-07  8.45094785e-05  5.52333818e-08  8.45094785e-05  1.20000000e+00  8.45094785e-05  0.00000000e+00 
 8.46094785e-05  2.49269152e-01  8.46094785e-05  5.96688616e-01  8.46094785e-05  3.53518491e-07  8.46094785e-05  4.50348106e-07  8.46094785e-05 -5.51921437e-08  8.46094785e-05  1.20000000e+00  8.46094785e-05  0.00000000e+00 
 8.47094785e-05  2.50011198e-01  8.47094785e-05  5.96676362e-01  8.47094785e-05  3.94166399e-07  8.47094785e-05 -2.86951650e-07  8.47094785e-05  5.52335712e-08  8.47094785e-05  1.20000000e+00  8.47094785e-05  0.00000000e+00 
 8.48094785e-05  2.50753230e-01  8.48094785e-05  5.96688604e-01  8.48094785e-05  3.53518430e-07  8.48094785e-05  4.50356075e-07  8.48094785e-05 -5.51922539e-08  8.48094785e-05  1.20000000e+00  8.48094785e-05  0.00000000e+00 
 8.49094785e-05  2.51495351e-01  8.49094785e-05  5.96676368e-01  8.49094785e-05  3.94166457e-07  8.49094785e-05 -2.86942988e-07  8.49094785e-05  5.52337600e-08  8.49094785e-05  1.20000000e+00  8.49094785e-05  0.00000000e+00 
 8.50000100e-05  2.52167187e-01  8.50000100e-05  5.96688593e-01  8.50000100e-05  3.53518368e-07  8.50000100e-05  4.50363477e-07  8.50000100e-05 -5.51923732e-08  8.50000100e-05  1.20000000e+00  8.50000100e-05  0.00000000e+00 
 8.50000110e-05  2.52162310e-01  8.50000110e-05  5.95840788e-01  8.50000110e-05  5.83526105e-07  8.50000110e-05  5.82187635e-07  8.50000110e-05  5.86897557e-07  8.50000110e-05  1.08000000e+00  8.50000110e-05  0.00000000e+00 
 8.50000130e-05  2.52150972e-01  8.50000130e-05  5.93989559e-01  8.50000130e-05  6.36523821e-07  8.50000130e-05  6.55544370e-07  8.50000130e-05  7.58660496e-07  8.50000130e-05  8.40000000e-01  8.50000130e-05  0.00000000e+00 
 8.50000165e-05  2.52114933e-01  8.50000165e-05  5.90317937e-01  8.50000165e-05  6.49768859e-07  8.50000165e-05  7.31700222e-07  8.50000165e-05  7.71132184e-07  8.50000165e-05  4.20000000e-01  8.50000165e-05  0.00000000e+00 
 8.50000200e-05  2.52061812e-01  8.50000200e-05  5.86172158e-01  8.50000200e-05  7.05970637e-07  8.50000200e-05  8.29288742e-07  8.50000200e-05  9.46074391e-07  8.50000200e-05  0.00000000e+00  8.50000200e-05  0.00000000e+00 
 8.50000206e-05  2.52061991e-01  8.50000206e-05  5.86379225e-01  8.50000206e-05  3.16269747e-07  8.50000206e-05 -1.42280996e-07  8.50000206e-05 -1.57518257e-07  8.50000206e-05  0.00000000e+00  8.50000206e-05  0.00000000e+00 
 8.50000219e-05  2.52063632e-01  8.50000219e-05  5.86793441e-01  8.50000219e-05  2.79999477e-07  8.50000219e-05 -8.30553202e-08  8.50000219e-05 -3.29805365e-07  8.50000219e-05  0.00000000e+00  8.50000219e-05  0.00000000e+00 
 8.50000244e-05  2.52067280e-01  8.50000244e-05  5.87473596e-01  8.50000244e-05  3.40549279e-07  8.50000244e-05 -6.61477486e-08  8.50000244e-05 -9.11106622e-08  8.50000244e-05  0.00000000e+00  8.50000244e-05  0.00000000e+00 
 8.50000295e-05  2.52073905e-01  8.50000295e-05  5.88464291e-01  8.50000295e-05  3.17779331e-07  8.50000295e-05  1.07631806e-09  8.50000295e-05 -2.02997885e-07  8.50000295e-05  0.00000000e+00  8.50000295e-05  0.00000000e+00 
 8.50000396e-05  2.52086590e-01  8.50000396e-05  5.89886359e-01  8.50000396e-05  3.65695500e-07  8.50000396e-05  1.28647313e-09  8.50000396e-05 -7.61478713e-09  8.50000396e-05  0.00000000e+00  8.50000396e-05  0.00000000e+00 
 8.50000598e-05  2.52109307e-01  8.50000598e-05  5.91908674e-01  8.50000598e-05  3.36090243e-07  8.50000598e-05  4.93738313e-08  8.50000598e-05 -1.36768731e-07  8.50000598e-05  0.00000000e+00  8.50000598e-05  0.00000000e+00 
 8.50001001e-05  2.52146001e-01  8.50001001e-05  5.95484030e-01  8.50001001e-05  3.67401181e-07  8.50001001e-05  1.57737334e-08  8.50001001e-05  8.88136390e-09  8.50001001e-05  0.00000000e+00  8.50001001e-05  0.00000000e+00 
 8.50001809e-05  2.52187425e-01  8.50001809e-05  6.00702577e-01  8.50001809e-05  3.43665511e-07  8.50001809e-05  7.50005241e-08  8.50001809e-05 -1.01610138e-07  8.50001809e-05  0.00000000e+00  8.50001809e-05  0.00000000e+00 
 8.50002971e-05  2.52208344e-01  8.50002971e-05  6.03193677e-01  8.50002971e-05  3.87834798e-07  8.50002971e-05  6.02047551e-08  8.50002971e-05  7.11703225e-08  8.50002971e-05  0.00000000e+00  8.50002971e-05  0.00000000e+00 
 8.50005072e-05  2.52213714e-01  8.50005072e-05  6.03588108e-01  8.50005072e-05  3.56366894e-07  8.50005072e-05  9.30234260e-08  8.50005072e-05 -7.27818076e-08  8.50005072e-05  0.00000000e+00  8.50005072e-05  0.00000000e+00 
 8.50007066e-05  2.52212156e-01  8.50007066e-05  6.03189414e-01  8.50007066e-05  3.92233814e-07  8.50007066e-05  6.39954459e-08  8.50007066e-05  7.68675560e-08  8.50007066e-05  0.00000000e+00  8.50007066e-05  0.00000000e+00 
 8.50010772e-05  2.52212178e-01  8.50010772e-05  6.02951099e-01  8.50010772e-05  3.56178956e-07  8.50010772e-05  9.28002595e-08  8.50010772e-05 -7.47097566e-08  8.50010772e-05  0.00000000e+00  8.50010772e-05  0.00000000e+00 
 8.50015407e-05  2.52211439e-01  8.50015407e-05  6.02612329e-01  8.50015407e-05  3.92281491e-07  8.50015407e-05  6.56042566e-08  8.50015407e-05  7.67931659e-08  8.50015407e-05  0.00000000e+00  8.50015407e-05  0.00000000e+00 
 8.50024678e-05  2.52210768e-01  8.50024678e-05  6.02252714e-01  8.50024678e-05  3.55956170e-07  8.50024678e-05  9.43083213e-08  8.50024678e-05 -7.53293585e-08  8.50024678e-05  0.00000000e+00  8.50024678e-05  0.00000000e+00 
 8.50043219e-05  2.52209188e-01  8.50043219e-05  6.01897000e-01  8.50043219e-05  3.92049070e-07  8.50043219e-05  6.73943272e-08  8.50043219e-05  7.62731108e-08  8.50043219e-05  0.00000000e+00  8.50043219e-05  0.00000000e+00 
 8.50080302e-05  2.52206840e-01  8.50080302e-05  6.02439986e-01  8.50080302e-05  3.55669324e-07  8.50080302e-05  8.40026640e-08  8.50080302e-05 -7.59857660e-08  8.50080302e-05  0.00000000e+00  8.50080302e-05  0.00000000e+00 
 8.50154467e-05  2.52202472e-01  8.50154467e-05  6.03397946e-01  8.50154467e-05  3.92035006e-07  8.50154467e-05  3.65970252e-08  8.50154467e-05  7.61685476e-08  8.50154467e-05  0.00000000e+00  8.50154467e-05  0.00000000e+00 
 8.50302797e-05  2.52197100e-01  8.50302797e-05  6.00442434e-01  8.50302797e-05  3.55827809e-07  8.50302797e-05  2.07130296e-08  8.50302797e-05 -7.58379363e-08  8.50302797e-05  0.00000000e+00  8.50302797e-05  0.00000000e+00 
 8.50599457e-05  2.52192883e-01  8.50599457e-05  5.96383883e-01  8.50599457e-05  3.91897274e-07  8.50599457e-05 -1.53087172e-08  8.50599457e-05  7.58571782e-08  8.50599457e-05  0.00000000e+00  8.50599457e-05  0.00000000e+00 
 8.51192777e-05  2.52191648e-01  8.51192777e-05  5.96891685e-01  8.51192777e-05  3.55757941e-07  8.51192777e-05  1.47766516e-08  8.51192777e-05 -7.58550780e-08  8.51192777e-05  0.00000000e+00  8.51192777e-05  0.00000000e+00 
 8.51955906e-05  2.52191601e-01  8.51955906e-05  5.96529937e-01  8.51955906e-05  3.91934786e-07  8.51955906e-05 -1.44977503e-08  8.51955906e-05  7.59180481e-08  8.51955906e-05  0.00000000e+00  8.51955906e-05  0.00000000e+00 
 8.52955906e-05  2.52191478e-01  8.52955906e-05  5.96800295e-01  8.52955906e-05  3.55746633e-07  8.52955906e-05  1.43480892e-08  8.52955906e-05 -7.58889759e-08  8.52955906e-05  0.00000000e+00  8.52955906e-05  0.00000000e+00 
 8.53955906e-05  2.52191248e-01  8.53955906e-05  5.96586052e-01  8.53955906e-05  3.91940698e-07  8.53955906e-05 -1.42292446e-08  8.53955906e-05  7.59403146e-08  8.53955906e-05  0.00000000e+00  8.53955906e-05  0.00000000e+00 
 8.54955906e-05  2.52191159e-01  8.54955906e-05  5.96759253e-01  8.54955906e-05  3.55742347e-07  8.54955906e-05  1.41428171e-08  8.54955906e-05 -7.59066049e-08  8.54955906e-05  0.00000000e+00  8.54955906e-05  0.00000000e+00 
 8.55955906e-05  2.52190917e-01  8.55955906e-05  5.96616643e-01  8.55955906e-05  3.91943958e-07  8.55955906e-05 -1.40715644e-08  8.55955906e-05  7.59542932e-08  8.55955906e-05  0.00000000e+00  8.55955906e-05  0.00000000e+00 
 8.56955906e-05  2.52190833e-01  8.56955906e-05  5.96736581e-01  8.56955906e-05  3.55739768e-07  8.56955906e-05  1.40207690e-08  8.56955906e-05 -7.59177734e-08  8.56955906e-05  0.00000000e+00  8.56955906e-05  0.00000000e+00 
 8.57955906e-05  2.52190587e-01  8.57955906e-05  5.96633607e-01  8.57955906e-05  3.91946071e-07  8.57955906e-05 -1.39764140e-08  8.57955906e-05  7.59632450e-08  8.57955906e-05  0.00000000e+00  8.57955906e-05  0.00000000e+00 
 8.58955906e-05  2.52190508e-01  8.58955906e-05  5.96723602e-01  8.58955906e-05  3.55737994e-07  8.58955906e-05  1.39460504e-08  8.58955906e-05 -7.59249890e-08  8.58955906e-05  0.00000000e+00  8.58955906e-05  0.00000000e+00 
 8.59955906e-05  2.52190257e-01  8.59955906e-05  5.96643547e-01  8.59955906e-05  3.91947595e-07  8.59955906e-05 -1.39171578e-08  8.59955906e-05  7.59691173e-08  8.59955906e-05  0.00000000e+00  8.59955906e-05  0.00000000e+00 
 8.60955906e-05  2.52190183e-01  8.60955906e-05  5.96715850e-01  8.60955906e-05  3.55736663e-07  8.60955906e-05  1.38985594e-08  8.60955906e-05 -7.59298128e-08  8.60955906e-05  0.00000000e+00  8.60955906e-05  0.00000000e+00 
 8.61955906e-05  2.52189926e-01  8.61955906e-05  5.96649612e-01  8.61955906e-05  3.91948776e-07  8.61955906e-05 -1.38785890e-08  8.61955906e-05  7.59731268e-08  8.61955906e-05  0.00000000e+00  8.61955906e-05  0.00000000e+00 
 8.62955906e-05  2.52189858e-01  8.62955906e-05  5.96711034e-01  8.62955906e-05  3.55735603e-07  8.62955906e-05  1.38667669e-08  8.62955906e-05 -7.59331859e-08  8.62955906e-05  0.00000000e+00  8.62955906e-05  0.00000000e+00 
 8.63955906e-05  2.52189596e-01  8.63955906e-05  5.96653453e-01  8.63955906e-05  3.91949742e-07  8.63955906e-05 -1.38519199e-08  8.63955906e-05  7.59760028e-08  8.63955906e-05  0.00000000e+00  8.63955906e-05  0.00000000e+00 
 8.64955906e-05  2.52189533e-01  8.64955906e-05  5.96707929e-01  8.64955906e-05  3.55734718e-07  8.64955906e-05  1.38439633e-08  8.64955906e-05 -7.59356714e-08  8.64955906e-05  0.00000000e+00  8.64955906e-05  0.00000000e+00 
 8.65955906e-05  2.52189266e-01  8.65955906e-05  5.96655978e-01  8.65955906e-05  3.91950565e-07  8.65955906e-05 -1.38320124e-08  8.65955906e-05  7.59781808e-08  8.65955906e-05  0.00000000e+00  8.65955906e-05  0.00000000e+00 
 8.66955906e-05  2.52189207e-01  8.66955906e-05  5.96705850e-01  8.66955906e-05  3.55733948e-07  8.66955906e-05  1.38262125e-08  8.66955906e-05 -7.59376059e-08  8.66955906e-05  0.00000000e+00  8.66955906e-05  0.00000000e+00 
 8.67955906e-05  2.52188936e-01  8.67955906e-05  5.96657702e-01  8.67955906e-05  3.91951290e-07  8.67955906e-05 -1.38158491e-08  8.67955906e-05  7.59799216e-08  8.67955906e-05  0.00000000e+00  8.67955906e-05  0.00000000e+00 
 8.68955906e-05  2.52188881e-01  8.68955906e-05  5.96704401e-01  8.68955906e-05  3.55733260e-07  8.68955906e-05  1.38112033e-08  8.68955906e-05 -7.59391916e-08  8.68955906e-05  0.00000000e+00  8.68955906e-05  0.00000000e+00 
 8.69955906e-05  2.52188607e-01  8.69955906e-05  5.96658929e-01  8.69955906e-05  3.91951941e-07  8.69955906e-05 -1.38016624e-08  8.69955906e-05  7.59813823e-08  8.69955906e-05  0.00000000e+00  8.69955906e-05  0.00000000e+00 
 8.70955906e-05  2.52188554e-01  8.70955906e-05  5.96703348e-01  8.70955906e-05  3.55732636e-07  8.70955906e-05  1.37975888e-08  8.70955906e-05 -7.59405510e-08  8.70955906e-05  0.00000000e+00  8.70955906e-05  0.00000000e+00 
 8.71955906e-05  2.52188278e-01  8.71955906e-05  5.96659841e-01  8.71955906e-05  3.91952543e-07  8.71955906e-05 -1.37884302e-08  8.71955906e-05  7.59826587e-08  8.71955906e-05  0.00000000e+00  8.71955906e-05  0.00000000e+00 
 8.72955906e-05  2.52188227e-01  8.72955906e-05  5.96702548e-01  8.72955906e-05  3.55732060e-07  8.72955906e-05  1.37845982e-08  8.72955906e-05 -7.59417590e-08  8.72955906e-05  0.00000000e+00  8.72955906e-05  0.00000000e+00 
 8.73955906e-05  2.52187950e-01  8.73955906e-05  5.96660550e-01  8.73955906e-05  3.91953100e-07  8.73955906e-05 -1.37755761e-08  8.73955906e-05  7.59838098e-08  8.73955906e-05  0.00000000e+00  8.73955906e-05  0.00000000e+00 
 8.74955906e-05  2.52187900e-01  8.74955906e-05  5.96701913e-01  8.74955906e-05  3.55731521e-07  8.74955906e-05  1.37718054e-08  8.74955906e-05 -7.59428623e-08  8.74955906e-05  0.00000000e+00  8.74955906e-05  0.00000000e+00 
 8.75955906e-05  2.52187622e-01  8.75955906e-05  5.96661124e-01  8.75955906e-05  3.91953621e-07  8.75955906e-05 -1.37627901e-08  8.75955906e-05  7.59848725e-08  8.75955906e-05  0.00000000e+00  8.75955906e-05  0.00000000e+00 
 8.76955906e-05  2.52187573e-01  8.76955906e-05  5.96701389e-01  8.76955906e-05  3.55731011e-07  8.76955906e-05  1.37589900e-08  8.76955906e-05 -7.59438902e-08  8.76955906e-05  0.00000000e+00  8.76955906e-05  0.00000000e+00 
 8.77955906e-05  2.52187294e-01  8.77955906e-05  5.96661605e-01  8.77955906e-05  3.91954118e-07  8.77955906e-05 -1.37499201e-08  8.77955906e-05  7.59858703e-08  8.77955906e-05  0.00000000e+00  8.77955906e-05  0.00000000e+00 
 8.78955906e-05  2.52187245e-01  8.78955906e-05  5.96700942e-01  8.78955906e-05  3.55730528e-07  8.78955906e-05  1.37460519e-08  8.78955906e-05 -7.59448617e-08  8.78955906e-05  0.00000000e+00  8.78955906e-05  0.00000000e+00 
 8.79955906e-05  2.52186966e-01  8.79955906e-05  5.96662021e-01  8.79955906e-05  3.91954587e-07  8.79955906e-05 -1.37369058e-08  8.79955906e-05  7.59868186e-08  8.79955906e-05  0.00000000e+00  8.79955906e-05  0.00000000e+00 
 8.80955906e-05  2.52186918e-01  8.80955906e-05  5.96700552e-01  8.80955906e-05  3.55730069e-07  8.80955906e-05  1.37329607e-08  8.80955906e-05 -7.59457894e-08  8.80955906e-05  0.00000000e+00  8.80955906e-05  0.00000000e+00 
 8.81955906e-05  2.52186639e-01  8.81955906e-05  5.96662389e-01  8.81955906e-05  3.91955038e-07  8.81955906e-05 -1.37237388e-08  8.81955906e-05  7.59877276e-08  8.81955906e-05  0.00000000e+00  8.81955906e-05  0.00000000e+00 
 8.82955906e-05  2.52186590e-01  8.82955906e-05  5.96700203e-01  8.82955906e-05  3.55729626e-07  8.82955906e-05  1.37197240e-08  8.82955906e-05 -7.59466816e-08  8.82955906e-05  0.00000000e+00  8.82955906e-05  0.00000000e+00 
 8.83955906e-05  2.52186311e-01  8.83955906e-05  5.96662719e-01  8.83955906e-05  3.91955471e-07  8.83955906e-05 -1.37104380e-08  8.83955906e-05  7.59886044e-08  8.83955906e-05  0.00000000e+00  8.83955906e-05  0.00000000e+00 
 8.84955906e-05  2.52186262e-01  8.84955906e-05  5.96699889e-01  8.84955906e-05  3.55729199e-07  8.84955906e-05  1.37063686e-08  8.84955906e-05 -7.59475443e-08  8.84955906e-05  0.00000000e+00  8.84955906e-05  0.00000000e+00 
 8.85955906e-05  2.52185984e-01  8.85955906e-05  5.96663019e-01  8.85955906e-05  3.91955888e-07  8.85955906e-05 -1.36970355e-08  8.85955906e-05  7.59894540e-08  8.85955906e-05  0.00000000e+00  8.85955906e-05  0.00000000e+00 
 8.86955906e-05  2.52185934e-01  8.86955906e-05  5.96699602e-01  8.86955906e-05  3.55728791e-07  8.86955906e-05  1.36929295e-08  8.86955906e-05 -7.59483817e-08  8.86955906e-05  0.00000000e+00  8.86955906e-05  0.00000000e+00 
 8.87955906e-05  2.52185657e-01  8.87955906e-05  5.96663293e-01  8.87955906e-05  3.91956292e-07  8.87955906e-05 -1.36835678e-08  8.87955906e-05  7.59902802e-08  8.87955906e-05  0.00000000e+00  8.87955906e-05  0.00000000e+00 
 8.88955906e-05  2.52185606e-01  8.88955906e-05  5.96699340e-01  8.88955906e-05  3.55728394e-07  8.88955906e-05  1.36794436e-08  8.88955906e-05 -7.59491972e-08  8.88955906e-05  0.00000000e+00  8.88955906e-05  0.00000000e+00 
 8.89955906e-05  2.52185329e-01  8.89955906e-05  5.96663545e-01  8.89955906e-05  3.91956684e-07  8.89955906e-05 -1.36700710e-08  8.89955906e-05  7.59910856e-08  8.89955906e-05  0.00000000e+00  8.89955906e-05  0.00000000e+00 
 8.90955906e-05  2.52185278e-01  8.90955906e-05  5.96699099e-01  8.90955906e-05  3.55728007e-07  8.90955906e-05  1.36659458e-08  8.90955906e-05 -7.59499932e-08  8.90955906e-05  0.00000000e+00  8.90955906e-05  0.00000000e+00 
 8.91955906e-05  2.52185002e-01  8.91955906e-05  5.96663776e-01  8.91955906e-05  3.91957064e-07  8.91955906e-05 -1.36565786e-08  8.91955906e-05  7.59918726e-08  8.91955906e-05  0.00000000e+00  8.91955906e-05  0.00000000e+00 
 8.92955906e-05  2.52184950e-01  8.92955906e-05  5.96698876e-01  8.92955906e-05  3.55727633e-07  8.92955906e-05  1.36524677e-08  8.92955906e-05 -7.59507717e-08  8.92955906e-05  0.00000000e+00  8.92955906e-05  0.00000000e+00 
 8.93955906e-05  2.52184675e-01  8.93955906e-05  5.96663989e-01  8.93955906e-05  3.91957435e-07  8.93955906e-05 -1.36431201e-08  8.93955906e-05  7.59926431e-08  8.93955906e-05  0.00000000e+00  8.93955906e-05  0.00000000e+00 
 8.94955906e-05  2.52184621e-01  8.94955906e-05  5.96698672e-01  8.94955906e-05  3.55727269e-07  8.94955906e-05  1.36390366e-08  8.94955906e-05 -7.59515346e-08  8.94955906e-05  0.00000000e+00  8.94955906e-05  0.00000000e+00 
 8.95955906e-05  2.52184348e-01  8.95955906e-05  5.96664186e-01  8.95955906e-05  3.91957795e-07  8.95955906e-05 -1.36297207e-08  8.95955906e-05  7.59933986e-08  8.95955906e-05  0.00000000e+00  8.95955906e-05  0.00000000e+00 
 8.96955906e-05  2.52184293e-01  8.96955906e-05  5.96698483e-01  8.96955906e-05  3.55726910e-07  8.96955906e-05  1.36256756e-08  8.96955906e-05 -7.59522831e-08  8.96955906e-05  0.00000000e+00  8.96955906e-05  0.00000000e+00 
 8.97955906e-05  2.52184020e-01  8.97955906e-05  5.96664367e-01  8.97955906e-05  3.91958148e-07  8.97955906e-05 -1.36164014e-08  8.97955906e-05  7.59941404e-08  8.97955906e-05  0.00000000e+00  8.97955906e-05  0.00000000e+00 
 8.98955906e-05  2.52183965e-01  8.98955906e-05  5.96698309e-01  8.98955906e-05  3.55726560e-07  8.98955906e-05  1.36124038e-08  8.98955906e-05 -7.59530186e-08  8.98955906e-05  0.00000000e+00  8.98955906e-05  0.00000000e+00 
 8.99955906e-05  2.52183693e-01  8.99955906e-05  5.96664534e-01  8.99955906e-05  3.91958496e-07  8.99955906e-05 -1.36031795e-08  8.99955906e-05  7.59948699e-08  8.99955906e-05  0.00000000e+00  8.99955906e-05  0.00000000e+00 
 9.00955906e-05  2.52183637e-01  9.00955906e-05  5.96698148e-01  9.00955906e-05  3.55726217e-07  9.00955906e-05  1.35992367e-08  9.00955906e-05 -7.59537422e-08  9.00955906e-05  0.00000000e+00  9.00955906e-05  0.00000000e+00 
 9.01955906e-05  2.52183366e-01  9.01955906e-05  5.96664689e-01  9.01955906e-05  3.91958834e-07  9.01955906e-05 -1.35900690e-08  9.01955906e-05  7.59955879e-08  9.01955906e-05  0.00000000e+00  9.01955906e-05  0.00000000e+00 
 9.02955906e-05  2.52183309e-01  9.02955906e-05  5.96698000e-01  9.02955906e-05  3.55725881e-07  9.02955906e-05  1.35861869e-08  9.02955906e-05 -7.59544550e-08  9.02955906e-05  0.00000000e+00  9.02955906e-05  0.00000000e+00 
 9.03955906e-05  2.52183038e-01  9.03955906e-05  5.96664831e-01  9.03955906e-05  3.91959166e-07  9.03955906e-05 -1.35770808e-08  9.03955906e-05  7.59962955e-08  9.03955906e-05  0.00000000e+00  9.03955906e-05  0.00000000e+00 
 9.04955906e-05  2.52182981e-01  9.04955906e-05  5.96697862e-01  9.04955906e-05  3.55725551e-07  9.04955906e-05  1.35732640e-08  9.04955906e-05 -7.59551577e-08  9.04955906e-05  0.00000000e+00  9.04955906e-05  0.00000000e+00 
 9.05955906e-05  2.52182711e-01  9.05955906e-05  5.96664963e-01  9.05955906e-05  3.91959494e-07  9.05955906e-05 -1.35642237e-08  9.05955906e-05  7.59969936e-08  9.05955906e-05  0.00000000e+00  9.05955906e-05  0.00000000e+00 
 9.06955906e-05  2.52182653e-01  9.06955906e-05  5.96697736e-01  9.06955906e-05  3.55725226e-07  9.06955906e-05  1.35604756e-08  9.06955906e-05 -7.59558513e-08  9.06955906e-05  0.00000000e+00  9.06955906e-05  0.00000000e+00 
 9.07955906e-05  2.52182384e-01  9.07955906e-05  5.96665085e-01  9.07955906e-05  3.91959818e-07  9.07955906e-05 -1.35515042e-08  9.07955906e-05  7.59976828e-08  9.07955906e-05  0.00000000e+00  9.07955906e-05  0.00000000e+00 
 9.08955906e-05  2.52182325e-01  9.08955906e-05  5.96697618e-01  9.08955906e-05  3.55724907e-07  9.08955906e-05  1.35478276e-08  9.08955906e-05 -7.59565364e-08  9.08955906e-05  0.00000000e+00  9.08955906e-05  0.00000000e+00 
 9.09955906e-05  2.52182056e-01  9.09955906e-05  5.96665198e-01  9.09955906e-05  3.91960135e-07  9.09955906e-05 -1.35389273e-08  9.09955906e-05  7.59983640e-08  9.09955906e-05  0.00000000e+00  9.09955906e-05  0.00000000e+00 
 9.10955906e-05  2.52181997e-01  9.10955906e-05  5.96697509e-01  9.10955906e-05  3.55724593e-07  9.10955906e-05  1.35353240e-08  9.10955906e-05 -7.59572138e-08  9.10955906e-05  0.00000000e+00  9.10955906e-05  0.00000000e+00 
 9.11955906e-05  2.52181729e-01  9.11955906e-05  5.96665304e-01  9.11955906e-05  3.91960450e-07  9.11955906e-05 -1.35264966e-08  9.11955906e-05  7.59990376e-08  9.11955906e-05  0.00000000e+00  9.11955906e-05  0.00000000e+00 
 9.12955906e-05  2.52181669e-01  9.12955906e-05  5.96697407e-01  9.12955906e-05  3.55724280e-07  9.12955906e-05  1.35229682e-08  9.12955906e-05 -7.59578839e-08  9.12955906e-05  0.00000000e+00  9.12955906e-05  0.00000000e+00 
 9.13955906e-05  2.52181402e-01  9.13955906e-05  5.96665402e-01  9.13955906e-05  3.91960758e-07  9.13955906e-05 -1.35142149e-08  9.13955906e-05  7.59997043e-08  9.13955906e-05  0.00000000e+00  9.13955906e-05  0.00000000e+00 
 9.14955906e-05  2.52181341e-01  9.14955906e-05  5.96697312e-01  9.14955906e-05  3.55723974e-07  9.14955906e-05  1.35107622e-08  9.14955906e-05 -7.59585473e-08  9.14955906e-05  0.00000000e+00  9.14955906e-05  0.00000000e+00 
 9.15955906e-05  2.52181074e-01  9.15955906e-05  5.96665495e-01  9.15955906e-05  3.91961062e-07  9.15955906e-05 -1.35020837e-08  9.15955906e-05  7.60003645e-08  9.15955906e-05  0.00000000e+00  9.15955906e-05  0.00000000e+00 
 9.16955906e-05  2.52181013e-01  9.16955906e-05  5.96697223e-01  9.16955906e-05  3.55723670e-07  9.16955906e-05  1.34987073e-08  9.16955906e-05 -7.59592045e-08  9.16955906e-05  0.00000000e+00  9.16955906e-05  0.00000000e+00 
 9.17955906e-05  2.52180747e-01  9.17955906e-05  5.96665580e-01  9.17955906e-05  3.91961364e-07  9.17955906e-05 -1.34901040e-08  9.17955906e-05  7.60010188e-08  9.17955906e-05  0.00000000e+00  9.17955906e-05  0.00000000e+00 
 9.18955906e-05  2.52180685e-01  9.18955906e-05  5.96697139e-01  9.18955906e-05  3.55723370e-07  9.18955906e-05  1.34868041e-08  9.18955906e-05 -7.59598559e-08  9.18955906e-05  0.00000000e+00  9.18955906e-05  0.00000000e+00 
 9.19955906e-05  2.52180420e-01  9.19955906e-05  5.96665662e-01  9.19955906e-05  3.91961663e-07  9.19955906e-05 -1.34782764e-08  9.19955906e-05  7.60016674e-08  9.19955906e-05  0.00000000e+00  9.19955906e-05  0.00000000e+00 
 9.20955906e-05  2.52180357e-01  9.20955906e-05  5.96697061e-01  9.20955906e-05  3.55723074e-07  9.20955906e-05  1.34750532e-08  9.20955906e-05 -7.59605019e-08  9.20955906e-05  0.00000000e+00  9.20955906e-05  0.00000000e+00 
 9.21955906e-05  2.52180092e-01  9.21955906e-05  5.96665738e-01  9.21955906e-05  3.91961958e-07  9.21955906e-05 -1.34666009e-08  9.21955906e-05  7.60023108e-08  9.21955906e-05  0.00000000e+00  9.21955906e-05  0.00000000e+00 
 9.22955906e-05  2.52180029e-01  9.22955906e-05  5.96696986e-01  9.22955906e-05  3.55722781e-07  9.22955906e-05  1.34634542e-08  9.22955906e-05 -7.59611429e-08  9.22955906e-05  0.00000000e+00  9.22955906e-05  0.00000000e+00 
 9.23955906e-05  2.52179765e-01  9.23955906e-05  5.96665811e-01  9.23955906e-05  3.91962251e-07  9.23955906e-05 -1.34550773e-08  9.23955906e-05  7.60029493e-08  9.23955906e-05  0.00000000e+00  9.23955906e-05  0.00000000e+00 
 9.24955906e-05  2.52179701e-01  9.24955906e-05  5.96696915e-01  9.24955906e-05  3.55722490e-07  9.24955906e-05  1.34520068e-08  9.24955906e-05 -7.59617790e-08  9.24955906e-05  0.00000000e+00  9.24955906e-05  0.00000000e+00 
 9.25955906e-05  2.52179437e-01  9.25955906e-05  5.96665880e-01  9.25955906e-05  3.91962539e-07  9.25955906e-05 -1.34437049e-08  9.25955906e-05  7.60035832e-08  9.25955906e-05  0.00000000e+00  9.25955906e-05  0.00000000e+00 
 9.26955906e-05  2.52179373e-01  9.26955906e-05  5.96696848e-01  9.26955906e-05  3.55722199e-07  9.26955906e-05  1.34407104e-08  9.26955906e-05 -7.59624107e-08  9.26955906e-05  0.00000000e+00  9.26955906e-05  0.00000000e+00 
 9.27955906e-05  2.52179110e-01  9.27955906e-05  5.96665946e-01  9.27955906e-05  3.91962826e-07  9.27955906e-05 -1.34324832e-08  9.27955906e-05  7.60042127e-08  9.27955906e-05  0.00000000e+00  9.27955906e-05  0.00000000e+00 
 9.28955906e-05  2.52179045e-01  9.28955906e-05  5.96696783e-01  9.28955906e-05  3.55721917e-07  9.28955906e-05  1.34295641e-08  9.28955906e-05 -7.59630381e-08  9.28955906e-05  0.00000000e+00  9.28955906e-05  0.00000000e+00 
 9.29955906e-05  2.52178783e-01  9.29955906e-05  5.96666009e-01  9.29955906e-05  3.91963112e-07  9.29955906e-05 -1.34214112e-08  9.29955906e-05  7.60048380e-08  9.29955906e-05  0.00000000e+00  9.29955906e-05  0.00000000e+00 
 9.30955906e-05  2.52178717e-01  9.30955906e-05  5.96696722e-01  9.30955906e-05  3.55721635e-07  9.30955906e-05  1.34185670e-08  9.30955906e-05 -7.59636614e-08  9.30955906e-05  0.00000000e+00  9.30955906e-05  0.00000000e+00 
 9.31955906e-05  2.52178455e-01  9.31955906e-05  5.96666070e-01  9.31955906e-05  3.91963392e-07  9.31955906e-05 -1.34104877e-08  9.31955906e-05  7.60054593e-08  9.31955906e-05  0.00000000e+00  9.31955906e-05  0.00000000e+00 
 9.32955906e-05  2.52178389e-01  9.32955906e-05  5.96696662e-01  9.32955906e-05  3.55721352e-07  9.32955906e-05  1.34077179e-08  9.32955906e-05 -7.59642808e-08  9.32955906e-05  0.00000000e+00  9.32955906e-05  0.00000000e+00 
 9.33955906e-05  2.52178128e-01  9.33955906e-05  5.96666129e-01  9.33955906e-05  3.91963672e-07  9.33955906e-05 -1.33997117e-08  9.33955906e-05  7.60060768e-08  9.33955906e-05  0.00000000e+00  9.33955906e-05  0.00000000e+00 
 9.34955906e-05  2.52178061e-01  9.34955906e-05  5.96696604e-01  9.34955906e-05  3.55721074e-07  9.34955906e-05  1.33970157e-08  9.34955906e-05 -7.59648965e-08  9.34955906e-05  0.00000000e+00  9.34955906e-05  0.00000000e+00 
 9.35955906e-05  2.52177800e-01  9.35955906e-05  5.96666185e-01  9.35955906e-05  3.91963948e-07  9.35955906e-05 -1.33890821e-08  9.35955906e-05  7.60066907e-08  9.35955906e-05  0.00000000e+00  9.35955906e-05  0.00000000e+00 
 9.36955906e-05  2.52177733e-01  9.36955906e-05  5.96696548e-01  9.36955906e-05  3.55720798e-07  9.36955906e-05  1.33864591e-08  9.36955906e-05 -7.59655086e-08  9.36955906e-05  0.00000000e+00  9.36955906e-05  0.00000000e+00 
 9.37955906e-05  2.52177473e-01  9.37955906e-05  5.96666240e-01  9.37955906e-05  3.91964223e-07  9.37955906e-05 -1.33785974e-08  9.37955906e-05  7.60073010e-08  9.37955906e-05  0.00000000e+00  9.37955906e-05  0.00000000e+00 
 9.38955906e-05  2.52177405e-01  9.38955906e-05  5.96696494e-01  9.38955906e-05  3.55720523e-07  9.38955906e-05  1.33760469e-08  9.38955906e-05 -7.59661172e-08  9.38955906e-05  0.00000000e+00  9.38955906e-05  0.00000000e+00 
 9.39955906e-05  2.52177146e-01  9.39955906e-05  5.96666294e-01  9.39955906e-05  3.91964495e-07  9.39955906e-05 -1.33682565e-08  9.39955906e-05  7.60079079e-08  9.39955906e-05  0.00000000e+00  9.39955906e-05  0.00000000e+00 
 9.40955906e-05  2.52177078e-01  9.40955906e-05  5.96696441e-01  9.40955906e-05  3.55720252e-07  9.40955906e-05  1.33657778e-08  9.40955906e-05 -7.59667225e-08  9.40955906e-05  0.00000000e+00  9.40955906e-05  0.00000000e+00 
 9.41955906e-05  2.52176818e-01  9.41955906e-05  5.96666346e-01  9.41955906e-05  3.91964767e-07  9.41955906e-05 -1.33580581e-08  9.41955906e-05  7.60085116e-08  9.41955906e-05  0.00000000e+00  9.41955906e-05  0.00000000e+00 
 9.42955906e-05  2.52176750e-01  9.42955906e-05  5.96696390e-01  9.42955906e-05  3.55719983e-07  9.42955906e-05  1.33556504e-08  9.42955906e-05 -7.59673246e-08  9.42955906e-05  0.00000000e+00  9.42955906e-05  0.00000000e+00 
 9.43955906e-05  2.52176491e-01  9.43955906e-05  5.96666397e-01  9.43955906e-05  3.91965035e-07  9.43955906e-05 -1.33480006e-08  9.43955906e-05  7.60091120e-08  9.43955906e-05  0.00000000e+00  9.43955906e-05  0.00000000e+00 
 9.44955906e-05  2.52176422e-01  9.44955906e-05  5.96696340e-01  9.44955906e-05  3.55719715e-07  9.44955906e-05  1.33456634e-08  9.44955906e-05 -7.59679235e-08  9.44955906e-05  0.00000000e+00  9.44955906e-05  0.00000000e+00 
 9.45955906e-05  2.52176163e-01  9.45955906e-05  5.96666447e-01  9.45955906e-05  3.91965303e-07  9.45955906e-05 -1.33380829e-08  9.45955906e-05  7.60097094e-08  9.45955906e-05  0.00000000e+00  9.45955906e-05  0.00000000e+00 
 9.46955906e-05  2.52176094e-01  9.46955906e-05  5.96696290e-01  9.46955906e-05  3.55719450e-07  9.46955906e-05  1.33358153e-08  9.46955906e-05 -7.59685193e-08  9.46955906e-05  0.00000000e+00  9.46955906e-05  0.00000000e+00 
 9.47955906e-05  2.52175836e-01  9.47955906e-05  5.96666496e-01  9.47955906e-05  3.91965567e-07  9.47955906e-05 -1.33283034e-08  9.47955906e-05  7.60103036e-08  9.47955906e-05  0.00000000e+00  9.47955906e-05  0.00000000e+00 
 9.48955906e-05  2.52175766e-01  9.48955906e-05  5.96696241e-01  9.48955906e-05  3.55719185e-07  9.48955906e-05  1.33261049e-08  9.48955906e-05 -7.59691121e-08  9.48955906e-05  0.00000000e+00  9.48955906e-05  0.00000000e+00 
 9.49477953e-05  2.52175587e-01  9.49477953e-05  5.96666566e-01  9.49477953e-05  3.91965951e-07  9.49477953e-05 -1.33142970e-08  9.49477953e-05  7.60111647e-08  9.49477953e-05  0.00000000e+00  9.49477953e-05  0.00000000e+00 
 9.50000000e-05  2.52175594e-01  9.50000000e-05  5.96696149e-01  9.50000000e-05  3.55718685e-07  9.50000000e-05  1.33078763e-08  9.50000000e-05 -7.59702394e-08  9.50000000e-05  0.00000000e+00  9.50000000e-05  0.00000000e+00 
 9.50000010e-05  2.52182352e-01  9.50000010e-05  5.98425655e-01  9.50000010e-05 -3.12565887e-09  9.50000010e-05 -1.92754784e-06  9.50000010e-05  5.48742698e-05  9.50000010e-05  0.00000000e+00  9.50000010e-05  1.20000000e-01 
 9.50000030e-05  2.52197729e-01  9.50000030e-05  6.02527107e-01  9.50000030e-05 -1.90031472e-07  9.50000030e-05 -2.70315465e-06  9.50000030e-05  7.88899546e-05  9.50000030e-05  0.00000000e+00  9.50000030e-05  3.60000000e-01 
 9.50000065e-05  2.52262490e-01  9.50000065e-05  6.18789157e-01  9.50000065e-05 -1.34830293e-06  9.50000065e-05 -8.01544932e-06  9.50000065e-05  2.43799094e-04  9.50000065e-05  0.00000000e+00  9.50000065e-05  7.80000000e-01 
 9.50000100e-05  2.52391300e-01  9.50000100e-05  6.32949715e-01  9.50000100e-05 -2.43460634e-07  9.50000100e-05 -1.65950178e-06  9.50000100e-05  1.05435085e-04  9.50000100e-05  0.00000000e+00  9.50000100e-05  1.20000000e+00 
 9.50000107e-05  2.52399091e-01  9.50000107e-05  6.33235647e-01  9.50000107e-05  1.22809637e-07  9.50000107e-05 -5.68517164e-07  9.50000107e-05  2.93711486e-05  9.50000107e-05  0.00000000e+00  9.50000107e-05  1.20000000e+00 
 9.50000121e-05  2.52408827e-01  9.50000121e-05  6.33347397e-01  9.50000121e-05  3.12622837e-07  9.50000121e-05  2.20568049e-07  9.50000121e-05 -3.53327864e-06  9.50000121e-05  0.00000000e+00  9.50000121e-05  1.20000000e+00 
 9.50000149e-05  2.52423297e-01  9.50000149e-05  6.33727926e-01  9.50000149e-05  1.21426553e-07  9.50000149e-05 -6.97731448e-07  9.50000149e-05  2.40081675e-05  9.50000149e-05  0.00000000e+00  9.50000149e-05  1.20000000e+00 
 9.50000205e-05  2.52444032e-01  9.50000205e-05  6.35354847e-01  9.50000205e-05  2.63149178e-07  9.50000205e-05 -1.58082252e-07  9.50000205e-05  2.01277899e-06  9.50000205e-05  0.00000000e+00  9.50000205e-05  1.20000000e+00 
 9.50000317e-05  2.52456326e-01  9.50000317e-05  6.38349992e-01  9.50000317e-05  1.75711379e-07  9.50000317e-05 -6.54611040e-07  9.50000317e-05  2.25029122e-05  9.50000317e-05  0.00000000e+00  9.50000317e-05  1.20000000e+00 
 9.50000541e-05  2.52441180e-01  9.50000541e-05  6.43613795e-01  9.50000541e-05  3.31258909e-07  9.50000541e-05 -1.02485360e-07  9.50000541e-05  5.43208303e-07  9.50000541e-05  0.00000000e+00  9.50000541e-05  1.20000000e+00 
 9.50000939e-05  2.52401497e-01  9.50000939e-05  6.49902152e-01  9.50000939e-05  2.59442388e-07  9.50000939e-05 -4.94330868e-07  9.50000939e-05  1.58972067e-05  9.50000939e-05  0.00000000e+00  9.50000939e-05  1.20000000e+00 
 9.50001592e-05  2.52368189e-01  9.50001592e-05  6.54206922e-01  9.50001592e-05  4.08177215e-07  9.50001592e-05  1.04139142e-07  9.50001592e-05 -7.12308169e-06  9.50001592e-05  0.00000000e+00  9.50001592e-05  1.20000000e+00 
 9.50002875e-05  2.52341961e-01  9.50002875e-05  6.54930624e-01  9.50002875e-05  3.19443563e-07  9.50002875e-05 -3.43001649e-07  9.50002875e-05  1.06075204e-05  9.50002875e-05  0.00000000e+00  9.50002875e-05  1.20000000e+00 
 9.50005441e-05  2.52325412e-01  9.50005441e-05  6.51223477e-01  9.50005441e-05  4.39190029e-07  9.50005441e-05  1.79946784e-07  9.50005441e-05 -9.40684367e-06  9.50005441e-05  0.00000000e+00  9.50005441e-05  1.20000000e+00 
 9.50010014e-05  2.52310627e-01  9.50010014e-05  6.44030357e-01  9.50010014e-05  3.24439185e-07  9.50010014e-05 -2.97894145e-07  9.50010014e-05  9.95462148e-06  9.50010014e-05  0.00000000e+00  9.50010014e-05  1.20000000e+00 
 9.50019159e-05  2.52290928e-01  9.50019159e-05  6.34284282e-01  9.50019159e-05  4.33972604e-07  9.50019159e-05  2.19769725e-07  9.50019159e-05 -9.53754534e-06  9.50019159e-05  0.00000000e+00  9.50019159e-05  1.20000000e+00 
 9.50037450e-05  2.52266049e-01  9.50037450e-05  6.22870732e-01  9.50037450e-05  3.19566554e-07  9.50037450e-05 -2.47211911e-07  9.50037450e-05  9.80228969e-06  9.50037450e-05  0.00000000e+00  9.50037450e-05  1.20000000e+00 
 9.50074033e-05  2.52235190e-01  9.50074033e-05  6.12263422e-01  9.50074033e-05  4.30586909e-07  9.50074033e-05  2.61051629e-07  9.50074033e-05 -9.62214874e-06  9.50074033e-05  0.00000000e+00  9.50074033e-05  1.20000000e+00 
 9.50147198e-05  2.52180297e-01  9.50147198e-05  6.03456045e-01  9.50147198e-05  3.17980255e-07  9.50147198e-05 -2.38226675e-07  9.50147198e-05  9.76959368e-06  9.50147198e-05  0.00000000e+00  9.50147198e-05  1.20000000e+00 
 9.50293527e-05  2.52077858e-01  9.50293527e-05  5.97945584e-01  9.50293527e-05  4.29843032e-07  9.50293527e-05  2.48679497e-07  9.50293527e-05 -9.62559430e-06  9.50293527e-05  0.00000000e+00  9.50293527e-05  1.20000000e+00 
 9.50586187e-05  2.51878168e-01  9.50586187e-05  5.96661422e-01  9.50586187e-05  3.17774972e-07  9.50586187e-05 -2.47038270e-07  9.50586187e-05  9.77176702e-06  9.50586187e-05  0.00000000e+00  9.50586187e-05  1.20000000e+00 
 9.51171505e-05  2.51489210e-01  9.51171505e-05  5.96682499e-01  9.51171505e-05  4.29890913e-07  9.51171505e-05  2.46968914e-07  9.51171505e-05 -9.62575085e-06  9.51171505e-05  0.00000000e+00  9.51171505e-05  1.20000000e+00 
 9.52171505e-05  2.50826333e-01  9.52171505e-05  5.96678150e-01  9.52171505e-05  3.17796655e-07  9.52171505e-05 -2.46945077e-07  9.52171505e-05  9.77177374e-06  9.52171505e-05  0.00000000e+00  9.52171505e-05  1.20000000e+00 
 9.53171505e-05  2.50165109e-01  9.53171505e-05  5.96664653e-01  9.53171505e-05  4.29887077e-07  9.53171505e-05  2.46937857e-07  9.53171505e-05 -9.62594490e-06  9.53171505e-05  0.00000000e+00  9.53171505e-05  1.20000000e+00 
 9.54171505e-05  2.49503156e-01  9.54171505e-05  5.96688007e-01  9.54171505e-05  3.17798380e-07  9.54171505e-05 -2.46933419e-07  9.54171505e-05  9.77170666e-06  9.54171505e-05  0.00000000e+00  9.54171505e-05  1.20000000e+00 
 9.55171505e-05  2.48843162e-01  9.55171505e-05  5.96660902e-01  9.55171505e-05  4.29886332e-07  9.55171505e-05  2.46938891e-07  9.55171505e-05 -9.62611940e-06  9.55171505e-05  0.00000000e+00  9.55171505e-05  1.20000000e+00 
 9.56171505e-05  2.48182325e-01  9.56171505e-05  5.96687399e-01  9.56171505e-05  3.17798661e-07  9.56171505e-05 -2.46941776e-07  9.56171505e-05  9.77162035e-06  9.56171505e-05  0.00000000e+00  9.56171505e-05  1.20000000e+00 
 9.57171505e-05  2.47523486e-01  9.57171505e-05  5.96663992e-01  9.57171505e-05  4.29886265e-07  9.57171505e-05  2.46951182e-07  9.57171505e-05 -9.62627638e-06  9.57171505e-05  0.00000000e+00  9.57171505e-05  1.20000000e+00 
 9.58171505e-05  2.46863802e-01  9.58171505e-05  5.96682621e-01  9.58171505e-05  3.17798640e-07  9.58171505e-05 -2.46955628e-07  9.58171505e-05  9.77151634e-06  9.58171505e-05  0.00000000e+00  9.58171505e-05  1.20000000e+00 
 9.59171505e-05  2.46206106e-01  9.59171505e-05  5.96669343e-01  9.59171505e-05  4.29886309e-07  9.59171505e-05  2.46965172e-07  9.59171505e-05 -9.62641719e-06  9.59171505e-05  0.00000000e+00  9.59171505e-05  1.20000000e+00 
 9.60171505e-05  2.45547587e-01  9.60171505e-05  5.96676799e-01  9.60171505e-05  3.17798618e-07  9.60171505e-05 -2.46968841e-07  9.60171505e-05  9.77139609e-06  9.60171505e-05  0.00000000e+00  9.60171505e-05  1.20000000e+00 
 9.61171505e-05  2.44891029e-01  9.61171505e-05  5.96674957e-01  9.61171505e-05  4.29886292e-07  9.61171505e-05  2.46977109e-07  9.61171505e-05 -9.62654313e-06  9.61171505e-05  0.00000000e+00  9.61171505e-05  1.20000000e+00 
 9.62171505e-05  2.44233683e-01  9.62171505e-05  5.96671168e-01  9.62171505e-05  3.17798680e-07  9.62171505e-05 -2.46979230e-07  9.62171505e-05  9.77126089e-06  9.62171505e-05  0.00000000e+00  9.62171505e-05  1.20000000e+00 
 9.63171505e-05  2.43578263e-01  9.63171505e-05  5.96680125e-01  9.63171505e-05  4.29886175e-07  9.63171505e-05  2.46985848e-07  9.63171505e-05 -9.62665530e-06  9.63171505e-05  0.00000000e+00  9.63171505e-05  1.20000000e+00 
 9.64171505e-05  2.42922094e-01  9.64171505e-05  5.96666106e-01  9.64171505e-05  3.17798855e-07  9.64171505e-05 -2.46986317e-07  9.64171505e-05  9.77111181e-06  9.64171505e-05  0.00000000e+00  9.64171505e-05  1.20000000e+00 
 9.65171505e-05  2.42267812e-01  9.65171505e-05  5.96684683e-01  9.65171505e-05  4.29885944e-07  9.65171505e-05  2.46991341e-07  9.65171505e-05 -9.62675462e-06  9.65171505e-05  0.00000000e+00  9.65171505e-05  1.20000000e+00 
 9.66171505e-05  2.41612825e-01  9.66171505e-05  5.96661654e-01  9.66171505e-05  3.17799144e-07  9.66171505e-05 -2.46990312e-07  9.66171505e-05  9.77094973e-06  9.66171505e-05  0.00000000e+00  9.66171505e-05  1.20000000e+00 
 9.67171505e-05  2.40959682e-01  9.67171505e-05  5.96688666e-01  9.67171505e-05  4.29885597e-07  9.67171505e-05  2.46993951e-07  9.67171505e-05 -9.62684186e-06  9.67171505e-05  0.00000000e+00  9.67171505e-05  1.20000000e+00 
 9.68171505e-05  2.40305881e-01  9.68171505e-05  5.96657734e-01  9.68171505e-05  3.17799542e-07  9.68171505e-05 -2.46991659e-07  9.68171505e-05  9.77077542e-06  9.68171505e-05  0.00000000e+00  9.68171505e-05  1.20000000e+00 
 9.69171505e-05  2.39653879e-01  9.69171505e-05  5.96692173e-01  9.69171505e-05  4.29885146e-07  9.69171505e-05  2.46994157e-07  9.69171505e-05 -9.62691768e-06  9.69171505e-05  0.00000000e+00  9.69171505e-05  1.20000000e+00 
 9.70171505e-05  2.39001265e-01  9.70171505e-05  5.96654242e-01  9.70171505e-05  3.17800047e-07  9.70171505e-05 -2.46990841e-07  9.70171505e-05  9.77058954e-06  9.70171505e-05  0.00000000e+00  9.70171505e-05  1.20000000e+00 
 9.71171505e-05  2.38350405e-01  9.71171505e-05  5.96695305e-01  9.71171505e-05  4.29884593e-07  9.71171505e-05  2.46992426e-07  9.71171505e-05 -9.62698264e-06  9.71171505e-05  0.00000000e+00  9.71171505e-05  1.20000000e+00 
 9.72171505e-05  2.37698981e-01  9.72171505e-05  5.96651081e-01  9.72171505e-05  3.17800647e-07  9.72171505e-05 -2.46988302e-07  9.72171505e-05  9.77039267e-06  9.72171505e-05  0.00000000e+00  9.72171505e-05  1.20000000e+00 
 9.73171505e-05  2.37049265e-01  9.73171505e-05  5.96698151e-01  9.73171505e-05  4.29883944e-07  9.73171505e-05  2.46989173e-07  9.73171505e-05 -9.62703727e-06  9.73171505e-05  0.00000000e+00  9.73171505e-05  1.20000000e+00 
 9.74171505e-05  2.36399032e-01  9.74171505e-05  5.96648173e-01  9.74171505e-05  3.17801342e-07  9.74171505e-05 -2.46984421e-07  9.74171505e-05  9.77018537e-06  9.74171505e-05  0.00000000e+00  9.74171505e-05  1.20000000e+00 
 9.75171505e-05  2.35750462e-01  9.75171505e-05  5.96700780e-01  9.75171505e-05  4.29883203e-07  9.75171505e-05  2.46984740e-07  9.75171505e-05 -9.62708205e-06  9.75171505e-05  0.00000000e+00  9.75171505e-05  1.20000000e+00 
 9.76171505e-05  2.35101421e-01  9.76171505e-05  5.96645456e-01  9.76171505e-05  3.17802128e-07  9.76171505e-05 -2.46979506e-07  9.76171505e-05  9.76996813e-06  9.76171505e-05  0.00000000e+00  9.76171505e-05  1.20000000e+00 
 9.77171505e-05  2.34453999e-01  9.77171505e-05  5.96703244e-01  9.77171505e-05  4.29882374e-07  9.77171505e-05  2.46979405e-07  9.77171505e-05 -9.62711740e-06  9.77171505e-05  0.00000000e+00  9.77171505e-05  1.20000000e+00 
 9.78171505e-05  2.33806150e-01  9.78171505e-05  5.96642887e-01  9.78171505e-05  3.17803001e-07  9.78171505e-05 -2.46973806e-07  9.78171505e-05  9.76974142e-06  9.78171505e-05  0.00000000e+00  9.78171505e-05  1.20000000e+00 
 9.79171505e-05  2.33159879e-01  9.79171505e-05  5.96705581e-01  9.79171505e-05  4.29881460e-07  9.79171505e-05  2.46973386e-07  9.79171505e-05 -9.62714376e-06  9.79171505e-05  0.00000000e+00  9.79171505e-05  1.20000000e+00 
 9.80171505e-05  2.32513223e-01  9.80171505e-05  5.96640431e-01  9.80171505e-05  3.17803956e-07  9.80171505e-05 -2.46967511e-07  9.80171505e-05  9.76950568e-06  9.80171505e-05  0.00000000e+00  9.80171505e-05  1.20000000e+00 
 9.81171505e-05  2.31868103e-01  9.81171505e-05  5.96707820e-01  9.81171505e-05  4.29880467e-07  9.81171505e-05  2.46966853e-07  9.81171505e-05 -9.62716150e-06  9.81171505e-05  0.00000000e+00  9.81171505e-05  1.20000000e+00 
 9.82171505e-05  2.31222639e-01  9.82171505e-05  5.96638067e-01  9.82171505e-05  3.17804989e-07  9.82171505e-05 -2.46960771e-07  9.82171505e-05  9.76926134e-06  9.82171505e-05  0.00000000e+00  9.82171505e-05  1.20000000e+00 
 9.83171505e-05  2.30578673e-01  9.83171505e-05  5.96709979e-01  9.83171505e-05  4.29879391e-07  9.83171505e-05  2.46959934e-07  9.83171505e-05 -9.62717100e-06  9.83171505e-05  0.00000000e+00  9.83171505e-05  1.20000000e+00 
 9.84171505e-05  2.29934402e-01  9.84171505e-05  5.96635779e-01  9.84171505e-05  3.17806101e-07  9.84171505e-05 -2.46953698e-07  9.84171505e-05  9.76900880e-06  9.84171505e-05  0.00000000e+00  9.84171505e-05  1.20000000e+00 
 9.85171505e-05  2.29291591e-01  9.85171505e-05  5.96712070e-01  9.85171505e-05  4.29878241e-07  9.85171505e-05  2.46952727e-07  9.85171505e-05 -9.62717261e-06  9.85171505e-05  0.00000000e+00  9.85171505e-05  1.20000000e+00 
 9.86171505e-05  2.28648512e-01  9.86171505e-05  5.96633555e-01  9.86171505e-05  3.17807288e-07  9.86171505e-05 -2.46946376e-07  9.86171505e-05  9.76874842e-06  9.86171505e-05  0.00000000e+00  9.86171505e-05  1.20000000e+00 
 9.87171505e-05  2.28006857e-01  9.87171505e-05  5.96714103e-01  9.87171505e-05  4.29877016e-07  9.87171505e-05  2.46945305e-07  9.87171505e-05 -9.62716668e-06  9.87171505e-05  0.00000000e+00  9.87171505e-05  1.20000000e+00 
 9.88171505e-05  2.27364969e-01  9.88171505e-05  5.96631390e-01  9.88171505e-05  3.17808549e-07  9.88171505e-05 -2.46938867e-07  9.88171505e-05  9.76848059e-06  9.88171505e-05  0.00000000e+00  9.88171505e-05  1.20000000e+00 
 9.89171505e-05  2.26724472e-01  9.89171505e-05  5.96716083e-01  9.89171505e-05  4.29875721e-07  9.89171505e-05  2.46937721e-07  9.89171505e-05 -9.62715351e-06  9.89171505e-05  0.00000000e+00  9.89171505e-05  1.20000000e+00 
 9.90171505e-05  2.26083776e-01  9.90171505e-05  5.96629278e-01  9.90171505e-05  3.17809879e-07  9.90171505e-05 -2.46931218e-07  9.90171505e-05  9.76820564e-06  9.90171505e-05  0.00000000e+00  9.90171505e-05  1.20000000e+00 
 9.91171505e-05  2.25444437e-01  9.91171505e-05  5.96718013e-01  9.91171505e-05  4.29874355e-07  9.91171505e-05  2.46930015e-07  9.91171505e-05 -9.62713341e-06  9.91171505e-05  0.00000000e+00  9.91171505e-05  1.20000000e+00 
 9.92171505e-05  2.24804931e-01  9.92171505e-05  5.96627219e-01  9.92171505e-05  3.17811277e-07  9.92171505e-05 -2.46923462e-07  9.92171505e-05  9.76792390e-06  9.92171505e-05  0.00000000e+00  9.92171505e-05  1.20000000e+00 
 9.93171505e-05  2.24166752e-01  9.93171505e-05  5.96719894e-01  9.93171505e-05  4.29872924e-07  9.93171505e-05  2.46922214e-07  9.93171505e-05 -9.62710667e-06  9.93171505e-05  0.00000000e+00  9.93171505e-05  1.20000000e+00 
 9.94171505e-05  2.23528434e-01  9.94171505e-05  5.96625209e-01  9.94171505e-05  3.17812743e-07  9.94171505e-05 -2.46915621e-07  9.94171505e-05  9.76763568e-06  9.94171505e-05  0.00000000e+00  9.94171505e-05  1.20000000e+00 
 9.95171505e-05  2.22891416e-01  9.95171505e-05  5.96721728e-01  9.95171505e-05  4.29871427e-07  9.95171505e-05  2.46914338e-07  9.95171505e-05 -9.62707356e-06  9.95171505e-05  0.00000000e+00  9.95171505e-05  1.20000000e+00 
 9.96171505e-05  2.22254287e-01  9.96171505e-05  5.96623250e-01  9.96171505e-05  3.17814271e-07  9.96171505e-05 -2.46907714e-07  9.96171505e-05  9.76734127e-06  9.96171505e-05  0.00000000e+00  9.96171505e-05  1.20000000e+00 
 9.97171505e-05  2.21618428e-01  9.97171505e-05  5.96723515e-01  9.97171505e-05  4.29869867e-07  9.97171505e-05  2.46906402e-07  9.97171505e-05 -9.62703435e-06  9.97171505e-05  0.00000000e+00  9.97171505e-05  1.20000000e+00 
 9.98171505e-05  2.20982487e-01  9.98171505e-05  5.96621339e-01  9.98171505e-05  3.17815861e-07  9.98171505e-05 -2.46899751e-07  9.98171505e-05  9.76704096e-06  9.98171505e-05  0.00000000e+00  9.98171505e-05  1.20000000e+00 
 9.99171505e-05  2.20347789e-01  9.99171505e-05  5.96725255e-01  9.99171505e-05  4.29868246e-07  9.99171505e-05  2.46898414e-07  9.99171505e-05 -9.62698928e-06  9.99171505e-05  0.00000000e+00  9.99171505e-05  1.20000000e+00 
 1.00017151e-04  2.19713034e-01  1.00017151e-04  5.96619478e-01  1.00017151e-04  3.17817509e-07  1.00017151e-04 -2.46891741e-07  1.00017151e-04  9.76673502e-06  1.00017151e-04  0.00000000e+00  1.00017151e-04  1.20000000e+00 
 1.00117151e-04  2.19079497e-01  1.00117151e-04  5.96726949e-01  1.00117151e-04  4.29866569e-07  1.00117151e-04  2.46890382e-07  1.00117151e-04 -9.62693858e-06  1.00117151e-04  0.00000000e+00  1.00117151e-04  1.20000000e+00 
 1.00217151e-04  2.18445927e-01  1.00217151e-04  5.96617666e-01  1.00217151e-04  3.17819215e-07  1.00217151e-04 -2.46883689e-07  1.00217151e-04  9.76642370e-06  1.00217151e-04  0.00000000e+00  1.00217151e-04  1.20000000e+00 
 1.00317151e-04  2.17813551e-01  1.00317151e-04  5.96728595e-01  1.00317151e-04  4.29864834e-07  1.00317151e-04  2.46882310e-07  1.00317151e-04 -9.62688248e-06  1.00317151e-04  0.00000000e+00  1.00317151e-04  1.20000000e+00 
 1.00417151e-04  2.17181164e-01  1.00417151e-04  5.96615904e-01  1.00417151e-04  3.17820978e-07  1.00417151e-04 -2.46875598e-07  1.00417151e-04  9.76610724e-06  1.00417151e-04  0.00000000e+00  1.00417151e-04  1.20000000e+00 
 1.00517151e-04  2.16549950e-01  1.00517151e-04  5.96730195e-01  1.00517151e-04  4.29863047e-07  1.00517151e-04  2.46874201e-07  1.00517151e-04 -9.62682119e-06  1.00517151e-04  0.00000000e+00  1.00517151e-04  1.20000000e+00 
 1.00617151e-04  2.15918746e-01  1.00617151e-04  5.96614191e-01  1.00617151e-04  3.17822792e-07  1.00617151e-04 -2.46867470e-07  1.00617151e-04  9.76578586e-06  1.00617151e-04  0.00000000e+00  1.00617151e-04  1.20000000e+00 
 1.00717151e-04  2.15288692e-01  1.00717151e-04  5.96731748e-01  1.00717151e-04  4.29861207e-07  1.00717151e-04  2.46866056e-07  1.00717151e-04 -9.62675491e-06  1.00717151e-04  0.00000000e+00  1.00717151e-04  1.20000000e+00 
 1.00817151e-04  2.14658668e-01  1.00817151e-04  5.96612527e-01  1.00817151e-04  3.17824656e-07  1.00817151e-04 -2.46859309e-07  1.00817151e-04  9.76545979e-06  1.00817151e-04  0.00000000e+00  1.00817151e-04  1.20000000e+00 
 1.00917151e-04  2.14029774e-01  1.00917151e-04  5.96733255e-01  1.00917151e-04  4.29859317e-07  1.00917151e-04  2.46857877e-07  1.00917151e-04 -9.62668383e-06  1.00917151e-04  0.00000000e+00  1.00917151e-04  1.20000000e+00 
 1.01017151e-04  2.13400930e-01  1.01017151e-04  5.96610911e-01  1.01017151e-04  3.17826570e-07  1.01017151e-04 -2.46851113e-07  1.01017151e-04  9.76512924e-06  1.01017151e-04  0.00000000e+00  1.01017151e-04  1.20000000e+00 
 1.01117151e-04  2.12773196e-01  1.01117151e-04  5.96734715e-01  1.01117151e-04  4.29857380e-07  1.01117151e-04  2.46849664e-07  1.01117151e-04 -9.62660814e-06  1.01117151e-04  0.00000000e+00  1.01117151e-04  1.20000000e+00 
 1.01217151e-04  2.12145530e-01  1.01217151e-04  5.96609343e-01  1.01217151e-04  3.17828531e-07  1.01217151e-04 -2.46842884e-07  1.01217151e-04  9.76479440e-06  1.01217151e-04  0.00000000e+00  1.01217151e-04  1.20000000e+00 
 1.01317151e-04  2.11518955e-01  1.01317151e-04  5.96736130e-01  1.01317151e-04  4.29855395e-07  1.01317151e-04  2.46841418e-07  1.01317151e-04 -9.62652800e-06  1.01317151e-04  0.00000000e+00  1.01317151e-04  1.20000000e+00 
 1.01417151e-04  2.10892466e-01  1.01417151e-04  5.96607823e-01  1.01417151e-04  3.17830536e-07  1.01417151e-04 -2.46834622e-07  1.01417151e-04  9.76445546e-06  1.01417151e-04  0.00000000e+00  1.01417151e-04  1.20000000e+00 
 1.01517151e-04  2.10267049e-01  1.01517151e-04  5.96737501e-01  1.01517151e-04  4.29853370e-07  1.01517151e-04  2.46833140e-07  1.01517151e-04 -9.62644359e-06  1.01517151e-04  0.00000000e+00  1.01517151e-04  1.20000000e+00 
 1.01617151e-04  2.09641734e-01  1.01617151e-04  5.96606350e-01  1.01617151e-04  3.17832585e-07  1.01617151e-04 -2.46826327e-07  1.01617151e-04  9.76411260e-06  1.01617151e-04  0.00000000e+00  1.01617151e-04  1.20000000e+00 
 1.01717151e-04  2.09017474e-01  1.01717151e-04  5.96738827e-01  1.01717151e-04  4.29851299e-07  1.01717151e-04  2.46824830e-07  1.01717151e-04 -9.62635506e-06  1.01717151e-04  0.00000000e+00  1.01717151e-04  1.20000000e+00 
 1.01817151e-04  2.08393332e-01  1.01817151e-04  5.96604922e-01  1.01817151e-04  3.17834672e-07  1.01817151e-04 -2.46818001e-07  1.01817151e-04  9.76376599e-06  1.01817151e-04  0.00000000e+00  1.01817151e-04  1.20000000e+00 
 1.01917151e-04  2.07770229e-01  1.01917151e-04  5.96740110e-01  1.01917151e-04  4.29849190e-07  1.01917151e-04  2.46816487e-07  1.01917151e-04 -9.62626256e-06  1.01917151e-04  0.00000000e+00  1.01917151e-04  1.20000000e+00 
 1.02017151e-04  2.07147259e-01  1.02017151e-04  5.96603540e-01  1.02017151e-04  3.17836802e-07  1.02017151e-04 -2.46809643e-07  1.02017151e-04  9.76341580e-06  1.02017151e-04  0.00000000e+00  1.02017151e-04  1.20000000e+00 
 1.02117151e-04  2.06525311e-01  1.02117151e-04  5.96741351e-01  1.02117151e-04  4.29847041e-07  1.02117151e-04  2.46808113e-07  1.02117151e-04 -9.62616624e-06  1.02117151e-04  0.00000000e+00  1.02117151e-04  1.20000000e+00 
 1.02217151e-04  2.05903510e-01  1.02217151e-04  5.96602202e-01  1.02217151e-04  3.17838968e-07  1.02217151e-04 -2.46801253e-07  1.02217151e-04  9.76306218e-06  1.02217151e-04  0.00000000e+00  1.02217151e-04  1.20000000e+00 
 1.02317151e-04  2.05282716e-01  1.02317151e-04  5.96742550e-01  1.02317151e-04  4.29844855e-07  1.02317151e-04  2.46799707e-07  1.02317151e-04 -9.62606624e-06  1.02317151e-04  0.00000000e+00  1.02317151e-04  1.20000000e+00 
 1.02417151e-04  2.04662083e-01  1.02417151e-04  5.96600907e-01  1.02417151e-04  3.17841171e-07  1.02417151e-04 -2.46792832e-07  1.02417151e-04  9.76270528e-06  1.02417151e-04  0.00000000e+00  1.02417151e-04  1.20000000e+00 
 1.02517151e-04  2.04042442e-01  1.02517151e-04  5.96743709e-01  1.02517151e-04  4.29842634e-07  1.02517151e-04  2.46791271e-07  1.02517151e-04 -9.62596267e-06  1.02517151e-04  0.00000000e+00  1.02517151e-04  1.20000000e+00 
 1.02617151e-04  2.03422974e-01  1.02617151e-04  5.96599653e-01  1.02617151e-04  3.17843406e-07  1.02617151e-04 -2.46784380e-07  1.02617151e-04  9.76234524e-06  1.02617151e-04  0.00000000e+00  1.02617151e-04  1.20000000e+00 
 1.02717151e-04  2.02804486e-01  1.02717151e-04  5.96744829e-01  1.02717151e-04  4.29840383e-07  1.02717151e-04  2.46782805e-07  1.02717151e-04 -9.62585569e-06  1.02717151e-04  0.00000000e+00  1.02717151e-04  1.20000000e+00 
 1.02817151e-04  2.02186181e-01  1.02817151e-04  5.96598441e-01  1.02817151e-04  3.17845677e-07  1.02817151e-04 -2.46775899e-07  1.02817151e-04  9.76198220e-06  1.02817151e-04  0.00000000e+00  1.02817151e-04  1.20000000e+00 
 1.02917151e-04  2.01568843e-01  1.02917151e-04  5.96745910e-01  1.02917151e-04  4.29838096e-07  1.02917151e-04  2.46774308e-07  1.02917151e-04 -9.62574539e-06  1.02917151e-04  0.00000000e+00  1.02917151e-04  1.20000000e+00 
 1.03017151e-04  2.00951700e-01  1.03017151e-04  5.96597268e-01  1.03017151e-04  3.17847978e-07  1.03017151e-04 -2.46767388e-07  1.03017151e-04  9.76161629e-06  1.03017151e-04  0.00000000e+00  1.03017151e-04  1.20000000e+00 
 1.03117151e-04  2.00335511e-01  1.03117151e-04  5.96746953e-01  1.03117151e-04  4.29835779e-07  1.03117151e-04  2.46765782e-07  1.03117151e-04 -9.62563191e-06  1.03117151e-04  0.00000000e+00  1.03117151e-04  1.20000000e+00 
 1.03217151e-04  1.99719528e-01  1.03217151e-04  5.96596135e-01  1.03217151e-04  3.17850310e-07  1.03217151e-04 -2.46758848e-07  1.03217151e-04  9.76124764e-06  1.03217151e-04  0.00000000e+00  1.03217151e-04  1.20000000e+00 
 1.03317151e-04  1.99104486e-01  1.03317151e-04  5.96747961e-01  1.03317151e-04  4.29833434e-07  1.03317151e-04  2.46757228e-07  1.03317151e-04 -9.62551534e-06  1.03317151e-04  0.00000000e+00  1.03317151e-04  1.20000000e+00 
 1.03417151e-04  1.98489661e-01  1.03417151e-04  5.96595038e-01  1.03417151e-04  3.17852669e-07  1.03417151e-04 -2.46750280e-07  1.03417151e-04  9.76087636e-06  1.03417151e-04  0.00000000e+00  1.03417151e-04  1.20000000e+00 
 1.03517151e-04  1.97875765e-01  1.03517151e-04  5.96748933e-01  1.03517151e-04  4.29831062e-07  1.03517151e-04  2.46748646e-07  1.03517151e-04 -9.62539581e-06  1.03517151e-04  0.00000000e+00  1.03517151e-04  1.20000000e+00 
 1.03617151e-04  1.97262095e-01  1.03617151e-04  5.96593979e-01  1.03617151e-04  3.17855058e-07  1.03617151e-04 -2.46741684e-07  1.03617151e-04  9.76050257e-06  1.03617151e-04  0.00000000e+00  1.03617151e-04  1.20000000e+00 
 1.03717151e-04  1.96649343e-01  1.03717151e-04  5.96749872e-01  1.03717151e-04  4.29828661e-07  1.03717151e-04  2.46740037e-07  1.03717151e-04 -9.62527340e-06  1.03717151e-04  0.00000000e+00  1.03717151e-04  1.20000000e+00 
 1.03817151e-04  1.96036826e-01  1.03817151e-04  5.96592955e-01  1.03817151e-04  3.17857469e-07  1.03817151e-04 -2.46733062e-07  1.03817151e-04  9.76012639e-06  1.03817151e-04  0.00000000e+00  1.03817151e-04  1.20000000e+00 
 1.03917151e-04  1.95425217e-01  1.03917151e-04  5.96750777e-01  1.03917151e-04  4.29826234e-07  1.03917151e-04  2.46731401e-07  1.03917151e-04 -9.62514823e-06  1.03917151e-04  0.00000000e+00  1.03917151e-04  1.20000000e+00 
 1.04017151e-04  1.94813851e-01  1.04017151e-04  5.96591966e-01  1.04017151e-04  3.17859905e-07  1.04017151e-04 -2.46724413e-07  1.04017151e-04  9.75974792e-06  1.04017151e-04  0.00000000e+00  1.04017151e-04  1.20000000e+00 
 1.04117151e-04  1.94203383e-01  1.04117151e-04  5.96751650e-01  1.04117151e-04  4.29823785e-07  1.04117151e-04  2.46722740e-07  1.04117151e-04 -9.62502038e-06  1.04117151e-04  0.00000000e+00  1.04117151e-04  1.20000000e+00 
 1.04217151e-04  1.93593166e-01  1.04217151e-04  5.96591010e-01  1.04217151e-04  3.17862367e-07  1.04217151e-04 -2.46715739e-07  1.04217151e-04  9.75936725e-06  1.04217151e-04  0.00000000e+00  1.04217151e-04  1.20000000e+00 
 1.04317151e-04  1.92983837e-01  1.04317151e-04  5.96752492e-01  1.04317151e-04  4.29821313e-07  1.04317151e-04  2.46714054e-07  1.04317151e-04 -9.62488994e-06  1.04317151e-04  0.00000000e+00  1.04317151e-04  1.20000000e+00 
 1.04417151e-04  1.92374767e-01  1.04417151e-04  5.96590087e-01  1.04417151e-04  3.17864851e-07  1.04417151e-04 -2.46707041e-07  1.04417151e-04  9.75898449e-06  1.04417151e-04  0.00000000e+00  1.04417151e-04  1.20000000e+00 
 1.04517151e-04  1.91766575e-01  1.04517151e-04  5.96753304e-01  1.04517151e-04  4.29818818e-07  1.04517151e-04  2.46705343e-07  1.04517151e-04 -9.62475701e-06  1.04517151e-04  0.00000000e+00  1.04517151e-04  1.20000000e+00 
 1.04617151e-04  1.91158649e-01  1.04617151e-04  5.96589194e-01  1.04617151e-04  3.17867355e-07  1.04617151e-04 -2.46698319e-07  1.04617151e-04  9.75859974e-06  1.04617151e-04  0.00000000e+00  1.04617151e-04  1.20000000e+00 
 1.04717151e-04  1.90551593e-01  1.04717151e-04  5.96754086e-01  1.04717151e-04  4.29816303e-07  1.04717151e-04  2.46696610e-07  1.04717151e-04 -9.62462167e-06  1.04717151e-04  0.00000000e+00  1.04717151e-04  1.20000000e+00 
 1.04817151e-04  1.89944809e-01  1.04817151e-04  5.96588332e-01  1.04817151e-04  3.17869878e-07  1.04817151e-04 -2.46689574e-07  1.04817151e-04  9.75821307e-06  1.04817151e-04  0.00000000e+00  1.04817151e-04  1.20000000e+00 
 1.04917151e-04  1.89338886e-01  1.04917151e-04  5.96754841e-01  1.04917151e-04  4.29813769e-07  1.04917151e-04  2.46687854e-07  1.04917151e-04 -9.62448400e-06  1.04917151e-04  0.00000000e+00  1.04917151e-04  1.20000000e+00 
 1.05017151e-04  1.88733242e-01  1.05017151e-04  5.96587500e-01  1.05017151e-04  3.17872423e-07  1.05017151e-04 -2.46680807e-07  1.05017151e-04  9.75782459e-06  1.05017151e-04  0.00000000e+00  1.05017151e-04  1.20000000e+00 
 1.05117151e-04  1.88128451e-01  1.05117151e-04  5.96755568e-01  1.05117151e-04  4.29811215e-07  1.05117151e-04  2.46679075e-07  1.05117151e-04 -9.62434408e-06  1.05117151e-04  0.00000000e+00  1.05117151e-04  1.20000000e+00 
 1.05217151e-04  1.87523944e-01  1.05217151e-04  5.96586696e-01  1.05217151e-04  3.17874985e-07  1.05217151e-04 -2.46672018e-07  1.05217151e-04  9.75743436e-06  1.05217151e-04  0.00000000e+00  1.05217151e-04  1.20000000e+00 
 1.05317151e-04  1.86920282e-01  1.05317151e-04  5.96756268e-01  1.05317151e-04  4.29808644e-07  1.05317151e-04  2.46670277e-07  1.05317151e-04 -9.62420198e-06  1.05317151e-04  0.00000000e+00  1.05317151e-04  1.20000000e+00 
 1.05417151e-04  1.86316911e-01  1.05417151e-04  5.96585920e-01  1.05417151e-04  3.17877565e-07  1.05417151e-04 -2.46663209e-07  1.05417151e-04  9.75704248e-06  1.05417151e-04  0.00000000e+00  1.05417151e-04  1.20000000e+00 
 1.05517151e-04  1.85714377e-01  1.05517151e-04  5.96756943e-01  1.05517151e-04  4.29806056e-07  1.05517151e-04  2.46661457e-07  1.05517151e-04 -9.62405779e-06  1.05517151e-04  0.00000000e+00  1.05517151e-04  1.20000000e+00 
 1.05617151e-04  1.85112138e-01  1.05617151e-04  5.96585171e-01  1.05617151e-04  3.17880159e-07  1.05617151e-04 -2.46654380e-07  1.05617151e-04  9.75664902e-06  1.05617151e-04  0.00000000e+00  1.05617151e-04  1.20000000e+00 
 1.05717151e-04  1.84510729e-01  1.05717151e-04  5.96757594e-01  1.05717151e-04  4.29803453e-07  1.05717151e-04  2.46652619e-07  1.05717151e-04 -9.62391156e-06  1.05717151e-04  0.00000000e+00  1.05717151e-04  1.20000000e+00 
 1.05817151e-04  1.83909621e-01  1.05817151e-04  5.96584448e-01  1.05817151e-04  3.17882772e-07  1.05817151e-04 -2.46645532e-07  1.05817151e-04  9.75625405e-06  1.05817151e-04  0.00000000e+00  1.05817151e-04  1.20000000e+00 
 1.05917151e-04  1.83309336e-01  1.05917151e-04  5.96758219e-01  1.05917151e-04  4.29800832e-07  1.05917151e-04  2.46643762e-07  1.05917151e-04 -9.62376337e-06  1.05917151e-04  0.00000000e+00  1.05917151e-04  1.20000000e+00 
 1.06017151e-04  1.82709355e-01  1.06017151e-04  5.96583749e-01  1.06017151e-04  3.17885397e-07  1.06017151e-04 -2.46636666e-07  1.06017151e-04  9.75585764e-06  1.06017151e-04  0.00000000e+00  1.06017151e-04  1.20000000e+00 
 1.06117151e-04  1.82110192e-01  1.06117151e-04  5.96758822e-01  1.06117151e-04  4.29798202e-07  1.06117151e-04  2.46634887e-07  1.06117151e-04 -9.62361329e-06  1.06117151e-04  0.00000000e+00  1.06117151e-04  1.20000000e+00 
 1.06217151e-04  1.81511337e-01  1.06217151e-04  5.96583076e-01  1.06217151e-04  3.17888037e-07  1.06217151e-04 -2.46627783e-07  1.06217151e-04  9.75545987e-06  1.06217151e-04  0.00000000e+00  1.06217151e-04  1.20000000e+00 
 1.06317151e-04  1.80913292e-01  1.06317151e-04  5.96759403e-01  1.06317151e-04  4.29795554e-07  1.06317151e-04  2.46625994e-07  1.06317151e-04 -9.62346138e-06  1.06317151e-04  0.00000000e+00  1.06317151e-04  1.20000000e+00 
 1.06417151e-04  1.80315561e-01  1.06417151e-04  5.96582425e-01  1.06417151e-04  3.17890689e-07  1.06417151e-04 -2.46618882e-07  1.06417151e-04  9.75506079e-06  1.06417151e-04  0.00000000e+00  1.06417151e-04  1.20000000e+00 
 1.06517151e-04  1.79718634e-01  1.06517151e-04  5.96759961e-01  1.06517151e-04  4.29792893e-07  1.06517151e-04  2.46617086e-07  1.06517151e-04 -9.62330769e-06  1.06517151e-04  0.00000000e+00  1.06517151e-04  1.20000000e+00 
 1.06617151e-04  1.79122022e-01  1.06617151e-04  5.96581797e-01  1.06617151e-04  3.17893356e-07  1.06617151e-04 -2.46609966e-07  1.06617151e-04  9.75466048e-06  1.06617151e-04  0.00000000e+00  1.06617151e-04  1.20000000e+00 
 1.06717151e-04  1.78526210e-01  1.06717151e-04  5.96760499e-01  1.06717151e-04  4.29790224e-07  1.06717151e-04  2.46608162e-07  1.06717151e-04 -9.62315230e-06  1.06717151e-04  0.00000000e+00  1.06717151e-04  1.20000000e+00 
 1.06817151e-04  1.77930718e-01  1.06817151e-04  5.96581192e-01  1.06817151e-04  3.17896032e-07  1.06817151e-04 -2.46601034e-07  1.06817151e-04  9.75425899e-06  1.06817151e-04  0.00000000e+00  1.06817151e-04  1.20000000e+00 
 1.06917151e-04  1.77336019e-01  1.06917151e-04  5.96761016e-01  1.06917151e-04  4.29787541e-07  1.06917151e-04  2.46599223e-07  1.06917151e-04 -9.62299525e-06  1.06917151e-04  0.00000000e+00  1.06917151e-04  1.20000000e+00 
 1.07017151e-04  1.76741642e-01  1.07017151e-04  5.96580608e-01  1.07017151e-04  3.17898722e-07  1.07017151e-04 -2.46592088e-07  1.07017151e-04  9.75385638e-06  1.07017151e-04  0.00000000e+00  1.07017151e-04  1.20000000e+00 
 1.07117151e-04  1.76148053e-01  1.07117151e-04  5.96761513e-01  1.07117151e-04  4.29784848e-07  1.07117151e-04  2.46590270e-07  1.07117151e-04 -9.62283661e-06  1.07117151e-04  0.00000000e+00  1.07117151e-04  1.20000000e+00 
 1.07217151e-04  1.75554790e-01  1.07217151e-04  5.96580044e-01  1.07217151e-04  3.17901420e-07  1.07217151e-04 -2.46583128e-07  1.07217151e-04  9.75345270e-06  1.07217151e-04  0.00000000e+00  1.07217151e-04  1.20000000e+00 
 1.07317151e-04  1.74962310e-01  1.07317151e-04  5.96761992e-01  1.07317151e-04  4.29782145e-07  1.07317151e-04  2.46581303e-07  1.07317151e-04 -9.62267643e-06  1.07317151e-04  0.00000000e+00  1.07317151e-04  1.20000000e+00 
 1.07417151e-04  1.74370158e-01  1.07417151e-04  5.96579500e-01  1.07417151e-04  3.17904126e-07  1.07417151e-04 -2.46574155e-07  1.07417151e-04  9.75304802e-06  1.07417151e-04  0.00000000e+00  1.07417151e-04  1.20000000e+00 
 1.07517151e-04  1.73778785e-01  1.07517151e-04  5.96762451e-01  1.07517151e-04  4.29779429e-07  1.07517151e-04  2.46572324e-07  1.07517151e-04 -9.62251476e-06  1.07517151e-04  0.00000000e+00  1.07517151e-04  1.20000000e+00 
 1.07617151e-04  1.73187741e-01  1.07617151e-04  5.96578976e-01  1.07617151e-04  3.17906844e-07  1.07617151e-04 -2.46565170e-07  1.07617151e-04  9.75264239e-06  1.07617151e-04  0.00000000e+00  1.07617151e-04  1.20000000e+00 
 1.07717151e-04  1.72597472e-01  1.07717151e-04  5.96762893e-01  1.07717151e-04  4.29776709e-07  1.07717151e-04  2.46563332e-07  1.07717151e-04 -9.62235166e-06  1.07717151e-04  0.00000000e+00  1.07717151e-04  1.20000000e+00 
 1.07817151e-04  1.72007534e-01  1.07817151e-04  5.96578470e-01  1.07817151e-04  3.17909568e-07  1.07817151e-04 -2.46556172e-07  1.07817151e-04  9.75223584e-06  1.07817151e-04  0.00000000e+00  1.07817151e-04  1.20000000e+00 
 1.07917151e-04  1.71418367e-01  1.07917151e-04  5.96763318e-01  1.07917151e-04  4.29773979e-07  1.07917151e-04  2.46554329e-07  1.07917151e-04 -9.62218716e-06  1.07917151e-04  0.00000000e+00  1.07917151e-04  1.20000000e+00 
 1.08017151e-04  1.70829533e-01  1.08017151e-04  5.96577983e-01  1.08017151e-04  3.17912303e-07  1.08017151e-04 -2.46547164e-07  1.08017151e-04  9.75182844e-06  1.08017151e-04  0.00000000e+00  1.08017151e-04  1.20000000e+00 
 1.08117151e-04  1.70241466e-01  1.08117151e-04  5.96763725e-01  1.08117151e-04  4.29771239e-07  1.08117151e-04  2.46545315e-07  1.08117151e-04 -9.62202133e-06  1.08117151e-04  0.00000000e+00  1.08117151e-04  1.20000000e+00 
 1.08217151e-04  1.69653734e-01  1.08217151e-04  5.96577514e-01  1.08217151e-04  3.17915044e-07  1.08217151e-04 -2.46538145e-07  1.08217151e-04  9.75142023e-06  1.08217151e-04  0.00000000e+00  1.08217151e-04  1.20000000e+00 
 1.08317151e-04  1.69066764e-01  1.08317151e-04  5.96764117e-01  1.08317151e-04  4.29768495e-07  1.08317151e-04  2.46536292e-07  1.08317151e-04 -9.62185421e-06  1.08317151e-04  0.00000000e+00  1.08317151e-04  1.20000000e+00 
 1.08417151e-04  1.68480131e-01  1.08417151e-04  5.96577061e-01  1.08417151e-04  3.17917792e-07  1.08417151e-04 -2.46529117e-07  1.08417151e-04  9.75101125e-06  1.08417151e-04  0.00000000e+00  1.08417151e-04  1.20000000e+00 
 1.08517151e-04  1.67894257e-01  1.08517151e-04  5.96764492e-01  1.08517151e-04  4.29765744e-07  1.08517151e-04  2.46527258e-07  1.08517151e-04 -9.62168583e-06  1.08517151e-04  0.00000000e+00  1.08517151e-04  1.20000000e+00 
 1.08617151e-04  1.67308720e-01  1.08617151e-04  5.96576625e-01  1.08617151e-04  3.17920547e-07  1.08617151e-04 -2.46520079e-07  1.08617151e-04  9.75060154e-06  1.08617151e-04  0.00000000e+00  1.08617151e-04  1.20000000e+00 
 1.08717151e-04  1.66723940e-01  1.08717151e-04  5.96764853e-01  1.08717151e-04  4.29762986e-07  1.08717151e-04  2.46518216e-07  1.08717151e-04 -9.62151626e-06  1.08717151e-04  0.00000000e+00  1.08717151e-04  1.20000000e+00 
 1.08817151e-04  1.66139497e-01  1.08817151e-04  5.96576205e-01  1.08817151e-04  3.17923309e-07  1.08817151e-04 -2.46511032e-07  1.08817151e-04  9.75019114e-06  1.08817151e-04  0.00000000e+00  1.08817151e-04  1.20000000e+00 
 1.08917151e-04  1.65555808e-01  1.08917151e-04  5.96765198e-01  1.08917151e-04  4.29760222e-07  1.08917151e-04  2.46509165e-07  1.08917151e-04 -9.62134552e-06  1.08917151e-04  0.00000000e+00  1.08917151e-04  1.20000000e+00 
 1.09017151e-04  1.64972458e-01  1.09017151e-04  5.96575800e-01  1.09017151e-04  3.17926074e-07  1.09017151e-04 -2.46501978e-07  1.09017151e-04  9.74978010e-06  1.09017151e-04  0.00000000e+00  1.09017151e-04  1.20000000e+00 
 1.09117151e-04  1.64389858e-01  1.09117151e-04  5.96765530e-01  1.09117151e-04  4.29757454e-07  1.09117151e-04  2.46500107e-07  1.09117151e-04 -9.62117367e-06  1.09117151e-04  0.00000000e+00  1.09117151e-04  1.20000000e+00 
 1.09217151e-04  1.63807597e-01  1.09217151e-04  5.96575411e-01  1.09217151e-04  3.17928847e-07  1.09217151e-04 -2.46492916e-07  1.09217151e-04  9.74936845e-06  1.09217151e-04  0.00000000e+00  1.09217151e-04  1.20000000e+00 
 1.09317151e-04  1.63226084e-01  1.09317151e-04  5.96765847e-01  1.09317151e-04  4.29754679e-07  1.09317151e-04  2.46491041e-07  1.09317151e-04 -9.62100075e-06  1.09317151e-04  0.00000000e+00  1.09317151e-04  1.20000000e+00 
 1.09417151e-04  1.62644910e-01  1.09417151e-04  5.96575035e-01  1.09417151e-04  3.17931622e-07  1.09417151e-04 -2.46483847e-07  1.09417151e-04  9.74895623e-06  1.09417151e-04  0.00000000e+00  1.09417151e-04  1.20000000e+00 
 1.09517151e-04  1.62064482e-01  1.09517151e-04  5.96766151e-01  1.09517151e-04  4.29751901e-07  1.09517151e-04  2.46481969e-07  1.09517151e-04 -9.62082678e-06  1.09517151e-04  0.00000000e+00  1.09517151e-04  1.20000000e+00 
 1.09617151e-04  1.61484394e-01  1.09617151e-04  5.96574674e-01  1.09617151e-04  3.17934403e-07  1.09617151e-04 -2.46474772e-07  1.09617151e-04  9.74854347e-06  1.09617151e-04  0.00000000e+00  1.09617151e-04  1.20000000e+00 
 1.09717151e-04  1.60905049e-01  1.09717151e-04  5.96766442e-01  1.09717151e-04  4.29749118e-07  1.09717151e-04  2.46472891e-07  1.09717151e-04 -9.62065182e-06  1.09717151e-04  0.00000000e+00  1.09717151e-04  1.20000000e+00 
 1.09817151e-04  1.60326043e-01  1.09817151e-04  5.96574327e-01  1.09817151e-04  3.17937188e-07  1.09817151e-04 -2.46465691e-07  1.09817151e-04  9.74813020e-06  1.09817151e-04  0.00000000e+00  1.09817151e-04  1.20000000e+00 
 1.09917151e-04  1.59747779e-01  1.09917151e-04  5.96766720e-01  1.09917151e-04  4.29746331e-07  1.09917151e-04  2.46463808e-07  1.09917151e-04 -9.62047590e-06  1.09917151e-04  0.00000000e+00  1.09917151e-04  1.20000000e+00 
 1.10017151e-04  1.59169854e-01  1.10017151e-04  5.96573993e-01  1.10017151e-04  3.17939975e-07  1.10017151e-04 -2.46456604e-07  1.10017151e-04  9.74771646e-06  1.10017151e-04  0.00000000e+00  1.10017151e-04  1.20000000e+00 
 1.10117151e-04  1.58592668e-01  1.10117151e-04  5.96766986e-01  1.10117151e-04  4.29743543e-07  1.10117151e-04  2.46454719e-07  1.10117151e-04 -9.62029906e-06  1.10117151e-04  0.00000000e+00  1.10117151e-04  1.20000000e+00 
 1.10217151e-04  1.58015822e-01  1.10217151e-04  5.96573672e-01  1.10217151e-04  3.17942767e-07  1.10217151e-04 -2.46447513e-07  1.10217151e-04  9.74730226e-06  1.10217151e-04  0.00000000e+00  1.10217151e-04  1.20000000e+00 
 1.10317151e-04  1.57439713e-01  1.10317151e-04  5.96767240e-01  1.10317151e-04  4.29740750e-07  1.10317151e-04  2.46445626e-07  1.10317151e-04 -9.62012134e-06  1.10317151e-04  0.00000000e+00  1.10317151e-04  1.20000000e+00 
 1.10417151e-04  1.56863943e-01  1.10417151e-04  5.96573363e-01  1.10417151e-04  3.17945560e-07  1.10417151e-04 -2.46438418e-07  1.10417151e-04  9.74688765e-06  1.10417151e-04  0.00000000e+00  1.10417151e-04  1.20000000e+00 
 1.10517151e-04  1.56288909e-01  1.10517151e-04  5.96767483e-01  1.10517151e-04  4.29737953e-07  1.10517151e-04  2.46436529e-07  1.10517151e-04 -9.61994276e-06  1.10517151e-04  0.00000000e+00  1.10517151e-04  1.20000000e+00 
 1.10617151e-04  1.55714213e-01  1.10617151e-04  5.96573066e-01  1.10617151e-04  3.17948357e-07  1.10617151e-04 -2.46429319e-07  1.10617151e-04  9.74647265e-06  1.10617151e-04  0.00000000e+00  1.10617151e-04  1.20000000e+00 
 1.10717151e-04  1.55140253e-01  1.10717151e-04  5.96767715e-01  1.10717151e-04  4.29735155e-07  1.10717151e-04  2.46427428e-07  1.10717151e-04 -9.61976338e-06  1.10717151e-04  0.00000000e+00  1.10717151e-04  1.20000000e+00 
 1.10817151e-04  1.54566629e-01  1.10817151e-04  5.96572781e-01  1.10817151e-04  3.17951155e-07  1.10817151e-04 -2.46420217e-07  1.10817151e-04  9.74605728e-06  1.10817151e-04  0.00000000e+00  1.10817151e-04  1.20000000e+00 
 1.10917151e-04  1.53993739e-01  1.10917151e-04  5.96767935e-01  1.10917151e-04  4.29732355e-07  1.10917151e-04  2.46418324e-07  1.10917151e-04 -9.61958321e-06  1.10917151e-04  0.00000000e+00  1.10917151e-04  1.20000000e+00 
 1.11017151e-04  1.53421186e-01  1.11017151e-04  5.96572507e-01  1.11017151e-04  3.17953957e-07  1.11017151e-04 -2.46411112e-07  1.11017151e-04  9.74564157e-06  1.11017151e-04  0.00000000e+00  1.11017151e-04  1.20000000e+00 
 1.11117151e-04  1.52849365e-01  1.11117151e-04  5.96768146e-01  1.11117151e-04  4.29729553e-07  1.11117151e-04  2.46409218e-07  1.11117151e-04 -9.61940230e-06  1.11117151e-04  0.00000000e+00  1.11117151e-04  1.20000000e+00 
 1.11217151e-04  1.52277881e-01  1.11217151e-04  5.96572244e-01  1.11217151e-04  3.17956758e-07  1.11217151e-04 -2.46402005e-07  1.11217151e-04  9.74522554e-06  1.11217151e-04  0.00000000e+00  1.11217151e-04  1.20000000e+00 
 1.11317151e-04  1.51707128e-01  1.11317151e-04  5.96768345e-01  1.11317151e-04  4.29726752e-07  1.11317151e-04  2.46400110e-07  1.11317151e-04 -9.61922067e-06  1.11317151e-04  0.00000000e+00  1.11317151e-04  1.20000000e+00 
 1.11417151e-04  1.51136709e-01  1.11417151e-04  5.96571992e-01  1.11417151e-04  3.17959565e-07  1.11417151e-04 -2.46392896e-07  1.11417151e-04  9.74480921e-06  1.11417151e-04  0.00000000e+00  1.11417151e-04  1.20000000e+00 
 1.11517151e-04  1.50567022e-01  1.11517151e-04  5.96768535e-01  1.11517151e-04  4.29723946e-07  1.11517151e-04  2.46391000e-07  1.11517151e-04 -9.61903837e-06  1.11517151e-04  0.00000000e+00  1.11517151e-04  1.20000000e+00 
 1.11617151e-04  1.49997669e-01  1.11617151e-04  5.96571750e-01  1.11617151e-04  3.17962368e-07  1.11617151e-04 -2.46383785e-07  1.11617151e-04  9.74439260e-06  1.11617151e-04  0.00000000e+00  1.11617151e-04  1.20000000e+00 
 1.11717151e-04  1.49429045e-01  1.11717151e-04  5.96768716e-01  1.11717151e-04  4.29721140e-07  1.11717151e-04  2.46381889e-07  1.11717151e-04 -9.61885542e-06  1.11717151e-04  0.00000000e+00  1.11717151e-04  1.20000000e+00 
 1.11817151e-04  1.48860755e-01  1.11817151e-04  5.96571519e-01  1.11817151e-04  3.17965174e-07  1.11817151e-04 -2.46374674e-07  1.11817151e-04  9.74397573e-06  1.11817151e-04  0.00000000e+00  1.11817151e-04  1.20000000e+00 
 1.11917151e-04  1.48293194e-01  1.11917151e-04  5.96768887e-01  1.11917151e-04  4.29718335e-07  1.11917151e-04  2.46372777e-07  1.11917151e-04 -9.61867186e-06  1.11917151e-04  0.00000000e+00  1.11917151e-04  1.20000000e+00 
 1.12017151e-04  1.47725965e-01  1.12017151e-04  5.96571297e-01  1.12017151e-04  3.17967981e-07  1.12017151e-04 -2.46365561e-07  1.12017151e-04  9.74355862e-06  1.12017151e-04  0.00000000e+00  1.12017151e-04  1.20000000e+00 
 1.12117151e-04  1.47159465e-01  1.12117151e-04  5.96769050e-01  1.12117151e-04  4.29715529e-07  1.12117151e-04  2.46363665e-07  1.12117151e-04 -9.61848772e-06  1.12117151e-04  0.00000000e+00  1.12117151e-04  1.20000000e+00 
 1.12217151e-04  1.46593295e-01  1.12217151e-04  5.96571084e-01  1.12217151e-04  3.17970788e-07  1.12217151e-04 -2.46356449e-07  1.12217151e-04  9.74314127e-06  1.12217151e-04  0.00000000e+00  1.12217151e-04  1.20000000e+00 
 1.12317151e-04  1.46027855e-01  1.12317151e-04  5.96769203e-01  1.12317151e-04  4.29712723e-07  1.12317151e-04  2.46354552e-07  1.12317151e-04 -9.61830303e-06  1.12317151e-04  0.00000000e+00  1.12317151e-04  1.20000000e+00 
 1.12417151e-04  1.45462744e-01  1.12417151e-04  5.96570880e-01  1.12417151e-04  3.17973596e-07  1.12417151e-04 -2.46347337e-07  1.12417151e-04  9.74272372e-06  1.12417151e-04  0.00000000e+00  1.12417151e-04  1.20000000e+00 
 1.12517151e-04  1.44898361e-01  1.12517151e-04  5.96769348e-01  1.12517151e-04  4.29709914e-07  1.12517151e-04  2.46345440e-07  1.12517151e-04 -9.61811782e-06  1.12517151e-04  0.00000000e+00  1.12517151e-04  1.20000000e+00 
 1.12617151e-04  1.44334307e-01  1.12617151e-04  5.96570686e-01  1.12617151e-04  3.17976400e-07  1.12617151e-04 -2.46338225e-07  1.12617151e-04  9.74230596e-06  1.12617151e-04  0.00000000e+00  1.12617151e-04  1.20000000e+00 
 1.12717151e-04  1.43770981e-01  1.12717151e-04  5.96769485e-01  1.12717151e-04  4.29707107e-07  1.12717151e-04  2.46336329e-07  1.12717151e-04 -9.61793212e-06  1.12717151e-04  0.00000000e+00  1.12717151e-04  1.20000000e+00 
 1.12817151e-04  1.43207982e-01  1.12817151e-04  5.96570499e-01  1.12817151e-04  3.17979209e-07  1.12817151e-04 -2.46329114e-07  1.12817151e-04  9.74188802e-06  1.12817151e-04  0.00000000e+00  1.12817151e-04  1.20000000e+00 
 1.12917151e-04  1.42645712e-01  1.12917151e-04  5.96769613e-01  1.12917151e-04  4.29704300e-07  1.12917151e-04  2.46327219e-07  1.12917151e-04 -9.61774597e-06  1.12917151e-04  0.00000000e+00  1.12917151e-04  1.20000000e+00 
 1.13017151e-04  1.42083767e-01  1.13017151e-04  5.96570322e-01  1.13017151e-04  3.17982012e-07  1.13017151e-04 -2.46320005e-07  1.13017151e-04  9.74146990e-06  1.13017151e-04  0.00000000e+00  1.13017151e-04  1.20000000e+00 
 1.13117151e-04  1.41522552e-01  1.13117151e-04  5.96769734e-01  1.13117151e-04  4.29701494e-07  1.13117151e-04  2.46318110e-07  1.13117151e-04 -9.61755939e-06  1.13117151e-04  0.00000000e+00  1.13117151e-04  1.20000000e+00 
 1.13217151e-04  1.40961660e-01  1.13217151e-04  5.96570152e-01  1.13217151e-04  3.17984820e-07  1.13217151e-04 -2.46310897e-07  1.13217151e-04  9.74105161e-06  1.13217151e-04  0.00000000e+00  1.13217151e-04  1.20000000e+00 
 1.13317151e-04  1.40401498e-01  1.13317151e-04  5.96769848e-01  1.13317151e-04  4.29698692e-07  1.13317151e-04  2.46309004e-07  1.13317151e-04 -9.61737242e-06  1.13317151e-04  0.00000000e+00  1.13317151e-04  1.20000000e+00 
 1.13417151e-04  1.39841658e-01  1.13417151e-04  5.96569990e-01  1.13417151e-04  3.17987624e-07  1.13417151e-04 -2.46301792e-07  1.13417151e-04  9.74063316e-06  1.13417151e-04  0.00000000e+00  1.13417151e-04  1.20000000e+00 
 1.13517151e-04  1.39282549e-01  1.13517151e-04  5.96769954e-01  1.13517151e-04  4.29695885e-07  1.13517151e-04  2.46299899e-07  1.13517151e-04 -9.61718509e-06  1.13517151e-04  0.00000000e+00  1.13517151e-04  1.20000000e+00 
 1.13617151e-04  1.38723760e-01  1.13617151e-04  5.96569836e-01  1.13617151e-04  3.17990429e-07  1.13617151e-04 -2.46292688e-07  1.13617151e-04  9.74021455e-06  1.13617151e-04  0.00000000e+00  1.13617151e-04  1.20000000e+00 
 1.13717151e-04  1.38165702e-01  1.13717151e-04  5.96770053e-01  1.13717151e-04  4.29693084e-07  1.13717151e-04  2.46290797e-07  1.13717151e-04 -9.61699743e-06  1.13717151e-04  0.00000000e+00  1.13717151e-04  1.20000000e+00 
 1.13817151e-04  1.37607963e-01  1.13817151e-04  5.96569690e-01  1.13817151e-04  3.17993232e-07  1.13817151e-04 -2.46283588e-07  1.13817151e-04  9.73979580e-06  1.13817151e-04  0.00000000e+00  1.13817151e-04  1.20000000e+00 
 1.13917151e-04  1.37050956e-01  1.13917151e-04  5.96770145e-01  1.13917151e-04  4.29690283e-07  1.13917151e-04  2.46281698e-07  1.13917151e-04 -9.61680946e-06  1.13917151e-04  0.00000000e+00  1.13917151e-04  1.20000000e+00 
 1.14017151e-04  1.36494267e-01  1.14017151e-04  5.96569550e-01  1.14017151e-04  3.17996031e-07  1.14017151e-04 -2.46274490e-07  1.14017151e-04  9.73937690e-06  1.14017151e-04  0.00000000e+00  1.14017151e-04  1.20000000e+00 
 1.14117151e-04  1.35938311e-01  1.14117151e-04  5.96770231e-01  1.14117151e-04  4.29687481e-07  1.14117151e-04  2.46272602e-07  1.14117151e-04 -9.61662123e-06  1.14117151e-04  0.00000000e+00  1.14117151e-04  1.20000000e+00 
 1.14217151e-04  1.35382671e-01  1.14217151e-04  5.96569417e-01  1.14217151e-04  3.17998830e-07  1.14217151e-04 -2.46265396e-07  1.14217151e-04  9.73895786e-06  1.14217151e-04  0.00000000e+00  1.14217151e-04  1.20000000e+00 
 1.14317151e-04  1.34827765e-01  1.14317151e-04  5.96770310e-01  1.14317151e-04  4.29684681e-07  1.14317151e-04  2.46263509e-07  1.14317151e-04 -9.61643277e-06  1.14317151e-04  0.00000000e+00  1.14317151e-04  1.20000000e+00 
 1.14417151e-04  1.34273173e-01  1.14417151e-04  5.96569292e-01  1.14417151e-04  3.18001629e-07  1.14417151e-04 -2.46256305e-07  1.14417151e-04  9.73853868e-06  1.14417151e-04  0.00000000e+00  1.14417151e-04  1.20000000e+00 
 1.14517151e-04  1.33719316e-01  1.14517151e-04  5.96770383e-01  1.14517151e-04  4.29681885e-07  1.14517151e-04  2.46254420e-07  1.14517151e-04 -9.61624410e-06  1.14517151e-04  0.00000000e+00  1.14517151e-04  1.20000000e+00 
 1.14617151e-04  1.33165773e-01  1.14617151e-04  5.96569172e-01  1.14617151e-04  3.18004425e-07  1.14617151e-04 -2.46247218e-07  1.14617151e-04  9.73811936e-06  1.14617151e-04  0.00000000e+00  1.14617151e-04  1.20000000e+00 
 1.14717151e-04  1.32612966e-01  1.14717151e-04  5.96770449e-01  1.14717151e-04  4.29679090e-07  1.14717151e-04  2.46245336e-07  1.14717151e-04 -9.61605526e-06  1.14717151e-04  0.00000000e+00  1.14717151e-04  1.20000000e+00 
 1.14817151e-04  1.32060471e-01  1.14817151e-04  5.96569060e-01  1.14817151e-04  3.18007217e-07  1.14817151e-04 -2.46238135e-07  1.14817151e-04  9.73769990e-06  1.14817151e-04  0.00000000e+00  1.14817151e-04  1.20000000e+00 
 1.14908580e-04  1.31555989e-01  1.14908580e-04  5.96770513e-01  1.14908580e-04  4.29676165e-07  1.14908580e-04  2.46235830e-07  1.14908580e-04 -9.61584709e-06  1.14908580e-04  0.00000000e+00  1.14908580e-04  1.20000000e+00 
 1.15000010e-04  1.31051731e-01  1.15000010e-04  5.96568958e-01  1.15000010e-04  3.18010272e-07  1.15000010e-04 -2.46228208e-07  1.15000010e-04  9.73726173e-06  1.15000010e-04  0.00000000e+00  1.15000010e-04  1.20000000e+00 
 1.15000011e-04  1.31016159e-01  1.15000011e-04  5.90068812e-01  1.15000011e-04  1.74460718e-06  1.15000011e-04  7.15323463e-06  1.15000011e-04 -2.01147102e-04  1.15000011e-04  0.00000000e+00  1.15000011e-04  1.08000000e+00 
 1.15000013e-04  1.30936147e-01  1.15000013e-04  5.74692417e-01  1.15000013e-04  2.09146106e-06  1.15000013e-04  9.44214086e-06  1.15000013e-04 -2.61352060e-04  1.15000013e-04  0.00000000e+00  1.15000013e-04  8.40000000e-01 
 1.15000016e-04  1.30818130e-01  1.15000016e-04  5.48797781e-01  1.15000016e-04  1.57995040e-06  1.15000016e-04  5.85683394e-06  1.15000016e-04 -1.98898236e-04  1.15000016e-04  0.00000000e+00  1.15000016e-04  4.20000000e-01 
 1.15000020e-04  1.30755162e-01  1.15000020e-04  5.30932817e-01  1.15000020e-04  1.69141372e-06  1.15000020e-04  4.23927338e-06  1.15000020e-04 -1.76191227e-04  1.15000020e-04  0.00000000e+00  1.15000020e-04  0.00000000e+00 
 1.15000021e-04  1.30754494e-01  1.15000021e-04  5.31746280e-01  1.15000021e-04  8.77487036e-07  1.15000021e-04 -1.09954310e-06  1.15000021e-04 -2.77829379e-05  1.15000021e-04  0.00000000e+00  1.15000021e-04  0.00000000e+00 
 1.15000022e-04  1.30754317e-01  1.15000022e-04  5.33649538e-01  1.15000022e-04  6.76343445e-07  1.15000022e-04 -1.56283417e-06  1.15000022e-04 -5.61595537e-06  1.15000022e-04  0.00000000e+00  1.15000022e-04  0.00000000e+00 
 1.15000025e-04  1.30754331e-01  1.15000025e-04  5.36086783e-01  1.15000025e-04  7.58466311e-07  1.15000025e-04 -1.05636696e-07  1.15000025e-04 -2.02330718e-05  1.15000025e-04  0.00000000e+00  1.15000025e-04  0.00000000e+00 
 1.15000030e-04  1.30754276e-01  1.15000030e-04  5.37825604e-01  1.15000030e-04  5.17425726e-07  1.15000030e-04 -4.00406248e-07  1.15000030e-04  8.63693690e-07  1.15000030e-04  0.00000000e+00  1.15000030e-04  0.00000000e+00 
 1.15000040e-04  1.30754390e-01  1.15000040e-04  5.38707528e-01  1.15000040e-04  5.47302235e-07  1.15000040e-04  3.79182380e-07  1.15000040e-04 -1.01693761e-05  1.15000040e-04  0.00000000e+00  1.15000040e-04  0.00000000e+00 
 1.15000061e-04  1.30754466e-01  1.15000061e-04  5.39370778e-01  1.15000061e-04  2.91466986e-07  1.15000061e-04 -2.92424427e-07  1.15000061e-04  8.09242757e-06  1.15000061e-04  0.00000000e+00  1.15000061e-04  0.00000000e+00 
 1.15000103e-04  1.30754777e-01  1.15000103e-04  5.40401756e-01  1.15000103e-04  4.64344645e-07  1.15000103e-04  3.90363123e-07  1.15000103e-04 -8.04791337e-06  1.15000103e-04  0.00000000e+00  1.15000103e-04  0.00000000e+00 
 1.15000166e-04  1.30755032e-01  1.15000166e-04  5.41721117e-01  1.15000166e-04  2.91429881e-07  1.15000166e-04 -2.93618990e-07  1.15000166e-04  7.94459277e-06  1.15000166e-04  0.00000000e+00  1.15000166e-04  0.00000000e+00 
 1.15000290e-04  1.30755638e-01  1.15000290e-04  5.44137222e-01  1.15000290e-04  4.57011504e-07  1.15000290e-04  3.83004561e-07  1.15000290e-04 -7.98304235e-06  1.15000290e-04  0.00000000e+00  1.15000290e-04  0.00000000e+00 
 1.15000540e-04  1.30756549e-01  1.15000540e-04  5.48217966e-01  1.15000540e-04  2.85437880e-07  1.15000540e-04 -3.01243121e-07  1.15000540e-04  7.92543134e-06  1.15000540e-04  0.00000000e+00  1.15000540e-04  0.00000000e+00 
 1.15001039e-04  1.30758223e-01  1.15001039e-04  5.55102277e-01  1.15001039e-04  4.52966941e-07  1.15001039e-04  3.70193848e-07  1.15001039e-04 -7.96343665e-06  1.15001039e-04  0.00000000e+00  1.15001039e-04  0.00000000e+00 
 1.15002036e-04  1.30760498e-01  1.15002036e-04  5.65448605e-01  1.15002036e-04  2.85963530e-07  1.15002036e-04 -3.22530472e-07  1.15002036e-04  7.93034943e-06  1.15002036e-04  0.00000000e+00  1.15002036e-04  0.00000000e+00 
 1.15004031e-04  1.30763482e-01  1.15004031e-04  5.77734945e-01  1.15004031e-04  4.56217248e-07  1.15004031e-04  3.40571262e-07  1.15004031e-04 -7.94756665e-06  1.15004031e-04  0.00000000e+00  1.15004031e-04  0.00000000e+00 
 1.15008021e-04  1.30767671e-01  1.15008021e-04  5.87147583e-01  1.15008021e-04  2.89462826e-07  1.15008021e-04 -3.48059783e-07  1.15008021e-04  7.94028519e-06  1.15008021e-04  0.00000000e+00  1.15008021e-04  0.00000000e+00 
 1.15016001e-04  1.30775717e-01  1.15016001e-04  5.92454501e-01  1.15016001e-04  4.57739665e-07  1.15016001e-04  3.32991895e-07  1.15016001e-04 -7.94137556e-06  1.15016001e-04  0.00000000e+00  1.15016001e-04  0.00000000e+00 
 1.15031961e-04  1.30786522e-01  1.15031961e-04  5.95834290e-01  1.15031961e-04  2.89795534e-07  1.15031961e-04 -3.40021993e-07  1.15031961e-04  7.94127221e-06  1.15031961e-04  0.00000000e+00  1.15031961e-04  0.00000000e+00 
 1.15063881e-04  1.30793979e-01  1.15063881e-04  5.96583730e-01  1.15063881e-04  4.57895729e-07  1.15063881e-04  3.39320586e-07  1.15063881e-04 -7.94109140e-06  1.15063881e-04  0.00000000e+00  1.15063881e-04  0.00000000e+00 
 1.15127721e-04  1.30795864e-01  1.15127721e-04  5.96748127e-01  1.15127721e-04  2.89793480e-07  1.15127721e-04 -3.39353934e-07  1.15127721e-04  7.94108654e-06  1.15127721e-04  0.00000000e+00  1.15127721e-04  0.00000000e+00 
 1.15227721e-04  1.30795322e-01  1.15227721e-04  5.96622893e-01  1.15227721e-04  4.57891318e-07  1.15227721e-04  3.39373652e-07  1.15227721e-04 -7.94102750e-06  1.15227721e-04  0.00000000e+00  1.15227721e-04  0.00000000e+00 
 1.15327721e-04  1.30795350e-01  1.15327721e-04  5.96732403e-01  1.15327721e-04  2.89793243e-07  1.15327721e-04 -3.39386085e-07  1.15327721e-04  7.94103958e-06  1.15327721e-04  0.00000000e+00  1.15327721e-04  0.00000000e+00 
 1.15427721e-04  1.30795169e-01  1.15427721e-04  5.96637373e-01  1.15427721e-04  4.57892078e-07  1.15427721e-04  3.39401882e-07  1.15427721e-04 -7.94098215e-06  1.15427721e-04  0.00000000e+00  1.15427721e-04  0.00000000e+00 
 1.15527721e-04  1.30795044e-01  1.15527721e-04  5.96718614e-01  1.15527721e-04  2.89792372e-07  1.15527721e-04 -3.39410365e-07  1.15527721e-04  7.94099551e-06  1.15527721e-04  0.00000000e+00  1.15527721e-04  0.00000000e+00 
 1.15627721e-04  1.30794934e-01  1.15627721e-04  5.96650451e-01  1.15627721e-04  4.57892892e-07  1.15627721e-04  3.39422233e-07  1.15627721e-04 -7.94093913e-06  1.15627721e-04  0.00000000e+00  1.15627721e-04  0.00000000e+00 
 1.15727721e-04  1.30794771e-01  1.15727721e-04  5.96706681e-01  1.15727721e-04  2.89791677e-07  1.15727721e-04 -3.39426974e-07  1.15727721e-04  7.94095328e-06  1.15727721e-04  0.00000000e+00  1.15727721e-04  0.00000000e+00 
 1.15827721e-04  1.30794684e-01  1.15827721e-04  5.96661279e-01  1.15827721e-04  4.57893456e-07  1.15827721e-04  3.39435417e-07  1.15827721e-04 -7.94089763e-06  1.15827721e-04  0.00000000e+00  1.15827721e-04  0.00000000e+00 
 1.15927721e-04  1.30794506e-01  1.15927721e-04  5.96696985e-01  1.15927721e-04  2.89791247e-07  1.15927721e-04 -3.39437143e-07  1.15927721e-04  7.94091238e-06  1.15927721e-04  0.00000000e+00  1.15927721e-04  0.00000000e+00 
 1.16027721e-04  1.30794430e-01  1.16027721e-04  5.96669812e-01  1.16027721e-04  4.57893759e-07  1.16027721e-04  3.39442984e-07  1.16027721e-04 -7.94085723e-06  1.16027721e-04  0.00000000e+00  1.16027721e-04  0.00000000e+00 
 1.16127721e-04  1.30794244e-01  1.16127721e-04  5.96689491e-01  1.16127721e-04  2.89791055e-07  1.16127721e-04 -3.39442502e-07  1.16127721e-04  7.94087240e-06  1.16127721e-04  0.00000000e+00  1.16127721e-04  0.00000000e+00 
 1.16227721e-04  1.30794173e-01  1.16227721e-04  5.96676323e-01  1.16227721e-04  4.57893853e-07  1.16227721e-04  3.39446501e-07  1.16227721e-04 -7.94081763e-06  1.16227721e-04  0.00000000e+00  1.16227721e-04  0.00000000e+00 
 1.16327721e-04  1.30793985e-01  1.16327721e-04  5.96683831e-01  1.16327721e-04  2.89791051e-07  1.16327721e-04 -3.39444500e-07  1.16327721e-04  7.94083313e-06  1.16327721e-04  0.00000000e+00  1.16327721e-04  0.00000000e+00 
 1.16427721e-04  1.30793916e-01  1.16427721e-04  5.96681209e-01  1.16427721e-04  4.57893781e-07  1.16427721e-04  3.39447265e-07  1.16427721e-04 -7.94077863e-06  1.16427721e-04  0.00000000e+00  1.16427721e-04  0.00000000e+00 
 1.16527721e-04  1.30793726e-01  1.16527721e-04  5.96679608e-01  1.16527721e-04  2.89791190e-07  1.16527721e-04 -3.39444274e-07  1.16527721e-04  7.94079438e-06  1.16527721e-04  0.00000000e+00  1.16527721e-04  0.00000000e+00 
 1.16627721e-04  1.30793657e-01  1.16627721e-04  5.96684844e-01  1.16627721e-04  4.57893583e-07  1.16627721e-04  3.39446258e-07  1.16627721e-04 -7.94074009e-06  1.16627721e-04  0.00000000e+00  1.16627721e-04  0.00000000e+00 
 1.16727721e-04  1.30793467e-01  1.16727721e-04  5.96676473e-01  1.16727721e-04  2.89791438e-07  1.16727721e-04 -3.39442659e-07  1.16727721e-04  7.94075603e-06  1.16727721e-04  0.00000000e+00  1.16727721e-04  0.00000000e+00 
 1.16827721e-04  1.30793399e-01  1.16827721e-04  5.96687540e-01  1.16827721e-04  4.57893290e-07  1.16827721e-04  3.39444180e-07  1.16827721e-04 -7.94070190e-06  1.16827721e-04  0.00000000e+00  1.16827721e-04  0.00000000e+00 
 1.16927721e-04  1.30793209e-01  1.16927721e-04  5.96674149e-01  1.16927721e-04  2.89791768e-07  1.16927721e-04 -3.39440237e-07  1.16927721e-04  7.94071797e-06  1.16927721e-04  0.00000000e+00  1.16927721e-04  0.00000000e+00 
 1.17027721e-04  1.30793140e-01  1.17027721e-04  5.96689541e-01  1.17027721e-04  4.57892926e-07  1.17027721e-04  3.39441511e-07  1.17027721e-04 -7.94066397e-06  1.17027721e-04  0.00000000e+00  1.17027721e-04  0.00000000e+00 
 1.17127721e-04  1.30792951e-01  1.17127721e-04  5.96672421e-01  1.17127721e-04  2.89792160e-07  1.17127721e-04 -3.39437399e-07  1.17127721e-04  7.94068015e-06  1.17127721e-04  0.00000000e+00  1.17127721e-04  0.00000000e+00 
 1.17227721e-04  1.30792881e-01  1.17227721e-04  5.96691034e-01  1.17227721e-04  4.57892508e-07  1.17227721e-04  3.39438568e-07  1.17227721e-04 -7.94062624e-06  1.17227721e-04  0.00000000e+00  1.17227721e-04  0.00000000e+00 
 1.17327721e-04  1.30792694e-01  1.17327721e-04  5.96671127e-01  1.17327721e-04  2.89792603e-07  1.17327721e-04 -3.39434400e-07  1.17327721e-04  7.94064249e-06  1.17327721e-04  0.00000000e+00  1.17327721e-04  0.00000000e+00 
 1.17427721e-04  1.30792622e-01  1.17427721e-04  5.96692156e-01  1.17427721e-04  4.57892046e-07  1.17427721e-04  3.39435551e-07  1.17427721e-04 -7.94058865e-06  1.17427721e-04  0.00000000e+00  1.17427721e-04  0.00000000e+00 
 1.17527721e-04  1.30792436e-01  1.17527721e-04  5.96670150e-01  1.17527721e-04  2.89793081e-07  1.17527721e-04 -3.39431395e-07  1.17527721e-04  7.94060498e-06  1.17527721e-04  0.00000000e+00  1.17527721e-04  0.00000000e+00 
 1.17627721e-04  1.30792363e-01  1.17627721e-04  5.96693008e-01  1.17627721e-04  4.57891554e-07  1.17627721e-04  3.39432579e-07  1.17627721e-04 -7.94055119e-06  1.17627721e-04  0.00000000e+00  1.17627721e-04  0.00000000e+00 
 1.17727721e-04  1.30792178e-01  1.17727721e-04  5.96669404e-01  1.17727721e-04  2.89793588e-07  1.17727721e-04 -3.39428472e-07  1.17727721e-04  7.94056756e-06  1.17727721e-04  0.00000000e+00  1.17727721e-04  0.00000000e+00 
 1.17827721e-04  1.30792104e-01  1.17827721e-04  5.96693664e-01  1.17827721e-04  4.57891035e-07  1.17827721e-04  3.39429715e-07  1.17827721e-04 -7.94051382e-06  1.17827721e-04  0.00000000e+00  1.17827721e-04  0.00000000e+00 
 1.17927721e-04  1.30791919e-01  1.17927721e-04  5.96668827e-01  1.17927721e-04  2.89794116e-07  1.17927721e-04 -3.39425675e-07  1.17927721e-04  7.94053022e-06  1.17927721e-04  0.00000000e+00  1.17927721e-04  0.00000000e+00 
 1.18027721e-04  1.30791845e-01  1.18027721e-04  5.96694175e-01  1.18027721e-04  4.57890495e-07  1.18027721e-04  3.39426990e-07  1.18027721e-04 -7.94047651e-06  1.18027721e-04  0.00000000e+00  1.18027721e-04  0.00000000e+00 
 1.18127721e-04  1.30791661e-01  1.18127721e-04  5.96668372e-01  1.18127721e-04  2.89794665e-07  1.18127721e-04 -3.39423022e-07  1.18127721e-04  7.94049295e-06  1.18127721e-04  0.00000000e+00  1.18127721e-04  0.00000000e+00 
 1.18227721e-04  1.30791586e-01  1.18227721e-04  5.96694580e-01  1.18227721e-04  4.57889942e-07  1.18227721e-04  3.39424408e-07  1.18227721e-04 -7.94043927e-06  1.18227721e-04  0.00000000e+00  1.18227721e-04  0.00000000e+00 
 1.18327721e-04  1.30791403e-01  1.18327721e-04  5.96668010e-01  1.18327721e-04  2.89795226e-07  1.18327721e-04 -3.39420510e-07  1.18327721e-04  7.94045573e-06  1.18327721e-04  0.00000000e+00  1.18327721e-04  0.00000000e+00 
 1.18427721e-04  1.30791328e-01  1.18427721e-04  5.96694904e-01  1.18427721e-04  4.57889373e-07  1.18427721e-04  3.39421964e-07  1.18427721e-04 -7.94040207e-06  1.18427721e-04  0.00000000e+00  1.18427721e-04  0.00000000e+00 
 1.18527721e-04  1.30791145e-01  1.18527721e-04  5.96667718e-01  1.18527721e-04  2.89795797e-07  1.18527721e-04 -3.39418130e-07  1.18527721e-04  7.94041856e-06  1.18527721e-04  0.00000000e+00  1.18527721e-04  0.00000000e+00 
 1.18627721e-04  1.30791069e-01  1.18627721e-04  5.96695167e-01  1.18627721e-04  4.57888798e-07  1.18627721e-04  3.39419645e-07  1.18627721e-04 -7.94036492e-06  1.18627721e-04  0.00000000e+00  1.18627721e-04  0.00000000e+00 
 1.18727721e-04  1.30790886e-01  1.18727721e-04  5.96667480e-01  1.18727721e-04  2.89796379e-07  1.18727721e-04 -3.39415868e-07  1.18727721e-04  7.94038142e-06  1.18727721e-04  0.00000000e+00  1.18727721e-04  0.00000000e+00 
 1.18827721e-04  1.30790811e-01  1.18827721e-04  5.96695383e-01  1.18827721e-04  4.57888212e-07  1.18827721e-04  3.39417435e-07  1.18827721e-04 -7.94032779e-06  1.18827721e-04  0.00000000e+00  1.18827721e-04  0.00000000e+00 
 1.18927721e-04  1.30790628e-01  1.18927721e-04  5.96667286e-01  1.18927721e-04  2.89796967e-07  1.18927721e-04 -3.39413707e-07  1.18927721e-04  7.94034431e-06  1.18927721e-04  0.00000000e+00  1.18927721e-04  0.00000000e+00 
 1.19027721e-04  1.30790552e-01  1.19027721e-04  5.96695559e-01  1.19027721e-04  4.57887621e-07  1.19027721e-04  3.39415319e-07  1.19027721e-04 -7.94029069e-06  1.19027721e-04  0.00000000e+00  1.19027721e-04  0.00000000e+00 
 1.19127721e-04  1.30790369e-01  1.19127721e-04  5.96667125e-01  1.19127721e-04  2.89797560e-07  1.19127721e-04 -3.39411633e-07  1.19127721e-04  7.94030722e-06  1.19127721e-04  0.00000000e+00  1.19127721e-04  0.00000000e+00 
 1.19227721e-04  1.30790294e-01  1.19227721e-04  5.96695705e-01  1.19227721e-04  4.57887024e-07  1.19227721e-04  3.39413283e-07  1.19227721e-04 -7.94025362e-06  1.19227721e-04  0.00000000e+00  1.19227721e-04  0.00000000e+00 
 1.19327721e-04  1.30790111e-01  1.19327721e-04  5.96666992e-01  1.19327721e-04  2.89798160e-07  1.19327721e-04 -3.39409632e-07  1.19327721e-04  7.94027016e-06  1.19327721e-04  0.00000000e+00  1.19327721e-04  0.00000000e+00 
 1.19427721e-04  1.30790035e-01  1.19427721e-04  5.96695826e-01  1.19427721e-04  4.57886425e-07  1.19427721e-04  3.39411313e-07  1.19427721e-04 -7.94021657e-06  1.19427721e-04  0.00000000e+00  1.19427721e-04  0.00000000e+00 
 1.19527721e-04  1.30789852e-01  1.19527721e-04  5.96666884e-01  1.19527721e-04  2.89798761e-07  1.19527721e-04 -3.39407691e-07  1.19527721e-04  7.94023312e-06  1.19527721e-04  0.00000000e+00  1.19527721e-04  0.00000000e+00 
 1.19627721e-04  1.30789777e-01  1.19627721e-04  5.96695924e-01  1.19627721e-04  4.57885821e-07  1.19627721e-04  3.39409399e-07  1.19627721e-04 -7.94017954e-06  1.19627721e-04  0.00000000e+00  1.19627721e-04  0.00000000e+00 
 1.19727721e-04  1.30789594e-01  1.19727721e-04  5.96666794e-01  1.19727721e-04  2.89799365e-07  1.19727721e-04 -3.39405800e-07  1.19727721e-04  7.94019610e-06  1.19727721e-04  0.00000000e+00  1.19727721e-04  0.00000000e+00 
 1.19827721e-04  1.30789519e-01  1.19827721e-04  5.96696004e-01  1.19827721e-04  4.57885219e-07  1.19827721e-04  3.39407530e-07  1.19827721e-04 -7.94014252e-06  1.19827721e-04  0.00000000e+00  1.19827721e-04  0.00000000e+00 
 1.19927721e-04  1.30789335e-01  1.19927721e-04  5.96666722e-01  1.19927721e-04  2.89799970e-07  1.19927721e-04 -3.39403952e-07  1.19927721e-04  7.94015909e-06  1.19927721e-04  0.00000000e+00  1.19927721e-04  0.00000000e+00 
 1.20027721e-04  1.30789260e-01  1.20027721e-04  5.96696069e-01  1.20027721e-04  4.57884610e-07  1.20027721e-04  3.39405700e-07  1.20027721e-04 -7.94010553e-06  1.20027721e-04  0.00000000e+00  1.20027721e-04  0.00000000e+00 
 1.20127721e-04  1.30789077e-01  1.20127721e-04  5.96666664e-01  1.20127721e-04  2.89800576e-07  1.20127721e-04 -3.39402139e-07  1.20127721e-04  7.94012210e-06  1.20127721e-04  0.00000000e+00  1.20127721e-04  0.00000000e+00 
 1.20227721e-04  1.30789002e-01  1.20227721e-04  5.96696121e-01  1.20227721e-04  4.57884005e-07  1.20227721e-04  3.39403903e-07  1.20227721e-04 -7.94006854e-06  1.20227721e-04  0.00000000e+00  1.20227721e-04  0.00000000e+00 
 1.20327721e-04  1.30788818e-01  1.20327721e-04  5.96666618e-01  1.20327721e-04  2.89801183e-07  1.20327721e-04 -3.39400356e-07  1.20327721e-04  7.94008512e-06  1.20327721e-04  0.00000000e+00  1.20327721e-04  0.00000000e+00 
 1.20427721e-04  1.30788743e-01  1.20427721e-04  5.96696160e-01  1.20427721e-04  4.57883397e-07  1.20427721e-04  3.39402133e-07  1.20427721e-04 -7.94003157e-06  1.20427721e-04  0.00000000e+00  1.20427721e-04  0.00000000e+00 
 1.20527721e-04  1.30788560e-01  1.20527721e-04  5.96666583e-01  1.20527721e-04  2.89801792e-07  1.20527721e-04 -3.39398598e-07  1.20527721e-04  7.94004816e-06  1.20527721e-04  0.00000000e+00  1.20527721e-04  0.00000000e+00 
 1.20627721e-04  1.30788485e-01  1.20627721e-04  5.96696191e-01  1.20627721e-04  4.57882790e-07  1.20627721e-04  3.39400387e-07  1.20627721e-04 -7.93999462e-06  1.20627721e-04  0.00000000e+00  1.20627721e-04  0.00000000e+00 
 1.20727721e-04  1.30788301e-01  1.20727721e-04  5.96666557e-01  1.20727721e-04  2.89802396e-07  1.20727721e-04 -3.39396863e-07  1.20727721e-04  7.94001121e-06  1.20727721e-04  0.00000000e+00  1.20727721e-04  0.00000000e+00 
 1.20827721e-04  1.30788226e-01  1.20827721e-04  5.96696213e-01  1.20827721e-04  4.57882185e-07  1.20827721e-04  3.39398661e-07  1.20827721e-04 -7.93995767e-06  1.20827721e-04  0.00000000e+00  1.20827721e-04  0.00000000e+00 
 1.20927721e-04  1.30788043e-01  1.20927721e-04  5.96666539e-01  1.20927721e-04  2.89803003e-07  1.20927721e-04 -3.39395146e-07  1.20927721e-04  7.93997427e-06  1.20927721e-04  0.00000000e+00  1.20927721e-04  0.00000000e+00 
 1.21027721e-04  1.30787968e-01  1.21027721e-04  5.96696228e-01  1.21027721e-04  4.57881579e-07  1.21027721e-04  3.39396953e-07  1.21027721e-04 -7.93992074e-06  1.21027721e-04  0.00000000e+00  1.21027721e-04  0.00000000e+00 
 1.21127721e-04  1.30787784e-01  1.21127721e-04  5.96666526e-01  1.21127721e-04  2.89803607e-07  1.21127721e-04 -3.39393446e-07  1.21127721e-04  7.93993734e-06  1.21127721e-04  0.00000000e+00  1.21127721e-04  0.00000000e+00 
 1.21227721e-04  1.30787710e-01  1.21227721e-04  5.96696237e-01  1.21227721e-04  4.57880975e-07  1.21227721e-04  3.39395262e-07  1.21227721e-04 -7.93988382e-06  1.21227721e-04  0.00000000e+00  1.21227721e-04  0.00000000e+00 
 1.21327721e-04  1.30787525e-01  1.21327721e-04  5.96666520e-01  1.21327721e-04  2.89804212e-07  1.21327721e-04 -3.39391762e-07  1.21327721e-04  7.93990043e-06  1.21327721e-04  0.00000000e+00  1.21327721e-04  0.00000000e+00 
 1.21427721e-04  1.30787451e-01  1.21427721e-04  5.96696242e-01  1.21427721e-04  4.57880373e-07  1.21427721e-04  3.39393584e-07  1.21427721e-04 -7.93984690e-06  1.21427721e-04  0.00000000e+00  1.21427721e-04  0.00000000e+00 
 1.21527721e-04  1.30787267e-01  1.21527721e-04  5.96666517e-01  1.21527721e-04  2.89804813e-07  1.21527721e-04 -3.39390091e-07  1.21527721e-04  7.93986352e-06  1.21527721e-04  0.00000000e+00  1.21527721e-04  0.00000000e+00 
 1.21627721e-04  1.30787193e-01  1.21627721e-04  5.96696242e-01  1.21627721e-04  4.57879769e-07  1.21627721e-04  3.39391919e-07  1.21627721e-04 -7.93981000e-06  1.21627721e-04  0.00000000e+00  1.21627721e-04  0.00000000e+00 
 1.21727721e-04  1.30787008e-01  1.21727721e-04  5.96666519e-01  1.21727721e-04  2.89805414e-07  1.21727721e-04 -3.39388432e-07  1.21727721e-04  7.93982662e-06  1.21727721e-04  0.00000000e+00  1.21727721e-04  0.00000000e+00 
 1.21827721e-04  1.30786934e-01  1.21827721e-04  5.96696239e-01  1.21827721e-04  4.57879170e-07  1.21827721e-04  3.39390265e-07  1.21827721e-04 -7.93977311e-06  1.21827721e-04  0.00000000e+00  1.21827721e-04  0.00000000e+00 
 1.21927721e-04  1.30786750e-01  1.21927721e-04  5.96666523e-01  1.21927721e-04  2.89806015e-07  1.21927721e-04 -3.39386784e-07  1.21927721e-04  7.93978973e-06  1.21927721e-04  0.00000000e+00  1.21927721e-04  0.00000000e+00 
 1.22027721e-04  1.30786676e-01  1.22027721e-04  5.96696233e-01  1.22027721e-04  4.57878571e-07  1.22027721e-04  3.39388622e-07  1.22027721e-04 -7.93973623e-06  1.22027721e-04  0.00000000e+00  1.22027721e-04  0.00000000e+00 
 1.22127721e-04  1.30786491e-01  1.22127721e-04  5.96666530e-01  1.22127721e-04  2.89806613e-07  1.22127721e-04 -3.39385145e-07  1.22127721e-04  7.93975285e-06  1.22127721e-04  0.00000000e+00  1.22127721e-04  0.00000000e+00 
 1.22227721e-04  1.30786418e-01  1.22227721e-04  5.96696225e-01  1.22227721e-04  4.57877974e-07  1.22227721e-04  3.39386989e-07  1.22227721e-04 -7.93969935e-06  1.22227721e-04  0.00000000e+00  1.22227721e-04  0.00000000e+00 
 1.22327721e-04  1.30786233e-01  1.22327721e-04  5.96666539e-01  1.22327721e-04  2.89807209e-07  1.22327721e-04 -3.39383517e-07  1.22327721e-04  7.93971598e-06  1.22327721e-04  0.00000000e+00  1.22327721e-04  0.00000000e+00 
 1.22427721e-04  1.30786159e-01  1.22427721e-04  5.96696216e-01  1.22427721e-04  4.57877377e-07  1.22427721e-04  3.39385364e-07  1.22427721e-04 -7.93966249e-06  1.22427721e-04  0.00000000e+00  1.22427721e-04  0.00000000e+00 
 1.22527721e-04  1.30785974e-01  1.22527721e-04  5.96666549e-01  1.22527721e-04  2.89807803e-07  1.22527721e-04 -3.39381896e-07  1.22527721e-04  7.93967912e-06  1.22527721e-04  0.00000000e+00  1.22527721e-04  0.00000000e+00 
 1.22627721e-04  1.30785901e-01  1.22627721e-04  5.96696205e-01  1.22627721e-04  4.57876784e-07  1.22627721e-04  3.39383748e-07  1.22627721e-04 -7.93962563e-06  1.22627721e-04  0.00000000e+00  1.22627721e-04  0.00000000e+00 
 1.22727721e-04  1.30785716e-01  1.22727721e-04  5.96666561e-01  1.22727721e-04  2.89808397e-07  1.22727721e-04 -3.39380283e-07  1.22727721e-04  7.93964227e-06  1.22727721e-04  0.00000000e+00  1.22727721e-04  0.00000000e+00 
 1.22827721e-04  1.30785642e-01  1.22827721e-04  5.96696193e-01  1.22827721e-04  4.57876190e-07  1.22827721e-04  3.39382138e-07  1.22827721e-04 -7.93958878e-06  1.22827721e-04  0.00000000e+00  1.22827721e-04  0.00000000e+00 
 1.22927721e-04  1.30785457e-01  1.22927721e-04  5.96666573e-01  1.22927721e-04  2.89808987e-07  1.22927721e-04 -3.39378677e-07  1.22927721e-04  7.93960543e-06  1.22927721e-04  0.00000000e+00  1.22927721e-04  0.00000000e+00 
 1.23027721e-04  1.30785384e-01  1.23027721e-04  5.96696179e-01  1.23027721e-04  4.57875598e-07  1.23027721e-04  3.39380536e-07  1.23027721e-04 -7.93955194e-06  1.23027721e-04  0.00000000e+00  1.23027721e-04  0.00000000e+00 
 1.23127721e-04  1.30785199e-01  1.23127721e-04  5.96666586e-01  1.23127721e-04  2.89809577e-07  1.23127721e-04 -3.39377078e-07  1.23127721e-04  7.93956859e-06  1.23127721e-04  0.00000000e+00  1.23127721e-04  0.00000000e+00 
 1.23227721e-04  1.30785125e-01  1.23227721e-04  5.96696166e-01  1.23227721e-04  4.57875011e-07  1.23227721e-04  3.39378939e-07  1.23227721e-04 -7.93951511e-06  1.23227721e-04  0.00000000e+00  1.23227721e-04  0.00000000e+00 
 1.23327721e-04  1.30784940e-01  1.23327721e-04  5.96666600e-01  1.23327721e-04  2.89810168e-07  1.23327721e-04 -3.39375484e-07  1.23327721e-04  7.93953176e-06  1.23327721e-04  0.00000000e+00  1.23327721e-04  0.00000000e+00 
 1.23427721e-04  1.30784867e-01  1.23427721e-04  5.96696153e-01  1.23427721e-04  4.57874422e-07  1.23427721e-04  3.39377348e-07  1.23427721e-04 -7.93947829e-06  1.23427721e-04  0.00000000e+00  1.23427721e-04  0.00000000e+00 
 1.23527721e-04  1.30784682e-01  1.23527721e-04  5.96666614e-01  1.23527721e-04  2.89810756e-07  1.23527721e-04 -3.39373896e-07  1.23527721e-04  7.93949495e-06  1.23527721e-04  0.00000000e+00  1.23527721e-04  0.00000000e+00 
 1.23627721e-04  1.30784609e-01  1.23627721e-04  5.96696139e-01  1.23627721e-04  4.57873838e-07  1.23627721e-04  3.39375763e-07  1.23627721e-04 -7.93944147e-06  1.23627721e-04  0.00000000e+00  1.23627721e-04  0.00000000e+00 
 1.23727721e-04  1.30784423e-01  1.23727721e-04  5.96666628e-01  1.23727721e-04  2.89811341e-07  1.23727721e-04 -3.39372313e-07  1.23727721e-04  7.93945813e-06  1.23727721e-04  0.00000000e+00  1.23727721e-04  0.00000000e+00 
 1.23827721e-04  1.30784350e-01  1.23827721e-04  5.96696124e-01  1.23827721e-04  4.57873253e-07  1.23827721e-04  3.39374182e-07  1.23827721e-04 -7.93940466e-06  1.23827721e-04  0.00000000e+00  1.23827721e-04  0.00000000e+00 
 1.23927721e-04  1.30784165e-01  1.23927721e-04  5.96666642e-01  1.23927721e-04  2.89811924e-07  1.23927721e-04 -3.39370734e-07  1.23927721e-04  7.93942133e-06  1.23927721e-04  0.00000000e+00  1.23927721e-04  0.00000000e+00 
 1.24027721e-04  1.30784092e-01  1.24027721e-04  5.96696111e-01  1.24027721e-04  4.57872669e-07  1.24027721e-04  3.39372605e-07  1.24027721e-04 -7.93936787e-06  1.24027721e-04  0.00000000e+00  1.24027721e-04  0.00000000e+00 
 1.24127721e-04  1.30783906e-01  1.24127721e-04  5.96666656e-01  1.24127721e-04  2.89812507e-07  1.24127721e-04 -3.39369160e-07  1.24127721e-04  7.93938454e-06  1.24127721e-04  0.00000000e+00  1.24127721e-04  0.00000000e+00 
 1.24227721e-04  1.30783833e-01  1.24227721e-04  5.96696096e-01  1.24227721e-04  4.57872086e-07  1.24227721e-04  3.39371033e-07  1.24227721e-04 -7.93933108e-06  1.24227721e-04  0.00000000e+00  1.24227721e-04  0.00000000e+00 
 1.24327721e-04  1.30783648e-01  1.24327721e-04  5.96666670e-01  1.24327721e-04  2.89813087e-07  1.24327721e-04 -3.39367589e-07  1.24327721e-04  7.93934775e-06  1.24327721e-04  0.00000000e+00  1.24327721e-04  0.00000000e+00 
 1.24427721e-04  1.30783575e-01  1.24427721e-04  5.96696082e-01  1.24427721e-04  4.57871506e-07  1.24427721e-04  3.39369464e-07  1.24427721e-04 -7.93929429e-06  1.24427721e-04  0.00000000e+00  1.24427721e-04  0.00000000e+00 
 1.24527721e-04  1.30783389e-01  1.24527721e-04  5.96666684e-01  1.24527721e-04  2.89813668e-07  1.24527721e-04 -3.39366022e-07  1.24527721e-04  7.93931097e-06  1.24527721e-04  0.00000000e+00  1.24527721e-04  0.00000000e+00 
 1.24627721e-04  1.30783316e-01  1.24627721e-04  5.96696069e-01  1.24627721e-04  4.57870927e-07  1.24627721e-04  3.39367899e-07  1.24627721e-04 -7.93925752e-06  1.24627721e-04  0.00000000e+00  1.24627721e-04  0.00000000e+00 
 1.24727721e-04  1.30783131e-01  1.24727721e-04  5.96666697e-01  1.24727721e-04  2.89814246e-07  1.24727721e-04 -3.39364459e-07  1.24727721e-04  7.93927420e-06  1.24727721e-04  0.00000000e+00  1.24727721e-04  0.00000000e+00 
 1.24827721e-04  1.30783058e-01  1.24827721e-04  5.96696055e-01  1.24827721e-04  4.57870347e-07  1.24827721e-04  3.39366337e-07  1.24827721e-04 -7.93922075e-06  1.24827721e-04  0.00000000e+00  1.24827721e-04  0.00000000e+00 
 1.24913861e-04  1.30782890e-01  1.24913861e-04  5.96666712e-01  1.24913861e-04  2.89814871e-07  1.24913861e-04 -3.39362773e-07  1.24913861e-04  7.93923448e-06  1.24913861e-04  0.00000000e+00  1.24913861e-04  0.00000000e+00 
 1.25000000e-04  1.30782835e-01  1.25000000e-04  5.96696040e-01  1.25000000e-04  4.57869678e-07  1.25000000e-04  3.39364528e-07  1.25000000e-04 -7.93917808e-06  1.25000000e-04  1.62630326e-09  1.25000000e-04  0.00000000e+00 
 1.25000001e-04  1.30785809e-01  1.25000001e-04  5.97619140e-01  1.25000001e-04  1.46917562e-07  1.25000001e-04  2.39287870e-06  1.25000001e-04 -9.69640108e-07  1.25000001e-04  1.20000001e-01  1.25000001e-04  0.00000000e+00 
 1.25000003e-04  1.30791577e-01  1.25000003e-04  5.99365543e-01  1.25000003e-04  1.54373195e-07  1.25000003e-04  2.56919982e-06  1.25000003e-04 -3.63371955e-07  1.25000003e-04  3.60000000e-01  1.25000003e-04  0.00000000e+00 
 1.25000006e-04  1.30801639e-01  1.25000006e-04  6.02372995e-01  1.25000006e-04  1.49959831e-07  1.25000006e-04  2.63359689e-06  1.25000006e-04 -8.88881390e-07  1.25000006e-04  7.79999999e-01  1.25000006e-04  0.00000000e+00 
 1.25000010e-04  1.30809543e-01  1.25000010e-04  6.04647204e-01  1.25000010e-04  2.54927988e-07  1.25000010e-04  1.29801650e-06  1.25000010e-04 -8.73086896e-08  1.25000010e-04  1.20000000e+00  1.25000010e-04  0.00000000e+00 
 1.25000011e-04  1.30809164e-01  1.25000011e-04  6.04438481e-01  1.25000011e-04  4.44515853e-07  1.25000011e-04 -1.49482213e-06  1.25000011e-04  2.20352559e-07  1.25000011e-04  1.20000000e+00  1.25000011e-04  0.00000000e+00 
 1.25000012e-04  1.30808188e-01  1.25000012e-04  6.04007041e-01  1.25000012e-04  4.68098894e-07  1.25000012e-04 -1.97951042e-06  1.25000012e-04  2.82889486e-07  1.25000012e-04  1.20000000e+00  1.25000012e-04  0.00000000e+00 
 1.25000014e-04  1.30806072e-01  1.25000014e-04  6.03200415e-01  1.25000014e-04  4.36369464e-07  1.25000014e-04 -1.51333081e-06  1.25000014e-04  1.94292279e-07  1.25000014e-04  1.20000000e+00  1.25000014e-04  0.00000000e+00 
 1.25000019e-04  1.30801541e-01  1.25000019e-04  6.01686869e-01  1.25000019e-04  4.58177060e-07  1.25000019e-04 -1.72729582e-06  1.25000019e-04  2.45944579e-07  1.25000019e-04  1.20000000e+00  1.25000019e-04  0.00000000e+00 
 1.25000029e-04  1.30786837e-01  1.25000029e-04  5.97340375e-01  1.25000029e-04  5.07297462e-07  1.25000029e-04 -1.60046223e-06  1.25000029e-04  3.82479700e-07  1.25000029e-04  1.20000000e+00  1.25000029e-04  0.00000000e+00 
 1.25000049e-04  1.30747938e-01  1.25000049e-04  5.87667837e-01  1.25000049e-04  4.90721082e-07  1.25000049e-04  3.78780488e-07  1.25000049e-04  3.14094947e-07  1.25000049e-04  1.20000000e+00  1.25000049e-04  0.00000000e+00 
 1.25000071e-04  1.30720472e-01  1.25000071e-04  5.82225443e-01  1.25000071e-04  3.96048501e-07  1.25000071e-04  9.54931805e-07  1.25000071e-04  4.07010108e-08  1.25000071e-04  1.20000000e+00  1.25000071e-04  0.00000000e+00 
 1.25000115e-04  1.30724315e-01  1.25000115e-04  5.78728558e-01  1.25000115e-04  4.06353057e-07  1.25000115e-04  4.84048348e-08  1.25000115e-04  7.09925725e-08  1.25000115e-04  1.20000000e+00  1.25000115e-04  0.00000000e+00 
 1.25000163e-04  1.30744945e-01  1.25000163e-04  5.77436770e-01  1.25000163e-04  3.67569471e-07  1.25000163e-04  7.55095356e-07  1.25000163e-04 -3.43757386e-08  1.25000163e-04  1.20000000e+00  1.25000163e-04  0.00000000e+00 
 1.25000231e-04  1.30765252e-01  1.25000231e-04  5.75537121e-01  1.25000231e-04  4.04140834e-07  1.25000231e-04 -4.48229659e-08  1.25000231e-04  7.16841634e-08  1.25000231e-04  1.20000000e+00  1.25000231e-04  0.00000000e+00 
 1.25000338e-04  1.30790970e-01  1.25000338e-04  5.73505799e-01  1.25000338e-04  3.60288310e-07  1.25000338e-04  6.35080827e-07  1.25000338e-04 -4.75738904e-08  1.25000338e-04  1.20000000e+00  1.25000338e-04  0.00000000e+00 
 1.25000552e-04  1.30826317e-01  1.25000552e-04  5.71137560e-01  1.25000552e-04  3.96826282e-07  1.25000552e-04 -1.70167293e-07  1.25000552e-04  5.94645215e-08  1.25000552e-04  1.20000000e+00  1.25000552e-04  0.00000000e+00 
 1.25000979e-04  1.30866994e-01  1.25000979e-04  5.69959113e-01  1.25000979e-04  3.53009529e-07  1.25000979e-04  5.15838558e-07  1.25000979e-04 -5.99379954e-08  1.25000979e-04  1.20000000e+00  1.25000979e-04  0.00000000e+00 
 1.25001833e-04  1.30905225e-01  1.25001833e-04  5.71969047e-01  1.25001833e-04  3.92314040e-07  1.25001833e-04 -2.60079934e-07  1.25001833e-04  5.23316969e-08  1.25001833e-04  1.20000000e+00  1.25001833e-04  0.00000000e+00 
 1.25003540e-04  1.30937638e-01  1.25003540e-04  5.78015804e-01  1.25003540e-04  3.52114071e-07  1.25003540e-04  4.60025109e-07  1.25003540e-04 -6.03206451e-08  1.25003540e-04  1.20000000e+00  1.25003540e-04  0.00000000e+00 
 1.25006956e-04  1.30970548e-01  1.25006956e-04  5.85673152e-01  1.25006956e-04  3.93723195e-07  1.25006956e-04 -2.88174805e-07  1.25006956e-04  5.61464663e-08  1.25006956e-04  1.20000000e+00  1.25006956e-04  0.00000000e+00 
 1.25013787e-04  1.31021485e-01  1.25013787e-04  5.91704464e-01  1.25013787e-04  3.53425894e-07  1.25013787e-04  4.48951026e-07  1.25013787e-04 -5.69909743e-08  1.25013787e-04  1.20000000e+00  1.25013787e-04  0.00000000e+00 
 1.25027450e-04  1.31121795e-01  1.25027450e-04  5.95538835e-01  1.25027450e-04  3.94162579e-07  1.25027450e-04 -2.88578218e-07  1.25027450e-04  5.71944315e-08  1.25027450e-04  1.20000000e+00  1.25027450e-04  0.00000000e+00 
 1.25054775e-04  1.31322112e-01  1.25054775e-04  5.96641036e-01  1.25054775e-04  3.53550889e-07  1.25054775e-04  4.49338745e-07  1.25054775e-04 -5.70260529e-08  1.25054775e-04  1.20000000e+00  1.25054775e-04  0.00000000e+00 
 1.25109425e-04  1.31717201e-01  1.25109425e-04  5.96668538e-01  1.25109425e-04  3.94146959e-07  1.25109425e-04 -2.90266507e-07  1.25109425e-04  5.70549451e-08  1.25109425e-04  1.20000000e+00  1.25109425e-04  0.00000000e+00 
 1.25209425e-04  1.32439873e-01  1.25209425e-04  5.96706111e-01  1.25209425e-04  3.53536435e-07  1.25209425e-04  4.49456154e-07  1.25209425e-04 -5.70177022e-08  1.25209425e-04  1.20000000e+00  1.25209425e-04  0.00000000e+00 
 1.25309425e-04  1.33163065e-01  1.25309425e-04  5.96656643e-01  1.25309425e-04  3.94149332e-07  1.25309425e-04 -2.90255152e-07  1.25309425e-04  5.70515777e-08  1.25309425e-04  1.20000000e+00  1.25309425e-04  0.00000000e+00 
 1.25409425e-04  1.33886231e-01  1.25409425e-04  5.96714001e-01  1.25409425e-04  3.53534861e-07  1.25409425e-04  4.49550122e-07  1.25409425e-04 -5.70155899e-08  1.25409425e-04  1.20000000e+00  1.25409425e-04  0.00000000e+00 
 1.25509425e-04  1.34610005e-01  1.25509425e-04  5.96650898e-01  1.25509425e-04  3.94150602e-07  1.25509425e-04 -2.90218648e-07  1.25509425e-04  5.70505554e-08  1.25509425e-04  1.20000000e+00  1.25509425e-04  0.00000000e+00 
 1.25609425e-04  1.35333663e-01  1.25609425e-04  5.96718049e-01  1.25609425e-04  3.53533702e-07  1.25609425e-04  4.49619184e-07  1.25609425e-04 -5.70152586e-08  1.25609425e-04  1.20000000e+00  1.25609425e-04  0.00000000e+00 
 1.25709425e-04  1.36057988e-01  1.25709425e-04  5.96648103e-01  1.25709425e-04  3.94151726e-07  1.25709425e-04 -2.90162944e-07  1.25709425e-04  5.70508839e-08  1.25709425e-04  1.20000000e+00  1.25709425e-04  0.00000000e+00 
 1.25809425e-04  1.36782149e-01  1.25809425e-04  5.96719623e-01  1.25809425e-04  3.53532594e-07  1.25809425e-04  4.49670594e-07  1.25809425e-04 -5.70159486e-08  1.25809425e-04  1.20000000e+00  1.25809425e-04  0.00000000e+00 
 1.25909425e-04  1.37506994e-01  1.25909425e-04  5.96647439e-01  1.25909425e-04  3.94152817e-07  1.25909425e-04 -2.90095529e-07  1.25909425e-04  5.70519775e-08  1.25909425e-04  1.20000000e+00  1.25909425e-04  0.00000000e+00 
 1.26009425e-04  1.38231666e-01  1.26009425e-04  5.96719396e-01  1.26009425e-04  3.53531519e-07  1.26009425e-04  4.49711308e-07  1.26009425e-04 -5.70172042e-08  1.26009425e-04  1.20000000e+00  1.26009425e-04  0.00000000e+00 
 1.26109425e-04  1.38957006e-01  1.26109425e-04  5.96648270e-01  1.26109425e-04  3.94153873e-07  1.26109425e-04 -2.90022449e-07  1.26109425e-04  5.70534794e-08  1.26109425e-04  1.20000000e+00  1.26109425e-04  0.00000000e+00 
 1.26209425e-04  1.39682191e-01  1.26209425e-04  5.96717968e-01  1.26209425e-04  3.53530491e-07  1.26209425e-04  4.49746418e-07  1.26209425e-04 -5.70187441e-08  1.26209425e-04  1.20000000e+00  1.26209425e-04  0.00000000e+00 
 1.26309425e-04  1.40408006e-01  1.26309425e-04  5.96650041e-01  1.26309425e-04  3.94154871e-07  1.26309425e-04 -2.89947859e-07  1.26309425e-04  5.70551667e-08  1.26309425e-04  1.20000000e+00  1.26309425e-04  0.00000000e+00 
 1.26409425e-04  1.41133701e-01  1.26409425e-04  5.96715835e-01  1.26409425e-04  3.53529527e-07  1.26409425e-04  4.49779247e-07  1.26409425e-04 -5.70203913e-08  1.26409425e-04  1.20000000e+00  1.26409425e-04  0.00000000e+00 
 1.26509425e-04  1.41859978e-01  1.26509425e-04  5.96652316e-01  1.26509425e-04  3.94155796e-07  1.26509425e-04 -2.89874344e-07  1.26509425e-04  5.70568996e-08  1.26509425e-04  1.20000000e+00  1.26509425e-04  0.00000000e+00 
 1.26609425e-04  1.42586174e-01  1.26609425e-04  5.96713369e-01  1.26609425e-04  3.53528640e-07  1.26609425e-04  4.49811773e-07  1.26609425e-04 -5.70220357e-08  1.26609425e-04  1.20000000e+00  1.26609425e-04  0.00000000e+00 
 1.26709425e-04  1.43312902e-01  1.26709425e-04  5.96654789e-01  1.26709425e-04  3.94156642e-07  1.26709425e-04 -2.89803358e-07  1.26709425e-04  5.70585922e-08  1.26709425e-04  1.20000000e+00  1.26709425e-04  0.00000000e+00 
 1.26809425e-04  1.44039589e-01  1.26809425e-04  5.96710820e-01  1.26809425e-04  3.53527834e-07  1.26809425e-04  4.49845036e-07  1.26809425e-04 -5.70236115e-08  1.26809425e-04  1.20000000e+00  1.26809425e-04  0.00000000e+00 
 1.26909425e-04  1.44766760e-01  1.26909425e-04  5.96657254e-01  1.26909425e-04  3.94157409e-07  1.26909425e-04 -2.89735596e-07  1.26909425e-04  5.70601949e-08  1.26909425e-04  1.20000000e+00  1.26909425e-04  0.00000000e+00 
 1.27009425e-04  1.45493925e-01  1.27009425e-04  5.96708348e-01  1.27009425e-04  3.53527108e-07  1.27009425e-04  4.49879473e-07  1.27009425e-04 -5.70250820e-08  1.27009425e-04  1.20000000e+00  1.27009425e-04  0.00000000e+00 
 1.27109425e-04  1.46221530e-01  1.27109425e-04  5.96659592e-01  1.27109425e-04  3.94158098e-07  1.27109425e-04 -2.89671273e-07  1.27109425e-04  5.70616818e-08  1.27109425e-04  1.20000000e+00  1.27109425e-04  0.00000000e+00 
 1.27209425e-04  1.46949162e-01  1.27209425e-04  5.96706044e-01  1.27209425e-04  3.53526455e-07  1.27209425e-04  4.49915148e-07  1.27209425e-04 -5.70264303e-08  1.27209425e-04  1.20000000e+00  1.27209425e-04  0.00000000e+00 
 1.27309425e-04  1.47677194e-01  1.27309425e-04  5.96661736e-01  1.27309425e-04  3.94158715e-07  1.27309425e-04 -2.89610323e-07  1.27309425e-04  5.70630430e-08  1.27309425e-04  1.20000000e+00  1.27309425e-04  0.00000000e+00 
 1.27409425e-04  1.48405280e-01  1.27409425e-04  5.96703953e-01  1.27409425e-04  3.53525872e-07  1.27409425e-04  4.49951921e-07  1.27409425e-04 -5.70276520e-08  1.27409425e-04  1.20000000e+00  1.27409425e-04  0.00000000e+00 
 1.27509425e-04  1.49133732e-01  1.27509425e-04  5.96663659e-01  1.27509425e-04  3.94159267e-07  1.27509425e-04 -2.89552529e-07  1.27509425e-04  5.70642785e-08  1.27509425e-04  1.20000000e+00  1.27509425e-04  0.00000000e+00 
 1.27609425e-04  1.49862260e-01  1.27609425e-04  5.96702089e-01  1.27609425e-04  3.53525350e-07  1.27609425e-04  4.49989551e-07  1.27609425e-04 -5.70287504e-08  1.27609425e-04  1.20000000e+00  1.27609425e-04  0.00000000e+00 
 1.27709425e-04  1.50591125e-01  1.27709425e-04  5.96665356e-01  1.27709425e-04  3.94159760e-07  1.27709425e-04 -2.89497610e-07  1.27709425e-04  5.70653943e-08  1.27709425e-04  1.20000000e+00  1.27709425e-04  0.00000000e+00 
 1.27809425e-04  1.51320082e-01  1.27809425e-04  5.96700448e-01  1.27809425e-04  3.53524884e-07  1.27809425e-04  4.50027762e-07  1.27809425e-04 -5.70297335e-08  1.27809425e-04  1.20000000e+00  1.27809425e-04  0.00000000e+00 
 1.27909425e-04  1.52049352e-01  1.27909425e-04  5.96666837e-01  1.27909425e-04  3.94160198e-07  1.27909425e-04 -2.89445273e-07  1.27909425e-04  5.70663995e-08  1.27909425e-04  1.20000000e+00  1.27909425e-04  0.00000000e+00 
 1.28009425e-04  1.52778728e-01  1.28009425e-04  5.96699015e-01  1.28009425e-04  3.53524467e-07  1.28009425e-04  4.50066285e-07  1.28009425e-04 -5.70306112e-08  1.28009425e-04  1.20000000e+00  1.28009425e-04  0.00000000e+00 
 1.28109425e-04  1.53508394e-01  1.28109425e-04  5.96668121e-01  1.28109425e-04  3.94160593e-07  1.28109425e-04 -2.89395238e-07  1.28109425e-04  5.70673049e-08  1.28109425e-04  1.20000000e+00  1.28109425e-04  0.00000000e+00 
 1.28209425e-04  1.54238177e-01  1.28209425e-04  5.96697771e-01  1.28209425e-04  3.53524094e-07  1.28209425e-04  4.50104879e-07  1.28209425e-04 -5.70313946e-08  1.28209425e-04  1.20000000e+00  1.28209425e-04  0.00000000e+00 
 1.28309425e-04  1.54968232e-01  1.28309425e-04  5.96669228e-01  1.28309425e-04  3.94160948e-07  1.28309425e-04 -2.89347257e-07  1.28309425e-04  5.70681214e-08  1.28309425e-04  1.20000000e+00  1.28309425e-04  0.00000000e+00 
 1.28409425e-04  1.55698411e-01  1.28409425e-04  5.96696694e-01  1.28409425e-04  3.53523762e-07  1.28409425e-04  4.50143334e-07  1.28409425e-04 -5.70320944e-08  1.28409425e-04  1.20000000e+00  1.28409425e-04  0.00000000e+00 
 1.28509425e-04  1.56428848e-01  1.28509425e-04  5.96670181e-01  1.28509425e-04  3.94161266e-07  1.28509425e-04 -2.89301120e-07  1.28509425e-04  5.70688595e-08  1.28509425e-04  1.20000000e+00  1.28509425e-04  0.00000000e+00 
 1.28609425e-04  1.57159412e-01  1.28609425e-04  5.96695762e-01  1.28609425e-04  3.53523457e-07  1.28609425e-04  4.50181477e-07  1.28609425e-04 -5.70327208e-08  1.28609425e-04  1.20000000e+00  1.28609425e-04  0.00000000e+00 
 1.28709425e-04  1.57890221e-01  1.28709425e-04  5.96670999e-01  1.28709425e-04  3.94161554e-07  1.28709425e-04 -2.89256646e-07  1.28709425e-04  5.70695291e-08  1.28709425e-04  1.20000000e+00  1.28709425e-04  0.00000000e+00 
 1.28809425e-04  1.58621160e-01  1.28809425e-04  5.96694956e-01  1.28809425e-04  3.53523184e-07  1.28809425e-04  4.50219173e-07  1.28809425e-04 -5.70332833e-08  1.28809425e-04  1.20000000e+00  1.28809425e-04  0.00000000e+00 
 1.28909425e-04  1.59352334e-01  1.28909425e-04  5.96671701e-01  1.28909425e-04  3.94161813e-07  1.28909425e-04 -2.89213691e-07  1.28909425e-04  5.70701391e-08  1.28909425e-04  1.20000000e+00  1.28909425e-04  0.00000000e+00 
 1.29009425e-04  1.60083638e-01  1.29009425e-04  5.96694258e-01  1.29009425e-04  3.53522936e-07  1.29009425e-04  4.50256316e-07  1.29009425e-04 -5.70337901e-08  1.29009425e-04  1.20000000e+00  1.29009425e-04  0.00000000e+00 
 1.29109425e-04  1.60815168e-01  1.29109425e-04  5.96672304e-01  1.29109425e-04  3.94162051e-07  1.29109425e-04 -2.89172134e-07  1.29109425e-04  5.70706972e-08  1.29109425e-04  1.20000000e+00  1.29109425e-04  0.00000000e+00 
 1.29209425e-04  1.61546828e-01  1.29209425e-04  5.96693653e-01  1.29209425e-04  3.53522707e-07  1.29209425e-04  4.50292825e-07  1.29209425e-04 -5.70342487e-08  1.29209425e-04  1.20000000e+00  1.29209425e-04  0.00000000e+00 
 1.29309425e-04  1.62278705e-01  1.29309425e-04  5.96672822e-01  1.29309425e-04  3.94162268e-07  1.29309425e-04 -2.89131880e-07  1.29309425e-04  5.70712104e-08  1.29309425e-04  1.20000000e+00  1.29309425e-04  0.00000000e+00 
 1.29409425e-04  1.63010712e-01  1.29409425e-04  5.96693127e-01  1.29409425e-04  3.53522502e-07  1.29409425e-04  4.50328643e-07  1.29409425e-04 -5.70346654e-08  1.29409425e-04  1.20000000e+00  1.29409425e-04  0.00000000e+00 
 1.29509425e-04  1.63742928e-01  1.29509425e-04  5.96673268e-01  1.29509425e-04  3.94162469e-07  1.29509425e-04 -2.89092849e-07  1.29509425e-04  5.70716847e-08  1.29509425e-04  1.20000000e+00  1.29509425e-04  0.00000000e+00 
 1.29609425e-04  1.64475272e-01  1.29609425e-04  5.96692669e-01  1.29609425e-04  3.53522310e-07  1.29609425e-04  4.50363728e-07  1.29609425e-04 -5.70350458e-08  1.29609425e-04  1.20000000e+00  1.29609425e-04  0.00000000e+00 
 1.29709425e-04  1.65207819e-01  1.29709425e-04  5.96673653e-01  1.29709425e-04  3.94162649e-07  1.29709425e-04 -2.89054978e-07  1.29709425e-04  5.70721252e-08  1.29709425e-04  1.20000000e+00  1.29709425e-04  0.00000000e+00 
 1.29809425e-04  1.65940492e-01  1.29809425e-04  5.96692269e-01  1.29809425e-04  3.53522133e-07  1.29809425e-04  4.50398052e-07  1.29809425e-04 -5.70353948e-08  1.29809425e-04  1.20000000e+00  1.29809425e-04  0.00000000e+00 
 1.29909425e-04  1.66673361e-01  1.29909425e-04  5.96673985e-01  1.29909425e-04  3.94162822e-07  1.29909425e-04 -2.89018212e-07  1.29909425e-04  5.70725365e-08  1.29909425e-04  1.20000000e+00  1.29909425e-04  0.00000000e+00 
 1.30009425e-04  1.67406353e-01  1.30009425e-04  5.96691919e-01  1.30009425e-04  3.53521967e-07  1.30009425e-04  4.50431597e-07  1.30009425e-04 -5.70357164e-08  1.30009425e-04  1.20000000e+00  1.30009425e-04  0.00000000e+00 
 1.30109425e-04  1.68139537e-01  1.30109425e-04  5.96674271e-01  1.30109425e-04  3.94162978e-07  1.30109425e-04 -2.88982508e-07  1.30109425e-04  5.70729223e-08  1.30109425e-04  1.20000000e+00  1.30109425e-04  0.00000000e+00 
 1.30209425e-04  1.68872840e-01  1.30209425e-04  5.96691611e-01  1.30209425e-04  3.53521816e-07  1.30209425e-04  4.50464355e-07  1.30209425e-04 -5.70360142e-08  1.30209425e-04  1.20000000e+00  1.30209425e-04  0.00000000e+00 
 1.30309425e-04  1.69606329e-01  1.30309425e-04  5.96674519e-01  1.30309425e-04  3.94163125e-07  1.30309425e-04 -2.88947825e-07  1.30309425e-04  5.70732859e-08  1.30309425e-04  1.20000000e+00  1.30309425e-04  0.00000000e+00 
 1.30409425e-04  1.70339935e-01  1.30409425e-04  5.96691341e-01  1.30409425e-04  3.53521672e-07  1.30409425e-04  4.50496319e-07  1.30409425e-04 -5.70362913e-08  1.30409425e-04  1.20000000e+00  1.30409425e-04  0.00000000e+00 
 1.30509425e-04  1.71073723e-01  1.30509425e-04  5.96674734e-01  1.30509425e-04  3.94163268e-07  1.30509425e-04 -2.88914129e-07  1.30509425e-04  5.70736303e-08  1.30509425e-04  1.20000000e+00  1.30509425e-04  0.00000000e+00 
 1.30609425e-04  1.71807624e-01  1.30609425e-04  5.96691103e-01  1.30609425e-04  3.53521537e-07  1.30609425e-04  4.50527495e-07  1.30609425e-04 -5.70365503e-08  1.30609425e-04  1.20000000e+00  1.30609425e-04  0.00000000e+00 
 1.30709425e-04  1.72541702e-01  1.30709425e-04  5.96674920e-01  1.30709425e-04  3.94163394e-07  1.30709425e-04 -2.88881391e-07  1.30709425e-04  5.70739578e-08  1.30709425e-04  1.20000000e+00  1.30709425e-04  0.00000000e+00 
 1.30809425e-04  1.73275889e-01  1.30809425e-04  5.96690892e-01  1.30809425e-04  3.53521408e-07  1.30809425e-04  4.50557883e-07  1.30809425e-04 -5.70367936e-08  1.30809425e-04  1.20000000e+00  1.30809425e-04  0.00000000e+00 
 1.30909425e-04  1.74010250e-01  1.30909425e-04  5.96675081e-01  1.30909425e-04  3.94163519e-07  1.30909425e-04 -2.88849582e-07  1.30909425e-04  5.70742707e-08  1.30909425e-04  1.20000000e+00  1.30909425e-04  0.00000000e+00 
 1.31009425e-04  1.74744716e-01  1.31009425e-04  5.96690706e-01  1.31009425e-04  3.53521289e-07  1.31009425e-04  4.50587492e-07  1.31009425e-04 -5.70370230e-08  1.31009425e-04  1.20000000e+00  1.31009425e-04  0.00000000e+00 
 1.31109425e-04  1.75479352e-01  1.31109425e-04  5.96675221e-01  1.31109425e-04  3.94163637e-07  1.31109425e-04 -2.88818673e-07  1.31109425e-04  5.70745706e-08  1.31109425e-04  1.20000000e+00  1.31109425e-04  0.00000000e+00 
 1.31209425e-04  1.76214089e-01  1.31209425e-04  5.96690540e-01  1.31209425e-04  3.53521175e-07  1.31209425e-04  4.50616332e-07  1.31209425e-04 -5.70372404e-08  1.31209425e-04  1.20000000e+00  1.31209425e-04  0.00000000e+00 
 1.31309425e-04  1.76948993e-01  1.31309425e-04  5.96675341e-01  1.31309425e-04  3.94163750e-07  1.31309425e-04 -2.88788642e-07  1.31309425e-04  5.70748593e-08  1.31309425e-04  1.20000000e+00  1.31309425e-04  0.00000000e+00 
 1.31409425e-04  1.77683994e-01  1.31409425e-04  5.96690393e-01  1.31409425e-04  3.53521066e-07  1.31409425e-04  4.50644412e-07  1.31409425e-04 -5.70374471e-08  1.31409425e-04  1.20000000e+00  1.31409425e-04  0.00000000e+00 
 1.31509425e-04  1.78419158e-01  1.31509425e-04  5.96675446e-01  1.31509425e-04  3.94163857e-07  1.31509425e-04 -2.88759463e-07  1.31509425e-04  5.70751381e-08  1.31509425e-04  1.20000000e+00  1.31509425e-04  0.00000000e+00 
 1.31609425e-04  1.79154416e-01  1.31609425e-04  5.96690263e-01  1.31609425e-04  3.53520959e-07  1.31609425e-04  4.50671744e-07  1.31609425e-04 -5.70376445e-08  1.31609425e-04  1.20000000e+00  1.31609425e-04  0.00000000e+00 
 1.31709425e-04  1.79889833e-01  1.31709425e-04  5.96675537e-01  1.31709425e-04  3.94163958e-07  1.31709425e-04 -2.88731113e-07  1.31709425e-04  5.70754083e-08  1.31709425e-04  1.20000000e+00  1.31709425e-04  0.00000000e+00 
 1.31809425e-04  1.80625340e-01  1.31809425e-04  5.96690146e-01  1.31809425e-04  3.53520861e-07  1.31809425e-04  4.50698342e-07  1.31809425e-04 -5.70378337e-08  1.31809425e-04  1.20000000e+00  1.31809425e-04  0.00000000e+00 
 1.31909425e-04  1.81361003e-01  1.31909425e-04  5.96675615e-01  1.31909425e-04  3.94164060e-07  1.31909425e-04 -2.88703568e-07  1.31909425e-04  5.70756707e-08  1.31909425e-04  1.20000000e+00  1.31909425e-04  0.00000000e+00 
 1.32009425e-04  1.82096753e-01  1.32009425e-04  5.96690042e-01  1.32009425e-04  3.53520761e-07  1.32009425e-04  4.50724217e-07  1.32009425e-04 -5.70380157e-08  1.32009425e-04  1.20000000e+00  1.32009425e-04  0.00000000e+00 
 1.32109425e-04  1.82832655e-01  1.32109425e-04  5.96675683e-01  1.32109425e-04  3.94164153e-07  1.32109425e-04 -2.88676808e-07  1.32109425e-04  5.70759265e-08  1.32109425e-04  1.20000000e+00  1.32109425e-04  0.00000000e+00 
 1.32209425e-04  1.83568641e-01  1.32209425e-04  5.96689948e-01  1.32209425e-04  3.53520665e-07  1.32209425e-04  4.50749385e-07  1.32209425e-04 -5.70381913e-08  1.32209425e-04  1.20000000e+00  1.32209425e-04  0.00000000e+00 
 1.32309425e-04  1.84304776e-01  1.32309425e-04  5.96675741e-01  1.32309425e-04  3.94164246e-07  1.32309425e-04 -2.88650809e-07  1.32309425e-04  5.70761763e-08  1.32309425e-04  1.20000000e+00  1.32309425e-04  0.00000000e+00 
 1.32409425e-04  1.85040990e-01  1.32409425e-04  5.96689864e-01  1.32409425e-04  3.53520575e-07  1.32409425e-04  4.50773860e-07  1.32409425e-04 -5.70383613e-08  1.32409425e-04  1.20000000e+00  1.32409425e-04  0.00000000e+00 
 1.32509425e-04  1.85777352e-01  1.32509425e-04  5.96675792e-01  1.32509425e-04  3.94164337e-07  1.32509425e-04 -2.88625551e-07  1.32509425e-04  5.70764209e-08  1.32509425e-04  1.20000000e+00  1.32509425e-04  0.00000000e+00 
 1.32609425e-04  1.86513789e-01  1.32609425e-04  5.96689788e-01  1.32609425e-04  3.53520487e-07  1.32609425e-04  4.50797656e-07  1.32609425e-04 -5.70385263e-08  1.32609425e-04  1.20000000e+00  1.32609425e-04  0.00000000e+00 
 1.32709425e-04  1.87250371e-01  1.32709425e-04  5.96675835e-01  1.32709425e-04  3.94164425e-07  1.32709425e-04 -2.88601013e-07  1.32709425e-04  5.70766609e-08  1.32709425e-04  1.20000000e+00  1.32709425e-04  0.00000000e+00 
 1.32809425e-04  1.87987024e-01  1.32809425e-04  5.96689719e-01  1.32809425e-04  3.53520399e-07  1.32809425e-04  4.50820788e-07  1.32809425e-04 -5.70386869e-08  1.32809425e-04  1.20000000e+00  1.32809425e-04  0.00000000e+00 
 1.32909425e-04  1.88723819e-01  1.32909425e-04  5.96675872e-01  1.32909425e-04  3.94164511e-07  1.32909425e-04 -2.88577172e-07  1.32909425e-04  5.70768968e-08  1.32909425e-04  1.20000000e+00  1.32909425e-04  0.00000000e+00 
 1.33009425e-04  1.89460683e-01  1.33009425e-04  5.96689658e-01  1.33009425e-04  3.53520315e-07  1.33009425e-04  4.50843274e-07  1.33009425e-04 -5.70388436e-08  1.33009425e-04  1.20000000e+00  1.33009425e-04  0.00000000e+00 
 1.33109425e-04  1.90197686e-01  1.33109425e-04  5.96675905e-01  1.33109425e-04  3.94164595e-07  1.33109425e-04 -2.88554011e-07  1.33109425e-04  5.70771291e-08  1.33109425e-04  1.20000000e+00  1.33109425e-04  0.00000000e+00 
 1.33209425e-04  1.90934754e-01  1.33209425e-04  5.96689602e-01  1.33209425e-04  3.53520232e-07  1.33209425e-04  4.50865126e-07  1.33209425e-04 -5.70389969e-08  1.33209425e-04  1.20000000e+00  1.33209425e-04  0.00000000e+00 
 1.33309425e-04  1.91671959e-01  1.33309425e-04  5.96675933e-01  1.33309425e-04  3.94164677e-07  1.33309425e-04 -2.88531508e-07  1.33309425e-04  5.70773581e-08  1.33309425e-04  1.20000000e+00  1.33309425e-04  0.00000000e+00 
 1.33409425e-04  1.92409225e-01  1.33409425e-04  5.96689551e-01  1.33409425e-04  3.53520149e-07  1.33409425e-04  4.50886361e-07  1.33409425e-04 -5.70391470e-08  1.33409425e-04  1.20000000e+00  1.33409425e-04  0.00000000e+00 
 1.33509425e-04  1.93146627e-01  1.33509425e-04  5.96675956e-01  1.33509425e-04  3.94164756e-07  1.33509425e-04 -2.88509643e-07  1.33509425e-04  5.70775843e-08  1.33509425e-04  1.20000000e+00  1.33509425e-04  0.00000000e+00 
 1.33609425e-04  1.93884086e-01  1.33609425e-04  5.96689503e-01  1.33609425e-04  3.53520069e-07  1.33609425e-04  4.50906996e-07  1.33609425e-04 -5.70392944e-08  1.33609425e-04  1.20000000e+00  1.33609425e-04  0.00000000e+00 
 1.33709425e-04  1.94621678e-01  1.33709425e-04  5.96675977e-01  1.33709425e-04  3.94164836e-07  1.33709425e-04 -2.88488397e-07  1.33709425e-04  5.70778079e-08  1.33709425e-04  1.20000000e+00  1.33709425e-04  0.00000000e+00 
 1.33809425e-04  1.95359324e-01  1.33809425e-04  5.96689461e-01  1.33809425e-04  3.53519990e-07  1.33809425e-04  4.50927044e-07  1.33809425e-04 -5.70394393e-08  1.33809425e-04  1.20000000e+00  1.33809425e-04  0.00000000e+00 
 1.33909425e-04  1.96097102e-01  1.33909425e-04  5.96675995e-01  1.33909425e-04  3.94164916e-07  1.33909425e-04 -2.88467753e-07  1.33909425e-04  5.70780293e-08  1.33909425e-04  1.20000000e+00  1.33909425e-04  0.00000000e+00 
 1.34009425e-04  1.96834930e-01  1.34009425e-04  5.96689421e-01  1.34009425e-04  3.53519912e-07  1.34009425e-04  4.50946523e-07  1.34009425e-04 -5.70395819e-08  1.34009425e-04  1.20000000e+00  1.34009425e-04  0.00000000e+00 
 1.34109425e-04  1.97572888e-01  1.34109425e-04  5.96676010e-01  1.34109425e-04  3.94164992e-07  1.34109425e-04 -2.88447690e-07  1.34109425e-04  5.70782486e-08  1.34109425e-04  1.20000000e+00  1.34109425e-04  0.00000000e+00 
 1.34209425e-04  1.98310894e-01  1.34209425e-04  5.96689385e-01  1.34209425e-04  3.53519837e-07  1.34209425e-04  4.50965450e-07  1.34209425e-04 -5.70397226e-08  1.34209425e-04  1.20000000e+00  1.34209425e-04  0.00000000e+00 
 1.34309425e-04  1.99049026e-01  1.34309425e-04  5.96676023e-01  1.34309425e-04  3.94165069e-07  1.34309425e-04 -2.88428189e-07  1.34309425e-04  5.70784660e-08  1.34309425e-04  1.20000000e+00  1.34309425e-04  0.00000000e+00 
 1.34409425e-04  1.99787204e-01  1.34409425e-04  5.96689350e-01  1.34409425e-04  3.53519761e-07  1.34409425e-04  4.50983838e-07  1.34409425e-04 -5.70398615e-08  1.34409425e-04  1.20000000e+00  1.34409425e-04  0.00000000e+00 
 1.34509425e-04  2.00525506e-01  1.34509425e-04  5.96676034e-01  1.34509425e-04  3.94165144e-07  1.34509425e-04 -2.88409234e-07  1.34509425e-04  5.70786818e-08  1.34509425e-04  1.20000000e+00  1.34509425e-04  0.00000000e+00 
 1.34609425e-04  2.01263851e-01  1.34609425e-04  5.96689319e-01  1.34609425e-04  3.53519687e-07  1.34609425e-04  4.51001704e-07  1.34609425e-04 -5.70399987e-08  1.34609425e-04  1.20000000e+00  1.34609425e-04  0.00000000e+00 
 1.34709425e-04  2.02002318e-01  1.34709425e-04  5.96676044e-01  1.34709425e-04  3.94165216e-07  1.34709425e-04 -2.88390808e-07  1.34709425e-04  5.70788960e-08  1.34709425e-04  1.20000000e+00  1.34709425e-04  0.00000000e+00 
 1.34809425e-04  2.02740826e-01  1.34809425e-04  5.96689290e-01  1.34809425e-04  3.53519610e-07  1.34809425e-04  4.51019062e-07  1.34809425e-04 -5.70401344e-08  1.34809425e-04  1.20000000e+00  1.34809425e-04  0.00000000e+00 
 1.34909425e-04  2.03479454e-01  1.34909425e-04  5.96676053e-01  1.34909425e-04  3.94165292e-07  1.34909425e-04 -2.88372891e-07  1.34909425e-04  5.70791089e-08  1.34909425e-04  1.20000000e+00  1.34909425e-04  0.00000000e+00 
 1.35009425e-04  2.04218119e-01  1.35009425e-04  5.96689262e-01  1.35009425e-04  3.53519538e-07  1.35009425e-04  4.51035931e-07  1.35009425e-04 -5.70402688e-08  1.35009425e-04  1.20000000e+00  1.35009425e-04  0.00000000e+00 
 1.35109425e-04  2.04956903e-01  1.35109425e-04  5.96676061e-01  1.35109425e-04  3.94165365e-07  1.35109425e-04 -2.88355467e-07  1.35109425e-04  5.70793205e-08  1.35109425e-04  1.20000000e+00  1.35109425e-04  0.00000000e+00 
 1.35209425e-04  2.05695723e-01  1.35209425e-04  5.96689236e-01  1.35209425e-04  3.53519464e-07  1.35209425e-04  4.51052323e-07  1.35209425e-04 -5.70404019e-08  1.35209425e-04  1.20000000e+00  1.35209425e-04  0.00000000e+00 
 1.35309425e-04  2.06434659e-01  1.35309425e-04  5.96676068e-01  1.35309425e-04  3.94165437e-07  1.35309425e-04 -2.88338521e-07  1.35309425e-04  5.70795309e-08  1.35309425e-04  1.20000000e+00  1.35309425e-04  0.00000000e+00 
 1.35409425e-04  2.07173627e-01  1.35409425e-04  5.96689211e-01  1.35409425e-04  3.53519392e-07  1.35409425e-04  4.51068254e-07  1.35409425e-04 -5.70405338e-08  1.35409425e-04  1.20000000e+00  1.35409425e-04  0.00000000e+00 
 1.35509425e-04  2.07912711e-01  1.35509425e-04  5.96676074e-01  1.35509425e-04  3.94165509e-07  1.35509425e-04 -2.88322035e-07  1.35509425e-04  5.70797403e-08  1.35509425e-04  1.20000000e+00  1.35509425e-04  0.00000000e+00 
 1.35609425e-04  2.08651825e-01  1.35609425e-04  5.96689188e-01  1.35609425e-04  3.53519322e-07  1.35609425e-04  4.51083740e-07  1.35609425e-04 -5.70406646e-08  1.35609425e-04  1.20000000e+00  1.35609425e-04  0.00000000e+00 
 1.35709425e-04  2.09391052e-01  1.35709425e-04  5.96676079e-01  1.35709425e-04  3.94165580e-07  1.35709425e-04 -2.88305992e-07  1.35709425e-04  5.70799486e-08  1.35709425e-04  1.20000000e+00  1.35709425e-04  0.00000000e+00 
 1.35809425e-04  2.10130307e-01  1.35809425e-04  5.96689166e-01  1.35809425e-04  3.53519249e-07  1.35809425e-04  4.51098796e-07  1.35809425e-04 -5.70407944e-08  1.35809425e-04  1.20000000e+00  1.35809425e-04  0.00000000e+00 
 1.35909425e-04  2.10869673e-01  1.35909425e-04  5.96676084e-01  1.35909425e-04  3.94165650e-07  1.35909425e-04 -2.88290380e-07  1.35909425e-04  5.70801560e-08  1.35909425e-04  1.20000000e+00  1.35909425e-04  0.00000000e+00 
 1.36009425e-04  2.11609066e-01  1.36009425e-04  5.96689145e-01  1.36009425e-04  3.53519179e-07  1.36009425e-04  4.51113434e-07  1.36009425e-04 -5.70409233e-08  1.36009425e-04  1.20000000e+00  1.36009425e-04  0.00000000e+00 
 1.36109425e-04  2.12348569e-01  1.36109425e-04  5.96676089e-01  1.36109425e-04  3.94165720e-07  1.36109425e-04 -2.88275180e-07  1.36109425e-04  5.70803626e-08  1.36109425e-04  1.20000000e+00  1.36109425e-04  0.00000000e+00 
 1.36209425e-04  2.13088095e-01  1.36209425e-04  5.96689124e-01  1.36209425e-04  3.53519108e-07  1.36209425e-04  4.51127670e-07  1.36209425e-04 -5.70410512e-08  1.36209425e-04  1.20000000e+00  1.36209425e-04  0.00000000e+00 
 1.36309425e-04  2.13827730e-01  1.36309425e-04  5.96676093e-01  1.36309425e-04  3.94165789e-07  1.36309425e-04 -2.88260379e-07  1.36309425e-04  5.70805683e-08  1.36309425e-04  1.20000000e+00  1.36309425e-04  0.00000000e+00 
 1.36409425e-04  2.14567386e-01  1.36409425e-04  5.96689105e-01  1.36409425e-04  3.53519038e-07  1.36409425e-04  4.51141519e-07  1.36409425e-04 -5.70411783e-08  1.36409425e-04  1.20000000e+00  1.36409425e-04  0.00000000e+00 
 1.36509425e-04  2.15307150e-01  1.36509425e-04  5.96676098e-01  1.36509425e-04  3.94165859e-07  1.36509425e-04 -2.88245962e-07  1.36509425e-04  5.70807732e-08  1.36509425e-04  1.20000000e+00  1.36509425e-04  0.00000000e+00 
 1.36609425e-04  2.16046933e-01  1.36609425e-04  5.96689086e-01  1.36609425e-04  3.53518967e-07  1.36609425e-04  4.51154994e-07  1.36609425e-04 -5.70413046e-08  1.36609425e-04  1.20000000e+00  1.36609425e-04  0.00000000e+00 
 1.36709425e-04  2.16786822e-01  1.36709425e-04  5.96676102e-01  1.36709425e-04  3.94165929e-07  1.36709425e-04 -2.88231914e-07  1.36709425e-04  5.70809773e-08  1.36709425e-04  1.20000000e+00  1.36709425e-04  0.00000000e+00 
 1.36809425e-04  2.17526729e-01  1.36809425e-04  5.96689068e-01  1.36809425e-04  3.53518901e-07  1.36809425e-04  4.51168109e-07  1.36809425e-04 -5.70414302e-08  1.36809425e-04  1.20000000e+00  1.36809425e-04  0.00000000e+00 
 1.36909425e-04  2.18266740e-01  1.36909425e-04  5.96676106e-01  1.36909425e-04  3.94165996e-07  1.36909425e-04 -2.88218222e-07  1.36909425e-04  5.70811808e-08  1.36909425e-04  1.20000000e+00  1.36909425e-04  0.00000000e+00 
 1.37009425e-04  2.19006766e-01  1.37009425e-04  5.96689050e-01  1.37009425e-04  3.53518831e-07  1.37009425e-04  4.51180875e-07  1.37009425e-04 -5.70415549e-08  1.37009425e-04  1.20000000e+00  1.37009425e-04  0.00000000e+00 
 1.37109425e-04  2.19746896e-01  1.37109425e-04  5.96676110e-01  1.37109425e-04  3.94166065e-07  1.37109425e-04 -2.88204872e-07  1.37109425e-04  5.70813835e-08  1.37109425e-04  1.20000000e+00  1.37109425e-04  0.00000000e+00 
 1.37209425e-04  2.20487040e-01  1.37209425e-04  5.96689034e-01  1.37209425e-04  3.53518763e-07  1.37209425e-04  4.51193309e-07  1.37209425e-04 -5.70416790e-08  1.37209425e-04  1.20000000e+00  1.37209425e-04  0.00000000e+00 
 1.37309425e-04  2.21227286e-01  1.37309425e-04  5.96676114e-01  1.37309425e-04  3.94166133e-07  1.37309425e-04 -2.88191851e-07  1.37309425e-04  5.70815856e-08  1.37309425e-04  1.20000000e+00  1.37309425e-04  0.00000000e+00 
 1.37409425e-04  2.21967544e-01  1.37409425e-04  5.96689017e-01  1.37409425e-04  3.53518695e-07  1.37409425e-04  4.51205419e-07  1.37409425e-04 -5.70418023e-08  1.37409425e-04  1.20000000e+00  1.37409425e-04  0.00000000e+00 
 1.37509425e-04  2.22707903e-01  1.37509425e-04  5.96676118e-01  1.37509425e-04  3.94166200e-07  1.37509425e-04 -2.88179146e-07  1.37509425e-04  5.70817870e-08  1.37509425e-04  1.20000000e+00  1.37509425e-04  0.00000000e+00 
 1.37609425e-04  2.23448273e-01  1.37609425e-04  5.96689001e-01  1.37609425e-04  3.53518628e-07  1.37609425e-04  4.51217223e-07  1.37609425e-04 -5.70419250e-08  1.37609425e-04  1.20000000e+00  1.37609425e-04  0.00000000e+00 
 1.37709425e-04  2.24188742e-01  1.37709425e-04  5.96676122e-01  1.37709425e-04  3.94166270e-07  1.37709425e-04 -2.88166744e-07  1.37709425e-04  5.70819878e-08  1.37709425e-04  1.20000000e+00  1.37709425e-04  0.00000000e+00 
 1.37809425e-04  2.24929220e-01  1.37809425e-04  5.96688985e-01  1.37809425e-04  3.53518561e-07  1.37809425e-04  4.51228728e-07  1.37809425e-04 -5.70420470e-08  1.37809425e-04  1.20000000e+00  1.37809425e-04  0.00000000e+00 
 1.37909425e-04  2.25669797e-01  1.37909425e-04  5.96676126e-01  1.37909425e-04  3.94166335e-07  1.37909425e-04 -2.88154633e-07  1.37909425e-04  5.70821879e-08  1.37909425e-04  1.20000000e+00  1.37909425e-04  0.00000000e+00 
 1.38009425e-04  2.26410381e-01  1.38009425e-04  5.96688970e-01  1.38009425e-04  3.53518492e-07  1.38009425e-04  4.51239949e-07  1.38009425e-04 -5.70421684e-08  1.38009425e-04  1.20000000e+00  1.38009425e-04  0.00000000e+00 
 1.38109425e-04  2.27151063e-01  1.38109425e-04  5.96676130e-01  1.38109425e-04  3.94166402e-07  1.38109425e-04 -2.88142801e-07  1.38109425e-04  5.70823875e-08  1.38109425e-04  1.20000000e+00  1.38109425e-04  0.00000000e+00 
 1.38209425e-04  2.27891751e-01  1.38209425e-04  5.96688955e-01  1.38209425e-04  3.53518425e-07  1.38209425e-04  4.51250896e-07  1.38209425e-04 -5.70422891e-08  1.38209425e-04  1.20000000e+00  1.38209425e-04  0.00000000e+00 
 1.38309425e-04  2.28632535e-01  1.38309425e-04  5.96676135e-01  1.38309425e-04  3.94166469e-07  1.38309425e-04 -2.88131237e-07  1.38309425e-04  5.70825864e-08  1.38309425e-04  1.20000000e+00  1.38309425e-04  0.00000000e+00 
 1.38409425e-04  2.29373324e-01  1.38409425e-04  5.96688941e-01  1.38409425e-04  3.53518362e-07  1.38409425e-04  4.51261582e-07  1.38409425e-04 -5.70424092e-08  1.38409425e-04  1.20000000e+00  1.38409425e-04  0.00000000e+00 
 1.38509425e-04  2.30114208e-01  1.38509425e-04  5.96676139e-01  1.38509425e-04  3.94166536e-07  1.38509425e-04 -2.88119930e-07  1.38509425e-04  5.70827848e-08  1.38509425e-04  1.20000000e+00  1.38509425e-04  0.00000000e+00 
 1.38609425e-04  2.30855095e-01  1.38609425e-04  5.96688926e-01  1.38609425e-04  3.53518292e-07  1.38609425e-04  4.51272015e-07  1.38609425e-04 -5.70425287e-08  1.38609425e-04  1.20000000e+00  1.38609425e-04  0.00000000e+00 
 1.38709425e-04  2.31596078e-01  1.38709425e-04  5.96676143e-01  1.38709425e-04  3.94166599e-07  1.38709425e-04 -2.88108868e-07  1.38709425e-04  5.70829826e-08  1.38709425e-04  1.20000000e+00  1.38709425e-04  0.00000000e+00 
 1.38809425e-04  2.32337062e-01  1.38809425e-04  5.96688912e-01  1.38809425e-04  3.53518228e-07  1.38809425e-04  4.51282209e-07  1.38809425e-04 -5.70426476e-08  1.38809425e-04  1.20000000e+00  1.38809425e-04  0.00000000e+00 
 1.38909425e-04  2.33078140e-01  1.38909425e-04  5.96676148e-01  1.38909425e-04  3.94166667e-07  1.38909425e-04 -2.88098041e-07  1.38909425e-04  5.70831798e-08  1.38909425e-04  1.20000000e+00  1.38909425e-04  0.00000000e+00 
 1.39009425e-04  2.33819218e-01  1.39009425e-04  5.96688899e-01  1.39009425e-04  3.53518160e-07  1.39009425e-04  4.51292172e-07  1.39009425e-04 -5.70427658e-08  1.39009425e-04  1.20000000e+00  1.39009425e-04  0.00000000e+00 
 1.39109425e-04  2.34560390e-01  1.39109425e-04  5.96676153e-01  1.39109425e-04  3.94166731e-07  1.39109425e-04 -2.88087438e-07  1.39109425e-04  5.70833764e-08  1.39109425e-04  1.20000000e+00  1.39109425e-04  0.00000000e+00 
 1.39209425e-04  2.35301561e-01  1.39209425e-04  5.96688885e-01  1.39209425e-04  3.53518094e-07  1.39209425e-04  4.51301914e-07  1.39209425e-04 -5.70428835e-08  1.39209425e-04  1.20000000e+00  1.39209425e-04  0.00000000e+00 
 1.39309425e-04  2.36042824e-01  1.39309425e-04  5.96676158e-01  1.39309425e-04  3.94166796e-07  1.39309425e-04 -2.88077051e-07  1.39309425e-04  5.70835725e-08  1.39309425e-04  1.20000000e+00  1.39309425e-04  0.00000000e+00 
 1.39409425e-04  2.36784086e-01  1.39409425e-04  5.96688872e-01  1.39409425e-04  3.53518030e-07  1.39409425e-04  4.51311447e-07  1.39409425e-04 -5.70430006e-08  1.39409425e-04  1.20000000e+00  1.39409425e-04  0.00000000e+00 
 1.39509425e-04  2.37525439e-01  1.39509425e-04  5.96676163e-01  1.39509425e-04  3.94166862e-07  1.39509425e-04 -2.88066869e-07  1.39509425e-04  5.70837680e-08  1.39509425e-04  1.20000000e+00  1.39509425e-04  0.00000000e+00 
 1.39609425e-04  2.38266789e-01  1.39609425e-04  5.96688859e-01  1.39609425e-04  3.53517965e-07  1.39609425e-04  4.51320779e-07  1.39609425e-04 -5.70431172e-08  1.39609425e-04  1.20000000e+00  1.39609425e-04  0.00000000e+00 
 1.39709425e-04  2.39008230e-01  1.39709425e-04  5.96676168e-01  1.39709425e-04  3.94166927e-07  1.39709425e-04 -2.88056882e-07  1.39709425e-04  5.70839630e-08  1.39709425e-04  1.20000000e+00  1.39709425e-04  0.00000000e+00 
 1.39809425e-04  2.39749667e-01  1.39809425e-04  5.96688846e-01  1.39809425e-04  3.53517901e-07  1.39809425e-04  4.51329917e-07  1.39809425e-04 -5.70432331e-08  1.39809425e-04  1.20000000e+00  1.39809425e-04  0.00000000e+00 
 1.39909425e-04  2.40491194e-01  1.39909425e-04  5.96676173e-01  1.39909425e-04  3.94166990e-07  1.39909425e-04 -2.88047083e-07  1.39909425e-04  5.70841574e-08  1.39909425e-04  1.20000000e+00  1.39909425e-04  0.00000000e+00 
 1.40009425e-04  2.41232716e-01  1.40009425e-04  5.96688833e-01  1.40009425e-04  3.53517835e-07  1.40009425e-04  4.51338873e-07  1.40009425e-04 -5.70433485e-08  1.40009425e-04  1.20000000e+00  1.40009425e-04  0.00000000e+00 
 1.40109425e-04  2.41974327e-01  1.40109425e-04  5.96676178e-01  1.40109425e-04  3.94167057e-07  1.40109425e-04 -2.88037461e-07  1.40109425e-04  5.70843513e-08  1.40109425e-04  1.20000000e+00  1.40109425e-04  0.00000000e+00 
 1.40209425e-04  2.42715933e-01  1.40209425e-04  5.96688821e-01  1.40209425e-04  3.53517772e-07  1.40209425e-04  4.51347655e-07  1.40209425e-04 -5.70434633e-08  1.40209425e-04  1.20000000e+00  1.40209425e-04  0.00000000e+00 
 1.40309425e-04  2.43457628e-01  1.40309425e-04  5.96676184e-01  1.40309425e-04  3.94167120e-07  1.40309425e-04 -2.88028010e-07  1.40309425e-04  5.70845446e-08  1.40309425e-04  1.20000000e+00  1.40309425e-04  0.00000000e+00 
 1.40409425e-04  2.44199315e-01  1.40409425e-04  5.96688808e-01  1.40409425e-04  3.53517706e-07  1.40409425e-04  4.51356269e-07  1.40409425e-04 -5.70435775e-08  1.40409425e-04  1.20000000e+00  1.40409425e-04  0.00000000e+00 
 1.40509425e-04  2.44941091e-01  1.40509425e-04  5.96676190e-01  1.40509425e-04  3.94167185e-07  1.40509425e-04 -2.88018721e-07  1.40509425e-04  5.70847374e-08  1.40509425e-04  1.20000000e+00  1.40509425e-04  0.00000000e+00 
 1.40609425e-04  2.45682860e-01  1.40609425e-04  5.96688796e-01  1.40609425e-04  3.53517643e-07  1.40609425e-04  4.51364725e-07  1.40609425e-04 -5.70436912e-08  1.40609425e-04  1.20000000e+00  1.40609425e-04  0.00000000e+00 
 1.40709425e-04  2.46424716e-01  1.40709425e-04  5.96676196e-01  1.40709425e-04  3.94167247e-07  1.40709425e-04 -2.88009586e-07  1.40709425e-04  5.70849296e-08  1.40709425e-04  1.20000000e+00  1.40709425e-04  0.00000000e+00 
 1.40809425e-04  2.47166563e-01  1.40809425e-04  5.96688785e-01  1.40809425e-04  3.53517579e-07  1.40809425e-04  4.51373030e-07  1.40809425e-04 -5.70438043e-08  1.40809425e-04  1.20000000e+00  1.40809425e-04  0.00000000e+00 
 1.40909425e-04  2.47908498e-01  1.40909425e-04  5.96676202e-01  1.40909425e-04  3.94167312e-07  1.40909425e-04 -2.88000597e-07  1.40909425e-04  5.70851213e-08  1.40909425e-04  1.20000000e+00  1.40909425e-04  0.00000000e+00 
 1.41009425e-04  2.48650423e-01  1.41009425e-04  5.96688772e-01  1.41009425e-04  3.53517517e-07  1.41009425e-04  4.51381192e-07  1.41009425e-04 -5.70439169e-08  1.41009425e-04  1.20000000e+00  1.41009425e-04  0.00000000e+00 
 1.41109425e-04  2.49392435e-01  1.41109425e-04  5.96676207e-01  1.41109425e-04  3.94167374e-07  1.41109425e-04 -2.87991748e-07  1.41109425e-04  5.70853124e-08  1.41109425e-04  1.20000000e+00  1.41109425e-04  0.00000000e+00 
 1.41209425e-04  2.50134437e-01  1.41209425e-04  5.96688761e-01  1.41209425e-04  3.53517452e-07  1.41209425e-04  4.51389216e-07  1.41209425e-04 -5.70440289e-08  1.41209425e-04  1.20000000e+00  1.41209425e-04  0.00000000e+00 
 1.41309425e-04  2.50876525e-01  1.41309425e-04  5.96676214e-01  1.41309425e-04  3.94167439e-07  1.41309425e-04 -2.87983032e-07  1.41309425e-04  5.70855030e-08  1.41309425e-04  1.20000000e+00  1.41309425e-04  0.00000000e+00 
 1.41409425e-04  2.51618602e-01  1.41409425e-04  5.96688750e-01  1.41409425e-04  3.53517389e-07  1.41409425e-04  4.51397112e-07  1.41409425e-04 -5.70441404e-08  1.41409425e-04  1.20000000e+00  1.41409425e-04  0.00000000e+00 
 1.41509425e-04  2.52360766e-01  1.41509425e-04  5.96676220e-01  1.41509425e-04  3.94167499e-07  1.41509425e-04 -2.87974442e-07  1.41509425e-04  5.70856931e-08  1.41509425e-04  1.20000000e+00  1.41509425e-04  0.00000000e+00 
 1.41609425e-04  2.53102917e-01  1.41609425e-04  5.96688738e-01  1.41609425e-04  3.53517326e-07  1.41609425e-04  4.51404883e-07  1.41609425e-04 -5.70442513e-08  1.41609425e-04  1.20000000e+00  1.41609425e-04  0.00000000e+00 
 1.41709425e-04  2.53845154e-01  1.41709425e-04  5.96676226e-01  1.41709425e-04  3.94167563e-07  1.41709425e-04 -2.87965971e-07  1.41709425e-04  5.70858827e-08  1.41709425e-04  1.20000000e+00  1.41709425e-04  0.00000000e+00 
 1.41809425e-04  2.54587378e-01  1.41809425e-04  5.96688727e-01  1.41809425e-04  3.53517263e-07  1.41809425e-04  4.51412538e-07  1.41809425e-04 -5.70443617e-08  1.41809425e-04  1.20000000e+00  1.41809425e-04  0.00000000e+00 
 1.41909425e-04  2.55329688e-01  1.41909425e-04  5.96676233e-01  1.41909425e-04  3.94167627e-07  1.41909425e-04 -2.87957614e-07  1.41909425e-04  5.70860717e-08  1.41909425e-04  1.20000000e+00  1.41909425e-04  0.00000000e+00 
 1.42009425e-04  2.56071985e-01  1.42009425e-04  5.96688716e-01  1.42009425e-04  3.53517201e-07  1.42009425e-04  4.51420082e-07  1.42009425e-04 -5.70444715e-08  1.42009425e-04  1.20000000e+00  1.42009425e-04  0.00000000e+00 
 1.42109425e-04  2.56814367e-01  1.42109425e-04  5.96676239e-01  1.42109425e-04  3.94167690e-07  1.42109425e-04 -2.87949365e-07  1.42109425e-04  5.70862601e-08  1.42109425e-04  1.20000000e+00  1.42109425e-04  0.00000000e+00 
 1.42209425e-04  2.57556734e-01  1.42209425e-04  5.96688705e-01  1.42209425e-04  3.53517139e-07  1.42209425e-04  4.51427520e-07  1.42209425e-04 -5.70445808e-08  1.42209425e-04  1.20000000e+00  1.42209425e-04  0.00000000e+00 
 1.42309425e-04  2.58299187e-01  1.42309425e-04  5.96676246e-01  1.42309425e-04  3.94167751e-07  1.42309425e-04 -2.87941217e-07  1.42309425e-04  5.70864481e-08  1.42309425e-04  1.20000000e+00  1.42309425e-04  0.00000000e+00 
 1.42409425e-04  2.59041624e-01  1.42409425e-04  5.96688694e-01  1.42409425e-04  3.53517076e-07  1.42409425e-04  4.51434859e-07  1.42409425e-04 -5.70446895e-08  1.42409425e-04  1.20000000e+00  1.42409425e-04  0.00000000e+00 
 1.42509425e-04  2.59784147e-01  1.42509425e-04  5.96676253e-01  1.42509425e-04  3.94167814e-07  1.42509425e-04 -2.87933167e-07  1.42509425e-04  5.70866355e-08  1.42509425e-04  1.20000000e+00  1.42509425e-04  0.00000000e+00 
 1.42609425e-04  2.60526654e-01  1.42609425e-04  5.96688684e-01  1.42609425e-04  3.53517014e-07  1.42609425e-04  4.51442104e-07  1.42609425e-04 -5.70447977e-08  1.42609425e-04  1.20000000e+00  1.42609425e-04  0.00000000e+00 
 1.42709425e-04  2.61269246e-01  1.42709425e-04  5.96676259e-01  1.42709425e-04  3.94167876e-07  1.42709425e-04 -2.87925208e-07  1.42709425e-04  5.70868224e-08  1.42709425e-04  1.20000000e+00  1.42709425e-04  0.00000000e+00 
 1.42809425e-04  2.62011821e-01  1.42809425e-04  5.96688673e-01  1.42809425e-04  3.53516953e-07  1.42809425e-04  4.51449259e-07  1.42809425e-04 -5.70449054e-08  1.42809425e-04  1.20000000e+00  1.42809425e-04  0.00000000e+00 
 1.42909425e-04  2.62754481e-01  1.42909425e-04  5.96676266e-01  1.42909425e-04  3.94167937e-07  1.42909425e-04 -2.87917336e-07  1.42909425e-04  5.70870087e-08  1.42909425e-04  1.20000000e+00  1.42909425e-04  0.00000000e+00 
 1.43009425e-04  2.63497124e-01  1.43009425e-04  5.96688662e-01  1.43009425e-04  3.53516891e-07  1.43009425e-04  4.51456329e-07  1.43009425e-04 -5.70450125e-08  1.43009425e-04  1.20000000e+00  1.43009425e-04  0.00000000e+00 
 1.43109425e-04  2.64239852e-01  1.43109425e-04  5.96676273e-01  1.43109425e-04  3.94167999e-07  1.43109425e-04 -2.87909545e-07  1.43109425e-04  5.70871945e-08  1.43109425e-04  1.20000000e+00  1.43109425e-04  0.00000000e+00 
 1.43209425e-04  2.64982562e-01  1.43209425e-04  5.96688652e-01  1.43209425e-04  3.53516829e-07  1.43209425e-04  4.51463320e-07  1.43209425e-04 -5.70451191e-08  1.43209425e-04  1.20000000e+00  1.43209425e-04  0.00000000e+00 
 1.43309425e-04  2.65725356e-01  1.43309425e-04  5.96676280e-01  1.43309425e-04  3.94168060e-07  1.43309425e-04 -2.87901833e-07  1.43309425e-04  5.70873798e-08  1.43309425e-04  1.20000000e+00  1.43309425e-04  0.00000000e+00 
 1.43409425e-04  2.66468132e-01  1.43409425e-04  5.96688642e-01  1.43409425e-04  3.53516767e-07  1.43409425e-04  4.51470235e-07  1.43409425e-04 -5.70452252e-08  1.43409425e-04  1.20000000e+00  1.43409425e-04  0.00000000e+00 
 1.43509425e-04  2.67210992e-01  1.43509425e-04  5.96676287e-01  1.43509425e-04  3.94168120e-07  1.43509425e-04 -2.87894193e-07  1.43509425e-04  5.70875646e-08  1.43509425e-04  1.20000000e+00  1.43509425e-04  0.00000000e+00 
 1.43609425e-04  2.67953834e-01  1.43609425e-04  5.96688632e-01  1.43609425e-04  3.53516708e-07  1.43609425e-04  4.51477079e-07  1.43609425e-04 -5.70453307e-08  1.43609425e-04  1.20000000e+00  1.43609425e-04  0.00000000e+00 
 1.43709425e-04  2.68696760e-01  1.43709425e-04  5.96676295e-01  1.43709425e-04  3.94168182e-07  1.43709425e-04 -2.87886622e-07  1.43709425e-04  5.70877489e-08  1.43709425e-04  1.20000000e+00  1.43709425e-04  0.00000000e+00 
 1.43809425e-04  2.69439667e-01  1.43809425e-04  5.96688622e-01  1.43809425e-04  3.53516645e-07  1.43809425e-04  4.51483855e-07  1.43809425e-04 -5.70454357e-08  1.43809425e-04  1.20000000e+00  1.43809425e-04  0.00000000e+00 
 1.43909425e-04  2.70182657e-01  1.43909425e-04  5.96676302e-01  1.43909425e-04  3.94168242e-07  1.43909425e-04 -2.87879118e-07  1.43909425e-04  5.70879326e-08  1.43909425e-04  1.20000000e+00  1.43909425e-04  0.00000000e+00 
 1.44009425e-04  2.70925628e-01  1.44009425e-04  5.96688611e-01  1.44009425e-04  3.53516584e-07  1.44009425e-04  4.51490568e-07  1.44009425e-04 -5.70455402e-08  1.44009425e-04  1.20000000e+00  1.44009425e-04  0.00000000e+00 
 1.44109425e-04  2.71668683e-01  1.44109425e-04  5.96676309e-01  1.44109425e-04  3.94168303e-07  1.44109425e-04 -2.87871675e-07  1.44109425e-04  5.70881158e-08  1.44109425e-04  1.20000000e+00  1.44109425e-04  0.00000000e+00 
 1.44209425e-04  2.72411718e-01  1.44209425e-04  5.96688601e-01  1.44209425e-04  3.53516523e-07  1.44209425e-04  4.51497221e-07  1.44209425e-04 -5.70456441e-08  1.44209425e-04  1.20000000e+00  1.44209425e-04  0.00000000e+00 
 1.44309425e-04  2.73154836e-01  1.44309425e-04  5.96676316e-01  1.44309425e-04  3.94168363e-07  1.44309425e-04 -2.87864290e-07  1.44309425e-04  5.70882985e-08  1.44309425e-04  1.20000000e+00  1.44309425e-04  0.00000000e+00 
 1.44409425e-04  2.73897934e-01  1.44409425e-04  5.96688592e-01  1.44409425e-04  3.53516464e-07  1.44409425e-04  4.51503818e-07  1.44409425e-04 -5.70457476e-08  1.44409425e-04  1.20000000e+00  1.44409425e-04  0.00000000e+00 
 1.44509425e-04  2.74641116e-01  1.44509425e-04  5.96676324e-01  1.44509425e-04  3.94168424e-07  1.44509425e-04 -2.87856960e-07  1.44509425e-04  5.70884806e-08  1.44509425e-04  1.20000000e+00  1.44509425e-04  0.00000000e+00 
 1.44609425e-04  2.75384277e-01  1.44609425e-04  5.96688582e-01  1.44609425e-04  3.53516402e-07  1.44609425e-04  4.51510361e-07  1.44609425e-04 -5.70458505e-08  1.44609425e-04  1.20000000e+00  1.44609425e-04  0.00000000e+00 
 1.44709425e-04  2.76127521e-01  1.44709425e-04  5.96676331e-01  1.44709425e-04  3.94168484e-07  1.44709425e-04 -2.87849681e-07  1.44709425e-04  5.70886622e-08  1.44709425e-04  1.20000000e+00  1.44709425e-04  0.00000000e+00 
 1.44809425e-04  2.76870744e-01  1.44809425e-04  5.96688572e-01  1.44809425e-04  3.53516342e-07  1.44809425e-04  4.51516854e-07  1.44809425e-04 -5.70459529e-08  1.44809425e-04  1.20000000e+00  1.44809425e-04  0.00000000e+00 
 1.44909425e-04  2.77614051e-01  1.44909425e-04  5.96676339e-01  1.44909425e-04  3.94168543e-07  1.44909425e-04 -2.87842453e-07  1.44909425e-04  5.70888433e-08  1.44909425e-04  1.20000000e+00  1.44909425e-04  0.00000000e+00 
 1.45000010e-04  2.78287350e-01  1.45000010e-04  5.96688562e-01  1.45000010e-04  3.53516281e-07  1.45000010e-04  4.51522942e-07  1.45000010e-04 -5.70460639e-08  1.45000010e-04  1.20000000e+00  1.45000010e-04  0.00000000e+00 
 1.45000011e-04  2.78282452e-01  1.45000011e-04  5.95839867e-01  1.45000011e-04  5.83787725e-07  1.45000011e-04  5.83157953e-07  1.45000011e-04  5.87419866e-07  1.45000011e-04  1.08000000e+00  1.45000011e-04  0.00000000e+00 
 1.45000013e-04  2.78270767e-01  1.45000013e-04  5.93984105e-01  1.45000013e-04  6.37510580e-07  1.45000013e-04  6.58282927e-07  1.45000013e-04  7.61338697e-07  1.45000013e-04  8.40000000e-01  1.45000013e-04  0.00000000e+00 
 1.45000016e-04  2.78231537e-01  1.45000016e-04  5.90243097e-01  1.45000016e-04  6.58877323e-07  1.45000016e-04  7.53756573e-07  1.45000016e-04  7.96775285e-07  1.45000016e-04  4.20000001e-01  1.45000016e-04  0.00000000e+00 
 1.45000020e-04  2.78177188e-01  1.45000020e-04  5.86019984e-01  1.45000020e-04  7.08365830e-07  1.45000020e-04  8.35233700e-07  1.45000020e-04  9.53236708e-07  1.45000020e-04  3.16866000e-09  1.45000020e-04  0.00000000e+00 
 1.45000021e-04  2.78177289e-01  1.45000021e-04  5.86237748e-01  1.45000021e-04  3.12376892e-07  1.45000021e-04 -1.52582365e-07  1.45000021e-04 -1.68690988e-07  1.45000021e-04  0.00000000e+00  1.45000021e-04  0.00000000e+00 
 1.45000022e-04  2.78178762e-01  1.45000022e-04  5.86670948e-01  1.45000022e-04  2.76365682e-07  1.45000022e-04 -9.00799418e-08  1.45000022e-04 -3.41326814e-07  1.45000022e-04  0.00000000e+00  1.45000022e-04  0.00000000e+00 
 1.45000024e-04  2.78182087e-01  1.45000024e-04  5.87383851e-01  1.45000024e-04  3.37643450e-07  1.45000024e-04 -7.39408548e-08  1.45000024e-04 -9.92436060e-08  1.45000024e-04  0.00000000e+00  1.45000024e-04  0.00000000e+00 
 1.45000029e-04  2.78188138e-01  1.45000029e-04  5.88427261e-01  1.45000029e-04  3.15406331e-07  1.45000029e-04 -2.94905023e-09  1.45000029e-04 -2.10419276e-07  1.45000029e-04  0.00000000e+00  1.45000029e-04  0.00000000e+00 
 1.45000040e-04  2.78199930e-01  1.45000040e-04  5.89925791e-01  1.45000040e-04  3.64161181e-07  1.45000040e-04 -3.20540249e-09  1.45000040e-04 -1.13554874e-08  1.45000040e-04  0.00000000e+00  1.45000040e-04  0.00000000e+00 
 1.45000060e-04  2.78221824e-01  1.45000060e-04  5.92043935e-01  1.45000060e-04  3.35059254e-07  1.45000060e-04  4.84830802e-08  1.45000060e-04 -1.39919634e-07  1.45000060e-04  0.00000000e+00  1.45000060e-04  0.00000000e+00 
 1.45000100e-04  2.78260592e-01  1.45000100e-04  5.95672079e-01  1.45000100e-04  3.67540883e-07  1.45000100e-04  1.50561418e-08  1.45000100e-04  1.01049666e-08  1.45000100e-04  0.00000000e+00  1.45000100e-04  0.00000000e+00 
 1.45000181e-04  2.78303744e-01  1.45000181e-04  6.01048674e-01  1.45000181e-04  3.42253717e-07  1.45000181e-04  7.32508431e-08  1.45000181e-04 -1.05691545e-07  1.45000181e-04  0.00000000e+00  1.45000181e-04  0.00000000e+00 
 1.45000295e-04  2.78324934e-01  1.45000295e-04  6.03545787e-01  1.45000295e-04  3.88821508e-07  1.45000295e-04  6.13899571e-08  1.45000295e-04  7.47265412e-08  1.45000295e-04  0.00000000e+00  1.45000295e-04  0.00000000e+00 
 1.45000507e-04  2.78330674e-01  1.45000507e-04  6.03957830e-01  1.45000507e-04  3.55273606e-07  1.45000507e-04  9.16241707e-08  1.45000507e-04 -7.63772158e-08  1.45000507e-04  0.00000000e+00  1.45000507e-04  0.00000000e+00 
 1.45000704e-04  2.78329036e-01  1.45000704e-04  6.03527210e-01  1.45000704e-04  3.93442687e-07  1.45000704e-04  6.53640654e-08  1.45000704e-04  8.07893275e-08  1.45000704e-04  0.00000000e+00  1.45000704e-04  0.00000000e+00 
 1.45001074e-04  2.78329077e-01  1.45001074e-04  6.03261304e-01  1.45001074e-04  3.55041841e-07  1.45001074e-04  9.13577244e-08  1.45001074e-04 -7.84624578e-08  1.45001074e-04  0.00000000e+00  1.45001074e-04  0.00000000e+00 
 1.45001526e-04  2.78328337e-01  1.45001526e-04  6.02892027e-01  1.45001526e-04  3.93492483e-07  1.45001526e-04  6.70980419e-08  1.45001526e-04  8.07215358e-08  1.45001526e-04  0.00000000e+00  1.45001526e-04  0.00000000e+00 
 1.45002428e-04  2.78327700e-01  1.45002428e-04  6.02491087e-01  1.45002428e-04  3.54799407e-07  1.45002428e-04  9.29376065e-08  1.45002428e-04 -7.91346783e-08  1.45002428e-04  0.00000000e+00  1.45002428e-04  0.00000000e+00 
 1.45004233e-04  2.78326173e-01  1.45004233e-04  6.02080468e-01  1.45004233e-04  3.93239174e-07  1.45004233e-04  6.87265173e-08  1.45004233e-04  8.01582090e-08  1.45004233e-04  0.00000000e+00  1.45004233e-04  0.00000000e+00 
 1.45007843e-04  2.78323927e-01  1.45007843e-04  6.02607597e-01  1.45007843e-04  3.54484590e-07  1.45007843e-04  8.14557640e-08  1.45007843e-04 -7.98512260e-08  1.45007843e-04  0.00000000e+00  1.45007843e-04  0.00000000e+00 
 1.45015062e-04  2.78319671e-01  1.45015062e-04  6.03418826e-01  1.45015062e-04  3.93232652e-07  1.45015062e-04  3.85651091e-08  1.45015062e-04  8.00635583e-08  1.45015062e-04  0.00000000e+00  1.45015062e-04  0.00000000e+00 
 1.45029501e-04  2.78314389e-01  1.45029501e-04  6.00517012e-01  1.45029501e-04  3.54631959e-07  1.45029501e-04  1.92155464e-08  1.45029501e-04 -7.97299557e-08  1.45029501e-04  0.00000000e+00  1.45029501e-04  0.00000000e+00 
 1.45058379e-04  2.78310128e-01  1.45058379e-04  5.96436167e-01  1.45058379e-04  3.93096320e-07  1.45058379e-04 -1.33786821e-08  1.45058379e-04  7.97543002e-08  1.45058379e-04  0.00000000e+00  1.45058379e-04  0.00000000e+00 
 1.45116135e-04  2.78308806e-01  1.45116135e-04  5.96869302e-01  1.45116135e-04  3.54558230e-07  1.45116135e-04  1.28224195e-08  1.45116135e-04 -7.97535728e-08  1.45116135e-04  0.00000000e+00  1.45116135e-04  0.00000000e+00 
 1.45191823e-04  2.78308743e-01  1.45191823e-04  5.96543230e-01  1.45191823e-04  3.93133954e-07  1.45191823e-04 -1.25318604e-08  1.45191823e-04  7.98182990e-08  1.45191823e-04  0.00000000e+00  1.45191823e-04  0.00000000e+00 
 1.45291823e-04  2.78308620e-01  1.45291823e-04  5.96791403e-01  1.45291823e-04  3.54547750e-07  1.45291823e-04  1.23757781e-08  1.45291823e-04 -7.97877908e-08  1.45291823e-04  0.00000000e+00  1.45291823e-04  0.00000000e+00 
 1.45391823e-04  2.78308378e-01  1.45391823e-04  5.96592077e-01  1.45391823e-04  3.93139394e-07  1.45391823e-04 -1.22514589e-08  1.45391823e-04  7.98404162e-08  1.45391823e-04  0.00000000e+00  1.45391823e-04  0.00000000e+00 
 1.45491823e-04  2.78308285e-01  1.45491823e-04  5.96755221e-01  1.45491823e-04  3.54543783e-07  1.45491823e-04  1.21606594e-08  1.45491823e-04 -7.98052053e-08  1.45491823e-04  0.00000000e+00  1.45491823e-04  0.00000000e+00 
 1.45591823e-04  2.78308032e-01  1.45591823e-04  5.96619204e-01  1.45591823e-04  3.93142422e-07  1.45591823e-04 -1.20861636e-08  1.45591823e-04  7.98541691e-08  1.45591823e-04  0.00000000e+00  1.45591823e-04  0.00000000e+00 
 1.45691823e-04  2.78307945e-01  1.45691823e-04  5.96735025e-01  1.45691823e-04  3.54541378e-07  1.45691823e-04  1.20332177e-08  1.45691823e-04 -7.98161613e-08  1.45691823e-04  0.00000000e+00  1.45691823e-04  0.00000000e+00 
 1.45791823e-04  2.78307688e-01  1.45791823e-04  5.96634350e-01  1.45791823e-04  3.93144408e-07  1.45791823e-04 -1.19875942e-08  1.45791823e-04  7.98629401e-08  1.45791823e-04  0.00000000e+00  1.45791823e-04  0.00000000e+00 
 1.45891823e-04  2.78307605e-01  1.45891823e-04  5.96723454e-01  1.45891823e-04  3.54539701e-07  1.45891823e-04  1.19568277e-08  1.45891823e-04 -7.98232330e-08  1.45891823e-04  0.00000000e+00  1.45891823e-04  0.00000000e+00 
 1.45991823e-04  2.78307343e-01  1.45991823e-04  5.96643200e-01  1.45991823e-04  3.93145851e-07  1.45991823e-04 -1.19281691e-08  1.45991823e-04  7.98687046e-08  1.45991823e-04  0.00000000e+00  1.45991823e-04  0.00000000e+00 
 1.46091823e-04  2.78307265e-01  1.46091823e-04  5.96716577e-01  1.46091823e-04  3.54538435e-07  1.46091823e-04  1.19104463e-08  1.46091823e-04 -7.98279832e-08  1.46091823e-04  0.00000000e+00  1.46091823e-04  0.00000000e+00 
 1.46191823e-04  2.78306998e-01  1.46191823e-04  5.96648565e-01  1.46191823e-04  3.93146978e-07  1.46191823e-04 -1.18917888e-08  1.46191823e-04  7.98726711e-08  1.46191823e-04  0.00000000e+00  1.46191823e-04  0.00000000e+00 
 1.46291823e-04  2.78306925e-01  1.46291823e-04  5.96712334e-01  1.46291823e-04  3.54537420e-07  1.46291823e-04  1.18817436e-08  1.46291823e-04 -7.98313403e-08  1.46291823e-04  0.00000000e+00  1.46291823e-04  0.00000000e+00 
 1.46391823e-04  2.78306653e-01  1.46391823e-04  5.96651940e-01  1.46391823e-04  3.93147908e-07  1.46391823e-04 -1.18689638e-08  1.46391823e-04  7.98755545e-08  1.46391823e-04  0.00000000e+00  1.46391823e-04  0.00000000e+00 
 1.46491823e-04  2.78306584e-01  1.46491823e-04  5.96709613e-01  1.46491823e-04  3.54536565e-07  1.46491823e-04  1.18634082e-08  1.46491823e-04 -7.98338535e-08  1.46491823e-04  0.00000000e+00  1.46491823e-04  0.00000000e+00 
 1.46591823e-04  2.78306308e-01  1.46591823e-04  5.96654150e-01  1.46591823e-04  3.93148710e-07  1.46591823e-04 -1.18540444e-08  1.46591823e-04  7.98777774e-08  1.46591823e-04  0.00000000e+00  1.46591823e-04  0.00000000e+00 
 1.46691823e-04  2.78306244e-01  1.46691823e-04  5.96707794e-01  1.46691823e-04  3.54535816e-07  1.46691823e-04  1.18510723e-08  1.46691823e-04 -7.98358476e-08  1.46691823e-04  0.00000000e+00  1.46691823e-04  0.00000000e+00 
 1.46791823e-04  2.78305964e-01  1.46791823e-04  5.96655662e-01  1.46791823e-04  3.93149416e-07  1.46791823e-04 -1.18436503e-08  1.46791823e-04  7.98795902e-08  1.46791823e-04  0.00000000e+00  1.46791823e-04  0.00000000e+00 
 1.46891823e-04  2.78305903e-01  1.46891823e-04  5.96706520e-01  1.46891823e-04  3.54535141e-07  1.46891823e-04  1.18421217e-08  1.46891823e-04 -7.98375156e-08  1.46891823e-04  0.00000000e+00  1.46891823e-04  0.00000000e+00 
 1.46991823e-04  2.78305620e-01  1.46991823e-04  5.96656746e-01  1.46991823e-04  3.93150055e-07  1.46991823e-04 -1.18357611e-08  1.46991823e-04  7.98811420e-08  1.46991823e-04  0.00000000e+00  1.46991823e-04  0.00000000e+00 
 1.47091823e-04  2.78305561e-01  1.47091823e-04  5.96705583e-01  1.47091823e-04  3.54534528e-07  1.47091823e-04  1.18349981e-08  1.47091823e-04 -7.98389734e-08  1.47091823e-04  0.00000000e+00  1.47091823e-04  0.00000000e+00 
 1.47191823e-04  2.78305277e-01  1.47191823e-04  5.96657564e-01  1.47191823e-04  3.93150647e-07  1.47191823e-04 -1.18291785e-08  1.47191823e-04  7.98825229e-08  1.47191823e-04  0.00000000e+00  1.47191823e-04  0.00000000e+00 
 1.47291823e-04  2.78305220e-01  1.47291823e-04  5.96704859e-01  1.47291823e-04  3.54533956e-07  1.47291823e-04  1.18287836e-08  1.47291823e-04 -7.98402910e-08  1.47291823e-04  0.00000000e+00  1.47291823e-04  0.00000000e+00 
 1.47391823e-04  2.78304933e-01  1.47391823e-04  5.96658212e-01  1.47391823e-04  3.93151201e-07  1.47391823e-04 -1.18232034e-08  1.47391823e-04  7.98837877e-08  1.47391823e-04  0.00000000e+00  1.47391823e-04  0.00000000e+00 
 1.47491823e-04  2.78304878e-01  1.47491823e-04  5.96704272e-01  1.47491823e-04  3.54533420e-07  1.47491823e-04  1.18229501e-08  1.47491823e-04 -7.98415114e-08  1.47491823e-04  0.00000000e+00  1.47491823e-04  0.00000000e+00 
 1.47591823e-04  2.78304591e-01  1.47591823e-04  5.96658748e-01  1.47591823e-04  3.93151720e-07  1.47591823e-04 -1.18174404e-08  1.47591823e-04  7.98849705e-08  1.47591823e-04  0.00000000e+00  1.47591823e-04  0.00000000e+00 
 1.47691823e-04  2.78304535e-01  1.47691823e-04  5.96703778e-01  1.47691823e-04  3.54532914e-07  1.47691823e-04  1.18172053e-08  1.47691823e-04 -7.98426618e-08  1.47691823e-04  0.00000000e+00  1.47691823e-04  0.00000000e+00 
 1.47791823e-04  2.78304248e-01  1.47791823e-04  5.96659207e-01  1.47791823e-04  3.93152214e-07  1.47791823e-04 -1.18116775e-08  1.47791823e-04  7.98860926e-08  1.47791823e-04  0.00000000e+00  1.47791823e-04  0.00000000e+00 
 1.47891823e-04  2.78304193e-01  1.47891823e-04  5.96703348e-01  1.47891823e-04  3.54532431e-07  1.47891823e-04  1.18113992e-08  1.47891823e-04 -7.98437591e-08  1.47891823e-04  0.00000000e+00  1.47891823e-04  0.00000000e+00 
 1.47991823e-04  2.78303906e-01  1.47991823e-04  5.96659612e-01  1.47991823e-04  3.93152685e-07  1.47991823e-04 -1.18058127e-08  1.47991823e-04  7.98871679e-08  1.47991823e-04  0.00000000e+00  1.47991823e-04  0.00000000e+00 
 1.48091823e-04  2.78303850e-01  1.48091823e-04  5.96702965e-01  1.48091823e-04  3.54531970e-07  1.48091823e-04  1.18054665e-08  1.48091823e-04 -7.98448148e-08  1.48091823e-04  0.00000000e+00  1.48091823e-04  0.00000000e+00 
 1.48191823e-04  2.78303563e-01  1.48191823e-04  5.96659975e-01  1.48191823e-04  3.93153137e-07  1.48191823e-04 -1.17998081e-08  1.48191823e-04  7.98882057e-08  1.48191823e-04  0.00000000e+00  1.48191823e-04  0.00000000e+00 
 1.48291823e-04  2.78303508e-01  1.48291823e-04  5.96702618e-01  1.48291823e-04  3.54531527e-07  1.48291823e-04  1.17993898e-08  1.48291823e-04 -7.98458363e-08  1.48291823e-04  0.00000000e+00  1.48291823e-04  0.00000000e+00 
 1.48391823e-04  2.78303221e-01  1.48391823e-04  5.96660306e-01  1.48391823e-04  3.93153574e-07  1.48391823e-04 -1.17936620e-08  1.48391823e-04  7.98892123e-08  1.48391823e-04  0.00000000e+00  1.48391823e-04  0.00000000e+00 
 1.48491823e-04  2.78303165e-01  1.48491823e-04  5.96702301e-01  1.48491823e-04  3.54531100e-07  1.48491823e-04  1.17931788e-08  1.48491823e-04 -7.98468291e-08  1.48491823e-04  0.00000000e+00  1.48491823e-04  0.00000000e+00 
 1.48591823e-04  2.78302879e-01  1.48591823e-04  5.96660609e-01  1.48591823e-04  3.93153993e-07  1.48591823e-04 -1.17873917e-08  1.48591823e-04  7.98901921e-08  1.48591823e-04  0.00000000e+00  1.48591823e-04  0.00000000e+00 
 1.48691823e-04  2.78302822e-01  1.48691823e-04  5.96702010e-01  1.48691823e-04  3.54530687e-07  1.48691823e-04  1.17868560e-08  1.48691823e-04 -7.98477969e-08  1.48691823e-04  0.00000000e+00  1.48691823e-04  0.00000000e+00 
 1.48791823e-04  2.78302537e-01  1.48791823e-04  5.96660889e-01  1.48791823e-04  3.93154400e-07  1.48791823e-04 -1.17810234e-08  1.48791823e-04  7.98911487e-08  1.48791823e-04  0.00000000e+00  1.48791823e-04  0.00000000e+00 
 1.48891823e-04  2.78302479e-01  1.48891823e-04  5.96701741e-01  1.48891823e-04  3.54530285e-07  1.48891823e-04  1.17804495e-08  1.48891823e-04 -7.98487428e-08  1.48891823e-04  0.00000000e+00  1.48891823e-04  0.00000000e+00 
 1.48991823e-04  2.78302195e-01  1.48991823e-04  5.96661148e-01  1.48991823e-04  3.93154795e-07  1.48991823e-04 -1.17745859e-08  1.48991823e-04  7.98920845e-08  1.48991823e-04  0.00000000e+00  1.48991823e-04  0.00000000e+00 
 1.49091823e-04  2.78302136e-01  1.49091823e-04  5.96701492e-01  1.49091823e-04  3.54529897e-07  1.49091823e-04  1.17739883e-08  1.49091823e-04 -7.98496690e-08  1.49091823e-04  0.00000000e+00  1.49091823e-04  0.00000000e+00 
 1.49191823e-04  2.78301853e-01  1.49191823e-04  5.96661387e-01  1.49191823e-04  3.93155178e-07  1.49191823e-04 -1.17681075e-08  1.49191823e-04  7.98930016e-08  1.49191823e-04  0.00000000e+00  1.49191823e-04  0.00000000e+00 
 1.49291823e-04  2.78301794e-01  1.49291823e-04  5.96701261e-01  1.49291823e-04  3.54529517e-07  1.49291823e-04  1.17674995e-08  1.49291823e-04 -7.98505776e-08  1.49291823e-04  0.00000000e+00  1.49291823e-04  0.00000000e+00 
 1.49391823e-04  2.78301511e-01  1.49391823e-04  5.96661609e-01  1.49391823e-04  3.93155556e-07  1.49391823e-04 -1.17616141e-08  1.49391823e-04  7.98939019e-08  1.49391823e-04  0.00000000e+00  1.49391823e-04  0.00000000e+00 
 1.49491823e-04  2.78301451e-01  1.49491823e-04  5.96701047e-01  1.49491823e-04  3.54529146e-07  1.49491823e-04  1.17610075e-08  1.49491823e-04 -7.98514700e-08  1.49491823e-04  0.00000000e+00  1.49491823e-04  0.00000000e+00 
 1.49591823e-04  2.78301168e-01  1.49591823e-04  5.96661815e-01  1.49591823e-04  3.93155920e-07  1.49591823e-04 -1.17551286e-08  1.49591823e-04  7.98947868e-08  1.49591823e-04  0.00000000e+00  1.49591823e-04  0.00000000e+00 
 1.49691823e-04  2.78301108e-01  1.49691823e-04  5.96700850e-01  1.49691823e-04  3.54528783e-07  1.49691823e-04  1.17545334e-08  1.49691823e-04 -7.98523477e-08  1.49691823e-04  0.00000000e+00  1.49691823e-04  0.00000000e+00 
 1.49791823e-04  2.78300826e-01  1.49791823e-04  5.96662005e-01  1.49791823e-04  3.93156280e-07  1.49791823e-04 -1.17486702e-08  1.49791823e-04  7.98956576e-08  1.49791823e-04  0.00000000e+00  1.49791823e-04  0.00000000e+00 
 1.49891823e-04  2.78300765e-01  1.49891823e-04  5.96700666e-01  1.49891823e-04  3.54528427e-07  1.49891823e-04  1.17480949e-08  1.49891823e-04 -7.98532120e-08  1.49891823e-04  0.00000000e+00  1.49891823e-04  0.00000000e+00 
 1.49991823e-04  2.78300484e-01  1.49991823e-04  5.96662181e-01  1.49991823e-04  3.93156632e-07  1.49991823e-04 -1.17422551e-08  1.49991823e-04  7.98965155e-08  1.49991823e-04  0.00000000e+00  1.49991823e-04  0.00000000e+00 
 1.50091823e-04  2.78300422e-01  1.50091823e-04  5.96700496e-01  1.50091823e-04  3.54528079e-07  1.50091823e-04  1.17417068e-08  1.50091823e-04 -7.98540638e-08  1.50091823e-04  0.00000000e+00  1.50091823e-04  0.00000000e+00 
 1.50191823e-04  2.78300142e-01  1.50191823e-04  5.96662345e-01  1.50191823e-04  3.93156976e-07  1.50191823e-04 -1.17358968e-08  1.50191823e-04  7.98973615e-08  1.50191823e-04  0.00000000e+00  1.50191823e-04  0.00000000e+00 
 1.50291823e-04  2.78300079e-01  1.50291823e-04  5.96700339e-01  1.50291823e-04  3.54527737e-07  1.50291823e-04  1.17353810e-08  1.50291823e-04 -7.98549043e-08  1.50291823e-04  0.00000000e+00  1.50291823e-04  0.00000000e+00 
 1.50391823e-04  2.78299800e-01  1.50391823e-04  5.96662497e-01  1.50391823e-04  3.93157316e-07  1.50391823e-04 -1.17296056e-08  1.50391823e-04  7.98981966e-08  1.50391823e-04  0.00000000e+00  1.50391823e-04  0.00000000e+00 
 1.50491823e-04  2.78299736e-01  1.50491823e-04  5.96700192e-01  1.50491823e-04  3.54527399e-07  1.50491823e-04  1.17291270e-08  1.50491823e-04 -7.98557343e-08  1.50491823e-04  0.00000000e+00  1.50491823e-04  0.00000000e+00 
 1.50591823e-04  2.78299458e-01  1.50591823e-04  5.96662638e-01  1.50591823e-04  3.93157649e-07  1.50591823e-04 -1.17233903e-08  1.50591823e-04  7.98990216e-08  1.50591823e-04  0.00000000e+00  1.50591823e-04  0.00000000e+00 
 1.50691823e-04  2.78299393e-01  1.50691823e-04  5.96700057e-01  1.50691823e-04  3.54527067e-07  1.50691823e-04  1.17229523e-08  1.50691823e-04 -7.98565545e-08  1.50691823e-04  0.00000000e+00  1.50691823e-04  0.00000000e+00 
 1.50791823e-04  2.78299116e-01  1.50791823e-04  5.96662769e-01  1.50791823e-04  3.93157978e-07  1.50791823e-04 -1.17172574e-08  1.50791823e-04  7.98998373e-08  1.50791823e-04  0.00000000e+00  1.50791823e-04  0.00000000e+00 
 1.50891823e-04  2.78299051e-01  1.50891823e-04  5.96699930e-01  1.50891823e-04  3.54526739e-07  1.50891823e-04  1.17168627e-08  1.50891823e-04 -7.98573659e-08  1.50891823e-04  0.00000000e+00  1.50891823e-04  0.00000000e+00 
 1.50991823e-04  2.78298774e-01  1.50991823e-04  5.96662891e-01  1.50991823e-04  3.93158304e-07  1.50991823e-04 -1.17112121e-08  1.50991823e-04  7.99006444e-08  1.50991823e-04  0.00000000e+00  1.50991823e-04  0.00000000e+00 
 1.51091823e-04  2.78298708e-01  1.51091823e-04  5.96699811e-01  1.51091823e-04  3.54526417e-07  1.51091823e-04  1.17108627e-08  1.51091823e-04 -7.98581689e-08  1.51091823e-04  0.00000000e+00  1.51091823e-04  0.00000000e+00 
 1.51191823e-04  2.78298431e-01  1.51191823e-04  5.96663006e-01  1.51191823e-04  3.93158626e-07  1.51191823e-04 -1.17052582e-08  1.51191823e-04  7.99014435e-08  1.51191823e-04  0.00000000e+00  1.51191823e-04  0.00000000e+00 
 1.51291823e-04  2.78298365e-01  1.51291823e-04  5.96699701e-01  1.51291823e-04  3.54526099e-07  1.51291823e-04  1.17049557e-08  1.51291823e-04 -7.98589642e-08  1.51291823e-04  0.00000000e+00  1.51291823e-04  0.00000000e+00 
 1.51391823e-04  2.78298089e-01  1.51391823e-04  5.96663113e-01  1.51391823e-04  3.93158942e-07  1.51391823e-04 -1.16993985e-08  1.51391823e-04  7.99022351e-08  1.51391823e-04  0.00000000e+00  1.51391823e-04  0.00000000e+00 
 1.51491823e-04  2.78298022e-01  1.51491823e-04  5.96699597e-01  1.51491823e-04  3.54525784e-07  1.51491823e-04  1.16991442e-08  1.51491823e-04 -7.98597523e-08  1.51491823e-04  0.00000000e+00  1.51491823e-04  0.00000000e+00 
 1.51591823e-04  2.78297747e-01  1.51591823e-04  5.96663214e-01  1.51591823e-04  3.93159257e-07  1.51591823e-04 -1.16936352e-08  1.51591823e-04  7.99030198e-08  1.51591823e-04  0.00000000e+00  1.51591823e-04  0.00000000e+00 
 1.51691823e-04  2.78297679e-01  1.51691823e-04  5.96699499e-01  1.51691823e-04  3.54525472e-07  1.51691823e-04  1.16934297e-08  1.51691823e-04 -7.98605337e-08  1.51691823e-04  0.00000000e+00  1.51691823e-04  0.00000000e+00 
 1.51791823e-04  2.78297405e-01  1.51791823e-04  5.96663309e-01  1.51791823e-04  3.93159565e-07  1.51791823e-04 -1.16879696e-08  1.51791823e-04  7.99037980e-08  1.51791823e-04  0.00000000e+00  1.51791823e-04  0.00000000e+00 
 1.51891823e-04  2.78297337e-01  1.51891823e-04  5.96699407e-01  1.51891823e-04  3.54525165e-07  1.51891823e-04  1.16878133e-08  1.51891823e-04 -7.98613088e-08  1.51891823e-04  0.00000000e+00  1.51891823e-04  0.00000000e+00 
 1.51991823e-04  2.78297063e-01  1.51991823e-04  5.96663399e-01  1.51991823e-04  3.93159874e-07  1.51991823e-04 -1.16824025e-08  1.51991823e-04  7.99045701e-08  1.51991823e-04  0.00000000e+00  1.51991823e-04  0.00000000e+00 
 1.52091823e-04  2.78296994e-01  1.52091823e-04  5.96699319e-01  1.52091823e-04  3.54524857e-07  1.52091823e-04  1.16822958e-08  1.52091823e-04 -7.98620780e-08  1.52091823e-04  0.00000000e+00  1.52091823e-04  0.00000000e+00 
 1.52191823e-04  2.78296721e-01  1.52191823e-04  5.96663484e-01  1.52191823e-04  3.93160177e-07  1.52191823e-04 -1.16769345e-08  1.52191823e-04  7.99053364e-08  1.52191823e-04  0.00000000e+00  1.52191823e-04  0.00000000e+00 
 1.52291823e-04  2.78296651e-01  1.52291823e-04  5.96699236e-01  1.52291823e-04  3.54524555e-07  1.52291823e-04  1.16768774e-08  1.52291823e-04 -7.98628416e-08  1.52291823e-04  0.00000000e+00  1.52291823e-04  0.00000000e+00 
 1.52391823e-04  2.78296378e-01  1.52391823e-04  5.96663565e-01  1.52391823e-04  3.93160478e-07  1.52391823e-04 -1.16715656e-08  1.52391823e-04  7.99060974e-08  1.52391823e-04  0.00000000e+00  1.52391823e-04  0.00000000e+00 
 1.52491823e-04  2.78296308e-01  1.52491823e-04  5.96699157e-01  1.52491823e-04  3.54524255e-07  1.52491823e-04  1.16715581e-08  1.52491823e-04 -7.98636000e-08  1.52491823e-04  0.00000000e+00  1.52491823e-04  0.00000000e+00 
 1.52591823e-04  2.78296036e-01  1.52591823e-04  5.96663642e-01  1.52591823e-04  3.93160777e-07  1.52591823e-04 -1.16662957e-08  1.52591823e-04  7.99068532e-08  1.52591823e-04  0.00000000e+00  1.52591823e-04  0.00000000e+00 
 1.52691823e-04  2.78295966e-01  1.52691823e-04  5.96699081e-01  1.52691823e-04  3.54523957e-07  1.52691823e-04  1.16663376e-08  1.52691823e-04 -7.98643534e-08  1.52691823e-04  0.00000000e+00  1.52691823e-04  0.00000000e+00 
 1.52791823e-04  2.78295694e-01  1.52791823e-04  5.96663716e-01  1.52791823e-04  3.93161074e-07  1.52791823e-04 -1.16611245e-08  1.52791823e-04  7.99076042e-08  1.52791823e-04  0.00000000e+00  1.52791823e-04  0.00000000e+00 
 1.52891823e-04  2.78295623e-01  1.52891823e-04  5.96699008e-01  1.52891823e-04  3.54523662e-07  1.52891823e-04  1.16612156e-08  1.52891823e-04 -7.98651021e-08  1.52891823e-04  0.00000000e+00  1.52891823e-04  0.00000000e+00 
 1.52991823e-04  2.78295352e-01  1.52991823e-04  5.96663788e-01  1.52991823e-04  3.93161369e-07  1.52991823e-04 -1.16560514e-08  1.52991823e-04  7.99083506e-08  1.52991823e-04  0.00000000e+00  1.52991823e-04  0.00000000e+00 
 1.53091823e-04  2.78295280e-01  1.53091823e-04  5.96698938e-01  1.53091823e-04  3.54523369e-07  1.53091823e-04  1.16561914e-08  1.53091823e-04 -7.98658462e-08  1.53091823e-04  0.00000000e+00  1.53091823e-04  0.00000000e+00 
 1.53191823e-04  2.78295010e-01  1.53191823e-04  5.96663857e-01  1.53191823e-04  3.93161659e-07  1.53191823e-04 -1.16510758e-08  1.53191823e-04  7.99090925e-08  1.53191823e-04  0.00000000e+00  1.53191823e-04  0.00000000e+00 
 1.53291823e-04  2.78294937e-01  1.53291823e-04  5.96698871e-01  1.53291823e-04  3.54523078e-07  1.53291823e-04  1.16512645e-08  1.53291823e-04 -7.98665860e-08  1.53291823e-04  0.00000000e+00  1.53291823e-04  0.00000000e+00 
 1.53391823e-04  2.78294667e-01  1.53391823e-04  5.96663923e-01  1.53391823e-04  3.93161949e-07  1.53391823e-04 -1.16461972e-08  1.53391823e-04  7.99098301e-08  1.53391823e-04  0.00000000e+00  1.53391823e-04  0.00000000e+00 
 1.53491823e-04  2.78294595e-01  1.53491823e-04  5.96698805e-01  1.53491823e-04  3.54522791e-07  1.53491823e-04  1.16464341e-08  1.53491823e-04 -7.98673216e-08  1.53491823e-04  0.00000000e+00  1.53491823e-04  0.00000000e+00 
 1.53591823e-04  2.78294325e-01  1.53591823e-04  5.96663988e-01  1.53591823e-04  3.93162238e-07  1.53591823e-04 -1.16414147e-08  1.53591823e-04  7.99105637e-08  1.53591823e-04  0.00000000e+00  1.53591823e-04  0.00000000e+00 
 1.53691823e-04  2.78294252e-01  1.53691823e-04  5.96698741e-01  1.53691823e-04  3.54522503e-07  1.53691823e-04  1.16416993e-08  1.53691823e-04 -7.98680532e-08  1.53691823e-04  0.00000000e+00  1.53691823e-04  0.00000000e+00 
 1.53791823e-04  2.78293983e-01  1.53791823e-04  5.96664050e-01  1.53791823e-04  3.93162522e-07  1.53791823e-04 -1.16367272e-08  1.53791823e-04  7.99112933e-08  1.53791823e-04  0.00000000e+00  1.53791823e-04  0.00000000e+00 
 1.53891823e-04  2.78293909e-01  1.53891823e-04  5.96698679e-01  1.53891823e-04  3.54522218e-07  1.53891823e-04  1.16370592e-08  1.53891823e-04 -7.98687808e-08  1.53891823e-04  0.00000000e+00  1.53891823e-04  0.00000000e+00 
 1.53991823e-04  2.78293641e-01  1.53991823e-04  5.96664112e-01  1.53991823e-04  3.93162808e-07  1.53991823e-04 -1.16321342e-08  1.53991823e-04  7.99120190e-08  1.53991823e-04  0.00000000e+00  1.53991823e-04  0.00000000e+00 
 1.54091823e-04  2.78293566e-01  1.54091823e-04  5.96698619e-01  1.54091823e-04  3.54521937e-07  1.54091823e-04  1.16325130e-08  1.54091823e-04 -7.98695047e-08  1.54091823e-04  0.00000000e+00  1.54091823e-04  0.00000000e+00 
 1.54191823e-04  2.78293298e-01  1.54191823e-04  5.96664172e-01  1.54191823e-04  3.93163089e-07  1.54191823e-04 -1.16276345e-08  1.54191823e-04  7.99127410e-08  1.54191823e-04  0.00000000e+00  1.54191823e-04  0.00000000e+00 
 1.54291823e-04  2.78293224e-01  1.54291823e-04  5.96698559e-01  1.54291823e-04  3.54521655e-07  1.54291823e-04  1.16280598e-08  1.54291823e-04 -7.98702249e-08  1.54291823e-04  0.00000000e+00  1.54291823e-04  0.00000000e+00 
 1.54391823e-04  2.78292956e-01  1.54391823e-04  5.96664230e-01  1.54391823e-04  3.93163369e-07  1.54391823e-04 -1.16232274e-08  1.54391823e-04  7.99134594e-08  1.54391823e-04  0.00000000e+00  1.54391823e-04  0.00000000e+00 
 1.54491823e-04  2.78292881e-01  1.54491823e-04  5.96698502e-01  1.54491823e-04  3.54521375e-07  1.54491823e-04  1.16236985e-08  1.54491823e-04 -7.98709415e-08  1.54491823e-04  0.00000000e+00  1.54491823e-04  0.00000000e+00 
 1.54591823e-04  2.78292614e-01  1.54591823e-04  5.96664288e-01  1.54591823e-04  3.93163648e-07  1.54591823e-04 -1.16189118e-08  1.54591823e-04  7.99141742e-08  1.54591823e-04  0.00000000e+00  1.54591823e-04  0.00000000e+00 
 1.54691823e-04  2.78292538e-01  1.54691823e-04  5.96698444e-01  1.54691823e-04  3.54521099e-07  1.54691823e-04  1.16194283e-08  1.54691823e-04 -7.98716546e-08  1.54691823e-04  0.00000000e+00  1.54691823e-04  0.00000000e+00 
 1.54791823e-04  2.78292272e-01  1.54791823e-04  5.96664344e-01  1.54791823e-04  3.93163925e-07  1.54791823e-04 -1.16146867e-08  1.54791823e-04  7.99148856e-08  1.54791823e-04  0.00000000e+00  1.54791823e-04  0.00000000e+00 
 1.54891823e-04  2.78292195e-01  1.54891823e-04  5.96698389e-01  1.54891823e-04  3.54520823e-07  1.54891823e-04  1.16152481e-08  1.54891823e-04 -7.98723643e-08  1.54891823e-04  0.00000000e+00  1.54891823e-04  0.00000000e+00 
 1.54945912e-04  2.78292008e-01  1.54945912e-04  5.96664423e-01  1.54945912e-04  3.93164315e-07  1.54945912e-04 -1.16088269e-08  1.54945912e-04  7.99158930e-08  1.54945912e-04  0.00000000e+00  1.54945912e-04  0.00000000e+00 
 1.55000000e-04  2.78292010e-01  1.55000000e-04  5.96698287e-01  1.55000000e-04  3.54520317e-07  1.55000000e-04  1.16077479e-08  1.55000000e-04 -7.98736675e-08  1.55000000e-04  0.00000000e+00  1.55000000e-04  0.00000000e+00 
 1.55001599e-04  2.78397382e-01  1.55001599e-04  6.42476615e-01  1.55001599e-04  3.63328587e-07  1.55001599e-04 -9.65096505e-08  1.55001599e-04  1.95316882e-06  1.55001599e-04  0.00000000e+00  1.55001599e-04  1.20000000e+00 
 1.55004796e-04  2.78277493e-01  1.55004796e-04  6.24476381e-01  1.55004796e-04  3.88523572e-07  1.55004796e-04  4.57670820e-08  1.55004796e-04 -1.21573436e-06  1.55004796e-04  0.00000000e+00  1.55004796e-04  1.20000000e+00 
 1.55006755e-04  2.78309301e-01  1.55006755e-04  6.11661490e-01  1.55006755e-04  3.67470569e-07  1.55006755e-04 -1.42483750e-08  1.55006755e-04  9.03037526e-07  1.55006755e-04  0.00000000e+00  1.55006755e-04  1.20000000e+00 
 1.55008884e-04  2.78294511e-01  1.55008884e-04  6.09736185e-01  1.55008884e-04  3.80450716e-07  1.55008884e-04  4.84347153e-08  1.55008884e-04 -7.42469335e-07  1.55008884e-04  0.00000000e+00  1.55008884e-04  1.20000000e+00 
 1.55013142e-04  2.78264557e-01  1.55013142e-04  6.05148840e-01  1.55013142e-04  3.68203438e-07  1.55013142e-04 -2.35174308e-08  1.55013142e-04  8.77181726e-07  1.55013142e-04  0.00000000e+00  1.55013142e-04  1.20000000e+00 
 1.55019927e-04  2.78215625e-01  1.55019927e-04  6.00833087e-01  1.55019927e-04  3.79677635e-07  1.55019927e-04  3.86170542e-08  1.55019927e-04 -7.27651525e-07  1.55019927e-04  0.00000000e+00  1.55019927e-04  1.20000000e+00 
 1.55033497e-04  2.78119512e-01  1.55033497e-04  5.97724381e-01  1.55033497e-04  3.68083301e-07  1.55033497e-04 -3.18270807e-08  1.55033497e-04  8.74661993e-07  1.55033497e-04  0.00000000e+00  1.55033497e-04  1.20000000e+00 
 1.55060637e-04  2.77930773e-01  1.55060637e-04  5.96651813e-01  1.55060637e-04  3.79501750e-07  1.55060637e-04  3.32442642e-08  1.55060637e-04 -7.23473550e-07  1.55060637e-04  0.00000000e+00  1.55060637e-04  1.20000000e+00 
 1.55114917e-04  2.77558042e-01  1.55114917e-04  5.96730286e-01  1.55114917e-04  3.68179447e-07  1.55114917e-04 -3.33253098e-08  1.55114917e-04  8.73743850e-07  1.55114917e-04  0.00000000e+00  1.55114917e-04  1.20000000e+00 
 1.55214917e-04  2.76875317e-01  1.55214917e-04  5.96634906e-01  1.55214917e-04  3.79498606e-07  1.55214917e-04  3.33571360e-08  1.55214917e-04 -7.22995604e-07  1.55214917e-04  0.00000000e+00  1.55214917e-04  1.20000000e+00 
 1.55314917e-04  2.76192264e-01  1.55314917e-04  5.96716579e-01  1.55314917e-04  3.68193929e-07  1.55314917e-04 -3.33752476e-08  1.55314917e-04  8.73248782e-07  1.55314917e-04  0.00000000e+00  1.55314917e-04  1.20000000e+00 
 1.55414917e-04  2.75510528e-01  1.55414917e-04  5.96642380e-01  1.55414917e-04  3.79482554e-07  1.55414917e-04  3.33926717e-08  1.55414917e-04 -7.22748311e-07  1.55414917e-04  0.00000000e+00  1.55414917e-04  1.20000000e+00 
 1.55514917e-04  2.74828393e-01  1.55514917e-04  5.96713032e-01  1.55514917e-04  3.68210615e-07  1.55514917e-04 -3.34008197e-08  1.55514917e-04  8.72810743e-07  1.55514917e-04  0.00000000e+00  1.55514917e-04  1.20000000e+00 
 1.55614917e-04  2.74147739e-01  1.55614917e-04  5.96642305e-01  1.55614917e-04  3.79465670e-07  1.55614917e-04  3.34115935e-08  1.55614917e-04 -7.22552271e-07  1.55614917e-04  0.00000000e+00  1.55614917e-04  1.20000000e+00 
 1.55714917e-04  2.73466500e-01  1.55714917e-04  5.96714949e-01  1.55714917e-04  3.68227507e-07  1.55714917e-04 -3.34154183e-08  1.55714917e-04  8.72418986e-07  1.55714917e-04  0.00000000e+00  1.55714917e-04  1.20000000e+00 
 1.55814917e-04  2.72786952e-01  1.55814917e-04  5.96638461e-01  1.55814917e-04  3.79448880e-07  1.55814917e-04  3.34235015e-08  1.55814917e-04 -7.22403896e-07  1.55814917e-04  0.00000000e+00  1.55814917e-04  1.20000000e+00 
 1.55914917e-04  2.72106624e-01  1.55914917e-04  5.96719406e-01  1.55914917e-04  3.68244155e-07  1.55914917e-04 -3.34257400e-08  1.55914917e-04  8.72070267e-07  1.55914917e-04  0.00000000e+00  1.55914917e-04  1.20000000e+00 
 1.56014917e-04  2.71428188e-01  1.56014917e-04  5.96632975e-01  1.56014917e-04  3.79432413e-07  1.56014917e-04  3.34329874e-08  1.56014917e-04 -7.22299623e-07  1.56014917e-04  0.00000000e+00  1.56014917e-04  1.20000000e+00 
 1.56114917e-04  2.70748790e-01  1.56114917e-04  5.96724919e-01  1.56114917e-04  3.68260432e-07  1.56114917e-04 -3.34348847e-08  1.56114917e-04  8.71761346e-07  1.56114917e-04  0.00000000e+00  1.56114917e-04  1.20000000e+00 
 1.56214917e-04  2.70071472e-01  1.56214917e-04  5.96626862e-01  1.56214917e-04  3.79416346e-07  1.56214917e-04  3.34421170e-08  1.56214917e-04 -7.22236123e-07  1.56214917e-04  0.00000000e+00  1.56214917e-04  1.20000000e+00 
 1.56314917e-04  2.69393020e-01  1.56314917e-04  5.96730806e-01  1.56314917e-04  3.68276298e-07  1.56314917e-04 -3.34442049e-08  1.56314917e-04  8.71489219e-07  1.56314917e-04  0.00000000e+00  1.56314917e-04  1.20000000e+00 
 1.56414917e-04  2.68716825e-01  1.56414917e-04  5.96620575e-01  1.56414917e-04  3.79400698e-07  1.56414917e-04  3.34517554e-08  1.56414917e-04 -7.22210386e-07  1.56414917e-04  0.00000000e+00  1.56414917e-04  1.20000000e+00 
 1.56514917e-04  2.68039336e-01  1.56514917e-04  5.96736764e-01  1.56514917e-04  3.68291740e-07  1.56514917e-04 -3.34542332e-08  1.56514917e-04  8.71251182e-07  1.56514917e-04  0.00000000e+00  1.56514917e-04  1.20000000e+00 
 1.56614917e-04  2.67364269e-01  1.56614917e-04  5.96614314e-01  1.56614917e-04  3.79385474e-07  1.56614917e-04  3.34622095e-08  1.56614917e-04 -7.22219724e-07  1.56614917e-04  0.00000000e+00  1.56614917e-04  1.20000000e+00 
 1.56714917e-04  2.66687757e-01  1.56714917e-04  5.96742662e-01  1.56714917e-04  3.68306760e-07  1.56714917e-04 -3.34651241e-08  1.56714917e-04  8.71044825e-07  1.56714917e-04  0.00000000e+00  1.56714917e-04  1.20000000e+00 
 1.56814917e-04  2.66013823e-01  1.56814917e-04  5.96608164e-01  1.56814917e-04  3.79370667e-07  1.56814917e-04  3.34735321e-08  1.56814917e-04 -7.22261739e-07  1.56814917e-04  0.00000000e+00  1.56814917e-04  1.20000000e+00 
 1.56914917e-04  2.65338304e-01  1.56914917e-04  5.96748441e-01  1.56914917e-04  3.68321368e-07  1.56914917e-04 -3.34768630e-08  1.56914917e-04  8.70867999e-07  1.56914917e-04  0.00000000e+00  1.56914917e-04  1.20000000e+00 
 1.57014917e-04  2.64665506e-01  1.57014917e-04  5.96602163e-01  1.57014917e-04  3.79356275e-07  1.57014917e-04  3.34856654e-08  1.57014917e-04 -7.22334278e-07  1.57014917e-04  0.00000000e+00  1.57014917e-04  1.20000000e+00 
 1.57114917e-04  2.63990993e-01  1.57114917e-04  5.96754076e-01  1.57114917e-04  3.68335569e-07  1.57114917e-04 -3.34893656e-08  1.57114917e-04  8.70718778e-07  1.57114917e-04  0.00000000e+00  1.57114917e-04  1.20000000e+00 
 1.57214917e-04  2.63319335e-01  1.57214917e-04  5.96596324e-01  1.57214917e-04  3.79342285e-07  1.57214917e-04  3.34985102e-08  1.57214917e-04 -7.22435405e-07  1.57214917e-04  0.00000000e+00  1.57214917e-04  1.20000000e+00 
 1.57314917e-04  2.62645841e-01  1.57314917e-04  5.96759556e-01  1.57314917e-04  3.68349367e-07  1.57314917e-04 -3.35025257e-08  1.57314917e-04  8.70595428e-07  1.57314917e-04  0.00000000e+00  1.57314917e-04  1.20000000e+00 
 1.57414917e-04  2.61975329e-01  1.57414917e-04  5.96590654e-01  1.57414917e-04  3.79328688e-07  1.57414917e-04  3.35119583e-08  1.57414917e-04 -7.22563365e-07  1.57414917e-04  0.00000000e+00  1.57414917e-04  1.20000000e+00 
 1.57514917e-04  2.61302864e-01  1.57514917e-04  5.96764877e-01  1.57514917e-04  3.68362777e-07  1.57514917e-04 -3.35162366e-08  1.57514917e-04  8.70496383e-07  1.57514917e-04  0.00000000e+00  1.57514917e-04  1.20000000e+00 
 1.57614917e-04  2.60633501e-01  1.57614917e-04  5.96585155e-01  1.57614917e-04  3.79315474e-07  1.57614917e-04  3.35259074e-08  1.57614917e-04 -7.22716558e-07  1.57614917e-04  0.00000000e+00  1.57614917e-04  1.20000000e+00 
 1.57714917e-04  2.59962078e-01  1.57714917e-04  5.96770037e-01  1.57714917e-04  3.68375811e-07  1.57714917e-04 -3.35304019e-08  1.57714917e-04  8.70420214e-07  1.57714917e-04  0.00000000e+00  1.57714917e-04  1.20000000e+00 
 1.57814917e-04  2.59293867e-01  1.57814917e-04  5.96579827e-01  1.57814917e-04  3.79302633e-07  1.57814917e-04  3.35402676e-08  1.57814917e-04 -7.22893522e-07  1.57814917e-04  0.00000000e+00  1.57814917e-04  1.20000000e+00 
 1.57914917e-04  2.58623496e-01  1.57914917e-04  5.96775033e-01  1.57914917e-04  3.68388474e-07  1.57914917e-04 -3.35449383e-08  1.57914917e-04  8.70365615e-07  1.57914917e-04  0.00000000e+00  1.57914917e-04  1.20000000e+00 
 1.58014917e-04  2.57956441e-01  1.58014917e-04  5.96574670e-01  1.58014917e-04  3.79290155e-07  1.58014917e-04  3.35549625e-08  1.58014917e-04 -7.23092909e-07  1.58014917e-04  0.00000000e+00  1.58014917e-04  1.20000000e+00 
 1.58114917e-04  2.57287131e-01  1.58114917e-04  5.96779868e-01  1.58114917e-04  3.68400785e-07  1.58114917e-04 -3.35597768e-08  1.58114917e-04  8.70331389e-07  1.58114917e-04  0.00000000e+00  1.58114917e-04  1.20000000e+00 
 1.58214917e-04  2.56621235e-01  1.58214917e-04  5.96569681e-01  1.58214917e-04  3.79278028e-07  1.58214917e-04  3.35699299e-08  1.58214917e-04 -7.23313480e-07  1.58214917e-04  0.00000000e+00  1.58214917e-04  1.20000000e+00 
 1.58314917e-04  2.55952996e-01  1.58314917e-04  5.96784541e-01  1.58314917e-04  3.68412743e-07  1.58314917e-04 -3.35748609e-08  1.58314917e-04  8.70316430e-07  1.58314917e-04  0.00000000e+00  1.58314917e-04  1.20000000e+00 
 1.58414917e-04  2.55288263e-01  1.58414917e-04  5.96564860e-01  1.58414917e-04  3.79266244e-07  1.58414917e-04  3.35851193e-08  1.58414917e-04 -7.23554084e-07  1.58414917e-04  0.00000000e+00  1.58414917e-04  1.20000000e+00 
 1.58514917e-04  2.54621103e-01  1.58514917e-04  5.96789053e-01  1.58514917e-04  3.68424367e-07  1.58514917e-04 -3.35901459e-08  1.58514917e-04  8.70319719e-07  1.58514917e-04  0.00000000e+00  1.58514917e-04  1.20000000e+00 
 1.58614917e-04  2.53957535e-01  1.58614917e-04  5.96560206e-01  1.58614917e-04  3.79254790e-07  1.58614917e-04  3.36004907e-08  1.58614917e-04 -7.23813656e-07  1.58614917e-04  0.00000000e+00  1.58614917e-04  1.20000000e+00 
 1.58714917e-04  2.53291461e-01  1.58714917e-04  5.96793405e-01  1.58714917e-04  3.68435664e-07  1.58714917e-04 -3.36055964e-08  1.58714917e-04  8.70340310e-07  1.58714917e-04  0.00000000e+00  1.58714917e-04  1.20000000e+00 
 1.58814917e-04  2.52629062e-01  1.58814917e-04  5.96555715e-01  1.58814917e-04  3.79243657e-07  1.58814917e-04  3.36160130e-08  1.58814917e-04 -7.24091203e-07  1.58814917e-04  0.00000000e+00  1.58814917e-04  1.20000000e+00 
 1.58914917e-04  2.51964082e-01  1.58914917e-04  5.96797600e-01  1.58914917e-04  3.68446643e-07  1.58914917e-04 -3.36211849e-08  1.58914917e-04  8.70377323e-07  1.58914917e-04  0.00000000e+00  1.58914917e-04  1.20000000e+00 
 1.59014917e-04  2.51302853e-01  1.59014917e-04  5.96551386e-01  1.59014917e-04  3.79232838e-07  1.59014917e-04  3.36316622e-08  1.59014917e-04 -7.24385799e-07  1.59014917e-04  0.00000000e+00  1.59014917e-04  1.20000000e+00 
 1.59114917e-04  2.50638975e-01  1.59114917e-04  5.96801639e-01  1.59114917e-04  3.68457316e-07  1.59114917e-04 -3.36368904e-08  1.59114917e-04  8.70429941e-07  1.59114917e-04  0.00000000e+00  1.59114917e-04  1.20000000e+00 
 1.59214917e-04  2.49978919e-01  1.59214917e-04  5.96547215e-01  1.59214917e-04  3.79222322e-07  1.59214917e-04  3.36474196e-08  1.59214917e-04 -7.24696579e-07  1.59214917e-04  0.00000000e+00  1.59214917e-04  1.20000000e+00 
 1.59314917e-04  2.49316148e-01  1.59314917e-04  5.96805525e-01  1.59314917e-04  3.68467691e-07  1.59314917e-04 -3.36526967e-08  1.59314917e-04  8.70497399e-07  1.59314917e-04  0.00000000e+00  1.59314917e-04  1.20000000e+00 
 1.59414917e-04  2.48657268e-01  1.59414917e-04  5.96543200e-01  1.59414917e-04  3.79212097e-07  1.59414917e-04  3.36632715e-08  1.59414917e-04 -7.25022734e-07  1.59414917e-04  0.00000000e+00  1.59414917e-04  1.20000000e+00 
 1.59514917e-04  2.47995610e-01  1.59514917e-04  5.96809260e-01  1.59514917e-04  3.68477777e-07  1.59514917e-04 -3.36685916e-08  1.59514917e-04  8.70578983e-07  1.59514917e-04  0.00000000e+00  1.59514917e-04  1.20000000e+00 
 1.59614917e-04  2.47337907e-01  1.59614917e-04  5.96539338e-01  1.59614917e-04  3.79202156e-07  1.59614917e-04  3.36792069e-08  1.59614917e-04 -7.25363504e-07  1.59614917e-04  0.00000000e+00  1.59614917e-04  1.20000000e+00 
 1.59714917e-04  2.46677368e-01  1.59714917e-04  5.96812848e-01  1.59714917e-04  3.68487581e-07  1.59714917e-04 -3.36845657e-08  1.59714917e-04  8.70674024e-07  1.59714917e-04  0.00000000e+00  1.59714917e-04  1.20000000e+00 
 1.59814917e-04  2.46020845e-01  1.59814917e-04  5.96535625e-01  1.59814917e-04  3.79192489e-07  1.59814917e-04  3.36952176e-08  1.59814917e-04 -7.25718176e-07  1.59814917e-04  0.00000000e+00  1.59814917e-04  1.20000000e+00 
 1.59914917e-04  2.45361429e-01  1.59914917e-04  5.96816293e-01  1.59914917e-04  3.68497116e-07  1.59914917e-04 -3.37006117e-08  1.59914917e-04  8.70781894e-07  1.59914917e-04  0.00000000e+00  1.59914917e-04  1.20000000e+00 
 1.60014917e-04  2.44706087e-01  1.60014917e-04  5.96532057e-01  1.60014917e-04  3.79183091e-07  1.60014917e-04  3.37112974e-08  1.60014917e-04 -7.26086077e-07  1.60014917e-04  0.00000000e+00  1.60014917e-04  1.20000000e+00 
 1.60114917e-04  2.44047800e-01  1.60114917e-04  5.96819597e-01  1.60114917e-04  3.68506387e-07  1.60114917e-04 -3.37167243e-08  1.60114917e-04  8.70902004e-07  1.60114917e-04  0.00000000e+00  1.60114917e-04  1.20000000e+00 
 1.60214917e-04  2.43393639e-01  1.60214917e-04  5.96528630e-01  1.60214917e-04  3.79173952e-07  1.60214917e-04  3.37274416e-08  1.60214917e-04 -7.26466574e-07  1.60214917e-04  0.00000000e+00  1.60214917e-04  1.20000000e+00 
 1.60314917e-04  2.42736485e-01  1.60314917e-04  5.96822764e-01  1.60314917e-04  3.68515402e-07  1.60314917e-04 -3.37328991e-08  1.60314917e-04  8.71033797e-07  1.60314917e-04  0.00000000e+00  1.60314917e-04  1.20000000e+00 
 1.60414917e-04  2.42083508e-01  1.60414917e-04  5.96525341e-01  1.60414917e-04  3.79165062e-07  1.60414917e-04  3.37436460e-08  1.60414917e-04 -7.26859071e-07  1.60414917e-04  0.00000000e+00  1.60414917e-04  1.20000000e+00 
 1.60514917e-04  2.41427491e-01  1.60514917e-04  5.96825799e-01  1.60514917e-04  3.68524174e-07  1.60514917e-04 -3.37491325e-08  1.60514917e-04  8.71176750e-07  1.60514917e-04  0.00000000e+00  1.60514917e-04  1.20000000e+00 
 1.60614917e-04  2.40775699e-01  1.60614917e-04  5.96522185e-01  1.60614917e-04  3.79156418e-07  1.60614917e-04  3.37599075e-08  1.60614917e-04 -7.27263001e-07  1.60614917e-04  0.00000000e+00  1.60614917e-04  1.20000000e+00 
 1.60714917e-04  2.40120821e-01  1.60714917e-04  5.96828705e-01  1.60714917e-04  3.68532701e-07  1.60714917e-04 -3.37654215e-08  1.60714917e-04  8.71330366e-07  1.60714917e-04  0.00000000e+00  1.60714917e-04  1.20000000e+00 
 1.60814917e-04  2.39470215e-01  1.60814917e-04  5.96519159e-01  1.60814917e-04  3.79148009e-07  1.60814917e-04  3.37762232e-08  1.60814917e-04 -7.27677832e-07  1.60814917e-04  0.00000000e+00  1.60814917e-04  1.20000000e+00 
 1.60914917e-04  2.38816481e-01  1.60914917e-04  5.96831485e-01  1.60914917e-04  3.68541000e-07  1.60914917e-04 -3.37817634e-08  1.60914917e-04  8.71494179e-07  1.60914917e-04  0.00000000e+00  1.60914917e-04  1.20000000e+00 
 1.61014917e-04  2.38167062e-01  1.61014917e-04  5.96516258e-01  1.61014917e-04  3.79139829e-07  1.61014917e-04  3.37925906e-08  1.61014917e-04 -7.28103057e-07  1.61014917e-04  0.00000000e+00  1.61014917e-04  1.20000000e+00 
 1.61114917e-04  2.37514475e-01  1.61114917e-04  5.96834146e-01  1.61114917e-04  3.68549069e-07  1.61114917e-04 -3.37981559e-08  1.61114917e-04  8.71667745e-07  1.61114917e-04  0.00000000e+00  1.61114917e-04  1.20000000e+00 
 1.61214917e-04  2.36866242e-01  1.61214917e-04  5.96513479e-01  1.61214917e-04  3.79131869e-07  1.61214917e-04  3.38090075e-08  1.61214917e-04 -7.28538194e-07  1.61214917e-04  0.00000000e+00  1.61214917e-04  1.20000000e+00 
 1.61314917e-04  2.36214804e-01  1.61314917e-04  5.96836689e-01  1.61314917e-04  3.68556921e-07  1.61314917e-04 -3.38145966e-08  1.61314917e-04  8.71850643e-07  1.61314917e-04  0.00000000e+00  1.61314917e-04  1.20000000e+00 
 1.61414917e-04  2.35567760e-01  1.61414917e-04  5.96510816e-01  1.61414917e-04  3.79124126e-07  1.61414917e-04  3.38254715e-08  1.61414917e-04 -7.28982789e-07  1.61414917e-04  0.00000000e+00  1.61414917e-04  1.20000000e+00 
 1.61514917e-04  2.34917474e-01  1.61514917e-04  5.96839119e-01  1.61514917e-04  3.68564563e-07  1.61514917e-04 -3.38310834e-08  1.61514917e-04  8.72042475e-07  1.61514917e-04  0.00000000e+00  1.61514917e-04  1.20000000e+00 
 1.61614917e-04  2.34271617e-01  1.61614917e-04  5.96508268e-01  1.61614917e-04  3.79116594e-07  1.61614917e-04  3.38419804e-08  1.61614917e-04 -7.29436405e-07  1.61614917e-04  0.00000000e+00  1.61614917e-04  1.20000000e+00 
 1.61714917e-04  2.33622485e-01  1.61714917e-04  5.96841440e-01  1.61714917e-04  3.68571996e-07  1.61714917e-04 -3.38476140e-08  1.61714917e-04  8.72242859e-07  1.61714917e-04  0.00000000e+00  1.61714917e-04  1.20000000e+00 
 1.61814917e-04  2.32977817e-01  1.61814917e-04  5.96505828e-01  1.61814917e-04  3.79109263e-07  1.61814917e-04  3.38585322e-08  1.61814917e-04 -7.29898632e-07  1.61814917e-04  0.00000000e+00  1.61814917e-04  1.20000000e+00 
 1.61914917e-04  2.32329841e-01  1.61914917e-04  5.96843655e-01  1.61914917e-04  3.68579228e-07  1.61914917e-04 -3.38641862e-08  1.61914917e-04  8.72451435e-07  1.61914917e-04  0.00000000e+00  1.61914917e-04  1.20000000e+00 
 1.62014917e-04  2.31686361e-01  1.62014917e-04  5.96503495e-01  1.62014917e-04  3.79102130e-07  1.62014917e-04  3.38751241e-08  1.62014917e-04 -7.30369074e-07  1.62014917e-04  0.00000000e+00  1.62014917e-04  1.20000000e+00 
 1.62114917e-04  2.31039542e-01  1.62114917e-04  5.96845769e-01  1.62114917e-04  3.68586268e-07  1.62114917e-04 -3.38807976e-08  1.62114917e-04  8.72667858e-07  1.62114917e-04  0.00000000e+00  1.62114917e-04  1.20000000e+00 
 1.62214917e-04  2.30397251e-01  1.62214917e-04  5.96501263e-01  1.62214917e-04  3.79095187e-07  1.62214917e-04  3.38917543e-08  1.62214917e-04 -7.30847356e-07  1.62214917e-04  0.00000000e+00  1.62214917e-04  1.20000000e+00 
 1.62314917e-04  2.29751592e-01  1.62314917e-04  5.96847784e-01  1.62314917e-04  3.68593117e-07  1.62314917e-04 -3.38974459e-08  1.62314917e-04  8.72891800e-07  1.62314917e-04  0.00000000e+00  1.62314917e-04  1.20000000e+00 
 1.62414917e-04  2.29110488e-01  1.62414917e-04  5.96499130e-01  1.62414917e-04  3.79088432e-07  1.62414917e-04  3.39084202e-08  1.62414917e-04 -7.31333120e-07  1.62414917e-04  0.00000000e+00  1.62414917e-04  1.20000000e+00 
 1.62514917e-04  2.28465989e-01  1.62514917e-04  5.96849705e-01  1.62514917e-04  3.68599784e-07  1.62514917e-04 -3.39141289e-08  1.62514917e-04  8.73122946e-07  1.62514917e-04  0.00000000e+00  1.62514917e-04  1.20000000e+00 
 1.62614917e-04  2.27826074e-01  1.62614917e-04  5.96497093e-01  1.62614917e-04  3.79081859e-07  1.62614917e-04  3.39251196e-08  1.62614917e-04 -7.31826024e-07  1.62614917e-04  0.00000000e+00  1.62614917e-04  1.20000000e+00 
 1.62714917e-04  2.27182736e-01  1.62714917e-04  5.96851534e-01  1.62714917e-04  3.68606268e-07  1.62714917e-04 -3.39308440e-08  1.62714917e-04  8.73360996e-07  1.62714917e-04  0.00000000e+00  1.62714917e-04  1.20000000e+00 
 1.62814917e-04  2.26544008e-01  1.62814917e-04  5.96495146e-01  1.62814917e-04  3.79075460e-07  1.62814917e-04  3.39418498e-08  1.62814917e-04 -7.32325739e-07  1.62814917e-04  0.00000000e+00  1.62814917e-04  1.20000000e+00 
 1.62914917e-04  2.25901833e-01  1.62914917e-04  5.96853276e-01  1.62914917e-04  3.68612584e-07  1.62914917e-04 -3.39475888e-08  1.62914917e-04  8.73605665e-07  1.62914917e-04  0.00000000e+00  1.62914917e-04  1.20000000e+00 
 1.63014917e-04  2.25264291e-01  1.63014917e-04  5.96493289e-01  1.63014917e-04  3.79069232e-07  1.63014917e-04  3.39586087e-08  1.63014917e-04 -7.32831953e-07  1.63014917e-04  0.00000000e+00  1.63014917e-04  1.20000000e+00 
 1.63114917e-04  2.24623280e-01  1.63114917e-04  5.96854933e-01  1.63114917e-04  3.68618727e-07  1.63114917e-04 -3.39643611e-08  1.63114917e-04  8.73856676e-07  1.63114917e-04  0.00000000e+00  1.63114917e-04  1.20000000e+00 
 1.63214917e-04  2.23986924e-01  1.63214917e-04  5.96491517e-01  1.63214917e-04  3.79063172e-07  1.63214917e-04  3.39753937e-08  1.63214917e-04 -7.33344365e-07  1.63214917e-04  0.00000000e+00  1.63214917e-04  1.20000000e+00 
 1.63314917e-04  2.23347077e-01  1.63314917e-04  5.96856508e-01  1.63314917e-04  3.68624710e-07  1.63314917e-04 -3.39811582e-08  1.63314917e-04  8.74113766e-07  1.63314917e-04  0.00000000e+00  1.63314917e-04  1.20000000e+00 
 1.63414917e-04  2.22711906e-01  1.63414917e-04  5.96489826e-01  1.63414917e-04  3.79057273e-07  1.63414917e-04  3.39922023e-08  1.63414917e-04 -7.33862688e-07  1.63414917e-04  0.00000000e+00  1.63414917e-04  1.20000000e+00 
 1.63514917e-04  2.22073223e-01  1.63514917e-04  5.96858004e-01  1.63514917e-04  3.68630527e-07  1.63514917e-04 -3.39979779e-08  1.63514917e-04  8.74376682e-07  1.63514917e-04  0.00000000e+00  1.63514917e-04  1.20000000e+00 
 1.63614917e-04  2.21439237e-01  1.63614917e-04  5.96488216e-01  1.63614917e-04  3.79051532e-07  1.63614917e-04  3.40090322e-08  1.63614917e-04 -7.34386646e-07  1.63614917e-04  0.00000000e+00  1.63614917e-04  1.20000000e+00 
 1.63714917e-04  2.20801718e-01  1.63714917e-04  5.96859424e-01  1.63714917e-04  3.68636194e-07  1.63714917e-04 -3.40148174e-08  1.63714917e-04  8.74645184e-07  1.63714917e-04  0.00000000e+00  1.63714917e-04  1.20000000e+00 
 1.63814917e-04  2.20168915e-01  1.63814917e-04  5.96486682e-01  1.63814917e-04  3.79045945e-07  1.63814917e-04  3.40258809e-08  1.63814917e-04 -7.34915974e-07  1.63814917e-04  0.00000000e+00  1.63814917e-04  1.20000000e+00 
 1.63914917e-04  2.19532562e-01  1.63914917e-04  5.96860772e-01  1.63914917e-04  3.68641707e-07  1.63914917e-04 -3.40316746e-08  1.63914917e-04  8.74919036e-07  1.63914917e-04  0.00000000e+00  1.63914917e-04  1.20000000e+00 
 1.64014917e-04  2.18900941e-01  1.64014917e-04  5.96485223e-01  1.64014917e-04  3.79040508e-07  1.64014917e-04  3.40427461e-08  1.64014917e-04 -7.35450420e-07  1.64014917e-04  0.00000000e+00  1.64014917e-04  1.20000000e+00 
 1.64114917e-04  2.18265752e-01  1.64114917e-04  5.96862048e-01  1.64114917e-04  3.68647072e-07  1.64114917e-04 -3.40485471e-08  1.64114917e-04  8.75198017e-07  1.64114917e-04  0.00000000e+00  1.64114917e-04  1.20000000e+00 
 1.64214917e-04  2.17635312e-01  1.64214917e-04  5.96483835e-01  1.64214917e-04  3.79035215e-07  1.64214917e-04  3.40596253e-08  1.64214917e-04 -7.35989739e-07  1.64214917e-04  0.00000000e+00  1.64214917e-04  1.20000000e+00 
 1.64314917e-04  2.17001288e-01  1.64314917e-04  5.96863257e-01  1.64314917e-04  3.68652296e-07  1.64314917e-04 -3.40654324e-08  1.64314917e-04  8.75481912e-07  1.64314917e-04  0.00000000e+00  1.64314917e-04  1.20000000e+00 
 1.64414917e-04  2.16372028e-01  1.64414917e-04  5.96482515e-01  1.64414917e-04  3.79030064e-07  1.64414917e-04  3.40765162e-08  1.64414917e-04 -7.36533698e-07  1.64414917e-04  0.00000000e+00  1.64414917e-04  1.20000000e+00 
 1.64514917e-04  2.15739168e-01  1.64514917e-04  5.96864399e-01  1.64514917e-04  3.68657374e-07  1.64514917e-04 -3.40823283e-08  1.64514917e-04  8.75770512e-07  1.64514917e-04  0.00000000e+00  1.64514917e-04  1.20000000e+00 
 1.64614917e-04  2.15111086e-01  1.64614917e-04  5.96481262e-01  1.64614917e-04  3.79025053e-07  1.64614917e-04  3.40934165e-08  1.64614917e-04 -7.37082071e-07  1.64614917e-04  0.00000000e+00  1.64614917e-04  1.20000000e+00 
 1.64714917e-04  2.14479390e-01  1.64714917e-04  5.96865479e-01  1.64714917e-04  3.68662320e-07  1.64714917e-04 -3.40992325e-08  1.64714917e-04  8.76063621e-07  1.64714917e-04  0.00000000e+00  1.64714917e-04  1.20000000e+00 
 1.64814917e-04  2.13852485e-01  1.64814917e-04  5.96480073e-01  1.64814917e-04  3.79020175e-07  1.64814917e-04  3.41103240e-08  1.64814917e-04 -7.37634642e-07  1.64814917e-04  0.00000000e+00  1.64814917e-04  1.20000000e+00 
 1.64914917e-04  2.13221953e-01  1.64914917e-04  5.96866497e-01  1.64914917e-04  3.68667133e-07  1.64914917e-04 -3.41161427e-08  1.64914917e-04  8.76361047e-07  1.64914917e-04  0.00000000e+00  1.64914917e-04  1.20000000e+00 
 1.65014917e-04  2.12596223e-01  1.65014917e-04  5.96478947e-01  1.65014917e-04  3.79015429e-07  1.65014917e-04  3.41272365e-08  1.65014917e-04 -7.38191204e-07  1.65014917e-04  0.00000000e+00  1.65014917e-04  1.20000000e+00 
 1.65114917e-04  2.11966853e-01  1.65114917e-04  5.96867457e-01  1.65114917e-04  3.68671816e-07  1.65114917e-04 -3.41330569e-08  1.65114917e-04  8.76662604e-07  1.65114917e-04  0.00000000e+00  1.65114917e-04  1.20000000e+00 
 1.65214917e-04  2.11342298e-01  1.65214917e-04  5.96477880e-01  1.65214917e-04  3.79010811e-07  1.65214917e-04  3.41441520e-08  1.65214917e-04 -7.38751556e-07  1.65214917e-04  0.00000000e+00  1.65214917e-04  1.20000000e+00 
 1.65314917e-04  2.10714090e-01  1.65314917e-04  5.96868360e-01  1.65314917e-04  3.68676372e-07  1.65314917e-04 -3.41499730e-08  1.65314917e-04  8.76968117e-07  1.65314917e-04  0.00000000e+00  1.65314917e-04  1.20000000e+00 
 1.65414917e-04  2.10090708e-01  1.65414917e-04  5.96476871e-01  1.65414917e-04  3.79006316e-07  1.65414917e-04  3.41610681e-08  1.65414917e-04 -7.39315507e-07  1.65414917e-04  0.00000000e+00  1.65414917e-04  1.20000000e+00 
 1.65514917e-04  2.09463661e-01  1.65514917e-04  5.96869208e-01  1.65514917e-04  3.68680804e-07  1.65514917e-04 -3.41668888e-08  1.65514917e-04  8.77277414e-07  1.65514917e-04  0.00000000e+00  1.65514917e-04  1.20000000e+00 
 1.65614917e-04  2.08841449e-01  1.65614917e-04  5.96475918e-01  1.65614917e-04  3.79001946e-07  1.65614917e-04  3.41779831e-08  1.65614917e-04 -7.39882871e-07  1.65614917e-04  0.00000000e+00  1.65614917e-04  1.20000000e+00 
 1.65714917e-04  2.08215562e-01  1.65714917e-04  5.96870003e-01  1.65714917e-04  3.68685112e-07  1.65714917e-04 -3.41838024e-08  1.65714917e-04  8.77590330e-07  1.65714917e-04  0.00000000e+00  1.65714917e-04  1.20000000e+00 
 1.65814917e-04  2.07594519e-01  1.65814917e-04  5.96475019e-01  1.65814917e-04  3.78997694e-07  1.65814917e-04  3.41948950e-08  1.65814917e-04 -7.40453469e-07  1.65814917e-04  0.00000000e+00  1.65814917e-04  1.20000000e+00 
 1.65914917e-04  2.06969792e-01  1.65914917e-04  5.96870747e-01  1.65914917e-04  3.68689310e-07  1.65914917e-04 -3.42007119e-08  1.65914917e-04  8.77906707e-07  1.65914917e-04  0.00000000e+00  1.65914917e-04  1.20000000e+00 
 1.66014917e-04  2.06349915e-01  1.66014917e-04  5.96474172e-01  1.66014917e-04  3.78993558e-07  1.66014917e-04  3.42118017e-08  1.66014917e-04 -7.41027131e-07  1.66014917e-04  0.00000000e+00  1.66014917e-04  1.20000000e+00 
 1.66114917e-04  2.05726346e-01  1.66114917e-04  5.96871442e-01  1.66114917e-04  3.68693391e-07  1.66114917e-04 -3.42176154e-08  1.66114917e-04  8.78226392e-07  1.66114917e-04  0.00000000e+00  1.66114917e-04  1.20000000e+00 
 1.66214917e-04  2.05107635e-01  1.66214917e-04  5.96473375e-01  1.66214917e-04  3.78989534e-07  1.66214917e-04  3.42287017e-08  1.66214917e-04 -7.41603691e-07  1.66214917e-04  0.00000000e+00  1.66214917e-04  1.20000000e+00 
 1.66314917e-04  2.04485223e-01  1.66314917e-04  5.96872090e-01  1.66314917e-04  3.68697357e-07  1.66314917e-04 -3.42345112e-08  1.66314917e-04  8.78549235e-07  1.66314917e-04  0.00000000e+00  1.66314917e-04  1.20000000e+00 
 1.66414917e-04  2.03867675e-01  1.66414917e-04  5.96472627e-01  1.66414917e-04  3.78985622e-07  1.66414917e-04  3.42455930e-08  1.66414917e-04 -7.42182989e-07  1.66414917e-04  0.00000000e+00  1.66414917e-04  1.20000000e+00 
 1.66514917e-04  2.03246419e-01  1.66514917e-04  5.96872691e-01  1.66514917e-04  3.68701215e-07  1.66514917e-04 -3.42513975e-08  1.66514917e-04  8.78875097e-07  1.66514917e-04  0.00000000e+00  1.66514917e-04  1.20000000e+00 
 1.66614917e-04  2.02630033e-01  1.66614917e-04  5.96471926e-01  1.66614917e-04  3.78981817e-07  1.66614917e-04  3.42624739e-08  1.66614917e-04 -7.42764874e-07  1.66614917e-04  0.00000000e+00  1.66614917e-04  1.20000000e+00 
 1.66714917e-04  2.02009931e-01  1.66714917e-04  5.96873249e-01  1.66714917e-04  3.68704968e-07  1.66714917e-04 -3.42682727e-08  1.66714917e-04  8.79203838e-07  1.66714917e-04  0.00000000e+00  1.66714917e-04  1.20000000e+00 
 1.66814917e-04  2.01394704e-01  1.66814917e-04  5.96471271e-01  1.66814917e-04  3.78978116e-07  1.66814917e-04  3.42793430e-08  1.66814917e-04 -7.43349197e-07  1.66814917e-04  0.00000000e+00  1.66814917e-04  1.20000000e+00 
 1.66914917e-04  2.00775755e-01  1.66914917e-04  5.96873763e-01  1.66914917e-04  3.68708614e-07  1.66914917e-04 -3.42851351e-08  1.66914917e-04  8.79535327e-07  1.66914917e-04  0.00000000e+00  1.66914917e-04  1.20000000e+00 
 1.67014917e-04  2.00161685e-01  1.67014917e-04  5.96470659e-01  1.67014917e-04  3.78974521e-07  1.67014917e-04  3.42961985e-08  1.67014917e-04 -7.43935815e-07  1.67014917e-04  0.00000000e+00  1.67014917e-04  1.20000000e+00 
 1.67114917e-04  1.99543888e-01  1.67114917e-04  5.96874237e-01  1.67114917e-04  3.68712160e-07  1.67114917e-04 -3.43019832e-08  1.67114917e-04  8.79869435e-07  1.67114917e-04  0.00000000e+00  1.67114917e-04  1.20000000e+00 
 1.67214917e-04  1.98930973e-01  1.67214917e-04  5.96470090e-01  1.67214917e-04  3.78971027e-07  1.67214917e-04  3.43130389e-08  1.67214917e-04 -7.44524593e-07  1.67214917e-04  0.00000000e+00  1.67214917e-04  1.20000000e+00 
 1.67314917e-04  1.98314326e-01  1.67314917e-04  5.96874670e-01  1.67314917e-04  3.68715607e-07  1.67314917e-04 -3.43188155e-08  1.67314917e-04  8.80206038e-07  1.67314917e-04  0.00000000e+00  1.67314917e-04  1.20000000e+00 
 1.67414917e-04  1.97702564e-01  1.67414917e-04  5.96469561e-01  1.67414917e-04  3.78967629e-07  1.67414917e-04  3.43298628e-08  1.67414917e-04 -7.45115397e-07  1.67414917e-04  0.00000000e+00  1.67414917e-04  1.20000000e+00 
 1.67514917e-04  1.97087066e-01  1.67514917e-04  5.96875065e-01  1.67514917e-04  3.68718955e-07  1.67514917e-04 -3.43356305e-08  1.67514917e-04  8.80545018e-07  1.67514917e-04  0.00000000e+00  1.67514917e-04  1.20000000e+00 
 1.67614917e-04  1.96476455e-01  1.67614917e-04  5.96469073e-01  1.67614917e-04  3.78964330e-07  1.67614917e-04  3.43466689e-08  1.67614917e-04 -7.45708101e-07  1.67614917e-04  0.00000000e+00  1.67614917e-04  1.20000000e+00 
 1.67714917e-04  1.95862103e-01  1.67714917e-04  5.96875423e-01  1.67714917e-04  3.68722210e-07  1.67714917e-04 -3.43524271e-08  1.67714917e-04  8.80886259e-07  1.67714917e-04  0.00000000e+00  1.67714917e-04  1.20000000e+00 
 1.67814917e-04  1.95252641e-01  1.67814917e-04  5.96468622e-01  1.67814917e-04  3.78961121e-07  1.67814917e-04  3.43634557e-08  1.67814917e-04 -7.46302582e-07  1.67814917e-04  0.00000000e+00  1.67814917e-04  1.20000000e+00 
 1.67914917e-04  1.94639435e-01  1.67914917e-04  5.96875746e-01  1.67914917e-04  3.68725370e-07  1.67914917e-04 -3.43692038e-08  1.67914917e-04  8.81229650e-07  1.67914917e-04  0.00000000e+00  1.67914917e-04  1.20000000e+00 
 1.68014917e-04  1.94031118e-01  1.68014917e-04  5.96468208e-01  1.68014917e-04  3.78958005e-07  1.68014917e-04  3.43802221e-08  1.68014917e-04 -7.46898721e-07  1.68014917e-04  0.00000000e+00  1.68014917e-04  1.20000000e+00 
 1.68114917e-04  1.93419056e-01  1.68114917e-04  5.96876033e-01  1.68114917e-04  3.68728439e-07  1.68114917e-04 -3.43859593e-08  1.68114917e-04  8.81575083e-07  1.68114917e-04  0.00000000e+00  1.68114917e-04  1.20000000e+00 
 1.68214917e-04  1.92811883e-01  1.68214917e-04  5.96467830e-01  1.68214917e-04  3.78954982e-07  1.68214917e-04  3.43969666e-08  1.68214917e-04 -7.47496406e-07  1.68214917e-04  0.00000000e+00  1.68214917e-04  1.20000000e+00 
 1.68314917e-04  1.92200962e-01  1.68314917e-04  5.96876288e-01  1.68314917e-04  3.68731421e-07  1.68314917e-04 -3.44026926e-08  1.68314917e-04  8.81922454e-07  1.68314917e-04  0.00000000e+00  1.68314917e-04  1.20000000e+00 
 1.68414917e-04  1.91594932e-01  1.68414917e-04  5.96467487e-01  1.68414917e-04  3.78952044e-07  1.68414917e-04  3.44136884e-08  1.68414917e-04 -7.48095525e-07  1.68414917e-04  0.00000000e+00  1.68414917e-04  1.20000000e+00 
 1.68514917e-04  1.90985151e-01  1.68514917e-04  5.96876510e-01  1.68514917e-04  3.68734315e-07  1.68514917e-04 -3.44194023e-08  1.68514917e-04  8.82271664e-07  1.68514917e-04  0.00000000e+00  1.68514917e-04  1.20000000e+00 
 1.68614917e-04  1.90380260e-01  1.68614917e-04  5.96467177e-01  1.68614917e-04  3.78949191e-07  1.68614917e-04  3.44303861e-08  1.68614917e-04 -7.48695975e-07  1.68614917e-04  0.00000000e+00  1.68614917e-04  1.20000000e+00 
 1.68714917e-04  1.89771617e-01  1.68714917e-04  5.96876701e-01  1.68714917e-04  3.68737124e-07  1.68714917e-04 -3.44360875e-08  1.68714917e-04  8.82622614e-07  1.68714917e-04  0.00000000e+00  1.68714917e-04  1.20000000e+00 
 1.68814917e-04  1.89167863e-01  1.68814917e-04  5.96466900e-01  1.68814917e-04  3.78946424e-07  1.68814917e-04  3.44470585e-08  1.68814917e-04 -7.49297651e-07  1.68814917e-04  0.00000000e+00  1.68814917e-04  1.20000000e+00 
 1.68914917e-04  1.88560356e-01  1.68914917e-04  5.96876861e-01  1.68914917e-04  3.68739850e-07  1.68914917e-04 -3.44527468e-08  1.68914917e-04  8.82975213e-07  1.68914917e-04  0.00000000e+00  1.68914917e-04  1.20000000e+00 
 1.69014917e-04  1.87957738e-01  1.69014917e-04  5.96466652e-01  1.69014917e-04  3.78943740e-07  1.69014917e-04  3.44637049e-08  1.69014917e-04 -7.49900457e-07  1.69014917e-04  0.00000000e+00  1.69014917e-04  1.20000000e+00 
 1.69114917e-04  1.87351365e-01  1.69114917e-04  5.96876993e-01  1.69114917e-04  3.68742496e-07  1.69114917e-04 -3.44693798e-08  1.69114917e-04  8.83329368e-07  1.69114917e-04  0.00000000e+00  1.69114917e-04  1.20000000e+00 
 1.69214917e-04  1.86749878e-01  1.69214917e-04  5.96466436e-01  1.69214917e-04  3.78941136e-07  1.69214917e-04  3.44803241e-08  1.69214917e-04 -7.50504297e-07  1.69214917e-04  0.00000000e+00  1.69214917e-04  1.20000000e+00 
 1.69314917e-04  1.86144637e-01  1.69314917e-04  5.96877097e-01  1.69314917e-04  3.68745060e-07  1.69314917e-04 -3.44859849e-08  1.69314917e-04  8.83684992e-07  1.69314917e-04  0.00000000e+00  1.69314917e-04  1.20000000e+00 
 1.69414917e-04  1.85544281e-01  1.69414917e-04  5.96466248e-01  1.69414917e-04  3.78938609e-07  1.69414917e-04  3.44969153e-08  1.69414917e-04 -7.51109081e-07  1.69414917e-04  0.00000000e+00  1.69414917e-04  1.20000000e+00 
 1.69514917e-04  1.84940171e-01  1.69514917e-04  5.96877174e-01  1.69514917e-04  3.68747548e-07  1.69514917e-04 -3.45025617e-08  1.69514917e-04  8.84042001e-07  1.69514917e-04  0.00000000e+00  1.69514917e-04  1.20000000e+00 
 1.69614917e-04  1.84340942e-01  1.69614917e-04  5.96466088e-01  1.69614917e-04  3.78936160e-07  1.69614917e-04  3.45134774e-08  1.69614917e-04 -7.51714720e-07  1.69614917e-04  0.00000000e+00  1.69614917e-04  1.20000000e+00 
 1.69714917e-04  1.83737960e-01  1.69714917e-04  5.96877225e-01  1.69714917e-04  3.68749960e-07  1.69714917e-04 -3.45191088e-08  1.69714917e-04  8.84400313e-07  1.69714917e-04  0.00000000e+00  1.69714917e-04  1.20000000e+00 
 1.69814917e-04  1.83139856e-01  1.69814917e-04  5.96465956e-01  1.69814917e-04  3.78933786e-07  1.69814917e-04  3.45300097e-08  1.69814917e-04 -7.52321130e-07  1.69814917e-04  0.00000000e+00  1.69814917e-04  1.20000000e+00 
 1.69914917e-04  1.82538000e-01  1.69914917e-04  5.96877251e-01  1.69914917e-04  3.68752295e-07  1.69914917e-04 -3.45356258e-08  1.69914917e-04  8.84759847e-07  1.69914917e-04  0.00000000e+00  1.69914917e-04  1.20000000e+00 
 1.70014917e-04  1.81941020e-01  1.70014917e-04  5.96465849e-01  1.70014917e-04  3.78931488e-07  1.70014917e-04  3.45465114e-08  1.70014917e-04 -7.52928230e-07  1.70014917e-04  0.00000000e+00  1.70014917e-04  1.20000000e+00 
 1.70114917e-04  1.81340287e-01  1.70114917e-04  5.96877253e-01  1.70114917e-04  3.68754558e-07  1.70114917e-04 -3.45521118e-08  1.70114917e-04  8.85120529e-07  1.70114917e-04  0.00000000e+00  1.70114917e-04  1.20000000e+00 
 1.70214917e-04  1.80744427e-01  1.70214917e-04  5.96465768e-01  1.70214917e-04  3.78929261e-07  1.70214917e-04  3.45629816e-08  1.70214917e-04 -7.53535941e-07  1.70214917e-04  0.00000000e+00  1.70214917e-04  1.20000000e+00 
 1.70314917e-04  1.80144817e-01  1.70314917e-04  5.96877231e-01  1.70314917e-04  3.68756750e-07  1.70314917e-04 -3.45685659e-08  1.70314917e-04  8.85482284e-07  1.70314917e-04  0.00000000e+00  1.70314917e-04  1.20000000e+00 
 1.70414917e-04  1.79550075e-01  1.70414917e-04  5.96465711e-01  1.70414917e-04  3.78927103e-07  1.70414917e-04  3.45794196e-08  1.70414917e-04 -7.54144187e-07  1.70414917e-04  0.00000000e+00  1.70414917e-04  1.20000000e+00 
 1.70514917e-04  1.78951584e-01  1.70514917e-04  5.96877186e-01  1.70514917e-04  3.68758873e-07  1.70514917e-04 -3.45849874e-08  1.70514917e-04  8.85845039e-07  1.70514917e-04  0.00000000e+00  1.70514917e-04  1.20000000e+00 
 1.70614917e-04  1.78357957e-01  1.70614917e-04  5.96465678e-01  1.70614917e-04  3.78925015e-07  1.70614917e-04  3.45958247e-08  1.70614917e-04 -7.54752896e-07  1.70614917e-04  0.00000000e+00  1.70614917e-04  1.20000000e+00 
 1.70714917e-04  1.77760584e-01  1.70714917e-04  5.96877120e-01  1.70714917e-04  3.68760923e-07  1.70714917e-04 -3.46013757e-08  1.70714917e-04  8.86208725e-07  1.70714917e-04  0.00000000e+00  1.70714917e-04  1.20000000e+00 
 1.70814917e-04  1.77168071e-01  1.70814917e-04  5.96465668e-01  1.70814917e-04  3.78922997e-07  1.70814917e-04  3.46121961e-08  1.70814917e-04 -7.55361997e-07  1.70814917e-04  0.00000000e+00  1.70814917e-04  1.20000000e+00 
 1.70914917e-04  1.76571813e-01  1.70914917e-04  5.96877033e-01  1.70914917e-04  3.68762908e-07  1.70914917e-04 -3.46177299e-08  1.70914917e-04  8.86573276e-07  1.70914917e-04  0.00000000e+00  1.70914917e-04  1.20000000e+00 
 1.71014917e-04  1.75980411e-01  1.71014917e-04  5.96465679e-01  1.71014917e-04  3.78921044e-07  1.71014917e-04  3.46285333e-08  1.71014917e-04 -7.55971424e-07  1.71014917e-04  0.00000000e+00  1.71014917e-04  1.20000000e+00 
 1.71114917e-04  1.75385266e-01  1.71114917e-04  5.96876925e-01  1.71114917e-04  3.68764830e-07  1.71114917e-04 -3.46340496e-08  1.71114917e-04  8.86938626e-07  1.71114917e-04  0.00000000e+00  1.71114917e-04  1.20000000e+00 
 1.71214917e-04  1.74794972e-01  1.71214917e-04  5.96465711e-01  1.71214917e-04  3.78919157e-07  1.71214917e-04  3.46448356e-08  1.71214917e-04 -7.56581111e-07  1.71214917e-04  0.00000000e+00  1.71214917e-04  1.20000000e+00 
 1.71314917e-04  1.74200939e-01  1.71314917e-04  5.96876798e-01  1.71314917e-04  3.68766685e-07  1.71314917e-04 -3.46503341e-08  1.71314917e-04  8.87304712e-07  1.71314917e-04  0.00000000e+00  1.71314917e-04  1.20000000e+00 
 1.71414917e-04  1.73611750e-01  1.71414917e-04  5.96465764e-01  1.71414917e-04  3.78917333e-07  1.71414917e-04  3.46611024e-08  1.71414917e-04 -7.57190996e-07  1.71414917e-04  0.00000000e+00  1.71414917e-04  1.20000000e+00 
 1.71514917e-04  1.73018826e-01  1.71514917e-04  5.96876651e-01  1.71514917e-04  3.68768476e-07  1.71514917e-04 -3.46665828e-08  1.71514917e-04  8.87671472e-07  1.71514917e-04  0.00000000e+00  1.71514917e-04  1.20000000e+00 
 1.71614917e-04  1.72430741e-01  1.71614917e-04  5.96465837e-01  1.71614917e-04  3.78915573e-07  1.71614917e-04  3.46773331e-08  1.71614917e-04 -7.57801019e-07  1.71614917e-04  0.00000000e+00  1.71614917e-04  1.20000000e+00 
 1.71714917e-04  1.71838924e-01  1.71714917e-04  5.96876487e-01  1.71714917e-04  3.68770205e-07  1.71714917e-04 -3.46827952e-08  1.71714917e-04  8.88038848e-07  1.71714917e-04  0.00000000e+00  1.71714917e-04  1.20000000e+00 
 1.71814917e-04  1.71251940e-01  1.71814917e-04  5.96465929e-01  1.71814917e-04  3.78913874e-07  1.71814917e-04  3.46935272e-08  1.71814917e-04 -7.58411122e-07  1.71814917e-04  0.00000000e+00  1.71814917e-04  1.20000000e+00 
 1.71914917e-04  1.70661227e-01  1.71914917e-04  5.96876305e-01  1.71914917e-04  3.68771876e-07  1.71914917e-04 -3.46989707e-08  1.71914917e-04  8.88406782e-07  1.71914917e-04  0.00000000e+00  1.71914917e-04  1.20000000e+00 
 1.72014917e-04  1.70075341e-01  1.72014917e-04  5.96466039e-01  1.72014917e-04  3.78912235e-07  1.72014917e-04  3.47096842e-08  1.72014917e-04 -7.59021252e-07  1.72014917e-04  0.00000000e+00  1.72014917e-04  1.20000000e+00 
 1.72114917e-04  1.69485731e-01  1.72114917e-04  5.96876106e-01  1.72114917e-04  3.68773485e-07  1.72114917e-04 -3.47151088e-08  1.72114917e-04  8.88775217e-07  1.72114917e-04  0.00000000e+00  1.72114917e-04  1.20000000e+00 
 1.72214917e-04  1.68900941e-01  1.72214917e-04  5.96466166e-01  1.72214917e-04  3.78910655e-07  1.72214917e-04  3.47258036e-08  1.72214917e-04 -7.59631353e-07  1.72214917e-04  0.00000000e+00  1.72214917e-04  1.20000000e+00 
 1.72314917e-04  1.68312432e-01  1.72314917e-04  5.96875891e-01  1.72314917e-04  3.68775037e-07  1.72314917e-04 -3.47312092e-08  1.72314917e-04  8.89144101e-07  1.72314917e-04  0.00000000e+00  1.72314917e-04  1.20000000e+00 
 1.72414917e-04  1.67728736e-01  1.72414917e-04  5.96466311e-01  1.72414917e-04  3.78909132e-07  1.72414917e-04  3.47418849e-08  1.72414917e-04 -7.60241375e-07  1.72414917e-04  0.00000000e+00  1.72414917e-04  1.20000000e+00 
 1.72514917e-04  1.67141324e-01  1.72514917e-04  5.96875661e-01  1.72514917e-04  3.68776528e-07  1.72514917e-04 -3.47472711e-08  1.72514917e-04  8.89513380e-07  1.72514917e-04  0.00000000e+00  1.72514917e-04  1.20000000e+00 
 1.72614917e-04  1.66558720e-01  1.72614917e-04  5.96466473e-01  1.72614917e-04  3.78907666e-07  1.72614917e-04  3.47579277e-08  1.72614917e-04 -7.60851270e-07  1.72614917e-04  0.00000000e+00  1.72614917e-04  1.20000000e+00 
 1.72714917e-04  1.65972404e-01  1.72714917e-04  5.96875415e-01  1.72714917e-04  3.68777967e-07  1.72714917e-04 -3.47632944e-08  1.72714917e-04  8.89883003e-07  1.72714917e-04  0.00000000e+00  1.72714917e-04  1.20000000e+00 
 1.72814917e-04  1.65390889e-01  1.72814917e-04  5.96466650e-01  1.72814917e-04  3.78906255e-07  1.72814917e-04  3.47739315e-08  1.72814917e-04 -7.61460990e-07  1.72814917e-04  0.00000000e+00  1.72814917e-04  1.20000000e+00 
 1.72914917e-04  1.64805667e-01  1.72914917e-04  5.96875154e-01  1.72914917e-04  3.68779349e-07  1.72914917e-04 -3.47792784e-08  1.72914917e-04  8.90252921e-07  1.72914917e-04  0.00000000e+00  1.72914917e-04  1.20000000e+00 
 1.73014917e-04  1.64225238e-01  1.73014917e-04  5.96466842e-01  1.73014917e-04  3.78904900e-07  1.73014917e-04  3.47898959e-08  1.73014917e-04 -7.62070491e-07  1.73014917e-04  0.00000000e+00  1.73014917e-04  1.20000000e+00 
 1.73114917e-04  1.63641108e-01  1.73114917e-04  5.96874879e-01  1.73114917e-04  3.68780678e-07  1.73114917e-04 -3.47952228e-08  1.73114917e-04  8.90623085e-07  1.73114917e-04  0.00000000e+00  1.73114917e-04  1.20000000e+00 
 1.73214917e-04  1.63061764e-01  1.73214917e-04  5.96467049e-01  1.73214917e-04  3.78903600e-07  1.73214917e-04  3.48058204e-08  1.73214917e-04 -7.62679730e-07  1.73214917e-04  0.00000000e+00  1.73214917e-04  1.20000000e+00 
 1.73314917e-04  1.62478724e-01  1.73314917e-04  5.96874591e-01  1.73314917e-04  3.68781954e-07  1.73314917e-04 -3.48111272e-08  1.73314917e-04  8.90993449e-07  1.73314917e-04  0.00000000e+00  1.73314917e-04  1.20000000e+00 
 1.73414917e-04  1.61900462e-01  1.73414917e-04  5.96467271e-01  1.73414917e-04  3.78902350e-07  1.73414917e-04  3.48217049e-08  1.73414917e-04 -7.63288665e-07  1.73414917e-04  0.00000000e+00  1.73414917e-04  1.20000000e+00 
 1.73514917e-04  1.61318509e-01  1.73514917e-04  5.96874290e-01  1.73514917e-04  3.68783178e-07  1.73514917e-04 -3.48269914e-08  1.73514917e-04  8.91363967e-07  1.73514917e-04  0.00000000e+00  1.73514917e-04  1.20000000e+00 
 1.73614917e-04  1.60741327e-01  1.73614917e-04  5.96467506e-01  1.73614917e-04  3.78901152e-07  1.73614917e-04  3.48375490e-08  1.73614917e-04 -7.63897258e-07  1.73614917e-04  0.00000000e+00  1.73614917e-04  1.20000000e+00 
 1.73714917e-04  1.60160459e-01  1.73714917e-04  5.96873976e-01  1.73714917e-04  3.68784349e-07  1.73714917e-04 -3.48428148e-08  1.73714917e-04  8.91734594e-07  1.73714917e-04  0.00000000e+00  1.73714917e-04  1.20000000e+00 
 1.73814917e-04  1.59584355e-01  1.73814917e-04  5.96467754e-01  1.73814917e-04  3.78900003e-07  1.73814917e-04  3.48533520e-08  1.73814917e-04 -7.64505472e-07  1.73814917e-04  0.00000000e+00  1.73814917e-04  1.20000000e+00 
 1.73914917e-04  1.59004571e-01  1.73914917e-04  5.96873650e-01  1.73914917e-04  3.68785472e-07  1.73914917e-04 -3.48585973e-08  1.73914917e-04  8.92105287e-07  1.73914917e-04  0.00000000e+00  1.73914917e-04  1.20000000e+00 
 1.74014917e-04  1.58429542e-01  1.74014917e-04  5.96468015e-01  1.74014917e-04  3.78898907e-07  1.74014917e-04  3.48691140e-08  1.74014917e-04 -7.65113269e-07  1.74014917e-04  0.00000000e+00  1.74014917e-04  1.20000000e+00 
 1.74114917e-04  1.57850840e-01  1.74114917e-04  5.96873313e-01  1.74114917e-04  3.68786546e-07  1.74114917e-04 -3.48743385e-08  1.74114917e-04  8.92476003e-07  1.74114917e-04  0.00000000e+00  1.74114917e-04  1.20000000e+00 
 1.74214917e-04  1.57276884e-01  1.74214917e-04  5.96468288e-01  1.74214917e-04  3.78897857e-07  1.74214917e-04  3.48848345e-08  1.74214917e-04 -7.65720618e-07  1.74214917e-04  0.00000000e+00  1.74214917e-04  1.20000000e+00 
 1.74314917e-04  1.56699261e-01  1.74314917e-04  5.96872964e-01  1.74314917e-04  3.68787570e-07  1.74314917e-04 -3.48900379e-08  1.74314917e-04  8.92846702e-07  1.74314917e-04  0.00000000e+00  1.74314917e-04  1.20000000e+00 
 1.74414917e-04  1.56126377e-01  1.74414917e-04  5.96468573e-01  1.74414917e-04  3.78896854e-07  1.74414917e-04  3.49005133e-08  1.74414917e-04 -7.66327485e-07  1.74414917e-04  0.00000000e+00  1.74414917e-04  1.20000000e+00 
 1.74514917e-04  1.55549832e-01  1.74514917e-04  5.96872605e-01  1.74514917e-04  3.68788549e-07  1.74514917e-04 -3.49056957e-08  1.74514917e-04  8.93217342e-07  1.74514917e-04  0.00000000e+00  1.74514917e-04  1.20000000e+00 
 1.74614917e-04  1.54978017e-01  1.74614917e-04  5.96468869e-01  1.74614917e-04  3.78895901e-07  1.74614917e-04  3.49161500e-08  1.74614917e-04 -7.66933839e-07  1.74614917e-04  0.00000000e+00  1.74614917e-04  1.20000000e+00 
 1.74714917e-04  1.54402547e-01  1.74714917e-04  5.96872235e-01  1.74714917e-04  3.68789481e-07  1.74714917e-04 -3.49213111e-08  1.74714917e-04  8.93587885e-07  1.74714917e-04  0.00000000e+00  1.74714917e-04  1.20000000e+00 
 1.74814917e-04  1.53831799e-01  1.74814917e-04  5.96469176e-01  1.74814917e-04  3.78894993e-07  1.74814917e-04  3.49317445e-08  1.74814917e-04 -7.67539653e-07  1.74814917e-04  0.00000000e+00  1.74814917e-04  1.20000000e+00 
 1.74907463e-04  1.53300041e-01  1.74907463e-04  5.96871845e-01  1.74907463e-04  3.68790402e-07  1.74907463e-04 -3.49375115e-08  1.74907463e-04  8.93982300e-07  1.74907463e-04  0.00000000e+00  1.74907463e-04  1.20000000e+00 
 1.75000010e-04  1.52772918e-01  1.75000010e-04  5.96469550e-01  1.75000010e-04  3.78894061e-07  1.75000010e-04  3.49485430e-08  1.75000010e-04 -7.68175216e-07  1.75000010e-04  0.00000000e+00  1.75000010e-04  1.20000000e+00 
 1.75000011e-04  1.52737252e-01  1.75000011e-04  5.89957572e-01  1.75000011e-04  1.73380498e-06  1.75000011e-04  7.18056229e-06  1.75000011e-04 -2.00360081e-04  1.75000011e-04  0.00000000e+00  1.75000011e-04  1.08000000e+00 
 1.75000013e-04  1.52657871e-01  1.75000013e-04  5.74402789e-01  1.75000013e-04  2.04970531e-06  1.75000013e-04  9.63476797e-06  1.75000013e-04 -2.59176132e-04  1.75000013e-04  0.00000000e+00  1.75000013e-04  8.40000000e-01 
 1.75000016e-04  1.52543928e-01  1.75000016e-04  5.48353382e-01  1.75000016e-04  1.52029933e-06  1.75000016e-04  5.77634464e-06  1.75000016e-04 -1.94057832e-04  1.75000016e-04  0.00000000e+00  1.75000016e-04  4.20000001e-01 
 1.75000020e-04  1.52484745e-01  1.75000020e-04  5.31335544e-01  1.75000020e-04  1.57875276e-06  1.75000020e-04  3.86887122e-06  1.75000020e-04 -1.60638458e-04  1.75000020e-04  0.00000000e+00  1.75000020e-04  3.16866000e-09 
 1.75000021e-04  1.52484215e-01  1.75000021e-04  5.32212934e-01  1.75000021e-04  8.33637810e-07  1.75000021e-04 -1.19457251e-06  1.75000021e-04 -2.34077297e-05  1.75000021e-04  0.00000000e+00  1.75000021e-04  0.00000000e+00 
 1.75000022e-04  1.52484137e-01  1.75000022e-04  5.34194291e-01  1.75000022e-04  6.71833764e-07  1.75000022e-04 -1.58572732e-06  1.75000022e-04 -5.20809113e-06  1.75000022e-04  0.00000000e+00  1.75000022e-04  0.00000000e+00 
 1.75000025e-04  1.52484218e-01  1.75000025e-04  5.36859312e-01  1.75000025e-04  7.45361415e-07  1.75000025e-04 -2.53666983e-07  1.75000025e-04 -1.77642048e-05  1.75000025e-04  0.00000000e+00  1.75000025e-04  0.00000000e+00 
 1.75000030e-04  1.52484210e-01  1.75000030e-04  5.38906167e-01  1.75000030e-04  5.14197589e-07  1.75000030e-04 -3.67694817e-07  1.75000030e-04 -5.09156143e-07  1.75000030e-04  0.00000000e+00  1.75000030e-04  0.00000000e+00 
 1.75000040e-04  1.52484328e-01  1.75000040e-04  5.39850692e-01  1.75000040e-04  5.25214924e-07  1.75000040e-04  3.35928519e-07  1.75000040e-04 -9.20988128e-06  1.75000040e-04  0.00000000e+00  1.75000040e-04  0.00000000e+00 
 1.75000061e-04  1.52484409e-01  1.75000061e-04  5.40470616e-01  1.75000061e-04  3.16148306e-07  1.75000061e-04 -2.45084301e-07  1.75000061e-04  6.71668418e-06  1.75000061e-04  0.00000000e+00  1.75000061e-04  0.00000000e+00 
 1.75000103e-04  1.52484710e-01  1.75000103e-04  5.41365808e-01  1.75000103e-04  4.45049183e-07  1.75000103e-04  3.49166444e-07  1.75000103e-04 -6.68851939e-06  1.75000103e-04  0.00000000e+00  1.75000103e-04  0.00000000e+00 
 1.75000166e-04  1.52484969e-01  1.75000166e-04  5.42495389e-01  1.75000166e-04  3.13443160e-07  1.75000166e-04 -2.46518113e-07  1.75000166e-04  6.61885304e-06  1.75000166e-04  0.00000000e+00  1.75000166e-04  0.00000000e+00 
 1.75000291e-04  1.52485565e-01  1.75000291e-04  5.44552771e-01  1.75000291e-04  4.37873631e-07  1.75000291e-04  3.41873595e-07  1.75000291e-04 -6.64258412e-06  1.75000291e-04  0.00000000e+00  1.75000291e-04  0.00000000e+00 
 1.75000541e-04  1.52486479e-01  1.75000541e-04  5.48020542e-01  1.75000541e-04  3.06743129e-07  1.75000541e-04 -2.53991658e-07  1.75000541e-04  6.60381804e-06  1.75000541e-04  0.00000000e+00  1.75000541e-04  0.00000000e+00 
 1.75001040e-04  1.52488142e-01  1.75001040e-04  5.53974236e-01  1.75001040e-04  4.33385593e-07  1.75001040e-04  3.29248018e-07  1.75001040e-04 -6.62943091e-06  1.75001040e-04  0.00000000e+00  1.75001040e-04  0.00000000e+00 
 1.75002039e-04  1.52490406e-01  1.75002039e-04  5.63280722e-01  1.75002039e-04  3.06541991e-07  1.75002039e-04 -2.75357510e-07  1.75002039e-04  6.60561896e-06  1.75002039e-04  0.00000000e+00  1.75002039e-04  0.00000000e+00 
 1.75004037e-04  1.52493321e-01  1.75004037e-04  5.75048542e-01  1.75004037e-04  4.35892247e-07  1.75004037e-04  2.98758987e-07  1.75004037e-04 -6.61863253e-06  1.75004037e-04  0.00000000e+00  1.75004037e-04  0.00000000e+00 
 1.75008033e-04  1.52497370e-01  1.75008033e-04  5.85025758e-01  1.75008033e-04  3.09643373e-07  1.75008033e-04 -3.03641870e-07  1.75008033e-04  6.61304234e-06  1.75008033e-04  0.00000000e+00  1.75008033e-04  0.00000000e+00 
 1.75016026e-04  1.52505318e-01  1.75016026e-04  5.91373366e-01  1.75016026e-04  4.37453688e-07  1.75016026e-04  2.88009321e-07  1.75016026e-04 -6.61368353e-06  1.75016026e-04  0.00000000e+00  1.75016026e-04  0.00000000e+00 
 1.75032011e-04  1.52516141e-01  1.75032011e-04  5.95493560e-01  1.75032011e-04  3.10052024e-07  1.75032011e-04 -2.96152424e-07  1.75032011e-04  6.61376909e-06  1.75032011e-04  0.00000000e+00  1.75032011e-04  0.00000000e+00 
 1.75063980e-04  1.52523442e-01  1.75063980e-04  5.96604474e-01  1.75063980e-04  4.37636593e-07  1.75063980e-04  2.95166381e-07  1.75063980e-04 -6.61358204e-06  1.75063980e-04  0.00000000e+00  1.75063980e-04  0.00000000e+00 
 1.75127920e-04  1.52525335e-01  1.75127920e-04  5.96735113e-01  1.75127920e-04  3.10054886e-07  1.75127920e-04 -2.95195227e-07  1.75127920e-04  6.61358543e-06  1.75127920e-04  0.00000000e+00  1.75127920e-04  0.00000000e+00 
 1.75227920e-04  1.52524750e-01  1.75227920e-04  5.96631664e-01  1.75227920e-04  4.37629397e-07  1.75227920e-04  2.95215554e-07  1.75227920e-04 -6.61352992e-06  1.75227920e-04  0.00000000e+00  1.75227920e-04  0.00000000e+00 
 1.75327920e-04  1.52524809e-01  1.75327920e-04  5.96726749e-01  1.75327920e-04  3.10055445e-07  1.75327920e-04 -2.95230357e-07  1.75327920e-04  6.61354786e-06  1.75327920e-04  0.00000000e+00  1.75327920e-04  0.00000000e+00 
 1.75427920e-04  1.52524586e-01  1.75427920e-04  5.96640860e-01  1.75427920e-04  4.37629715e-07  1.75427920e-04  2.95249616e-07  1.75427920e-04 -6.61349401e-06  1.75427920e-04  0.00000000e+00  1.75427920e-04  0.00000000e+00 
 1.75527920e-04  1.52524488e-01  1.75527920e-04  5.96716656e-01  1.75527920e-04  3.10054826e-07  1.75527920e-04 -2.95262177e-07  1.75527920e-04  6.61351322e-06  1.75527920e-04  0.00000000e+00  1.75527920e-04  0.00000000e+00 
 1.75627920e-04  1.52524342e-01  1.75627920e-04  5.96651342e-01  1.75627920e-04  4.37630389e-07  1.75627920e-04  2.95278379e-07  1.75627920e-04 -6.61346036e-06  1.75627920e-04  0.00000000e+00  1.75627920e-04  0.00000000e+00 
 1.75727920e-04  1.52524199e-01  1.75727920e-04  5.96706499e-01  1.75727920e-04  3.10054196e-07  1.75727920e-04 -2.95287560e-07  1.75727920e-04  6.61348032e-06  1.75727920e-04  0.00000000e+00  1.75727920e-04  0.00000000e+00 
 1.75827920e-04  1.52524081e-01  1.75827920e-04  5.96660958e-01  1.75827920e-04  4.37630927e-07  1.75827920e-04  2.95300377e-07  1.75827920e-04 -6.61342814e-06  1.75827920e-04  0.00000000e+00  1.75827920e-04  0.00000000e+00 
 1.75927920e-04  1.52523919e-01  1.75927920e-04  5.96697636e-01  1.75927920e-04  3.10053763e-07  1.75927920e-04 -2.95306317e-07  1.75927920e-04  6.61344863e-06  1.75927920e-04  0.00000000e+00  1.75927920e-04  0.00000000e+00 
 1.76027920e-04  1.52523817e-01  1.76027920e-04  5.96668939e-01  1.76027920e-04  4.37631266e-07  1.76027920e-04  2.95316162e-07  1.76027920e-04 -6.61339690e-06  1.76027920e-04  0.00000000e+00  1.76027920e-04  0.00000000e+00 
 1.76127920e-04  1.52523642e-01  1.76127920e-04  5.96690498e-01  1.76127920e-04  3.10053521e-07  1.76127920e-04 -2.95319436e-07  1.76127920e-04  6.61341779e-06  1.76127920e-04  0.00000000e+00  1.76127920e-04  0.00000000e+00 
 1.76227920e-04  1.52523550e-01  1.76227920e-04  5.96675238e-01  1.76227920e-04  4.37631418e-07  1.76227920e-04  2.95326935e-07  1.76227920e-04 -6.61336640e-06  1.76227920e-04  0.00000000e+00  1.76227920e-04  0.00000000e+00 
 1.76327920e-04  1.52523368e-01  1.76327920e-04  5.96684950e-01  1.76327920e-04  3.10053446e-07  1.76327920e-04 -2.95328168e-07  1.76327920e-04  6.61338759e-06  1.76327920e-04  0.00000000e+00  1.76327920e-04  0.00000000e+00 
 1.76427920e-04  1.52523281e-01  1.76427920e-04  5.96680084e-01  1.76427920e-04  4.37631427e-07  1.76427920e-04  2.95333908e-07  1.76427920e-04 -6.61333645e-06  1.76427920e-04  0.00000000e+00  1.76427920e-04  0.00000000e+00 
 1.76527920e-04  1.52523095e-01  1.76527920e-04  5.96680717e-01  1.76527920e-04  3.10053500e-07  1.76527920e-04 -2.95333639e-07  1.76527920e-04  6.61335787e-06  1.76527920e-04  0.00000000e+00  1.76527920e-04  0.00000000e+00 
 1.76627920e-04  1.52523011e-01  1.76627920e-04  5.96683760e-01  1.76627920e-04  4.37631319e-07  1.76627920e-04  2.95338106e-07  1.76627920e-04 -6.61330693e-06  1.76627920e-04  0.00000000e+00  1.76627920e-04  0.00000000e+00 
 1.76727920e-04  1.52522823e-01  1.76727920e-04  5.96677522e-01  1.76727920e-04  3.10053652e-07  1.76727920e-04 -2.95336764e-07  1.76727920e-04  6.61332851e-06  1.76727920e-04  0.00000000e+00  1.76727920e-04  0.00000000e+00 
 1.76827920e-04  1.52522741e-01  1.76827920e-04  5.96686526e-01  1.76827920e-04  4.37631127e-07  1.76827920e-04  2.95340331e-07  1.76827920e-04 -6.61327773e-06  1.76827920e-04  0.00000000e+00  1.76827920e-04  0.00000000e+00 
 1.76927920e-04  1.52522552e-01  1.76927920e-04  5.96675126e-01  1.76927920e-04  3.10053881e-07  1.76927920e-04 -2.95338241e-07  1.76927920e-04  6.61329944e-06  1.76927920e-04  0.00000000e+00  1.76927920e-04  0.00000000e+00 
 1.77027920e-04  1.52522469e-01  1.77027920e-04  5.96688596e-01  1.77027920e-04  4.37630865e-07  1.77027920e-04  2.95341188e-07  1.77027920e-04 -6.61324877e-06  1.77027920e-04  0.00000000e+00  1.77027920e-04  0.00000000e+00 
 1.77127920e-04  1.52522281e-01  1.77127920e-04  5.96673335e-01  1.77127920e-04  3.10054167e-07  1.77127920e-04 -2.95338589e-07  1.77127920e-04  6.61327059e-06  1.77127920e-04  0.00000000e+00  1.77127920e-04  0.00000000e+00 
 1.77227920e-04  1.52522198e-01  1.77227920e-04  5.96690142e-01  1.77227920e-04  4.37630557e-07  1.77227920e-04  2.95341122e-07  1.77227920e-04 -6.61322001e-06  1.77227920e-04  0.00000000e+00  1.77227920e-04  0.00000000e+00 
 1.77327920e-04  1.52522010e-01  1.77327920e-04  5.96672000e-01  1.77327920e-04  3.10054499e-07  1.77327920e-04 -2.95338187e-07  1.77327920e-04  6.61324191e-06  1.77327920e-04  0.00000000e+00  1.77327920e-04  0.00000000e+00 
 1.77427920e-04  1.52521927e-01  1.77427920e-04  5.96691294e-01  1.77427920e-04  4.37630208e-07  1.77427920e-04  2.95340449e-07  1.77427920e-04 -6.61319139e-06  1.77427920e-04  0.00000000e+00  1.77427920e-04  0.00000000e+00 
 1.77527920e-04  1.52521740e-01  1.77527920e-04  5.96671005e-01  1.77527920e-04  3.10054861e-07  1.77527920e-04 -2.95337299e-07  1.77527920e-04  6.61321335e-06  1.77527920e-04  0.00000000e+00  1.77527920e-04  0.00000000e+00 
 1.77627920e-04  1.52521655e-01  1.77627920e-04  5.96692154e-01  1.77627920e-04  4.37629833e-07  1.77627920e-04  2.95339392e-07  1.77627920e-04 -6.61316289e-06  1.77627920e-04  0.00000000e+00  1.77627920e-04  0.00000000e+00 
 1.77727920e-04  1.52521469e-01  1.77727920e-04  5.96670261e-01  1.77727920e-04  3.10055247e-07  1.77727920e-04 -2.95336111e-07  1.77727920e-04  6.61318489e-06  1.77727920e-04  0.00000000e+00  1.77727920e-04  0.00000000e+00 
 1.77827920e-04  1.52521384e-01  1.77827920e-04  5.96692797e-01  1.77827920e-04  4.37629438e-07  1.77827920e-04  2.95338104e-07  1.77827920e-04 -6.61313446e-06  1.77827920e-04  0.00000000e+00  1.77827920e-04  0.00000000e+00 
 1.77927920e-04  1.52521198e-01  1.77927920e-04  5.96669704e-01  1.77927920e-04  3.10055652e-07  1.77927920e-04 -2.95334748e-07  1.77927920e-04  6.61315650e-06  1.77927920e-04  0.00000000e+00  1.77927920e-04  0.00000000e+00 
 1.78027920e-04  1.52521113e-01  1.78027920e-04  5.96693279e-01  1.78027920e-04  4.37629025e-07  1.78027920e-04  2.95336686e-07  1.78027920e-04 -6.61310611e-06  1.78027920e-04  0.00000000e+00  1.78027920e-04  0.00000000e+00 
 1.78127920e-04  1.52520928e-01  1.78127920e-04  5.96669286e-01  1.78127920e-04  3.10056071e-07  1.78127920e-04 -2.95333292e-07  1.78127920e-04  6.61312817e-06  1.78127920e-04  0.00000000e+00  1.78127920e-04  0.00000000e+00 
 1.78227920e-04  1.52520841e-01  1.78227920e-04  5.96693642e-01  1.78227920e-04  4.37628600e-07  1.78227920e-04  2.95335204e-07  1.78227920e-04 -6.61307780e-06  1.78227920e-04  0.00000000e+00  1.78227920e-04  0.00000000e+00 
 1.78327920e-04  1.52520657e-01  1.78327920e-04  5.96668970e-01  1.78327920e-04  3.10056497e-07  1.78327920e-04 -2.95331794e-07  1.78327920e-04  6.61309989e-06  1.78327920e-04  0.00000000e+00  1.78327920e-04  0.00000000e+00 
 1.78427920e-04  1.52520570e-01  1.78427920e-04  5.96693917e-01  1.78427920e-04  4.37628167e-07  1.78427920e-04  2.95333698e-07  1.78427920e-04 -6.61304953e-06  1.78427920e-04  0.00000000e+00  1.78427920e-04  0.00000000e+00 
 1.78527920e-04  1.52520386e-01  1.78527920e-04  5.96668730e-01  1.78527920e-04  3.10056934e-07  1.78527920e-04 -2.95330285e-07  1.78527920e-04  6.61307163e-06  1.78527920e-04  0.00000000e+00  1.78527920e-04  0.00000000e+00 
 1.78627920e-04  1.52520299e-01  1.78627920e-04  5.96694127e-01  1.78627920e-04  4.37627732e-07  1.78627920e-04  2.95332191e-07  1.78627920e-04 -6.61302130e-06  1.78627920e-04  0.00000000e+00  1.78627920e-04  0.00000000e+00 
 1.78727920e-04  1.52520115e-01  1.78727920e-04  5.96668547e-01  1.78727920e-04  3.10057375e-07  1.78727920e-04 -2.95328783e-07  1.78727920e-04  6.61304341e-06  1.78727920e-04  0.00000000e+00  1.78727920e-04  0.00000000e+00 
 1.78827920e-04  1.52520028e-01  1.78827920e-04  5.96694287e-01  1.78827920e-04  4.37627289e-07  1.78827920e-04  2.95330696e-07  1.78827920e-04 -6.61299309e-06  1.78827920e-04  0.00000000e+00  1.78827920e-04  0.00000000e+00 
 1.78927920e-04  1.52519844e-01  1.78927920e-04  5.96668407e-01  1.78927920e-04  3.10057818e-07  1.78927920e-04 -2.95327297e-07  1.78927920e-04  6.61301521e-06  1.78927920e-04  0.00000000e+00  1.78927920e-04  0.00000000e+00 
 1.79027920e-04  1.52519756e-01  1.79027920e-04  5.96694409e-01  1.79027920e-04  4.37626843e-07  1.79027920e-04  2.95329219e-07  1.79027920e-04 -6.61296489e-06  1.79027920e-04  0.00000000e+00  1.79027920e-04  0.00000000e+00 
 1.79127920e-04  1.52519573e-01  1.79127920e-04  5.96668300e-01  1.79127920e-04  3.10058262e-07  1.79127920e-04 -2.95325828e-07  1.79127920e-04  6.61298703e-06  1.79127920e-04  0.00000000e+00  1.79127920e-04  0.00000000e+00 
 1.79227920e-04  1.52519485e-01  1.79227920e-04  5.96694502e-01  1.79227920e-04  4.37626396e-07  1.79227920e-04  2.95327760e-07  1.79227920e-04 -6.61293672e-06  1.79227920e-04  0.00000000e+00  1.79227920e-04  0.00000000e+00 
 1.79327920e-04  1.52519302e-01  1.79327920e-04  5.96668218e-01  1.79327920e-04  3.10058709e-07  1.79327920e-04 -2.95324378e-07  1.79327920e-04  6.61295886e-06  1.79327920e-04  0.00000000e+00  1.79327920e-04  0.00000000e+00 
 1.79427920e-04  1.52519214e-01  1.79427920e-04  5.96694573e-01  1.79427920e-04  4.37625950e-07  1.79427920e-04  2.95326318e-07  1.79427920e-04 -6.61290856e-06  1.79427920e-04  0.00000000e+00  1.79427920e-04  0.00000000e+00 
 1.79527920e-04  1.52519031e-01  1.79527920e-04  5.96668157e-01  1.79527920e-04  3.10059156e-07  1.79527920e-04 -2.95322944e-07  1.79527920e-04  6.61293070e-06  1.79527920e-04  0.00000000e+00  1.79527920e-04  0.00000000e+00 
 1.79627920e-04  1.52518943e-01  1.79627920e-04  5.96694626e-01  1.79627920e-04  4.37625504e-07  1.79627920e-04  2.95324891e-07  1.79627920e-04 -6.61288041e-06  1.79627920e-04  0.00000000e+00  1.79627920e-04  0.00000000e+00 
 1.79727920e-04  1.52518760e-01  1.79727920e-04  5.96668110e-01  1.79727920e-04  3.10059602e-07  1.79727920e-04 -2.95321524e-07  1.79727920e-04  6.61290256e-06  1.79727920e-04  0.00000000e+00  1.79727920e-04  0.00000000e+00 
 1.79827920e-04  1.52518672e-01  1.79827920e-04  5.96694666e-01  1.79827920e-04  4.37625057e-07  1.79827920e-04  2.95323476e-07  1.79827920e-04 -6.61285226e-06  1.79827920e-04  0.00000000e+00  1.79827920e-04  0.00000000e+00 
 1.79927920e-04  1.52518489e-01  1.79927920e-04  5.96668078e-01  1.79927920e-04  3.10060049e-07  1.79927920e-04 -2.95320114e-07  1.79927920e-04  6.61287442e-06  1.79927920e-04  0.00000000e+00  1.79927920e-04  0.00000000e+00 
 1.80027920e-04  1.52518401e-01  1.80027920e-04  5.96694694e-01  1.80027920e-04  4.37624614e-07  1.80027920e-04  2.95322072e-07  1.80027920e-04 -6.61282413e-06  1.80027920e-04  0.00000000e+00  1.80027920e-04  0.00000000e+00 
 1.80127920e-04  1.52518218e-01  1.80127920e-04  5.96668054e-01  1.80127920e-04  3.10060494e-07  1.80127920e-04 -2.95318714e-07  1.80127920e-04  6.61284629e-06  1.80127920e-04  0.00000000e+00  1.80127920e-04  0.00000000e+00 
 1.80227920e-04  1.52518130e-01  1.80227920e-04  5.96694712e-01  1.80227920e-04  4.37624169e-07  1.80227920e-04  2.95320674e-07  1.80227920e-04 -6.61279601e-06  1.80227920e-04  0.00000000e+00  1.80227920e-04  0.00000000e+00 
 1.80327920e-04  1.52517947e-01  1.80327920e-04  5.96668040e-01  1.80327920e-04  3.10060936e-07  1.80327920e-04 -2.95317319e-07  1.80327920e-04  6.61281817e-06  1.80327920e-04  0.00000000e+00  1.80327920e-04  0.00000000e+00 
 1.80427920e-04  1.52517859e-01  1.80427920e-04  5.96694723e-01  1.80427920e-04  4.37623727e-07  1.80427920e-04  2.95319282e-07  1.80427920e-04 -6.61276789e-06  1.80427920e-04  0.00000000e+00  1.80427920e-04  0.00000000e+00 
 1.80527920e-04  1.52517676e-01  1.80527920e-04  5.96668032e-01  1.80527920e-04  3.10061378e-07  1.80527920e-04 -2.95315930e-07  1.80527920e-04  6.61279005e-06  1.80527920e-04  0.00000000e+00  1.80527920e-04  0.00000000e+00 
 1.80627920e-04  1.52517588e-01  1.80627920e-04  5.96694728e-01  1.80627920e-04  4.37623288e-07  1.80627920e-04  2.95317894e-07  1.80627920e-04 -6.61273977e-06  1.80627920e-04  0.00000000e+00  1.80627920e-04  0.00000000e+00 
 1.80727920e-04  1.52517405e-01  1.80727920e-04  5.96668030e-01  1.80727920e-04  3.10061817e-07  1.80727920e-04 -2.95314543e-07  1.80727920e-04  6.61276194e-06  1.80727920e-04  0.00000000e+00  1.80727920e-04  0.00000000e+00 
 1.80827920e-04  1.52517317e-01  1.80827920e-04  5.96694728e-01  1.80827920e-04  4.37622850e-07  1.80827920e-04  2.95316509e-07  1.80827920e-04 -6.61271166e-06  1.80827920e-04  0.00000000e+00  1.80827920e-04  0.00000000e+00 
 1.80927920e-04  1.52517134e-01  1.80927920e-04  5.96668032e-01  1.80927920e-04  3.10062252e-07  1.80927920e-04 -2.95313159e-07  1.80927920e-04  6.61273383e-06  1.80927920e-04  0.00000000e+00  1.80927920e-04  0.00000000e+00 
 1.81027920e-04  1.52517046e-01  1.81027920e-04  5.96694724e-01  1.81027920e-04  4.37622415e-07  1.81027920e-04  2.95315126e-07  1.81027920e-04 -6.61268356e-06  1.81027920e-04  0.00000000e+00  1.81027920e-04  0.00000000e+00 
 1.81127920e-04  1.52516862e-01  1.81127920e-04  5.96668038e-01  1.81127920e-04  3.10062687e-07  1.81127920e-04 -2.95311776e-07  1.81127920e-04  6.61270573e-06  1.81127920e-04  0.00000000e+00  1.81127920e-04  0.00000000e+00 
 1.81227920e-04  1.52516775e-01  1.81227920e-04  5.96694716e-01  1.81227920e-04  4.37621980e-07  1.81227920e-04  2.95313744e-07  1.81227920e-04 -6.61265546e-06  1.81227920e-04  0.00000000e+00  1.81227920e-04  0.00000000e+00 
 1.81327920e-04  1.52516591e-01  1.81327920e-04  5.96668047e-01  1.81327920e-04  3.10063119e-07  1.81327920e-04 -2.95310394e-07  1.81327920e-04  6.61267763e-06  1.81327920e-04  0.00000000e+00  1.81327920e-04  0.00000000e+00 
 1.81427920e-04  1.52516504e-01  1.81427920e-04  5.96694705e-01  1.81427920e-04  4.37621549e-07  1.81427920e-04  2.95312362e-07  1.81427920e-04 -6.61262736e-06  1.81427920e-04  0.00000000e+00  1.81427920e-04  0.00000000e+00 
 1.81527920e-04  1.52516320e-01  1.81527920e-04  5.96668059e-01  1.81527920e-04  3.10063549e-07  1.81527920e-04 -2.95309013e-07  1.81527920e-04  6.61264954e-06  1.81527920e-04  0.00000000e+00  1.81527920e-04  0.00000000e+00 
 1.81627920e-04  1.52516233e-01  1.81627920e-04  5.96694692e-01  1.81627920e-04  4.37621123e-07  1.81627920e-04  2.95310981e-07  1.81627920e-04 -6.61259927e-06  1.81627920e-04  0.00000000e+00  1.81627920e-04  0.00000000e+00 
 1.81727920e-04  1.52516049e-01  1.81727920e-04  5.96668073e-01  1.81727920e-04  3.10063975e-07  1.81727920e-04 -2.95307632e-07  1.81727920e-04  6.61262145e-06  1.81727920e-04  0.00000000e+00  1.81727920e-04  0.00000000e+00 
 1.81827920e-04  1.52515962e-01  1.81827920e-04  5.96694678e-01  1.81827920e-04  4.37620695e-07  1.81827920e-04  2.95309600e-07  1.81827920e-04 -6.61257118e-06  1.81827920e-04  0.00000000e+00  1.81827920e-04  0.00000000e+00 
 1.81927920e-04  1.52515778e-01  1.81927920e-04  5.96668088e-01  1.81927920e-04  3.10064400e-07  1.81927920e-04 -2.95306251e-07  1.81927920e-04  6.61259336e-06  1.81927920e-04  0.00000000e+00  1.81927920e-04  0.00000000e+00 
 1.82027920e-04  1.52515691e-01  1.82027920e-04  5.96694662e-01  1.82027920e-04  4.37620273e-07  1.82027920e-04  2.95308219e-07  1.82027920e-04 -6.61254310e-06  1.82027920e-04  0.00000000e+00  1.82027920e-04  0.00000000e+00 
 1.82127920e-04  1.52515507e-01  1.82127920e-04  5.96668105e-01  1.82127920e-04  3.10064825e-07  1.82127920e-04 -2.95304870e-07  1.82127920e-04  6.61256528e-06  1.82127920e-04  0.00000000e+00  1.82127920e-04  0.00000000e+00 
 1.82227920e-04  1.52515420e-01  1.82227920e-04  5.96694645e-01  1.82227920e-04  4.37619852e-07  1.82227920e-04  2.95306838e-07  1.82227920e-04 -6.61251502e-06  1.82227920e-04  0.00000000e+00  1.82227920e-04  0.00000000e+00 
 1.82327920e-04  1.52515236e-01  1.82327920e-04  5.96668122e-01  1.82327920e-04  3.10065242e-07  1.82327920e-04 -2.95303489e-07  1.82327920e-04  6.61253720e-06  1.82327920e-04  0.00000000e+00  1.82327920e-04  0.00000000e+00 
 1.82427920e-04  1.52515149e-01  1.82427920e-04  5.96694628e-01  1.82427920e-04  4.37619433e-07  1.82427920e-04  2.95305457e-07  1.82427920e-04 -6.61248694e-06  1.82427920e-04  0.00000000e+00  1.82427920e-04  0.00000000e+00 
 1.82527920e-04  1.52514965e-01  1.82527920e-04  5.96668139e-01  1.82527920e-04  3.10065661e-07  1.82527920e-04 -2.95302109e-07  1.82527920e-04  6.61250912e-06  1.82527920e-04  0.00000000e+00  1.82527920e-04  0.00000000e+00 
 1.82627920e-04  1.52514878e-01  1.82627920e-04  5.96694609e-01  1.82627920e-04  4.37619016e-07  1.82627920e-04  2.95304077e-07  1.82627920e-04 -6.61245886e-06  1.82627920e-04  0.00000000e+00  1.82627920e-04  0.00000000e+00 
 1.82727920e-04  1.52514694e-01  1.82727920e-04  5.96668157e-01  1.82727920e-04  3.10066074e-07  1.82727920e-04 -2.95300728e-07  1.82727920e-04  6.61248105e-06  1.82727920e-04  0.00000000e+00  1.82727920e-04  0.00000000e+00 
 1.82827920e-04  1.52514607e-01  1.82827920e-04  5.96694591e-01  1.82827920e-04  4.37618601e-07  1.82827920e-04  2.95302696e-07  1.82827920e-04 -6.61243079e-06  1.82827920e-04  0.00000000e+00  1.82827920e-04  0.00000000e+00 
 1.82927920e-04  1.52514423e-01  1.82927920e-04  5.96668176e-01  1.82927920e-04  3.10066489e-07  1.82927920e-04 -2.95299347e-07  1.82927920e-04  6.61245298e-06  1.82927920e-04  0.00000000e+00  1.82927920e-04  0.00000000e+00 
 1.83027920e-04  1.52514336e-01  1.83027920e-04  5.96694573e-01  1.83027920e-04  4.37618190e-07  1.83027920e-04  2.95301316e-07  1.83027920e-04 -6.61240272e-06  1.83027920e-04  0.00000000e+00  1.83027920e-04  0.00000000e+00 
 1.83127920e-04  1.52514151e-01  1.83127920e-04  5.96668194e-01  1.83127920e-04  3.10066900e-07  1.83127920e-04 -2.95297967e-07  1.83127920e-04  6.61242491e-06  1.83127920e-04  0.00000000e+00  1.83127920e-04  0.00000000e+00 
 1.83227920e-04  1.52514066e-01  1.83227920e-04  5.96694555e-01  1.83227920e-04  4.37617781e-07  1.83227920e-04  2.95299935e-07  1.83227920e-04 -6.61237466e-06  1.83227920e-04  0.00000000e+00  1.83227920e-04  0.00000000e+00 
 1.83327920e-04  1.52513880e-01  1.83327920e-04  5.96668212e-01  1.83327920e-04  3.10067308e-07  1.83327920e-04 -2.95296587e-07  1.83327920e-04  6.61239685e-06  1.83327920e-04  0.00000000e+00  1.83327920e-04  0.00000000e+00 
 1.83427920e-04  1.52513795e-01  1.83427920e-04  5.96694537e-01  1.83427920e-04  4.37617372e-07  1.83427920e-04  2.95298555e-07  1.83427920e-04 -6.61234659e-06  1.83427920e-04  0.00000000e+00  1.83427920e-04  0.00000000e+00 
 1.83527920e-04  1.52513609e-01  1.83527920e-04  5.96668230e-01  1.83527920e-04  3.10067714e-07  1.83527920e-04 -2.95295206e-07  1.83527920e-04  6.61236879e-06  1.83527920e-04  0.00000000e+00  1.83527920e-04  0.00000000e+00 
 1.83627920e-04  1.52513524e-01  1.83627920e-04  5.96694519e-01  1.83627920e-04  4.37616966e-07  1.83627920e-04  2.95297175e-07  1.83627920e-04 -6.61231853e-06  1.83627920e-04  0.00000000e+00  1.83627920e-04  0.00000000e+00 
 1.83727920e-04  1.52513338e-01  1.83727920e-04  5.96668248e-01  1.83727920e-04  3.10068119e-07  1.83727920e-04 -2.95293826e-07  1.83727920e-04  6.61234073e-06  1.83727920e-04  0.00000000e+00  1.83727920e-04  0.00000000e+00 
 1.83827920e-04  1.52513253e-01  1.83827920e-04  5.96694502e-01  1.83827920e-04  4.37616563e-07  1.83827920e-04  2.95295795e-07  1.83827920e-04 -6.61229048e-06  1.83827920e-04  0.00000000e+00  1.83827920e-04  0.00000000e+00 
 1.83927920e-04  1.52513067e-01  1.83927920e-04  5.96668265e-01  1.83927920e-04  3.10068522e-07  1.83927920e-04 -2.95292446e-07  1.83927920e-04  6.61231267e-06  1.83927920e-04  0.00000000e+00  1.83927920e-04  0.00000000e+00 
 1.84027920e-04  1.52512982e-01  1.84027920e-04  5.96694484e-01  1.84027920e-04  4.37616161e-07  1.84027920e-04  2.95294415e-07  1.84027920e-04 -6.61226242e-06  1.84027920e-04  0.00000000e+00  1.84027920e-04  0.00000000e+00 
 1.84127920e-04  1.52512796e-01  1.84127920e-04  5.96668282e-01  1.84127920e-04  3.10068922e-07  1.84127920e-04 -2.95291066e-07  1.84127920e-04  6.61228462e-06  1.84127920e-04  0.00000000e+00  1.84127920e-04  0.00000000e+00 
 1.84227920e-04  1.52512711e-01  1.84227920e-04  5.96694468e-01  1.84227920e-04  4.37615762e-07  1.84227920e-04  2.95293035e-07  1.84227920e-04 -6.61223437e-06  1.84227920e-04  0.00000000e+00  1.84227920e-04  0.00000000e+00 
 1.84327920e-04  1.52512525e-01  1.84327920e-04  5.96668299e-01  1.84327920e-04  3.10069325e-07  1.84327920e-04 -2.95289686e-07  1.84327920e-04  6.61225657e-06  1.84327920e-04  0.00000000e+00  1.84327920e-04  0.00000000e+00 
 1.84427920e-04  1.52512440e-01  1.84427920e-04  5.96694451e-01  1.84427920e-04  4.37615363e-07  1.84427920e-04  2.95291655e-07  1.84427920e-04 -6.61220632e-06  1.84427920e-04  0.00000000e+00  1.84427920e-04  0.00000000e+00 
 1.84527920e-04  1.52512254e-01  1.84527920e-04  5.96668315e-01  1.84527920e-04  3.10069719e-07  1.84527920e-04 -2.95288307e-07  1.84527920e-04  6.61222852e-06  1.84527920e-04  0.00000000e+00  1.84527920e-04  0.00000000e+00 
 1.84627920e-04  1.52512169e-01  1.84627920e-04  5.96694435e-01  1.84627920e-04  4.37614966e-07  1.84627920e-04  2.95290276e-07  1.84627920e-04 -6.61217828e-06  1.84627920e-04  0.00000000e+00  1.84627920e-04  0.00000000e+00 
 1.84727920e-04  1.52511983e-01  1.84727920e-04  5.96668330e-01  1.84727920e-04  3.10070114e-07  1.84727920e-04 -2.95286927e-07  1.84727920e-04  6.61220048e-06  1.84727920e-04  0.00000000e+00  1.84727920e-04  0.00000000e+00 
 1.84827920e-04  1.52511898e-01  1.84827920e-04  5.96694420e-01  1.84827920e-04  4.37614571e-07  1.84827920e-04  2.95288896e-07  1.84827920e-04 -6.61215024e-06  1.84827920e-04  0.00000000e+00  1.84827920e-04  0.00000000e+00 
 1.84913960e-04  1.52511731e-01  1.84913960e-04  5.96668347e-01  1.84913960e-04  3.10070543e-07  1.84913960e-04 -2.95285436e-07  1.84913960e-04  6.61217017e-06  1.84913960e-04  0.00000000e+00  1.84913960e-04  0.00000000e+00 
 1.85000000e-04  1.52511664e-01  1.85000000e-04  5.96694402e-01  1.85000000e-04  4.37614113e-07  1.85000000e-04  2.95287293e-07  1.85000000e-04 -6.61211765e-06  1.85000000e-04  0.00000000e+00  1.85000000e-04  0.00000000e+00 
 1.85000001e-04  1.52514650e-01  1.85000001e-04  5.97621061e-01  1.85000001e-04  1.45992985e-07  1.85000001e-04  2.39127590e-06  1.85000001e-04 -9.33863964e-07  1.85000001e-04  1.20000000e-01  1.85000001e-04  0.00000000e+00 
 1.85000003e-04  1.52520438e-01  1.85000003e-04  5.99371769e-01  1.85000003e-04  1.54352866e-07  1.85000003e-04  2.57149569e-06  1.85000003e-04 -3.86296417e-07  1.85000003e-04  3.59999999e-01  1.85000003e-04  0.00000000e+00 
 1.85000006e-04  1.52530531e-01  1.85000006e-04  6.02386285e-01  1.85000006e-04  1.49160579e-07  1.85000006e-04  2.63313426e-06  1.85000006e-04 -8.60588413e-07  1.85000006e-04  7.79999997e-01  1.85000006e-04  0.00000000e+00 
 1.85000010e-04  1.52538457e-01  1.85000010e-04  6.04666009e-01  1.85000010e-04  2.55056845e-07  1.85000010e-04  1.30026882e-06  1.85000010e-04 -1.09448900e-07  1.85000010e-04  1.20000000e+00  1.85000010e-04  0.00000000e+00 
 1.85000011e-04  1.52538077e-01  1.85000011e-04  6.04456651e-01  1.85000011e-04  4.44575114e-07  1.85000011e-04 -1.49553220e-06  1.85000011e-04  2.21807571e-07  1.85000011e-04  1.20000000e+00  1.85000011e-04  0.00000000e+00 
 1.85000012e-04  1.52537099e-01  1.85000012e-04  6.04023877e-01  1.85000012e-04  4.68199582e-07  1.85000012e-04 -1.98078511e-06  1.85000012e-04  2.87776625e-07  1.85000012e-04  1.20000000e+00  1.85000012e-04  0.00000000e+00 
 1.85000014e-04  1.52534977e-01  1.85000014e-04  6.03214949e-01  1.85000014e-04  4.36404091e-07  1.85000014e-04 -1.51444543e-06  1.85000014e-04  1.95125812e-07  1.85000014e-04  1.20000000e+00  1.85000014e-04  0.00000000e+00 
 1.85000019e-04  1.52530432e-01  1.85000019e-04  6.01697479e-01  1.85000019e-04  4.58261045e-07  1.85000019e-04 -1.72868693e-06  1.85000019e-04  2.49104294e-07  1.85000019e-04  1.20000000e+00  1.85000019e-04  0.00000000e+00 
 1.85000029e-04  1.52515683e-01  1.85000029e-04  5.97341081e-01  1.85000029e-04  5.07421697e-07  1.85000029e-04 -1.60082474e-06  1.85000029e-04  3.82204976e-07  1.85000029e-04  1.20000000e+00  1.85000029e-04  0.00000000e+00 
 1.85000049e-04  1.52476681e-01  1.85000049e-04  5.87649626e-01  1.85000049e-04  4.90811152e-07  1.85000049e-04  3.79870602e-07  1.85000049e-04  3.16038585e-07  1.85000049e-04  1.20000000e+00  1.85000049e-04  0.00000000e+00 
 1.85000071e-04  1.52449143e-01  1.85000071e-04  5.82196722e-01  1.85000071e-04  3.96129913e-07  1.85000071e-04  9.57194176e-07  1.85000071e-04  3.94778355e-08  1.85000071e-04  1.20000000e+00  1.85000071e-04  0.00000000e+00 
 1.85000115e-04  1.52452909e-01  1.85000115e-04  5.78693188e-01  1.85000115e-04  4.06373651e-07  1.85000115e-04  4.85396798e-08  1.85000115e-04  7.24311640e-08  1.85000115e-04  1.20000000e+00  1.85000115e-04  0.00000000e+00 
 1.85000163e-04  1.52473511e-01  1.85000163e-04  5.77400325e-01  1.85000163e-04  3.67605845e-07  1.85000163e-04  7.56944209e-07  1.85000163e-04 -3.57691649e-08  1.85000163e-04  1.20000000e+00  1.85000163e-04  0.00000000e+00 
 1.85000231e-04  1.52493797e-01  1.85000231e-04  5.75497700e-01  1.85000231e-04  4.04162970e-07  1.85000231e-04 -4.45798056e-08  1.85000231e-04  7.31409270e-08  1.85000231e-04  1.20000000e+00  1.85000231e-04  0.00000000e+00 
 1.85000338e-04  1.52519499e-01  1.85000338e-04  5.73461685e-01  1.85000338e-04  3.60327108e-07  1.85000338e-04  6.36942584e-07  1.85000338e-04 -4.89556322e-08  1.85000338e-04  1.20000000e+00  1.85000338e-04  0.00000000e+00 
 1.85000552e-04  1.52554856e-01  1.85000552e-04  5.71082934e-01  1.85000552e-04  3.96849373e-07  1.85000552e-04 -1.69994401e-07  1.85000552e-04  6.09188322e-08  1.85000552e-04  1.20000000e+00  1.85000552e-04  0.00000000e+00 
 1.85000978e-04  1.52595586e-01  1.85000978e-04  5.69883994e-01  1.85000978e-04  3.53044893e-07  1.85000978e-04  5.17498871e-07  1.85000978e-04 -6.13269064e-08  1.85000978e-04  1.20000000e+00  1.85000978e-04  0.00000000e+00 
 1.85001832e-04  1.52633904e-01  1.85001832e-04  5.71859944e-01  1.85001832e-04  3.92325986e-07  1.85001832e-04 -2.60368980e-07  1.85001832e-04  5.37653158e-08  1.85001832e-04  1.20000000e+00  1.85001832e-04  0.00000000e+00 
 1.85003539e-04  1.52666376e-01  1.85003539e-04  5.77872398e-01  1.85003539e-04  3.52123985e-07  1.85003539e-04  4.60847147e-07  1.85003539e-04 -6.17442348e-08  1.85003539e-04  1.20000000e+00  1.85003539e-04  0.00000000e+00 
 1.85006953e-04  1.52699251e-01  1.85006953e-04  5.85567941e-01  1.85006953e-04  3.93701553e-07  1.85006953e-04 -2.89257496e-07  1.85006953e-04  5.75388753e-08  1.85006953e-04  1.20000000e+00  1.85006953e-04  0.00000000e+00 
 1.85013782e-04  1.52750202e-01  1.85013782e-04  5.91751520e-01  1.85013782e-04  3.53428233e-07  1.85013782e-04  4.50348710e-07  1.85013782e-04 -5.84104685e-08  1.85013782e-04  1.20000000e+00  1.85013782e-04  0.00000000e+00 
 1.85027438e-04  1.52851537e-01  1.85027438e-04  5.95584072e-01  1.85027438e-04  3.94160338e-07  1.85027438e-04 -2.88142478e-07  1.85027438e-04  5.86240263e-08  1.85027438e-04  1.20000000e+00  1.85027438e-04  0.00000000e+00 
 1.85054752e-04  1.53054208e-01  1.85054752e-04  5.96613797e-01  1.85054752e-04  3.53554799e-07  1.85054752e-04  4.50699626e-07  1.85054752e-04 -5.84526843e-08  1.85054752e-04  1.20000000e+00  1.85054752e-04  0.00000000e+00 
 1.85109380e-04  1.53452829e-01  1.85109380e-04  5.96692891e-01  1.85109380e-04  3.94142410e-07  1.85109380e-04 -2.90107775e-07  1.85109380e-04  5.84813234e-08  1.85109380e-04  1.20000000e+00  1.85109380e-04  0.00000000e+00 
 1.85209380e-04  1.54182694e-01  1.85209380e-04  5.96682429e-01  1.85209380e-04  3.53541327e-07  1.85209380e-04  4.50868513e-07  1.85209380e-04 -5.84421918e-08  1.85209380e-04  1.20000000e+00  1.85209380e-04  0.00000000e+00 
 1.85309380e-04  1.54912680e-01  1.85309380e-04  5.96677653e-01  1.85309380e-04  3.94144121e-07  1.85309380e-04 -2.90160250e-07  1.85309380e-04  5.84764932e-08  1.85309380e-04  1.20000000e+00  1.85309380e-04  0.00000000e+00 
 1.85409380e-04  1.55642854e-01  1.85409380e-04  5.96693951e-01  1.85409380e-04  3.53540374e-07  1.85409380e-04  4.50990426e-07  1.85409380e-04 -5.84386748e-08  1.85409380e-04  1.20000000e+00  1.85409380e-04  0.00000000e+00 
 1.85509380e-04  1.56373310e-01  1.85509380e-04  5.96668218e-01  1.85509380e-04  3.94144816e-07  1.85509380e-04 -2.90180909e-07  1.85509380e-04  5.84741306e-08  1.85509380e-04  1.20000000e+00  1.85509380e-04  0.00000000e+00 
 1.85609380e-04  1.57103791e-01  1.85609380e-04  5.96701649e-01  1.85609380e-04  3.53539741e-07  1.85609380e-04  4.51080146e-07  1.85609380e-04 -5.84370782e-08  1.85609380e-04  1.20000000e+00  1.85609380e-04  0.00000000e+00 
 1.85709380e-04  1.57834685e-01  1.85709380e-04  5.96661901e-01  1.85709380e-04  3.94145455e-07  1.85709380e-04 -2.90174371e-07  1.85709380e-04  5.84732751e-08  1.85709380e-04  1.20000000e+00  1.85709380e-04  0.00000000e+00 
 1.85809380e-04  1.58565491e-01  1.85809380e-04  5.96706584e-01  1.85809380e-04  3.53539074e-07  1.85809380e-04  4.51144434e-07  1.85809380e-04 -5.84366707e-08  1.85809380e-04  1.20000000e+00  1.85809380e-04  0.00000000e+00 
 1.85909380e-04  1.59296788e-01  1.85909380e-04  5.96658097e-01  1.85909380e-04  3.94146154e-07  1.85909380e-04 -2.90148434e-07  1.85909380e-04  5.84733586e-08  1.85909380e-04  1.20000000e+00  1.85909380e-04  0.00000000e+00 
 1.86009380e-04  1.60027933e-01  1.86009380e-04  5.96709283e-01  1.86009380e-04  3.53538348e-07  1.86009380e-04  4.51191028e-07  1.86009380e-04 -5.84370046e-08  1.86009380e-04  1.20000000e+00  1.86009380e-04  0.00000000e+00 
 1.86109380e-04  1.60759602e-01  1.86109380e-04  5.96656258e-01  1.86109380e-04  3.94146900e-07  1.86109380e-04 -2.90110162e-07  1.86109380e-04  5.84740247e-08  1.86109380e-04  1.20000000e+00  1.86109380e-04  0.00000000e+00 
 1.86209380e-04  1.61491096e-01  1.86209380e-04  5.96710299e-01  1.86209380e-04  3.53537592e-07  1.86209380e-04  4.51226185e-07  1.86209380e-04 -5.84377921e-08  1.86209380e-04  1.20000000e+00  1.86209380e-04  0.00000000e+00 
 1.86309380e-04  1.62223113e-01  1.86309380e-04  5.96655839e-01  1.86309380e-04  3.94147656e-07  1.86309380e-04 -2.90064894e-07  1.86309380e-04  5.84750387e-08  1.86309380e-04  1.20000000e+00  1.86309380e-04  0.00000000e+00 
 1.86409380e-04  1.62954958e-01  1.86409380e-04  5.96710146e-01  1.86409380e-04  3.53536839e-07  1.86409380e-04  4.51254433e-07  1.86409380e-04 -5.84388408e-08  1.86409380e-04  1.20000000e+00  1.86409380e-04  0.00000000e+00 
 1.86509380e-04  1.63687306e-01  1.86509380e-04  5.96656370e-01  1.86509380e-04  3.94148400e-07  1.86509380e-04 -2.90016355e-07  1.86509380e-04  5.84762424e-08  1.86509380e-04  1.20000000e+00  1.86509380e-04  0.00000000e+00 
 1.86609380e-04  1.64419500e-01  1.86609380e-04  5.96709239e-01  1.86609380e-04  3.53536110e-07  1.86609380e-04  4.51278851e-07  1.86609380e-04 -5.84400202e-08  1.86609380e-04  1.20000000e+00  1.86609380e-04  0.00000000e+00 
 1.86709380e-04  1.65152166e-01  1.86709380e-04  5.96657489e-01  1.86709380e-04  3.94149111e-07  1.86709380e-04 -2.89967008e-07  1.86709380e-04  5.84775287e-08  1.86709380e-04  1.20000000e+00  1.86709380e-04  0.00000000e+00 
 1.86809380e-04  1.65884702e-01  1.86809380e-04  5.96707890e-01  1.86809380e-04  3.53535417e-07  1.86809380e-04  4.51301431e-07  1.86809380e-04 -5.84412430e-08  1.86809380e-04  1.20000000e+00  1.86809380e-04  0.00000000e+00 
 1.86909380e-04  1.66617676e-01  1.86909380e-04  5.96658930e-01  1.86909380e-04  3.94149780e-07  1.86909380e-04 -2.89918385e-07  1.86909380e-04  5.84788267e-08  1.86909380e-04  1.20000000e+00  1.86909380e-04  0.00000000e+00 
 1.87009380e-04  1.67350548e-01  1.87009380e-04  5.96706321e-01  1.87009380e-04  3.53534772e-07  1.87009380e-04  4.51323381e-07  1.87009380e-04 -5.84424519e-08  1.87009380e-04  1.20000000e+00  1.87009380e-04  0.00000000e+00 
 1.87109380e-04  1.68083820e-01  1.87109380e-04  5.96660510e-01  1.87109380e-04  3.94150402e-07  1.87109380e-04 -2.89871372e-07  1.87109380e-04  5.84800906e-08  1.87109380e-04  1.20000000e+00  1.87109380e-04  0.00000000e+00 
 1.87209380e-04  1.68817019e-01  1.87209380e-04  5.96704681e-01  1.87209380e-04  3.53534176e-07  1.87209380e-04  4.51345379e-07  1.87209380e-04 -5.84436110e-08  1.87209380e-04  1.20000000e+00  1.87209380e-04  0.00000000e+00 
 1.87309380e-04  1.69550583e-01  1.87309380e-04  5.96662107e-01  1.87309380e-04  3.94150974e-07  1.87309380e-04 -2.89826420e-07  1.87309380e-04  5.84812929e-08  1.87309380e-04  1.20000000e+00  1.87309380e-04  0.00000000e+00 
 1.87409380e-04  1.70284099e-01  1.87409380e-04  5.96703067e-01  1.87409380e-04  3.53533627e-07  1.87409380e-04  4.51367752e-07  1.87409380e-04 -5.84446998e-08  1.87409380e-04  1.20000000e+00  1.87409380e-04  0.00000000e+00 
 1.87509380e-04  1.71017948e-01  1.87509380e-04  5.96663646e-01  1.87509380e-04  3.94151494e-07  1.87509380e-04 -2.89783696e-07  1.87509380e-04  5.84824188e-08  1.87509380e-04  1.20000000e+00  1.87509380e-04  0.00000000e+00 
 1.87609380e-04  1.71751772e-01  1.87609380e-04  5.96701539e-01  1.87609380e-04  3.53533129e-07  1.87609380e-04  4.51390604e-07  1.87609380e-04 -5.84457081e-08  1.87609380e-04  1.20000000e+00  1.87609380e-04  0.00000000e+00 
 1.87709380e-04  1.72485899e-01  1.87709380e-04  5.96665082e-01  1.87709380e-04  3.94151970e-07  1.87709380e-04 -2.89743198e-07  1.87709380e-04  5.84834620e-08  1.87709380e-04  1.20000000e+00  1.87709380e-04  0.00000000e+00 
 1.87809380e-04  1.73220021e-01  1.87809380e-04  5.96700127e-01  1.87809380e-04  3.53532679e-07  1.87809380e-04  4.51413911e-07  1.87809380e-04 -5.84466328e-08  1.87809380e-04  1.20000000e+00  1.87809380e-04  0.00000000e+00 
 1.87909380e-04  1.73954421e-01  1.87909380e-04  5.96666393e-01  1.87909380e-04  3.94152404e-07  1.87909380e-04 -2.89704823e-07  1.87909380e-04  5.84844220e-08  1.87909380e-04  1.20000000e+00  1.87909380e-04  0.00000000e+00 
 1.88009380e-04  1.74688832e-01  1.88009380e-04  5.96698846e-01  1.88009380e-04  3.53532266e-07  1.88009380e-04  4.51437572e-07  1.88009380e-04 -5.84474754e-08  1.88009380e-04  1.20000000e+00  1.88009380e-04  0.00000000e+00 
 1.88109380e-04  1.75423498e-01  1.88109380e-04  5.96667573e-01  1.88109380e-04  3.94152793e-07  1.88109380e-04 -2.89668421e-07  1.88109380e-04  5.84853017e-08  1.88109380e-04  1.20000000e+00  1.88109380e-04  0.00000000e+00 
 1.88209380e-04  1.76158189e-01  1.88209380e-04  5.96697698e-01  1.88209380e-04  3.53531893e-07  1.88209380e-04  4.51461462e-07  1.88209380e-04 -5.84482401e-08  1.88209380e-04  1.20000000e+00  1.88209380e-04  0.00000000e+00 
 1.88309380e-04  1.76893115e-01  1.88309380e-04  5.96668623e-01  1.88309380e-04  3.94153150e-07  1.88309380e-04 -2.89633823e-07  1.88309380e-04  5.84861064e-08  1.88309380e-04  1.20000000e+00  1.88309380e-04  0.00000000e+00 
 1.88409380e-04  1.77628077e-01  1.88409380e-04  5.96696678e-01  1.88409380e-04  3.53531555e-07  1.88409380e-04  4.51485448e-07  1.88409380e-04 -5.84489326e-08  1.88409380e-04  1.20000000e+00  1.88409380e-04  0.00000000e+00 
 1.88509380e-04  1.78363257e-01  1.88509380e-04  5.96669550e-01  1.88509380e-04  3.94153472e-07  1.88509380e-04 -2.89600864e-07  1.88509380e-04  5.84868421e-08  1.88509380e-04  1.20000000e+00  1.88509380e-04  0.00000000e+00 
 1.88609380e-04  1.79098482e-01  1.88609380e-04  5.96695777e-01  1.88609380e-04  3.53531245e-07  1.88609380e-04  4.51509401e-07  1.88609380e-04 -5.84495594e-08  1.88609380e-04  1.20000000e+00  1.88609380e-04  0.00000000e+00 
 1.88709380e-04  1.79833910e-01  1.88709380e-04  5.96670363e-01  1.88709380e-04  3.94153766e-07  1.88709380e-04 -2.89569384e-07  1.88709380e-04  5.84875154e-08  1.88709380e-04  1.20000000e+00  1.88709380e-04  0.00000000e+00 
 1.88809380e-04  1.80569389e-01  1.88809380e-04  5.96694984e-01  1.88809380e-04  3.53530963e-07  1.88809380e-04  4.51533209e-07  1.88809380e-04 -5.84501270e-08  1.88809380e-04  1.20000000e+00  1.88809380e-04  0.00000000e+00 
 1.88909380e-04  1.81305060e-01  1.88909380e-04  5.96671075e-01  1.88909380e-04  3.94154034e-07  1.88909380e-04 -2.89539246e-07  1.88909380e-04  5.84881329e-08  1.88909380e-04  1.20000000e+00  1.88909380e-04  0.00000000e+00 
 1.89009380e-04  1.82040786e-01  1.89009380e-04  5.96694288e-01  1.89009380e-04  3.53530709e-07  1.89009380e-04  4.51556778e-07  1.89009380e-04 -5.84506419e-08  1.89009380e-04  1.20000000e+00  1.89009380e-04  0.00000000e+00 
 1.89109380e-04  1.82776693e-01  1.89109380e-04  5.96671697e-01  1.89109380e-04  3.94154277e-07  1.89109380e-04 -2.89510329e-07  1.89109380e-04  5.84887008e-08  1.89109380e-04  1.20000000e+00  1.89109380e-04  0.00000000e+00 
 1.89209380e-04  1.83512657e-01  1.89209380e-04  5.96693678e-01  1.89209380e-04  3.53530473e-07  1.89209380e-04  4.51580030e-07  1.89209380e-04 -5.84511101e-08  1.89209380e-04  1.20000000e+00  1.89209380e-04  0.00000000e+00 
 1.89309380e-04  1.84248794e-01  1.89309380e-04  5.96672239e-01  1.89309380e-04  3.94154505e-07  1.89309380e-04 -2.89482525e-07  1.89309380e-04  5.84892248e-08  1.89309380e-04  1.20000000e+00  1.89309380e-04  0.00000000e+00 
 1.89409380e-04  1.84984991e-01  1.89409380e-04  5.96693143e-01  1.89409380e-04  3.53530256e-07  1.89409380e-04  4.51602904e-07  1.89409380e-04 -5.84515370e-08  1.89409380e-04  1.20000000e+00  1.89409380e-04  0.00000000e+00 
 1.89509380e-04  1.85721352e-01  1.89509380e-04  5.96672712e-01  1.89509380e-04  3.94154712e-07  1.89509380e-04 -2.89455748e-07  1.89509380e-04  5.84897101e-08  1.89509380e-04  1.20000000e+00  1.89509380e-04  0.00000000e+00 
 1.89609380e-04  1.86457774e-01  1.89609380e-04  5.96692673e-01  1.89609380e-04  3.53530061e-07  1.89609380e-04  4.51625357e-07  1.89609380e-04 -5.84519275e-08  1.89609380e-04  1.20000000e+00  1.89609380e-04  0.00000000e+00 
 1.89709380e-04  1.87194353e-01  1.89709380e-04  5.96673124e-01  1.89709380e-04  3.94154904e-07  1.89709380e-04 -2.89429921e-07  1.89709380e-04  5.84901613e-08  1.89709380e-04  1.20000000e+00  1.89709380e-04  0.00000000e+00 
 1.89809380e-04  1.87930993e-01  1.89809380e-04  5.96692261e-01  1.89809380e-04  3.53529876e-07  1.89809380e-04  4.51647351e-07  1.89809380e-04 -5.84522860e-08  1.89809380e-04  1.20000000e+00  1.89809380e-04  0.00000000e+00 
 1.89909380e-04  1.88667785e-01  1.89909380e-04  5.96673483e-01  1.89909380e-04  3.94155081e-07  1.89909380e-04 -2.89404980e-07  1.89909380e-04  5.84905827e-08  1.89909380e-04  1.20000000e+00  1.89909380e-04  0.00000000e+00 
 1.90009380e-04  1.89404637e-01  1.90009380e-04  5.96691898e-01  1.90009380e-04  3.53529704e-07  1.90009380e-04  4.51668865e-07  1.90009380e-04 -5.84526165e-08  1.90009380e-04  1.20000000e+00  1.90009380e-04  0.00000000e+00 
 1.90109380e-04  1.90141635e-01  1.90109380e-04  5.96673797e-01  1.90109380e-04  3.94155244e-07  1.90109380e-04 -2.89380871e-07  1.90109380e-04  5.84909778e-08  1.90109380e-04  1.20000000e+00  1.90109380e-04  0.00000000e+00 
 1.90209380e-04  1.90878693e-01  1.90209380e-04  5.96691579e-01  1.90209380e-04  3.53529544e-07  1.90209380e-04  4.51689885e-07  1.90209380e-04 -5.84529223e-08  1.90209380e-04  1.20000000e+00  1.90209380e-04  0.00000000e+00 
 1.90309380e-04  1.91615892e-01  1.90309380e-04  5.96674071e-01  1.90309380e-04  3.94155399e-07  1.90309380e-04 -2.89357547e-07  1.90309380e-04  5.84913498e-08  1.90309380e-04  1.20000000e+00  1.90309380e-04  0.00000000e+00 
 1.90409380e-04  1.92353150e-01  1.90409380e-04  5.96691298e-01  1.90409380e-04  3.53529394e-07  1.90409380e-04  4.51710402e-07  1.90409380e-04 -5.84532065e-08  1.90409380e-04  1.20000000e+00  1.90409380e-04  0.00000000e+00 
 1.90509380e-04  1.93090545e-01  1.90509380e-04  5.96674311e-01  1.90509380e-04  3.94155543e-07  1.90509380e-04 -2.89334966e-07  1.90509380e-04  5.84917016e-08  1.90509380e-04  1.20000000e+00  1.90509380e-04  0.00000000e+00 
 1.90609380e-04  1.93827996e-01  1.90609380e-04  5.96691049e-01  1.90609380e-04  3.53529254e-07  1.90609380e-04  4.51730411e-07  1.90609380e-04 -5.84534716e-08  1.90609380e-04  1.20000000e+00  1.90609380e-04  0.00000000e+00 
 1.90709380e-04  1.94565581e-01  1.90709380e-04  5.96674521e-01  1.90709380e-04  3.94155678e-07  1.90709380e-04 -2.89313091e-07  1.90709380e-04  5.84920356e-08  1.90709380e-04  1.20000000e+00  1.90709380e-04  0.00000000e+00 
 1.90809380e-04  1.95303221e-01  1.90809380e-04  5.96690829e-01  1.90809380e-04  3.53529123e-07  1.90809380e-04  4.51749915e-07  1.90809380e-04 -5.84537199e-08  1.90809380e-04  1.20000000e+00  1.90809380e-04  0.00000000e+00 
 1.90909380e-04  1.96040991e-01  1.90909380e-04  5.96674705e-01  1.90909380e-04  3.94155807e-07  1.90909380e-04 -2.89291893e-07  1.90909380e-04  5.84923539e-08  1.90909380e-04  1.20000000e+00  1.90909380e-04  0.00000000e+00 
 1.91009380e-04  1.96778814e-01  1.91009380e-04  5.96690634e-01  1.91009380e-04  3.53528997e-07  1.91009380e-04  4.51768918e-07  1.91009380e-04 -5.84539535e-08  1.91009380e-04  1.20000000e+00  1.91009380e-04  0.00000000e+00 
 1.91109380e-04  1.97516763e-01  1.91109380e-04  5.96674866e-01  1.91109380e-04  3.94155929e-07  1.91109380e-04 -2.89271340e-07  1.91109380e-04  5.84926584e-08  1.91109380e-04  1.20000000e+00  1.91109380e-04  0.00000000e+00 
 1.91209380e-04  1.98254763e-01  1.91209380e-04  5.96690461e-01  1.91209380e-04  3.53528880e-07  1.91209380e-04  4.51787425e-07  1.91209380e-04 -5.84541741e-08  1.91209380e-04  1.20000000e+00  1.91209380e-04  0.00000000e+00 
 1.91309380e-04  1.98992887e-01  1.91309380e-04  5.96675007e-01  1.91309380e-04  3.94156045e-07  1.91309380e-04 -2.89251406e-07  1.91309380e-04  5.84929507e-08  1.91309380e-04  1.20000000e+00  1.91309380e-04  0.00000000e+00 
 1.91409380e-04  1.99731061e-01  1.91409380e-04  5.96690307e-01  1.91409380e-04  3.53528764e-07  1.91409380e-04  4.51805444e-07  1.91409380e-04 -5.84543832e-08  1.91409380e-04  1.20000000e+00  1.91409380e-04  0.00000000e+00 
 1.91509380e-04  2.00469354e-01  1.91509380e-04  5.96675132e-01  1.91509380e-04  3.94156154e-07  1.91509380e-04 -2.89232066e-07  1.91509380e-04  5.84932323e-08  1.91509380e-04  1.20000000e+00  1.91509380e-04  0.00000000e+00 
 1.91609380e-04  2.01207695e-01  1.91609380e-04  5.96690170e-01  1.91609380e-04  3.53528658e-07  1.91609380e-04  4.51822986e-07  1.91609380e-04 -5.84545821e-08  1.91609380e-04  1.20000000e+00  1.91609380e-04  0.00000000e+00 
 1.91709380e-04  2.01946154e-01  1.91709380e-04  5.96675241e-01  1.91709380e-04  3.94156260e-07  1.91709380e-04 -2.89213295e-07  1.91709380e-04  5.84935045e-08  1.91709380e-04  1.20000000e+00  1.91709380e-04  0.00000000e+00 
 1.91809380e-04  2.02684658e-01  1.91809380e-04  5.96690048e-01  1.91809380e-04  3.53528553e-07  1.91809380e-04  4.51840060e-07  1.91809380e-04 -5.84547721e-08  1.91809380e-04  1.20000000e+00  1.91809380e-04  0.00000000e+00 
 1.91909380e-04  2.03423278e-01  1.91909380e-04  5.96675336e-01  1.91909380e-04  3.94156363e-07  1.91909380e-04 -2.89195073e-07  1.91909380e-04  5.84937682e-08  1.91909380e-04  1.20000000e+00  1.91909380e-04  0.00000000e+00 
 1.92009380e-04  2.04161940e-01  1.92009380e-04  5.96689939e-01  1.92009380e-04  3.53528454e-07  1.92009380e-04  4.51856677e-07  1.92009380e-04 -5.84549541e-08  1.92009380e-04  1.20000000e+00  1.92009380e-04  0.00000000e+00 
 1.92109380e-04  2.04900716e-01  1.92109380e-04  5.96675420e-01  1.92109380e-04  3.94156459e-07  1.92109380e-04 -2.89177378e-07  1.92109380e-04  5.84940245e-08  1.92109380e-04  1.20000000e+00  1.92109380e-04  0.00000000e+00 
 1.92209380e-04  2.05639532e-01  1.92209380e-04  5.96689842e-01  1.92209380e-04  3.53528358e-07  1.92209380e-04  4.51872849e-07  1.92209380e-04 -5.84551291e-08  1.92209380e-04  1.20000000e+00  1.92209380e-04  0.00000000e+00 
 1.92309380e-04  2.06378459e-01  1.92309380e-04  5.96675494e-01  1.92309380e-04  3.94156554e-07  1.92309380e-04 -2.89160189e-07  1.92309380e-04  5.84942742e-08  1.92309380e-04  1.20000000e+00  1.92309380e-04  0.00000000e+00 
 1.92409380e-04  2.07117425e-01  1.92409380e-04  5.96689754e-01  1.92409380e-04  3.53528265e-07  1.92409380e-04  4.51888587e-07  1.92409380e-04 -5.84552978e-08  1.92409380e-04  1.20000000e+00  1.92409380e-04  0.00000000e+00 
 1.92509380e-04  2.07856500e-01  1.92509380e-04  5.96675559e-01  1.92509380e-04  3.94156645e-07  1.92509380e-04 -2.89143487e-07  1.92509380e-04  5.84945180e-08  1.92509380e-04  1.20000000e+00  1.92509380e-04  0.00000000e+00 
 1.92609380e-04  2.08595611e-01  1.92609380e-04  5.96689676e-01  1.92609380e-04  3.53528172e-07  1.92609380e-04  4.51903903e-07  1.92609380e-04 -5.84554609e-08  1.92609380e-04  1.20000000e+00  1.92609380e-04  0.00000000e+00 
 1.92709380e-04  2.09334830e-01  1.92709380e-04  5.96675616e-01  1.92709380e-04  3.94156734e-07  1.92709380e-04 -2.89127254e-07  1.92709380e-04  5.84947567e-08  1.92709380e-04  1.20000000e+00  1.92709380e-04  0.00000000e+00 
 1.92809380e-04  2.10074083e-01  1.92809380e-04  5.96689606e-01  1.92809380e-04  3.53528086e-07  1.92809380e-04  4.51918810e-07  1.92809380e-04 -5.84556192e-08  1.92809380e-04  1.20000000e+00  1.92809380e-04  0.00000000e+00 
 1.92909380e-04  2.10813441e-01  1.92909380e-04  5.96675667e-01  1.92909380e-04  3.94156820e-07  1.92909380e-04 -2.89111471e-07  1.92909380e-04  5.84949907e-08  1.92909380e-04  1.20000000e+00  1.92909380e-04  0.00000000e+00 
 1.93009380e-04  2.11552831e-01  1.93009380e-04  5.96689542e-01  1.93009380e-04  3.53528000e-07  1.93009380e-04  4.51933319e-07  1.93009380e-04 -5.84557730e-08  1.93009380e-04  1.20000000e+00  1.93009380e-04  0.00000000e+00 
 1.93109380e-04  2.12292326e-01  1.93109380e-04  5.96675711e-01  1.93109380e-04  3.94156906e-07  1.93109380e-04 -2.89096119e-07  1.93109380e-04  5.84952206e-08  1.93109380e-04  1.20000000e+00  1.93109380e-04  0.00000000e+00 
 1.93209380e-04  2.13031850e-01  1.93209380e-04  5.96689485e-01  1.93209380e-04  3.53527917e-07  1.93209380e-04  4.51947443e-07  1.93209380e-04 -5.84559229e-08  1.93209380e-04  1.20000000e+00  1.93209380e-04  0.00000000e+00 
 1.93309380e-04  2.13771477e-01  1.93309380e-04  5.96675750e-01  1.93309380e-04  3.94156988e-07  1.93309380e-04 -2.89081184e-07  1.93309380e-04  5.84954469e-08  1.93309380e-04  1.20000000e+00  1.93309380e-04  0.00000000e+00 
 1.93409380e-04  2.14511132e-01  1.93409380e-04  5.96689433e-01  1.93409380e-04  3.53527835e-07  1.93409380e-04  4.51961195e-07  1.93409380e-04 -5.84560693e-08  1.93409380e-04  1.20000000e+00  1.93409380e-04  0.00000000e+00 
 1.93509380e-04  2.15250888e-01  1.93509380e-04  5.96675784e-01  1.93509380e-04  3.94157068e-07  1.93509380e-04 -2.89066648e-07  1.93509380e-04  5.84956699e-08  1.93509380e-04  1.20000000e+00  1.93509380e-04  0.00000000e+00 
 1.93609380e-04  2.15990669e-01  1.93609380e-04  5.96689386e-01  1.93609380e-04  3.53527754e-07  1.93609380e-04  4.51974586e-07  1.93609380e-04 -5.84562125e-08  1.93609380e-04  1.20000000e+00  1.93609380e-04  0.00000000e+00 
 1.93709380e-04  2.16730550e-01  1.93709380e-04  5.96675815e-01  1.93709380e-04  3.94157148e-07  1.93709380e-04 -2.89052495e-07  1.93709380e-04  5.84958900e-08  1.93709380e-04  1.20000000e+00  1.93709380e-04  0.00000000e+00 
 1.93809380e-04  2.17470455e-01  1.93809380e-04  5.96689343e-01  1.93809380e-04  3.53527675e-07  1.93809380e-04  4.51987629e-07  1.93809380e-04 -5.84563530e-08  1.93809380e-04  1.20000000e+00  1.93809380e-04  0.00000000e+00 
 1.93909380e-04  2.18210459e-01  1.93909380e-04  5.96675842e-01  1.93909380e-04  3.94157227e-07  1.93909380e-04 -2.89038710e-07  1.93909380e-04  5.84961074e-08  1.93909380e-04  1.20000000e+00  1.93909380e-04  0.00000000e+00 
 1.94009380e-04  2.18950484e-01  1.94009380e-04  5.96689304e-01  1.94009380e-04  3.53527598e-07  1.94009380e-04  4.52000335e-07  1.94009380e-04 -5.84564909e-08  1.94009380e-04  1.20000000e+00  1.94009380e-04  0.00000000e+00 
 1.94109380e-04  2.19690607e-01  1.94109380e-04  5.96675866e-01  1.94109380e-04  3.94157303e-07  1.94109380e-04 -2.89025278e-07  1.94109380e-04  5.84963225e-08  1.94109380e-04  1.20000000e+00  1.94109380e-04  0.00000000e+00 
 1.94209380e-04  2.20430749e-01  1.94209380e-04  5.96689269e-01  1.94209380e-04  3.53527522e-07  1.94209380e-04  4.52012715e-07  1.94209380e-04 -5.84566265e-08  1.94209380e-04  1.20000000e+00  1.94209380e-04  0.00000000e+00 
 1.94309380e-04  2.21170988e-01  1.94309380e-04  5.96675887e-01  1.94309380e-04  3.94157377e-07  1.94309380e-04 -2.89012185e-07  1.94309380e-04  5.84965354e-08  1.94309380e-04  1.20000000e+00  1.94309380e-04  0.00000000e+00 
 1.94409380e-04  2.21911244e-01  1.94409380e-04  5.96689236e-01  1.94409380e-04  3.53527446e-07  1.94409380e-04  4.52024782e-07  1.94409380e-04 -5.84567601e-08  1.94409380e-04  1.20000000e+00  1.94409380e-04  0.00000000e+00 
 1.94509380e-04  2.22651596e-01  1.94509380e-04  5.96675907e-01  1.94509380e-04  3.94157454e-07  1.94509380e-04 -2.88999415e-07  1.94509380e-04  5.84967464e-08  1.94509380e-04  1.20000000e+00  1.94509380e-04  0.00000000e+00 
 1.94609380e-04  2.23391964e-01  1.94609380e-04  5.96689206e-01  1.94609380e-04  3.53527371e-07  1.94609380e-04  4.52036548e-07  1.94609380e-04 -5.84568918e-08  1.94609380e-04  1.20000000e+00  1.94609380e-04  0.00000000e+00 
 1.94709380e-04  2.24132427e-01  1.94709380e-04  5.96675923e-01  1.94709380e-04  3.94157528e-07  1.94709380e-04 -2.88986957e-07  1.94709380e-04  5.84969557e-08  1.94709380e-04  1.20000000e+00  1.94709380e-04  0.00000000e+00 
 1.94809380e-04  2.24872903e-01  1.94809380e-04  5.96689178e-01  1.94809380e-04  3.53527297e-07  1.94809380e-04  4.52048022e-07  1.94809380e-04 -5.84570218e-08  1.94809380e-04  1.20000000e+00  1.94809380e-04  0.00000000e+00 
 1.94909380e-04  2.25613474e-01  1.94909380e-04  5.96675939e-01  1.94909380e-04  3.94157601e-07  1.94909380e-04 -2.88974796e-07  1.94909380e-04  5.84971634e-08  1.94909380e-04  1.20000000e+00  1.94909380e-04  0.00000000e+00 
 1.95009380e-04  2.26354056e-01  1.95009380e-04  5.96689152e-01  1.95009380e-04  3.53527226e-07  1.95009380e-04  4.52059218e-07  1.95009380e-04 -5.84571503e-08  1.95009380e-04  1.20000000e+00  1.95009380e-04  0.00000000e+00 
 1.95109380e-04  2.27094732e-01  1.95109380e-04  5.96675953e-01  1.95109380e-04  3.94157674e-07  1.95109380e-04 -2.88962921e-07  1.95109380e-04  5.84973697e-08  1.95109380e-04  1.20000000e+00  1.95109380e-04  0.00000000e+00 
 1.95209380e-04  2.27835417e-01  1.95209380e-04  5.96689128e-01  1.95209380e-04  3.53527155e-07  1.95209380e-04  4.52070145e-07  1.95209380e-04 -5.84572773e-08  1.95209380e-04  1.20000000e+00  1.95209380e-04  0.00000000e+00 
 1.95309380e-04  2.28576196e-01  1.95309380e-04  5.96675966e-01  1.95309380e-04  3.94157745e-07  1.95309380e-04 -2.88951318e-07  1.95309380e-04  5.84975746e-08  1.95309380e-04  1.20000000e+00  1.95309380e-04  0.00000000e+00 
 1.95409380e-04  2.29316983e-01  1.95409380e-04  5.96689106e-01  1.95409380e-04  3.53527081e-07  1.95409380e-04  4.52080813e-07  1.95409380e-04 -5.84574031e-08  1.95409380e-04  1.20000000e+00  1.95409380e-04  0.00000000e+00 
 1.95509380e-04  2.30057861e-01  1.95509380e-04  5.96675977e-01  1.95509380e-04  3.94157815e-07  1.95509380e-04 -2.88939977e-07  1.95509380e-04  5.84977783e-08  1.95509380e-04  1.20000000e+00  1.95509380e-04  0.00000000e+00 
 1.95609380e-04  2.30798747e-01  1.95609380e-04  5.96689085e-01  1.95609380e-04  3.53527010e-07  1.95609380e-04  4.52091233e-07  1.95609380e-04 -5.84575276e-08  1.95609380e-04  1.20000000e+00  1.95609380e-04  0.00000000e+00 
 1.95709380e-04  2.31539724e-01  1.95709380e-04  5.96675988e-01  1.95709380e-04  3.94157886e-07  1.95709380e-04 -2.88928885e-07  1.95709380e-04  5.84979809e-08  1.95709380e-04  1.20000000e+00  1.95709380e-04  0.00000000e+00 
 1.95809380e-04  2.32280706e-01  1.95809380e-04  5.96689065e-01  1.95809380e-04  3.53526939e-07  1.95809380e-04  4.52101416e-07  1.95809380e-04 -5.84576511e-08  1.95809380e-04  1.20000000e+00  1.95809380e-04  0.00000000e+00 
 1.95909380e-04  2.33021779e-01  1.95909380e-04  5.96675998e-01  1.95909380e-04  3.94157955e-07  1.95909380e-04 -2.88918031e-07  1.95909380e-04  5.84981824e-08  1.95909380e-04  1.20000000e+00  1.95909380e-04  0.00000000e+00 
 1.96009380e-04  2.33762855e-01  1.96009380e-04  5.96689046e-01  1.96009380e-04  3.53526870e-07  1.96009380e-04  4.52111372e-07  1.96009380e-04 -5.84577735e-08  1.96009380e-04  1.20000000e+00  1.96009380e-04  0.00000000e+00 
 1.96109380e-04  2.34504022e-01  1.96109380e-04  5.96676007e-01  1.96109380e-04  3.94158025e-07  1.96109380e-04 -2.88907405e-07  1.96109380e-04  5.84983830e-08  1.96109380e-04  1.20000000e+00  1.96109380e-04  0.00000000e+00 
 1.96209380e-04  2.35245191e-01  1.96209380e-04  5.96689029e-01  1.96209380e-04  3.53526801e-07  1.96209380e-04  4.52121110e-07  1.96209380e-04 -5.84578949e-08  1.96209380e-04  1.20000000e+00  1.96209380e-04  0.00000000e+00 
 1.96309380e-04  2.35986449e-01  1.96309380e-04  5.96676017e-01  1.96309380e-04  3.94158096e-07  1.96309380e-04 -2.88896997e-07  1.96309380e-04  5.84985827e-08  1.96309380e-04  1.20000000e+00  1.96309380e-04  0.00000000e+00 
 1.96409380e-04  2.36727709e-01  1.96409380e-04  5.96689012e-01  1.96409380e-04  3.53526731e-07  1.96409380e-04  4.52130638e-07  1.96409380e-04 -5.84580154e-08  1.96409380e-04  1.20000000e+00  1.96409380e-04  0.00000000e+00 
 1.96509380e-04  2.37469057e-01  1.96509380e-04  5.96676025e-01  1.96509380e-04  3.94158163e-07  1.96509380e-04 -2.88886797e-07  1.96509380e-04  5.84987814e-08  1.96509380e-04  1.20000000e+00  1.96509380e-04  0.00000000e+00 
 1.96609380e-04  2.38210405e-01  1.96609380e-04  5.96688995e-01  1.96609380e-04  3.53526662e-07  1.96609380e-04  4.52139967e-07  1.96609380e-04 -5.84581351e-08  1.96609380e-04  1.20000000e+00  1.96609380e-04  0.00000000e+00 
 1.96709380e-04  2.38951841e-01  1.96709380e-04  5.96676033e-01  1.96709380e-04  3.94158230e-07  1.96709380e-04 -2.88876794e-07  1.96709380e-04  5.84989794e-08  1.96709380e-04  1.20000000e+00  1.96709380e-04  0.00000000e+00 
 1.96809380e-04  2.39693276e-01  1.96809380e-04  5.96688980e-01  1.96809380e-04  3.53526594e-07  1.96809380e-04  4.52149105e-07  1.96809380e-04 -5.84582539e-08  1.96809380e-04  1.20000000e+00  1.96809380e-04  0.00000000e+00 
 1.96909380e-04  2.40434798e-01  1.96909380e-04  5.96676041e-01  1.96909380e-04  3.94158298e-07  1.96909380e-04 -2.88866981e-07  1.96909380e-04  5.84991766e-08  1.96909380e-04  1.20000000e+00  1.96909380e-04  0.00000000e+00 
 1.97009380e-04  2.41176319e-01  1.97009380e-04  5.96688965e-01  1.97009380e-04  3.53526526e-07  1.97009380e-04  4.52158062e-07  1.97009380e-04 -5.84583720e-08  1.97009380e-04  1.20000000e+00  1.97009380e-04  0.00000000e+00 
 1.97109380e-04  2.41917926e-01  1.97109380e-04  5.96676048e-01  1.97109380e-04  3.94158368e-07  1.97109380e-04 -2.88857346e-07  1.97109380e-04  5.84993731e-08  1.97109380e-04  1.20000000e+00  1.97109380e-04  0.00000000e+00 
 1.97209380e-04  2.42659530e-01  1.97209380e-04  5.96688951e-01  1.97209380e-04  3.53526459e-07  1.97209380e-04  4.52166844e-07  1.97209380e-04 -5.84584893e-08  1.97209380e-04  1.20000000e+00  1.97209380e-04  0.00000000e+00 
 1.97309380e-04  2.43401220e-01  1.97309380e-04  5.96676055e-01  1.97309380e-04  3.94158434e-07  1.97309380e-04 -2.88847884e-07  1.97309380e-04  5.84995688e-08  1.97309380e-04  1.20000000e+00  1.97309380e-04  0.00000000e+00 
 1.97409380e-04  2.44142906e-01  1.97409380e-04  5.96688936e-01  1.97409380e-04  3.53526391e-07  1.97409380e-04  4.52175460e-07  1.97409380e-04 -5.84586059e-08  1.97409380e-04  1.20000000e+00  1.97409380e-04  0.00000000e+00 
 1.97509380e-04  2.44884677e-01  1.97509380e-04  5.96676062e-01  1.97509380e-04  3.94158501e-07  1.97509380e-04 -2.88838585e-07  1.97509380e-04  5.84997638e-08  1.97509380e-04  1.20000000e+00  1.97509380e-04  0.00000000e+00 
 1.97609380e-04  2.45626444e-01  1.97609380e-04  5.96688923e-01  1.97609380e-04  3.53526325e-07  1.97609380e-04  4.52183918e-07  1.97609380e-04 -5.84587218e-08  1.97609380e-04  1.20000000e+00  1.97609380e-04  0.00000000e+00 
 1.97709380e-04  2.46368296e-01  1.97709380e-04  5.96676069e-01  1.97709380e-04  3.94158568e-07  1.97709380e-04 -2.88829440e-07  1.97709380e-04  5.84999582e-08  1.97709380e-04  1.20000000e+00  1.97709380e-04  0.00000000e+00 
 1.97809380e-04  2.47110142e-01  1.97809380e-04  5.96688910e-01  1.97809380e-04  3.53526258e-07  1.97809380e-04  4.52192226e-07  1.97809380e-04 -5.84588370e-08  1.97809380e-04  1.20000000e+00  1.97809380e-04  0.00000000e+00 
 1.97909380e-04  2.47852072e-01  1.97909380e-04  5.96676076e-01  1.97909380e-04  3.94158635e-07  1.97909380e-04 -2.88820443e-07  1.97909380e-04  5.85001520e-08  1.97909380e-04  1.20000000e+00  1.97909380e-04  0.00000000e+00 
 1.98009380e-04  2.48593996e-01  1.98009380e-04  5.96688897e-01  1.98009380e-04  3.53526191e-07  1.98009380e-04  4.52200390e-07  1.98009380e-04 -5.84589516e-08  1.98009380e-04  1.20000000e+00  1.98009380e-04  0.00000000e+00 
 1.98109380e-04  2.49336003e-01  1.98109380e-04  5.96676083e-01  1.98109380e-04  3.94158700e-07  1.98109380e-04 -2.88811588e-07  1.98109380e-04  5.85003451e-08  1.98109380e-04  1.20000000e+00  1.98109380e-04  0.00000000e+00 
 1.98209380e-04  2.50078004e-01  1.98209380e-04  5.96688885e-01  1.98209380e-04  3.53526124e-07  1.98209380e-04  4.52208417e-07  1.98209380e-04 -5.84590655e-08  1.98209380e-04  1.20000000e+00  1.98209380e-04  0.00000000e+00 
 1.98309380e-04  2.50820088e-01  1.98309380e-04  5.96676090e-01  1.98309380e-04  3.94158767e-07  1.98309380e-04 -2.88802864e-07  1.98309380e-04  5.85005376e-08  1.98309380e-04  1.20000000e+00  1.98309380e-04  0.00000000e+00 
 1.98409380e-04  2.51562163e-01  1.98409380e-04  5.96688872e-01  1.98409380e-04  3.53526059e-07  1.98409380e-04  4.52216316e-07  1.98409380e-04 -5.84591788e-08  1.98409380e-04  1.20000000e+00  1.98409380e-04  0.00000000e+00 
 1.98509380e-04  2.52304322e-01  1.98509380e-04  5.96676097e-01  1.98509380e-04  3.94158831e-07  1.98509380e-04 -2.88794267e-07  1.98509380e-04  5.85007295e-08  1.98509380e-04  1.20000000e+00  1.98509380e-04  0.00000000e+00 
 1.98609380e-04  2.53046472e-01  1.98609380e-04  5.96688861e-01  1.98609380e-04  3.53525993e-07  1.98609380e-04  4.52224091e-07  1.98609380e-04 -5.84592915e-08  1.98609380e-04  1.20000000e+00  1.98609380e-04  0.00000000e+00 
 1.98709380e-04  2.53788705e-01  1.98709380e-04  5.96676104e-01  1.98709380e-04  3.94158898e-07  1.98709380e-04 -2.88785791e-07  1.98709380e-04  5.85009208e-08  1.98709380e-04  1.20000000e+00  1.98709380e-04  0.00000000e+00 
 1.98809380e-04  2.54530928e-01  1.98809380e-04  5.96688849e-01  1.98809380e-04  3.53525927e-07  1.98809380e-04  4.52231748e-07  1.98809380e-04 -5.84594036e-08  1.98809380e-04  1.20000000e+00  1.98809380e-04  0.00000000e+00 
 1.98909380e-04  2.55273234e-01  1.98909380e-04  5.96676111e-01  1.98909380e-04  3.94158964e-07  1.98909380e-04 -2.88777429e-07  1.98909380e-04  5.85011115e-08  1.98909380e-04  1.20000000e+00  1.98909380e-04  0.00000000e+00 
 1.99009380e-04  2.56015529e-01  1.99009380e-04  5.96688838e-01  1.99009380e-04  3.53525863e-07  1.99009380e-04  4.52239295e-07  1.99009380e-04 -5.84595152e-08  1.99009380e-04  1.20000000e+00  1.99009380e-04  0.00000000e+00 
 1.99109380e-04  2.56757907e-01  1.99109380e-04  5.96676118e-01  1.99109380e-04  3.94159028e-07  1.99109380e-04 -2.88769174e-07  1.99109380e-04  5.85013016e-08  1.99109380e-04  1.20000000e+00  1.99109380e-04  0.00000000e+00 
 1.99209380e-04  2.57500273e-01  1.99209380e-04  5.96688826e-01  1.99209380e-04  3.53525799e-07  1.99209380e-04  4.52246737e-07  1.99209380e-04 -5.84596261e-08  1.99209380e-04  1.20000000e+00  1.99209380e-04  0.00000000e+00 
 1.99309380e-04  2.58242722e-01  1.99309380e-04  5.96676125e-01  1.99309380e-04  3.94159095e-07  1.99309380e-04 -2.88761021e-07  1.99309380e-04  5.85014912e-08  1.99309380e-04  1.20000000e+00  1.99309380e-04  0.00000000e+00 
 1.99409380e-04  2.58985158e-01  1.99409380e-04  5.96688815e-01  1.99409380e-04  3.53525732e-07  1.99409380e-04  4.52254078e-07  1.99409380e-04 -5.84597364e-08  1.99409380e-04  1.20000000e+00  1.99409380e-04  0.00000000e+00 
 1.99509380e-04  2.59727676e-01  1.99509380e-04  5.96676132e-01  1.99509380e-04  3.94159157e-07  1.99509380e-04 -2.88752967e-07  1.99509380e-04  5.85016802e-08  1.99509380e-04  1.20000000e+00  1.99509380e-04  0.00000000e+00 
 1.99609380e-04  2.60470182e-01  1.99609380e-04  5.96688804e-01  1.99609380e-04  3.53525669e-07  1.99609380e-04  4.52261325e-07  1.99609380e-04 -5.84598462e-08  1.99609380e-04  1.20000000e+00  1.99609380e-04  0.00000000e+00 
 1.99709380e-04  2.61212770e-01  1.99709380e-04  5.96676139e-01  1.99709380e-04  3.94159222e-07  1.99709380e-04 -2.88745003e-07  1.99709380e-04  5.85018687e-08  1.99709380e-04  1.20000000e+00  1.99709380e-04  0.00000000e+00 
 1.99809380e-04  2.61955344e-01  1.99809380e-04  5.96688793e-01  1.99809380e-04  3.53525603e-07  1.99809380e-04  4.52268482e-07  1.99809380e-04 -5.84599555e-08  1.99809380e-04  1.20000000e+00  1.99809380e-04  0.00000000e+00 
 1.99909380e-04  2.62698000e-01  1.99909380e-04  5.96676146e-01  1.99909380e-04  3.94159286e-07  1.99909380e-04 -2.88737127e-07  1.99909380e-04  5.85020566e-08  1.99909380e-04  1.20000000e+00  1.99909380e-04  0.00000000e+00 
 2.00009380e-04  2.63440642e-01  2.00009380e-04  5.96688782e-01  2.00009380e-04  3.53525540e-07  2.00009380e-04  4.52275555e-07  2.00009380e-04 -5.84600641e-08  2.00009380e-04  1.20000000e+00  2.00009380e-04  0.00000000e+00 
 2.00109380e-04  2.64183365e-01  2.00109380e-04  5.96676153e-01  2.00109380e-04  3.94159351e-07  2.00109380e-04 -2.88729332e-07  2.00109380e-04  5.85022439e-08  2.00109380e-04  1.20000000e+00  2.00109380e-04  0.00000000e+00 
 2.00209380e-04  2.64926074e-01  2.00209380e-04  5.96688772e-01  2.00209380e-04  3.53525474e-07  2.00209380e-04  4.52282547e-07  2.00209380e-04 -5.84601722e-08  2.00209380e-04  1.20000000e+00  2.00209380e-04  0.00000000e+00 
 2.00309380e-04  2.65668865e-01  2.00309380e-04  5.96676161e-01  2.00309380e-04  3.94159414e-07  2.00309380e-04 -2.88721616e-07  2.00309380e-04  5.85024307e-08  2.00309380e-04  1.20000000e+00  2.00309380e-04  0.00000000e+00 
 2.00409380e-04  2.66411640e-01  2.00409380e-04  5.96688762e-01  2.00409380e-04  3.53525412e-07  2.00409380e-04  4.52289464e-07  2.00409380e-04 -5.84602798e-08  2.00409380e-04  1.20000000e+00  2.00409380e-04  0.00000000e+00 
 2.00509380e-04  2.67154496e-01  2.00509380e-04  5.96676168e-01  2.00509380e-04  3.94159478e-07  2.00509380e-04 -2.88713972e-07  2.00509380e-04  5.85026170e-08  2.00509380e-04  1.20000000e+00  2.00509380e-04  0.00000000e+00 
 2.00609380e-04  2.67897337e-01  2.00609380e-04  5.96688751e-01  2.00609380e-04  3.53525347e-07  2.00609380e-04  4.52296309e-07  2.00609380e-04 -5.84603868e-08  2.00609380e-04  1.20000000e+00  2.00609380e-04  0.00000000e+00 
 2.00709380e-04  2.68640259e-01  2.00709380e-04  5.96676175e-01  2.00709380e-04  3.94159542e-07  2.00709380e-04 -2.88706398e-07  2.00709380e-04  5.85028027e-08  2.00709380e-04  1.20000000e+00  2.00709380e-04  0.00000000e+00 
 2.00809380e-04  2.69383164e-01  2.00809380e-04  5.96688741e-01  2.00809380e-04  3.53525284e-07  2.00809380e-04  4.52303087e-07  2.00809380e-04 -5.84604933e-08  2.00809380e-04  1.20000000e+00  2.00809380e-04  0.00000000e+00 
 2.00909380e-04  2.70126151e-01  2.00909380e-04  5.96676182e-01  2.00909380e-04  3.94159603e-07  2.00909380e-04 -2.88698890e-07  2.00909380e-04  5.85029879e-08  2.00909380e-04  1.20000000e+00  2.00909380e-04  0.00000000e+00 
 2.01009380e-04  2.70869121e-01  2.01009380e-04  5.96688731e-01  2.01009380e-04  3.53525218e-07  2.01009380e-04  4.52309800e-07  2.01009380e-04 -5.84605992e-08  2.01009380e-04  1.20000000e+00  2.01009380e-04  0.00000000e+00 
 2.01109380e-04  2.71612172e-01  2.01109380e-04  5.96676190e-01  2.01109380e-04  3.94159667e-07  2.01109380e-04 -2.88691443e-07  2.01109380e-04  5.85031725e-08  2.01109380e-04  1.20000000e+00  2.01109380e-04  0.00000000e+00 
 2.01209380e-04  2.72355206e-01  2.01209380e-04  5.96688721e-01  2.01209380e-04  3.53525158e-07  2.01209380e-04  4.52316454e-07  2.01209380e-04 -5.84607046e-08  2.01209380e-04  1.20000000e+00  2.01209380e-04  0.00000000e+00 
 2.01309380e-04  2.73098320e-01  2.01309380e-04  5.96676197e-01  2.01309380e-04  3.94159731e-07  2.01309380e-04 -2.88684054e-07  2.01309380e-04  5.85033566e-08  2.01309380e-04  1.20000000e+00  2.01309380e-04  0.00000000e+00 
 2.01409380e-04  2.73841417e-01  2.01409380e-04  5.96688711e-01  2.01409380e-04  3.53525094e-07  2.01409380e-04  4.52323051e-07  2.01409380e-04 -5.84608095e-08  2.01409380e-04  1.20000000e+00  2.01409380e-04  0.00000000e+00 
 2.01509380e-04  2.74584595e-01  2.01509380e-04  5.96676205e-01  2.01509380e-04  3.94159794e-07  2.01509380e-04 -2.88676720e-07  2.01509380e-04  5.85035402e-08  2.01509380e-04  1.20000000e+00  2.01509380e-04  0.00000000e+00 
 2.01609380e-04  2.75327755e-01  2.01609380e-04  5.96688701e-01  2.01609380e-04  3.53525031e-07  2.01609380e-04  4.52329594e-07  2.01609380e-04 -5.84609138e-08  2.01609380e-04  1.20000000e+00  2.01609380e-04  0.00000000e+00 
 2.01709380e-04  2.76070996e-01  2.01709380e-04  5.96676212e-01  2.01709380e-04  3.94159855e-07  2.01709380e-04 -2.88669438e-07  2.01709380e-04  5.85037232e-08  2.01709380e-04  1.20000000e+00  2.01709380e-04  0.00000000e+00 
 2.01809380e-04  2.76814218e-01  2.01809380e-04  5.96688691e-01  2.01809380e-04  3.53524968e-07  2.01809380e-04  4.52336087e-07  2.01809380e-04 -5.84610176e-08  2.01809380e-04  1.20000000e+00  2.01809380e-04  0.00000000e+00 
 2.01909380e-04  2.77557521e-01  2.01909380e-04  5.96676220e-01  2.01909380e-04  3.94159920e-07  2.01909380e-04 -2.88662205e-07  2.01909380e-04  5.85039057e-08  2.01909380e-04  1.20000000e+00  2.01909380e-04  0.00000000e+00 
 2.02009380e-04  2.78300805e-01  2.02009380e-04  5.96688682e-01  2.02009380e-04  3.53524907e-07  2.02009380e-04  4.52342534e-07  2.02009380e-04 -5.84611208e-08  2.02009380e-04  1.20000000e+00  2.02009380e-04  0.00000000e+00 
 2.02109380e-04  2.79044169e-01  2.02109380e-04  5.96676228e-01  2.02109380e-04  3.94159981e-07  2.02109380e-04 -2.88655018e-07  2.02109380e-04  5.85040877e-08  2.02109380e-04  1.20000000e+00  2.02109380e-04  0.00000000e+00 
 2.02209380e-04  2.79787515e-01  2.02209380e-04  5.96688672e-01  2.02209380e-04  3.53524845e-07  2.02209380e-04  4.52348935e-07  2.02209380e-04 -5.84612235e-08  2.02209380e-04  1.20000000e+00  2.02209380e-04  0.00000000e+00 
 2.02309380e-04  2.80530941e-01  2.02309380e-04  5.96676236e-01  2.02309380e-04  3.94160043e-07  2.02309380e-04 -2.88647874e-07  2.02309380e-04  5.85042691e-08  2.02309380e-04  1.20000000e+00  2.02309380e-04  0.00000000e+00 
 2.02409380e-04  2.81274347e-01  2.02409380e-04  5.96688662e-01  2.02409380e-04  3.53524781e-07  2.02409380e-04  4.52355293e-07  2.02409380e-04 -5.84613257e-08  2.02409380e-04  1.20000000e+00  2.02409380e-04  0.00000000e+00 
 2.02509380e-04  2.82017834e-01  2.02509380e-04  5.96676243e-01  2.02509380e-04  3.94160106e-07  2.02509380e-04 -2.88640770e-07  2.02509380e-04  5.85044500e-08  2.02509380e-04  1.20000000e+00  2.02509380e-04  0.00000000e+00 
 2.02609380e-04  2.82761301e-01  2.02609380e-04  5.96688652e-01  2.02609380e-04  3.53524720e-07  2.02609380e-04  4.52361613e-07  2.02609380e-04 -5.84614274e-08  2.02609380e-04  1.20000000e+00  2.02609380e-04  0.00000000e+00 
 2.02709380e-04  2.83504849e-01  2.02709380e-04  5.96676251e-01  2.02709380e-04  3.94160167e-07  2.02709380e-04 -2.88633705e-07  2.02709380e-04  5.85046304e-08  2.02709380e-04  1.20000000e+00  2.02709380e-04  0.00000000e+00 
 2.02809380e-04  2.84248376e-01  2.02809380e-04  5.96688643e-01  2.02809380e-04  3.53524658e-07  2.02809380e-04  4.52367896e-07  2.02809380e-04 -5.84615286e-08  2.02809380e-04  1.20000000e+00  2.02809380e-04  0.00000000e+00 
 2.02909380e-04  2.84991984e-01  2.02909380e-04  5.96676259e-01  2.02909380e-04  3.94160229e-07  2.02909380e-04 -2.88626677e-07  2.02909380e-04  5.85048102e-08  2.02909380e-04  1.20000000e+00  2.02909380e-04  0.00000000e+00 
 2.03009380e-04  2.85735571e-01  2.03009380e-04  5.96688634e-01  2.03009380e-04  3.53524597e-07  2.03009380e-04  4.52374143e-07  2.03009380e-04 -5.84616292e-08  2.03009380e-04  1.20000000e+00  2.03009380e-04  0.00000000e+00 
 2.03109380e-04  2.86479239e-01  2.03109380e-04  5.96676267e-01  2.03109380e-04  3.94160292e-07  2.03109380e-04 -2.88619682e-07  2.03109380e-04  5.85049896e-08  2.03109380e-04  1.20000000e+00  2.03109380e-04  0.00000000e+00 
 2.03209380e-04  2.87222886e-01  2.03209380e-04  5.96688624e-01  2.03209380e-04  3.53524536e-07  2.03209380e-04  4.52380358e-07  2.03209380e-04 -5.84617293e-08  2.03209380e-04  1.20000000e+00  2.03209380e-04  0.00000000e+00 
 2.03309380e-04  2.87966614e-01  2.03309380e-04  5.96676274e-01  2.03309380e-04  3.94160351e-07  2.03309380e-04 -2.88612719e-07  2.03309380e-04  5.85051684e-08  2.03309380e-04  1.20000000e+00  2.03309380e-04  0.00000000e+00 
 2.03409380e-04  2.88710320e-01  2.03409380e-04  5.96688615e-01  2.03409380e-04  3.53524474e-07  2.03409380e-04  4.52386542e-07  2.03409380e-04 -5.84618289e-08  2.03409380e-04  1.20000000e+00  2.03409380e-04  0.00000000e+00 
 2.03509380e-04  2.89454107e-01  2.03509380e-04  5.96676282e-01  2.03509380e-04  3.94160413e-07  2.03509380e-04 -2.88605785e-07  2.03509380e-04  5.85053466e-08  2.03509380e-04  1.20000000e+00  2.03509380e-04  0.00000000e+00 
 2.03609380e-04  2.90197872e-01  2.03609380e-04  5.96688606e-01  2.03609380e-04  3.53524414e-07  2.03609380e-04  4.52392698e-07  2.03609380e-04 -5.84619280e-08  2.03609380e-04  1.20000000e+00  2.03609380e-04  0.00000000e+00 
 2.03709380e-04  2.90941719e-01  2.03709380e-04  5.96676290e-01  2.03709380e-04  3.94160475e-07  2.03709380e-04 -2.88598880e-07  2.03709380e-04  5.85055244e-08  2.03709380e-04  1.20000000e+00  2.03709380e-04  0.00000000e+00 
 2.03809380e-04  2.91685543e-01  2.03809380e-04  5.96688597e-01  2.03809380e-04  3.53524352e-07  2.03809380e-04  4.52398826e-07  2.03809380e-04 -5.84620266e-08  2.03809380e-04  1.20000000e+00  2.03809380e-04  0.00000000e+00 
 2.03909380e-04  2.92429448e-01  2.03909380e-04  5.96676298e-01  2.03909380e-04  3.94160534e-07  2.03909380e-04 -2.88592001e-07  2.03909380e-04  5.85057016e-08  2.03909380e-04  1.20000000e+00  2.03909380e-04  0.00000000e+00 
 2.04009380e-04  2.93173331e-01  2.04009380e-04  5.96688588e-01  2.04009380e-04  3.53524291e-07  2.04009380e-04  4.52404929e-07  2.04009380e-04 -5.84621246e-08  2.04009380e-04  1.20000000e+00  2.04009380e-04  0.00000000e+00 
 2.04109380e-04  2.93917295e-01  2.04109380e-04  5.96676306e-01  2.04109380e-04  3.94160595e-07  2.04109380e-04 -2.88585148e-07  2.04109380e-04  5.85058783e-08  2.04109380e-04  1.20000000e+00  2.04109380e-04  0.00000000e+00 
 2.04209380e-04  2.94661236e-01  2.04209380e-04  5.96688579e-01  2.04209380e-04  3.53524230e-07  2.04209380e-04  4.52411007e-07  2.04209380e-04 -5.84622221e-08  2.04209380e-04  1.20000000e+00  2.04209380e-04  0.00000000e+00 
 2.04309380e-04  2.95405258e-01  2.04309380e-04  5.96676314e-01  2.04309380e-04  3.94160657e-07  2.04309380e-04 -2.88578317e-07  2.04309380e-04  5.85060545e-08  2.04309380e-04  1.20000000e+00  2.04309380e-04  0.00000000e+00 
 2.04409380e-04  2.96149257e-01  2.04409380e-04  5.96688570e-01  2.04409380e-04  3.53524170e-07  2.04409380e-04  4.52417064e-07  2.04409380e-04 -5.84623192e-08  2.04409380e-04  1.20000000e+00  2.04409380e-04  0.00000000e+00 
 2.04509380e-04  2.96893338e-01  2.04509380e-04  5.96676322e-01  2.04509380e-04  3.94160716e-07  2.04509380e-04 -2.88571509e-07  2.04509380e-04  5.85062301e-08  2.04509380e-04  1.20000000e+00  2.04509380e-04  0.00000000e+00 
 2.04609380e-04  2.97637394e-01  2.04609380e-04  5.96688561e-01  2.04609380e-04  3.53524110e-07  2.04609380e-04  4.52423099e-07  2.04609380e-04 -5.84624157e-08  2.04609380e-04  1.20000000e+00  2.04609380e-04  0.00000000e+00 
 2.04709380e-04  2.98381533e-01  2.04709380e-04  5.96676330e-01  2.04709380e-04  3.94160777e-07  2.04709380e-04 -2.88564721e-07  2.04709380e-04  5.85064053e-08  2.04709380e-04  1.20000000e+00  2.04709380e-04  0.00000000e+00 
 2.04809380e-04  2.99125648e-01  2.04809380e-04  5.96688552e-01  2.04809380e-04  3.53524050e-07  2.04809380e-04  4.52429115e-07  2.04809380e-04 -5.84625117e-08  2.04809380e-04  1.20000000e+00  2.04809380e-04  0.00000000e+00 
 2.04909380e-04  2.99869844e-01  2.04909380e-04  5.96676338e-01  2.04909380e-04  3.94160837e-07  2.04909380e-04 -2.88557952e-07  2.04909380e-04  5.85065799e-08  2.04909380e-04  1.20000000e+00  2.04909380e-04  0.00000000e+00 
 2.05000010e-04  3.00544287e-01  2.05000010e-04  5.96688543e-01  2.05000010e-04  3.53523987e-07  2.05000010e-04  4.52434786e-07  2.05000010e-04 -5.84626160e-08  2.05000010e-04  1.20000000e+00  2.05000010e-04  0.00000000e+00 
 2.05000011e-04  3.00539366e-01  2.05000011e-04  5.95838950e-01  2.05000011e-04  5.84024809e-07  2.05000011e-04  5.84031372e-07  2.05000011e-04  5.87971475e-07  2.05000011e-04  1.08000001e+00  2.05000011e-04  0.00000000e+00 
 2.05000013e-04  3.00527105e-01  2.05000013e-04  5.93976953e-01  2.05000013e-04  6.38876003e-07  2.05000013e-04  6.61883316e-07  2.05000013e-04  7.65175710e-07  2.05000013e-04  8.40000000e-01  2.05000013e-04  0.00000000e+00 
 2.05000016e-04  3.00485273e-01  2.05000016e-04  5.90167379e-01  2.05000016e-04  6.67424310e-07  2.05000016e-04  7.74417525e-07  2.05000016e-04  8.20994978e-07  2.05000016e-04  4.20000001e-01  2.05000016e-04  0.00000000e+00 
 2.05000020e-04  3.00429966e-01  2.05000020e-04  5.85877609e-01  2.05000020e-04  7.09692772e-07  2.05000020e-04  8.38678858e-07  2.05000020e-04  9.57394901e-07  2.05000020e-04  0.00000000e+00  2.05000020e-04  0.00000000e+00 
 2.05000021e-04  3.00429996e-01  2.05000021e-04  5.86105102e-01  2.05000021e-04  3.08842241e-07  2.05000021e-04 -1.61753010e-07  2.05000021e-04 -1.78943066e-07  2.05000021e-04  0.00000000e+00  2.05000021e-04  0.00000000e+00 
 2.05000022e-04  3.00431321e-01  2.05000022e-04  5.86556017e-01  2.05000022e-04  2.73010212e-07  2.05000022e-04 -9.68486081e-08  2.05000022e-04 -3.51919243e-07  2.05000022e-04  0.00000000e+00  2.05000022e-04  0.00000000e+00 
 2.05000024e-04  3.00434358e-01  2.05000024e-04  5.87299707e-01  2.05000024e-04  3.34965245e-07  2.05000024e-04 -8.09221822e-08  2.05000024e-04 -1.06826806e-07  2.05000024e-04  0.00000000e+00  2.05000024e-04  0.00000000e+00 
 2.05000029e-04  3.00439895e-01  2.05000029e-04  5.88393137e-01  2.05000029e-04  3.13154394e-07  2.05000029e-04 -7.06974517e-09  2.05000029e-04 -2.17381309e-07  2.05000029e-04  0.00000000e+00  2.05000029e-04  0.00000000e+00 
 2.05000040e-04  3.00450865e-01  2.05000040e-04  5.89965204e-01  2.05000040e-04  3.62711776e-07  2.05000040e-04 -7.21084315e-09  2.05000040e-04 -1.49694307e-08  2.05000040e-04  0.00000000e+00  2.05000040e-04  0.00000000e+00 
 2.05000060e-04  3.00471890e-01  2.05000060e-04  5.92175153e-01  2.05000060e-04  3.34089698e-07  2.05000060e-04  4.73698207e-08  2.05000060e-04 -1.42800319e-07  2.05000060e-04  0.00000000e+00  2.05000060e-04  0.00000000e+00 
 2.05000100e-04  3.00512320e-01  2.05000100e-04  5.95861100e-01  2.05000100e-04  3.67597837e-07  2.05000100e-04  1.44524514e-08  2.05000100e-04  1.09747282e-08  2.05000100e-04  0.00000000e+00  2.05000100e-04  0.00000000e+00 
 2.05000181e-04  3.00557176e-01  2.05000181e-04  6.01383140e-01  2.05000181e-04  3.41040699e-07  2.05000181e-04  7.15775166e-08  2.05000181e-04 -1.09123215e-07  2.05000181e-04  0.00000000e+00  2.05000181e-04  0.00000000e+00 
 2.05000293e-04  3.00578548e-01  2.05000293e-04  6.03878111e-01  2.05000293e-04  3.89640066e-07  2.05000293e-04  6.24972599e-08  2.05000293e-04  7.76839793e-08  2.05000293e-04  0.00000000e+00  2.05000293e-04  0.00000000e+00 
 2.05000508e-04  3.00584654e-01  2.05000508e-04  6.04306392e-01  2.05000508e-04  3.54366542e-07  2.05000508e-04  9.02968046e-08  2.05000508e-04 -7.93531064e-08  2.05000508e-04  0.00000000e+00  2.05000508e-04  0.00000000e+00 
 2.05000703e-04  3.00582929e-01  2.05000703e-04  6.03845158e-01  2.05000703e-04  3.94471667e-07  2.05000703e-04  6.66233758e-08  2.05000703e-04  8.40857746e-08  2.05000703e-04  0.00000000e+00  2.05000703e-04  0.00000000e+00 
 2.05001074e-04  3.00582991e-01  2.05001074e-04  6.03552467e-01  2.05001074e-04  3.54081555e-07  2.05001074e-04  8.99680950e-08  2.05001074e-04 -8.15997354e-08  2.05001074e-04  0.00000000e+00  2.05001074e-04  0.00000000e+00 
 2.05001514e-04  3.00582248e-01  2.05001514e-04  6.03155205e-01  2.05001514e-04  3.94522977e-07  2.05001514e-04  6.84612790e-08  2.05001514e-04  8.40251046e-08  2.05001514e-04  0.00000000e+00  2.05001514e-04  0.00000000e+00 
 2.05002395e-04  3.00581641e-01  2.05002395e-04  6.02716401e-01  2.05002395e-04  3.53820605e-07  2.05002395e-04  9.15899581e-08  2.05002395e-04 -8.23216900e-08  2.05002395e-04  0.00000000e+00  2.05002395e-04  0.00000000e+00 
 2.05004157e-04  3.00580159e-01  2.05004157e-04  6.02261509e-01  2.05004157e-04  3.94247581e-07  2.05004157e-04  6.97469257e-08  2.05004157e-04  8.34165466e-08  2.05004157e-04  0.00000000e+00  2.05004157e-04  0.00000000e+00 
 2.05007681e-04  3.00578004e-01  2.05007681e-04  6.02768354e-01  2.05007681e-04  3.53482590e-07  2.05007681e-04  7.90152572e-08  2.05007681e-04 -8.30879913e-08  2.05007681e-04  0.00000000e+00  2.05007681e-04  0.00000000e+00 
 2.05014729e-04  3.00573848e-01  2.05014729e-04  6.03436951e-01  2.05014729e-04  3.94247957e-07  2.05014729e-04  4.03082216e-08  2.05014729e-04  8.33299946e-08  2.05014729e-04  0.00000000e+00  2.05014729e-04  0.00000000e+00 
 2.05028825e-04  3.00568655e-01  2.05028825e-04  6.00574820e-01  2.05028825e-04  3.53618351e-07  2.05028825e-04  1.77252439e-08  2.05028825e-04 -8.29940456e-08  2.05028825e-04  0.00000000e+00  2.05028825e-04  0.00000000e+00 
 2.05057018e-04  3.00564362e-01  2.05057018e-04  5.96484911e-01  2.05057018e-04  3.94112550e-07  2.05057018e-04 -1.15292412e-08  2.05057018e-04  8.30225522e-08  2.05057018e-04  0.00000000e+00  2.05057018e-04  0.00000000e+00 
 2.05113402e-04  3.00562965e-01  2.05113402e-04  5.96849702e-01  2.05113402e-04  3.53541503e-07  2.05113402e-04  1.09617276e-08  2.05113402e-04 -8.30229509e-08  2.05113402e-04  0.00000000e+00  2.05113402e-04  0.00000000e+00 
 2.05188621e-04  3.00562885e-01  2.05188621e-04  5.96554583e-01  2.05188621e-04  3.94150151e-07  2.05188621e-04 -1.06665062e-08  2.05188621e-04  8.30890153e-08  2.05188621e-04  0.00000000e+00  2.05188621e-04  0.00000000e+00 
 2.05288621e-04  3.00562764e-01  2.05288621e-04  5.96783943e-01  2.05288621e-04  3.53531807e-07  2.05288621e-04  1.05079195e-08  2.05288621e-04 -8.30572131e-08  2.05288621e-04  0.00000000e+00  2.05288621e-04  0.00000000e+00 
 2.05388621e-04  3.00562508e-01  2.05388621e-04  5.96596989e-01  2.05388621e-04  3.94155171e-07  2.05388621e-04 -1.03813266e-08  2.05388621e-04  8.31108810e-08  2.05388621e-04  0.00000000e+00  2.05388621e-04  0.00000000e+00 
 2.05488621e-04  3.00562416e-01  2.05488621e-04  5.96752084e-01  2.05488621e-04  3.53528118e-07  2.05488621e-04  1.02888018e-08  2.05488621e-04 -8.30743572e-08  2.05488621e-04  0.00000000e+00  2.05488621e-04  0.00000000e+00 
 2.05588621e-04  3.00562151e-01  2.05588621e-04  5.96621052e-01  2.05588621e-04  3.94158005e-07  2.05588621e-04 -1.02131443e-08  2.05588621e-04  8.31243823e-08  2.05588621e-04  0.00000000e+00  2.05588621e-04  0.00000000e+00 
 2.05688621e-04  3.00562063e-01  2.05688621e-04  5.96734057e-01  2.05688621e-04  3.53525853e-07  2.05688621e-04  1.01596083e-08  2.05688621e-04 -8.30850941e-08  2.05688621e-04  0.00000000e+00  2.05688621e-04  0.00000000e+00 
 2.05788621e-04  3.00561794e-01  2.05788621e-04  5.96634611e-01  2.05788621e-04  3.94159888e-07  2.05788621e-04 -1.01139943e-08  2.05788621e-04  8.31329768e-08  2.05788621e-04  0.00000000e+00  2.05788621e-04  0.00000000e+00 
 2.05888621e-04  3.00561710e-01  2.05888621e-04  5.96723705e-01  2.05888621e-04  3.53524254e-07  2.05888621e-04  1.00837143e-08  2.05888621e-04 -8.30920323e-08  2.05888621e-04  0.00000000e+00  2.05888621e-04  0.00000000e+00 
 2.05988621e-04  3.00561437e-01  2.05988621e-04  5.96642524e-01  2.05988621e-04  3.94161272e-07  2.05988621e-04 -1.00560117e-08  2.05988621e-04  8.31386472e-08  2.05988621e-04  0.00000000e+00  2.05988621e-04  0.00000000e+00 
 2.06088621e-04  3.00561357e-01  2.06088621e-04  5.96717572e-01  2.06088621e-04  3.53523036e-07  2.06088621e-04  1.00395958e-08  2.06088621e-04 -8.30967238e-08  2.06088621e-04  0.00000000e+00  2.06088621e-04  0.00000000e+00 
 2.06188621e-04  3.00561079e-01  2.06188621e-04  5.96647298e-01  2.06188621e-04  3.94162365e-07  2.06188621e-04 -1.00225940e-08  2.06188621e-04  8.31425856e-08  2.06188621e-04  0.00000000e+00  2.06188621e-04  0.00000000e+00 
 2.06288621e-04  3.00561004e-01  2.06288621e-04  5.96713805e-01  2.06288621e-04  3.53522048e-07  2.06288621e-04  1.00144466e-08  2.06288621e-04 -8.31000793e-08  2.06288621e-04  0.00000000e+00  2.06288621e-04  0.00000000e+00 
 2.06388621e-04  3.00560722e-01  2.06388621e-04  5.96650290e-01  2.06388621e-04  3.94163274e-07  2.06388621e-04 -1.00038196e-08  2.06388621e-04  8.31454897e-08  2.06388621e-04  0.00000000e+00  2.06388621e-04  0.00000000e+00 
 2.06488621e-04  3.00560651e-01  2.06488621e-04  5.96711396e-01  2.06488621e-04  3.53521202e-07  2.06488621e-04  1.00005761e-08  2.06488621e-04 -8.31026319e-08  2.06488621e-04  0.00000000e+00  2.06488621e-04  0.00000000e+00 
 2.06588621e-04  3.00560365e-01  2.06588621e-04  5.96652249e-01  2.06588621e-04  3.94164059e-07  2.06588621e-04 -9.99371118e-09  2.06588621e-04  8.31477678e-08  2.06588621e-04  0.00000000e+00  2.06588621e-04  0.00000000e+00 
 2.06688621e-04  3.00560298e-01  2.06688621e-04  5.96709780e-01  2.06688621e-04  3.53520463e-07  2.06688621e-04  9.99333742e-09  2.06688621e-04 -8.31046944e-08  2.06688621e-04  0.00000000e+00  2.06688621e-04  0.00000000e+00 
 2.06788621e-04  3.00560008e-01  2.06788621e-04  5.96653598e-01  2.06788621e-04  3.94164763e-07  2.06788621e-04 -9.98865207e-09  2.06788621e-04  8.31496598e-08  2.06788621e-04  0.00000000e+00  2.06788621e-04  0.00000000e+00 
 2.06888621e-04  3.00559944e-01  2.06888621e-04  5.96708637e-01  2.06888621e-04  3.53519793e-07  2.06888621e-04  9.98991727e-09  2.06888621e-04 -8.31064507e-08  2.06888621e-04  0.00000000e+00  2.06888621e-04  0.00000000e+00 
 2.06988621e-04  3.00559652e-01  2.06988621e-04  5.96654579e-01  2.06988621e-04  3.94165404e-07  2.06988621e-04 -9.98645456e-09  2.06988621e-04  8.31513073e-08  2.06988621e-04  0.00000000e+00  2.06988621e-04  0.00000000e+00 
 2.07088621e-04  3.00559590e-01  2.07088621e-04  5.96707781e-01  2.07088621e-04  3.53519175e-07  2.07088621e-04  9.98861678e-09  2.07088621e-04 -8.31080103e-08  2.07088621e-04  0.00000000e+00  2.07088621e-04  0.00000000e+00 
 2.07188621e-04  3.00559296e-01  2.07188621e-04  5.96655334e-01  2.07188621e-04  3.94166000e-07  2.07188621e-04 -9.98580245e-09  2.07188621e-04  8.31527950e-08  2.07188621e-04  0.00000000e+00  2.07188621e-04  0.00000000e+00 
 2.07288621e-04  3.00559236e-01  2.07288621e-04  5.96707105e-01  2.07288621e-04  3.53518604e-07  2.07288621e-04  9.98841947e-09  2.07288621e-04 -8.31094386e-08  2.07288621e-04  0.00000000e+00  2.07288621e-04  0.00000000e+00 
 2.07388621e-04  3.00558941e-01  2.07388621e-04  5.96655947e-01  2.07388621e-04  3.94166557e-07  2.07388621e-04 -9.98591404e-09  2.07388621e-04  8.31541739e-08  2.07388621e-04  0.00000000e+00  2.07388621e-04  0.00000000e+00 
 2.07488621e-04  3.00558881e-01  2.07488621e-04  5.96706543e-01  2.07488621e-04  3.53518062e-07  2.07488621e-04  9.98872778e-09  2.07488621e-04 -8.31107758e-08  2.07488621e-04  0.00000000e+00  2.07488621e-04  0.00000000e+00 
 2.07588621e-04  3.00558585e-01  2.07588621e-04  5.96656466e-01  2.07588621e-04  3.94167082e-07  2.07588621e-04 -9.98633594e-09  2.07588621e-04  8.31554753e-08  2.07588621e-04  0.00000000e+00  2.07588621e-04  0.00000000e+00 
 2.07688621e-04  3.00558526e-01  2.07688621e-04  5.96706059e-01  2.07688621e-04  3.53517549e-07  2.07688621e-04  9.98920055e-09  2.07688621e-04 -8.31120463e-08  2.07688621e-04  0.00000000e+00  2.07688621e-04  0.00000000e+00 
 2.07788621e-04  3.00558230e-01  2.07788621e-04  5.96656920e-01  2.07788621e-04  3.94167583e-07  2.07788621e-04 -9.98681480e-09  2.07788621e-04  8.31567188e-08  2.07788621e-04  0.00000000e+00  2.07788621e-04  0.00000000e+00 
 2.07888621e-04  3.00558171e-01  2.07888621e-04  5.96705630e-01  2.07888621e-04  3.53517060e-07  2.07888621e-04  9.98965306e-09  2.07888621e-04 -8.31132661e-08  2.07888621e-04  0.00000000e+00  2.07888621e-04  0.00000000e+00 
 2.07988621e-04  3.00557875e-01  2.07988621e-04  5.96657328e-01  2.07988621e-04  3.94168061e-07  2.07988621e-04 -9.98721921e-09  2.07988621e-04  8.31579172e-08  2.07988621e-04  0.00000000e+00  2.07988621e-04  0.00000000e+00 
 2.08088621e-04  3.00557816e-01  2.08088621e-04  5.96705240e-01  2.08088621e-04  3.53516589e-07  2.08088621e-04  9.98999497e-09  2.08088621e-04 -8.31144452e-08  2.08088621e-04  0.00000000e+00  2.08088621e-04  0.00000000e+00 
 2.08188621e-04  3.00557521e-01  2.08188621e-04  5.96657700e-01  2.08188621e-04  3.94168521e-07  2.08188621e-04 -9.98749041e-09  2.08188621e-04  8.31590787e-08  2.08188621e-04  0.00000000e+00  2.08188621e-04  0.00000000e+00 
 2.08288621e-04  3.00557461e-01  2.08288621e-04  5.96704884e-01  2.08288621e-04  3.53516138e-07  2.08288621e-04  9.99019133e-09  2.08288621e-04 -8.31155906e-08  2.08288621e-04  0.00000000e+00  2.08288621e-04  0.00000000e+00 
 2.08388621e-04  3.00557166e-01  2.08388621e-04  5.96658042e-01  2.08388621e-04  3.94168966e-07  2.08388621e-04 -9.98761129e-09  2.08388621e-04  8.31602092e-08  2.08388621e-04  0.00000000e+00  2.08388621e-04  0.00000000e+00 
 2.08488621e-04  3.00557105e-01  2.08488621e-04  5.96704555e-01  2.08488621e-04  3.53515702e-07  2.08488621e-04  9.99023855e-09  2.08488621e-04 -8.31167071e-08  2.08488621e-04  0.00000000e+00  2.08488621e-04  0.00000000e+00 
 2.08588621e-04  3.00556811e-01  2.08588621e-04  5.96658358e-01  2.08588621e-04  3.94169395e-07  2.08588621e-04 -9.98758837e-09  2.08588621e-04  8.31613127e-08  2.08588621e-04  0.00000000e+00  2.08588621e-04  0.00000000e+00 
 2.08688621e-04  3.00556750e-01  2.08688621e-04  5.96704250e-01  2.08688621e-04  3.53515282e-07  2.08688621e-04  9.99015014e-09  2.08688621e-04 -8.31177984e-08  2.08688621e-04  0.00000000e+00  2.08688621e-04  0.00000000e+00 
 2.08788621e-04  3.00556456e-01  2.08788621e-04  5.96658651e-01  2.08788621e-04  3.94169810e-07  2.08788621e-04 -9.98743982e-09  2.08788621e-04  8.31623923e-08  2.08788621e-04  0.00000000e+00  2.08788621e-04  0.00000000e+00 
 2.08888621e-04  3.00556395e-01  2.08888621e-04  5.96703968e-01  2.08888621e-04  3.53514871e-07  2.08888621e-04  9.98994722e-09  2.08888621e-04 -8.31188671e-08  2.08888621e-04  0.00000000e+00  2.08888621e-04  0.00000000e+00 
 2.08988621e-04  3.00556102e-01  2.08988621e-04  5.96658924e-01  2.08988621e-04  3.94170215e-07  2.08988621e-04 -9.98718859e-09  2.08988621e-04  8.31634507e-08  2.08988621e-04  0.00000000e+00  2.08988621e-04  0.00000000e+00 
 2.09088621e-04  3.00556039e-01  2.09088621e-04  5.96703705e-01  2.09088621e-04  3.53514472e-07  2.09088621e-04  9.98965379e-09  2.09088621e-04 -8.31199156e-08  2.09088621e-04  0.00000000e+00  2.09088621e-04  0.00000000e+00 
 2.09188621e-04  3.00555747e-01  2.09188621e-04  5.96659177e-01  2.09188621e-04  3.94170609e-07  2.09188621e-04 -9.98685879e-09  2.09188621e-04  8.31644897e-08  2.09188621e-04  0.00000000e+00  2.09188621e-04  0.00000000e+00 
 2.09288621e-04  3.00555684e-01  2.09288621e-04  5.96703461e-01  2.09288621e-04  3.53514082e-07  2.09288621e-04  9.98929341e-09  2.09288621e-04 -8.31209456e-08  2.09288621e-04  0.00000000e+00  2.09288621e-04  0.00000000e+00 
 2.09388621e-04  3.00555393e-01  2.09388621e-04  5.96659413e-01  2.09388621e-04  3.94170991e-07  2.09388621e-04 -9.98647332e-09  2.09388621e-04  8.31655111e-08  2.09388621e-04  0.00000000e+00  2.09388621e-04  0.00000000e+00 
 2.09488621e-04  3.00555328e-01  2.09488621e-04  5.96703234e-01  2.09488621e-04  3.53513702e-07  2.09488621e-04  9.98888792e-09  2.09488621e-04 -8.31219588e-08  2.09488621e-04  0.00000000e+00  2.09488621e-04  0.00000000e+00 
 2.09588621e-04  3.00555038e-01  2.09588621e-04  5.96659631e-01  2.09588621e-04  3.94171369e-07  2.09588621e-04 -9.98605251e-09  2.09588621e-04  8.31665164e-08  2.09588621e-04  0.00000000e+00  2.09588621e-04  0.00000000e+00 
 2.09688621e-04  3.00554973e-01  2.09688621e-04  5.96703024e-01  2.09688621e-04  3.53513331e-07  2.09688621e-04  9.98845636e-09  2.09688621e-04 -8.31229565e-08  2.09688621e-04  0.00000000e+00  2.09688621e-04  0.00000000e+00 
 2.09788621e-04  3.00554683e-01  2.09788621e-04  5.96659834e-01  2.09788621e-04  3.94171738e-07  2.09788621e-04 -9.98561429e-09  2.09788621e-04  8.31675068e-08  2.09788621e-04  0.00000000e+00  2.09788621e-04  0.00000000e+00 
 2.09888621e-04  3.00554617e-01  2.09888621e-04  5.96702828e-01  2.09888621e-04  3.53512967e-07  2.09888621e-04  9.98801528e-09  2.09888621e-04 -8.31239401e-08  2.09888621e-04  0.00000000e+00  2.09888621e-04  0.00000000e+00 
 2.09988621e-04  3.00554329e-01  2.09988621e-04  5.96660022e-01  2.09988621e-04  3.94172099e-07  2.09988621e-04 -9.98517367e-09  2.09988621e-04  8.31684837e-08  2.09988621e-04  0.00000000e+00  2.09988621e-04  0.00000000e+00 
 2.10088621e-04  3.00554262e-01  2.10088621e-04  5.96702647e-01  2.10088621e-04  3.53512606e-07  2.10088621e-04  9.98757825e-09  2.10088621e-04 -8.31249105e-08  2.10088621e-04  0.00000000e+00  2.10088621e-04  0.00000000e+00 
 2.10188621e-04  3.00553974e-01  2.10188621e-04  5.96660198e-01  2.10188621e-04  3.94172453e-07  2.10188621e-04 -9.98474309e-09  2.10188621e-04  8.31694479e-08  2.10188621e-04  0.00000000e+00  2.10188621e-04  0.00000000e+00 
 2.10288621e-04  3.00553906e-01  2.10288621e-04  5.96702477e-01  2.10288621e-04  3.53512254e-07  2.10288621e-04  9.98715681e-09  2.10288621e-04 -8.31258689e-08  2.10288621e-04  0.00000000e+00  2.10288621e-04  0.00000000e+00 
 2.10388621e-04  3.00553619e-01  2.10388621e-04  5.96660360e-01  2.10388621e-04  3.94172804e-07  2.10388621e-04 -9.98433297e-09  2.10388621e-04  8.31704006e-08  2.10388621e-04  0.00000000e+00  2.10388621e-04  0.00000000e+00 
 2.10488621e-04  3.00553551e-01  2.10488621e-04  5.96702320e-01  2.10488621e-04  3.53511909e-07  2.10488621e-04  9.98676003e-09  2.10488621e-04 -8.31268161e-08  2.10488621e-04  0.00000000e+00  2.10488621e-04  0.00000000e+00 
 2.10588621e-04  3.00553265e-01  2.10588621e-04  5.96660512e-01  2.10588621e-04  3.94173147e-07  2.10588621e-04 -9.98395131e-09  2.10588621e-04  8.31713425e-08  2.10588621e-04  0.00000000e+00  2.10588621e-04  0.00000000e+00 
 2.10688621e-04  3.00553196e-01  2.10688621e-04  5.96702174e-01  2.10688621e-04  3.53511566e-07  2.10688621e-04  9.98639516e-09  2.10688621e-04 -8.31277529e-08  2.10688621e-04  0.00000000e+00  2.10688621e-04  0.00000000e+00 
 2.10788621e-04  3.00552910e-01  2.10788621e-04  5.96660654e-01  2.10788621e-04  3.94173488e-07  2.10788621e-04 -9.98360470e-09  2.10788621e-04  8.31722745e-08  2.10788621e-04  0.00000000e+00  2.10788621e-04  0.00000000e+00 
 2.10888621e-04  3.00552840e-01  2.10888621e-04  5.96702037e-01  2.10888621e-04  3.53511226e-07  2.10888621e-04  9.98606815e-09  2.10888621e-04 -8.31286802e-08  2.10888621e-04  0.00000000e+00  2.10888621e-04  0.00000000e+00 
 2.10988621e-04  3.00552555e-01  2.10988621e-04  5.96660786e-01  2.10988621e-04  3.94173823e-07  2.10988621e-04 -9.98329831e-09  2.10988621e-04  8.31731972e-08  2.10988621e-04  0.00000000e+00  2.10988621e-04  0.00000000e+00 
 2.11088621e-04  3.00552485e-01  2.11088621e-04  5.96701909e-01  2.11088621e-04  3.53510893e-07  2.11088621e-04  9.98578336e-09  2.11088621e-04 -8.31295986e-08  2.11088621e-04  0.00000000e+00  2.11088621e-04  0.00000000e+00 
 2.11188621e-04  3.00552201e-01  2.11188621e-04  5.96660910e-01  2.11188621e-04  3.94174154e-07  2.11188621e-04 -9.98303604e-09  2.11188621e-04  8.31741113e-08  2.11188621e-04  0.00000000e+00  2.11188621e-04  0.00000000e+00 
 2.11288621e-04  3.00552130e-01  2.11288621e-04  5.96701788e-01  2.11288621e-04  3.53510564e-07  2.11288621e-04  9.98554439e-09  2.11288621e-04 -8.31305086e-08  2.11288621e-04  0.00000000e+00  2.11288621e-04  0.00000000e+00 
 2.11388621e-04  3.00551846e-01  2.11388621e-04  5.96661026e-01  2.11388621e-04  3.94174485e-07  2.11388621e-04 -9.98282090e-09  2.11388621e-04  8.31750174e-08  2.11388621e-04  0.00000000e+00  2.11388621e-04  0.00000000e+00 
 2.11488621e-04  3.00551774e-01  2.11488621e-04  5.96701675e-01  2.11488621e-04  3.53510239e-07  2.11488621e-04  9.98535369e-09  2.11488621e-04 -8.31314110e-08  2.11488621e-04  0.00000000e+00  2.11488621e-04  0.00000000e+00 
 2.11588621e-04  3.00551491e-01  2.11588621e-04  5.96661136e-01  2.11588621e-04  3.94174807e-07  2.11588621e-04 -9.98265514e-09  2.11588621e-04  8.31759161e-08  2.11588621e-04  0.00000000e+00  2.11588621e-04  0.00000000e+00 
 2.11688621e-04  3.00551419e-01  2.11688621e-04  5.96701569e-01  2.11688621e-04  3.53509916e-07  2.11688621e-04  9.98521331e-09  2.11688621e-04 -8.31323060e-08  2.11688621e-04  0.00000000e+00  2.11688621e-04  0.00000000e+00 
 2.11788621e-04  3.00551136e-01  2.11788621e-04  5.96661240e-01  2.11788621e-04  3.94175129e-07  2.11788621e-04 -9.98254034e-09  2.11788621e-04  8.31768077e-08  2.11788621e-04  0.00000000e+00  2.11788621e-04  0.00000000e+00 
 2.11888621e-04  3.00551064e-01  2.11888621e-04  5.96701468e-01  2.11888621e-04  3.53509595e-07  2.11888621e-04  9.98512447e-09  2.11888621e-04 -8.31331943e-08  2.11888621e-04  0.00000000e+00  2.11888621e-04  0.00000000e+00 
 2.11988621e-04  3.00550782e-01  2.11988621e-04  5.96661339e-01  2.11988621e-04  3.94175447e-07  2.11988621e-04 -9.98247781e-09  2.11988621e-04  8.31776927e-08  2.11988621e-04  0.00000000e+00  2.11988621e-04  0.00000000e+00 
 2.12088621e-04  3.00550708e-01  2.12088621e-04  5.96701371e-01  2.12088621e-04  3.53509279e-07  2.12088621e-04  9.98508846e-09  2.12088621e-04 -8.31340762e-08  2.12088621e-04  0.00000000e+00  2.12088621e-04  0.00000000e+00 
 2.12188621e-04  3.00550427e-01  2.12188621e-04  5.96661432e-01  2.12188621e-04  3.94175763e-07  2.12188621e-04 -9.98246829e-09  2.12188621e-04  8.31785714e-08  2.12188621e-04  0.00000000e+00  2.12188621e-04  0.00000000e+00 
 2.12288621e-04  3.00550353e-01  2.12288621e-04  5.96701280e-01  2.12288621e-04  3.53508964e-07  2.12288621e-04  9.98510549e-09  2.12288621e-04 -8.31349520e-08  2.12288621e-04  0.00000000e+00  2.12288621e-04  0.00000000e+00 
 2.12388621e-04  3.00550072e-01  2.12388621e-04  5.96661522e-01  2.12388621e-04  3.94176076e-07  2.12388621e-04 -9.98251200e-09  2.12388621e-04  8.31794443e-08  2.12388621e-04  0.00000000e+00  2.12388621e-04  0.00000000e+00 
 2.12488621e-04  3.00549998e-01  2.12488621e-04  5.96701193e-01  2.12488621e-04  3.53508654e-07  2.12488621e-04  9.98517608e-09  2.12488621e-04 -8.31358220e-08  2.12488621e-04  0.00000000e+00  2.12488621e-04  0.00000000e+00 
 2.12588621e-04  3.00549717e-01  2.12588621e-04  5.96661607e-01  2.12588621e-04  3.94176387e-07  2.12588621e-04 -9.98260928e-09  2.12588621e-04  8.31803116e-08  2.12588621e-04  0.00000000e+00  2.12588621e-04  0.00000000e+00 
 2.12688621e-04  3.00549642e-01  2.12688621e-04  5.96701109e-01  2.12688621e-04  3.53508343e-07  2.12688621e-04  9.98530004e-09  2.12688621e-04 -8.31366866e-08  2.12688621e-04  0.00000000e+00  2.12688621e-04  0.00000000e+00 
 2.12788621e-04  3.00549363e-01  2.12788621e-04  5.96661689e-01  2.12788621e-04  3.94176693e-07  2.12788621e-04 -9.98276009e-09  2.12788621e-04  8.31811735e-08  2.12788621e-04  0.00000000e+00  2.12788621e-04  0.00000000e+00 
 2.12888621e-04  3.00549287e-01  2.12888621e-04  5.96701028e-01  2.12888621e-04  3.53508036e-07  2.12888621e-04  9.98547779e-09  2.12888621e-04 -8.31375460e-08  2.12888621e-04  0.00000000e+00  2.12888621e-04  0.00000000e+00 
 2.12988621e-04  3.00549008e-01  2.12988621e-04  5.96661768e-01  2.12988621e-04  3.94177002e-07  2.12988621e-04 -9.98296452e-09  2.12988621e-04  8.31820303e-08  2.12988621e-04  0.00000000e+00  2.12988621e-04  0.00000000e+00 
 2.13088621e-04  3.00548932e-01  2.13088621e-04  5.96700950e-01  2.13088621e-04  3.53507731e-07  2.13088621e-04  9.98570883e-09  2.13088621e-04 -8.31384004e-08  2.13088621e-04  0.00000000e+00  2.13088621e-04  0.00000000e+00 
 2.13188621e-04  3.00548653e-01  2.13188621e-04  5.96661844e-01  2.13188621e-04  3.94177306e-07  2.13188621e-04 -9.98322204e-09  2.13188621e-04  8.31828823e-08  2.13188621e-04  0.00000000e+00  2.13188621e-04  0.00000000e+00 
 2.13288621e-04  3.00548576e-01  2.13288621e-04  5.96700875e-01  2.13288621e-04  3.53507428e-07  2.13288621e-04  9.98599279e-09  2.13288621e-04 -8.31392500e-08  2.13288621e-04  0.00000000e+00  2.13288621e-04  0.00000000e+00 
 2.13388621e-04  3.00548298e-01  2.13388621e-04  5.96661919e-01  2.13388621e-04  3.94177608e-07  2.13388621e-04 -9.98353235e-09  2.13388621e-04  8.31837295e-08  2.13388621e-04  0.00000000e+00  2.13388621e-04  0.00000000e+00 
 2.13488621e-04  3.00548221e-01  2.13488621e-04  5.96700802e-01  2.13488621e-04  3.53507126e-07  2.13488621e-04  9.98632936e-09  2.13488621e-04 -8.31400950e-08  2.13488621e-04  0.00000000e+00  2.13488621e-04  0.00000000e+00 
 2.13588621e-04  3.00547943e-01  2.13588621e-04  5.96661991e-01  2.13588621e-04  3.94177907e-07  2.13588621e-04 -9.98389501e-09  2.13588621e-04  8.31845723e-08  2.13588621e-04  0.00000000e+00  2.13588621e-04  0.00000000e+00 
 2.13688621e-04  3.00547866e-01  2.13688621e-04  5.96700731e-01  2.13688621e-04  3.53506827e-07  2.13688621e-04  9.98671809e-09  2.13688621e-04 -8.31409355e-08  2.13688621e-04  0.00000000e+00  2.13688621e-04  0.00000000e+00 
 2.13788621e-04  3.00547589e-01  2.13788621e-04  5.96662061e-01  2.13788621e-04  3.94178206e-07  2.13788621e-04 -9.98430957e-09  2.13788621e-04  8.31854106e-08  2.13788621e-04  0.00000000e+00  2.13788621e-04  0.00000000e+00 
 2.13888621e-04  3.00547510e-01  2.13888621e-04  5.96700661e-01  2.13888621e-04  3.53506530e-07  2.13888621e-04  9.98715845e-09  2.13888621e-04 -8.31417717e-08  2.13888621e-04  0.00000000e+00  2.13888621e-04  0.00000000e+00 
 2.13988621e-04  3.00547234e-01  2.13988621e-04  5.96662130e-01  2.13988621e-04  3.94178503e-07  2.13988621e-04 -9.98477559e-09  2.13988621e-04  8.31862446e-08  2.13988621e-04  0.00000000e+00  2.13988621e-04  0.00000000e+00 
 2.14088621e-04  3.00547155e-01  2.14088621e-04  5.96700594e-01  2.14088621e-04  3.53506235e-07  2.14088621e-04  9.98765002e-09  2.14088621e-04 -8.31426036e-08  2.14088621e-04  0.00000000e+00  2.14088621e-04  0.00000000e+00 
 2.14188621e-04  3.00546879e-01  2.14188621e-04  5.96662197e-01  2.14188621e-04  3.94178797e-07  2.14188621e-04 -9.98529243e-09  2.14188621e-04  8.31870745e-08  2.14188621e-04  0.00000000e+00  2.14188621e-04  0.00000000e+00 
 2.14288621e-04  3.00546800e-01  2.14288621e-04  5.96700528e-01  2.14288621e-04  3.53505939e-07  2.14288621e-04  9.98819195e-09  2.14288621e-04 -8.31434315e-08  2.14288621e-04  0.00000000e+00  2.14288621e-04  0.00000000e+00 
 2.14388621e-04  3.00546524e-01  2.14388621e-04  5.96662262e-01  2.14388621e-04  3.94179092e-07  2.14388621e-04 -9.98585931e-09  2.14388621e-04  8.31879004e-08  2.14388621e-04  0.00000000e+00  2.14388621e-04  0.00000000e+00 
 2.14488621e-04  3.00546444e-01  2.14488621e-04  5.96700462e-01  2.14488621e-04  3.53505648e-07  2.14488621e-04  9.98878383e-09  2.14488621e-04 -8.31442554e-08  2.14488621e-04  0.00000000e+00  2.14488621e-04  0.00000000e+00 
 2.14588621e-04  3.00546170e-01  2.14588621e-04  5.96662326e-01  2.14588621e-04  3.94179382e-07  2.14588621e-04 -9.98647584e-09  2.14588621e-04  8.31887223e-08  2.14588621e-04  0.00000000e+00  2.14588621e-04  0.00000000e+00 
 2.14688621e-04  3.00546089e-01  2.14688621e-04  5.96700398e-01  2.14688621e-04  3.53505357e-07  2.14688621e-04  9.98942490e-09  2.14688621e-04 -8.31450754e-08  2.14688621e-04  0.00000000e+00  2.14688621e-04  0.00000000e+00 
 2.14788621e-04  3.00545815e-01  2.14788621e-04  5.96662390e-01  2.14788621e-04  3.94179674e-07  2.14788621e-04 -9.98714139e-09  2.14788621e-04  8.31895404e-08  2.14788621e-04  0.00000000e+00  2.14788621e-04  0.00000000e+00 
 2.14888621e-04  3.00545734e-01  2.14888621e-04  5.96700336e-01  2.14888621e-04  3.53505069e-07  2.14888621e-04  9.99011481e-09  2.14888621e-04 -8.31458916e-08  2.14888621e-04  0.00000000e+00  2.14888621e-04  0.00000000e+00 
 2.14944310e-04  3.00545539e-01  2.14944310e-04  5.96662476e-01  2.14944310e-04  3.94180075e-07  2.14944310e-04 -9.98816219e-09  2.14944310e-04  8.31906775e-08  2.14944310e-04  0.00000000e+00  2.14944310e-04  0.00000000e+00 
 2.15000000e-04  3.00545536e-01  2.15000000e-04  5.96700223e-01  2.15000000e-04  3.53504550e-07  2.15000000e-04  9.99146090e-09  2.15000000e-04 -8.31473477e-08  2.15000000e-04  0.00000000e+00  2.15000000e-04  0.00000000e+00 
 2.15000001e-04  3.00552260e-01  2.15000001e-04  5.98429845e-01  2.15000001e-04 -3.27098824e-09  2.15000001e-04 -1.92957057e-06  2.15000001e-04  5.48772130e-05  2.15000001e-04  0.00000000e+00  2.15000001e-04  1.20000000e-01 
 2.15000003e-04  3.00567568e-01  2.15000003e-04  6.02532316e-01  2.15000003e-04 -1.90327139e-07  2.15000003e-04 -2.70688789e-06  2.15000003e-04  7.88785746e-05  2.15000003e-04  0.00000000e+00  2.15000003e-04  3.59999999e-01 
 2.15000006e-04  3.00625339e-01  2.15000006e-04  6.18518619e-01  2.15000006e-04 -1.31007671e-06  2.15000006e-04 -7.83647068e-06  2.15000006e-04  2.37971706e-04  2.15000006e-04  0.00000000e+00  2.15000006e-04  7.80000003e-01 
 2.15000010e-04  3.00745717e-01  2.15000010e-04  6.32747085e-01  2.15000010e-04 -2.86898298e-07  2.15000010e-04 -1.89061128e-06  2.15000010e-04  1.11167304e-04  2.15000010e-04  0.00000000e+00  2.15000010e-04  1.20000000e+00 
 2.15000011e-04  3.00752281e-01  2.15000011e-04  6.33132467e-01  2.15000011e-04  8.51725437e-08  2.15000011e-04 -7.43261926e-07  2.15000011e-04  3.54537244e-05  2.15000011e-04  0.00000000e+00  2.15000011e-04  1.20000000e+00 
 2.15000012e-04  3.00759610e-01  2.15000012e-04  6.33429526e-01  2.15000012e-04  2.80088388e-07  2.15000012e-04  6.91378157e-08  2.15000012e-04  1.98502640e-06  2.15000012e-04  0.00000000e+00  2.15000012e-04  1.20000000e+00 
 2.15000015e-04  3.00769683e-01  2.15000015e-04  6.34129355e-01  2.15000015e-04  9.31049625e-08  2.15000015e-04 -8.29949428e-07  2.15000015e-04  2.87768408e-05  2.15000015e-04  0.00000000e+00  2.15000015e-04  1.20000000e+00 
 2.15000020e-04  3.00783419e-01  2.15000020e-04  6.36303988e-01  2.15000020e-04  2.38708398e-07  2.15000020e-04 -2.73712760e-07  2.15000020e-04  5.83971177e-06  2.15000020e-04  0.00000000e+00  2.15000020e-04  1.20000000e+00 
 2.15000032e-04  3.00787164e-01  2.15000032e-04  6.40452611e-01  2.15000032e-04  1.43934667e-07  2.15000032e-04 -8.04698584e-07  2.15000032e-04  2.64259469e-05  2.15000032e-04  0.00000000e+00  2.15000032e-04  1.20000000e+00 
 2.15000054e-04  3.00763391e-01  2.15000054e-04  6.47328016e-01  2.15000054e-04  3.16843950e-07  2.15000054e-04 -1.51174604e-07  2.15000054e-04  2.21827264e-06  2.15000054e-04  0.00000000e+00  2.15000054e-04  1.20000000e+00 
 2.15000098e-04  3.00711914e-01  2.15000098e-04  6.55507636e-01  2.15000098e-04  2.47946721e-07  2.15000098e-04 -5.49036267e-07  2.15000098e-04  1.70933176e-05  2.15000098e-04  0.00000000e+00  2.15000098e-04  1.20000000e+00 
 2.15000167e-04  3.00671748e-01  2.15000167e-04  6.60503148e-01  2.15000167e-04  4.11441957e-07  2.15000167e-04  1.11908352e-07  2.15000167e-04 -7.29282688e-06  2.15000167e-04  0.00000000e+00  2.15000167e-04  1.20000000e+00 
 2.15000304e-04  3.00640352e-01  2.15000304e-04  6.61290374e-01  2.15000304e-04  3.15425223e-07  2.15000304e-04 -3.80291869e-07  2.15000304e-04  1.12563233e-05  2.15000304e-04  0.00000000e+00  2.15000304e-04  1.20000000e+00 
 2.15000578e-04  3.00618716e-01  2.15000578e-04  6.56961778e-01  2.15000578e-04  4.45091890e-07  2.15000578e-04  1.95649171e-07  2.15000578e-04 -9.79408733e-06  2.15000578e-04  0.00000000e+00  2.15000578e-04  1.20000000e+00 
 2.15001025e-04  3.00602276e-01  2.15001025e-04  6.48976760e-01  2.15001025e-04  3.20743132e-07  2.15001025e-04 -3.27951380e-07  2.15001025e-04  1.04242895e-05  2.15001025e-04  0.00000000e+00  2.15001025e-04  1.20000000e+00 
 2.15001921e-04  3.00583154e-01  2.15001921e-04  6.37755125e-01  2.15001921e-04  4.39407597e-07  2.15001921e-04  2.42731519e-07  2.15001921e-04 -1.00084397e-05  2.15001921e-04  0.00000000e+00  2.15001921e-04  1.20000000e+00 
 2.15003713e-04  3.00560136e-01  2.15003713e-04  6.24936170e-01  2.15003713e-04  3.14933857e-07  2.15003713e-04 -2.69832780e-07  2.15003713e-04  1.02678126e-05  2.15003713e-04  0.00000000e+00  2.15003713e-04  1.20000000e+00 
 2.15007296e-04  3.00531986e-01  2.15007296e-04  6.13181906e-01  2.15007296e-04  4.35529332e-07  2.15007296e-04  2.88252962e-07  2.15007296e-04 -1.00924538e-05  2.15007296e-04  0.00000000e+00  2.15007296e-04  1.20000000e+00 
 2.15014462e-04  3.00479547e-01  2.15014462e-04  6.03692226e-01  2.15014462e-04  3.13131804e-07  2.15014462e-04 -2.62380076e-07  2.15014462e-04  1.02395282e-05  2.15014462e-04  0.00000000e+00  2.15014462e-04  1.20000000e+00 
 2.15028795e-04  3.00377362e-01  2.15028795e-04  5.97971403e-01  2.15028795e-04  4.34689993e-07  2.15028795e-04  2.73622715e-07  2.15028795e-04 -1.00908549e-05  2.15028795e-04  0.00000000e+00  2.15028795e-04  1.20000000e+00 
 2.15057460e-04  3.00173186e-01  2.15057460e-04  5.96665993e-01  2.15057460e-04  3.12917303e-07  2.15057460e-04 -2.71844739e-07  2.15057460e-04  1.02443686e-05  2.15057460e-04  0.00000000e+00  2.15057460e-04  1.20000000e+00 
 2.15114790e-04  2.99772090e-01  2.15114790e-04  5.96687788e-01  2.15114790e-04  4.34745294e-07  2.15114790e-04  2.71762711e-07  2.15114790e-04 -1.00906021e-05  2.15114790e-04  0.00000000e+00  2.15114790e-04  1.20000000e+00 
 2.15214790e-04  2.99074186e-01  2.15214790e-04  5.96677884e-01  2.15214790e-04  3.12942747e-07  2.15214790e-04 -2.71733904e-07  2.15214790e-04  1.02443383e-05  2.15214790e-04  0.00000000e+00  2.15214790e-04  1.20000000e+00 
 2.15314790e-04  2.98377391e-01  2.15314790e-04  5.96670691e-01  2.15314790e-04  4.34740579e-07  2.15314790e-04  2.71722638e-07  2.15314790e-04 -1.00907055e-05  2.15314790e-04  0.00000000e+00  2.15314790e-04  1.20000000e+00 
 2.15414790e-04  2.97680074e-01  2.15414790e-04  5.96687414e-01  2.15414790e-04  3.12945245e-07  2.15414790e-04 -2.71715120e-07  2.15414790e-04  1.02442631e-05  2.15414790e-04  0.00000000e+00  2.15414790e-04  1.20000000e+00 
 2.15514790e-04  2.96984152e-01  2.15514790e-04  5.96667199e-01  2.15514790e-04  4.34739111e-07  2.15514790e-04  2.71718192e-07  2.15514790e-04 -1.00907956e-05  2.15514790e-04  0.00000000e+00  2.15514790e-04  1.20000000e+00 
 2.15614790e-04  2.96287596e-01  2.15614790e-04  5.96686685e-01  2.15614790e-04  3.12946225e-07  2.15614790e-04 -2.71719281e-07  2.15614790e-04  1.02441708e-05  2.15614790e-04  0.00000000e+00  2.15614790e-04  1.20000000e+00 
 2.15714790e-04  2.95592493e-01  2.15714790e-04  5.96670455e-01  2.15714790e-04  4.34738357e-07  2.15714790e-04  2.71727319e-07  2.15714790e-04 -1.00908720e-05  2.15714790e-04  0.00000000e+00  2.15714790e-04  1.20000000e+00 
 2.15814790e-04  2.94896746e-01  2.15814790e-04  5.96681831e-01  2.15814790e-04  3.12946890e-07  2.15814790e-04 -2.71730755e-07  2.15814790e-04  1.02440614e-05  2.15814790e-04  0.00000000e+00  2.15814790e-04  1.20000000e+00 
 2.15914790e-04  2.94202460e-01  2.15914790e-04  5.96675921e-01  2.15914790e-04  4.34737717e-07  2.15914790e-04  2.71739544e-07  2.15914790e-04 -1.00909352e-05  2.15914790e-04  0.00000000e+00  2.15914790e-04  1.20000000e+00 
 2.16014790e-04  2.93507546e-01  2.16014790e-04  5.96675989e-01  2.16014790e-04  3.12947546e-07  2.16014790e-04 -2.71742666e-07  2.16014790e-04  1.02439361e-05  2.16014790e-04  0.00000000e+00  2.16014790e-04  1.20000000e+00 
 2.16114790e-04  2.92814086e-01  2.16114790e-04  5.96681573e-01  2.16114790e-04  4.34737024e-07  2.16114790e-04  2.71750533e-07  2.16114790e-04 -1.00909865e-05  2.16114790e-04  0.00000000e+00  2.16114790e-04  1.20000000e+00 
 2.16214790e-04  2.92120024e-01  2.16214790e-04  5.96670421e-01  2.16214790e-04  3.12948284e-07  2.16214790e-04 -2.71752375e-07  2.16214790e-04  1.02437960e-05  2.16214790e-04  0.00000000e+00  2.16214790e-04  1.20000000e+00 
 2.16314790e-04  2.91427402e-01  2.16314790e-04  5.96686681e-01  2.16314790e-04  4.34736236e-07  2.16314790e-04  2.71758799e-07  2.16314790e-04 -1.00910271e-05  2.16314790e-04  0.00000000e+00  2.16314790e-04  1.20000000e+00 
 2.16414790e-04  2.90734211e-01  2.16414790e-04  5.96665520e-01  2.16414790e-04  3.12949123e-07  2.16414790e-04 -2.71759146e-07  2.16414790e-04  1.02436424e-05  2.16414790e-04  0.00000000e+00  2.16414790e-04  1.20000000e+00 
 2.16514790e-04  2.90042438e-01  2.16514790e-04  5.96691078e-01  2.16514790e-04  4.34735341e-07  2.16514790e-04  2.71764098e-07  2.16514790e-04 -1.00910579e-05  2.16514790e-04  0.00000000e+00  2.16514790e-04  1.20000000e+00 
 2.16614790e-04  2.89350134e-01  2.16614790e-04  5.96661321e-01  2.16614790e-04  3.12950071e-07  2.16614790e-04 -2.71763043e-07  2.16614790e-04  1.02434764e-05  2.16614790e-04  0.00000000e+00  2.16614790e-04  1.20000000e+00 
 2.16714790e-04  2.88659224e-01  2.16714790e-04  5.96694808e-01  2.16714790e-04  4.34734346e-07  2.16714790e-04  2.71766687e-07  2.16714790e-04 -1.00910800e-05  2.16714790e-04  0.00000000e+00  2.16714790e-04  1.20000000e+00 
 2.16814790e-04  2.87967821e-01  2.16814790e-04  5.96657733e-01  2.16814790e-04  3.12951114e-07  2.16814790e-04 -2.71764430e-07  2.16814790e-04  1.02432988e-05  2.16814790e-04  0.00000000e+00  2.16814790e-04  1.20000000e+00 
 2.16914790e-04  2.87277788e-01  2.16914790e-04  5.96697986e-01  2.16914790e-04  4.34733256e-07  2.16914790e-04  2.71766982e-07  2.16914790e-04 -1.00910940e-05  2.16914790e-04  0.00000000e+00  2.16914790e-04  1.20000000e+00 
 2.17014790e-04  2.86587303e-01  2.17014790e-04  5.96654638e-01  2.17014790e-04  3.12952248e-07  2.17014790e-04 -2.71763745e-07  2.17014790e-04  1.02431103e-05  2.17014790e-04  0.00000000e+00  2.17014790e-04  1.20000000e+00 
 2.17114790e-04  2.85898159e-01  2.17114790e-04  5.96700729e-01  2.17114790e-04  4.34732081e-07  2.17114790e-04  2.71765420e-07  2.17114790e-04 -1.00911005e-05  2.17114790e-04  0.00000000e+00  2.17114790e-04  1.20000000e+00 
 2.17214790e-04  2.85208605e-01  2.17214790e-04  5.96651921e-01  2.17214790e-04  3.12953466e-07  2.17214790e-04 -2.71761405e-07  2.17214790e-04  1.02429115e-05  2.17214790e-04  0.00000000e+00  2.17214790e-04  1.20000000e+00 
 2.17314790e-04  2.84520364e-01  2.17314790e-04  5.96703142e-01  2.17314790e-04  4.34730824e-07  2.17314790e-04  2.71762393e-07  2.17314790e-04 -1.00910999e-05  2.17314790e-04  0.00000000e+00  2.17314790e-04  1.20000000e+00 
 2.17414790e-04  2.83831754e-01  2.17414790e-04  5.96649488e-01  2.17414790e-04  3.12954758e-07  2.17414790e-04 -2.71757774e-07  2.17414790e-04  1.02427030e-05  2.17414790e-04  0.00000000e+00  2.17414790e-04  1.20000000e+00 
 2.17514790e-04  2.83144431e-01  2.17514790e-04  5.96705308e-01  2.17514790e-04  4.34729493e-07  2.17514790e-04  2.71758233e-07  2.17514790e-04 -1.00910928e-05  2.17514790e-04  0.00000000e+00  2.17514790e-04  1.20000000e+00 
 2.17614790e-04  2.82456778e-01  2.17614790e-04  5.96647266e-01  2.17614790e-04  3.12956124e-07  2.17614790e-04 -2.71753153e-07  2.17614790e-04  1.02424852e-05  2.17614790e-04  0.00000000e+00  2.17614790e-04  1.20000000e+00 
 2.17714790e-04  2.81770385e-01  2.17714790e-04  5.96707292e-01  2.17714790e-04  4.34728094e-07  2.17714790e-04  2.71753210e-07  2.17714790e-04 -1.00910793e-05  2.17714790e-04  0.00000000e+00  2.17714790e-04  1.20000000e+00 
 2.17814790e-04  2.81083701e-01  2.17814790e-04  5.96645197e-01  2.17814790e-04  3.12957557e-07  2.17814790e-04 -2.71747781e-07  2.17814790e-04  1.02422585e-05  2.17814790e-04  0.00000000e+00  2.17814790e-04  1.20000000e+00 
 2.17914790e-04  2.80398251e-01  2.17914790e-04  5.96709144e-01  2.17914790e-04  4.34726630e-07  2.17914790e-04  2.71747536e-07  2.17914790e-04 -1.00910599e-05  2.17914790e-04  0.00000000e+00  2.17914790e-04  1.20000000e+00 
 2.18014790e-04  2.79712549e-01  2.18014790e-04  5.96643241e-01  2.18014790e-04  3.12959055e-07  2.18014790e-04 -2.71741846e-07  2.18014790e-04  1.02420233e-05  2.18014790e-04  0.00000000e+00  2.18014790e-04  1.20000000e+00 
 2.18114790e-04  2.79028055e-01  2.18114790e-04  5.96710898e-01  2.18114790e-04  4.34725102e-07  2.18114790e-04  2.71741374e-07  2.18114790e-04 -1.00910348e-05  2.18114790e-04  0.00000000e+00  2.18114790e-04  1.20000000e+00 
 2.18214790e-04  2.78343345e-01  2.18214790e-04  5.96641366e-01  2.18214790e-04  3.12960611e-07  2.18214790e-04 -2.71735490e-07  2.18214790e-04  1.02417798e-05  2.18214790e-04  0.00000000e+00  2.18214790e-04  1.20000000e+00 
 2.18314790e-04  2.77659819e-01  2.18314790e-04  5.96712580e-01  2.18314790e-04  4.34723515e-07  2.18314790e-04  2.71734850e-07  2.18314790e-04 -1.00910042e-05  2.18314790e-04  0.00000000e+00  2.18314790e-04  1.20000000e+00 
 2.18414790e-04  2.76976113e-01  2.18414790e-04  5.96639551e-01  2.18414790e-04  3.12962228e-07  2.18414790e-04 -2.71728821e-07  2.18414790e-04  1.02415285e-05  2.18414790e-04  0.00000000e+00  2.18414790e-04  1.20000000e+00 
 2.18514790e-04  2.76293567e-01  2.18514790e-04  5.96714210e-01  2.18514790e-04  4.34721871e-07  2.18514790e-04  2.71728056e-07  2.18514790e-04 -1.00909684e-05  2.18514790e-04  0.00000000e+00  2.18514790e-04  1.20000000e+00 
 2.18614790e-04  2.75610875e-01  2.18614790e-04  5.96637781e-01  2.18614790e-04  3.12963903e-07  2.18614790e-04 -2.71721918e-07  2.18614790e-04  1.02412696e-05  2.18614790e-04  0.00000000e+00  2.18614790e-04  1.20000000e+00 
 2.18714790e-04  2.74929322e-01  2.18714790e-04  5.96715799e-01  2.18714790e-04  4.34720169e-07  2.18714790e-04  2.71721060e-07  2.18714790e-04 -1.00909276e-05  2.18714790e-04  0.00000000e+00  2.18714790e-04  1.20000000e+00 
 2.18814790e-04  2.74247653e-01  2.18814790e-04  5.96636044e-01  2.18814790e-04  3.12965629e-07  2.18814790e-04 -2.71714840e-07  2.18814790e-04  1.02410035e-05  2.18814790e-04  0.00000000e+00  2.18814790e-04  1.20000000e+00 
 2.18914790e-04  2.73567103e-01  2.18914790e-04  5.96717357e-01  2.18914790e-04  4.34718412e-07  2.18914790e-04  2.71713911e-07  2.18914790e-04 -1.00908819e-05  2.18914790e-04  0.00000000e+00  2.18914790e-04  1.20000000e+00 
 2.19014790e-04  2.72886469e-01  2.19014790e-04  5.96634335e-01  2.19014790e-04  3.12967411e-07  2.19014790e-04 -2.71707628e-07  2.19014790e-04  1.02407302e-05  2.19014790e-04  0.00000000e+00  2.19014790e-04  1.20000000e+00 
 2.19114790e-04  2.72206932e-01  2.19114790e-04  5.96718888e-01  2.19114790e-04  4.34716605e-07  2.19114790e-04  2.71706643e-07  2.19114790e-04 -1.00908315e-05  2.19114790e-04  0.00000000e+00  2.19114790e-04  1.20000000e+00 
 2.19214790e-04  2.71527342e-01  2.19214790e-04  5.96632648e-01  2.19214790e-04  3.12969243e-07  2.19214790e-04 -2.71700311e-07  2.19214790e-04  1.02404502e-05  2.19214790e-04  0.00000000e+00  2.19214790e-04  1.20000000e+00 
 2.19314790e-04  2.70848829e-01  2.19314790e-04  5.96720396e-01  2.19314790e-04  4.34714748e-07  2.19314790e-04  2.71699281e-07  2.19314790e-04 -1.00907766e-05  2.19314790e-04  0.00000000e+00  2.19314790e-04  1.20000000e+00 
 2.19414790e-04  2.70170291e-01  2.19414790e-04  5.96630982e-01  2.19414790e-04  3.12971128e-07  2.19414790e-04 -2.71692907e-07  2.19414790e-04  1.02401637e-05  2.19414790e-04  0.00000000e+00  2.19414790e-04  1.20000000e+00 
 2.19514790e-04  2.69492813e-01  2.19514790e-04  5.96721885e-01  2.19514790e-04  4.34712840e-07  2.19514790e-04  2.71691839e-07  2.19514790e-04 -1.00907173e-05  2.19514790e-04  0.00000000e+00  2.19514790e-04  1.20000000e+00 
 2.19614790e-04  2.68815336e-01  2.19614790e-04  5.96629333e-01  2.19614790e-04  3.12973062e-07  2.19614790e-04 -2.71685430e-07  2.19614790e-04  1.02398708e-05  2.19614790e-04  0.00000000e+00  2.19614790e-04  1.20000000e+00 
 2.19714790e-04  2.68138901e-01  2.19714790e-04  5.96723354e-01  2.19714790e-04  4.34710883e-07  2.19714790e-04  2.71684329e-07  2.19714790e-04 -1.00906537e-05  2.19714790e-04  0.00000000e+00  2.19714790e-04  1.20000000e+00 
 2.19814790e-04  2.67462494e-01  2.19814790e-04  5.96627703e-01  2.19814790e-04  3.12975041e-07  2.19814790e-04 -2.71677887e-07  2.19814790e-04  1.02395719e-05  2.19814790e-04  0.00000000e+00  2.19814790e-04  1.20000000e+00 
 2.19914790e-04  2.66787112e-01  2.19914790e-04  5.96724804e-01  2.19914790e-04  4.34708882e-07  2.19914790e-04  2.71676755e-07  2.19914790e-04 -1.00905860e-05  2.19914790e-04  0.00000000e+00  2.19914790e-04  1.20000000e+00 
 2.20014790e-04  2.66111783e-01  2.20014790e-04  5.96626090e-01  2.20014790e-04  3.12977067e-07  2.20014790e-04 -2.71670284e-07  2.20014790e-04  1.02392670e-05  2.20014790e-04  0.00000000e+00  2.20014790e-04  1.20000000e+00 
 2.20114790e-04  2.65437461e-01  2.20114790e-04  5.96726235e-01  2.20114790e-04  4.34706830e-07  2.20114790e-04  2.71669122e-07  2.20114790e-04 -1.00905143e-05  2.20114790e-04  0.00000000e+00  2.20114790e-04  1.20000000e+00 
 2.20214790e-04  2.64763217e-01  2.20214790e-04  5.96624495e-01  2.20214790e-04  3.12979137e-07  2.20214790e-04 -2.71662621e-07  2.20214790e-04  1.02389564e-05  2.20214790e-04  0.00000000e+00  2.20214790e-04  1.20000000e+00 
 2.20314790e-04  2.64089965e-01  2.20314790e-04  5.96727649e-01  2.20314790e-04  4.34704737e-07  2.20314790e-04  2.71661431e-07  2.20314790e-04 -1.00904386e-05  2.20314790e-04  0.00000000e+00  2.20314790e-04  1.20000000e+00 
 2.20414790e-04  2.63416814e-01  2.20414790e-04  5.96622918e-01  2.20414790e-04  3.12981253e-07  2.20414790e-04 -2.71654900e-07  2.20414790e-04  1.02386402e-05  2.20414790e-04  0.00000000e+00  2.20414790e-04  1.20000000e+00 
 2.20514790e-04  2.62744639e-01  2.20514790e-04  5.96729042e-01  2.20514790e-04  4.34702602e-07  2.20514790e-04  2.71653680e-07  2.20514790e-04 -1.00903591e-05  2.20514790e-04  0.00000000e+00  2.20514790e-04  1.20000000e+00 
 2.20614790e-04  2.62072587e-01  2.20614790e-04  5.96621358e-01  2.20614790e-04  3.12983410e-07  2.20614790e-04 -2.71647121e-07  2.20614790e-04  1.02383188e-05  2.20614790e-04  0.00000000e+00  2.20614790e-04  1.20000000e+00 
 2.20714790e-04  2.61401497e-01  2.20714790e-04  5.96730417e-01  2.20714790e-04  4.34700423e-07  2.20714790e-04  2.71645871e-07  2.20714790e-04 -1.00902760e-05  2.20714790e-04  0.00000000e+00  2.20714790e-04  1.20000000e+00 
 2.20814790e-04  2.60730551e-01  2.20814790e-04  5.96619818e-01  2.20814790e-04  3.12985610e-07  2.20814790e-04 -2.71639282e-07  2.20814790e-04  1.02379921e-05  2.20814790e-04  0.00000000e+00  2.20814790e-04  1.20000000e+00 
 2.20914790e-04  2.60060552e-01  2.20914790e-04  5.96731772e-01  2.20914790e-04  4.34698206e-07  2.20914790e-04  2.71638002e-07  2.20914790e-04 -1.00901891e-05  2.20914790e-04  0.00000000e+00  2.20914790e-04  1.20000000e+00 
 2.21014790e-04  2.59390719e-01  2.21014790e-04  5.96618298e-01  2.21014790e-04  3.12987849e-07  2.21014790e-04 -2.71631382e-07  2.21014790e-04  1.02376604e-05  2.21014790e-04  0.00000000e+00  2.21014790e-04  1.20000000e+00 
 2.21114790e-04  2.58721818e-01  2.21114790e-04  5.96733107e-01  2.21114790e-04  4.34695945e-07  2.21114790e-04  2.71630071e-07  2.21114790e-04 -1.00900987e-05  2.21114790e-04  0.00000000e+00  2.21114790e-04  1.20000000e+00 
 2.21214790e-04  2.58053103e-01  2.21214790e-04  5.96616797e-01  2.21214790e-04  3.12990127e-07  2.21214790e-04 -2.71623420e-07  2.21214790e-04  1.02373239e-05  2.21214790e-04  0.00000000e+00  2.21214790e-04  1.20000000e+00 
 2.21314790e-04  2.57385307e-01  2.21314790e-04  5.96734421e-01  2.21314790e-04  4.34693647e-07  2.21314790e-04  2.71622078e-07  2.21314790e-04 -1.00900048e-05  2.21314790e-04  0.00000000e+00  2.21314790e-04  1.20000000e+00 
 2.21414790e-04  2.56717716e-01  2.21414790e-04  5.96615315e-01  2.21414790e-04  3.12992443e-07  2.21414790e-04 -2.71615395e-07  2.21414790e-04  1.02369826e-05  2.21414790e-04  0.00000000e+00  2.21414790e-04  1.20000000e+00 
 2.21514790e-04  2.56051030e-01  2.21514790e-04  5.96735715e-01  2.21514790e-04  4.34691314e-07  2.21514790e-04  2.71614021e-07  2.21514790e-04 -1.00899075e-05  2.21514790e-04  0.00000000e+00  2.21514790e-04  1.20000000e+00 
 2.21614790e-04  2.55384568e-01  2.21614790e-04  5.96613855e-01  2.21614790e-04  3.12994795e-07  2.21614790e-04 -2.71607306e-07  2.21614790e-04  1.02366368e-05  2.21614790e-04  0.00000000e+00  2.21614790e-04  1.20000000e+00 
 2.21714790e-04  2.54718998e-01  2.21714790e-04  5.96736989e-01  2.21714790e-04  4.34688941e-07  2.21714790e-04  2.71605900e-07  2.21714790e-04 -1.00898069e-05  2.21714790e-04  0.00000000e+00  2.21714790e-04  1.20000000e+00 
 2.21814790e-04  2.54053669e-01  2.21814790e-04  5.96612416e-01  2.21814790e-04  3.12997184e-07  2.21814790e-04 -2.71599152e-07  2.21814790e-04  1.02362865e-05  2.21814790e-04  0.00000000e+00  2.21814790e-04  1.20000000e+00 
 2.21914790e-04  2.53389221e-01  2.21914790e-04  5.96738241e-01  2.21914790e-04  4.34686537e-07  2.21914790e-04  2.71597714e-07  2.21914790e-04 -1.00897030e-05  2.21914790e-04  0.00000000e+00  2.21914790e-04  1.20000000e+00 
 2.22014790e-04  2.52725031e-01  2.22014790e-04  5.96610997e-01  2.22014790e-04  3.12999608e-07  2.22014790e-04 -2.71590933e-07  2.22014790e-04  1.02359319e-05  2.22014790e-04  0.00000000e+00  2.22014790e-04  1.20000000e+00 
 2.22114790e-04  2.52061709e-01  2.22114790e-04  5.96739473e-01  2.22114790e-04  4.34684094e-07  2.22114790e-04  2.71589462e-07  2.22114790e-04 -1.00895959e-05  2.22114790e-04  0.00000000e+00  2.22114790e-04  1.20000000e+00 
 2.22214790e-04  2.51398662e-01  2.22214790e-04  5.96609599e-01  2.22214790e-04  3.13002066e-07  2.22214790e-04 -2.71582648e-07  2.22214790e-04  1.02355732e-05  2.22214790e-04  0.00000000e+00  2.22214790e-04  1.20000000e+00 
 2.22314790e-04  2.50736471e-01  2.22314790e-04  5.96740683e-01  2.22314790e-04  4.34681622e-07  2.22314790e-04  2.71581144e-07  2.22314790e-04 -1.00894856e-05  2.22314790e-04  0.00000000e+00  2.22314790e-04  1.20000000e+00 
 2.22414790e-04  2.50074571e-01  2.22414790e-04  5.96608223e-01  2.22414790e-04  3.13004556e-07  2.22414790e-04 -2.71574297e-07  2.22414790e-04  1.02352105e-05  2.22414790e-04  0.00000000e+00  2.22414790e-04  1.20000000e+00 
 2.22514790e-04  2.49413515e-01  2.22514790e-04  5.96741872e-01  2.22514790e-04  4.34679115e-07  2.22514790e-04  2.71572760e-07  2.22514790e-04 -1.00893722e-05  2.22514790e-04  0.00000000e+00  2.22514790e-04  1.20000000e+00 
 2.22614790e-04  2.48752765e-01  2.22614790e-04  5.96606869e-01  2.22614790e-04  3.13007077e-07  2.22614790e-04 -2.71565881e-07  2.22614790e-04  1.02348438e-05  2.22614790e-04  0.00000000e+00  2.22614790e-04  1.20000000e+00 
 2.22714790e-04  2.48092848e-01  2.22714790e-04  5.96743039e-01  2.22714790e-04  4.34676577e-07  2.22714790e-04  2.71564311e-07  2.22714790e-04 -1.00892558e-05  2.22714790e-04  0.00000000e+00  2.22714790e-04  1.20000000e+00 
 2.22814790e-04  2.47433252e-01  2.22814790e-04  5.96605536e-01  2.22814790e-04  3.13009629e-07  2.22814790e-04 -2.71557400e-07  2.22814790e-04  1.02344734e-05  2.22814790e-04  0.00000000e+00  2.22814790e-04  1.20000000e+00 
 2.22914790e-04  2.46774478e-01  2.22914790e-04  5.96744186e-01  2.22914790e-04  4.34674009e-07  2.22914790e-04  2.71555797e-07  2.22914790e-04 -1.00891364e-05  2.22914790e-04  0.00000000e+00  2.22914790e-04  1.20000000e+00 
 2.23014790e-04  2.46116039e-01  2.23014790e-04  5.96604226e-01  2.23014790e-04  3.13012214e-07  2.23014790e-04 -2.71548853e-07  2.23014790e-04  1.02340993e-05  2.23014790e-04  0.00000000e+00  2.23014790e-04  1.20000000e+00 
 2.23114790e-04  2.45458412e-01  2.23114790e-04  5.96745311e-01  2.23114790e-04  4.34671410e-07  2.23114790e-04  2.71547219e-07  2.23114790e-04 -1.00890141e-05  2.23114790e-04  0.00000000e+00  2.23114790e-04  1.20000000e+00 
 2.23214790e-04  2.44801133e-01  2.23214790e-04  5.96602937e-01  2.23214790e-04  3.13014825e-07  2.23214790e-04 -2.71540243e-07  2.23214790e-04  1.02337216e-05  2.23214790e-04  0.00000000e+00  2.23214790e-04  1.20000000e+00 
 2.23314790e-04  2.44144656e-01  2.23314790e-04  5.96746415e-01  2.23314790e-04  4.34668784e-07  2.23314790e-04  2.71538576e-07  2.23314790e-04 -1.00888890e-05  2.23314790e-04  0.00000000e+00  2.23314790e-04  1.20000000e+00 
 2.23414790e-04  2.43488539e-01  2.23414790e-04  5.96601671e-01  2.23414790e-04  3.13017464e-07  2.23414790e-04 -2.71531569e-07  2.23414790e-04  1.02333405e-05  2.23414790e-04  0.00000000e+00  2.23414790e-04  1.20000000e+00 
 2.23514790e-04  2.42833214e-01  2.23514790e-04  5.96747497e-01  2.23514790e-04  4.34666130e-07  2.23514790e-04  2.71529872e-07  2.23514790e-04 -1.00887610e-05  2.23514790e-04  0.00000000e+00  2.23514790e-04  1.20000000e+00 
 2.23614790e-04  2.42178263e-01  2.23614790e-04  5.96600427e-01  2.23614790e-04  3.13020132e-07  2.23614790e-04 -2.71522833e-07  2.23614790e-04  1.02329560e-05  2.23614790e-04  0.00000000e+00  2.23614790e-04  1.20000000e+00 
 2.23714790e-04  2.41524093e-01  2.23714790e-04  5.96748558e-01  2.23714790e-04  4.34663450e-07  2.23714790e-04  2.71521105e-07  2.23714790e-04 -1.00886303e-05  2.23714790e-04  0.00000000e+00  2.23714790e-04  1.20000000e+00 
 2.23814790e-04  2.40870309e-01  2.23814790e-04  5.96599206e-01  2.23814790e-04  3.13022825e-07  2.23814790e-04 -2.71514037e-07  2.23814790e-04  1.02325683e-05  2.23814790e-04  0.00000000e+00  2.23814790e-04  1.20000000e+00 
 2.23914790e-04  2.40217297e-01  2.23914790e-04  5.96749598e-01  2.23914790e-04  4.34660743e-07  2.23914790e-04  2.71512278e-07  2.23914790e-04 -1.00884969e-05  2.23914790e-04  0.00000000e+00  2.23914790e-04  1.20000000e+00 
 2.24014790e-04  2.39564682e-01  2.24014790e-04  5.96598007e-01  2.24014790e-04  3.13025545e-07  2.24014790e-04 -2.71505180e-07  2.24014790e-04  1.02321775e-05  2.24014790e-04  0.00000000e+00  2.24014790e-04  1.20000000e+00 
 2.24114790e-04  2.38912829e-01  2.24114790e-04  5.96750617e-01  2.24114790e-04  4.34658010e-07  2.24114790e-04  2.71503392e-07  2.24114790e-04 -1.00883609e-05  2.24114790e-04  0.00000000e+00  2.24114790e-04  1.20000000e+00 
 2.24214790e-04  2.38261385e-01  2.24214790e-04  5.96596830e-01  2.24214790e-04  3.13028289e-07  2.24214790e-04 -2.71496265e-07  2.24214790e-04  1.02317837e-05  2.24214790e-04  0.00000000e+00  2.24214790e-04  1.20000000e+00 
 2.24314790e-04  2.37610695e-01  2.24314790e-04  5.96751614e-01  2.24314790e-04  4.34655255e-07  2.24314790e-04  2.71494448e-07  2.24314790e-04 -1.00882223e-05  2.24314790e-04  0.00000000e+00  2.24314790e-04  1.20000000e+00 
 2.24414790e-04  2.36960423e-01  2.24414790e-04  5.96595676e-01  2.24414790e-04  3.13031059e-07  2.24414790e-04 -2.71487293e-07  2.24414790e-04  1.02313870e-05  2.24414790e-04  0.00000000e+00  2.24414790e-04  1.20000000e+00 
 2.24514790e-04  2.36310896e-01  2.24514790e-04  5.96752590e-01  2.24514790e-04  4.34652474e-07  2.24514790e-04  2.71485448e-07  2.24514790e-04 -1.00880811e-05  2.24514790e-04  0.00000000e+00  2.24514790e-04  1.20000000e+00 
 2.24614790e-04  2.35661799e-01  2.24614790e-04  5.96594544e-01  2.24614790e-04  3.13033848e-07  2.24614790e-04 -2.71478265e-07  2.24614790e-04  1.02309874e-05  2.24614790e-04  0.00000000e+00  2.24614790e-04  1.20000000e+00 
 2.24714790e-04  2.35013436e-01  2.24714790e-04  5.96753545e-01  2.24714790e-04  4.34649672e-07  2.24714790e-04  2.71476393e-07  2.24714790e-04 -1.00879374e-05  2.24714790e-04  0.00000000e+00  2.24714790e-04  1.20000000e+00 
 2.24814790e-04  2.34365514e-01  2.24814790e-04  5.96593436e-01  2.24814790e-04  3.13036662e-07  2.24814790e-04 -2.71469183e-07  2.24814790e-04  1.02305851e-05  2.24814790e-04  0.00000000e+00  2.24814790e-04  1.20000000e+00 
 2.24914790e-04  2.33718318e-01  2.24914790e-04  5.96754479e-01  2.24914790e-04  4.34646846e-07  2.24914790e-04  2.71467285e-07  2.24914790e-04 -1.00877914e-05  2.24914790e-04  0.00000000e+00  2.24914790e-04  1.20000000e+00 
 2.25014790e-04  2.33071571e-01  2.25014790e-04  5.96592349e-01  2.25014790e-04  3.13039499e-07  2.25014790e-04 -2.71460049e-07  2.25014790e-04  1.02301801e-05  2.25014790e-04  0.00000000e+00  2.25014790e-04  1.20000000e+00 
 2.25114790e-04  2.32425544e-01  2.25114790e-04  5.96755393e-01  2.25114790e-04  4.34644000e-07  2.25114790e-04  2.71458124e-07  2.25114790e-04 -1.00876429e-05  2.25114790e-04  0.00000000e+00  2.25114790e-04  1.20000000e+00 
 2.25214790e-04  2.31779973e-01  2.25214790e-04  5.96591285e-01  2.25214790e-04  3.13042353e-07  2.25214790e-04 -2.71450863e-07  2.25214790e-04  1.02297726e-05  2.25214790e-04  0.00000000e+00  2.25214790e-04  1.20000000e+00 
 2.25314790e-04  2.31135114e-01  2.25314790e-04  5.96756285e-01  2.25314790e-04  4.34641133e-07  2.25314790e-04  2.71448914e-07  2.25314790e-04 -1.00874921e-05  2.25314790e-04  0.00000000e+00  2.25314790e-04  1.20000000e+00 
 2.25414790e-04  2.30490721e-01  2.25414790e-04  5.96590244e-01  2.25414790e-04  3.13045230e-07  2.25414790e-04 -2.71441629e-07  2.25414790e-04  1.02293627e-05  2.25414790e-04  0.00000000e+00  2.25414790e-04  1.20000000e+00 
 2.25514790e-04  2.29847032e-01  2.25514790e-04  5.96757157e-01  2.25514790e-04  4.34638247e-07  2.25514790e-04  2.71439655e-07  2.25514790e-04 -1.00873390e-05  2.25514790e-04  0.00000000e+00  2.25514790e-04  1.20000000e+00 
 2.25614790e-04  2.29203816e-01  2.25614790e-04  5.96589225e-01  2.25614790e-04  3.13048126e-07  2.25614790e-04 -2.71432346e-07  2.25614790e-04  1.02289503e-05  2.25614790e-04  0.00000000e+00  2.25614790e-04  1.20000000e+00 
 2.25714790e-04  2.28561297e-01  2.25714790e-04  5.96758008e-01  2.25714790e-04  4.34635340e-07  2.25714790e-04  2.71430349e-07  2.25714790e-04 -1.00871837e-05  2.25714790e-04  0.00000000e+00  2.25714790e-04  1.20000000e+00 
 2.25814790e-04  2.27919259e-01  2.25814790e-04  5.96588229e-01  2.25814790e-04  3.13051040e-07  2.25814790e-04 -2.71423017e-07  2.25814790e-04  1.02285357e-05  2.25814790e-04  0.00000000e+00  2.25814790e-04  1.20000000e+00 
 2.25914790e-04  2.27277910e-01  2.25914790e-04  5.96758838e-01  2.25914790e-04  4.34632418e-07  2.25914790e-04  2.71420998e-07  2.25914790e-04 -1.00870263e-05  2.25914790e-04  0.00000000e+00  2.25914790e-04  1.20000000e+00 
 2.26014790e-04  2.26637051e-01  2.26014790e-04  5.96587255e-01  2.26014790e-04  3.13053973e-07  2.26014790e-04 -2.71413644e-07  2.26014790e-04  1.02281189e-05  2.26014790e-04  0.00000000e+00  2.26014790e-04  1.20000000e+00 
 2.26114790e-04  2.25996873e-01  2.26114790e-04  5.96759649e-01  2.26114790e-04  4.34629475e-07  2.26114790e-04  2.71411603e-07  2.26114790e-04 -1.00868667e-05  2.26114790e-04  0.00000000e+00  2.26114790e-04  1.20000000e+00 
 2.26214790e-04  2.25357192e-01  2.26214790e-04  5.96586303e-01  2.26214790e-04  3.13056922e-07  2.26214790e-04 -2.71404228e-07  2.26214790e-04  1.02277000e-05  2.26214790e-04  0.00000000e+00  2.26214790e-04  1.20000000e+00 
 2.26314790e-04  2.24718185e-01  2.26314790e-04  5.96760439e-01  2.26314790e-04  4.34626519e-07  2.26314790e-04  2.71402166e-07  2.26314790e-04 -1.00867050e-05  2.26314790e-04  0.00000000e+00  2.26314790e-04  1.20000000e+00 
 2.26414790e-04  2.24079681e-01  2.26414790e-04  5.96585373e-01  2.26414790e-04  3.13059891e-07  2.26414790e-04 -2.71394771e-07  2.26414790e-04  1.02272791e-05  2.26414790e-04  0.00000000e+00  2.26414790e-04  1.20000000e+00 
 2.26514790e-04  2.23441846e-01  2.26514790e-04  5.96761209e-01  2.26514790e-04  4.34623544e-07  2.26514790e-04  2.71392689e-07  2.26514790e-04 -1.00865413e-05  2.26514790e-04  0.00000000e+00  2.26514790e-04  1.20000000e+00 
 2.26614790e-04  2.22804520e-01  2.26614790e-04  5.96584465e-01  2.26614790e-04  3.13062873e-07  2.26614790e-04 -2.71385274e-07  2.26614790e-04  1.02268561e-05  2.26614790e-04  0.00000000e+00  2.26614790e-04  1.20000000e+00 
 2.26714790e-04  2.22167856e-01  2.26714790e-04  5.96761959e-01  2.26714790e-04  4.34620553e-07  2.26714790e-04  2.71383172e-07  2.26714790e-04 -1.00863757e-05  2.26714790e-04  0.00000000e+00  2.26714790e-04  1.20000000e+00 
 2.26814790e-04  2.21531707e-01  2.26814790e-04  5.96583580e-01  2.26814790e-04  3.13065871e-07  2.26814790e-04 -2.71375738e-07  2.26814790e-04  1.02264313e-05  2.26814790e-04  0.00000000e+00  2.26814790e-04  1.20000000e+00 
 2.26914790e-04  2.20896214e-01  2.26914790e-04  5.96762690e-01  2.26914790e-04  4.34617547e-07  2.26914790e-04  2.71373618e-07  2.26914790e-04 -1.00862081e-05  2.26914790e-04  0.00000000e+00  2.26914790e-04  1.20000000e+00 
 2.27014790e-04  2.20261241e-01  2.27014790e-04  5.96582715e-01  2.27014790e-04  3.13068882e-07  2.27014790e-04 -2.71366167e-07  2.27014790e-04  1.02260047e-05  2.27014790e-04  0.00000000e+00  2.27014790e-04  1.20000000e+00 
 2.27114790e-04  2.19626920e-01  2.27114790e-04  5.96763401e-01  2.27114790e-04  4.34614526e-07  2.27114790e-04  2.71364029e-07  2.27114790e-04 -1.00860386e-05  2.27114790e-04  0.00000000e+00  2.27114790e-04  1.20000000e+00 
 2.27214790e-04  2.18993122e-01  2.27214790e-04  5.96581872e-01  2.27214790e-04  3.13071909e-07  2.27214790e-04 -2.71356560e-07  2.27214790e-04  1.02255764e-05  2.27214790e-04  0.00000000e+00  2.27214790e-04  1.20000000e+00 
 2.27314790e-04  2.18359971e-01  2.27314790e-04  5.96764092e-01  2.27314790e-04  4.34611493e-07  2.27314790e-04  2.71354405e-07  2.27314790e-04 -1.00858673e-05  2.27314790e-04  0.00000000e+00  2.27314790e-04  1.20000000e+00 
 2.27414790e-04  2.17727349e-01  2.27414790e-04  5.96581051e-01  2.27414790e-04  3.13074947e-07  2.27414790e-04 -2.71346919e-07  2.27414790e-04  1.02251464e-05  2.27414790e-04  0.00000000e+00  2.27414790e-04  1.20000000e+00 
 2.27514790e-04  2.17095368e-01  2.27514790e-04  5.96764765e-01  2.27514790e-04  4.34608447e-07  2.27514790e-04  2.71344748e-07  2.27514790e-04 -1.00856942e-05  2.27514790e-04  0.00000000e+00  2.27514790e-04  1.20000000e+00 
 2.27614790e-04  2.16463920e-01  2.27614790e-04  5.96580250e-01  2.27614790e-04  3.13078001e-07  2.27614790e-04 -2.71337247e-07  2.27614790e-04  1.02247148e-05  2.27614790e-04  0.00000000e+00  2.27614790e-04  1.20000000e+00 
 2.27714790e-04  2.15833107e-01  2.27714790e-04  5.96765419e-01  2.27714790e-04  4.34605387e-07  2.27714790e-04  2.71335060e-07  2.27714790e-04 -1.00855194e-05  2.27714790e-04  0.00000000e+00  2.27714790e-04  1.20000000e+00 
 2.27814790e-04  2.15202833e-01  2.27814790e-04  5.96579470e-01  2.27814790e-04  3.13081067e-07  2.27814790e-04 -2.71327544e-07  2.27814790e-04  1.02242817e-05  2.27814790e-04  0.00000000e+00  2.27814790e-04  1.20000000e+00 
 2.27914790e-04  2.14573189e-01  2.27914790e-04  5.96766054e-01  2.27914790e-04  4.34602317e-07  2.27914790e-04  2.71325342e-07  2.27914790e-04 -1.00853429e-05  2.27914790e-04  0.00000000e+00  2.27914790e-04  1.20000000e+00 
 2.28014790e-04  2.13944086e-01  2.28014790e-04  5.96578711e-01  2.28014790e-04  3.13084144e-07  2.28014790e-04 -2.71317811e-07  2.28014790e-04  1.02238471e-05  2.28014790e-04  0.00000000e+00  2.28014790e-04  1.20000000e+00 
 2.28114790e-04  2.13315610e-01  2.28114790e-04  5.96766671e-01  2.28114790e-04  4.34599234e-07  2.28114790e-04  2.71315596e-07  2.28114790e-04 -1.00851647e-05  2.28114790e-04  0.00000000e+00  2.28114790e-04  1.20000000e+00 
 2.28214790e-04  2.12687678e-01  2.28214790e-04  5.96577972e-01  2.28214790e-04  3.13087231e-07  2.28214790e-04 -2.71308051e-07  2.28214790e-04  1.02234112e-05  2.28214790e-04  0.00000000e+00  2.28214790e-04  1.20000000e+00 
 2.28314790e-04  2.12060369e-01  2.28314790e-04  5.96767269e-01  2.28314790e-04  4.34596142e-07  2.28314790e-04  2.71305822e-07  2.28314790e-04 -1.00849850e-05  2.28314790e-04  0.00000000e+00  2.28314790e-04  1.20000000e+00 
 2.28414790e-04  2.11433607e-01  2.28414790e-04  5.96577254e-01  2.28414790e-04  3.13090328e-07  2.28414790e-04 -2.71298264e-07  2.28414790e-04  1.02229739e-05  2.28414790e-04  0.00000000e+00  2.28414790e-04  1.20000000e+00 
 2.28514790e-04  2.10807463e-01  2.28514790e-04  5.96767851e-01  2.28514790e-04  4.34593036e-07  2.28514790e-04  2.71296022e-07  2.28514790e-04 -1.00848036e-05  2.28514790e-04  0.00000000e+00  2.28514790e-04  1.20000000e+00 
 2.28614790e-04  2.10181869e-01  2.28614790e-04  5.96576555e-01  2.28614790e-04  3.13093438e-07  2.28614790e-04 -2.71288452e-07  2.28614790e-04  1.02225353e-05  2.28614790e-04  0.00000000e+00  2.28614790e-04  1.20000000e+00 
 2.28714790e-04  2.09556890e-01  2.28714790e-04  5.96768413e-01  2.28714790e-04  4.34589922e-07  2.28714790e-04  2.71286198e-07  2.28714790e-04 -1.00846208e-05  2.28714790e-04  0.00000000e+00  2.28714790e-04  1.20000000e+00 
 2.28814790e-04  2.08932463e-01  2.28814790e-04  5.96575876e-01  2.28814790e-04  3.13096554e-07  2.28814790e-04 -2.71278616e-07  2.28814790e-04  1.02220956e-05  2.28814790e-04  0.00000000e+00  2.28814790e-04  1.20000000e+00 
 2.28914790e-04  2.08308647e-01  2.28914790e-04  5.96768959e-01  2.28914790e-04  4.34586802e-07  2.28914790e-04  2.71276350e-07  2.28914790e-04 -1.00844365e-05  2.28914790e-04  0.00000000e+00  2.28914790e-04  1.20000000e+00 
 2.29014790e-04  2.07685386e-01  2.29014790e-04  5.96575216e-01  2.29014790e-04  3.13099683e-07  2.29014790e-04 -2.71268757e-07  2.29014790e-04  1.02216546e-05  2.29014790e-04  0.00000000e+00  2.29014790e-04  1.20000000e+00 
 2.29114790e-04  2.07062732e-01  2.29114790e-04  5.96769488e-01  2.29114790e-04  4.34583671e-07  2.29114790e-04  2.71266480e-07  2.29114790e-04 -1.00842508e-05  2.29114790e-04  0.00000000e+00  2.29114790e-04  1.20000000e+00 
 2.29214790e-04  2.06440635e-01  2.29214790e-04  5.96574576e-01  2.29214790e-04  3.13102817e-07  2.29214790e-04 -2.71258877e-07  2.29214790e-04  1.02212126e-05  2.29214790e-04  0.00000000e+00  2.29214790e-04  1.20000000e+00 
 2.29314790e-04  2.05819142e-01  2.29314790e-04  5.96770000e-01  2.29314790e-04  4.34580529e-07  2.29314790e-04  2.71256590e-07  2.29314790e-04 -1.00840636e-05  2.29314790e-04  0.00000000e+00  2.29314790e-04  1.20000000e+00 
 2.29414790e-04  2.05198208e-01  2.29414790e-04  5.96573954e-01  2.29414790e-04  3.13105958e-07  2.29414790e-04 -2.71248976e-07  2.29414790e-04  1.02207696e-05  2.29414790e-04  0.00000000e+00  2.29414790e-04  1.20000000e+00 
 2.29514790e-04  2.04577873e-01  2.29514790e-04  5.96770495e-01  2.29514790e-04  4.34577383e-07  2.29514790e-04  2.71246679e-07  2.29514790e-04 -1.00838752e-05  2.29514790e-04  0.00000000e+00  2.29514790e-04  1.20000000e+00 
 2.29614790e-04  2.03958100e-01  2.29614790e-04  5.96573350e-01  2.29614790e-04  3.13109110e-07  2.29614790e-04 -2.71239056e-07  2.29614790e-04  1.02203256e-05  2.29614790e-04  0.00000000e+00  2.29614790e-04  1.20000000e+00 
 2.29714790e-04  2.03338923e-01  2.29714790e-04  5.96770974e-01  2.29714790e-04  4.34574228e-07  2.29714790e-04  2.71236750e-07  2.29714790e-04 -1.00836854e-05  2.29714790e-04  0.00000000e+00  2.29714790e-04  1.20000000e+00 
 2.29814790e-04  2.02720309e-01  2.29814790e-04  5.96572765e-01  2.29814790e-04  3.13112268e-07  2.29814790e-04 -2.71229118e-07  2.29814790e-04  1.02198806e-05  2.29814790e-04  0.00000000e+00  2.29814790e-04  1.20000000e+00 
 2.29914790e-04  2.02102288e-01  2.29914790e-04  5.96771437e-01  2.29914790e-04  4.34571071e-07  2.29914790e-04  2.71226803e-07  2.29914790e-04 -1.00834943e-05  2.29914790e-04  0.00000000e+00  2.29914790e-04  1.20000000e+00 
 2.30014790e-04  2.01484831e-01  2.30014790e-04  5.96572197e-01  2.30014790e-04  3.13115432e-07  2.30014790e-04 -2.71219163e-07  2.30014790e-04  1.02194348e-05  2.30014790e-04  0.00000000e+00  2.30014790e-04  1.20000000e+00 
 2.30114790e-04  2.00867965e-01  2.30114790e-04  5.96771885e-01  2.30114790e-04  4.34567902e-07  2.30114790e-04  2.71216840e-07  2.30114790e-04 -1.00833021e-05  2.30114790e-04  0.00000000e+00  2.30114790e-04  1.20000000e+00 
 2.30214790e-04  2.00251664e-01  2.30214790e-04  5.96571647e-01  2.30214790e-04  3.13118600e-07  2.30214790e-04 -2.71209192e-07  2.30214790e-04  1.02189882e-05  2.30214790e-04  0.00000000e+00  2.30214790e-04  1.20000000e+00 
 2.30314790e-04  1.99635951e-01  2.30314790e-04  5.96772317e-01  2.30314790e-04  4.34564728e-07  2.30314790e-04  2.71206861e-07  2.30314790e-04 -1.00831086e-05  2.30314790e-04  0.00000000e+00  2.30314790e-04  1.20000000e+00 
 2.30414790e-04  1.99020803e-01  2.30414790e-04  5.96571114e-01  2.30414790e-04  3.13121777e-07  2.30414790e-04 -2.71199205e-07  2.30414790e-04  1.02185407e-05  2.30414790e-04  0.00000000e+00  2.30414790e-04  1.20000000e+00 
 2.30514790e-04  1.98406241e-01  2.30514790e-04  5.96772734e-01  2.30514790e-04  4.34561550e-07  2.30514790e-04  2.71196867e-07  2.30514790e-04 -1.00829139e-05  2.30514790e-04  0.00000000e+00  2.30514790e-04  1.20000000e+00 
 2.30614790e-04  1.97792245e-01  2.30614790e-04  5.96570598e-01  2.30614790e-04  3.13124955e-07  2.30614790e-04 -2.71189205e-07  2.30614790e-04  1.02180926e-05  2.30614790e-04  0.00000000e+00  2.30614790e-04  1.20000000e+00 
 2.30714790e-04  1.97178832e-01  2.30714790e-04  5.96773136e-01  2.30714790e-04  4.34558367e-07  2.30714790e-04  2.71186860e-07  2.30714790e-04 -1.00827182e-05  2.30714790e-04  0.00000000e+00  2.30714790e-04  1.20000000e+00 
 2.30814790e-04  1.96565986e-01  2.30814790e-04  5.96570099e-01  2.30814790e-04  3.13128140e-07  2.30814790e-04 -2.71179191e-07  2.30814790e-04  1.02176437e-05  2.30814790e-04  0.00000000e+00  2.30814790e-04  1.20000000e+00 
 2.30914790e-04  1.95953721e-01  2.30914790e-04  5.96773524e-01  2.30914790e-04  4.34555178e-07  2.30914790e-04  2.71176840e-07  2.30914790e-04 -1.00825214e-05  2.30914790e-04  0.00000000e+00  2.30914790e-04  1.20000000e+00 
 2.31014790e-04  1.95342022e-01  2.31014790e-04  5.96569615e-01  2.31014790e-04  3.13131332e-07  2.31014790e-04 -2.71169165e-07  2.31014790e-04  1.02171942e-05  2.31014790e-04  0.00000000e+00  2.31014790e-04  1.20000000e+00 
 2.31114790e-04  1.94730903e-01  2.31114790e-04  5.96773898e-01  2.31114790e-04  4.34551986e-07  2.31114790e-04  2.71166808e-07  2.31114790e-04 -1.00823235e-05  2.31114790e-04  0.00000000e+00  2.31114790e-04  1.20000000e+00 
 2.31214790e-04  1.94120350e-01  2.31214790e-04  5.96569148e-01  2.31214790e-04  3.13134525e-07  2.31214790e-04 -2.71159128e-07  2.31214790e-04  1.02167441e-05  2.31214790e-04  0.00000000e+00  2.31214790e-04  1.20000000e+00 
 2.31314790e-04  1.93510375e-01  2.31314790e-04  5.96774258e-01  2.31314790e-04  4.34548793e-07  2.31314790e-04  2.71156765e-07  2.31314790e-04 -1.00821246e-05  2.31314790e-04  0.00000000e+00  2.31314790e-04  1.20000000e+00 
 2.31414790e-04  1.92900965e-01  2.31414790e-04  5.96568696e-01  2.31414790e-04  3.13137723e-07  2.31414790e-04 -2.71149080e-07  2.31414790e-04  1.02162935e-05  2.31414790e-04  0.00000000e+00  2.31414790e-04  1.20000000e+00 
 2.31514790e-04  1.92292132e-01  2.31514790e-04  5.96774603e-01  2.31514790e-04  4.34545593e-07  2.31514790e-04  2.71146712e-07  2.31514790e-04 -1.00819247e-05  2.31514790e-04  0.00000000e+00  2.31514790e-04  1.20000000e+00 
 2.31614790e-04  1.91683864e-01  2.31614790e-04  5.96568260e-01  2.31614790e-04  3.13140923e-07  2.31614790e-04 -2.71139023e-07  2.31614790e-04  1.02158423e-05  2.31614790e-04  0.00000000e+00  2.31614790e-04  1.20000000e+00 
 2.31714790e-04  1.91076171e-01  2.31714790e-04  5.96774936e-01  2.31714790e-04  4.34542390e-07  2.31714790e-04  2.71136650e-07  2.31714790e-04 -1.00817238e-05  2.31714790e-04  0.00000000e+00  2.31714790e-04  1.20000000e+00 
 2.31814790e-04  1.90469042e-01  2.31814790e-04  5.96567838e-01  2.31814790e-04  3.13144127e-07  2.31814790e-04 -2.71128956e-07  2.31814790e-04  1.02153906e-05  2.31814790e-04  0.00000000e+00  2.31814790e-04  1.20000000e+00 
 2.31914790e-04  1.89862487e-01  2.31914790e-04  5.96775256e-01  2.31914790e-04  4.34539187e-07  2.31914790e-04  2.71126579e-07  2.31914790e-04 -1.00815221e-05  2.31914790e-04  0.00000000e+00  2.31914790e-04  1.20000000e+00 
 2.32014790e-04  1.89256495e-01  2.32014790e-04  5.96567430e-01  2.32014790e-04  3.13147331e-07  2.32014790e-04 -2.71118882e-07  2.32014790e-04  1.02149386e-05  2.32014790e-04  0.00000000e+00  2.32014790e-04  1.20000000e+00 
 2.32114790e-04  1.88651075e-01  2.32114790e-04  5.96775563e-01  2.32114790e-04  4.34535978e-07  2.32114790e-04  2.71116501e-07  2.32114790e-04 -1.00813194e-05  2.32114790e-04  0.00000000e+00  2.32114790e-04  1.20000000e+00 
 2.32214790e-04  1.88046218e-01  2.32214790e-04  5.96567038e-01  2.32214790e-04  3.13150539e-07  2.32214790e-04 -2.71108800e-07  2.32214790e-04  1.02144861e-05  2.32214790e-04  0.00000000e+00  2.32214790e-04  1.20000000e+00 
 2.32314790e-04  1.87441933e-01  2.32314790e-04  5.96775857e-01  2.32314790e-04  4.34532769e-07  2.32314790e-04  2.71106416e-07  2.32314790e-04 -1.00811159e-05  2.32314790e-04  0.00000000e+00  2.32314790e-04  1.20000000e+00 
 2.32414790e-04  1.86838209e-01  2.32414790e-04  5.96566659e-01  2.32414790e-04  3.13153749e-07  2.32414790e-04 -2.71098711e-07  2.32414790e-04  1.02140332e-05  2.32414790e-04  0.00000000e+00  2.32414790e-04  1.20000000e+00 
 2.32514790e-04  1.86235055e-01  2.32514790e-04  5.96776139e-01  2.32514790e-04  4.34529560e-07  2.32514790e-04  2.71096324e-07  2.32514790e-04 -1.00809115e-05  2.32514790e-04  0.00000000e+00  2.32514790e-04  1.20000000e+00 
 2.32614790e-04  1.85632461e-01  2.32614790e-04  5.96566294e-01  2.32614790e-04  3.13156961e-07  2.32614790e-04 -2.71088616e-07  2.32614790e-04  1.02135800e-05  2.32614790e-04  0.00000000e+00  2.32614790e-04  1.20000000e+00 
 2.32714790e-04  1.85030437e-01  2.32714790e-04  5.96776410e-01  2.32714790e-04  4.34526348e-07  2.32714790e-04  2.71086226e-07  2.32714790e-04 -1.00807064e-05  2.32714790e-04  0.00000000e+00  2.32714790e-04  1.20000000e+00 
 2.32814790e-04  1.84428971e-01  2.32814790e-04  5.96565942e-01  2.32814790e-04  3.13160171e-07  2.32814790e-04 -2.71078516e-07  2.32814790e-04  1.02131265e-05  2.32814790e-04  0.00000000e+00  2.32814790e-04  1.20000000e+00 
 2.32914790e-04  1.83828075e-01  2.32914790e-04  5.96776668e-01  2.32914790e-04  4.34523133e-07  2.32914790e-04  2.71076124e-07  2.32914790e-04 -1.00805005e-05  2.32914790e-04  0.00000000e+00  2.32914790e-04  1.20000000e+00 
 2.33014790e-04  1.83227735e-01  2.33014790e-04  5.96565602e-01  2.33014790e-04  3.13163385e-07  2.33014790e-04 -2.71068412e-07  2.33014790e-04  1.02126728e-05  2.33014790e-04  0.00000000e+00  2.33014790e-04  1.20000000e+00 
 2.33114790e-04  1.82627964e-01  2.33114790e-04  5.96776916e-01  2.33114790e-04  4.34519920e-07  2.33114790e-04  2.71066017e-07  2.33114790e-04 -1.00802938e-05  2.33114790e-04  0.00000000e+00  2.33114790e-04  1.20000000e+00 
 2.33214790e-04  1.82028747e-01  2.33214790e-04  5.96565276e-01  2.33214790e-04  3.13166598e-07  2.33214790e-04 -2.71058303e-07  2.33214790e-04  1.02122188e-05  2.33214790e-04  0.00000000e+00  2.33214790e-04  1.20000000e+00 
 2.33314790e-04  1.81430099e-01  2.33314790e-04  5.96777152e-01  2.33314790e-04  4.34516708e-07  2.33314790e-04  2.71055907e-07  2.33314790e-04 -1.00800865e-05  2.33314790e-04  0.00000000e+00  2.33314790e-04  1.20000000e+00 
 2.33414790e-04  1.80832004e-01  2.33414790e-04  5.96564962e-01  2.33414790e-04  3.13169813e-07  2.33414790e-04 -2.71048191e-07  2.33414790e-04  1.02117646e-05  2.33414790e-04  0.00000000e+00  2.33414790e-04  1.20000000e+00 
 2.33514790e-04  1.80234477e-01  2.33514790e-04  5.96777377e-01  2.33514790e-04  4.34513492e-07  2.33514790e-04  2.71045794e-07  2.33514790e-04 -1.00798784e-05  2.33514790e-04  0.00000000e+00  2.33514790e-04  1.20000000e+00 
 2.33614790e-04  1.79637501e-01  2.33614790e-04  5.96564661e-01  2.33614790e-04  3.13173029e-07  2.33614790e-04 -2.71038077e-07  2.33614790e-04  1.02113102e-05  2.33614790e-04  0.00000000e+00  2.33614790e-04  1.20000000e+00 
 2.33714790e-04  1.79041093e-01  2.33714790e-04  5.96777592e-01  2.33714790e-04  4.34510280e-07  2.33714790e-04  2.71035678e-07  2.33714790e-04 -1.00796697e-05  2.33714790e-04  0.00000000e+00  2.33714790e-04  1.20000000e+00 
 2.33814790e-04  1.78445233e-01  2.33814790e-04  5.96564371e-01  2.33814790e-04  3.13176241e-07  2.33814790e-04 -2.71027960e-07  2.33814790e-04  1.02108557e-05  2.33814790e-04  0.00000000e+00  2.33814790e-04  1.20000000e+00 
 2.33914790e-04  1.77849941e-01  2.33914790e-04  5.96777796e-01  2.33914790e-04  4.34507066e-07  2.33914790e-04  2.71025560e-07  2.33914790e-04 -1.00794603e-05  2.33914790e-04  0.00000000e+00  2.33914790e-04  1.20000000e+00 
 2.34014790e-04  1.77255196e-01  2.34014790e-04  5.96564092e-01  2.34014790e-04  3.13179453e-07  2.34014790e-04 -2.71017842e-07  2.34014790e-04  1.02104011e-05  2.34014790e-04  0.00000000e+00  2.34014790e-04  1.20000000e+00 
 2.34114790e-04  1.76661018e-01  2.34114790e-04  5.96777991e-01  2.34114790e-04  4.34503853e-07  2.34114790e-04  2.71015441e-07  2.34114790e-04 -1.00792503e-05  2.34114790e-04  0.00000000e+00  2.34114790e-04  1.20000000e+00 
 2.34214790e-04  1.76067385e-01  2.34214790e-04  5.96563825e-01  2.34214790e-04  3.13182666e-07  2.34214790e-04 -2.71007722e-07  2.34214790e-04  1.02099463e-05  2.34214790e-04  0.00000000e+00  2.34214790e-04  1.20000000e+00 
 2.34314790e-04  1.75474319e-01  2.34314790e-04  5.96778175e-01  2.34314790e-04  4.34500641e-07  2.34314790e-04  2.71005321e-07  2.34314790e-04 -1.00790398e-05  2.34314790e-04  0.00000000e+00  2.34314790e-04  1.20000000e+00 
 2.34414790e-04  1.74881795e-01  2.34414790e-04  5.96563569e-01  2.34414790e-04  3.13185878e-07  2.34414790e-04 -2.70997602e-07  2.34414790e-04  1.02094915e-05  2.34414790e-04  0.00000000e+00  2.34414790e-04  1.20000000e+00 
 2.34514790e-04  1.74289840e-01  2.34514790e-04  5.96778350e-01  2.34514790e-04  4.34497428e-07  2.34514790e-04  2.70995201e-07  2.34514790e-04 -1.00788286e-05  2.34514790e-04  0.00000000e+00  2.34514790e-04  1.20000000e+00 
 2.34614790e-04  1.73698423e-01  2.34614790e-04  5.96563323e-01  2.34614790e-04  3.13189086e-07  2.34614790e-04 -2.70987482e-07  2.34614790e-04  1.02090367e-05  2.34614790e-04  0.00000000e+00  2.34614790e-04  1.20000000e+00 
 2.34714790e-04  1.73107575e-01  2.34714790e-04  5.96778516e-01  2.34714790e-04  4.34494219e-07  2.34714790e-04  2.70985081e-07  2.34714790e-04 -1.00786170e-05  2.34714790e-04  0.00000000e+00  2.34714790e-04  1.20000000e+00 
 2.34814790e-04  1.72517263e-01  2.34814790e-04  5.96563088e-01  2.34814790e-04  3.13192297e-07  2.34814790e-04 -2.70977363e-07  2.34814790e-04  1.02085818e-05  2.34814790e-04  0.00000000e+00  2.34814790e-04  1.20000000e+00 
 2.34907400e-04  1.71971082e-01  2.34907400e-04  5.96778678e-01  2.34907400e-04  4.34490885e-07  2.34907400e-04  2.70974559e-07  2.34907400e-04 -1.00783870e-05  2.34907400e-04  0.00000000e+00  2.34907400e-04  1.20000000e+00 
 2.35000010e-04  1.71425357e-01  2.35000010e-04  5.96562867e-01  2.35000010e-04  3.13195761e-07  2.35000010e-04 -2.70966441e-07  2.35000010e-04  1.02081094e-05  2.35000010e-04  0.00000000e+00  2.35000010e-04  1.20000000e+00 
 2.35000011e-04  1.71390170e-01  2.35000011e-04  5.90166800e-01  2.35000011e-04  1.69781461e-06  2.35000011e-04  7.06160713e-06  2.35000011e-04 -1.96126686e-04  2.35000011e-04  0.00000000e+00  2.35000011e-04  1.08000000e+00 
 2.35000013e-04  1.71311572e-01  2.35000013e-04  5.74487319e-01  2.35000013e-04  2.03399193e-06  2.35000013e-04  9.91301365e-06  2.35000013e-04 -2.59830877e-04  2.35000013e-04  0.00000000e+00  2.35000013e-04  8.40000000e-01 
 2.35000016e-04  1.71201193e-01  2.35000016e-04  5.48345123e-01  2.35000016e-04  1.45546412e-06  2.35000016e-04  5.57466184e-06  2.35000016e-04 -1.87462456e-04  2.35000016e-04  0.00000000e+00  2.35000016e-04  4.20000001e-01 
 2.35000020e-04  1.71145365e-01  2.35000020e-04  5.32161278e-01  2.35000020e-04  1.48740331e-06  2.35000020e-04  3.62478518e-06  2.35000020e-04 -1.48165225e-04  2.35000020e-04  0.00000000e+00  2.35000020e-04  3.16866000e-09 
 2.35000021e-04  1.71144906e-01  2.35000021e-04  5.33011269e-01  2.35000021e-04  7.97105114e-07  2.35000021e-04 -1.19639019e-06  2.35000021e-04 -2.09371420e-05  2.35000021e-04  0.00000000e+00  2.35000021e-04  0.00000000e+00 
 2.35000022e-04  1.71144870e-01  2.35000022e-04  5.34933360e-01  2.35000022e-04  6.59399386e-07  2.35000022e-04 -1.59220788e-06  2.35000022e-04 -4.59584949e-06  2.35000022e-04  0.00000000e+00  2.35000022e-04  0.00000000e+00 
 2.35000024e-04  1.71144983e-01  2.35000024e-04  5.37685046e-01  2.35000024e-04  7.39295719e-07  2.35000024e-04 -3.81064981e-07  2.35000024e-04 -1.62384209e-05  2.35000024e-04  0.00000000e+00  2.35000024e-04  0.00000000e+00 
 2.35000030e-04  1.71145003e-01  2.35000030e-04  5.40091681e-01  2.35000030e-04  5.24357880e-07  2.35000030e-04 -4.06563206e-07  2.35000030e-04 -1.12331385e-06  2.35000030e-04  0.00000000e+00  2.35000030e-04  0.00000000e+00 
 2.35000040e-04  1.71145125e-01  2.35000040e-04  5.41222348e-01  2.35000040e-04  5.18476993e-07  2.35000040e-04  3.31303101e-07  2.35000040e-04 -9.14699866e-06  2.35000040e-04  0.00000000e+00  2.35000040e-04  0.00000000e+00 
 2.35000060e-04  1.71145202e-01  2.35000060e-04  5.41831748e-01  2.35000060e-04  3.32048348e-07  2.35000060e-04 -2.43215848e-07  2.35000060e-04  5.96570485e-06  2.35000060e-04  0.00000000e+00  2.35000060e-04  0.00000000e+00 
 2.35000101e-04  1.71145491e-01  2.35000101e-04  5.42637374e-01  2.35000101e-04  4.32794518e-07  2.35000101e-04  3.48578860e-07  2.35000101e-04 -6.02536063e-06  2.35000101e-04  0.00000000e+00  2.35000101e-04  0.00000000e+00 
 2.35000163e-04  1.71145750e-01  2.35000163e-04  5.43643998e-01  2.35000163e-04  3.25901883e-07  2.35000163e-04 -2.43643077e-07  2.35000163e-04  5.99112172e-06  2.35000163e-04  0.00000000e+00  2.35000163e-04  0.00000000e+00 
 2.35000287e-04  1.71146338e-01  2.35000287e-04  5.45489179e-01  2.35000287e-04  4.26544103e-07  2.35000287e-04  3.41154041e-07  2.35000287e-04 -6.01197371e-06  2.35000287e-04  0.00000000e+00  2.35000287e-04  0.00000000e+00 
 2.35000534e-04  1.71147245e-01  2.35000534e-04  5.48571068e-01  2.35000534e-04  3.19017595e-07  2.35000534e-04 -2.50761052e-07  2.35000534e-04  5.98519554e-06  2.35000534e-04  0.00000000e+00  2.35000534e-04  0.00000000e+00 
 2.35001030e-04  1.71148891e-01  2.35001030e-04  5.53897175e-01  2.35001030e-04  4.22101037e-07  2.35001030e-04  3.28859060e-07  2.35001030e-04 -6.00408429e-06  2.35001030e-04  0.00000000e+00  2.35001030e-04  0.00000000e+00 
 2.35002020e-04  1.71151138e-01  2.35002020e-04  5.62329086e-01  2.35002020e-04  3.18517440e-07  2.35002020e-04 -2.71501895e-07  2.35002020e-04  5.98701614e-06  2.35002020e-04  0.00000000e+00  2.35002020e-04  0.00000000e+00 
 2.35004002e-04  1.71154007e-01  2.35004002e-04  5.73338498e-01  2.35004002e-04  4.24201351e-07  2.35004002e-04  2.98745144e-07  2.35004002e-04 -5.99642510e-06  2.35004002e-04  0.00000000e+00  2.35004002e-04  0.00000000e+00 
 2.35007964e-04  1.71157941e-01  2.35007964e-04  5.83271134e-01  2.35007964e-04  3.21291096e-07  2.35007964e-04 -3.00822288e-07  2.35007964e-04  5.99285151e-06  2.35007964e-04  0.00000000e+00  2.35007964e-04  0.00000000e+00 
 2.35015890e-04  1.71165749e-01  2.35015890e-04  5.90259397e-01  2.35015890e-04  4.25728043e-07  2.35015890e-04  2.85521617e-07  2.35015890e-04 -5.99282159e-06  2.35015890e-04  0.00000000e+00  2.35015890e-04  0.00000000e+00 
 2.35031741e-04  1.71176575e-01  2.35031741e-04  5.95080443e-01  2.35031741e-04  3.21745618e-07  2.35031741e-04 -2.94553003e-07  2.35031741e-04  5.99316749e-06  2.35031741e-04  0.00000000e+00  2.35031741e-04  0.00000000e+00 
 2.35063442e-04  1.71183878e-01  2.35063442e-04  5.96626646e-01  2.35063442e-04  4.25937733e-07  2.35063442e-04  2.93190511e-07  2.35063442e-04 -5.99296931e-06  2.35063442e-04  0.00000000e+00  2.35063442e-04  0.00000000e+00 
 2.35126845e-04  1.71185824e-01  2.35126845e-04  5.96717422e-01  2.35126845e-04  3.21756369e-07  2.35126845e-04 -2.93207887e-07  2.35126845e-04  5.99298173e-06  2.35126845e-04  0.00000000e+00  2.35126845e-04  0.00000000e+00 
 2.35226845e-04  1.71185221e-01  2.35226845e-04  5.96645585e-01  2.35226845e-04  4.25927374e-07  2.35226845e-04  2.93224164e-07  2.35226845e-04 -5.99293070e-06  2.35226845e-04  0.00000000e+00  2.35226845e-04  0.00000000e+00 
 2.35326845e-04  1.71185287e-01  2.35326845e-04  5.96715711e-01  2.35326845e-04  3.21757781e-07  2.35326845e-04 -2.93237002e-07  2.35326845e-04  5.99295510e-06  2.35326845e-04  0.00000000e+00  2.35326845e-04  0.00000000e+00 
 2.35426845e-04  1.71185047e-01  2.35426845e-04  5.96649778e-01  2.35426845e-04  4.25927195e-07  2.35426845e-04  2.93255754e-07  2.35426845e-04 -5.99290578e-06  2.35426845e-04  0.00000000e+00  2.35426845e-04  0.00000000e+00 
 2.35526845e-04  1.71184955e-01  2.35526845e-04  5.96709306e-01  2.35526845e-04  3.21757468e-07  2.35526845e-04 -2.93268792e-07  2.35526845e-04  5.99293143e-06  2.35526845e-04  0.00000000e+00  2.35526845e-04  0.00000000e+00 
 2.35626845e-04  1.71184793e-01  2.35626845e-04  5.96657476e-01  2.35626845e-04  4.25927676e-07  2.35626845e-04  2.93286141e-07  2.35626845e-04 -5.99288306e-06  2.35626845e-04  0.00000000e+00  2.35626845e-04  0.00000000e+00 
 2.35726845e-04  1.71184655e-01  2.35726845e-04  5.96701154e-01  2.35726845e-04  3.21756961e-07  2.35726845e-04 -2.93296862e-07  2.35726845e-04  5.99290944e-06  2.35726845e-04  0.00000000e+00  2.35726845e-04  0.00000000e+00 
 2.35826845e-04  1.71184524e-01  2.35826845e-04  5.96665536e-01  2.35826845e-04  4.25928145e-07  2.35826845e-04  2.93311464e-07  2.35826845e-04 -5.99286166e-06  2.35826845e-04  0.00000000e+00  2.35826845e-04  0.00000000e+00 
 2.35926845e-04  1.71184364e-01  2.35926845e-04  5.96693533e-01  2.35926845e-04  3.21756555e-07  2.35926845e-04 -2.93319323e-07  2.35926845e-04  5.99288852e-06  2.35926845e-04  0.00000000e+00  2.35926845e-04  0.00000000e+00 
 2.36026845e-04  1.71184250e-01  2.36026845e-04  5.96672559e-01  2.36026845e-04  4.25928478e-07  2.36026845e-04  2.93331135e-07  2.36026845e-04 -5.99284114e-06  2.36026845e-04  0.00000000e+00  2.36026845e-04  0.00000000e+00 
 2.36126845e-04  1.71184076e-01  2.36126845e-04  5.96687185e-01  2.36126845e-04  3.21756295e-07  2.36126845e-04 -2.93336381e-07  2.36126845e-04  5.99286835e-06  2.36126845e-04  0.00000000e+00  2.36126845e-04  0.00000000e+00 
 2.36226845e-04  1.71183973e-01  2.36226845e-04  5.96678235e-01  2.36226845e-04  4.25928670e-07  2.36226845e-04  2.93345805e-07  2.36226845e-04 -5.99282127e-06  2.36226845e-04  0.00000000e+00  2.36226845e-04  0.00000000e+00 
 2.36326845e-04  1.71183790e-01  2.36326845e-04  5.96682158e-01  2.36326845e-04  3.21756163e-07  2.36326845e-04 -2.93348903e-07  2.36326845e-04  5.99284873e-06  2.36326845e-04  0.00000000e+00  2.36326845e-04  0.00000000e+00 
 2.36426845e-04  1.71183694e-01  2.36426845e-04  5.96682665e-01  2.36426845e-04  4.25928744e-07  2.36426845e-04  2.93356419e-07  2.36426845e-04 -5.99280188e-06  2.36426845e-04  0.00000000e+00  2.36426845e-04  0.00000000e+00 
 2.36526845e-04  1.71183506e-01  2.36526845e-04  5.96678277e-01  2.36526845e-04  3.21756138e-07  2.36526845e-04 -2.93357837e-07  2.36526845e-04  5.99282954e-06  2.36526845e-04  0.00000000e+00  2.36526845e-04  0.00000000e+00 
 2.36626845e-04  1.71183414e-01  2.36626845e-04  5.96686057e-01  2.36626845e-04  4.25928726e-07  2.36626845e-04  2.93363885e-07  2.36626845e-04 -5.99278285e-06  2.36626845e-04  0.00000000e+00  2.36626845e-04  0.00000000e+00 
 2.36726845e-04  1.71183223e-01  2.36726845e-04  5.96675323e-01  2.36726845e-04  3.21756196e-07  2.36726845e-04 -2.93364024e-07  2.36726845e-04  5.99281067e-06  2.36726845e-04  0.00000000e+00  2.36726845e-04  0.00000000e+00 
 2.36826845e-04  1.71183133e-01  2.36826845e-04  5.96688626e-01  2.36826845e-04  4.25928635e-07  2.36826845e-04  2.93368965e-07  2.36826845e-04 -5.99276411e-06  2.36826845e-04  0.00000000e+00  2.36826845e-04  0.00000000e+00 
 2.36926845e-04  1.71182941e-01  2.36926845e-04  5.96673095e-01  2.36926845e-04  3.21756317e-07  2.36926845e-04 -2.93368150e-07  2.36926845e-04  5.99279204e-06  2.36926845e-04  0.00000000e+00  2.36926845e-04  0.00000000e+00 
 2.37026845e-04  1.71182851e-01  2.37026845e-04  5.96690556e-01  2.37026845e-04  4.25928488e-07  2.37026845e-04  2.93372271e-07  2.37026845e-04 -5.99274559e-06  2.37026845e-04  0.00000000e+00  2.37026845e-04  0.00000000e+00 
 2.37126845e-04  1.71182659e-01  2.37126845e-04  5.96671426e-01  2.37126845e-04  3.21756486e-07  2.37126845e-04 -2.93370754e-07  2.37126845e-04  5.99277361e-06  2.37126845e-04  0.00000000e+00  2.37126845e-04  0.00000000e+00 
 2.37226845e-04  1.71182570e-01  2.37226845e-04  5.96691998e-01  2.37226845e-04  4.25928302e-07  2.37226845e-04  2.93374276e-07  2.37226845e-04 -5.99272723e-06  2.37226845e-04  0.00000000e+00  2.37226845e-04  0.00000000e+00 
 2.37326845e-04  1.71182377e-01  2.37326845e-04  5.96670183e-01  2.37326845e-04  3.21756688e-07  2.37326845e-04 -2.93372248e-07  2.37326845e-04  5.99275532e-06  2.37326845e-04  0.00000000e+00  2.37326845e-04  0.00000000e+00 
 2.37426845e-04  1.71182288e-01  2.37426845e-04  5.96693069e-01  2.37426845e-04  4.25928084e-07  2.37426845e-04  2.93375337e-07  2.37426845e-04 -5.99270900e-06  2.37426845e-04  0.00000000e+00  2.37426845e-04  0.00000000e+00 
 2.37526845e-04  1.71182096e-01  2.37526845e-04  5.96669261e-01  2.37526845e-04  3.21756917e-07  2.37526845e-04 -2.93372942e-07  2.37526845e-04  5.99273713e-06  2.37526845e-04  0.00000000e+00  2.37526845e-04  0.00000000e+00 
 2.37626845e-04  1.71182005e-01  2.37626845e-04  5.96693862e-01  2.37626845e-04  4.25927845e-07  2.37626845e-04  2.93375721e-07  2.37626845e-04 -5.99269086e-06  2.37626845e-04  0.00000000e+00  2.37626845e-04  0.00000000e+00 
 2.37726845e-04  1.71181815e-01  2.37726845e-04  5.96668581e-01  2.37726845e-04  3.21757166e-07  2.37726845e-04 -2.93373064e-07  2.37726845e-04  5.99271903e-06  2.37726845e-04  0.00000000e+00  2.37726845e-04  0.00000000e+00 
 2.37826845e-04  1.71181723e-01  2.37826845e-04  5.96694445e-01  2.37826845e-04  4.25927590e-07  2.37826845e-04  2.93375622e-07  2.37826845e-04 -5.99267279e-06  2.37826845e-04  0.00000000e+00  2.37826845e-04  0.00000000e+00 
 2.37926845e-04  1.71181533e-01  2.37926845e-04  5.96668081e-01  2.37926845e-04  3.21757425e-07  2.37926845e-04 -2.93372780e-07  2.37926845e-04  5.99270099e-06  2.37926845e-04  0.00000000e+00  2.37926845e-04  0.00000000e+00 
 2.38026845e-04  1.71181441e-01  2.38026845e-04  5.96694873e-01  2.38026845e-04  4.25927325e-07  2.38026845e-04  2.93375183e-07  2.38026845e-04 -5.99265477e-06  2.38026845e-04  0.00000000e+00  2.38026845e-04  0.00000000e+00 
 2.38126845e-04  1.71181252e-01  2.38126845e-04  5.96667715e-01  2.38126845e-04  3.21757697e-07  2.38126845e-04 -2.93372210e-07  2.38126845e-04  5.99268299e-06  2.38126845e-04  0.00000000e+00  2.38126845e-04  0.00000000e+00 
 2.38226845e-04  1.71181159e-01  2.38226845e-04  5.96695186e-01  2.38226845e-04  4.25927053e-07  2.38226845e-04  2.93374504e-07  2.38226845e-04 -5.99263679e-06  2.38226845e-04  0.00000000e+00  2.38226845e-04  0.00000000e+00 
 2.38326845e-04  1.71180970e-01  2.38326845e-04  5.96667449e-01  2.38326845e-04  3.21757971e-07  2.38326845e-04 -2.93371440e-07  2.38326845e-04  5.99266503e-06  2.38326845e-04  0.00000000e+00  2.38326845e-04  0.00000000e+00 
 2.38426845e-04  1.71180877e-01  2.38426845e-04  5.96695413e-01  2.38426845e-04  4.25926772e-07  2.38426845e-04  2.93373656e-07  2.38426845e-04 -5.99261884e-06  2.38426845e-04  0.00000000e+00  2.38426845e-04  0.00000000e+00 
 2.38526845e-04  1.71180689e-01  2.38526845e-04  5.96667257e-01  2.38526845e-04  3.21758252e-07  2.38526845e-04 -2.93370527e-07  2.38526845e-04  5.99264708e-06  2.38526845e-04  0.00000000e+00  2.38526845e-04  0.00000000e+00 
 2.38626845e-04  1.71180595e-01  2.38626845e-04  5.96695575e-01  2.38626845e-04  4.25926492e-07  2.38626845e-04  2.93372689e-07  2.38626845e-04 -5.99260090e-06  2.38626845e-04  0.00000000e+00  2.38626845e-04  0.00000000e+00 
 2.38726845e-04  1.71180407e-01  2.38726845e-04  5.96667119e-01  2.38726845e-04  3.21758532e-07  2.38726845e-04 -2.93369513e-07  2.38726845e-04  5.99262916e-06  2.38726845e-04  0.00000000e+00  2.38726845e-04  0.00000000e+00 
 2.38826845e-04  1.71180313e-01  2.38826845e-04  5.96695691e-01  2.38826845e-04  4.25926212e-07  2.38826845e-04  2.93371636e-07  2.38826845e-04 -5.99258298e-06  2.38826845e-04  0.00000000e+00  2.38826845e-04  0.00000000e+00 
 2.38926845e-04  1.71180126e-01  2.38926845e-04  5.96667021e-01  2.38926845e-04  3.21758815e-07  2.38926845e-04 -2.93368427e-07  2.38926845e-04  5.99261124e-06  2.38926845e-04  0.00000000e+00  2.38926845e-04  0.00000000e+00 
 2.39026845e-04  1.71180031e-01  2.39026845e-04  5.96695773e-01  2.39026845e-04  4.25925928e-07  2.39026845e-04  2.93370520e-07  2.39026845e-04 -5.99256507e-06  2.39026845e-04  0.00000000e+00  2.39026845e-04  0.00000000e+00 
 2.39126845e-04  1.71179844e-01  2.39126845e-04  5.96666954e-01  2.39126845e-04  3.21759097e-07  2.39126845e-04 -2.93367286e-07  2.39126845e-04  5.99259333e-06  2.39126845e-04  0.00000000e+00  2.39126845e-04  0.00000000e+00 
 2.39226845e-04  1.71179749e-01  2.39226845e-04  5.96695828e-01  2.39226845e-04  4.25925647e-07  2.39226845e-04  2.93369357e-07  2.39226845e-04 -5.99254717e-06  2.39226845e-04  0.00000000e+00  2.39226845e-04  0.00000000e+00 
 2.39326845e-04  1.71179562e-01  2.39326845e-04  5.96666910e-01  2.39326845e-04  3.21759376e-07  2.39326845e-04 -2.93366104e-07  2.39326845e-04  5.99257543e-06  2.39326845e-04  0.00000000e+00  2.39326845e-04  0.00000000e+00 
 2.39426845e-04  1.71179467e-01  2.39426845e-04  5.96695864e-01  2.39426845e-04  4.25925370e-07  2.39426845e-04  2.93368157e-07  2.39426845e-04 -5.99252926e-06  2.39426845e-04  0.00000000e+00  2.39426845e-04  0.00000000e+00 
 2.39526845e-04  1.71179280e-01  2.39526845e-04  5.96666882e-01  2.39526845e-04  3.21759654e-07  2.39526845e-04 -2.93364888e-07  2.39526845e-04  5.99255753e-06  2.39526845e-04  0.00000000e+00  2.39526845e-04  0.00000000e+00 
 2.39626845e-04  1.71179186e-01  2.39626845e-04  5.96695885e-01  2.39626845e-04  4.25925091e-07  2.39626845e-04  2.93366928e-07  2.39626845e-04 -5.99251136e-06  2.39626845e-04  0.00000000e+00  2.39626845e-04  0.00000000e+00 
 2.39726845e-04  1.71178999e-01  2.39726845e-04  5.96666867e-01  2.39726845e-04  3.21759930e-07  2.39726845e-04 -2.93363645e-07  2.39726845e-04  5.99253963e-06  2.39726845e-04  0.00000000e+00  2.39726845e-04  0.00000000e+00 
 2.39826845e-04  1.71178904e-01  2.39826845e-04  5.96695895e-01  2.39826845e-04  4.25924818e-07  2.39826845e-04  2.93365673e-07  2.39826845e-04 -5.99249346e-06  2.39826845e-04  0.00000000e+00  2.39826845e-04  0.00000000e+00 
 2.39926845e-04  1.71178717e-01  2.39926845e-04  5.96666861e-01  2.39926845e-04  3.21760203e-07  2.39926845e-04 -2.93362379e-07  2.39926845e-04  5.99252173e-06  2.39926845e-04  0.00000000e+00  2.39926845e-04  0.00000000e+00 
 2.40026845e-04  1.71178622e-01  2.40026845e-04  5.96695896e-01  2.40026845e-04  4.25924545e-07  2.40026845e-04  2.93364396e-07  2.40026845e-04 -5.99247556e-06  2.40026845e-04  0.00000000e+00  2.40026845e-04  0.00000000e+00 
 2.40126845e-04  1.71178435e-01  2.40126845e-04  5.96666863e-01  2.40126845e-04  3.21760473e-07  2.40126845e-04 -2.93361092e-07  2.40126845e-04  5.99250382e-06  2.40126845e-04  0.00000000e+00  2.40126845e-04  0.00000000e+00 
 2.40226845e-04  1.71178340e-01  2.40226845e-04  5.96695892e-01  2.40226845e-04  4.25924276e-07  2.40226845e-04  2.93363099e-07  2.40226845e-04 -5.99245765e-06  2.40226845e-04  0.00000000e+00  2.40226845e-04  0.00000000e+00 
 2.40326845e-04  1.71178153e-01  2.40326845e-04  5.96666870e-01  2.40326845e-04  3.21760740e-07  2.40326845e-04 -2.93359786e-07  2.40326845e-04  5.99248592e-06  2.40326845e-04  0.00000000e+00  2.40326845e-04  0.00000000e+00 
 2.40426845e-04  1.71178058e-01  2.40426845e-04  5.96695882e-01  2.40426845e-04  4.25924012e-07  2.40426845e-04  2.93361784e-07  2.40426845e-04 -5.99243975e-06  2.40426845e-04  0.00000000e+00  2.40426845e-04  0.00000000e+00 
 2.40526845e-04  1.71177872e-01  2.40526845e-04  5.96666881e-01  2.40526845e-04  3.21761004e-07  2.40526845e-04 -2.93358463e-07  2.40526845e-04  5.99246801e-06  2.40526845e-04  0.00000000e+00  2.40526845e-04  0.00000000e+00 
 2.40626845e-04  1.71177777e-01  2.40626845e-04  5.96695869e-01  2.40626845e-04  4.25923748e-07  2.40626845e-04  2.93360453e-07  2.40626845e-04 -5.99242184e-06  2.40626845e-04  0.00000000e+00  2.40626845e-04  0.00000000e+00 
 2.40726845e-04  1.71177590e-01  2.40726845e-04  5.96666896e-01  2.40726845e-04  3.21761265e-07  2.40726845e-04 -2.93357124e-07  2.40726845e-04  5.99245010e-06  2.40726845e-04  0.00000000e+00  2.40726845e-04  0.00000000e+00 
 2.40826845e-04  1.71177495e-01  2.40826845e-04  5.96695853e-01  2.40826845e-04  4.25923490e-07  2.40826845e-04  2.93359107e-07  2.40826845e-04 -5.99240392e-06  2.40826845e-04  0.00000000e+00  2.40826845e-04  0.00000000e+00 
 2.40926845e-04  1.71177308e-01  2.40926845e-04  5.96666913e-01  2.40926845e-04  3.21761523e-07  2.40926845e-04 -2.93355771e-07  2.40926845e-04  5.99243218e-06  2.40926845e-04  0.00000000e+00  2.40926845e-04  0.00000000e+00 
 2.41026845e-04  1.71177213e-01  2.41026845e-04  5.96695835e-01  2.41026845e-04  4.25923234e-07  2.41026845e-04  2.93357747e-07  2.41026845e-04 -5.99238600e-06  2.41026845e-04  0.00000000e+00  2.41026845e-04  0.00000000e+00 
 2.41126845e-04  1.71177026e-01  2.41126845e-04  5.96666932e-01  2.41126845e-04  3.21761778e-07  2.41126845e-04 -2.93354404e-07  2.41126845e-04  5.99241426e-06  2.41126845e-04  0.00000000e+00  2.41126845e-04  0.00000000e+00 
 2.41226845e-04  1.71176932e-01  2.41226845e-04  5.96695815e-01  2.41226845e-04  4.25922982e-07  2.41226845e-04  2.93356375e-07  2.41226845e-04 -5.99236808e-06  2.41226845e-04  0.00000000e+00  2.41226845e-04  0.00000000e+00 
 2.41326845e-04  1.71176744e-01  2.41326845e-04  5.96666952e-01  2.41326845e-04  3.21762029e-07  2.41326845e-04 -2.93353026e-07  2.41326845e-04  5.99239634e-06  2.41326845e-04  0.00000000e+00  2.41326845e-04  0.00000000e+00 
 2.41426845e-04  1.71176650e-01  2.41426845e-04  5.96695795e-01  2.41426845e-04  4.25922733e-07  2.41426845e-04  2.93354990e-07  2.41426845e-04 -5.99235016e-06  2.41426845e-04  0.00000000e+00  2.41426845e-04  0.00000000e+00 
 2.41526845e-04  1.71176462e-01  2.41526845e-04  5.96666973e-01  2.41526845e-04  3.21762276e-07  2.41526845e-04 -2.93351636e-07  2.41526845e-04  5.99237841e-06  2.41526845e-04  0.00000000e+00  2.41526845e-04  0.00000000e+00 
 2.41626845e-04  1.71176368e-01  2.41626845e-04  5.96695773e-01  2.41626845e-04  4.25922485e-07  2.41626845e-04  2.93353595e-07  2.41626845e-04 -5.99233223e-06  2.41626845e-04  0.00000000e+00  2.41626845e-04  0.00000000e+00 
 2.41726845e-04  1.71176181e-01  2.41726845e-04  5.96666995e-01  2.41726845e-04  3.21762520e-07  2.41726845e-04 -2.93350236e-07  2.41726845e-04  5.99236047e-06  2.41726845e-04  0.00000000e+00  2.41726845e-04  0.00000000e+00 
 2.41826845e-04  1.71176086e-01  2.41826845e-04  5.96695751e-01  2.41826845e-04  4.25922242e-07  2.41826845e-04  2.93352191e-07  2.41826845e-04 -5.99231429e-06  2.41826845e-04  0.00000000e+00  2.41826845e-04  0.00000000e+00 
 2.41926845e-04  1.71175899e-01  2.41926845e-04  5.96667016e-01  2.41926845e-04  3.21762762e-07  2.41926845e-04 -2.93348827e-07  2.41926845e-04  5.99234254e-06  2.41926845e-04  0.00000000e+00  2.41926845e-04  0.00000000e+00 
 2.42026845e-04  1.71175805e-01  2.42026845e-04  5.96695730e-01  2.42026845e-04  4.25922002e-07  2.42026845e-04  2.93350777e-07  2.42026845e-04 -5.99229635e-06  2.42026845e-04  0.00000000e+00  2.42026845e-04  0.00000000e+00 
 2.42126845e-04  1.71175617e-01  2.42126845e-04  5.96667039e-01  2.42126845e-04  3.21763001e-07  2.42126845e-04 -2.93347410e-07  2.42126845e-04  5.99232460e-06  2.42126845e-04  0.00000000e+00  2.42126845e-04  0.00000000e+00 
 2.42226845e-04  1.71175523e-01  2.42226845e-04  5.96695708e-01  2.42226845e-04  4.25921765e-07  2.42226845e-04  2.93349356e-07  2.42226845e-04 -5.99227841e-06  2.42226845e-04  0.00000000e+00  2.42226845e-04  0.00000000e+00 
 2.42326845e-04  1.71175335e-01  2.42326845e-04  5.96667060e-01  2.42326845e-04  3.21763237e-07  2.42326845e-04 -2.93345984e-07  2.42326845e-04  5.99230665e-06  2.42326845e-04  0.00000000e+00  2.42326845e-04  0.00000000e+00 
 2.42426845e-04  1.71175241e-01  2.42426845e-04  5.96695686e-01  2.42426845e-04  4.25921530e-07  2.42426845e-04  2.93347927e-07  2.42426845e-04 -5.99226046e-06  2.42426845e-04  0.00000000e+00  2.42426845e-04  0.00000000e+00 
 2.42526845e-04  1.71175053e-01  2.42526845e-04  5.96667082e-01  2.42526845e-04  3.21763470e-07  2.42526845e-04 -2.93344553e-07  2.42526845e-04  5.99228870e-06  2.42526845e-04  0.00000000e+00  2.42526845e-04  0.00000000e+00 
 2.42626845e-04  1.71174960e-01  2.42626845e-04  5.96695665e-01  2.42626845e-04  4.25921300e-07  2.42626845e-04  2.93346492e-07  2.42626845e-04 -5.99224251e-06  2.42626845e-04  0.00000000e+00  2.42626845e-04  0.00000000e+00 
 2.42726845e-04  1.71174771e-01  2.42726845e-04  5.96667103e-01  2.42726845e-04  3.21763701e-07  2.42726845e-04 -2.93343114e-07  2.42726845e-04  5.99227074e-06  2.42726845e-04  0.00000000e+00  2.42726845e-04  0.00000000e+00 
 2.42826845e-04  1.71174678e-01  2.42826845e-04  5.96695644e-01  2.42826845e-04  4.25921070e-07  2.42826845e-04  2.93345051e-07  2.42826845e-04 -5.99222455e-06  2.42826845e-04  0.00000000e+00  2.42826845e-04  0.00000000e+00 
 2.42926845e-04  1.71174490e-01  2.42926845e-04  5.96667123e-01  2.42926845e-04  3.21763929e-07  2.42926845e-04 -2.93341671e-07  2.42926845e-04  5.99225278e-06  2.42926845e-04  0.00000000e+00  2.42926845e-04  0.00000000e+00 
 2.43026845e-04  1.71174396e-01  2.43026845e-04  5.96695624e-01  2.43026845e-04  4.25920844e-07  2.43026845e-04  2.93343605e-07  2.43026845e-04 -5.99220659e-06  2.43026845e-04  0.00000000e+00  2.43026845e-04  0.00000000e+00 
 2.43126845e-04  1.71174208e-01  2.43126845e-04  5.96667143e-01  2.43126845e-04  3.21764153e-07  2.43126845e-04 -2.93340222e-07  2.43126845e-04  5.99223482e-06  2.43126845e-04  0.00000000e+00  2.43126845e-04  0.00000000e+00 
 2.43226845e-04  1.71174114e-01  2.43226845e-04  5.96695604e-01  2.43226845e-04  4.25920619e-07  2.43226845e-04  2.93342154e-07  2.43226845e-04 -5.99218862e-06  2.43226845e-04  0.00000000e+00  2.43226845e-04  0.00000000e+00 
 2.43326845e-04  1.71173926e-01  2.43326845e-04  5.96667163e-01  2.43326845e-04  3.21764376e-07  2.43326845e-04 -2.93338769e-07  2.43326845e-04  5.99221685e-06  2.43326845e-04  0.00000000e+00  2.43326845e-04  0.00000000e+00 
 2.43426845e-04  1.71173833e-01  2.43426845e-04  5.96695585e-01  2.43426845e-04  4.25920398e-07  2.43426845e-04  2.93340699e-07  2.43426845e-04 -5.99217065e-06  2.43426845e-04  0.00000000e+00  2.43426845e-04  0.00000000e+00 
 2.43526845e-04  1.71173644e-01  2.43526845e-04  5.96667182e-01  2.43526845e-04  3.21764596e-07  2.43526845e-04 -2.93337312e-07  2.43526845e-04  5.99219888e-06  2.43526845e-04  0.00000000e+00  2.43526845e-04  0.00000000e+00 
 2.43626845e-04  1.71173551e-01  2.43626845e-04  5.96695566e-01  2.43626845e-04  4.25920180e-07  2.43626845e-04  2.93339240e-07  2.43626845e-04 -5.99215267e-06  2.43626845e-04  0.00000000e+00  2.43626845e-04  0.00000000e+00 
 2.43726845e-04  1.71173362e-01  2.43726845e-04  5.96667200e-01  2.43726845e-04  3.21764813e-07  2.43726845e-04 -2.93335851e-07  2.43726845e-04  5.99218090e-06  2.43726845e-04  0.00000000e+00  2.43726845e-04  0.00000000e+00 
 2.43826845e-04  1.71173269e-01  2.43826845e-04  5.96695548e-01  2.43826845e-04  4.25919960e-07  2.43826845e-04  2.93337777e-07  2.43826845e-04 -5.99213469e-06  2.43826845e-04  0.00000000e+00  2.43826845e-04  0.00000000e+00 
 2.43926845e-04  1.71173081e-01  2.43926845e-04  5.96667218e-01  2.43926845e-04  3.21765031e-07  2.43926845e-04 -2.93334387e-07  2.43926845e-04  5.99216292e-06  2.43926845e-04  0.00000000e+00  2.43926845e-04  0.00000000e+00 
 2.44026845e-04  1.71172987e-01  2.44026845e-04  5.96695531e-01  2.44026845e-04  4.25919747e-07  2.44026845e-04  2.93336312e-07  2.44026845e-04 -5.99211671e-06  2.44026845e-04  0.00000000e+00  2.44026845e-04  0.00000000e+00 
 2.44126845e-04  1.71172799e-01  2.44126845e-04  5.96667235e-01  2.44126845e-04  3.21765243e-07  2.44126845e-04 -2.93332920e-07  2.44126845e-04  5.99214493e-06  2.44126845e-04  0.00000000e+00  2.44126845e-04  0.00000000e+00 
 2.44226845e-04  1.71172706e-01  2.44226845e-04  5.96695514e-01  2.44226845e-04  4.25919534e-07  2.44226845e-04  2.93334843e-07  2.44226845e-04 -5.99209872e-06  2.44226845e-04  0.00000000e+00  2.44226845e-04  0.00000000e+00 
 2.44326845e-04  1.71172517e-01  2.44326845e-04  5.96667251e-01  2.44326845e-04  3.21765456e-07  2.44326845e-04 -2.93331450e-07  2.44326845e-04  5.99212694e-06  2.44326845e-04  0.00000000e+00  2.44326845e-04  0.00000000e+00 
 2.44426845e-04  1.71172424e-01  2.44426845e-04  5.96695498e-01  2.44426845e-04  4.25919324e-07  2.44426845e-04  2.93333372e-07  2.44426845e-04 -5.99208073e-06  2.44426845e-04  0.00000000e+00  2.44426845e-04  0.00000000e+00 
 2.44526845e-04  1.71172235e-01  2.44526845e-04  5.96667267e-01  2.44526845e-04  3.21765665e-07  2.44526845e-04 -2.93329978e-07  2.44526845e-04  5.99210894e-06  2.44526845e-04  0.00000000e+00  2.44526845e-04  0.00000000e+00 
 2.44626845e-04  1.71172142e-01  2.44626845e-04  5.96695483e-01  2.44626845e-04  4.25919114e-07  2.44626845e-04  2.93331899e-07  2.44626845e-04 -5.99206273e-06  2.44626845e-04  0.00000000e+00  2.44626845e-04  0.00000000e+00 
 2.44726845e-04  1.71171953e-01  2.44726845e-04  5.96667282e-01  2.44726845e-04  3.21765875e-07  2.44726845e-04 -2.93328504e-07  2.44726845e-04  5.99209094e-06  2.44726845e-04  0.00000000e+00  2.44726845e-04  0.00000000e+00 
 2.44826845e-04  1.71171861e-01  2.44826845e-04  5.96695468e-01  2.44826845e-04  4.25918907e-07  2.44826845e-04  2.93330424e-07  2.44826845e-04 -5.99204473e-06  2.44826845e-04  0.00000000e+00  2.44826845e-04  0.00000000e+00 
 2.44913423e-04  1.71171690e-01  2.44913423e-04  5.96667297e-01  2.44913423e-04  3.21766097e-07  2.44913423e-04 -2.93326914e-07  2.44913423e-04  5.99207154e-06  2.44913423e-04  0.00000000e+00  2.44913423e-04  0.00000000e+00 
 2.45000000e-04  1.71171617e-01  2.45000000e-04  5.96695452e-01  2.45000000e-04  4.25918671e-07  2.45000000e-04  2.93328718e-07  2.45000000e-04 -5.99202393e-06  2.45000000e-04  0.00000000e+00  2.45000000e-04  0.00000000e+00 
