 0.00000000e+00  1.75544296e-02  0.00000000e+00  6.80074657e-01  0.00000000e+00  1.89515114e-06  0.00000000e+00  2.12156492e-11  0.00000000e+00  1.92331347e-11  0.00000000e+00  0.00000000e+00  0.00000000e+00  0.00000000e+00 
 1.00000000e-11  1.75535883e-02  1.00000000e-11  6.80074640e-01  1.00000000e-11  1.89515186e-06  1.00000000e-11  1.52840007e-11  1.00000000e-11  2.04358210e-11  1.00000000e-11  0.00000000e+00  1.00000000e-11  0.00000000e+00 
 2.00000000e-11  1.75527451e-02  2.00000000e-11  6.80074623e-01  2.00000000e-11  1.89515187e-06  2.00000000e-11  1.50579302e-11  2.00000000e-11  2.04852543e-11  2.00000000e-11  0.00000000e+00  2.00000000e-11  0.00000000e+00 
 4.00000000e-11  1.75510532e-02  4.00000000e-11  6.80074589e-01  4.00000000e-11  1.89515191e-06  4.00000000e-11  1.49370595e-11  4.00000000e-11  2.04921436e-11  4.00000000e-11  0.00000000e+00  4.00000000e-11  0.00000000e+00 
 8.00000000e-11  1.75476479e-02  8.00000000e-11  6.80074520e-01  8.00000000e-11  1.89515196e-06  8.00000000e-11  1.57272335e-11  8.00000000e-11  2.05149359e-11  8.00000000e-11  0.00000000e+00  8.00000000e-11  0.00000000e+00 
 1.60000000e-10  1.75407482e-02  1.60000000e-10  6.80074371e-01  1.60000000e-10  1.89515202e-06  1.60000000e-10  1.86786340e-11  1.60000000e-10  2.05669550e-11  1.60000000e-10  0.00000000e+00  1.60000000e-10  0.00000000e+00 
 3.20000000e-10  1.75265712e-02  3.20000000e-10  6.80074027e-01  3.20000000e-10  1.89515215e-06  3.20000000e-10  2.59651793e-11  3.20000000e-10  2.07265487e-11  3.20000000e-10  0.00000000e+00  3.20000000e-10  0.00000000e+00 
 6.40000000e-10  1.74965214e-02  6.40000000e-10  6.80073110e-01  6.40000000e-10  1.89515242e-06  6.40000000e-10  4.12391765e-11  6.40000000e-10  2.10887066e-11  6.40000000e-10  0.00000000e+00  6.40000000e-10  0.00000000e+00 
 1.00000000e-09  1.75763708e-02  1.00000000e-09  6.80074414e-01  1.00000000e-09  1.89514616e-06  1.00000000e-09  6.39630942e-11  1.00000000e-09  1.12818576e-11  1.00000000e-09  0.00000000e+00  1.00000000e-09  0.00000000e+00 
 1.06400000e-09  1.76438428e-02  1.06400000e-09  6.80075823e-01  1.06400000e-09  1.89514114e-06  1.06400000e-09  7.95254746e-11  1.06400000e-09  3.37222833e-12  1.06400000e-09  0.00000000e+00  1.06400000e-09  0.00000000e+00 
 1.19200000e-09  1.77787613e-02  1.19200000e-09  6.80078830e-01  1.19200000e-09  1.89513999e-06  1.19200000e-09  1.97955835e-11  1.19200000e-09  2.41386212e-12  1.19200000e-09  0.00000000e+00  1.19200000e-09  0.00000000e+00 
 1.44800000e-09  1.80483984e-02  1.44800000e-09  6.80086219e-01  1.44800000e-09  1.89513820e-06  1.44800000e-09 -1.31876140e-10  1.44800000e-09  9.59635955e-14  1.44800000e-09  0.00000000e+00  1.44800000e-09  0.00000000e+00 
 1.96000000e-09  1.85868760e-02  1.96000000e-09  6.80106836e-01  1.96000000e-09  1.89513457e-06  1.96000000e-09 -4.01540372e-10  1.96000000e-09 -3.76719714e-12  1.96000000e-09  0.00000000e+00  1.96000000e-09  0.00000000e+00 
 2.98400000e-09  1.96606970e-02  2.98400000e-09  6.80165305e-01  2.98400000e-09  1.89513098e-06  2.98400000e-09 -7.53050479e-10  2.98400000e-09 -1.89133446e-12  2.98400000e-09  0.00000000e+00  2.98400000e-09  0.00000000e+00 
 5.03200000e-09  2.17963294e-02  5.03200000e-09  6.80297599e-01  5.03200000e-09  1.89513549e-06  5.03200000e-09 -8.23248321e-10  5.03200000e-09  1.84305823e-11  5.03200000e-09  0.00000000e+00  5.03200000e-09  0.00000000e+00 
 9.12800000e-09  2.60239790e-02  9.12800000e-09  6.80462188e-01  9.12800000e-09  1.89515091e-06  9.12800000e-09 -2.58382097e-10  9.12800000e-09  3.99603261e-11  9.12800000e-09  0.00000000e+00  9.12800000e-09  0.00000000e+00 
 1.73200000e-08  3.43367647e-02  1.73200000e-08  6.80491099e-01  1.73200000e-08  1.89515471e-06  1.73200000e-08  1.73054780e-10  1.73200000e-08  2.87476043e-11  1.73200000e-08  0.00000000e+00  1.73200000e-08  0.00000000e+00 
 3.37040000e-08  5.05764110e-02  3.37040000e-08  6.80435438e-01  3.37040000e-08  1.89514752e-06  3.37040000e-08 -3.32776075e-11  3.37040000e-08  3.35348767e-11  3.37040000e-08  0.00000000e+00  3.37040000e-08  0.00000000e+00 
 6.58981573e-08  8.17354986e-02  6.58981573e-08  6.80419836e-01  6.58981573e-08  1.89515163e-06  6.58981573e-08  8.37823947e-11  6.58981573e-08  4.20184103e-11  6.58981573e-08  0.00000000e+00  6.58981573e-08  0.00000000e+00 
 1.08570183e-07  1.22437930e-01  1.08570183e-07  6.80350251e-01  1.08570183e-07  1.89514867e-06  1.08570183e-07  6.89181380e-13  1.08570183e-07  4.21008224e-11  1.08570183e-07  0.00000000e+00  1.08570183e-07  0.00000000e+00 
 1.85982503e-07  1.95696229e-01  1.85982503e-07  6.80234988e-01  1.85982503e-07  1.89515088e-06  1.85982503e-07  7.79000125e-11  1.85982503e-07  5.04073327e-11  1.85982503e-07  0.00000000e+00  1.85982503e-07  0.00000000e+00 
 2.85982503e-07  2.89312125e-01  2.85982503e-07  6.80098483e-01  2.85982503e-07  1.89514773e-06  2.85982503e-07  4.43836594e-13  2.85982503e-07  5.31166639e-11  2.85982503e-07  0.00000000e+00  2.85982503e-07  0.00000000e+00 
 3.85982503e-07  3.81313669e-01  3.85982503e-07  6.80138044e-01  3.85982503e-07  1.89515112e-06  3.85982503e-07  2.97662277e-11  3.85982503e-07  6.26221338e-11  3.85982503e-07  0.00000000e+00  3.85982503e-07  0.00000000e+00 
 4.85982503e-07  4.70237132e-01  4.85982503e-07  6.80094510e-01  4.85982503e-07  1.89514797e-06  4.85982503e-07  2.49304544e-11  4.85982503e-07  6.49830075e-11  4.85982503e-07  0.00000000e+00  4.85982503e-07  0.00000000e+00 
 5.85982503e-07  5.51491517e-01  5.85982503e-07  6.80124739e-01  5.85982503e-07  1.89515138e-06  5.85982503e-07  8.39237435e-12  5.85982503e-07  7.30513811e-11  5.85982503e-07  0.00000000e+00  5.85982503e-07  0.00000000e+00 
 6.85982503e-07  6.17127603e-01  6.85982503e-07  6.80085511e-01  6.85982503e-07  1.89514877e-06  6.85982503e-07  4.43796589e-11  6.85982503e-07  7.41276733e-11  6.85982503e-07  0.00000000e+00  6.85982503e-07  0.00000000e+00 
 7.85982503e-07  6.62313516e-01  7.85982503e-07  6.80102838e-01  7.85982503e-07  1.89515197e-06  7.85982503e-07 -7.13451602e-12  7.85982503e-07  7.92418214e-11  7.85982503e-07  0.00000000e+00  7.85982503e-07  0.00000000e+00 
 8.85982503e-07  6.89472518e-01  8.85982503e-07  6.80073086e-01  8.85982503e-07  1.89514956e-06  8.85982503e-07  5.71846781e-11  8.85982503e-07  7.86110200e-11  8.85982503e-07  0.00000000e+00  8.85982503e-07  0.00000000e+00 
 9.85982503e-07  7.04394997e-01  9.85982503e-07  6.80088734e-01  9.85982503e-07  1.89515217e-06  9.85982503e-07 -1.90828534e-11  9.85982503e-07  8.12674924e-11  9.85982503e-07  0.00000000e+00  9.85982503e-07  0.00000000e+00 
 1.08598250e-06  7.12173069e-01  1.08598250e-06  6.80069215e-01  1.08598250e-06  1.89514997e-06  1.08598250e-06  6.62090362e-11  1.08598250e-06  8.02498053e-11  1.08598250e-06  0.00000000e+00  1.08598250e-06  0.00000000e+00 
 1.18598250e-06  7.16112725e-01  1.18598250e-06  6.80082853e-01  1.18598250e-06  1.89515211e-06  1.18598250e-06 -2.73279092e-11  1.18598250e-06  8.15492927e-11  1.18598250e-06  0.00000000e+00  1.18598250e-06  0.00000000e+00 
 1.28598250e-06  7.18078736e-01  1.28598250e-06  6.80069414e-01  1.28598250e-06  1.89515020e-06  1.28598250e-06  7.26712447e-11  1.28598250e-06  8.09531536e-11  1.28598250e-06  0.00000000e+00  1.28598250e-06  0.00000000e+00 
 1.38598250e-06  7.19052504e-01  1.38598250e-06  6.80080145e-01  1.38598250e-06  1.89515197e-06  1.38598250e-06 -3.28563084e-11  1.38598250e-06  8.13403302e-11  1.38598250e-06  0.00000000e+00  1.38598250e-06  0.00000000e+00 
 1.48598250e-06  7.19533161e-01  1.48598250e-06  6.80070514e-01  1.48598250e-06  1.89515037e-06  1.48598250e-06  7.70624440e-11  1.48598250e-06  8.14016372e-11  1.48598250e-06  0.00000000e+00  1.48598250e-06  0.00000000e+00 
 1.58598250e-06  7.19769924e-01  1.58598250e-06  6.80078547e-01  1.58598250e-06  1.89515184e-06  1.58598250e-06 -3.64199696e-11  1.58598250e-06  8.10200453e-11  1.58598250e-06  0.00000000e+00  1.58598250e-06  0.00000000e+00 
 1.68598250e-06  7.19886336e-01  1.68598250e-06  6.80071606e-01  1.68598250e-06  1.89515049e-06  1.68598250e-06  7.98215728e-11  1.68598250e-06  8.17719980e-11  1.68598250e-06  0.00000000e+00  1.68598250e-06  0.00000000e+00 
 1.78598250e-06  7.19943558e-01  1.78598250e-06  6.80077431e-01  1.78598250e-06  1.89515173e-06  1.78598250e-06 -3.85166017e-11  1.78598250e-06  8.06899481e-11  1.78598250e-06  0.00000000e+00  1.78598250e-06  0.00000000e+00 
 1.88598250e-06  7.19971709e-01  1.88598250e-06  6.80072513e-01  1.88598250e-06  1.89515059e-06  1.88598250e-06  8.13187969e-11  1.88598250e-06  8.21043167e-11  1.88598250e-06  0.00000000e+00  1.88598250e-06  0.00000000e+00 
 1.98598250e-06  7.19985532e-01  1.98598250e-06  6.80076593e-01  1.98598250e-06  1.89515165e-06  1.98598250e-06 -3.94994169e-11  1.98598250e-06  8.03777646e-11  1.98598250e-06  0.00000000e+00  1.98598250e-06  0.00000000e+00 
 2.08598250e-06  7.19992347e-01  2.08598250e-06  6.80073235e-01  2.08598250e-06  1.89515067e-06  2.08598250e-06  8.18466959e-11  2.08598250e-06  8.24062976e-11  2.08598250e-06  0.00000000e+00  2.08598250e-06  0.00000000e+00 
 2.18598250e-06  7.19995679e-01  2.18598250e-06  6.80075946e-01  2.18598250e-06  1.89515158e-06  2.18598250e-06 -3.96318037e-11  2.18598250e-06  8.00915881e-11  2.18598250e-06  0.00000000e+00  2.18598250e-06  0.00000000e+00 
 2.28598250e-06  7.19997337e-01  2.28598250e-06  6.80073803e-01  2.28598250e-06  1.89515072e-06  2.28598250e-06  8.16320807e-11  2.28598250e-06  8.26789931e-11  2.28598250e-06  0.00000000e+00  2.28598250e-06  0.00000000e+00 
 2.38598250e-06  7.19998132e-01  2.38598250e-06  6.80075441e-01  2.38598250e-06  1.89515154e-06  2.38598250e-06 -3.91146026e-11  2.38598250e-06  7.98337100e-11  2.38598250e-06  0.00000000e+00  2.38598250e-06  0.00000000e+00 
 2.48598250e-06  7.19998543e-01  2.48598250e-06  6.80074249e-01  2.48598250e-06  1.89515076e-06  2.48598250e-06  8.08505157e-11  2.48598250e-06  8.29227147e-11  2.48598250e-06  0.00000000e+00  2.48598250e-06  0.00000000e+00 
 2.58598250e-06  7.19998725e-01  2.58598250e-06  6.80075045e-01  2.58598250e-06  1.89515151e-06  2.58598250e-06 -3.81027610e-11  2.58598250e-06  7.96043053e-11  2.58598250e-06  0.00000000e+00  2.58598250e-06  0.00000000e+00 
 2.68598250e-06  7.19998834e-01  2.68598250e-06  6.80074599e-01  2.68598250e-06  1.89515078e-06  2.68598250e-06  7.96383410e-11  2.68598250e-06  8.31381786e-11  2.68598250e-06  0.00000000e+00  2.68598250e-06  0.00000000e+00 
 2.78598250e-06  7.19998869e-01  2.78598250e-06  6.80074735e-01  2.78598250e-06  1.89515150e-06  2.78598250e-06 -3.67168710e-11  2.78598250e-06  7.94025642e-11  2.78598250e-06  0.00000000e+00  2.78598250e-06  0.00000000e+00 
 2.88598250e-06  7.19998904e-01  2.88598250e-06  6.80074875e-01  2.88598250e-06  1.89515079e-06  2.88598250e-06  7.81021738e-11  2.88598250e-06  8.33265783e-11  2.88598250e-06  0.00000000e+00  2.88598250e-06  0.00000000e+00 
 2.98598250e-06  7.19998904e-01  2.98598250e-06  6.80074490e-01  2.98598250e-06  1.89515149e-06  2.98598250e-06 -3.50512296e-11  2.98598250e-06  7.92271394e-11  2.98598250e-06  0.00000000e+00  2.98598250e-06  0.00000000e+00 
 3.08598250e-06  7.19998921e-01  3.08598250e-06  6.80075091e-01  3.08598250e-06  1.89515079e-06  3.08598250e-06  7.63256423e-11  3.08598250e-06  8.34894536e-11  3.08598250e-06  0.00000000e+00  3.08598250e-06  0.00000000e+00 
 3.18598250e-06  7.19998912e-01  3.18598250e-06  6.80074299e-01  3.18598250e-06  1.89515150e-06  3.18598250e-06 -3.31803069e-11  3.18598250e-06  7.90763798e-11  3.18598250e-06  0.00000000e+00  3.18598250e-06  0.00000000e+00 
 3.28598250e-06  7.19998925e-01  3.28598250e-06  6.80075260e-01  3.28598250e-06  1.89515078e-06  3.28598250e-06  7.43749365e-11  3.28598250e-06  8.36285545e-11  3.28598250e-06  0.00000000e+00  3.28598250e-06  0.00000000e+00 
 3.38598250e-06  7.19998915e-01  3.38598250e-06  6.80074149e-01  3.38598250e-06  1.89515151e-06  3.38598250e-06 -3.11628608e-11  3.38598250e-06  7.89484752e-11  3.38598250e-06  0.00000000e+00  3.38598250e-06  0.00000000e+00 
 3.48598250e-06  7.19998926e-01  3.48598250e-06  6.80075392e-01  3.48598250e-06  1.89515077e-06  3.48598250e-06  7.23024158e-11  3.48598250e-06  8.37457327e-11  3.48598250e-06  0.00000000e+00  3.48598250e-06  0.00000000e+00 
 3.58598250e-06  7.19998915e-01  3.58598250e-06  6.80074034e-01  3.58598250e-06  1.89515153e-06  3.58598250e-06 -2.90456416e-11  3.58598250e-06  7.88415545e-11  3.58598250e-06  0.00000000e+00  3.58598250e-06  0.00000000e+00 
 3.68598250e-06  7.19998926e-01  3.68598250e-06  6.80075494e-01  3.68598250e-06  1.89515074e-06  3.68598250e-06  7.01497574e-11  3.68598250e-06  8.38428634e-11  3.68598250e-06  0.00000000e+00  3.68598250e-06  0.00000000e+00 
 3.78598250e-06  7.19998916e-01  3.78598250e-06  6.80073945e-01  3.78598250e-06  1.89515155e-06  3.78598250e-06 -2.68658361e-11  3.78598250e-06  7.87537523e-11  3.78598250e-06  0.00000000e+00  3.78598250e-06  0.00000000e+00 
 3.88598250e-06  7.19998926e-01  3.88598250e-06  6.80075571e-01  3.88598250e-06  1.89515072e-06  3.88598250e-06  6.79501779e-11  3.88598250e-06  8.39217915e-11  3.88598250e-06  0.00000000e+00  3.88598250e-06  0.00000000e+00 
 3.98598250e-06  7.19998916e-01  3.98598250e-06  6.80073878e-01  3.98598250e-06  1.89515158e-06  3.98598250e-06 -2.46530439e-11  3.98598250e-06  7.86832540e-11  3.98598250e-06  0.00000000e+00  3.98598250e-06  0.00000000e+00 
 4.08598250e-06  7.19998925e-01  4.08598250e-06  6.80075629e-01  4.08598250e-06  1.89515069e-06  4.08598250e-06  6.57300629e-11  4.08598250e-06  8.39842940e-11  4.08598250e-06  0.00000000e+00  4.08598250e-06  0.00000000e+00 
 4.18598250e-06  7.19998916e-01  4.18598250e-06  6.80073829e-01  4.18598250e-06  1.89515161e-06  4.18598250e-06 -2.24308332e-11  4.18598250e-06  7.86283259e-11  4.18598250e-06  0.00000000e+00  4.18598250e-06  0.00000000e+00 
 4.28598250e-06  7.19998925e-01  4.28598250e-06  6.80075670e-01  4.28598250e-06  1.89515066e-06  4.28598250e-06  6.35104256e-11  4.28598250e-06  8.40320566e-11  4.28598250e-06  0.00000000e+00  4.28598250e-06  0.00000000e+00 
 4.38598250e-06  7.19998917e-01  4.38598250e-06  6.80073794e-01  4.38598250e-06  1.89515164e-06  4.38598250e-06 -2.02180070e-11  4.38598250e-06  7.85873333e-11  4.38598250e-06  0.00000000e+00  4.38598250e-06  0.00000000e+00 
 4.48598250e-06  7.19998925e-01  4.48598250e-06  6.80075699e-01  4.48598250e-06  1.89515062e-06  4.48598250e-06  6.13081364e-11  4.48598250e-06  8.40666611e-11  4.48598250e-06  0.00000000e+00  4.48598250e-06  0.00000000e+00 
 4.58598250e-06  7.19998917e-01  4.58598250e-06  6.80073771e-01  4.58598250e-06  1.89515168e-06  4.58598250e-06 -1.80294811e-11  4.58598250e-06  7.85587495e-11  4.58598250e-06  0.00000000e+00  4.58598250e-06  0.00000000e+00 
 4.68598250e-06  7.19998924e-01  4.68598250e-06  6.80075717e-01  4.68598250e-06  1.89515059e-06  4.68598250e-06  5.91362855e-11  4.68598250e-06  8.40895774e-11  4.68598250e-06  0.00000000e+00  4.68598250e-06  0.00000000e+00 
 4.78598250e-06  7.19998917e-01  4.78598250e-06  6.80073757e-01  4.78598250e-06  1.89515171e-06  4.78598250e-06 -1.58769349e-11  4.78598250e-06  7.85411617e-11  4.78598250e-06  0.00000000e+00  4.78598250e-06  0.00000000e+00 
 4.88598250e-06  7.19998924e-01  4.88598250e-06  6.80075727e-01  4.88598250e-06  1.89515055e-06  4.88598250e-06  5.70053494e-11  4.88598250e-06  8.41021616e-11  4.88598250e-06  0.00000000e+00  4.88598250e-06  0.00000000e+00 
 4.94299125e-06  7.19998918e-01  4.94299125e-06  6.80073751e-01  4.94299125e-06  1.89515176e-06  4.94299125e-06 -1.29885163e-11  4.94299125e-06  7.85325219e-11  4.94299125e-06  0.00000000e+00  4.94299125e-06  0.00000000e+00 
 5.00000000e-06  7.19998924e-01  5.00000000e-06  6.80075727e-01  5.00000000e-06  1.89515048e-06  5.00000000e-06  5.33898785e-11  5.00000000e-06  8.41030535e-11  5.00000000e-06  0.00000000e+00  5.00000000e-06  0.00000000e+00 
 5.00000100e-06  7.20002272e-01  5.00000100e-06  6.81073964e-01  5.00000100e-06  1.66234399e-06  5.00000100e-06  2.78555755e-06  5.00000100e-06 -7.02683180e-07  5.00000100e-06  1.20000000e-01  5.00000100e-06  0.00000000e+00 
 5.00000300e-06  7.20008843e-01  5.00000300e-06  6.82937290e-01  5.00000300e-06  1.67606682e-06  5.00000300e-06  2.44694166e-06  5.00000300e-06 -6.76172180e-07  5.00000300e-06  3.60000000e-01  5.00000300e-06  0.00000000e+00 
 5.00000650e-06  7.20020261e-01  5.00000650e-06  6.86014484e-01  5.00000650e-06  1.67861531e-06  5.00000650e-06  1.39100663e-06  5.00000650e-06 -6.12099713e-07  5.00000650e-06  7.80000000e-01  5.00000650e-06  0.00000000e+00 
 5.00001000e-06  7.20028514e-01  5.00001000e-06  6.88004562e-01  5.00001000e-06  1.81327306e-06  5.00001000e-06 -9.81764388e-07  5.00001000e-06 -2.16415165e-07  5.00001000e-06  1.20000000e+00  5.00001000e-06  0.00000000e+00 
 5.00001069e-06  7.20027950e-01  5.00001069e-06  6.87715252e-01  5.00001069e-06  1.97327095e-06  5.00001069e-06 -3.38843591e-06  5.00001069e-06  2.85382644e-07  5.00001069e-06  1.20000000e+00  5.00001069e-06  0.00000000e+00 
 5.00001207e-06  7.20026582e-01  5.00001207e-06  6.87131737e-01  5.00001207e-06  1.99014825e-06  5.00001207e-06 -3.68303238e-06  5.00001207e-06  3.60214786e-07  5.00001207e-06  1.20000000e+00  5.00001207e-06  0.00000000e+00 
 5.00001484e-06  7.20023690e-01  5.00001484e-06  6.86062931e-01  5.00001484e-06  1.96277789e-06  5.00001484e-06 -2.80197910e-06  5.00001484e-06  2.33088431e-07  5.00001484e-06  1.20000000e+00  5.00001484e-06  0.00000000e+00 
 5.00002037e-06  7.20017771e-01  5.00002037e-06  6.84172050e-01  5.00002037e-06  1.97565571e-06  5.00002037e-06 -2.30160982e-06  5.00002037e-06  2.75394951e-07  5.00002037e-06  1.20000000e+00  5.00002037e-06  0.00000000e+00 
 5.00003143e-06  7.20002682e-01  5.00003143e-06  6.80050311e-01  5.00003143e-06  1.99103135e-06  5.00003143e-06 -7.29852900e-07  5.00003143e-06  2.68235415e-07  5.00003143e-06  1.20000000e+00  5.00003143e-06  0.00000000e+00 
 5.00005356e-06  7.19936451e-01  5.00005356e-06  6.59725202e-01  5.00005356e-06  2.27731655e-06  5.00005356e-06  9.68864406e-07  5.00005356e-06  1.05887918e-06  5.00005356e-06  1.20000000e+00  5.00005356e-06  0.00000000e+00 
 5.00007932e-06  7.19886304e-01  5.00007932e-06  6.45030630e-01  5.00007932e-06  1.86738835e-06  5.00007932e-06  6.59820281e-06  5.00007932e-06 -2.54832582e-07  5.00007932e-06  1.20000000e+00  5.00007932e-06  0.00000000e+00 
 5.00010802e-06  7.19884505e-01  5.00010802e-06  6.37077292e-01  5.00010802e-06  2.13439092e-06  5.00010802e-06  2.17148070e-07  5.00010802e-06  6.25709838e-07  5.00010802e-06  1.20000000e+00  5.00010802e-06  0.00000000e+00 
 5.00016281e-06  7.19929226e-01  5.00016281e-06  6.28943610e-01  5.00016281e-06  1.78585311e-06  5.00016281e-06  4.13744041e-06  5.00016281e-06 -4.39980539e-07  5.00016281e-06  1.20000000e+00  5.00016281e-06  0.00000000e+00 
 5.00021717e-06  7.19979727e-01  5.00021717e-06  6.24282193e-01  5.00021717e-06  2.08061622e-06  5.00021717e-06 -1.08653176e-06  5.00021717e-06  5.24275428e-07  5.00021717e-06  1.20000000e+00  5.00021717e-06  0.00000000e+00 
 5.00032589e-06  7.20055835e-01  5.00032589e-06  6.20587321e-01  5.00032589e-06  1.74134310e-06  5.00032589e-06  3.44104476e-06  5.00032589e-06 -5.15890320e-07  5.00032589e-06  1.20000000e+00  5.00032589e-06  0.00000000e+00 
 5.00053426e-06  7.20138748e-01  5.00053426e-06  6.22394818e-01  5.00053426e-06  2.04066892e-06  5.00053426e-06 -1.66026304e-06  5.00053426e-06  4.61662375e-07  5.00053426e-06  1.20000000e+00  5.00053426e-06  0.00000000e+00 
 5.00076713e-06  7.20181537e-01  5.00076713e-06  6.28586757e-01  5.00076713e-06  1.72376089e-06  5.00076713e-06  3.07891240e-06  5.00076713e-06 -5.34294892e-07  5.00076713e-06  1.20000000e+00  5.00076713e-06  0.00000000e+00 
 5.00100000e-06  7.20207848e-01  5.00100000e-06  6.34531157e-01  5.00100000e-06  2.04087661e-06  5.00100000e-06 -1.83654789e-06  5.00100000e-06  4.71124098e-07  5.00100000e-06  1.20000000e+00  5.00100000e-06  0.00000000e+00 
 5.00104657e-06  7.20247024e-01  5.00104657e-06  6.35616313e-01  5.00104657e-06  1.88377167e-06  5.00104657e-06  5.78128207e-07  5.00104657e-06 -2.62183110e-08  5.00104657e-06  1.20000000e+00  5.00104657e-06  0.00000000e+00 
 5.00113972e-06  7.20321699e-01  5.00113972e-06  6.37663280e-01  5.00113972e-06  1.88479961e-06  5.00113972e-06  5.61794914e-07  5.00113972e-06 -2.39639520e-08  5.00113972e-06  1.20000000e+00  5.00113972e-06  0.00000000e+00 
 5.00132602e-06  7.20415971e-01  5.00132602e-06  6.41297276e-01  5.00132602e-06  1.88660163e-06  5.00132602e-06  5.31215832e-07  5.00132602e-06 -1.85656294e-08  5.00132602e-06  1.20000000e+00  5.00132602e-06  0.00000000e+00 
 5.00165818e-06  7.20472360e-01  5.00165818e-06  6.46571297e-01  5.00165818e-06  1.88915048e-06  5.00165818e-06  4.97059688e-07  5.00165818e-06 -1.26363597e-08  5.00165818e-06  1.20000000e+00  5.00165818e-06  0.00000000e+00 
 5.00200000e-06  7.20523899e-01  5.00200000e-06  6.50845004e-01  5.00200000e-06  1.89077568e-06  5.00200000e-06  4.74898046e-07  5.00200000e-06 -7.83705628e-09  5.00200000e-06  1.20000000e+00  5.00200000e-06  0.00000000e+00 
 5.00204619e-06  7.20526073e-01  5.00204619e-06  6.51351261e-01  5.00204619e-06  1.89094601e-06  5.00204619e-06  4.73892898e-07  5.00204619e-06 -7.70469093e-09  5.00204619e-06  1.20000000e+00  5.00204619e-06  0.00000000e+00 
 5.00213857e-06  7.20530391e-01  5.00213857e-06  6.52340093e-01  5.00213857e-06  1.89125320e-06  5.00213857e-06  4.70889952e-07  5.00213857e-06 -6.88794399e-09  5.00213857e-06  1.20000000e+00  5.00213857e-06  0.00000000e+00 
 5.00232333e-06  7.20538873e-01  5.00232333e-06  6.54195381e-01  5.00232333e-06  1.89175890e-06  5.00232333e-06  4.66782878e-07  5.00232333e-06 -5.54915426e-09  5.00232333e-06  1.20000000e+00  5.00232333e-06  0.00000000e+00 
 5.00269284e-06  7.20555471e-01  5.00269284e-06  6.57494868e-01  5.00269284e-06  1.89251735e-06  5.00269284e-06  4.64567144e-07  5.00269284e-06 -3.48331830e-09  5.00269284e-06  1.20000000e+00  5.00269284e-06  0.00000000e+00 
 5.00343188e-06  7.20588385e-01  5.00343188e-06  6.62800009e-01  5.00343188e-06  1.89348295e-06  5.00343188e-06  4.71406560e-07  5.00343188e-06 -1.00457438e-09  5.00343188e-06  1.20000000e+00  5.00343188e-06  0.00000000e+00 
 5.00490994e-06  7.20655739e-01  5.00490994e-06  6.69744888e-01  5.00490994e-06  1.89451551e-06  5.00490994e-06  4.89050439e-07  5.00490994e-06  9.87038983e-10  5.00490994e-06  1.20000000e+00  5.00490994e-06  0.00000000e+00 
 5.00786608e-06  7.20793927e-01  5.00786608e-06  6.76028354e-01  5.00786608e-06  1.89517049e-06  5.00786608e-06  4.93576823e-07  5.00786608e-06  9.66098243e-10  5.00786608e-06  1.20000000e+00  5.00786608e-06  0.00000000e+00 
 5.01377834e-06  7.21064781e-01  5.01377834e-06  6.79484066e-01  5.01377834e-06  1.89525177e-06  5.01377834e-06  4.77348365e-07  5.01377834e-06  5.81972995e-11  5.01377834e-06  1.20000000e+00  5.01377834e-06  0.00000000e+00 
 5.02560288e-06  7.21588187e-01  5.02560288e-06  6.80199202e-01  5.02560288e-06  1.89517984e-06  5.02560288e-06  4.74795763e-07  5.02560288e-06  1.33249333e-10  5.02560288e-06  1.20000000e+00  5.02560288e-06  0.00000000e+00 
 5.04576795e-06  7.22467923e-01  5.04576795e-06  6.80007002e-01  5.04576795e-06  1.89512978e-06  5.04576795e-06  4.74813593e-07  5.04576795e-06  3.37134891e-11  5.04576795e-06  1.20000000e+00  5.04576795e-06  0.00000000e+00 
 5.08609811e-06  7.24212676e-01  5.08609811e-06  6.80135551e-01  5.08609811e-06  1.89516940e-06  5.08609811e-06  4.75104698e-07  5.08609811e-06  1.26270694e-10  5.08609811e-06  1.20000000e+00  5.08609811e-06  0.00000000e+00 
 5.16675842e-06  7.27690262e-01  5.16675842e-06  6.80025669e-01  5.16675842e-06  1.89513401e-06  5.16675842e-06  4.74852222e-07  5.16675842e-06  3.86258061e-11  5.16675842e-06  1.20000000e+00  5.16675842e-06  0.00000000e+00 
 5.26675842e-06  7.32001338e-01  5.26675842e-06  6.80126482e-01  5.26675842e-06  1.89516715e-06  5.26675842e-06  4.75235953e-07  5.26675842e-06  1.23792622e-10  5.26675842e-06  1.20000000e+00  5.26675842e-06  0.00000000e+00 
 5.36675842e-06  7.36313303e-01  5.36675842e-06  6.80032798e-01  5.36675842e-06  1.89513587e-06  5.36675842e-06  4.74982624e-07  5.36675842e-06  4.17310055e-11  5.36675842e-06  1.20000000e+00  5.36675842e-06  0.00000000e+00 
 5.46675842e-06  7.40625669e-01  5.46675842e-06  6.80120135e-01  5.46675842e-06  1.89516542e-06  5.46675842e-06  4.75366953e-07  5.46675842e-06  1.21628162e-10  5.46675842e-06  1.20000000e+00  5.46675842e-06  0.00000000e+00 
 5.56675842e-06  7.44938780e-01  5.56675842e-06  6.80038533e-01  5.56675842e-06  1.89513750e-06  5.56675842e-06  4.75121457e-07  5.56675842e-06  4.48428082e-11  5.56675842e-06  1.20000000e+00  5.56675842e-06  0.00000000e+00 
 5.66675842e-06  7.49252325e-01  5.66675842e-06  6.80115003e-01  5.66675842e-06  1.89516389e-06  5.66675842e-06  4.75489880e-07  5.66675842e-06  1.19476822e-10  5.66675842e-06  1.20000000e+00  5.66675842e-06  0.00000000e+00 
 5.76675842e-06  7.53566612e-01  5.76675842e-06  6.80043220e-01  5.76675842e-06  1.89513893e-06  5.76675842e-06  4.75265733e-07  5.76675842e-06  4.79184027e-11  5.76675842e-06  1.20000000e+00  5.76675842e-06  0.00000000e+00 
 5.86675842e-06  7.57881322e-01  5.86675842e-06  6.80110792e-01  5.86675842e-06  1.89516254e-06  5.86675842e-06  4.75607552e-07  5.86675842e-06  1.17374382e-10  5.86675842e-06  1.20000000e+00  5.86675842e-06  0.00000000e+00 
 5.96675842e-06  7.62196782e-01  5.96675842e-06  6.80047108e-01  5.96675842e-06  1.89514021e-06  5.96675842e-06  4.75413235e-07  5.96675842e-06  5.09280449e-11  5.96675842e-06  1.20000000e+00  5.96675842e-06  0.00000000e+00 
 6.06675842e-06  7.66512655e-01  6.06675842e-06  6.80107288e-01  6.06675842e-06  1.89516133e-06  6.06675842e-06  4.75722010e-07  6.06675842e-06  1.15345449e-10  6.06675842e-06  1.20000000e+00  6.06675842e-06  0.00000000e+00 
 6.16675842e-06  7.70829281e-01  6.16675842e-06  6.80050384e-01  6.16675842e-06  1.89514135e-06  6.16675842e-06  4.75562417e-07  6.16675842e-06  5.38515604e-11  6.16675842e-06  1.20000000e+00  6.16675842e-06  0.00000000e+00 
 6.26675842e-06  7.75146318e-01  6.26675842e-06  6.80104330e-01  6.26675842e-06  1.89516025e-06  6.26675842e-06  4.75834732e-07  6.26675842e-06  1.13406436e-10  6.26675842e-06  1.20000000e+00  6.26675842e-06  0.00000000e+00 
 6.36675842e-06  7.79464106e-01  6.36675842e-06  6.80053184e-01  6.36675842e-06  1.89514237e-06  6.36675842e-06  4.75712220e-07  6.36675842e-06  5.66757883e-11  6.36675842e-06  1.20000000e+00  6.36675842e-06  0.00000000e+00 
 6.46675842e-06  7.83782307e-01  6.46675842e-06  6.80101802e-01  6.46675842e-06  1.89515928e-06  6.46675842e-06  4.75946796e-07  6.46675842e-06  1.11567758e-10  6.46675842e-06  1.20000000e+00  6.46675842e-06  0.00000000e+00 
 6.56675842e-06  7.88101252e-01  6.56675842e-06  6.80055611e-01  6.56675842e-06  1.89514330e-06  6.56675842e-06  4.75861950e-07  6.56675842e-06  5.93926997e-11  6.56675842e-06  1.20000000e+00  6.56675842e-06  0.00000000e+00 
 6.66675842e-06  7.92420616e-01  6.66675842e-06  6.80099614e-01  6.66675842e-06  1.89515839e-06  6.66675842e-06  4.76058986e-07  6.66675842e-06  1.09835445e-10  6.66675842e-06  1.20000000e+00  6.66675842e-06  0.00000000e+00 
 6.76675842e-06  7.96740717e-01  6.76675842e-06  6.80057743e-01  6.76675842e-06  1.89514415e-06  6.76675842e-06  4.76011170e-07  6.76675842e-06  6.19980074e-11  6.76675842e-06  1.20000000e+00  6.76675842e-06  0.00000000e+00 
 6.86675842e-06  8.01061245e-01  6.86675842e-06  6.80097702e-01  6.86675842e-06  1.89515759e-06  6.86675842e-06  4.76171871e-07  6.86675842e-06  1.08212337e-10  6.86675842e-06  1.20000000e+00  6.86675842e-06  0.00000000e+00 
 6.96675842e-06  8.05382501e-01  6.96675842e-06  6.80059637e-01  6.96675842e-06  1.89514492e-06  6.96675842e-06  4.76159632e-07  6.96675842e-06  6.44901394e-11  6.96675842e-06  1.20000000e+00  6.96675842e-06  0.00000000e+00 
 7.06675842e-06  8.09704193e-01  7.06675842e-06  6.80096015e-01  7.06675842e-06  1.89515685e-06  7.06675842e-06  4.76285860e-07  7.06675842e-06  1.06698970e-10  7.06675842e-06  1.20000000e+00  7.06675842e-06  0.00000000e+00 
 7.16675842e-06  8.14026604e-01  7.16675842e-06  6.80061337e-01  7.16675842e-06  1.89514562e-06  7.16675842e-06  4.76307221e-07  7.16675842e-06  6.68694807e-11  7.16675842e-06  1.20000000e+00  7.16675842e-06  0.00000000e+00 
 7.26675842e-06  8.18349462e-01  7.26675842e-06  6.80094517e-01  7.26675842e-06  1.89515617e-06  7.26675842e-06  4.76401251e-07  7.26675842e-06  1.05294223e-10  7.26675842e-06  1.20000000e+00  7.26675842e-06  0.00000000e+00 
 7.36675842e-06  8.22673029e-01  7.36675842e-06  6.80062878e-01  7.36675842e-06  1.89514627e-06  7.36675842e-06  4.76453917e-07  7.36675842e-06  6.91378102e-11  7.36675842e-06  1.20000000e+00  7.36675842e-06  0.00000000e+00 
 7.46675842e-06  8.26997054e-01  7.46675842e-06  6.80093178e-01  7.46675842e-06  1.89515555e-06  7.46675842e-06  4.76518250e-07  7.46675842e-06  1.03995807e-10  7.46675842e-06  1.20000000e+00  7.46675842e-06  0.00000000e+00 
 7.56675842e-06  8.31321778e-01  7.56675842e-06  6.80064286e-01  7.56675842e-06  1.89514687e-06  7.56675842e-06  4.76599753e-07  7.56675842e-06  7.12978849e-11  7.56675842e-06  1.20000000e+00  7.56675842e-06  0.00000000e+00 
 7.66675842e-06  8.35646972e-01  7.66675842e-06  6.80091978e-01  7.66675842e-06  1.89515498e-06  7.66675842e-06  4.76637010e-07  7.66675842e-06  1.02800620e-10  7.66675842e-06  1.20000000e+00  7.66675842e-06  0.00000000e+00 
 7.76675842e-06  8.39972855e-01  7.76675842e-06  6.80065582e-01  7.76675842e-06  1.89514742e-06  7.76675842e-06  4.76744807e-07  7.76675842e-06  7.33531314e-11  7.76675842e-06  1.20000000e+00  7.76675842e-06  0.00000000e+00 
 7.86675842e-06  8.44299220e-01  7.86675842e-06  6.80090899e-01  7.86675842e-06  1.89515445e-06  7.86675842e-06  4.76757642e-07  7.86675842e-06  1.01705014e-10  7.86675842e-06  1.20000000e+00  7.86675842e-06  0.00000000e+00 
 7.96675842e-06  8.48626264e-01  7.96675842e-06  6.80066782e-01  7.96675842e-06  1.89514793e-06  7.96675842e-06  4.76889196e-07  7.96675842e-06  7.53074165e-11  7.96675842e-06  1.20000000e+00  7.96675842e-06  0.00000000e+00 
 8.06675842e-06  8.52953802e-01  8.06675842e-06  6.80089928e-01  8.06675842e-06  1.89515396e-06  8.06675842e-06  4.76880258e-07  8.06675842e-06  1.00704990e-10  8.06675842e-06  1.20000000e+00  8.06675842e-06  0.00000000e+00 
 8.16675842e-06  8.57282011e-01  8.16675842e-06  6.80067902e-01  8.16675842e-06  1.89514840e-06  8.16675842e-06  4.77033086e-07  8.16675842e-06  7.71648809e-11  8.16675842e-06  1.20000000e+00  8.16675842e-06  0.00000000e+00 
 8.26675842e-06  8.61610724e-01  8.26675842e-06  6.80089057e-01  8.26675842e-06  1.89515351e-06  8.26675842e-06  4.77005009e-07  8.26675842e-06  9.97963442e-11  8.26675842e-06  1.20000000e+00  8.26675842e-06  0.00000000e+00 
 8.36675842e-06  8.65940101e-01  8.36675842e-06  6.80068953e-01  8.36675842e-06  1.89514883e-06  8.36675842e-06  4.77176736e-07  8.36675842e-06  7.89298134e-11  8.36675842e-06  1.20000000e+00  8.36675842e-06  0.00000000e+00 
 8.46675842e-06  8.70269995e-01  8.46675842e-06  6.80088279e-01  8.46675842e-06  1.89515309e-06  8.46675842e-06  4.77132149e-07  8.46675842e-06  9.89747717e-11  8.46675842e-06  1.20000000e+00  8.46675842e-06  0.00000000e+00 
 8.56675842e-06  8.74600546e-01  8.56675842e-06  6.80069947e-01  8.56675842e-06  1.89514924e-06  8.56675842e-06  4.77320559e-07  8.56675842e-06  8.06065612e-11  8.56675842e-06  1.20000000e+00  8.56675842e-06  0.00000000e+00 
 8.66675842e-06  8.78931629e-01  8.66675842e-06  6.80087590e-01  8.66675842e-06  1.89515271e-06  8.66675842e-06  4.77262118e-07  8.66675842e-06  9.82359465e-11  8.66675842e-06  1.20000000e+00  8.66675842e-06  0.00000000e+00 
 8.76675842e-06  8.83263366e-01  8.76675842e-06  6.80070896e-01  8.76675842e-06  1.89514961e-06  8.76675842e-06  4.77465196e-07  8.76675842e-06  8.21994644e-11  8.76675842e-06  1.20000000e+00  8.76675842e-06  0.00000000e+00 
 8.86675842e-06  8.87595653e-01  8.86675842e-06  6.80086989e-01  8.86675842e-06  1.89515235e-06  8.86675842e-06  4.77395616e-07  8.86675842e-06  9.75755762e-11  8.86675842e-06  1.20000000e+00  8.86675842e-06  0.00000000e+00 
 8.96675842e-06  8.91928596e-01  8.96675842e-06  6.80071810e-01  8.96675842e-06  1.89514995e-06  8.96675842e-06  4.77611595e-07  8.96675842e-06  8.37128086e-11  8.96675842e-06  1.20000000e+00  8.96675842e-06  0.00000000e+00 
 9.06675842e-06  8.96262111e-01  9.06675842e-06  6.80086479e-01  9.06675842e-06  1.89515202e-06  9.06675842e-06  4.77533678e-07  9.06675842e-06  9.69894423e-11  9.06675842e-06  1.20000000e+00  9.06675842e-06  0.00000000e+00 
 9.16675842e-06  9.00596290e-01  9.16675842e-06  6.80072702e-01  9.16675842e-06  1.89515026e-06  9.16675842e-06  4.77761072e-07  9.16675842e-06  8.51507924e-11  9.16675842e-06  1.20000000e+00  9.16675842e-06  0.00000000e+00 
 9.26675842e-06  9.04931070e-01  9.26675842e-06  6.80086061e-01  9.26675842e-06  1.89515172e-06  9.26675842e-06  4.77677728e-07  9.26675842e-06  9.64734279e-11  9.26675842e-06  1.20000000e+00  9.26675842e-06  0.00000000e+00 
 9.36675842e-06  9.09266532e-01  9.36675842e-06  6.80073585e-01  9.36675842e-06  1.89515055e-06  9.36675842e-06  4.77915347e-07  9.36675842e-06  8.65175049e-11  9.36675842e-06  1.20000000e+00  9.36675842e-06  0.00000000e+00 
 9.46675842e-06  9.13602632e-01  9.46675842e-06  6.80085743e-01  9.46675842e-06  1.89515144e-06  9.46675842e-06  4.77829597e-07  9.46675842e-06  9.60235373e-11  9.46675842e-06  1.20000000e+00  9.46675842e-06  0.00000000e+00 
 9.56675842e-06  9.17939441e-01  9.56675842e-06  6.80074470e-01  9.56675842e-06  1.89515082e-06  9.56675842e-06  4.78076533e-07  9.56675842e-06  8.78169108e-11  9.56675842e-06  1.20000000e+00  9.56675842e-06  0.00000000e+00 
 9.66675842e-06  9.22276937e-01  9.66675842e-06  6.80085528e-01  9.66675842e-06  1.89515119e-06  9.66675842e-06  4.77991495e-07  9.66675842e-06  9.56359081e-11  9.66675842e-06  1.20000000e+00  9.66675842e-06  0.00000000e+00 
 9.76675842e-06  9.26615180e-01  9.76675842e-06  6.80075372e-01  9.76675842e-06  1.89515107e-06  9.76675842e-06  4.78247085e-07  9.76675842e-06  8.90528413e-11  9.76675842e-06  1.20000000e+00  9.76675842e-06  0.00000000e+00 
 9.86675842e-06  9.30954169e-01  9.86675842e-06  6.80085425e-01  9.86675842e-06  1.89515095e-06  9.86675842e-06  4.78165929e-07  9.86675842e-06  9.53068176e-11  9.86675842e-06  1.20000000e+00  9.86675842e-06  0.00000000e+00 
 9.96675842e-06  9.35293956e-01  9.96675842e-06  6.80076300e-01  9.96675842e-06  1.89515129e-06  9.96675842e-06  4.78429683e-07  9.96675842e-06  9.02289909e-11  9.96675842e-06  1.20000000e+00  9.96675842e-06  0.00000000e+00 
 1.00667584e-05  9.39634561e-01  1.00667584e-05  6.80085439e-01  1.00667584e-05  1.89515074e-06  1.00667584e-05  4.78355570e-07  1.00667584e-05  9.50326847e-11  1.00667584e-05  1.20000000e+00  1.00667584e-05  0.00000000e+00 
 1.01667584e-05  9.43976029e-01  1.01667584e-05  6.80077267e-01  1.01667584e-05  1.89515150e-06  1.01667584e-05  4.78627045e-07  1.01667584e-05  9.13489178e-11  1.01667584e-05  1.20000000e+00  1.01667584e-05  0.00000000e+00 
 1.02667584e-05  9.48318397e-01  1.02667584e-05  6.80085578e-01  1.02667584e-05  1.89515054e-06  1.02667584e-05  4.78563013e-07  1.02667584e-05  9.48100674e-11  1.02667584e-05  1.20000000e+00  1.02667584e-05  0.00000000e+00 
 1.03667584e-05  9.52661702e-01  1.03667584e-05  6.80078280e-01  1.03667584e-05  1.89515169e-06  1.03667584e-05  4.78841662e-07  1.03667584e-05  9.24160485e-11  1.03667584e-05  1.20000000e+00  1.03667584e-05  0.00000000e+00 
 1.04667584e-05  9.57005999e-01  1.04667584e-05  6.80085849e-01  1.04667584e-05  1.89515036e-06  1.04667584e-05  4.78790479e-07  1.04667584e-05  9.46356553e-11  1.04667584e-05  1.20000000e+00  1.04667584e-05  0.00000000e+00 
 1.05667584e-05  9.61351317e-01  1.05667584e-05  6.80079348e-01  1.05667584e-05  1.89515186e-06  1.05667584e-05  4.79075465e-07  1.05667584e-05  9.34336857e-11  1.05667584e-05  1.20000000e+00  1.05667584e-05  0.00000000e+00 
 1.06667584e-05  9.65697724e-01  1.06667584e-05  6.80086259e-01  1.06667584e-05  1.89515019e-06  1.06667584e-05  4.79039442e-07  1.06667584e-05  9.45062585e-11  1.06667584e-05  1.20000000e+00  1.06667584e-05  0.00000000e+00 
 1.07667584e-05  9.70045238e-01  1.07667584e-05  6.80080480e-01  1.07667584e-05  1.89515202e-06  1.07667584e-05  4.79329430e-07  1.07667584e-05  9.44050199e-11  1.07667584e-05  1.20000000e+00  1.07667584e-05  0.00000000e+00 
 1.08667584e-05  9.74393938e-01  1.08667584e-05  6.80086817e-01  1.08667584e-05  1.89515004e-06  1.08667584e-05  4.79310214e-07  1.08667584e-05  9.44187942e-11  1.08667584e-05  1.20000000e+00  1.08667584e-05  0.00000000e+00 
 1.09667584e-05  9.78743829e-01  1.09667584e-05  6.80081686e-01  1.09667584e-05  1.89515217e-06  1.09667584e-05  4.79603195e-07  1.09667584e-05  9.53331417e-11  1.09667584e-05  1.20000000e+00  1.09667584e-05  0.00000000e+00 
 1.10667584e-05  9.83094993e-01  1.10667584e-05  6.80087536e-01  1.10667584e-05  1.89514990e-06  1.10667584e-05  4.79601562e-07  1.10667584e-05  9.43702710e-11  1.10667584e-05  1.20000000e+00  1.10667584e-05  0.00000000e+00 
 1.11667584e-05  9.87447421e-01  1.11667584e-05  6.80082979e-01  1.11667584e-05  1.89515230e-06  1.11667584e-05  4.79894717e-07  1.11667584e-05  9.62210530e-11  1.11667584e-05  1.20000000e+00  1.11667584e-05  0.00000000e+00 
 1.12667584e-05  9.91801195e-01  1.12667584e-05  6.80088429e-01  1.12667584e-05  1.89514978e-06  1.12667584e-05  4.79910429e-07  1.12667584e-05  9.43577763e-11  1.12667584e-05  1.20000000e+00  1.12667584e-05  0.00000000e+00 
 1.13667584e-05  9.96156284e-01  1.13667584e-05  6.80084372e-01  1.13667584e-05  1.89515242e-06  1.13667584e-05  4.80200106e-07  1.13667584e-05  9.70716773e-11  1.13667584e-05  1.20000000e+00  1.13667584e-05  0.00000000e+00 
 1.14667584e-05  1.00051277e+00  1.14667584e-05  6.80089508e-01  1.14667584e-05  1.89514966e-06  1.14667584e-05  4.80231865e-07  1.14667584e-05  9.43784637e-11  1.14667584e-05  1.20000000e+00  1.14667584e-05  0.00000000e+00 
 1.15667584e-05  1.00487059e+00  1.15667584e-05  6.80085877e-01  1.15667584e-05  1.89515254e-06  1.15667584e-05  4.80513701e-07  1.15667584e-05  9.78878657e-11  1.15667584e-05  1.20000000e+00  1.15667584e-05  0.00000000e+00 
 1.16667584e-05  1.00922982e+00  1.16667584e-05  6.80090778e-01  1.16667584e-05  1.89514956e-06  1.16667584e-05  4.80559263e-07  1.16667584e-05  9.44295473e-11  1.16667584e-05  1.20000000e+00  1.16667584e-05  0.00000000e+00 
 1.17667584e-05  1.01359038e+00  1.17667584e-05  6.80087499e-01  1.17667584e-05  1.89515264e-06  1.17667584e-05  4.80828457e-07  1.17667584e-05  9.86723968e-11  1.17667584e-05  1.20000000e+00  1.17667584e-05  0.00000000e+00 
 1.18667584e-05  1.01795233e+00  1.18667584e-05  6.80092235e-01  1.18667584e-05  1.89514946e-06  1.18667584e-05  4.80884894e-07  1.18667584e-05  9.45083026e-11  1.18667584e-05  1.20000000e+00  1.18667584e-05  0.00000000e+00 
 1.19667584e-05  1.02231556e+00  1.19667584e-05  6.80089229e-01  1.19667584e-05  1.89515273e-06  1.19667584e-05  4.81136629e-07  1.19667584e-05  9.94279713e-11  1.19667584e-05  1.20000000e+00  1.19667584e-05  0.00000000e+00 
 1.20667584e-05  1.02668013e+00  1.20667584e-05  6.80093857e-01  1.20667584e-05  1.89514937e-06  1.20667584e-05  4.81200703e-07  1.20667584e-05  9.46120739e-11  1.20667584e-05  1.20000000e+00  1.20667584e-05  0.00000000e+00 
 1.21667584e-05  1.03104591e+00  1.21667584e-05  6.80091049e-01  1.21667584e-05  1.89515282e-06  1.21667584e-05  4.81430592e-07  1.21667584e-05  1.00157201e-10  1.21667584e-05  1.20000000e+00  1.21667584e-05  0.00000000e+00 
 1.22667584e-05  1.03541292e+00  1.22667584e-05  6.80095612e-01  1.22667584e-05  1.89514928e-06  1.22667584e-05  4.81499149e-07  1.22667584e-05  9.47382893e-11  1.22667584e-05  1.20000000e+00  1.22667584e-05  0.00000000e+00 
 1.23667584e-05  1.03978104e+00  1.23667584e-05  6.80092926e-01  1.23667584e-05  1.89515290e-06  1.23667584e-05  4.81703642e-07  1.23667584e-05  1.00862591e-10  1.23667584e-05  1.20000000e+00  1.23667584e-05  0.00000000e+00 
 1.24667584e-05  1.04415029e+00  1.24667584e-05  6.80097455e-01  1.24667584e-05  1.89514921e-06  1.24667584e-05  4.81773933e-07  1.24667584e-05  9.48844798e-11  1.24667584e-05  1.20000000e+00  1.24667584e-05  0.00000000e+00 
 1.25667584e-05  1.04852051e+00  1.25667584e-05  6.80094826e-01  1.25667584e-05  1.89515298e-06  1.25667584e-05  4.81950590e-07  1.25667584e-05  1.01546525e-10  1.25667584e-05  1.20000000e+00  1.25667584e-05  0.00000000e+00 
 1.26667584e-05  1.05289173e+00  1.26667584e-05  6.80099338e-01  1.26667584e-05  1.89514913e-06  1.26667584e-05  4.82020475e-07  1.26667584e-05  9.50483018e-11  1.26667584e-05  1.20000000e+00  1.26667584e-05  0.00000000e+00 
 1.27667584e-05  1.05726379e+00  1.27667584e-05  6.80096708e-01  1.27667584e-05  1.89515306e-06  1.27667584e-05  4.82168085e-07  1.27667584e-05  1.02211243e-10  1.27667584e-05  1.20000000e+00  1.27667584e-05  0.00000000e+00 
 1.28667584e-05  1.06163670e+00  1.28667584e-05  6.80101214e-01  1.28667584e-05  1.89514906e-06  1.28667584e-05  4.82236105e-07  1.28667584e-05  9.52275595e-11  1.28667584e-05  1.20000000e+00  1.28667584e-05  0.00000000e+00 
 1.29667584e-05  1.06601031e+00  1.29667584e-05  6.80098541e-01  1.29667584e-05  1.89515313e-06  1.29667584e-05  4.82354641e-07  1.29667584e-05  1.02858824e-10  1.29667584e-05  1.20000000e+00  1.29667584e-05  0.00000000e+00 
 1.30667584e-05  1.07038463e+00  1.30667584e-05  6.80103042e-01  1.30667584e-05  1.89514899e-06  1.30667584e-05  4.82419968e-07  1.30667584e-05  9.54202245e-11  1.30667584e-05  1.20000000e+00  1.30667584e-05  0.00000000e+00 
 1.31667584e-05  1.07475951e+00  1.31667584e-05  6.80100297e-01  1.31667584e-05  1.89515320e-06  1.31667584e-05  4.82510449e-07  1.31667584e-05  1.03491172e-10  1.31667584e-05  1.20000000e+00  1.31667584e-05  0.00000000e+00 
 1.32667584e-05  1.07913497e+00  1.32667584e-05  6.80104791e-01  1.32667584e-05  1.89514893e-06  1.32667584e-05  4.82572774e-07  1.32667584e-05  9.56244531e-11  1.32667584e-05  1.20000000e+00  1.32667584e-05  0.00000000e+00 
 1.33667584e-05  1.08351086e+00  1.33667584e-05  6.80101956e-01  1.33667584e-05  1.89515326e-06  1.33667584e-05  4.82637041e-07  1.33667584e-05  1.04110002e-10  1.33667584e-05  1.20000000e+00  1.33667584e-05  0.00000000e+00 
 1.34667584e-05  1.08788719e+00  1.34667584e-05  6.80106438e-01  1.34667584e-05  1.89514886e-06  1.34667584e-05  4.82696420e-07  1.34667584e-05  9.58385959e-11  1.34667584e-05  1.20000000e+00  1.34667584e-05  0.00000000e+00 
 1.35667584e-05  1.09226385e+00  1.35667584e-05  6.80103509e-01  1.35667584e-05  1.89515333e-06  1.35667584e-05  4.82736920e-07  1.35667584e-05  1.04716838e-10  1.35667584e-05  1.20000000e+00  1.35667584e-05  0.00000000e+00 
 1.36667584e-05  1.09664084e+00  1.36667584e-05  6.80107968e-01  1.36667584e-05  1.89514880e-06  1.36667584e-05  4.82793642e-07  1.36667584e-05  9.60612040e-11  1.36667584e-05  1.20000000e+00  1.36667584e-05  0.00000000e+00 
 1.37667584e-05  1.10101805e+00  1.37667584e-05  6.80104952e-01  1.37667584e-05  1.89515339e-06  1.37667584e-05  4.82813196e-07  1.37667584e-05  1.05313007e-10  1.37667584e-05  1.20000000e+00  1.37667584e-05  0.00000000e+00 
 1.38667584e-05  1.10539549e+00  1.38667584e-05  6.80109377e-01  1.38667584e-05  1.89514874e-06  1.38667584e-05  4.82867646e-07  1.38667584e-05  9.62910279e-11  1.38667584e-05  1.20000000e+00  1.38667584e-05  0.00000000e+00 
 1.39667584e-05  1.10977308e+00  1.39667584e-05  6.80106285e-01  1.39667584e-05  1.89515345e-06  1.39667584e-05  4.82869264e-07  1.39667584e-05  1.05899645e-10  1.39667584e-05  1.20000000e+00  1.39667584e-05  0.00000000e+00 
 1.40667584e-05  1.11415080e+00  1.40667584e-05  6.80110663e-01  1.40667584e-05  1.89514868e-06  1.40667584e-05  4.82921832e-07  1.40667584e-05  9.65270115e-11  1.40667584e-05  1.20000000e+00  1.40667584e-05  0.00000000e+00 
 1.41667584e-05  1.11852861e+00  1.41667584e-05  6.80107514e-01  1.41667584e-05  1.89515352e-06  1.41667584e-05  4.82908522e-07  1.41667584e-05  1.06477708e-10  1.41667584e-05  1.20000000e+00  1.41667584e-05  0.00000000e+00 
 1.42667584e-05  1.12290648e+00  1.42667584e-05  6.80111830e-01  1.42667584e-05  1.89514862e-06  1.42667584e-05  4.82959474e-07  1.42667584e-05  9.67682810e-11  1.42667584e-05  1.20000000e+00  1.42667584e-05  0.00000000e+00 
 1.43667584e-05  1.12728438e+00  1.43667584e-05  6.80108644e-01  1.43667584e-05  1.89515357e-06  1.43667584e-05  4.82934042e-07  1.43667584e-05  1.07047979e-10  1.43667584e-05  1.20000000e+00  1.43667584e-05  0.00000000e+00 
 1.44667584e-05  1.13166230e+00  1.44667584e-05  6.80112884e-01  1.44667584e-05  1.89514856e-06  1.44667584e-05  4.82983360e-07  1.44667584e-05  9.70141306e-11  1.44667584e-05  1.20000000e+00  1.44667584e-05  0.00000000e+00 
 1.45667584e-05  1.13604019e+00  1.45667584e-05  6.80109683e-01  1.45667584e-05  1.89515363e-06  1.45667584e-05  4.82948112e-07  1.45667584e-05  1.07611089e-10  1.45667584e-05  1.20000000e+00  1.45667584e-05  0.00000000e+00 
 1.46667584e-05  1.14041805e+00  1.46667584e-05  6.80113833e-01  1.46667584e-05  1.89514850e-06  1.46667584e-05  4.82995172e-07  1.46667584e-05  9.72640055e-11  1.46667584e-05  1.20000000e+00  1.46667584e-05  0.00000000e+00 
 1.47667584e-05  1.14479585e+00  1.47667584e-05  6.80110640e-01  1.47667584e-05  1.89515369e-06  1.47667584e-05  4.82951431e-07  1.47667584e-05  1.08167528e-10  1.47667584e-05  1.20000000e+00  1.47667584e-05  0.00000000e+00 
 1.48667584e-05  1.14917356e+00  1.48667584e-05  6.80114684e-01  1.48667584e-05  1.89514844e-06  1.48667584e-05  4.82994414e-07  1.48667584e-05  9.75174822e-11  1.48667584e-05  1.20000000e+00  1.48667584e-05  0.00000000e+00 
 1.49667584e-05  1.15355116e+00  1.49667584e-05  6.80111522e-01  1.49667584e-05  1.89515375e-06  1.49667584e-05  4.82941677e-07  1.49667584e-05  1.08717664e-10  1.49667584e-05  1.20000000e+00  1.49667584e-05  0.00000000e+00 
 1.50667584e-05  1.15792859e+00  1.50667584e-05  6.80115446e-01  1.50667584e-05  1.89514839e-06  1.50667584e-05  4.82976466e-07  1.50667584e-05  9.77742478e-11  1.50667584e-05  1.20000000e+00  1.50667584e-05  0.00000000e+00 
 1.51667584e-05  1.16230582e+00  1.51667584e-05  6.80112333e-01  1.51667584e-05  1.89515380e-06  1.51667584e-05  4.82910899e-07  1.51667584e-05  1.09261759e-10  1.51667584e-05  1.20000000e+00  1.51667584e-05  0.00000000e+00 
 1.52667584e-05  1.16668276e+00  1.52667584e-05  6.80116126e-01  1.52667584e-05  1.89514834e-06  1.52667584e-05  4.82929148e-07  1.52667584e-05  9.80340769e-11  1.52667584e-05  1.20000000e+00  1.52667584e-05  0.00000000e+00 
 1.53667584e-05  1.17105931e+00  1.53667584e-05  6.80113080e-01  1.53667584e-05  1.89515385e-06  1.53667584e-05  4.82841040e-07  1.53667584e-05  1.09799976e-10  1.53667584e-05  1.20000000e+00  1.53667584e-05  0.00000000e+00 
 1.54667584e-05  1.17543533e+00  1.54667584e-05  6.80116727e-01  1.54667584e-05  1.89514829e-06  1.54667584e-05  4.82826896e-07  1.54667584e-05  9.82968047e-11  1.54667584e-05  1.20000000e+00  1.54667584e-05  0.00000000e+00 
 1.55667584e-05  1.17981063e+00  1.55667584e-05  6.80113761e-01  1.55667584e-05  1.89515391e-06  1.55667584e-05  4.82696482e-07  1.55667584e-05  1.10332392e-10  1.55667584e-05  1.20000000e+00  1.55667584e-05  0.00000000e+00 
 1.56667584e-05  1.18418492e+00  1.56667584e-05  6.80117253e-01  1.56667584e-05  1.89514824e-06  1.56667584e-05  4.82621339e-07  1.56667584e-05  9.85622972e-11  1.56667584e-05  1.20000000e+00  1.56667584e-05  0.00000000e+00 
 1.57667584e-05  1.18855786e+00  1.57667584e-05  6.80114376e-01  1.57667584e-05  1.89515396e-06  1.57667584e-05  4.82412328e-07  1.57667584e-05  1.10858989e-10  1.57667584e-05  1.20000000e+00  1.57667584e-05  0.00000000e+00 
 1.58667584e-05  1.19292894e+00  1.58667584e-05  6.80117700e-01  1.58667584e-05  1.89514819e-06  1.58667584e-05  4.82226975e-07  1.58667584e-05  9.88304119e-11  1.58667584e-05  1.20000000e+00  1.58667584e-05  0.00000000e+00 
 1.59667584e-05  1.19729751e+00  1.59667584e-05  6.80114914e-01  1.59667584e-05  1.89515400e-06  1.59667584e-05  4.81877253e-07  1.59667584e-05  1.11379641e-10  1.59667584e-05  1.20000000e+00  1.59667584e-05  0.00000000e+00 
 1.60667584e-05  1.20166272e+00  1.60667584e-05  6.80118056e-01  1.60667584e-05  1.89514815e-06  1.60667584e-05  4.81501113e-07  1.60667584e-05  9.91009466e-11  1.60667584e-05  1.20000000e+00  1.60667584e-05  0.00000000e+00 
 1.61667584e-05  1.20602346e+00  1.61667584e-05  6.80115360e-01  1.61667584e-05  1.89515405e-06  1.61667584e-05  4.80910698e-07  1.61667584e-05  1.11894080e-10  1.61667584e-05  1.20000000e+00  1.61667584e-05  0.00000000e+00 
 1.62667584e-05  1.21037830e+00  1.62667584e-05  6.80118303e-01  1.62667584e-05  1.89514810e-06  1.62667584e-05  4.80218808e-07  1.62667584e-05  9.93735726e-11  1.62667584e-05  1.20000000e+00  1.62667584e-05  0.00000000e+00 
 1.63667584e-05  1.21472545e+00  1.63667584e-05  6.80115684e-01  1.63667584e-05  1.89515409e-06  1.63667584e-05  4.79236540e-07  1.63667584e-05  1.12401842e-10  1.63667584e-05  1.20000000e+00  1.63667584e-05  0.00000000e+00 
 1.64667584e-05  1.21906265e+00  1.64667584e-05  6.80118407e-01  1.64667584e-05  1.89514806e-06  1.64667584e-05  4.78046776e-07  1.64667584e-05  9.96477509e-11  1.64667584e-05  1.20000000e+00  1.64667584e-05  0.00000000e+00 
 1.65667584e-05  1.22338713e+00  1.65667584e-05  6.80115847e-01  1.65667584e-05  1.89515413e-06  1.65667584e-05  4.76459306e-07  1.65667584e-05  1.12902190e-10  1.65667584e-05  1.20000000e+00  1.65667584e-05  0.00000000e+00 
 1.66667584e-05  1.22769551e+00  1.66667584e-05  6.80118324e-01  1.66667584e-05  1.89514802e-06  1.66667584e-05  4.74524544e-07  1.66667584e-05  9.99226306e-11  1.66667584e-05  1.20000000e+00  1.66667584e-05  0.00000000e+00 
 1.67667584e-05  1.23198376e+00  1.67667584e-05  6.80115795e-01  1.67667584e-05  1.89515417e-06  1.67667584e-05  4.72053319e-07  1.67667584e-05  1.13394023e-10  1.67667584e-05  1.20000000e+00  1.67667584e-05  0.00000000e+00 
 1.68667584e-05  1.23624710e+00  1.68667584e-05  6.80117996e-01  1.68667584e-05  1.89514798e-06  1.68667584e-05  4.69064837e-07  1.68667584e-05  1.00196945e-10  1.68667584e-05  1.20000000e+00  1.68667584e-05  0.00000000e+00 
 1.69667584e-05  1.24047998e+00  1.69667584e-05  6.80115464e-01  1.69667584e-05  1.89515421e-06  1.69667584e-05  4.65377297e-07  1.69667584e-05  1.13875789e-10  1.69667584e-05  1.20000000e+00  1.69667584e-05  0.00000000e+00 
 1.70667584e-05  1.24467603e+00  1.70667584e-05  6.80117356e-01  1.70667584e-05  1.89514795e-06  1.70667584e-05  4.60984709e-07  1.70667584e-05  1.00468923e-10  1.70667584e-05  1.20000000e+00  1.70667584e-05  0.00000000e+00 
 1.71667584e-05  1.24882575e+00  1.71667584e-05  6.80114725e-01  1.71667584e-05  1.89515424e-06  1.71667584e-05  4.55224847e-07  1.71667584e-05  1.14345220e-10  1.71667584e-05  1.20000000e+00  1.71667584e-05  0.00000000e+00 
 1.72667584e-05  1.25292127e+00  1.72667584e-05  6.80116521e-01  1.72667584e-05  1.89514792e-06  1.72667584e-05  4.49080973e-07  1.72667584e-05  1.00735554e-10  1.72667584e-05  1.20000000e+00  1.72667584e-05  0.00000000e+00 
 1.73667584e-05  1.25695580e+00  1.73667584e-05  6.80113554e-01  1.73667584e-05  1.89515428e-06  1.73667584e-05  4.41819032e-07  1.73667584e-05  1.14800347e-10  1.73667584e-05  1.20000000e+00  1.73667584e-05  0.00000000e+00 
 1.74667584e-05  1.26091985e+00  1.74667584e-05  6.80115083e-01  1.74667584e-05  1.89514789e-06  1.74667584e-05  4.33602868e-07  1.74667584e-05  1.00993740e-10  1.74667584e-05  1.20000000e+00  1.74667584e-05  0.00000000e+00 
 1.75667584e-05  1.26480369e+00  1.75667584e-05  6.80111968e-01  1.75667584e-05  1.89515431e-06  1.75667584e-05  4.24188978e-07  1.75667584e-05  1.15238730e-10  1.75667584e-05  1.20000000e+00  1.75667584e-05  0.00000000e+00 
 1.76667584e-05  1.26859697e+00  1.76667584e-05  6.80113137e-01  1.76667584e-05  1.89514786e-06  1.76667584e-05  4.13697144e-07  1.76667584e-05  1.01239940e-10  1.76667584e-05  1.20000000e+00  1.76667584e-05  0.00000000e+00 
 1.77667584e-05  1.27228930e+00  1.77667584e-05  6.80109924e-01  1.77667584e-05  1.89515435e-06  1.77667584e-05  4.01991624e-07  1.77667584e-05  1.15656974e-10  1.77667584e-05  1.20000000e+00  1.77667584e-05  0.00000000e+00 
 1.78667584e-05  1.27587008e+00  1.78667584e-05  6.80110690e-01  1.78667584e-05  1.89514783e-06  1.78667584e-05  3.89166381e-07  1.78667584e-05  1.01470781e-10  1.78667584e-05  1.20000000e+00  1.78667584e-05  0.00000000e+00 
 1.79667584e-05  1.27932904e+00  1.79667584e-05  6.80107418e-01  1.79667584e-05  1.89515438e-06  1.79667584e-05  3.75192990e-07  1.79667584e-05  1.16051386e-10  1.79667584e-05  1.20000000e+00  1.79667584e-05  0.00000000e+00 
 1.80667584e-05  1.28265616e+00  1.80667584e-05  6.80107784e-01  1.80667584e-05  1.89514781e-06  1.80667584e-05  3.60158362e-07  1.80667584e-05  1.01683009e-10  1.80667584e-05  1.20000000e+00  1.80667584e-05  0.00000000e+00 
 1.81667584e-05  1.28584215e+00  1.81667584e-05  6.80104486e-01  1.81667584e-05  1.89515441e-06  1.81667584e-05  3.44134181e-07  1.81667584e-05  1.16418369e-10  1.81667584e-05  1.20000000e+00  1.81667584e-05  0.00000000e+00 
 1.82667584e-05  1.28887849e+00  1.82667584e-05  6.80104496e-01  1.82667584e-05  1.89514779e-06  1.82667584e-05  3.27216353e-07  1.82667584e-05  1.01873675e-10  1.82667584e-05  1.20000000e+00  1.82667584e-05  0.00000000e+00 
 1.83667584e-05  1.29175780e+00  1.83667584e-05  6.80101216e-01  1.83667584e-05  1.89515444e-06  1.83667584e-05  3.09562831e-07  1.83667584e-05  1.16754810e-10  1.83667584e-05  1.20000000e+00  1.83667584e-05  0.00000000e+00 
 1.84667584e-05  1.29447395e+00  1.84667584e-05  6.80100947e-01  1.84667584e-05  1.89514777e-06  1.84667584e-05  2.91287474e-07  1.84667584e-05  1.02040383e-10  1.84667584e-05  1.20000000e+00  1.84667584e-05  0.00000000e+00 
 1.85667584e-05  1.29702234e+00  1.85667584e-05  6.80097736e-01  1.85667584e-05  1.89515447e-06  1.85667584e-05  2.72613804e-07  1.85667584e-05  1.17058426e-10  1.85667584e-05  1.20000000e+00  1.85667584e-05  0.00000000e+00 
 1.86667584e-05  1.29940000e+00  1.86667584e-05  6.80097288e-01  1.86667584e-05  1.89514775e-06  1.86667584e-05  2.53671411e-07  1.86667584e-05  1.02181548e-10  1.86667584e-05  1.20000000e+00  1.86667584e-05  0.00000000e+00 
 1.87667584e-05  1.30160568e+00  1.87667584e-05  6.80094208e-01  1.87667584e-05  1.89515449e-06  1.87667584e-05  2.34721944e-07  1.87667584e-05  1.17328040e-10  1.87667584e-05  1.20000000e+00  1.87667584e-05  0.00000000e+00 
 1.88667584e-05  1.30363998e+00  1.88667584e-05  6.80093690e-01  1.88667584e-05  1.89514773e-06  1.88667584e-05  2.15896086e-07  1.88667584e-05  1.02296604e-10  1.88667584e-05  1.20000000e+00  1.88667584e-05  0.00000000e+00 
 1.89667584e-05  1.30550525e+00  1.89667584e-05  6.80090802e-01  1.89667584e-05  1.89515452e-06  1.89667584e-05  1.97461577e-07  1.89667584e-05  1.17563744e-10  1.89667584e-05  1.20000000e+00  1.89667584e-05  0.00000000e+00 
 1.90667584e-05  1.30720559e+00  1.90667584e-05  6.80090313e-01  1.90667584e-05  1.89514772e-06  1.90667584e-05  1.79526851e-07  1.90667584e-05  1.02386118e-10  1.90667584e-05  1.20000000e+00  1.90667584e-05  0.00000000e+00 
 1.91667584e-05  1.30874665e+00  1.91667584e-05  6.80087669e-01  1.91667584e-05  1.89515454e-06  1.91667584e-05  1.62334421e-07  1.91667584e-05  1.17766893e-10  1.91667584e-05  1.20000000e+00  1.91667584e-05  0.00000000e+00 
 1.92667584e-05  1.31013549e+00  1.92667584e-05  6.80087285e-01  1.92667584e-05  1.89514770e-06  1.92667584e-05  1.45946727e-07  1.92667584e-05  1.02451734e-10  1.92667584e-05  1.20000000e+00  1.92667584e-05  0.00000000e+00 
 1.93667584e-05  1.31138030e+00  1.93667584e-05  6.80084918e-01  1.93667584e-05  1.89515456e-06  1.93667584e-05  1.30557746e-07  1.93667584e-05  1.17939938e-10  1.93667584e-05  1.20000000e+00  1.93667584e-05  0.00000000e+00 
 1.94667584e-05  1.31249019e+00  1.94667584e-05  6.80084686e-01  1.94667584e-05  1.89514770e-06  1.94667584e-05  1.16168870e-07  1.94667584e-05  1.02495972e-10  1.94667584e-05  1.20000000e+00  1.94667584e-05  0.00000000e+00 
 1.95667584e-05  1.31347486e+00  1.95667584e-05  6.80082604e-01  1.95667584e-05  1.89515457e-06  1.95667584e-05  1.02915897e-07  1.95667584e-05  1.18086113e-10  1.95667584e-05  1.20000000e+00  1.95667584e-05  0.00000000e+00 
 1.96667584e-05  1.31434433e+00  1.96667584e-05  6.80082539e-01  1.96667584e-05  1.89514768e-06  1.96667584e-05  9.07377458e-08  1.96667584e-05  1.02521917e-10  1.96667584e-05  1.20000000e+00  1.96667584e-05  0.00000000e+00 
 1.97667584e-05  1.31510875e+00  1.97667584e-05  6.80080727e-01  1.97667584e-05  1.89515459e-06  1.97667584e-05  7.97166787e-08  1.97667584e-05  1.18209067e-10  1.97667584e-05  1.20000000e+00  1.97667584e-05  0.00000000e+00 
 1.98667584e-05  1.31577810e+00  1.98667584e-05  6.80080821e-01  1.98667584e-05  1.89514767e-06  1.98667584e-05  6.97399406e-08  1.98667584e-05  1.02532860e-10  1.98667584e-05  1.20000000e+00  1.98667584e-05  0.00000000e+00 
 1.99667584e-05  1.31636203e+00  1.99667584e-05  6.80079251e-01  1.99667584e-05  1.89515460e-06  1.99667584e-05  6.08506494e-08  1.99667584e-05  1.18312496e-10  1.99667584e-05  1.20000000e+00  1.99667584e-05  0.00000000e+00 
 2.00667584e-05  1.31686975e+00  2.00667584e-05  6.80079483e-01  2.00667584e-05  1.89514766e-06  2.00667584e-05  5.29015846e-08  2.00667584e-05  1.02531996e-10  2.00667584e-05  1.20000000e+00  2.00667584e-05  0.00000000e+00 
 2.01667584e-05  1.31730987e+00  2.01667584e-05  6.80078119e-01  2.01667584e-05  1.89515461e-06  2.01667584e-05  4.59142374e-08  2.01667584e-05  1.18399869e-10  2.01667584e-05  1.20000000e+00  2.01667584e-05  0.00000000e+00 
 2.02667584e-05  1.31769036e+00  2.02667584e-05  6.80078460e-01  2.02667584e-05  1.89514766e-06  2.02667584e-05  3.97242539e-08  2.02667584e-05  1.02522202e-10  2.02667584e-05  1.20000000e+00  2.02667584e-05  0.00000000e+00 
 2.03667584e-05  1.31801851e+00  2.03667584e-05  6.80077268e-01  2.03667584e-05  1.89515463e-06  2.03667584e-05  3.43468156e-08  2.03667584e-05  1.18474252e-10  2.03667584e-05  1.20000000e+00  2.03667584e-05  0.00000000e+00 
 2.04667584e-05  1.31830105e+00  2.04667584e-05  6.80077707e-01  2.04667584e-05  1.89514765e-06  2.04667584e-05  2.96418901e-08  2.04667584e-05  1.02505923e-10  2.04667584e-05  1.20000000e+00  2.04667584e-05  0.00000000e+00 
 2.05667584e-05  1.31854384e+00  2.05667584e-05  6.80076618e-01  2.05667584e-05  1.89515463e-06  2.05667584e-05  2.55610189e-08  2.05667584e-05  1.18538289e-10  2.05667584e-05  1.20000000e+00  2.05667584e-05  0.00000000e+00 
 2.06667584e-05  1.31875199e+00  2.06667584e-05  6.80077132e-01  2.06667584e-05  1.89514764e-06  2.06667584e-05  2.19859450e-08  2.06667584e-05  1.02485065e-10  2.06667584e-05  1.20000000e+00  2.06667584e-05  0.00000000e+00 
 2.07667584e-05  1.31893021e+00  2.07667584e-05  6.80076158e-01  2.07667584e-05  1.89515464e-06  2.07667584e-05  1.89427730e-08  2.07667584e-05  1.18594135e-10  2.07667584e-05  1.20000000e+00  2.07667584e-05  0.00000000e+00 
 2.08667584e-05  1.31908261e+00  2.08667584e-05  6.80076703e-01  2.08667584e-05  1.89514763e-06  2.08667584e-05  1.62775495e-08  2.08667584e-05  1.02461150e-10  2.08667584e-05  1.20000000e+00  2.08667584e-05  0.00000000e+00 
 2.09667584e-05  1.31921280e+00  2.09667584e-05  6.80075826e-01  2.09667584e-05  1.89515465e-06  2.09667584e-05  1.40313027e-08  2.09667584e-05  1.18643441e-10  2.09667584e-05  1.20000000e+00  2.09667584e-05  0.00000000e+00 
 2.10667584e-05  1.31932391e+00  2.10667584e-05  6.80076385e-01  2.10667584e-05  1.89514762e-06  2.10667584e-05  1.20592047e-08  2.10667584e-05  1.02435397e-10  2.10667584e-05  1.20000000e+00  2.10667584e-05  0.00000000e+00 
 2.11667584e-05  1.31941866e+00  2.11667584e-05  6.80075587e-01  2.11667584e-05  1.89515466e-06  2.11667584e-05  1.04149174e-08  2.11667584e-05  1.18687488e-10  2.11667584e-05  1.20000000e+00  2.11667584e-05  0.00000000e+00 
 2.12667584e-05  1.31949941e+00  2.12667584e-05  6.80076152e-01  2.12667584e-05  1.89514762e-06  2.12667584e-05  8.96281970e-09  2.12667584e-05  1.02408707e-10  2.12667584e-05  1.20000000e+00  2.12667584e-05  0.00000000e+00 
 2.13667584e-05  1.31956819e+00  2.13667584e-05  6.80075415e-01  2.13667584e-05  1.89515466e-06  2.13667584e-05  7.76754084e-09  2.13667584e-05  1.18727268e-10  2.13667584e-05  1.20000000e+00  2.13667584e-05  0.00000000e+00 
 2.14667584e-05  1.31962675e+00  2.14667584e-05  6.80075980e-01  2.14667584e-05  1.89514761e-06  2.14667584e-05  6.70127362e-09  2.14667584e-05  1.02381727e-10  2.14667584e-05  1.20000000e+00  2.14667584e-05  0.00000000e+00 
 2.15667584e-05  1.31967657e+00  2.15667584e-05  6.80075294e-01  2.15667584e-05  1.89515467e-06  2.15667584e-05  5.83780885e-09  2.15667584e-05  1.18763547e-10  2.15667584e-05  1.20000000e+00  2.15667584e-05  0.00000000e+00 
 2.16667584e-05  1.31971896e+00  2.16667584e-05  6.80075852e-01  2.16667584e-05  1.89514761e-06  2.16667584e-05  5.05551444e-09  2.16667584e-05  1.02354909e-10  2.16667584e-05  1.20000000e+00  2.16667584e-05  0.00000000e+00 
 2.17667584e-05  1.31975500e+00  2.17667584e-05  6.80075209e-01  2.17667584e-05  1.89515467e-06  2.17667584e-05  4.43559643e-09  2.17667584e-05  1.18796917e-10  2.17667584e-05  1.20000000e+00  2.17667584e-05  0.00000000e+00 
 2.18667584e-05  1.31978564e+00  2.18667584e-05  6.80075758e-01  2.18667584e-05  1.89514761e-06  2.18667584e-05  3.86107113e-09  2.18667584e-05  1.02328558e-10  2.18667584e-05  1.20000000e+00  2.18667584e-05  0.00000000e+00 
 2.19667584e-05  1.31981169e+00  2.19667584e-05  6.80075149e-01  2.19667584e-05  1.89515468e-06  2.19667584e-05  3.41903519e-09  2.19667584e-05  1.18827834e-10  2.19667584e-05  1.20000000e+00  2.19667584e-05  0.00000000e+00 
 2.20667584e-05  1.31983383e+00  2.20667584e-05  6.80075687e-01  2.20667584e-05  1.89514760e-06  2.20667584e-05  2.99586329e-09  2.20667584e-05  1.02302877e-10  2.20667584e-05  1.20000000e+00  2.20667584e-05  0.00000000e+00 
 2.21667584e-05  1.31985263e+00  2.21667584e-05  6.80075109e-01  2.21667584e-05  1.89515468e-06  2.21667584e-05  2.68329193e-09  2.21667584e-05  1.18856654e-10  2.21667584e-05  1.20000000e+00  2.21667584e-05  0.00000000e+00 
 2.22667584e-05  1.31986861e+00  2.22667584e-05  6.80075633e-01  2.22667584e-05  1.89514760e-06  2.22667584e-05  2.37002205e-09  2.22667584e-05  1.02277993e-10  2.22667584e-05  1.20000000e+00  2.22667584e-05  0.00000000e+00 
 2.23667584e-05  1.31988218e+00  2.23667584e-05  6.80075082e-01  2.23667584e-05  1.89515469e-06  2.23667584e-05  2.15144231e-09  2.23667584e-05  1.18883656e-10  2.23667584e-05  1.20000000e+00  2.23667584e-05  0.00000000e+00 
 2.24667584e-05  1.31989371e+00  2.24667584e-05  6.80075593e-01  2.24667584e-05  1.89514759e-06  2.24667584e-05  1.91778270e-09  2.24667584e-05  1.02253975e-10  2.24667584e-05  1.20000000e+00  2.24667584e-05  0.00000000e+00 
 2.25667584e-05  1.31990350e+00  2.25667584e-05  6.80075065e-01  2.25667584e-05  1.89515469e-06  2.25667584e-05  1.76732474e-09  2.25667584e-05  1.18909062e-10  2.25667584e-05  1.20000000e+00  2.25667584e-05  0.00000000e+00 
 2.26667584e-05  1.31991182e+00  2.26667584e-05  6.80075561e-01  2.26667584e-05  1.89514759e-06  2.26667584e-05  1.59122625e-09  2.26667584e-05  1.02230858e-10  2.26667584e-05  1.20000000e+00  2.26667584e-05  0.00000000e+00 
 2.27667584e-05  1.31991888e+00  2.27667584e-05  6.80075054e-01  2.27667584e-05  1.89515469e-06  2.27667584e-05  1.49008573e-09  2.27667584e-05  1.18933049e-10  2.27667584e-05  1.20000000e+00  2.27667584e-05  0.00000000e+00 
 2.28667584e-05  1.31992488e+00  2.28667584e-05  6.80075537e-01  2.28667584e-05  1.89514759e-06  2.28667584e-05  1.35554409e-09  2.28667584e-05  1.02208649e-10  2.28667584e-05  1.20000000e+00  2.28667584e-05  0.00000000e+00 
 2.29667584e-05  1.31992997e+00  2.29667584e-05  6.80075049e-01  2.29667584e-05  1.89515470e-06  2.29667584e-05  1.29008482e-09  2.29667584e-05  1.18955762e-10  2.29667584e-05  1.20000000e+00  2.29667584e-05  0.00000000e+00 
 2.30667584e-05  1.31993429e+00  2.30667584e-05  6.80075517e-01  2.30667584e-05  1.89514758e-06  2.30667584e-05  1.18550718e-09  2.30667584e-05  1.02187336e-10  2.30667584e-05  1.20000000e+00  2.30667584e-05  0.00000000e+00 
 2.31667584e-05  1.31993796e+00  2.31667584e-05  6.80075047e-01  2.31667584e-05  1.89515470e-06  2.31667584e-05  1.14585743e-09  2.31667584e-05  1.18977322e-10  2.31667584e-05  1.20000000e+00  2.31667584e-05  0.00000000e+00 
 2.32667584e-05  1.31994108e+00  2.32667584e-05  6.80075501e-01  2.32667584e-05  1.89514758e-06  2.32667584e-05  1.06285925e-09  2.32667584e-05  1.02166900e-10  2.32667584e-05  1.20000000e+00  2.32667584e-05  0.00000000e+00 
 2.33667584e-05  1.31994372e+00  2.33667584e-05  6.80075047e-01  2.33667584e-05  1.89515470e-06  2.33667584e-05  1.04188123e-09  2.33667584e-05  1.18997828e-10  2.33667584e-05  1.20000000e+00  2.33667584e-05  0.00000000e+00 
 2.34667584e-05  1.31994597e+00  2.34667584e-05  6.80075487e-01  2.34667584e-05  1.89514758e-06  2.34667584e-05  9.74404868e-10  2.34667584e-05  1.02147308e-10  2.34667584e-05  1.20000000e+00  2.34667584e-05  0.00000000e+00 
 2.35667584e-05  1.31994788e+00  2.35667584e-05  6.80075049e-01  2.35667584e-05  1.89515470e-06  2.35667584e-05  9.66941846e-10  2.35667584e-05  1.19017367e-10  2.35667584e-05  1.20000000e+00  2.35667584e-05  0.00000000e+00 
 2.36667584e-05  1.31994950e+00  2.36667584e-05  6.80075476e-01  2.36667584e-05  1.89514758e-06  2.36667584e-05  9.10614399e-10  2.36667584e-05  1.02128529e-10  2.36667584e-05  1.20000000e+00  2.36667584e-05  0.00000000e+00 
 2.37667584e-05  1.31995087e+00  2.37667584e-05  6.80075052e-01  2.37667584e-05  1.89515470e-06  2.37667584e-05  9.12942902e-10  2.37667584e-05  1.19036011e-10  2.37667584e-05  1.20000000e+00  2.37667584e-05  0.00000000e+00 
 2.38667584e-05  1.31995204e+00  2.38667584e-05  6.80075466e-01  2.38667584e-05  1.89514758e-06  2.38667584e-05  8.64609676e-10  2.38667584e-05  1.02110527e-10  2.38667584e-05  1.20000000e+00  2.38667584e-05  0.00000000e+00 
 2.39667584e-05  1.31995303e+00  2.39667584e-05  6.80075056e-01  2.39667584e-05  1.89515470e-06  2.39667584e-05  8.74042275e-10  2.39667584e-05  1.19053825e-10  2.39667584e-05  1.20000000e+00  2.39667584e-05  0.00000000e+00 
 2.40667584e-05  1.31995387e+00  2.40667584e-05  6.80075458e-01  2.40667584e-05  1.89514758e-06  2.40667584e-05  8.31428631e-10  2.40667584e-05  1.02093264e-10  2.40667584e-05  1.20000000e+00  2.40667584e-05  0.00000000e+00 
 2.41667584e-05  1.31995458e+00  2.41667584e-05  6.80075060e-01  2.41667584e-05  1.89515470e-06  2.41667584e-05  8.46025780e-10  2.41667584e-05  1.19070865e-10  2.41667584e-05  1.20000000e+00  2.41667584e-05  0.00000000e+00 
 2.42667584e-05  1.31995519e+00  2.42667584e-05  6.80075450e-01  2.42667584e-05  1.89514758e-06  2.42667584e-05  8.07492336e-10  2.42667584e-05  1.02076705e-10  2.42667584e-05  1.20000000e+00  2.42667584e-05  0.00000000e+00 
 2.43667584e-05  1.31995570e+00  2.43667584e-05  6.80075065e-01  2.43667584e-05  1.89515470e-06  2.43667584e-05  8.25854808e-10  2.43667584e-05  1.19087182e-10  2.43667584e-05  1.20000000e+00  2.43667584e-05  0.00000000e+00 
 2.44667584e-05  1.31995614e+00  2.44667584e-05  6.80075443e-01  2.44667584e-05  1.89514758e-06  2.44667584e-05  7.90220309e-10  2.44667584e-05  1.02060813e-10  2.44667584e-05  1.20000000e+00  2.44667584e-05  0.00000000e+00 
 2.45667584e-05  1.31995651e+00  2.45667584e-05  6.80075069e-01  2.45667584e-05  1.89515470e-06  2.45667584e-05  8.11338109e-10  2.45667584e-05  1.19102822e-10  2.45667584e-05  1.20000000e+00  2.45667584e-05  0.00000000e+00 
 2.46667584e-05  1.31995683e+00  2.46667584e-05  6.80075437e-01  2.46667584e-05  1.89514758e-06  2.46667584e-05  7.77752095e-10  2.46667584e-05  1.02045557e-10  2.46667584e-05  1.20000000e+00  2.46667584e-05  0.00000000e+00 
 2.47667584e-05  1.31995709e+00  2.47667584e-05  6.80075074e-01  2.47667584e-05  1.89515471e-06  2.47667584e-05  8.00896368e-10  2.47667584e-05  1.19117824e-10  2.47667584e-05  1.20000000e+00  2.47667584e-05  0.00000000e+00 
 2.48667584e-05  1.31995732e+00  2.48667584e-05  6.80075431e-01  2.48667584e-05  1.89514758e-06  2.48667584e-05  7.68746604e-10  2.48667584e-05  1.02030902e-10  2.48667584e-05  1.20000000e+00  2.48667584e-05  0.00000000e+00 
 2.49333842e-05  1.31995745e+00  2.49333842e-05  6.80075080e-01  2.49333842e-05  1.89515470e-06  2.49333842e-05  7.94511243e-10  2.49333842e-05  1.19135737e-10  2.49333842e-05  1.20000000e+00  2.49333842e-05  0.00000000e+00 
 2.50000100e-05  1.31995757e+00  2.50000100e-05  6.80075423e-01  2.50000100e-05  1.89514758e-06  2.50000100e-05  7.64123683e-10  2.50000100e-05  1.02009956e-10  2.50000100e-05  1.20000000e+00  2.50000100e-05  0.00000000e+00 
 2.50000110e-05  1.31994342e+00  2.50000110e-05  6.77344540e-01  2.50000110e-05  2.53999495e-06  2.50000110e-05 -9.15790812e-06  2.50000110e-05  1.92275991e-06  2.50000110e-05  1.08000000e+00  2.50000110e-05  0.00000000e+00 
 2.50000130e-05  1.31990732e+00  2.50000130e-05  6.71037064e-01  2.50000130e-05  2.79131184e-06  2.50000130e-05 -9.91922604e-06  2.50000130e-05  2.70703988e-06  2.50000130e-05  8.40000000e-01  2.50000130e-05  0.00000000e+00 
 2.50000165e-05  1.31983610e+00  2.50000165e-05  6.61388219e-01  2.50000165e-05  2.39697653e-06  2.50000165e-05  5.80713191e-07  2.50000165e-05  1.37900626e-06  2.50000165e-05  4.20000000e-01  2.50000165e-05  0.00000000e+00 
 2.50000200e-05  1.31976812e+00  2.50000200e-05  6.55628594e-01  2.50000200e-05  2.27258477e-06  2.50000200e-05  3.14124770e-06  2.50000200e-05  9.92168615e-07  2.50000200e-05  0.00000000e+00  2.50000200e-05  0.00000000e+00 
 2.50000207e-05  1.31976645e+00  2.50000207e-05  6.56292840e-01  2.50000207e-05  1.72627637e-06  2.50000207e-05  5.12197738e-06  2.50000207e-05 -6.31528269e-07  2.50000207e-05  0.00000000e+00  2.50000207e-05  0.00000000e+00 
 2.50000221e-05  1.31976473e+00  2.50000221e-05  6.57684049e-01  2.50000221e-05  1.65546184e-06  2.50000221e-05  6.57090940e-06  2.50000221e-05 -9.21074659e-07  2.50000221e-05  0.00000000e+00  2.50000221e-05  0.00000000e+00 
 2.50000249e-05  1.31976297e+00  2.50000249e-05  6.60317671e-01  2.50000249e-05  1.73584036e-06  2.50000249e-05  6.11378730e-06  2.50000249e-05 -5.53766859e-07  2.50000249e-05  0.00000000e+00  2.50000249e-05  0.00000000e+00 
 2.50000305e-05  1.31976299e+00  2.50000305e-05  6.64962527e-01  2.50000305e-05  1.69580093e-06  2.50000305e-05  6.41541501e-06  2.50000305e-05 -6.92954217e-07  2.50000305e-05  0.00000000e+00  2.50000305e-05  0.00000000e+00 
 2.50000417e-05  1.31977445e+00  2.50000417e-05  6.72255470e-01  2.50000417e-05  1.79632194e-06  2.50000417e-05  3.00283193e-06  2.50000417e-05 -2.61484384e-07  2.50000417e-05  0.00000000e+00  2.50000417e-05  0.00000000e+00 
 2.50000641e-05  1.31982935e+00  2.50000641e-05  6.82644215e-01  2.50000641e-05  1.75705221e-06  2.50000641e-05 -1.04616964e-07  2.50000641e-05 -4.03630157e-07  2.50000641e-05  0.00000000e+00  2.50000641e-05  0.00000000e+00 
 2.50001089e-05  1.31998699e+00  2.50001089e-05  6.94723607e-01  2.50001089e-05  1.86640135e-06  2.50001089e-05 -4.16404020e-06  2.50001089e-05  1.70340173e-08  2.50001089e-05  0.00000000e+00  2.50001089e-05  0.00000000e+00 
 2.50001726e-05  1.32021187e+00  2.50001726e-05  7.04319475e-01  2.50001726e-05  1.81292010e-06  2.50001726e-05 -3.91452577e-06  2.50001726e-05 -2.23955965e-07  2.50001726e-05  0.00000000e+00  2.50001726e-05  0.00000000e+00 
 2.50002894e-05  1.32041893e+00  2.50002894e-05  7.09371955e-01  2.50002894e-05  1.93897435e-06  2.50002894e-05 -5.18887703e-06  2.50002894e-05  1.81852257e-07  2.50002894e-05  0.00000000e+00  2.50002894e-05  0.00000000e+00 
 2.50004240e-05  1.32043534e+00  2.50004240e-05  6.98479954e-01  2.50004240e-05  1.90202289e-06  2.50004240e-05 -2.09014164e-06  2.50004240e-05 -4.26112340e-08  2.50004240e-05  0.00000000e+00  2.50004240e-05  0.00000000e+00 
 2.50005799e-05  1.32043214e+00  2.50005799e-05  6.88875637e-01  2.50005799e-05  1.93849008e-06  2.50005799e-05 -2.10596839e-06  2.50005799e-05  1.43217354e-07  2.50005799e-05  0.00000000e+00  2.50005799e-05  0.00000000e+00 
 2.50007503e-05  1.32043212e+00  2.50007503e-05  6.83264938e-01  2.50007503e-05  1.87815858e-06  2.50007503e-05 -8.93907782e-07  2.50007503e-05 -9.32887259e-08  2.50007503e-05  0.00000000e+00  2.50007503e-05  0.00000000e+00 
 2.50010582e-05  1.32043249e+00  2.50010582e-05  6.78819944e-01  2.50010582e-05  1.92273218e-06  2.50010582e-05 -9.09507420e-07  2.50010582e-05  1.10921232e-07  2.50010582e-05  0.00000000e+00  2.50010582e-05  0.00000000e+00 
 2.50016740e-05  1.32043289e+00  2.50016740e-05  6.77095552e-01  2.50016740e-05  1.86845118e-06  2.50016740e-05  4.44422696e-08  2.50016740e-05 -1.11775024e-07  2.50016740e-05  0.00000000e+00  2.50016740e-05  0.00000000e+00 
 2.50029056e-05  1.32043065e+00  2.50029056e-05  6.78121650e-01  2.50029056e-05  1.92042380e-06  2.50029056e-05 -2.86420553e-07  2.50029056e-05  1.07490655e-07  2.50029056e-05  0.00000000e+00  2.50029056e-05  0.00000000e+00 
 2.50053688e-05  1.32042585e+00  2.50053688e-05  6.79155814e-01  2.50053688e-05  1.86937641e-06  2.50053688e-05  2.58953205e-07  2.50053688e-05 -1.08441211e-07  2.50053688e-05  0.00000000e+00  2.50053688e-05  0.00000000e+00 
 2.50092476e-05  1.32042042e+00  2.50092476e-05  6.79753468e-01  2.50092476e-05  1.92079906e-06  2.50092476e-05 -2.59959205e-07  2.50092476e-05  1.08688958e-07  2.50092476e-05  0.00000000e+00  2.50092476e-05  0.00000000e+00 
 2.50170053e-05  1.32041136e+00  2.50170053e-05  6.80036317e-01  2.50170053e-05  1.86948730e-06  2.50170053e-05  2.57813239e-07  2.50170053e-05 -1.08418934e-07  2.50170053e-05  0.00000000e+00  2.50170053e-05  0.00000000e+00 
 2.50325205e-05  1.32040002e+00  2.50325205e-05  6.80099023e-01  2.50325205e-05  1.92081835e-06  2.50325205e-05 -2.57374417e-07  2.50325205e-05  1.08635990e-07  2.50325205e-05  0.00000000e+00  2.50325205e-05  0.00000000e+00 
 2.50635511e-05  1.32038992e+00  2.50635511e-05  6.80054131e-01  2.50635511e-05  1.86948448e-06  2.50635511e-05  2.57187927e-07  2.50635511e-05 -1.08412272e-07  2.50635511e-05  0.00000000e+00  2.50635511e-05  0.00000000e+00 
 2.51256122e-05  1.32038423e+00  2.51256122e-05  6.80096155e-01  2.51256122e-05  1.92081742e-06  2.51256122e-05 -2.57057599e-07  2.51256122e-05  1.08632155e-07  2.51256122e-05  0.00000000e+00  2.51256122e-05  0.00000000e+00 
 2.52256122e-05  1.32037885e+00  2.52256122e-05  6.80054675e-01  2.52256122e-05  1.86948512e-06  2.52256122e-05  2.57017967e-07  2.52256122e-05 -1.08410138e-07  2.52256122e-05  0.00000000e+00  2.52256122e-05  0.00000000e+00 
 2.53256122e-05  1.32037303e+00  2.53256122e-05  6.80095879e-01  2.53256122e-05  1.92081689e-06  2.53256122e-05 -2.56927977e-07  2.53256122e-05  1.08630498e-07  2.53256122e-05  0.00000000e+00  2.53256122e-05  0.00000000e+00 
 2.54256122e-05  1.32036731e+00  2.54256122e-05  6.80054877e-01  2.54256122e-05  1.86948566e-06  2.54256122e-05  2.56889715e-07  2.54256122e-05 -1.08408467e-07  2.54256122e-05  0.00000000e+00  2.54256122e-05  0.00000000e+00 
 2.55256122e-05  1.32036163e+00  2.55256122e-05  6.80095740e-01  2.55256122e-05  1.92081634e-06  2.55256122e-05 -2.56801055e-07  2.55256122e-05  1.08628811e-07  2.55256122e-05  0.00000000e+00  2.55256122e-05  0.00000000e+00 
 2.56256122e-05  1.32035586e+00  2.56256122e-05  6.80054967e-01  2.56256122e-05  1.86948623e-06  2.56256122e-05  2.56764126e-07  2.56256122e-05 -1.08406768e-07  2.56256122e-05  0.00000000e+00  2.56256122e-05  0.00000000e+00 
 2.57256122e-05  1.32035019e+00  2.57256122e-05  6.80095691e-01  2.57256122e-05  1.92081576e-06  2.57256122e-05 -2.56676768e-07  2.57256122e-05  1.08627099e-07  2.57256122e-05  0.00000000e+00  2.57256122e-05  0.00000000e+00 
 2.58256122e-05  1.32034442e+00  2.58256122e-05  6.80054983e-01  2.58256122e-05  1.86948682e-06  2.58256122e-05  2.56641146e-07  2.58256122e-05 -1.08405045e-07  2.58256122e-05  0.00000000e+00  2.58256122e-05  0.00000000e+00 
 2.59256122e-05  1.32033876e+00  2.59256122e-05  6.80095701e-01  2.59256122e-05  1.92081516e-06  2.59256122e-05 -2.56555058e-07  2.59256122e-05  1.08625365e-07  2.59256122e-05  0.00000000e+00  2.59256122e-05  0.00000000e+00 
 2.60256122e-05  1.32033299e+00  2.60256122e-05  6.80054953e-01  2.60256122e-05  1.86948742e-06  2.60256122e-05  2.56520705e-07  2.60256122e-05 -1.08403301e-07  2.60256122e-05  0.00000000e+00  2.60256122e-05  0.00000000e+00 
 2.61256122e-05  1.32032733e+00  2.61256122e-05  6.80095747e-01  2.61256122e-05  1.92081456e-06  2.61256122e-05 -2.56435846e-07  2.61256122e-05  1.08623609e-07  2.61256122e-05  0.00000000e+00  2.61256122e-05  0.00000000e+00 
 2.62256122e-05  1.32032157e+00  2.62256122e-05  6.80054893e-01  2.62256122e-05  1.86948803e-06  2.62256122e-05  2.56402718e-07  2.62256122e-05 -1.08401538e-07  2.62256122e-05  0.00000000e+00  2.62256122e-05  0.00000000e+00 
 2.63256122e-05  1.32031590e+00  2.63256122e-05  6.80095816e-01  2.63256122e-05  1.92081394e-06  2.63256122e-05 -2.56319041e-07  2.63256122e-05  1.08621835e-07  2.63256122e-05  0.00000000e+00  2.63256122e-05  0.00000000e+00 
 2.64256122e-05  1.32031015e+00  2.64256122e-05  6.80054816e-01  2.64256122e-05  1.86948865e-06  2.64256122e-05  2.56287091e-07  2.64256122e-05 -1.08399755e-07  2.64256122e-05  0.00000000e+00  2.64256122e-05  0.00000000e+00 
 2.65256122e-05  1.32030448e+00  2.65256122e-05  6.80095898e-01  2.65256122e-05  1.92081333e-06  2.65256122e-05 -2.56204549e-07  2.65256122e-05  1.08620044e-07  2.65256122e-05  0.00000000e+00  2.65256122e-05  0.00000000e+00 
 2.66256122e-05  1.32029873e+00  2.66256122e-05  6.80054730e-01  2.66256122e-05  1.86948926e-06  2.66256122e-05  2.56173727e-07  2.66256122e-05 -1.08397956e-07  2.66256122e-05  0.00000000e+00  2.66256122e-05  0.00000000e+00 
 2.67256122e-05  1.32029306e+00  2.67256122e-05  6.80095986e-01  2.67256122e-05  1.92081271e-06  2.67256122e-05 -2.56092270e-07  2.67256122e-05  1.08618235e-07  2.67256122e-05  0.00000000e+00  2.67256122e-05  0.00000000e+00 
 2.68256122e-05  1.32028732e+00  2.68256122e-05  6.80054640e-01  2.68256122e-05  1.86948988e-06  2.68256122e-05  2.56062529e-07  2.68256122e-05 -1.08396141e-07  2.68256122e-05  0.00000000e+00  2.68256122e-05  0.00000000e+00 
 2.69256122e-05  1.32028165e+00  2.69256122e-05  6.80096077e-01  2.69256122e-05  1.92081209e-06  2.69256122e-05 -2.55982108e-07  2.69256122e-05  1.08616412e-07  2.69256122e-05  0.00000000e+00  2.69256122e-05  0.00000000e+00 
 2.70256122e-05  1.32027591e+00  2.70256122e-05  6.80054548e-01  2.70256122e-05  1.86949051e-06  2.70256122e-05  2.55953398e-07  2.70256122e-05 -1.08394311e-07  2.70256122e-05  0.00000000e+00  2.70256122e-05  0.00000000e+00 
 2.71256122e-05  1.32027024e+00  2.71256122e-05  6.80096168e-01  2.71256122e-05  1.92081146e-06  2.71256122e-05 -2.55873967e-07  2.71256122e-05  1.08614573e-07  2.71256122e-05  0.00000000e+00  2.71256122e-05  0.00000000e+00 
 2.72256122e-05  1.32026450e+00  2.72256122e-05  6.80054458e-01  2.72256122e-05  1.86949113e-06  2.72256122e-05  2.55846243e-07  2.72256122e-05 -1.08392467e-07  2.72256122e-05  0.00000000e+00  2.72256122e-05  0.00000000e+00 
 2.73256122e-05  1.32025883e+00  2.73256122e-05  6.80096256e-01  2.73256122e-05  1.92081084e-06  2.73256122e-05 -2.55767755e-07  2.73256122e-05  1.08612721e-07  2.73256122e-05  0.00000000e+00  2.73256122e-05  0.00000000e+00 
 2.74256122e-05  1.32025310e+00  2.74256122e-05  6.80054370e-01  2.74256122e-05  1.86949176e-06  2.74256122e-05  2.55740971e-07  2.74256122e-05 -1.08390609e-07  2.74256122e-05  0.00000000e+00  2.74256122e-05  0.00000000e+00 
 2.75256122e-05  1.32024743e+00  2.75256122e-05  6.80096342e-01  2.75256122e-05  1.92081021e-06  2.75256122e-05 -2.55663384e-07  2.75256122e-05  1.08610856e-07  2.75256122e-05  0.00000000e+00  2.75256122e-05  0.00000000e+00 
 2.76256122e-05  1.32024170e+00  2.76256122e-05  6.80054286e-01  2.76256122e-05  1.86949238e-06  2.76256122e-05  2.55637498e-07  2.76256122e-05 -1.08388739e-07  2.76256122e-05  0.00000000e+00  2.76256122e-05  0.00000000e+00 
 2.77256122e-05  1.32023603e+00  2.77256122e-05  6.80096424e-01  2.77256122e-05  1.92080958e-06  2.77256122e-05 -2.55560768e-07  2.77256122e-05  1.08608979e-07  2.77256122e-05  0.00000000e+00  2.77256122e-05  0.00000000e+00 
 2.78256122e-05  1.32023031e+00  2.78256122e-05  6.80054206e-01  2.78256122e-05  1.86949301e-06  2.78256122e-05  2.55535739e-07  2.78256122e-05 -1.08386857e-07  2.78256122e-05  0.00000000e+00  2.78256122e-05  0.00000000e+00 
 2.79256122e-05  1.32022464e+00  2.79256122e-05  6.80096501e-01  2.79256122e-05  1.92080896e-06  2.79256122e-05 -2.55459827e-07  2.79256122e-05  1.08607090e-07  2.79256122e-05  0.00000000e+00  2.79256122e-05  0.00000000e+00 
 2.80256122e-05  1.32021892e+00  2.80256122e-05  6.80054130e-01  2.80256122e-05  1.86949364e-06  2.80256122e-05  2.55435616e-07  2.80256122e-05 -1.08384963e-07  2.80256122e-05  0.00000000e+00  2.80256122e-05  0.00000000e+00 
 2.81256122e-05  1.32021325e+00  2.81256122e-05  6.80096574e-01  2.81256122e-05  1.92080833e-06  2.81256122e-05 -2.55360485e-07  2.81256122e-05  1.08605190e-07  2.81256122e-05  0.00000000e+00  2.81256122e-05  0.00000000e+00 
 2.82256122e-05  1.32020753e+00  2.82256122e-05  6.80054059e-01  2.82256122e-05  1.86949427e-06  2.82256122e-05  2.55337054e-07  2.82256122e-05 -1.08383059e-07  2.82256122e-05  0.00000000e+00  2.82256122e-05  0.00000000e+00 
 2.83256122e-05  1.32020186e+00  2.83256122e-05  6.80096643e-01  2.83256122e-05  1.92080770e-06  2.83256122e-05 -2.55262667e-07  2.83256122e-05  1.08603280e-07  2.83256122e-05  0.00000000e+00  2.83256122e-05  0.00000000e+00 
 2.84256122e-05  1.32019615e+00  2.84256122e-05  6.80053992e-01  2.84256122e-05  1.86949490e-06  2.84256122e-05  2.55239981e-07  2.84256122e-05 -1.08381145e-07  2.84256122e-05  0.00000000e+00  2.84256122e-05  0.00000000e+00 
 2.85256122e-05  1.32019048e+00  2.85256122e-05  6.80096707e-01  2.85256122e-05  1.92080707e-06  2.85256122e-05 -2.55166305e-07  2.85256122e-05  1.08601360e-07  2.85256122e-05  0.00000000e+00  2.85256122e-05  0.00000000e+00 
 2.86256122e-05  1.32018477e+00  2.86256122e-05  6.80053930e-01  2.86256122e-05  1.86949553e-06  2.86256122e-05  2.55144331e-07  2.86256122e-05 -1.08379222e-07  2.86256122e-05  0.00000000e+00  2.86256122e-05  0.00000000e+00 
 2.87256122e-05  1.32017910e+00  2.87256122e-05  6.80096767e-01  2.87256122e-05  1.92080644e-06  2.87256122e-05 -2.55071333e-07  2.87256122e-05  1.08599432e-07  2.87256122e-05  0.00000000e+00  2.87256122e-05  0.00000000e+00 
 2.88256122e-05  1.32017340e+00  2.88256122e-05  6.80053872e-01  2.88256122e-05  1.86949616e-06  2.88256122e-05  2.55050040e-07  2.88256122e-05 -1.08377290e-07  2.88256122e-05  0.00000000e+00  2.88256122e-05  0.00000000e+00 
 2.89256122e-05  1.32016773e+00  2.89256122e-05  6.80096822e-01  2.89256122e-05  1.92080581e-06  2.89256122e-05 -2.54977688e-07  2.89256122e-05  1.08597495e-07  2.89256122e-05  0.00000000e+00  2.89256122e-05  0.00000000e+00 
 2.90256122e-05  1.32016203e+00  2.90256122e-05  6.80053818e-01  2.90256122e-05  1.86949678e-06  2.90256122e-05  2.54957046e-07  2.90256122e-05 -1.08375350e-07  2.90256122e-05  0.00000000e+00  2.90256122e-05  0.00000000e+00 
 2.91256122e-05  1.32015636e+00  2.91256122e-05  6.80096873e-01  2.91256122e-05  1.92080518e-06  2.91256122e-05 -2.54885312e-07  2.91256122e-05  1.08595549e-07  2.91256122e-05  0.00000000e+00  2.91256122e-05  0.00000000e+00 
 2.92256122e-05  1.32015066e+00  2.92256122e-05  6.80053769e-01  2.92256122e-05  1.86949741e-06  2.92256122e-05  2.54865293e-07  2.92256122e-05 -1.08373402e-07  2.92256122e-05  0.00000000e+00  2.92256122e-05  0.00000000e+00 
 2.93256122e-05  1.32014499e+00  2.93256122e-05  6.80096920e-01  2.93256122e-05  1.92080456e-06  2.93256122e-05 -2.54794150e-07  2.93256122e-05  1.08593597e-07  2.93256122e-05  0.00000000e+00  2.93256122e-05  0.00000000e+00 
 2.94256122e-05  1.32013930e+00  2.94256122e-05  6.80053723e-01  2.94256122e-05  1.86949804e-06  2.94256122e-05  2.54774725e-07  2.94256122e-05 -1.08371447e-07  2.94256122e-05  0.00000000e+00  2.94256122e-05  0.00000000e+00 
 2.95256122e-05  1.32013363e+00  2.95256122e-05  6.80096964e-01  2.95256122e-05  1.92080393e-06  2.95256122e-05 -2.54704147e-07  2.95256122e-05  1.08591638e-07  2.95256122e-05  0.00000000e+00  2.95256122e-05  0.00000000e+00 
 2.96256122e-05  1.32012794e+00  2.96256122e-05  6.80053682e-01  2.96256122e-05  1.86949866e-06  2.96256122e-05  2.54685292e-07  2.96256122e-05 -1.08369485e-07  2.96256122e-05  0.00000000e+00  2.96256122e-05  0.00000000e+00 
 2.97256122e-05  1.32012227e+00  2.97256122e-05  6.80097003e-01  2.97256122e-05  1.92080331e-06  2.97256122e-05 -2.54615254e-07  2.97256122e-05  1.08589672e-07  2.97256122e-05  0.00000000e+00  2.97256122e-05  0.00000000e+00 
 2.98256122e-05  1.32011658e+00  2.98256122e-05  6.80053644e-01  2.98256122e-05  1.86949929e-06  2.98256122e-05  2.54596945e-07  2.98256122e-05 -1.08367517e-07  2.98256122e-05  0.00000000e+00  2.98256122e-05  0.00000000e+00 
 2.99256122e-05  1.32011092e+00  2.99256122e-05  6.80097039e-01  2.99256122e-05  1.92080268e-06  2.99256122e-05 -2.54527423e-07  2.99256122e-05  1.08587700e-07  2.99256122e-05  0.00000000e+00  2.99256122e-05  0.00000000e+00 
 3.00256122e-05  1.32010523e+00  3.00256122e-05  6.80053609e-01  3.00256122e-05  1.86949991e-06  3.00256122e-05  2.54509638e-07  3.00256122e-05 -1.08365544e-07  3.00256122e-05  0.00000000e+00  3.00256122e-05  0.00000000e+00 
 3.01256122e-05  1.32009957e+00  3.01256122e-05  6.80097071e-01  3.01256122e-05  1.92080206e-06  3.01256122e-05 -2.54440610e-07  3.01256122e-05  1.08585723e-07  3.01256122e-05  0.00000000e+00  3.01256122e-05  0.00000000e+00 
 3.02256122e-05  1.32009389e+00  3.02256122e-05  6.80053578e-01  3.02256122e-05  1.86950053e-06  3.02256122e-05  2.54423327e-07  3.02256122e-05 -1.08363565e-07  3.02256122e-05  0.00000000e+00  3.02256122e-05  0.00000000e+00 
 3.03256122e-05  1.32008822e+00  3.03256122e-05  6.80097100e-01  3.03256122e-05  1.92080144e-06  3.03256122e-05 -2.54354772e-07  3.03256122e-05  1.08583741e-07  3.03256122e-05  0.00000000e+00  3.03256122e-05  0.00000000e+00 
 3.04256122e-05  1.32008254e+00  3.04256122e-05  6.80053550e-01  3.04256122e-05  1.86950116e-06  3.04256122e-05  2.54337970e-07  3.04256122e-05 -1.08361582e-07  3.04256122e-05  0.00000000e+00  3.04256122e-05  0.00000000e+00 
 3.05256122e-05  1.32007688e+00  3.05256122e-05  6.80097126e-01  3.05256122e-05  1.92080081e-06  3.05256122e-05 -2.54269868e-07  3.05256122e-05  1.08581754e-07  3.05256122e-05  0.00000000e+00  3.05256122e-05  0.00000000e+00 
 3.06256122e-05  1.32007121e+00  3.06256122e-05  6.80053526e-01  3.06256122e-05  1.86950177e-06  3.06256122e-05  2.54253528e-07  3.06256122e-05 -1.08359594e-07  3.06256122e-05  0.00000000e+00  3.06256122e-05  0.00000000e+00 
 3.07256122e-05  1.32006554e+00  3.07256122e-05  6.80097149e-01  3.07256122e-05  1.92080020e-06  3.07256122e-05 -2.54185861e-07  3.07256122e-05  1.08579763e-07  3.07256122e-05  0.00000000e+00  3.07256122e-05  0.00000000e+00 
 3.08256122e-05  1.32005987e+00  3.08256122e-05  6.80053504e-01  3.08256122e-05  1.86950239e-06  3.08256122e-05  2.54169964e-07  3.08256122e-05 -1.08357602e-07  3.08256122e-05  0.00000000e+00  3.08256122e-05  0.00000000e+00 
 3.09256122e-05  1.32005421e+00  3.09256122e-05  6.80097170e-01  3.09256122e-05  1.92079958e-06  3.09256122e-05 -2.54102715e-07  3.09256122e-05  1.08577768e-07  3.09256122e-05  0.00000000e+00  3.09256122e-05  0.00000000e+00 
 3.10256122e-05  1.32004854e+00  3.10256122e-05  6.80053485e-01  3.10256122e-05  1.86950301e-06  3.10256122e-05  2.54087244e-07  3.10256122e-05 -1.08355606e-07  3.10256122e-05  0.00000000e+00  3.10256122e-05  0.00000000e+00 
 3.11256122e-05  1.32004288e+00  3.11256122e-05  6.80097187e-01  3.11256122e-05  1.92079896e-06  3.11256122e-05 -2.54020394e-07  3.11256122e-05  1.08575769e-07  3.11256122e-05  0.00000000e+00  3.11256122e-05  0.00000000e+00 
 3.12256122e-05  1.32003721e+00  3.12256122e-05  6.80053469e-01  3.12256122e-05  1.86950363e-06  3.12256122e-05  2.54005333e-07  3.12256122e-05 -1.08353606e-07  3.12256122e-05  0.00000000e+00  3.12256122e-05  0.00000000e+00 
 3.13256122e-05  1.32003155e+00  3.13256122e-05  6.80097202e-01  3.13256122e-05  1.92079834e-06  3.13256122e-05 -2.53938867e-07  3.13256122e-05  1.08573767e-07  3.13256122e-05  0.00000000e+00  3.13256122e-05  0.00000000e+00 
 3.14256122e-05  1.32002589e+00  3.14256122e-05  6.80053455e-01  3.14256122e-05  1.86950424e-06  3.14256122e-05  2.53924200e-07  3.14256122e-05 -1.08351604e-07  3.14256122e-05  0.00000000e+00  3.14256122e-05  0.00000000e+00 
 3.15256122e-05  1.32002023e+00  3.15256122e-05  6.80097214e-01  3.15256122e-05  1.92079773e-06  3.15256122e-05 -2.53858103e-07  3.15256122e-05  1.08571763e-07  3.15256122e-05  0.00000000e+00  3.15256122e-05  0.00000000e+00 
 3.16256122e-05  1.32001457e+00  3.16256122e-05  6.80053444e-01  3.16256122e-05  1.86950485e-06  3.16256122e-05  2.53843814e-07  3.16256122e-05 -1.08349598e-07  3.16256122e-05  0.00000000e+00  3.16256122e-05  0.00000000e+00 
 3.17256122e-05  1.32000891e+00  3.17256122e-05  6.80097224e-01  3.17256122e-05  1.92079712e-06  3.17256122e-05 -2.53778072e-07  3.17256122e-05  1.08569755e-07  3.17256122e-05  0.00000000e+00  3.17256122e-05  0.00000000e+00 
 3.18256122e-05  1.32000326e+00  3.18256122e-05  6.80053435e-01  3.18256122e-05  1.86950547e-06  3.18256122e-05  2.53764149e-07  3.18256122e-05 -1.08347591e-07  3.18256122e-05  0.00000000e+00  3.18256122e-05  0.00000000e+00 
 3.19256122e-05  1.31999760e+00  3.19256122e-05  6.80097232e-01  3.19256122e-05  1.92079651e-06  3.19256122e-05 -2.53698747e-07  3.19256122e-05  1.08567745e-07  3.19256122e-05  0.00000000e+00  3.19256122e-05  0.00000000e+00 
 3.20256122e-05  1.31999194e+00  3.20256122e-05  6.80053428e-01  3.20256122e-05  1.86950608e-06  3.20256122e-05  2.53685175e-07  3.20256122e-05 -1.08345581e-07  3.20256122e-05  0.00000000e+00  3.20256122e-05  0.00000000e+00 
 3.21256122e-05  1.31998629e+00  3.21256122e-05  6.80097237e-01  3.21256122e-05  1.92079590e-06  3.21256122e-05 -2.53620101e-07  3.21256122e-05  1.08565733e-07  3.21256122e-05  0.00000000e+00  3.21256122e-05  0.00000000e+00 
 3.22256122e-05  1.31998064e+00  3.22256122e-05  6.80053424e-01  3.22256122e-05  1.86950669e-06  3.22256122e-05  2.53606869e-07  3.22256122e-05 -1.08343568e-07  3.22256122e-05  0.00000000e+00  3.22256122e-05  0.00000000e+00 
 3.23256122e-05  1.31997498e+00  3.23256122e-05  6.80097240e-01  3.23256122e-05  1.92079529e-06  3.23256122e-05 -2.53542110e-07  3.23256122e-05  1.08563719e-07  3.23256122e-05  0.00000000e+00  3.23256122e-05  0.00000000e+00 
 3.24256122e-05  1.31996933e+00  3.24256122e-05  6.80053421e-01  3.24256122e-05  1.86950729e-06  3.24256122e-05  2.53529205e-07  3.24256122e-05 -1.08341555e-07  3.24256122e-05  0.00000000e+00  3.24256122e-05  0.00000000e+00 
 3.25256122e-05  1.31996368e+00  3.25256122e-05  6.80097242e-01  3.25256122e-05  1.92079469e-06  3.25256122e-05 -2.53464751e-07  3.25256122e-05  1.08561703e-07  3.25256122e-05  0.00000000e+00  3.25256122e-05  0.00000000e+00 
 3.26256122e-05  1.31995803e+00  3.26256122e-05  6.80053420e-01  3.26256122e-05  1.86950790e-06  3.26256122e-05  2.53452161e-07  3.26256122e-05 -1.08339539e-07  3.26256122e-05  0.00000000e+00  3.26256122e-05  0.00000000e+00 
 3.27256122e-05  1.31995238e+00  3.27256122e-05  6.80097241e-01  3.27256122e-05  1.92079408e-06  3.27256122e-05 -2.53387999e-07  3.27256122e-05  1.08559686e-07  3.27256122e-05  0.00000000e+00  3.27256122e-05  0.00000000e+00 
 3.28256122e-05  1.31994674e+00  3.28256122e-05  6.80053422e-01  3.28256122e-05  1.86950850e-06  3.28256122e-05  2.53375714e-07  3.28256122e-05 -1.08337522e-07  3.28256122e-05  0.00000000e+00  3.28256122e-05  0.00000000e+00 
 3.29256122e-05  1.31994109e+00  3.29256122e-05  6.80097239e-01  3.29256122e-05  1.92079348e-06  3.29256122e-05 -2.53311835e-07  3.29256122e-05  1.08557668e-07  3.29256122e-05  0.00000000e+00  3.29256122e-05  0.00000000e+00 
 3.30256122e-05  1.31993545e+00  3.30256122e-05  6.80053425e-01  3.30256122e-05  1.86950910e-06  3.30256122e-05  2.53299845e-07  3.30256122e-05 -1.08335505e-07  3.30256122e-05  0.00000000e+00  3.30256122e-05  0.00000000e+00 
 3.31256122e-05  1.31992980e+00  3.31256122e-05  6.80097235e-01  3.31256122e-05  1.92079288e-06  3.31256122e-05 -2.53236238e-07  3.31256122e-05  1.08555649e-07  3.31256122e-05  0.00000000e+00  3.31256122e-05  0.00000000e+00 
 3.32256122e-05  1.31992416e+00  3.32256122e-05  6.80053429e-01  3.32256122e-05  1.86950970e-06  3.32256122e-05  2.53224532e-07  3.32256122e-05 -1.08333486e-07  3.32256122e-05  0.00000000e+00  3.32256122e-05  0.00000000e+00 
 3.33256122e-05  1.31991851e+00  3.33256122e-05  6.80097230e-01  3.33256122e-05  1.92079228e-06  3.33256122e-05 -2.53161188e-07  3.33256122e-05  1.08553628e-07  3.33256122e-05  0.00000000e+00  3.33256122e-05  0.00000000e+00 
 3.34256122e-05  1.31991288e+00  3.34256122e-05  6.80053435e-01  3.34256122e-05  1.86951030e-06  3.34256122e-05  2.53149758e-07  3.34256122e-05 -1.08331466e-07  3.34256122e-05  0.00000000e+00  3.34256122e-05  0.00000000e+00 
 3.35256122e-05  1.31990723e+00  3.35256122e-05  6.80097223e-01  3.35256122e-05  1.92079168e-06  3.35256122e-05 -2.53086668e-07  3.35256122e-05  1.08551608e-07  3.35256122e-05  0.00000000e+00  3.35256122e-05  0.00000000e+00 
 3.36256122e-05  1.31990160e+00  3.36256122e-05  6.80053443e-01  3.36256122e-05  1.86951090e-06  3.36256122e-05  2.53075505e-07  3.36256122e-05 -1.08329446e-07  3.36256122e-05  0.00000000e+00  3.36256122e-05  0.00000000e+00 
 3.37256122e-05  1.31989595e+00  3.37256122e-05  6.80097215e-01  3.37256122e-05  1.92079109e-06  3.37256122e-05 -2.53012661e-07  3.37256122e-05  1.08549586e-07  3.37256122e-05  0.00000000e+00  3.37256122e-05  0.00000000e+00 
 3.38256122e-05  1.31989032e+00  3.38256122e-05  6.80053452e-01  3.38256122e-05  1.86951149e-06  3.38256122e-05  2.53001756e-07  3.38256122e-05 -1.08327426e-07  3.38256122e-05  0.00000000e+00  3.38256122e-05  0.00000000e+00 
 3.39256122e-05  1.31988468e+00  3.39256122e-05  6.80097205e-01  3.39256122e-05  1.92079049e-06  3.39256122e-05 -2.52939148e-07  3.39256122e-05  1.08547565e-07  3.39256122e-05  0.00000000e+00  3.39256122e-05  0.00000000e+00 
 3.40256122e-05  1.31987905e+00  3.40256122e-05  6.80053462e-01  3.40256122e-05  1.86951208e-06  3.40256122e-05  2.52928494e-07  3.40256122e-05 -1.08325405e-07  3.40256122e-05  0.00000000e+00  3.40256122e-05  0.00000000e+00 
 3.41256122e-05  1.31987341e+00  3.41256122e-05  6.80097194e-01  3.41256122e-05  1.92078990e-06  3.41256122e-05 -2.52866116e-07  3.41256122e-05  1.08545543e-07  3.41256122e-05  0.00000000e+00  3.41256122e-05  0.00000000e+00 
 3.42256122e-05  1.31986778e+00  3.42256122e-05  6.80053474e-01  3.42256122e-05  1.86951267e-06  3.42256122e-05  2.52855705e-07  3.42256122e-05 -1.08323384e-07  3.42256122e-05  0.00000000e+00  3.42256122e-05  0.00000000e+00 
 3.43256122e-05  1.31986214e+00  3.43256122e-05  6.80097182e-01  3.43256122e-05  1.92078931e-06  3.43256122e-05 -2.52793550e-07  3.43256122e-05  1.08543521e-07  3.43256122e-05  0.00000000e+00  3.43256122e-05  0.00000000e+00 
 3.44256122e-05  1.31985652e+00  3.44256122e-05  6.80053486e-01  3.44256122e-05  1.86951326e-06  3.44256122e-05  2.52783374e-07  3.44256122e-05 -1.08321363e-07  3.44256122e-05  0.00000000e+00  3.44256122e-05  0.00000000e+00 
 3.45256122e-05  1.31985088e+00  3.45256122e-05  6.80097168e-01  3.45256122e-05  1.92078872e-06  3.45256122e-05 -2.52721434e-07  3.45256122e-05  1.08541499e-07  3.45256122e-05  0.00000000e+00  3.45256122e-05  0.00000000e+00 
 3.46256122e-05  1.31984526e+00  3.46256122e-05  6.80053500e-01  3.46256122e-05  1.86951385e-06  3.46256122e-05  2.52711487e-07  3.46256122e-05 -1.08319342e-07  3.46256122e-05  0.00000000e+00  3.46256122e-05  0.00000000e+00 
 3.47256122e-05  1.31983962e+00  3.47256122e-05  6.80097154e-01  3.47256122e-05  1.92078814e-06  3.47256122e-05 -2.52649755e-07  3.47256122e-05  1.08539477e-07  3.47256122e-05  0.00000000e+00  3.47256122e-05  0.00000000e+00 
 3.48256122e-05  1.31983400e+00  3.48256122e-05  6.80053515e-01  3.48256122e-05  1.86951443e-06  3.48256122e-05  2.52640031e-07  3.48256122e-05 -1.08317321e-07  3.48256122e-05  0.00000000e+00  3.48256122e-05  0.00000000e+00 
 3.49128061e-05  1.31982908e+00  3.49128061e-05  6.80097136e-01  3.49128061e-05  1.92078751e-06  3.49128061e-05 -2.52573311e-07  3.49128061e-05  1.08537307e-07  3.49128061e-05  0.00000000e+00  3.49128061e-05  0.00000000e+00 
 3.50000000e-05  1.31982419e+00  3.50000000e-05  6.80053532e-01  3.50000000e-05  1.86951510e-06  3.50000000e-05  2.52558561e-07  3.50000000e-05 -1.08315004e-07  3.50000000e-05  0.00000000e+00  3.50000000e-05  0.00000000e+00 
 3.50000010e-05  1.31983032e+00  3.50000010e-05  6.81636552e-01  3.50000010e-05  1.57506989e-06  3.50000010e-05 -2.45283564e-06  3.50000010e-05  5.65061035e-05  3.50000010e-05  0.00000000e+00  3.50000010e-05  1.20000000e-01 
 3.50000030e-05  1.31984522e+00  3.50000030e-05  6.85777133e-01  3.50000030e-05  1.32563019e-06  3.50000030e-05 -4.09597153e-06  3.50000030e-05  9.55555020e-05  3.50000030e-05  0.00000000e+00  3.50000030e-05  3.60000000e-01 
 3.50000065e-05  1.31989466e+00  3.50000065e-05  7.02006447e-01  3.50000065e-05  3.04607047e-07  3.50000065e-05 -1.09249746e-05  3.50000065e-05  2.62370050e-04  3.50000065e-05  0.00000000e+00  3.50000065e-05  7.80000000e-01 
 3.50000100e-05  1.31994120e+00  3.50000100e-05  7.18571880e-01  3.50000100e-05  9.22150657e-07  3.50000100e-05 -5.17545083e-06  3.50000100e-05  1.53896907e-04  3.50000100e-05  0.00000000e+00  3.50000100e-05  1.20000000e+00 
 3.50000107e-05  1.31993808e+00  3.50000107e-05  7.19523615e-01  3.50000107e-05  1.31114621e-06  3.50000107e-05 -2.93883087e-06  3.50000107e-05  8.05530570e-05  3.50000107e-05  0.00000000e+00  3.50000107e-05  1.20000000e+00 
 3.50000121e-05  1.31993020e+00  3.50000121e-05  7.21144550e-01  3.50000121e-05  1.44177388e-06  3.50000121e-05 -2.30933671e-06  3.50000121e-05  6.01002676e-05  3.50000121e-05  0.00000000e+00  3.50000121e-05  1.20000000e+00 
 3.50000149e-05  1.31991316e+00  3.50000149e-05  7.24305799e-01  3.50000149e-05  1.39617058e-06  3.50000149e-05 -2.91934007e-06  3.50000149e-05  7.01358414e-05  3.50000149e-05  0.00000000e+00  3.50000149e-05  1.20000000e+00 
 3.50000205e-05  1.31987788e+00  3.50000205e-05  7.30310467e-01  3.50000205e-05  1.54958771e-06  3.50000205e-05 -2.27279997e-06  3.50000205e-05  4.80497529e-05  3.50000205e-05  0.00000000e+00  3.50000205e-05  1.20000000e+00 
 3.50000317e-05  1.31980830e+00  3.50000317e-05  7.39870173e-01  3.50000317e-05  1.56594608e-06  3.50000317e-05 -2.44286221e-06  3.50000317e-05  4.83195276e-05  3.50000317e-05  0.00000000e+00  3.50000317e-05  1.20000000e+00 
 3.50000541e-05  1.31969390e+00  3.50000541e-05  7.51326454e-01  3.50000541e-05  1.77202188e-06  3.50000541e-05 -1.41184325e-06  3.50000541e-05  1.90153627e-05  3.50000541e-05  0.00000000e+00  3.50000541e-05  1.20000000e+00 
 3.50000989e-05  1.31955273e+00  3.50000989e-05  7.58876366e-01  3.50000989e-05  1.81314398e-06  3.50000989e-05 -1.40391475e-06  3.50000989e-05  1.78708494e-05  3.50000989e-05  0.00000000e+00  3.50000989e-05  1.20000000e+00 
 3.50001885e-05  1.31942879e+00  3.50001885e-05  7.56607491e-01  3.50001885e-05  1.96543841e-06  3.50001885e-05 -5.11072553e-07  3.50001885e-05 -1.97979913e-06  3.50001885e-05  0.00000000e+00  3.50001885e-05  1.20000000e+00 
 3.50003080e-05  1.31936384e+00  3.50003080e-05  7.47938311e-01  3.50003080e-05  1.89133985e-06  3.50003080e-05 -7.39554719e-07  3.50003080e-05  8.59739238e-06  3.50003080e-05  0.00000000e+00  3.50003080e-05  1.20000000e+00 
 3.50005239e-05  1.31930932e+00  3.50005239e-05  7.35514231e-01  3.50005239e-05  1.95615961e-06  3.50005239e-05  5.54197405e-08  3.50005239e-05 -5.06192212e-06  3.50005239e-05  0.00000000e+00  3.50005239e-05  1.20000000e+00 
 3.50008889e-05  1.31926802e+00  3.50008889e-05  7.22954407e-01  3.50008889e-05  1.86737798e-06  3.50008889e-05 -2.18366687e-07  3.50008889e-05  7.03587979e-06  3.50008889e-05  0.00000000e+00  3.50008889e-05  1.20000000e+00 
 3.50016190e-05  1.31922495e+00  3.50016190e-05  7.10749052e-01  3.50016190e-05  1.93815596e-06  3.50016190e-05  3.69509720e-07  3.50016190e-05 -5.79851706e-06  3.50016190e-05  0.00000000e+00  3.50016190e-05  1.20000000e+00 
 3.50030790e-05  1.31916218e+00  3.50030790e-05  6.99438095e-01  3.50030790e-05  1.85836962e-06  3.50030790e-05 -1.62251039e-07  3.50030790e-05  6.71435837e-06  3.50030790e-05  0.00000000e+00  3.50030790e-05  1.20000000e+00 
 3.50059991e-05  1.31904372e+00  3.50059991e-05  6.88243220e-01  3.50059991e-05  1.93417427e-06  3.50059991e-05  2.78334241e-07  3.50059991e-05 -5.85560381e-06  3.50059991e-05  0.00000000e+00  3.50059991e-05  1.20000000e+00 
 3.50116844e-05  1.31880378e+00  3.50116844e-05  6.81079354e-01  3.50116844e-05  1.85619680e-06  3.50116844e-05 -2.43748456e-07  3.50116844e-05  6.75372482e-06  3.50116844e-05  0.00000000e+00  3.50116844e-05  1.20000000e+00 
 3.50221544e-05  1.31835228e+00  3.50221544e-05  6.79986793e-01  3.50221544e-05  1.93383465e-06  3.50221544e-05  2.47060174e-07  3.50221544e-05 -5.82830542e-06  3.50221544e-05  0.00000000e+00  3.50221544e-05  1.20000000e+00 
 3.50422138e-05  1.31749551e+00  3.50422138e-05  6.80088951e-01  3.50422138e-05  1.85644379e-06  3.50422138e-05 -2.47354690e-07  3.50422138e-05  6.75520760e-06  3.50422138e-05  0.00000000e+00  3.50422138e-05  1.20000000e+00 
 3.50788061e-05  1.31594703e+00  3.50788061e-05  6.80054023e-01  3.50788061e-05  1.93386501e-06  3.50788061e-05  2.47491667e-07  3.50788061e-05 -5.82820470e-06  3.50788061e-05  0.00000000e+00  3.50788061e-05  1.20000000e+00 
 3.51519907e-05  1.31286226e+00  3.51519907e-05  6.80061731e-01  3.51519907e-05  1.85643507e-06  3.51519907e-05 -2.47513696e-07  3.51519907e-05  6.75512458e-06  3.51519907e-05  0.00000000e+00  3.51519907e-05  1.20000000e+00 
 3.52519907e-05  1.30864923e+00  3.52519907e-05  6.80065358e-01  3.52519907e-05  1.93386876e-06  3.52519907e-05  2.47579978e-07  3.52519907e-05 -5.82816091e-06  3.52519907e-05  0.00000000e+00  3.52519907e-05  1.20000000e+00 
 3.53519907e-05  1.30443641e+00  3.53519907e-05  6.80050388e-01  3.53519907e-05  1.85643240e-06  3.53519907e-05 -2.47583750e-07  3.53519907e-05  6.75507309e-06  3.53519907e-05  0.00000000e+00  3.53519907e-05  1.20000000e+00 
 3.54519907e-05  1.30022412e+00  3.54519907e-05  6.80073339e-01  3.54519907e-05  1.93387108e-06  3.54519907e-05  2.47651769e-07  3.54519907e-05 -5.82812290e-06  3.54519907e-05  0.00000000e+00  3.54519907e-05  1.20000000e+00 
 3.55519907e-05  1.29601220e+00  3.55519907e-05  6.80041167e-01  3.55519907e-05  1.85643040e-06  3.55519907e-05 -2.47650795e-07  3.55519907e-05  6.75502008e-06  3.55519907e-05  0.00000000e+00  3.55519907e-05  1.20000000e+00 
 3.56519907e-05  1.29180059e+00  3.56519907e-05  6.80080626e-01  3.56519907e-05  1.93387282e-06  3.56519907e-05  2.47718771e-07  3.56519907e-05 -5.82808329e-06  3.56519907e-05  0.00000000e+00  3.56519907e-05  1.20000000e+00 
 3.57519907e-05  1.28758930e+00  3.57519907e-05  6.80033473e-01  3.57519907e-05  1.85642889e-06  3.57519907e-05 -2.47712983e-07  3.57519907e-05  6.75496624e-06  3.57519907e-05  0.00000000e+00  3.57519907e-05  1.20000000e+00 
 3.58519907e-05  1.28337822e+00  3.58519907e-05  6.80087032e-01  3.58519907e-05  1.93387412e-06  3.58519907e-05  2.47779548e-07  3.58519907e-05 -5.82804311e-06  3.58519907e-05  0.00000000e+00  3.58519907e-05  1.20000000e+00 
 3.59519907e-05  1.27916740e+00  3.59519907e-05  6.80027072e-01  3.59519907e-05  1.85642778e-06  3.59519907e-05 -2.47768911e-07  3.59519907e-05  6.75491228e-06  3.59519907e-05  0.00000000e+00  3.59519907e-05  1.20000000e+00 
 3.60519907e-05  1.27495673e+00  3.60519907e-05  6.80092496e-01  3.60519907e-05  1.93387507e-06  3.60519907e-05  2.47833152e-07  3.60519907e-05 -5.82800316e-06  3.60519907e-05  0.00000000e+00  3.60519907e-05  1.20000000e+00 
 3.61519907e-05  1.27074626e+00  3.61519907e-05  6.80021824e-01  3.61519907e-05  1.85642697e-06  3.61519907e-05 -2.47817752e-07  3.61519907e-05  6.75485886e-06  3.61519907e-05  0.00000000e+00  3.61519907e-05  1.20000000e+00 
 3.62519907e-05  1.26653592e+00  3.62519907e-05  6.80097093e-01  3.62519907e-05  1.93387574e-06  3.62519907e-05  2.47878466e-07  3.62519907e-05 -5.82796427e-06  3.62519907e-05  0.00000000e+00  3.62519907e-05  1.20000000e+00 
 3.63519907e-05  1.26232573e+00  3.63519907e-05  6.80017541e-01  3.63519907e-05  1.85642643e-06  3.63519907e-05 -2.47857028e-07  3.63519907e-05  6.75480636e-06  3.63519907e-05  0.00000000e+00  3.63519907e-05  1.20000000e+00 
 3.64519907e-05  1.25811564e+00  3.64519907e-05  6.80100568e-01  3.64519907e-05  1.93387618e-06  3.64519907e-05  2.47914085e-07  3.64519907e-05 -5.82792663e-06  3.64519907e-05  0.00000000e+00  3.64519907e-05  1.20000000e+00 
 3.65519907e-05  1.25390566e+00  3.65519907e-05  6.80014537e-01  3.65519907e-05  1.85642608e-06  3.65519907e-05 -2.47888781e-07  3.65519907e-05  6.75475566e-06  3.65519907e-05  0.00000000e+00  3.65519907e-05  1.20000000e+00 
 3.66519907e-05  1.24969578e+00  3.66519907e-05  6.80103087e-01  3.66519907e-05  1.93387644e-06  3.66519907e-05  2.47943020e-07  3.66519907e-05 -5.82789099e-06  3.66519907e-05  0.00000000e+00  3.66519907e-05  1.20000000e+00 
 3.67519907e-05  1.24548596e+00  3.67519907e-05  6.80012434e-01  3.67519907e-05  1.85642589e-06  3.67519907e-05 -2.47914183e-07  3.67519907e-05  6.75470699e-06  3.67519907e-05  0.00000000e+00  3.67519907e-05  1.20000000e+00 
 3.68519907e-05  1.24127625e+00  3.68519907e-05  6.80104852e-01  3.68519907e-05  1.93387656e-06  3.68519907e-05  2.47965746e-07  3.68519907e-05 -5.82785762e-06  3.68519907e-05  0.00000000e+00  3.68519907e-05  1.20000000e+00 
 3.69519907e-05  1.23706657e+00  3.69519907e-05  6.80011059e-01  3.69519907e-05  1.85642583e-06  3.69519907e-05 -2.47933749e-07  3.69519907e-05  6.75466056e-06  3.69519907e-05  0.00000000e+00  3.69519907e-05  1.20000000e+00 
 3.70519907e-05  1.23285700e+00  3.70519907e-05  6.80105990e-01  3.70519907e-05  1.93387656e-06  3.70519907e-05  2.47982798e-07  3.70519907e-05 -5.82782671e-06  3.70519907e-05  0.00000000e+00  3.70519907e-05  1.20000000e+00 
 3.71519907e-05  1.22864744e+00  3.71519907e-05  6.80010299e-01  3.71519907e-05  1.85642588e-06  3.71519907e-05 -2.47947981e-07  3.71519907e-05  6.75461650e-06  3.71519907e-05  0.00000000e+00  3.71519907e-05  1.20000000e+00 
 3.72519907e-05  1.22443799e+00  3.72519907e-05  6.80106590e-01  3.72519907e-05  1.93387648e-06  3.72519907e-05  2.47994712e-07  3.72519907e-05 -5.82779834e-06  3.72519907e-05  0.00000000e+00  3.72519907e-05  1.20000000e+00 
 3.73519907e-05  1.22022853e+00  3.73519907e-05  6.80010073e-01  3.73519907e-05  1.85642600e-06  3.73519907e-05 -2.47957399e-07  3.73519907e-05  6.75457487e-06  3.73519907e-05  0.00000000e+00  3.73519907e-05  1.20000000e+00 
 3.74519907e-05  1.21601919e+00  3.74519907e-05  6.80106720e-01  3.74519907e-05  1.93387633e-06  3.74519907e-05  2.48002037e-07  3.74519907e-05 -5.82777255e-06  3.74519907e-05  0.00000000e+00  3.74519907e-05  1.20000000e+00 
 3.75519907e-05  1.21180982e+00  3.75519907e-05  6.80010315e-01  3.75519907e-05  1.85642618e-06  3.75519907e-05 -2.47962542e-07  3.75519907e-05  6.75453567e-06  3.75519907e-05  0.00000000e+00  3.75519907e-05  1.20000000e+00 
 3.76519907e-05  1.20760058e+00  3.76519907e-05  6.80106440e-01  3.76519907e-05  1.93387612e-06  3.76519907e-05  2.48005329e-07  3.76519907e-05 -5.82774935e-06  3.76519907e-05  0.00000000e+00  3.76519907e-05  1.20000000e+00 
 3.77519907e-05  1.20339129e+00  3.77519907e-05  6.80010966e-01  3.77519907e-05  1.85642641e-06  3.77519907e-05 -2.47963954e-07  3.77519907e-05  6.75449890e-06  3.77519907e-05  0.00000000e+00  3.77519907e-05  1.20000000e+00 
 3.78519907e-05  1.19918214e+00  3.78519907e-05  6.80105802e-01  3.78519907e-05  1.93387588e-06  3.78519907e-05  2.48005141e-07  3.78519907e-05 -5.82772868e-06  3.78519907e-05  0.00000000e+00  3.78519907e-05  1.20000000e+00 
 3.79519907e-05  1.19497293e+00  3.79519907e-05  6.80011975e-01  3.79519907e-05  1.85642666e-06  3.79519907e-05 -2.47962174e-07  3.79519907e-05  6.75446447e-06  3.79519907e-05  0.00000000e+00  3.79519907e-05  1.20000000e+00 
 3.80519907e-05  1.19076387e+00  3.80519907e-05  6.80104859e-01  3.80519907e-05  1.93387562e-06  3.80519907e-05  2.48002007e-07  3.80519907e-05 -5.82771048e-06  3.80519907e-05  0.00000000e+00  3.80519907e-05  1.20000000e+00 
 3.81519907e-05  1.18655473e+00  3.81519907e-05  6.80013289e-01  3.81519907e-05  1.85642693e-06  3.81519907e-05 -2.47957719e-07  3.81519907e-05  6.75443231e-06  3.81519907e-05  0.00000000e+00  3.81519907e-05  1.20000000e+00 
 3.82519907e-05  1.18234576e+00  3.82519907e-05  6.80103662e-01  3.82519907e-05  1.93387535e-06  3.82519907e-05  2.47996438e-07  3.82519907e-05 -5.82769463e-06  3.82519907e-05  0.00000000e+00  3.82519907e-05  1.20000000e+00 
 3.83519907e-05  1.17813669e+00  3.83519907e-05  6.80014858e-01  3.83519907e-05  1.85642720e-06  3.83519907e-05 -2.47951081e-07  3.83519907e-05  6.75440230e-06  3.83519907e-05  0.00000000e+00  3.83519907e-05  1.20000000e+00 
 3.84519907e-05  1.17392780e+00  3.84519907e-05  6.80102262e-01  3.84519907e-05  1.93387508e-06  3.84519907e-05  2.47988909e-07  3.84519907e-05 -5.82768102e-06  3.84519907e-05  0.00000000e+00  3.84519907e-05  1.20000000e+00 
 3.85519907e-05  1.16971880e+00  3.85519907e-05  6.80016632e-01  3.85519907e-05  1.85642747e-06  3.85519907e-05 -2.47942712e-07  3.85519907e-05  6.75437429e-06  3.85519907e-05  0.00000000e+00  3.85519907e-05  1.20000000e+00 
 3.86519907e-05  1.16551000e+00  3.86519907e-05  6.80100709e-01  3.86519907e-05  1.93387481e-06  3.86519907e-05  2.47979854e-07  3.86519907e-05 -5.82766949e-06  3.86519907e-05  0.00000000e+00  3.86519907e-05  1.20000000e+00 
 3.87519907e-05  1.16130106e+00  3.87519907e-05  6.80018564e-01  3.87519907e-05  1.85642773e-06  3.87519907e-05 -2.47933022e-07  3.87519907e-05  6.75434815e-06  3.87519907e-05  0.00000000e+00  3.87519907e-05  1.20000000e+00 
 3.88519907e-05  1.15709234e+00  3.88519907e-05  6.80099050e-01  3.88519907e-05  1.93387457e-06  3.88519907e-05  2.47969662e-07  3.88519907e-05 -5.82765989e-06  3.88519907e-05  0.00000000e+00  3.88519907e-05  1.20000000e+00 
 3.89519907e-05  1.15288348e+00  3.89519907e-05  6.80020609e-01  3.89519907e-05  1.85642796e-06  3.89519907e-05 -2.47922376e-07  3.89519907e-05  6.75432368e-06  3.89519907e-05  0.00000000e+00  3.89519907e-05  1.20000000e+00 
 3.90519907e-05  1.14867483e+00  3.90519907e-05  6.80097333e-01  3.90519907e-05  1.93387434e-06  3.90519907e-05  2.47958676e-07  3.90519907e-05 -5.82765203e-06  3.90519907e-05  0.00000000e+00  3.90519907e-05  1.20000000e+00 
 3.91519907e-05  1.14446604e+00  3.91519907e-05  6.80022724e-01  3.91519907e-05  1.85642817e-06  3.91519907e-05 -2.47911090e-07  3.91519907e-05  6.75430072e-06  3.91519907e-05  0.00000000e+00  3.91519907e-05  1.20000000e+00 
 3.92519907e-05  1.14025748e+00  3.92519907e-05  6.80095598e-01  3.92519907e-05  1.93387415e-06  3.92519907e-05  2.47947187e-07  3.92519907e-05 -5.82764573e-06  3.92519907e-05  0.00000000e+00  3.92519907e-05  1.20000000e+00 
 3.93519907e-05  1.13604876e+00  3.93519907e-05  6.80024871e-01  3.93519907e-05  1.85642835e-06  3.93519907e-05 -2.47899433e-07  3.93519907e-05  6.75427909e-06  3.93519907e-05  0.00000000e+00  3.93519907e-05  1.20000000e+00 
 3.94519907e-05  1.13184028e+00  3.94519907e-05  6.80093885e-01  3.94519907e-05  1.93387398e-06  3.94519907e-05  2.47935441e-07  3.94519907e-05 -5.82764081e-06  3.94519907e-05  0.00000000e+00  3.94519907e-05  1.20000000e+00 
 3.95519907e-05  1.12763163e+00  3.95519907e-05  6.80027016e-01  3.95519907e-05  1.85642850e-06  3.95519907e-05 -2.47887627e-07  3.95519907e-05  6.75425858e-06  3.95519907e-05  0.00000000e+00  3.95519907e-05  1.20000000e+00 
 3.96519907e-05  1.12342323e+00  3.96519907e-05  6.80092227e-01  3.96519907e-05  1.93387385e-06  3.96519907e-05  2.47923640e-07  3.96519907e-05 -5.82763707e-06  3.96519907e-05  0.00000000e+00  3.96519907e-05  1.20000000e+00 
 3.97519907e-05  1.11921466e+00  3.97519907e-05  6.80029130e-01  3.97519907e-05  1.85642862e-06  3.97519907e-05 -2.47875849e-07  3.97519907e-05  6.75423901e-06  3.97519907e-05  0.00000000e+00  3.97519907e-05  1.20000000e+00 
 3.98519907e-05  1.11500634e+00  3.98519907e-05  6.80090655e-01  3.98519907e-05  1.93387375e-06  3.98519907e-05  2.47911939e-07  3.98519907e-05 -5.82763432e-06  3.98519907e-05  0.00000000e+00  3.98519907e-05  1.20000000e+00 
 3.99519907e-05  1.11079785e+00  3.99519907e-05  6.80031188e-01  3.99519907e-05  1.85642870e-06  3.99519907e-05 -2.47864238e-07  3.99519907e-05  6.75422021e-06  3.99519907e-05  0.00000000e+00  3.99519907e-05  1.20000000e+00 
 4.00519907e-05  1.10658962e+00  4.00519907e-05  6.80089191e-01  4.00519907e-05  1.93387369e-06  4.00519907e-05  2.47900458e-07  4.00519907e-05 -5.82763239e-06  4.00519907e-05  0.00000000e+00  4.00519907e-05  1.20000000e+00 
 4.01519907e-05  1.10238121e+00  4.01519907e-05  6.80033172e-01  4.01519907e-05  1.85642874e-06  4.01519907e-05 -2.47852895e-07  4.01519907e-05  6.75420199e-06  4.01519907e-05  0.00000000e+00  4.01519907e-05  1.20000000e+00 
 4.02519907e-05  1.09817306e+00  4.02519907e-05  6.80087856e-01  4.02519907e-05  1.93387366e-06  4.02519907e-05  2.47889283e-07  4.02519907e-05 -5.82763109e-06  4.02519907e-05  0.00000000e+00  4.02519907e-05  1.20000000e+00 
 4.03519907e-05  1.09396473e+00  4.03519907e-05  6.80035067e-01  4.03519907e-05  1.85642875e-06  4.03519907e-05 -2.47841888e-07  4.03519907e-05  6.75418419e-06  4.03519907e-05  0.00000000e+00  4.03519907e-05  1.20000000e+00 
 4.04519907e-05  1.08975667e+00  4.04519907e-05  6.80086664e-01  4.04519907e-05  1.93387367e-06  4.04519907e-05  2.47878466e-07  4.04519907e-05 -5.82763027e-06  4.04519907e-05  0.00000000e+00  4.04519907e-05  1.20000000e+00 
 4.05519907e-05  1.08554843e+00  4.05519907e-05  6.80036864e-01  4.05519907e-05  1.85642873e-06  4.05519907e-05 -2.47831258e-07  4.05519907e-05  6.75416665e-06  4.05519907e-05  0.00000000e+00  4.05519907e-05  1.20000000e+00 
 4.06519907e-05  1.08134046e+00  4.06519907e-05  6.80085626e-01  4.06519907e-05  1.93387372e-06  4.06519907e-05  2.47868038e-07  4.06519907e-05 -5.82762977e-06  4.06519907e-05  0.00000000e+00  4.06519907e-05  1.20000000e+00 
 4.07519907e-05  1.07713231e+00  4.07519907e-05  6.80038555e-01  4.07519907e-05  1.85642867e-06  4.07519907e-05 -2.47821024e-07  4.07519907e-05  6.75414924e-06  4.07519907e-05  0.00000000e+00  4.07519907e-05  1.20000000e+00 
 4.08519907e-05  1.07292444e+00  4.08519907e-05  6.80084749e-01  4.08519907e-05  1.93387379e-06  4.08519907e-05  2.47858006e-07  4.08519907e-05 -5.82762946e-06  4.08519907e-05  0.00000000e+00  4.08519907e-05  1.20000000e+00 
 4.09519907e-05  1.06871638e+00  4.09519907e-05  6.80040139e-01  4.09519907e-05  1.85642858e-06  4.09519907e-05 -2.47811184e-07  4.09519907e-05  6.75413181e-06  4.09519907e-05  0.00000000e+00  4.09519907e-05  1.20000000e+00 
 4.10519907e-05  1.06450861e+00  4.10519907e-05  6.80084035e-01  4.10519907e-05  1.93387390e-06  4.10519907e-05  2.47848361e-07  4.10519907e-05 -5.82762921e-06  4.10519907e-05  0.00000000e+00  4.10519907e-05  1.20000000e+00 
 4.11519907e-05  1.06030065e+00  4.11519907e-05  6.80041616e-01  4.11519907e-05  1.85642846e-06  4.11519907e-05 -2.47801721e-07  4.11519907e-05  6.75411427e-06  4.11519907e-05  0.00000000e+00  4.11519907e-05  1.20000000e+00 
 4.12519907e-05  1.05609297e+00  4.12519907e-05  6.80083484e-01  4.12519907e-05  1.93387403e-06  4.12519907e-05  2.47839081e-07  4.12519907e-05 -5.82762891e-06  4.12519907e-05  0.00000000e+00  4.12519907e-05  1.20000000e+00 
 4.13519907e-05  1.05188511e+00  4.13519907e-05  6.80042989e-01  4.13519907e-05  1.85642831e-06  4.13519907e-05 -2.47792607e-07  4.13519907e-05  6.75409652e-06  4.13519907e-05  0.00000000e+00  4.13519907e-05  1.20000000e+00 
 4.14519907e-05  1.04767754e+00  4.14519907e-05  6.80083094e-01  4.14519907e-05  1.93387419e-06  4.14519907e-05  2.47830131e-07  4.14519907e-05 -5.82762846e-06  4.14519907e-05  0.00000000e+00  4.14519907e-05  1.20000000e+00 
 4.15519907e-05  1.04346978e+00  4.15519907e-05  6.80044261e-01  4.15519907e-05  1.85642815e-06  4.15519907e-05 -2.47783806e-07  4.15519907e-05  6.75407846e-06  4.15519907e-05  0.00000000e+00  4.15519907e-05  1.20000000e+00 
 4.16519907e-05  1.03926231e+00  4.16519907e-05  6.80082859e-01  4.16519907e-05  1.93387437e-06  4.16519907e-05  2.47821474e-07  4.16519907e-05 -5.82762779e-06  4.16519907e-05  0.00000000e+00  4.16519907e-05  1.20000000e+00 
 4.17519907e-05  1.03505466e+00  4.17519907e-05  6.80045439e-01  4.17519907e-05  1.85642796e-06  4.17519907e-05 -2.47775275e-07  4.17519907e-05  6.75406002e-06  4.17519907e-05  0.00000000e+00  4.17519907e-05  1.20000000e+00 
 4.18519907e-05  1.03084729e+00  4.18519907e-05  6.80082773e-01  4.18519907e-05  1.93387456e-06  4.18519907e-05  2.47813064e-07  4.18519907e-05 -5.82762682e-06  4.18519907e-05  0.00000000e+00  4.18519907e-05  1.20000000e+00 
 4.19519907e-05  1.02663974e+00  4.19519907e-05  6.80046529e-01  4.19519907e-05  1.85642775e-06  4.19519907e-05 -2.47766969e-07  4.19519907e-05  6.75404116e-06  4.19519907e-05  0.00000000e+00  4.19519907e-05  1.20000000e+00 
 4.20519907e-05  1.02243247e+00  4.20519907e-05  6.80082825e-01  4.20519907e-05  1.93387478e-06  4.20519907e-05  2.47804854e-07  4.20519907e-05 -5.82762550e-06  4.20519907e-05  0.00000000e+00  4.20519907e-05  1.20000000e+00 
 4.21519907e-05  1.01822502e+00  4.21519907e-05  6.80047537e-01  4.21519907e-05  1.85642753e-06  4.21519907e-05 -2.47758839e-07  4.21519907e-05  6.75402182e-06  4.21519907e-05  0.00000000e+00  4.21519907e-05  1.20000000e+00 
 4.22519907e-05  1.01401785e+00  4.22519907e-05  6.80083005e-01  4.22519907e-05  1.93387501e-06  4.22519907e-05  2.47796798e-07  4.22519907e-05 -5.82762379e-06  4.22519907e-05  0.00000000e+00  4.22519907e-05  1.20000000e+00 
 4.23519907e-05  1.00981050e+00  4.23519907e-05  6.80048469e-01  4.23519907e-05  1.85642729e-06  4.23519907e-05 -2.47750839e-07  4.23519907e-05  6.75400197e-06  4.23519907e-05  0.00000000e+00  4.23519907e-05  1.20000000e+00 
 4.24519907e-05  1.00560343e+00  4.24519907e-05  6.80083300e-01  4.24519907e-05  1.93387525e-06  4.24519907e-05  2.47788849e-07  4.24519907e-05 -5.82762166e-06  4.24519907e-05  0.00000000e+00  4.24519907e-05  1.20000000e+00 
 4.25519907e-05  1.00139617e+00  4.25519907e-05  6.80049329e-01  4.25519907e-05  1.85642705e-06  4.25519907e-05 -2.47742922e-07  4.25519907e-05  6.75398158e-06  4.25519907e-05  0.00000000e+00  4.25519907e-05  1.20000000e+00 
 4.26519907e-05  9.97189193e-01  4.26519907e-05  6.80083693e-01  4.26519907e-05  1.93387550e-06  4.26519907e-05  2.47780962e-07  4.26519907e-05 -5.82761908e-06  4.26519907e-05  0.00000000e+00  4.26519907e-05  1.20000000e+00 
 4.27519907e-05  9.92982025e-01  4.27519907e-05  6.80050121e-01  4.27519907e-05  1.85642679e-06  4.27519907e-05 -2.47735047e-07  4.27519907e-05  6.75396064e-06  4.27519907e-05  0.00000000e+00  4.27519907e-05  1.20000000e+00 
 4.28519907e-05  9.88775130e-01  4.28519907e-05  6.80084168e-01  4.28519907e-05  1.93387576e-06  4.28519907e-05  2.47773098e-07  4.28519907e-05 -5.82761606e-06  4.28519907e-05  0.00000000e+00  4.28519907e-05  1.20000000e+00 
 4.29519907e-05  9.84568046e-01  4.29519907e-05  6.80050845e-01  4.29519907e-05  1.85642653e-06  4.29519907e-05 -2.47727175e-07  4.29519907e-05  6.75393913e-06  4.29519907e-05  0.00000000e+00  4.29519907e-05  1.20000000e+00 
 4.30519907e-05  9.80361232e-01  4.30519907e-05  6.80084704e-01  4.30519907e-05  1.93387602e-06  4.30519907e-05  2.47765219e-07  4.30519907e-05 -5.82761260e-06  4.30519907e-05  0.00000000e+00  4.30519907e-05  1.20000000e+00 
 4.31519907e-05  9.76154226e-01  4.31519907e-05  6.80051504e-01  4.31519907e-05  1.85642627e-06  4.31519907e-05 -2.47719271e-07  4.31519907e-05  6.75391705e-06  4.31519907e-05  0.00000000e+00  4.31519907e-05  1.20000000e+00 
 4.32519907e-05  9.71947486e-01  4.32519907e-05  6.80085282e-01  4.32519907e-05  1.93387628e-06  4.32519907e-05  2.47757296e-07  4.32519907e-05 -5.82760870e-06  4.32519907e-05  0.00000000e+00  4.32519907e-05  1.20000000e+00 
 4.33519907e-05  9.67740552e-01  4.33519907e-05  6.80052096e-01  4.33519907e-05  1.85642601e-06  4.33519907e-05 -2.47711307e-07  4.33519907e-05  6.75389440e-06  4.33519907e-05  0.00000000e+00  4.33519907e-05  1.20000000e+00 
 4.34519907e-05  9.63533883e-01  4.34519907e-05  6.80085879e-01  4.34519907e-05  1.93387655e-06  4.34519907e-05  2.47749302e-07  4.34519907e-05 -5.82760441e-06  4.34519907e-05  0.00000000e+00  4.34519907e-05  1.20000000e+00 
 4.35519907e-05  9.59327016e-01  4.35519907e-05  6.80052620e-01  4.35519907e-05  1.85642574e-06  4.35519907e-05 -2.47703262e-07  4.35519907e-05  6.75387117e-06  4.35519907e-05  0.00000000e+00  4.35519907e-05  1.20000000e+00 
 4.36519907e-05  9.55120414e-01  4.36519907e-05  6.80086475e-01  4.36519907e-05  1.93387681e-06  4.36519907e-05  2.47741220e-07  4.36519907e-05 -5.82759976e-06  4.36519907e-05  0.00000000e+00  4.36519907e-05  1.20000000e+00 
 4.37519907e-05  9.50913610e-01  4.37519907e-05  6.80053077e-01  4.37519907e-05  1.85642548e-06  4.37519907e-05 -2.47695121e-07  4.37519907e-05  6.75384736e-06  4.37519907e-05  0.00000000e+00  4.37519907e-05  1.20000000e+00 
 4.38519907e-05  9.46707070e-01  4.38519907e-05  6.80087050e-01  4.38519907e-05  1.93387708e-06  4.38519907e-05  2.47733036e-07  4.38519907e-05 -5.82759482e-06  4.38519907e-05  0.00000000e+00  4.38519907e-05  1.20000000e+00 
 4.39519907e-05  9.42500326e-01  4.39519907e-05  6.80053468e-01  4.39519907e-05  1.85642522e-06  4.39519907e-05 -2.47686874e-07  4.39519907e-05  6.75382294e-06  4.39519907e-05  0.00000000e+00  4.39519907e-05  1.20000000e+00 
 4.40519907e-05  9.38293847e-01  4.40519907e-05  6.80087588e-01  4.40519907e-05  1.93387734e-06  4.40519907e-05  2.47724747e-07  4.40519907e-05 -5.82758968e-06  4.40519907e-05  0.00000000e+00  4.40519907e-05  1.20000000e+00 
 4.41519907e-05  9.34087162e-01  4.41519907e-05  6.80053796e-01  4.41519907e-05  1.85642496e-06  4.41519907e-05 -2.47678520e-07  4.41519907e-05  6.75379788e-06  4.41519907e-05  0.00000000e+00  4.41519907e-05  1.20000000e+00 
 4.42519907e-05  9.29880743e-01  4.42519907e-05  6.80088076e-01  4.42519907e-05  1.93387760e-06  4.42519907e-05  2.47716352e-07  4.42519907e-05 -5.82758446e-06  4.42519907e-05  0.00000000e+00  4.42519907e-05  1.20000000e+00 
 4.43519907e-05  9.25674118e-01  4.43519907e-05  6.80054068e-01  4.43519907e-05  1.85642470e-06  4.43519907e-05 -2.47670065e-07  4.43519907e-05  6.75377210e-06  4.43519907e-05  0.00000000e+00  4.43519907e-05  1.20000000e+00 
 4.44519907e-05  9.21467763e-01  4.44519907e-05  6.80088506e-01  4.44519907e-05  1.93387785e-06  4.44519907e-05  2.47707861e-07  4.44519907e-05 -5.82757934e-06  4.44519907e-05  0.00000000e+00  4.44519907e-05  1.20000000e+00 
 4.45519907e-05  9.17261200e-01  4.45519907e-05  6.80054291e-01  4.45519907e-05  1.85642445e-06  4.45519907e-05 -2.47661518e-07  4.45519907e-05  6.75374550e-06  4.45519907e-05  0.00000000e+00  4.45519907e-05  1.20000000e+00 
 4.46519907e-05  9.13054914e-01  4.46519907e-05  6.80088873e-01  4.46519907e-05  1.93387810e-06  4.46519907e-05  2.47699285e-07  4.46519907e-05 -5.82757458e-06  4.46519907e-05  0.00000000e+00  4.46519907e-05  1.20000000e+00 
 4.47519907e-05  9.08848420e-01  4.47519907e-05  6.80054474e-01  4.47519907e-05  1.85642421e-06  4.47519907e-05 -2.47652896e-07  4.47519907e-05  6.75371787e-06  4.47519907e-05  0.00000000e+00  4.47519907e-05  1.20000000e+00 
 4.48519907e-05  9.04642215e-01  4.48519907e-05  6.80089174e-01  4.48519907e-05  1.93387835e-06  4.48519907e-05  2.47690642e-07  4.48519907e-05 -5.82757055e-06  4.48519907e-05  0.00000000e+00  4.48519907e-05  1.20000000e+00 
 4.49519907e-05  9.00435803e-01  4.49519907e-05  6.80054626e-01  4.49519907e-05  1.85642396e-06  4.49519907e-05 -2.47644218e-07  4.49519907e-05  6.75368891e-06  4.49519907e-05  0.00000000e+00  4.49519907e-05  1.20000000e+00 
 4.50519907e-05  8.96229694e-01  4.50519907e-05  6.80089410e-01  4.50519907e-05  1.93387859e-06  4.50519907e-05  2.47681954e-07  4.50519907e-05 -5.82756775e-06  4.50519907e-05  0.00000000e+00  4.50519907e-05  1.20000000e+00 
 4.51519907e-05  8.92023384e-01  4.51519907e-05  6.80054755e-01  4.51519907e-05  1.85642372e-06  4.51519907e-05 -2.47635506e-07  4.51519907e-05  6.75365820e-06  4.51519907e-05  0.00000000e+00  4.51519907e-05  1.20000000e+00 
 4.52519907e-05  8.87817396e-01  4.52519907e-05  6.80089580e-01  4.52519907e-05  1.93387882e-06  4.52519907e-05  2.47673243e-07  4.52519907e-05 -5.82756686e-06  4.52519907e-05  0.00000000e+00  4.52519907e-05  1.20000000e+00 
 4.53519907e-05  8.83611214e-01  4.53519907e-05  6.80054869e-01  4.53519907e-05  1.85642349e-06  4.53519907e-05 -2.47626786e-07  4.53519907e-05  6.75362519e-06  4.53519907e-05  0.00000000e+00  4.53519907e-05  1.20000000e+00 
 4.54519907e-05  8.79405381e-01  4.54519907e-05  6.80089686e-01  4.54519907e-05  1.93387906e-06  4.54519907e-05  2.47664538e-07  4.54519907e-05 -5.82756874e-06  4.54519907e-05  0.00000000e+00  4.54519907e-05  1.20000000e+00 
 4.55519907e-05  8.75199364e-01  4.55519907e-05  6.80054974e-01  4.55519907e-05  1.85642326e-06  4.55519907e-05 -2.47618085e-07  4.55519907e-05  6.75358914e-06  4.55519907e-05  0.00000000e+00  4.55519907e-05  1.20000000e+00 
 4.56519907e-05  8.70993732e-01  4.56519907e-05  6.80089728e-01  4.56519907e-05  1.93387929e-06  4.56519907e-05  2.47655864e-07  4.56519907e-05 -5.82757444e-06  4.56519907e-05  0.00000000e+00  4.56519907e-05  1.20000000e+00 
 4.57519907e-05  8.66787929e-01  4.57519907e-05  6.80055074e-01  4.57519907e-05  1.85642303e-06  4.57519907e-05 -2.47609430e-07  4.57519907e-05  6.75354921e-06  4.57519907e-05  0.00000000e+00  4.57519907e-05  1.20000000e+00 
 4.58519907e-05  8.62582555e-01  4.58519907e-05  6.80089707e-01  4.58519907e-05  1.93387952e-06  4.58519907e-05  2.47647252e-07  4.58519907e-05 -5.82758520e-06  4.58519907e-05  0.00000000e+00  4.58519907e-05  1.20000000e+00 
 4.59519907e-05  8.58377025e-01  4.59519907e-05  6.80055176e-01  4.59519907e-05  1.85642280e-06  4.59519907e-05 -2.47600851e-07  4.59519907e-05  6.75350443e-06  4.59519907e-05  0.00000000e+00  4.59519907e-05  1.20000000e+00 
 4.60519907e-05  8.54171979e-01  4.60519907e-05  6.80089623e-01  4.60519907e-05  1.93387974e-06  4.60519907e-05  2.47638729e-07  4.60519907e-05 -5.82760238e-06  4.60519907e-05  0.00000000e+00  4.60519907e-05  1.20000000e+00 
 4.61519907e-05  8.49966794e-01  4.61519907e-05  6.80055280e-01  4.61519907e-05  1.85642258e-06  4.61519907e-05 -2.47592377e-07  4.61519907e-05  6.75345376e-06  4.61519907e-05  0.00000000e+00  4.61519907e-05  1.20000000e+00 
 4.62519907e-05  8.45762159e-01  4.62519907e-05  6.80089478e-01  4.62519907e-05  1.93387997e-06  4.62519907e-05  2.47630325e-07  4.62519907e-05 -5.82762739e-06  4.62519907e-05  0.00000000e+00  4.62519907e-05  1.20000000e+00 
 4.63519907e-05  8.41557403e-01  4.63519907e-05  6.80055392e-01  4.63519907e-05  1.85642235e-06  4.63519907e-05 -2.47584036e-07  4.63519907e-05  6.75339614e-06  4.63519907e-05  0.00000000e+00  4.63519907e-05  1.20000000e+00 
 4.64519907e-05  8.37353273e-01  4.64519907e-05  6.80089272e-01  4.64519907e-05  1.93388019e-06  4.64519907e-05  2.47622069e-07  4.64519907e-05 -5.82766163e-06  4.64519907e-05  0.00000000e+00  4.64519907e-05  1.20000000e+00 
 4.65519907e-05  8.33149039e-01  4.65519907e-05  6.80055514e-01  4.65519907e-05  1.85642213e-06  4.65519907e-05 -2.47575858e-07  4.65519907e-05  6.75333062e-06  4.65519907e-05  0.00000000e+00  4.65519907e-05  1.20000000e+00 
 4.66519907e-05  8.28945518e-01  4.66519907e-05  6.80089011e-01  4.66519907e-05  1.93388042e-06  4.66519907e-05  2.47613987e-07  4.66519907e-05 -5.82770636e-06  4.66519907e-05  0.00000000e+00  4.66519907e-05  1.20000000e+00 
 4.67519907e-05  8.24741909e-01  4.67519907e-05  6.80055649e-01  4.67519907e-05  1.85642190e-06  4.67519907e-05 -2.47567867e-07  4.67519907e-05  6.75325637e-06  4.67519907e-05  0.00000000e+00  4.67519907e-05  1.20000000e+00 
 4.68519907e-05  8.20539105e-01  4.68519907e-05  6.80088700e-01  4.68519907e-05  1.93388064e-06  4.68519907e-05  2.47606105e-07  4.68519907e-05 -5.82776253e-06  4.68519907e-05  0.00000000e+00  4.68519907e-05  1.20000000e+00 
 4.69519907e-05  8.16336228e-01  4.69519907e-05  6.80055801e-01  4.69519907e-05  1.85642168e-06  4.69519907e-05 -2.47560088e-07  4.69519907e-05  6.75317284e-06  4.69519907e-05  0.00000000e+00  4.69519907e-05  1.20000000e+00 
 4.70519907e-05  8.12134253e-01  4.70519907e-05  6.80088348e-01  4.70519907e-05  1.93388087e-06  4.70519907e-05  2.47598444e-07  4.70519907e-05 -5.82783074e-06  4.70519907e-05  0.00000000e+00  4.70519907e-05  1.20000000e+00 
 4.71519907e-05  8.07932215e-01  4.71519907e-05  6.80055972e-01  4.71519907e-05  1.85642145e-06  4.71519907e-05 -2.47552538e-07  4.71519907e-05  6.75307979e-06  4.71519907e-05  0.00000000e+00  4.71519907e-05  1.20000000e+00 
 4.72519907e-05  8.03731176e-01  4.72519907e-05  6.80087965e-01  4.72519907e-05  1.93388110e-06  4.72519907e-05  2.47591020e-07  4.72519907e-05 -5.82791114e-06  4.72519907e-05  0.00000000e+00  4.72519907e-05  1.20000000e+00 
 4.73519907e-05  7.99530081e-01  4.73519907e-05  6.80056163e-01  4.73519907e-05  1.85642122e-06  4.73519907e-05 -2.47545234e-07  4.73519907e-05  6.75297728e-06  4.73519907e-05  0.00000000e+00  4.73519907e-05  1.20000000e+00 
 4.74519907e-05  7.95330081e-01  4.74519907e-05  6.80087562e-01  4.74519907e-05  1.93388133e-06  4.74519907e-05  2.47583844e-07  4.74519907e-05 -5.82800343e-06  4.74519907e-05  0.00000000e+00  4.74519907e-05  1.20000000e+00 
 4.75519907e-05  7.91130027e-01  4.75519907e-05  6.80056374e-01  4.75519907e-05  1.85642099e-06  4.75519907e-05 -2.47538183e-07  4.75519907e-05  6.75286564e-06  4.75519907e-05  0.00000000e+00  4.75519907e-05  1.20000000e+00 
 4.76519907e-05  7.86931159e-01  4.76519907e-05  6.80087152e-01  4.76519907e-05  1.93388157e-06  4.76519907e-05  2.47576924e-07  4.76519907e-05 -5.82810699e-06  4.76519907e-05  0.00000000e+00  4.76519907e-05  1.20000000e+00 
 4.77519907e-05  7.82732234e-01  4.77519907e-05  6.80056602e-01  4.77519907e-05  1.85642075e-06  4.77519907e-05 -2.47531386e-07  4.77519907e-05  6.75274539e-06  4.77519907e-05  0.00000000e+00  4.77519907e-05  1.20000000e+00 
 4.78519907e-05  7.78534582e-01  4.78519907e-05  6.80086741e-01  4.78519907e-05  1.93388181e-06  4.78519907e-05  2.47570257e-07  4.78519907e-05 -5.82822094e-06  4.78519907e-05  0.00000000e+00  4.78519907e-05  1.20000000e+00 
 4.79519907e-05  7.74336866e-01  4.79519907e-05  6.80056843e-01  4.79519907e-05  1.85642050e-06  4.79519907e-05 -2.47524842e-07  4.79519907e-05  6.75261719e-06  4.79519907e-05  0.00000000e+00  4.79519907e-05  1.20000000e+00 
 4.80519907e-05  7.70140500e-01  4.80519907e-05  6.80086340e-01  4.80519907e-05  1.93388205e-06  4.80519907e-05  2.47563838e-07  4.80519907e-05 -5.82834428e-06  4.80519907e-05  0.00000000e+00  4.80519907e-05  1.20000000e+00 
 4.81519907e-05  7.65944064e-01  4.81519907e-05  6.80057093e-01  4.81519907e-05  1.85642026e-06  4.81519907e-05 -2.47518542e-07  4.81519907e-05  6.75248171e-06  4.81519907e-05  0.00000000e+00  4.81519907e-05  1.20000000e+00 
 4.82519907e-05  7.61749047e-01  4.82519907e-05  6.80085952e-01  4.82519907e-05  1.93388231e-06  4.82519907e-05  2.47557658e-07  4.82519907e-05 -5.82847599e-06  4.82519907e-05  0.00000000e+00  4.82519907e-05  1.20000000e+00 
 4.83519907e-05  7.57553952e-01  4.83519907e-05  6.80057346e-01  4.83519907e-05  1.85642000e-06  4.83519907e-05 -2.47512474e-07  4.83519907e-05  6.75233962e-06  4.83519907e-05  0.00000000e+00  4.83519907e-05  1.20000000e+00 
 4.84519907e-05  7.53360337e-01  4.84519907e-05  6.80085582e-01  4.84519907e-05  1.93388256e-06  4.84519907e-05  2.47551703e-07  4.84519907e-05 -5.82861511e-06  4.84519907e-05  0.00000000e+00  4.84519907e-05  1.20000000e+00 
 4.85519907e-05  7.49166637e-01  4.85519907e-05  6.80057600e-01  4.85519907e-05  1.85641975e-06  4.85519907e-05 -2.47506623e-07  4.85519907e-05  6.75219152e-06  4.85519907e-05  0.00000000e+00  4.85519907e-05  1.20000000e+00 
 4.86519907e-05  7.44974472e-01  4.86519907e-05  6.80085231e-01  4.86519907e-05  1.93388282e-06  4.86519907e-05  2.47545958e-07  4.86519907e-05 -5.82876075e-06  4.86519907e-05  0.00000000e+00  4.86519907e-05  1.20000000e+00 
 4.87519907e-05  7.40782212e-01  4.87519907e-05  6.80057849e-01  4.87519907e-05  1.85641948e-06  4.87519907e-05 -2.47500974e-07  4.87519907e-05  6.75203797e-06  4.87519907e-05  0.00000000e+00  4.87519907e-05  1.20000000e+00 
 4.88519907e-05  7.36591538e-01  4.88519907e-05  6.80084901e-01  4.88519907e-05  1.93388309e-06  4.88519907e-05  2.47540407e-07  4.88519907e-05 -5.82891215e-06  4.88519907e-05  0.00000000e+00  4.88519907e-05  1.20000000e+00 
 4.89519907e-05  7.32400761e-01  4.89519907e-05  6.80058093e-01  4.89519907e-05  1.85641922e-06  4.89519907e-05 -2.47495512e-07  4.89519907e-05  6.75187945e-06  4.89519907e-05  0.00000000e+00  4.89519907e-05  1.20000000e+00 
 4.90519907e-05  7.28211613e-01  4.90519907e-05  6.80084590e-01  4.90519907e-05  1.93388336e-06  4.90519907e-05  2.47535035e-07  4.90519907e-05 -5.82906864e-06  4.90519907e-05  0.00000000e+00  4.90519907e-05  1.20000000e+00 
 4.91519907e-05  7.24022356e-01  4.91519907e-05  6.80058328e-01  4.91519907e-05  1.85641894e-06  4.91519907e-05 -2.47490220e-07  4.91519907e-05  6.75171638e-06  4.91519907e-05  0.00000000e+00  4.91519907e-05  1.20000000e+00 
 4.92519907e-05  7.19834766e-01  4.92519907e-05  6.80084299e-01  4.92519907e-05  1.93388363e-06  4.92519907e-05  2.47529826e-07  4.92519907e-05 -5.82922968e-06  4.92519907e-05  0.00000000e+00  4.92519907e-05  1.20000000e+00 
 4.93519907e-05  7.15647063e-01  4.93519907e-05  6.80058554e-01  4.93519907e-05  1.85641867e-06  4.93519907e-05 -2.47485084e-07  4.93519907e-05  6.75154911e-06  4.93519907e-05  0.00000000e+00  4.93519907e-05  1.20000000e+00 
 4.94519907e-05  7.11461060e-01  4.94519907e-05  6.80084025e-01  4.94519907e-05  1.93388391e-06  4.94519907e-05  2.47524766e-07  4.94519907e-05 -5.82939480e-06  4.94519907e-05  0.00000000e+00  4.94519907e-05  1.20000000e+00 
 4.95519907e-05  7.07274941e-01  4.95519907e-05  6.80058771e-01  4.95519907e-05  1.85641839e-06  4.95519907e-05 -2.47480092e-07  4.95519907e-05  6.75137795e-06  4.95519907e-05  0.00000000e+00  4.95519907e-05  1.20000000e+00 
 4.96519907e-05  7.03090554e-01  4.96519907e-05  6.80083768e-01  4.96519907e-05  1.93388419e-06  4.96519907e-05  2.47519844e-07  4.96519907e-05 -5.82956362e-06  4.96519907e-05  0.00000000e+00  4.96519907e-05  1.20000000e+00 
 4.97519907e-05  6.98906046e-01  4.97519907e-05  6.80058978e-01  4.97519907e-05  1.85641810e-06  4.97519907e-05 -2.47475231e-07  4.97519907e-05  6.75120315e-06  4.97519907e-05  0.00000000e+00  4.97519907e-05  1.20000000e+00 
 4.98519907e-05  6.94723299e-01  4.98519907e-05  6.80083527e-01  4.98519907e-05  1.93388448e-06  4.98519907e-05  2.47515047e-07  4.98519907e-05 -5.82973582e-06  4.98519907e-05  0.00000000e+00  4.98519907e-05  1.20000000e+00 
 4.99519907e-05  6.90540430e-01  4.99519907e-05  6.80059175e-01  4.99519907e-05  1.85641781e-06  4.99519907e-05 -2.47470490e-07  4.99519907e-05  6.75102494e-06  4.99519907e-05  0.00000000e+00  4.99519907e-05  1.20000000e+00 
 5.00519907e-05  6.86359346e-01  5.00519907e-05  6.80083300e-01  5.00519907e-05  1.93388477e-06  5.00519907e-05  2.47510367e-07  5.00519907e-05 -5.82991113e-06  5.00519907e-05  0.00000000e+00  5.00519907e-05  1.20000000e+00 
 5.01519907e-05  6.82178140e-01  5.01519907e-05  6.80059363e-01  5.01519907e-05  1.85641752e-06  5.01519907e-05 -2.47465862e-07  5.01519907e-05  6.75084350e-06  5.01519907e-05  0.00000000e+00  5.01519907e-05  1.20000000e+00 
 5.02519907e-05  6.77998743e-01  5.02519907e-05  6.80083086e-01  5.02519907e-05  1.93388506e-06  5.02519907e-05  2.47505795e-07  5.02519907e-05 -5.83008934e-06  5.02519907e-05  0.00000000e+00  5.02519907e-05  1.20000000e+00 
 5.03519907e-05  6.73819223e-01  5.03519907e-05  6.80059543e-01  5.03519907e-05  1.85641723e-06  5.03519907e-05 -2.47461337e-07  5.03519907e-05  6.75065901e-06  5.03519907e-05  0.00000000e+00  5.03519907e-05  1.20000000e+00 
 5.04519907e-05  6.69641534e-01  5.04519907e-05  6.80082883e-01  5.04519907e-05  1.93388536e-06  5.04519907e-05  2.47501323e-07  5.04519907e-05 -5.83027025e-06  5.04519907e-05  0.00000000e+00  5.04519907e-05  1.20000000e+00 
 5.05519907e-05  6.65463723e-01  5.05519907e-05  6.80059713e-01  5.05519907e-05  1.85641693e-06  5.05519907e-05 -2.47456910e-07  5.05519907e-05  6.75047159e-06  5.05519907e-05  0.00000000e+00  5.05519907e-05  1.20000000e+00 
 5.06519907e-05  6.61287763e-01  5.06519907e-05  6.80082691e-01  5.06519907e-05  1.93388566e-06  5.06519907e-05  2.47496945e-07  5.06519907e-05 -5.83045372e-06  5.06519907e-05  0.00000000e+00  5.06519907e-05  1.20000000e+00 
 5.07519907e-05  6.57111681e-01  5.07519907e-05  6.80059876e-01  5.07519907e-05  1.85641663e-06  5.07519907e-05 -2.47452575e-07  5.07519907e-05  6.75028139e-06  5.07519907e-05  0.00000000e+00  5.07519907e-05  1.20000000e+00 
 5.08519907e-05  6.52937470e-01  5.08519907e-05  6.80082509e-01  5.08519907e-05  1.93388596e-06  5.08519907e-05  2.47492657e-07  5.08519907e-05 -5.83063960e-06  5.08519907e-05  0.00000000e+00  5.08519907e-05  1.20000000e+00 
 5.09519907e-05  6.48763139e-01  5.09519907e-05  6.80060031e-01  5.09519907e-05  1.85641633e-06  5.09519907e-05 -2.47448326e-07  5.09519907e-05  6.75008852e-06  5.09519907e-05  0.00000000e+00  5.09519907e-05  1.20000000e+00 
 5.10519907e-05  6.44590696e-01  5.10519907e-05  6.80082336e-01  5.10519907e-05  1.93388626e-06  5.10519907e-05  2.47488453e-07  5.10519907e-05 -5.83082777e-06  5.10519907e-05  0.00000000e+00  5.10519907e-05  1.20000000e+00 
 5.11519907e-05  6.40418135e-01  5.11519907e-05  6.80060178e-01  5.11519907e-05  1.85641603e-06  5.11519907e-05 -2.47444159e-07  5.11519907e-05  6.74989308e-06  5.11519907e-05  0.00000000e+00  5.11519907e-05  1.20000000e+00 
 5.12519907e-05  6.36247480e-01  5.12519907e-05  6.80082171e-01  5.12519907e-05  1.93388656e-06  5.12519907e-05  2.47484329e-07  5.12519907e-05 -5.83101813e-06  5.12519907e-05  0.00000000e+00  5.12519907e-05  1.20000000e+00 
 5.13519907e-05  6.32076708e-01  5.13519907e-05  6.80060319e-01  5.13519907e-05  1.85641573e-06  5.13519907e-05 -2.47440072e-07  5.13519907e-05  6.74969517e-06  5.13519907e-05  0.00000000e+00  5.13519907e-05  1.20000000e+00 
 5.14519907e-05  6.27907858e-01  5.14519907e-05  6.80082014e-01  5.14519907e-05  1.93388687e-06  5.14519907e-05  2.47480283e-07  5.14519907e-05 -5.83121057e-06  5.14519907e-05  0.00000000e+00  5.14519907e-05  1.20000000e+00 
 5.15519907e-05  6.23738894e-01  5.15519907e-05  6.80060454e-01  5.15519907e-05  1.85641542e-06  5.15519907e-05 -2.47436060e-07  5.15519907e-05  6.74949489e-06  5.15519907e-05  0.00000000e+00  5.15519907e-05  1.20000000e+00 
 5.16519907e-05  6.19571867e-01  5.16519907e-05  6.80081863e-01  5.16519907e-05  1.93388717e-06  5.16519907e-05  2.47476311e-07  5.16519907e-05 -5.83140501e-06  5.16519907e-05  0.00000000e+00  5.16519907e-05  1.20000000e+00 
 5.17519907e-05  6.15404729e-01  5.17519907e-05  6.80060583e-01  5.17519907e-05  1.85641511e-06  5.17519907e-05 -2.47432121e-07  5.17519907e-05  6.74929233e-06  5.17519907e-05  0.00000000e+00  5.17519907e-05  1.20000000e+00 
 5.18519907e-05  6.11239542e-01  5.18519907e-05  6.80081720e-01  5.18519907e-05  1.93388748e-06  5.18519907e-05  2.47472411e-07  5.18519907e-05 -5.83160136e-06  5.18519907e-05  0.00000000e+00  5.18519907e-05  1.20000000e+00 
 5.19519907e-05  6.07074247e-01  5.19519907e-05  6.80060705e-01  5.19519907e-05  1.85641481e-06  5.19519907e-05 -2.47428253e-07  5.19519907e-05  6.74908757e-06  5.19519907e-05  0.00000000e+00  5.19519907e-05  1.20000000e+00 
 5.20519907e-05  6.02910916e-01  5.20519907e-05  6.80081583e-01  5.20519907e-05  1.93388779e-06  5.20519907e-05  2.47468581e-07  5.20519907e-05 -5.83179953e-06  5.20519907e-05  0.00000000e+00  5.20519907e-05  1.20000000e+00 
 5.21519907e-05  5.98747481e-01  5.21519907e-05  6.80060823e-01  5.21519907e-05  1.85641450e-06  5.21519907e-05 -2.47424454e-07  5.21519907e-05  6.74888071e-06  5.21519907e-05  0.00000000e+00  5.21519907e-05  1.20000000e+00 
 5.22519907e-05  5.94586023e-01  5.22519907e-05  6.80081451e-01  5.22519907e-05  1.93388810e-06  5.22519907e-05  2.47464819e-07  5.22519907e-05 -5.83199945e-06  5.22519907e-05  0.00000000e+00  5.22519907e-05  1.20000000e+00 
 5.23519907e-05  5.90424464e-01  5.23519907e-05  6.80060935e-01  5.23519907e-05  1.85641419e-06  5.23519907e-05 -2.47420721e-07  5.23519907e-05  6.74867182e-06  5.23519907e-05  0.00000000e+00  5.23519907e-05  1.20000000e+00 
 5.24519907e-05  5.86264893e-01  5.24519907e-05  6.80081325e-01  5.24519907e-05  1.93388841e-06  5.24519907e-05  2.47461122e-07  5.24519907e-05 -5.83220104e-06  5.24519907e-05  0.00000000e+00  5.24519907e-05  1.20000000e+00 
 5.25519907e-05  5.82105225e-01  5.25519907e-05  6.80061042e-01  5.25519907e-05  1.85641388e-06  5.25519907e-05 -2.47417054e-07  5.25519907e-05  6.74846100e-06  5.25519907e-05  0.00000000e+00  5.25519907e-05  1.20000000e+00 
 5.26519907e-05  5.77947557e-01  5.26519907e-05  6.80081204e-01  5.26519907e-05  1.93388872e-06  5.26519907e-05  2.47457489e-07  5.26519907e-05 -5.83240421e-06  5.26519907e-05  0.00000000e+00  5.26519907e-05  1.20000000e+00 
 5.27519907e-05  5.73789795e-01  5.27519907e-05  6.80061145e-01  5.27519907e-05  1.85641357e-06  5.27519907e-05 -2.47413450e-07  5.27519907e-05  6.74824832e-06  5.27519907e-05  0.00000000e+00  5.27519907e-05  1.20000000e+00 
 5.28519907e-05  5.69634044e-01  5.28519907e-05  6.80081088e-01  5.28519907e-05  1.93388903e-06  5.28519907e-05  2.47453920e-07  5.28519907e-05 -5.83260890e-06  5.28519907e-05  0.00000000e+00  5.28519907e-05  1.20000000e+00 
 5.29519907e-05  5.65478202e-01  5.29519907e-05  6.80061243e-01  5.29519907e-05  1.85641326e-06  5.29519907e-05 -2.47409908e-07  5.29519907e-05  6.74803387e-06  5.29519907e-05  0.00000000e+00  5.29519907e-05  1.20000000e+00 
 5.30519907e-05  5.61324381e-01  5.30519907e-05  6.80080976e-01  5.30519907e-05  1.93388934e-06  5.30519907e-05  2.47450411e-07  5.30519907e-05 -5.83281504e-06  5.30519907e-05  0.00000000e+00  5.30519907e-05  1.20000000e+00 
 5.31519907e-05  5.57170473e-01  5.31519907e-05  6.80061336e-01  5.31519907e-05  1.85641295e-06  5.31519907e-05 -2.47406426e-07  5.31519907e-05  6.74781770e-06  5.31519907e-05  0.00000000e+00  5.31519907e-05  1.20000000e+00 
 5.32519907e-05  5.53018596e-01  5.32519907e-05  6.80080869e-01  5.32519907e-05  1.93388965e-06  5.32519907e-05  2.47446963e-07  5.32519907e-05 -5.83302257e-06  5.32519907e-05  0.00000000e+00  5.32519907e-05  1.20000000e+00 
 5.33519907e-05  5.48866636e-01  5.33519907e-05  6.80061425e-01  5.33519907e-05  1.85641264e-06  5.33519907e-05 -2.47403004e-07  5.33519907e-05  6.74759988e-06  5.33519907e-05  0.00000000e+00  5.33519907e-05  1.20000000e+00 
 5.34519907e-05  5.44716716e-01  5.34519907e-05  6.80080766e-01  5.34519907e-05  1.93388996e-06  5.34519907e-05  2.47443573e-07  5.34519907e-05 -5.83323146e-06  5.34519907e-05  0.00000000e+00  5.34519907e-05  1.20000000e+00 
 5.35519907e-05  5.40566715e-01  5.35519907e-05  6.80061510e-01  5.35519907e-05  1.85641233e-06  5.35519907e-05 -2.47399640e-07  5.35519907e-05  6.74738043e-06  5.35519907e-05  0.00000000e+00  5.35519907e-05  1.20000000e+00 
 5.36519907e-05  5.36418765e-01  5.36519907e-05  6.80080666e-01  5.36519907e-05  1.93389027e-06  5.36519907e-05  2.47440241e-07  5.36519907e-05 -5.83344171e-06  5.36519907e-05  0.00000000e+00  5.36519907e-05  1.20000000e+00 
 5.37519907e-05  5.32270737e-01  5.37519907e-05  6.80061591e-01  5.37519907e-05  1.85641202e-06  5.37519907e-05 -2.47396333e-07  5.37519907e-05  6.74715933e-06  5.37519907e-05  0.00000000e+00  5.37519907e-05  1.20000000e+00 
 5.38519907e-05  5.28124770e-01  5.38519907e-05  6.80080570e-01  5.38519907e-05  1.93389058e-06  5.38519907e-05  2.47436964e-07  5.38519907e-05 -5.83365336e-06  5.38519907e-05  0.00000000e+00  5.38519907e-05  1.20000000e+00 
 5.39519907e-05  5.23978730e-01  5.39519907e-05  6.80061667e-01  5.39519907e-05  1.85641171e-06  5.39519907e-05 -2.47393081e-07  5.39519907e-05  6.74693651e-06  5.39519907e-05  0.00000000e+00  5.39519907e-05  1.20000000e+00 
 5.40519907e-05  5.19834760e-01  5.40519907e-05  6.80080478e-01  5.40519907e-05  1.93389089e-06  5.40519907e-05  2.47433743e-07  5.40519907e-05 -5.83386655e-06  5.40519907e-05  0.00000000e+00  5.40519907e-05  1.20000000e+00 
 5.41519907e-05  5.15690723e-01  5.41519907e-05  6.80061738e-01  5.41519907e-05  1.85641140e-06  5.41519907e-05 -2.47389884e-07  5.41519907e-05  6.74671177e-06  5.41519907e-05  0.00000000e+00  5.41519907e-05  1.20000000e+00 
 5.42519907e-05  5.11548766e-01  5.42519907e-05  6.80080388e-01  5.42519907e-05  1.93389120e-06  5.42519907e-05  2.47430576e-07  5.42519907e-05 -5.83408153e-06  5.42519907e-05  0.00000000e+00  5.42519907e-05  1.20000000e+00 
 5.43519907e-05  5.07406750e-01  5.43519907e-05  6.80061805e-01  5.43519907e-05  1.85641109e-06  5.43519907e-05 -2.47386740e-07  5.43519907e-05  6.74648478e-06  5.43519907e-05  0.00000000e+00  5.43519907e-05  1.20000000e+00 
 5.44519907e-05  5.03266827e-01  5.44519907e-05  6.80080299e-01  5.44519907e-05  1.93389150e-06  5.44519907e-05  2.47427461e-07  5.44519907e-05 -5.83429878e-06  5.44519907e-05  0.00000000e+00  5.44519907e-05  1.20000000e+00 
 5.45519907e-05  4.99126855e-01  5.45519907e-05  6.80061866e-01  5.45519907e-05  1.85641078e-06  5.45519907e-05 -2.47383647e-07  5.45519907e-05  6.74625492e-06  5.45519907e-05  0.00000000e+00  5.45519907e-05  1.20000000e+00 
 5.46519907e-05  4.94988993e-01  5.46519907e-05  6.80080212e-01  5.46519907e-05  1.93389181e-06  5.46519907e-05  2.47424397e-07  5.46519907e-05 -5.83451904e-06  5.46519907e-05  0.00000000e+00  5.46519907e-05  1.20000000e+00 
 5.47519907e-05  4.90851096e-01  5.47519907e-05  6.80061920e-01  5.47519907e-05  1.85641047e-06  5.47519907e-05 -2.47380605e-07  5.47519907e-05  6.74602121e-06  5.47519907e-05  0.00000000e+00  5.47519907e-05  1.20000000e+00 
 5.48519907e-05  4.86715331e-01  5.48519907e-05  6.80080125e-01  5.48519907e-05  1.93389212e-06  5.48519907e-05  2.47421383e-07  5.48519907e-05 -5.83474357e-06  5.48519907e-05  0.00000000e+00  5.48519907e-05  1.20000000e+00 
 5.49260004e-05  4.83654215e-01  5.49260004e-05  6.80061975e-01  5.49260004e-05  1.85641011e-06  5.49260004e-05 -2.47377090e-07  5.49260004e-05  6.74581121e-06  5.49260004e-05  0.00000000e+00  5.49260004e-05  1.20000000e+00 
 5.50000100e-05  4.80594770e-01  5.50000100e-05  6.80080021e-01  5.50000100e-05  1.93389253e-06  5.50000100e-05  2.47417383e-07  5.50000100e-05 -5.83491030e-06  5.50000100e-05  0.00000000e+00  5.50000100e-05  1.20000000e+00 
 5.50000110e-05  4.80563765e-01  5.50000110e-05  6.77277858e-01  5.50000110e-05  2.52564914e-06  5.50000110e-05  4.31482640e-06  5.50000110e-05 -1.22955473e-04  5.50000110e-05  0.00000000e+00  5.50000110e-05  1.08000000e+00 
 5.50000130e-05  4.80506108e-01  5.50000130e-05  6.67852761e-01  5.50000130e-05  3.12103351e-06  5.50000130e-05  1.01945856e-05  5.50000130e-05 -2.02221074e-04  5.50000130e-05  0.00000000e+00  5.50000130e-05  8.40000000e-01 
 5.50000165e-05  4.80446582e-01  5.50000165e-05  6.49771892e-01  5.50000165e-05  2.52928722e-06  5.50000165e-05  5.70276242e-06  5.50000165e-05 -1.17088519e-04  5.50000165e-05  0.00000000e+00  5.50000165e-05  4.20000000e-01 
 5.50000200e-05  4.80420958e-01  5.50000200e-05  6.44232716e-01  5.50000200e-05  2.04054779e-06  5.50000200e-05 -3.62383887e-07  5.50000200e-05 -1.44564172e-05  5.50000200e-05  0.00000000e+00  5.50000200e-05  0.00000000e+00 
 5.50000207e-05  4.80420769e-01  5.50000207e-05  6.44605633e-01  5.50000207e-05  1.96711901e-06  5.50000207e-05 -4.06932710e-07  5.50000207e-05 -6.17784775e-06  5.50000207e-05  0.00000000e+00  5.50000207e-05  0.00000000e+00 
 5.50000221e-05  4.80420836e-01  5.50000221e-05  6.45408904e-01  5.50000221e-05  1.95268864e-06  5.50000221e-05 -5.44303053e-07  5.50000221e-05 -6.35838114e-07  5.50000221e-05  0.00000000e+00  5.50000221e-05  0.00000000e+00 
 5.50000249e-05  4.80421019e-01  5.50000249e-05  6.46655361e-01  5.50000249e-05  1.99773391e-06  5.50000249e-05 -8.81333785e-08  5.50000249e-05 -5.09103498e-06  5.50000249e-05  0.00000000e+00  5.50000249e-05  0.00000000e+00 
 5.50000305e-05  4.80421235e-01  5.50000305e-05  6.48305572e-01  5.50000305e-05  1.97153390e-06  5.50000305e-05 -1.83526507e-07  5.50000305e-05 -1.43500897e-07  5.50000305e-05  0.00000000e+00  5.50000305e-05  0.00000000e+00 
 5.50000417e-05  4.80421618e-01  5.50000417e-05  6.50246631e-01  5.50000417e-05  1.96791515e-06  5.50000417e-05  1.62288939e-07  5.50000417e-05 -3.99077154e-06  5.50000417e-05  0.00000000e+00  5.50000417e-05  0.00000000e+00 
 5.50000641e-05  4.80422119e-01  5.50000641e-05  6.51910441e-01  5.50000641e-05  1.90565941e-06  5.50000641e-05  1.39969917e-09  5.50000641e-05  1.13855985e-06  5.50000641e-05  0.00000000e+00  5.50000641e-05  0.00000000e+00 
 5.50001089e-05  4.80422989e-01  5.50001089e-05  6.53451760e-01  5.50001089e-05  1.90640350e-06  5.50001089e-05  2.06775020e-07  5.50001089e-05 -2.20916084e-06  5.50001089e-05  0.00000000e+00  5.50001089e-05  0.00000000e+00 
 5.50001985e-05  4.80424370e-01  5.50001985e-05  6.55490850e-01  5.50001985e-05  1.87474427e-06  5.50001985e-05  1.79878284e-09  5.50001985e-05  2.14139600e-06  5.50001985e-05  0.00000000e+00  5.50001985e-05  0.00000000e+00 
 5.50003777e-05  4.80426478e-01  5.50003777e-05  6.58477284e-01  5.50003777e-05  1.90129332e-06  5.50003777e-05  1.87063646e-07  5.50003777e-05 -2.11254351e-06  5.50003777e-05  0.00000000e+00  5.50003777e-05  0.00000000e+00 
 5.50007256e-05  4.80428803e-01  5.50007256e-05  6.61948371e-01  5.50007256e-05  1.87850857e-06  5.50007256e-05 -4.53787318e-08  5.50007256e-05  2.13725175e-06  5.50007256e-05  0.00000000e+00  5.50007256e-05  0.00000000e+00 
 5.50014214e-05  4.80430959e-01  5.50014214e-05  6.64723521e-01  5.50014214e-05  1.90681928e-06  5.50014214e-05  1.25662183e-07  5.50014214e-05 -2.09374236e-06  5.50014214e-05  0.00000000e+00  5.50014214e-05  0.00000000e+00 
 5.50028131e-05  4.80435003e-01  5.50028131e-05  6.65850337e-01  5.50028131e-05  1.88203554e-06  5.50028131e-05 -9.99257467e-08  5.50028131e-05  2.13980083e-06  5.50028131e-05  0.00000000e+00  5.50028131e-05  0.00000000e+00 
 5.50055964e-05  4.80446458e-01  5.50055964e-05  6.66800778e-01  5.50055964e-05  1.90763616e-06  5.50055964e-05  9.98719034e-08  5.50055964e-05 -2.09582597e-06  5.50055964e-05  0.00000000e+00  5.50055964e-05  0.00000000e+00 
 5.50111629e-05  4.80465858e-01  5.50111629e-05  6.70507178e-01  5.50111629e-05  1.88218771e-06  5.50111629e-05 -1.10969188e-07  5.50111629e-05  2.12624928e-06  5.50111629e-05  0.00000000e+00  5.50111629e-05  0.00000000e+00 
 5.50222961e-05  4.80492240e-01  5.50222961e-05  6.80099802e-01  5.50222961e-05  1.90779000e-06  5.50222961e-05  9.10207373e-08  5.50222961e-05 -2.12023800e-06  5.50222961e-05  0.00000000e+00  5.50222961e-05  0.00000000e+00 
 5.50414888e-05  4.80516576e-01  5.50414888e-05  6.80379654e-01  5.50414888e-05  1.88261748e-06  5.50414888e-05 -9.38072699e-08  5.50414888e-05  2.11920640e-06  5.50414888e-05  0.00000000e+00  5.50414888e-05  0.00000000e+00 
 5.50615776e-05  4.80526099e-01  5.50615776e-05  6.79658459e-01  5.50615776e-05  1.90767727e-06  5.50615776e-05  9.62138062e-08  5.50615776e-05 -2.11824611e-06  5.50615776e-05  0.00000000e+00  5.50615776e-05  0.00000000e+00 
 5.51017551e-05  4.80532345e-01  5.51017551e-05  6.80492368e-01  5.51017551e-05  1.88261582e-06  5.51017551e-05 -9.71586949e-08  5.51017551e-05  2.11806949e-06  5.51017551e-05  0.00000000e+00  5.51017551e-05  0.00000000e+00 
 5.51821100e-05  4.80532007e-01  5.51821100e-05  6.79658854e-01  5.51821100e-05  1.90769243e-06  5.51821100e-05  9.76426255e-08  5.51821100e-05 -2.11779482e-06  5.51821100e-05  0.00000000e+00  5.51821100e-05  0.00000000e+00 
 5.52821100e-05  4.80531769e-01  5.52821100e-05  6.80484357e-01  5.52821100e-05  1.88260474e-06  5.52821100e-05 -9.79313837e-08  5.52821100e-05  2.11782490e-06  5.52821100e-05  0.00000000e+00  5.52821100e-05  0.00000000e+00 
 5.53821100e-05  4.80530926e-01  5.53821100e-05  6.79669657e-01  5.53821100e-05  1.90770293e-06  5.53821100e-05  9.82842459e-08  5.53821100e-05 -2.11759127e-06  5.53821100e-05  0.00000000e+00  5.53821100e-05  0.00000000e+00 
 5.54821100e-05  4.80530779e-01  5.54821100e-05  6.80471212e-01  5.54821100e-05  1.88259382e-06  5.54821100e-05 -9.85329339e-08  5.54821100e-05  2.11763293e-06  5.54821100e-05  0.00000000e+00  5.54821100e-05  0.00000000e+00 
 5.55821100e-05  4.80529926e-01  5.55821100e-05  6.79684874e-01  5.55821100e-05  1.90771411e-06  5.55821100e-05  9.88473417e-08  5.55821100e-05 -2.11741022e-06  5.55821100e-05  0.00000000e+00  5.55821100e-05  0.00000000e+00 
 5.56821100e-05  4.80529757e-01  5.56821100e-05  6.80454581e-01  5.56821100e-05  1.88258249e-06  5.56821100e-05 -9.90592837e-08  5.56821100e-05  2.11746193e-06  5.56821100e-05  0.00000000e+00  5.56821100e-05  0.00000000e+00 
 5.57821100e-05  4.80528939e-01  5.57821100e-05  6.79702808e-01  5.57821100e-05  1.90772550e-06  5.57821100e-05  9.93386609e-08  5.57821100e-05 -2.11724872e-06  5.57821100e-05  0.00000000e+00  5.57821100e-05  0.00000000e+00 
 5.58821100e-05  4.80528732e-01  5.58821100e-05  6.80435898e-01  5.58821100e-05  1.88257109e-06  5.58821100e-05 -9.95173068e-08  5.58821100e-05  2.11730918e-06  5.58821100e-05  0.00000000e+00  5.58821100e-05  0.00000000e+00 
 5.59821100e-05  4.80527952e-01  5.59821100e-05  6.79722240e-01  5.59821100e-05  1.90773683e-06  5.59821100e-05  9.97651057e-08  5.59821100e-05 -2.11710424e-06  5.59821100e-05  0.00000000e+00  5.59821100e-05  0.00000000e+00 
 5.60821100e-05  4.80527708e-01  5.60821100e-05  6.80416187e-01  5.60821100e-05  1.88255988e-06  5.60821100e-05 -9.99138642e-08  5.60821100e-05  2.11717235e-06  5.60821100e-05  0.00000000e+00  5.60821100e-05  0.00000000e+00 
 5.61821100e-05  4.80526965e-01  5.61821100e-05  6.79742299e-01  5.61821100e-05  1.90774789e-06  5.61821100e-05  1.00133434e-07  5.61821100e-05 -2.11697462e-06  5.61821100e-05  0.00000000e+00  5.61821100e-05  0.00000000e+00 
 5.62821100e-05  4.80526684e-01  5.62821100e-05  6.80396171e-01  5.62821100e-05  1.88254900e-06  5.62821100e-05 -1.00255566e-07  5.62821100e-05  2.11704940e-06  5.62821100e-05  0.00000000e+00  5.62821100e-05  0.00000000e+00 
 5.63821100e-05  4.80525977e-01  5.63821100e-05  6.79762379e-01  5.63821100e-05  1.90775857e-06  5.63821100e-05  1.00450070e-07  5.63821100e-05 -2.11685799e-06  5.63821100e-05  0.00000000e+00  5.63821100e-05  0.00000000e+00 
 5.64821100e-05  4.80525662e-01  5.64821100e-05  6.80376355e-01  5.64821100e-05  1.88253854e-06  5.64821100e-05 -1.00548629e-07  5.64821100e-05  2.11693863e-06  5.64821100e-05  0.00000000e+00  5.64821100e-05  0.00000000e+00 
 5.65821100e-05  4.80524988e-01  5.65821100e-05  6.79782063e-01  5.65821100e-05  1.90776879e-06  5.65821100e-05  1.00721001e-07  5.65821100e-05 -2.11675274e-06  5.65821100e-05  0.00000000e+00  5.65821100e-05  0.00000000e+00 
 5.66821100e-05  4.80524641e-01  5.66821100e-05  6.80357078e-01  5.66821100e-05  1.88252857e-06  5.66821100e-05 -1.00798794e-07  5.66821100e-05  2.11683852e-06  5.66821100e-05  0.00000000e+00  5.66821100e-05  0.00000000e+00 
 5.67821100e-05  4.80523997e-01  5.67821100e-05  6.79801075e-01  5.67821100e-05  1.90777851e-06  5.67821100e-05  1.00951715e-07  5.67821100e-05 -2.11665749e-06  5.67821100e-05  0.00000000e+00  5.67821100e-05  0.00000000e+00 
 5.68821100e-05  4.80523622e-01  5.68821100e-05  6.80338560e-01  5.68821100e-05  1.88251910e-06  5.68821100e-05 -1.01011296e-07  5.68821100e-05  2.11674778e-06  5.68821100e-05  0.00000000e+00  5.68821100e-05  0.00000000e+00 
 5.69821100e-05  4.80523005e-01  5.69821100e-05  6.79819240e-01  5.69821100e-05  1.90778772e-06  5.69821100e-05  1.01147191e-07  5.69821100e-05 -2.11657101e-06  5.69821100e-05  0.00000000e+00  5.69821100e-05  0.00000000e+00 
 5.70821100e-05  4.80522604e-01  5.70821100e-05  6.80320937e-01  5.70821100e-05  1.88251015e-06  5.70821100e-05 -1.01190860e-07  5.70821100e-05  2.11666528e-06  5.70821100e-05  0.00000000e+00  5.70821100e-05  0.00000000e+00 
 5.71821100e-05  4.80522012e-01  5.71821100e-05  6.79836457e-01  5.71821100e-05  1.90779642e-06  5.71821100e-05  1.01311904e-07  5.71821100e-05 -2.11649227e-06  5.71821100e-05  0.00000000e+00  5.71821100e-05  0.00000000e+00 
 5.72821100e-05  4.80521588e-01  5.72821100e-05  6.80304283e-01  5.72821100e-05  1.88250171e-06  5.72821100e-05 -1.01341715e-07  5.72821100e-05  2.11659005e-06  5.72821100e-05  0.00000000e+00  5.72821100e-05  0.00000000e+00 
 5.73821100e-05  4.80521017e-01  5.73821100e-05  6.79852678e-01  5.73821100e-05  1.90780462e-06  5.73821100e-05  1.01449844e-07  5.73821100e-05 -2.11642035e-06  5.73821100e-05  0.00000000e+00  5.73821100e-05  0.00000000e+00 
 5.74821100e-05  4.80520573e-01  5.74821100e-05  6.80288627e-01  5.74821100e-05  1.88249376e-06  5.74821100e-05 -1.01467621e-07  5.74821100e-05  2.11652122e-06  5.74821100e-05  0.00000000e+00  5.74821100e-05  0.00000000e+00 
 5.75821100e-05  4.80520021e-01  5.75821100e-05  6.79867890e-01  5.75821100e-05  1.90781233e-06  5.75821100e-05  1.01564552e-07  5.75821100e-05 -2.11635445e-06  5.75821100e-05  0.00000000e+00  5.75821100e-05  0.00000000e+00 
 5.76821100e-05  4.80519560e-01  5.76821100e-05  6.80273968e-01  5.76821100e-05  1.88248629e-06  5.76821100e-05 -1.01571909e-07  5.76821100e-05  2.11645805e-06  5.76821100e-05  0.00000000e+00  5.76821100e-05  0.00000000e+00 
 5.77821100e-05  4.80519024e-01  5.77821100e-05  6.79882107e-01  5.77821100e-05  1.90781957e-06  5.77821100e-05  1.01659154e-07  5.77821100e-05 -2.11629387e-06  5.77821100e-05  0.00000000e+00  5.77821100e-05  0.00000000e+00 
 5.78821100e-05  4.80518547e-01  5.78821100e-05  6.80260285e-01  5.78821100e-05  1.88247927e-06  5.78821100e-05 -1.01657510e-07  5.78821100e-05  2.11639989e-06  5.78821100e-05  0.00000000e+00  5.78821100e-05  0.00000000e+00 
 5.79821100e-05  4.80518026e-01  5.79821100e-05  6.79895359e-01  5.79821100e-05  1.90782638e-06  5.79821100e-05  1.01736399e-07  5.79821100e-05 -2.11623801e-06  5.79821100e-05  0.00000000e+00  5.79821100e-05  0.00000000e+00 
 5.80821100e-05  4.80517536e-01  5.80821100e-05  6.80247541e-01  5.80821100e-05  1.88247268e-06  5.80821100e-05 -1.01726999e-07  5.80821100e-05  2.11634618e-06  5.80821100e-05  0.00000000e+00  5.80821100e-05  0.00000000e+00 
 5.81821100e-05  4.80517027e-01  5.81821100e-05  6.79907686e-01  5.81821100e-05  1.90783276e-06  5.81821100e-05  1.01798697e-07  5.81821100e-05 -2.11618632e-06  5.81821100e-05  0.00000000e+00  5.81821100e-05  0.00000000e+00 
 5.82821100e-05  4.80516526e-01  5.82821100e-05  6.80235693e-01  5.82821100e-05  1.88246649e-06  5.82821100e-05 -1.01782632e-07  5.82821100e-05  2.11629640e-06  5.82821100e-05  0.00000000e+00  5.82821100e-05  0.00000000e+00 
 5.83821100e-05  4.80516027e-01  5.83821100e-05  6.79919137e-01  5.83821100e-05  1.90783876e-06  5.83821100e-05  1.01848156e-07  5.83821100e-05 -2.11613835e-06  5.83821100e-05  0.00000000e+00  5.83821100e-05  0.00000000e+00 
 5.84821100e-05  4.80515516e-01  5.84821100e-05  6.80224691e-01  5.84821100e-05  1.88246068e-06  5.84821100e-05 -1.01826375e-07  5.84821100e-05  2.11625012e-06  5.84821100e-05  0.00000000e+00  5.84821100e-05  0.00000000e+00 
 5.85821100e-05  4.80515026e-01  5.85821100e-05  6.79929763e-01  5.85821100e-05  1.90784438e-06  5.85821100e-05  1.01886614e-07  5.85821100e-05 -2.11609367e-06  5.85821100e-05  0.00000000e+00  5.85821100e-05  0.00000000e+00 
 5.86821100e-05  4.80514507e-01  5.86821100e-05  6.80214485e-01  5.86821100e-05  1.88245523e-06  5.86821100e-05 -1.01859945e-07  5.86821100e-05  2.11620695e-06  5.86821100e-05  0.00000000e+00  5.86821100e-05  0.00000000e+00 
 5.87821100e-05  4.80514025e-01  5.87821100e-05  6.79939616e-01  5.87821100e-05  1.90784966e-06  5.87821100e-05  1.01915669e-07  5.87821100e-05 -2.11605194e-06  5.87821100e-05  0.00000000e+00  5.87821100e-05  0.00000000e+00 
 5.88821100e-05  4.80513500e-01  5.88821100e-05  6.80205022e-01  5.88821100e-05  1.88245011e-06  5.88821100e-05 -1.01884833e-07  5.88821100e-05  2.11616656e-06  5.88821100e-05  0.00000000e+00  5.88821100e-05  0.00000000e+00 
 5.89821100e-05  4.80513023e-01  5.89821100e-05  6.79948748e-01  5.89821100e-05  1.90785462e-06  5.89821100e-05  1.01936713e-07  5.89821100e-05 -2.11601282e-06  5.89821100e-05  0.00000000e+00  5.89821100e-05  0.00000000e+00 
 5.90821100e-05  4.80512492e-01  5.90821100e-05  6.80196252e-01  5.90821100e-05  1.88244531e-06  5.90821100e-05 -1.01902334e-07  5.90821100e-05  2.11612864e-06  5.90821100e-05  0.00000000e+00  5.90821100e-05  0.00000000e+00 
 5.91821100e-05  4.80512020e-01  5.91821100e-05  6.79957503e-01  5.91821100e-05  1.90785924e-06  5.91821100e-05  1.01950975e-07  5.91821100e-05 -2.11597606e-06  5.91821100e-05  0.00000000e+00  5.91821100e-05  0.00000000e+00 
 5.92821100e-05  4.80511486e-01  5.92821100e-05  6.80188450e-01  5.92821100e-05  1.88244078e-06  5.92821100e-05 -1.01913608e-07  5.92821100e-05  2.11609286e-06  5.92821100e-05  0.00000000e+00  5.92821100e-05  0.00000000e+00 
 5.93821100e-05  4.80511018e-01  5.93821100e-05  6.79965318e-01  5.93821100e-05  1.90786362e-06  5.93821100e-05  1.01959471e-07  5.93821100e-05 -2.11594137e-06  5.93821100e-05  0.00000000e+00  5.93821100e-05  0.00000000e+00 
 5.94821100e-05  4.80510481e-01  5.94821100e-05  6.80180880e-01  5.94821100e-05  1.88243654e-06  5.94821100e-05 -1.01919566e-07  5.94821100e-05  2.11605914e-06  5.94821100e-05  0.00000000e+00  5.94821100e-05  0.00000000e+00 
 5.95821100e-05  4.80510015e-01  5.95821100e-05  6.79972557e-01  5.95821100e-05  1.90786773e-06  5.95821100e-05  1.01963103e-07  5.95821100e-05 -2.11590855e-06  5.95821100e-05  0.00000000e+00  5.95821100e-05  0.00000000e+00 
 5.96821100e-05  4.80509476e-01  5.96821100e-05  6.80173868e-01  5.96821100e-05  1.88243255e-06  5.96821100e-05 -1.01921069e-07  5.96821100e-05  2.11602719e-06  5.96821100e-05  0.00000000e+00  5.96821100e-05  0.00000000e+00 
 5.97821100e-05  4.80509012e-01  5.97821100e-05  6.79979267e-01  5.97821100e-05  1.90787160e-06  5.97821100e-05  1.01962658e-07  5.97821100e-05 -2.11587741e-06  5.97821100e-05  0.00000000e+00  5.97821100e-05  0.00000000e+00 
 5.98821100e-05  4.80508471e-01  5.98821100e-05  6.80167370e-01  5.98821100e-05  1.88242880e-06  5.98821100e-05 -1.01918845e-07  5.98821100e-05  2.11599682e-06  5.98821100e-05  0.00000000e+00  5.98821100e-05  0.00000000e+00 
 5.99821100e-05  4.80508008e-01  5.99821100e-05  6.79985487e-01  5.99821100e-05  1.90787523e-06  5.99821100e-05  1.01958813e-07  5.99821100e-05 -2.11584777e-06  5.99821100e-05  0.00000000e+00  5.99821100e-05  0.00000000e+00 
 6.00821100e-05  4.80507466e-01  6.00821100e-05  6.80161347e-01  6.00821100e-05  1.88242527e-06  6.00821100e-05 -1.01913523e-07  6.00821100e-05  2.11596789e-06  6.00821100e-05  0.00000000e+00  6.00821100e-05  0.00000000e+00 
 6.01821100e-05  4.80507004e-01  6.01821100e-05  6.79991257e-01  6.01821100e-05  1.90787866e-06  6.01821100e-05  1.01952150e-07  6.01821100e-05 -2.11581949e-06  6.01821100e-05  0.00000000e+00  6.01821100e-05  0.00000000e+00 
 6.02821100e-05  4.80506462e-01  6.02821100e-05  6.80155761e-01  6.02821100e-05  1.88242196e-06  6.02821100e-05 -1.01905645e-07  6.02821100e-05  2.11594023e-06  6.02821100e-05  0.00000000e+00  6.02821100e-05  0.00000000e+00 
 6.03821100e-05  4.80506000e-01  6.03821100e-05  6.79996609e-01  6.03821100e-05  1.90788188e-06  6.03821100e-05  1.01943173e-07  6.03821100e-05 -2.11579242e-06  6.03821100e-05  0.00000000e+00  6.03821100e-05  0.00000000e+00 
 6.04821100e-05  4.80505458e-01  6.04821100e-05  6.80150579e-01  6.04821100e-05  1.88241883e-06  6.04821100e-05 -1.01895676e-07  6.04821100e-05  2.11591373e-06  6.04821100e-05  0.00000000e+00  6.04821100e-05  0.00000000e+00 
 6.05821100e-05  4.80504995e-01  6.05821100e-05  6.80001578e-01  6.05821100e-05  1.90788491e-06  6.05821100e-05  1.01932313e-07  6.05821100e-05 -2.11576646e-06  6.05821100e-05  0.00000000e+00  6.05821100e-05  0.00000000e+00 
 6.06821100e-05  4.80504454e-01  6.06821100e-05  6.80145767e-01  6.06821100e-05  1.88241589e-06  6.06821100e-05 -1.01884017e-07  6.06821100e-05  2.11588828e-06  6.06821100e-05  0.00000000e+00  6.06821100e-05  0.00000000e+00 
 6.07821100e-05  4.80503991e-01  6.07821100e-05  6.80006194e-01  6.07821100e-05  1.90788777e-06  6.07821100e-05  1.01919942e-07  6.07821100e-05 -2.11574149e-06  6.07821100e-05  0.00000000e+00  6.07821100e-05  0.00000000e+00 
 6.08821100e-05  4.80503450e-01  6.08821100e-05  6.80141298e-01  6.08821100e-05  1.88241312e-06  6.08821100e-05 -1.01871013e-07  6.08821100e-05  2.11586377e-06  6.08821100e-05  0.00000000e+00  6.08821100e-05  0.00000000e+00 
 6.09821100e-05  4.80502986e-01  6.09821100e-05  6.80010484e-01  6.09821100e-05  1.90789046e-06  6.09821100e-05  1.01906378e-07  6.09821100e-05 -2.11571741e-06  6.09821100e-05  0.00000000e+00  6.09821100e-05  0.00000000e+00 
 6.10821100e-05  4.80502447e-01  6.10821100e-05  6.80137144e-01  6.10821100e-05  1.88241051e-06  6.10821100e-05 -1.01856956e-07  6.10821100e-05  2.11584011e-06  6.10821100e-05  0.00000000e+00  6.10821100e-05  0.00000000e+00 
 6.11821100e-05  4.80501981e-01  6.11821100e-05  6.80014473e-01  6.11821100e-05  1.90789300e-06  6.11821100e-05  1.01891893e-07  6.11821100e-05 -2.11569415e-06  6.11821100e-05  0.00000000e+00  6.11821100e-05  0.00000000e+00 
 6.12821100e-05  4.80501443e-01  6.12821100e-05  6.80133280e-01  6.12821100e-05  1.88240804e-06  6.12821100e-05 -1.01842101e-07  6.12821100e-05  2.11581723e-06  6.12821100e-05  0.00000000e+00  6.12821100e-05  0.00000000e+00 
 6.13821100e-05  4.80500976e-01  6.13821100e-05  6.80018185e-01  6.13821100e-05  1.90789540e-06  6.13821100e-05  1.01876720e-07  6.13821100e-05 -2.11567162e-06  6.13821100e-05  0.00000000e+00  6.13821100e-05  0.00000000e+00 
 6.14821100e-05  4.80500440e-01  6.14821100e-05  6.80129684e-01  6.14821100e-05  1.88240572e-06  6.14821100e-05 -1.01826660e-07  6.14821100e-05  2.11579504e-06  6.14821100e-05  0.00000000e+00  6.14821100e-05  0.00000000e+00 
 6.15821100e-05  4.80499970e-01  6.15821100e-05  6.80021643e-01  6.15821100e-05  1.90789766e-06  6.15821100e-05  1.01861058e-07  6.15821100e-05 -2.11564976e-06  6.15821100e-05  0.00000000e+00  6.15821100e-05  0.00000000e+00 
 6.16821100e-05  4.80499436e-01  6.16821100e-05  6.80126334e-01  6.16821100e-05  1.88240352e-06  6.16821100e-05 -1.01810819e-07  6.16821100e-05  2.11577350e-06  6.16821100e-05  0.00000000e+00  6.16821100e-05  0.00000000e+00 
 6.17821100e-05  4.80498965e-01  6.17821100e-05  6.80024864e-01  6.17821100e-05  1.90789979e-06  6.17821100e-05  1.01845077e-07  6.17821100e-05 -2.11562851e-06  6.17821100e-05  0.00000000e+00  6.17821100e-05  0.00000000e+00 
 6.18821100e-05  4.80498433e-01  6.18821100e-05  6.80123212e-01  6.18821100e-05  1.88240145e-06  6.18821100e-05 -1.01794732e-07  6.18821100e-05  2.11575253e-06  6.18821100e-05  0.00000000e+00  6.18821100e-05  0.00000000e+00 
 6.19821100e-05  4.80497960e-01  6.19821100e-05  6.80027869e-01  6.19821100e-05  1.90790181e-06  6.19821100e-05  1.01828918e-07  6.19821100e-05 -2.11560781e-06  6.19821100e-05  0.00000000e+00  6.19821100e-05  0.00000000e+00 
 6.20821100e-05  4.80497429e-01  6.20821100e-05  6.80120300e-01  6.20821100e-05  1.88239949e-06  6.20821100e-05 -1.01778532e-07  6.20821100e-05  2.11573210e-06  6.20821100e-05  0.00000000e+00  6.20821100e-05  0.00000000e+00 
 6.21821100e-05  4.80496955e-01  6.21821100e-05  6.80030674e-01  6.21821100e-05  1.90790371e-06  6.21821100e-05  1.01812703e-07  6.21821100e-05 -2.11558762e-06  6.21821100e-05  0.00000000e+00  6.21821100e-05  0.00000000e+00 
 6.22821100e-05  4.80496426e-01  6.22821100e-05  6.80117580e-01  6.22821100e-05  1.88239765e-06  6.22821100e-05 -1.01762328e-07  6.22821100e-05  2.11571214e-06  6.22821100e-05  0.00000000e+00  6.22821100e-05  0.00000000e+00 
 6.23821100e-05  4.80495949e-01  6.23821100e-05  6.80033294e-01  6.23821100e-05  1.90790551e-06  6.23821100e-05  1.01796534e-07  6.23821100e-05 -2.11556789e-06  6.23821100e-05  0.00000000e+00  6.23821100e-05  0.00000000e+00 
 6.24821100e-05  4.80495422e-01  6.24821100e-05  6.80115039e-01  6.24821100e-05  1.88239590e-06  6.24821100e-05 -1.01746215e-07  6.24821100e-05  2.11569263e-06  6.24821100e-05  0.00000000e+00  6.24821100e-05  0.00000000e+00 
 6.25821100e-05  4.80494944e-01  6.25821100e-05  6.80035743e-01  6.25821100e-05  1.90790720e-06  6.25821100e-05  1.01780496e-07  6.25821100e-05 -2.11554859e-06  6.25821100e-05  0.00000000e+00  6.25821100e-05  0.00000000e+00 
 6.26821100e-05  4.80494419e-01  6.26821100e-05  6.80112663e-01  6.26821100e-05  1.88239425e-06  6.26821100e-05 -1.01730269e-07  6.26821100e-05  2.11567352e-06  6.26821100e-05  0.00000000e+00  6.26821100e-05  0.00000000e+00 
 6.27821100e-05  4.80493939e-01  6.27821100e-05  6.80038034e-01  6.27821100e-05  1.90790881e-06  6.27821100e-05  1.01764659e-07  6.27821100e-05 -2.11552967e-06  6.27821100e-05  0.00000000e+00  6.27821100e-05  0.00000000e+00 
 6.28821100e-05  4.80493415e-01  6.28821100e-05  6.80110439e-01  6.28821100e-05  1.88239269e-06  6.28821100e-05 -1.01714556e-07  6.28821100e-05  2.11565479e-06  6.28821100e-05  0.00000000e+00  6.28821100e-05  0.00000000e+00 
 6.29821100e-05  4.80492933e-01  6.29821100e-05  6.80040180e-01  6.29821100e-05  1.90791033e-06  6.29821100e-05  1.01749083e-07  6.29821100e-05 -2.11551111e-06  6.29821100e-05  0.00000000e+00  6.29821100e-05  0.00000000e+00 
 6.30821100e-05  4.80492412e-01  6.30821100e-05  6.80108356e-01  6.30821100e-05  1.88239122e-06  6.30821100e-05 -1.01699127e-07  6.30821100e-05  2.11563639e-06  6.30821100e-05  0.00000000e+00  6.30821100e-05  0.00000000e+00 
 6.31821100e-05  4.80491928e-01  6.31821100e-05  6.80042192e-01  6.31821100e-05  1.90791177e-06  6.31821100e-05  1.01733813e-07  6.31821100e-05 -2.11549287e-06  6.31821100e-05  0.00000000e+00  6.31821100e-05  0.00000000e+00 
 6.32821100e-05  4.80491408e-01  6.32821100e-05  6.80106403e-01  6.32821100e-05  1.88238982e-06  6.32821100e-05 -1.01684027e-07  6.32821100e-05  2.11561831e-06  6.32821100e-05  0.00000000e+00  6.32821100e-05  0.00000000e+00 
 6.33821100e-05  4.80490923e-01  6.33821100e-05  6.80044079e-01  6.33821100e-05  1.90791312e-06  6.33821100e-05  1.01718890e-07  6.33821100e-05 -2.11547493e-06  6.33821100e-05  0.00000000e+00  6.33821100e-05  0.00000000e+00 
 6.34821100e-05  4.80490405e-01  6.34821100e-05  6.80104570e-01  6.34821100e-05  1.88238850e-06  6.34821100e-05 -1.01669288e-07  6.34821100e-05  2.11560051e-06  6.34821100e-05  0.00000000e+00  6.34821100e-05  0.00000000e+00 
 6.35821100e-05  4.80489917e-01  6.35821100e-05  6.80045851e-01  6.35821100e-05  1.90791441e-06  6.35821100e-05  1.01704342e-07  6.35821100e-05 -2.11545727e-06  6.35821100e-05  0.00000000e+00  6.35821100e-05  0.00000000e+00 
 6.36821100e-05  4.80489401e-01  6.36821100e-05  6.80102848e-01  6.36821100e-05  1.88238725e-06  6.36821100e-05 -1.01654938e-07  6.36821100e-05  2.11558298e-06  6.36821100e-05  0.00000000e+00  6.36821100e-05  0.00000000e+00 
 6.37821100e-05  4.80488912e-01  6.37821100e-05  6.80047516e-01  6.37821100e-05  1.90791562e-06  6.37821100e-05  1.01690195e-07  6.37821100e-05 -2.11543987e-06  6.37821100e-05  0.00000000e+00  6.37821100e-05  0.00000000e+00 
 6.38821100e-05  4.80488398e-01  6.38821100e-05  6.80101229e-01  6.38821100e-05  1.88238607e-06  6.38821100e-05 -1.01640997e-07  6.38821100e-05  2.11556570e-06  6.38821100e-05  0.00000000e+00  6.38821100e-05  0.00000000e+00 
 6.39821100e-05  4.80487907e-01  6.39821100e-05  6.80049082e-01  6.39821100e-05  1.90791677e-06  6.39821100e-05  1.01676464e-07  6.39821100e-05 -2.11542270e-06  6.39821100e-05  0.00000000e+00  6.39821100e-05  0.00000000e+00 
 6.40821100e-05  4.80487394e-01  6.40821100e-05  6.80099705e-01  6.40821100e-05  1.88238495e-06  6.40821100e-05 -1.01627480e-07  6.40821100e-05  2.11554864e-06  6.40821100e-05  0.00000000e+00  6.40821100e-05  0.00000000e+00 
 6.41821100e-05  4.80486902e-01  6.41821100e-05  6.80050557e-01  6.41821100e-05  1.90791786e-06  6.41821100e-05  1.01663163e-07  6.41821100e-05 -2.11540575e-06  6.41821100e-05  0.00000000e+00  6.41821100e-05  0.00000000e+00 
 6.42821100e-05  4.80486390e-01  6.42821100e-05  6.80098270e-01  6.42821100e-05  1.88238390e-06  6.42821100e-05 -1.01614397e-07  6.42821100e-05  2.11553179e-06  6.42821100e-05  0.00000000e+00  6.42821100e-05  0.00000000e+00 
 6.43821100e-05  4.80485897e-01  6.43821100e-05  6.80051948e-01  6.43821100e-05  1.90791889e-06  6.43821100e-05  1.01650301e-07  6.43821100e-05 -2.11538900e-06  6.43821100e-05  0.00000000e+00  6.43821100e-05  0.00000000e+00 
 6.44821100e-05  4.80485386e-01  6.44821100e-05  6.80096917e-01  6.44821100e-05  1.88238289e-06  6.44821100e-05 -1.01601755e-07  6.44821100e-05  2.11551514e-06  6.44821100e-05  0.00000000e+00  6.44821100e-05  0.00000000e+00 
 6.45821100e-05  4.80484892e-01  6.45821100e-05  6.80053259e-01  6.45821100e-05  1.90791986e-06  6.45821100e-05  1.01637880e-07  6.45821100e-05 -2.11537244e-06  6.45821100e-05  0.00000000e+00  6.45821100e-05  0.00000000e+00 
 6.46821100e-05  4.80484383e-01  6.46821100e-05  6.80095640e-01  6.46821100e-05  1.88238195e-06  6.46821100e-05 -1.01589556e-07  6.46821100e-05  2.11549867e-06  6.46821100e-05  0.00000000e+00  6.46821100e-05  0.00000000e+00 
 6.47821100e-05  4.80483887e-01  6.47821100e-05  6.80054497e-01  6.47821100e-05  1.90792078e-06  6.47821100e-05  1.01625903e-07  6.47821100e-05 -2.11535605e-06  6.47821100e-05  0.00000000e+00  6.47821100e-05  0.00000000e+00 
 6.48821100e-05  4.80483379e-01  6.48821100e-05  6.80094433e-01  6.48821100e-05  1.88238106e-06  6.48821100e-05 -1.01577800e-07  6.48821100e-05  2.11548237e-06  6.48821100e-05  0.00000000e+00  6.48821100e-05  0.00000000e+00 
 6.49410550e-05  4.80483088e-01  6.49410550e-05  6.80056061e-01  6.49410550e-05  1.90792195e-06  6.49410550e-05  1.01610454e-07  6.49410550e-05 -2.11533422e-06  6.49410550e-05  0.00000000e+00  6.49410550e-05  0.00000000e+00 
 6.50000000e-05  4.80482788e-01  6.50000000e-05  6.80092535e-01  6.50000000e-05  1.88237964e-06  6.50000000e-05 -1.01558861e-07  6.50000000e-05  2.11545506e-06  6.50000000e-05  0.00000000e+00  6.50000000e-05  0.00000000e+00 
 6.50000010e-05  4.80485999e-01  6.50000010e-05  6.81097339e-01  6.50000010e-05  1.66084764e-06  6.50000010e-05  2.79289285e-06  6.50000010e-05 -5.95254181e-07  6.50000010e-05  1.20000000e-01  6.50000010e-05  0.00000000e+00 
 6.50000030e-05  4.80492288e-01  6.50000030e-05  6.82964807e-01  6.50000030e-05  1.67634353e-06  6.50000030e-05  2.46650718e-06  6.50000030e-05 -7.62841978e-07  6.50000030e-05  3.60000000e-01  6.50000030e-05  0.00000000e+00 
 6.50000065e-05  4.80503236e-01  6.50000065e-05  6.86043530e-01  6.50000065e-05  1.67807919e-06  6.50000065e-05  1.39877942e-06  6.50000065e-05 -5.22132280e-07  6.50000065e-05  7.80000000e-01  6.50000065e-05  0.00000000e+00 
 6.50000100e-05  4.80511174e-01  6.50000100e-05  6.88031723e-01  6.50000100e-05  1.81417193e-06  6.50000100e-05 -9.68486280e-07  6.50000100e-05 -2.94816097e-07  6.50000100e-05  1.20000000e+00  6.50000100e-05  0.00000000e+00 
 6.50000107e-05  4.80510631e-01  6.50000107e-05  6.87742085e-01  6.50000107e-05  1.97341011e-06  6.50000107e-05 -3.38446176e-06  6.50000107e-05  2.81952822e-07  6.50000107e-05  1.20000000e+00  6.50000107e-05  0.00000000e+00 
 6.50000121e-05  4.80509315e-01  6.50000121e-05  6.87158194e-01  6.50000121e-05  1.99016068e-06  6.50000121e-05 -3.68227649e-06  6.50000121e-05  3.66804001e-07  6.50000121e-05  1.20000000e+00  6.50000121e-05  0.00000000e+00 
 6.50000148e-05  4.80506534e-01  6.50000148e-05  6.86088645e-01  6.50000148e-05  1.96286085e-06  6.50000148e-05 -2.80337506e-06  6.50000148e-05  2.29975449e-07  6.50000148e-05  1.20000000e+00  6.50000148e-05  0.00000000e+00 
 6.50000204e-05  4.80500850e-01  6.50000204e-05  6.84196356e-01  6.50000204e-05  1.97559272e-06  6.50000204e-05 -2.30891375e-06  6.50000204e-05  2.80294265e-07  6.50000204e-05  1.20000000e+00  6.50000204e-05  0.00000000e+00 
 6.50000314e-05  4.80486392e-01  6.50000314e-05  6.80068851e-01  6.50000314e-05  1.99116832e-06  6.50000314e-05 -7.43906583e-07  6.50000314e-05  2.64723721e-07  6.50000314e-05  1.20000000e+00  6.50000314e-05  0.00000000e+00 
 6.50000536e-05  4.80422004e-01  6.50000536e-05  6.59653521e-01  6.50000536e-05  2.27905303e-06  6.50000536e-05  9.39226590e-07  6.50000536e-05  1.06829281e-06  6.50000536e-05  1.20000000e+00  6.50000536e-05  0.00000000e+00 
 6.50000793e-05  4.80386135e-01  6.50000793e-05  6.44915941e-01  6.50000793e-05  1.86696909e-06  6.50000793e-05  6.62957865e-06  6.50000793e-05 -2.61387787e-07  6.50000793e-05  1.20000000e+00  6.50000793e-05  0.00000000e+00 
 6.50001079e-05  4.80408011e-01  6.50001079e-05  6.36688633e-01  6.50001079e-05  2.14076194e-06  6.50001079e-05  2.07907668e-07  6.50001079e-05  6.46757402e-07  6.50001079e-05  1.20000000e+00  6.50001079e-05  0.00000000e+00 
 6.50001610e-05  4.80481415e-01  6.50001610e-05  6.27936388e-01  6.50001610e-05  1.78986102e-06  6.50001610e-05  4.21133009e-06  6.50001610e-05 -4.37745704e-07  6.50001610e-05  1.20000000e+00  6.50001610e-05  0.00000000e+00 
 6.50002127e-05  4.80546000e-01  6.50002127e-05  6.22842206e-01  6.50002127e-05  2.08620378e-06  6.50002127e-05 -1.08649671e-06  6.50002127e-05  5.39553951e-07  6.50002127e-05  1.20000000e+00  6.50002127e-05  0.00000000e+00 
 6.50003161e-05  4.80640592e-01  6.50003161e-05  6.18482116e-01  6.50003161e-05  1.74286399e-06  6.50003161e-05  3.50103392e-06  6.50003161e-05 -5.20473393e-07  6.50003161e-05  1.20000000e+00  6.50003161e-05  0.00000000e+00 
 6.50005229e-05  4.80750737e-01  6.50005229e-05  6.19375814e-01  6.50005229e-05  2.04291213e-06  6.50005229e-05 -1.68725982e-06  6.50005229e-05  4.70585647e-07  6.50005229e-05  1.20000000e+00  6.50005229e-05  0.00000000e+00 
 6.50009364e-05  4.80846675e-01  6.50009364e-05  6.29778929e-01  6.50009364e-05  1.72239758e-06  6.50009364e-05  3.05295229e-06  6.50009364e-05 -5.40364210e-07  6.50009364e-05  1.20000000e+00  6.50009364e-05  0.00000000e+00 
 6.50015920e-05  4.80907225e-01  6.50015920e-05  6.43452177e-01  6.50015920e-05  2.04756029e-06  6.50015920e-05 -1.97379700e-06  6.50015920e-05  4.94000766e-07  6.50015920e-05  1.20000000e+00  6.50015920e-05  0.00000000e+00 
 6.50028295e-05  4.80969213e-01  6.50028295e-05  6.57407218e-01  6.50028295e-05  1.73405485e-06  6.50028295e-05  2.90600956e-06  6.50028295e-05 -5.09851999e-07  6.50028295e-05  1.20000000e+00  6.50028295e-05  0.00000000e+00 
 6.50053047e-05  4.81078859e-01  6.50053047e-05  6.70740626e-01  6.50053047e-05  2.05356428e-06  6.50053047e-05 -1.97397824e-06  6.50053047e-05  5.09119767e-07  6.50053047e-05  1.20000000e+00  6.50053047e-05  0.00000000e+00 
 6.50102549e-05  4.81308500e-01  6.50102549e-05  6.78528050e-01  6.50102549e-05  1.73645631e-06  6.50102549e-05  2.95193534e-06  6.50102549e-05 -5.06997171e-07  6.50102549e-05  1.20000000e+00  6.50102549e-05  0.00000000e+00 
 6.50201554e-05  4.81753608e-01  6.50201554e-05  6.79966831e-01  6.50201554e-05  2.05406936e-06  6.50201554e-05 -1.99976418e-06  6.50201554e-05  5.07412968e-07  6.50201554e-05  1.20000000e+00  6.50201554e-05  0.00000000e+00 
 6.50389273e-05  4.82568167e-01  6.50389273e-05  6.80268818e-01  6.50389273e-05  1.73625662e-06  6.50389273e-05  2.94005813e-06  6.50389273e-05 -5.07327376e-07  6.50389273e-05  1.20000000e+00  6.50389273e-05  0.00000000e+00 
 6.50764711e-05  4.84184790e-01  6.50764711e-05  6.79864110e-01  6.50764711e-05  2.05404552e-06  6.50764711e-05 -1.99800533e-06  6.50764711e-05  5.07482799e-07  6.50764711e-05  1.20000000e+00  6.50764711e-05  0.00000000e+00 
 6.51515587e-05  4.87394065e-01  6.51515587e-05  6.80296627e-01  6.51515587e-05  1.73625529e-06  6.51515587e-05  2.93944930e-06  6.51515587e-05 -5.07357408e-07  6.51515587e-05  1.20000000e+00  6.51515587e-05  0.00000000e+00 
 6.52515587e-05  4.91671453e-01  6.52515587e-05  6.79853058e-01  6.52515587e-05  2.05404823e-06  6.52515587e-05 -1.99747298e-06  6.52515587e-05  5.07500112e-07  6.52515587e-05  1.20000000e+00  6.52515587e-05  0.00000000e+00 
 6.53515587e-05  4.95945987e-01  6.53515587e-05  6.80304013e-01  6.53515587e-05  1.73625223e-06  6.53515587e-05  2.93929112e-06  6.53515587e-05 -5.07370977e-07  6.53515587e-05  1.20000000e+00  6.53515587e-05  0.00000000e+00 
 6.54515587e-05  5.00224904e-01  6.54515587e-05  6.79847494e-01  6.54515587e-05  2.05405181e-06  6.54515587e-05 -1.99699592e-06  6.54515587e-05  5.07514479e-07  6.54515587e-05  1.20000000e+00  6.54515587e-05  0.00000000e+00 
 6.55515587e-05  5.04500721e-01  6.55515587e-05  6.80308274e-01  6.55515587e-05  1.73624823e-06  6.55515587e-05  2.93914728e-06  6.55515587e-05 -5.07384060e-07  6.55515587e-05  1.20000000e+00  6.55515587e-05  0.00000000e+00 
 6.56515587e-05  5.08780931e-01  6.56515587e-05  6.79844683e-01  6.56515587e-05  2.05405615e-06  6.56515587e-05 -1.99653389e-06  6.56515587e-05  5.07528413e-07  6.56515587e-05  1.20000000e+00  6.56515587e-05  0.00000000e+00 
 6.57515587e-05  5.13058112e-01  6.57515587e-05  6.80310098e-01  6.57515587e-05  1.73624360e-06  6.57515587e-05  2.93901478e-06  6.57515587e-05 -5.07396761e-07  6.57515587e-05  1.20000000e+00  6.57515587e-05  0.00000000e+00 
 6.58515587e-05  5.17339591e-01  6.58515587e-05  6.79844010e-01  6.58515587e-05  2.05406103e-06  6.58515587e-05 -1.99608457e-06  6.58515587e-05  5.07542001e-07  6.58515587e-05  1.20000000e+00  6.58515587e-05  0.00000000e+00 
 6.59515587e-05  5.21618140e-01  6.59515587e-05  6.80310032e-01  6.59515587e-05  1.73623853e-06  6.59515587e-05  2.93889181e-06  6.59515587e-05 -5.07409154e-07  6.59515587e-05  1.20000000e+00  6.59515587e-05  0.00000000e+00 
 6.60515587e-05  5.25900890e-01  6.60515587e-05  6.79844990e-01  6.60515587e-05  2.05406625e-06  6.60515587e-05 -1.99564654e-06  6.60515587e-05  5.07555304e-07  6.60515587e-05  1.20000000e+00  6.60515587e-05  0.00000000e+00 
 6.61515587e-05  5.30180803e-01  6.61515587e-05  6.80308505e-01  6.61515587e-05  1.73623318e-06  6.61515587e-05  2.93877727e-06  6.61515587e-05 -5.07421286e-07  6.61515587e-05  1.20000000e+00  6.61515587e-05  0.00000000e+00 
 6.62515587e-05  5.34464829e-01  6.62515587e-05  6.79847240e-01  6.62515587e-05  2.05407171e-06  6.62515587e-05 -1.99521899e-06  6.62515587e-05  5.07568360e-07  6.62515587e-05  1.20000000e+00  6.62515587e-05  0.00000000e+00 
 6.63515587e-05  5.38746100e-01  6.63515587e-05  6.80305856e-01  6.63515587e-05  1.73622764e-06  6.63515587e-05  2.93867053e-06  6.63515587e-05 -5.07433190e-07  6.63515587e-05  1.20000000e+00  6.63515587e-05  0.00000000e+00 
 6.64515587e-05  5.43031405e-01  6.64515587e-05  6.79850460e-01  6.64515587e-05  2.05407730e-06  6.64515587e-05 -1.99480147e-06  6.64515587e-05  5.07581195e-07  6.64515587e-05  1.20000000e+00  6.64515587e-05  0.00000000e+00 
 6.65515587e-05  5.47314029e-01  6.65515587e-05  6.80302352e-01  6.65515587e-05  1.73622202e-06  6.65515587e-05  2.93857128e-06  6.65515587e-05 -5.07444883e-07  6.65515587e-05  1.20000000e+00  6.65515587e-05  0.00000000e+00 
 6.66515587e-05  5.51600616e-01  6.66515587e-05  6.79854412e-01  6.66515587e-05  2.05408295e-06  6.66515587e-05 -1.99439378e-06  6.66515587e-05  5.07593820e-07  6.66515587e-05  1.20000000e+00  6.66515587e-05  0.00000000e+00 
 6.67515587e-05  5.55884589e-01  6.67515587e-05  6.80298205e-01  6.67515587e-05  1.73621635e-06  6.67515587e-05  2.93847939e-06  6.67515587e-05 -5.07456374e-07  6.67515587e-05  1.20000000e+00  6.67515587e-05  0.00000000e+00 
 6.68515587e-05  5.60172457e-01  6.68515587e-05  6.79858912e-01  6.68515587e-05  2.05408862e-06  6.68515587e-05 -1.99399584e-06  6.68515587e-05  5.07606240e-07  6.68515587e-05  1.20000000e+00  6.68515587e-05  0.00000000e+00 
 6.69515587e-05  5.64457775e-01  6.69515587e-05  6.80293580e-01  6.69515587e-05  1.73621068e-06  6.69515587e-05  2.93839484e-06  6.69515587e-05 -5.07467666e-07  6.69515587e-05  1.20000000e+00  6.69515587e-05  0.00000000e+00 
 6.70515587e-05  5.68746922e-01  6.70515587e-05  6.79863811e-01  6.70515587e-05  2.05409427e-06  6.70515587e-05 -1.99360767e-06  6.70515587e-05  5.07618457e-07  6.70515587e-05  1.20000000e+00  6.70515587e-05  0.00000000e+00 
 6.71515587e-05  5.73033579e-01  6.71515587e-05  6.80288608e-01  6.71515587e-05  1.73620506e-06  6.71515587e-05  2.93831766e-06  6.71515587e-05 -5.07478755e-07  6.71515587e-05  1.20000000e+00  6.71515587e-05  0.00000000e+00 
 6.72515587e-05  5.77324004e-01  6.72515587e-05  6.79868994e-01  6.72515587e-05  2.05409987e-06  6.72515587e-05 -1.99322928e-06  6.72515587e-05  5.07630465e-07  6.72515587e-05  1.20000000e+00  6.72515587e-05  0.00000000e+00 
 6.73515587e-05  5.81611995e-01  6.73515587e-05  6.80283393e-01  6.73515587e-05  1.73619949e-06  6.73515587e-05  2.93824787e-06  6.73515587e-05 -5.07489637e-07  6.73515587e-05  1.20000000e+00  6.73515587e-05  0.00000000e+00 
 6.74515587e-05  5.85903694e-01  6.74515587e-05  6.79874369e-01  6.74515587e-05  2.05410540e-06  6.74515587e-05 -1.99286070e-06  6.74515587e-05  5.07642259e-07  6.74515587e-05  1.20000000e+00  6.74515587e-05  0.00000000e+00 
 6.75515587e-05  5.90193012e-01  6.75515587e-05  6.80278018e-01  6.75515587e-05  1.73619401e-06  6.75515587e-05  2.93818550e-06  6.75515587e-05 -5.07500305e-07  6.75515587e-05  1.20000000e+00  6.75515587e-05  0.00000000e+00 
 6.76515587e-05  5.94485981e-01  6.76515587e-05  6.79879864e-01  6.76515587e-05  2.05411084e-06  6.76515587e-05 -1.99250193e-06  6.76515587e-05  5.07653832e-07  6.76515587e-05  1.20000000e+00  6.76515587e-05  0.00000000e+00 
 6.77515587e-05  5.98776622e-01  6.77515587e-05  6.80272549e-01  6.77515587e-05  1.73618863e-06  6.77515587e-05  2.93813056e-06  6.77515587e-05 -5.07510752e-07  6.77515587e-05  1.20000000e+00  6.77515587e-05  0.00000000e+00 
 6.78515587e-05  6.03070856e-01  6.78515587e-05  6.79885420e-01  6.78515587e-05  2.05411617e-06  6.78515587e-05 -1.99215294e-06  6.78515587e-05  5.07665175e-07  6.78515587e-05  1.20000000e+00  6.78515587e-05  0.00000000e+00 
 6.79515587e-05  6.07362811e-01  6.79515587e-05  6.80267038e-01  6.79515587e-05  1.73618335e-06  6.79515587e-05  2.93808300e-06  6.79515587e-05 -5.07520970e-07  6.79515587e-05  1.20000000e+00  6.79515587e-05  0.00000000e+00 
 6.80515587e-05  6.11658306e-01  6.80515587e-05  6.79890992e-01  6.80515587e-05  2.05412139e-06  6.80515587e-05 -1.99181366e-06  6.80515587e-05  5.07676282e-07  6.80515587e-05  1.20000000e+00  6.80515587e-05  0.00000000e+00 
 6.81515587e-05  6.15951568e-01  6.81515587e-05  6.80261525e-01  6.81515587e-05  1.73617818e-06  6.81515587e-05  2.93804277e-06  6.81515587e-05 -5.07530951e-07  6.81515587e-05  1.20000000e+00  6.81515587e-05  0.00000000e+00 
 6.82515587e-05  6.20248317e-01  6.82515587e-05  6.79896543e-01  6.82515587e-05  2.05412650e-06  6.82515587e-05 -1.99148398e-06  6.82515587e-05  5.07687145e-07  6.82515587e-05  1.20000000e+00  6.82515587e-05  0.00000000e+00 
 6.83515587e-05  6.24542879e-01  6.83515587e-05  6.80256045e-01  6.83515587e-05  1.73617314e-06  6.83515587e-05  2.93800976e-06  6.83515587e-05 -5.07540689e-07  6.83515587e-05  1.20000000e+00  6.83515587e-05  0.00000000e+00 
 6.84515587e-05  6.28840876e-01  6.84515587e-05  6.79902044e-01  6.84515587e-05  2.05413148e-06  6.84515587e-05 -1.99116378e-06  6.84515587e-05  5.07697757e-07  6.84515587e-05  1.20000000e+00  6.84515587e-05  0.00000000e+00 
 6.85515587e-05  6.33136730e-01  6.85515587e-05  6.80250624e-01  6.85515587e-05  1.73616822e-06  6.85515587e-05  2.93798385e-06  6.85515587e-05 -5.07550177e-07  6.85515587e-05  1.20000000e+00  6.85515587e-05  0.00000000e+00 
 6.86515587e-05  6.37435969e-01  6.86515587e-05  6.79907473e-01  6.86515587e-05  2.05413633e-06  6.86515587e-05 -1.99085287e-06  6.86515587e-05  5.07708113e-07  6.86515587e-05  1.20000000e+00  6.86515587e-05  0.00000000e+00 
 6.87515587e-05  6.41733107e-01  6.87515587e-05  6.80245283e-01  6.87515587e-05  1.73616344e-06  6.87515587e-05  2.93796489e-06  6.87515587e-05 -5.07559410e-07  6.87515587e-05  1.20000000e+00  6.87515587e-05  0.00000000e+00 
 6.88515587e-05  6.46033581e-01  6.88515587e-05  6.79912810e-01  6.88515587e-05  2.05414105e-06  6.88515587e-05 -1.99055105e-06  6.88515587e-05  5.07718208e-07  6.88515587e-05  1.20000000e+00  6.88515587e-05  0.00000000e+00 
 6.89515587e-05  6.50331994e-01  6.89515587e-05  6.80240038e-01  6.89515587e-05  1.73615878e-06  6.89515587e-05  2.93795269e-06  6.89515587e-05 -5.07568383e-07  6.89515587e-05  1.20000000e+00  6.89515587e-05  0.00000000e+00 
 6.90515587e-05  6.54633697e-01  6.90515587e-05  6.79918042e-01  6.90515587e-05  2.05414564e-06  6.90515587e-05 -1.99025809e-06  6.90515587e-05  5.07728038e-07  6.90515587e-05  1.20000000e+00  6.90515587e-05  0.00000000e+00 
 6.91515587e-05  6.58933377e-01  6.91515587e-05  6.80234903e-01  6.91515587e-05  1.73615425e-06  6.91515587e-05  2.93794706e-06  6.91515587e-05 -5.07577094e-07  6.91515587e-05  1.20000000e+00  6.91515587e-05  0.00000000e+00 
 6.92515587e-05  6.63236302e-01  6.92515587e-05  6.79923158e-01  6.92515587e-05  2.05415010e-06  6.92515587e-05 -1.98997373e-06  6.92515587e-05  5.07737599e-07  6.92515587e-05  1.20000000e+00  6.92515587e-05  0.00000000e+00 
 6.93515587e-05  6.67537241e-01  6.93515587e-05  6.80229888e-01  6.93515587e-05  1.73614986e-06  6.93515587e-05  2.93794779e-06  6.93515587e-05 -5.07585539e-07  6.93515587e-05  1.20000000e+00  6.93515587e-05  0.00000000e+00 
 6.94515587e-05  6.71841381e-01  6.94515587e-05  6.79928149e-01  6.94515587e-05  2.05415443e-06  6.94515587e-05 -1.98969771e-06  6.94515587e-05  5.07746891e-07  6.94515587e-05  1.20000000e+00  6.94515587e-05  0.00000000e+00 
 6.95515587e-05  6.76143570e-01  6.95515587e-05  6.80225000e-01  6.95515587e-05  1.73614559e-06  6.95515587e-05  2.93795466e-06  6.95515587e-05 -5.07593718e-07  6.95515587e-05  1.20000000e+00  6.95515587e-05  0.00000000e+00 
 6.96515587e-05  6.80448918e-01  6.96515587e-05  6.79933008e-01  6.96515587e-05  2.05415863e-06  6.96515587e-05 -1.98942974e-06  6.96515587e-05  5.07755912e-07  6.96515587e-05  1.20000000e+00  6.96515587e-05  0.00000000e+00 
 6.97515587e-05  6.84752350e-01  6.97515587e-05  6.80220245e-01  6.97515587e-05  1.73614146e-06  6.97515587e-05  2.93796743e-06  6.97515587e-05 -5.07601629e-07  6.97515587e-05  1.20000000e+00  6.97515587e-05  0.00000000e+00 
 6.98515587e-05  6.89058899e-01  6.98515587e-05  6.79937733e-01  6.98515587e-05  2.05416270e-06  6.98515587e-05 -1.98916951e-06  6.98515587e-05  5.07764662e-07  6.98515587e-05  1.20000000e+00  6.98515587e-05  0.00000000e+00 
 6.99515587e-05  6.93363565e-01  6.99515587e-05  6.80215628e-01  6.99515587e-05  1.73613746e-06  6.99515587e-05  2.93798588e-06  6.99515587e-05 -5.07609273e-07  6.99515587e-05  1.20000000e+00  6.99515587e-05  0.00000000e+00 
 7.00515587e-05  6.97671309e-01  7.00515587e-05  6.79942320e-01  7.00515587e-05  2.05416664e-06  7.00515587e-05 -1.98891672e-06  7.00515587e-05  5.07773141e-07  7.00515587e-05  1.20000000e+00  7.00515587e-05  0.00000000e+00 
 7.01515587e-05  7.01977200e-01  7.01515587e-05  6.80211150e-01  7.01515587e-05  1.73613358e-06  7.01515587e-05  2.93800976e-06  7.01515587e-05 -5.07616651e-07  7.01515587e-05  1.20000000e+00  7.01515587e-05  0.00000000e+00 
 7.02515587e-05  7.06286134e-01  7.02515587e-05  6.79946766e-01  7.02515587e-05  2.05417045e-06  7.02515587e-05 -1.98867103e-06  7.02515587e-05  5.07781352e-07  7.02515587e-05  1.20000000e+00  7.02515587e-05  0.00000000e+00 
 7.03515587e-05  7.10593243e-01  7.03515587e-05  6.80206814e-01  7.03515587e-05  1.73612983e-06  7.03515587e-05  2.93803885e-06  7.03515587e-05 -5.07623765e-07  7.03515587e-05  1.20000000e+00  7.03515587e-05  0.00000000e+00 
 7.04515587e-05  7.14903360e-01  7.04515587e-05  6.79951072e-01  7.04515587e-05  2.05417413e-06  7.04515587e-05 -1.98843213e-06  7.04515587e-05  5.07789296e-07  7.04515587e-05  1.20000000e+00  7.04515587e-05  0.00000000e+00 
 7.05515587e-05  7.19211680e-01  7.05515587e-05  6.80202620e-01  7.05515587e-05  1.73612621e-06  7.05515587e-05  2.93807292e-06  7.05515587e-05 -5.07630617e-07  7.05515587e-05  1.20000000e+00  7.05515587e-05  0.00000000e+00 
 7.06515587e-05  7.23522974e-01  7.06515587e-05  6.79955239e-01  7.06515587e-05  2.05417770e-06  7.06515587e-05 -1.98819967e-06  7.06515587e-05  5.07796975e-07  7.06515587e-05  1.20000000e+00  7.06515587e-05  0.00000000e+00 
 7.07515587e-05  7.27832497e-01  7.07515587e-05  6.80198567e-01  7.07515587e-05  1.73612270e-06  7.07515587e-05  2.93811175e-06  7.07515587e-05 -5.07637210e-07  7.07515587e-05  1.20000000e+00  7.07515587e-05  0.00000000e+00 
 7.08515587e-05  7.32144964e-01  7.08515587e-05  6.79959267e-01  7.08515587e-05  2.05418115e-06  7.08515587e-05 -1.98797332e-06  7.08515587e-05  5.07804394e-07  7.08515587e-05  1.20000000e+00  7.08515587e-05  0.00000000e+00 
 7.09515587e-05  7.36455684e-01  7.09515587e-05  6.80194656e-01  7.09515587e-05  1.73611931e-06  7.09515587e-05  2.93815512e-06  7.09515587e-05 -5.07643548e-07  7.09515587e-05  1.20000000e+00  7.09515587e-05  0.00000000e+00 
 7.10515587e-05  7.40769318e-01  7.10515587e-05  6.79963158e-01  7.10515587e-05  2.05418448e-06  7.10515587e-05 -1.98775273e-06  7.10515587e-05  5.07811556e-07  7.10515587e-05  1.20000000e+00  7.10515587e-05  0.00000000e+00 
 7.11515587e-05  7.45081229e-01  7.11515587e-05  6.80190883e-01  7.11515587e-05  1.73611604e-06  7.11515587e-05  2.93820283e-06  7.11515587e-05 -5.07649634e-07  7.11515587e-05  1.20000000e+00  7.11515587e-05  0.00000000e+00 
 7.12515587e-05  7.49396026e-01  7.12515587e-05  6.79966914e-01  7.12515587e-05  2.05418770e-06  7.12515587e-05 -1.98753757e-06  7.12515587e-05  5.07818465e-07  7.12515587e-05  1.20000000e+00  7.12515587e-05  0.00000000e+00 
 7.13515587e-05  7.53709123e-01  7.13515587e-05  6.80187248e-01  7.13515587e-05  1.73611288e-06  7.13515587e-05  2.93825470e-06  7.13515587e-05 -5.07655473e-07  7.13515587e-05  1.20000000e+00  7.13515587e-05  0.00000000e+00 
 7.14515587e-05  7.58025079e-01  7.14515587e-05  6.79970540e-01  7.14515587e-05  2.05419080e-06  7.14515587e-05 -1.98732746e-06  7.14515587e-05  5.07825125e-07  7.14515587e-05  1.20000000e+00  7.14515587e-05  0.00000000e+00 
 7.15515587e-05  7.62339358e-01  7.15515587e-05  6.80183747e-01  7.15515587e-05  1.73610983e-06  7.15515587e-05  2.93831054e-06  7.15515587e-05 -5.07661070e-07  7.15515587e-05  1.20000000e+00  7.15515587e-05  0.00000000e+00 
 7.16515587e-05  7.66656470e-01  7.16515587e-05  6.79974037e-01  7.16515587e-05  2.05419379e-06  7.16515587e-05 -1.98712207e-06  7.16515587e-05  5.07831542e-07  7.16515587e-05  1.20000000e+00  7.16515587e-05  0.00000000e+00 
 7.17515587e-05  7.70971926e-01  7.17515587e-05  6.80180378e-01  7.17515587e-05  1.73610688e-06  7.17515587e-05  2.93837020e-06  7.17515587e-05 -5.07666430e-07  7.17515587e-05  1.20000000e+00  7.17515587e-05  0.00000000e+00 
 7.18515587e-05  7.75290192e-01  7.18515587e-05  6.79977411e-01  7.18515587e-05  2.05419669e-06  7.18515587e-05 -1.98692103e-06  7.18515587e-05  5.07837721e-07  7.18515587e-05  1.20000000e+00  7.18515587e-05  0.00000000e+00 
 7.19515587e-05  7.79606821e-01  7.19515587e-05  6.80177138e-01  7.19515587e-05  1.73610404e-06  7.19515587e-05  2.93843350e-06  7.19515587e-05 -5.07671557e-07  7.19515587e-05  1.20000000e+00  7.19515587e-05  0.00000000e+00 
 7.20515587e-05  7.83926241e-01  7.20515587e-05  6.79980665e-01  7.20515587e-05  2.05419948e-06  7.20515587e-05 -1.98672399e-06  7.20515587e-05  5.07843667e-07  7.20515587e-05  1.20000000e+00  7.20515587e-05  0.00000000e+00 
 7.21515587e-05  7.88244041e-01  7.21515587e-05  6.80174024e-01  7.21515587e-05  1.73610130e-06  7.21515587e-05  2.93850032e-06  7.21515587e-05 -5.07676458e-07  7.21515587e-05  1.20000000e+00  7.21515587e-05  0.00000000e+00 
 7.22515587e-05  7.92564613e-01  7.22515587e-05  6.79983804e-01  7.22515587e-05  2.05420216e-06  7.22515587e-05 -1.98653058e-06  7.22515587e-05  5.07849386e-07  7.22515587e-05  1.20000000e+00  7.22515587e-05  0.00000000e+00 
 7.23515587e-05  7.96883582e-01  7.23515587e-05  6.80171031e-01  7.23515587e-05  1.73609866e-06  7.23515587e-05  2.93857051e-06  7.23515587e-05 -5.07681138e-07  7.23515587e-05  1.20000000e+00  7.23515587e-05  0.00000000e+00 
 7.24515587e-05  8.01205306e-01  7.24515587e-05  6.79986834e-01  7.24515587e-05  2.05420476e-06  7.24515587e-05 -1.98634044e-06  7.24515587e-05  5.07854883e-07  7.24515587e-05  1.20000000e+00  7.24515587e-05  0.00000000e+00 
 7.25515587e-05  8.05525444e-01  7.25515587e-05  6.80168156e-01  7.25515587e-05  1.73609612e-06  7.25515587e-05  2.93864394e-06  7.25515587e-05 -5.07685602e-07  7.25515587e-05  1.20000000e+00  7.25515587e-05  0.00000000e+00 
 7.26515587e-05  8.09848321e-01  7.26515587e-05  6.79989759e-01  7.26515587e-05  2.05420725e-06  7.26515587e-05 -1.98615322e-06  7.26515587e-05  5.07860164e-07  7.26515587e-05  1.20000000e+00  7.26515587e-05  0.00000000e+00 
 7.27515587e-05  8.14169628e-01  7.27515587e-05  6.80165395e-01  7.27515587e-05  1.73609367e-06  7.27515587e-05  2.93872048e-06  7.27515587e-05 -5.07689857e-07  7.27515587e-05  1.20000000e+00  7.27515587e-05  0.00000000e+00 
 7.28515587e-05  8.18493659e-01  7.28515587e-05  6.79992585e-01  7.28515587e-05  2.05420966e-06  7.28515587e-05 -1.98596855e-06  7.28515587e-05  5.07865235e-07  7.28515587e-05  1.20000000e+00  7.28515587e-05  0.00000000e+00 
 7.29515587e-05  8.22816134e-01  7.29515587e-05  6.80162743e-01  7.29515587e-05  1.73609130e-06  7.29515587e-05  2.93879998e-06  7.29515587e-05 -5.07693908e-07  7.29515587e-05  1.20000000e+00  7.29515587e-05  0.00000000e+00 
 7.30515587e-05  8.27141321e-01  7.30515587e-05  6.79995319e-01  7.30515587e-05  2.05421198e-06  7.30515587e-05 -1.98578609e-06  7.30515587e-05  5.07870101e-07  7.30515587e-05  1.20000000e+00  7.30515587e-05  0.00000000e+00 
 7.31515587e-05  8.31464965e-01  7.31515587e-05  6.80160195e-01  7.31515587e-05  1.73608903e-06  7.31515587e-05  2.93888230e-06  7.31515587e-05 -5.07697760e-07  7.31515587e-05  1.20000000e+00  7.31515587e-05  0.00000000e+00 
 7.32515587e-05  8.35791311e-01  7.32515587e-05  6.79997968e-01  7.32515587e-05  2.05421422e-06  7.32515587e-05 -1.98560549e-06  7.32515587e-05  5.07874768e-07  7.32515587e-05  1.20000000e+00  7.32515587e-05  0.00000000e+00 
 7.33515587e-05  8.40116125e-01  7.33515587e-05  6.80157747e-01  7.33515587e-05  1.73608684e-06  7.33515587e-05  2.93896728e-06  7.33515587e-05 -5.07701420e-07  7.33515587e-05  1.20000000e+00  7.33515587e-05  0.00000000e+00 
 7.34515587e-05  8.44443632e-01  7.34515587e-05  6.80000538e-01  7.34515587e-05  2.05421637e-06  7.34515587e-05 -1.98542641e-06  7.34515587e-05  5.07879243e-07  7.34515587e-05  1.20000000e+00  7.34515587e-05  0.00000000e+00 
 7.35515587e-05  8.48769616e-01  7.35515587e-05  6.80155394e-01  7.35515587e-05  1.73608473e-06  7.35515587e-05  2.93905479e-06  7.35515587e-05 -5.07704893e-07  7.35515587e-05  1.20000000e+00  7.35515587e-05  0.00000000e+00 
 7.36515587e-05  8.53098287e-01  7.36515587e-05  6.80003037e-01  7.36515587e-05  2.05421843e-06  7.36515587e-05 -1.98524844e-06  7.36515587e-05  5.07883529e-07  7.36515587e-05  1.20000000e+00  7.36515587e-05  0.00000000e+00 
 7.37515587e-05  8.57425444e-01  7.37515587e-05  6.80153130e-01  7.37515587e-05  1.73608270e-06  7.37515587e-05  2.93914472e-06  7.37515587e-05 -5.07708185e-07  7.37515587e-05  1.20000000e+00  7.37515587e-05  0.00000000e+00 
 7.38515587e-05  8.61755281e-01  7.38515587e-05  6.80005476e-01  7.38515587e-05  2.05422043e-06  7.38515587e-05 -1.98507117e-06  7.38515587e-05  5.07887634e-07  7.38515587e-05  1.20000000e+00  7.38515587e-05  0.00000000e+00 
 7.39515587e-05  8.66083614e-01  7.39515587e-05  6.80150951e-01  7.39515587e-05  1.73608074e-06  7.39515587e-05  2.93923709e-06  7.39515587e-05 -5.07711300e-07  7.39515587e-05  1.20000000e+00  7.39515587e-05  0.00000000e+00 
 7.40515587e-05  8.70414624e-01  7.40515587e-05  6.80007864e-01  7.40515587e-05  2.05422234e-06  7.40515587e-05 -1.98489404e-06  7.40515587e-05  5.07891562e-07  7.40515587e-05  1.20000000e+00  7.40515587e-05  0.00000000e+00 
 7.41515587e-05  8.74744138e-01  7.41515587e-05  6.80148853e-01  7.41515587e-05  1.73607886e-06  7.41515587e-05  2.93933207e-06  7.41515587e-05 -5.07714244e-07  7.41515587e-05  1.20000000e+00  7.41515587e-05  0.00000000e+00 
 7.42515587e-05  8.79076332e-01  7.42515587e-05  6.80010213e-01  7.42515587e-05  2.05422418e-06  7.42515587e-05 -1.98471634e-06  7.42515587e-05  5.07895318e-07  7.42515587e-05  1.20000000e+00  7.42515587e-05  0.00000000e+00 
 7.43515587e-05  8.83407038e-01  7.43515587e-05  6.80146833e-01  7.43515587e-05  1.73607706e-06  7.43515587e-05  2.93943012e-06  7.43515587e-05 -5.07717023e-07  7.43515587e-05  1.20000000e+00  7.43515587e-05  0.00000000e+00 
 7.44515587e-05  8.87740430e-01  7.44515587e-05  6.80012535e-01  7.44515587e-05  2.05422595e-06  7.44515587e-05 -1.98453711e-06  7.44515587e-05  5.07898907e-07  7.44515587e-05  1.20000000e+00  7.44515587e-05  0.00000000e+00 
 7.45515587e-05  8.92072350e-01  7.45515587e-05  6.80144891e-01  7.45515587e-05  1.73607532e-06  7.45515587e-05  2.93953203e-06  7.45515587e-05 -5.07719640e-07  7.45515587e-05  1.20000000e+00  7.45515587e-05  0.00000000e+00 
 7.46515587e-05  8.96406966e-01  7.46515587e-05  6.80014846e-01  7.46515587e-05  2.05422765e-06  7.46515587e-05 -1.98435512e-06  7.46515587e-05  5.07902334e-07  7.46515587e-05  1.20000000e+00  7.46515587e-05  0.00000000e+00 
 7.47515587e-05  9.00740130e-01  7.47515587e-05  6.80143026e-01  7.47515587e-05  1.73607366e-06  7.47515587e-05  2.93963900e-06  7.47515587e-05 -5.07722100e-07  7.47515587e-05  1.20000000e+00  7.47515587e-05  0.00000000e+00 
 7.48515587e-05  9.05076010e-01  7.48515587e-05  6.80017161e-01  7.48515587e-05  2.05422928e-06  7.48515587e-05 -1.98416880e-06  7.48515587e-05  5.07905603e-07  7.48515587e-05  1.20000000e+00  7.48515587e-05  0.00000000e+00 
 7.49515587e-05  9.09410466e-01  7.49515587e-05  6.80141239e-01  7.49515587e-05  1.73607206e-06  7.49515587e-05  2.93975268e-06  7.49515587e-05 -5.07724407e-07  7.49515587e-05  1.20000000e+00  7.49515587e-05  0.00000000e+00 
 7.50515587e-05  9.13747666e-01  7.50515587e-05  6.80019495e-01  7.50515587e-05  2.05423085e-06  7.50515587e-05 -1.98397626e-06  7.50515587e-05  5.07908718e-07  7.50515587e-05  1.20000000e+00  7.50515587e-05  0.00000000e+00 
 7.51515587e-05  9.18083480e-01  7.51515587e-05  6.80139535e-01  7.51515587e-05  1.73607053e-06  7.51515587e-05  2.93987516e-06  7.51515587e-05 -5.07726566e-07  7.51515587e-05  1.20000000e+00  7.51515587e-05  0.00000000e+00 
 7.52515587e-05  9.22422075e-01  7.52515587e-05  6.80021864e-01  7.52515587e-05  2.05423235e-06  7.52515587e-05 -1.98377533e-06  7.52515587e-05  5.07911684e-07  7.52515587e-05  1.20000000e+00  7.52515587e-05  0.00000000e+00 
 7.53515587e-05  9.26759336e-01  7.53515587e-05  6.80137917e-01  7.53515587e-05  1.73606907e-06  7.53515587e-05  2.94000894e-06  7.53515587e-05 -5.07728580e-07  7.53515587e-05  1.20000000e+00  7.53515587e-05  0.00000000e+00 
 7.54515587e-05  9.31099426e-01  7.54515587e-05  6.80024282e-01  7.54515587e-05  2.05423378e-06  7.54515587e-05 -1.98356360e-06  7.54515587e-05  5.07914503e-07  7.54515587e-05  1.20000000e+00  7.54515587e-05  0.00000000e+00 
 7.55515587e-05  9.35438246e-01  7.55515587e-05  6.80136391e-01  7.55515587e-05  1.73606766e-06  7.55515587e-05  2.94015677e-06  7.55515587e-05 -5.07730452e-07  7.55515587e-05  1.20000000e+00  7.55515587e-05  0.00000000e+00 
 7.56515587e-05  9.39779952e-01  7.56515587e-05  6.80026761e-01  7.56515587e-05  2.05423515e-06  7.56515587e-05 -1.98333862e-06  7.56515587e-05  5.07917178e-07  7.56515587e-05  1.20000000e+00  7.56515587e-05  0.00000000e+00 
 7.57515587e-05  9.44120467e-01  7.57515587e-05  6.80134963e-01  7.57515587e-05  1.73606633e-06  7.57515587e-05  2.94032155e-06  7.57515587e-05 -5.07732185e-07  7.57515587e-05  1.20000000e+00  7.57515587e-05  0.00000000e+00 
 7.58515587e-05  9.48463936e-01  7.58515587e-05  6.80029312e-01  7.58515587e-05  2.05423646e-06  7.58515587e-05 -1.98309811e-06  7.58515587e-05  5.07919714e-07  7.58515587e-05  1.20000000e+00  7.58515587e-05  0.00000000e+00 
 7.59515587e-05  9.52806305e-01  7.59515587e-05  6.80133640e-01  7.59515587e-05  1.73606505e-06  7.59515587e-05  2.94050600e-06  7.59515587e-05 -5.07733782e-07  7.59515587e-05  1.20000000e+00  7.59515587e-05  0.00000000e+00 
 7.60515587e-05  9.57151701e-01  7.60515587e-05  6.80031941e-01  7.60515587e-05  2.05423770e-06  7.60515587e-05 -1.98284027e-06  7.60515587e-05  5.07922111e-07  7.60515587e-05  1.20000000e+00  7.60515587e-05  0.00000000e+00 
 7.61515587e-05  9.61496099e-01  7.61515587e-05  6.80132431e-01  7.61515587e-05  1.73606384e-06  7.61515587e-05  2.94071238e-06  7.61515587e-05 -5.07735246e-07  7.61515587e-05  1.20000000e+00  7.61515587e-05  0.00000000e+00 
 7.62515587e-05  9.65843598e-01  7.62515587e-05  6.80034656e-01  7.62515587e-05  2.05423888e-06  7.62515587e-05 -1.98256414e-06  7.62515587e-05  5.07924374e-07  7.62515587e-05  1.20000000e+00  7.62515587e-05  0.00000000e+00 
 7.63515587e-05  9.70190209e-01  7.63515587e-05  6.80131347e-01  7.63515587e-05  1.73606268e-06  7.63515587e-05  2.94094207e-06  7.63515587e-05 -5.07736578e-07  7.63515587e-05  1.20000000e+00  7.63515587e-05  0.00000000e+00 
 7.64515587e-05  9.74539990e-01  7.64515587e-05  6.80037465e-01  7.64515587e-05  2.05424001e-06  7.64515587e-05 -1.98226999e-06  7.64515587e-05  5.07926503e-07  7.64515587e-05  1.20000000e+00  7.64515587e-05  0.00000000e+00 
 7.65515587e-05  9.78888993e-01  7.65515587e-05  6.80130400e-01  7.65515587e-05  1.73606159e-06  7.65515587e-05  2.94119514e-06  7.65515587e-05 -5.07737782e-07  7.65515587e-05  1.20000000e+00  7.65515587e-05  0.00000000e+00 
 7.66515587e-05  9.83241221e-01  7.66515587e-05  6.80040377e-01  7.66515587e-05  2.05424107e-06  7.66515587e-05 -1.98195967e-06  7.66515587e-05  5.07928502e-07  7.66515587e-05  1.20000000e+00  7.66515587e-05  0.00000000e+00 
 7.67515587e-05  9.87592776e-01  7.67515587e-05  6.80129606e-01  7.67515587e-05  1.73606056e-06  7.67515587e-05  2.94147006e-06  7.67515587e-05 -5.07738859e-07  7.67515587e-05  1.20000000e+00  7.67515587e-05  0.00000000e+00 
 7.68515587e-05  9.91947589e-01  7.68515587e-05  6.80043405e-01  7.68515587e-05  2.05424208e-06  7.68515587e-05 -1.98163681e-06  7.68515587e-05  5.07930372e-07  7.68515587e-05  1.20000000e+00  7.68515587e-05  0.00000000e+00 
 7.69515587e-05  9.96301819e-01  7.69515587e-05  6.80128976e-01  7.69515587e-05  1.73605958e-06  7.69515587e-05  2.94176339e-06  7.69515587e-05 -5.07739810e-07  7.69515587e-05  1.20000000e+00  7.69515587e-05  0.00000000e+00 
 7.70515587e-05  1.00065931e+00  7.70515587e-05  6.80046562e-01  7.70515587e-05  2.05424303e-06  7.70515587e-05 -1.98130686e-06  7.70515587e-05  5.07932116e-07  7.70515587e-05  1.20000000e+00  7.70515587e-05  0.00000000e+00 
 7.71515587e-05  1.00501628e+00  7.71515587e-05  6.80128516e-01  7.71515587e-05  1.73605867e-06  7.71515587e-05  2.94206993e-06  7.71515587e-05 -5.07740639e-07  7.71515587e-05  1.20000000e+00  7.71515587e-05  0.00000000e+00 
 7.72515587e-05  1.00937648e+00  7.72515587e-05  6.80049856e-01  7.72515587e-05  2.05424392e-06  7.72515587e-05 -1.98097675e-06  7.72515587e-05  5.07933735e-07  7.72515587e-05  1.20000000e+00  7.72515587e-05  0.00000000e+00 
 7.73515587e-05  1.01373621e+00  7.73515587e-05  6.80128225e-01  7.73515587e-05  1.73605780e-06  7.73515587e-05  2.94238300e-06  7.73515587e-05 -5.07741346e-07  7.73515587e-05  1.20000000e+00  7.73515587e-05  0.00000000e+00 
 7.74515587e-05  1.01809908e+00  7.74515587e-05  6.80053279e-01  7.74515587e-05  2.05424475e-06  7.74515587e-05 -1.98065438e-06  7.74515587e-05  5.07935230e-07  7.74515587e-05  1.20000000e+00  7.74515587e-05  0.00000000e+00 
 7.75515587e-05  1.02246149e+00  7.75515587e-05  6.80128088e-01  7.75515587e-05  1.73605700e-06  7.75515587e-05  2.94269509e-06  7.75515587e-05 -5.07741933e-07  7.75515587e-05  1.20000000e+00  7.75515587e-05  0.00000000e+00 
 7.76515587e-05  1.02682694e+00  7.76515587e-05  6.80056811e-01  7.76515587e-05  2.05424553e-06  7.76515587e-05 -1.98034774e-06  7.76515587e-05  5.07936604e-07  7.76515587e-05  1.20000000e+00  7.76515587e-05  0.00000000e+00 
 7.77515587e-05  1.03119190e+00  7.77515587e-05  6.80128083e-01  7.77515587e-05  1.73605625e-06  7.77515587e-05  2.94299865e-06  7.77515587e-05 -5.07742403e-07  7.77515587e-05  1.20000000e+00  7.77515587e-05  0.00000000e+00 
 7.78515587e-05  1.03555975e+00  7.78515587e-05  6.80060414e-01  7.78515587e-05  2.05424625e-06  7.78515587e-05 -1.98006415e-06  7.78515587e-05  5.07937858e-07  7.78515587e-05  1.20000000e+00  7.78515587e-05  0.00000000e+00 
 7.79515587e-05  1.03992707e+00  7.79515587e-05  6.80128180e-01  7.79515587e-05  1.73605556e-06  7.79515587e-05  2.94328687e-06  7.79515587e-05 -5.07742755e-07  7.79515587e-05  1.20000000e+00  7.79515587e-05  0.00000000e+00 
 7.80515587e-05  1.04429710e+00  7.80515587e-05  6.80064035e-01  7.80515587e-05  2.05424692e-06  7.80515587e-05 -1.97980949e-06  7.80515587e-05  5.07938994e-07  7.80515587e-05  1.20000000e+00  7.80515587e-05  0.00000000e+00 
 7.81515587e-05  1.04866654e+00  7.81515587e-05  6.80128350e-01  7.81515587e-05  1.73605492e-06  7.81515587e-05  2.94355423e-06  7.81515587e-05 -5.07742993e-07  7.81515587e-05  1.20000000e+00  7.81515587e-05  0.00000000e+00 
 7.82515587e-05  1.05303850e+00  7.82515587e-05  6.80067616e-01  7.82515587e-05  2.05424753e-06  7.82515587e-05 -1.97958778e-06  7.82515587e-05  5.07940013e-07  7.82515587e-05  1.20000000e+00  7.82515587e-05  0.00000000e+00 
 7.83515587e-05  1.05740979e+00  7.83515587e-05  6.80128569e-01  7.83515587e-05  1.73605433e-06  7.83515587e-05  2.94379685e-06  7.83515587e-05 -5.07743118e-07  7.83515587e-05  1.20000000e+00  7.83515587e-05  0.00000000e+00 
 7.84515587e-05  1.06178342e+00  7.84515587e-05  6.80071102e-01  7.84515587e-05  2.05424810e-06  7.84515587e-05 -1.97940104e-06  7.84515587e-05  5.07940917e-07  7.84515587e-05  1.20000000e+00  7.84515587e-05  0.00000000e+00 
 7.85515587e-05  1.06615627e+00  7.85515587e-05  6.80128813e-01  7.85515587e-05  1.73605380e-06  7.85515587e-05  2.94401260e-06  7.85515587e-05 -5.07743132e-07  7.85515587e-05  1.20000000e+00  7.85515587e-05  0.00000000e+00 
 7.86515587e-05  1.07053127e+00  7.86515587e-05  6.80074443e-01  7.86515587e-05  2.05424861e-06  7.86515587e-05 -1.97924937e-06  7.86515587e-05  5.07941708e-07  7.86515587e-05  1.20000000e+00  7.86515587e-05  0.00000000e+00 
 7.87515587e-05  1.07490542e+00  7.87515587e-05  6.80129069e-01  7.87515587e-05  1.73605331e-06  7.87515587e-05  2.94420087e-06  7.87515587e-05 -5.07743036e-07  7.87515587e-05  1.20000000e+00  7.87515587e-05  0.00000000e+00 
 7.88515587e-05  1.07928153e+00  7.88515587e-05  6.80077602e-01  7.88515587e-05  2.05424907e-06  7.88515587e-05 -1.97913129e-06  7.88515587e-05  5.07942388e-07  7.88515587e-05  1.20000000e+00  7.88515587e-05  0.00000000e+00 
 7.89515587e-05  1.08365669e+00  7.89515587e-05  6.80129325e-01  7.89515587e-05  1.73605287e-06  7.89515587e-05  2.94436237e-06  7.89515587e-05 -5.07742834e-07  7.89515587e-05  1.20000000e+00  7.89515587e-05  0.00000000e+00 
 7.90515587e-05  1.08803367e+00  7.90515587e-05  6.80080553e-01  7.90515587e-05  2.05424949e-06  7.90515587e-05 -1.97904410e-06  7.90515587e-05  5.07942961e-07  7.90515587e-05  1.20000000e+00  7.90515587e-05  0.00000000e+00 
 7.91515587e-05  1.09240961e+00  7.91515587e-05  6.80129574e-01  7.91515587e-05  1.73605248e-06  7.91515587e-05  2.94449877e-06  7.91515587e-05 -5.07742529e-07  7.91515587e-05  1.20000000e+00  7.91515587e-05  0.00000000e+00 
 7.92515587e-05  1.09678723e+00  7.92515587e-05  6.80083285e-01  7.92515587e-05  2.05424986e-06  7.92515587e-05 -1.97898431e-06  7.92515587e-05  5.07943429e-07  7.92515587e-05  1.20000000e+00  7.92515587e-05  0.00000000e+00 
 7.93515587e-05  1.10116374e+00  7.93515587e-05  6.80129811e-01  7.93515587e-05  1.73605213e-06  7.93515587e-05  2.94461235e-06  7.93515587e-05 -5.07742123e-07  7.93515587e-05  1.20000000e+00  7.93515587e-05  0.00000000e+00 
 7.94515587e-05  1.10554180e+00  7.94515587e-05  6.80085797e-01  7.94515587e-05  2.05425019e-06  7.94515587e-05 -1.97894797e-06  7.94515587e-05  5.07943796e-07  7.94515587e-05  1.20000000e+00  7.94515587e-05  0.00000000e+00 
 7.95515587e-05  1.10991868e+00  7.95515587e-05  6.80130033e-01  7.95515587e-05  1.73605183e-06  7.95515587e-05  2.94470577e-06  7.95515587e-05 -5.07741622e-07  7.95515587e-05  1.20000000e+00  7.95515587e-05  0.00000000e+00 
 7.96515587e-05  1.11429703e+00  7.96515587e-05  6.80088097e-01  7.96515587e-05  2.05425048e-06  7.96515587e-05 -1.97893105e-06  7.96515587e-05  5.07944066e-07  7.96515587e-05  1.20000000e+00  7.96515587e-05  0.00000000e+00 
 7.97515587e-05  1.11867414e+00  7.97515587e-05  6.80130234e-01  7.97515587e-05  1.73605155e-06  7.97515587e-05  2.94478176e-06  7.97515587e-05 -5.07741028e-07  7.97515587e-05  1.20000000e+00  7.97515587e-05  0.00000000e+00 
 7.98515587e-05  1.12305263e+00  7.98515587e-05  6.80090199e-01  7.98515587e-05  2.05425073e-06  7.98515587e-05 -1.97892975e-06  7.98515587e-05  5.07944243e-07  7.98515587e-05  1.20000000e+00  7.98515587e-05  0.00000000e+00 
 7.99515587e-05  1.12742984e+00  7.99515587e-05  6.80130412e-01  7.99515587e-05  1.73605132e-06  7.99515587e-05  2.94484280e-06  7.99515587e-05 -5.07740346e-07  7.99515587e-05  1.20000000e+00  7.99515587e-05  0.00000000e+00 
 8.00515587e-05  1.13180837e+00  8.00515587e-05  6.80092122e-01  8.00515587e-05  2.05425094e-06  8.00515587e-05 -1.97894090e-06  8.00515587e-05  5.07944331e-07  8.00515587e-05  1.20000000e+00  8.00515587e-05  0.00000000e+00 
 8.01515587e-05  1.13618557e+00  8.01515587e-05  6.80130563e-01  8.01515587e-05  1.73605113e-06  8.01515587e-05  2.94489069e-06  8.01515587e-05 -5.07739580e-07  8.01515587e-05  1.20000000e+00  8.01515587e-05  0.00000000e+00 
 8.02515587e-05  1.14056405e+00  8.02515587e-05  6.80093885e-01  8.02515587e-05  2.05425113e-06  8.02515587e-05 -1.97896263e-06  8.02515587e-05  5.07944334e-07  8.02515587e-05  1.20000000e+00  8.02515587e-05  0.00000000e+00 
 8.03515587e-05  1.14494116e+00  8.03515587e-05  6.80130683e-01  8.03515587e-05  1.73605096e-06  8.03515587e-05  2.94492567e-06  8.03515587e-05 -5.07738734e-07  8.03515587e-05  1.20000000e+00  8.03515587e-05  0.00000000e+00 
 8.04515587e-05  1.14931948e+00  8.04515587e-05  6.80095506e-01  8.04515587e-05  2.05425128e-06  8.04515587e-05 -1.97899553e-06  8.04515587e-05  5.07944256e-07  8.04515587e-05  1.20000000e+00  8.04515587e-05  0.00000000e+00 
 8.05515587e-05  1.15369638e+00  8.05515587e-05  6.80130770e-01  8.05515587e-05  1.73605082e-06  8.05515587e-05  2.94494497e-06  8.05515587e-05 -5.07737812e-07  8.05515587e-05  1.20000000e+00  8.05515587e-05  0.00000000e+00 
 8.06515587e-05  1.15807441e+00  8.06515587e-05  6.80097003e-01  8.06515587e-05  2.05425141e-06  8.06515587e-05 -1.97904466e-06  8.06515587e-05  5.07944102e-07  8.06515587e-05  1.20000000e+00  8.06515587e-05  0.00000000e+00 
 8.07515587e-05  1.16245092e+00  8.07515587e-05  6.80130820e-01  8.07515587e-05  1.73605071e-06  8.07515587e-05  2.94494006e-06  8.07515587e-05 -5.07736819e-07  8.07515587e-05  1.20000000e+00  8.07515587e-05  0.00000000e+00 
 8.08515587e-05  1.16682844e+00  8.08515587e-05  6.80098392e-01  8.08515587e-05  2.05425151e-06  8.08515587e-05 -1.97912317e-06  8.08515587e-05  5.07943875e-07  8.08515587e-05  1.20000000e+00  8.08515587e-05  0.00000000e+00 
 8.09515587e-05  1.17120423e+00  8.09515587e-05  6.80130830e-01  8.09515587e-05  1.73605062e-06  8.09515587e-05  2.94489212e-06  8.09515587e-05 -5.07735758e-07  8.09515587e-05  1.20000000e+00  8.09515587e-05  0.00000000e+00 
 8.10515587e-05  1.17558078e+00  8.10515587e-05  6.80099685e-01  8.10515587e-05  2.05425158e-06  8.10515587e-05 -1.97925833e-06  8.10515587e-05  5.07943580e-07  8.10515587e-05  1.20000000e+00  8.10515587e-05  0.00000000e+00 
 8.11515587e-05  1.17995525e+00  8.11515587e-05  6.80130793e-01  8.11515587e-05  1.73605056e-06  8.11515587e-05  2.94476428e-06  8.11515587e-05 -5.07734633e-07  8.11515587e-05  1.20000000e+00  8.11515587e-05  0.00000000e+00 
 8.12515587e-05  1.18432998e+00  8.12515587e-05  6.80100886e-01  8.12515587e-05  2.05425163e-06  8.12515587e-05 -1.97950122e-06  8.12515587e-05  5.07943218e-07  8.12515587e-05  1.20000000e+00  8.12515587e-05  0.00000000e+00 
 8.13515587e-05  1.18870197e+00  8.13515587e-05  6.80130703e-01  8.13515587e-05  1.73605052e-06  8.13515587e-05  2.94448983e-06  8.13515587e-05 -5.07733446e-07  8.13515587e-05  1.20000000e+00  8.13515587e-05  0.00000000e+00 
 8.14515587e-05  1.19307331e+00  8.14515587e-05  6.80101996e-01  8.14515587e-05  2.05425166e-06  8.14515587e-05 -1.97994134e-06  8.14515587e-05  5.07942794e-07  8.14515587e-05  1.20000000e+00  8.14515587e-05  0.00000000e+00 
 8.15515587e-05  1.19744073e+00  8.15515587e-05  6.80130548e-01  8.15515587e-05  1.73605051e-06  8.15515587e-05  2.94395482e-06  8.15515587e-05 -5.07732202e-07  8.15515587e-05  1.20000000e+00  8.15515587e-05  0.00000000e+00 
 8.16515587e-05  1.20180594e+00  8.16515587e-05  6.80103006e-01  8.16515587e-05  2.05425166e-06  8.16515587e-05 -1.98072674e-06  8.16515587e-05  5.07942310e-07  8.16515587e-05  1.20000000e+00  8.16515587e-05  0.00000000e+00 
 8.17515587e-05  1.20616520e+00  8.17515587e-05  6.80130309e-01  8.17515587e-05  1.73605052e-06  8.17515587e-05  2.94297543e-06  8.17515587e-05 -5.07730903e-07  8.17515587e-05  1.20000000e+00  8.17515587e-05  0.00000000e+00 
 8.18515587e-05  1.21051962e+00  8.18515587e-05  6.80103894e-01  8.18515587e-05  2.05425164e-06  8.18515587e-05 -1.98208879e-06  8.18515587e-05  5.07941769e-07  8.18515587e-05  1.20000000e+00  8.18515587e-05  0.00000000e+00 
 8.19515587e-05  1.21486479e+00  8.19515587e-05  6.80129959e-01  8.19515587e-05  1.73605054e-06  8.19515587e-05  2.94127221e-06  8.19515587e-05 -5.07729552e-07  8.19515587e-05  1.20000000e+00  8.19515587e-05  0.00000000e+00 
 8.20515587e-05  1.21920095e+00  8.20515587e-05  6.80104627e-01  8.20515587e-05  2.05425161e-06  8.20515587e-05 -1.98436724e-06  8.20515587e-05  5.07941171e-07  8.20515587e-05  1.20000000e+00  8.20515587e-05  0.00000000e+00 
 8.21515587e-05  1.22352276e+00  8.21515587e-05  6.80129458e-01  8.21515587e-05  1.73605059e-06  8.21515587e-05  2.93844744e-06  8.21515587e-05 -5.07728153e-07  8.21515587e-05  1.20000000e+00  8.21515587e-05  0.00000000e+00 
 8.22515587e-05  1.22782926e+00  8.22515587e-05  6.80105157e-01  8.22515587e-05  2.05425155e-06  8.22515587e-05 -1.98802725e-06  8.22515587e-05  5.07940519e-07  8.22515587e-05  1.20000000e+00  8.22515587e-05  0.00000000e+00 
 8.23515587e-05  1.23211392e+00  8.23515587e-05  6.80128755e-01  8.23515587e-05  1.73605066e-06  8.23515587e-05  2.93397600e-06  8.23515587e-05 -5.07726707e-07  8.23515587e-05  1.20000000e+00  8.23515587e-05  0.00000000e+00 
 8.24515587e-05  1.23637431e+00  8.24515587e-05  6.80105422e-01  8.24515587e-05  2.05425148e-06  8.24515587e-05 -1.99365677e-06  8.24515587e-05  5.07939813e-07  8.24515587e-05  1.20000000e+00  8.24515587e-05  0.00000000e+00 
 8.25515587e-05  1.24060247e+00  8.25515587e-05  6.80127789e-01  8.25515587e-05  1.73605075e-06  8.25515587e-05  2.92722150e-06  8.25515587e-05 -5.07725220e-07  8.25515587e-05  1.20000000e+00  8.25515587e-05  0.00000000e+00 
 8.26515587e-05  1.24479432e+00  8.26515587e-05  6.80105355e-01  8.26515587e-05  2.05425138e-06  8.26515587e-05 -2.00193369e-06  8.26515587e-05  5.07939053e-07  8.26515587e-05  1.20000000e+00  8.26515587e-05  0.00000000e+00 
 8.27515587e-05  1.24894039e+00  8.27515587e-05  6.80126497e-01  8.27515587e-05  1.73605085e-06  8.27515587e-05  2.91748565e-06  8.27515587e-05 -5.07723695e-07  8.27515587e-05  1.20000000e+00  8.27515587e-05  0.00000000e+00 
 8.28515587e-05  1.25303493e+00  8.28515587e-05  6.80104886e-01  8.28515587e-05  2.05425127e-06  8.28515587e-05 -2.01355935e-06  8.28515587e-05  5.07938239e-07  8.28515587e-05  1.20000000e+00  8.28515587e-05  0.00000000e+00 
 8.29515587e-05  1.25706704e+00  8.29515587e-05  6.80124816e-01  8.29515587e-05  1.73605098e-06  8.29515587e-05  2.90408906e-06  8.29515587e-05 -5.07722135e-07  8.29515587e-05  1.20000000e+00  8.29515587e-05  0.00000000e+00 
 8.30515587e-05  1.26102955e+00  8.30515587e-05  6.80103958e-01  8.30515587e-05  2.05425114e-06  8.30515587e-05 -2.02916607e-06  8.30515587e-05  5.07937370e-07  8.30515587e-05  1.20000000e+00  8.30515587e-05  0.00000000e+00 
 8.31515587e-05  1.26491045e+00  8.31515587e-05  6.80122700e-01  8.31515587e-05  1.73605112e-06  8.31515587e-05  2.88647121e-06  8.31515587e-05 -5.07720547e-07  8.31515587e-05  1.20000000e+00  8.31515587e-05  0.00000000e+00 
 8.32515587e-05  1.26870159e+00  8.32515587e-05  6.80102531e-01  8.32515587e-05  2.05425100e-06  8.32515587e-05 -2.04921445e-06  8.32515587e-05  5.07936443e-07  8.32515587e-05  1.20000000e+00  8.32515587e-05  0.00000000e+00 
 8.33515587e-05  1.27239042e+00  8.33515587e-05  6.80120125e-01  8.33515587e-05  1.73605128e-06  8.33515587e-05  2.86429222e-06  8.33515587e-05 -5.07718935e-07  8.33515587e-05  1.20000000e+00  8.33515587e-05  0.00000000e+00 
 8.34515587e-05  1.27596845e+00  8.34515587e-05  6.80100596e-01  8.34515587e-05  2.05425084e-06  8.34515587e-05 -2.07389682e-06  8.34515587e-05  5.07935458e-07  8.34515587e-05  1.20000000e+00  8.34515587e-05  0.00000000e+00 
 8.35515587e-05  1.27942336e+00  8.35515587e-05  6.80117103e-01  8.35515587e-05  1.73605145e-06  8.35515587e-05  2.83752201e-06  8.35515587e-05 -5.07717304e-07  8.35515587e-05  1.20000000e+00  8.35515587e-05  0.00000000e+00 
 8.36515587e-05  1.28274716e+00  8.36515587e-05  6.80098180e-01  8.36515587e-05  2.05425066e-06  8.36515587e-05 -2.10305898e-06  8.36515587e-05  5.07934412e-07  8.36515587e-05  1.20000000e+00  8.36515587e-05  0.00000000e+00 
 8.37515587e-05  1.28592859e+00  8.37515587e-05  6.80113683e-01  8.37515587e-05  1.73605164e-06  8.37515587e-05  2.80650585e-06  8.37515587e-05 -5.07715659e-07  8.37515587e-05  1.20000000e+00  8.37515587e-05  0.00000000e+00 
 8.38515587e-05  1.28896113e+00  8.38515587e-05  6.80095354e-01  8.38515587e-05  2.05425047e-06  8.38515587e-05 -2.13615038e-06  8.38515587e-05  5.07933305e-07  8.38515587e-05  1.20000000e+00  8.38515587e-05  0.00000000e+00 
 8.39515587e-05  1.29183547e+00  8.39515587e-05  6.80109960e-01  8.39515587e-05  1.73605185e-06  8.39515587e-05  2.77199522e-06  8.39515587e-05 -5.07714005e-07  8.39515587e-05  1.20000000e+00  8.39515587e-05  0.00000000e+00 
 8.40515587e-05  1.29454748e+00  8.40515587e-05  6.80092229e-01  8.40515587e-05  2.05425027e-06  8.40515587e-05 -2.17221635e-06  8.40515587e-05  5.07932134e-07  8.40515587e-05  1.20000000e+00  8.40515587e-05  0.00000000e+00 
 8.41515587e-05  1.29709065e+00  8.41515587e-05  6.80106073e-01  8.41515587e-05  1.73605207e-06  8.41515587e-05  2.73512753e-06  8.41515587e-05 -5.07712346e-07  8.41515587e-05  1.20000000e+00  8.41515587e-05  0.00000000e+00 
 8.42515587e-05  1.29946400e+00  8.42515587e-05  6.80088953e-01  8.42515587e-05  2.05425005e-06  8.42515587e-05 -2.20995032e-06  8.42515587e-05  5.07930900e-07  8.42515587e-05  1.20000000e+00  8.42515587e-05  0.00000000e+00 
 8.43515587e-05  1.30166440e+00  8.43515587e-05  6.80102184e-01  8.43515587e-05  1.73605230e-06  8.43515587e-05  2.69733790e-06  8.43515587e-05 -5.07710684e-07  8.43515587e-05  1.20000000e+00  8.43515587e-05  0.00000000e+00 
 8.44515587e-05  1.30369444e+00  8.44515587e-05  6.80085694e-01  8.44515587e-05  2.05424982e-06  8.44515587e-05 -2.24781932e-06  8.44515587e-05  5.07929605e-07  8.44515587e-05  1.20000000e+00  8.44515587e-05  0.00000000e+00 
 8.45515587e-05  1.30555454e+00  8.45515587e-05  6.80098465e-01  8.45515587e-05  1.73605254e-06  8.45515587e-05  2.66019800e-06  8.45515587e-05 -5.07709022e-07  8.45515587e-05  1.20000000e+00  8.45515587e-05  0.00000000e+00 
 8.46515587e-05  1.30725086e+00  8.46515587e-05  6.80082614e-01  8.46515587e-05  2.05424958e-06  8.46515587e-05 -2.28425591e-06  8.46515587e-05  5.07928250e-07  8.46515587e-05  1.20000000e+00  8.46515587e-05  0.00000000e+00 
 8.47515587e-05  1.30878704e+00  8.47515587e-05  6.80095065e-01  8.47515587e-05  1.73605279e-06  8.47515587e-05  2.62520399e-06  8.47515587e-05 -5.07707359e-07  8.47515587e-05  1.20000000e+00  8.47515587e-05  0.00000000e+00 
 8.48515587e-05  1.31017229e+00  8.48515587e-05  6.80079846e-01  8.48515587e-05  2.05424933e-06  8.48515587e-05 -2.31787842e-06  8.48515587e-05  5.07926839e-07  8.48515587e-05  1.20000000e+00  8.48515587e-05  0.00000000e+00 
 8.49257844e-05  1.31110577e+00  8.49257844e-05  6.80092387e-01  8.49257844e-05  1.73605310e-06  8.49257844e-05  2.59743029e-06  8.49257844e-05 -5.07705437e-07  8.49257844e-05  1.20000000e+00  8.49257844e-05  0.00000000e+00 
 8.50000100e-05  1.31196499e+00  8.50000100e-05  6.80078157e-01  8.50000100e-05  2.05424898e-06  8.50000100e-05 -2.34040182e-06  8.50000100e-05  5.07924805e-07  8.50000100e-05  1.20000000e+00  8.50000100e-05  0.00000000e+00 
 8.50000110e-05  1.31195070e+00  8.50000110e-05  6.77340523e-01  8.50000110e-05  2.54644529e-06  8.50000110e-05 -8.88664166e-06  8.50000110e-05  1.95399257e-06  8.50000110e-05  1.08000000e+00  8.50000110e-05  0.00000000e+00 
 8.50000130e-05  1.31191458e+00  8.50000130e-05  6.71045155e-01  8.50000130e-05  2.78241297e-06  8.50000130e-05 -9.23050269e-06  8.50000130e-05  2.67031509e-06  8.50000130e-05  8.40000000e-01  8.50000130e-05  0.00000000e+00 
 8.50000165e-05  1.31184342e+00  8.50000165e-05  6.61481017e-01  8.50000165e-05  2.39362121e-06  8.50000165e-05  7.60483098e-07  8.50000165e-05  1.37851306e-06  8.50000165e-05  4.20000000e-01  8.50000165e-05  0.00000000e+00 
 8.50000200e-05  1.31177539e+00  8.50000200e-05  6.55875635e-01  8.50000200e-05  2.25415299e-06  8.50000200e-05  3.41137825e-06  8.50000200e-05  9.29455921e-07  8.50000200e-05  0.00000000e+00  8.50000200e-05  0.00000000e+00 
 8.50000207e-05  1.31177372e+00  8.50000207e-05  6.56516772e-01  8.50000207e-05  1.73288582e-06  8.50000207e-05  4.75817057e-06  8.50000207e-05 -6.12614552e-07  8.50000207e-05  0.00000000e+00  8.50000207e-05  0.00000000e+00 
 8.50000221e-05  1.31177197e+00  8.50000221e-05  6.57860818e-01  8.50000221e-05  1.66474759e-06  8.50000221e-05  6.08174636e-06  8.50000221e-05 -8.89442635e-07  8.50000221e-05  0.00000000e+00  8.50000221e-05  0.00000000e+00 
 8.50000249e-05  1.31177016e+00  8.50000249e-05  6.60420553e-01  8.50000249e-05  1.73940921e-06  8.50000249e-05  5.78202735e-06  8.50000249e-05 -5.44646322e-07  8.50000249e-05  0.00000000e+00  8.50000249e-05  0.00000000e+00 
 8.50000305e-05  1.31177017e+00  8.50000305e-05  6.64988306e-01  8.50000305e-05  1.69897686e-06  8.50000305e-05  6.11167901e-06  8.50000305e-05 -6.81848395e-07  8.50000305e-05  0.00000000e+00  8.50000305e-05  0.00000000e+00 
 8.50000417e-05  1.31178167e+00  8.50000417e-05  6.72219613e-01  8.50000417e-05  1.79604708e-06  8.50000417e-05  2.95900341e-06  8.50000417e-05 -2.64689551e-07  8.50000417e-05  0.00000000e+00  8.50000417e-05  0.00000000e+00 
 8.50000641e-05  1.31183677e+00  8.50000641e-05  6.82578981e-01  8.50000641e-05  1.75820216e-06  8.50000641e-05 -1.95667637e-08  8.50000641e-05 -3.98697288e-07  8.50000641e-05  0.00000000e+00  8.50000641e-05  0.00000000e+00 
 8.50001089e-05  1.31199485e+00  8.50001089e-05  6.94766445e-01  8.50001089e-05  1.86411761e-06  8.50001089e-05 -3.81399686e-06  8.50001089e-05  8.62116484e-09  8.50001089e-05  0.00000000e+00  8.50001089e-05  0.00000000e+00 
 8.50001724e-05  1.31221933e+00  8.50001724e-05  7.04709520e-01  8.50001724e-05  1.81174291e-06  8.50001724e-05 -3.60155809e-06  8.50001724e-05 -2.24128174e-07  8.50001724e-05  0.00000000e+00  8.50001724e-05  0.00000000e+00 
 8.50002894e-05  1.31242473e+00  8.50002894e-05  7.10610084e-01  8.50002894e-05  1.93556198e-06  8.50002894e-05 -4.61566640e-06  8.50002894e-05  1.72185628e-07  8.50002894e-05  0.00000000e+00  8.50002894e-05  0.00000000e+00 
 8.50004231e-05  1.31244006e+00  8.50004231e-05  7.00608942e-01  8.50004231e-05  1.90136015e-06  8.50004231e-05 -1.80634323e-06  8.50004231e-05 -4.04515166e-08  8.50004231e-05  0.00000000e+00  8.50004231e-05  0.00000000e+00 
 8.50005791e-05  1.31243660e+00  8.50005791e-05  6.91299102e-01  8.50005791e-05  1.93790204e-06  8.50005791e-05 -1.90015821e-06  8.50005791e-05  1.40137140e-07  8.50005791e-05  0.00000000e+00  8.50005791e-05  0.00000000e+00 
 8.50007490e-05  1.31243619e+00  8.50007490e-05  6.85489003e-01  8.50007490e-05  1.87987595e-06  8.50007490e-05 -8.99481980e-07  8.50007490e-05 -8.67072246e-08  8.50007490e-05  0.00000000e+00  8.50007490e-05  0.00000000e+00 
 8.50010572e-05  1.31243603e+00  8.50010572e-05  6.80422352e-01  8.50010572e-05  1.92274589e-06  8.50010572e-05 -8.66481973e-07  8.50010572e-05  1.08393602e-07  8.50010572e-05  0.00000000e+00  8.50010572e-05  0.00000000e+00 
 8.50016736e-05  1.31243581e+00  8.50016736e-05  6.77826897e-01  8.50016736e-05  1.86956708e-06  8.50016736e-05 -5.15326576e-08  8.50016736e-05 -1.06917593e-07  8.50016736e-05  0.00000000e+00  8.50016736e-05  0.00000000e+00 
 8.50029063e-05  1.31243256e+00  8.50029063e-05  6.78370932e-01  8.50029063e-05  1.91953957e-06  8.50029063e-05 -2.46192526e-07  8.50029063e-05  1.02914235e-07  8.50029063e-05  0.00000000e+00  8.50029063e-05  0.00000000e+00 
 8.50053717e-05  1.31242542e+00  8.50053717e-05  6.79289970e-01  8.50053717e-05  1.87023735e-06  8.50053717e-05  2.02327148e-07  8.50053717e-05 -1.04048498e-07  8.50053717e-05  0.00000000e+00  8.50053717e-05  0.00000000e+00 
 8.50093802e-05  1.31241657e+00  8.50093802e-05  6.79798209e-01  8.50093802e-05  1.91993449e-06  8.50093802e-05 -2.01723662e-07  8.50093802e-05  1.04266585e-07  8.50093802e-05  0.00000000e+00  8.50093802e-05  0.00000000e+00 
 8.50173971e-05  1.31240237e+00  8.50173971e-05  6.80058112e-01  8.50173971e-05  1.87034558e-06  8.50173971e-05  1.99421017e-07  8.50173971e-05 -1.04008269e-07  8.50173971e-05  0.00000000e+00  8.50173971e-05  0.00000000e+00 
 8.50334309e-05  1.31238487e+00  8.50334309e-05  6.80087333e-01  8.50334309e-05  1.91996031e-06  8.50334309e-05 -1.98848751e-07  8.50334309e-05  1.04226405e-07  8.50334309e-05  0.00000000e+00  8.50334309e-05  0.00000000e+00 
 8.50654986e-05  1.31237065e+00  8.50654986e-05  6.80064800e-01  8.50654986e-05  1.87034177e-06  8.50654986e-05  1.98622864e-07  8.50654986e-05 -1.04004464e-07  8.50654986e-05  0.00000000e+00  8.50654986e-05  0.00000000e+00 
 8.51296340e-05  1.31236467e+00  8.51296340e-05  6.80085817e-01  8.51296340e-05  1.91996051e-06  8.51296340e-05 -1.98469321e-07  8.51296340e-05  1.04224208e-07  8.51296340e-05  0.00000000e+00  8.51296340e-05  0.00000000e+00 
 8.52296340e-05  1.31236078e+00  8.52296340e-05  6.80064758e-01  8.52296340e-05  1.87034180e-06  8.52296340e-05  1.98420329e-07  8.52296340e-05 -1.04003211e-07  8.52296340e-05  0.00000000e+00  8.52296340e-05  0.00000000e+00 
 8.53296340e-05  1.31235607e+00  8.53296340e-05  6.80086028e-01  8.53296340e-05  1.91996045e-06  8.53296340e-05 -1.98313509e-07  8.53296340e-05  1.04223207e-07  8.53296340e-05  0.00000000e+00  8.53296340e-05  0.00000000e+00 
 8.54296340e-05  1.31235165e+00  8.54296340e-05  6.80064504e-01  8.54296340e-05  1.87034188e-06  8.54296340e-05  1.98267274e-07  8.54296340e-05 -1.04002195e-07  8.54296340e-05  0.00000000e+00  8.54296340e-05  0.00000000e+00 
 8.55296340e-05  1.31234714e+00  8.55296340e-05  6.80086316e-01  8.55296340e-05  1.91996034e-06  8.55296340e-05 -1.98162985e-07  8.55296340e-05  1.04222175e-07  8.55296340e-05  0.00000000e+00  8.55296340e-05  0.00000000e+00 
 8.56296340e-05  1.31234264e+00  8.56296340e-05  6.80064189e-01  8.56296340e-05  1.87034201e-06  8.56296340e-05  1.98119235e-07  8.56296340e-05 -1.04001148e-07  8.56296340e-05  0.00000000e+00  8.56296340e-05  0.00000000e+00 
 8.57296340e-05  1.31233816e+00  8.57296340e-05  6.80086648e-01  8.57296340e-05  1.91996020e-06  8.57296340e-05 -1.98017350e-07  8.57296340e-05  1.04221112e-07  8.57296340e-05  0.00000000e+00  8.57296340e-05  0.00000000e+00 
 8.58296340e-05  1.31233366e+00  8.58296340e-05  6.80063841e-01  8.58296340e-05  1.87034216e-06  8.58296340e-05  1.97975955e-07  8.58296340e-05 -1.04000071e-07  8.58296340e-05  0.00000000e+00  8.58296340e-05  0.00000000e+00 
 8.59296340e-05  1.31232918e+00  8.59296340e-05  6.80087005e-01  8.59296340e-05  1.91996003e-06  8.59296340e-05 -1.97876344e-07  8.59296340e-05  1.04220019e-07  8.59296340e-05  0.00000000e+00  8.59296340e-05  0.00000000e+00 
 8.60296340e-05  1.31232468e+00  8.60296340e-05  6.80063476e-01  8.60296340e-05  1.87034234e-06  8.60296340e-05  1.97837172e-07  8.60296340e-05 -1.03998964e-07  8.60296340e-05  0.00000000e+00  8.60296340e-05  0.00000000e+00 
 8.61296340e-05  1.31232020e+00  8.61296340e-05  6.80087372e-01  8.61296340e-05  1.91995984e-06  8.61296340e-05 -1.97739705e-07  8.61296340e-05  1.04218897e-07  8.61296340e-05  0.00000000e+00  8.61296340e-05  0.00000000e+00 
 8.62296340e-05  1.31231570e+00  8.62296340e-05  6.80063105e-01  8.62296340e-05  1.87034254e-06  8.62296340e-05  1.97702629e-07  8.62296340e-05 -1.03997828e-07  8.62296340e-05  0.00000000e+00  8.62296340e-05  0.00000000e+00 
 8.63296340e-05  1.31231122e+00  8.63296340e-05  6.80087741e-01  8.63296340e-05  1.91995964e-06  8.63296340e-05 -1.97607182e-07  8.63296340e-05  1.04217746e-07  8.63296340e-05  0.00000000e+00  8.63296340e-05  0.00000000e+00 
 8.64296340e-05  1.31230673e+00  8.64296340e-05  6.80062734e-01  8.64296340e-05  1.87034275e-06  8.64296340e-05  1.97572079e-07  8.64296340e-05 -1.03996664e-07  8.64296340e-05  0.00000000e+00  8.64296340e-05  0.00000000e+00 
 8.65296340e-05  1.31230224e+00  8.65296340e-05  6.80088108e-01  8.65296340e-05  1.91995942e-06  8.65296340e-05 -1.97478532e-07  8.65296340e-05  1.04216567e-07  8.65296340e-05  0.00000000e+00  8.65296340e-05  0.00000000e+00 
 8.66296340e-05  1.31229775e+00  8.66296340e-05  6.80062368e-01  8.66296340e-05  1.87034298e-06  8.66296340e-05  1.97445286e-07  8.66296340e-05 -1.03995471e-07  8.66296340e-05  0.00000000e+00  8.66296340e-05  0.00000000e+00 
 8.67296340e-05  1.31229327e+00  8.67296340e-05  6.80088469e-01  8.67296340e-05  1.91995918e-06  8.67296340e-05 -1.97353525e-07  8.67296340e-05  1.04215359e-07  8.67296340e-05  0.00000000e+00  8.67296340e-05  0.00000000e+00 
 8.68296340e-05  1.31228878e+00  8.68296340e-05  6.80062010e-01  8.68296340e-05  1.87034322e-06  8.68296340e-05  1.97322025e-07  8.68296340e-05 -1.03994250e-07  8.68296340e-05  0.00000000e+00  8.68296340e-05  0.00000000e+00 
 8.69296340e-05  1.31228430e+00  8.69296340e-05  6.80088821e-01  8.69296340e-05  1.91995894e-06  8.69296340e-05 -1.97231943e-07  8.69296340e-05  1.04214124e-07  8.69296340e-05  0.00000000e+00  8.69296340e-05  0.00000000e+00 
 8.70296340e-05  1.31227981e+00  8.70296340e-05  6.80061661e-01  8.70296340e-05  1.87034347e-06  8.70296340e-05  1.97202084e-07  8.70296340e-05 -1.03993002e-07  8.70296340e-05  0.00000000e+00  8.70296340e-05  0.00000000e+00 
 8.71296340e-05  1.31227533e+00  8.71296340e-05  6.80089163e-01  8.71296340e-05  1.91995868e-06  8.71296340e-05 -1.97113579e-07  8.71296340e-05  1.04212861e-07  8.71296340e-05  0.00000000e+00  8.71296340e-05  0.00000000e+00 
 8.72296340e-05  1.31227085e+00  8.72296340e-05  6.80061322e-01  8.72296340e-05  1.87034374e-06  8.72296340e-05  1.97085263e-07  8.72296340e-05 -1.03991727e-07  8.72296340e-05  0.00000000e+00  8.72296340e-05  0.00000000e+00 
 8.73296340e-05  1.31226637e+00  8.73296340e-05  6.80089495e-01  8.73296340e-05  1.91995841e-06  8.73296340e-05 -1.96998240e-07  8.73296340e-05  1.04211572e-07  8.73296340e-05  0.00000000e+00  8.73296340e-05  0.00000000e+00 
 8.74296340e-05  1.31226189e+00  8.74296340e-05  6.80060995e-01  8.74296340e-05  1.87034401e-06  8.74296340e-05  1.96971374e-07  8.74296340e-05 -1.03990425e-07  8.74296340e-05  0.00000000e+00  8.74296340e-05  0.00000000e+00 
 8.75296340e-05  1.31225740e+00  8.75296340e-05  6.80089815e-01  8.75296340e-05  1.91995813e-06  8.75296340e-05 -1.96885743e-07  8.75296340e-05  1.04210257e-07  8.75296340e-05  0.00000000e+00  8.75296340e-05  0.00000000e+00 
 8.76296340e-05  1.31225292e+00  8.76296340e-05  6.80060678e-01  8.76296340e-05  1.87034430e-06  8.76296340e-05  1.96860240e-07  8.76296340e-05 -1.03989098e-07  8.76296340e-05  0.00000000e+00  8.76296340e-05  0.00000000e+00 
 8.77296340e-05  1.31224844e+00  8.77296340e-05  6.80090125e-01  8.77296340e-05  1.91995784e-06  8.77296340e-05 -1.96775918e-07  8.77296340e-05  1.04208916e-07  8.77296340e-05  0.00000000e+00  8.77296340e-05  0.00000000e+00 
 8.78296340e-05  1.31224397e+00  8.78296340e-05  6.80060372e-01  8.78296340e-05  1.87034459e-06  8.78296340e-05  1.96751697e-07  8.78296340e-05 -1.03987745e-07  8.78296340e-05  0.00000000e+00  8.78296340e-05  0.00000000e+00 
 8.79296340e-05  1.31223948e+00  8.79296340e-05  6.80090423e-01  8.79296340e-05  1.91995754e-06  8.79296340e-05 -1.96668605e-07  8.79296340e-05  1.04207550e-07  8.79296340e-05  0.00000000e+00  8.79296340e-05  0.00000000e+00 
 8.80296340e-05  1.31223501e+00  8.80296340e-05  6.80060078e-01  8.80296340e-05  1.87034490e-06  8.80296340e-05  1.96645589e-07  8.80296340e-05 -1.03986368e-07  8.80296340e-05  0.00000000e+00  8.80296340e-05  0.00000000e+00 
 8.81296340e-05  1.31223053e+00  8.81296340e-05  6.80090711e-01  8.81296340e-05  1.91995723e-06  8.81296340e-05 -1.96563653e-07  8.81296340e-05  1.04206161e-07  8.81296340e-05  0.00000000e+00  8.81296340e-05  0.00000000e+00 
 8.82296340e-05  1.31222606e+00  8.82296340e-05  6.80059795e-01  8.82296340e-05  1.87034521e-06  8.82296340e-05  1.96541772e-07  8.82296340e-05 -1.03984968e-07  8.82296340e-05  0.00000000e+00  8.82296340e-05  0.00000000e+00 
 8.83296340e-05  1.31222157e+00  8.83296340e-05  6.80090987e-01  8.83296340e-05  1.91995691e-06  8.83296340e-05 -1.96460922e-07  8.83296340e-05  1.04204747e-07  8.83296340e-05  0.00000000e+00  8.83296340e-05  0.00000000e+00 
 8.84296340e-05  1.31221710e+00  8.84296340e-05  6.80059523e-01  8.84296340e-05  1.87034553e-06  8.84296340e-05  1.96440108e-07  8.84296340e-05 -1.03983544e-07  8.84296340e-05  0.00000000e+00  8.84296340e-05  0.00000000e+00 
 8.85296340e-05  1.31221262e+00  8.85296340e-05  6.80091253e-01  8.85296340e-05  1.91995658e-06  8.85296340e-05 -1.96360280e-07  8.85296340e-05  1.04203311e-07  8.85296340e-05  0.00000000e+00  8.85296340e-05  0.00000000e+00 
 8.86296340e-05  1.31220815e+00  8.86296340e-05  6.80059261e-01  8.86296340e-05  1.87034586e-06  8.86296340e-05  1.96340470e-07  8.86296340e-05 -1.03982097e-07  8.86296340e-05  0.00000000e+00  8.86296340e-05  0.00000000e+00 
 8.87296340e-05  1.31220367e+00  8.87296340e-05  6.80091508e-01  8.87296340e-05  1.91995625e-06  8.87296340e-05 -1.96261604e-07  8.87296340e-05  1.04201853e-07  8.87296340e-05  0.00000000e+00  8.87296340e-05  0.00000000e+00 
 8.88296340e-05  1.31219921e+00  8.88296340e-05  6.80059010e-01  8.88296340e-05  1.87034620e-06  8.88296340e-05  1.96242740e-07  8.88296340e-05 -1.03980629e-07  8.88296340e-05  0.00000000e+00  8.88296340e-05  0.00000000e+00 
 8.89296340e-05  1.31219472e+00  8.89296340e-05  6.80091752e-01  8.89296340e-05  1.91995590e-06  8.89296340e-05 -1.96164779e-07  8.89296340e-05  1.04200374e-07  8.89296340e-05  0.00000000e+00  8.89296340e-05  0.00000000e+00 
 8.90296340e-05  1.31219026e+00  8.90296340e-05  6.80058769e-01  8.90296340e-05  1.87034655e-06  8.90296340e-05  1.96146806e-07  8.90296340e-05 -1.03979141e-07  8.90296340e-05  0.00000000e+00  8.90296340e-05  0.00000000e+00 
 8.91296340e-05  1.31218578e+00  8.91296340e-05  6.80091987e-01  8.91296340e-05  1.91995555e-06  8.91296340e-05 -1.96069696e-07  8.91296340e-05  1.04198874e-07  8.91296340e-05  0.00000000e+00  8.91296340e-05  0.00000000e+00 
 8.92296340e-05  1.31218132e+00  8.92296340e-05  6.80058538e-01  8.92296340e-05  1.87034690e-06  8.92296340e-05  1.96052562e-07  8.92296340e-05 -1.03977631e-07  8.92296340e-05  0.00000000e+00  8.92296340e-05  0.00000000e+00 
 8.93296340e-05  1.31217684e+00  8.93296340e-05  6.80092212e-01  8.93296340e-05  1.91995520e-06  8.93296340e-05 -1.95976255e-07  8.93296340e-05  1.04197354e-07  8.93296340e-05  0.00000000e+00  8.93296340e-05  0.00000000e+00 
 8.94296340e-05  1.31217238e+00  8.94296340e-05  6.80058317e-01  8.94296340e-05  1.87034727e-06  8.94296340e-05  1.95959912e-07  8.94296340e-05 -1.03976103e-07  8.94296340e-05  0.00000000e+00  8.94296340e-05  0.00000000e+00 
 8.95296340e-05  1.31216790e+00  8.95296340e-05  6.80092427e-01  8.95296340e-05  1.91995483e-06  8.95296340e-05 -1.95884361e-07  8.95296340e-05  1.04195816e-07  8.95296340e-05  0.00000000e+00  8.95296340e-05  0.00000000e+00 
 8.96296340e-05  1.31216344e+00  8.96296340e-05  6.80058105e-01  8.96296340e-05  1.87034763e-06  8.96296340e-05  1.95868764e-07  8.96296340e-05 -1.03974555e-07  8.96296340e-05  0.00000000e+00  8.96296340e-05  0.00000000e+00 
 8.97296340e-05  1.31215896e+00  8.97296340e-05  6.80092634e-01  8.97296340e-05  1.91995446e-06  8.97296340e-05 -1.95793925e-07  8.97296340e-05  1.04194258e-07  8.97296340e-05  0.00000000e+00  8.97296340e-05  0.00000000e+00 
 8.98296340e-05  1.31215451e+00  8.98296340e-05  6.80057902e-01  8.98296340e-05  1.87034801e-06  8.98296340e-05  1.95779033e-07  8.98296340e-05 -1.03972990e-07  8.98296340e-05  0.00000000e+00  8.98296340e-05  0.00000000e+00 
 8.99296340e-05  1.31215002e+00  8.99296340e-05  6.80092831e-01  8.99296340e-05  1.91995408e-06  8.99296340e-05 -1.95704865e-07  8.99296340e-05  1.04192683e-07  8.99296340e-05  0.00000000e+00  8.99296340e-05  0.00000000e+00 
 9.00296340e-05  1.31214557e+00  9.00296340e-05  6.80057709e-01  9.00296340e-05  1.87034839e-06  9.00296340e-05  1.95690637e-07  9.00296340e-05 -1.03971407e-07  9.00296340e-05  0.00000000e+00  9.00296340e-05  0.00000000e+00 
 9.01296340e-05  1.31214109e+00  9.01296340e-05  6.80093020e-01  9.01296340e-05  1.91995370e-06  9.01296340e-05 -1.95617102e-07  9.01296340e-05  1.04191091e-07  9.01296340e-05  0.00000000e+00  9.01296340e-05  0.00000000e+00 
 9.02296340e-05  1.31213664e+00  9.02296340e-05  6.80057523e-01  9.02296340e-05  1.87034877e-06  9.02296340e-05  1.95603503e-07  9.02296340e-05 -1.03969807e-07  9.02296340e-05  0.00000000e+00  9.02296340e-05  0.00000000e+00 
 9.03296340e-05  1.31213216e+00  9.03296340e-05  6.80093200e-01  9.03296340e-05  1.91995331e-06  9.03296340e-05 -1.95530566e-07  9.03296340e-05  1.04189483e-07  9.03296340e-05  0.00000000e+00  9.03296340e-05  0.00000000e+00 
 9.04296340e-05  1.31212771e+00  9.04296340e-05  6.80057346e-01  9.04296340e-05  1.87034917e-06  9.04296340e-05  1.95517560e-07  9.04296340e-05 -1.03968192e-07  9.04296340e-05  0.00000000e+00  9.04296340e-05  0.00000000e+00 
 9.05296340e-05  1.31212323e+00  9.05296340e-05  6.80093372e-01  9.05296340e-05  1.91995292e-06  9.05296340e-05 -1.95445187e-07  9.05296340e-05  1.04187858e-07  9.05296340e-05  0.00000000e+00  9.05296340e-05  0.00000000e+00 
 9.06296340e-05  1.31211879e+00  9.06296340e-05  6.80057177e-01  9.06296340e-05  1.87034956e-06  9.06296340e-05  1.95432742e-07  9.06296340e-05 -1.03966561e-07  9.06296340e-05  0.00000000e+00  9.06296340e-05  0.00000000e+00 
 9.07296340e-05  1.31211431e+00  9.07296340e-05  6.80093536e-01  9.07296340e-05  1.91995252e-06  9.07296340e-05 -1.95360902e-07  9.07296340e-05  1.04186219e-07  9.07296340e-05  0.00000000e+00  9.07296340e-05  0.00000000e+00 
 9.08296340e-05  1.31210986e+00  9.08296340e-05  6.80057016e-01  9.08296340e-05  1.87034996e-06  9.08296340e-05  1.95348988e-07  9.08296340e-05 -1.03964915e-07  9.08296340e-05  0.00000000e+00  9.08296340e-05  0.00000000e+00 
 9.09296340e-05  1.31210538e+00  9.09296340e-05  6.80093693e-01  9.09296340e-05  1.91995212e-06  9.09296340e-05 -1.95277652e-07  9.09296340e-05  1.04184565e-07  9.09296340e-05  0.00000000e+00  9.09296340e-05  0.00000000e+00 
 9.10296340e-05  1.31210094e+00  9.10296340e-05  6.80056862e-01  9.10296340e-05  1.87035037e-06  9.10296340e-05  1.95266240e-07  9.10296340e-05 -1.03963254e-07  9.10296340e-05  0.00000000e+00  9.10296340e-05  0.00000000e+00 
 9.11296340e-05  1.31209646e+00  9.11296340e-05  6.80093843e-01  9.11296340e-05  1.91995171e-06  9.11296340e-05 -1.95195381e-07  9.11296340e-05  1.04182897e-07  9.11296340e-05  0.00000000e+00  9.11296340e-05  0.00000000e+00 
 9.12296340e-05  1.31209202e+00  9.12296340e-05  6.80056715e-01  9.12296340e-05  1.87035078e-06  9.12296340e-05  1.95184444e-07  9.12296340e-05 -1.03961581e-07  9.12296340e-05  0.00000000e+00  9.12296340e-05  0.00000000e+00 
 9.13296340e-05  1.31208754e+00  9.13296340e-05  6.80093985e-01  9.13296340e-05  1.91995130e-06  9.13296340e-05 -1.95114036e-07  9.13296340e-05  1.04181216e-07  9.13296340e-05  0.00000000e+00  9.13296340e-05  0.00000000e+00 
 9.14296340e-05  1.31208310e+00  9.14296340e-05  6.80056575e-01  9.14296340e-05  1.87035119e-06  9.14296340e-05  1.95103551e-07  9.14296340e-05 -1.03959894e-07  9.14296340e-05  0.00000000e+00  9.14296340e-05  0.00000000e+00 
 9.15296340e-05  1.31207863e+00  9.15296340e-05  6.80094121e-01  9.15296340e-05  1.91995088e-06  9.15296340e-05 -1.95033570e-07  9.15296340e-05  1.04179522e-07  9.15296340e-05  0.00000000e+00  9.15296340e-05  0.00000000e+00 
 9.16296340e-05  1.31207419e+00  9.16296340e-05  6.80056442e-01  9.16296340e-05  1.87035161e-06  9.16296340e-05  1.95023513e-07  9.16296340e-05 -1.03958195e-07  9.16296340e-05  0.00000000e+00  9.16296340e-05  0.00000000e+00 
 9.17296340e-05  1.31206971e+00  9.17296340e-05  6.80094250e-01  9.17296340e-05  1.91995046e-06  9.17296340e-05 -1.94953937e-07  9.17296340e-05  1.04177816e-07  9.17296340e-05  0.00000000e+00  9.17296340e-05  0.00000000e+00 
 9.18296340e-05  1.31206528e+00  9.18296340e-05  6.80056315e-01  9.18296340e-05  1.87035204e-06  9.18296340e-05  1.94944286e-07  9.18296340e-05 -1.03956484e-07  9.18296340e-05  0.00000000e+00  9.18296340e-05  0.00000000e+00 
 9.19296340e-05  1.31206080e+00  9.19296340e-05  6.80094373e-01  9.19296340e-05  1.91995003e-06  9.19296340e-05 -1.94875093e-07  9.19296340e-05  1.04176099e-07  9.19296340e-05  0.00000000e+00  9.19296340e-05  0.00000000e+00 
 9.20296340e-05  1.31205637e+00  9.20296340e-05  6.80056195e-01  9.20296340e-05  1.87035246e-06  9.20296340e-05  1.94865828e-07  9.20296340e-05 -1.03954761e-07  9.20296340e-05  0.00000000e+00  9.20296340e-05  0.00000000e+00 
 9.21296340e-05  1.31205189e+00  9.21296340e-05  6.80094490e-01  9.21296340e-05  1.91994960e-06  9.21296340e-05 -1.94796999e-07  9.21296340e-05  1.04174370e-07  9.21296340e-05  0.00000000e+00  9.21296340e-05  0.00000000e+00 
 9.22296340e-05  1.31204746e+00  9.22296340e-05  6.80056080e-01  9.22296340e-05  1.87035289e-06  9.22296340e-05  1.94788101e-07  9.22296340e-05 -1.03953028e-07  9.22296340e-05  0.00000000e+00  9.22296340e-05  0.00000000e+00 
 9.23296340e-05  1.31204299e+00  9.23296340e-05  6.80094601e-01  9.23296340e-05  1.91994917e-06  9.23296340e-05 -1.94719618e-07  9.23296340e-05  1.04172631e-07  9.23296340e-05  0.00000000e+00  9.23296340e-05  0.00000000e+00 
 9.24296340e-05  1.31203855e+00  9.24296340e-05  6.80055972e-01  9.24296340e-05  1.87035333e-06  9.24296340e-05  1.94711069e-07  9.24296340e-05 -1.03951284e-07  9.24296340e-05  0.00000000e+00  9.24296340e-05  0.00000000e+00 
 9.25296340e-05  1.31203408e+00  9.25296340e-05  6.80094706e-01  9.25296340e-05  1.91994874e-06  9.25296340e-05 -1.94642914e-07  9.25296340e-05  1.04170881e-07  9.25296340e-05  0.00000000e+00  9.25296340e-05  0.00000000e+00 
 9.26296340e-05  1.31202965e+00  9.26296340e-05  6.80055868e-01  9.26296340e-05  1.87035377e-06  9.26296340e-05  1.94634697e-07  9.26296340e-05 -1.03949531e-07  9.26296340e-05  0.00000000e+00  9.26296340e-05  0.00000000e+00 
 9.27296340e-05  1.31202518e+00  9.27296340e-05  6.80094806e-01  9.27296340e-05  1.91994830e-06  9.27296340e-05 -1.94566855e-07  9.27296340e-05  1.04169122e-07  9.27296340e-05  0.00000000e+00  9.27296340e-05  0.00000000e+00 
 9.28296340e-05  1.31202075e+00  9.28296340e-05  6.80055771e-01  9.28296340e-05  1.87035420e-06  9.28296340e-05  1.94558955e-07  9.28296340e-05 -1.03947768e-07  9.28296340e-05  0.00000000e+00  9.28296340e-05  0.00000000e+00 
 9.29296340e-05  1.31201628e+00  9.29296340e-05  6.80094901e-01  9.29296340e-05  1.91994786e-06  9.29296340e-05 -1.94491410e-07  9.29296340e-05  1.04167354e-07  9.29296340e-05  0.00000000e+00  9.29296340e-05  0.00000000e+00 
 9.30296340e-05  1.31201185e+00  9.30296340e-05  6.80055678e-01  9.30296340e-05  1.87035465e-06  9.30296340e-05  1.94483812e-07  9.30296340e-05 -1.03945995e-07  9.30296340e-05  0.00000000e+00  9.30296340e-05  0.00000000e+00 
 9.31296340e-05  1.31200738e+00  9.31296340e-05  6.80094991e-01  9.31296340e-05  1.91994741e-06  9.31296340e-05 -1.94416550e-07  9.31296340e-05  1.04165576e-07  9.31296340e-05  0.00000000e+00  9.31296340e-05  0.00000000e+00 
 9.32296340e-05  1.31200295e+00  9.32296340e-05  6.80055590e-01  9.32296340e-05  1.87035509e-06  9.32296340e-05  1.94409241e-07  9.32296340e-05 -1.03944215e-07  9.32296340e-05  0.00000000e+00  9.32296340e-05  0.00000000e+00 
 9.33296340e-05  1.31199849e+00  9.33296340e-05  6.80095076e-01  9.33296340e-05  1.91994697e-06  9.33296340e-05 -1.94342249e-07  9.33296340e-05  1.04163791e-07  9.33296340e-05  0.00000000e+00  9.33296340e-05  0.00000000e+00 
 9.34296340e-05  1.31199406e+00  9.34296340e-05  6.80055507e-01  9.34296340e-05  1.87035554e-06  9.34296340e-05  1.94335215e-07  9.34296340e-05 -1.03942426e-07  9.34296340e-05  0.00000000e+00  9.34296340e-05  0.00000000e+00 
 9.35296340e-05  1.31198959e+00  9.35296340e-05  6.80095156e-01  9.35296340e-05  1.91994651e-06  9.35296340e-05 -1.94268481e-07  9.35296340e-05  1.04161997e-07  9.35296340e-05  0.00000000e+00  9.35296340e-05  0.00000000e+00 
 9.36296340e-05  1.31198517e+00  9.36296340e-05  6.80055428e-01  9.36296340e-05  1.87035599e-06  9.36296340e-05  1.94261710e-07  9.36296340e-05 -1.03940629e-07  9.36296340e-05  0.00000000e+00  9.36296340e-05  0.00000000e+00 
 9.37296340e-05  1.31198070e+00  9.37296340e-05  6.80095232e-01  9.37296340e-05  1.91994606e-06  9.37296340e-05 -1.94195223e-07  9.37296340e-05  1.04160196e-07  9.37296340e-05  0.00000000e+00  9.37296340e-05  0.00000000e+00 
 9.38296340e-05  1.31197628e+00  9.38296340e-05  6.80055354e-01  9.38296340e-05  1.87035645e-06  9.38296340e-05  1.94188704e-07  9.38296340e-05 -1.03938825e-07  9.38296340e-05  0.00000000e+00  9.38296340e-05  0.00000000e+00 
 9.39296340e-05  1.31197181e+00  9.39296340e-05  6.80095304e-01  9.39296340e-05  1.91994561e-06  9.39296340e-05 -1.94122452e-07  9.39296340e-05  1.04158388e-07  9.39296340e-05  0.00000000e+00  9.39296340e-05  0.00000000e+00 
 9.40296340e-05  1.31196739e+00  9.40296340e-05  6.80055284e-01  9.40296340e-05  1.87035690e-06  9.40296340e-05  1.94116176e-07  9.40296340e-05 -1.03937014e-07  9.40296340e-05  0.00000000e+00  9.40296340e-05  0.00000000e+00 
 9.41296340e-05  1.31196293e+00  9.41296340e-05  6.80095371e-01  9.41296340e-05  1.91994515e-06  9.41296340e-05 -1.94050148e-07  9.41296340e-05  1.04156573e-07  9.41296340e-05  0.00000000e+00  9.41296340e-05  0.00000000e+00 
 9.42296340e-05  1.31195850e+00  9.42296340e-05  6.80055218e-01  9.42296340e-05  1.87035736e-06  9.42296340e-05  1.94044104e-07  9.42296340e-05 -1.03935197e-07  9.42296340e-05  0.00000000e+00  9.42296340e-05  0.00000000e+00 
 9.43296340e-05  1.31195404e+00  9.43296340e-05  6.80095435e-01  9.43296340e-05  1.91994469e-06  9.43296340e-05 -1.93978292e-07  9.43296340e-05  1.04154751e-07  9.43296340e-05  0.00000000e+00  9.43296340e-05  0.00000000e+00 
 9.44296340e-05  1.31194962e+00  9.44296340e-05  6.80055156e-01  9.44296340e-05  1.87035781e-06  9.44296340e-05  1.93972470e-07  9.44296340e-05 -1.03933373e-07  9.44296340e-05  0.00000000e+00  9.44296340e-05  0.00000000e+00 
 9.45296340e-05  1.31194516e+00  9.45296340e-05  6.80095495e-01  9.45296340e-05  1.91994424e-06  9.45296340e-05 -1.93906865e-07  9.45296340e-05  1.04152923e-07  9.45296340e-05  0.00000000e+00  9.45296340e-05  0.00000000e+00 
 9.46296340e-05  1.31194074e+00  9.46296340e-05  6.80055098e-01  9.46296340e-05  1.87035828e-06  9.46296340e-05  1.93901257e-07  9.46296340e-05 -1.03931543e-07  9.46296340e-05  0.00000000e+00  9.46296340e-05  0.00000000e+00 
 9.47296340e-05  1.31193628e+00  9.47296340e-05  6.80095551e-01  9.47296340e-05  1.91994377e-06  9.47296340e-05 -1.93835851e-07  9.47296340e-05  1.04151090e-07  9.47296340e-05  0.00000000e+00  9.47296340e-05  0.00000000e+00 
 9.48296340e-05  1.31193186e+00  9.48296340e-05  6.80055043e-01  9.48296340e-05  1.87035874e-06  9.48296340e-05  1.93830449e-07  9.48296340e-05 -1.03929707e-07  9.48296340e-05  0.00000000e+00  9.48296340e-05  0.00000000e+00 
 9.49148170e-05  1.31192806e+00  9.49148170e-05  6.80095607e-01  9.49148170e-05  1.91994327e-06  9.49148170e-05 -1.93759140e-07  9.49148170e-05  1.04149090e-07  9.49148170e-05  0.00000000e+00  9.49148170e-05  0.00000000e+00 
 9.50000000e-05  1.31192430e+00  9.50000000e-05  6.80054981e-01  9.50000000e-05  1.87035929e-06  9.50000000e-05  1.93747783e-07  9.50000000e-05 -1.03927545e-07  9.50000000e-05  0.00000000e+00  9.50000000e-05  0.00000000e+00 
 9.50000010e-05  1.31193044e+00  9.50000010e-05  6.81642453e-01  9.50000010e-05  1.57411444e-06  9.50000010e-05 -2.43255997e-06  9.50000010e-05  5.65026358e-05  9.50000010e-05  0.00000000e+00  9.50000010e-05  1.20000000e-01 
 9.50000030e-05  1.31194534e+00  9.50000030e-05  6.85793896e-01  9.50000030e-05  1.32408068e-06  9.50000030e-05 -4.05670747e-06  9.50000030e-05  9.55415980e-05  9.50000030e-05  0.00000000e+00  9.50000030e-05  3.60000000e-01 
 9.50000065e-05  1.31199481e+00  9.50000065e-05  7.02063963e-01  9.50000065e-05  3.00716403e-07  9.50000065e-05 -1.08213211e-05  9.50000065e-05  2.62330810e-04  9.50000065e-05  0.00000000e+00  9.50000065e-05  7.80000000e-01 
 9.50000100e-05  1.31204139e+00  9.50000100e-05  7.18672044e-01  9.50000100e-05  9.20325526e-07  9.50000100e-05 -5.09521118e-06  9.50000100e-05  1.53895600e-04  9.50000100e-05  0.00000000e+00  9.50000100e-05  1.20000000e+00 
 9.50000107e-05  1.31203829e+00  9.50000107e-05  7.19627403e-01  9.50000107e-05  1.30981098e-06  9.50000107e-05 -2.86261989e-06  9.50000107e-05  8.05337287e-05  9.50000107e-05  0.00000000e+00  9.50000107e-05  1.20000000e+00 
 9.50000121e-05  1.31203041e+00  9.50000121e-05  7.21255043e-01  9.50000121e-05  1.44062937e-06  9.50000121e-05 -2.23365223e-06  9.50000121e-05  6.00715084e-05  9.50000121e-05  0.00000000e+00  9.50000121e-05  1.20000000e+00 
 9.50000149e-05  1.31201339e+00  9.50000149e-05  7.24430463e-01  9.50000149e-05  1.39468216e-06  9.50000149e-05 -2.83608544e-06  9.50000149e-05  7.01135187e-05  9.50000149e-05  0.00000000e+00  9.50000149e-05  1.20000000e+00 
 9.50000205e-05  1.31197815e+00  9.50000205e-05  7.30465600e-01  9.50000205e-05  1.54816713e-06  9.50000205e-05 -2.18339495e-06  9.50000205e-05  4.80244182e-05  9.50000205e-05  0.00000000e+00  9.50000205e-05  1.20000000e+00 
 9.50000317e-05  1.31190863e+00  9.50000317e-05  7.40088861e-01  9.50000317e-05  1.56420230e-06  9.50000317e-05 -2.33726667e-06  9.50000317e-05  4.83087827e-05  9.50000317e-05  0.00000000e+00  9.50000317e-05  1.20000000e+00 
 9.50000541e-05  1.31179432e+00  9.50000541e-05  7.51672045e-01  9.50000541e-05  1.77042464e-06  9.50000541e-05 -1.29239140e-06  9.50000541e-05  1.90118755e-05  9.50000541e-05  0.00000000e+00  9.50000541e-05  1.20000000e+00 
 9.50000989e-05  1.31165323e+00  9.50000989e-05  7.59438609e-01  9.50000989e-05  1.81168274e-06  9.50000989e-05 -1.27657242e-06  9.50000989e-05  1.78722968e-05  9.50000989e-05  0.00000000e+00  9.50000989e-05  1.20000000e+00 
 9.50001885e-05  1.31152938e+00  9.50001885e-05  7.57431384e-01  9.50001885e-05  1.96500296e-06  9.50001885e-05 -4.16735751e-07  9.50001885e-05 -1.97664973e-06  9.50001885e-05  0.00000000e+00  9.50001885e-05  1.20000000e+00 
 9.50003080e-05  1.31146441e+00  9.50003080e-05  7.48837192e-01  9.50003080e-05  1.89148310e-06  9.50003080e-05 -6.91597166e-07  9.50003080e-05  8.60466570e-06  9.50003080e-05  0.00000000e+00  9.50003080e-05  1.20000000e+00 
 9.50005239e-05  1.31140961e+00  9.50005239e-05  7.36200977e-01  9.50005239e-05  1.95689227e-06  9.50005239e-05  4.81611398e-08  9.50005239e-05 -5.05627902e-06  9.50005239e-05  0.00000000e+00  9.50005239e-05  1.20000000e+00 
 9.50008888e-05  1.31136793e+00  9.50008888e-05  7.23111411e-01  9.50008888e-05  1.86777281e-06  9.50008888e-05 -2.48122532e-07  9.50008888e-05  7.03846104e-06  9.50008888e-05  0.00000000e+00  9.50008888e-05  1.20000000e+00 
 9.50016187e-05  1.31132487e+00  9.50016187e-05  7.10357086e-01  9.50016187e-05  1.93825589e-06  9.50016187e-05  3.47305979e-07  9.50016187e-05 -5.80228139e-06  9.50016187e-05  0.00000000e+00  9.50016187e-05  1.20000000e+00 
 9.50030783e-05  1.31126261e+00  9.50030783e-05  6.99172236e-01  9.50030783e-05  1.85813761e-06  9.50030783e-05 -1.61751836e-07  9.50030783e-05  6.71302597e-06  9.50030783e-05  0.00000000e+00  9.50030783e-05  1.20000000e+00 
 9.50059976e-05  1.31114427e+00  9.50059976e-05  6.88339701e-01  9.50059976e-05  1.93431085e-06  9.50059976e-05  2.79301726e-07  9.50059976e-05 -5.85454094e-06  9.50059976e-05  0.00000000e+00  9.50059976e-05  1.20000000e+00 
 9.50114926e-05  1.31091227e+00  9.50114926e-05  6.81194655e-01  9.50114926e-05  1.85608626e-06  9.50114926e-05 -2.42072321e-07  9.50114926e-05  6.75297607e-06  9.50114926e-05  0.00000000e+00  9.50114926e-05  1.20000000e+00 
 9.50224122e-05  1.31044185e+00  9.50224122e-05  6.79954956e-01  9.50224122e-05  1.93394616e-06  9.50224122e-05  2.45741537e-07  9.50224122e-05 -5.82815654e-06  9.50224122e-05  0.00000000e+00  9.50224122e-05  1.20000000e+00 
 9.50410815e-05  1.30964436e+00  9.50410815e-05  6.80078613e-01  9.50410815e-05  1.85633466e-06  9.50410815e-05 -2.46124883e-07  9.50410815e-05  6.75523358e-06  9.50410815e-05  0.00000000e+00  9.50410815e-05  1.20000000e+00 
 9.50784199e-05  1.30806452e+00  9.50784199e-05  6.80061941e-01  9.50784199e-05  1.93397274e-06  9.50784199e-05  2.46257403e-07  9.50784199e-05 -5.82831473e-06  9.50784199e-05  0.00000000e+00  9.50784199e-05  1.20000000e+00 
 9.51530968e-05  1.30491751e+00  9.51530968e-05  6.80049536e-01  9.51530968e-05  1.85632792e-06  9.51530968e-05 -2.46270225e-07  9.51530968e-05  6.75525220e-06  9.51530968e-05  0.00000000e+00  9.51530968e-05  1.20000000e+00 
 9.52530968e-05  1.30070553e+00  9.52530968e-05  6.80075759e-01  9.52530968e-05  1.93397554e-06  9.52530968e-05  2.46335099e-07  9.52530968e-05 -5.82832408e-06  9.52530968e-05  0.00000000e+00  9.52530968e-05  1.20000000e+00 
 9.53530968e-05  1.29649336e+00  9.53530968e-05  6.80037602e-01  9.53530968e-05  1.85632598e-06  9.53530968e-05 -2.46330675e-07  9.53530968e-05  6.75524347e-06  9.53530968e-05  0.00000000e+00  9.53530968e-05  1.20000000e+00 
 9.54530968e-05  1.29228187e+00  9.54530968e-05  6.80085288e-01  9.54530968e-05  1.93397716e-06  9.54530968e-05  2.46394544e-07  9.54530968e-05 -5.82832626e-06  9.54530968e-05  0.00000000e+00  9.54530968e-05  1.20000000e+00 
 9.55530968e-05  1.28807042e+00  9.55530968e-05  6.80027955e-01  9.55530968e-05  1.85632465e-06  9.55530968e-05 -2.46384595e-07  9.55530968e-05  6.75522909e-06  9.55530968e-05  0.00000000e+00  9.55530968e-05  1.20000000e+00 
 9.56530968e-05  1.28385943e+00  9.56530968e-05  6.80093357e-01  9.56530968e-05  1.93397823e-06  9.56530968e-05  2.46446659e-07  9.56530968e-05 -5.82832338e-06  9.56530968e-05  0.00000000e+00  9.56530968e-05  1.20000000e+00 
 9.57530968e-05  1.27964847e+00  9.57530968e-05  6.80020092e-01  9.57530968e-05  1.85632380e-06  9.57530968e-05 -2.46431599e-07  9.57530968e-05  6.75521045e-06  9.57530968e-05  0.00000000e+00  9.57530968e-05  1.20000000e+00 
 9.58530968e-05  1.27543789e+00  9.58530968e-05  6.80100084e-01  9.58530968e-05  1.93397889e-06  9.58530968e-05  2.46491272e-07  9.58530968e-05 -5.82831687e-06  9.58530968e-05  0.00000000e+00  9.58530968e-05  1.20000000e+00 
 9.59530968e-05  1.27122730e+00  9.59530968e-05  6.80013728e-01  9.59530968e-05  1.85632331e-06  9.59530968e-05 -2.46471458e-07  9.59530968e-05  6.75518875e-06  9.59530968e-05  0.00000000e+00  9.59530968e-05  1.20000000e+00 
 9.60530968e-05  1.26701704e+00  9.60530968e-05  6.80105653e-01  9.60530968e-05  1.93397922e-06  9.60530968e-05  2.46527722e-07  9.60530968e-05 -5.82830798e-06  9.60530968e-05  0.00000000e+00  9.60530968e-05  1.20000000e+00 
 9.61530968e-05  1.26280674e+00  9.61530968e-05  6.80008607e-01  9.61530968e-05  1.85632312e-06  9.61530968e-05 -2.46502023e-07  9.61530968e-05  6.75516495e-06  9.61530968e-05  0.00000000e+00  9.61530968e-05  1.20000000e+00 
 9.62530968e-05  1.25859673e+00  9.62530968e-05  6.80109844e-01  9.62530968e-05  1.93397930e-06  9.62530968e-05  2.46554859e-07  9.62530968e-05 -5.82829754e-06  9.62530968e-05  0.00000000e+00  9.62530968e-05  1.20000000e+00 
 9.63530968e-05  1.25438665e+00  9.63530968e-05  6.80004987e-01  9.63530968e-05  1.85632315e-06  9.63530968e-05 -2.46525523e-07  9.63530968e-05  6.75514013e-06  9.63530968e-05  0.00000000e+00  9.63530968e-05  1.20000000e+00 
 9.64530968e-05  1.25017684e+00  9.64530968e-05  6.80112891e-01  9.64530968e-05  1.93397917e-06  9.64530968e-05  2.46575832e-07  9.64530968e-05 -5.82828654e-06  9.64530968e-05  0.00000000e+00  9.64530968e-05  1.20000000e+00 
 9.65530968e-05  1.24596694e+00  9.65530968e-05  6.80002430e-01  9.65530968e-05  1.85632337e-06  9.65530968e-05 -2.46543266e-07  9.65530968e-05  6.75511494e-06  9.65530968e-05  0.00000000e+00  9.65530968e-05  1.20000000e+00 
 9.66530968e-05  1.24175729e+00  9.66530968e-05  6.80115043e-01  9.66530968e-05  1.93397887e-06  9.66530968e-05  2.46591233e-07  9.66530968e-05 -5.82827557e-06  9.66530968e-05  0.00000000e+00  9.66530968e-05  1.20000000e+00 
 9.67530968e-05  1.23754753e+00  9.67530968e-05  6.80000726e-01  9.67530968e-05  1.85632373e-06  9.67530968e-05 -2.46555838e-07  9.67530968e-05  6.75508988e-06  9.67530968e-05  0.00000000e+00  9.67530968e-05  1.20000000e+00 
 9.68530968e-05  1.23333802e+00  9.68530968e-05  6.80116457e-01  9.68530968e-05  1.93397846e-06  9.68530968e-05  2.46601634e-07  9.68530968e-05 -5.82826505e-06  9.68530968e-05  0.00000000e+00  9.68530968e-05  1.20000000e+00 
 9.69530968e-05  1.22912839e+00  9.69530968e-05  6.79999739e-01  9.69530968e-05  1.85632419e-06  9.69530968e-05 -2.46563749e-07  9.69530968e-05  6.75506530e-06  9.69530968e-05  0.00000000e+00  9.69530968e-05  1.20000000e+00 
 9.70530968e-05  1.22491900e+00  9.70530968e-05  6.80117238e-01  9.70530968e-05  1.93397795e-06  9.70530968e-05  2.46607558e-07  9.70530968e-05 -5.82825531e-06  9.70530968e-05  0.00000000e+00  9.70530968e-05  1.20000000e+00 
 9.71530968e-05  1.22070946e+00  9.71530968e-05  6.79999372e-01  9.71530968e-05  1.85632474e-06  9.71530968e-05 -2.46567493e-07  9.71530968e-05  6.75504149e-06  9.71530968e-05  0.00000000e+00  9.71530968e-05  1.20000000e+00 
 9.72530968e-05  1.21650018e+00  9.72530968e-05  6.80117468e-01  9.72530968e-05  1.93397737e-06  9.72530968e-05  2.46609520e-07  9.72530968e-05 -5.82824659e-06  9.72530968e-05  0.00000000e+00  9.72530968e-05  1.20000000e+00 
 9.73530968e-05  1.21229074e+00  9.73530968e-05  6.79999550e-01  9.73530968e-05  1.85632535e-06  9.73530968e-05 -2.46567567e-07  9.73530968e-05  6.75501864e-06  9.73530968e-05  0.00000000e+00  9.73530968e-05  1.20000000e+00 
 9.74530968e-05  1.20808156e+00  9.74530968e-05  6.80117214e-01  9.74530968e-05  1.93397674e-06  9.74530968e-05  2.46608028e-07  9.74530968e-05 -5.82823905e-06  9.74530968e-05  0.00000000e+00  9.74530968e-05  1.20000000e+00 
 9.75530968e-05  1.20387221e+00  9.75530968e-05  6.80000207e-01  9.75530968e-05  1.85632599e-06  9.75530968e-05 -2.46564466e-07  9.75530968e-05  6.75499689e-06  9.75530968e-05  0.00000000e+00  9.75530968e-05  1.20000000e+00 
 9.76530968e-05  1.19966311e+00  9.76530968e-05  6.80116538e-01  9.76530968e-05  1.93397608e-06  9.76530968e-05  2.46603586e-07  9.76530968e-05 -5.82823280e-06  9.76530968e-05  0.00000000e+00  9.76530968e-05  1.20000000e+00 
 9.77530968e-05  1.19545384e+00  9.77530968e-05  6.80001282e-01  9.77530968e-05  1.85632666e-06  9.77530968e-05 -2.46558679e-07  9.77530968e-05  6.75497632e-06  9.77530968e-05  0.00000000e+00  9.77530968e-05  1.20000000e+00 
 9.78530968e-05  1.19124483e+00  9.78530968e-05  6.80115497e-01  9.78530968e-05  1.93397541e-06  9.78530968e-05  2.46596684e-07  9.78530968e-05 -5.82822791e-06  9.78530968e-05  0.00000000e+00  9.78530968e-05  1.20000000e+00 
 9.79530968e-05  1.18703563e+00  9.79530968e-05  6.80002719e-01  9.79530968e-05  1.85632734e-06  9.79530968e-05 -2.46550682e-07  9.79530968e-05  6.75495697e-06  9.79530968e-05  0.00000000e+00  9.79530968e-05  1.20000000e+00 
 9.80530968e-05  1.18282671e+00  9.80530968e-05  6.80114149e-01  9.80530968e-05  1.93397473e-06  9.80530968e-05  2.46587789e-07  9.80530968e-05 -5.82822439e-06  9.80530968e-05  0.00000000e+00  9.80530968e-05  1.20000000e+00 
 9.81530968e-05  1.17861758e+00  9.81530968e-05  6.80004461e-01  9.81530968e-05  1.85632802e-06  9.81530968e-05 -2.46540926e-07  9.81530968e-05  6.75493884e-06  9.81530968e-05  0.00000000e+00  9.81530968e-05  1.20000000e+00 
 9.82530968e-05  1.17440874e+00  9.82530968e-05  6.80112551e-01  9.82530968e-05  1.93397406e-06  9.82530968e-05  2.46577342e-07  9.82530968e-05 -5.82822223e-06  9.82530968e-05  0.00000000e+00  9.82530968e-05  1.20000000e+00 
 9.83530968e-05  1.17019969e+00  9.83530968e-05  6.80006452e-01  9.83530968e-05  1.85632868e-06  9.83530968e-05 -2.46529830e-07  9.83530968e-05  6.75492189e-06  9.83530968e-05  0.00000000e+00  9.83530968e-05  1.20000000e+00 
 9.84530968e-05  1.16599092e+00  9.84530968e-05  6.80110759e-01  9.84530968e-05  1.93397340e-06  9.84530968e-05  2.46565745e-07  9.84530968e-05 -5.82822136e-06  9.84530968e-05  0.00000000e+00  9.84530968e-05  1.20000000e+00 
 9.85530968e-05  1.16178194e+00  9.85530968e-05  6.80008638e-01  9.85530968e-05  1.85632932e-06  9.85530968e-05 -2.46517776e-07  9.85530968e-05  6.75490604e-06  9.85530968e-05  0.00000000e+00  9.85530968e-05  1.20000000e+00 
 9.86530968e-05  1.15757325e+00  9.86530968e-05  6.80108828e-01  9.86530968e-05  1.93397277e-06  9.86530968e-05  2.46553361e-07  9.86530968e-05 -5.82822171e-06  9.86530968e-05  0.00000000e+00  9.86530968e-05  1.20000000e+00 
 9.87530968e-05  1.15336435e+00  9.87530968e-05  6.80010966e-01  9.87530968e-05  1.85632994e-06  9.87530968e-05 -2.46505104e-07  9.87530968e-05  6.75489121e-06  9.87530968e-05  0.00000000e+00  9.87530968e-05  1.20000000e+00 
 9.88530968e-05  1.14915574e+00  9.88530968e-05  6.80106811e-01  9.88530968e-05  1.93397218e-06  9.88530968e-05  2.46540509e-07  9.88530968e-05 -5.82822317e-06  9.88530968e-05  0.00000000e+00  9.88530968e-05  1.20000000e+00 
 9.89530968e-05  1.14494690e+00  9.89530968e-05  6.80013390e-01  9.89530968e-05  1.85633052e-06  9.89530968e-05 -2.46492109e-07  9.89530968e-05  6.75487727e-06  9.89530968e-05  0.00000000e+00  9.89530968e-05  1.20000000e+00 
 9.90530968e-05  1.14073837e+00  9.90530968e-05  6.80104754e-01  9.90530968e-05  1.93397162e-06  9.90530968e-05  2.46527463e-07  9.90530968e-05 -5.82822560e-06  9.90530968e-05  0.00000000e+00  9.90530968e-05  1.20000000e+00 
 9.91530968e-05  1.13652961e+00  9.91530968e-05  6.80015864e-01  9.91530968e-05  1.85633105e-06  9.91530968e-05 -2.46479042e-07  9.91530968e-05  6.75486411e-06  9.91530968e-05  0.00000000e+00  9.91530968e-05  1.20000000e+00 
 9.92530968e-05  1.13232116e+00  9.92530968e-05  6.80102704e-01  9.92530968e-05  1.93397111e-06  9.92530968e-05  2.46514450e-07  9.92530968e-05 -5.82822888e-06  9.92530968e-05  0.00000000e+00  9.92530968e-05  1.20000000e+00 
 9.93530968e-05  1.12811247e+00  9.93530968e-05  6.80018348e-01  9.93530968e-05  1.85633155e-06  9.93530968e-05 -2.46466106e-07  9.93530968e-05  6.75485156e-06  9.93530968e-05  0.00000000e+00  9.93530968e-05  1.20000000e+00 
 9.94530968e-05  1.12390410e+00  9.94530968e-05  6.80100700e-01  9.94530968e-05  1.93397064e-06  9.94530968e-05  2.46501653e-07  9.94530968e-05 -5.82823286e-06  9.94530968e-05  0.00000000e+00  9.94530968e-05  1.20000000e+00 
 9.95530968e-05  1.11969549e+00  9.95530968e-05  6.80020808e-01  9.95530968e-05  1.85633199e-06  9.95530968e-05 -2.46453464e-07  9.95530968e-05  6.75483949e-06  9.95530968e-05  0.00000000e+00  9.95530968e-05  1.20000000e+00 
 9.96530968e-05  1.11548720e+00  9.96530968e-05  6.80098775e-01  9.96530968e-05  1.93397021e-06  9.96530968e-05  2.46489214e-07  9.96530968e-05 -5.82823739e-06  9.96530968e-05  0.00000000e+00  9.96530968e-05  1.20000000e+00 
 9.97530968e-05  1.11127868e+00  9.97530968e-05  6.80023216e-01  9.97530968e-05  1.85633239e-06  9.97530968e-05 -2.46441236e-07  9.97530968e-05  6.75482775e-06  9.97530968e-05  0.00000000e+00  9.97530968e-05  1.20000000e+00 
 9.98530968e-05  1.10707047e+00  9.98530968e-05  6.80096960e-01  9.98530968e-05  1.93396984e-06  9.98530968e-05  2.46477235e-07  9.98530968e-05 -5.82824230e-06  9.98530968e-05  0.00000000e+00  9.98530968e-05  1.20000000e+00 
 9.99530968e-05  1.10286202e+00  9.99530968e-05  6.80025547e-01  9.99530968e-05  1.85633274e-06  9.99530968e-05 -2.46429507e-07  9.99530968e-05  6.75481619e-06  9.99530968e-05  0.00000000e+00  9.99530968e-05  1.20000000e+00 
 1.00053097e-04  1.09865390e+00  1.00053097e-04  6.80095277e-01  1.00053097e-04  1.93396951e-06  1.00053097e-04  2.46465783e-07  1.00053097e-04 -5.82824747e-06  1.00053097e-04  0.00000000e+00  1.00053097e-04  1.20000000e+00 
 1.00153097e-04  1.09444554e+00  1.00153097e-04  6.80027783e-01  1.00153097e-04  1.85633305e-06  1.00153097e-04 -2.46418330e-07  1.00153097e-04  6.75480467e-06  1.00153097e-04  0.00000000e+00  1.00153097e-04  1.20000000e+00 
 1.00253097e-04  1.09023750e+00  1.00253097e-04  6.80093744e-01  1.00253097e-04  1.93396923e-06  1.00253097e-04  2.46454899e-07  1.00253097e-04 -5.82825274e-06  1.00253097e-04  0.00000000e+00  1.00253097e-04  1.20000000e+00 
 1.00353097e-04  1.08602923e+00  1.00353097e-04  6.80029912e-01  1.00353097e-04  1.85633330e-06  1.00353097e-04 -2.46407729e-07  1.00353097e-04  6.75479305e-06  1.00353097e-04  0.00000000e+00  1.00353097e-04  1.20000000e+00 
 1.00453097e-04  1.08182128e+00  1.00453097e-04  6.80092375e-01  1.00453097e-04  1.93396900e-06  1.00453097e-04  2.46444592e-07  1.00453097e-04 -5.82825798e-06  1.00453097e-04  0.00000000e+00  1.00453097e-04  1.20000000e+00 
 1.00553097e-04  1.07761310e+00  1.00553097e-04  6.80031925e-01  1.00553097e-04  1.85633352e-06  1.00553097e-04 -2.46397706e-07  1.00553097e-04  6.75478121e-06  1.00553097e-04  0.00000000e+00  1.00553097e-04  1.20000000e+00 
 1.00653097e-04  1.07340525e+00  1.00653097e-04  6.80091179e-01  1.00653097e-04  1.93396881e-06  1.00653097e-04  2.46434856e-07  1.00653097e-04 -5.82826307e-06  1.00653097e-04  0.00000000e+00  1.00653097e-04  1.20000000e+00 
 1.00753097e-04  1.06919716e+00  1.00753097e-04  6.80033818e-01  1.00753097e-04  1.85633369e-06  1.00753097e-04 -2.46388241e-07  1.00753097e-04  6.75476904e-06  1.00753097e-04  0.00000000e+00  1.00753097e-04  1.20000000e+00 
 1.00853097e-04  1.06498940e+00  1.00853097e-04  6.80090159e-01  1.00853097e-04  1.93396866e-06  1.00853097e-04  2.46425662e-07  1.00853097e-04 -5.82826791e-06  1.00853097e-04  0.00000000e+00  1.00853097e-04  1.20000000e+00 
 1.00953097e-04  1.06078141e+00  1.00953097e-04  6.80035590e-01  1.00953097e-04  1.85633382e-06  1.00953097e-04 -2.46379301e-07  1.00953097e-04  6.75475644e-06  1.00953097e-04  0.00000000e+00  1.00953097e-04  1.20000000e+00 
 1.01053097e-04  1.05657375e+00  1.01053097e-04  6.80089318e-01  1.01053097e-04  1.93396854e-06  1.01053097e-04  2.46416973e-07  1.01053097e-04 -5.82827239e-06  1.01053097e-04  0.00000000e+00  1.01053097e-04  1.20000000e+00 
 1.01153097e-04  1.05236587e+00  1.01153097e-04  6.80037241e-01  1.01153097e-04  1.85633391e-06  1.01153097e-04 -2.46370842e-07  1.01153097e-04  6.75474332e-06  1.01153097e-04  0.00000000e+00  1.01153097e-04  1.20000000e+00 
 1.01253097e-04  1.04815831e+00  1.01253097e-04  6.80088653e-01  1.01253097e-04  1.93396847e-06  1.01253097e-04  2.46408737e-07  1.01253097e-04 -5.82827643e-06  1.01253097e-04  0.00000000e+00  1.01253097e-04  1.20000000e+00 
 1.01353097e-04  1.04395052e+00  1.01353097e-04  6.80038778e-01  1.01353097e-04  1.85633397e-06  1.01353097e-04 -2.46362811e-07  1.01353097e-04  6.75472961e-06  1.01353097e-04  0.00000000e+00  1.01353097e-04  1.20000000e+00 
 1.01453097e-04  1.03974306e+00  1.01453097e-04  6.80088159e-01  1.01453097e-04  1.93396843e-06  1.01453097e-04  2.46400901e-07  1.01453097e-04 -5.82827996e-06  1.01453097e-04  0.00000000e+00  1.01453097e-04  1.20000000e+00 
 1.01553097e-04  1.03553539e+00  1.01553097e-04  6.80040204e-01  1.01553097e-04  1.85633400e-06  1.01553097e-04 -2.46355148e-07  1.01553097e-04  6.75471526e-06  1.01553097e-04  0.00000000e+00  1.01553097e-04  1.20000000e+00 
 1.01653097e-04  1.03132803e+00  1.01653097e-04  6.80087829e-01  1.01653097e-04  1.93396841e-06  1.01653097e-04  2.46393402e-07  1.01653097e-04 -5.82828293e-06  1.01653097e-04  0.00000000e+00  1.01653097e-04  1.20000000e+00 
 1.01753097e-04  1.02712045e+00  1.01753097e-04  6.80041527e-01  1.01753097e-04  1.85633400e-06  1.01753097e-04 -2.46347793e-07  1.01753097e-04  6.75470020e-06  1.01753097e-04  0.00000000e+00  1.01753097e-04  1.20000000e+00 
 1.01853097e-04  1.02291320e+00  1.01853097e-04  6.80087653e-01  1.01853097e-04  1.93396843e-06  1.01853097e-04  2.46386180e-07  1.01853097e-04 -5.82828529e-06  1.01853097e-04  0.00000000e+00  1.01853097e-04  1.20000000e+00 
 1.01953097e-04  1.01870573e+00  1.01953097e-04  6.80042752e-01  1.01953097e-04  1.85633398e-06  1.01953097e-04 -2.46340683e-07  1.01953097e-04  6.75468442e-06  1.01953097e-04  0.00000000e+00  1.01953097e-04  1.20000000e+00 
 1.02053097e-04  1.01449857e+00  1.02053097e-04  6.80087620e-01  1.02053097e-04  1.93396846e-06  1.02053097e-04  2.46379173e-07  1.02053097e-04 -5.82828702e-06  1.02053097e-04  0.00000000e+00  1.02053097e-04  1.20000000e+00 
 1.02153097e-04  1.01029120e+00  1.02153097e-04  6.80043887e-01  1.02153097e-04  1.85633393e-06  1.02153097e-04 -2.46333758e-07  1.02153097e-04  6.75466789e-06  1.02153097e-04  0.00000000e+00  1.02153097e-04  1.20000000e+00 
 1.02253097e-04  1.00608414e+00  1.02253097e-04  6.80087715e-01  1.02253097e-04  1.93396852e-06  1.02253097e-04  2.46372322e-07  1.02253097e-04 -5.82828807e-06  1.02253097e-04  0.00000000e+00  1.02253097e-04  1.20000000e+00 
 1.02353097e-04  1.00187686e+00  1.02353097e-04  6.80044937e-01  1.02353097e-04  1.85633387e-06  1.02353097e-04 -2.46326960e-07  1.02353097e-04  6.75465058e-06  1.02353097e-04  0.00000000e+00  1.02353097e-04  1.20000000e+00 
 1.02453097e-04  9.97669890e-01  1.02453097e-04  6.80087924e-01  1.02453097e-04  1.93396859e-06  1.02453097e-04  2.46365570e-07  1.02453097e-04 -5.82828847e-06  1.02453097e-04  0.00000000e+00  1.02453097e-04  1.20000000e+00 
 1.02553097e-04  9.93462701e-01  1.02553097e-04  6.80045906e-01  1.02553097e-04  1.85633379e-06  1.02553097e-04 -2.46320233e-07  1.02553097e-04  6.75463250e-06  1.02553097e-04  0.00000000e+00  1.02553097e-04  1.20000000e+00 
 1.02653097e-04  9.89255817e-01  1.02653097e-04  6.80088227e-01  1.02653097e-04  1.93396868e-06  1.02653097e-04  2.46358865e-07  1.02653097e-04 -5.82828819e-06  1.02653097e-04  0.00000000e+00  1.02653097e-04  1.20000000e+00 
 1.02753097e-04  9.85048712e-01  1.02753097e-04  6.80046796e-01  1.02753097e-04  1.85633370e-06  1.02753097e-04 -2.46313528e-07  1.02753097e-04  6.75461364e-06  1.02753097e-04  0.00000000e+00  1.02753097e-04  1.20000000e+00 
 1.02853097e-04  9.80841909e-01  1.02853097e-04  6.80088604e-01  1.02853097e-04  1.93396878e-06  1.02853097e-04  2.46352161e-07  1.02853097e-04 -5.82828726e-06  1.02853097e-04  0.00000000e+00  1.02853097e-04  1.20000000e+00 
 1.02953097e-04  9.76634883e-01  1.02953097e-04  6.80047610e-01  1.02953097e-04  1.85633360e-06  1.02953097e-04 -2.46306803e-07  1.02953097e-04  6.75459400e-06  1.02953097e-04  0.00000000e+00  1.02953097e-04  1.20000000e+00 
 1.03053097e-04  9.72428155e-01  1.03053097e-04  6.80089034e-01  1.03053097e-04  1.93396888e-06  1.03053097e-04  2.46345417e-07  1.03053097e-04 -5.82828571e-06  1.03053097e-04  0.00000000e+00  1.03053097e-04  1.20000000e+00 
 1.03153097e-04  9.68221201e-01  1.03153097e-04  6.80048347e-01  1.03153097e-04  1.85633348e-06  1.03153097e-04 -2.46300019e-07  1.03153097e-04  6.75457360e-06  1.03153097e-04  0.00000000e+00  1.03153097e-04  1.20000000e+00 
 1.03253097e-04  9.64014543e-01  1.03253097e-04  6.80089494e-01  1.03253097e-04  1.93396900e-06  1.03253097e-04  2.46338601e-07  1.03253097e-04 -5.82828357e-06  1.03253097e-04  0.00000000e+00  1.03253097e-04  1.20000000e+00 
 1.03353097e-04  9.59807658e-01  1.03353097e-04  6.80049008e-01  1.03353097e-04  1.85633337e-06  1.03353097e-04 -2.46293148e-07  1.03353097e-04  6.75455245e-06  1.03353097e-04  0.00000000e+00  1.03353097e-04  1.20000000e+00 
 1.03453097e-04  9.55601065e-01  1.03453097e-04  6.80089962e-01  1.03453097e-04  1.93396912e-06  1.03453097e-04  2.46331687e-07  1.03453097e-04 -5.82828089e-06  1.03453097e-04  0.00000000e+00  1.03453097e-04  1.20000000e+00 
 1.03553097e-04  9.51394244e-01  1.03553097e-04  6.80049592e-01  1.03553097e-04  1.85633324e-06  1.03553097e-04 -2.46286167e-07  1.03553097e-04  6.75453053e-06  1.03553097e-04  0.00000000e+00  1.03553097e-04  1.20000000e+00 
 1.03653097e-04  9.47187714e-01  1.03653097e-04  6.80090419e-01  1.03653097e-04  1.93396925e-06  1.03653097e-04  2.46324656e-07  1.03653097e-04 -5.82827775e-06  1.03653097e-04  0.00000000e+00  1.03653097e-04  1.20000000e+00 
 1.03753097e-04  9.42980954e-01  1.03753097e-04  6.80050103e-01  1.03753097e-04  1.85633312e-06  1.03753097e-04 -2.46279063e-07  1.03753097e-04  6.75450785e-06  1.03753097e-04  0.00000000e+00  1.03753097e-04  1.20000000e+00 
 1.03853097e-04  9.38774484e-01  1.03853097e-04  6.80090846e-01  1.03853097e-04  1.93396937e-06  1.03853097e-04  2.46317499e-07  1.03853097e-04 -5.82827424e-06  1.03853097e-04  0.00000000e+00  1.03853097e-04  1.20000000e+00 
 1.03953097e-04  9.34567783e-01  1.03953097e-04  6.80050545e-01  1.03953097e-04  1.85633299e-06  1.03953097e-04 -2.46271830e-07  1.03953097e-04  6.75448438e-06  1.03953097e-04  0.00000000e+00  1.03953097e-04  1.20000000e+00 
 1.04053097e-04  9.30361373e-01  1.04053097e-04  6.80091232e-01  1.04053097e-04  1.93396951e-06  1.04053097e-04  2.46310212e-07  1.04053097e-04 -5.82827050e-06  1.04053097e-04  0.00000000e+00  1.04053097e-04  1.20000000e+00 
 1.04153097e-04  9.26154731e-01  1.04153097e-04  6.80050922e-01  1.04153097e-04  1.85633286e-06  1.04153097e-04 -2.46264468e-07  1.04153097e-04  6.75446006e-06  1.04153097e-04  0.00000000e+00  1.04153097e-04  1.20000000e+00 
 1.04253097e-04  9.21948385e-01  1.04253097e-04  6.80091565e-01  1.04253097e-04  1.93396964e-06  1.04253097e-04  2.46302800e-07  1.04253097e-04 -5.82826671e-06  1.04253097e-04  0.00000000e+00  1.04253097e-04  1.20000000e+00 
 1.04353097e-04  9.17741806e-01  1.04353097e-04  6.80051245e-01  1.04353097e-04  1.85633273e-06  1.04353097e-04 -2.46256986e-07  1.04353097e-04  6.75443478e-06  1.04353097e-04  0.00000000e+00  1.04353097e-04  1.20000000e+00 
 1.04453097e-04  9.13535527e-01  1.04453097e-04  6.80091842e-01  1.04453097e-04  1.93396977e-06  1.04453097e-04  2.46295273e-07  1.04453097e-04 -5.82826314e-06  1.04453097e-04  0.00000000e+00  1.04453097e-04  1.20000000e+00 
 1.04553097e-04  9.09329018e-01  1.04553097e-04  6.80051521e-01  1.04553097e-04  1.85633260e-06  1.04553097e-04 -2.46249397e-07  1.04553097e-04  6.75440836e-06  1.04553097e-04  0.00000000e+00  1.04553097e-04  1.20000000e+00 
 1.04653097e-04  9.05122819e-01  1.04653097e-04  6.80092059e-01  1.04653097e-04  1.93396990e-06  1.04653097e-04  2.46287646e-07  1.04653097e-04 -5.82826014e-06  1.04653097e-04  0.00000000e+00  1.04653097e-04  1.20000000e+00 
 1.04753097e-04  9.00916391e-01  1.04753097e-04  6.80051760e-01  1.04753097e-04  1.85633246e-06  1.04753097e-04 -2.46241718e-07  1.04753097e-04  6.75438052e-06  1.04753097e-04  0.00000000e+00  1.04753097e-04  1.20000000e+00 
 1.04853097e-04  8.96710286e-01  1.04853097e-04  6.80092214e-01  1.04853097e-04  1.93397003e-06  1.04853097e-04  2.46279940e-07  1.04853097e-04 -5.82825823e-06  1.04853097e-04  0.00000000e+00  1.04853097e-04  1.20000000e+00 
 1.04953097e-04  8.92503959e-01  1.04953097e-04  6.80051971e-01  1.04953097e-04  1.85633233e-06  1.04953097e-04 -2.46233971e-07  1.04953097e-04  6.75435085e-06  1.04953097e-04  0.00000000e+00  1.04953097e-04  1.20000000e+00 
 1.05053097e-04  8.88297974e-01  1.05053097e-04  6.80092310e-01  1.05053097e-04  1.93397016e-06  1.05053097e-04  2.46272177e-07  1.05053097e-04 -5.82825808e-06  1.05053097e-04  0.00000000e+00  1.05053097e-04  1.20000000e+00 
 1.05153097e-04  8.84091773e-01  1.05153097e-04  6.80052162e-01  1.05153097e-04  1.85633220e-06  1.05153097e-04 -2.46226181e-07  1.05153097e-04  6.75431881e-06  1.05153097e-04  0.00000000e+00  1.05153097e-04  1.20000000e+00 
 1.05253097e-04  8.79885940e-01  1.05253097e-04  6.80092345e-01  1.05253097e-04  1.93397029e-06  1.05253097e-04  2.46264383e-07  1.05253097e-04 -5.82826055e-06  1.05253097e-04  0.00000000e+00  1.05253097e-04  1.20000000e+00 
 1.05353097e-04  8.75679903e-01  1.05353097e-04  6.80052340e-01  1.05353097e-04  1.85633207e-06  1.05353097e-04 -2.46218373e-07  1.05353097e-04  6.75428369e-06  1.05353097e-04  0.00000000e+00  1.05353097e-04  1.20000000e+00 
 1.05453097e-04  8.71474268e-01  1.05453097e-04  6.80092320e-01  1.05453097e-04  1.93397043e-06  1.05453097e-04  2.46256586e-07  1.05453097e-04 -5.82826670e-06  1.05453097e-04  0.00000000e+00  1.05453097e-04  1.20000000e+00 
 1.05553097e-04  8.67268441e-01  1.05553097e-04  6.80052509e-01  1.05553097e-04  1.85633194e-06  1.05553097e-04 -2.46210577e-07  1.05553097e-04  6.75424466e-06  1.05553097e-04  0.00000000e+00  1.05553097e-04  1.20000000e+00 
 1.05653097e-04  8.63063060e-01  1.05653097e-04  6.80092236e-01  1.05653097e-04  1.93397056e-06  1.05653097e-04  2.46248814e-07  1.05653097e-04 -5.82827775e-06  1.05653097e-04  0.00000000e+00  1.05653097e-04  1.20000000e+00 
 1.05753097e-04  8.58857503e-01  1.05753097e-04  6.80052676e-01  1.05753097e-04  1.85633181e-06  1.05753097e-04 -2.46202821e-07  1.05753097e-04  6.75420077e-06  1.05753097e-04  0.00000000e+00  1.05753097e-04  1.20000000e+00 
 1.05853097e-04  8.54652445e-01  1.05853097e-04  6.80092092e-01  1.05853097e-04  1.93397069e-06  1.05853097e-04  2.46241097e-07  1.05853097e-04 -5.82829507e-06  1.05853097e-04  0.00000000e+00  1.05853097e-04  1.20000000e+00 
 1.05953097e-04  8.50447229e-01  1.05953097e-04  6.80052843e-01  1.05953097e-04  1.85633167e-06  1.05953097e-04 -2.46195135e-07  1.05953097e-04  6.75415098e-06  1.05953097e-04  0.00000000e+00  1.05953097e-04  1.20000000e+00 
 1.06053097e-04  8.46242577e-01  1.06053097e-04  6.80091889e-01  1.06053097e-04  1.93397083e-06  1.06053097e-04  2.46233465e-07  1.06053097e-04 -5.82832010e-06  1.06053097e-04  0.00000000e+00  1.06053097e-04  1.20000000e+00 
 1.06153097e-04  8.42037785e-01  1.06153097e-04  6.80053014e-01  1.06153097e-04  1.85633153e-06  1.06153097e-04 -2.46187549e-07  1.06153097e-04  6.75409426e-06  1.06153097e-04  0.00000000e+00  1.06153097e-04  1.20000000e+00 
 1.06253097e-04  8.37833633e-01  1.06253097e-04  6.80091628e-01  1.06253097e-04  1.93397097e-06  1.06253097e-04  2.46225946e-07  1.06253097e-04 -5.82835423e-06  1.06253097e-04  0.00000000e+00  1.06253097e-04  1.20000000e+00 
 1.06353097e-04  8.33629358e-01  1.06353097e-04  6.80053193e-01  1.06353097e-04  1.85633140e-06  1.06353097e-04 -2.46180092e-07  1.06353097e-04  6.75402964e-06  1.06353097e-04  0.00000000e+00  1.06353097e-04  1.20000000e+00 
 1.06453097e-04  8.29425807e-01  1.06453097e-04  6.80091313e-01  1.06453097e-04  1.93397111e-06  1.06453097e-04  2.46218570e-07  1.06453097e-04 -5.82839874e-06  1.06453097e-04  0.00000000e+00  1.06453097e-04  1.20000000e+00 
 1.06553097e-04  8.25222151e-01  1.06553097e-04  6.80053383e-01  1.06553097e-04  1.85633126e-06  1.06553097e-04 -2.46172791e-07  1.06553097e-04  6.75395630e-06  1.06553097e-04  0.00000000e+00  1.06553097e-04  1.20000000e+00 
 1.06653097e-04  8.21019312e-01  1.06653097e-04  6.80090949e-01  1.06653097e-04  1.93397125e-06  1.06653097e-04  2.46211361e-07  1.06653097e-04 -5.82845462e-06  1.06653097e-04  0.00000000e+00  1.06653097e-04  1.20000000e+00 
 1.06753097e-04  8.16816381e-01  1.06753097e-04  6.80053587e-01  1.06753097e-04  1.85633111e-06  1.06753097e-04 -2.46165669e-07  1.06753097e-04  6.75387369e-06  1.06753097e-04  0.00000000e+00  1.06753097e-04  1.20000000e+00 
 1.06853097e-04  8.12614365e-01  1.06853097e-04  6.80090546e-01  1.06853097e-04  1.93397140e-06  1.06853097e-04  2.46204343e-07  1.06853097e-04 -5.82852251e-06  1.06853097e-04  0.00000000e+00  1.06853097e-04  1.20000000e+00 
 1.06953097e-04  8.08412267e-01  1.06953097e-04  6.80053810e-01  1.06953097e-04  1.85633096e-06  1.06953097e-04 -2.46158748e-07  1.06953097e-04  6.75378155e-06  1.06953097e-04  0.00000000e+00  1.06953097e-04  1.20000000e+00 
 1.07053097e-04  8.04211181e-01  1.07053097e-04  6.80090113e-01  1.07053097e-04  1.93397156e-06  1.07053097e-04  2.46197532e-07  1.07053097e-04 -5.82860256e-06  1.07053097e-04  0.00000000e+00  1.07053097e-04  1.20000000e+00 
 1.07153097e-04  8.00010020e-01  1.07153097e-04  6.80054051e-01  1.07153097e-04  1.85633080e-06  1.07153097e-04 -2.46152043e-07  1.07153097e-04  6.75367992e-06  1.07153097e-04  0.00000000e+00  1.07153097e-04  1.20000000e+00 
 1.07253097e-04  7.95809967e-01  1.07253097e-04  6.80089660e-01  1.07253097e-04  1.93397171e-06  1.07253097e-04  2.46190943e-07  1.07253097e-04 -5.82869454e-06  1.07253097e-04  0.00000000e+00  1.07253097e-04  1.20000000e+00 
 1.07353097e-04  7.91609841e-01  1.07353097e-04  6.80054311e-01  1.07353097e-04  1.85633064e-06  1.07353097e-04 -2.46145564e-07  1.07353097e-04  6.75356913e-06  1.07353097e-04  0.00000000e+00  1.07353097e-04  1.20000000e+00 
 1.07453097e-04  7.87410916e-01  1.07453097e-04  6.80089200e-01  1.07453097e-04  1.93397188e-06  1.07453097e-04  2.46184580e-07  1.07453097e-04 -5.82879782e-06  1.07453097e-04  0.00000000e+00  1.07453097e-04  1.20000000e+00 
 1.07553097e-04  7.83211915e-01  1.07553097e-04  6.80054587e-01  1.07553097e-04  1.85633047e-06  1.07553097e-04 -2.46139313e-07  1.07553097e-04  6.75344971e-06  1.07553097e-04  0.00000000e+00  1.07553097e-04  1.20000000e+00 
 1.07653097e-04  7.79014200e-01  1.07653097e-04  6.80088742e-01  1.07653097e-04  1.93397205e-06  1.07653097e-04  2.46178446e-07  1.07653097e-04 -5.82891155e-06  1.07653097e-04  0.00000000e+00  1.07653097e-04  1.20000000e+00 
 1.07753097e-04  7.74816404e-01  1.07753097e-04  6.80054875e-01  1.07753097e-04  1.85633029e-06  1.07753097e-04 -2.46133288e-07  1.07753097e-04  6.75332229e-06  1.07753097e-04  0.00000000e+00  1.07753097e-04  1.20000000e+00 
 1.07853097e-04  7.70619972e-01  1.07853097e-04  6.80088292e-01  1.07853097e-04  1.93397223e-06  1.07853097e-04  2.46172534e-07  1.07853097e-04 -5.82903472e-06  1.07853097e-04  0.00000000e+00  1.07853097e-04  1.20000000e+00 
 1.07953097e-04  7.66423452e-01  1.07953097e-04  6.80055171e-01  1.07953097e-04  1.85633011e-06  1.07953097e-04 -2.46127483e-07  1.07953097e-04  6.75318754e-06  1.07953097e-04  0.00000000e+00  1.07953097e-04  1.20000000e+00 
 1.08053097e-04  7.62228365e-01  1.08053097e-04  6.80087857e-01  1.08053097e-04  1.93397242e-06  1.08053097e-04  2.46166837e-07  1.08053097e-04 -5.82916632e-06  1.08053097e-04  0.00000000e+00  1.08053097e-04  1.20000000e+00 
 1.08153097e-04  7.58033183e-01  1.08153097e-04  6.80055471e-01  1.08153097e-04  1.85632992e-06  1.08153097e-04 -2.46121885e-07  1.08153097e-04  6.75304615e-06  1.08153097e-04  0.00000000e+00  1.08153097e-04  1.20000000e+00 
 1.08253097e-04  7.53839496e-01  1.08253097e-04  6.80087441e-01  1.08253097e-04  1.93397261e-06  1.08253097e-04  2.46161340e-07  1.08253097e-04 -5.82930538e-06  1.08253097e-04  0.00000000e+00  1.08253097e-04  1.20000000e+00 
 1.08353097e-04  7.49645705e-01  1.08353097e-04  6.80055769e-01  1.08353097e-04  1.85632972e-06  1.08353097e-04 -2.46116481e-07  1.08353097e-04  6.75289871e-06  1.08353097e-04  0.00000000e+00  1.08353097e-04  1.20000000e+00 
 1.08453097e-04  7.45453465e-01  1.08453097e-04  6.80087045e-01  1.08453097e-04  1.93397281e-06  1.08453097e-04  2.46156030e-07  1.08453097e-04 -5.82945100e-06  1.08453097e-04  0.00000000e+00  1.08453097e-04  1.20000000e+00 
 1.08553097e-04  7.41261114e-01  1.08553097e-04  6.80056062e-01  1.08553097e-04  1.85632952e-06  1.08553097e-04 -2.46111255e-07  1.08553097e-04  6.75274579e-06  1.08553097e-04  0.00000000e+00  1.08553097e-04  1.20000000e+00 
 1.08653097e-04  7.37070361e-01  1.08653097e-04  6.80086671e-01  1.08653097e-04  1.93397302e-06  1.08653097e-04  2.46150891e-07  1.08653097e-04 -5.82960242e-06  1.08653097e-04  0.00000000e+00  1.08653097e-04  1.20000000e+00 
 1.08753097e-04  7.32879491e-01  1.08753097e-04  6.80056348e-01  1.08753097e-04  1.85632931e-06  1.08753097e-04 -2.46106193e-07  1.08753097e-04  6.75258786e-06  1.08753097e-04  0.00000000e+00  1.08753097e-04  1.20000000e+00 
 1.08853097e-04  7.28690262e-01  1.08853097e-04  6.80086317e-01  1.08853097e-04  1.93397324e-06  1.08853097e-04  2.46145907e-07  1.08853097e-04 -5.82975895e-06  1.08853097e-04  0.00000000e+00  1.08853097e-04  1.20000000e+00 
 1.08953097e-04  7.24500910e-01  1.08953097e-04  6.80056625e-01  1.08953097e-04  1.85632909e-06  1.08953097e-04 -2.46101279e-07  1.08953097e-04  6.75242535e-06  1.08953097e-04  0.00000000e+00  1.08953097e-04  1.20000000e+00 
 1.09053097e-04  7.20313238e-01  1.09053097e-04  6.80085984e-01  1.09053097e-04  1.93397346e-06  1.09053097e-04  2.46141065e-07  1.09053097e-04 -5.82992006e-06  1.09053097e-04  0.00000000e+00  1.09053097e-04  1.20000000e+00 
 1.09153097e-04  7.16125437e-01  1.09153097e-04  6.80056892e-01  1.09153097e-04  1.85632887e-06  1.09153097e-04 -2.46096499e-07  1.09153097e-04  6.75225862e-06  1.09153097e-04  0.00000000e+00  1.09153097e-04  1.20000000e+00 
 1.09253097e-04  7.11939351e-01  1.09253097e-04  6.80085670e-01  1.09253097e-04  1.93397368e-06  1.09253097e-04  2.46136350e-07  1.09253097e-04 -5.83008525e-06  1.09253097e-04  0.00000000e+00  1.09253097e-04  1.20000000e+00 
 1.09353097e-04  7.07753132e-01  1.09353097e-04  6.80057148e-01  1.09353097e-04  1.85632864e-06  1.09353097e-04 -2.46091840e-07  1.09353097e-04  6.75208797e-06  1.09353097e-04  0.00000000e+00  1.09353097e-04  1.20000000e+00 
 1.09453097e-04  7.03568660e-01  1.09453097e-04  6.80085373e-01  1.09453097e-04  1.93397392e-06  1.09453097e-04  2.46131750e-07  1.09453097e-04 -5.83025415e-06  1.09453097e-04  0.00000000e+00  1.09453097e-04  1.20000000e+00 
 1.09553097e-04  6.99384052e-01  1.09553097e-04  6.80057394e-01  1.09553097e-04  1.85632840e-06  1.09553097e-04 -2.46087291e-07  1.09553097e-04  6.75191365e-06  1.09553097e-04  0.00000000e+00  1.09553097e-04  1.20000000e+00 
 1.09653097e-04  6.95201218e-01  1.09653097e-04  6.80085094e-01  1.09653097e-04  1.93397416e-06  1.09653097e-04  2.46127255e-07  1.09653097e-04 -5.83042644e-06  1.09653097e-04  0.00000000e+00  1.09653097e-04  1.20000000e+00 
 1.09753097e-04  6.91018247e-01  1.09753097e-04  6.80057629e-01  1.09753097e-04  1.85632816e-06  1.09753097e-04 -2.46082842e-07  1.09753097e-04  6.75173590e-06  1.09753097e-04  0.00000000e+00  1.09753097e-04  1.20000000e+00 
 1.09853097e-04  6.86837075e-01  1.09853097e-04  6.80084829e-01  1.09853097e-04  1.93397440e-06  1.09853097e-04  2.46122856e-07  1.09853097e-04 -5.83060184e-06  1.09853097e-04  0.00000000e+00  1.09853097e-04  1.20000000e+00 
 1.09953097e-04  6.82655765e-01  1.09953097e-04  6.80057854e-01  1.09953097e-04  1.85632792e-06  1.09953097e-04 -2.46078484e-07  1.09953097e-04  6.75155490e-06  1.09953097e-04  0.00000000e+00  1.09953097e-04  1.20000000e+00 
 1.10053097e-04  6.78476279e-01  1.10053097e-04  6.80084578e-01  1.10053097e-04  1.93397464e-06  1.10053097e-04  2.46118544e-07  1.10053097e-04 -5.83078014e-06  1.10053097e-04  0.00000000e+00  1.10053097e-04  1.20000000e+00 
 1.10153097e-04  6.74296655e-01  1.10153097e-04  6.80058069e-01  1.10153097e-04  1.85632767e-06  1.10153097e-04 -2.46074210e-07  1.10153097e-04  6.75137081e-06  1.10153097e-04  0.00000000e+00  1.10153097e-04  1.20000000e+00 
 1.10253097e-04  6.70118875e-01  1.10253097e-04  6.80084340e-01  1.10253097e-04  1.93397490e-06  1.10253097e-04  2.46114313e-07  1.10253097e-04 -5.83096114e-06  1.10253097e-04  0.00000000e+00  1.10253097e-04  1.20000000e+00 
 1.10353097e-04  6.65940958e-01  1.10353097e-04  6.80058275e-01  1.10353097e-04  1.85632741e-06  1.10353097e-04 -2.46070014e-07  1.10353097e-04  6.75118379e-06  1.10353097e-04  0.00000000e+00  1.10353097e-04  1.20000000e+00 
 1.10453097e-04  6.61764906e-01  1.10453097e-04  6.80084113e-01  1.10453097e-04  1.93397515e-06  1.10453097e-04  2.46110157e-07  1.10453097e-04 -5.83114469e-06  1.10453097e-04  0.00000000e+00  1.10453097e-04  1.20000000e+00 
 1.10553097e-04  6.57588718e-01  1.10553097e-04  6.80058472e-01  1.10553097e-04  1.85632716e-06  1.10553097e-04 -2.46065891e-07  1.10553097e-04  6.75099396e-06  1.10553097e-04  0.00000000e+00  1.10553097e-04  1.20000000e+00 
 1.10653097e-04  6.53414414e-01  1.10653097e-04  6.80083896e-01  1.10653097e-04  1.93397541e-06  1.10653097e-04  2.46106072e-07  1.10653097e-04 -5.83133064e-06  1.10653097e-04  0.00000000e+00  1.10653097e-04  1.20000000e+00 
 1.10753097e-04  6.49239975e-01  1.10753097e-04  6.80058661e-01  1.10753097e-04  1.85632690e-06  1.10753097e-04 -2.46061837e-07  1.10753097e-04  6.75080144e-06  1.10753097e-04  0.00000000e+00  1.10753097e-04  1.20000000e+00 
 1.10853097e-04  6.45067438e-01  1.10853097e-04  6.80083690e-01  1.10853097e-04  1.93397567e-06  1.10853097e-04  2.46102054e-07  1.10853097e-04 -5.83151888e-06  1.10853097e-04  0.00000000e+00  1.10853097e-04  1.20000000e+00 
 1.10953097e-04  6.40894768e-01  1.10953097e-04  6.80058841e-01  1.10953097e-04  1.85632663e-06  1.10953097e-04 -2.46057848e-07  1.10953097e-04  6.75060633e-06  1.10953097e-04  0.00000000e+00  1.10953097e-04  1.20000000e+00 
 1.11053097e-04  6.36724017e-01  1.11053097e-04  6.80083492e-01  1.11053097e-04  1.93397594e-06  1.11053097e-04  2.46098100e-07  1.11053097e-04 -5.83170930e-06  1.11053097e-04  0.00000000e+00  1.11053097e-04  1.20000000e+00 
 1.11153097e-04  6.32553135e-01  1.11153097e-04  6.80059015e-01  1.11153097e-04  1.85632637e-06  1.11153097e-04 -2.46053921e-07  1.11153097e-04  6.75040874e-06  1.11153097e-04  0.00000000e+00  1.11153097e-04  1.20000000e+00 
 1.11253097e-04  6.28384188e-01  1.11253097e-04  6.80083303e-01  1.11253097e-04  1.93397621e-06  1.11253097e-04  2.46094207e-07  1.11253097e-04 -5.83190180e-06  1.11253097e-04  0.00000000e+00  1.11253097e-04  1.20000000e+00 
 1.11353097e-04  6.24215114e-01  1.11353097e-04  6.80059181e-01  1.11353097e-04  1.85632610e-06  1.11353097e-04 -2.46050054e-07  1.11353097e-04  6.75020875e-06  1.11353097e-04  0.00000000e+00  1.11353097e-04  1.20000000e+00 
 1.11453097e-04  6.20047989e-01  1.11453097e-04  6.80083121e-01  1.11453097e-04  1.93397648e-06  1.11453097e-04  2.46090372e-07  1.11453097e-04 -5.83209628e-06  1.11453097e-04  0.00000000e+00  1.11453097e-04  1.20000000e+00 
 1.11553097e-04  6.15880740e-01  1.11553097e-04  6.80059341e-01  1.11553097e-04  1.85632583e-06  1.11553097e-04 -2.46046245e-07  1.11553097e-04  6.75000647e-06  1.11553097e-04  0.00000000e+00  1.11553097e-04  1.20000000e+00 
 1.11653097e-04  6.11715453e-01  1.11653097e-04  6.80082947e-01  1.11653097e-04  1.93397675e-06  1.11653097e-04  2.46086595e-07  1.11653097e-04 -5.83229267e-06  1.11653097e-04  0.00000000e+00  1.11653097e-04  1.20000000e+00 
 1.11753097e-04  6.07550046e-01  1.11753097e-04  6.80059494e-01  1.11753097e-04  1.85632555e-06  1.11753097e-04 -2.46042493e-07  1.11753097e-04  6.74980198e-06  1.11753097e-04  0.00000000e+00  1.11753097e-04  1.20000000e+00 
 1.11853097e-04  6.03386615e-01  1.11853097e-04  6.80082779e-01  1.11853097e-04  1.93397703e-06  1.11853097e-04  2.46082874e-07  1.11853097e-04 -5.83249088e-06  1.11853097e-04  0.00000000e+00  1.11853097e-04  1.20000000e+00 
 1.11953097e-04  5.99223067e-01  1.11953097e-04  6.80059641e-01  1.11953097e-04  1.85632527e-06  1.11953097e-04 -2.46038796e-07  1.11953097e-04  6.74959536e-06  1.11953097e-04  0.00000000e+00  1.11953097e-04  1.20000000e+00 
 1.12053097e-04  5.95061508e-01  1.12053097e-04  6.80082618e-01  1.12053097e-04  1.93397730e-06  1.12053097e-04  2.46079207e-07  1.12053097e-04 -5.83269083e-06  1.12053097e-04  0.00000000e+00  1.12053097e-04  1.20000000e+00 
 1.12153097e-04  5.90899835e-01  1.12153097e-04  6.80059783e-01  1.12153097e-04  1.85632500e-06  1.12153097e-04 -2.46035153e-07  1.12153097e-04  6.74938671e-06  1.12153097e-04  0.00000000e+00  1.12153097e-04  1.20000000e+00 
 1.12253097e-04  5.86740162e-01  1.12253097e-04  6.80082463e-01  1.12253097e-04  1.93397758e-06  1.12253097e-04  2.46075593e-07  1.12253097e-04 -5.83289243e-06  1.12253097e-04  0.00000000e+00  1.12253097e-04  1.20000000e+00 
 1.12353097e-04  5.82580379e-01  1.12353097e-04  6.80059919e-01  1.12353097e-04  1.85632472e-06  1.12353097e-04 -2.46031562e-07  1.12353097e-04  6.74917611e-06  1.12353097e-04  0.00000000e+00  1.12353097e-04  1.20000000e+00 
 1.12453097e-04  5.78422608e-01  1.12453097e-04  6.80082313e-01  1.12453097e-04  1.93397786e-06  1.12453097e-04  2.46072032e-07  1.12453097e-04 -5.83309562e-06  1.12453097e-04  0.00000000e+00  1.12453097e-04  1.20000000e+00 
 1.12553097e-04  5.74264731e-01  1.12553097e-04  6.80060049e-01  1.12553097e-04  1.85632444e-06  1.12553097e-04 -2.46028024e-07  1.12553097e-04  6.74896363e-06  1.12553097e-04  0.00000000e+00  1.12553097e-04  1.20000000e+00 
 1.12653097e-04  5.70108876e-01  1.12653097e-04  6.80082169e-01  1.12653097e-04  1.93397815e-06  1.12653097e-04  2.46068522e-07  1.12653097e-04 -5.83330032e-06  1.12653097e-04  0.00000000e+00  1.12653097e-04  1.20000000e+00 
 1.12753097e-04  5.65952918e-01  1.12753097e-04  6.80060175e-01  1.12753097e-04  1.85632415e-06  1.12753097e-04 -2.46024537e-07  1.12753097e-04  6.74874937e-06  1.12753097e-04  0.00000000e+00  1.12753097e-04  1.20000000e+00 
 1.12853097e-04  5.61798992e-01  1.12853097e-04  6.80082030e-01  1.12853097e-04  1.93397843e-06  1.12853097e-04  2.46065064e-07  1.12853097e-04 -5.83350646e-06  1.12853097e-04  0.00000000e+00  1.12853097e-04  1.20000000e+00 
 1.12953097e-04  5.57644968e-01  1.12953097e-04  6.80060295e-01  1.12953097e-04  1.85632387e-06  1.12953097e-04 -2.46021100e-07  1.12953097e-04  6.74853338e-06  1.12953097e-04  0.00000000e+00  1.12953097e-04  1.20000000e+00 
 1.13053097e-04  5.53492985e-01  1.13053097e-04  6.80081896e-01  1.13053097e-04  1.93397871e-06  1.13053097e-04  2.46061655e-07  1.13053097e-04 -5.83371399e-06  1.13053097e-04  0.00000000e+00  1.13053097e-04  1.20000000e+00 
 1.13153097e-04  5.49340907e-01  1.13153097e-04  6.80060411e-01  1.13153097e-04  1.85632359e-06  1.13153097e-04 -2.46017714e-07  1.13153097e-04  6.74831572e-06  1.13153097e-04  0.00000000e+00  1.13153097e-04  1.20000000e+00 
 1.13253097e-04  5.45190880e-01  1.13253097e-04  6.80081767e-01  1.13253097e-04  1.93397900e-06  1.13253097e-04  2.46058296e-07  1.13253097e-04 -5.83392287e-06  1.13253097e-04  0.00000000e+00  1.13253097e-04  1.20000000e+00 
 1.13353097e-04  5.41040762e-01  1.13353097e-04  6.80060522e-01  1.13353097e-04  1.85632330e-06  1.13353097e-04 -2.46014376e-07  1.13353097e-04  6.74809642e-06  1.13353097e-04  0.00000000e+00  1.13353097e-04  1.20000000e+00 
 1.13453097e-04  5.36892704e-01  1.13453097e-04  6.80081642e-01  1.13453097e-04  1.93397928e-06  1.13453097e-04  2.46054987e-07  1.13453097e-04 -5.83413309e-06  1.13453097e-04  0.00000000e+00  1.13453097e-04  1.20000000e+00 
 1.13553097e-04  5.32744559e-01  1.13553097e-04  6.80060628e-01  1.13553097e-04  1.85632301e-06  1.13553097e-04 -2.46011087e-07  1.13553097e-04  6.74787547e-06  1.13553097e-04  0.00000000e+00  1.13553097e-04  1.20000000e+00 
 1.13653097e-04  5.28598483e-01  1.13653097e-04  6.80081521e-01  1.13653097e-04  1.93397957e-06  1.13653097e-04  2.46051725e-07  1.13653097e-04 -5.83434471e-06  1.13653097e-04  0.00000000e+00  1.13653097e-04  1.20000000e+00 
 1.13753097e-04  5.24452324e-01  1.13753097e-04  6.80060729e-01  1.13753097e-04  1.85632272e-06  1.13753097e-04 -2.46007847e-07  1.13753097e-04  6.74765280e-06  1.13753097e-04  0.00000000e+00  1.13753097e-04  1.20000000e+00 
 1.13853097e-04  5.20308244e-01  1.13853097e-04  6.80081404e-01  1.13853097e-04  1.93397986e-06  1.13853097e-04  2.46048511e-07  1.13853097e-04 -5.83455785e-06  1.13853097e-04  0.00000000e+00  1.13853097e-04  1.20000000e+00 
 1.13953097e-04  5.16164087e-01  1.13953097e-04  6.80060825e-01  1.13953097e-04  1.85632244e-06  1.13953097e-04 -2.46004653e-07  1.13953097e-04  6.74742821e-06  1.13953097e-04  0.00000000e+00  1.13953097e-04  1.20000000e+00 
 1.14053097e-04  5.12022020e-01  1.14053097e-04  6.80081289e-01  1.14053097e-04  1.93398015e-06  1.14053097e-04  2.46045344e-07  1.14053097e-04 -5.83477276e-06  1.14053097e-04  0.00000000e+00  1.14053097e-04  1.20000000e+00 
 1.14153097e-04  5.07879883e-01  1.14153097e-04  6.80060916e-01  1.14153097e-04  1.85632215e-06  1.14153097e-04 -2.46001506e-07  1.14153097e-04  6.74720139e-06  1.14153097e-04  0.00000000e+00  1.14153097e-04  1.20000000e+00 
 1.14253097e-04  5.03739848e-01  1.14253097e-04  6.80081178e-01  1.14253097e-04  1.93398043e-06  1.14253097e-04  2.46042223e-07  1.14253097e-04 -5.83498988e-06  1.14253097e-04  0.00000000e+00  1.14253097e-04  1.20000000e+00 
 1.14353097e-04  4.99599754e-01  1.14353097e-04  6.80061000e-01  1.14353097e-04  1.85632186e-06  1.14353097e-04 -2.45998405e-07  1.14353097e-04  6.74697174e-06  1.14353097e-04  0.00000000e+00  1.14353097e-04  1.20000000e+00 
 1.14453097e-04  4.95461777e-01  1.14453097e-04  6.80081068e-01  1.14453097e-04  1.93398072e-06  1.14453097e-04  2.46039148e-07  1.14453097e-04 -5.83520996e-06  1.14453097e-04  0.00000000e+00  1.14453097e-04  1.20000000e+00 
 1.14553097e-04  4.91323757e-01  1.14553097e-04  6.80061077e-01  1.14553097e-04  1.85632158e-06  1.14553097e-04 -2.45995348e-07  1.14553097e-04  6.74673830e-06  1.14553097e-04  0.00000000e+00  1.14553097e-04  1.20000000e+00 
 1.14653097e-04  4.87187875e-01  1.14653097e-04  6.80080958e-01  1.14653097e-04  1.93398101e-06  1.14653097e-04  2.46036117e-07  1.14653097e-04 -5.83543422e-06  1.14653097e-04  0.00000000e+00  1.14653097e-04  1.20000000e+00 
 1.14753097e-04  4.83051970e-01  1.14753097e-04  6.80061146e-01  1.14753097e-04  1.85632129e-06  1.14753097e-04 -2.45992336e-07  1.14753097e-04  6.74649953e-06  1.14753097e-04  0.00000000e+00  1.14753097e-04  1.20000000e+00 
 1.14853097e-04  4.78918234e-01  1.14853097e-04  6.80080847e-01  1.14853097e-04  1.93398130e-06  1.14853097e-04  2.46033129e-07  1.14853097e-04 -5.83566456e-06  1.14853097e-04  0.00000000e+00  1.14853097e-04  1.20000000e+00 
 1.14926553e-04  4.75881490e-01  1.14926553e-04  6.80061216e-01  1.14926553e-04  1.85632095e-06  1.14926553e-04 -2.45988832e-07  1.14926553e-04  6.74628368e-06  1.14926553e-04  0.00000000e+00  1.14926553e-04  1.20000000e+00 
 1.15000010e-04  4.72846438e-01  1.15000010e-04  6.80080713e-01  1.15000010e-04  1.93398169e-06  1.15000010e-04  2.46029125e-07  1.15000010e-04 -5.83583594e-06  1.15000010e-04  0.00000000e+00  1.15000010e-04  1.20000000e+00 
 1.15000011e-04  4.72815256e-01  1.15000011e-04  6.77223643e-01  1.15000011e-04  2.53486935e-06  1.15000011e-04  4.39903558e-06  1.15000011e-04 -1.24229187e-04  1.15000011e-04  0.00000000e+00  1.15000011e-04  1.08000000e+00 
 1.15000013e-04  4.72756410e-01  1.15000013e-04  6.67412784e-01  1.15000013e-04  3.16891051e-06  1.15000013e-04  1.06957780e-05  1.15000013e-04 -2.09196765e-04  1.15000013e-04  0.00000000e+00  1.15000013e-04  8.40000000e-01 
 1.15000016e-04  4.72695512e-01  1.15000016e-04  6.48936826e-01  1.15000016e-04  2.52074826e-06  1.15000016e-04  5.53282069e-06  1.15000016e-04 -1.16745484e-04  1.15000016e-04  0.00000000e+00  1.15000016e-04  4.20000000e-01 
 1.15000020e-04  4.72669731e-01  1.15000020e-04  6.43399687e-01  1.15000020e-04  2.06177523e-06  1.15000020e-04 -1.89997366e-07  1.15000020e-04 -1.64260546e-05  1.15000020e-04  0.00000000e+00  1.15000020e-04  0.00000000e+00 
 1.15000021e-04  4.72669538e-01  1.15000021e-04  6.43785844e-01  1.15000021e-04  1.97252740e-06  1.15000021e-04 -4.25643483e-07  1.15000021e-04 -6.43902877e-06  1.15000021e-04  0.00000000e+00  1.15000021e-04  0.00000000e+00 
 1.15000022e-04  4.72669607e-01  1.15000022e-04  6.44617983e-01  1.15000022e-04  1.95620995e-06  1.15000022e-04 -5.70715948e-07  1.15000022e-04 -7.15988613e-07  1.15000022e-04  0.00000000e+00  1.15000022e-04  0.00000000e+00 
 1.15000025e-04  4.72669795e-01  1.15000025e-04  6.45911280e-01  1.15000025e-04  2.00278768e-06  1.15000025e-04 -9.74867330e-08  1.15000025e-04 -5.30082045e-06  1.15000025e-04  0.00000000e+00  1.15000025e-04  0.00000000e+00 
 1.15000030e-04  4.72670017e-01  1.15000030e-04  6.47626434e-01  1.15000030e-04  1.97405902e-06  1.15000030e-04 -1.97332495e-07  1.15000030e-04 -1.81353112e-07  1.15000030e-04  0.00000000e+00  1.15000030e-04  0.00000000e+00 
 1.15000042e-04  4.72670407e-01  1.15000042e-04  6.49623155e-01  1.15000042e-04  1.97021749e-06  1.15000042e-04  1.70024196e-07  1.15000042e-04 -4.13030999e-06  1.15000042e-04  0.00000000e+00  1.15000042e-04  0.00000000e+00 
 1.15000064e-04  4.72670913e-01  1.15000064e-04  6.51295622e-01  1.15000064e-04  1.90490129e-06  1.15000064e-04 -2.62243572e-10  1.15000064e-04  1.19446173e-06  1.15000064e-04  0.00000000e+00  1.15000064e-04  0.00000000e+00 
 1.15000109e-04  4.72671795e-01  1.15000109e-04  6.52861839e-01  1.15000109e-04  1.90687185e-06  1.15000109e-04  2.13455983e-07  1.15000109e-04 -2.25476528e-06  1.15000109e-04  0.00000000e+00  1.15000109e-04  0.00000000e+00 
 1.15000198e-04  4.72673195e-01  1.15000198e-04  6.54958094e-01  1.15000198e-04  1.87384583e-06  1.15000198e-04 -8.83090591e-10  1.15000198e-04  2.19869385e-06  1.15000198e-04  0.00000000e+00  1.15000198e-04  0.00000000e+00 
 1.15000377e-04  4.72675327e-01  1.15000377e-04  6.58033163e-01  1.15000377e-04  1.90184046e-06  1.15000377e-04  1.92921087e-07  1.15000377e-04 -2.17291799e-06  1.15000377e-04  0.00000000e+00  1.15000377e-04  0.00000000e+00 
 1.15000724e-04  4.72677664e-01  1.15000724e-04  6.61616897e-01  1.15000724e-04  1.87761686e-06  1.15000724e-04 -4.91180308e-08  1.15000724e-04  2.19688777e-06  1.15000724e-04  0.00000000e+00  1.15000724e-04  0.00000000e+00 
 1.15001418e-04  4.72679805e-01  1.15001418e-04  6.64518427e-01  1.15001418e-04  1.90752349e-06  1.15001418e-04  1.30141574e-07  1.15001418e-04 -2.15427162e-06  1.15001418e-04  0.00000000e+00  1.15001418e-04  0.00000000e+00 
 1.15002806e-04  4.72683801e-01  1.15002806e-04  6.65743362e-01  1.15002806e-04  1.88126328e-06  1.15002806e-04 -1.04879562e-07  1.15002806e-04  2.19996827e-06  1.15002806e-04  0.00000000e+00  1.15002806e-04  0.00000000e+00 
 1.15005581e-04  4.72695259e-01  1.15005581e-04  6.66779247e-01  1.15005581e-04  1.90838841e-06  1.15005581e-04  1.04023173e-07  1.15005581e-04 -2.15624527e-06  1.15005581e-04  0.00000000e+00  1.15005581e-04  0.00000000e+00 
 1.15011132e-04  4.72714687e-01  1.15011132e-04  6.70589872e-01  1.15011132e-04  1.88142599e-06  1.15011132e-04 -1.15630543e-07  1.15011132e-04  2.18632946e-06  1.15011132e-04  0.00000000e+00  1.15011132e-04  0.00000000e+00 
 1.15022233e-04  4.72741082e-01  1.15022233e-04  6.80120412e-01  1.15022233e-04  1.90855456e-06  1.15022233e-04  9.56597928e-08  1.15022233e-04 -2.18046503e-06  1.15022233e-04  0.00000000e+00  1.15022233e-04  0.00000000e+00 
 1.15041429e-04  4.72765543e-01  1.15041429e-04  6.80362609e-01  1.15041429e-04  1.88185336e-06  1.15041429e-04 -9.83650218e-08  1.15041429e-04  2.17945457e-06  1.15041429e-04  0.00000000e+00  1.15041429e-04  0.00000000e+00 
 1.15061497e-04  4.72775101e-01  1.15061497e-04  6.79673314e-01  1.15061497e-04  1.90844038e-06  1.15061497e-04  1.00722291e-07  1.15061497e-04 -2.17851111e-06  1.15061497e-04  0.00000000e+00  1.15061497e-04  0.00000000e+00 
 1.15101633e-04  4.72781387e-01  1.15101633e-04  6.80478866e-01  1.15101633e-04  1.88185322e-06  1.15101633e-04 -1.01649197e-07  1.15101633e-04  2.17833950e-06  1.15101633e-04  0.00000000e+00  1.15101633e-04  0.00000000e+00 
 1.15181906e-04  4.72781053e-01  1.15181906e-04  6.79671864e-01  1.15181906e-04  1.90845478e-06  1.15181906e-04  1.02125497e-07  1.15181906e-04 -2.17806856e-06  1.15181906e-04  0.00000000e+00  1.15181906e-04  0.00000000e+00 
 1.15281906e-04  4.72780827e-01  1.15281906e-04  6.80471865e-01  1.15281906e-04  1.88184259e-06  1.15281906e-04 -1.02408359e-07  1.15281906e-04  2.17809983e-06  1.15281906e-04  0.00000000e+00  1.15281906e-04  0.00000000e+00 
 1.15381906e-04  4.72779981e-01  1.15381906e-04  6.79681782e-01  1.15381906e-04  1.90846489e-06  1.15381906e-04  1.02755839e-07  1.15381906e-04 -2.17786923e-06  1.15381906e-04  0.00000000e+00  1.15381906e-04  0.00000000e+00 
 1.15481906e-04  4.72779847e-01  1.15481906e-04  6.80459572e-01  1.15481906e-04  1.88183206e-06  1.15481906e-04 -1.02999607e-07  1.15481906e-04  2.17791185e-06  1.15481906e-04  0.00000000e+00  1.15481906e-04  0.00000000e+00 
 1.15581906e-04  4.72778992e-01  1.15581906e-04  6.79696163e-01  1.15581906e-04  1.90847568e-06  1.15581906e-04  1.03309541e-07  1.15581906e-04 -2.17769195e-06  1.15581906e-04  0.00000000e+00  1.15581906e-04  0.00000000e+00 
 1.15681906e-04  4.72778836e-01  1.15681906e-04  6.80443745e-01  1.15681906e-04  1.88182110e-06  1.15681906e-04 -1.03517409e-07  1.15681906e-04  2.17774442e-06  1.15681906e-04  0.00000000e+00  1.15681906e-04  0.00000000e+00 
 1.15781906e-04  4.72778015e-01  1.15781906e-04  6.79713313e-01  1.15781906e-04  1.90848672e-06  1.15781906e-04  1.03793098e-07  1.15781906e-04 -2.17753383e-06  1.15781906e-04  0.00000000e+00  1.15781906e-04  0.00000000e+00 
 1.15881906e-04  4.72777822e-01  1.15881906e-04  6.80425812e-01  1.15881906e-04  1.88181005e-06  1.15881906e-04 -1.03968399e-07  1.15881906e-04  2.17759488e-06  1.15881906e-04  0.00000000e+00  1.15881906e-04  0.00000000e+00 
 1.15981906e-04  4.72777038e-01  1.15981906e-04  6.79732013e-01  1.15981906e-04  1.90849771e-06  1.15981906e-04  1.04213188e-07  1.15981906e-04 -2.17739239e-06  1.15981906e-04  0.00000000e+00  1.15981906e-04  0.00000000e+00 
 1.16081906e-04  4.72776807e-01  1.16081906e-04  6.80406799e-01  1.16081906e-04  1.88179916e-06  1.16081906e-04 -1.04359231e-07  1.16081906e-04  2.17746092e-06  1.16081906e-04  0.00000000e+00  1.16081906e-04  0.00000000e+00 
 1.16181906e-04  4.72776062e-01  1.16181906e-04  6.79751392e-01  1.16181906e-04  1.90850846e-06  1.16181906e-04  1.04576373e-07  1.16181906e-04 -2.17726549e-06  1.16181906e-04  0.00000000e+00  1.16181906e-04  0.00000000e+00 
 1.16281906e-04  4.72775794e-01  1.16281906e-04  6.80387433e-01  1.16281906e-04  1.88178858e-06  1.16281906e-04 -1.04696331e-07  1.16281906e-04  2.17734057e-06  1.16281906e-04  0.00000000e+00  1.16281906e-04  0.00000000e+00 
 1.16381906e-04  4.72775084e-01  1.16381906e-04  6.79770842e-01  1.16381906e-04  1.90851884e-06  1.16381906e-04  1.04888908e-07  1.16381906e-04 -2.17715133e-06  1.16381906e-04  0.00000000e+00  1.16381906e-04  0.00000000e+00 
 1.16481906e-04  4.72774783e-01  1.16481906e-04  6.80368218e-01  1.16481906e-04  1.88177841e-06  1.16481906e-04 -1.04985756e-07  1.16481906e-04  2.17723214e-06  1.16481906e-04  0.00000000e+00  1.16481906e-04  0.00000000e+00 
 1.16581906e-04  4.72774105e-01  1.16581906e-04  6.79789944e-01  1.16581906e-04  1.90852878e-06  1.16581906e-04  1.05156629e-07  1.16581906e-04 -2.17704831e-06  1.16581906e-04  0.00000000e+00  1.16581906e-04  0.00000000e+00 
 1.16681906e-04  4.72773772e-01  1.16681906e-04  6.80349495e-01  1.16681906e-04  1.88176871e-06  1.16681906e-04 -1.05233107e-07  1.16681906e-04  2.17713415e-06  1.16681906e-04  0.00000000e+00  1.16681906e-04  0.00000000e+00 
 1.16781906e-04  4.72773125e-01  1.16781906e-04  6.79808419e-01  1.16781906e-04  1.90853825e-06  1.16781906e-04  1.05384895e-07  1.16781906e-04 -2.17695507e-06  1.16781906e-04  0.00000000e+00  1.16781906e-04  0.00000000e+00 
 1.16881906e-04  4.72772763e-01  1.16881906e-04  6.80331489e-01  1.16881906e-04  1.88175949e-06  1.16881906e-04 -1.05443499e-07  1.16881906e-04  2.17704534e-06  1.16881906e-04  0.00000000e+00  1.16881906e-04  0.00000000e+00 
 1.16981906e-04  4.72772143e-01  1.16981906e-04  6.79826089e-01  1.16981906e-04  1.90854722e-06  1.16981906e-04  1.05578571e-07  1.16981906e-04 -2.17687044e-06  1.16981906e-04  0.00000000e+00  1.16981906e-04  0.00000000e+00 
 1.17081906e-04  4.72771756e-01  1.17081906e-04  6.80314338e-01  1.17081906e-04  1.88175077e-06  1.17081906e-04 -1.05621549e-07  1.17081906e-04  2.17696459e-06  1.17081906e-04  0.00000000e+00  1.17081906e-04  0.00000000e+00 
 1.17181906e-04  4.72771160e-01  1.17181906e-04  6.79842852e-01  1.17181906e-04  1.90855570e-06  1.17181906e-04  1.05742034e-07  1.17181906e-04 -2.17679337e-06  1.17181906e-04  0.00000000e+00  1.17181906e-04  0.00000000e+00 
 1.17281906e-04  4.72770750e-01  1.17281906e-04  6.80298117e-01  1.17281906e-04  1.88174254e-06  1.17281906e-04 -1.05771395e-07  1.17281906e-04  2.17689095e-06  1.17281906e-04  0.00000000e+00  1.17281906e-04  0.00000000e+00 
 1.17381906e-04  4.72770176e-01  1.17381906e-04  6.79858654e-01  1.17381906e-04  1.90856368e-06  1.17381906e-04  1.05879187e-07  1.17381906e-04 -2.17672297e-06  1.17381906e-04  0.00000000e+00  1.17381906e-04  0.00000000e+00 
 1.17481906e-04  4.72769745e-01  1.17481906e-04  6.80282860e-01  1.17481906e-04  1.88173479e-06  1.17481906e-04 -1.05896719e-07  1.17481906e-04  2.17682358e-06  1.17481906e-04  0.00000000e+00  1.17481906e-04  0.00000000e+00 
 1.17581906e-04  4.72769191e-01  1.17581906e-04  6.79873482e-01  1.17581906e-04  1.90857120e-06  1.17581906e-04  1.05993499e-07  1.17581906e-04 -2.17665847e-06  1.17581906e-04  0.00000000e+00  1.17581906e-04  0.00000000e+00 
 1.17681906e-04  4.72768742e-01  1.17681906e-04  6.80268567e-01  1.17681906e-04  1.88172751e-06  1.17681906e-04 -1.06000781e-07  1.17681906e-04  2.17676176e-06  1.17681906e-04  0.00000000e+00  1.17681906e-04  0.00000000e+00 
 1.17781906e-04  4.72768204e-01  1.17781906e-04  6.79887346e-01  1.17781906e-04  1.90857827e-06  1.17781906e-04  1.06088031e-07  1.17781906e-04 -2.17659917e-06  1.17781906e-04  0.00000000e+00  1.17781906e-04  0.00000000e+00 
 1.17881906e-04  4.72767740e-01  1.17881906e-04  6.80255220e-01  1.17881906e-04  1.88172066e-06  1.17881906e-04 -1.06086453e-07  1.17881906e-04  2.17670483e-06  1.17881906e-04  0.00000000e+00  1.17881906e-04  0.00000000e+00 
 1.17981906e-04  4.72767217e-01  1.17981906e-04  6.79900273e-01  1.17981906e-04  1.90858490e-06  1.17981906e-04  1.06165476e-07  1.17981906e-04 -2.17654449e-06  1.17981906e-04  0.00000000e+00  1.17981906e-04  0.00000000e+00 
 1.18081906e-04  4.72766738e-01  1.18081906e-04  6.80242785e-01  1.18081906e-04  1.88171423e-06  1.18081906e-04 -1.06156261e-07  1.18081906e-04  2.17665225e-06  1.18081906e-04  0.00000000e+00  1.18081906e-04  0.00000000e+00 
 1.18181906e-04  4.72766228e-01  1.18181906e-04  6.79912303e-01  1.18181906e-04  1.90859113e-06  1.18181906e-04  1.06228198e-07  1.18181906e-04 -2.17649390e-06  1.18181906e-04  0.00000000e+00  1.18181906e-04  0.00000000e+00 
 1.18281906e-04  4.72765738e-01  1.18281906e-04  6.80231221e-01  1.18281906e-04  1.88170819e-06  1.18281906e-04 -1.06212412e-07  1.18281906e-04  2.17660352e-06  1.18281906e-04  0.00000000e+00  1.18281906e-04  0.00000000e+00 
 1.18381906e-04  4.72765239e-01  1.18381906e-04  6.79923481e-01  1.18381906e-04  1.90859698e-06  1.18381906e-04  1.06278263e-07  1.18381906e-04 -2.17644693e-06  1.18381906e-04  0.00000000e+00  1.18381906e-04  0.00000000e+00 
 1.18481906e-04  4.72764739e-01  1.18481906e-04  6.80220481e-01  1.18481906e-04  1.88170253e-06  1.18481906e-04 -1.06256839e-07  1.18481906e-04  2.17655822e-06  1.18481906e-04  0.00000000e+00  1.18481906e-04  0.00000000e+00 
 1.18581906e-04  4.72764248e-01  1.18581906e-04  6.79933856e-01  1.18581906e-04  1.90860247e-06  1.18581906e-04  1.06317472e-07  1.18581906e-04 -2.17640320e-06  1.18581906e-04  0.00000000e+00  1.18581906e-04  0.00000000e+00 
 1.18681906e-04  4.72763741e-01  1.18681906e-04  6.80210514e-01  1.18681906e-04  1.88169721e-06  1.18681906e-04 -1.06291222e-07  1.18681906e-04  2.17651595e-06  1.18681906e-04  0.00000000e+00  1.18681906e-04  0.00000000e+00 
 1.18781906e-04  4.72763258e-01  1.18781906e-04  6.79943478e-01  1.18781906e-04  1.90860762e-06  1.18781906e-04  1.06347396e-07  1.18781906e-04 -2.17636234e-06  1.18781906e-04  0.00000000e+00  1.18781906e-04  0.00000000e+00 
 1.18881906e-04  4.72762743e-01  1.18881906e-04  6.80201272e-01  1.18881906e-04  1.88169222e-06  1.18881906e-04 -1.06317027e-07  1.18881906e-04  2.17647641e-06  1.18881906e-04  0.00000000e+00  1.18881906e-04  0.00000000e+00 
 1.18981906e-04  4.72762266e-01  1.18981906e-04  6.79952397e-01  1.18981906e-04  1.90861246e-06  1.18981906e-04  1.06369399e-07  1.18981906e-04 -2.17632404e-06  1.18981906e-04  0.00000000e+00  1.18981906e-04  0.00000000e+00 
 1.19081906e-04  4.72761746e-01  1.19081906e-04  6.80192705e-01  1.19081906e-04  1.88168753e-06  1.19081906e-04 -1.06335524e-07  1.19081906e-04  2.17643928e-06  1.19081906e-04  0.00000000e+00  1.19081906e-04  0.00000000e+00 
 1.19181906e-04  4.72761274e-01  1.19181906e-04  6.79960952e-01  1.19181906e-04  1.90861697e-06  1.19181906e-04  1.06384687e-07  1.19181906e-04 -2.17628803e-06  1.19181906e-04  0.00000000e+00  1.19181906e-04  0.00000000e+00 
 1.19281906e-04  4.72760750e-01  1.19281906e-04  6.80185085e-01  1.19281906e-04  1.88168310e-06  1.19281906e-04 -1.06347850e-07  1.19281906e-04  2.17640424e-06  1.19281906e-04  0.00000000e+00  1.19281906e-04  0.00000000e+00 
 1.19381906e-04  4.72760282e-01  1.19381906e-04  6.79968588e-01  1.19381906e-04  1.90862124e-06  1.19381906e-04  1.06394260e-07  1.19381906e-04 -2.17625406e-06  1.19381906e-04  0.00000000e+00  1.19381906e-04  0.00000000e+00 
 1.19481906e-04  4.72759754e-01  1.19481906e-04  6.80177688e-01  1.19481906e-04  1.88167896e-06  1.19481906e-04 -1.06354905e-07  1.19481906e-04  2.17637122e-06  1.19481906e-04  0.00000000e+00  1.19481906e-04  0.00000000e+00 
 1.19581906e-04  4.72759290e-01  1.19581906e-04  6.79975664e-01  1.19581906e-04  1.90862526e-06  1.19581906e-04  1.06399004e-07  1.19581906e-04 -2.17622192e-06  1.19581906e-04  0.00000000e+00  1.19581906e-04  0.00000000e+00 
 1.19681906e-04  4.72758759e-01  1.19681906e-04  6.80170834e-01  1.19681906e-04  1.88167507e-06  1.19681906e-04 -1.06357531e-07  1.19681906e-04  2.17633992e-06  1.19681906e-04  0.00000000e+00  1.19681906e-04  0.00000000e+00 
 1.19781906e-04  4.72758297e-01  1.19781906e-04  6.79982222e-01  1.19781906e-04  1.90862904e-06  1.19781906e-04  1.06399691e-07  1.19781906e-04 -2.17619142e-06  1.19781906e-04  0.00000000e+00  1.19781906e-04  0.00000000e+00 
 1.19881906e-04  4.72757765e-01  1.19881906e-04  6.80164483e-01  1.19881906e-04  1.88167141e-06  1.19881906e-04 -1.06356445e-07  1.19881906e-04  2.17631018e-06  1.19881906e-04  0.00000000e+00  1.19881906e-04  0.00000000e+00 
 1.19981906e-04  4.72757304e-01  1.19981906e-04  6.79988302e-01  1.19981906e-04  1.90863259e-06  1.19981906e-04  1.06396987e-07  1.19981906e-04 -2.17616239e-06  1.19981906e-04  0.00000000e+00  1.19981906e-04  0.00000000e+00 
 1.20081906e-04  4.72756770e-01  1.20081906e-04  6.80158596e-01  1.20081906e-04  1.88166797e-06  1.20081906e-04 -1.06352265e-07  1.20081906e-04  2.17628183e-06  1.20081906e-04  0.00000000e+00  1.20081906e-04  0.00000000e+00 
 1.20181906e-04  4.72756310e-01  1.20181906e-04  6.79993942e-01  1.20181906e-04  1.90863593e-06  1.20181906e-04  1.06391465e-07  1.20181906e-04 -2.17613468e-06  1.20181906e-04  0.00000000e+00  1.20181906e-04  0.00000000e+00 
 1.20281906e-04  4.72755776e-01  1.20281906e-04  6.80153135e-01  1.20281906e-04  1.88166472e-06  1.20281906e-04 -1.06345525e-07  1.20281906e-04  2.17625474e-06  1.20281906e-04  0.00000000e+00  1.20281906e-04  0.00000000e+00 
 1.20381906e-04  4.72755316e-01  1.20381906e-04  6.79999175e-01  1.20381906e-04  1.90863908e-06  1.20381906e-04  1.06383621e-07  1.20381906e-04 -2.17610816e-06  1.20381906e-04  0.00000000e+00  1.20381906e-04  0.00000000e+00 
 1.20481906e-04  4.72754782e-01  1.20481906e-04  6.80148068e-01  1.20481906e-04  1.88166167e-06  1.20481906e-04 -1.06336683e-07  1.20481906e-04  2.17622878e-06  1.20481906e-04  0.00000000e+00  1.20481906e-04  0.00000000e+00 
 1.20581906e-04  4.72754322e-01  1.20581906e-04  6.80004034e-01  1.20581906e-04  1.90864204e-06  1.20581906e-04  1.06373880e-07  1.20581906e-04 -2.17608272e-06  1.20581906e-04  0.00000000e+00  1.20581906e-04  0.00000000e+00 
 1.20681906e-04  4.72753789e-01  1.20681906e-04  6.80143364e-01  1.20681906e-04  1.88165880e-06  1.20681906e-04 -1.06326134e-07  1.20681906e-04  2.17620383e-06  1.20681906e-04  0.00000000e+00  1.20681906e-04  0.00000000e+00 
 1.20781906e-04  4.72753328e-01  1.20781906e-04  6.80008547e-01  1.20781906e-04  1.90864483e-06  1.20781906e-04  1.06362609e-07  1.20781906e-04 -2.17605825e-06  1.20781906e-04  0.00000000e+00  1.20781906e-04  0.00000000e+00 
 1.20881906e-04  4.72752795e-01  1.20881906e-04  6.80138993e-01  1.20881906e-04  1.88165609e-06  1.20881906e-04 -1.06314217e-07  1.20881906e-04  2.17617981e-06  1.20881906e-04  0.00000000e+00  1.20881906e-04  0.00000000e+00 
 1.20981906e-04  4.72752334e-01  1.20981906e-04  6.80012742e-01  1.20981906e-04  1.90864746e-06  1.20981906e-04  1.06350120e-07  1.20981906e-04 -2.17603465e-06  1.20981906e-04  0.00000000e+00  1.20981906e-04  0.00000000e+00 
 1.21081906e-04  4.72751802e-01  1.21081906e-04  6.80134931e-01  1.21081906e-04  1.88165353e-06  1.21081906e-04 -1.06301224e-07  1.21081906e-04  2.17615662e-06  1.21081906e-04  0.00000000e+00  1.21081906e-04  0.00000000e+00 
 1.21181906e-04  4.72751339e-01  1.21181906e-04  6.80016643e-01  1.21181906e-04  1.90864995e-06  1.21181906e-04  1.06336683e-07  1.21181906e-04 -2.17601185e-06  1.21181906e-04  0.00000000e+00  1.21181906e-04  0.00000000e+00 
 1.21281906e-04  4.72750808e-01  1.21281906e-04  6.80131153e-01  1.21281906e-04  1.88165113e-06  1.21281906e-04 -1.06287402e-07  1.21281906e-04  2.17613419e-06  1.21281906e-04  0.00000000e+00  1.21281906e-04  0.00000000e+00 
 1.21381906e-04  4.72750344e-01  1.21381906e-04  6.80020273e-01  1.21381906e-04  1.90865229e-06  1.21381906e-04  1.06322530e-07  1.21381906e-04 -2.17598977e-06  1.21381906e-04  0.00000000e+00  1.21381906e-04  0.00000000e+00 
 1.21481906e-04  4.72749815e-01  1.21481906e-04  6.80127636e-01  1.21481906e-04  1.88164885e-06  1.21481906e-04 -1.06272965e-07  1.21481906e-04  2.17611244e-06  1.21481906e-04  0.00000000e+00  1.21481906e-04  0.00000000e+00 
 1.21581906e-04  4.72749350e-01  1.21581906e-04  6.80023655e-01  1.21581906e-04  1.90865450e-06  1.21581906e-04  1.06307855e-07  1.21581906e-04 -2.17596834e-06  1.21581906e-04  0.00000000e+00  1.21581906e-04  0.00000000e+00 
 1.21681906e-04  4.72748822e-01  1.21681906e-04  6.80124360e-01  1.21681906e-04  1.88164671e-06  1.21681906e-04 -1.06258094e-07  1.21681906e-04  2.17609132e-06  1.21681906e-04  0.00000000e+00  1.21681906e-04  0.00000000e+00 
 1.21781906e-04  4.72748355e-01  1.21781906e-04  6.80026806e-01  1.21781906e-04  1.90865658e-06  1.21781906e-04  1.06292827e-07  1.21781906e-04 -2.17594750e-06  1.21781906e-04  0.00000000e+00  1.21781906e-04  0.00000000e+00 
 1.21881906e-04  4.72747829e-01  1.21881906e-04  6.80121306e-01  1.21881906e-04  1.88164468e-06  1.21881906e-04 -1.06242944e-07  1.21881906e-04  2.17607076e-06  1.21881906e-04  0.00000000e+00  1.21881906e-04  0.00000000e+00 
 1.21981906e-04  4.72747360e-01  1.21981906e-04  6.80029744e-01  1.21981906e-04  1.90865855e-06  1.21981906e-04  1.06277588e-07  1.21981906e-04 -2.17592721e-06  1.21981906e-04  0.00000000e+00  1.21981906e-04  0.00000000e+00 
 1.22081906e-04  4.72746835e-01  1.22081906e-04  6.80118457e-01  1.22081906e-04  1.88164277e-06  1.22081906e-04 -1.06227646e-07  1.22081906e-04  2.17605072e-06  1.22081906e-04  0.00000000e+00  1.22081906e-04  0.00000000e+00 
 1.22181906e-04  4.72746365e-01  1.22181906e-04  6.80032487e-01  1.22181906e-04  1.90866041e-06  1.22181906e-04  1.06262259e-07  1.22181906e-04 -2.17590741e-06  1.22181906e-04  0.00000000e+00  1.22181906e-04  0.00000000e+00 
 1.22281906e-04  4.72745842e-01  1.22281906e-04  6.80115798e-01  1.22281906e-04  1.88164096e-06  1.22281906e-04 -1.06212310e-07  1.22281906e-04  2.17603115e-06  1.22281906e-04  0.00000000e+00  1.22281906e-04  0.00000000e+00 
 1.22381906e-04  4.72745370e-01  1.22381906e-04  6.80035049e-01  1.22381906e-04  1.90866217e-06  1.22381906e-04  1.06246940e-07  1.22381906e-04 -2.17588806e-06  1.22381906e-04  0.00000000e+00  1.22381906e-04  0.00000000e+00 
 1.22481906e-04  4.72744849e-01  1.22481906e-04  6.80113313e-01  1.22481906e-04  1.88163925e-06  1.22481906e-04 -1.06197029e-07  1.22481906e-04  2.17601201e-06  1.22481906e-04  0.00000000e+00  1.22481906e-04  0.00000000e+00 
 1.22581906e-04  4.72744375e-01  1.22581906e-04  6.80037445e-01  1.22581906e-04  1.90866383e-06  1.22581906e-04  1.06231717e-07  1.22581906e-04 -2.17586912e-06  1.22581906e-04  0.00000000e+00  1.22581906e-04  0.00000000e+00 
 1.22681906e-04  4.72743856e-01  1.22681906e-04  6.80110989e-01  1.22681906e-04  1.88163764e-06  1.22681906e-04 -1.06181882e-07  1.22681906e-04  2.17599327e-06  1.22681906e-04  0.00000000e+00  1.22681906e-04  0.00000000e+00 
 1.22781906e-04  4.72743380e-01  1.22781906e-04  6.80039686e-01  1.22781906e-04  1.90866541e-06  1.22781906e-04  1.06216660e-07  1.22781906e-04 -2.17585056e-06  1.22781906e-04  0.00000000e+00  1.22781906e-04  0.00000000e+00 
 1.22881906e-04  4.72742863e-01  1.22881906e-04  6.80108814e-01  1.22881906e-04  1.88163611e-06  1.22881906e-04 -1.06166931e-07  1.22881906e-04  2.17597489e-06  1.22881906e-04  0.00000000e+00  1.22881906e-04  0.00000000e+00 
 1.22981906e-04  4.72742385e-01  1.22981906e-04  6.80041784e-01  1.22981906e-04  1.90866689e-06  1.22981906e-04  1.06201830e-07  1.22981906e-04 -2.17583235e-06  1.22981906e-04  0.00000000e+00  1.22981906e-04  0.00000000e+00 
 1.23081906e-04  4.72741869e-01  1.23081906e-04  6.80106777e-01  1.23081906e-04  1.88163467e-06  1.23081906e-04 -1.06152232e-07  1.23081906e-04  2.17595684e-06  1.23081906e-04  0.00000000e+00  1.23081906e-04  0.00000000e+00 
 1.23181906e-04  4.72741390e-01  1.23181906e-04  6.80043751e-01  1.23181906e-04  1.90866829e-06  1.23181906e-04  1.06187273e-07  1.23181906e-04 -2.17581446e-06  1.23181906e-04  0.00000000e+00  1.23181906e-04  0.00000000e+00 
 1.23281906e-04  4.72740876e-01  1.23281906e-04  6.80104867e-01  1.23281906e-04  1.88163330e-06  1.23281906e-04 -1.06137827e-07  1.23281906e-04  2.17593910e-06  1.23281906e-04  0.00000000e+00  1.23281906e-04  0.00000000e+00 
 1.23381906e-04  4.72740395e-01  1.23381906e-04  6.80045596e-01  1.23381906e-04  1.90866962e-06  1.23381906e-04  1.06173028e-07  1.23381906e-04 -2.17579686e-06  1.23381906e-04  0.00000000e+00  1.23381906e-04  0.00000000e+00 
 1.23481906e-04  4.72739883e-01  1.23481906e-04  6.80103074e-01  1.23481906e-04  1.88163201e-06  1.23481906e-04 -1.06123751e-07  1.23481906e-04  2.17592164e-06  1.23481906e-04  0.00000000e+00  1.23481906e-04  0.00000000e+00 
 1.23581906e-04  4.72739401e-01  1.23581906e-04  6.80047329e-01  1.23581906e-04  1.90867088e-06  1.23581906e-04  1.06159128e-07  1.23581906e-04 -2.17577953e-06  1.23581906e-04  0.00000000e+00  1.23581906e-04  0.00000000e+00 
 1.23681906e-04  4.72738889e-01  1.23681906e-04  6.80101390e-01  1.23681906e-04  1.88163079e-06  1.23681906e-04 -1.06110032e-07  1.23681906e-04  2.17590444e-06  1.23681906e-04  0.00000000e+00  1.23681906e-04  0.00000000e+00 
 1.23781906e-04  4.72738406e-01  1.23781906e-04  6.80048957e-01  1.23781906e-04  1.90867207e-06  1.23781906e-04  1.06145595e-07  1.23781906e-04 -2.17576245e-06  1.23781906e-04  0.00000000e+00  1.23781906e-04  0.00000000e+00 
 1.23881906e-04  4.72737896e-01  1.23881906e-04  6.80099807e-01  1.23881906e-04  1.88162963e-06  1.23881906e-04 -1.06096691e-07  1.23881906e-04  2.17588748e-06  1.23881906e-04  0.00000000e+00  1.23881906e-04  0.00000000e+00 
 1.23981906e-04  4.72737411e-01  1.23981906e-04  6.80050488e-01  1.23981906e-04  1.90867320e-06  1.23981906e-04  1.06132450e-07  1.23981906e-04 -2.17574560e-06  1.23981906e-04  0.00000000e+00  1.23981906e-04  0.00000000e+00 
 1.24081906e-04  4.72736903e-01  1.24081906e-04  6.80098318e-01  1.24081906e-04  1.88162854e-06  1.24081906e-04 -1.06083744e-07  1.24081906e-04  2.17587074e-06  1.24081906e-04  0.00000000e+00  1.24081906e-04  0.00000000e+00 
 1.24181906e-04  4.72736416e-01  1.24181906e-04  6.80051930e-01  1.24181906e-04  1.90867426e-06  1.24181906e-04  1.06119704e-07  1.24181906e-04 -2.17572897e-06  1.24181906e-04  0.00000000e+00  1.24181906e-04  0.00000000e+00 
 1.24281906e-04  4.72735909e-01  1.24281906e-04  6.80096915e-01  1.24281906e-04  1.88162750e-06  1.24281906e-04 -1.06071202e-07  1.24281906e-04  2.17585420e-06  1.24281906e-04  0.00000000e+00  1.24281906e-04  0.00000000e+00 
 1.24381906e-04  4.72735421e-01  1.24381906e-04  6.80053289e-01  1.24381906e-04  1.90867527e-06  1.24381906e-04  1.06107368e-07  1.24381906e-04 -2.17571253e-06  1.24381906e-04  0.00000000e+00  1.24381906e-04  0.00000000e+00 
 1.24481906e-04  4.72734916e-01  1.24481906e-04  6.80095592e-01  1.24481906e-04  1.88162652e-06  1.24481906e-04 -1.06059072e-07  1.24481906e-04  2.17583786e-06  1.24481906e-04  0.00000000e+00  1.24481906e-04  0.00000000e+00 
 1.24581906e-04  4.72734427e-01  1.24581906e-04  6.80054571e-01  1.24581906e-04  1.90867622e-06  1.24581906e-04  1.06095446e-07  1.24581906e-04 -2.17569627e-06  1.24581906e-04  0.00000000e+00  1.24581906e-04  0.00000000e+00 
 1.24681906e-04  4.72733922e-01  1.24681906e-04  6.80094344e-01  1.24681906e-04  1.88162560e-06  1.24681906e-04 -1.06047359e-07  1.24681906e-04  2.17582169e-06  1.24681906e-04  0.00000000e+00  1.24681906e-04  0.00000000e+00 
 1.24781906e-04  4.72733432e-01  1.24781906e-04  6.80055781e-01  1.24781906e-04  1.90867712e-06  1.24781906e-04  1.06083941e-07  1.24781906e-04 -2.17568019e-06  1.24781906e-04  0.00000000e+00  1.24781906e-04  0.00000000e+00 
 1.24881906e-04  4.72732929e-01  1.24881906e-04  6.80093165e-01  1.24881906e-04  1.88162472e-06  1.24881906e-04 -1.06036063e-07  1.24881906e-04  2.17580568e-06  1.24881906e-04  0.00000000e+00  1.24881906e-04  0.00000000e+00 
 1.24940953e-04  4.72732641e-01  1.24940953e-04  6.80057307e-01  1.24940953e-04  1.90867827e-06  1.24940953e-04  1.06069105e-07  1.24940953e-04 -2.17565877e-06  1.24940953e-04  0.00000000e+00  1.24940953e-04  0.00000000e+00 
 1.25000000e-04  4.72732342e-01  1.25000000e-04  6.80091313e-01  1.25000000e-04  1.88162334e-06  1.25000000e-04 -1.06017877e-07  1.25000000e-04  2.17577892e-06  1.25000000e-04  1.62630326e-09  1.25000000e-04  0.00000000e+00 
 1.25000001e-04  4.72735550e-01  1.25000001e-04  6.81096321e-01  1.25000001e-04  1.66082277e-06  1.25000001e-04  2.79302868e-06  1.25000001e-04 -5.92961405e-07  1.25000001e-04  1.20000001e-01  1.25000001e-04  0.00000000e+00 
 1.25000003e-04  4.72741830e-01  1.25000003e-04  6.82963982e-01  1.25000003e-04  1.67636313e-06  1.25000003e-04  2.46693972e-06  1.25000003e-04 -7.66188937e-07  1.25000003e-04  3.60000000e-01  1.25000003e-04  0.00000000e+00 
 1.25000006e-04  4.72752764e-01  1.25000006e-04  6.86042809e-01  1.25000006e-04  1.67807681e-06  1.25000006e-04  1.39900873e-06  1.25000006e-04 -5.19873343e-07  1.25000006e-04  7.79999999e-01  1.25000006e-04  0.00000000e+00 
 1.25000010e-04  4.72760692e-01  1.25000010e-04  6.88030959e-01  1.25000010e-04  1.81420352e-06  1.25000010e-04 -9.68111718e-07  1.25000010e-04 -2.97412051e-07  1.25000010e-04  1.20000000e+00  1.25000010e-04  0.00000000e+00 
 1.25000011e-04  4.72760150e-01  1.25000011e-04  6.87741326e-01  1.25000011e-04  1.97341931e-06  1.25000011e-04 -3.38426793e-06  1.25000011e-04  2.81582704e-07  1.25000011e-04  1.20000000e+00  1.25000011e-04  0.00000000e+00 
 1.25000012e-04  4.72758836e-01  1.25000012e-04  6.87157449e-01  1.25000012e-04  1.99016590e-06  1.25000012e-04 -3.68216467e-06  1.25000012e-04  3.66803759e-07  1.25000012e-04  1.20000000e+00  1.25000012e-04  0.00000000e+00 
 1.25000015e-04  4.72756058e-01  1.25000015e-04  6.86087920e-01  1.25000015e-04  1.96286572e-06  1.25000015e-04 -2.80336775e-06  1.25000015e-04  2.29733276e-07  1.25000015e-04  1.20000000e+00  1.25000015e-04  0.00000000e+00 
 1.25000020e-04  4.72750381e-01  1.25000020e-04  6.84195658e-01  1.25000020e-04  1.97559168e-06  1.25000020e-04 -2.30908926e-06  1.25000020e-04  2.80382536e-07  1.25000020e-04  1.20000000e+00  1.25000020e-04  0.00000000e+00 
 1.25000031e-04  4.72735942e-01  1.25000031e-04  6.80068095e-01  1.25000031e-04  1.99117098e-06  1.25000031e-04 -7.44307297e-07  1.25000031e-04  2.64597077e-07  1.25000031e-04  1.20000000e+00  1.25000031e-04  0.00000000e+00 
 1.25000054e-04  4.72671611e-01  1.25000054e-04  6.59650385e-01  1.25000054e-04  2.27910419e-06  1.25000054e-04  9.38446752e-07  1.25000054e-04  1.06856785e-06  1.25000054e-04  1.20000000e+00  1.25000054e-04  0.00000000e+00 
 1.25000079e-04  4.72635891e-01  1.25000079e-04  6.44913877e-01  1.25000079e-04  1.86690897e-06  1.25000079e-04  6.63028601e-06  1.25000079e-04 -2.61719265e-07  1.25000079e-04  1.20000000e+00  1.25000079e-04  0.00000000e+00 
 1.25000108e-04  4.72658069e-01  1.25000108e-04  6.36684232e-01  1.25000108e-04  2.14088702e-06  1.25000108e-04  2.07187568e-07  1.25000108e-04  6.47224017e-07  1.25000108e-04  1.20000000e+00  1.25000108e-04  0.00000000e+00 
 1.25000161e-04  4.72731804e-01  1.25000161e-04  6.27925727e-01  1.25000161e-04  1.78983548e-06  1.25000161e-04  4.21235198e-06  1.25000161e-04 -4.38006340e-07  1.25000161e-04  1.20000000e+00  1.25000161e-04  0.00000000e+00 
 1.25000213e-04  4.72796494e-01  1.25000213e-04  6.22829539e-01  1.25000213e-04  2.08632575e-06  1.25000213e-04 -1.08713858e-06  1.25000213e-04  5.39982970e-07  1.25000213e-04  1.20000000e+00  1.25000213e-04  0.00000000e+00 
 1.25000316e-04  4.72891222e-01  1.25000316e-04  6.18464642e-01  1.25000316e-04  1.74282045e-06  1.25000316e-04  3.50211691e-06  1.25000316e-04 -5.20792379e-07  1.25000316e-04  1.20000000e+00  1.25000316e-04  0.00000000e+00 
 1.25000523e-04  4.73001603e-01  1.25000523e-04  6.19346813e-01  1.25000523e-04  2.04300587e-06  1.25000523e-04 -1.68788193e-06  1.25000523e-04  4.70957327e-07  1.25000523e-04  1.20000000e+00  1.25000523e-04  0.00000000e+00 
 1.25000936e-04  4.73098102e-01  1.25000936e-04  6.29734134e-01  1.25000936e-04  1.72231312e-06  1.25000936e-04  3.05401068e-06  1.25000936e-04 -5.40749120e-07  1.25000936e-04  1.20000000e+00  1.25000936e-04  0.00000000e+00 
 1.25001591e-04  4.73159268e-01  1.25001591e-04  6.43400236e-01  1.25001591e-04  2.04762919e-06  1.25001591e-04 -1.97456944e-06  1.25001591e-04  4.94338188e-07  1.25001591e-04  1.20000000e+00  1.25001591e-04  0.00000000e+00 
 1.25002828e-04  4.73221649e-01  1.25002828e-04  6.57357360e-01  1.25002828e-04  1.73397001e-06  1.25002828e-04  2.90655068e-06  1.25002828e-04 -5.10231772e-07  1.25002828e-04  1.20000000e+00  1.25002828e-04  0.00000000e+00 
 1.25005301e-04  4.73331156e-01  1.25005301e-04  6.70712621e-01  1.25005301e-04  2.05364048e-06  1.25005301e-04 -1.97516641e-06  1.25005301e-04  5.09480134e-07  1.25005301e-04  1.20000000e+00  1.25005301e-04  0.00000000e+00 
 1.25010248e-04  4.73560419e-01  1.25010248e-04  6.78527027e-01  1.25010248e-04  1.73637738e-06  1.25010248e-04  2.95281288e-06  1.25010248e-04 -5.07356353e-07  1.25010248e-04  1.20000000e+00  1.25010248e-04  0.00000000e+00 
 1.25020141e-04  4.74005160e-01  1.25020141e-04  6.79961817e-01  1.25020141e-04  2.05414916e-06  1.25020141e-04 -2.00086712e-06  1.25020141e-04  5.07774043e-07  1.25020141e-04  1.20000000e+00  1.25020141e-04  0.00000000e+00 
 1.25038866e-04  4.74817331e-01  1.25038866e-04  6.80273114e-01  1.25038866e-04  1.73617671e-06  1.25038866e-04  2.94084043e-06  1.25038866e-04 -5.07690426e-07  1.25038866e-04  1.20000000e+00  1.25038866e-04  0.00000000e+00 
 1.25076315e-04  4.76429491e-01  1.25076315e-04  6.79859965e-01  1.25076315e-04  2.05412557e-06  1.25076315e-04 -1.99907782e-06  1.25076315e-04  5.07845345e-07  1.25076315e-04  1.20000000e+00  1.25076315e-04  0.00000000e+00 
 1.25151215e-04  4.79629785e-01  1.25151215e-04  6.80300425e-01  1.25151215e-04  1.73617517e-06  1.25151215e-04  2.94021711e-06  1.25151215e-04 -5.07721140e-07  1.25151215e-04  1.20000000e+00  1.25151215e-04  0.00000000e+00 
 1.25251215e-04  4.83906007e-01  1.25251215e-04  6.79849227e-01  1.25251215e-04  2.05412841e-06  1.25251215e-04 -1.99853653e-06  1.25251215e-04  5.07863025e-07  1.25251215e-04  1.20000000e+00  1.25251215e-04  0.00000000e+00 
 1.25351215e-04  4.88179308e-01  1.25351215e-04  6.80307539e-01  1.25351215e-04  1.73617199e-06  1.25351215e-04  2.94005348e-06  1.25351215e-04 -5.07734994e-07  1.25351215e-04  1.20000000e+00  1.25351215e-04  0.00000000e+00 
 1.25451215e-04  4.92457060e-01  1.25451215e-04  6.79843937e-01  1.25451215e-04  2.05413208e-06  1.25451215e-04 -1.99805193e-06  1.25451215e-04  5.07877675e-07  1.25451215e-04  1.20000000e+00  1.25451215e-04  0.00000000e+00 
 1.25551215e-04  4.96731649e-01  1.25551215e-04  6.80311542e-01  1.25551215e-04  1.73616790e-06  1.25551215e-04  2.93990427e-06  1.25551215e-04 -5.07748352e-07  1.25551215e-04  1.20000000e+00  1.25551215e-04  0.00000000e+00 
 1.25651215e-04  5.01010691e-01  1.25651215e-04  6.79841389e-01  1.25651215e-04  2.05413653e-06  1.25651215e-04 -1.99758247e-06  1.25651215e-04  5.07891882e-07  1.25651215e-04  1.20000000e+00  1.25651215e-04  0.00000000e+00 
 1.25751215e-04  5.05286647e-01  1.25751215e-04  6.80313121e-01  1.25751215e-04  1.73616318e-06  1.25751215e-04  2.93976660e-06  1.25751215e-04 -5.07761317e-07  1.25751215e-04  1.20000000e+00  1.25751215e-04  0.00000000e+00 
 1.25851215e-04  5.09566955e-01  1.25851215e-04  6.79840968e-01  1.25851215e-04  2.05414149e-06  1.25851215e-04 -1.99712593e-06  1.25851215e-04  5.07905733e-07  1.25851215e-04  1.20000000e+00  1.25851215e-04  0.00000000e+00 
 1.25951215e-04  5.13844281e-01  1.25951215e-04  6.80312819e-01  1.25951215e-04  1.73615802e-06  1.25951215e-04  2.93963870e-06  1.25951215e-04 -5.07773963e-07  1.25951215e-04  1.20000000e+00  1.25951215e-04  0.00000000e+00 
 1.26051215e-04  5.18125858e-01  1.26051215e-04  6.79842190e-01  1.26051215e-04  2.05414680e-06  1.26051215e-04 -1.99668097e-06  1.26051215e-04  5.07919287e-07  1.26051215e-04  1.20000000e+00  1.26051215e-04  0.00000000e+00 
 1.26151215e-04  5.22404551e-01  1.26151215e-04  6.80311068e-01  1.26151215e-04  1.73615259e-06  1.26151215e-04  2.93951954e-06  1.26151215e-04 -5.07786338e-07  1.26151215e-04  1.20000000e+00  1.26151215e-04  0.00000000e+00 
 1.26251215e-04  5.26687402e-01  1.26251215e-04  6.79844670e-01  1.26251215e-04  2.05415234e-06  1.26251215e-04 -1.99624679e-06  1.26251215e-04  5.07932583e-07  1.26251215e-04  1.20000000e+00  1.26251215e-04  0.00000000e+00 
 1.26351215e-04  5.30967455e-01  1.26351215e-04  6.80308207e-01  1.26351215e-04  1.73614698e-06  1.26351215e-04  2.93940853e-06  1.26351215e-04 -5.07798472e-07  1.26351215e-04  1.20000000e+00  1.26351215e-04  0.00000000e+00 
 1.26451215e-04  5.35251584e-01  1.26451215e-04  6.79848109e-01  1.26451215e-04  2.05415800e-06  1.26451215e-04 -1.99582299e-06  1.26451215e-04  5.07945645e-07  1.26451215e-04  1.20000000e+00  1.26451215e-04  0.00000000e+00 
 1.26551215e-04  5.39532993e-01  1.26551215e-04  6.80304501e-01  1.26551215e-04  1.73614128e-06  1.26551215e-04  2.93930536e-06  1.26551215e-04 -5.07810383e-07  1.26551215e-04  1.20000000e+00  1.26551215e-04  0.00000000e+00 
 1.26651215e-04  5.43818403e-01  1.26651215e-04  6.79852269e-01  1.26651215e-04  2.05416372e-06  1.26651215e-04 -1.99540937e-06  1.26651215e-04  5.07958486e-07  1.26651215e-04  1.20000000e+00  1.26651215e-04  0.00000000e+00 
 1.26751215e-04  5.48101165e-01  1.26751215e-04  6.80300163e-01  1.26751215e-04  1.73613555e-06  1.26751215e-04  2.93920992e-06  1.26751215e-04 -5.07822081e-07  1.26751215e-04  1.20000000e+00  1.26751215e-04  0.00000000e+00 
 1.26851215e-04  5.52387856e-01  1.26851215e-04  6.79856963e-01  1.26851215e-04  2.05416946e-06  1.26851215e-04 -1.99500587e-06  1.26851215e-04  5.07971111e-07  1.26851215e-04  1.20000000e+00  1.26851215e-04  0.00000000e+00 
 1.26951215e-04  5.56671966e-01  1.26951215e-04  6.80295357e-01  1.26951215e-04  1.73612982e-06  1.26951215e-04  2.93912218e-06  1.26951215e-04 -5.07833568e-07  1.26951215e-04  1.20000000e+00  1.26951215e-04  0.00000000e+00 
 1.27051215e-04  5.60959939e-01  1.27051215e-04  6.79862046e-01  1.27051215e-04  2.05417516e-06  1.27051215e-04 -1.99461249e-06  1.27051215e-04  5.07983521e-07  1.27051215e-04  1.20000000e+00  1.27051215e-04  0.00000000e+00 
 1.27151215e-04  5.65245393e-01  1.27151215e-04  6.80290216e-01  1.27151215e-04  1.73612414e-06  1.27151215e-04  2.93904215e-06  1.27151215e-04 -5.07844841e-07  1.27151215e-04  1.20000000e+00  1.27151215e-04  0.00000000e+00 
 1.27251215e-04  5.69534645e-01  1.27251215e-04  6.79867401e-01  1.27251215e-04  2.05418082e-06  1.27251215e-04 -1.99422925e-06  1.27251215e-04  5.07995711e-07  1.27251215e-04  1.20000000e+00  1.27251215e-04  0.00000000e+00 
 1.27351215e-04  5.73821437e-01  1.27351215e-04  6.80284842e-01  1.27351215e-04  1.73611853e-06  1.27351215e-04  2.93896986e-06  1.27351215e-04 -5.07855895e-07  1.27351215e-04  1.20000000e+00  1.27351215e-04  0.00000000e+00 
 1.27451215e-04  5.78111967e-01  1.27451215e-04  6.79872936e-01  1.27451215e-04  2.05418639e-06  1.27451215e-04 -1.99385616e-06  1.27451215e-04  5.08007676e-07  1.27451215e-04  1.20000000e+00  1.27451215e-04  0.00000000e+00 
 1.27551215e-04  5.82400093e-01  1.27551215e-04  6.80279319e-01  1.27551215e-04  1.73611300e-06  1.27551215e-04  2.93890531e-06  1.27551215e-04 -5.07866725e-07  1.27551215e-04  1.20000000e+00  1.27551215e-04  0.00000000e+00 
 1.27651215e-04  5.86691896e-01  1.27651215e-04  6.79878580e-01  1.27651215e-04  2.05419187e-06  1.27651215e-04 -1.99349320e-06  1.27651215e-04  5.08019408e-07  1.27651215e-04  1.20000000e+00  1.27651215e-04  0.00000000e+00 
 1.27751215e-04  5.90981349e-01  1.27751215e-04  6.80273711e-01  1.27751215e-04  1.73610757e-06  1.27751215e-04  2.93884849e-06  1.27751215e-04 -5.07877323e-07  1.27751215e-04  1.20000000e+00  1.27751215e-04  0.00000000e+00 
 1.27851215e-04  5.95274422e-01  1.27851215e-04  6.79884274e-01  1.27851215e-04  2.05419724e-06  1.27851215e-04 -1.99314034e-06  1.27851215e-04  5.08030901e-07  1.27851215e-04  1.20000000e+00  1.27851215e-04  0.00000000e+00 
 1.27951215e-04  5.99565196e-01  1.27951215e-04  6.80268071e-01  1.27951215e-04  1.73610225e-06  1.27951215e-04  2.93879935e-06  1.27951215e-04 -5.07887681e-07  1.27951215e-04  1.20000000e+00  1.27951215e-04  0.00000000e+00 
 1.28051215e-04  6.03859534e-01  1.28051215e-04  6.79889974e-01  1.28051215e-04  2.05420250e-06  1.28051215e-04 -1.99279748e-06  1.28051215e-04  5.08042146e-07  1.28051215e-04  1.20000000e+00  1.28051215e-04  0.00000000e+00 
 1.28151215e-04  6.08151622e-01  1.28151215e-04  6.80262439e-01  1.28151215e-04  1.73609705e-06  1.28151215e-04  2.93875780e-06  1.28151215e-04 -5.07897793e-07  1.28151215e-04  1.20000000e+00  1.28151215e-04  0.00000000e+00 
 1.28251215e-04  6.12447219e-01  1.28251215e-04  6.79895643e-01  1.28251215e-04  2.05420764e-06  1.28251215e-04 -1.99246451e-06  1.28251215e-04  5.08053138e-07  1.28251215e-04  1.20000000e+00  1.28251215e-04  0.00000000e+00 
 1.28351215e-04  6.16740614e-01  1.28351215e-04  6.80256849e-01  1.28351215e-04  1.73609198e-06  1.28351215e-04  2.93872373e-06  1.28351215e-04 -5.07907652e-07  1.28351215e-04  1.20000000e+00  1.28351215e-04  0.00000000e+00 
 1.28451215e-04  6.21037465e-01  1.28451215e-04  6.79901253e-01  1.28451215e-04  2.05421265e-06  1.28451215e-04 -1.99214127e-06  1.28451215e-04  5.08063870e-07  1.28451215e-04  1.20000000e+00  1.28451215e-04  0.00000000e+00 
 1.28551215e-04  6.25332158e-01  1.28551215e-04  6.80251327e-01  1.28551215e-04  1.73608704e-06  1.28551215e-04  2.93869699e-06  1.28551215e-04 -5.07917251e-07  1.28551215e-04  1.20000000e+00  1.28551215e-04  0.00000000e+00 
 1.28651215e-04  6.29630257e-01  1.28651215e-04  6.79906781e-01  1.28651215e-04  2.05421753e-06  1.28651215e-04 -1.99182757e-06  1.28651215e-04  5.08074337e-07  1.28651215e-04  1.20000000e+00  1.28651215e-04  0.00000000e+00 
 1.28751215e-04  6.33926242e-01  1.28751215e-04  6.80245892e-01  1.28751215e-04  1.73608222e-06  1.28751215e-04  2.93867740e-06  1.28751215e-04 -5.07926587e-07  1.28751215e-04  1.20000000e+00  1.28751215e-04  0.00000000e+00 
 1.28851215e-04  6.38225582e-01  1.28851215e-04  6.79912209e-01  1.28851215e-04  2.05422227e-06  1.28851215e-04 -1.99152320e-06  1.28851215e-04  5.08084533e-07  1.28851215e-04  1.20000000e+00  1.28851215e-04  0.00000000e+00 
 1.28951215e-04  6.42522850e-01  1.28951215e-04  6.80240562e-01  1.28951215e-04  1.73607754e-06  1.28951215e-04  2.93866476e-06  1.28951215e-04 -5.07935655e-07  1.28951215e-04  1.20000000e+00  1.28951215e-04  0.00000000e+00 
 1.29051215e-04  6.46823425e-01  1.29051215e-04  6.79917524e-01  1.29051215e-04  2.05422689e-06  1.29051215e-04 -1.99122791e-06  1.29051215e-04  5.08094457e-07  1.29051215e-04  1.20000000e+00  1.29051215e-04  0.00000000e+00 
 1.29151215e-04  6.51121967e-01  1.29151215e-04  6.80235349e-01  1.29151215e-04  1.73607300e-06  1.29151215e-04  2.93865888e-06  1.29151215e-04 -5.07944452e-07  1.29151215e-04  1.20000000e+00  1.29151215e-04  0.00000000e+00 
 1.29251215e-04  6.55423771e-01  1.29251215e-04  6.79922715e-01  1.29251215e-04  2.05423136e-06  1.29251215e-04 -1.99094143e-06  1.29251215e-04  5.08104104e-07  1.29251215e-04  1.20000000e+00  1.29251215e-04  0.00000000e+00 
 1.29351215e-04  6.59723578e-01  1.29351215e-04  6.80230263e-01  1.29351215e-04  1.73606859e-06  1.29351215e-04  2.93865950e-06  1.29351215e-04 -5.07952976e-07  1.29351215e-04  1.20000000e+00  1.29351215e-04  0.00000000e+00 
 1.29451215e-04  6.64026604e-01  1.29451215e-04  6.79927774e-01  1.29451215e-04  2.05423571e-06  1.29451215e-04 -1.99066348e-06  1.29451215e-04  5.08113475e-07  1.29451215e-04  1.20000000e+00  1.29451215e-04  0.00000000e+00 
 1.29551215e-04  6.68327669e-01  1.29551215e-04  6.80225310e-01  1.29551215e-04  1.73606431e-06  1.29551215e-04  2.93866639e-06  1.29551215e-04 -5.07961226e-07  1.29551215e-04  1.20000000e+00  1.29551215e-04  0.00000000e+00 
 1.29651215e-04  6.72631909e-01  1.29651215e-04  6.79932696e-01  1.29651215e-04  2.05423992e-06  1.29651215e-04 -1.99039376e-06  1.29651215e-04  5.08122567e-07  1.29651215e-04  1.20000000e+00  1.29651215e-04  0.00000000e+00 
 1.29751215e-04  6.76934223e-01  1.29751215e-04  6.80220497e-01  1.29751215e-04  1.73606017e-06  1.29751215e-04  2.93867931e-06  1.29751215e-04 -5.07969202e-07  1.29751215e-04  1.20000000e+00  1.29751215e-04  0.00000000e+00 
 1.29851215e-04  6.81239672e-01  1.29851215e-04  6.79937475e-01  1.29851215e-04  2.05424400e-06  1.29851215e-04 -1.99013196e-06  1.29851215e-04  5.08131382e-07  1.29851215e-04  1.20000000e+00  1.29851215e-04  0.00000000e+00 
 1.29951215e-04  6.85543226e-01  1.29951215e-04  6.80215826e-01  1.29951215e-04  1.73605615e-06  1.29951215e-04  2.93869801e-06  1.29951215e-04 -5.07976905e-07  1.29951215e-04  1.20000000e+00  1.29951215e-04  0.00000000e+00 
 1.30051215e-04  6.89849877e-01  1.30051215e-04  6.79942111e-01  1.30051215e-04  2.05424795e-06  1.30051215e-04 -1.98987776e-06  1.30051215e-04  5.08139921e-07  1.30051215e-04  1.20000000e+00  1.30051215e-04  0.00000000e+00 
 1.30151215e-04  6.94154664e-01  1.30151215e-04  6.80211301e-01  1.30151215e-04  1.73605227e-06  1.30151215e-04  2.93872223e-06  1.30151215e-04 -5.07984336e-07  1.30151215e-04  1.20000000e+00  1.30151215e-04  0.00000000e+00 
 1.30251215e-04  6.98462510e-01  1.30251215e-04  6.79946602e-01  1.30251215e-04  2.05425177e-06  1.30251215e-04 -1.98963083e-06  1.30251215e-04  5.08148184e-07  1.30251215e-04  1.20000000e+00  1.30251215e-04  0.00000000e+00 
 1.30351215e-04  7.02768521e-01  1.30351215e-04  6.80206922e-01  1.30351215e-04  1.73604851e-06  1.30351215e-04  2.93875173e-06  1.30351215e-04 -5.07991497e-07  1.30351215e-04  1.20000000e+00  1.30351215e-04  0.00000000e+00 
 1.30451215e-04  7.07077556e-01  1.30451215e-04  6.79950947e-01  1.30451215e-04  2.05425546e-06  1.30451215e-04 -1.98939084e-06  1.30451215e-04  5.08156176e-07  1.30451215e-04  1.20000000e+00  1.30451215e-04  0.00000000e+00 
 1.30551215e-04  7.11384784e-01  1.30551215e-04  6.80202690e-01  1.30551215e-04  1.73604488e-06  1.30551215e-04  2.93878626e-06  1.30551215e-04 -5.07998391e-07  1.30551215e-04  1.20000000e+00  1.30551215e-04  0.00000000e+00 
 1.30651215e-04  7.15695002e-01  1.30651215e-04  6.79955147e-01  1.30651215e-04  2.05425903e-06  1.30651215e-04 -1.98915744e-06  1.30651215e-04  5.08163899e-07  1.30651215e-04  1.20000000e+00  1.30651215e-04  0.00000000e+00 
 1.30751215e-04  7.20003439e-01  1.30751215e-04  6.80198604e-01  1.30751215e-04  1.73604137e-06  1.30751215e-04  2.93882559e-06  1.30751215e-04 -5.08005021e-07  1.30751215e-04  1.20000000e+00  1.30751215e-04  0.00000000e+00 
 1.30851215e-04  7.24314834e-01  1.30851215e-04  6.79959204e-01  1.30851215e-04  2.05426248e-06  1.30851215e-04 -1.98893029e-06  1.30851215e-04  5.08171356e-07  1.30851215e-04  1.20000000e+00  1.30851215e-04  0.00000000e+00 
 1.30951215e-04  7.28624474e-01  1.30951215e-04  6.80194662e-01  1.30951215e-04  1.73603798e-06  1.30951215e-04  2.93886950e-06  1.30951215e-04 -5.08011391e-07  1.30951215e-04  1.20000000e+00  1.30951215e-04  0.00000000e+00 
 1.31051215e-04  7.32937042e-01  1.31051215e-04  6.79963120e-01  1.31051215e-04  2.05426581e-06  1.31051215e-04 -1.98870906e-06  1.31051215e-04  5.08178551e-07  1.31051215e-04  1.20000000e+00  1.31051215e-04  0.00000000e+00 
 1.31151215e-04  7.37247878e-01  1.31151215e-04  6.80190864e-01  1.31151215e-04  1.73603470e-06  1.31151215e-04  2.93891777e-06  1.31151215e-04 -5.08017506e-07  1.31151215e-04  1.20000000e+00  1.31151215e-04  0.00000000e+00 
 1.31251215e-04  7.41561613e-01  1.31251215e-04  6.79966897e-01  1.31251215e-04  2.05426903e-06  1.31251215e-04 -1.98849339e-06  1.31251215e-04  5.08185490e-07  1.31251215e-04  1.20000000e+00  1.31251215e-04  0.00000000e+00 
 1.31351215e-04  7.45873639e-01  1.31351215e-04  6.80187206e-01  1.31351215e-04  1.73603154e-06  1.31351215e-04  2.93897019e-06  1.31351215e-04 -5.08023370e-07  1.31351215e-04  1.20000000e+00  1.31351215e-04  0.00000000e+00 
 1.31451215e-04  7.50188537e-01  1.31451215e-04  6.79970539e-01  1.31451215e-04  2.05427214e-06  1.31451215e-04 -1.98828293e-06  1.31451215e-04  5.08192177e-07  1.31451215e-04  1.20000000e+00  1.31451215e-04  0.00000000e+00 
 1.31551215e-04  7.54501748e-01  1.31551215e-04  6.80183686e-01  1.31551215e-04  1.73602849e-06  1.31551215e-04  2.93902658e-06  1.31551215e-04 -5.08028989e-07  1.31551215e-04  1.20000000e+00  1.31551215e-04  0.00000000e+00 
 1.31651215e-04  7.58817806e-01  1.31651215e-04  6.79974049e-01  1.31651215e-04  2.05427513e-06  1.31651215e-04 -1.98807734e-06  1.31651215e-04  5.08198618e-07  1.31651215e-04  1.20000000e+00  1.31651215e-04  0.00000000e+00 
 1.31751215e-04  7.63132196e-01  1.31751215e-04  6.80180300e-01  1.31751215e-04  1.73602555e-06  1.31751215e-04  2.93908676e-06  1.31751215e-04 -5.08034367e-07  1.31751215e-04  1.20000000e+00  1.31751215e-04  0.00000000e+00 
 1.31851215e-04  7.67449411e-01  1.31851215e-04  6.79977432e-01  1.31851215e-04  2.05427802e-06  1.31851215e-04 -1.98787625e-06  1.31851215e-04  5.08204817e-07  1.31851215e-04  1.20000000e+00  1.31851215e-04  0.00000000e+00 
 1.31951215e-04  7.71764978e-01  1.31951215e-04  6.80177047e-01  1.31951215e-04  1.73602271e-06  1.31951215e-04  2.93915056e-06  1.31951215e-04 -5.08039510e-07  1.31951215e-04  1.20000000e+00  1.31951215e-04  0.00000000e+00 
 1.32051215e-04  7.76083347e-01  1.32051215e-04  6.79980691e-01  1.32051215e-04  2.05428080e-06  1.32051215e-04 -1.98767932e-06  1.32051215e-04  5.08210780e-07  1.32051215e-04  1.20000000e+00  1.32051215e-04  0.00000000e+00 
 1.32151215e-04  7.80400087e-01  1.32151215e-04  6.80173921e-01  1.32151215e-04  1.73601998e-06  1.32151215e-04  2.93921784e-06  1.32151215e-04 -5.08044424e-07  1.32151215e-04  1.20000000e+00  1.32151215e-04  0.00000000e+00 
 1.32251215e-04  7.84719610e-01  1.32251215e-04  6.79983832e-01  1.32251215e-04  2.05428349e-06  1.32251215e-04 -1.98748619e-06  1.32251215e-04  5.08216514e-07  1.32251215e-04  1.20000000e+00  1.32251215e-04  0.00000000e+00 
 1.32351215e-04  7.89037520e-01  1.32351215e-04  6.80170920e-01  1.32351215e-04  1.73601734e-06  1.32351215e-04  2.93928846e-06  1.32351215e-04 -5.08049114e-07  1.32351215e-04  1.20000000e+00  1.32351215e-04  0.00000000e+00 
 1.32451215e-04  7.93358195e-01  1.32451215e-04  6.79986859e-01  1.32451215e-04  2.05428608e-06  1.32451215e-04 -1.98729650e-06  1.32451215e-04  5.08222023e-07  1.32451215e-04  1.20000000e+00  1.32451215e-04  0.00000000e+00 
 1.32551215e-04  7.97677274e-01  1.32551215e-04  6.80168040e-01  1.32551215e-04  1.73601480e-06  1.32551215e-04  2.93936228e-06  1.32551215e-04 -5.08053587e-07  1.32551215e-04  1.20000000e+00  1.32551215e-04  0.00000000e+00 
 1.32651215e-04  8.01999102e-01  1.32651215e-04  6.79989778e-01  1.32651215e-04  2.05428858e-06  1.32651215e-04 -1.98710990e-06  1.32651215e-04  5.08227315e-07  1.32651215e-04  1.20000000e+00  1.32651215e-04  0.00000000e+00 
 1.32751215e-04  8.06319349e-01  1.32751215e-04  6.80165275e-01  1.32751215e-04  1.73601235e-06  1.32751215e-04  2.93943918e-06  1.32751215e-04 -5.08057848e-07  1.32751215e-04  1.20000000e+00  1.32751215e-04  0.00000000e+00 
 1.32851215e-04  8.10642330e-01  1.32851215e-04  6.79992595e-01  1.32851215e-04  2.05429098e-06  1.32851215e-04 -1.98692603e-06  1.32851215e-04  5.08232394e-07  1.32851215e-04  1.20000000e+00  1.32851215e-04  0.00000000e+00 
 1.32951215e-04  8.14963745e-01  1.32951215e-04  6.80162623e-01  1.32951215e-04  1.73600999e-06  1.32951215e-04  2.93951903e-06  1.32951215e-04 -5.08061904e-07  1.32951215e-04  1.20000000e+00  1.32951215e-04  0.00000000e+00 
 1.33051215e-04  8.19287882e-01  1.33051215e-04  6.79995314e-01  1.33051215e-04  2.05429330e-06  1.33051215e-04 -1.98674455e-06  1.33051215e-04  5.08237268e-07  1.33051215e-04  1.20000000e+00  1.33051215e-04  0.00000000e+00 
 1.33151215e-04  8.23610464e-01  1.33151215e-04  6.80160077e-01  1.33151215e-04  1.73600772e-06  1.33151215e-04  2.93960170e-06  1.33151215e-04 -5.08065760e-07  1.33151215e-04  1.20000000e+00  1.33151215e-04  0.00000000e+00 
 1.33251215e-04  8.27935758e-01  1.33251215e-04  6.79997944e-01  1.33251215e-04  2.05429552e-06  1.33251215e-04 -1.98656511e-06  1.33251215e-04  5.08241942e-07  1.33251215e-04  1.20000000e+00  1.33251215e-04  0.00000000e+00 
 1.33351215e-04  8.32259509e-01  1.33351215e-04  6.80157634e-01  1.33351215e-04  1.73600553e-06  1.33351215e-04  2.93968704e-06  1.33351215e-04 -5.08069423e-07  1.33351215e-04  1.20000000e+00  1.33351215e-04  0.00000000e+00 
 1.33451215e-04  8.36585962e-01  1.33451215e-04  6.80000491e-01  1.33451215e-04  2.05429767e-06  1.33451215e-04 -1.98638738e-06  1.33451215e-04  5.08246421e-07  1.33451215e-04  1.20000000e+00  1.33451215e-04  0.00000000e+00 
 1.33551215e-04  8.40910883e-01  1.33551215e-04  6.80155289e-01  1.33551215e-04  1.73600342e-06  1.33551215e-04  2.93977491e-06  1.33551215e-04 -5.08072897e-07  1.33551215e-04  1.20000000e+00  1.33551215e-04  0.00000000e+00 
 1.33651215e-04  8.45238497e-01  1.33651215e-04  6.80002961e-01  1.33651215e-04  2.05429974e-06  1.33651215e-04 -1.98621101e-06  1.33651215e-04  5.08250712e-07  1.33651215e-04  1.20000000e+00  1.33651215e-04  0.00000000e+00 
 1.33751215e-04  8.49564588e-01  1.33751215e-04  6.80153036e-01  1.33751215e-04  1.73600140e-06  1.33751215e-04  2.93986519e-06  1.33751215e-04 -5.08076190e-07  1.33751215e-04  1.20000000e+00  1.33751215e-04  0.00000000e+00 
 1.33851215e-04  8.53893366e-01  1.33851215e-04  6.80005364e-01  1.33851215e-04  2.05430172e-06  1.33851215e-04 -1.98603562e-06  1.33851215e-04  5.08254820e-07  1.33851215e-04  1.20000000e+00  1.33851215e-04  0.00000000e+00 
 1.33951215e-04  8.58220630e-01  1.33951215e-04  6.80150870e-01  1.33951215e-04  1.73599944e-06  1.33951215e-04  2.93995778e-06  1.33951215e-04 -5.08079306e-07  1.33951215e-04  1.20000000e+00  1.33951215e-04  0.00000000e+00 
 1.34051215e-04  8.62550576e-01  1.34051215e-04  6.80007708e-01  1.34051215e-04  2.05430364e-06  1.34051215e-04 -1.98586077e-06  1.34051215e-04  5.08258752e-07  1.34051215e-04  1.20000000e+00  1.34051215e-04  0.00000000e+00 
 1.34151215e-04  8.66879015e-01  1.34151215e-04  6.80148787e-01  1.34151215e-04  1.73599757e-06  1.34151215e-04  2.94005272e-06  1.34151215e-04 -5.08082250e-07  1.34151215e-04  1.20000000e+00  1.34151215e-04  0.00000000e+00 
 1.34251215e-04  8.71210136e-01  1.34251215e-04  6.80010004e-01  1.34251215e-04  2.05430547e-06  1.34251215e-04 -1.98568593e-06  1.34251215e-04  5.08262511e-07  1.34251215e-04  1.20000000e+00  1.34251215e-04  0.00000000e+00 
 1.34351215e-04  8.75539757e-01  1.34351215e-04  6.80146784e-01  1.34351215e-04  1.73599577e-06  1.34351215e-04  2.94015023e-06  1.34351215e-04 -5.08085029e-07  1.34351215e-04  1.20000000e+00  1.34351215e-04  0.00000000e+00 
 1.34451215e-04  8.79872061e-01  1.34451215e-04  6.80012263e-01  1.34451215e-04  2.05430724e-06  1.34451215e-04 -1.98551035e-06  1.34451215e-04  5.08266104e-07  1.34451215e-04  1.20000000e+00  1.34451215e-04  0.00000000e+00 
 1.34551215e-04  8.84202877e-01  1.34551215e-04  6.80144857e-01  1.34551215e-04  1.73599403e-06  1.34551215e-04  2.94025077e-06  1.34551215e-04 -5.08087647e-07  1.34551215e-04  1.20000000e+00  1.34551215e-04  0.00000000e+00 
 1.34651215e-04  8.88536382e-01  1.34651215e-04  6.80014499e-01  1.34651215e-04  2.05430894e-06  1.34651215e-04 -1.98533306e-06  1.34651215e-04  5.08269534e-07  1.34651215e-04  1.20000000e+00  1.34651215e-04  0.00000000e+00 
 1.34751215e-04  8.92868412e-01  1.34751215e-04  6.80143006e-01  1.34751215e-04  1.73599237e-06  1.34751215e-04  2.94035519e-06  1.34751215e-04 -5.08090108e-07  1.34751215e-04  1.20000000e+00  1.34751215e-04  0.00000000e+00 
 1.34851215e-04  8.97203145e-01  1.34851215e-04  6.80016726e-01  1.34851215e-04  2.05431057e-06  1.34851215e-04 -1.98515282e-06  1.34851215e-04  5.08272808e-07  1.34851215e-04  1.20000000e+00  1.34851215e-04  0.00000000e+00 
 1.34951215e-04  9.01536423e-01  1.34951215e-04  6.80141231e-01  1.34951215e-04  1.73599077e-06  1.34951215e-04  2.94046475e-06  1.34951215e-04 -5.08092418e-07  1.34951215e-04  1.20000000e+00  1.34951215e-04  0.00000000e+00 
 1.35051215e-04  9.05872424e-01  1.35051215e-04  6.80018960e-01  1.35051215e-04  2.05431214e-06  1.35051215e-04 -1.98496802e-06  1.35051215e-04  5.08275929e-07  1.35051215e-04  1.20000000e+00  1.35051215e-04  0.00000000e+00 
 1.35151215e-04  9.10206999e-01  1.35151215e-04  6.80139533e-01  1.35151215e-04  1.73598924e-06  1.35151215e-04  2.94058112e-06  1.35151215e-04 -5.08094580e-07  1.35151215e-04  1.20000000e+00  1.35151215e-04  0.00000000e+00 
 1.35251215e-04  9.14544326e-01  1.35251215e-04  6.80021215e-01  1.35251215e-04  2.05431363e-06  1.35251215e-04 -1.98477675e-06  1.35251215e-04  5.08278901e-07  1.35251215e-04  1.20000000e+00  1.35251215e-04  0.00000000e+00 
 1.35351215e-04  9.18880266e-01  1.35351215e-04  6.80137918e-01  1.35351215e-04  1.73598777e-06  1.35351215e-04  2.94070644e-06  1.35351215e-04 -5.08096598e-07  1.35351215e-04  1.20000000e+00  1.35351215e-04  0.00000000e+00 
 1.35451215e-04  9.23218997e-01  1.35451215e-04  6.80023508e-01  1.35451215e-04  2.05431507e-06  1.35451215e-04 -1.98457680e-06  1.35451215e-04  5.08281728e-07  1.35451215e-04  1.20000000e+00  1.35451215e-04  0.00000000e+00 
 1.35551215e-04  9.27556393e-01  1.35551215e-04  6.80136388e-01  1.35551215e-04  1.73598637e-06  1.35551215e-04  2.94084323e-06  1.35551215e-04 -5.08098477e-07  1.35551215e-04  1.20000000e+00  1.35551215e-04  0.00000000e+00 
 1.35651215e-04  9.31896629e-01  1.35651215e-04  6.80025852e-01  1.35651215e-04  2.05431645e-06  1.35651215e-04 -1.98436576e-06  1.35651215e-04  5.08284414e-07  1.35651215e-04  1.20000000e+00  1.35651215e-04  0.00000000e+00 
 1.35751215e-04  9.36235595e-01  1.35751215e-04  6.80134949e-01  1.35751215e-04  1.73598503e-06  1.35751215e-04  2.94099428e-06  1.35751215e-04 -5.08100218e-07  1.35751215e-04  1.20000000e+00  1.35751215e-04  0.00000000e+00 
 1.35851215e-04  9.40577460e-01  1.35851215e-04  6.80028259e-01  1.35851215e-04  2.05431776e-06  1.35851215e-04 -1.98414119e-06  1.35851215e-04  5.08286961e-07  1.35851215e-04  1.20000000e+00  1.35851215e-04  0.00000000e+00 
 1.35951215e-04  9.44918136e-01  1.35951215e-04  6.80133608e-01  1.35951215e-04  1.73598375e-06  1.35951215e-04  2.94116246e-06  1.35951215e-04 -5.08101825e-07  1.35951215e-04  1.20000000e+00  1.35951215e-04  0.00000000e+00 
 1.36051215e-04  9.49261778e-01  1.36051215e-04  6.80030739e-01  1.36051215e-04  2.05431901e-06  1.36051215e-04 -1.98390083e-06  1.36051215e-04  5.08289373e-07  1.36051215e-04  1.20000000e+00  1.36051215e-04  0.00000000e+00 
 1.36151215e-04  9.53604322e-01  1.36151215e-04  6.80132372e-01  1.36151215e-04  1.73598252e-06  1.36151215e-04  2.94135047e-06  1.36151215e-04 -5.08103302e-07  1.36151215e-04  1.20000000e+00  1.36151215e-04  0.00000000e+00 
 1.36251215e-04  9.57949907e-01  1.36251215e-04  6.80033299e-01  1.36251215e-04  2.05432020e-06  1.36251215e-04 -1.98364293e-06  1.36251215e-04  5.08291652e-07  1.36251215e-04  1.20000000e+00  1.36251215e-04  0.00000000e+00 
 1.36351215e-04  9.62294497e-01  1.36351215e-04  6.80131250e-01  1.36351215e-04  1.73598136e-06  1.36351215e-04  2.94156051e-06  1.36351215e-04 -5.08104650e-07  1.36351215e-04  1.20000000e+00  1.36351215e-04  0.00000000e+00 
 1.36451215e-04  9.66642202e-01  1.36451215e-04  6.80035947e-01  1.36451215e-04  2.05432134e-06  1.36451215e-04 -1.98336663e-06  1.36451215e-04  5.08293801e-07  1.36451215e-04  1.20000000e+00  1.36451215e-04  0.00000000e+00 
 1.36551215e-04  9.70989021e-01  1.36551215e-04  6.80130254e-01  1.36551215e-04  1.73598026e-06  1.36551215e-04  2.94179384e-06  1.36551215e-04 -5.08105871e-07  1.36551215e-04  1.20000000e+00  1.36551215e-04  0.00000000e+00 
 1.36651215e-04  9.75339024e-01  1.36651215e-04  6.80038690e-01  1.36651215e-04  2.05432241e-06  1.36651215e-04 -1.98307232e-06  1.36651215e-04  5.08295821e-07  1.36651215e-04  1.20000000e+00  1.36651215e-04  0.00000000e+00 
 1.36751215e-04  9.79688251e-01  1.36751215e-04  6.80129395e-01  1.36751215e-04  1.73597921e-06  1.36751215e-04  2.94205039e-06  1.36751215e-04 -5.08106968e-07  1.36751215e-04  1.20000000e+00  1.36751215e-04  0.00000000e+00 
 1.36851215e-04  9.84040717e-01  1.36851215e-04  6.80041538e-01  1.36851215e-04  2.05432343e-06  1.36851215e-04 -1.98276198e-06  1.36851215e-04  5.08297716e-07  1.36851215e-04  1.20000000e+00  1.36851215e-04  0.00000000e+00 
 1.36951215e-04  9.88392508e-01  1.36951215e-04  6.80128688e-01  1.36951215e-04  1.73597822e-06  1.36951215e-04  2.94232842e-06  1.36951215e-04 -5.08107943e-07  1.36951215e-04  1.20000000e+00  1.36951215e-04  0.00000000e+00 
 1.37051215e-04  9.92747569e-01  1.37051215e-04  6.80044506e-01  1.37051215e-04  2.05432439e-06  1.37051215e-04 -1.98243941e-06  1.37051215e-04  5.08299486e-07  1.37051215e-04  1.20000000e+00  1.37051215e-04  0.00000000e+00 
 1.37151215e-04  9.97102043e-01  1.37151215e-04  6.80128144e-01  1.37151215e-04  1.73597729e-06  1.37151215e-04  2.94262435e-06  1.37151215e-04 -5.08108798e-07  1.37151215e-04  1.20000000e+00  1.37151215e-04  0.00000000e+00 
 1.37251215e-04  1.00145979e+00  1.37251215e-04  6.80047606e-01  1.37251215e-04  2.05432530e-06  1.37251215e-04 -1.98211020e-06  1.37251215e-04  5.08301135e-07  1.37251215e-04  1.20000000e+00  1.37251215e-04  0.00000000e+00 
 1.37351215e-04  1.00581701e+00  1.37351215e-04  6.80127770e-01  1.37351215e-04  1.73597641e-06  1.37351215e-04  2.94293278e-06  1.37351215e-04 -5.08109534e-07  1.37351215e-04  1.20000000e+00  1.37351215e-04  0.00000000e+00 
 1.37451215e-04  1.01017746e+00  1.37451215e-04  6.80050843e-01  1.37451215e-04  2.05432615e-06  1.37451215e-04 -1.98178139e-06  1.37451215e-04  5.08302663e-07  1.37451215e-04  1.20000000e+00  1.37451215e-04  0.00000000e+00 
 1.37551215e-04  1.01453743e+00  1.37551215e-04  6.80127561e-01  1.37551215e-04  1.73597559e-06  1.37551215e-04  2.94324692e-06  1.37551215e-04 -5.08110153e-07  1.37551215e-04  1.20000000e+00  1.37551215e-04  0.00000000e+00 
 1.37651215e-04  1.01890055e+00  1.37651215e-04  6.80054212e-01  1.37651215e-04  2.05432695e-06  1.37651215e-04 -1.98146090e-06  1.37651215e-04  5.08304073e-07  1.37651215e-04  1.20000000e+00  1.37651215e-04  0.00000000e+00 
 1.37751215e-04  1.02326320e+00  1.37751215e-04  6.80127501e-01  1.37751215e-04  1.73597482e-06  1.37751215e-04  2.94355923e-06  1.37751215e-04 -5.08110657e-07  1.37751215e-04  1.20000000e+00  1.37751215e-04  0.00000000e+00 
 1.37851215e-04  1.02762888e+00  1.37851215e-04  6.80057690e-01  1.37851215e-04  2.05432769e-06  1.37851215e-04 -1.98115671e-06  1.37851215e-04  5.08305365e-07  1.37851215e-04  1.20000000e+00  1.37851215e-04  0.00000000e+00 
 1.37951215e-04  1.03199406e+00  1.37951215e-04  6.80127567e-01  1.37951215e-04  1.73597411e-06  1.37951215e-04  2.94386219e-06  1.37951215e-04 -5.08111047e-07  1.37951215e-04  1.20000000e+00  1.37951215e-04  0.00000000e+00 
 1.38051215e-04  1.03636213e+00  1.38051215e-04  6.80061237e-01  1.38051215e-04  2.05432838e-06  1.38051215e-04 -1.98087602e-06  1.38051215e-04  5.08306542e-07  1.38051215e-04  1.20000000e+00  1.38051215e-04  0.00000000e+00 
 1.38151215e-04  1.04072964e+00  1.38151215e-04  6.80127730e-01  1.38151215e-04  1.73597345e-06  1.38151215e-04  2.94414908e-06  1.38151215e-04 -5.08111326e-07  1.38151215e-04  1.20000000e+00  1.38151215e-04  0.00000000e+00 
 1.38251215e-04  1.04509987e+00  1.38251215e-04  6.80064801e-01  1.38251215e-04  2.05432901e-06  1.38251215e-04 -1.98062454e-06  1.38251215e-04  5.08307605e-07  1.38251215e-04  1.20000000e+00  1.38251215e-04  0.00000000e+00 
 1.38351215e-04  1.04946948e+00  1.38351215e-04  6.80127959e-01  1.38351215e-04  1.73597284e-06  1.38351215e-04  2.94441452e-06  1.38351215e-04 -5.08111493e-07  1.38351215e-04  1.20000000e+00  1.38351215e-04  0.00000000e+00 
 1.38451215e-04  1.05384162e+00  1.38451215e-04  6.80068325e-01  1.38451215e-04  2.05432960e-06  1.38451215e-04 -1.98040614e-06  1.38451215e-04  5.08308556e-07  1.38451215e-04  1.20000000e+00  1.38451215e-04  0.00000000e+00 
 1.38551215e-04  1.05821306e+00  1.38551215e-04  6.80128229e-01  1.38551215e-04  1.73597228e-06  1.38551215e-04  2.94465482e-06  1.38551215e-04 -5.08111551e-07  1.38551215e-04  1.20000000e+00  1.38551215e-04  0.00000000e+00 
 1.38651215e-04  1.06258683e+00  1.38651215e-04  6.80071754e-01  1.38651215e-04  2.05433014e-06  1.38651215e-04 -1.98022265e-06  1.38651215e-04  5.08309395e-07  1.38651215e-04  1.20000000e+00  1.38651215e-04  0.00000000e+00 
 1.38751215e-04  1.06695980e+00  1.38751215e-04  6.80128520e-01  1.38751215e-04  1.73597177e-06  1.38751215e-04  2.94486798e-06  1.38751215e-04 -5.08111503e-07  1.38751215e-04  1.20000000e+00  1.38751215e-04  0.00000000e+00 
 1.38851215e-04  1.07133493e+00  1.38851215e-04  6.80075038e-01  1.38851215e-04  2.05433062e-06  1.38851215e-04 -1.98007403e-06  1.38851215e-04  5.08310126e-07  1.38851215e-04  1.20000000e+00  1.38851215e-04  0.00000000e+00 
 1.38951215e-04  1.07570917e+00  1.38951215e-04  6.80128815e-01  1.38951215e-04  1.73597131e-06  1.38951215e-04  2.94505358e-06  1.38951215e-04 -5.08111349e-07  1.38951215e-04  1.20000000e+00  1.38951215e-04  0.00000000e+00 
 1.39051215e-04  1.08008538e+00  1.39051215e-04  6.80078141e-01  1.39051215e-04  2.05433106e-06  1.39051215e-04 -1.97995869e-06  1.39051215e-04  5.08310749e-07  1.39051215e-04  1.20000000e+00  1.39051215e-04  0.00000000e+00 
 1.39151215e-04  1.08446061e+00  1.39151215e-04  6.80129105e-01  1.39151215e-04  1.73597089e-06  1.39151215e-04  2.94521241e-06  1.39151215e-04 -5.08111092e-07  1.39151215e-04  1.20000000e+00  1.39151215e-04  0.00000000e+00 
 1.39251215e-04  1.08883767e+00  1.39251215e-04  6.80081040e-01  1.39251215e-04  2.05433146e-06  1.39251215e-04 -1.97987385e-06  1.39251215e-04  5.08311269e-07  1.39251215e-04  1.20000000e+00  1.39251215e-04  0.00000000e+00 
 1.39351215e-04  1.09321366e+00  1.39351215e-04  6.80129384e-01  1.39351215e-04  1.73597052e-06  1.39351215e-04  2.94534625e-06  1.39351215e-04 -5.08110736e-07  1.39351215e-04  1.20000000e+00  1.39351215e-04  0.00000000e+00 
 1.39451215e-04  1.09759134e+00  1.39451215e-04  6.80083723e-01  1.39451215e-04  2.05433180e-06  1.39451215e-04 -1.97981597e-06  1.39451215e-04  5.08311688e-07  1.39451215e-04  1.20000000e+00  1.39451215e-04  0.00000000e+00 
 1.39551215e-04  1.10196787e+00  1.39551215e-04  6.80129646e-01  1.39551215e-04  1.73597019e-06  1.39551215e-04  2.94545743e-06  1.39551215e-04 -5.08110283e-07  1.39551215e-04  1.20000000e+00  1.39551215e-04  0.00000000e+00 
 1.39651215e-04  1.10634598e+00  1.39651215e-04  6.80086191e-01  1.39651215e-04  2.05433212e-06  1.39651215e-04 -1.97978112e-06  1.39651215e-04  5.08312009e-07  1.39651215e-04  1.20000000e+00  1.39651215e-04  0.00000000e+00 
 1.39751215e-04  1.11072288e+00  1.39751215e-04  6.80129887e-01  1.39751215e-04  1.73596991e-06  1.39751215e-04  2.94554865e-06  1.39751215e-04 -5.08109737e-07  1.39751215e-04  1.20000000e+00  1.39751215e-04  0.00000000e+00 
 1.39851215e-04  1.11510125e+00  1.39851215e-04  6.80088453e-01  1.39851215e-04  2.05433239e-06  1.39851215e-04 -1.97976529e-06  1.39851215e-04  5.08312236e-07  1.39851215e-04  1.20000000e+00  1.39851215e-04  0.00000000e+00 
 1.39951215e-04  1.11947837e+00  1.39951215e-04  6.80130105e-01  1.39951215e-04  1.73596966e-06  1.39951215e-04  2.94562265e-06  1.39951215e-04 -5.08109102e-07  1.39951215e-04  1.20000000e+00  1.39951215e-04  0.00000000e+00 
 1.40051215e-04  1.12385688e+00  1.40051215e-04  6.80090521e-01  1.40051215e-04  2.05433262e-06  1.40051215e-04 -1.97976472e-06  1.40051215e-04  5.08312373e-07  1.40051215e-04  1.20000000e+00  1.40051215e-04  0.00000000e+00 
 1.40151215e-04  1.12823408e+00  1.40151215e-04  6.80130297e-01  1.40151215e-04  1.73596944e-06  1.40151215e-04  2.94568189e-06  1.40151215e-04 -5.08108382e-07  1.40151215e-04  1.20000000e+00  1.40151215e-04  0.00000000e+00 
 1.40251215e-04  1.13261262e+00  1.40251215e-04  6.80092413e-01  1.40251215e-04  2.05433282e-06  1.40251215e-04 -1.97977635e-06  1.40251215e-04  5.08312423e-07  1.40251215e-04  1.20000000e+00  1.40251215e-04  0.00000000e+00 
 1.40351215e-04  1.13698981e+00  1.40351215e-04  6.80130459e-01  1.40351215e-04  1.73596926e-06  1.40351215e-04  2.94572807e-06  1.40351215e-04 -5.08107581e-07  1.40351215e-04  1.20000000e+00  1.40351215e-04  0.00000000e+00 
 1.40451215e-04  1.14136829e+00  1.40451215e-04  6.80094149e-01  1.40451215e-04  2.05433299e-06  1.40451215e-04 -1.97979850e-06  1.40451215e-04  5.08312392e-07  1.40451215e-04  1.20000000e+00  1.40451215e-04  0.00000000e+00 
 1.40551215e-04  1.14574537e+00  1.40551215e-04  6.80130588e-01  1.40551215e-04  1.73596910e-06  1.40551215e-04  2.94576126e-06  1.40551215e-04 -5.08106702e-07  1.40551215e-04  1.20000000e+00  1.40551215e-04  0.00000000e+00 
 1.40651215e-04  1.15012368e+00  1.40651215e-04  6.80095748e-01  1.40651215e-04  2.05433313e-06  1.40651215e-04 -1.97983206e-06  1.40651215e-04  5.08312283e-07  1.40651215e-04  1.20000000e+00  1.40651215e-04  0.00000000e+00 
 1.40751215e-04  1.15450054e+00  1.40751215e-04  6.80130682e-01  1.40751215e-04  1.73596898e-06  1.40751215e-04  2.94577828e-06  1.40751215e-04 -5.08105750e-07  1.40751215e-04  1.20000000e+00  1.40751215e-04  0.00000000e+00 
 1.40851215e-04  1.15887855e+00  1.40851215e-04  6.80097225e-01  1.40851215e-04  2.05433324e-06  1.40851215e-04 -1.97988267e-06  1.40851215e-04  5.08312099e-07  1.40851215e-04  1.20000000e+00  1.40851215e-04  0.00000000e+00 
 1.40951215e-04  1.16325500e+00  1.40951215e-04  6.80130737e-01  1.40951215e-04  1.73596888e-06  1.40951215e-04  2.94576992e-06  1.40951215e-04 -5.08104728e-07  1.40951215e-04  1.20000000e+00  1.40951215e-04  0.00000000e+00 
 1.41051215e-04  1.16763246e+00  1.41051215e-04  6.80098597e-01  1.41051215e-04  2.05433333e-06  1.41051215e-04 -1.97996449e-06  1.41051215e-04  5.08311845e-07  1.41051215e-04  1.20000000e+00  1.41051215e-04  0.00000000e+00 
 1.41151215e-04  1.17200816e+00  1.41151215e-04  6.80130750e-01  1.41151215e-04  1.73596880e-06  1.41151215e-04  2.94571606e-06  1.41151215e-04 -5.08103641e-07  1.41151215e-04  1.20000000e+00  1.41151215e-04  0.00000000e+00 
 1.41251215e-04  1.17638459e+00  1.41251215e-04  6.80099874e-01  1.41251215e-04  2.05433339e-06  1.41251215e-04 -1.98010650e-06  1.41251215e-04  5.08311523e-07  1.41251215e-04  1.20000000e+00  1.41251215e-04  0.00000000e+00 
 1.41351215e-04  1.18075888e+00  1.41351215e-04  6.80130716e-01  1.41351215e-04  1.73596876e-06  1.41351215e-04  2.94557769e-06  1.41351215e-04 -5.08102491e-07  1.41351215e-04  1.20000000e+00  1.41351215e-04  0.00000000e+00 
 1.41451215e-04  1.18513339e+00  1.41451215e-04  6.80101060e-01  1.41451215e-04  2.05433343e-06  1.41451215e-04 -1.98036264e-06  1.41451215e-04  5.08311138e-07  1.41451215e-04  1.20000000e+00  1.41451215e-04  0.00000000e+00 
 1.41551215e-04  1.18950505e+00  1.41551215e-04  6.80130627e-01  1.41551215e-04  1.73596873e-06  1.41551215e-04  2.94528453e-06  1.41551215e-04 -5.08101282e-07  1.41551215e-04  1.20000000e+00  1.41551215e-04  0.00000000e+00 
 1.41651215e-04  1.19387598e+00  1.41651215e-04  6.80102155e-01  1.41651215e-04  2.05433344e-06  1.41651215e-04 -1.98082684e-06  1.41651215e-04  5.08310692e-07  1.41651215e-04  1.20000000e+00  1.41651215e-04  0.00000000e+00 
 1.41751215e-04  1.19824282e+00  1.41751215e-04  6.80130471e-01  1.41751215e-04  1.73596873e-06  1.41751215e-04  2.94471726e-06  1.41751215e-04 -5.08100017e-07  1.41751215e-04  1.20000000e+00  1.41751215e-04  0.00000000e+00 
 1.41851215e-04  1.20260728e+00  1.41851215e-04  6.80103148e-01  1.41851215e-04  2.05433344e-06  1.41851215e-04 -1.98165373e-06  1.41851215e-04  5.08310187e-07  1.41851215e-04  1.20000000e+00  1.41851215e-04  0.00000000e+00 
 1.41951215e-04  1.20696553e+00  1.41951215e-04  6.80130230e-01  1.41951215e-04  1.73596875e-06  1.41951215e-04  2.94368437e-06  1.41951215e-04 -5.08098698e-07  1.41951215e-04  1.20000000e+00  1.41951215e-04  0.00000000e+00 
 1.42051215e-04  1.21131864e+00  1.42051215e-04  6.80104017e-01  1.42051215e-04  2.05433341e-06  1.42051215e-04 -1.98308364e-06  1.42051215e-04  5.08309626e-07  1.42051215e-04  1.20000000e+00  1.42051215e-04  0.00000000e+00 
 1.42151215e-04  1.21566210e+00  1.42151215e-04  6.80129874e-01  1.42151215e-04  1.73596878e-06  1.42151215e-04  2.94189633e-06  1.42151215e-04 -5.08097329e-07  1.42151215e-04  1.20000000e+00  1.42151215e-04  0.00000000e+00 
 1.42251215e-04  1.21999609e+00  1.42251215e-04  6.80104728e-01  1.42251215e-04  2.05433336e-06  1.42251215e-04 -1.98546733e-06  1.42251215e-04  5.08309010e-07  1.42251215e-04  1.20000000e+00  1.42251215e-04  0.00000000e+00 
 1.42351215e-04  1.22431513e+00  1.42351215e-04  6.80129363e-01  1.42351215e-04  1.73596884e-06  1.42351215e-04  2.93894383e-06  1.42351215e-04 -5.08095912e-07  1.42351215e-04  1.20000000e+00  1.42351215e-04  0.00000000e+00 
 1.42451215e-04  1.22861818e+00  1.42451215e-04  6.80105229e-01  1.42451215e-04  2.05433330e-06  1.42451215e-04 -1.98928175e-06  1.42451215e-04  5.08308341e-07  1.42451215e-04  1.20000000e+00  1.42451215e-04  0.00000000e+00 
 1.42551215e-04  1.23289854e+00  1.42551215e-04  6.80128645e-01  1.42551215e-04  1.73596892e-06  1.42551215e-04  2.93429038e-06  1.42551215e-04 -5.08094451e-07  1.42551215e-04  1.20000000e+00  1.42551215e-04  0.00000000e+00 
 1.42651215e-04  1.23715367e+00  1.42651215e-04  6.80105461e-01  1.42651215e-04  2.05433321e-06  1.42651215e-04 -1.99512499e-06  1.42651215e-04  5.08307618e-07  1.42651215e-04  1.20000000e+00  1.42651215e-04  0.00000000e+00 
 1.42751215e-04  1.24137545e+00  1.42751215e-04  6.80127658e-01  1.42751215e-04  1.73596902e-06  1.42751215e-04  2.92729129e-06  1.42751215e-04 -5.08092949e-07  1.42751215e-04  1.20000000e+00  1.42751215e-04  0.00000000e+00 
 1.42851215e-04  1.24555966e+00  1.42851215e-04  6.80105353e-01  1.42851215e-04  2.05433311e-06  1.42851215e-04 -2.00368035e-06  1.42851215e-04  5.08306843e-07  1.42851215e-04  1.20000000e+00  1.42851215e-04  0.00000000e+00 
 1.42951215e-04  1.24969667e+00  1.42951215e-04  6.80126339e-01  1.42951215e-04  1.73596913e-06  1.42951215e-04  2.91724626e-06  1.42951215e-04 -5.08091410e-07  1.42951215e-04  1.20000000e+00  1.42951215e-04  0.00000000e+00 
 1.43051215e-04  1.25378062e+00  1.43051215e-04  6.80104838e-01  1.43051215e-04  2.05433299e-06  1.43051215e-04 -2.01564697e-06  1.43051215e-04  5.08306014e-07  1.43051215e-04  1.20000000e+00  1.43051215e-04  0.00000000e+00 
 1.43151215e-04  1.25780047e+00  1.43151215e-04  6.80124627e-01  1.43151215e-04  1.73596926e-06  1.43151215e-04  2.90348249e-06  1.43151215e-04 -5.08089838e-07  1.43151215e-04  1.20000000e+00  1.43151215e-04  0.00000000e+00 
 1.43251215e-04  1.26174893e+00  1.43251215e-04  6.80103858e-01  1.43251215e-04  2.05433285e-06  1.43251215e-04 -2.03164569e-06  1.43251215e-04  5.08305130e-07  1.43251215e-04  1.20000000e+00  1.43251215e-04  0.00000000e+00 
 1.43351215e-04  1.26561393e+00  1.43351215e-04  6.80122476e-01  1.43351215e-04  1.73596941e-06  1.43351215e-04  2.88545558e-06  1.43351215e-04 -5.08088239e-07  1.43351215e-04  1.20000000e+00  1.43351215e-04  0.00000000e+00 
 1.43451215e-04  1.26938725e+00  1.43451215e-04  6.80102377e-01  1.43451215e-04  2.05433270e-06  1.43451215e-04 -2.05211631e-06  1.43451215e-04  5.08304190e-07  1.43451215e-04  1.20000000e+00  1.43451215e-04  0.00000000e+00 
 1.43551215e-04  1.27305633e+00  1.43551215e-04  6.80119867e-01  1.43551215e-04  1.73596958e-06  1.43551215e-04  2.86285066e-06  1.43551215e-04 -5.08086617e-07  1.43551215e-04  1.20000000e+00  1.43551215e-04  0.00000000e+00 
 1.43651215e-04  1.27661270e+00  1.43651215e-04  6.80100389e-01  1.43651215e-04  2.05433253e-06  1.43651215e-04 -2.07722221e-06  1.43651215e-04  5.08303192e-07  1.43651215e-04  1.20000000e+00  1.43651215e-04  0.00000000e+00 
 1.43751215e-04  1.28004406e+00  1.43751215e-04  6.80116812e-01  1.43751215e-04  1.73596976e-06  1.43751215e-04  2.83566983e-06  1.43751215e-04 -5.08084977e-07  1.43751215e-04  1.20000000e+00  1.43751215e-04  0.00000000e+00 
 1.43851215e-04  1.28334257e+00  1.43851215e-04  6.80097925e-01  1.43851215e-04  2.05433235e-06  1.43851215e-04 -2.10677433e-06  1.43851215e-04  5.08302134e-07  1.43851215e-04  1.20000000e+00  1.43851215e-04  0.00000000e+00 
 1.43951215e-04  1.28649706e+00  1.43951215e-04  6.80113366e-01  1.43951215e-04  1.73596996e-06  1.43951215e-04  2.80429502e-06  1.43951215e-04 -5.08083325e-07  1.43951215e-04  1.20000000e+00  1.43951215e-04  0.00000000e+00 
 1.44051215e-04  1.28950124e+00  1.44051215e-04  6.80095059e-01  1.44051215e-04  2.05433215e-06  1.44051215e-04 -2.14018456e-06  1.44051215e-04  5.08301014e-07  1.44051215e-04  1.20000000e+00  1.44051215e-04  0.00000000e+00 
 1.44151215e-04  1.29234599e+00  1.44151215e-04  6.80109629e-01  1.44151215e-04  1.73597017e-06  1.44151215e-04  2.76951491e-06  1.44151215e-04 -5.08081664e-07  1.44151215e-04  1.20000000e+00  1.44151215e-04  0.00000000e+00 
 1.44251215e-04  1.29502747e+00  1.44251215e-04  6.80091907e-01  1.44251215e-04  2.05433194e-06  1.44251215e-04 -2.17646265e-06  1.44251215e-04  5.08299831e-07  1.44251215e-04  1.20000000e+00  1.44251215e-04  0.00000000e+00 
 1.44351215e-04  1.29753942e+00  1.44351215e-04  6.80105741e-01  1.44351215e-04  1.73597039e-06  1.44351215e-04  2.73249906e-06  1.44351215e-04 -5.08079999e-07  1.44351215e-04  1.20000000e+00  1.44351215e-04  0.00000000e+00 
 1.44451215e-04  1.29988123e+00  1.44451215e-04  6.80088620e-01  1.44451215e-04  2.05433172e-06  1.44451215e-04 -2.21427487e-06  1.44451215e-04  5.08298587e-07  1.44451215e-04  1.20000000e+00  1.44451215e-04  0.00000000e+00 
 1.44551215e-04  1.30205003e+00  1.44551215e-04  6.80101866e-01  1.44551215e-04  1.73597063e-06  1.44551215e-04  2.69470293e-06  1.44551215e-04 -5.08078332e-07  1.44551215e-04  1.20000000e+00  1.44551215e-04  0.00000000e+00 
 1.44651215e-04  1.30404882e+00  1.44651215e-04  6.80085366e-01  1.44651215e-04  2.05433149e-06  1.44651215e-04 -2.25207630e-06  1.44651215e-04  5.08297281e-07  1.44651215e-04  1.20000000e+00  1.44651215e-04  0.00000000e+00 
 1.44751215e-04  1.30587827e+00  1.44751215e-04  6.80098176e-01  1.44751215e-04  1.73597088e-06  1.44751215e-04  2.65770052e-06  1.44751215e-04 -5.08076665e-07  1.44751215e-04  1.20000000e+00  1.44751215e-04  0.00000000e+00 
 1.44851215e-04  1.30754491e+00  1.44851215e-04  6.80082305e-01  1.44851215e-04  2.05433124e-06  1.44851215e-04 -2.28830739e-06  1.44851215e-04  5.08295917e-07  1.44851215e-04  1.20000000e+00  1.44851215e-04  0.00000000e+00 
 1.44925612e-04  1.30868083e+00  1.44925612e-04  6.80095161e-01  1.44925612e-04  1.73597118e-06  1.44925612e-04  2.62725099e-06  1.44925612e-04 -5.08074749e-07  1.44925612e-04  1.20000000e+00  1.44925612e-04  0.00000000e+00 
 1.45000010e-04  1.30973354e+00  1.45000010e-04  6.80080356e-01  1.45000010e-04  2.05433089e-06  1.45000010e-04 -2.31342844e-06  1.45000010e-04  5.08293931e-07  1.45000010e-04  1.20000000e+00  1.45000010e-04  0.00000000e+00 
 1.45000011e-04  1.30971925e+00  1.45000011e-04  6.77343233e-01  1.45000011e-04  2.54630558e-06  1.45000011e-04 -8.76908026e-06  1.45000011e-04  1.95365392e-06  1.45000011e-04  1.08000000e+00  1.45000011e-04  0.00000000e+00 
 1.45000013e-04  1.30968314e+00  1.45000013e-04  6.71050862e-01  1.45000013e-04  2.78178391e-06  1.45000013e-04 -9.09241287e-06  1.45000013e-04  2.66851136e-06  1.45000013e-04  8.40000000e-01  1.45000013e-04  0.00000000e+00 
 1.45000016e-04  1.30961198e+00  1.45000016e-04  6.61509098e-01  1.45000016e-04  2.39108141e-06  1.45000016e-04  8.37253219e-07  1.45000016e-04  1.37101349e-06  1.45000016e-04  4.20000001e-01  1.45000016e-04  0.00000000e+00 
 1.45000020e-04  1.30954395e+00  1.45000020e-04  6.55947824e-01  1.45000020e-04  2.25037819e-06  1.45000020e-04  3.43612765e-06  1.45000020e-04  9.18453108e-07  1.45000020e-04  3.16866000e-09  1.45000020e-04  0.00000000e+00 
 1.45000021e-04  1.30954227e+00  1.45000021e-04  6.56582605e-01  1.45000021e-04  1.73477306e-06  1.45000021e-04  4.64997077e-06  1.45000021e-04 -6.06940800e-07  1.45000021e-04  0.00000000e+00  1.45000021e-04  0.00000000e+00 
 1.45000022e-04  1.30954051e+00  1.45000022e-04  6.57913484e-01  1.45000022e-04  1.66729199e-06  1.45000022e-04  5.94119907e-06  1.45000022e-04 -8.80922021e-07  1.45000022e-04  0.00000000e+00  1.45000022e-04  0.00000000e+00 
 1.45000025e-04  1.30953870e+00  1.45000025e-04  6.60452337e-01  1.45000025e-04  1.74047825e-06  1.45000025e-04  5.68187291e-06  1.45000025e-04 -5.41663644e-07  1.45000025e-04  0.00000000e+00  1.45000025e-04  0.00000000e+00 
 1.45000030e-04  1.30953870e+00  1.45000030e-04  6.64999638e-01  1.45000030e-04  1.69969089e-06  1.45000030e-04  6.02596133e-06  1.45000030e-04 -6.79430199e-07  1.45000030e-04  0.00000000e+00  1.45000030e-04  0.00000000e+00 
 1.45000042e-04  1.30955021e+00  1.45000042e-04  6.72217342e-01  1.45000042e-04  1.79596839e-06  1.45000042e-04  2.94404402e-06  1.45000042e-04 -2.65376370e-07  1.45000042e-04  0.00000000e+00  1.45000042e-04  0.00000000e+00 
 1.45000064e-04  1.30960533e+00  1.45000064e-04  6.82571973e-01  1.45000064e-04  1.75842420e-06  1.45000064e-04  6.05351237e-09  1.45000064e-04 -3.97745699e-07  1.45000064e-04  0.00000000e+00  1.45000064e-04  0.00000000e+00 
 1.45000109e-04  1.30976351e+00  1.45000109e-04  6.94789610e-01  1.45000109e-04  1.86355995e-06  1.45000109e-04 -3.72430348e-06  1.45000109e-04  6.70402661e-09  1.45000109e-04  0.00000000e+00  1.45000109e-04  0.00000000e+00 
 1.45000172e-04  1.30998793e+00  1.45000172e-04  7.04814963e-01  1.45000172e-04  1.81149055e-06  1.45000172e-04 -3.53276518e-06  1.45000172e-04 -2.24187341e-07  1.45000172e-04  0.00000000e+00  1.45000172e-04  0.00000000e+00 
 1.45000289e-04  1.31019274e+00  1.45000289e-04  7.10901610e-01  1.45000289e-04  1.93479324e-06  1.45000289e-04 -4.48321286e-06  1.45000289e-04  1.70080132e-07  1.45000289e-04  0.00000000e+00  1.45000289e-04  0.00000000e+00 
 1.45000423e-04  1.31020778e+00  1.45000423e-04  7.01099296e-01  1.45000423e-04  1.90122064e-06  1.45000423e-04 -1.73919685e-06  1.45000423e-04 -4.00117921e-08  1.45000423e-04  0.00000000e+00  1.45000423e-04  0.00000000e+00 
 1.45000579e-04  1.31020426e+00  1.45000579e-04  6.91877282e-01  1.45000579e-04  1.93768335e-06  1.45000579e-04 -1.84391668e-06  1.45000579e-04  1.39314296e-07  1.45000579e-04  0.00000000e+00  1.45000579e-04  0.00000000e+00 
 1.45000749e-04  1.31020377e+00  1.45000749e-04  6.86043172e-01  1.45000749e-04  1.88027183e-06  1.45000749e-04 -8.96852198e-07  1.45000749e-04 -8.52310308e-08  1.45000749e-04  0.00000000e+00  1.45000749e-04  0.00000000e+00 
 1.45001057e-04  1.31020349e+00  1.45001057e-04  6.80852954e-01  1.45001057e-04  1.92271205e-06  1.45001057e-04 -8.49536534e-07  1.45001057e-04  1.07800441e-07  1.45001057e-04  0.00000000e+00  1.45001057e-04  0.00000000e+00 
 1.45001673e-04  1.31020312e+00  1.45001673e-04  6.78053268e-01  1.45001673e-04  1.86987384e-06  1.45001673e-04 -7.42822814e-08  1.45001673e-04 -1.05743099e-07  1.45001673e-04  0.00000000e+00  1.45001673e-04  0.00000000e+00 
 1.45002906e-04  1.31019965e+00  1.45002906e-04  6.78461874e-01  1.45002906e-04  1.91930429e-06  1.45002906e-04 -2.34655990e-07  1.45002906e-04  1.01844502e-07  1.45002906e-04  0.00000000e+00  1.45002906e-04  0.00000000e+00 
 1.45005371e-04  1.31019201e+00  1.45005371e-04  6.79333497e-01  1.45005371e-04  1.87047610e-06  1.45005371e-04  1.86276449e-07  1.45005371e-04 -1.03017437e-07  1.45005371e-04  0.00000000e+00  1.45005371e-04  0.00000000e+00 
 1.45009427e-04  1.31018227e+00  1.45009427e-04  6.79813436e-01  1.45009427e-04  1.91969887e-06  1.45009427e-04 -1.85343903e-07  1.45009427e-04  1.03225559e-07  1.45009427e-04  0.00000000e+00  1.45009427e-04  0.00000000e+00 
 1.45017538e-04  1.31016683e+00  1.45017538e-04  6.80066568e-01  1.45017538e-04  1.87057750e-06  1.45017538e-04  1.83193535e-07  1.45017538e-04 -1.02969745e-07  1.45017538e-04  0.00000000e+00  1.45017538e-04  0.00000000e+00 
 1.45033760e-04  1.31014796e+00  1.45033760e-04  6.80081728e-01  1.45033760e-04  1.91972830e-06  1.45033760e-04 -1.82645740e-07  1.45033760e-04  1.03188110e-07  1.45033760e-04  0.00000000e+00  1.45033760e-04  0.00000000e+00 
 1.45066205e-04  1.31013288e+00  1.45066205e-04  6.80069748e-01  1.45066205e-04  1.87057356e-06  1.45066205e-04  1.82434158e-07  1.45066205e-04 -1.02966704e-07  1.45066205e-04  0.00000000e+00  1.45066205e-04  0.00000000e+00 
 1.45131095e-04  1.31012694e+00  1.45131095e-04  6.80081028e-01  1.45131095e-04  1.91972884e-06  1.45131095e-04 -1.82286432e-07  1.45131095e-04  1.03186440e-07  1.45131095e-04  0.00000000e+00  1.45131095e-04  0.00000000e+00 
 1.45231095e-04  1.31012337e+00  1.45231095e-04  6.80069460e-01  1.45231095e-04  1.87057339e-06  1.45231095e-04  1.82241833e-07  1.45231095e-04 -1.02965754e-07  1.45231095e-04  0.00000000e+00  1.45231095e-04  0.00000000e+00 
 1.45331095e-04  1.31011893e+00  1.45331095e-04  6.80081438e-01  1.45331095e-04  1.91972893e-06  1.45331095e-04 -1.82137441e-07  1.45331095e-04  1.03185678e-07  1.45331095e-04  0.00000000e+00  1.45331095e-04  0.00000000e+00 
 1.45431095e-04  1.31011479e+00  1.45431095e-04  6.80069008e-01  1.45431095e-04  1.87057333e-06  1.45431095e-04  1.82095476e-07  1.45431095e-04 -1.02964981e-07  1.45431095e-04  0.00000000e+00  1.45431095e-04  0.00000000e+00 
 1.45531095e-04  1.31011057e+00  1.45531095e-04  6.80081918e-01  1.45531095e-04  1.91972897e-06  1.45531095e-04 -1.81993492e-07  1.45531095e-04  1.03184891e-07  1.45531095e-04  0.00000000e+00  1.45531095e-04  0.00000000e+00 
 1.45631095e-04  1.31010635e+00  1.45631095e-04  6.80068505e-01  1.45631095e-04  1.87057330e-06  1.45631095e-04  1.81953897e-07  1.45631095e-04 -1.02964182e-07  1.45631095e-04  0.00000000e+00  1.45631095e-04  0.00000000e+00 
 1.45731095e-04  1.31010215e+00  1.45731095e-04  6.80082432e-01  1.45731095e-04  1.91972898e-06  1.45731095e-04 -1.81854202e-07  1.45731095e-04  1.03184079e-07  1.45731095e-04  0.00000000e+00  1.45731095e-04  0.00000000e+00 
 1.45831095e-04  1.31009793e+00  1.45831095e-04  6.80067980e-01  1.45831095e-04  1.87057331e-06  1.45831095e-04  1.81816846e-07  1.45831095e-04 -1.02963357e-07  1.45831095e-04  0.00000000e+00  1.45831095e-04  0.00000000e+00 
 1.45931095e-04  1.31009374e+00  1.45931095e-04  6.80082958e-01  1.45931095e-04  1.91972896e-06  1.45931095e-04 -1.81719311e-07  1.45931095e-04  1.03183239e-07  1.45931095e-04  0.00000000e+00  1.45931095e-04  0.00000000e+00 
 1.46031095e-04  1.31008951e+00  1.46031095e-04  6.80067449e-01  1.46031095e-04  1.87057335e-06  1.46031095e-04  1.81684064e-07  1.46031095e-04 -1.02962504e-07  1.46031095e-04  0.00000000e+00  1.46031095e-04  0.00000000e+00 
 1.46131095e-04  1.31008532e+00  1.46131095e-04  6.80083486e-01  1.46131095e-04  1.91972891e-06  1.46131095e-04 -1.81588560e-07  1.46131095e-04  1.03182372e-07  1.46131095e-04  0.00000000e+00  1.46131095e-04  0.00000000e+00 
 1.46231095e-04  1.31008110e+00  1.46231095e-04  6.80066920e-01  1.46231095e-04  1.87057341e-06  1.46231095e-04  1.81555296e-07  1.46231095e-04 -1.02961623e-07  1.46231095e-04  0.00000000e+00  1.46231095e-04  0.00000000e+00 
 1.46331095e-04  1.31007690e+00  1.46331095e-04  6.80084009e-01  1.46331095e-04  1.91972884e-06  1.46331095e-04 -1.81461700e-07  1.46331095e-04  1.03181474e-07  1.46331095e-04  0.00000000e+00  1.46331095e-04  0.00000000e+00 
 1.46431095e-04  1.31007269e+00  1.46431095e-04  6.80066399e-01  1.46431095e-04  1.87057348e-06  1.46431095e-04  1.81430297e-07  1.46431095e-04 -1.02960711e-07  1.46431095e-04  0.00000000e+00  1.46431095e-04  0.00000000e+00 
 1.46531095e-04  1.31006849e+00  1.46531095e-04  6.80084523e-01  1.46531095e-04  1.91972875e-06  1.46531095e-04 -1.81338491e-07  1.46531095e-04  1.03180547e-07  1.46531095e-04  0.00000000e+00  1.46531095e-04  0.00000000e+00 
 1.46631095e-04  1.31006428e+00  1.46631095e-04  6.80065889e-01  1.46631095e-04  1.87057358e-06  1.46631095e-04  1.81308835e-07  1.46631095e-04 -1.02959769e-07  1.46631095e-04  0.00000000e+00  1.46631095e-04  0.00000000e+00 
 1.46731095e-04  1.31006008e+00  1.46731095e-04  6.80085024e-01  1.46731095e-04  1.91972864e-06  1.46731095e-04 -1.81218708e-07  1.46731095e-04  1.03179589e-07  1.46731095e-04  0.00000000e+00  1.46731095e-04  0.00000000e+00 
 1.46831095e-04  1.31005587e+00  1.46831095e-04  6.80065392e-01  1.46831095e-04  1.87057370e-06  1.46831095e-04  1.81190690e-07  1.46831095e-04 -1.02958796e-07  1.46831095e-04  0.00000000e+00  1.46831095e-04  0.00000000e+00 
 1.46931095e-04  1.31005167e+00  1.46931095e-04  6.80085512e-01  1.46931095e-04  1.91972852e-06  1.46931095e-04 -1.81102138e-07  1.46931095e-04  1.03178599e-07  1.46931095e-04  0.00000000e+00  1.46931095e-04  0.00000000e+00 
 1.47031095e-04  1.31004747e+00  1.47031095e-04  6.80064909e-01  1.47031095e-04  1.87057383e-06  1.47031095e-04  1.81075657e-07  1.47031095e-04 -1.02957792e-07  1.47031095e-04  0.00000000e+00  1.47031095e-04  0.00000000e+00 
 1.47131095e-04  1.31004327e+00  1.47131095e-04  6.80085985e-01  1.47131095e-04  1.91972838e-06  1.47131095e-04 -1.80988579e-07  1.47131095e-04  1.03177578e-07  1.47131095e-04  0.00000000e+00  1.47131095e-04  0.00000000e+00 
 1.47231095e-04  1.31003906e+00  1.47231095e-04  6.80064441e-01  1.47231095e-04  1.87057398e-06  1.47231095e-04  1.80963540e-07  1.47231095e-04 -1.02956756e-07  1.47231095e-04  0.00000000e+00  1.47231095e-04  0.00000000e+00 
 1.47331095e-04  1.31003486e+00  1.47331095e-04  6.80086443e-01  1.47331095e-04  1.91972822e-06  1.47331095e-04 -1.80877846e-07  1.47331095e-04  1.03176526e-07  1.47331095e-04  0.00000000e+00  1.47331095e-04  0.00000000e+00 
 1.47431095e-04  1.31003066e+00  1.47431095e-04  6.80063988e-01  1.47431095e-04  1.87057414e-06  1.47431095e-04  1.80854158e-07  1.47431095e-04 -1.02955689e-07  1.47431095e-04  0.00000000e+00  1.47431095e-04  0.00000000e+00 
 1.47531095e-04  1.31002646e+00  1.47531095e-04  6.80086886e-01  1.47531095e-04  1.91972805e-06  1.47531095e-04 -1.80769760e-07  1.47531095e-04  1.03175443e-07  1.47531095e-04  0.00000000e+00  1.47531095e-04  0.00000000e+00 
 1.47631095e-04  1.31002226e+00  1.47631095e-04  6.80063551e-01  1.47631095e-04  1.87057432e-06  1.47631095e-04  1.80747341e-07  1.47631095e-04 -1.02954591e-07  1.47631095e-04  0.00000000e+00  1.47631095e-04  0.00000000e+00 
 1.47731095e-04  1.31001806e+00  1.47731095e-04  6.80087313e-01  1.47731095e-04  1.91972787e-06  1.47731095e-04 -1.80664159e-07  1.47731095e-04  1.03174329e-07  1.47731095e-04  0.00000000e+00  1.47731095e-04  0.00000000e+00 
 1.47831095e-04  1.31001386e+00  1.47831095e-04  6.80063130e-01  1.47831095e-04  1.87057451e-06  1.47831095e-04  1.80642929e-07  1.47831095e-04 -1.02953462e-07  1.47831095e-04  0.00000000e+00  1.47831095e-04  0.00000000e+00 
 1.47931095e-04  1.31000966e+00  1.47931095e-04  6.80087725e-01  1.47931095e-04  1.91972767e-06  1.47931095e-04 -1.80560888e-07  1.47931095e-04  1.03173184e-07  1.47931095e-04  0.00000000e+00  1.47931095e-04  0.00000000e+00 
 1.48031095e-04  1.31000547e+00  1.48031095e-04  6.80062723e-01  1.48031095e-04  1.87057472e-06  1.48031095e-04  1.80540774e-07  1.48031095e-04 -1.02952303e-07  1.48031095e-04  0.00000000e+00  1.48031095e-04  0.00000000e+00 
 1.48131095e-04  1.31000127e+00  1.48131095e-04  6.80088122e-01  1.48131095e-04  1.91972746e-06  1.48131095e-04 -1.80459803e-07  1.48131095e-04  1.03172009e-07  1.48131095e-04  0.00000000e+00  1.48131095e-04  0.00000000e+00 
 1.48231095e-04  1.30999707e+00  1.48231095e-04  6.80062332e-01  1.48231095e-04  1.87057493e-06  1.48231095e-04  1.80440737e-07  1.48231095e-04 -1.02951114e-07  1.48231095e-04  0.00000000e+00  1.48231095e-04  0.00000000e+00 
 1.48331095e-04  1.30999287e+00  1.48331095e-04  6.80088504e-01  1.48331095e-04  1.91972724e-06  1.48331095e-04 -1.80360769e-07  1.48331095e-04  1.03170805e-07  1.48331095e-04  0.00000000e+00  1.48331095e-04  0.00000000e+00 
 1.48431095e-04  1.30998868e+00  1.48431095e-04  6.80061955e-01  1.48431095e-04  1.87057516e-06  1.48431095e-04  1.80342687e-07  1.48431095e-04 -1.02949896e-07  1.48431095e-04  0.00000000e+00  1.48431095e-04  0.00000000e+00 
 1.48531095e-04  1.30998448e+00  1.48531095e-04  6.80088871e-01  1.48531095e-04  1.91972700e-06  1.48531095e-04 -1.80263661e-07  1.48531095e-04  1.03169572e-07  1.48531095e-04  0.00000000e+00  1.48531095e-04  0.00000000e+00 
 1.48631095e-04  1.30998029e+00  1.48631095e-04  6.80061593e-01  1.48631095e-04  1.87057540e-06  1.48631095e-04  1.80246504e-07  1.48631095e-04 -1.02948649e-07  1.48631095e-04  0.00000000e+00  1.48631095e-04  0.00000000e+00 
 1.48731095e-04  1.30997609e+00  1.48731095e-04  6.80089225e-01  1.48731095e-04  1.91972675e-06  1.48731095e-04 -1.80168361e-07  1.48731095e-04  1.03168311e-07  1.48731095e-04  0.00000000e+00  1.48731095e-04  0.00000000e+00 
 1.48831095e-04  1.30997190e+00  1.48831095e-04  6.80061245e-01  1.48831095e-04  1.87057565e-06  1.48831095e-04  1.80152073e-07  1.48831095e-04 -1.02947375e-07  1.48831095e-04  0.00000000e+00  1.48831095e-04  0.00000000e+00 
 1.48931095e-04  1.30996770e+00  1.48931095e-04  6.80089564e-01  1.48931095e-04  1.91972650e-06  1.48931095e-04 -1.80074761e-07  1.48931095e-04  1.03167022e-07  1.48931095e-04  0.00000000e+00  1.48931095e-04  0.00000000e+00 
 1.49031095e-04  1.30996352e+00  1.49031095e-04  6.80060910e-01  1.49031095e-04  1.87057592e-06  1.49031095e-04  1.80059288e-07  1.49031095e-04 -1.02946074e-07  1.49031095e-04  0.00000000e+00  1.49031095e-04  0.00000000e+00 
 1.49131095e-04  1.30995932e+00  1.49131095e-04  6.80089890e-01  1.49131095e-04  1.91972623e-06  1.49131095e-04 -1.79982756e-07  1.49131095e-04  1.03165707e-07  1.49131095e-04  0.00000000e+00  1.49131095e-04  0.00000000e+00 
 1.49231095e-04  1.30995513e+00  1.49231095e-04  6.80060589e-01  1.49231095e-04  1.87057619e-06  1.49231095e-04  1.79968052e-07  1.49231095e-04 -1.02944746e-07  1.49231095e-04  0.00000000e+00  1.49231095e-04  0.00000000e+00 
 1.49331095e-04  1.30995093e+00  1.49331095e-04  6.80090203e-01  1.49331095e-04  1.91972595e-06  1.49331095e-04 -1.79892253e-07  1.49331095e-04  1.03164366e-07  1.49331095e-04  0.00000000e+00  1.49331095e-04  0.00000000e+00 
 1.49431095e-04  1.30994675e+00  1.49431095e-04  6.80060282e-01  1.49431095e-04  1.87057647e-06  1.49431095e-04  1.79878271e-07  1.49431095e-04 -1.02943394e-07  1.49431095e-04  0.00000000e+00  1.49431095e-04  0.00000000e+00 
 1.49531095e-04  1.30994255e+00  1.49531095e-04  6.80090503e-01  1.49531095e-04  1.91972566e-06  1.49531095e-04 -1.79803161e-07  1.49531095e-04  1.03163000e-07  1.49531095e-04  0.00000000e+00  1.49531095e-04  0.00000000e+00 
 1.49631095e-04  1.30993837e+00  1.49631095e-04  6.80059986e-01  1.49631095e-04  1.87057676e-06  1.49631095e-04  1.79789859e-07  1.49631095e-04 -1.02942016e-07  1.49631095e-04  0.00000000e+00  1.49631095e-04  0.00000000e+00 
 1.49731095e-04  1.30993417e+00  1.49731095e-04  6.80090791e-01  1.49731095e-04  1.91972537e-06  1.49731095e-04 -1.79715398e-07  1.49731095e-04  1.03161609e-07  1.49731095e-04  0.00000000e+00  1.49731095e-04  0.00000000e+00 
 1.49831095e-04  1.30992999e+00  1.49831095e-04  6.80059703e-01  1.49831095e-04  1.87057707e-06  1.49831095e-04  1.79702736e-07  1.49831095e-04 -1.02940614e-07  1.49831095e-04  0.00000000e+00  1.49831095e-04  0.00000000e+00 
 1.49931095e-04  1.30992579e+00  1.49931095e-04  6.80091067e-01  1.49931095e-04  1.91972506e-06  1.49931095e-04 -1.79628885e-07  1.49931095e-04  1.03160195e-07  1.49931095e-04  0.00000000e+00  1.49931095e-04  0.00000000e+00 
 1.50031095e-04  1.30992162e+00  1.50031095e-04  6.80059432e-01  1.50031095e-04  1.87057738e-06  1.50031095e-04  1.79616827e-07  1.50031095e-04 -1.02939190e-07  1.50031095e-04  0.00000000e+00  1.50031095e-04  0.00000000e+00 
 1.50131095e-04  1.30991742e+00  1.50131095e-04  6.80091331e-01  1.50131095e-04  1.91972475e-06  1.50131095e-04 -1.79543550e-07  1.50131095e-04  1.03158759e-07  1.50131095e-04  0.00000000e+00  1.50131095e-04  0.00000000e+00 
 1.50231095e-04  1.30991324e+00  1.50231095e-04  6.80059172e-01  1.50231095e-04  1.87057770e-06  1.50231095e-04  1.79532061e-07  1.50231095e-04 -1.02937743e-07  1.50231095e-04  0.00000000e+00  1.50231095e-04  0.00000000e+00 
 1.50331095e-04  1.30990904e+00  1.50331095e-04  6.80091584e-01  1.50331095e-04  1.91972443e-06  1.50331095e-04 -1.79459325e-07  1.50331095e-04  1.03157300e-07  1.50331095e-04  0.00000000e+00  1.50331095e-04  0.00000000e+00 
 1.50431095e-04  1.30990487e+00  1.50431095e-04  6.80058923e-01  1.50431095e-04  1.87057802e-06  1.50431095e-04  1.79448373e-07  1.50431095e-04 -1.02936274e-07  1.50431095e-04  0.00000000e+00  1.50431095e-04  0.00000000e+00 
 1.50531095e-04  1.30990067e+00  1.50531095e-04  6.80091826e-01  1.50531095e-04  1.91972410e-06  1.50531095e-04 -1.79376148e-07  1.50531095e-04  1.03155821e-07  1.50531095e-04  0.00000000e+00  1.50531095e-04  0.00000000e+00 
 1.50631095e-04  1.30989650e+00  1.50631095e-04  6.80058686e-01  1.50631095e-04  1.87057835e-06  1.50631095e-04  1.79365702e-07  1.50631095e-04 -1.02934785e-07  1.50631095e-04  0.00000000e+00  1.50631095e-04  0.00000000e+00 
 1.50731095e-04  1.30989230e+00  1.50731095e-04  6.80092057e-01  1.50731095e-04  1.91972376e-06  1.50731095e-04 -1.79293958e-07  1.50731095e-04  1.03154321e-07  1.50731095e-04  0.00000000e+00  1.50731095e-04  0.00000000e+00 
 1.50831095e-04  1.30988813e+00  1.50831095e-04  6.80058458e-01  1.50831095e-04  1.87057870e-06  1.50831095e-04  1.79283991e-07  1.50831095e-04 -1.02933276e-07  1.50831095e-04  0.00000000e+00  1.50831095e-04  0.00000000e+00 
 1.50931095e-04  1.30988394e+00  1.50931095e-04  6.80092278e-01  1.50931095e-04  1.91972341e-06  1.50931095e-04 -1.79212700e-07  1.50931095e-04  1.03152801e-07  1.50931095e-04  0.00000000e+00  1.50931095e-04  0.00000000e+00 
 1.51031095e-04  1.30987977e+00  1.51031095e-04  6.80058241e-01  1.51031095e-04  1.87057904e-06  1.51031095e-04  1.79203186e-07  1.51031095e-04 -1.02931748e-07  1.51031095e-04  0.00000000e+00  1.51031095e-04  0.00000000e+00 
 1.51131095e-04  1.30987557e+00  1.51131095e-04  6.80092490e-01  1.51131095e-04  1.91972306e-06  1.51131095e-04 -1.79132324e-07  1.51131095e-04  1.03151263e-07  1.51131095e-04  0.00000000e+00  1.51131095e-04  0.00000000e+00 
 1.51231095e-04  1.30987140e+00  1.51231095e-04  6.80058033e-01  1.51231095e-04  1.87057940e-06  1.51231095e-04  1.79123237e-07  1.51231095e-04 -1.02930201e-07  1.51231095e-04  0.00000000e+00  1.51231095e-04  0.00000000e+00 
 1.51331095e-04  1.30986721e+00  1.51331095e-04  6.80092692e-01  1.51331095e-04  1.91972270e-06  1.51331095e-04 -1.79052781e-07  1.51331095e-04  1.03149706e-07  1.51331095e-04  0.00000000e+00  1.51331095e-04  0.00000000e+00 
 1.51431095e-04  1.30986304e+00  1.51431095e-04  6.80057834e-01  1.51431095e-04  1.87057976e-06  1.51431095e-04  1.79044099e-07  1.51431095e-04 -1.02928636e-07  1.51431095e-04  0.00000000e+00  1.51431095e-04  0.00000000e+00 
 1.51531095e-04  1.30985884e+00  1.51531095e-04  6.80092885e-01  1.51531095e-04  1.91972234e-06  1.51531095e-04 -1.78974026e-07  1.51531095e-04  1.03148132e-07  1.51531095e-04  0.00000000e+00  1.51531095e-04  0.00000000e+00 
 1.51631095e-04  1.30985468e+00  1.51631095e-04  6.80057645e-01  1.51631095e-04  1.87058013e-06  1.51631095e-04  1.78965728e-07  1.51631095e-04 -1.02927054e-07  1.51631095e-04  0.00000000e+00  1.51631095e-04  0.00000000e+00 
 1.51731095e-04  1.30985049e+00  1.51731095e-04  6.80093069e-01  1.51731095e-04  1.91972197e-06  1.51731095e-04 -1.78896018e-07  1.51731095e-04  1.03146541e-07  1.51731095e-04  0.00000000e+00  1.51731095e-04  0.00000000e+00 
 1.51831095e-04  1.30984632e+00  1.51831095e-04  6.80057464e-01  1.51831095e-04  1.87058050e-06  1.51831095e-04  1.78888084e-07  1.51831095e-04 -1.02925456e-07  1.51831095e-04  0.00000000e+00  1.51831095e-04  0.00000000e+00 
 1.51931095e-04  1.30984213e+00  1.51931095e-04  6.80093245e-01  1.51931095e-04  1.91972159e-06  1.51931095e-04 -1.78818717e-07  1.51931095e-04  1.03144935e-07  1.51931095e-04  0.00000000e+00  1.51931095e-04  0.00000000e+00 
 1.52031095e-04  1.30983797e+00  1.52031095e-04  6.80057292e-01  1.52031095e-04  1.87058088e-06  1.52031095e-04  1.78811128e-07  1.52031095e-04 -1.02923843e-07  1.52031095e-04  0.00000000e+00  1.52031095e-04  0.00000000e+00 
 1.52131095e-04  1.30983377e+00  1.52131095e-04  6.80093413e-01  1.52131095e-04  1.91972121e-06  1.52131095e-04 -1.78742087e-07  1.52131095e-04  1.03143313e-07  1.52131095e-04  0.00000000e+00  1.52131095e-04  0.00000000e+00 
 1.52231095e-04  1.30982961e+00  1.52231095e-04  6.80057127e-01  1.52231095e-04  1.87058127e-06  1.52231095e-04  1.78734826e-07  1.52231095e-04 -1.02922214e-07  1.52231095e-04  0.00000000e+00  1.52231095e-04  0.00000000e+00 
 1.52331095e-04  1.30982542e+00  1.52331095e-04  6.80093572e-01  1.52331095e-04  1.91972082e-06  1.52331095e-04 -1.78666093e-07  1.52331095e-04  1.03141676e-07  1.52331095e-04  0.00000000e+00  1.52331095e-04  0.00000000e+00 
 1.52431095e-04  1.30982126e+00  1.52431095e-04  6.80056970e-01  1.52431095e-04  1.87058165e-06  1.52431095e-04  1.78659145e-07  1.52431095e-04 -1.02920571e-07  1.52431095e-04  0.00000000e+00  1.52431095e-04  0.00000000e+00 
 1.52531095e-04  1.30981707e+00  1.52531095e-04  6.80093724e-01  1.52531095e-04  1.91972043e-06  1.52531095e-04 -1.78590705e-07  1.52531095e-04  1.03140025e-07  1.52531095e-04  0.00000000e+00  1.52531095e-04  0.00000000e+00 
 1.52631095e-04  1.30981291e+00  1.52631095e-04  6.80056821e-01  1.52631095e-04  1.87058205e-06  1.52631095e-04  1.78584054e-07  1.52631095e-04 -1.02918914e-07  1.52631095e-04  0.00000000e+00  1.52631095e-04  0.00000000e+00 
 1.52731095e-04  1.30980872e+00  1.52731095e-04  6.80093869e-01  1.52731095e-04  1.91972003e-06  1.52731095e-04 -1.78515893e-07  1.52731095e-04  1.03138361e-07  1.52731095e-04  0.00000000e+00  1.52731095e-04  0.00000000e+00 
 1.52831095e-04  1.30980456e+00  1.52831095e-04  6.80056679e-01  1.52831095e-04  1.87058245e-06  1.52831095e-04  1.78509524e-07  1.52831095e-04 -1.02917244e-07  1.52831095e-04  0.00000000e+00  1.52831095e-04  0.00000000e+00 
 1.52931095e-04  1.30980037e+00  1.52931095e-04  6.80094007e-01  1.52931095e-04  1.91971963e-06  1.52931095e-04 -1.78441628e-07  1.52931095e-04  1.03136684e-07  1.52931095e-04  0.00000000e+00  1.52931095e-04  0.00000000e+00 
 1.53031095e-04  1.30979622e+00  1.53031095e-04  6.80056544e-01  1.53031095e-04  1.87058285e-06  1.53031095e-04  1.78435528e-07  1.53031095e-04 -1.02915561e-07  1.53031095e-04  0.00000000e+00  1.53031095e-04  0.00000000e+00 
 1.53131095e-04  1.30979203e+00  1.53131095e-04  6.80094138e-01  1.53131095e-04  1.91971923e-06  1.53131095e-04 -1.78367885e-07  1.53131095e-04  1.03134994e-07  1.53131095e-04  0.00000000e+00  1.53131095e-04  0.00000000e+00 
 1.53231095e-04  1.30978787e+00  1.53231095e-04  6.80056415e-01  1.53231095e-04  1.87058326e-06  1.53231095e-04  1.78362042e-07  1.53231095e-04 -1.02913866e-07  1.53231095e-04  0.00000000e+00  1.53231095e-04  0.00000000e+00 
 1.53331095e-04  1.30978368e+00  1.53331095e-04  6.80094263e-01  1.53331095e-04  1.91971882e-06  1.53331095e-04 -1.78294640e-07  1.53331095e-04  1.03133293e-07  1.53331095e-04  0.00000000e+00  1.53331095e-04  0.00000000e+00 
 1.53431095e-04  1.30977953e+00  1.53431095e-04  6.80056293e-01  1.53431095e-04  1.87058367e-06  1.53431095e-04  1.78289043e-07  1.53431095e-04 -1.02912160e-07  1.53431095e-04  0.00000000e+00  1.53431095e-04  0.00000000e+00 
 1.53531095e-04  1.30977534e+00  1.53531095e-04  6.80094381e-01  1.53531095e-04  1.91971841e-06  1.53531095e-04 -1.78221870e-07  1.53531095e-04  1.03131580e-07  1.53531095e-04  0.00000000e+00  1.53531095e-04  0.00000000e+00 
 1.53631095e-04  1.30977119e+00  1.53631095e-04  6.80056177e-01  1.53631095e-04  1.87058408e-06  1.53631095e-04  1.78216508e-07  1.53631095e-04 -1.02910442e-07  1.53631095e-04  0.00000000e+00  1.53631095e-04  0.00000000e+00 
 1.53731095e-04  1.30976700e+00  1.53731095e-04  6.80094494e-01  1.53731095e-04  1.91971799e-06  1.53731095e-04 -1.78149554e-07  1.53731095e-04  1.03129857e-07  1.53731095e-04  0.00000000e+00  1.53731095e-04  0.00000000e+00 
 1.53831095e-04  1.30976285e+00  1.53831095e-04  6.80056067e-01  1.53831095e-04  1.87058450e-06  1.53831095e-04  1.78144418e-07  1.53831095e-04 -1.02908715e-07  1.53831095e-04  0.00000000e+00  1.53831095e-04  0.00000000e+00 
 1.53931095e-04  1.30975866e+00  1.53931095e-04  6.80094601e-01  1.53931095e-04  1.91971757e-06  1.53931095e-04 -1.78077673e-07  1.53931095e-04  1.03128123e-07  1.53931095e-04  0.00000000e+00  1.53931095e-04  0.00000000e+00 
 1.54031095e-04  1.30975451e+00  1.54031095e-04  6.80055962e-01  1.54031095e-04  1.87058493e-06  1.54031095e-04  1.78072752e-07  1.54031095e-04 -1.02906977e-07  1.54031095e-04  0.00000000e+00  1.54031095e-04  0.00000000e+00 
 1.54131095e-04  1.30975033e+00  1.54131095e-04  6.80094702e-01  1.54131095e-04  1.91971714e-06  1.54131095e-04 -1.78006208e-07  1.54131095e-04  1.03126379e-07  1.54131095e-04  0.00000000e+00  1.54131095e-04  0.00000000e+00 
 1.54231095e-04  1.30974618e+00  1.54231095e-04  6.80055863e-01  1.54231095e-04  1.87058535e-06  1.54231095e-04  1.78001495e-07  1.54231095e-04 -1.02905229e-07  1.54231095e-04  0.00000000e+00  1.54231095e-04  0.00000000e+00 
 1.54331095e-04  1.30974200e+00  1.54331095e-04  6.80094798e-01  1.54331095e-04  1.91971672e-06  1.54331095e-04 -1.77935143e-07  1.54331095e-04  1.03124627e-07  1.54331095e-04  0.00000000e+00  1.54331095e-04  0.00000000e+00 
 1.54431095e-04  1.30973785e+00  1.54431095e-04  6.80055769e-01  1.54431095e-04  1.87058578e-06  1.54431095e-04  1.77930628e-07  1.54431095e-04 -1.02903473e-07  1.54431095e-04  0.00000000e+00  1.54431095e-04  0.00000000e+00 
 1.54531095e-04  1.30973366e+00  1.54531095e-04  6.80094889e-01  1.54531095e-04  1.91971629e-06  1.54531095e-04 -1.77864461e-07  1.54531095e-04  1.03122865e-07  1.54531095e-04  0.00000000e+00  1.54531095e-04  0.00000000e+00 
 1.54631095e-04  1.30972952e+00  1.54631095e-04  6.80055680e-01  1.54631095e-04  1.87058621e-06  1.54631095e-04  1.77860137e-07  1.54631095e-04 -1.02901707e-07  1.54631095e-04  0.00000000e+00  1.54631095e-04  0.00000000e+00 
 1.54731095e-04  1.30972533e+00  1.54731095e-04  6.80094975e-01  1.54731095e-04  1.91971585e-06  1.54731095e-04 -1.77794147e-07  1.54731095e-04  1.03121095e-07  1.54731095e-04  0.00000000e+00  1.54731095e-04  0.00000000e+00 
 1.54831095e-04  1.30972119e+00  1.54831095e-04  6.80055596e-01  1.54831095e-04  1.87058665e-06  1.54831095e-04  1.77790007e-07  1.54831095e-04 -1.02899934e-07  1.54831095e-04  0.00000000e+00  1.54831095e-04  0.00000000e+00 
 1.54915547e-04  1.30971765e+00  1.54915547e-04  6.80095063e-01  1.54915547e-04  1.91971538e-06  1.54915547e-04 -1.77717797e-07  1.54915547e-04  1.03119152e-07  1.54915547e-04  0.00000000e+00  1.54915547e-04  0.00000000e+00 
 1.55000000e-04  1.30971416e+00  1.55000000e-04  6.80055500e-01  1.55000000e-04  1.87058716e-06  1.55000000e-04  1.77707378e-07  1.55000000e-04 -1.02897824e-07  1.55000000e-04  0.00000000e+00  1.55000000e-04  0.00000000e+00 
 1.55003433e-04  1.30909604e+00  1.55003433e-04  7.09391727e-01  1.55003433e-04  1.89262669e-06  1.55003433e-04 -8.27012435e-08  1.55003433e-04  2.05623295e-06  1.55003433e-04  0.00000000e+00  1.55003433e-04  1.20000000e+00 
 1.55010300e-04  1.30841645e+00  1.55010300e-04  6.85163657e-01  1.55010300e-04  1.90043281e-06  1.55010300e-04  1.23690071e-07  1.55010300e-04 -3.32947304e-07  1.55010300e-04  0.00000000e+00  1.55010300e-04  1.20000000e+00 
 1.55014977e-04  1.30843389e+00  1.55014977e-04  6.75304664e-01  1.55014977e-04  1.89108405e-06  1.55014977e-04 -3.24570148e-08  1.55014977e-04  5.85194338e-07  1.55014977e-04  0.00000000e+00  1.55014977e-04  1.20000000e+00 
 1.55020697e-04  1.30826579e+00  1.55020697e-04  6.77166465e-01  1.55020697e-04  1.89802789e-06  1.55020697e-04  2.00465697e-08  1.55020697e-04  1.90574808e-07  1.55020697e-04  0.00000000e+00  1.55020697e-04  1.20000000e+00 
 1.55028069e-04  1.30794525e+00  1.55028069e-04  6.80153070e-01  1.55028069e-04  1.89208157e-06  1.55028069e-04 -2.74638361e-08  1.55028069e-04  7.33339835e-07  1.55028069e-04  0.00000000e+00  1.55028069e-04  1.20000000e+00 
 1.55042813e-04  1.30731666e+00  1.55042813e-04  6.79965110e-01  1.55042813e-04  1.89820638e-06  1.55042813e-04  2.61585039e-08  1.55042813e-04  1.99773321e-07  1.55042813e-04  0.00000000e+00  1.55042813e-04  1.20000000e+00 
 1.55057804e-04  1.30667857e+00  1.55057804e-04  6.80125963e-01  1.55057804e-04  1.89213789e-06  1.55057804e-04 -2.50700892e-08  1.55057804e-04  7.23906854e-07  1.55057804e-04  0.00000000e+00  1.55057804e-04  1.20000000e+00 
 1.55087788e-04  1.30541262e+00  1.55087788e-04  6.80005045e-01  1.55087788e-04  1.89814181e-06  1.55087788e-04  2.46263042e-08  1.55087788e-04  2.06052358e-07  1.55087788e-04  0.00000000e+00  1.55087788e-04  1.20000000e+00 
 1.55147754e-04  1.30288064e+00  1.55147754e-04  6.80112345e-01  1.55147754e-04  1.89217214e-06  1.55147754e-04 -2.43657163e-08  1.55147754e-04  7.20964248e-07  1.55147754e-04  0.00000000e+00  1.55147754e-04  1.20000000e+00 
 1.55247754e-04  1.29866639e+00  1.55247754e-04  6.80008193e-01  1.55247754e-04  1.89812348e-06  1.55247754e-04  2.42618233e-08  1.55247754e-04  2.07473682e-07  1.55247754e-04  0.00000000e+00  1.55247754e-04  1.20000000e+00 
 1.55347754e-04  1.29444780e+00  1.55347754e-04  6.80109955e-01  1.55347754e-04  1.89218586e-06  1.55347754e-04 -2.40861465e-08  1.55347754e-04  7.19888463e-07  1.55347754e-04  0.00000000e+00  1.55347754e-04  1.20000000e+00 
 1.55447754e-04  1.29023441e+00  1.55447754e-04  6.80008000e-01  1.55447754e-04  1.89810978e-06  1.55447754e-04  2.39801705e-08  1.55447754e-04  2.08473163e-07  1.55447754e-04  0.00000000e+00  1.55447754e-04  1.20000000e+00 
 1.55547754e-04  1.28601645e+00  1.55547754e-04  6.80110110e-01  1.55547754e-04  1.89219952e-06  1.55547754e-04 -2.38012463e-08  1.55547754e-04  7.18869750e-07  1.55547754e-04  0.00000000e+00  1.55547754e-04  1.20000000e+00 
 1.55647754e-04  1.28180384e+00  1.55647754e-04  6.80006526e-01  1.55647754e-04  1.89809618e-06  1.55647754e-04  2.36980335e-08  1.55647754e-04  2.09421347e-07  1.55647754e-04  0.00000000e+00  1.55647754e-04  1.20000000e+00 
 1.55747754e-04  1.27758633e+00  1.55747754e-04  6.80111511e-01  1.55747754e-04  1.89221305e-06  1.55747754e-04 -2.35210212e-08  1.55747754e-04  7.17902386e-07  1.55747754e-04  0.00000000e+00  1.55747754e-04  1.20000000e+00 
 1.55847754e-04  1.27337438e+00  1.55847754e-04  6.80004477e-01  1.55847754e-04  1.89808273e-06  1.55847754e-04  2.34240615e-08  1.55847754e-04  2.10320125e-07  1.55847754e-04  0.00000000e+00  1.55847754e-04  1.20000000e+00 
 1.55947754e-04  1.26915721e+00  1.55947754e-04  6.80113389e-01  1.55947754e-04  1.89222641e-06  1.55947754e-04 -2.32525731e-08  1.55947754e-04  7.16984231e-07  1.55947754e-04  0.00000000e+00  1.55947754e-04  1.20000000e+00 
 1.56047754e-04  1.26494582e+00  1.56047754e-04  6.80002386e-01  1.56047754e-04  1.89806945e-06  1.56047754e-04  2.31641386e-08  1.56047754e-04  2.11171646e-07  1.56047754e-04  0.00000000e+00  1.56047754e-04  1.20000000e+00 
 1.56147754e-04  1.26072893e+00  1.56147754e-04  6.80115234e-01  1.56147754e-04  1.89223960e-06  1.56147754e-04 -2.30004719e-08  1.56147754e-04  7.16113018e-07  1.56147754e-04  0.00000000e+00  1.56147754e-04  1.20000000e+00 
 1.56247754e-04  1.25651802e+00  1.56247754e-04  6.80000600e-01  1.56247754e-04  1.89805635e-06  1.56247754e-04  2.29218376e-08  1.56247754e-04  2.11978151e-07  1.56247754e-04  0.00000000e+00  1.56247754e-04  1.20000000e+00 
 1.56347754e-04  1.25230134e+00  1.56347754e-04  6.80116740e-01  1.56347754e-04  1.89225259e-06  1.56347754e-04 -2.27672674e-08  1.56347754e-04  7.15286461e-07  1.56347754e-04  0.00000000e+00  1.56347754e-04  1.20000000e+00 
 1.56447754e-04  1.24809086e+00  1.56447754e-04  6.79999320e-01  1.56447754e-04  1.89804346e-06  1.56447754e-04  2.26989522e-08  1.56447754e-04  2.12741869e-07  1.56447754e-04  0.00000000e+00  1.56447754e-04  1.20000000e+00 
 1.56547754e-04  1.24387437e+00  1.56547754e-04  6.80117738e-01  1.56547754e-04  1.89226538e-06  1.56547754e-04 -2.25539986e-08  1.56547754e-04  7.14502334e-07  1.56547754e-04  0.00000000e+00  1.56547754e-04  1.20000000e+00 
 1.56647754e-04  1.23966428e+00  1.56647754e-04  6.79998644e-01  1.56647754e-04  1.89803077e-06  1.56647754e-04  2.24959810e-08  1.56647754e-04  2.13464950e-07  1.56647754e-04  0.00000000e+00  1.56647754e-04  1.20000000e+00 
 1.56747754e-04  1.23544795e+00  1.56747754e-04  6.80118158e-01  1.56747754e-04  1.89227798e-06  1.56747754e-04 -2.23606331e-08  1.56747754e-04  7.13758514e-07  1.56747754e-04  0.00000000e+00  1.56747754e-04  1.20000000e+00 
 1.56847754e-04  1.23123820e+00  1.56847754e-04  6.79998597e-01  1.56847754e-04  1.89801827e-06  1.56847754e-04  2.23125261e-08  1.56847754e-04  2.14149432e-07  1.56847754e-04  0.00000000e+00  1.56847754e-04  1.20000000e+00 
 1.56947754e-04  1.22702201e+00  1.56947754e-04  6.80117995e-01  1.56947754e-04  1.89229039e-06  1.56947754e-04 -2.21864190e-08  1.56947754e-04  7.13053003e-07  1.56947754e-04  0.00000000e+00  1.56947754e-04  1.20000000e+00 
 1.57047754e-04  1.22281258e+00  1.57047754e-04  6.79999155e-01  1.57047754e-04  1.89800595e-06  1.57047754e-04  2.21476057e-08  1.57047754e-04  2.14797220e-07  1.57047754e-04  0.00000000e+00  1.57047754e-04  1.20000000e+00 
 1.57147754e-04  1.21859651e+00  1.57147754e-04  6.80117282e-01  1.57147754e-04  1.89230262e-06  1.57147754e-04 -2.20301537e-08  1.57147754e-04  7.12383941e-07  1.57147754e-04  0.00000000e+00  1.57147754e-04  1.20000000e+00 
 1.57247754e-04  1.21438783e+00  1.57247754e-04  6.79999439e-01  1.57247754e-04  1.89799380e-06  1.57247754e-04  2.20000764e-08  1.57247754e-04  2.15335190e-07  1.57247754e-04  0.00000000e+00  1.57247754e-04  1.20000000e+00 
 1.57347754e-04  1.21017168e+00  1.57347754e-04  6.80117742e-01  1.57347754e-04  1.89231467e-06  1.57347754e-04 -2.18911311e-08  1.57347754e-04  7.11810024e-07  1.57347754e-04  0.00000000e+00  1.57347754e-04  1.20000000e+00 
 1.57447754e-04  1.20596325e+00  1.57447754e-04  6.79999665e-01  1.57447754e-04  1.89798183e-06  1.57447754e-04  2.18694513e-08  1.57447754e-04  2.15860388e-07  1.57447754e-04  0.00000000e+00  1.57447754e-04  1.20000000e+00 
 1.57547754e-04  1.20174721e+00  1.57547754e-04  6.80117271e-01  1.57547754e-04  1.89232655e-06  1.57547754e-04 -2.17681954e-08  1.57547754e-04  7.11264102e-07  1.57547754e-04  0.00000000e+00  1.57547754e-04  1.20000000e+00 
 1.57647754e-04  1.19753902e+00  1.57647754e-04  6.80000689e-01  1.57647754e-04  1.89797003e-06  1.57647754e-04  2.17538321e-08  1.57647754e-04  2.16356965e-07  1.57647754e-04  0.00000000e+00  1.57647754e-04  1.20000000e+00 
 1.57747754e-04  1.19332310e+00  1.57747754e-04  6.80116135e-01  1.57747754e-04  1.89233828e-06  1.57747754e-04 -2.16592867e-08  1.57747754e-04  7.10746570e-07  1.57747754e-04  0.00000000e+00  1.57747754e-04  1.20000000e+00 
 1.57847754e-04  1.18911514e+00  1.57847754e-04  6.80002316e-01  1.57847754e-04  1.89795837e-06  1.57847754e-04  2.16512758e-08  1.57847754e-04  2.16826281e-07  1.57847754e-04  0.00000000e+00  1.57847754e-04  1.20000000e+00 
 1.57947754e-04  1.18489933e+00  1.57947754e-04  6.80114506e-01  1.57947754e-04  1.89234987e-06  1.57947754e-04 -2.15625538e-08  1.57947754e-04  7.10256071e-07  1.57947754e-04  0.00000000e+00  1.57947754e-04  1.20000000e+00 
 1.58047754e-04  1.18069160e+00  1.58047754e-04  6.80004386e-01  1.58047754e-04  1.89794685e-06  1.58047754e-04  2.15600324e-08  1.58047754e-04  2.17269593e-07  1.58047754e-04  0.00000000e+00  1.58047754e-04  1.20000000e+00 
 1.58147754e-04  1.17647591e+00  1.58147754e-04  6.80112536e-01  1.58147754e-04  1.89236133e-06  1.58147754e-04 -2.14763399e-08  1.58147754e-04  7.09791412e-07  1.58147754e-04  0.00000000e+00  1.58147754e-04  1.20000000e+00 
 1.58247754e-04  1.17226839e+00  1.58247754e-04  6.80006761e-01  1.58247754e-04  1.89793545e-06  1.58247754e-04  2.14785444e-08  1.58247754e-04  2.17688022e-07  1.58247754e-04  0.00000000e+00  1.58247754e-04  1.20000000e+00 
 1.58347754e-04  1.16805281e+00  1.58347754e-04  6.80110350e-01  1.58347754e-04  1.89237267e-06  1.58347754e-04 -2.13991799e-08  1.58347754e-04  7.09351519e-07  1.58347754e-04  0.00000000e+00  1.58347754e-04  1.20000000e+00 
 1.58447754e-04  1.16384550e+00  1.58447754e-04  6.80009322e-01  1.58447754e-04  1.89792416e-06  1.58447754e-04  2.14054416e-08  1.58447754e-04  2.18082576e-07  1.58447754e-04  0.00000000e+00  1.58447754e-04  1.20000000e+00 
 1.58547754e-04  1.15963003e+00  1.58547754e-04  6.80108061e-01  1.58547754e-04  1.89238391e-06  1.58547754e-04 -2.13297925e-08  1.58547754e-04  7.08935424e-07  1.58547754e-04  0.00000000e+00  1.58547754e-04  1.20000000e+00 
 1.58647754e-04  1.15542292e+00  1.58647754e-04  6.80011970e-01  1.58647754e-04  1.89791296e-06  1.58647754e-04  2.13395325e-08  1.58647754e-04  2.18454170e-07  1.58647754e-04  0.00000000e+00  1.58647754e-04  1.20000000e+00 
 1.58747754e-04  1.15120757e+00  1.58747754e-04  6.80105761e-01  1.58747754e-04  1.89239507e-06  1.58747754e-04 -2.12670693e-08  1.58747754e-04  7.08542242e-07  1.58747754e-04  0.00000000e+00  1.58747754e-04  1.20000000e+00 
 1.58847754e-04  1.14700066e+00  1.58847754e-04  6.80014621e-01  1.58847754e-04  1.89790185e-06  1.58847754e-04  2.12797908e-08  1.58847754e-04  2.18803641e-07  1.58847754e-04  0.00000000e+00  1.58847754e-04  1.20000000e+00 
 1.58947754e-04  1.14278542e+00  1.58947754e-04  6.80103528e-01  1.58947754e-04  1.89240613e-06  1.58947754e-04 -2.12100613e-08  1.58947754e-04  7.08171156e-07  1.58947754e-04  0.00000000e+00  1.58947754e-04  1.20000000e+00 
 1.59047754e-04  1.13857870e+00  1.59047754e-04  6.80017207e-01  1.59047754e-04  1.89789083e-06  1.59047754e-04  2.12253428e-08  1.59047754e-04  2.19131768e-07  1.59047754e-04  0.00000000e+00  1.59047754e-04  1.20000000e+00 
 1.59147754e-04  1.13436358e+00  1.59147754e-04  6.80101425e-01  1.59147754e-04  1.89241712e-06  1.59147754e-04 -2.11579644e-08  1.59147754e-04  7.07821402e-07  1.59147754e-04  0.00000000e+00  1.59147754e-04  1.20000000e+00 
 1.59247754e-04  1.13015704e+00  1.59247754e-04  6.80019673e-01  1.59247754e-04  1.89787988e-06  1.59247754e-04  2.11754514e-08  1.59247754e-04  2.19439279e-07  1.59247754e-04  0.00000000e+00  1.59247754e-04  1.20000000e+00 
 1.59347754e-04  1.12594204e+00  1.59347754e-04  6.80099503e-01  1.59347754e-04  1.89242802e-06  1.59347754e-04 -2.11101041e-08  1.59347754e-04  7.07492262e-07  1.59347754e-04  0.00000000e+00  1.59347754e-04  1.20000000e+00 
 1.59447754e-04  1.12173569e+00  1.59447754e-04  6.80021978e-01  1.59447754e-04  1.89786901e-06  1.59447754e-04  2.11295018e-08  1.59447754e-04  2.19726865e-07  1.59447754e-04  0.00000000e+00  1.59447754e-04  1.20000000e+00 
 1.59547754e-04  1.11752081e+00  1.59547754e-04  6.80097801e-01  1.59547754e-04  1.89243885e-06  1.59547754e-04 -2.10659205e-08  1.59547754e-04  7.07183051e-07  1.59547754e-04  0.00000000e+00  1.59547754e-04  1.20000000e+00 
 1.59647754e-04  1.11331464e+00  1.59647754e-04  6.80024090e-01  1.59647754e-04  1.89785822e-06  1.59647754e-04  2.10869862e-08  1.59647754e-04  2.19995188e-07  1.59647754e-04  0.00000000e+00  1.59647754e-04  1.20000000e+00 
 1.59747754e-04  1.10909988e+00  1.59747754e-04  6.80096345e-01  1.59747754e-04  1.89244961e-06  1.59747754e-04 -2.10249540e-08  1.59747754e-04  7.06893109e-07  1.59747754e-04  0.00000000e+00  1.59747754e-04  1.20000000e+00 
 1.59847754e-04  1.10489389e+00  1.59847754e-04  6.80025991e-01  1.59847754e-04  1.89784750e-06  1.59847754e-04  2.10474900e-08  1.59847754e-04  2.20244885e-07  1.59847754e-04  0.00000000e+00  1.59847754e-04  1.20000000e+00 
 1.59947754e-04  1.10067926e+00  1.59947754e-04  6.80095155e-01  1.59947754e-04  1.89246029e-06  1.59947754e-04 -2.09868311e-08  1.59947754e-04  7.06621798e-07  1.59947754e-04  0.00000000e+00  1.59947754e-04  1.20000000e+00 
 1.60047754e-04  1.09647344e+00  1.60047754e-04  6.80027668e-01  1.60047754e-04  1.89783686e-06  1.60047754e-04  2.10106781e-08  1.60047754e-04  2.20476577e-07  1.60047754e-04  0.00000000e+00  1.60047754e-04  1.20000000e+00 
 1.60147754e-04  1.09225895e+00  1.60147754e-04  6.80094239e-01  1.60147754e-04  1.89247089e-06  1.60147754e-04 -2.09512519e-08  1.60147754e-04  7.06368494e-07  1.60147754e-04  0.00000000e+00  1.60147754e-04  1.20000000e+00 
 1.60247754e-04  1.08805330e+00  1.60247754e-04  6.80029118e-01  1.60247754e-04  1.89782630e-06  1.60247754e-04  2.09762830e-08  1.60247754e-04  2.20690873e-07  1.60247754e-04  0.00000000e+00  1.60247754e-04  1.20000000e+00 
 1.60347754e-04  1.08383894e+00  1.60347754e-04  6.80093601e-01  1.60347754e-04  1.89248140e-06  1.60347754e-04 -2.09179778e-08  1.60347754e-04  7.06132585e-07  1.60347754e-04  0.00000000e+00  1.60347754e-04  1.20000000e+00 
 1.60447754e-04  1.07963347e+00  1.60447754e-04  6.80030344e-01  1.60447754e-04  1.89781582e-06  1.60447754e-04  2.09440930e-08  1.60447754e-04  2.20888369e-07  1.60447754e-04  0.00000000e+00  1.60447754e-04  1.20000000e+00 
 1.60547754e-04  1.07541924e+00  1.60547754e-04  6.80093237e-01  1.60547754e-04  1.89249184e-06  1.60547754e-04 -2.08868219e-08  1.60547754e-04  7.05913472e-07  1.60547754e-04  0.00000000e+00  1.60547754e-04  1.20000000e+00 
 1.60647754e-04  1.07121394e+00  1.60647754e-04  6.80031354e-01  1.60647754e-04  1.89780544e-06  1.60647754e-04  2.09139433e-08  1.60647754e-04  2.21069655e-07  1.60647754e-04  0.00000000e+00  1.60647754e-04  1.20000000e+00 
 1.60747754e-04  1.06699986e+00  1.60747754e-04  6.80093139e-01  1.60747754e-04  1.89250218e-06  1.60747754e-04 -2.08576386e-08  1.60747754e-04  7.05710560e-07  1.60747754e-04  0.00000000e+00  1.60747754e-04  1.20000000e+00 
 1.60847754e-04  1.06279473e+00  1.60847754e-04  6.80032160e-01  1.60847754e-04  1.89779514e-06  1.60847754e-04  2.08857063e-08  1.60847754e-04  2.21235310e-07  1.60847754e-04  0.00000000e+00  1.60847754e-04  1.20000000e+00 
 1.60947754e-04  1.05858080e+00  1.60947754e-04  6.80093296e-01  1.60947754e-04  1.89251244e-06  1.60947754e-04 -2.08303165e-08  1.60947754e-04  7.05523265e-07  1.60947754e-04  0.00000000e+00  1.60947754e-04  1.20000000e+00 
 1.61047754e-04  1.05437584e+00  1.61047754e-04  6.80032776e-01  1.61047754e-04  1.89778493e-06  1.61047754e-04  2.08592846e-08  1.61047754e-04  2.21385910e-07  1.61047754e-04  0.00000000e+00  1.61047754e-04  1.20000000e+00 
 1.61147754e-04  1.05016205e+00  1.61147754e-04  6.80093692e-01  1.61147754e-04  1.89252259e-06  1.61147754e-04 -2.08047705e-08  1.61147754e-04  7.05351006e-07  1.61147754e-04  0.00000000e+00  1.61147754e-04  1.20000000e+00 
 1.61247754e-04  1.04595725e+00  1.61247754e-04  6.80033219e-01  1.61247754e-04  1.89777483e-06  1.61247754e-04  2.08346045e-08  1.61247754e-04  2.21522021e-07  1.61247754e-04  0.00000000e+00  1.61247754e-04  1.20000000e+00 
 1.61347754e-04  1.04174362e+00  1.61347754e-04  6.80094311e-01  1.61347754e-04  1.89253265e-06  1.61347754e-04 -2.07809367e-08  1.61347754e-04  7.05193217e-07  1.61347754e-04  0.00000000e+00  1.61347754e-04  1.20000000e+00 
 1.61447754e-04  1.03753899e+00  1.61447754e-04  6.80033506e-01  1.61447754e-04  1.89776482e-06  1.61447754e-04  2.08116105e-08  1.61447754e-04  2.21644202e-07  1.61447754e-04  0.00000000e+00  1.61447754e-04  1.20000000e+00 
 1.61547754e-04  1.03332550e+00  1.61547754e-04  6.80095133e-01  1.61547754e-04  1.89254260e-06  1.61547754e-04 -2.07587663e-08  1.61547754e-04  7.05049332e-07  1.61547754e-04  0.00000000e+00  1.61547754e-04  1.20000000e+00 
 1.61647754e-04  1.02912103e+00  1.61647754e-04  6.80033655e-01  1.61647754e-04  1.89775492e-06  1.61647754e-04  2.07902601e-08  1.61647754e-04  2.21753004e-07  1.61647754e-04  0.00000000e+00  1.61647754e-04  1.20000000e+00 
 1.61747754e-04  1.02490769e+00  1.61747754e-04  6.80096138e-01  1.61747754e-04  1.89255245e-06  1.61747754e-04 -2.07382222e-08  1.61747754e-04  7.04918799e-07  1.61747754e-04  0.00000000e+00  1.61747754e-04  1.20000000e+00 
 1.61847754e-04  1.02070338e+00  1.61847754e-04  6.80033683e-01  1.61847754e-04  1.89774512e-06  1.61847754e-04  2.07705204e-08  1.61847754e-04  2.21848966e-07  1.61847754e-04  0.00000000e+00  1.61847754e-04  1.20000000e+00 
 1.61947754e-04  1.01649019e+00  1.61947754e-04  6.80097304e-01  1.61947754e-04  1.89256219e-06  1.61947754e-04 -2.07192743e-08  1.61947754e-04  7.04801072e-07  1.61947754e-04  0.00000000e+00  1.61947754e-04  1.20000000e+00 
 1.62047754e-04  1.01228602e+00  1.62047754e-04  6.80033607e-01  1.62047754e-04  1.89773544e-06  1.62047754e-04  2.07523640e-08  1.62047754e-04  2.21932623e-07  1.62047754e-04  0.00000000e+00  1.62047754e-04  1.20000000e+00 
 1.62147754e-04  1.00807298e+00  1.62147754e-04  6.80098607e-01  1.62147754e-04  1.89257182e-06  1.62147754e-04 -2.07018969e-08  1.62147754e-04  7.04695615e-07  1.62147754e-04  0.00000000e+00  1.62147754e-04  1.20000000e+00 
 1.62247754e-04  1.00386894e+00  1.62247754e-04  6.80033439e-01  1.62247754e-04  1.89772587e-06  1.62247754e-04  2.07357665e-08  1.62247754e-04  2.22004493e-07  1.62247754e-04  0.00000000e+00  1.62247754e-04  1.20000000e+00 
 1.62347754e-04  9.99656041e-01  1.62347754e-04  6.80100026e-01  1.62347754e-04  1.89258134e-06  1.62347754e-04 -2.06860659e-08  1.62347754e-04  7.04601900e-07  1.62347754e-04  0.00000000e+00  1.62347754e-04  1.20000000e+00 
 1.62447754e-04  9.95452141e-01  1.62447754e-04  6.80033192e-01  1.62447754e-04  1.89771641e-06  1.62447754e-04  2.07207038e-08  1.62447754e-04  2.22065089e-07  1.62447754e-04  0.00000000e+00  1.62447754e-04  1.20000000e+00 
 1.62547754e-04  9.91239371e-01  1.62547754e-04  6.80101533e-01  1.62547754e-04  1.89259074e-06  1.62547754e-04 -2.06717563e-08  1.62547754e-04  7.04519403e-07  1.62547754e-04  0.00000000e+00  1.62547754e-04  1.20000000e+00 
 1.62647754e-04  9.87035594e-01  1.62647754e-04  6.80032874e-01  1.62647754e-04  1.89770707e-06  1.62647754e-04  2.07071500e-08  1.62647754e-04  2.22114912e-07  1.62647754e-04  0.00000000e+00  1.62647754e-04  1.20000000e+00 
 1.62747754e-04  9.82822952e-01  1.62747754e-04  6.80103103e-01  1.62747754e-04  1.89260002e-06  1.62747754e-04 -2.06589404e-08  1.62747754e-04  7.04447605e-07  1.62747754e-04  0.00000000e+00  1.62747754e-04  1.20000000e+00 
 1.62847754e-04  9.78619289e-01  1.62847754e-04  6.80032493e-01  1.62847754e-04  1.89769784e-06  1.62847754e-04  2.06950758e-08  1.62847754e-04  2.22154456e-07  1.62847754e-04  0.00000000e+00  1.62847754e-04  1.20000000e+00 
 1.62947754e-04  9.74406769e-01  1.62947754e-04  6.80104711e-01  1.62947754e-04  1.89260919e-06  1.62947754e-04 -2.06475865e-08  1.62947754e-04  7.04385984e-07  1.62947754e-04  0.00000000e+00  1.62947754e-04  1.20000000e+00 
 1.63047754e-04  9.70203213e-01  1.63047754e-04  6.80032053e-01  1.63047754e-04  1.89768873e-06  1.63047754e-04  2.06844469e-08  1.63047754e-04  2.22184217e-07  1.63047754e-04  0.00000000e+00  1.63047754e-04  1.20000000e+00 
 1.63147754e-04  9.65990810e-01  1.63147754e-04  6.80106330e-01  1.63147754e-04  1.89261823e-06  1.63147754e-04 -2.06376573e-08  1.63147754e-04  7.04334006e-07  1.63147754e-04  0.00000000e+00  1.63147754e-04  1.20000000e+00 
 1.63247754e-04  9.61787351e-01  1.63247754e-04  6.80031557e-01  1.63247754e-04  1.89767975e-06  1.63247754e-04  2.06752232e-08  1.63247754e-04  2.22204693e-07  1.63247754e-04  0.00000000e+00  1.63247754e-04  1.20000000e+00 
 1.63347754e-04  9.57575061e-01  1.63347754e-04  6.80107936e-01  1.63347754e-04  1.89262716e-06  1.63347754e-04 -2.06291098e-08  1.63347754e-04  7.04291109e-07  1.63347754e-04  0.00000000e+00  1.63347754e-04  1.20000000e+00 
 1.63447754e-04  9.53371694e-01  1.63447754e-04  6.80031010e-01  1.63447754e-04  1.89767088e-06  1.63447754e-04  2.06673581e-08  1.63447754e-04  2.22216399e-07  1.63447754e-04  0.00000000e+00  1.63447754e-04  1.20000000e+00 
 1.63547754e-04  9.49159514e-01  1.63547754e-04  6.80109505e-01  1.63547754e-04  1.89263597e-06  1.63547754e-04 -2.06218939e-08  1.63547754e-04  7.04256681e-07  1.63547754e-04  0.00000000e+00  1.63547754e-04  1.20000000e+00 
 1.63647754e-04  9.44956231e-01  1.63647754e-04  6.80030417e-01  1.63647754e-04  1.89766213e-06  1.63647754e-04  2.06607973e-08  1.63647754e-04  2.22219891e-07  1.63647754e-04  0.00000000e+00  1.63647754e-04  1.20000000e+00 
 1.63747754e-04  9.40744161e-01  1.63747754e-04  6.80111018e-01  1.63747754e-04  1.89264466e-06  1.63747754e-04 -2.06159516e-08  1.63747754e-04  7.04230020e-07  1.63747754e-04  0.00000000e+00  1.63747754e-04  1.20000000e+00 
 1.63847754e-04  9.36540957e-01  1.63847754e-04  6.80029786e-01  1.63847754e-04  1.89765350e-06  1.63847754e-04  2.06554783e-08  1.63847754e-04  2.22215786e-07  1.63847754e-04  0.00000000e+00  1.63847754e-04  1.20000000e+00 
 1.63947754e-04  9.32328999e-01  1.63947754e-04  6.80112454e-01  1.63947754e-04  1.89265323e-06  1.63947754e-04 -2.06112159e-08  1.63947754e-04  7.04210284e-07  1.63947754e-04  0.00000000e+00  1.63947754e-04  1.20000000e+00 
 1.64047754e-04  9.28125869e-01  1.64047754e-04  6.80029133e-01  1.64047754e-04  1.89764498e-06  1.64047754e-04  2.06513284e-08  1.64047754e-04  2.22204809e-07  1.64047754e-04  0.00000000e+00  1.64047754e-04  1.20000000e+00 
 1.64147754e-04  9.23914027e-01  1.64147754e-04  6.80113793e-01  1.64147754e-04  1.89266169e-06  1.64147754e-04 -2.06076089e-08  1.64147754e-04  7.04196405e-07  1.64147754e-04  0.00000000e+00  1.64147754e-04  1.20000000e+00 
 1.64247754e-04  9.19710969e-01  1.64247754e-04  6.80028477e-01  1.64247754e-04  1.89763658e-06  1.64247754e-04  2.06482632e-08  1.64247754e-04  2.22187848e-07  1.64247754e-04  0.00000000e+00  1.64247754e-04  1.20000000e+00 
 1.64347754e-04  9.15499255e-01  1.64347754e-04  6.80115016e-01  1.64347754e-04  1.89267003e-06  1.64347754e-04 -2.06050389e-08  1.64347754e-04  7.04186991e-07  1.64347754e-04  0.00000000e+00  1.64347754e-04  1.20000000e+00 
 1.64447754e-04  9.11296267e-01  1.64447754e-04  6.80027847e-01  1.64447754e-04  1.89762830e-06  1.64447754e-04  2.06461823e-08  1.64447754e-04  2.22166024e-07  1.64447754e-04  0.00000000e+00  1.64447754e-04  1.20000000e+00 
 1.64547754e-04  9.07084698e-01  1.64547754e-04  6.80116095e-01  1.64547754e-04  1.89267826e-06  1.64547754e-04 -2.06033963e-08  1.64547754e-04  7.04180191e-07  1.64547754e-04  0.00000000e+00  1.64547754e-04  1.20000000e+00 
 1.64647754e-04  9.02881781e-01  1.64647754e-04  6.80027279e-01  1.64647754e-04  1.89762012e-06  1.64647754e-04  2.06449651e-08  1.64647754e-04  2.22140778e-07  1.64647754e-04  0.00000000e+00  1.64647754e-04  1.20000000e+00 
 1.64747754e-04  8.98670383e-01  1.64747754e-04  6.80116996e-01  1.64747754e-04  1.89268638e-06  1.64747754e-04 -2.06025484e-08  1.64747754e-04  7.04173559e-07  1.64747754e-04  0.00000000e+00  1.64747754e-04  1.20000000e+00 
 1.64847754e-04  8.94467542e-01  1.64847754e-04  6.80026821e-01  1.64847754e-04  1.89761206e-06  1.64847754e-04  2.06444653e-08  1.64847754e-04  2.22113940e-07  1.64847754e-04  0.00000000e+00  1.64847754e-04  1.20000000e+00 
 1.64947754e-04  8.90256351e-01  1.64947754e-04  6.80117676e-01  1.64947754e-04  1.89269440e-06  1.64947754e-04 -2.06023337e-08  1.64947754e-04  7.04163937e-07  1.64947754e-04  0.00000000e+00  1.64947754e-04  1.20000000e+00 
 1.65047754e-04  8.86053595e-01  1.65047754e-04  6.80026530e-01  1.65047754e-04  1.89760409e-06  1.65047754e-04  2.06445046e-08  1.65047754e-04  2.22087795e-07  1.65047754e-04  0.00000000e+00  1.65047754e-04  1.20000000e+00 
 1.65147754e-04  8.81842661e-01  1.65147754e-04  6.80118082e-01  1.65147754e-04  1.89270231e-06  1.65147754e-04 -2.06025557e-08  1.65147754e-04  7.04147375e-07  1.65147754e-04  0.00000000e+00  1.65147754e-04  1.20000000e+00 
 1.65247754e-04  8.77640006e-01  1.65247754e-04  6.80026471e-01  1.65247754e-04  1.89759623e-06  1.65247754e-04  2.06448673e-08  1.65247754e-04  2.22065090e-07  1.65247754e-04  0.00000000e+00  1.65247754e-04  1.20000000e+00 
 1.65347754e-04  8.73429392e-01  1.65347754e-04  6.80118152e-01  1.65347754e-04  1.89271012e-06  1.65347754e-04 -2.06029785e-08  1.65347754e-04  7.04119135e-07  1.65347754e-04  0.00000000e+00  1.65347754e-04  1.20000000e+00 
 1.65447754e-04  8.69226861e-01  1.65447754e-04  6.80026714e-01  1.65447754e-04  1.89758846e-06  1.65447754e-04  2.06452970e-08  1.65447754e-04  2.22049008e-07  1.65447754e-04  0.00000000e+00  1.65447754e-04  1.20000000e+00 
 1.65547754e-04  8.65016644e-01  1.65547754e-04  6.80117817e-01  1.65547754e-04  1.89271785e-06  1.65547754e-04 -2.06033250e-08  1.65547754e-04  7.04073767e-07  1.65547754e-04  0.00000000e+00  1.65547754e-04  1.20000000e+00 
 1.65647754e-04  8.60814271e-01  1.65647754e-04  6.80027335e-01  1.65647754e-04  1.89758077e-06  1.65647754e-04  2.06454963e-08  1.65647754e-04  2.22043097e-07  1.65647754e-04  0.00000000e+00  1.65647754e-04  1.20000000e+00 
 1.65747754e-04  8.56604542e-01  1.65747754e-04  6.80117009e-01  1.65747754e-04  1.89272550e-06  1.65747754e-04 -2.06032779e-08  1.65747754e-04  7.04005259e-07  1.65747754e-04  0.00000000e+00  1.65747754e-04  1.20000000e+00 
 1.65847754e-04  8.52402372e-01  1.65847754e-04  6.80028404e-01  1.65847754e-04  1.89757316e-06  1.65847754e-04  2.06451296e-08  1.65847754e-04  2.22051176e-07  1.65847754e-04  0.00000000e+00  1.65847754e-04  1.20000000e+00 
 1.65947754e-04  8.48193234e-01  1.65947754e-04  6.80115662e-01  1.65947754e-04  1.89273308e-06  1.65947754e-04 -2.06024850e-08  1.65947754e-04  7.03907261e-07  1.65947754e-04  0.00000000e+00  1.65947754e-04  1.20000000e+00 
 1.66047754e-04  8.43991324e-01  1.66047754e-04  6.80029988e-01  1.66047754e-04  1.89756561e-06  1.66047754e-04  2.06438301e-08  1.66047754e-04  2.22077201e-07  1.66047754e-04  0.00000000e+00  1.66047754e-04  1.20000000e+00 
 1.66147754e-04  8.39782893e-01  1.66147754e-04  6.80113721e-01  1.66147754e-04  1.89274060e-06  1.66147754e-04 -2.06005682e-08  1.66147754e-04  7.03773397e-07  1.66147754e-04  0.00000000e+00  1.66147754e-04  1.20000000e+00 
 1.66247754e-04  8.35581309e-01  1.66247754e-04  6.80032139e-01  1.66247754e-04  1.89755812e-06  1.66247754e-04  2.06412114e-08  1.66247754e-04  2.22125082e-07  1.66247754e-04  0.00000000e+00  1.66247754e-04  1.20000000e+00 
 1.66347754e-04  8.31373707e-01  1.66347754e-04  6.80111147e-01  1.66347754e-04  1.89274808e-06  1.66347754e-04 -2.05971362e-08  1.66347754e-04  7.03597679e-07  1.66347754e-04  0.00000000e+00  1.66347754e-04  1.20000000e+00 
 1.66447754e-04  8.27172528e-01  1.66447754e-04  6.80034893e-01  1.66447754e-04  1.89755065e-06  1.66447754e-04  2.06368823e-08  1.66447754e-04  2.22198437e-07  1.66447754e-04  0.00000000e+00  1.66447754e-04  1.20000000e+00 
 1.66547754e-04  8.22965882e-01  1.66547754e-04  6.80107926e-01  1.66547754e-04  1.89275553e-06  1.66547754e-04 -2.05918041e-08  1.66547754e-04  7.03375015e-07  1.66547754e-04  0.00000000e+00  1.66547754e-04  1.20000000e+00 
 1.66647754e-04  8.18765194e-01  1.66647754e-04  6.80038257e-01  1.66647754e-04  1.89754321e-06  1.66647754e-04  2.06304692e-08  1.66647754e-04  2.22300272e-07  1.66647754e-04  0.00000000e+00  1.66647754e-04  1.20000000e+00 
 1.66747754e-04  8.14559628e-01  1.66747754e-04  6.80104079e-01  1.66747754e-04  1.89276296e-06  1.66747754e-04 -2.05842163e-08  1.66747754e-04  7.03101714e-07  1.66747754e-04  0.00000000e+00  1.66747754e-04  1.20000000e+00 
 1.66847754e-04  8.10359524e-01  1.66847754e-04  6.80042208e-01  1.66847754e-04  1.89753578e-06  1.66847754e-04  2.06216412e-08  1.66847754e-04  2.22432664e-07  1.66847754e-04  0.00000000e+00  1.66847754e-04  1.20000000e+00 
 1.66947754e-04  8.06155154e-01  1.66947754e-04  6.80099658e-01  1.66947754e-04  1.89277040e-06  1.66947754e-04 -2.05740730e-08  1.66947754e-04  7.02775879e-07  1.66947754e-04  0.00000000e+00  1.66947754e-04  1.20000000e+00 
 1.67047754e-04  8.01955730e-01  1.67047754e-04  6.80046683e-01  1.67047754e-04  1.89752833e-06  1.67047754e-04  2.06101362e-08  1.67047754e-04  2.22596520e-07  1.67047754e-04  0.00000000e+00  1.67047754e-04  1.20000000e+00 
 1.67147754e-04  7.97752659e-01  1.67147754e-04  6.80094753e-01  1.67147754e-04  1.89277786e-06  1.67147754e-04 -2.05611558e-08  1.67147754e-04  7.02397564e-07  1.67147754e-04  0.00000000e+00  1.67147754e-04  1.20000000e+00 
 1.67247754e-04  7.93554015e-01  1.67247754e-04  6.80051592e-01  1.67247754e-04  1.89752086e-06  1.67247754e-04  2.05957842e-08  1.67247754e-04  2.22791487e-07  1.67247754e-04  0.00000000e+00  1.67247754e-04  1.20000000e+00 
 1.67347754e-04  7.89352330e-01  1.67347754e-04  6.80089477e-01  1.67347754e-04  1.89278535e-06  1.67347754e-04 -2.05453462e-08  1.67347754e-04  7.01968663e-07  1.67347754e-04  0.00000000e+00  1.67347754e-04  1.20000000e+00 
 1.67447754e-04  7.85154562e-01  1.67447754e-04  6.80056819e-01  1.67447754e-04  1.89751335e-06  1.67447754e-04  2.05785209e-08  1.67447754e-04  2.23016038e-07  1.67447754e-04  0.00000000e+00  1.67447754e-04  1.20000000e+00 
 1.67547754e-04  7.80954336e-01  1.67547754e-04  6.80083960e-01  1.67547754e-04  1.89279289e-06  1.67547754e-04 -2.05266346e-08  1.67547754e-04  7.01492565e-07  1.67547754e-04  0.00000000e+00  1.67547754e-04  1.20000000e+00 
 1.67647754e-04  7.76757538e-01  1.67647754e-04  6.80062239e-01  1.67647754e-04  1.89750578e-06  1.67647754e-04  2.05583909e-08  1.67647754e-04  2.23267705e-07  1.67647754e-04  0.00000000e+00  1.67647754e-04  1.20000000e+00 
 1.67747754e-04  7.72559856e-01  1.67747754e-04  6.80077966e-01  1.67747754e-04  1.89280043e-06  1.67747754e-04 -2.05050316e-08  1.67747754e-04  7.00746962e-07  1.67747754e-04  0.00000000e+00  1.67747754e-04  1.20000000e+00 
 1.67847754e-04  7.68364771e-01  1.67847754e-04  6.80069346e-01  1.67847754e-04  1.89749815e-06  1.67847754e-04  2.05349968e-08  1.67847754e-04  2.23610094e-07  1.67847754e-04  0.00000000e+00  1.67847754e-04  1.20000000e+00 
 1.67947754e-04  7.64168567e-01  1.67947754e-04  6.80070990e-01  1.67947754e-04  1.89280812e-06  1.67947754e-04 -2.04796952e-08  1.67947754e-04  7.00136076e-07  1.67947754e-04  0.00000000e+00  1.67947754e-04  1.20000000e+00 
 1.68047754e-04  7.59974631e-01  1.68047754e-04  6.80075897e-01  1.68047754e-04  1.89749040e-06  1.68047754e-04  2.05079376e-08  1.68047754e-04  2.23965392e-07  1.68047754e-04  0.00000000e+00  1.68047754e-04  1.20000000e+00 
 1.68147754e-04  7.55779959e-01  1.68147754e-04  6.80064554e-01  1.68147754e-04  1.89281593e-06  1.68147754e-04 -2.04511030e-08  1.68147754e-04  6.99498951e-07  1.68147754e-04  0.00000000e+00  1.68147754e-04  1.20000000e+00 
 1.68247754e-04  7.51587237e-01  1.68247754e-04  6.80081955e-01  1.68247754e-04  1.89748253e-06  1.68247754e-04  2.04779953e-08  1.68247754e-04  2.24331251e-07  1.68247754e-04  0.00000000e+00  1.68247754e-04  1.20000000e+00 
 1.68347754e-04  7.47394133e-01  1.68347754e-04  6.80058613e-01  1.68347754e-04  1.89282385e-06  1.68347754e-04 -2.04199698e-08  1.68347754e-04  6.98839491e-07  1.68347754e-04  0.00000000e+00  1.68347754e-04  1.20000000e+00 
 1.68447754e-04  7.43203796e-01  1.68447754e-04  6.80086822e-01  1.68447754e-04  1.89747450e-06  1.68447754e-04  2.04459990e-08  1.68447754e-04  2.24483484e-07  1.68447754e-04  0.00000000e+00  1.68447754e-04  1.20000000e+00 
 1.68547754e-04  7.39012595e-01  1.68547754e-04  6.80055275e-01  1.68547754e-04  1.89283186e-06  1.68547754e-04 -2.03877308e-08  1.68547754e-04  6.98267846e-07  1.68547754e-04  0.00000000e+00  1.68547754e-04  1.20000000e+00 
 1.68647754e-04  7.34823430e-01  1.68647754e-04  6.80090049e-01  1.68647754e-04  1.89746648e-06  1.68647754e-04  2.04138928e-08  1.68647754e-04  2.24787846e-07  1.68647754e-04  0.00000000e+00  1.68647754e-04  1.20000000e+00 
 1.68747754e-04  7.30633864e-01  1.68747754e-04  6.80051850e-01  1.68747754e-04  1.89283989e-06  1.68747754e-04 -2.03557093e-08  1.68747754e-04  6.97654426e-07  1.68747754e-04  0.00000000e+00  1.68747754e-04  1.20000000e+00 
 1.68847754e-04  7.26446028e-01  1.68847754e-04  6.80093432e-01  1.68847754e-04  1.89745845e-06  1.68847754e-04  2.03819088e-08  1.68847754e-04  2.25100797e-07  1.68847754e-04  0.00000000e+00  1.68847754e-04  1.20000000e+00 
 1.68947754e-04  7.22258119e-01  1.68947754e-04  6.80048371e-01  1.68947754e-04  1.89284793e-06  1.68947754e-04 -2.03237282e-08  1.68947754e-04  6.97022383e-07  1.68947754e-04  0.00000000e+00  1.68947754e-04  1.20000000e+00 
 1.69047754e-04  7.18071664e-01  1.69047754e-04  6.80096822e-01  1.69047754e-04  1.89745038e-06  1.69047754e-04  2.03499228e-08  1.69047754e-04  2.25421659e-07  1.69047754e-04  0.00000000e+00  1.69047754e-04  1.20000000e+00 
 1.69147754e-04  7.13885424e-01  1.69147754e-04  6.80044945e-01  1.69147754e-04  1.89285601e-06  1.69147754e-04 -2.02917300e-08  1.69147754e-04  6.96374949e-07  1.69147754e-04  0.00000000e+00  1.69147754e-04  1.20000000e+00 
 1.69247754e-04  7.09700398e-01  1.69247754e-04  6.80100128e-01  1.69247754e-04  1.89744230e-06  1.69247754e-04  2.03179260e-08  1.69247754e-04  2.25747907e-07  1.69247754e-04  0.00000000e+00  1.69247754e-04  1.20000000e+00 
 1.69347754e-04  7.05515840e-01  1.69347754e-04  6.80041646e-01  1.69347754e-04  1.89286411e-06  1.69347754e-04 -2.02597438e-08  1.69347754e-04  6.95715238e-07  1.69347754e-04  0.00000000e+00  1.69347754e-04  1.20000000e+00 
 1.69447754e-04  7.01332287e-01  1.69447754e-04  6.80103289e-01  1.69447754e-04  1.89743418e-06  1.69447754e-04  2.02859772e-08  1.69447754e-04  2.26077304e-07  1.69447754e-04  0.00000000e+00  1.69447754e-04  1.20000000e+00 
 1.69547754e-04  6.97149422e-01  1.69547754e-04  6.80038519e-01  1.69547754e-04  1.89287223e-06  1.69547754e-04 -2.02278511e-08  1.69547754e-04  6.95045979e-07  1.69547754e-04  0.00000000e+00  1.69547754e-04  1.20000000e+00 
 1.69647754e-04  6.92967384e-01  1.69647754e-04  6.80106267e-01  1.69647754e-04  1.89742604e-06  1.69647754e-04  2.02541742e-08  1.69647754e-04  2.26407876e-07  1.69647754e-04  0.00000000e+00  1.69647754e-04  1.20000000e+00 
 1.69747754e-04  6.88786224e-01  1.69747754e-04  6.80035594e-01  1.69747754e-04  1.89288038e-06  1.69747754e-04 -2.01961606e-08  1.69747754e-04  6.94369537e-07  1.69747754e-04  0.00000000e+00  1.69747754e-04  1.20000000e+00 
 1.69847754e-04  6.84605738e-01  1.69847754e-04  6.80109039e-01  1.69847754e-04  1.89741788e-06  1.69847754e-04  2.02226323e-08  1.69847754e-04  2.26737907e-07  1.69847754e-04  0.00000000e+00  1.69847754e-04  1.20000000e+00 
 1.69947754e-04  6.80426296e-01  1.69947754e-04  6.80032887e-01  1.69947754e-04  1.89288855e-06  1.69947754e-04 -2.01647912e-08  1.69947754e-04  6.93687953e-07  1.69947754e-04  0.00000000e+00  1.69947754e-04  1.20000000e+00 
 1.70047754e-04  6.76247397e-01  1.70047754e-04  6.80111594e-01  1.70047754e-04  1.89740970e-06  1.70047754e-04  2.01914715e-08  1.70047754e-04  2.27065913e-07  1.70047754e-04  0.00000000e+00  1.70047754e-04  1.20000000e+00 
 1.70147754e-04  6.72069687e-01  1.70147754e-04  6.80030404e-01  1.70147754e-04  1.89289674e-06  1.70147754e-04 -2.01338615e-08  1.70147754e-04  6.93002973e-07  1.70147754e-04  0.00000000e+00  1.70147754e-04  1.20000000e+00 
 1.70247754e-04  6.67892407e-01  1.70247754e-04  6.80113927e-01  1.70247754e-04  1.89740151e-06  1.70247754e-04  2.01608070e-08  1.70247754e-04  2.27390629e-07  1.70247754e-04  0.00000000e+00  1.70247754e-04  1.20000000e+00 
 1.70347754e-04  6.63716441e-01  1.70347754e-04  6.80028142e-01  1.70347754e-04  1.89290494e-06  1.70347754e-04 -2.01034821e-08  1.70347754e-04  6.92316090e-07  1.70347754e-04  0.00000000e+00  1.70347754e-04  1.20000000e+00 
 1.70447754e-04  6.59540811e-01  1.70447754e-04  6.80116044e-01  1.70447754e-04  1.89739330e-06  1.70447754e-04  2.01307439e-08  1.70447754e-04  2.27710979e-07  1.70447754e-04  0.00000000e+00  1.70447754e-04  1.20000000e+00 
 1.70547754e-04  6.55366602e-01  1.70547754e-04  6.80026098e-01  1.70547754e-04  1.89291315e-06  1.70547754e-04 -2.00737520e-08  1.70547754e-04  6.91628574e-07  1.70547754e-04  0.00000000e+00  1.70547754e-04  1.20000000e+00 
 1.70647754e-04  6.51192652e-01  1.70647754e-04  6.80117949e-01  1.70647754e-04  1.89738509e-06  1.70647754e-04  2.01013744e-08  1.70647754e-04  2.28026055e-07  1.70647754e-04  0.00000000e+00  1.70647754e-04  1.20000000e+00 
 1.70747754e-04  6.47020215e-01  1.70747754e-04  6.80024261e-01  1.70747754e-04  1.89292136e-06  1.70747754e-04 -2.00447563e-08  1.70747754e-04  6.90941508e-07  1.70747754e-04  0.00000000e+00  1.70747754e-04  1.20000000e+00 
 1.70847754e-04  6.42847970e-01  1.70847754e-04  6.80119652e-01  1.70847754e-04  1.89737687e-06  1.70847754e-04  2.00727765e-08  1.70847754e-04  2.28335101e-07  1.70847754e-04  0.00000000e+00  1.70847754e-04  1.20000000e+00 
 1.70947754e-04  6.38677319e-01  1.70947754e-04  6.80022622e-01  1.70947754e-04  1.89292958e-06  1.70947754e-04 -2.00165656e-08  1.70947754e-04  6.90255808e-07  1.70947754e-04  0.00000000e+00  1.70947754e-04  1.20000000e+00 
 1.71047754e-04  6.34506806e-01  1.71047754e-04  6.80121165e-01  1.71047754e-04  1.89736866e-06  1.71047754e-04  2.00450137e-08  1.71047754e-04  2.28637490e-07  1.71047754e-04  0.00000000e+00  1.71047754e-04  1.20000000e+00 
 1.71147754e-04  6.30337954e-01  1.71147754e-04  6.80021170e-01  1.71147754e-04  1.89293779e-06  1.71147754e-04 -1.99892367e-08  1.71147754e-04  6.89572253e-07  1.71147754e-04  0.00000000e+00  1.71147754e-04  1.20000000e+00 
 1.71247754e-04  6.26169197e-01  1.71247754e-04  6.80122498e-01  1.71247754e-04  1.89736046e-06  1.71247754e-04  2.00181357e-08  1.71247754e-04  2.28932708e-07  1.71247754e-04  0.00000000e+00  1.71247754e-04  1.20000000e+00 
 1.71347754e-04  6.22002160e-01  1.71347754e-04  6.80019892e-01  1.71347754e-04  1.89294599e-06  1.71347754e-04 -1.99628126e-08  1.71347754e-04  6.88891501e-07  1.71347754e-04  0.00000000e+00  1.71347754e-04  1.20000000e+00 
 1.71447754e-04  6.17835182e-01  1.71447754e-04  6.80123663e-01  1.71447754e-04  1.89735226e-06  1.71447754e-04  1.99921797e-08  1.71447754e-04  2.29220337e-07  1.71447754e-04  0.00000000e+00  1.71447754e-04  1.20000000e+00 
 1.71547754e-04  6.13669972e-01  1.71547754e-04  6.80018777e-01  1.71547754e-04  1.89295417e-06  1.71547754e-04 -1.99373246e-08  1.71547754e-04  6.88214111e-07  1.71547754e-04  0.00000000e+00  1.71547754e-04  1.20000000e+00 
 1.71647754e-04  6.09504795e-01  1.71647754e-04  6.80124672e-01  1.71647754e-04  1.89734408e-06  1.71647754e-04  1.99671710e-08  1.71647754e-04  2.29500050e-07  1.71647754e-04  0.00000000e+00  1.71647754e-04  1.20000000e+00 
 1.71747754e-04  6.05341428e-01  1.71747754e-04  6.80017814e-01  1.71747754e-04  1.89296234e-06  1.71747754e-04 -1.99127928e-08  1.71747754e-04  6.87540555e-07  1.71747754e-04  0.00000000e+00  1.71747754e-04  1.20000000e+00 
 1.71847754e-04  6.01178073e-01  1.71847754e-04  6.80125535e-01  1.71847754e-04  1.89733593e-06  1.71847754e-04  1.99431250e-08  1.71847754e-04  2.29771588e-07  1.71847754e-04  0.00000000e+00  1.71847754e-04  1.20000000e+00 
 1.71947754e-04  5.97016562e-01  1.71947754e-04  6.80016990e-01  1.71947754e-04  1.89297048e-06  1.71947754e-04 -1.98892280e-08  1.71947754e-04  6.86871230e-07  1.71947754e-04  0.00000000e+00  1.71947754e-04  1.20000000e+00 
 1.72047754e-04  5.92855048e-01  1.72047754e-04  6.80126265e-01  1.72047754e-04  1.89732779e-06  1.72047754e-04  1.99200482e-08  1.72047754e-04  2.30034764e-07  1.72047754e-04  0.00000000e+00  1.72047754e-04  1.20000000e+00 
 1.72147754e-04  5.88695407e-01  1.72147754e-04  6.80016296e-01  1.72147754e-04  1.89297860e-06  1.72147754e-04 -1.98666325e-08  1.72147754e-04  6.86206474e-07  1.72147754e-04  0.00000000e+00  1.72147754e-04  1.20000000e+00 
 1.72247754e-04  5.84535753e-01  1.72247754e-04  6.80126870e-01  1.72247754e-04  1.89731969e-06  1.72247754e-04  1.98979392e-08  1.72247754e-04  2.30289438e-07  1.72247754e-04  0.00000000e+00  1.72247754e-04  1.20000000e+00 
 1.72347754e-04  5.80377995e-01  1.72347754e-04  6.80015722e-01  1.72347754e-04  1.89298669e-06  1.72347754e-04 -1.98450020e-08  1.72347754e-04  6.85546568e-07  1.72347754e-04  0.00000000e+00  1.72347754e-04  1.20000000e+00 
 1.72447754e-04  5.76220220e-01  1.72447754e-04  6.80127360e-01  1.72447754e-04  1.89731161e-06  1.72447754e-04  1.98767908e-08  1.72447754e-04  2.30535519e-07  1.72447754e-04  0.00000000e+00  1.72447754e-04  1.20000000e+00 
 1.72547754e-04  5.72064359e-01  1.72547754e-04  6.80015258e-01  1.72547754e-04  1.89299475e-06  1.72547754e-04 -1.98243261e-08  1.72547754e-04  6.84891746e-07  1.72547754e-04  0.00000000e+00  1.72547754e-04  1.20000000e+00 
 1.72647754e-04  5.67908479e-01  1.72647754e-04  6.80127745e-01  1.72647754e-04  1.89730357e-06  1.72647754e-04  1.98565899e-08  1.72647754e-04  2.30772954e-07  1.72647754e-04  0.00000000e+00  1.72647754e-04  1.20000000e+00 
 1.72747754e-04  5.63754527e-01  1.72747754e-04  6.80014896e-01  1.72747754e-04  1.89300277e-06  1.72747754e-04 -1.98045897e-08  1.72747754e-04  6.84242199e-07  1.72747754e-04  0.00000000e+00  1.72747754e-04  1.20000000e+00 
 1.72847754e-04  5.59600558e-01  1.72847754e-04  6.80128032e-01  1.72847754e-04  1.89729557e-06  1.72847754e-04  1.98373194e-08  1.72847754e-04  2.31001713e-07  1.72847754e-04  0.00000000e+00  1.72847754e-04  1.20000000e+00 
 1.72947754e-04  5.55448527e-01  1.72947754e-04  6.80014628e-01  1.72947754e-04  1.89301076e-06  1.72947754e-04 -1.97857739e-08  1.72947754e-04  6.83598076e-07  1.72947754e-04  0.00000000e+00  1.72947754e-04  1.20000000e+00 
 1.73047754e-04  5.51296486e-01  1.73047754e-04  6.80128229e-01  1.73047754e-04  1.89728760e-06  1.73047754e-04  1.98189589e-08  1.73047754e-04  2.31221784e-07  1.73047754e-04  0.00000000e+00  1.73047754e-04  1.20000000e+00 
 1.73147754e-04  5.47146389e-01  1.73147754e-04  6.80014446e-01  1.73147754e-04  1.89301871e-06  1.73147754e-04 -1.97678567e-08  1.73147754e-04  6.82959487e-07  1.73147754e-04  0.00000000e+00  1.73147754e-04  1.20000000e+00 
 1.73247754e-04  5.42996289e-01  1.73247754e-04  6.80128343e-01  1.73247754e-04  1.89727968e-06  1.73247754e-04  1.98014850e-08  1.73247754e-04  2.31433155e-07  1.73247754e-04  0.00000000e+00  1.73247754e-04  1.20000000e+00 
 1.73347754e-04  5.38848139e-01  1.73347754e-04  6.80014344e-01  1.73347754e-04  1.89302661e-06  1.73347754e-04 -1.97508137e-08  1.73347754e-04  6.82326490e-07  1.73347754e-04  0.00000000e+00  1.73347754e-04  1.20000000e+00 
 1.73447754e-04  5.34699996e-01  1.73447754e-04  6.80128379e-01  1.73447754e-04  1.89727179e-06  1.73447754e-04  1.97848726e-08  1.73447754e-04  2.31635793e-07  1.73447754e-04  0.00000000e+00  1.73447754e-04  1.20000000e+00 
 1.73547754e-04  5.30553804e-01  1.73547754e-04  6.80014315e-01  1.73547754e-04  1.89303447e-06  1.73547754e-04 -1.97346190e-08  1.73547754e-04  6.81699088e-07  1.73547754e-04  0.00000000e+00  1.73547754e-04  1.20000000e+00 
 1.73647754e-04  5.26407633e-01  1.73647754e-04  6.80128345e-01  1.73647754e-04  1.89726396e-06  1.73647754e-04  1.97690951e-08  1.73647754e-04  2.31829619e-07  1.73647754e-04  0.00000000e+00  1.73647754e-04  1.20000000e+00 
 1.73747754e-04  5.22263414e-01  1.73747754e-04  6.80014355e-01  1.73747754e-04  1.89304228e-06  1.73747754e-04 -1.97192457e-08  1.73747754e-04  6.81077206e-07  1.73747754e-04  0.00000000e+00  1.73747754e-04  1.20000000e+00 
 1.73847754e-04  5.18119231e-01  1.73847754e-04  6.80128243e-01  1.73847754e-04  1.89725617e-06  1.73847754e-04  1.97541253e-08  1.73847754e-04  2.32014465e-07  1.73847754e-04  0.00000000e+00  1.73847754e-04  1.20000000e+00 
 1.73947754e-04  5.13977000e-01  1.73947754e-04  6.80014457e-01  1.73947754e-04  1.89305004e-06  1.73947754e-04 -1.97046664e-08  1.73947754e-04  6.80460656e-07  1.73947754e-04  0.00000000e+00  1.73947754e-04  1.20000000e+00 
 1.74047754e-04  5.09834823e-01  1.74047754e-04  6.80128078e-01  1.74047754e-04  1.89724843e-06  1.74047754e-04  1.97399360e-08  1.74047754e-04  2.32190015e-07  1.74047754e-04  0.00000000e+00  1.74047754e-04  1.20000000e+00 
 1.74147754e-04  5.05694598e-01  1.74147754e-04  6.80014618e-01  1.74147754e-04  1.89305776e-06  1.74147754e-04 -1.96908539e-08  1.74147754e-04  6.79849092e-07  1.74147754e-04  0.00000000e+00  1.74147754e-04  1.20000000e+00 
 1.74247754e-04  5.01554452e-01  1.74247754e-04  6.80127853e-01  1.74247754e-04  1.89724074e-06  1.74247754e-04  1.97265002e-08  1.74247754e-04  2.32355709e-07  1.74247754e-04  0.00000000e+00  1.74247754e-04  1.20000000e+00 
 1.74347754e-04  4.97416256e-01  1.74347754e-04  6.80014835e-01  1.74347754e-04  1.89306542e-06  1.74347754e-04 -1.96777821e-08  1.74347754e-04  6.79241924e-07  1.74347754e-04  0.00000000e+00  1.74347754e-04  1.20000000e+00 
 1.74447754e-04  4.93278169e-01  1.74447754e-04  6.80127569e-01  1.74447754e-04  1.89723311e-06  1.74447754e-04  1.97137926e-08  1.74447754e-04  2.32510614e-07  1.74447754e-04  0.00000000e+00  1.74447754e-04  1.20000000e+00 
 1.74547754e-04  4.89142036e-01  1.74547754e-04  6.80015104e-01  1.74547754e-04  1.89307304e-06  1.74547754e-04 -1.96654261e-08  1.74547754e-04  6.78638195e-07  1.74547754e-04  0.00000000e+00  1.74547754e-04  1.20000000e+00 
 1.74647754e-04  4.85006048e-01  1.74647754e-04  6.80127226e-01  1.74647754e-04  1.89722552e-06  1.74647754e-04  1.97017898e-08  1.74647754e-04  2.32653210e-07  1.74647754e-04  0.00000000e+00  1.74647754e-04  1.20000000e+00 
 1.74747754e-04  4.80872024e-01  1.74747754e-04  6.80015424e-01  1.74747754e-04  1.89308059e-06  1.74747754e-04 -1.96537642e-08  1.74747754e-04  6.78036397e-07  1.74747754e-04  0.00000000e+00  1.74747754e-04  1.20000000e+00 
 1.74847754e-04  4.76738195e-01  1.74847754e-04  6.80126819e-01  1.74847754e-04  1.89721799e-06  1.74847754e-04  1.96904717e-08  1.74847754e-04  2.32781101e-07  1.74847754e-04  0.00000000e+00  1.74847754e-04  1.20000000e+00 
 1.74923882e-04  4.73592708e-01  1.74923882e-04  6.80015898e-01  1.74923882e-04  1.89308927e-06  1.74923882e-04 -1.96411261e-08  1.74923882e-04  6.77408154e-07  1.74923882e-04  0.00000000e+00  1.74923882e-04  1.20000000e+00 
 1.75000010e-04  4.70447009e-01  1.75000010e-04  6.80126212e-01  1.75000010e-04  1.89720819e-06  1.75000010e-04  1.96766316e-08  1.75000010e-04  2.33061367e-07  1.75000010e-04  0.00000000e+00  1.75000010e-04  1.20000000e+00 
 1.75000011e-04  4.70415862e-01  1.75000011e-04  6.77256442e-01  1.75000011e-04  2.53620211e-06  1.75000011e-04  4.41936781e-06  1.75000011e-04 -1.24323042e-04  1.75000011e-04  0.00000000e+00  1.75000011e-04  1.08000000e+00 
 1.75000013e-04  4.70356648e-01  1.75000013e-04  6.67305871e-01  1.75000013e-04  3.18636539e-06  1.75000013e-04  1.08916422e-05  1.75000013e-04 -2.11911325e-04  1.75000013e-04  0.00000000e+00  1.75000013e-04  8.40000000e-01 
 1.75000016e-04  4.70295300e-01  1.75000016e-04  6.48702355e-01  1.75000016e-04  2.51586618e-06  1.75000016e-04  5.44795137e-06  1.75000016e-04 -1.16198089e-04  1.75000016e-04  0.00000000e+00  1.75000016e-04  4.20000001e-01 
 1.75000020e-04  4.70269469e-01  1.75000020e-04  6.43169458e-01  1.75000020e-04  2.07185510e-06  1.75000020e-04 -1.05029606e-07  1.75000020e-04 -1.75098501e-05  1.75000020e-04  0.00000000e+00  1.75000020e-04  3.16866000e-09 
 1.75000021e-04  4.70269273e-01  1.75000021e-04  6.43560151e-01  1.75000021e-04  1.97541258e-06  1.75000021e-04 -4.31271649e-07  1.75000021e-04 -6.55107740e-06  1.75000021e-04  0.00000000e+00  1.75000021e-04  0.00000000e+00 
 1.75000022e-04  4.70269343e-01  1.75000022e-04  6.44403130e-01  1.75000022e-04  1.95807710e-06  1.75000022e-04 -5.81346644e-07  1.75000022e-04 -7.22853897e-07  1.75000022e-04  0.00000000e+00  1.75000022e-04  0.00000000e+00 
 1.75000025e-04  4.70269532e-01  1.75000025e-04  6.45714461e-01  1.75000025e-04  2.00545928e-06  1.75000025e-04 -1.00180784e-07  1.75000025e-04 -5.39034124e-06  1.75000025e-04  0.00000000e+00  1.75000025e-04  0.00000000e+00 
 1.75000030e-04  4.70269756e-01  1.75000030e-04  6.47456534e-01  1.75000030e-04  1.97553375e-06  1.75000030e-04 -2.04322228e-07  1.75000030e-04 -1.75252739e-07  1.75000030e-04  0.00000000e+00  1.75000030e-04  0.00000000e+00 
 1.75000042e-04  4.70270151e-01  1.75000042e-04  6.49486276e-01  1.75000042e-04  1.97184542e-06  1.75000042e-04  1.71342068e-07  1.75000042e-04 -4.19460251e-06  1.75000042e-04  0.00000000e+00  1.75000042e-04  0.00000000e+00 
 1.75000064e-04  4.70270659e-01  1.75000064e-04  6.51177561e-01  1.75000064e-04  1.90496134e-06  1.75000064e-04 -2.31687017e-09  1.75000064e-04  1.22559572e-06  1.75000064e-04  0.00000000e+00  1.75000064e-04  0.00000000e+00 
 1.75000109e-04  4.70271545e-01  1.75000109e-04  6.52756130e-01  1.75000109e-04  1.90740441e-06  1.75000109e-04  2.15730670e-07  1.75000109e-04 -2.29027311e-06  1.75000109e-04  0.00000000e+00  1.75000109e-04  0.00000000e+00 
 1.75000198e-04  4.70272950e-01  1.75000198e-04  6.54866115e-01  1.75000198e-04  1.87343491e-06  1.75000198e-04 -2.83944877e-09  1.75000198e-04  2.23633215e-06  1.75000198e-04  0.00000000e+00  1.75000198e-04  0.00000000e+00 
 1.75000376e-04  4.70275074e-01  1.75000376e-04  6.57934915e-01  1.75000376e-04  1.90221479e-06  1.75000376e-04  1.95396608e-07  1.75000376e-04 -2.21106752e-06  1.75000376e-04  0.00000000e+00  1.75000376e-04  0.00000000e+00 
 1.75000722e-04  4.70277424e-01  1.75000722e-04  6.61545234e-01  1.75000722e-04  1.87716020e-06  1.75000722e-04 -5.10102766e-08  1.75000722e-04  2.23481657e-06  1.75000722e-04  0.00000000e+00  1.75000722e-04  0.00000000e+00 
 1.75001415e-04  4.70279571e-01  1.75001415e-04  6.64478181e-01  1.75001415e-04  1.90792733e-06  1.75001415e-04  1.32382179e-07  1.75001415e-04 -2.19241008e-06  1.75001415e-04  0.00000000e+00  1.75001415e-04  0.00000000e+00 
 1.75002799e-04  4.70283552e-01  1.75002799e-04  6.65724409e-01  1.75002799e-04  1.88084262e-06  1.75002799e-04 -1.07066301e-07  1.75002799e-04  2.23802566e-06  1.75002799e-04  0.00000000e+00  1.75002799e-04  0.00000000e+00 
 1.75005569e-04  4.70294995e-01  1.75005569e-04  6.66773850e-01  1.75005569e-04  1.90880514e-06  1.75005569e-04  1.06099579e-07  1.75005569e-04 -2.19434191e-06  1.75005569e-04  0.00000000e+00  1.75005569e-04  0.00000000e+00 
 1.75011108e-04  4.70314424e-01  1.75011108e-04  6.70591258e-01  1.75011108e-04  1.88100750e-06  1.75011108e-04 -1.17769240e-07  1.75011108e-04  2.22440326e-06  1.75011108e-04  0.00000000e+00  1.75011108e-04  0.00000000e+00 
 1.75022187e-04  4.70340822e-01  1.75022187e-04  6.80111312e-01  1.75022187e-04  1.90897259e-06  1.75022187e-04  9.77768427e-08  1.75022187e-04 -2.21853584e-06  1.75022187e-04  0.00000000e+00  1.75022187e-04  0.00000000e+00 
 1.75041373e-04  4.70365352e-01  1.75041373e-04  6.80365626e-01  1.75041373e-04  1.88143513e-06  1.75041373e-04 -1.00498213e-07  1.75041373e-04  2.21752814e-06  1.75041373e-04  0.00000000e+00  1.75041373e-04  0.00000000e+00 
 1.75061422e-04  4.70374935e-01  1.75061422e-04  6.79672584e-01  1.75061422e-04  1.90885880e-06  1.75061422e-04  1.02859720e-07  1.75061422e-04 -2.21658675e-06  1.75061422e-04  0.00000000e+00  1.75061422e-04  0.00000000e+00 
 1.75101520e-04  4.70381249e-01  1.75101520e-04  6.80479048e-01  1.75101520e-04  1.88143473e-06  1.75101520e-04 -1.03786807e-07  1.75101520e-04  2.21641549e-06  1.75101520e-04  0.00000000e+00  1.75101520e-04  0.00000000e+00 
 1.75181715e-04  4.70380921e-01  1.75181715e-04  6.79671877e-01  1.75181715e-04  1.90887329e-06  1.75181715e-04  1.04262977e-07  1.75181715e-04 -2.21614515e-06  1.75181715e-04  0.00000000e+00  1.75181715e-04  0.00000000e+00 
 1.75281715e-04  4.70380696e-01  1.75281715e-04  6.80471724e-01  1.75281715e-04  1.88142406e-06  1.75281715e-04 -1.04545363e-07  1.75281715e-04  2.21617643e-06  1.75281715e-04  0.00000000e+00  1.75281715e-04  0.00000000e+00 
 1.75381715e-04  4.70379851e-01  1.75381715e-04  6.79682023e-01  1.75381715e-04  1.90888342e-06  1.75381715e-04  1.04892358e-07  1.75381715e-04 -2.21594643e-06  1.75381715e-04  0.00000000e+00  1.75381715e-04  0.00000000e+00 
 1.75481715e-04  4.70379720e-01  1.75481715e-04  6.80459247e-01  1.75481715e-04  1.88141352e-06  1.75481715e-04 -1.05135642e-07  1.75481715e-04  2.21598901e-06  1.75481715e-04  0.00000000e+00  1.75481715e-04  0.00000000e+00 
 1.75581715e-04  4.70378865e-01  1.75581715e-04  6.79696553e-01  1.75581715e-04  1.90889423e-06  1.75581715e-04  1.05445101e-07  1.75581715e-04 -2.21576968e-06  1.75581715e-04  0.00000000e+00  1.75581715e-04  0.00000000e+00 
 1.75681715e-04  4.70378713e-01  1.75681715e-04  6.80443301e-01  1.75681715e-04  1.88140255e-06  1.75681715e-04 -1.05652505e-07  1.75681715e-04  2.21582207e-06  1.75681715e-04  0.00000000e+00  1.75681715e-04  0.00000000e+00 
 1.75781715e-04  4.70377891e-01  1.75781715e-04  6.79713797e-01  1.75781715e-04  1.90890526e-06  1.75781715e-04  1.05927749e-07  1.75781715e-04 -2.21561200e-06  1.75781715e-04  0.00000000e+00  1.75781715e-04  0.00000000e+00 
 1.75881715e-04  4.70377701e-01  1.75881715e-04  6.80425297e-01  1.75881715e-04  1.88139150e-06  1.75881715e-04 -1.06102626e-07  1.75881715e-04  2.21567295e-06  1.75881715e-04  0.00000000e+00  1.75881715e-04  0.00000000e+00 
 1.75981715e-04  4.70376918e-01  1.75981715e-04  6.79732551e-01  1.75981715e-04  1.90891625e-06  1.75981715e-04  1.06347013e-07  1.75981715e-04 -2.21547094e-06  1.75981715e-04  0.00000000e+00  1.75981715e-04  0.00000000e+00 
 1.76081715e-04  4.70376690e-01  1.76081715e-04  6.80406246e-01  1.76081715e-04  1.88138062e-06  1.76081715e-04 -1.06492677e-07  1.76081715e-04  2.21553934e-06  1.76081715e-04  0.00000000e+00  1.76081715e-04  0.00000000e+00 
 1.76181715e-04  4.70375945e-01  1.76181715e-04  6.79751957e-01  1.76181715e-04  1.90892699e-06  1.76181715e-04  1.06709467e-07  1.76181715e-04 -2.21534438e-06  1.76181715e-04  0.00000000e+00  1.76181715e-04  0.00000000e+00 
 1.76281715e-04  4.70375680e-01  1.76281715e-04  6.80386863e-01  1.76281715e-04  1.88137005e-06  1.76281715e-04 -1.06829096e-07  1.76281715e-04  2.21541930e-06  1.76281715e-04  0.00000000e+00  1.76281715e-04  0.00000000e+00 
 1.76381715e-04  4.70374970e-01  1.76381715e-04  6.79771415e-01  1.76381715e-04  1.90893737e-06  1.76381715e-04  1.07021371e-07  1.76381715e-04 -2.21523050e-06  1.76381715e-04  0.00000000e+00  1.76381715e-04  0.00000000e+00 
 1.76481715e-04  4.70374671e-01  1.76481715e-04  6.80367646e-01  1.76481715e-04  1.88135989e-06  1.76481715e-04 -1.07117939e-07  1.76481715e-04  2.21531113e-06  1.76481715e-04  0.00000000e+00  1.76481715e-04  0.00000000e+00 
 1.76581715e-04  4.70373995e-01  1.76581715e-04  6.79790513e-01  1.76581715e-04  1.90894730e-06  1.76581715e-04  1.07288559e-07  1.76581715e-04 -2.21512772e-06  1.76581715e-04  0.00000000e+00  1.76581715e-04  0.00000000e+00 
 1.76681715e-04  4.70373664e-01  1.76681715e-04  6.80348932e-01  1.76681715e-04  1.88135020e-06  1.76681715e-04 -1.07364806e-07  1.76681715e-04  2.21521337e-06  1.76681715e-04  0.00000000e+00  1.76681715e-04  0.00000000e+00 
 1.76781715e-04  4.70373018e-01  1.76781715e-04  6.79808975e-01  1.76781715e-04  1.90895675e-06  1.76781715e-04  1.07516387e-07  1.76781715e-04 -2.21503469e-06  1.76781715e-04  0.00000000e+00  1.76781715e-04  0.00000000e+00 
 1.76881715e-04  4.70372659e-01  1.76881715e-04  6.80330941e-01  1.76881715e-04  1.88134099e-06  1.76881715e-04 -1.07574803e-07  1.76881715e-04  2.21512475e-06  1.76881715e-04  0.00000000e+00  1.76881715e-04  0.00000000e+00 
 1.76981715e-04  4.70372039e-01  1.76981715e-04  6.79826628e-01  1.76981715e-04  1.90896571e-06  1.76981715e-04  1.07709711e-07  1.76981715e-04 -2.21495024e-06  1.76981715e-04  0.00000000e+00  1.76981715e-04  0.00000000e+00 
 1.77081715e-04  4.70371654e-01  1.77081715e-04  6.80313808e-01  1.77081715e-04  1.88133228e-06  1.77081715e-04 -1.07752542e-07  1.77081715e-04  2.21504417e-06  1.77081715e-04  0.00000000e+00  1.77081715e-04  0.00000000e+00 
 1.77181715e-04  4.70371060e-01  1.77181715e-04  6.79843370e-01  1.77181715e-04  1.90897418e-06  1.77181715e-04  1.07872899e-07  1.77181715e-04 -2.21487332e-06  1.77181715e-04  0.00000000e+00  1.77181715e-04  0.00000000e+00 
 1.77281715e-04  4.70370652e-01  1.77281715e-04  6.80297609e-01  1.77281715e-04  1.88132407e-06  1.77281715e-04 -1.07902150e-07  1.77281715e-04  2.21497067e-06  1.77281715e-04  0.00000000e+00  1.77281715e-04  0.00000000e+00 
 1.77381715e-04  4.70370079e-01  1.77381715e-04  6.79859151e-01  1.77381715e-04  1.90898215e-06  1.77381715e-04  1.08009849e-07  1.77381715e-04 -2.21480305e-06  1.77381715e-04  0.00000000e+00  1.77381715e-04  0.00000000e+00 
 1.77481715e-04  4.70369650e-01  1.77481715e-04  6.80282373e-01  1.77481715e-04  1.88131633e-06  1.77481715e-04 -1.08027301e-07  1.77481715e-04  2.21490342e-06  1.77481715e-04  0.00000000e+00  1.77481715e-04  0.00000000e+00 
 1.77581715e-04  4.70369096e-01  1.77581715e-04  6.79873957e-01  1.77581715e-04  1.90898966e-06  1.77581715e-04  1.08124017e-07  1.77581715e-04 -2.21473866e-06  1.77581715e-04  0.00000000e+00  1.77581715e-04  0.00000000e+00 
 1.77681715e-04  4.70368650e-01  1.77681715e-04  6.80268103e-01  1.77681715e-04  1.88130906e-06  1.77681715e-04 -1.08131247e-07  1.77681715e-04  2.21484169e-06  1.77681715e-04  0.00000000e+00  1.77681715e-04  0.00000000e+00 
 1.77781715e-04  4.70368113e-01  1.77781715e-04  6.79887799e-01  1.77781715e-04  1.90899671e-06  1.77781715e-04  1.08218458e-07  1.77781715e-04 -2.21467945e-06  1.77781715e-04  0.00000000e+00  1.77781715e-04  0.00000000e+00 
 1.77881715e-04  4.70367651e-01  1.77881715e-04  6.80254777e-01  1.77881715e-04  1.88130222e-06  1.77881715e-04 -1.08216852e-07  1.77881715e-04  2.21478485e-06  1.77881715e-04  0.00000000e+00  1.77881715e-04  0.00000000e+00 
 1.77981715e-04  4.70367129e-01  1.77981715e-04  6.79900706e-01  1.77981715e-04  1.90900334e-06  1.77981715e-04  1.08295858e-07  1.77981715e-04 -2.21462485e-06  1.77981715e-04  0.00000000e+00  1.77981715e-04  0.00000000e+00 
 1.78081715e-04  4.70366653e-01  1.78081715e-04  6.80242363e-01  1.78081715e-04  1.88129580e-06  1.78081715e-04 -1.08286634e-07  1.78081715e-04  2.21473234e-06  1.78081715e-04  0.00000000e+00  1.78081715e-04  0.00000000e+00 
 1.78181715e-04  4.70366144e-01  1.78181715e-04  6.79912715e-01  1.78181715e-04  1.90900956e-06  1.78181715e-04  1.08358573e-07  1.78181715e-04 -2.21457432e-06  1.78181715e-04  0.00000000e+00  1.78181715e-04  0.00000000e+00 
 1.78281715e-04  4.70365656e-01  1.78281715e-04  6.80230818e-01  1.78281715e-04  1.88128977e-06  1.78281715e-04 -1.08342795e-07  1.78281715e-04  2.21468367e-06  1.78281715e-04  0.00000000e+00  1.78281715e-04  0.00000000e+00 
 1.78381715e-04  4.70365157e-01  1.78381715e-04  6.79923875e-01  1.78381715e-04  1.90901540e-06  1.78381715e-04  1.08408662e-07  1.78381715e-04 -2.21452740e-06  1.78381715e-04  0.00000000e+00  1.78381715e-04  0.00000000e+00 
 1.78481715e-04  4.70364660e-01  1.78481715e-04  6.80220095e-01  1.78481715e-04  1.88128411e-06  1.78481715e-04 -1.08387260e-07  1.78481715e-04  2.21463841e-06  1.78481715e-04  0.00000000e+00  1.78481715e-04  0.00000000e+00 
 1.78581715e-04  4.70364170e-01  1.78581715e-04  6.79934232e-01  1.78581715e-04  1.90902088e-06  1.78581715e-04  1.08447923e-07  1.78581715e-04 -2.21448371e-06  1.78581715e-04  0.00000000e+00  1.78581715e-04  0.00000000e+00 
 1.78681715e-04  4.70363665e-01  1.78681715e-04  6.80210146e-01  1.78681715e-04  1.88127880e-06  1.78681715e-04 -1.08421707e-07  1.78681715e-04  2.21459618e-06  1.78681715e-04  0.00000000e+00  1.78681715e-04  0.00000000e+00 
 1.78781715e-04  4.70363183e-01  1.78781715e-04  6.79943838e-01  1.78781715e-04  1.90902602e-06  1.78781715e-04  1.08477920e-07  1.78781715e-04 -2.21444288e-06  1.78781715e-04  0.00000000e+00  1.78781715e-04  0.00000000e+00 
 1.78881715e-04  4.70362670e-01  1.78881715e-04  6.80200919e-01  1.78881715e-04  1.88127381e-06  1.78881715e-04 -1.08447594e-07  1.78881715e-04  2.21455666e-06  1.78881715e-04  0.00000000e+00  1.78881715e-04  0.00000000e+00 
 1.78981715e-04  4.70362194e-01  1.78981715e-04  6.79952743e-01  1.78981715e-04  1.90903086e-06  1.78981715e-04  1.08500014e-07  1.78981715e-04 -2.21440460e-06  1.78981715e-04  0.00000000e+00  1.78981715e-04  0.00000000e+00 
 1.79081715e-04  4.70361676e-01  1.79081715e-04  6.80192365e-01  1.79081715e-04  1.88126913e-06  1.79081715e-04 -1.08466188e-07  1.79081715e-04  2.21451955e-06  1.79081715e-04  0.00000000e+00  1.79081715e-04  0.00000000e+00 
 1.79181715e-04  4.70361206e-01  1.79181715e-04  6.79961285e-01  1.79181715e-04  1.90903536e-06  1.79181715e-04  1.08515407e-07  1.79181715e-04 -2.21436861e-06  1.79181715e-04  0.00000000e+00  1.79181715e-04  0.00000000e+00 
 1.79281715e-04  4.70360683e-01  1.79281715e-04  6.80184760e-01  1.79281715e-04  1.88126472e-06  1.79281715e-04 -1.08478625e-07  1.79281715e-04  2.21448453e-06  1.79281715e-04  0.00000000e+00  1.79281715e-04  0.00000000e+00 
 1.79381715e-04  4.70360217e-01  1.79381715e-04  6.79968909e-01  1.79381715e-04  1.90903963e-06  1.79381715e-04  1.08525095e-07  1.79381715e-04 -2.21433465e-06  1.79381715e-04  0.00000000e+00  1.79381715e-04  0.00000000e+00 
 1.79481715e-04  4.70359691e-01  1.79481715e-04  6.80177374e-01  1.79481715e-04  1.88126058e-06  1.79481715e-04 -1.08485800e-07  1.79481715e-04  2.21445151e-06  1.79481715e-04  0.00000000e+00  1.79481715e-04  0.00000000e+00 
 1.79581715e-04  4.70359228e-01  1.79581715e-04  6.79975973e-01  1.79581715e-04  1.90904364e-06  1.79581715e-04  1.08529962e-07  1.79581715e-04 -2.21430252e-06  1.79581715e-04  0.00000000e+00  1.79581715e-04  0.00000000e+00 
 1.79681715e-04  4.70358699e-01  1.79681715e-04  6.80170532e-01  1.79681715e-04  1.88125669e-06  1.79681715e-04 -1.08488552e-07  1.79681715e-04  2.21442022e-06  1.79681715e-04  0.00000000e+00  1.79681715e-04  0.00000000e+00 
 1.79781715e-04  4.70358238e-01  1.79781715e-04  6.79982521e-01  1.79781715e-04  1.90904741e-06  1.79781715e-04  1.08530778e-07  1.79781715e-04 -2.21427201e-06  1.79781715e-04  0.00000000e+00  1.79781715e-04  0.00000000e+00 
 1.79881715e-04  4.70357708e-01  1.79881715e-04  6.80164191e-01  1.79881715e-04  1.88125303e-06  1.79881715e-04 -1.08487596e-07  1.79881715e-04  2.21439047e-06  1.79881715e-04  0.00000000e+00  1.79881715e-04  0.00000000e+00 
 1.79981715e-04  4.70357248e-01  1.79981715e-04  6.79988592e-01  1.79981715e-04  1.90905096e-06  1.79981715e-04  1.08528205e-07  1.79981715e-04 -2.21424298e-06  1.79981715e-04  0.00000000e+00  1.79981715e-04  0.00000000e+00 
 1.80081715e-04  4.70356717e-01  1.80081715e-04  6.80158312e-01  1.80081715e-04  1.88124959e-06  1.80081715e-04 -1.08483550e-07  1.80081715e-04  2.21436212e-06  1.80081715e-04  0.00000000e+00  1.80081715e-04  0.00000000e+00 
 1.80181715e-04  4.70356258e-01  1.80181715e-04  6.79994223e-01  1.80181715e-04  1.90905430e-06  1.80181715e-04  1.08522818e-07  1.80181715e-04 -2.21421526e-06  1.80181715e-04  0.00000000e+00  1.80181715e-04  0.00000000e+00 
 1.80281715e-04  4.70355726e-01  1.80281715e-04  6.80152860e-01  1.80281715e-04  1.88124636e-06  1.80281715e-04 -1.08476944e-07  1.80281715e-04  2.21433501e-06  1.80281715e-04  0.00000000e+00  1.80281715e-04  0.00000000e+00 
 1.80381715e-04  4.70355267e-01  1.80381715e-04  6.79999448e-01  1.80381715e-04  1.90905744e-06  1.80381715e-04  1.08515108e-07  1.80381715e-04 -2.21418873e-06  1.80381715e-04  0.00000000e+00  1.80381715e-04  0.00000000e+00 
 1.80481715e-04  4.70354735e-01  1.80481715e-04  6.80147800e-01  1.80481715e-04  1.88124331e-06  1.80481715e-04 -1.08468236e-07  1.80481715e-04  2.21430904e-06  1.80481715e-04  0.00000000e+00  1.80481715e-04  0.00000000e+00 
 1.80581715e-04  4.70354276e-01  1.80581715e-04  6.80004299e-01  1.80581715e-04  1.90906040e-06  1.80581715e-04  1.08505501e-07  1.80581715e-04 -2.21416328e-06  1.80581715e-04  0.00000000e+00  1.80581715e-04  0.00000000e+00 
 1.80681715e-04  4.70353745e-01  1.80681715e-04  6.80143103e-01  1.80681715e-04  1.88124044e-06  1.80681715e-04 -1.08457821e-07  1.80681715e-04  2.21428408e-06  1.80681715e-04  0.00000000e+00  1.80681715e-04  0.00000000e+00 
 1.80781715e-04  4.70353285e-01  1.80781715e-04  6.80008806e-01  1.80781715e-04  1.90906319e-06  1.80781715e-04  1.08494362e-07  1.80781715e-04 -2.21413879e-06  1.80781715e-04  0.00000000e+00  1.80781715e-04  0.00000000e+00 
 1.80881715e-04  4.70352754e-01  1.80881715e-04  6.80138739e-01  1.80881715e-04  1.88123773e-06  1.80881715e-04 -1.08446036e-07  1.80881715e-04  2.21426004e-06  1.80881715e-04  0.00000000e+00  1.80881715e-04  0.00000000e+00 
 1.80981715e-04  4.70352294e-01  1.80981715e-04  6.80012994e-01  1.80981715e-04  1.90906582e-06  1.80981715e-04  1.08482004e-07  1.80981715e-04 -2.21411517e-06  1.80981715e-04  0.00000000e+00  1.80981715e-04  0.00000000e+00 
 1.81081715e-04  4.70351764e-01  1.81081715e-04  6.80134683e-01  1.81081715e-04  1.88123518e-06  1.81081715e-04 -1.08433171e-07  1.81081715e-04  2.21423683e-06  1.81081715e-04  0.00000000e+00  1.81081715e-04  0.00000000e+00 
 1.81181715e-04  4.70351303e-01  1.81181715e-04  6.80016890e-01  1.81181715e-04  1.90906830e-06  1.81181715e-04  1.08468695e-07  1.81181715e-04 -2.21409234e-06  1.81181715e-04  0.00000000e+00  1.81181715e-04  0.00000000e+00 
 1.81281715e-04  4.70350774e-01  1.81281715e-04  6.80130909e-01  1.81281715e-04  1.88123277e-06  1.81281715e-04 -1.08419475e-07  1.81281715e-04  2.21421437e-06  1.81281715e-04  0.00000000e+00  1.81281715e-04  0.00000000e+00 
 1.81381715e-04  4.70350311e-01  1.81381715e-04  6.80020516e-01  1.81381715e-04  1.90907064e-06  1.81381715e-04  1.08454666e-07  1.81381715e-04 -2.21407024e-06  1.81381715e-04  0.00000000e+00  1.81381715e-04  0.00000000e+00 
 1.81481715e-04  4.70349784e-01  1.81481715e-04  6.80127397e-01  1.81481715e-04  1.88123050e-06  1.81481715e-04 -1.08405161e-07  1.81481715e-04  2.21419260e-06  1.81481715e-04  0.00000000e+00  1.81481715e-04  0.00000000e+00 
 1.81581715e-04  4.70349320e-01  1.81581715e-04  6.80023892e-01  1.81581715e-04  1.90907285e-06  1.81581715e-04  1.08440112e-07  1.81581715e-04 -2.21404878e-06  1.81581715e-04  0.00000000e+00  1.81581715e-04  0.00000000e+00 
 1.81681715e-04  4.70348794e-01  1.81681715e-04  6.80124126e-01  1.81681715e-04  1.88122836e-06  1.81681715e-04 -1.08390409e-07  1.81681715e-04  2.21417145e-06  1.81681715e-04  0.00000000e+00  1.81681715e-04  0.00000000e+00 
 1.81781715e-04  4.70348328e-01  1.81781715e-04  6.80027039e-01  1.81781715e-04  1.90907493e-06  1.81781715e-04  1.08425201e-07  1.81781715e-04 -2.21402792e-06  1.81781715e-04  0.00000000e+00  1.81781715e-04  0.00000000e+00 
 1.81881715e-04  4.70347804e-01  1.81881715e-04  6.80121076e-01  1.81881715e-04  1.88122633e-06  1.81881715e-04 -1.08375374e-07  1.81881715e-04  2.21415087e-06  1.81881715e-04  0.00000000e+00  1.81881715e-04  0.00000000e+00 
 1.81981715e-04  4.70347337e-01  1.81981715e-04  6.80029973e-01  1.81981715e-04  1.90907690e-06  1.81981715e-04  1.08410075e-07  1.81981715e-04 -2.21400760e-06  1.81981715e-04  0.00000000e+00  1.81981715e-04  0.00000000e+00 
 1.82081715e-04  4.70346814e-01  1.82081715e-04  6.80118231e-01  1.82081715e-04  1.88122442e-06  1.82081715e-04 -1.08360187e-07  1.82081715e-04  2.21413080e-06  1.82081715e-04  0.00000000e+00  1.82081715e-04  0.00000000e+00 
 1.82181715e-04  4.70346345e-01  1.82181715e-04  6.80032713e-01  1.82181715e-04  1.90907876e-06  1.82181715e-04  1.08394854e-07  1.82181715e-04 -2.21398777e-06  1.82181715e-04  0.00000000e+00  1.82181715e-04  0.00000000e+00 
 1.82281715e-04  4.70345824e-01  1.82281715e-04  6.80115575e-01  1.82281715e-04  1.88122262e-06  1.82281715e-04 -1.08344958e-07  1.82281715e-04  2.21411120e-06  1.82281715e-04  0.00000000e+00  1.82281715e-04  0.00000000e+00 
 1.82381715e-04  4.70345353e-01  1.82381715e-04  6.80035271e-01  1.82381715e-04  1.90908052e-06  1.82381715e-04  1.08379640e-07  1.82381715e-04 -2.21396839e-06  1.82381715e-04  0.00000000e+00  1.82381715e-04  0.00000000e+00 
 1.82481715e-04  4.70344834e-01  1.82481715e-04  6.80113093e-01  1.82481715e-04  1.88122091e-06  1.82481715e-04 -1.08329780e-07  1.82481715e-04  2.21409203e-06  1.82481715e-04  0.00000000e+00  1.82481715e-04  0.00000000e+00 
 1.82581715e-04  4.70344361e-01  1.82581715e-04  6.80037663e-01  1.82581715e-04  1.90908218e-06  1.82581715e-04  1.08364517e-07  1.82581715e-04 -2.21394942e-06  1.82581715e-04  0.00000000e+00  1.82581715e-04  0.00000000e+00 
 1.82681715e-04  4.70343844e-01  1.82681715e-04  6.80110773e-01  1.82681715e-04  1.88121930e-06  1.82681715e-04 -1.08314730e-07  1.82681715e-04  2.21407326e-06  1.82681715e-04  0.00000000e+00  1.82681715e-04  0.00000000e+00 
 1.82781715e-04  4.70343370e-01  1.82781715e-04  6.80039902e-01  1.82781715e-04  1.90908375e-06  1.82781715e-04  1.08349557e-07  1.82781715e-04 -2.21393083e-06  1.82781715e-04  0.00000000e+00  1.82781715e-04  0.00000000e+00 
 1.82881715e-04  4.70342854e-01  1.82881715e-04  6.80108600e-01  1.82881715e-04  1.88121777e-06  1.82881715e-04 -1.08299874e-07  1.82881715e-04  2.21405484e-06  1.82881715e-04  0.00000000e+00  1.82881715e-04  0.00000000e+00 
 1.82981715e-04  4.70342378e-01  1.82981715e-04  6.80041998e-01  1.82981715e-04  1.90908523e-06  1.82981715e-04  1.08334819e-07  1.82981715e-04 -2.21391259e-06  1.82981715e-04  0.00000000e+00  1.82981715e-04  0.00000000e+00 
 1.83081715e-04  4.70341864e-01  1.83081715e-04  6.80106566e-01  1.83081715e-04  1.88121633e-06  1.83081715e-04 -1.08285265e-07  1.83081715e-04  2.21403676e-06  1.83081715e-04  0.00000000e+00  1.83081715e-04  0.00000000e+00 
 1.83181715e-04  4.70341386e-01  1.83181715e-04  6.80043962e-01  1.83181715e-04  1.90908664e-06  1.83181715e-04  1.08320350e-07  1.83181715e-04 -2.21389466e-06  1.83181715e-04  0.00000000e+00  1.83181715e-04  0.00000000e+00 
 1.83281715e-04  4.70340874e-01  1.83281715e-04  6.80104658e-01  1.83281715e-04  1.88121496e-06  1.83281715e-04 -1.08270946e-07  1.83281715e-04  2.21401898e-06  1.83281715e-04  0.00000000e+00  1.83281715e-04  0.00000000e+00 
 1.83381715e-04  4.70340395e-01  1.83381715e-04  6.80045805e-01  1.83381715e-04  1.90908797e-06  1.83381715e-04  1.08306189e-07  1.83381715e-04 -2.21387703e-06  1.83381715e-04  0.00000000e+00  1.83381715e-04  0.00000000e+00 
 1.83481715e-04  4.70339883e-01  1.83481715e-04  6.80102867e-01  1.83481715e-04  1.88121367e-06  1.83481715e-04 -1.08256952e-07  1.83481715e-04  2.21400149e-06  1.83481715e-04  0.00000000e+00  1.83481715e-04  0.00000000e+00 
 1.83581715e-04  4.70339403e-01  1.83581715e-04  6.80047535e-01  1.83581715e-04  1.90908922e-06  1.83581715e-04  1.08292369e-07  1.83581715e-04 -2.21385966e-06  1.83581715e-04  0.00000000e+00  1.83581715e-04  0.00000000e+00 
 1.83681715e-04  4.70338893e-01  1.83681715e-04  6.80101186e-01  1.83681715e-04  1.88121245e-06  1.83681715e-04 -1.08243311e-07  1.83681715e-04  2.21398425e-06  1.83681715e-04  0.00000000e+00  1.83681715e-04  0.00000000e+00 
 1.83781715e-04  4.70338411e-01  1.83781715e-04  6.80049161e-01  1.83781715e-04  1.90909041e-06  1.83781715e-04  1.08278913e-07  1.83781715e-04 -2.21384255e-06  1.83781715e-04  0.00000000e+00  1.83781715e-04  0.00000000e+00 
 1.83881715e-04  4.70337903e-01  1.83881715e-04  6.80099605e-01  1.83881715e-04  1.88121129e-06  1.83881715e-04 -1.08230044e-07  1.83881715e-04  2.21396725e-06  1.83881715e-04  0.00000000e+00  1.83881715e-04  0.00000000e+00 
 1.83981715e-04  4.70337420e-01  1.83981715e-04  6.80050691e-01  1.83981715e-04  1.90909154e-06  1.83981715e-04  1.08265839e-07  1.83981715e-04 -2.21382566e-06  1.83981715e-04  0.00000000e+00  1.83981715e-04  0.00000000e+00 
 1.84081715e-04  4.70336913e-01  1.84081715e-04  6.80098117e-01  1.84081715e-04  1.88121020e-06  1.84081715e-04 -1.08217168e-07  1.84081715e-04  2.21395048e-06  1.84081715e-04  0.00000000e+00  1.84081715e-04  0.00000000e+00 
 1.84181715e-04  4.70336428e-01  1.84181715e-04  6.80052131e-01  1.84181715e-04  1.90909260e-06  1.84181715e-04  1.08253163e-07  1.84181715e-04 -2.21380899e-06  1.84181715e-04  0.00000000e+00  1.84181715e-04  0.00000000e+00 
 1.84281715e-04  4.70335923e-01  1.84281715e-04  6.80096716e-01  1.84281715e-04  1.88120916e-06  1.84281715e-04 -1.08204693e-07  1.84281715e-04  2.21393391e-06  1.84281715e-04  0.00000000e+00  1.84281715e-04  0.00000000e+00 
 1.84381715e-04  4.70335437e-01  1.84381715e-04  6.80053488e-01  1.84381715e-04  1.90909361e-06  1.84381715e-04  1.08240892e-07  1.84381715e-04 -2.21379251e-06  1.84381715e-04  0.00000000e+00  1.84381715e-04  0.00000000e+00 
 1.84481715e-04  4.70334932e-01  1.84481715e-04  6.80095395e-01  1.84481715e-04  1.88120818e-06  1.84481715e-04 -1.08192628e-07  1.84481715e-04  2.21391752e-06  1.84481715e-04  0.00000000e+00  1.84481715e-04  0.00000000e+00 
 1.84581715e-04  4.70334445e-01  1.84581715e-04  6.80054768e-01  1.84581715e-04  1.90909456e-06  1.84581715e-04  1.08229033e-07  1.84581715e-04 -2.21377622e-06  1.84581715e-04  0.00000000e+00  1.84581715e-04  0.00000000e+00 
 1.84681715e-04  4.70333942e-01  1.84681715e-04  6.80094149e-01  1.84681715e-04  1.88120726e-06  1.84681715e-04 -1.08180975e-07  1.84681715e-04  2.21390132e-06  1.84681715e-04  0.00000000e+00  1.84681715e-04  0.00000000e+00 
 1.84781715e-04  4.70333454e-01  1.84781715e-04  6.80055977e-01  1.84781715e-04  1.90909547e-06  1.84781715e-04  1.08217587e-07  1.84781715e-04 -2.21376010e-06  1.84781715e-04  0.00000000e+00  1.84781715e-04  0.00000000e+00 
 1.84881715e-04  4.70332952e-01  1.84881715e-04  6.80092971e-01  1.84881715e-04  1.88120638e-06  1.84881715e-04 -1.08169737e-07  1.84881715e-04  2.21388528e-06  1.84881715e-04  0.00000000e+00  1.84881715e-04  0.00000000e+00 
 1.84940858e-04  4.70332665e-01  1.84940858e-04  6.80057499e-01  1.84940858e-04  1.90909661e-06  1.84940858e-04  1.08202840e-07  1.84940858e-04 -2.21373866e-06  1.84940858e-04  0.00000000e+00  1.84940858e-04  0.00000000e+00 
 1.85000000e-04  4.70332366e-01  1.85000000e-04  6.80091124e-01  1.85000000e-04  1.88120500e-06  1.85000000e-04 -1.08151670e-07  1.85000000e-04  2.21385850e-06  1.85000000e-04  0.00000000e+00  1.85000000e-04  0.00000000e+00 
 1.85000001e-04  4.70335573e-01  1.85000001e-04  6.81096206e-01  1.85000001e-04  1.66081040e-06  1.85000001e-04  2.79304812e-06  1.85000001e-04 -5.91300449e-07  1.85000001e-04  1.20000000e-01  1.85000001e-04  0.00000000e+00 
 1.85000003e-04  4.70341850e-01  1.85000003e-04  6.82963916e-01  1.85000003e-04  1.67637366e-06  1.85000003e-04  2.46710934e-06  1.85000003e-04 -7.67978581e-07  1.85000003e-04  3.59999999e-01  1.85000003e-04  0.00000000e+00 
 1.85000006e-04  4.70352779e-01  1.85000006e-04  6.86042764e-01  1.85000006e-04  1.67807148e-06  1.85000006e-04  1.39905094e-06  1.85000006e-04 -5.18400688e-07  1.85000006e-04  7.79999997e-01  1.85000006e-04  0.00000000e+00 
 1.85000010e-04  4.70360705e-01  1.85000010e-04  6.88030895e-01  1.85000010e-04  1.81421738e-06  1.85000010e-04 -9.67968050e-07  1.85000010e-04 -2.98901520e-07  1.85000010e-04  1.20000000e+00  1.85000010e-04  0.00000000e+00 
 1.85000011e-04  4.70360163e-01  1.85000011e-04  6.87741263e-01  1.85000011e-04  1.97342204e-06  1.85000011e-04 -3.38420818e-06  1.85000011e-04  2.81430062e-07  1.85000011e-04  1.20000000e+00  1.85000011e-04  0.00000000e+00 
 1.85000012e-04  4.70358849e-01  1.85000012e-04  6.87157390e-01  1.85000012e-04  1.99016707e-06  1.85000012e-04 -3.68213282e-06  1.85000012e-04  3.66859135e-07  1.85000012e-04  1.20000000e+00  1.85000012e-04  0.00000000e+00 
 1.85000015e-04  4.70356072e-01  1.85000015e-04  6.86087865e-01  1.85000015e-04  1.96286719e-06  1.85000015e-04 -2.80336591e-06  1.85000015e-04  2.29625740e-07  1.85000015e-04  1.20000000e+00  1.85000015e-04  0.00000000e+00 
 1.85000020e-04  4.70350398e-01  1.85000020e-04  6.84195608e-01  1.85000020e-04  1.97559109e-06  1.85000020e-04 -2.30914607e-06  1.85000020e-04  2.80452186e-07  1.85000020e-04  1.20000000e+00  1.85000020e-04  0.00000000e+00 
 1.85000031e-04  4.70335965e-01  1.85000031e-04  6.80068024e-01  1.85000031e-04  1.99117193e-06  1.85000031e-04 -7.44430659e-07  1.85000031e-04  2.64520694e-07  1.85000031e-04  1.20000000e+00  1.85000031e-04  0.00000000e+00 
 1.85000054e-04  4.70271651e-01  1.85000054e-04  6.59649567e-01  1.85000054e-04  2.27911974e-06  1.85000054e-04  9.38205863e-07  1.85000054e-04  1.06869090e-06  1.85000054e-04  1.20000000e+00  1.85000054e-04  0.00000000e+00 
 1.85000079e-04  4.70235976e-01  1.85000079e-04  6.44913395e-01  1.85000079e-04  1.86689034e-06  1.85000079e-04  6.63050787e-06  1.85000079e-04 -2.61859595e-07  1.85000079e-04  1.20000000e+00  1.85000079e-04  0.00000000e+00 
 1.85000108e-04  4.70258243e-01  1.85000108e-04  6.36683056e-01  1.85000108e-04  2.14092507e-06  1.85000108e-04  2.06959357e-07  1.85000108e-04  6.47404575e-07  1.85000108e-04  1.20000000e+00  1.85000108e-04  0.00000000e+00 
 1.85000161e-04  4.70332076e-01  1.85000161e-04  6.27922706e-01  1.85000161e-04  1.78982698e-06  1.85000161e-04  4.21266385e-06  1.85000161e-04 -4.38125632e-07  1.85000161e-04  1.20000000e+00  1.85000161e-04  0.00000000e+00 
 1.85000213e-04  4.70396794e-01  1.85000213e-04  6.22825930e-01  1.85000213e-04  2.08636273e-06  1.85000213e-04 -1.08734762e-06  1.85000213e-04  5.40151791e-07  1.85000213e-04  1.20000000e+00  1.85000213e-04  0.00000000e+00 
 1.85000316e-04  4.70491560e-01  1.85000316e-04  6.18459649e-01  1.85000316e-04  1.74280647e-06  1.85000316e-04  3.50244698e-06  1.85000316e-04 -5.20928989e-07  1.85000316e-04  1.20000000e+00  1.85000316e-04  0.00000000e+00 
 1.85000522e-04  4.70602003e-01  1.85000522e-04  6.19338533e-01  1.85000522e-04  2.04303435e-06  1.85000522e-04 -1.68808237e-06  1.85000522e-04  4.71108817e-07  1.85000522e-04  1.20000000e+00  1.85000522e-04  0.00000000e+00 
 1.85000935e-04  4.70698657e-01  1.85000935e-04  6.29721442e-01  1.85000935e-04  1.72228702e-06  1.85000935e-04  3.05433720e-06  1.85000935e-04 -5.40905067e-07  1.85000935e-04  1.20000000e+00  1.85000935e-04  0.00000000e+00 
 1.85001591e-04  4.70760000e-01  1.85001591e-04  6.43385448e-01  1.85001591e-04  2.04765069e-06  1.85001591e-04 -1.97481122e-06  1.85001591e-04  4.94480317e-07  1.85001591e-04  1.20000000e+00  1.85001591e-04  0.00000000e+00 
 1.85002827e-04  4.70822502e-01  1.85002827e-04  6.57342754e-01  1.85002827e-04  1.73394402e-06  1.85002827e-04  2.90672224e-06  1.85002827e-04 -5.10385907e-07  1.85002827e-04  1.20000000e+00  1.85002827e-04  0.00000000e+00 
 1.85005300e-04  4.70931968e-01  1.85005300e-04  6.70704268e-01  1.85005300e-04  2.05366394e-06  1.85005300e-04 -1.97553635e-06  1.85005300e-04  5.09628473e-07  1.85005300e-04  1.20000000e+00  1.85005300e-04  0.00000000e+00 
 1.85010245e-04  4.71161117e-01  1.85010245e-04  6.78526789e-01  1.85010245e-04  1.73635310e-06  1.85010245e-04  2.95308569e-06  1.85010245e-04 -5.07504408e-07  1.85010245e-04  1.20000000e+00  1.85010245e-04  0.00000000e+00 
 1.85020137e-04  4.71605748e-01  1.85020137e-04  6.79960272e-01  1.85020137e-04  2.05417372e-06  1.85020137e-04 -2.00121057e-06  1.85020137e-04  5.07922670e-07  1.85020137e-04  1.20000000e+00  1.85020137e-04  0.00000000e+00 
 1.85038848e-04  4.72417232e-01  1.85038848e-04  6.80274429e-01  1.85038848e-04  1.73615213e-06  1.85038848e-04  2.94108422e-06  1.85038848e-04 -5.07839660e-07  1.85038848e-04  1.20000000e+00  1.85038848e-04  0.00000000e+00 
 1.85076271e-04  4.74028111e-01  1.85076271e-04  6.79858697e-01  1.85076271e-04  2.05415020e-06  1.85076271e-04 -1.99941187e-06  1.85076271e-04  5.07994421e-07  1.85076271e-04  1.20000000e+00  1.85076271e-04  0.00000000e+00 
 1.85151116e-04  4.77225824e-01  1.85151116e-04  6.80301585e-01  1.85151116e-04  1.73615051e-06  1.85151116e-04  2.94045643e-06  1.85151116e-04 -5.07870584e-07  1.85151116e-04  1.20000000e+00  1.85151116e-04  0.00000000e+00 
 1.85251116e-04  4.81501685e-01  1.85251116e-04  6.79848056e-01  1.85251116e-04  2.05415309e-06  1.85251116e-04 -1.99886782e-06  1.85251116e-04  5.08012214e-07  1.85251116e-04  1.20000000e+00  1.85251116e-04  0.00000000e+00 
 1.85351116e-04  4.85774604e-01  1.85351116e-04  6.80308615e-01  1.85351116e-04  1.73614731e-06  1.85351116e-04  2.94029112e-06  1.85351116e-04 -5.07884525e-07  1.85351116e-04  1.20000000e+00  1.85351116e-04  0.00000000e+00 
 1.85451116e-04  4.90051994e-01  1.85451116e-04  6.79842849e-01  1.85451116e-04  2.05415679e-06  1.85451116e-04 -1.99838089e-06  1.85451116e-04  5.08026951e-07  1.85451116e-04  1.20000000e+00  1.85451116e-04  0.00000000e+00 
 1.85551116e-04  4.94326203e-01  1.85551116e-04  6.80312538e-01  1.85551116e-04  1.73614318e-06  1.85551116e-04  2.94014024e-06  1.85551116e-04 -5.07897968e-07  1.85551116e-04  1.20000000e+00  1.85551116e-04  0.00000000e+00 
 1.85651116e-04  4.98604883e-01  1.85651116e-04  6.79840382e-01  1.85651116e-04  2.05416126e-06  1.85651116e-04 -1.99790914e-06  1.85651116e-04  5.08041242e-07  1.85651116e-04  1.20000000e+00  1.85651116e-04  0.00000000e+00 
 1.85751116e-04  5.02880460e-01  1.85751116e-04  6.80314041e-01  1.85751116e-04  1.73613843e-06  1.85751116e-04  2.94000097e-06  1.85751116e-04 -5.07911014e-07  1.85751116e-04  1.20000000e+00  1.85751116e-04  0.00000000e+00 
 1.85851116e-04  5.07160405e-01  1.85851116e-04  6.79840039e-01  1.85851116e-04  2.05416625e-06  1.85851116e-04 -1.99745037e-06  1.85851116e-04  5.08055174e-07  1.85851116e-04  1.20000000e+00  1.85851116e-04  0.00000000e+00 
 1.85951116e-04  5.11437353e-01  1.85951116e-04  6.80313668e-01  1.85951116e-04  1.73613325e-06  1.85951116e-04  2.93987156e-06  1.85951116e-04 -5.07923738e-07  1.85951116e-04  1.20000000e+00  1.85951116e-04  0.00000000e+00 
 1.86051116e-04  5.15718566e-01  1.86051116e-04  6.79841335e-01  1.86051116e-04  2.05417159e-06  1.86051116e-04 -1.99700327e-06  1.86051116e-04  5.08068805e-07  1.86051116e-04  1.20000000e+00  1.86051116e-04  0.00000000e+00 
 1.86151116e-04  5.19996881e-01  1.86151116e-04  6.80311848e-01  1.86151116e-04  1.73612779e-06  1.86151116e-04  2.93975098e-06  1.86151116e-04 -5.07936186e-07  1.86151116e-04  1.20000000e+00  1.86151116e-04  0.00000000e+00 
 1.86251116e-04  5.24279368e-01  1.86251116e-04  6.79843887e-01  1.86251116e-04  2.05417715e-06  1.86251116e-04 -1.99656705e-06  1.86251116e-04  5.08082174e-07  1.86251116e-04  1.20000000e+00  1.86251116e-04  0.00000000e+00 
 1.86351116e-04  5.28559044e-01  1.86351116e-04  6.80308921e-01  1.86351116e-04  1.73612216e-06  1.86351116e-04  2.93963865e-06  1.86351116e-04 -5.07948391e-07  1.86351116e-04  1.20000000e+00  1.86351116e-04  0.00000000e+00 
 1.86451116e-04  5.32842808e-01  1.86451116e-04  6.79847393e-01  1.86451116e-04  2.05418283e-06  1.86451116e-04 -1.99614132e-06  1.86451116e-04  5.08095306e-07  1.86451116e-04  1.20000000e+00  1.86451116e-04  0.00000000e+00 
 1.86551116e-04  5.37123842e-01  1.86551116e-04  6.80305153e-01  1.86551116e-04  1.73611644e-06  1.86551116e-04  2.93953429e-06  1.86551116e-04 -5.07960370e-07  1.86551116e-04  1.20000000e+00  1.86551116e-04  0.00000000e+00 
 1.86651116e-04  5.41408887e-01  1.86651116e-04  6.79851617e-01  1.86651116e-04  2.05418858e-06  1.86651116e-04 -1.99572588e-06  1.86651116e-04  5.08108213e-07  1.86651116e-04  1.20000000e+00  1.86651116e-04  0.00000000e+00 
 1.86751116e-04  5.45691273e-01  1.86751116e-04  6.80300756e-01  1.86751116e-04  1.73611068e-06  1.86751116e-04  2.93943776e-06  1.86751116e-04 -5.07972131e-07  1.86751116e-04  1.20000000e+00  1.86751116e-04  0.00000000e+00 
 1.86851116e-04  5.49977600e-01  1.86851116e-04  6.79856371e-01  1.86851116e-04  2.05419433e-06  1.86851116e-04 -1.99532067e-06  1.86851116e-04  5.08120901e-07  1.86851116e-04  1.20000000e+00  1.86851116e-04  0.00000000e+00 
 1.86951116e-04  5.54261336e-01  1.86951116e-04  6.80295895e-01  1.86951116e-04  1.73610494e-06  1.86951116e-04  2.93934904e-06  1.86951116e-04 -5.07983677e-07  1.86951116e-04  1.20000000e+00  1.86951116e-04  0.00000000e+00 
 1.87051116e-04  5.58548943e-01  1.87051116e-04  6.79861511e-01  1.87051116e-04  2.05420005e-06  1.87051116e-04 -1.99492570e-06  1.87051116e-04  5.08133370e-07  1.87051116e-04  1.20000000e+00  1.87051116e-04  0.00000000e+00 
 1.87151116e-04  5.62834024e-01  1.87151116e-04  6.80290701e-01  1.87151116e-04  1.73609924e-06  1.87151116e-04  2.93926815e-06  1.87151116e-04 -5.07995006e-07  1.87151116e-04  1.20000000e+00  1.87151116e-04  0.00000000e+00 
 1.87251116e-04  5.67122912e-01  1.87251116e-04  6.79866918e-01  1.87251116e-04  2.05420572e-06  1.87251116e-04 -1.99454097e-06  1.87251116e-04  5.08145615e-07  1.87251116e-04  1.20000000e+00  1.87251116e-04  0.00000000e+00 
 1.87351116e-04  5.71409333e-01  1.87351116e-04  6.80285279e-01  1.87351116e-04  1.73609361e-06  1.87351116e-04  2.93919510e-06  1.87351116e-04 -5.08006114e-07  1.87351116e-04  1.20000000e+00  1.87351116e-04  0.00000000e+00 
 1.87451116e-04  5.75699499e-01  1.87451116e-04  6.79872503e-01  1.87451116e-04  2.05421131e-06  1.87451116e-04 -1.99416649e-06  1.87451116e-04  5.08157632e-07  1.87451116e-04  1.20000000e+00  1.87451116e-04  0.00000000e+00 
 1.87551116e-04  5.79987255e-01  1.87551116e-04  6.80279710e-01  1.87551116e-04  1.73608807e-06  1.87551116e-04  2.93912989e-06  1.87551116e-04 -5.08016993e-07  1.87551116e-04  1.20000000e+00  1.87551116e-04  0.00000000e+00 
 1.87651116e-04  5.84278696e-01  1.87651116e-04  6.79878192e-01  1.87651116e-04  2.05421681e-06  1.87651116e-04 -1.99380225e-06  1.87651116e-04  5.08169413e-07  1.87651116e-04  1.20000000e+00  1.87651116e-04  0.00000000e+00 
 1.87751116e-04  5.88567781e-01  1.87751116e-04  6.80274060e-01  1.87751116e-04  1.73608263e-06  1.87751116e-04  2.93907251e-06  1.87751116e-04 -5.08027636e-07  1.87751116e-04  1.20000000e+00  1.87751116e-04  0.00000000e+00 
 1.87851116e-04  5.92860493e-01  1.87851116e-04  6.79883929e-01  1.87851116e-04  2.05422219e-06  1.87851116e-04 -1.99344820e-06  1.87851116e-04  5.08180951e-07  1.87851116e-04  1.20000000e+00  1.87851116e-04  0.00000000e+00 
 1.87951116e-04  5.97150901e-01  1.87951116e-04  6.80268380e-01  1.87951116e-04  1.73607730e-06  1.87951116e-04  2.93902289e-06  1.87951116e-04 -5.08038038e-07  1.87951116e-04  1.20000000e+00  1.87951116e-04  0.00000000e+00 
 1.88051116e-04  6.01444879e-01  1.88051116e-04  6.79889668e-01  1.88051116e-04  2.05422746e-06  1.88051116e-04 -1.99310425e-06  1.88051116e-04  5.08192239e-07  1.88051116e-04  1.20000000e+00  1.88051116e-04  0.00000000e+00 
 1.88151116e-04  6.05736603e-01  1.88151116e-04  6.80262712e-01  1.88151116e-04  1.73607209e-06  1.88151116e-04  2.93898095e-06  1.88151116e-04 -5.08048189e-07  1.88151116e-04  1.20000000e+00  1.88151116e-04  0.00000000e+00 
 1.88251116e-04  6.10031842e-01  1.88251116e-04  6.79895373e-01  1.88251116e-04  2.05423261e-06  1.88251116e-04 -1.99277027e-06  1.88251116e-04  5.08203270e-07  1.88251116e-04  1.20000000e+00  1.88251116e-04  0.00000000e+00 
 1.88351116e-04  6.14324874e-01  1.88351116e-04  6.80257089e-01  1.88351116e-04  1.73606701e-06  1.88351116e-04  2.93894657e-06  1.88351116e-04 -5.08058084e-07  1.88351116e-04  1.20000000e+00  1.88351116e-04  0.00000000e+00 
 1.88451116e-04  6.18621369e-01  1.88451116e-04  6.79901016e-01  1.88451116e-04  2.05423763e-06  1.88451116e-04 -1.99244610e-06  1.88451116e-04  5.08214038e-07  1.88451116e-04  1.20000000e+00  1.88451116e-04  0.00000000e+00 
 1.88551116e-04  6.22915702e-01  1.88551116e-04  6.80251535e-01  1.88551116e-04  1.73606205e-06  1.88551116e-04  2.93891958e-06  1.88551116e-04 -5.08067717e-07  1.88551116e-04  1.20000000e+00  1.88551116e-04  0.00000000e+00 
 1.88651116e-04  6.27213447e-01  1.88651116e-04  6.79906575e-01  1.88651116e-04  2.05424252e-06  1.88651116e-04 -1.99213155e-06  1.88651116e-04  5.08224538e-07  1.88651116e-04  1.20000000e+00  1.88651116e-04  0.00000000e+00 
 1.88751116e-04  6.31509073e-01  1.88751116e-04  6.80246073e-01  1.88751116e-04  1.73605723e-06  1.88751116e-04  2.93889982e-06  1.88751116e-04 -5.08077084e-07  1.88751116e-04  1.20000000e+00  1.88751116e-04  0.00000000e+00 
 1.88851116e-04  6.35808061e-01  1.88851116e-04  6.79912031e-01  1.88851116e-04  2.05424727e-06  1.88851116e-04 -1.99182640e-06  1.88851116e-04  5.08234766e-07  1.88851116e-04  1.20000000e+00  1.88851116e-04  0.00000000e+00 
 1.88951116e-04  6.40104972e-01  1.88951116e-04  6.80240716e-01  1.88951116e-04  1.73605255e-06  1.88951116e-04  2.93888707e-06  1.88951116e-04 -5.08086180e-07  1.88951116e-04  1.20000000e+00  1.88951116e-04  0.00000000e+00 
 1.89051116e-04  6.44405197e-01  1.89051116e-04  6.79917371e-01  1.89051116e-04  2.05425189e-06  1.89051116e-04 -1.99153040e-06  1.89051116e-04  5.08244717e-07  1.89051116e-04  1.20000000e+00  1.89051116e-04  0.00000000e+00 
 1.89151116e-04  6.48703385e-01  1.89151116e-04  6.80235480e-01  1.89151116e-04  1.73604800e-06  1.89151116e-04  2.93888111e-06  1.89151116e-04 -5.08095003e-07  1.89151116e-04  1.20000000e+00  1.89151116e-04  0.00000000e+00 
 1.89251116e-04  6.53004841e-01  1.89251116e-04  6.79922585e-01  1.89251116e-04  2.05425637e-06  1.89251116e-04 -1.99124327e-06  1.89251116e-04  5.08254391e-07  1.89251116e-04  1.20000000e+00  1.89251116e-04  0.00000000e+00 
 1.89351116e-04  6.57304296e-01  1.89351116e-04  6.80230371e-01  1.89351116e-04  1.73604358e-06  1.89351116e-04  2.93888172e-06  1.89351116e-04 -5.08103551e-07  1.89351116e-04  1.20000000e+00  1.89351116e-04  0.00000000e+00 
 1.89451116e-04  6.61606976e-01  1.89451116e-04  6.79927665e-01  1.89451116e-04  2.05426072e-06  1.89451116e-04 -1.99096473e-06  1.89451116e-04  5.08263785e-07  1.89451116e-04  1.20000000e+00  1.89451116e-04  0.00000000e+00 
 1.89551116e-04  6.65907691e-01  1.89551116e-04  6.80225399e-01  1.89551116e-04  1.73603930e-06  1.89551116e-04  2.93888864e-06  1.89551116e-04 -5.08111823e-07  1.89551116e-04  1.20000000e+00  1.89551116e-04  0.00000000e+00 
 1.89651116e-04  6.70211588e-01  1.89651116e-04  6.79932606e-01  1.89651116e-04  2.05426493e-06  1.89651116e-04 -1.99069448e-06  1.89651116e-04  5.08272899e-07  1.89651116e-04  1.20000000e+00  1.89651116e-04  0.00000000e+00 
 1.89751116e-04  6.74513554e-01  1.89751116e-04  6.80220568e-01  1.89751116e-04  1.73603515e-06  1.89751116e-04  2.93890162e-06  1.89751116e-04 -5.08119818e-07  1.89751116e-04  1.20000000e+00  1.89751116e-04  0.00000000e+00 
 1.89851116e-04  6.78818661e-01  1.89851116e-04  6.79937402e-01  1.89851116e-04  2.05426902e-06  1.89851116e-04 -1.99043219e-06  1.89851116e-04  5.08281733e-07  1.89851116e-04  1.20000000e+00  1.89851116e-04  0.00000000e+00 
 1.89951116e-04  6.83121870e-01  1.89951116e-04  6.80215882e-01  1.89951116e-04  1.73603114e-06  1.89951116e-04  2.93892041e-06  1.89951116e-04 -5.08127539e-07  1.89951116e-04  1.20000000e+00  1.89951116e-04  0.00000000e+00 
 1.90051116e-04  6.87428180e-01  1.90051116e-04  6.79942053e-01  1.90051116e-04  2.05427297e-06  1.90051116e-04 -1.99017756e-06  1.90051116e-04  5.08290290e-07  1.90051116e-04  1.20000000e+00  1.90051116e-04  0.00000000e+00 
 1.90151116e-04  6.91732624e-01  1.90151116e-04  6.80211342e-01  1.90151116e-04  1.73602725e-06  1.90151116e-04  2.93894475e-06  1.90151116e-04 -5.08134985e-07  1.90151116e-04  1.20000000e+00  1.90151116e-04  0.00000000e+00 
 1.90251116e-04  6.96040132e-01  1.90251116e-04  6.79946557e-01  1.90251116e-04  2.05427679e-06  1.90251116e-04 -1.98993024e-06  1.90251116e-04  5.08298569e-07  1.90251116e-04  1.20000000e+00  1.90251116e-04  0.00000000e+00 
 1.90351116e-04  7.00345802e-01  1.90351116e-04  6.80206950e-01  1.90351116e-04  1.73602349e-06  1.90351116e-04  2.93897439e-06  1.90351116e-04 -5.08142160e-07  1.90351116e-04  1.20000000e+00  1.90351116e-04  0.00000000e+00 
 1.90451116e-04  7.04654501e-01  1.90451116e-04  6.79950914e-01  1.90451116e-04  2.05428048e-06  1.90451116e-04 -1.98968991e-06  1.90451116e-04  5.08306575e-07  1.90451116e-04  1.20000000e+00  1.90451116e-04  0.00000000e+00 
 1.90551116e-04  7.08961390e-01  1.90551116e-04  6.80202707e-01  1.90551116e-04  1.73601985e-06  1.90551116e-04  2.93900908e-06  1.90551116e-04 -5.08149066e-07  1.90551116e-04  1.20000000e+00  1.90551116e-04  0.00000000e+00 
 1.90651116e-04  7.13271273e-01  1.90651116e-04  6.79955124e-01  1.90651116e-04  2.05428406e-06  1.90651116e-04 -1.98945622e-06  1.90651116e-04  5.08314310e-07  1.90651116e-04  1.20000000e+00  1.90651116e-04  0.00000000e+00 
 1.90751116e-04  7.17579374e-01  1.90751116e-04  6.80198610e-01  1.90751116e-04  1.73601634e-06  1.90751116e-04  2.93904859e-06  1.90751116e-04 -5.08155708e-07  1.90751116e-04  1.20000000e+00  1.90751116e-04  0.00000000e+00 
 1.90851116e-04  7.21890436e-01  1.90851116e-04  6.79959190e-01  1.90851116e-04  2.05428751e-06  1.90851116e-04 -1.98922882e-06  1.90851116e-04  5.08321778e-07  1.90851116e-04  1.20000000e+00  1.90851116e-04  0.00000000e+00 
 1.90951116e-04  7.26199741e-01  1.90951116e-04  6.80194660e-01  1.90951116e-04  1.73601295e-06  1.90951116e-04  2.93909268e-06  1.90951116e-04 -5.08162088e-07  1.90951116e-04  1.20000000e+00  1.90951116e-04  0.00000000e+00 
 1.91051116e-04  7.30511977e-01  1.91051116e-04  6.79963113e-01  1.91051116e-04  2.05429084e-06  1.91051116e-04 -1.98900738e-06  1.91051116e-04  5.08328984e-07  1.91051116e-04  1.20000000e+00  1.91051116e-04  0.00000000e+00 
 1.91151116e-04  7.34822479e-01  1.91151116e-04  6.80190853e-01  1.91151116e-04  1.73600968e-06  1.91151116e-04  2.93914113e-06  1.91151116e-04 -5.08168211e-07  1.91151116e-04  1.20000000e+00  1.91151116e-04  0.00000000e+00 
 1.91251116e-04  7.39135884e-01  1.91251116e-04  6.79966896e-01  1.91251116e-04  2.05429406e-06  1.91251116e-04 -1.98879155e-06  1.91251116e-04  5.08335932e-07  1.91251116e-04  1.20000000e+00  1.91251116e-04  0.00000000e+00 
 1.91351116e-04  7.43447578e-01  1.91351116e-04  6.80187189e-01  1.91351116e-04  1.73600651e-06  1.91351116e-04  2.93919375e-06  1.91351116e-04 -5.08174082e-07  1.91351116e-04  1.20000000e+00  1.91351116e-04  0.00000000e+00 
 1.91451116e-04  7.47762148e-01  1.91451116e-04  6.79970543e-01  1.91451116e-04  2.05429716e-06  1.91451116e-04 -1.98858097e-06  1.91451116e-04  5.08342627e-07  1.91451116e-04  1.20000000e+00  1.91451116e-04  0.00000000e+00 
 1.91551116e-04  7.52075027e-01  1.91551116e-04  6.80183663e-01  1.91551116e-04  1.73600346e-06  1.91551116e-04  2.93925032e-06  1.91551116e-04 -5.08179707e-07  1.91551116e-04  1.20000000e+00  1.91551116e-04  0.00000000e+00 
 1.91651116e-04  7.56390758e-01  1.91651116e-04  6.79974058e-01  1.91651116e-04  2.05430016e-06  1.91651116e-04 -1.98837530e-06  1.91651116e-04  5.08349074e-07  1.91651116e-04  1.20000000e+00  1.91651116e-04  0.00000000e+00 
 1.91751116e-04  7.60704818e-01  1.91751116e-04  6.80180273e-01  1.91751116e-04  1.73600052e-06  1.91751116e-04  2.93931068e-06  1.91751116e-04 -5.08185090e-07  1.91751116e-04  1.20000000e+00  1.91751116e-04  0.00000000e+00 
 1.91851116e-04  7.65021707e-01  1.91851116e-04  6.79977443e-01  1.91851116e-04  2.05430305e-06  1.91851116e-04 -1.98817419e-06  1.91851116e-04  5.08355278e-07  1.91851116e-04  1.20000000e+00  1.91851116e-04  0.00000000e+00 
 1.91951116e-04  7.69336944e-01  1.91951116e-04  6.80177015e-01  1.91951116e-04  1.73599769e-06  1.91951116e-04  2.93937465e-06  1.91951116e-04 -5.08190237e-07  1.91951116e-04  1.20000000e+00  1.91951116e-04  0.00000000e+00 
 1.92051116e-04  7.73654988e-01  1.92051116e-04  6.79980704e-01  1.92051116e-04  2.05430583e-06  1.92051116e-04 -1.98797727e-06  1.92051116e-04  5.08361247e-07  1.92051116e-04  1.20000000e+00  1.92051116e-04  0.00000000e+00 
 1.92151116e-04  7.77971399e-01  1.92151116e-04  6.80173886e-01  1.92151116e-04  1.73599495e-06  1.92151116e-04  2.93944210e-06  1.92151116e-04 -5.08195155e-07  1.92151116e-04  1.20000000e+00  1.92151116e-04  0.00000000e+00 
 1.92251116e-04  7.82290597e-01  1.92251116e-04  6.79983845e-01  1.92251116e-04  2.05430852e-06  1.92251116e-04 -1.98778421e-06  1.92251116e-04  5.08366984e-07  1.92251116e-04  1.20000000e+00  1.92251116e-04  0.00000000e+00 
 1.92351116e-04  7.86608179e-01  1.92351116e-04  6.80170883e-01  1.92351116e-04  1.73599231e-06  1.92351116e-04  2.93951286e-06  1.92351116e-04 -5.08199848e-07  1.92351116e-04  1.20000000e+00  1.92351116e-04  0.00000000e+00 
 1.92451116e-04  7.90928529e-01  1.92451116e-04  6.79986872e-01  1.92451116e-04  2.05431110e-06  1.92451116e-04 -1.98759463e-06  1.92451116e-04  5.08372497e-07  1.92451116e-04  1.20000000e+00  1.92451116e-04  0.00000000e+00 
 1.92551116e-04  7.95247280e-01  1.92551116e-04  6.80168000e-01  1.92551116e-04  1.73598977e-06  1.92551116e-04  2.93958682e-06  1.92551116e-04 -5.08204323e-07  1.92551116e-04  1.20000000e+00  1.92551116e-04  0.00000000e+00 
 1.92651116e-04  7.99568783e-01  1.92651116e-04  6.79989789e-01  1.92651116e-04  2.05431360e-06  1.92651116e-04 -1.98740820e-06  1.92651116e-04  5.08377792e-07  1.92651116e-04  1.20000000e+00  1.92651116e-04  0.00000000e+00 
 1.92751116e-04  8.03888702e-01  1.92751116e-04  6.80165235e-01  1.92751116e-04  1.73598733e-06  1.92751116e-04  2.93966384e-06  1.92751116e-04 -5.08208586e-07  1.92751116e-04  1.20000000e+00  1.92751116e-04  0.00000000e+00 
 1.92851116e-04  8.08211359e-01  1.92851116e-04  6.79992603e-01  1.92851116e-04  2.05431600e-06  1.92851116e-04 -1.98722455e-06  1.92851116e-04  5.08382874e-07  1.92851116e-04  1.20000000e+00  1.92851116e-04  0.00000000e+00 
 1.92951116e-04  8.12532445e-01  1.92951116e-04  6.80162582e-01  1.92951116e-04  1.73598497e-06  1.92951116e-04  2.93974381e-06  1.92951116e-04 -5.08212643e-07  1.92951116e-04  1.20000000e+00  1.92951116e-04  0.00000000e+00 
 1.93051116e-04  8.16856257e-01  1.93051116e-04  6.79995319e-01  1.93051116e-04  2.05431831e-06  1.93051116e-04 -1.98704334e-06  1.93051116e-04  5.08387749e-07  1.93051116e-04  1.20000000e+00  1.93051116e-04  0.00000000e+00 
 1.93151116e-04  8.21178511e-01  1.93151116e-04  6.80160037e-01  1.93151116e-04  1.73598270e-06  1.93151116e-04  2.93982658e-06  1.93151116e-04 -5.08216499e-07  1.93151116e-04  1.20000000e+00  1.93151116e-04  0.00000000e+00 
 1.93251116e-04  8.25503479e-01  1.93251116e-04  6.79997943e-01  1.93251116e-04  2.05432054e-06  1.93251116e-04 -1.98686423e-06  1.93251116e-04  5.08392424e-07  1.93251116e-04  1.20000000e+00  1.93251116e-04  0.00000000e+00 
 1.93351116e-04  8.29826901e-01  1.93351116e-04  6.80157596e-01  1.93351116e-04  1.73598051e-06  1.93351116e-04  2.93991204e-06  1.93351116e-04 -5.08220162e-07  1.93351116e-04  1.20000000e+00  1.93351116e-04  0.00000000e+00 
 1.93451116e-04  8.34153028e-01  1.93451116e-04  6.80000483e-01  1.93451116e-04  2.05432269e-06  1.93451116e-04 -1.98668688e-06  1.93451116e-04  5.08396904e-07  1.93451116e-04  1.20000000e+00  1.93451116e-04  0.00000000e+00 
 1.93551116e-04  8.38477620e-01  1.93551116e-04  6.80155252e-01  1.93551116e-04  1.73597840e-06  1.93551116e-04  2.94000002e-06  1.93551116e-04 -5.08223637e-07  1.93551116e-04  1.20000000e+00  1.93551116e-04  0.00000000e+00 
 1.93651116e-04  8.42804907e-01  1.93651116e-04  6.80002945e-01  1.93651116e-04  2.05432475e-06  1.93651116e-04 -1.98651095e-06  1.93651116e-04  5.08401196e-07  1.93651116e-04  1.20000000e+00  1.93651116e-04  0.00000000e+00 
 1.93751116e-04  8.47130669e-01  1.93751116e-04  6.80153002e-01  1.93751116e-04  1.73597638e-06  1.93751116e-04  2.94009040e-06  1.93751116e-04 -5.08226929e-07  1.93751116e-04  1.20000000e+00  1.93751116e-04  0.00000000e+00 
 1.93851116e-04  8.51459119e-01  1.93851116e-04  6.80005338e-01  1.93851116e-04  2.05432674e-06  1.93851116e-04 -1.98633608e-06  1.93851116e-04  5.08405305e-07  1.93851116e-04  1.20000000e+00  1.93851116e-04  0.00000000e+00 
 1.93951116e-04  8.55786053e-01  1.93951116e-04  6.80150841e-01  1.93951116e-04  1.73597443e-06  1.93951116e-04  2.94018309e-06  1.93951116e-04 -5.08230045e-07  1.93951116e-04  1.20000000e+00  1.93951116e-04  0.00000000e+00 
 1.94051116e-04  8.60115671e-01  1.94051116e-04  6.80007670e-01  1.94051116e-04  2.05432865e-06  1.94051116e-04 -1.98616186e-06  1.94051116e-04  5.08409237e-07  1.94051116e-04  1.20000000e+00  1.94051116e-04  0.00000000e+00 
 1.94151116e-04  8.64443778e-01  1.94151116e-04  6.80148762e-01  1.94151116e-04  1.73597256e-06  1.94151116e-04  2.94027807e-06  1.94151116e-04 -5.08232989e-07  1.94151116e-04  1.20000000e+00  1.94151116e-04  0.00000000e+00 
 1.94251116e-04  8.68774568e-01  1.94251116e-04  6.80009951e-01  1.94251116e-04  2.05433049e-06  1.94251116e-04 -1.98598778e-06  1.94251116e-04  5.08412997e-07  1.94251116e-04  1.20000000e+00  1.94251116e-04  0.00000000e+00 
 1.94351116e-04  8.73103856e-01  1.94351116e-04  6.80146764e-01  1.94351116e-04  1.73597075e-06  1.94351116e-04  2.94037550e-06  1.94351116e-04 -5.08235767e-07  1.94351116e-04  1.20000000e+00  1.94351116e-04  0.00000000e+00 
 1.94451116e-04  8.77435826e-01  1.94451116e-04  6.80012193e-01  1.94451116e-04  2.05433226e-06  1.94451116e-04 -1.98581316e-06  1.94451116e-04  5.08416590e-07  1.94451116e-04  1.20000000e+00  1.94451116e-04  0.00000000e+00 
 1.94551116e-04  8.81766303e-01  1.94551116e-04  6.80144842e-01  1.94551116e-04  1.73596902e-06  1.94551116e-04  2.94047579e-06  1.94551116e-04 -5.08238385e-07  1.94551116e-04  1.20000000e+00  1.94551116e-04  0.00000000e+00 
 1.94651116e-04  8.86099469e-01  1.94651116e-04  6.80014408e-01  1.94651116e-04  2.05433395e-06  1.94651116e-04 -1.98563712e-06  1.94651116e-04  5.08420022e-07  1.94651116e-04  1.20000000e+00  1.94651116e-04  0.00000000e+00 
 1.94751116e-04  8.90431154e-01  1.94751116e-04  6.80142995e-01  1.94751116e-04  1.73596736e-06  1.94751116e-04  2.94057965e-06  1.94751116e-04 -5.08240846e-07  1.94751116e-04  1.20000000e+00  1.94751116e-04  0.00000000e+00 
 1.94851116e-04  8.94765539e-01  1.94851116e-04  6.80016610e-01  1.94851116e-04  2.05433558e-06  1.94851116e-04 -1.98545848e-06  1.94851116e-04  5.08423297e-07  1.94851116e-04  1.20000000e+00  1.94851116e-04  0.00000000e+00 
 1.94951116e-04  8.99098461e-01  1.94951116e-04  6.80141224e-01  1.94951116e-04  1.73596576e-06  1.94951116e-04  2.94068822e-06  1.94951116e-04 -5.08243156e-07  1.94951116e-04  1.20000000e+00  1.94951116e-04  0.00000000e+00 
 1.95051116e-04  9.03434101e-01  1.95051116e-04  6.80018815e-01  1.95051116e-04  2.05433715e-06  1.95051116e-04 -1.98527575e-06  1.95051116e-04  5.08426418e-07  1.95051116e-04  1.20000000e+00  1.95051116e-04  0.00000000e+00 
 1.95151116e-04  9.07768305e-01  1.95151116e-04  6.80139530e-01  1.95151116e-04  1.73596423e-06  1.95151116e-04  2.94080307e-06  1.95151116e-04 -5.08245318e-07  1.95151116e-04  1.20000000e+00  1.95151116e-04  0.00000000e+00 
 1.95251116e-04  9.12105253e-01  1.95251116e-04  6.80021038e-01  1.95251116e-04  2.05433865e-06  1.95251116e-04 -1.98508709e-06  1.95251116e-04  5.08429392e-07  1.95251116e-04  1.20000000e+00  1.95251116e-04  0.00000000e+00 
 1.95351116e-04  9.16440800e-01  1.95351116e-04  6.80137915e-01  1.95351116e-04  1.73596276e-06  1.95351116e-04  2.94092621e-06  1.95351116e-04 -5.08247337e-07  1.95351116e-04  1.20000000e+00  1.95351116e-04  0.00000000e+00 
 1.95451116e-04  9.20779128e-01  1.95451116e-04  6.80023294e-01  1.95451116e-04  2.05434008e-06  1.95451116e-04 -1.98489039e-06  1.95451116e-04  5.08432221e-07  1.95451116e-04  1.20000000e+00  1.95451116e-04  0.00000000e+00 
 1.95551116e-04  9.25116103e-01  1.95551116e-04  6.80136385e-01  1.95551116e-04  1.73596136e-06  1.95551116e-04  2.94106006e-06  1.95551116e-04 -5.08249217e-07  1.95551116e-04  1.20000000e+00  1.95551116e-04  0.00000000e+00 
 1.95651116e-04  9.29455905e-01  1.95651116e-04  6.80025598e-01  1.95651116e-04  2.05434146e-06  1.95651116e-04 -1.98468326e-06  1.95651116e-04  5.08434909e-07  1.95651116e-04  1.20000000e+00  1.95651116e-04  0.00000000e+00 
 1.95751116e-04  9.33794416e-01  1.95751116e-04  6.80134944e-01  1.95751116e-04  1.73596001e-06  1.95751116e-04  2.94120734e-06  1.95751116e-04 -5.08250960e-07  1.95751116e-04  1.20000000e+00  1.95751116e-04  0.00000000e+00 
 1.95851116e-04  9.38135810e-01  1.95851116e-04  6.80027963e-01  1.95851116e-04  2.05434277e-06  1.95851116e-04 -1.98446326e-06  1.95851116e-04  5.08437459e-07  1.95851116e-04  1.20000000e+00  1.95851116e-04  0.00000000e+00 
 1.95951116e-04  9.42475988e-01  1.95951116e-04  6.80133599e-01  1.95951116e-04  1.73595873e-06  1.95951116e-04  2.94137093e-06  1.95951116e-04 -5.08252570e-07  1.95951116e-04  1.20000000e+00  1.95951116e-04  0.00000000e+00 
 1.96051116e-04  9.46819115e-01  1.96051116e-04  6.80030398e-01  1.96051116e-04  2.05434403e-06  1.96051116e-04 -1.98422805e-06  1.96051116e-04  5.08439875e-07  1.96051116e-04  1.20000000e+00  1.96051116e-04  0.00000000e+00 
 1.96151116e-04  9.51161116e-01  1.96151116e-04  6.80132356e-01  1.96151116e-04  1.73595751e-06  1.96151116e-04  2.94155361e-06  1.96151116e-04 -5.08254050e-07  1.96151116e-04  1.20000000e+00  1.96151116e-04  0.00000000e+00 
 1.96251116e-04  9.55506138e-01  1.96251116e-04  6.80032912e-01  1.96251116e-04  2.05434522e-06  1.96251116e-04 -1.98397570e-06  1.96251116e-04  5.08442158e-07  1.96251116e-04  1.20000000e+00  1.96251116e-04  0.00000000e+00 
 1.96351116e-04  9.59850133e-01  1.96351116e-04  6.80131224e-01  1.96351116e-04  1.73595634e-06  1.96351116e-04  2.94175775e-06  1.96351116e-04 -5.08255401e-07  1.96351116e-04  1.20000000e+00  1.96351116e-04  0.00000000e+00 
 1.96451116e-04  9.64197224e-01  1.96451116e-04  6.80035511e-01  1.96451116e-04  2.05434636e-06  1.96451116e-04 -1.98370505e-06  1.96451116e-04  5.08444312e-07  1.96451116e-04  1.20000000e+00  1.96451116e-04  0.00000000e+00 
 1.96551116e-04  9.68543397e-01  1.96551116e-04  6.80130214e-01  1.96551116e-04  1.73595523e-06  1.96551116e-04  2.94198491e-06  1.96551116e-04 -5.08256627e-07  1.96551116e-04  1.20000000e+00  1.96551116e-04  0.00000000e+00 
 1.96651116e-04  9.72892738e-01  1.96651116e-04  6.80038203e-01  1.96651116e-04  2.05434744e-06  1.96651116e-04 -1.98341610e-06  1.96651116e-04  5.08446338e-07  1.96651116e-04  1.20000000e+00  1.96651116e-04  0.00000000e+00 
 1.96751116e-04  9.77241269e-01  1.96751116e-04  6.80129337e-01  1.96751116e-04  1.73595419e-06  1.96751116e-04  2.94223544e-06  1.96751116e-04 -5.08257730e-07  1.96751116e-04  1.20000000e+00  1.96751116e-04  0.00000000e+00 
 1.96851116e-04  9.81593029e-01  1.96851116e-04  6.80040999e-01  1.96851116e-04  2.05434846e-06  1.96851116e-04 -1.98311037e-06  1.96851116e-04  5.08448239e-07  1.96851116e-04  1.20000000e+00  1.96851116e-04  0.00000000e+00 
 1.96951116e-04  9.85944083e-01  1.96951116e-04  6.80128608e-01  1.96951116e-04  1.73595319e-06  1.96951116e-04  2.94250809e-06  1.96951116e-04 -5.08258711e-07  1.96951116e-04  1.20000000e+00  1.96951116e-04  0.00000000e+00 
 1.97051116e-04  9.90298405e-01  1.97051116e-04  6.80043910e-01  1.97051116e-04  2.05434943e-06  1.97051116e-04 -1.98279111e-06  1.97051116e-04  5.08450018e-07  1.97051116e-04  1.20000000e+00  1.97051116e-04  0.00000000e+00 
 1.97151116e-04  9.94652113e-01  1.97151116e-04  6.80128039e-01  1.97151116e-04  1.73595226e-06  1.97151116e-04  2.94279980e-06  1.97151116e-04 -5.08259573e-07  1.97151116e-04  1.20000000e+00  1.97151116e-04  0.00000000e+00 
 1.97251116e-04  9.99009099e-01  1.97251116e-04  6.80046950e-01  1.97251116e-04  2.05435034e-06  1.97251116e-04 -1.98246343e-06  1.97251116e-04  5.08451674e-07  1.97251116e-04  1.20000000e+00  1.97251116e-04  0.00000000e+00 
 1.97351116e-04  1.00336554e+00  1.97351116e-04  6.80127639e-01  1.97351116e-04  1.73595137e-06  1.97351116e-04  2.94310565e-06  1.97351116e-04 -5.08260317e-07  1.97351116e-04  1.20000000e+00  1.97351116e-04  0.00000000e+00 
 1.97451116e-04  1.00772524e+00  1.97451116e-04  6.80050128e-01  1.97451116e-04  2.05435119e-06  1.97451116e-04 -1.98213401e-06  1.97451116e-04  5.08453212e-07  1.97451116e-04  1.20000000e+00  1.97451116e-04  0.00000000e+00 
 1.97551116e-04  1.01208444e+00  1.97551116e-04  6.80127404e-01  1.97551116e-04  1.73595054e-06  1.97551116e-04  2.94341920e-06  1.97551116e-04 -5.08260945e-07  1.97551116e-04  1.20000000e+00  1.97551116e-04  0.00000000e+00 
 1.97651116e-04  1.01644682e+00  1.97651116e-04  6.80053441e-01  1.97651116e-04  2.05435199e-06  1.97651116e-04 -1.98181060e-06  1.97651116e-04  5.08454632e-07  1.97651116e-04  1.20000000e+00  1.97651116e-04  0.00000000e+00 
 1.97751116e-04  1.02080872e+00  1.97751116e-04  6.80127324e-01  1.97751116e-04  1.73594977e-06  1.97751116e-04  2.94373301e-06  1.97751116e-04 -5.08261459e-07  1.97751116e-04  1.20000000e+00  1.97751116e-04  0.00000000e+00 
 1.97851116e-04  1.02517370e+00  1.97851116e-04  6.80056873e-01  1.97851116e-04  2.05435274e-06  1.97851116e-04 -1.98150125e-06  1.97851116e-04  5.08455935e-07  1.97851116e-04  1.20000000e+00  1.97851116e-04  0.00000000e+00 
 1.97951116e-04  1.02953818e+00  1.97951116e-04  6.80127376e-01  1.97951116e-04  1.73594905e-06  1.97951116e-04  2.94403949e-06  1.97951116e-04 -5.08261860e-07  1.97951116e-04  1.20000000e+00  1.97951116e-04  0.00000000e+00 
 1.98051116e-04  1.03390560e+00  1.98051116e-04  6.80060388e-01  1.98051116e-04  2.05435344e-06  1.98051116e-04 -1.98121343e-06  1.98051116e-04  5.08457124e-07  1.98051116e-04  1.20000000e+00  1.98051116e-04  0.00000000e+00 
 1.98151116e-04  1.03827248e+00  1.98151116e-04  6.80127532e-01  1.98151116e-04  1.73594838e-06  1.98151116e-04  2.94433163e-06  1.98151116e-04 -5.08262150e-07  1.98151116e-04  1.20000000e+00  1.98151116e-04  0.00000000e+00 
 1.98251116e-04  1.04264213e+00  1.98251116e-04  6.80063936e-01  1.98251116e-04  2.05435408e-06  1.98251116e-04 -1.98095336e-06  1.98251116e-04  5.08458200e-07  1.98251116e-04  1.20000000e+00  1.98251116e-04  0.00000000e+00 
 1.98351116e-04  1.04701118e+00  1.98351116e-04  6.80127762e-01  1.98351116e-04  1.73594777e-06  1.98351116e-04  2.94460362e-06  1.98351116e-04 -5.08262330e-07  1.98351116e-04  1.20000000e+00  1.98351116e-04  0.00000000e+00 
 1.98451116e-04  1.05138281e+00  1.98451116e-04  6.80067462e-01  1.98451116e-04  2.05435468e-06  1.98451116e-04 -1.98072544e-06  1.98451116e-04  5.08459164e-07  1.98451116e-04  1.20000000e+00  1.98451116e-04  0.00000000e+00 
 1.98551116e-04  1.05575375e+00  1.98551116e-04  6.80128037e-01  1.98551116e-04  1.73594720e-06  1.98551116e-04  2.94485130e-06  1.98551116e-04 -5.08262401e-07  1.98551116e-04  1.20000000e+00  1.98551116e-04  0.00000000e+00 
 1.98651116e-04  1.06012710e+00  1.98651116e-04  6.80070908e-01  1.98651116e-04  2.05435522e-06  1.98651116e-04 -1.98053206e-06  1.98651116e-04  5.08460017e-07  1.98651116e-04  1.20000000e+00  1.98651116e-04  0.00000000e+00 
 1.98751116e-04  1.06449966e+00  1.98751116e-04  6.80128337e-01  1.98751116e-04  1.73594668e-06  1.98751116e-04  2.94507219e-06  1.98751116e-04 -5.08262366e-07  1.98751116e-04  1.20000000e+00  1.98751116e-04  0.00000000e+00 
 1.98851116e-04  1.06887444e+00  1.98851116e-04  6.80074224e-01  1.98851116e-04  2.05435571e-06  1.98851116e-04 -1.98037371e-06  1.98851116e-04  5.08460762e-07  1.98851116e-04  1.20000000e+00  1.98851116e-04  0.00000000e+00 
 1.98951116e-04  1.07324835e+00  1.98951116e-04  6.80128644e-01  1.98951116e-04  1.73594622e-06  1.98951116e-04  2.94526545e-06  1.98951116e-04 -5.08262226e-07  1.98951116e-04  1.20000000e+00  1.98951116e-04  0.00000000e+00 
 1.99051116e-04  1.07762428e+00  1.99051116e-04  6.80077370e-01  1.99051116e-04  2.05435616e-06  1.99051116e-04 -1.98024918e-06  1.99051116e-04  5.08461401e-07  1.99051116e-04  1.20000000e+00  1.99051116e-04  0.00000000e+00 
 1.99151116e-04  1.08199926e+00  1.99151116e-04  6.80128948e-01  1.99151116e-04  1.73594579e-06  1.99151116e-04  2.94543160e-06  1.99151116e-04 -5.08261985e-07  1.99151116e-04  1.20000000e+00  1.99151116e-04  0.00000000e+00 
 1.99251116e-04  1.08637610e+00  1.99251116e-04  6.80080318e-01  1.99251116e-04  2.05435656e-06  1.99251116e-04 -1.98015600e-06  1.99251116e-04  5.08461937e-07  1.99251116e-04  1.20000000e+00  1.99251116e-04  0.00000000e+00 
 1.99351116e-04  1.09075190e+00  1.99351116e-04  6.80129239e-01  1.99351116e-04  1.73594542e-06  1.99351116e-04  2.94557214e-06  1.99351116e-04 -5.08261643e-07  1.99351116e-04  1.20000000e+00  1.99351116e-04  0.00000000e+00 
 1.99451116e-04  1.09512943e+00  1.99451116e-04  6.80083054e-01  1.99451116e-04  2.05435691e-06  1.99451116e-04 -1.98009082e-06  1.99451116e-04  5.08462371e-07  1.99451116e-04  1.20000000e+00  1.99451116e-04  0.00000000e+00 
 1.99551116e-04  1.09950583e+00  1.99551116e-04  6.80129514e-01  1.99551116e-04  1.73594508e-06  1.99551116e-04  2.94568930e-06  1.99551116e-04 -5.08261205e-07  1.99551116e-04  1.20000000e+00  1.99551116e-04  0.00000000e+00 
 1.99651116e-04  1.10388383e+00  1.99651116e-04  6.80085575e-01  1.99651116e-04  2.05435723e-06  1.99651116e-04 -1.98004976e-06  1.99651116e-04  5.08462707e-07  1.99651116e-04  1.20000000e+00  1.99651116e-04  0.00000000e+00 
 1.99751116e-04  1.10826064e+00  1.99751116e-04  6.80129769e-01  1.99751116e-04  1.73594479e-06  1.99751116e-04  2.94578571e-06  1.99751116e-04 -5.08260674e-07  1.99751116e-04  1.20000000e+00  1.99751116e-04  0.00000000e+00 
 1.99851116e-04  1.11263896e+00  1.99851116e-04  6.80087887e-01  1.99851116e-04  2.05435751e-06  1.99851116e-04 -1.98002883e-06  1.99851116e-04  5.08462949e-07  1.99851116e-04  1.20000000e+00  1.99851116e-04  0.00000000e+00 
 1.99951116e-04  1.11701602e+00  1.99951116e-04  6.80129999e-01  1.99951116e-04  1.73594453e-06  1.99951116e-04  2.94586413e-06  1.99951116e-04 -5.08260053e-07  1.99951116e-04  1.20000000e+00  1.99951116e-04  0.00000000e+00 
 2.00051116e-04  1.12139451e+00  2.00051116e-04  6.80090002e-01  2.00051116e-04  2.05435775e-06  2.00051116e-04 -1.98002416e-06  2.00051116e-04  5.08463101e-07  2.00051116e-04  1.20000000e+00  2.00051116e-04  0.00000000e+00 
 2.00151116e-04  1.12577170e+00  2.00151116e-04  6.80130203e-01  2.00151116e-04  1.73594431e-06  2.00151116e-04  2.94592715e-06  2.00151116e-04 -5.08259347e-07  2.00151116e-04  1.20000000e+00  2.00151116e-04  0.00000000e+00 
 2.00251116e-04  1.13015024e+00  2.00251116e-04  6.80091938e-01  2.00251116e-04  2.05435796e-06  2.00251116e-04 -1.98003244e-06  2.00251116e-04  5.08463167e-07  2.00251116e-04  1.20000000e+00  2.00251116e-04  0.00000000e+00 
 2.00351116e-04  1.13452744e+00  2.00351116e-04  6.80130378e-01  2.00351116e-04  1.73594412e-06  2.00351116e-04  2.94597674e-06  2.00351116e-04 -5.08258559e-07  2.00351116e-04  1.20000000e+00  2.00351116e-04  0.00000000e+00 
 2.00451116e-04  1.13890595e+00  2.00451116e-04  6.80093712e-01  2.00451116e-04  2.05435813e-06  2.00451116e-04 -1.98005152e-06  2.00451116e-04  5.08463150e-07  2.00451116e-04  1.20000000e+00  2.00451116e-04  0.00000000e+00 
 2.00551116e-04  1.14328307e+00  2.00551116e-04  6.80130520e-01  2.00551116e-04  1.73594396e-06  2.00551116e-04  2.94601356e-06  2.00551116e-04 -5.08257693e-07  2.00551116e-04  1.20000000e+00  2.00551116e-04  0.00000000e+00 
 2.00651116e-04  1.14766144e+00  2.00651116e-04  6.80095344e-01  2.00651116e-04  2.05435827e-06  2.00651116e-04 -1.98008140e-06  2.00651116e-04  5.08463054e-07  2.00651116e-04  1.20000000e+00  2.00651116e-04  0.00000000e+00 
 2.00751116e-04  1.15203838e+00  2.00751116e-04  6.80130627e-01  2.00751116e-04  1.73594383e-06  2.00751116e-04  2.94603558e-06  2.00751116e-04 -5.08256754e-07  2.00751116e-04  1.20000000e+00  2.00751116e-04  0.00000000e+00 
 2.00851116e-04  1.15641650e+00  2.00851116e-04  6.80096851e-01  2.00851116e-04  2.05435839e-06  2.00851116e-04 -1.98012610e-06  2.00851116e-04  5.08462883e-07  2.00851116e-04  1.20000000e+00  2.00851116e-04  0.00000000e+00 
 2.00951116e-04  1.16079308e+00  2.00951116e-04  6.80130696e-01  2.00951116e-04  1.73594373e-06  2.00951116e-04  2.94603565e-06  2.00951116e-04 -5.08255744e-07  2.00951116e-04  1.20000000e+00  2.00951116e-04  0.00000000e+00 
 2.01051116e-04  1.16517073e+00  2.01051116e-04  6.80098249e-01  2.01051116e-04  2.05435848e-06  2.01051116e-04 -1.98019685e-06  2.01051116e-04  5.08462642e-07  2.01051116e-04  1.20000000e+00  2.01051116e-04  0.00000000e+00 
 2.01151116e-04  1.16954669e+00  2.01151116e-04  6.80130724e-01  2.01151116e-04  1.73594365e-06  2.01151116e-04  2.94599739e-06  2.01151116e-04 -5.08254669e-07  2.01151116e-04  1.20000000e+00  2.01151116e-04  0.00000000e+00 
 2.01251116e-04  1.17392348e+00  2.01251116e-04  6.80099549e-01  2.01251116e-04  2.05435855e-06  2.01251116e-04 -1.98031766e-06  2.01251116e-04  5.08462333e-07  2.01251116e-04  1.20000000e+00  2.01251116e-04  0.00000000e+00 
 2.01351116e-04  1.17829826e+00  2.01351116e-04  6.80130706e-01  2.01351116e-04  1.73594360e-06  2.01351116e-04  2.94588813e-06  2.01351116e-04 -5.08253530e-07  2.01351116e-04  1.20000000e+00  2.01351116e-04  0.00000000e+00 
 2.01451116e-04  1.18267344e+00  2.01451116e-04  6.80100759e-01  2.01451116e-04  2.05435858e-06  2.01451116e-04 -1.98053415e-06  2.01451116e-04  5.08461959e-07  2.01451116e-04  1.20000000e+00  2.01451116e-04  0.00000000e+00 
 2.01551116e-04  1.18704601e+00  2.01551116e-04  6.80130636e-01  2.01551116e-04  1.73594357e-06  2.01551116e-04  2.94564793e-06  2.01551116e-04 -5.08252332e-07  2.01551116e-04  1.20000000e+00  2.01551116e-04  0.00000000e+00 
 2.01651116e-04  1.19141817e+00  2.01651116e-04  6.80101878e-01  2.01651116e-04  2.05435860e-06  2.01651116e-04 -1.98092715e-06  2.01651116e-04  5.08461525e-07  2.01651116e-04  1.20000000e+00  2.01651116e-04  0.00000000e+00 
 2.01751116e-04  1.19578667e+00  2.01751116e-04  6.80130502e-01  2.01751116e-04  1.73594356e-06  2.01751116e-04  2.94517342e-06  2.01751116e-04 -5.08251077e-07  2.01751116e-04  1.20000000e+00  2.01751116e-04  0.00000000e+00 
 2.01851116e-04  1.20015334e+00  2.01851116e-04  6.80102899e-01  2.01851116e-04  2.05435860e-06  2.01851116e-04 -1.98163184e-06  2.01851116e-04  5.08461031e-07  2.01851116e-04  1.20000000e+00  2.01851116e-04  0.00000000e+00 
 2.01951116e-04  1.20451450e+00  2.01951116e-04  6.80130290e-01  2.01951116e-04  1.73594358e-06  2.01951116e-04  2.94429593e-06  2.01951116e-04 -5.08249768e-07  2.01951116e-04  1.20000000e+00  2.01951116e-04  0.00000000e+00 
 2.02051116e-04  1.20887145e+00  2.02051116e-04  6.80103805e-01  2.02051116e-04  2.05435858e-06  2.02051116e-04 -1.98286179e-06  2.02051116e-04  5.08460481e-07  2.02051116e-04  1.20000000e+00  2.02051116e-04  0.00000000e+00 
 2.02151116e-04  1.21321987e+00  2.02151116e-04  6.80129971e-01  2.02151116e-04  1.73594361e-06  2.02151116e-04  2.94275607e-06  2.02151116e-04 -5.08248408e-07  2.02151116e-04  1.20000000e+00  2.02151116e-04  0.00000000e+00 
 2.02251116e-04  1.21756024e+00  2.02251116e-04  6.80104562e-01  2.02251116e-04  2.05435853e-06  2.02251116e-04 -1.98493454e-06  2.02251116e-04  5.08459876e-07  2.02251116e-04  1.20000000e+00  2.02251116e-04  0.00000000e+00 
 2.02351116e-04  1.22188736e+00  2.02351116e-04  6.80129510e-01  2.02351116e-04  1.73594367e-06  2.02351116e-04  2.94017979e-06  2.02351116e-04 -5.08247000e-07  2.02351116e-04  1.20000000e+00  2.02351116e-04  0.00000000e+00 
 2.02451116e-04  1.22620059e+00  2.02451116e-04  6.80105126e-01  2.02451116e-04  2.05435847e-06  2.02451116e-04 -1.98829091e-06  2.02451116e-04  5.08459217e-07  2.02451116e-04  1.20000000e+00  2.02451116e-04  0.00000000e+00 
 2.02551116e-04  1.23049357e+00  2.02551116e-04  6.80128858e-01  2.02551116e-04  1.73594374e-06  2.02551116e-04  2.93606579e-06  2.02551116e-04 -5.08245547e-07  2.02551116e-04  1.20000000e+00  2.02551116e-04  0.00000000e+00 
 2.02651116e-04  1.23476424e+00  2.02651116e-04  6.80105438e-01  2.02651116e-04  2.05435839e-06  2.02651116e-04 -1.99349712e-06  2.02651116e-04  5.08458506e-07  2.02651116e-04  1.20000000e+00  2.02651116e-04  0.00000000e+00 
 2.02751116e-04  1.23900486e+00  2.02751116e-04  6.80127956e-01  2.02751116e-04  1.73594384e-06  2.02751116e-04  2.92979600e-06  2.02751116e-04 -5.08244053e-07  2.02751116e-04  1.20000000e+00  2.02751116e-04  0.00000000e+00 
 2.02851116e-04  1.24321171e+00  2.02851116e-04  6.80105431e-01  2.02851116e-04  2.05435829e-06  2.02851116e-04 -2.00121812e-06  2.02851116e-04  5.08457742e-07  2.02851116e-04  1.20000000e+00  2.02851116e-04  0.00000000e+00 
 2.02951116e-04  1.24737558e+00  2.02951116e-04  6.80126739e-01  2.02951116e-04  1.73594395e-06  2.02951116e-04  2.92067849e-06  2.02951116e-04 -5.08242520e-07  2.02951116e-04  1.20000000e+00  2.02951116e-04  0.00000000e+00 
 2.03051116e-04  1.25149105e+00  2.03051116e-04  6.80105035e-01  2.03051116e-04  2.05435817e-06  2.03051116e-04 -2.01215731e-06  2.03051116e-04  5.08456925e-07  2.03051116e-04  1.20000000e+00  2.03051116e-04  0.00000000e+00 
 2.03151116e-04  1.25554745e+00  2.03151116e-04  6.80125145e-01  2.03151116e-04  1.73594408e-06  2.03151116e-04  2.90802300e-06  2.03151116e-04 -5.08240954e-07  2.03151116e-04  1.20000000e+00  2.03151116e-04  0.00000000e+00 
 2.03251116e-04  1.25953787e+00  2.03251116e-04  6.80104188e-01  2.03251116e-04  2.05435804e-06  2.03251116e-04 -2.02696789e-06  2.03251116e-04  5.08456054e-07  2.03251116e-04  1.20000000e+00  2.03251116e-04  0.00000000e+00 
 2.03351116e-04  1.26345047e+00  2.03351116e-04  6.80123123e-01  2.03351116e-04  1.73594422e-06  2.03351116e-04  2.89123848e-06  2.03351116e-04 -5.08239359e-07  2.03351116e-04  1.20000000e+00  2.03351116e-04  0.00000000e+00 
 2.03451116e-04  1.26727723e+00  2.03451116e-04  6.80102848e-01  2.03451116e-04  2.05435789e-06  2.03451116e-04 -2.04615078e-06  2.03451116e-04  5.08455127e-07  2.03451116e-04  1.20000000e+00  2.03451116e-04  0.00000000e+00 
 2.03551116e-04  1.27100565e+00  2.03551116e-04  6.80120645e-01  2.03551116e-04  1.73594439e-06  2.03551116e-04  2.86993588e-06  2.03551116e-04 -5.08237740e-07  2.03551116e-04  1.20000000e+00  2.03551116e-04  0.00000000e+00 
 2.03651116e-04  1.27462727e+00  2.03651116e-04  6.80100999e-01  2.03651116e-04  2.05435772e-06  2.03651116e-04 -2.06995579e-06  2.03651116e-04  5.08454142e-07  2.03651116e-04  1.20000000e+00  2.03651116e-04  0.00000000e+00 
 2.03751116e-04  1.27812962e+00  2.03751116e-04  6.80117713e-01  2.03751116e-04  1.73594456e-06  2.03751116e-04  2.84402055e-06  2.03751116e-04 -5.08236102e-07  2.03751116e-04  1.20000000e+00  2.03751116e-04  0.00000000e+00 
 2.03851116e-04  1.28150460e+00  2.03851116e-04  6.80098661e-01  2.03851116e-04  2.05435754e-06  2.03851116e-04 -2.09829920e-06  2.03851116e-04  5.08453099e-07  2.03851116e-04  1.20000000e+00  2.03851116e-04  0.00000000e+00 
 2.03951116e-04  1.28474062e+00  2.03951116e-04  6.80114372e-01  2.03951116e-04  1.73594476e-06  2.03951116e-04  2.81376307e-06  2.03951116e-04 -5.08234450e-07  2.03951116e-04  1.20000000e+00  2.03951116e-04  0.00000000e+00 
 2.04051116e-04  1.28783086e+00  2.04051116e-04  6.80095897e-01  2.04051116e-04  2.05435735e-06  2.04051116e-04 -2.13070760e-06  2.04051116e-04  5.08451994e-07  2.04051116e-04  1.20000000e+00  2.04051116e-04  0.00000000e+00 
 2.04151116e-04  1.29076553e+00  2.04151116e-04  6.80110706e-01  2.04151116e-04  1.73594497e-06  2.04151116e-04  2.77983770e-06  2.04151116e-04 -5.08232790e-07  2.04151116e-04  1.20000000e+00  2.04151116e-04  0.00000000e+00 
 2.04251116e-04  1.29354002e+00  2.04251116e-04  6.80092809e-01  2.04251116e-04  2.05435714e-06  2.04251116e-04 -2.16630091e-06  2.04251116e-04  5.08450827e-07  2.04251116e-04  1.20000000e+00  2.04251116e-04  0.00000000e+00 
 2.04351116e-04  1.29614720e+00  2.04351116e-04  6.80106846e-01  2.04351116e-04  1.73594519e-06  2.04351116e-04  2.74331328e-06  2.04351116e-04 -5.08231123e-07  2.04351116e-04  1.20000000e+00  2.04351116e-04  0.00000000e+00 
 2.04451116e-04  1.29858549e+00  2.04451116e-04  6.80089542e-01  2.04451116e-04  2.05435692e-06  2.04451116e-04 -2.20383188e-06  2.04451116e-04  5.08449598e-07  2.04451116e-04  1.20000000e+00  2.04451116e-04  0.00000000e+00 
 2.04551116e-04  1.30085103e+00  2.04551116e-04  6.80102952e-01  2.04551116e-04  1.73594542e-06  2.04551116e-04  2.70557883e-06  2.04551116e-04 -5.08229455e-07  2.04551116e-04  1.20000000e+00  2.04551116e-04  0.00000000e+00 
 2.04651116e-04  1.30294579e+00  2.04651116e-04  6.80086259e-01  2.04651116e-04  2.05435669e-06  2.04651116e-04 -2.24179739e-06  2.04651116e-04  5.08448307e-07  2.04651116e-04  1.20000000e+00  2.04651116e-04  0.00000000e+00 
 2.04751116e-04  1.30486947e+00  2.04751116e-04  6.80099196e-01  2.04751116e-04  1.73594567e-06  2.04751116e-04  2.66819547e-06  2.04751116e-04 -5.08227786e-07  2.04751116e-04  1.20000000e+00  2.04751116e-04  0.00000000e+00 
 2.04851116e-04  1.30662763e+00  2.04851116e-04  6.80083128e-01  2.04851116e-04  2.05435644e-06  2.04851116e-04 -2.27861974e-06  2.04851116e-04  5.08446958e-07  2.04851116e-04  1.20000000e+00  2.04851116e-04  0.00000000e+00 
 2.04925563e-04  1.30783018e+00  2.04925563e-04  6.80096089e-01  2.04925563e-04  1.73594597e-06  2.04925563e-04  2.63708085e-06  2.04925563e-04 -5.08225871e-07  2.04925563e-04  1.20000000e+00  2.04925563e-04  0.00000000e+00 
 2.05000010e-04  1.30894712e+00  2.05000010e-04  6.80081108e-01  2.05000010e-04  2.05435610e-06  2.05000010e-04 -2.30442974e-06  2.05000010e-04  5.08444987e-07  2.05000010e-04  1.20000000e+00  2.05000010e-04  0.00000000e+00 
 2.05000011e-04  1.30893284e+00  2.05000011e-04  6.77344170e-01  2.05000011e-04  2.54625520e-06  2.05000011e-04 -8.72819408e-06  2.05000011e-04  1.95353197e-06  2.05000011e-04  1.08000001e+00  2.05000011e-04  0.00000000e+00 
 2.05000013e-04  1.30889673e+00  2.05000013e-04  6.71052881e-01  2.05000013e-04  2.78155760e-06  2.05000013e-04 -9.04440216e-06  2.05000013e-04  2.66785959e-06  2.05000013e-04  8.40000000e-01  2.05000013e-04  0.00000000e+00 
 2.05000016e-04  1.30882558e+00  2.05000016e-04  6.61519181e-01  2.05000016e-04  2.39016640e-06  2.05000016e-04  8.63631892e-07  2.05000016e-04  1.36831231e-06  2.05000016e-04  4.20000001e-01  2.05000016e-04  0.00000000e+00 
 2.05000020e-04  1.30875754e+00  2.05000020e-04  6.55973672e-01  2.05000020e-04  2.24903598e-06  2.05000020e-04  3.44377868e-06  2.05000020e-04  9.14540559e-07  2.05000020e-04  0.00000000e+00  2.05000020e-04  0.00000000e+00 
 2.05000021e-04  1.30875586e+00  2.05000021e-04  6.56606218e-01  2.05000021e-04  1.73543485e-06  2.05000021e-04  4.61147842e-06  2.05000021e-04 -6.04948187e-07  2.05000021e-04  0.00000000e+00  2.05000021e-04  0.00000000e+00 
 2.05000022e-04  1.30875410e+00  2.05000022e-04  6.57932442e-01  2.05000022e-04  1.66819473e-06  2.05000022e-04  5.89125804e-06  2.05000022e-04 -8.77896649e-07  2.05000022e-04  0.00000000e+00  2.05000022e-04  0.00000000e+00 
 2.05000025e-04  1.30875228e+00  2.05000025e-04  6.60463869e-01  2.05000025e-04  1.74085913e-06  2.05000025e-04  5.64602207e-06  2.05000025e-04 -5.40597112e-07  2.05000025e-04  0.00000000e+00  2.05000025e-04  0.00000000e+00 
 2.05000031e-04  1.30875228e+00  2.05000031e-04  6.65003528e-01  2.05000031e-04  1.69997406e-06  2.05000031e-04  5.99463008e-06  2.05000031e-04 -6.78481051e-07  2.05000031e-04  0.00000000e+00  2.05000031e-04  0.00000000e+00 
 2.05000042e-04  1.30876379e+00  2.05000042e-04  6.72215744e-01  2.05000042e-04  1.79593972e-06  2.05000042e-04  2.93843514e-06  2.05000042e-04 -2.65624208e-07  2.05000042e-04  0.00000000e+00  2.05000042e-04  0.00000000e+00 
 2.05000064e-04  1.30881893e+00  2.05000064e-04  6.82568424e-01  2.05000064e-04  1.75851233e-06  2.05000064e-04  1.45251448e-08  2.05000064e-04 -3.97386047e-07  2.05000064e-04  0.00000000e+00  2.05000064e-04  0.00000000e+00 
 2.05000109e-04  1.30897714e+00  2.05000109e-04  6.94796200e-01  2.05000109e-04  1.86336161e-06  2.05000109e-04 -3.69299650e-06  2.05000109e-04  6.01946488e-09  2.05000109e-04  0.00000000e+00  2.05000109e-04  0.00000000e+00 
 2.05000172e-04  1.30920152e+00  2.05000172e-04  7.04848790e-01  2.05000172e-04  1.81141655e-06  2.05000172e-04 -3.51027534e-06  2.05000172e-04 -2.24170401e-07  2.05000172e-04  0.00000000e+00  2.05000172e-04  0.00000000e+00 
 2.05000289e-04  1.30940614e+00  2.05000289e-04  7.10997345e-01  2.05000289e-04  1.93452815e-06  2.05000289e-04 -4.43833310e-06  2.05000289e-04  1.69344389e-07  2.05000289e-04  0.00000000e+00  2.05000289e-04  0.00000000e+00 
 2.05000423e-04  1.30942107e+00  2.05000423e-04  7.01261591e-01  2.05000423e-04  1.90118292e-06  2.05000423e-04 -1.71694743e-06  2.05000423e-04 -3.98322847e-08  2.05000423e-04  0.00000000e+00  2.05000423e-04  0.00000000e+00 
 2.05000579e-04  1.30941754e+00  2.05000579e-04  6.92070865e-01  2.05000579e-04  1.93759378e-06  2.05000579e-04 -1.82400213e-06  2.05000579e-04  1.38989311e-07  2.05000579e-04  0.00000000e+00  2.05000579e-04  0.00000000e+00 
 2.05000749e-04  1.30941702e+00  2.05000749e-04  6.86230657e-01  2.05000749e-04  1.88041296e-06  2.05000749e-04 -8.96001673e-07  2.05000749e-04 -8.47022808e-08  2.05000749e-04  0.00000000e+00  2.05000749e-04  0.00000000e+00 
 2.05001057e-04  1.30941670e+00  2.05001057e-04  6.81001023e-01  2.05001057e-04  1.92268814e-06  2.05001057e-04 -8.42904427e-07  2.05001057e-04  1.07560981e-07  2.05001057e-04  0.00000000e+00  2.05001057e-04  0.00000000e+00 
 2.05001673e-04  1.30941628e+00  2.05001673e-04  6.78133174e-01  2.05001673e-04  1.86998954e-06  2.05001673e-04 -8.22843260e-08  2.05001673e-04 -1.05306623e-07  2.05001673e-04  0.00000000e+00  2.05001673e-04  0.00000000e+00 
 2.05002906e-04  1.30941274e+00  2.05002906e-04  6.78494690e-01  2.05002906e-04  1.91921392e-06  2.05002906e-04 -2.30235948e-07  2.05002906e-04  1.01446333e-07  2.05002906e-04  0.00000000e+00  2.05002906e-04  0.00000000e+00 
 2.05005371e-04  1.30940493e+00  2.05005371e-04  6.79351040e-01  2.05005371e-04  1.87056644e-06  2.05005371e-04  1.80371338e-07  2.05005371e-04 -1.02632305e-07  2.05005371e-04  0.00000000e+00  2.05005371e-04  0.00000000e+00 
 2.05009444e-04  1.30939490e+00  2.05009444e-04  6.79819393e-01  2.05009444e-04  1.91960894e-06  2.05009444e-04 -1.79370689e-07  2.05009444e-04  1.02837536e-07  2.05009444e-04  0.00000000e+00  2.05009444e-04  0.00000000e+00 
 2.05017591e-04  1.30937905e+00  2.05017591e-04  6.80068760e-01  2.05017591e-04  1.87066679e-06  2.05017591e-04  1.77250558e-07  2.05017591e-04 -1.02582910e-07  2.05017591e-04  0.00000000e+00  2.05017591e-04  0.00000000e+00 
 2.05033883e-04  1.30935971e+00  2.05033883e-04  6.80080466e-01  2.05033883e-04  1.91963901e-06  2.05033883e-04 -1.76703587e-07  2.05033883e-04  1.02801347e-07  2.05033883e-04  0.00000000e+00  2.05033883e-04  0.00000000e+00 
 2.05066469e-04  1.30934435e+00  2.05066469e-04  6.80070797e-01  2.05066469e-04  1.87066279e-06  2.05066469e-04  1.76493732e-07  2.05066469e-04 -1.02580102e-07  2.05066469e-04  0.00000000e+00  2.05066469e-04  0.00000000e+00 
 2.05131640e-04  1.30933844e+00  2.05131640e-04  6.80080022e-01  2.05131640e-04  1.91963963e-06  2.05131640e-04 -1.76346569e-07  2.05131640e-04  1.02799819e-07  2.05131640e-04  0.00000000e+00  2.05131640e-04  0.00000000e+00 
 2.05231640e-04  1.30933498e+00  2.05231640e-04  6.80070440e-01  2.05231640e-04  1.87066257e-06  2.05231640e-04  1.76302568e-07  2.05231640e-04 -1.02579231e-07  2.05231640e-04  0.00000000e+00  2.05231640e-04  0.00000000e+00 
 2.05331640e-04  1.30933063e+00  2.05331640e-04  6.80080485e-01  2.05331640e-04  1.91963977e-06  2.05331640e-04 -1.76198151e-07  2.05331640e-04  1.02799117e-07  2.05331640e-04  0.00000000e+00  2.05331640e-04  0.00000000e+00 
 2.05431640e-04  1.30932659e+00  2.05431640e-04  6.80069935e-01  2.05431640e-04  1.87066247e-06  2.05431640e-04  1.76156806e-07  2.05431640e-04 -1.02578518e-07  2.05431640e-04  0.00000000e+00  2.05431640e-04  0.00000000e+00 
 2.05531640e-04  1.30932245e+00  2.05531640e-04  6.80081016e-01  2.05531640e-04  1.91963985e-06  2.05531640e-04 -1.76054816e-07  2.05531640e-04  1.02798391e-07  2.05531640e-04  0.00000000e+00  2.05531640e-04  0.00000000e+00 
 2.05631640e-04  1.30931833e+00  2.05631640e-04  6.80069384e-01  2.05631640e-04  1.87066240e-06  2.05631640e-04  1.76015860e-07  2.05631640e-04 -1.02577780e-07  2.05631640e-04  0.00000000e+00  2.05631640e-04  0.00000000e+00 
 2.05731640e-04  1.30931423e+00  2.05731640e-04  6.80081576e-01  2.05731640e-04  1.91963990e-06  2.05731640e-04 -1.75916177e-07  2.05731640e-04  1.02797639e-07  2.05731640e-04  0.00000000e+00  2.05731640e-04  0.00000000e+00 
 2.05831640e-04  1.30931010e+00  2.05831640e-04  6.80068815e-01  2.05831640e-04  1.87066237e-06  2.05831640e-04  1.75879475e-07  2.05831640e-04 -1.02577016e-07  2.05831640e-04  0.00000000e+00  2.05831640e-04  0.00000000e+00 
 2.05931640e-04  1.30930600e+00  2.05931640e-04  6.80082145e-01  2.05931640e-04  1.91963992e-06  2.05931640e-04 -1.75781966e-07  2.05931640e-04  1.02796860e-07  2.05931640e-04  0.00000000e+00  2.05931640e-04  0.00000000e+00 
 2.06031640e-04  1.30930187e+00  2.06031640e-04  6.80068242e-01  2.06031640e-04  1.87066237e-06  2.06031640e-04  1.75747385e-07  2.06031640e-04 -1.02576223e-07  2.06031640e-04  0.00000000e+00  2.06031640e-04  0.00000000e+00 
 2.06131640e-04  1.30929777e+00  2.06131640e-04  6.80082713e-01  2.06131640e-04  1.91963991e-06  2.06131640e-04 -1.75651917e-07  2.06131640e-04  1.02796052e-07  2.06131640e-04  0.00000000e+00  2.06131640e-04  0.00000000e+00 
 2.06231640e-04  1.30929365e+00  2.06231640e-04  6.80067675e-01  2.06231640e-04  1.87066239e-06  2.06231640e-04  1.75619326e-07  2.06231640e-04 -1.02575400e-07  2.06231640e-04  0.00000000e+00  2.06231640e-04  0.00000000e+00 
 2.06331640e-04  1.30928954e+00  2.06331640e-04  6.80083272e-01  2.06331640e-04  1.91963987e-06  2.06331640e-04 -1.75525774e-07  2.06331640e-04  1.02795213e-07  2.06331640e-04  0.00000000e+00  2.06331640e-04  0.00000000e+00 
 2.06431640e-04  1.30928542e+00  2.06431640e-04  6.80067119e-01  2.06431640e-04  1.87066243e-06  2.06431640e-04  1.75495050e-07  2.06431640e-04 -1.02574546e-07  2.06431640e-04  0.00000000e+00  2.06431640e-04  0.00000000e+00 
 2.06531640e-04  1.30928132e+00  2.06531640e-04  6.80083820e-01  2.06531640e-04  1.91963982e-06  2.06531640e-04 -1.75403292e-07  2.06531640e-04  1.02794343e-07  2.06531640e-04  0.00000000e+00  2.06531640e-04  0.00000000e+00 
 2.06631640e-04  1.30927720e+00  2.06631640e-04  6.80066575e-01  2.06631640e-04  1.87066250e-06  2.06631640e-04  1.75374318e-07  2.06631640e-04 -1.02573661e-07  2.06631640e-04  0.00000000e+00  2.06631640e-04  0.00000000e+00 
 2.06731640e-04  1.30927309e+00  2.06731640e-04  6.80084354e-01  2.06731640e-04  1.91963974e-06  2.06731640e-04 -1.75284241e-07  2.06731640e-04  1.02793440e-07  2.06731640e-04  0.00000000e+00  2.06731640e-04  0.00000000e+00 
 2.06831640e-04  1.30926898e+00  2.06831640e-04  6.80066046e-01  2.06831640e-04  1.87066258e-06  2.06831640e-04  1.75256907e-07  2.06831640e-04 -1.02572743e-07  2.06831640e-04  0.00000000e+00  2.06831640e-04  0.00000000e+00 
 2.06931640e-04  1.30926487e+00  2.06931640e-04  6.80084872e-01  2.06931640e-04  1.91963965e-06  2.06931640e-04 -1.75168404e-07  2.06931640e-04  1.02792505e-07  2.06931640e-04  0.00000000e+00  2.06931640e-04  0.00000000e+00 
 2.07031640e-04  1.30926076e+00  2.07031640e-04  6.80065533e-01  2.07031640e-04  1.87066268e-06  2.07031640e-04  1.75142605e-07  2.07031640e-04 -1.02571793e-07  2.07031640e-04  0.00000000e+00  2.07031640e-04  0.00000000e+00 
 2.07131640e-04  1.30925665e+00  2.07131640e-04  6.80085375e-01  2.07131640e-04  1.91963954e-06  2.07131640e-04 -1.75055577e-07  2.07131640e-04  1.02791538e-07  2.07131640e-04  0.00000000e+00  2.07131640e-04  0.00000000e+00 
 2.07231640e-04  1.30925254e+00  2.07231640e-04  6.80065036e-01  2.07231640e-04  1.87066280e-06  2.07231640e-04  1.75031217e-07  2.07231640e-04 -1.02570809e-07  2.07231640e-04  0.00000000e+00  2.07231640e-04  0.00000000e+00 
 2.07331640e-04  1.30924843e+00  2.07331640e-04  6.80085860e-01  2.07331640e-04  1.91963941e-06  2.07331640e-04 -1.74945570e-07  2.07331640e-04  1.02790537e-07  2.07331640e-04  0.00000000e+00  2.07331640e-04  0.00000000e+00 
 2.07431640e-04  1.30924433e+00  2.07431640e-04  6.80064557e-01  2.07431640e-04  1.87066293e-06  2.07431640e-04  1.74922558e-07  2.07431640e-04 -1.02569793e-07  2.07431640e-04  0.00000000e+00  2.07431640e-04  0.00000000e+00 
 2.07531640e-04  1.30924022e+00  2.07531640e-04  6.80086329e-01  2.07531640e-04  1.91963928e-06  2.07531640e-04 -1.74838203e-07  2.07531640e-04  1.02789504e-07  2.07531640e-04  0.00000000e+00  2.07531640e-04  0.00000000e+00 
 2.07631640e-04  1.30923612e+00  2.07631640e-04  6.80064094e-01  2.07631640e-04  1.87066308e-06  2.07631640e-04  1.74816455e-07  2.07631640e-04 -1.02568744e-07  2.07631640e-04  0.00000000e+00  2.07631640e-04  0.00000000e+00 
 2.07731640e-04  1.30923201e+00  2.07731640e-04  6.80086782e-01  2.07731640e-04  1.91963912e-06  2.07731640e-04 -1.74733311e-07  2.07731640e-04  1.02788438e-07  2.07731640e-04  0.00000000e+00  2.07731640e-04  0.00000000e+00 
 2.07831640e-04  1.30922790e+00  2.07831640e-04  6.80063647e-01  2.07831640e-04  1.87066325e-06  2.07831640e-04  1.74712746e-07  2.07831640e-04 -1.02567663e-07  2.07831640e-04  0.00000000e+00  2.07831640e-04  0.00000000e+00 
 2.07931640e-04  1.30922379e+00  2.07931640e-04  6.80087218e-01  2.07931640e-04  1.91963895e-06  2.07931640e-04 -1.74630737e-07  2.07931640e-04  1.02787340e-07  2.07931640e-04  0.00000000e+00  2.07931640e-04  0.00000000e+00 
 2.08031640e-04  1.30921970e+00  2.08031640e-04  6.80063217e-01  2.08031640e-04  1.87066343e-06  2.08031640e-04  1.74611283e-07  2.08031640e-04 -1.02566550e-07  2.08031640e-04  0.00000000e+00  2.08031640e-04  0.00000000e+00 
 2.08131640e-04  1.30921559e+00  2.08131640e-04  6.80087638e-01  2.08131640e-04  1.91963876e-06  2.08131640e-04 -1.74530336e-07  2.08131640e-04  1.02786211e-07  2.08131640e-04  0.00000000e+00  2.08131640e-04  0.00000000e+00 
 2.08231640e-04  1.30921149e+00  2.08231640e-04  6.80062803e-01  2.08231640e-04  1.87066362e-06  2.08231640e-04  1.74511923e-07  2.08231640e-04 -1.02565406e-07  2.08231640e-04  0.00000000e+00  2.08231640e-04  0.00000000e+00 
 2.08331640e-04  1.30920738e+00  2.08331640e-04  6.80088043e-01  2.08331640e-04  1.91963857e-06  2.08331640e-04 -1.74431973e-07  2.08331640e-04  1.02785051e-07  2.08331640e-04  0.00000000e+00  2.08331640e-04  0.00000000e+00 
 2.08431640e-04  1.30920328e+00  2.08431640e-04  6.80062404e-01  2.08431640e-04  1.87066382e-06  2.08431640e-04  1.74414536e-07  2.08431640e-04 -1.02564232e-07  2.08431640e-04  0.00000000e+00  2.08431640e-04  0.00000000e+00 
 2.08531640e-04  1.30919917e+00  2.08531640e-04  6.80088431e-01  2.08531640e-04  1.91963836e-06  2.08531640e-04 -1.74335520e-07  2.08531640e-04  1.02783861e-07  2.08531640e-04  0.00000000e+00  2.08531640e-04  0.00000000e+00 
 2.08631640e-04  1.30919508e+00  2.08631640e-04  6.80062021e-01  2.08631640e-04  1.87066404e-06  2.08631640e-04  1.74318999e-07  2.08631640e-04 -1.02563027e-07  2.08631640e-04  0.00000000e+00  2.08631640e-04  0.00000000e+00 
 2.08731640e-04  1.30919097e+00  2.08731640e-04  6.80088805e-01  2.08731640e-04  1.91963813e-06  2.08731640e-04 -1.74240860e-07  2.08731640e-04  1.02782641e-07  2.08731640e-04  0.00000000e+00  2.08731640e-04  0.00000000e+00 
 2.08831640e-04  1.30918688e+00  2.08831640e-04  6.80061653e-01  2.08831640e-04  1.87066427e-06  2.08831640e-04  1.74225199e-07  2.08831640e-04 -1.02561793e-07  2.08831640e-04  0.00000000e+00  2.08831640e-04  0.00000000e+00 
 2.08931640e-04  1.30918277e+00  2.08931640e-04  6.80089164e-01  2.08931640e-04  1.91963790e-06  2.08931640e-04 -1.74147882e-07  2.08931640e-04  1.02781392e-07  2.08931640e-04  0.00000000e+00  2.08931640e-04  0.00000000e+00 
 2.09031640e-04  1.30917868e+00  2.09031640e-04  6.80061299e-01  2.09031640e-04  1.87066451e-06  2.09031640e-04  1.74133028e-07  2.09031640e-04 -1.02560531e-07  2.09031640e-04  0.00000000e+00  2.09031640e-04  0.00000000e+00 
 2.09131640e-04  1.30917457e+00  2.09131640e-04  6.80089508e-01  2.09131640e-04  1.91963765e-06  2.09131640e-04 -1.74056482e-07  2.09131640e-04  1.02780115e-07  2.09131640e-04  0.00000000e+00  2.09131640e-04  0.00000000e+00 
 2.09231640e-04  1.30917048e+00  2.09231640e-04  6.80060960e-01  2.09231640e-04  1.87066476e-06  2.09231640e-04  1.74042388e-07  2.09231640e-04 -1.02559241e-07  2.09231640e-04  0.00000000e+00  2.09231640e-04  0.00000000e+00 
 2.09331640e-04  1.30916637e+00  2.09331640e-04  6.80089839e-01  2.09331640e-04  1.91963739e-06  2.09331640e-04 -1.73966566e-07  2.09331640e-04  1.02778810e-07  2.09331640e-04  0.00000000e+00  2.09331640e-04  0.00000000e+00 
 2.09431640e-04  1.30916228e+00  2.09431640e-04  6.80060635e-01  2.09431640e-04  1.87066502e-06  2.09431640e-04  1.73953185e-07  2.09431640e-04 -1.02557924e-07  2.09431640e-04  0.00000000e+00  2.09431640e-04  0.00000000e+00 
 2.09531640e-04  1.30915817e+00  2.09531640e-04  6.80090156e-01  2.09531640e-04  1.91963713e-06  2.09531640e-04 -1.73878044e-07  2.09531640e-04  1.02777480e-07  2.09531640e-04  0.00000000e+00  2.09531640e-04  0.00000000e+00 
 2.09631640e-04  1.30915409e+00  2.09631640e-04  6.80060323e-01  2.09631640e-04  1.87066529e-06  2.09631640e-04  1.73865333e-07  2.09631640e-04 -1.02556581e-07  2.09631640e-04  0.00000000e+00  2.09631640e-04  0.00000000e+00 
 2.09731640e-04  1.30914998e+00  2.09731640e-04  6.80090460e-01  2.09731640e-04  1.91963685e-06  2.09731640e-04 -1.73790831e-07  2.09731640e-04  1.02776124e-07  2.09731640e-04  0.00000000e+00  2.09731640e-04  0.00000000e+00 
 2.09831640e-04  1.30914590e+00  2.09831640e-04  6.80060024e-01  2.09831640e-04  1.87066557e-06  2.09831640e-04  1.73778752e-07  2.09831640e-04 -1.02555213e-07  2.09831640e-04  0.00000000e+00  2.09831640e-04  0.00000000e+00 
 2.09931640e-04  1.30914179e+00  2.09931640e-04  6.80090751e-01  2.09931640e-04  1.91963656e-06  2.09931640e-04 -1.73704851e-07  2.09931640e-04  1.02774743e-07  2.09931640e-04  0.00000000e+00  2.09931640e-04  0.00000000e+00 
 2.10031640e-04  1.30913771e+00  2.10031640e-04  6.80059737e-01  2.10031640e-04  1.87066587e-06  2.10031640e-04  1.73693365e-07  2.10031640e-04 -1.02553821e-07  2.10031640e-04  0.00000000e+00  2.10031640e-04  0.00000000e+00 
 2.10131640e-04  1.30913360e+00  2.10131640e-04  6.80091030e-01  2.10131640e-04  1.91963627e-06  2.10131640e-04 -1.73620030e-07  2.10131640e-04  1.02773338e-07  2.10131640e-04  0.00000000e+00  2.10131640e-04  0.00000000e+00 
 2.10231640e-04  1.30912952e+00  2.10231640e-04  6.80059463e-01  2.10231640e-04  1.87066617e-06  2.10231640e-04  1.73609104e-07  2.10231640e-04 -1.02552405e-07  2.10231640e-04  0.00000000e+00  2.10231640e-04  0.00000000e+00 
 2.10331640e-04  1.30912541e+00  2.10331640e-04  6.80091298e-01  2.10331640e-04  1.91963596e-06  2.10331640e-04 -1.73536301e-07  2.10331640e-04  1.02771910e-07  2.10331640e-04  0.00000000e+00  2.10331640e-04  0.00000000e+00 
 2.10431640e-04  1.30912133e+00  2.10431640e-04  6.80059200e-01  2.10431640e-04  1.87066648e-06  2.10431640e-04  1.73525903e-07  2.10431640e-04 -1.02550966e-07  2.10431640e-04  0.00000000e+00  2.10431640e-04  0.00000000e+00 
 2.10531640e-04  1.30911722e+00  2.10531640e-04  6.80091553e-01  2.10531640e-04  1.91963565e-06  2.10531640e-04 -1.73453601e-07  2.10531640e-04  1.02770459e-07  2.10531640e-04  0.00000000e+00  2.10531640e-04  0.00000000e+00 
 2.10631640e-04  1.30911315e+00  2.10631640e-04  6.80058949e-01  2.10631640e-04  1.87066679e-06  2.10631640e-04  1.73443700e-07  2.10631640e-04 -1.02549506e-07  2.10631640e-04  0.00000000e+00  2.10631640e-04  0.00000000e+00 
 2.10731640e-04  1.30910904e+00  2.10731640e-04  6.80091798e-01  2.10731640e-04  1.91963533e-06  2.10731640e-04 -1.73371870e-07  2.10731640e-04  1.02768987e-07  2.10731640e-04  0.00000000e+00  2.10731640e-04  0.00000000e+00 
 2.10831640e-04  1.30910496e+00  2.10831640e-04  6.80058709e-01  2.10831640e-04  1.87066712e-06  2.10831640e-04  1.73362439e-07  2.10831640e-04 -1.02548024e-07  2.10831640e-04  0.00000000e+00  2.10831640e-04  0.00000000e+00 
 2.10931640e-04  1.30910086e+00  2.10931640e-04  6.80092031e-01  2.10931640e-04  1.91963500e-06  2.10931640e-04 -1.73291054e-07  2.10931640e-04  1.02767495e-07  2.10931640e-04  0.00000000e+00  2.10931640e-04  0.00000000e+00 
 2.11031640e-04  1.30909678e+00  2.11031640e-04  6.80058479e-01  2.11031640e-04  1.87066746e-06  2.11031640e-04  1.73282066e-07  2.11031640e-04 -1.02546522e-07  2.11031640e-04  0.00000000e+00  2.11031640e-04  0.00000000e+00 
 2.11131640e-04  1.30909268e+00  2.11131640e-04  6.80092255e-01  2.11131640e-04  1.91963466e-06  2.11131640e-04 -1.73211102e-07  2.11131640e-04  1.02765982e-07  2.11131640e-04  0.00000000e+00  2.11131640e-04  0.00000000e+00 
 2.11231640e-04  1.30908861e+00  2.11231640e-04  6.80058260e-01  2.11231640e-04  1.87066779e-06  2.11231640e-04  1.73202533e-07  2.11231640e-04 -1.02545001e-07  2.11231640e-04  0.00000000e+00  2.11231640e-04  0.00000000e+00 
 2.11331640e-04  1.30908450e+00  2.11331640e-04  6.80092468e-01  2.11331640e-04  1.91963431e-06  2.11331640e-04 -1.73131965e-07  2.11331640e-04  1.02764451e-07  2.11331640e-04  0.00000000e+00  2.11331640e-04  0.00000000e+00 
 2.11431640e-04  1.30908043e+00  2.11431640e-04  6.80058050e-01  2.11431640e-04  1.87066814e-06  2.11431640e-04  1.73123793e-07  2.11431640e-04 -1.02543461e-07  2.11431640e-04  0.00000000e+00  2.11431640e-04  0.00000000e+00 
 2.11531640e-04  1.30907632e+00  2.11531640e-04  6.80092672e-01  2.11531640e-04  1.91963397e-06  2.11531640e-04 -1.73053600e-07  2.11531640e-04  1.02762901e-07  2.11531640e-04  0.00000000e+00  2.11531640e-04  0.00000000e+00 
 2.11631640e-04  1.30907225e+00  2.11631640e-04  6.80057850e-01  2.11631640e-04  1.87066849e-06  2.11631640e-04  1.73045802e-07  2.11631640e-04 -1.02541903e-07  2.11631640e-04  0.00000000e+00  2.11631640e-04  0.00000000e+00 
 2.11731640e-04  1.30906815e+00  2.11731640e-04  6.80092867e-01  2.11731640e-04  1.91963361e-06  2.11731640e-04 -1.72975964e-07  2.11731640e-04  1.02761333e-07  2.11731640e-04  0.00000000e+00  2.11731640e-04  0.00000000e+00 
 2.11831640e-04  1.30906408e+00  2.11831640e-04  6.80057659e-01  2.11831640e-04  1.87066885e-06  2.11831640e-04  1.72968522e-07  2.11831640e-04 -1.02540327e-07  2.11831640e-04  0.00000000e+00  2.11831640e-04  0.00000000e+00 
 2.11931640e-04  1.30905998e+00  2.11931640e-04  6.80093052e-01  2.11931640e-04  1.91963325e-06  2.11931640e-04 -1.72899019e-07  2.11931640e-04  1.02759749e-07  2.11931640e-04  0.00000000e+00  2.11931640e-04  0.00000000e+00 
 2.12031640e-04  1.30905591e+00  2.12031640e-04  6.80057477e-01  2.12031640e-04  1.87066922e-06  2.12031640e-04  1.72891915e-07  2.12031640e-04 -1.02538735e-07  2.12031640e-04  0.00000000e+00  2.12031640e-04  0.00000000e+00 
 2.12131640e-04  1.30905180e+00  2.12131640e-04  6.80093229e-01  2.12131640e-04  1.91963288e-06  2.12131640e-04 -1.72822730e-07  2.12131640e-04  1.02758148e-07  2.12131640e-04  0.00000000e+00  2.12131640e-04  0.00000000e+00 
 2.12231640e-04  1.30904774e+00  2.12231640e-04  6.80057303e-01  2.12231640e-04  1.87066959e-06  2.12231640e-04  1.72815945e-07  2.12231640e-04 -1.02537128e-07  2.12231640e-04  0.00000000e+00  2.12231640e-04  0.00000000e+00 
 2.12331640e-04  1.30904364e+00  2.12331640e-04  6.80093398e-01  2.12331640e-04  1.91963250e-06  2.12331640e-04 -1.72747061e-07  2.12331640e-04  1.02756532e-07  2.12331640e-04  0.00000000e+00  2.12331640e-04  0.00000000e+00 
 2.12431640e-04  1.30903957e+00  2.12431640e-04  6.80057137e-01  2.12431640e-04  1.87066997e-06  2.12431640e-04  1.72740581e-07  2.12431640e-04 -1.02535504e-07  2.12431640e-04  0.00000000e+00  2.12431640e-04  0.00000000e+00 
 2.12531640e-04  1.30903547e+00  2.12531640e-04  6.80093559e-01  2.12531640e-04  1.91963212e-06  2.12531640e-04 -1.72671983e-07  2.12531640e-04  1.02754901e-07  2.12531640e-04  0.00000000e+00  2.12531640e-04  0.00000000e+00 
 2.12631640e-04  1.30903141e+00  2.12631640e-04  6.80056979e-01  2.12631640e-04  1.87067035e-06  2.12631640e-04  1.72665791e-07  2.12631640e-04 -1.02533867e-07  2.12631640e-04  0.00000000e+00  2.12631640e-04  0.00000000e+00 
 2.12731640e-04  1.30902730e+00  2.12731640e-04  6.80093712e-01  2.12731640e-04  1.91963174e-06  2.12731640e-04 -1.72597465e-07  2.12731640e-04  1.02753255e-07  2.12731640e-04  0.00000000e+00  2.12731640e-04  0.00000000e+00 
 2.12831640e-04  1.30902324e+00  2.12831640e-04  6.80056829e-01  2.12831640e-04  1.87067074e-06  2.12831640e-04  1.72591549e-07  2.12831640e-04 -1.02532215e-07  2.12831640e-04  0.00000000e+00  2.12831640e-04  0.00000000e+00 
 2.12931640e-04  1.30901914e+00  2.12931640e-04  6.80093858e-01  2.12931640e-04  1.91963135e-06  2.12931640e-04 -1.72523480e-07  2.12931640e-04  1.02751596e-07  2.12931640e-04  0.00000000e+00  2.12931640e-04  0.00000000e+00 
 2.13031640e-04  1.30901508e+00  2.13031640e-04  6.80056686e-01  2.13031640e-04  1.87067113e-06  2.13031640e-04  1.72517826e-07  2.13031640e-04 -1.02530550e-07  2.13031640e-04  0.00000000e+00  2.13031640e-04  0.00000000e+00 
 2.13131640e-04  1.30901098e+00  2.13131640e-04  6.80093997e-01  2.13131640e-04  1.91963095e-06  2.13131640e-04 -1.72450004e-07  2.13131640e-04  1.02749924e-07  2.13131640e-04  0.00000000e+00  2.13131640e-04  0.00000000e+00 
 2.13231640e-04  1.30900692e+00  2.13231640e-04  6.80056550e-01  2.13231640e-04  1.87067153e-06  2.13231640e-04  1.72444600e-07  2.13231640e-04 -1.02528873e-07  2.13231640e-04  0.00000000e+00  2.13231640e-04  0.00000000e+00 
 2.13331640e-04  1.30900282e+00  2.13331640e-04  6.80094129e-01  2.13331640e-04  1.91963055e-06  2.13331640e-04 -1.72377011e-07  2.13331640e-04  1.02748240e-07  2.13331640e-04  0.00000000e+00  2.13331640e-04  0.00000000e+00 
 2.13431640e-04  1.30899876e+00  2.13431640e-04  6.80056421e-01  2.13431640e-04  1.87067193e-06  2.13431640e-04  1.72371847e-07  2.13431640e-04 -1.02527183e-07  2.13431640e-04  0.00000000e+00  2.13431640e-04  0.00000000e+00 
 2.13531640e-04  1.30899466e+00  2.13531640e-04  6.80094254e-01  2.13531640e-04  1.91963015e-06  2.13531640e-04 -1.72304481e-07  2.13531640e-04  1.02746543e-07  2.13531640e-04  0.00000000e+00  2.13531640e-04  0.00000000e+00 
 2.13631640e-04  1.30899060e+00  2.13631640e-04  6.80056298e-01  2.13631640e-04  1.87067234e-06  2.13631640e-04  1.72299545e-07  2.13631640e-04 -1.02525481e-07  2.13631640e-04  0.00000000e+00  2.13631640e-04  0.00000000e+00 
 2.13731640e-04  1.30898651e+00  2.13731640e-04  6.80094373e-01  2.13731640e-04  1.91962974e-06  2.13731640e-04 -1.72232392e-07  2.13731640e-04  1.02744835e-07  2.13731640e-04  0.00000000e+00  2.13731640e-04  0.00000000e+00 
 2.13831640e-04  1.30898245e+00  2.13831640e-04  6.80056181e-01  2.13831640e-04  1.87067275e-06  2.13831640e-04  1.72227675e-07  2.13831640e-04 -1.02523768e-07  2.13831640e-04  0.00000000e+00  2.13831640e-04  0.00000000e+00 
 2.13931640e-04  1.30897835e+00  2.13931640e-04  6.80094487e-01  2.13931640e-04  1.91962933e-06  2.13931640e-04 -1.72160726e-07  2.13931640e-04  1.02743116e-07  2.13931640e-04  0.00000000e+00  2.13931640e-04  0.00000000e+00 
 2.14031640e-04  1.30897430e+00  2.14031640e-04  6.80056070e-01  2.14031640e-04  1.87067316e-06  2.14031640e-04  1.72156218e-07  2.14031640e-04 -1.02522045e-07  2.14031640e-04  0.00000000e+00  2.14031640e-04  0.00000000e+00 
 2.14131640e-04  1.30897020e+00  2.14131640e-04  6.80094594e-01  2.14131640e-04  1.91962891e-06  2.14131640e-04 -1.72089464e-07  2.14131640e-04  1.02741387e-07  2.14131640e-04  0.00000000e+00  2.14131640e-04  0.00000000e+00 
 2.14231640e-04  1.30896615e+00  2.14231640e-04  6.80055965e-01  2.14231640e-04  1.87067358e-06  2.14231640e-04  1.72085157e-07  2.14231640e-04 -1.02520312e-07  2.14231640e-04  0.00000000e+00  2.14231640e-04  0.00000000e+00 
 2.14331640e-04  1.30896205e+00  2.14331640e-04  6.80094696e-01  2.14331640e-04  1.91962850e-06  2.14331640e-04 -1.72018589e-07  2.14331640e-04  1.02739648e-07  2.14331640e-04  0.00000000e+00  2.14331640e-04  0.00000000e+00 
 2.14431640e-04  1.30895800e+00  2.14431640e-04  6.80055865e-01  2.14431640e-04  1.87067399e-06  2.14431640e-04  1.72014475e-07  2.14431640e-04 -1.02518568e-07  2.14431640e-04  0.00000000e+00  2.14431640e-04  0.00000000e+00 
 2.14531640e-04  1.30895390e+00  2.14531640e-04  6.80094793e-01  2.14531640e-04  1.91962807e-06  2.14531640e-04 -1.71948087e-07  2.14531640e-04  1.02737900e-07  2.14531640e-04  0.00000000e+00  2.14531640e-04  0.00000000e+00 
 2.14631640e-04  1.30894985e+00  2.14631640e-04  6.80055771e-01  2.14631640e-04  1.87067442e-06  2.14631640e-04  1.71944159e-07  2.14631640e-04 -1.02516816e-07  2.14631640e-04  0.00000000e+00  2.14631640e-04  0.00000000e+00 
 2.14731640e-04  1.30894576e+00  2.14731640e-04  6.80094884e-01  2.14731640e-04  1.91962765e-06  2.14731640e-04 -1.71877942e-07  2.14731640e-04  1.02736142e-07  2.14731640e-04  0.00000000e+00  2.14731640e-04  0.00000000e+00 
 2.14831640e-04  1.30894171e+00  2.14831640e-04  6.80055681e-01  2.14831640e-04  1.87067485e-06  2.14831640e-04  1.71874193e-07  2.14831640e-04 -1.02515055e-07  2.14831640e-04  0.00000000e+00  2.14831640e-04  0.00000000e+00 
 2.14915820e-04  1.30893826e+00  2.14915820e-04  6.80094977e-01  2.14915820e-04  1.91962718e-06  2.14915820e-04 -1.71801632e-07  2.14915820e-04  1.02734210e-07  2.14915820e-04  0.00000000e+00  2.14915820e-04  0.00000000e+00 
 2.15000000e-04  1.30893485e+00  2.15000000e-04  6.80055579e-01  2.15000000e-04  1.87067535e-06  2.15000000e-04  1.71791477e-07  2.15000000e-04 -1.02512952e-07  2.15000000e-04  0.00000000e+00  2.15000000e-04  0.00000000e+00 
 2.15000001e-04  1.30894099e+00  2.15000001e-04  6.81644650e-01  2.15000001e-04  1.57376794e-06  2.15000001e-04 -2.42712350e-06  2.15000001e-04  5.65013682e-05  2.15000001e-04  0.00000000e+00  2.15000001e-04  1.20000000e-01 
 2.15000003e-04  1.30895590e+00  2.15000003e-04  6.85799946e-01  2.15000003e-04  1.32353259e-06  2.15000003e-04 -4.04595663e-06  2.15000003e-04  9.55365838e-05  2.15000003e-04  0.00000000e+00  2.15000003e-04  3.59999999e-01 
 2.15000006e-04  1.30900537e+00  2.15000006e-04  7.02084188e-01  2.15000006e-04  2.99365046e-07  2.15000006e-04 -1.07930977e-05  2.15000006e-04  2.62316974e-04  2.15000006e-04  0.00000000e+00  2.15000006e-04  7.80000003e-01 
 2.15000010e-04  1.30905197e+00  2.15000010e-04  7.18706566e-01  2.15000010e-04  9.19754739e-07  2.15000010e-04 -5.07330868e-06  2.15000010e-04  1.53895120e-04  2.15000010e-04  0.00000000e+00  2.15000010e-04  1.20000000e+00 
 2.15000011e-04  1.30904887e+00  2.15000011e-04  7.19662993e-01  2.15000011e-04  1.30941043e-06  2.15000011e-04 -2.84160298e-06  2.15000011e-04  8.05268132e-05  2.15000011e-04  0.00000000e+00  2.15000011e-04  1.20000000e+00 
 2.15000012e-04  1.30904100e+00  2.15000012e-04  7.21292570e-01  2.15000012e-04  1.44029770e-06  2.15000012e-04 -2.21273992e-06  2.15000012e-04  6.00610943e-05  2.15000012e-04  0.00000000e+00  2.15000012e-04  1.20000000e+00 
 2.15000015e-04  1.30902399e+00  2.15000015e-04  7.24472111e-01  2.15000015e-04  1.39423251e-06  2.15000015e-04 -2.81319170e-06  2.15000015e-04  7.01055557e-05  2.15000015e-04  0.00000000e+00  2.15000015e-04  1.20000000e+00 
 2.15000020e-04  1.30898876e+00  2.15000020e-04  7.30516144e-01  2.15000020e-04  1.54774978e-06  2.15000020e-04 -2.15878595e-06  2.15000020e-04  4.80154059e-05  2.15000020e-04  0.00000000e+00  2.15000020e-04  1.20000000e+00 
 2.15000032e-04  1.30891926e+00  2.15000032e-04  7.40157845e-01  2.15000032e-04  1.56368381e-06  2.15000032e-04 -2.30823330e-06  2.15000032e-04  4.83051879e-05  2.15000032e-04  0.00000000e+00  2.15000032e-04  1.20000000e+00 
 2.15000054e-04  1.30880497e+00  2.15000054e-04  7.51777525e-01  2.15000054e-04  1.76996765e-06  2.15000054e-04 -1.25930106e-06  2.15000054e-04  1.90107300e-05  2.15000054e-04  0.00000000e+00  2.15000054e-04  1.20000000e+00 
 2.15000099e-04  1.30866391e+00  2.15000099e-04  7.59606143e-01  2.15000099e-04  1.81125664e-06  2.15000099e-04 -1.24073187e-06  2.15000099e-04  1.78728861e-05  2.15000099e-04  0.00000000e+00  2.15000099e-04  1.20000000e+00 
 2.15000188e-04  1.30854009e+00  2.15000188e-04  7.57675769e-01  2.15000188e-04  1.96487584e-06  2.15000188e-04 -3.88858393e-07  2.15000188e-04 -1.97585098e-06  2.15000188e-04  0.00000000e+00  2.15000188e-04  1.20000000e+00 
 2.15000308e-04  1.30847511e+00  2.15000308e-04  7.49107983e-01  2.15000308e-04  1.89150477e-06  2.15000308e-04 -6.75877607e-07  2.15000308e-04  8.60687215e-06  2.15000308e-04  0.00000000e+00  2.15000308e-04  1.20000000e+00 
 2.15000524e-04  1.30842024e+00  2.15000524e-04  7.36418531e-01  2.15000524e-04  1.95710205e-06  2.15000524e-04  4.82803689e-08  2.15000524e-04 -5.05467239e-06  2.15000524e-04  0.00000000e+00  2.15000524e-04  1.20000000e+00 
 2.15000889e-04  1.30837845e+00  2.15000889e-04  7.23177893e-01  2.15000889e-04  1.86788878e-06  2.15000889e-04 -2.55929118e-07  2.15000889e-04  7.03943140e-06  2.15000889e-04  0.00000000e+00  2.15000889e-04  1.20000000e+00 
 2.15001619e-04  1.30833536e+00  2.15001619e-04  7.10246183e-01  2.15001619e-04  1.93830302e-06  2.15001619e-04  3.40165207e-07  2.15001619e-04 -5.80344477e-06  2.15001619e-04  0.00000000e+00  2.15001619e-04  1.20000000e+00 
 2.15003078e-04  1.30827326e+00  2.15003078e-04  6.99077326e-01  2.15003078e-04  1.85806060e-06  2.15003078e-04 -1.62197228e-07  2.15003078e-04  6.71262770e-06  2.15003078e-04  0.00000000e+00  2.15003078e-04  1.20000000e+00 
 2.15005997e-04  1.30815498e+00  2.15005997e-04  6.88370594e-01  2.15005997e-04  1.93435410e-06  2.15005997e-04  2.79777524e-07  2.15005997e-04 -5.85430260e-06  2.15005997e-04  0.00000000e+00  2.15005997e-04  1.20000000e+00 
 2.15011446e-04  1.30792487e+00  2.15011446e-04  6.81223497e-01  2.15011446e-04  1.85605107e-06  2.15011446e-04 -2.41609835e-07  2.15011446e-04  6.75290030e-06  2.15011446e-04  0.00000000e+00  2.15011446e-04  1.20000000e+00 
 2.15022344e-04  1.30745550e+00  2.15022344e-04  6.79951386e-01  2.15022344e-04  1.93397997e-06  2.15022344e-04  2.45398329e-07  2.15022344e-04 -5.82826564e-06  2.15022344e-04  0.00000000e+00  2.15022344e-04  1.20000000e+00 
 2.15040668e-04  1.30667267e+00  2.15040668e-04  6.80074183e-01  2.15040668e-04  1.85630016e-06  2.15040668e-04 -2.45792657e-07  2.15040668e-04  6.75538905e-06  2.15040668e-04  0.00000000e+00  2.15040668e-04  1.20000000e+00 
 2.15077316e-04  1.30512201e+00  2.15077316e-04  6.80065672e-01  2.15077316e-04  1.93400715e-06  2.15077316e-04  2.45922245e-07  2.15077316e-04 -5.82849338e-06  2.15077316e-04  0.00000000e+00  2.15077316e-04  1.20000000e+00 
 2.15150612e-04  1.30203328e+00  2.15150612e-04  6.80045230e-01  2.15150612e-04  1.85629360e-06  2.15150612e-04 -2.45930856e-07  2.15150612e-04  6.75543419e-06  2.15150612e-04  0.00000000e+00  2.15150612e-04  1.20000000e+00 
 2.15250612e-04  1.29782163e+00  2.15250612e-04  6.80079238e-01  2.15250612e-04  1.93400977e-06  2.15250612e-04  2.45993419e-07  2.15250612e-04 -5.82851667e-06  2.15250612e-04  0.00000000e+00  2.15250612e-04  1.20000000e+00 
 2.15350612e-04  1.29360965e+00  2.15350612e-04  6.80033945e-01  2.15350612e-04  1.85629184e-06  2.15350612e-04 -2.45984899e-07  2.15350612e-04  6.75543681e-06  2.15350612e-04  0.00000000e+00  2.15350612e-04  1.20000000e+00 
 2.15450612e-04  1.28939840e+00  2.15450612e-04  6.80088393e-01  2.15450612e-04  1.93401121e-06  2.15450612e-04  2.46046054e-07  2.15450612e-04 -5.82852974e-06  2.15450612e-04  0.00000000e+00  2.15450612e-04  1.20000000e+00 
 2.15550612e-04  1.28518709e+00  2.15550612e-04  6.80024864e-01  2.15550612e-04  1.85629069e-06  2.15550612e-04 -2.46032146e-07  2.15550612e-04  6.75543303e-06  2.15550612e-04  0.00000000e+00  2.15550612e-04  1.20000000e+00 
 2.15650612e-04  1.28097629e+00  2.15650612e-04  6.80096035e-01  2.15650612e-04  1.93401211e-06  2.15650612e-04  2.46091321e-07  2.15650612e-04 -5.82853709e-06  2.15650612e-04  0.00000000e+00  2.15650612e-04  1.20000000e+00 
 2.15750612e-04  1.27676544e+00  2.15750612e-04  6.80017521e-01  2.15750612e-04  1.85629000e-06  2.15750612e-04 -2.46072537e-07  2.15750612e-04  6.75542429e-06  2.15750612e-04  0.00000000e+00  2.15750612e-04  1.20000000e+00 
 2.15850612e-04  1.27255501e+00  2.15850612e-04  6.80102328e-01  2.15850612e-04  1.93401261e-06  2.15850612e-04  2.46129334e-07  2.15850612e-04 -5.82854017e-06  2.15850612e-04  0.00000000e+00  2.15850612e-04  1.20000000e+00 
 2.15950612e-04  1.26834449e+00  2.15950612e-04  6.80011871e-01  2.15950612e-04  1.85628967e-06  2.15950612e-04 -2.46104927e-07  2.15950612e-04  6.75541186e-06  2.15950612e-04  0.00000000e+00  2.15950612e-04  1.20000000e+00 
 2.16050612e-04  1.26413436e+00  2.16050612e-04  6.80106804e-01  2.16050612e-04  1.93401279e-06  2.16050612e-04  2.46157273e-07  2.16050612e-04 -5.82854048e-06  2.16050612e-04  0.00000000e+00  2.16050612e-04  1.20000000e+00 
 2.16150612e-04  1.25992411e+00  2.16150612e-04  6.80007841e-01  2.16150612e-04  1.85628962e-06  2.16150612e-04 -2.46128537e-07  2.16150612e-04  6.75539725e-06  2.16150612e-04  0.00000000e+00  2.16150612e-04  1.20000000e+00 
 2.16250612e-04  1.25571420e+00  2.16250612e-04  6.80110290e-01  2.16250612e-04  1.93401274e-06  2.16250612e-04  2.46179013e-07  2.16250612e-04 -5.82853897e-06  2.16250612e-04  0.00000000e+00  2.16250612e-04  1.20000000e+00 
 2.16350612e-04  1.25150416e+00  2.16350612e-04  6.80004757e-01  2.16350612e-04  1.85628977e-06  2.16350612e-04 -2.46147299e-07  2.16350612e-04  6.75538100e-06  2.16350612e-04  0.00000000e+00  2.16350612e-04  1.20000000e+00 
 2.16450612e-04  1.24729444e+00  2.16450612e-04  6.80112965e-01  2.16450612e-04  1.93401250e-06  2.16450612e-04  2.46195783e-07  2.16450612e-04 -5.82853624e-06  2.16450612e-04  0.00000000e+00  2.16450612e-04  1.20000000e+00 
 2.16550612e-04  1.24308456e+00  2.16550612e-04  6.80002483e-01  2.16550612e-04  1.85629009e-06  2.16550612e-04 -2.46161369e-07  2.16550612e-04  6.75536368e-06  2.16550612e-04  0.00000000e+00  2.16550612e-04  1.20000000e+00 
 2.16650612e-04  1.23887499e+00  2.16650612e-04  6.80114930e-01  2.16650612e-04  1.93401211e-06  2.16650612e-04  2.46207883e-07  2.16650612e-04 -5.82853284e-06  2.16650612e-04  0.00000000e+00  2.16650612e-04  1.20000000e+00 
 2.16750612e-04  1.23466525e+00  2.16750612e-04  6.80000921e-01  2.16750612e-04  1.85629053e-06  2.16750612e-04 -2.46171024e-07  2.16750612e-04  6.75534579e-06  2.16750612e-04  0.00000000e+00  2.16750612e-04  1.20000000e+00 
 2.16850612e-04  1.23045580e+00  2.16850612e-04  6.80116258e-01  2.16850612e-04  1.93401162e-06  2.16850612e-04  2.46215648e-07  2.16850612e-04 -5.82852920e-06  2.16850612e-04  0.00000000e+00  2.16850612e-04  1.20000000e+00 
 2.16950612e-04  1.22624618e+00  2.16950612e-04  6.79999997e-01  2.16950612e-04  1.85629107e-06  2.16950612e-04 -2.46176598e-07  2.16950612e-04  6.75532770e-06  2.16950612e-04  0.00000000e+00  2.16950612e-04  1.20000000e+00 
 2.17050612e-04  1.22203685e+00  2.17050612e-04  6.80117012e-01  2.17050612e-04  1.93401104e-06  2.17050612e-04  2.46219465e-07  2.17050612e-04 -5.82852567e-06  2.17050612e-04  0.00000000e+00  2.17050612e-04  1.20000000e+00 
 2.17150612e-04  1.21782733e+00  2.17150612e-04  6.79999649e-01  2.17150612e-04  1.85629168e-06  2.17150612e-04 -2.46178478e-07  2.17150612e-04  6.75530974e-06  2.17150612e-04  0.00000000e+00  2.17150612e-04  1.20000000e+00 
 2.17250612e-04  1.21361810e+00  2.17250612e-04  6.80117248e-01  2.17250612e-04  1.93401040e-06  2.17250612e-04  2.46219758e-07  2.17250612e-04 -5.82852254e-06  2.17250612e-04  0.00000000e+00  2.17250612e-04  1.20000000e+00 
 2.17350612e-04  1.20940868e+00  2.17350612e-04  6.79999820e-01  2.17350612e-04  1.85629234e-06  2.17350612e-04 -2.46177088e-07  2.17350612e-04  6.75529213e-06  2.17350612e-04  0.00000000e+00  2.17350612e-04  1.20000000e+00 
 2.17450612e-04  1.20519954e+00  2.17450612e-04  6.80117018e-01  2.17450612e-04  1.93400972e-06  2.17450612e-04  2.46216973e-07  2.17450612e-04 -5.82852001e-06  2.17450612e-04  0.00000000e+00  2.17450612e-04  1.20000000e+00 
 2.17550612e-04  1.20099020e+00  2.17550612e-04  6.80000456e-01  2.17550612e-04  1.85629304e-06  2.17550612e-04 -2.46172869e-07  2.17550612e-04  6.75527507e-06  2.17550612e-04  0.00000000e+00  2.17550612e-04  1.20000000e+00 
 2.17650612e-04  1.19678115e+00  2.17650612e-04  6.80116376e-01  2.17650612e-04  1.93400902e-06  2.17650612e-04  2.46211566e-07  2.17650612e-04 -5.82851825e-06  2.17650612e-04  0.00000000e+00  2.17650612e-04  1.20000000e+00 
 2.17750612e-04  1.19257189e+00  2.17750612e-04  6.80001502e-01  2.17750612e-04  1.85629375e-06  2.17750612e-04 -2.46166271e-07  2.17750612e-04  6.75525868e-06  2.17750612e-04  0.00000000e+00  2.17750612e-04  1.20000000e+00 
 2.17850612e-04  1.18836292e+00  2.17850612e-04  6.80115376e-01  2.17850612e-04  1.93400830e-06  2.17850612e-04  2.46203987e-07  2.17850612e-04 -5.82851736e-06  2.17850612e-04  0.00000000e+00  2.17850612e-04  1.20000000e+00 
 2.17950612e-04  1.18415374e+00  2.17950612e-04  6.80002904e-01  2.17950612e-04  1.85629447e-06  2.17950612e-04 -2.46157732e-07  2.17950612e-04  6.75524305e-06  2.17950612e-04  0.00000000e+00  2.17950612e-04  1.20000000e+00 
 2.18050612e-04  1.17994485e+00  2.18050612e-04  6.80114075e-01  2.18050612e-04  1.93400758e-06  2.18050612e-04  2.46194669e-07  2.18050612e-04 -5.82851739e-06  2.18050612e-04  0.00000000e+00  2.18050612e-04  1.20000000e+00 
 2.18150612e-04  1.17573574e+00  2.18150612e-04  6.80004607e-01  2.18150612e-04  1.85629519e-06  2.18150612e-04 -2.46147670e-07  2.18150612e-04  6.75522821e-06  2.18150612e-04  0.00000000e+00  2.18150612e-04  1.20000000e+00 
 2.18250612e-04  1.17152693e+00  2.18250612e-04  6.80112527e-01  2.18250612e-04  1.93400687e-06  2.18250612e-04  2.46184021e-07  2.18250612e-04 -5.82851838e-06  2.18250612e-04  0.00000000e+00  2.18250612e-04  1.20000000e+00 
 2.18350612e-04  1.16731790e+00  2.18350612e-04  6.80006556e-01  2.18350612e-04  1.85629589e-06  2.18350612e-04 -2.46136475e-07  2.18350612e-04  6.75521416e-06  2.18350612e-04  0.00000000e+00  2.18350612e-04  1.20000000e+00 
 2.18450612e-04  1.16310917e+00  2.18450612e-04  6.80110789e-01  2.18450612e-04  1.93400618e-06  2.18450612e-04  2.46172417e-07  2.18450612e-04 -5.82852029e-06  2.18450612e-04  0.00000000e+00  2.18450612e-04  1.20000000e+00 
 2.18550612e-04  1.15890020e+00  2.18550612e-04  6.80008697e-01  2.18550612e-04  1.85629657e-06  2.18550612e-04 -2.46124502e-07  2.18550612e-04  6.75520087e-06  2.18550612e-04  0.00000000e+00  2.18550612e-04  1.20000000e+00 
 2.18650612e-04  1.15469155e+00  2.18650612e-04  6.80108914e-01  2.18650612e-04  1.93400552e-06  2.18650612e-04  2.46160193e-07  2.18650612e-04 -5.82852308e-06  2.18650612e-04  0.00000000e+00  2.18650612e-04  1.20000000e+00 
 2.18750612e-04  1.15048266e+00  2.18750612e-04  6.80010980e-01  2.18750612e-04  1.85629721e-06  2.18750612e-04 -2.46112065e-07  2.18750612e-04  6.75518827e-06  2.18750612e-04  0.00000000e+00  2.18750612e-04  1.20000000e+00 
 2.18850612e-04  1.14627409e+00  2.18850612e-04  6.80106954e-01  2.18850612e-04  1.93400489e-06  2.18850612e-04  2.46147643e-07  2.18850612e-04 -5.82852667e-06  2.18850612e-04  0.00000000e+00  2.18850612e-04  1.20000000e+00 
 2.18950612e-04  1.14206527e+00  2.18950612e-04  6.80013356e-01  2.18950612e-04  1.85629782e-06  2.18950612e-04 -2.46099435e-07  2.18950612e-04  6.75517628e-06  2.18950612e-04  0.00000000e+00  2.18950612e-04  1.20000000e+00 
 2.19050612e-04  1.13785677e+00  2.19050612e-04  6.80104957e-01  2.19050612e-04  1.93400430e-06  2.19050612e-04  2.46135018e-07  2.19050612e-04 -5.82853096e-06  2.19050612e-04  0.00000000e+00  2.19050612e-04  1.20000000e+00 
 2.19150612e-04  1.13364803e+00  2.19150612e-04  6.80015783e-01  2.19150612e-04  1.85629839e-06  2.19150612e-04 -2.46086840e-07  2.19150612e-04  6.75516479e-06  2.19150612e-04  0.00000000e+00  2.19150612e-04  1.20000000e+00 
 2.19250612e-04  1.12943961e+00  2.19250612e-04  6.80102967e-01  2.19250612e-04  1.93400375e-06  2.19250612e-04  2.46122522e-07  2.19250612e-04 -5.82853585e-06  2.19250612e-04  0.00000000e+00  2.19250612e-04  1.20000000e+00 
 2.19350612e-04  1.12523095e+00  2.19350612e-04  6.80018220e-01  2.19350612e-04  1.85629891e-06  2.19350612e-04 -2.46074464e-07  2.19350612e-04  6.75515368e-06  2.19350612e-04  0.00000000e+00  2.19350612e-04  1.20000000e+00 
 2.19450612e-04  1.12102261e+00  2.19450612e-04  6.80101023e-01  2.19450612e-04  1.93400325e-06  2.19450612e-04  2.46110322e-07  2.19450612e-04 -5.82854120e-06  2.19450612e-04  0.00000000e+00  2.19450612e-04  1.20000000e+00 
 2.19550612e-04  1.11681402e+00  2.19550612e-04  6.80020635e-01  2.19550612e-04  1.85629939e-06  2.19550612e-04 -2.46062452e-07  2.19550612e-04  6.75514283e-06  2.19550612e-04  0.00000000e+00  2.19550612e-04  1.20000000e+00 
 2.19650612e-04  1.11260576e+00  2.19650612e-04  6.80099157e-01  2.19650612e-04  1.93400280e-06  2.19650612e-04  2.46098541e-07  2.19650612e-04 -5.82854689e-06  2.19650612e-04  0.00000000e+00  2.19650612e-04  1.20000000e+00 
 2.19750612e-04  1.10839726e+00  2.19750612e-04  6.80022998e-01  2.19750612e-04  1.85629982e-06  2.19750612e-04 -2.46050908e-07  2.19750612e-04  6.75513212e-06  2.19750612e-04  0.00000000e+00  2.19750612e-04  1.20000000e+00 
 2.19850612e-04  1.10418908e+00  2.19850612e-04  6.80097400e-01  2.19850612e-04  1.93400240e-06  2.19850612e-04  2.46087267e-07  2.19850612e-04 -5.82855280e-06  2.19850612e-04  0.00000000e+00  2.19850612e-04  1.20000000e+00 
 2.19950612e-04  1.09998066e+00  2.19950612e-04  6.80025289e-01  2.19950612e-04  1.85630020e-06  2.19950612e-04 -2.46039904e-07  2.19950612e-04  6.75512141e-06  2.19950612e-04  0.00000000e+00  2.19950612e-04  1.20000000e+00 
 2.20050612e-04  1.09577257e+00  2.20050612e-04  6.80095772e-01  2.20050612e-04  1.93400204e-06  2.20050612e-04  2.46076557e-07  2.20050612e-04 -5.82855878e-06  2.20050612e-04  0.00000000e+00  2.20050612e-04  1.20000000e+00 
 2.20150612e-04  1.09156424e+00  2.20150612e-04  6.80027488e-01  2.20150612e-04  1.85630053e-06  2.20150612e-04 -2.46029482e-07  2.20150612e-04  6.75511058e-06  2.20150612e-04  0.00000000e+00  2.20150612e-04  1.20000000e+00 
 2.20250612e-04  1.08735624e+00  2.20250612e-04  6.80094291e-01  2.20250612e-04  1.93400173e-06  2.20250612e-04  2.46066437e-07  2.20250612e-04 -5.82856472e-06  2.20250612e-04  0.00000000e+00  2.20250612e-04  1.20000000e+00 
 2.20350612e-04  1.08314799e+00  2.20350612e-04  6.80029585e-01  2.20350612e-04  1.85630082e-06  2.20350612e-04 -2.46019655e-07  2.20350612e-04  6.75509952e-06  2.20350612e-04  0.00000000e+00  2.20350612e-04  1.20000000e+00 
 2.20450612e-04  1.07894008e+00  2.20450612e-04  6.80092971e-01  2.20450612e-04  1.93400147e-06  2.20450612e-04  2.46056911e-07  2.20450612e-04 -5.82857050e-06  2.20450612e-04  0.00000000e+00  2.20450612e-04  1.20000000e+00 
 2.20550612e-04  1.07473193e+00  2.20550612e-04  6.80031570e-01  2.20550612e-04  1.85630106e-06  2.20550612e-04 -2.46010417e-07  2.20550612e-04  6.75508811e-06  2.20550612e-04  0.00000000e+00  2.20550612e-04  1.20000000e+00 
 2.20650612e-04  1.07052411e+00  2.20650612e-04  6.80091819e-01  2.20650612e-04  1.93400125e-06  2.20650612e-04  2.46047964e-07  2.20650612e-04 -5.82857602e-06  2.20650612e-04  0.00000000e+00  2.20650612e-04  1.20000000e+00 
 2.20750612e-04  1.06631605e+00  2.20750612e-04  6.80033439e-01  2.20750612e-04  1.85630126e-06  2.20750612e-04 -2.46001743e-07  2.20750612e-04  6.75507627e-06  2.20750612e-04  0.00000000e+00  2.20750612e-04  1.20000000e+00 
 2.20850612e-04  1.06210833e+00  2.20850612e-04  6.80090840e-01  2.20850612e-04  1.93400107e-06  2.20850612e-04  2.46039563e-07  2.20850612e-04 -5.82858118e-06  2.20850612e-04  0.00000000e+00  2.20850612e-04  1.20000000e+00 
 2.20950612e-04  1.05790037e+00  2.20950612e-04  6.80035192e-01  2.20950612e-04  1.85630142e-06  2.20950612e-04 -2.45993596e-07  2.20950612e-04  6.75506391e-06  2.20950612e-04  0.00000000e+00  2.20950612e-04  1.20000000e+00 
 2.21050612e-04  1.05369275e+00  2.21050612e-04  6.80090034e-01  2.21050612e-04  1.93400093e-06  2.21050612e-04  2.46031664e-07  2.21050612e-04 -5.82858590e-06  2.21050612e-04  0.00000000e+00  2.21050612e-04  1.20000000e+00 
 2.21150612e-04  1.04948489e+00  2.21150612e-04  6.80036831e-01  2.21150612e-04  1.85630154e-06  2.21150612e-04 -2.45985926e-07  2.21150612e-04  6.75505095e-06  2.21150612e-04  0.00000000e+00  2.21150612e-04  1.20000000e+00 
 2.21250612e-04  1.04527737e+00  2.21250612e-04  6.80089399e-01  2.21250612e-04  1.93400082e-06  2.21250612e-04  2.46024215e-07  2.21250612e-04 -5.82859010e-06  2.21250612e-04  0.00000000e+00  2.21250612e-04  1.20000000e+00 
 2.21350612e-04  1.04106962e+00  2.21350612e-04  6.80038359e-01  2.21350612e-04  1.85630163e-06  2.21350612e-04 -2.45978679e-07  2.21350612e-04  6.75503733e-06  2.21350612e-04  0.00000000e+00  2.21350612e-04  1.20000000e+00 
 2.21450612e-04  1.03686220e+00  2.21450612e-04  6.80088930e-01  2.21450612e-04  1.93400075e-06  2.21450612e-04  2.46017159e-07  2.21450612e-04 -5.82859373e-06  2.21450612e-04  0.00000000e+00  2.21450612e-04  1.20000000e+00 
 2.21550612e-04  1.03265456e+00  2.21550612e-04  6.80039782e-01  2.21550612e-04  1.85630169e-06  2.21550612e-04 -2.45971793e-07  2.21550612e-04  6.75502300e-06  2.21550612e-04  0.00000000e+00  2.21550612e-04  1.20000000e+00 
 2.21650612e-04  1.02844724e+00  2.21650612e-04  6.80088621e-01  2.21650612e-04  1.93400071e-06  2.21650612e-04  2.46010434e-07  2.21650612e-04 -5.82859674e-06  2.21650612e-04  0.00000000e+00  2.21650612e-04  1.20000000e+00 
 2.21750612e-04  1.02423969e+00  2.21750612e-04  6.80041105e-01  2.21750612e-04  1.85630172e-06  2.21750612e-04 -2.45965207e-07  2.21750612e-04  6.75500793e-06  2.21750612e-04  0.00000000e+00  2.21750612e-04  1.20000000e+00 
 2.21850612e-04  1.02003248e+00  2.21850612e-04  6.80088460e-01  2.21850612e-04  1.93400070e-06  2.21850612e-04  2.46003977e-07  2.21850612e-04 -5.82859909e-06  2.21850612e-04  0.00000000e+00  2.21850612e-04  1.20000000e+00 
 2.21950612e-04  1.01582504e+00  2.21950612e-04  6.80042335e-01  2.21950612e-04  1.85630172e-06  2.21950612e-04 -2.45958858e-07  2.21950612e-04  6.75499208e-06  2.21950612e-04  0.00000000e+00  2.21950612e-04  1.20000000e+00 
 2.22050612e-04  1.01161791e+00  2.22050612e-04  6.80088436e-01  2.22050612e-04  1.93400070e-06  2.22050612e-04  2.45997726e-07  2.22050612e-04 -5.82860076e-06  2.22050612e-04  0.00000000e+00  2.22050612e-04  1.20000000e+00 
 2.22150612e-04  1.00741057e+00  2.22150612e-04  6.80043478e-01  2.22150612e-04  1.85630171e-06  2.22150612e-04 -2.45952685e-07  2.22150612e-04  6.75497545e-06  2.22150612e-04  0.00000000e+00  2.22150612e-04  1.20000000e+00 
 2.22250612e-04  1.00320355e+00  2.22250612e-04  6.80088535e-01  2.22250612e-04  1.93400073e-06  2.22250612e-04  2.45991624e-07  2.22250612e-04 -5.82860174e-06  2.22250612e-04  0.00000000e+00  2.22250612e-04  1.20000000e+00 
 2.22350612e-04  9.98996297e-01  2.22350612e-04  6.80044537e-01  2.22350612e-04  1.85630167e-06  2.22350612e-04 -2.45946632e-07  2.22350612e-04  6.75495801e-06  2.22350612e-04  0.00000000e+00  2.22350612e-04  1.20000000e+00 
 2.22450612e-04  9.94789359e-01  2.22450612e-04  6.80088740e-01  2.22450612e-04  1.93400078e-06  2.22450612e-04  2.45985614e-07  2.22450612e-04 -5.82860203e-06  2.22450612e-04  0.00000000e+00  2.22450612e-04  1.20000000e+00 
 2.22550612e-04  9.90582198e-01  2.22550612e-04  6.80045517e-01  2.22550612e-04  1.85630162e-06  2.22550612e-04 -2.45940643e-07  2.22550612e-04  6.75493977e-06  2.22550612e-04  0.00000000e+00  2.22550612e-04  1.20000000e+00 
 2.22650612e-04  9.86375343e-01  2.22650612e-04  6.80089033e-01  2.22650612e-04  1.93400084e-06  2.22650612e-04  2.45979645e-07  2.22650612e-04 -5.82860162e-06  2.22650612e-04  0.00000000e+00  2.22650612e-04  1.20000000e+00 
 2.22750612e-04  9.82168265e-01  2.22750612e-04  6.80046419e-01  2.22750612e-04  1.85630155e-06  2.22750612e-04 -2.45934672e-07  2.22750612e-04  6.75492073e-06  2.22750612e-04  0.00000000e+00  2.22750612e-04  1.20000000e+00 
 2.22850612e-04  9.77961489e-01  2.22850612e-04  6.80089393e-01  2.22850612e-04  1.93400091e-06  2.22850612e-04  2.45973672e-07  2.22850612e-04 -5.82860056e-06  2.22850612e-04  0.00000000e+00  2.22850612e-04  1.20000000e+00 
 2.22950612e-04  9.73754488e-01  2.22950612e-04  6.80047243e-01  2.22950612e-04  1.85630147e-06  2.22950612e-04 -2.45928676e-07  2.22950612e-04  6.75490090e-06  2.22950612e-04  0.00000000e+00  2.22950612e-04  1.20000000e+00 
 2.23050612e-04  9.69547784e-01  2.23050612e-04  6.80089798e-01  2.23050612e-04  1.93400099e-06  2.23050612e-04  2.45967657e-07  2.23050612e-04 -5.82859885e-06  2.23050612e-04  0.00000000e+00  2.23050612e-04  1.20000000e+00 
 2.23150612e-04  9.65340855e-01  2.23150612e-04  6.80047991e-01  2.23150612e-04  1.85630139e-06  2.23150612e-04 -2.45922619e-07  2.23150612e-04  6.75488029e-06  2.23150612e-04  0.00000000e+00  2.23150612e-04  1.20000000e+00 
 2.23250612e-04  9.61134220e-01  2.23250612e-04  6.80090227e-01  2.23250612e-04  1.93400108e-06  2.23250612e-04  2.45961567e-07  2.23250612e-04 -5.82859656e-06  2.23250612e-04  0.00000000e+00  2.23250612e-04  1.20000000e+00 
 2.23350612e-04  9.56927357e-01  2.23350612e-04  6.80048661e-01  2.23350612e-04  1.85630129e-06  2.23350612e-04 -2.45916474e-07  2.23350612e-04  6.75485890e-06  2.23350612e-04  0.00000000e+00  2.23350612e-04  1.20000000e+00 
 2.23450612e-04  9.52720786e-01  2.23450612e-04  6.80090658e-01  2.23450612e-04  1.93400118e-06  2.23450612e-04  2.45955380e-07  2.23450612e-04 -5.82859373e-06  2.23450612e-04  0.00000000e+00  2.23450612e-04  1.20000000e+00 
 2.23550612e-04  9.48513986e-01  2.23550612e-04  6.80049255e-01  2.23550612e-04  1.85630119e-06  2.23550612e-04 -2.45910220e-07  2.23550612e-04  6.75483673e-06  2.23550612e-04  0.00000000e+00  2.23550612e-04  1.20000000e+00 
 2.23650612e-04  9.44307476e-01  2.23650612e-04  6.80091073e-01  2.23650612e-04  1.93400128e-06  2.23650612e-04  2.45949078e-07  2.23650612e-04 -5.82859046e-06  2.23650612e-04  0.00000000e+00  2.23650612e-04  1.20000000e+00 
 2.23750612e-04  9.40100736e-01  2.23750612e-04  6.80049774e-01  2.23750612e-04  1.85630109e-06  2.23750612e-04 -2.45903846e-07  2.23750612e-04  6.75481378e-06  2.23750612e-04  0.00000000e+00  2.23750612e-04  1.20000000e+00 
 2.23850612e-04  9.35894287e-01  2.23850612e-04  6.80091456e-01  2.23850612e-04  1.93400139e-06  2.23850612e-04  2.45942652e-07  2.23850612e-04 -5.82858684e-06  2.23850612e-04  0.00000000e+00  2.23850612e-04  1.20000000e+00 
 2.23950612e-04  9.31687606e-01  2.23950612e-04  6.80050224e-01  2.23950612e-04  1.85630098e-06  2.23950612e-04 -2.45897347e-07  2.23950612e-04  6.75479001e-06  2.23950612e-04  0.00000000e+00  2.23950612e-04  1.20000000e+00 
 2.24050612e-04  9.27481217e-01  2.24050612e-04  6.80091794e-01  2.24050612e-04  1.93400150e-06  2.24050612e-04  2.45936101e-07  2.24050612e-04 -5.82858303e-06  2.24050612e-04  0.00000000e+00  2.24050612e-04  1.20000000e+00 
 2.24150612e-04  9.23274597e-01  2.24150612e-04  6.80050611e-01  2.24150612e-04  1.85630087e-06  2.24150612e-04 -2.45890723e-07  2.24150612e-04  6.75476533e-06  2.24150612e-04  0.00000000e+00  2.24150612e-04  1.20000000e+00 
 2.24250612e-04  9.19068272e-01  2.24250612e-04  6.80092081e-01  2.24250612e-04  1.93400161e-06  2.24250612e-04  2.45929429e-07  2.24250612e-04 -5.82857923e-06  2.24250612e-04  0.00000000e+00  2.24250612e-04  1.20000000e+00 
 2.24350612e-04  9.14861717e-01  2.24350612e-04  6.80050943e-01  2.24350612e-04  1.85630076e-06  2.24350612e-04 -2.45883983e-07  2.24350612e-04  6.75473964e-06  2.24350612e-04  0.00000000e+00  2.24350612e-04  1.20000000e+00 
 2.24450612e-04  9.10655463e-01  2.24450612e-04  6.80092312e-01  2.24450612e-04  1.93400172e-06  2.24450612e-04  2.45922647e-07  2.24450612e-04 -5.82857575e-06  2.24450612e-04  0.00000000e+00  2.24450612e-04  1.20000000e+00 
 2.24550612e-04  9.06448981e-01  2.24550612e-04  6.80051230e-01  2.24550612e-04  1.85630065e-06  2.24550612e-04 -2.45877141e-07  2.24550612e-04  6.75471270e-06  2.24550612e-04  0.00000000e+00  2.24550612e-04  1.20000000e+00 
 2.24650612e-04  9.02242811e-01  2.24650612e-04  6.80092485e-01  2.24650612e-04  1.93400184e-06  2.24650612e-04  2.45915769e-07  2.24650612e-04 -5.82857299e-06  2.24650612e-04  0.00000000e+00  2.24650612e-04  1.20000000e+00 
 2.24750612e-04  8.98036416e-01  2.24750612e-04  6.80051480e-01  2.24750612e-04  1.85630054e-06  2.24750612e-04 -2.45870214e-07  2.24750612e-04  6.75468421e-06  2.24750612e-04  0.00000000e+00  2.24750612e-04  1.20000000e+00 
 2.24850612e-04  8.93830348e-01  2.24850612e-04  6.80092599e-01  2.24850612e-04  1.93400195e-06  2.24850612e-04  2.45908816e-07  2.24850612e-04 -5.82857151e-06  2.24850612e-04  0.00000000e+00  2.24850612e-04  1.20000000e+00 
 2.24950612e-04  8.89624062e-01  2.24950612e-04  6.80051703e-01  2.24950612e-04  1.85630042e-06  2.24950612e-04 -2.45863222e-07  2.24950612e-04  6.75465370e-06  2.24950612e-04  0.00000000e+00  2.24950612e-04  1.20000000e+00 
 2.25050612e-04  8.85418123e-01  2.25050612e-04  6.80092655e-01  2.25050612e-04  1.93400207e-06  2.25050612e-04  2.45901810e-07  2.25050612e-04 -5.82857205e-06  2.25050612e-04  0.00000000e+00  2.25050612e-04  1.20000000e+00 
 2.25150612e-04  8.81211975e-01  2.25150612e-04  6.80051906e-01  2.25150612e-04  1.85630031e-06  2.25150612e-04 -2.45856190e-07  2.25150612e-04  6.75462059e-06  2.25150612e-04  0.00000000e+00  2.25150612e-04  1.20000000e+00 
 2.25250612e-04  8.77006203e-01  2.25250612e-04  6.80092654e-01  2.25250612e-04  1.93400218e-06  2.25250612e-04  2.45894775e-07  2.25250612e-04 -5.82857554e-06  2.25250612e-04  0.00000000e+00  2.25250612e-04  1.20000000e+00 
 2.25350612e-04  8.72800233e-01  2.25350612e-04  6.80052095e-01  2.25350612e-04  1.85630019e-06  2.25350612e-04 -2.45849142e-07  2.25350612e-04  6.75458411e-06  2.25350612e-04  0.00000000e+00  2.25350612e-04  1.20000000e+00 
 2.25450612e-04  8.68594677e-01  2.25450612e-04  6.80092595e-01  2.25450612e-04  1.93400230e-06  2.25450612e-04  2.45887737e-07  2.25450612e-04 -5.82858309e-06  2.25450612e-04  0.00000000e+00  2.25450612e-04  1.20000000e+00 
 2.25550612e-04  8.64388936e-01  2.25550612e-04  6.80052276e-01  2.25550612e-04  1.85630007e-06  2.25550612e-04 -2.45842105e-07  2.25550612e-04  6.75454340e-06  2.25550612e-04  0.00000000e+00  2.25550612e-04  1.20000000e+00 
 2.25650612e-04  8.60183656e-01  2.25650612e-04  6.80092478e-01  2.25650612e-04  1.93400242e-06  2.25650612e-04  2.45880724e-07  2.25650612e-04 -5.82859600e-06  2.25650612e-04  0.00000000e+00  2.25650612e-04  1.20000000e+00 
 2.25750612e-04  8.55978209e-01  2.25750612e-04  6.80052453e-01  2.25750612e-04  1.85629995e-06  2.25750612e-04 -2.45835107e-07  2.25750612e-04  6.75449747e-06  2.25750612e-04  0.00000000e+00  2.25750612e-04  1.20000000e+00 
 2.25850612e-04  8.51773279e-01  2.25850612e-04  6.80092304e-01  2.25850612e-04  1.93400254e-06  2.25850612e-04  2.45873763e-07  2.25850612e-04 -5.82861566e-06  2.25850612e-04  0.00000000e+00  2.25850612e-04  1.20000000e+00 
 2.25950612e-04  8.47568199e-01  2.25950612e-04  6.80052630e-01  2.25950612e-04  1.85629983e-06  2.25950612e-04 -2.45828177e-07  2.25950612e-04  6.75444529e-06  2.25950612e-04  0.00000000e+00  2.25950612e-04  1.20000000e+00 
 2.26050612e-04  8.43363706e-01  2.26050612e-04  6.80092072e-01  2.26050612e-04  1.93400266e-06  2.26050612e-04  2.45866884e-07  2.26050612e-04 -5.82864350e-06  2.26050612e-04  0.00000000e+00  2.26050612e-04  1.20000000e+00 
 2.26150612e-04  8.39159081e-01  2.26150612e-04  6.80052811e-01  2.26150612e-04  1.85629970e-06  2.26150612e-04 -2.45821342e-07  2.26150612e-04  6.75438582e-06  2.26150612e-04  0.00000000e+00  2.26150612e-04  1.20000000e+00 
 2.26250612e-04  8.34955121e-01  2.26250612e-04  6.80091786e-01  2.26250612e-04  1.93400279e-06  2.26250612e-04  2.45860114e-07  2.26250612e-04 -5.82868091e-06  2.26250612e-04  0.00000000e+00  2.26250612e-04  1.20000000e+00 
 2.26350612e-04  8.30751048e-01  2.26350612e-04  6.80052999e-01  2.26350612e-04  1.85629958e-06  2.26350612e-04 -2.45814630e-07  2.26350612e-04  6.75431815e-06  2.26350612e-04  0.00000000e+00  2.26350612e-04  1.20000000e+00 
 2.26450612e-04  8.26547727e-01  2.26450612e-04  6.80091448e-01  2.26450612e-04  1.93400292e-06  2.26450612e-04  2.45853479e-07  2.26450612e-04 -5.82872908e-06  2.26450612e-04  0.00000000e+00  2.26450612e-04  1.20000000e+00 
 2.26550612e-04  8.22344309e-01  2.26550612e-04  6.80053199e-01  2.26550612e-04  1.85629944e-06  2.26550612e-04 -2.45808066e-07  2.26550612e-04  6.75424154e-06  2.26550612e-04  0.00000000e+00  2.26550612e-04  1.20000000e+00 
 2.26650612e-04  8.18141737e-01  2.26650612e-04  6.80091065e-01  2.26650612e-04  1.93400306e-06  2.26650612e-04  2.45847003e-07  2.26650612e-04 -5.82878888e-06  2.26650612e-04  0.00000000e+00  2.26650612e-04  1.20000000e+00 
 2.26750612e-04  8.13939081e-01  2.26750612e-04  6.80053413e-01  2.26750612e-04  1.85629931e-06  2.26750612e-04 -2.45801672e-07  2.26750612e-04  6.75415554e-06  2.26750612e-04  0.00000000e+00  2.26750612e-04  1.20000000e+00 
 2.26850612e-04  8.09737369e-01  2.26850612e-04  6.80090647e-01  2.26850612e-04  1.93400320e-06  2.26850612e-04  2.45840706e-07  2.26850612e-04 -5.82886079e-06  2.26850612e-04  0.00000000e+00  2.26850612e-04  1.20000000e+00 
 2.26950612e-04  8.05535582e-01  2.26950612e-04  6.80053645e-01  2.26950612e-04  1.85629916e-06  2.26950612e-04 -2.45795466e-07  2.26950612e-04  6.75405999e-06  2.26950612e-04  0.00000000e+00  2.26950612e-04  1.20000000e+00 
 2.27050612e-04  8.01334838e-01  2.27050612e-04  6.80090203e-01  2.27050612e-04  1.93400334e-06  2.27050612e-04  2.45834604e-07  2.27050612e-04 -5.82894484e-06  2.27050612e-04  0.00000000e+00  2.27050612e-04  1.20000000e+00 
 2.27150612e-04  7.97134021e-01  2.27150612e-04  6.80053895e-01  2.27150612e-04  1.85629901e-06  2.27150612e-04 -2.45789462e-07  2.27150612e-04  6.75395504e-06  2.27150612e-04  0.00000000e+00  2.27150612e-04  1.20000000e+00 
 2.27250612e-04  7.92934344e-01  2.27250612e-04  6.80089745e-01  2.27250612e-04  1.93400350e-06  2.27250612e-04  2.45828707e-07  2.27250612e-04 -5.82904064e-06  2.27250612e-04  0.00000000e+00  2.27250612e-04  1.20000000e+00 
 2.27350612e-04  7.88734594e-01  2.27350612e-04  6.80054163e-01  2.27350612e-04  1.85629886e-06  2.27350612e-04 -2.45783667e-07  2.27350612e-04  6.75384111e-06  2.27350612e-04  0.00000000e+00  2.27350612e-04  1.20000000e+00 
 2.27450612e-04  7.84536074e-01  2.27450612e-04  6.80089283e-01  2.27450612e-04  1.93400366e-06  2.27450612e-04  2.45823019e-07  2.27450612e-04 -5.82914748e-06  2.27450612e-04  0.00000000e+00  2.27450612e-04  1.20000000e+00 
 2.27550612e-04  7.80337478e-01  2.27550612e-04  6.80054445e-01  2.27550612e-04  1.85629870e-06  2.27550612e-04 -2.45778081e-07  2.27550612e-04  6.75371875e-06  2.27550612e-04  0.00000000e+00  2.27550612e-04  1.20000000e+00 
 2.27650612e-04  7.76140193e-01  2.27650612e-04  6.80088825e-01  2.27650612e-04  1.93400382e-06  2.27650612e-04  2.45817539e-07  2.27650612e-04 -5.82926444e-06  2.27650612e-04  0.00000000e+00  2.27650612e-04  1.20000000e+00 
 2.27750612e-04  7.71942827e-01  2.27750612e-04  6.80054738e-01  2.27750612e-04  1.85629853e-06  2.27750612e-04 -2.45772700e-07  2.27750612e-04  6.75358863e-06  2.27750612e-04  0.00000000e+00  2.27750612e-04  1.20000000e+00 
 2.27850612e-04  7.67746848e-01  2.27850612e-04  6.80088379e-01  2.27850612e-04  1.93400400e-06  2.27850612e-04  2.45812260e-07  2.27850612e-04 -5.82939050e-06  2.27850612e-04  0.00000000e+00  2.27850612e-04  1.20000000e+00 
 2.27950612e-04  7.63550780e-01  2.27950612e-04  6.80055036e-01  2.27950612e-04  1.85629835e-06  2.27950612e-04 -2.45767515e-07  2.27950612e-04  6.75345143e-06  2.27950612e-04  0.00000000e+00  2.27950612e-04  1.20000000e+00 
 2.28050612e-04  7.59356167e-01  2.28050612e-04  6.80087949e-01  2.28050612e-04  1.93400418e-06  2.28050612e-04  2.45807172e-07  2.28050612e-04 -5.82952466e-06  2.28050612e-04  0.00000000e+00  2.28050612e-04  1.20000000e+00 
 2.28150612e-04  7.55161456e-01  2.28150612e-04  6.80055337e-01  2.28150612e-04  1.85629817e-06  2.28150612e-04 -2.45762515e-07  2.28150612e-04  6.75330780e-06  2.28150612e-04  0.00000000e+00  2.28150612e-04  1.20000000e+00 
 2.28250612e-04  7.50968259e-01  2.28250612e-04  6.80087539e-01  2.28250612e-04  1.93400436e-06  2.28250612e-04  2.45802261e-07  2.28250612e-04 -5.82966596e-06  2.28250612e-04  0.00000000e+00  2.28250612e-04  1.20000000e+00 
 2.28350612e-04  7.46774956e-01  2.28350612e-04  6.80055634e-01  2.28350612e-04  1.85629798e-06  2.28350612e-04 -2.45757685e-07  2.28350612e-04  6.75315833e-06  2.28350612e-04  0.00000000e+00  2.28350612e-04  1.20000000e+00 
 2.28450612e-04  7.42583221e-01  2.28450612e-04  6.80087150e-01  2.28450612e-04  1.93400456e-06  2.28450612e-04  2.45797513e-07  2.28450612e-04 -5.82981355e-06  2.28450612e-04  0.00000000e+00  2.28450612e-04  1.20000000e+00 
 2.28550612e-04  7.38391372e-01  2.28550612e-04  6.80055925e-01  2.28550612e-04  1.85629778e-06  2.28550612e-04 -2.45753010e-07  2.28550612e-04  6.75300355e-06  2.28550612e-04  0.00000000e+00  2.28550612e-04  1.20000000e+00 
 2.28650612e-04  7.34201137e-01  2.28650612e-04  6.80086782e-01  2.28650612e-04  1.93400476e-06  2.28650612e-04  2.45792912e-07  2.28650612e-04 -5.82996670e-06  2.28650612e-04  0.00000000e+00  2.28650612e-04  1.20000000e+00 
 2.28750612e-04  7.30010782e-01  2.28750612e-04  6.80056209e-01  2.28750612e-04  1.85629757e-06  2.28750612e-04 -2.45748474e-07  2.28750612e-04  6.75284392e-06  2.28750612e-04  0.00000000e+00  2.28750612e-04  1.20000000e+00 
 2.28850612e-04  7.25822083e-01  2.28850612e-04  6.80086435e-01  2.28850612e-04  1.93400497e-06  2.28850612e-04  2.45788444e-07  2.28850612e-04 -5.83012477e-06  2.28850612e-04  0.00000000e+00  2.28850612e-04  1.20000000e+00 
 2.28950612e-04  7.21633258e-01  2.28950612e-04  6.80056483e-01  2.28950612e-04  1.85629736e-06  2.28950612e-04 -2.45744064e-07  2.28950612e-04  6.75267984e-06  2.28950612e-04  0.00000000e+00  2.28950612e-04  1.20000000e+00 
 2.29050612e-04  7.17446126e-01  2.29050612e-04  6.80086108e-01  2.29050612e-04  1.93400518e-06  2.29050612e-04  2.45784094e-07  2.29050612e-04 -5.83028723e-06  2.29050612e-04  0.00000000e+00  2.29050612e-04  1.20000000e+00 
 2.29150612e-04  7.13258863e-01  2.29150612e-04  6.80056747e-01  2.29150612e-04  1.85629715e-06  2.29150612e-04 -2.45739766e-07  2.29150612e-04  6.75251165e-06  2.29150612e-04  0.00000000e+00  2.29150612e-04  1.20000000e+00 
 2.29250612e-04  7.09073327e-01  2.29250612e-04  6.80085800e-01  2.29250612e-04  1.93400541e-06  2.29250612e-04  2.45779851e-07  2.29250612e-04 -5.83045366e-06  2.29250612e-04  0.00000000e+00  2.29250612e-04  1.20000000e+00 
 2.29350612e-04  7.04887656e-01  2.29350612e-04  6.80057000e-01  2.29350612e-04  1.85629692e-06  2.29350612e-04 -2.45735568e-07  2.29350612e-04  6.75233963e-06  2.29350612e-04  0.00000000e+00  2.29350612e-04  1.20000000e+00 
 2.29450612e-04  7.00703742e-01  2.29450612e-04  6.80085509e-01  2.29450612e-04  1.93400563e-06  2.29450612e-04  2.45775702e-07  2.29450612e-04 -5.83062367e-06  2.29450612e-04  0.00000000e+00  2.29450612e-04  1.20000000e+00 
 2.29550612e-04  6.96519692e-01  2.29550612e-04  6.80057243e-01  2.29550612e-04  1.85629669e-06  2.29550612e-04 -2.45731459e-07  2.29550612e-04  6.75216404e-06  2.29550612e-04  0.00000000e+00  2.29550612e-04  1.20000000e+00 
 2.29650612e-04  6.92337424e-01  2.29650612e-04  6.80085234e-01  2.29650612e-04  1.93400587e-06  2.29650612e-04  2.45771638e-07  2.29650612e-04 -5.83079697e-06  2.29650612e-04  0.00000000e+00  2.29650612e-04  1.20000000e+00 
 2.29750612e-04  6.88155019e-01  2.29750612e-04  6.80057475e-01  2.29750612e-04  1.85629646e-06  2.29750612e-04 -2.45727432e-07  2.29750612e-04  6.75198507e-06  2.29750612e-04  0.00000000e+00  2.29750612e-04  1.20000000e+00 
 2.29850612e-04  6.83974422e-01  2.29850612e-04  6.80084973e-01  2.29850612e-04  1.93400610e-06  2.29850612e-04  2.45767651e-07  2.29850612e-04 -5.83097330e-06  2.29850612e-04  0.00000000e+00  2.29850612e-04  1.20000000e+00 
 2.29950612e-04  6.79793687e-01  2.29950612e-04  6.80057697e-01  2.29950612e-04  1.85629622e-06  2.29950612e-04 -2.45723477e-07  2.29950612e-04  6.75180291e-06  2.29950612e-04  0.00000000e+00  2.29950612e-04  1.20000000e+00 
 2.30050612e-04  6.75614783e-01  2.30050612e-04  6.80084726e-01  2.30050612e-04  1.93400635e-06  2.30050612e-04  2.45763734e-07  2.30050612e-04 -5.83115247e-06  2.30050612e-04  0.00000000e+00  2.30050612e-04  1.20000000e+00 
 2.30150612e-04  6.71435740e-01  2.30150612e-04  6.80057909e-01  2.30150612e-04  1.85629597e-06  2.30150612e-04 -2.45719589e-07  2.30150612e-04  6.75161773e-06  2.30150612e-04  0.00000000e+00  2.30150612e-04  1.20000000e+00 
 2.30250612e-04  6.67258550e-01  2.30250612e-04  6.80084491e-01  2.30250612e-04  1.93400659e-06  2.30250612e-04  2.45759881e-07  2.30250612e-04 -5.83133428e-06  2.30250612e-04  0.00000000e+00  2.30250612e-04  1.20000000e+00 
 2.30350612e-04  6.63081222e-01  2.30350612e-04  6.80058113e-01  2.30350612e-04  1.85629572e-06  2.30350612e-04 -2.45715763e-07  2.30350612e-04  6.75142965e-06  2.30350612e-04  0.00000000e+00  2.30350612e-04  1.20000000e+00 
 2.30450612e-04  6.58905766e-01  2.30450612e-04  6.80084267e-01  2.30450612e-04  1.93400684e-06  2.30450612e-04  2.45756087e-07  2.30450612e-04 -5.83151859e-06  2.30450612e-04  0.00000000e+00  2.30450612e-04  1.20000000e+00 
 2.30550612e-04  6.54730174e-01  2.30550612e-04  6.80058308e-01  2.30550612e-04  1.85629547e-06  2.30550612e-04 -2.45711995e-07  2.30550612e-04  6.75123881e-06  2.30550612e-04  0.00000000e+00  2.30550612e-04  1.20000000e+00 
 2.30650612e-04  6.50556473e-01  2.30650612e-04  6.80084053e-01  2.30650612e-04  1.93400709e-06  2.30650612e-04  2.45752349e-07  2.30650612e-04 -5.83170526e-06  2.30650612e-04  0.00000000e+00  2.30650612e-04  1.20000000e+00 
 2.30750612e-04  6.46382637e-01  2.30750612e-04  6.80058495e-01  2.30750612e-04  1.85629522e-06  2.30750612e-04 -2.45708280e-07  2.30750612e-04  6.75104532e-06  2.30750612e-04  0.00000000e+00  2.30750612e-04  1.20000000e+00 
 2.30850612e-04  6.42210710e-01  2.30850612e-04  6.80083849e-01  2.30850612e-04  1.93400735e-06  2.30850612e-04  2.45748663e-07  2.30850612e-04 -5.83189418e-06  2.30850612e-04  0.00000000e+00  2.30850612e-04  1.20000000e+00 
 2.30950612e-04  6.38038650e-01  2.30950612e-04  6.80058674e-01  2.30950612e-04  1.85629496e-06  2.30950612e-04 -2.45704616e-07  2.30950612e-04  6.75084927e-06  2.30950612e-04  0.00000000e+00  2.30950612e-04  1.20000000e+00 
 2.31050612e-04  6.33868515e-01  2.31050612e-04  6.80083653e-01  2.31050612e-04  1.93400761e-06  2.31050612e-04  2.45745027e-07  2.31050612e-04 -5.83208525e-06  2.31050612e-04  0.00000000e+00  2.31050612e-04  1.20000000e+00 
 2.31150612e-04  6.29698250e-01  2.31150612e-04  6.80058846e-01  2.31150612e-04  1.85629470e-06  2.31150612e-04 -2.45701002e-07  2.31150612e-04  6.75065078e-06  2.31150612e-04  0.00000000e+00  2.31150612e-04  1.20000000e+00 
 2.31250612e-04  6.25529925e-01  2.31250612e-04  6.80083465e-01  2.31250612e-04  1.93400787e-06  2.31250612e-04  2.45741440e-07  2.31250612e-04 -5.83227836e-06  2.31250612e-04  0.00000000e+00  2.31250612e-04  1.20000000e+00 
 2.31350612e-04  6.21361473e-01  2.31350612e-04  6.80059011e-01  2.31350612e-04  1.85629443e-06  2.31350612e-04 -2.45697434e-07  2.31350612e-04  6.75044993e-06  2.31350612e-04  0.00000000e+00  2.31350612e-04  1.20000000e+00 
 2.31450612e-04  6.17194975e-01  2.31450612e-04  6.80083285e-01  2.31450612e-04  1.93400814e-06  2.31450612e-04  2.45737899e-07  2.31450612e-04 -5.83247344e-06  2.31450612e-04  0.00000000e+00  2.31450612e-04  1.20000000e+00 
 2.31550612e-04  6.13028355e-01  2.31550612e-04  6.80059170e-01  2.31550612e-04  1.85629417e-06  2.31550612e-04 -2.45693913e-07  2.31550612e-04  6.75024681e-06  2.31550612e-04  0.00000000e+00  2.31550612e-04  1.20000000e+00 
 2.31650612e-04  6.08863702e-01  2.31650612e-04  6.80083112e-01  2.31650612e-04  1.93400841e-06  2.31650612e-04  2.45734403e-07  2.31650612e-04 -5.83267039e-06  2.31650612e-04  0.00000000e+00  2.31650612e-04  1.20000000e+00 
 2.31750612e-04  6.04698929e-01  2.31750612e-04  6.80059323e-01  2.31750612e-04  1.85629390e-06  2.31750612e-04 -2.45690436e-07  2.31750612e-04  6.75004151e-06  2.31750612e-04  0.00000000e+00  2.31750612e-04  1.20000000e+00 
 2.31850612e-04  6.00536137e-01  2.31850612e-04  6.80082945e-01  2.31850612e-04  1.93400868e-06  2.31850612e-04  2.45730952e-07  2.31850612e-04 -5.83286913e-06  2.31850612e-04  0.00000000e+00  2.31850612e-04  1.20000000e+00 
 2.31950612e-04  5.96373229e-01  2.31950612e-04  6.80059470e-01  2.31950612e-04  1.85629363e-06  2.31950612e-04 -2.45687004e-07  2.31950612e-04  6.74983411e-06  2.31950612e-04  0.00000000e+00  2.31950612e-04  1.20000000e+00 
 2.32050612e-04  5.92212314e-01  2.32050612e-04  6.80082784e-01  2.32050612e-04  1.93400895e-06  2.32050612e-04  2.45727544e-07  2.32050612e-04 -5.83306958e-06  2.32050612e-04  0.00000000e+00  2.32050612e-04  1.20000000e+00 
 2.32150612e-04  5.88051287e-01  2.32150612e-04  6.80059611e-01  2.32150612e-04  1.85629335e-06  2.32150612e-04 -2.45683615e-07  2.32150612e-04  6.74962471e-06  2.32150612e-04  0.00000000e+00  2.32150612e-04  1.20000000e+00 
 2.32250612e-04  5.83892263e-01  2.32250612e-04  6.80082629e-01  2.32250612e-04  1.93400922e-06  2.32250612e-04  2.45724179e-07  2.32250612e-04 -5.83327167e-06  2.32250612e-04  0.00000000e+00  2.32250612e-04  1.20000000e+00 
 2.32350612e-04  5.79733131e-01  2.32350612e-04  6.80059747e-01  2.32350612e-04  1.85629308e-06  2.32350612e-04 -2.45680268e-07  2.32350612e-04  6.74941339e-06  2.32350612e-04  0.00000000e+00  2.32350612e-04  1.20000000e+00 
 2.32450612e-04  5.75576014e-01  2.32450612e-04  6.80082480e-01  2.32450612e-04  1.93400950e-06  2.32450612e-04  2.45720857e-07  2.32450612e-04 -5.83347532e-06  2.32450612e-04  0.00000000e+00  2.32450612e-04  1.20000000e+00 
 2.32550612e-04  5.71418793e-01  2.32550612e-04  6.80059877e-01  2.32550612e-04  1.85629280e-06  2.32550612e-04 -2.45676964e-07  2.32550612e-04  6.74920023e-06  2.32550612e-04  0.00000000e+00  2.32550612e-04  1.20000000e+00 
 2.32650612e-04  5.67263597e-01  2.32650612e-04  6.80082336e-01  2.32650612e-04  1.93400978e-06  2.32650612e-04  2.45717578e-07  2.32650612e-04 -5.83368045e-06  2.32650612e-04  0.00000000e+00  2.32650612e-04  1.20000000e+00 
 2.32750612e-04  5.63108299e-01  2.32750612e-04  6.80060003e-01  2.32750612e-04  1.85629252e-06  2.32750612e-04 -2.45673702e-07  2.32750612e-04  6.74898530e-06  2.32750612e-04  0.00000000e+00  2.32750612e-04  1.20000000e+00 
 2.32850612e-04  5.58955037e-01  2.32850612e-04  6.80082196e-01  2.32850612e-04  1.93401006e-06  2.32850612e-04  2.45714340e-07  2.32850612e-04 -5.83388700e-06  2.32850612e-04  0.00000000e+00  2.32850612e-04  1.20000000e+00 
 2.32950612e-04  5.54801678e-01  2.32950612e-04  6.80060124e-01  2.32950612e-04  1.85629224e-06  2.32950612e-04 -2.45670482e-07  2.32950612e-04  6.74876867e-06  2.32950612e-04  0.00000000e+00  2.32950612e-04  1.20000000e+00 
 2.33050612e-04  5.50650363e-01  2.33050612e-04  6.80082062e-01  2.33050612e-04  1.93401034e-06  2.33050612e-04  2.45711143e-07  2.33050612e-04 -5.83409493e-06  2.33050612e-04  0.00000000e+00  2.33050612e-04  1.20000000e+00 
 2.33150612e-04  5.46498955e-01  2.33150612e-04  6.80060240e-01  2.33150612e-04  1.85629196e-06  2.33150612e-04 -2.45667303e-07  2.33150612e-04  6.74855038e-06  2.33150612e-04  0.00000000e+00  2.33150612e-04  1.20000000e+00 
 2.33250612e-04  5.42349600e-01  2.33250612e-04  6.80081932e-01  2.33250612e-04  1.93401062e-06  2.33250612e-04  2.45707988e-07  2.33250612e-04 -5.83430421e-06  2.33250612e-04  0.00000000e+00  2.33250612e-04  1.20000000e+00 
 2.33350612e-04  5.38200156e-01  2.33350612e-04  6.80060351e-01  2.33350612e-04  1.85629168e-06  2.33350612e-04 -2.45664166e-07  2.33350612e-04  6.74833046e-06  2.33350612e-04  0.00000000e+00  2.33350612e-04  1.20000000e+00 
 2.33450612e-04  5.34052775e-01  2.33450612e-04  6.80081806e-01  2.33450612e-04  1.93401090e-06  2.33450612e-04  2.45704874e-07  2.33450612e-04 -5.83451484e-06  2.33450612e-04  0.00000000e+00  2.33450612e-04  1.20000000e+00 
 2.33550612e-04  5.29905308e-01  2.33550612e-04  6.80060458e-01  2.33550612e-04  1.85629140e-06  2.33550612e-04 -2.45661069e-07  2.33550612e-04  6.74810887e-06  2.33550612e-04  0.00000000e+00  2.33550612e-04  1.20000000e+00 
 2.33650612e-04  5.25759914e-01  2.33650612e-04  6.80081684e-01  2.33650612e-04  1.93401118e-06  2.33650612e-04  2.45701801e-07  2.33650612e-04 -5.83472690e-06  2.33650612e-04  0.00000000e+00  2.33650612e-04  1.20000000e+00 
 2.33750612e-04  5.21614438e-01  2.33750612e-04  6.80060560e-01  2.33750612e-04  1.85629112e-06  2.33750612e-04 -2.45658012e-07  2.33750612e-04  6.74788551e-06  2.33750612e-04  0.00000000e+00  2.33750612e-04  1.20000000e+00 
 2.33850612e-04  5.17471045e-01  2.33850612e-04  6.80081566e-01  2.33850612e-04  1.93401146e-06  2.33850612e-04  2.45698767e-07  2.33850612e-04 -5.83494055e-06  2.33850612e-04  0.00000000e+00  2.33850612e-04  1.20000000e+00 
 2.33950612e-04  5.13327578e-01  2.33950612e-04  6.80060657e-01  2.33950612e-04  1.85629084e-06  2.33950612e-04 -2.45654996e-07  2.33950612e-04  6.74766015e-06  2.33950612e-04  0.00000000e+00  2.33950612e-04  1.20000000e+00 
 2.34050612e-04  5.09186204e-01  2.34050612e-04  6.80081450e-01  2.34050612e-04  1.93401175e-06  2.34050612e-04  2.45695774e-07  2.34050612e-04 -5.83515609e-06  2.34050612e-04  0.00000000e+00  2.34050612e-04  1.20000000e+00 
 2.34150612e-04  5.05044764e-01  2.34150612e-04  6.80060747e-01  2.34150612e-04  1.85629055e-06  2.34150612e-04 -2.45652020e-07  2.34150612e-04  6.74743238e-06  2.34150612e-04  0.00000000e+00  2.34150612e-04  1.20000000e+00 
 2.34250612e-04  5.00905430e-01  2.34250612e-04  6.80081337e-01  2.34250612e-04  1.93401203e-06  2.34250612e-04  2.45692820e-07  2.34250612e-04 -5.83537407e-06  2.34250612e-04  0.00000000e+00  2.34250612e-04  1.20000000e+00 
 2.34350612e-04  4.96766042e-01  2.34350612e-04  6.80060832e-01  2.34350612e-04  1.85629027e-06  2.34350612e-04 -2.45649082e-07  2.34350612e-04  6.74720151e-06  2.34350612e-04  0.00000000e+00  2.34350612e-04  1.20000000e+00 
 2.34450612e-04  4.92628777e-01  2.34450612e-04  6.80081224e-01  2.34450612e-04  1.93401231e-06  2.34450612e-04  2.45689906e-07  2.34450612e-04 -5.83559536e-06  2.34450612e-04  0.00000000e+00  2.34450612e-04  1.20000000e+00 
 2.34550612e-04  4.88491476e-01  2.34550612e-04  6.80060909e-01  2.34550612e-04  1.85628998e-06  2.34550612e-04 -2.45646183e-07  2.34550612e-04  6.74696640e-06  2.34550612e-04  0.00000000e+00  2.34550612e-04  1.20000000e+00 
 2.34650612e-04  4.84356321e-01  2.34650612e-04  6.80081112e-01  2.34650612e-04  1.93401260e-06  2.34650612e-04  2.45687029e-07  2.34650612e-04 -5.83582138e-06  2.34650612e-04  0.00000000e+00  2.34650612e-04  1.20000000e+00 
 2.34750612e-04  4.80221155e-01  2.34750612e-04  6.80060976e-01  2.34750612e-04  1.85628970e-06  2.34750612e-04 -2.45643321e-07  2.34750612e-04  6.74672526e-06  2.34750612e-04  0.00000000e+00  2.34750612e-04  1.20000000e+00 
 2.34850612e-04  4.76088170e-01  2.34850612e-04  6.80080998e-01  2.34850612e-04  1.93401288e-06  2.34850612e-04  2.45684189e-07  2.34850612e-04 -5.83605436e-06  2.34850612e-04  0.00000000e+00  2.34850612e-04  1.20000000e+00 
 2.34925311e-04  4.73000642e-01  2.34925311e-04  6.80061043e-01  2.34925311e-04  1.85628937e-06  2.34925311e-04 -2.45640020e-07  2.34925311e-04  6.74650492e-06  2.34925311e-04  0.00000000e+00  2.34925311e-04  1.20000000e+00 
 2.35000010e-04  4.69914838e-01  2.35000010e-04  6.80080861e-01  2.35000010e-04  1.93401326e-06  2.35000010e-04  2.45680439e-07  2.35000010e-04 -5.83623175e-06  2.35000010e-04  0.00000000e+00  2.35000010e-04  1.20000000e+00 
 2.35000011e-04  4.69883589e-01  2.35000011e-04  6.77199841e-01  2.35000011e-04  2.53887920e-06  2.35000011e-04  4.43578652e-06  2.35000011e-04 -1.24777383e-04  2.35000011e-04  0.00000000e+00  2.35000011e-04  1.08000000e+00 
 2.35000013e-04  4.69824300e-01  2.35000013e-04  6.67243416e-01  2.35000013e-04  3.18628730e-06  2.35000013e-04  1.08798233e-05  2.35000013e-04 -2.11751125e-04  2.35000013e-04  0.00000000e+00  2.35000013e-04  8.40000000e-01 
 2.35000016e-04  4.69762882e-01  2.35000016e-04  6.48623205e-01  2.35000016e-04  2.51790299e-06  2.35000016e-04  5.46933300e-06  2.35000016e-04 -1.16641672e-04  2.35000016e-04  0.00000000e+00  2.35000016e-04  4.20000001e-01 
 2.35000020e-04  4.69737035e-01  2.35000020e-04  6.43083934e-01  2.35000020e-04  2.06979144e-06  2.35000020e-04 -1.23275408e-07  2.35000020e-04 -1.71965743e-05  2.35000020e-04  0.00000000e+00  2.35000020e-04  3.16866000e-09 
 2.35000021e-04  4.69736841e-01  2.35000021e-04  6.43475191e-01  2.35000021e-04  1.97461316e-06  2.35000021e-04 -4.32892853e-07  2.35000021e-04 -6.53951794e-06  2.35000021e-04  0.00000000e+00  2.35000021e-04  0.00000000e+00 
 2.35000022e-04  4.69736911e-01  2.35000022e-04  6.44318413e-01  2.35000022e-04  1.95756180e-06  2.35000022e-04 -5.80859233e-07  2.35000022e-04 -7.46845017e-07  2.35000022e-04  0.00000000e+00  2.35000022e-04  0.00000000e+00 
 2.35000025e-04  4.69737100e-01  2.35000025e-04  6.45629650e-01  2.35000025e-04  2.00472681e-06  2.35000025e-04 -1.01100663e-07  2.35000025e-04 -5.38134927e-06  2.35000025e-04  0.00000000e+00  2.35000025e-04  0.00000000e+00 
 2.35000030e-04  4.69737324e-01  2.35000030e-04  6.47369517e-01  2.35000030e-04  1.97501539e-06  2.35000030e-04 -2.02564561e-07  2.35000030e-04 -1.95697343e-07  2.35000030e-04  0.00000000e+00  2.35000030e-04  0.00000000e+00 
 2.35000042e-04  4.69737718e-01  2.35000042e-04  6.49386597e-01  2.35000042e-04  1.97108312e-06  2.35000042e-04  1.73133707e-07  2.35000042e-04 -4.18357928e-06  2.35000042e-04  0.00000000e+00  2.35000042e-04  0.00000000e+00 
 2.35000064e-04  4.69738226e-01  2.35000064e-04  6.51061680e-01  2.35000064e-04  1.90460195e-06  2.35000064e-04 -9.86968381e-10  2.35000064e-04  1.21676634e-06  2.35000064e-04  0.00000000e+00  2.35000064e-04  0.00000000e+00 
 2.35000109e-04  4.69739112e-01  2.35000109e-04  6.52637473e-01  2.35000109e-04  1.90705385e-06  2.35000109e-04  2.16071626e-07  2.35000109e-04 -2.27243173e-06  2.35000109e-04  0.00000000e+00  2.35000109e-04  0.00000000e+00 
 2.35000198e-04  4.69740519e-01  2.35000198e-04  6.54755429e-01  2.35000198e-04  1.87350552e-06  2.35000198e-04 -1.99044771e-09  2.35000198e-04  2.22062793e-06  2.35000198e-04  0.00000000e+00  2.35000198e-04  0.00000000e+00 
 2.35000376e-04  4.69742643e-01  2.35000376e-04  6.57839396e-01  2.35000376e-04  1.90203591e-06  2.35000376e-04  1.95397988e-07  2.35000376e-04 -2.19600882e-06  2.35000376e-04  0.00000000e+00  2.35000376e-04  0.00000000e+00 
 2.35000723e-04  4.69745000e-01  2.35000723e-04  6.61485568e-01  2.35000723e-04  1.87727207e-06  2.35000723e-04 -5.05662471e-08  2.35000723e-04  2.21967930e-06  2.35000723e-04  0.00000000e+00  2.35000723e-04  0.00000000e+00 
 2.35001418e-04  4.69747141e-01  2.35001418e-04  6.64443766e-01  2.35001418e-04  1.90779438e-06  2.35001418e-04  1.31888171e-07  2.35001418e-04 -2.17741885e-06  2.35001418e-04  0.00000000e+00  2.35001418e-04  0.00000000e+00 
 2.35002808e-04  4.69751131e-01  2.35002808e-04  6.65704838e-01  2.35002808e-04  1.88097065e-06  2.35002808e-04 -1.06880588e-07  2.35002808e-04  2.22298707e-06  2.35002808e-04  0.00000000e+00  2.35002808e-04  0.00000000e+00 
 2.35005587e-04  4.69762622e-01  2.35005587e-04  6.66775512e-01  2.35005587e-04  1.90867434e-06  2.35005587e-04  1.05681740e-07  2.35005587e-04 -2.17937840e-06  2.35005587e-04  0.00000000e+00  2.35005587e-04  0.00000000e+00 
 2.35011146e-04  4.69782091e-01  2.35011146e-04  6.70649653e-01  2.35011146e-04  1.88113628e-06  2.35011146e-04 -1.17539420e-07  2.35011146e-04  2.20925116e-06  2.35011146e-04  0.00000000e+00  2.35011146e-04  0.00000000e+00 
 2.35022265e-04  4.69808516e-01  2.35022265e-04  6.80150881e-01  2.35022265e-04  1.90884719e-06  2.35022265e-04  9.75938984e-08  2.35022265e-04 -2.20349917e-06  2.35022265e-04  0.00000000e+00  2.35022265e-04  0.00000000e+00 
 2.35041478e-04  4.69832976e-01  2.35041478e-04  6.80344992e-01  2.35041478e-04  1.88156137e-06  2.35041478e-04 -1.00211431e-07  2.35041478e-04  2.20249951e-06  2.35041478e-04  0.00000000e+00  2.35041478e-04  0.00000000e+00 
 2.35061566e-04  4.69842524e-01  2.35061566e-04  6.79685448e-01  2.35061566e-04  1.90873128e-06  2.35061566e-04  1.02524861e-07  2.35061566e-04 -2.20156504e-06  2.35061566e-04  0.00000000e+00  2.35061566e-04  0.00000000e+00 
 2.35101742e-04  4.69848799e-01  2.35101742e-04  6.80468660e-01  2.35101742e-04  1.88156282e-06  2.35101742e-04 -1.03438122e-07  2.35101742e-04  2.20139632e-06  2.35101742e-04  0.00000000e+00  2.35101742e-04  0.00000000e+00 
 2.35182093e-04  4.69848459e-01  2.35182093e-04  6.79681375e-01  2.35182093e-04  1.90874494e-06  2.35182093e-04  1.03909000e-07  2.35182093e-04 -2.20112724e-06  2.35182093e-04  0.00000000e+00  2.35182093e-04  0.00000000e+00 
 2.35282093e-04  4.69848238e-01  2.35282093e-04  6.80462952e-01  2.35282093e-04  1.88155260e-06  2.35282093e-04 -1.04188350e-07  2.35282093e-04  2.20115915e-06  2.35282093e-04  0.00000000e+00  2.35282093e-04  0.00000000e+00 
 2.35382093e-04  4.69847391e-01  2.35382093e-04  6.79690250e-01  2.35382093e-04  1.90875472e-06  2.35382093e-04  1.04532713e-07  2.35382093e-04 -2.20092990e-06  2.35382093e-04  0.00000000e+00  2.35382093e-04  0.00000000e+00 
 2.35482093e-04  4.69847262e-01  2.35482093e-04  6.80451603e-01  2.35482093e-04  1.88154238e-06  2.35482093e-04 -1.04773708e-07  2.35482093e-04  2.20097306e-06  2.35482093e-04  0.00000000e+00  2.35482093e-04  0.00000000e+00 
 2.35582093e-04  4.69846406e-01  2.35582093e-04  6.79703761e-01  2.35582093e-04  1.90876522e-06  2.35582093e-04  1.05081185e-07  2.35582093e-04 -2.20075443e-06  2.35582093e-04  0.00000000e+00  2.35582093e-04  0.00000000e+00 
 2.35682093e-04  4.69846256e-01  2.35682093e-04  6.80436568e-01  2.35682093e-04  1.88153170e-06  2.35682093e-04 -1.05286872e-07  2.35682093e-04  2.20080736e-06  2.35682093e-04  0.00000000e+00  2.35682093e-04  0.00000000e+00 
 2.35782093e-04  4.69845432e-01  2.35782093e-04  6.79720175e-01  2.35782093e-04  1.90877599e-06  2.35782093e-04  1.05560635e-07  2.35782093e-04 -2.20059794e-06  2.35782093e-04  0.00000000e+00  2.35782093e-04  0.00000000e+00 
 2.35882093e-04  4.69845245e-01  2.35882093e-04  6.80419310e-01  2.35882093e-04  1.88152091e-06  2.35882093e-04 -1.05734234e-07  2.35882093e-04  2.20065938e-06  2.35882093e-04  0.00000000e+00  2.35882093e-04  0.00000000e+00 
 2.35982093e-04  4.69844459e-01  2.35982093e-04  6.79738244e-01  2.35982093e-04  1.90878673e-06  2.35982093e-04  1.05977526e-07  2.35982093e-04 -2.20045799e-06  2.35982093e-04  0.00000000e+00  2.35982093e-04  0.00000000e+00 
 2.36082093e-04  4.69844235e-01  2.36082093e-04  6.80400878e-01  2.36082093e-04  1.88151025e-06  2.36082093e-04 -1.06122254e-07  2.36082093e-04  2.20052684e-06  2.36082093e-04  0.00000000e+00  2.36082093e-04  0.00000000e+00 
 2.36182093e-04  4.69843487e-01  2.36182093e-04  6.79757078e-01  2.36182093e-04  1.90879725e-06  2.36182093e-04  1.06338250e-07  2.36182093e-04 -2.20033245e-06  2.36182093e-04  0.00000000e+00  2.36182093e-04  0.00000000e+00 
 2.36282093e-04  4.69843226e-01  2.36282093e-04  6.80382017e-01  2.36282093e-04  1.88149989e-06  2.36282093e-04 -1.06457209e-07  2.36282093e-04  2.20040779e-06  2.36282093e-04  0.00000000e+00  2.36282093e-04  0.00000000e+00 
 2.36382093e-04  4.69842513e-01  2.36382093e-04  6.79776052e-01  2.36382093e-04  1.90880743e-06  2.36382093e-04  1.06648925e-07  2.36382093e-04 -2.20021952e-06  2.36382093e-04  0.00000000e+00  2.36382093e-04  0.00000000e+00 
 2.36482093e-04  4.69842218e-01  2.36482093e-04  6.80363244e-01  2.36482093e-04  1.88148991e-06  2.36482093e-04 -1.06745031e-07  2.36482093e-04  2.20030054e-06  2.36482093e-04  0.00000000e+00  2.36482093e-04  0.00000000e+00 
 2.36582093e-04  4.69841538e-01  2.36582093e-04  6.79794734e-01  2.36582093e-04  1.90881719e-06  2.36582093e-04  1.06915277e-07  2.36582093e-04 -2.20011763e-06  2.36582093e-04  0.00000000e+00  2.36582093e-04  0.00000000e+00 
 2.36682093e-04  4.69841212e-01  2.36682093e-04  6.80344914e-01  2.36682093e-04  1.88148039e-06  2.36682093e-04 -1.06991226e-07  2.36682093e-04  2.20020363e-06  2.36682093e-04  0.00000000e+00  2.36682093e-04  0.00000000e+00 
 2.36782093e-04  4.69840561e-01  2.36782093e-04  6.79812836e-01  2.36782093e-04  1.90882649e-06  2.36782093e-04  1.07142578e-07  2.36782093e-04 -2.20002543e-06  2.36782093e-04  0.00000000e+00  2.36782093e-04  0.00000000e+00 
 2.36882093e-04  4.69840207e-01  2.36882093e-04  6.80327256e-01  2.36882093e-04  1.88147134e-06  2.36882093e-04 -1.07200827e-07  2.36882093e-04  2.20011581e-06  2.36882093e-04  0.00000000e+00  2.36882093e-04  0.00000000e+00 
 2.36982093e-04  4.69839584e-01  2.36982093e-04  6.79830175e-01  2.36982093e-04  1.90883530e-06  2.36982093e-04  1.07335622e-07  2.36982093e-04 -2.19994174e-06  2.36982093e-04  0.00000000e+00  2.36982093e-04  0.00000000e+00 
 2.37082093e-04  4.69839203e-01  2.37082093e-04  6.80310417e-01  2.37082093e-04  1.88146277e-06  2.37082093e-04 -1.07378388e-07  2.37082093e-04  2.20003597e-06  2.37082093e-04  0.00000000e+00  2.37082093e-04  0.00000000e+00 
 2.37182093e-04  4.69838605e-01  2.37182093e-04  6.79846639e-01  2.37182093e-04  1.90884362e-06  2.37182093e-04  1.07498724e-07  2.37182093e-04 -2.19986554e-06  2.37182093e-04  0.00000000e+00  2.37182093e-04  0.00000000e+00 
 2.37282093e-04  4.69838201e-01  2.37282093e-04  6.80294477e-01  2.37282093e-04  1.88145468e-06  2.37282093e-04 -1.07527992e-07  2.37282093e-04  2.19996317e-06  2.37282093e-04  0.00000000e+00  2.37282093e-04  0.00000000e+00 
 2.37382093e-04  4.69837625e-01  2.37382093e-04  6.79862173e-01  2.37382093e-04  1.90885148e-06  2.37382093e-04  1.07635742e-07  2.37382093e-04 -2.19979595e-06  2.37382093e-04  0.00000000e+00  2.37382093e-04  0.00000000e+00 
 2.37482093e-04  4.69837200e-01  2.37482093e-04  6.80279473e-01  2.37482093e-04  1.88144707e-06  2.37482093e-04 -1.07653276e-07  2.37482093e-04  2.19989657e-06  2.37482093e-04  0.00000000e+00  2.37482093e-04  0.00000000e+00 
 2.37582093e-04  4.69836643e-01  2.37582093e-04  6.79876759e-01  2.37582093e-04  1.90885886e-06  2.37582093e-04  1.07750101e-07  2.37582093e-04 -2.19973219e-06  2.37582093e-04  0.00000000e+00  2.37582093e-04  0.00000000e+00 
 2.37682093e-04  4.69836201e-01  2.37682093e-04  6.80265410e-01  2.37682093e-04  1.88143990e-06  2.37682093e-04 -1.07757463e-07  2.37682093e-04  2.19983546e-06  2.37682093e-04  0.00000000e+00  2.37682093e-04  0.00000000e+00 
 2.37782093e-04  4.69835661e-01  2.37782093e-04  6.79890402e-01  2.37782093e-04  1.90886581e-06  2.37782093e-04  1.07844829e-07  2.37782093e-04 -2.19967358e-06  2.37782093e-04  0.00000000e+00  2.37782093e-04  0.00000000e+00 
 2.37882093e-04  4.69835202e-01  2.37882093e-04  6.80252272e-01  2.37882093e-04  1.88143317e-06  2.37882093e-04 -1.07843396e-07  2.37882093e-04  2.19977920e-06  2.37882093e-04  0.00000000e+00  2.37882093e-04  0.00000000e+00 
 2.37982093e-04  4.69834677e-01  2.37982093e-04  6.79903130e-01  2.37982093e-04  1.90887233e-06  2.37982093e-04  1.07922592e-07  2.37982093e-04 -2.19961954e-06  2.37982093e-04  0.00000000e+00  2.37982093e-04  0.00000000e+00 
 2.38082093e-04  4.69834205e-01  2.38082093e-04  6.80240027e-01  2.38082093e-04  1.88142685e-06  2.38082093e-04 -1.07913571e-07  2.38082093e-04  2.19972723e-06  2.38082093e-04  0.00000000e+00  2.38082093e-04  0.00000000e+00 
 2.38182093e-04  4.69833693e-01  2.38182093e-04  6.79914977e-01  2.38182093e-04  1.90887846e-06  2.38182093e-04  1.07985728e-07  2.38182093e-04 -2.19956953e-06  2.38182093e-04  0.00000000e+00  2.38182093e-04  0.00000000e+00 
 2.38282093e-04  4.69833209e-01  2.38282093e-04  6.80228637e-01  2.38282093e-04  1.88142092e-06  2.38282093e-04 -1.07970179e-07  2.38282093e-04  2.19967907e-06  2.38282093e-04  0.00000000e+00  2.38282093e-04  0.00000000e+00 
 2.38382093e-04  4.69832707e-01  2.38382093e-04  6.79925989e-01  2.38382093e-04  1.90888421e-06  2.38382093e-04  1.08036284e-07  2.38382093e-04 -2.19952312e-06  2.38382093e-04  0.00000000e+00  2.38382093e-04  0.00000000e+00 
 2.38482093e-04  4.69832213e-01  2.38482093e-04  6.80218055e-01  2.38482093e-04  1.88141534e-06  2.38482093e-04 -1.08015129e-07  2.38482093e-04  2.19963430e-06  2.38482093e-04  0.00000000e+00  2.38482093e-04  0.00000000e+00 
 2.38582093e-04  4.69831721e-01  2.38582093e-04  6.79936211e-01  2.38582093e-04  1.90888961e-06  2.38582093e-04  1.08076046e-07  2.38582093e-04 -2.19947991e-06  2.38582093e-04  0.00000000e+00  2.38582093e-04  0.00000000e+00 
 2.38682093e-04  4.69831219e-01  2.38682093e-04  6.80208234e-01  2.38682093e-04  1.88141011e-06  2.38682093e-04 -1.08050090e-07  2.38682093e-04  2.19959254e-06  2.38682093e-04  0.00000000e+00  2.38682093e-04  0.00000000e+00 
 2.38782093e-04  4.69830734e-01  2.38782093e-04  6.79945694e-01  2.38782093e-04  1.90889468e-06  2.38782093e-04  1.08106569e-07  2.38782093e-04 -2.19943953e-06  2.38782093e-04  0.00000000e+00  2.38782093e-04  0.00000000e+00 
 2.38882093e-04  4.69830225e-01  2.38882093e-04  6.80199124e-01  2.38882093e-04  1.88140520e-06  2.38882093e-04 -1.08076512e-07  2.38882093e-04  2.19955346e-06  2.38882093e-04  0.00000000e+00  2.38882093e-04  0.00000000e+00 
 2.38982093e-04  4.69829747e-01  2.38982093e-04  6.79954485e-01  2.38982093e-04  1.90889944e-06  2.38982093e-04  1.08129205e-07  2.38982093e-04 -2.19940168e-06  2.38982093e-04  0.00000000e+00  2.38982093e-04  0.00000000e+00 
 2.39082093e-04  4.69829231e-01  2.39082093e-04  6.80190679e-01  2.39082093e-04  1.88140059e-06  2.39082093e-04 -1.08095655e-07  2.39082093e-04  2.19951678e-06  2.39082093e-04  0.00000000e+00  2.39082093e-04  0.00000000e+00 
 2.39182093e-04  4.69828759e-01  2.39182093e-04  6.79962917e-01  2.39182093e-04  1.90890387e-06  2.39182093e-04  1.08145151e-07  2.39182093e-04 -2.19936611e-06  2.39182093e-04  0.00000000e+00  2.39182093e-04  0.00000000e+00 
 2.39282093e-04  4.69828239e-01  2.39282093e-04  6.80183168e-01  2.39282093e-04  1.88139624e-06  2.39282093e-04 -1.08108648e-07  2.39282093e-04  2.19948216e-06  2.39282093e-04  0.00000000e+00  2.39282093e-04  0.00000000e+00 
 2.39382093e-04  4.69827771e-01  2.39382093e-04  6.79970446e-01  2.39382093e-04  1.90890807e-06  2.39382093e-04  1.08155397e-07  2.39382093e-04 -2.19933254e-06  2.39382093e-04  0.00000000e+00  2.39382093e-04  0.00000000e+00 
 2.39482093e-04  4.69827248e-01  2.39482093e-04  6.80175875e-01  2.39482093e-04  1.88139217e-06  2.39482093e-04 -1.08116382e-07  2.39482093e-04  2.19944953e-06  2.39482093e-04  0.00000000e+00  2.39482093e-04  0.00000000e+00 
 2.39582093e-04  4.69826782e-01  2.39582093e-04  6.79977422e-01  2.39582093e-04  1.90891202e-06  2.39582093e-04  1.08160824e-07  2.39582093e-04 -2.19930079e-06  2.39582093e-04  0.00000000e+00  2.39582093e-04  0.00000000e+00 
 2.39682093e-04  4.69826257e-01  2.39682093e-04  6.80169118e-01  2.39682093e-04  1.88138834e-06  2.39682093e-04 -1.08119692e-07  2.39682093e-04  2.19941861e-06  2.39682093e-04  0.00000000e+00  2.39682093e-04  0.00000000e+00 
 2.39782093e-04  4.69825794e-01  2.39782093e-04  6.79983889e-01  2.39782093e-04  1.90891573e-06  2.39782093e-04  1.08162197e-07  2.39782093e-04 -2.19927065e-06  2.39782093e-04  0.00000000e+00  2.39782093e-04  0.00000000e+00 
 2.39882093e-04  4.69825266e-01  2.39882093e-04  6.80162855e-01  2.39882093e-04  1.88138474e-06  2.39882093e-04 -1.08119291e-07  2.39882093e-04  2.19938922e-06  2.39882093e-04  0.00000000e+00  2.39882093e-04  0.00000000e+00 
 2.39982093e-04  4.69824804e-01  2.39982093e-04  6.79989885e-01  2.39982093e-04  1.90891923e-06  2.39982093e-04  1.08160176e-07  2.39982093e-04 -2.19924196e-06  2.39982093e-04  0.00000000e+00  2.39982093e-04  0.00000000e+00 
 2.40082093e-04  4.69824275e-01  2.40082093e-04  6.80157050e-01  2.40082093e-04  1.88138136e-06  2.40082093e-04 -1.08115792e-07  2.40082093e-04  2.19936121e-06  2.40082093e-04  0.00000000e+00  2.40082093e-04  0.00000000e+00 
 2.40182093e-04  4.69823815e-01  2.40182093e-04  6.79995447e-01  2.40182093e-04  1.90892251e-06  2.40182093e-04  1.08155331e-07  2.40182093e-04 -2.19921459e-06  2.40182093e-04  0.00000000e+00  2.40182093e-04  0.00000000e+00 
 2.40282093e-04  4.69823285e-01  2.40282093e-04  6.80151664e-01  2.40282093e-04  1.88137817e-06  2.40282093e-04 -1.08109725e-07  2.40282093e-04  2.19933444e-06  2.40282093e-04  0.00000000e+00  2.40282093e-04  0.00000000e+00 
 2.40382093e-04  4.69822825e-01  2.40382093e-04  6.80000608e-01  2.40382093e-04  1.90892560e-06  2.40382093e-04  1.08148155e-07  2.40382093e-04 -2.19918839e-06  2.40382093e-04  0.00000000e+00  2.40382093e-04  0.00000000e+00 
 2.40482093e-04  4.69822295e-01  2.40482093e-04  6.80146667e-01  2.40482093e-04  1.88137517e-06  2.40482093e-04 -1.08101545e-07  2.40482093e-04  2.19930879e-06  2.40482093e-04  0.00000000e+00  2.40482093e-04  0.00000000e+00 
 2.40582093e-04  4.69821835e-01  2.40582093e-04  6.80005399e-01  2.40582093e-04  1.90892852e-06  2.40582093e-04  1.08139069e-07  2.40582093e-04 -2.19916325e-06  2.40582093e-04  0.00000000e+00  2.40582093e-04  0.00000000e+00 
 2.40682093e-04  4.69821305e-01  2.40682093e-04  6.80142028e-01  2.40682093e-04  1.88137234e-06  2.40682093e-04 -1.08091644e-07  2.40682093e-04  2.19928414e-06  2.40682093e-04  0.00000000e+00  2.40682093e-04  0.00000000e+00 
 2.40782093e-04  4.69820845e-01  2.40782093e-04  6.80009850e-01  2.40782093e-04  1.90893126e-06  2.40782093e-04  1.08128438e-07  2.40782093e-04 -2.19913907e-06  2.40782093e-04  0.00000000e+00  2.40782093e-04  0.00000000e+00 
 2.40882093e-04  4.69820315e-01  2.40882093e-04  6.80137718e-01  2.40882093e-04  1.88136968e-06  2.40882093e-04 -1.08080361e-07  2.40882093e-04  2.19926040e-06  2.40882093e-04  0.00000000e+00  2.40882093e-04  0.00000000e+00 
 2.40982093e-04  4.69819854e-01  2.40982093e-04  6.80013987e-01  2.40982093e-04  1.90893385e-06  2.40982093e-04  1.08116574e-07  2.40982093e-04 -2.19911575e-06  2.40982093e-04  0.00000000e+00  2.40982093e-04  0.00000000e+00 
 2.41082093e-04  4.69819326e-01  2.41082093e-04  6.80133711e-01  2.41082093e-04  1.88136717e-06  2.41082093e-04 -1.08067983e-07  2.41082093e-04  2.19923749e-06  2.41082093e-04  0.00000000e+00  2.41082093e-04  0.00000000e+00 
 2.41182093e-04  4.69818864e-01  2.41182093e-04  6.80017835e-01  2.41182093e-04  1.90893629e-06  2.41182093e-04  1.08103745e-07  2.41182093e-04 -2.19909321e-06  2.41182093e-04  0.00000000e+00  2.41182093e-04  0.00000000e+00 
 2.41282093e-04  4.69818336e-01  2.41282093e-04  6.80129985e-01  2.41282093e-04  1.88136480e-06  2.41282093e-04 -1.08054759e-07  2.41282093e-04  2.19921532e-06  2.41282093e-04  0.00000000e+00  2.41282093e-04  0.00000000e+00 
 2.41382093e-04  4.69817873e-01  2.41382093e-04  6.80021416e-01  2.41382093e-04  1.90893859e-06  2.41382093e-04  1.08090180e-07  2.41382093e-04 -2.19907139e-06  2.41382093e-04  0.00000000e+00  2.41382093e-04  0.00000000e+00 
 2.41482093e-04  4.69817347e-01  2.41482093e-04  6.80126516e-01  2.41482093e-04  1.88136257e-06  2.41482093e-04 -1.08040901e-07  2.41482093e-04  2.19919383e-06  2.41482093e-04  0.00000000e+00  2.41482093e-04  0.00000000e+00 
 2.41582093e-04  4.69816882e-01  2.41582093e-04  6.80024750e-01  2.41582093e-04  1.90894076e-06  2.41582093e-04  1.08076074e-07  2.41582093e-04 -2.19905021e-06  2.41582093e-04  0.00000000e+00  2.41582093e-04  0.00000000e+00 
 2.41682093e-04  4.69816357e-01  2.41682093e-04  6.80123285e-01  2.41682093e-04  1.88136046e-06  2.41682093e-04 -1.08026590e-07  2.41682093e-04  2.19917295e-06  2.41682093e-04  0.00000000e+00  2.41682093e-04  0.00000000e+00 
 2.41782093e-04  4.69815891e-01  2.41782093e-04  6.80027858e-01  2.41782093e-04  1.90894281e-06  2.41782093e-04  1.08061596e-07  2.41782093e-04 -2.19902962e-06  2.41782093e-04  0.00000000e+00  2.41782093e-04  0.00000000e+00 
 2.41882093e-04  4.69815368e-01  2.41882093e-04  6.80120273e-01  2.41882093e-04  1.88135847e-06  2.41882093e-04 -1.08011979e-07  2.41882093e-04  2.19915264e-06  2.41882093e-04  0.00000000e+00  2.41882093e-04  0.00000000e+00 
 2.41982093e-04  4.69814900e-01  2.41982093e-04  6.80030757e-01  2.41982093e-04  1.90894475e-06  2.41982093e-04  1.08046886e-07  2.41982093e-04 -2.19900957e-06  2.41982093e-04  0.00000000e+00  2.41982093e-04  0.00000000e+00 
 2.42082093e-04  4.69814379e-01  2.42082093e-04  6.80117464e-01  2.42082093e-04  1.88135659e-06  2.42082093e-04 -1.07997199e-07  2.42082093e-04  2.19913283e-06  2.42082093e-04  0.00000000e+00  2.42082093e-04  0.00000000e+00 
 2.42182093e-04  4.69813910e-01  2.42182093e-04  6.80033462e-01  2.42182093e-04  1.90894658e-06  2.42182093e-04  1.08032065e-07  2.42182093e-04 -2.19899000e-06  2.42182093e-04  0.00000000e+00  2.42182093e-04  0.00000000e+00 
 2.42282093e-04  4.69813389e-01  2.42282093e-04  6.80114841e-01  2.42282093e-04  1.88135482e-06  2.42282093e-04 -1.07982362e-07  2.42282093e-04  2.19911349e-06  2.42282093e-04  0.00000000e+00  2.42282093e-04  0.00000000e+00 
 2.42382093e-04  4.69812919e-01  2.42382093e-04  6.80035989e-01  2.42382093e-04  1.90894830e-06  2.42382093e-04  1.08017234e-07  2.42382093e-04 -2.19897087e-06  2.42382093e-04  0.00000000e+00  2.42382093e-04  0.00000000e+00 
 2.42482093e-04  4.69812400e-01  2.42482093e-04  6.80112390e-01  2.42482093e-04  1.88135314e-06  2.42482093e-04 -1.07967559e-07  2.42482093e-04  2.19909457e-06  2.42482093e-04  0.00000000e+00  2.42482093e-04  0.00000000e+00 
 2.42582093e-04  4.69811928e-01  2.42582093e-04  6.80038351e-01  2.42582093e-04  1.90894994e-06  2.42582093e-04  1.08002479e-07  2.42582093e-04 -2.19895215e-06  2.42582093e-04  0.00000000e+00  2.42582093e-04  0.00000000e+00 
 2.42682093e-04  4.69811411e-01  2.42682093e-04  6.80110098e-01  2.42682093e-04  1.88135155e-06  2.42682093e-04 -1.07952869e-07  2.42682093e-04  2.19907605e-06  2.42682093e-04  0.00000000e+00  2.42682093e-04  0.00000000e+00 
 2.42782093e-04  4.69810937e-01  2.42782093e-04  6.80040561e-01  2.42782093e-04  1.90895148e-06  2.42782093e-04  1.07987870e-07  2.42782093e-04 -2.19893381e-06  2.42782093e-04  0.00000000e+00  2.42782093e-04  0.00000000e+00 
 2.42882093e-04  4.69810421e-01  2.42882093e-04  6.80107953e-01  2.42882093e-04  1.88135006e-06  2.42882093e-04 -1.07938357e-07  2.42882093e-04  2.19905788e-06  2.42882093e-04  0.00000000e+00  2.42882093e-04  0.00000000e+00 
 2.42982093e-04  4.69809946e-01  2.42982093e-04  6.80042631e-01  2.42982093e-04  1.90895294e-06  2.42982093e-04  1.07973468e-07  2.42982093e-04 -2.19891581e-06  2.42982093e-04  0.00000000e+00  2.42982093e-04  0.00000000e+00 
 2.43082093e-04  4.69809432e-01  2.43082093e-04  6.80105944e-01  2.43082093e-04  1.88134864e-06  2.43082093e-04 -1.07924076e-07  2.43082093e-04  2.19904004e-06  2.43082093e-04  0.00000000e+00  2.43082093e-04  0.00000000e+00 
 2.43182093e-04  4.69808955e-01  2.43182093e-04  6.80044570e-01  2.43182093e-04  1.90895432e-06  2.43182093e-04  1.07959320e-07  2.43182093e-04 -2.19889812e-06  2.43182093e-04  0.00000000e+00  2.43182093e-04  0.00000000e+00 
 2.43282093e-04  4.69808443e-01  2.43282093e-04  6.80104061e-01  2.43282093e-04  1.88134730e-06  2.43282093e-04 -1.07910070e-07  2.43282093e-04  2.19902250e-06  2.43282093e-04  0.00000000e+00  2.43282093e-04  0.00000000e+00 
 2.43382093e-04  4.69807964e-01  2.43382093e-04  6.80046390e-01  2.43382093e-04  1.90895562e-06  2.43382093e-04  1.07945465e-07  2.43382093e-04 -2.19888072e-06  2.43382093e-04  0.00000000e+00  2.43382093e-04  0.00000000e+00 
 2.43482093e-04  4.69807453e-01  2.43482093e-04  6.80102293e-01  2.43482093e-04  1.88134603e-06  2.43482093e-04 -1.07896375e-07  2.43482093e-04  2.19900523e-06  2.43482093e-04  0.00000000e+00  2.43482093e-04  0.00000000e+00 
 2.43582093e-04  4.69806973e-01  2.43582093e-04  6.80048098e-01  2.43582093e-04  1.90895685e-06  2.43582093e-04  1.07931936e-07  2.43582093e-04 -2.19886359e-06  2.43582093e-04  0.00000000e+00  2.43582093e-04  0.00000000e+00 
 2.43682093e-04  4.69806464e-01  2.43682093e-04  6.80100633e-01  2.43682093e-04  1.88134483e-06  2.43682093e-04 -1.07883018e-07  2.43682093e-04  2.19898823e-06  2.43682093e-04  0.00000000e+00  2.43682093e-04  0.00000000e+00 
 2.43782093e-04  4.69805982e-01  2.43782093e-04  6.80049703e-01  2.43782093e-04  1.90895802e-06  2.43782093e-04  1.07918757e-07  2.43782093e-04 -2.19884670e-06  2.43782093e-04  0.00000000e+00  2.43782093e-04  0.00000000e+00 
 2.43882093e-04  4.69805474e-01  2.43882093e-04  6.80099072e-01  2.43882093e-04  1.88134369e-06  2.43882093e-04 -1.07870022e-07  2.43882093e-04  2.19897146e-06  2.43882093e-04  0.00000000e+00  2.43882093e-04  0.00000000e+00 
 2.43982093e-04  4.69804991e-01  2.43982093e-04  6.80051213e-01  2.43982093e-04  1.90895913e-06  2.43982093e-04  1.07905948e-07  2.43982093e-04 -2.19883004e-06  2.43982093e-04  0.00000000e+00  2.43982093e-04  0.00000000e+00 
 2.44082093e-04  4.69804485e-01  2.44082093e-04  6.80097604e-01  2.44082093e-04  1.88134262e-06  2.44082093e-04 -1.07857403e-07  2.44082093e-04  2.19895491e-06  2.44082093e-04  0.00000000e+00  2.44082093e-04  0.00000000e+00 
 2.44182093e-04  4.69804000e-01  2.44182093e-04  6.80052635e-01  2.44182093e-04  1.90896017e-06  2.44182093e-04  1.07893521e-07  2.44182093e-04 -2.19881360e-06  2.44182093e-04  0.00000000e+00  2.44182093e-04  0.00000000e+00 
 2.44282093e-04  4.69803495e-01  2.44282093e-04  6.80096221e-01  2.44282093e-04  1.88134160e-06  2.44282093e-04 -1.07845172e-07  2.44282093e-04  2.19893856e-06  2.44282093e-04  0.00000000e+00  2.44282093e-04  0.00000000e+00 
 2.44382093e-04  4.69803009e-01  2.44382093e-04  6.80053974e-01  2.44382093e-04  1.90896116e-06  2.44382093e-04  1.07881488e-07  2.44382093e-04 -2.19879734e-06  2.44382093e-04  0.00000000e+00  2.44382093e-04  0.00000000e+00 
 2.44482093e-04  4.69802505e-01  2.44482093e-04  6.80094917e-01  2.44482093e-04  1.88134064e-06  2.44482093e-04 -1.07833337e-07  2.44482093e-04  2.19892240e-06  2.44482093e-04  0.00000000e+00  2.44482093e-04  0.00000000e+00 
 2.44582093e-04  4.69802019e-01  2.44582093e-04  6.80055238e-01  2.44582093e-04  1.90896209e-06  2.44582093e-04  1.07869854e-07  2.44582093e-04 -2.19878127e-06  2.44582093e-04  0.00000000e+00  2.44582093e-04  0.00000000e+00 
 2.44682093e-04  4.69801516e-01  2.44682093e-04  6.80093687e-01  2.44682093e-04  1.88133973e-06  2.44682093e-04 -1.07821904e-07  2.44682093e-04  2.19890641e-06  2.44682093e-04  0.00000000e+00  2.44682093e-04  0.00000000e+00 
 2.44782093e-04  4.69801028e-01  2.44782093e-04  6.80056430e-01  2.44782093e-04  1.90896298e-06  2.44782093e-04  1.07858621e-07  2.44782093e-04 -2.19876536e-06  2.44782093e-04  0.00000000e+00  2.44782093e-04  0.00000000e+00 
 2.44882093e-04  4.69800526e-01  2.44882093e-04  6.80092525e-01  2.44882093e-04  1.88133887e-06  2.44882093e-04 -1.07810873e-07  2.44882093e-04  2.19889058e-06  2.44882093e-04  0.00000000e+00  2.44882093e-04  0.00000000e+00 
 2.44941046e-04  4.69800240e-01  2.44941046e-04  6.80057936e-01  2.44941046e-04  1.90896410e-06  2.44941046e-04  1.07844115e-07  2.44941046e-04 -2.19874417e-06  2.44941046e-04  0.00000000e+00  2.44941046e-04  0.00000000e+00 
 2.45000000e-04  4.69799943e-01  2.45000000e-04  6.80090697e-01  2.45000000e-04  1.88133752e-06  2.45000000e-04 -1.07793077e-07  2.45000000e-04  2.19886408e-06  2.45000000e-04  0.00000000e+00  2.45000000e-04  0.00000000e+00 
